segment_id,audio_id,patient_uid,target_label,source_dataset,device,score,fold
ICBHI_117_1b2_TC_000,ICBHI_117_1b2_TC,ICBHI_117,1,ICBHI,LittC2SE,0.9999787219339408,0
ICBHI_117_1b2_TC_001,ICBHI_117_1b2_TC,ICBHI_117,1,ICBHI,LittC2SE,0.999896897880293,0
ICBHI_117_1b2_TC_002,ICBHI_117_1b2_TC,ICBHI_117,1,ICBHI,LittC2SE,0.9991306326071938,0
ICBHI_117_1b2_TC_003,ICBHI_117_1b2_TC,ICBHI_117,1,ICBHI,LittC2SE,0.999706345366684,0
ICBHI_117_1b2_TC_004,ICBHI_117_1b2_TC,ICBHI_117,1,ICBHI,LittC2SE,0.99709914228914,0
ICBHI_117_1b2_TC_005,ICBHI_117_1b2_TC,ICBHI_117,1,ICBHI,LittC2SE,0.99584991916378,0
ICBHI_117_1b2_TC_006,ICBHI_117_1b2_TC,ICBHI_117,1,ICBHI,LittC2SE,0.9842760094722643,0
ICBHI_117_1b3_TC_000,ICBHI_117_1b3_TC,ICBHI_117,1,ICBHI,LittC2SE,0.8991213772699436,0
ICBHI_117_1b3_TC_001,ICBHI_117_1b3_TC,ICBHI_117,1,ICBHI,LittC2SE,0.999338482577126,0
ICBHI_117_1b3_TC_002,ICBHI_117_1b3_TC,ICBHI_117,1,ICBHI,LittC2SE,0.9996416327220904,0
ICBHI_117_1b3_TC_003,ICBHI_117_1b3_TC,ICBHI_117,1,ICBHI,LittC2SE,0.9998378071836282,0
ICBHI_117_1b3_TC_004,ICBHI_117_1b3_TC,ICBHI_117,1,ICBHI,LittC2SE,0.9993761061639088,0
ICBHI_117_1b3_TC_005,ICBHI_117_1b3_TC,ICBHI_117,1,ICBHI,LittC2SE,0.9969603503859163,0
ICBHI_117_1b3_TC_006,ICBHI_117_1b3_TC,ICBHI_117,1,ICBHI,LittC2SE,0.9998440197236628,0
ICBHI_123_1b1_AL_000,ICBHI_123_1b1_AL,ICBHI_123,0,ICBHI,Meditron,3.63815225159663e-10,0
ICBHI_123_1b1_AL_001,ICBHI_123_1b1_AL,ICBHI_123,0,ICBHI,Meditron,2.676971244809637e-11,0
ICBHI_123_1b1_AL_002,ICBHI_123_1b1_AL,ICBHI_123,0,ICBHI,Meditron,3.834584262810896e-11,0
ICBHI_123_1b1_AL_003,ICBHI_123_1b1_AL,ICBHI_123,0,ICBHI,Meditron,2.3355930333443423e-09,0
ICBHI_123_1b1_AL_004,ICBHI_123_1b1_AL,ICBHI_123,0,ICBHI,Meditron,6.796963234421311e-10,0
ICBHI_123_1b1_AL_005,ICBHI_123_1b1_AL,ICBHI_123,0,ICBHI,Meditron,1.4699463886117776e-10,0
ICBHI_123_1b1_AL_006,ICBHI_123_1b1_AL,ICBHI_123,0,ICBHI,Meditron,2.461696951209389e-10,0
ICBHI_145_2b2_AL_000,ICBHI_145_2b2_AL,ICBHI_145,1,ICBHI,AKGC417L,0.999911119153162,0
ICBHI_145_2b2_AL_001,ICBHI_145_2b2_AL,ICBHI_145,1,ICBHI,AKGC417L,0.9999221724697844,0
ICBHI_145_2b2_AL_002,ICBHI_145_2b2_AL,ICBHI_145,1,ICBHI,AKGC417L,0.9998927911990784,0
ICBHI_145_2b2_AL_003,ICBHI_145_2b2_AL,ICBHI_145,1,ICBHI,AKGC417L,0.9999023843393976,0
ICBHI_145_2b2_AL_004,ICBHI_145_2b2_AL,ICBHI_145,1,ICBHI,AKGC417L,0.999935477852708,0
ICBHI_145_2b2_AL_005,ICBHI_145_2b2_AL,ICBHI_145,1,ICBHI,AKGC417L,0.9999535256018997,0
ICBHI_145_2b2_AL_006,ICBHI_145_2b2_AL,ICBHI_145,1,ICBHI,AKGC417L,0.9999559988154209,0
ICBHI_145_2b2_AR_000,ICBHI_145_2b2_AR,ICBHI_145,1,ICBHI,AKGC417L,0.9994252138224352,0
ICBHI_145_2b2_AR_001,ICBHI_145_2b2_AR,ICBHI_145,1,ICBHI,AKGC417L,0.9990563807544248,0
ICBHI_145_2b2_AR_002,ICBHI_145_2b2_AR,ICBHI_145,1,ICBHI,AKGC417L,0.999694651067888,0
ICBHI_145_2b2_AR_003,ICBHI_145_2b2_AR,ICBHI_145,1,ICBHI,AKGC417L,0.999852319616634,0
ICBHI_145_2b2_AR_004,ICBHI_145_2b2_AR,ICBHI_145,1,ICBHI,AKGC417L,0.9999233789813504,0
ICBHI_145_2b2_AR_005,ICBHI_145_2b2_AR,ICBHI_145,1,ICBHI,AKGC417L,0.9999512953575952,0
ICBHI_145_2b2_AR_006,ICBHI_145_2b2_AR,ICBHI_145,1,ICBHI,AKGC417L,0.9998232548618964,0
ICBHI_145_2b2_LR_000,ICBHI_145_2b2_LR,ICBHI_145,1,ICBHI,AKGC417L,0.999836535297546,0
ICBHI_145_2b2_LR_001,ICBHI_145_2b2_LR,ICBHI_145,1,ICBHI,AKGC417L,0.999895274428192,0
ICBHI_145_2b2_LR_002,ICBHI_145_2b2_LR,ICBHI_145,1,ICBHI,AKGC417L,0.9999417087343389,0
ICBHI_145_2b2_LR_003,ICBHI_145_2b2_LR,ICBHI_145,1,ICBHI,AKGC417L,0.9999465086710424,0
ICBHI_145_2b2_LR_004,ICBHI_145_2b2_LR,ICBHI_145,1,ICBHI,AKGC417L,0.999932907755004,0
ICBHI_145_2b2_LR_005,ICBHI_145_2b2_LR,ICBHI_145,1,ICBHI,AKGC417L,0.9999448107677008,0
ICBHI_145_2b2_LR_006,ICBHI_145_2b2_LR,ICBHI_145,1,ICBHI,AKGC417L,0.9999614710645828,0
ICBHI_145_2b2_PR_000,ICBHI_145_2b2_PR,ICBHI_145,1,ICBHI,AKGC417L,0.9999245667905328,0
ICBHI_145_2b2_PR_001,ICBHI_145_2b2_PR,ICBHI_145,1,ICBHI,AKGC417L,0.9998858776145566,0
ICBHI_145_2b2_PR_002,ICBHI_145_2b2_PR,ICBHI_145,1,ICBHI,AKGC417L,0.9999473379335576,0
ICBHI_145_2b2_PR_003,ICBHI_145_2b2_PR,ICBHI_145,1,ICBHI,AKGC417L,0.9999546021312976,0
ICBHI_145_2b2_PR_004,ICBHI_145_2b2_PR,ICBHI_145,1,ICBHI,AKGC417L,0.9999580136917632,0
ICBHI_145_2b2_PR_005,ICBHI_145_2b2_PR,ICBHI_145,1,ICBHI,AKGC417L,0.9999489580923075,0
ICBHI_145_2b2_PR_006,ICBHI_145_2b2_PR,ICBHI_145,1,ICBHI,AKGC417L,0.9999263140701884,0
ICBHI_145_3b2_AR_000,ICBHI_145_3b2_AR,ICBHI_145,1,ICBHI,AKGC417L,0.999694651067888,0
ICBHI_145_3b2_AR_001,ICBHI_145_3b2_AR,ICBHI_145,1,ICBHI,AKGC417L,0.9998746624857436,0
ICBHI_145_3b2_AR_002,ICBHI_145_3b2_AR,ICBHI_145,1,ICBHI,AKGC417L,0.9998612658774207,0
ICBHI_145_3b2_AR_003,ICBHI_145_3b2_AR,ICBHI_145,1,ICBHI,AKGC417L,0.9998686482029348,0
ICBHI_145_3b2_AR_004,ICBHI_145_3b2_AR,ICBHI_145,1,ICBHI,AKGC417L,0.9999323815795864,0
ICBHI_145_3b2_AR_005,ICBHI_145_3b2_AR,ICBHI_145,1,ICBHI,AKGC417L,0.999532651911922,0
ICBHI_145_3b2_AR_006,ICBHI_145_3b2_AR,ICBHI_145,1,ICBHI,AKGC417L,0.9998204720306532,0
ICBHI_145_3b2_LR_000,ICBHI_145_3b2_LR,ICBHI_145,1,ICBHI,AKGC417L,0.9999318512778838,0
ICBHI_145_3b2_LR_001,ICBHI_145_3b2_LR,ICBHI_145,1,ICBHI,AKGC417L,0.9999349718321424,0
ICBHI_145_3b2_LR_002,ICBHI_145_3b2_LR,ICBHI_145,1,ICBHI,AKGC417L,0.9999675551860864,0
ICBHI_145_3b2_LR_003,ICBHI_145_3b2_LR,ICBHI_145,1,ICBHI,AKGC417L,0.9999031439169184,0
ICBHI_145_3b2_LR_004,ICBHI_145_3b2_LR,ICBHI_145,1,ICBHI,AKGC417L,0.9999412515771348,0
ICBHI_145_3b2_LR_005,ICBHI_145_3b2_LR,ICBHI_145,1,ICBHI,AKGC417L,0.9999667858050522,0
ICBHI_145_3b2_LR_006,ICBHI_145_3b2_LR,ICBHI_145,1,ICBHI,AKGC417L,0.9999706884614404,0
ICBHI_145_3b4_PL_000,ICBHI_145_3b4_PL,ICBHI_145,1,ICBHI,AKGC417L,0.9999038975845004,0
ICBHI_145_3b4_PL_001,ICBHI_145_3b4_PL,ICBHI_145,1,ICBHI,AKGC417L,0.9998088956841223,0
ICBHI_145_3b4_PL_002,ICBHI_145_3b4_PL,ICBHI_145,1,ICBHI,AKGC417L,0.9998676181344024,0
ICBHI_145_3b4_PL_003,ICBHI_145_3b4_PL,ICBHI_145,1,ICBHI,AKGC417L,0.999877565570653,0
ICBHI_145_3b4_PL_004,ICBHI_145_3b4_PL,ICBHI_145,1,ICBHI,AKGC417L,0.9998464376023504,0
ICBHI_145_3b4_PL_005,ICBHI_145_3b4_PL,ICBHI_145,1,ICBHI,AKGC417L,0.9999221724697844,0
ICBHI_145_3b4_PL_006,ICBHI_145_3b4_PL,ICBHI_145,1,ICBHI,AKGC417L,0.9999384323550382,0
ICBHI_157_1b1_AL_000,ICBHI_157_1b1_AL,ICBHI_157,1,ICBHI,Meditron,0.999304046316105,0
ICBHI_157_1b1_AL_001,ICBHI_157_1b1_AL,ICBHI_157,1,ICBHI,Meditron,0.9995487893762218,0
ICBHI_157_1b1_AL_002,ICBHI_157_1b1_AL,ICBHI_157,1,ICBHI,Meditron,0.9999531611157506,0
ICBHI_157_1b1_AL_003,ICBHI_157_1b1_AL,ICBHI_157,1,ICBHI,Meditron,0.9999690408962896,0
ICBHI_157_1b1_AL_004,ICBHI_157_1b1_AL,ICBHI_157,1,ICBHI,Meditron,0.9999907765298898,0
ICBHI_157_1b1_AL_005,ICBHI_157_1b1_AL,ICBHI_157,1,ICBHI,Meditron,0.9999933044618126,0
ICBHI_157_1b1_AL_006,ICBHI_157_1b1_AL,ICBHI_157,1,ICBHI,Meditron,0.9999934595627732,0
ICBHI_157_1b1_AL_007,ICBHI_157_1b1_AL,ICBHI_157,1,ICBHI,Meditron,0.999986890856698,0
ICBHI_157_1b1_AL_008,ICBHI_157_1b1_AL,ICBHI_157,1,ICBHI,Meditron,0.999983812418564,0
ICBHI_157_1b1_AL_009,ICBHI_157_1b1_AL,ICBHI_157,1,ICBHI,Meditron,0.9999931456827884,0
ICBHI_157_1b1_AL_010,ICBHI_157_1b1_AL,ICBHI_157,1,ICBHI,Meditron,0.9999893006032806,0
ICBHI_157_1b1_AL_011,ICBHI_157_1b1_AL,ICBHI_157,1,ICBHI,Meditron,0.9999680581802354,0
ICBHI_157_1b1_AL_012,ICBHI_157_1b1_AL,ICBHI_157,1,ICBHI,Meditron,0.9999735191567124,0
ICBHI_157_1b1_AL_013,ICBHI_157_1b1_AL,ICBHI_157,1,ICBHI,Meditron,0.9997868124387096,0
ICBHI_157_1b1_AL_014,ICBHI_157_1b1_AL,ICBHI_157,1,ICBHI,Meditron,0.99969225692354,0
ICBHI_157_1b1_AL_015,ICBHI_157_1b1_AL,ICBHI_157,1,ICBHI,Meditron,0.9999939981541948,0
ICBHI_157_1b1_AL_016,ICBHI_157_1b1_AL,ICBHI_157,1,ICBHI,Meditron,0.99999571066689,0
ICBHI_157_1b1_AL_017,ICBHI_157_1b1_AL,ICBHI_157,1,ICBHI,Meditron,0.9999538872518572,0
ICBHI_157_1b1_AL_018,ICBHI_157_1b1_AL,ICBHI_157,1,ICBHI,Meditron,0.9999858256515544,0
ICBHI_157_1b1_AL_019,ICBHI_157_1b1_AL,ICBHI_157,1,ICBHI,Meditron,0.9999743338656978,0
ICBHI_157_1b1_AL_020,ICBHI_157_1b1_AL,ICBHI_157,1,ICBHI,Meditron,0.9999614710645828,0
ICBHI_157_1b1_AL_021,ICBHI_157_1b1_AL,ICBHI_157,1,ICBHI,Meditron,0.9999952149055052,0
ICBHI_157_1b1_AL_022,ICBHI_157_1b1_AL,ICBHI_157,1,ICBHI,Meditron,0.9999921107374138,0
ICBHI_157_1b1_AL_023,ICBHI_157_1b1_AL,ICBHI_157,1,ICBHI,Meditron,0.9999608643458808,0
ICBHI_157_1b1_AL_024,ICBHI_157_1b1_AL,ICBHI_157,1,ICBHI,Meditron,0.9999349718321424,0
ICBHI_157_1b1_AR_000,ICBHI_157_1b1_AR,ICBHI_157,1,ICBHI,Meditron,0.9996898440132872,0
ICBHI_157_1b1_AR_001,ICBHI_157_1b1_AR,ICBHI_157,1,ICBHI,Meditron,0.9997428580202044,0
ICBHI_157_1b1_AR_002,ICBHI_157_1b1_AR,ICBHI_157,1,ICBHI,Meditron,0.9985674634052898,0
ICBHI_157_1b1_AR_003,ICBHI_157_1b1_AR,ICBHI_157,1,ICBHI,Meditron,0.9990995533161092,0
ICBHI_157_1b1_AR_004,ICBHI_157_1b1_AR,ICBHI_157,1,ICBHI,Meditron,0.9996458063485448,0
ICBHI_157_1b1_AR_005,ICBHI_157_1b1_AR,ICBHI_157,1,ICBHI,Meditron,0.9998176453920532,0
ICBHI_157_1b1_AR_006,ICBHI_157_1b1_AR,ICBHI_157,1,ICBHI,Meditron,0.9998534687060928,0
ICBHI_157_1b1_AR_007,ICBHI_157_1b1_AR,ICBHI_157,1,ICBHI,Meditron,0.9999131778970014,0
ICBHI_157_1b1_AR_008,ICBHI_157_1b1_AR,ICBHI_157,1,ICBHI,Meditron,0.9998162154299904,0
ICBHI_157_1b1_AR_009,ICBHI_157_1b1_AR,ICBHI_157,1,ICBHI,Meditron,0.9994363249268948,0
ICBHI_157_1b1_AR_010,ICBHI_157_1b1_AR,ICBHI_157,1,ICBHI,Meditron,0.999402330628897,0
ICBHI_157_1b1_AR_011,ICBHI_157_1b1_AR,ICBHI_157,1,ICBHI,Meditron,0.9998601779243528,0
ICBHI_157_1b1_AR_012,ICBHI_157_1b1_AR,ICBHI_157,1,ICBHI,Meditron,0.9999177981052164,0
ICBHI_157_1b1_AR_013,ICBHI_157_1b1_AR,ICBHI_157,1,ICBHI,Meditron,0.9999741325689184,0
ICBHI_157_1b1_AR_014,ICBHI_157_1b1_AR,ICBHI_157,1,ICBHI,Meditron,0.9998655337036844,0
ICBHI_157_1b1_AR_015,ICBHI_157_1b1_AR,ICBHI_157,1,ICBHI,Meditron,0.9996580379426712,0
ICBHI_157_1b1_AR_016,ICBHI_157_1b1_AR,ICBHI_157,1,ICBHI,Meditron,0.999063717182244,0
ICBHI_157_1b1_AR_017,ICBHI_157_1b1_AR,ICBHI_157,1,ICBHI,Meditron,0.9997901169117968,0
ICBHI_157_1b1_AR_018,ICBHI_157_1b1_AR,ICBHI_157,1,ICBHI,Meditron,0.9999968372405345,0
ICBHI_157_1b1_AR_019,ICBHI_157_1b1_AR,ICBHI_157,1,ICBHI,Meditron,0.999995024289959,0
ICBHI_157_1b1_AR_020,ICBHI_157_1b1_AR,ICBHI_157,1,ICBHI,Meditron,0.9999982669483312,0
ICBHI_157_1b1_AR_021,ICBHI_157_1b1_AR,ICBHI_157,1,ICBHI,Meditron,0.9999878760124306,0
ICBHI_157_1b1_AR_022,ICBHI_157_1b1_AR,ICBHI_157,1,ICBHI,Meditron,0.9999443779372634,0
ICBHI_157_1b1_AR_023,ICBHI_157_1b1_AR,ICBHI_157,1,ICBHI,Meditron,0.9998088956841223,0
ICBHI_157_1b1_AR_024,ICBHI_157_1b1_AR,ICBHI_157,1,ICBHI,Meditron,0.999627362312338,0
ICBHI_157_1b1_LR_000,ICBHI_157_1b1_LR,ICBHI_157,1,ICBHI,Meditron,0.9999000696820444,0
ICBHI_157_1b1_LR_001,ICBHI_157_1b1_LR,ICBHI_157,1,ICBHI,Meditron,0.9995826842393224,0
ICBHI_157_1b1_LR_002,ICBHI_157_1b1_LR,ICBHI_157,1,ICBHI,Meditron,0.9997428580202044,0
ICBHI_157_1b1_LR_003,ICBHI_157_1b1_LR,ICBHI_157,1,ICBHI,Meditron,0.9999031439169184,0
ICBHI_157_1b1_LR_004,ICBHI_157_1b1_LR,ICBHI_157,1,ICBHI,Meditron,0.9998840806568136,0
ICBHI_157_1b1_LR_005,ICBHI_157_1b1_LR,ICBHI_157,1,ICBHI,Meditron,0.9999481543408928,0
ICBHI_157_1b1_LR_006,ICBHI_157_1b1_LR,ICBHI_157,1,ICBHI,Meditron,0.9999549554044008,0
ICBHI_157_1b1_LR_007,ICBHI_157_1b1_LR,ICBHI_157,1,ICBHI,Meditron,0.9999638053302816,0
ICBHI_157_1b1_LR_008,ICBHI_157_1b1_LR,ICBHI_157,1,ICBHI,Meditron,0.9999512953575952,0
ICBHI_157_1b1_LR_009,ICBHI_157_1b1_LR,ICBHI_157,1,ICBHI,Meditron,0.9998804014219498,0
ICBHI_157_1b1_LR_010,ICBHI_157_1b1_LR,ICBHI_157,1,ICBHI,Meditron,0.999959622097026,0
ICBHI_157_1b1_LR_011,ICBHI_157_1b1_LR,ICBHI_157,1,ICBHI,Meditron,0.9999685533766776,0
ICBHI_157_1b1_LR_012,ICBHI_157_1b1_LR,ICBHI_157,1,ICBHI,Meditron,0.9999359799358962,0
ICBHI_157_1b1_LR_013,ICBHI_157_1b1_LR,ICBHI_157,1,ICBHI,Meditron,0.999983428547494,0
ICBHI_157_1b1_LR_014,ICBHI_157_1b1_LR,ICBHI_157,1,ICBHI,Meditron,0.9999877809239794,0
ICBHI_157_1b1_LR_015,ICBHI_157_1b1_LR,ICBHI_157,1,ICBHI,Meditron,0.9999831675894818,0
ICBHI_157_1b1_LR_016,ICBHI_157_1b1_LR,ICBHI_157,1,ICBHI,Meditron,0.9999481543408928,0
ICBHI_157_1b1_LR_017,ICBHI_157_1b1_LR,ICBHI_157,1,ICBHI,Meditron,0.999988063975192,0
ICBHI_157_1b1_LR_018,ICBHI_157_1b1_LR,ICBHI_157,1,ICBHI,Meditron,0.999995177375725,0
ICBHI_157_1b1_LR_019,ICBHI_157_1b1_LR,ICBHI_157,1,ICBHI,Meditron,0.9999968618532464,0
ICBHI_157_1b1_LR_020,ICBHI_157_1b1_LR,ICBHI_157,1,ICBHI,Meditron,0.9999909901894198,0
ICBHI_157_1b1_LR_021,ICBHI_157_1b1_LR,ICBHI_157,1,ICBHI,Meditron,0.9999938076363376,0
ICBHI_157_1b1_LR_022,ICBHI_157_1b1_LR,ICBHI_157,1,ICBHI,Meditron,0.999994492393976,0
ICBHI_157_1b1_LR_023,ICBHI_157_1b1_LR,ICBHI_157,1,ICBHI,Meditron,0.9999907041899896,0
ICBHI_157_1b1_LR_024,ICBHI_157_1b1_LR,ICBHI_157,1,ICBHI,Meditron,0.9999938558253978,0
ICBHI_157_1b1_PL_000,ICBHI_157_1b1_PL,ICBHI_157,1,ICBHI,Meditron,0.99999590708895,0
ICBHI_157_1b1_PL_001,ICBHI_157_1b1_PL,ICBHI_157,1,ICBHI,Meditron,0.9999974980496794,0
ICBHI_157_1b1_PL_002,ICBHI_157_1b1_PL,ICBHI_157,1,ICBHI,Meditron,0.9999984824889274,0
ICBHI_157_1b1_PL_003,ICBHI_157_1b1_PL,ICBHI_157,1,ICBHI,Meditron,0.9999980666415416,0
ICBHI_157_1b1_PL_004,ICBHI_157_1b1_PL,ICBHI_157,1,ICBHI,Meditron,0.999998307094362,0
ICBHI_157_1b1_PL_005,ICBHI_157_1b1_PL,ICBHI_157,1,ICBHI,Meditron,0.9999960945162608,0
ICBHI_157_1b1_PL_006,ICBHI_157_1b1_PL,ICBHI_157,1,ICBHI,Meditron,0.9999979095414004,0
ICBHI_157_1b1_PL_007,ICBHI_157_1b1_PL,ICBHI_157,1,ICBHI,Meditron,0.9999935609622008,0
ICBHI_157_1b1_PL_008,ICBHI_157_1b1_PL,ICBHI_157,1,ICBHI,Meditron,0.9999886991916666,0
ICBHI_157_1b1_PL_009,ICBHI_157_1b1_PL,ICBHI_157,1,ICBHI,Meditron,0.9999718113371956,0
ICBHI_157_1b1_PL_010,ICBHI_157_1b1_PL,ICBHI_157,1,ICBHI,Meditron,0.9999939981541948,0
ICBHI_157_1b1_PL_011,ICBHI_157_1b1_PL,ICBHI_157,1,ICBHI,Meditron,0.999975509174774,0
ICBHI_157_1b1_PL_012,ICBHI_157_1b1_PL,ICBHI_157,1,ICBHI,Meditron,0.9999675551860864,0
ICBHI_157_1b1_PL_013,ICBHI_157_1b1_PL,ICBHI_157,1,ICBHI,Meditron,0.9999824970742112,0
ICBHI_157_1b1_PL_014,ICBHI_157_1b1_PL,ICBHI_157,1,ICBHI,Meditron,0.9999858256515544,0
ICBHI_157_1b1_PL_015,ICBHI_157_1b1_PL,ICBHI_157,1,ICBHI,Meditron,0.999958664602231,0
ICBHI_157_1b1_PL_016,ICBHI_157_1b1_PL,ICBHI_157,1,ICBHI,Meditron,0.9999138534937618,0
ICBHI_157_1b1_PL_017,ICBHI_157_1b1_PL,ICBHI_157,1,ICBHI,Meditron,0.9999831675894818,0
ICBHI_157_1b1_PL_018,ICBHI_157_1b1_PL,ICBHI_157,1,ICBHI,Meditron,0.999994492393976,0
ICBHI_157_1b1_PL_019,ICBHI_157_1b1_PL,ICBHI_157,1,ICBHI,Meditron,0.999988521231873,0
ICBHI_157_1b1_PL_020,ICBHI_157_1b1_PL,ICBHI_157,1,ICBHI,Meditron,0.99998739305376,0
ICBHI_157_1b1_PL_021,ICBHI_157_1b1_PL,ICBHI_157,1,ICBHI,Meditron,0.9999824970742112,0
ICBHI_157_1b1_PL_022,ICBHI_157_1b1_PL,ICBHI_157,1,ICBHI,Meditron,0.9999849114984144,0
ICBHI_157_1b1_PL_023,ICBHI_157_1b1_PL,ICBHI_157,1,ICBHI,Meditron,0.9999670442714496,0
ICBHI_157_1b1_PR_000,ICBHI_157_1b1_PR,ICBHI_157,1,ICBHI,Meditron,0.999571120781748,0
ICBHI_157_1b1_PR_001,ICBHI_157_1b1_PR,ICBHI_157,1,ICBHI,Meditron,0.9999038975845004,0
ICBHI_157_1b1_PR_002,ICBHI_157_1b1_PR,ICBHI_157,1,ICBHI,Meditron,0.9995289881819112,0
ICBHI_157_1b1_PR_003,ICBHI_157_1b1_PR,ICBHI_157,1,ICBHI,Meditron,0.9994274534183676,0
ICBHI_157_1b1_PR_004,ICBHI_157_1b1_PR,ICBHI_157,1,ICBHI,Meditron,0.9999263140701884,0
ICBHI_157_1b1_PR_005,ICBHI_157_1b1_PR,ICBHI_157,1,ICBHI,Meditron,0.9999745335960528,0
ICBHI_157_1b1_PR_006,ICBHI_157_1b1_PR,ICBHI_157,1,ICBHI,Meditron,0.9999481543408928,0
ICBHI_157_1b1_PR_007,ICBHI_157_1b1_PR,ICBHI_157,1,ICBHI,Meditron,0.9998885209620572,0
ICBHI_157_1b1_PR_008,ICBHI_157_1b1_PR,ICBHI_157,1,ICBHI,Meditron,0.9996033387792852,0
ICBHI_157_1b1_PR_009,ICBHI_157_1b1_PR,ICBHI_157,1,ICBHI,Meditron,0.9997712866852788,0
ICBHI_157_1b1_PR_010,ICBHI_157_1b1_PR,ICBHI_157,1,ICBHI,Meditron,0.9997428580202044,0
ICBHI_157_1b1_PR_011,ICBHI_157_1b1_PR,ICBHI_157,1,ICBHI,Meditron,0.999167166595505,0
ICBHI_157_1b1_PR_012,ICBHI_157_1b1_PR,ICBHI_157,1,ICBHI,Meditron,0.9999883404696852,0
ICBHI_157_1b1_PR_013,ICBHI_157_1b1_PR,ICBHI_157,1,ICBHI,Meditron,0.99999571066689,0
ICBHI_157_1b1_PR_014,ICBHI_157_1b1_PR,ICBHI_157,1,ICBHI,Meditron,0.9999909901894198,0
ICBHI_157_1b1_PR_015,ICBHI_157_1b1_PR,ICBHI_157,1,ICBHI,Meditron,0.9999916672817356,0
ICBHI_157_1b1_PR_016,ICBHI_157_1b1_PR,ICBHI_157,1,ICBHI,Meditron,0.9999819414817388,0
ICBHI_157_1b1_PR_017,ICBHI_157_1b1_PR,ICBHI_157,1,ICBHI,Meditron,0.9999835575054402,0
ICBHI_157_1b1_PR_018,ICBHI_157_1b1_PR,ICBHI_157,1,ICBHI,Meditron,0.9999974387177892,0
ICBHI_157_1b1_PR_019,ICBHI_157_1b1_PR,ICBHI_157,1,ICBHI,Meditron,0.9999965802425134,0
ICBHI_157_1b1_PR_020,ICBHI_157_1b1_PR,ICBHI_157,1,ICBHI,Meditron,0.9999706884614404,0
ICBHI_157_1b1_PR_021,ICBHI_157_1b1_PR,ICBHI_157,1,ICBHI,Meditron,0.9999829025221182,0
ICBHI_157_1b1_PR_022,ICBHI_157_1b1_PR,ICBHI_157,1,ICBHI,Meditron,0.99999571066689,0
ICBHI_157_1b1_PR_023,ICBHI_157_1b1_PR,ICBHI_157,1,ICBHI,Meditron,0.9999968372405345,0
ICBHI_163_2b2_AL_000,ICBHI_163_2b2_AL,ICBHI_163,1,ICBHI,AKGC417L,0.999852319616634,0
ICBHI_163_2b2_AL_001,ICBHI_163_2b2_AL,ICBHI_163,1,ICBHI,AKGC417L,0.9998204720306532,0
ICBHI_163_2b2_AL_002,ICBHI_163_2b2_AL,ICBHI_163,1,ICBHI,AKGC417L,0.9997884711265388,0
ICBHI_163_2b2_AL_003,ICBHI_163_2b2_AL,ICBHI_163,1,ICBHI,AKGC417L,0.9997965730219448,0
ICBHI_163_2b2_AL_004,ICBHI_163_2b2_AL,ICBHI_163,1,ICBHI,AKGC417L,0.9998028305780378,0
ICBHI_163_2b2_AL_005,ICBHI_163_2b2_AL,ICBHI_163,1,ICBHI,AKGC417L,0.9990377874404024,0
ICBHI_163_2b2_AL_006,ICBHI_163_2b2_AL,ICBHI_163,1,ICBHI,AKGC417L,0.9991990463874916,0
ICBHI_163_2b2_AR_000,ICBHI_163_2b2_AR,ICBHI_163,1,ICBHI,AKGC417L,0.9999344618433266,0
ICBHI_163_2b2_AR_001,ICBHI_163_2b2_AR,ICBHI_163,1,ICBHI,AKGC417L,0.999895274428192,0
ICBHI_163_2b2_AR_002,ICBHI_163_2b2_AR,ICBHI_163,1,ICBHI,AKGC417L,0.9999374628663398,0
ICBHI_163_2b2_AR_003,ICBHI_163_2b2_AR,ICBHI_163,1,ICBHI,AKGC417L,0.9999398584822232,0
ICBHI_163_2b2_AR_004,ICBHI_163_2b2_AR,ICBHI_163,1,ICBHI,AKGC417L,0.9998746624857436,0
ICBHI_163_2b2_AR_005,ICBHI_163_2b2_AR,ICBHI_163,1,ICBHI,AKGC417L,0.9998655337036844,0
ICBHI_163_2b2_AR_006,ICBHI_163_2b2_AR,ICBHI_163,1,ICBHI,AKGC417L,0.999897700145274,0
ICBHI_163_2b2_LL_000,ICBHI_163_2b2_LL,ICBHI_163,1,ICBHI,AKGC417L,0.9999364781123404,0
ICBHI_163_2b2_LL_001,ICBHI_163_2b2_LL,ICBHI_163,1,ICBHI,AKGC417L,0.9999344618433266,0
ICBHI_163_2b2_LL_002,ICBHI_163_2b2_LL,ICBHI_163,1,ICBHI,AKGC417L,0.9998546088558772,0
ICBHI_163_2b2_LL_003,ICBHI_163_2b2_LL,ICBHI_163,1,ICBHI,AKGC417L,0.9997868124387096,0
ICBHI_163_2b2_LL_004,ICBHI_163_2b2_LL,ICBHI_163,1,ICBHI,AKGC417L,0.999911119153162,0
ICBHI_163_2b2_LL_005,ICBHI_163_2b2_LL,ICBHI_163,1,ICBHI,AKGC417L,0.9998390691750132,0
ICBHI_163_2b2_LL_006,ICBHI_163_2b2_LL,ICBHI_163,1,ICBHI,AKGC417L,0.9997712866852788,0
ICBHI_163_2b2_LR_000,ICBHI_163_2b2_LR,ICBHI_163,1,ICBHI,AKGC417L,0.9998902490946596,0
ICBHI_163_2b2_LR_001,ICBHI_163_2b2_LR,ICBHI_163,1,ICBHI,AKGC417L,0.9999559988154209,0
ICBHI_163_2b2_LR_002,ICBHI_163_2b2_LR,ICBHI_163,1,ICBHI,AKGC417L,0.9999379495039772,0
ICBHI_163_2b2_LR_003,ICBHI_163_2b2_LR,ICBHI_163,1,ICBHI,AKGC417L,0.9999075788699624,0
ICBHI_163_2b2_LR_004,ICBHI_163_2b2_LR,ICBHI_163,1,ICBHI,AKGC417L,0.9999334298362396,0
ICBHI_163_2b2_LR_005,ICBHI_163_2b2_LR,ICBHI_163,1,ICBHI,AKGC417L,0.9999138534937618,0
ICBHI_163_2b2_LR_006,ICBHI_163_2b2_LR,ICBHI_163,1,ICBHI,AKGC417L,0.9999374628663398,0
ICBHI_163_2b2_PL_000,ICBHI_163_2b2_PL,ICBHI_163,1,ICBHI,AKGC417L,0.9999670442714496,0
ICBHI_163_2b2_PL_001,ICBHI_163_2b2_PL,ICBHI_163,1,ICBHI,AKGC417L,0.9999620683777022,0
ICBHI_163_2b2_PL_002,ICBHI_163_2b2_PL,ICBHI_163,1,ICBHI,AKGC417L,0.9999384323550382,0
ICBHI_163_2b2_PL_003,ICBHI_163_2b2_PL,ICBHI_163,1,ICBHI,AKGC417L,0.9997917498948076,0
ICBHI_163_2b2_PL_004,ICBHI_163_2b2_PL,ICBHI_163,1,ICBHI,AKGC417L,0.999852319616634,0
ICBHI_163_2b2_PL_005,ICBHI_163_2b2_PL,ICBHI_163,1,ICBHI,AKGC417L,0.9999481543408928,0
ICBHI_163_2b2_PL_006,ICBHI_163_2b2_PL,ICBHI_163,1,ICBHI,AKGC417L,0.9999620683777022,0
ICBHI_163_2b2_PR_000,ICBHI_163_2b2_PR,ICBHI_163,1,ICBHI,AKGC417L,0.9999384323550382,0
ICBHI_163_2b2_PR_001,ICBHI_163_2b2_PR,ICBHI_163,1,ICBHI,AKGC417L,0.9999379495039772,0
ICBHI_163_2b2_PR_002,ICBHI_163_2b2_PR,ICBHI_163,1,ICBHI,AKGC417L,0.9999302352902584,0
ICBHI_163_2b2_PR_003,ICBHI_163_2b2_PR,ICBHI_163,1,ICBHI,AKGC417L,0.9999184377532614,0
ICBHI_163_2b2_PR_004,ICBHI_163_2b2_PR,ICBHI_163,1,ICBHI,AKGC417L,0.9999501404178728,0
ICBHI_163_2b2_PR_005,ICBHI_163_2b2_PR,ICBHI_163,1,ICBHI,AKGC417L,0.9999559988154209,0
ICBHI_163_2b2_PR_006,ICBHI_163_2b2_PR,ICBHI_163,1,ICBHI,AKGC417L,0.9998696702575076,0
ICBHI_163_2b2_TC_000,ICBHI_163_2b2_TC,ICBHI_163,1,ICBHI,AKGC417L,0.999988521231873,0
ICBHI_163_2b2_TC_001,ICBHI_163_2b2_TC,ICBHI_163,1,ICBHI,AKGC417L,0.9999817998496026,0
ICBHI_163_2b2_TC_002,ICBHI_163_2b2_TC,ICBHI_163,1,ICBHI,AKGC417L,0.9999851454204745,0
ICBHI_163_2b2_TC_003,ICBHI_163_2b2_TC,ICBHI_163,1,ICBHI,AKGC417L,0.9999775259101455,0
ICBHI_163_2b2_TC_004,ICBHI_163_2b2_TC,ICBHI_163,1,ICBHI,AKGC417L,0.9999820820117248,0
ICBHI_163_2b2_TC_005,ICBHI_163_2b2_TC,ICBHI_163,1,ICBHI,AKGC417L,0.9998546088558772,0
ICBHI_163_2b2_TC_006,ICBHI_163_2b2_TC,ICBHI_163,1,ICBHI,AKGC417L,0.9998218688795282,0
ICBHI_163_8b3_AL_000,ICBHI_163_8b3_AL,ICBHI_163,1,ICBHI,AKGC417L,0.9965301092676848,0
ICBHI_163_8b3_AL_001,ICBHI_163_8b3_AL,ICBHI_163,1,ICBHI,AKGC417L,0.999140752341272,0
ICBHI_163_8b3_AL_002,ICBHI_163_8b3_AL,ICBHI_163,1,ICBHI,AKGC417L,0.9996033387792852,0
ICBHI_163_8b3_AL_003,ICBHI_163_8b3_AL,ICBHI_163,1,ICBHI,AKGC417L,0.9996458063485448,0
ICBHI_163_8b3_AL_004,ICBHI_163_8b3_AL,ICBHI_163,1,ICBHI,AKGC417L,0.990659975614946,0
ICBHI_163_8b3_AL_005,ICBHI_163_8b3_AL,ICBHI_163,1,ICBHI,AKGC417L,0.994698105130598,0
ICBHI_163_8b3_AL_006,ICBHI_163_8b3_AL,ICBHI_163,1,ICBHI,AKGC417L,0.9996849613059188,0
ICBHI_163_8b3_AR_000,ICBHI_163_8b3_AR,ICBHI_163,1,ICBHI,AKGC417L,0.9998686482029348,0
ICBHI_163_8b3_AR_001,ICBHI_163_8b3_AR,ICBHI_163,1,ICBHI,AKGC417L,0.9997933701751162,0
ICBHI_163_8b3_AR_002,ICBHI_163_8b3_AR,ICBHI_163,1,ICBHI,AKGC417L,0.9997367616790968,0
ICBHI_163_8b3_AR_003,ICBHI_163_8b3_AR,ICBHI_163,1,ICBHI,AKGC417L,0.9997262783268164,0
ICBHI_163_8b3_AR_004,ICBHI_163_8b3_AR,ICBHI_163,1,ICBHI,AKGC417L,0.9996110079173974,0
ICBHI_163_8b3_AR_005,ICBHI_163_8b3_AR,ICBHI_163,1,ICBHI,AKGC417L,0.9996064244064888,0
ICBHI_163_8b3_AR_006,ICBHI_163_8b3_AR,ICBHI_163,1,ICBHI,AKGC417L,0.9996970265921912,0
ICBHI_163_8b3_LL_000,ICBHI_163_8b3_LL,ICBHI_163,1,ICBHI,AKGC417L,0.9999583404181944,0
ICBHI_163_8b3_LL_001,ICBHI_163_8b3_LL,ICBHI_163,1,ICBHI,AKGC417L,0.9999323815795864,0
ICBHI_163_8b3_LL_002,ICBHI_163_8b3_LL,ICBHI_163,1,ICBHI,AKGC417L,0.9998885209620572,0
ICBHI_163_8b3_LL_003,ICBHI_163_8b3_LL,ICBHI_163,1,ICBHI,AKGC417L,0.9999665253116128,0
ICBHI_163_8b3_LL_004,ICBHI_163_8b3_LL,ICBHI_163,1,ICBHI,AKGC417L,0.9999847931596292,0
ICBHI_163_8b3_LL_005,ICBHI_163_8b3_LL,ICBHI_163,1,ICBHI,AKGC417L,0.9999793765777086,0
ICBHI_163_8b3_LL_006,ICBHI_163_8b3_LL,ICBHI_163,1,ICBHI,AKGC417L,0.9999685533766776,0
ICBHI_163_8b3_LR_000,ICBHI_163_8b3_LR,ICBHI_163,1,ICBHI,AKGC417L,0.9998147742567348,0
ICBHI_163_8b3_LR_001,ICBHI_163_8b3_LR,ICBHI_163,1,ICBHI,AKGC417L,0.999832659492526,0
ICBHI_163_8b3_LR_002,ICBHI_163_8b3_LR,ICBHI_163,1,ICBHI,AKGC417L,0.9998286918065652,0
ICBHI_163_8b3_LR_003,ICBHI_163_8b3_LR,ICBHI_163,1,ICBHI,AKGC417L,0.9998655337036844,0
ICBHI_163_8b3_LR_004,ICBHI_163_8b3_LR,ICBHI_163,1,ICBHI,AKGC417L,0.9998088956841223,0
ICBHI_163_8b3_LR_005,ICBHI_163_8b3_LR,ICBHI_163,1,ICBHI,AKGC417L,0.9998655337036844,0
ICBHI_163_8b3_LR_006,ICBHI_163_8b3_LR,ICBHI_163,1,ICBHI,AKGC417L,0.9998960893243724,0
ICBHI_163_8b3_PL_000,ICBHI_163_8b3_PL,ICBHI_163,1,ICBHI,AKGC417L,0.9999430589731652,0
ICBHI_163_8b3_PL_001,ICBHI_163_8b3_PL,ICBHI_163,1,ICBHI,AKGC417L,0.9999359799358962,0
ICBHI_163_8b3_PL_002,ICBHI_163_8b3_PL,ICBHI_163,1,ICBHI,AKGC417L,0.9999263140701884,0
ICBHI_163_8b3_PL_003,ICBHI_163_8b3_PL,ICBHI_163,1,ICBHI,AKGC417L,0.9999268874567188,0
ICBHI_163_8b3_PL_004,ICBHI_163_8b3_PL,ICBHI_163,1,ICBHI,AKGC417L,0.999905387373387,0
ICBHI_163_8b3_PL_005,ICBHI_163_8b3_PL,ICBHI_163,1,ICBHI,AKGC417L,0.9999489580923075,0
ICBHI_163_8b3_PL_006,ICBHI_163_8b3_PL,ICBHI_163,1,ICBHI,AKGC417L,0.9999426124047855,0
ICBHI_163_8b3_PR_000,ICBHI_163_8b3_PR,ICBHI_163,1,ICBHI,AKGC417L,0.9999344618433266,0
ICBHI_163_8b3_PR_001,ICBHI_163_8b3_PR,ICBHI_163,1,ICBHI,AKGC417L,0.999959622097026,0
ICBHI_163_8b3_PR_002,ICBHI_163_8b3_PR,ICBHI_163,1,ICBHI,AKGC417L,0.9996388230278576,0
ICBHI_163_8b3_PR_003,ICBHI_163_8b3_PR,ICBHI_163,1,ICBHI,AKGC417L,0.9998028305780378,0
ICBHI_163_8b3_PR_004,ICBHI_163_8b3_PR,ICBHI_163,1,ICBHI,AKGC417L,0.9998390691750132,0
ICBHI_163_8b3_PR_005,ICBHI_163_8b3_PR,ICBHI_163,1,ICBHI,AKGC417L,0.9998440197236628,0
ICBHI_163_8b3_PR_006,ICBHI_163_8b3_PR,ICBHI_163,1,ICBHI,AKGC417L,0.9997949778514938,0
ICBHI_171_1b1_AL_000,ICBHI_171_1b1_AL,ICBHI_171,0,ICBHI,Meditron,0.001016244041068,0
ICBHI_171_1b1_AL_001,ICBHI_171_1b1_AL,ICBHI_171,0,ICBHI,Meditron,0.0930168046688621,0
ICBHI_171_1b1_AL_002,ICBHI_171_1b1_AL,ICBHI_171,0,ICBHI,Meditron,0.2305730783909247,0
ICBHI_171_1b1_AL_003,ICBHI_171_1b1_AL,ICBHI_171,0,ICBHI,Meditron,0.0169799922373183,0
ICBHI_171_1b1_AL_004,ICBHI_171_1b1_AL,ICBHI_171,0,ICBHI,Meditron,0.00056147874614,0
ICBHI_171_1b1_AL_005,ICBHI_171_1b1_AL,ICBHI_171,0,ICBHI,Meditron,0.0068504800266449,0
ICBHI_171_1b1_AL_006,ICBHI_171_1b1_AL,ICBHI_171,0,ICBHI,Meditron,0.2841785299746162,0
ICBHI_175_1b1_AL_000,ICBHI_175_1b1_AL,ICBHI_175,1,ICBHI,Litt3200,0.9999512953575952,0
ICBHI_175_1b1_AL_001,ICBHI_175_1b1_AL,ICBHI_175,1,ICBHI,Litt3200,0.9999374628663398,0
ICBHI_175_1b1_AL_002,ICBHI_175_1b1_AL,ICBHI_175,1,ICBHI,Litt3200,0.9999061235855692,0
ICBHI_175_1b1_AL_003,ICBHI_175_1b1_AL,ICBHI_175,1,ICBHI,Litt3200,0.9998756377487168,0
ICBHI_175_1b1_AL_004,ICBHI_175_1b1_AL,ICBHI_175,1,ICBHI,Litt3200,0.9998831715963532,0
ICBHI_175_1b1_AL_005,ICBHI_175_1b1_AL,ICBHI_175,1,ICBHI,Litt3200,0.9991440993632548,0
ICBHI_175_1b1_AR_000,ICBHI_175_1b1_AR,ICBHI_175,1,ICBHI,Litt3200,0.3845076139176684,0
ICBHI_175_1b1_AR_001,ICBHI_175_1b1_AR,ICBHI_175,1,ICBHI,Litt3200,0.5751108210554504,0
ICBHI_175_1b1_AR_002,ICBHI_175_1b1_AR,ICBHI_175,1,ICBHI,Litt3200,0.8604864257250425,0
ICBHI_175_1b1_AR_003,ICBHI_175_1b1_AR,ICBHI_175,1,ICBHI,Litt3200,0.9287972729281414,0
ICBHI_175_1b1_AR_004,ICBHI_175_1b1_AR,ICBHI_175,1,ICBHI,Litt3200,0.9869795098861572,0
ICBHI_175_1b1_LL_000,ICBHI_175_1b1_LL,ICBHI_175,1,ICBHI,Litt3200,0.9999728911986344,0
ICBHI_175_1b1_LL_001,ICBHI_175_1b1_LL,ICBHI_175,1,ICBHI,Litt3200,0.9999665253116128,0
ICBHI_175_1b1_LL_002,ICBHI_175_1b1_LL,ICBHI_175,1,ICBHI,Litt3200,0.9999412515771348,0
ICBHI_175_1b1_LL_003,ICBHI_175_1b1_LL,ICBHI_175,1,ICBHI,Litt3200,0.9999512953575952,0
ICBHI_175_1b1_LL_004,ICBHI_175_1b1_LL,ICBHI_175,1,ICBHI,Litt3200,0.9998476324523258,0
ICBHI_175_1b1_LL_005,ICBHI_175_1b1_LL,ICBHI_175,1,ICBHI,Litt3200,0.9995677584942982,0
ICBHI_175_1b1_LR_000,ICBHI_175_1b1_LR,ICBHI_175,1,ICBHI,Litt3200,0.9997748317581436,0
ICBHI_175_1b1_LR_001,ICBHI_175_1b1_LR,ICBHI_175,1,ICBHI,Litt3200,0.9998867656214416,0
ICBHI_175_1b1_LR_002,ICBHI_175_1b1_LR,ICBHI_175,1,ICBHI,Litt3200,0.999914523833889,0
ICBHI_175_1b1_LR_003,ICBHI_175_1b1_LR,ICBHI_175,1,ICBHI,Litt3200,0.9998867656214416,0
ICBHI_175_1b1_LR_004,ICBHI_175_1b1_LR,ICBHI_175,1,ICBHI,Litt3200,0.9996567000004942,0
ICBHI_175_1b1_PL_000,ICBHI_175_1b1_PL,ICBHI_175,1,ICBHI,Litt3200,0.9996094860399792,0
ICBHI_175_1b1_PL_001,ICBHI_175_1b1_PL,ICBHI_175,1,ICBHI,Litt3200,0.999978217350137,0
ICBHI_175_1b1_PL_002,ICBHI_175_1b1_PL,ICBHI_175,1,ICBHI,Litt3200,0.9999307781659552,0
ICBHI_175_1b1_PL_003,ICBHI_175_1b1_PL,ICBHI_175,1,ICBHI,Litt3200,0.9994138838254832,0
ICBHI_175_1b1_PL_004,ICBHI_175_1b1_PL,ICBHI_175,1,ICBHI,Litt3200,0.999895274428192,0
ICBHI_175_1b1_PL_005,ICBHI_175_1b1_PL,ICBHI_175,1,ICBHI,Litt3200,0.9999374628663398,0
ICBHI_175_1b1_PL_006,ICBHI_175_1b1_PL,ICBHI_175,1,ICBHI,Litt3200,0.999852319616634,0
ICBHI_175_1b1_PR_000,ICBHI_175_1b1_PR,ICBHI_175,1,ICBHI,Litt3200,0.9991169541522156,0
ICBHI_175_1b1_PR_001,ICBHI_175_1b1_PR,ICBHI_175,1,ICBHI,Litt3200,0.9994138838254832,0
ICBHI_175_1b1_PR_002,ICBHI_175_1b1_PR,ICBHI_175,1,ICBHI,Litt3200,0.9975845167424336,0
ICBHI_175_1b1_PR_003,ICBHI_175_1b1_PR,ICBHI_175,1,ICBHI,Litt3200,0.9982590163352772,0
ICBHI_175_1b1_PR_004,ICBHI_175_1b1_PR,ICBHI_175,1,ICBHI,Litt3200,0.99943852125386,0
ICBHI_177_1b2_AL_000,ICBHI_177_1b2_AL,ICBHI_177,1,ICBHI,AKGC417L,0.9995362871571052,0
ICBHI_177_1b2_AL_001,ICBHI_177_1b2_AL,ICBHI_177,1,ICBHI,AKGC417L,0.9998746624857436,0
ICBHI_177_1b2_AL_002,ICBHI_177_1b2_AL,ICBHI_177,1,ICBHI,AKGC417L,0.9990377874404024,0
ICBHI_177_1b2_AL_003,ICBHI_177_1b2_AL,ICBHI_177,1,ICBHI,AKGC417L,0.8533025895746407,0
ICBHI_177_1b2_AL_004,ICBHI_177_1b2_AL,ICBHI_177,1,ICBHI,AKGC417L,0.5282292257617446,0
ICBHI_177_1b2_AL_005,ICBHI_177_1b2_AL,ICBHI_177,1,ICBHI,AKGC417L,0.944689347784004,0
ICBHI_177_1b2_AL_006,ICBHI_177_1b2_AL,ICBHI_177,1,ICBHI,AKGC417L,0.930458255494172,0
ICBHI_177_1b2_AR_000,ICBHI_177_1b2_AR,ICBHI_177,1,ICBHI,AKGC417L,0.9999452402301956,0
ICBHI_177_1b2_AR_001,ICBHI_177_1b2_AR,ICBHI_177,1,ICBHI,AKGC417L,0.9945094367975008,0
ICBHI_177_1b2_AR_002,ICBHI_177_1b2_AR,ICBHI_177,1,ICBHI,AKGC417L,0.998498817743263,0
ICBHI_177_1b2_AR_003,ICBHI_177_1b2_AR,ICBHI_177,1,ICBHI,AKGC417L,0.999872688958378,0
ICBHI_177_1b2_AR_004,ICBHI_177_1b2_AR,ICBHI_177,1,ICBHI,AKGC417L,0.9999171534411778,0
ICBHI_177_1b2_AR_005,ICBHI_177_1b2_AR,ICBHI_177,1,ICBHI,AKGC417L,0.9999762626603652,0
ICBHI_177_1b2_AR_006,ICBHI_177_1b2_AR,ICBHI_177,1,ICBHI,AKGC417L,0.9999626564310372,0
ICBHI_177_1b2_LR_000,ICBHI_177_1b2_LR,ICBHI_177,1,ICBHI,AKGC417L,0.9998415637808976,0
ICBHI_177_1b2_LR_001,ICBHI_177_1b2_LR,ICBHI_177,1,ICBHI,AKGC417L,0.9966233876182606,0
ICBHI_177_1b2_LR_002,ICBHI_177_1b2_LR,ICBHI_177,1,ICBHI,AKGC417L,0.9949001816970466,0
ICBHI_177_1b2_LR_003,ICBHI_177_1b2_LR,ICBHI_177,1,ICBHI,AKGC417L,0.9998944531420456,0
ICBHI_177_1b2_LR_004,ICBHI_177_1b2_LR,ICBHI_177,1,ICBHI,AKGC417L,0.999948557786258,0
ICBHI_177_1b2_LR_005,ICBHI_177_1b2_LR,ICBHI_177,1,ICBHI,AKGC417L,0.999969520858075,0
ICBHI_177_1b2_LR_006,ICBHI_177_1b2_LR,ICBHI_177,1,ICBHI,AKGC417L,0.999704042886487,0
ICBHI_177_1b2_PL_000,ICBHI_177_1b2_PL,ICBHI_177,1,ICBHI,AKGC417L,0.9999924129680242,0
ICBHI_177_1b2_PL_001,ICBHI_177_1b2_PL,ICBHI_177,1,ICBHI,AKGC417L,0.9992145260642746,0
ICBHI_177_1b2_PL_002,ICBHI_177_1b2_PL,ICBHI_177,1,ICBHI,AKGC417L,0.9984929511366406,0
ICBHI_177_1b2_PL_003,ICBHI_177_1b2_PL,ICBHI_177,1,ICBHI,AKGC417L,0.9999651918780388,0
ICBHI_177_1b2_PL_004,ICBHI_177_1b2_PL,ICBHI_177,1,ICBHI,AKGC417L,0.9999840633797528,0
ICBHI_177_1b2_PL_005,ICBHI_177_1b2_PL,ICBHI_177,1,ICBHI,AKGC417L,0.9999678076655028,0
ICBHI_177_1b2_PL_006,ICBHI_177_1b2_PL,ICBHI_177,1,ICBHI,AKGC417L,0.9999393868150438,0
ICBHI_177_1b2_PR_000,ICBHI_177_1b2_PR,ICBHI_177,1,ICBHI,AKGC417L,0.9998876467193611,0
ICBHI_177_1b2_PR_001,ICBHI_177_1b2_PR,ICBHI_177,1,ICBHI,AKGC417L,0.998983755958932,0
ICBHI_177_1b2_PR_002,ICBHI_177_1b2_PR,ICBHI_177,1,ICBHI,AKGC417L,0.9973683260251156,0
ICBHI_177_1b2_PR_003,ICBHI_177_1b2_PR,ICBHI_177,1,ICBHI,AKGC417L,0.9997448586044048,0
ICBHI_177_1b2_PR_004,ICBHI_177_1b2_PR,ICBHI_177,1,ICBHI,AKGC417L,0.9999138534937618,0
ICBHI_177_1b2_PR_005,ICBHI_177_1b2_PR,ICBHI_177,1,ICBHI,AKGC417L,0.9999075788699624,0
ICBHI_177_1b2_PR_006,ICBHI_177_1b2_PR,ICBHI_177,1,ICBHI,AKGC417L,0.999852319616634,0
ICBHI_177_1b2_TC_000,ICBHI_177_1b2_TC,ICBHI_177,1,ICBHI,AKGC417L,0.9997933701751162,0
ICBHI_177_1b2_TC_001,ICBHI_177_1b2_TC,ICBHI_177,1,ICBHI,AKGC417L,0.9972744173407714,0
ICBHI_177_1b2_TC_002,ICBHI_177_1b2_TC,ICBHI_177,1,ICBHI,AKGC417L,0.997730531345513,0
ICBHI_177_1b2_TC_003,ICBHI_177_1b2_TC,ICBHI_177,1,ICBHI,AKGC417L,0.999710896743592,0
ICBHI_177_1b2_TC_004,ICBHI_177_1b2_TC,ICBHI_177,1,ICBHI,AKGC417L,0.9998590814407584,0
ICBHI_177_1b2_TC_005,ICBHI_177_1b2_TC,ICBHI_177,1,ICBHI,AKGC417L,0.999832659492526,0
ICBHI_177_1b2_TC_006,ICBHI_177_1b2_TC,ICBHI_177,1,ICBHI,AKGC417L,0.999655356825362,0
ICBHI_177_1b4_AL_000,ICBHI_177_1b4_AL,ICBHI_177,1,ICBHI,AKGC417L,0.9999000696820444,0
ICBHI_177_1b4_AL_001,ICBHI_177_1b4_AL,ICBHI_177,1,ICBHI,AKGC417L,0.9986801365375204,0
ICBHI_177_1b4_AL_002,ICBHI_177_1b4_AL,ICBHI_177,1,ICBHI,AKGC417L,0.9976586593489524,0
ICBHI_177_1b4_AL_003,ICBHI_177_1b4_AL,ICBHI_177,1,ICBHI,AKGC417L,0.9996259043952698,0
ICBHI_177_1b4_AL_004,ICBHI_177_1b4_AL,ICBHI_177,1,ICBHI,AKGC417L,0.9968396471849288,0
ICBHI_177_1b4_AL_005,ICBHI_177_1b4_AL,ICBHI_177,1,ICBHI,AKGC417L,0.963299646124226,0
ICBHI_177_1b4_AL_006,ICBHI_177_1b4_AL,ICBHI_177,1,ICBHI,AKGC417L,0.9937829218577496,0
ICBHI_177_1b4_AR_000,ICBHI_177_1b4_AR,ICBHI_177,1,ICBHI,AKGC417L,0.9999826332806948,0
ICBHI_177_1b4_AR_001,ICBHI_177_1b4_AR,ICBHI_177,1,ICBHI,AKGC417L,0.99999303774375,0
ICBHI_177_1b4_AR_002,ICBHI_177_1b4_AR,ICBHI_177,1,ICBHI,AKGC417L,0.9999968124347834,0
ICBHI_177_1b4_AR_003,ICBHI_177_1b4_AR,ICBHI_177,1,ICBHI,AKGC417L,0.999986045401392,0
ICBHI_177_1b4_AR_004,ICBHI_177_1b4_AR,ICBHI_177,1,ICBHI,AKGC417L,0.9999417087343389,0
ICBHI_177_1b4_AR_005,ICBHI_177_1b4_AR,ICBHI_177,1,ICBHI,AKGC417L,0.9999690408962896,0
ICBHI_177_1b4_AR_006,ICBHI_177_1b4_AR,ICBHI_177,1,ICBHI,AKGC417L,0.9999820820117248,0
ICBHI_177_1b4_LR_000,ICBHI_177_1b4_LR,ICBHI_177,1,ICBHI,AKGC417L,0.9999177981052164,0
ICBHI_177_1b4_LR_001,ICBHI_177_1b4_LR,ICBHI_177,1,ICBHI,AKGC417L,0.9988259177753532,0
ICBHI_177_1b4_LR_002,ICBHI_177_1b4_LR,ICBHI_177,1,ICBHI,AKGC417L,0.9987600038640844,0
ICBHI_177_1b4_LR_003,ICBHI_177_1b4_LR,ICBHI_177,1,ICBHI,AKGC417L,0.9999227780816594,0
ICBHI_177_1b4_LR_004,ICBHI_177_1b4_LR,ICBHI_177,1,ICBHI,AKGC417L,0.9997748317581436,0
ICBHI_177_1b4_LR_005,ICBHI_177_1b4_LR,ICBHI_177,1,ICBHI,AKGC417L,0.9989916564583438,0
ICBHI_177_1b4_LR_006,ICBHI_177_1b4_LR,ICBHI_177,1,ICBHI,AKGC417L,0.9998427965475108,0
ICBHI_177_1b4_PL_000,ICBHI_177_1b4_PL,ICBHI_177,1,ICBHI,AKGC417L,0.999923975205517,0
ICBHI_177_1b4_PL_001,ICBHI_177_1b4_PL,ICBHI_177,1,ICBHI,AKGC417L,0.999541687099365,0
ICBHI_177_1b4_PL_002,ICBHI_177_1b4_PL,ICBHI_177,1,ICBHI,AKGC417L,0.9998427965475108,0
ICBHI_177_1b4_PL_003,ICBHI_177_1b4_PL,ICBHI_177,1,ICBHI,AKGC417L,0.99998467389273,0
ICBHI_177_1b4_PL_004,ICBHI_177_1b4_PL,ICBHI_177,1,ICBHI,AKGC417L,0.9998885209620572,0
ICBHI_177_1b4_PL_005,ICBHI_177_1b4_PL,ICBHI_177,1,ICBHI,AKGC417L,0.9999573525318144,0
ICBHI_177_1b4_PL_006,ICBHI_177_1b4_PL,ICBHI_177,1,ICBHI,AKGC417L,0.999986368654914,0
ICBHI_177_1b4_PR_000,ICBHI_177_1b4_PR,ICBHI_177,1,ICBHI,AKGC417L,0.9999962733607158,0
ICBHI_177_1b4_PR_001,ICBHI_177_1b4_PR,ICBHI_177,1,ICBHI,AKGC417L,0.9999958749879831,0
ICBHI_177_1b4_PR_002,ICBHI_177_1b4_PR,ICBHI_177,1,ICBHI,AKGC417L,0.999994985265177,0
ICBHI_177_1b4_PR_003,ICBHI_177_1b4_PR,ICBHI_177,1,ICBHI,AKGC417L,0.9999611688901312,0
ICBHI_177_1b4_PR_004,ICBHI_177_1b4_PR,ICBHI_177,1,ICBHI,AKGC417L,0.9999680581802354,0
ICBHI_177_1b4_PR_005,ICBHI_177_1b4_PR,ICBHI_177,1,ICBHI,AKGC417L,0.9999856024412594,0
ICBHI_177_1b4_PR_006,ICBHI_177_1b4_PR,ICBHI_177,1,ICBHI,AKGC417L,0.9999566809610064,0
ICBHI_177_1b4_TC_000,ICBHI_177_1b4_TC,ICBHI_177,1,ICBHI,AKGC417L,0.9999819414817388,0
ICBHI_177_1b4_TC_001,ICBHI_177_1b4_TC,ICBHI_177,1,ICBHI,AKGC417L,0.9999711428816112,0
ICBHI_177_1b4_TC_002,ICBHI_177_1b4_TC,ICBHI_177,1,ICBHI,AKGC417L,0.9999489580923075,0
ICBHI_177_1b4_TC_003,ICBHI_177_1b4_TC,ICBHI_177,1,ICBHI,AKGC417L,0.999908298030948,0
ICBHI_177_1b4_TC_004,ICBHI_177_1b4_TC,ICBHI_177,1,ICBHI,AKGC417L,0.9999151889582764,0
ICBHI_177_1b4_TC_005,ICBHI_177_1b4_TC,ICBHI_177,1,ICBHI,AKGC417L,0.999904645388118,0
ICBHI_177_1b4_TC_006,ICBHI_177_1b4_TC,ICBHI_177,1,ICBHI,AKGC417L,0.9998476324523258,0
ICBHI_177_2b4_AL_000,ICBHI_177_2b4_AL,ICBHI_177,1,ICBHI,AKGC417L,0.9998736795756128,0
ICBHI_177_2b4_AL_001,ICBHI_177_2b4_AL,ICBHI_177,1,ICBHI,AKGC417L,0.9998936254158372,0
ICBHI_177_2b4_AL_002,ICBHI_177_2b4_AL,ICBHI_177,1,ICBHI,AKGC417L,0.9997546305194572,0
ICBHI_177_2b4_AL_003,ICBHI_177_2b4_AL,ICBHI_177,1,ICBHI,AKGC417L,0.9994536579107852,0
ICBHI_177_2b4_AL_004,ICBHI_177_2b4_AL,ICBHI_177,1,ICBHI,AKGC417L,0.9998804014219498,0
ICBHI_177_2b4_AL_005,ICBHI_177_2b4_AL,ICBHI_177,1,ICBHI,AKGC417L,0.9998499943378502,0
ICBHI_177_2b4_AL_006,ICBHI_177_2b4_AL,ICBHI_177,1,ICBHI,AKGC417L,0.9998813320350208,0
ICBHI_177_2b4_LR_000,ICBHI_177_2b4_LR,ICBHI_177,1,ICBHI,AKGC417L,0.9999118107684012,0
ICBHI_177_2b4_LR_001,ICBHI_177_2b4_LR,ICBHI_177,1,ICBHI,AKGC417L,0.9998885209620572,0
ICBHI_177_2b4_LR_002,ICBHI_177_2b4_LR,ICBHI_177,1,ICBHI,AKGC417L,0.999904645388118,0
ICBHI_177_2b4_LR_003,ICBHI_177_2b4_LR,ICBHI_177,1,ICBHI,AKGC417L,0.9998849826445432,0
ICBHI_177_2b4_LR_004,ICBHI_177_2b4_LR,ICBHI_177,1,ICBHI,AKGC417L,0.9998867656214416,0
ICBHI_177_2b4_LR_005,ICBHI_177_2b4_LR,ICBHI_177,1,ICBHI,AKGC417L,0.999901618805604,0
ICBHI_177_2b4_LR_006,ICBHI_177_2b4_LR,ICBHI_177,1,ICBHI,AKGC417L,0.9998893884028536,0
ICBHI_177_2b4_PL_000,ICBHI_177_2b4_PL,ICBHI_177,1,ICBHI,AKGC417L,0.9997981557837118,0
ICBHI_177_2b4_PL_001,ICBHI_177_2b4_PL,ICBHI_177,1,ICBHI,AKGC417L,0.9998133217844208,0
ICBHI_177_2b4_PL_002,ICBHI_177_2b4_PL,ICBHI_177,1,ICBHI,AKGC417L,0.9998073971230788,0
ICBHI_177_2b4_PL_003,ICBHI_177_2b4_PL,ICBHI_177,1,ICBHI,AKGC417L,0.9997428580202044,0
ICBHI_177_2b4_PL_004,ICBHI_177_2b4_PL,ICBHI_177,1,ICBHI,AKGC417L,0.9996214963437556,0
ICBHI_177_2b4_PL_005,ICBHI_177_2b4_PL,ICBHI_177,1,ICBHI,AKGC417L,0.9992021665183656,0
ICBHI_177_2b4_PL_006,ICBHI_177_2b4_PL,ICBHI_177,1,ICBHI,AKGC417L,0.999515937573708,0
ICBHI_177_2b4_PR_000,ICBHI_177_2b4_PR,ICBHI_177,1,ICBHI,AKGC417L,0.9999384323550382,0
ICBHI_177_2b4_PR_001,ICBHI_177_2b4_PR,ICBHI_177,1,ICBHI,AKGC417L,0.9999505284090237,0
ICBHI_177_2b4_PR_002,ICBHI_177_2b4_PR,ICBHI_177,1,ICBHI,AKGC417L,0.9999549554044008,0
ICBHI_177_2b4_PR_003,ICBHI_177_2b4_PR,ICBHI_177,1,ICBHI,AKGC417L,0.999955653725157,0
ICBHI_177_2b4_PR_004,ICBHI_177_2b4_PR,ICBHI_177,1,ICBHI,AKGC417L,0.9999505284090237,0
ICBHI_177_2b4_PR_005,ICBHI_177_2b4_PR,ICBHI_177,1,ICBHI,AKGC417L,0.9999443779372634,0
ICBHI_177_2b4_PR_006,ICBHI_177_2b4_PR,ICBHI_177,1,ICBHI,AKGC417L,0.9999209469614062,0
ICBHI_177_2b4_TC_000,ICBHI_177_2b4_TC,ICBHI_177,1,ICBHI,AKGC417L,0.9999031439169184,0
ICBHI_177_2b4_TC_001,ICBHI_177_2b4_TC,ICBHI_177,1,ICBHI,AKGC417L,0.999904645388118,0
ICBHI_177_2b4_TC_002,ICBHI_177_2b4_TC,ICBHI_177,1,ICBHI,AKGC417L,0.9998686482029348,0
ICBHI_177_2b4_TC_003,ICBHI_177_2b4_TC,ICBHI_177,1,ICBHI,AKGC417L,0.999898496168252,0
ICBHI_177_2b4_TC_004,ICBHI_177_2b4_TC,ICBHI_177,1,ICBHI,AKGC417L,0.999904645388118,0
ICBHI_177_2b4_TC_005,ICBHI_177_2b4_TC,ICBHI_177,1,ICBHI,AKGC417L,0.99969225692354,0
ICBHI_177_2b4_TC_006,ICBHI_177_2b4_TC,ICBHI_177,1,ICBHI,AKGC417L,0.9998746624857436,0
ICBHI_179_1b1_AL_000,ICBHI_179_1b1_AL,ICBHI_179,0,ICBHI,Meditron,0.0001621928163716,0
ICBHI_179_1b1_AL_001,ICBHI_179_1b1_AL,ICBHI_179,0,ICBHI,Meditron,0.0003829636289085,0
ICBHI_179_1b1_AL_002,ICBHI_179_1b1_AL,ICBHI_179,0,ICBHI,Meditron,0.0003366622118897,0
ICBHI_179_1b1_AL_003,ICBHI_179_1b1_AL,ICBHI_179,0,ICBHI,Meditron,0.0002891032564081,0
ICBHI_179_1b1_AL_004,ICBHI_179_1b1_AL,ICBHI_179,0,ICBHI,Meditron,7.197911994931086e-05,0
ICBHI_179_1b1_AL_005,ICBHI_179_1b1_AL,ICBHI_179,0,ICBHI,Meditron,0.000740805588995,0
ICBHI_179_1b1_AL_006,ICBHI_179_1b1_AL,ICBHI_179,0,ICBHI,Meditron,0.0001596786513483,0
ICBHI_179_1b1_TC_000,ICBHI_179_1b1_TC,ICBHI_179,0,ICBHI,Meditron,0.0021997980436915,0
ICBHI_179_1b1_TC_001,ICBHI_179_1b1_TC,ICBHI_179,0,ICBHI,Meditron,0.0008295891883591,0
ICBHI_179_1b1_TC_002,ICBHI_179_1b1_TC,ICBHI_179,0,ICBHI,Meditron,0.0100135706231731,0
ICBHI_179_1b1_TC_003,ICBHI_179_1b1_TC,ICBHI_179,0,ICBHI,Meditron,0.102304707892653,0
ICBHI_179_1b1_TC_004,ICBHI_179_1b1_TC,ICBHI_179,0,ICBHI,Meditron,0.1524103175158668,0
ICBHI_179_1b1_TC_005,ICBHI_179_1b1_TC,ICBHI_179,0,ICBHI,Meditron,0.003524340980437,0
ICBHI_179_1b1_TC_006,ICBHI_179_1b1_TC,ICBHI_179,0,ICBHI,Meditron,0.0031726828424851,0
ICBHI_181_1b1_AR_000,ICBHI_181_1b1_AR,ICBHI_181,1,ICBHI,LittC2SE,0.9971881413397368,0
ICBHI_181_1b1_AR_001,ICBHI_181_1b1_AR,ICBHI_181,1,ICBHI,LittC2SE,0.9996170363710914,0
ICBHI_181_1b1_AR_002,ICBHI_181_1b1_AR,ICBHI_181,1,ICBHI,LittC2SE,0.9999443779372634,0
ICBHI_181_1b1_AR_003,ICBHI_181_1b1_AR,ICBHI_181,1,ICBHI,LittC2SE,0.9990924974342854,0
ICBHI_181_1b1_AR_004,ICBHI_181_1b1_AR,ICBHI_181,1,ICBHI,LittC2SE,0.9986697984900882,0
ICBHI_181_1b1_AR_005,ICBHI_181_1b1_AR,ICBHI_181,1,ICBHI,LittC2SE,0.9999131778970014,0
ICBHI_181_1b1_AR_006,ICBHI_181_1b1_AR,ICBHI_181,1,ICBHI,LittC2SE,0.9994683867223316,0
ICBHI_181_1b1_TC_000,ICBHI_181_1b1_TC,ICBHI_181,1,ICBHI,LittC2SE,0.9992985917123008,0
ICBHI_181_1b1_TC_001,ICBHI_181_1b1_TC,ICBHI_181,1,ICBHI,LittC2SE,0.9994907342856147,0
ICBHI_181_1b1_TC_002,ICBHI_181_1b1_TC,ICBHI_181,1,ICBHI,LittC2SE,0.9864678513445928,0
ICBHI_181_1b1_TC_003,ICBHI_181_1b1_TC,ICBHI_181,1,ICBHI,LittC2SE,0.9756234030788976,0
ICBHI_181_1b1_TC_004,ICBHI_181_1b1_TC,ICBHI_181,1,ICBHI,LittC2SE,0.9939024378074248,0
ICBHI_181_1b1_TC_005,ICBHI_181_1b1_TC,ICBHI_181,1,ICBHI,LittC2SE,0.930458255494172,0
ICBHI_181_1b1_TC_006,ICBHI_181_1b1_TC,ICBHI_181,1,ICBHI,LittC2SE,0.987711402470298,0
ICBHI_181_1b2_AR_000,ICBHI_181_1b2_AR,ICBHI_181,1,ICBHI,LittC2SE,0.9996580379426712,0
ICBHI_181_1b2_AR_001,ICBHI_181_1b2_AR,ICBHI_181,1,ICBHI,LittC2SE,0.999896897880293,0
ICBHI_181_1b2_AR_002,ICBHI_181_1b2_AR,ICBHI_181,1,ICBHI,LittC2SE,0.999935477852708,0
ICBHI_181_1b2_AR_003,ICBHI_181_1b2_AR,ICBHI_181,1,ICBHI,LittC2SE,0.9971990730328788,0
ICBHI_181_1b2_AR_004,ICBHI_181_1b2_AR,ICBHI_181,1,ICBHI,LittC2SE,0.9993929244195584,0
ICBHI_181_1b2_AR_005,ICBHI_181_1b2_AR,ICBHI_181,1,ICBHI,LittC2SE,0.9999291367337926,0
ICBHI_181_1b2_AR_006,ICBHI_181_1b2_AR,ICBHI_181,1,ICBHI,LittC2SE,0.9999307781659552,0
ICBHI_181_1b3_TC_000,ICBHI_181_1b3_TC,ICBHI_181,1,ICBHI,LittC2SE,0.9993999928206616,0
ICBHI_181_1b3_TC_001,ICBHI_181_1b3_TC,ICBHI_181,1,ICBHI,LittC2SE,0.9993332976907564,0
ICBHI_181_1b3_TC_002,ICBHI_181_1b3_TC,ICBHI_181,1,ICBHI,LittC2SE,0.9995044640524364,0
ICBHI_181_1b3_TC_003,ICBHI_181_1b3_TC,ICBHI_181,1,ICBHI,LittC2SE,0.997042097231751,0
ICBHI_181_1b3_TC_004,ICBHI_181_1b3_TC,ICBHI_181,1,ICBHI,LittC2SE,0.997459007373421,0
ICBHI_181_1b3_TC_005,ICBHI_181_1b3_TC,ICBHI_181,1,ICBHI,LittC2SE,0.9996471867315389,0
ICBHI_181_1b3_TC_006,ICBHI_181_1b3_TC,ICBHI_181,1,ICBHI,LittC2SE,0.9989677689632452,0
ICBHI_184_1b1_AR_000,ICBHI_184_1b1_AR,ICBHI_184,0,ICBHI,Meditron,5.626401588368567e-07,0
ICBHI_184_1b1_AR_001,ICBHI_184_1b1_AR,ICBHI_184,0,ICBHI,Meditron,8.315280276641321e-07,0
ICBHI_184_1b1_AR_002,ICBHI_184_1b1_AR,ICBHI_184,0,ICBHI,Meditron,1.8631746484712008e-05,0
ICBHI_184_1b1_AR_003,ICBHI_184_1b1_AR,ICBHI_184,0,ICBHI,Meditron,8.990961112742881e-07,0
ICBHI_184_1b1_AR_004,ICBHI_184_1b1_AR,ICBHI_184,0,ICBHI,Meditron,2.9881601158864735e-07,0
ICBHI_184_1b1_AR_005,ICBHI_184_1b1_AR,ICBHI_184,0,ICBHI,Meditron,1.6964426510543333e-05,0
ICBHI_184_1b1_AR_006,ICBHI_184_1b1_AR,ICBHI_184,0,ICBHI,Meditron,0.0001177445922838,0
ICBHI_194_1b1_LR_000,ICBHI_194_1b1_LR,ICBHI_194,0,ICBHI,Meditron,0.1187934005084457,0
ICBHI_194_1b1_LR_001,ICBHI_194_1b1_LR,ICBHI_194,0,ICBHI,Meditron,0.1835936226341961,0
ICBHI_194_1b1_LR_002,ICBHI_194_1b1_LR,ICBHI_194,0,ICBHI,Meditron,0.1422318950098963,0
ICBHI_194_1b1_LR_003,ICBHI_194_1b1_LR,ICBHI_194,0,ICBHI,Meditron,0.1586951851359601,0
ICBHI_194_1b1_LR_004,ICBHI_194_1b1_LR,ICBHI_194,0,ICBHI,Meditron,0.0078767067165874,0
ICBHI_194_1b1_LR_005,ICBHI_194_1b1_LR,ICBHI_194,0,ICBHI,Meditron,0.3015676930738543,0
ICBHI_194_1b1_LR_006,ICBHI_194_1b1_LR,ICBHI_194,0,ICBHI,Meditron,0.0130204901138428,0
ICBHI_194_1b1_PR_000,ICBHI_194_1b1_PR,ICBHI_194,0,ICBHI,Meditron,0.6717936269065908,0
ICBHI_194_1b1_PR_001,ICBHI_194_1b1_PR,ICBHI_194,0,ICBHI,Meditron,0.0060035957965714,0
ICBHI_194_1b1_PR_002,ICBHI_194_1b1_PR,ICBHI_194,0,ICBHI,Meditron,0.20817892905742,0
ICBHI_194_1b1_PR_003,ICBHI_194_1b1_PR,ICBHI_194,0,ICBHI,Meditron,0.0051596231763425,0
ICBHI_194_1b1_PR_004,ICBHI_194_1b1_PR,ICBHI_194,0,ICBHI,Meditron,0.0004205874321516,0
ICBHI_194_1b1_PR_005,ICBHI_194_1b1_PR,ICBHI_194,0,ICBHI,Meditron,0.0013831174237397,0
ICBHI_194_1b1_PR_006,ICBHI_194_1b1_PR,ICBHI_194,0,ICBHI,Meditron,0.0003874761338151,0
ICBHI_198_1b5_AL_000,ICBHI_198_1b5_AL,ICBHI_198,1,ICBHI,AKGC417L,0.9999038975845004,0
ICBHI_198_1b5_AL_001,ICBHI_198_1b5_AL,ICBHI_198,1,ICBHI,AKGC417L,0.99985797635977,0
ICBHI_198_1b5_AL_002,ICBHI_198_1b5_AL,ICBHI_198,1,ICBHI,AKGC417L,0.9998476324523258,0
ICBHI_198_1b5_AL_003,ICBHI_198_1b5_AL,ICBHI_198,1,ICBHI,AKGC417L,0.9999131778970014,0
ICBHI_198_1b5_AL_004,ICBHI_198_1b5_AL,ICBHI_198,1,ICBHI,AKGC417L,0.9998944531420456,0
ICBHI_198_1b5_AL_005,ICBHI_198_1b5_AL,ICBHI_198,1,ICBHI,AKGC417L,0.999852319616634,0
ICBHI_198_1b5_AL_006,ICBHI_198_1b5_AL,ICBHI_198,1,ICBHI,AKGC417L,0.9998339615304626,0
ICBHI_198_1b5_AR_000,ICBHI_198_1b5_AR,ICBHI_198,1,ICBHI,AKGC417L,0.9999800110810232,0
ICBHI_198_1b5_AR_001,ICBHI_198_1b5_AR,ICBHI_198,1,ICBHI,AKGC417L,0.9999675551860864,0
ICBHI_198_1b5_AR_002,ICBHI_198_1b5_AR,ICBHI_198,1,ICBHI,AKGC417L,0.9999023843393976,0
ICBHI_198_1b5_AR_003,ICBHI_198_1b5_AR,ICBHI_198,1,ICBHI,AKGC417L,0.9998476324523258,0
ICBHI_198_1b5_AR_004,ICBHI_198_1b5_AR,ICBHI_198,1,ICBHI,AKGC417L,0.999905387373387,0
ICBHI_198_1b5_AR_005,ICBHI_198_1b5_AR,ICBHI_198,1,ICBHI,AKGC417L,0.999773066142504,0
ICBHI_198_1b5_AR_006,ICBHI_198_1b5_AR,ICBHI_198,1,ICBHI,AKGC417L,0.9997346976231016,0
ICBHI_198_1b5_LL_000,ICBHI_198_1b5_LL,ICBHI_198,1,ICBHI,AKGC417L,0.9999605574132482,0
ICBHI_198_1b5_LL_001,ICBHI_198_1b5_LL,ICBHI_198,1,ICBHI,AKGC417L,0.999896897880293,0
ICBHI_198_1b5_LL_002,ICBHI_198_1b5_LL,ICBHI_198,1,ICBHI,AKGC417L,0.9998352534392112,0
ICBHI_198_1b5_LL_003,ICBHI_198_1b5_LL,ICBHI_198,1,ICBHI,AKGC417L,0.9999285809860012,0
ICBHI_198_1b5_LL_004,ICBHI_198_1b5_LL,ICBHI_198,1,ICBHI,AKGC417L,0.9999535256018997,0
ICBHI_198_1b5_LL_005,ICBHI_198_1b5_LL,ICBHI_198,1,ICBHI,AKGC417L,0.9999583404181944,0
ICBHI_198_1b5_LL_006,ICBHI_198_1b5_LL,ICBHI_198,1,ICBHI,AKGC417L,0.9999379495039772,0
ICBHI_198_1b5_LR_000,ICBHI_198_1b5_LR,ICBHI_198,1,ICBHI,AKGC417L,0.9997262783268164,0
ICBHI_198_1b5_LR_001,ICBHI_198_1b5_LR,ICBHI_198,1,ICBHI,AKGC417L,0.9998058868132212,0
ICBHI_198_1b5_LR_002,ICBHI_198_1b5_LR,ICBHI_198,1,ICBHI,AKGC417L,0.9998499943378502,0
ICBHI_198_1b5_LR_003,ICBHI_198_1b5_LR,ICBHI_198,1,ICBHI,AKGC417L,0.9997658641752236,0
ICBHI_198_1b5_LR_004,ICBHI_198_1b5_LR,ICBHI_198,1,ICBHI,AKGC417L,0.9988213279637184,0
ICBHI_198_1b5_LR_005,ICBHI_198_1b5_LR,ICBHI_198,1,ICBHI,AKGC417L,0.9974190958364102,0
ICBHI_198_1b5_LR_006,ICBHI_198_1b5_LR,ICBHI_198,1,ICBHI,AKGC417L,0.9973683260251156,0
ICBHI_198_1b5_PL_000,ICBHI_198_1b5_PL,ICBHI_198,1,ICBHI,AKGC417L,0.9994704581885768,0
ICBHI_198_1b5_PL_001,ICBHI_198_1b5_PL,ICBHI_198,1,ICBHI,AKGC417L,0.9994138838254832,0
ICBHI_198_1b5_PL_002,ICBHI_198_1b5_PL,ICBHI_198,1,ICBHI,AKGC417L,0.9996749641547632,0
ICBHI_198_1b5_PL_003,ICBHI_198_1b5_PL,ICBHI_198,1,ICBHI,AKGC417L,0.9995843105229772,0
ICBHI_198_1b5_PL_004,ICBHI_198_1b5_PL,ICBHI_198,1,ICBHI,AKGC417L,0.9995522991531196,0
ICBHI_198_1b5_PL_005,ICBHI_198_1b5_PL,ICBHI_198,1,ICBHI,AKGC417L,0.9995694429186754,0
ICBHI_198_1b5_PL_006,ICBHI_198_1b5_PL,ICBHI_198,1,ICBHI,AKGC417L,0.9999165037218174,0
ICBHI_198_1b5_PR_000,ICBHI_198_1b5_PR,ICBHI_198,1,ICBHI,AKGC417L,0.9998073971230788,0
ICBHI_198_1b5_PR_001,ICBHI_198_1b5_PR,ICBHI_198,1,ICBHI,AKGC417L,0.999911119153162,0
ICBHI_198_1b5_PR_002,ICBHI_198_1b5_PR,ICBHI_198,1,ICBHI,AKGC417L,0.9999516743618128,0
ICBHI_198_1b5_PR_003,ICBHI_198_1b5_PR,ICBHI_198,1,ICBHI,AKGC417L,0.9999626564310372,0
ICBHI_198_1b5_PR_004,ICBHI_198_1b5_PR,ICBHI_198,1,ICBHI,AKGC417L,0.9999657315094574,0
ICBHI_198_1b5_PR_005,ICBHI_198_1b5_PR,ICBHI_198,1,ICBHI,AKGC417L,0.9999739296934316,0
ICBHI_198_1b5_PR_006,ICBHI_198_1b5_PR,ICBHI_198,1,ICBHI,AKGC417L,0.9999589862636554,0
ICBHI_198_1b5_TC_000,ICBHI_198_1b5_TC,ICBHI_198,1,ICBHI,AKGC417L,0.9997817579447292,0
ICBHI_198_1b5_TC_001,ICBHI_198_1b5_TC,ICBHI_198,1,ICBHI,AKGC417L,0.9999000696820444,0
ICBHI_198_1b5_TC_002,ICBHI_198_1b5_TC,ICBHI_198,1,ICBHI,AKGC417L,0.999943941712474,0
ICBHI_198_1b5_TC_003,ICBHI_198_1b5_TC,ICBHI_198,1,ICBHI,AKGC417L,0.9998716905736216,0
ICBHI_198_1b5_TC_004,ICBHI_198_1b5_TC,ICBHI_198,1,ICBHI,AKGC417L,0.9999602480735034,0
ICBHI_198_1b5_TC_005,ICBHI_198_1b5_TC,ICBHI_198,1,ICBHI,AKGC417L,0.9999626564310372,0
ICBHI_198_1b5_TC_006,ICBHI_198_1b5_TC,ICBHI_198,1,ICBHI,AKGC417L,0.9999726785874792,0
ICBHI_198_6p1_AL_000,ICBHI_198_6p1_AL,ICBHI_198,1,ICBHI,AKGC417L,0.9996094860399792,0
ICBHI_198_6p1_AL_001,ICBHI_198_6p1_AL,ICBHI_198,1,ICBHI,AKGC417L,0.9995557816410784,0
ICBHI_198_6p1_AL_002,ICBHI_198_6p1_AL,ICBHI_198,1,ICBHI,AKGC417L,0.9998339615304626,0
ICBHI_198_6p1_AL_003,ICBHI_198_6p1_AL,ICBHI_198,1,ICBHI,AKGC417L,0.9997834559501048,0
ICBHI_198_6p1_AL_004,ICBHI_198_6p1_AL,ICBHI_198,1,ICBHI,AKGC417L,0.9991340190143472,0
ICBHI_198_6p1_AL_005,ICBHI_198_6p1_AL,ICBHI_198,1,ICBHI,AKGC417L,0.999167166595505,0
ICBHI_198_6p1_AL_006,ICBHI_198_6p1_AL,ICBHI_198,1,ICBHI,AKGC417L,0.9994319064800212,0
ICBHI_198_6p1_AR_000,ICBHI_198_6p1_AR,ICBHI_198,1,ICBHI,AKGC417L,0.6621413773969629,0
ICBHI_198_6p1_AR_001,ICBHI_198_6p1_AR,ICBHI_198,1,ICBHI,AKGC417L,0.1222085862467183,0
ICBHI_198_6p1_AR_002,ICBHI_198_6p1_AR,ICBHI_198,1,ICBHI,AKGC417L,0.9806178087982642,0
ICBHI_198_6p1_AR_003,ICBHI_198_6p1_AR,ICBHI_198,1,ICBHI,AKGC417L,0.9893062422638244,0
ICBHI_198_6p1_AR_004,ICBHI_198_6p1_AR,ICBHI_198,1,ICBHI,AKGC417L,0.9851575827657516,0
ICBHI_198_6p1_AR_005,ICBHI_198_6p1_AR,ICBHI_198,1,ICBHI,AKGC417L,0.9523087167764016,0
ICBHI_198_6p1_AR_006,ICBHI_198_6p1_AR,ICBHI_198,1,ICBHI,AKGC417L,0.9147487668762402,0
ICBHI_198_6p1_LL_000,ICBHI_198_6p1_LL,ICBHI_198,1,ICBHI,AKGC417L,0.994759550379741,0
ICBHI_198_6p1_LL_001,ICBHI_198_6p1_LL,ICBHI_198,1,ICBHI,AKGC417L,0.9974190958364102,0
ICBHI_198_6p1_LL_002,ICBHI_198_6p1_LL,ICBHI_198,1,ICBHI,AKGC417L,0.9897513980768414,0
ICBHI_198_6p1_LL_003,ICBHI_198_6p1_LL,ICBHI_198,1,ICBHI,AKGC417L,0.9877587247081928,0
ICBHI_198_6p1_LL_004,ICBHI_198_6p1_LL,ICBHI_198,1,ICBHI,AKGC417L,0.998426887834651,0
ICBHI_198_6p1_LL_005,ICBHI_198_6p1_LL,ICBHI_198,1,ICBHI,AKGC417L,0.9988883318306347,0
ICBHI_198_6p1_LL_006,ICBHI_198_6p1_LL,ICBHI_198,1,ICBHI,AKGC417L,0.9124361604769414,0
ICBHI_198_6p1_LR_000,ICBHI_198_6p1_LR,ICBHI_198,1,ICBHI,AKGC417L,0.9997428580202044,0
ICBHI_198_6p1_LR_001,ICBHI_198_6p1_LR,ICBHI_198,1,ICBHI,AKGC417L,0.999547024187722,0
ICBHI_198_6p1_LR_002,ICBHI_198_6p1_LR,ICBHI_198,1,ICBHI,AKGC417L,0.9991100345015296,0
ICBHI_198_6p1_LR_003,ICBHI_198_6p1_LR,ICBHI_198,1,ICBHI,AKGC417L,0.9997546305194572,0
ICBHI_198_6p1_LR_004,ICBHI_198_6p1_LR,ICBHI_198,1,ICBHI,AKGC417L,0.9995121428772178,0
ICBHI_198_6p1_LR_005,ICBHI_198_6p1_LR,ICBHI_198,1,ICBHI,AKGC417L,0.9995761152580062,0
ICBHI_198_6p1_LR_006,ICBHI_198_6p1_LR,ICBHI_198,1,ICBHI,AKGC417L,0.9994966644245472,0
ICBHI_198_6p1_PL_000,ICBHI_198_6p1_PL,ICBHI_198,1,ICBHI,AKGC417L,0.9985785956475732,0
ICBHI_198_6p1_PL_001,ICBHI_198_6p1_PL,ICBHI_198,1,ICBHI,AKGC417L,0.9989955836687396,0
ICBHI_198_6p1_PL_002,ICBHI_198_6p1_PL,ICBHI_198,1,ICBHI,AKGC417L,0.9986903943451748,0
ICBHI_198_6p1_PL_003,ICBHI_198_6p1_PL,ICBHI_198,1,ICBHI,AKGC417L,0.99771277239413,0
ICBHI_198_6p1_PL_004,ICBHI_198_6p1_PL,ICBHI_198,1,ICBHI,AKGC417L,0.9992145260642746,0
ICBHI_198_6p1_PL_005,ICBHI_198_6p1_PL,ICBHI_198,1,ICBHI,AKGC417L,0.9990340250847796,0
ICBHI_198_6p1_PL_006,ICBHI_198_6p1_PL,ICBHI_198,1,ICBHI,AKGC417L,0.996764944030931,0
ICBHI_198_6p1_PR_000,ICBHI_198_6p1_PR,ICBHI_198,1,ICBHI,AKGC417L,0.9972744173407714,0
ICBHI_198_6p1_PR_001,ICBHI_198_6p1_PR,ICBHI_198,1,ICBHI,AKGC417L,0.995354442450284,0
ICBHI_198_6p1_PR_002,ICBHI_198_6p1_PR,ICBHI_198,1,ICBHI,AKGC417L,0.9990960322532406,0
ICBHI_198_6p1_PR_003,ICBHI_198_6p1_PR,ICBHI_198,1,ICBHI,AKGC417L,0.99811046134216,0
ICBHI_198_6p1_PR_004,ICBHI_198_6p1_PR,ICBHI_198,1,ICBHI,AKGC417L,0.9936610782629056,0
ICBHI_198_6p1_PR_005,ICBHI_198_6p1_PR,ICBHI_198,1,ICBHI,AKGC417L,0.9990111403020492,0
ICBHI_198_6p1_PR_006,ICBHI_198_6p1_PR,ICBHI_198,1,ICBHI,AKGC417L,0.997892527562115,0
ICBHI_198_6p1_TC_000,ICBHI_198_6p1_TC,ICBHI_198,1,ICBHI,AKGC417L,0.9998936254158372,0
ICBHI_198_6p1_TC_001,ICBHI_198_6p1_TC,ICBHI_198,1,ICBHI,AKGC417L,0.9998736795756128,0
ICBHI_198_6p1_TC_002,ICBHI_198_6p1_TC,ICBHI_198,1,ICBHI,AKGC417L,0.9996993836411756,0
ICBHI_198_6p1_TC_003,ICBHI_198_6p1_TC,ICBHI_198,1,ICBHI,AKGC417L,0.9985951322454564,0
ICBHI_198_6p1_TC_004,ICBHI_198_6p1_TC,ICBHI_198,1,ICBHI,AKGC417L,0.9983321176728251,0
ICBHI_198_6p1_TC_005,ICBHI_198_6p1_TC,ICBHI_198,1,ICBHI,AKGC417L,0.9981251382797388,0
ICBHI_198_6p1_TC_006,ICBHI_198_6p1_TC,ICBHI_198,1,ICBHI,AKGC417L,0.9996774927880132,0
ICBHI_212_2b2_TC_000,ICBHI_212_2b2_TC,ICBHI_212,1,ICBHI,LittC2SE,0.9999131778970014,0
ICBHI_212_2b2_TC_001,ICBHI_212_2b2_TC,ICBHI_212,1,ICBHI,LittC2SE,0.9998103825877108,0
ICBHI_212_2b2_TC_002,ICBHI_212_2b2_TC,ICBHI_212,1,ICBHI,LittC2SE,0.9997917498948076,0
ICBHI_212_2b2_TC_003,ICBHI_212_2b2_TC,ICBHI_212,1,ICBHI,LittC2SE,0.9997584337017134,0
ICBHI_212_2b2_TC_004,ICBHI_212_2b2_TC,ICBHI_212,1,ICBHI,LittC2SE,0.9997981557837118,0
ICBHI_212_2b2_TC_005,ICBHI_212_2b2_TC,ICBHI_212,1,ICBHI,LittC2SE,0.9997658641752236,0
ICBHI_212_2b2_TC_006,ICBHI_212_2b2_TC,ICBHI_212,1,ICBHI,LittC2SE,0.9997565395350212,0
ICBHI_213_1p2_AL_000,ICBHI_213_1p2_AL,ICBHI_213,1,ICBHI,AKGC417L,0.9997153775984248,0
ICBHI_213_1p2_AL_001,ICBHI_213_1p2_AL,ICBHI_213,1,ICBHI,AKGC417L,0.9972955706305906,0
ICBHI_213_1p2_AL_002,ICBHI_213_1p2_AL,ICBHI_213,1,ICBHI,AKGC417L,0.9969246301499518,0
ICBHI_213_1p2_AL_003,ICBHI_213_1p2_AL,ICBHI_213,1,ICBHI,AKGC417L,0.9981897889737974,0
ICBHI_213_1p2_AL_004,ICBHI_213_1p2_AL,ICBHI_213,1,ICBHI,AKGC417L,0.9991373922419716,0
ICBHI_213_1p2_AL_005,ICBHI_213_1p2_AL,ICBHI_213,1,ICBHI,AKGC417L,0.9988839857401568,0
ICBHI_213_1p2_AL_006,ICBHI_213_1p2_AL,ICBHI_213,1,ICBHI,AKGC417L,0.9979888416581738,0
ICBHI_213_1p2_AR_000,ICBHI_213_1p2_AR,ICBHI_213,1,ICBHI,AKGC417L,0.998319058298613,0
ICBHI_213_1p2_AR_001,ICBHI_213_1p2_AR,ICBHI_213,1,ICBHI,AKGC417L,0.9973989062062492,0
ICBHI_213_1p2_AR_002,ICBHI_213_1p2_AR,ICBHI_213,1,ICBHI,AKGC417L,0.997748152720497,0
ICBHI_213_1p2_AR_003,ICBHI_213_1p2_AR,ICBHI_213,1,ICBHI,AKGC417L,0.985882106574795,0
ICBHI_213_1p2_AR_004,ICBHI_213_1p2_AR,ICBHI_213,1,ICBHI,AKGC417L,0.9383503740450254,0
ICBHI_213_1p2_AR_005,ICBHI_213_1p2_AR,ICBHI_213,1,ICBHI,AKGC417L,0.9634374958402552,0
ICBHI_213_1p2_AR_006,ICBHI_213_1p2_AR,ICBHI_213,1,ICBHI,AKGC417L,0.9951514669095514,0
ICBHI_213_1p2_LR_000,ICBHI_213_1p2_LR,ICBHI_213,1,ICBHI,AKGC417L,0.9998902490946596,0
ICBHI_213_1p2_LR_001,ICBHI_213_1p2_LR,ICBHI_213,1,ICBHI,AKGC417L,0.9999426124047855,0
ICBHI_213_1p2_LR_002,ICBHI_213_1p2_LR,ICBHI_213,1,ICBHI,AKGC417L,0.9999407908348256,0
ICBHI_213_1p2_LR_003,ICBHI_213_1p2_LR,ICBHI_213,1,ICBHI,AKGC417L,0.9999215621087788,0
ICBHI_213_1p2_LR_004,ICBHI_213_1p2_LR,ICBHI_213,1,ICBHI,AKGC417L,0.99984523338394,0
ICBHI_213_1p2_LR_005,ICBHI_213_1p2_LR,ICBHI_213,1,ICBHI,AKGC417L,0.9999138534937618,0
ICBHI_213_1p2_LR_006,ICBHI_213_1p2_LR,ICBHI_213,1,ICBHI,AKGC417L,0.9999190724243346,0
ICBHI_213_1p2_PL_000,ICBHI_213_1p2_PL,ICBHI_213,1,ICBHI,AKGC417L,0.9996698472749022,0
ICBHI_213_1p2_PL_001,ICBHI_213_1p2_PL,ICBHI_213,1,ICBHI,AKGC417L,0.9994642194616526,0
ICBHI_213_1p2_PL_002,ICBHI_213_1p2_PL,ICBHI_213,1,ICBHI,AKGC417L,0.9991990463874916,0
ICBHI_213_1p2_PL_003,ICBHI_213_1p2_PL,ICBHI_213,1,ICBHI,AKGC417L,0.9966625950548096,0
ICBHI_213_1p2_PL_004,ICBHI_213_1p2_PL,ICBHI_213,1,ICBHI,AKGC417L,0.9974090206355708,0
ICBHI_213_1p2_PL_005,ICBHI_213_1p2_PL,ICBHI_213,1,ICBHI,AKGC417L,0.9982178036776336,0
ICBHI_213_1p2_PL_006,ICBHI_213_1p2_PL,ICBHI_213,1,ICBHI,AKGC417L,0.9979888416581738,0
ICBHI_213_1p2_PR_000,ICBHI_213_1p2_PR,ICBHI_213,1,ICBHI,AKGC417L,0.9988752425768442,0
ICBHI_213_1p2_PR_001,ICBHI_213_1p2_PR,ICBHI_213,1,ICBHI,AKGC417L,0.999557512718016,0
ICBHI_213_1p2_PR_002,ICBHI_213_1p2_PR,ICBHI_213,1,ICBHI,AKGC417L,0.9999008472688408,0
ICBHI_213_1p2_PR_003,ICBHI_213_1p2_PR,ICBHI_213,1,ICBHI,AKGC417L,0.9999665253116128,0
ICBHI_213_1p2_PR_004,ICBHI_213_1p2_PR,ICBHI_213,1,ICBHI,AKGC417L,0.9999489580923075,0
ICBHI_213_1p2_PR_005,ICBHI_213_1p2_PR,ICBHI_213,1,ICBHI,AKGC417L,0.9999611688901312,0
ICBHI_213_1p2_PR_006,ICBHI_213_1p2_PR,ICBHI_213,1,ICBHI,AKGC417L,0.9999638053302816,0
ICBHI_213_1p2_TC_000,ICBHI_213_1p2_TC,ICBHI_213,1,ICBHI,AKGC417L,0.9997388096809044,0
ICBHI_213_1p2_TC_001,ICBHI_213_1p2_TC,ICBHI_213,1,ICBHI,AKGC417L,0.9988752425768442,0
ICBHI_213_1p2_TC_002,ICBHI_213_1p2_TC,ICBHI_213,1,ICBHI,AKGC417L,0.999217585940976,0
ICBHI_213_1p2_TC_003,ICBHI_213_1p2_TC,ICBHI_213,1,ICBHI,AKGC417L,0.991422514586288,0
ICBHI_213_1p2_TC_004,ICBHI_213_1p2_TC,ICBHI_213,1,ICBHI,AKGC417L,0.9993952897517442,0
ICBHI_213_1p2_TC_005,ICBHI_213_1p2_TC,ICBHI_213,1,ICBHI,AKGC417L,0.9998352534392112,0
ICBHI_213_1p2_TC_006,ICBHI_213_1p2_TC,ICBHI_213,1,ICBHI,AKGC417L,0.99963313740476,0
ICBHI_213_1p3_AL_000,ICBHI_213_1p3_AL,ICBHI_213,1,ICBHI,AKGC417L,0.9998499943378502,0
ICBHI_213_1p3_AL_001,ICBHI_213_1p3_AL,ICBHI_213,1,ICBHI,AKGC417L,0.9999227780816594,0
ICBHI_213_1p3_AL_002,ICBHI_213_1p3_AL,ICBHI_213,1,ICBHI,AKGC417L,0.9994319064800212,0
ICBHI_213_1p3_AL_003,ICBHI_213_1p3_AL,ICBHI_213,1,ICBHI,AKGC417L,0.9993254441161578,0
ICBHI_213_1p3_AL_004,ICBHI_213_1p3_AL,ICBHI_213,1,ICBHI,AKGC417L,0.9998601779243528,0
ICBHI_213_1p3_AL_005,ICBHI_213_1p3_AL,ICBHI_213,1,ICBHI,AKGC417L,0.9998911030899734,0
ICBHI_213_1p3_AL_006,ICBHI_213_1p3_AL,ICBHI_213,1,ICBHI,AKGC417L,0.9998118579244952,0
ICBHI_213_1p3_AR_000,ICBHI_213_1p3_AR,ICBHI_213,1,ICBHI,AKGC417L,0.9998849826445432,0
ICBHI_213_1p3_AR_001,ICBHI_213_1p3_AR,ICBHI_213,1,ICBHI,AKGC417L,0.9993881659799272,0
ICBHI_213_1p3_AR_002,ICBHI_213_1p3_AR,ICBHI_213,1,ICBHI,AKGC417L,0.99811046134216,0
ICBHI_213_1p3_AR_003,ICBHI_213_1p3_AR,ICBHI_213,1,ICBHI,AKGC417L,0.9997346976231016,0
ICBHI_213_1p3_AR_004,ICBHI_213_1p3_AR,ICBHI_213,1,ICBHI,AKGC417L,0.9993280721932551,0
ICBHI_213_1p3_AR_005,ICBHI_213_1p3_AR,ICBHI_213,1,ICBHI,AKGC417L,0.9989877139083392,0
ICBHI_213_1p3_AR_006,ICBHI_213_1p3_AR,ICBHI_213,1,ICBHI,AKGC417L,0.9998534687060928,0
ICBHI_213_1p3_PL_000,ICBHI_213_1p3_PL,ICBHI_213,1,ICBHI,AKGC417L,0.9994428882818492,0
ICBHI_213_1p3_PL_001,ICBHI_213_1p3_PL,ICBHI_213,1,ICBHI,AKGC417L,0.9996580379426712,0
ICBHI_213_1p3_PL_002,ICBHI_213_1p3_PL,ICBHI_213,1,ICBHI,AKGC417L,0.9997748317581436,0
ICBHI_213_1p3_PL_003,ICBHI_213_1p3_PL,ICBHI_213,1,ICBHI,AKGC417L,0.999852319616634,0
ICBHI_213_1p3_PL_004,ICBHI_213_1p3_PL,ICBHI_213,1,ICBHI,AKGC417L,0.999882255407716,0
ICBHI_213_1p3_PL_005,ICBHI_213_1p3_PL,ICBHI_213,1,ICBHI,AKGC417L,0.999897700145274,0
ICBHI_213_1p3_PL_006,ICBHI_213_1p3_PL,ICBHI_213,1,ICBHI,AKGC417L,0.9999221724697844,0
ICBHI_213_1p3_PR_000,ICBHI_213_1p3_PR,ICBHI_213,1,ICBHI,AKGC417L,0.9999274563817696,0
ICBHI_213_1p3_PR_001,ICBHI_213_1p3_PR,ICBHI_213,1,ICBHI,AKGC417L,0.9999171534411778,0
ICBHI_213_1p3_PR_002,ICBHI_213_1p3_PR,ICBHI_213,1,ICBHI,AKGC417L,0.9995694429186754,0
ICBHI_213_1p3_PR_003,ICBHI_213_1p3_PR,ICBHI_213,1,ICBHI,AKGC417L,0.9996002289704816,0
ICBHI_213_1p3_PR_004,ICBHI_213_1p3_PR,ICBHI_213,1,ICBHI,AKGC417L,0.9993121488449448,0
ICBHI_213_1p3_PR_005,ICBHI_213_1p3_PR,ICBHI_213,1,ICBHI,AKGC417L,0.9993332976907564,0
ICBHI_213_1p3_PR_006,ICBHI_213_1p3_PR,ICBHI_213,1,ICBHI,AKGC417L,0.9997284078672528,0
ICBHI_213_1p5_AL_000,ICBHI_213_1p5_AL,ICBHI_213,1,ICBHI,AKGC417L,0.9999407908348256,0
ICBHI_213_1p5_AL_001,ICBHI_213_1p5_AL,ICBHI_213,1,ICBHI,AKGC417L,0.9999233789813504,0
ICBHI_213_1p5_AL_002,ICBHI_213_1p5_AL,ICBHI_213,1,ICBHI,AKGC417L,0.9998867656214416,0
ICBHI_213_1p5_AL_003,ICBHI_213_1p5_AL,ICBHI_213,1,ICBHI,AKGC417L,0.9998403213486516,0
ICBHI_213_1p5_AL_004,ICBHI_213_1p5_AL,ICBHI_213,1,ICBHI,AKGC417L,0.9999274563817696,0
ICBHI_213_1p5_AL_005,ICBHI_213_1p5_AL,ICBHI_213,1,ICBHI,AKGC417L,0.9999646437492582,0
ICBHI_213_1p5_AL_006,ICBHI_213_1p5_AL,ICBHI_213,1,ICBHI,AKGC417L,0.9999501404178728,0
ICBHI_213_1p5_AR_000,ICBHI_213_1p5_AR,ICBHI_213,1,ICBHI,AKGC417L,0.998589641503382,0
ICBHI_213_1p5_AR_001,ICBHI_213_1p5_AR,ICBHI_213,1,ICBHI,AKGC417L,0.9987005725342086,0
ICBHI_213_1p5_AR_002,ICBHI_213_1p5_AR,ICBHI_213,1,ICBHI,AKGC417L,0.999955305928558,0
ICBHI_213_1p5_AR_003,ICBHI_213_1p5_AR,ICBHI_213,1,ICBHI,AKGC417L,0.9995660674829808,0
ICBHI_213_1p5_AR_004,ICBHI_213_1p5_AR,ICBHI_213,1,ICBHI,AKGC417L,0.9998103825877108,0
ICBHI_213_1p5_AR_005,ICBHI_213_1p5_AR,ICBHI_213,1,ICBHI,AKGC417L,0.9997527065386754,0
ICBHI_213_1p5_AR_006,ICBHI_213_1p5_AR,ICBHI_213,1,ICBHI,AKGC417L,0.9997901169117968,0
ICBHI_213_1p5_PL_000,ICBHI_213_1p5_PL,ICBHI_213,1,ICBHI,AKGC417L,0.9999460891559674,0
ICBHI_213_1p5_PL_001,ICBHI_213_1p5_PL,ICBHI_213,1,ICBHI,AKGC417L,0.9999680581802354,0
ICBHI_213_1p5_PL_002,ICBHI_213_1p5_PL,ICBHI_213,1,ICBHI,AKGC417L,0.999947747731596,0
ICBHI_213_1p5_PL_003,ICBHI_213_1p5_PL,ICBHI_213,1,ICBHI,AKGC417L,0.9999393868150438,0
ICBHI_213_1p5_PL_004,ICBHI_213_1p5_PL,ICBHI_213,1,ICBHI,AKGC417L,0.9999469249217734,0
ICBHI_213_1p5_PL_005,ICBHI_213_1p5_PL,ICBHI_213,1,ICBHI,AKGC417L,0.9998992859977824,0
ICBHI_213_1p5_PL_006,ICBHI_213_1p5_PL,ICBHI_213,1,ICBHI,AKGC417L,0.9997448586044048,0
ICBHI_213_1p5_PR_000,ICBHI_213_1p5_PR,ICBHI_213,1,ICBHI,AKGC417L,0.9998378071836282,0
ICBHI_213_1p5_PR_001,ICBHI_213_1p5_PR,ICBHI_213,1,ICBHI,AKGC417L,0.9989916564583438,0
ICBHI_213_1p5_PR_002,ICBHI_213_1p5_PR,ICBHI_213,1,ICBHI,AKGC417L,0.999655356825362,0
ICBHI_213_1p5_PR_003,ICBHI_213_1p5_PR,ICBHI_213,1,ICBHI,AKGC417L,0.9997305208444413,0
ICBHI_213_1p5_PR_004,ICBHI_213_1p5_PR,ICBHI_213,1,ICBHI,AKGC417L,0.999304046316105,0
ICBHI_213_1p5_PR_005,ICBHI_213_1p5_PR,ICBHI_213,1,ICBHI,AKGC417L,0.9997086299393204,0
ICBHI_213_1p5_PR_006,ICBHI_213_1p5_PR,ICBHI_213,1,ICBHI,AKGC417L,0.9999448107677008,0
ICBHI_213_1p5_TC_000,ICBHI_213_1p5_TC,ICBHI_213,1,ICBHI,AKGC417L,0.9999893838657626,0
ICBHI_213_1p5_TC_001,ICBHI_213_1p5_TC,ICBHI_213,1,ICBHI,AKGC417L,0.999991335346852,0
ICBHI_213_1p5_TC_002,ICBHI_213_1p5_TC,ICBHI_213,1,ICBHI,AKGC417L,0.9999867880417712,0
ICBHI_213_1p5_TC_003,ICBHI_213_1p5_TC,ICBHI_213,1,ICBHI,AKGC417L,0.9999916672817356,0
ICBHI_213_1p5_TC_004,ICBHI_213_1p5_TC,ICBHI_213,1,ICBHI,AKGC417L,0.999986045401392,0
ICBHI_213_1p5_TC_005,ICBHI_213_1p5_TC,ICBHI_213,1,ICBHI,AKGC417L,0.9999929281049428,0
ICBHI_213_1p5_TC_006,ICBHI_213_1p5_TC,ICBHI_213,1,ICBHI,AKGC417L,0.999981657106672,0
ICBHI_213_2p2_AL_000,ICBHI_213_2p2_AL,ICBHI_213,1,ICBHI,AKGC417L,0.9999412515771348,0
ICBHI_213_2p2_AL_001,ICBHI_213_2p2_AL,ICBHI_213,1,ICBHI,AKGC417L,0.9998103825877108,0
ICBHI_213_2p2_AL_002,ICBHI_213_2p2_AL,ICBHI_213,1,ICBHI,AKGC417L,0.999620015485248,0
ICBHI_213_2p2_AL_003,ICBHI_213_2p2_AL,ICBHI_213,1,ICBHI,AKGC417L,0.9996724157021404,0
ICBHI_213_2p2_AL_004,ICBHI_213_2p2_AL,ICBHI_213,1,ICBHI,AKGC417L,0.9995140439276148,0
ICBHI_213_2p2_AL_005,ICBHI_213_2p2_AL,ICBHI_213,1,ICBHI,AKGC417L,0.9996125238661848,0
ICBHI_213_2p2_AL_006,ICBHI_213_2p2_AL,ICBHI_213,1,ICBHI,AKGC417L,0.999406978970643,0
ICBHI_213_2p2_AR_000,ICBHI_213_2p2_AR,ICBHI_213,1,ICBHI,AKGC417L,0.9999804741147912,0
ICBHI_213_2p2_AR_001,ICBHI_213_2p2_AR,ICBHI_213,1,ICBHI,AKGC417L,0.9996874121901304,0
ICBHI_213_2p2_AR_002,ICBHI_213_2p2_AR,ICBHI_213,1,ICBHI,AKGC417L,0.9998232548618964,0
ICBHI_213_2p2_AR_003,ICBHI_213_2p2_AR,ICBHI_213,1,ICBHI,AKGC417L,0.9999296881573309,0
ICBHI_213_2p2_AR_004,ICBHI_213_2p2_AR,ICBHI_213,1,ICBHI,AKGC417L,0.9992021665183656,0
ICBHI_213_2p2_AR_005,ICBHI_213_2p2_AR,ICBHI_213,1,ICBHI,AKGC417L,0.9999118107684012,0
ICBHI_213_2p2_AR_006,ICBHI_213_2p2_AR,ICBHI_213,1,ICBHI,AKGC417L,0.9998378071836282,0
ICBHI_213_2p2_PL_000,ICBHI_213_2p2_PL,ICBHI_213,1,ICBHI,AKGC417L,0.9983896426295432,0
ICBHI_213_2p2_PL_001,ICBHI_213_2p2_PL,ICBHI_213,1,ICBHI,AKGC417L,0.998475213608774,0
ICBHI_213_2p2_PL_002,ICBHI_213_2p2_PL,ICBHI_213,1,ICBHI,AKGC417L,0.9995557816410784,0
ICBHI_213_2p2_PL_003,ICBHI_213_2p2_PL,ICBHI_213,1,ICBHI,AKGC417L,0.9986435982025386,0
ICBHI_213_2p2_PL_004,ICBHI_213_2p2_PL,ICBHI_213,1,ICBHI,AKGC417L,0.9953724699521328,0
ICBHI_213_2p2_PL_005,ICBHI_213_2p2_PL,ICBHI_213,1,ICBHI,AKGC417L,0.9990709966240232,0
ICBHI_213_2p2_PL_006,ICBHI_213_2p2_PL,ICBHI_213,1,ICBHI,AKGC417L,0.9999090115964008,0
ICBHI_213_2p2_PR_000,ICBHI_213_2p2_PR,ICBHI_213,1,ICBHI,AKGC417L,0.99985797635977,0
ICBHI_213_2p2_PR_001,ICBHI_213_2p2_PR,ICBHI_213,1,ICBHI,AKGC417L,0.9996633377881102,0
ICBHI_213_2p2_PR_002,ICBHI_213_2p2_PR,ICBHI_213,1,ICBHI,AKGC417L,0.999539894138721,0
ICBHI_213_2p2_PR_003,ICBHI_213_2p2_PR,ICBHI_213,1,ICBHI,AKGC417L,0.9997884711265388,0
ICBHI_213_2p2_PR_004,ICBHI_213_2p2_PR,ICBHI_213,1,ICBHI,AKGC417L,0.9987306355296328,0
ICBHI_213_2p2_PR_005,ICBHI_213_2p2_PR,ICBHI_213,1,ICBHI,AKGC417L,0.9992620804070852,0
ICBHI_213_2p2_PR_006,ICBHI_213_2p2_PR,ICBHI_213,1,ICBHI,AKGC417L,0.9998162154299904,0
ICBHI_213_2p2_TC_000,ICBHI_213_2p2_TC,ICBHI_213,1,ICBHI,AKGC417L,0.9999542460876916,0
ICBHI_213_2p2_TC_001,ICBHI_213_2p2_TC,ICBHI_213,1,ICBHI,AKGC417L,0.999947747731596,0
ICBHI_213_2p2_TC_002,ICBHI_213_2p2_TC,ICBHI_213,1,ICBHI,AKGC417L,0.9999850289163076,0
ICBHI_213_2p2_TC_003,ICBHI_213_2p2_TC,ICBHI_213,1,ICBHI,AKGC417L,0.999979854309147,0
ICBHI_213_2p2_TC_004,ICBHI_213_2p2_TC,ICBHI_213,1,ICBHI,AKGC417L,0.9999489580923075,0
ICBHI_213_2p2_TC_005,ICBHI_213_2p2_TC,ICBHI_213,1,ICBHI,AKGC417L,0.999976076490557,0
ICBHI_213_2p2_TC_006,ICBHI_213_2p2_TC,ICBHI_213,1,ICBHI,AKGC417L,0.999969520858075,0
ICBHI_109_1b1_AL_000,ICBHI_109_1b1_AL,ICBHI_109,1,ICBHI,Litt3200,0.9999991877342828,1
ICBHI_109_1b1_AL_001,ICBHI_109_1b1_AL,ICBHI_109,1,ICBHI,Litt3200,0.999998280435023,1
ICBHI_109_1b1_AL_002,ICBHI_109_1b1_AL,ICBHI_109,1,ICBHI,Litt3200,0.9999985855240012,1
ICBHI_109_1b1_AL_003,ICBHI_109_1b1_AL,ICBHI_109,1,ICBHI,Litt3200,0.9999963311366906,1
ICBHI_109_1b1_AL_004,ICBHI_109_1b1_AL,ICBHI_109,1,ICBHI,Litt3200,0.999997458649795,1
ICBHI_109_1b1_AL_005,ICBHI_109_1b1_AL,ICBHI_109,1,ICBHI,Litt3200,0.9999992661790194,1
ICBHI_109_1b1_AL_006,ICBHI_109_1b1_AL,ICBHI_109,1,ICBHI,Litt3200,0.9999991009038888,1
ICBHI_109_1b1_AR_000,ICBHI_109_1b1_AR,ICBHI_109,1,ICBHI,Litt3200,0.9999998754349322,1
ICBHI_109_1b1_AR_001,ICBHI_109_1b1_AR,ICBHI_109,1,ICBHI,Litt3200,0.9999988810570568,1
ICBHI_109_1b1_AR_002,ICBHI_109_1b1_AR,ICBHI_109,1,ICBHI,Litt3200,0.9999992661790194,1
ICBHI_109_1b1_AR_003,ICBHI_109_1b1_AR,ICBHI_109,1,ICBHI,Litt3200,0.9999995719658814,1
ICBHI_109_1b1_AR_004,ICBHI_109_1b1_AR,ICBHI_109,1,ICBHI,Litt3200,0.9999997192883304,1
ICBHI_109_1b1_AR_005,ICBHI_109_1b1_AR,ICBHI_109,1,ICBHI,Litt3200,0.9999997503298648,1
ICBHI_109_1b1_LL_000,ICBHI_109_1b1_LL,ICBHI_109,1,ICBHI,Litt3200,0.9999998485673934,1
ICBHI_109_1b1_LL_001,ICBHI_109_1b1_LL,ICBHI_109,1,ICBHI,Litt3200,0.999999736295786,1
ICBHI_109_1b1_LL_002,ICBHI_109_1b1_LL,ICBHI_109,1,ICBHI,Litt3200,0.9999998566264884,1
ICBHI_109_1b1_LL_003,ICBHI_109_1b1_LL,ICBHI_109,1,ICBHI,Litt3200,0.9999997847708828,1
ICBHI_109_1b1_LL_004,ICBHI_109_1b1_LL,ICBHI_109,1,ICBHI,Litt3200,0.9999998310647226,1
ICBHI_109_1b1_LR_000,ICBHI_109_1b1_LR,ICBHI_109,1,ICBHI,Litt3200,0.9999996423640822,1
ICBHI_109_1b1_LR_001,ICBHI_109_1b1_LR,ICBHI_109,1,ICBHI,Litt3200,0.99999966403214,1
ICBHI_109_1b1_LR_002,ICBHI_109_1b1_LR,ICBHI_109,1,ICBHI,Litt3200,0.9999993820607084,1
ICBHI_109_1b1_LR_003,ICBHI_109_1b1_LR,ICBHI_109,1,ICBHI,Litt3200,0.9999995719658814,1
ICBHI_109_1b1_LR_004,ICBHI_109_1b1_LR,ICBHI_109,1,ICBHI,Litt3200,0.9999998229573508,1
ICBHI_109_1b1_PL_000,ICBHI_109_1b1_PL,ICBHI_109,1,ICBHI,Litt3200,0.9999989651468596,1
ICBHI_109_1b1_PL_001,ICBHI_109_1b1_PL,ICBHI_109,1,ICBHI,Litt3200,0.999998346310414,1
ICBHI_109_1b1_PL_002,ICBHI_109_1b1_PL,ICBHI_109,1,ICBHI,Litt3200,0.9999992546230292,1
ICBHI_109_1b1_PL_003,ICBHI_109_1b1_PL,ICBHI_109,1,ICBHI,Litt3200,0.9999997881077004,1
ICBHI_109_1b1_PL_004,ICBHI_109_1b1_PL,ICBHI_109,1,ICBHI,Litt3200,0.9999998173374148,1
ICBHI_109_1b1_PL_005,ICBHI_109_1b1_PL,ICBHI_109,1,ICBHI,Litt3200,0.9999996892805154,1
ICBHI_109_1b1_PR_000,ICBHI_109_1b1_PR,ICBHI_109,1,ICBHI,Litt3200,0.9999997580114054,1
ICBHI_109_1b1_PR_001,ICBHI_109_1b1_PR,ICBHI_109,1,ICBHI,Litt3200,0.999999424017222,1
ICBHI_109_1b1_PR_002,ICBHI_109_1b1_PR,ICBHI_109,1,ICBHI,Litt3200,0.9999994057335768,1
ICBHI_109_1b1_PR_003,ICBHI_109_1b1_PR,ICBHI_109,1,ICBHI,Litt3200,0.999999789756659,1
ICBHI_109_1b1_PR_004,ICBHI_109_1b1_PR,ICBHI_109,1,ICBHI,Litt3200,0.9999997257910072,1
ICBHI_109_1b1_PR_005,ICBHI_109_1b1_PR,ICBHI_109,1,ICBHI,Litt3200,0.9999989811907544,1
ICBHI_109_1b1_PR_006,ICBHI_109_1b1_PR,ICBHI_109,1,ICBHI,Litt3200,0.9999995686087696,1
ICBHI_109_1b1_PR_007,ICBHI_109_1b1_PR,ICBHI_109,1,ICBHI,Litt3200,0.9999998388008308,1
ICBHI_109_1b1_PR_008,ICBHI_109_1b1_PR,ICBHI_109,1,ICBHI,Litt3200,0.9999998229573508,1
ICBHI_109_1b1_PR_009,ICBHI_109_1b1_PR,ICBHI_109,1,ICBHI,Litt3200,0.9999995947454324,1
ICBHI_109_1b1_PR_010,ICBHI_109_1b1_PR,ICBHI_109,1,ICBHI,Litt3200,0.999999717086682,1
ICBHI_114_1b4_AL_000,ICBHI_114_1b4_AL,ICBHI_114,1,ICBHI,AKGC417L,0.9999831675894818,1
ICBHI_114_1b4_AL_001,ICBHI_114_1b4_AL,ICBHI_114,1,ICBHI,AKGC417L,0.9999722483497768,1
ICBHI_114_1b4_AL_002,ICBHI_114_1b4_AL,ICBHI_114,1,ICBHI,AKGC417L,0.999975509174774,1
ICBHI_114_1b4_AL_003,ICBHI_114_1b4_AL,ICBHI_114,1,ICBHI,AKGC417L,0.9999745335960528,1
ICBHI_114_1b4_AL_004,ICBHI_114_1b4_AL,ICBHI_114,1,ICBHI,AKGC417L,0.9999184377532614,1
ICBHI_114_1b4_AL_005,ICBHI_114_1b4_AL,ICBHI_114,1,ICBHI,AKGC417L,0.9999733114704276,1
ICBHI_114_1b4_AL_006,ICBHI_114_1b4_AL,ICBHI_114,1,ICBHI,AKGC417L,0.9999690408962896,1
ICBHI_114_1b4_AR_000,ICBHI_114_1b4_AR,ICBHI_114,1,ICBHI,AKGC417L,0.9999911988996202,1
ICBHI_114_1b4_AR_001,ICBHI_114_1b4_AR,ICBHI_114,1,ICBHI,AKGC417L,0.999997458649795,1
ICBHI_114_1b4_AR_002,ICBHI_114_1b4_AR,ICBHI_114,1,ICBHI,AKGC417L,0.9999963023615456,1
ICBHI_114_1b4_AR_003,ICBHI_114_1b4_AR,ICBHI_114,1,ICBHI,AKGC417L,0.999997051983386,1
ICBHI_114_1b4_AR_004,ICBHI_114_1b4_AR,ICBHI_114,1,ICBHI,AKGC417L,0.9999886991916666,1
ICBHI_114_1b4_AR_005,ICBHI_114_1b4_AR,ICBHI_114,1,ICBHI,AKGC417L,0.999983428547494,1
ICBHI_114_1b4_AR_006,ICBHI_114_1b4_AR,ICBHI_114,1,ICBHI,AKGC417L,0.9999777008010003,1
ICBHI_114_1b4_LR_000,ICBHI_114_1b4_LR,ICBHI_114,1,ICBHI,AKGC417L,0.9999697580414662,1
ICBHI_114_1b4_LR_001,ICBHI_114_1b4_LR,ICBHI_114,1,ICBHI,AKGC417L,0.9999097196098496,1
ICBHI_114_1b4_LR_002,ICBHI_114_1b4_LR,ICBHI_114,1,ICBHI,AKGC417L,0.9999680581802354,1
ICBHI_114_1b4_LR_003,ICBHI_114_1b4_LR,ICBHI_114,1,ICBHI,AKGC417L,0.9999756997592568,1
ICBHI_114_1b4_LR_004,ICBHI_114_1b4_LR,ICBHI_114,1,ICBHI,AKGC417L,0.9998902490946596,1
ICBHI_114_1b4_LR_005,ICBHI_114_1b4_LR,ICBHI_114,1,ICBHI,AKGC417L,0.999969520858075,1
ICBHI_114_1b4_LR_006,ICBHI_114_1b4_LR,ICBHI_114,1,ICBHI,AKGC417L,0.9999605574132482,1
ICBHI_114_1b4_PL_000,ICBHI_114_1b4_PL,ICBHI_114,1,ICBHI,AKGC417L,0.999911119153162,1
ICBHI_114_1b4_PL_001,ICBHI_114_1b4_PL,ICBHI_114,1,ICBHI,AKGC417L,0.9997284078672528,1
ICBHI_114_1b4_PL_002,ICBHI_114_1b4_PL,ICBHI_114,1,ICBHI,AKGC417L,0.9999864747334484,1
ICBHI_114_1b4_PL_003,ICBHI_114_1b4_PL,ICBHI_114,1,ICBHI,AKGC417L,0.999991469678702,1
ICBHI_114_1b4_PL_004,ICBHI_114_1b4_PL,ICBHI_114,1,ICBHI,AKGC417L,0.99999235346265,1
ICBHI_114_1b4_PL_005,ICBHI_114_1b4_PL,ICBHI_114,1,ICBHI,AKGC417L,0.9999976312007312,1
ICBHI_114_1b4_PL_006,ICBHI_114_1b4_PL,ICBHI_114,1,ICBHI,AKGC417L,0.999997757265646,1
ICBHI_114_1b4_PR_000,ICBHI_114_1b4_PR,ICBHI_114,1,ICBHI,AKGC417L,0.9999886105593376,1
ICBHI_114_1b4_PR_001,ICBHI_114_1b4_PR,ICBHI_114,1,ICBHI,AKGC417L,0.9998204720306532,1
ICBHI_114_1b4_PR_002,ICBHI_114_1b4_PR,ICBHI_114,1,ICBHI,AKGC417L,0.9996898440132872,1
ICBHI_114_1b4_PR_003,ICBHI_114_1b4_PR,ICBHI_114,1,ICBHI,AKGC417L,0.9999124970023934,1
ICBHI_114_1b4_PR_004,ICBHI_114_1b4_PR,ICBHI_114,1,ICBHI,AKGC417L,0.9999884312038202,1
ICBHI_114_1b4_PR_005,ICBHI_114_1b4_PR,ICBHI_114,1,ICBHI,AKGC417L,0.9999988634362894,1
ICBHI_114_1b4_PR_006,ICBHI_114_1b4_PR,ICBHI_114,1,ICBHI,AKGC417L,0.9999898700090192,1
ICBHI_126_1b1_AL_000,ICBHI_126_1b1_AL,ICBHI_126,0,ICBHI,Meditron,6.69158608681505e-10,1
ICBHI_126_1b1_AL_001,ICBHI_126_1b1_AL,ICBHI_126,0,ICBHI,Meditron,3.4715491303421526e-10,1
ICBHI_126_1b1_AL_002,ICBHI_126_1b1_AL,ICBHI_126,0,ICBHI,Meditron,4.2534309070530306e-10,1
ICBHI_126_1b1_AL_003,ICBHI_126_1b1_AL,ICBHI_126,0,ICBHI,Meditron,3.4177277497294675e-10,1
ICBHI_126_1b1_AL_004,ICBHI_126_1b1_AL,ICBHI_126,0,ICBHI,Meditron,1.086151631767227e-09,1
ICBHI_126_1b1_AL_005,ICBHI_126_1b1_AL,ICBHI_126,0,ICBHI,Meditron,1.2501528648238603e-09,1
ICBHI_126_1b1_AL_006,ICBHI_126_1b1_AL,ICBHI_126,0,ICBHI,Meditron,5.022314242340825e-09,1
ICBHI_133_2p2_AL_000,ICBHI_133_2p2_AL,ICBHI_133,1,ICBHI,AKGC417L,0.999988063975192,1
ICBHI_133_2p2_AL_001,ICBHI_133_2p2_AL,ICBHI_133,1,ICBHI,AKGC417L,0.9997448586044048,1
ICBHI_133_2p2_AL_002,ICBHI_133_2p2_AL,ICBHI_133,1,ICBHI,AKGC417L,0.9998259945644729,1
ICBHI_133_2p2_AL_003,ICBHI_133_2p2_AL,ICBHI_133,1,ICBHI,AKGC417L,0.9997817579447292,1
ICBHI_133_2p2_AL_004,ICBHI_133_2p2_AL,ICBHI_133,1,ICBHI,AKGC417L,0.9989474314594652,1
ICBHI_133_2p2_AL_005,ICBHI_133_2p2_AL,ICBHI_133,1,ICBHI,AKGC417L,0.9980199600403348,1
ICBHI_133_2p2_AL_006,ICBHI_133_2p2_AL,ICBHI_133,1,ICBHI,AKGC417L,0.9984451866509576,1
ICBHI_133_2p2_AR_000,ICBHI_133_2p2_AR,ICBHI_133,1,ICBHI,AKGC417L,0.9999771720028072,1
ICBHI_133_2p2_AR_001,ICBHI_133_2p2_AR,ICBHI_133,1,ICBHI,AKGC417L,0.9999800110810232,1
ICBHI_133_2p2_AR_002,ICBHI_133_2p2_AR,ICBHI_133,1,ICBHI,AKGC417L,0.9999775259101455,1
ICBHI_133_2p2_AR_003,ICBHI_133_2p2_AR,ICBHI_133,1,ICBHI,AKGC417L,0.9999941828105032,1
ICBHI_133_2p2_AR_004,ICBHI_133_2p2_AR,ICBHI_133,1,ICBHI,AKGC417L,0.999995252143229,1
ICBHI_133_2p2_AR_005,ICBHI_133_2p2_AR,ICBHI_133,1,ICBHI,AKGC417L,0.999971590257054,1
ICBHI_133_2p2_AR_006,ICBHI_133_2p2_AR,ICBHI_133,1,ICBHI,AKGC417L,0.9999460891559674,1
ICBHI_133_2p2_PL_000,ICBHI_133_2p2_PL,ICBHI_133,1,ICBHI,AKGC417L,0.999999035410741,1
ICBHI_133_2p2_PL_001,ICBHI_133_2p2_PL,ICBHI_133,1,ICBHI,AKGC417L,0.999996982073398,1
ICBHI_133_2p2_PL_002,ICBHI_133_2p2_PL,ICBHI_133,1,ICBHI,AKGC417L,0.9999937590693306,1
ICBHI_133_2p2_PL_003,ICBHI_133_2p2_PL,ICBHI_133,1,ICBHI,AKGC417L,0.9999958749879831,1
ICBHI_133_2p2_PL_004,ICBHI_133_2p2_PL,ICBHI_133,1,ICBHI,AKGC417L,0.999998422038254,1
ICBHI_133_2p2_PL_005,ICBHI_133_2p2_PL,ICBHI_133,1,ICBHI,AKGC417L,0.9999987995495544,1
ICBHI_133_2p2_PL_006,ICBHI_133_2p2_PL,ICBHI_133,1,ICBHI,AKGC417L,0.9999988810570568,1
ICBHI_133_2p2_TC_000,ICBHI_133_2p2_TC,ICBHI_133,1,ICBHI,AKGC417L,0.999998422038254,1
ICBHI_133_2p2_TC_001,ICBHI_133_2p2_TC,ICBHI_133,1,ICBHI,AKGC417L,0.9999949062949968,1
ICBHI_133_2p2_TC_002,ICBHI_133_2p2_TC,ICBHI_133,1,ICBHI,AKGC417L,0.9999931456827884,1
ICBHI_133_2p2_TC_003,ICBHI_133_2p2_TC,ICBHI_133,1,ICBHI,AKGC417L,0.999992703620534,1
ICBHI_133_2p2_TC_004,ICBHI_133_2p2_TC,ICBHI_133,1,ICBHI,AKGC417L,0.9999902580790988,1
ICBHI_133_2p2_TC_005,ICBHI_133_2p2_TC,ICBHI_133,1,ICBHI,AKGC417L,0.9999893006032806,1
ICBHI_133_2p2_TC_006,ICBHI_133_2p2_TC,ICBHI_133,1,ICBHI,AKGC417L,0.9999908483068468,1
ICBHI_133_2p3_AL_000,ICBHI_133_2p3_AL,ICBHI_133,1,ICBHI,AKGC417L,0.9999546021312976,1
ICBHI_133_2p3_AL_001,ICBHI_133_2p3_AL,ICBHI_133,1,ICBHI,AKGC417L,0.9999520504168802,1
ICBHI_133_2p3_AL_002,ICBHI_133_2p3_AL,ICBHI_133,1,ICBHI,AKGC417L,0.9998893884028536,1
ICBHI_133_2p3_AL_003,ICBHI_133_2p3_AL,ICBHI_133,1,ICBHI,AKGC417L,0.9988839857401568,1
ICBHI_133_2p3_AL_004,ICBHI_133_2p3_AL,ICBHI_133,1,ICBHI,AKGC417L,0.9999706884614404,1
ICBHI_133_2p3_AL_005,ICBHI_133_2p3_AL,ICBHI_133,1,ICBHI,AKGC417L,0.9999692818145453,1
ICBHI_133_2p3_AL_006,ICBHI_133_2p3_AL,ICBHI_133,1,ICBHI,AKGC417L,0.9984021545059828,1
ICBHI_133_2p3_AR_000,ICBHI_133_2p3_AR,ICBHI_133,1,ICBHI,AKGC417L,0.9998686482029348,1
ICBHI_133_2p3_AR_001,ICBHI_133_2p3_AR,ICBHI_133,1,ICBHI,AKGC417L,0.9999184377532614,1
ICBHI_133_2p3_AR_002,ICBHI_133_2p3_AR,ICBHI_133,1,ICBHI,AKGC417L,0.9999800110810232,1
ICBHI_133_2p3_AR_003,ICBHI_133_2p3_AR,ICBHI_133,1,ICBHI,AKGC417L,0.9999743338656978,1
ICBHI_133_2p3_AR_004,ICBHI_133_2p3_AR,ICBHI_133,1,ICBHI,AKGC417L,0.9999000696820444,1
ICBHI_133_2p3_AR_005,ICBHI_133_2p3_AR,ICBHI_133,1,ICBHI,AKGC417L,0.999956341220406,1
ICBHI_133_2p3_AR_006,ICBHI_133_2p3_AR,ICBHI_133,1,ICBHI,AKGC417L,0.9999722483497768,1
ICBHI_133_2p3_PL_000,ICBHI_133_2p3_PL,ICBHI_133,1,ICBHI,AKGC417L,0.9999986182902574,1
ICBHI_133_2p3_PL_001,ICBHI_133_2p3_PL,ICBHI_133,1,ICBHI,AKGC417L,0.9999978766215376,1
ICBHI_133_2p3_PL_002,ICBHI_133_2p3_PL,ICBHI_133,1,ICBHI,AKGC417L,0.9999970055590188,1
ICBHI_133_2p3_PL_003,ICBHI_133_2p3_PL,ICBHI_133,1,ICBHI,AKGC417L,0.9999970055590188,1
ICBHI_133_2p3_PL_004,ICBHI_133_2p3_PL,ICBHI_133,1,ICBHI,AKGC417L,0.9999975938976604,1
ICBHI_133_2p3_PL_005,ICBHI_133_2p3_PL,ICBHI_133,1,ICBHI,AKGC417L,0.9999962146749086,1
ICBHI_133_2p3_PL_006,ICBHI_133_2p3_PL,ICBHI_133,1,ICBHI,AKGC417L,0.9999978262671778,1
ICBHI_133_2p3_PR_000,ICBHI_133_2p3_PR,ICBHI_133,1,ICBHI,AKGC417L,0.9999570180579528,1
ICBHI_133_2p3_PR_001,ICBHI_133_2p3_PR,ICBHI_133,1,ICBHI,AKGC417L,0.9999865799864952,1
ICBHI_133_2p3_PR_002,ICBHI_133_2p3_PR,ICBHI_133,1,ICBHI,AKGC417L,0.9999831675894818,1
ICBHI_133_2p3_PR_003,ICBHI_133_2p3_PR,ICBHI_133,1,ICBHI,AKGC417L,0.9999675551860864,1
ICBHI_133_2p3_PR_004,ICBHI_133_2p3_PR,ICBHI_133,1,ICBHI,AKGC417L,0.9999826332806948,1
ICBHI_133_2p3_PR_005,ICBHI_133_2p3_PR,ICBHI_133,1,ICBHI,AKGC417L,0.9999896297856968,1
ICBHI_133_2p3_PR_006,ICBHI_133_2p3_PR,ICBHI_133,1,ICBHI,AKGC417L,0.9999847931596292,1
ICBHI_133_2p3_TC_000,ICBHI_133_2p3_TC,ICBHI_133,1,ICBHI,AKGC417L,0.9999981837775962,1
ICBHI_133_2p3_TC_001,ICBHI_133_2p3_TC,ICBHI_133,1,ICBHI,AKGC417L,0.9999980361956357,1
ICBHI_133_2p3_TC_002,ICBHI_133_2p3_TC,ICBHI_133,1,ICBHI,AKGC417L,0.999992588720128,1
ICBHI_133_2p3_TC_003,ICBHI_133_2p3_TC,ICBHI_133,1,ICBHI,AKGC417L,0.9999935104605292,1
ICBHI_133_2p3_TC_004,ICBHI_133_2p3_TC,ICBHI_133,1,ICBHI,AKGC417L,0.9999928167396002,1
ICBHI_133_2p3_TC_005,ICBHI_133_2p3_TC,ICBHI_133,1,ICBHI,AKGC417L,0.9999915360616272,1
ICBHI_133_2p3_TC_006,ICBHI_133_2p3_TC,ICBHI_133,1,ICBHI,AKGC417L,0.999905387373387,1
ICBHI_133_2p4_AL_000,ICBHI_133_2p4_AL,ICBHI_133,1,ICBHI,AKGC417L,0.9999184377532614,1
ICBHI_133_2p4_AL_001,ICBHI_133_2p4_AL,ICBHI_133,1,ICBHI,AKGC417L,0.9975465717403024,1
ICBHI_133_2p4_AL_002,ICBHI_133_2p4_AL,ICBHI_133,1,ICBHI,AKGC417L,0.9998476324523258,1
ICBHI_133_2p4_AL_003,ICBHI_133_2p4_AL,ICBHI_133,1,ICBHI,AKGC417L,0.99943852125386,1
ICBHI_133_2p4_AL_004,ICBHI_133_2p4_AL,ICBHI_133,1,ICBHI,AKGC417L,0.9694979473172858,1
ICBHI_133_2p4_AL_005,ICBHI_133_2p4_AL,ICBHI_133,1,ICBHI,AKGC417L,0.9733928914303028,1
ICBHI_133_2p4_AL_006,ICBHI_133_2p4_AL,ICBHI_133,1,ICBHI,AKGC417L,0.9996672587165932,1
ICBHI_133_2p4_AR_000,ICBHI_133_2p4_AR,ICBHI_133,1,ICBHI,AKGC417L,0.9999417087343389,1
ICBHI_133_2p4_AR_001,ICBHI_133_2p4_AR,ICBHI_133,1,ICBHI,AKGC417L,0.9999675551860864,1
ICBHI_133_2p4_AR_002,ICBHI_133_2p4_AR,ICBHI_133,1,ICBHI,AKGC417L,0.9999917964674984,1
ICBHI_133_2p4_AR_003,ICBHI_133_2p4_AR,ICBHI_133,1,ICBHI,AKGC417L,0.9999894664803044,1
ICBHI_133_2p4_AR_004,ICBHI_133_2p4_AR,ICBHI_133,1,ICBHI,AKGC417L,0.9999955745094438,1
ICBHI_133_2p4_AR_005,ICBHI_133_2p4_AR,ICBHI_133,1,ICBHI,AKGC417L,0.9999901046676852,1
ICBHI_133_2p4_AR_006,ICBHI_133_2p4_AR,ICBHI_133,1,ICBHI,AKGC417L,0.9999985060157208,1
ICBHI_133_2p4_PL_000,ICBHI_133_2p4_PL,ICBHI_133,1,ICBHI,AKGC417L,0.9999975175199628,1
ICBHI_133_2p4_PL_001,ICBHI_133_2p4_PL,ICBHI_133,1,ICBHI,AKGC417L,0.9999946618442948,1
ICBHI_133_2p4_PL_002,ICBHI_133_2p4_PL,ICBHI_133,1,ICBHI,AKGC417L,0.999998155176308,1
ICBHI_133_2p4_PL_003,ICBHI_133_2p4_PL,ICBHI_133,1,ICBHI,AKGC417L,0.99999768607378,1
ICBHI_133_2p4_PL_004,ICBHI_133_2p4_PL,ICBHI_133,1,ICBHI,AKGC417L,0.999996958403578,1
ICBHI_133_2p4_PL_005,ICBHI_133_2p4_PL,ICBHI_133,1,ICBHI,AKGC417L,0.9999977219477992,1
ICBHI_133_2p4_PL_006,ICBHI_133_2p4_PL,ICBHI_133,1,ICBHI,AKGC417L,0.9999982938167612,1
ICBHI_133_2p4_PR_000,ICBHI_133_2p4_PR,ICBHI_133,1,ICBHI,AKGC417L,0.9999720306969742,1
ICBHI_133_2p4_PR_001,ICBHI_133_2p4_PR,ICBHI_133,1,ICBHI,AKGC417L,0.9999854895214452,1
ICBHI_133_2p4_PR_002,ICBHI_133_2p4_PR,ICBHI_133,1,ICBHI,AKGC417L,0.999982768427248,1
ICBHI_133_2p4_PR_003,ICBHI_133_2p4_PR,ICBHI_133,1,ICBHI,AKGC417L,0.999981074851754,1
ICBHI_133_2p4_PR_004,ICBHI_133_2p4_PR,ICBHI_133,1,ICBHI,AKGC417L,0.9999790518128678,1
ICBHI_133_2p4_PR_005,ICBHI_133_2p4_PR,ICBHI_133,1,ICBHI,AKGC417L,0.9999815132442365,1
ICBHI_133_2p4_PR_006,ICBHI_133_2p4_PR,ICBHI_133,1,ICBHI,AKGC417L,0.999975509174774,1
ICBHI_133_2p4_TC_000,ICBHI_133_2p4_TC,ICBHI_133,1,ICBHI,AKGC417L,0.999995252143229,1
ICBHI_133_2p4_TC_001,ICBHI_133_2p4_TC,ICBHI_133,1,ICBHI,AKGC417L,0.9999948260812298,1
ICBHI_133_2p4_TC_002,ICBHI_133_2p4_TC,ICBHI_133,1,ICBHI,AKGC417L,0.9999911298723466,1
ICBHI_133_2p4_TC_003,ICBHI_133_2p4_TC,ICBHI_133,1,ICBHI,AKGC417L,0.9999887871342686,1
ICBHI_133_2p4_TC_004,ICBHI_133_2p4_TC,ICBHI_133,1,ICBHI,AKGC417L,0.9999809264228076,1
ICBHI_133_2p4_TC_005,ICBHI_133_2p4_TC,ICBHI_133,1,ICBHI,AKGC417L,0.9999972305941888,1
ICBHI_133_2p4_TC_006,ICBHI_133_2p4_TC,ICBHI_133,1,ICBHI,AKGC417L,0.9999901816730165,1
ICBHI_133_3p2_AL_000,ICBHI_133_3p2_AL,ICBHI_133,1,ICBHI,AKGC417L,0.9999963880169388,1
ICBHI_133_3p2_AL_001,ICBHI_133_3p2_AL,ICBHI_133,1,ICBHI,AKGC417L,0.999989216687777,1
ICBHI_133_3p2_AL_002,ICBHI_133_3p2_AL,ICBHI_133,1,ICBHI,AKGC417L,0.999978217350137,1
ICBHI_133_3p2_AL_003,ICBHI_133_3p2_AL,ICBHI_133,1,ICBHI,AKGC417L,0.9999934082658262,1
ICBHI_133_3p2_AL_004,ICBHI_133_3p2_AL,ICBHI_133,1,ICBHI,AKGC417L,0.999990333890596,1
ICBHI_133_3p2_AL_005,ICBHI_133_3p2_AL,ICBHI_133,1,ICBHI,AKGC417L,0.9999986182902574,1
ICBHI_133_3p2_AL_006,ICBHI_133_3p2_AL,ICBHI_133,1,ICBHI,AKGC417L,0.999970226885616,1
ICBHI_133_3p2_AR_000,ICBHI_133_3p2_AR,ICBHI_133,1,ICBHI,AKGC417L,0.999999619298556,1
ICBHI_133_3p2_AR_001,ICBHI_133_3p2_AR,ICBHI_133,1,ICBHI,AKGC417L,0.9999980207933576,1
ICBHI_133_3p2_AR_002,ICBHI_133_3p2_AR,ICBHI_133,1,ICBHI,AKGC417L,0.999988156860974,1
ICBHI_133_3p2_AR_003,ICBHI_133_3p2_AR,ICBHI_133,1,ICBHI,AKGC417L,0.999997757265646,1
ICBHI_133_3p2_AR_004,ICBHI_133_3p2_AR,ICBHI_133,1,ICBHI,AKGC417L,0.9999996281174924,1
ICBHI_133_3p2_AR_005,ICBHI_133_3p2_AR,ICBHI_133,1,ICBHI,AKGC417L,0.999999691698553,1
ICBHI_133_3p2_AR_006,ICBHI_133_3p2_AR,ICBHI_133,1,ICBHI,AKGC417L,0.9999937101214124,1
ICBHI_133_3p2_PL_000,ICBHI_133_3p2_PL,ICBHI_133,1,ICBHI,AKGC417L,0.9999982938167612,1
ICBHI_133_3p2_PL_001,ICBHI_133_3p2_PL,ICBHI_133,1,ICBHI,AKGC417L,0.9999993772141536,1
ICBHI_133_3p2_PL_002,ICBHI_133_3p2_PL,ICBHI_133,1,ICBHI,AKGC417L,0.999997757265646,1
ICBHI_133_3p2_PL_003,ICBHI_133_3p2_PL,ICBHI_133,1,ICBHI,AKGC417L,0.9999982396567868,1
ICBHI_133_3p2_PL_004,ICBHI_133_3p2_PL,ICBHI_133,1,ICBHI,AKGC417L,0.9999978599677096,1
ICBHI_133_3p2_PL_005,ICBHI_133_3p2_PL,ICBHI_133,1,ICBHI,AKGC417L,0.9999985965315256,1
ICBHI_133_3p2_PL_006,ICBHI_133_3p2_PL,ICBHI_133,1,ICBHI,AKGC417L,0.9999984942982746,1
ICBHI_133_3p2_PR_000,ICBHI_133_3p2_PR,ICBHI_133,1,ICBHI,AKGC417L,0.9999966854570412,1
ICBHI_133_3p2_PR_001,ICBHI_133_3p2_PR,ICBHI_133,1,ICBHI,AKGC417L,0.9999911988996202,1
ICBHI_133_3p2_PR_002,ICBHI_133_3p2_PR,ICBHI_133,1,ICBHI,AKGC417L,0.9999935104605292,1
ICBHI_133_3p2_PR_003,ICBHI_133_3p2_PR,ICBHI_133,1,ICBHI,AKGC417L,0.9999856024412594,1
ICBHI_133_3p2_PR_004,ICBHI_133_3p2_PR,ICBHI_133,1,ICBHI,AKGC417L,0.9999822214481368,1
ICBHI_133_3p2_PR_005,ICBHI_133_3p2_PR,ICBHI_133,1,ICBHI,AKGC417L,0.99999590708895,1
ICBHI_133_3p2_PR_006,ICBHI_133_3p2_PR,ICBHI_133,1,ICBHI,AKGC417L,0.9999919865006012,1
ICBHI_133_3p4_TC_000,ICBHI_133_3p4_TC,ICBHI_133,1,ICBHI,AKGC417L,0.9999998173374148,1
ICBHI_133_3p4_TC_001,ICBHI_133_3p4_TC,ICBHI_133,1,ICBHI,AKGC417L,0.9999994149468184,1
ICBHI_133_3p4_TC_002,ICBHI_133_3p4_TC,ICBHI_133,1,ICBHI,AKGC417L,0.9999981695328136,1
ICBHI_133_3p4_TC_003,ICBHI_133_3p4_TC,ICBHI_133,1,ICBHI,AKGC417L,0.999994137185988,1
ICBHI_133_3p4_TC_004,ICBHI_133_3p4_TC,ICBHI_133,1,ICBHI,AKGC417L,0.9999937590693306,1
ICBHI_133_3p4_TC_005,ICBHI_133_3p4_TC,ICBHI_133,1,ICBHI,AKGC417L,0.999998629042793,1
ICBHI_133_3p4_TC_006,ICBHI_133_3p4_TC,ICBHI_133,1,ICBHI,AKGC417L,0.9999973983835684,1
ICBHI_134_2b1_AL_000,ICBHI_134_2b1_AL,ICBHI_134,1,ICBHI,LittC2SE,0.9999983591795074,1
ICBHI_134_2b1_AL_001,ICBHI_134_2b1_AL,ICBHI_134,1,ICBHI,LittC2SE,0.9999988810570568,1
ICBHI_134_2b1_AL_002,ICBHI_134_2b1_AL,ICBHI_134,1,ICBHI,LittC2SE,0.999999483692344,1
ICBHI_134_2b1_AL_003,ICBHI_134_2b1_AL,ICBHI_134,1,ICBHI,LittC2SE,0.9999879703609156,1
ICBHI_134_2b1_AL_004,ICBHI_134_2b1_AL,ICBHI_134,1,ICBHI,LittC2SE,0.9999907765298898,1
ICBHI_134_2b1_AL_005,ICBHI_134_2b1_AL,ICBHI_134,1,ICBHI,LittC2SE,0.9999505284090237,1
ICBHI_134_2b1_AL_006,ICBHI_134_2b1_AL,ICBHI_134,1,ICBHI,LittC2SE,0.9999728911986344,1
ICBHI_134_2b1_AR_000,ICBHI_134_2b1_AR,ICBHI_134,1,ICBHI,LittC2SE,0.9999987121047844,1
ICBHI_134_2b1_AR_001,ICBHI_134_2b1_AR,ICBHI_134,1,ICBHI,LittC2SE,0.9999995719658814,1
ICBHI_134_2b1_AR_002,ICBHI_134_2b1_AR,ICBHI_134,1,ICBHI,LittC2SE,0.999998320268636,1
ICBHI_134_2b1_AR_003,ICBHI_134_2b1_AR,ICBHI_134,1,ICBHI,LittC2SE,0.9999980052702784,1
ICBHI_134_2b1_AR_004,ICBHI_134_2b1_AR,ICBHI_134,1,ICBHI,LittC2SE,0.999999619298556,1
ICBHI_134_2b1_AR_005,ICBHI_134_2b1_AR,ICBHI_134,1,ICBHI,LittC2SE,0.9999998388008308,1
ICBHI_134_2b1_AR_006,ICBHI_134_2b1_AR,ICBHI_134,1,ICBHI,LittC2SE,0.9999998159047746,1
ICBHI_134_2b2_AL_000,ICBHI_134_2b2_AL,ICBHI_134,1,ICBHI,LittC2SE,0.999998320268636,1
ICBHI_134_2b2_AL_001,ICBHI_134_2b2_AL,ICBHI_134,1,ICBHI,LittC2SE,0.9999973157996194,1
ICBHI_134_2b2_AL_002,ICBHI_134_2b2_AL,ICBHI_134,1,ICBHI,LittC2SE,0.9999963596879076,1
ICBHI_134_2b2_AL_003,ICBHI_134_2b2_AL,ICBHI_134,1,ICBHI,LittC2SE,0.9999977219477992,1
ICBHI_134_2b2_AL_004,ICBHI_134_2b2_AL,ICBHI_134,1,ICBHI,LittC2SE,0.9999957440466032,1
ICBHI_134_2b2_AL_005,ICBHI_134_2b2_AL,ICBHI_134,1,ICBHI,LittC2SE,0.9999793765777086,1
ICBHI_134_2b2_AL_006,ICBHI_134_2b2_AL,ICBHI_134,1,ICBHI,LittC2SE,0.9999735191567124,1
ICBHI_134_2b2_AR_000,ICBHI_134_2b2_AR,ICBHI_134,1,ICBHI,LittC2SE,0.9999991813636088,1
ICBHI_134_2b2_AR_001,ICBHI_134_2b2_AR,ICBHI_134,1,ICBHI,LittC2SE,0.999999463124996,1
ICBHI_134_2b2_AR_002,ICBHI_134_2b2_AR,ICBHI_134,1,ICBHI,LittC2SE,0.9999981979115256,1
ICBHI_134_2b2_AR_003,ICBHI_134_2b2_AR,ICBHI_134,1,ICBHI,LittC2SE,0.9999962441324314,1
ICBHI_134_2b2_AR_004,ICBHI_134_2b2_AR,ICBHI_134,1,ICBHI,LittC2SE,0.99999764963483,1
ICBHI_134_2b2_AR_005,ICBHI_134_2b2_AR,ICBHI_134,1,ICBHI,LittC2SE,0.9999958100287684,1
ICBHI_134_2b2_AR_006,ICBHI_134_2b2_AR,ICBHI_134,1,ICBHI,LittC2SE,0.9999991940553796,1
ICBHI_134_2b3_AR_000,ICBHI_134_2b3_AR,ICBHI_134,1,ICBHI,LittC2SE,0.999998780645234,1
ICBHI_134_2b3_AR_001,ICBHI_134_2b3_AR,ICBHI_134,1,ICBHI,LittC2SE,0.9999997035093924,1
ICBHI_134_2b3_AR_002,ICBHI_134_2b3_AR,ICBHI_134,1,ICBHI,LittC2SE,0.9999996964783224,1
ICBHI_134_2b3_AR_003,ICBHI_134_2b3_AR,ICBHI_134,1,ICBHI,LittC2SE,0.9999995149738282,1
ICBHI_134_2b3_AR_004,ICBHI_134_2b3_AR,ICBHI_134,1,ICBHI,LittC2SE,0.999996762238098,1
ICBHI_134_2b3_AR_005,ICBHI_134_2b3_AR,ICBHI_134,1,ICBHI,LittC2SE,0.9999970749249664,1
ICBHI_134_2b3_AR_006,ICBHI_134_2b3_AR,ICBHI_134,1,ICBHI,LittC2SE,0.9999920488616524,1
ICBHI_139_1b1_AL_000,ICBHI_139_1b1_AL,ICBHI_139,1,ICBHI,Litt3200,0.9999993574448212,1
ICBHI_139_1b1_AL_001,ICBHI_139_1b1_AL,ICBHI_139,1,ICBHI,Litt3200,0.9999988364834892,1
ICBHI_139_1b1_AL_002,ICBHI_139_1b1_AL,ICBHI_139,1,ICBHI,Litt3200,0.9999996133033828,1
ICBHI_139_1b1_AL_003,ICBHI_139_1b1_AL,ICBHI_139,1,ICBHI,Litt3200,0.9999995224934584,1
ICBHI_139_1b1_AL_004,ICBHI_139_1b1_AL,ICBHI_139,1,ICBHI,Litt3200,0.9999997236403602,1
ICBHI_139_1b1_AL_005,ICBHI_139_1b1_AL,ICBHI_139,1,ICBHI,Litt3200,0.999999633882994,1
ICBHI_139_1b1_AR_000,ICBHI_139_1b1_AR,ICBHI_139,1,ICBHI,Litt3200,0.9999995915669828,1
ICBHI_139_1b1_AR_001,ICBHI_139_1b1_AR,ICBHI_139,1,ICBHI,Litt3200,0.9999996102704848,1
ICBHI_139_1b1_AR_002,ICBHI_139_1b1_AR,ICBHI_139,1,ICBHI,Litt3200,0.9999995111697226,1
ICBHI_139_1b1_AR_003,ICBHI_139_1b1_AR,ICBHI_139,1,ICBHI,Litt3200,0.999999347326056,1
ICBHI_139_1b1_AR_004,ICBHI_139_1b1_AR,ICBHI_139,1,ICBHI,Litt3200,0.9999993524052015,1
ICBHI_139_1b1_LL_000,ICBHI_139_1b1_LL,ICBHI_139,1,ICBHI,Litt3200,0.9999990795824586,1
ICBHI_139_1b1_LL_001,ICBHI_139_1b1_LL,ICBHI_139,1,ICBHI,Litt3200,0.9999991813636088,1
ICBHI_139_1b1_LL_002,ICBHI_139_1b1_LL,ICBHI_139,1,ICBHI,Litt3200,0.9999991877342828,1
ICBHI_139_1b1_LL_003,ICBHI_139_1b1_LL,ICBHI_139,1,ICBHI,Litt3200,0.9999991148430696,1
ICBHI_139_1b1_LL_004,ICBHI_139_1b1_LL,ICBHI_139,1,ICBHI,Litt3200,0.999999206550383,1
ICBHI_139_1b1_LL_005,ICBHI_139_1b1_LL,ICBHI_139,1,ICBHI,Litt3200,0.99999870200371,1
ICBHI_139_1b1_LL_006,ICBHI_139_1b1_LL,ICBHI_139,1,ICBHI,Litt3200,0.9999929831384804,1
ICBHI_139_1b1_LR_000,ICBHI_139_1b1_LR,ICBHI_139,1,ICBHI,Litt3200,0.999999818758906,1
ICBHI_139_1b1_LR_001,ICBHI_139_1b1_LR,ICBHI_139,1,ICBHI,Litt3200,0.9999997011839884,1
ICBHI_139_1b1_LR_002,ICBHI_139_1b1_LR,ICBHI_139,1,ICBHI,Litt3200,0.9999991079007038,1
ICBHI_139_1b1_LR_003,ICBHI_139_1b1_LR,ICBHI_139,1,ICBHI,Litt3200,0.9999990577554062,1
ICBHI_139_1b1_PL_000,ICBHI_139_1b1_PL,ICBHI_139,1,ICBHI,Litt3200,0.9999997796668726,1
ICBHI_139_1b1_PL_001,ICBHI_139_1b1_PL,ICBHI_139,1,ICBHI,Litt3200,0.9999992887563014,1
ICBHI_139_1b1_PL_002,ICBHI_139_1b1_PL,ICBHI_139,1,ICBHI,Litt3200,0.9999995786019324,1
ICBHI_139_1b1_PL_003,ICBHI_139_1b1_PL,ICBHI_139,1,ICBHI,Litt3200,0.9999993160036008,1
ICBHI_139_1b1_PR_000,ICBHI_139_1b1_PR,ICBHI_139,1,ICBHI,Litt3200,0.999999653367379,1
ICBHI_139_1b1_PR_001,ICBHI_139_1b1_PR,ICBHI_139,1,ICBHI,Litt3200,0.9999997690928676,1
ICBHI_139_1b1_PR_002,ICBHI_139_1b1_PR,ICBHI_139,1,ICBHI,Litt3200,0.9999997192883304,1
ICBHI_139_1b1_PR_003,ICBHI_139_1b1_PR,ICBHI_139,1,ICBHI,Litt3200,0.9999994755616856,1
ICBHI_139_1b1_PR_004,ICBHI_139_1b1_PR,ICBHI_139,1,ICBHI,Litt3200,0.9999995915669828,1
ICBHI_146_2b2_PL_000,ICBHI_146_2b2_PL,ICBHI_146,1,ICBHI,AKGC417L,0.9999981407072032,1
ICBHI_146_2b2_PL_001,ICBHI_146_2b2_PL,ICBHI_146,1,ICBHI,AKGC417L,0.9999995371847832,1
ICBHI_146_2b2_PL_002,ICBHI_146_2b2_PL,ICBHI_146,1,ICBHI,AKGC417L,0.9999996133033828,1
ICBHI_146_2b2_PL_003,ICBHI_146_2b2_PL,ICBHI_146,1,ICBHI,AKGC417L,0.999999748371678,1
ICBHI_146_2b2_PL_004,ICBHI_146_2b2_PL,ICBHI_146,1,ICBHI,AKGC417L,0.9999983719484528,1
ICBHI_146_2b2_PL_005,ICBHI_146_2b2_PL,ICBHI_146,1,ICBHI,AKGC417L,0.9999960019007532,1
ICBHI_146_2b2_PL_006,ICBHI_146_2b2_PL,ICBHI_146,1,ICBHI,AKGC417L,0.9999973366881768,1
ICBHI_146_2b4_AL_000,ICBHI_146_2b4_AL,ICBHI_146,1,ICBHI,AKGC417L,0.9999949459343233,1
ICBHI_146_2b4_AL_001,ICBHI_146_2b4_AL,ICBHI_146,1,ICBHI,AKGC417L,0.9999850289163076,1
ICBHI_146_2b4_AL_002,ICBHI_146_2b4_AL,ICBHI_146,1,ICBHI,AKGC417L,0.999991923650454,1
ICBHI_146_2b4_AL_003,ICBHI_146_2b4_AL,ICBHI_146,1,ICBHI,AKGC417L,0.9999965534211156,1
ICBHI_146_2b4_AL_004,ICBHI_146_2b4_AL,ICBHI_146,1,ICBHI,AKGC417L,0.9999979419508904,1
ICBHI_146_2b4_AL_005,ICBHI_146_2b4_AL,ICBHI_146,1,ICBHI,AKGC417L,0.999997739675702,1
ICBHI_146_2b4_AL_006,ICBHI_146_2b4_AL,ICBHI_146,1,ICBHI,AKGC417L,0.9999956770253792,1
ICBHI_146_2b4_AR_000,ICBHI_146_2b4_AR,ICBHI_146,1,ICBHI,AKGC417L,0.999996982073398,1
ICBHI_146_2b4_AR_001,ICBHI_146_2b4_AR,ICBHI_146,1,ICBHI,AKGC417L,0.999995252143229,1
ICBHI_146_2b4_AR_002,ICBHI_146_2b4_AR,ICBHI_146,1,ICBHI,AKGC417L,0.9999872941775114,1
ICBHI_146_2b4_AR_003,ICBHI_146_2b4_AR,ICBHI_146,1,ICBHI,AKGC417L,0.9999949062949968,1
ICBHI_146_2b4_AR_004,ICBHI_146_2b4_AR,ICBHI_146,1,ICBHI,AKGC417L,0.9999982396567868,1
ICBHI_146_2b4_AR_005,ICBHI_146_2b4_AR,ICBHI_146,1,ICBHI,AKGC417L,0.9999952149055052,1
ICBHI_146_2b4_AR_006,ICBHI_146_2b4_AR,ICBHI_146,1,ICBHI,AKGC417L,0.9999887871342686,1
ICBHI_146_2b4_LL_000,ICBHI_146_2b4_LL,ICBHI_146,1,ICBHI,AKGC417L,0.9999785550515792,1
ICBHI_146_2b4_LL_001,ICBHI_146_2b4_LL,ICBHI_146,1,ICBHI,AKGC417L,0.9999815132442365,1
ICBHI_146_2b4_LL_002,ICBHI_146_2b4_LL,ICBHI_146,1,ICBHI,AKGC417L,0.99998739305376,1
ICBHI_146_2b4_LL_003,ICBHI_146_2b4_LL,ICBHI_146,1,ICBHI,AKGC417L,0.999982768427248,1
ICBHI_146_2b4_LL_004,ICBHI_146_2b4_LL,ICBHI_146,1,ICBHI,AKGC417L,0.999990333890596,1
ICBHI_146_2b4_LL_005,ICBHI_146_2b4_LL,ICBHI_146,1,ICBHI,AKGC417L,0.9999952890911696,1
ICBHI_146_2b4_LL_006,ICBHI_146_2b4_LL,ICBHI_146,1,ICBHI,AKGC417L,0.9999928167396002,1
ICBHI_146_2b4_LR_000,ICBHI_146_2b4_LR,ICBHI_146,1,ICBHI,AKGC417L,0.9999864747334484,1
ICBHI_146_2b4_LR_001,ICBHI_146_2b4_LR,ICBHI_146,1,ICBHI,AKGC417L,0.9999935609622008,1
ICBHI_146_2b4_LR_002,ICBHI_146_2b4_LR,ICBHI_146,1,ICBHI,AKGC417L,0.9999973779788912,1
ICBHI_146_2b4_LR_003,ICBHI_146_2b4_LR,ICBHI_146,1,ICBHI,AKGC417L,0.9999851454204745,1
ICBHI_146_2b4_LR_004,ICBHI_146_2b4_LR,ICBHI_146,1,ICBHI,AKGC417L,0.9999520504168802,1
ICBHI_146_2b4_LR_005,ICBHI_146_2b4_LR,ICBHI_146,1,ICBHI,AKGC417L,0.9999620683777022,1
ICBHI_146_2b4_LR_006,ICBHI_146_2b4_LR,ICBHI_146,1,ICBHI,AKGC417L,0.9999934595627732,1
ICBHI_146_2b4_PR_000,ICBHI_146_2b4_PR,ICBHI_146,1,ICBHI,AKGC417L,0.999999337047944,1
ICBHI_146_2b4_PR_001,ICBHI_146_2b4_PR,ICBHI_146,1,ICBHI,AKGC417L,0.9999997813815182,1
ICBHI_146_2b4_PR_002,ICBHI_146_2b4_PR,ICBHI_146,1,ICBHI,AKGC417L,0.999999844976273,1
ICBHI_146_2b4_PR_003,ICBHI_146_2b4_PR,ICBHI_146,1,ICBHI,AKGC417L,0.9999998773661344,1
ICBHI_146_2b4_PR_004,ICBHI_146_2b4_PR,ICBHI_146,1,ICBHI,AKGC417L,0.9999994796428948,1
ICBHI_146_2b4_PR_005,ICBHI_146_2b4_PR,ICBHI_146,1,ICBHI,AKGC417L,0.9999981261246162,1
ICBHI_146_2b4_PR_006,ICBHI_146_2b4_PR,ICBHI_146,1,ICBHI,AKGC417L,0.9999997214728452,1
ICBHI_146_8p3_AL_000,ICBHI_146_8p3_AL,ICBHI_146,1,ICBHI,AKGC417L,0.9999898700090192,1
ICBHI_146_8p3_AL_001,ICBHI_146_8p3_AL,ICBHI_146,1,ICBHI,AKGC417L,0.9999935104605292,1
ICBHI_146_8p3_AL_002,ICBHI_146_8p3_AL,ICBHI_146,1,ICBHI,AKGC417L,0.9999967368440992,1
ICBHI_146_8p3_AL_003,ICBHI_146_8p3_AL,ICBHI_146,1,ICBHI,AKGC417L,0.9999952890911696,1
ICBHI_146_8p3_AL_004,ICBHI_146_8p3_AL,ICBHI_146,1,ICBHI,AKGC417L,0.9999944056622864,1
ICBHI_146_8p3_AL_005,ICBHI_146_8p3_AL,ICBHI_146,1,ICBHI,AKGC417L,0.9999104221144852,1
ICBHI_146_8p3_AL_006,ICBHI_146_8p3_AL,ICBHI_146,1,ICBHI,AKGC417L,0.9999614710645828,1
ICBHI_146_8p3_AR_000,ICBHI_146_8p3_AR,ICBHI_146,1,ICBHI,AKGC417L,0.9999835575054402,1
ICBHI_146_8p3_AR_001,ICBHI_146_8p3_AR,ICBHI_146,1,ICBHI,AKGC417L,0.9999659981798992,1
ICBHI_146_8p3_AR_002,ICBHI_146_8p3_AR,ICBHI_146,1,ICBHI,AKGC417L,0.9999722483497768,1
ICBHI_146_8p3_AR_003,ICBHI_146_8p3_AR,ICBHI_146,1,ICBHI,AKGC417L,0.9999813682535154,1
ICBHI_146_8p3_AR_004,ICBHI_146_8p3_AR,ICBHI_146,1,ICBHI,AKGC417L,0.9999670442714496,1
ICBHI_146_8p3_AR_005,ICBHI_146_8p3_AR,ICBHI_146,1,ICBHI,AKGC417L,0.9999815132442365,1
ICBHI_146_8p3_AR_006,ICBHI_146_8p3_AR,ICBHI_146,1,ICBHI,AKGC417L,0.9999787219339408,1
ICBHI_146_8p3_LR_000,ICBHI_146_8p3_LR,ICBHI_146,1,ICBHI,AKGC417L,0.999975509174774,1
ICBHI_146_8p3_LR_001,ICBHI_146_8p3_LR,ICBHI_146,1,ICBHI,AKGC417L,0.9999762626603652,1
ICBHI_146_8p3_LR_002,ICBHI_146_8p3_LR,ICBHI_146,1,ICBHI,AKGC417L,0.9999778743309043,1
ICBHI_146_8p3_LR_003,ICBHI_146_8p3_LR,ICBHI_146,1,ICBHI,AKGC417L,0.999974928406152,1
ICBHI_146_8p3_LR_004,ICBHI_146_8p3_LR,ICBHI_146,1,ICBHI,AKGC417L,0.9999762626603652,1
ICBHI_146_8p3_LR_005,ICBHI_146_8p3_LR,ICBHI_146,1,ICBHI,AKGC417L,0.9999841873975543,1
ICBHI_146_8p3_LR_006,ICBHI_146_8p3_LR,ICBHI_146,1,ICBHI,AKGC417L,0.9999801666329398,1
ICBHI_146_8p3_PL_000,ICBHI_146_8p3_PL,ICBHI_146,1,ICBHI,AKGC417L,0.999996910505552,1
ICBHI_146_8p3_PL_001,ICBHI_146_8p3_PL,ICBHI_146,1,ICBHI,AKGC417L,0.999997051983386,1
ICBHI_146_8p3_PL_002,ICBHI_146_8p3_PL,ICBHI_146,1,ICBHI,AKGC417L,0.9999976126220526,1
ICBHI_146_8p3_PL_003,ICBHI_146_8p3_PL,ICBHI_146,1,ICBHI,AKGC417L,0.9999984824889274,1
ICBHI_146_8p3_PL_004,ICBHI_146_8p3_PL,ICBHI_146,1,ICBHI,AKGC417L,0.999998307094362,1
ICBHI_146_8p3_PL_005,ICBHI_146_8p3_PL,ICBHI_146,1,ICBHI,AKGC417L,0.9999981979115256,1
ICBHI_146_8p3_PL_006,ICBHI_146_8p3_PL,ICBHI_146,1,ICBHI,AKGC417L,0.999996526389356,1
ICBHI_146_8p3_PR_000,ICBHI_146_8p3_PR,ICBHI_146,1,ICBHI,AKGC417L,0.99998739305376,1
ICBHI_146_8p3_PR_001,ICBHI_146_8p3_PR,ICBHI_146,1,ICBHI,AKGC417L,0.9999790518128678,1
ICBHI_146_8p3_PR_002,ICBHI_146_8p3_PR,ICBHI_146,1,ICBHI,AKGC417L,0.9999662627752351,1
ICBHI_146_8p3_PR_003,ICBHI_146_8p3_PR,ICBHI_146,1,ICBHI,AKGC417L,0.9999138534937618,1
ICBHI_146_8p3_PR_004,ICBHI_146_8p3_PR,ICBHI_146,1,ICBHI,AKGC417L,0.9999280208800508,1
ICBHI_146_8p3_PR_005,ICBHI_146_8p3_PR,ICBHI_146,1,ICBHI,AKGC417L,0.9999722483497768,1
ICBHI_146_8p3_PR_006,ICBHI_146_8p3_PR,ICBHI_146,1,ICBHI,AKGC417L,0.9999957440466032,1
ICBHI_151_2p2_AL_000,ICBHI_151_2p2_AL,ICBHI_151,1,ICBHI,AKGC417L,0.9999999163709662,1
ICBHI_151_2p2_AL_001,ICBHI_151_2p2_AL,ICBHI_151,1,ICBHI,AKGC417L,0.9999994417383392,1
ICBHI_151_2p2_AL_002,ICBHI_151_2p2_AL,ICBHI_151,1,ICBHI,AKGC417L,0.9999983719484528,1
ICBHI_151_2p2_AL_003,ICBHI_151_2p2_AL,ICBHI_151,1,ICBHI,AKGC417L,0.9999626564310372,1
ICBHI_151_2p2_AL_004,ICBHI_151_2p2_AL,ICBHI_151,1,ICBHI,AKGC417L,0.9999907765298898,1
ICBHI_151_2p2_AL_005,ICBHI_151_2p2_AL,ICBHI_151,1,ICBHI,AKGC417L,0.9999886991916666,1
ICBHI_151_2p2_AL_006,ICBHI_151_2p2_AL,ICBHI_151,1,ICBHI,AKGC417L,0.9999643664566282,1
ICBHI_151_2p2_AR_000,ICBHI_151_2p2_AR,ICBHI_151,1,ICBHI,AKGC417L,0.9999984824889274,1
ICBHI_151_2p2_AR_001,ICBHI_151_2p2_AR,ICBHI_151,1,ICBHI,AKGC417L,0.9999975938976604,1
ICBHI_151_2p2_AR_002,ICBHI_151_2p2_AR,ICBHI_151,1,ICBHI,AKGC417L,0.9999985632492776,1
ICBHI_151_2p2_AR_003,ICBHI_151_2p2_AR,ICBHI_151,1,ICBHI,AKGC417L,0.9999988088915228,1
ICBHI_151_2p2_AR_004,ICBHI_151_2p2_AR,ICBHI_151,1,ICBHI,AKGC417L,0.999997051983386,1
ICBHI_151_2p2_AR_005,ICBHI_151_2p2_AR,ICBHI_151,1,ICBHI,AKGC417L,0.9999973157996194,1
ICBHI_151_2p2_AR_006,ICBHI_151_2p2_AR,ICBHI_151,1,ICBHI,AKGC417L,0.9999963311366906,1
ICBHI_151_2p2_LL_000,ICBHI_151_2p2_LL,ICBHI_151,1,ICBHI,AKGC417L,0.9999917321269276,1
ICBHI_151_2p2_LL_001,ICBHI_151_2p2_LL,ICBHI_151,1,ICBHI,AKGC417L,0.999998225850268,1
ICBHI_151_2p2_LL_002,ICBHI_151_2p2_LL,ICBHI_151,1,ICBHI,AKGC417L,0.9999960019007532,1
ICBHI_151_2p2_LL_003,ICBHI_151_2p2_LL,ICBHI_151,1,ICBHI,AKGC417L,0.999989216687777,1
ICBHI_151_2p2_LL_004,ICBHI_151_2p2_LL,ICBHI_151,1,ICBHI,AKGC417L,0.9999974186294556,1
ICBHI_151_2p2_LL_005,ICBHI_151_2p2_LL,ICBHI_151,1,ICBHI,AKGC417L,0.9999991619502226,1
ICBHI_151_2p2_LL_006,ICBHI_151_2p2_LL,ICBHI_151,1,ICBHI,AKGC417L,0.9999981979115256,1
ICBHI_151_2p2_LR_000,ICBHI_151_2p2_LR,ICBHI_151,1,ICBHI,AKGC417L,0.999994137185988,1
ICBHI_151_2p2_LR_001,ICBHI_151_2p2_LR,ICBHI_151,1,ICBHI,AKGC417L,0.9999925305931738,1
ICBHI_151_2p2_LR_002,ICBHI_151_2p2_LR,ICBHI_151,1,ICBHI,AKGC417L,0.9999893006032806,1
ICBHI_151_2p2_LR_003,ICBHI_151_2p2_LR,ICBHI_151,1,ICBHI,AKGC417L,0.9999973779788912,1
ICBHI_151_2p2_LR_004,ICBHI_151_2p2_LR,ICBHI_151,1,ICBHI,AKGC417L,0.9999990723635408,1
ICBHI_151_2p2_LR_005,ICBHI_151_2p2_LR,ICBHI_151,1,ICBHI,AKGC417L,0.999996762238098,1
ICBHI_151_2p2_LR_006,ICBHI_151_2p2_LR,ICBHI_151,1,ICBHI,AKGC417L,0.9999840633797528,1
ICBHI_151_2p2_PL_000,ICBHI_151_2p2_PL,ICBHI_151,1,ICBHI,AKGC417L,0.9999967368440992,1
ICBHI_151_2p2_PL_001,ICBHI_151_2p2_PL,ICBHI_151,1,ICBHI,AKGC417L,0.9999955745094438,1
ICBHI_151_2p2_PL_002,ICBHI_151_2p2_PL,ICBHI_151,1,ICBHI,AKGC417L,0.9999908483068468,1
ICBHI_151_2p2_PL_003,ICBHI_151_2p2_PL,ICBHI_151,1,ICBHI,AKGC417L,0.9998339615304626,1
ICBHI_151_2p2_PL_004,ICBHI_151_2p2_PL,ICBHI_151,1,ICBHI,AKGC417L,0.999710896743592,1
ICBHI_151_2p2_PL_005,ICBHI_151_2p2_PL,ICBHI_151,1,ICBHI,AKGC417L,0.9974490875787134,1
ICBHI_151_2p2_PL_006,ICBHI_151_2p2_PL,ICBHI_151,1,ICBHI,AKGC417L,0.9999869928715336,1
ICBHI_151_2p2_PR_000,ICBHI_151_2p2_PR,ICBHI_151,1,ICBHI,AKGC417L,0.999996982073398,1
ICBHI_151_2p2_PR_001,ICBHI_151_2p2_PR,ICBHI_151,1,ICBHI,AKGC417L,0.9999985176419814,1
ICBHI_151_2p2_PR_002,ICBHI_151_2p2_PR,ICBHI_151,1,ICBHI,AKGC417L,0.9999972088735304,1
ICBHI_151_2p2_PR_003,ICBHI_151_2p2_PR,ICBHI_151,1,ICBHI,AKGC417L,0.9999971202739208,1
ICBHI_151_2p2_PR_004,ICBHI_151_2p2_PR,ICBHI_151,1,ICBHI,AKGC417L,0.99999913534769,1
ICBHI_151_2p2_PR_005,ICBHI_151_2p2_PR,ICBHI_151,1,ICBHI,AKGC417L,0.9999948663447784,1
ICBHI_151_2p2_PR_006,ICBHI_151_2p2_PR,ICBHI_151,1,ICBHI,AKGC417L,0.9999925305931738,1
ICBHI_151_2p2_TC_000,ICBHI_151_2p2_TC,ICBHI_151,1,ICBHI,AKGC417L,0.99999590708895,1
ICBHI_151_2p2_TC_001,ICBHI_151_2p2_TC,ICBHI_151,1,ICBHI,AKGC417L,0.9999960019007532,1
ICBHI_151_2p2_TC_002,ICBHI_151_2p2_TC,ICBHI_151,1,ICBHI,AKGC417L,0.9999982938167612,1
ICBHI_151_2p2_TC_003,ICBHI_151_2p2_TC,ICBHI_151,1,ICBHI,AKGC417L,0.9999960019007532,1
ICBHI_151_2p2_TC_004,ICBHI_151_2p2_TC,ICBHI_151,1,ICBHI,AKGC417L,0.9999925305931738,1
ICBHI_151_2p2_TC_005,ICBHI_151_2p2_TC,ICBHI_151,1,ICBHI,AKGC417L,0.9999924720103308,1
ICBHI_151_2p2_TC_006,ICBHI_151_2p2_TC,ICBHI_151,1,ICBHI,AKGC417L,0.9999963596879076,1
ICBHI_151_2p3_AL_000,ICBHI_151_2p3_AL,ICBHI_151,1,ICBHI,AKGC417L,0.9999973574141792,1
ICBHI_151_2p3_AL_001,ICBHI_151_2p3_AL,ICBHI_151,1,ICBHI,AKGC417L,0.9999685533766776,1
ICBHI_151_2p3_AL_002,ICBHI_151_2p3_AL,ICBHI_151,1,ICBHI,AKGC417L,0.999998320268636,1
ICBHI_151_2p3_AL_003,ICBHI_151_2p3_AL,ICBHI_151,1,ICBHI,AKGC417L,0.9999989811907544,1
ICBHI_151_2p3_AL_004,ICBHI_151_2p3_AL,ICBHI_151,1,ICBHI,AKGC417L,0.9999990278453812,1
ICBHI_151_2p3_AL_005,ICBHI_151_2p3_AL,ICBHI_151,1,ICBHI,AKGC417L,0.9999970749249664,1
ICBHI_151_2p3_AL_006,ICBHI_151_2p3_AL,ICBHI_151,1,ICBHI,AKGC417L,0.999995539800046,1
ICBHI_151_2p3_AR_000,ICBHI_151_2p3_AR,ICBHI_151,1,ICBHI,AKGC417L,0.9999982938167612,1
ICBHI_151_2p3_AR_001,ICBHI_151_2p3_AR,ICBHI_151,1,ICBHI,AKGC417L,0.9999981114276572,1
ICBHI_151_2p3_AR_002,ICBHI_151_2p3_AR,ICBHI_151,1,ICBHI,AKGC417L,0.9999994103581922,1
ICBHI_151_2p3_AR_003,ICBHI_151_2p3_AR,ICBHI_151,1,ICBHI,AKGC417L,0.9999952890911696,1
ICBHI_151_2p3_AR_004,ICBHI_151_2p3_AR,ICBHI_151,1,ICBHI,AKGC417L,0.9999988088915228,1
ICBHI_151_2p3_AR_005,ICBHI_151_2p3_AR,ICBHI_151,1,ICBHI,AKGC417L,0.9999974980496794,1
ICBHI_151_2p3_AR_006,ICBHI_151_2p3_AR,ICBHI_151,1,ICBHI,AKGC417L,0.9999936110708704,1
ICBHI_151_2p3_LL_000,ICBHI_151_2p3_LL,ICBHI_151,1,ICBHI,AKGC417L,0.9999460891559674,1
ICBHI_151_2p3_LL_001,ICBHI_151_2p3_LL,ICBHI_151,1,ICBHI,AKGC417L,0.9999197021571548,1
ICBHI_151_2p3_LL_002,ICBHI_151_2p3_LL,ICBHI_151,1,ICBHI,AKGC417L,0.9999879703609156,1
ICBHI_151_2p3_LL_003,ICBHI_151_2p3_LL,ICBHI_151,1,ICBHI,AKGC417L,0.99998896097172,1
ICBHI_151_2p3_LL_004,ICBHI_151_2p3_LL,ICBHI_151,1,ICBHI,AKGC417L,0.9998849826445432,1
ICBHI_151_2p3_LL_005,ICBHI_151_2p3_LL,ICBHI_151,1,ICBHI,AKGC417L,0.9998885209620572,1
ICBHI_151_2p3_LL_006,ICBHI_151_2p3_LL,ICBHI_151,1,ICBHI,AKGC417L,0.999897700145274,1
ICBHI_151_2p3_LR_000,ICBHI_151_2p3_LR,ICBHI_151,1,ICBHI,AKGC417L,0.9999917321269276,1
ICBHI_151_2p3_LR_001,ICBHI_151_2p3_LR,ICBHI_151,1,ICBHI,AKGC417L,0.9999962146749086,1
ICBHI_151_2p3_LR_002,ICBHI_151_2p3_LR,ICBHI_151,1,ICBHI,AKGC417L,0.9999843104502724,1
ICBHI_151_2p3_LR_003,ICBHI_151_2p3_LR,ICBHI_151,1,ICBHI,AKGC417L,0.999994492393976,1
ICBHI_151_2p3_LR_004,ICBHI_151_2p3_LR,ICBHI_151,1,ICBHI,AKGC417L,0.99999929429124,1
ICBHI_151_2p3_LR_005,ICBHI_151_2p3_LR,ICBHI_151,1,ICBHI,AKGC417L,0.9999987221272516,1
ICBHI_151_2p3_LR_006,ICBHI_151_2p3_LR,ICBHI_151,1,ICBHI,AKGC417L,0.9999954695624352,1
ICBHI_151_2p3_PL_000,ICBHI_151_2p3_PL,ICBHI_151,1,ICBHI,AKGC417L,0.9999929281049428,1
ICBHI_151_2p3_PL_001,ICBHI_151_2p3_PL,ICBHI_151,1,ICBHI,AKGC417L,0.9999800110810232,1
ICBHI_151_2p3_PL_002,ICBHI_151_2p3_PL,ICBHI_151,1,ICBHI,AKGC417L,0.9999971649198088,1
ICBHI_151_2p3_PL_003,ICBHI_151_2p3_PL,ICBHI_151,1,ICBHI,AKGC417L,0.999999035410741,1
ICBHI_151_2p3_PL_004,ICBHI_151_2p3_PL,ICBHI_151,1,ICBHI,AKGC417L,0.9999953982187528,1
ICBHI_151_2p3_PL_005,ICBHI_151_2p3_PL,ICBHI_151,1,ICBHI,AKGC417L,0.9998058868132212,1
ICBHI_151_2p3_PL_006,ICBHI_151_2p3_PL,ICBHI_151,1,ICBHI,AKGC417L,0.9997527065386754,1
ICBHI_151_2p3_PR_000,ICBHI_151_2p3_PR,ICBHI_151,1,ICBHI,AKGC417L,0.9999953621267028,1
ICBHI_151_2p3_PR_001,ICBHI_151_2p3_PR,ICBHI_151,1,ICBHI,AKGC417L,0.9999980966154292,1
ICBHI_151_2p3_PR_002,ICBHI_151_2p3_PR,ICBHI_151,1,ICBHI,AKGC417L,0.999994744604293,1
ICBHI_151_2p3_PR_003,ICBHI_151_2p3_PR,ICBHI_151,1,ICBHI,AKGC417L,0.9999916672817356,1
ICBHI_151_2p3_PR_004,ICBHI_151_2p3_PR,ICBHI_151,1,ICBHI,AKGC417L,0.9999980514780528,1
ICBHI_151_2p3_PR_005,ICBHI_151_2p3_PR,ICBHI_151,1,ICBHI,AKGC417L,0.9999915360616272,1
ICBHI_151_2p3_PR_006,ICBHI_151_2p3_PR,ICBHI_151,1,ICBHI,AKGC417L,0.9999917321269276,1
ICBHI_151_2p3_TC_000,ICBHI_151_2p3_TC,ICBHI_151,1,ICBHI,AKGC417L,0.9999992997831052,1
ICBHI_151_2p3_TC_001,ICBHI_151_2p3_TC,ICBHI_151,1,ICBHI,AKGC417L,0.999998780645234,1
ICBHI_151_2p3_TC_002,ICBHI_151_2p3_TC,ICBHI_151,1,ICBHI,AKGC417L,0.9999981261246162,1
ICBHI_151_2p3_TC_003,ICBHI_151_2p3_TC,ICBHI_151,1,ICBHI,AKGC417L,0.99999888976473,1
ICBHI_151_2p3_TC_004,ICBHI_151_2p3_TC,ICBHI_151,1,ICBHI,AKGC417L,0.9999996587414178,1
ICBHI_151_2p3_TC_005,ICBHI_151_2p3_TC,ICBHI_151,1,ICBHI,AKGC417L,0.9999955745094438,1
ICBHI_151_2p3_TC_006,ICBHI_151_2p3_TC,ICBHI_151,1,ICBHI,AKGC417L,0.9999922330481432,1
ICBHI_151_2p4_AL_000,ICBHI_151_2p4_AL,ICBHI_151,1,ICBHI,AKGC417L,0.9999981695328136,1
ICBHI_151_2p4_AL_001,ICBHI_151_2p4_AL,ICBHI_151,1,ICBHI,AKGC417L,0.999998155176308,1
ICBHI_151_2p4_AL_002,ICBHI_151_2p4_AL,ICBHI_151,1,ICBHI,AKGC417L,0.9999850289163076,1
ICBHI_151_2p4_AL_003,ICBHI_151_2p4_AL,ICBHI_151,1,ICBHI,AKGC417L,0.9992735124786836,1
ICBHI_151_2p4_AL_004,ICBHI_151_2p4_AL,ICBHI_151,1,ICBHI,AKGC417L,0.9979888416581738,1
ICBHI_151_2p4_AL_005,ICBHI_151_2p4_AL,ICBHI_151,1,ICBHI,AKGC417L,0.9999038975845004,1
ICBHI_151_2p4_AL_006,ICBHI_151_2p4_AL,ICBHI_151,1,ICBHI,AKGC417L,0.9999566809610064,1
ICBHI_151_2p4_AR_000,ICBHI_151_2p4_AR,ICBHI_151,1,ICBHI,AKGC417L,0.999998780645234,1
ICBHI_151_2p4_AR_001,ICBHI_151_2p4_AR,ICBHI_151,1,ICBHI,AKGC417L,0.9999968124347834,1
ICBHI_151_2p4_AR_002,ICBHI_151_2p4_AR,ICBHI_151,1,ICBHI,AKGC417L,0.9999936110708704,1
ICBHI_151_2p4_AR_003,ICBHI_151_2p4_AR,ICBHI_151,1,ICBHI,AKGC417L,0.9999926463947412,1
ICBHI_151_2p4_AR_004,ICBHI_151_2p4_AR,ICBHI_151,1,ICBHI,AKGC417L,0.9999614710645828,1
ICBHI_151_2p4_AR_005,ICBHI_151_2p4_AR,ICBHI_151,1,ICBHI,AKGC417L,0.9999824970742112,1
ICBHI_151_2p4_AR_006,ICBHI_151_2p4_AR,ICBHI_151,1,ICBHI,AKGC417L,0.9999952890911696,1
ICBHI_151_2p4_LL_000,ICBHI_151_2p4_LL,ICBHI_151,1,ICBHI,AKGC417L,0.999986368654914,1
ICBHI_151_2p4_LL_001,ICBHI_151_2p4_LL,ICBHI_151,1,ICBHI,AKGC417L,0.999989216687777,1
ICBHI_151_2p4_LL_002,ICBHI_151_2p4_LL,ICBHI_151,1,ICBHI,AKGC417L,0.9999886105593376,1
ICBHI_151_2p4_LL_003,ICBHI_151_2p4_LL,ICBHI_151,1,ICBHI,AKGC417L,0.999620015485248,1
ICBHI_151_2p4_LL_004,ICBHI_151_2p4_LL,ICBHI_151,1,ICBHI,AKGC417L,0.9997694932780068,1
ICBHI_151_2p4_LL_005,ICBHI_151_2p4_LL,ICBHI_151,1,ICBHI,AKGC417L,0.9999640869893204,1
ICBHI_151_2p4_LL_006,ICBHI_151_2p4_LL,ICBHI_151,1,ICBHI,AKGC417L,0.9999856024412594,1
ICBHI_151_2p4_LR_000,ICBHI_151_2p4_LR,ICBHI_151,1,ICBHI,AKGC417L,0.9999901046676852,1
ICBHI_151_2p4_LR_001,ICBHI_151_2p4_LR,ICBHI_151,1,ICBHI,AKGC417L,0.9999897104865146,1
ICBHI_151_2p4_LR_002,ICBHI_151_2p4_LR,ICBHI_151,1,ICBHI,AKGC417L,0.9999904091121344,1
ICBHI_151_2p4_LR_003,ICBHI_151_2p4_LR,ICBHI_151,1,ICBHI,AKGC417L,0.999983812418564,1
ICBHI_151_2p4_LR_004,ICBHI_151_2p4_LR,ICBHI_151,1,ICBHI,AKGC417L,0.9999620683777022,1
ICBHI_151_2p4_LR_005,ICBHI_151_2p4_LR,ICBHI_151,1,ICBHI,AKGC417L,0.9999307781659552,1
ICBHI_151_2p4_LR_006,ICBHI_151_2p4_LR,ICBHI_151,1,ICBHI,AKGC417L,0.9999068540695742,1
ICBHI_151_2p4_PL_000,ICBHI_151_2p4_PL,ICBHI_151,1,ICBHI,AKGC417L,0.9999580136917632,1
ICBHI_151_2p4_PL_001,ICBHI_151_2p4_PL,ICBHI_151,1,ICBHI,AKGC417L,0.999993356566558,1
ICBHI_151_2p4_PL_002,ICBHI_151_2p4_PL,ICBHI_151,1,ICBHI,AKGC417L,0.9999968618532464,1
ICBHI_151_2p4_PL_003,ICBHI_151_2p4_PL,ICBHI_151,1,ICBHI,AKGC417L,0.9999673007265776,1
ICBHI_151_2p4_PL_004,ICBHI_151_2p4_PL,ICBHI_151,1,ICBHI,AKGC417L,0.9998403213486516,1
ICBHI_151_2p4_PL_005,ICBHI_151_2p4_PL,ICBHI_151,1,ICBHI,AKGC417L,0.9992052745043748,1
ICBHI_151_2p4_PL_006,ICBHI_151_2p4_PL,ICBHI_151,1,ICBHI,AKGC417L,0.9996874121901304,1
ICBHI_151_2p4_PR_000,ICBHI_151_2p4_PR,ICBHI_151,1,ICBHI,AKGC417L,0.999999694097773,1
ICBHI_151_2p4_PR_001,ICBHI_151_2p4_PR,ICBHI_151,1,ICBHI,AKGC417L,0.999999432947002,1
ICBHI_151_2p4_PR_002,ICBHI_151_2p4_PR,ICBHI_151,1,ICBHI,AKGC417L,0.9999989570304144,1
ICBHI_151_2p4_PR_003,ICBHI_151_2p4_PR,ICBHI_151,1,ICBHI,AKGC417L,0.9999987901343164,1
ICBHI_151_2p4_PR_004,ICBHI_151_2p4_PR,ICBHI_151,1,ICBHI,AKGC417L,0.9999981114276572,1
ICBHI_151_2p4_PR_005,ICBHI_151_2p4_PR,ICBHI_151,1,ICBHI,AKGC417L,0.999988521231873,1
ICBHI_151_2p4_PR_006,ICBHI_151_2p4_PR,ICBHI_151,1,ICBHI,AKGC417L,0.9999943175647872,1
ICBHI_151_2p4_TC_000,ICBHI_151_2p4_TC,ICBHI_151,1,ICBHI,AKGC417L,0.9999968862744222,1
ICBHI_151_2p4_TC_001,ICBHI_151_2p4_TC,ICBHI_151,1,ICBHI,AKGC417L,0.9999943617855996,1
ICBHI_151_2p4_TC_002,ICBHI_151_2p4_TC,ICBHI_151,1,ICBHI,AKGC417L,0.9999967112509346,1
ICBHI_151_2p4_TC_003,ICBHI_151_2p4_TC,ICBHI_151,1,ICBHI,AKGC417L,0.999997989625451,1
ICBHI_151_2p4_TC_004,ICBHI_151_2p4_TC,ICBHI_151,1,ICBHI,AKGC417L,0.999993660789596,1
ICBHI_151_2p4_TC_005,ICBHI_151_2p4_TC,ICBHI_151,1,ICBHI,AKGC417L,0.9999955048184216,1
ICBHI_151_2p4_TC_006,ICBHI_151_2p4_TC,ICBHI_151,1,ICBHI,AKGC417L,0.9999930919240836,1
ICBHI_151_3p2_AL_000,ICBHI_151_3p2_AL,ICBHI_151,1,ICBHI,AKGC417L,0.9999806260634916,1
ICBHI_151_3p2_AL_001,ICBHI_151_3p2_AL,ICBHI_151,1,ICBHI,AKGC417L,0.9999939036394524,1
ICBHI_151_3p2_AL_002,ICBHI_151_3p2_AL,ICBHI_151,1,ICBHI,AKGC417L,0.99997953706717,1
ICBHI_151_3p2_AL_003,ICBHI_151_3p2_AL,ICBHI_151,1,ICBHI,AKGC417L,0.999989216687777,1
ICBHI_151_3p2_AL_004,ICBHI_151_3p2_AL,ICBHI_151,1,ICBHI,AKGC417L,0.9999901816730165,1
ICBHI_151_3p2_AL_005,ICBHI_151_3p2_AL,ICBHI_151,1,ICBHI,AKGC417L,0.9999829025221182,1
ICBHI_151_3p2_AL_006,ICBHI_151_3p2_AL,ICBHI_151,1,ICBHI,AKGC417L,0.999985375716016,1
ICBHI_151_3p2_AR_000,ICBHI_151_3p2_AR,ICBHI_151,1,ICBHI,AKGC417L,0.99998913211413,1
ICBHI_151_3p2_AR_001,ICBHI_151_3p2_AR,ICBHI_151,1,ICBHI,AKGC417L,0.9999836854598604,1
ICBHI_151_3p2_AR_002,ICBHI_151_3p2_AR,ICBHI_151,1,ICBHI,AKGC417L,0.9999728911986344,1
ICBHI_151_3p2_AR_003,ICBHI_151_3p2_AR,ICBHI_151,1,ICBHI,AKGC417L,0.9999952890911696,1
ICBHI_151_3p2_AR_004,ICBHI_151_3p2_AR,ICBHI_151,1,ICBHI,AKGC417L,0.999995252143229,1
ICBHI_151_3p2_AR_005,ICBHI_151_3p2_AR,ICBHI_151,1,ICBHI,AKGC417L,0.9999614710645828,1
ICBHI_151_3p2_AR_006,ICBHI_151_3p2_AR,ICBHI_151,1,ICBHI,AKGC417L,0.9999937590693306,1
ICBHI_151_3p2_LR_000,ICBHI_151_3p2_LR,ICBHI_151,1,ICBHI,AKGC417L,0.999983298578152,1
ICBHI_151_3p2_LR_001,ICBHI_151_3p2_LR,ICBHI_151,1,ICBHI,AKGC417L,0.999996471688141,1
ICBHI_151_3p2_LR_002,ICBHI_151_3p2_LR,ICBHI_151,1,ICBHI,AKGC417L,0.9999987995495544,1
ICBHI_151_3p2_LR_003,ICBHI_151_3p2_LR,ICBHI_151,1,ICBHI,AKGC417L,0.9999974387177892,1
ICBHI_151_3p2_LR_004,ICBHI_151_3p2_LR,ICBHI_151,1,ICBHI,AKGC417L,0.9999938558253978,1
ICBHI_151_3p2_LR_005,ICBHI_151_3p2_LR,ICBHI_151,1,ICBHI,AKGC417L,0.9999929281049428,1
ICBHI_151_3p2_LR_006,ICBHI_151_3p2_LR,ICBHI_151,1,ICBHI,AKGC417L,0.99999235346265,1
ICBHI_151_3p2_PL_000,ICBHI_151_3p2_PL,ICBHI_151,1,ICBHI,AKGC417L,0.999996033014085,1
ICBHI_151_3p2_PL_001,ICBHI_151_3p2_PL,ICBHI_151,1,ICBHI,AKGC417L,0.9999983333403876,1
ICBHI_151_3p2_PL_002,ICBHI_151_3p2_PL,ICBHI_151,1,ICBHI,AKGC417L,0.9999979419508904,1
ICBHI_151_3p2_PL_003,ICBHI_151_3p2_PL,ICBHI_151,1,ICBHI,AKGC417L,0.9999934082658262,1
ICBHI_151_3p2_PL_004,ICBHI_151_3p2_PL,ICBHI_151,1,ICBHI,AKGC417L,0.9999962146749086,1
ICBHI_151_3p2_PL_005,ICBHI_151_3p2_PL,ICBHI_151,1,ICBHI,AKGC417L,0.9999901046676852,1
ICBHI_151_3p2_PL_006,ICBHI_151_3p2_PL,ICBHI_151,1,ICBHI,AKGC417L,0.9999124970023934,1
ICBHI_151_3p2_PR_000,ICBHI_151_3p2_PR,ICBHI_151,1,ICBHI,AKGC417L,0.9999977219477992,1
ICBHI_151_3p2_PR_001,ICBHI_151_3p2_PR,ICBHI_151,1,ICBHI,AKGC417L,0.9999675551860864,1
ICBHI_151_3p2_PR_002,ICBHI_151_3p2_PR,ICBHI_151,1,ICBHI,AKGC417L,0.9999942280799696,1
ICBHI_151_3p2_PR_003,ICBHI_151_3p2_PR,ICBHI_151,1,ICBHI,AKGC417L,0.9999962733607158,1
ICBHI_151_3p2_PR_004,ICBHI_151_3p2_PR,ICBHI_151,1,ICBHI,AKGC417L,0.9999917964674984,1
ICBHI_151_3p2_PR_005,ICBHI_151_3p2_PR,ICBHI_151,1,ICBHI,AKGC417L,0.999997051983386,1
ICBHI_151_3p2_PR_006,ICBHI_151_3p2_PR,ICBHI_151,1,ICBHI,AKGC417L,0.9999994589142356,1
ICBHI_151_3p2_TC_000,ICBHI_151_3p2_TC,ICBHI_151,1,ICBHI,AKGC417L,0.999996762238098,1
ICBHI_151_3p2_TC_001,ICBHI_151_3p2_TC,ICBHI_151,1,ICBHI,AKGC417L,0.9999943175647872,1
ICBHI_151_3p2_TC_002,ICBHI_151_3p2_TC,ICBHI_151,1,ICBHI,AKGC417L,0.9999883404696852,1
ICBHI_151_3p2_TC_003,ICBHI_151_3p2_TC,ICBHI_151,1,ICBHI,AKGC417L,0.9999911298723466,1
ICBHI_151_3p2_TC_004,ICBHI_151_3p2_TC,ICBHI_151,1,ICBHI,AKGC417L,0.9999916672817356,1
ICBHI_151_3p2_TC_005,ICBHI_151_3p2_TC,ICBHI_151,1,ICBHI,AKGC417L,0.9999972947472318,1
ICBHI_151_3p2_TC_006,ICBHI_151_3p2_TC,ICBHI_151,1,ICBHI,AKGC417L,0.9999985406237788,1
ICBHI_151_3p3_LL_000,ICBHI_151_3p3_LL,ICBHI_151,1,ICBHI,AKGC417L,0.9999877809239794,1
ICBHI_151_3p3_LL_001,ICBHI_151_3p3_LL,ICBHI_151,1,ICBHI,AKGC417L,0.999989948840442,1
ICBHI_151_3p3_LL_002,ICBHI_151_3p3_LL,ICBHI_151,1,ICBHI,AKGC417L,0.9999963311366906,1
ICBHI_151_3p3_LL_003,ICBHI_151_3p3_LL,ICBHI_151,1,ICBHI,AKGC417L,0.9999992775558508,1
ICBHI_151_3p3_LL_004,ICBHI_151_3p3_LL,ICBHI_151,1,ICBHI,AKGC417L,0.9999991009038888,1
ICBHI_151_3p3_LL_005,ICBHI_151_3p3_LL,ICBHI_151,1,ICBHI,AKGC417L,0.9999977747187042,1
ICBHI_151_3p3_LL_006,ICBHI_151_3p3_LL,ICBHI_151,1,ICBHI,AKGC417L,0.9999971426840628,1
ICBHI_153_1b1_AL_000,ICBHI_153_1b1_AL,ICBHI_153,0,ICBHI,Meditron,0.0032986512578329,1
ICBHI_153_1b1_AL_001,ICBHI_153_1b1_AL,ICBHI_153,0,ICBHI,Meditron,0.0094857131707952,1
ICBHI_153_1b1_AL_002,ICBHI_153_1b1_AL,ICBHI_153,0,ICBHI,Meditron,0.004663654952382,1
ICBHI_153_1b1_AL_003,ICBHI_153_1b1_AL,ICBHI_153,0,ICBHI,Meditron,0.3206085499886401,1
ICBHI_153_1b1_AL_004,ICBHI_153_1b1_AL,ICBHI_153,0,ICBHI,Meditron,0.0344235494126499,1
ICBHI_153_1b1_AL_005,ICBHI_153_1b1_AL,ICBHI_153,0,ICBHI,Meditron,0.7523766320725713,1
ICBHI_153_1b1_AL_006,ICBHI_153_1b1_AL,ICBHI_153,0,ICBHI,Meditron,0.0001956353375271,1
ICBHI_158_1b3_AR_000,ICBHI_158_1b3_AR,ICBHI_158,1,ICBHI,LittC2SE,0.9985562441028796,1
ICBHI_158_1b3_AR_001,ICBHI_158_1b3_AR,ICBHI_158,1,ICBHI,LittC2SE,0.9999882490239302,1
ICBHI_158_1b3_AR_002,ICBHI_158_1b3_AR,ICBHI_158,1,ICBHI,LittC2SE,0.9954967275829107,1
ICBHI_158_1b3_AR_003,ICBHI_158_1b3_AR,ICBHI_158,1,ICBHI,LittC2SE,0.9602867432263156,1
ICBHI_158_1b3_AR_004,ICBHI_158_1b3_AR,ICBHI_158,1,ICBHI,LittC2SE,0.9960699144254948,1
ICBHI_158_1b3_AR_005,ICBHI_158_1b3_AR,ICBHI_158,1,ICBHI,LittC2SE,0.9991135010723542,1
ICBHI_158_1b3_AR_006,ICBHI_158_1b3_AR,ICBHI_158,1,ICBHI,LittC2SE,0.999877565570653,1
ICBHI_158_1p2_AL_000,ICBHI_158_1p2_AL,ICBHI_158,1,ICBHI,AKGC417L,0.9999953257515816,1
ICBHI_158_1p2_AL_001,ICBHI_158_1p2_AL,ICBHI_158,1,ICBHI,AKGC417L,0.9999992661790194,1
ICBHI_158_1p2_AL_002,ICBHI_158_1p2_AL,ICBHI_158,1,ICBHI,AKGC417L,0.9999984824889274,1
ICBHI_158_1p2_AL_003,ICBHI_158_1p2_AL,ICBHI_158,1,ICBHI,AKGC417L,0.9999949062949968,1
ICBHI_158_1p2_AL_004,ICBHI_158_1p2_AL,ICBHI_158,1,ICBHI,AKGC417L,0.9999871945257868,1
ICBHI_158_1p2_AL_005,ICBHI_158_1p2_AL,ICBHI_158,1,ICBHI,AKGC417L,0.999994535254272,1
ICBHI_158_1p2_AL_006,ICBHI_158_1p2_AL,ICBHI_158,1,ICBHI,AKGC417L,0.9999809264228076,1
ICBHI_158_1p2_AR_000,ICBHI_158_1p2_AR,ICBHI_158,1,ICBHI,AKGC417L,0.9999824970742112,1
ICBHI_158_1p2_AR_001,ICBHI_158_1p2_AR,ICBHI_158,1,ICBHI,AKGC417L,0.9999792148295648,1
ICBHI_158_1p2_AR_002,ICBHI_158_1p2_AR,ICBHI_158,1,ICBHI,AKGC417L,0.9999617708876744,1
ICBHI_158_1p2_AR_003,ICBHI_158_1p2_AR,ICBHI_158,1,ICBHI,AKGC417L,0.9999793765777086,1
ICBHI_158_1p2_AR_004,ICBHI_158_1p2_AR,ICBHI_158,1,ICBHI,AKGC417L,0.9999233789813504,1
ICBHI_158_1p2_AR_005,ICBHI_158_1p2_AR,ICBHI_158,1,ICBHI,AKGC417L,0.9999685533766776,1
ICBHI_158_1p2_AR_006,ICBHI_158_1p2_AR,ICBHI_158,1,ICBHI,AKGC417L,0.999993660789596,1
ICBHI_158_1p2_LL_000,ICBHI_158_1p2_LL,ICBHI_158,1,ICBHI,AKGC417L,0.999998307094362,1
ICBHI_158_1p2_LL_001,ICBHI_158_1p2_LL,ICBHI_158,1,ICBHI,AKGC417L,0.999993356566558,1
ICBHI_158_1p2_LL_002,ICBHI_158_1p2_LL,ICBHI_158,1,ICBHI,AKGC417L,0.999983298578152,1
ICBHI_158_1p2_LL_003,ICBHI_158_1p2_LL,ICBHI_158,1,ICBHI,AKGC417L,0.9999989239230416,1
ICBHI_158_1p2_LL_004,ICBHI_158_1p2_LL,ICBHI_158,1,ICBHI,AKGC417L,0.9999994010726904,1
ICBHI_158_1p2_LL_005,ICBHI_158_1p2_LL,ICBHI_158,1,ICBHI,AKGC417L,0.9999976126220526,1
ICBHI_158_1p2_LL_006,ICBHI_158_1p2_LL,ICBHI_158,1,ICBHI,AKGC417L,0.9999897905593262,1
ICBHI_158_1p2_LR_000,ICBHI_158_1p2_LR,ICBHI_158,1,ICBHI,AKGC417L,0.999986890856698,1
ICBHI_158_1p2_LR_001,ICBHI_158_1p2_LR,ICBHI_158,1,ICBHI,AKGC417L,0.99998913211413,1
ICBHI_158_1p2_LR_002,ICBHI_158_1p2_LR,ICBHI_158,1,ICBHI,AKGC417L,0.9998012844663928,1
ICBHI_158_1p2_LR_003,ICBHI_158_1p2_LR,ICBHI_158,1,ICBHI,AKGC417L,0.9998499943378502,1
ICBHI_158_1p2_LR_004,ICBHI_158_1p2_LR,ICBHI_158,1,ICBHI,AKGC417L,0.999971590257054,1
ICBHI_158_1p2_LR_005,ICBHI_158_1p2_LR,ICBHI_158,1,ICBHI,AKGC417L,0.9999826332806948,1
ICBHI_158_1p2_LR_006,ICBHI_158_1p2_LR,ICBHI_158,1,ICBHI,AKGC417L,0.9998088956841223,1
ICBHI_158_1p2_PL_000,ICBHI_158_1p2_PL,ICBHI_158,1,ICBHI,AKGC417L,0.9999947033859318,1
ICBHI_158_1p2_PL_001,ICBHI_158_1p2_PL,ICBHI_158,1,ICBHI,AKGC417L,0.9999854895214452,1
ICBHI_158_1p2_PL_002,ICBHI_158_1p2_PL,ICBHI_158,1,ICBHI,AKGC417L,0.9999919865006012,1
ICBHI_158_1p2_PL_003,ICBHI_158_1p2_PL,ICBHI_158,1,ICBHI,AKGC417L,0.9999971426840628,1
ICBHI_158_1p2_PL_004,ICBHI_158_1p2_PL,ICBHI_158,1,ICBHI,AKGC417L,0.9999973779788912,1
ICBHI_158_1p2_PL_005,ICBHI_158_1p2_PL,ICBHI_158,1,ICBHI,AKGC417L,0.9999867880417712,1
ICBHI_158_1p2_PL_006,ICBHI_158_1p2_PL,ICBHI_158,1,ICBHI,AKGC417L,0.9997565395350212,1
ICBHI_158_1p2_PR_000,ICBHI_158_1p2_PR,ICBHI_158,1,ICBHI,AKGC417L,0.9999984096621664,1
ICBHI_158_1p2_PR_001,ICBHI_158_1p2_PR,ICBHI_158,1,ICBHI,AKGC417L,0.9999982938167612,1
ICBHI_158_1p2_PR_002,ICBHI_158_1p2_PR,ICBHI_158,1,ICBHI,AKGC417L,0.9999960019007532,1
ICBHI_158_1p2_PR_003,ICBHI_158_1p2_PR,ICBHI_158,1,ICBHI,AKGC417L,0.9999943617855996,1
ICBHI_158_1p2_PR_004,ICBHI_158_1p2_PR,ICBHI_158,1,ICBHI,AKGC417L,0.9999869928715336,1
ICBHI_158_1p2_PR_005,ICBHI_158_1p2_PR,ICBHI_158,1,ICBHI,AKGC417L,0.9999924720103308,1
ICBHI_158_1p2_PR_006,ICBHI_158_1p2_PR,ICBHI_158,1,ICBHI,AKGC417L,0.999998629042793,1
ICBHI_158_1p2_TC_000,ICBHI_158_1p2_TC,ICBHI_158,1,ICBHI,AKGC417L,0.9999914027751382,1
ICBHI_158_1p2_TC_001,ICBHI_158_1p2_TC,ICBHI_158,1,ICBHI,AKGC417L,0.9999959389401072,1
ICBHI_158_1p2_TC_002,ICBHI_158_1p2_TC,ICBHI_158,1,ICBHI,AKGC417L,0.9999924720103308,1
ICBHI_158_1p2_TC_003,ICBHI_158_1p2_TC,ICBHI_158,1,ICBHI,AKGC417L,0.9999934595627732,1
ICBHI_158_1p2_TC_004,ICBHI_158_1p2_TC,ICBHI_158,1,ICBHI,AKGC417L,0.9999930919240836,1
ICBHI_158_1p2_TC_005,ICBHI_158_1p2_TC,ICBHI_158,1,ICBHI,AKGC417L,0.9999992309622424,1
ICBHI_158_1p2_TC_006,ICBHI_158_1p2_TC,ICBHI_158,1,ICBHI,AKGC417L,0.9999981114276572,1
ICBHI_158_1p3_AL_000,ICBHI_158_1p3_AL,ICBHI_158,1,ICBHI,AKGC417L,0.999996762238098,1
ICBHI_158_1p3_AL_001,ICBHI_158_1p3_AL,ICBHI_158,1,ICBHI,AKGC417L,0.9999897104865146,1
ICBHI_158_1p3_AL_002,ICBHI_158_1p3_AL,ICBHI_158,1,ICBHI,AKGC417L,0.9999813682535154,1
ICBHI_158_1p3_AL_003,ICBHI_158_1p3_AL,ICBHI_158,1,ICBHI,AKGC417L,0.9999978599677096,1
ICBHI_158_1p3_AL_004,ICBHI_158_1p3_AL,ICBHI_158,1,ICBHI,AKGC417L,0.9999991009038888,1
ICBHI_158_1p3_AL_005,ICBHI_158_1p3_AL,ICBHI_158,1,ICBHI,AKGC417L,0.9999993422070742,1
ICBHI_158_1p3_AL_006,ICBHI_158_1p3_AL,ICBHI_158,1,ICBHI,AKGC417L,0.99999768607378,1
ICBHI_158_1p3_AR_000,ICBHI_158_1p3_AR,ICBHI_158,1,ICBHI,AKGC417L,0.9999943617855996,1
ICBHI_158_1p3_AR_001,ICBHI_158_1p3_AR,ICBHI_158,1,ICBHI,AKGC417L,0.9999887871342686,1
ICBHI_158_1p3_AR_002,ICBHI_158_1p3_AR,ICBHI_158,1,ICBHI,AKGC417L,0.9999670442714496,1
ICBHI_158_1p3_AR_003,ICBHI_158_1p3_AR,ICBHI_158,1,ICBHI,AKGC417L,0.9999876850897588,1
ICBHI_158_1p3_AR_004,ICBHI_158_1p3_AR,ICBHI_158,1,ICBHI,AKGC417L,0.999986045401392,1
ICBHI_158_1p3_AR_005,ICBHI_158_1p3_AR,ICBHI_158,1,ICBHI,AKGC417L,0.9999813682535154,1
ICBHI_158_1p3_AR_006,ICBHI_158_1p3_AR,ICBHI_158,1,ICBHI,AKGC417L,0.9999280208800508,1
ICBHI_158_1p3_LL_000,ICBHI_158_1p3_LL,ICBHI_158,1,ICBHI,AKGC417L,0.999994137185988,1
ICBHI_158_1p3_LL_001,ICBHI_158_1p3_LL,ICBHI_158,1,ICBHI,AKGC417L,0.9999916019279652,1
ICBHI_158_1p3_LL_002,ICBHI_158_1p3_LL,ICBHI_158,1,ICBHI,AKGC417L,0.9999952890911696,1
ICBHI_158_1p3_LL_003,ICBHI_158_1p3_LL,ICBHI_158,1,ICBHI,AKGC417L,0.9997712866852788,1
ICBHI_158_1p3_LL_004,ICBHI_158_1p3_LL,ICBHI_158,1,ICBHI,AKGC417L,0.9999566809610064,1
ICBHI_158_1p3_LL_005,ICBHI_158_1p3_LL,ICBHI_158,1,ICBHI,AKGC417L,0.9999993868695471,1
ICBHI_158_1p3_LL_006,ICBHI_158_1p3_LL,ICBHI_158,1,ICBHI,AKGC417L,0.9999977747187042,1
ICBHI_158_1p3_LR_000,ICBHI_158_1p3_LR,ICBHI_158,1,ICBHI,AKGC417L,0.9999158489074992,1
ICBHI_158_1p3_LR_001,ICBHI_158_1p3_LR,ICBHI_158,1,ICBHI,AKGC417L,0.999955653725157,1
ICBHI_158_1p3_LR_002,ICBHI_158_1p3_LR,ICBHI_158,1,ICBHI,AKGC417L,0.999974731772173,1
ICBHI_158_1p3_LR_003,ICBHI_158_1p3_LR,ICBHI_158,1,ICBHI,AKGC417L,0.9999602480735034,1
ICBHI_158_1p3_LR_004,ICBHI_158_1p3_LR,ICBHI_158,1,ICBHI,AKGC417L,0.9987502906077916,1
ICBHI_158_1p3_LR_005,ICBHI_158_1p3_LR,ICBHI_158,1,ICBHI,AKGC417L,0.9796287059913455,1
ICBHI_158_1p3_LR_006,ICBHI_158_1p3_LR,ICBHI_158,1,ICBHI,AKGC417L,0.996764944030931,1
ICBHI_158_1p3_PL_000,ICBHI_158_1p3_PL,ICBHI_158,1,ICBHI,AKGC417L,0.9998534687060928,1
ICBHI_158_1p3_PL_001,ICBHI_158_1p3_PL,ICBHI_158,1,ICBHI,AKGC417L,0.9999384323550382,1
ICBHI_158_1p3_PL_002,ICBHI_158_1p3_PL,ICBHI_158,1,ICBHI,AKGC417L,0.9999393868150438,1
ICBHI_158_1p3_PL_003,ICBHI_158_1p3_PL,ICBHI_158,1,ICBHI,AKGC417L,0.9999667858050522,1
ICBHI_158_1p3_PL_004,ICBHI_158_1p3_PL,ICBHI_158,1,ICBHI,AKGC417L,0.9999896297856968,1
ICBHI_158_1p3_PL_005,ICBHI_158_1p3_PL,ICBHI_158,1,ICBHI,AKGC417L,0.9999907765298898,1
ICBHI_158_1p3_PL_006,ICBHI_158_1p3_PL,ICBHI_158,1,ICBHI,AKGC417L,0.9999893006032806,1
ICBHI_158_1p3_PR_000,ICBHI_158_1p3_PR,ICBHI_158,1,ICBHI,AKGC417L,0.9999990202206852,1
ICBHI_158_1p3_PR_001,ICBHI_158_1p3_PR,ICBHI_158,1,ICBHI,AKGC417L,0.9999990047914216,1
ICBHI_158_1p3_PR_002,ICBHI_158_1p3_PR,ICBHI_158,1,ICBHI,AKGC417L,0.9999990429172272,1
ICBHI_158_1p3_PR_003,ICBHI_158_1p3_PR,ICBHI_158,1,ICBHI,AKGC417L,0.999998629042793,1
ICBHI_158_1p3_PR_004,ICBHI_158_1p3_PR,ICBHI_158,1,ICBHI,AKGC417L,0.9999989069773138,1
ICBHI_158_1p3_PR_005,ICBHI_158_1p3_PR,ICBHI_158,1,ICBHI,AKGC417L,0.9999987995495544,1
ICBHI_158_1p3_PR_006,ICBHI_158_1p3_PR,ICBHI_158,1,ICBHI,AKGC417L,0.9999975175199628,1
ICBHI_158_1p3_TC_000,ICBHI_158_1p3_TC,ICBHI_158,1,ICBHI,AKGC417L,0.9999989732001424,1
ICBHI_158_1p3_TC_001,ICBHI_158_1p3_TC,ICBHI_158,1,ICBHI,AKGC417L,0.9999780465104472,1
ICBHI_158_1p3_TC_002,ICBHI_158_1p3_TC,ICBHI_158,1,ICBHI,AKGC417L,0.9999958749879831,1
ICBHI_158_1p3_TC_003,ICBHI_158_1p3_TC,ICBHI_158,1,ICBHI,AKGC417L,0.999999347326056,1
ICBHI_158_1p3_TC_004,ICBHI_158_1p3_TC,ICBHI_158,1,ICBHI,AKGC417L,0.9999993422070742,1
ICBHI_158_1p3_TC_005,ICBHI_158_1p3_TC,ICBHI_158,1,ICBHI,AKGC417L,0.999999694097773,1
ICBHI_158_1p3_TC_006,ICBHI_158_1p3_TC,ICBHI_158,1,ICBHI,AKGC417L,0.9999995786019324,1
ICBHI_158_1p4_AL_000,ICBHI_158_1p4_AL,ICBHI_158,1,ICBHI,AKGC417L,0.9998936254158372,1
ICBHI_158_1p4_AL_001,ICBHI_158_1p4_AL,ICBHI_158,1,ICBHI,AKGC417L,0.999976076490557,1
ICBHI_158_1p4_AL_002,ICBHI_158_1p4_AL,ICBHI_158,1,ICBHI,AKGC417L,0.99999457778103,1
ICBHI_158_1p4_AL_003,ICBHI_158_1p4_AL,ICBHI_158,1,ICBHI,AKGC417L,0.9999967112509346,1
ICBHI_158_1p4_AL_004,ICBHI_158_1p4_AL,ICBHI_158,1,ICBHI,AKGC417L,0.9999972735297292,1
ICBHI_158_1p4_AL_005,ICBHI_158_1p4_AL,ICBHI_158,1,ICBHI,AKGC417L,0.9999960638852928,1
ICBHI_158_1p4_AL_006,ICBHI_158_1p4_AL,ICBHI_158,1,ICBHI,AKGC417L,0.9999922934905764,1
ICBHI_158_1p4_AR_000,ICBHI_158_1p4_AR,ICBHI_158,1,ICBHI,AKGC417L,0.9999307781659552,1
ICBHI_158_1p4_AR_001,ICBHI_158_1p4_AR,ICBHI_158,1,ICBHI,AKGC417L,0.999979854309147,1
ICBHI_158_1p4_AR_002,ICBHI_158_1p4_AR,ICBHI_158,1,ICBHI,AKGC417L,0.9999893838657626,1
ICBHI_158_1p4_AR_003,ICBHI_158_1p4_AR,ICBHI_158,1,ICBHI,AKGC417L,0.9998893884028536,1
ICBHI_158_1p4_AR_004,ICBHI_158_1p4_AR,ICBHI_158,1,ICBHI,AKGC417L,0.9999766306651052,1
ICBHI_158_1p4_AR_005,ICBHI_158_1p4_AR,ICBHI_158,1,ICBHI,AKGC417L,0.9999931456827884,1
ICBHI_158_1p4_AR_006,ICBHI_158_1p4_AR,ICBHI_158,1,ICBHI,AKGC417L,0.9999872941775114,1
ICBHI_158_1p4_LR_000,ICBHI_158_1p4_LR,ICBHI_158,1,ICBHI,AKGC417L,0.9999617708876744,1
ICBHI_158_1p4_LR_001,ICBHI_158_1p4_LR,ICBHI_158,1,ICBHI,AKGC417L,0.9998162154299904,1
ICBHI_158_1p4_LR_002,ICBHI_158_1p4_LR,ICBHI_158,1,ICBHI,AKGC417L,0.9968519294453704,1
ICBHI_158_1p4_LR_003,ICBHI_158_1p4_LR,ICBHI_158,1,ICBHI,AKGC417L,0.9973785590538324,1
ICBHI_158_1p4_LR_004,ICBHI_158_1p4_LR,ICBHI_158,1,ICBHI,AKGC417L,0.9964342633376392,1
ICBHI_158_1p4_LR_005,ICBHI_158_1p4_LR,ICBHI_158,1,ICBHI,AKGC417L,0.9991440993632548,1
ICBHI_158_1p4_LR_006,ICBHI_158_1p4_LR,ICBHI_158,1,ICBHI,AKGC417L,0.9992562971362235,1
ICBHI_158_1p4_PL_000,ICBHI_158_1p4_PL,ICBHI_158,1,ICBHI,AKGC417L,0.9999675551860864,1
ICBHI_158_1p4_PL_001,ICBHI_158_1p4_PL,ICBHI_158,1,ICBHI,AKGC417L,0.999620015485248,1
ICBHI_158_1p4_PL_002,ICBHI_158_1p4_PL,ICBHI_158,1,ICBHI,AKGC417L,0.9999403264792988,1
ICBHI_158_1p4_PL_003,ICBHI_158_1p4_PL,ICBHI_158,1,ICBHI,AKGC417L,0.9999973779788912,1
ICBHI_158_1p4_PL_004,ICBHI_158_1p4_PL,ICBHI_158,1,ICBHI,AKGC417L,0.999995252143229,1
ICBHI_158_1p4_PL_005,ICBHI_158_1p4_PL,ICBHI_158,1,ICBHI,AKGC417L,0.999994137185988,1
ICBHI_158_1p4_PL_006,ICBHI_158_1p4_PL,ICBHI_158,1,ICBHI,AKGC417L,0.9999962733607158,1
ICBHI_158_1p4_PR_000,ICBHI_158_1p4_PR,ICBHI_158,1,ICBHI,AKGC417L,0.9999957771665552,1
ICBHI_158_1p4_PR_001,ICBHI_158_1p4_PR,ICBHI_158,1,ICBHI,AKGC417L,0.9999955745094438,1
ICBHI_158_1p4_PR_002,ICBHI_158_1p4_PR,ICBHI_158,1,ICBHI,AKGC417L,0.9999986397116524,1
ICBHI_158_1p4_PR_003,ICBHI_158_1p4_PR,ICBHI_158,1,ICBHI,AKGC417L,0.999998320268636,1
ICBHI_158_1p4_PR_004,ICBHI_158_1p4_PR,ICBHI_158,1,ICBHI,AKGC417L,0.9999992003272852,1
ICBHI_158_1p4_PR_005,ICBHI_158_1p4_PR,ICBHI_158,1,ICBHI,AKGC417L,0.9999985965315256,1
ICBHI_158_1p4_PR_006,ICBHI_158_1p4_PR,ICBHI_158,1,ICBHI,AKGC417L,0.999996033014085,1
ICBHI_158_1p4_TC_000,ICBHI_158_1p4_TC,ICBHI_158,1,ICBHI,AKGC417L,0.99998467389273,1
ICBHI_158_1p4_TC_001,ICBHI_158_1p4_TC,ICBHI_158,1,ICBHI,AKGC417L,0.9999915360616272,1
ICBHI_158_1p4_TC_002,ICBHI_158_1p4_TC,ICBHI_158,1,ICBHI,AKGC417L,0.9999800110810232,1
ICBHI_158_1p4_TC_003,ICBHI_158_1p4_TC,ICBHI_158,1,ICBHI,AKGC417L,0.9999964440153464,1
ICBHI_158_1p4_TC_004,ICBHI_158_1p4_TC,ICBHI_158,1,ICBHI,AKGC417L,0.9999981837775962,1
ICBHI_158_1p4_TC_005,ICBHI_158_1p4_TC,ICBHI_158,1,ICBHI,AKGC417L,0.9999991217314096,1
ICBHI_158_1p4_TC_006,ICBHI_158_1p4_TC,ICBHI_158,1,ICBHI,AKGC417L,0.9999996010283196,1
ICBHI_158_2p2_AR_000,ICBHI_158_2p2_AR,ICBHI_158,1,ICBHI,AKGC417L,0.999976076490557,1
ICBHI_158_2p2_AR_001,ICBHI_158_2p2_AR,ICBHI_158,1,ICBHI,AKGC417L,0.9999538872518572,1
ICBHI_158_2p2_AR_002,ICBHI_158_2p2_AR,ICBHI_158,1,ICBHI,AKGC417L,0.999979854309147,1
ICBHI_158_2p2_AR_003,ICBHI_158_2p2_AR,ICBHI_158,1,ICBHI,AKGC417L,0.9999915360616272,1
ICBHI_158_2p2_AR_004,ICBHI_158_2p2_AR,ICBHI_158,1,ICBHI,AKGC417L,0.9997817579447292,1
ICBHI_158_2p2_AR_005,ICBHI_158_2p2_AR,ICBHI_158,1,ICBHI,AKGC417L,0.999253388538729,1
ICBHI_158_2p2_AR_006,ICBHI_158_2p2_AR,ICBHI_158,1,ICBHI,AKGC417L,0.9997468436278488,1
ICBHI_158_2p3_LR_000,ICBHI_158_2p3_LR,ICBHI_158,1,ICBHI,AKGC417L,0.9999996133033828,1
ICBHI_158_2p3_LR_001,ICBHI_158_2p3_LR,ICBHI_158,1,ICBHI,AKGC417L,0.9999997011839884,1
ICBHI_158_2p3_LR_002,ICBHI_158_2p3_LR,ICBHI_158,1,ICBHI,AKGC417L,0.9999985060157208,1
ICBHI_158_2p3_LR_003,ICBHI_158_2p3_LR,ICBHI_158,1,ICBHI,AKGC417L,0.9999990723635408,1
ICBHI_158_2p3_LR_004,ICBHI_158_2p3_LR,ICBHI_158,1,ICBHI,AKGC417L,0.9999997081060518,1
ICBHI_158_2p3_LR_005,ICBHI_158_2p3_LR,ICBHI_158,1,ICBHI,AKGC417L,0.999943941712474,1
ICBHI_158_2p3_LR_006,ICBHI_158_2p3_LR,ICBHI_158,1,ICBHI,AKGC417L,0.998589641503382,1
ICBHI_158_2p3_TC_000,ICBHI_158_2p3_TC,ICBHI_158,1,ICBHI,AKGC417L,0.9999992249306092,1
ICBHI_158_2p3_TC_001,ICBHI_158_2p3_TC,ICBHI_158,1,ICBHI,AKGC417L,0.99999457778103,1
ICBHI_158_2p3_TC_002,ICBHI_158_2p3_TC,ICBHI_158,1,ICBHI,AKGC417L,0.9999713674430584,1
ICBHI_158_2p3_TC_003,ICBHI_158_2p3_TC,ICBHI_158,1,ICBHI,AKGC417L,0.9999893006032806,1
ICBHI_158_2p3_TC_004,ICBHI_158_2p3_TC,ICBHI_158,1,ICBHI,AKGC417L,0.9999939510814196,1
ICBHI_158_2p3_TC_005,ICBHI_158_2p3_TC,ICBHI_158,1,ICBHI,AKGC417L,0.9999986815632697,1
ICBHI_158_2p3_TC_006,ICBHI_158_2p3_TC,ICBHI_158,1,ICBHI,AKGC417L,0.99999870200371,1
ICBHI_209_1b1_TC_000,ICBHI_209_1b1_TC,ICBHI_209,0,ICBHI,Meditron,2.2125669095702613e-05,1
ICBHI_209_1b1_TC_001,ICBHI_209_1b1_TC,ICBHI_209,0,ICBHI,Meditron,6.800976854677535e-06,1
ICBHI_209_1b1_TC_002,ICBHI_209_1b1_TC,ICBHI_209,0,ICBHI,Meditron,1.1125607488784407e-05,1
ICBHI_209_1b1_TC_003,ICBHI_209_1b1_TC,ICBHI_209,0,ICBHI,Meditron,0.0009966076912722,1
ICBHI_209_1b1_TC_004,ICBHI_209_1b1_TC,ICBHI_209,0,ICBHI,Meditron,0.0042315874781613,1
ICBHI_209_1b1_TC_005,ICBHI_209_1b1_TC,ICBHI_209,0,ICBHI,Meditron,0.0008727670308921,1
ICBHI_209_1b1_TC_006,ICBHI_209_1b1_TC,ICBHI_209,0,ICBHI,Meditron,2.43002407432796e-05,1
ICBHI_211_1p2_AR_000,ICBHI_211_1p2_AR,ICBHI_211,1,ICBHI,AKGC417L,0.9999977219477992,1
ICBHI_211_1p2_AR_001,ICBHI_211_1p2_AR,ICBHI_211,1,ICBHI,AKGC417L,0.9999977747187042,1
ICBHI_211_1p2_AR_002,ICBHI_211_1p2_AR,ICBHI_211,1,ICBHI,AKGC417L,0.99999764963483,1
ICBHI_211_1p2_AR_003,ICBHI_211_1p2_AR,ICBHI_211,1,ICBHI,AKGC417L,0.9999984096621664,1
ICBHI_211_1p2_AR_004,ICBHI_211_1p2_AR,ICBHI_211,1,ICBHI,AKGC417L,0.9999713674430584,1
ICBHI_211_1p2_AR_005,ICBHI_211_1p2_AR,ICBHI_211,1,ICBHI,AKGC417L,0.9999826332806948,1
ICBHI_211_1p2_AR_006,ICBHI_211_1p2_AR,ICBHI_211,1,ICBHI,AKGC417L,0.999986368654914,1
ICBHI_211_1p2_PL_000,ICBHI_211_1p2_PL,ICBHI_211,1,ICBHI,AKGC417L,0.9998944531420456,1
ICBHI_211_1p2_PL_001,ICBHI_211_1p2_PL,ICBHI_211,1,ICBHI,AKGC417L,0.9999209469614062,1
ICBHI_211_1p2_PL_002,ICBHI_211_1p2_PL,ICBHI_211,1,ICBHI,AKGC417L,0.9999836854598604,1
ICBHI_211_1p2_PL_003,ICBHI_211_1p2_PL,ICBHI_211,1,ICBHI,AKGC417L,0.9999589862636554,1
ICBHI_211_1p2_PL_004,ICBHI_211_1p2_PL,ICBHI_211,1,ICBHI,AKGC417L,0.9998992859977824,1
ICBHI_211_1p2_PL_005,ICBHI_211_1p2_PL,ICBHI_211,1,ICBHI,AKGC417L,0.9996970265921912,1
ICBHI_211_1p2_PL_006,ICBHI_211_1p2_PL,ICBHI_211,1,ICBHI,AKGC417L,0.9999090115964008,1
ICBHI_211_1p2_PR_000,ICBHI_211_1p2_PR,ICBHI_211,1,ICBHI,AKGC417L,0.9999398584822232,1
ICBHI_211_1p2_PR_001,ICBHI_211_1p2_PR,ICBHI_211,1,ICBHI,AKGC417L,0.9947186660939475,1
ICBHI_211_1p2_PR_002,ICBHI_211_1p2_PR,ICBHI_211,1,ICBHI,AKGC417L,0.581778385736369,1
ICBHI_211_1p2_PR_003,ICBHI_211_1p2_PR,ICBHI_211,1,ICBHI,AKGC417L,0.9923043528216078,1
ICBHI_211_1p2_PR_004,ICBHI_211_1p2_PR,ICBHI_211,1,ICBHI,AKGC417L,0.9845160126963748,1
ICBHI_211_1p2_PR_005,ICBHI_211_1p2_PR,ICBHI_211,1,ICBHI,AKGC417L,0.9995643698589872,1
ICBHI_211_1p2_PR_006,ICBHI_211_1p2_PR,ICBHI_211,1,ICBHI,AKGC417L,0.999532651911922,1
ICBHI_211_1p3_AR_000,ICBHI_211_1p3_AR,ICBHI_211,1,ICBHI,AKGC417L,0.9999867880417712,1
ICBHI_211_1p3_AR_001,ICBHI_211_1p3_AR,ICBHI_211,1,ICBHI,AKGC417L,0.9997748317581436,1
ICBHI_211_1p3_AR_002,ICBHI_211_1p3_AR,ICBHI_211,1,ICBHI,AKGC417L,0.9964342633376392,1
ICBHI_211_1p3_AR_003,ICBHI_211_1p3_AR,ICBHI_211,1,ICBHI,AKGC417L,0.9998927911990784,1
ICBHI_211_1p3_AR_004,ICBHI_211_1p3_AR,ICBHI_211,1,ICBHI,AKGC417L,0.9999906312827312,1
ICBHI_211_1p3_AR_005,ICBHI_211_1p3_AR,ICBHI_211,1,ICBHI,AKGC417L,0.9999993052322323,1
ICBHI_211_1p3_AR_006,ICBHI_211_1p3_AR,ICBHI_211,1,ICBHI,AKGC417L,0.999998320268636,1
ICBHI_211_1p5_AR_000,ICBHI_211_1p5_AR,ICBHI_211,1,ICBHI,AKGC417L,0.9999657315094574,1
ICBHI_211_1p5_AR_001,ICBHI_211_1p5_AR,ICBHI_211,1,ICBHI,AKGC417L,0.9999884312038202,1
ICBHI_211_1p5_AR_002,ICBHI_211_1p5_AR,ICBHI_211,1,ICBHI,AKGC417L,0.9998415637808976,1
ICBHI_211_1p5_AR_003,ICBHI_211_1p5_AR,ICBHI_211,1,ICBHI,AKGC417L,0.9999824970742112,1
ICBHI_211_1p5_AR_004,ICBHI_211_1p5_AR,ICBHI_211,1,ICBHI,AKGC417L,0.9999932519484098,1
ICBHI_211_1p5_AR_005,ICBHI_211_1p5_AR,ICBHI_211,1,ICBHI,AKGC417L,0.9999793765777086,1
ICBHI_211_1p5_AR_006,ICBHI_211_1p5_AR,ICBHI_211,1,ICBHI,AKGC417L,0.9999883404696852,1
ICBHI_211_2p2_TC_000,ICBHI_211_2p2_TC,ICBHI_211,1,ICBHI,AKGC417L,0.9997603131349772,1
ICBHI_211_2p2_TC_001,ICBHI_211_2p2_TC,ICBHI_211,1,ICBHI,AKGC417L,0.9999934595627732,1
ICBHI_211_2p2_TC_002,ICBHI_211_2p2_TC,ICBHI_211,1,ICBHI,AKGC417L,0.9999992887563014,1
ICBHI_211_2p2_TC_003,ICBHI_211_2p2_TC,ICBHI_211,1,ICBHI,AKGC417L,0.9999990125361884,1
ICBHI_211_2p2_TC_004,ICBHI_211_2p2_TC,ICBHI_211,1,ICBHI,AKGC417L,0.9999421623343304,1
ICBHI_211_2p2_TC_005,ICBHI_211_2p2_TC,ICBHI_211,1,ICBHI,AKGC417L,0.9999813682535154,1
ICBHI_211_2p2_TC_006,ICBHI_211_2p2_TC,ICBHI_211,1,ICBHI,AKGC417L,0.9999988181607918,1
ICBHI_211_2p3_TC_000,ICBHI_211_2p3_TC,ICBHI_211,1,ICBHI,AKGC417L,0.9999197021571548,1
ICBHI_211_2p3_TC_001,ICBHI_211_2p3_TC,ICBHI_211,1,ICBHI,AKGC417L,0.9999184377532614,1
ICBHI_211_2p3_TC_002,ICBHI_211_2p3_TC,ICBHI_211,1,ICBHI,AKGC417L,0.8655653520487961,1
ICBHI_211_2p3_TC_003,ICBHI_211_2p3_TC,ICBHI_211,1,ICBHI,AKGC417L,0.8668104328150339,1
ICBHI_211_2p3_TC_004,ICBHI_211_2p3_TC,ICBHI_211,1,ICBHI,AKGC417L,0.9999559988154209,1
ICBHI_211_2p3_TC_005,ICBHI_211_2p3_TC,ICBHI_211,1,ICBHI,AKGC417L,0.9999501404178728,1
ICBHI_211_2p3_TC_006,ICBHI_211_2p3_TC,ICBHI_211,1,ICBHI,AKGC417L,0.9994407090277544,1
ICBHI_211_2p4_TC_000,ICBHI_211_2p4_TC,ICBHI_211,1,ICBHI,AKGC417L,0.994269753485008,1
ICBHI_211_2p4_TC_001,ICBHI_211_2p4_TC,ICBHI_211,1,ICBHI,AKGC417L,0.991554373058874,1
ICBHI_211_2p4_TC_002,ICBHI_211_2p4_TC,ICBHI_211,1,ICBHI,AKGC417L,0.9977829869770526,1
ICBHI_211_2p4_TC_003,ICBHI_211_2p4_TC,ICBHI_211,1,ICBHI,AKGC417L,0.9998804014219498,1
ICBHI_211_2p4_TC_004,ICBHI_211_2p4_TC,ICBHI_211,1,ICBHI,AKGC417L,0.999773066142504,1
ICBHI_211_2p4_TC_005,ICBHI_211_2p4_TC,ICBHI_211,1,ICBHI,AKGC417L,0.9961306089915052,1
ICBHI_211_2p4_TC_006,ICBHI_211_2p4_TC,ICBHI_211,1,ICBHI,AKGC417L,0.9999953982187528,1
ICBHI_214_1b1_AR_000,ICBHI_214_1b1_AR,ICBHI_214,0,ICBHI,Meditron,0.0075772412678608,1
ICBHI_214_1b1_AR_001,ICBHI_214_1b1_AR,ICBHI_214,0,ICBHI,Meditron,0.065844700584311,1
ICBHI_214_1b1_AR_002,ICBHI_214_1b1_AR,ICBHI_214,0,ICBHI,Meditron,0.6472409964439338,1
ICBHI_214_1b1_AR_003,ICBHI_214_1b1_AR,ICBHI_214,0,ICBHI,Meditron,0.9979888416581738,1
ICBHI_214_1b1_AR_004,ICBHI_214_1b1_AR,ICBHI_214,0,ICBHI,Meditron,0.9996430293649624,1
ICBHI_214_1b1_AR_005,ICBHI_214_1b1_AR,ICBHI_214,0,ICBHI,Meditron,0.1019465208273063,1
ICBHI_220_1b1_TC_000,ICBHI_220_1b1_TC,ICBHI_220,1,ICBHI,LittC2SE,0.9999991217314096,1
ICBHI_220_1b1_TC_001,ICBHI_220_1b1_TC,ICBHI_220,1,ICBHI,LittC2SE,0.9999996281174924,1
ICBHI_220_1b1_TC_002,ICBHI_220_1b1_TC,ICBHI_220,1,ICBHI,LittC2SE,0.99999966403214,1
ICBHI_220_1b1_TC_003,ICBHI_220_1b1_TC,ICBHI_220,1,ICBHI,LittC2SE,0.9999999348696418,1
ICBHI_220_1b1_TC_004,ICBHI_220_1b1_TC,ICBHI_220,1,ICBHI,LittC2SE,0.9999999579486794,1
ICBHI_220_1b1_TC_005,ICBHI_220_1b1_TC,ICBHI_220,1,ICBHI,LittC2SE,0.9999998229573508,1
ICBHI_220_1b1_TC_006,ICBHI_220_1b1_TC,ICBHI_220,1,ICBHI,LittC2SE,0.9999999022277556,1
ICBHI_220_1b2_AL_000,ICBHI_220_1b2_AL,ICBHI_220,1,ICBHI,LittC2SE,0.9999531611157506,1
ICBHI_220_1b2_AL_001,ICBHI_220_1b2_AL,ICBHI_220,1,ICBHI,LittC2SE,0.9999997913927854,1
ICBHI_220_1b2_AL_002,ICBHI_220_1b2_AL,ICBHI_220,1,ICBHI,LittC2SE,0.9999993674067096,1
ICBHI_220_1b2_AL_003,ICBHI_220_1b2_AL,ICBHI_220,1,ICBHI,LittC2SE,0.99999768607378,1
ICBHI_220_1b2_AL_004,ICBHI_220_1b2_AL,ICBHI_220,1,ICBHI,LittC2SE,0.9999963311366906,1
ICBHI_220_1b2_AL_005,ICBHI_220_1b2_AL,ICBHI_220,1,ICBHI,LittC2SE,0.9999992775558508,1
ICBHI_220_1b2_AL_006,ICBHI_220_1b2_AL,ICBHI_220,1,ICBHI,LittC2SE,0.9999985406237788,1
ICBHI_221_2b1_AL_000,ICBHI_221_2b1_AL,ICBHI_221,1,ICBHI,LittC2SE,0.9999640869893204,1
ICBHI_221_2b1_AL_001,ICBHI_221_2b1_AL,ICBHI_221,1,ICBHI,LittC2SE,0.9999718113371956,1
ICBHI_221_2b1_AL_002,ICBHI_221_2b1_AL,ICBHI_221,1,ICBHI,LittC2SE,0.999986045401392,1
ICBHI_221_2b1_AL_003,ICBHI_221_2b1_AL,ICBHI_221,1,ICBHI,LittC2SE,0.9999930919240836,1
ICBHI_221_2b1_AL_004,ICBHI_221_2b1_AL,ICBHI_221,1,ICBHI,LittC2SE,0.9999944491975264,1
ICBHI_221_2b1_AL_005,ICBHI_221_2b1_AL,ICBHI_221,1,ICBHI,LittC2SE,0.9999963023615456,1
ICBHI_221_2b1_AL_006,ICBHI_221_2b1_AL,ICBHI_221,1,ICBHI,LittC2SE,0.999994985265177,1
ICBHI_221_2b1_AR_000,ICBHI_221_2b1_AR,ICBHI_221,1,ICBHI,LittC2SE,0.999997757265646,1
ICBHI_221_2b1_AR_001,ICBHI_221_2b1_AR,ICBHI_221,1,ICBHI,LittC2SE,0.9999951395515976,1
ICBHI_221_2b1_AR_002,ICBHI_221_2b1_AR,ICBHI_221,1,ICBHI,LittC2SE,0.9999878760124306,1
ICBHI_221_2b1_AR_003,ICBHI_221_2b1_AR,ICBHI_221,1,ICBHI,LittC2SE,0.99999889840464,1
ICBHI_221_2b1_AR_004,ICBHI_221_2b1_AR,ICBHI_221,1,ICBHI,LittC2SE,0.99999888976473,1
ICBHI_221_2b1_AR_005,ICBHI_221_2b1_AR,ICBHI_221,1,ICBHI,LittC2SE,0.9999982396567868,1
ICBHI_221_2b1_AR_006,ICBHI_221_2b1_AR,ICBHI_221,1,ICBHI,LittC2SE,0.999998529177766,1
ICBHI_221_2b1_LR_000,ICBHI_221_2b1_LR,ICBHI_221,1,ICBHI,LittC2SE,0.9999994796428948,1
ICBHI_221_2b1_LR_001,ICBHI_221_2b1_LR,ICBHI_221,1,ICBHI,LittC2SE,0.9999980514780528,1
ICBHI_221_2b1_LR_002,ICBHI_221_2b1_LR,ICBHI_221,1,ICBHI,LittC2SE,0.9999980207933576,1
ICBHI_221_2b1_LR_003,ICBHI_221_2b1_LR,ICBHI_221,1,ICBHI,LittC2SE,0.9999991553773224,1
ICBHI_221_2b1_LR_004,ICBHI_221_2b1_LR,ICBHI_221,1,ICBHI,LittC2SE,0.9999988273579266,1
ICBHI_221_2b1_LR_005,ICBHI_221_2b1_LR,ICBHI_221,1,ICBHI,LittC2SE,0.9999995073357812,1
ICBHI_221_2b1_LR_006,ICBHI_221_2b1_LR,ICBHI_221,1,ICBHI,LittC2SE,0.9999990125361884,1
ICBHI_221_2b1_PL_000,ICBHI_221_2b1_PL,ICBHI_221,1,ICBHI,LittC2SE,0.9999986397116524,1
ICBHI_221_2b1_PL_001,ICBHI_221_2b1_PL,ICBHI_221,1,ICBHI,LittC2SE,0.9999985632492776,1
ICBHI_221_2b1_PL_002,ICBHI_221_2b1_PL,ICBHI_221,1,ICBHI,LittC2SE,0.9999807768297634,1
ICBHI_221_2b1_PL_003,ICBHI_221_2b1_PL,ICBHI_221,1,ICBHI,LittC2SE,0.9999917321269276,1
ICBHI_221_2b1_PL_004,ICBHI_221_2b1_PL,ICBHI_221,1,ICBHI,LittC2SE,0.9999954695624352,1
ICBHI_221_2b1_PL_005,ICBHI_221_2b1_PL,ICBHI_221,1,ICBHI,LittC2SE,0.9999964991455856,1
ICBHI_221_2b1_PL_006,ICBHI_221_2b1_PL,ICBHI_221,1,ICBHI,LittC2SE,0.999998671222656,1
ICBHI_221_2b2_AL_000,ICBHI_221_2b2_AL,ICBHI_221,1,ICBHI,LittC2SE,0.9999820820117248,1
ICBHI_221_2b2_AL_001,ICBHI_221_2b2_AL,ICBHI_221,1,ICBHI,LittC2SE,0.999908298030948,1
ICBHI_221_2b2_AL_002,ICBHI_221_2b2_AL,ICBHI_221,1,ICBHI,LittC2SE,0.9998601779243528,1
ICBHI_221_2b2_AL_003,ICBHI_221_2b2_AL,ICBHI_221,1,ICBHI,LittC2SE,0.9999602480735034,1
ICBHI_221_2b2_AL_004,ICBHI_221_2b2_AL,ICBHI_221,1,ICBHI,LittC2SE,0.9999417087343389,1
ICBHI_221_2b2_AL_005,ICBHI_221_2b2_AL,ICBHI_221,1,ICBHI,LittC2SE,0.9999713674430584,1
ICBHI_221_2b2_AL_006,ICBHI_221_2b2_AL,ICBHI_221,1,ICBHI,LittC2SE,0.9999835575054402,1
ICBHI_221_2b2_AR_000,ICBHI_221_2b2_AR,ICBHI_221,1,ICBHI,LittC2SE,0.9999887871342686,1
ICBHI_221_2b2_AR_001,ICBHI_221_2b2_AR,ICBHI_221,1,ICBHI,LittC2SE,0.9999884312038202,1
ICBHI_221_2b2_AR_002,ICBHI_221_2b2_AR,ICBHI_221,1,ICBHI,LittC2SE,0.9999975938976604,1
ICBHI_221_2b2_AR_003,ICBHI_221_2b2_AR,ICBHI_221,1,ICBHI,LittC2SE,0.9999963023615456,1
ICBHI_221_2b2_AR_004,ICBHI_221_2b2_AR,ICBHI_221,1,ICBHI,LittC2SE,0.999992588720128,1
ICBHI_221_2b2_AR_005,ICBHI_221_2b2_AR,ICBHI_221,1,ICBHI,LittC2SE,0.9999981837775962,1
ICBHI_221_2b2_AR_006,ICBHI_221_2b2_AR,ICBHI_221,1,ICBHI,LittC2SE,0.9999992997831052,1
ICBHI_221_2b2_LR_000,ICBHI_221_2b2_LR,ICBHI_221,1,ICBHI,LittC2SE,0.999999483692344,1
ICBHI_221_2b2_LR_001,ICBHI_221_2b2_LR,ICBHI_221,1,ICBHI,LittC2SE,0.9999972088735304,1
ICBHI_221_2b2_LR_002,ICBHI_221_2b2_LR,ICBHI_221,1,ICBHI,LittC2SE,0.999998307094362,1
ICBHI_221_2b2_LR_003,ICBHI_221_2b2_LR,ICBHI_221,1,ICBHI,LittC2SE,0.9999989570304144,1
ICBHI_221_2b2_LR_004,ICBHI_221_2b2_LR,ICBHI_221,1,ICBHI,LittC2SE,0.999998422038254,1
ICBHI_221_2b2_LR_005,ICBHI_221_2b2_LR,ICBHI_221,1,ICBHI,LittC2SE,0.9999981837775962,1
ICBHI_221_2b2_LR_006,ICBHI_221_2b2_LR,ICBHI_221,1,ICBHI,LittC2SE,0.9999994194997356,1
ICBHI_221_2b2_PL_000,ICBHI_221_2b2_PL,ICBHI_221,1,ICBHI,LittC2SE,0.9999872941775114,1
ICBHI_221_2b2_PL_001,ICBHI_221_2b2_PL,ICBHI_221,1,ICBHI,LittC2SE,0.99999235346265,1
ICBHI_221_2b2_PL_002,ICBHI_221_2b2_PL,ICBHI_221,1,ICBHI,LittC2SE,0.9999935104605292,1
ICBHI_221_2b2_PL_003,ICBHI_221_2b2_PL,ICBHI_221,1,ICBHI,LittC2SE,0.9999971426840628,1
ICBHI_221_2b2_PL_004,ICBHI_221_2b2_PL,ICBHI_221,1,ICBHI,LittC2SE,0.999997739675702,1
ICBHI_221_2b2_PL_005,ICBHI_221_2b2_PL,ICBHI_221,1,ICBHI,LittC2SE,0.99999678743448,1
ICBHI_221_2b2_PL_006,ICBHI_221_2b2_PL,ICBHI_221,1,ICBHI,LittC2SE,0.9999993160036008,1
ICBHI_221_2b3_AL_000,ICBHI_221_2b3_AL,ICBHI_221,1,ICBHI,LittC2SE,0.999988156860974,1
ICBHI_221_2b3_AL_001,ICBHI_221_2b3_AL,ICBHI_221,1,ICBHI,LittC2SE,0.9999897905593262,1
ICBHI_221_2b3_AL_002,ICBHI_221_2b3_AL,ICBHI_221,1,ICBHI,LittC2SE,0.9999739296934316,1
ICBHI_221_2b3_AL_003,ICBHI_221_2b3_AL,ICBHI_221,1,ICBHI,LittC2SE,0.999995024289959,1
ICBHI_221_2b3_AL_004,ICBHI_221_2b3_AL,ICBHI_221,1,ICBHI,LittC2SE,0.9999933044618126,1
ICBHI_221_2b3_AL_005,ICBHI_221_2b3_AL,ICBHI_221,1,ICBHI,LittC2SE,0.9999775259101455,1
ICBHI_221_2b3_AL_006,ICBHI_221_2b3_AL,ICBHI_221,1,ICBHI,LittC2SE,0.9999620683777022,1
ICBHI_221_2b3_AR_000,ICBHI_221_2b3_AR,ICBHI_221,1,ICBHI,LittC2SE,0.9999902580790988,1
ICBHI_221_2b3_AR_001,ICBHI_221_2b3_AR,ICBHI_221,1,ICBHI,LittC2SE,0.9999972305941888,1
ICBHI_221_2b3_AR_002,ICBHI_221_2b3_AR,ICBHI_221,1,ICBHI,LittC2SE,0.9999969345481148,1
ICBHI_221_2b3_AR_003,ICBHI_221_2b3_AR,ICBHI_221,1,ICBHI,LittC2SE,0.999996184986349,1
ICBHI_221_2b3_AR_004,ICBHI_221_2b3_AR,ICBHI_221,1,ICBHI,LittC2SE,0.9999958749879831,1
ICBHI_221_2b3_AR_005,ICBHI_221_2b3_AR,ICBHI_221,1,ICBHI,LittC2SE,0.9999920488616524,1
ICBHI_221_2b3_AR_006,ICBHI_221_2b3_AR,ICBHI_221,1,ICBHI,LittC2SE,0.9999930919240836,1
ICBHI_221_2b3_LR_000,ICBHI_221_2b3_LR,ICBHI_221,1,ICBHI,LittC2SE,0.9999988722810884,1
ICBHI_221_2b3_LR_001,ICBHI_221_2b3_LR,ICBHI_221,1,ICBHI,LittC2SE,0.9999984585916424,1
ICBHI_221_2b3_LR_002,ICBHI_221_2b3_LR,ICBHI_221,1,ICBHI,LittC2SE,0.9999975750264116,1
ICBHI_221_2b3_LR_003,ICBHI_221_2b3_LR,ICBHI_221,1,ICBHI,LittC2SE,0.9999978931457651,1
ICBHI_221_2b3_LR_004,ICBHI_221_2b3_LR,ICBHI_221,1,ICBHI,LittC2SE,0.9999991487528702,1
ICBHI_221_2b3_LR_005,ICBHI_221_2b3_LR,ICBHI_221,1,ICBHI,LittC2SE,0.9999993422070742,1
ICBHI_221_2b3_LR_006,ICBHI_221_2b3_LR,ICBHI_221,1,ICBHI,LittC2SE,0.9999991749429694,1
ICBHI_221_2b3_PR_000,ICBHI_221_2b3_PR,ICBHI_221,1,ICBHI,LittC2SE,0.9999993820607084,1
ICBHI_221_2b3_PR_001,ICBHI_221_2b3_PR,ICBHI_221,1,ICBHI,LittC2SE,0.9999988273579266,1
ICBHI_221_2b3_PR_002,ICBHI_221_2b3_PR,ICBHI_221,1,ICBHI,LittC2SE,0.9999991813636088,1
ICBHI_221_2b3_PR_003,ICBHI_221_2b3_PR,ICBHI_221,1,ICBHI,LittC2SE,0.999999212725052,1
ICBHI_221_2b3_PR_004,ICBHI_221_2b3_PR,ICBHI_221,1,ICBHI,LittC2SE,0.9999987221272516,1
ICBHI_221_2b3_PR_005,ICBHI_221_2b3_PR,ICBHI_221,1,ICBHI,LittC2SE,0.999999283177952,1
ICBHI_221_2b3_PR_006,ICBHI_221_2b3_PR,ICBHI_221,1,ICBHI,LittC2SE,0.9999990795824586,1
ICBHI_104_1b1_AL_000,ICBHI_104_1b1_AL,ICBHI_104,1,ICBHI,Litt3200,0.9999469249217734,2
ICBHI_104_1b1_AL_001,ICBHI_104_1b1_AL,ICBHI_104,1,ICBHI,Litt3200,0.9999364781123404,2
ICBHI_104_1b1_AL_002,ICBHI_104_1b1_AL,ICBHI_104,1,ICBHI,Litt3200,0.9999623635528192,2
ICBHI_104_1b1_AL_003,ICBHI_104_1b1_AL,ICBHI_104,1,ICBHI,Litt3200,0.9999711428816112,2
ICBHI_104_1b1_AL_004,ICBHI_104_1b1_AL,ICBHI_104,1,ICBHI,Litt3200,0.9999430589731652,2
ICBHI_104_1b1_AR_000,ICBHI_104_1b1_AR,ICBHI_104,1,ICBHI,Litt3200,0.9999739296934316,2
ICBHI_104_1b1_AR_001,ICBHI_104_1b1_AR,ICBHI_104,1,ICBHI,Litt3200,0.9999670442714496,2
ICBHI_104_1b1_AR_002,ICBHI_104_1b1_AR,ICBHI_104,1,ICBHI,Litt3200,0.9999497493839742,2
ICBHI_104_1b1_AR_003,ICBHI_104_1b1_AR,ICBHI_104,1,ICBHI,Litt3200,0.9999753170955924,2
ICBHI_104_1b1_AR_004,ICBHI_104_1b1_AR,ICBHI_104,1,ICBHI,Litt3200,0.9999549554044008,2
ICBHI_104_1b1_AR_005,ICBHI_104_1b1_AR,ICBHI_104,1,ICBHI,Litt3200,0.9999323815795864,2
ICBHI_104_1b1_AR_006,ICBHI_104_1b1_AR,ICBHI_104,1,ICBHI,Litt3200,0.9999280208800508,2
ICBHI_104_1b1_AR_007,ICBHI_104_1b1_AR,ICBHI_104,1,ICBHI,Litt3200,0.9999620683777022,2
ICBHI_104_1b1_AR_008,ICBHI_104_1b1_AR,ICBHI_104,1,ICBHI,Litt3200,0.9999344618433266,2
ICBHI_104_1b1_LL_000,ICBHI_104_1b1_LL,ICBHI_104,1,ICBHI,Litt3200,0.9998534687060928,2
ICBHI_104_1b1_LL_001,ICBHI_104_1b1_LL,ICBHI_104,1,ICBHI,Litt3200,0.9996970265921912,2
ICBHI_104_1b1_LL_002,ICBHI_104_1b1_LL,ICBHI_104,1,ICBHI,Litt3200,0.9997603131349772,2
ICBHI_104_1b1_LL_003,ICBHI_104_1b1_LL,ICBHI_104,1,ICBHI,Litt3200,0.9998534687060928,2
ICBHI_104_1b1_LL_004,ICBHI_104_1b1_LL,ICBHI_104,1,ICBHI,Litt3200,0.999897700145274,2
ICBHI_104_1b1_LL_005,ICBHI_104_1b1_LL,ICBHI_104,1,ICBHI,Litt3200,0.9999318512778838,2
ICBHI_104_1b1_LR_000,ICBHI_104_1b1_LR,ICBHI_104,1,ICBHI,Litt3200,0.9998028305780378,2
ICBHI_104_1b1_LR_001,ICBHI_104_1b1_LR,ICBHI_104,1,ICBHI,Litt3200,0.9997868124387096,2
ICBHI_104_1b1_LR_002,ICBHI_104_1b1_LR,ICBHI_104,1,ICBHI,Litt3200,0.9996724157021404,2
ICBHI_104_1b1_LR_003,ICBHI_104_1b1_LR,ICBHI_104,1,ICBHI,Litt3200,0.9998813320350208,2
ICBHI_104_1b1_LR_004,ICBHI_104_1b1_LR,ICBHI_104,1,ICBHI,Litt3200,0.9999430589731652,2
ICBHI_104_1b1_PL_000,ICBHI_104_1b1_PL,ICBHI_104,1,ICBHI,Litt3200,0.999959622097026,2
ICBHI_104_1b1_PL_001,ICBHI_104_1b1_PL,ICBHI_104,1,ICBHI,Litt3200,0.9999646437492582,2
ICBHI_104_1b1_PL_002,ICBHI_104_1b1_PL,ICBHI_104,1,ICBHI,Litt3200,0.9999785550515792,2
ICBHI_104_1b1_PL_003,ICBHI_104_1b1_PL,ICBHI_104,1,ICBHI,Litt3200,0.9999720306969742,2
ICBHI_104_1b1_PL_004,ICBHI_104_1b1_PL,ICBHI_104,1,ICBHI,Litt3200,0.999955305928558,2
ICBHI_104_1b1_PL_005,ICBHI_104_1b1_PL,ICBHI_104,1,ICBHI,Litt3200,0.9999302352902584,2
ICBHI_104_1b1_PL_006,ICBHI_104_1b1_PL,ICBHI_104,1,ICBHI,Litt3200,0.999914523833889,2
ICBHI_104_1b1_PL_007,ICBHI_104_1b1_PL,ICBHI_104,1,ICBHI,Litt3200,0.9999257361871972,2
ICBHI_104_1b1_PR_000,ICBHI_104_1b1_PR,ICBHI_104,1,ICBHI,Litt3200,0.9993952897517442,2
ICBHI_104_1b1_PR_001,ICBHI_104_1b1_PR,ICBHI_104,1,ICBHI,Litt3200,0.9999302352902584,2
ICBHI_104_1b1_PR_002,ICBHI_104_1b1_PR,ICBHI_104,1,ICBHI,Litt3200,0.9999599363077708,2
ICBHI_104_1b1_PR_003,ICBHI_104_1b1_PR,ICBHI_104,1,ICBHI,Litt3200,0.9999524235457434,2
ICBHI_104_1b1_PR_004,ICBHI_104_1b1_PR,ICBHI_104,1,ICBHI,Litt3200,0.9999151889582764,2
ICBHI_104_1b1_PR_005,ICBHI_104_1b1_PR,ICBHI_104,1,ICBHI,Litt3200,0.9999291367337926,2
ICBHI_104_1b1_PR_006,ICBHI_104_1b1_PR,ICBHI_104,1,ICBHI,Litt3200,0.999943941712474,2
ICBHI_104_1b1_PR_007,ICBHI_104_1b1_PR,ICBHI_104,1,ICBHI,Litt3200,0.9999473379335576,2
ICBHI_106_2b1_PL_000,ICBHI_106_2b1_PL,ICBHI_106,1,ICBHI,LittC2SE,0.999530823621416,2
ICBHI_106_2b1_PL_001,ICBHI_106_2b1_PL,ICBHI_106,1,ICBHI,LittC2SE,0.9992958484109428,2
ICBHI_106_2b1_PL_002,ICBHI_106_2b1_PL,ICBHI_106,1,ICBHI,LittC2SE,0.9991606400848502,2
ICBHI_106_2b1_PL_003,ICBHI_106_2b1_PL,ICBHI_106,1,ICBHI,LittC2SE,0.9994428882818492,2
ICBHI_106_2b1_PL_004,ICBHI_106_2b1_PL,ICBHI_106,1,ICBHI,LittC2SE,0.9996002289704816,2
ICBHI_106_2b1_PL_005,ICBHI_106_2b1_PL,ICBHI_106,1,ICBHI,LittC2SE,0.9996155380700886,2
ICBHI_106_2b1_PL_006,ICBHI_106_2b1_PL,ICBHI_106,1,ICBHI,LittC2SE,0.9997367616790968,2
ICBHI_106_2b1_PR_000,ICBHI_106_2b1_PR,ICBHI_106,1,ICBHI,LittC2SE,0.9996567000004942,2
ICBHI_106_2b1_PR_001,ICBHI_106_2b1_PR,ICBHI_106,1,ICBHI,LittC2SE,0.9996698472749022,2
ICBHI_106_2b1_PR_002,ICBHI_106_2b1_PR,ICBHI_106,1,ICBHI,LittC2SE,0.999680001755926,2
ICBHI_106_2b1_PR_003,ICBHI_106_2b1_PR,ICBHI_106,1,ICBHI,LittC2SE,0.9996170363710914,2
ICBHI_106_2b1_PR_004,ICBHI_106_2b1_PR,ICBHI_106,1,ICBHI,LittC2SE,0.9995252957440848,2
ICBHI_106_2b1_PR_005,ICBHI_106_2b1_PR,ICBHI_106,1,ICBHI,LittC2SE,0.9995794125678484,2
ICBHI_106_2b1_PR_006,ICBHI_106_2b1_PR,ICBHI_106,1,ICBHI,LittC2SE,0.9996485617367192,2
ICBHI_120_1b1_AL_000,ICBHI_120_1b1_AL,ICBHI_120,1,ICBHI,Meditron,0.9988074507197912,2
ICBHI_120_1b1_AL_001,ICBHI_120_1b1_AL,ICBHI_120,1,ICBHI,Meditron,0.9989012689270752,2
ICBHI_120_1b1_AL_002,ICBHI_120_1b1_AL,ICBHI_120,1,ICBHI,Meditron,0.999147433358729,2
ICBHI_120_1b1_AL_003,ICBHI_120_1b1_AL,ICBHI_120,1,ICBHI,Meditron,0.9992763427354946,2
ICBHI_120_1b1_AL_004,ICBHI_120_1b1_AL,ICBHI_120,1,ICBHI,Meditron,0.9993761061639088,2
ICBHI_120_1b1_AL_005,ICBHI_120_1b1_AL,ICBHI_120,1,ICBHI,Meditron,0.999773066142504,2
ICBHI_120_1b1_AL_006,ICBHI_120_1b1_AL,ICBHI_120,1,ICBHI,Meditron,0.9996580379426712,2
ICBHI_120_1b1_AL_007,ICBHI_120_1b1_AL,ICBHI_120,1,ICBHI,Meditron,0.999534473081248,2
ICBHI_120_1b1_AL_008,ICBHI_120_1b1_AL,ICBHI_120,1,ICBHI,Meditron,0.9995540437949288,2
ICBHI_120_1b1_AL_009,ICBHI_120_1b1_AL,ICBHI_120,1,ICBHI,Meditron,0.9995794125678484,2
ICBHI_120_1b1_AL_010,ICBHI_120_1b1_AL,ICBHI_120,1,ICBHI,Meditron,0.9996064244064888,2
ICBHI_120_1b1_AL_011,ICBHI_120_1b1_AL,ICBHI_120,1,ICBHI,Meditron,0.9995557816410784,2
ICBHI_120_1b1_AL_012,ICBHI_120_1b1_AL,ICBHI_120,1,ICBHI,Meditron,0.998196833592204,2
ICBHI_120_1b1_AL_013,ICBHI_120_1b1_AL,ICBHI_120,1,ICBHI,Meditron,0.997892527562115,2
ICBHI_120_1b1_AL_014,ICBHI_120_1b1_AL,ICBHI_120,1,ICBHI,Meditron,0.9994887420950092,2
ICBHI_120_1b1_AL_015,ICBHI_120_1b1_AL,ICBHI_120,1,ICBHI,Meditron,0.9993228057669614,2
ICBHI_120_1b1_AL_016,ICBHI_120_1b1_AL,ICBHI_120,1,ICBHI,Meditron,0.9992678187383393,2
ICBHI_120_1b1_AL_017,ICBHI_120_1b1_AL,ICBHI_120,1,ICBHI,Meditron,0.9993228057669614,2
ICBHI_120_1b1_AL_018,ICBHI_120_1b1_AL,ICBHI_120,1,ICBHI,Meditron,0.9993833702652382,2
ICBHI_120_1b1_AL_019,ICBHI_120_1b1_AL,ICBHI_120,1,ICBHI,Meditron,0.9989757936215702,2
ICBHI_120_1b1_AL_020,ICBHI_120_1b1_AL,ICBHI_120,1,ICBHI,Meditron,0.9995063950104092,2
ICBHI_120_1b1_AL_021,ICBHI_120_1b1_AL,ICBHI_120,1,ICBHI,Meditron,0.9991238200484855,2
ICBHI_120_1b1_AL_022,ICBHI_120_1b1_AL,ICBHI_120,1,ICBHI,Meditron,0.9994046593337556,2
ICBHI_120_1b1_AL_023,ICBHI_120_1b1_AL,ICBHI_120,1,ICBHI,Meditron,0.999103060676328,2
ICBHI_120_1b1_AL_024,ICBHI_120_1b1_AL,ICBHI_120,1,ICBHI,Meditron,0.9992386741581052,2
ICBHI_120_1b1_AR_000,ICBHI_120_1b1_AR,ICBHI_120,1,ICBHI,Meditron,0.9994493752561064,2
ICBHI_120_1b1_AR_001,ICBHI_120_1b1_AR,ICBHI_120,1,ICBHI,Meditron,0.9994663071572336,2
ICBHI_120_1b1_AR_002,ICBHI_120_1b1_AR,ICBHI_120,1,ICBHI,Meditron,0.9994229654710683,2
ICBHI_120_1b1_AR_003,ICBHI_120_1b1_AR,ICBHI_120,1,ICBHI,Meditron,0.9993461844496442,2
ICBHI_120_1b1_AR_004,ICBHI_120_1b1_AR,ICBHI_120,1,ICBHI,Meditron,0.9994407090277544,2
ICBHI_120_1b1_AR_005,ICBHI_120_1b1_AR,ICBHI_120,1,ICBHI,Meditron,0.9993687565431252,2
ICBHI_120_1b1_AR_006,ICBHI_120_1b1_AR,ICBHI_120,1,ICBHI,Meditron,0.9993952897517442,2
ICBHI_120_1b1_AR_007,ICBHI_120_1b1_AR,ICBHI_120,1,ICBHI,Meditron,0.9996110079173974,2
ICBHI_120_1b1_AR_008,ICBHI_120_1b1_AR,ICBHI_120,1,ICBHI,Meditron,0.9996079582107624,2
ICBHI_120_1b1_AR_009,ICBHI_120_1b1_AR,ICBHI_120,1,ICBHI,Meditron,0.9996288145497544,2
ICBHI_120_1b1_AR_010,ICBHI_120_1b1_AR,ICBHI_120,1,ICBHI,Meditron,0.99943852125386,2
ICBHI_120_1b1_AR_011,ICBHI_120_1b1_AR,ICBHI_120,1,ICBHI,Meditron,0.9995044640524364,2
ICBHI_120_1b1_AR_012,ICBHI_120_1b1_AR,ICBHI_120,1,ICBHI,Meditron,0.999356314395516,2
ICBHI_120_1b1_AR_013,ICBHI_120_1b1_AR,ICBHI_120,1,ICBHI,Meditron,0.9993487317748364,2
ICBHI_120_1b1_AR_014,ICBHI_120_1b1_AR,ICBHI_120,1,ICBHI,Meditron,0.9993588222788344,2
ICBHI_120_1b1_AR_015,ICBHI_120_1b1_AR,ICBHI_120,1,ICBHI,Meditron,0.9991606400848502,2
ICBHI_120_1b1_AR_016,ICBHI_120_1b1_AR,ICBHI_120,1,ICBHI,Meditron,0.9991440993632548,2
ICBHI_120_1b1_AR_017,ICBHI_120_1b1_AR,ICBHI_120,1,ICBHI,Meditron,0.9993638087890532,2
ICBHI_120_1b1_AR_018,ICBHI_120_1b1_AR,ICBHI_120,1,ICBHI,Meditron,0.9992875540083602,2
ICBHI_120_1b1_AR_019,ICBHI_120_1b1_AR,ICBHI_120,1,ICBHI,Meditron,0.9990960322532406,2
ICBHI_120_1b1_AR_020,ICBHI_120_1b1_AR,ICBHI_120,1,ICBHI,Meditron,0.9991440993632548,2
ICBHI_120_1b1_AR_021,ICBHI_120_1b1_AR,ICBHI_120,1,ICBHI,Meditron,0.999532651911922,2
ICBHI_120_1b1_AR_022,ICBHI_120_1b1_AR,ICBHI_120,1,ICBHI,Meditron,0.9995970947907232,2
ICBHI_120_1b1_AR_023,ICBHI_120_1b1_AR,ICBHI_120,1,ICBHI,Meditron,0.999680001755926,2
ICBHI_120_1b1_AR_024,ICBHI_120_1b1_AR,ICBHI_120,1,ICBHI,Meditron,0.9998403213486516,2
ICBHI_120_1b1_LR_000,ICBHI_120_1b1_LR,ICBHI_120,1,ICBHI,Meditron,0.9990452682889194,2
ICBHI_120_1b1_LR_001,ICBHI_120_1b1_LR,ICBHI_120,1,ICBHI,Meditron,0.9992266942918758,2
ICBHI_120_1b1_LR_002,ICBHI_120_1b1_LR,ICBHI_120,1,ICBHI,Meditron,0.9993512691818596,2
ICBHI_120_1b1_LR_003,ICBHI_120_1b1_LR,ICBHI_120,1,ICBHI,Meditron,0.9994472213630764,2
ICBHI_120_1b1_LR_004,ICBHI_120_1b1_LR,ICBHI_120,1,ICBHI,Meditron,0.9994229654710683,2
ICBHI_120_1b1_LR_005,ICBHI_120_1b1_LR,ICBHI_120,1,ICBHI,Meditron,0.9994557867375674,2
ICBHI_120_1b1_LR_006,ICBHI_120_1b1_LR,ICBHI_120,1,ICBHI,Meditron,0.9992678187383393,2
ICBHI_120_1b1_LR_007,ICBHI_120_1b1_LR,ICBHI_120,1,ICBHI,Meditron,0.999547024187722,2
ICBHI_120_1b1_LR_008,ICBHI_120_1b1_LR,ICBHI_120,1,ICBHI,Meditron,0.9985104826352892,2
ICBHI_120_1b1_LR_009,ICBHI_120_1b1_LR,ICBHI_120,1,ICBHI,Meditron,0.9987886935494876,2
ICBHI_120_1b1_LR_010,ICBHI_120_1b1_LR,ICBHI_120,1,ICBHI,Meditron,0.9991768614118112,2
ICBHI_120_1b1_LR_011,ICBHI_120_1b1_LR,ICBHI_120,1,ICBHI,Meditron,0.9990673639986946,2
ICBHI_120_1b1_LR_012,ICBHI_120_1b1_LR,ICBHI_120,1,ICBHI,Meditron,0.9979332055218498,2
ICBHI_120_1b1_LR_013,ICBHI_120_1b1_LR,ICBHI_120,1,ICBHI,Meditron,0.9976858736703106,2
ICBHI_120_1b1_LR_014,ICBHI_120_1b1_LR,ICBHI_120,1,ICBHI,Meditron,0.998451238905712,2
ICBHI_120_1b1_LR_015,ICBHI_120_1b1_LR,ICBHI_120,1,ICBHI,Meditron,0.9979730999195362,2
ICBHI_120_1b1_LR_016,ICBHI_120_1b1_LR,ICBHI_120,1,ICBHI,Meditron,0.9983321176728251,2
ICBHI_120_1b1_LR_017,ICBHI_120_1b1_LR,ICBHI_120,1,ICBHI,Meditron,0.9985335415969152,2
ICBHI_120_1b1_LR_018,ICBHI_120_1b1_LR,ICBHI_120,1,ICBHI,Meditron,0.9994296842929216,2
ICBHI_120_1b1_LR_019,ICBHI_120_1b1_LR,ICBHI_120,1,ICBHI,Meditron,0.9990782195215828,2
ICBHI_120_1b1_LR_020,ICBHI_120_1b1_LR,ICBHI_120,1,ICBHI,Meditron,0.9987005725342086,2
ICBHI_120_1b1_LR_021,ICBHI_120_1b1_LR,ICBHI_120,1,ICBHI,Meditron,0.998959681497187,2
ICBHI_120_1b1_LR_022,ICBHI_120_1b1_LR,ICBHI_120,1,ICBHI,Meditron,0.9983770329385312,2
ICBHI_120_1b1_LR_023,ICBHI_120_1b1_LR,ICBHI_120,1,ICBHI,Meditron,0.9980044613844664,2
ICBHI_120_1b1_LR_024,ICBHI_120_1b1_LR,ICBHI_120,1,ICBHI,Meditron,0.9989797825500956,2
ICBHI_120_1b1_LR_025,ICBHI_120_1b1_LR,ICBHI_120,1,ICBHI,Meditron,0.9987306355296328,2
ICBHI_120_1b1_LR_026,ICBHI_120_1b1_LR,ICBHI_120,1,ICBHI,Meditron,0.9993638087890532,2
ICBHI_120_1b1_LR_027,ICBHI_120_1b1_LR,ICBHI_120,1,ICBHI,Meditron,0.9980353385604862,2
ICBHI_120_1b1_LR_028,ICBHI_120_1b1_LR,ICBHI_120,1,ICBHI,Meditron,0.9994725215874768,2
ICBHI_120_1b1_LR_029,ICBHI_120_1b1_LR,ICBHI_120,1,ICBHI,Meditron,0.9997153775984248,2
ICBHI_120_1b1_LR_030,ICBHI_120_1b1_LR,ICBHI_120,1,ICBHI,Meditron,0.9996724157021404,2
ICBHI_120_1b1_LR_031,ICBHI_120_1b1_LR,ICBHI_120,1,ICBHI,Meditron,0.99969225692354,2
ICBHI_120_1b1_LR_032,ICBHI_120_1b1_LR,ICBHI_120,1,ICBHI,Meditron,0.9991507543783068,2
ICBHI_120_1b1_PL_000,ICBHI_120_1b1_PL,ICBHI_120,1,ICBHI,Meditron,0.9983579333307973,2
ICBHI_120_1b1_PL_001,ICBHI_120_1b1_PL,ICBHI_120,1,ICBHI,Meditron,0.9972316144830862,2
ICBHI_120_1b1_PL_002,ICBHI_120_1b1_PL,ICBHI_120,1,ICBHI,Meditron,0.9985449370614672,2
ICBHI_120_1b1_PL_003,ICBHI_120_1b1_PL,ICBHI_120,1,ICBHI,Meditron,0.9955316157335088,2
ICBHI_120_1b1_PL_004,ICBHI_120_1b1_PL,ICBHI_120,1,ICBHI,Meditron,0.9971550903350206,2
ICBHI_120_1b1_PL_005,ICBHI_120_1b1_PL,ICBHI_120,1,ICBHI,Meditron,0.9970878217168856,2
ICBHI_120_1b1_PL_006,ICBHI_120_1b1_PL,ICBHI_120,1,ICBHI,Meditron,0.994615062038222,2
ICBHI_120_1b1_PL_007,ICBHI_120_1b1_PL,ICBHI_120,1,ICBHI,Meditron,0.9900250791759212,2
ICBHI_120_1b1_PL_008,ICBHI_120_1b1_PL,ICBHI_120,1,ICBHI,Meditron,0.9676556676188428,2
ICBHI_120_1b1_PL_009,ICBHI_120_1b1_PL,ICBHI_120,1,ICBHI,Meditron,0.9531007418201308,2
ICBHI_120_1b1_PL_010,ICBHI_120_1b1_PL,ICBHI_120,1,ICBHI,Meditron,0.9945094367975008,2
ICBHI_120_1b1_PL_011,ICBHI_120_1b1_PL,ICBHI_120,1,ICBHI,Meditron,0.9783846672373524,2
ICBHI_120_1b1_PL_012,ICBHI_120_1b1_PL,ICBHI_120,1,ICBHI,Meditron,0.9898695883364156,2
ICBHI_120_1b1_PL_013,ICBHI_120_1b1_PL,ICBHI_120,1,ICBHI,Meditron,0.996100379327422,2
ICBHI_120_1b1_PL_014,ICBHI_120_1b1_PL,ICBHI_120,1,ICBHI,Meditron,0.99507548962592,2
ICBHI_120_1b1_PL_015,ICBHI_120_1b1_PL,ICBHI_120,1,ICBHI,Meditron,0.9954615682752046,2
ICBHI_120_1b1_PL_016,ICBHI_120_1b1_PL,ICBHI_120,1,ICBHI,Meditron,0.9973477402942144,2
ICBHI_120_1b1_PL_017,ICBHI_120_1b1_PL,ICBHI_120,1,ICBHI,Meditron,0.9976403393179368,2
ICBHI_120_1b1_PL_018,ICBHI_120_1b1_PL,ICBHI_120,1,ICBHI,Meditron,0.9931228923417692,2
ICBHI_120_1b1_PL_019,ICBHI_120_1b1_PL,ICBHI_120,1,ICBHI,Meditron,0.9973060857980208,2
ICBHI_120_1b1_PL_020,ICBHI_120_1b1_PL,ICBHI_120,1,ICBHI,Meditron,0.9963357796692156,2
ICBHI_120_1b1_PL_021,ICBHI_120_1b1_PL,ICBHI_120,1,ICBHI,Meditron,0.9887119261007692,2
ICBHI_120_1b1_PL_022,ICBHI_120_1b1_PL,ICBHI_120,1,ICBHI,Meditron,0.992988204618503,2
ICBHI_120_1b1_PL_023,ICBHI_120_1b1_PL,ICBHI_120,1,ICBHI,Meditron,0.9968884914601416,2
ICBHI_120_1b1_PL_024,ICBHI_120_1b1_PL,ICBHI_120,1,ICBHI,Meditron,0.9986276313099476,2
ICBHI_120_1b1_PR_000,ICBHI_120_1b1_PR,ICBHI_120,1,ICBHI,Meditron,0.8790429715386827,2
ICBHI_120_1b1_PR_001,ICBHI_120_1b1_PR,ICBHI_120,1,ICBHI,Meditron,0.9569571506599678,2
ICBHI_120_1b1_PR_002,ICBHI_120_1b1_PR,ICBHI_120,1,ICBHI,Meditron,0.9624619925347202,2
ICBHI_120_1b1_PR_003,ICBHI_120_1b1_PR,ICBHI_120,1,ICBHI,Meditron,0.9571978541000364,2
ICBHI_120_1b1_PR_004,ICBHI_120_1b1_PR,ICBHI_120,1,ICBHI,Meditron,0.9641193044741588,2
ICBHI_120_1b1_PR_005,ICBHI_120_1b1_PR,ICBHI_120,1,ICBHI,Meditron,0.97671369455574,2
ICBHI_120_1b1_PR_006,ICBHI_120_1b1_PR,ICBHI_120,1,ICBHI,Meditron,0.9824904426504252,2
ICBHI_120_1b1_PR_007,ICBHI_120_1b1_PR,ICBHI_120,1,ICBHI,Meditron,0.9658351844920308,2
ICBHI_120_1b1_PR_008,ICBHI_120_1b1_PR,ICBHI_120,1,ICBHI,Meditron,0.9587699726751936,2
ICBHI_120_1b1_PR_009,ICBHI_120_1b1_PR,ICBHI_120,1,ICBHI,Meditron,0.9675944825013576,2
ICBHI_120_1b1_PR_010,ICBHI_120_1b1_PR,ICBHI_120,1,ICBHI,Meditron,0.946793792527612,2
ICBHI_120_1b1_PR_011,ICBHI_120_1b1_PR,ICBHI_120,1,ICBHI,Meditron,0.9616780264794544,2
ICBHI_120_1b1_PR_012,ICBHI_120_1b1_PR,ICBHI_120,1,ICBHI,Meditron,0.9715099574136776,2
ICBHI_120_1b1_PR_013,ICBHI_120_1b1_PR,ICBHI_120,1,ICBHI,Meditron,0.982151261550011,2
ICBHI_120_1b1_PR_014,ICBHI_120_1b1_PR,ICBHI_120,1,ICBHI,Meditron,0.99440175138534,2
ICBHI_120_1b1_PR_015,ICBHI_120_1b1_PR,ICBHI_120,1,ICBHI,Meditron,0.9963071469612744,2
ICBHI_120_1b1_PR_016,ICBHI_120_1b1_PR,ICBHI_120,1,ICBHI,Meditron,0.9926256346917622,2
ICBHI_120_1b1_PR_017,ICBHI_120_1b1_PR,ICBHI_120,1,ICBHI,Meditron,0.990659975614946,2
ICBHI_120_1b1_PR_018,ICBHI_120_1b1_PR,ICBHI_120,1,ICBHI,Meditron,0.9920927084953716,2
ICBHI_120_1b1_PR_019,ICBHI_120_1b1_PR,ICBHI_120,1,ICBHI,Meditron,0.9904775143296634,2
ICBHI_120_1b1_PR_020,ICBHI_120_1b1_PR,ICBHI_120,1,ICBHI,Meditron,0.9913892323324892,2
ICBHI_120_1b1_PR_021,ICBHI_120_1b1_PR,ICBHI_120,1,ICBHI,Meditron,0.9819446650265006,2
ICBHI_120_1b1_PR_022,ICBHI_120_1b1_PR,ICBHI_120,1,ICBHI,Meditron,0.9816655479104816,2
ICBHI_120_1b1_PR_023,ICBHI_120_1b1_PR,ICBHI_120,1,ICBHI,Meditron,0.9832145101099364,2
ICBHI_120_1b1_PR_024,ICBHI_120_1b1_PR,ICBHI_120,1,ICBHI,Meditron,0.9790758090833794,2
ICBHI_136_1b1_AR_000,ICBHI_136_1b1_AR,ICBHI_136,0,ICBHI,Meditron,0.0019646614395137,2
ICBHI_136_1b1_AR_001,ICBHI_136_1b1_AR,ICBHI_136,0,ICBHI,Meditron,0.0003597693831618,2
ICBHI_136_1b1_AR_002,ICBHI_136_1b1_AR,ICBHI_136,0,ICBHI,Meditron,1.8058518261159952e-05,2
ICBHI_136_1b1_AR_003,ICBHI_136_1b1_AR,ICBHI_136,0,ICBHI,Meditron,5.144221374220898e-05,2
ICBHI_136_1b1_AR_004,ICBHI_136_1b1_AR,ICBHI_136,0,ICBHI,Meditron,0.002368874255227,2
ICBHI_136_1b1_AR_005,ICBHI_136_1b1_AR,ICBHI_136,0,ICBHI,Meditron,0.0028228328977615,2
ICBHI_136_1b1_AR_006,ICBHI_136_1b1_AR,ICBHI_136,0,ICBHI,Meditron,0.0098598553035387,2
ICBHI_142_1b1_PL_000,ICBHI_142_1b1_PL,ICBHI_142,1,ICBHI,LittC2SE,0.9997527065386754,2
ICBHI_142_1b1_PL_001,ICBHI_142_1b1_PL,ICBHI_142,1,ICBHI,LittC2SE,0.9995452520967412,2
ICBHI_142_1b1_PL_002,ICBHI_142_1b1_PL,ICBHI_142,1,ICBHI,LittC2SE,0.999710896743592,2
ICBHI_142_1b1_PL_003,ICBHI_142_1b1_PL,ICBHI_142,1,ICBHI,LittC2SE,0.9998634164568558,2
ICBHI_142_1b1_PL_004,ICBHI_142_1b1_PL,ICBHI_142,1,ICBHI,LittC2SE,0.999631702073984,2
ICBHI_142_1b1_PL_005,ICBHI_142_1b1_PL,ICBHI_142,1,ICBHI,LittC2SE,0.9995875441098898,2
ICBHI_142_1b1_PL_006,ICBHI_142_1b1_PL,ICBHI_142,1,ICBHI,LittC2SE,0.9997175919220068,2
ICBHI_152_1b1_AL_000,ICBHI_152_1b1_AL,ICBHI_152,0,ICBHI,Meditron,0.9995875441098898,2
ICBHI_152_1b1_AL_001,ICBHI_152_1b1_AL,ICBHI_152,0,ICBHI,Meditron,0.999557512718016,2
ICBHI_152_1b1_AL_002,ICBHI_152_1b1_AL,ICBHI_152,0,ICBHI,Meditron,0.9996064244064888,2
ICBHI_152_1b1_AL_003,ICBHI_152_1b1_AL,ICBHI_152,0,ICBHI,Meditron,0.9998557401355151,2
ICBHI_152_1b1_AL_004,ICBHI_152_1b1_AL,ICBHI_152,0,ICBHI,Meditron,0.9986060497733246,2
ICBHI_152_1b1_AL_005,ICBHI_152_1b1_AL,ICBHI_152,0,ICBHI,Meditron,0.9982038508450995,2
ICBHI_152_1b1_AL_006,ICBHI_152_1b1_AL,ICBHI_152,0,ICBHI,Meditron,0.9997584337017134,2
ICBHI_172_1b3_AL_000,ICBHI_172_1b3_AL,ICBHI_172,1,ICBHI,AKGC417L,0.9987306355296328,2
ICBHI_172_1b3_AL_001,ICBHI_172_1b3_AL,ICBHI_172,1,ICBHI,AKGC417L,0.9988708453714952,2
ICBHI_172_1b3_AL_002,ICBHI_172_1b3_AL,ICBHI_172,1,ICBHI,AKGC417L,0.999127232969108,2
ICBHI_172_1b3_AL_003,ICBHI_172_1b3_AL,ICBHI_172,1,ICBHI,AKGC417L,0.9992145260642746,2
ICBHI_172_1b3_AL_004,ICBHI_172_1b3_AL,ICBHI_172,1,ICBHI,AKGC417L,0.9988350439117648,2
ICBHI_172_1b3_AL_005,ICBHI_172_1b3_AL,ICBHI_172,1,ICBHI,AKGC417L,0.9986382966250248,2
ICBHI_172_1b3_AL_006,ICBHI_172_1b3_AL,ICBHI_172,1,ICBHI,AKGC417L,0.9983896426295432,2
ICBHI_172_1b3_AR_000,ICBHI_172_1b3_AR,ICBHI_172,1,ICBHI,AKGC417L,0.99861147672431,2
ICBHI_172_1b3_AR_001,ICBHI_172_1b3_AR,ICBHI_172,1,ICBHI,AKGC417L,0.999595518502158,2
ICBHI_172_1b3_AR_002,ICBHI_172_1b3_AR,ICBHI_172,1,ICBHI,AKGC417L,0.9994683867223316,2
ICBHI_172_1b3_AR_003,ICBHI_172_1b3_AR,ICBHI_172,1,ICBHI,AKGC417L,0.9996388230278576,2
ICBHI_172_1b3_AR_004,ICBHI_172_1b3_AR,ICBHI_172,1,ICBHI,AKGC417L,0.999547024187722,2
ICBHI_172_1b3_AR_005,ICBHI_172_1b3_AR,ICBHI_172,1,ICBHI,AKGC417L,0.9994319064800212,2
ICBHI_172_1b3_AR_006,ICBHI_172_1b3_AR,ICBHI_172,1,ICBHI,AKGC417L,0.9994642194616526,2
ICBHI_172_1b3_LL_000,ICBHI_172_1b3_LL,ICBHI_172,1,ICBHI,AKGC417L,0.9978426581115474,2
ICBHI_172_1b3_LL_001,ICBHI_172_1b3_LL,ICBHI_172,1,ICBHI,AKGC417L,0.9983058968441496,2
ICBHI_172_1b3_LL_002,ICBHI_172_1b3_LL,ICBHI_172,1,ICBHI,AKGC417L,0.9967775156759976,2
ICBHI_172_1b3_LL_003,ICBHI_172_1b3_LL,ICBHI_172,1,ICBHI,AKGC417L,0.9967900386241352,2
ICBHI_172_1b3_LL_004,ICBHI_172_1b3_LL,ICBHI_172,1,ICBHI,AKGC417L,0.997694874797206,2
ICBHI_172_1b3_LL_005,ICBHI_172_1b3_LL,ICBHI_172,1,ICBHI,AKGC417L,0.9977038409935028,2
ICBHI_172_1b3_LL_006,ICBHI_172_1b3_LL,ICBHI_172,1,ICBHI,AKGC417L,0.99463594330938,2
ICBHI_172_1b3_LR_000,ICBHI_172_1b3_LR,ICBHI_172,1,ICBHI,AKGC417L,0.9998176453920532,2
ICBHI_172_1b3_LR_001,ICBHI_172_1b3_LR,ICBHI_172,1,ICBHI,AKGC417L,0.9997765836398173,2
ICBHI_172_1b3_LR_002,ICBHI_172_1b3_LR,ICBHI_172,1,ICBHI,AKGC417L,0.9996567000004942,2
ICBHI_172_1b3_LR_003,ICBHI_172_1b3_LR,ICBHI_172,1,ICBHI,AKGC417L,0.9997131459176124,2
ICBHI_172_1b3_LR_004,ICBHI_172_1b3_LR,ICBHI_172,1,ICBHI,AKGC417L,0.99985797635977,2
ICBHI_172_1b3_LR_005,ICBHI_172_1b3_LR,ICBHI_172,1,ICBHI,AKGC417L,0.9996125238661848,2
ICBHI_172_1b3_LR_006,ICBHI_172_1b3_LR,ICBHI_172,1,ICBHI,AKGC417L,0.9995843105229772,2
ICBHI_172_1b3_PL_000,ICBHI_172_1b3_PL,ICBHI_172,1,ICBHI,AKGC417L,0.999192769501438,2
ICBHI_172_1b3_PL_001,ICBHI_172_1b3_PL,ICBHI_172,1,ICBHI,AKGC417L,0.9989182847472744,2
ICBHI_172_1b3_PL_002,ICBHI_172_1b3_PL,ICBHI_172,1,ICBHI,AKGC417L,0.9993976458735048,2
ICBHI_172_1b3_PL_003,ICBHI_172_1b3_PL,ICBHI_172,1,ICBHI,AKGC417L,0.9995121428772178,2
ICBHI_172_1b3_PL_004,ICBHI_172_1b3_PL,ICBHI_172,1,ICBHI,AKGC417L,0.9992847675679684,2
ICBHI_172_1b3_PL_005,ICBHI_172_1b3_PL,ICBHI_172,1,ICBHI,AKGC417L,0.9993905498409864,2
ICBHI_172_1b3_PL_006,ICBHI_172_1b3_PL,ICBHI_172,1,ICBHI,AKGC417L,0.999253388538729,2
ICBHI_172_1b3_PR_000,ICBHI_172_1b3_PR,ICBHI_172,1,ICBHI,AKGC417L,0.9943140930647724,2
ICBHI_172_1b3_PR_001,ICBHI_172_1b3_PR,ICBHI_172,1,ICBHI,AKGC417L,0.9945094367975008,2
ICBHI_172_1b3_PR_002,ICBHI_172_1b3_PR,ICBHI_172,1,ICBHI,AKGC417L,0.994880323761938,2
ICBHI_172_1b3_PR_003,ICBHI_172_1b3_PR,ICBHI_172,1,ICBHI,AKGC417L,0.9958820823560408,2
ICBHI_172_1b3_PR_004,ICBHI_172_1b3_PR,ICBHI_172,1,ICBHI,AKGC417L,0.996205165779956,2
ICBHI_172_1b3_PR_005,ICBHI_172_1b3_PR,ICBHI_172,1,ICBHI,AKGC417L,0.9964203573960624,2
ICBHI_172_1b3_PR_006,ICBHI_172_1b3_PR,ICBHI_172,1,ICBHI,AKGC417L,0.9965165758069192,2
ICBHI_172_1b3_TC_000,ICBHI_172_1b3_TC,ICBHI_172,1,ICBHI,AKGC417L,0.9994946954202548,2
ICBHI_172_1b3_TC_001,ICBHI_172_1b3_TC,ICBHI_172,1,ICBHI,AKGC417L,0.9999403264792988,2
ICBHI_172_1b3_TC_002,ICBHI_172_1b3_TC,ICBHI_172,1,ICBHI,AKGC417L,0.9998785182471944,2
ICBHI_172_1b3_TC_003,ICBHI_172_1b3_TC,ICBHI_172,1,ICBHI,AKGC417L,0.9994745769504167,2
ICBHI_172_1b3_TC_004,ICBHI_172_1b3_TC,ICBHI_172,1,ICBHI,AKGC417L,0.9997933701751162,2
ICBHI_172_1b3_TC_005,ICBHI_172_1b3_TC,ICBHI_172,1,ICBHI,AKGC417L,0.9999546021312976,2
ICBHI_172_1b3_TC_006,ICBHI_172_1b3_TC,ICBHI_172,1,ICBHI,AKGC417L,0.9999452402301956,2
ICBHI_172_1b4_AL_000,ICBHI_172_1b4_AL,ICBHI_172,1,ICBHI,AKGC417L,0.9686788827792144,2
ICBHI_172_1b4_AL_001,ICBHI_172_1b4_AL,ICBHI_172,1,ICBHI,AKGC417L,0.9971216519652336,2
ICBHI_172_1b4_AL_002,ICBHI_172_1b4_AL,ICBHI_172,1,ICBHI,AKGC417L,0.9993512691818596,2
ICBHI_172_1b4_AL_003,ICBHI_172_1b4_AL,ICBHI_172,1,ICBHI,AKGC417L,0.999585930471614,2
ICBHI_172_1b4_AL_004,ICBHI_172_1b4_AL,ICBHI_172,1,ICBHI,AKGC417L,0.99960488460381,2
ICBHI_172_1b4_AL_005,ICBHI_172_1b4_AL,ICBHI_172,1,ICBHI,AKGC417L,0.999523438689581,2
ICBHI_172_1b4_AL_006,ICBHI_172_1b4_AL,ICBHI_172,1,ICBHI,AKGC417L,0.999281970237388,2
ICBHI_172_1b4_AR_000,ICBHI_172_1b4_AR,ICBHI_172,1,ICBHI,AKGC417L,0.9763105287006256,2
ICBHI_172_1b4_AR_001,ICBHI_172_1b4_AR,ICBHI_172,1,ICBHI,AKGC417L,0.9985335415969152,2
ICBHI_172_1b4_AR_002,ICBHI_172_1b4_AR,ICBHI_172,1,ICBHI,AKGC417L,0.9994363249268948,2
ICBHI_172_1b4_AR_003,ICBHI_172_1b4_AR,ICBHI_172,1,ICBHI,AKGC417L,0.9995380941670976,2
ICBHI_172_1b4_AR_004,ICBHI_172_1b4_AR,ICBHI_172,1,ICBHI,AKGC417L,0.9997131459176124,2
ICBHI_172_1b4_AR_005,ICBHI_172_1b4_AR,ICBHI_172,1,ICBHI,AKGC417L,0.9992735124786836,2
ICBHI_172_1b4_AR_006,ICBHI_172_1b4_AR,ICBHI_172,1,ICBHI,AKGC417L,0.9991896126509426,2
ICBHI_172_1b4_LL_000,ICBHI_172_1b4_LL,ICBHI_172,1,ICBHI,AKGC417L,0.97671369455574,2
ICBHI_172_1b4_LL_001,ICBHI_172_1b4_LL,ICBHI_172,1,ICBHI,AKGC417L,0.9964893508862251,2
ICBHI_172_1b4_LL_002,ICBHI_172_1b4_LL,ICBHI_172,1,ICBHI,AKGC417L,0.9995557816410784,2
ICBHI_172_1b4_LL_003,ICBHI_172_1b4_LL,ICBHI_172,1,ICBHI,AKGC417L,0.999620015485248,2
ICBHI_172_1b4_LL_004,ICBHI_172_1b4_LL,ICBHI_172,1,ICBHI,AKGC417L,0.9994115911814432,2
ICBHI_172_1b4_LL_005,ICBHI_172_1b4_LL,ICBHI_172,1,ICBHI,AKGC417L,0.9992620804070852,2
ICBHI_172_1b4_LL_006,ICBHI_172_1b4_LL,ICBHI_172,1,ICBHI,AKGC417L,0.9992327075871412,2
ICBHI_172_1b4_LR_000,ICBHI_172_1b4_LR,ICBHI_172,1,ICBHI,AKGC417L,0.9980044613844664,2
ICBHI_172_1b4_LR_001,ICBHI_172_1b4_LR,ICBHI_172,1,ICBHI,AKGC417L,0.9996774927880132,2
ICBHI_172_1b4_LR_002,ICBHI_172_1b4_LR,ICBHI_172,1,ICBHI,AKGC417L,0.9993588222788344,2
ICBHI_172_1b4_LR_003,ICBHI_172_1b4_LR,ICBHI_172,1,ICBHI,AKGC417L,0.9991238200484855,2
ICBHI_172_1b4_LR_004,ICBHI_172_1b4_LR,ICBHI_172,1,ICBHI,AKGC417L,0.9996416327220904,2
ICBHI_172_1b4_LR_005,ICBHI_172_1b4_LR,ICBHI_172,1,ICBHI,AKGC417L,0.999710896743592,2
ICBHI_172_1b4_LR_006,ICBHI_172_1b4_LR,ICBHI_172,1,ICBHI,AKGC417L,0.9994536579107852,2
ICBHI_172_1b4_PL_000,ICBHI_172_1b4_PL,ICBHI_172,1,ICBHI,AKGC417L,0.9920311850466846,2
ICBHI_172_1b4_PL_001,ICBHI_172_1b4_PL,ICBHI_172,1,ICBHI,AKGC417L,0.9993588222788344,2
ICBHI_172_1b4_PL_002,ICBHI_172_1b4_PL,ICBHI_172,1,ICBHI,AKGC417L,0.9997584337017134,2
ICBHI_172_1b4_PL_003,ICBHI_172_1b4_PL,ICBHI_172,1,ICBHI,AKGC417L,0.9998623453663108,2
ICBHI_172_1b4_PL_004,ICBHI_172_1b4_PL,ICBHI_172,1,ICBHI,AKGC417L,0.999827348451724,2
ICBHI_172_1b4_PL_005,ICBHI_172_1b4_PL,ICBHI_172,1,ICBHI,AKGC417L,0.9997800466275678,2
ICBHI_172_1b4_PL_006,ICBHI_172_1b4_PL,ICBHI_172,1,ICBHI,AKGC417L,0.9994138838254832,2
ICBHI_172_1b4_PR_000,ICBHI_172_1b4_PR,ICBHI_172,1,ICBHI,AKGC417L,0.9939496023117854,2
ICBHI_172_1b4_PR_001,ICBHI_172_1b4_PR,ICBHI_172,1,ICBHI,AKGC417L,0.9991573576912436,2
ICBHI_172_1b4_PR_002,ICBHI_172_1b4_PR,ICBHI_172,1,ICBHI,AKGC417L,0.9998218688795282,2
ICBHI_172_1b4_PR_003,ICBHI_172_1b4_PR,ICBHI_172,1,ICBHI,AKGC417L,0.9998794635117424,2
ICBHI_172_1b4_PR_004,ICBHI_172_1b4_PR,ICBHI_172,1,ICBHI,AKGC417L,0.9998162154299904,2
ICBHI_172_1b4_PR_005,ICBHI_172_1b4_PR,ICBHI_172,1,ICBHI,AKGC417L,0.9995810515958958,2
ICBHI_172_1b4_PR_006,ICBHI_172_1b4_PR,ICBHI_172,1,ICBHI,AKGC417L,0.9993833702652382,2
ICBHI_172_1b4_TC_000,ICBHI_172_1b4_TC,ICBHI_172,1,ICBHI,AKGC417L,0.9921232932834126,2
ICBHI_172_1b4_TC_001,ICBHI_172_1b4_TC,ICBHI_172,1,ICBHI,AKGC417L,0.999063717182244,2
ICBHI_172_1b4_TC_002,ICBHI_172_1b4_TC,ICBHI_172,1,ICBHI,AKGC417L,0.9997676858113772,2
ICBHI_172_1b4_TC_003,ICBHI_172_1b4_TC,ICBHI_172,1,ICBHI,AKGC417L,0.9999171534411778,2
ICBHI_172_1b4_TC_004,ICBHI_172_1b4_TC,ICBHI_172,1,ICBHI,AKGC417L,0.999852319616634,2
ICBHI_172_1b4_TC_005,ICBHI_172_1b4_TC,ICBHI_172,1,ICBHI,AKGC417L,0.9979966667138236,2
ICBHI_172_1b4_TC_006,ICBHI_172_1b4_TC,ICBHI_172,1,ICBHI,AKGC417L,0.9959614084284945,2
ICBHI_172_1b5_AL_000,ICBHI_172_1b5_AL,ICBHI_172,1,ICBHI,AKGC417L,0.998475213608774,2
ICBHI_172_1b5_AL_001,ICBHI_172_1b5_AL,ICBHI_172,1,ICBHI,AKGC417L,0.9986222674109771,2
ICBHI_172_1b5_AL_002,ICBHI_172_1b5_AL,ICBHI_172,1,ICBHI,AKGC417L,0.997965182999252,2
ICBHI_172_1b5_AL_003,ICBHI_172_1b5_AL,ICBHI_172,1,ICBHI,AKGC417L,0.997825774657828,2
ICBHI_172_1b5_AL_004,ICBHI_172_1b5_AL,ICBHI_172,1,ICBHI,AKGC417L,0.998469254898824,2
ICBHI_172_1b5_AL_005,ICBHI_172_1b5_AL,ICBHI_172,1,ICBHI,AKGC417L,0.9989391848195364,2
ICBHI_172_1b5_AL_006,ICBHI_172_1b5_AL,ICBHI_172,1,ICBHI,AKGC417L,0.9988213279637184,2
ICBHI_172_1b5_AR_000,ICBHI_172_1b5_AR,ICBHI_172,1,ICBHI,AKGC417L,0.999620015485248,2
ICBHI_172_1b5_AR_001,ICBHI_172_1b5_AR,ICBHI_172,1,ICBHI,AKGC417L,0.9990782195215828,2
ICBHI_172_1b5_AR_002,ICBHI_172_1b5_AR,ICBHI_172,1,ICBHI,AKGC417L,0.994998327750071,2
ICBHI_172_1b5_AR_003,ICBHI_172_1b5_AR,ICBHI_172,1,ICBHI,AKGC417L,0.9985335415969152,2
ICBHI_172_1b5_AR_004,ICBHI_172_1b5_AR,ICBHI_172,1,ICBHI,AKGC417L,0.9967775156759976,2
ICBHI_172_1b5_AR_005,ICBHI_172_1b5_AR,ICBHI_172,1,ICBHI,AKGC417L,0.9981469406043856,2
ICBHI_172_1b5_AR_006,ICBHI_172_1b5_AR,ICBHI_172,1,ICBHI,AKGC417L,0.9981541516631836,2
ICBHI_172_1b5_LL_000,ICBHI_172_1b5_LL,ICBHI_172,1,ICBHI,AKGC417L,0.9975845167424336,2
ICBHI_172_1b5_LL_001,ICBHI_172_1b5_LL,ICBHI_172,1,ICBHI,AKGC417L,0.997825774657828,2
ICBHI_172_1b5_LL_002,ICBHI_172_1b5_LL,ICBHI_172,1,ICBHI,AKGC417L,0.9981251382797388,2
ICBHI_172_1b5_LL_003,ICBHI_172_1b5_LL,ICBHI_172,1,ICBHI,AKGC417L,0.9980732653366724,2
ICBHI_172_1b5_LL_004,ICBHI_172_1b5_LL,ICBHI_172,1,ICBHI,AKGC417L,0.9972099623456692,2
ICBHI_172_1b5_LL_005,ICBHI_172_1b5_LL,ICBHI_172,1,ICBHI,AKGC417L,0.9965570192011142,2
ICBHI_172_1b5_LL_006,ICBHI_172_1b5_LL,ICBHI_172,1,ICBHI,AKGC417L,0.9965029897474263,2
ICBHI_172_1b5_LR_000,ICBHI_172_1b5_LR,ICBHI_172,1,ICBHI,AKGC417L,0.9994274534183676,2
ICBHI_172_1b5_LR_001,ICBHI_172_1b5_LR,ICBHI_172,1,ICBHI,AKGC417L,0.9993201571055714,2
ICBHI_172_1b5_LR_002,ICBHI_172_1b5_LR,ICBHI_172,1,ICBHI,AKGC417L,0.9996471867315389,2
ICBHI_172_1b5_LR_003,ICBHI_172_1b5_LR,ICBHI_172,1,ICBHI,AKGC417L,0.9996606982095744,2
ICBHI_172_1b5_LR_004,ICBHI_172_1b5_LR,ICBHI_172,1,ICBHI,AKGC417L,0.9996388230278576,2
ICBHI_172_1b5_LR_005,ICBHI_172_1b5_LR,ICBHI_172,1,ICBHI,AKGC417L,0.9996774927880132,2
ICBHI_172_1b5_LR_006,ICBHI_172_1b5_LR,ICBHI_172,1,ICBHI,AKGC417L,0.9996724157021404,2
ICBHI_172_1b5_PL_000,ICBHI_172_1b5_PL,ICBHI_172,1,ICBHI,AKGC417L,0.9990995533161092,2
ICBHI_172_1b5_PL_001,ICBHI_172_1b5_PL,ICBHI_172,1,ICBHI,AKGC417L,0.9989877139083392,2
ICBHI_172_1b5_PL_002,ICBHI_172_1b5_PL,ICBHI_172,1,ICBHI,AKGC417L,0.9990960322532406,2
ICBHI_172_1b5_PL_003,ICBHI_172_1b5_PL,ICBHI_172,1,ICBHI,AKGC417L,0.999704042886487,2
ICBHI_172_1b5_PL_004,ICBHI_172_1b5_PL,ICBHI_172,1,ICBHI,AKGC417L,0.9996593706722668,2
ICBHI_172_1b5_PL_005,ICBHI_172_1b5_PL,ICBHI_172,1,ICBHI,AKGC417L,0.9990033923087276,2
ICBHI_172_1b5_PL_006,ICBHI_172_1b5_PL,ICBHI_172,1,ICBHI,AKGC417L,0.9986006016411856,2
ICBHI_172_1b5_PR_000,ICBHI_172_1b5_PR,ICBHI_172,1,ICBHI,AKGC417L,0.9930423911926236,2
ICBHI_172_1b5_PR_001,ICBHI_172_1b5_PR,ICBHI_172,1,ICBHI,AKGC417L,0.9952816307449724,2
ICBHI_172_1b5_PR_002,ICBHI_172_1b5_PR,ICBHI_172,1,ICBHI,AKGC417L,0.9957519209132611,2
ICBHI_172_1b5_PR_003,ICBHI_172_1b5_PR,ICBHI_172,1,ICBHI,AKGC417L,0.996234586215326,2
ICBHI_172_1b5_PR_004,ICBHI_172_1b5_PR,ICBHI_172,1,ICBHI,AKGC417L,0.9955316157335088,2
ICBHI_172_1b5_PR_005,ICBHI_172_1b5_PR,ICBHI_172,1,ICBHI,AKGC417L,0.9935368622818452,2
ICBHI_172_1b5_PR_006,ICBHI_172_1b5_PR,ICBHI_172,1,ICBHI,AKGC417L,0.9928231180543432,2
ICBHI_172_1b5_TC_000,ICBHI_172_1b5_TC,ICBHI_172,1,ICBHI,AKGC417L,0.9988883318306347,2
ICBHI_172_1b5_TC_001,ICBHI_172_1b5_TC,ICBHI_172,1,ICBHI,AKGC417L,0.9995197027681136,2
ICBHI_172_1b5_TC_002,ICBHI_172_1b5_TC,ICBHI_172,1,ICBHI,AKGC417L,0.9982590163352772,2
ICBHI_172_1b5_TC_003,ICBHI_172_1b5_TC,ICBHI_172,1,ICBHI,AKGC417L,0.9972850145309948,2
ICBHI_172_1b5_TC_004,ICBHI_172_1b5_TC,ICBHI_172,1,ICBHI,AKGC417L,0.9997197890232812,2
ICBHI_172_1b5_TC_005,ICBHI_172_1b5_TC,ICBHI_172,1,ICBHI,AKGC417L,0.9995843105229772,2
ICBHI_172_1b5_TC_006,ICBHI_172_1b5_TC,ICBHI_172,1,ICBHI,AKGC417L,0.9992504685743376,2
ICBHI_172_2b5_AL_000,ICBHI_172_2b5_AL,ICBHI_172,1,ICBHI,AKGC417L,0.9993687565431252,2
ICBHI_172_2b5_AL_001,ICBHI_172_2b5_AL,ICBHI_172,1,ICBHI,AKGC417L,0.9990340250847796,2
ICBHI_172_2b5_AL_002,ICBHI_172_2b5_AL,ICBHI_172,1,ICBHI,AKGC417L,0.999208370392716,2
ICBHI_172_2b5_AL_003,ICBHI_172_2b5_AL,ICBHI_172,1,ICBHI,AKGC417L,0.9987696417179502,2
ICBHI_172_2b5_AL_004,ICBHI_172_2b5_AL,ICBHI_172,1,ICBHI,AKGC417L,0.9985618646789076,2
ICBHI_172_2b5_AL_005,ICBHI_172_2b5_AL,ICBHI_172,1,ICBHI,AKGC417L,0.9991135010723542,2
ICBHI_172_2b5_AL_006,ICBHI_172_2b5_AL,ICBHI_172,1,ICBHI,AKGC417L,0.9987206925171654,2
ICBHI_172_2b5_AR_000,ICBHI_172_2b5_AR,ICBHI_172,1,ICBHI,AKGC417L,0.9991203937935236,2
ICBHI_172_2b5_AR_001,ICBHI_172_2b5_AR,ICBHI_172,1,ICBHI,AKGC417L,0.9993833702652382,2
ICBHI_172_2b5_AR_002,ICBHI_172_2b5_AR,ICBHI_172,1,ICBHI,AKGC417L,0.999103060676328,2
ICBHI_172_2b5_AR_003,ICBHI_172_2b5_AR,ICBHI_172,1,ICBHI,AKGC417L,0.9992356966904384,2
ICBHI_172_2b5_AR_004,ICBHI_172_2b5_AR,ICBHI_172,1,ICBHI,AKGC417L,0.9989916564583438,2
ICBHI_172_2b5_AR_005,ICBHI_172_2b5_AR,ICBHI_172,1,ICBHI,AKGC417L,0.998516281097091,2
ICBHI_172_2b5_AR_006,ICBHI_172_2b5_AR,ICBHI_172,1,ICBHI,AKGC417L,0.9993174980917366,2
ICBHI_172_2b5_LR_000,ICBHI_172_2b5_LR,ICBHI_172,1,ICBHI,AKGC417L,0.9995083184477072,2
ICBHI_172_2b5_LR_001,ICBHI_172_2b5_LR,ICBHI_172,1,ICBHI,AKGC417L,0.9995727921090528,2
ICBHI_172_2b5_LR_002,ICBHI_172_2b5_LR,ICBHI_172,1,ICBHI,AKGC417L,0.9995063950104092,2
ICBHI_172_2b5_LR_003,ICBHI_172_2b5_LR,ICBHI_172,1,ICBHI,AKGC417L,0.9993094585307,2
ICBHI_172_2b5_LR_004,ICBHI_172_2b5_LR,ICBHI_172,1,ICBHI,AKGC417L,0.9989055477854436,2
ICBHI_172_2b5_LR_005,ICBHI_172_2b5_LR,ICBHI_172,1,ICBHI,AKGC417L,0.9991800678937864,2
ICBHI_172_2b5_LR_006,ICBHI_172_2b5_LR,ICBHI_172,1,ICBHI,AKGC417L,0.9988120945058836,2
ICBHI_172_2b5_PL_000,ICBHI_172_2b5_PL,ICBHI_172,1,ICBHI,AKGC417L,0.9978510507163746,2
ICBHI_172_2b5_PL_001,ICBHI_172_2b5_PL,ICBHI_172,1,ICBHI,AKGC417L,0.9967900386241352,2
ICBHI_172_2b5_PL_002,ICBHI_172_2b5_PL,ICBHI_172,1,ICBHI,AKGC417L,0.9989515307328388,2
ICBHI_172_2b5_PL_003,ICBHI_172_2b5_PL,ICBHI_172,1,ICBHI,AKGC417L,0.999402330628897,2
ICBHI_172_2b5_PL_004,ICBHI_172_2b5_PL,ICBHI_172,1,ICBHI,AKGC417L,0.9991238200484855,2
ICBHI_172_2b5_PL_005,ICBHI_172_2b5_PL,ICBHI_172,1,ICBHI,AKGC417L,0.9987106717209964,2
ICBHI_172_2b5_PL_006,ICBHI_172_2b5_PL,ICBHI_172,1,ICBHI,AKGC417L,0.9990226496068572,2
ICBHI_172_2b5_PR_000,ICBHI_172_2b5_PR,ICBHI_172,1,ICBHI,AKGC417L,0.9978760335582024,2
ICBHI_172_2b5_PR_001,ICBHI_172_2b5_PR,ICBHI_172,1,ICBHI,AKGC417L,0.9980505978724696,2
ICBHI_172_2b5_PR_002,ICBHI_172_2b5_PR,ICBHI_172,1,ICBHI,AKGC417L,0.9989012689270752,2
ICBHI_172_2b5_PR_003,ICBHI_172_2b5_PR,ICBHI_172,1,ICBHI,AKGC417L,0.9987792047532856,2
ICBHI_172_2b5_PR_004,ICBHI_172_2b5_PR,ICBHI_172,1,ICBHI,AKGC417L,0.99894331617583,2
ICBHI_172_2b5_PR_005,ICBHI_172_2b5_PR,ICBHI_172,1,ICBHI,AKGC417L,0.99861147672431,2
ICBHI_172_2b5_PR_006,ICBHI_172_2b5_PR,ICBHI_172,1,ICBHI,AKGC417L,0.9979730999195362,2
ICBHI_172_2b5_TC_000,ICBHI_172_2b5_TC,ICBHI_172,1,ICBHI,AKGC417L,0.9994907342856147,2
ICBHI_172_2b5_TC_001,ICBHI_172_2b5_TC,ICBHI_172,1,ICBHI,AKGC417L,0.999241640035366,2
ICBHI_172_2b5_TC_002,ICBHI_172_2b5_TC,ICBHI_172,1,ICBHI,AKGC417L,0.9968149391785504,2
ICBHI_172_2b5_TC_003,ICBHI_172_2b5_TC,ICBHI_172,1,ICBHI,AKGC417L,0.999140752341272,2
ICBHI_172_2b5_TC_004,ICBHI_172_2b5_TC,ICBHI_172,1,ICBHI,AKGC417L,0.9995197027681136,2
ICBHI_172_2b5_TC_005,ICBHI_172_2b5_TC,ICBHI_172,1,ICBHI,AKGC417L,0.9996079582107624,2
ICBHI_172_2b5_TC_006,ICBHI_172_2b5_TC,ICBHI_172,1,ICBHI,AKGC417L,0.9994341200134584,2
ICBHI_180_1b4_AL_000,ICBHI_180_1b4_AL,ICBHI_180,1,ICBHI,AKGC417L,0.996764944030931,2
ICBHI_180_1b4_AL_001,ICBHI_180_1b4_AL,ICBHI_180,1,ICBHI,AKGC417L,0.997694874797206,2
ICBHI_180_1b4_AL_002,ICBHI_180_1b4_AL,ICBHI_180,1,ICBHI,AKGC417L,0.9983770329385312,2
ICBHI_180_1b4_AL_003,ICBHI_180_1b4_AL,ICBHI_180,1,ICBHI,AKGC417L,0.9977216691335006,2
ICBHI_180_1b4_AL_004,ICBHI_180_1b4_AL,ICBHI_180,1,ICBHI,AKGC417L,0.9966884809397304,2
ICBHI_180_1b4_AL_005,ICBHI_180_1b4_AL,ICBHI_180,1,ICBHI,AKGC417L,0.9969484898370652,2
ICBHI_180_1b4_AL_006,ICBHI_180_1b4_AL,ICBHI_180,1,ICBHI,AKGC417L,0.9988440991928482,2
ICBHI_180_1b4_AR_000,ICBHI_180_1b4_AR,ICBHI_180,1,ICBHI,AKGC417L,0.998516281097091,2
ICBHI_180_1b4_AR_001,ICBHI_180_1b4_AR,ICBHI_180,1,ICBHI,AKGC417L,0.99908538631333,2
ICBHI_180_1b4_AR_002,ICBHI_180_1b4_AR,ICBHI_180,1,ICBHI,AKGC417L,0.9988440991928482,2
ICBHI_180_1b4_AR_003,ICBHI_180_1b4_AR,ICBHI_180,1,ICBHI,AKGC417L,0.998475213608774,2
ICBHI_180_1b4_AR_004,ICBHI_180_1b4_AR,ICBHI_180,1,ICBHI,AKGC417L,0.9988027888018683,2
ICBHI_180_1b4_AR_005,ICBHI_180_1b4_AR,ICBHI_180,1,ICBHI,AKGC417L,0.99889266101491,2
ICBHI_180_1b4_AR_006,ICBHI_180_1b4_AR,ICBHI_180,1,ICBHI,AKGC417L,0.9991606400848502,2
ICBHI_180_1b4_LR_000,ICBHI_180_1b4_LR,ICBHI_180,1,ICBHI,AKGC417L,0.9995362871571052,2
ICBHI_180_1b4_LR_001,ICBHI_180_1b4_LR,ICBHI_180,1,ICBHI,AKGC417L,0.9994887420950092,2
ICBHI_180_1b4_LR_002,ICBHI_180_1b4_LR,ICBHI_180,1,ICBHI,AKGC417L,0.9994363249268948,2
ICBHI_180_1b4_LR_003,ICBHI_180_1b4_LR,ICBHI_180,1,ICBHI,AKGC417L,0.9996444205667198,2
ICBHI_180_1b4_LR_004,ICBHI_180_1b4_LR,ICBHI_180,1,ICBHI,AKGC417L,0.9992903296008996,2
ICBHI_180_1b4_LR_005,ICBHI_180_1b4_LR,ICBHI_180,1,ICBHI,AKGC417L,0.9989797825500956,2
ICBHI_180_1b4_LR_006,ICBHI_180_1b4_LR,ICBHI_180,1,ICBHI,AKGC417L,0.9990924974342854,2
ICBHI_180_1b4_PL_000,ICBHI_180_1b4_PL,ICBHI_180,1,ICBHI,AKGC417L,0.997603269129871,2
ICBHI_180_1b4_PL_001,ICBHI_180_1b4_PL,ICBHI_180,1,ICBHI,AKGC417L,0.9983833500583577,2
ICBHI_180_1b4_PL_002,ICBHI_180_1b4_PL,ICBHI_180,1,ICBHI,AKGC417L,0.9981178140899236,2
ICBHI_180_1b4_PL_003,ICBHI_180_1b4_PL,ICBHI_180,1,ICBHI,AKGC417L,0.99883958037482,2
ICBHI_180_1b4_PL_004,ICBHI_180_1b4_PL,ICBHI_180,1,ICBHI,AKGC417L,0.9995677584942982,2
ICBHI_180_1b4_PL_005,ICBHI_180_1b4_PL,ICBHI_180,1,ICBHI,AKGC417L,0.9997153775984248,2
ICBHI_180_1b4_PL_006,ICBHI_180_1b4_PL,ICBHI_180,1,ICBHI,AKGC417L,0.9993999928206616,2
ICBHI_180_1b4_PR_000,ICBHI_180_1b4_PR,ICBHI_180,1,ICBHI,AKGC417L,0.9995005794568468,2
ICBHI_180_1b4_PR_001,ICBHI_180_1b4_PR,ICBHI_180,1,ICBHI,AKGC417L,0.9989266936870904,2
ICBHI_180_1b4_PR_002,ICBHI_180_1b4_PR,ICBHI_180,1,ICBHI,AKGC417L,0.9983321176728251,2
ICBHI_180_1b4_PR_003,ICBHI_180_1b4_PR,ICBHI_180,1,ICBHI,AKGC417L,0.9988530841674524,2
ICBHI_180_1b4_PR_004,ICBHI_180_1b4_PR,ICBHI_180,1,ICBHI,AKGC417L,0.9988708453714952,2
ICBHI_180_1b4_PR_005,ICBHI_180_1b4_PR,ICBHI_180,1,ICBHI,AKGC417L,0.9987405013606404,2
ICBHI_180_1b4_PR_006,ICBHI_180_1b4_PR,ICBHI_180,1,ICBHI,AKGC417L,0.9991440993632548,2
ICBHI_182_1b1_TC_000,ICBHI_182_1b1_TC,ICBHI_182,0,ICBHI,Meditron,0.0664479289031878,2
ICBHI_182_1b1_TC_001,ICBHI_182_1b1_TC,ICBHI_182,0,ICBHI,Meditron,0.1534222902116705,2
ICBHI_182_1b1_TC_002,ICBHI_182_1b1_TC,ICBHI_182,0,ICBHI,Meditron,0.2728956591029761,2
ICBHI_182_1b1_TC_003,ICBHI_182_1b1_TC,ICBHI_182,0,ICBHI,Meditron,0.1081889545620703,2
ICBHI_182_1b1_TC_004,ICBHI_182_1b1_TC,ICBHI_182,0,ICBHI,Meditron,0.409397876577263,2
ICBHI_182_1b1_TC_005,ICBHI_182_1b1_TC,ICBHI_182,0,ICBHI,Meditron,0.1001722186259225,2
ICBHI_182_1b1_TC_006,ICBHI_182_1b1_TC,ICBHI_182,0,ICBHI,Meditron,0.0021827164453451,2
ICBHI_185_1b1_AL_000,ICBHI_185_1b1_AL,ICBHI_185,1,ICBHI,Litt3200,0.999827348451724,2
ICBHI_185_1b1_AL_001,ICBHI_185_1b1_AL,ICBHI_185,1,ICBHI,Litt3200,0.9998804014219498,2
ICBHI_185_1b1_AL_002,ICBHI_185_1b1_AL,ICBHI_185,1,ICBHI,Litt3200,0.9998012844663928,2
ICBHI_185_1b1_AL_003,ICBHI_185_1b1_AL,ICBHI_185,1,ICBHI,Litt3200,0.999620015485248,2
ICBHI_185_1b1_AL_004,ICBHI_185_1b1_AL,ICBHI_185,1,ICBHI,Litt3200,0.9997241320933664,2
ICBHI_185_1b1_AL_005,ICBHI_185_1b1_AL,ICBHI_185,1,ICBHI,Litt3200,0.9997748317581436,2
ICBHI_185_1b1_AR_000,ICBHI_185_1b1_AR,ICBHI_185,1,ICBHI,Litt3200,0.9999227780816594,2
ICBHI_185_1b1_AR_001,ICBHI_185_1b1_AR,ICBHI_185,1,ICBHI,Litt3200,0.999958664602231,2
ICBHI_185_1b1_AR_002,ICBHI_185_1b1_AR,ICBHI_185,1,ICBHI,Litt3200,0.999901618805604,2
ICBHI_185_1b1_AR_003,ICBHI_185_1b1_AR,ICBHI_185,1,ICBHI,Litt3200,0.999851161517427,2
ICBHI_185_1b1_AR_004,ICBHI_185_1b1_AR,ICBHI_185,1,ICBHI,Litt3200,0.9998785182471944,2
ICBHI_185_1b1_AR_005,ICBHI_185_1b1_AR,ICBHI_185,1,ICBHI,Litt3200,0.9999233789813504,2
ICBHI_185_1b1_AR_006,ICBHI_185_1b1_AR,ICBHI_185,1,ICBHI,Litt3200,0.9997917498948076,2
ICBHI_185_1b1_AR_007,ICBHI_185_1b1_AR,ICBHI_185,1,ICBHI,Litt3200,0.9998218688795282,2
ICBHI_185_1b1_LL_000,ICBHI_185_1b1_LL,ICBHI_185,1,ICBHI,Litt3200,0.9998043646624728,2
ICBHI_185_1b1_LL_001,ICBHI_185_1b1_LL,ICBHI_185,1,ICBHI,Litt3200,0.9998103825877108,2
ICBHI_185_1b1_LL_002,ICBHI_185_1b1_LL,ICBHI_185,1,ICBHI,Litt3200,0.9998390691750132,2
ICBHI_185_1b1_LL_003,ICBHI_185_1b1_LL,ICBHI_185,1,ICBHI,Litt3200,0.9998012844663928,2
ICBHI_185_1b1_LL_004,ICBHI_185_1b1_LL,ICBHI_185,1,ICBHI,Litt3200,0.9997017223584448,2
ICBHI_185_1b1_LL_005,ICBHI_185_1b1_LL,ICBHI_185,1,ICBHI,Litt3200,0.9996993836411756,2
ICBHI_185_1b1_LR_000,ICBHI_185_1b1_LR,ICBHI_185,1,ICBHI,Litt3200,0.9998300247109037,2
ICBHI_185_1b1_LR_001,ICBHI_185_1b1_LR,ICBHI_185,1,ICBHI,Litt3200,0.9998147742567348,2
ICBHI_185_1b1_LR_002,ICBHI_185_1b1_LR,ICBHI_185,1,ICBHI,Litt3200,0.9998440197236628,2
ICBHI_185_1b1_LR_003,ICBHI_185_1b1_LR,ICBHI_185,1,ICBHI,Litt3200,0.9998665799890902,2
ICBHI_185_1b1_LR_004,ICBHI_185_1b1_LR,ICBHI_185,1,ICBHI,Litt3200,0.9997965730219448,2
ICBHI_185_1b1_LR_005,ICBHI_185_1b1_LR,ICBHI_185,1,ICBHI,Litt3200,0.9996749641547632,2
ICBHI_185_1b1_PL_000,ICBHI_185_1b1_PL,ICBHI_185,1,ICBHI,Litt3200,0.9998339615304626,2
ICBHI_185_1b1_PL_001,ICBHI_185_1b1_PL,ICBHI_185,1,ICBHI,Litt3200,0.999750767475418,2
ICBHI_185_1b1_PL_002,ICBHI_185_1b1_PL,ICBHI_185,1,ICBHI,Litt3200,0.9996471867315389,2
ICBHI_185_1b1_PL_003,ICBHI_185_1b1_PL,ICBHI_185,1,ICBHI,Litt3200,0.9997367616790968,2
ICBHI_185_1b1_PL_004,ICBHI_185_1b1_PL,ICBHI_185,1,ICBHI,Litt3200,0.9996125238661848,2
ICBHI_185_1b1_PL_005,ICBHI_185_1b1_PL,ICBHI_185,1,ICBHI,Litt3200,0.9997262783268164,2
ICBHI_185_1b1_PR_000,ICBHI_185_1b1_PR,ICBHI_185,1,ICBHI,Litt3200,0.999882255407716,2
ICBHI_185_1b1_PR_001,ICBHI_185_1b1_PR,ICBHI_185,1,ICBHI,Litt3200,0.9999097196098496,2
ICBHI_185_1b1_PR_002,ICBHI_185_1b1_PR,ICBHI_185,1,ICBHI,Litt3200,0.9999215621087788,2
ICBHI_185_1b1_PR_003,ICBHI_185_1b1_PR,ICBHI_185,1,ICBHI,Litt3200,0.9998746624857436,2
ICBHI_185_1b1_PR_004,ICBHI_185_1b1_PR,ICBHI_185,1,ICBHI,Litt3200,0.9998464376023504,2
ICBHI_185_1b1_PR_005,ICBHI_185_1b1_PR,ICBHI_185,1,ICBHI,Litt3200,0.9995487893762218,2
ICBHI_185_1b1_PR_006,ICBHI_185_1b1_PR,ICBHI_185,1,ICBHI,Litt3200,0.9996416327220904,2
ICBHI_185_1b1_PR_007,ICBHI_185_1b1_PR,ICBHI_185,1,ICBHI,Litt3200,0.9998073971230788,2
ICBHI_199_2b1_LL_000,ICBHI_199_2b1_LL,ICBHI_199,1,ICBHI,LittC2SE,0.9605095953512194,2
ICBHI_199_2b1_LL_001,ICBHI_199_2b1_LL,ICBHI_199,1,ICBHI,LittC2SE,0.9519526413943112,2
ICBHI_199_2b1_LL_002,ICBHI_199_2b1_LL,ICBHI_199,1,ICBHI,LittC2SE,0.9866748522941186,2
ICBHI_199_2b1_LL_003,ICBHI_199_2b1_LL,ICBHI_199,1,ICBHI,LittC2SE,0.8916224556614933,2
ICBHI_199_2b1_LL_004,ICBHI_199_2b1_LL,ICBHI_199,1,ICBHI,LittC2SE,0.2738655980728353,2
ICBHI_199_2b1_LL_005,ICBHI_199_2b1_LL,ICBHI_199,1,ICBHI,LittC2SE,0.1474323904546801,2
ICBHI_199_2b1_LL_006,ICBHI_199_2b1_LL,ICBHI_199,1,ICBHI,LittC2SE,0.3781719895262506,2
ICBHI_199_2b3_LL_000,ICBHI_199_2b3_LL,ICBHI_199,1,ICBHI,LittC2SE,0.8628146765958754,2
ICBHI_199_2b3_LL_001,ICBHI_199_2b3_LL,ICBHI_199,1,ICBHI,LittC2SE,0.995094594294278,2
ICBHI_199_2b3_LL_002,ICBHI_199_2b3_LL,ICBHI_199,1,ICBHI,LittC2SE,0.9963357796692156,2
ICBHI_199_2b3_LL_003,ICBHI_199_2b3_LL,ICBHI_199,1,ICBHI,LittC2SE,0.9941346616392028,2
ICBHI_199_2b3_LL_004,ICBHI_199_2b3_LL,ICBHI_199,1,ICBHI,LittC2SE,0.943347574692026,2
ICBHI_199_2b3_LL_005,ICBHI_199_2b3_LL,ICBHI_199,1,ICBHI,LittC2SE,0.9785902297851472,2
ICBHI_199_2b3_LL_006,ICBHI_199_2b3_LL,ICBHI_199,1,ICBHI,LittC2SE,0.9978172835546548,2
ICBHI_202_1b1_AR_000,ICBHI_202_1b1_AR,ICBHI_202,0,ICBHI,Meditron,0.8437664107533256,2
ICBHI_202_1b1_AR_001,ICBHI_202_1b1_AR,ICBHI_202,0,ICBHI,Meditron,0.8027102434082559,2
ICBHI_202_1b1_AR_002,ICBHI_202_1b1_AR,ICBHI_202,0,ICBHI,Meditron,0.1354606505255905,2
ICBHI_202_1b1_AR_003,ICBHI_202_1b1_AR,ICBHI_202,0,ICBHI,Meditron,0.1421127940696213,2
ICBHI_202_1b1_AR_004,ICBHI_202_1b1_AR,ICBHI_202,0,ICBHI,Meditron,0.0475141868764967,2
ICBHI_202_1b1_AR_005,ICBHI_202_1b1_AR,ICBHI_202,0,ICBHI,Meditron,0.1424703466791212,2
ICBHI_203_1p2_AL_000,ICBHI_203_1p2_AL,ICBHI_203,1,ICBHI,AKGC417L,0.9989515307328388,2
ICBHI_203_1p2_AL_001,ICBHI_203_1p2_AL,ICBHI_203,1,ICBHI,AKGC417L,0.9985785956475732,2
ICBHI_203_1p2_AL_002,ICBHI_203_1p2_AL,ICBHI_203,1,ICBHI,AKGC417L,0.9978172835546548,2
ICBHI_203_1p2_AL_003,ICBHI_203_1p2_AL,ICBHI_203,1,ICBHI,AKGC417L,0.9988350439117648,2
ICBHI_203_1p2_AL_004,ICBHI_203_1p2_AL,ICBHI_203,1,ICBHI,AKGC417L,0.998426887834651,2
ICBHI_203_1p2_AL_005,ICBHI_203_1p2_AL,ICBHI_203,1,ICBHI,AKGC417L,0.9989677689632452,2
ICBHI_203_1p2_AL_006,ICBHI_203_1p2_AL,ICBHI_203,1,ICBHI,AKGC417L,0.9985046615466896,2
ICBHI_203_1p2_AR_000,ICBHI_203_1p2_AR,ICBHI_203,1,ICBHI,AKGC417L,0.9994319064800212,2
ICBHI_203_1p2_AR_001,ICBHI_203_1p2_AR,ICBHI_203,1,ICBHI,AKGC417L,0.997825774657828,2
ICBHI_203_1p2_AR_002,ICBHI_203_1p2_AR,ICBHI_203,1,ICBHI,AKGC417L,0.9897116988662836,2
ICBHI_203_1p2_AR_003,ICBHI_203_1p2_AR,ICBHI_203,1,ICBHI,AKGC417L,0.9992903296008996,2
ICBHI_203_1p2_AR_004,ICBHI_203_1p2_AR,ICBHI_203,1,ICBHI,AKGC417L,0.9711290930537122,2
ICBHI_203_1p2_AR_005,ICBHI_203_1p2_AR,ICBHI_203,1,ICBHI,AKGC417L,0.9935368622818452,2
ICBHI_203_1p2_AR_006,ICBHI_203_1p2_AR,ICBHI_203,1,ICBHI,AKGC417L,0.995668497979436,2
ICBHI_203_1p2_LR_000,ICBHI_203_1p2_LR,ICBHI_203,1,ICBHI,AKGC417L,0.9978842965994068,2
ICBHI_203_1p2_LR_001,ICBHI_203_1p2_LR,ICBHI_203,1,ICBHI,AKGC417L,0.9975845167424336,2
ICBHI_203_1p2_LR_002,ICBHI_203_1p2_LR,ICBHI_203,1,ICBHI,AKGC417L,0.998498817743263,2
ICBHI_203_1p2_LR_003,ICBHI_203_1p2_LR,ICBHI_203,1,ICBHI,AKGC417L,0.9991704108116408,2
ICBHI_203_1p2_LR_004,ICBHI_203_1p2_LR,ICBHI_203,1,ICBHI,AKGC417L,0.9978760335582024,2
ICBHI_203_1p2_LR_005,ICBHI_203_1p2_LR,ICBHI_203,1,ICBHI,AKGC417L,0.9944234551774076,2
ICBHI_203_1p2_LR_006,ICBHI_203_1p2_LR,ICBHI_203,1,ICBHI,AKGC417L,0.9975939111608828,2
ICBHI_203_1p2_PL_000,ICBHI_203_1p2_PL,ICBHI_203,1,ICBHI,AKGC417L,0.9997765836398173,2
ICBHI_203_1p2_PL_001,ICBHI_203_1p2_PL,ICBHI_203,1,ICBHI,AKGC417L,0.9995452520967412,2
ICBHI_203_1p2_PL_002,ICBHI_203_1p2_PL,ICBHI_203,1,ICBHI,AKGC417L,0.9984145693241788,2
ICBHI_203_1p2_PL_003,ICBHI_203_1p2_PL,ICBHI_203,1,ICBHI,AKGC417L,0.998896973358602,2
ICBHI_203_1p2_PL_004,ICBHI_203_1p2_PL,ICBHI_203,1,ICBHI,AKGC417L,0.9943580914999768,2
ICBHI_203_1p2_PL_005,ICBHI_203_1p2_PL,ICBHI_203,1,ICBHI,AKGC417L,0.9988120945058836,2
ICBHI_203_1p2_PL_006,ICBHI_203_1p2_PL,ICBHI_203,1,ICBHI,AKGC417L,0.998516281097091,2
ICBHI_203_1p2_PR_000,ICBHI_203_1p2_PR,ICBHI_203,1,ICBHI,AKGC417L,0.99908538631333,2
ICBHI_203_1p2_PR_001,ICBHI_203_1p2_PR,ICBHI_203,1,ICBHI,AKGC417L,0.9990072738567558,2
ICBHI_203_1p2_PR_002,ICBHI_203_1p2_PR,ICBHI_203,1,ICBHI,AKGC417L,0.9992562971362235,2
ICBHI_203_1p2_PR_003,ICBHI_203_1p2_PR,ICBHI_203,1,ICBHI,AKGC417L,0.999127232969108,2
ICBHI_203_1p2_PR_004,ICBHI_203_1p2_PR,ICBHI_203,1,ICBHI,AKGC417L,0.9985785956475732,2
ICBHI_203_1p2_PR_005,ICBHI_203_1p2_PR,ICBHI_203,1,ICBHI,AKGC417L,0.9988486004343228,2
ICBHI_203_1p2_PR_006,ICBHI_203_1p2_PR,ICBHI_203,1,ICBHI,AKGC417L,0.9989637331117536,2
ICBHI_203_1p2_TC_000,ICBHI_203_1p2_TC,ICBHI_203,1,ICBHI,AKGC417L,0.99969225692354,2
ICBHI_203_1p2_TC_001,ICBHI_203_1p2_TC,ICBHI_203,1,ICBHI,AKGC417L,0.999649931385023,2
ICBHI_203_1p2_TC_002,ICBHI_203_1p2_TC,ICBHI_203,1,ICBHI,AKGC417L,0.99969225692354,2
ICBHI_203_1p2_TC_003,ICBHI_203_1p2_TC,ICBHI_203,1,ICBHI,AKGC417L,0.9993588222788344,2
ICBHI_203_1p2_TC_004,ICBHI_203_1p2_TC,ICBHI_203,1,ICBHI,AKGC417L,0.9988486004343228,2
ICBHI_203_1p2_TC_005,ICBHI_203_1p2_TC,ICBHI_203,1,ICBHI,AKGC417L,0.9993976458735048,2
ICBHI_203_1p2_TC_006,ICBHI_203_1p2_TC,ICBHI_203,1,ICBHI,AKGC417L,0.9992847675679684,2
ICBHI_203_1p3_AL_000,ICBHI_203_1p3_AL,ICBHI_203,1,ICBHI,AKGC417L,0.9999221724697844,2
ICBHI_203_1p3_AL_001,ICBHI_203_1p3_AL,ICBHI_203,1,ICBHI,AKGC417L,0.999935477852708,2
ICBHI_203_1p3_AL_002,ICBHI_203_1p3_AL,ICBHI_203,1,ICBHI,AKGC417L,0.999901618805604,2
ICBHI_203_1p3_AL_003,ICBHI_203_1p3_AL,ICBHI_203,1,ICBHI,AKGC417L,0.9998427965475108,2
ICBHI_203_1p3_AL_004,ICBHI_203_1p3_AL,ICBHI_203,1,ICBHI,AKGC417L,0.9997917498948076,2
ICBHI_203_1p3_AL_005,ICBHI_203_1p3_AL,ICBHI_203,1,ICBHI,AKGC417L,0.9998218688795282,2
ICBHI_203_1p3_AL_006,ICBHI_203_1p3_AL,ICBHI_203,1,ICBHI,AKGC417L,0.9997851407471986,2
ICBHI_203_1p3_AR_000,ICBHI_203_1p3_AR,ICBHI_203,1,ICBHI,AKGC417L,0.9998696702575076,2
ICBHI_203_1p3_AR_001,ICBHI_203_1p3_AR,ICBHI_203,1,ICBHI,AKGC417L,0.9998259945644729,2
ICBHI_203_1p3_AR_002,ICBHI_203_1p3_AR,ICBHI_203,1,ICBHI,AKGC417L,0.9998028305780378,2
ICBHI_203_1p3_AR_003,ICBHI_203_1p3_AR,ICBHI_203,1,ICBHI,AKGC417L,0.9998246300622622,2
ICBHI_203_1p3_AR_004,ICBHI_203_1p3_AR,ICBHI_203,1,ICBHI,AKGC417L,0.9996698472749022,2
ICBHI_203_1p3_AR_005,ICBHI_203_1p3_AR,ICBHI_203,1,ICBHI,AKGC417L,0.9995540437949288,2
ICBHI_203_1p3_AR_006,ICBHI_203_1p3_AR,ICBHI_203,1,ICBHI,AKGC417L,0.9997712866852788,2
ICBHI_203_1p3_PL_000,ICBHI_203_1p3_PL,ICBHI_203,1,ICBHI,AKGC417L,0.9997017223584448,2
ICBHI_203_1p3_PL_001,ICBHI_203_1p3_PL,ICBHI_203,1,ICBHI,AKGC417L,0.9998804014219498,2
ICBHI_203_1p3_PL_002,ICBHI_203_1p3_PL,ICBHI_203,1,ICBHI,AKGC417L,0.9998339615304626,2
ICBHI_203_1p3_PL_003,ICBHI_203_1p3_PL,ICBHI_203,1,ICBHI,AKGC417L,0.9997884711265388,2
ICBHI_203_1p3_PL_004,ICBHI_203_1p3_PL,ICBHI_203,1,ICBHI,AKGC417L,0.9997017223584448,2
ICBHI_203_1p3_PL_005,ICBHI_203_1p3_PL,ICBHI_203,1,ICBHI,AKGC417L,0.9997305208444413,2
ICBHI_203_1p3_PL_006,ICBHI_203_1p3_PL,ICBHI_203,1,ICBHI,AKGC417L,0.9996214963437556,2
ICBHI_203_1p3_PR_000,ICBHI_203_1p3_PR,ICBHI_203,1,ICBHI,AKGC417L,0.999510234393594,2
ICBHI_203_1p3_PR_001,ICBHI_203_1p3_PR,ICBHI_203,1,ICBHI,AKGC417L,0.9996170363710914,2
ICBHI_203_1p3_PR_002,ICBHI_203_1p3_PR,ICBHI_203,1,ICBHI,AKGC417L,0.9998218688795282,2
ICBHI_203_1p3_PR_003,ICBHI_203_1p3_PR,ICBHI_203,1,ICBHI,AKGC417L,0.9993201571055714,2
ICBHI_203_1p3_PR_004,ICBHI_203_1p3_PR,ICBHI_203,1,ICBHI,AKGC417L,0.9992735124786836,2
ICBHI_203_1p3_PR_005,ICBHI_203_1p3_PR,ICBHI_203,1,ICBHI,AKGC417L,0.9993687565431252,2
ICBHI_203_1p3_PR_006,ICBHI_203_1p3_PR,ICBHI_203,1,ICBHI,AKGC417L,0.9996633377881102,2
ICBHI_203_1p3_TC_000,ICBHI_203_1p3_TC,ICBHI_203,1,ICBHI,AKGC417L,0.9997388096809044,2
ICBHI_203_1p3_TC_001,ICBHI_203_1p3_TC,ICBHI_203,1,ICBHI,AKGC417L,0.9996359913129004,2
ICBHI_203_1p3_TC_002,ICBHI_203_1p3_TC,ICBHI_203,1,ICBHI,AKGC417L,0.9991440993632548,2
ICBHI_203_1p3_TC_003,ICBHI_203_1p3_TC,ICBHI_203,1,ICBHI,AKGC417L,0.9994704581885768,2
ICBHI_203_1p3_TC_004,ICBHI_203_1p3_TC,ICBHI_203,1,ICBHI,AKGC417L,0.999694651067888,2
ICBHI_203_1p3_TC_005,ICBHI_203_1p3_TC,ICBHI_203,1,ICBHI,AKGC417L,0.9996646498695336,2
ICBHI_203_1p3_TC_006,ICBHI_203_1p3_TC,ICBHI_203,1,ICBHI,AKGC417L,0.9994766243086606,2
ICBHI_203_1p4_AL_000,ICBHI_203_1p4_AL,ICBHI_203,1,ICBHI,AKGC417L,0.9988796226776032,2
ICBHI_203_1p4_AL_001,ICBHI_203_1p4_AL,ICBHI_203,1,ICBHI,AKGC417L,0.9992021665183656,2
ICBHI_203_1p4_AL_002,ICBHI_203_1p4_AL,ICBHI_203,1,ICBHI,AKGC417L,0.998654139598703,2
ICBHI_203_1p4_AL_003,ICBHI_203_1p4_AL,ICBHI_203,1,ICBHI,AKGC417L,0.9991896126509426,2
ICBHI_203_1p4_AL_004,ICBHI_203_1p4_AL,ICBHI_203,1,ICBHI,AKGC417L,0.9990746151133504,2
ICBHI_203_1p4_AL_005,ICBHI_203_1p4_AL,ICBHI_203,1,ICBHI,AKGC417L,0.9988530841674524,2
ICBHI_203_1p4_AL_006,ICBHI_203_1p4_AL,ICBHI_203,1,ICBHI,AKGC417L,0.9994600195519032,2
ICBHI_203_1p4_AR_000,ICBHI_203_1p4_AR,ICBHI_203,1,ICBHI,AKGC417L,0.9979572352193652,2
ICBHI_203_1p4_AR_001,ICBHI_203_1p4_AR,ICBHI_203,1,ICBHI,AKGC417L,0.9997428580202044,2
ICBHI_203_1p4_AR_002,ICBHI_203_1p4_AR,ICBHI_203,1,ICBHI,AKGC417L,0.9989637331117536,2
ICBHI_203_1p4_AR_003,ICBHI_203_1p4_AR,ICBHI_203,1,ICBHI,AKGC417L,0.998983755958932,2
ICBHI_203_1p4_AR_004,ICBHI_203_1p4_AR,ICBHI_203,1,ICBHI,AKGC417L,0.9992875540083602,2
ICBHI_203_1p4_AR_005,ICBHI_203_1p4_AR,ICBHI_203,1,ICBHI,AKGC417L,0.9981897889737974,2
ICBHI_203_1p4_AR_006,ICBHI_203_1p4_AR,ICBHI_203,1,ICBHI,AKGC417L,0.9994472213630764,2
ICBHI_203_1p4_PL_000,ICBHI_203_1p4_PL,ICBHI_203,1,ICBHI,AKGC417L,0.9987648321797216,2
ICBHI_203_1p4_PL_001,ICBHI_203_1p4_PL,ICBHI_203,1,ICBHI,AKGC417L,0.9998028305780378,2
ICBHI_203_1p4_PL_002,ICBHI_203_1p4_PL,ICBHI_203,1,ICBHI,AKGC417L,0.9998058868132212,2
ICBHI_203_1p4_PL_003,ICBHI_203_1p4_PL,ICBHI_203,1,ICBHI,AKGC417L,0.9997965730219448,2
ICBHI_203_1p4_PL_004,ICBHI_203_1p4_PL,ICBHI_203,1,ICBHI,AKGC417L,0.9998232548618964,2
ICBHI_203_1p4_PL_005,ICBHI_203_1p4_PL,ICBHI_203,1,ICBHI,AKGC417L,0.9996471867315389,2
ICBHI_203_1p4_PL_006,ICBHI_203_1p4_PL,ICBHI_203,1,ICBHI,AKGC417L,0.999706345366684,2
ICBHI_203_1p4_PR_000,ICBHI_203_1p4_PR,ICBHI_203,1,ICBHI,AKGC417L,0.9996698472749022,2
ICBHI_203_1p4_PR_001,ICBHI_203_1p4_PR,ICBHI_203,1,ICBHI,AKGC417L,0.9996724157021404,2
ICBHI_203_1p4_PR_002,ICBHI_203_1p4_PR,ICBHI_203,1,ICBHI,AKGC417L,0.9995487893762218,2
ICBHI_203_1p4_PR_003,ICBHI_203_1p4_PR,ICBHI_203,1,ICBHI,AKGC417L,0.9996774927880132,2
ICBHI_203_1p4_PR_004,ICBHI_203_1p4_PR,ICBHI_203,1,ICBHI,AKGC417L,0.9996512956973052,2
ICBHI_203_1p4_PR_005,ICBHI_203_1p4_PR,ICBHI_203,1,ICBHI,AKGC417L,0.9994557867375674,2
ICBHI_203_1p4_PR_006,ICBHI_203_1p4_PR,ICBHI_203,1,ICBHI,AKGC417L,0.999523438689581,2
ICBHI_203_1p4_TC_000,ICBHI_203_1p4_TC,ICBHI_203,1,ICBHI,AKGC417L,0.9997868124387096,2
ICBHI_203_1p4_TC_001,ICBHI_203_1p4_TC,ICBHI_203,1,ICBHI,AKGC417L,0.9999131778970014,2
ICBHI_203_1p4_TC_002,ICBHI_203_1p4_TC,ICBHI_203,1,ICBHI,AKGC417L,0.9997408417533284,2
ICBHI_203_1p4_TC_003,ICBHI_203_1p4_TC,ICBHI_203,1,ICBHI,AKGC417L,0.9997408417533284,2
ICBHI_203_1p4_TC_004,ICBHI_203_1p4_TC,ICBHI_203,1,ICBHI,AKGC417L,0.9998415637808976,2
ICBHI_203_1p4_TC_005,ICBHI_203_1p4_TC,ICBHI_203,1,ICBHI,AKGC417L,0.9997527065386754,2
ICBHI_203_1p4_TC_006,ICBHI_203_1p4_TC,ICBHI_203,1,ICBHI,AKGC417L,0.999836535297546,2
ICBHI_203_2p3_AL_000,ICBHI_203_2p3_AL,ICBHI_203,1,ICBHI,AKGC417L,0.998231648313891,2
ICBHI_203_2p3_AL_001,ICBHI_203_2p3_AL,ICBHI_203,1,ICBHI,AKGC417L,0.9969246301499518,2
ICBHI_203_2p3_AL_002,ICBHI_203_2p3_AL,ICBHI_203,1,ICBHI,AKGC417L,0.9968884914601416,2
ICBHI_203_2p3_AL_003,ICBHI_203_2p3_AL,ICBHI_203,1,ICBHI,AKGC417L,0.9989677689632452,2
ICBHI_203_2p3_AL_004,ICBHI_203_2p3_AL,ICBHI_203,1,ICBHI,AKGC417L,0.9993461844496442,2
ICBHI_203_2p3_AL_005,ICBHI_203_2p3_AL,ICBHI_203,1,ICBHI,AKGC417L,0.9994766243086606,2
ICBHI_203_2p3_AL_006,ICBHI_203_2p3_AL,ICBHI_203,1,ICBHI,AKGC417L,0.9997241320933664,2
ICBHI_203_2p3_AR_000,ICBHI_203_2p3_AR,ICBHI_203,1,ICBHI,AKGC417L,0.999704042886487,2
ICBHI_203_2p3_AR_001,ICBHI_203_2p3_AR,ICBHI_203,1,ICBHI,AKGC417L,0.9993067577014336,2
ICBHI_203_2p3_AR_002,ICBHI_203_2p3_AR,ICBHI_203,1,ICBHI,AKGC417L,0.998231648313891,2
ICBHI_203_2p3_AR_003,ICBHI_203_2p3_AR,ICBHI_203,1,ICBHI,AKGC417L,0.9994600195519032,2
ICBHI_203_2p3_AR_004,ICBHI_203_2p3_AR,ICBHI_203,1,ICBHI,AKGC417L,0.999595518502158,2
ICBHI_203_2p3_AR_005,ICBHI_203_2p3_AR,ICBHI_203,1,ICBHI,AKGC417L,0.99943852125386,2
ICBHI_203_2p3_AR_006,ICBHI_203_2p3_AR,ICBHI_203,1,ICBHI,AKGC417L,0.9980581831133134,2
ICBHI_203_2p3_PL_000,ICBHI_203_2p3_PL,ICBHI_203,1,ICBHI,AKGC417L,0.999620015485248,2
ICBHI_203_2p3_PL_001,ICBHI_203_2p3_PL,ICBHI_203,1,ICBHI,AKGC417L,0.9987934102877536,2
ICBHI_203_2p3_PL_002,ICBHI_203_2p3_PL,ICBHI_203,1,ICBHI,AKGC417L,0.9988664309949126,2
ICBHI_203_2p3_PL_003,ICBHI_203_2p3_PL,ICBHI_203,1,ICBHI,AKGC417L,0.9991736424007212,2
ICBHI_203_2p3_PL_004,ICBHI_203_2p3_PL,ICBHI_203,1,ICBHI,AKGC417L,0.9992327075871412,2
ICBHI_203_2p3_PL_005,ICBHI_203_2p3_PL,ICBHI_203,1,ICBHI,AKGC417L,0.9991169541522156,2
ICBHI_203_2p3_PL_006,ICBHI_203_2p3_PL,ICBHI_203,1,ICBHI,AKGC417L,0.9991768614118112,2
ICBHI_203_2p3_PR_000,ICBHI_203_2p3_PR,ICBHI_203,1,ICBHI,AKGC417L,0.9992327075871412,2
ICBHI_203_2p3_PR_001,ICBHI_203_2p3_PR,ICBHI_203,1,ICBHI,AKGC417L,0.9991238200484855,2
ICBHI_203_2p3_PR_002,ICBHI_203_2p3_PR,ICBHI_203,1,ICBHI,AKGC417L,0.9985278104907204,2
ICBHI_203_2p3_PR_003,ICBHI_203_2p3_PR,ICBHI_203,1,ICBHI,AKGC417L,0.9980657388967296,2
ICBHI_203_2p3_PR_004,ICBHI_203_2p3_PR,ICBHI_203,1,ICBHI,AKGC417L,0.996234586215326,2
ICBHI_203_2p3_PR_005,ICBHI_203_2p3_PR,ICBHI_203,1,ICBHI,AKGC417L,0.9974983032597357,2
ICBHI_203_2p3_PR_006,ICBHI_203_2p3_PR,ICBHI_203,1,ICBHI,AKGC417L,0.9988027888018683,2
ICBHI_203_2p3_TC_000,ICBHI_203_2p3_TC,ICBHI_203,1,ICBHI,AKGC417L,0.9992958484109428,2
ICBHI_203_2p3_TC_001,ICBHI_203_2p3_TC,ICBHI_203,1,ICBHI,AKGC417L,0.9963641911822828,2
ICBHI_203_2p3_TC_002,ICBHI_203_2p3_TC,ICBHI_203,1,ICBHI,AKGC417L,0.9955662347993564,2
ICBHI_203_2p3_TC_003,ICBHI_203_2p3_TC,ICBHI_203,1,ICBHI,AKGC417L,0.9980956697286526,2
ICBHI_203_2p3_TC_004,ICBHI_203_2p3_TC,ICBHI_203,1,ICBHI,AKGC417L,0.9969603503859163,2
ICBHI_203_2p3_TC_005,ICBHI_203_2p3_TC,ICBHI_203,1,ICBHI,AKGC417L,0.9965165758069192,2
ICBHI_203_2p3_TC_006,ICBHI_203_2p3_TC,ICBHI_203,1,ICBHI,AKGC417L,0.9984870616381116,2
ICBHI_207_2b2_AL_000,ICBHI_207_2b2_AL,ICBHI_207,1,ICBHI,AKGC417L,0.9993857728001386,2
ICBHI_207_2b2_AL_001,ICBHI_207_2b2_AL,ICBHI_207,1,ICBHI,AKGC417L,0.9992504685743376,2
ICBHI_207_2b2_AL_002,ICBHI_207_2b2_AL,ICBHI_207,1,ICBHI,AKGC417L,0.9996402306168382,2
ICBHI_207_2b2_AL_003,ICBHI_207_2b2_AL,ICBHI_207,1,ICBHI,AKGC417L,0.999539894138721,2
ICBHI_207_2b2_AL_004,ICBHI_207_2b2_AL,ICBHI_207,1,ICBHI,AKGC417L,0.9997584337017134,2
ICBHI_207_2b2_AL_005,ICBHI_207_2b2_AL,ICBHI_207,1,ICBHI,AKGC417L,0.9992985917123008,2
ICBHI_207_2b2_AL_006,ICBHI_207_2b2_AL,ICBHI_207,1,ICBHI,AKGC417L,0.9994319064800212,2
ICBHI_207_2b2_AR_000,ICBHI_207_2b2_AR,ICBHI_207,1,ICBHI,AKGC417L,0.9989797825500956,2
ICBHI_207_2b2_AR_001,ICBHI_207_2b2_AR,ICBHI_207,1,ICBHI,AKGC417L,0.9992266942918758,2
ICBHI_207_2b2_AR_002,ICBHI_207_2b2_AR,ICBHI_207,1,ICBHI,AKGC417L,0.999593936049174,2
ICBHI_207_2b2_AR_003,ICBHI_207_2b2_AR,ICBHI_207,1,ICBHI,AKGC417L,0.9961306089915052,2
ICBHI_207_2b2_AR_004,ICBHI_207_2b2_AR,ICBHI_207,1,ICBHI,AKGC417L,0.9983706911746074,2
ICBHI_207_2b2_AR_005,ICBHI_207_2b2_AR,ICBHI_207,1,ICBHI,AKGC417L,0.9984632729386814,2
ICBHI_207_2b2_AR_006,ICBHI_207_2b2_AR,ICBHI_207,1,ICBHI,AKGC417L,0.9972099623456692,2
ICBHI_207_2b2_PL_000,ICBHI_207_2b2_PL,ICBHI_207,1,ICBHI,AKGC417L,0.998408374000318,2
ICBHI_207_2b2_PL_001,ICBHI_207_2b2_PL,ICBHI_207,1,ICBHI,AKGC417L,0.9965969946412504,2
ICBHI_207_2b2_PL_002,ICBHI_207_2b2_PL,ICBHI_207,1,ICBHI,AKGC417L,0.9974391291574908,2
ICBHI_207_2b2_PL_003,ICBHI_207_2b2_PL,ICBHI_207,1,ICBHI,AKGC417L,0.9992114542304054,2
ICBHI_207_2b2_PL_004,ICBHI_207_2b2_PL,ICBHI_207,1,ICBHI,AKGC417L,0.9978760335582024,2
ICBHI_207_2b2_PL_005,ICBHI_207_2b2_PL,ICBHI_207,1,ICBHI,AKGC417L,0.9979888416581738,2
ICBHI_207_2b2_PL_006,ICBHI_207_2b2_PL,ICBHI_207,1,ICBHI,AKGC417L,0.9990746151133504,2
ICBHI_207_2b2_PR_000,ICBHI_207_2b2_PR,ICBHI_207,1,ICBHI,AKGC417L,0.997603269129871,2
ICBHI_207_2b2_PR_001,ICBHI_207_2b2_PR,ICBHI_207,1,ICBHI,AKGC417L,0.9988708453714952,2
ICBHI_207_2b2_PR_002,ICBHI_207_2b2_PR,ICBHI_207,1,ICBHI,AKGC417L,0.9990111403020492,2
ICBHI_207_2b2_PR_003,ICBHI_207_2b2_PR,ICBHI_207,1,ICBHI,AKGC417L,0.9987839583952408,2
ICBHI_207_2b2_PR_004,ICBHI_207_2b2_PR,ICBHI_207,1,ICBHI,AKGC417L,0.9983321176728251,2
ICBHI_207_2b2_PR_005,ICBHI_207_2b2_PR,ICBHI_207,1,ICBHI,AKGC417L,0.997649517139974,2
ICBHI_207_2b2_PR_006,ICBHI_207_2b2_PR,ICBHI_207,1,ICBHI,AKGC417L,0.9989098099985672,2
ICBHI_207_2b2_TC_000,ICBHI_207_2b2_TC,ICBHI_207,1,ICBHI,AKGC417L,0.9621787134186344,2
ICBHI_207_2b2_TC_001,ICBHI_207_2b2_TC,ICBHI_207,1,ICBHI,AKGC417L,0.9113376495526664,2
ICBHI_207_2b2_TC_002,ICBHI_207_2b2_TC,ICBHI_207,1,ICBHI,AKGC417L,0.9521309935238556,2
ICBHI_207_2b2_TC_003,ICBHI_207_2b2_TC,ICBHI_207,1,ICBHI,AKGC417L,0.9723622781264188,2
ICBHI_207_2b2_TC_004,ICBHI_207_2b2_TC,ICBHI_207,1,ICBHI,AKGC417L,0.975946447105574,2
ICBHI_207_2b2_TC_005,ICBHI_207_2b2_TC,ICBHI_207,1,ICBHI,AKGC417L,0.9677167410666156,2
ICBHI_207_2b2_TC_006,ICBHI_207_2b2_TC,ICBHI_207,1,ICBHI,AKGC417L,0.9927952309111312,2
ICBHI_207_2b3_AL_000,ICBHI_207_2b3_AL,ICBHI_207,1,ICBHI,AKGC417L,0.9995540437949288,2
ICBHI_207_2b3_AL_001,ICBHI_207_2b3_AL,ICBHI_207,1,ICBHI,AKGC417L,0.999103060676328,2
ICBHI_207_2b3_AL_002,ICBHI_207_2b3_AL,ICBHI_207,1,ICBHI,AKGC417L,0.999557512718016,2
ICBHI_207_2b3_AL_003,ICBHI_207_2b3_AL,ICBHI_207,1,ICBHI,AKGC417L,0.9991704108116408,2
ICBHI_207_2b3_AL_004,ICBHI_207_2b3_AL,ICBHI_207,1,ICBHI,AKGC417L,0.9990600561193372,2
ICBHI_207_2b3_AL_005,ICBHI_207_2b3_AL,ICBHI_207,1,ICBHI,AKGC417L,0.998345075755876,2
ICBHI_207_2b3_AL_006,ICBHI_207_2b3_AL,ICBHI_207,1,ICBHI,AKGC417L,0.9987056319645456,2
ICBHI_207_2b3_AR_000,ICBHI_207_2b3_AR,ICBHI_207,1,ICBHI,AKGC417L,0.998345075755876,2
ICBHI_207_2b3_AR_001,ICBHI_207_2b3_AR,ICBHI_207,1,ICBHI,AKGC417L,0.9989515307328388,2
ICBHI_207_2b3_AR_002,ICBHI_207_2b3_AR,ICBHI_207,1,ICBHI,AKGC417L,0.9993761061639088,2
ICBHI_207_2b3_AR_003,ICBHI_207_2b3_AR,ICBHI_207,1,ICBHI,AKGC417L,0.9988074507197912,2
ICBHI_207_2b3_AR_004,ICBHI_207_2b3_AR,ICBHI_207,1,ICBHI,AKGC417L,0.998224739467894,2
ICBHI_207_2b3_AR_005,ICBHI_207_2b3_AR,ICBHI_207,1,ICBHI,AKGC417L,0.9985951322454564,2
ICBHI_207_2b3_AR_006,ICBHI_207_2b3_AR,ICBHI_207,1,ICBHI,AKGC417L,0.999192769501438,2
ICBHI_207_2b3_PL_000,ICBHI_207_2b3_PL,ICBHI_207,1,ICBHI,AKGC417L,0.99861147672431,2
ICBHI_207_2b3_PL_001,ICBHI_207_2b3_PL,ICBHI_207,1,ICBHI,AKGC417L,0.9992145260642746,2
ICBHI_207_2b3_PL_002,ICBHI_207_2b3_PL,ICBHI_207,1,ICBHI,AKGC417L,0.9991540624724046,2
ICBHI_207_2b3_PL_003,ICBHI_207_2b3_PL,ICBHI_207,1,ICBHI,AKGC417L,0.9984391107821522,2
ICBHI_207_2b3_PL_004,ICBHI_207_2b3_PL,ICBHI_207,1,ICBHI,AKGC417L,0.99843301120745,2
ICBHI_207_2b3_PL_005,ICBHI_207_2b3_PL,ICBHI_207,1,ICBHI,AKGC417L,0.9990149917032548,2
ICBHI_207_2b3_PL_006,ICBHI_207_2b3_PL,ICBHI_207,1,ICBHI,AKGC417L,0.99894331617583,2
ICBHI_207_2b3_PR_000,ICBHI_207_2b3_PR,ICBHI_207,1,ICBHI,AKGC417L,0.9978342328009971,2
ICBHI_207_2b3_PR_001,ICBHI_207_2b3_PR,ICBHI_207,1,ICBHI,AKGC417L,0.9981613347123114,2
ICBHI_207_2b3_PR_002,ICBHI_207_2b3_PR,ICBHI_207,1,ICBHI,AKGC417L,0.9979572352193652,2
ICBHI_207_2b3_PR_003,ICBHI_207_2b3_PR,ICBHI_207,1,ICBHI,AKGC417L,0.9971550903350206,2
ICBHI_207_2b3_PR_004,ICBHI_207_2b3_PR,ICBHI_207,1,ICBHI,AKGC417L,0.9975939111608828,2
ICBHI_207_2b3_PR_005,ICBHI_207_2b3_PR,ICBHI_207,1,ICBHI,AKGC417L,0.9978594107418892,2
ICBHI_207_2b3_PR_006,ICBHI_207_2b3_PR,ICBHI_207,1,ICBHI,AKGC417L,0.9980882306397698,2
ICBHI_207_2b3_TC_000,ICBHI_207_2b3_TC,ICBHI_207,1,ICBHI,AKGC417L,0.9675331855246276,2
ICBHI_207_2b3_TC_001,ICBHI_207_2b3_TC,ICBHI_207,1,ICBHI,AKGC417L,0.990216123982345,2
ICBHI_207_2b3_TC_002,ICBHI_207_2b3_TC,ICBHI_207,1,ICBHI,AKGC417L,0.9964203573960624,2
ICBHI_207_2b3_TC_003,ICBHI_207_2b3_TC,ICBHI_207,1,ICBHI,AKGC417L,0.993734466224161,2
ICBHI_207_2b3_TC_004,ICBHI_207_2b3_TC,ICBHI_207,1,ICBHI,AKGC417L,0.9963641911822828,2
ICBHI_207_2b3_TC_005,ICBHI_207_2b3_TC,ICBHI_207,1,ICBHI,AKGC417L,0.9934102283369194,2
ICBHI_207_2b3_TC_006,ICBHI_207_2b3_TC,ICBHI_207,1,ICBHI,AKGC417L,0.9848692716928064,2
ICBHI_207_2b4_AL_000,ICBHI_207_2b4_AL,ICBHI_207,1,ICBHI,AKGC417L,0.999694651067888,2
ICBHI_207_2b4_AL_001,ICBHI_207_2b4_AL,ICBHI_207,1,ICBHI,AKGC417L,0.9996471867315389,2
ICBHI_207_2b4_AL_002,ICBHI_207_2b4_AL,ICBHI_207,1,ICBHI,AKGC417L,0.9991800678937864,2
ICBHI_207_2b4_AL_003,ICBHI_207_2b4_AL,ICBHI_207,1,ICBHI,AKGC417L,0.9996849613059188,2
ICBHI_207_2b4_AL_004,ICBHI_207_2b4_AL,ICBHI_207,1,ICBHI,AKGC417L,0.9996430293649624,2
ICBHI_207_2b4_AL_005,ICBHI_207_2b4_AL,ICBHI_207,1,ICBHI,AKGC417L,0.999704042886487,2
ICBHI_207_2b4_AL_006,ICBHI_207_2b4_AL,ICBHI_207,1,ICBHI,AKGC417L,0.9997694932780068,2
ICBHI_207_2b4_AR_000,ICBHI_207_2b4_AR,ICBHI_207,1,ICBHI,AKGC417L,0.999018828118793,2
ICBHI_207_2b4_AR_001,ICBHI_207_2b4_AR,ICBHI_207,1,ICBHI,AKGC417L,0.9994115911814432,2
ICBHI_207_2b4_AR_002,ICBHI_207_2b4_AR,ICBHI_207,1,ICBHI,AKGC417L,0.9992206339069792,2
ICBHI_207_2b4_AR_003,ICBHI_207_2b4_AR,ICBHI_207,1,ICBHI,AKGC417L,0.9981397014271044,2
ICBHI_207_2b4_AR_004,ICBHI_207_2b4_AR,ICBHI_207,1,ICBHI,AKGC417L,0.9965165758069192,2
ICBHI_207_2b4_AR_005,ICBHI_207_2b4_AR,ICBHI_207,1,ICBHI,AKGC417L,0.9986276313099476,2
ICBHI_207_2b4_AR_006,ICBHI_207_2b4_AR,ICBHI_207,1,ICBHI,AKGC417L,0.9989677689632452,2
ICBHI_207_2b4_PL_000,ICBHI_207_2b4_PL,ICBHI_207,1,ICBHI,AKGC417L,0.9982725413732704,2
ICBHI_207_2b4_PL_001,ICBHI_207_2b4_PL,ICBHI_207,1,ICBHI,AKGC417L,0.9972316144830862,2
ICBHI_207_2b4_PL_002,ICBHI_207_2b4_PL,ICBHI_207,1,ICBHI,AKGC417L,0.996234586215326,2
ICBHI_207_2b4_PL_003,ICBHI_207_2b4_PL,ICBHI_207,1,ICBHI,AKGC417L,0.9964203573960624,2
ICBHI_207_2b4_PL_004,ICBHI_207_2b4_PL,ICBHI_207,1,ICBHI,AKGC417L,0.9954438862855456,2
ICBHI_207_2b4_PL_005,ICBHI_207_2b4_PL,ICBHI_207,1,ICBHI,AKGC417L,0.997030554704626,2
ICBHI_207_2b4_PL_006,ICBHI_207_2b4_PL,ICBHI_207,1,ICBHI,AKGC417L,0.9978594107418892,2
ICBHI_207_2b4_PR_000,ICBHI_207_2b4_PR,ICBHI_207,1,ICBHI,AKGC417L,0.9975080321463846,2
ICBHI_207_2b4_PR_001,ICBHI_207_2b4_PR,ICBHI_207,1,ICBHI,AKGC417L,0.9978842965994068,2
ICBHI_207_2b4_PR_002,ICBHI_207_2b4_PR,ICBHI_207,1,ICBHI,AKGC417L,0.9979088937475938,2
ICBHI_207_2b4_PR_003,ICBHI_207_2b4_PR,ICBHI_207,1,ICBHI,AKGC417L,0.9967900386241352,2
ICBHI_207_2b4_PR_004,ICBHI_207_2b4_PR,ICBHI_207,1,ICBHI,AKGC417L,0.9974885364861902,2
ICBHI_207_2b4_PR_005,ICBHI_207_2b4_PR,ICBHI_207,1,ICBHI,AKGC417L,0.9975080321463846,2
ICBHI_207_2b4_PR_006,ICBHI_207_2b4_PR,ICBHI_207,1,ICBHI,AKGC417L,0.9965969946412504,2
ICBHI_207_2b4_TC_000,ICBHI_207_2b4_TC,ICBHI_207,1,ICBHI,AKGC417L,0.9740919790859393,2
ICBHI_207_2b4_TC_001,ICBHI_207_2b4_TC,ICBHI_207,1,ICBHI,AKGC417L,0.994225070146556,2
ICBHI_207_2b4_TC_002,ICBHI_207_2b4_TC,ICBHI_207,1,ICBHI,AKGC417L,0.9921841112107114,2
ICBHI_207_2b4_TC_003,ICBHI_207_2b4_TC,ICBHI_207,1,ICBHI,AKGC417L,0.9964893508862251,2
ICBHI_207_2b4_TC_004,ICBHI_207_2b4_TC,ICBHI_207,1,ICBHI,AKGC417L,0.99463594330938,2
ICBHI_207_2b4_TC_005,ICBHI_207_2b4_TC,ICBHI_207,1,ICBHI,AKGC417L,0.996115523451234,2
ICBHI_207_2b4_TC_006,ICBHI_207_2b4_TC,ICBHI_207,1,ICBHI,AKGC417L,0.9925393565360598,2
ICBHI_207_3b2_AL_000,ICBHI_207_3b2_AL,ICBHI_207,1,ICBHI,AKGC417L,0.9997851407471986,2
ICBHI_207_3b2_AL_001,ICBHI_207_3b2_AL,ICBHI_207,1,ICBHI,AKGC417L,0.9998218688795282,2
ICBHI_207_3b2_AL_002,ICBHI_207_3b2_AL,ICBHI_207,1,ICBHI,AKGC417L,0.9998736795756128,2
ICBHI_207_3b2_AL_003,ICBHI_207_3b2_AL,ICBHI_207,1,ICBHI,AKGC417L,0.9996110079173974,2
ICBHI_207_3b2_AL_004,ICBHI_207_3b2_AL,ICBHI_207,1,ICBHI,AKGC417L,0.999593936049174,2
ICBHI_207_3b2_AL_005,ICBHI_207_3b2_AL,ICBHI_207,1,ICBHI,AKGC417L,0.9998403213486516,2
ICBHI_207_3b2_AL_006,ICBHI_207_3b2_AL,ICBHI_207,1,ICBHI,AKGC417L,0.9997901169117968,2
ICBHI_207_3b2_AR_000,ICBHI_207_3b2_AR,ICBHI_207,1,ICBHI,AKGC417L,0.9993929244195584,2
ICBHI_207_3b2_AR_001,ICBHI_207_3b2_AR,ICBHI_207,1,ICBHI,AKGC417L,0.9995761152580062,2
ICBHI_207_3b2_AR_002,ICBHI_207_3b2_AR,ICBHI_207,1,ICBHI,AKGC417L,0.9993761061639088,2
ICBHI_207_3b2_AR_003,ICBHI_207_3b2_AR,ICBHI_207,1,ICBHI,AKGC417L,0.9991238200484855,2
ICBHI_207_3b2_AR_004,ICBHI_207_3b2_AR,ICBHI_207,1,ICBHI,AKGC417L,0.9989637331117536,2
ICBHI_207_3b2_AR_005,ICBHI_207_3b2_AR,ICBHI_207,1,ICBHI,AKGC417L,0.9996094860399792,2
ICBHI_207_3b2_AR_006,ICBHI_207_3b2_AR,ICBHI_207,1,ICBHI,AKGC417L,0.999750767475418,2
ICBHI_207_3b2_LR_000,ICBHI_207_3b2_LR,ICBHI_207,1,ICBHI,AKGC417L,0.9978426581115474,2
ICBHI_207_3b2_LR_001,ICBHI_207_3b2_LR,ICBHI_207,1,ICBHI,AKGC417L,0.9979492564600826,2
ICBHI_207_3b2_LR_002,ICBHI_207_3b2_LR,ICBHI_207,1,ICBHI,AKGC417L,0.9977569121487108,2
ICBHI_207_3b2_LR_003,ICBHI_207_3b2_LR,ICBHI_207,1,ICBHI,AKGC417L,0.9976218762818836,2
ICBHI_207_3b2_LR_004,ICBHI_207_3b2_LR,ICBHI_207,1,ICBHI,AKGC417L,0.99709914228914,2
ICBHI_207_3b2_LR_005,ICBHI_207_3b2_LR,ICBHI_207,1,ICBHI,AKGC417L,0.9957519209132611,2
ICBHI_207_3b2_LR_006,ICBHI_207_3b2_LR,ICBHI_207,1,ICBHI,AKGC417L,0.9961606052199882,2
ICBHI_207_3b2_PL_000,ICBHI_207_3b2_PL,ICBHI_207,1,ICBHI,AKGC417L,0.9980199600403348,2
ICBHI_207_3b2_PL_001,ICBHI_207_3b2_PL,ICBHI_207,1,ICBHI,AKGC417L,0.998774432551617,2
ICBHI_207_3b2_PL_002,ICBHI_207_3b2_PL,ICBHI_207,1,ICBHI,AKGC417L,0.997825774657828,2
ICBHI_207_3b2_PL_003,ICBHI_207_3b2_PL,ICBHI_207,1,ICBHI,AKGC417L,0.9984207405711988,2
ICBHI_207_3b2_PL_004,ICBHI_207_3b2_PL,ICBHI_207,1,ICBHI,AKGC417L,0.9985674634052898,2
ICBHI_207_3b2_PL_005,ICBHI_207_3b2_PL,ICBHI_207,1,ICBHI,AKGC417L,0.9991340190143472,2
ICBHI_207_3b2_PL_006,ICBHI_207_3b2_PL,ICBHI_207,1,ICBHI,AKGC417L,0.9991507543783068,2
ICBHI_207_3b2_PR_000,ICBHI_207_3b2_PR,ICBHI_207,1,ICBHI,AKGC417L,0.99635001296879,2
ICBHI_207_3b2_PR_001,ICBHI_207_3b2_PR,ICBHI_207,1,ICBHI,AKGC417L,0.9977829869770526,2
ICBHI_207_3b2_PR_002,ICBHI_207_3b2_PR,ICBHI_207,1,ICBHI,AKGC417L,0.9977393591635534,2
ICBHI_207_3b2_PR_003,ICBHI_207_3b2_PR,ICBHI_207,1,ICBHI,AKGC417L,0.9970189672701452,2
ICBHI_207_3b2_PR_004,ICBHI_207_3b2_PR,ICBHI_207,1,ICBHI,AKGC417L,0.9971328414066062,2
ICBHI_207_3b2_PR_005,ICBHI_207_3b2_PR,ICBHI_207,1,ICBHI,AKGC417L,0.9974190958364102,2
ICBHI_207_3b2_PR_006,ICBHI_207_3b2_PR,ICBHI_207,1,ICBHI,AKGC417L,0.9965029897474263,2
ICBHI_207_3b2_TC_000,ICBHI_207_3b2_TC,ICBHI_207,1,ICBHI,AKGC417L,0.9892648373909092,2
ICBHI_207_3b2_TC_001,ICBHI_207_3b2_TC,ICBHI_207,1,ICBHI,AKGC417L,0.9973580531566688,2
ICBHI_207_3b2_TC_002,ICBHI_207_3b2_TC,ICBHI_207,1,ICBHI,AKGC417L,0.9990264562254172,2
ICBHI_207_3b2_TC_003,ICBHI_207_3b2_TC,ICBHI_207,1,ICBHI,AKGC417L,0.9986749775827868,2
ICBHI_207_3b2_TC_004,ICBHI_207_3b2_TC,ICBHI_207,1,ICBHI,AKGC417L,0.9962782913492784,2
ICBHI_207_3b2_TC_005,ICBHI_207_3b2_TC,ICBHI_207,1,ICBHI,AKGC417L,0.99861147672431,2
ICBHI_207_3b2_TC_006,ICBHI_207_3b2_TC,ICBHI_207,1,ICBHI,AKGC417L,0.998935037327944,2
ICBHI_102_1b1_AR_000,ICBHI_102_1b1_AR,ICBHI_102,0,ICBHI,Meditron,0.4199452751202951,3
ICBHI_102_1b1_AR_001,ICBHI_102_1b1_AR,ICBHI_102,0,ICBHI,Meditron,0.7572562443502676,3
ICBHI_102_1b1_AR_002,ICBHI_102_1b1_AR,ICBHI_102,0,ICBHI,Meditron,0.3186971537229011,3
ICBHI_102_1b1_AR_003,ICBHI_102_1b1_AR,ICBHI_102,0,ICBHI,Meditron,0.0953494648991095,3
ICBHI_102_1b1_AR_004,ICBHI_102_1b1_AR,ICBHI_102,0,ICBHI,Meditron,0.0040385915715055,3
ICBHI_102_1b1_AR_005,ICBHI_102_1b1_AR,ICBHI_102,0,ICBHI,Meditron,0.0052201256935583,3
ICBHI_102_1b1_AR_006,ICBHI_102_1b1_AR,ICBHI_102,0,ICBHI,Meditron,0.1050268087423381,3
ICBHI_113_1b1_AL_000,ICBHI_113_1b1_AL,ICBHI_113,1,ICBHI,Litt3200,0.9994341200134584,3
ICBHI_113_1b1_AL_001,ICBHI_113_1b1_AL,ICBHI_113,1,ICBHI,Litt3200,0.9993306900381932,3
ICBHI_113_1b1_AL_002,ICBHI_113_1b1_AL,ICBHI_113,1,ICBHI,Litt3200,0.9994536579107852,3
ICBHI_113_1b1_AL_003,ICBHI_113_1b1_AL,ICBHI_113,1,ICBHI,Litt3200,0.9996388230278576,3
ICBHI_113_1b1_AR_000,ICBHI_113_1b1_AR,ICBHI_113,1,ICBHI,Litt3200,0.9995626655964818,3
ICBHI_113_1b1_AR_001,ICBHI_113_1b1_AR,ICBHI_113,1,ICBHI,Litt3200,0.999140752341272,3
ICBHI_113_1b1_AR_002,ICBHI_113_1b1_AR,ICBHI_113,1,ICBHI,Litt3200,0.9988883318306347,3
ICBHI_113_1b1_AR_003,ICBHI_113_1b1_AR,ICBHI_113,1,ICBHI,Litt3200,0.9992445943672704,3
ICBHI_113_1b1_AR_004,ICBHI_113_1b1_AR,ICBHI_113,1,ICBHI,Litt3200,0.9996633377881102,3
ICBHI_113_1b1_LL_000,ICBHI_113_1b1_LL,ICBHI_113,1,ICBHI,Litt3200,0.9996593706722668,3
ICBHI_113_1b1_LL_001,ICBHI_113_1b1_LL,ICBHI_113,1,ICBHI,Litt3200,0.999694651067888,3
ICBHI_113_1b1_LL_002,ICBHI_113_1b1_LL,ICBHI_113,1,ICBHI,Litt3200,0.999631702073984,3
ICBHI_113_1b1_LL_003,ICBHI_113_1b1_LL,ICBHI_113,1,ICBHI,Litt3200,0.9997527065386754,3
ICBHI_113_1b1_LL_004,ICBHI_113_1b1_LL,ICBHI_113,1,ICBHI,Litt3200,0.9997949778514938,3
ICBHI_113_1b1_LL_005,ICBHI_113_1b1_LL,ICBHI_113,1,ICBHI,Litt3200,0.9994907342856147,3
ICBHI_113_1b1_LL_006,ICBHI_113_1b1_LL,ICBHI_113,1,ICBHI,Litt3200,0.999183261895333,3
ICBHI_113_1b1_LR_000,ICBHI_113_1b1_LR,ICBHI_113,1,ICBHI,Litt3200,0.9995810515958958,3
ICBHI_113_1b1_LR_001,ICBHI_113_1b1_LR,ICBHI_113,1,ICBHI,Litt3200,0.9994766243086606,3
ICBHI_113_1b1_LR_002,ICBHI_113_1b1_LR,ICBHI_113,1,ICBHI,Litt3200,0.9992297068028128,3
ICBHI_113_1b1_LR_003,ICBHI_113_1b1_LR,ICBHI_113,1,ICBHI,Litt3200,0.9995434730763126,3
ICBHI_113_1b1_PL_000,ICBHI_113_1b1_PL,ICBHI_113,1,ICBHI,Litt3200,0.9993952897517442,3
ICBHI_113_1b1_PL_001,ICBHI_113_1b1_PL,ICBHI_113,1,ICBHI,Litt3200,0.9992386741581052,3
ICBHI_113_1b1_PL_002,ICBHI_113_1b1_PL,ICBHI_113,1,ICBHI,Litt3200,0.999192769501438,3
ICBHI_113_1b1_PL_003,ICBHI_113_1b1_PL,ICBHI_113,1,ICBHI,Litt3200,0.9994138838254832,3
ICBHI_113_1b1_PL_004,ICBHI_113_1b1_PL,ICBHI_113,1,ICBHI,Litt3200,0.9993638087890532,3
ICBHI_113_1b1_PL_005,ICBHI_113_1b1_PL,ICBHI_113,1,ICBHI,Litt3200,0.9994966644245472,3
ICBHI_113_1b1_PR_000,ICBHI_113_1b1_PR,ICBHI_113,1,ICBHI,Litt3200,0.99966202057481,3
ICBHI_113_1b1_PR_001,ICBHI_113_1b1_PR,ICBHI_113,1,ICBHI,Litt3200,0.9996824912113432,3
ICBHI_113_1b1_PR_002,ICBHI_113_1b1_PR,ICBHI_113,1,ICBHI,Litt3200,0.9997367616790968,3
ICBHI_113_1b1_PR_003,ICBHI_113_1b1_PR,ICBHI_113,1,ICBHI,Litt3200,0.9997783218943074,3
ICBHI_113_1b1_PR_004,ICBHI_113_1b1_PR,ICBHI_113,1,ICBHI,Litt3200,0.9997175919220068,3
ICBHI_113_1b1_PR_005,ICBHI_113_1b1_PR,ICBHI_113,1,ICBHI,Litt3200,0.9997488132115092,3
ICBHI_113_1b1_PR_006,ICBHI_113_1b1_PR,ICBHI_113,1,ICBHI,Litt3200,0.9996002289704816,3
ICBHI_118_1b1_AL_000,ICBHI_118_1b1_AL,ICBHI_118,1,ICBHI,Litt3200,0.999574456926026,3
ICBHI_118_1b1_AL_001,ICBHI_118_1b1_AL,ICBHI_118,1,ICBHI,Litt3200,0.9995215743737126,3
ICBHI_118_1b1_AL_002,ICBHI_118_1b1_AL,ICBHI_118,1,ICBHI,Litt3200,0.9990960322532406,3
ICBHI_118_1b1_AL_003,ICBHI_118_1b1_AL,ICBHI_118,1,ICBHI,Litt3200,0.9994704581885768,3
ICBHI_118_1b1_AL_004,ICBHI_118_1b1_AL,ICBHI_118,1,ICBHI,Litt3200,0.9995025255444128,3
ICBHI_118_1b1_AR_000,ICBHI_118_1b1_AR,ICBHI_118,1,ICBHI,Litt3200,0.9998557401355151,3
ICBHI_118_1b1_AR_001,ICBHI_118_1b1_AR,ICBHI_118,1,ICBHI,Litt3200,0.9997284078672528,3
ICBHI_118_1b1_AR_002,ICBHI_118_1b1_AR,ICBHI_118,1,ICBHI,Litt3200,0.9998147742567348,3
ICBHI_118_1b1_AR_003,ICBHI_118_1b1_AR,ICBHI_118,1,ICBHI,Litt3200,0.9997851407471986,3
ICBHI_118_1b1_AR_004,ICBHI_118_1b1_AR,ICBHI_118,1,ICBHI,Litt3200,0.9997868124387096,3
ICBHI_118_1b1_AR_005,ICBHI_118_1b1_AR,ICBHI_118,1,ICBHI,Litt3200,0.999882255407716,3
ICBHI_118_1b1_LL_000,ICBHI_118_1b1_LL,ICBHI_118,1,ICBHI,Litt3200,0.9996229714333048,3
ICBHI_118_1b1_LL_001,ICBHI_118_1b1_LL,ICBHI_118,1,ICBHI,Litt3200,0.9996580379426712,3
ICBHI_118_1b1_LL_002,ICBHI_118_1b1_LL,ICBHI_118,1,ICBHI,Litt3200,0.999539894138721,3
ICBHI_118_1b1_LL_003,ICBHI_118_1b1_LL,ICBHI_118,1,ICBHI,Litt3200,0.9996485617367192,3
ICBHI_118_1b1_LR_000,ICBHI_118_1b1_LR,ICBHI_118,1,ICBHI,Litt3200,0.9980199600403348,3
ICBHI_118_1b1_LR_001,ICBHI_118_1b1_LR,ICBHI_118,1,ICBHI,Litt3200,0.9995121428772178,3
ICBHI_118_1b1_LR_002,ICBHI_118_1b1_LR,ICBHI_118,1,ICBHI,Litt3200,0.9994229654710683,3
ICBHI_118_1b1_LR_003,ICBHI_118_1b1_LR,ICBHI_118,1,ICBHI,Litt3200,0.9988074507197912,3
ICBHI_118_1b1_LR_004,ICBHI_118_1b1_LR,ICBHI_118,1,ICBHI,Litt3200,0.9992145260642746,3
ICBHI_118_1b1_LR_005,ICBHI_118_1b1_LR,ICBHI_118,1,ICBHI,Litt3200,0.9996430293649624,3
ICBHI_118_1b1_LR_006,ICBHI_118_1b1_LR,ICBHI_118,1,ICBHI,Litt3200,0.9997488132115092,3
ICBHI_118_1b1_PL_000,ICBHI_118_1b1_PL,ICBHI_118,1,ICBHI,Litt3200,0.9985951322454564,3
ICBHI_118_1b1_PL_001,ICBHI_118_1b1_PL,ICBHI_118,1,ICBHI,Litt3200,0.9988074507197912,3
ICBHI_118_1b1_PL_002,ICBHI_118_1b1_PL,ICBHI_118,1,ICBHI,Litt3200,0.9998147742567348,3
ICBHI_118_1b1_PR_000,ICBHI_118_1b1_PR,ICBHI_118,1,ICBHI,Litt3200,0.9992266942918758,3
ICBHI_118_1b1_PR_001,ICBHI_118_1b1_PR,ICBHI_118,1,ICBHI,Litt3200,0.9989391848195364,3
ICBHI_118_1b1_PR_002,ICBHI_118_1b1_PR,ICBHI_118,1,ICBHI,Litt3200,0.999264955168306,3
ICBHI_127_1b1_AR_000,ICBHI_127_1b1_AR,ICBHI_127,0,ICBHI,Meditron,0.0010322310367548,3
ICBHI_127_1b1_AR_001,ICBHI_127_1b1_AR,ICBHI_127,0,ICBHI,Meditron,0.0056200364000269,3
ICBHI_127_1b1_AR_002,ICBHI_127_1b1_AR,ICBHI_127,0,ICBHI,Meditron,0.0119610982498095,3
ICBHI_127_1b1_AR_003,ICBHI_127_1b1_AR,ICBHI_127,0,ICBHI,Meditron,0.0110721601832342,3
ICBHI_127_1b1_AR_004,ICBHI_127_1b1_AR,ICBHI_127,0,ICBHI,Meditron,1.7778551863194697e-05,3
ICBHI_127_1b1_AR_005,ICBHI_127_1b1_AR,ICBHI_127,0,ICBHI,Meditron,1.719564976847027e-06,3
ICBHI_130_1p2_AL_000,ICBHI_130_1p2_AL,ICBHI_130,1,ICBHI,AKGC417L,0.9995452520967412,3
ICBHI_130_1p2_AL_001,ICBHI_130_1p2_AL,ICBHI_130,1,ICBHI,AKGC417L,0.999247537198694,3
ICBHI_130_1p2_AL_002,ICBHI_130_1p2_AL,ICBHI_130,1,ICBHI,AKGC417L,0.9994296842929216,3
ICBHI_130_1p2_AL_003,ICBHI_130_1p2_AL,ICBHI_130,1,ICBHI,AKGC417L,0.9992985917123008,3
ICBHI_130_1p2_AL_004,ICBHI_130_1p2_AL,ICBHI_130,1,ICBHI,AKGC417L,0.9986801365375204,3
ICBHI_130_1p2_AL_005,ICBHI_130_1p2_AL,ICBHI_130,1,ICBHI,AKGC417L,0.999547024187722,3
ICBHI_130_1p2_AL_006,ICBHI_130_1p2_AL,ICBHI_130,1,ICBHI,AKGC417L,0.999530823621416,3
ICBHI_130_1p2_AR_000,ICBHI_130_1p2_AR,ICBHI_130,1,ICBHI,AKGC417L,0.9983770329385312,3
ICBHI_130_1p2_AR_001,ICBHI_130_1p2_AR,ICBHI_130,1,ICBHI,AKGC417L,0.992988204618503,3
ICBHI_130_1p2_AR_002,ICBHI_130_1p2_AR,ICBHI_130,1,ICBHI,AKGC417L,0.9976586593489524,3
ICBHI_130_1p2_AR_003,ICBHI_130_1p2_AR,ICBHI_130,1,ICBHI,AKGC417L,0.9970878217168856,3
ICBHI_130_1p2_AR_004,ICBHI_130_1p2_AR,ICBHI_130,1,ICBHI,AKGC417L,0.9938787187092716,3
ICBHI_130_1p2_AR_005,ICBHI_130_1p2_AR,ICBHI_130,1,ICBHI,AKGC417L,0.9957519209132611,3
ICBHI_130_1p2_AR_006,ICBHI_130_1p2_AR,ICBHI_130,1,ICBHI,AKGC417L,0.9941573948247951,3
ICBHI_130_1p2_LL_000,ICBHI_130_1p2_LL,ICBHI_130,1,ICBHI,AKGC417L,0.998224739467894,3
ICBHI_130_1p2_LL_001,ICBHI_130_1p2_LL,ICBHI_130,1,ICBHI,AKGC417L,0.9969603503859163,3
ICBHI_130_1p2_LL_002,ICBHI_130_1p2_LL,ICBHI_130,1,ICBHI,AKGC417L,0.9970764570957288,3
ICBHI_130_1p2_LL_003,ICBHI_130_1p2_LL,ICBHI_130,1,ICBHI,AKGC417L,0.990291523518526,3
ICBHI_130_1p2_LL_004,ICBHI_130_1p2_LL,ICBHI_130,1,ICBHI,AKGC417L,0.9901782070803068,3
ICBHI_130_1p2_LL_005,ICBHI_130_1p2_LL,ICBHI_130,1,ICBHI,AKGC417L,0.9884918509356968,3
ICBHI_130_1p2_LL_006,ICBHI_130_1p2_LL,ICBHI_130,1,ICBHI,AKGC417L,0.9874720680072552,3
ICBHI_130_1p2_LR_000,ICBHI_130_1p2_LR,ICBHI_130,1,ICBHI,AKGC417L,0.9993332976907564,3
ICBHI_130_1p2_LR_001,ICBHI_130_1p2_LR,ICBHI_130,1,ICBHI,AKGC417L,0.9996017869093836,3
ICBHI_130_1p2_LR_002,ICBHI_130_1p2_LR,ICBHI_130,1,ICBHI,AKGC417L,0.9996402306168382,3
ICBHI_130_1p2_LR_003,ICBHI_130_1p2_LR,ICBHI_130,1,ICBHI,AKGC417L,0.9968884914601416,3
ICBHI_130_1p2_LR_004,ICBHI_130_1p2_LR,ICBHI_130,1,ICBHI,AKGC417L,0.9885803853543514,3
ICBHI_130_1p2_LR_005,ICBHI_130_1p2_LR,ICBHI_130,1,ICBHI,AKGC417L,0.9965570192011142,3
ICBHI_130_1p2_LR_006,ICBHI_130_1p2_LR,ICBHI_130,1,ICBHI,AKGC417L,0.9983706911746074,3
ICBHI_130_1p2_PL_000,ICBHI_130_1p2_PL,ICBHI_130,1,ICBHI,AKGC417L,0.9992620804070852,3
ICBHI_130_1p2_PL_001,ICBHI_130_1p2_PL,ICBHI_130,1,ICBHI,AKGC417L,0.9985618646789076,3
ICBHI_130_1p2_PL_002,ICBHI_130_1p2_PL,ICBHI_130,1,ICBHI,AKGC417L,0.998175617214723,3
ICBHI_130_1p2_PL_003,ICBHI_130_1p2_PL,ICBHI_130,1,ICBHI,AKGC417L,0.9983386093266648,3
ICBHI_130_1p2_PL_004,ICBHI_130_1p2_PL,ICBHI_130,1,ICBHI,AKGC417L,0.9983515170581486,3
ICBHI_130_1p2_PL_005,ICBHI_130_1p2_PL,ICBHI_130,1,ICBHI,AKGC417L,0.9982590163352772,3
ICBHI_130_1p2_PL_006,ICBHI_130_1p2_PL,ICBHI_130,1,ICBHI,AKGC417L,0.9992958484109428,3
ICBHI_130_1p2_PR_000,ICBHI_130_1p2_PR,ICBHI_130,1,ICBHI,AKGC417L,0.9990924974342854,3
ICBHI_130_1p2_PR_001,ICBHI_130_1p2_PR,ICBHI_130,1,ICBHI,AKGC417L,0.99908538631333,3
ICBHI_130_1p2_PR_002,ICBHI_130_1p2_PR,ICBHI_130,1,ICBHI,AKGC417L,0.9992266942918758,3
ICBHI_130_1p2_PR_003,ICBHI_130_1p2_PR,ICBHI_130,1,ICBHI,AKGC417L,0.9986954933533844,3
ICBHI_130_1p2_PR_004,ICBHI_130_1p2_PR,ICBHI_130,1,ICBHI,AKGC417L,0.9994207083300786,3
ICBHI_130_1p2_PR_005,ICBHI_130_1p2_PR,ICBHI_130,1,ICBHI,AKGC417L,0.9994407090277544,3
ICBHI_130_1p2_PR_006,ICBHI_130_1p2_PR,ICBHI_130,1,ICBHI,AKGC417L,0.9993588222788344,3
ICBHI_130_1p2_TC_000,ICBHI_130_1p2_TC,ICBHI_130,1,ICBHI,AKGC417L,0.941439173126251,3
ICBHI_130_1p2_TC_001,ICBHI_130_1p2_TC,ICBHI_130,1,ICBHI,AKGC417L,0.9381240142763572,3
ICBHI_130_1p2_TC_002,ICBHI_130_1p2_TC,ICBHI_130,1,ICBHI,AKGC417L,0.9667888274293096,3
ICBHI_130_1p2_TC_003,ICBHI_130_1p2_TC,ICBHI_130,1,ICBHI,AKGC417L,0.9974885364861902,3
ICBHI_130_1p2_TC_004,ICBHI_130_1p2_TC,ICBHI_130,1,ICBHI,AKGC417L,0.9971328414066062,3
ICBHI_130_1p2_TC_005,ICBHI_130_1p2_TC,ICBHI_130,1,ICBHI,AKGC417L,0.9965837211562298,3
ICBHI_130_1p2_TC_006,ICBHI_130_1p2_TC,ICBHI_130,1,ICBHI,AKGC417L,0.99751772329237,3
ICBHI_130_1p3_AL_000,ICBHI_130_1p3_AL,ICBHI_130,1,ICBHI,AKGC417L,0.9990264562254172,3
ICBHI_130_1p3_AL_001,ICBHI_130_1p3_AL,ICBHI_130,1,ICBHI,AKGC417L,0.999402330628897,3
ICBHI_130_1p3_AL_002,ICBHI_130_1p3_AL,ICBHI_130,1,ICBHI,AKGC417L,0.9983579333307973,3
ICBHI_130_1p3_AL_003,ICBHI_130_1p3_AL,ICBHI_130,1,ICBHI,AKGC417L,0.9993905498409864,3
ICBHI_130_1p3_AL_004,ICBHI_130_1p3_AL,ICBHI_130,1,ICBHI,AKGC417L,0.9997488132115092,3
ICBHI_130_1p3_AL_005,ICBHI_130_1p3_AL,ICBHI_130,1,ICBHI,AKGC417L,0.9994966644245472,3
ICBHI_130_1p3_AL_006,ICBHI_130_1p3_AL,ICBHI_130,1,ICBHI,AKGC417L,0.9995794125678484,3
ICBHI_130_1p3_AR_000,ICBHI_130_1p3_AR,ICBHI_130,1,ICBHI,AKGC417L,0.9964619139429116,3
ICBHI_130_1p3_AR_001,ICBHI_130_1p3_AR,ICBHI_130,1,ICBHI,AKGC417L,0.9908034475769532,3
ICBHI_130_1p3_AR_002,ICBHI_130_1p3_AR,ICBHI_130,1,ICBHI,AKGC417L,0.9907319866190856,3
ICBHI_130_1p3_AR_003,ICBHI_130_1p3_AR,ICBHI_130,1,ICBHI,AKGC417L,0.9984572676379068,3
ICBHI_130_1p3_AR_004,ICBHI_130_1p3_AR,ICBHI_130,1,ICBHI,AKGC417L,0.997459007373421,3
ICBHI_130_1p3_AR_005,ICBHI_130_1p3_AR,ICBHI_130,1,ICBHI,AKGC417L,0.9960082716305864,3
ICBHI_130_1p3_AR_006,ICBHI_130_1p3_AR,ICBHI_130,1,ICBHI,AKGC417L,0.9925682266657088,3
ICBHI_130_1p3_LL_000,ICBHI_130_1p3_LL,ICBHI_130,1,ICBHI,AKGC417L,0.9969603503859163,3
ICBHI_130_1p3_LL_001,ICBHI_130_1p3_LL,ICBHI_130,1,ICBHI,AKGC417L,0.996378314521325,3
ICBHI_130_1p3_LL_002,ICBHI_130_1p3_LL,ICBHI_130,1,ICBHI,AKGC417L,0.9848692716928064,3
ICBHI_130_1p3_LL_003,ICBHI_130_1p3_LL,ICBHI_130,1,ICBHI,AKGC417L,0.9925103751011916,3
ICBHI_130_1p3_LL_004,ICBHI_130_1p3_LL,ICBHI_130,1,ICBHI,AKGC417L,0.9972530990515592,3
ICBHI_130_1p3_LL_005,ICBHI_130_1p3_LL,ICBHI_130,1,ICBHI,AKGC417L,0.9954438862855456,3
ICBHI_130_1p3_LL_006,ICBHI_130_1p3_LL,ICBHI_130,1,ICBHI,AKGC417L,0.9970878217168856,3
ICBHI_130_1p3_LR_000,ICBHI_130_1p3_LR,ICBHI_130,1,ICBHI,AKGC417L,0.998224739467894,3
ICBHI_130_1p3_LR_001,ICBHI_130_1p3_LR,ICBHI_130,1,ICBHI,AKGC417L,0.9981684898601648,3
ICBHI_130_1p3_LR_002,ICBHI_130_1p3_LR,ICBHI_130,1,ICBHI,AKGC417L,0.9979809860995514,3
ICBHI_130_1p3_LR_003,ICBHI_130_1p3_LR,ICBHI_130,1,ICBHI,AKGC417L,0.998896973358602,3
ICBHI_130_1p3_LR_004,ICBHI_130_1p3_LR,ICBHI_130,1,ICBHI,AKGC417L,0.9982992775885648,3
ICBHI_130_1p3_LR_005,ICBHI_130_1p3_LR,ICBHI_130,1,ICBHI,AKGC417L,0.9973785590538324,3
ICBHI_130_1p3_LR_006,ICBHI_130_1p3_LR,ICBHI_130,1,ICBHI,AKGC417L,0.9972744173407714,3
ICBHI_130_1p3_PL_000,ICBHI_130_1p3_PL,ICBHI_130,1,ICBHI,AKGC417L,0.9846346585586978,3
ICBHI_130_1p3_PL_001,ICBHI_130_1p3_PL,ICBHI_130,1,ICBHI,AKGC417L,0.9916519461902168,3
ICBHI_130_1p3_PL_002,ICBHI_130_1p3_PL,ICBHI_130,1,ICBHI,AKGC417L,0.9973477402942144,3
ICBHI_130_1p3_PL_003,ICBHI_130_1p3_PL,ICBHI_130,1,ICBHI,AKGC417L,0.9956853120436374,3
ICBHI_130_1p3_PL_004,ICBHI_130_1p3_PL,ICBHI_130,1,ICBHI,AKGC417L,0.999018828118793,3
ICBHI_130_1p3_PL_005,ICBHI_130_1p3_PL,ICBHI_130,1,ICBHI,AKGC417L,0.9984391107821522,3
ICBHI_130_1p3_PL_006,ICBHI_130_1p3_PL,ICBHI_130,1,ICBHI,AKGC417L,0.9956853120436374,3
ICBHI_130_1p3_PR_000,ICBHI_130_1p3_PR,ICBHI_130,1,ICBHI,AKGC417L,0.990216123982345,3
ICBHI_130_1p3_PR_001,ICBHI_130_1p3_PR,ICBHI_130,1,ICBHI,AKGC417L,0.9966755631083444,3
ICBHI_130_1p3_PR_002,ICBHI_130_1p3_PR,ICBHI_130,1,ICBHI,AKGC417L,0.9909096166863416,3
ICBHI_130_1p3_PR_003,ICBHI_130_1p3_PR,ICBHI_130,1,ICBHI,AKGC417L,0.9937587407701782,3
ICBHI_130_1p3_PR_004,ICBHI_130_1p3_PR,ICBHI_130,1,ICBHI,AKGC417L,0.9904775143296634,3
ICBHI_130_1p3_PR_005,ICBHI_130_1p3_PR,ICBHI_130,1,ICBHI,AKGC417L,0.9945730566510748,3
ICBHI_130_1p3_PR_006,ICBHI_130_1p3_PR,ICBHI_130,1,ICBHI,AKGC417L,0.9981469406043856,3
ICBHI_130_1p3_TC_000,ICBHI_130_1p3_TC,ICBHI_130,1,ICBHI,AKGC417L,0.9960851763943628,3
ICBHI_130_1p3_TC_001,ICBHI_130_1p3_TC,ICBHI_130,1,ICBHI,AKGC417L,0.9939730484115986,3
ICBHI_130_1p3_TC_002,ICBHI_130_1p3_TC,ICBHI_130,1,ICBHI,AKGC417L,0.9927391335017144,3
ICBHI_130_1p3_TC_003,ICBHI_130_1p3_TC,ICBHI_130,1,ICBHI,AKGC417L,0.9964893508862251,3
ICBHI_130_1p3_TC_004,ICBHI_130_1p3_TC,ICBHI_130,1,ICBHI,AKGC417L,0.9974391291574908,3
ICBHI_130_1p3_TC_005,ICBHI_130_1p3_TC,ICBHI_130,1,ICBHI,AKGC417L,0.979589692299694,3
ICBHI_130_1p3_TC_006,ICBHI_130_1p3_TC,ICBHI_130,1,ICBHI,AKGC417L,0.9923637835053328,3
ICBHI_130_1p4_AL_000,ICBHI_130_1p4_AL,ICBHI_130,1,ICBHI,AKGC417L,0.998498817743263,3
ICBHI_130_1p4_AL_001,ICBHI_130_1p4_AL,ICBHI_130,1,ICBHI,AKGC417L,0.998364324670761,3
ICBHI_130_1p4_AL_002,ICBHI_130_1p4_AL,ICBHI_130,1,ICBHI,AKGC417L,0.996205165779956,3
ICBHI_130_1p4_AL_003,ICBHI_130_1p4_AL,ICBHI_130,1,ICBHI,AKGC417L,0.99584991916378,3
ICBHI_130_1p4_AL_004,ICBHI_130_1p4_AL,ICBHI_130,1,ICBHI,AKGC417L,0.99584991916378,3
ICBHI_130_1p4_AL_005,ICBHI_130_1p4_AL,ICBHI_130,1,ICBHI,AKGC417L,0.9945730566510748,3
ICBHI_130_1p4_AL_006,ICBHI_130_1p4_AL,ICBHI_130,1,ICBHI,AKGC417L,0.981979260068153,3
ICBHI_130_1p4_AR_000,ICBHI_130_1p4_AR,ICBHI_130,1,ICBHI,AKGC417L,0.9978426581115474,3
ICBHI_130_1p4_AR_001,ICBHI_130_1p4_AR,ICBHI_130,1,ICBHI,AKGC417L,0.9959770900642708,3
ICBHI_130_1p4_AR_002,ICBHI_130_1p4_AR,ICBHI_130,1,ICBHI,AKGC417L,0.9983386093266648,3
ICBHI_130_1p4_AR_003,ICBHI_130_1p4_AR,ICBHI_130,1,ICBHI,AKGC417L,0.9909096166863416,3
ICBHI_130_1p4_AR_004,ICBHI_130_1p4_AR,ICBHI_130,1,ICBHI,AKGC417L,0.9913222832950108,3
ICBHI_130_1p4_AR_005,ICBHI_130_1p4_AR,ICBHI_130,1,ICBHI,AKGC417L,0.8097277575071378,3
ICBHI_130_1p4_AR_006,ICBHI_130_1p4_AR,ICBHI_130,1,ICBHI,AKGC417L,0.9448931005611606,3
ICBHI_130_1p4_LL_000,ICBHI_130_1p4_LL,ICBHI_130,1,ICBHI,AKGC417L,0.9985506015921836,3
ICBHI_130_1p4_LL_001,ICBHI_130_1p4_LL,ICBHI_130,1,ICBHI,AKGC417L,0.9990302480322174,3
ICBHI_130_1p4_LL_002,ICBHI_130_1p4_LL,ICBHI_130,1,ICBHI,AKGC417L,0.9975656179914948,3
ICBHI_130_1p4_LL_003,ICBHI_130_1p4_LL,ICBHI_130,1,ICBHI,AKGC417L,0.9987648321797216,3
ICBHI_130_1p4_LL_004,ICBHI_130_1p4_LL,ICBHI_130,1,ICBHI,AKGC417L,0.9975273768433652,3
ICBHI_130_1p4_LL_005,ICBHI_130_1p4_LL,ICBHI_130,1,ICBHI,AKGC417L,0.9660280028426234,3
ICBHI_130_1p4_LL_006,ICBHI_130_1p4_LL,ICBHI_130,1,ICBHI,AKGC417L,0.9891815513471368,3
ICBHI_130_1p4_LR_000,ICBHI_130_1p4_LR,ICBHI_130,1,ICBHI,AKGC417L,0.9929609544025984,3
ICBHI_130_1p4_LR_001,ICBHI_130_1p4_LR,ICBHI_130,1,ICBHI,AKGC417L,0.9981178140899236,3
ICBHI_130_1p4_LR_002,ICBHI_130_1p4_LR,ICBHI_130,1,ICBHI,AKGC417L,0.9978342328009971,3
ICBHI_130_1p4_LR_003,ICBHI_130_1p4_LR,ICBHI_130,1,ICBHI,AKGC417L,0.9973373872828826,3
ICBHI_130_1p4_LR_004,ICBHI_130_1p4_LR,ICBHI_130,1,ICBHI,AKGC417L,0.9981324340221068,3
ICBHI_130_1p4_LR_005,ICBHI_130_1p4_LR,ICBHI_130,1,ICBHI,AKGC417L,0.9960392124697902,3
ICBHI_130_1p4_LR_006,ICBHI_130_1p4_LR,ICBHI_130,1,ICBHI,AKGC417L,0.9943799635999728,3
ICBHI_130_1p4_PL_000,ICBHI_130_1p4_PL,ICBHI_130,1,ICBHI,AKGC417L,0.9931228923417692,3
ICBHI_130_1p4_PL_001,ICBHI_130_1p4_PL,ICBHI_130,1,ICBHI,AKGC417L,0.9988304897349444,3
ICBHI_130_1p4_PL_002,ICBHI_130_1p4_PL,ICBHI_130,1,ICBHI,AKGC417L,0.9993952897517442,3
ICBHI_130_1p4_PL_003,ICBHI_130_1p4_PL,ICBHI_130,1,ICBHI,AKGC417L,0.9978510507163746,3
ICBHI_130_1p4_PL_004,ICBHI_130_1p4_PL,ICBHI_130,1,ICBHI,AKGC417L,0.9919380084717284,3
ICBHI_130_1p4_PL_005,ICBHI_130_1p4_PL,ICBHI_130,1,ICBHI,AKGC417L,0.9963071469612744,3
ICBHI_130_1p4_PL_006,ICBHI_130_1p4_PL,ICBHI_130,1,ICBHI,AKGC417L,0.998364324670761,3
ICBHI_130_1p4_PR_000,ICBHI_130_1p4_PR,ICBHI_130,1,ICBHI,AKGC417L,0.979745309435261,3
ICBHI_130_1p4_PR_001,ICBHI_130_1p4_PR,ICBHI_130,1,ICBHI,AKGC417L,0.9949199630015224,3
ICBHI_130_1p4_PR_002,ICBHI_130_1p4_PR,ICBHI_130,1,ICBHI,AKGC417L,0.9948001198233036,3
ICBHI_130_1p4_PR_003,ICBHI_130_1p4_PR,ICBHI_130,1,ICBHI,AKGC417L,0.9945940999219732,3
ICBHI_130_1p4_PR_004,ICBHI_130_1p4_PR,ICBHI_130,1,ICBHI,AKGC417L,0.9945094367975008,3
ICBHI_130_1p4_PR_005,ICBHI_130_1p4_PR,ICBHI_130,1,ICBHI,AKGC417L,0.9939260655591138,3
ICBHI_130_1p4_PR_006,ICBHI_130_1p4_PR,ICBHI_130,1,ICBHI,AKGC417L,0.9948403768236574,3
ICBHI_130_1p4_TC_000,ICBHI_130_1p4_TC,ICBHI_130,1,ICBHI,AKGC417L,0.999018828118793,3
ICBHI_130_1p4_TC_001,ICBHI_130_1p4_TC,ICBHI_130,1,ICBHI,AKGC417L,0.997603269129871,3
ICBHI_130_1p4_TC_002,ICBHI_130_1p4_TC,ICBHI_130,1,ICBHI,AKGC417L,0.9965837211562298,3
ICBHI_130_1p4_TC_003,ICBHI_130_1p4_TC,ICBHI_130,1,ICBHI,AKGC417L,0.99507548962592,3
ICBHI_130_1p4_TC_004,ICBHI_130_1p4_TC,ICBHI_130,1,ICBHI,AKGC417L,0.9939024378074248,3
ICBHI_130_1p4_TC_005,ICBHI_130_1p4_TC,ICBHI_130,1,ICBHI,AKGC417L,0.995583444068856,3
ICBHI_130_1p4_TC_006,ICBHI_130_1p4_TC,ICBHI_130,1,ICBHI,AKGC417L,0.9973683260251156,3
ICBHI_130_2b2_AL_000,ICBHI_130_2b2_AL,ICBHI_130,1,ICBHI,AKGC417L,0.9943361347628212,3
ICBHI_130_2b2_AL_001,ICBHI_130_2b2_AL,ICBHI_130,1,ICBHI,AKGC417L,0.9908743626108194,3
ICBHI_130_2b2_AL_002,ICBHI_130_2b2_AL,ICBHI_130,1,ICBHI,AKGC417L,0.983342959990771,3
ICBHI_130_2b2_AL_003,ICBHI_130_2b2_AL,ICBHI_130,1,ICBHI,AKGC417L,0.9896718474806948,3
ICBHI_130_2b2_AL_004,ICBHI_130_2b2_AL,ICBHI_130,1,ICBHI,AKGC417L,0.9940659331606164,3
ICBHI_130_2b2_AL_005,ICBHI_130_2b2_AL,ICBHI_130,1,ICBHI,AKGC417L,0.9986382966250248,3
ICBHI_130_2b2_AL_006,ICBHI_130_2b2_AL,ICBHI_130,1,ICBHI,AKGC417L,0.9981897889737974,3
ICBHI_130_2b2_AR_000,ICBHI_130_2b2_AR,ICBHI_130,1,ICBHI,AKGC417L,0.9986801365375204,3
ICBHI_130_2b2_AR_001,ICBHI_130_2b2_AR,ICBHI_130,1,ICBHI,AKGC417L,0.9991135010723542,3
ICBHI_130_2b2_AR_002,ICBHI_130_2b2_AR,ICBHI_130,1,ICBHI,AKGC417L,0.9983124903809688,3
ICBHI_130_2b2_AR_003,ICBHI_130_2b2_AR,ICBHI_130,1,ICBHI,AKGC417L,0.9994847343156984,3
ICBHI_130_2b2_AR_004,ICBHI_130_2b2_AR,ICBHI_130,1,ICBHI,AKGC417L,0.9987696417179502,3
ICBHI_130_2b2_AR_005,ICBHI_130_2b2_AR,ICBHI_130,1,ICBHI,AKGC417L,0.9989391848195364,3
ICBHI_130_2b2_AR_006,ICBHI_130_2b2_AR,ICBHI_130,1,ICBHI,AKGC417L,0.9974688886906716,3
ICBHI_130_2b2_LL_000,ICBHI_130_2b2_LL,ICBHI_130,1,ICBHI,AKGC417L,0.7356416417389247,3
ICBHI_130_2b2_LL_001,ICBHI_130_2b2_LL,ICBHI_130,1,ICBHI,AKGC417L,0.3027001819340039,3
ICBHI_130_2b2_LL_002,ICBHI_130_2b2_LL,ICBHI_130,1,ICBHI,AKGC417L,0.4274564652805921,3
ICBHI_130_2b2_LL_003,ICBHI_130_2b2_LL,ICBHI_130,1,ICBHI,AKGC417L,0.0399373142069266,3
ICBHI_130_2b2_LL_004,ICBHI_130_2b2_LL,ICBHI_130,1,ICBHI,AKGC417L,0.0321614462901774,3
ICBHI_130_2b2_LL_005,ICBHI_130_2b2_LL,ICBHI_130,1,ICBHI,AKGC417L,0.7120319889542166,3
ICBHI_130_2b2_LL_006,ICBHI_130_2b2_LL,ICBHI_130,1,ICBHI,AKGC417L,0.3222059935949854,3
ICBHI_130_2b2_LR_000,ICBHI_130_2b2_LR,ICBHI_130,1,ICBHI,AKGC417L,0.999680001755926,3
ICBHI_130_2b2_LR_001,ICBHI_130_2b2_LR,ICBHI_130,1,ICBHI,AKGC417L,0.9945519319148104,3
ICBHI_130_2b2_LR_002,ICBHI_130_2b2_LR,ICBHI_130,1,ICBHI,AKGC417L,0.980129286039598,3
ICBHI_130_2b2_LR_003,ICBHI_130_2b2_LR,ICBHI_130,1,ICBHI,AKGC417L,0.9420819125605256,3
ICBHI_130_2b2_LR_004,ICBHI_130_2b2_LR,ICBHI_130,1,ICBHI,AKGC417L,0.9289263306198166,3
ICBHI_130_2b2_LR_005,ICBHI_130_2b2_LR,ICBHI_130,1,ICBHI,AKGC417L,0.9672868752253,3
ICBHI_130_2b2_LR_006,ICBHI_130_2b2_LR,ICBHI_130,1,ICBHI,AKGC417L,0.9793540692607816,3
ICBHI_130_2b2_PL_000,ICBHI_130_2b2_PL,ICBHI_130,1,ICBHI,AKGC417L,0.9917484014309144,3
ICBHI_130_2b2_PL_001,ICBHI_130_2b2_PL,ICBHI_130,1,ICBHI,AKGC417L,0.9971990730328788,3
ICBHI_130_2b2_PL_002,ICBHI_130_2b2_PL,ICBHI_130,1,ICBHI,AKGC417L,0.9984632729386814,3
ICBHI_130_2b2_PL_003,ICBHI_130_2b2_PL,ICBHI_130,1,ICBHI,AKGC417L,0.9978594107418892,3
ICBHI_130_2b2_PL_004,ICBHI_130_2b2_PL,ICBHI_130,1,ICBHI,AKGC417L,0.9983321176728251,3
ICBHI_130_2b2_PL_005,ICBHI_130_2b2_PL,ICBHI_130,1,ICBHI,AKGC417L,0.998798108681489,3
ICBHI_130_2b2_PL_006,ICBHI_130_2b2_PL,ICBHI_130,1,ICBHI,AKGC417L,0.9993999928206616,3
ICBHI_130_2b2_PR_000,ICBHI_130_2b2_PR,ICBHI_130,1,ICBHI,AKGC417L,0.9995044640524364,3
ICBHI_130_2b2_PR_001,ICBHI_130_2b2_PR,ICBHI_130,1,ICBHI,AKGC417L,0.9991340190143472,3
ICBHI_130_2b2_PR_002,ICBHI_130_2b2_PR,ICBHI_130,1,ICBHI,AKGC417L,0.9988664309949126,3
ICBHI_130_2b2_PR_003,ICBHI_130_2b2_PR,ICBHI_130,1,ICBHI,AKGC417L,0.9993662874917502,3
ICBHI_130_2b2_PR_004,ICBHI_130_2b2_PR,ICBHI_130,1,ICBHI,AKGC417L,0.9984632729386814,3
ICBHI_130_2b2_PR_005,ICBHI_130_2b2_PR,ICBHI_130,1,ICBHI,AKGC417L,0.9967775156759976,3
ICBHI_130_2b2_PR_006,ICBHI_130_2b2_PR,ICBHI_130,1,ICBHI,AKGC417L,0.9974983032597357,3
ICBHI_130_2b2_TC_000,ICBHI_130_2b2_TC,ICBHI_130,1,ICBHI,AKGC417L,0.9893062422638244,3
ICBHI_130_2b2_TC_001,ICBHI_130_2b2_TC,ICBHI_130,1,ICBHI,AKGC417L,0.9927391335017144,3
ICBHI_130_2b2_TC_002,ICBHI_130_2b2_TC,ICBHI_130,1,ICBHI,AKGC417L,0.9952262776092428,3
ICBHI_130_2b2_TC_003,ICBHI_130_2b2_TC,ICBHI_130,1,ICBHI,AKGC417L,0.9876162153627396,3
ICBHI_130_2b2_TC_004,ICBHI_130_2b2_TC,ICBHI_130,1,ICBHI,AKGC417L,0.9434518650712324,3
ICBHI_130_2b2_TC_005,ICBHI_130_2b2_TC,ICBHI_130,1,ICBHI,AKGC417L,0.943659904602972,3
ICBHI_130_2b2_TC_006,ICBHI_130_2b2_TC,ICBHI_130,1,ICBHI,AKGC417L,0.981840488289738,3
ICBHI_130_2b3_AL_000,ICBHI_130_2b3_AL,ICBHI_130,1,ICBHI,AKGC417L,0.7362109934421669,3
ICBHI_130_2b3_AL_001,ICBHI_130_2b3_AL,ICBHI_130,1,ICBHI,AKGC417L,0.1439080635077748,3
ICBHI_130_2b3_AL_002,ICBHI_130_2b3_AL,ICBHI_130,1,ICBHI,AKGC417L,0.9654463760327956,3
ICBHI_130_2b3_AL_003,ICBHI_130_2b3_AL,ICBHI_130,1,ICBHI,AKGC417L,0.633296876556777,3
ICBHI_130_2b3_AL_004,ICBHI_130_2b3_AL,ICBHI_130,1,ICBHI,AKGC417L,0.7318259004548959,3
ICBHI_130_2b3_AL_005,ICBHI_130_2b3_AL,ICBHI_130,1,ICBHI,AKGC417L,0.9974090206355708,3
ICBHI_130_2b3_AL_006,ICBHI_130_2b3_AL,ICBHI_130,1,ICBHI,AKGC417L,0.9898695883364156,3
ICBHI_130_2b3_AR_000,ICBHI_130_2b3_AR,ICBHI_130,1,ICBHI,AKGC417L,0.9993013243335144,3
ICBHI_130_2b3_AR_001,ICBHI_130_2b3_AR,ICBHI_130,1,ICBHI,AKGC417L,0.9975465717403024,3
ICBHI_130_2b3_AR_002,ICBHI_130_2b3_AR,ICBHI_130,1,ICBHI,AKGC417L,0.9990489868953062,3
ICBHI_130_2b3_AR_003,ICBHI_130_2b3_AR,ICBHI_130,1,ICBHI,AKGC417L,0.9986060497733246,3
ICBHI_130_2b3_AR_004,ICBHI_130_2b3_AR,ICBHI_130,1,ICBHI,AKGC417L,0.998231648313891,3
ICBHI_130_2b3_AR_005,ICBHI_130_2b3_AR,ICBHI_130,1,ICBHI,AKGC417L,0.9964203573960624,3
ICBHI_130_2b3_AR_006,ICBHI_130_2b3_AR,ICBHI_130,1,ICBHI,AKGC417L,0.9928785712542648,3
ICBHI_130_2b3_LL_000,ICBHI_130_2b3_LL,ICBHI_130,1,ICBHI,AKGC417L,0.9329437130748804,3
ICBHI_130_2b3_LL_001,ICBHI_130_2b3_LL,ICBHI_130,1,ICBHI,AKGC417L,0.982151261550011,3
ICBHI_130_2b3_LL_002,ICBHI_130_2b3_LL,ICBHI_130,1,ICBHI,AKGC417L,0.9978342328009971,3
ICBHI_130_2b3_LL_003,ICBHI_130_2b3_LL,ICBHI_130,1,ICBHI,AKGC417L,0.9993461844496442,3
ICBHI_130_2b3_LL_004,ICBHI_130_2b3_LL,ICBHI_130,1,ICBHI,AKGC417L,0.995668497979436,3
ICBHI_130_2b3_LL_005,ICBHI_130_2b3_LL,ICBHI_130,1,ICBHI,AKGC417L,0.9986060497733246,3
ICBHI_130_2b3_LL_006,ICBHI_130_2b3_LL,ICBHI_130,1,ICBHI,AKGC417L,0.9963071469612744,3
ICBHI_130_2b3_LR_000,ICBHI_130_2b3_LR,ICBHI_130,1,ICBHI,AKGC417L,0.995784840378813,3
ICBHI_130_2b3_LR_001,ICBHI_130_2b3_LR,ICBHI_130,1,ICBHI,AKGC417L,0.9540517926508258,3
ICBHI_130_2b3_LR_002,ICBHI_130_2b3_LR,ICBHI_130,1,ICBHI,AKGC417L,0.5767803758239607,3
ICBHI_130_2b3_LR_003,ICBHI_130_2b3_LR,ICBHI_130,1,ICBHI,AKGC417L,0.5908972460868847,3
ICBHI_130_2b3_LR_004,ICBHI_130_2b3_LR,ICBHI_130,1,ICBHI,AKGC417L,0.992767236196521,3
ICBHI_130_2b3_LR_005,ICBHI_130_2b3_LR,ICBHI_130,1,ICBHI,AKGC417L,0.9990072738567558,3
ICBHI_130_2b3_LR_006,ICBHI_130_2b3_LR,ICBHI_130,1,ICBHI,AKGC417L,0.993734466224161,3
ICBHI_130_2b3_PL_000,ICBHI_130_2b3_PL,ICBHI_130,1,ICBHI,AKGC417L,0.9982590163352772,3
ICBHI_130_2b3_PL_001,ICBHI_130_2b3_PL,ICBHI_130,1,ICBHI,AKGC417L,0.9985278104907204,3
ICBHI_130_2b3_PL_002,ICBHI_130_2b3_PL,ICBHI_130,1,ICBHI,AKGC417L,0.9976858736703106,3
ICBHI_130_2b3_PL_003,ICBHI_130_2b3_PL,ICBHI_130,1,ICBHI,AKGC417L,0.9966233876182606,3
ICBHI_130_2b3_PL_004,ICBHI_130_2b3_PL,ICBHI_130,1,ICBHI,AKGC417L,0.9983770329385312,3
ICBHI_130_2b3_PL_005,ICBHI_130_2b3_PL,ICBHI_130,1,ICBHI,AKGC417L,0.9987839583952408,3
ICBHI_130_2b3_PL_006,ICBHI_130_2b3_PL,ICBHI_130,1,ICBHI,AKGC417L,0.9987839583952408,3
ICBHI_130_2b3_PR_000,ICBHI_130_2b3_PR,ICBHI_130,1,ICBHI,AKGC417L,0.9991896126509426,3
ICBHI_130_2b3_PR_001,ICBHI_130_2b3_PR,ICBHI_130,1,ICBHI,AKGC417L,0.9976125907901376,3
ICBHI_130_2b3_PR_002,ICBHI_130_2b3_PR,ICBHI_130,1,ICBHI,AKGC417L,0.997748152720497,3
ICBHI_130_2b3_PR_003,ICBHI_130_2b3_PR,ICBHI_130,1,ICBHI,AKGC417L,0.99861147672431,3
ICBHI_130_2b3_PR_004,ICBHI_130_2b3_PR,ICBHI_130,1,ICBHI,AKGC417L,0.9991540624724046,3
ICBHI_130_2b3_PR_005,ICBHI_130_2b3_PR,ICBHI_130,1,ICBHI,AKGC417L,0.9987206925171654,3
ICBHI_130_2b3_PR_006,ICBHI_130_2b3_PR,ICBHI_130,1,ICBHI,AKGC417L,0.995801204728528,3
ICBHI_130_2b3_TC_000,ICBHI_130_2b3_TC,ICBHI_130,1,ICBHI,AKGC417L,0.9951890169673988,3
ICBHI_130_2b3_TC_001,ICBHI_130_2b3_TC,ICBHI_130,1,ICBHI,AKGC417L,0.9935618974445168,3
ICBHI_130_2b3_TC_002,ICBHI_130_2b3_TC,ICBHI_130,1,ICBHI,AKGC417L,0.9971104189822264,3
ICBHI_130_2b3_TC_003,ICBHI_130_2b3_TC,ICBHI_130,1,ICBHI,AKGC417L,0.9973580531566688,3
ICBHI_130_2b3_TC_004,ICBHI_130_2b3_TC,ICBHI_130,1,ICBHI,AKGC417L,0.998798108681489,3
ICBHI_130_2b3_TC_005,ICBHI_130_2b3_TC,ICBHI_130,1,ICBHI,AKGC417L,0.994615062038222,3
ICBHI_130_2b3_TC_006,ICBHI_130_2b3_TC,ICBHI_130,1,ICBHI,AKGC417L,0.9906237625491514,3
ICBHI_130_2b4_AL_000,ICBHI_130_2b4_AL,ICBHI_130,1,ICBHI,AKGC417L,0.9836598719063984,3
ICBHI_130_2b4_AL_001,ICBHI_130_2b4_AL,ICBHI_130,1,ICBHI,AKGC417L,0.8663588093010424,3
ICBHI_130_2b4_AL_002,ICBHI_130_2b4_AL,ICBHI_130,1,ICBHI,AKGC417L,0.5700920106599905,3
ICBHI_130_2b4_AL_003,ICBHI_130_2b4_AL,ICBHI_130,1,ICBHI,AKGC417L,0.8727817323315137,3
ICBHI_130_2b4_AL_004,ICBHI_130_2b4_AL,ICBHI_130,1,ICBHI,AKGC417L,0.9702399060540357,3
ICBHI_130_2b4_AL_005,ICBHI_130_2b4_AL,ICBHI_130,1,ICBHI,AKGC417L,0.9878528299001949,3
ICBHI_130_2b4_AL_006,ICBHI_130_2b4_AL,ICBHI_130,1,ICBHI,AKGC417L,0.990291523518526,3
ICBHI_130_2b4_AR_000,ICBHI_130_2b4_AR,ICBHI_130,1,ICBHI,AKGC417L,0.9959614084284945,3
ICBHI_130_2b4_AR_001,ICBHI_130_2b4_AR,ICBHI_130,1,ICBHI,AKGC417L,0.992710922416408,3
ICBHI_130_2b4_AR_002,ICBHI_130_2b4_AR,ICBHI_130,1,ICBHI,AKGC417L,0.992710922416408,3
ICBHI_130_2b4_AR_003,ICBHI_130_2b4_AR,ICBHI_130,1,ICBHI,AKGC417L,0.996378314521325,3
ICBHI_130_2b4_AR_004,ICBHI_130_2b4_AR,ICBHI_130,1,ICBHI,AKGC417L,0.9953724699521328,3
ICBHI_130_2b4_AR_005,ICBHI_130_2b4_AR,ICBHI_130,1,ICBHI,AKGC417L,0.990838973077906,3
ICBHI_130_2b4_AR_006,ICBHI_130_2b4_AR,ICBHI_130,1,ICBHI,AKGC417L,0.9981827168835504,3
ICBHI_130_2b4_LL_000,ICBHI_130_2b4_LL,ICBHI_130,1,ICBHI,AKGC417L,0.279926903674316,3
ICBHI_130_2b4_LL_001,ICBHI_130_2b4_LL,ICBHI_130,1,ICBHI,AKGC417L,0.1151622287314366,3
ICBHI_130_2b4_LL_002,ICBHI_130_2b4_LL,ICBHI_130,1,ICBHI,AKGC417L,0.9967396538967972,3
ICBHI_130_2b4_LL_003,ICBHI_130_2b4_LL,ICBHI_130,1,ICBHI,AKGC417L,0.9890130573694068,3
ICBHI_130_2b4_LL_004,ICBHI_130_2b4_LL,ICBHI_130,1,ICBHI,AKGC417L,0.957675408618915,3
ICBHI_130_2b4_LL_005,ICBHI_130_2b4_LL,ICBHI_130,1,ICBHI,AKGC417L,0.9881766051636294,3
ICBHI_130_2b4_LL_006,ICBHI_130_2b4_LL,ICBHI_130,1,ICBHI,AKGC417L,0.996234586215326,3
ICBHI_130_2b4_LR_000,ICBHI_130_2b4_LR,ICBHI_130,1,ICBHI,AKGC417L,0.9082930373547222,3
ICBHI_130_2b4_LR_001,ICBHI_130_2b4_LR,ICBHI_130,1,ICBHI,AKGC417L,0.990291523518526,3
ICBHI_130_2b4_LR_002,ICBHI_130_2b4_LR,ICBHI_130,1,ICBHI,AKGC417L,0.998798108681489,3
ICBHI_130_2b4_LR_003,ICBHI_130_2b4_LR,ICBHI_130,1,ICBHI,AKGC417L,0.9960392124697902,3
ICBHI_130_2b4_LR_004,ICBHI_130_2b4_LR,ICBHI_130,1,ICBHI,AKGC417L,0.9948403768236574,3
ICBHI_130_2b4_LR_005,ICBHI_130_2b4_LR,ICBHI_130,1,ICBHI,AKGC417L,0.9892648373909092,3
ICBHI_130_2b4_LR_006,ICBHI_130_2b4_LR,ICBHI_130,1,ICBHI,AKGC417L,0.9852713861502774,3
ICBHI_130_2b4_PL_000,ICBHI_130_2b4_PL,ICBHI_130,1,ICBHI,AKGC417L,0.9980657388967296,3
ICBHI_130_2b4_PL_001,ICBHI_130_2b4_PL,ICBHI_130,1,ICBHI,AKGC417L,0.9985618646789076,3
ICBHI_130_2b4_PL_002,ICBHI_130_2b4_PL,ICBHI_130,1,ICBHI,AKGC417L,0.99635001296879,3
ICBHI_130_2b4_PL_003,ICBHI_130_2b4_PL,ICBHI_130,1,ICBHI,AKGC417L,0.9944234551774076,3
ICBHI_130_2b4_PL_004,ICBHI_130_2b4_PL,ICBHI_130,1,ICBHI,AKGC417L,0.9976768374773688,3
ICBHI_130_2b4_PL_005,ICBHI_130_2b4_PL,ICBHI_130,1,ICBHI,AKGC417L,0.9987502906077916,3
ICBHI_130_2b4_PL_006,ICBHI_130_2b4_PL,ICBHI_130,1,ICBHI,AKGC417L,0.996378314521325,3
ICBHI_130_2p3_PL_000,ICBHI_130_2p3_PL,ICBHI_130,1,ICBHI,AKGC417L,0.9992386741581052,3
ICBHI_130_2p3_PL_001,ICBHI_130_2p3_PL,ICBHI_130,1,ICBHI,AKGC417L,0.9986006016411856,3
ICBHI_130_2p3_PL_002,ICBHI_130_2p3_PL,ICBHI_130,1,ICBHI,AKGC417L,0.9976125907901376,3
ICBHI_130_2p3_PL_003,ICBHI_130_2p3_PL,ICBHI_130,1,ICBHI,AKGC417L,0.9965301092676848,3
ICBHI_130_2p3_PL_004,ICBHI_130_2p3_PL,ICBHI_130,1,ICBHI,AKGC417L,0.9973373872828826,3
ICBHI_130_2p3_PL_005,ICBHI_130_2p3_PL,ICBHI_130,1,ICBHI,AKGC417L,0.9986006016411856,3
ICBHI_130_2p3_PL_006,ICBHI_130_2p3_PL,ICBHI_130,1,ICBHI,AKGC417L,0.9990302480322174,3
ICBHI_130_2p5_AL_000,ICBHI_130_2p5_AL,ICBHI_130,1,ICBHI,AKGC417L,0.9405717789263596,3
ICBHI_130_2p5_AL_001,ICBHI_130_2p5_AL,ICBHI_130,1,ICBHI,AKGC417L,0.9600626857930734,3
ICBHI_130_2p5_AL_002,ICBHI_130_2p5_AL,ICBHI_130,1,ICBHI,AKGC417L,0.9248235972391684,3
ICBHI_130_2p5_AL_003,ICBHI_130_2p5_AL,ICBHI_130,1,ICBHI,AKGC417L,0.9660920419951724,3
ICBHI_130_2p5_AL_004,ICBHI_130_2p5_AL,ICBHI_130,1,ICBHI,AKGC417L,0.9237300338193294,3
ICBHI_130_2p5_AL_005,ICBHI_130_2p5_AL,ICBHI_130,1,ICBHI,AKGC417L,0.8369547432098816,3
ICBHI_130_2p5_AL_006,ICBHI_130_2p5_AL,ICBHI_130,1,ICBHI,AKGC417L,0.9490118544722848,3
ICBHI_130_2p5_AR_000,ICBHI_130_2p5_AR,ICBHI_130,1,ICBHI,AKGC417L,0.9848692716928064,3
ICBHI_130_2p5_AR_001,ICBHI_130_2p5_AR,ICBHI_130,1,ICBHI,AKGC417L,0.9777987710969442,3
ICBHI_130_2p5_AR_002,ICBHI_130_2p5_AR,ICBHI_130,1,ICBHI,AKGC417L,0.994180040415741,3
ICBHI_130_2p5_AR_003,ICBHI_130_2p5_AR,ICBHI_130,1,ICBHI,AKGC417L,0.9966495765851902,3
ICBHI_130_2p5_AR_004,ICBHI_130_2p5_AR,ICBHI_130,1,ICBHI,AKGC417L,0.9805061282729682,3
ICBHI_130_2p5_AR_005,ICBHI_130_2p5_AR,ICBHI_130,1,ICBHI,AKGC417L,0.9139841186828944,3
ICBHI_130_2p5_AR_006,ICBHI_130_2p5_AR,ICBHI_130,1,ICBHI,AKGC417L,0.9170058516477309,3
ICBHI_130_2p5_LR_000,ICBHI_130_2p5_LR,ICBHI_130,1,ICBHI,AKGC417L,0.9976311257447728,3
ICBHI_130_2p5_LR_001,ICBHI_130_2p5_LR,ICBHI_130,1,ICBHI,AKGC417L,0.994698105130598,3
ICBHI_130_2p5_LR_002,ICBHI_130_2p5_LR,ICBHI_130,1,ICBHI,AKGC417L,0.9969484898370652,3
ICBHI_130_2p5_LR_003,ICBHI_130_2p5_LR,ICBHI_130,1,ICBHI,AKGC417L,0.9958660319095476,3
ICBHI_130_2p5_LR_004,ICBHI_130_2p5_LR,ICBHI_130,1,ICBHI,AKGC417L,0.9936610782629056,3
ICBHI_130_2p5_LR_005,ICBHI_130_2p5_LR,ICBHI_130,1,ICBHI,AKGC417L,0.9946567440438504,3
ICBHI_130_2p5_LR_006,ICBHI_130_2p5_LR,ICBHI_130,1,ICBHI,AKGC417L,0.9954083163222202,3
ICBHI_130_2p5_PL_000,ICBHI_130_2p5_PL,ICBHI_130,1,ICBHI,AKGC417L,0.99894331617583,3
ICBHI_130_2p5_PL_001,ICBHI_130_2p5_PL,ICBHI_130,1,ICBHI,AKGC417L,0.9971550903350206,3
ICBHI_130_2p5_PL_002,ICBHI_130_2p5_PL,ICBHI_130,1,ICBHI,AKGC417L,0.9731898041004328,3
ICBHI_130_2p5_PL_003,ICBHI_130_2p5_PL,ICBHI_130,1,ICBHI,AKGC417L,0.9976311257447728,3
ICBHI_130_2p5_PL_004,ICBHI_130_2p5_PL,ICBHI_130,1,ICBHI,AKGC417L,0.995634673888606,3
ICBHI_130_2p5_PL_005,ICBHI_130_2p5_PL,ICBHI_130,1,ICBHI,AKGC417L,0.990838973077906,3
ICBHI_130_2p5_PL_006,ICBHI_130_2p5_PL,ICBHI_130,1,ICBHI,AKGC417L,0.9971439874741472,3
ICBHI_130_2p5_PR_000,ICBHI_130_2p5_PR,ICBHI_130,1,ICBHI,AKGC417L,0.9993094585307,3
ICBHI_130_2p5_PR_001,ICBHI_130_2p5_PR,ICBHI_130,1,ICBHI,AKGC417L,0.9958820823560408,3
ICBHI_130_2p5_PR_002,ICBHI_130_2p5_PR,ICBHI_130,1,ICBHI,AKGC417L,0.9938070098421448,3
ICBHI_130_2p5_PR_003,ICBHI_130_2p5_PR,ICBHI_130,1,ICBHI,AKGC417L,0.998959681497187,3
ICBHI_130_2p5_PR_004,ICBHI_130_2p5_PR,ICBHI_130,1,ICBHI,AKGC417L,0.9995810515958958,3
ICBHI_130_2p5_PR_005,ICBHI_130_2p5_PR,ICBHI_130,1,ICBHI,AKGC417L,0.9920927084953716,3
ICBHI_130_2p5_PR_006,ICBHI_130_2p5_PR,ICBHI_130,1,ICBHI,AKGC417L,0.9972208094414864,3
ICBHI_130_2p5_TC_000,ICBHI_130_2p5_TC,ICBHI_130,1,ICBHI,AKGC417L,0.999627362312338,3
ICBHI_130_2p5_TC_001,ICBHI_130_2p5_TC,ICBHI_130,1,ICBHI,AKGC417L,0.9997468436278488,3
ICBHI_130_2p5_TC_002,ICBHI_130_2p5_TC,ICBHI_130,1,ICBHI,AKGC417L,0.9996229714333048,3
ICBHI_130_2p5_TC_003,ICBHI_130_2p5_TC,ICBHI_130,1,ICBHI,AKGC417L,0.9996288145497544,3
ICBHI_130_2p5_TC_004,ICBHI_130_2p5_TC,ICBHI_130,1,ICBHI,AKGC417L,0.9997305208444413,3
ICBHI_130_2p5_TC_005,ICBHI_130_2p5_TC,ICBHI_130,1,ICBHI,AKGC417L,0.9997748317581436,3
ICBHI_130_2p5_TC_006,ICBHI_130_2p5_TC,ICBHI_130,1,ICBHI,AKGC417L,0.9997851407471986,3
ICBHI_130_3b3_LL_000,ICBHI_130_3b3_LL,ICBHI_130,1,ICBHI,AKGC417L,0.996764944030931,3
ICBHI_130_3b3_LL_001,ICBHI_130_3b3_LL,ICBHI_130,1,ICBHI,AKGC417L,0.9971550903350206,3
ICBHI_130_3b3_LL_002,ICBHI_130_3b3_LL,ICBHI_130,1,ICBHI,AKGC417L,0.9973060857980208,3
ICBHI_130_3b3_LL_003,ICBHI_130_3b3_LL,ICBHI_130,1,ICBHI,AKGC417L,0.9981613347123114,3
ICBHI_130_3b3_LL_004,ICBHI_130_3b3_LL,ICBHI_130,1,ICBHI,AKGC417L,0.9980581831133134,3
ICBHI_130_3b3_LL_005,ICBHI_130_3b3_LL,ICBHI_130,1,ICBHI,AKGC417L,0.9991573576912436,3
ICBHI_130_3b3_LL_006,ICBHI_130_3b3_LL,ICBHI_130,1,ICBHI,AKGC417L,0.996764944030931,3
ICBHI_130_3b4_AL_000,ICBHI_130_3b4_AL,ICBHI_130,1,ICBHI,AKGC417L,0.9981178140899236,3
ICBHI_130_3b4_AL_001,ICBHI_130_3b4_AL,ICBHI_130,1,ICBHI,AKGC417L,0.9986903943451748,3
ICBHI_130_3b4_AL_002,ICBHI_130_3b4_AL,ICBHI_130,1,ICBHI,AKGC417L,0.9993976458735048,3
ICBHI_130_3b4_AL_003,ICBHI_130_3b4_AL,ICBHI_130,1,ICBHI,AKGC417L,0.9861513897844354,3
ICBHI_130_3b4_AL_004,ICBHI_130_3b4_AL,ICBHI_130,1,ICBHI,AKGC417L,0.994998327750071,3
ICBHI_130_3b4_AL_005,ICBHI_130_3b4_AL,ICBHI_130,1,ICBHI,AKGC417L,0.9975939111608828,3
ICBHI_130_3b4_AL_006,ICBHI_130_3b4_AL,ICBHI_130,1,ICBHI,AKGC417L,0.9977743291458848,3
ICBHI_130_3b4_AR_000,ICBHI_130_3b4_AR,ICBHI_130,1,ICBHI,AKGC417L,0.998522057019784,3
ICBHI_130_3b4_AR_001,ICBHI_130_3b4_AR,ICBHI_130,1,ICBHI,AKGC417L,0.998930873638171,3
ICBHI_130_3b4_AR_002,ICBHI_130_3b4_AR,ICBHI_130,1,ICBHI,AKGC417L,0.9990709966240232,3
ICBHI_130_3b4_AR_003,ICBHI_130_3b4_AR,ICBHI_130,1,ICBHI,AKGC417L,0.9962199045112876,3
ICBHI_130_3b4_AR_004,ICBHI_130_3b4_AR,ICBHI_130,1,ICBHI,AKGC417L,0.9908743626108194,3
ICBHI_130_3b4_AR_005,ICBHI_130_3b4_AR,ICBHI_130,1,ICBHI,AKGC417L,0.998983755958932,3
ICBHI_130_3b4_AR_006,ICBHI_130_3b4_AR,ICBHI_130,1,ICBHI,AKGC417L,0.9981397014271044,3
ICBHI_130_3b4_LR_000,ICBHI_130_3b4_LR,ICBHI_130,1,ICBHI,AKGC417L,0.9995252957440848,3
ICBHI_130_3b4_LR_001,ICBHI_130_3b4_LR,ICBHI_130,1,ICBHI,AKGC417L,0.9992236700085756,3
ICBHI_130_3b4_LR_002,ICBHI_130_3b4_LR,ICBHI_130,1,ICBHI,AKGC417L,0.9982590163352772,3
ICBHI_130_3b4_LR_003,ICBHI_130_3b4_LR,ICBHI_130,1,ICBHI,AKGC417L,0.9984572676379068,3
ICBHI_130_3b4_LR_004,ICBHI_130_3b4_LR,ICBHI_130,1,ICBHI,AKGC417L,0.999624440776353,3
ICBHI_130_3b4_LR_005,ICBHI_130_3b4_LR,ICBHI_130,1,ICBHI,AKGC417L,0.9996140339094192,3
ICBHI_130_3b4_LR_006,ICBHI_130_3b4_LR,ICBHI_130,1,ICBHI,AKGC417L,0.9996485617367192,3
ICBHI_130_3b4_PL_000,ICBHI_130_3b4_PL,ICBHI_130,1,ICBHI,AKGC417L,0.9990340250847796,3
ICBHI_130_3b4_PL_001,ICBHI_130_3b4_PL,ICBHI_130,1,ICBHI,AKGC417L,0.9995452520967412,3
ICBHI_130_3b4_PL_002,ICBHI_130_3b4_PL,ICBHI_130,1,ICBHI,AKGC417L,0.9985449370614672,3
ICBHI_130_3b4_PL_003,ICBHI_130_3b4_PL,ICBHI_130,1,ICBHI,AKGC417L,0.99832560069629,3
ICBHI_130_3b4_PL_004,ICBHI_130_3b4_PL,ICBHI_130,1,ICBHI,AKGC417L,0.9990782195215828,3
ICBHI_130_3b4_PL_005,ICBHI_130_3b4_PL,ICBHI_130,1,ICBHI,AKGC417L,0.999595518502158,3
ICBHI_130_3b4_PL_006,ICBHI_130_3b4_PL,ICBHI_130,1,ICBHI,AKGC417L,0.99894331617583,3
ICBHI_130_3b4_PR_000,ICBHI_130_3b4_PR,ICBHI_130,1,ICBHI,AKGC417L,0.983342959990771,3
ICBHI_130_3b4_PR_001,ICBHI_130_3b4_PR,ICBHI_130,1,ICBHI,AKGC417L,0.9830850867332734,3
ICBHI_130_3b4_PR_002,ICBHI_130_3b4_PR,ICBHI_130,1,ICBHI,AKGC417L,0.9967775156759976,3
ICBHI_130_3b4_PR_003,ICBHI_130_3b4_PR,ICBHI_130,1,ICBHI,AKGC417L,0.5208314402499647,3
ICBHI_130_3b4_PR_004,ICBHI_130_3b4_PR,ICBHI_130,1,ICBHI,AKGC417L,0.6349961275385564,3
ICBHI_130_3b4_PR_005,ICBHI_130_3b4_PR,ICBHI_130,1,ICBHI,AKGC417L,0.9599126416289347,3
ICBHI_130_3b4_PR_006,ICBHI_130_3b4_PR,ICBHI_130,1,ICBHI,AKGC417L,0.609872745921428,3
ICBHI_130_3p2_AL_000,ICBHI_130_3p2_AL,ICBHI_130,1,ICBHI,AKGC417L,0.9997131459176124,3
ICBHI_130_3p2_AL_001,ICBHI_130_3p2_AL,ICBHI_130,1,ICBHI,AKGC417L,0.9995907525535066,3
ICBHI_130_3p2_AL_002,ICBHI_130_3p2_AL,ICBHI_130,1,ICBHI,AKGC417L,0.9995140439276148,3
ICBHI_130_3p2_AL_003,ICBHI_130_3p2_AL,ICBHI_130,1,ICBHI,AKGC417L,0.9995970947907232,3
ICBHI_130_3p2_AL_004,ICBHI_130_3p2_AL,ICBHI_130,1,ICBHI,AKGC417L,0.9991306326071938,3
ICBHI_130_3p2_AL_005,ICBHI_130_3p2_AL,ICBHI_130,1,ICBHI,AKGC417L,0.9996874121901304,3
ICBHI_130_3p2_AL_006,ICBHI_130_3p2_AL,ICBHI_130,1,ICBHI,AKGC417L,0.9993148286850494,3
ICBHI_130_3p2_AR_000,ICBHI_130_3p2_AR,ICBHI_130,1,ICBHI,AKGC417L,0.9956853120436374,3
ICBHI_130_3p2_AR_001,ICBHI_130_3p2_AR,ICBHI_130,1,ICBHI,AKGC417L,0.9893062422638244,3
ICBHI_130_3p2_AR_002,ICBHI_130_3p2_AR,ICBHI_130,1,ICBHI,AKGC417L,0.9964756590195628,3
ICBHI_130_3p2_AR_003,ICBHI_130_3p2_AR,ICBHI_130,1,ICBHI,AKGC417L,0.998896973358602,3
ICBHI_130_3p2_AR_004,ICBHI_130_3p2_AR,ICBHI_130,1,ICBHI,AKGC417L,0.9968396471849288,3
ICBHI_130_3p2_AR_005,ICBHI_130_3p2_AR,ICBHI_130,1,ICBHI,AKGC417L,0.9990995533161092,3
ICBHI_130_3p2_AR_006,ICBHI_130_3p2_AR,ICBHI_130,1,ICBHI,AKGC417L,0.9997546305194572,3
ICBHI_130_3p2_PL_000,ICBHI_130_3p2_PL,ICBHI_130,1,ICBHI,AKGC417L,0.997694874797206,3
ICBHI_130_3p2_PL_001,ICBHI_130_3p2_PL,ICBHI_130,1,ICBHI,AKGC417L,0.9983058968441496,3
ICBHI_130_3p2_PL_002,ICBHI_130_3p2_PL,ICBHI_130,1,ICBHI,AKGC417L,0.9992763427354946,3
ICBHI_130_3p2_PL_003,ICBHI_130_3p2_PL,ICBHI_130,1,ICBHI,AKGC417L,0.9992266942918758,3
ICBHI_130_3p2_PL_004,ICBHI_130_3p2_PL,ICBHI_130,1,ICBHI,AKGC417L,0.9990302480322174,3
ICBHI_130_3p2_PL_005,ICBHI_130_3p2_PL,ICBHI_130,1,ICBHI,AKGC417L,0.9989055477854436,3
ICBHI_130_3p2_PL_006,ICBHI_130_3p2_PL,ICBHI_130,1,ICBHI,AKGC417L,0.998715691879866,3
ICBHI_130_3p2_PR_000,ICBHI_130_3p2_PR,ICBHI_130,1,ICBHI,AKGC417L,0.9997712866852788,3
ICBHI_130_3p2_PR_001,ICBHI_130_3p2_PR,ICBHI_130,1,ICBHI,AKGC417L,0.9997153775984248,3
ICBHI_130_3p2_PR_002,ICBHI_130_3p2_PR,ICBHI_130,1,ICBHI,AKGC417L,0.9996724157021404,3
ICBHI_130_3p2_PR_003,ICBHI_130_3p2_PR,ICBHI_130,1,ICBHI,AKGC417L,0.9997712866852788,3
ICBHI_130_3p2_PR_004,ICBHI_130_3p2_PR,ICBHI_130,1,ICBHI,AKGC417L,0.9998676181344024,3
ICBHI_130_3p2_PR_005,ICBHI_130_3p2_PR,ICBHI_130,1,ICBHI,AKGC417L,0.9997901169117968,3
ICBHI_130_3p2_PR_006,ICBHI_130_3p2_PR,ICBHI_130,1,ICBHI,AKGC417L,0.9996002289704816,3
ICBHI_130_3p2_TC_000,ICBHI_130_3p2_TC,ICBHI_130,1,ICBHI,AKGC417L,0.9998043646624728,3
ICBHI_130_3p2_TC_001,ICBHI_130_3p2_TC,ICBHI_130,1,ICBHI,AKGC417L,0.9998378071836282,3
ICBHI_130_3p2_TC_002,ICBHI_130_3p2_TC,ICBHI_130,1,ICBHI,AKGC417L,0.999819064230106,3
ICBHI_130_3p2_TC_003,ICBHI_130_3p2_TC,ICBHI_130,1,ICBHI,AKGC417L,0.9997817579447292,3
ICBHI_130_3p2_TC_004,ICBHI_130_3p2_TC,ICBHI_130,1,ICBHI,AKGC417L,0.9998313472460107,3
ICBHI_130_3p2_TC_005,ICBHI_130_3p2_TC,ICBHI_130,1,ICBHI,AKGC417L,0.9996140339094192,3
ICBHI_130_3p2_TC_006,ICBHI_130_3p2_TC,ICBHI_130,1,ICBHI,AKGC417L,0.9997346976231016,3
ICBHI_130_3p3_AL_000,ICBHI_130_3p3_AL,ICBHI_130,1,ICBHI,AKGC417L,0.9989055477854436,3
ICBHI_130_3p3_AL_001,ICBHI_130_3p3_AL,ICBHI_130,1,ICBHI,AKGC417L,0.9971550903350206,3
ICBHI_130_3p3_AL_002,ICBHI_130_3p3_AL,ICBHI_130,1,ICBHI,AKGC417L,0.9985618646789076,3
ICBHI_130_3p3_AL_003,ICBHI_130_3p3_AL,ICBHI_130,1,ICBHI,AKGC417L,0.9994450590492856,3
ICBHI_130_3p3_AL_004,ICBHI_130_3p3_AL,ICBHI_130,1,ICBHI,AKGC417L,0.999532651911922,3
ICBHI_130_3p3_AL_005,ICBHI_130_3p3_AL,ICBHI_130,1,ICBHI,AKGC417L,0.9994341200134584,3
ICBHI_130_3p3_AL_006,ICBHI_130_3p3_AL,ICBHI_130,1,ICBHI,AKGC417L,0.9985506015921836,3
ICBHI_130_3p3_PL_000,ICBHI_130_3p3_PL,ICBHI_130,1,ICBHI,AKGC417L,0.9975845167424336,3
ICBHI_130_3p3_PL_001,ICBHI_130_3p3_PL,ICBHI_130,1,ICBHI,AKGC417L,0.999406978970643,3
ICBHI_130_3p3_PL_002,ICBHI_130_3p3_PL,ICBHI_130,1,ICBHI,AKGC417L,0.9989266936870904,3
ICBHI_130_3p3_PL_003,ICBHI_130_3p3_PL,ICBHI_130,1,ICBHI,AKGC417L,0.9971990730328788,3
ICBHI_130_3p3_PL_004,ICBHI_130_3p3_PL,ICBHI_130,1,ICBHI,AKGC417L,0.9986852754323852,3
ICBHI_130_3p3_PL_005,ICBHI_130_3p3_PL,ICBHI_130,1,ICBHI,AKGC417L,0.9989182847472744,3
ICBHI_130_3p3_PL_006,ICBHI_130_3p3_PL,ICBHI_130,1,ICBHI,AKGC417L,0.9987056319645456,3
ICBHI_130_3p3_PR_000,ICBHI_130_3p3_PR,ICBHI_130,1,ICBHI,AKGC417L,0.9997448586044048,3
ICBHI_130_3p3_PR_001,ICBHI_130_3p3_PR,ICBHI_130,1,ICBHI,AKGC417L,0.9996874121901304,3
ICBHI_130_3p3_PR_002,ICBHI_130_3p3_PR,ICBHI_130,1,ICBHI,AKGC417L,0.9997834559501048,3
ICBHI_130_3p3_PR_003,ICBHI_130_3p3_PR,ICBHI_130,1,ICBHI,AKGC417L,0.9997367616790968,3
ICBHI_130_3p3_PR_004,ICBHI_130_3p3_PR,ICBHI_130,1,ICBHI,AKGC417L,0.9995660674829808,3
ICBHI_130_3p3_PR_005,ICBHI_130_3p3_PR,ICBHI_130,1,ICBHI,AKGC417L,0.9998147742567348,3
ICBHI_130_3p3_PR_006,ICBHI_130_3p3_PR,ICBHI_130,1,ICBHI,AKGC417L,0.999680001755926,3
ICBHI_130_3p3_TC_000,ICBHI_130_3p3_TC,ICBHI_130,1,ICBHI,AKGC417L,0.9998403213486516,3
ICBHI_130_3p3_TC_001,ICBHI_130_3p3_TC,ICBHI_130,1,ICBHI,AKGC417L,0.9997917498948076,3
ICBHI_130_3p3_TC_002,ICBHI_130_3p3_TC,ICBHI_130,1,ICBHI,AKGC417L,0.9997800466275678,3
ICBHI_130_3p3_TC_003,ICBHI_130_3p3_TC,ICBHI_130,1,ICBHI,AKGC417L,0.9997086299393204,3
ICBHI_130_3p3_TC_004,ICBHI_130_3p3_TC,ICBHI_130,1,ICBHI,AKGC417L,0.9998464376023504,3
ICBHI_130_3p3_TC_005,ICBHI_130_3p3_TC,ICBHI_130,1,ICBHI,AKGC417L,0.9998218688795282,3
ICBHI_130_3p3_TC_006,ICBHI_130_3p3_TC,ICBHI_130,1,ICBHI,AKGC417L,0.9998103825877108,3
ICBHI_130_3p4_AL_000,ICBHI_130_3p4_AL,ICBHI_130,1,ICBHI,AKGC417L,0.9992114542304054,3
ICBHI_130_3p4_AL_001,ICBHI_130_3p4_AL,ICBHI_130,1,ICBHI,AKGC417L,0.9993332976907564,3
ICBHI_130_3p4_AL_002,ICBHI_130_3p4_AL,ICBHI_130,1,ICBHI,AKGC417L,0.9998028305780378,3
ICBHI_130_3p4_AL_003,ICBHI_130_3p4_AL,ICBHI_130,1,ICBHI,AKGC417L,0.9981684898601648,3
ICBHI_130_3p4_AL_004,ICBHI_130_3p4_AL,ICBHI_130,1,ICBHI,AKGC417L,0.9943799635999728,3
ICBHI_130_3p4_AL_005,ICBHI_130_3p4_AL,ICBHI_130,1,ICBHI,AKGC417L,0.9996416327220904,3
ICBHI_130_3p4_AL_006,ICBHI_130_3p4_AL,ICBHI_130,1,ICBHI,AKGC417L,0.999819064230106,3
ICBHI_130_3p4_PL_000,ICBHI_130_3p4_PL,ICBHI_130,1,ICBHI,AKGC417L,0.999557512718016,3
ICBHI_130_3p4_PL_001,ICBHI_130_3p4_PL,ICBHI_130,1,ICBHI,AKGC417L,0.9981397014271044,3
ICBHI_130_3p4_PL_002,ICBHI_130_3p4_PL,ICBHI_130,1,ICBHI,AKGC417L,0.9978594107418892,3
ICBHI_130_3p4_PL_003,ICBHI_130_3p4_PL,ICBHI_130,1,ICBHI,AKGC417L,0.9992356966904384,3
ICBHI_130_3p4_PL_004,ICBHI_130_3p4_PL,ICBHI_130,1,ICBHI,AKGC417L,0.99960488460381,3
ICBHI_130_3p4_PL_005,ICBHI_130_3p4_PL,ICBHI_130,1,ICBHI,AKGC417L,0.9996033387792852,3
ICBHI_130_3p4_PL_006,ICBHI_130_3p4_PL,ICBHI_130,1,ICBHI,AKGC417L,0.9990111403020492,3
ICBHI_130_3p4_PR_000,ICBHI_130_3p4_PR,ICBHI_130,1,ICBHI,AKGC417L,0.9996110079173974,3
ICBHI_130_3p4_PR_001,ICBHI_130_3p4_PR,ICBHI_130,1,ICBHI,AKGC417L,0.9993687565431252,3
ICBHI_130_3p4_PR_002,ICBHI_130_3p4_PR,ICBHI_130,1,ICBHI,AKGC417L,0.9993094585307,3
ICBHI_130_3p4_PR_003,ICBHI_130_3p4_PR,ICBHI_130,1,ICBHI,AKGC417L,0.9997262783268164,3
ICBHI_130_3p4_PR_004,ICBHI_130_3p4_PR,ICBHI_130,1,ICBHI,AKGC417L,0.9997408417533284,3
ICBHI_130_3p4_PR_005,ICBHI_130_3p4_PR,ICBHI_130,1,ICBHI,AKGC417L,0.9994363249268948,3
ICBHI_130_3p4_PR_006,ICBHI_130_3p4_PR,ICBHI_130,1,ICBHI,AKGC417L,0.9989474314594652,3
ICBHI_130_3p4_TC_000,ICBHI_130_3p4_TC,ICBHI_130,1,ICBHI,AKGC417L,0.9998162154299904,3
ICBHI_130_3p4_TC_001,ICBHI_130_3p4_TC,ICBHI_130,1,ICBHI,AKGC417L,0.999773066142504,3
ICBHI_130_3p4_TC_002,ICBHI_130_3p4_TC,ICBHI_130,1,ICBHI,AKGC417L,0.9997834559501048,3
ICBHI_130_3p4_TC_003,ICBHI_130_3p4_TC,ICBHI_130,1,ICBHI,AKGC417L,0.9998073971230788,3
ICBHI_130_3p4_TC_004,ICBHI_130_3p4_TC,ICBHI_130,1,ICBHI,AKGC417L,0.9997868124387096,3
ICBHI_130_3p4_TC_005,ICBHI_130_3p4_TC,ICBHI_130,1,ICBHI,AKGC417L,0.999710896743592,3
ICBHI_130_3p4_TC_006,ICBHI_130_3p4_TC,ICBHI_130,1,ICBHI,AKGC417L,0.9997326173871384,3
ICBHI_132_2b1_LR_000,ICBHI_132_2b1_LR,ICBHI_132,1,ICBHI,LittC2SE,0.9995452520967412,3
ICBHI_132_2b1_LR_001,ICBHI_132_2b1_LR,ICBHI_132,1,ICBHI,LittC2SE,0.9997546305194572,3
ICBHI_132_2b1_LR_002,ICBHI_132_2b1_LR,ICBHI_132,1,ICBHI,LittC2SE,0.9997565395350212,3
ICBHI_132_2b1_LR_003,ICBHI_132_2b1_LR,ICBHI_132,1,ICBHI,LittC2SE,0.9997346976231016,3
ICBHI_132_2b1_LR_004,ICBHI_132_2b1_LR,ICBHI_132,1,ICBHI,LittC2SE,0.999773066142504,3
ICBHI_132_2b1_LR_005,ICBHI_132_2b1_LR,ICBHI_132,1,ICBHI,LittC2SE,0.999486742115178,3
ICBHI_132_2b1_LR_006,ICBHI_132_2b1_LR,ICBHI_132,1,ICBHI,LittC2SE,0.9995252957440848,3
ICBHI_132_2b2_LR_000,ICBHI_132_2b2_LR,ICBHI_132,1,ICBHI,LittC2SE,0.9997603131349772,3
ICBHI_132_2b2_LR_001,ICBHI_132_2b2_LR,ICBHI_132,1,ICBHI,LittC2SE,0.99969225692354,3
ICBHI_132_2b2_LR_002,ICBHI_132_2b2_LR,ICBHI_132,1,ICBHI,LittC2SE,0.999706345366684,3
ICBHI_132_2b2_LR_003,ICBHI_132_2b2_LR,ICBHI_132,1,ICBHI,LittC2SE,0.999624440776353,3
ICBHI_132_2b2_LR_004,ICBHI_132_2b2_LR,ICBHI_132,1,ICBHI,LittC2SE,0.999655356825362,3
ICBHI_132_2b2_LR_005,ICBHI_132_2b2_LR,ICBHI_132,1,ICBHI,LittC2SE,0.9997408417533284,3
ICBHI_132_2b2_LR_006,ICBHI_132_2b2_LR,ICBHI_132,1,ICBHI,LittC2SE,0.9997546305194572,3
ICBHI_154_1b3_AL_000,ICBHI_154_1b3_AL,ICBHI_154,1,ICBHI,AKGC417L,0.9995794125678484,3
ICBHI_154_1b3_AL_001,ICBHI_154_1b3_AL,ICBHI_154,1,ICBHI,AKGC417L,0.9993487317748364,3
ICBHI_154_1b3_AL_002,ICBHI_154_1b3_AL,ICBHI_154,1,ICBHI,AKGC417L,0.9993687565431252,3
ICBHI_154_1b3_AL_003,ICBHI_154_1b3_AL,ICBHI_154,1,ICBHI,AKGC417L,0.9986006016411856,3
ICBHI_154_1b3_AL_004,ICBHI_154_1b3_AL,ICBHI_154,1,ICBHI,AKGC417L,0.9970764570957288,3
ICBHI_154_1b3_AL_005,ICBHI_154_1b3_AL,ICBHI_154,1,ICBHI,AKGC417L,0.9971881413397368,3
ICBHI_154_1b3_AL_006,ICBHI_154_1b3_AL,ICBHI_154,1,ICBHI,AKGC417L,0.9983058968441496,3
ICBHI_154_1b3_AR_000,ICBHI_154_1b3_AR,ICBHI_154,1,ICBHI,AKGC417L,0.9998218688795282,3
ICBHI_154_1b3_AR_001,ICBHI_154_1b3_AR,ICBHI_154,1,ICBHI,AKGC417L,0.9997448586044048,3
ICBHI_154_1b3_AR_002,ICBHI_154_1b3_AR,ICBHI_154,1,ICBHI,AKGC417L,0.9995289881819112,3
ICBHI_154_1b3_AR_003,ICBHI_154_1b3_AR,ICBHI_154,1,ICBHI,AKGC417L,0.9990526910317415,3
ICBHI_154_1b3_AR_004,ICBHI_154_1b3_AR,ICBHI_154,1,ICBHI,AKGC417L,0.9996002289704816,3
ICBHI_154_1b3_AR_005,ICBHI_154_1b3_AR,ICBHI_154,1,ICBHI,AKGC417L,0.999704042886487,3
ICBHI_154_1b3_AR_006,ICBHI_154_1b3_AR,ICBHI_154,1,ICBHI,AKGC417L,0.9993857728001386,3
ICBHI_154_1b3_LL_000,ICBHI_154_1b3_LL,ICBHI_154,1,ICBHI,AKGC417L,0.9994296842929216,3
ICBHI_154_1b3_LL_001,ICBHI_154_1b3_LL,ICBHI_154,1,ICBHI,AKGC417L,0.9992930943877576,3
ICBHI_154_1b3_LL_002,ICBHI_154_1b3_LL,ICBHI_154,1,ICBHI,AKGC417L,0.9990264562254172,3
ICBHI_154_1b3_LL_003,ICBHI_154_1b3_LL,ICBHI_154,1,ICBHI,AKGC417L,0.9992021665183656,3
ICBHI_154_1b3_LL_004,ICBHI_154_1b3_LL,ICBHI_154,1,ICBHI,AKGC417L,0.9993712159807095,3
ICBHI_154_1b3_LL_005,ICBHI_154_1b3_LL,ICBHI_154,1,ICBHI,AKGC417L,0.9995215743737126,3
ICBHI_154_1b3_LL_006,ICBHI_154_1b3_LL,ICBHI_154,1,ICBHI,AKGC417L,0.9995694429186754,3
ICBHI_154_1b3_LR_000,ICBHI_154_1b3_LR,ICBHI_154,1,ICBHI,AKGC417L,0.9969005844844906,3
ICBHI_154_1b3_LR_001,ICBHI_154_1b3_LR,ICBHI_154,1,ICBHI,AKGC417L,0.9925969859111274,3
ICBHI_154_1b3_LR_002,ICBHI_154_1b3_LR,ICBHI_154,1,ICBHI,AKGC417L,0.9947798743064415,3
ICBHI_154_1b3_LR_003,ICBHI_154_1b3_LR,ICBHI_154,1,ICBHI,AKGC417L,0.9863105223037256,3
ICBHI_154_1b3_LR_004,ICBHI_154_1b3_LR,ICBHI_154,1,ICBHI,AKGC417L,0.985882106574795,3
ICBHI_154_1b3_LR_005,ICBHI_154_1b3_LR,ICBHI_154,1,ICBHI,AKGC417L,0.997765637580055,3
ICBHI_154_1b3_LR_006,ICBHI_154_1b3_LR,ICBHI_154,1,ICBHI,AKGC417L,0.9977743291458848,3
ICBHI_154_1b3_PL_000,ICBHI_154_1b3_PL,ICBHI_154,1,ICBHI,AKGC417L,0.9995609546695268,3
ICBHI_154_1b3_PL_001,ICBHI_154_1b3_PL,ICBHI_154,1,ICBHI,AKGC417L,0.9990995533161092,3
ICBHI_154_1b3_PL_002,ICBHI_154_1b3_PL,ICBHI_154,1,ICBHI,AKGC417L,0.9993094585307,3
ICBHI_154_1b3_PL_003,ICBHI_154_1b3_PL,ICBHI_154,1,ICBHI,AKGC417L,0.9995891514623652,3
ICBHI_154_1b3_PL_004,ICBHI_154_1b3_PL,ICBHI_154,1,ICBHI,AKGC417L,0.9998073971230788,3
ICBHI_154_1b3_PL_005,ICBHI_154_1b3_PL,ICBHI_154,1,ICBHI,AKGC417L,0.9998785182471944,3
ICBHI_154_1b3_PL_006,ICBHI_154_1b3_PL,ICBHI_154,1,ICBHI,AKGC417L,0.9998232548618964,3
ICBHI_154_1b3_PR_000,ICBHI_154_1b3_PR,ICBHI_154,1,ICBHI,AKGC417L,0.997042097231751,3
ICBHI_154_1b3_PR_001,ICBHI_154_1b3_PR,ICBHI_154,1,ICBHI,AKGC417L,0.9977916112039098,3
ICBHI_154_1b3_PR_002,ICBHI_154_1b3_PR,ICBHI_154,1,ICBHI,AKGC417L,0.9982108408384048,3
ICBHI_154_1b3_PR_003,ICBHI_154_1b3_PR,ICBHI_154,1,ICBHI,AKGC417L,0.998285961520812,3
ICBHI_154_1b3_PR_004,ICBHI_154_1b3_PR,ICBHI_154,1,ICBHI,AKGC417L,0.99861147672431,3
ICBHI_154_1b3_PR_005,ICBHI_154_1b3_PR,ICBHI_154,1,ICBHI,AKGC417L,0.9989474314594652,3
ICBHI_154_1b3_PR_006,ICBHI_154_1b3_PR,ICBHI_154,1,ICBHI,AKGC417L,0.9979492564600826,3
ICBHI_154_1b3_TC_000,ICBHI_154_1b3_TC,ICBHI_154,1,ICBHI,AKGC417L,0.9998794635117424,3
ICBHI_154_1b3_TC_001,ICBHI_154_1b3_TC,ICBHI_154,1,ICBHI,AKGC417L,0.9998644792143758,3
ICBHI_154_1b3_TC_002,ICBHI_154_1b3_TC,ICBHI_154,1,ICBHI,AKGC417L,0.9998766054240136,3
ICBHI_154_1b3_TC_003,ICBHI_154_1b3_TC,ICBHI_154,1,ICBHI,AKGC417L,0.9998785182471944,3
ICBHI_154_1b3_TC_004,ICBHI_154_1b3_TC,ICBHI_154,1,ICBHI,AKGC417L,0.9998623453663108,3
ICBHI_154_1b3_TC_005,ICBHI_154_1b3_TC,ICBHI_154,1,ICBHI,AKGC417L,0.999904645388118,3
ICBHI_154_1b3_TC_006,ICBHI_154_1b3_TC,ICBHI_154,1,ICBHI,AKGC417L,0.9999131778970014,3
ICBHI_154_2b4_AL_000,ICBHI_154_2b4_AL,ICBHI_154,1,ICBHI,AKGC417L,0.9997326173871384,3
ICBHI_154_2b4_AL_001,ICBHI_154_2b4_AL,ICBHI_154,1,ICBHI,AKGC417L,0.99984523338394,3
ICBHI_154_2b4_AL_002,ICBHI_154_2b4_AL,ICBHI_154,1,ICBHI,AKGC417L,0.9998427965475108,3
ICBHI_154_2b4_AL_003,ICBHI_154_2b4_AL,ICBHI_154,1,ICBHI,AKGC417L,0.9996593706722668,3
ICBHI_154_2b4_AL_004,ICBHI_154_2b4_AL,ICBHI_154,1,ICBHI,AKGC417L,0.9995252957440848,3
ICBHI_154_2b4_AL_005,ICBHI_154_2b4_AL,ICBHI_154,1,ICBHI,AKGC417L,0.998983755958932,3
ICBHI_154_2b4_AL_006,ICBHI_154_2b4_AL,ICBHI_154,1,ICBHI,AKGC417L,0.9997326173871384,3
ICBHI_154_2b4_AR_000,ICBHI_154_2b4_AR,ICBHI_154,1,ICBHI,AKGC417L,0.9997468436278488,3
ICBHI_154_2b4_AR_001,ICBHI_154_2b4_AR,ICBHI_154,1,ICBHI,AKGC417L,0.999627362312338,3
ICBHI_154_2b4_AR_002,ICBHI_154_2b4_AR,ICBHI_154,1,ICBHI,AKGC417L,0.9996302611296282,3
ICBHI_154_2b4_AR_003,ICBHI_154_2b4_AR,ICBHI_154,1,ICBHI,AKGC417L,0.9997488132115092,3
ICBHI_154_2b4_AR_004,ICBHI_154_2b4_AR,ICBHI_154,1,ICBHI,AKGC417L,0.9998534687060928,3
ICBHI_154_2b4_AR_005,ICBHI_154_2b4_AR,ICBHI_154,1,ICBHI,AKGC417L,0.9997851407471986,3
ICBHI_154_2b4_AR_006,ICBHI_154_2b4_AR,ICBHI_154,1,ICBHI,AKGC417L,0.9998147742567348,3
ICBHI_154_2b4_LL_000,ICBHI_154_2b4_LL,ICBHI_154,1,ICBHI,AKGC417L,0.999750767475418,3
ICBHI_154_2b4_LL_001,ICBHI_154_2b4_LL,ICBHI_154,1,ICBHI,AKGC417L,0.9998232548618964,3
ICBHI_154_2b4_LL_002,ICBHI_154_2b4_LL,ICBHI_154,1,ICBHI,AKGC417L,0.9998415637808976,3
ICBHI_154_2b4_LL_003,ICBHI_154_2b4_LL,ICBHI_154,1,ICBHI,AKGC417L,0.9998043646624728,3
ICBHI_154_2b4_LL_004,ICBHI_154_2b4_LL,ICBHI_154,1,ICBHI,AKGC417L,0.999832659492526,3
ICBHI_154_2b4_LL_005,ICBHI_154_2b4_LL,ICBHI_154,1,ICBHI,AKGC417L,0.9996874121901304,3
ICBHI_154_2b4_LL_006,ICBHI_154_2b4_LL,ICBHI_154,1,ICBHI,AKGC417L,0.9995794125678484,3
ICBHI_154_2b4_LR_000,ICBHI_154_2b4_LR,ICBHI_154,1,ICBHI,AKGC417L,0.9995380941670976,3
ICBHI_154_2b4_LR_001,ICBHI_154_2b4_LR,ICBHI_154,1,ICBHI,AKGC417L,0.9997765836398173,3
ICBHI_154_2b4_LR_002,ICBHI_154_2b4_LR,ICBHI_154,1,ICBHI,AKGC417L,0.9997901169117968,3
ICBHI_154_2b4_LR_003,ICBHI_154_2b4_LR,ICBHI_154,1,ICBHI,AKGC417L,0.9997584337017134,3
ICBHI_154_2b4_LR_004,ICBHI_154_2b4_LR,ICBHI_154,1,ICBHI,AKGC417L,0.9997448586044048,3
ICBHI_154_2b4_LR_005,ICBHI_154_2b4_LR,ICBHI_154,1,ICBHI,AKGC417L,0.9996458063485448,3
ICBHI_154_2b4_LR_006,ICBHI_154_2b4_LR,ICBHI_154,1,ICBHI,AKGC417L,0.9998378071836282,3
ICBHI_154_2b4_PL_000,ICBHI_154_2b4_PL,ICBHI_154,1,ICBHI,AKGC417L,0.994998327750071,3
ICBHI_154_2b4_PL_001,ICBHI_154_2b4_PL,ICBHI_154,1,ICBHI,AKGC417L,0.9939260655591138,3
ICBHI_154_2b4_PL_002,ICBHI_154_2b4_PL,ICBHI_154,1,ICBHI,AKGC417L,0.9985618646789076,3
ICBHI_154_2b4_PL_003,ICBHI_154_2b4_PL,ICBHI_154,1,ICBHI,AKGC417L,0.998516281097091,3
ICBHI_154_2b4_PL_004,ICBHI_154_2b4_PL,ICBHI_154,1,ICBHI,AKGC417L,0.9989055477854436,3
ICBHI_154_2b4_PL_005,ICBHI_154_2b4_PL,ICBHI_154,1,ICBHI,AKGC417L,0.9958820823560408,3
ICBHI_154_2b4_PL_006,ICBHI_154_2b4_PL,ICBHI_154,1,ICBHI,AKGC417L,0.9916519461902168,3
ICBHI_154_2b4_PR_000,ICBHI_154_2b4_PR,ICBHI_154,1,ICBHI,AKGC417L,0.9997997262332818,3
ICBHI_154_2b4_PR_001,ICBHI_154_2b4_PR,ICBHI_154,1,ICBHI,AKGC417L,0.9996698472749022,3
ICBHI_154_2b4_PR_002,ICBHI_154_2b4_PR,ICBHI_154,1,ICBHI,AKGC417L,0.9995891514623652,3
ICBHI_154_2b4_PR_003,ICBHI_154_2b4_PR,ICBHI_154,1,ICBHI,AKGC417L,0.9998286918065652,3
ICBHI_154_2b4_PR_004,ICBHI_154_2b4_PR,ICBHI_154,1,ICBHI,AKGC417L,0.9999038975845004,3
ICBHI_154_2b4_PR_005,ICBHI_154_2b4_PR,ICBHI_154,1,ICBHI,AKGC417L,0.9998176453920532,3
ICBHI_154_2b4_PR_006,ICBHI_154_2b4_PR,ICBHI_154,1,ICBHI,AKGC417L,0.9996874121901304,3
ICBHI_154_2b4_TC_000,ICBHI_154_2b4_TC,ICBHI_154,1,ICBHI,AKGC417L,0.9998058868132212,3
ICBHI_154_2b4_TC_001,ICBHI_154_2b4_TC,ICBHI_154,1,ICBHI,AKGC417L,0.9995891514623652,3
ICBHI_154_2b4_TC_002,ICBHI_154_2b4_TC,ICBHI_154,1,ICBHI,AKGC417L,0.9995643698589872,3
ICBHI_154_2b4_TC_003,ICBHI_154_2b4_TC,ICBHI_154,1,ICBHI,AKGC417L,0.9997800466275678,3
ICBHI_154_2b4_TC_004,ICBHI_154_2b4_TC,ICBHI_154,1,ICBHI,AKGC417L,0.9998686482029348,3
ICBHI_154_2b4_TC_005,ICBHI_154_2b4_TC,ICBHI_154,1,ICBHI,AKGC417L,0.9998028305780378,3
ICBHI_154_2b4_TC_006,ICBHI_154_2b4_TC,ICBHI_154,1,ICBHI,AKGC417L,0.9998339615304626,3
ICBHI_154_3b3_AL_000,ICBHI_154_3b3_AL,ICBHI_154,1,ICBHI,AKGC417L,0.996115523451234,3
ICBHI_154_3b3_AL_001,ICBHI_154_3b3_AL,ICBHI_154,1,ICBHI,AKGC417L,0.9992297068028128,3
ICBHI_154_3b3_AL_002,ICBHI_154_3b3_AL,ICBHI_154,1,ICBHI,AKGC417L,0.9994966644245472,3
ICBHI_154_3b3_AL_003,ICBHI_154_3b3_AL,ICBHI_154,1,ICBHI,AKGC417L,0.998522057019784,3
ICBHI_154_3b3_AL_004,ICBHI_154_3b3_AL,ICBHI_154,1,ICBHI,AKGC417L,0.9962782913492784,3
ICBHI_154_3b3_AL_005,ICBHI_154_3b3_AL,ICBHI_154,1,ICBHI,AKGC417L,0.9958660319095476,3
ICBHI_154_3b3_AL_006,ICBHI_154_3b3_AL,ICBHI_154,1,ICBHI,AKGC417L,0.998364324670761,3
ICBHI_154_3b3_AR_000,ICBHI_154_3b3_AR,ICBHI_154,1,ICBHI,AKGC417L,0.9843363512883316,3
ICBHI_154_3b3_AR_001,ICBHI_154_3b3_AR,ICBHI_154,1,ICBHI,AKGC417L,0.9917163731139697,3
ICBHI_154_3b3_AR_002,ICBHI_154_3b3_AR,ICBHI_154,1,ICBHI,AKGC417L,0.9813464782682386,3
ICBHI_154_3b3_AR_003,ICBHI_154_3b3_AR,ICBHI_154,1,ICBHI,AKGC417L,0.9778411306440228,3
ICBHI_154_3b3_AR_004,ICBHI_154_3b3_AR,ICBHI_154,1,ICBHI,AKGC417L,0.9751071985765848,3
ICBHI_154_3b3_AR_005,ICBHI_154_3b3_AR,ICBHI_154,1,ICBHI,AKGC417L,0.9532750413739076,3
ICBHI_154_3b3_AR_006,ICBHI_154_3b3_AR,ICBHI_154,1,ICBHI,AKGC417L,0.9430336178557912,3
ICBHI_154_3b3_LL_000,ICBHI_154_3b3_LL,ICBHI_154,1,ICBHI,AKGC417L,0.9998043646624728,3
ICBHI_154_3b3_LL_001,ICBHI_154_3b3_LL,ICBHI_154,1,ICBHI,AKGC417L,0.9997584337017134,3
ICBHI_154_3b3_LL_002,ICBHI_154_3b3_LL,ICBHI_154,1,ICBHI,AKGC417L,0.9997197890232812,3
ICBHI_154_3b3_LL_003,ICBHI_154_3b3_LL,ICBHI_154,1,ICBHI,AKGC417L,0.9996170363710914,3
ICBHI_154_3b3_LL_004,ICBHI_154_3b3_LL,ICBHI_154,1,ICBHI,AKGC417L,0.9996672587165932,3
ICBHI_154_3b3_LL_005,ICBHI_154_3b3_LL,ICBHI_154,1,ICBHI,AKGC417L,0.9997584337017134,3
ICBHI_154_3b3_LL_006,ICBHI_154_3b3_LL,ICBHI_154,1,ICBHI,AKGC417L,0.999773066142504,3
ICBHI_154_4b4_AL_000,ICBHI_154_4b4_AL,ICBHI_154,1,ICBHI,AKGC417L,0.999515937573708,3
ICBHI_154_4b4_AL_001,ICBHI_154_4b4_AL,ICBHI_154,1,ICBHI,AKGC417L,0.9997388096809044,3
ICBHI_154_4b4_AL_002,ICBHI_154_4b4_AL,ICBHI_154,1,ICBHI,AKGC417L,0.9998058868132212,3
ICBHI_154_4b4_AL_003,ICBHI_154_4b4_AL,ICBHI_154,1,ICBHI,AKGC417L,0.9995289881819112,3
ICBHI_154_4b4_AL_004,ICBHI_154_4b4_AL,ICBHI_154,1,ICBHI,AKGC417L,0.9997658641752236,3
ICBHI_154_4b4_AL_005,ICBHI_154_4b4_AL,ICBHI_154,1,ICBHI,AKGC417L,0.9994138838254832,3
ICBHI_154_4b4_AL_006,ICBHI_154_4b4_AL,ICBHI_154,1,ICBHI,AKGC417L,0.9992847675679684,3
ICBHI_154_4b4_AR_000,ICBHI_154_4b4_AR,ICBHI_154,1,ICBHI,AKGC417L,0.9997284078672528,3
ICBHI_154_4b4_AR_001,ICBHI_154_4b4_AR,ICBHI_154,1,ICBHI,AKGC417L,0.9994600195519032,3
ICBHI_154_4b4_AR_002,ICBHI_154_4b4_AR,ICBHI_154,1,ICBHI,AKGC417L,0.9995540437949288,3
ICBHI_154_4b4_AR_003,ICBHI_154_4b4_AR,ICBHI_154,1,ICBHI,AKGC417L,0.999571120781748,3
ICBHI_154_4b4_AR_004,ICBHI_154_4b4_AR,ICBHI_154,1,ICBHI,AKGC417L,0.9997284078672528,3
ICBHI_154_4b4_AR_005,ICBHI_154_4b4_AR,ICBHI_154,1,ICBHI,AKGC417L,0.9998204720306532,3
ICBHI_154_4b4_AR_006,ICBHI_154_4b4_AR,ICBHI_154,1,ICBHI,AKGC417L,0.9997305208444413,3
ICBHI_154_4b4_LL_000,ICBHI_154_4b4_LL,ICBHI_154,1,ICBHI,AKGC417L,0.999704042886487,3
ICBHI_154_4b4_LL_001,ICBHI_154_4b4_LL,ICBHI_154,1,ICBHI,AKGC417L,0.9996214963437556,3
ICBHI_154_4b4_LL_002,ICBHI_154_4b4_LL,ICBHI_154,1,ICBHI,AKGC417L,0.9997197890232812,3
ICBHI_154_4b4_LL_003,ICBHI_154_4b4_LL,ICBHI_154,1,ICBHI,AKGC417L,0.9996402306168382,3
ICBHI_154_4b4_LL_004,ICBHI_154_4b4_LL,ICBHI_154,1,ICBHI,AKGC417L,0.9997546305194572,3
ICBHI_154_4b4_LL_005,ICBHI_154_4b4_LL,ICBHI_154,1,ICBHI,AKGC417L,0.9997603131349772,3
ICBHI_154_4b4_LL_006,ICBHI_154_4b4_LL,ICBHI_154,1,ICBHI,AKGC417L,0.9996749641547632,3
ICBHI_154_4b4_LR_000,ICBHI_154_4b4_LR,ICBHI_154,1,ICBHI,AKGC417L,0.9997851407471986,3
ICBHI_154_4b4_LR_001,ICBHI_154_4b4_LR,ICBHI_154,1,ICBHI,AKGC417L,0.9997997262332818,3
ICBHI_154_4b4_LR_002,ICBHI_154_4b4_LR,ICBHI_154,1,ICBHI,AKGC417L,0.9996185288352376,3
ICBHI_154_4b4_LR_003,ICBHI_154_4b4_LR,ICBHI_154,1,ICBHI,AKGC417L,0.9996672587165932,3
ICBHI_154_4b4_LR_004,ICBHI_154_4b4_LR,ICBHI_154,1,ICBHI,AKGC417L,0.9997901169117968,3
ICBHI_154_4b4_LR_005,ICBHI_154_4b4_LR,ICBHI_154,1,ICBHI,AKGC417L,0.9997153775984248,3
ICBHI_154_4b4_LR_006,ICBHI_154_4b4_LR,ICBHI_154,1,ICBHI,AKGC417L,0.9993712159807095,3
ICBHI_154_4b4_PL_000,ICBHI_154_4b4_PL,ICBHI_154,1,ICBHI,AKGC417L,0.9995761152580062,3
ICBHI_154_4b4_PL_001,ICBHI_154_4b4_PL,ICBHI_154,1,ICBHI,AKGC417L,0.9996898440132872,3
ICBHI_154_4b4_PL_002,ICBHI_154_4b4_PL,ICBHI_154,1,ICBHI,AKGC417L,0.9997621779493596,3
ICBHI_154_4b4_PL_003,ICBHI_154_4b4_PL,ICBHI_154,1,ICBHI,AKGC417L,0.9997997262332818,3
ICBHI_154_4b4_PL_004,ICBHI_154_4b4_PL,ICBHI_154,1,ICBHI,AKGC417L,0.9997388096809044,3
ICBHI_154_4b4_PL_005,ICBHI_154_4b4_PL,ICBHI_154,1,ICBHI,AKGC417L,0.9992266942918758,3
ICBHI_154_4b4_PL_006,ICBHI_154_4b4_PL,ICBHI_154,1,ICBHI,AKGC417L,0.9994319064800212,3
ICBHI_154_4b4_PR_000,ICBHI_154_4b4_PR,ICBHI_154,1,ICBHI,AKGC417L,0.9995271455654796,3
ICBHI_154_4b4_PR_001,ICBHI_154_4b4_PR,ICBHI_154,1,ICBHI,AKGC417L,0.9996698472749022,3
ICBHI_154_4b4_PR_002,ICBHI_154_4b4_PR,ICBHI_154,1,ICBHI,AKGC417L,0.9997851407471986,3
ICBHI_154_4b4_PR_003,ICBHI_154_4b4_PR,ICBHI_154,1,ICBHI,AKGC417L,0.9997219690361224,3
ICBHI_154_4b4_PR_004,ICBHI_154_4b4_PR,ICBHI_154,1,ICBHI,AKGC417L,0.999710896743592,3
ICBHI_154_4b4_PR_005,ICBHI_154_4b4_PR,ICBHI_154,1,ICBHI,AKGC417L,0.9995380941670976,3
ICBHI_154_4b4_PR_006,ICBHI_154_4b4_PR,ICBHI_154,1,ICBHI,AKGC417L,0.9995252957440848,3
ICBHI_183_1b1_PL_000,ICBHI_183_1b1_PL,ICBHI_183,0,ICBHI,Meditron,0.8670357598021706,3
ICBHI_183_1b1_PL_001,ICBHI_183_1b1_PL,ICBHI_183,0,ICBHI,Meditron,0.6556668065254758,3
ICBHI_183_1b1_PL_002,ICBHI_183_1b1_PL,ICBHI_183,0,ICBHI,Meditron,0.9100669877621352,3
ICBHI_183_1b1_PL_003,ICBHI_183_1b1_PL,ICBHI_183,0,ICBHI,Meditron,0.9899864293768268,3
ICBHI_183_1b1_PL_004,ICBHI_183_1b1_PL,ICBHI_183,0,ICBHI,Meditron,0.9694979473172858,3
ICBHI_183_1b1_PL_005,ICBHI_183_1b1_PL,ICBHI_183,0,ICBHI,Meditron,0.9722043774187548,3
ICBHI_183_1b1_PL_006,ICBHI_183_1b1_PL,ICBHI_183,0,ICBHI,Meditron,0.9619649074673172,3
ICBHI_183_1b1_TC_000,ICBHI_183_1b1_TC,ICBHI_183,0,ICBHI,Meditron,0.0098980637160236,3
ICBHI_183_1b1_TC_001,ICBHI_183_1b1_TC,ICBHI_183,0,ICBHI,Meditron,0.0220743871010244,3
ICBHI_183_1b1_TC_002,ICBHI_183_1b1_TC,ICBHI_183,0,ICBHI,Meditron,0.3218861707585663,3
ICBHI_183_1b1_TC_003,ICBHI_183_1b1_TC,ICBHI_183,0,ICBHI,Meditron,0.0007236572645054,3
ICBHI_183_1b1_TC_004,ICBHI_183_1b1_TC,ICBHI_183,0,ICBHI,Meditron,0.000219953372432,3
ICBHI_183_1b1_TC_005,ICBHI_183_1b1_TC,ICBHI_183,0,ICBHI,Meditron,0.0301003372404294,3
ICBHI_183_1b1_TC_006,ICBHI_183_1b1_TC,ICBHI_183,0,ICBHI,Meditron,0.006363573696064,3
ICBHI_186_2b2_AL_000,ICBHI_186_2b2_AL,ICBHI_186,1,ICBHI,AKGC417L,0.999649931385023,3
ICBHI_186_2b2_AL_001,ICBHI_186_2b2_AL,ICBHI_186,1,ICBHI,AKGC417L,0.9998286918065652,3
ICBHI_186_2b2_AL_002,ICBHI_186_2b2_AL,ICBHI_186,1,ICBHI,AKGC417L,0.9998218688795282,3
ICBHI_186_2b2_AL_003,ICBHI_186_2b2_AL,ICBHI_186,1,ICBHI,AKGC417L,0.99966202057481,3
ICBHI_186_2b2_AL_004,ICBHI_186_2b2_AL,ICBHI_186,1,ICBHI,AKGC417L,0.9998378071836282,3
ICBHI_186_2b2_AL_005,ICBHI_186_2b2_AL,ICBHI_186,1,ICBHI,AKGC417L,0.9998415637808976,3
ICBHI_186_2b2_AL_006,ICBHI_186_2b2_AL,ICBHI_186,1,ICBHI,AKGC417L,0.9997949778514938,3
ICBHI_186_2b2_AR_000,ICBHI_186_2b2_AR,ICBHI_186,1,ICBHI,AKGC417L,0.9987792047532856,3
ICBHI_186_2b2_AR_001,ICBHI_186_2b2_AR,ICBHI_186,1,ICBHI,AKGC417L,0.9992206339069792,3
ICBHI_186_2b2_AR_002,ICBHI_186_2b2_AR,ICBHI_186,1,ICBHI,AKGC417L,0.9994663071572336,3
ICBHI_186_2b2_AR_003,ICBHI_186_2b2_AR,ICBHI_186,1,ICBHI,AKGC417L,0.9986593795769002,3
ICBHI_186_2b2_AR_004,ICBHI_186_2b2_AR,ICBHI_186,1,ICBHI,AKGC417L,0.9982178036776336,3
ICBHI_186_2b2_AR_005,ICBHI_186_2b2_AR,ICBHI_186,1,ICBHI,AKGC417L,0.9994786636933496,3
ICBHI_186_2b2_AR_006,ICBHI_186_2b2_AR,ICBHI_186,1,ICBHI,AKGC417L,0.9995044640524364,3
ICBHI_186_2b2_LR_000,ICBHI_186_2b2_LR,ICBHI_186,1,ICBHI,AKGC417L,0.9997603131349772,3
ICBHI_186_2b2_LR_001,ICBHI_186_2b2_LR,ICBHI_186,1,ICBHI,AKGC417L,0.9997241320933664,3
ICBHI_186_2b2_LR_002,ICBHI_186_2b2_LR,ICBHI_186,1,ICBHI,AKGC417L,0.9997748317581436,3
ICBHI_186_2b2_LR_003,ICBHI_186_2b2_LR,ICBHI_186,1,ICBHI,AKGC417L,0.9998246300622622,3
ICBHI_186_2b2_LR_004,ICBHI_186_2b2_LR,ICBHI_186,1,ICBHI,AKGC417L,0.9998867656214416,3
ICBHI_186_2b2_LR_005,ICBHI_186_2b2_LR,ICBHI_186,1,ICBHI,AKGC417L,0.9998911030899734,3
ICBHI_186_2b2_LR_006,ICBHI_186_2b2_LR,ICBHI_186,1,ICBHI,AKGC417L,0.999905387373387,3
ICBHI_186_2b2_PL_000,ICBHI_186_2b2_PL,ICBHI_186,1,ICBHI,AKGC417L,0.9997219690361224,3
ICBHI_186_2b2_PL_001,ICBHI_186_2b2_PL,ICBHI_186,1,ICBHI,AKGC417L,0.9997388096809044,3
ICBHI_186_2b2_PL_002,ICBHI_186_2b2_PL,ICBHI_186,1,ICBHI,AKGC417L,0.99969225692354,3
ICBHI_186_2b2_PL_003,ICBHI_186_2b2_PL,ICBHI_186,1,ICBHI,AKGC417L,0.9997884711265388,3
ICBHI_186_2b2_PL_004,ICBHI_186_2b2_PL,ICBHI_186,1,ICBHI,AKGC417L,0.9998103825877108,3
ICBHI_186_2b2_PL_005,ICBHI_186_2b2_PL,ICBHI_186,1,ICBHI,AKGC417L,0.999877565570653,3
ICBHI_186_2b2_PL_006,ICBHI_186_2b2_PL,ICBHI_186,1,ICBHI,AKGC417L,0.9998831715963532,3
ICBHI_186_2b2_PR_000,ICBHI_186_2b2_PR,ICBHI_186,1,ICBHI,AKGC417L,0.9997527065386754,3
ICBHI_186_2b2_PR_001,ICBHI_186_2b2_PR,ICBHI_186,1,ICBHI,AKGC417L,0.9996302611296282,3
ICBHI_186_2b2_PR_002,ICBHI_186_2b2_PR,ICBHI_186,1,ICBHI,AKGC417L,0.9997468436278488,3
ICBHI_186_2b2_PR_003,ICBHI_186_2b2_PR,ICBHI_186,1,ICBHI,AKGC417L,0.9998415637808976,3
ICBHI_186_2b2_PR_004,ICBHI_186_2b2_PR,ICBHI_186,1,ICBHI,AKGC417L,0.999750767475418,3
ICBHI_186_2b2_PR_005,ICBHI_186_2b2_PR,ICBHI_186,1,ICBHI,AKGC417L,0.999680001755926,3
ICBHI_186_2b2_PR_006,ICBHI_186_2b2_PR,ICBHI_186,1,ICBHI,AKGC417L,0.9997527065386754,3
ICBHI_186_2b2_TC_000,ICBHI_186_2b2_TC,ICBHI_186,1,ICBHI,AKGC417L,0.99894331617583,3
ICBHI_186_2b2_TC_001,ICBHI_186_2b2_TC,ICBHI_186,1,ICBHI,AKGC417L,0.9981397014271044,3
ICBHI_186_2b2_TC_002,ICBHI_186_2b2_TC,ICBHI_186,1,ICBHI,AKGC417L,0.988841968751916,3
ICBHI_186_2b2_TC_003,ICBHI_186_2b2_TC,ICBHI_186,1,ICBHI,AKGC417L,0.9916519461902168,3
ICBHI_186_2b2_TC_004,ICBHI_186_2b2_TC,ICBHI_186,1,ICBHI,AKGC417L,0.9950563109218776,3
ICBHI_186_2b2_TC_005,ICBHI_186_2b2_TC,ICBHI_186,1,ICBHI,AKGC417L,0.9792352612370644,3
ICBHI_186_2b2_TC_006,ICBHI_186_2b2_TC,ICBHI_186,1,ICBHI,AKGC417L,0.8929365379204537,3
ICBHI_186_2b3_AL_000,ICBHI_186_2b3_AL,ICBHI_186,1,ICBHI,AKGC417L,0.9992678187383393,3
ICBHI_186_2b3_AL_001,ICBHI_186_2b3_AL,ICBHI_186,1,ICBHI,AKGC417L,0.9989140556310572,3
ICBHI_186_2b3_AL_002,ICBHI_186_2b3_AL,ICBHI_186,1,ICBHI,AKGC417L,0.9994319064800212,3
ICBHI_186_2b3_AL_003,ICBHI_186_2b3_AL,ICBHI_186,1,ICBHI,AKGC417L,0.9989140556310572,3
ICBHI_186_2b3_AL_004,ICBHI_186_2b3_AL,ICBHI_186,1,ICBHI,AKGC417L,0.9996849613059188,3
ICBHI_186_2b3_AL_005,ICBHI_186_2b3_AL,ICBHI_186,1,ICBHI,AKGC417L,0.999655356825362,3
ICBHI_186_2b3_AL_006,ICBHI_186_2b3_AL,ICBHI_186,1,ICBHI,AKGC417L,0.9992266942918758,3
ICBHI_186_2b3_AR_000,ICBHI_186_2b3_AR,ICBHI_186,1,ICBHI,AKGC417L,0.9975750857332448,3
ICBHI_186_2b3_AR_001,ICBHI_186_2b3_AR,ICBHI_186,1,ICBHI,AKGC417L,0.9830850867332734,3
ICBHI_186_2b3_AR_002,ICBHI_186_2b3_AR,ICBHI_186,1,ICBHI,AKGC417L,0.9991507543783068,3
ICBHI_186_2b3_AR_003,ICBHI_186_2b3_AR,ICBHI_186,1,ICBHI,AKGC417L,0.999710896743592,3
ICBHI_186_2b3_AR_004,ICBHI_186_2b3_AR,ICBHI_186,1,ICBHI,AKGC417L,0.9981684898601648,3
ICBHI_186_2b3_AR_005,ICBHI_186_2b3_AR,ICBHI_186,1,ICBHI,AKGC417L,0.9849273716910544,3
ICBHI_186_2b3_AR_006,ICBHI_186_2b3_AR,ICBHI_186,1,ICBHI,AKGC417L,0.9994138838254832,3
ICBHI_186_2b3_LR_000,ICBHI_186_2b3_LR,ICBHI_186,1,ICBHI,AKGC417L,0.9998176453920532,3
ICBHI_186_2b3_LR_001,ICBHI_186_2b3_LR,ICBHI_186,1,ICBHI,AKGC417L,0.9997917498948076,3
ICBHI_186_2b3_LR_002,ICBHI_186_2b3_LR,ICBHI_186,1,ICBHI,AKGC417L,0.9995986649388644,3
ICBHI_186_2b3_LR_003,ICBHI_186_2b3_LR,ICBHI_186,1,ICBHI,AKGC417L,0.9998232548618964,3
ICBHI_186_2b3_LR_004,ICBHI_186_2b3_LR,ICBHI_186,1,ICBHI,AKGC417L,0.9998028305780378,3
ICBHI_186_2b3_LR_005,ICBHI_186_2b3_LR,ICBHI_186,1,ICBHI,AKGC417L,0.9996970265921912,3
ICBHI_186_2b3_LR_006,ICBHI_186_2b3_LR,ICBHI_186,1,ICBHI,AKGC417L,0.9997765836398173,3
ICBHI_186_2b3_PL_000,ICBHI_186_2b3_PL,ICBHI_186,1,ICBHI,AKGC417L,0.9997428580202044,3
ICBHI_186_2b3_PL_001,ICBHI_186_2b3_PL,ICBHI_186,1,ICBHI,AKGC417L,0.9993687565431252,3
ICBHI_186_2b3_PL_002,ICBHI_186_2b3_PL,ICBHI_186,1,ICBHI,AKGC417L,0.9995592370520848,3
ICBHI_186_2b3_PL_003,ICBHI_186_2b3_PL,ICBHI_186,1,ICBHI,AKGC417L,0.9996110079173974,3
ICBHI_186_2b3_PL_004,ICBHI_186_2b3_PL,ICBHI_186,1,ICBHI,AKGC417L,0.9994450590492856,3
ICBHI_186_2b3_PL_005,ICBHI_186_2b3_PL,ICBHI_186,1,ICBHI,AKGC417L,0.9997284078672528,3
ICBHI_186_2b3_PL_006,ICBHI_186_2b3_PL,ICBHI_186,1,ICBHI,AKGC417L,0.9997197890232812,3
ICBHI_186_2b3_PR_000,ICBHI_186_2b3_PR,ICBHI_186,1,ICBHI,AKGC417L,0.9998028305780378,3
ICBHI_186_2b3_PR_001,ICBHI_186_2b3_PR,ICBHI_186,1,ICBHI,AKGC417L,0.9996970265921912,3
ICBHI_186_2b3_PR_002,ICBHI_186_2b3_PR,ICBHI_186,1,ICBHI,AKGC417L,0.9996724157021404,3
ICBHI_186_2b3_PR_003,ICBHI_186_2b3_PR,ICBHI_186,1,ICBHI,AKGC417L,0.9996170363710914,3
ICBHI_186_2b3_PR_004,ICBHI_186_2b3_PR,ICBHI_186,1,ICBHI,AKGC417L,0.9997783218943074,3
ICBHI_186_2b3_PR_005,ICBHI_186_2b3_PR,ICBHI_186,1,ICBHI,AKGC417L,0.9995452520967412,3
ICBHI_186_2b3_PR_006,ICBHI_186_2b3_PR,ICBHI_186,1,ICBHI,AKGC417L,0.9996155380700886,3
ICBHI_186_2b3_TC_000,ICBHI_186_2b3_TC,ICBHI_186,1,ICBHI,AKGC417L,0.997892527562115,3
ICBHI_186_2b3_TC_001,ICBHI_186_2b3_TC,ICBHI_186,1,ICBHI,AKGC417L,0.9884026381763672,3
ICBHI_186_2b3_TC_002,ICBHI_186_2b3_TC,ICBHI_186,1,ICBHI,AKGC417L,0.9932811299991624,3
ICBHI_186_2b3_TC_003,ICBHI_186_2b3_TC,ICBHI_186,1,ICBHI,AKGC417L,0.9921232932834126,3
ICBHI_186_2b3_TC_004,ICBHI_186_2b3_TC,ICBHI_186,1,ICBHI,AKGC417L,0.9676556676188428,3
ICBHI_186_2b3_TC_005,ICBHI_186_2b3_TC,ICBHI_186,1,ICBHI,AKGC417L,0.9960082716305864,3
ICBHI_186_2b3_TC_006,ICBHI_186_2b3_TC,ICBHI_186,1,ICBHI,AKGC417L,0.999103060676328,3
ICBHI_186_2b4_AL_000,ICBHI_186_2b4_AL,ICBHI_186,1,ICBHI,AKGC417L,0.9997640282585172,3
ICBHI_186_2b4_AL_001,ICBHI_186_2b4_AL,ICBHI_186,1,ICBHI,AKGC417L,0.9997326173871384,3
ICBHI_186_2b4_AL_002,ICBHI_186_2b4_AL,ICBHI_186,1,ICBHI,AKGC417L,0.9995487893762218,3
ICBHI_186_2b4_AL_003,ICBHI_186_2b4_AL,ICBHI_186,1,ICBHI,AKGC417L,0.9996125238661848,3
ICBHI_186_2b4_AL_004,ICBHI_186_2b4_AL,ICBHI_186,1,ICBHI,AKGC417L,0.9998028305780378,3
ICBHI_186_2b4_AL_005,ICBHI_186_2b4_AL,ICBHI_186,1,ICBHI,AKGC417L,0.9997621779493596,3
ICBHI_186_2b4_AL_006,ICBHI_186_2b4_AL,ICBHI_186,1,ICBHI,AKGC417L,0.9991373922419716,3
ICBHI_186_2b4_AR_000,ICBHI_186_2b4_AR,ICBHI_186,1,ICBHI,AKGC417L,0.999624440776353,3
ICBHI_186_2b4_AR_001,ICBHI_186_2b4_AR,ICBHI_186,1,ICBHI,AKGC417L,0.9996774927880132,3
ICBHI_186_2b4_AR_002,ICBHI_186_2b4_AR,ICBHI_186,1,ICBHI,AKGC417L,0.9991896126509426,3
ICBHI_186_2b4_AR_003,ICBHI_186_2b4_AR,ICBHI_186,1,ICBHI,AKGC417L,0.9996288145497544,3
ICBHI_186_2b4_AR_004,ICBHI_186_2b4_AR,ICBHI_186,1,ICBHI,AKGC417L,0.9997488132115092,3
ICBHI_186_2b4_AR_005,ICBHI_186_2b4_AR,ICBHI_186,1,ICBHI,AKGC417L,0.9997197890232812,3
ICBHI_186_2b4_AR_006,ICBHI_186_2b4_AR,ICBHI_186,1,ICBHI,AKGC417L,0.9997712866852788,3
ICBHI_186_2b4_LR_000,ICBHI_186_2b4_LR,ICBHI_186,1,ICBHI,AKGC417L,0.9998118579244952,3
ICBHI_186_2b4_LR_001,ICBHI_186_2b4_LR,ICBHI_186,1,ICBHI,AKGC417L,0.9998352534392112,3
ICBHI_186_2b4_LR_002,ICBHI_186_2b4_LR,ICBHI_186,1,ICBHI,AKGC417L,0.999750767475418,3
ICBHI_186_2b4_LR_003,ICBHI_186_2b4_LR,ICBHI_186,1,ICBHI,AKGC417L,0.9996698472749022,3
ICBHI_186_2b4_LR_004,ICBHI_186_2b4_LR,ICBHI_186,1,ICBHI,AKGC417L,0.9998118579244952,3
ICBHI_186_2b4_LR_005,ICBHI_186_2b4_LR,ICBHI_186,1,ICBHI,AKGC417L,0.9998218688795282,3
ICBHI_186_2b4_LR_006,ICBHI_186_2b4_LR,ICBHI_186,1,ICBHI,AKGC417L,0.9998534687060928,3
ICBHI_186_2b4_PL_000,ICBHI_186_2b4_PL,ICBHI_186,1,ICBHI,AKGC417L,0.9996288145497544,3
ICBHI_186_2b4_PL_001,ICBHI_186_2b4_PL,ICBHI_186,1,ICBHI,AKGC417L,0.9995434730763126,3
ICBHI_186_2b4_PL_002,ICBHI_186_2b4_PL,ICBHI_186,1,ICBHI,AKGC417L,0.9988619993801952,3
ICBHI_186_2b4_PL_003,ICBHI_186_2b4_PL,ICBHI_186,1,ICBHI,AKGC417L,0.9984572676379068,3
ICBHI_186_2b4_PL_004,ICBHI_186_2b4_PL,ICBHI_186,1,ICBHI,AKGC417L,0.9994907342856147,3
ICBHI_186_2b4_PL_005,ICBHI_186_2b4_PL,ICBHI_186,1,ICBHI,AKGC417L,0.9997153775984248,3
ICBHI_186_2b4_PL_006,ICBHI_186_2b4_PL,ICBHI_186,1,ICBHI,AKGC417L,0.9996416327220904,3
ICBHI_186_2b4_PR_000,ICBHI_186_2b4_PR,ICBHI_186,1,ICBHI,AKGC417L,0.999706345366684,3
ICBHI_186_2b4_PR_001,ICBHI_186_2b4_PR,ICBHI_186,1,ICBHI,AKGC417L,0.9997197890232812,3
ICBHI_186_2b4_PR_002,ICBHI_186_2b4_PR,ICBHI_186,1,ICBHI,AKGC417L,0.9996774927880132,3
ICBHI_186_2b4_PR_003,ICBHI_186_2b4_PR,ICBHI_186,1,ICBHI,AKGC417L,0.9995083184477072,3
ICBHI_186_2b4_PR_004,ICBHI_186_2b4_PR,ICBHI_186,1,ICBHI,AKGC417L,0.9996824912113432,3
ICBHI_186_2b4_PR_005,ICBHI_186_2b4_PR,ICBHI_186,1,ICBHI,AKGC417L,0.9997175919220068,3
ICBHI_186_2b4_PR_006,ICBHI_186_2b4_PR,ICBHI_186,1,ICBHI,AKGC417L,0.9995271455654796,3
ICBHI_186_2b4_TC_000,ICBHI_186_2b4_TC,ICBHI_186,1,ICBHI,AKGC417L,0.998231648313891,3
ICBHI_186_2b4_TC_001,ICBHI_186_2b4_TC,ICBHI_186,1,ICBHI,AKGC417L,0.998224739467894,3
ICBHI_186_2b4_TC_002,ICBHI_186_2b4_TC,ICBHI_186,1,ICBHI,AKGC417L,0.9990452682889194,3
ICBHI_186_2b4_TC_003,ICBHI_186_2b4_TC,ICBHI_186,1,ICBHI,AKGC417L,0.9991573576912436,3
ICBHI_186_2b4_TC_004,ICBHI_186_2b4_TC,ICBHI_186,1,ICBHI,AKGC417L,0.9970189672701452,3
ICBHI_186_2b4_TC_005,ICBHI_186_2b4_TC,ICBHI_186,1,ICBHI,AKGC417L,0.9960699144254948,3
ICBHI_186_2b4_TC_006,ICBHI_186_2b4_TC,ICBHI_186,1,ICBHI,AKGC417L,0.9960237720255248,3
ICBHI_186_3b3_AL_000,ICBHI_186_3b3_AL,ICBHI_186,1,ICBHI,AKGC417L,0.9993712159807095,3
ICBHI_186_3b3_AL_001,ICBHI_186_3b3_AL,ICBHI_186,1,ICBHI,AKGC417L,0.9997488132115092,3
ICBHI_186_3b3_AL_002,ICBHI_186_3b3_AL,ICBHI_186,1,ICBHI,AKGC417L,0.9996993836411756,3
ICBHI_186_3b3_AL_003,ICBHI_186_3b3_AL,ICBHI_186,1,ICBHI,AKGC417L,0.999593936049174,3
ICBHI_186_3b3_AL_004,ICBHI_186_3b3_AL,ICBHI_186,1,ICBHI,AKGC417L,0.9998073971230788,3
ICBHI_186_3b3_AL_005,ICBHI_186_3b3_AL,ICBHI_186,1,ICBHI,AKGC417L,0.999530823621416,3
ICBHI_186_3b3_AL_006,ICBHI_186_3b3_AL,ICBHI_186,1,ICBHI,AKGC417L,0.9992903296008996,3
ICBHI_186_3b3_AR_000,ICBHI_186_3b3_AR,ICBHI_186,1,ICBHI,AKGC417L,0.9996288145497544,3
ICBHI_186_3b3_AR_001,ICBHI_186_3b3_AR,ICBHI_186,1,ICBHI,AKGC417L,0.9997933701751162,3
ICBHI_186_3b3_AR_002,ICBHI_186_3b3_AR,ICBHI_186,1,ICBHI,AKGC417L,0.9996970265921912,3
ICBHI_186_3b3_AR_003,ICBHI_186_3b3_AR,ICBHI_186,1,ICBHI,AKGC417L,0.9996698472749022,3
ICBHI_186_3b3_AR_004,ICBHI_186_3b3_AR,ICBHI_186,1,ICBHI,AKGC417L,0.9995044640524364,3
ICBHI_186_3b3_AR_005,ICBHI_186_3b3_AR,ICBHI_186,1,ICBHI,AKGC417L,0.9992875540083602,3
ICBHI_186_3b3_AR_006,ICBHI_186_3b3_AR,ICBHI_186,1,ICBHI,AKGC417L,0.9996593706722668,3
ICBHI_186_3b3_LR_000,ICBHI_186_3b3_LR,ICBHI_186,1,ICBHI,AKGC417L,0.9997765836398173,3
ICBHI_186_3b3_LR_001,ICBHI_186_3b3_LR,ICBHI_186,1,ICBHI,AKGC417L,0.9997965730219448,3
ICBHI_186_3b3_LR_002,ICBHI_186_3b3_LR,ICBHI_186,1,ICBHI,AKGC417L,0.9996079582107624,3
ICBHI_186_3b3_LR_003,ICBHI_186_3b3_LR,ICBHI_186,1,ICBHI,AKGC417L,0.9998246300622622,3
ICBHI_186_3b3_LR_004,ICBHI_186_3b3_LR,ICBHI_186,1,ICBHI,AKGC417L,0.999819064230106,3
ICBHI_186_3b3_LR_005,ICBHI_186_3b3_LR,ICBHI_186,1,ICBHI,AKGC417L,0.9996970265921912,3
ICBHI_186_3b3_LR_006,ICBHI_186_3b3_LR,ICBHI_186,1,ICBHI,AKGC417L,0.9996672587165932,3
ICBHI_186_3b3_PL_000,ICBHI_186_3b3_PL,ICBHI_186,1,ICBHI,AKGC417L,0.9996824912113432,3
ICBHI_186_3b3_PL_001,ICBHI_186_3b3_PL,ICBHI_186,1,ICBHI,AKGC417L,0.9993228057669614,3
ICBHI_186_3b3_PL_002,ICBHI_186_3b3_PL,ICBHI_186,1,ICBHI,AKGC417L,0.998935037327944,3
ICBHI_186_3b3_PL_003,ICBHI_186_3b3_PL,ICBHI_186,1,ICBHI,AKGC417L,0.9992930943877576,3
ICBHI_186_3b3_PL_004,ICBHI_186_3b3_PL,ICBHI_186,1,ICBHI,AKGC417L,0.9994207083300786,3
ICBHI_186_3b3_PL_005,ICBHI_186_3b3_PL,ICBHI_186,1,ICBHI,AKGC417L,0.9992386741581052,3
ICBHI_186_3b3_PL_006,ICBHI_186_3b3_PL,ICBHI_186,1,ICBHI,AKGC417L,0.9995121428772178,3
ICBHI_186_3b3_PR_000,ICBHI_186_3b3_PR,ICBHI_186,1,ICBHI,AKGC417L,0.9990600561193372,3
ICBHI_186_3b3_PR_001,ICBHI_186_3b3_PR,ICBHI_186,1,ICBHI,AKGC417L,0.999409289574828,3
ICBHI_186_3b3_PR_002,ICBHI_186_3b3_PR,ICBHI_186,1,ICBHI,AKGC417L,0.999356314395516,3
ICBHI_186_3b3_PR_003,ICBHI_186_3b3_PR,ICBHI_186,1,ICBHI,AKGC417L,0.9996079582107624,3
ICBHI_186_3b3_PR_004,ICBHI_186_3b3_PR,ICBHI_186,1,ICBHI,AKGC417L,0.9995557816410784,3
ICBHI_186_3b3_PR_005,ICBHI_186_3b3_PR,ICBHI_186,1,ICBHI,AKGC417L,0.999510234393594,3
ICBHI_186_3b3_PR_006,ICBHI_186_3b3_PR,ICBHI_186,1,ICBHI,AKGC417L,0.9995252957440848,3
ICBHI_186_3b3_TC_000,ICBHI_186_3b3_TC,ICBHI_186,1,ICBHI,AKGC417L,0.9985506015921836,3
ICBHI_186_3b3_TC_001,ICBHI_186_3b3_TC,ICBHI_186,1,ICBHI,AKGC417L,0.9982926325142392,3
ICBHI_186_3b3_TC_002,ICBHI_186_3b3_TC,ICBHI_186,1,ICBHI,AKGC417L,0.9968149391785504,3
ICBHI_186_3b3_TC_003,ICBHI_186_3b3_TC,ICBHI_186,1,ICBHI,AKGC417L,0.9987306355296328,3
ICBHI_186_3b3_TC_004,ICBHI_186_3b3_TC,ICBHI_186,1,ICBHI,AKGC417L,0.9990340250847796,3
ICBHI_186_3b3_TC_005,ICBHI_186_3b3_TC,ICBHI_186,1,ICBHI,AKGC417L,0.999018828118793,3
ICBHI_186_3b3_TC_006,ICBHI_186_3b3_TC,ICBHI_186,1,ICBHI,AKGC417L,0.9993881659799272,3
ICBHI_189_1b2_LR_000,ICBHI_189_1b2_LR,ICBHI_189,1,ICBHI,LittC2SE,0.997459007373421,3
ICBHI_189_1b2_LR_001,ICBHI_189_1b2_LR,ICBHI_189,1,ICBHI,LittC2SE,0.9994296842929216,3
ICBHI_189_1b2_LR_002,ICBHI_189_1b2_LR,ICBHI_189,1,ICBHI,LittC2SE,0.998522057019784,3
ICBHI_189_1b2_LR_003,ICBHI_189_1b2_LR,ICBHI_189,1,ICBHI,LittC2SE,0.998715691879866,3
ICBHI_189_1b2_LR_004,ICBHI_189_1b2_LR,ICBHI_189,1,ICBHI,LittC2SE,0.9981397014271044,3
ICBHI_189_1b2_LR_005,ICBHI_189_1b2_LR,ICBHI_189,1,ICBHI,LittC2SE,0.997649517139974,3
ICBHI_189_1b2_LR_006,ICBHI_189_1b2_LR,ICBHI_189,1,ICBHI,LittC2SE,0.9993254441161578,3
ICBHI_205_1b3_AL_000,ICBHI_205_1b3_AL,ICBHI_205,1,ICBHI,AKGC417L,0.9991540624724046,3
ICBHI_205_1b3_AL_001,ICBHI_205_1b3_AL,ICBHI_205,1,ICBHI,AKGC417L,0.9990111403020492,3
ICBHI_205_1b3_AL_002,ICBHI_205_1b3_AL,ICBHI_205,1,ICBHI,AKGC417L,0.9979007265703336,3
ICBHI_205_1b3_AL_003,ICBHI_205_1b3_AL,ICBHI_205,1,ICBHI,AKGC417L,0.99899949559909,3
ICBHI_205_1b3_AL_004,ICBHI_205_1b3_AL,ICBHI_205,1,ICBHI,AKGC417L,0.9997219690361224,3
ICBHI_205_1b3_AL_005,ICBHI_205_1b3_AL,ICBHI_205,1,ICBHI,AKGC417L,0.9990673639986946,3
ICBHI_205_1b3_AL_006,ICBHI_205_1b3_AL,ICBHI_205,1,ICBHI,AKGC417L,0.9991864434649486,3
ICBHI_205_1b3_AR_000,ICBHI_205_1b3_AR,ICBHI_205,1,ICBHI,AKGC417L,0.9915215980653224,3
ICBHI_205_1b3_AR_001,ICBHI_205_1b3_AR,ICBHI_205,1,ICBHI,AKGC417L,0.988841968751916,3
ICBHI_205_1b3_AR_002,ICBHI_205_1b3_AR,ICBHI_205,1,ICBHI,AKGC417L,0.9942919660808864,3
ICBHI_205_1b3_AR_003,ICBHI_205_1b3_AR,ICBHI_205,1,ICBHI,AKGC417L,0.994880323761938,3
ICBHI_205_1b3_AR_004,ICBHI_205_1b3_AR,ICBHI_205,1,ICBHI,AKGC417L,0.9934357507792256,3
ICBHI_205_1b3_AR_005,ICBHI_205_1b3_AR,ICBHI_205,1,ICBHI,AKGC417L,0.9925682266657088,3
ICBHI_205_1b3_AR_006,ICBHI_205_1b3_AR,ICBHI_205,1,ICBHI,AKGC417L,0.986878728873449,3
ICBHI_205_1b3_LL_000,ICBHI_205_1b3_LL,ICBHI_205,1,ICBHI,AKGC417L,0.9873750507184356,3
ICBHI_205_1b3_LL_001,ICBHI_205_1b3_LL,ICBHI_205,1,ICBHI,AKGC417L,0.9757161305979632,3
ICBHI_205_1b3_LL_002,ICBHI_205_1b3_LL,ICBHI_205,1,ICBHI,AKGC417L,0.9914886969734374,3
ICBHI_205_1b3_LL_003,ICBHI_205_1b3_LL,ICBHI_205,1,ICBHI,AKGC417L,0.990403545267618,3
ICBHI_205_1b3_LL_004,ICBHI_205_1b3_LL,ICBHI_205,1,ICBHI,AKGC417L,0.9918437513730266,3
ICBHI_205_1b3_LL_005,ICBHI_205_1b3_LL,ICBHI_205,1,ICBHI,AKGC417L,0.997263778900852,3
ICBHI_205_1b3_LL_006,ICBHI_205_1b3_LL,ICBHI_205,1,ICBHI,AKGC417L,0.9851003567309808,3
ICBHI_205_1b3_LR_000,ICBHI_205_1b3_LR,ICBHI_205,1,ICBHI,AKGC417L,0.985882106574795,3
ICBHI_205_1b3_LR_001,ICBHI_205_1b3_LR,ICBHI_205,1,ICBHI,AKGC417L,0.9932811299991624,3
ICBHI_205_1b3_LR_002,ICBHI_205_1b3_LR,ICBHI_205,1,ICBHI,AKGC417L,0.9976586593489524,3
ICBHI_205_1b3_LR_003,ICBHI_205_1b3_LR,ICBHI_205,1,ICBHI,AKGC417L,0.9997783218943074,3
ICBHI_205_1b3_LR_004,ICBHI_205_1b3_LR,ICBHI_205,1,ICBHI,AKGC417L,0.9999285809860012,3
ICBHI_205_1b3_LR_005,ICBHI_205_1b3_LR,ICBHI_205,1,ICBHI,AKGC417L,0.9994766243086606,3
ICBHI_205_1b3_LR_006,ICBHI_205_1b3_LR,ICBHI_205,1,ICBHI,AKGC417L,0.9994786636933496,3
ICBHI_205_1b3_PL_000,ICBHI_205_1b3_PL,ICBHI_205,1,ICBHI,AKGC417L,0.997892527562115,3
ICBHI_205_1b3_PL_001,ICBHI_205_1b3_PL,ICBHI_205,1,ICBHI,AKGC417L,0.996234586215326,3
ICBHI_205_1b3_PL_002,ICBHI_205_1b3_PL,ICBHI_205,1,ICBHI,AKGC417L,0.9983579333307973,3
ICBHI_205_1b3_PL_003,ICBHI_205_1b3_PL,ICBHI_205,1,ICBHI,AKGC417L,0.9984572676379068,3
ICBHI_205_1b3_PL_004,ICBHI_205_1b3_PL,ICBHI_205,1,ICBHI,AKGC417L,0.9990673639986946,3
ICBHI_205_1b3_PL_005,ICBHI_205_1b3_PL,ICBHI_205,1,ICBHI,AKGC417L,0.9988167202304988,3
ICBHI_205_1b3_PL_006,ICBHI_205_1b3_PL,ICBHI_205,1,ICBHI,AKGC417L,0.9969365831511966,3
ICBHI_205_1b3_PR_000,ICBHI_205_1b3_PR,ICBHI_205,1,ICBHI,AKGC417L,0.9945730566510748,3
ICBHI_205_1b3_PR_001,ICBHI_205_1b3_PR,ICBHI_205,1,ICBHI,AKGC417L,0.990659975614946,3
ICBHI_205_1b3_PR_002,ICBHI_205_1b3_PR,ICBHI_205,1,ICBHI,AKGC417L,0.9932811299991624,3
ICBHI_205_1b3_PR_003,ICBHI_205_1b3_PR,ICBHI_205,1,ICBHI,AKGC417L,0.9869292152258128,3
ICBHI_205_1b3_PR_004,ICBHI_205_1b3_PR,ICBHI_205,1,ICBHI,AKGC417L,0.9891815513471368,3
ICBHI_205_1b3_PR_005,ICBHI_205_1b3_PR,ICBHI_205,1,ICBHI,AKGC417L,0.9962782913492784,3
ICBHI_205_1b3_PR_006,ICBHI_205_1b3_PR,ICBHI_205,1,ICBHI,AKGC417L,0.9920927084953716,3
ICBHI_205_2b2_PR_000,ICBHI_205_2b2_PR,ICBHI_205,1,ICBHI,AKGC417L,0.9998043646624728,3
ICBHI_205_2b2_PR_001,ICBHI_205_2b2_PR,ICBHI_205,1,ICBHI,AKGC417L,0.9997408417533284,3
ICBHI_205_2b2_PR_002,ICBHI_205_2b2_PR,ICBHI_205,1,ICBHI,AKGC417L,0.9995289881819112,3
ICBHI_205_2b2_PR_003,ICBHI_205_2b2_PR,ICBHI_205,1,ICBHI,AKGC417L,0.9991203937935236,3
ICBHI_205_2b2_PR_004,ICBHI_205_2b2_PR,ICBHI_205,1,ICBHI,AKGC417L,0.9993280721932551,3
ICBHI_205_2b2_PR_005,ICBHI_205_2b2_PR,ICBHI_205,1,ICBHI,AKGC417L,0.9994207083300786,3
ICBHI_205_2b2_PR_006,ICBHI_205_2b2_PR,ICBHI_205,1,ICBHI,AKGC417L,0.999338482577126,3
ICBHI_205_2b3_AL_000,ICBHI_205_2b3_AL,ICBHI_205,1,ICBHI,AKGC417L,0.9997868124387096,3
ICBHI_205_2b3_AL_001,ICBHI_205_2b3_AL,ICBHI_205,1,ICBHI,AKGC417L,0.9995970947907232,3
ICBHI_205_2b3_AL_002,ICBHI_205_2b3_AL,ICBHI_205,1,ICBHI,AKGC417L,0.9992206339069792,3
ICBHI_205_2b3_AL_003,ICBHI_205_2b3_AL,ICBHI_205,1,ICBHI,AKGC417L,0.9987934102877536,3
ICBHI_205_2b3_AL_004,ICBHI_205_2b3_AL,ICBHI_205,1,ICBHI,AKGC417L,0.9983579333307973,3
ICBHI_205_2b3_AL_005,ICBHI_205_2b3_AL,ICBHI_205,1,ICBHI,AKGC417L,0.9965435903319344,3
ICBHI_205_2b3_AL_006,ICBHI_205_2b3_AL,ICBHI_205,1,ICBHI,AKGC417L,0.9745319170136324,3
ICBHI_205_2b3_AR_000,ICBHI_205_2b3_AR,ICBHI_205,1,ICBHI,AKGC417L,0.9935117304033434,3
ICBHI_205_2b3_AR_001,ICBHI_205_2b3_AR,ICBHI_205,1,ICBHI,AKGC417L,0.9889278398167658,3
ICBHI_205_2b3_AR_002,ICBHI_205_2b3_AR,ICBHI_205,1,ICBHI,AKGC417L,0.975854577282535,3
ICBHI_205_2b3_AR_003,ICBHI_205_2b3_AR,ICBHI_205,1,ICBHI,AKGC417L,0.9964481154509656,3
ICBHI_205_2b3_AR_004,ICBHI_205_2b3_AR,ICBHI_205,1,ICBHI,AKGC417L,0.9979966667138236,3
ICBHI_205_2b3_AR_005,ICBHI_205_2b3_AR,ICBHI_205,1,ICBHI,AKGC417L,0.9940889311437562,3
ICBHI_205_2b3_AR_006,ICBHI_205_2b3_AR,ICBHI_205,1,ICBHI,AKGC417L,0.9952816307449724,3
ICBHI_205_2b3_LL_000,ICBHI_205_2b3_LL,ICBHI_205,1,ICBHI,AKGC417L,0.9985046615466896,3
ICBHI_205_2b3_LL_001,ICBHI_205_2b3_LL,ICBHI_205,1,ICBHI,AKGC417L,0.9949788500523676,3
ICBHI_205_2b3_LL_002,ICBHI_205_2b3_LL,ICBHI_205,1,ICBHI,AKGC417L,0.9970535950245228,3
ICBHI_205_2b3_LL_003,ICBHI_205_2b3_LL,ICBHI_205,1,ICBHI,AKGC417L,0.9956853120436374,3
ICBHI_205_2b3_LL_004,ICBHI_205_2b3_LL,ICBHI_205,1,ICBHI,AKGC417L,0.999183261895333,3
ICBHI_205_2b3_LL_005,ICBHI_205_2b3_LL,ICBHI_205,1,ICBHI,AKGC417L,0.9975656179914948,3
ICBHI_205_2b3_LL_006,ICBHI_205_2b3_LL,ICBHI_205,1,ICBHI,AKGC417L,0.9830200077626816,3
ICBHI_205_2b4_PL_000,ICBHI_205_2b4_PL,ICBHI_205,1,ICBHI,AKGC417L,0.9981469406043856,3
ICBHI_205_2b4_PL_001,ICBHI_205_2b4_PL,ICBHI_205,1,ICBHI,AKGC417L,0.9978760335582024,3
ICBHI_205_2b4_PL_002,ICBHI_205_2b4_PL,ICBHI_205,1,ICBHI,AKGC417L,0.99594566591324,3
ICBHI_205_2b4_PL_003,ICBHI_205_2b4_PL,ICBHI_205,1,ICBHI,AKGC417L,0.9965570192011142,3
ICBHI_205_2b4_PL_004,ICBHI_205_2b4_PL,ICBHI_205,1,ICBHI,AKGC417L,0.9983321176728251,3
ICBHI_205_2b4_PL_005,ICBHI_205_2b4_PL,ICBHI_205,1,ICBHI,AKGC417L,0.998265792016491,3
ICBHI_205_2b4_PL_006,ICBHI_205_2b4_PL,ICBHI_205,1,ICBHI,AKGC417L,0.99771277239413,3
ICBHI_205_3b4_AL_000,ICBHI_205_3b4_AL,ICBHI_205,1,ICBHI,AKGC417L,0.9995777671302332,3
ICBHI_205_3b4_AL_001,ICBHI_205_3b4_AL,ICBHI_205,1,ICBHI,AKGC417L,0.9998058868132212,3
ICBHI_205_3b4_AL_002,ICBHI_205_3b4_AL,ICBHI_205,1,ICBHI,AKGC417L,0.9998911030899734,3
ICBHI_205_3b4_AL_003,ICBHI_205_3b4_AL,ICBHI_205,1,ICBHI,AKGC417L,0.9999398584822232,3
ICBHI_205_3b4_AL_004,ICBHI_205_3b4_AL,ICBHI_205,1,ICBHI,AKGC417L,0.9998716905736216,3
ICBHI_205_3b4_AL_005,ICBHI_205_3b4_AL,ICBHI_205,1,ICBHI,AKGC417L,0.9996874121901304,3
ICBHI_205_3b4_AL_006,ICBHI_205_3b4_AL,ICBHI_205,1,ICBHI,AKGC417L,0.9998012844663928,3
ICBHI_205_3b4_AR_000,ICBHI_205_3b4_AR,ICBHI_205,1,ICBHI,AKGC417L,0.9980657388967296,3
ICBHI_205_3b4_AR_001,ICBHI_205_3b4_AR,ICBHI_205,1,ICBHI,AKGC417L,0.9987886935494876,3
ICBHI_205_3b4_AR_002,ICBHI_205_3b4_AR,ICBHI_205,1,ICBHI,AKGC417L,0.99969225692354,3
ICBHI_205_3b4_AR_003,ICBHI_205_3b4_AR,ICBHI_205,1,ICBHI,AKGC417L,0.9998499943378502,3
ICBHI_205_3b4_AR_004,ICBHI_205_3b4_AR,ICBHI_205,1,ICBHI,AKGC417L,0.999063717182244,3
ICBHI_205_3b4_AR_005,ICBHI_205_3b4_AR,ICBHI_205,1,ICBHI,AKGC417L,0.9994472213630764,3
ICBHI_205_3b4_AR_006,ICBHI_205_3b4_AR,ICBHI_205,1,ICBHI,AKGC417L,0.9998911030899734,3
ICBHI_205_3b4_PL_000,ICBHI_205_3b4_PL,ICBHI_205,1,ICBHI,AKGC417L,0.9989556140581076,3
ICBHI_205_3b4_PL_001,ICBHI_205_3b4_PL,ICBHI_205,1,ICBHI,AKGC417L,0.9988486004343228,3
ICBHI_205_3b4_PL_002,ICBHI_205_3b4_PL,ICBHI_205,1,ICBHI,AKGC417L,0.999304046316105,3
ICBHI_205_3b4_PL_003,ICBHI_205_3b4_PL,ICBHI_205,1,ICBHI,AKGC417L,0.999571120781748,3
ICBHI_205_3b4_PL_004,ICBHI_205_3b4_PL,ICBHI_205,1,ICBHI,AKGC417L,0.999167166595505,3
ICBHI_205_3b4_PL_005,ICBHI_205_3b4_PL,ICBHI_205,1,ICBHI,AKGC417L,0.9995289881819112,3
ICBHI_205_3b4_PL_006,ICBHI_205_3b4_PL,ICBHI_205,1,ICBHI,AKGC417L,0.9995083184477072,3
ICBHI_205_3b4_PR_000,ICBHI_205_3b4_PR,ICBHI_205,1,ICBHI,AKGC417L,0.0472497135014898,3
ICBHI_205_3b4_PR_001,ICBHI_205_3b4_PR,ICBHI_205,1,ICBHI,AKGC417L,0.3595890017625776,3
ICBHI_205_3b4_PR_002,ICBHI_205_3b4_PR,ICBHI_205,1,ICBHI,AKGC417L,0.941654159388319,3
ICBHI_205_3b4_PR_003,ICBHI_205_3b4_PR,ICBHI_205,1,ICBHI,AKGC417L,0.965250375232816,3
ICBHI_205_3b4_PR_004,ICBHI_205_3b4_PR,ICBHI_205,1,ICBHI,AKGC417L,0.8139049366785899,3
ICBHI_205_3b4_PR_005,ICBHI_205_3b4_PR,ICBHI_205,1,ICBHI,AKGC417L,0.969785412932606,3
ICBHI_205_3b4_PR_006,ICBHI_205_3b4_PR,ICBHI_205,1,ICBHI,AKGC417L,0.8144958663763225,3
ICBHI_205_4b2_AL_000,ICBHI_205_4b2_AL,ICBHI_205,1,ICBHI,AKGC417L,0.999680001755926,3
ICBHI_205_4b2_AL_001,ICBHI_205_4b2_AL,ICBHI_205,1,ICBHI,AKGC417L,0.9996749641547632,3
ICBHI_205_4b2_AL_002,ICBHI_205_4b2_AL,ICBHI_205,1,ICBHI,AKGC417L,0.9996185288352376,3
ICBHI_205_4b2_AL_003,ICBHI_205_4b2_AL,ICBHI_205,1,ICBHI,AKGC417L,0.9995609546695268,3
ICBHI_205_4b2_AL_004,ICBHI_205_4b2_AL,ICBHI_205,1,ICBHI,AKGC417L,0.9995522991531196,3
ICBHI_205_4b2_AL_005,ICBHI_205_4b2_AL,ICBHI_205,1,ICBHI,AKGC417L,0.9994515207611326,3
ICBHI_205_4b2_AL_006,ICBHI_205_4b2_AL,ICBHI_205,1,ICBHI,AKGC417L,0.9996526546943404,3
ICBHI_205_4b2_AR_000,ICBHI_205_4b2_AR,ICBHI_205,1,ICBHI,AKGC417L,0.9881766051636294,3
ICBHI_205_4b2_AR_001,ICBHI_205_4b2_AR,ICBHI_205,1,ICBHI,AKGC417L,0.9940889311437562,3
ICBHI_205_4b2_AR_002,ICBHI_205_4b2_AR,ICBHI_205,1,ICBHI,AKGC417L,0.9846936454393052,3
ICBHI_205_4b2_AR_003,ICBHI_205_4b2_AR,ICBHI_205,1,ICBHI,AKGC417L,0.9781771750265408,3
ICBHI_205_4b2_AR_004,ICBHI_205_4b2_AR,ICBHI_205,1,ICBHI,AKGC417L,0.9933071490757152,3
ICBHI_205_4b2_AR_005,ICBHI_205_4b2_AR,ICBHI_205,1,ICBHI,AKGC417L,0.9470881887900422,3
ICBHI_205_4b2_AR_006,ICBHI_205_4b2_AR,ICBHI_205,1,ICBHI,AKGC417L,0.8951566359697456,3
ICBHI_205_4b2_LR_000,ICBHI_205_4b2_LR,ICBHI_205,1,ICBHI,AKGC417L,0.6081868928413321,3
ICBHI_205_4b2_LR_001,ICBHI_205_4b2_LR,ICBHI_205,1,ICBHI,AKGC417L,0.8234704036870838,3
ICBHI_205_4b2_LR_002,ICBHI_205_4b2_LR,ICBHI_205,1,ICBHI,AKGC417L,0.8838389091905732,3
ICBHI_205_4b2_LR_003,ICBHI_205_4b2_LR,ICBHI_205,1,ICBHI,AKGC417L,0.9186263633876088,3
ICBHI_205_4b2_LR_004,ICBHI_205_4b2_LR,ICBHI_205,1,ICBHI,AKGC417L,0.7494541351946964,3
ICBHI_205_4b2_LR_005,ICBHI_205_4b2_LR,ICBHI_205,1,ICBHI,AKGC417L,0.8063956426842929,3
ICBHI_205_4b2_LR_006,ICBHI_205_4b2_LR,ICBHI_205,1,ICBHI,AKGC417L,0.8436376325170074,3
ICBHI_205_4b2_PL_000,ICBHI_205_4b2_PL,ICBHI_205,1,ICBHI,AKGC417L,0.9994319064800212,3
ICBHI_205_4b2_PL_001,ICBHI_205_4b2_PL,ICBHI_205,1,ICBHI,AKGC417L,0.9992386741581052,3
ICBHI_205_4b2_PL_002,ICBHI_205_4b2_PL,ICBHI_205,1,ICBHI,AKGC417L,0.9994557867375674,3
ICBHI_205_4b2_PL_003,ICBHI_205_4b2_PL,ICBHI_205,1,ICBHI,AKGC417L,0.9995677584942982,3
ICBHI_205_4b2_PL_004,ICBHI_205_4b2_PL,ICBHI_205,1,ICBHI,AKGC417L,0.999624440776353,3
ICBHI_205_4b2_PL_005,ICBHI_205_4b2_PL,ICBHI_205,1,ICBHI,AKGC417L,0.9994341200134584,3
ICBHI_205_4b2_PL_006,ICBHI_205_4b2_PL,ICBHI_205,1,ICBHI,AKGC417L,0.9994138838254832,3
ICBHI_205_4b2_PR_000,ICBHI_205_4b2_PR,ICBHI_205,1,ICBHI,AKGC417L,0.9680808472695964,3
ICBHI_205_4b2_PR_001,ICBHI_205_4b2_PR,ICBHI_205,1,ICBHI,AKGC417L,0.929055172257238,3
ICBHI_205_4b2_PR_002,ICBHI_205_4b2_PR,ICBHI_205,1,ICBHI,AKGC417L,0.8402589766446108,3
ICBHI_205_4b2_PR_003,ICBHI_205_4b2_PR,ICBHI_205,1,ICBHI,AKGC417L,0.9525741268224334,3
ICBHI_205_4b2_PR_004,ICBHI_205_4b2_PR,ICBHI_205,1,ICBHI,AKGC417L,0.9681411443139596,3
ICBHI_205_4b2_PR_005,ICBHI_205_4b2_PR,ICBHI_205,1,ICBHI,AKGC417L,0.9672250161000436,3
ICBHI_205_4b2_PR_006,ICBHI_205_4b2_PR,ICBHI_205,1,ICBHI,AKGC417L,0.9733928914303028,3
ICBHI_217_1b1_TC_000,ICBHI_217_1b1_TC,ICBHI_217,0,ICBHI,Meditron,0.7948630755523767,3
ICBHI_217_1b1_TC_001,ICBHI_217_1b1_TC,ICBHI_217,0,ICBHI,Meditron,0.0434468968600518,3
ICBHI_217_1b1_TC_002,ICBHI_217_1b1_TC,ICBHI_217,0,ICBHI,Meditron,0.0006771942330385,3
ICBHI_217_1b1_TC_003,ICBHI_217_1b1_TC,ICBHI_217,0,ICBHI,Meditron,0.0018031664077959,3
ICBHI_217_1b1_TC_004,ICBHI_217_1b1_TC,ICBHI_217,0,ICBHI,Meditron,0.0119150219671482,3
ICBHI_217_1b1_TC_005,ICBHI_217_1b1_TC,ICBHI_217,0,ICBHI,Meditron,0.0043994131627364,3
ICBHI_217_1b1_TC_006,ICBHI_217_1b1_TC,ICBHI_217,0,ICBHI,Meditron,0.0051596231763425,3
ICBHI_218_1b1_AL_000,ICBHI_218_1b1_AL,ICBHI_218,1,ICBHI,Meditron,0.9989877139083392,3
ICBHI_218_1b1_AL_001,ICBHI_218_1b1_AL,ICBHI_218,1,ICBHI,Meditron,0.9989916564583438,3
ICBHI_218_1b1_AL_002,ICBHI_218_1b1_AL,ICBHI_218,1,ICBHI,Meditron,0.9992735124786836,3
ICBHI_218_1b1_AL_003,ICBHI_218_1b1_AL,ICBHI_218,1,ICBHI,Meditron,0.999515937573708,3
ICBHI_218_1b1_AL_004,ICBHI_218_1b1_AL,ICBHI_218,1,ICBHI,Meditron,0.9989474314594652,3
ICBHI_218_1b1_AL_005,ICBHI_218_1b1_AL,ICBHI_218,1,ICBHI,Meditron,0.999498625760132,3
ICBHI_218_1b1_AL_006,ICBHI_218_1b1_AL,ICBHI_218,1,ICBHI,Meditron,0.9997800466275678,3
ICBHI_218_1b1_AL_007,ICBHI_218_1b1_AL,ICBHI_218,1,ICBHI,Meditron,0.9995252957440848,3
ICBHI_218_1b1_AL_008,ICBHI_218_1b1_AL,ICBHI_218,1,ICBHI,Meditron,0.9992114542304054,3
ICBHI_218_1b1_AL_009,ICBHI_218_1b1_AL,ICBHI_218,1,ICBHI,Meditron,0.999259194411005,3
ICBHI_218_1b1_AL_010,ICBHI_218_1b1_AL,ICBHI_218,1,ICBHI,Meditron,0.9995875441098898,3
ICBHI_218_1b1_AL_011,ICBHI_218_1b1_AL,ICBHI_218,1,ICBHI,Meditron,0.9986488791671222,3
ICBHI_218_1b1_AL_012,ICBHI_218_1b1_AL,ICBHI_218,1,ICBHI,Meditron,0.9994252138224352,3
ICBHI_218_1b1_AL_013,ICBHI_218_1b1_AL,ICBHI_218,1,ICBHI,Meditron,0.9998557401355151,3
ICBHI_218_1b1_AL_014,ICBHI_218_1b1_AL,ICBHI_218,1,ICBHI,Meditron,0.9997712866852788,3
ICBHI_218_1b1_AL_015,ICBHI_218_1b1_AL,ICBHI_218,1,ICBHI,Meditron,0.9995843105229772,3
ICBHI_218_1b1_AL_016,ICBHI_218_1b1_AL,ICBHI_218,1,ICBHI,Meditron,0.9959139973057952,3
ICBHI_218_1b1_AL_017,ICBHI_218_1b1_AL,ICBHI_218,1,ICBHI,Meditron,0.9976586593489524,3
ICBHI_218_1b1_AL_018,ICBHI_218_1b1_AL,ICBHI_218,1,ICBHI,Meditron,0.9991306326071938,3
ICBHI_218_1b1_AL_019,ICBHI_218_1b1_AL,ICBHI_218,1,ICBHI,Meditron,0.9992445943672704,3
ICBHI_218_1b1_AL_020,ICBHI_218_1b1_AL,ICBHI_218,1,ICBHI,Meditron,0.9973373872828826,3
ICBHI_218_1b1_AL_021,ICBHI_218_1b1_AL,ICBHI_218,1,ICBHI,Meditron,0.9956176633592692,3
ICBHI_218_1b1_AL_022,ICBHI_218_1b1_AL,ICBHI_218,1,ICBHI,Meditron,0.9956516186780524,3
ICBHI_218_1b1_AL_023,ICBHI_218_1b1_AL,ICBHI_218,1,ICBHI,Meditron,0.9969721649754316,3
ICBHI_218_1b1_AL_024,ICBHI_218_1b1_AL,ICBHI_218,1,ICBHI,Meditron,0.9973165601911425,3
ICBHI_218_1b1_AL_025,ICBHI_218_1b1_AL,ICBHI_218,1,ICBHI,Meditron,0.997892527562115,3
ICBHI_218_1b1_AL_026,ICBHI_218_1b1_AL,ICBHI_218,1,ICBHI,Meditron,0.997765637580055,3
ICBHI_218_1b1_AR_000,ICBHI_218_1b1_AR,ICBHI_218,1,ICBHI,Meditron,0.9995810515958958,3
ICBHI_218_1b1_AR_001,ICBHI_218_1b1_AR,ICBHI_218,1,ICBHI,Meditron,0.999571120781748,3
ICBHI_218_1b1_AR_002,ICBHI_218_1b1_AR,ICBHI_218,1,ICBHI,Meditron,0.9994927187173008,3
ICBHI_218_1b1_AR_003,ICBHI_218_1b1_AR,ICBHI_218,1,ICBHI,Meditron,0.999523438689581,3
ICBHI_218_1b1_AR_004,ICBHI_218_1b1_AR,ICBHI_218,1,ICBHI,Meditron,0.9989757936215702,3
ICBHI_218_1b1_AR_005,ICBHI_218_1b1_AR,ICBHI_218,1,ICBHI,Meditron,0.9983770329385312,3
ICBHI_218_1b1_AR_006,ICBHI_218_1b1_AR,ICBHI_218,1,ICBHI,Meditron,0.9991606400848502,3
ICBHI_218_1b1_AR_007,ICBHI_218_1b1_AR,ICBHI_218,1,ICBHI,Meditron,0.9992386741581052,3
ICBHI_218_1b1_AR_008,ICBHI_218_1b1_AR,ICBHI_218,1,ICBHI,Meditron,0.9991373922419716,3
ICBHI_218_1b1_AR_009,ICBHI_218_1b1_AR,ICBHI_218,1,ICBHI,Meditron,0.999241640035366,3
ICBHI_218_1b1_AR_010,ICBHI_218_1b1_AR,ICBHI_218,1,ICBHI,Meditron,0.9994138838254832,3
ICBHI_218_1b1_AR_011,ICBHI_218_1b1_AR,ICBHI_218,1,ICBHI,Meditron,0.9992763427354946,3
ICBHI_218_1b1_AR_012,ICBHI_218_1b1_AR,ICBHI_218,1,ICBHI,Meditron,0.9991340190143472,3
ICBHI_218_1b1_AR_013,ICBHI_218_1b1_AR,ICBHI_218,1,ICBHI,Meditron,0.9995434730763126,3
ICBHI_218_1b1_AR_014,ICBHI_218_1b1_AR,ICBHI_218,1,ICBHI,Meditron,0.9997326173871384,3
ICBHI_218_1b1_AR_015,ICBHI_218_1b1_AR,ICBHI_218,1,ICBHI,Meditron,0.9998043646624728,3
ICBHI_218_1b1_AR_016,ICBHI_218_1b1_AR,ICBHI_218,1,ICBHI,Meditron,0.9993736658418904,3
ICBHI_218_1b1_AR_017,ICBHI_218_1b1_AR,ICBHI_218,1,ICBHI,Meditron,0.9988213279637184,3
ICBHI_218_1b1_AR_018,ICBHI_218_1b1_AR,ICBHI_218,1,ICBHI,Meditron,0.9996540083968218,3
ICBHI_218_1b1_AR_019,ICBHI_218_1b1_AR,ICBHI_218,1,ICBHI,Meditron,0.9996774927880132,3
ICBHI_218_1b1_AR_020,ICBHI_218_1b1_AR,ICBHI_218,1,ICBHI,Meditron,0.9976125907901376,3
ICBHI_218_1b1_AR_021,ICBHI_218_1b1_AR,ICBHI_218,1,ICBHI,Meditron,0.7210562558240734,3
ICBHI_218_1b1_AR_022,ICBHI_218_1b1_AR,ICBHI_218,1,ICBHI,Meditron,0.9774139572136528,3
ICBHI_218_1b1_AR_023,ICBHI_218_1b1_AR,ICBHI_218,1,ICBHI,Meditron,0.9998546088558772,3
ICBHI_218_1b1_AR_024,ICBHI_218_1b1_AR,ICBHI_218,1,ICBHI,Meditron,0.9989677689632452,3
ICBHI_218_1b1_AR_025,ICBHI_218_1b1_AR,ICBHI_218,1,ICBHI,Meditron,0.9983386093266648,3
ICBHI_218_1b1_AR_026,ICBHI_218_1b1_AR,ICBHI_218,1,ICBHI,Meditron,0.999534473081248,3
ICBHI_218_1b1_LR_000,ICBHI_218_1b1_LR,ICBHI_218,1,ICBHI,Meditron,0.9889705299774982,3
ICBHI_218_1b1_LR_001,ICBHI_218_1b1_LR,ICBHI_218,1,ICBHI,Meditron,0.990659975614946,3
ICBHI_218_1b1_LR_002,ICBHI_218_1b1_LR,ICBHI_218,1,ICBHI,Meditron,0.9969839337826156,3
ICBHI_218_1b1_LR_003,ICBHI_218_1b1_LR,ICBHI_218,1,ICBHI,Meditron,0.9988440991928482,3
ICBHI_218_1b1_LR_004,ICBHI_218_1b1_LR,ICBHI_218,1,ICBHI,Meditron,0.9992735124786836,3
ICBHI_218_1b1_LR_005,ICBHI_218_1b1_LR,ICBHI_218,1,ICBHI,Meditron,0.9992930943877576,3
ICBHI_218_1b1_LR_006,ICBHI_218_1b1_LR,ICBHI_218,1,ICBHI,Meditron,0.9993436271675652,3
ICBHI_218_1b1_LR_007,ICBHI_218_1b1_LR,ICBHI_218,1,ICBHI,Meditron,0.998516281097091,3
ICBHI_218_1b1_LR_008,ICBHI_218_1b1_LR,ICBHI_218,1,ICBHI,Meditron,0.998012225787616,3
ICBHI_218_1b1_LR_009,ICBHI_218_1b1_LR,ICBHI_218,1,ICBHI,Meditron,0.9981030799255212,3
ICBHI_218_1b1_LR_010,ICBHI_218_1b1_LR,ICBHI_218,1,ICBHI,Meditron,0.9983321176728251,3
ICBHI_218_1b1_LR_011,ICBHI_218_1b1_LR,ICBHI_218,1,ICBHI,Meditron,0.9986954933533844,3
ICBHI_218_1b1_LR_012,ICBHI_218_1b1_LR,ICBHI_218,1,ICBHI,Meditron,0.9989098099985672,3
ICBHI_218_1b1_LR_013,ICBHI_218_1b1_LR,ICBHI_218,1,ICBHI,Meditron,0.9990226496068572,3
ICBHI_218_1b1_LR_014,ICBHI_218_1b1_LR,ICBHI_218,1,ICBHI,Meditron,0.9965029897474263,3
ICBHI_218_1b1_LR_015,ICBHI_218_1b1_LR,ICBHI_218,1,ICBHI,Meditron,0.9918437513730266,3
ICBHI_218_1b1_LR_016,ICBHI_218_1b1_LR,ICBHI_218,1,ICBHI,Meditron,0.991422514586288,3
ICBHI_218_1b1_LR_017,ICBHI_218_1b1_LR,ICBHI_218,1,ICBHI,Meditron,0.9919380084717284,3
ICBHI_218_1b1_LR_018,ICBHI_218_1b1_LR,ICBHI_218,1,ICBHI,Meditron,0.998196833592204,3
ICBHI_218_1b1_LR_019,ICBHI_218_1b1_LR,ICBHI_218,1,ICBHI,Meditron,0.999694651067888,3
ICBHI_218_1b1_LR_020,ICBHI_218_1b1_LR,ICBHI_218,1,ICBHI,Meditron,0.9996874121901304,3
ICBHI_218_1b1_LR_021,ICBHI_218_1b1_LR,ICBHI_218,1,ICBHI,Meditron,0.9995843105229772,3
ICBHI_218_1b1_LR_022,ICBHI_218_1b1_LR,ICBHI_218,1,ICBHI,Meditron,0.9996512956973052,3
ICBHI_218_1b1_LR_023,ICBHI_218_1b1_LR,ICBHI_218,1,ICBHI,Meditron,0.9995875441098898,3
ICBHI_218_1b1_LR_024,ICBHI_218_1b1_LR,ICBHI_218,1,ICBHI,Meditron,0.999523438689581,3
ICBHI_218_1b1_LR_025,ICBHI_218_1b1_LR,ICBHI_218,1,ICBHI,Meditron,0.9994450590492856,3
ICBHI_218_1b1_LR_026,ICBHI_218_1b1_LR,ICBHI_218,1,ICBHI,Meditron,0.999063717182244,3
ICBHI_218_1b1_LR_027,ICBHI_218_1b1_LR,ICBHI_218,1,ICBHI,Meditron,0.9992145260642746,3
ICBHI_218_1b1_LR_028,ICBHI_218_1b1_LR,ICBHI_218,1,ICBHI,Meditron,0.9996526546943404,3
ICBHI_218_1b1_LR_029,ICBHI_218_1b1_LR,ICBHI_218,1,ICBHI,Meditron,0.9996749641547632,3
ICBHI_218_1b1_LR_030,ICBHI_218_1b1_LR,ICBHI_218,1,ICBHI,Meditron,0.9990302480322174,3
ICBHI_218_1b1_LR_031,ICBHI_218_1b1_LR,ICBHI_218,1,ICBHI,Meditron,0.998285961520812,3
ICBHI_218_1b1_PL_000,ICBHI_218_1b1_PL,ICBHI_218,1,ICBHI,Meditron,0.9988350439117648,3
ICBHI_218_1b1_PL_001,ICBHI_218_1b1_PL,ICBHI_218,1,ICBHI,Meditron,0.997892527562115,3
ICBHI_218_1b1_PL_002,ICBHI_218_1b1_PL,ICBHI_218,1,ICBHI,Meditron,0.9989757936215702,3
ICBHI_218_1b1_PL_003,ICBHI_218_1b1_PL,ICBHI_218,1,ICBHI,Meditron,0.9985562441028796,3
ICBHI_218_1b1_PL_004,ICBHI_218_1b1_PL,ICBHI_218,1,ICBHI,Meditron,0.9990489868953062,3
ICBHI_218_1b1_PL_005,ICBHI_218_1b1_PL,ICBHI_218,1,ICBHI,Meditron,0.9989757936215702,3
ICBHI_218_1b1_PL_006,ICBHI_218_1b1_PL,ICBHI_218,1,ICBHI,Meditron,0.998896973358602,3
ICBHI_218_1b1_PL_007,ICBHI_218_1b1_PL,ICBHI_218,1,ICBHI,Meditron,0.9986645991810268,3
ICBHI_218_1b1_PL_008,ICBHI_218_1b1_PL,ICBHI_218,1,ICBHI,Meditron,0.9980505978724696,3
ICBHI_218_1b1_PL_009,ICBHI_218_1b1_PL,ICBHI_218,1,ICBHI,Meditron,0.994615062038222,3
ICBHI_218_1b1_PL_010,ICBHI_218_1b1_PL,ICBHI_218,1,ICBHI,Meditron,0.9961456361730884,3
ICBHI_218_1b1_PL_011,ICBHI_218_1b1_PL,ICBHI_218,1,ICBHI,Meditron,0.9978760335582024,3
ICBHI_218_1b1_PL_012,ICBHI_218_1b1_PL,ICBHI_218,1,ICBHI,Meditron,0.9864678513445928,3
ICBHI_218_1b1_PL_013,ICBHI_218_1b1_PL,ICBHI_218,1,ICBHI,Meditron,0.9922744656025764,3
ICBHI_218_1b1_PL_014,ICBHI_218_1b1_PL,ICBHI_218,1,ICBHI,Meditron,0.9934102283369194,3
ICBHI_218_1b1_PL_015,ICBHI_218_1b1_PL,ICBHI_218,1,ICBHI,Meditron,0.9670387599462188,3
ICBHI_218_1b1_PL_016,ICBHI_218_1b1_PL,ICBHI_218,1,ICBHI,Meditron,0.9897513980768414,3
ICBHI_218_1b1_PL_017,ICBHI_218_1b1_PL,ICBHI_218,1,ICBHI,Meditron,0.994998327750071,3
ICBHI_218_1b1_PL_018,ICBHI_218_1b1_PL,ICBHI_218,1,ICBHI,Meditron,0.9849273716910544,3
ICBHI_218_1b1_PL_019,ICBHI_218_1b1_PL,ICBHI_218,1,ICBHI,Meditron,0.9691494910279632,3
ICBHI_218_1b1_PL_020,ICBHI_218_1b1_PL,ICBHI_218,1,ICBHI,Meditron,0.9925969859111274,3
ICBHI_218_1b1_PL_021,ICBHI_218_1b1_PL,ICBHI_218,1,ICBHI,Meditron,0.9973683260251156,3
ICBHI_218_1b1_PL_022,ICBHI_218_1b1_PL,ICBHI_218,1,ICBHI,Meditron,0.9968763514001466,3
ICBHI_218_1b1_PL_023,ICBHI_218_1b1_PL,ICBHI_218,1,ICBHI,Meditron,0.991186833496954,3
ICBHI_218_1b1_PL_024,ICBHI_218_1b1_PL,ICBHI_218,1,ICBHI,Meditron,0.9971439874741472,3
ICBHI_218_1b1_PL_025,ICBHI_218_1b1_PL,ICBHI_218,1,ICBHI,Meditron,0.9983770329385312,3
ICBHI_218_1b1_PR_000,ICBHI_218_1b1_PR,ICBHI_218,1,ICBHI,Meditron,0.9973165601911425,3
ICBHI_218_1b1_PR_001,ICBHI_218_1b1_PR,ICBHI_218,1,ICBHI,Meditron,0.9937100978631076,3
ICBHI_218_1b1_PR_002,ICBHI_218_1b1_PR,ICBHI_218,1,ICBHI,Meditron,0.9986488791671222,3
ICBHI_218_1b1_PR_003,ICBHI_218_1b1_PR,ICBHI_218,1,ICBHI,Meditron,0.9993809583387016,3
ICBHI_218_1b1_PR_004,ICBHI_218_1b1_PR,ICBHI_218,1,ICBHI,Meditron,0.9995271455654796,3
ICBHI_218_1b1_PR_005,ICBHI_218_1b1_PR,ICBHI_218,1,ICBHI,Meditron,0.9994725215874768,3
ICBHI_218_1b1_PR_006,ICBHI_218_1b1_PR,ICBHI_218,1,ICBHI,Meditron,0.9993228057669614,3
ICBHI_218_1b1_PR_007,ICBHI_218_1b1_PR,ICBHI_218,1,ICBHI,Meditron,0.9997546305194572,3
ICBHI_218_1b1_PR_008,ICBHI_218_1b1_PR,ICBHI_218,1,ICBHI,Meditron,0.9997917498948076,3
ICBHI_218_1b1_PR_009,ICBHI_218_1b1_PR,ICBHI_218,1,ICBHI,Meditron,0.9995986649388644,3
ICBHI_218_1b1_PR_010,ICBHI_218_1b1_PR,ICBHI_218,1,ICBHI,Meditron,0.9996970265921912,3
ICBHI_218_1b1_PR_011,ICBHI_218_1b1_PR,ICBHI_218,1,ICBHI,Meditron,0.9991440993632548,3
ICBHI_218_1b1_PR_012,ICBHI_218_1b1_PR,ICBHI_218,1,ICBHI,Meditron,0.9849852519941804,3
ICBHI_218_1b1_PR_013,ICBHI_218_1b1_PR,ICBHI_218,1,ICBHI,Meditron,0.9773707999669629,3
ICBHI_218_1b1_PR_014,ICBHI_218_1b1_PR,ICBHI_218,1,ICBHI,Meditron,0.9948403768236574,3
ICBHI_218_1b1_PR_015,ICBHI_218_1b1_PR,ICBHI_218,1,ICBHI,Meditron,0.9685006196975564,3
ICBHI_218_1b1_PR_016,ICBHI_218_1b1_PR,ICBHI_218,1,ICBHI,Meditron,0.8657924593024567,3
ICBHI_218_1b1_PR_017,ICBHI_218_1b1_PR,ICBHI_218,1,ICBHI,Meditron,0.8005361122697697,3
ICBHI_218_1b1_PR_018,ICBHI_218_1b1_PR,ICBHI_218,1,ICBHI,Meditron,0.8767399486507546,3
ICBHI_218_1b1_PR_019,ICBHI_218_1b1_PR,ICBHI_218,1,ICBHI,Meditron,0.9893062422638244,3
ICBHI_218_1b1_PR_020,ICBHI_218_1b1_PR,ICBHI_218,1,ICBHI,Meditron,0.9986697984900882,3
ICBHI_218_1b1_PR_021,ICBHI_218_1b1_PR,ICBHI_218,1,ICBHI,Meditron,0.9993013243335144,3
ICBHI_218_1b1_PR_022,ICBHI_218_1b1_PR,ICBHI_218,1,ICBHI,Meditron,0.999593936049174,3
ICBHI_218_1b1_PR_023,ICBHI_218_1b1_PR,ICBHI_218,1,ICBHI,Meditron,0.9995891514623652,3
ICBHI_218_1b1_PR_024,ICBHI_218_1b1_PR,ICBHI_218,1,ICBHI,Meditron,0.9971216519652336,3
ICBHI_218_1b1_PR_025,ICBHI_218_1b1_PR,ICBHI_218,1,ICBHI,Meditron,0.978631112244824,3
ICBHI_218_1p1_AR_000,ICBHI_218_1p1_AR,ICBHI_218,1,ICBHI,Litt3200,0.9984572676379068,3
ICBHI_218_1p1_AR_001,ICBHI_218_1p1_AR,ICBHI_218,1,ICBHI,Litt3200,0.9974190958364102,3
ICBHI_218_1p1_AR_002,ICBHI_218_1p1_AR,ICBHI_218,1,ICBHI,Litt3200,0.9986006016411856,3
ICBHI_218_1p1_AR_003,ICBHI_218_1p1_AR,ICBHI_218,1,ICBHI,Litt3200,0.9990264562254172,3
ICBHI_218_1p1_AR_004,ICBHI_218_1p1_AR,ICBHI_218,1,ICBHI,Litt3200,0.9994407090277544,3
ICBHI_218_1p1_AR_005,ICBHI_218_1p1_AR,ICBHI_218,1,ICBHI,Litt3200,0.999547024187722,3
ICBHI_218_1p1_AR_006,ICBHI_218_1p1_AR,ICBHI_218,1,ICBHI,Litt3200,0.9993588222788344,3
ICBHI_218_1p1_AR_007,ICBHI_218_1p1_AR,ICBHI_218,1,ICBHI,Litt3200,0.9989266936870904,3
ICBHI_218_1p1_AR_008,ICBHI_218_1p1_AR,ICBHI_218,1,ICBHI,Litt3200,0.9984632729386814,3
ICBHI_218_1p1_AR_009,ICBHI_218_1p1_AR,ICBHI_218,1,ICBHI,Litt3200,0.999574456926026,3
ICBHI_218_1p1_PL_000,ICBHI_218_1p1_PL,ICBHI_218,1,ICBHI,Litt3200,0.9995626655964818,3
ICBHI_218_1p1_PL_001,ICBHI_218_1p1_PL,ICBHI_218,1,ICBHI,Litt3200,0.9995197027681136,3
ICBHI_218_1p1_PL_002,ICBHI_218_1p1_PL,ICBHI_218,1,ICBHI,Litt3200,0.9996017869093836,3
ICBHI_218_1p1_PL_003,ICBHI_218_1p1_PL,ICBHI_218,1,ICBHI,Litt3200,0.9992114542304054,3
ICBHI_218_1p1_PL_004,ICBHI_218_1p1_PL,ICBHI_218,1,ICBHI,Litt3200,0.9993306900381932,3
ICBHI_218_1p1_PL_005,ICBHI_218_1p1_PL,ICBHI_218,1,ICBHI,Litt3200,0.9991100345015296,3
ICBHI_218_1p1_PL_006,ICBHI_218_1p1_PL,ICBHI_218,1,ICBHI,Litt3200,0.9990563807544248,3
ICBHI_218_1p1_PL_007,ICBHI_218_1p1_PL,ICBHI_218,1,ICBHI,Litt3200,0.9993999928206616,3
ICBHI_218_1p1_PL_008,ICBHI_218_1p1_PL,ICBHI_218,1,ICBHI,Litt3200,0.9993687565431252,3
ICBHI_218_1p1_PL_009,ICBHI_218_1p1_PL,ICBHI_218,1,ICBHI,Litt3200,0.999140752341272,3
ICBHI_218_1p1_PL_010,ICBHI_218_1p1_PL,ICBHI_218,1,ICBHI,Litt3200,0.9994745769504167,3
ICBHI_218_1p1_PR_000,ICBHI_218_1p1_PR,ICBHI_218,1,ICBHI,Litt3200,0.9986697984900882,3
ICBHI_218_1p1_PR_001,ICBHI_218_1p1_PR,ICBHI_218,1,ICBHI,Litt3200,0.9988796226776032,3
ICBHI_218_1p1_PR_002,ICBHI_218_1p1_PR,ICBHI_218,1,ICBHI,Litt3200,0.9996033387792852,3
ICBHI_218_1p1_PR_003,ICBHI_218_1p1_PR,ICBHI_218,1,ICBHI,Litt3200,0.999530823621416,3
ICBHI_218_1p1_PR_004,ICBHI_218_1p1_PR,ICBHI_218,1,ICBHI,Litt3200,0.9993976458735048,3
ICBHI_218_1p1_PR_005,ICBHI_218_1p1_PR,ICBHI_218,1,ICBHI,Litt3200,0.9988883318306347,3
ICBHI_218_1p1_PR_006,ICBHI_218_1p1_PR,ICBHI_218,1,ICBHI,Litt3200,0.999208370392716,3
ICBHI_218_1p1_PR_007,ICBHI_218_1p1_PR,ICBHI_218,1,ICBHI,Litt3200,0.9990526910317415,3
ICBHI_218_1p1_PR_008,ICBHI_218_1p1_PR,ICBHI_218,1,ICBHI,Litt3200,0.999710896743592,3
ICBHI_218_1p1_PR_009,ICBHI_218_1p1_PR,ICBHI_218,1,ICBHI,Litt3200,0.9995660674829808,3
ICBHI_223_1b1_AL_000,ICBHI_223_1b1_AL,ICBHI_223,1,ICBHI,Meditron,0.9926541734255228,3
ICBHI_223_1b1_AL_001,ICBHI_223_1b1_AL,ICBHI_223,1,ICBHI,Meditron,0.9845754479181588,3
ICBHI_223_1b1_AL_002,ICBHI_223_1b1_AL,ICBHI_223,1,ICBHI,Meditron,0.9951136252099114,3
ICBHI_223_1b1_AL_003,ICBHI_223_1b1_AL,ICBHI_223,1,ICBHI,Meditron,0.9925393565360598,3
ICBHI_223_1b1_AL_004,ICBHI_223_1b1_AL,ICBHI_223,1,ICBHI,Meditron,0.9956853120436374,3
ICBHI_223_1b1_AL_005,ICBHI_223_1b1_AL,ICBHI_223,1,ICBHI,Meditron,0.9971990730328788,3
ICBHI_223_1b1_AL_006,ICBHI_223_1b1_AL,ICBHI_223,1,ICBHI,Meditron,0.999574456926026,3
ICBHI_223_1b1_AL_007,ICBHI_223_1b1_AL,ICBHI_223,1,ICBHI,Meditron,0.9986954933533844,3
ICBHI_223_1b1_AL_008,ICBHI_223_1b1_AL,ICBHI_223,1,ICBHI,Meditron,0.9960082716305864,3
ICBHI_223_1b1_AL_009,ICBHI_223_1b1_AL,ICBHI_223,1,ICBHI,Meditron,0.9863105223037256,3
ICBHI_223_1b1_AL_010,ICBHI_223_1b1_AL,ICBHI_223,1,ICBHI,Meditron,0.995094594294278,3
ICBHI_223_1b1_AL_011,ICBHI_223_1b1_AL,ICBHI_223,1,ICBHI,Meditron,0.9993833702652382,3
ICBHI_223_1b1_AR_000,ICBHI_223_1b1_AR,ICBHI_223,1,ICBHI,Meditron,0.999241640035366,3
ICBHI_223_1b1_AR_001,ICBHI_223_1b1_AR,ICBHI_223,1,ICBHI,Meditron,0.9993929244195584,3
ICBHI_223_1b1_AR_002,ICBHI_223_1b1_AR,ICBHI_223,1,ICBHI,Meditron,0.998896973358602,3
ICBHI_223_1b1_AR_003,ICBHI_223_1b1_AR,ICBHI_223,1,ICBHI,Meditron,0.9994161675418086,3
ICBHI_223_1b1_AR_004,ICBHI_223_1b1_AR,ICBHI_223,1,ICBHI,Meditron,0.9995557816410784,3
ICBHI_223_1b1_AR_005,ICBHI_223_1b1_AR,ICBHI_223,1,ICBHI,Meditron,0.9987696417179502,3
ICBHI_223_1b1_AR_006,ICBHI_223_1b1_AR,ICBHI_223,1,ICBHI,Meditron,0.9994766243086606,3
ICBHI_223_1b1_AR_007,ICBHI_223_1b1_AR,ICBHI_223,1,ICBHI,Meditron,0.9996540083968218,3
ICBHI_223_1b1_AR_008,ICBHI_223_1b1_AR,ICBHI_223,1,ICBHI,Meditron,0.9994579072738564,3
ICBHI_223_1b1_AR_009,ICBHI_223_1b1_AR,ICBHI_223,1,ICBHI,Meditron,0.9991800678937864,3
ICBHI_223_1b1_AR_010,ICBHI_223_1b1_AR,ICBHI_223,1,ICBHI,Meditron,0.9996388230278576,3
ICBHI_223_1b1_AR_011,ICBHI_223_1b1_AR,ICBHI_223,1,ICBHI,Meditron,0.9998088956841223,3
ICBHI_223_1b1_LL_000,ICBHI_223_1b1_LL,ICBHI_223,1,ICBHI,Meditron,0.9921537607074792,3
ICBHI_223_1b1_LL_001,ICBHI_223_1b1_LL,ICBHI_223,1,ICBHI,Meditron,0.9964063974185798,3
ICBHI_223_1b1_LL_002,ICBHI_223_1b1_LL,ICBHI_223,1,ICBHI,Meditron,0.939802949839461,3
ICBHI_223_1b1_LL_003,ICBHI_223_1b1_LL,ICBHI_223,1,ICBHI,Meditron,0.972151549366048,3
ICBHI_223_1b1_LL_004,ICBHI_223_1b1_LL,ICBHI_223,1,ICBHI,Meditron,0.996054593193398,3
ICBHI_223_1b1_LL_005,ICBHI_223_1b1_LL,ICBHI_223,1,ICBHI,Meditron,0.99584991916378,3
ICBHI_223_1b1_LL_006,ICBHI_223_1b1_LL,ICBHI_223,1,ICBHI,Meditron,0.9934102283369194,3
ICBHI_223_1b1_LL_007,ICBHI_223_1b1_LL,ICBHI_223,1,ICBHI,Meditron,0.7725306622446245,3
ICBHI_223_1b1_LL_008,ICBHI_223_1b1_LL,ICBHI_223,1,ICBHI,Meditron,0.1448732322045804,3
ICBHI_223_1b1_LL_009,ICBHI_223_1b1_LL,ICBHI_223,1,ICBHI,Meditron,0.6164741517821578,3
ICBHI_223_1b1_LL_010,ICBHI_223_1b1_LL,ICBHI_223,1,ICBHI,Meditron,0.9609517072737735,3
ICBHI_223_1b1_LL_011,ICBHI_223_1b1_LL,ICBHI_223,1,ICBHI,Meditron,0.9641193044741588,3
ICBHI_223_1b1_LR_000,ICBHI_223_1b1_LR,ICBHI_223,1,ICBHI,Meditron,0.9981324340221068,3
ICBHI_223_1b1_LR_001,ICBHI_223_1b1_LR,ICBHI_223,1,ICBHI,Meditron,0.9990673639986946,3
ICBHI_223_1b1_LR_002,ICBHI_223_1b1_LR,ICBHI_223,1,ICBHI,Meditron,0.9993094585307,3
ICBHI_223_1b1_LR_003,ICBHI_223_1b1_LR,ICBHI_223,1,ICBHI,Meditron,0.9992791619741188,3
ICBHI_223_1b1_LR_004,ICBHI_223_1b1_LR,ICBHI_223,1,ICBHI,Meditron,0.998983755958932,3
ICBHI_223_1b1_LR_005,ICBHI_223_1b1_LR,ICBHI_223,1,ICBHI,Meditron,0.999241640035366,3
ICBHI_223_1b1_LR_006,ICBHI_223_1b1_LR,ICBHI_223,1,ICBHI,Meditron,0.999253388538729,3
ICBHI_223_1b1_LR_007,ICBHI_223_1b1_LR,ICBHI_223,1,ICBHI,Meditron,0.9992021665183656,3
ICBHI_223_1b1_LR_008,ICBHI_223_1b1_LR,ICBHI_223,1,ICBHI,Meditron,0.9993662874917502,3
ICBHI_223_1b1_LR_009,ICBHI_223_1b1_LR,ICBHI_223,1,ICBHI,Meditron,0.9994847343156984,3
ICBHI_223_1b1_LR_010,ICBHI_223_1b1_LR,ICBHI_223,1,ICBHI,Meditron,0.9992356966904384,3
ICBHI_223_1b1_LR_011,ICBHI_223_1b1_LR,ICBHI_223,1,ICBHI,Meditron,0.998798108681489,3
ICBHI_223_1b1_PL_000,ICBHI_223_1b1_PL,ICBHI_223,1,ICBHI,Meditron,0.9989140556310572,3
ICBHI_223_1b1_PL_001,ICBHI_223_1b1_PL,ICBHI_223,1,ICBHI,Meditron,0.998196833592204,3
ICBHI_223_1b1_PL_002,ICBHI_223_1b1_PL,ICBHI_223,1,ICBHI,Meditron,0.9976858736703106,3
ICBHI_223_1b1_PL_003,ICBHI_223_1b1_PL,ICBHI_223,1,ICBHI,Meditron,0.9948202872296428,3
ICBHI_223_1b1_PL_004,ICBHI_223_1b1_PL,ICBHI_223,1,ICBHI,Meditron,0.9993662874917502,3
ICBHI_223_1b1_PL_005,ICBHI_223_1b1_PL,ICBHI_223,1,ICBHI,Meditron,0.9997153775984248,3
ICBHI_223_1b1_PL_006,ICBHI_223_1b1_PL,ICBHI_223,1,ICBHI,Meditron,0.9996874121901304,3
ICBHI_223_1b1_PL_007,ICBHI_223_1b1_PL,ICBHI_223,1,ICBHI,Meditron,0.9994827186660278,3
ICBHI_223_1b1_PL_008,ICBHI_223_1b1_PL,ICBHI_223,1,ICBHI,Meditron,0.9995891514623652,3
ICBHI_223_1b1_PL_009,ICBHI_223_1b1_PL,ICBHI_223,1,ICBHI,Meditron,0.9997949778514938,3
ICBHI_223_1b1_PL_010,ICBHI_223_1b1_PL,ICBHI_223,1,ICBHI,Meditron,0.9997851407471986,3
ICBHI_223_1b1_PL_011,ICBHI_223_1b1_PL,ICBHI_223,1,ICBHI,Meditron,0.9998147742567348,3
ICBHI_223_1b1_PR_000,ICBHI_223_1b1_PR,ICBHI_223,1,ICBHI,Meditron,0.9996079582107624,3
ICBHI_223_1b1_PR_001,ICBHI_223_1b1_PR,ICBHI_223,1,ICBHI,Meditron,0.9996079582107624,3
ICBHI_223_1b1_PR_002,ICBHI_223_1b1_PR,ICBHI_223,1,ICBHI,Meditron,0.9994683867223316,3
ICBHI_223_1b1_PR_003,ICBHI_223_1b1_PR,ICBHI_223,1,ICBHI,Meditron,0.999517823844308,3
ICBHI_223_1b1_PR_004,ICBHI_223_1b1_PR,ICBHI_223,1,ICBHI,Meditron,0.9994450590492856,3
ICBHI_223_1b1_PR_005,ICBHI_223_1b1_PR,ICBHI_223,1,ICBHI,Meditron,0.9993833702652382,3
ICBHI_223_1b1_PR_006,ICBHI_223_1b1_PR,ICBHI_223,1,ICBHI,Meditron,0.9994363249268948,3
ICBHI_223_1b1_PR_007,ICBHI_223_1b1_PR,ICBHI_223,1,ICBHI,Meditron,0.9994786636933496,3
ICBHI_223_1b1_PR_008,ICBHI_223_1b1_PR,ICBHI_223,1,ICBHI,Meditron,0.9988530841674524,3
ICBHI_223_1b1_PR_009,ICBHI_223_1b1_PR,ICBHI_223,1,ICBHI,Meditron,0.997030554704626,3
ICBHI_223_1b1_PR_010,ICBHI_223_1b1_PR,ICBHI_223,1,ICBHI,Meditron,0.998231648313891,3
ICBHI_223_1b1_PR_011,ICBHI_223_1b1_PR,ICBHI_223,1,ICBHI,Meditron,0.9993905498409864,3
ICBHI_110_1b1_PR_000,ICBHI_110_1b1_PR,ICBHI_110,1,ICBHI,Meditron,0.9733422603160212,4
ICBHI_110_1b1_PR_001,ICBHI_110_1b1_PR,ICBHI_110,1,ICBHI,Meditron,0.966283461307112,4
ICBHI_110_1b1_PR_002,ICBHI_110_1b1_PR,ICBHI_110,1,ICBHI,Meditron,0.9727790975901732,4
ICBHI_110_1b1_PR_003,ICBHI_110_1b1_PR,ICBHI_110,1,ICBHI,Meditron,0.9545627823553606,4
ICBHI_110_1b1_PR_004,ICBHI_110_1b1_PR,ICBHI_110,1,ICBHI,Meditron,0.9704646607088953,4
ICBHI_110_1b1_PR_005,ICBHI_110_1b1_PR,ICBHI_110,1,ICBHI,Meditron,0.9761746325522288,4
ICBHI_110_1b1_PR_006,ICBHI_110_1b1_PR,ICBHI_110,1,ICBHI,Meditron,0.9882675360436518,4
ICBHI_110_1b1_PR_007,ICBHI_110_1b1_PR,ICBHI_110,1,ICBHI,Meditron,0.9897116988662836,4
ICBHI_110_1b1_PR_008,ICBHI_110_1b1_PR,ICBHI_110,1,ICBHI,Meditron,0.9906237625491514,4
ICBHI_110_1b1_PR_009,ICBHI_110_1b1_PR,ICBHI_110,1,ICBHI,Meditron,0.9862576795040976,4
ICBHI_110_1b1_PR_010,ICBHI_110_1b1_PR,ICBHI_110,1,ICBHI,Meditron,0.9884026381763672,4
ICBHI_110_1b1_PR_011,ICBHI_110_1b1_PR,ICBHI_110,1,ICBHI,Meditron,0.989510908740062,4
ICBHI_110_1b1_PR_012,ICBHI_110_1b1_PR,ICBHI_110,1,ICBHI,Meditron,0.988755439279336,4
ICBHI_110_1b1_PR_013,ICBHI_110_1b1_PR,ICBHI_110,1,ICBHI,Meditron,0.9888849862785224,4
ICBHI_110_1b1_PR_014,ICBHI_110_1b1_PR,ICBHI_110,1,ICBHI,Meditron,0.9894702878753826,4
ICBHI_110_1b1_PR_015,ICBHI_110_1b1_PR,ICBHI_110,1,ICBHI,Meditron,0.9866748522941186,4
ICBHI_110_1b1_PR_016,ICBHI_110_1b1_PR,ICBHI_110,1,ICBHI,Meditron,0.9881308789536604,4
ICBHI_110_1b1_PR_017,ICBHI_110_1b1_PR,ICBHI_110,1,ICBHI,Meditron,0.9874236517231209,4
ICBHI_110_1b1_PR_018,ICBHI_110_1b1_PR,ICBHI_110,1,ICBHI,Meditron,0.9912208911330882,4
ICBHI_110_1b1_PR_019,ICBHI_110_1b1_PR,ICBHI_110,1,ICBHI,Meditron,0.9784259335698816,4
ICBHI_110_1b1_PR_020,ICBHI_110_1b1_PR,ICBHI_110,1,ICBHI,Meditron,0.9068182895386296,4
ICBHI_110_1b1_PR_021,ICBHI_110_1b1_PR,ICBHI_110,1,ICBHI,Meditron,0.9812748375316978,4
ICBHI_110_1b1_PR_022,ICBHI_110_1b1_PR,ICBHI_110,1,ICBHI,Meditron,0.9756234030788976,4
ICBHI_110_1b1_PR_023,ICBHI_110_1b1_PR,ICBHI_110,1,ICBHI,Meditron,0.9728307684643188,4
ICBHI_110_1b1_PR_024,ICBHI_110_1b1_PR,ICBHI_110,1,ICBHI,Meditron,0.9810582921748148,4
ICBHI_110_1b1_PR_025,ICBHI_110_1b1_PR,ICBHI_110,1,ICBHI,Meditron,0.964254189725945,4
ICBHI_110_1b1_PR_026,ICBHI_110_1b1_PR,ICBHI_110,1,ICBHI,Meditron,0.983278856294558,4
ICBHI_110_1p1_AL_000,ICBHI_110_1p1_AL,ICBHI_110,1,ICBHI,Meditron,0.97129292184185,4
ICBHI_110_1p1_AL_001,ICBHI_110_1p1_AL,ICBHI_110,1,ICBHI,Meditron,0.8962513731336202,4
ICBHI_110_1p1_AL_002,ICBHI_110_1p1_AL,ICBHI_110,1,ICBHI,Meditron,0.9417613746890242,4
ICBHI_110_1p1_AL_003,ICBHI_110_1p1_AL,ICBHI_110,1,ICBHI,Meditron,0.8975157807475012,4
ICBHI_110_1p1_AL_004,ICBHI_110_1p1_AL,ICBHI_110,1,ICBHI,Meditron,0.9683812327313543,4
ICBHI_110_1p1_AL_005,ICBHI_110_1p1_AL,ICBHI_110,1,ICBHI,Meditron,0.8832359864017768,4
ICBHI_110_1p1_AL_006,ICBHI_110_1p1_AL,ICBHI_110,1,ICBHI,Meditron,0.8337311161465522,4
ICBHI_110_1p1_AL_007,ICBHI_110_1p1_AL,ICBHI_110,1,ICBHI,Meditron,0.9559813501370537,4
ICBHI_110_1p1_AL_008,ICBHI_110_1p1_AL,ICBHI_110,1,ICBHI,Meditron,0.9788748081040518,4
ICBHI_110_1p1_AL_009,ICBHI_110_1p1_AL,ICBHI_110,1,ICBHI,Meditron,0.9940196700308718,4
ICBHI_110_1p1_AL_010,ICBHI_110_1p1_AL,ICBHI_110,1,ICBHI,Meditron,0.9827572224423472,4
ICBHI_110_1p1_LL_000,ICBHI_110_1p1_LL,ICBHI_110,1,ICBHI,Meditron,0.9691494910279632,4
ICBHI_110_1p1_LL_001,ICBHI_110_1p1_LL,ICBHI_110,1,ICBHI,Meditron,0.7874412447275286,4
ICBHI_110_1p1_LL_002,ICBHI_110_1p1_LL,ICBHI_110,1,ICBHI,Meditron,0.8854334959262264,4
ICBHI_110_1p1_LL_003,ICBHI_110_1p1_LL,ICBHI_110,1,ICBHI,Meditron,0.924004785181042,4
ICBHI_110_1p1_LL_004,ICBHI_110_1p1_LL,ICBHI_110,1,ICBHI,Meditron,0.8504686206687655,4
ICBHI_110_1p1_LL_005,ICBHI_110_1p1_LL,ICBHI_110,1,ICBHI,Meditron,0.9760836129001416,4
ICBHI_110_1p1_LL_006,ICBHI_110_1p1_LL,ICBHI_110,1,ICBHI,Meditron,0.9534487247878658,4
ICBHI_110_1p1_LL_007,ICBHI_110_1p1_LL,ICBHI_110,1,ICBHI,Meditron,0.977542947070584,4
ICBHI_110_1p1_LL_008,ICBHI_110_1p1_LL,ICBHI_110,1,ICBHI,Meditron,0.96621977103159,4
ICBHI_110_1p1_LL_009,ICBHI_110_1p1_LL,ICBHI_110,1,ICBHI,Meditron,0.9333093454842049,4
ICBHI_110_1p1_LL_010,ICBHI_110_1p1_LL,ICBHI_110,1,ICBHI,Meditron,0.9867261125456144,4
ICBHI_110_1p1_LR_000,ICBHI_110_1p1_LR,ICBHI_110,1,ICBHI,Meditron,0.8877896276377429,4
ICBHI_110_1p1_LR_001,ICBHI_110_1p1_LR,ICBHI_110,1,ICBHI,Meditron,0.979589692299694,4
ICBHI_110_1p1_LR_002,ICBHI_110_1p1_LR,ICBHI_110,1,ICBHI,Meditron,0.9900635812940538,4
ICBHI_110_1p1_LR_003,ICBHI_110_1p1_LR,ICBHI_110,1,ICBHI,Meditron,0.994998327750071,4
ICBHI_110_1p1_LR_004,ICBHI_110_1p1_LR,ICBHI_110,1,ICBHI,Meditron,0.983847165177859,4
ICBHI_110_1p1_LR_005,ICBHI_110_1p1_LR,ICBHI_110,1,ICBHI,Meditron,0.9746286885255978,4
ICBHI_110_1p1_LR_006,ICBHI_110_1p1_LR,ICBHI_110,1,ICBHI,Meditron,0.97364464715388,4
ICBHI_110_1p1_LR_007,ICBHI_110_1p1_LR,ICBHI_110,1,ICBHI,Meditron,0.9727273312024342,4
ICBHI_110_1p1_LR_008,ICBHI_110_1p1_LR,ICBHI_110,1,ICBHI,Meditron,0.981840488289738,4
ICBHI_110_1p1_LR_009,ICBHI_110_1p1_LR,ICBHI_110,1,ICBHI,Meditron,0.9882675360436518,4
ICBHI_110_1p1_LR_010,ICBHI_110_1p1_LR,ICBHI_110,1,ICBHI,Meditron,0.9963214910711244,4
ICBHI_110_1p1_PR_000,ICBHI_110_1p1_PR,ICBHI_110,1,ICBHI,Meditron,0.9780517462851324,4
ICBHI_110_1p1_PR_001,ICBHI_110_1p1_PR,ICBHI_110,1,ICBHI,Meditron,0.9800530655725896,4
ICBHI_110_1p1_PR_002,ICBHI_110_1p1_PR,ICBHI_110,1,ICBHI,Meditron,0.9875203002546722,4
ICBHI_110_1p1_PR_003,ICBHI_110_1p1_PR,ICBHI_110,1,ICBHI,Meditron,0.9839091258071756,4
ICBHI_110_1p1_PR_004,ICBHI_110_1p1_PR,ICBHI_110,1,ICBHI,Meditron,0.9735442241838218,4
ICBHI_110_1p1_PR_005,ICBHI_110_1p1_PR,ICBHI_110,1,ICBHI,Meditron,0.9782604045723282,4
ICBHI_110_1p1_PR_006,ICBHI_110_1p1_PR,ICBHI_110,1,ICBHI,Meditron,0.9744833965520197,4
ICBHI_110_1p1_PR_007,ICBHI_110_1p1_PR,ICBHI_110,1,ICBHI,Meditron,0.9741412240872888,4
ICBHI_110_1p1_PR_008,ICBHI_110_1p1_PR,ICBHI_110,1,ICBHI,Meditron,0.977197364031994,4
ICBHI_110_1p1_PR_009,ICBHI_110_1p1_PR,ICBHI_110,1,ICBHI,Meditron,0.9722043774187548,4
ICBHI_110_1p1_PR_010,ICBHI_110_1p1_PR,ICBHI_110,1,ICBHI,Meditron,0.9872281325067136,4
ICBHI_110_1p1_PR_011,ICBHI_110_1p1_PR,ICBHI_110,1,ICBHI,Meditron,0.970576420036356,4
ICBHI_110_1p1_PR_012,ICBHI_110_1p1_PR,ICBHI_110,1,ICBHI,Meditron,0.9671630439727548,4
ICBHI_110_1p1_PR_013,ICBHI_110_1p1_PR,ICBHI_110,1,ICBHI,Meditron,0.9777138144607744,4
ICBHI_110_1p1_PR_014,ICBHI_110_1p1_PR,ICBHI_110,1,ICBHI,Meditron,0.978631112244824,4
ICBHI_110_1p1_PR_015,ICBHI_110_1p1_PR,ICBHI_110,1,ICBHI,Meditron,0.8904848432885359,4
ICBHI_110_1p1_PR_016,ICBHI_110_1p1_PR,ICBHI_110,1,ICBHI,Meditron,0.7769615827831184,4
ICBHI_110_1p1_PR_017,ICBHI_110_1p1_PR,ICBHI_110,1,ICBHI,Meditron,0.8722385876369141,4
ICBHI_110_1p1_PR_018,ICBHI_110_1p1_PR,ICBHI_110,1,ICBHI,Meditron,0.9723097416304984,4
ICBHI_110_1p1_PR_019,ICBHI_110_1p1_PR,ICBHI_110,1,ICBHI,Meditron,0.7490872131147275,4
ICBHI_110_1p1_PR_020,ICBHI_110_1p1_PR,ICBHI_110,1,ICBHI,Meditron,0.6036398067543635,4
ICBHI_110_1p1_PR_021,ICBHI_110_1p1_PR,ICBHI_110,1,ICBHI,Meditron,0.9094255214176163,4
ICBHI_110_1p1_PR_022,ICBHI_110_1p1_PR,ICBHI_110,1,ICBHI,Meditron,0.7597605507205911,4
ICBHI_110_1p1_PR_023,ICBHI_110_1p1_PR,ICBHI_110,1,ICBHI,Meditron,0.9268352785943768,4
ICBHI_110_1p1_PR_024,ICBHI_110_1p1_PR,ICBHI_110,1,ICBHI,Meditron,0.9400235602628372,4
ICBHI_110_1p1_PR_025,ICBHI_110_1p1_PR,ICBHI_110,1,ICBHI,Meditron,0.9487275818697054,4
ICBHI_110_1p1_PR_026,ICBHI_110_1p1_PR,ICBHI_110,1,ICBHI,Meditron,0.9618217257384336,4
ICBHI_110_1p1_PR_027,ICBHI_110_1p1_PR,ICBHI_110,1,ICBHI,Meditron,0.9632305339244012,4
ICBHI_110_1p1_PR_028,ICBHI_110_1p1_PR,ICBHI_110,1,ICBHI,Meditron,0.9723097416304984,4
ICBHI_124_1b1_AL_000,ICBHI_124_1b1_AL,ICBHI_124,1,ICBHI,Litt3200,0.9920620058985926,4
ICBHI_124_1b1_AL_001,ICBHI_124_1b1_AL,ICBHI_124,1,ICBHI,Litt3200,0.993255010457908,4
ICBHI_124_1b1_AL_002,ICBHI_124_1b1_AL,ICBHI_124,1,ICBHI,Litt3200,0.9904406006529084,4
ICBHI_124_1b1_AL_003,ICBHI_124_1b1_AL,ICBHI_124,1,ICBHI,Litt3200,0.9960851763943628,4
ICBHI_124_1b1_AR_000,ICBHI_124_1b1_AR,ICBHI_124,1,ICBHI,Litt3200,0.9903663476405536,4
ICBHI_124_1b1_AR_001,ICBHI_124_1b1_AR,ICBHI_124,1,ICBHI,Litt3200,0.9922744656025764,4
ICBHI_124_1b1_AR_002,ICBHI_124_1b1_AR,ICBHI_124,1,ICBHI,Litt3200,0.9965837211562298,4
ICBHI_124_1b1_LL_000,ICBHI_124_1b1_LL,ICBHI_124,1,ICBHI,Litt3200,0.9930423911926236,4
ICBHI_124_1b1_LL_001,ICBHI_124_1b1_LL,ICBHI_124,1,ICBHI,Litt3200,0.9932811299991624,4
ICBHI_124_1b1_LL_002,ICBHI_124_1b1_LL,ICBHI_124,1,ICBHI,Litt3200,0.9878528299001949,4
ICBHI_124_1b1_LL_003,ICBHI_124_1b1_LL,ICBHI_124,1,ICBHI,Litt3200,0.9952448000901668,4
ICBHI_124_1b1_LL_004,ICBHI_124_1b1_LL,ICBHI_124,1,ICBHI,Litt3200,0.9982725413732704,4
ICBHI_124_1b1_LL_005,ICBHI_124_1b1_LL,ICBHI_124,1,ICBHI,Litt3200,0.9972316144830862,4
ICBHI_124_1b1_LR_000,ICBHI_124_1b1_LR,ICBHI_124,1,ICBHI,Litt3200,0.9931228923417692,4
ICBHI_124_1b1_LR_001,ICBHI_124_1b1_LR,ICBHI_124,1,ICBHI,Litt3200,0.9837849698906836,4
ICBHI_124_1b1_LR_002,ICBHI_124_1b1_LR,ICBHI_124,1,ICBHI,Litt3200,0.9865717452580314,4
ICBHI_124_1b1_LR_003,ICBHI_124_1b1_LR,ICBHI_124,1,ICBHI,Litt3200,0.9909797204985978,4
ICBHI_124_1b1_LR_004,ICBHI_124_1b1_LR,ICBHI_124,1,ICBHI,Litt3200,0.9923637835053328,4
ICBHI_124_1b1_PL_000,ICBHI_124_1b1_PL,ICBHI_124,1,ICBHI,Litt3200,0.9929061381210884,4
ICBHI_124_1b1_PL_001,ICBHI_124_1b1_PL,ICBHI_124,1,ICBHI,Litt3200,0.9923637835053328,4
ICBHI_124_1b1_PR_000,ICBHI_124_1b1_PR,ICBHI_124,1,ICBHI,Litt3200,0.979589692299694,4
ICBHI_124_1b1_PR_001,ICBHI_124_1b1_PR,ICBHI_124,1,ICBHI,Litt3200,0.985990433713597,4
ICBHI_125_1b1_TC_000,ICBHI_125_1b1_TC,ICBHI_125,0,ICBHI,Meditron,0.0615367364119526,4
ICBHI_125_1b1_TC_001,ICBHI_125_1b1_TC,ICBHI_125,0,ICBHI,Meditron,0.0179173447674713,4
ICBHI_125_1b1_TC_002,ICBHI_125_1b1_TC,ICBHI_125,0,ICBHI,Meditron,0.0030994155155094,4
ICBHI_125_1b1_TC_003,ICBHI_125_1b1_TC,ICBHI_125,0,ICBHI,Meditron,0.0025409926265789,4
ICBHI_125_1b1_TC_004,ICBHI_125_1b1_TC,ICBHI_125,0,ICBHI,Meditron,0.003524340980437,4
ICBHI_125_1b1_TC_005,ICBHI_125_1b1_TC,ICBHI_125,0,ICBHI,Meditron,0.040999027187393,4
ICBHI_125_1b1_TC_006,ICBHI_125_1b1_TC,ICBHI_125,0,ICBHI,Meditron,0.0124316508531858,4
ICBHI_138_1p2_AL_000,ICBHI_138_1p2_AL,ICBHI_138,1,ICBHI,AKGC417L,0.9376689641180752,4
ICBHI_138_1p2_AL_001,ICBHI_138_1p2_AL,ICBHI_138,1,ICBHI,AKGC417L,0.9474783252902632,4
ICBHI_138_1p2_AL_002,ICBHI_138_1p2_AL,ICBHI_138,1,ICBHI,AKGC417L,0.9623206087688784,4
ICBHI_138_1p2_AL_003,ICBHI_138_1p2_AL,ICBHI_138,1,ICBHI,AKGC417L,0.9534487247878658,4
ICBHI_138_1p2_AL_004,ICBHI_138_1p2_AL,ICBHI_138,1,ICBHI,AKGC417L,0.9524858131235034,4
ICBHI_138_1p2_AL_005,ICBHI_138_1p2_AL,ICBHI_138,1,ICBHI,AKGC417L,0.9633686333603796,4
ICBHI_138_1p2_AL_006,ICBHI_138_1p2_AL,ICBHI_138,1,ICBHI,AKGC417L,0.9519526413943112,4
ICBHI_138_1p2_AR_000,ICBHI_138_1p2_AR,ICBHI_138,1,ICBHI,AKGC417L,0.9702399060540357,4
ICBHI_138_1p2_AR_001,ICBHI_138_1p2_AR,ICBHI_138,1,ICBHI,AKGC417L,0.9508692112458992,4
ICBHI_138_1p2_AR_002,ICBHI_138_1p2_AR,ICBHI_138,1,ICBHI,AKGC417L,0.9206471055441224,4
ICBHI_138_1p2_AR_003,ICBHI_138_1p2_AR,ICBHI_138,1,ICBHI,AKGC417L,0.8984105540811842,4
ICBHI_138_1p2_AR_004,ICBHI_138_1p2_AR,ICBHI_138,1,ICBHI,AKGC417L,0.9254997409810218,4
ICBHI_138_1p2_AR_005,ICBHI_138_1p2_AR,ICBHI_138,1,ICBHI,AKGC417L,0.971401639453534,4
ICBHI_138_1p2_AR_006,ICBHI_138_1p2_AR,ICBHI_138,1,ICBHI,AKGC417L,0.9696132500732396,4
ICBHI_138_1p2_LL_000,ICBHI_138_1p2_LL,ICBHI_138,1,ICBHI,AKGC417L,0.9438672242987702,4
ICBHI_138_1p2_LL_001,ICBHI_138_1p2_LL,ICBHI_138,1,ICBHI,AKGC417L,0.8895288461051276,4
ICBHI_138_1p2_LL_002,ICBHI_138_1p2_LL,ICBHI_138,1,ICBHI,AKGC417L,0.8868130934598374,4
ICBHI_138_1p2_LL_003,ICBHI_138_1p2_LL,ICBHI_138,1,ICBHI,AKGC417L,0.9438672242987702,4
ICBHI_138_1p2_LL_004,ICBHI_138_1p2_LL,ICBHI_138,1,ICBHI,AKGC417L,0.9132132627819568,4
ICBHI_138_1p2_LL_005,ICBHI_138_1p2_LL,ICBHI_138,1,ICBHI,AKGC417L,0.7973990863126809,4
ICBHI_138_1p2_LL_006,ICBHI_138_1p2_LL,ICBHI_138,1,ICBHI,AKGC417L,0.3099628535041738,4
ICBHI_138_1p2_LR_000,ICBHI_138_1p2_LR,ICBHI_138,1,ICBHI,AKGC417L,0.9842154389261902,4
ICBHI_138_1p2_LR_001,ICBHI_138_1p2_LR,ICBHI_138,1,ICBHI,AKGC417L,0.977967735887304,4
ICBHI_138_1p2_LR_002,ICBHI_138_1p2_LR,ICBHI_138,1,ICBHI,AKGC417L,0.9727273312024342,4
ICBHI_138_1p2_LR_003,ICBHI_138_1p2_LR,ICBHI_138,1,ICBHI,AKGC417L,0.9760836129001416,4
ICBHI_138_1p2_LR_004,ICBHI_138_1p2_LR,ICBHI_138,1,ICBHI,AKGC417L,0.9739436957486152,4
ICBHI_138_1p2_LR_005,ICBHI_138_1p2_LR,ICBHI_138,1,ICBHI,AKGC417L,0.9787938797980108,4
ICBHI_138_1p2_LR_006,ICBHI_138_1p2_LR,ICBHI_138,1,ICBHI,AKGC417L,0.9845754479181588,4
ICBHI_138_1p2_PL_000,ICBHI_138_1p2_PL,ICBHI_138,1,ICBHI,AKGC417L,0.8914335771643437,4
ICBHI_138_1p2_PL_001,ICBHI_138_1p2_PL,ICBHI_138,1,ICBHI,AKGC417L,0.90648769084615,4
ICBHI_138_1p2_PL_002,ICBHI_138_1p2_PL,ICBHI_138,1,ICBHI,AKGC417L,0.9152045921779318,4
ICBHI_138_1p2_PL_003,ICBHI_138_1p2_PL,ICBHI_138,1,ICBHI,AKGC417L,0.9533619599768124,4
ICBHI_138_1p2_PL_004,ICBHI_138_1p2_PL,ICBHI_138,1,ICBHI,AKGC417L,0.7839884653055251,4
ICBHI_138_1p2_PL_005,ICBHI_138_1p2_PL,ICBHI_138,1,ICBHI,AKGC417L,0.9269676128492204,4
ICBHI_138_1p2_PL_006,ICBHI_138_1p2_PL,ICBHI_138,1,ICBHI,AKGC417L,0.9686195704870232,4
ICBHI_138_1p2_PR_000,ICBHI_138_1p2_PR,ICBHI_138,1,ICBHI,AKGC417L,0.9926826025287876,4
ICBHI_138_1p2_PR_001,ICBHI_138_1p2_PR,ICBHI_138,1,ICBHI,AKGC417L,0.9965703960759056,4
ICBHI_138_1p2_PR_002,ICBHI_138_1p2_PR,ICBHI_138,1,ICBHI,AKGC417L,0.9773707999669629,4
ICBHI_138_1p2_PR_003,ICBHI_138_1p2_PR,ICBHI_138,1,ICBHI,AKGC417L,0.990403545267618,4
ICBHI_138_1p2_PR_004,ICBHI_138_1p2_PR,ICBHI_138,1,ICBHI,AKGC417L,0.9658995742876884,4
ICBHI_138_1p2_PR_005,ICBHI_138_1p2_PR,ICBHI_138,1,ICBHI,AKGC417L,0.9741903779656884,4
ICBHI_138_1p2_PR_006,ICBHI_138_1p2_PR,ICBHI_138,1,ICBHI,AKGC417L,0.9831499205521024,4
ICBHI_138_1p2_TC_000,ICBHI_138_1p2_TC,ICBHI_138,1,ICBHI,AKGC417L,0.9621787134186344,4
ICBHI_138_1p2_TC_001,ICBHI_138_1p2_TC,ICBHI_138,1,ICBHI,AKGC417L,0.9022656804095373,4
ICBHI_138_1p2_TC_002,ICBHI_138_1p2_TC,ICBHI_138,1,ICBHI,AKGC417L,0.7595822589677163,4
ICBHI_138_1p2_TC_003,ICBHI_138_1p2_TC,ICBHI_138,1,ICBHI,AKGC417L,0.7709824879646954,4
ICBHI_138_1p2_TC_004,ICBHI_138_1p2_TC,ICBHI_138,1,ICBHI,AKGC417L,0.6864751506634867,4
ICBHI_138_1p2_TC_005,ICBHI_138_1p2_TC,ICBHI_138,1,ICBHI,AKGC417L,0.4207185876861272,4
ICBHI_138_1p2_TC_006,ICBHI_138_1p2_TC,ICBHI_138,1,ICBHI,AKGC417L,0.2779627047829566,4
ICBHI_138_1p3_AL_000,ICBHI_138_1p3_AL,ICBHI_138,1,ICBHI,AKGC417L,0.9760836129001416,4
ICBHI_138_1p3_AL_001,ICBHI_138_1p3_AL,ICBHI_138,1,ICBHI,AKGC417L,0.9782188286685004,4
ICBHI_138_1p3_AL_002,ICBHI_138_1p3_AL,ICBHI_138,1,ICBHI,AKGC417L,0.9764905475924672,4
ICBHI_138_1p3_AL_003,ICBHI_138_1p3_AL,ICBHI_138,1,ICBHI,AKGC417L,0.9874720680072552,4
ICBHI_138_1p3_AL_004,ICBHI_138_1p3_AL,ICBHI_138,1,ICBHI,AKGC417L,0.9820137900379085,4
ICBHI_138_1p3_AL_005,ICBHI_138_1p3_AL,ICBHI_138,1,ICBHI,AKGC417L,0.9775000306229962,4
ICBHI_138_1p3_AL_006,ICBHI_138_1p3_AL,ICBHI_138,1,ICBHI,AKGC417L,0.9831499205521024,4
ICBHI_138_1p3_AR_000,ICBHI_138_1p3_AR,ICBHI_138,1,ICBHI,AKGC417L,0.9857180660748888,4
ICBHI_138_1p3_AR_001,ICBHI_138_1p3_AR,ICBHI_138,1,ICBHI,AKGC417L,0.9635062337709722,4
ICBHI_138_1p3_AR_002,ICBHI_138_1p3_AR,ICBHI_138,1,ICBHI,AKGC417L,0.9543079676184154,4
ICBHI_138_1p3_AR_003,ICBHI_138_1p3_AR,ICBHI_138,1,ICBHI,AKGC417L,0.9604354448677628,4
ICBHI_138_1p3_AR_004,ICBHI_138_1p3_AR,ICBHI_138,1,ICBHI,AKGC417L,0.9605095953512194,4
ICBHI_138_1p3_AR_005,ICBHI_138_1p3_AR,ICBHI_138,1,ICBHI,AKGC417L,0.9555685679752156,4
ICBHI_138_1p3_AR_006,ICBHI_138_1p3_AR,ICBHI_138,1,ICBHI,AKGC417L,0.9623206087688784,4
ICBHI_138_1p3_LL_000,ICBHI_138_1p3_LL,ICBHI_138,1,ICBHI,AKGC417L,0.9632305339244012,4
ICBHI_138_1p3_LL_001,ICBHI_138_1p3_LL,ICBHI_138,1,ICBHI,AKGC417L,0.9509603749892346,4
ICBHI_138_1p3_LL_002,ICBHI_138_1p3_LL,ICBHI_138,1,ICBHI,AKGC417L,0.965963847005629,4
ICBHI_138_1p3_LL_003,ICBHI_138_1p3_LL,ICBHI_138,1,ICBHI,AKGC417L,0.97085402718101,4
ICBHI_138_1p3_LL_004,ICBHI_138_1p3_LL,ICBHI_138,1,ICBHI,AKGC417L,0.9637799441350252,4
ICBHI_138_1p3_LL_005,ICBHI_138_1p3_LL,ICBHI_138,1,ICBHI,AKGC417L,0.968915048912056,4
ICBHI_138_1p3_LL_006,ICBHI_138_1p3_LL,ICBHI_138,1,ICBHI,AKGC417L,0.9628132248397596,4
ICBHI_138_1p3_LR_000,ICBHI_138_1p3_LR,ICBHI_138,1,ICBHI,AKGC417L,0.9607312480728336,4
ICBHI_138_1p3_LR_001,ICBHI_138_1p3_LR,ICBHI_138,1,ICBHI,AKGC417L,0.964788863578424,4
ICBHI_138_1p3_LR_002,ICBHI_138_1p3_LR,ICBHI_138,1,ICBHI,AKGC417L,0.9566342012360932,4
ICBHI_138_1p3_LR_003,ICBHI_138_1p3_LR,ICBHI_138,1,ICBHI,AKGC417L,0.9836598719063984,4
ICBHI_138_1p3_LR_004,ICBHI_138_1p3_LR,ICBHI_138,1,ICBHI,AKGC417L,0.9800148480052566,4
ICBHI_138_1p3_LR_005,ICBHI_138_1p3_LR,ICBHI_138,1,ICBHI,AKGC417L,0.983596967483837,4
ICBHI_138_1p3_LR_006,ICBHI_138_1p3_LR,ICBHI_138,1,ICBHI,AKGC417L,0.9790357591818724,4
ICBHI_138_1p3_PL_000,ICBHI_138_1p3_PL,ICBHI_138,1,ICBHI,AKGC417L,0.9823555365894354,4
ICBHI_138_1p3_PL_001,ICBHI_138_1p3_PL,ICBHI_138,1,ICBHI,AKGC417L,0.9846936454393052,4
ICBHI_138_1p3_PL_002,ICBHI_138_1p3_PL,ICBHI_138,1,ICBHI,AKGC417L,0.9938787187092716,4
ICBHI_138_1p3_PL_003,ICBHI_138_1p3_PL,ICBHI_138,1,ICBHI,AKGC417L,0.9818056317790944,4
ICBHI_138_1p3_PL_004,ICBHI_138_1p3_PL,ICBHI_138,1,ICBHI,AKGC417L,0.863621810847349,4
ICBHI_138_1p3_PL_005,ICBHI_138_1p3_PL,ICBHI_138,1,ICBHI,AKGC417L,0.9461008455487896,4
ICBHI_138_1p3_PL_006,ICBHI_138_1p3_PL,ICBHI_138,1,ICBHI,AKGC417L,0.9682614081007772,4
ICBHI_138_1p3_PR_000,ICBHI_138_1p3_PR,ICBHI_138,1,ICBHI,AKGC417L,0.9822196099268892,4
ICBHI_138_1p3_PR_001,ICBHI_138_1p3_PR,ICBHI_138,1,ICBHI,AKGC417L,0.9546474194456936,4
ICBHI_138_1p3_PR_002,ICBHI_138_1p3_PR,ICBHI_138,1,ICBHI,AKGC417L,0.96036116089903,4
ICBHI_138_1p3_PR_003,ICBHI_138_1p3_PR,ICBHI_138,1,ICBHI,AKGC417L,0.9804687614573544,4
ICBHI_138_1p3_PR_004,ICBHI_138_1p3_PR,ICBHI_138,1,ICBHI,AKGC417L,0.959000972812607,4
ICBHI_138_1p3_PR_005,ICBHI_138_1p3_PR,ICBHI_138,1,ICBHI,AKGC417L,0.9795114453152562,4
ICBHI_138_1p3_PR_006,ICBHI_138_1p3_PR,ICBHI_138,1,ICBHI,AKGC417L,0.956553103139948,4
ICBHI_138_1p3_TC_000,ICBHI_138_1p3_TC,ICBHI_138,1,ICBHI,AKGC417L,0.2527527514805005,4
ICBHI_138_1p3_TC_001,ICBHI_138_1p3_TC,ICBHI_138,1,ICBHI,AKGC417L,0.8244619263765707,4
ICBHI_138_1p3_TC_002,ICBHI_138_1p3_TC,ICBHI_138,1,ICBHI,AKGC417L,0.9141375437004452,4
ICBHI_138_1p3_TC_003,ICBHI_138_1p3_TC,ICBHI_138,1,ICBHI,AKGC417L,0.9608783531246672,4
ICBHI_138_1p3_TC_004,ICBHI_138_1p3_TC,ICBHI_138,1,ICBHI,AKGC417L,0.944587205618231,4
ICBHI_138_1p3_TC_005,ICBHI_138_1p3_TC,ICBHI_138,1,ICBHI,AKGC417L,0.9490118544722848,4
ICBHI_138_1p3_TC_006,ICBHI_138_1p3_TC,ICBHI_138,1,ICBHI,AKGC417L,0.9765800557141248,4
ICBHI_138_1p4_AR_000,ICBHI_138_1p4_AR,ICBHI_138,1,ICBHI,AKGC417L,0.9752961303267708,4
ICBHI_138_1p4_AR_001,ICBHI_138_1p4_AR,ICBHI_138,1,ICBHI,AKGC417L,0.9547319063567952,4
ICBHI_138_1p4_AR_002,ICBHI_138_1p4_AR,ICBHI_138,1,ICBHI,AKGC417L,0.9772842436755208,4
ICBHI_138_1p4_AR_003,ICBHI_138_1p4_AR,ICBHI_138,1,ICBHI,AKGC417L,0.979393523864564,4
ICBHI_138_1p4_AR_004,ICBHI_138_1p4_AR,ICBHI_138,1,ICBHI,AKGC417L,0.9381240142763572,4
ICBHI_138_1p4_AR_005,ICBHI_138_1p4_AR,ICBHI_138,1,ICBHI,AKGC417L,0.939802949839461,4
ICBHI_138_1p4_AR_006,ICBHI_138_1p4_AR,ICBHI_138,1,ICBHI,AKGC417L,0.9856076636305632,4
ICBHI_138_1p4_LL_000,ICBHI_138_1p4_LL,ICBHI_138,1,ICBHI,AKGC417L,0.9830200077626816,4
ICBHI_138_1p4_LL_001,ICBHI_138_1p4_LL,ICBHI_138,1,ICBHI,AKGC417L,0.9849852519941804,4
ICBHI_138_1p4_LL_002,ICBHI_138_1p4_LL,ICBHI_138,1,ICBHI,AKGC417L,0.9897909456811916,4
ICBHI_138_1p4_LL_003,ICBHI_138_1p4_LL,ICBHI_138,1,ICBHI,AKGC417L,0.9906960501316064,4
ICBHI_138_1p4_LL_004,ICBHI_138_1p4_LL,ICBHI_138,1,ICBHI,AKGC417L,0.9851575827657516,4
ICBHI_138_1p4_LL_005,ICBHI_138_1p4_LL,ICBHI_138,1,ICBHI,AKGC417L,0.9809855660757952,4
ICBHI_138_1p4_LL_006,ICBHI_138_1p4_LL,ICBHI_138,1,ICBHI,AKGC417L,0.9895916858989277,4
ICBHI_138_1p4_LR_000,ICBHI_138_1p4_LR,ICBHI_138,1,ICBHI,AKGC417L,0.9793540692607816,4
ICBHI_138_1p4_LR_001,ICBHI_138_1p4_LR,ICBHI_138,1,ICBHI,AKGC417L,0.9781771750265408,4
ICBHI_138_1p4_LR_002,ICBHI_138_1p4_LR,ICBHI_138,1,ICBHI,AKGC417L,0.9808025508024198,4
ICBHI_138_1p4_LR_003,ICBHI_138_1p4_LR,ICBHI_138,1,ICBHI,AKGC417L,0.9709643572583984,4
ICBHI_138_1p4_LR_004,ICBHI_138_1p4_LR,ICBHI_138,1,ICBHI,AKGC417L,0.9649873730532592,4
ICBHI_138_1p4_LR_005,ICBHI_138_1p4_LR,ICBHI_138,1,ICBHI,AKGC417L,0.979589692299694,4
ICBHI_138_1p4_LR_006,ICBHI_138_1p4_LR,ICBHI_138,1,ICBHI,AKGC417L,0.9817006677897864,4
ICBHI_138_1p4_PL_000,ICBHI_138_1p4_PL,ICBHI_138,1,ICBHI,AKGC417L,0.9715099574136776,4
ICBHI_138_1p4_PL_001,ICBHI_138_1p4_PL,ICBHI_138,1,ICBHI,AKGC417L,0.915959388442632,4
ICBHI_138_1p4_PL_002,ICBHI_138_1p4_PL,ICBHI_138,1,ICBHI,AKGC417L,0.9197867491515396,4
ICBHI_138_1p4_PL_003,ICBHI_138_1p4_PL,ICBHI_138,1,ICBHI,AKGC417L,0.8904848432885359,4
ICBHI_138_1p4_PL_004,ICBHI_138_1p4_PL,ICBHI_138,1,ICBHI,AKGC417L,0.8891444050747391,4
ICBHI_138_1p4_PL_005,ICBHI_138_1p4_PL,ICBHI_138,1,ICBHI,AKGC417L,0.946200356539936,4
ICBHI_138_1p4_PL_006,ICBHI_138_1p4_PL,ICBHI_138,1,ICBHI,AKGC417L,0.9053222982086732,4
ICBHI_138_1p4_PR_000,ICBHI_138_1p4_PR,ICBHI_138,1,ICBHI,AKGC417L,0.9664738375071954,4
ICBHI_138_1p4_PR_001,ICBHI_138_1p4_PR,ICBHI_138,1,ICBHI,AKGC417L,0.9745319170136324,4
ICBHI_138_1p4_PR_002,ICBHI_138_1p4_PR,ICBHI_138,1,ICBHI,AKGC417L,0.9760379759604948,4
ICBHI_138_1p4_PR_003,ICBHI_138_1p4_PR,ICBHI_138,1,ICBHI,AKGC417L,0.9933588873579224,4
ICBHI_138_1p4_PR_004,ICBHI_138_1p4_PR,ICBHI_138,1,ICBHI,AKGC417L,0.989510908740062,4
ICBHI_138_1p4_PR_005,ICBHI_138_1p4_PR,ICBHI_138,1,ICBHI,AKGC417L,0.9846346585586978,4
ICBHI_138_1p4_PR_006,ICBHI_138_1p4_PR,ICBHI_138,1,ICBHI,AKGC417L,0.979393523864564,4
ICBHI_138_1p4_TC_000,ICBHI_138_1p4_TC,ICBHI_138,1,ICBHI,AKGC417L,0.815085345943733,4
ICBHI_138_1p4_TC_001,ICBHI_138_1p4_TC,ICBHI_138,1,ICBHI,AKGC417L,0.7147276108948358,4
ICBHI_138_1p4_TC_002,ICBHI_138_1p4_TC,ICBHI_138,1,ICBHI,AKGC417L,0.9852145923076094,4
ICBHI_138_1p4_TC_003,ICBHI_138_1p4_TC,ICBHI_138,1,ICBHI,AKGC417L,0.9765800557141248,4
ICBHI_138_1p4_TC_004,ICBHI_138_1p4_TC,ICBHI_138,1,ICBHI,AKGC417L,0.9754369112279712,4
ICBHI_138_1p4_TC_005,ICBHI_138_1p4_TC,ICBHI_138,1,ICBHI,AKGC417L,0.9678385537098224,4
ICBHI_138_1p4_TC_006,ICBHI_138_1p4_TC,ICBHI_138,1,ICBHI,AKGC417L,0.9692078335557076,4
ICBHI_138_2p2_AL_000,ICBHI_138_2p2_AL,ICBHI_138,1,ICBHI,AKGC417L,0.9575961713681532,4
ICBHI_138_2p2_AL_001,ICBHI_138_2p2_AL,ICBHI_138,1,ICBHI,AKGC417L,0.929823701560032,4
ICBHI_138_2p2_AL_002,ICBHI_138_2p2_AL,ICBHI_138,1,ICBHI,AKGC417L,0.957357608127398,4
ICBHI_138_2p2_AL_003,ICBHI_138_2p2_AL,ICBHI_138,1,ICBHI,AKGC417L,0.8710367007098975,4
ICBHI_138_2p2_AL_004,ICBHI_138_2p2_AL,ICBHI_138,1,ICBHI,AKGC417L,0.7903685617203897,4
ICBHI_138_2p2_AL_005,ICBHI_138_2p2_AL,ICBHI_138,1,ICBHI,AKGC417L,0.8542778402518431,4
ICBHI_138_2p2_AL_006,ICBHI_138_2p2_AL,ICBHI_138,1,ICBHI,AKGC417L,0.9419752510012038,4
ICBHI_138_2p2_AR_000,ICBHI_138_2p2_AR,ICBHI_138,1,ICBHI,AKGC417L,0.9501340950202012,4
ICBHI_138_2p2_AR_001,ICBHI_138_2p2_AR,ICBHI_138,1,ICBHI,AKGC417L,0.8958875884420037,4
ICBHI_138_2p2_AR_002,ICBHI_138_2p2_AR,ICBHI_138,1,ICBHI,AKGC417L,0.9413314016155964,4
ICBHI_138_2p2_AR_003,ICBHI_138_2p2_AR,ICBHI_138,1,ICBHI,AKGC417L,0.9460011610004748,4
ICBHI_138_2p2_AR_004,ICBHI_138_2p2_AR,ICBHI_138,1,ICBHI,AKGC417L,0.8422153599018343,4
ICBHI_138_2p2_AR_005,ICBHI_138_2p2_AR,ICBHI_138,1,ICBHI,AKGC417L,0.7369689039619506,4
ICBHI_138_2p2_AR_006,ICBHI_138_2p2_AR,ICBHI_138,1,ICBHI,AKGC417L,0.9388007742267246,4
ICBHI_138_2p2_LL_000,ICBHI_138_2p2_LL,ICBHI_138,1,ICBHI,AKGC417L,0.9688561694652216,4
ICBHI_138_2p2_LL_001,ICBHI_138_2p2_LL,ICBHI_138,1,ICBHI,AKGC417L,0.9305845275935024,4
ICBHI_138_2p2_LL_002,ICBHI_138_2p2_LL,ICBHI_138,1,ICBHI,AKGC417L,0.9617499409068964,4
ICBHI_138_2p2_LL_003,ICBHI_138_2p2_LL,ICBHI_138,1,ICBHI,AKGC417L,0.9847524093785004,4
ICBHI_138_2p2_LL_004,ICBHI_138_2p2_LL,ICBHI_138,1,ICBHI,AKGC417L,0.959230733755612,4
ICBHI_138_2p2_LL_005,ICBHI_138_2p2_LL,ICBHI_138,1,ICBHI,AKGC417L,0.9667888274293096,4
ICBHI_138_2p2_LL_006,ICBHI_138_2p2_LL,ICBHI_138,1,ICBHI,AKGC417L,0.975900554890232,4
ICBHI_138_2p2_LR_000,ICBHI_138_2p2_LR,ICBHI_138,1,ICBHI,AKGC417L,0.976535343307368,4
ICBHI_138_2p2_LR_001,ICBHI_138_2p2_LR,ICBHI_138,1,ICBHI,AKGC417L,0.9563904724343744,4
ICBHI_138_2p2_LR_002,ICBHI_138_2p2_LR,ICBHI_138,1,ICBHI,AKGC417L,0.976355659124078,4
ICBHI_138_2p2_LR_003,ICBHI_138_2p2_LR,ICBHI_138,1,ICBHI,AKGC417L,0.969785412932606,4
ICBHI_138_2p2_LR_004,ICBHI_138_2p2_LR,ICBHI_138,1,ICBHI,AKGC417L,0.8720207761598445,4
ICBHI_138_2p2_LR_005,ICBHI_138_2p2_LR,ICBHI_138,1,ICBHI,AKGC417L,0.9012274112476256,4
ICBHI_138_2p2_LR_006,ICBHI_138_2p2_LR,ICBHI_138,1,ICBHI,AKGC417L,0.8738621049648146,4
ICBHI_138_2p2_PL_000,ICBHI_138_2p2_PL,ICBHI_138,1,ICBHI,AKGC417L,0.9824904426504252,4
ICBHI_138_2p2_PL_001,ICBHI_138_2p2_PL,ICBHI_138,1,ICBHI,AKGC417L,0.980765741038007,4
ICBHI_138_2p2_PL_002,ICBHI_138_2p2_PL,ICBHI_138,1,ICBHI,AKGC417L,0.9856076636305632,4
ICBHI_138_2p2_PL_003,ICBHI_138_2p2_PL,ICBHI_138,1,ICBHI,AKGC417L,0.9796676466573412,4
ICBHI_138_2p2_PL_004,ICBHI_138_2p2_PL,ICBHI_138,1,ICBHI,AKGC417L,0.982423116732664,4
ICBHI_138_2p2_PL_005,ICBHI_138_2p2_PL,ICBHI_138,1,ICBHI,AKGC417L,0.9842760094722643,4
ICBHI_138_2p2_PL_006,ICBHI_138_2p2_PL,ICBHI_138,1,ICBHI,AKGC417L,0.9873262643069668,4
ICBHI_138_2p2_PR_000,ICBHI_138_2p2_PR,ICBHI_138,1,ICBHI,AKGC417L,0.9810945528586532,4
ICBHI_138_2p2_PR_001,ICBHI_138_2p2_PR,ICBHI_138,1,ICBHI,AKGC417L,0.9268352785943768,4
ICBHI_138_2p2_PR_002,ICBHI_138_2p2_PR,ICBHI_138,1,ICBHI,AKGC417L,0.9532750413739076,4
ICBHI_138_2p2_PR_003,ICBHI_138_2p2_PR,ICBHI_138,1,ICBHI,AKGC417L,0.9842760094722643,4
ICBHI_138_2p2_PR_004,ICBHI_138_2p2_PR,ICBHI_138,1,ICBHI,AKGC417L,0.9859363729567544,4
ICBHI_138_2p2_PR_005,ICBHI_138_2p2_PR,ICBHI_138,1,ICBHI,AKGC417L,0.9777138144607744,4
ICBHI_138_2p2_PR_006,ICBHI_138_2p2_PR,ICBHI_138,1,ICBHI,AKGC417L,0.9742394408803317,4
ICBHI_138_2p2_TC_000,ICBHI_138_2p2_TC,ICBHI_138,1,ICBHI,AKGC417L,0.9132132627819568,4
ICBHI_138_2p2_TC_001,ICBHI_138_2p2_TC,ICBHI_138,1,ICBHI,AKGC417L,0.8586000649731023,4
ICBHI_138_2p2_TC_002,ICBHI_138_2p2_TC,ICBHI_138,1,ICBHI,AKGC417L,0.9086178969328288,4
ICBHI_138_2p2_TC_003,ICBHI_138_2p2_TC,ICBHI_138,1,ICBHI,AKGC417L,0.4902127371397886,4
ICBHI_138_2p2_TC_004,ICBHI_138_2p2_TC,ICBHI_138,1,ICBHI,AKGC417L,0.1866874439819975,4
ICBHI_138_2p2_TC_005,ICBHI_138_2p2_TC,ICBHI_138,1,ICBHI,AKGC417L,0.0933468785195754,4
ICBHI_138_2p2_TC_006,ICBHI_138_2p2_TC,ICBHI_138,1,ICBHI,AKGC417L,0.1770981534389491,4
ICBHI_141_1b1_PR_000,ICBHI_141_1b1_PR,ICBHI_141,1,ICBHI,LittC2SE,0.9076402020521152,4
ICBHI_141_1b1_PR_001,ICBHI_141_1b1_PR,ICBHI_141,1,ICBHI,LittC2SE,0.959000972812607,4
ICBHI_141_1b1_PR_002,ICBHI_141_1b1_PR,ICBHI_141,1,ICBHI,LittC2SE,0.9801672891959912,4
ICBHI_141_1b1_PR_003,ICBHI_141_1b1_PR,ICBHI_141,1,ICBHI,LittC2SE,0.917450697735972,4
ICBHI_141_1b1_PR_004,ICBHI_141_1b1_PR,ICBHI_141,1,ICBHI,LittC2SE,0.8962513731336202,4
ICBHI_141_1b1_PR_005,ICBHI_141_1b1_PR,ICBHI_141,1,ICBHI,LittC2SE,0.9632305339244012,4
ICBHI_141_1b1_PR_006,ICBHI_141_1b1_PR,ICBHI_141,1,ICBHI,LittC2SE,0.9737446992106472,4
ICBHI_141_1b2_AR_000,ICBHI_141_1b2_AR,ICBHI_141,1,ICBHI,LittC2SE,0.9733422603160212,4
ICBHI_141_1b2_AR_001,ICBHI_141_1b2_AR,ICBHI_141,1,ICBHI,LittC2SE,0.987711402470298,4
ICBHI_141_1b2_AR_002,ICBHI_141_1b2_AR,ICBHI_141,1,ICBHI,LittC2SE,0.99058741041239,4
ICBHI_141_1b2_AR_003,ICBHI_141_1b2_AR,ICBHI_141,1,ICBHI,LittC2SE,0.9870795269609208,4
ICBHI_141_1b2_AR_004,ICBHI_141_1b2_AR,ICBHI_141,1,ICBHI,LittC2SE,0.977197364031994,4
ICBHI_141_1b2_AR_005,ICBHI_141_1b2_AR,ICBHI_141,1,ICBHI,LittC2SE,0.9900250791759212,4
ICBHI_141_1b2_AR_006,ICBHI_141_1b2_AR,ICBHI_141,1,ICBHI,LittC2SE,0.9942919660808864,4
ICBHI_141_1b2_LR_000,ICBHI_141_1b2_LR,ICBHI_141,1,ICBHI,LittC2SE,0.9927952309111312,4
ICBHI_141_1b2_LR_001,ICBHI_141_1b2_LR,ICBHI_141,1,ICBHI,LittC2SE,0.9940428462362504,4
ICBHI_141_1b2_LR_002,ICBHI_141_1b2_LR,ICBHI_141,1,ICBHI,LittC2SE,0.9957353653078126,4
ICBHI_141_1b2_LR_003,ICBHI_141_1b2_LR,ICBHI_141,1,ICBHI,LittC2SE,0.997429131960124,4
ICBHI_141_1b2_LR_004,ICBHI_141_1b2_LR,ICBHI_141,1,ICBHI,LittC2SE,0.9966884809397304,4
ICBHI_141_1b2_LR_005,ICBHI_141_1b2_LR,ICBHI_141,1,ICBHI,LittC2SE,0.9943361347628212,4
ICBHI_141_1b2_LR_006,ICBHI_141_1b2_LR,ICBHI_141,1,ICBHI,LittC2SE,0.991554373058874,4
ICBHI_141_1b2_PR_000,ICBHI_141_1b2_PR,ICBHI_141,1,ICBHI,LittC2SE,0.9855521474663976,4
ICBHI_141_1b2_PR_001,ICBHI_141_1b2_PR,ICBHI_141,1,ICBHI,LittC2SE,0.9893474891602738,4
ICBHI_141_1b2_PR_002,ICBHI_141_1b2_PR,ICBHI_141,1,ICBHI,LittC2SE,0.9928231180543432,4
ICBHI_141_1b2_PR_003,ICBHI_141_1b2_PR,ICBHI_141,1,ICBHI,LittC2SE,0.9891815513471368,4
ICBHI_141_1b2_PR_004,ICBHI_141_1b2_PR,ICBHI_141,1,ICBHI,LittC2SE,0.9858276338086984,4
ICBHI_141_1b2_PR_005,ICBHI_141_1b2_PR,ICBHI_141,1,ICBHI,LittC2SE,0.991619546648974,4
ICBHI_141_1b2_PR_006,ICBHI_141_1b2_PR,ICBHI_141,1,ICBHI,LittC2SE,0.9887987866239216,4
ICBHI_141_1b2_TC_000,ICBHI_141_1b2_TC,ICBHI_141,1,ICBHI,LittC2SE,0.9100669877621352,4
ICBHI_141_1b2_TC_001,ICBHI_141_1b2_TC,ICBHI_141,1,ICBHI,LittC2SE,0.9776712170898904,4
ICBHI_141_1b2_TC_002,ICBHI_141_1b2_TC,ICBHI_141,1,ICBHI,LittC2SE,0.9872772918000768,4
ICBHI_141_1b2_TC_003,ICBHI_141_1b2_TC,ICBHI_141,1,ICBHI,LittC2SE,0.9735442241838218,4
ICBHI_141_1b2_TC_004,ICBHI_141_1b2_TC,ICBHI_141,1,ICBHI,LittC2SE,0.9717790128704672,4
ICBHI_141_1b2_TC_005,ICBHI_141_1b2_TC,ICBHI_141,1,ICBHI,LittC2SE,0.9461008455487896,4
ICBHI_141_1b2_TC_006,ICBHI_141_1b2_TC,ICBHI_141,1,ICBHI,LittC2SE,0.9714558483038396,4
ICBHI_141_1b3_AL_000,ICBHI_141_1b3_AL,ICBHI_141,1,ICBHI,LittC2SE,0.9470881887900422,4
ICBHI_141_1b3_AL_001,ICBHI_141_1b3_AL,ICBHI_141,1,ICBHI,LittC2SE,0.991780306938032,4
ICBHI_141_1b3_AL_002,ICBHI_141_1b3_AL,ICBHI_141,1,ICBHI,LittC2SE,0.9904406006529084,4
ICBHI_141_1b3_AL_003,ICBHI_141_1b3_AL,ICBHI_141,1,ICBHI,LittC2SE,0.9878058669624096,4
ICBHI_141_1b3_AL_004,ICBHI_141_1b3_AL,ICBHI_141,1,ICBHI,LittC2SE,0.9905142868292048,4
ICBHI_141_1b3_AL_005,ICBHI_141_1b3_AL,ICBHI_141,1,ICBHI,LittC2SE,0.9971771671022386,4
ICBHI_141_1b3_AL_006,ICBHI_141_1b3_AL,ICBHI_141,1,ICBHI,LittC2SE,0.9804687614573544,4
ICBHI_141_1b3_AR_000,ICBHI_141_1b3_AR,ICBHI_141,1,ICBHI,LittC2SE,0.9873750507184356,4
ICBHI_141_1b3_AR_001,ICBHI_141_1b3_AR,ICBHI_141,1,ICBHI,LittC2SE,0.9890130573694068,4
ICBHI_141_1b3_AR_002,ICBHI_141_1b3_AR,ICBHI_141,1,ICBHI,LittC2SE,0.9928785712542648,4
ICBHI_141_1b3_AR_003,ICBHI_141_1b3_AR,ICBHI_141,1,ICBHI,LittC2SE,0.9912548183179648,4
ICBHI_141_1b3_AR_004,ICBHI_141_1b3_AR,ICBHI_141,1,ICBHI,LittC2SE,0.9817357216481428,4
ICBHI_141_1b3_AR_005,ICBHI_141_1b3_AR,ICBHI_141,1,ICBHI,LittC2SE,0.9872281325067136,4
ICBHI_141_1b3_AR_006,ICBHI_141_1b3_AR,ICBHI_141,1,ICBHI,LittC2SE,0.9847524093785004,4
ICBHI_141_1b3_PR_000,ICBHI_141_1b3_PR,ICBHI_141,1,ICBHI,LittC2SE,0.9826243354907804,4
ICBHI_141_1b3_PR_001,ICBHI_141_1b3_PR,ICBHI_141,1,ICBHI,LittC2SE,0.979745309435261,4
ICBHI_141_1b3_PR_002,ICBHI_141_1b3_PR,ICBHI_141,1,ICBHI,LittC2SE,0.9879462204837636,4
ICBHI_141_1b3_PR_003,ICBHI_141_1b3_PR,ICBHI_141,1,ICBHI,LittC2SE,0.989908684514805,4
ICBHI_141_1b3_PR_004,ICBHI_141_1b3_PR,ICBHI_141,1,ICBHI,LittC2SE,0.993149519973355,4
ICBHI_141_1b3_PR_005,ICBHI_141_1b3_PR,ICBHI_141,1,ICBHI,LittC2SE,0.9887987866239216,4
ICBHI_141_1b3_PR_006,ICBHI_141_1b3_PR,ICBHI_141,1,ICBHI,LittC2SE,0.9919067101026268,4
ICBHI_144_1b1_AL_000,ICBHI_144_1b1_AL,ICBHI_144,0,ICBHI,Meditron,6.933090508556216e-08,4
ICBHI_144_1b1_AL_001,ICBHI_144_1b1_AL,ICBHI_144,0,ICBHI,Meditron,4.2713532663688746e-08,4
ICBHI_144_1b1_AL_002,ICBHI_144_1b1_AL,ICBHI_144,0,ICBHI,Meditron,2.363829360893339e-07,4
ICBHI_144_1b1_AL_003,ICBHI_144_1b1_AL,ICBHI_144,0,ICBHI,Meditron,1.3315579521758342e-05,4
ICBHI_144_1b1_AL_004,ICBHI_144_1b1_AL,ICBHI_144,0,ICBHI,Meditron,6.868318245725358e-05,4
ICBHI_144_1b1_AL_005,ICBHI_144_1b1_AL,ICBHI_144,0,ICBHI,Meditron,8.332718264459712e-06,4
ICBHI_144_1b1_TC_000,ICBHI_144_1b1_TC,ICBHI_144,0,ICBHI,Meditron,0.0173756645092195,4
ICBHI_144_1b1_TC_001,ICBHI_144_1b1_TC,ICBHI_144,0,ICBHI,Meditron,0.0032603461032026,4
ICBHI_144_1b1_TC_002,ICBHI_144_1b1_TC,ICBHI_144,0,ICBHI,Meditron,0.0629042417980568,4
ICBHI_144_1b1_TC_003,ICBHI_144_1b1_TC,ICBHI_144,0,ICBHI,Meditron,0.5290048746689552,4
ICBHI_144_1b1_TC_004,ICBHI_144_1b1_TC,ICBHI_144,0,ICBHI,Meditron,0.4309853624243235,4
ICBHI_144_1b1_TC_005,ICBHI_144_1b1_TC,ICBHI_144,0,ICBHI,Meditron,0.2067338516151159,4
ICBHI_144_1b1_TC_006,ICBHI_144_1b1_TC,ICBHI_144,0,ICBHI,Meditron,0.0073173974712122,4
ICBHI_155_2b1_AL_000,ICBHI_155_2b1_AL,ICBHI_155,1,ICBHI,LittC2SE,0.9975080321463846,4
ICBHI_155_2b1_AL_001,ICBHI_155_2b1_AL,ICBHI_155,1,ICBHI,LittC2SE,0.9972530990515592,4
ICBHI_155_2b1_AL_002,ICBHI_155_2b1_AL,ICBHI_155,1,ICBHI,LittC2SE,0.990838973077906,4
ICBHI_155_2b1_AL_003,ICBHI_155_2b1_AL,ICBHI_155,1,ICBHI,LittC2SE,0.9962637794165884,4
ICBHI_155_2b1_AL_004,ICBHI_155_2b1_AL,ICBHI_155,1,ICBHI,LittC2SE,0.9966365075048124,4
ICBHI_155_2b1_AL_005,ICBHI_155_2b1_AL,ICBHI_155,1,ICBHI,LittC2SE,0.9965969946412504,4
ICBHI_155_2b1_AL_006,ICBHI_155_2b1_AL,ICBHI_155,1,ICBHI,LittC2SE,0.985772953896821,4
ICBHI_156_2b3_AL_000,ICBHI_156_2b3_AL,ICBHI_156,1,ICBHI,AKGC417L,0.9900250791759212,4
ICBHI_156_2b3_AL_001,ICBHI_156_2b3_AL,ICBHI_156,1,ICBHI,AKGC417L,0.9892648373909092,4
ICBHI_156_2b3_AL_002,ICBHI_156_2b3_AL,ICBHI_156,1,ICBHI,AKGC417L,0.9893474891602738,4
ICBHI_156_2b3_AL_003,ICBHI_156_2b3_AL,ICBHI_156,1,ICBHI,AKGC417L,0.9918437513730266,4
ICBHI_156_2b3_AL_004,ICBHI_156_2b3_AL,ICBHI_156,1,ICBHI,AKGC417L,0.9934102283369194,4
ICBHI_156_2b3_AL_005,ICBHI_156_2b3_AL,ICBHI_156,1,ICBHI,AKGC417L,0.9926256346917622,4
ICBHI_156_2b3_AL_006,ICBHI_156_2b3_AL,ICBHI_156,1,ICBHI,AKGC417L,0.9940889311437562,4
ICBHI_156_2b3_AR_000,ICBHI_156_2b3_AR,ICBHI_156,1,ICBHI,AKGC417L,0.9111797075998822,4
ICBHI_156_2b3_AR_001,ICBHI_156_2b3_AR,ICBHI_156,1,ICBHI,AKGC417L,0.943763654295516,4
ICBHI_156_2b3_AR_002,ICBHI_156_2b3_AR,ICBHI_156,1,ICBHI,AKGC417L,0.9621075733703928,4
ICBHI_156_2b3_AR_003,ICBHI_156_2b3_AR,ICBHI_156,1,ICBHI,AKGC417L,0.975900554890232,4
ICBHI_156_2b3_AR_004,ICBHI_156_2b3_AR,ICBHI_156,1,ICBHI,AKGC417L,0.9451974048440384,4
ICBHI_156_2b3_AR_005,ICBHI_156_2b3_AR,ICBHI_156,1,ICBHI,AKGC417L,0.9530133603823692,4
ICBHI_156_2b3_AR_006,ICBHI_156_2b3_AR,ICBHI_156,1,ICBHI,AKGC417L,0.978343323718742,4
ICBHI_156_2b3_LL_000,ICBHI_156_2b3_LL,ICBHI_156,1,ICBHI,AKGC417L,0.9884918509356968,4
ICBHI_156_2b3_LL_001,ICBHI_156_2b3_LL,ICBHI_156,1,ICBHI,AKGC417L,0.9907319866190856,4
ICBHI_156_2b3_LL_002,ICBHI_156_2b3_LL,ICBHI_156,1,ICBHI,AKGC417L,0.990838973077906,4
ICBHI_156_2b3_LL_003,ICBHI_156_2b3_LL,ICBHI_156,1,ICBHI,AKGC417L,0.9912208911330882,4
ICBHI_156_2b3_LL_004,ICBHI_156_2b3_LL,ICBHI_156,1,ICBHI,AKGC417L,0.9883127420043056,4
ICBHI_156_2b3_LL_005,ICBHI_156_2b3_LL,ICBHI_156,1,ICBHI,AKGC417L,0.9921841112107114,4
ICBHI_156_2b3_LL_006,ICBHI_156_2b3_LL,ICBHI_156,1,ICBHI,AKGC417L,0.992988204618503,4
ICBHI_156_2b3_LR_000,ICBHI_156_2b3_LR,ICBHI_156,1,ICBHI,AKGC417L,0.9851003567309808,4
ICBHI_156_2b3_LR_001,ICBHI_156_2b3_LR,ICBHI_156,1,ICBHI,AKGC417L,0.9925969859111274,4
ICBHI_156_2b3_LR_002,ICBHI_156_2b3_LR,ICBHI_156,1,ICBHI,AKGC417L,0.9839708526340988,4
ICBHI_156_2b3_LR_003,ICBHI_156_2b3_LR,ICBHI_156,1,ICBHI,AKGC417L,0.9814178501043472,4
ICBHI_156_2b3_LR_004,ICBHI_156_2b3_LR,ICBHI_156,1,ICBHI,AKGC417L,0.9859363729567544,4
ICBHI_156_2b3_LR_005,ICBHI_156_2b3_LR,ICBHI_156,1,ICBHI,AKGC417L,0.978671918339908,4
ICBHI_156_2b3_LR_006,ICBHI_156_2b3_LR,ICBHI_156,1,ICBHI,AKGC417L,0.987711402470298,4
ICBHI_156_2b3_PL_000,ICBHI_156_2b3_PL,ICBHI_156,1,ICBHI,AKGC417L,0.987711402470298,4
ICBHI_156_2b3_PL_001,ICBHI_156_2b3_PL,ICBHI_156,1,ICBHI,AKGC417L,0.9886243997611625,4
ICBHI_156_2b3_PL_002,ICBHI_156_2b3_PL,ICBHI_156,1,ICBHI,AKGC417L,0.9882221573114804,4
ICBHI_156_2b3_PL_003,ICBHI_156_2b3_PL,ICBHI_156,1,ICBHI,AKGC417L,0.990659975614946,4
ICBHI_156_2b3_PL_004,ICBHI_156_2b3_PL,ICBHI_156,1,ICBHI,AKGC417L,0.988536202622004,4
ICBHI_156_2b3_PL_005,ICBHI_156_2b3_PL,ICBHI_156,1,ICBHI,AKGC417L,0.9901019362839764,4
ICBHI_156_2b3_PL_006,ICBHI_156_2b3_PL,ICBHI_156,1,ICBHI,AKGC417L,0.993461175022765,4
ICBHI_156_2b3_PR_000,ICBHI_156_2b3_PR,ICBHI_156,1,ICBHI,AKGC417L,0.955235687404285,4
ICBHI_156_2b3_PR_001,ICBHI_156_2b3_PR,ICBHI_156,1,ICBHI,AKGC417L,0.8938665640830568,4
ICBHI_156_2b3_PR_002,ICBHI_156_2b3_PR,ICBHI_156,1,ICBHI,AKGC417L,0.9889278398167658,4
ICBHI_156_2b3_PR_003,ICBHI_156_2b3_PR,ICBHI_156,1,ICBHI,AKGC417L,0.9912886155422944,4
ICBHI_156_2b3_PR_004,ICBHI_156_2b3_PR,ICBHI_156,1,ICBHI,AKGC417L,0.9897116988662836,4
ICBHI_156_2b3_PR_005,ICBHI_156_2b3_PR,ICBHI_156,1,ICBHI,AKGC417L,0.961389068531974,4
ICBHI_156_2b3_PR_006,ICBHI_156_2b3_PR,ICBHI_156,1,ICBHI,AKGC417L,0.9515940425962788,4
ICBHI_156_5b3_AL_000,ICBHI_156_5b3_AL,ICBHI_156,1,ICBHI,AKGC417L,0.9852713861502774,4
ICBHI_156_5b3_AL_001,ICBHI_156_5b3_AL,ICBHI_156,1,ICBHI,AKGC417L,0.9744833965520197,4
ICBHI_156_5b3_AL_002,ICBHI_156_5b3_AL,ICBHI_156,1,ICBHI,AKGC417L,0.964921323357116,4
ICBHI_156_5b3_AL_003,ICBHI_156_5b3_AL,ICBHI_156,1,ICBHI,AKGC417L,0.9553191297273498,4
ICBHI_156_5b3_AL_004,ICBHI_156_5b3_AL,ICBHI_156,1,ICBHI,AKGC417L,0.9881308789536604,4
ICBHI_156_5b3_AL_005,ICBHI_156_5b3_AL,ICBHI_156,1,ICBHI,AKGC417L,0.9862046355788148,4
ICBHI_156_5b3_AL_006,ICBHI_156_5b3_AL,ICBHI_156,1,ICBHI,AKGC417L,0.9874720680072552,4
ICBHI_156_5b3_AR_000,ICBHI_156_5b3_AR,ICBHI_156,1,ICBHI,AKGC417L,0.9604354448677628,4
ICBHI_156_5b3_AR_001,ICBHI_156_5b3_AR,ICBHI_156,1,ICBHI,AKGC417L,0.9759922540789444,4
ICBHI_156_5b3_AR_002,ICBHI_156_5b3_AR,ICBHI_156,1,ICBHI,AKGC417L,0.9719392602342918,4
ICBHI_156_5b3_AR_003,ICBHI_156_5b3_AR,ICBHI_156,1,ICBHI,AKGC417L,0.9751071985765848,4
ICBHI_156_5b3_AR_004,ICBHI_156_5b3_AR,ICBHI_156,1,ICBHI,AKGC417L,0.9820826552325288,4
ICBHI_156_5b3_AR_005,ICBHI_156_5b3_AR,ICBHI_156,1,ICBHI,AKGC417L,0.9868280501184434,4
ICBHI_156_5b3_AR_006,ICBHI_156_5b3_AR,ICBHI_156,1,ICBHI,AKGC417L,0.988536202622004,4
ICBHI_156_5b3_LL_000,ICBHI_156_5b3_LL,ICBHI_156,1,ICBHI,AKGC417L,0.9826243354907804,4
ICBHI_156_5b3_LL_001,ICBHI_156_5b3_LL,ICBHI_156,1,ICBHI,AKGC417L,0.9742394408803317,4
ICBHI_156_5b3_LL_002,ICBHI_156_5b3_LL,ICBHI_156,1,ICBHI,AKGC417L,0.9775000306229962,4
ICBHI_156_5b3_LL_003,ICBHI_156_5b3_LL,ICBHI_156,1,ICBHI,AKGC417L,0.9779256128989756,4
ICBHI_156_5b3_LL_004,ICBHI_156_5b3_LL,ICBHI_156,1,ICBHI,AKGC417L,0.9650533028884728,4
ICBHI_156_5b3_LL_005,ICBHI_156_5b3_LL,ICBHI_156,1,ICBHI,AKGC417L,0.9602867432263156,4
ICBHI_156_5b3_LL_006,ICBHI_156_5b3_LL,ICBHI_156,1,ICBHI,AKGC417L,0.9844563520692292,4
ICBHI_156_5b3_LR_000,ICBHI_156_5b3_LR,ICBHI_156,1,ICBHI,AKGC417L,0.9704646607088953,4
ICBHI_156_5b3_LR_001,ICBHI_156_5b3_LR,ICBHI_156,1,ICBHI,AKGC417L,0.8098781697309154,4
ICBHI_156_5b3_LR_002,ICBHI_156_5b3_LR,ICBHI_156,1,ICBHI,AKGC417L,0.8109285077322739,4
ICBHI_156_5b3_LR_003,ICBHI_156_5b3_LR,ICBHI_156,1,ICBHI,AKGC417L,0.5844490681314872,4
ICBHI_156_5b3_LR_004,ICBHI_156_5b3_LR,ICBHI_156,1,ICBHI,AKGC417L,0.6318215046223804,4
ICBHI_156_5b3_LR_005,ICBHI_156_5b3_LR,ICBHI_156,1,ICBHI,AKGC417L,0.8490973686263605,4
ICBHI_156_5b3_LR_006,ICBHI_156_5b3_LR,ICBHI_156,1,ICBHI,AKGC417L,0.8967949426280529,4
ICBHI_156_5b3_PL_000,ICBHI_156_5b3_PL,ICBHI_156,1,ICBHI,AKGC417L,0.9773707999669629,4
ICBHI_156_5b3_PL_001,ICBHI_156_5b3_PL,ICBHI_156,1,ICBHI,AKGC417L,0.9732407168145568,4
ICBHI_156_5b3_PL_002,ICBHI_156_5b3_PL,ICBHI_156,1,ICBHI,AKGC417L,0.9715639669551474,4
ICBHI_156_5b3_PL_003,ICBHI_156_5b3_PL,ICBHI_156,1,ICBHI,AKGC417L,0.9715099574136776,4
ICBHI_156_5b3_PL_004,ICBHI_156_5b3_PL,ICBHI_156,1,ICBHI,AKGC417L,0.978671918339908,4
ICBHI_156_5b3_PL_005,ICBHI_156_5b3_PL,ICBHI_156,1,ICBHI,AKGC417L,0.991780306938032,4
ICBHI_156_5b3_PL_006,ICBHI_156_5b3_PL,ICBHI_156,1,ICBHI,AKGC417L,0.986415607486941,4
ICBHI_156_5b3_PR_000,ICBHI_156_5b3_PR,ICBHI_156,1,ICBHI,AKGC417L,0.9655114724420828,4
ICBHI_156_5b3_PR_001,ICBHI_156_5b3_PR,ICBHI_156,1,ICBHI,AKGC417L,0.979706514428458,4
ICBHI_156_5b3_PR_002,ICBHI_156_5b3_PR,ICBHI_156,1,ICBHI,AKGC417L,0.952925824178976,4
ICBHI_156_5b3_PR_003,ICBHI_156_5b3_PR,ICBHI_156,1,ICBHI,AKGC417L,0.973794586550466,4
ICBHI_156_5b3_PR_004,ICBHI_156_5b3_PR,ICBHI_156,1,ICBHI,AKGC417L,0.957675408618915,4
ICBHI_156_5b3_PR_005,ICBHI_156_5b3_PR,ICBHI_156,1,ICBHI,AKGC417L,0.965250375232816,4
ICBHI_156_5b3_PR_006,ICBHI_156_5b3_PR,ICBHI_156,1,ICBHI,AKGC417L,0.983278856294558,4
ICBHI_156_8b3_AL_000,ICBHI_156_8b3_AL,ICBHI_156,1,ICBHI,AKGC417L,0.993384607321672,4
ICBHI_156_8b3_AL_001,ICBHI_156_8b3_AL,ICBHI_156,1,ICBHI,AKGC417L,0.9933330680687192,4
ICBHI_156_8b3_AL_002,ICBHI_156_8b3_AL,ICBHI_156,1,ICBHI,AKGC417L,0.990403545267618,4
ICBHI_156_8b3_AL_003,ICBHI_156_8b3_AL,ICBHI_156,1,ICBHI,AKGC417L,0.9959770900642708,4
ICBHI_156_8b3_AL_004,ICBHI_156_8b3_AL,ICBHI_156,1,ICBHI,AKGC417L,0.9962782913492784,4
ICBHI_156_8b3_AL_005,ICBHI_156_8b3_AL,ICBHI_156,1,ICBHI,AKGC417L,0.9943361347628212,4
ICBHI_156_8b3_AL_006,ICBHI_156_8b3_AL,ICBHI_156,1,ICBHI,AKGC417L,0.9914886969734374,4
ICBHI_156_8b3_AR_000,ICBHI_156_8b3_AR,ICBHI_156,1,ICBHI,AKGC417L,0.9802052211384412,4
ICBHI_156_8b3_AR_001,ICBHI_156_8b3_AR,ICBHI_156,1,ICBHI,AKGC417L,0.978467122853792,4
ICBHI_156_8b3_AR_002,ICBHI_156_8b3_AR,ICBHI_156,1,ICBHI,AKGC417L,0.973894084658676,4
ICBHI_156_8b3_AR_003,ICBHI_156_8b3_AR,ICBHI_156,1,ICBHI,AKGC417L,0.971725399886542,4
ICBHI_156_8b3_AR_004,ICBHI_156_8b3_AR,ICBHI_156,1,ICBHI,AKGC417L,0.9540517926508258,4
ICBHI_156_8b3_AR_005,ICBHI_156_8b3_AR,ICBHI_156,1,ICBHI,AKGC417L,0.9337939759583312,4
ICBHI_156_8b3_AR_006,ICBHI_156_8b3_AR,ICBHI_156,1,ICBHI,AKGC417L,0.9757623652873698,4
ICBHI_156_8b3_LL_000,ICBHI_156_8b3_LL,ICBHI_156,1,ICBHI,AKGC417L,0.9921537607074792,4
ICBHI_156_8b3_LL_001,ICBHI_156_8b3_LL,ICBHI_156,1,ICBHI,AKGC417L,0.9966884809397304,4
ICBHI_156_8b3_LL_002,ICBHI_156_8b3_LL,ICBHI_156,1,ICBHI,AKGC417L,0.9980199600403348,4
ICBHI_156_8b3_LL_003,ICBHI_156_8b3_LL,ICBHI_156,1,ICBHI,AKGC417L,0.9981541516631836,4
ICBHI_156_8b3_LL_004,ICBHI_156_8b3_LL,ICBHI_156,1,ICBHI,AKGC417L,0.9973785590538324,4
ICBHI_156_8b3_LL_005,ICBHI_156_8b3_LL,ICBHI_156,1,ICBHI,AKGC417L,0.9965703960759056,4
ICBHI_156_8b3_LL_006,ICBHI_156_8b3_LL,ICBHI_156,1,ICBHI,AKGC417L,0.9972530990515592,4
ICBHI_156_8b3_LR_000,ICBHI_156_8b3_LR,ICBHI_156,1,ICBHI,AKGC417L,0.9609517072737735,4
ICBHI_156_8b3_LR_001,ICBHI_156_8b3_LR,ICBHI_156,1,ICBHI,AKGC417L,0.9602867432263156,4
ICBHI_156_8b3_LR_002,ICBHI_156_8b3_LR,ICBHI_156,1,ICBHI,AKGC417L,0.9596109312691484,4
ICBHI_156_8b3_LR_003,ICBHI_156_8b3_LR,ICBHI_156,1,ICBHI,AKGC417L,0.9596109312691484,4
ICBHI_156_8b3_LR_004,ICBHI_156_8b3_LR,ICBHI_156,1,ICBHI,AKGC417L,0.9602867432263156,4
ICBHI_156_8b3_LR_005,ICBHI_156_8b3_LR,ICBHI_156,1,ICBHI,AKGC417L,0.9577545043363116,4
ICBHI_156_8b3_LR_006,ICBHI_156_8b3_LR,ICBHI_156,1,ICBHI,AKGC417L,0.9622497251475316,4
ICBHI_156_8b3_PL_000,ICBHI_156_8b3_PL,ICBHI_156,1,ICBHI,AKGC417L,0.9872281325067136,4
ICBHI_156_8b3_PL_001,ICBHI_156_8b3_PL,ICBHI_156,1,ICBHI,AKGC417L,0.98636316471857,4
ICBHI_156_8b3_PL_002,ICBHI_156_8b3_PL,ICBHI_156,1,ICBHI,AKGC417L,0.9947798743064415,4
ICBHI_156_8b3_PL_003,ICBHI_156_8b3_PL,ICBHI_156,1,ICBHI,AKGC417L,0.9919691867837398,4
ICBHI_156_8b3_PL_004,ICBHI_156_8b3_PL,ICBHI_156,1,ICBHI,AKGC417L,0.985990433713597,4
ICBHI_156_8b3_PL_005,ICBHI_156_8b3_PL,ICBHI_156,1,ICBHI,AKGC417L,0.9890130573694068,4
ICBHI_156_8b3_PL_006,ICBHI_156_8b3_PL,ICBHI_156,1,ICBHI,AKGC417L,0.9904775143296634,4
ICBHI_159_1b1_AL_000,ICBHI_159_1b1_AL,ICBHI_159,0,ICBHI,Meditron,0.000404481497842,4
ICBHI_159_1b1_AL_001,ICBHI_159_1b1_AL,ICBHI_159,0,ICBHI,Meditron,0.0013617033749752,4
ICBHI_159_1b1_AL_002,ICBHI_159_1b1_AL,ICBHI_159,0,ICBHI,Meditron,0.0018969200744787,4
ICBHI_159_1b1_AL_003,ICBHI_159_1b1_AL,ICBHI_159,0,ICBHI,Meditron,0.0011740822246468,4
ICBHI_159_1b1_AL_004,ICBHI_159_1b1_AL,ICBHI_159,0,ICBHI,Meditron,0.0042979388794072,4
ICBHI_159_1b1_AL_005,ICBHI_159_1b1_AL,ICBHI_159,0,ICBHI,Meditron,0.0350126269467406,4
ICBHI_159_1b1_AL_006,ICBHI_159_1b1_AL,ICBHI_159,0,ICBHI,Meditron,0.0056200364000269,4
ICBHI_159_1b1_AR_000,ICBHI_159_1b1_AR,ICBHI_159,0,ICBHI,Meditron,0.000368297926016,4
ICBHI_159_1b1_AR_001,ICBHI_159_1b1_AR,ICBHI_159,0,ICBHI,Meditron,0.0006386796026437,4
ICBHI_159_1b1_AR_002,ICBHI_159_1b1_AR,ICBHI_159,0,ICBHI,Meditron,0.0022694686544869,4
ICBHI_159_1b1_AR_003,ICBHI_159_1b1_AR,ICBHI_159,0,ICBHI,Meditron,0.0124316508531858,4
ICBHI_159_1b1_AR_004,ICBHI_159_1b1_AR,ICBHI_159,0,ICBHI,Meditron,0.0017614696800739,4
ICBHI_159_1b1_AR_005,ICBHI_159_1b1_AR,ICBHI_159,0,ICBHI,Meditron,0.0018602985728957,4
ICBHI_159_1b1_AR_006,ICBHI_159_1b1_AR,ICBHI_159,0,ICBHI,Meditron,0.0094125895876098,4
ICBHI_159_1b1_LL_000,ICBHI_159_1b1_LL,ICBHI_159,0,ICBHI,Meditron,0.8694931085969142,4
ICBHI_159_1b1_LL_001,ICBHI_159_1b1_LL,ICBHI_159,0,ICBHI,Meditron,0.851829586557013,4
ICBHI_159_1b1_LL_002,ICBHI_159_1b1_LL,ICBHI_159,0,ICBHI,Meditron,0.804405915893501,4
ICBHI_159_1b1_LL_003,ICBHI_159_1b1_LL,ICBHI_159,0,ICBHI,Meditron,0.8088233724223733,4
ICBHI_159_1b1_LL_004,ICBHI_159_1b1_LL,ICBHI_159,0,ICBHI,Meditron,0.7932661483848841,4
ICBHI_159_1b1_LL_005,ICBHI_159_1b1_LL,ICBHI_159,0,ICBHI,Meditron,0.8672607639619987,4
ICBHI_159_1b1_LL_006,ICBHI_159_1b1_LL,ICBHI_159,0,ICBHI,Meditron,0.9419752510012038,4
ICBHI_159_1b1_PR_000,ICBHI_159_1b1_PR,ICBHI_159,0,ICBHI,Meditron,0.8534247908404916,4
ICBHI_159_1b1_PR_001,ICBHI_159_1b1_PR,ICBHI_159,0,ICBHI,Meditron,0.7913377270134009,4
ICBHI_159_1b1_PR_002,ICBHI_159_1b1_PR,ICBHI_159,0,ICBHI,Meditron,0.90192067652954,4
ICBHI_159_1b1_PR_003,ICBHI_159_1b1_PR,ICBHI_159,0,ICBHI,Meditron,0.7148271571222505,4
ICBHI_159_1b1_PR_004,ICBHI_159_1b1_PR,ICBHI_159,0,ICBHI,Meditron,0.4850660886681425,4
ICBHI_159_1b1_PR_005,ICBHI_159_1b1_PR,ICBHI_159,0,ICBHI,Meditron,0.7608284015956692,4
ICBHI_159_1b1_PR_006,ICBHI_159_1b1_PR,ICBHI_159,0,ICBHI,Meditron,0.8891444050747391,4
ICBHI_170_1b2_AL_000,ICBHI_170_1b2_AL,ICBHI_170,1,ICBHI,AKGC417L,0.9651848037780948,4
ICBHI_170_1b2_AL_001,ICBHI_170_1b2_AL,ICBHI_170,1,ICBHI,AKGC417L,0.9682013311953048,4
ICBHI_170_1b2_AL_002,ICBHI_170_1b2_AL,ICBHI_170,1,ICBHI,AKGC417L,0.9596109312691484,4
ICBHI_170_1b2_AL_003,ICBHI_170_1b2_AL,ICBHI_170,1,ICBHI,AKGC417L,0.9636433368120324,4
ICBHI_170_1b2_AL_004,ICBHI_170_1b2_AL,ICBHI_170,1,ICBHI,AKGC417L,0.9610980199022024,4
ICBHI_170_1b2_AL_005,ICBHI_170_1b2_AL,ICBHI_170,1,ICBHI,AKGC417L,0.9588471107825552,4
ICBHI_170_1b2_AL_006,ICBHI_170_1b2_AL,ICBHI_170,1,ICBHI,AKGC417L,0.9667260589136598,4
ICBHI_170_1b2_AR_000,ICBHI_170_1b2_AR,ICBHI_170,1,ICBHI,AKGC417L,0.7678639706205701,4
ICBHI_170_1b2_AR_001,ICBHI_170_1b2_AR,ICBHI_170,1,ICBHI,AKGC417L,0.962602866405004,4
ICBHI_170_1b2_AR_002,ICBHI_170_1b2_AR,ICBHI_170,1,ICBHI,AKGC417L,0.9737446992106472,4
ICBHI_170_1b2_AR_003,ICBHI_170_1b2_AR,ICBHI_170,1,ICBHI,AKGC417L,0.5138743060016182,4
ICBHI_170_1b2_AR_004,ICBHI_170_1b2_AR,ICBHI_170,1,ICBHI,AKGC417L,0.2609540759298918,4
ICBHI_170_1b2_AR_005,ICBHI_170_1b2_AR,ICBHI_170,1,ICBHI,AKGC417L,0.9334308110294984,4
ICBHI_170_1b2_AR_006,ICBHI_170_1b2_AR,ICBHI_170,1,ICBHI,AKGC417L,0.97693477348305,4
ICBHI_170_1b2_LR_000,ICBHI_170_1b2_LR,ICBHI_170,1,ICBHI,AKGC417L,0.9752961303267708,4
ICBHI_170_1b2_LR_001,ICBHI_170_1b2_LR,ICBHI_170,1,ICBHI,AKGC417L,0.9586926962069956,4
ICBHI_170_1b2_LR_002,ICBHI_170_1b2_LR,ICBHI_170,1,ICBHI,AKGC417L,0.9572778024535096,4
ICBHI_170_1b2_LR_003,ICBHI_170_1b2_LR,ICBHI_170,1,ICBHI,AKGC417L,0.968915048912056,4
ICBHI_170_1b2_LR_004,ICBHI_170_1b2_LR,ICBHI_170,1,ICBHI,AKGC417L,0.973894084658676,4
ICBHI_170_1b2_LR_005,ICBHI_170_1b2_LR,ICBHI_170,1,ICBHI,AKGC417L,0.980949100414177,4
ICBHI_170_1b2_LR_006,ICBHI_170_1b2_LR,ICBHI_170,1,ICBHI,AKGC417L,0.9628132248397596,4
ICBHI_170_1b2_PL_000,ICBHI_170_1b2_PL,ICBHI_170,1,ICBHI,AKGC417L,0.956553103139948,4
ICBHI_170_1b2_PL_001,ICBHI_170_1b2_PL,ICBHI_170,1,ICBHI,AKGC417L,0.9861513897844354,4
ICBHI_170_1b2_PL_002,ICBHI_170_1b2_PL,ICBHI_170,1,ICBHI,AKGC417L,0.9848692716928064,4
ICBHI_170_1b2_PL_003,ICBHI_170_1b2_PL,ICBHI_170,1,ICBHI,AKGC417L,0.9836598719063984,4
ICBHI_170_1b2_PL_004,ICBHI_170_1b2_PL,ICBHI_170,1,ICBHI,AKGC417L,0.9813464782682386,4
ICBHI_170_1b2_PL_005,ICBHI_170_1b2_PL,ICBHI_170,1,ICBHI,AKGC417L,0.969670743015721,4
ICBHI_170_1b2_PL_006,ICBHI_170_1b2_PL,ICBHI_170,1,ICBHI,AKGC417L,0.9857180660748888,4
ICBHI_170_1b2_PR_000,ICBHI_170_1b2_PR,ICBHI_170,1,ICBHI,AKGC417L,0.9841546388118628,4
ICBHI_170_1b2_PR_001,ICBHI_170_1b2_PR,ICBHI_170,1,ICBHI,AKGC417L,0.9825575152637948,4
ICBHI_170_1b2_PR_002,ICBHI_170_1b2_PR,ICBHI_170,1,ICBHI,AKGC417L,0.9770226300899744,4
ICBHI_170_1b2_PR_003,ICBHI_170_1b2_PR,ICBHI_170,1,ICBHI,AKGC417L,0.9730365001376664,4
ICBHI_170_1b2_PR_004,ICBHI_170_1b2_PR,ICBHI_170,1,ICBHI,AKGC417L,0.978343323718742,4
ICBHI_170_1b2_PR_005,ICBHI_170_1b2_PR,ICBHI_170,1,ICBHI,AKGC417L,0.979745309435261,4
ICBHI_170_1b2_PR_006,ICBHI_170_1b2_PR,ICBHI_170,1,ICBHI,AKGC417L,0.9745803476190712,4
ICBHI_170_1b2_TC_000,ICBHI_170_1b2_TC,ICBHI_170,1,ICBHI,AKGC417L,0.9374402692115686,4
ICBHI_170_1b2_TC_001,ICBHI_170_1b2_TC,ICBHI_170,1,ICBHI,AKGC417L,0.9690324847372525,4
ICBHI_170_1b2_TC_002,ICBHI_170_1b2_TC,ICBHI_170,1,ICBHI,AKGC417L,0.9577545043363116,4
ICBHI_170_1b2_TC_003,ICBHI_170_1b2_TC,ICBHI_170,1,ICBHI,AKGC417L,0.9347534342381864,4
ICBHI_170_1b2_TC_004,ICBHI_170_1b2_TC,ICBHI_170,1,ICBHI,AKGC417L,0.9399133498259924,4
ICBHI_170_1b2_TC_005,ICBHI_170_1b2_TC,ICBHI_170,1,ICBHI,AKGC417L,0.8589553730585133,4
ICBHI_170_1b2_TC_006,ICBHI_170_1b2_TC,ICBHI_170,1,ICBHI,AKGC417L,0.8175744761936437,4
ICBHI_170_1b3_AL_000,ICBHI_170_1b3_AL,ICBHI_170,1,ICBHI,AKGC417L,0.9783846672373524,4
ICBHI_170_1b3_AL_001,ICBHI_170_1b3_AL,ICBHI_170,1,ICBHI,AKGC417L,0.9785492708245106,4
ICBHI_170_1b3_AL_002,ICBHI_170_1b3_AL,ICBHI_170,1,ICBHI,AKGC417L,0.9810219632882344,4
ICBHI_170_1b3_AL_003,ICBHI_170_1b3_AL,ICBHI_170,1,ICBHI,AKGC417L,0.9823555365894354,4
ICBHI_170_1b3_AL_004,ICBHI_170_1b3_AL,ICBHI_170,1,ICBHI,AKGC417L,0.9715099574136776,4
ICBHI_170_1b3_AL_005,ICBHI_170_1b3_AL,ICBHI_170,1,ICBHI,AKGC417L,0.9710193702585468,4
ICBHI_170_1b3_AL_006,ICBHI_170_1b3_AL,ICBHI_170,1,ICBHI,AKGC417L,0.9796287059913455,4
ICBHI_170_1b3_AR_000,ICBHI_170_1b3_AR,ICBHI_170,1,ICBHI,AKGC417L,0.93789687838626,4
ICBHI_170_1b3_AR_001,ICBHI_170_1b3_AR,ICBHI_170,1,ICBHI,AKGC417L,0.9635062337709722,4
ICBHI_170_1b3_AR_002,ICBHI_170_1b3_AR,ICBHI_170,1,ICBHI,AKGC417L,0.9472835978632692,4
ICBHI_170_1b3_AR_003,ICBHI_170_1b3_AR,ICBHI_170,1,ICBHI,AKGC417L,0.8840392817460332,4
ICBHI_170_1b3_AR_004,ICBHI_170_1b3_AR,ICBHI_170,1,ICBHI,AKGC417L,0.7549149868676283,4
ICBHI_170_1b3_AR_005,ICBHI_170_1b3_AR,ICBHI_170,1,ICBHI,AKGC417L,0.9667260589136598,4
ICBHI_170_1b3_AR_006,ICBHI_170_1b3_AR,ICBHI_170,1,ICBHI,AKGC417L,0.9826909042463318,4
ICBHI_170_1b3_LL_000,ICBHI_170_1b3_LL,ICBHI_170,1,ICBHI,AKGC417L,0.9852145923076094,4
ICBHI_170_1b3_LL_001,ICBHI_170_1b3_LL,ICBHI_170,1,ICBHI,AKGC417L,0.9870296135626316,4
ICBHI_170_1b3_LL_002,ICBHI_170_1b3_LL,ICBHI_170,1,ICBHI,AKGC417L,0.9830850867332734,4
ICBHI_170_1b3_LL_003,ICBHI_170_1b3_LL,ICBHI_170,1,ICBHI,AKGC417L,0.9865198970247336,4
ICBHI_170_1b3_LL_004,ICBHI_170_1b3_LL,ICBHI_170,1,ICBHI,AKGC417L,0.9882221573114804,4
ICBHI_170_1b3_LL_005,ICBHI_170_1b3_LL,ICBHI_170,1,ICBHI,AKGC417L,0.9873262643069668,4
ICBHI_170_1b3_LL_006,ICBHI_170_1b3_LL,ICBHI_170,1,ICBHI,AKGC417L,0.9849852519941804,4
ICBHI_170_1b3_LR_000,ICBHI_170_1b3_LR,ICBHI_170,1,ICBHI,AKGC417L,0.9390248191350352,4
ICBHI_170_1b3_LR_001,ICBHI_170_1b3_LR,ICBHI_170,1,ICBHI,AKGC417L,0.9777987710969442,4
ICBHI_170_1b3_LR_002,ICBHI_170_1b3_LR,ICBHI_170,1,ICBHI,AKGC417L,0.9844563520692292,4
ICBHI_170_1b3_LR_003,ICBHI_170_1b3_LR,ICBHI_170,1,ICBHI,AKGC417L,0.9787533019806788,4
ICBHI_170_1b3_LR_004,ICBHI_170_1b3_LR,ICBHI_170,1,ICBHI,AKGC417L,0.9635062337709722,4
ICBHI_170_1b3_LR_005,ICBHI_170_1b3_LR,ICBHI_170,1,ICBHI,AKGC417L,0.9465966702001756,4
ICBHI_170_1b3_LR_006,ICBHI_170_1b3_LR,ICBHI_170,1,ICBHI,AKGC417L,0.976129165047569,4
ICBHI_170_1b3_PL_000,ICBHI_170_1b3_PL,ICBHI_170,1,ICBHI,AKGC417L,0.9826909042463318,4
ICBHI_170_1b3_PL_001,ICBHI_170_1b3_PL,ICBHI_170,1,ICBHI,AKGC417L,0.991619546648974,4
ICBHI_170_1b3_PL_002,ICBHI_170_1b3_PL,ICBHI_170,1,ICBHI,AKGC417L,0.9812029269218638,4
ICBHI_170_1b3_PL_003,ICBHI_170_1b3_PL,ICBHI_170,1,ICBHI,AKGC417L,0.9843363512883316,4
ICBHI_170_1b3_PL_004,ICBHI_170_1b3_PL,ICBHI_170,1,ICBHI,AKGC417L,0.9753431444580398,4
ICBHI_170_1b3_PL_005,ICBHI_170_1b3_PL,ICBHI_170,1,ICBHI,AKGC417L,0.9871292507842532,4
ICBHI_170_1b3_PL_006,ICBHI_170_1b3_PL,ICBHI_170,1,ICBHI,AKGC417L,0.9954438862855456,4
ICBHI_170_1b3_PR_000,ICBHI_170_1b3_PR,ICBHI_170,1,ICBHI,AKGC417L,0.9815597909507104,4
ICBHI_170_1b3_PR_001,ICBHI_170_1b3_PR,ICBHI_170,1,ICBHI,AKGC417L,0.979861259172271,4
ICBHI_170_1b3_PR_002,ICBHI_170_1b3_PR,ICBHI_170,1,ICBHI,AKGC417L,0.9822877012965884,4
ICBHI_170_1b3_PR_003,ICBHI_170_1b3_PR,ICBHI_170,1,ICBHI,AKGC417L,0.9767580751989804,4
ICBHI_170_1b3_PR_004,ICBHI_170_1b3_PR,ICBHI_170,1,ICBHI,AKGC417L,0.9717790128704672,4
ICBHI_170_1b3_PR_005,ICBHI_170_1b3_PR,ICBHI_170,1,ICBHI,AKGC417L,0.9757623652873698,4
ICBHI_170_1b3_PR_006,ICBHI_170_1b3_PR,ICBHI_170,1,ICBHI,AKGC417L,0.9783019028763682,4
ICBHI_170_1b3_TC_000,ICBHI_170_1b3_TC,ICBHI_170,1,ICBHI,AKGC417L,0.8546421704730389,4
ICBHI_170_1b3_TC_001,ICBHI_170_1b3_TC,ICBHI_170,1,ICBHI,AKGC417L,0.8862236206549613,4
ICBHI_170_1b3_TC_002,ICBHI_170_1b3_TC,ICBHI_170,1,ICBHI,AKGC417L,0.9680204398748076,4
ICBHI_170_1b3_TC_003,ICBHI_170_1b3_TC,ICBHI_170,1,ICBHI,AKGC417L,0.9836598719063984,4
ICBHI_170_1b3_TC_004,ICBHI_170_1b3_TC,ICBHI_170,1,ICBHI,AKGC417L,0.9757623652873698,4
ICBHI_170_1b3_TC_005,ICBHI_170_1b3_TC,ICBHI_170,1,ICBHI,AKGC417L,0.9537080988961596,4
ICBHI_170_1b3_TC_006,ICBHI_170_1b3_TC,ICBHI_170,1,ICBHI,AKGC417L,0.9549004305956024,4
ICBHI_170_1b4_AL_000,ICBHI_170_1b4_AL,ICBHI_170,1,ICBHI,AKGC417L,0.981979260068153,4
ICBHI_170_1b4_AL_001,ICBHI_170_1b4_AL,ICBHI_170,1,ICBHI,AKGC417L,0.9702962496606208,4
ICBHI_170_1b4_AL_002,ICBHI_170_1b4_AL,ICBHI_170,1,ICBHI,AKGC417L,0.9693822208597556,4
ICBHI_170_1b4_AL_003,ICBHI_170_1b4_AL,ICBHI_170,1,ICBHI,AKGC417L,0.973894084658676,4
ICBHI_170_1b4_AL_004,ICBHI_170_1b4_AL,ICBHI_170,1,ICBHI,AKGC417L,0.9637799441350252,4
ICBHI_170_1b4_AL_005,ICBHI_170_1b4_AL,ICBHI_170,1,ICBHI,AKGC417L,0.982889110788156,4
ICBHI_170_1b4_AL_006,ICBHI_170_1b4_AL,ICBHI_170,1,ICBHI,AKGC417L,0.9714558483038396,4
ICBHI_170_1b4_AR_000,ICBHI_170_1b4_AR,ICBHI_170,1,ICBHI,AKGC417L,0.9059898203834276,4
ICBHI_170_1b4_AR_001,ICBHI_170_1b4_AR,ICBHI_170,1,ICBHI,AKGC417L,0.8174287801882275,4
ICBHI_170_1b4_AR_002,ICBHI_170_1b4_AR,ICBHI_170,1,ICBHI,AKGC417L,0.8177200818572946,4
ICBHI_170_1b4_AR_003,ICBHI_170_1b4_AR,ICBHI_170,1,ICBHI,AKGC417L,0.7789857587902472,4
ICBHI_170_1b4_AR_004,ICBHI_170_1b4_AR,ICBHI_170,1,ICBHI,AKGC417L,0.9107043571873992,4
ICBHI_170_1b4_AR_005,ICBHI_170_1b4_AR,ICBHI_170,1,ICBHI,AKGC417L,0.9616059822423816,4
ICBHI_170_1b4_AR_006,ICBHI_170_1b4_AR,ICBHI_170,1,ICBHI,AKGC417L,0.9015745876334376,4
ICBHI_170_1b4_LR_000,ICBHI_170_1b4_LR,ICBHI_170,1,ICBHI,AKGC417L,0.9826243354907804,4
ICBHI_170_1b4_LR_001,ICBHI_170_1b4_LR,ICBHI_170,1,ICBHI,AKGC417L,0.9783846672373524,4
ICBHI_170_1b4_LR_002,ICBHI_170_1b4_LR,ICBHI_170,1,ICBHI,AKGC417L,0.9244152093213264,4
ICBHI_170_1b4_LR_003,ICBHI_170_1b4_LR,ICBHI_170,1,ICBHI,AKGC417L,0.929183798137365,4
ICBHI_170_1b4_LR_004,ICBHI_170_1b4_LR,ICBHI_170,1,ICBHI,AKGC417L,0.9337939759583312,4
ICBHI_170_1b4_LR_005,ICBHI_170_1b4_LR,ICBHI_170,1,ICBHI,AKGC417L,0.9773275621685958,4
ICBHI_170_1b4_LR_006,ICBHI_170_1b4_LR,ICBHI_170,1,ICBHI,AKGC417L,0.9647224530933884,4
ICBHI_170_1b4_PL_000,ICBHI_170_1b4_PL,ICBHI_170,1,ICBHI,AKGC417L,0.9852713861502774,4
ICBHI_170_1b4_PL_001,ICBHI_170_1b4_PL,ICBHI_170,1,ICBHI,AKGC417L,0.9794329046535716,4
ICBHI_170_1b4_PL_002,ICBHI_170_1b4_PL,ICBHI_170,1,ICBHI,AKGC417L,0.9890130573694068,4
ICBHI_170_1b4_PL_003,ICBHI_170_1b4_PL,ICBHI_170,1,ICBHI,AKGC417L,0.979393523864564,4
ICBHI_170_1b4_PL_004,ICBHI_170_1b4_PL,ICBHI_170,1,ICBHI,AKGC417L,0.9680808472695964,4
ICBHI_170_1b4_PL_005,ICBHI_170_1b4_PL,ICBHI_170,1,ICBHI,AKGC417L,0.9826243354907804,4
ICBHI_170_1b4_PL_006,ICBHI_170_1b4_PL,ICBHI_170,1,ICBHI,AKGC417L,0.9740426428022032,4
ICBHI_170_1b4_PR_000,ICBHI_170_1b4_PR,ICBHI_170,1,ICBHI,AKGC417L,0.979784031808104,4
ICBHI_170_1b4_PR_001,ICBHI_170_1b4_PR,ICBHI_170,1,ICBHI,AKGC417L,0.9699566305886772,4
ICBHI_170_1b4_PR_002,ICBHI_170_1b4_PR,ICBHI_170,1,ICBHI,AKGC417L,0.9644556024735852,4
ICBHI_170_1b4_PR_003,ICBHI_170_1b4_PR,ICBHI_170,1,ICBHI,AKGC417L,0.97085402718101,4
ICBHI_170_1b4_PR_004,ICBHI_170_1b4_PR,ICBHI_170,1,ICBHI,AKGC417L,0.9728307684643188,4
ICBHI_170_1b4_PR_005,ICBHI_170_1b4_PR,ICBHI_170,1,ICBHI,AKGC417L,0.9487275818697054,4
ICBHI_170_1b4_PR_006,ICBHI_170_1b4_PR,ICBHI_170,1,ICBHI,AKGC417L,0.9516839297321508,4
ICBHI_170_1b4_TC_000,ICBHI_170_1b4_TC,ICBHI_170,1,ICBHI,AKGC417L,0.9776285401622384,4
ICBHI_170_1b4_TC_001,ICBHI_170_1b4_TC,ICBHI_170,1,ICBHI,AKGC417L,0.9177460552422908,4
ICBHI_170_1b4_TC_002,ICBHI_170_1b4_TC,ICBHI_170,1,ICBHI,AKGC417L,0.8933094060543487,4
ICBHI_170_1b4_TC_003,ICBHI_170_1b4_TC,ICBHI_170,1,ICBHI,AKGC417L,0.9687380865831756,4
ICBHI_170_1b4_TC_004,ICBHI_170_1b4_TC,ICBHI_170,1,ICBHI,AKGC417L,0.983342959990771,4
ICBHI_170_1b4_TC_005,ICBHI_170_1b4_TC,ICBHI_170,1,ICBHI,AKGC417L,0.991875291221819,4
ICBHI_170_1b4_TC_006,ICBHI_170_1b4_TC,ICBHI_170,1,ICBHI,AKGC417L,0.9526622845323623,4
ICBHI_170_2b2_AL_000,ICBHI_170_2b2_AL,ICBHI_170,1,ICBHI,AKGC417L,0.9482504601248406,4
ICBHI_170_2b2_AL_001,ICBHI_170_2b2_AL,ICBHI_170,1,ICBHI,AKGC417L,0.9800912115412156,4
ICBHI_170_2b2_AL_002,ICBHI_170_2b2_AL,ICBHI_170,1,ICBHI,AKGC417L,0.9731387971923422,4
ICBHI_170_2b2_AL_003,ICBHI_170_2b2_AL,ICBHI_170,1,ICBHI,AKGC417L,0.964254189725945,4
ICBHI_170_2b2_AL_004,ICBHI_170_2b2_AL,ICBHI_170,1,ICBHI,AKGC417L,0.959762057376384,4
ICBHI_170_2b2_AL_005,ICBHI_170_2b2_AL,ICBHI_170,1,ICBHI,AKGC417L,0.9313377141395016,4
ICBHI_170_2b2_AL_006,ICBHI_170_2b2_AL,ICBHI_170,1,ICBHI,AKGC417L,0.9666631758572982,4
ICBHI_170_2b2_AR_000,ICBHI_170_2b2_AR,ICBHI_170,1,ICBHI,AKGC417L,0.4317638723198705,4
ICBHI_170_2b2_AR_001,ICBHI_170_2b2_AR,ICBHI_170,1,ICBHI,AKGC417L,0.8378854381136884,4
ICBHI_170_2b2_AR_002,ICBHI_170_2b2_AR,ICBHI_170,1,ICBHI,AKGC417L,0.8323729550384906,4
ICBHI_170_2b2_AR_003,ICBHI_170_2b2_AR,ICBHI_170,1,ICBHI,AKGC417L,0.2713482279890588,4
ICBHI_170_2b2_AR_004,ICBHI_170_2b2_AR,ICBHI_170,1,ICBHI,AKGC417L,0.4449265076992867,4
ICBHI_170_2b2_AR_005,ICBHI_170_2b2_AR,ICBHI_170,1,ICBHI,AKGC417L,0.8190264698879778,4
ICBHI_170_2b2_AR_006,ICBHI_170_2b2_AR,ICBHI_170,1,ICBHI,AKGC417L,0.8036365265772738,4
ICBHI_170_2b2_LR_000,ICBHI_170_2b2_LR,ICBHI_170,1,ICBHI,AKGC417L,0.9817707096048712,4
ICBHI_170_2b2_LR_001,ICBHI_170_2b2_LR,ICBHI_170,1,ICBHI,AKGC417L,0.9868280501184434,4
ICBHI_170_2b2_LR_002,ICBHI_170_2b2_LR,ICBHI_170,1,ICBHI,AKGC417L,0.9690910414827888,4
ICBHI_170_2b2_LR_003,ICBHI_170_2b2_LR,ICBHI_170,1,ICBHI,AKGC417L,0.9789554342060388,4
ICBHI_170_2b2_LR_004,ICBHI_170_2b2_LR,ICBHI_170,1,ICBHI,AKGC417L,0.969785412932606,4
ICBHI_170_2b2_LR_005,ICBHI_170_2b2_LR,ICBHI_170,1,ICBHI,AKGC417L,0.9710193702585468,4
ICBHI_170_2b2_LR_006,ICBHI_170_2b2_LR,ICBHI_170,1,ICBHI,AKGC417L,0.9750122054090996,4
ICBHI_170_2b2_PL_000,ICBHI_170_2b2_PL,ICBHI_170,1,ICBHI,AKGC417L,0.9702962496606208,4
ICBHI_170_2b2_PL_001,ICBHI_170_2b2_PL,ICBHI_170,1,ICBHI,AKGC417L,0.9294404038127072,4
ICBHI_170_2b2_PL_002,ICBHI_170_2b2_PL,ICBHI_170,1,ICBHI,AKGC417L,0.9313377141395016,4
ICBHI_170_2b2_PL_003,ICBHI_170_2b2_PL,ICBHI_170,1,ICBHI,AKGC417L,0.956308939359532,4
ICBHI_170_2b2_PL_004,ICBHI_170_2b2_PL,ICBHI_170,1,ICBHI,AKGC417L,0.8820219914046175,4
ICBHI_170_2b2_PL_005,ICBHI_170_2b2_PL,ICBHI_170,1,ICBHI,AKGC417L,0.9418684051353045,4
ICBHI_170_2b2_PL_006,ICBHI_170_2b2_PL,ICBHI_170,1,ICBHI,AKGC417L,0.9827572224423472,4
ICBHI_170_2b2_PR_000,ICBHI_170_2b2_PR,ICBHI_170,1,ICBHI,AKGC417L,0.9539660976007596,4
ICBHI_170_2b2_PR_001,ICBHI_170_2b2_PR,ICBHI_170,1,ICBHI,AKGC417L,0.957357608127398,4
ICBHI_170_2b2_PR_002,ICBHI_170_2b2_PR,ICBHI_170,1,ICBHI,AKGC417L,0.9546474194456936,4
ICBHI_170_2b2_PR_003,ICBHI_170_2b2_PR,ICBHI_170,1,ICBHI,AKGC417L,0.854156228644121,4
ICBHI_170_2b2_PR_004,ICBHI_170_2b2_PR,ICBHI_170,1,ICBHI,AKGC417L,0.9520418961921002,4
ICBHI_170_2b2_PR_005,ICBHI_170_2b2_PR,ICBHI_170,1,ICBHI,AKGC417L,0.976355659124078,4
ICBHI_170_2b2_PR_006,ICBHI_170_2b2_PR,ICBHI_170,1,ICBHI,AKGC417L,0.9634374958402552,4
ICBHI_170_2b2_TC_000,ICBHI_170_2b2_TC,ICBHI_170,1,ICBHI,AKGC417L,0.929183798137365,4
ICBHI_170_2b2_TC_001,ICBHI_170_2b2_TC,ICBHI_170,1,ICBHI,AKGC417L,0.926569947300106,4
ICBHI_170_2b2_TC_002,ICBHI_170_2b2_TC,ICBHI_170,1,ICBHI,AKGC417L,0.9405717789263596,4
ICBHI_170_2b2_TC_003,ICBHI_170_2b2_TC,ICBHI_170,1,ICBHI,AKGC417L,0.7579735664426586,4
ICBHI_170_2b2_TC_004,ICBHI_170_2b2_TC,ICBHI_170,1,ICBHI,AKGC417L,0.5625970953931726,4
ICBHI_170_2b2_TC_005,ICBHI_170_2b2_TC,ICBHI_170,1,ICBHI,AKGC417L,0.9230391643039738,4
ICBHI_170_2b2_TC_006,ICBHI_170_2b2_TC,ICBHI_170,1,ICBHI,AKGC417L,0.9895916858989277,4
ICBHI_174_1p2_AR_000,ICBHI_174_1p2_AR,ICBHI_174,1,ICBHI,AKGC417L,0.9479621753121426,4
ICBHI_174_1p2_AR_001,ICBHI_174_1p2_AR,ICBHI_174,1,ICBHI,AKGC417L,0.9173026573249612,4
ICBHI_174_1p2_AR_002,ICBHI_174_1p2_AR,ICBHI_174,1,ICBHI,AKGC417L,0.9768465889071616,4
ICBHI_174_1p2_AR_003,ICBHI_174_1p2_AR,ICBHI_174,1,ICBHI,AKGC417L,0.9753431444580398,4
ICBHI_174_1p2_AR_004,ICBHI_174_1p2_AR,ICBHI_174,1,ICBHI,AKGC417L,0.9517736584118672,4
ICBHI_174_1p2_AR_005,ICBHI_174_1p2_AR,ICBHI_174,1,ICBHI,AKGC417L,0.952925824178976,4
ICBHI_174_1p2_AR_006,ICBHI_174_1p2_AR,ICBHI_174,1,ICBHI,AKGC417L,0.961389068531974,4
ICBHI_174_1p2_LL_000,ICBHI_174_1p2_LL,ICBHI_174,1,ICBHI,AKGC417L,0.9707987097542188,4
ICBHI_174_1p2_LL_001,ICBHI_174_1p2_LL,ICBHI_174,1,ICBHI,AKGC417L,0.9750597460625842,4
ICBHI_174_1p2_LL_002,ICBHI_174_1p2_LL,ICBHI_174,1,ICBHI,AKGC417L,0.9859363729567544,4
ICBHI_174_1p2_LL_003,ICBHI_174_1p2_LL,ICBHI_174,1,ICBHI,AKGC417L,0.9765800557141248,4
ICBHI_174_1p2_LL_004,ICBHI_174_1p2_LL,ICBHI_174,1,ICBHI,AKGC417L,0.9614615034830584,4
ICBHI_174_1p2_LL_005,ICBHI_174_1p2_LL,ICBHI_174,1,ICBHI,AKGC417L,0.9767580751989804,4
ICBHI_174_1p2_LL_006,ICBHI_174_1p2_LL,ICBHI_174,1,ICBHI,AKGC417L,0.9772842436755208,4
ICBHI_174_1p2_LR_000,ICBHI_174_1p2_LR,ICBHI_174,1,ICBHI,AKGC417L,0.9673486215396556,4
ICBHI_174_1p2_LR_001,ICBHI_174_1p2_LR,ICBHI_174,1,ICBHI,AKGC417L,0.9717790128704672,4
ICBHI_174_1p2_LR_002,ICBHI_174_1p2_LR,ICBHI_174,1,ICBHI,AKGC417L,0.9834704434423458,4
ICBHI_174_1p2_LR_003,ICBHI_174_1p2_LR,ICBHI_174,1,ICBHI,AKGC417L,0.9837225390872864,4
ICBHI_174_1p2_LR_004,ICBHI_174_1p2_LR,ICBHI_174,1,ICBHI,AKGC417L,0.9752018398044144,4
ICBHI_174_1p2_LR_005,ICBHI_174_1p2_LR,ICBHI_174,1,ICBHI,AKGC417L,0.9749168590639716,4
ICBHI_174_1p2_LR_006,ICBHI_174_1p2_LR,ICBHI_174,1,ICBHI,AKGC417L,0.9639839292499328,4
ICBHI_174_1p2_PL_000,ICBHI_174_1p2_PL,ICBHI_174,1,ICBHI,AKGC417L,0.9808025508024198,4
ICBHI_174_1p2_PL_001,ICBHI_174_1p2_PL,ICBHI_174,1,ICBHI,AKGC417L,0.9837225390872864,4
ICBHI_174_1p2_PL_002,ICBHI_174_1p2_PL,ICBHI_174,1,ICBHI,AKGC417L,0.9852145923076094,4
ICBHI_174_1p2_PL_003,ICBHI_174_1p2_PL,ICBHI_174,1,ICBHI,AKGC417L,0.9792749380796176,4
ICBHI_174_1p2_PL_004,ICBHI_174_1p2_PL,ICBHI_174,1,ICBHI,AKGC417L,0.9842760094722643,4
ICBHI_174_1p2_PL_005,ICBHI_174_1p2_PL,ICBHI_174,1,ICBHI,AKGC417L,0.98905542259902,4
ICBHI_174_1p2_PL_006,ICBHI_174_1p2_PL,ICBHI_174,1,ICBHI,AKGC417L,0.9881766051636294,4
ICBHI_174_1p2_PR_000,ICBHI_174_1p2_PR,ICBHI_174,1,ICBHI,AKGC417L,0.9168570857654618,4
ICBHI_174_1p2_PR_001,ICBHI_174_1p2_PR,ICBHI_174,1,ICBHI,AKGC417L,0.7563575624625937,4
ICBHI_174_1p2_PR_002,ICBHI_174_1p2_PR,ICBHI_174,1,ICBHI,AKGC417L,0.7664684879310303,4
ICBHI_174_1p2_PR_003,ICBHI_174_1p2_PR,ICBHI_174,1,ICBHI,AKGC417L,0.9118099551992372,4
ICBHI_174_1p2_PR_004,ICBHI_174_1p2_PR,ICBHI_174,1,ICBHI,AKGC417L,0.9289263306198166,4
ICBHI_174_1p2_PR_005,ICBHI_174_1p2_PR,ICBHI_174,1,ICBHI,AKGC417L,0.9227612136829396,4
ICBHI_174_1p2_PR_006,ICBHI_174_1p2_PR,ICBHI_174,1,ICBHI,AKGC417L,0.9731898041004328,4
ICBHI_174_1p2_TC_000,ICBHI_174_1p2_TC,ICBHI_174,1,ICBHI,AKGC417L,0.9862046355788148,4
ICBHI_174_1p2_TC_001,ICBHI_174_1p2_TC,ICBHI_174,1,ICBHI,AKGC417L,0.974676939890233,4
ICBHI_174_1p2_TC_002,ICBHI_174_1p2_TC,ICBHI_174,1,ICBHI,AKGC417L,0.994488065789193,4
ICBHI_174_1p2_TC_003,ICBHI_174_1p2_TC,ICBHI_174,1,ICBHI,AKGC417L,0.9965570192011142,4
ICBHI_174_1p2_TC_004,ICBHI_174_1p2_TC,ICBHI_174,1,ICBHI,AKGC417L,0.9930153500828656,4
ICBHI_174_1p2_TC_005,ICBHI_174_1p2_TC,ICBHI_174,1,ICBHI,AKGC417L,0.9887119261007692,4
ICBHI_174_1p2_TC_006,ICBHI_174_1p2_TC,ICBHI_174,1,ICBHI,AKGC417L,0.994180040415741,4
ICBHI_174_1p3_AR_000,ICBHI_174_1p3_AR,ICBHI_174,1,ICBHI,AKGC417L,0.9602121916306376,4
ICBHI_174_1p3_AR_001,ICBHI_174_1p3_AR,ICBHI_174,1,ICBHI,AKGC417L,0.9807288620802312,4
ICBHI_174_1p3_AR_002,ICBHI_174_1p3_AR,ICBHI_174,1,ICBHI,AKGC417L,0.9932024684496268,4
ICBHI_174_1p3_AR_003,ICBHI_174_1p3_AR,ICBHI_174,1,ICBHI,AKGC417L,0.9653158276272332,4
ICBHI_174_1p3_AR_004,ICBHI_174_1p3_AR,ICBHI_174,1,ICBHI,AKGC417L,0.8964328436644923,4
ICBHI_174_1p3_AR_005,ICBHI_174_1p3_AR,ICBHI_174,1,ICBHI,AKGC417L,0.9787533019806788,4
ICBHI_174_1p3_AR_006,ICBHI_174_1p3_AR,ICBHI_174,1,ICBHI,AKGC417L,0.9548162433273092,4
ICBHI_174_1p3_LL_000,ICBHI_174_1p3_LL,ICBHI_174,1,ICBHI,AKGC417L,0.9878528299001949,4
ICBHI_174_1p3_LL_001,ICBHI_174_1p3_LL,ICBHI_174,1,ICBHI,AKGC417L,0.9818056317790944,4
ICBHI_174_1p3_LL_002,ICBHI_174_1p3_LL,ICBHI_174,1,ICBHI,AKGC417L,0.9841546388118628,4
ICBHI_174_1p3_LL_003,ICBHI_174_1p3_LL,ICBHI_174,1,ICBHI,AKGC417L,0.9874720680072552,4
ICBHI_174_1p3_LL_004,ICBHI_174_1p3_LL,ICBHI_174,1,ICBHI,AKGC417L,0.9820137900379085,4
ICBHI_174_1p3_LL_005,ICBHI_174_1p3_LL,ICBHI_174,1,ICBHI,AKGC417L,0.9782188286685004,4
ICBHI_174_1p3_LL_006,ICBHI_174_1p3_LL,ICBHI_174,1,ICBHI,AKGC417L,0.9787126482065488,4
ICBHI_174_1p3_LR_000,ICBHI_174_1p3_LR,ICBHI_174,1,ICBHI,AKGC417L,0.9871292507842532,4
ICBHI_174_1p3_LR_001,ICBHI_174_1p3_LR,ICBHI_174,1,ICBHI,AKGC417L,0.9839708526340988,4
ICBHI_174_1p3_LR_002,ICBHI_174_1p3_LR,ICBHI_174,1,ICBHI,AKGC417L,0.9862576795040976,4
ICBHI_174_1p3_LR_003,ICBHI_174_1p3_LR,ICBHI_174,1,ICBHI,AKGC417L,0.9848692716928064,4
ICBHI_174_1p3_LR_004,ICBHI_174_1p3_LR,ICBHI_174,1,ICBHI,AKGC417L,0.9789554342060388,4
ICBHI_174_1p3_LR_005,ICBHI_174_1p3_LR,ICBHI_174,1,ICBHI,AKGC417L,0.9774570340514706,4
ICBHI_174_1p3_LR_006,ICBHI_174_1p3_LR,ICBHI_174,1,ICBHI,AKGC417L,0.9845754479181588,4
ICBHI_174_1p3_PL_000,ICBHI_174_1p3_PL,ICBHI_174,1,ICBHI,AKGC417L,0.9819100047950068,4
ICBHI_174_1p3_PL_001,ICBHI_174_1p3_PL,ICBHI_174,1,ICBHI,AKGC417L,0.9493885651109318,4
ICBHI_174_1p3_PL_002,ICBHI_174_1p3_PL,ICBHI_174,1,ICBHI,AKGC417L,0.965250375232816,4
ICBHI_174_1p3_PL_003,ICBHI_174_1p3_PL,ICBHI_174,1,ICBHI,AKGC417L,0.9871787857334058,4
ICBHI_174_1p3_PL_004,ICBHI_174_1p3_PL,ICBHI_174,1,ICBHI,AKGC417L,0.9851003567309808,4
ICBHI_174_1p3_PL_005,ICBHI_174_1p3_PL,ICBHI_174,1,ICBHI,AKGC417L,0.985772953896821,4
ICBHI_174_1p3_PL_006,ICBHI_174_1p3_PL,ICBHI_174,1,ICBHI,AKGC417L,0.9857180660748888,4
ICBHI_174_1p3_PR_000,ICBHI_174_1p3_PR,ICBHI_174,1,ICBHI,AKGC417L,0.9671630439727548,4
ICBHI_174_1p3_PR_001,ICBHI_174_1p3_PR,ICBHI_174,1,ICBHI,AKGC417L,0.9310874968619292,4
ICBHI_174_1p3_PR_002,ICBHI_174_1p3_PR,ICBHI_174,1,ICBHI,AKGC417L,0.8980534791726937,4
ICBHI_174_1p3_PR_003,ICBHI_174_1p3_PR,ICBHI_174,1,ICBHI,AKGC417L,0.9678385537098224,4
ICBHI_174_1p3_PR_004,ICBHI_174_1p3_PR,ICBHI_174,1,ICBHI,AKGC417L,0.9686788827792144,4
ICBHI_174_1p3_PR_005,ICBHI_174_1p3_PR,ICBHI_174,1,ICBHI,AKGC417L,0.9586926962069956,4
ICBHI_174_1p3_PR_006,ICBHI_174_1p3_PR,ICBHI_174,1,ICBHI,AKGC417L,0.8870089915514326,4
ICBHI_174_1p3_TC_000,ICBHI_174_1p3_TC,ICBHI_174,1,ICBHI,AKGC417L,0.996205165779956,4
ICBHI_174_1p3_TC_001,ICBHI_174_1p3_TC,ICBHI_174,1,ICBHI,AKGC417L,0.9904406006529084,4
ICBHI_174_1p3_TC_002,ICBHI_174_1p3_TC,ICBHI_174,1,ICBHI,AKGC417L,0.994180040415741,4
ICBHI_174_1p3_TC_003,ICBHI_174_1p3_TC,ICBHI_174,1,ICBHI,AKGC417L,0.9932287900693888,4
ICBHI_174_1p3_TC_004,ICBHI_174_1p3_TC,ICBHI_174,1,ICBHI,AKGC417L,0.9904775143296634,4
ICBHI_174_1p3_TC_005,ICBHI_174_1p3_TC,ICBHI_174,1,ICBHI,AKGC417L,0.9937829218577496,4
ICBHI_174_1p3_TC_006,ICBHI_174_1p3_TC,ICBHI_174,1,ICBHI,AKGC417L,0.9766692311915196,4
ICBHI_174_1p4_AR_000,ICBHI_174_1p4_AR,ICBHI_174,1,ICBHI,AKGC417L,0.9873750507184356,4
ICBHI_174_1p4_AR_001,ICBHI_174_1p4_AR,ICBHI_174,1,ICBHI,AKGC417L,0.9766246849598732,4
ICBHI_174_1p4_AR_002,ICBHI_174_1p4_AR,ICBHI_174,1,ICBHI,AKGC417L,0.9531879687361164,4
ICBHI_174_1p4_AR_003,ICBHI_174_1p4_AR,ICBHI_174,1,ICBHI,AKGC417L,0.9626731126558706,4
ICBHI_174_1p4_AR_004,ICBHI_174_1p4_AR,ICBHI_174,1,ICBHI,AKGC417L,0.9735944821139187,4
ICBHI_174_1p4_AR_005,ICBHI_174_1p4_AR,ICBHI_174,1,ICBHI,AKGC417L,0.9683812327313543,4
ICBHI_174_1p4_AR_006,ICBHI_174_1p4_AR,ICBHI_174,1,ICBHI,AKGC417L,0.9903290072365528,4
ICBHI_174_1p4_LL_000,ICBHI_174_1p4_LL,ICBHI_174,1,ICBHI,AKGC417L,0.9847524093785004,4
ICBHI_174_1p4_LL_001,ICBHI_174_1p4_LL,ICBHI_174,1,ICBHI,AKGC417L,0.9737446992106472,4
ICBHI_174_1p4_LL_002,ICBHI_174_1p4_LL,ICBHI_174,1,ICBHI,AKGC417L,0.975154563105731,4
ICBHI_174_1p4_LL_003,ICBHI_174_1p4_LL,ICBHI_174,1,ICBHI,AKGC417L,0.97241471777321,4
ICBHI_174_1p4_LL_004,ICBHI_174_1p4_LL,ICBHI_174,1,ICBHI,AKGC417L,0.9767580751989804,4
ICBHI_174_1p4_LL_005,ICBHI_174_1p4_LL,ICBHI_174,1,ICBHI,AKGC417L,0.9634374958402552,4
ICBHI_174_1p4_LL_006,ICBHI_174_1p4_LL,ICBHI_174,1,ICBHI,AKGC417L,0.9696132500732396,4
ICBHI_174_1p4_LR_000,ICBHI_174_1p4_LR,ICBHI_174,1,ICBHI,AKGC417L,0.9803562393224404,4
ICBHI_174_1p4_LR_001,ICBHI_174_1p4_LR,ICBHI_174,1,ICBHI,AKGC417L,0.9740919790859393,4
ICBHI_174_1p4_LR_002,ICBHI_174_1p4_LR,ICBHI_174,1,ICBHI,AKGC417L,0.9772842436755208,4
ICBHI_174_1p4_LR_003,ICBHI_174_1p4_LR,ICBHI_174,1,ICBHI,AKGC417L,0.976355659124078,4
ICBHI_174_1p4_LR_004,ICBHI_174_1p4_LR,ICBHI_174,1,ICBHI,AKGC417L,0.9727790975901732,4
ICBHI_174_1p4_LR_005,ICBHI_174_1p4_LR,ICBHI_174,1,ICBHI,AKGC417L,0.9470881887900422,4
ICBHI_174_1p4_LR_006,ICBHI_174_1p4_LR,ICBHI_174,1,ICBHI,AKGC417L,0.948058438498774,4
ICBHI_174_1p4_PL_000,ICBHI_174_1p4_PL,ICBHI_174,1,ICBHI,AKGC417L,0.983847165177859,4
ICBHI_174_1p4_PL_001,ICBHI_174_1p4_PL,ICBHI_174,1,ICBHI,AKGC417L,0.9750122054090996,4
ICBHI_174_1p4_PL_002,ICBHI_174_1p4_PL,ICBHI_174,1,ICBHI,AKGC417L,0.9668514815975204,4
ICBHI_174_1p4_PL_003,ICBHI_174_1p4_PL,ICBHI_174,1,ICBHI,AKGC417L,0.9789151588631022,4
ICBHI_174_1p4_PL_004,ICBHI_174_1p4_PL,ICBHI_174,1,ICBHI,AKGC417L,0.9852145923076094,4
ICBHI_174_1p4_PL_005,ICBHI_174_1p4_PL,ICBHI_174,1,ICBHI,AKGC417L,0.973894084658676,4
ICBHI_174_1p4_PL_006,ICBHI_174_1p4_PL,ICBHI_174,1,ICBHI,AKGC417L,0.9702962496606208,4
ICBHI_174_1p4_PR_000,ICBHI_174_1p4_PR,ICBHI_174,1,ICBHI,AKGC417L,0.9734434290045008,4
ICBHI_174_1p4_PR_001,ICBHI_174_1p4_PR,ICBHI_174,1,ICBHI,AKGC417L,0.9418684051353045,4
ICBHI_174_1p4_PR_002,ICBHI_174_1p4_PR,ICBHI_174,1,ICBHI,AKGC417L,0.9667260589136598,4
ICBHI_174_1p4_PR_003,ICBHI_174_1p4_PR,ICBHI_174,1,ICBHI,AKGC417L,0.9713473306904064,4
ICBHI_174_1p4_PR_004,ICBHI_174_1p4_PR,ICBHI_174,1,ICBHI,AKGC417L,0.969324198289326,4
ICBHI_174_1p4_PR_005,ICBHI_174_1p4_PR,ICBHI_174,1,ICBHI,AKGC417L,0.9495759309565864,4
ICBHI_174_1p4_PR_006,ICBHI_174_1p4_PR,ICBHI_174,1,ICBHI,AKGC417L,0.97085402718101,4
ICBHI_174_1p4_TC_000,ICBHI_174_1p4_TC,ICBHI_174,1,ICBHI,AKGC417L,0.9938787187092716,4
ICBHI_174_1p4_TC_001,ICBHI_174_1p4_TC,ICBHI_174,1,ICBHI,AKGC417L,0.959686562165167,4
ICBHI_174_1p4_TC_002,ICBHI_174_1p4_TC,ICBHI_174,1,ICBHI,AKGC417L,0.9200744765243404,4
ICBHI_174_1p4_TC_003,ICBHI_174_1p4_TC,ICBHI_174,1,ICBHI,AKGC417L,0.968797182083676,4
ICBHI_174_1p4_TC_004,ICBHI_174_1p4_TC,ICBHI_174,1,ICBHI,AKGC417L,0.971725399886542,4
ICBHI_174_1p4_TC_005,ICBHI_174_1p4_TC,ICBHI_174,1,ICBHI,AKGC417L,0.753285208061513,4
ICBHI_174_1p4_TC_006,ICBHI_174_1p4_TC,ICBHI_174,1,ICBHI,AKGC417L,0.9205043007398608,4
ICBHI_174_2p3_AL_000,ICBHI_174_2p3_AL,ICBHI_174,1,ICBHI,AKGC417L,0.958615281153156,4
ICBHI_174_2p3_AL_001,ICBHI_174_2p3_AL,ICBHI_174,1,ICBHI,AKGC417L,0.9711290930537122,4
ICBHI_174_2p3_AL_002,ICBHI_174_2p3_AL,ICBHI_174,1,ICBHI,AKGC417L,0.8382829937935015,4
ICBHI_174_2p3_AL_003,ICBHI_174_2p3_AL,ICBHI_174,1,ICBHI,AKGC417L,0.7980294227064512,4
ICBHI_174_2p3_AL_004,ICBHI_174_2p3_AL,ICBHI_174,1,ICBHI,AKGC417L,0.4603798698620037,4
ICBHI_174_2p3_AL_005,ICBHI_174_2p3_AL,ICBHI_174,1,ICBHI,AKGC417L,0.5032004872941555,4
ICBHI_174_2p3_AL_006,ICBHI_174_2p3_AL,ICBHI_174,1,ICBHI,AKGC417L,0.9680204398748076,4
ICBHI_174_2p3_AR_000,ICBHI_174_2p3_AR,ICBHI_174,1,ICBHI,AKGC417L,0.9884918509356968,4
ICBHI_174_2p3_AR_001,ICBHI_174_2p3_AR,ICBHI_174,1,ICBHI,AKGC417L,0.9881766051636294,4
ICBHI_174_2p3_AR_002,ICBHI_174_2p3_AR,ICBHI_174,1,ICBHI,AKGC417L,0.987992649452366,4
ICBHI_174_2p3_AR_003,ICBHI_174_2p3_AR,ICBHI_174,1,ICBHI,AKGC417L,0.9865717452580314,4
ICBHI_174_2p3_AR_004,ICBHI_174_2p3_AR,ICBHI_174,1,ICBHI,AKGC417L,0.9881766051636294,4
ICBHI_174_2p3_AR_005,ICBHI_174_2p3_AR,ICBHI_174,1,ICBHI,AKGC417L,0.988755439279336,4
ICBHI_174_2p3_AR_006,ICBHI_174_2p3_AR,ICBHI_174,1,ICBHI,AKGC417L,0.9846936454393052,4
ICBHI_174_2p3_PL_000,ICBHI_174_2p3_PL,ICBHI_174,1,ICBHI,AKGC417L,0.9726235112216486,4
ICBHI_174_2p3_PL_001,ICBHI_174_2p3_PL,ICBHI_174,1,ICBHI,AKGC417L,0.9752490288267888,4
ICBHI_174_2p3_PL_002,ICBHI_174_2p3_PL,ICBHI_174,1,ICBHI,AKGC417L,0.9764007056485348,4
ICBHI_174_2p3_PL_003,ICBHI_174_2p3_PL,ICBHI_174,1,ICBHI,AKGC417L,0.9793145407099588,4
ICBHI_174_2p3_PL_004,ICBHI_174_2p3_PL,ICBHI_174,1,ICBHI,AKGC417L,0.9810582921748148,4
ICBHI_174_2p3_PL_005,ICBHI_174_2p3_PL,ICBHI_174,1,ICBHI,AKGC417L,0.9735442241838218,4
ICBHI_174_2p3_PL_006,ICBHI_174_2p3_PL,ICBHI_174,1,ICBHI,AKGC417L,0.9758085141318648,4
ICBHI_174_2p3_PR_000,ICBHI_174_2p3_PR,ICBHI_174,1,ICBHI,AKGC417L,0.978343323718742,4
ICBHI_174_2p3_PR_001,ICBHI_174_2p3_PR,ICBHI_174,1,ICBHI,AKGC417L,0.9826243354907804,4
ICBHI_174_2p3_PR_002,ICBHI_174_2p3_PR,ICBHI_174,1,ICBHI,AKGC417L,0.9830200077626816,4
ICBHI_174_2p3_PR_003,ICBHI_174_2p3_PR,ICBHI_174,1,ICBHI,AKGC417L,0.9817006677897864,4
ICBHI_174_2p3_PR_004,ICBHI_174_2p3_PR,ICBHI_174,1,ICBHI,AKGC417L,0.9709643572583984,4
ICBHI_174_2p3_PR_005,ICBHI_174_2p3_PR,ICBHI_174,1,ICBHI,AKGC417L,0.949482330277519,4
ICBHI_174_2p3_PR_006,ICBHI_174_2p3_PR,ICBHI_174,1,ICBHI,AKGC417L,0.9440738263146948,4
ICBHI_174_2p3_TC_000,ICBHI_174_2p3_TC,ICBHI_174,1,ICBHI,AKGC417L,0.9933071490757152,4
ICBHI_174_2p3_TC_001,ICBHI_174_2p3_TC,ICBHI_174,1,ICBHI,AKGC417L,0.9871292507842532,4
ICBHI_174_2p3_TC_002,ICBHI_174_2p3_TC,ICBHI_174,1,ICBHI,AKGC417L,0.9854404813796804,4
ICBHI_174_2p3_TC_003,ICBHI_174_2p3_TC,ICBHI_174,1,ICBHI,AKGC417L,0.978467122853792,4
ICBHI_174_2p3_TC_004,ICBHI_174_2p3_TC,ICBHI_174,1,ICBHI,AKGC417L,0.9777138144607744,4
ICBHI_174_2p3_TC_005,ICBHI_174_2p3_TC,ICBHI_174,1,ICBHI,AKGC417L,0.9640516782107568,4
ICBHI_174_2p3_TC_006,ICBHI_174_2p3_TC,ICBHI_174,1,ICBHI,AKGC417L,0.9732407168145568,4
ICBHI_192_2b1_AL_000,ICBHI_192_2b1_AL,ICBHI_192,1,ICBHI,LittC2SE,0.9970535950245228,4
ICBHI_192_2b1_AL_001,ICBHI_192_2b1_AL,ICBHI_192,1,ICBHI,LittC2SE,0.9967775156759976,4
ICBHI_192_2b1_AL_002,ICBHI_192_2b1_AL,ICBHI_192,1,ICBHI,LittC2SE,0.9932287900693888,4
ICBHI_192_2b1_AL_003,ICBHI_192_2b1_AL,ICBHI_192,1,ICBHI,LittC2SE,0.9928231180543432,4
ICBHI_192_2b1_AL_004,ICBHI_192_2b1_AL,ICBHI_192,1,ICBHI,LittC2SE,0.9965029897474263,4
ICBHI_192_2b1_AL_005,ICBHI_192_2b1_AL,ICBHI_192,1,ICBHI,LittC2SE,0.9974190958364102,4
ICBHI_192_2b1_AL_006,ICBHI_192_2b1_AL,ICBHI_192,1,ICBHI,LittC2SE,0.9973785590538324,4
ICBHI_192_2b1_AR_000,ICBHI_192_2b1_AR,ICBHI_192,1,ICBHI,LittC2SE,0.9900250791759212,4
ICBHI_192_2b1_AR_001,ICBHI_192_2b1_AR,ICBHI_192,1,ICBHI,LittC2SE,0.9939964042034284,4
ICBHI_192_2b1_AR_002,ICBHI_192_2b1_AR,ICBHI_192,1,ICBHI,LittC2SE,0.9932811299991624,4
ICBHI_192_2b1_AR_003,ICBHI_192_2b1_AR,ICBHI_192,1,ICBHI,LittC2SE,0.991554373058874,4
ICBHI_192_2b1_AR_004,ICBHI_192_2b1_AR,ICBHI_192,1,ICBHI,LittC2SE,0.990216123982345,4
ICBHI_192_2b1_AR_005,ICBHI_192_2b1_AR,ICBHI_192,1,ICBHI,LittC2SE,0.9884918509356968,4
ICBHI_192_2b1_AR_006,ICBHI_192_2b1_AR,ICBHI_192,1,ICBHI,LittC2SE,0.9866748522941186,4
ICBHI_192_2b2_AL_000,ICBHI_192_2b2_AL,ICBHI_192,1,ICBHI,LittC2SE,0.9929061381210884,4
ICBHI_192_2b2_AL_001,ICBHI_192_2b2_AL,ICBHI_192,1,ICBHI,LittC2SE,0.9951136252099114,4
ICBHI_192_2b2_AL_002,ICBHI_192_2b2_AL,ICBHI_192,1,ICBHI,LittC2SE,0.9958820823560408,4
ICBHI_192_2b2_AL_003,ICBHI_192_2b2_AL,ICBHI_192,1,ICBHI,LittC2SE,0.9963071469612744,4
ICBHI_192_2b2_AL_004,ICBHI_192_2b2_AL,ICBHI_192,1,ICBHI,LittC2SE,0.9974391291574908,4
ICBHI_192_2b2_AL_005,ICBHI_192_2b2_AL,ICBHI_192,1,ICBHI,LittC2SE,0.9970535950245228,4
ICBHI_192_2b2_AL_006,ICBHI_192_2b2_AL,ICBHI_192,1,ICBHI,LittC2SE,0.9957187454592984,4
ICBHI_192_2b2_AR_000,ICBHI_192_2b2_AR,ICBHI_192,1,ICBHI,LittC2SE,0.9889278398167658,4
ICBHI_192_2b2_AR_001,ICBHI_192_2b2_AR,ICBHI_192,1,ICBHI,LittC2SE,0.9913222832950108,4
ICBHI_192_2b2_AR_002,ICBHI_192_2b2_AR,ICBHI_192,1,ICBHI,LittC2SE,0.9881766051636294,4
ICBHI_192_2b2_AR_003,ICBHI_192_2b2_AR,ICBHI_192,1,ICBHI,LittC2SE,0.9884473296647792,4
ICBHI_192_2b2_AR_004,ICBHI_192_2b2_AR,ICBHI_192,1,ICBHI,LittC2SE,0.984032346511204,4
ICBHI_192_2b2_AR_005,ICBHI_192_2b2_AR,ICBHI_192,1,ICBHI,LittC2SE,0.9878058669624096,4
ICBHI_192_2b2_AR_006,ICBHI_192_2b2_AR,ICBHI_192,1,ICBHI,LittC2SE,0.9919380084717284,4
ICBHI_192_2b3_AL_000,ICBHI_192_2b3_AL,ICBHI_192,1,ICBHI,LittC2SE,0.983278856294558,4
ICBHI_192_2b3_AL_001,ICBHI_192_2b3_AL,ICBHI_192,1,ICBHI,LittC2SE,0.9939260655591138,4
ICBHI_192_2b3_AL_002,ICBHI_192_2b3_AL,ICBHI_192,1,ICBHI,LittC2SE,0.9951890169673988,4
ICBHI_192_2b3_AL_003,ICBHI_192_2b3_AL,ICBHI_192,1,ICBHI,LittC2SE,0.9955489587731128,4
ICBHI_192_2b3_AL_004,ICBHI_192_2b3_AL,ICBHI_192,1,ICBHI,LittC2SE,0.9958980707421328,4
ICBHI_192_2b3_AL_005,ICBHI_192_2b3_AL,ICBHI_192,1,ICBHI,LittC2SE,0.9897116988662836,4
ICBHI_192_2b3_AL_006,ICBHI_192_2b3_AL,ICBHI_192,1,ICBHI,LittC2SE,0.9876162153627396,4
ICBHI_192_2b3_AR_000,ICBHI_192_2b3_AR,ICBHI_192,1,ICBHI,LittC2SE,0.9874236517231209,4
ICBHI_192_2b3_AR_001,ICBHI_192_2b3_AR,ICBHI_192,1,ICBHI,LittC2SE,0.983278856294558,4
ICBHI_192_2b3_AR_002,ICBHI_192_2b3_AR,ICBHI_192,1,ICBHI,LittC2SE,0.9869292152258128,4
ICBHI_192_2b3_AR_003,ICBHI_192_2b3_AR,ICBHI_192,1,ICBHI,LittC2SE,0.9886682464686384,4
ICBHI_192_2b3_AR_004,ICBHI_192_2b3_AR,ICBHI_192,1,ICBHI,LittC2SE,0.9896718474806948,4
ICBHI_192_2b3_AR_005,ICBHI_192_2b3_AR,ICBHI_192,1,ICBHI,LittC2SE,0.992988204618503,4
ICBHI_192_2b3_AR_006,ICBHI_192_2b3_AR,ICBHI_192,1,ICBHI,LittC2SE,0.9906960501316064,4
ICBHI_204_2b5_AL_000,ICBHI_204_2b5_AL,ICBHI_204,1,ICBHI,AKGC417L,0.9880389017501904,4
ICBHI_204_2b5_AL_001,ICBHI_204_2b5_AL,ICBHI_204,1,ICBHI,AKGC417L,0.9342753327035104,4
ICBHI_204_2b5_AL_002,ICBHI_204_2b5_AL,ICBHI_204,1,ICBHI,AKGC417L,0.7898827402935596,4
ICBHI_204_2b5_AL_003,ICBHI_204_2b5_AL,ICBHI_204,1,ICBHI,AKGC417L,0.8308687606209657,4
ICBHI_204_2b5_AL_004,ICBHI_204_2b5_AL,ICBHI_204,1,ICBHI,AKGC417L,0.964254189725945,4
ICBHI_204_2b5_AL_005,ICBHI_204_2b5_AL,ICBHI_204,1,ICBHI,AKGC417L,0.9924227587321393,4
ICBHI_204_2b5_AL_006,ICBHI_204_2b5_AL,ICBHI_204,1,ICBHI,AKGC417L,0.9610980199022024,4
ICBHI_204_2b5_AR_000,ICBHI_204_2b5_AR,ICBHI_204,1,ICBHI,AKGC417L,0.9860442896017269,4
ICBHI_204_2b5_AR_001,ICBHI_204_2b5_AR,ICBHI_204,1,ICBHI,AKGC417L,0.9862046355788148,4
ICBHI_204_2b5_AR_002,ICBHI_204_2b5_AR,ICBHI_204,1,ICBHI,AKGC417L,0.9702399060540357,4
ICBHI_204_2b5_AR_003,ICBHI_204_2b5_AR,ICBHI_204,1,ICBHI,AKGC417L,0.959686562165167,4
ICBHI_204_2b5_AR_004,ICBHI_204_2b5_AR,ICBHI_204,1,ICBHI,AKGC417L,0.9760836129001416,4
ICBHI_204_2b5_AR_005,ICBHI_204_2b5_AR,ICBHI_204,1,ICBHI,AKGC417L,0.9773275621685958,4
ICBHI_204_2b5_AR_006,ICBHI_204_2b5_AR,ICBHI_204,1,ICBHI,AKGC417L,0.9061560406079822,4
ICBHI_204_2b5_LL_000,ICBHI_204_2b5_LL,ICBHI_204,1,ICBHI,AKGC417L,0.9925969859111274,4
ICBHI_204_2b5_LL_001,ICBHI_204_2b5_LL,ICBHI_204,1,ICBHI,AKGC417L,0.9690324847372525,4
ICBHI_204_2b5_LL_002,ICBHI_204_2b5_LL,ICBHI_204,1,ICBHI,AKGC417L,0.9685601495215692,4
ICBHI_204_2b5_LL_003,ICBHI_204_2b5_LL,ICBHI_204,1,ICBHI,AKGC417L,0.9770226300899744,4
ICBHI_204_2b5_LL_004,ICBHI_204_2b5_LL,ICBHI_204,1,ICBHI,AKGC417L,0.9364014209523384,4
ICBHI_204_2b5_LL_005,ICBHI_204_2b5_LL,ICBHI_204,1,ICBHI,AKGC417L,0.9468920959838324,4
ICBHI_204_2b5_LL_006,ICBHI_204_2b5_LL,ICBHI_204,1,ICBHI,AKGC417L,0.8563323913156724,4
ICBHI_204_7p5_AL_000,ICBHI_204_7p5_AL,ICBHI_204,1,ICBHI,AKGC417L,0.980129286039598,4
ICBHI_204_7p5_AL_001,ICBHI_204_7p5_AL,ICBHI_204,1,ICBHI,AKGC417L,0.9808392914980092,4
ICBHI_204_7p5_AL_002,ICBHI_204_7p5_AL,ICBHI_204,1,ICBHI,AKGC417L,0.9869292152258128,4
ICBHI_204_7p5_AL_003,ICBHI_204_7p5_AL,ICBHI_204,1,ICBHI,AKGC417L,0.9839708526340988,4
ICBHI_204_7p5_AL_004,ICBHI_204_7p5_AL,ICBHI_204,1,ICBHI,AKGC417L,0.9861513897844354,4
ICBHI_204_7p5_AL_005,ICBHI_204_7p5_AL,ICBHI_204,1,ICBHI,AKGC417L,0.98504291340685,4
ICBHI_204_7p5_AL_006,ICBHI_204_7p5_AL,ICBHI_204,1,ICBHI,AKGC417L,0.9872281325067136,4
ICBHI_204_7p5_AR_000,ICBHI_204_7p5_AR,ICBHI_204,1,ICBHI,AKGC417L,0.9608048667967016,4
ICBHI_204_7p5_AR_001,ICBHI_204_7p5_AR,ICBHI_204,1,ICBHI,AKGC417L,0.9667888274293096,4
ICBHI_204_7p5_AR_002,ICBHI_204_7p5_AR,ICBHI_204,1,ICBHI,AKGC417L,0.978093633973752,4
ICBHI_204_7p5_AR_003,ICBHI_204_7p5_AR,ICBHI_204,1,ICBHI,AKGC417L,0.9768465889071616,4
ICBHI_204_7p5_AR_004,ICBHI_204_7p5_AR,ICBHI_204,1,ICBHI,AKGC417L,0.9753431444580398,4
ICBHI_204_7p5_AR_005,ICBHI_204_7p5_AR,ICBHI_204,1,ICBHI,AKGC417L,0.9715099574136776,4
ICBHI_204_7p5_AR_006,ICBHI_204_7p5_AR,ICBHI_204,1,ICBHI,AKGC417L,0.9789554342060388,4
ICBHI_204_7p5_LL_000,ICBHI_204_7p5_LL,ICBHI_204,1,ICBHI,AKGC417L,0.975390071374038,4
ICBHI_204_7p5_LL_001,ICBHI_204_7p5_LL,ICBHI_204,1,ICBHI,AKGC417L,0.971401639453534,4
ICBHI_204_7p5_LL_002,ICBHI_204_7p5_LL,ICBHI_204,1,ICBHI,AKGC417L,0.967100958652035,4
ICBHI_204_7p5_LL_003,ICBHI_204_7p5_LL,ICBHI_204,1,ICBHI,AKGC417L,0.9702962496606208,4
ICBHI_204_7p5_LL_004,ICBHI_204_7p5_LL,ICBHI_204,1,ICBHI,AKGC417L,0.967100958652035,4
ICBHI_204_7p5_LL_005,ICBHI_204_7p5_LL,ICBHI_204,1,ICBHI,AKGC417L,0.9667260589136598,4
ICBHI_204_7p5_LL_006,ICBHI_204_7p5_LL,ICBHI_204,1,ICBHI,AKGC417L,0.967100958652035,4
ICBHI_204_7p5_LR_000,ICBHI_204_7p5_LR,ICBHI_204,1,ICBHI,AKGC417L,0.964921323357116,4
ICBHI_204_7p5_LR_001,ICBHI_204_7p5_LR,ICBHI_204,1,ICBHI,AKGC417L,0.9674102552339746,4
ICBHI_204_7p5_LR_002,ICBHI_204_7p5_LR,ICBHI_204,1,ICBHI,AKGC417L,0.9667260589136598,4
ICBHI_204_7p5_LR_003,ICBHI_204_7p5_LR,ICBHI_204,1,ICBHI,AKGC417L,0.9691494910279632,4
ICBHI_204_7p5_LR_004,ICBHI_204_7p5_LR,ICBHI_204,1,ICBHI,AKGC417L,0.9550683569776216,4
ICBHI_204_7p5_LR_005,ICBHI_204_7p5_LR,ICBHI_204,1,ICBHI,AKGC417L,0.9444848859112394,4
ICBHI_204_7p5_LR_006,ICBHI_204_7p5_LR,ICBHI_204,1,ICBHI,AKGC417L,0.9682614081007772,4
ICBHI_204_7p5_PR_000,ICBHI_204_7p5_PR,ICBHI_204,1,ICBHI,AKGC417L,0.9894295113796924,4
ICBHI_204_7p5_PR_001,ICBHI_204_7p5_PR,ICBHI_204,1,ICBHI,AKGC417L,0.9794329046535716,4
ICBHI_204_7p5_PR_002,ICBHI_204_7p5_PR,ICBHI_204,1,ICBHI,AKGC417L,0.980129286039598,4
ICBHI_204_7p5_PR_003,ICBHI_204_7p5_PR,ICBHI_204,1,ICBHI,AKGC417L,0.9694401371418672,4
ICBHI_204_7p5_PR_004,ICBHI_204_7p5_PR,ICBHI_204,1,ICBHI,AKGC417L,0.9685006196975564,4
ICBHI_204_7p5_PR_005,ICBHI_204_7p5_PR,ICBHI_204,1,ICBHI,AKGC417L,0.9651848037780948,4
ICBHI_204_7p5_PR_006,ICBHI_204_7p5_PR,ICBHI_204,1,ICBHI,AKGC417L,0.9645224968348788,4
ICBHI_204_7p5_TC_000,ICBHI_204_7p5_TC,ICBHI_204,1,ICBHI,AKGC417L,0.9783846672373524,4
ICBHI_204_7p5_TC_001,ICBHI_204_7p5_TC,ICBHI_204,1,ICBHI,AKGC417L,0.9823555365894354,4
ICBHI_204_7p5_TC_002,ICBHI_204_7p5_TC,ICBHI_204,1,ICBHI,AKGC417L,0.9828232909876816,4
ICBHI_204_7p5_TC_003,ICBHI_204_7p5_TC,ICBHI_204,1,ICBHI,AKGC417L,0.980129286039598,4
ICBHI_204_7p5_TC_004,ICBHI_204_7p5_TC,ICBHI_204,1,ICBHI,AKGC417L,0.9840936082881852,4
ICBHI_204_7p5_TC_005,ICBHI_204_7p5_TC,ICBHI_204,1,ICBHI,AKGC417L,0.9855521474663976,4
ICBHI_204_7p5_TC_006,ICBHI_204_7p5_TC,ICBHI_204,1,ICBHI,AKGC417L,0.9853279650847626,4
ICBHI_224_1b1_TC_000,ICBHI_224_1b1_TC,ICBHI_224,0,ICBHI,Meditron,0.0075187180614321,4
ICBHI_224_1b1_TC_001,ICBHI_224_1b1_TC,ICBHI_224,0,ICBHI,Meditron,0.0124796997453278,4
ICBHI_224_1b1_TC_002,ICBHI_224_1b1_TC,ICBHI_224,0,ICBHI,Meditron,0.1277614123630859,4
ICBHI_224_1b1_TC_003,ICBHI_224_1b1_TC,ICBHI_224,0,ICBHI,Meditron,0.1127954062828932,4
ICBHI_224_1b1_TC_004,ICBHI_224_1b1_TC,ICBHI_224,0,ICBHI,Meditron,0.0242376347126302,4
ICBHI_224_1b1_TC_005,ICBHI_224_1b1_TC,ICBHI_224,0,ICBHI,Meditron,0.0040229099357291,4
ICBHI_224_1b1_TC_006,ICBHI_224_1b1_TC,ICBHI_224,0,ICBHI,Meditron,0.0028009269671209,4
ICBHI_224_1b2_AL_000,ICBHI_224_1b2_AL,ICBHI_224,0,ICBHI,Meditron,0.695441475642247,4
ICBHI_224_1b2_AL_001,ICBHI_224_1b2_AL,ICBHI_224,0,ICBHI,Meditron,0.4483960758484621,4
ICBHI_224_1b2_AL_002,ICBHI_224_1b2_AL,ICBHI_224,0,ICBHI,Meditron,0.1066905939456511,4
ICBHI_224_1b2_AL_003,ICBHI_224_1b2_AL,ICBHI_224,0,ICBHI,Meditron,0.0530097720158554,4
ICBHI_224_1b2_AL_004,ICBHI_224_1b2_AL,ICBHI_224,0,ICBHI,Meditron,0.0266577396839786,4
ICBHI_224_1b2_AL_005,ICBHI_224_1b2_AL,ICBHI_224,0,ICBHI,Meditron,0.0017821963223663,4
ICBHI_224_1b2_AL_006,ICBHI_224_1b2_AL,ICBHI_224,0,ICBHI,Meditron,0.0034030053587496,4
