segment_id,audio_id,patient_uid,target_label,source_dataset,device,score,fold
ICBHI_109_1b1_AL_000,ICBHI_109_1b1_AL,ICBHI_109,1,ICBHI,Litt3200,0.9884473296647792,0
ICBHI_109_1b1_AL_001,ICBHI_109_1b1_AL,ICBHI_109,1,ICBHI,Litt3200,0.9782188286685004,0
ICBHI_109_1b1_AL_002,ICBHI_109_1b1_AL,ICBHI_109,1,ICBHI,Litt3200,0.9912208911330882,0
ICBHI_109_1b1_AL_003,ICBHI_109_1b1_AL,ICBHI_109,1,ICBHI,Litt3200,0.990291523518526,0
ICBHI_109_1b1_AL_004,ICBHI_109_1b1_AL,ICBHI_109,1,ICBHI,Litt3200,0.98922327394992,0
ICBHI_109_1b1_AL_005,ICBHI_109_1b1_AL,ICBHI_109,1,ICBHI,Litt3200,0.9905142868292048,0
ICBHI_109_1b1_AL_006,ICBHI_109_1b1_AL,ICBHI_109,1,ICBHI,Litt3200,0.9916519461902168,0
ICBHI_109_1b1_AR_000,ICBHI_109_1b1_AR,ICBHI_109,1,ICBHI,Litt3200,0.9804687614573544,0
ICBHI_109_1b1_AR_001,ICBHI_109_1b1_AR,ICBHI_109,1,ICBHI,Litt3200,0.9789956342674913,0
ICBHI_109_1b1_AR_002,ICBHI_109_1b1_AR,ICBHI_109,1,ICBHI,Litt3200,0.9889705299774982,0
ICBHI_109_1b1_AR_003,ICBHI_109_1b1_AR,ICBHI_109,1,ICBHI,Litt3200,0.982889110788156,0
ICBHI_109_1b1_AR_004,ICBHI_109_1b1_AR,ICBHI_109,1,ICBHI,Litt3200,0.9867261125456144,0
ICBHI_109_1b1_AR_005,ICBHI_109_1b1_AR,ICBHI_109,1,ICBHI,Litt3200,0.9912548183179648,0
ICBHI_109_1b1_LL_000,ICBHI_109_1b1_LL,ICBHI_109,1,ICBHI,Litt3200,0.9887119261007692,0
ICBHI_109_1b1_LL_001,ICBHI_109_1b1_LL,ICBHI_109,1,ICBHI,Litt3200,0.9921537607074792,0
ICBHI_109_1b1_LL_002,ICBHI_109_1b1_LL,ICBHI_109,1,ICBHI,Litt3200,0.991554373058874,0
ICBHI_109_1b1_LL_003,ICBHI_109_1b1_LL,ICBHI_109,1,ICBHI,Litt3200,0.9913222832950108,0
ICBHI_109_1b1_LL_004,ICBHI_109_1b1_LL,ICBHI_109,1,ICBHI,Litt3200,0.9921232932834126,0
ICBHI_109_1b1_LR_000,ICBHI_109_1b1_LR,ICBHI_109,1,ICBHI,Litt3200,0.9918120900983038,0
ICBHI_109_1b1_LR_001,ICBHI_109_1b1_LR,ICBHI_109,1,ICBHI,Litt3200,0.993734466224161,0
ICBHI_109_1b1_LR_002,ICBHI_109_1b1_LR,ICBHI_109,1,ICBHI,Litt3200,0.9918437513730266,0
ICBHI_109_1b1_LR_003,ICBHI_109_1b1_LR,ICBHI_109,1,ICBHI,Litt3200,0.9878528299001949,0
ICBHI_109_1b1_LR_004,ICBHI_109_1b1_LR,ICBHI_109,1,ICBHI,Litt3200,0.9935368622818452,0
ICBHI_109_1b1_PL_000,ICBHI_109_1b1_PL,ICBHI_109,1,ICBHI,Litt3200,0.9755303303612836,0
ICBHI_109_1b1_PL_001,ICBHI_109_1b1_PL,ICBHI_109,1,ICBHI,Litt3200,0.9076402020521152,0
ICBHI_109_1b1_PL_002,ICBHI_109_1b1_PL,ICBHI_109,1,ICBHI,Litt3200,0.939359448826736,0
ICBHI_109_1b1_PL_003,ICBHI_109_1b1_PL,ICBHI_109,1,ICBHI,Litt3200,0.9733422603160212,0
ICBHI_109_1b1_PL_004,ICBHI_109_1b1_PL,ICBHI_109,1,ICBHI,Litt3200,0.9839091258071756,0
ICBHI_109_1b1_PL_005,ICBHI_109_1b1_PL,ICBHI_109,1,ICBHI,Litt3200,0.98636316471857,0
ICBHI_109_1b1_PR_000,ICBHI_109_1b1_PR,ICBHI_109,1,ICBHI,Litt3200,0.9883127420043056,0
ICBHI_109_1b1_PR_001,ICBHI_109_1b1_PR,ICBHI_109,1,ICBHI,Litt3200,0.9884918509356968,0
ICBHI_109_1b1_PR_002,ICBHI_109_1b1_PR,ICBHI_109,1,ICBHI,Litt3200,0.9887987866239216,0
ICBHI_109_1b1_PR_003,ICBHI_109_1b1_PR,ICBHI_109,1,ICBHI,Litt3200,0.9897513980768414,0
ICBHI_109_1b1_PR_004,ICBHI_109_1b1_PR,ICBHI_109,1,ICBHI,Litt3200,0.9911526449170696,0
ICBHI_109_1b1_PR_005,ICBHI_109_1b1_PR,ICBHI_109,1,ICBHI,Litt3200,0.9878996141864552,0
ICBHI_109_1b1_PR_006,ICBHI_109_1b1_PR,ICBHI_109,1,ICBHI,Litt3200,0.9899864293768268,0
ICBHI_109_1b1_PR_007,ICBHI_109_1b1_PR,ICBHI_109,1,ICBHI,Litt3200,0.9897513980768414,0
ICBHI_109_1b1_PR_008,ICBHI_109_1b1_PR,ICBHI_109,1,ICBHI,Litt3200,0.9914886969734374,0
ICBHI_109_1b1_PR_009,ICBHI_109_1b1_PR,ICBHI_109,1,ICBHI,Litt3200,0.9903663476405536,0
ICBHI_109_1b1_PR_010,ICBHI_109_1b1_PR,ICBHI_109,1,ICBHI,Litt3200,0.9894295113796924,0
ICBHI_117_1b2_TC_000,ICBHI_117_1b2_TC,ICBHI_117,1,ICBHI,LittC2SE,0.9912208911330882,0
ICBHI_117_1b2_TC_001,ICBHI_117_1b2_TC,ICBHI_117,1,ICBHI,LittC2SE,0.98905542259902,0
ICBHI_117_1b2_TC_002,ICBHI_117_1b2_TC,ICBHI_117,1,ICBHI,LittC2SE,0.9898303422461272,0
ICBHI_117_1b2_TC_003,ICBHI_117_1b2_TC,ICBHI_117,1,ICBHI,LittC2SE,0.9940196700308718,0
ICBHI_117_1b2_TC_004,ICBHI_117_1b2_TC,ICBHI_117,1,ICBHI,LittC2SE,0.9119668847111934,0
ICBHI_117_1b2_TC_005,ICBHI_117_1b2_TC,ICBHI_117,1,ICBHI,LittC2SE,0.985384329899364,0
ICBHI_117_1b2_TC_006,ICBHI_117_1b2_TC,ICBHI_117,1,ICBHI,LittC2SE,0.9926826025287876,0
ICBHI_117_1b3_TC_000,ICBHI_117_1b3_TC,ICBHI_117,1,ICBHI,LittC2SE,0.9935117304033434,0
ICBHI_117_1b3_TC_001,ICBHI_117_1b3_TC,ICBHI_117,1,ICBHI,LittC2SE,0.9827572224423472,0
ICBHI_117_1b3_TC_002,ICBHI_117_1b3_TC,ICBHI_117,1,ICBHI,LittC2SE,0.9895513745548832,0
ICBHI_117_1b3_TC_003,ICBHI_117_1b3_TC,ICBHI_117,1,ICBHI,LittC2SE,0.9928785712542648,0
ICBHI_117_1b3_TC_004,ICBHI_117_1b3_TC,ICBHI_117,1,ICBHI,LittC2SE,0.9930693283432538,0
ICBHI_117_1b3_TC_005,ICBHI_117_1b3_TC,ICBHI_117,1,ICBHI,LittC2SE,0.9870296135626316,0
ICBHI_117_1b3_TC_006,ICBHI_117_1b3_TC,ICBHI_117,1,ICBHI,LittC2SE,0.994466612060986,0
ICBHI_127_1b1_AR_000,ICBHI_127_1b1_AR,ICBHI_127,0,ICBHI,Meditron,0.0036499870312098,0
ICBHI_127_1b1_AR_001,ICBHI_127_1b1_AR,ICBHI_127,0,ICBHI,Meditron,0.0466380400231876,0
ICBHI_127_1b1_AR_002,ICBHI_127_1b1_AR,ICBHI_127,0,ICBHI,Meditron,0.1196136636663226,0
ICBHI_127_1b1_AR_003,ICBHI_127_1b1_AR,ICBHI_127,0,ICBHI,Meditron,0.0841910809945771,0
ICBHI_127_1b1_AR_004,ICBHI_127_1b1_AR,ICBHI_127,0,ICBHI,Meditron,0.0010282108871371,0
ICBHI_127_1b1_AR_005,ICBHI_127_1b1_AR,ICBHI_127,0,ICBHI,Meditron,0.0001063745841626,0
ICBHI_138_1p2_AL_000,ICBHI_138_1p2_AL,ICBHI_138,1,ICBHI,AKGC417L,0.9754836641728089,0
ICBHI_138_1p2_AL_001,ICBHI_138_1p2_AL,ICBHI_138,1,ICBHI,AKGC417L,0.9808025508024198,0
ICBHI_138_1p2_AL_002,ICBHI_138_1p2_AL,ICBHI_138,1,ICBHI,AKGC417L,0.9785492708245106,0
ICBHI_138_1p2_AL_003,ICBHI_138_1p2_AL,ICBHI_138,1,ICBHI,AKGC417L,0.9754369112279712,0
ICBHI_138_1p2_AL_004,ICBHI_138_1p2_AL,ICBHI_138,1,ICBHI,AKGC417L,0.9730365001376664,0
ICBHI_138_1p2_AL_005,ICBHI_138_1p2_AL,ICBHI_138,1,ICBHI,AKGC417L,0.9800912115412156,0
ICBHI_138_1p2_AL_006,ICBHI_138_1p2_AL,ICBHI_138,1,ICBHI,AKGC417L,0.9746286885255978,0
ICBHI_138_1p2_AR_000,ICBHI_138_1p2_AR,ICBHI_138,1,ICBHI,AKGC417L,0.9517736584118672,0
ICBHI_138_1p2_AR_001,ICBHI_138_1p2_AR,ICBHI_138,1,ICBHI,AKGC417L,0.943763654295516,0
ICBHI_138_1p2_AR_002,ICBHI_138_1p2_AR,ICBHI_138,1,ICBHI,AKGC417L,0.9508692112458992,0
ICBHI_138_1p2_AR_003,ICBHI_138_1p2_AR,ICBHI_138,1,ICBHI,AKGC417L,0.9679599219419188,0
ICBHI_138_1p2_AR_004,ICBHI_138_1p2_AR,ICBHI_138,1,ICBHI,AKGC417L,0.9676556676188428,0
ICBHI_138_1p2_AR_005,ICBHI_138_1p2_AR,ICBHI_138,1,ICBHI,AKGC417L,0.9498557486112288,0
ICBHI_138_1p2_AR_006,ICBHI_138_1p2_AR,ICBHI_138,1,ICBHI,AKGC417L,0.9500414759334156,0
ICBHI_138_1p2_LL_000,ICBHI_138_1p2_LL,ICBHI_138,1,ICBHI,AKGC417L,0.9677777030339422,0
ICBHI_138_1p2_LL_001,ICBHI_138_1p2_LL,ICBHI_138,1,ICBHI,AKGC417L,0.8490973686263605,0
ICBHI_138_1p2_LL_002,ICBHI_138_1p2_LL,ICBHI_138,1,ICBHI,AKGC417L,0.7182980821795145,0
ICBHI_138_1p2_LL_003,ICBHI_138_1p2_LL,ICBHI_138,1,ICBHI,AKGC417L,0.561545441695783,0
ICBHI_138_1p2_LL_004,ICBHI_138_1p2_LL,ICBHI_138,1,ICBHI,AKGC417L,0.9053222982086732,0
ICBHI_138_1p2_LL_005,ICBHI_138_1p2_LL,ICBHI_138,1,ICBHI,AKGC417L,0.8973359904266346,0
ICBHI_138_1p2_LL_006,ICBHI_138_1p2_LL,ICBHI_138,1,ICBHI,AKGC417L,0.781163728765951,0
ICBHI_138_1p2_LR_000,ICBHI_138_1p2_LR,ICBHI_138,1,ICBHI,AKGC417L,0.983596967483837,0
ICBHI_138_1p2_LR_001,ICBHI_138_1p2_LR,ICBHI_138,1,ICBHI,AKGC417L,0.9803938171085806,0
ICBHI_138_1p2_LR_002,ICBHI_138_1p2_LR,ICBHI_138,1,ICBHI,AKGC417L,0.974386085430022,0
ICBHI_138_1p2_LR_003,ICBHI_138_1p2_LR,ICBHI_138,1,ICBHI,AKGC417L,0.9766246849598732,0
ICBHI_138_1p2_LR_004,ICBHI_138_1p2_LR,ICBHI_138,1,ICBHI,AKGC417L,0.9806178087982642,0
ICBHI_138_1p2_LR_005,ICBHI_138_1p2_LR,ICBHI_138,1,ICBHI,AKGC417L,0.97982268167713,0
ICBHI_138_1p2_LR_006,ICBHI_138_1p2_LR,ICBHI_138,1,ICBHI,AKGC417L,0.9762200155633391,0
ICBHI_138_1p2_PL_000,ICBHI_138_1p2_PL,ICBHI_138,1,ICBHI,AKGC417L,0.9702962496606208,0
ICBHI_138_1p2_PL_001,ICBHI_138_1p2_PL,ICBHI_138,1,ICBHI,AKGC417L,0.9675331855246276,0
ICBHI_138_1p2_PL_002,ICBHI_138_1p2_PL,ICBHI_138,1,ICBHI,AKGC417L,0.9626731126558706,0
ICBHI_138_1p2_PL_003,ICBHI_138_1p2_PL,ICBHI_138,1,ICBHI,AKGC417L,0.9777987710969442,0
ICBHI_138_1p2_PL_004,ICBHI_138_1p2_PL,ICBHI_138,1,ICBHI,AKGC417L,0.9568766292846294,0
ICBHI_138_1p2_PL_005,ICBHI_138_1p2_PL,ICBHI_138,1,ICBHI,AKGC417L,0.9444848859112394,0
ICBHI_138_1p2_PL_006,ICBHI_138_1p2_PL,ICBHI_138,1,ICBHI,AKGC417L,0.9826243354907804,0
ICBHI_138_1p2_PR_000,ICBHI_138_1p2_PR,ICBHI_138,1,ICBHI,AKGC417L,0.9942919660808864,0
ICBHI_138_1p2_PR_001,ICBHI_138_1p2_PR,ICBHI_138,1,ICBHI,AKGC417L,0.9930153500828656,0
ICBHI_138_1p2_PR_002,ICBHI_138_1p2_PR,ICBHI_138,1,ICBHI,AKGC417L,0.9859363729567544,0
ICBHI_138_1p2_PR_003,ICBHI_138_1p2_PR,ICBHI_138,1,ICBHI,AKGC417L,0.9897909456811916,0
ICBHI_138_1p2_PR_004,ICBHI_138_1p2_PR,ICBHI_138,1,ICBHI,AKGC417L,0.9923043528216078,0
ICBHI_138_1p2_PR_005,ICBHI_138_1p2_PR,ICBHI_138,1,ICBHI,AKGC417L,0.971725399886542,0
ICBHI_138_1p2_PR_006,ICBHI_138_1p2_PR,ICBHI_138,1,ICBHI,AKGC417L,0.9887119261007692,0
ICBHI_138_1p2_TC_000,ICBHI_138_1p2_TC,ICBHI_138,1,ICBHI,AKGC417L,0.9658995742876884,0
ICBHI_138_1p2_TC_001,ICBHI_138_1p2_TC,ICBHI_138,1,ICBHI,AKGC417L,0.8791467675095294,0
ICBHI_138_1p2_TC_002,ICBHI_138_1p2_TC,ICBHI_138,1,ICBHI,AKGC417L,0.9158089190054228,0
ICBHI_138_1p2_TC_003,ICBHI_138_1p2_TC,ICBHI_138,1,ICBHI,AKGC417L,0.9532750413739076,0
ICBHI_138_1p2_TC_004,ICBHI_138_1p2_TC,ICBHI_138,1,ICBHI,AKGC417L,0.8942365768704993,0
ICBHI_138_1p2_TC_005,ICBHI_138_1p2_TC,ICBHI_138,1,ICBHI,AKGC417L,0.7757747251300824,0
ICBHI_138_1p2_TC_006,ICBHI_138_1p2_TC,ICBHI_138,1,ICBHI,AKGC417L,0.606847997364097,0
ICBHI_138_1p3_AL_000,ICBHI_138_1p3_AL,ICBHI_138,1,ICBHI,AKGC417L,0.9780517462851324,0
ICBHI_138_1p3_AL_001,ICBHI_138_1p3_AL,ICBHI_138,1,ICBHI,AKGC417L,0.9702962496606208,0
ICBHI_138_1p3_AL_002,ICBHI_138_1p3_AL,ICBHI_138,1,ICBHI,AKGC417L,0.9711838031967466,0
ICBHI_138_1p3_AL_003,ICBHI_138_1p3_AL,ICBHI_138,1,ICBHI,AKGC417L,0.9818752792555312,0
ICBHI_138_1p3_AL_004,ICBHI_138_1p3_AL,ICBHI_138,1,ICBHI,AKGC417L,0.9745803476190712,0
ICBHI_138_1p3_AL_005,ICBHI_138_1p3_AL,ICBHI_138,1,ICBHI,AKGC417L,0.9750122054090996,0
ICBHI_138_1p3_AL_006,ICBHI_138_1p3_AL,ICBHI_138,1,ICBHI,AKGC417L,0.9750597460625842,0
ICBHI_138_1p3_AR_000,ICBHI_138_1p3_AR,ICBHI_138,1,ICBHI,AKGC417L,0.9785902297851472,0
ICBHI_138_1p3_AR_001,ICBHI_138_1p3_AR,ICBHI_138,1,ICBHI,AKGC417L,0.8323729550384906,0
ICBHI_138_1p3_AR_002,ICBHI_138_1p3_AR,ICBHI_138,1,ICBHI,AKGC417L,0.79358626759188,0
ICBHI_138_1p3_AR_003,ICBHI_138_1p3_AR,ICBHI_138,1,ICBHI,AKGC417L,0.9610980199022024,0
ICBHI_138_1p3_AR_004,ICBHI_138_1p3_AR,ICBHI_138,1,ICBHI,AKGC417L,0.9205043007398608,0
ICBHI_138_1p3_AR_005,ICBHI_138_1p3_AR,ICBHI_138,1,ICBHI,AKGC417L,0.8398653506656495,0
ICBHI_138_1p3_AR_006,ICBHI_138_1p3_AR,ICBHI_138,1,ICBHI,AKGC417L,0.9118099551992372,0
ICBHI_138_1p3_LL_000,ICBHI_138_1p3_LL,ICBHI_138,1,ICBHI,AKGC417L,0.960657496735742,0
ICBHI_138_1p3_LL_001,ICBHI_138_1p3_LL,ICBHI_138,1,ICBHI,AKGC417L,0.964788863578424,0
ICBHI_138_1p3_LL_002,ICBHI_138_1p3_LL,ICBHI_138,1,ICBHI,AKGC417L,0.9683213752172553,0
ICBHI_138_1p3_LL_003,ICBHI_138_1p3_LL,ICBHI_138,1,ICBHI,AKGC417L,0.964589269923676,0
ICBHI_138_1p3_LL_004,ICBHI_138_1p3_LL,ICBHI_138,1,ICBHI,AKGC417L,0.967100958652035,0
ICBHI_138_1p3_LL_005,ICBHI_138_1p3_LL,ICBHI_138,1,ICBHI,AKGC417L,0.979155684383481,0
ICBHI_138_1p3_LL_006,ICBHI_138_1p3_LL,ICBHI_138,1,ICBHI,AKGC417L,0.9844563520692292,0
ICBHI_138_1p3_LR_000,ICBHI_138_1p3_LR,ICBHI_138,1,ICBHI,AKGC417L,0.9745803476190712,0
ICBHI_138_1p3_LR_001,ICBHI_138_1p3_LR,ICBHI_138,1,ICBHI,AKGC417L,0.921640191475818,0
ICBHI_138_1p3_LR_002,ICBHI_138_1p3_LR,ICBHI_138,1,ICBHI,AKGC417L,0.8955226768697631,0
ICBHI_138_1p3_LR_003,ICBHI_138_1p3_LR,ICBHI_138,1,ICBHI,AKGC417L,0.9734434290045008,0
ICBHI_138_1p3_LR_004,ICBHI_138_1p3_LR,ICBHI_138,1,ICBHI,AKGC417L,0.976535343307368,0
ICBHI_138_1p3_LR_005,ICBHI_138_1p3_LR,ICBHI_138,1,ICBHI,AKGC417L,0.9774139572136528,0
ICBHI_138_1p3_LR_006,ICBHI_138_1p3_LR,ICBHI_138,1,ICBHI,AKGC417L,0.9694979473172858,0
ICBHI_138_1p3_PL_000,ICBHI_138_1p3_PL,ICBHI_138,1,ICBHI,AKGC417L,0.991186833496954,0
ICBHI_138_1p3_PL_001,ICBHI_138_1p3_PL,ICBHI_138,1,ICBHI,AKGC417L,0.9891815513471368,0
ICBHI_138_1p3_PL_002,ICBHI_138_1p3_PL,ICBHI_138,1,ICBHI,AKGC417L,0.979155684383481,0
ICBHI_138_1p3_PL_003,ICBHI_138_1p3_PL,ICBHI_138,1,ICBHI,AKGC417L,0.9227612136829396,0
ICBHI_138_1p3_PL_004,ICBHI_138_1p3_PL,ICBHI_138,1,ICBHI,AKGC417L,0.9749168590639716,0
ICBHI_138_1p3_PL_005,ICBHI_138_1p3_PL,ICBHI_138,1,ICBHI,AKGC417L,0.991619546648974,0
ICBHI_138_1p3_PL_006,ICBHI_138_1p3_PL,ICBHI_138,1,ICBHI,AKGC417L,0.9752961303267708,0
ICBHI_138_1p3_PR_000,ICBHI_138_1p3_PR,ICBHI_138,1,ICBHI,AKGC417L,0.9846936454393052,0
ICBHI_138_1p3_PR_001,ICBHI_138_1p3_PR,ICBHI_138,1,ICBHI,AKGC417L,0.9835338249524974,0
ICBHI_138_1p3_PR_002,ICBHI_138_1p3_PR,ICBHI_138,1,ICBHI,AKGC417L,0.9807288620802312,0
ICBHI_138_1p3_PR_003,ICBHI_138_1p3_PR,ICBHI_138,1,ICBHI,AKGC417L,0.9911526449170696,0
ICBHI_138_1p3_PR_004,ICBHI_138_1p3_PR,ICBHI_138,1,ICBHI,AKGC417L,0.9869292152258128,0
ICBHI_138_1p3_PR_005,ICBHI_138_1p3_PR,ICBHI_138,1,ICBHI,AKGC417L,0.9887987866239216,0
ICBHI_138_1p3_PR_006,ICBHI_138_1p3_PR,ICBHI_138,1,ICBHI,AKGC417L,0.982151261550011,0
ICBHI_138_1p3_TC_000,ICBHI_138_1p3_TC,ICBHI_138,1,ICBHI,AKGC417L,0.8902942261220291,0
ICBHI_138_1p3_TC_001,ICBHI_138_1p3_TC,ICBHI_138,1,ICBHI,AKGC417L,0.9132132627819568,0
ICBHI_138_1p3_TC_002,ICBHI_138_1p3_TC,ICBHI_138,1,ICBHI,AKGC417L,0.9814889540096828,0
ICBHI_138_1p3_TC_003,ICBHI_138_1p3_TC,ICBHI_138,1,ICBHI,AKGC417L,0.9949199630015224,0
ICBHI_138_1p3_TC_004,ICBHI_138_1p3_TC,ICBHI_138,1,ICBHI,AKGC417L,0.9898695883364156,0
ICBHI_138_1p3_TC_005,ICBHI_138_1p3_TC,ICBHI_138,1,ICBHI,AKGC417L,0.9897909456811916,0
ICBHI_138_1p3_TC_006,ICBHI_138_1p3_TC,ICBHI_138,1,ICBHI,AKGC417L,0.9941346616392028,0
ICBHI_138_1p4_AR_000,ICBHI_138_1p4_AR,ICBHI_138,1,ICBHI,AKGC417L,0.943347574692026,0
ICBHI_138_1p4_AR_001,ICBHI_138_1p4_AR,ICBHI_138,1,ICBHI,AKGC417L,0.9434518650712324,0
ICBHI_138_1p4_AR_002,ICBHI_138_1p4_AR,ICBHI_138,1,ICBHI,AKGC417L,0.8423450906059847,0
ICBHI_138_1p4_AR_003,ICBHI_138_1p4_AR,ICBHI_138,1,ICBHI,AKGC417L,0.9068182895386296,0
ICBHI_138_1p4_AR_004,ICBHI_138_1p4_AR,ICBHI_138,1,ICBHI,AKGC417L,0.91165277304222,0
ICBHI_138_1p4_AR_005,ICBHI_138_1p4_AR,ICBHI_138,1,ICBHI,AKGC417L,0.9164093322460584,0
ICBHI_138_1p4_AR_006,ICBHI_138_1p4_AR,ICBHI_138,1,ICBHI,AKGC417L,0.9282788756737624,0
ICBHI_138_1p4_LL_000,ICBHI_138_1p4_LL,ICBHI_138,1,ICBHI,AKGC417L,0.9727273312024342,0
ICBHI_138_1p4_LL_001,ICBHI_138_1p4_LL,ICBHI_138,1,ICBHI,AKGC417L,0.9704646607088953,0
ICBHI_138_1p4_LL_002,ICBHI_138_1p4_LL,ICBHI_138,1,ICBHI,AKGC417L,0.9618217257384336,0
ICBHI_138_1p4_LL_003,ICBHI_138_1p4_LL,ICBHI_138,1,ICBHI,AKGC417L,0.9543079676184154,0
ICBHI_138_1p4_LL_004,ICBHI_138_1p4_LL,ICBHI_138,1,ICBHI,AKGC417L,0.9470881887900422,0
ICBHI_138_1p4_LL_005,ICBHI_138_1p4_LL,ICBHI_138,1,ICBHI,AKGC417L,0.9498557486112288,0
ICBHI_138_1p4_LL_006,ICBHI_138_1p4_LL,ICBHI_138,1,ICBHI,AKGC417L,0.9707987097542188,0
ICBHI_138_1p4_LR_000,ICBHI_138_1p4_LR,ICBHI_138,1,ICBHI,AKGC417L,0.9834704434423458,0
ICBHI_138_1p4_LR_001,ICBHI_138_1p4_LR,ICBHI_138,1,ICBHI,AKGC417L,0.979393523864564,0
ICBHI_138_1p4_LR_002,ICBHI_138_1p4_LR,ICBHI_138,1,ICBHI,AKGC417L,0.9752961303267708,0
ICBHI_138_1p4_LR_003,ICBHI_138_1p4_LR,ICBHI_138,1,ICBHI,AKGC417L,0.972151549366048,0
ICBHI_138_1p4_LR_004,ICBHI_138_1p4_LR,ICBHI_138,1,ICBHI,AKGC417L,0.9674717764988552,0
ICBHI_138_1p4_LR_005,ICBHI_138_1p4_LR,ICBHI_138,1,ICBHI,AKGC417L,0.976355659124078,0
ICBHI_138_1p4_LR_006,ICBHI_138_1p4_LR,ICBHI_138,1,ICBHI,AKGC417L,0.9780097803027992,0
ICBHI_138_1p4_PL_000,ICBHI_138_1p4_PL,ICBHI_138,1,ICBHI,AKGC417L,0.9643885866370536,0
ICBHI_138_1p4_PL_001,ICBHI_138_1p4_PL,ICBHI_138,1,ICBHI,AKGC417L,0.933187674170474,0
ICBHI_138_1p4_PL_002,ICBHI_138_1p4_PL,ICBHI_138,1,ICBHI,AKGC417L,0.944994711706546,0
ICBHI_138_1p4_PL_003,ICBHI_138_1p4_PL,ICBHI_138,1,ICBHI,AKGC417L,0.9431384513550536,0
ICBHI_138_1p4_PL_004,ICBHI_138_1p4_PL,ICBHI_138,1,ICBHI,AKGC417L,0.979899764423248,0
ICBHI_138_1p4_PL_005,ICBHI_138_1p4_PL,ICBHI_138,1,ICBHI,AKGC417L,0.9860979413749408,0
ICBHI_138_1p4_PL_006,ICBHI_138_1p4_PL,ICBHI_138,1,ICBHI,AKGC417L,0.990216123982345,0
ICBHI_138_1p4_PR_000,ICBHI_138_1p4_PR,ICBHI_138,1,ICBHI,AKGC417L,0.9846346585586978,0
ICBHI_138_1p4_PR_001,ICBHI_138_1p4_PR,ICBHI_138,1,ICBHI,AKGC417L,0.9826909042463318,0
ICBHI_138_1p4_PR_002,ICBHI_138_1p4_PR,ICBHI_138,1,ICBHI,AKGC417L,0.985882106574795,0
ICBHI_138_1p4_PR_003,ICBHI_138_1p4_PR,ICBHI_138,1,ICBHI,AKGC417L,0.982889110788156,0
ICBHI_138_1p4_PR_004,ICBHI_138_1p4_PR,ICBHI_138,1,ICBHI,AKGC417L,0.991118324899153,0
ICBHI_138_1p4_PR_005,ICBHI_138_1p4_PR,ICBHI_138,1,ICBHI,AKGC417L,0.994202598745566,0
ICBHI_138_1p4_PR_006,ICBHI_138_1p4_PR,ICBHI_138,1,ICBHI,AKGC417L,0.982151261550011,0
ICBHI_138_1p4_TC_000,ICBHI_138_1p4_TC,ICBHI_138,1,ICBHI,AKGC417L,0.9919380084717284,0
ICBHI_138_1p4_TC_001,ICBHI_138_1p4_TC,ICBHI_138,1,ICBHI,AKGC417L,0.9760836129001416,0
ICBHI_138_1p4_TC_002,ICBHI_138_1p4_TC,ICBHI_138,1,ICBHI,AKGC417L,0.992214345234632,0
ICBHI_138_1p4_TC_003,ICBHI_138_1p4_TC,ICBHI_138,1,ICBHI,AKGC417L,0.9933071490757152,0
ICBHI_138_1p4_TC_004,ICBHI_138_1p4_TC,ICBHI_138,1,ICBHI,AKGC417L,0.9913892323324892,0
ICBHI_138_1p4_TC_005,ICBHI_138_1p4_TC,ICBHI_138,1,ICBHI,AKGC417L,0.9893062422638244,0
ICBHI_138_1p4_TC_006,ICBHI_138_1p4_TC,ICBHI_138,1,ICBHI,AKGC417L,0.9887119261007692,0
ICBHI_138_2p2_AL_000,ICBHI_138_2p2_AL,ICBHI_138,1,ICBHI,AKGC417L,0.7778065920737272,0
ICBHI_138_2p2_AL_001,ICBHI_138_2p2_AL,ICBHI_138,1,ICBHI,AKGC417L,0.611903902601394,0
ICBHI_138_2p2_AL_002,ICBHI_138_2p2_AL,ICBHI_138,1,ICBHI,AKGC417L,0.743540623165219,0
ICBHI_138_2p2_AL_003,ICBHI_138_2p2_AL,ICBHI_138,1,ICBHI,AKGC417L,0.7008948097542927,0
ICBHI_138_2p2_AL_004,ICBHI_138_2p2_AL,ICBHI_138,1,ICBHI,AKGC417L,0.7610060599864007,0
ICBHI_138_2p2_AL_005,ICBHI_138_2p2_AL,ICBHI_138,1,ICBHI,AKGC417L,0.8984105540811842,0
ICBHI_138_2p2_AL_006,ICBHI_138_2p2_AL,ICBHI_138,1,ICBHI,AKGC417L,0.9521309935238556,0
ICBHI_138_2p2_AR_000,ICBHI_138_2p2_AR,ICBHI_138,1,ICBHI,AKGC417L,0.6025294319093685,0
ICBHI_138_2p2_AR_001,ICBHI_138_2p2_AR,ICBHI_138,1,ICBHI,AKGC417L,0.6774740169356273,0
ICBHI_138_2p2_AR_002,ICBHI_138_2p2_AR,ICBHI_138,1,ICBHI,AKGC417L,0.8611883563363985,0
ICBHI_138_2p2_AR_003,ICBHI_138_2p2_AR,ICBHI_138,1,ICBHI,AKGC417L,0.8929365379204537,0
ICBHI_138_2p2_AR_004,ICBHI_138_2p2_AR,ICBHI_138,1,ICBHI,AKGC417L,0.624293533567992,0
ICBHI_138_2p2_AR_005,ICBHI_138_2p2_AR,ICBHI_138,1,ICBHI,AKGC417L,0.5732603860601143,0
ICBHI_138_2p2_AR_006,ICBHI_138_2p2_AR,ICBHI_138,1,ICBHI,AKGC417L,0.6943026711575786,0
ICBHI_138_2p2_LL_000,ICBHI_138_2p2_LL,ICBHI_138,1,ICBHI,AKGC417L,0.9600626857930734,0
ICBHI_138_2p2_LL_001,ICBHI_138_2p2_LL,ICBHI_138,1,ICBHI,AKGC417L,0.9545627823553606,0
ICBHI_138_2p2_LL_002,ICBHI_138_2p2_LL,ICBHI_138,1,ICBHI,AKGC417L,0.9726235112216486,0
ICBHI_138_2p2_LL_003,ICBHI_138_2p2_LL,ICBHI_138,1,ICBHI,AKGC417L,0.9817006677897864,0
ICBHI_138_2p2_LL_004,ICBHI_138_2p2_LL,ICBHI_138,1,ICBHI,AKGC417L,0.9706877692486436,0
ICBHI_138_2p2_LL_005,ICBHI_138_2p2_LL,ICBHI_138,1,ICBHI,AKGC417L,0.983278856294558,0
ICBHI_138_2p2_LL_006,ICBHI_138_2p2_LL,ICBHI_138,1,ICBHI,AKGC417L,0.97693477348305,0
ICBHI_138_2p2_LR_000,ICBHI_138_2p2_LR,ICBHI_138,1,ICBHI,AKGC417L,0.9893474891602738,0
ICBHI_138_2p2_LR_001,ICBHI_138_2p2_LR,ICBHI_138,1,ICBHI,AKGC417L,0.986878728873449,0
ICBHI_138_2p2_LR_002,ICBHI_138_2p2_LR,ICBHI_138,1,ICBHI,AKGC417L,0.9893474891602738,0
ICBHI_138_2p2_LR_003,ICBHI_138_2p2_LR,ICBHI_138,1,ICBHI,AKGC417L,0.9912548183179648,0
ICBHI_138_2p2_LR_004,ICBHI_138_2p2_LR,ICBHI_138,1,ICBHI,AKGC417L,0.9824904426504252,0
ICBHI_138_2p2_LR_005,ICBHI_138_2p2_LR,ICBHI_138,1,ICBHI,AKGC417L,0.9302050734936124,0
ICBHI_138_2p2_LR_006,ICBHI_138_2p2_LR,ICBHI_138,1,ICBHI,AKGC417L,0.8914335771643437,0
ICBHI_138_2p2_PL_000,ICBHI_138_2p2_PL,ICBHI_138,1,ICBHI,AKGC417L,0.9601375058927356,0
ICBHI_138_2p2_PL_001,ICBHI_138_2p2_PL,ICBHI_138,1,ICBHI,AKGC417L,0.9254997409810218,0
ICBHI_138_2p2_PL_002,ICBHI_138_2p2_PL,ICBHI_138,1,ICBHI,AKGC417L,0.965250375232816,0
ICBHI_138_2p2_PL_003,ICBHI_138_2p2_PL,ICBHI_138,1,ICBHI,AKGC417L,0.9700702529745588,0
ICBHI_138_2p2_PL_004,ICBHI_138_2p2_PL,ICBHI_138,1,ICBHI,AKGC417L,0.9740426428022032,0
ICBHI_138_2p2_PL_005,ICBHI_138_2p2_PL,ICBHI_138,1,ICBHI,AKGC417L,0.9683812327313543,0
ICBHI_138_2p2_PL_006,ICBHI_138_2p2_PL,ICBHI_138,1,ICBHI,AKGC417L,0.9746286885255978,0
ICBHI_138_2p2_PR_000,ICBHI_138_2p2_PR,ICBHI_138,1,ICBHI,AKGC417L,0.9599126416289347,0
ICBHI_138_2p2_PR_001,ICBHI_138_2p2_PR,ICBHI_138,1,ICBHI,AKGC417L,0.9345147892167924,0
ICBHI_138_2p2_PR_002,ICBHI_138_2p2_PR,ICBHI_138,1,ICBHI,AKGC417L,0.9677777030339422,0
ICBHI_138_2p2_PR_003,ICBHI_138_2p2_PR,ICBHI_138,1,ICBHI,AKGC417L,0.9938070098421448,0
ICBHI_138_2p2_PR_004,ICBHI_138_2p2_PR,ICBHI_138,1,ICBHI,AKGC417L,0.9938310050773188,0
ICBHI_138_2p2_PR_005,ICBHI_138_2p2_PR,ICBHI_138,1,ICBHI,AKGC417L,0.9886682464686384,0
ICBHI_138_2p2_PR_006,ICBHI_138_2p2_PR,ICBHI_138,1,ICBHI,AKGC417L,0.9920620058985926,0
ICBHI_138_2p2_TC_000,ICBHI_138_2p2_TC,ICBHI_138,1,ICBHI,AKGC417L,0.962602866405004,0
ICBHI_138_2p2_TC_001,ICBHI_138_2p2_TC,ICBHI_138,1,ICBHI,AKGC417L,0.7662936430859597,0
ICBHI_138_2p2_TC_002,ICBHI_138_2p2_TC,ICBHI_138,1,ICBHI,AKGC417L,0.6269239531810554,0
ICBHI_138_2p2_TC_003,ICBHI_138_2p2_TC,ICBHI_138,1,ICBHI,AKGC417L,0.1192029220221175,0
ICBHI_138_2p2_TC_004,ICBHI_138_2p2_TC,ICBHI_138,1,ICBHI,AKGC417L,0.1327392360380013,0
ICBHI_138_2p2_TC_005,ICBHI_138_2p2_TC,ICBHI_138,1,ICBHI,AKGC417L,0.8237541440584596,0
ICBHI_138_2p2_TC_006,ICBHI_138_2p2_TC,ICBHI_138,1,ICBHI,AKGC417L,0.909746767946179,0
ICBHI_139_1b1_AL_000,ICBHI_139_1b1_AL,ICBHI_139,1,ICBHI,Litt3200,0.9919380084717284,0
ICBHI_139_1b1_AL_001,ICBHI_139_1b1_AL,ICBHI_139,1,ICBHI,Litt3200,0.9934102283369194,0
ICBHI_139_1b1_AL_002,ICBHI_139_1b1_AL,ICBHI_139,1,ICBHI,Litt3200,0.993461175022765,0
ICBHI_139_1b1_AL_003,ICBHI_139_1b1_AL,ICBHI_139,1,ICBHI,Litt3200,0.9904775143296634,0
ICBHI_139_1b1_AL_004,ICBHI_139_1b1_AL,ICBHI_139,1,ICBHI,Litt3200,0.9901782070803068,0
ICBHI_139_1b1_AL_005,ICBHI_139_1b1_AL,ICBHI_139,1,ICBHI,Litt3200,0.990944735813278,0
ICBHI_139_1b1_AR_000,ICBHI_139_1b1_AR,ICBHI_139,1,ICBHI,Litt3200,0.9920311850466846,0
ICBHI_139_1b1_AR_001,ICBHI_139_1b1_AR,ICBHI_139,1,ICBHI,Litt3200,0.9945094367975008,0
ICBHI_139_1b1_AR_002,ICBHI_139_1b1_AR,ICBHI_139,1,ICBHI,Litt3200,0.9941346616392028,0
ICBHI_139_1b1_AR_003,ICBHI_139_1b1_AR,ICBHI_139,1,ICBHI,Litt3200,0.9929061381210884,0
ICBHI_139_1b1_AR_004,ICBHI_139_1b1_AR,ICBHI_139,1,ICBHI,Litt3200,0.993149519973355,0
ICBHI_139_1b1_LL_000,ICBHI_139_1b1_LL,ICBHI_139,1,ICBHI,Litt3200,0.9803938171085806,0
ICBHI_139_1b1_LL_001,ICBHI_139_1b1_LL,ICBHI_139,1,ICBHI,Litt3200,0.9834704434423458,0
ICBHI_139_1b1_LL_002,ICBHI_139_1b1_LL,ICBHI_139,1,ICBHI,Litt3200,0.9884026381763672,0
ICBHI_139_1b1_LL_003,ICBHI_139_1b1_LL,ICBHI_139,1,ICBHI,Litt3200,0.98922327394992,0
ICBHI_139_1b1_LL_004,ICBHI_139_1b1_LL,ICBHI_139,1,ICBHI,Litt3200,0.9915870224290224,0
ICBHI_139_1b1_LL_005,ICBHI_139_1b1_LL,ICBHI_139,1,ICBHI,Litt3200,0.9921841112107114,0
ICBHI_139_1b1_LL_006,ICBHI_139_1b1_LL,ICBHI_139,1,ICBHI,Litt3200,0.992334125311354,0
ICBHI_139_1b1_LR_000,ICBHI_139_1b1_LR,ICBHI_139,1,ICBHI,Litt3200,0.9883127420043056,0
ICBHI_139_1b1_LR_001,ICBHI_139_1b1_LR,ICBHI_139,1,ICBHI,Litt3200,0.9873750507184356,0
ICBHI_139_1b1_LR_002,ICBHI_139_1b1_LR,ICBHI_139,1,ICBHI,Litt3200,0.9882675360436518,0
ICBHI_139_1b1_LR_003,ICBHI_139_1b1_LR,ICBHI_139,1,ICBHI,Litt3200,0.9946567440438504,0
ICBHI_139_1b1_PL_000,ICBHI_139_1b1_PL,ICBHI_139,1,ICBHI,Litt3200,0.9895513745548832,0
ICBHI_139_1b1_PL_001,ICBHI_139_1b1_PL,ICBHI_139,1,ICBHI,Litt3200,0.99101457124744,0
ICBHI_139_1b1_PL_002,ICBHI_139_1b1_PL,ICBHI_139,1,ICBHI,Litt3200,0.9943140930647724,0
ICBHI_139_1b1_PL_003,ICBHI_139_1b1_PL,ICBHI_139,1,ICBHI,Litt3200,0.9943361347628212,0
ICBHI_139_1b1_PR_000,ICBHI_139_1b1_PR,ICBHI_139,1,ICBHI,Litt3200,0.9929335990367508,0
ICBHI_139_1b1_PR_001,ICBHI_139_1b1_PR,ICBHI_139,1,ICBHI,Litt3200,0.9930693283432538,0
ICBHI_139_1b1_PR_002,ICBHI_139_1b1_PR,ICBHI_139,1,ICBHI,Litt3200,0.9938549079159148,0
ICBHI_139_1b1_PR_003,ICBHI_139_1b1_PR,ICBHI_139,1,ICBHI,Litt3200,0.9940428462362504,0
ICBHI_139_1b1_PR_004,ICBHI_139_1b1_PR,ICBHI_139,1,ICBHI,Litt3200,0.9950370578981272,0
ICBHI_146_2b2_PL_000,ICBHI_146_2b2_PL,ICBHI_146,1,ICBHI,AKGC417L,0.9861513897844354,0
ICBHI_146_2b2_PL_001,ICBHI_146_2b2_PL,ICBHI_146,1,ICBHI,AKGC417L,0.9915215980653224,0
ICBHI_146_2b2_PL_002,ICBHI_146_2b2_PL,ICBHI_146,1,ICBHI,AKGC417L,0.9877587247081928,0
ICBHI_146_2b2_PL_003,ICBHI_146_2b2_PL,ICBHI_146,1,ICBHI,AKGC417L,0.9901401446964612,0
ICBHI_146_2b2_PL_004,ICBHI_146_2b2_PL,ICBHI_146,1,ICBHI,AKGC417L,0.9852713861502774,0
ICBHI_146_2b2_PL_005,ICBHI_146_2b2_PL,ICBHI_146,1,ICBHI,AKGC417L,0.9848692716928064,0
ICBHI_146_2b2_PL_006,ICBHI_146_2b2_PL,ICBHI_146,1,ICBHI,AKGC417L,0.9906237625491514,0
ICBHI_146_2b4_AL_000,ICBHI_146_2b4_AL,ICBHI_146,1,ICBHI,AKGC417L,0.98636316471857,0
ICBHI_146_2b4_AL_001,ICBHI_146_2b4_AL,ICBHI_146,1,ICBHI,AKGC417L,0.980765741038007,0
ICBHI_146_2b4_AL_002,ICBHI_146_2b4_AL,ICBHI_146,1,ICBHI,AKGC417L,0.9785492708245106,0
ICBHI_146_2b4_AL_003,ICBHI_146_2b4_AL,ICBHI_146,1,ICBHI,AKGC417L,0.9774139572136528,0
ICBHI_146_2b4_AL_004,ICBHI_146_2b4_AL,ICBHI_146,1,ICBHI,AKGC417L,0.9829546827465642,0
ICBHI_146_2b4_AL_005,ICBHI_146_2b4_AL,ICBHI_146,1,ICBHI,AKGC417L,0.979472211759856,0
ICBHI_146_2b4_AL_006,ICBHI_146_2b4_AL,ICBHI_146,1,ICBHI,AKGC417L,0.9723097416304984,0
ICBHI_146_2b4_AR_000,ICBHI_146_2b4_AR,ICBHI_146,1,ICBHI,AKGC417L,0.9844563520692292,0
ICBHI_146_2b4_AR_001,ICBHI_146_2b4_AR,ICBHI_146,1,ICBHI,AKGC417L,0.9837225390872864,0
ICBHI_146_2b4_AR_002,ICBHI_146_2b4_AR,ICBHI_146,1,ICBHI,AKGC417L,0.9683812327313543,0
ICBHI_146_2b4_AR_003,ICBHI_146_2b4_AR,ICBHI_146,1,ICBHI,AKGC417L,0.967100958652035,0
ICBHI_146_2b4_AR_004,ICBHI_146_2b4_AR,ICBHI_146,1,ICBHI,AKGC417L,0.9734434290045008,0
ICBHI_146_2b4_AR_005,ICBHI_146_2b4_AR,ICBHI_146,1,ICBHI,AKGC417L,0.9842154389261902,0
ICBHI_146_2b4_AR_006,ICBHI_146_2b4_AR,ICBHI_146,1,ICBHI,AKGC417L,0.9604354448677628,0
ICBHI_146_2b4_LL_000,ICBHI_146_2b4_LL,ICBHI_146,1,ICBHI,AKGC417L,0.9768023732674584,0
ICBHI_146_2b4_LL_001,ICBHI_146_2b4_LL,ICBHI_146,1,ICBHI,AKGC417L,0.9635062337709722,0
ICBHI_146_2b4_LL_002,ICBHI_146_2b4_LL,ICBHI_146,1,ICBHI,AKGC417L,0.9611709788142287,0
ICBHI_146_2b4_LL_003,ICBHI_146_2b4_LL,ICBHI_146,1,ICBHI,AKGC417L,0.9637117023352416,0
ICBHI_146_2b4_LL_004,ICBHI_146_2b4_LL,ICBHI_146,1,ICBHI,AKGC417L,0.9686788827792144,0
ICBHI_146_2b4_LL_005,ICBHI_146_2b4_LL,ICBHI_146,1,ICBHI,AKGC417L,0.9651191130633208,0
ICBHI_146_2b4_LL_006,ICBHI_146_2b4_LL,ICBHI_146,1,ICBHI,AKGC417L,0.9613165029135924,0
ICBHI_146_2b4_LR_000,ICBHI_146_2b4_LR,ICBHI_146,1,ICBHI,AKGC417L,0.9858276338086984,0
ICBHI_146_2b4_LR_001,ICBHI_146_2b4_LR,ICBHI_146,1,ICBHI,AKGC417L,0.9835338249524974,0
ICBHI_146_2b4_LR_002,ICBHI_146_2b4_LR,ICBHI_146,1,ICBHI,AKGC417L,0.9873750507184356,0
ICBHI_146_2b4_LR_003,ICBHI_146_2b4_LR,ICBHI_146,1,ICBHI,AKGC417L,0.9811307454626658,0
ICBHI_146_2b4_LR_004,ICBHI_146_2b4_LR,ICBHI_146,1,ICBHI,AKGC417L,0.9782604045723282,0
ICBHI_146_2b4_LR_005,ICBHI_146_2b4_LR,ICBHI_146,1,ICBHI,AKGC417L,0.9803938171085806,0
ICBHI_146_2b4_LR_006,ICBHI_146_2b4_LR,ICBHI_146,1,ICBHI,AKGC417L,0.9851003567309808,0
ICBHI_146_2b4_PR_000,ICBHI_146_2b4_PR,ICBHI_146,1,ICBHI,AKGC417L,0.9827572224423472,0
ICBHI_146_2b4_PR_001,ICBHI_146_2b4_PR,ICBHI_146,1,ICBHI,AKGC417L,0.9819100047950068,0
ICBHI_146_2b4_PR_002,ICBHI_146_2b4_PR,ICBHI_146,1,ICBHI,AKGC417L,0.975946447105574,0
ICBHI_146_2b4_PR_003,ICBHI_146_2b4_PR,ICBHI_146,1,ICBHI,AKGC417L,0.9873262643069668,0
ICBHI_146_2b4_PR_004,ICBHI_146_2b4_PR,ICBHI_146,1,ICBHI,AKGC417L,0.9898303422461272,0
ICBHI_146_2b4_PR_005,ICBHI_146_2b4_PR,ICBHI_146,1,ICBHI,AKGC417L,0.9865198970247336,0
ICBHI_146_2b4_PR_006,ICBHI_146_2b4_PR,ICBHI_146,1,ICBHI,AKGC417L,0.9793540692607816,0
ICBHI_146_8p3_AL_000,ICBHI_146_8p3_AL,ICBHI_146,1,ICBHI,AKGC417L,0.9874236517231209,0
ICBHI_146_8p3_AL_001,ICBHI_146_8p3_AL,ICBHI_146,1,ICBHI,AKGC417L,0.9897513980768414,0
ICBHI_146_8p3_AL_002,ICBHI_146_8p3_AL,ICBHI_146,1,ICBHI,AKGC417L,0.985882106574795,0
ICBHI_146_8p3_AL_003,ICBHI_146_8p3_AL,ICBHI_146,1,ICBHI,AKGC417L,0.9845160126963748,0
ICBHI_146_8p3_AL_004,ICBHI_146_8p3_AL,ICBHI_146,1,ICBHI,AKGC417L,0.9822877012965884,0
ICBHI_146_8p3_AL_005,ICBHI_146_8p3_AL,ICBHI_146,1,ICBHI,AKGC417L,0.9804687614573544,0
ICBHI_146_8p3_AL_006,ICBHI_146_8p3_AL,ICBHI_146,1,ICBHI,AKGC417L,0.9930423911926236,0
ICBHI_146_8p3_AR_000,ICBHI_146_8p3_AR,ICBHI_146,1,ICBHI,AKGC417L,0.9884918509356968,0
ICBHI_146_8p3_AR_001,ICBHI_146_8p3_AR,ICBHI_146,1,ICBHI,AKGC417L,0.9889278398167658,0
ICBHI_146_8p3_AR_002,ICBHI_146_8p3_AR,ICBHI_146,1,ICBHI,AKGC417L,0.989908684514805,0
ICBHI_146_8p3_AR_003,ICBHI_146_8p3_AR,ICBHI_146,1,ICBHI,AKGC417L,0.9897513980768414,0
ICBHI_146_8p3_AR_004,ICBHI_146_8p3_AR,ICBHI_146,1,ICBHI,AKGC417L,0.9874236517231209,0
ICBHI_146_8p3_AR_005,ICBHI_146_8p3_AR,ICBHI_146,1,ICBHI,AKGC417L,0.9891396689867225,0
ICBHI_146_8p3_AR_006,ICBHI_146_8p3_AR,ICBHI_146,1,ICBHI,AKGC417L,0.9849852519941804,0
ICBHI_146_8p3_LR_000,ICBHI_146_8p3_LR,ICBHI_146,1,ICBHI,AKGC417L,0.9616780264794544,0
ICBHI_146_8p3_LR_001,ICBHI_146_8p3_LR,ICBHI_146,1,ICBHI,AKGC417L,0.9680204398748076,0
ICBHI_146_8p3_LR_002,ICBHI_146_8p3_LR,ICBHI_146,1,ICBHI,AKGC417L,0.9582261192116938,0
ICBHI_146_8p3_LR_003,ICBHI_146_8p3_LR,ICBHI_146,1,ICBHI,AKGC417L,0.9559813501370537,0
ICBHI_146_8p3_LR_004,ICBHI_146_8p3_LR,ICBHI_146,1,ICBHI,AKGC417L,0.9508692112458992,0
ICBHI_146_8p3_LR_005,ICBHI_146_8p3_LR,ICBHI_146,1,ICBHI,AKGC417L,0.9567959640765576,0
ICBHI_146_8p3_LR_006,ICBHI_146_8p3_LR,ICBHI_146,1,ICBHI,AKGC417L,0.964589269923676,0
ICBHI_146_8p3_PL_000,ICBHI_146_8p3_PL,ICBHI_146,1,ICBHI,AKGC417L,0.969785412932606,0
ICBHI_146_8p3_PL_001,ICBHI_146_8p3_PL,ICBHI_146,1,ICBHI,AKGC417L,0.9687380865831756,0
ICBHI_146_8p3_PL_002,ICBHI_146_8p3_PL,ICBHI_146,1,ICBHI,AKGC417L,0.9683812327313543,0
ICBHI_146_8p3_PL_003,ICBHI_146_8p3_PL,ICBHI_146,1,ICBHI,AKGC417L,0.9727273312024342,0
ICBHI_146_8p3_PL_004,ICBHI_146_8p3_PL,ICBHI_146,1,ICBHI,AKGC417L,0.9730365001376664,0
ICBHI_146_8p3_PL_005,ICBHI_146_8p3_PL,ICBHI_146,1,ICBHI,AKGC417L,0.9666631758572982,0
ICBHI_146_8p3_PL_006,ICBHI_146_8p3_PL,ICBHI_146,1,ICBHI,AKGC417L,0.9666001780666844,0
ICBHI_146_8p3_PR_000,ICBHI_146_8p3_PR,ICBHI_146,1,ICBHI,AKGC417L,0.982423116732664,0
ICBHI_146_8p3_PR_001,ICBHI_146_8p3_PR,ICBHI_146,1,ICBHI,AKGC417L,0.9835338249524974,0
ICBHI_146_8p3_PR_002,ICBHI_146_8p3_PR,ICBHI_146,1,ICBHI,AKGC417L,0.9871292507842532,0
ICBHI_146_8p3_PR_003,ICBHI_146_8p3_PR,ICBHI_146,1,ICBHI,AKGC417L,0.9872772918000768,0
ICBHI_146_8p3_PR_004,ICBHI_146_8p3_PR,ICBHI_146,1,ICBHI,AKGC417L,0.9862046355788148,0
ICBHI_146_8p3_PR_005,ICBHI_146_8p3_PR,ICBHI_146,1,ICBHI,AKGC417L,0.9884026381763672,0
ICBHI_146_8p3_PR_006,ICBHI_146_8p3_PR,ICBHI_146,1,ICBHI,AKGC417L,0.98905542259902,0
ICBHI_154_1b3_AL_000,ICBHI_154_1b3_AL,ICBHI_154,1,ICBHI,AKGC417L,0.9788748081040518,0
ICBHI_154_1b3_AL_001,ICBHI_154_1b3_AL,ICBHI_154,1,ICBHI,AKGC417L,0.9771538025943493,0
ICBHI_154_1b3_AL_002,ICBHI_154_1b3_AL,ICBHI_154,1,ICBHI,AKGC417L,0.9571978541000364,0
ICBHI_154_1b3_AL_003,ICBHI_154_1b3_AL,ICBHI_154,1,ICBHI,AKGC417L,0.9631612965532385,0
ICBHI_154_1b3_AL_004,ICBHI_154_1b3_AL,ICBHI_154,1,ICBHI,AKGC417L,0.923592316649553,0
ICBHI_154_1b3_AL_005,ICBHI_154_1b3_AL,ICBHI_154,1,ICBHI,AKGC417L,0.9181872878284922,0
ICBHI_154_1b3_AL_006,ICBHI_154_1b3_AL,ICBHI_154,1,ICBHI,AKGC417L,0.9775000306229962,0
ICBHI_154_1b3_AR_000,ICBHI_154_1b3_AR,ICBHI_154,1,ICBHI,AKGC417L,0.9984572676379068,0
ICBHI_154_1b3_AR_001,ICBHI_154_1b3_AR,ICBHI_154,1,ICBHI,AKGC417L,0.9978342328009971,0
ICBHI_154_1b3_AR_002,ICBHI_154_1b3_AR,ICBHI_154,1,ICBHI,AKGC417L,0.9989012689270752,0
ICBHI_154_1b3_AR_003,ICBHI_154_1b3_AR,ICBHI_154,1,ICBHI,AKGC417L,0.998930873638171,0
ICBHI_154_1b3_AR_004,ICBHI_154_1b3_AR,ICBHI_154,1,ICBHI,AKGC417L,0.9987792047532856,0
ICBHI_154_1b3_AR_005,ICBHI_154_1b3_AR,ICBHI_154,1,ICBHI,AKGC417L,0.9985046615466896,0
ICBHI_154_1b3_AR_006,ICBHI_154_1b3_AR,ICBHI_154,1,ICBHI,AKGC417L,0.998175617214723,0
ICBHI_154_1b3_LL_000,ICBHI_154_1b3_LL,ICBHI_154,1,ICBHI,AKGC417L,0.9860442896017269,0
ICBHI_154_1b3_LL_001,ICBHI_154_1b3_LL,ICBHI_154,1,ICBHI,AKGC417L,0.983596967483837,0
ICBHI_154_1b3_LL_002,ICBHI_154_1b3_LL,ICBHI_154,1,ICBHI,AKGC417L,0.9875203002546722,0
ICBHI_154_1b3_LL_003,ICBHI_154_1b3_LL,ICBHI_154,1,ICBHI,AKGC417L,0.9884918509356968,0
ICBHI_154_1b3_LL_004,ICBHI_154_1b3_LL,ICBHI_154,1,ICBHI,AKGC417L,0.9793540692607816,0
ICBHI_154_1b3_LL_005,ICBHI_154_1b3_LL,ICBHI_154,1,ICBHI,AKGC417L,0.9796287059913455,0
ICBHI_154_1b3_LL_006,ICBHI_154_1b3_LL,ICBHI_154,1,ICBHI,AKGC417L,0.983342959990771,0
ICBHI_154_1b3_LR_000,ICBHI_154_1b3_LR,ICBHI_154,1,ICBHI,AKGC417L,0.978093633973752,0
ICBHI_154_1b3_LR_001,ICBHI_154_1b3_LR,ICBHI_154,1,ICBHI,AKGC417L,0.9866233967726228,0
ICBHI_154_1b3_LR_002,ICBHI_154_1b3_LR,ICBHI_154,1,ICBHI,AKGC417L,0.974773174620712,0
ICBHI_154_1b3_LR_003,ICBHI_154_1b3_LR,ICBHI_154,1,ICBHI,AKGC417L,0.9596109312691484,0
ICBHI_154_1b3_LR_004,ICBHI_154_1b3_LR,ICBHI_154,1,ICBHI,AKGC417L,0.9829546827465642,0
ICBHI_154_1b3_LR_005,ICBHI_154_1b3_LR,ICBHI_154,1,ICBHI,AKGC417L,0.9934102283369194,0
ICBHI_154_1b3_LR_006,ICBHI_154_1b3_LR,ICBHI_154,1,ICBHI,AKGC417L,0.9936116790902788,0
ICBHI_154_1b3_PL_000,ICBHI_154_1b3_PL,ICBHI_154,1,ICBHI,AKGC417L,0.988755439279336,0
ICBHI_154_1b3_PL_001,ICBHI_154_1b3_PL,ICBHI_154,1,ICBHI,AKGC417L,0.9878996141864552,0
ICBHI_154_1b3_PL_002,ICBHI_154_1b3_PL,ICBHI_154,1,ICBHI,AKGC417L,0.9880389017501904,0
ICBHI_154_1b3_PL_003,ICBHI_154_1b3_PL,ICBHI_154,1,ICBHI,AKGC417L,0.9830850867332734,0
ICBHI_154_1b3_PL_004,ICBHI_154_1b3_PL,ICBHI_154,1,ICBHI,AKGC417L,0.9877587247081928,0
ICBHI_154_1b3_PL_005,ICBHI_154_1b3_PL,ICBHI_154,1,ICBHI,AKGC417L,0.985990433713597,0
ICBHI_154_1b3_PL_006,ICBHI_154_1b3_PL,ICBHI_154,1,ICBHI,AKGC417L,0.9872281325067136,0
ICBHI_154_1b3_PR_000,ICBHI_154_1b3_PR,ICBHI_154,1,ICBHI,AKGC417L,0.9884473296647792,0
ICBHI_154_1b3_PR_001,ICBHI_154_1b3_PR,ICBHI_154,1,ICBHI,AKGC417L,0.9849273716910544,0
ICBHI_154_1b3_PR_002,ICBHI_154_1b3_PR,ICBHI_154,1,ICBHI,AKGC417L,0.9878996141864552,0
ICBHI_154_1b3_PR_003,ICBHI_154_1b3_PR,ICBHI_154,1,ICBHI,AKGC417L,0.9918120900983038,0
ICBHI_154_1b3_PR_004,ICBHI_154_1b3_PR,ICBHI_154,1,ICBHI,AKGC417L,0.9897909456811916,0
ICBHI_154_1b3_PR_005,ICBHI_154_1b3_PR,ICBHI_154,1,ICBHI,AKGC417L,0.9843363512883316,0
ICBHI_154_1b3_PR_006,ICBHI_154_1b3_PR,ICBHI_154,1,ICBHI,AKGC417L,0.9860442896017269,0
ICBHI_154_1b3_TC_000,ICBHI_154_1b3_TC,ICBHI_154,1,ICBHI,AKGC417L,0.984810951192016,0
ICBHI_154_1b3_TC_001,ICBHI_154_1b3_TC,ICBHI_154,1,ICBHI,AKGC417L,0.9813106915732508,0
ICBHI_154_1b3_TC_002,ICBHI_154_1b3_TC,ICBHI_154,1,ICBHI,AKGC417L,0.9780097803027992,0
ICBHI_154_1b3_TC_003,ICBHI_154_1b3_TC,ICBHI_154,1,ICBHI,AKGC417L,0.9791157841059936,0
ICBHI_154_1b3_TC_004,ICBHI_154_1b3_TC,ICBHI_154,1,ICBHI,AKGC417L,0.9841546388118628,0
ICBHI_154_1b3_TC_005,ICBHI_154_1b3_TC,ICBHI_154,1,ICBHI,AKGC417L,0.9837225390872864,0
ICBHI_154_1b3_TC_006,ICBHI_154_1b3_TC,ICBHI_154,1,ICBHI,AKGC417L,0.9812389160218716,0
ICBHI_154_2b4_AL_000,ICBHI_154_2b4_AL,ICBHI_154,1,ICBHI,AKGC417L,0.9895916858989277,0
ICBHI_154_2b4_AL_001,ICBHI_154_2b4_AL,ICBHI_154,1,ICBHI,AKGC417L,0.9861513897844354,0
ICBHI_154_2b4_AL_002,ICBHI_154_2b4_AL,ICBHI_154,1,ICBHI,AKGC417L,0.9695556515673754,0
ICBHI_154_2b4_AL_003,ICBHI_154_2b4_AL,ICBHI_154,1,ICBHI,AKGC417L,0.9878058669624096,0
ICBHI_154_2b4_AL_004,ICBHI_154_2b4_AL,ICBHI_154,1,ICBHI,AKGC417L,0.9853279650847626,0
ICBHI_154_2b4_AL_005,ICBHI_154_2b4_AL,ICBHI_154,1,ICBHI,AKGC417L,0.9808759632491112,0
ICBHI_154_2b4_AL_006,ICBHI_154_2b4_AL,ICBHI_154,1,ICBHI,AKGC417L,0.9830200077626816,0
ICBHI_154_2b4_AR_000,ICBHI_154_2b4_AR,ICBHI_154,1,ICBHI,AKGC417L,0.9795506054513976,0
ICBHI_154_2b4_AR_001,ICBHI_154_2b4_AR,ICBHI_154,1,ICBHI,AKGC417L,0.973794586550466,0
ICBHI_154_2b4_AR_002,ICBHI_154_2b4_AR,ICBHI_154,1,ICBHI,AKGC417L,0.9787126482065488,0
ICBHI_154_2b4_AR_003,ICBHI_154_2b4_AR,ICBHI_154,1,ICBHI,AKGC417L,0.9834704434423458,0
ICBHI_154_2b4_AR_004,ICBHI_154_2b4_AR,ICBHI_154,1,ICBHI,AKGC417L,0.9803938171085806,0
ICBHI_154_2b4_AR_005,ICBHI_154_2b4_AR,ICBHI_154,1,ICBHI,AKGC417L,0.977110159887611,0
ICBHI_154_2b4_AR_006,ICBHI_154_2b4_AR,ICBHI_154,1,ICBHI,AKGC417L,0.9735944821139187,0
ICBHI_154_2b4_LL_000,ICBHI_154_2b4_LL,ICBHI_154,1,ICBHI,AKGC417L,0.9810219632882344,0
ICBHI_154_2b4_LL_001,ICBHI_154_2b4_LL,ICBHI_154,1,ICBHI,AKGC417L,0.9819446650265006,0
ICBHI_154_2b4_LL_002,ICBHI_154_2b4_LL,ICBHI_154,1,ICBHI,AKGC417L,0.9851575827657516,0
ICBHI_154_2b4_LL_003,ICBHI_154_2b4_LL,ICBHI_154,1,ICBHI,AKGC417L,0.9871787857334058,0
ICBHI_154_2b4_LL_004,ICBHI_154_2b4_LL,ICBHI_154,1,ICBHI,AKGC417L,0.9809855660757952,0
ICBHI_154_2b4_LL_005,ICBHI_154_2b4_LL,ICBHI_154,1,ICBHI,AKGC417L,0.9763105287006256,0
ICBHI_154_2b4_LL_006,ICBHI_154_2b4_LL,ICBHI_154,1,ICBHI,AKGC417L,0.9702962496606208,0
ICBHI_154_2b4_LR_000,ICBHI_154_2b4_LR,ICBHI_154,1,ICBHI,AKGC417L,0.9843363512883316,0
ICBHI_154_2b4_LR_001,ICBHI_154_2b4_LR,ICBHI_154,1,ICBHI,AKGC417L,0.9869795098861572,0
ICBHI_154_2b4_LR_002,ICBHI_154_2b4_LR,ICBHI_154,1,ICBHI,AKGC417L,0.9899864293768268,0
ICBHI_154_2b4_LR_003,ICBHI_154_2b4_LR,ICBHI_154,1,ICBHI,AKGC417L,0.991780306938032,0
ICBHI_154_2b4_LR_004,ICBHI_154_2b4_LR,ICBHI_154,1,ICBHI,AKGC417L,0.9830850867332734,0
ICBHI_154_2b4_LR_005,ICBHI_154_2b4_LR,ICBHI_154,1,ICBHI,AKGC417L,0.96036116089903,0
ICBHI_154_2b4_LR_006,ICBHI_154_2b4_LR,ICBHI_154,1,ICBHI,AKGC417L,0.9847524093785004,0
ICBHI_154_2b4_PL_000,ICBHI_154_2b4_PL,ICBHI_154,1,ICBHI,AKGC417L,0.8786270185919375,0
ICBHI_154_2b4_PL_001,ICBHI_154_2b4_PL,ICBHI_154,1,ICBHI,AKGC417L,0.8996515935589441,0
ICBHI_154_2b4_PL_002,ICBHI_154_2b4_PL,ICBHI_154,1,ICBHI,AKGC417L,0.9762653142298868,0
ICBHI_154_2b4_PL_003,ICBHI_154_2b4_PL,ICBHI_154,1,ICBHI,AKGC417L,0.9739436957486152,0
ICBHI_154_2b4_PL_004,ICBHI_154_2b4_PL,ICBHI_154,1,ICBHI,AKGC417L,0.9809125661798574,0
ICBHI_154_2b4_PL_005,ICBHI_154_2b4_PL,ICBHI_154,1,ICBHI,AKGC417L,0.7826624789529376,0
ICBHI_154_2b4_PL_006,ICBHI_154_2b4_PL,ICBHI_154,1,ICBHI,AKGC417L,0.943243103543508,0
ICBHI_154_2b4_PR_000,ICBHI_154_2b4_PR,ICBHI_154,1,ICBHI,AKGC417L,0.9774570340514706,0
ICBHI_154_2b4_PR_001,ICBHI_154_2b4_PR,ICBHI_154,1,ICBHI,AKGC417L,0.9677167410666156,0
ICBHI_154_2b4_PR_002,ICBHI_154_2b4_PR,ICBHI_154,1,ICBHI,AKGC417L,0.9772842436755208,0
ICBHI_154_2b4_PR_003,ICBHI_154_2b4_PR,ICBHI_154,1,ICBHI,AKGC417L,0.9784259335698816,0
ICBHI_154_2b4_PR_004,ICBHI_154_2b4_PR,ICBHI_154,1,ICBHI,AKGC417L,0.9675944825013576,0
ICBHI_154_2b4_PR_005,ICBHI_154_2b4_PR,ICBHI_154,1,ICBHI,AKGC417L,0.9488225055941706,0
ICBHI_154_2b4_PR_006,ICBHI_154_2b4_PR,ICBHI_154,1,ICBHI,AKGC417L,0.9184802440252812,0
ICBHI_154_2b4_TC_000,ICBHI_154_2b4_TC,ICBHI_154,1,ICBHI,AKGC417L,0.9757161305979632,0
ICBHI_154_2b4_TC_001,ICBHI_154_2b4_TC,ICBHI_154,1,ICBHI,AKGC417L,0.968440980829426,0
ICBHI_154_2b4_TC_002,ICBHI_154_2b4_TC,ICBHI_154,1,ICBHI,AKGC417L,0.9666631758572982,0
ICBHI_154_2b4_TC_003,ICBHI_154_2b4_TC,ICBHI_154,1,ICBHI,AKGC417L,0.970576420036356,0
ICBHI_154_2b4_TC_004,ICBHI_154_2b4_TC,ICBHI_154,1,ICBHI,AKGC417L,0.968915048912056,0
ICBHI_154_2b4_TC_005,ICBHI_154_2b4_TC,ICBHI_154,1,ICBHI,AKGC417L,0.9695556515673754,0
ICBHI_154_2b4_TC_006,ICBHI_154_2b4_TC,ICBHI_154,1,ICBHI,AKGC417L,0.9660280028426234,0
ICBHI_154_3b3_AL_000,ICBHI_154_3b3_AL,ICBHI_154,1,ICBHI,AKGC417L,0.9133679324357356,0
ICBHI_154_3b3_AL_001,ICBHI_154_3b3_AL,ICBHI_154,1,ICBHI,AKGC417L,0.9851003567309808,0
ICBHI_154_3b3_AL_002,ICBHI_154_3b3_AL,ICBHI_154,1,ICBHI,AKGC417L,0.988357775835334,0
ICBHI_154_3b3_AL_003,ICBHI_154_3b3_AL,ICBHI_154,1,ICBHI,AKGC417L,0.9852145923076094,0
ICBHI_154_3b3_AL_004,ICBHI_154_3b3_AL,ICBHI_154,1,ICBHI,AKGC417L,0.9860442896017269,0
ICBHI_154_3b3_AL_005,ICBHI_154_3b3_AL,ICBHI_154,1,ICBHI,AKGC417L,0.94815453335022,0
ICBHI_154_3b3_AL_006,ICBHI_154_3b3_AL,ICBHI_154,1,ICBHI,AKGC417L,0.8902942261220291,0
ICBHI_154_3b3_AR_000,ICBHI_154_3b3_AR,ICBHI_154,1,ICBHI,AKGC417L,0.980949100414177,0
ICBHI_154_3b3_AR_001,ICBHI_154_3b3_AR,ICBHI_154,1,ICBHI,AKGC417L,0.9831499205521024,0
ICBHI_154_3b3_AR_002,ICBHI_154_3b3_AR,ICBHI_154,1,ICBHI,AKGC417L,0.982423116732664,0
ICBHI_154_3b3_AR_003,ICBHI_154_3b3_AR,ICBHI_154,1,ICBHI,AKGC417L,0.961893381187516,0
ICBHI_154_3b3_AR_004,ICBHI_154_3b3_AR,ICBHI_154,1,ICBHI,AKGC417L,0.978093633973752,0
ICBHI_154_3b3_AR_005,ICBHI_154_3b3_AR,ICBHI_154,1,ICBHI,AKGC417L,0.9752490288267888,0
ICBHI_154_3b3_AR_006,ICBHI_154_3b3_AR,ICBHI_154,1,ICBHI,AKGC417L,0.9667260589136598,0
ICBHI_154_3b3_LL_000,ICBHI_154_3b3_LL,ICBHI_154,1,ICBHI,AKGC417L,0.9765800557141248,0
ICBHI_154_3b3_LL_001,ICBHI_154_3b3_LL,ICBHI_154,1,ICBHI,AKGC417L,0.9764007056485348,0
ICBHI_154_3b3_LL_002,ICBHI_154_3b3_LL,ICBHI_154,1,ICBHI,AKGC417L,0.977542947070584,0
ICBHI_154_3b3_LL_003,ICBHI_154_3b3_LL,ICBHI_154,1,ICBHI,AKGC417L,0.9764456684220548,0
ICBHI_154_3b3_LL_004,ICBHI_154_3b3_LL,ICBHI_154,1,ICBHI,AKGC417L,0.9741903779656884,0
ICBHI_154_3b3_LL_005,ICBHI_154_3b3_LL,ICBHI_154,1,ICBHI,AKGC417L,0.9675944825013576,0
ICBHI_154_3b3_LL_006,ICBHI_154_3b3_LL,ICBHI_154,1,ICBHI,AKGC417L,0.9641193044741588,0
ICBHI_154_4b4_AL_000,ICBHI_154_4b4_AL,ICBHI_154,1,ICBHI,AKGC417L,0.982889110788156,0
ICBHI_154_4b4_AL_001,ICBHI_154_4b4_AL,ICBHI_154,1,ICBHI,AKGC417L,0.9887119261007692,0
ICBHI_154_4b4_AL_002,ICBHI_154_4b4_AL,ICBHI_154,1,ICBHI,AKGC417L,0.9842760094722643,0
ICBHI_154_4b4_AL_003,ICBHI_154_4b4_AL,ICBHI_154,1,ICBHI,AKGC417L,0.977967735887304,0
ICBHI_154_4b4_AL_004,ICBHI_154_4b4_AL,ICBHI_154,1,ICBHI,AKGC417L,0.9849852519941804,0
ICBHI_154_4b4_AL_005,ICBHI_154_4b4_AL,ICBHI_154,1,ICBHI,AKGC417L,0.9867261125456144,0
ICBHI_154_4b4_AL_006,ICBHI_154_4b4_AL,ICBHI_154,1,ICBHI,AKGC417L,0.9841546388118628,0
ICBHI_154_4b4_AR_000,ICBHI_154_4b4_AR,ICBHI_154,1,ICBHI,AKGC417L,0.973894084658676,0
ICBHI_154_4b4_AR_001,ICBHI_154_4b4_AR,ICBHI_154,1,ICBHI,AKGC417L,0.9681411443139596,0
ICBHI_154_4b4_AR_002,ICBHI_154_4b4_AR,ICBHI_154,1,ICBHI,AKGC417L,0.9683812327313543,0
ICBHI_154_4b4_AR_003,ICBHI_154_4b4_AR,ICBHI_154,1,ICBHI,AKGC417L,0.9707987097542188,0
ICBHI_154_4b4_AR_004,ICBHI_154_4b4_AR,ICBHI_154,1,ICBHI,AKGC417L,0.9715639669551474,0
ICBHI_154_4b4_AR_005,ICBHI_154_4b4_AR,ICBHI_154,1,ICBHI,AKGC417L,0.9682614081007772,0
ICBHI_154_4b4_AR_006,ICBHI_154_4b4_AR,ICBHI_154,1,ICBHI,AKGC417L,0.9666001780666844,0
ICBHI_154_4b4_LL_000,ICBHI_154_4b4_LL,ICBHI_154,1,ICBHI,AKGC417L,0.975854577282535,0
ICBHI_154_4b4_LL_001,ICBHI_154_4b4_LL,ICBHI_154,1,ICBHI,AKGC417L,0.9655114724420828,0
ICBHI_154_4b4_LL_002,ICBHI_154_4b4_LL,ICBHI_154,1,ICBHI,AKGC417L,0.962602866405004,0
ICBHI_154_4b4_LL_003,ICBHI_154_4b4_LL,ICBHI_154,1,ICBHI,AKGC417L,0.9616059822423816,0
ICBHI_154_4b4_LL_004,ICBHI_154_4b4_LL,ICBHI_154,1,ICBHI,AKGC417L,0.9612438064128052,0
ICBHI_154_4b4_LL_005,ICBHI_154_4b4_LL,ICBHI_154,1,ICBHI,AKGC417L,0.9616059822423816,0
ICBHI_154_4b4_LL_006,ICBHI_154_4b4_LL,ICBHI_154,1,ICBHI,AKGC417L,0.960657496735742,0
ICBHI_154_4b4_LR_000,ICBHI_154_4b4_LR,ICBHI_154,1,ICBHI,AKGC417L,0.9830200077626816,0
ICBHI_154_4b4_LR_001,ICBHI_154_4b4_LR,ICBHI_154,1,ICBHI,AKGC417L,0.973794586550466,0
ICBHI_154_4b4_LR_002,ICBHI_154_4b4_LR,ICBHI_154,1,ICBHI,AKGC417L,0.9837849698906836,0
ICBHI_154_4b4_LR_003,ICBHI_154_4b4_LR,ICBHI_154,1,ICBHI,AKGC417L,0.9891815513471368,0
ICBHI_154_4b4_LR_004,ICBHI_154_4b4_LR,ICBHI_154,1,ICBHI,AKGC417L,0.9891396689867225,0
ICBHI_154_4b4_LR_005,ICBHI_154_4b4_LR,ICBHI_154,1,ICBHI,AKGC417L,0.9896318433492118,0
ICBHI_154_4b4_LR_006,ICBHI_154_4b4_LR,ICBHI_154,1,ICBHI,AKGC417L,0.9854404813796804,0
ICBHI_154_4b4_PL_000,ICBHI_154_4b4_PL,ICBHI_154,1,ICBHI,AKGC417L,0.9815597909507104,0
ICBHI_154_4b4_PL_001,ICBHI_154_4b4_PL,ICBHI_154,1,ICBHI,AKGC417L,0.9792749380796176,0
ICBHI_154_4b4_PL_002,ICBHI_154_4b4_PL,ICBHI_154,1,ICBHI,AKGC417L,0.9752961303267708,0
ICBHI_154_4b4_PL_003,ICBHI_154_4b4_PL,ICBHI_154,1,ICBHI,AKGC417L,0.9749168590639716,0
ICBHI_154_4b4_PL_004,ICBHI_154_4b4_PL,ICBHI_154,1,ICBHI,AKGC417L,0.9622497251475316,0
ICBHI_154_4b4_PL_005,ICBHI_154_4b4_PL,ICBHI_154,1,ICBHI,AKGC417L,0.962743232064167,0
ICBHI_154_4b4_PL_006,ICBHI_154_4b4_PL,ICBHI_154,1,ICBHI,AKGC417L,0.969670743015721,0
ICBHI_154_4b4_PR_000,ICBHI_154_4b4_PR,ICBHI_154,1,ICBHI,AKGC417L,0.9760836129001416,0
ICBHI_154_4b4_PR_001,ICBHI_154_4b4_PR,ICBHI_154,1,ICBHI,AKGC417L,0.9750122054090996,0
ICBHI_154_4b4_PR_002,ICBHI_154_4b4_PR,ICBHI_154,1,ICBHI,AKGC417L,0.9765800557141248,0
ICBHI_154_4b4_PR_003,ICBHI_154_4b4_PR,ICBHI_154,1,ICBHI,AKGC417L,0.9754836641728089,0
ICBHI_154_4b4_PR_004,ICBHI_154_4b4_PR,ICBHI_154,1,ICBHI,AKGC417L,0.9675944825013576,0
ICBHI_154_4b4_PR_005,ICBHI_154_4b4_PR,ICBHI_154,1,ICBHI,AKGC417L,0.9746286885255978,0
ICBHI_154_4b4_PR_006,ICBHI_154_4b4_PR,ICBHI_154,1,ICBHI,AKGC417L,0.975946447105574,0
ICBHI_158_1b3_AR_000,ICBHI_158_1b3_AR,ICBHI_158,1,ICBHI,LittC2SE,0.8814109034236719,0
ICBHI_158_1b3_AR_001,ICBHI_158_1b3_AR,ICBHI_158,1,ICBHI,LittC2SE,0.974964576461264,0
ICBHI_158_1b3_AR_002,ICBHI_158_1b3_AR,ICBHI_158,1,ICBHI,LittC2SE,0.948058438498774,0
ICBHI_158_1b3_AR_003,ICBHI_158_1b3_AR,ICBHI_158,1,ICBHI,LittC2SE,0.939359448826736,0
ICBHI_158_1b3_AR_004,ICBHI_158_1b3_AR,ICBHI_158,1,ICBHI,LittC2SE,0.9849852519941804,0
ICBHI_158_1b3_AR_005,ICBHI_158_1b3_AR,ICBHI_158,1,ICBHI,LittC2SE,0.991049288563118,0
ICBHI_158_1b3_AR_006,ICBHI_158_1b3_AR,ICBHI_158,1,ICBHI,LittC2SE,0.9858276338086984,0
ICBHI_158_1p2_AL_000,ICBHI_158_1p2_AL,ICBHI_158,1,ICBHI,AKGC417L,0.9493885651109318,0
ICBHI_158_1p2_AL_001,ICBHI_158_1p2_AL,ICBHI_158,1,ICBHI,AKGC417L,0.9027811572378382,0
ICBHI_158_1p2_AL_002,ICBHI_158_1p2_AL,ICBHI_158,1,ICBHI,AKGC417L,0.9792749380796176,0
ICBHI_158_1p2_AL_003,ICBHI_158_1p2_AL,ICBHI_158,1,ICBHI,AKGC417L,0.9716716880201136,0
ICBHI_158_1p2_AL_004,ICBHI_158_1p2_AL,ICBHI_158,1,ICBHI,AKGC417L,0.9484418104757254,0
ICBHI_158_1p2_AL_005,ICBHI_158_1p2_AL,ICBHI_158,1,ICBHI,AKGC417L,0.8716934649427494,0
ICBHI_158_1p2_AL_006,ICBHI_158_1p2_AL,ICBHI_158,1,ICBHI,AKGC417L,0.9008791448995754,0
ICBHI_158_1p2_AR_000,ICBHI_158_1p2_AR,ICBHI_158,1,ICBHI,AKGC417L,0.977110159887611,0
ICBHI_158_1p2_AR_001,ICBHI_158_1p2_AR,ICBHI_158,1,ICBHI,AKGC417L,0.9820826552325288,0
ICBHI_158_1p2_AR_002,ICBHI_158_1p2_AR,ICBHI_158,1,ICBHI,AKGC417L,0.9757623652873698,0
ICBHI_158_1p2_AR_003,ICBHI_158_1p2_AR,ICBHI_158,1,ICBHI,AKGC417L,0.9727790975901732,0
ICBHI_158_1p2_AR_004,ICBHI_158_1p2_AR,ICBHI_158,1,ICBHI,AKGC417L,0.983847165177859,0
ICBHI_158_1p2_AR_005,ICBHI_158_1p2_AR,ICBHI_158,1,ICBHI,AKGC417L,0.9831499205521024,0
ICBHI_158_1p2_AR_006,ICBHI_158_1p2_AR,ICBHI_158,1,ICBHI,AKGC417L,0.9700134939339984,0
ICBHI_158_1p2_LL_000,ICBHI_158_1p2_LL,ICBHI_158,1,ICBHI,AKGC417L,0.9860442896017269,0
ICBHI_158_1p2_LL_001,ICBHI_158_1p2_LL,ICBHI_158,1,ICBHI,AKGC417L,0.944791312675938,0
ICBHI_158_1p2_LL_002,ICBHI_158_1p2_LL,ICBHI_158,1,ICBHI,AKGC417L,0.9819100047950068,0
ICBHI_158_1p2_LL_003,ICBHI_158_1p2_LL,ICBHI_158,1,ICBHI,AKGC417L,0.9869292152258128,0
ICBHI_158_1p2_LL_004,ICBHI_158_1p2_LL,ICBHI_158,1,ICBHI,AKGC417L,0.9816655479104816,0
ICBHI_158_1p2_LL_005,ICBHI_158_1p2_LL,ICBHI_158,1,ICBHI,AKGC417L,0.9346342130197336,0
ICBHI_158_1p2_LL_006,ICBHI_158_1p2_LL,ICBHI_158,1,ICBHI,AKGC417L,0.9284088005554476,0
ICBHI_158_1p2_LR_000,ICBHI_158_1p2_LR,ICBHI_158,1,ICBHI,AKGC417L,0.9886243997611625,0
ICBHI_158_1p2_LR_001,ICBHI_158_1p2_LR,ICBHI_158,1,ICBHI,AKGC417L,0.9817707096048712,0
ICBHI_158_1p2_LR_002,ICBHI_158_1p2_LR,ICBHI_158,1,ICBHI,AKGC417L,0.9429286027746024,0
ICBHI_158_1p2_LR_003,ICBHI_158_1p2_LR,ICBHI_158,1,ICBHI,AKGC417L,0.9509603749892346,0
ICBHI_158_1p2_LR_004,ICBHI_158_1p2_LR,ICBHI_158,1,ICBHI,AKGC417L,0.8548846370796298,0
ICBHI_158_1p2_LR_005,ICBHI_158_1p2_LR,ICBHI_158,1,ICBHI,AKGC417L,0.9197867491515396,0
ICBHI_158_1p2_LR_006,ICBHI_158_1p2_LR,ICBHI_158,1,ICBHI,AKGC417L,0.922621893697362,0
ICBHI_158_1p2_PL_000,ICBHI_158_1p2_PL,ICBHI_158,1,ICBHI,AKGC417L,0.978631112244824,0
ICBHI_158_1p2_PL_001,ICBHI_158_1p2_PL,ICBHI_158,1,ICBHI,AKGC417L,0.982889110788156,0
ICBHI_158_1p2_PL_002,ICBHI_158_1p2_PL,ICBHI_158,1,ICBHI,AKGC417L,0.9733422603160212,0
ICBHI_158_1p2_PL_003,ICBHI_158_1p2_PL,ICBHI_158,1,ICBHI,AKGC417L,0.9794329046535716,0
ICBHI_158_1p2_PL_004,ICBHI_158_1p2_PL,ICBHI_158,1,ICBHI,AKGC417L,0.9835338249524974,0
ICBHI_158_1p2_PL_005,ICBHI_158_1p2_PL,ICBHI_158,1,ICBHI,AKGC417L,0.9702962496606208,0
ICBHI_158_1p2_PL_006,ICBHI_158_1p2_PL,ICBHI_158,1,ICBHI,AKGC417L,0.9428234058401228,0
ICBHI_158_1p2_PR_000,ICBHI_158_1p2_PR,ICBHI_158,1,ICBHI,AKGC417L,0.9700134939339984,0
ICBHI_158_1p2_PR_001,ICBHI_158_1p2_PR,ICBHI_158,1,ICBHI,AKGC417L,0.9697281305754024,0
ICBHI_158_1p2_PR_002,ICBHI_158_1p2_PR,ICBHI_158,1,ICBHI,AKGC417L,0.9746286885255978,0
ICBHI_158_1p2_PR_003,ICBHI_158_1p2_PR,ICBHI_158,1,ICBHI,AKGC417L,0.9722043774187548,0
ICBHI_158_1p2_PR_004,ICBHI_158_1p2_PR,ICBHI_158,1,ICBHI,AKGC417L,0.980129286039598,0
ICBHI_158_1p2_PR_005,ICBHI_158_1p2_PR,ICBHI_158,1,ICBHI,AKGC417L,0.981979260068153,0
ICBHI_158_1p2_PR_006,ICBHI_158_1p2_PR,ICBHI_158,1,ICBHI,AKGC417L,0.9757161305979632,0
ICBHI_158_1p2_TC_000,ICBHI_158_1p2_TC,ICBHI_158,1,ICBHI,AKGC417L,0.9794329046535716,0
ICBHI_158_1p2_TC_001,ICBHI_158_1p2_TC,ICBHI_158,1,ICBHI,AKGC417L,0.9691494910279632,0
ICBHI_158_1p2_TC_002,ICBHI_158_1p2_TC,ICBHI_158,1,ICBHI,AKGC417L,0.9900635812940538,0
ICBHI_158_1p2_TC_003,ICBHI_158_1p2_TC,ICBHI_158,1,ICBHI,AKGC417L,0.9643214491222696,0
ICBHI_158_1p2_TC_004,ICBHI_158_1p2_TC,ICBHI_158,1,ICBHI,AKGC417L,0.929183798137365,0
ICBHI_158_1p2_TC_005,ICBHI_158_1p2_TC,ICBHI_158,1,ICBHI,AKGC417L,0.959837417123999,0
ICBHI_158_1p2_TC_006,ICBHI_158_1p2_TC,ICBHI_158,1,ICBHI,AKGC417L,0.9691494910279632,0
ICBHI_158_1p3_AL_000,ICBHI_158_1p3_AL,ICBHI_158,1,ICBHI,AKGC417L,0.9671630439727548,0
ICBHI_158_1p3_AL_001,ICBHI_158_1p3_AL,ICBHI_158,1,ICBHI,AKGC417L,0.8130158213214184,0
ICBHI_158_1p3_AL_002,ICBHI_158_1p3_AL,ICBHI_158,1,ICBHI,AKGC417L,0.947185978662759,0
ICBHI_158_1p3_AL_003,ICBHI_158_1p3_AL,ICBHI_158,1,ICBHI,AKGC417L,0.9923933278354768,0
ICBHI_158_1p3_AL_004,ICBHI_158_1p3_AL,ICBHI_158,1,ICBHI,AKGC417L,0.9886682464686384,0
ICBHI_158_1p3_AL_005,ICBHI_158_1p3_AL,ICBHI_158,1,ICBHI,AKGC417L,0.9878058669624096,0
ICBHI_158_1p3_AL_006,ICBHI_158_1p3_AL,ICBHI_158,1,ICBHI,AKGC417L,0.9907677855954636,0
ICBHI_158_1p3_AR_000,ICBHI_158_1p3_AR,ICBHI_158,1,ICBHI,AKGC417L,0.9616059822423816,0
ICBHI_158_1p3_AR_001,ICBHI_158_1p3_AR,ICBHI_158,1,ICBHI,AKGC417L,0.9622497251475316,0
ICBHI_158_1p3_AR_002,ICBHI_158_1p3_AR,ICBHI_158,1,ICBHI,AKGC417L,0.9851575827657516,0
ICBHI_158_1p3_AR_003,ICBHI_158_1p3_AR,ICBHI_158,1,ICBHI,AKGC417L,0.9830850867332734,0
ICBHI_158_1p3_AR_004,ICBHI_158_1p3_AR,ICBHI_158,1,ICBHI,AKGC417L,0.9837225390872864,0
ICBHI_158_1p3_AR_005,ICBHI_158_1p3_AR,ICBHI_158,1,ICBHI,AKGC417L,0.9863105223037256,0
ICBHI_158_1p3_AR_006,ICBHI_158_1p3_AR,ICBHI_158,1,ICBHI,AKGC417L,0.9702962496606208,0
ICBHI_158_1p3_LL_000,ICBHI_158_1p3_LL,ICBHI_158,1,ICBHI,AKGC417L,0.9396923600249308,0
ICBHI_158_1p3_LL_001,ICBHI_158_1p3_LL,ICBHI_158,1,ICBHI,AKGC417L,0.7708100121686987,0
ICBHI_158_1p3_LL_002,ICBHI_158_1p3_LL,ICBHI_158,1,ICBHI,AKGC417L,0.9814534354878828,0
ICBHI_158_1p3_LL_003,ICBHI_158_1p3_LL,ICBHI_158,1,ICBHI,AKGC417L,0.9658995742876884,0
ICBHI_158_1p3_LL_004,ICBHI_158_1p3_LL,ICBHI_158,1,ICBHI,AKGC417L,0.9589241107536092,0
ICBHI_158_1p3_LL_005,ICBHI_158_1p3_LL,ICBHI_158,1,ICBHI,AKGC417L,0.9897513980768414,0
ICBHI_158_1p3_LL_006,ICBHI_158_1p3_LL,ICBHI_158,1,ICBHI,AKGC417L,0.992481281938568,0
ICBHI_158_1p3_LR_000,ICBHI_158_1p3_LR,ICBHI_158,1,ICBHI,AKGC417L,0.9699566305886772,0
ICBHI_158_1p3_LR_001,ICBHI_158_1p3_LR,ICBHI_158,1,ICBHI,AKGC417L,0.9233161978167048,0
ICBHI_158_1p3_LR_002,ICBHI_158_1p3_LR,ICBHI_158,1,ICBHI,AKGC417L,0.93096207182521,0
ICBHI_158_1p3_LR_003,ICBHI_158_1p3_LR,ICBHI_158,1,ICBHI,AKGC417L,0.9322068610768112,0
ICBHI_158_1p3_LR_004,ICBHI_158_1p3_LR,ICBHI_158,1,ICBHI,AKGC417L,0.9342753327035104,0
ICBHI_158_1p3_LR_005,ICBHI_158_1p3_LR,ICBHI_158,1,ICBHI,AKGC417L,0.9534487247878658,0
ICBHI_158_1p3_LR_006,ICBHI_158_1p3_LR,ICBHI_158,1,ICBHI,AKGC417L,0.9683213752172553,0
ICBHI_158_1p3_PL_000,ICBHI_158_1p3_PL,ICBHI_158,1,ICBHI,AKGC417L,0.940898453289248,0
ICBHI_158_1p3_PL_001,ICBHI_158_1p3_PL,ICBHI_158,1,ICBHI,AKGC417L,0.9435559749515046,0
ICBHI_158_1p3_PL_002,ICBHI_158_1p3_PL,ICBHI_158,1,ICBHI,AKGC417L,0.9780517462851324,0
ICBHI_158_1p3_PL_003,ICBHI_158_1p3_PL,ICBHI_158,1,ICBHI,AKGC417L,0.9760836129001416,0
ICBHI_158_1p3_PL_004,ICBHI_158_1p3_PL,ICBHI_158,1,ICBHI,AKGC417L,0.9774139572136528,0
ICBHI_158_1p3_PL_005,ICBHI_158_1p3_PL,ICBHI_158,1,ICBHI,AKGC417L,0.9784259335698816,0
ICBHI_158_1p3_PL_006,ICBHI_158_1p3_PL,ICBHI_158,1,ICBHI,AKGC417L,0.9775000306229962,0
ICBHI_158_1p3_PR_000,ICBHI_158_1p3_PR,ICBHI_158,1,ICBHI,AKGC417L,0.9605836125678284,0
ICBHI_158_1p3_PR_001,ICBHI_158_1p3_PR,ICBHI_158,1,ICBHI,AKGC417L,0.9628830911922404,0
ICBHI_158_1p3_PR_002,ICBHI_158_1p3_PR,ICBHI_158,1,ICBHI,AKGC417L,0.9862046355788148,0
ICBHI_158_1p3_PR_003,ICBHI_158_1p3_PR,ICBHI_158,1,ICBHI,AKGC417L,0.982423116732664,0
ICBHI_158_1p3_PR_004,ICBHI_158_1p3_PR,ICBHI_158,1,ICBHI,AKGC417L,0.9720986237904434,0
ICBHI_158_1p3_PR_005,ICBHI_158_1p3_PR,ICBHI_158,1,ICBHI,AKGC417L,0.9800148480052566,0
ICBHI_158_1p3_PR_006,ICBHI_158_1p3_PR,ICBHI_158,1,ICBHI,AKGC417L,0.9766246849598732,0
ICBHI_158_1p3_TC_000,ICBHI_158_1p3_TC,ICBHI_158,1,ICBHI,AKGC417L,0.981979260068153,0
ICBHI_158_1p3_TC_001,ICBHI_158_1p3_TC,ICBHI_158,1,ICBHI,AKGC417L,0.8617710334748616,0
ICBHI_158_1p3_TC_002,ICBHI_158_1p3_TC,ICBHI_158,1,ICBHI,AKGC417L,0.9566342012360932,0
ICBHI_158_1p3_TC_003,ICBHI_158_1p3_TC,ICBHI_158,1,ICBHI,AKGC417L,0.9733928914303028,0
ICBHI_158_1p3_TC_004,ICBHI_158_1p3_TC,ICBHI_158,1,ICBHI,AKGC417L,0.961893381187516,0
ICBHI_158_1p3_TC_005,ICBHI_158_1p3_TC,ICBHI_158,1,ICBHI,AKGC417L,0.9724670607386878,0
ICBHI_158_1p3_TC_006,ICBHI_158_1p3_TC,ICBHI_158,1,ICBHI,AKGC417L,0.9742394408803317,0
ICBHI_158_1p4_AL_000,ICBHI_158_1p4_AL,ICBHI_158,1,ICBHI,AKGC417L,0.9059898203834276,0
ICBHI_158_1p4_AL_001,ICBHI_158_1p4_AL,ICBHI_158,1,ICBHI,AKGC417L,0.896975571673783,0
ICBHI_158_1p4_AL_002,ICBHI_158_1p4_AL,ICBHI_158,1,ICBHI,AKGC417L,0.9234543714164196,0
ICBHI_158_1p4_AL_003,ICBHI_158_1p4_AL,ICBHI_158,1,ICBHI,AKGC417L,0.9269676128492204,0
ICBHI_158_1p4_AL_004,ICBHI_158_1p4_AL,ICBHI_158,1,ICBHI,AKGC417L,0.9395815801038564,0
ICBHI_158_1p4_AL_005,ICBHI_158_1p4_AL,ICBHI_158,1,ICBHI,AKGC417L,0.983596967483837,0
ICBHI_158_1p4_AL_006,ICBHI_158_1p4_AL,ICBHI_158,1,ICBHI,AKGC417L,0.9773707999669629,0
ICBHI_158_1p4_AR_000,ICBHI_158_1p4_AR,ICBHI_158,1,ICBHI,AKGC417L,0.9633686333603796,0
ICBHI_158_1p4_AR_001,ICBHI_158_1p4_AR,ICBHI_158,1,ICBHI,AKGC417L,0.8921873600393251,0
ICBHI_158_1p4_AR_002,ICBHI_158_1p4_AR,ICBHI_158,1,ICBHI,AKGC417L,0.8646536750380953,0
ICBHI_158_1p4_AR_003,ICBHI_158_1p4_AR,ICBHI_158,1,ICBHI,AKGC417L,0.9842760094722643,0
ICBHI_158_1p4_AR_004,ICBHI_158_1p4_AR,ICBHI_158,1,ICBHI,AKGC417L,0.9868280501184434,0
ICBHI_158_1p4_AR_005,ICBHI_158_1p4_AR,ICBHI_158,1,ICBHI,AKGC417L,0.9872772918000768,0
ICBHI_158_1p4_AR_006,ICBHI_158_1p4_AR,ICBHI_158,1,ICBHI,AKGC417L,0.9882221573114804,0
ICBHI_158_1p4_LR_000,ICBHI_158_1p4_LR,ICBHI_158,1,ICBHI,AKGC417L,0.9706321458187712,0
ICBHI_158_1p4_LR_001,ICBHI_158_1p4_LR,ICBHI_158,1,ICBHI,AKGC417L,0.9314625069680096,0
ICBHI_158_1p4_LR_002,ICBHI_158_1p4_LR,ICBHI_158,1,ICBHI,AKGC417L,0.8810019911062638,0
ICBHI_158_1p4_LR_003,ICBHI_158_1p4_LR,ICBHI_158,1,ICBHI,AKGC417L,0.9312127108687196,0
ICBHI_158_1p4_LR_004,ICBHI_158_1p4_LR,ICBHI_158,1,ICBHI,AKGC417L,0.9693822208597556,0
ICBHI_158_1p4_LR_005,ICBHI_158_1p4_LR,ICBHI_158,1,ICBHI,AKGC417L,0.9287972729281414,0
ICBHI_158_1p4_LR_006,ICBHI_158_1p4_LR,ICBHI_158,1,ICBHI,AKGC417L,0.9074763422184106,0
ICBHI_158_1p4_PL_000,ICBHI_158_1p4_PL,ICBHI_158,1,ICBHI,AKGC417L,0.9388007742267246,0
ICBHI_158_1p4_PL_001,ICBHI_158_1p4_PL,ICBHI_158,1,ICBHI,AKGC417L,0.9629528313309248,0
ICBHI_158_1p4_PL_002,ICBHI_158_1p4_PL,ICBHI_158,1,ICBHI,AKGC417L,0.975390071374038,0
ICBHI_158_1p4_PL_003,ICBHI_158_1p4_PL,ICBHI_158,1,ICBHI,AKGC417L,0.975900554890232,0
ICBHI_158_1p4_PL_004,ICBHI_158_1p4_PL,ICBHI_158,1,ICBHI,AKGC417L,0.9793540692607816,0
ICBHI_158_1p4_PL_005,ICBHI_158_1p4_PL,ICBHI_158,1,ICBHI,AKGC417L,0.9815951096107584,0
ICBHI_158_1p4_PL_006,ICBHI_158_1p4_PL,ICBHI_158,1,ICBHI,AKGC417L,0.9772408443444812,0
ICBHI_158_1p4_PR_000,ICBHI_158_1p4_PR,ICBHI_158,1,ICBHI,AKGC417L,0.9574372713515004,0
ICBHI_158_1p4_PR_001,ICBHI_158_1p4_PR,ICBHI_158,1,ICBHI,AKGC417L,0.9621787134186344,0
ICBHI_158_1p4_PR_002,ICBHI_158_1p4_PR,ICBHI_158,1,ICBHI,AKGC417L,0.9749168590639716,0
ICBHI_158_1p4_PR_003,ICBHI_158_1p4_PR,ICBHI_158,1,ICBHI,AKGC417L,0.9737446992106472,0
ICBHI_158_1p4_PR_004,ICBHI_158_1p4_PR,ICBHI_158,1,ICBHI,AKGC417L,0.975946447105574,0
ICBHI_158_1p4_PR_005,ICBHI_158_1p4_PR,ICBHI_158,1,ICBHI,AKGC417L,0.9728307684643188,0
ICBHI_158_1p4_PR_006,ICBHI_158_1p4_PR,ICBHI_158,1,ICBHI,AKGC417L,0.9743372944539102,0
ICBHI_158_1p4_TC_000,ICBHI_158_1p4_TC,ICBHI_158,1,ICBHI,AKGC417L,0.9686195704870232,0
ICBHI_158_1p4_TC_001,ICBHI_158_1p4_TC,ICBHI_158,1,ICBHI,AKGC417L,0.9438672242987702,0
ICBHI_158_1p4_TC_002,ICBHI_158_1p4_TC,ICBHI_158,1,ICBHI,AKGC417L,0.7892336936802291,0
ICBHI_158_1p4_TC_003,ICBHI_158_1p4_TC,ICBHI_158,1,ICBHI,AKGC417L,0.8435087678199463,0
ICBHI_158_1p4_TC_004,ICBHI_158_1p4_TC,ICBHI_158,1,ICBHI,AKGC417L,0.9630224454648544,0
ICBHI_158_1p4_TC_005,ICBHI_158_1p4_TC,ICBHI_158,1,ICBHI,AKGC417L,0.9180404503793634,0
ICBHI_158_1p4_TC_006,ICBHI_158_1p4_TC,ICBHI_158,1,ICBHI,AKGC417L,0.975946447105574,0
ICBHI_158_2p2_AR_000,ICBHI_158_2p2_AR,ICBHI_158,1,ICBHI,AKGC417L,0.9697281305754024,0
ICBHI_158_2p2_AR_001,ICBHI_158_2p2_AR,ICBHI_158,1,ICBHI,AKGC417L,0.9560634664484896,0
ICBHI_158_2p2_AR_002,ICBHI_158_2p2_AR,ICBHI_158,1,ICBHI,AKGC417L,0.9585377272885904,0
ICBHI_158_2p2_AR_003,ICBHI_158_2p2_AR,ICBHI_158,1,ICBHI,AKGC417L,0.944994711706546,0
ICBHI_158_2p2_AR_004,ICBHI_158_2p2_AR,ICBHI_158,1,ICBHI,AKGC417L,0.926569947300106,0
ICBHI_158_2p2_AR_005,ICBHI_158_2p2_AR,ICBHI_158,1,ICBHI,AKGC417L,0.8402589766446108,0
ICBHI_158_2p2_AR_006,ICBHI_158_2p2_AR,ICBHI_158,1,ICBHI,AKGC417L,0.8838389091905732,0
ICBHI_158_2p3_LR_000,ICBHI_158_2p3_LR,ICBHI_158,1,ICBHI,AKGC417L,0.9896318433492118,0
ICBHI_158_2p3_LR_001,ICBHI_158_2p3_LR,ICBHI_158,1,ICBHI,AKGC417L,0.986878728873449,0
ICBHI_158_2p3_LR_002,ICBHI_158_2p3_LR,ICBHI_158,1,ICBHI,AKGC417L,0.983342959990771,0
ICBHI_158_2p3_LR_003,ICBHI_158_2p3_LR,ICBHI_158,1,ICBHI,AKGC417L,0.9764905475924672,0
ICBHI_158_2p3_LR_004,ICBHI_158_2p3_LR,ICBHI_158,1,ICBHI,AKGC417L,0.9890976262707148,0
ICBHI_158_2p3_LR_005,ICBHI_158_2p3_LR,ICBHI_158,1,ICBHI,AKGC417L,0.9237300338193294,0
ICBHI_158_2p3_LR_006,ICBHI_158_2p3_LR,ICBHI_158,1,ICBHI,AKGC417L,0.4765948763959367,0
ICBHI_158_2p3_TC_000,ICBHI_158_2p3_TC,ICBHI_158,1,ICBHI,AKGC417L,0.9771538025943493,0
ICBHI_158_2p3_TC_001,ICBHI_158_2p3_TC,ICBHI_158,1,ICBHI,AKGC417L,0.9888849862785224,0
ICBHI_158_2p3_TC_002,ICBHI_158_2p3_TC,ICBHI_158,1,ICBHI,AKGC417L,0.9819100047950068,0
ICBHI_158_2p3_TC_003,ICBHI_158_2p3_TC,ICBHI_158,1,ICBHI,AKGC417L,0.9881766051636294,0
ICBHI_158_2p3_TC_004,ICBHI_158_2p3_TC,ICBHI_158,1,ICBHI,AKGC417L,0.943243103543508,0
ICBHI_158_2p3_TC_005,ICBHI_158_2p3_TC,ICBHI_158,1,ICBHI,AKGC417L,0.9578334587487554,0
ICBHI_158_2p3_TC_006,ICBHI_158_2p3_TC,ICBHI_158,1,ICBHI,AKGC417L,0.9772842436755208,0
ICBHI_159_1b1_AL_000,ICBHI_159_1b1_AL,ICBHI_159,0,ICBHI,Meditron,2.265035233314773e-05,0
ICBHI_159_1b1_AL_001,ICBHI_159_1b1_AL,ICBHI_159,0,ICBHI,Meditron,4.575391230849984e-05,0
ICBHI_159_1b1_AL_002,ICBHI_159_1b1_AL,ICBHI_159,0,ICBHI,Meditron,0.0002018442162882,0
ICBHI_159_1b1_AL_003,ICBHI_159_1b1_AL,ICBHI_159,0,ICBHI,Meditron,0.000180935769894,0
ICBHI_159_1b1_AL_004,ICBHI_159_1b1_AL,ICBHI_159,0,ICBHI,Meditron,0.0002531563721509,0
ICBHI_159_1b1_AL_005,ICBHI_159_1b1_AL,ICBHI_159,0,ICBHI,Meditron,0.0007672924128587,0
ICBHI_159_1b1_AL_006,ICBHI_159_1b1_AL,ICBHI_159,0,ICBHI,Meditron,0.0002378220506403,0
ICBHI_159_1b1_AR_000,ICBHI_159_1b1_AR,ICBHI_159,0,ICBHI,Meditron,0.0008072304985619,0
ICBHI_159_1b1_AR_001,ICBHI_159_1b1_AR,ICBHI_159,0,ICBHI,Meditron,0.0157239905277355,0
ICBHI_159_1b1_AR_002,ICBHI_159_1b1_AR,ICBHI_159,0,ICBHI,Meditron,0.0289806297414531,0
ICBHI_159_1b1_AR_003,ICBHI_159_1b1_AR,ICBHI_159,0,ICBHI,Meditron,0.0619894565125555,0
ICBHI_159_1b1_AR_004,ICBHI_159_1b1_AR,ICBHI_159,0,ICBHI,Meditron,0.0076658746886459,0
ICBHI_159_1b1_AR_005,ICBHI_159_1b1_AR,ICBHI_159,0,ICBHI,Meditron,0.0027044293694093,0
ICBHI_159_1b1_AR_006,ICBHI_159_1b1_AR,ICBHI_159,0,ICBHI,Meditron,0.0739633748251807,0
ICBHI_159_1b1_LL_000,ICBHI_159_1b1_LL,ICBHI_159,0,ICBHI,Meditron,0.2112540548295285,0
ICBHI_159_1b1_LL_001,ICBHI_159_1b1_LL,ICBHI_159,0,ICBHI,Meditron,0.6040486237801486,0
ICBHI_159_1b1_LL_002,ICBHI_159_1b1_LL,ICBHI_159,0,ICBHI,Meditron,0.7150261869263117,0
ICBHI_159_1b1_LL_003,ICBHI_159_1b1_LL,ICBHI_159,0,ICBHI,Meditron,0.5458304700088153,0
ICBHI_159_1b1_LL_004,ICBHI_159_1b1_LL,ICBHI_159,0,ICBHI,Meditron,0.5685954820737726,0
ICBHI_159_1b1_LL_005,ICBHI_159_1b1_LL,ICBHI_159,0,ICBHI,Meditron,0.9066531214804244,0
ICBHI_159_1b1_LL_006,ICBHI_159_1b1_LL,ICBHI_159,0,ICBHI,Meditron,0.979861259172271,0
ICBHI_159_1b1_PR_000,ICBHI_159_1b1_PR,ICBHI_159,0,ICBHI,Meditron,0.851829586557013,0
ICBHI_159_1b1_PR_001,ICBHI_159_1b1_PR,ICBHI_159,0,ICBHI,Meditron,0.7411123045411034,0
ICBHI_159_1b1_PR_002,ICBHI_159_1b1_PR,ICBHI_159,0,ICBHI,Meditron,0.7947037955528609,0
ICBHI_159_1b1_PR_003,ICBHI_159_1b1_PR,ICBHI_159,0,ICBHI,Meditron,0.8013146462095748,0
ICBHI_159_1b1_PR_004,ICBHI_159_1b1_PR,ICBHI_159,0,ICBHI,Meditron,0.8836382359770631,0
ICBHI_159_1b1_PR_005,ICBHI_159_1b1_PR,ICBHI_159,0,ICBHI,Meditron,0.8802834600060329,0
ICBHI_159_1b1_PR_006,ICBHI_159_1b1_PR,ICBHI_159,0,ICBHI,Meditron,0.7463239247320766,0
ICBHI_171_1b1_AL_000,ICBHI_171_1b1_AL,ICBHI_171,0,ICBHI,Meditron,0.0024726231566347,0
ICBHI_171_1b1_AL_001,ICBHI_171_1b1_AL,ICBHI_171,0,ICBHI,Meditron,0.2262703171532687,0
ICBHI_171_1b1_AL_002,ICBHI_171_1b1_AL,ICBHI_171,0,ICBHI,Meditron,0.1699562301451876,0
ICBHI_171_1b1_AL_003,ICBHI_171_1b1_AL,ICBHI_171,0,ICBHI,Meditron,0.0414622727114096,0
ICBHI_171_1b1_AL_004,ICBHI_171_1b1_AL,ICBHI_171,0,ICBHI,Meditron,0.0123837846372603,0
ICBHI_171_1b1_AL_005,ICBHI_171_1b1_AL,ICBHI_171,0,ICBHI,Meditron,0.0412300273248065,0
ICBHI_171_1b1_AL_006,ICBHI_171_1b1_AL,ICBHI_171,0,ICBHI,Meditron,0.3956010773043119,0
ICBHI_184_1b1_AR_000,ICBHI_184_1b1_AR,ICBHI_184,0,ICBHI,Meditron,2.97731143841062e-05,0
ICBHI_184_1b1_AR_001,ICBHI_184_1b1_AR,ICBHI_184,0,ICBHI,Meditron,8.682210299865953e-05,0
ICBHI_184_1b1_AR_002,ICBHI_184_1b1_AR,ICBHI_184,0,ICBHI,Meditron,0.0002868540823874,0
ICBHI_184_1b1_AR_003,ICBHI_184_1b1_AR,ICBHI_184,0,ICBHI,Meditron,0.0001088969100265,0
ICBHI_184_1b1_AR_004,ICBHI_184_1b1_AR,ICBHI_184,0,ICBHI,Meditron,7.086326620752597e-05,0
ICBHI_184_1b1_AR_005,ICBHI_184_1b1_AR,ICBHI_184,0,ICBHI,Meditron,0.0069846499171343,0
ICBHI_184_1b1_AR_006,ICBHI_184_1b1_AR,ICBHI_184,0,ICBHI,Meditron,0.0058653383607971,0
ICBHI_185_1b1_AL_000,ICBHI_185_1b1_AL,ICBHI_185,1,ICBHI,Litt3200,0.991186833496954,0
ICBHI_185_1b1_AL_001,ICBHI_185_1b1_AL,ICBHI_185,1,ICBHI,Litt3200,0.9925103751011916,0
ICBHI_185_1b1_AL_002,ICBHI_185_1b1_AL,ICBHI_185,1,ICBHI,Litt3200,0.99058741041239,0
ICBHI_185_1b1_AL_003,ICBHI_185_1b1_AL,ICBHI_185,1,ICBHI,Litt3200,0.9887987866239216,0
ICBHI_185_1b1_AL_004,ICBHI_185_1b1_AL,ICBHI_185,1,ICBHI,Litt3200,0.9778411306440228,0
ICBHI_185_1b1_AL_005,ICBHI_185_1b1_AL,ICBHI_185,1,ICBHI,Litt3200,0.9818752792555312,0
ICBHI_185_1b1_AR_000,ICBHI_185_1b1_AR,ICBHI_185,1,ICBHI,Litt3200,0.9888849862785224,0
ICBHI_185_1b1_AR_001,ICBHI_185_1b1_AR,ICBHI_185,1,ICBHI,Litt3200,0.9886682464686384,0
ICBHI_185_1b1_AR_002,ICBHI_185_1b1_AR,ICBHI_185,1,ICBHI,Litt3200,0.9839708526340988,0
ICBHI_185_1b1_AR_003,ICBHI_185_1b1_AR,ICBHI_185,1,ICBHI,Litt3200,0.9682013311953048,0
ICBHI_185_1b1_AR_004,ICBHI_185_1b1_AR,ICBHI_185,1,ICBHI,Litt3200,0.9889705299774982,0
ICBHI_185_1b1_AR_005,ICBHI_185_1b1_AR,ICBHI_185,1,ICBHI,Litt3200,0.9920927084953716,0
ICBHI_185_1b1_AR_006,ICBHI_185_1b1_AR,ICBHI_185,1,ICBHI,Litt3200,0.99058741041239,0
ICBHI_185_1b1_AR_007,ICBHI_185_1b1_AR,ICBHI_185,1,ICBHI,Litt3200,0.9898303422461272,0
ICBHI_185_1b1_LL_000,ICBHI_185_1b1_LL,ICBHI_185,1,ICBHI,Litt3200,0.9921841112107114,0
ICBHI_185_1b1_LL_001,ICBHI_185_1b1_LL,ICBHI_185,1,ICBHI,Litt3200,0.990403545267618,0
ICBHI_185_1b1_LL_002,ICBHI_185_1b1_LL,ICBHI_185,1,ICBHI,Litt3200,0.9853279650847626,0
ICBHI_185_1b1_LL_003,ICBHI_185_1b1_LL,ICBHI_185,1,ICBHI,Litt3200,0.9836598719063984,0
ICBHI_185_1b1_LL_004,ICBHI_185_1b1_LL,ICBHI_185,1,ICBHI,Litt3200,0.970576420036356,0
ICBHI_185_1b1_LL_005,ICBHI_185_1b1_LL,ICBHI_185,1,ICBHI,Litt3200,0.9771538025943493,0
ICBHI_185_1b1_LR_000,ICBHI_185_1b1_LR,ICBHI_185,1,ICBHI,Litt3200,0.982889110788156,0
ICBHI_185_1b1_LR_001,ICBHI_185_1b1_LR,ICBHI_185,1,ICBHI,Litt3200,0.9923637835053328,0
ICBHI_185_1b1_LR_002,ICBHI_185_1b1_LR,ICBHI_185,1,ICBHI,Litt3200,0.9911526449170696,0
ICBHI_185_1b1_LR_003,ICBHI_185_1b1_LR,ICBHI_185,1,ICBHI,Litt3200,0.9892648373909092,0
ICBHI_185_1b1_LR_004,ICBHI_185_1b1_LR,ICBHI_185,1,ICBHI,Litt3200,0.9893474891602738,0
ICBHI_185_1b1_LR_005,ICBHI_185_1b1_LR,ICBHI_185,1,ICBHI,Litt3200,0.9930153500828656,0
ICBHI_185_1b1_PL_000,ICBHI_185_1b1_PL,ICBHI_185,1,ICBHI,Litt3200,0.9908743626108194,0
ICBHI_185_1b1_PL_001,ICBHI_185_1b1_PL,ICBHI_185,1,ICBHI,Litt3200,0.9912548183179648,0
ICBHI_185_1b1_PL_002,ICBHI_185_1b1_PL,ICBHI_185,1,ICBHI,Litt3200,0.9905509186809448,0
ICBHI_185_1b1_PL_003,ICBHI_185_1b1_PL,ICBHI_185,1,ICBHI,Litt3200,0.9925103751011916,0
ICBHI_185_1b1_PL_004,ICBHI_185_1b1_PL,ICBHI_185,1,ICBHI,Litt3200,0.992334125311354,0
ICBHI_185_1b1_PL_005,ICBHI_185_1b1_PL,ICBHI_185,1,ICBHI,Litt3200,0.9921537607074792,0
ICBHI_185_1b1_PR_000,ICBHI_185_1b1_PR,ICBHI_185,1,ICBHI,Litt3200,0.988841968751916,0
ICBHI_185_1b1_PR_001,ICBHI_185_1b1_PR,ICBHI_185,1,ICBHI,Litt3200,0.9878528299001949,0
ICBHI_185_1b1_PR_002,ICBHI_185_1b1_PR,ICBHI_185,1,ICBHI,Litt3200,0.988536202622004,0
ICBHI_185_1b1_PR_003,ICBHI_185_1b1_PR,ICBHI_185,1,ICBHI,Litt3200,0.9922444632191524,0
ICBHI_185_1b1_PR_004,ICBHI_185_1b1_PR,ICBHI_185,1,ICBHI,Litt3200,0.9897513980768414,0
ICBHI_185_1b1_PR_005,ICBHI_185_1b1_PR,ICBHI_185,1,ICBHI,Litt3200,0.9849852519941804,0
ICBHI_185_1b1_PR_006,ICBHI_185_1b1_PR,ICBHI_185,1,ICBHI,Litt3200,0.986415607486941,0
ICBHI_185_1b1_PR_007,ICBHI_185_1b1_PR,ICBHI_185,1,ICBHI,Litt3200,0.9925103751011916,0
ICBHI_203_1p2_AL_000,ICBHI_203_1p2_AL,ICBHI_203,1,ICBHI,AKGC417L,0.9836598719063984,0
ICBHI_203_1p2_AL_001,ICBHI_203_1p2_AL,ICBHI_203,1,ICBHI,AKGC417L,0.9913222832950108,0
ICBHI_203_1p2_AL_002,ICBHI_203_1p2_AL,ICBHI_203,1,ICBHI,AKGC417L,0.979393523864564,0
ICBHI_203_1p2_AL_003,ICBHI_203_1p2_AL,ICBHI_203,1,ICBHI,AKGC417L,0.9728307684643188,0
ICBHI_203_1p2_AL_004,ICBHI_203_1p2_AL,ICBHI_203,1,ICBHI,AKGC417L,0.8770562019377661,0
ICBHI_203_1p2_AL_005,ICBHI_203_1p2_AL,ICBHI_203,1,ICBHI,AKGC417L,0.8703770745957927,0
ICBHI_203_1p2_AL_006,ICBHI_203_1p2_AL,ICBHI_203,1,ICBHI,AKGC417L,0.9633686333603796,0
ICBHI_203_1p2_AR_000,ICBHI_203_1p2_AR,ICBHI_203,1,ICBHI,AKGC417L,0.9578334587487554,0
ICBHI_203_1p2_AR_001,ICBHI_203_1p2_AR,ICBHI_203,1,ICBHI,AKGC417L,0.921640191475818,0
ICBHI_203_1p2_AR_002,ICBHI_203_1p2_AR,ICBHI_203,1,ICBHI,AKGC417L,0.9461008455487896,0
ICBHI_203_1p2_AR_003,ICBHI_203_1p2_AR,ICBHI_203,1,ICBHI,AKGC417L,0.9687380865831756,0
ICBHI_203_1p2_AR_004,ICBHI_203_1p2_AR,ICBHI_203,1,ICBHI,AKGC417L,0.8065480596743698,0
ICBHI_203_1p2_AR_005,ICBHI_203_1p2_AR,ICBHI_203,1,ICBHI,AKGC417L,0.8944211564084097,0
ICBHI_203_1p2_AR_006,ICBHI_203_1p2_AR,ICBHI_203,1,ICBHI,AKGC417L,0.975900554890232,0
ICBHI_203_1p2_LR_000,ICBHI_203_1p2_LR,ICBHI_203,1,ICBHI,AKGC417L,0.976535343307368,0
ICBHI_203_1p2_LR_001,ICBHI_203_1p2_LR,ICBHI_203,1,ICBHI,AKGC417L,0.9632305339244012,0
ICBHI_203_1p2_LR_002,ICBHI_203_1p2_LR,ICBHI_203,1,ICBHI,AKGC417L,0.968797182083676,0
ICBHI_203_1p2_LR_003,ICBHI_203_1p2_LR,ICBHI_203,1,ICBHI,AKGC417L,0.9760379759604948,0
ICBHI_203_1p2_LR_004,ICBHI_203_1p2_LR,ICBHI_203,1,ICBHI,AKGC417L,0.9692660692486924,0
ICBHI_203_1p2_LR_005,ICBHI_203_1p2_LR,ICBHI_203,1,ICBHI,AKGC417L,0.965963847005629,0
ICBHI_203_1p2_LR_006,ICBHI_203_1p2_LR,ICBHI_203,1,ICBHI,AKGC417L,0.9726235112216486,0
ICBHI_203_1p2_PL_000,ICBHI_203_1p2_PL,ICBHI_203,1,ICBHI,AKGC417L,0.99101457124744,0
ICBHI_203_1p2_PL_001,ICBHI_203_1p2_PL,ICBHI_203,1,ICBHI,AKGC417L,0.975390071374038,0
ICBHI_203_1p2_PL_002,ICBHI_203_1p2_PL,ICBHI_203,1,ICBHI,AKGC417L,0.8223318533430608,0
ICBHI_203_1p2_PL_003,ICBHI_203_1p2_PL,ICBHI_203,1,ICBHI,AKGC417L,0.9714558483038396,0
ICBHI_203_1p2_PL_004,ICBHI_203_1p2_PL,ICBHI_203,1,ICBHI,AKGC417L,0.8929365379204537,0
ICBHI_203_1p2_PL_005,ICBHI_203_1p2_PL,ICBHI_203,1,ICBHI,AKGC417L,0.9752961303267708,0
ICBHI_203_1p2_PL_006,ICBHI_203_1p2_PL,ICBHI_203,1,ICBHI,AKGC417L,0.983342959990771,0
ICBHI_203_1p2_PR_000,ICBHI_203_1p2_PR,ICBHI_203,1,ICBHI,AKGC417L,0.9766692311915196,0
ICBHI_203_1p2_PR_001,ICBHI_203_1p2_PR,ICBHI_203,1,ICBHI,AKGC417L,0.9763105287006256,0
ICBHI_203_1p2_PR_002,ICBHI_203_1p2_PR,ICBHI_203,1,ICBHI,AKGC417L,0.9731387971923422,0
ICBHI_203_1p2_PR_003,ICBHI_203_1p2_PR,ICBHI_203,1,ICBHI,AKGC417L,0.972519307190418,0
ICBHI_203_1p2_PR_004,ICBHI_203_1p2_PR,ICBHI_203,1,ICBHI,AKGC417L,0.9749168590639716,0
ICBHI_203_1p2_PR_005,ICBHI_203_1p2_PR,ICBHI_203,1,ICBHI,AKGC417L,0.9728307684643188,0
ICBHI_203_1p2_PR_006,ICBHI_203_1p2_PR,ICBHI_203,1,ICBHI,AKGC417L,0.9746286885255978,0
ICBHI_203_1p2_TC_000,ICBHI_203_1p2_TC,ICBHI_203,1,ICBHI,AKGC417L,0.979861259172271,0
ICBHI_203_1p2_TC_001,ICBHI_203_1p2_TC,ICBHI_203,1,ICBHI,AKGC417L,0.9852713861502774,0
ICBHI_203_1p2_TC_002,ICBHI_203_1p2_TC,ICBHI_203,1,ICBHI,AKGC417L,0.98905542259902,0
ICBHI_203_1p2_TC_003,ICBHI_203_1p2_TC,ICBHI_203,1,ICBHI,AKGC417L,0.992334125311354,0
ICBHI_203_1p2_TC_004,ICBHI_203_1p2_TC,ICBHI_203,1,ICBHI,AKGC417L,0.9825575152637948,0
ICBHI_203_1p2_TC_005,ICBHI_203_1p2_TC,ICBHI_203,1,ICBHI,AKGC417L,0.9692078335557076,0
ICBHI_203_1p2_TC_006,ICBHI_203_1p2_TC,ICBHI_203,1,ICBHI,AKGC417L,0.9849852519941804,0
ICBHI_203_1p3_AL_000,ICBHI_203_1p3_AL,ICBHI_203,1,ICBHI,AKGC417L,0.977756332416123,0
ICBHI_203_1p3_AL_001,ICBHI_203_1p3_AL,ICBHI_203,1,ICBHI,AKGC417L,0.9466953173537304,0
ICBHI_203_1p3_AL_002,ICBHI_203_1p3_AL,ICBHI_203,1,ICBHI,AKGC417L,0.968915048912056,0
ICBHI_203_1p3_AL_003,ICBHI_203_1p3_AL,ICBHI_203,1,ICBHI,AKGC417L,0.9717790128704672,0
ICBHI_203_1p3_AL_004,ICBHI_203_1p3_AL,ICBHI_203,1,ICBHI,AKGC417L,0.9463988589047058,0
ICBHI_203_1p3_AL_005,ICBHI_203_1p3_AL,ICBHI_203,1,ICBHI,AKGC417L,0.9278877945870696,0
ICBHI_203_1p3_AL_006,ICBHI_203_1p3_AL,ICBHI_203,1,ICBHI,AKGC417L,0.9496693674025232,0
ICBHI_203_1p3_AR_000,ICBHI_203_1p3_AR,ICBHI_203,1,ICBHI,AKGC417L,0.9895916858989277,0
ICBHI_203_1p3_AR_001,ICBHI_203_1p3_AR,ICBHI_203,1,ICBHI,AKGC417L,0.9887987866239216,0
ICBHI_203_1p3_AR_002,ICBHI_203_1p3_AR,ICBHI_203,1,ICBHI,AKGC417L,0.9916519461902168,0
ICBHI_203_1p3_AR_003,ICBHI_203_1p3_AR,ICBHI_203,1,ICBHI,AKGC417L,0.992214345234632,0
ICBHI_203_1p3_AR_004,ICBHI_203_1p3_AR,ICBHI_203,1,ICBHI,AKGC417L,0.9828232909876816,0
ICBHI_203_1p3_AR_005,ICBHI_203_1p3_AR,ICBHI_203,1,ICBHI,AKGC417L,0.9641868082445192,0
ICBHI_203_1p3_AR_006,ICBHI_203_1p3_AR,ICBHI_203,1,ICBHI,AKGC417L,0.9643214491222696,0
ICBHI_203_1p3_PL_000,ICBHI_203_1p3_PL,ICBHI_203,1,ICBHI,AKGC417L,0.9787938797980108,0
ICBHI_203_1p3_PL_001,ICBHI_203_1p3_PL,ICBHI_203,1,ICBHI,AKGC417L,0.9689738206081602,0
ICBHI_203_1p3_PL_002,ICBHI_203_1p3_PL,ICBHI_203,1,ICBHI,AKGC417L,0.9745319170136324,0
ICBHI_203_1p3_PL_003,ICBHI_203_1p3_PL,ICBHI_203,1,ICBHI,AKGC417L,0.9802808718926534,0
ICBHI_203_1p3_PL_004,ICBHI_203_1p3_PL,ICBHI_203,1,ICBHI,AKGC417L,0.9616059822423816,0
ICBHI_203_1p3_PL_005,ICBHI_203_1p3_PL,ICBHI_203,1,ICBHI,AKGC417L,0.9722571081173828,0
ICBHI_203_1p3_PL_006,ICBHI_203_1p3_PL,ICBHI_203,1,ICBHI,AKGC417L,0.9711290930537122,0
ICBHI_203_1p3_PR_000,ICBHI_203_1p3_PR,ICBHI_203,1,ICBHI,AKGC417L,0.992334125311354,0
ICBHI_203_1p3_PR_001,ICBHI_203_1p3_PR,ICBHI_203,1,ICBHI,AKGC417L,0.9881766051636294,0
ICBHI_203_1p3_PR_002,ICBHI_203_1p3_PR,ICBHI_203,1,ICBHI,AKGC417L,0.9908743626108194,0
ICBHI_203_1p3_PR_003,ICBHI_203_1p3_PR,ICBHI_203,1,ICBHI,AKGC417L,0.9903663476405536,0
ICBHI_203_1p3_PR_004,ICBHI_203_1p3_PR,ICBHI_203,1,ICBHI,AKGC417L,0.9697281305754024,0
ICBHI_203_1p3_PR_005,ICBHI_203_1p3_PR,ICBHI_203,1,ICBHI,AKGC417L,0.9885803853543514,0
ICBHI_203_1p3_PR_006,ICBHI_203_1p3_PR,ICBHI_203,1,ICBHI,AKGC417L,0.994615062038222,0
ICBHI_203_1p3_TC_000,ICBHI_203_1p3_TC,ICBHI_203,1,ICBHI,AKGC417L,0.9952632510442234,0
ICBHI_203_1p3_TC_001,ICBHI_203_1p3_TC,ICBHI_203,1,ICBHI,AKGC417L,0.9889278398167658,0
ICBHI_203_1p3_TC_002,ICBHI_203_1p3_TC,ICBHI_203,1,ICBHI,AKGC417L,0.9875203002546722,0
ICBHI_203_1p3_TC_003,ICBHI_203_1p3_TC,ICBHI_203,1,ICBHI,AKGC417L,0.9931760452132232,0
ICBHI_203_1p3_TC_004,ICBHI_203_1p3_TC,ICBHI_203,1,ICBHI,AKGC417L,0.9856076636305632,0
ICBHI_203_1p3_TC_005,ICBHI_203_1p3_TC,ICBHI_203,1,ICBHI,AKGC417L,0.9861513897844354,0
ICBHI_203_1p3_TC_006,ICBHI_203_1p3_TC,ICBHI_203,1,ICBHI,AKGC417L,0.9870795269609208,0
ICBHI_203_1p4_AL_000,ICBHI_203_1p4_AL,ICBHI_203,1,ICBHI,AKGC417L,0.9884026381763672,0
ICBHI_203_1p4_AL_001,ICBHI_203_1p4_AL,ICBHI_203,1,ICBHI,AKGC417L,0.9691494910279632,0
ICBHI_203_1p4_AL_002,ICBHI_203_1p4_AL,ICBHI_203,1,ICBHI,AKGC417L,0.9024377762417778,0
ICBHI_203_1p4_AL_003,ICBHI_203_1p4_AL,ICBHI_203,1,ICBHI,AKGC417L,0.9788748081040518,0
ICBHI_203_1p4_AL_004,ICBHI_203_1p4_AL,ICBHI_203,1,ICBHI,AKGC417L,0.958382202225562,0
ICBHI_203_1p4_AL_005,ICBHI_203_1p4_AL,ICBHI_203,1,ICBHI,AKGC417L,0.9667888274293096,0
ICBHI_203_1p4_AL_006,ICBHI_203_1p4_AL,ICBHI_203,1,ICBHI,AKGC417L,0.923592316649553,0
ICBHI_203_1p4_AR_000,ICBHI_203_1p4_AR,ICBHI_203,1,ICBHI,AKGC417L,0.9692660692486924,0
ICBHI_203_1p4_AR_001,ICBHI_203_1p4_AR,ICBHI_203,1,ICBHI,AKGC417L,0.973894084658676,0
ICBHI_203_1p4_AR_002,ICBHI_203_1p4_AR,ICBHI_203,1,ICBHI,AKGC417L,0.9770664357676162,0
ICBHI_203_1p4_AR_003,ICBHI_203_1p4_AR,ICBHI_203,1,ICBHI,AKGC417L,0.9032942067038784,0
ICBHI_203_1p4_AR_004,ICBHI_203_1p4_AR,ICBHI_203,1,ICBHI,AKGC417L,0.8253083097313677,0
ICBHI_203_1p4_AR_005,ICBHI_203_1p4_AR,ICBHI_203,1,ICBHI,AKGC417L,0.7718434978390747,0
ICBHI_203_1p4_AR_006,ICBHI_203_1p4_AR,ICBHI_203,1,ICBHI,AKGC417L,0.8390757441161931,0
ICBHI_203_1p4_PL_000,ICBHI_203_1p4_PL,ICBHI_203,1,ICBHI,AKGC417L,0.9718325271427216,0
ICBHI_203_1p4_PL_001,ICBHI_203_1p4_PL,ICBHI_203,1,ICBHI,AKGC417L,0.9511422213778252,0
ICBHI_203_1p4_PL_002,ICBHI_203_1p4_PL,ICBHI_203,1,ICBHI,AKGC417L,0.9100669877621352,0
ICBHI_203_1p4_PL_003,ICBHI_203_1p4_PL,ICBHI_203,1,ICBHI,AKGC417L,0.962602866405004,0
ICBHI_203_1p4_PL_004,ICBHI_203_1p4_PL,ICBHI_203,1,ICBHI,AKGC417L,0.9686788827792144,0
ICBHI_203_1p4_PL_005,ICBHI_203_1p4_PL,ICBHI_203,1,ICBHI,AKGC417L,0.9284088005554476,0
ICBHI_203_1p4_PL_006,ICBHI_203_1p4_PL,ICBHI_203,1,ICBHI,AKGC417L,0.9521309935238556,0
ICBHI_203_1p4_PR_000,ICBHI_203_1p4_PR,ICBHI_203,1,ICBHI,AKGC417L,0.9874720680072552,0
ICBHI_203_1p4_PR_001,ICBHI_203_1p4_PR,ICBHI_203,1,ICBHI,AKGC417L,0.9843964652097964,0
ICBHI_203_1p4_PR_002,ICBHI_203_1p4_PR,ICBHI_203,1,ICBHI,AKGC417L,0.9873750507184356,0
ICBHI_203_1p4_PR_003,ICBHI_203_1p4_PR,ICBHI_203,1,ICBHI,AKGC417L,0.9865717452580314,0
ICBHI_203_1p4_PR_004,ICBHI_203_1p4_PR,ICBHI_203,1,ICBHI,AKGC417L,0.9852145923076094,0
ICBHI_203_1p4_PR_005,ICBHI_203_1p4_PR,ICBHI_203,1,ICBHI,AKGC417L,0.9779256128989756,0
ICBHI_203_1p4_PR_006,ICBHI_203_1p4_PR,ICBHI_203,1,ICBHI,AKGC417L,0.9842154389261902,0
ICBHI_203_1p4_TC_000,ICBHI_203_1p4_TC,ICBHI_203,1,ICBHI,AKGC417L,0.993149519973355,0
ICBHI_203_1p4_TC_001,ICBHI_203_1p4_TC,ICBHI_203,1,ICBHI,AKGC417L,0.9931228923417692,0
ICBHI_203_1p4_TC_002,ICBHI_203_1p4_TC,ICBHI_203,1,ICBHI,AKGC417L,0.9815951096107584,0
ICBHI_203_1p4_TC_003,ICBHI_203_1p4_TC,ICBHI_203,1,ICBHI,AKGC417L,0.9781771750265408,0
ICBHI_203_1p4_TC_004,ICBHI_203_1p4_TC,ICBHI_203,1,ICBHI,AKGC417L,0.985384329899364,0
ICBHI_203_1p4_TC_005,ICBHI_203_1p4_TC,ICBHI_203,1,ICBHI,AKGC417L,0.977967735887304,0
ICBHI_203_1p4_TC_006,ICBHI_203_1p4_TC,ICBHI_203,1,ICBHI,AKGC417L,0.988536202622004,0
ICBHI_203_2p3_AL_000,ICBHI_203_2p3_AL,ICBHI_203,1,ICBHI,AKGC417L,0.9081302185130296,0
ICBHI_203_2p3_AL_001,ICBHI_203_2p3_AL,ICBHI_203,1,ICBHI,AKGC417L,0.8973359904266346,0
ICBHI_203_2p3_AL_002,ICBHI_203_2p3_AL,ICBHI_203,1,ICBHI,AKGC417L,0.9024377762417778,0
ICBHI_203_2p3_AL_003,ICBHI_203_2p3_AL,ICBHI_203,1,ICBHI,AKGC417L,0.8528129406878099,0
ICBHI_203_2p3_AL_004,ICBHI_203_2p3_AL,ICBHI_203,1,ICBHI,AKGC417L,0.8842393539373058,0
ICBHI_203_2p3_AL_005,ICBHI_203_2p3_AL,ICBHI_203,1,ICBHI,AKGC417L,0.9633686333603796,0
ICBHI_203_2p3_AL_006,ICBHI_203_2p3_AL,ICBHI_203,1,ICBHI,AKGC417L,0.9920927084953716,0
ICBHI_203_2p3_AR_000,ICBHI_203_2p3_AR,ICBHI_203,1,ICBHI,AKGC417L,0.9869795098861572,0
ICBHI_203_2p3_AR_001,ICBHI_203_2p3_AR,ICBHI_203,1,ICBHI,AKGC417L,0.978343323718742,0
ICBHI_203_2p3_AR_002,ICBHI_203_2p3_AR,ICBHI_203,1,ICBHI,AKGC417L,0.9617499409068964,0
ICBHI_203_2p3_AR_003,ICBHI_203_2p3_AR,ICBHI_203,1,ICBHI,AKGC417L,0.9405717789263596,0
ICBHI_203_2p3_AR_004,ICBHI_203_2p3_AR,ICBHI_203,1,ICBHI,AKGC417L,0.9284088005554476,0
ICBHI_203_2p3_AR_005,ICBHI_203_2p3_AR,ICBHI_203,1,ICBHI,AKGC417L,0.9737446992106472,0
ICBHI_203_2p3_AR_006,ICBHI_203_2p3_AR,ICBHI_203,1,ICBHI,AKGC417L,0.9713473306904064,0
ICBHI_203_2p3_PL_000,ICBHI_203_2p3_PL,ICBHI_203,1,ICBHI,AKGC417L,0.9846936454393052,0
ICBHI_203_2p3_PL_001,ICBHI_203_2p3_PL,ICBHI_203,1,ICBHI,AKGC417L,0.9871292507842532,0
ICBHI_203_2p3_PL_002,ICBHI_203_2p3_PL,ICBHI_203,1,ICBHI,AKGC417L,0.9897513980768414,0
ICBHI_203_2p3_PL_003,ICBHI_203_2p3_PL,ICBHI_203,1,ICBHI,AKGC417L,0.9860979413749408,0
ICBHI_203_2p3_PL_004,ICBHI_203_2p3_PL,ICBHI_203,1,ICBHI,AKGC417L,0.9839091258071756,0
ICBHI_203_2p3_PL_005,ICBHI_203_2p3_PL,ICBHI_203,1,ICBHI,AKGC417L,0.9945519319148104,0
ICBHI_203_2p3_PL_006,ICBHI_203_2p3_PL,ICBHI_203,1,ICBHI,AKGC417L,0.99507548962592,0
ICBHI_203_2p3_PR_000,ICBHI_203_2p3_PR,ICBHI_203,1,ICBHI,AKGC417L,0.9759922540789444,0
ICBHI_203_2p3_PR_001,ICBHI_203_2p3_PR,ICBHI_203,1,ICBHI,AKGC417L,0.9756698099123244,0
ICBHI_203_2p3_PR_002,ICBHI_203_2p3_PR,ICBHI_203,1,ICBHI,AKGC417L,0.9715639669551474,0
ICBHI_203_2p3_PR_003,ICBHI_203_2p3_PR,ICBHI_203,1,ICBHI,AKGC417L,0.968440980829426,0
ICBHI_203_2p3_PR_004,ICBHI_203_2p3_PR,ICBHI_203,1,ICBHI,AKGC417L,0.9677777030339422,0
ICBHI_203_2p3_PR_005,ICBHI_203_2p3_PR,ICBHI_203,1,ICBHI,AKGC417L,0.967100958652035,0
ICBHI_203_2p3_PR_006,ICBHI_203_2p3_PR,ICBHI_203,1,ICBHI,AKGC417L,0.968440980829426,0
ICBHI_203_2p3_TC_000,ICBHI_203_2p3_TC,ICBHI_203,1,ICBHI,AKGC417L,0.9401335814280748,0
ICBHI_203_2p3_TC_001,ICBHI_203_2p3_TC,ICBHI_203,1,ICBHI,AKGC417L,0.9714558483038396,0
ICBHI_203_2p3_TC_002,ICBHI_203_2p3_TC,ICBHI_203,1,ICBHI,AKGC417L,0.9554855697765152,0
ICBHI_203_2p3_TC_003,ICBHI_203_2p3_TC,ICBHI_203,1,ICBHI,AKGC417L,0.978671918339908,0
ICBHI_203_2p3_TC_004,ICBHI_203_2p3_TC,ICBHI_203,1,ICBHI,AKGC417L,0.9405717789263596,0
ICBHI_203_2p3_TC_005,ICBHI_203_2p3_TC,ICBHI_203,1,ICBHI,AKGC417L,0.939359448826736,0
ICBHI_203_2p3_TC_006,ICBHI_203_2p3_TC,ICBHI_203,1,ICBHI,AKGC417L,0.9729338243348664,0
ICBHI_212_2b2_TC_000,ICBHI_212_2b2_TC,ICBHI_212,1,ICBHI,LittC2SE,0.9865198970247336,0
ICBHI_212_2b2_TC_001,ICBHI_212_2b2_TC,ICBHI_212,1,ICBHI,LittC2SE,0.9880389017501904,0
ICBHI_212_2b2_TC_002,ICBHI_212_2b2_TC,ICBHI_212,1,ICBHI,LittC2SE,0.9862576795040976,0
ICBHI_212_2b2_TC_003,ICBHI_212_2b2_TC,ICBHI_212,1,ICBHI,LittC2SE,0.9709643572583984,0
ICBHI_212_2b2_TC_004,ICBHI_212_2b2_TC,ICBHI_212,1,ICBHI,LittC2SE,0.9859363729567544,0
ICBHI_212_2b2_TC_005,ICBHI_212_2b2_TC,ICBHI_212,1,ICBHI,LittC2SE,0.9919691867837398,0
ICBHI_212_2b2_TC_006,ICBHI_212_2b2_TC,ICBHI_212,1,ICBHI,LittC2SE,0.991619546648974,0
ICBHI_217_1b1_TC_000,ICBHI_217_1b1_TC,ICBHI_217,0,ICBHI,Meditron,0.004755199909833,0
ICBHI_217_1b1_TC_001,ICBHI_217_1b1_TC,ICBHI_217,0,ICBHI,Meditron,0.0057525450502372,0
ICBHI_217_1b1_TC_002,ICBHI_217_1b1_TC,ICBHI_217,0,ICBHI,Meditron,0.0051396110975688,0
ICBHI_217_1b1_TC_003,ICBHI_217_1b1_TC,ICBHI_217,0,ICBHI,Meditron,0.0223714598377614,0
ICBHI_217_1b1_TC_004,ICBHI_217_1b1_TC,ICBHI_217,0,ICBHI,Meditron,0.0179862099620915,0
ICBHI_217_1b1_TC_005,ICBHI_217_1b1_TC,ICBHI_217,0,ICBHI,Meditron,0.002923542904271,0
ICBHI_217_1b1_TC_006,ICBHI_217_1b1_TC,ICBHI_217,0,ICBHI,Meditron,0.0059803299691282,0
ICBHI_113_1b1_AL_000,ICBHI_113_1b1_AL,ICBHI_113,1,ICBHI,Litt3200,0.8543993677396563,1
ICBHI_113_1b1_AL_001,ICBHI_113_1b1_AL,ICBHI_113,1,ICBHI,Litt3200,0.8110781922144276,1
ICBHI_113_1b1_AL_002,ICBHI_113_1b1_AL,ICBHI_113,1,ICBHI,Litt3200,0.8589553730585133,1
ICBHI_113_1b1_AL_003,ICBHI_113_1b1_AL,ICBHI_113,1,ICBHI,Litt3200,0.929055172257238,1
ICBHI_113_1b1_AR_000,ICBHI_113_1b1_AR,ICBHI_113,1,ICBHI,Litt3200,0.6217131804343418,1
ICBHI_113_1b1_AR_001,ICBHI_113_1b1_AR,ICBHI_113,1,ICBHI,Litt3200,0.6532375271137799,1
ICBHI_113_1b1_AR_002,ICBHI_113_1b1_AR,ICBHI_113,1,ICBHI,Litt3200,0.3375310000260348,1
ICBHI_113_1b1_AR_003,ICBHI_113_1b1_AR,ICBHI_113,1,ICBHI,Litt3200,0.4462232146779532,1
ICBHI_113_1b1_AR_004,ICBHI_113_1b1_AR,ICBHI_113,1,ICBHI,Litt3200,0.8639664995920113,1
ICBHI_113_1b1_LL_000,ICBHI_113_1b1_LL,ICBHI_113,1,ICBHI,Litt3200,0.8490973686263605,1
ICBHI_113_1b1_LL_001,ICBHI_113_1b1_LL,ICBHI_113,1,ICBHI,Litt3200,0.91610961358942,1
ICBHI_113_1b1_LL_002,ICBHI_113_1b1_LL,ICBHI_113,1,ICBHI,Litt3200,0.959686562165167,1
ICBHI_113_1b1_LL_003,ICBHI_113_1b1_LL,ICBHI_113,1,ICBHI,Litt3200,0.9517736584118672,1
ICBHI_113_1b1_LL_004,ICBHI_113_1b1_LL,ICBHI_113,1,ICBHI,Litt3200,0.83960249747165,1
ICBHI_113_1b1_LL_005,ICBHI_113_1b1_LL,ICBHI_113,1,ICBHI,Litt3200,0.3647775585204021,1
ICBHI_113_1b1_LL_006,ICBHI_113_1b1_LL,ICBHI_113,1,ICBHI,Litt3200,0.0487670954769891,1
ICBHI_113_1b1_LR_000,ICBHI_113_1b1_LR,ICBHI_113,1,ICBHI,Litt3200,0.712232184238947,1
ICBHI_113_1b1_LR_001,ICBHI_113_1b1_LR,ICBHI_113,1,ICBHI,Litt3200,0.8213309063679683,1
ICBHI_113_1b1_LR_002,ICBHI_113_1b1_LR,ICBHI_113,1,ICBHI,Litt3200,0.9058233363414856,1
ICBHI_113_1b1_LR_003,ICBHI_113_1b1_LR,ICBHI_113,1,ICBHI,Litt3200,0.8622356954546928,1
ICBHI_113_1b1_PL_000,ICBHI_113_1b1_PL,ICBHI_113,1,ICBHI,Litt3200,0.8677098048603524,1
ICBHI_113_1b1_PL_001,ICBHI_113_1b1_PL,ICBHI_113,1,ICBHI,Litt3200,0.8812065994915543,1
ICBHI_113_1b1_PL_002,ICBHI_113_1b1_PL,ICBHI_113,1,ICBHI,Litt3200,0.8581251581745941,1
ICBHI_113_1b1_PL_003,ICBHI_113_1b1_PL,ICBHI_113,1,ICBHI,Litt3200,0.8987665192930021,1
ICBHI_113_1b1_PL_004,ICBHI_113_1b1_PL,ICBHI_113,1,ICBHI,Litt3200,0.9210741144349998,1
ICBHI_113_1b1_PL_005,ICBHI_113_1b1_PL,ICBHI_113,1,ICBHI,Litt3200,0.7932661483848841,1
ICBHI_113_1b1_PR_000,ICBHI_113_1b1_PR,ICBHI_113,1,ICBHI,Litt3200,0.7673413473072723,1
ICBHI_113_1b1_PR_001,ICBHI_113_1b1_PR,ICBHI_113,1,ICBHI,Litt3200,0.8975157807475012,1
ICBHI_113_1b1_PR_002,ICBHI_113_1b1_PR,ICBHI_113,1,ICBHI,Litt3200,0.9254997409810218,1
ICBHI_113_1b1_PR_003,ICBHI_113_1b1_PR,ICBHI_113,1,ICBHI,Litt3200,0.9461008455487896,1
ICBHI_113_1b1_PR_004,ICBHI_113_1b1_PR,ICBHI_113,1,ICBHI,Litt3200,0.9289263306198166,1
ICBHI_113_1b1_PR_005,ICBHI_113_1b1_PR,ICBHI_113,1,ICBHI,Litt3200,0.9456006819553416,1
ICBHI_113_1b1_PR_006,ICBHI_113_1b1_PR,ICBHI_113,1,ICBHI,Litt3200,0.922621893697362,1
ICBHI_124_1b1_AL_000,ICBHI_124_1b1_AL,ICBHI_124,1,ICBHI,Litt3200,0.8060905349808641,1
ICBHI_124_1b1_AL_001,ICBHI_124_1b1_AL,ICBHI_124,1,ICBHI,Litt3200,0.8204694444011801,1
ICBHI_124_1b1_AL_002,ICBHI_124_1b1_AL,ICBHI_124,1,ICBHI,Litt3200,0.7791538447659502,1
ICBHI_124_1b1_AL_003,ICBHI_124_1b1_AL,ICBHI_124,1,ICBHI,Litt3200,0.926170288898672,1
ICBHI_124_1b1_AR_000,ICBHI_124_1b1_AR,ICBHI_124,1,ICBHI,Litt3200,0.6382717961674019,1
ICBHI_124_1b1_AR_001,ICBHI_124_1b1_AR,ICBHI_124,1,ICBHI,Litt3200,0.7826624789529376,1
ICBHI_124_1b1_AR_002,ICBHI_124_1b1_AR,ICBHI_124,1,ICBHI,Litt3200,0.8942365768704993,1
ICBHI_124_1b1_LL_000,ICBHI_124_1b1_LL,ICBHI_124,1,ICBHI,Litt3200,0.7377254126465677,1
ICBHI_124_1b1_LL_001,ICBHI_124_1b1_LL,ICBHI_124,1,ICBHI,Litt3200,0.8220463178605846,1
ICBHI_124_1b1_LL_002,ICBHI_124_1b1_LL,ICBHI_124,1,ICBHI,Litt3200,0.8098781697309154,1
ICBHI_124_1b1_LL_003,ICBHI_124_1b1_LL,ICBHI_124,1,ICBHI,Litt3200,0.9486324916130384,1
ICBHI_124_1b1_LL_004,ICBHI_124_1b1_LL,ICBHI_124,1,ICBHI,Litt3200,0.9674717764988552,1
ICBHI_124_1b1_LL_005,ICBHI_124_1b1_LL,ICBHI_124,1,ICBHI,Litt3200,0.9658351844920308,1
ICBHI_124_1b1_LR_000,ICBHI_124_1b1_LR,ICBHI_124,1,ICBHI,Litt3200,0.9272316200722835,1
ICBHI_124_1b1_LR_001,ICBHI_124_1b1_LR,ICBHI_124,1,ICBHI,Litt3200,0.7563575624625937,1
ICBHI_124_1b1_LR_002,ICBHI_124_1b1_LR,ICBHI_124,1,ICBHI,Litt3200,0.7300012478591633,1
ICBHI_124_1b1_LR_003,ICBHI_124_1b1_LR,ICBHI_124,1,ICBHI,Litt3200,0.9193533851235516,1
ICBHI_124_1b1_LR_004,ICBHI_124_1b1_LR,ICBHI_124,1,ICBHI,Litt3200,0.943763654295516,1
ICBHI_124_1b1_PL_000,ICBHI_124_1b1_PL,ICBHI_124,1,ICBHI,Litt3200,0.8521989788091112,1
ICBHI_124_1b1_PL_001,ICBHI_124_1b1_PL,ICBHI_124,1,ICBHI,Litt3200,0.905656588171878,1
ICBHI_124_1b1_PR_000,ICBHI_124_1b1_PR,ICBHI_124,1,ICBHI,Litt3200,0.9469902279841446,1
ICBHI_124_1b1_PR_001,ICBHI_124_1b1_PR,ICBHI_124,1,ICBHI,Litt3200,0.960657496735742,1
ICBHI_125_1b1_TC_000,ICBHI_125_1b1_TC,ICBHI_125,0,ICBHI,Meditron,0.008916127052872,1
ICBHI_125_1b1_TC_001,ICBHI_125_1b1_TC,ICBHI_125,0,ICBHI,Meditron,0.0061212812907285,1
ICBHI_125_1b1_TC_002,ICBHI_125_1b1_TC,ICBHI_125,0,ICBHI,Meditron,0.0010322310367548,1
ICBHI_125_1b1_TC_003,ICBHI_125_1b1_TC,ICBHI_125,0,ICBHI,Meditron,6.205049602300743e-05,1
ICBHI_125_1b1_TC_004,ICBHI_125_1b1_TC,ICBHI_125,0,ICBHI,Meditron,0.0007763299914246,1
ICBHI_125_1b1_TC_005,ICBHI_125_1b1_TC,ICBHI_125,0,ICBHI,Meditron,0.0034162788437702,1
ICBHI_125_1b1_TC_006,ICBHI_125_1b1_TC,ICBHI_125,0,ICBHI,Meditron,0.0002868540823874,1
ICBHI_152_1b1_AL_000,ICBHI_152_1b1_AL,ICBHI_152,0,ICBHI,Meditron,0.3407045130269881,1
ICBHI_152_1b1_AL_001,ICBHI_152_1b1_AL,ICBHI_152,0,ICBHI,Meditron,0.415728824959533,1
ICBHI_152_1b1_AL_002,ICBHI_152_1b1_AL,ICBHI_152,0,ICBHI,Meditron,0.3528704959880419,1
ICBHI_152_1b1_AL_003,ICBHI_152_1b1_AL,ICBHI_152,0,ICBHI,Meditron,0.5191404224385165,1
ICBHI_152_1b1_AL_004,ICBHI_152_1b1_AL,ICBHI_152,0,ICBHI,Meditron,0.172589812637759,1
ICBHI_152_1b1_AL_005,ICBHI_152_1b1_AL,ICBHI_152,0,ICBHI,Meditron,0.4635960253059115,1
ICBHI_152_1b1_AL_006,ICBHI_152_1b1_AL,ICBHI_152,0,ICBHI,Meditron,0.6084195787824573,1
ICBHI_155_2b1_AL_000,ICBHI_155_2b1_AL,ICBHI_155,1,ICBHI,LittC2SE,0.9737446992106472,1
ICBHI_155_2b1_AL_001,ICBHI_155_2b1_AL,ICBHI_155,1,ICBHI,LittC2SE,0.9660280028426234,1
ICBHI_155_2b1_AL_002,ICBHI_155_2b1_AL,ICBHI_155,1,ICBHI,LittC2SE,0.9550683569776216,1
ICBHI_155_2b1_AL_003,ICBHI_155_2b1_AL,ICBHI_155,1,ICBHI,LittC2SE,0.9578334587487554,1
ICBHI_155_2b1_AL_004,ICBHI_155_2b1_AL,ICBHI_155,1,ICBHI,LittC2SE,0.9579909445710464,1
ICBHI_155_2b1_AL_005,ICBHI_155_2b1_AL,ICBHI_155,1,ICBHI,LittC2SE,0.9754369112279712,1
ICBHI_155_2b1_AL_006,ICBHI_155_2b1_AL,ICBHI_155,1,ICBHI,LittC2SE,0.9675331855246276,1
ICBHI_163_2b2_AL_000,ICBHI_163_2b2_AL,ICBHI_163,1,ICBHI,AKGC417L,0.9768907222638488,1
ICBHI_163_2b2_AL_001,ICBHI_163_2b2_AL,ICBHI_163,1,ICBHI,AKGC417L,0.9750597460625842,1
ICBHI_163_2b2_AL_002,ICBHI_163_2b2_AL,ICBHI_163,1,ICBHI,AKGC417L,0.9793540692607816,1
ICBHI_163_2b2_AL_003,ICBHI_163_2b2_AL,ICBHI_163,1,ICBHI,AKGC417L,0.9730365001376664,1
ICBHI_163_2b2_AL_004,ICBHI_163_2b2_AL,ICBHI_163,1,ICBHI,AKGC417L,0.964788863578424,1
ICBHI_163_2b2_AL_005,ICBHI_163_2b2_AL,ICBHI_163,1,ICBHI,AKGC417L,0.973794586550466,1
ICBHI_163_2b2_AL_006,ICBHI_163_2b2_AL,ICBHI_163,1,ICBHI,AKGC417L,0.9813464782682386,1
ICBHI_163_2b2_AR_000,ICBHI_163_2b2_AR,ICBHI_163,1,ICBHI,AKGC417L,0.9607312480728336,1
ICBHI_163_2b2_AR_001,ICBHI_163_2b2_AR,ICBHI_163,1,ICBHI,AKGC417L,0.967100958652035,1
ICBHI_163_2b2_AR_002,ICBHI_163_2b2_AR,ICBHI_163,1,ICBHI,AKGC417L,0.9720456005228716,1
ICBHI_163_2b2_AR_003,ICBHI_163_2b2_AR,ICBHI_163,1,ICBHI,AKGC417L,0.9672250161000436,1
ICBHI_163_2b2_AR_004,ICBHI_163_2b2_AR,ICBHI_163,1,ICBHI,AKGC417L,0.958615281153156,1
ICBHI_163_2b2_AR_005,ICBHI_163_2b2_AR,ICBHI_163,1,ICBHI,AKGC417L,0.973894084658676,1
ICBHI_163_2b2_AR_006,ICBHI_163_2b2_AR,ICBHI_163,1,ICBHI,AKGC417L,0.9764007056485348,1
ICBHI_163_2b2_LL_000,ICBHI_163_2b2_LL,ICBHI_163,1,ICBHI,AKGC417L,0.9458012701768144,1
ICBHI_163_2b2_LL_001,ICBHI_163_2b2_LL,ICBHI_163,1,ICBHI,AKGC417L,0.9269676128492204,1
ICBHI_163_2b2_LL_002,ICBHI_163_2b2_LL,ICBHI_163,1,ICBHI,AKGC417L,0.9285385081933416,1
ICBHI_163_2b2_LL_003,ICBHI_163_2b2_LL,ICBHI_163,1,ICBHI,AKGC417L,0.9094255214176163,1
ICBHI_163_2b2_LL_004,ICBHI_163_2b2_LL,ICBHI_163,1,ICBHI,AKGC417L,0.9373256283116482,1
ICBHI_163_2b2_LL_005,ICBHI_163_2b2_LL,ICBHI_163,1,ICBHI,AKGC417L,0.7314424129709252,1
ICBHI_163_2b2_LL_006,ICBHI_163_2b2_LL,ICBHI_163,1,ICBHI,AKGC417L,0.7884203206608902,1
ICBHI_163_2b2_LR_000,ICBHI_163_2b2_LR,ICBHI_163,1,ICBHI,AKGC417L,0.9347534342381864,1
ICBHI_163_2b2_LR_001,ICBHI_163_2b2_LR,ICBHI_163,1,ICBHI,AKGC417L,0.9440738263146948,1
ICBHI_163_2b2_LR_002,ICBHI_163_2b2_LR,ICBHI_163,1,ICBHI,AKGC417L,0.9418684051353045,1
ICBHI_163_2b2_LR_003,ICBHI_163_2b2_LR,ICBHI_163,1,ICBHI,AKGC417L,0.944689347784004,1
ICBHI_163_2b2_LR_004,ICBHI_163_2b2_LR,ICBHI_163,1,ICBHI,AKGC417L,0.9505029467671968,1
ICBHI_163_2b2_LR_005,ICBHI_163_2b2_LR,ICBHI_163,1,ICBHI,AKGC417L,0.929055172257238,1
ICBHI_163_2b2_LR_006,ICBHI_163_2b2_LR,ICBHI_163,1,ICBHI,AKGC417L,0.935109885267838,1
ICBHI_163_2b2_PL_000,ICBHI_163_2b2_PL,ICBHI_163,1,ICBHI,AKGC417L,0.9200744765243404,1
ICBHI_163_2b2_PL_001,ICBHI_163_2b2_PL,ICBHI_163,1,ICBHI,AKGC417L,0.9366336567966383,1
ICBHI_163_2b2_PL_002,ICBHI_163_2b2_PL,ICBHI_163,1,ICBHI,AKGC417L,0.8791467675095294,1
ICBHI_163_2b2_PL_003,ICBHI_163_2b2_PL,ICBHI_163,1,ICBHI,AKGC417L,0.8912444096440343,1
ICBHI_163_2b2_PL_004,ICBHI_163_2b2_PL,ICBHI_163,1,ICBHI,AKGC417L,0.8866168991447488,1
ICBHI_163_2b2_PL_005,ICBHI_163_2b2_PL,ICBHI_163,1,ICBHI,AKGC417L,0.9323301890181837,1
ICBHI_163_2b2_PL_006,ICBHI_163_2b2_PL,ICBHI_163,1,ICBHI,AKGC417L,0.9835338249524974,1
ICBHI_163_2b2_PR_000,ICBHI_163_2b2_PR,ICBHI_163,1,ICBHI,AKGC417L,0.944791312675938,1
ICBHI_163_2b2_PR_001,ICBHI_163_2b2_PR,ICBHI_163,1,ICBHI,AKGC417L,0.9370957582019432,1
ICBHI_163_2b2_PR_002,ICBHI_163_2b2_PR,ICBHI_163,1,ICBHI,AKGC417L,0.9380105434874444,1
ICBHI_163_2b2_PR_003,ICBHI_163_2b2_PR,ICBHI_163,1,ICBHI,AKGC417L,0.9307105874853784,1
ICBHI_163_2b2_PR_004,ICBHI_163_2b2_PR,ICBHI_163,1,ICBHI,AKGC417L,0.9197867491515396,1
ICBHI_163_2b2_PR_005,ICBHI_163_2b2_PR,ICBHI_163,1,ICBHI,AKGC417L,0.8991213772699436,1
ICBHI_163_2b2_PR_006,ICBHI_163_2b2_PR,ICBHI_163,1,ICBHI,AKGC417L,0.9038048371679412,1
ICBHI_163_2b2_TC_000,ICBHI_163_2b2_TC,ICBHI_163,1,ICBHI,AKGC417L,0.9733928914303028,1
ICBHI_163_2b2_TC_001,ICBHI_163_2b2_TC,ICBHI_163,1,ICBHI,AKGC417L,0.9700702529745588,1
ICBHI_163_2b2_TC_002,ICBHI_163_2b2_TC,ICBHI_163,1,ICBHI,AKGC417L,0.976535343307368,1
ICBHI_163_2b2_TC_003,ICBHI_163_2b2_TC,ICBHI_163,1,ICBHI,AKGC417L,0.971725399886542,1
ICBHI_163_2b2_TC_004,ICBHI_163_2b2_TC,ICBHI_163,1,ICBHI,AKGC417L,0.959000972812607,1
ICBHI_163_2b2_TC_005,ICBHI_163_2b2_TC,ICBHI_163,1,ICBHI,AKGC417L,0.9396923600249308,1
ICBHI_163_2b2_TC_006,ICBHI_163_2b2_TC,ICBHI_163,1,ICBHI,AKGC417L,0.9483462190807312,1
ICBHI_163_8b3_AL_000,ICBHI_163_8b3_AL,ICBHI_163,1,ICBHI,AKGC417L,0.944791312675938,1
ICBHI_163_8b3_AL_001,ICBHI_163_8b3_AL,ICBHI_163,1,ICBHI,AKGC417L,0.9511422213778252,1
ICBHI_163_8b3_AL_002,ICBHI_163_8b3_AL,ICBHI_163,1,ICBHI,AKGC417L,0.9623913644941934,1
ICBHI_163_8b3_AL_003,ICBHI_163_8b3_AL,ICBHI_163,1,ICBHI,AKGC417L,0.956308939359532,1
ICBHI_163_8b3_AL_004,ICBHI_163_8b3_AL,ICBHI_163,1,ICBHI,AKGC417L,0.9177460552422908,1
ICBHI_163_8b3_AL_005,ICBHI_163_8b3_AL,ICBHI_163,1,ICBHI,AKGC417L,0.8866168991447488,1
ICBHI_163_8b3_AL_006,ICBHI_163_8b3_AL,ICBHI_163,1,ICBHI,AKGC417L,0.9439706148821184,1
ICBHI_163_8b3_AR_000,ICBHI_163_8b3_AR,ICBHI_163,1,ICBHI,AKGC417L,0.9720456005228716,1
ICBHI_163_8b3_AR_001,ICBHI_163_8b3_AR,ICBHI_163,1,ICBHI,AKGC417L,0.9707987097542188,1
ICBHI_163_8b3_AR_002,ICBHI_163_8b3_AR,ICBHI_163,1,ICBHI,AKGC417L,0.9647224530933884,1
ICBHI_163_8b3_AR_003,ICBHI_163_8b3_AR,ICBHI_163,1,ICBHI,AKGC417L,0.963299646124226,1
ICBHI_163_8b3_AR_004,ICBHI_163_8b3_AR,ICBHI_163,1,ICBHI,AKGC417L,0.9669140216112958,1
ICBHI_163_8b3_AR_005,ICBHI_163_8b3_AR,ICBHI_163,1,ICBHI,AKGC417L,0.9681411443139596,1
ICBHI_163_8b3_AR_006,ICBHI_163_8b3_AR,ICBHI_163,1,ICBHI,AKGC417L,0.970576420036356,1
ICBHI_163_8b3_LL_000,ICBHI_163_8b3_LL,ICBHI_163,1,ICBHI,AKGC417L,0.9076402020521152,1
ICBHI_163_8b3_LL_001,ICBHI_163_8b3_LL,ICBHI_163,1,ICBHI,AKGC417L,0.9248235972391684,1
ICBHI_163_8b3_LL_002,ICBHI_163_8b3_LL,ICBHI_163,1,ICBHI,AKGC417L,0.9110215117615452,1
ICBHI_163_8b3_LL_003,ICBHI_163_8b3_LL,ICBHI_163,1,ICBHI,AKGC417L,0.909586273176162,1
ICBHI_163_8b3_LL_004,ICBHI_163_8b3_LL,ICBHI_163,1,ICBHI,AKGC417L,0.9130583432721084,1
ICBHI_163_8b3_LL_005,ICBHI_163_8b3_LL,ICBHI_163,1,ICBHI,AKGC417L,0.90648769084615,1
ICBHI_163_8b3_LL_006,ICBHI_163_8b3_LL,ICBHI_163,1,ICBHI,AKGC417L,0.9165588263728888,1
ICBHI_163_8b3_LR_000,ICBHI_163_8b3_LR,ICBHI_163,1,ICBHI,AKGC417L,0.9422946838534368,1
ICBHI_163_8b3_LR_001,ICBHI_163_8b3_LR,ICBHI_163,1,ICBHI,AKGC417L,0.9448931005611606,1
ICBHI_163_8b3_LR_002,ICBHI_163_8b3_LR,ICBHI_163,1,ICBHI,AKGC417L,0.9272316200722835,1
ICBHI_163_8b3_LR_003,ICBHI_163_8b3_LR,ICBHI_163,1,ICBHI,AKGC417L,0.9281487332504804,1
ICBHI_163_8b3_LR_004,ICBHI_163_8b3_LR,ICBHI_163,1,ICBHI,AKGC417L,0.9253649611035,1
ICBHI_163_8b3_LR_005,ICBHI_163_8b3_LR,ICBHI_163,1,ICBHI,AKGC417L,0.9366336567966383,1
ICBHI_163_8b3_LR_006,ICBHI_163_8b3_LR,ICBHI_163,1,ICBHI,AKGC417L,0.941006970264362,1
ICBHI_163_8b3_PL_000,ICBHI_163_8b3_PL,ICBHI_163,1,ICBHI,AKGC417L,0.9609517072737735,1
ICBHI_163_8b3_PL_001,ICBHI_163_8b3_PL,ICBHI_163,1,ICBHI,AKGC417L,0.95275028649851,1
ICBHI_163_8b3_PL_002,ICBHI_163_8b3_PL,ICBHI_163,1,ICBHI,AKGC417L,0.9493885651109318,1
ICBHI_163_8b3_PL_003,ICBHI_163_8b3_PL,ICBHI_163,1,ICBHI,AKGC417L,0.9581478679075386,1
ICBHI_163_8b3_PL_004,ICBHI_163_8b3_PL,ICBHI_163,1,ICBHI,AKGC417L,0.962602866405004,1
ICBHI_163_8b3_PL_005,ICBHI_163_8b3_PL,ICBHI_163,1,ICBHI,AKGC417L,0.9641868082445192,1
ICBHI_163_8b3_PL_006,ICBHI_163_8b3_PL,ICBHI_163,1,ICBHI,AKGC417L,0.9571177628369032,1
ICBHI_163_8b3_PR_000,ICBHI_163_8b3_PR,ICBHI_163,1,ICBHI,AKGC417L,0.9639839292499328,1
ICBHI_163_8b3_PR_001,ICBHI_163_8b3_PR,ICBHI_163,1,ICBHI,AKGC417L,0.9845754479181588,1
ICBHI_163_8b3_PR_002,ICBHI_163_8b3_PR,ICBHI_163,1,ICBHI,AKGC417L,0.988084978032852,1
ICBHI_163_8b3_PR_003,ICBHI_163_8b3_PR,ICBHI_163,1,ICBHI,AKGC417L,0.9890130573694068,1
ICBHI_163_8b3_PR_004,ICBHI_163_8b3_PR,ICBHI_163,1,ICBHI,AKGC417L,0.9856076636305632,1
ICBHI_163_8b3_PR_005,ICBHI_163_8b3_PR,ICBHI_163,1,ICBHI,AKGC417L,0.9831499205521024,1
ICBHI_163_8b3_PR_006,ICBHI_163_8b3_PR,ICBHI_163,1,ICBHI,AKGC417L,0.9813821977381684,1
ICBHI_175_1b1_AL_000,ICBHI_175_1b1_AL,ICBHI_175,1,ICBHI,Litt3200,0.6575384268506705,1
ICBHI_175_1b1_AL_001,ICBHI_175_1b1_AL,ICBHI_175,1,ICBHI,Litt3200,0.6752294429184604,1
ICBHI_175_1b1_AL_002,ICBHI_175_1b1_AL,ICBHI_175,1,ICBHI,Litt3200,0.6943026711575786,1
ICBHI_175_1b1_AL_003,ICBHI_175_1b1_AL,ICBHI_175,1,ICBHI,Litt3200,0.6039318337259583,1
ICBHI_175_1b1_AL_004,ICBHI_175_1b1_AL,ICBHI_175,1,ICBHI,Litt3200,0.8826303497723418,1
ICBHI_175_1b1_AL_005,ICBHI_175_1b1_AL,ICBHI_175,1,ICBHI,Litt3200,0.9551520965667056,1
ICBHI_175_1b1_AR_000,ICBHI_175_1b1_AR,ICBHI_175,1,ICBHI,Litt3200,0.0111150137214775,1
ICBHI_175_1b1_AR_001,ICBHI_175_1b1_AR,ICBHI_175,1,ICBHI,Litt3200,0.0005838324581912,1
ICBHI_175_1b1_AR_002,ICBHI_175_1b1_AR,ICBHI_175,1,ICBHI,Litt3200,0.0004691763785839,1
ICBHI_175_1b1_AR_003,ICBHI_175_1b1_AR,ICBHI_175,1,ICBHI,Litt3200,0.0182993322102134,1
ICBHI_175_1b1_AR_004,ICBHI_175_1b1_AR,ICBHI_175,1,ICBHI,Litt3200,0.1549505565595355,1
ICBHI_175_1b1_LL_000,ICBHI_175_1b1_LL,ICBHI_175,1,ICBHI,Litt3200,0.898588675245352,1
ICBHI_175_1b1_LL_001,ICBHI_175_1b1_LL,ICBHI_175,1,ICBHI,Litt3200,0.9299510391228232,1
ICBHI_175_1b1_LL_002,ICBHI_175_1b1_LL,ICBHI_175,1,ICBHI,Litt3200,0.9442797128028252,1
ICBHI_175_1b1_LL_003,ICBHI_175_1b1_LL,ICBHI_175,1,ICBHI,Litt3200,0.944791312675938,1
ICBHI_175_1b1_LL_004,ICBHI_175_1b1_LL,ICBHI_175,1,ICBHI,Litt3200,0.9545627823553606,1
ICBHI_175_1b1_LL_005,ICBHI_175_1b1_LL,ICBHI_175,1,ICBHI,Litt3200,0.958382202225562,1
ICBHI_175_1b1_LR_000,ICBHI_175_1b1_LR,ICBHI_175,1,ICBHI,Litt3200,0.7900447725331535,1
ICBHI_175_1b1_LR_001,ICBHI_175_1b1_LR,ICBHI_175,1,ICBHI,Litt3200,0.8083699504265036,1
ICBHI_175_1b1_LR_002,ICBHI_175_1b1_LR,ICBHI_175,1,ICBHI,Litt3200,0.9210741144349998,1
ICBHI_175_1b1_LR_003,ICBHI_175_1b1_LR,ICBHI_175,1,ICBHI,Litt3200,0.9254997409810218,1
ICBHI_175_1b1_LR_004,ICBHI_175_1b1_LR,ICBHI_175,1,ICBHI,Litt3200,0.956308939359532,1
ICBHI_175_1b1_PL_000,ICBHI_175_1b1_PL,ICBHI_175,1,ICBHI,Litt3200,0.2712516965968936,1
ICBHI_175_1b1_PL_001,ICBHI_175_1b1_PL,ICBHI_175,1,ICBHI,Litt3200,0.8050197829785412,1
ICBHI_175_1b1_PL_002,ICBHI_175_1b1_PL,ICBHI_175,1,ICBHI,Litt3200,0.8891444050747391,1
ICBHI_175_1b1_PL_003,ICBHI_175_1b1_PL,ICBHI_175,1,ICBHI,Litt3200,0.7369689039619506,1
ICBHI_175_1b1_PL_004,ICBHI_175_1b1_PL,ICBHI_175,1,ICBHI,Litt3200,0.8565725116773023,1
ICBHI_175_1b1_PL_005,ICBHI_175_1b1_PL,ICBHI_175,1,ICBHI,Litt3200,0.93789687838626,1
ICBHI_175_1b1_PL_006,ICBHI_175_1b1_PL,ICBHI_175,1,ICBHI,Litt3200,0.9400235602628372,1
ICBHI_175_1b1_PR_000,ICBHI_175_1b1_PR,ICBHI_175,1,ICBHI,Litt3200,0.8866168991447488,1
ICBHI_175_1b1_PR_001,ICBHI_175_1b1_PR,ICBHI_175,1,ICBHI,Litt3200,0.9194980766039684,1
ICBHI_175_1b1_PR_002,ICBHI_175_1b1_PR,ICBHI_175,1,ICBHI,Litt3200,0.8293538355884482,1
ICBHI_175_1b1_PR_003,ICBHI_175_1b1_PR,ICBHI_175,1,ICBHI,Litt3200,0.8873999002546609,1
ICBHI_175_1b1_PR_004,ICBHI_175_1b1_PR,ICBHI_175,1,ICBHI,Litt3200,0.9751071985765848,1
ICBHI_177_1b2_AL_000,ICBHI_177_1b2_AL,ICBHI_177,1,ICBHI,AKGC417L,0.9127477534452756,1
ICBHI_177_1b2_AL_001,ICBHI_177_1b2_AL,ICBHI_177,1,ICBHI,AKGC417L,0.8370879625470882,1
ICBHI_177_1b2_AL_002,ICBHI_177_1b2_AL,ICBHI_177,1,ICBHI,AKGC417L,0.6739431964191891,1
ICBHI_177_1b2_AL_003,ICBHI_177_1b2_AL,ICBHI_177,1,ICBHI,AKGC417L,0.8020908926631818,1
ICBHI_177_1b2_AL_004,ICBHI_177_1b2_AL,ICBHI_177,1,ICBHI,AKGC417L,0.6882589317223706,1
ICBHI_177_1b2_AL_005,ICBHI_177_1b2_AL,ICBHI_177,1,ICBHI,AKGC417L,0.689305616785446,1
ICBHI_177_1b2_AL_006,ICBHI_177_1b2_AL,ICBHI_177,1,ICBHI,AKGC417L,0.7397985681509067,1
ICBHI_177_1b2_AR_000,ICBHI_177_1b2_AR,ICBHI_177,1,ICBHI,AKGC417L,0.8940517128636203,1
ICBHI_177_1b2_AR_001,ICBHI_177_1b2_AR,ICBHI_177,1,ICBHI,AKGC417L,0.8729984373336678,1
ICBHI_177_1b2_AR_002,ICBHI_177_1b2_AR,ICBHI_177,1,ICBHI,AKGC417L,0.6972998180659961,1
ICBHI_177_1b2_AR_003,ICBHI_177_1b2_AR,ICBHI_177,1,ICBHI,AKGC417L,0.7170118817172945,1
ICBHI_177_1b2_AR_004,ICBHI_177_1b2_AR,ICBHI_177,1,ICBHI,AKGC417L,0.917450697735972,1
ICBHI_177_1b2_AR_005,ICBHI_177_1b2_AR,ICBHI_177,1,ICBHI,AKGC417L,0.9302050734936124,1
ICBHI_177_1b2_AR_006,ICBHI_177_1b2_AR,ICBHI_177,1,ICBHI,AKGC417L,0.9356999454877224,1
ICBHI_177_1b2_LR_000,ICBHI_177_1b2_LR,ICBHI_177,1,ICBHI,AKGC417L,0.7804952338575972,1
ICBHI_177_1b2_LR_001,ICBHI_177_1b2_LR,ICBHI_177,1,ICBHI,AKGC417L,0.603172409966678,1
ICBHI_177_1b2_LR_002,ICBHI_177_1b2_LR,ICBHI_177,1,ICBHI,AKGC417L,0.3178495938127082,1
ICBHI_177_1b2_LR_003,ICBHI_177_1b2_LR,ICBHI_177,1,ICBHI,AKGC417L,0.8850366449469483,1
ICBHI_177_1b2_LR_004,ICBHI_177_1b2_LR,ICBHI_177,1,ICBHI,AKGC417L,0.9187722440021828,1
ICBHI_177_1b2_LR_005,ICBHI_177_1b2_LR,ICBHI_177,1,ICBHI,AKGC417L,0.8738621049648146,1
ICBHI_177_1b2_LR_006,ICBHI_177_1b2_LR,ICBHI_177,1,ICBHI,AKGC417L,0.4372827512486691,1
ICBHI_177_1b2_PL_000,ICBHI_177_1b2_PL,ICBHI_177,1,ICBHI,AKGC417L,0.9700702529745588,1
ICBHI_177_1b2_PL_001,ICBHI_177_1b2_PL,ICBHI_177,1,ICBHI,AKGC417L,0.5830253109361754,1
ICBHI_177_1b2_PL_002,ICBHI_177_1b2_PL,ICBHI_177,1,ICBHI,AKGC417L,0.3621792647817727,1
ICBHI_177_1b2_PL_003,ICBHI_177_1b2_PL,ICBHI_177,1,ICBHI,AKGC417L,0.9459013026311742,1
ICBHI_177_1b2_PL_004,ICBHI_177_1b2_PL,ICBHI_177,1,ICBHI,AKGC417L,0.9233161978167048,1
ICBHI_177_1b2_PL_005,ICBHI_177_1b2_PL,ICBHI_177,1,ICBHI,AKGC417L,0.8856314738181876,1
ICBHI_177_1b2_PL_006,ICBHI_177_1b2_PL,ICBHI_177,1,ICBHI,AKGC417L,0.9448931005611606,1
ICBHI_177_1b2_PR_000,ICBHI_177_1b2_PR,ICBHI_177,1,ICBHI,AKGC417L,0.9456006819553416,1
ICBHI_177_1b2_PR_001,ICBHI_177_1b2_PR,ICBHI_177,1,ICBHI,AKGC417L,0.8860265358862826,1
ICBHI_177_1b2_PR_002,ICBHI_177_1b2_PR,ICBHI_177,1,ICBHI,AKGC417L,0.910226713428791,1
ICBHI_177_1b2_PR_003,ICBHI_177_1b2_PR,ICBHI_177,1,ICBHI,AKGC417L,0.97369471946558,1
ICBHI_177_1b2_PR_004,ICBHI_177_1b2_PR,ICBHI_177,1,ICBHI,AKGC417L,0.9782604045723282,1
ICBHI_177_1b2_PR_005,ICBHI_177_1b2_PR,ICBHI_177,1,ICBHI,AKGC417L,0.9740919790859393,1
ICBHI_177_1b2_PR_006,ICBHI_177_1b2_PR,ICBHI_177,1,ICBHI,AKGC417L,0.977197364031994,1
ICBHI_177_1b2_TC_000,ICBHI_177_1b2_TC,ICBHI_177,1,ICBHI,AKGC417L,0.9015745876334376,1
ICBHI_177_1b2_TC_001,ICBHI_177_1b2_TC,ICBHI_177,1,ICBHI,AKGC417L,0.861654662567155,1
ICBHI_177_1b2_TC_002,ICBHI_177_1b2_TC,ICBHI_177,1,ICBHI,AKGC417L,0.7512833816078802,1
ICBHI_177_1b2_TC_003,ICBHI_177_1b2_TC,ICBHI_177,1,ICBHI,AKGC417L,0.9183338856080048,1
ICBHI_177_1b2_TC_004,ICBHI_177_1b2_TC,ICBHI_177,1,ICBHI,AKGC417L,0.9507778868028012,1
ICBHI_177_1b2_TC_005,ICBHI_177_1b2_TC,ICBHI_177,1,ICBHI,AKGC417L,0.9417613746890242,1
ICBHI_177_1b2_TC_006,ICBHI_177_1b2_TC,ICBHI_177,1,ICBHI,AKGC417L,0.9537942509646804,1
ICBHI_177_1b4_AL_000,ICBHI_177_1b4_AL,ICBHI_177,1,ICBHI,AKGC417L,0.6716859582336587,1
ICBHI_177_1b4_AL_001,ICBHI_177_1b4_AL,ICBHI_177,1,ICBHI,AKGC417L,0.2766905310254353,1
ICBHI_177_1b4_AL_002,ICBHI_177_1b4_AL,ICBHI_177,1,ICBHI,AKGC417L,0.3884440218246983,1
ICBHI_177_1b4_AL_003,ICBHI_177_1b4_AL,ICBHI_177,1,ICBHI,AKGC417L,0.861654662567155,1
ICBHI_177_1b4_AL_004,ICBHI_177_1b4_AL,ICBHI_177,1,ICBHI,AKGC417L,0.8966140333938164,1
ICBHI_177_1b4_AL_005,ICBHI_177_1b4_AL,ICBHI_177,1,ICBHI,AKGC417L,0.5632578476003665,1
ICBHI_177_1b4_AL_006,ICBHI_177_1b4_AL,ICBHI_177,1,ICBHI,AKGC417L,0.5061680525662462,1
ICBHI_177_1b4_AR_000,ICBHI_177_1b4_AR,ICBHI_177,1,ICBHI,AKGC417L,0.8603691485725568,1
ICBHI_177_1b4_AR_001,ICBHI_177_1b4_AR,ICBHI_177,1,ICBHI,AKGC417L,0.5830846619783866,1
ICBHI_177_1b4_AR_002,ICBHI_177_1b4_AR,ICBHI_177,1,ICBHI,AKGC417L,0.7118317107464548,1
ICBHI_177_1b4_AR_003,ICBHI_177_1b4_AR,ICBHI_177,1,ICBHI,AKGC417L,0.8335956974702619,1
ICBHI_177_1b4_AR_004,ICBHI_177_1b4_AR,ICBHI_177,1,ICBHI,AKGC417L,0.6956482746614501,1
ICBHI_177_1b4_AR_005,ICBHI_177_1b4_AR,ICBHI_177,1,ICBHI,AKGC417L,0.90894172110682,1
ICBHI_177_1b4_AR_006,ICBHI_177_1b4_AR,ICBHI_177,1,ICBHI,AKGC417L,0.9183338856080048,1
ICBHI_177_1b4_LR_000,ICBHI_177_1b4_LR,ICBHI_177,1,ICBHI,AKGC417L,0.918917886176106,1
ICBHI_177_1b4_LR_001,ICBHI_177_1b4_LR,ICBHI_177,1,ICBHI,AKGC417L,0.8169911499760516,1
ICBHI_177_1b4_LR_002,ICBHI_177_1b4_LR,ICBHI_177,1,ICBHI,AKGC417L,0.6424324776295582,1
ICBHI_177_1b4_LR_003,ICBHI_177_1b4_LR,ICBHI_177,1,ICBHI,AKGC417L,0.4038019350818632,1
ICBHI_177_1b4_LR_004,ICBHI_177_1b4_LR,ICBHI_177,1,ICBHI,AKGC417L,0.2254166158350767,1
ICBHI_177_1b4_LR_005,ICBHI_177_1b4_LR,ICBHI_177,1,ICBHI,AKGC417L,0.2647383631435034,1
ICBHI_177_1b4_LR_006,ICBHI_177_1b4_LR,ICBHI_177,1,ICBHI,AKGC417L,0.365796440671447,1
ICBHI_177_1b4_PL_000,ICBHI_177_1b4_PL,ICBHI_177,1,ICBHI,AKGC417L,0.8621196531439876,1
ICBHI_177_1b4_PL_001,ICBHI_177_1b4_PL,ICBHI_177,1,ICBHI,AKGC417L,0.2200070997458931,1
ICBHI_177_1b4_PL_002,ICBHI_177_1b4_PL,ICBHI_177,1,ICBHI,AKGC417L,0.3231664610482007,1
ICBHI_177_1b4_PL_003,ICBHI_177_1b4_PL,ICBHI_177,1,ICBHI,AKGC417L,0.8588370200175164,1
ICBHI_177_1b4_PL_004,ICBHI_177_1b4_PL,ICBHI_177,1,ICBHI,AKGC417L,0.5375269529096852,1
ICBHI_177_1b4_PL_005,ICBHI_177_1b4_PL,ICBHI_177,1,ICBHI,AKGC417L,0.8070047633091264,1
ICBHI_177_1b4_PL_006,ICBHI_177_1b4_PL,ICBHI_177,1,ICBHI,AKGC417L,0.9022656804095373,1
ICBHI_177_1b4_PR_000,ICBHI_177_1b4_PR,ICBHI_177,1,ICBHI,AKGC417L,0.9735442241838218,1
ICBHI_177_1b4_PR_001,ICBHI_177_1b4_PR,ICBHI_177,1,ICBHI,AKGC417L,0.9663470356814964,1
ICBHI_177_1b4_PR_002,ICBHI_177_1b4_PR,ICBHI_177,1,ICBHI,AKGC417L,0.9824904426504252,1
ICBHI_177_1b4_PR_003,ICBHI_177_1b4_PR,ICBHI_177,1,ICBHI,AKGC417L,0.97369471946558,1
ICBHI_177_1b4_PR_004,ICBHI_177_1b4_PR,ICBHI_177,1,ICBHI,AKGC417L,0.9799765587105448,1
ICBHI_177_1b4_PR_005,ICBHI_177_1b4_PR,ICBHI_177,1,ICBHI,AKGC417L,0.984032346511204,1
ICBHI_177_1b4_PR_006,ICBHI_177_1b4_PR,ICBHI_177,1,ICBHI,AKGC417L,0.9881308789536604,1
ICBHI_177_1b4_TC_000,ICBHI_177_1b4_TC,ICBHI_177,1,ICBHI,AKGC417L,0.9700134939339984,1
ICBHI_177_1b4_TC_001,ICBHI_177_1b4_TC,ICBHI_177,1,ICBHI,AKGC417L,0.971725399886542,1
ICBHI_177_1b4_TC_002,ICBHI_177_1b4_TC,ICBHI_177,1,ICBHI,AKGC417L,0.9730365001376664,1
ICBHI_177_1b4_TC_003,ICBHI_177_1b4_TC,ICBHI_177,1,ICBHI,AKGC417L,0.9635062337709722,1
ICBHI_177_1b4_TC_004,ICBHI_177_1b4_TC,ICBHI_177,1,ICBHI,AKGC417L,0.948058438498774,1
ICBHI_177_1b4_TC_005,ICBHI_177_1b4_TC,ICBHI_177,1,ICBHI,AKGC417L,0.9608048667967016,1
ICBHI_177_1b4_TC_006,ICBHI_177_1b4_TC,ICBHI_177,1,ICBHI,AKGC417L,0.9571978541000364,1
ICBHI_177_2b4_AL_000,ICBHI_177_2b4_AL,ICBHI_177,1,ICBHI,AKGC417L,0.9231777955470524,1
ICBHI_177_2b4_AL_001,ICBHI_177_2b4_AL,ICBHI_177,1,ICBHI,AKGC417L,0.9543930566810525,1
ICBHI_177_2b4_AL_002,ICBHI_177_2b4_AL,ICBHI_177,1,ICBHI,AKGC417L,0.9383503740450254,1
ICBHI_177_2b4_AL_003,ICBHI_177_2b4_AL,ICBHI_177,1,ICBHI,AKGC417L,0.926569947300106,1
ICBHI_177_2b4_AL_004,ICBHI_177_2b4_AL,ICBHI_177,1,ICBHI,AKGC417L,0.9354645234007783,1
ICBHI_177_2b4_AL_005,ICBHI_177_2b4_AL,ICBHI_177,1,ICBHI,AKGC417L,0.9411153004600163,1
ICBHI_177_2b4_AL_006,ICBHI_177_2b4_AL,ICBHI_177,1,ICBHI,AKGC417L,0.9580694764363312,1
ICBHI_177_2b4_LR_000,ICBHI_177_2b4_LR,ICBHI_177,1,ICBHI,AKGC417L,0.9399133498259924,1
ICBHI_177_2b4_LR_001,ICBHI_177_2b4_LR,ICBHI_177,1,ICBHI,AKGC417L,0.9628132248397596,1
ICBHI_177_2b4_LR_002,ICBHI_177_2b4_LR,ICBHI_177,1,ICBHI,AKGC417L,0.9692660692486924,1
ICBHI_177_2b4_LR_003,ICBHI_177_2b4_LR,ICBHI_177,1,ICBHI,AKGC417L,0.9699566305886772,1
ICBHI_177_2b4_LR_004,ICBHI_177_2b4_LR,ICBHI_177,1,ICBHI,AKGC417L,0.9755303303612836,1
ICBHI_177_2b4_LR_005,ICBHI_177_2b4_LR,ICBHI_177,1,ICBHI,AKGC417L,0.9749168590639716,1
ICBHI_177_2b4_LR_006,ICBHI_177_2b4_LR,ICBHI_177,1,ICBHI,AKGC417L,0.9700702529745588,1
ICBHI_177_2b4_PL_000,ICBHI_177_2b4_PL,ICBHI_177,1,ICBHI,AKGC417L,0.7382918730797098,1
ICBHI_177_2b4_PL_001,ICBHI_177_2b4_PL,ICBHI_177,1,ICBHI,AKGC417L,0.8891444050747391,1
ICBHI_177_2b4_PL_002,ICBHI_177_2b4_PL,ICBHI_177,1,ICBHI,AKGC417L,0.682573734412324,1
ICBHI_177_2b4_PL_003,ICBHI_177_2b4_PL,ICBHI_177,1,ICBHI,AKGC417L,0.7518304101315089,1
ICBHI_177_2b4_PL_004,ICBHI_177_2b4_PL,ICBHI_177,1,ICBHI,AKGC417L,0.4379737331328309,1
ICBHI_177_2b4_PL_005,ICBHI_177_2b4_PL,ICBHI_177,1,ICBHI,AKGC417L,0.034358689333009,1
ICBHI_177_2b4_PL_006,ICBHI_177_2b4_PL,ICBHI_177,1,ICBHI,AKGC417L,0.1884732997940459,1
ICBHI_177_2b4_PR_000,ICBHI_177_2b4_PR,ICBHI_177,1,ICBHI,AKGC417L,0.7781439548098582,1
ICBHI_177_2b4_PR_001,ICBHI_177_2b4_PR,ICBHI_177,1,ICBHI,AKGC417L,0.944689347784004,1
ICBHI_177_2b4_PR_002,ICBHI_177_2b4_PR,ICBHI_177,1,ICBHI,AKGC417L,0.9559813501370537,1
ICBHI_177_2b4_PR_003,ICBHI_177_2b4_PR,ICBHI_177,1,ICBHI,AKGC417L,0.9295683842009757,1
ICBHI_177_2b4_PR_004,ICBHI_177_2b4_PR,ICBHI_177,1,ICBHI,AKGC417L,0.921781129173075,1
ICBHI_177_2b4_PR_005,ICBHI_177_2b4_PR,ICBHI_177,1,ICBHI,AKGC417L,0.8794576945577478,1
ICBHI_177_2b4_PR_006,ICBHI_177_2b4_PR,ICBHI_177,1,ICBHI,AKGC417L,0.9063219973254492,1
ICBHI_177_2b4_TC_000,ICBHI_177_2b4_TC,ICBHI_177,1,ICBHI,AKGC417L,0.9299510391228232,1
ICBHI_177_2b4_TC_001,ICBHI_177_2b4_TC,ICBHI_177,1,ICBHI,AKGC417L,0.9354645234007783,1
ICBHI_177_2b4_TC_002,ICBHI_177_2b4_TC,ICBHI_177,1,ICBHI,AKGC417L,0.8828325306746402,1
ICBHI_177_2b4_TC_003,ICBHI_177_2b4_TC,ICBHI_177,1,ICBHI,AKGC417L,0.9430336178557912,1
ICBHI_177_2b4_TC_004,ICBHI_177_2b4_TC,ICBHI_177,1,ICBHI,AKGC417L,0.9459013026311742,1
ICBHI_177_2b4_TC_005,ICBHI_177_2b4_TC,ICBHI_177,1,ICBHI,AKGC417L,0.8940517128636203,1
ICBHI_177_2b4_TC_006,ICBHI_177_2b4_TC,ICBHI_177,1,ICBHI,AKGC417L,0.8982321554928229,1
ICBHI_180_1b4_AL_000,ICBHI_180_1b4_AL,ICBHI_180,1,ICBHI,AKGC417L,0.9572778024535096,1
ICBHI_180_1b4_AL_001,ICBHI_180_1b4_AL,ICBHI_180,1,ICBHI,AKGC417L,0.9584600343879384,1
ICBHI_180_1b4_AL_002,ICBHI_180_1b4_AL,ICBHI_180,1,ICBHI,AKGC417L,0.9643885866370536,1
ICBHI_180_1b4_AL_003,ICBHI_180_1b4_AL,ICBHI_180,1,ICBHI,AKGC417L,0.9542227274192232,1
ICBHI_180_1b4_AL_004,ICBHI_180_1b4_AL,ICBHI_180,1,ICBHI,AKGC417L,0.956553103139948,1
ICBHI_180_1b4_AL_005,ICBHI_180_1b4_AL,ICBHI_180,1,ICBHI,AKGC417L,0.9647224530933884,1
ICBHI_180_1b4_AL_006,ICBHI_180_1b4_AL,ICBHI_180,1,ICBHI,AKGC417L,0.9675944825013576,1
ICBHI_180_1b4_AR_000,ICBHI_180_1b4_AR,ICBHI_180,1,ICBHI,AKGC417L,0.9630919338027948,1
ICBHI_180_1b4_AR_001,ICBHI_180_1b4_AR,ICBHI_180,1,ICBHI,AKGC417L,0.974964576461264,1
ICBHI_180_1b4_AR_002,ICBHI_180_1b4_AR,ICBHI_180,1,ICBHI,AKGC417L,0.9330657967976504,1
ICBHI_180_1b4_AR_003,ICBHI_180_1b4_AR,ICBHI_180,1,ICBHI,AKGC417L,0.8933094060543487,1
ICBHI_180_1b4_AR_004,ICBHI_180_1b4_AR,ICBHI_180,1,ICBHI,AKGC417L,0.9733928914303028,1
ICBHI_180_1b4_AR_005,ICBHI_180_1b4_AR,ICBHI_180,1,ICBHI,AKGC417L,0.9702399060540357,1
ICBHI_180_1b4_AR_006,ICBHI_180_1b4_AR,ICBHI_180,1,ICBHI,AKGC417L,0.9575961713681532,1
ICBHI_180_1b4_LR_000,ICBHI_180_1b4_LR,ICBHI_180,1,ICBHI,AKGC417L,0.9237300338193294,1
ICBHI_180_1b4_LR_001,ICBHI_180_1b4_LR,ICBHI_180,1,ICBHI,AKGC417L,0.9390248191350352,1
ICBHI_180_1b4_LR_002,ICBHI_180_1b4_LR,ICBHI_180,1,ICBHI,AKGC417L,0.9354645234007783,1
ICBHI_180_1b4_LR_003,ICBHI_180_1b4_LR,ICBHI_180,1,ICBHI,AKGC417L,0.9466953173537304,1
ICBHI_180_1b4_LR_004,ICBHI_180_1b4_LR,ICBHI_180,1,ICBHI,AKGC417L,0.9099070060380482,1
ICBHI_180_1b4_LR_005,ICBHI_180_1b4_LR,ICBHI_180,1,ICBHI,AKGC417L,0.8776866156761532,1
ICBHI_180_1b4_LR_006,ICBHI_180_1b4_LR,ICBHI_180,1,ICBHI,AKGC417L,0.9061560406079822,1
ICBHI_180_1b4_PL_000,ICBHI_180_1b4_PL,ICBHI_180,1,ICBHI,AKGC417L,0.9138304453571467,1
ICBHI_180_1b4_PL_001,ICBHI_180_1b4_PL,ICBHI_180,1,ICBHI,AKGC417L,0.9094255214176163,1
ICBHI_180_1b4_PL_002,ICBHI_180_1b4_PL,ICBHI_180,1,ICBHI,AKGC417L,0.9566342012360932,1
ICBHI_180_1b4_PL_003,ICBHI_180_1b4_PL,ICBHI_180,1,ICBHI,AKGC417L,0.85256760954532,1
ICBHI_180_1b4_PL_004,ICBHI_180_1b4_PL,ICBHI_180,1,ICBHI,AKGC417L,0.8802834600060329,1
ICBHI_180_1b4_PL_005,ICBHI_180_1b4_PL,ICBHI_180,1,ICBHI,AKGC417L,0.943659904602972,1
ICBHI_180_1b4_PL_006,ICBHI_180_1b4_PL,ICBHI_180,1,ICBHI,AKGC417L,0.949482330277519,1
ICBHI_180_1b4_PR_000,ICBHI_180_1b4_PR,ICBHI_180,1,ICBHI,AKGC417L,0.8201815702933557,1
ICBHI_180_1b4_PR_001,ICBHI_180_1b4_PR,ICBHI_180,1,ICBHI,AKGC417L,0.8902942261220291,1
ICBHI_180_1b4_PR_002,ICBHI_180_1b4_PR,ICBHI_180,1,ICBHI,AKGC417L,0.8714748610635069,1
ICBHI_180_1b4_PR_003,ICBHI_180_1b4_PR,ICBHI_180,1,ICBHI,AKGC417L,0.8374870945748015,1
ICBHI_180_1b4_PR_004,ICBHI_180_1b4_PR,ICBHI_180,1,ICBHI,AKGC417L,0.8864204083088262,1
ICBHI_180_1b4_PR_005,ICBHI_180_1b4_PR,ICBHI_180,1,ICBHI,AKGC417L,0.8677098048603524,1
ICBHI_180_1b4_PR_006,ICBHI_180_1b4_PR,ICBHI_180,1,ICBHI,AKGC417L,0.8536689404283129,1
ICBHI_183_1b1_PL_000,ICBHI_183_1b1_PL,ICBHI_183,0,ICBHI,Meditron,0.1256006584362425,1
ICBHI_183_1b1_PL_001,ICBHI_183_1b1_PL,ICBHI_183,0,ICBHI,Meditron,0.1746916902686322,1
ICBHI_183_1b1_PL_002,ICBHI_183_1b1_PL,ICBHI_183,0,ICBHI,Meditron,0.1561048974454574,1
ICBHI_183_1b1_PL_003,ICBHI_183_1b1_PL,ICBHI_183,0,ICBHI,Meditron,0.4536248838578532,1
ICBHI_183_1b1_PL_004,ICBHI_183_1b1_PL,ICBHI_183,0,ICBHI,Meditron,0.3509773114397458,1
ICBHI_183_1b1_PL_005,ICBHI_183_1b1_PL,ICBHI_183,0,ICBHI,Meditron,0.1605290599602223,1
ICBHI_183_1b1_PL_006,ICBHI_183_1b1_PL,ICBHI_183,0,ICBHI,Meditron,0.3094409135901335,1
ICBHI_183_1b1_TC_000,ICBHI_183_1b1_TC,ICBHI_183,0,ICBHI,Meditron,0.0268612028076578,1
ICBHI_183_1b1_TC_001,ICBHI_183_1b1_TC,ICBHI_183,0,ICBHI,Meditron,0.0060035957965714,1
ICBHI_183_1b1_TC_002,ICBHI_183_1b1_TC,ICBHI_183,0,ICBHI,Meditron,0.0037654137846738,1
ICBHI_183_1b1_TC_003,ICBHI_183_1b1_TC,ICBHI_183,0,ICBHI,Meditron,0.0010005044009099,1
ICBHI_183_1b1_TC_004,ICBHI_183_1b1_TC,ICBHI_183,0,ICBHI,Meditron,5.783766566955725e-05,1
ICBHI_183_1b1_TC_005,ICBHI_183_1b1_TC,ICBHI_183,0,ICBHI,Meditron,0.0006000071793384,1
ICBHI_183_1b1_TC_006,ICBHI_183_1b1_TC,ICBHI_183,0,ICBHI,Meditron,0.0001007140022173,1
ICBHI_186_2b2_AL_000,ICBHI_186_2b2_AL,ICBHI_186,1,ICBHI,AKGC417L,0.9386884633979417,1
ICBHI_186_2b2_AL_001,ICBHI_186_2b2_AL,ICBHI_186,1,ICBHI,AKGC417L,0.9469902279841446,1
ICBHI_186_2b2_AL_002,ICBHI_186_2b2_AL,ICBHI_186,1,ICBHI,AKGC417L,0.9484418104757254,1
ICBHI_186_2b2_AL_003,ICBHI_186_2b2_AL,ICBHI_186,1,ICBHI,AKGC417L,0.956308939359532,1
ICBHI_186_2b2_AL_004,ICBHI_186_2b2_AL,ICBHI_186,1,ICBHI,AKGC417L,0.943763654295516,1
ICBHI_186_2b2_AL_005,ICBHI_186_2b2_AL,ICBHI_186,1,ICBHI,AKGC417L,0.9647224530933884,1
ICBHI_186_2b2_AL_006,ICBHI_186_2b2_AL,ICBHI_186,1,ICBHI,AKGC417L,0.964921323357116,1
ICBHI_186_2b2_AR_000,ICBHI_186_2b2_AR,ICBHI_186,1,ICBHI,AKGC417L,0.7275885048718822,1
ICBHI_186_2b2_AR_001,ICBHI_186_2b2_AR,ICBHI_186,1,ICBHI,AKGC417L,0.8571713508894407,1
ICBHI_186_2b2_AR_002,ICBHI_186_2b2_AR,ICBHI_186,1,ICBHI,AKGC417L,0.9515039967560432,1
ICBHI_186_2b2_AR_003,ICBHI_186_2b2_AR,ICBHI_186,1,ICBHI,AKGC417L,0.8967949426280529,1
ICBHI_186_2b2_AR_004,ICBHI_186_2b2_AR,ICBHI_186,1,ICBHI,AKGC417L,0.9007046022173545,1
ICBHI_186_2b2_AR_005,ICBHI_186_2b2_AR,ICBHI_186,1,ICBHI,AKGC417L,0.9435559749515046,1
ICBHI_186_2b2_AR_006,ICBHI_186_2b2_AR,ICBHI_186,1,ICBHI,AKGC417L,0.9635748473593744,1
ICBHI_186_2b2_LR_000,ICBHI_186_2b2_LR,ICBHI_186,1,ICBHI,AKGC417L,0.930458255494172,1
ICBHI_186_2b2_LR_001,ICBHI_186_2b2_LR,ICBHI_186,1,ICBHI,AKGC417L,0.9495759309565864,1
ICBHI_186_2b2_LR_002,ICBHI_186_2b2_LR,ICBHI_186,1,ICBHI,AKGC417L,0.958382202225562,1
ICBHI_186_2b2_LR_003,ICBHI_186_2b2_LR,ICBHI_186,1,ICBHI,AKGC417L,0.9639839292499328,1
ICBHI_186_2b2_LR_004,ICBHI_186_2b2_LR,ICBHI_186,1,ICBHI,AKGC417L,0.9709643572583984,1
ICBHI_186_2b2_LR_005,ICBHI_186_2b2_LR,ICBHI_186,1,ICBHI,AKGC417L,0.9697281305754024,1
ICBHI_186_2b2_LR_006,ICBHI_186_2b2_LR,ICBHI_186,1,ICBHI,AKGC417L,0.9657060528791284,1
ICBHI_186_2b2_PL_000,ICBHI_186_2b2_PL,ICBHI_186,1,ICBHI,AKGC417L,0.93096207182521,1
ICBHI_186_2b2_PL_001,ICBHI_186_2b2_PL,ICBHI_186,1,ICBHI,AKGC417L,0.9267027235112548,1
ICBHI_186_2b2_PL_002,ICBHI_186_2b2_PL,ICBHI_186,1,ICBHI,AKGC417L,0.9472835978632692,1
ICBHI_186_2b2_PL_003,ICBHI_186_2b2_PL,ICBHI_186,1,ICBHI,AKGC417L,0.9450961463787158,1
ICBHI_186_2b2_PL_004,ICBHI_186_2b2_PL,ICBHI_186,1,ICBHI,AKGC417L,0.9602121916306376,1
ICBHI_186_2b2_PL_005,ICBHI_186_2b2_PL,ICBHI_186,1,ICBHI,AKGC417L,0.935582334586506,1
ICBHI_186_2b2_PL_006,ICBHI_186_2b2_PL,ICBHI_186,1,ICBHI,AKGC417L,0.9468920959838324,1
ICBHI_186_2b2_PR_000,ICBHI_186_2b2_PR,ICBHI_186,1,ICBHI,AKGC417L,0.9364014209523384,1
ICBHI_186_2b2_PR_001,ICBHI_186_2b2_PR,ICBHI_186,1,ICBHI,AKGC417L,0.9451974048440384,1
ICBHI_186_2b2_PR_002,ICBHI_186_2b2_PR,ICBHI_186,1,ICBHI,AKGC417L,0.9505947548144924,1
ICBHI_186_2b2_PR_003,ICBHI_186_2b2_PR,ICBHI_186,1,ICBHI,AKGC417L,0.9525741268224334,1
ICBHI_186_2b2_PR_004,ICBHI_186_2b2_PR,ICBHI_186,1,ICBHI,AKGC417L,0.9577545043363116,1
ICBHI_186_2b2_PR_005,ICBHI_186_2b2_PR,ICBHI_186,1,ICBHI,AKGC417L,0.959230733755612,1
ICBHI_186_2b2_PR_006,ICBHI_186_2b2_PR,ICBHI_186,1,ICBHI,AKGC417L,0.9619649074673172,1
ICBHI_186_2b2_TC_000,ICBHI_186_2b2_TC,ICBHI_186,1,ICBHI,AKGC417L,0.6440012477104936,1
ICBHI_186_2b2_TC_001,ICBHI_186_2b2_TC,ICBHI_186,1,ICBHI,AKGC417L,0.7704647868335476,1
ICBHI_186_2b2_TC_002,ICBHI_186_2b2_TC,ICBHI_186,1,ICBHI,AKGC417L,0.6064984551609598,1
ICBHI_186_2b2_TC_003,ICBHI_186_2b2_TC,ICBHI_186,1,ICBHI,AKGC417L,0.5850418859326878,1
ICBHI_186_2b2_TC_004,ICBHI_186_2b2_TC,ICBHI_186,1,ICBHI,AKGC417L,0.8848377712685633,1
ICBHI_186_2b2_TC_005,ICBHI_186_2b2_TC,ICBHI_186,1,ICBHI,AKGC417L,0.461593140475024,1
ICBHI_186_2b2_TC_006,ICBHI_186_2b2_TC,ICBHI_186,1,ICBHI,AKGC417L,0.0554127943817691,1
ICBHI_186_2b3_AL_000,ICBHI_186_2b3_AL,ICBHI_186,1,ICBHI,AKGC417L,0.9249592754615028,1
ICBHI_186_2b3_AL_001,ICBHI_186_2b3_AL,ICBHI_186,1,ICBHI,AKGC417L,0.939136553775108,1
ICBHI_186_2b3_AL_002,ICBHI_186_2b3_AL,ICBHI_186,1,ICBHI,AKGC417L,0.959000972812607,1
ICBHI_186_2b3_AL_003,ICBHI_186_2b3_AL,ICBHI_186,1,ICBHI,AKGC417L,0.9571978541000364,1
ICBHI_186_2b3_AL_004,ICBHI_186_2b3_AL,ICBHI_186,1,ICBHI,AKGC417L,0.9610980199022024,1
ICBHI_186_2b3_AL_005,ICBHI_186_2b3_AL,ICBHI_186,1,ICBHI,AKGC417L,0.9557341219002828,1
ICBHI_186_2b3_AL_006,ICBHI_186_2b3_AL,ICBHI_186,1,ICBHI,AKGC417L,0.9519526413943112,1
ICBHI_186_2b3_AR_000,ICBHI_186_2b3_AR,ICBHI_186,1,ICBHI,AKGC417L,0.8659058913092083,1
ICBHI_186_2b3_AR_001,ICBHI_186_2b3_AR,ICBHI_186,1,ICBHI,AKGC417L,0.8707072458481652,1
ICBHI_186_2b3_AR_002,ICBHI_186_2b3_AR,ICBHI_186,1,ICBHI,AKGC417L,0.941439173126251,1
ICBHI_186_2b3_AR_003,ICBHI_186_2b3_AR,ICBHI_186,1,ICBHI,AKGC417L,0.9641868082445192,1
ICBHI_186_2b3_AR_004,ICBHI_186_2b3_AR,ICBHI_186,1,ICBHI,AKGC417L,0.9168570857654618,1
ICBHI_186_2b3_AR_005,ICBHI_186_2b3_AR,ICBHI_186,1,ICBHI,AKGC417L,0.9438672242987702,1
ICBHI_186_2b3_AR_006,ICBHI_186_2b3_AR,ICBHI_186,1,ICBHI,AKGC417L,0.9538802504524166,1
ICBHI_186_2b3_LR_000,ICBHI_186_2b3_LR,ICBHI_186,1,ICBHI,AKGC417L,0.9284088005554476,1
ICBHI_186_2b3_LR_001,ICBHI_186_2b3_LR,ICBHI_186,1,ICBHI,AKGC417L,0.9522199336364292,1
ICBHI_186_2b3_LR_002,ICBHI_186_2b3_LR,ICBHI_186,1,ICBHI,AKGC417L,0.9600626857930734,1
ICBHI_186_2b3_LR_003,ICBHI_186_2b3_LR,ICBHI_186,1,ICBHI,AKGC417L,0.9537942509646804,1
ICBHI_186_2b3_LR_004,ICBHI_186_2b3_LR,ICBHI_186,1,ICBHI,AKGC417L,0.9510513782831764,1
ICBHI_186_2b3_LR_005,ICBHI_186_2b3_LR,ICBHI_186,1,ICBHI,AKGC417L,0.9382372910349688,1
ICBHI_186_2b3_LR_006,ICBHI_186_2b3_LR,ICBHI_186,1,ICBHI,AKGC417L,0.923592316649553,1
ICBHI_186_2b3_PL_000,ICBHI_186_2b3_PL,ICBHI_186,1,ICBHI,AKGC417L,0.900003694229084,1
ICBHI_186_2b3_PL_001,ICBHI_186_2b3_PL,ICBHI_186,1,ICBHI,AKGC417L,0.8625833300945107,1
ICBHI_186_2b3_PL_002,ICBHI_186_2b3_PL,ICBHI_186,1,ICBHI,AKGC417L,0.9427180267807428,1
ICBHI_186_2b3_PL_003,ICBHI_186_2b3_PL,ICBHI_186,1,ICBHI,AKGC417L,0.8994751304753559,1
ICBHI_186_2b3_PL_004,ICBHI_186_2b3_PL,ICBHI_186,1,ICBHI,AKGC417L,0.9286679988850832,1
ICBHI_186_2b3_PL_005,ICBHI_186_2b3_PL,ICBHI_186,1,ICBHI,AKGC417L,0.9545627823553606,1
ICBHI_186_2b3_PL_006,ICBHI_186_2b3_PL,ICBHI_186,1,ICBHI,AKGC417L,0.9473810466522864,1
ICBHI_186_2b3_PR_000,ICBHI_186_2b3_PR,ICBHI_186,1,ICBHI,AKGC417L,0.9361683919753396,1
ICBHI_186_2b3_PR_001,ICBHI_186_2b3_PR,ICBHI_186,1,ICBHI,AKGC417L,0.9507778868028012,1
ICBHI_186_2b3_PR_002,ICBHI_186_2b3_PR,ICBHI_186,1,ICBHI,AKGC417L,0.9532750413739076,1
ICBHI_186_2b3_PR_003,ICBHI_186_2b3_PR,ICBHI_186,1,ICBHI,AKGC417L,0.9348724531603766,1
ICBHI_186_2b3_PR_004,ICBHI_186_2b3_PR,ICBHI_186,1,ICBHI,AKGC417L,0.9422946838534368,1
ICBHI_186_2b3_PR_005,ICBHI_186_2b3_PR,ICBHI_186,1,ICBHI,AKGC417L,0.9452984873686288,1
ICBHI_186_2b3_PR_006,ICBHI_186_2b3_PR,ICBHI_186,1,ICBHI,AKGC417L,0.937554714386016,1
ICBHI_186_2b3_TC_000,ICBHI_186_2b3_TC,ICBHI_186,1,ICBHI,AKGC417L,0.3937929133445389,1
ICBHI_186_2b3_TC_001,ICBHI_186_2b3_TC,ICBHI_186,1,ICBHI,AKGC417L,0.3283140417663412,1
ICBHI_186_2b3_TC_002,ICBHI_186_2b3_TC,ICBHI_186,1,ICBHI,AKGC417L,0.4618965297993773,1
ICBHI_186_2b3_TC_003,ICBHI_186_2b3_TC,ICBHI_186,1,ICBHI,AKGC417L,0.2499961518012656,1
ICBHI_186_2b3_TC_004,ICBHI_186_2b3_TC,ICBHI_186,1,ICBHI,AKGC417L,0.487925016739626,1
ICBHI_186_2b3_TC_005,ICBHI_186_2b3_TC,ICBHI_186,1,ICBHI,AKGC417L,0.6768335389517993,1
ICBHI_186_2b3_TC_006,ICBHI_186_2b3_TC,ICBHI_186,1,ICBHI,AKGC417L,0.8051730214343621,1
ICBHI_186_2b4_AL_000,ICBHI_186_2b4_AL,ICBHI_186,1,ICBHI,AKGC417L,0.9658995742876884,1
ICBHI_186_2b4_AL_001,ICBHI_186_2b4_AL,ICBHI_186,1,ICBHI,AKGC417L,0.937554714386016,1
ICBHI_186_2b4_AL_002,ICBHI_186_2b4_AL,ICBHI_186,1,ICBHI,AKGC417L,0.922062308826481,1
ICBHI_186_2b4_AL_003,ICBHI_186_2b4_AL,ICBHI_186,1,ICBHI,AKGC417L,0.9400235602628372,1
ICBHI_186_2b4_AL_004,ICBHI_186_2b4_AL,ICBHI_186,1,ICBHI,AKGC417L,0.9499486938814428,1
ICBHI_186_2b4_AL_005,ICBHI_186_2b4_AL,ICBHI_186,1,ICBHI,AKGC417L,0.95938322225612,1
ICBHI_186_2b4_AL_006,ICBHI_186_2b4_AL,ICBHI_186,1,ICBHI,AKGC417L,0.915959388442632,1
ICBHI_186_2b4_AR_000,ICBHI_186_2b4_AR,ICBHI_186,1,ICBHI,AKGC417L,0.9076402020521152,1
ICBHI_186_2b4_AR_001,ICBHI_186_2b4_AR,ICBHI_186,1,ICBHI,AKGC417L,0.9556514186046016,1
ICBHI_186_2b4_AR_002,ICBHI_186_2b4_AR,ICBHI_186,1,ICBHI,AKGC417L,0.8893367717588612,1
ICBHI_186_2b4_AR_003,ICBHI_186_2b4_AR,ICBHI_186,1,ICBHI,AKGC417L,0.9244152093213264,1
ICBHI_186_2b4_AR_004,ICBHI_186_2b4_AR,ICBHI_186,1,ICBHI,AKGC417L,0.93183562573443,1
ICBHI_186_2b4_AR_005,ICBHI_186_2b4_AR,ICBHI_186,1,ICBHI,AKGC417L,0.888758793492457,1
ICBHI_186_2b4_AR_006,ICBHI_186_2b4_AR,ICBHI_186,1,ICBHI,AKGC417L,0.9324533088603708,1
ICBHI_186_2b4_LR_000,ICBHI_186_2b4_LR,ICBHI_186,1,ICBHI,AKGC417L,0.9558990874315896,1
ICBHI_186_2b4_LR_001,ICBHI_186_2b4_LR,ICBHI_186,1,ICBHI,AKGC417L,0.9460011610004748,1
ICBHI_186_2b4_LR_002,ICBHI_186_2b4_LR,ICBHI_186,1,ICBHI,AKGC417L,0.9574372713515004,1
ICBHI_186_2b4_LR_003,ICBHI_186_2b4_LR,ICBHI_186,1,ICBHI,AKGC417L,0.9488225055941706,1
ICBHI_186_2b4_LR_004,ICBHI_186_2b4_LR,ICBHI_186,1,ICBHI,AKGC417L,0.9532750413739076,1
ICBHI_186_2b4_LR_005,ICBHI_186_2b4_LR,ICBHI_186,1,ICBHI,AKGC417L,0.9477691428985744,1
ICBHI_186_2b4_LR_006,ICBHI_186_2b4_LR,ICBHI_186,1,ICBHI,AKGC417L,0.9492005402963102,1
ICBHI_186_2b4_PL_000,ICBHI_186_2b4_PL,ICBHI_186,1,ICBHI,AKGC417L,0.9336731259764038,1
ICBHI_186_2b4_PL_001,ICBHI_186_2b4_PL,ICBHI_186,1,ICBHI,AKGC417L,0.9381240142763572,1
ICBHI_186_2b4_PL_002,ICBHI_186_2b4_PL,ICBHI_186,1,ICBHI,AKGC417L,0.927363293639213,1
ICBHI_186_2b4_PL_003,ICBHI_186_2b4_PL,ICBHI_186,1,ICBHI,AKGC417L,0.9237300338193294,1
ICBHI_186_2b4_PL_004,ICBHI_186_2b4_PL,ICBHI_186,1,ICBHI,AKGC417L,0.9475754340373932,1
ICBHI_186_2b4_PL_005,ICBHI_186_2b4_PL,ICBHI_186,1,ICBHI,AKGC417L,0.927099726575378,1
ICBHI_186_2b4_PL_006,ICBHI_186_2b4_PL,ICBHI_186,1,ICBHI,AKGC417L,0.9381240142763572,1
ICBHI_186_2b4_PR_000,ICBHI_186_2b4_PR,ICBHI_186,1,ICBHI,AKGC417L,0.91610961358942,1
ICBHI_186_2b4_PR_001,ICBHI_186_2b4_PR,ICBHI_186,1,ICBHI,AKGC417L,0.93789687838626,1
ICBHI_186_2b4_PR_002,ICBHI_186_2b4_PR,ICBHI_186,1,ICBHI,AKGC417L,0.9440738263146948,1
ICBHI_186_2b4_PR_003,ICBHI_186_2b4_PR,ICBHI_186,1,ICBHI,AKGC417L,0.9443823883953985,1
ICBHI_186_2b4_PR_004,ICBHI_186_2b4_PR,ICBHI_186,1,ICBHI,AKGC417L,0.941439173126251,1
ICBHI_186_2b4_PR_005,ICBHI_186_2b4_PR,ICBHI_186,1,ICBHI,AKGC417L,0.935109885267838,1
ICBHI_186_2b4_PR_006,ICBHI_186_2b4_PR,ICBHI_186,1,ICBHI,AKGC417L,0.9441768588653856,1
ICBHI_186_2b4_TC_000,ICBHI_186_2b4_TC,ICBHI_186,1,ICBHI,AKGC417L,0.8104789086703224,1
ICBHI_186_2b4_TC_001,ICBHI_186_2b4_TC,ICBHI_186,1,ICBHI,AKGC417L,0.786130671364785,1
ICBHI_186_2b4_TC_002,ICBHI_186_2b4_TC,ICBHI_186,1,ICBHI,AKGC417L,0.8800774779980822,1
ICBHI_186_2b4_TC_003,ICBHI_186_2b4_TC,ICBHI_186,1,ICBHI,AKGC417L,0.867373145064478,1
ICBHI_186_2b4_TC_004,ICBHI_186_2b4_TC,ICBHI_186,1,ICBHI,AKGC417L,0.5861675603827446,1
ICBHI_186_2b4_TC_005,ICBHI_186_2b4_TC,ICBHI_186,1,ICBHI,AKGC417L,0.4630193139720559,1
ICBHI_186_2b4_TC_006,ICBHI_186_2b4_TC,ICBHI_186,1,ICBHI,AKGC417L,0.7995988509311733,1
ICBHI_186_3b3_AL_000,ICBHI_186_3b3_AL,ICBHI_186,1,ICBHI,AKGC417L,0.9456006819553416,1
ICBHI_186_3b3_AL_001,ICBHI_186_3b3_AL,ICBHI_186,1,ICBHI,AKGC417L,0.9680204398748076,1
ICBHI_186_3b3_AL_002,ICBHI_186_3b3_AL,ICBHI_186,1,ICBHI,AKGC417L,0.9691494910279632,1
ICBHI_186_3b3_AL_003,ICBHI_186_3b3_AL,ICBHI_186,1,ICBHI,AKGC417L,0.9625324931014264,1
ICBHI_186_3b3_AL_004,ICBHI_186_3b3_AL,ICBHI_186,1,ICBHI,AKGC417L,0.9571177628369032,1
ICBHI_186_3b3_AL_005,ICBHI_186_3b3_AL,ICBHI_186,1,ICBHI,AKGC417L,0.8683809516442299,1
ICBHI_186_3b3_AL_006,ICBHI_186_3b3_AL,ICBHI_186,1,ICBHI,AKGC417L,0.9492005402963102,1
ICBHI_186_3b3_AR_000,ICBHI_186_3b3_AR,ICBHI_186,1,ICBHI,AKGC417L,0.9322068610768112,1
ICBHI_186_3b3_AR_001,ICBHI_186_3b3_AR,ICBHI_186,1,ICBHI,AKGC417L,0.9549844683997676,1
ICBHI_186_3b3_AR_002,ICBHI_186_3b3_AR,ICBHI_186,1,ICBHI,AKGC417L,0.960657496735742,1
ICBHI_186_3b3_AR_003,ICBHI_186_3b3_AR,ICBHI_186,1,ICBHI,AKGC417L,0.9549004305956024,1
ICBHI_186_3b3_AR_004,ICBHI_186_3b3_AR,ICBHI_186,1,ICBHI,AKGC417L,0.964589269923676,1
ICBHI_186_3b3_AR_005,ICBHI_186_3b3_AR,ICBHI_186,1,ICBHI,AKGC417L,0.9784259335698816,1
ICBHI_186_3b3_AR_006,ICBHI_186_3b3_AR,ICBHI_186,1,ICBHI,AKGC417L,0.966410494349896,1
ICBHI_186_3b3_LR_000,ICBHI_186_3b3_LR,ICBHI_186,1,ICBHI,AKGC417L,0.940898453289248,1
ICBHI_186_3b3_LR_001,ICBHI_186_3b3_LR,ICBHI_186,1,ICBHI,AKGC417L,0.9450961463787158,1
ICBHI_186_3b3_LR_002,ICBHI_186_3b3_LR,ICBHI_186,1,ICBHI,AKGC417L,0.9448931005611606,1
ICBHI_186_3b3_LR_003,ICBHI_186_3b3_LR,ICBHI_186,1,ICBHI,AKGC417L,0.9405717789263596,1
ICBHI_186_3b3_LR_004,ICBHI_186_3b3_LR,ICBHI_186,1,ICBHI,AKGC417L,0.9403530570548788,1
ICBHI_186_3b3_LR_005,ICBHI_186_3b3_LR,ICBHI_186,1,ICBHI,AKGC417L,0.9171543753982088,1
ICBHI_186_3b3_LR_006,ICBHI_186_3b3_LR,ICBHI_186,1,ICBHI,AKGC417L,0.9326989254151,1
ICBHI_186_3b3_PL_000,ICBHI_186_3b3_PL,ICBHI_186,1,ICBHI,AKGC417L,0.939136553775108,1
ICBHI_186_3b3_PL_001,ICBHI_186_3b3_PL,ICBHI_186,1,ICBHI,AKGC417L,0.927363293639213,1
ICBHI_186_3b3_PL_002,ICBHI_186_3b3_PL,ICBHI_186,1,ICBHI,AKGC417L,0.9282788756737624,1
ICBHI_186_3b3_PL_003,ICBHI_186_3b3_PL,ICBHI_186,1,ICBHI,AKGC417L,0.8889517457525925,1
ICBHI_186_3b3_PL_004,ICBHI_186_3b3_PL,ICBHI_186,1,ICBHI,AKGC417L,0.9308364354644564,1
ICBHI_186_3b3_PL_005,ICBHI_186_3b3_PL,ICBHI_186,1,ICBHI,AKGC417L,0.9435559749515046,1
ICBHI_186_3b3_PL_006,ICBHI_186_3b3_PL,ICBHI_186,1,ICBHI,AKGC417L,0.940898453289248,1
ICBHI_186_3b3_PR_000,ICBHI_186_3b3_PR,ICBHI_186,1,ICBHI,AKGC417L,0.9150528966571873,1
ICBHI_186_3b3_PR_001,ICBHI_186_3b3_PR,ICBHI_186,1,ICBHI,AKGC417L,0.9284088005554476,1
ICBHI_186_3b3_PR_002,ICBHI_186_3b3_PR,ICBHI_186,1,ICBHI,AKGC417L,0.9554855697765152,1
ICBHI_186_3b3_PR_003,ICBHI_186_3b3_PR,ICBHI_186,1,ICBHI,AKGC417L,0.941439173126251,1
ICBHI_186_3b3_PR_004,ICBHI_186_3b3_PR,ICBHI_186,1,ICBHI,AKGC417L,0.936051579348768,1
ICBHI_186_3b3_PR_005,ICBHI_186_3b3_PR,ICBHI_186,1,ICBHI,AKGC417L,0.9336731259764038,1
ICBHI_186_3b3_PR_006,ICBHI_186_3b3_PR,ICBHI_186,1,ICBHI,AKGC417L,0.9492946352021694,1
ICBHI_186_3b3_TC_000,ICBHI_186_3b3_TC,ICBHI_186,1,ICBHI,AKGC417L,0.7671669574523438,1
ICBHI_186_3b3_TC_001,ICBHI_186_3b3_TC,ICBHI_186,1,ICBHI,AKGC417L,0.4131811437829579,1
ICBHI_186_3b3_TC_002,ICBHI_186_3b3_TC,ICBHI_186,1,ICBHI,AKGC417L,0.8070047633091264,1
ICBHI_186_3b3_TC_003,ICBHI_186_3b3_TC,ICBHI_186,1,ICBHI,AKGC417L,0.9029524430206696,1
ICBHI_186_3b3_TC_004,ICBHI_186_3b3_TC,ICBHI_186,1,ICBHI,AKGC417L,0.8271310977126684,1
ICBHI_186_3b3_TC_005,ICBHI_186_3b3_TC,ICBHI_186,1,ICBHI,AKGC417L,0.8975157807475012,1
ICBHI_186_3b3_TC_006,ICBHI_186_3b3_TC,ICBHI_186,1,ICBHI,AKGC417L,0.927363293639213,1
ICBHI_207_2b2_AL_000,ICBHI_207_2b2_AL,ICBHI_207,1,ICBHI,AKGC417L,0.7590468412771528,1
ICBHI_207_2b2_AL_001,ICBHI_207_2b2_AL,ICBHI_207,1,ICBHI,AKGC417L,0.8036365265772738,1
ICBHI_207_2b2_AL_002,ICBHI_207_2b2_AL,ICBHI_207,1,ICBHI,AKGC417L,0.8822250804291385,1
ICBHI_207_2b2_AL_003,ICBHI_207_2b2_AL,ICBHI_207,1,ICBHI,AKGC417L,0.8088233724223733,1
ICBHI_207_2b2_AL_004,ICBHI_207_2b2_AL,ICBHI_207,1,ICBHI,AKGC417L,0.6515766011172324,1
ICBHI_207_2b2_AL_005,ICBHI_207_2b2_AL,ICBHI_207,1,ICBHI,AKGC417L,0.7316342000863527,1
ICBHI_207_2b2_AL_006,ICBHI_207_2b2_AL,ICBHI_207,1,ICBHI,AKGC417L,0.8025555428951934,1
ICBHI_207_2b2_AR_000,ICBHI_207_2b2_AR,ICBHI_207,1,ICBHI,AKGC417L,0.6607198838610993,1
ICBHI_207_2b2_AR_001,ICBHI_207_2b2_AR,ICBHI_207,1,ICBHI,AKGC417L,0.5974904630158353,1
ICBHI_207_2b2_AR_002,ICBHI_207_2b2_AR,ICBHI_207,1,ICBHI,AKGC417L,0.7929456622485875,1
ICBHI_207_2b2_AR_003,ICBHI_207_2b2_AR,ICBHI_207,1,ICBHI,AKGC417L,0.4483356915912064,1
ICBHI_207_2b2_AR_004,ICBHI_207_2b2_AR,ICBHI_207,1,ICBHI,AKGC417L,0.1594790416277759,1
ICBHI_207_2b2_AR_005,ICBHI_207_2b2_AR,ICBHI_207,1,ICBHI,AKGC417L,0.6646491546837342,1
ICBHI_207_2b2_AR_006,ICBHI_207_2b2_AR,ICBHI_207,1,ICBHI,AKGC417L,0.6221150257815661,1
ICBHI_207_2b2_PL_000,ICBHI_207_2b2_PL,ICBHI_207,1,ICBHI,AKGC417L,0.9323301890181837,1
ICBHI_207_2b2_PL_001,ICBHI_207_2b2_PL,ICBHI_207,1,ICBHI,AKGC417L,0.8749346174830964,1
ICBHI_207_2b2_PL_002,ICBHI_207_2b2_PL,ICBHI_207,1,ICBHI,AKGC417L,0.8964328436644923,1
ICBHI_207_2b2_PL_003,ICBHI_207_2b2_PL,ICBHI_207,1,ICBHI,AKGC417L,0.9356999454877224,1
ICBHI_207_2b2_PL_004,ICBHI_207_2b2_PL,ICBHI_207,1,ICBHI,AKGC417L,0.8704872113355656,1
ICBHI_207_2b2_PL_005,ICBHI_207_2b2_PL,ICBHI_207,1,ICBHI,AKGC417L,0.8262916869759688,1
ICBHI_207_2b2_PL_006,ICBHI_207_2b2_PL,ICBHI_207,1,ICBHI,AKGC417L,0.6370307944803831,1
ICBHI_207_2b2_PR_000,ICBHI_207_2b2_PR,ICBHI_207,1,ICBHI,AKGC417L,0.9474783252902632,1
ICBHI_207_2b2_PR_001,ICBHI_207_2b2_PR,ICBHI_207,1,ICBHI,AKGC417L,0.9560634664484896,1
ICBHI_207_2b2_PR_002,ICBHI_207_2b2_PR,ICBHI_207,1,ICBHI,AKGC417L,0.9571978541000364,1
ICBHI_207_2b2_PR_003,ICBHI_207_2b2_PR,ICBHI_207,1,ICBHI,AKGC417L,0.9594592615365182,1
ICBHI_207_2b2_PR_004,ICBHI_207_2b2_PR,ICBHI_207,1,ICBHI,AKGC417L,0.9474783252902632,1
ICBHI_207_2b2_PR_005,ICBHI_207_2b2_PR,ICBHI_207,1,ICBHI,AKGC417L,0.9482504601248406,1
ICBHI_207_2b2_PR_006,ICBHI_207_2b2_PR,ICBHI_207,1,ICBHI,AKGC417L,0.9531007418201308,1
ICBHI_207_2b2_TC_000,ICBHI_207_2b2_TC,ICBHI_207,1,ICBHI,AKGC417L,0.1856517300655638,1
ICBHI_207_2b2_TC_001,ICBHI_207_2b2_TC,ICBHI_207,1,ICBHI,AKGC417L,0.1837400418924321,1
ICBHI_207_2b2_TC_002,ICBHI_207_2b2_TC,ICBHI_207,1,ICBHI,AKGC417L,0.1650540839291076,1
ICBHI_207_2b2_TC_003,ICBHI_207_2b2_TC,ICBHI_207,1,ICBHI,AKGC417L,0.4715274185534254,1
ICBHI_207_2b2_TC_004,ICBHI_207_2b2_TC,ICBHI_207,1,ICBHI,AKGC417L,0.1962094128087019,1
ICBHI_207_2b2_TC_005,ICBHI_207_2b2_TC,ICBHI_207,1,ICBHI,AKGC417L,0.2775708837343748,1
ICBHI_207_2b2_TC_006,ICBHI_207_2b2_TC,ICBHI_207,1,ICBHI,AKGC417L,0.2051369244476233,1
ICBHI_207_2b3_AL_000,ICBHI_207_2b3_AL,ICBHI_207,1,ICBHI,AKGC417L,0.8344068863691763,1
ICBHI_207_2b3_AL_001,ICBHI_207_2b3_AL,ICBHI_207,1,ICBHI,AKGC417L,0.8480936125142572,1
ICBHI_207_2b3_AL_002,ICBHI_207_2b3_AL,ICBHI_207,1,ICBHI,AKGC417L,0.7394224220868858,1
ICBHI_207_2b3_AL_003,ICBHI_207_2b3_AL,ICBHI_207,1,ICBHI,AKGC417L,0.8362873305276233,1
ICBHI_207_2b3_AL_004,ICBHI_207_2b3_AL,ICBHI_207,1,ICBHI,AKGC417L,0.7026320890881814,1
ICBHI_207_2b3_AL_005,ICBHI_207_2b3_AL,ICBHI_207,1,ICBHI,AKGC417L,0.5235421500250328,1
ICBHI_207_2b3_AL_006,ICBHI_207_2b3_AL,ICBHI_207,1,ICBHI,AKGC417L,0.7394224220868858,1
ICBHI_207_2b3_AR_000,ICBHI_207_2b3_AR,ICBHI_207,1,ICBHI,AKGC417L,0.6512439718513098,1
ICBHI_207_2b3_AR_001,ICBHI_207_2b3_AR,ICBHI_207,1,ICBHI,AKGC417L,0.7954992785477151,1
ICBHI_207_2b3_AR_002,ICBHI_207_2b3_AR,ICBHI_207,1,ICBHI,AKGC417L,0.6884684230494847,1
ICBHI_207_2b3_AR_003,ICBHI_207_2b3_AR,ICBHI_207,1,ICBHI,AKGC417L,0.8094266599964354,1
ICBHI_207_2b3_AR_004,ICBHI_207_2b3_AR,ICBHI_207,1,ICBHI,AKGC417L,0.7483522975713798,1
ICBHI_207_2b3_AR_005,ICBHI_207_2b3_AR,ICBHI_207,1,ICBHI,AKGC417L,0.7123322507714482,1
ICBHI_207_2b3_AR_006,ICBHI_207_2b3_AR,ICBHI_207,1,ICBHI,AKGC417L,0.8030193701316863,1
ICBHI_207_2b3_PL_000,ICBHI_207_2b3_PL,ICBHI_207,1,ICBHI,AKGC417L,0.9241418199787566,1
ICBHI_207_2b3_PL_001,ICBHI_207_2b3_PL,ICBHI_207,1,ICBHI,AKGC417L,0.844023707946348,1
ICBHI_207_2b3_PL_002,ICBHI_207_2b3_PL,ICBHI_207,1,ICBHI,AKGC417L,0.885829153706156,1
ICBHI_207_2b3_PL_003,ICBHI_207_2b3_PL,ICBHI_207,1,ICBHI,AKGC417L,0.9349912700743233,1
ICBHI_207_2b3_PL_004,ICBHI_207_2b3_PL,ICBHI_207,1,ICBHI,AKGC417L,0.8370879625470882,1
ICBHI_207_2b3_PL_005,ICBHI_207_2b3_PL,ICBHI_207,1,ICBHI,AKGC417L,0.7934262538533098,1
ICBHI_207_2b3_PL_006,ICBHI_207_2b3_PL,ICBHI_207,1,ICBHI,AKGC417L,0.8620035287315965,1
ICBHI_207_2b3_PR_000,ICBHI_207_2b3_PR,ICBHI_207,1,ICBHI,AKGC417L,0.9556514186046016,1
ICBHI_207_2b3_PR_001,ICBHI_207_2b3_PR,ICBHI_207,1,ICBHI,AKGC417L,0.9463988589047058,1
ICBHI_207_2b3_PR_002,ICBHI_207_2b3_PR,ICBHI_207,1,ICBHI,AKGC417L,0.927099726575378,1
ICBHI_207_2b3_PR_003,ICBHI_207_2b3_PR,ICBHI_207,1,ICBHI,AKGC417L,0.9308364354644564,1
ICBHI_207_2b3_PR_004,ICBHI_207_2b3_PR,ICBHI_207,1,ICBHI,AKGC417L,0.9087799382901208,1
ICBHI_207_2b3_PR_005,ICBHI_207_2b3_PR,ICBHI_207,1,ICBHI,AKGC417L,0.922621893697362,1
ICBHI_207_2b3_PR_006,ICBHI_207_2b3_PR,ICBHI_207,1,ICBHI,AKGC417L,0.9425067211996144,1
ICBHI_207_2b3_TC_000,ICBHI_207_2b3_TC,ICBHI_207,1,ICBHI,AKGC417L,0.4938433897872233,1
ICBHI_207_2b3_TC_001,ICBHI_207_2b3_TC,ICBHI_207,1,ICBHI,AKGC417L,0.7134316121126845,1
ICBHI_207_2b3_TC_002,ICBHI_207_2b3_TC,ICBHI_207,1,ICBHI,AKGC417L,0.4305064486551987,1
ICBHI_207_2b3_TC_003,ICBHI_207_2b3_TC,ICBHI_207,1,ICBHI,AKGC417L,0.6448963041950554,1
ICBHI_207_2b3_TC_004,ICBHI_207_2b3_TC,ICBHI_207,1,ICBHI,AKGC417L,0.6241789997063362,1
ICBHI_207_2b3_TC_005,ICBHI_207_2b3_TC,ICBHI_207,1,ICBHI,AKGC417L,0.5428632831725052,1
ICBHI_207_2b3_TC_006,ICBHI_207_2b3_TC,ICBHI_207,1,ICBHI,AKGC417L,0.7278787451770531,1
ICBHI_207_2b4_AL_000,ICBHI_207_2b4_AL,ICBHI_207,1,ICBHI,AKGC417L,0.8927496741072254,1
ICBHI_207_2b4_AL_001,ICBHI_207_2b4_AL,ICBHI_207,1,ICBHI,AKGC417L,0.7633073741326739,1
ICBHI_207_2b4_AL_002,ICBHI_207_2b4_AL,ICBHI_207,1,ICBHI,AKGC417L,0.6438892947039139,1
ICBHI_207_2b4_AL_003,ICBHI_207_2b4_AL,ICBHI_207,1,ICBHI,AKGC417L,0.8394709400397776,1
ICBHI_207_2b4_AL_004,ICBHI_207_2b4_AL,ICBHI_207,1,ICBHI,AKGC417L,0.6236061222677938,1
ICBHI_207_2b4_AL_005,ICBHI_207_2b4_AL,ICBHI_207,1,ICBHI,AKGC417L,0.7804952338575972,1
ICBHI_207_2b4_AL_006,ICBHI_207_2b4_AL,ICBHI_207,1,ICBHI,AKGC417L,0.9076402020521152,1
ICBHI_207_2b4_AR_000,ICBHI_207_2b4_AR,ICBHI_207,1,ICBHI,AKGC417L,0.794544423846451,1
ICBHI_207_2b4_AR_001,ICBHI_207_2b4_AR,ICBHI_207,1,ICBHI,AKGC417L,0.7730450764601526,1
ICBHI_207_2b4_AR_002,ICBHI_207_2b4_AR,ICBHI_207,1,ICBHI,AKGC417L,0.6801354906112164,1
ICBHI_207_2b4_AR_003,ICBHI_207_2b4_AR,ICBHI_207,1,ICBHI,AKGC417L,0.7854731824873945,1
ICBHI_207_2b4_AR_004,ICBHI_207_2b4_AR,ICBHI_207,1,ICBHI,AKGC417L,0.8446654396666785,1
ICBHI_207_2b4_AR_005,ICBHI_207_2b4_AR,ICBHI_207,1,ICBHI,AKGC417L,0.8321002620499169,1
ICBHI_207_2b4_AR_006,ICBHI_207_2b4_AR,ICBHI_207,1,ICBHI,AKGC417L,0.8478418186787678,1
ICBHI_207_2b4_PL_000,ICBHI_207_2b4_PL,ICBHI_207,1,ICBHI,AKGC417L,0.9250947286452256,1
ICBHI_207_2b4_PL_001,ICBHI_207_2b4_PL,ICBHI_207,1,ICBHI,AKGC417L,0.9026096017480524,1
ICBHI_207_2b4_PL_002,ICBHI_207_2b4_PL,ICBHI_207,1,ICBHI,AKGC417L,0.9133679324357356,1
ICBHI_207_2b4_PL_003,ICBHI_207_2b4_PL,ICBHI_207,1,ICBHI,AKGC417L,0.8560919364922251,1
ICBHI_207_2b4_PL_004,ICBHI_207_2b4_PL,ICBHI_207,1,ICBHI,AKGC417L,0.90548957556435,1
ICBHI_207_2b4_PL_005,ICBHI_207_2b4_PL,ICBHI_207,1,ICBHI,AKGC417L,0.9285385081933416,1
ICBHI_207_2b4_PL_006,ICBHI_207_2b4_PL,ICBHI_207,1,ICBHI,AKGC417L,0.896975571673783,1
ICBHI_207_2b4_PR_000,ICBHI_207_2b4_PR,ICBHI_207,1,ICBHI,AKGC417L,0.9463988589047058,1
ICBHI_207_2b4_PR_001,ICBHI_207_2b4_PR,ICBHI_207,1,ICBHI,AKGC417L,0.9476723731536068,1
ICBHI_207_2b4_PR_002,ICBHI_207_2b4_PR,ICBHI_207,1,ICBHI,AKGC417L,0.9477691428985744,1
ICBHI_207_2b4_PR_003,ICBHI_207_2b4_PR,ICBHI_207,1,ICBHI,AKGC417L,0.9361683919753396,1
ICBHI_207_2b4_PR_004,ICBHI_207_2b4_PR,ICBHI_207,1,ICBHI,AKGC417L,0.9438672242987702,1
ICBHI_207_2b4_PR_005,ICBHI_207_2b4_PR,ICBHI_207,1,ICBHI,AKGC417L,0.953621794005189,1
ICBHI_207_2b4_PR_006,ICBHI_207_2b4_PR,ICBHI_207,1,ICBHI,AKGC417L,0.9509603749892346,1
ICBHI_207_2b4_TC_000,ICBHI_207_2b4_TC,ICBHI_207,1,ICBHI,AKGC417L,0.4329023001474286,1
ICBHI_207_2b4_TC_001,ICBHI_207_2b4_TC,ICBHI_207,1,ICBHI,AKGC417L,0.0987725887523743,1
ICBHI_207_2b4_TC_002,ICBHI_207_2b4_TC,ICBHI_207,1,ICBHI,AKGC417L,0.172589812637759,1
ICBHI_207_2b4_TC_003,ICBHI_207_2b4_TC,ICBHI_207,1,ICBHI,AKGC417L,0.1919327864472368,1
ICBHI_207_2b4_TC_004,ICBHI_207_2b4_TC,ICBHI_207,1,ICBHI,AKGC417L,0.1883239789098031,1
ICBHI_207_2b4_TC_005,ICBHI_207_2b4_TC,ICBHI_207,1,ICBHI,AKGC417L,0.3515336469664143,1
ICBHI_207_2b4_TC_006,ICBHI_207_2b4_TC,ICBHI_207,1,ICBHI,AKGC417L,0.7307704754071624,1
ICBHI_207_3b2_AL_000,ICBHI_207_3b2_AL,ICBHI_207,1,ICBHI,AKGC417L,0.6287494018412638,1
ICBHI_207_3b2_AL_001,ICBHI_207_3b2_AL,ICBHI_207,1,ICBHI,AKGC417L,0.713830756042477,1
ICBHI_207_3b2_AL_002,ICBHI_207_3b2_AL,ICBHI_207,1,ICBHI,AKGC417L,0.3820261617180773,1
ICBHI_207_3b2_AL_003,ICBHI_207_3b2_AL,ICBHI_207,1,ICBHI,AKGC417L,0.4151952117446321,1
ICBHI_207_3b2_AL_004,ICBHI_207_3b2_AL,ICBHI_207,1,ICBHI,AKGC417L,0.4961434175469578,1
ICBHI_207_3b2_AL_005,ICBHI_207_3b2_AL,ICBHI_207,1,ICBHI,AKGC417L,0.514705230567749,1
ICBHI_207_3b2_AL_006,ICBHI_207_3b2_AL,ICBHI_207,1,ICBHI,AKGC417L,0.5245164567154269,1
ICBHI_207_3b2_AR_000,ICBHI_207_3b2_AR,ICBHI_207,1,ICBHI,AKGC417L,0.8118252511041775,1
ICBHI_207_3b2_AR_001,ICBHI_207_3b2_AR,ICBHI_207,1,ICBHI,AKGC417L,0.9015745876334376,1
ICBHI_207_3b2_AR_002,ICBHI_207_3b2_AR,ICBHI_207,1,ICBHI,AKGC417L,0.9242786279246686,1
ICBHI_207_3b2_AR_003,ICBHI_207_3b2_AR,ICBHI_207,1,ICBHI,AKGC417L,0.7503698765343172,1
ICBHI_207_3b2_AR_004,ICBHI_207_3b2_AR,ICBHI_207,1,ICBHI,AKGC417L,0.8136089277699804,1
ICBHI_207_3b2_AR_005,ICBHI_207_3b2_AR,ICBHI_207,1,ICBHI,AKGC417L,0.8750414377695188,1
ICBHI_207_3b2_AR_006,ICBHI_207_3b2_AR,ICBHI_207,1,ICBHI,AKGC417L,0.8807970779778823,1
ICBHI_207_3b2_LR_000,ICBHI_207_3b2_LR,ICBHI_207,1,ICBHI,AKGC417L,0.9465966702001756,1
ICBHI_207_3b2_LR_001,ICBHI_207_3b2_LR,ICBHI_207,1,ICBHI,AKGC417L,0.9537080988961596,1
ICBHI_207_3b2_LR_002,ICBHI_207_3b2_LR,ICBHI_207,1,ICBHI,AKGC417L,0.948058438498774,1
ICBHI_207_3b2_LR_003,ICBHI_207_3b2_LR,ICBHI_207,1,ICBHI,AKGC417L,0.9514137919629646,1
ICBHI_207_3b2_LR_004,ICBHI_207_3b2_LR,ICBHI_207,1,ICBHI,AKGC417L,0.9465966702001756,1
ICBHI_207_3b2_LR_005,ICBHI_207_3b2_LR,ICBHI_207,1,ICBHI,AKGC417L,0.9496693674025232,1
ICBHI_207_3b2_LR_006,ICBHI_207_3b2_LR,ICBHI_207,1,ICBHI,AKGC417L,0.9488225055941706,1
ICBHI_207_3b2_PL_000,ICBHI_207_3b2_PL,ICBHI_207,1,ICBHI,AKGC417L,0.8514594320170558,1
ICBHI_207_3b2_PL_001,ICBHI_207_3b2_PL,ICBHI_207,1,ICBHI,AKGC417L,0.8812065994915543,1
ICBHI_207_3b2_PL_002,ICBHI_207_3b2_PL,ICBHI_207,1,ICBHI,AKGC417L,0.870597268408361,1
ICBHI_207_3b2_PL_003,ICBHI_207_3b2_PL,ICBHI_207,1,ICBHI,AKGC417L,0.8925625233915799,1
ICBHI_207_3b2_PL_004,ICBHI_207_3b2_PL,ICBHI_207,1,ICBHI,AKGC417L,0.9192084564299288,1
ICBHI_207_3b2_PL_005,ICBHI_207_3b2_PL,ICBHI_207,1,ICBHI,AKGC417L,0.9369805284248848,1
ICBHI_207_3b2_PL_006,ICBHI_207_3b2_PL,ICBHI_207,1,ICBHI,AKGC417L,0.9469902279841446,1
ICBHI_207_3b2_PR_000,ICBHI_207_3b2_PR,ICBHI_207,1,ICBHI,AKGC417L,0.93789687838626,1
ICBHI_207_3b2_PR_001,ICBHI_207_3b2_PR,ICBHI_207,1,ICBHI,AKGC417L,0.9429286027746024,1
ICBHI_207_3b2_PR_002,ICBHI_207_3b2_PR,ICBHI_207,1,ICBHI,AKGC417L,0.943659904602972,1
ICBHI_207_3b2_PR_003,ICBHI_207_3b2_PR,ICBHI_207,1,ICBHI,AKGC417L,0.9464978508046772,1
ICBHI_207_3b2_PR_004,ICBHI_207_3b2_PR,ICBHI_207,1,ICBHI,AKGC417L,0.9448931005611606,1
ICBHI_207_3b2_PR_005,ICBHI_207_3b2_PR,ICBHI_207,1,ICBHI,AKGC417L,0.9396923600249308,1
ICBHI_207_3b2_PR_006,ICBHI_207_3b2_PR,ICBHI_207,1,ICBHI,AKGC417L,0.9440738263146948,1
ICBHI_207_3b2_TC_000,ICBHI_207_3b2_TC,ICBHI_207,1,ICBHI,AKGC417L,0.3863003116844215,1
ICBHI_207_3b2_TC_001,ICBHI_207_3b2_TC,ICBHI_207,1,ICBHI,AKGC417L,0.660281916209228,1
ICBHI_207_3b2_TC_002,ICBHI_207_3b2_TC,ICBHI_207,1,ICBHI,AKGC417L,0.5836187128151805,1
ICBHI_207_3b2_TC_003,ICBHI_207_3b2_TC,ICBHI_207,1,ICBHI,AKGC417L,0.2607657829414243,1
ICBHI_207_3b2_TC_004,ICBHI_207_3b2_TC,ICBHI_207,1,ICBHI,AKGC417L,0.0598664185719251,1
ICBHI_207_3b2_TC_005,ICBHI_207_3b2_TC,ICBHI_207,1,ICBHI,AKGC417L,0.0822539447577091,1
ICBHI_207_3b2_TC_006,ICBHI_207_3b2_TC,ICBHI_207,1,ICBHI,AKGC417L,0.468988222919851,1
ICBHI_214_1b1_AR_000,ICBHI_214_1b1_AR,ICBHI_214,0,ICBHI,Meditron,0.0640654324173803,1
ICBHI_214_1b1_AR_001,ICBHI_214_1b1_AR,ICBHI_214,0,ICBHI,Meditron,0.1237886937158646,1
ICBHI_214_1b1_AR_002,ICBHI_214_1b1_AR,ICBHI_214,0,ICBHI,Meditron,0.0705595961872929,1
ICBHI_214_1b1_AR_003,ICBHI_214_1b1_AR,ICBHI_214,0,ICBHI,Meditron,0.0604184198961435,1
ICBHI_214_1b1_AR_004,ICBHI_214_1b1_AR,ICBHI_214,0,ICBHI,Meditron,0.0423245913810851,1
ICBHI_214_1b1_AR_005,ICBHI_214_1b1_AR,ICBHI_214,0,ICBHI,Meditron,0.0065897716630805,1
ICBHI_218_1b1_AL_000,ICBHI_218_1b1_AL,ICBHI_218,1,ICBHI,Meditron,0.8955226768697631,1
ICBHI_218_1b1_AL_001,ICBHI_218_1b1_AL,ICBHI_218,1,ICBHI,Meditron,0.8960696214948621,1
ICBHI_218_1b1_AL_002,ICBHI_218_1b1_AL,ICBHI_218,1,ICBHI,Meditron,0.8261514726455292,1
ICBHI_218_1b1_AL_003,ICBHI_218_1b1_AL,ICBHI_218,1,ICBHI,Meditron,0.5624168515879584,1
ICBHI_218_1b1_AL_004,ICBHI_218_1b1_AL,ICBHI_218,1,ICBHI,Meditron,0.8515829016098734,1
ICBHI_218_1b1_AL_005,ICBHI_218_1b1_AL,ICBHI_218,1,ICBHI,Meditron,0.9152045921779318,1
ICBHI_218_1b1_AL_006,ICBHI_218_1b1_AL,ICBHI_218,1,ICBHI,Meditron,0.9341552994156888,1
ICBHI_218_1b1_AL_007,ICBHI_218_1b1_AL,ICBHI_218,1,ICBHI,Meditron,0.949482330277519,1
ICBHI_218_1b1_AL_008,ICBHI_218_1b1_AL,ICBHI_218,1,ICBHI,Meditron,0.9337939759583312,1
ICBHI_218_1b1_AL_009,ICBHI_218_1b1_AL,ICBHI_218,1,ICBHI,Meditron,0.8938665640830568,1
ICBHI_218_1b1_AL_010,ICBHI_218_1b1_AL,ICBHI_218,1,ICBHI,Meditron,0.8908652063250404,1
ICBHI_218_1b1_AL_011,ICBHI_218_1b1_AL,ICBHI_218,1,ICBHI,Meditron,0.93096207182521,1
ICBHI_218_1b1_AL_012,ICBHI_218_1b1_AL,ICBHI_218,1,ICBHI,Meditron,0.926569947300106,1
ICBHI_218_1b1_AL_013,ICBHI_218_1b1_AL,ICBHI_218,1,ICBHI,Meditron,0.8897206284139089,1
ICBHI_218_1b1_AL_014,ICBHI_218_1b1_AL,ICBHI_218,1,ICBHI,Meditron,0.8864204083088262,1
ICBHI_218_1b1_AL_015,ICBHI_218_1b1_AL,ICBHI_218,1,ICBHI,Meditron,0.8413048148640399,1
ICBHI_218_1b1_AL_016,ICBHI_218_1b1_AL,ICBHI_218,1,ICBHI,Meditron,0.723504868613798,1
ICBHI_218_1b1_AL_017,ICBHI_218_1b1_AL,ICBHI_218,1,ICBHI,Meditron,0.7826624789529376,1
ICBHI_218_1b1_AL_018,ICBHI_218_1b1_AL,ICBHI_218,1,ICBHI,Meditron,0.8683809516442299,1
ICBHI_218_1b1_AL_019,ICBHI_218_1b1_AL,ICBHI_218,1,ICBHI,Meditron,0.8818185990895465,1
ICBHI_218_1b1_AL_020,ICBHI_218_1b1_AL,ICBHI_218,1,ICBHI,Meditron,0.6752294429184604,1
ICBHI_218_1b1_AL_021,ICBHI_218_1b1_AL,ICBHI_218,1,ICBHI,Meditron,0.8770562019377661,1
ICBHI_218_1b1_AL_022,ICBHI_218_1b1_AL,ICBHI_218,1,ICBHI,Meditron,0.5157418659712667,1
ICBHI_218_1b1_AL_023,ICBHI_218_1b1_AL,ICBHI_218,1,ICBHI,Meditron,0.5438022221498643,1
ICBHI_218_1b1_AL_024,ICBHI_218_1b1_AL,ICBHI_218,1,ICBHI,Meditron,0.8047130321052022,1
ICBHI_218_1b1_AL_025,ICBHI_218_1b1_AL,ICBHI_218,1,ICBHI,Meditron,0.7346909745190238,1
ICBHI_218_1b1_AL_026,ICBHI_218_1b1_AL,ICBHI_218,1,ICBHI,Meditron,0.7756048079953142,1
ICBHI_218_1b1_AR_000,ICBHI_218_1b1_AR,ICBHI_218,1,ICBHI,Meditron,0.8504686206687655,1
ICBHI_218_1b1_AR_001,ICBHI_218_1b1_AR,ICBHI_218,1,ICBHI,Meditron,0.87267326142606,1
ICBHI_218_1b1_AR_002,ICBHI_218_1b1_AR,ICBHI_218,1,ICBHI,Meditron,0.896975571673783,1
ICBHI_218_1b1_AR_003,ICBHI_218_1b1_AR,ICBHI_218,1,ICBHI,Meditron,0.7064942781155733,1
ICBHI_218_1b1_AR_004,ICBHI_218_1b1_AR,ICBHI_218,1,ICBHI,Meditron,0.1430679343703192,1
ICBHI_218_1b1_AR_005,ICBHI_218_1b1_AR,ICBHI_218,1,ICBHI,Meditron,0.0706877914430165,1
ICBHI_218_1b1_AR_006,ICBHI_218_1b1_AR,ICBHI_218,1,ICBHI,Meditron,0.1746916902686322,1
ICBHI_218_1b1_AR_007,ICBHI_218_1b1_AR,ICBHI_218,1,ICBHI,Meditron,0.3858373826401981,1
ICBHI_218_1b1_AR_008,ICBHI_218_1b1_AR,ICBHI_218,1,ICBHI,Meditron,0.2536760752679234,1
ICBHI_218_1b1_AR_009,ICBHI_218_1b1_AR,ICBHI_218,1,ICBHI,Meditron,0.3155250303236283,1
ICBHI_218_1b1_AR_010,ICBHI_218_1b1_AR,ICBHI_218,1,ICBHI,Meditron,0.205296204447139,1
ICBHI_218_1b1_AR_011,ICBHI_218_1b1_AR,ICBHI_218,1,ICBHI,Meditron,0.090735487639851,1
ICBHI_218_1b1_AR_012,ICBHI_218_1b1_AR,ICBHI_218,1,ICBHI,Meditron,0.2418473286548894,1
ICBHI_218_1b1_AR_013,ICBHI_218_1b1_AR,ICBHI_218,1,ICBHI,Meditron,0.1320661578696391,1
ICBHI_218_1b1_AR_014,ICBHI_218_1b1_AR,ICBHI_218,1,ICBHI,Meditron,0.3939094819140746,1
ICBHI_218_1b1_AR_015,ICBHI_218_1b1_AR,ICBHI_218,1,ICBHI,Meditron,0.699459749912564,1
ICBHI_218_1b1_AR_016,ICBHI_218_1b1_AR,ICBHI_218,1,ICBHI,Meditron,0.7576150858583124,1
ICBHI_218_1b1_AR_017,ICBHI_218_1b1_AR,ICBHI_218,1,ICBHI,Meditron,0.7174080141650894,1
ICBHI_218_1b1_AR_018,ICBHI_218_1b1_AR,ICBHI_218,1,ICBHI,Meditron,0.520922833369273,1
ICBHI_218_1b1_AR_019,ICBHI_218_1b1_AR,ICBHI_218,1,ICBHI,Meditron,0.7967672836747012,1
ICBHI_218_1b1_AR_020,ICBHI_218_1b1_AR,ICBHI_218,1,ICBHI,Meditron,0.5743350853298701,1
ICBHI_218_1b1_AR_021,ICBHI_218_1b1_AR,ICBHI_218,1,ICBHI,Meditron,0.4100473759705503,1
ICBHI_218_1b1_AR_022,ICBHI_218_1b1_AR,ICBHI_218,1,ICBHI,Meditron,0.3330692174837932,1
ICBHI_218_1b1_AR_023,ICBHI_218_1b1_AR,ICBHI_218,1,ICBHI,Meditron,0.5095737198926862,1
ICBHI_218_1b1_AR_024,ICBHI_218_1b1_AR,ICBHI_218,1,ICBHI,Meditron,0.7175069947472071,1
ICBHI_218_1b1_AR_025,ICBHI_218_1b1_AR,ICBHI_218,1,ICBHI,Meditron,0.626352755201065,1
ICBHI_218_1b1_AR_026,ICBHI_218_1b1_AR,ICBHI_218,1,ICBHI,Meditron,0.3499769280759169,1
ICBHI_218_1b1_LR_000,ICBHI_218_1b1_LR,ICBHI_218,1,ICBHI,Meditron,0.0385384965169418,1
ICBHI_218_1b1_LR_001,ICBHI_218_1b1_LR,ICBHI_218,1,ICBHI,Meditron,0.0498659049797985,1
ICBHI_218_1b1_LR_002,ICBHI_218_1b1_LR,ICBHI_218,1,ICBHI,Meditron,0.6144518432491958,1
ICBHI_218_1b1_LR_003,ICBHI_218_1b1_LR,ICBHI_218,1,ICBHI,Meditron,0.2727019290193462,1
ICBHI_218_1b1_LR_004,ICBHI_218_1b1_LR,ICBHI_218,1,ICBHI,Meditron,0.0250354235387359,1
ICBHI_218_1b1_LR_005,ICBHI_218_1b1_LR,ICBHI_218,1,ICBHI,Meditron,0.0399373142069266,1
ICBHI_218_1b1_LR_006,ICBHI_218_1b1_LR,ICBHI_218,1,ICBHI,Meditron,0.2160115346944748,1
ICBHI_218_1b1_LR_007,ICBHI_218_1b1_LR,ICBHI_218,1,ICBHI,Meditron,0.0597565864004486,1
ICBHI_218_1b1_LR_008,ICBHI_218_1b1_LR,ICBHI_218,1,ICBHI,Meditron,0.028220987129533,1
ICBHI_218_1b1_LR_009,ICBHI_218_1b1_LR,ICBHI_218,1,ICBHI,Meditron,0.0766838021832951,1
ICBHI_218_1b1_LR_010,ICBHI_218_1b1_LR,ICBHI_218,1,ICBHI,Meditron,0.1258153175501674,1
ICBHI_218_1b1_LR_011,ICBHI_218_1b1_LR,ICBHI_218,1,ICBHI,Meditron,0.0872522465547244,1
ICBHI_218_1b1_LR_012,ICBHI_218_1b1_LR,ICBHI_218,1,ICBHI,Meditron,0.0378212865813654,1
ICBHI_218_1b1_LR_013,ICBHI_218_1b1_LR,ICBHI_218,1,ICBHI,Meditron,0.046378205994811,1
ICBHI_218_1b1_LR_014,ICBHI_218_1b1_LR,ICBHI_218,1,ICBHI,Meditron,0.0522308571014257,1
ICBHI_218_1b1_LR_015,ICBHI_218_1b1_LR,ICBHI_218,1,ICBHI,Meditron,0.1310619681309366,1
ICBHI_218_1b1_LR_016,ICBHI_218_1b1_LR,ICBHI_218,1,ICBHI,Meditron,0.1519063874857428,1
ICBHI_218_1b1_LR_017,ICBHI_218_1b1_LR,ICBHI_218,1,ICBHI,Meditron,0.0536011410952942,1
ICBHI_218_1b1_LR_018,ICBHI_218_1b1_LR,ICBHI_218,1,ICBHI,Meditron,0.111241206507543,1
ICBHI_218_1b1_LR_019,ICBHI_218_1b1_LR,ICBHI_218,1,ICBHI,Meditron,0.0805019233960317,1
ICBHI_218_1b1_LR_020,ICBHI_218_1b1_LR,ICBHI_218,1,ICBHI,Meditron,0.1277614123630859,1
ICBHI_218_1b1_LR_021,ICBHI_218_1b1_LR,ICBHI_218,1,ICBHI,Meditron,0.0991208551004245,1
ICBHI_218_1b1_LR_022,ICBHI_218_1b1_LR,ICBHI_218,1,ICBHI,Meditron,0.0786423811841014,1
ICBHI_218_1b1_LR_023,ICBHI_218_1b1_LR,ICBHI_218,1,ICBHI,Meditron,0.0800692691683808,1
ICBHI_218_1b1_LR_024,ICBHI_218_1b1_LR,ICBHI_218,1,ICBHI,Meditron,0.2372223384883484,1
ICBHI_218_1b1_LR_025,ICBHI_218_1b1_LR,ICBHI_218,1,ICBHI,Meditron,0.1713383213152382,1
ICBHI_218_1b1_LR_026,ICBHI_218_1b1_LR,ICBHI_218,1,ICBHI,Meditron,0.0472497135014898,1
ICBHI_218_1b1_LR_027,ICBHI_218_1b1_LR,ICBHI_218,1,ICBHI,Meditron,0.4506615685385295,1
ICBHI_218_1b1_LR_028,ICBHI_218_1b1_LR,ICBHI_218,1,ICBHI,Meditron,0.7804952338575972,1
ICBHI_218_1b1_LR_029,ICBHI_218_1b1_LR,ICBHI_218,1,ICBHI,Meditron,0.3109035657984096,1
ICBHI_218_1b1_LR_030,ICBHI_218_1b1_LR,ICBHI_218,1,ICBHI,Meditron,0.0796387388275832,1
ICBHI_218_1b1_LR_031,ICBHI_218_1b1_LR,ICBHI_218,1,ICBHI,Meditron,0.0397132567736841,1
ICBHI_218_1b1_PL_000,ICBHI_218_1b1_PL,ICBHI_218,1,ICBHI,Meditron,0.930078163002164,1
ICBHI_218_1b1_PL_001,ICBHI_218_1b1_PL,ICBHI_218,1,ICBHI,Meditron,0.927099726575378,1
ICBHI_218_1b1_PL_002,ICBHI_218_1b1_PL,ICBHI_218,1,ICBHI,Meditron,0.9165588263728888,1
ICBHI_218_1b1_PL_003,ICBHI_218_1b1_PL,ICBHI_218,1,ICBHI,Meditron,0.9361683919753396,1
ICBHI_218_1b1_PL_004,ICBHI_218_1b1_PL,ICBHI_218,1,ICBHI,Meditron,0.9443823883953985,1
ICBHI_218_1b1_PL_005,ICBHI_218_1b1_PL,ICBHI_218,1,ICBHI,Meditron,0.9173026573249612,1
ICBHI_218_1b1_PL_006,ICBHI_218_1b1_PL,ICBHI_218,1,ICBHI,Meditron,0.922621893697362,1
ICBHI_218_1b1_PL_007,ICBHI_218_1b1_PL,ICBHI_218,1,ICBHI,Meditron,0.8780007780454421,1
ICBHI_218_1b1_PL_008,ICBHI_218_1b1_PL,ICBHI_218,1,ICBHI,Meditron,0.9358173563909802,1
ICBHI_218_1b1_PL_009,ICBHI_218_1b1_PL,ICBHI_218,1,ICBHI,Meditron,0.926569947300106,1
ICBHI_218_1b1_PL_010,ICBHI_218_1b1_PL,ICBHI_218,1,ICBHI,Meditron,0.8830344094536157,1
ICBHI_218_1b1_PL_011,ICBHI_218_1b1_PL,ICBHI_218,1,ICBHI,Meditron,0.927494747575282,1
ICBHI_218_1b1_PL_012,ICBHI_218_1b1_PL,ICBHI_218,1,ICBHI,Meditron,0.7500038481987343,1
ICBHI_218_1b1_PL_013,ICBHI_218_1b1_PL,ICBHI_218,1,ICBHI,Meditron,0.6032892768571211,1
ICBHI_218_1b1_PL_014,ICBHI_218_1b1_PL,ICBHI_218,1,ICBHI,Meditron,0.746138993030751,1
ICBHI_218_1b1_PL_015,ICBHI_218_1b1_PL,ICBHI_218,1,ICBHI,Meditron,0.4610167793123159,1
ICBHI_218_1b1_PL_016,ICBHI_218_1b1_PL,ICBHI_218,1,ICBHI,Meditron,0.4798845202809394,1
ICBHI_218_1b1_PL_017,ICBHI_218_1b1_PL,ICBHI_218,1,ICBHI,Meditron,0.5993092695423764,1
ICBHI_218_1b1_PL_018,ICBHI_218_1b1_PL,ICBHI_218,1,ICBHI,Meditron,0.588830023352003,1
ICBHI_218_1b1_PL_019,ICBHI_218_1b1_PL,ICBHI_218,1,ICBHI,Meditron,0.2555293910089573,1
ICBHI_218_1b1_PL_020,ICBHI_218_1b1_PL,ICBHI_218,1,ICBHI,Meditron,0.3593641451601019,1
ICBHI_218_1b1_PL_021,ICBHI_218_1b1_PL,ICBHI_218,1,ICBHI,Meditron,0.4962673880668539,1
ICBHI_218_1b1_PL_022,ICBHI_218_1b1_PL,ICBHI_218,1,ICBHI,Meditron,0.7169127961011237,1
ICBHI_218_1b1_PL_023,ICBHI_218_1b1_PL,ICBHI_218,1,ICBHI,Meditron,0.4226833518360688,1
ICBHI_218_1b1_PL_024,ICBHI_218_1b1_PL,ICBHI_218,1,ICBHI,Meditron,0.4065674229130777,1
ICBHI_218_1b1_PL_025,ICBHI_218_1b1_PL,ICBHI_218,1,ICBHI,Meditron,0.7318259004548959,1
ICBHI_218_1b1_PR_000,ICBHI_218_1b1_PR,ICBHI_218,1,ICBHI,Meditron,0.2361637298652219,1
ICBHI_218_1b1_PR_001,ICBHI_218_1b1_PR,ICBHI_218,1,ICBHI,Meditron,0.4491208051168718,1
ICBHI_218_1b1_PR_002,ICBHI_218_1b1_PR,ICBHI_218,1,ICBHI,Meditron,0.5516643084087935,1
ICBHI_218_1b1_PR_003,ICBHI_218_1b1_PR,ICBHI_218,1,ICBHI,Meditron,0.7337381259657038,1
ICBHI_218_1b1_PR_004,ICBHI_218_1b1_PR,ICBHI_218,1,ICBHI,Meditron,0.8559715835823895,1
ICBHI_218_1b1_PR_005,ICBHI_218_1b1_PR,ICBHI_218,1,ICBHI,Meditron,0.3001298323539464,1
ICBHI_218_1b1_PR_006,ICBHI_218_1b1_PR,ICBHI_218,1,ICBHI,Meditron,0.0660853786675487,1
ICBHI_218_1b1_PR_007,ICBHI_218_1b1_PR,ICBHI_218,1,ICBHI,Meditron,0.775264699264738,1
ICBHI_218_1b1_PR_008,ICBHI_218_1b1_PR,ICBHI_218,1,ICBHI,Meditron,0.8422153599018343,1
ICBHI_218_1b1_PR_009,ICBHI_218_1b1_PR,ICBHI_218,1,ICBHI,Meditron,0.4889315570665286,1
ICBHI_218_1b1_PR_010,ICBHI_218_1b1_PR,ICBHI_218,1,ICBHI,Meditron,0.7767923062684916,1
ICBHI_218_1b1_PR_011,ICBHI_218_1b1_PR,ICBHI_218,1,ICBHI,Meditron,0.5229026634046087,1
ICBHI_218_1b1_PR_012,ICBHI_218_1b1_PR,ICBHI_218,1,ICBHI,Meditron,0.274740376669035,1
ICBHI_218_1b1_PR_013,ICBHI_218_1b1_PR,ICBHI_218,1,ICBHI,Meditron,0.3364400521016135,1
ICBHI_218_1b1_PR_014,ICBHI_218_1b1_PR,ICBHI_218,1,ICBHI,Meditron,0.4079818867014376,1
ICBHI_218_1b1_PR_015,ICBHI_218_1b1_PR,ICBHI_218,1,ICBHI,Meditron,0.0088473550829303,1
ICBHI_218_1b1_PR_016,ICBHI_218_1b1_PR,ICBHI_218,1,ICBHI,Meditron,0.0049629421018728,1
ICBHI_218_1b1_PR_017,ICBHI_218_1b1_PR,ICBHI_218,1,ICBHI,Meditron,0.0987725887523743,1
ICBHI_218_1b1_PR_018,ICBHI_218_1b1_PR,ICBHI_218,1,ICBHI,Meditron,0.062445285613984,1
ICBHI_218_1b1_PR_019,ICBHI_218_1b1_PR,ICBHI_218,1,ICBHI,Meditron,0.1312845595662053,1
ICBHI_218_1b1_PR_020,ICBHI_218_1b1_PR,ICBHI_218,1,ICBHI,Meditron,0.1610561624808234,1
ICBHI_218_1b1_PR_021,ICBHI_218_1b1_PR,ICBHI_218,1,ICBHI,Meditron,0.1155608739414831,1
ICBHI_218_1b1_PR_022,ICBHI_218_1b1_PR,ICBHI_218,1,ICBHI,Meditron,0.1093248300776389,1
ICBHI_218_1b1_PR_023,ICBHI_218_1b1_PR,ICBHI_218,1,ICBHI,Meditron,0.1242130083520534,1
ICBHI_218_1b1_PR_024,ICBHI_218_1b1_PR,ICBHI_218,1,ICBHI,Meditron,0.1026640095733654,1
ICBHI_218_1b1_PR_025,ICBHI_218_1b1_PR,ICBHI_218,1,ICBHI,Meditron,0.4869185743278969,1
ICBHI_218_1p1_AR_000,ICBHI_218_1p1_AR,ICBHI_218,1,ICBHI,Litt3200,0.9505947548144924,1
ICBHI_218_1p1_AR_001,ICBHI_218_1p1_AR,ICBHI_218,1,ICBHI,Litt3200,0.9246876936763764,1
ICBHI_218_1p1_AR_002,ICBHI_218_1p1_AR,ICBHI_218,1,ICBHI,Litt3200,0.8996515935589441,1
ICBHI_218_1p1_AR_003,ICBHI_218_1p1_AR,ICBHI_218,1,ICBHI,Litt3200,0.9205043007398608,1
ICBHI_218_1p1_AR_004,ICBHI_218_1p1_AR,ICBHI_218,1,ICBHI,Litt3200,0.8763171902779356,1
ICBHI_218_1p1_AR_005,ICBHI_218_1p1_AR,ICBHI_218,1,ICBHI,Litt3200,0.9110215117615452,1
ICBHI_218_1p1_AR_006,ICBHI_218_1p1_AR,ICBHI_218,1,ICBHI,Litt3200,0.9457010633730656,1
ICBHI_218_1p1_AR_007,ICBHI_218_1p1_AR,ICBHI_218,1,ICBHI,Litt3200,0.9256342970258704,1
ICBHI_218_1p1_AR_008,ICBHI_218_1p1_AR,ICBHI_218,1,ICBHI,Litt3200,0.8341368428246111,1
ICBHI_218_1p1_AR_009,ICBHI_218_1p1_AR,ICBHI_218,1,ICBHI,Litt3200,0.9367494780065266,1
ICBHI_218_1p1_PL_000,ICBHI_218_1p1_PL,ICBHI_218,1,ICBHI,Litt3200,0.9651848037780948,1
ICBHI_218_1p1_PL_001,ICBHI_218_1p1_PL,ICBHI_218,1,ICBHI,Litt3200,0.9614615034830584,1
ICBHI_218_1p1_PL_002,ICBHI_218_1p1_PL,ICBHI_218,1,ICBHI,Litt3200,0.9610980199022024,1
ICBHI_218_1p1_PL_003,ICBHI_218_1p1_PL,ICBHI_218,1,ICBHI,Litt3200,0.9488225055941706,1
ICBHI_218_1p1_PL_004,ICBHI_218_1p1_PL,ICBHI_218,1,ICBHI,Litt3200,0.9510513782831764,1
ICBHI_218_1p1_PL_005,ICBHI_218_1p1_PL,ICBHI_218,1,ICBHI,Litt3200,0.9452984873686288,1
ICBHI_218_1p1_PL_006,ICBHI_218_1p1_PL,ICBHI_218,1,ICBHI,Litt3200,0.9014011355313044,1
ICBHI_218_1p1_PL_007,ICBHI_218_1p1_PL,ICBHI_218,1,ICBHI,Litt3200,0.8848377712685633,1
ICBHI_218_1p1_PL_008,ICBHI_218_1p1_PL,ICBHI_218,1,ICBHI,Litt3200,0.9535353360498288,1
ICBHI_218_1p1_PL_009,ICBHI_218_1p1_PL,ICBHI_218,1,ICBHI,Litt3200,0.946793792527612,1
ICBHI_218_1p1_PL_010,ICBHI_218_1p1_PL,ICBHI_218,1,ICBHI,Litt3200,0.9526622845323623,1
ICBHI_218_1p1_PR_000,ICBHI_218_1p1_PR,ICBHI_218,1,ICBHI,Litt3200,0.2297079626856776,1
ICBHI_218_1p1_PR_001,ICBHI_218_1p1_PR,ICBHI_218,1,ICBHI,Litt3200,0.7699462646231279,1
ICBHI_218_1p1_PR_002,ICBHI_218_1p1_PR,ICBHI_218,1,ICBHI,Litt3200,0.6019445990011809,1
ICBHI_218_1p1_PR_003,ICBHI_218_1p1_PR,ICBHI_218,1,ICBHI,Litt3200,0.5910152768276961,1
ICBHI_218_1p1_PR_004,ICBHI_218_1p1_PR,ICBHI_218,1,ICBHI,Litt3200,0.940462512071434,1
ICBHI_218_1p1_PR_005,ICBHI_218_1p1_PR,ICBHI_218,1,ICBHI,Litt3200,0.9068182895386296,1
ICBHI_218_1p1_PR_006,ICBHI_218_1p1_PR,ICBHI_218,1,ICBHI,Litt3200,0.8272706871360163,1
ICBHI_218_1p1_PR_007,ICBHI_218_1p1_PR,ICBHI_218,1,ICBHI,Litt3200,0.9158089190054228,1
ICBHI_218_1p1_PR_008,ICBHI_218_1p1_PR,ICBHI_218,1,ICBHI,Litt3200,0.8373541382064091,1
ICBHI_218_1p1_PR_009,ICBHI_218_1p1_PR,ICBHI_218,1,ICBHI,Litt3200,0.7558172719084016,1
ICBHI_223_1b1_AL_000,ICBHI_223_1b1_AL,ICBHI_223,1,ICBHI,Meditron,0.572901998666045,1
ICBHI_223_1b1_AL_001,ICBHI_223_1b1_AL,ICBHI_223,1,ICBHI,Meditron,0.7540104528799124,1
ICBHI_223_1b1_AL_002,ICBHI_223_1b1_AL,ICBHI_223,1,ICBHI,Meditron,0.7678639706205701,1
ICBHI_223_1b1_AL_003,ICBHI_223_1b1_AL,ICBHI_223,1,ICBHI,Meditron,0.6167627261610096,1
ICBHI_223_1b1_AL_004,ICBHI_223_1b1_AL,ICBHI_223,1,ICBHI,Meditron,0.7877679704369172,1
ICBHI_223_1b1_AL_005,ICBHI_223_1b1_AL,ICBHI_223,1,ICBHI,Meditron,0.8272706871360163,1
ICBHI_223_1b1_AL_006,ICBHI_223_1b1_AL,ICBHI_223,1,ICBHI,Meditron,0.7034476153351108,1
ICBHI_223_1b1_AL_007,ICBHI_223_1b1_AL,ICBHI_223,1,ICBHI,Meditron,0.7339288699977298,1
ICBHI_223_1b1_AL_008,ICBHI_223_1b1_AL,ICBHI_223,1,ICBHI,Meditron,0.7732163651347154,1
ICBHI_223_1b1_AL_009,ICBHI_223_1b1_AL,ICBHI_223,1,ICBHI,Meditron,0.9145963319978376,1
ICBHI_223_1b1_AL_010,ICBHI_223_1b1_AL,ICBHI_223,1,ICBHI,Meditron,0.579400408904987,1
ICBHI_223_1b1_AL_011,ICBHI_223_1b1_AL,ICBHI_223,1,ICBHI,Meditron,0.7900447725331535,1
ICBHI_223_1b1_AR_000,ICBHI_223_1b1_AR,ICBHI_223,1,ICBHI,Meditron,0.922621893697362,1
ICBHI_223_1b1_AR_001,ICBHI_223_1b1_AR,ICBHI_223,1,ICBHI,Meditron,0.9487275818697054,1
ICBHI_223_1b1_AR_002,ICBHI_223_1b1_AR,ICBHI_223,1,ICBHI,Meditron,0.909586273176162,1
ICBHI_223_1b1_AR_003,ICBHI_223_1b1_AR,ICBHI_223,1,ICBHI,Meditron,0.9579122720843812,1
ICBHI_223_1b1_AR_004,ICBHI_223_1b1_AR,ICBHI_223,1,ICBHI,Meditron,0.9713473306904064,1
ICBHI_223_1b1_AR_005,ICBHI_223_1b1_AR,ICBHI_223,1,ICBHI,Meditron,0.935582334586506,1
ICBHI_223_1b1_AR_006,ICBHI_223_1b1_AR,ICBHI_223,1,ICBHI,Meditron,0.9455001256588014,1
ICBHI_223_1b1_AR_007,ICBHI_223_1b1_AR,ICBHI_223,1,ICBHI,Meditron,0.9425067211996144,1
ICBHI_223_1b1_AR_008,ICBHI_223_1b1_AR,ICBHI_223,1,ICBHI,Meditron,0.9411153004600163,1
ICBHI_223_1b1_AR_009,ICBHI_223_1b1_AR,ICBHI_223,1,ICBHI,Meditron,0.9641868082445192,1
ICBHI_223_1b1_AR_010,ICBHI_223_1b1_AR,ICBHI_223,1,ICBHI,Meditron,0.9400235602628372,1
ICBHI_223_1b1_AR_011,ICBHI_223_1b1_AR,ICBHI_223,1,ICBHI,Meditron,0.955402423772614,1
ICBHI_223_1b1_LL_000,ICBHI_223_1b1_LL,ICBHI_223,1,ICBHI,Meditron,0.1677633472181992,1
ICBHI_223_1b1_LL_001,ICBHI_223_1b1_LL,ICBHI_223,1,ICBHI,Meditron,0.2712516965968936,1
ICBHI_223_1b1_LL_002,ICBHI_223_1b1_LL,ICBHI_223,1,ICBHI,Meditron,0.0042480790867387,1
ICBHI_223_1b1_LL_003,ICBHI_223_1b1_LL,ICBHI_223,1,ICBHI,Meditron,0.0068239547867769,1
ICBHI_223_1b1_LL_004,ICBHI_223_1b1_LL,ICBHI_223,1,ICBHI,Meditron,0.0395645551322373,1
ICBHI_223_1b1_LL_005,ICBHI_223_1b1_LL,ICBHI_223,1,ICBHI,Meditron,0.1471870593121902,1
ICBHI_223_1b1_LL_006,ICBHI_223_1b1_LL,ICBHI_223,1,ICBHI,Meditron,0.0061689949226814,1
ICBHI_223_1b1_LL_007,ICBHI_223_1b1_LL,ICBHI_223,1,ICBHI,Meditron,0.000704151589057,1
ICBHI_223_1b1_LL_008,ICBHI_223_1b1_LL,ICBHI_223,1,ICBHI,Meditron,0.0013617033749752,1
ICBHI_223_1b1_LL_009,ICBHI_223_1b1_LL,ICBHI_223,1,ICBHI,Meditron,0.0010859443689427,1
ICBHI_223_1b1_LL_010,ICBHI_223_1b1_LL,ICBHI_223,1,ICBHI,Meditron,0.003945406806602,1
ICBHI_223_1b1_LL_011,ICBHI_223_1b1_LL,ICBHI_223,1,ICBHI,Meditron,0.0093762374508486,1
ICBHI_223_1b1_LR_000,ICBHI_223_1b1_LR,ICBHI_223,1,ICBHI,Meditron,0.535918247440237,1
ICBHI_223_1b1_LR_001,ICBHI_223_1b1_LR,ICBHI_223,1,ICBHI,Meditron,0.745583664470563,1
ICBHI_223_1b1_LR_002,ICBHI_223_1b1_LR,ICBHI_223,1,ICBHI,Meditron,0.433321900233323,1
ICBHI_223_1b1_LR_003,ICBHI_223_1b1_LR,ICBHI_223,1,ICBHI,Meditron,0.3292838712312627,1
ICBHI_223_1b1_LR_004,ICBHI_223_1b1_LR,ICBHI_223,1,ICBHI,Meditron,0.3904758374334973,1
ICBHI_223_1b1_LR_005,ICBHI_223_1b1_LR,ICBHI_223,1,ICBHI,Meditron,0.5663183664071523,1
ICBHI_223_1b1_LR_006,ICBHI_223_1b1_LR,ICBHI_223,1,ICBHI,Meditron,0.3398276185853647,1
ICBHI_223_1b1_LR_007,ICBHI_223_1b1_LR,ICBHI_223,1,ICBHI,Meditron,0.4948312693324233,1
ICBHI_223_1b1_LR_008,ICBHI_223_1b1_LR,ICBHI_223,1,ICBHI,Meditron,0.3832949821404514,1
ICBHI_223_1b1_LR_009,ICBHI_223_1b1_LR,ICBHI_223,1,ICBHI,Meditron,0.6907677265068792,1
ICBHI_223_1b1_LR_010,ICBHI_223_1b1_LR,ICBHI_223,1,ICBHI,Meditron,0.6603914338601954,1
ICBHI_223_1b1_LR_011,ICBHI_223_1b1_LR,ICBHI_223,1,ICBHI,Meditron,0.3421317933873798,1
ICBHI_223_1b1_PL_000,ICBHI_223_1b1_PL,ICBHI_223,1,ICBHI,Meditron,0.2958398615564072,1
ICBHI_223_1b1_PL_001,ICBHI_223_1b1_PL,ICBHI_223,1,ICBHI,Meditron,0.4820481250417044,1
ICBHI_223_1b1_PL_002,ICBHI_223_1b1_PL,ICBHI_223,1,ICBHI,Meditron,0.5838560058321918,1
ICBHI_223_1b1_PL_003,ICBHI_223_1b1_PL,ICBHI_223,1,ICBHI,Meditron,0.7149266824678394,1
ICBHI_223_1b1_PL_004,ICBHI_223_1b1_PL,ICBHI_223,1,ICBHI,Meditron,0.6917056443093248,1
ICBHI_223_1b1_PL_005,ICBHI_223_1b1_PL,ICBHI_223,1,ICBHI,Meditron,0.8071568154401839,1
ICBHI_223_1b1_PL_006,ICBHI_223_1b1_PL,ICBHI_223,1,ICBHI,Meditron,0.2181692431231736,1
ICBHI_223_1b1_PL_007,ICBHI_223_1b1_PL,ICBHI_223,1,ICBHI,Meditron,0.1093248300776389,1
ICBHI_223_1b1_PL_008,ICBHI_223_1b1_PL,ICBHI_223,1,ICBHI,Meditron,0.8958875884420037,1
ICBHI_223_1b1_PL_009,ICBHI_223_1b1_PL,ICBHI_223,1,ICBHI,Meditron,0.8852352197343663,1
ICBHI_223_1b1_PL_010,ICBHI_223_1b1_PL,ICBHI_223,1,ICBHI,Meditron,0.7789857587902472,1
ICBHI_223_1b1_PL_011,ICBHI_223_1b1_PL,ICBHI_223,1,ICBHI,Meditron,0.828106351204076,1
ICBHI_223_1b1_PR_000,ICBHI_223_1b1_PR,ICBHI_223,1,ICBHI,Meditron,0.7813306233160979,1
ICBHI_223_1b1_PR_001,ICBHI_223_1b1_PR,ICBHI_223,1,ICBHI,Meditron,0.9267027235112548,1
ICBHI_223_1b1_PR_002,ICBHI_223_1b1_PR,ICBHI_223,1,ICBHI,Meditron,0.9118099551992372,1
ICBHI_223_1b1_PR_003,ICBHI_223_1b1_PR,ICBHI_223,1,ICBHI,Meditron,0.8633916099737806,1
ICBHI_223_1b1_PR_004,ICBHI_223_1b1_PR,ICBHI_223,1,ICBHI,Meditron,0.4366820951134029,1
ICBHI_223_1b1_PR_005,ICBHI_223_1b1_PR,ICBHI_223,1,ICBHI,Meditron,0.41537306078234,1
ICBHI_223_1b1_PR_006,ICBHI_223_1b1_PR,ICBHI_223,1,ICBHI,Meditron,0.9061560406079822,1
ICBHI_223_1b1_PR_007,ICBHI_223_1b1_PR,ICBHI_223,1,ICBHI,Meditron,0.9237300338193294,1
ICBHI_223_1b1_PR_008,ICBHI_223_1b1_PR,ICBHI_223,1,ICBHI,Meditron,0.7032438550755685,1
ICBHI_223_1b1_PR_009,ICBHI_223_1b1_PR,ICBHI_223,1,ICBHI,Meditron,0.7318259004548959,1
ICBHI_223_1b1_PR_010,ICBHI_223_1b1_PR,ICBHI_223,1,ICBHI,Meditron,0.54691965128964,1
ICBHI_223_1b1_PR_011,ICBHI_223_1b1_PR,ICBHI_223,1,ICBHI,Meditron,0.7876046534649508,1
ICBHI_106_2b1_PL_000,ICBHI_106_2b1_PL,ICBHI_106,1,ICBHI,LittC2SE,0.9958175058144084,2
ICBHI_106_2b1_PL_001,ICBHI_106_2b1_PL,ICBHI_106,1,ICBHI,LittC2SE,0.9951890169673988,2
ICBHI_106_2b1_PL_002,ICBHI_106_2b1_PL,ICBHI_106,1,ICBHI,LittC2SE,0.9952262776092428,2
ICBHI_106_2b1_PL_003,ICBHI_106_2b1_PL,ICBHI_106,1,ICBHI,LittC2SE,0.994759550379741,2
ICBHI_106_2b1_PL_004,ICBHI_106_2b1_PL,ICBHI_106,1,ICBHI,LittC2SE,0.995634673888606,2
ICBHI_106_2b1_PL_005,ICBHI_106_2b1_PL,ICBHI_106,1,ICBHI,LittC2SE,0.9928231180543432,2
ICBHI_106_2b1_PL_006,ICBHI_106_2b1_PL,ICBHI_106,1,ICBHI,LittC2SE,0.9867261125456144,2
ICBHI_106_2b1_PR_000,ICBHI_106_2b1_PR,ICBHI_106,1,ICBHI,LittC2SE,0.9940428462362504,2
ICBHI_106_2b1_PR_001,ICBHI_106_2b1_PR,ICBHI_106,1,ICBHI,LittC2SE,0.994445075296309,2
ICBHI_106_2b1_PR_002,ICBHI_106_2b1_PR,ICBHI_106,1,ICBHI,LittC2SE,0.9949788500523676,2
ICBHI_106_2b1_PR_003,ICBHI_106_2b1_PR,ICBHI_106,1,ICBHI,LittC2SE,0.9935868362586746,2
ICBHI_106_2b1_PR_004,ICBHI_106_2b1_PR,ICBHI_106,1,ICBHI,LittC2SE,0.9901782070803068,2
ICBHI_106_2b1_PR_005,ICBHI_106_2b1_PR,ICBHI_106,1,ICBHI,LittC2SE,0.9930153500828656,2
ICBHI_106_2b1_PR_006,ICBHI_106_2b1_PR,ICBHI_106,1,ICBHI,LittC2SE,0.9940659331606164,2
ICBHI_110_1b1_PR_000,ICBHI_110_1b1_PR,ICBHI_110,1,ICBHI,Meditron,0.984810951192016,2
ICBHI_110_1b1_PR_001,ICBHI_110_1b1_PR,ICBHI_110,1,ICBHI,Meditron,0.9886682464686384,2
ICBHI_110_1b1_PR_002,ICBHI_110_1b1_PR,ICBHI_110,1,ICBHI,Meditron,0.9892648373909092,2
ICBHI_110_1b1_PR_003,ICBHI_110_1b1_PR,ICBHI_110,1,ICBHI,Meditron,0.978467122853792,2
ICBHI_110_1b1_PR_004,ICBHI_110_1b1_PR,ICBHI_110,1,ICBHI,Meditron,0.9634374958402552,2
ICBHI_110_1b1_PR_005,ICBHI_110_1b1_PR,ICBHI_110,1,ICBHI,Meditron,0.9836598719063984,2
ICBHI_110_1b1_PR_006,ICBHI_110_1b1_PR,ICBHI_110,1,ICBHI,Meditron,0.977110159887611,2
ICBHI_110_1b1_PR_007,ICBHI_110_1b1_PR,ICBHI_110,1,ICBHI,Meditron,0.982151261550011,2
ICBHI_110_1b1_PR_008,ICBHI_110_1b1_PR,ICBHI_110,1,ICBHI,Meditron,0.981979260068153,2
ICBHI_110_1b1_PR_009,ICBHI_110_1b1_PR,ICBHI_110,1,ICBHI,Meditron,0.9725714572957164,2
ICBHI_110_1b1_PR_010,ICBHI_110_1b1_PR,ICBHI_110,1,ICBHI,Meditron,0.97671369455574,2
ICBHI_110_1b1_PR_011,ICBHI_110_1b1_PR,ICBHI_110,1,ICBHI,Meditron,0.9661559646595076,2
ICBHI_110_1b1_PR_012,ICBHI_110_1b1_PR,ICBHI_110,1,ICBHI,Meditron,0.9760836129001416,2
ICBHI_110_1b1_PR_013,ICBHI_110_1b1_PR,ICBHI_110,1,ICBHI,Meditron,0.9693822208597556,2
ICBHI_110_1b1_PR_014,ICBHI_110_1b1_PR,ICBHI_110,1,ICBHI,Meditron,0.9673486215396556,2
ICBHI_110_1b1_PR_015,ICBHI_110_1b1_PR,ICBHI_110,1,ICBHI,Meditron,0.9870795269609208,2
ICBHI_110_1b1_PR_016,ICBHI_110_1b1_PR,ICBHI_110,1,ICBHI,Meditron,0.9905142868292048,2
ICBHI_110_1b1_PR_017,ICBHI_110_1b1_PR,ICBHI_110,1,ICBHI,Meditron,0.9912548183179648,2
ICBHI_110_1b1_PR_018,ICBHI_110_1b1_PR,ICBHI_110,1,ICBHI,Meditron,0.9958175058144084,2
ICBHI_110_1b1_PR_019,ICBHI_110_1b1_PR,ICBHI_110,1,ICBHI,Meditron,0.991422514586288,2
ICBHI_110_1b1_PR_020,ICBHI_110_1b1_PR,ICBHI_110,1,ICBHI,Meditron,0.9811668701095654,2
ICBHI_110_1b1_PR_021,ICBHI_110_1b1_PR,ICBHI_110,1,ICBHI,Meditron,0.9870795269609208,2
ICBHI_110_1b1_PR_022,ICBHI_110_1b1_PR,ICBHI_110,1,ICBHI,Meditron,0.982889110788156,2
ICBHI_110_1b1_PR_023,ICBHI_110_1b1_PR,ICBHI_110,1,ICBHI,Meditron,0.9764007056485348,2
ICBHI_110_1b1_PR_024,ICBHI_110_1b1_PR,ICBHI_110,1,ICBHI,Meditron,0.9769787427100676,2
ICBHI_110_1b1_PR_025,ICBHI_110_1b1_PR,ICBHI_110,1,ICBHI,Meditron,0.9695556515673754,2
ICBHI_110_1b1_PR_026,ICBHI_110_1b1_PR,ICBHI_110,1,ICBHI,Meditron,0.975154563105731,2
ICBHI_110_1p1_AL_000,ICBHI_110_1p1_AL,ICBHI_110,1,ICBHI,Meditron,0.9840936082881852,2
ICBHI_110_1p1_AL_001,ICBHI_110_1p1_AL,ICBHI_110,1,ICBHI,Meditron,0.9869292152258128,2
ICBHI_110_1p1_AL_002,ICBHI_110_1p1_AL,ICBHI_110,1,ICBHI,Meditron,0.9754836641728089,2
ICBHI_110_1p1_AL_003,ICBHI_110_1p1_AL,ICBHI_110,1,ICBHI,Meditron,0.930458255494172,2
ICBHI_110_1p1_AL_004,ICBHI_110_1p1_AL,ICBHI_110,1,ICBHI,Meditron,0.9348724531603766,2
ICBHI_110_1p1_AL_005,ICBHI_110_1p1_AL,ICBHI_110,1,ICBHI,Meditron,0.9752018398044144,2
ICBHI_110_1p1_AL_006,ICBHI_110_1p1_AL,ICBHI_110,1,ICBHI,Meditron,0.97671369455574,2
ICBHI_110_1p1_AL_007,ICBHI_110_1p1_AL,ICBHI_110,1,ICBHI,Meditron,0.9658351844920308,2
ICBHI_110_1p1_AL_008,ICBHI_110_1p1_AL,ICBHI_110,1,ICBHI,Meditron,0.878314245362953,2
ICBHI_110_1p1_AL_009,ICBHI_110_1p1_AL,ICBHI_110,1,ICBHI,Meditron,0.9150528966571873,2
ICBHI_110_1p1_AL_010,ICBHI_110_1p1_AL,ICBHI_110,1,ICBHI,Meditron,0.944587205618231,2
ICBHI_110_1p1_LL_000,ICBHI_110_1p1_LL,ICBHI_110,1,ICBHI,Meditron,0.9647224530933884,2
ICBHI_110_1p1_LL_001,ICBHI_110_1p1_LL,ICBHI_110,1,ICBHI,Meditron,0.6248659941341522,2
ICBHI_110_1p1_LL_002,ICBHI_110_1p1_LL,ICBHI_110,1,ICBHI,Meditron,0.93183562573443,2
ICBHI_110_1p1_LL_003,ICBHI_110_1p1_LL,ICBHI_110,1,ICBHI,Meditron,0.9921232932834126,2
ICBHI_110_1p1_LL_004,ICBHI_110_1p1_LL,ICBHI_110,1,ICBHI,Meditron,0.9932287900693888,2
ICBHI_110_1p1_LL_005,ICBHI_110_1p1_LL,ICBHI_110,1,ICBHI,Meditron,0.9887987866239216,2
ICBHI_110_1p1_LL_006,ICBHI_110_1p1_LL,ICBHI_110,1,ICBHI,Meditron,0.988084978032852,2
ICBHI_110_1p1_LL_007,ICBHI_110_1p1_LL,ICBHI_110,1,ICBHI,Meditron,0.9887987866239216,2
ICBHI_110_1p1_LL_008,ICBHI_110_1p1_LL,ICBHI_110,1,ICBHI,Meditron,0.9883127420043056,2
ICBHI_110_1p1_LL_009,ICBHI_110_1p1_LL,ICBHI_110,1,ICBHI,Meditron,0.989947631342032,2
ICBHI_110_1p1_LL_010,ICBHI_110_1p1_LL,ICBHI_110,1,ICBHI,Meditron,0.9916519461902168,2
ICBHI_110_1p1_LR_000,ICBHI_110_1p1_LR,ICBHI_110,1,ICBHI,Meditron,0.9790758090833794,2
ICBHI_110_1p1_LR_001,ICBHI_110_1p1_LR,ICBHI_110,1,ICBHI,Meditron,0.9770664357676162,2
ICBHI_110_1p1_LR_002,ICBHI_110_1p1_LR,ICBHI_110,1,ICBHI,Meditron,0.9857180660748888,2
ICBHI_110_1p1_LR_003,ICBHI_110_1p1_LR,ICBHI_110,1,ICBHI,Meditron,0.9913892323324892,2
ICBHI_110_1p1_LR_004,ICBHI_110_1p1_LR,ICBHI_110,1,ICBHI,Meditron,0.9951702782541956,2
ICBHI_110_1p1_LR_005,ICBHI_110_1p1_LR,ICBHI_110,1,ICBHI,Meditron,0.9943361347628212,2
ICBHI_110_1p1_LR_006,ICBHI_110_1p1_LR,ICBHI_110,1,ICBHI,Meditron,0.991554373058874,2
ICBHI_110_1p1_LR_007,ICBHI_110_1p1_LR,ICBHI_110,1,ICBHI,Meditron,0.9933330680687192,2
ICBHI_110_1p1_LR_008,ICBHI_110_1p1_LR,ICBHI_110,1,ICBHI,Meditron,0.9909797204985978,2
ICBHI_110_1p1_LR_009,ICBHI_110_1p1_LR,ICBHI_110,1,ICBHI,Meditron,0.9913222832950108,2
ICBHI_110_1p1_LR_010,ICBHI_110_1p1_LR,ICBHI_110,1,ICBHI,Meditron,0.9791955100493928,2
ICBHI_110_1p1_PR_000,ICBHI_110_1p1_PR,ICBHI_110,1,ICBHI,Meditron,0.9859363729567544,2
ICBHI_110_1p1_PR_001,ICBHI_110_1p1_PR,ICBHI_110,1,ICBHI,Meditron,0.9861513897844354,2
ICBHI_110_1p1_PR_002,ICBHI_110_1p1_PR,ICBHI_110,1,ICBHI,Meditron,0.9859363729567544,2
ICBHI_110_1p1_PR_003,ICBHI_110_1p1_PR,ICBHI_110,1,ICBHI,Meditron,0.985990433713597,2
ICBHI_110_1p1_PR_004,ICBHI_110_1p1_PR,ICBHI_110,1,ICBHI,Meditron,0.9891396689867225,2
ICBHI_110_1p1_PR_005,ICBHI_110_1p1_PR,ICBHI_110,1,ICBHI,Meditron,0.983278856294558,2
ICBHI_110_1p1_PR_006,ICBHI_110_1p1_PR,ICBHI_110,1,ICBHI,Meditron,0.97982268167713,2
ICBHI_110_1p1_PR_007,ICBHI_110_1p1_PR,ICBHI_110,1,ICBHI,Meditron,0.9826243354907804,2
ICBHI_110_1p1_PR_008,ICBHI_110_1p1_PR,ICBHI_110,1,ICBHI,Meditron,0.9836598719063984,2
ICBHI_110_1p1_PR_009,ICBHI_110_1p1_PR,ICBHI_110,1,ICBHI,Meditron,0.9844563520692292,2
ICBHI_110_1p1_PR_010,ICBHI_110_1p1_PR,ICBHI_110,1,ICBHI,Meditron,0.9890976262707148,2
ICBHI_110_1p1_PR_011,ICBHI_110_1p1_PR,ICBHI_110,1,ICBHI,Meditron,0.9883127420043056,2
ICBHI_110_1p1_PR_012,ICBHI_110_1p1_PR,ICBHI_110,1,ICBHI,Meditron,0.9782604045723282,2
ICBHI_110_1p1_PR_013,ICBHI_110_1p1_PR,ICBHI_110,1,ICBHI,Meditron,0.9907677855954636,2
ICBHI_110_1p1_PR_014,ICBHI_110_1p1_PR,ICBHI_110,1,ICBHI,Meditron,0.994615062038222,2
ICBHI_110_1p1_PR_015,ICBHI_110_1p1_PR,ICBHI_110,1,ICBHI,Meditron,0.9887987866239216,2
ICBHI_110_1p1_PR_016,ICBHI_110_1p1_PR,ICBHI_110,1,ICBHI,Meditron,0.9921841112107114,2
ICBHI_110_1p1_PR_017,ICBHI_110_1p1_PR,ICBHI_110,1,ICBHI,Meditron,0.9753431444580398,2
ICBHI_110_1p1_PR_018,ICBHI_110_1p1_PR,ICBHI_110,1,ICBHI,Meditron,0.9523087167764016,2
ICBHI_110_1p1_PR_019,ICBHI_110_1p1_PR,ICBHI_110,1,ICBHI,Meditron,0.935582334586506,2
ICBHI_110_1p1_PR_020,ICBHI_110_1p1_PR,ICBHI_110,1,ICBHI,Meditron,0.8641958840872618,2
ICBHI_110_1p1_PR_021,ICBHI_110_1p1_PR,ICBHI_110,1,ICBHI,Meditron,0.9322068610768112,2
ICBHI_110_1p1_PR_022,ICBHI_110_1p1_PR,ICBHI_110,1,ICBHI,Meditron,0.8787311222597683,2
ICBHI_110_1p1_PR_023,ICBHI_110_1p1_PR,ICBHI_110,1,ICBHI,Meditron,0.8949731912576617,2
ICBHI_110_1p1_PR_024,ICBHI_110_1p1_PR,ICBHI_110,1,ICBHI,Meditron,0.9746286885255978,2
ICBHI_110_1p1_PR_025,ICBHI_110_1p1_PR,ICBHI_110,1,ICBHI,Meditron,0.9689738206081602,2
ICBHI_110_1p1_PR_026,ICBHI_110_1p1_PR,ICBHI_110,1,ICBHI,Meditron,0.9422946838534368,2
ICBHI_110_1p1_PR_027,ICBHI_110_1p1_PR,ICBHI_110,1,ICBHI,Meditron,0.6890964342015904,2
ICBHI_110_1p1_PR_028,ICBHI_110_1p1_PR,ICBHI_110,1,ICBHI,Meditron,0.9076402020521152,2
ICBHI_114_1b4_AL_000,ICBHI_114_1b4_AL,ICBHI_114,1,ICBHI,AKGC417L,0.9439706148821184,2
ICBHI_114_1b4_AL_001,ICBHI_114_1b4_AL,ICBHI_114,1,ICBHI,AKGC417L,0.95275028649851,2
ICBHI_114_1b4_AL_002,ICBHI_114_1b4_AL,ICBHI_114,1,ICBHI,AKGC417L,0.9793145407099588,2
ICBHI_114_1b4_AL_003,ICBHI_114_1b4_AL,ICBHI_114,1,ICBHI,AKGC417L,0.9842760094722643,2
ICBHI_114_1b4_AL_004,ICBHI_114_1b4_AL,ICBHI_114,1,ICBHI,AKGC417L,0.9750122054090996,2
ICBHI_114_1b4_AL_005,ICBHI_114_1b4_AL,ICBHI_114,1,ICBHI,AKGC417L,0.9510513782831764,2
ICBHI_114_1b4_AL_006,ICBHI_114_1b4_AL,ICBHI_114,1,ICBHI,AKGC417L,0.9811668701095654,2
ICBHI_114_1b4_AR_000,ICBHI_114_1b4_AR,ICBHI_114,1,ICBHI,AKGC417L,0.9003546962924533,2
ICBHI_114_1b4_AR_001,ICBHI_114_1b4_AR,ICBHI_114,1,ICBHI,AKGC417L,0.9434518650712324,2
ICBHI_114_1b4_AR_002,ICBHI_114_1b4_AR,ICBHI_114,1,ICBHI,AKGC417L,0.9152045921779318,2
ICBHI_114_1b4_AR_003,ICBHI_114_1b4_AR,ICBHI_114,1,ICBHI,AKGC417L,0.9514137919629646,2
ICBHI_114_1b4_AR_004,ICBHI_114_1b4_AR,ICBHI_114,1,ICBHI,AKGC417L,0.9628132248397596,2
ICBHI_114_1b4_AR_005,ICBHI_114_1b4_AR,ICBHI_114,1,ICBHI,AKGC417L,0.9199307308316192,2
ICBHI_114_1b4_AR_006,ICBHI_114_1b4_AR,ICBHI_114,1,ICBHI,AKGC417L,0.8682692948106071,2
ICBHI_114_1b4_LR_000,ICBHI_114_1b4_LR,ICBHI_114,1,ICBHI,AKGC417L,0.955235687404285,2
ICBHI_114_1b4_LR_001,ICBHI_114_1b4_LR,ICBHI_114,1,ICBHI,AKGC417L,0.9439706148821184,2
ICBHI_114_1b4_LR_002,ICBHI_114_1b4_LR,ICBHI_114,1,ICBHI,AKGC417L,0.9674717764988552,2
ICBHI_114_1b4_LR_003,ICBHI_114_1b4_LR,ICBHI_114,1,ICBHI,AKGC417L,0.9839708526340988,2
ICBHI_114_1b4_LR_004,ICBHI_114_1b4_LR,ICBHI_114,1,ICBHI,AKGC417L,0.9876638995791304,2
ICBHI_114_1b4_LR_005,ICBHI_114_1b4_LR,ICBHI_114,1,ICBHI,AKGC417L,0.9657706774216144,2
ICBHI_114_1b4_LR_006,ICBHI_114_1b4_LR,ICBHI_114,1,ICBHI,AKGC417L,0.9754836641728089,2
ICBHI_114_1b4_PL_000,ICBHI_114_1b4_PL,ICBHI_114,1,ICBHI,AKGC417L,0.9831499205521024,2
ICBHI_114_1b4_PL_001,ICBHI_114_1b4_PL,ICBHI_114,1,ICBHI,AKGC417L,0.9780097803027992,2
ICBHI_114_1b4_PL_002,ICBHI_114_1b4_PL,ICBHI_114,1,ICBHI,AKGC417L,0.9787938797980108,2
ICBHI_114_1b4_PL_003,ICBHI_114_1b4_PL,ICBHI_114,1,ICBHI,AKGC417L,0.980318590959467,2
ICBHI_114_1b4_PL_004,ICBHI_114_1b4_PL,ICBHI_114,1,ICBHI,AKGC417L,0.9842154389261902,2
ICBHI_114_1b4_PL_005,ICBHI_114_1b4_PL,ICBHI_114,1,ICBHI,AKGC417L,0.9889705299774982,2
ICBHI_114_1b4_PL_006,ICBHI_114_1b4_PL,ICBHI_114,1,ICBHI,AKGC417L,0.9844563520692292,2
ICBHI_114_1b4_PR_000,ICBHI_114_1b4_PR,ICBHI_114,1,ICBHI,AKGC417L,0.982889110788156,2
ICBHI_114_1b4_PR_001,ICBHI_114_1b4_PR,ICBHI_114,1,ICBHI,AKGC417L,0.9711838031967466,2
ICBHI_114_1b4_PR_002,ICBHI_114_1b4_PR,ICBHI_114,1,ICBHI,AKGC417L,0.9760379759604948,2
ICBHI_114_1b4_PR_003,ICBHI_114_1b4_PR,ICBHI_114,1,ICBHI,AKGC417L,0.948058438498774,2
ICBHI_114_1b4_PR_004,ICBHI_114_1b4_PR,ICBHI_114,1,ICBHI,AKGC417L,0.9510513782831764,2
ICBHI_114_1b4_PR_005,ICBHI_114_1b4_PR,ICBHI_114,1,ICBHI,AKGC417L,0.9817357216481428,2
ICBHI_114_1b4_PR_006,ICBHI_114_1b4_PR,ICBHI_114,1,ICBHI,AKGC417L,0.9831499205521024,2
ICBHI_130_1p2_AL_000,ICBHI_130_1p2_AL,ICBHI_130,1,ICBHI,AKGC417L,0.9891815513471368,2
ICBHI_130_1p2_AL_001,ICBHI_130_1p2_AL,ICBHI_130,1,ICBHI,AKGC417L,0.9501340950202012,2
ICBHI_130_1p2_AL_002,ICBHI_130_1p2_AL,ICBHI_130,1,ICBHI,AKGC417L,0.9596109312691484,2
ICBHI_130_1p2_AL_003,ICBHI_130_1p2_AL,ICBHI_130,1,ICBHI,AKGC417L,0.9693822208597556,2
ICBHI_130_1p2_AL_004,ICBHI_130_1p2_AL,ICBHI_130,1,ICBHI,AKGC417L,0.9506864014093018,2
ICBHI_130_1p2_AL_005,ICBHI_130_1p2_AL,ICBHI_130,1,ICBHI,AKGC417L,0.9820826552325288,2
ICBHI_130_1p2_AL_006,ICBHI_130_1p2_AL,ICBHI_130,1,ICBHI,AKGC417L,0.9888849862785224,2
ICBHI_130_1p2_AR_000,ICBHI_130_1p2_AR,ICBHI_130,1,ICBHI,AKGC417L,0.7055822014264149,2
ICBHI_130_1p2_AR_001,ICBHI_130_1p2_AR,ICBHI_130,1,ICBHI,AKGC417L,0.3306873053366908,2
ICBHI_130_1p2_AR_002,ICBHI_130_1p2_AR,ICBHI_130,1,ICBHI,AKGC417L,0.5271643883968943,2
ICBHI_130_1p2_AR_003,ICBHI_130_1p2_AR,ICBHI_130,1,ICBHI,AKGC417L,0.6603914338601954,2
ICBHI_130_1p2_AR_004,ICBHI_130_1p2_AR,ICBHI_130,1,ICBHI,AKGC417L,0.8832359864017768,2
ICBHI_130_1p2_AR_005,ICBHI_130_1p2_AR,ICBHI_130,1,ICBHI,AKGC417L,0.8870089915514326,2
ICBHI_130_1p2_AR_006,ICBHI_130_1p2_AR,ICBHI_130,1,ICBHI,AKGC417L,0.9325762208953988,2
ICBHI_130_1p2_LL_000,ICBHI_130_1p2_LL,ICBHI_130,1,ICBHI,AKGC417L,0.9893474891602738,2
ICBHI_130_1p2_LL_001,ICBHI_130_1p2_LL,ICBHI_130,1,ICBHI,AKGC417L,0.9881766051636294,2
ICBHI_130_1p2_LL_002,ICBHI_130_1p2_LL,ICBHI_130,1,ICBHI,AKGC417L,0.985772953896821,2
ICBHI_130_1p2_LL_003,ICBHI_130_1p2_LL,ICBHI_130,1,ICBHI,AKGC417L,0.9893474891602738,2
ICBHI_130_1p2_LL_004,ICBHI_130_1p2_LL,ICBHI_130,1,ICBHI,AKGC417L,0.991684221522526,2
ICBHI_130_1p2_LL_005,ICBHI_130_1p2_LL,ICBHI_130,1,ICBHI,AKGC417L,0.992000245491622,2
ICBHI_130_1p2_LL_006,ICBHI_130_1p2_LL,ICBHI_130,1,ICBHI,AKGC417L,0.9887987866239216,2
ICBHI_130_1p2_LR_000,ICBHI_130_1p2_LR,ICBHI_130,1,ICBHI,AKGC417L,0.9105453978311192,2
ICBHI_130_1p2_LR_001,ICBHI_130_1p2_LR,ICBHI_130,1,ICBHI,AKGC417L,0.90648769084615,2
ICBHI_130_1p2_LR_002,ICBHI_130_1p2_LR,ICBHI_130,1,ICBHI,AKGC417L,0.909103245693355,2
ICBHI_130_1p2_LR_003,ICBHI_130_1p2_LR,ICBHI_130,1,ICBHI,AKGC417L,0.7161193559138741,2
ICBHI_130_1p2_LR_004,ICBHI_130_1p2_LR,ICBHI_130,1,ICBHI,AKGC417L,0.8643104540313907,2
ICBHI_130_1p2_LR_005,ICBHI_130_1p2_LR,ICBHI_130,1,ICBHI,AKGC417L,0.8489721980074492,2
ICBHI_130_1p2_LR_006,ICBHI_130_1p2_LR,ICBHI_130,1,ICBHI,AKGC417L,0.8873999002546609,2
ICBHI_130_1p2_PL_000,ICBHI_130_1p2_PL,ICBHI_130,1,ICBHI,AKGC417L,0.9830200077626816,2
ICBHI_130_1p2_PL_001,ICBHI_130_1p2_PL,ICBHI_130,1,ICBHI,AKGC417L,0.9808025508024198,2
ICBHI_130_1p2_PL_002,ICBHI_130_1p2_PL,ICBHI_130,1,ICBHI,AKGC417L,0.985772953896821,2
ICBHI_130_1p2_PL_003,ICBHI_130_1p2_PL,ICBHI_130,1,ICBHI,AKGC417L,0.9817006677897864,2
ICBHI_130_1p2_PL_004,ICBHI_130_1p2_PL,ICBHI_130,1,ICBHI,AKGC417L,0.9683213752172553,2
ICBHI_130_1p2_PL_005,ICBHI_130_1p2_PL,ICBHI_130,1,ICBHI,AKGC417L,0.9772408443444812,2
ICBHI_130_1p2_PL_006,ICBHI_130_1p2_PL,ICBHI_130,1,ICBHI,AKGC417L,0.9848692716928064,2
ICBHI_130_1p2_PR_000,ICBHI_130_1p2_PR,ICBHI_130,1,ICBHI,AKGC417L,0.9754369112279712,2
ICBHI_130_1p2_PR_001,ICBHI_130_1p2_PR,ICBHI_130,1,ICBHI,AKGC417L,0.9716716880201136,2
ICBHI_130_1p2_PR_002,ICBHI_130_1p2_PR,ICBHI_130,1,ICBHI,AKGC417L,0.9792749380796176,2
ICBHI_130_1p2_PR_003,ICBHI_130_1p2_PR,ICBHI_130,1,ICBHI,AKGC417L,0.9675944825013576,2
ICBHI_130_1p2_PR_004,ICBHI_130_1p2_PR,ICBHI_130,1,ICBHI,AKGC417L,0.9665370653480092,2
ICBHI_130_1p2_PR_005,ICBHI_130_1p2_PR,ICBHI_130,1,ICBHI,AKGC417L,0.974773174620712,2
ICBHI_130_1p2_PR_006,ICBHI_130_1p2_PR,ICBHI_130,1,ICBHI,AKGC417L,0.9392480969124416,2
ICBHI_130_1p2_TC_000,ICBHI_130_1p2_TC,ICBHI_130,1,ICBHI,AKGC417L,0.4366220396839315,2
ICBHI_130_1p2_TC_001,ICBHI_130_1p2_TC,ICBHI_130,1,ICBHI,AKGC417L,0.6782203997872387,2
ICBHI_130_1p2_TC_002,ICBHI_130_1p2_TC,ICBHI_130,1,ICBHI,AKGC417L,0.8572908683973974,2
ICBHI_130_1p2_TC_003,ICBHI_130_1p2_TC,ICBHI_130,1,ICBHI,AKGC417L,0.8776866156761532,2
ICBHI_130_1p2_TC_004,ICBHI_130_1p2_TC,ICBHI_130,1,ICBHI,AKGC417L,0.8285229803698224,2
ICBHI_130_1p2_TC_005,ICBHI_130_1p2_TC,ICBHI_130,1,ICBHI,AKGC417L,0.9264369496610247,2
ICBHI_130_1p2_TC_006,ICBHI_130_1p2_TC,ICBHI_130,1,ICBHI,AKGC417L,0.9639839292499328,2
ICBHI_130_1p3_AL_000,ICBHI_130_1p3_AL,ICBHI_130,1,ICBHI,AKGC417L,0.9285385081933416,2
ICBHI_130_1p3_AL_001,ICBHI_130_1p3_AL,ICBHI_130,1,ICBHI,AKGC417L,0.9568766292846294,2
ICBHI_130_1p3_AL_002,ICBHI_130_1p3_AL,ICBHI_130,1,ICBHI,AKGC417L,0.8325091688411175,2
ICBHI_130_1p3_AL_003,ICBHI_130_1p3_AL,ICBHI_130,1,ICBHI,AKGC417L,0.8957052736689574,2
ICBHI_130_1p3_AL_004,ICBHI_130_1p3_AL,ICBHI_130,1,ICBHI,AKGC417L,0.8848377712685633,2
ICBHI_130_1p3_AL_005,ICBHI_130_1p3_AL,ICBHI_130,1,ICBHI,AKGC417L,0.852690317365545,2
ICBHI_130_1p3_AL_006,ICBHI_130_1p3_AL,ICBHI_130,1,ICBHI,AKGC417L,0.8690492073600069,2
ICBHI_130_1p3_AR_000,ICBHI_130_1p3_AR,ICBHI_130,1,ICBHI,AKGC417L,0.9205043007398608,2
ICBHI_130_1p3_AR_001,ICBHI_130_1p3_AR,ICBHI_130,1,ICBHI,AKGC417L,0.8921873600393251,2
ICBHI_130_1p3_AR_002,ICBHI_130_1p3_AR,ICBHI_130,1,ICBHI,AKGC417L,0.8234704036870838,2
ICBHI_130_1p3_AR_003,ICBHI_130_1p3_AR,ICBHI_130,1,ICBHI,AKGC417L,0.7683857743122923,2
ICBHI_130_1p3_AR_004,ICBHI_130_1p3_AR,ICBHI_130,1,ICBHI,AKGC417L,0.9213576188158984,2
ICBHI_130_1p3_AR_005,ICBHI_130_1p3_AR,ICBHI_130,1,ICBHI,AKGC417L,0.7356416417389247,2
ICBHI_130_1p3_AR_006,ICBHI_130_1p3_AR,ICBHI_130,1,ICBHI,AKGC417L,0.5785672397438153,2
ICBHI_130_1p3_LL_000,ICBHI_130_1p3_LL,ICBHI_130,1,ICBHI,AKGC417L,0.9936856353291036,2
ICBHI_130_1p3_LL_001,ICBHI_130_1p3_LL,ICBHI_130,1,ICBHI,AKGC417L,0.9946567440438504,2
ICBHI_130_1p3_LL_002,ICBHI_130_1p3_LL,ICBHI_130,1,ICBHI,AKGC417L,0.9952999394649492,2
ICBHI_130_1p3_LL_003,ICBHI_130_1p3_LL,ICBHI_130,1,ICBHI,AKGC417L,0.9952999394649492,2
ICBHI_130_1p3_LL_004,ICBHI_130_1p3_LL,ICBHI_130,1,ICBHI,AKGC417L,0.9964619139429116,2
ICBHI_130_1p3_LL_005,ICBHI_130_1p3_LL,ICBHI_130,1,ICBHI,AKGC417L,0.994445075296309,2
ICBHI_130_1p3_LL_006,ICBHI_130_1p3_LL,ICBHI_130,1,ICBHI,AKGC417L,0.9938549079159148,2
ICBHI_130_1p3_LR_000,ICBHI_130_1p3_LR,ICBHI_130,1,ICBHI,AKGC417L,0.9750597460625842,2
ICBHI_130_1p3_LR_001,ICBHI_130_1p3_LR,ICBHI_130,1,ICBHI,AKGC417L,0.944689347784004,2
ICBHI_130_1p3_LR_002,ICBHI_130_1p3_LR,ICBHI_130,1,ICBHI,AKGC417L,0.90796713988899,2
ICBHI_130_1p3_LR_003,ICBHI_130_1p3_LR,ICBHI_130,1,ICBHI,AKGC417L,0.9319595797274408,2
ICBHI_130_1p3_LR_004,ICBHI_130_1p3_LR,ICBHI_130,1,ICBHI,AKGC417L,0.955402423772614,2
ICBHI_130_1p3_LR_005,ICBHI_130_1p3_LR,ICBHI_130,1,ICBHI,AKGC417L,0.8720207761598445,2
ICBHI_130_1p3_LR_006,ICBHI_130_1p3_LR,ICBHI_130,1,ICBHI,AKGC417L,0.9087799382901208,2
ICBHI_130_1p3_PL_000,ICBHI_130_1p3_PL,ICBHI_130,1,ICBHI,AKGC417L,0.9328214227111128,2
ICBHI_130_1p3_PL_001,ICBHI_130_1p3_PL,ICBHI_130,1,ICBHI,AKGC417L,0.9403530570548788,2
ICBHI_130_1p3_PL_002,ICBHI_130_1p3_PL,ICBHI_130,1,ICBHI,AKGC417L,0.904313056994317,2
ICBHI_130_1p3_PL_003,ICBHI_130_1p3_PL,ICBHI_130,1,ICBHI,AKGC417L,0.9448931005611606,2
ICBHI_130_1p3_PL_004,ICBHI_130_1p3_PL,ICBHI_130,1,ICBHI,AKGC417L,0.978631112244824,2
ICBHI_130_1p3_PL_005,ICBHI_130_1p3_PL,ICBHI_130,1,ICBHI,AKGC417L,0.943659904602972,2
ICBHI_130_1p3_PL_006,ICBHI_130_1p3_PL,ICBHI_130,1,ICBHI,AKGC417L,0.9439706148821184,2
ICBHI_130_1p3_PR_000,ICBHI_130_1p3_PR,ICBHI_130,1,ICBHI,AKGC417L,0.9395815801038564,2
ICBHI_130_1p3_PR_001,ICBHI_130_1p3_PR,ICBHI_130,1,ICBHI,AKGC417L,0.9415467589589032,2
ICBHI_130_1p3_PR_002,ICBHI_130_1p3_PR,ICBHI_130,1,ICBHI,AKGC417L,0.9257686295391644,2
ICBHI_130_1p3_PR_003,ICBHI_130_1p3_PR,ICBHI_130,1,ICBHI,AKGC417L,0.9813106915732508,2
ICBHI_130_1p3_PR_004,ICBHI_130_1p3_PR,ICBHI_130,1,ICBHI,AKGC417L,0.9757623652873698,2
ICBHI_130_1p3_PR_005,ICBHI_130_1p3_PR,ICBHI_130,1,ICBHI,AKGC417L,0.9370957582019432,2
ICBHI_130_1p3_PR_006,ICBHI_130_1p3_PR,ICBHI_130,1,ICBHI,AKGC417L,0.8786270185919375,2
ICBHI_130_1p3_TC_000,ICBHI_130_1p3_TC,ICBHI_130,1,ICBHI,AKGC417L,0.8553685628570248,2
ICBHI_130_1p3_TC_001,ICBHI_130_1p3_TC,ICBHI_130,1,ICBHI,AKGC417L,0.8177200818572946,2
ICBHI_130_1p3_TC_002,ICBHI_130_1p3_TC,ICBHI_130,1,ICBHI,AKGC417L,0.8377527445051433,2
ICBHI_130_1p3_TC_003,ICBHI_130_1p3_TC,ICBHI_130,1,ICBHI,AKGC417L,0.9259027388218736,2
ICBHI_130_1p3_TC_004,ICBHI_130_1p3_TC,ICBHI_130,1,ICBHI,AKGC417L,0.8628146765958754,2
ICBHI_130_1p3_TC_005,ICBHI_130_1p3_TC,ICBHI_130,1,ICBHI,AKGC417L,0.8723473746782093,2
ICBHI_130_1p3_TC_006,ICBHI_130_1p3_TC,ICBHI_130,1,ICBHI,AKGC417L,0.843379816636549,2
ICBHI_130_1p4_AL_000,ICBHI_130_1p4_AL,ICBHI_130,1,ICBHI,AKGC417L,0.8630456954548857,2
ICBHI_130_1p4_AL_001,ICBHI_130_1p4_AL,ICBHI_130,1,ICBHI,AKGC417L,0.8692713180565296,2
ICBHI_130_1p4_AL_002,ICBHI_130_1p4_AL,ICBHI_130,1,ICBHI,AKGC417L,0.3882700453757224,2
ICBHI_130_1p4_AL_003,ICBHI_130_1p4_AL,ICBHI_130,1,ICBHI,AKGC417L,0.454320840107723,2
ICBHI_130_1p4_AL_004,ICBHI_130_1p4_AL,ICBHI_130,1,ICBHI,AKGC417L,0.8973359904266346,2
ICBHI_130_1p4_AL_005,ICBHI_130_1p4_AL,ICBHI_130,1,ICBHI,AKGC417L,0.6409730239274649,2
ICBHI_130_1p4_AL_006,ICBHI_130_1p4_AL,ICBHI_130,1,ICBHI,AKGC417L,0.4827339187918663,2
ICBHI_130_1p4_AR_000,ICBHI_130_1p4_AR,ICBHI_130,1,ICBHI,AKGC417L,0.8828325306746402,2
ICBHI_130_1p4_AR_001,ICBHI_130_1p4_AR,ICBHI_130,1,ICBHI,AKGC417L,0.9376689641180752,2
ICBHI_130_1p4_AR_002,ICBHI_130_1p4_AR,ICBHI_130,1,ICBHI,AKGC417L,0.5859306506696685,2
ICBHI_130_1p4_AR_003,ICBHI_130_1p4_AR,ICBHI_130,1,ICBHI,AKGC417L,0.2771794029769513,2
ICBHI_130_1p4_AR_004,ICBHI_130_1p4_AR,ICBHI_130,1,ICBHI,AKGC417L,0.401218491652773,2
ICBHI_130_1p4_AR_005,ICBHI_130_1p4_AR,ICBHI_130,1,ICBHI,AKGC417L,0.5587182878084189,2
ICBHI_130_1p4_AR_006,ICBHI_130_1p4_AR,ICBHI_130,1,ICBHI,AKGC417L,0.2581389295363072,2
ICBHI_130_1p4_LL_000,ICBHI_130_1p4_LL,ICBHI_130,1,ICBHI,AKGC417L,0.974386085430022,2
ICBHI_130_1p4_LL_001,ICBHI_130_1p4_LL,ICBHI_130,1,ICBHI,AKGC417L,0.9867771782476948,2
ICBHI_130_1p4_LL_002,ICBHI_130_1p4_LL,ICBHI_130,1,ICBHI,AKGC417L,0.9938787187092716,2
ICBHI_130_1p4_LL_003,ICBHI_130_1p4_LL,ICBHI_130,1,ICBHI,AKGC417L,0.978343323718742,2
ICBHI_130_1p4_LL_004,ICBHI_130_1p4_LL,ICBHI_130,1,ICBHI,AKGC417L,0.9791955100493928,2
ICBHI_130_1p4_LL_005,ICBHI_130_1p4_LL,ICBHI_130,1,ICBHI,AKGC417L,0.9835338249524974,2
ICBHI_130_1p4_LL_006,ICBHI_130_1p4_LL,ICBHI_130,1,ICBHI,AKGC417L,0.8987665192930021,2
ICBHI_130_1p4_LR_000,ICBHI_130_1p4_LR,ICBHI_130,1,ICBHI,AKGC417L,0.966283461307112,2
ICBHI_130_1p4_LR_001,ICBHI_130_1p4_LR,ICBHI_130,1,ICBHI,AKGC417L,0.9897513980768414,2
ICBHI_130_1p4_LR_002,ICBHI_130_1p4_LR,ICBHI_130,1,ICBHI,AKGC417L,0.985882106574795,2
ICBHI_130_1p4_LR_003,ICBHI_130_1p4_LR,ICBHI_130,1,ICBHI,AKGC417L,0.9466953173537304,2
ICBHI_130_1p4_LR_004,ICBHI_130_1p4_LR,ICBHI_130,1,ICBHI,AKGC417L,0.9841546388118628,2
ICBHI_130_1p4_LR_005,ICBHI_130_1p4_LR,ICBHI_130,1,ICBHI,AKGC417L,0.9844563520692292,2
ICBHI_130_1p4_LR_006,ICBHI_130_1p4_LR,ICBHI_130,1,ICBHI,AKGC417L,0.9051547557946464,2
ICBHI_130_1p4_PL_000,ICBHI_130_1p4_PL,ICBHI_130,1,ICBHI,AKGC417L,0.9512329045230108,2
ICBHI_130_1p4_PL_001,ICBHI_130_1p4_PL,ICBHI_130,1,ICBHI,AKGC417L,0.9879462204837636,2
ICBHI_130_1p4_PL_002,ICBHI_130_1p4_PL,ICBHI_130,1,ICBHI,AKGC417L,0.9846346585586978,2
ICBHI_130_1p4_PL_003,ICBHI_130_1p4_PL,ICBHI_130,1,ICBHI,AKGC417L,0.983278856294558,2
ICBHI_130_1p4_PL_004,ICBHI_130_1p4_PL,ICBHI_130,1,ICBHI,AKGC417L,0.9425067211996144,2
ICBHI_130_1p4_PL_005,ICBHI_130_1p4_PL,ICBHI_130,1,ICBHI,AKGC417L,0.9600626857930734,2
ICBHI_130_1p4_PL_006,ICBHI_130_1p4_PL,ICBHI_130,1,ICBHI,AKGC417L,0.9866233967726228,2
ICBHI_130_1p4_PR_000,ICBHI_130_1p4_PR,ICBHI_130,1,ICBHI,AKGC417L,0.8987665192930021,2
ICBHI_130_1p4_PR_001,ICBHI_130_1p4_PR,ICBHI_130,1,ICBHI,AKGC417L,0.9649873730532592,2
ICBHI_130_1p4_PR_002,ICBHI_130_1p4_PR,ICBHI_130,1,ICBHI,AKGC417L,0.9210741144349998,2
ICBHI_130_1p4_PR_003,ICBHI_130_1p4_PR,ICBHI_130,1,ICBHI,AKGC417L,0.9207896758909756,2
ICBHI_130_1p4_PR_004,ICBHI_130_1p4_PR,ICBHI_130,1,ICBHI,AKGC417L,0.7696001271301557,2
ICBHI_130_1p4_PR_005,ICBHI_130_1p4_PR,ICBHI_130,1,ICBHI,AKGC417L,0.8702668581550825,2
ICBHI_130_1p4_PR_006,ICBHI_130_1p4_PR,ICBHI_130,1,ICBHI,AKGC417L,0.8953397977385916,2
ICBHI_130_1p4_TC_000,ICBHI_130_1p4_TC,ICBHI_130,1,ICBHI,AKGC417L,0.954137335843458,2
ICBHI_130_1p4_TC_001,ICBHI_130_1p4_TC,ICBHI_130,1,ICBHI,AKGC417L,0.9586926962069956,2
ICBHI_130_1p4_TC_002,ICBHI_130_1p4_TC,ICBHI_130,1,ICBHI,AKGC417L,0.9441768588653856,2
ICBHI_130_1p4_TC_003,ICBHI_130_1p4_TC,ICBHI_130,1,ICBHI,AKGC417L,0.9568766292846294,2
ICBHI_130_1p4_TC_004,ICBHI_130_1p4_TC,ICBHI_130,1,ICBHI,AKGC417L,0.9145963319978376,2
ICBHI_130_1p4_TC_005,ICBHI_130_1p4_TC,ICBHI_130,1,ICBHI,AKGC417L,0.90648769084615,2
ICBHI_130_1p4_TC_006,ICBHI_130_1p4_TC,ICBHI_130,1,ICBHI,AKGC417L,0.9675331855246276,2
ICBHI_130_2b2_AL_000,ICBHI_130_2b2_AL,ICBHI_130,1,ICBHI,AKGC417L,0.8704872113355656,2
ICBHI_130_2b2_AL_001,ICBHI_130_2b2_AL,ICBHI_130,1,ICBHI,AKGC417L,0.9074763422184106,2
ICBHI_130_2b2_AL_002,ICBHI_130_2b2_AL,ICBHI_130,1,ICBHI,AKGC417L,0.8316905587926504,2
ICBHI_130_2b2_AL_003,ICBHI_130_2b2_AL,ICBHI_130,1,ICBHI,AKGC417L,0.9259027388218736,2
ICBHI_130_2b2_AL_004,ICBHI_130_2b2_AL,ICBHI_130,1,ICBHI,AKGC417L,0.9654463760327956,2
ICBHI_130_2b2_AL_005,ICBHI_130_2b2_AL,ICBHI_130,1,ICBHI,AKGC417L,0.9849852519941804,2
ICBHI_130_2b2_AL_006,ICBHI_130_2b2_AL,ICBHI_130,1,ICBHI,AKGC417L,0.9820826552325288,2
ICBHI_130_2b2_AR_000,ICBHI_130_2b2_AR,ICBHI_130,1,ICBHI,AKGC417L,0.8655653520487961,2
ICBHI_130_2b2_AR_001,ICBHI_130_2b2_AR,ICBHI_130,1,ICBHI,AKGC417L,0.9381240142763572,2
ICBHI_130_2b2_AR_002,ICBHI_130_2b2_AR,ICBHI_130,1,ICBHI,AKGC417L,0.9570375284337568,2
ICBHI_130_2b2_AR_003,ICBHI_130_2b2_AR,ICBHI_130,1,ICBHI,AKGC417L,0.96036116089903,2
ICBHI_130_2b2_AR_004,ICBHI_130_2b2_AR,ICBHI_130,1,ICBHI,AKGC417L,0.8908652063250404,2
ICBHI_130_2b2_AR_005,ICBHI_130_2b2_AR,ICBHI_130,1,ICBHI,AKGC417L,0.78082966464492,2
ICBHI_130_2b2_AR_006,ICBHI_130_2b2_AR,ICBHI_130,1,ICBHI,AKGC417L,0.8792504866457316,2
ICBHI_130_2b2_LL_000,ICBHI_130_2b2_LL,ICBHI_130,1,ICBHI,AKGC417L,0.2745458314902352,2
ICBHI_130_2b2_LL_001,ICBHI_130_2b2_LL,ICBHI_130,1,ICBHI,AKGC417L,0.4967747181974432,2
ICBHI_130_2b2_LL_002,ICBHI_130_2b2_LL,ICBHI_130,1,ICBHI,AKGC417L,0.5959629393988092,2
ICBHI_130_2b2_LL_003,ICBHI_130_2b2_LL,ICBHI_130,1,ICBHI,AKGC417L,0.0419305235636686,2
ICBHI_130_2b2_LL_004,ICBHI_130_2b2_LL,ICBHI_130,1,ICBHI,AKGC417L,0.0689125031380708,2
ICBHI_130_2b2_LL_005,ICBHI_130_2b2_LL,ICBHI_130,1,ICBHI,AKGC417L,0.4617448315952666,2
ICBHI_130_2b2_LL_006,ICBHI_130_2b2_LL,ICBHI_130,1,ICBHI,AKGC417L,0.2158461991625077,2
ICBHI_130_2b2_LR_000,ICBHI_130_2b2_LR,ICBHI_130,1,ICBHI,AKGC417L,0.9248235972391684,2
ICBHI_130_2b2_LR_001,ICBHI_130_2b2_LR,ICBHI_130,1,ICBHI,AKGC417L,0.9739436957486152,2
ICBHI_130_2b2_LR_002,ICBHI_130_2b2_LR,ICBHI_130,1,ICBHI,AKGC417L,0.6770471054717195,2
ICBHI_130_2b2_LR_003,ICBHI_130_2b2_LR,ICBHI_130,1,ICBHI,AKGC417L,0.6440012477104936,2
ICBHI_130_2b2_LR_004,ICBHI_130_2b2_LR,ICBHI_130,1,ICBHI,AKGC417L,0.9196425311777928,2
ICBHI_130_2b2_LR_005,ICBHI_130_2b2_LR,ICBHI_130,1,ICBHI,AKGC417L,0.9192084564299288,2
ICBHI_130_2b2_LR_006,ICBHI_130_2b2_LR,ICBHI_130,1,ICBHI,AKGC417L,0.955235687404285,2
ICBHI_130_2b2_PL_000,ICBHI_130_2b2_PL,ICBHI_130,1,ICBHI,AKGC417L,0.982151261550011,2
ICBHI_130_2b2_PL_001,ICBHI_130_2b2_PL,ICBHI_130,1,ICBHI,AKGC417L,0.9871787857334058,2
ICBHI_130_2b2_PL_002,ICBHI_130_2b2_PL,ICBHI_130,1,ICBHI,AKGC417L,0.9827572224423472,2
ICBHI_130_2b2_PL_003,ICBHI_130_2b2_PL,ICBHI_130,1,ICBHI,AKGC417L,0.979472211759856,2
ICBHI_130_2b2_PL_004,ICBHI_130_2b2_PL,ICBHI_130,1,ICBHI,AKGC417L,0.9796287059913455,2
ICBHI_130_2b2_PL_005,ICBHI_130_2b2_PL,ICBHI_130,1,ICBHI,AKGC417L,0.9836598719063984,2
ICBHI_130_2b2_PL_006,ICBHI_130_2b2_PL,ICBHI_130,1,ICBHI,AKGC417L,0.9811307454626658,2
ICBHI_130_2b2_PR_000,ICBHI_130_2b2_PR,ICBHI_130,1,ICBHI,AKGC417L,0.9815951096107584,2
ICBHI_130_2b2_PR_001,ICBHI_130_2b2_PR,ICBHI_130,1,ICBHI,AKGC417L,0.9676556676188428,2
ICBHI_130_2b2_PR_002,ICBHI_130_2b2_PR,ICBHI_130,1,ICBHI,AKGC417L,0.9728823439906924,2
ICBHI_130_2b2_PR_003,ICBHI_130_2b2_PR,ICBHI_130,1,ICBHI,AKGC417L,0.9729338243348664,2
ICBHI_130_2b2_PR_004,ICBHI_130_2b2_PR,ICBHI_130,1,ICBHI,AKGC417L,0.9726754691350322,2
ICBHI_130_2b2_PR_005,ICBHI_130_2b2_PR,ICBHI_130,1,ICBHI,AKGC417L,0.9674102552339746,2
ICBHI_130_2b2_PR_006,ICBHI_130_2b2_PR,ICBHI_130,1,ICBHI,AKGC417L,0.9643214491222696,2
ICBHI_130_2b2_TC_000,ICBHI_130_2b2_TC,ICBHI_130,1,ICBHI,AKGC417L,0.9666631758572982,2
ICBHI_130_2b2_TC_001,ICBHI_130_2b2_TC,ICBHI_130,1,ICBHI,AKGC417L,0.97369471946558,2
ICBHI_130_2b2_TC_002,ICBHI_130_2b2_TC,ICBHI_130,1,ICBHI,AKGC417L,0.9854404813796804,2
ICBHI_130_2b2_TC_003,ICBHI_130_2b2_TC,ICBHI_130,1,ICBHI,AKGC417L,0.9901019362839764,2
ICBHI_130_2b2_TC_004,ICBHI_130_2b2_TC,ICBHI_130,1,ICBHI,AKGC417L,0.9707987097542188,2
ICBHI_130_2b2_TC_005,ICBHI_130_2b2_TC,ICBHI_130,1,ICBHI,AKGC417L,0.9709092429574352,2
ICBHI_130_2b2_TC_006,ICBHI_130_2b2_TC,ICBHI_130,1,ICBHI,AKGC417L,0.9802430819947856,2
ICBHI_130_2b3_AL_000,ICBHI_130_2b3_AL,ICBHI_130,1,ICBHI,AKGC417L,0.2438224443065624,2
ICBHI_130_2b3_AL_001,ICBHI_130_2b3_AL,ICBHI_130,1,ICBHI,AKGC417L,0.139865653485956,2
ICBHI_130_2b3_AL_002,ICBHI_130_2b3_AL,ICBHI_130,1,ICBHI,AKGC417L,0.7970833682925155,2
ICBHI_130_2b3_AL_003,ICBHI_130_2b3_AL,ICBHI_130,1,ICBHI,AKGC417L,0.8231863045672491,2
ICBHI_130_2b3_AL_004,ICBHI_130_2b3_AL,ICBHI_130,1,ICBHI,AKGC417L,0.904313056994317,2
ICBHI_130_2b3_AL_005,ICBHI_130_2b3_AL,ICBHI_130,1,ICBHI,AKGC417L,0.943243103543508,2
ICBHI_130_2b3_AL_006,ICBHI_130_2b3_AL,ICBHI_130,1,ICBHI,AKGC417L,0.926569947300106,2
ICBHI_130_2b3_AR_000,ICBHI_130_2b3_AR,ICBHI_130,1,ICBHI,AKGC417L,0.941439173126251,2
ICBHI_130_2b3_AR_001,ICBHI_130_2b3_AR,ICBHI_130,1,ICBHI,AKGC417L,0.8711463599581363,2
ICBHI_130_2b3_AR_002,ICBHI_130_2b3_AR,ICBHI_130,1,ICBHI,AKGC417L,0.8593099346263151,2
ICBHI_130_2b3_AR_003,ICBHI_130_2b3_AR,ICBHI_130,1,ICBHI,AKGC417L,0.941439173126251,2
ICBHI_130_2b3_AR_004,ICBHI_130_2b3_AR,ICBHI_130,1,ICBHI,AKGC417L,0.9578334587487554,2
ICBHI_130_2b3_AR_005,ICBHI_130_2b3_AR,ICBHI_130,1,ICBHI,AKGC417L,0.906983195331138,2
ICBHI_130_2b3_AR_006,ICBHI_130_2b3_AR,ICBHI_130,1,ICBHI,AKGC417L,0.9014011355313044,2
ICBHI_130_2b3_LL_000,ICBHI_130_2b3_LL,ICBHI_130,1,ICBHI,AKGC417L,0.949482330277519,2
ICBHI_130_2b3_LL_001,ICBHI_130_2b3_LL,ICBHI_130,1,ICBHI,AKGC417L,0.9716716880201136,2
ICBHI_130_2b3_LL_002,ICBHI_130_2b3_LL,ICBHI_130,1,ICBHI,AKGC417L,0.9543930566810525,2
ICBHI_130_2b3_LL_003,ICBHI_130_2b3_LL,ICBHI_130,1,ICBHI,AKGC417L,0.9100669877621352,2
ICBHI_130_2b3_LL_004,ICBHI_130_2b3_LL,ICBHI_130,1,ICBHI,AKGC417L,0.8366880414050809,2
ICBHI_130_2b3_LL_005,ICBHI_130_2b3_LL,ICBHI_130,1,ICBHI,AKGC417L,0.8661325122464822,2
ICBHI_130_2b3_LL_006,ICBHI_130_2b3_LL,ICBHI_130,1,ICBHI,AKGC417L,0.9570375284337568,2
ICBHI_130_2b3_LR_000,ICBHI_130_2b3_LR,ICBHI_130,1,ICBHI,AKGC417L,0.90894172110682,2
ICBHI_130_2b3_LR_001,ICBHI_130_2b3_LR,ICBHI_130,1,ICBHI,AKGC417L,0.93096207182521,2
ICBHI_130_2b3_LR_002,ICBHI_130_2b3_LR,ICBHI_130,1,ICBHI,AKGC417L,0.800067893575815,2
ICBHI_130_2b3_LR_003,ICBHI_130_2b3_LR,ICBHI_130,1,ICBHI,AKGC417L,0.8975157807475012,2
ICBHI_130_2b3_LR_004,ICBHI_130_2b3_LR,ICBHI_130,1,ICBHI,AKGC417L,0.9638480624171308,2
ICBHI_130_2b3_LR_005,ICBHI_130_2b3_LR,ICBHI_130,1,ICBHI,AKGC417L,0.9849852519941804,2
ICBHI_130_2b3_LR_006,ICBHI_130_2b3_LR,ICBHI_130,1,ICBHI,AKGC417L,0.962743232064167,2
ICBHI_130_2b3_PL_000,ICBHI_130_2b3_PL,ICBHI_130,1,ICBHI,AKGC417L,0.9718859428738872,2
ICBHI_130_2b3_PL_001,ICBHI_130_2b3_PL,ICBHI_130,1,ICBHI,AKGC417L,0.9839091258071756,2
ICBHI_130_2b3_PL_002,ICBHI_130_2b3_PL,ICBHI_130,1,ICBHI,AKGC417L,0.9839708526340988,2
ICBHI_130_2b3_PL_003,ICBHI_130_2b3_PL,ICBHI_130,1,ICBHI,AKGC417L,0.9839708526340988,2
ICBHI_130_2b3_PL_004,ICBHI_130_2b3_PL,ICBHI_130,1,ICBHI,AKGC417L,0.9822196099268892,2
ICBHI_130_2b3_PL_005,ICBHI_130_2b3_PL,ICBHI_130,1,ICBHI,AKGC417L,0.9773707999669629,2
ICBHI_130_2b3_PL_006,ICBHI_130_2b3_PL,ICBHI_130,1,ICBHI,AKGC417L,0.9802052211384412,2
ICBHI_130_2b3_PR_000,ICBHI_130_2b3_PR,ICBHI_130,1,ICBHI,AKGC417L,0.9690910414827888,2
ICBHI_130_2b3_PR_001,ICBHI_130_2b3_PR,ICBHI_130,1,ICBHI,AKGC417L,0.9716178771000952,2
ICBHI_130_2b3_PR_002,ICBHI_130_2b3_PR,ICBHI_130,1,ICBHI,AKGC417L,0.978343323718742,2
ICBHI_130_2b3_PR_003,ICBHI_130_2b3_PR,ICBHI_130,1,ICBHI,AKGC417L,0.9657060528791284,2
ICBHI_130_2b3_PR_004,ICBHI_130_2b3_PR,ICBHI_130,1,ICBHI,AKGC417L,0.952925824178976,2
ICBHI_130_2b3_PR_005,ICBHI_130_2b3_PR,ICBHI_130,1,ICBHI,AKGC417L,0.975900554890232,2
ICBHI_130_2b3_PR_006,ICBHI_130_2b3_PR,ICBHI_130,1,ICBHI,AKGC417L,0.957357608127398,2
ICBHI_130_2b3_TC_000,ICBHI_130_2b3_TC,ICBHI_130,1,ICBHI,AKGC417L,0.9917163731139697,2
ICBHI_130_2b3_TC_001,ICBHI_130_2b3_TC,ICBHI_130,1,ICBHI,AKGC417L,0.9923637835053328,2
ICBHI_130_2b3_TC_002,ICBHI_130_2b3_TC,ICBHI_130,1,ICBHI,AKGC417L,0.9896318433492118,2
ICBHI_130_2b3_TC_003,ICBHI_130_2b3_TC,ICBHI_130,1,ICBHI,AKGC417L,0.991554373058874,2
ICBHI_130_2b3_TC_004,ICBHI_130_2b3_TC,ICBHI_130,1,ICBHI,AKGC417L,0.9930423911926236,2
ICBHI_130_2b3_TC_005,ICBHI_130_2b3_TC,ICBHI_130,1,ICBHI,AKGC417L,0.994445075296309,2
ICBHI_130_2b3_TC_006,ICBHI_130_2b3_TC,ICBHI_130,1,ICBHI,AKGC417L,0.985990433713597,2
ICBHI_130_2b4_AL_000,ICBHI_130_2b4_AL,ICBHI_130,1,ICBHI,AKGC417L,0.8715842026660879,2
ICBHI_130_2b4_AL_001,ICBHI_130_2b4_AL,ICBHI_130,1,ICBHI,AKGC417L,0.80852118219021,2
ICBHI_130_2b4_AL_002,ICBHI_130_2b4_AL,ICBHI_130,1,ICBHI,AKGC417L,0.8262916869759688,2
ICBHI_130_2b4_AL_003,ICBHI_130_2b4_AL,ICBHI_130,1,ICBHI,AKGC417L,0.7364006023908275,2
ICBHI_130_2b4_AL_004,ICBHI_130_2b4_AL,ICBHI_130,1,ICBHI,AKGC417L,0.8975157807475012,2
ICBHI_130_2b4_AL_005,ICBHI_130_2b4_AL,ICBHI_130,1,ICBHI,AKGC417L,0.9147487668762402,2
ICBHI_130_2b4_AL_006,ICBHI_130_2b4_AL,ICBHI_130,1,ICBHI,AKGC417L,0.921640191475818,2
ICBHI_130_2b4_AR_000,ICBHI_130_2b4_AR,ICBHI_130,1,ICBHI,AKGC417L,0.9568766292846294,2
ICBHI_130_2b4_AR_001,ICBHI_130_2b4_AR,ICBHI_130,1,ICBHI,AKGC417L,0.9554855697765152,2
ICBHI_130_2b4_AR_002,ICBHI_130_2b4_AR,ICBHI_130,1,ICBHI,AKGC417L,0.91610961358942,2
ICBHI_130_2b4_AR_003,ICBHI_130_2b4_AR,ICBHI_130,1,ICBHI,AKGC417L,0.8640812326182415,2
ICBHI_130_2b4_AR_004,ICBHI_130_2b4_AR,ICBHI_130,1,ICBHI,AKGC417L,0.5559475934812038,2
ICBHI_130_2b4_AR_005,ICBHI_130_2b4_AR,ICBHI_130,1,ICBHI,AKGC417L,0.427516216689023,2
ICBHI_130_2b4_AR_006,ICBHI_130_2b4_AR,ICBHI_130,1,ICBHI,AKGC417L,0.6760854755807713,2
ICBHI_130_2b4_LL_000,ICBHI_130_2b4_LL,ICBHI_130,1,ICBHI,AKGC417L,0.3337203189792143,2
ICBHI_130_2b4_LL_001,ICBHI_130_2b4_LL,ICBHI_130,1,ICBHI,AKGC417L,0.2562732024122395,2
ICBHI_130_2b4_LL_002,ICBHI_130_2b4_LL,ICBHI_130,1,ICBHI,AKGC417L,0.9461008455487896,2
ICBHI_130_2b4_LL_003,ICBHI_130_2b4_LL,ICBHI_130,1,ICBHI,AKGC417L,0.8964328436644923,2
ICBHI_130_2b4_LL_004,ICBHI_130_2b4_LL,ICBHI_130,1,ICBHI,AKGC417L,0.6744794522230694,2
ICBHI_130_2b4_LL_005,ICBHI_130_2b4_LL,ICBHI_130,1,ICBHI,AKGC417L,0.955816678097593,2
ICBHI_130_2b4_LL_006,ICBHI_130_2b4_LL,ICBHI_130,1,ICBHI,AKGC417L,0.9534487247878658,2
ICBHI_130_2b4_LR_000,ICBHI_130_2b4_LR,ICBHI_130,1,ICBHI,AKGC417L,0.878314245362953,2
ICBHI_130_2b4_LR_001,ICBHI_130_2b4_LR,ICBHI_130,1,ICBHI,AKGC417L,0.9506864014093018,2
ICBHI_130_2b4_LR_002,ICBHI_130_2b4_LR,ICBHI_130,1,ICBHI,AKGC417L,0.9753431444580398,2
ICBHI_130_2b4_LR_003,ICBHI_130_2b4_LR,ICBHI_130,1,ICBHI,AKGC417L,0.8360197508959527,2
ICBHI_130_2b4_LR_004,ICBHI_130_2b4_LR,ICBHI_130,1,ICBHI,AKGC417L,0.8864204083088262,2
ICBHI_130_2b4_LR_005,ICBHI_130_2b4_LR,ICBHI_130,1,ICBHI,AKGC417L,0.9281487332504804,2
ICBHI_130_2b4_LR_006,ICBHI_130_2b4_LR,ICBHI_130,1,ICBHI,AKGC417L,0.9005297861178929,2
ICBHI_130_2b4_PL_000,ICBHI_130_2b4_PL,ICBHI_130,1,ICBHI,AKGC417L,0.9841546388118628,2
ICBHI_130_2b4_PL_001,ICBHI_130_2b4_PL,ICBHI_130,1,ICBHI,AKGC417L,0.9829546827465642,2
ICBHI_130_2b4_PL_002,ICBHI_130_2b4_PL,ICBHI_130,1,ICBHI,AKGC417L,0.9823555365894354,2
ICBHI_130_2b4_PL_003,ICBHI_130_2b4_PL,ICBHI_130,1,ICBHI,AKGC417L,0.9735442241838218,2
ICBHI_130_2b4_PL_004,ICBHI_130_2b4_PL,ICBHI_130,1,ICBHI,AKGC417L,0.9519526413943112,2
ICBHI_130_2b4_PL_005,ICBHI_130_2b4_PL,ICBHI_130,1,ICBHI,AKGC417L,0.9628132248397596,2
ICBHI_130_2b4_PL_006,ICBHI_130_2b4_PL,ICBHI_130,1,ICBHI,AKGC417L,0.9602121916306376,2
ICBHI_130_2p3_PL_000,ICBHI_130_2p3_PL,ICBHI_130,1,ICBHI,AKGC417L,0.992000245491622,2
ICBHI_130_2p3_PL_001,ICBHI_130_2p3_PL,ICBHI_130,1,ICBHI,AKGC417L,0.9905142868292048,2
ICBHI_130_2p3_PL_002,ICBHI_130_2p3_PL,ICBHI_130,1,ICBHI,AKGC417L,0.985496420308618,2
ICBHI_130_2p3_PL_003,ICBHI_130_2p3_PL,ICBHI_130,1,ICBHI,AKGC417L,0.9890976262707148,2
ICBHI_130_2p3_PL_004,ICBHI_130_2p3_PL,ICBHI_130,1,ICBHI,AKGC417L,0.9890976262707148,2
ICBHI_130_2p3_PL_005,ICBHI_130_2p3_PL,ICBHI_130,1,ICBHI,AKGC417L,0.9909096166863416,2
ICBHI_130_2p3_PL_006,ICBHI_130_2p3_PL,ICBHI_130,1,ICBHI,AKGC417L,0.9869795098861572,2
ICBHI_130_2p5_AL_000,ICBHI_130_2p5_AL,ICBHI_130,1,ICBHI,AKGC417L,0.6351092919741933,2
ICBHI_130_2p5_AL_001,ICBHI_130_2p5_AL,ICBHI_130,1,ICBHI,AKGC417L,0.3645513043424086,2
ICBHI_130_2p5_AL_002,ICBHI_130_2p5_AL,ICBHI_130,1,ICBHI,AKGC417L,0.5132186597830176,2
ICBHI_130_2p5_AL_003,ICBHI_130_2p5_AL,ICBHI_130,1,ICBHI,AKGC417L,0.6094079432393984,2
ICBHI_130_2p5_AL_004,ICBHI_130_2p5_AL,ICBHI_130,1,ICBHI,AKGC417L,0.4822157573678355,2
ICBHI_130_2p5_AL_005,ICBHI_130_2p5_AL,ICBHI_130,1,ICBHI,AKGC417L,0.4348812475703497,2
ICBHI_130_2p5_AL_006,ICBHI_130_2p5_AL,ICBHI_130,1,ICBHI,AKGC417L,0.8033281311678119,2
ICBHI_130_2p5_AR_000,ICBHI_130_2p5_AR,ICBHI_130,1,ICBHI,AKGC417L,0.6510221370914505,2
ICBHI_130_2p5_AR_001,ICBHI_130_2p5_AR,ICBHI_130,1,ICBHI,AKGC417L,0.5754687284355577,2
ICBHI_130_2p5_AR_002,ICBHI_130_2p5_AR,ICBHI_130,1,ICBHI,AKGC417L,0.5395898040336867,2
ICBHI_130_2p5_AR_003,ICBHI_130_2p5_AR,ICBHI_130,1,ICBHI,AKGC417L,0.7871141519588875,2
ICBHI_130_2p5_AR_004,ICBHI_130_2p5_AR,ICBHI_130,1,ICBHI,AKGC417L,0.72389541201573,2
ICBHI_130_2p5_AR_005,ICBHI_130_2p5_AR,ICBHI_130,1,ICBHI,AKGC417L,0.6502452005719263,2
ICBHI_130_2p5_AR_006,ICBHI_130_2p5_AR,ICBHI_130,1,ICBHI,AKGC417L,0.0979066860580891,2
ICBHI_130_2p5_LR_000,ICBHI_130_2p5_LR,ICBHI_130,1,ICBHI,AKGC417L,0.9129031735964698,2
ICBHI_130_2p5_LR_001,ICBHI_130_2p5_LR,ICBHI_130,1,ICBHI,AKGC417L,0.9238675232288402,2
ICBHI_130_2p5_LR_002,ICBHI_130_2p5_LR,ICBHI_130,1,ICBHI,AKGC417L,0.9596109312691484,2
ICBHI_130_2p5_LR_003,ICBHI_130_2p5_LR,ICBHI_130,1,ICBHI,AKGC417L,0.8834372618119071,2
ICBHI_130_2p5_LR_004,ICBHI_130_2p5_LR,ICBHI_130,1,ICBHI,AKGC417L,0.7675156461281256,2
ICBHI_130_2p5_LR_005,ICBHI_130_2p5_LR,ICBHI_130,1,ICBHI,AKGC417L,0.8923750854700477,2
ICBHI_130_2p5_LR_006,ICBHI_130_2p5_LR,ICBHI_130,1,ICBHI,AKGC417L,0.8927496741072254,2
ICBHI_130_2p5_PL_000,ICBHI_130_2p5_PL,ICBHI_130,1,ICBHI,AKGC417L,0.984032346511204,2
ICBHI_130_2p5_PL_001,ICBHI_130_2p5_PL,ICBHI_130,1,ICBHI,AKGC417L,0.9637117023352416,2
ICBHI_130_2p5_PL_002,ICBHI_130_2p5_PL,ICBHI_130,1,ICBHI,AKGC417L,0.9729852096621656,2
ICBHI_130_2p5_PL_003,ICBHI_130_2p5_PL,ICBHI_130,1,ICBHI,AKGC417L,0.9894295113796924,2
ICBHI_130_2p5_PL_004,ICBHI_130_2p5_PL,ICBHI_130,1,ICBHI,AKGC417L,0.9719392602342918,2
ICBHI_130_2p5_PL_005,ICBHI_130_2p5_PL,ICBHI_130,1,ICBHI,AKGC417L,0.9589241107536092,2
ICBHI_130_2p5_PL_006,ICBHI_130_2p5_PL,ICBHI_130,1,ICBHI,AKGC417L,0.9630919338027948,2
ICBHI_130_2p5_PR_000,ICBHI_130_2p5_PR,ICBHI_130,1,ICBHI,AKGC417L,0.9692660692486924,2
ICBHI_130_2p5_PR_001,ICBHI_130_2p5_PR,ICBHI_130,1,ICBHI,AKGC417L,0.922900303783852,2
ICBHI_130_2p5_PR_002,ICBHI_130_2p5_PR,ICBHI_130,1,ICBHI,AKGC417L,0.9053222982086732,2
ICBHI_130_2p5_PR_003,ICBHI_130_2p5_PR,ICBHI_130,1,ICBHI,AKGC417L,0.9364014209523384,2
ICBHI_130_2p5_PR_004,ICBHI_130_2p5_PR,ICBHI_130,1,ICBHI,AKGC417L,0.9281487332504804,2
ICBHI_130_2p5_PR_005,ICBHI_130_2p5_PR,ICBHI_130,1,ICBHI,AKGC417L,0.9563904724343744,2
ICBHI_130_2p5_PR_006,ICBHI_130_2p5_PR,ICBHI_130,1,ICBHI,AKGC417L,0.9560634664484896,2
ICBHI_130_2p5_TC_000,ICBHI_130_2p5_TC,ICBHI_130,1,ICBHI,AKGC417L,0.9555685679752156,2
ICBHI_130_2p5_TC_001,ICBHI_130_2p5_TC,ICBHI_130,1,ICBHI,AKGC417L,0.9645224968348788,2
ICBHI_130_2p5_TC_002,ICBHI_130_2p5_TC,ICBHI_130,1,ICBHI,AKGC417L,0.9620363047907357,2
ICBHI_130_2p5_TC_003,ICBHI_130_2p5_TC,ICBHI_130,1,ICBHI,AKGC417L,0.9539660976007596,2
ICBHI_130_2p5_TC_004,ICBHI_130_2p5_TC,ICBHI_130,1,ICBHI,AKGC417L,0.95275028649851,2
ICBHI_130_2p5_TC_005,ICBHI_130_2p5_TC,ICBHI_130,1,ICBHI,AKGC417L,0.9635748473593744,2
ICBHI_130_2p5_TC_006,ICBHI_130_2p5_TC,ICBHI_130,1,ICBHI,AKGC417L,0.9703524898536864,2
ICBHI_130_3b3_LL_000,ICBHI_130_3b3_LL,ICBHI_130,1,ICBHI,AKGC417L,0.9690910414827888,2
ICBHI_130_3b3_LL_001,ICBHI_130_3b3_LL,ICBHI_130,1,ICBHI,AKGC417L,0.9170058516477309,2
ICBHI_130_3b3_LL_002,ICBHI_130_3b3_LL,ICBHI_130,1,ICBHI,AKGC417L,0.786130671364785,2
ICBHI_130_3b3_LL_003,ICBHI_130_3b3_LL,ICBHI_130,1,ICBHI,AKGC417L,0.982423116732664,2
ICBHI_130_3b3_LL_004,ICBHI_130_3b3_LL,ICBHI_130,1,ICBHI,AKGC417L,0.9930693283432538,2
ICBHI_130_3b3_LL_005,ICBHI_130_3b3_LL,ICBHI_130,1,ICBHI,AKGC417L,0.985496420308618,2
ICBHI_130_3b3_LL_006,ICBHI_130_3b3_LL,ICBHI_130,1,ICBHI,AKGC417L,0.9745319170136324,2
ICBHI_130_3b4_AL_000,ICBHI_130_3b4_AL,ICBHI_130,1,ICBHI,AKGC417L,0.7490872131147275,2
ICBHI_130_3b4_AL_001,ICBHI_130_3b4_AL,ICBHI_130,1,ICBHI,AKGC417L,0.3554392235932392,2
ICBHI_130_3b4_AL_002,ICBHI_130_3b4_AL,ICBHI_130,1,ICBHI,AKGC417L,0.834541775934969,2
ICBHI_130_3b4_AL_003,ICBHI_130_3b4_AL,ICBHI_130,1,ICBHI,AKGC417L,0.8068526199774353,2
ICBHI_130_3b4_AL_004,ICBHI_130_3b4_AL,ICBHI_130,1,ICBHI,AKGC417L,0.5947866527017444,2
ICBHI_130_3b4_AL_005,ICBHI_130_3b4_AL,ICBHI_130,1,ICBHI,AKGC417L,0.7895584005189641,2
ICBHI_130_3b4_AL_006,ICBHI_130_3b4_AL,ICBHI_130,1,ICBHI,AKGC417L,0.7869504679291749,2
ICBHI_130_3b4_AR_000,ICBHI_130_3b4_AR,ICBHI_130,1,ICBHI,AKGC417L,0.968915048912056,2
ICBHI_130_3b4_AR_001,ICBHI_130_3b4_AR,ICBHI_130,1,ICBHI,AKGC417L,0.9696132500732396,2
ICBHI_130_3b4_AR_002,ICBHI_130_3b4_AR,ICBHI_130,1,ICBHI,AKGC417L,0.9612438064128052,2
ICBHI_130_3b4_AR_003,ICBHI_130_3b4_AR,ICBHI_130,1,ICBHI,AKGC417L,0.9127477534452756,2
ICBHI_130_3b4_AR_004,ICBHI_130_3b4_AR,ICBHI_130,1,ICBHI,AKGC417L,0.9110215117615452,2
ICBHI_130_3b4_AR_005,ICBHI_130_3b4_AR,ICBHI_130,1,ICBHI,AKGC417L,0.97241471777321,2
ICBHI_130_3b4_AR_006,ICBHI_130_3b4_AR,ICBHI_130,1,ICBHI,AKGC417L,0.977756332416123,2
ICBHI_130_3b4_LR_000,ICBHI_130_3b4_LR,ICBHI_130,1,ICBHI,AKGC417L,0.927099726575378,2
ICBHI_130_3b4_LR_001,ICBHI_130_3b4_LR,ICBHI_130,1,ICBHI,AKGC417L,0.9577545043363116,2
ICBHI_130_3b4_LR_002,ICBHI_130_3b4_LR,ICBHI_130,1,ICBHI,AKGC417L,0.9286679988850832,2
ICBHI_130_3b4_LR_003,ICBHI_130_3b4_LR,ICBHI_130,1,ICBHI,AKGC417L,0.9470881887900422,2
ICBHI_130_3b4_LR_004,ICBHI_130_3b4_LR,ICBHI_130,1,ICBHI,AKGC417L,0.9695556515673754,2
ICBHI_130_3b4_LR_005,ICBHI_130_3b4_LR,ICBHI_130,1,ICBHI,AKGC417L,0.9623913644941934,2
ICBHI_130_3b4_LR_006,ICBHI_130_3b4_LR,ICBHI_130,1,ICBHI,AKGC417L,0.9333093454842049,2
ICBHI_130_3b4_PL_000,ICBHI_130_3b4_PL,ICBHI_130,1,ICBHI,AKGC417L,0.9869292152258128,2
ICBHI_130_3b4_PL_001,ICBHI_130_3b4_PL,ICBHI_130,1,ICBHI,AKGC417L,0.9891396689867225,2
ICBHI_130_3b4_PL_002,ICBHI_130_3b4_PL,ICBHI_130,1,ICBHI,AKGC417L,0.9880389017501904,2
ICBHI_130_3b4_PL_003,ICBHI_130_3b4_PL,ICBHI_130,1,ICBHI,AKGC417L,0.993149519973355,2
ICBHI_130_3b4_PL_004,ICBHI_130_3b4_PL,ICBHI_130,1,ICBHI,AKGC417L,0.9935618974445168,2
ICBHI_130_3b4_PL_005,ICBHI_130_3b4_PL,ICBHI_130,1,ICBHI,AKGC417L,0.9874720680072552,2
ICBHI_130_3b4_PL_006,ICBHI_130_3b4_PL,ICBHI_130,1,ICBHI,AKGC417L,0.9894702878753826,2
ICBHI_130_3b4_PR_000,ICBHI_130_3b4_PR,ICBHI_130,1,ICBHI,AKGC417L,0.811676021090197,2
ICBHI_130_3b4_PR_001,ICBHI_130_3b4_PR,ICBHI_130,1,ICBHI,AKGC417L,0.8286616786847617,2
ICBHI_130_3b4_PR_002,ICBHI_130_3b4_PR,ICBHI_130,1,ICBHI,AKGC417L,0.9197867491515396,2
ICBHI_130_3b4_PR_003,ICBHI_130_3b4_PR,ICBHI_130,1,ICBHI,AKGC417L,0.7696001271301557,2
ICBHI_130_3b4_PR_004,ICBHI_130_3b4_PR,ICBHI_130,1,ICBHI,AKGC417L,0.6432172466355996,2
ICBHI_130_3b4_PR_005,ICBHI_130_3b4_PR,ICBHI_130,1,ICBHI,AKGC417L,0.8005361122697697,2
ICBHI_130_3b4_PR_006,ICBHI_130_3b4_PR,ICBHI_130,1,ICBHI,AKGC417L,0.6726543253717006,2
ICBHI_130_3p2_AL_000,ICBHI_130_3p2_AL,ICBHI_130,1,ICBHI,AKGC417L,0.9326989254151,2
ICBHI_130_3p2_AL_001,ICBHI_130_3p2_AL,ICBHI_130,1,ICBHI,AKGC417L,0.8508408117247427,2
ICBHI_130_3p2_AL_002,ICBHI_130_3p2_AL,ICBHI_130,1,ICBHI,AKGC417L,0.9314625069680096,2
ICBHI_130_3p2_AL_003,ICBHI_130_3p2_AL,ICBHI_130,1,ICBHI,AKGC417L,0.9246876936763764,2
ICBHI_130_3p2_AL_004,ICBHI_130_3p2_AL,ICBHI_130,1,ICBHI,AKGC417L,0.8458151249428325,2
ICBHI_130_3p2_AL_005,ICBHI_130_3p2_AL,ICBHI_130,1,ICBHI,AKGC417L,0.9272316200722835,2
ICBHI_130_3p2_AL_006,ICBHI_130_3p2_AL,ICBHI_130,1,ICBHI,AKGC417L,0.8248855208530419,2
ICBHI_130_3p2_AR_000,ICBHI_130_3p2_AR,ICBHI_130,1,ICBHI,AKGC417L,0.9647224530933884,2
ICBHI_130_3p2_AR_001,ICBHI_130_3p2_AR,ICBHI_130,1,ICBHI,AKGC417L,0.9711838031967466,2
ICBHI_130_3p2_AR_002,ICBHI_130_3p2_AR,ICBHI_130,1,ICBHI,AKGC417L,0.97671369455574,2
ICBHI_130_3p2_AR_003,ICBHI_130_3p2_AR,ICBHI_130,1,ICBHI,AKGC417L,0.9823555365894354,2
ICBHI_130_3p2_AR_004,ICBHI_130_3p2_AR,ICBHI_130,1,ICBHI,AKGC417L,0.9870296135626316,2
ICBHI_130_3p2_AR_005,ICBHI_130_3p2_AR,ICBHI_130,1,ICBHI,AKGC417L,0.9878996141864552,2
ICBHI_130_3p2_AR_006,ICBHI_130_3p2_AR,ICBHI_130,1,ICBHI,AKGC417L,0.9925682266657088,2
ICBHI_130_3p2_PL_000,ICBHI_130_3p2_PL,ICBHI_130,1,ICBHI,AKGC417L,0.9665370653480092,2
ICBHI_130_3p2_PL_001,ICBHI_130_3p2_PL,ICBHI_130,1,ICBHI,AKGC417L,0.9720986237904434,2
ICBHI_130_3p2_PL_002,ICBHI_130_3p2_PL,ICBHI_130,1,ICBHI,AKGC417L,0.9634374958402552,2
ICBHI_130_3p2_PL_003,ICBHI_130_3p2_PL,ICBHI_130,1,ICBHI,AKGC417L,0.9503188453090928,2
ICBHI_130_3p2_PL_004,ICBHI_130_3p2_PL,ICBHI_130,1,ICBHI,AKGC417L,0.9400235602628372,2
ICBHI_130_3p2_PL_005,ICBHI_130_3p2_PL,ICBHI_130,1,ICBHI,AKGC417L,0.9506864014093018,2
ICBHI_130_3p2_PL_006,ICBHI_130_3p2_PL,ICBHI_130,1,ICBHI,AKGC417L,0.97241471777321,2
ICBHI_130_3p2_PR_000,ICBHI_130_3p2_PR,ICBHI_130,1,ICBHI,AKGC417L,0.9774139572136528,2
ICBHI_130_3p2_PR_001,ICBHI_130_3p2_PR,ICBHI_130,1,ICBHI,AKGC417L,0.959230733755612,2
ICBHI_130_3p2_PR_002,ICBHI_130_3p2_PR,ICBHI_130,1,ICBHI,AKGC417L,0.9748690530618772,2
ICBHI_130_3p2_PR_003,ICBHI_130_3p2_PR,ICBHI_130,1,ICBHI,AKGC417L,0.975854577282535,2
ICBHI_130_3p2_PR_004,ICBHI_130_3p2_PR,ICBHI_130,1,ICBHI,AKGC417L,0.9710193702585468,2
ICBHI_130_3p2_PR_005,ICBHI_130_3p2_PR,ICBHI_130,1,ICBHI,AKGC417L,0.9780517462851324,2
ICBHI_130_3p2_PR_006,ICBHI_130_3p2_PR,ICBHI_130,1,ICBHI,AKGC417L,0.9804313244446876,2
ICBHI_130_3p2_TC_000,ICBHI_130_3p2_TC,ICBHI_130,1,ICBHI,AKGC417L,0.9790758090833794,2
ICBHI_130_3p2_TC_001,ICBHI_130_3p2_TC,ICBHI_130,1,ICBHI,AKGC417L,0.9756234030788976,2
ICBHI_130_3p2_TC_002,ICBHI_130_3p2_TC,ICBHI_130,1,ICBHI,AKGC417L,0.9772408443444812,2
ICBHI_130_3p2_TC_003,ICBHI_130_3p2_TC,ICBHI_130,1,ICBHI,AKGC417L,0.9784259335698816,2
ICBHI_130_3p2_TC_004,ICBHI_130_3p2_TC,ICBHI_130,1,ICBHI,AKGC417L,0.9802430819947856,2
ICBHI_130_3p2_TC_005,ICBHI_130_3p2_TC,ICBHI_130,1,ICBHI,AKGC417L,0.9784259335698816,2
ICBHI_130_3p2_TC_006,ICBHI_130_3p2_TC,ICBHI_130,1,ICBHI,AKGC417L,0.977967735887304,2
ICBHI_130_3p3_AL_000,ICBHI_130_3p3_AL,ICBHI_130,1,ICBHI,AKGC417L,0.9324533088603708,2
ICBHI_130_3p3_AL_001,ICBHI_130_3p3_AL,ICBHI_130,1,ICBHI,AKGC417L,0.8818185990895465,2
ICBHI_130_3p3_AL_002,ICBHI_130_3p3_AL,ICBHI_130,1,ICBHI,AKGC417L,0.7237001829732717,2
ICBHI_130_3p3_AL_003,ICBHI_130_3p3_AL,ICBHI_130,1,ICBHI,AKGC417L,0.4553196971997429,2
ICBHI_130_3p3_AL_004,ICBHI_130_3p3_AL,ICBHI_130,1,ICBHI,AKGC417L,0.8762113062841353,2
ICBHI_130_3p3_AL_005,ICBHI_130_3p3_AL,ICBHI_130,1,ICBHI,AKGC417L,0.8644249424829792,2
ICBHI_130_3p3_AL_006,ICBHI_130_3p3_AL,ICBHI_130,1,ICBHI,AKGC417L,0.7597605507205911,2
ICBHI_130_3p3_PL_000,ICBHI_130_3p3_PL,ICBHI_130,1,ICBHI,AKGC417L,0.9670387599462188,2
ICBHI_130_3p3_PL_001,ICBHI_130_3p3_PL,ICBHI_130,1,ICBHI,AKGC417L,0.971401639453534,2
ICBHI_130_3p3_PL_002,ICBHI_130_3p3_PL,ICBHI_130,1,ICBHI,AKGC417L,0.975390071374038,2
ICBHI_130_3p3_PL_003,ICBHI_130_3p3_PL,ICBHI_130,1,ICBHI,AKGC417L,0.9038048371679412,2
ICBHI_130_3p3_PL_004,ICBHI_130_3p3_PL,ICBHI_130,1,ICBHI,AKGC417L,0.9456006819553416,2
ICBHI_130_3p3_PL_005,ICBHI_130_3p3_PL,ICBHI_130,1,ICBHI,AKGC417L,0.969670743015721,2
ICBHI_130_3p3_PL_006,ICBHI_130_3p3_PL,ICBHI_130,1,ICBHI,AKGC417L,0.989510908740062,2
ICBHI_130_3p3_PR_000,ICBHI_130_3p3_PR,ICBHI_130,1,ICBHI,AKGC417L,0.9881766051636294,2
ICBHI_130_3p3_PR_001,ICBHI_130_3p3_PR,ICBHI_130,1,ICBHI,AKGC417L,0.9837849698906836,2
ICBHI_130_3p3_PR_002,ICBHI_130_3p3_PR,ICBHI_130,1,ICBHI,AKGC417L,0.9826909042463318,2
ICBHI_130_3p3_PR_003,ICBHI_130_3p3_PR,ICBHI_130,1,ICBHI,AKGC417L,0.987568349146814,2
ICBHI_130_3p3_PR_004,ICBHI_130_3p3_PR,ICBHI_130,1,ICBHI,AKGC417L,0.9851003567309808,2
ICBHI_130_3p3_PR_005,ICBHI_130_3p3_PR,ICBHI_130,1,ICBHI,AKGC417L,0.990253895947446,2
ICBHI_130_3p3_PR_006,ICBHI_130_3p3_PR,ICBHI_130,1,ICBHI,AKGC417L,0.9888849862785224,2
ICBHI_130_3p3_TC_000,ICBHI_130_3p3_TC,ICBHI_130,1,ICBHI,AKGC417L,0.9774139572136528,2
ICBHI_130_3p3_TC_001,ICBHI_130_3p3_TC,ICBHI_130,1,ICBHI,AKGC417L,0.9788748081040518,2
ICBHI_130_3p3_TC_002,ICBHI_130_3p3_TC,ICBHI_130,1,ICBHI,AKGC417L,0.9768907222638488,2
ICBHI_130_3p3_TC_003,ICBHI_130_3p3_TC,ICBHI_130,1,ICBHI,AKGC417L,0.9781771750265408,2
ICBHI_130_3p3_TC_004,ICBHI_130_3p3_TC,ICBHI_130,1,ICBHI,AKGC417L,0.9782188286685004,2
ICBHI_130_3p3_TC_005,ICBHI_130_3p3_TC,ICBHI_130,1,ICBHI,AKGC417L,0.978467122853792,2
ICBHI_130_3p3_TC_006,ICBHI_130_3p3_TC,ICBHI_130,1,ICBHI,AKGC417L,0.979155684383481,2
ICBHI_130_3p4_AL_000,ICBHI_130_3p4_AL,ICBHI_130,1,ICBHI,AKGC417L,0.7437267975877605,2
ICBHI_130_3p4_AL_001,ICBHI_130_3p4_AL,ICBHI_130,1,ICBHI,AKGC417L,0.7956581000631541,2
ICBHI_130_3p4_AL_002,ICBHI_130_3p4_AL,ICBHI_130,1,ICBHI,AKGC417L,0.900003694229084,2
ICBHI_130_3p4_AL_003,ICBHI_130_3p4_AL,ICBHI_130,1,ICBHI,AKGC417L,0.7638362701347781,2
ICBHI_130_3p4_AL_004,ICBHI_130_3p4_AL,ICBHI_130,1,ICBHI,AKGC417L,0.3917549310597562,2
ICBHI_130_3p4_AL_005,ICBHI_130_3p4_AL,ICBHI_130,1,ICBHI,AKGC417L,0.8101787211697368,2
ICBHI_130_3p4_AL_006,ICBHI_130_3p4_AL,ICBHI_130,1,ICBHI,AKGC417L,0.8369547432098816,2
ICBHI_130_3p4_PL_000,ICBHI_130_3p4_PL,ICBHI_130,1,ICBHI,AKGC417L,0.9829546827465642,2
ICBHI_130_3p4_PL_001,ICBHI_130_3p4_PL,ICBHI_130,1,ICBHI,AKGC417L,0.9780517462851324,2
ICBHI_130_3p4_PL_002,ICBHI_130_3p4_PL,ICBHI_130,1,ICBHI,AKGC417L,0.9731387971923422,2
ICBHI_130_3p4_PL_003,ICBHI_130_3p4_PL,ICBHI_130,1,ICBHI,AKGC417L,0.9878996141864552,2
ICBHI_130_3p4_PL_004,ICBHI_130_3p4_PL,ICBHI_130,1,ICBHI,AKGC417L,0.9724670607386878,2
ICBHI_130_3p4_PL_005,ICBHI_130_3p4_PL,ICBHI_130,1,ICBHI,AKGC417L,0.9187722440021828,2
ICBHI_130_3p4_PL_006,ICBHI_130_3p4_PL,ICBHI_130,1,ICBHI,AKGC417L,0.97671369455574,2
ICBHI_130_3p4_PR_000,ICBHI_130_3p4_PR,ICBHI_130,1,ICBHI,AKGC417L,0.985496420308618,2
ICBHI_130_3p4_PR_001,ICBHI_130_3p4_PR,ICBHI_130,1,ICBHI,AKGC417L,0.9840936082881852,2
ICBHI_130_3p4_PR_002,ICBHI_130_3p4_PR,ICBHI_130,1,ICBHI,AKGC417L,0.9837849698906836,2
ICBHI_130_3p4_PR_003,ICBHI_130_3p4_PR,ICBHI_130,1,ICBHI,AKGC417L,0.9810219632882344,2
ICBHI_130_3p4_PR_004,ICBHI_130_3p4_PR,ICBHI_130,1,ICBHI,AKGC417L,0.9844563520692292,2
ICBHI_130_3p4_PR_005,ICBHI_130_3p4_PR,ICBHI_130,1,ICBHI,AKGC417L,0.9860442896017269,2
ICBHI_130_3p4_PR_006,ICBHI_130_3p4_PR,ICBHI_130,1,ICBHI,AKGC417L,0.971725399886542,2
ICBHI_130_3p4_TC_000,ICBHI_130_3p4_TC,ICBHI_130,1,ICBHI,AKGC417L,0.978343323718742,2
ICBHI_130_3p4_TC_001,ICBHI_130_3p4_TC,ICBHI_130,1,ICBHI,AKGC417L,0.9764905475924672,2
ICBHI_130_3p4_TC_002,ICBHI_130_3p4_TC,ICBHI_130,1,ICBHI,AKGC417L,0.9787126482065488,2
ICBHI_130_3p4_TC_003,ICBHI_130_3p4_TC,ICBHI_130,1,ICBHI,AKGC417L,0.9761746325522288,2
ICBHI_130_3p4_TC_004,ICBHI_130_3p4_TC,ICBHI_130,1,ICBHI,AKGC417L,0.974773174620712,2
ICBHI_130_3p4_TC_005,ICBHI_130_3p4_TC,ICBHI_130,1,ICBHI,AKGC417L,0.979472211759856,2
ICBHI_130_3p4_TC_006,ICBHI_130_3p4_TC,ICBHI_130,1,ICBHI,AKGC417L,0.9803562393224404,2
ICBHI_134_2b1_AL_000,ICBHI_134_2b1_AL,ICBHI_134,1,ICBHI,LittC2SE,0.9609517072737735,2
ICBHI_134_2b1_AL_001,ICBHI_134_2b1_AL,ICBHI_134,1,ICBHI,LittC2SE,0.9824904426504252,2
ICBHI_134_2b1_AL_002,ICBHI_134_2b1_AL,ICBHI_134,1,ICBHI,LittC2SE,0.9872772918000768,2
ICBHI_134_2b1_AL_003,ICBHI_134_2b1_AL,ICBHI_134,1,ICBHI,LittC2SE,0.9846936454393052,2
ICBHI_134_2b1_AL_004,ICBHI_134_2b1_AL,ICBHI_134,1,ICBHI,LittC2SE,0.9839708526340988,2
ICBHI_134_2b1_AL_005,ICBHI_134_2b1_AL,ICBHI_134,1,ICBHI,LittC2SE,0.9873750507184356,2
ICBHI_134_2b1_AL_006,ICBHI_134_2b1_AL,ICBHI_134,1,ICBHI,LittC2SE,0.985990433713597,2
ICBHI_134_2b1_AR_000,ICBHI_134_2b1_AR,ICBHI_134,1,ICBHI,LittC2SE,0.9889705299774982,2
ICBHI_134_2b1_AR_001,ICBHI_134_2b1_AR,ICBHI_134,1,ICBHI,LittC2SE,0.990253895947446,2
ICBHI_134_2b1_AR_002,ICBHI_134_2b1_AR,ICBHI_134,1,ICBHI,LittC2SE,0.9889278398167658,2
ICBHI_134_2b1_AR_003,ICBHI_134_2b1_AR,ICBHI_134,1,ICBHI,LittC2SE,0.9917163731139697,2
ICBHI_134_2b1_AR_004,ICBHI_134_2b1_AR,ICBHI_134,1,ICBHI,LittC2SE,0.991083872947128,2
ICBHI_134_2b1_AR_005,ICBHI_134_2b1_AR,ICBHI_134,1,ICBHI,LittC2SE,0.9897909456811916,2
ICBHI_134_2b1_AR_006,ICBHI_134_2b1_AR,ICBHI_134,1,ICBHI,LittC2SE,0.9928231180543432,2
ICBHI_134_2b2_AL_000,ICBHI_134_2b2_AL,ICBHI_134,1,ICBHI,LittC2SE,0.9630224454648544,2
ICBHI_134_2b2_AL_001,ICBHI_134_2b2_AL,ICBHI_134,1,ICBHI,LittC2SE,0.9646559219424472,2
ICBHI_134_2b2_AL_002,ICBHI_134_2b2_AL,ICBHI_134,1,ICBHI,LittC2SE,0.9773707999669629,2
ICBHI_134_2b2_AL_003,ICBHI_134_2b2_AL,ICBHI_134,1,ICBHI,LittC2SE,0.9706321458187712,2
ICBHI_134_2b2_AL_004,ICBHI_134_2b2_AL,ICBHI_134,1,ICBHI,LittC2SE,0.9528381329658232,2
ICBHI_134_2b2_AL_005,ICBHI_134_2b2_AL,ICBHI_134,1,ICBHI,LittC2SE,0.9624619925347202,2
ICBHI_134_2b2_AL_006,ICBHI_134_2b2_AL,ICBHI_134,1,ICBHI,LittC2SE,0.9609517072737735,2
ICBHI_134_2b2_AR_000,ICBHI_134_2b2_AR,ICBHI_134,1,ICBHI,LittC2SE,0.9878528299001949,2
ICBHI_134_2b2_AR_001,ICBHI_134_2b2_AR,ICBHI_134,1,ICBHI,LittC2SE,0.9926256346917622,2
ICBHI_134_2b2_AR_002,ICBHI_134_2b2_AR,ICBHI_134,1,ICBHI,LittC2SE,0.990838973077906,2
ICBHI_134_2b2_AR_003,ICBHI_134_2b2_AR,ICBHI_134,1,ICBHI,LittC2SE,0.988841968751916,2
ICBHI_134_2b2_AR_004,ICBHI_134_2b2_AR,ICBHI_134,1,ICBHI,LittC2SE,0.9922444632191524,2
ICBHI_134_2b2_AR_005,ICBHI_134_2b2_AR,ICBHI_134,1,ICBHI,LittC2SE,0.9920620058985926,2
ICBHI_134_2b2_AR_006,ICBHI_134_2b2_AR,ICBHI_134,1,ICBHI,LittC2SE,0.9909096166863416,2
ICBHI_134_2b3_AR_000,ICBHI_134_2b3_AR,ICBHI_134,1,ICBHI,LittC2SE,0.9919691867837398,2
ICBHI_134_2b3_AR_001,ICBHI_134_2b3_AR,ICBHI_134,1,ICBHI,LittC2SE,0.9946774645488872,2
ICBHI_134_2b3_AR_002,ICBHI_134_2b3_AR,ICBHI_134,1,ICBHI,LittC2SE,0.991422514586288,2
ICBHI_134_2b3_AR_003,ICBHI_134_2b3_AR,ICBHI_134,1,ICBHI,LittC2SE,0.9899864293768268,2
ICBHI_134_2b3_AR_004,ICBHI_134_2b3_AR,ICBHI_134,1,ICBHI,LittC2SE,0.9896718474806948,2
ICBHI_134_2b3_AR_005,ICBHI_134_2b3_AR,ICBHI_134,1,ICBHI,LittC2SE,0.9919067101026268,2
ICBHI_134_2b3_AR_006,ICBHI_134_2b3_AR,ICBHI_134,1,ICBHI,LittC2SE,0.988536202622004,2
ICBHI_136_1b1_AR_000,ICBHI_136_1b1_AR,ICBHI_136,0,ICBHI,Meditron,2.468290440760729e-05,2
ICBHI_136_1b1_AR_001,ICBHI_136_1b1_AR,ICBHI_136,0,ICBHI,Meditron,3.998099246699583e-06,2
ICBHI_136_1b1_AR_002,ICBHI_136_1b1_AR,ICBHI_136,0,ICBHI,Meditron,3.705296977158346e-05,2
ICBHI_136_1b1_AR_003,ICBHI_136_1b1_AR,ICBHI_136,0,ICBHI,Meditron,7.14190139989638e-05,2
ICBHI_136_1b1_AR_004,ICBHI_136_1b1_AR,ICBHI_136,0,ICBHI,Meditron,0.0003640086870995,2
ICBHI_136_1b1_AR_005,ICBHI_136_1b1_AR,ICBHI_136,0,ICBHI,Meditron,0.0002737216731838,2
ICBHI_136_1b1_AR_006,ICBHI_136_1b1_AR,ICBHI_136,0,ICBHI,Meditron,0.0001409185592415,2
ICBHI_144_1b1_AL_000,ICBHI_144_1b1_AL,ICBHI_144,0,ICBHI,Meditron,8.597224861861426e-06,2
ICBHI_144_1b1_AL_001,ICBHI_144_1b1_AL,ICBHI_144,0,ICBHI,Meditron,9.741920901239024e-06,2
ICBHI_144_1b1_AL_002,ICBHI_144_1b1_AL,ICBHI_144,0,ICBHI,Meditron,2.247408985429175e-05,2
ICBHI_144_1b1_AL_003,ICBHI_144_1b1_AL,ICBHI_144,0,ICBHI,Meditron,0.0003935755935111,2
ICBHI_144_1b1_AL_004,ICBHI_144_1b1_AL,ICBHI_144,0,ICBHI,Meditron,0.0007437028637763,2
ICBHI_144_1b1_AL_005,ICBHI_144_1b1_AL,ICBHI_144,0,ICBHI,Meditron,0.0006287840192903,2
ICBHI_144_1b1_TC_000,ICBHI_144_1b1_TC,ICBHI_144,0,ICBHI,Meditron,0.0006771942330385,2
ICBHI_144_1b1_TC_001,ICBHI_144_1b1_TC,ICBHI_144,0,ICBHI,Meditron,0.0005013742398679,2
ICBHI_144_1b1_TC_002,ICBHI_144_1b1_TC,ICBHI_144,0,ICBHI,Meditron,0.0902532320538209,2
ICBHI_144_1b1_TC_003,ICBHI_144_1b1_TC,ICBHI_144,0,ICBHI,Meditron,0.1968262036430985,2
ICBHI_144_1b1_TC_004,ICBHI_144_1b1_TC,ICBHI_144,0,ICBHI,Meditron,0.2869678647289528,2
ICBHI_144_1b1_TC_005,ICBHI_144_1b1_TC,ICBHI_144,0,ICBHI,Meditron,0.2072147184240104,2
ICBHI_144_1b1_TC_006,ICBHI_144_1b1_TC,ICBHI_144,0,ICBHI,Meditron,0.0039762279744753,2
ICBHI_153_1b1_AL_000,ICBHI_153_1b1_AL,ICBHI_153,0,ICBHI,Meditron,0.2675995192452862,2
ICBHI_153_1b1_AL_001,ICBHI_153_1b1_AL,ICBHI_153,0,ICBHI,Meditron,0.5060688852894599,2
ICBHI_153_1b1_AL_002,ICBHI_153_1b1_AL,ICBHI_153,0,ICBHI,Meditron,0.195594084106499,2
ICBHI_153_1b1_AL_003,ICBHI_153_1b1_AL,ICBHI_153,0,ICBHI,Meditron,0.3086068197662479,2
ICBHI_153_1b1_AL_004,ICBHI_153_1b1_AL,ICBHI_153,0,ICBHI,Meditron,0.3752484701097652,2
ICBHI_153_1b1_AL_005,ICBHI_153_1b1_AL,ICBHI_153,0,ICBHI,Meditron,0.2553436598562066,2
ICBHI_153_1b1_AL_006,ICBHI_153_1b1_AL,ICBHI_153,0,ICBHI,Meditron,0.0151307283071937,2
ICBHI_156_2b3_AL_000,ICBHI_156_2b3_AL,ICBHI_156,1,ICBHI,AKGC417L,0.9431384513550536,2
ICBHI_156_2b3_AL_001,ICBHI_156_2b3_AL,ICBHI_156,1,ICBHI,AKGC417L,0.9830850867332734,2
ICBHI_156_2b3_AL_002,ICBHI_156_2b3_AL,ICBHI_156,1,ICBHI,AKGC417L,0.990216123982345,2
ICBHI_156_2b3_AL_003,ICBHI_156_2b3_AL,ICBHI_156,1,ICBHI,AKGC417L,0.9845160126963748,2
ICBHI_156_2b3_AL_004,ICBHI_156_2b3_AL,ICBHI_156,1,ICBHI,AKGC417L,0.9893885786697612,2
ICBHI_156_2b3_AL_005,ICBHI_156_2b3_AL,ICBHI_156,1,ICBHI,AKGC417L,0.9906237625491514,2
ICBHI_156_2b3_AL_006,ICBHI_156_2b3_AL,ICBHI_156,1,ICBHI,AKGC417L,0.9928508980334536,2
ICBHI_156_2b3_AR_000,ICBHI_156_2b3_AR,ICBHI_156,1,ICBHI,AKGC417L,0.9861513897844354,2
ICBHI_156_2b3_AR_001,ICBHI_156_2b3_AR,ICBHI_156,1,ICBHI,AKGC417L,0.983342959990771,2
ICBHI_156_2b3_AR_002,ICBHI_156_2b3_AR,ICBHI_156,1,ICBHI,AKGC417L,0.979745309435261,2
ICBHI_156_2b3_AR_003,ICBHI_156_2b3_AR,ICBHI_156,1,ICBHI,AKGC417L,0.979899764423248,2
ICBHI_156_2b3_AR_004,ICBHI_156_2b3_AR,ICBHI_156,1,ICBHI,AKGC417L,0.9834068220804096,2
ICBHI_156_2b3_AR_005,ICBHI_156_2b3_AR,ICBHI_156,1,ICBHI,AKGC417L,0.9805434250177092,2
ICBHI_156_2b3_AR_006,ICBHI_156_2b3_AR,ICBHI_156,1,ICBHI,AKGC417L,0.9845160126963748,2
ICBHI_156_2b3_LL_000,ICBHI_156_2b3_LL,ICBHI_156,1,ICBHI,AKGC417L,0.9643214491222696,2
ICBHI_156_2b3_LL_001,ICBHI_156_2b3_LL,ICBHI_156,1,ICBHI,AKGC417L,0.9801672891959912,2
ICBHI_156_2b3_LL_002,ICBHI_156_2b3_LL,ICBHI_156,1,ICBHI,AKGC417L,0.9893062422638244,2
ICBHI_156_2b3_LL_003,ICBHI_156_2b3_LL,ICBHI_156,1,ICBHI,AKGC417L,0.9846346585586978,2
ICBHI_156_2b3_LL_004,ICBHI_156_2b3_LL,ICBHI_156,1,ICBHI,AKGC417L,0.9868280501184434,2
ICBHI_156_2b3_LL_005,ICBHI_156_2b3_LL,ICBHI_156,1,ICBHI,AKGC417L,0.9904775143296634,2
ICBHI_156_2b3_LL_006,ICBHI_156_2b3_LL,ICBHI_156,1,ICBHI,AKGC417L,0.988841968751916,2
ICBHI_156_2b3_LR_000,ICBHI_156_2b3_LR,ICBHI_156,1,ICBHI,AKGC417L,0.9638480624171308,2
ICBHI_156_2b3_LR_001,ICBHI_156_2b3_LR,ICBHI_156,1,ICBHI,AKGC417L,0.9823555365894354,2
ICBHI_156_2b3_LR_002,ICBHI_156_2b3_LR,ICBHI_156,1,ICBHI,AKGC417L,0.9818056317790944,2
ICBHI_156_2b3_LR_003,ICBHI_156_2b3_LR,ICBHI_156,1,ICBHI,AKGC417L,0.9668514815975204,2
ICBHI_156_2b3_LR_004,ICBHI_156_2b3_LR,ICBHI_156,1,ICBHI,AKGC417L,0.9792749380796176,2
ICBHI_156_2b3_LR_005,ICBHI_156_2b3_LR,ICBHI_156,1,ICBHI,AKGC417L,0.9620363047907357,2
ICBHI_156_2b3_LR_006,ICBHI_156_2b3_LR,ICBHI_156,1,ICBHI,AKGC417L,0.9675331855246276,2
ICBHI_156_2b3_PL_000,ICBHI_156_2b3_PL,ICBHI_156,1,ICBHI,AKGC417L,0.9504109770159684,2
ICBHI_156_2b3_PL_001,ICBHI_156_2b3_PL,ICBHI_156,1,ICBHI,AKGC417L,0.9683213752172553,2
ICBHI_156_2b3_PL_002,ICBHI_156_2b3_PL,ICBHI_156,1,ICBHI,AKGC417L,0.9806548960854106,2
ICBHI_156_2b3_PL_003,ICBHI_156_2b3_PL,ICBHI_156,1,ICBHI,AKGC417L,0.9802430819947856,2
ICBHI_156_2b3_PL_004,ICBHI_156_2b3_PL,ICBHI_156,1,ICBHI,AKGC417L,0.9800530655725896,2
ICBHI_156_2b3_PL_005,ICBHI_156_2b3_PL,ICBHI_156,1,ICBHI,AKGC417L,0.9808392914980092,2
ICBHI_156_2b3_PL_006,ICBHI_156_2b3_PL,ICBHI_156,1,ICBHI,AKGC417L,0.986415607486941,2
ICBHI_156_2b3_PR_000,ICBHI_156_2b3_PR,ICBHI_156,1,ICBHI,AKGC417L,0.98636316471857,2
ICBHI_156_2b3_PR_001,ICBHI_156_2b3_PR,ICBHI_156,1,ICBHI,AKGC417L,0.9790357591818724,2
ICBHI_156_2b3_PR_002,ICBHI_156_2b3_PR,ICBHI_156,1,ICBHI,AKGC417L,0.9766246849598732,2
ICBHI_156_2b3_PR_003,ICBHI_156_2b3_PR,ICBHI_156,1,ICBHI,AKGC417L,0.9728307684643188,2
ICBHI_156_2b3_PR_004,ICBHI_156_2b3_PR,ICBHI_156,1,ICBHI,AKGC417L,0.9268352785943768,2
ICBHI_156_2b3_PR_005,ICBHI_156_2b3_PR,ICBHI_156,1,ICBHI,AKGC417L,0.7407373920575276,2
ICBHI_156_2b3_PR_006,ICBHI_156_2b3_PR,ICBHI_156,1,ICBHI,AKGC417L,0.8234704036870838,2
ICBHI_156_5b3_AL_000,ICBHI_156_5b3_AL,ICBHI_156,1,ICBHI,AKGC417L,0.9341552994156888,2
ICBHI_156_5b3_AL_001,ICBHI_156_5b3_AL,ICBHI_156,1,ICBHI,AKGC417L,0.8497219425324707,2
ICBHI_156_5b3_AL_002,ICBHI_156_5b3_AL,ICBHI_156,1,ICBHI,AKGC417L,0.900003694229084,2
ICBHI_156_5b3_AL_003,ICBHI_156_5b3_AL,ICBHI_156,1,ICBHI,AKGC417L,0.931711462472208,2
ICBHI_156_5b3_AL_004,ICBHI_156_5b3_AL,ICBHI_156,1,ICBHI,AKGC417L,0.9637117023352416,2
ICBHI_156_5b3_AL_005,ICBHI_156_5b3_AL,ICBHI_156,1,ICBHI,AKGC417L,0.9611709788142287,2
ICBHI_156_5b3_AL_006,ICBHI_156_5b3_AL,ICBHI_156,1,ICBHI,AKGC417L,0.9581478679075386,2
ICBHI_156_5b3_AR_000,ICBHI_156_5b3_AR,ICBHI_156,1,ICBHI,AKGC417L,0.9820826552325288,2
ICBHI_156_5b3_AR_001,ICBHI_156_5b3_AR,ICBHI_156,1,ICBHI,AKGC417L,0.9599126416289347,2
ICBHI_156_5b3_AR_002,ICBHI_156_5b3_AR,ICBHI_156,1,ICBHI,AKGC417L,0.929823701560032,2
ICBHI_156_5b3_AR_003,ICBHI_156_5b3_AR,ICBHI_156,1,ICBHI,AKGC417L,0.9325762208953988,2
ICBHI_156_5b3_AR_004,ICBHI_156_5b3_AR,ICBHI_156,1,ICBHI,AKGC417L,0.9734434290045008,2
ICBHI_156_5b3_AR_005,ICBHI_156_5b3_AR,ICBHI_156,1,ICBHI,AKGC417L,0.986415607486941,2
ICBHI_156_5b3_AR_006,ICBHI_156_5b3_AR,ICBHI_156,1,ICBHI,AKGC417L,0.9750597460625842,2
ICBHI_156_5b3_LL_000,ICBHI_156_5b3_LL,ICBHI_156,1,ICBHI,AKGC417L,0.9631612965532385,2
ICBHI_156_5b3_LL_001,ICBHI_156_5b3_LL,ICBHI_156,1,ICBHI,AKGC417L,0.9623206087688784,2
ICBHI_156_5b3_LL_002,ICBHI_156_5b3_LL,ICBHI_156,1,ICBHI,AKGC417L,0.9728307684643188,2
ICBHI_156_5b3_LL_003,ICBHI_156_5b3_LL,ICBHI_156,1,ICBHI,AKGC417L,0.9670387599462188,2
ICBHI_156_5b3_LL_004,ICBHI_156_5b3_LL,ICBHI_156,1,ICBHI,AKGC417L,0.9534487247878658,2
ICBHI_156_5b3_LL_005,ICBHI_156_5b3_LL,ICBHI_156,1,ICBHI,AKGC417L,0.9399133498259924,2
ICBHI_156_5b3_LL_006,ICBHI_156_5b3_LL,ICBHI_156,1,ICBHI,AKGC417L,0.95953516446685,2
ICBHI_156_5b3_LR_000,ICBHI_156_5b3_LR,ICBHI_156,1,ICBHI,AKGC417L,0.9873262643069668,2
ICBHI_156_5b3_LR_001,ICBHI_156_5b3_LR,ICBHI_156,1,ICBHI,AKGC417L,0.9305845275935024,2
ICBHI_156_5b3_LR_002,ICBHI_156_5b3_LR,ICBHI_156,1,ICBHI,AKGC417L,0.940898453289248,2
ICBHI_156_5b3_LR_003,ICBHI_156_5b3_LR,ICBHI_156,1,ICBHI,AKGC417L,0.9742394408803317,2
ICBHI_156_5b3_LR_004,ICBHI_156_5b3_LR,ICBHI_156,1,ICBHI,AKGC417L,0.961893381187516,2
ICBHI_156_5b3_LR_005,ICBHI_156_5b3_LR,ICBHI_156,1,ICBHI,AKGC417L,0.977967735887304,2
ICBHI_156_5b3_LR_006,ICBHI_156_5b3_LR,ICBHI_156,1,ICBHI,AKGC417L,0.9774139572136528,2
ICBHI_156_5b3_PL_000,ICBHI_156_5b3_PL,ICBHI_156,1,ICBHI,AKGC417L,0.992710922416408,2
ICBHI_156_5b3_PL_001,ICBHI_156_5b3_PL,ICBHI_156,1,ICBHI,AKGC417L,0.993255010457908,2
ICBHI_156_5b3_PL_002,ICBHI_156_5b3_PL,ICBHI_156,1,ICBHI,AKGC417L,0.994225070146556,2
ICBHI_156_5b3_PL_003,ICBHI_156_5b3_PL,ICBHI_156,1,ICBHI,AKGC417L,0.9923933278354768,2
ICBHI_156_5b3_PL_004,ICBHI_156_5b3_PL,ICBHI_156,1,ICBHI,AKGC417L,0.9897116988662836,2
ICBHI_156_5b3_PL_005,ICBHI_156_5b3_PL,ICBHI_156,1,ICBHI,AKGC417L,0.9876162153627396,2
ICBHI_156_5b3_PL_006,ICBHI_156_5b3_PL,ICBHI_156,1,ICBHI,AKGC417L,0.9896718474806948,2
ICBHI_156_5b3_PR_000,ICBHI_156_5b3_PR,ICBHI_156,1,ICBHI,AKGC417L,0.9903290072365528,2
ICBHI_156_5b3_PR_001,ICBHI_156_5b3_PR,ICBHI_156,1,ICBHI,AKGC417L,0.995094594294278,2
ICBHI_156_5b3_PR_002,ICBHI_156_5b3_PR,ICBHI_156,1,ICBHI,AKGC417L,0.9926826025287876,2
ICBHI_156_5b3_PR_003,ICBHI_156_5b3_PR,ICBHI_156,1,ICBHI,AKGC417L,0.9937587407701782,2
ICBHI_156_5b3_PR_004,ICBHI_156_5b3_PR,ICBHI_156,1,ICBHI,AKGC417L,0.9940428462362504,2
ICBHI_156_5b3_PR_005,ICBHI_156_5b3_PR,ICBHI_156,1,ICBHI,AKGC417L,0.991875291221819,2
ICBHI_156_5b3_PR_006,ICBHI_156_5b3_PR,ICBHI_156,1,ICBHI,AKGC417L,0.9920927084953716,2
ICBHI_156_8b3_AL_000,ICBHI_156_8b3_AL,ICBHI_156,1,ICBHI,AKGC417L,0.9495759309565864,2
ICBHI_156_8b3_AL_001,ICBHI_156_8b3_AL,ICBHI_156,1,ICBHI,AKGC417L,0.975900554890232,2
ICBHI_156_8b3_AL_002,ICBHI_156_8b3_AL,ICBHI_156,1,ICBHI,AKGC417L,0.9869795098861572,2
ICBHI_156_8b3_AL_003,ICBHI_156_8b3_AL,ICBHI_156,1,ICBHI,AKGC417L,0.988755439279336,2
ICBHI_156_8b3_AL_004,ICBHI_156_8b3_AL,ICBHI_156,1,ICBHI,AKGC417L,0.9878528299001949,2
ICBHI_156_8b3_AL_005,ICBHI_156_8b3_AL,ICBHI_156,1,ICBHI,AKGC417L,0.984032346511204,2
ICBHI_156_8b3_AL_006,ICBHI_156_8b3_AL,ICBHI_156,1,ICBHI,AKGC417L,0.9870795269609208,2
ICBHI_156_8b3_AR_000,ICBHI_156_8b3_AR,ICBHI_156,1,ICBHI,AKGC417L,0.9805806518175514,2
ICBHI_156_8b3_AR_001,ICBHI_156_8b3_AR,ICBHI_156,1,ICBHI,AKGC417L,0.9810219632882344,2
ICBHI_156_8b3_AR_002,ICBHI_156_8b3_AR,ICBHI_156,1,ICBHI,AKGC417L,0.9781771750265408,2
ICBHI_156_8b3_AR_003,ICBHI_156_8b3_AR,ICBHI_156,1,ICBHI,AKGC417L,0.9707987097542188,2
ICBHI_156_8b3_AR_004,ICBHI_156_8b3_AR,ICBHI_156,1,ICBHI,AKGC417L,0.9655114724420828,2
ICBHI_156_8b3_AR_005,ICBHI_156_8b3_AR,ICBHI_156,1,ICBHI,AKGC417L,0.9767580751989804,2
ICBHI_156_8b3_AR_006,ICBHI_156_8b3_AR,ICBHI_156,1,ICBHI,AKGC417L,0.980949100414177,2
ICBHI_156_8b3_LL_000,ICBHI_156_8b3_LL,ICBHI_156,1,ICBHI,AKGC417L,0.9873262643069668,2
ICBHI_156_8b3_LL_001,ICBHI_156_8b3_LL,ICBHI_156,1,ICBHI,AKGC417L,0.9806919138043484,2
ICBHI_156_8b3_LL_002,ICBHI_156_8b3_LL,ICBHI_156,1,ICBHI,AKGC417L,0.9878996141864552,2
ICBHI_156_8b3_LL_003,ICBHI_156_8b3_LL,ICBHI_156,1,ICBHI,AKGC417L,0.993255010457908,2
ICBHI_156_8b3_LL_004,ICBHI_156_8b3_LL,ICBHI_156,1,ICBHI,AKGC417L,0.9915215980653224,2
ICBHI_156_8b3_LL_005,ICBHI_156_8b3_LL,ICBHI_156,1,ICBHI,AKGC417L,0.9913892323324892,2
ICBHI_156_8b3_LL_006,ICBHI_156_8b3_LL,ICBHI_156,1,ICBHI,AKGC417L,0.9896718474806948,2
ICBHI_156_8b3_LR_000,ICBHI_156_8b3_LR,ICBHI_156,1,ICBHI,AKGC417L,0.8836382359770631,2
ICBHI_156_8b3_LR_001,ICBHI_156_8b3_LR,ICBHI_156,1,ICBHI,AKGC417L,0.922900303783852,2
ICBHI_156_8b3_LR_002,ICBHI_156_8b3_LR,ICBHI_156,1,ICBHI,AKGC417L,0.904313056994317,2
ICBHI_156_8b3_LR_003,ICBHI_156_8b3_LR,ICBHI_156,1,ICBHI,AKGC417L,0.8877896276377429,2
ICBHI_156_8b3_LR_004,ICBHI_156_8b3_LR,ICBHI_156,1,ICBHI,AKGC417L,0.8415654047865821,2
ICBHI_156_8b3_LR_005,ICBHI_156_8b3_LR,ICBHI_156,1,ICBHI,AKGC417L,0.8914335771643437,2
ICBHI_156_8b3_LR_006,ICBHI_156_8b3_LR,ICBHI_156,1,ICBHI,AKGC417L,0.8964328436644923,2
ICBHI_156_8b3_PL_000,ICBHI_156_8b3_PL,ICBHI_156,1,ICBHI,AKGC417L,0.9585377272885904,2
ICBHI_156_8b3_PL_001,ICBHI_156_8b3_PL,ICBHI_156,1,ICBHI,AKGC417L,0.9728823439906924,2
ICBHI_156_8b3_PL_002,ICBHI_156_8b3_PL,ICBHI_156,1,ICBHI,AKGC417L,0.9827572224423472,2
ICBHI_156_8b3_PL_003,ICBHI_156_8b3_PL,ICBHI_156,1,ICBHI,AKGC417L,0.9815951096107584,2
ICBHI_156_8b3_PL_004,ICBHI_156_8b3_PL,ICBHI_156,1,ICBHI,AKGC417L,0.9624619925347202,2
ICBHI_156_8b3_PL_005,ICBHI_156_8b3_PL,ICBHI_156,1,ICBHI,AKGC417L,0.9673486215396556,2
ICBHI_156_8b3_PL_006,ICBHI_156_8b3_PL,ICBHI_156,1,ICBHI,AKGC417L,0.9739932150764022,2
ICBHI_174_1p2_AR_000,ICBHI_174_1p2_AR,ICBHI_174,1,ICBHI,AKGC417L,0.9175984969391424,2
ICBHI_174_1p2_AR_001,ICBHI_174_1p2_AR,ICBHI_174,1,ICBHI,AKGC417L,0.8906751699223611,2
ICBHI_174_1p2_AR_002,ICBHI_174_1p2_AR,ICBHI_174,1,ICBHI,AKGC417L,0.9464978508046772,2
ICBHI_174_1p2_AR_003,ICBHI_174_1p2_AR,ICBHI_174,1,ICBHI,AKGC417L,0.8883720089593933,2
ICBHI_174_1p2_AR_004,ICBHI_174_1p2_AR,ICBHI_174,1,ICBHI,AKGC417L,0.9681411443139596,2
ICBHI_174_1p2_AR_005,ICBHI_174_1p2_AR,ICBHI_174,1,ICBHI,AKGC417L,0.9482504601248406,2
ICBHI_174_1p2_AR_006,ICBHI_174_1p2_AR,ICBHI_174,1,ICBHI,AKGC417L,0.9314625069680096,2
ICBHI_174_1p2_LL_000,ICBHI_174_1p2_LL,ICBHI_174,1,ICBHI,AKGC417L,0.9622497251475316,2
ICBHI_174_1p2_LL_001,ICBHI_174_1p2_LL,ICBHI_174,1,ICBHI,AKGC417L,0.9486324916130384,2
ICBHI_174_1p2_LL_002,ICBHI_174_1p2_LL,ICBHI_174,1,ICBHI,AKGC417L,0.9680808472695964,2
ICBHI_174_1p2_LL_003,ICBHI_174_1p2_LL,ICBHI_174,1,ICBHI,AKGC417L,0.9605836125678284,2
ICBHI_174_1p2_LL_004,ICBHI_174_1p2_LL,ICBHI_174,1,ICBHI,AKGC417L,0.9589241107536092,2
ICBHI_174_1p2_LL_005,ICBHI_174_1p2_LL,ICBHI_174,1,ICBHI,AKGC417L,0.9658995742876884,2
ICBHI_174_1p2_LL_006,ICBHI_174_1p2_LL,ICBHI_174,1,ICBHI,AKGC417L,0.944587205618231,2
ICBHI_174_1p2_LR_000,ICBHI_174_1p2_LR,ICBHI_174,1,ICBHI,AKGC417L,0.935346511643776,2
ICBHI_174_1p2_LR_001,ICBHI_174_1p2_LR,ICBHI_174,1,ICBHI,AKGC417L,0.9551520965667056,2
ICBHI_174_1p2_LR_002,ICBHI_174_1p2_LR,ICBHI_174,1,ICBHI,AKGC417L,0.9675331855246276,2
ICBHI_174_1p2_LR_003,ICBHI_174_1p2_LR,ICBHI_174,1,ICBHI,AKGC417L,0.9417613746890242,2
ICBHI_174_1p2_LR_004,ICBHI_174_1p2_LR,ICBHI_174,1,ICBHI,AKGC417L,0.9285385081933416,2
ICBHI_174_1p2_LR_005,ICBHI_174_1p2_LR,ICBHI_174,1,ICBHI,AKGC417L,0.9512329045230108,2
ICBHI_174_1p2_LR_006,ICBHI_174_1p2_LR,ICBHI_174,1,ICBHI,AKGC417L,0.9575961713681532,2
ICBHI_174_1p2_PL_000,ICBHI_174_1p2_PL,ICBHI_174,1,ICBHI,AKGC417L,0.9287972729281414,2
ICBHI_174_1p2_PL_001,ICBHI_174_1p2_PL,ICBHI_174,1,ICBHI,AKGC417L,0.9319595797274408,2
ICBHI_174_1p2_PL_002,ICBHI_174_1p2_PL,ICBHI_174,1,ICBHI,AKGC417L,0.9150528966571873,2
ICBHI_174_1p2_PL_003,ICBHI_174_1p2_PL,ICBHI_174,1,ICBHI,AKGC417L,0.9607312480728336,2
ICBHI_174_1p2_PL_004,ICBHI_174_1p2_PL,ICBHI_174,1,ICBHI,AKGC417L,0.9543930566810525,2
ICBHI_174_1p2_PL_005,ICBHI_174_1p2_PL,ICBHI_174,1,ICBHI,AKGC417L,0.917450697735972,2
ICBHI_174_1p2_PL_006,ICBHI_174_1p2_PL,ICBHI_174,1,ICBHI,AKGC417L,0.9171543753982088,2
ICBHI_174_1p2_PR_000,ICBHI_174_1p2_PR,ICBHI_174,1,ICBHI,AKGC417L,0.8856314738181876,2
ICBHI_174_1p2_PR_001,ICBHI_174_1p2_PR,ICBHI_174,1,ICBHI,AKGC417L,0.6305711819379377,2
ICBHI_174_1p2_PR_002,ICBHI_174_1p2_PR,ICBHI_174,1,ICBHI,AKGC417L,0.8537908888084864,2
ICBHI_174_1p2_PR_003,ICBHI_174_1p2_PR,ICBHI_174,1,ICBHI,AKGC417L,0.939136553775108,2
ICBHI_174_1p2_PR_004,ICBHI_174_1p2_PR,ICBHI_174,1,ICBHI,AKGC417L,0.8267117940706734,2
ICBHI_174_1p2_PR_005,ICBHI_174_1p2_PR,ICBHI_174,1,ICBHI,AKGC417L,0.7885831787993471,2
ICBHI_174_1p2_PR_006,ICBHI_174_1p2_PR,ICBHI_174,1,ICBHI,AKGC417L,0.9425067211996144,2
ICBHI_174_1p2_TC_000,ICBHI_174_1p2_TC,ICBHI_174,1,ICBHI,AKGC417L,0.9743372944539102,2
ICBHI_174_1p2_TC_001,ICBHI_174_1p2_TC,ICBHI_174,1,ICBHI,AKGC417L,0.969785412932606,2
ICBHI_174_1p2_TC_002,ICBHI_174_1p2_TC,ICBHI_174,1,ICBHI,AKGC417L,0.9774570340514706,2
ICBHI_174_1p2_TC_003,ICBHI_174_1p2_TC,ICBHI_174,1,ICBHI,AKGC417L,0.9817707096048712,2
ICBHI_174_1p2_TC_004,ICBHI_174_1p2_TC,ICBHI_174,1,ICBHI,AKGC417L,0.9782604045723282,2
ICBHI_174_1p2_TC_005,ICBHI_174_1p2_TC,ICBHI_174,1,ICBHI,AKGC417L,0.9772842436755208,2
ICBHI_174_1p2_TC_006,ICBHI_174_1p2_TC,ICBHI_174,1,ICBHI,AKGC417L,0.977542947070584,2
ICBHI_174_1p3_AR_000,ICBHI_174_1p3_AR,ICBHI_174,1,ICBHI,AKGC417L,0.9516839297321508,2
ICBHI_174_1p3_AR_001,ICBHI_174_1p3_AR,ICBHI_174,1,ICBHI,AKGC417L,0.9566342012360932,2
ICBHI_174_1p3_AR_002,ICBHI_174_1p3_AR,ICBHI_174,1,ICBHI,AKGC417L,0.9406808578965627,2
ICBHI_174_1p3_AR_003,ICBHI_174_1p3_AR,ICBHI_174,1,ICBHI,AKGC417L,0.9448931005611606,2
ICBHI_174_1p3_AR_004,ICBHI_174_1p3_AR,ICBHI_174,1,ICBHI,AKGC417L,0.8789390986973307,2
ICBHI_174_1p3_AR_005,ICBHI_174_1p3_AR,ICBHI_174,1,ICBHI,AKGC417L,0.929055172257238,2
ICBHI_174_1p3_AR_006,ICBHI_174_1p3_AR,ICBHI_174,1,ICBHI,AKGC417L,0.9118099551992372,2
ICBHI_174_1p3_LL_000,ICBHI_174_1p3_LL,ICBHI_174,1,ICBHI,AKGC417L,0.9490118544722848,2
ICBHI_174_1p3_LL_001,ICBHI_174_1p3_LL,ICBHI_174,1,ICBHI,AKGC417L,0.9293122085569836,2
ICBHI_174_1p3_LL_002,ICBHI_174_1p3_LL,ICBHI_174,1,ICBHI,AKGC417L,0.9508692112458992,2
ICBHI_174_1p3_LL_003,ICBHI_174_1p3_LL,ICBHI_174,1,ICBHI,AKGC417L,0.9670387599462188,2
ICBHI_174_1p3_LL_004,ICBHI_174_1p3_LL,ICBHI_174,1,ICBHI,AKGC417L,0.9548162433273092,2
ICBHI_174_1p3_LL_005,ICBHI_174_1p3_LL,ICBHI_174,1,ICBHI,AKGC417L,0.9558990874315896,2
ICBHI_174_1p3_LL_006,ICBHI_174_1p3_LL,ICBHI_174,1,ICBHI,AKGC417L,0.9674102552339746,2
ICBHI_174_1p3_LR_000,ICBHI_174_1p3_LR,ICBHI_174,1,ICBHI,AKGC417L,0.9359345675826196,2
ICBHI_174_1p3_LR_001,ICBHI_174_1p3_LR,ICBHI_174,1,ICBHI,AKGC417L,0.9422946838534368,2
ICBHI_174_1p3_LR_002,ICBHI_174_1p3_LR,ICBHI_174,1,ICBHI,AKGC417L,0.9510513782831764,2
ICBHI_174_1p3_LR_003,ICBHI_174_1p3_LR,ICBHI_174,1,ICBHI,AKGC417L,0.9535353360498288,2
ICBHI_174_1p3_LR_004,ICBHI_174_1p3_LR,ICBHI_174,1,ICBHI,AKGC417L,0.9571177628369032,2
ICBHI_174_1p3_LR_005,ICBHI_174_1p3_LR,ICBHI_174,1,ICBHI,AKGC417L,0.962743232064167,2
ICBHI_174_1p3_LR_006,ICBHI_174_1p3_LR,ICBHI_174,1,ICBHI,AKGC417L,0.9651191130633208,2
ICBHI_174_1p3_PL_000,ICBHI_174_1p3_PL,ICBHI_174,1,ICBHI,AKGC417L,0.8840392817460332,2
ICBHI_174_1p3_PL_001,ICBHI_174_1p3_PL,ICBHI_174,1,ICBHI,AKGC417L,0.5094516937661402,2
ICBHI_174_1p3_PL_002,ICBHI_174_1p3_PL,ICBHI_174,1,ICBHI,AKGC417L,0.6454552005947138,2
ICBHI_174_1p3_PL_003,ICBHI_174_1p3_PL,ICBHI_174,1,ICBHI,AKGC417L,0.8591918303320635,2
ICBHI_174_1p3_PL_004,ICBHI_174_1p3_PL,ICBHI_174,1,ICBHI,AKGC417L,0.9241418199787566,2
ICBHI_174_1p3_PL_005,ICBHI_174_1p3_PL,ICBHI_174,1,ICBHI,AKGC417L,0.9231777955470524,2
ICBHI_174_1p3_PL_006,ICBHI_174_1p3_PL,ICBHI_174,1,ICBHI,AKGC417L,0.9672250161000436,2
ICBHI_174_1p3_PR_000,ICBHI_174_1p3_PR,ICBHI_174,1,ICBHI,AKGC417L,0.8958875884420037,2
ICBHI_174_1p3_PR_001,ICBHI_174_1p3_PR,ICBHI_174,1,ICBHI,AKGC417L,0.8386797622482537,2
ICBHI_174_1p3_PR_002,ICBHI_174_1p3_PR,ICBHI_174,1,ICBHI,AKGC417L,0.7262314923924089,2
ICBHI_174_1p3_PR_003,ICBHI_174_1p3_PR,ICBHI_174,1,ICBHI,AKGC417L,0.8615382094310357,2
ICBHI_174_1p3_PR_004,ICBHI_174_1p3_PR,ICBHI_174,1,ICBHI,AKGC417L,0.9036348952750146,2
ICBHI_174_1p3_PR_005,ICBHI_174_1p3_PR,ICBHI_174,1,ICBHI,AKGC417L,0.8611883563363985,2
ICBHI_174_1p3_PR_006,ICBHI_174_1p3_PR,ICBHI_174,1,ICBHI,AKGC417L,0.8958875884420037,2
ICBHI_174_1p3_TC_000,ICBHI_174_1p3_TC,ICBHI_174,1,ICBHI,AKGC417L,0.9740919790859393,2
ICBHI_174_1p3_TC_001,ICBHI_174_1p3_TC,ICBHI_174,1,ICBHI,AKGC417L,0.9741903779656884,2
ICBHI_174_1p3_TC_002,ICBHI_174_1p3_TC,ICBHI_174,1,ICBHI,AKGC417L,0.9790758090833794,2
ICBHI_174_1p3_TC_003,ICBHI_174_1p3_TC,ICBHI_174,1,ICBHI,AKGC417L,0.9587699726751936,2
ICBHI_174_1p3_TC_004,ICBHI_174_1p3_TC,ICBHI_174,1,ICBHI,AKGC417L,0.959000972812607,2
ICBHI_174_1p3_TC_005,ICBHI_174_1p3_TC,ICBHI_174,1,ICBHI,AKGC417L,0.983847165177859,2
ICBHI_174_1p3_TC_006,ICBHI_174_1p3_TC,ICBHI_174,1,ICBHI,AKGC417L,0.9806919138043484,2
ICBHI_174_1p4_AR_000,ICBHI_174_1p4_AR,ICBHI_174,1,ICBHI,AKGC417L,0.982889110788156,2
ICBHI_174_1p4_AR_001,ICBHI_174_1p4_AR,ICBHI_174,1,ICBHI,AKGC417L,0.9685006196975564,2
ICBHI_174_1p4_AR_002,ICBHI_174_1p4_AR,ICBHI_174,1,ICBHI,AKGC417L,0.9667260589136598,2
ICBHI_174_1p4_AR_003,ICBHI_174_1p4_AR,ICBHI_174,1,ICBHI,AKGC417L,0.9724670607386878,2
ICBHI_174_1p4_AR_004,ICBHI_174_1p4_AR,ICBHI_174,1,ICBHI,AKGC417L,0.974676939890233,2
ICBHI_174_1p4_AR_005,ICBHI_174_1p4_AR,ICBHI_174,1,ICBHI,AKGC417L,0.9869292152258128,2
ICBHI_174_1p4_AR_006,ICBHI_174_1p4_AR,ICBHI_174,1,ICBHI,AKGC417L,0.9572778024535096,2
ICBHI_174_1p4_LL_000,ICBHI_174_1p4_LL,ICBHI_174,1,ICBHI,AKGC417L,0.9588471107825552,2
ICBHI_174_1p4_LL_001,ICBHI_174_1p4_LL,ICBHI_174,1,ICBHI,AKGC417L,0.9342753327035104,2
ICBHI_174_1p4_LL_002,ICBHI_174_1p4_LL,ICBHI_174,1,ICBHI,AKGC417L,0.9450961463787158,2
ICBHI_174_1p4_LL_003,ICBHI_174_1p4_LL,ICBHI_174,1,ICBHI,AKGC417L,0.939802949839461,2
ICBHI_174_1p4_LL_004,ICBHI_174_1p4_LL,ICBHI_174,1,ICBHI,AKGC417L,0.9356999454877224,2
ICBHI_174_1p4_LL_005,ICBHI_174_1p4_LL,ICBHI_174,1,ICBHI,AKGC417L,0.946200356539936,2
ICBHI_174_1p4_LL_006,ICBHI_174_1p4_LL,ICBHI_174,1,ICBHI,AKGC417L,0.9315870896477918,2
ICBHI_174_1p4_LR_000,ICBHI_174_1p4_LR,ICBHI_174,1,ICBHI,AKGC417L,0.9453993942183476,2
ICBHI_174_1p4_LR_001,ICBHI_174_1p4_LR,ICBHI_174,1,ICBHI,AKGC417L,0.9591542840900508,2
ICBHI_174_1p4_LR_002,ICBHI_174_1p4_LR,ICBHI_174,1,ICBHI,AKGC417L,0.9333093454842049,2
ICBHI_174_1p4_LR_003,ICBHI_174_1p4_LR,ICBHI_174,1,ICBHI,AKGC417L,0.9322068610768112,2
ICBHI_174_1p4_LR_004,ICBHI_174_1p4_LR,ICBHI_174,1,ICBHI,AKGC417L,0.9508692112458992,2
ICBHI_174_1p4_LR_005,ICBHI_174_1p4_LR,ICBHI_174,1,ICBHI,AKGC417L,0.9142907207192192,2
ICBHI_174_1p4_LR_006,ICBHI_174_1p4_LR,ICBHI_174,1,ICBHI,AKGC417L,0.7877679704369172,2
ICBHI_174_1p4_PL_000,ICBHI_174_1p4_PL,ICBHI_174,1,ICBHI,AKGC417L,0.9171543753982088,2
ICBHI_174_1p4_PL_001,ICBHI_174_1p4_PL,ICBHI_174,1,ICBHI,AKGC417L,0.9015745876334376,2
ICBHI_174_1p4_PL_002,ICBHI_174_1p4_PL,ICBHI_174,1,ICBHI,AKGC417L,0.9372107914029488,2
ICBHI_174_1p4_PL_003,ICBHI_174_1p4_PL,ICBHI_174,1,ICBHI,AKGC417L,0.9282788756737624,2
ICBHI_174_1p4_PL_004,ICBHI_174_1p4_PL,ICBHI_174,1,ICBHI,AKGC417L,0.9206471055441224,2
ICBHI_174_1p4_PL_005,ICBHI_174_1p4_PL,ICBHI_174,1,ICBHI,AKGC417L,0.8237541440584596,2
ICBHI_174_1p4_PL_006,ICBHI_174_1p4_PL,ICBHI_174,1,ICBHI,AKGC417L,0.8593099346263151,2
ICBHI_174_1p4_PR_000,ICBHI_174_1p4_PR,ICBHI_174,1,ICBHI,AKGC417L,0.8846385984040539,2
ICBHI_174_1p4_PR_001,ICBHI_174_1p4_PR,ICBHI_174,1,ICBHI,AKGC417L,0.9323301890181837,2
ICBHI_174_1p4_PR_002,ICBHI_174_1p4_PR,ICBHI_174,1,ICBHI,AKGC417L,0.8772666496637572,2
ICBHI_174_1p4_PR_003,ICBHI_174_1p4_PR,ICBHI_174,1,ICBHI,AKGC417L,0.8540345328871686,2
ICBHI_174_1p4_PR_004,ICBHI_174_1p4_PR,ICBHI_174,1,ICBHI,AKGC417L,0.9435559749515046,2
ICBHI_174_1p4_PR_005,ICBHI_174_1p4_PR,ICBHI_174,1,ICBHI,AKGC417L,0.9136765234137296,2
ICBHI_174_1p4_PR_006,ICBHI_174_1p4_PR,ICBHI_174,1,ICBHI,AKGC417L,0.8451772723114586,2
ICBHI_174_1p4_TC_000,ICBHI_174_1p4_TC,ICBHI_174,1,ICBHI,AKGC417L,0.9714558483038396,2
ICBHI_174_1p4_TC_001,ICBHI_174_1p4_TC,ICBHI_174,1,ICBHI,AKGC417L,0.9486324916130384,2
ICBHI_174_1p4_TC_002,ICBHI_174_1p4_TC,ICBHI_174,1,ICBHI,AKGC417L,0.9777987710969442,2
ICBHI_174_1p4_TC_003,ICBHI_174_1p4_TC,ICBHI_174,1,ICBHI,AKGC417L,0.9751071985765848,2
ICBHI_174_1p4_TC_004,ICBHI_174_1p4_TC,ICBHI_174,1,ICBHI,AKGC417L,0.9774570340514706,2
ICBHI_174_1p4_TC_005,ICBHI_174_1p4_TC,ICBHI_174,1,ICBHI,AKGC417L,0.9542227274192232,2
ICBHI_174_1p4_TC_006,ICBHI_174_1p4_TC,ICBHI_174,1,ICBHI,AKGC417L,0.9175984969391424,2
ICBHI_174_2p3_AL_000,ICBHI_174_2p3_AL,ICBHI_174,1,ICBHI,AKGC417L,0.9690324847372525,2
ICBHI_174_2p3_AL_001,ICBHI_174_2p3_AL,ICBHI_174,1,ICBHI,AKGC417L,0.9551520965667056,2
ICBHI_174_2p3_AL_002,ICBHI_174_2p3_AL,ICBHI_174,1,ICBHI,AKGC417L,0.9648551535992068,2
ICBHI_174_2p3_AL_003,ICBHI_174_2p3_AL,ICBHI_174,1,ICBHI,AKGC417L,0.8464508271169839,2
ICBHI_174_2p3_AL_004,ICBHI_174_2p3_AL,ICBHI_174,1,ICBHI,AKGC417L,0.9537942509646804,2
ICBHI_174_2p3_AL_005,ICBHI_174_2p3_AL,ICBHI_174,1,ICBHI,AKGC417L,0.9158089190054228,2
ICBHI_174_2p3_AL_006,ICBHI_174_2p3_AL,ICBHI_174,1,ICBHI,AKGC417L,0.8670357598021706,2
ICBHI_174_2p3_AR_000,ICBHI_174_2p3_AR,ICBHI_174,1,ICBHI,AKGC417L,0.9515039967560432,2
ICBHI_174_2p3_AR_001,ICBHI_174_2p3_AR,ICBHI_174,1,ICBHI,AKGC417L,0.9609517072737735,2
ICBHI_174_2p3_AR_002,ICBHI_174_2p3_AR,ICBHI_174,1,ICBHI,AKGC417L,0.9537942509646804,2
ICBHI_174_2p3_AR_003,ICBHI_174_2p3_AR,ICBHI_174,1,ICBHI,AKGC417L,0.9673486215396556,2
ICBHI_174_2p3_AR_004,ICBHI_174_2p3_AR,ICBHI_174,1,ICBHI,AKGC417L,0.974773174620712,2
ICBHI_174_2p3_AR_005,ICBHI_174_2p3_AR,ICBHI_174,1,ICBHI,AKGC417L,0.923592316649553,2
ICBHI_174_2p3_AR_006,ICBHI_174_2p3_AR,ICBHI_174,1,ICBHI,AKGC417L,0.8873999002546609,2
ICBHI_174_2p3_PL_000,ICBHI_174_2p3_PL,ICBHI_174,1,ICBHI,AKGC417L,0.90796713988899,2
ICBHI_174_2p3_PL_001,ICBHI_174_2p3_PL,ICBHI_174,1,ICBHI,AKGC417L,0.840520958372224,2
ICBHI_174_2p3_PL_002,ICBHI_174_2p3_PL,ICBHI_174,1,ICBHI,AKGC417L,0.7597605507205911,2
ICBHI_174_2p3_PL_003,ICBHI_174_2p3_PL,ICBHI_174,1,ICBHI,AKGC417L,0.8918110454379297,2
ICBHI_174_2p3_PL_004,ICBHI_174_2p3_PL,ICBHI_174,1,ICBHI,AKGC417L,0.9039745112122062,2
ICBHI_174_2p3_PL_005,ICBHI_174_2p3_PL,ICBHI_174,1,ICBHI,AKGC417L,0.922202551391991,2
ICBHI_174_2p3_PL_006,ICBHI_174_2p3_PL,ICBHI_174,1,ICBHI,AKGC417L,0.896975571673783,2
ICBHI_174_2p3_PR_000,ICBHI_174_2p3_PR,ICBHI_174,1,ICBHI,AKGC417L,0.8229018465610509,2
ICBHI_174_2p3_PR_001,ICBHI_174_2p3_PR,ICBHI_174,1,ICBHI,AKGC417L,0.8530579339538515,2
ICBHI_174_2p3_PR_002,ICBHI_174_2p3_PR,ICBHI_174,1,ICBHI,AKGC417L,0.781163728765951,2
ICBHI_174_2p3_PR_003,ICBHI_174_2p3_PR,ICBHI_174,1,ICBHI,AKGC417L,0.8899121189857752,2
ICBHI_174_2p3_PR_004,ICBHI_174_2p3_PR,ICBHI_174,1,ICBHI,AKGC417L,0.8951566359697456,2
ICBHI_174_2p3_PR_005,ICBHI_174_2p3_PR,ICBHI_174,1,ICBHI,AKGC417L,0.7956581000631541,2
ICBHI_174_2p3_PR_006,ICBHI_174_2p3_PR,ICBHI_174,1,ICBHI,AKGC417L,0.6661711023500395,2
ICBHI_174_2p3_TC_000,ICBHI_174_2p3_TC,ICBHI_174,1,ICBHI,AKGC417L,0.9726754691350322,2
ICBHI_174_2p3_TC_001,ICBHI_174_2p3_TC,ICBHI_174,1,ICBHI,AKGC417L,0.9641868082445192,2
ICBHI_174_2p3_TC_002,ICBHI_174_2p3_TC,ICBHI_174,1,ICBHI,AKGC417L,0.9465966702001756,2
ICBHI_174_2p3_TC_003,ICBHI_174_2p3_TC,ICBHI_174,1,ICBHI,AKGC417L,0.9584600343879384,2
ICBHI_174_2p3_TC_004,ICBHI_174_2p3_TC,ICBHI_174,1,ICBHI,AKGC417L,0.9672250161000436,2
ICBHI_174_2p3_TC_005,ICBHI_174_2p3_TC,ICBHI_174,1,ICBHI,AKGC417L,0.9526622845323623,2
ICBHI_174_2p3_TC_006,ICBHI_174_2p3_TC,ICBHI_174,1,ICBHI,AKGC417L,0.9566342012360932,2
ICBHI_194_1b1_LR_000,ICBHI_194_1b1_LR,ICBHI_194,0,ICBHI,Meditron,0.1083775443385065,2
ICBHI_194_1b1_LR_001,ICBHI_194_1b1_LR,ICBHI_194,0,ICBHI,Meditron,0.2914848120975131,2
ICBHI_194_1b1_LR_002,ICBHI_194_1b1_LR,ICBHI_194,0,ICBHI,Meditron,0.6484663530335857,2
ICBHI_194_1b1_LR_003,ICBHI_194_1b1_LR,ICBHI_194,0,ICBHI,Meditron,0.7876046534649508,2
ICBHI_194_1b1_LR_004,ICBHI_194_1b1_LR,ICBHI_194,0,ICBHI,Meditron,0.8137569775733345,2
ICBHI_194_1b1_LR_005,ICBHI_194_1b1_LR,ICBHI_194,0,ICBHI,Meditron,0.7244805868701683,2
ICBHI_194_1b1_LR_006,ICBHI_194_1b1_LR,ICBHI_194,0,ICBHI,Meditron,0.2814056074291438,2
ICBHI_194_1b1_PR_000,ICBHI_194_1b1_PR,ICBHI_194,0,ICBHI,Meditron,0.74036212684785,2
ICBHI_194_1b1_PR_001,ICBHI_194_1b1_PR,ICBHI_194,0,ICBHI,Meditron,0.2674081661882255,2
ICBHI_194_1b1_PR_002,ICBHI_194_1b1_PR,ICBHI_194,0,ICBHI,Meditron,0.4710863709466558,2
ICBHI_194_1b1_PR_003,ICBHI_194_1b1_PR,ICBHI_194,0,ICBHI,Meditron,0.3751340058658478,2
ICBHI_194_1b1_PR_004,ICBHI_194_1b1_PR,ICBHI_194,0,ICBHI,Meditron,0.4791076308485165,2
ICBHI_194_1b1_PR_005,ICBHI_194_1b1_PR,ICBHI_194,0,ICBHI,Meditron,0.6036982180667488,2
ICBHI_194_1b1_PR_006,ICBHI_194_1b1_PR,ICBHI_194,0,ICBHI,Meditron,0.2056150395700177,2
ICBHI_198_1b5_AL_000,ICBHI_198_1b5_AL,ICBHI_198,1,ICBHI,AKGC417L,0.9784259335698816,2
ICBHI_198_1b5_AL_001,ICBHI_198_1b5_AL,ICBHI_198,1,ICBHI,AKGC417L,0.9780517462851324,2
ICBHI_198_1b5_AL_002,ICBHI_198_1b5_AL,ICBHI_198,1,ICBHI,AKGC417L,0.9756234030788976,2
ICBHI_198_1b5_AL_003,ICBHI_198_1b5_AL,ICBHI_198,1,ICBHI,AKGC417L,0.9766246849598732,2
ICBHI_198_1b5_AL_004,ICBHI_198_1b5_AL,ICBHI_198,1,ICBHI,AKGC417L,0.9827572224423472,2
ICBHI_198_1b5_AL_005,ICBHI_198_1b5_AL,ICBHI_198,1,ICBHI,AKGC417L,0.9689738206081602,2
ICBHI_198_1b5_AL_006,ICBHI_198_1b5_AL,ICBHI_198,1,ICBHI,AKGC417L,0.958382202225562,2
ICBHI_198_1b5_AR_000,ICBHI_198_1b5_AR,ICBHI_198,1,ICBHI,AKGC417L,0.9864678513445928,2
ICBHI_198_1b5_AR_001,ICBHI_198_1b5_AR,ICBHI_198,1,ICBHI,AKGC417L,0.9897116988662836,2
ICBHI_198_1b5_AR_002,ICBHI_198_1b5_AR,ICBHI_198,1,ICBHI,AKGC417L,0.987992649452366,2
ICBHI_198_1b5_AR_003,ICBHI_198_1b5_AR,ICBHI_198,1,ICBHI,AKGC417L,0.988755439279336,2
ICBHI_198_1b5_AR_004,ICBHI_198_1b5_AR,ICBHI_198,1,ICBHI,AKGC417L,0.991083872947128,2
ICBHI_198_1b5_AR_005,ICBHI_198_1b5_AR,ICBHI_198,1,ICBHI,AKGC417L,0.9878996141864552,2
ICBHI_198_1b5_AR_006,ICBHI_198_1b5_AR,ICBHI_198,1,ICBHI,AKGC417L,0.9908743626108194,2
ICBHI_198_1b5_LL_000,ICBHI_198_1b5_LL,ICBHI_198,1,ICBHI,AKGC417L,0.9851575827657516,2
ICBHI_198_1b5_LL_001,ICBHI_198_1b5_LL,ICBHI_198,1,ICBHI,AKGC417L,0.9268352785943768,2
ICBHI_198_1b5_LL_002,ICBHI_198_1b5_LL,ICBHI_198,1,ICBHI,AKGC417L,0.8912444096440343,2
ICBHI_198_1b5_LL_003,ICBHI_198_1b5_LL,ICBHI_198,1,ICBHI,AKGC417L,0.9894295113796924,2
ICBHI_198_1b5_LL_004,ICBHI_198_1b5_LL,ICBHI_198,1,ICBHI,AKGC417L,0.975154563105731,2
ICBHI_198_1b5_LL_005,ICBHI_198_1b5_LL,ICBHI_198,1,ICBHI,AKGC417L,0.8497219425324707,2
ICBHI_198_1b5_LL_006,ICBHI_198_1b5_LL,ICBHI_198,1,ICBHI,AKGC417L,0.929183798137365,2
ICBHI_198_1b5_LR_000,ICBHI_198_1b5_LR,ICBHI_198,1,ICBHI,AKGC417L,0.9187722440021828,2
ICBHI_198_1b5_LR_001,ICBHI_198_1b5_LR,ICBHI_198,1,ICBHI,AKGC417L,0.7798252724252321,2
ICBHI_198_1b5_LR_002,ICBHI_198_1b5_LR,ICBHI_198,1,ICBHI,AKGC417L,0.9206471055441224,2
ICBHI_198_1b5_LR_003,ICBHI_198_1b5_LR,ICBHI_198,1,ICBHI,AKGC417L,0.9845754479181588,2
ICBHI_198_1b5_LR_004,ICBHI_198_1b5_LR,ICBHI_198,1,ICBHI,AKGC417L,0.9831499205521024,2
ICBHI_198_1b5_LR_005,ICBHI_198_1b5_LR,ICBHI_198,1,ICBHI,AKGC417L,0.9634374958402552,2
ICBHI_198_1b5_LR_006,ICBHI_198_1b5_LR,ICBHI_198,1,ICBHI,AKGC417L,0.9815597909507104,2
ICBHI_198_1b5_PL_000,ICBHI_198_1b5_PL,ICBHI_198,1,ICBHI,AKGC417L,0.9834068220804096,2
ICBHI_198_1b5_PL_001,ICBHI_198_1b5_PL,ICBHI_198,1,ICBHI,AKGC417L,0.983342959990771,2
ICBHI_198_1b5_PL_002,ICBHI_198_1b5_PL,ICBHI_198,1,ICBHI,AKGC417L,0.9768465889071616,2
ICBHI_198_1b5_PL_003,ICBHI_198_1b5_PL,ICBHI_198,1,ICBHI,AKGC417L,0.982889110788156,2
ICBHI_198_1b5_PL_004,ICBHI_198_1b5_PL,ICBHI_198,1,ICBHI,AKGC417L,0.9701834588562,2
ICBHI_198_1b5_PL_005,ICBHI_198_1b5_PL,ICBHI_198,1,ICBHI,AKGC417L,0.9719924793940118,2
ICBHI_198_1b5_PL_006,ICBHI_198_1b5_PL,ICBHI_198,1,ICBHI,AKGC417L,0.9845160126963748,2
ICBHI_198_1b5_PR_000,ICBHI_198_1b5_PR,ICBHI_198,1,ICBHI,AKGC417L,0.9907677855954636,2
ICBHI_198_1b5_PR_001,ICBHI_198_1b5_PR,ICBHI_198,1,ICBHI,AKGC417L,0.986878728873449,2
ICBHI_198_1b5_PR_002,ICBHI_198_1b5_PR,ICBHI_198,1,ICBHI,AKGC417L,0.990659975614946,2
ICBHI_198_1b5_PR_003,ICBHI_198_1b5_PR,ICBHI_198,1,ICBHI,AKGC417L,0.99440175138534,2
ICBHI_198_1b5_PR_004,ICBHI_198_1b5_PR,ICBHI_198,1,ICBHI,AKGC417L,0.992710922416408,2
ICBHI_198_1b5_PR_005,ICBHI_198_1b5_PR,ICBHI_198,1,ICBHI,AKGC417L,0.992988204618503,2
ICBHI_198_1b5_PR_006,ICBHI_198_1b5_PR,ICBHI_198,1,ICBHI,AKGC417L,0.994180040415741,2
ICBHI_198_1b5_TC_000,ICBHI_198_1b5_TC,ICBHI_198,1,ICBHI,AKGC417L,0.9730876959261984,2
ICBHI_198_1b5_TC_001,ICBHI_198_1b5_TC,ICBHI_198,1,ICBHI,AKGC417L,0.9660280028426234,2
ICBHI_198_1b5_TC_002,ICBHI_198_1b5_TC,ICBHI_198,1,ICBHI,AKGC417L,0.9625324931014264,2
ICBHI_198_1b5_TC_003,ICBHI_198_1b5_TC,ICBHI_198,1,ICBHI,AKGC417L,0.959230733755612,2
ICBHI_198_1b5_TC_004,ICBHI_198_1b5_TC,ICBHI_198,1,ICBHI,AKGC417L,0.964589269923676,2
ICBHI_198_1b5_TC_005,ICBHI_198_1b5_TC,ICBHI_198,1,ICBHI,AKGC417L,0.9550683569776216,2
ICBHI_198_1b5_TC_006,ICBHI_198_1b5_TC,ICBHI_198,1,ICBHI,AKGC417L,0.9774570340514706,2
ICBHI_198_6p1_AL_000,ICBHI_198_6p1_AL,ICBHI_198,1,ICBHI,AKGC417L,0.9913892323324892,2
ICBHI_198_6p1_AL_001,ICBHI_198_6p1_AL,ICBHI_198,1,ICBHI,AKGC417L,0.9935868362586746,2
ICBHI_198_6p1_AL_002,ICBHI_198_6p1_AL,ICBHI_198,1,ICBHI,AKGC417L,0.9933071490757152,2
ICBHI_198_6p1_AL_003,ICBHI_198_6p1_AL,ICBHI_198,1,ICBHI,AKGC417L,0.9930693283432538,2
ICBHI_198_6p1_AL_004,ICBHI_198_6p1_AL,ICBHI_198,1,ICBHI,AKGC417L,0.992000245491622,2
ICBHI_198_6p1_AL_005,ICBHI_198_6p1_AL,ICBHI_198,1,ICBHI,AKGC417L,0.9909797204985978,2
ICBHI_198_6p1_AL_006,ICBHI_198_6p1_AL,ICBHI_198,1,ICBHI,AKGC417L,0.9907677855954636,2
ICBHI_198_6p1_AR_000,ICBHI_198_6p1_AR,ICBHI_198,1,ICBHI,AKGC417L,0.921781129173075,2
ICBHI_198_6p1_AR_001,ICBHI_198_6p1_AR,ICBHI_198,1,ICBHI,AKGC417L,0.8498466016699031,2
ICBHI_198_6p1_AR_002,ICBHI_198_6p1_AR,ICBHI_198,1,ICBHI,AKGC417L,0.991422514586288,2
ICBHI_198_6p1_AR_003,ICBHI_198_6p1_AR,ICBHI_198,1,ICBHI,AKGC417L,0.9729338243348664,2
ICBHI_198_6p1_AR_004,ICBHI_198_6p1_AR,ICBHI_198,1,ICBHI,AKGC417L,0.9720456005228716,2
ICBHI_198_6p1_AR_005,ICBHI_198_6p1_AR,ICBHI_198,1,ICBHI,AKGC417L,0.9871292507842532,2
ICBHI_198_6p1_AR_006,ICBHI_198_6p1_AR,ICBHI_198,1,ICBHI,AKGC417L,0.9837849698906836,2
ICBHI_198_6p1_LL_000,ICBHI_198_6p1_LL,ICBHI_198,1,ICBHI,AKGC417L,0.9676556676188428,2
ICBHI_198_6p1_LL_001,ICBHI_198_6p1_LL,ICBHI_198,1,ICBHI,AKGC417L,0.982423116732664,2
ICBHI_198_6p1_LL_002,ICBHI_198_6p1_LL,ICBHI_198,1,ICBHI,AKGC417L,0.9693822208597556,2
ICBHI_198_6p1_LL_003,ICBHI_198_6p1_LL,ICBHI_198,1,ICBHI,AKGC417L,0.9774139572136528,2
ICBHI_198_6p1_LL_004,ICBHI_198_6p1_LL,ICBHI_198,1,ICBHI,AKGC417L,0.9796287059913455,2
ICBHI_198_6p1_LL_005,ICBHI_198_6p1_LL,ICBHI_198,1,ICBHI,AKGC417L,0.9856076636305632,2
ICBHI_198_6p1_LL_006,ICBHI_198_6p1_LL,ICBHI_198,1,ICBHI,AKGC417L,0.9835338249524974,2
ICBHI_198_6p1_LR_000,ICBHI_198_6p1_LR,ICBHI_198,1,ICBHI,AKGC417L,0.9886243997611625,2
ICBHI_198_6p1_LR_001,ICBHI_198_6p1_LR,ICBHI_198,1,ICBHI,AKGC417L,0.9866233967726228,2
ICBHI_198_6p1_LR_002,ICBHI_198_6p1_LR,ICBHI_198,1,ICBHI,AKGC417L,0.9865717452580314,2
ICBHI_198_6p1_LR_003,ICBHI_198_6p1_LR,ICBHI_198,1,ICBHI,AKGC417L,0.989947631342032,2
ICBHI_198_6p1_LR_004,ICBHI_198_6p1_LR,ICBHI_198,1,ICBHI,AKGC417L,0.991875291221819,2
ICBHI_198_6p1_LR_005,ICBHI_198_6p1_LR,ICBHI_198,1,ICBHI,AKGC417L,0.9938549079159148,2
ICBHI_198_6p1_LR_006,ICBHI_198_6p1_LR,ICBHI_198,1,ICBHI,AKGC417L,0.9940659331606164,2
ICBHI_198_6p1_PL_000,ICBHI_198_6p1_PL,ICBHI_198,1,ICBHI,AKGC417L,0.9828232909876816,2
ICBHI_198_6p1_PL_001,ICBHI_198_6p1_PL,ICBHI_198,1,ICBHI,AKGC417L,0.9840936082881852,2
ICBHI_198_6p1_PL_002,ICBHI_198_6p1_PL,ICBHI_198,1,ICBHI,AKGC417L,0.9693822208597556,2
ICBHI_198_6p1_PL_003,ICBHI_198_6p1_PL,ICBHI_198,1,ICBHI,AKGC417L,0.9556514186046016,2
ICBHI_198_6p1_PL_004,ICBHI_198_6p1_PL,ICBHI_198,1,ICBHI,AKGC417L,0.97129292184185,2
ICBHI_198_6p1_PL_005,ICBHI_198_6p1_PL,ICBHI_198,1,ICBHI,AKGC417L,0.9523087167764016,2
ICBHI_198_6p1_PL_006,ICBHI_198_6p1_PL,ICBHI_198,1,ICBHI,AKGC417L,0.9444848859112394,2
ICBHI_198_6p1_PR_000,ICBHI_198_6p1_PR,ICBHI_198,1,ICBHI,AKGC417L,0.7057850278370112,2
ICBHI_198_6p1_PR_001,ICBHI_198_6p1_PR,ICBHI_198,1,ICBHI,AKGC417L,0.819315785835197,2
ICBHI_198_6p1_PR_002,ICBHI_198_6p1_PR,ICBHI_198,1,ICBHI,AKGC417L,0.9520418961921002,2
ICBHI_198_6p1_PR_003,ICBHI_198_6p1_PR,ICBHI_198,1,ICBHI,AKGC417L,0.9470881887900422,2
ICBHI_198_6p1_PR_004,ICBHI_198_6p1_PR,ICBHI_198,1,ICBHI,AKGC417L,0.9522199336364292,2
ICBHI_198_6p1_PR_005,ICBHI_198_6p1_PR,ICBHI_198,1,ICBHI,AKGC417L,0.8198933359135361,2
ICBHI_198_6p1_PR_006,ICBHI_198_6p1_PR,ICBHI_198,1,ICBHI,AKGC417L,0.3117410682776294,2
ICBHI_198_6p1_TC_000,ICBHI_198_6p1_TC,ICBHI_198,1,ICBHI,AKGC417L,0.990253895947446,2
ICBHI_198_6p1_TC_001,ICBHI_198_6p1_TC,ICBHI_198,1,ICBHI,AKGC417L,0.99101457124744,2
ICBHI_198_6p1_TC_002,ICBHI_198_6p1_TC,ICBHI_198,1,ICBHI,AKGC417L,0.9843964652097964,2
ICBHI_198_6p1_TC_003,ICBHI_198_6p1_TC,ICBHI_198,1,ICBHI,AKGC417L,0.9831499205521024,2
ICBHI_198_6p1_TC_004,ICBHI_198_6p1_TC,ICBHI_198,1,ICBHI,AKGC417L,0.9839091258071756,2
ICBHI_198_6p1_TC_005,ICBHI_198_6p1_TC,ICBHI_198,1,ICBHI,AKGC417L,0.982151261550011,2
ICBHI_198_6p1_TC_006,ICBHI_198_6p1_TC,ICBHI_198,1,ICBHI,AKGC417L,0.9905142868292048,2
ICBHI_211_1p2_AR_000,ICBHI_211_1p2_AR,ICBHI_211,1,ICBHI,AKGC417L,0.9704086268107062,2
ICBHI_211_1p2_AR_001,ICBHI_211_1p2_AR,ICBHI_211,1,ICBHI,AKGC417L,0.9876638995791304,2
ICBHI_211_1p2_AR_002,ICBHI_211_1p2_AR,ICBHI_211,1,ICBHI,AKGC417L,0.9842154389261902,2
ICBHI_211_1p2_AR_003,ICBHI_211_1p2_AR,ICBHI_211,1,ICBHI,AKGC417L,0.9739932150764022,2
ICBHI_211_1p2_AR_004,ICBHI_211_1p2_AR,ICBHI_211,1,ICBHI,AKGC417L,0.9885803853543514,2
ICBHI_211_1p2_AR_005,ICBHI_211_1p2_AR,ICBHI_211,1,ICBHI,AKGC417L,0.9887119261007692,2
ICBHI_211_1p2_AR_006,ICBHI_211_1p2_AR,ICBHI_211,1,ICBHI,AKGC417L,0.9825575152637948,2
ICBHI_211_1p2_PL_000,ICBHI_211_1p2_PL,ICBHI_211,1,ICBHI,AKGC417L,0.8016254192426442,2
ICBHI_211_1p2_PL_001,ICBHI_211_1p2_PL,ICBHI_211,1,ICBHI,AKGC417L,0.6866852950134713,2
ICBHI_211_1p2_PL_002,ICBHI_211_1p2_PL,ICBHI_211,1,ICBHI,AKGC417L,0.8641958840872618,2
ICBHI_211_1p2_PL_003,ICBHI_211_1p2_PL,ICBHI_211,1,ICBHI,AKGC417L,0.8615382094310357,2
ICBHI_211_1p2_PL_004,ICBHI_211_1p2_PL,ICBHI_211,1,ICBHI,AKGC417L,0.9422946838534368,2
ICBHI_211_1p2_PL_005,ICBHI_211_1p2_PL,ICBHI_211,1,ICBHI,AKGC417L,0.8991213772699436,2
ICBHI_211_1p2_PL_006,ICBHI_211_1p2_PL,ICBHI_211,1,ICBHI,AKGC417L,0.9241418199787566,2
ICBHI_211_1p2_PR_000,ICBHI_211_1p2_PR,ICBHI_211,1,ICBHI,AKGC417L,0.93789687838626,2
ICBHI_211_1p2_PR_001,ICBHI_211_1p2_PR,ICBHI_211,1,ICBHI,AKGC417L,0.973794586550466,2
ICBHI_211_1p2_PR_002,ICBHI_211_1p2_PR,ICBHI_211,1,ICBHI,AKGC417L,0.9003546962924533,2
ICBHI_211_1p2_PR_003,ICBHI_211_1p2_PR,ICBHI_211,1,ICBHI,AKGC417L,0.9113376495526664,2
ICBHI_211_1p2_PR_004,ICBHI_211_1p2_PR,ICBHI_211,1,ICBHI,AKGC417L,0.9528381329658232,2
ICBHI_211_1p2_PR_005,ICBHI_211_1p2_PR,ICBHI_211,1,ICBHI,AKGC417L,0.9369805284248848,2
ICBHI_211_1p2_PR_006,ICBHI_211_1p2_PR,ICBHI_211,1,ICBHI,AKGC417L,0.8741846824498326,2
ICBHI_211_1p3_AR_000,ICBHI_211_1p3_AR,ICBHI_211,1,ICBHI,AKGC417L,0.9875203002546722,2
ICBHI_211_1p3_AR_001,ICBHI_211_1p3_AR,ICBHI_211,1,ICBHI,AKGC417L,0.99101457124744,2
ICBHI_211_1p3_AR_002,ICBHI_211_1p3_AR,ICBHI_211,1,ICBHI,AKGC417L,0.9888849862785224,2
ICBHI_211_1p3_AR_003,ICBHI_211_1p3_AR,ICBHI_211,1,ICBHI,AKGC417L,0.9900250791759212,2
ICBHI_211_1p3_AR_004,ICBHI_211_1p3_AR,ICBHI_211,1,ICBHI,AKGC417L,0.988841968751916,2
ICBHI_211_1p3_AR_005,ICBHI_211_1p3_AR,ICBHI_211,1,ICBHI,AKGC417L,0.9931760452132232,2
ICBHI_211_1p3_AR_006,ICBHI_211_1p3_AR,ICBHI_211,1,ICBHI,AKGC417L,0.9954438862855456,2
ICBHI_211_1p5_AR_000,ICBHI_211_1p5_AR,ICBHI_211,1,ICBHI,AKGC417L,0.9928231180543432,2
ICBHI_211_1p5_AR_001,ICBHI_211_1p5_AR,ICBHI_211,1,ICBHI,AKGC417L,0.9958337438789612,2
ICBHI_211_1p5_AR_002,ICBHI_211_1p5_AR,ICBHI_211,1,ICBHI,AKGC417L,0.9952448000901668,2
ICBHI_211_1p5_AR_003,ICBHI_211_1p5_AR,ICBHI_211,1,ICBHI,AKGC417L,0.9967269350293284,2
ICBHI_211_1p5_AR_004,ICBHI_211_1p5_AR,ICBHI_211,1,ICBHI,AKGC417L,0.9959139973057952,2
ICBHI_211_1p5_AR_005,ICBHI_211_1p5_AR,ICBHI_211,1,ICBHI,AKGC417L,0.9956853120436374,2
ICBHI_211_1p5_AR_006,ICBHI_211_1p5_AR,ICBHI_211,1,ICBHI,AKGC417L,0.9965837211562298,2
ICBHI_211_2p2_TC_000,ICBHI_211_2p2_TC,ICBHI_211,1,ICBHI,AKGC417L,0.9178933729531492,2
ICBHI_211_2p2_TC_001,ICBHI_211_2p2_TC,ICBHI_211,1,ICBHI,AKGC417L,0.98504291340685,2
ICBHI_211_2p2_TC_002,ICBHI_211_2p2_TC,ICBHI_211,1,ICBHI,AKGC417L,0.943763654295516,2
ICBHI_211_2p2_TC_003,ICBHI_211_2p2_TC,ICBHI_211,1,ICBHI,AKGC417L,0.9400235602628372,2
ICBHI_211_2p2_TC_004,ICBHI_211_2p2_TC,ICBHI_211,1,ICBHI,AKGC417L,0.9615338079816756,2
ICBHI_211_2p2_TC_005,ICBHI_211_2p2_TC,ICBHI_211,1,ICBHI,AKGC417L,0.9587699726751936,2
ICBHI_211_2p2_TC_006,ICBHI_211_2p2_TC,ICBHI_211,1,ICBHI,AKGC417L,0.97693477348305,2
ICBHI_211_2p3_TC_000,ICBHI_211_2p3_TC,ICBHI_211,1,ICBHI,AKGC417L,0.858362777773912,2
ICBHI_211_2p3_TC_001,ICBHI_211_2p3_TC,ICBHI_211,1,ICBHI,AKGC417L,0.6889918139293073,2
ICBHI_211_2p3_TC_002,ICBHI_211_2p3_TC,ICBHI_211,1,ICBHI,AKGC417L,0.1481704134429869,2
ICBHI_211_2p3_TC_003,ICBHI_211_2p3_TC,ICBHI_211,1,ICBHI,AKGC417L,0.4044486362509941,2
ICBHI_211_2p3_TC_004,ICBHI_211_2p3_TC,ICBHI_211,1,ICBHI,AKGC417L,0.9666001780666844,2
ICBHI_211_2p3_TC_005,ICBHI_211_2p3_TC,ICBHI_211,1,ICBHI,AKGC417L,0.9534487247878658,2
ICBHI_211_2p3_TC_006,ICBHI_211_2p3_TC,ICBHI_211,1,ICBHI,AKGC417L,0.9535353360498288,2
ICBHI_211_2p4_TC_000,ICBHI_211_2p4_TC,ICBHI_211,1,ICBHI,AKGC417L,0.8106288659715803,2
ICBHI_211_2p4_TC_001,ICBHI_211_2p4_TC,ICBHI_211,1,ICBHI,AKGC417L,0.8565725116773023,2
ICBHI_211_2p4_TC_002,ICBHI_211_2p4_TC,ICBHI_211,1,ICBHI,AKGC417L,0.8027102434082559,2
ICBHI_211_2p4_TC_003,ICBHI_211_2p4_TC,ICBHI_211,1,ICBHI,AKGC417L,0.94815453335022,2
ICBHI_211_2p4_TC_004,ICBHI_211_2p4_TC,ICBHI_211,1,ICBHI,AKGC417L,0.9610980199022024,2
ICBHI_211_2p4_TC_005,ICBHI_211_2p4_TC,ICBHI_211,1,ICBHI,AKGC417L,0.962743232064167,2
ICBHI_211_2p4_TC_006,ICBHI_211_2p4_TC,ICBHI_211,1,ICBHI,AKGC417L,0.9769787427100676,2
ICBHI_220_1b1_TC_000,ICBHI_220_1b1_TC,ICBHI_220,1,ICBHI,LittC2SE,0.994180040415741,2
ICBHI_220_1b1_TC_001,ICBHI_220_1b1_TC,ICBHI_220,1,ICBHI,LittC2SE,0.9952816307449724,2
ICBHI_220_1b1_TC_002,ICBHI_220_1b1_TC,ICBHI_220,1,ICBHI,LittC2SE,0.994488065789193,2
ICBHI_220_1b1_TC_003,ICBHI_220_1b1_TC,ICBHI_220,1,ICBHI,LittC2SE,0.9954083163222202,2
ICBHI_220_1b1_TC_004,ICBHI_220_1b1_TC,ICBHI_220,1,ICBHI,LittC2SE,0.9967141667081212,2
ICBHI_220_1b1_TC_005,ICBHI_220_1b1_TC,ICBHI_220,1,ICBHI,LittC2SE,0.9954261357223732,2
ICBHI_220_1b1_TC_006,ICBHI_220_1b1_TC,ICBHI_220,1,ICBHI,LittC2SE,0.9955316157335088,2
ICBHI_220_1b2_AL_000,ICBHI_220_1b2_AL,ICBHI_220,1,ICBHI,LittC2SE,0.7655933542181188,2
ICBHI_220_1b2_AL_001,ICBHI_220_1b2_AL,ICBHI_220,1,ICBHI,LittC2SE,0.9938070098421448,2
ICBHI_220_1b2_AL_002,ICBHI_220_1b2_AL,ICBHI_220,1,ICBHI,LittC2SE,0.9940196700308718,2
ICBHI_220_1b2_AL_003,ICBHI_220_1b2_AL,ICBHI_220,1,ICBHI,LittC2SE,0.9904775143296634,2
ICBHI_220_1b2_AL_004,ICBHI_220_1b2_AL,ICBHI_220,1,ICBHI,LittC2SE,0.9711290930537122,2
ICBHI_220_1b2_AL_005,ICBHI_220_1b2_AL,ICBHI_220,1,ICBHI,LittC2SE,0.9886682464686384,2
ICBHI_220_1b2_AL_006,ICBHI_220_1b2_AL,ICBHI_220,1,ICBHI,LittC2SE,0.9859363729567544,2
ICBHI_104_1b1_AL_000,ICBHI_104_1b1_AL,ICBHI_104,1,ICBHI,Litt3200,0.9987648321797216,3
ICBHI_104_1b1_AL_001,ICBHI_104_1b1_AL,ICBHI_104,1,ICBHI,Litt3200,0.9984391107821522,3
ICBHI_104_1b1_AL_002,ICBHI_104_1b1_AL,ICBHI_104,1,ICBHI,Litt3200,0.998589641503382,3
ICBHI_104_1b1_AL_003,ICBHI_104_1b1_AL,ICBHI_104,1,ICBHI,Litt3200,0.999063717182244,3
ICBHI_104_1b1_AL_004,ICBHI_104_1b1_AL,ICBHI_104,1,ICBHI,Litt3200,0.9988708453714952,3
ICBHI_104_1b1_AR_000,ICBHI_104_1b1_AR,ICBHI_104,1,ICBHI,Litt3200,0.9987056319645456,3
ICBHI_104_1b1_AR_001,ICBHI_104_1b1_AR,ICBHI_104,1,ICBHI,Litt3200,0.9986645991810268,3
ICBHI_104_1b1_AR_002,ICBHI_104_1b1_AR,ICBHI_104,1,ICBHI,Litt3200,0.9986435982025386,3
ICBHI_104_1b1_AR_003,ICBHI_104_1b1_AR,ICBHI_104,1,ICBHI,Litt3200,0.9987005725342086,3
ICBHI_104_1b1_AR_004,ICBHI_104_1b1_AR,ICBHI_104,1,ICBHI,Litt3200,0.9987106717209964,3
ICBHI_104_1b1_AR_005,ICBHI_104_1b1_AR,ICBHI_104,1,ICBHI,Litt3200,0.9988883318306347,3
ICBHI_104_1b1_AR_006,ICBHI_104_1b1_AR,ICBHI_104,1,ICBHI,Litt3200,0.9990563807544248,3
ICBHI_104_1b1_AR_007,ICBHI_104_1b1_AR,ICBHI_104,1,ICBHI,Litt3200,0.999103060676328,3
ICBHI_104_1b1_AR_008,ICBHI_104_1b1_AR,ICBHI_104,1,ICBHI,Litt3200,0.999183261895333,3
ICBHI_104_1b1_LL_000,ICBHI_104_1b1_LL,ICBHI_104,1,ICBHI,Litt3200,0.99908538631333,3
ICBHI_104_1b1_LL_001,ICBHI_104_1b1_LL,ICBHI_104,1,ICBHI,Litt3200,0.9988796226776032,3
ICBHI_104_1b1_LL_002,ICBHI_104_1b1_LL,ICBHI_104,1,ICBHI,Litt3200,0.9987056319645456,3
ICBHI_104_1b1_LL_003,ICBHI_104_1b1_LL,ICBHI_104,1,ICBHI,Litt3200,0.9989637331117536,3
ICBHI_104_1b1_LL_004,ICBHI_104_1b1_LL,ICBHI_104,1,ICBHI,Litt3200,0.9991203937935236,3
ICBHI_104_1b1_LL_005,ICBHI_104_1b1_LL,ICBHI_104,1,ICBHI,Litt3200,0.9993809583387016,3
ICBHI_104_1b1_LR_000,ICBHI_104_1b1_LR,ICBHI_104,1,ICBHI,Litt3200,0.992710922416408,3
ICBHI_104_1b1_LR_001,ICBHI_104_1b1_LR,ICBHI_104,1,ICBHI,Litt3200,0.994939667968034,3
ICBHI_104_1b1_LR_002,ICBHI_104_1b1_LR,ICBHI_104,1,ICBHI,Litt3200,0.9952999394649492,3
ICBHI_104_1b1_LR_003,ICBHI_104_1b1_LR,ICBHI_104,1,ICBHI,Litt3200,0.9984391107821522,3
ICBHI_104_1b1_LR_004,ICBHI_104_1b1_LR,ICBHI_104,1,ICBHI,Litt3200,0.9994229654710683,3
ICBHI_104_1b1_PL_000,ICBHI_104_1b1_PL,ICBHI_104,1,ICBHI,Litt3200,0.9982792645075348,3
ICBHI_104_1b1_PL_001,ICBHI_104_1b1_PL,ICBHI_104,1,ICBHI,Litt3200,0.998285961520812,3
ICBHI_104_1b1_PL_002,ICBHI_104_1b1_PL,ICBHI_104,1,ICBHI,Litt3200,0.999183261895333,3
ICBHI_104_1b1_PL_003,ICBHI_104_1b1_PL,ICBHI_104,1,ICBHI,Litt3200,0.9996094860399792,3
ICBHI_104_1b1_PL_004,ICBHI_104_1b1_PL,ICBHI_104,1,ICBHI,Litt3200,0.9995626655964818,3
ICBHI_104_1b1_PL_005,ICBHI_104_1b1_PL,ICBHI_104,1,ICBHI,Litt3200,0.9993332976907564,3
ICBHI_104_1b1_PL_006,ICBHI_104_1b1_PL,ICBHI_104,1,ICBHI,Litt3200,0.9995215743737126,3
ICBHI_104_1b1_PL_007,ICBHI_104_1b1_PL,ICBHI_104,1,ICBHI,Litt3200,0.9995761152580062,3
ICBHI_104_1b1_PR_000,ICBHI_104_1b1_PR,ICBHI_104,1,ICBHI,Litt3200,0.9984929511366406,3
ICBHI_104_1b1_PR_001,ICBHI_104_1b1_PR,ICBHI_104,1,ICBHI,Litt3200,0.99843301120745,3
ICBHI_104_1b1_PR_002,ICBHI_104_1b1_PR,ICBHI_104,1,ICBHI,Litt3200,0.9983770329385312,3
ICBHI_104_1b1_PR_003,ICBHI_104_1b1_PR,ICBHI_104,1,ICBHI,Litt3200,0.9988167202304988,3
ICBHI_104_1b1_PR_004,ICBHI_104_1b1_PR,ICBHI_104,1,ICBHI,Litt3200,0.9985618646789076,3
ICBHI_104_1b1_PR_005,ICBHI_104_1b1_PR,ICBHI_104,1,ICBHI,Litt3200,0.9993512691818596,3
ICBHI_104_1b1_PR_006,ICBHI_104_1b1_PR,ICBHI_104,1,ICBHI,Litt3200,0.9996458063485448,3
ICBHI_104_1b1_PR_007,ICBHI_104_1b1_PR,ICBHI_104,1,ICBHI,Litt3200,0.9996214963437556,3
ICBHI_118_1b1_AL_000,ICBHI_118_1b1_AL,ICBHI_118,1,ICBHI,Litt3200,0.9980353385604862,3
ICBHI_118_1b1_AL_001,ICBHI_118_1b1_AL,ICBHI_118,1,ICBHI,Litt3200,0.998224739467894,3
ICBHI_118_1b1_AL_002,ICBHI_118_1b1_AL,ICBHI_118,1,ICBHI,Litt3200,0.9985278104907204,3
ICBHI_118_1b1_AL_003,ICBHI_118_1b1_AL,ICBHI_118,1,ICBHI,Litt3200,0.9989391848195364,3
ICBHI_118_1b1_AL_004,ICBHI_118_1b1_AL,ICBHI_118,1,ICBHI,Litt3200,0.9989055477854436,3
ICBHI_118_1b1_AR_000,ICBHI_118_1b1_AR,ICBHI_118,1,ICBHI,Litt3200,0.998654139598703,3
ICBHI_118_1b1_AR_001,ICBHI_118_1b1_AR,ICBHI_118,1,ICBHI,Litt3200,0.998522057019784,3
ICBHI_118_1b1_AR_002,ICBHI_118_1b1_AR,ICBHI_118,1,ICBHI,Litt3200,0.9990072738567558,3
ICBHI_118_1b1_AR_003,ICBHI_118_1b1_AR,ICBHI_118,1,ICBHI,Litt3200,0.999304046316105,3
ICBHI_118_1b1_AR_004,ICBHI_118_1b1_AR,ICBHI_118,1,ICBHI,Litt3200,0.9991606400848502,3
ICBHI_118_1b1_AR_005,ICBHI_118_1b1_AR,ICBHI_118,1,ICBHI,Litt3200,0.9990072738567558,3
ICBHI_118_1b1_LL_000,ICBHI_118_1b1_LL,ICBHI_118,1,ICBHI,Litt3200,0.9980657388967296,3
ICBHI_118_1b1_LL_001,ICBHI_118_1b1_LL,ICBHI_118,1,ICBHI,Litt3200,0.998238530319926,3
ICBHI_118_1b1_LL_002,ICBHI_118_1b1_LL,ICBHI_118,1,ICBHI,Litt3200,0.998935037327944,3
ICBHI_118_1b1_LL_003,ICBHI_118_1b1_LL,ICBHI_118,1,ICBHI,Litt3200,0.9992206339069792,3
ICBHI_118_1b1_LR_000,ICBHI_118_1b1_LR,ICBHI_118,1,ICBHI,Litt3200,0.9978087593636036,3
ICBHI_118_1b1_LR_001,ICBHI_118_1b1_LR,ICBHI_118,1,ICBHI,Litt3200,0.998516281097091,3
ICBHI_118_1b1_LR_002,ICBHI_118_1b1_LR,ICBHI_118,1,ICBHI,Litt3200,0.9981684898601648,3
ICBHI_118_1b1_LR_003,ICBHI_118_1b1_LR,ICBHI_118,1,ICBHI,Litt3200,0.9976586593489524,3
ICBHI_118_1b1_LR_004,ICBHI_118_1b1_LR,ICBHI_118,1,ICBHI,Litt3200,0.9983959107471776,3
ICBHI_118_1b1_LR_005,ICBHI_118_1b1_LR,ICBHI_118,1,ICBHI,Litt3200,0.9981827168835504,3
ICBHI_118_1b1_LR_006,ICBHI_118_1b1_LR,ICBHI_118,1,ICBHI,Litt3200,0.9967775156759976,3
ICBHI_118_1b1_PL_000,ICBHI_118_1b1_PL,ICBHI_118,1,ICBHI,Litt3200,0.9986329743543436,3
ICBHI_118_1b1_PL_001,ICBHI_118_1b1_PL,ICBHI_118,1,ICBHI,Litt3200,0.9986852754323852,3
ICBHI_118_1b1_PL_002,ICBHI_118_1b1_PL,ICBHI_118,1,ICBHI,Litt3200,0.999304046316105,3
ICBHI_118_1b1_PR_000,ICBHI_118_1b1_PR,ICBHI_118,1,ICBHI,Litt3200,0.9986903943451748,3
ICBHI_118_1b1_PR_001,ICBHI_118_1b1_PR,ICBHI_118,1,ICBHI,Litt3200,0.9987502906077916,3
ICBHI_118_1b1_PR_002,ICBHI_118_1b1_PR,ICBHI_118,1,ICBHI,Litt3200,0.9986382966250248,3
ICBHI_120_1b1_AL_000,ICBHI_120_1b1_AL,ICBHI_120,1,ICBHI,Meditron,0.9993736658418904,3
ICBHI_120_1b1_AL_001,ICBHI_120_1b1_AL,ICBHI_120,1,ICBHI,Meditron,0.9997640282585172,3
ICBHI_120_1b1_AL_002,ICBHI_120_1b1_AL,ICBHI_120,1,ICBHI,Meditron,0.9998736795756128,3
ICBHI_120_1b1_AL_003,ICBHI_120_1b1_AL,ICBHI_120,1,ICBHI,Meditron,0.9997448586044048,3
ICBHI_120_1b1_AL_004,ICBHI_120_1b1_AL,ICBHI_120,1,ICBHI,Meditron,0.9993905498409864,3
ICBHI_120_1b1_AL_005,ICBHI_120_1b1_AL,ICBHI_120,1,ICBHI,Meditron,0.9986954933533844,3
ICBHI_120_1b1_AL_006,ICBHI_120_1b1_AL,ICBHI_120,1,ICBHI,Meditron,0.998451238905712,3
ICBHI_120_1b1_AL_007,ICBHI_120_1b1_AL,ICBHI_120,1,ICBHI,Meditron,0.9982926325142392,3
ICBHI_120_1b1_AL_008,ICBHI_120_1b1_AL,ICBHI_120,1,ICBHI,Meditron,0.9982792645075348,3
ICBHI_120_1b1_AL_009,ICBHI_120_1b1_AL,ICBHI_120,1,ICBHI,Meditron,0.998408374000318,3
ICBHI_120_1b1_AL_010,ICBHI_120_1b1_AL,ICBHI_120,1,ICBHI,Meditron,0.9986222674109771,3
ICBHI_120_1b1_AL_011,ICBHI_120_1b1_AL,ICBHI_120,1,ICBHI,Meditron,0.997730531345513,3
ICBHI_120_1b1_AL_012,ICBHI_120_1b1_AL,ICBHI_120,1,ICBHI,Meditron,0.9945094367975008,3
ICBHI_120_1b1_AL_013,ICBHI_120_1b1_AL,ICBHI_120,1,ICBHI,Meditron,0.995354442450284,3
ICBHI_120_1b1_AL_014,ICBHI_120_1b1_AL,ICBHI_120,1,ICBHI,Meditron,0.9976677660824128,3
ICBHI_120_1b1_AL_015,ICBHI_120_1b1_AL,ICBHI_120,1,ICBHI,Meditron,0.9981324340221068,3
ICBHI_120_1b1_AL_016,ICBHI_120_1b1_AL,ICBHI_120,1,ICBHI,Meditron,0.9978342328009971,3
ICBHI_120_1b1_AL_017,ICBHI_120_1b1_AL,ICBHI_120,1,ICBHI,Meditron,0.9957684125218388,3
ICBHI_120_1b1_AL_018,ICBHI_120_1b1_AL,ICBHI_120,1,ICBHI,Meditron,0.9969365831511966,3
ICBHI_120_1b1_AL_019,ICBHI_120_1b1_AL,ICBHI_120,1,ICBHI,Meditron,0.9971216519652336,3
ICBHI_120_1b1_AL_020,ICBHI_120_1b1_AL,ICBHI_120,1,ICBHI,Meditron,0.9990072738567558,3
ICBHI_120_1b1_AL_021,ICBHI_120_1b1_AL,ICBHI_120,1,ICBHI,Meditron,0.9976125907901376,3
ICBHI_120_1b1_AL_022,ICBHI_120_1b1_AL,ICBHI_120,1,ICBHI,Meditron,0.996205165779956,3
ICBHI_120_1b1_AL_023,ICBHI_120_1b1_AL,ICBHI_120,1,ICBHI,Meditron,0.9984929511366406,3
ICBHI_120_1b1_AL_024,ICBHI_120_1b1_AL,ICBHI_120,1,ICBHI,Meditron,0.9979007265703336,3
ICBHI_120_1b1_AR_000,ICBHI_120_1b1_AR,ICBHI_120,1,ICBHI,Meditron,0.9984021545059828,3
ICBHI_120_1b1_AR_001,ICBHI_120_1b1_AR,ICBHI_120,1,ICBHI,Meditron,0.9978594107418892,3
ICBHI_120_1b1_AR_002,ICBHI_120_1b1_AR,ICBHI_120,1,ICBHI,Meditron,0.9970073347546454,3
ICBHI_120_1b1_AR_003,ICBHI_120_1b1_AR,ICBHI_120,1,ICBHI,Meditron,0.9973887523965091,3
ICBHI_120_1b1_AR_004,ICBHI_120_1b1_AR,ICBHI_120,1,ICBHI,Meditron,0.9971104189822264,3
ICBHI_120_1b1_AR_005,ICBHI_120_1b1_AR,ICBHI_120,1,ICBHI,Meditron,0.9969839337826156,3
ICBHI_120_1b1_AR_006,ICBHI_120_1b1_AR,ICBHI_120,1,ICBHI,Meditron,0.9970073347546454,3
ICBHI_120_1b1_AR_007,ICBHI_120_1b1_AR,ICBHI_120,1,ICBHI,Meditron,0.9974391291574908,3
ICBHI_120_1b1_AR_008,ICBHI_120_1b1_AR,ICBHI_120,1,ICBHI,Meditron,0.9976858736703106,3
ICBHI_120_1b1_AR_009,ICBHI_120_1b1_AR,ICBHI_120,1,ICBHI,Meditron,0.997429131960124,3
ICBHI_120_1b1_AR_010,ICBHI_120_1b1_AR,ICBHI_120,1,ICBHI,Meditron,0.9977743291458848,3
ICBHI_120_1b1_AR_011,ICBHI_120_1b1_AR,ICBHI_120,1,ICBHI,Meditron,0.9980657388967296,3
ICBHI_120_1b1_AR_012,ICBHI_120_1b1_AR,ICBHI_120,1,ICBHI,Meditron,0.9977038409935028,3
ICBHI_120_1b1_AR_013,ICBHI_120_1b1_AR,ICBHI_120,1,ICBHI,Meditron,0.9981178140899236,3
ICBHI_120_1b1_AR_014,ICBHI_120_1b1_AR,ICBHI_120,1,ICBHI,Meditron,0.9982038508450995,3
ICBHI_120_1b1_AR_015,ICBHI_120_1b1_AR,ICBHI_120,1,ICBHI,Meditron,0.9979170292169542,3
ICBHI_120_1b1_AR_016,ICBHI_120_1b1_AR,ICBHI_120,1,ICBHI,Meditron,0.9980353385604862,3
ICBHI_120_1b1_AR_017,ICBHI_120_1b1_AR,ICBHI_120,1,ICBHI,Meditron,0.9981897889737974,3
ICBHI_120_1b1_AR_018,ICBHI_120_1b1_AR,ICBHI_120,1,ICBHI,Meditron,0.9986435982025386,3
ICBHI_120_1b1_AR_019,ICBHI_120_1b1_AR,ICBHI_120,1,ICBHI,Meditron,0.9978087593636036,3
ICBHI_120_1b1_AR_020,ICBHI_120_1b1_AR,ICBHI_120,1,ICBHI,Meditron,0.9970764570957288,3
ICBHI_120_1b1_AR_021,ICBHI_120_1b1_AR,ICBHI_120,1,ICBHI,Meditron,0.9985335415969152,3
ICBHI_120_1b1_AR_022,ICBHI_120_1b1_AR,ICBHI_120,1,ICBHI,Meditron,0.9991639097030574,3
ICBHI_120_1b1_AR_023,ICBHI_120_1b1_AR,ICBHI_120,1,ICBHI,Meditron,0.9992735124786836,3
ICBHI_120_1b1_AR_024,ICBHI_120_1b1_AR,ICBHI_120,1,ICBHI,Meditron,0.9993833702652382,3
ICBHI_120_1b1_LR_000,ICBHI_120_1b1_LR,ICBHI_120,1,ICBHI,Meditron,0.9939024378074248,3
ICBHI_120_1b1_LR_001,ICBHI_120_1b1_LR,ICBHI_120,1,ICBHI,Meditron,0.9963923831967464,3
ICBHI_120_1b1_LR_002,ICBHI_120_1b1_LR,ICBHI_120,1,ICBHI,Meditron,0.9931760452132232,3
ICBHI_120_1b1_LR_003,ICBHI_120_1b1_LR,ICBHI_120,1,ICBHI,Meditron,0.9973269939672114,3
ICBHI_120_1b1_LR_004,ICBHI_120_1b1_LR,ICBHI_120,1,ICBHI,Meditron,0.9973989062062492,3
ICBHI_120_1b1_LR_005,ICBHI_120_1b1_LR,ICBHI_120,1,ICBHI,Meditron,0.9964481154509656,3
ICBHI_120_1b1_LR_006,ICBHI_120_1b1_LR,ICBHI_120,1,ICBHI,Meditron,0.9975845167424336,3
ICBHI_120_1b1_LR_007,ICBHI_120_1b1_LR,ICBHI_120,1,ICBHI,Meditron,0.9986060497733246,3
ICBHI_120_1b1_LR_008,ICBHI_120_1b1_LR,ICBHI_120,1,ICBHI,Meditron,0.9974190958364102,3
ICBHI_120_1b1_LR_009,ICBHI_120_1b1_LR,ICBHI_120,1,ICBHI,Meditron,0.99751772329237,3
ICBHI_120_1b1_LR_010,ICBHI_120_1b1_LR,ICBHI_120,1,ICBHI,Meditron,0.9985562441028796,3
ICBHI_120_1b1_LR_011,ICBHI_120_1b1_LR,ICBHI_120,1,ICBHI,Meditron,0.9989012689270752,3
ICBHI_120_1b1_LR_012,ICBHI_120_1b1_LR,ICBHI_120,1,ICBHI,Meditron,0.9962637794165884,3
ICBHI_120_1b1_LR_013,ICBHI_120_1b1_LR,ICBHI_120,1,ICBHI,Meditron,0.990216123982345,3
ICBHI_120_1b1_LR_014,ICBHI_120_1b1_LR,ICBHI_120,1,ICBHI,Meditron,0.9891396689867225,3
ICBHI_120_1b1_LR_015,ICBHI_120_1b1_LR,ICBHI_120,1,ICBHI,Meditron,0.9965165758069192,3
ICBHI_120_1b1_LR_016,ICBHI_120_1b1_LR,ICBHI_120,1,ICBHI,Meditron,0.9984451866509576,3
ICBHI_120_1b1_LR_017,ICBHI_120_1b1_LR,ICBHI_120,1,ICBHI,Meditron,0.9967396538967972,3
ICBHI_120_1b1_LR_018,ICBHI_120_1b1_LR,ICBHI_120,1,ICBHI,Meditron,0.9970073347546454,3
ICBHI_120_1b1_LR_019,ICBHI_120_1b1_LR,ICBHI_120,1,ICBHI,Meditron,0.9981613347123114,3
ICBHI_120_1b1_LR_020,ICBHI_120_1b1_LR,ICBHI_120,1,ICBHI,Meditron,0.9968641641227172,3
ICBHI_120_1b1_LR_021,ICBHI_120_1b1_LR,ICBHI_120,1,ICBHI,Meditron,0.998364324670761,3
ICBHI_120_1b1_LR_022,ICBHI_120_1b1_LR,ICBHI_120,1,ICBHI,Meditron,0.9985730403667225,3
ICBHI_120_1b1_LR_023,ICBHI_120_1b1_LR,ICBHI_120,1,ICBHI,Meditron,0.9967013487421672,3
ICBHI_120_1b1_LR_024,ICBHI_120_1b1_LR,ICBHI_120,1,ICBHI,Meditron,0.9935117304033434,3
ICBHI_120_1b1_LR_025,ICBHI_120_1b1_LR,ICBHI_120,1,ICBHI,Meditron,0.992334125311354,3
ICBHI_120_1b1_LR_026,ICBHI_120_1b1_LR,ICBHI_120,1,ICBHI,Meditron,0.994880323761938,3
ICBHI_120_1b1_LR_027,ICBHI_120_1b1_LR,ICBHI_120,1,ICBHI,Meditron,0.9986593795769002,3
ICBHI_120_1b1_LR_028,ICBHI_120_1b1_LR,ICBHI_120,1,ICBHI,Meditron,0.9978426581115474,3
ICBHI_120_1b1_LR_029,ICBHI_120_1b1_LR,ICBHI_120,1,ICBHI,Meditron,0.9981827168835504,3
ICBHI_120_1b1_LR_030,ICBHI_120_1b1_LR,ICBHI_120,1,ICBHI,Meditron,0.9972955706305906,3
ICBHI_120_1b1_LR_031,ICBHI_120_1b1_LR,ICBHI_120,1,ICBHI,Meditron,0.9981324340221068,3
ICBHI_120_1b1_LR_032,ICBHI_120_1b1_LR,ICBHI_120,1,ICBHI,Meditron,0.985772953896821,3
ICBHI_120_1b1_PL_000,ICBHI_120_1b1_PL,ICBHI_120,1,ICBHI,Meditron,0.998364324670761,3
ICBHI_120_1b1_PL_001,ICBHI_120_1b1_PL,ICBHI_120,1,ICBHI,Meditron,0.9986903943451748,3
ICBHI_120_1b1_PL_002,ICBHI_120_1b1_PL,ICBHI_120,1,ICBHI,Meditron,0.9968273171575148,3
ICBHI_120_1b1_PL_003,ICBHI_120_1b1_PL,ICBHI_120,1,ICBHI,Meditron,0.994202598745566,3
ICBHI_120_1b1_PL_004,ICBHI_120_1b1_PL,ICBHI_120,1,ICBHI,Meditron,0.9971104189822264,3
ICBHI_120_1b1_PL_005,ICBHI_120_1b1_PL,ICBHI_120,1,ICBHI,Meditron,0.998265792016491,3
ICBHI_120_1b1_PL_006,ICBHI_120_1b1_PL,ICBHI_120,1,ICBHI,Meditron,0.9966625950548096,3
ICBHI_120_1b1_PL_007,ICBHI_120_1b1_PL,ICBHI_120,1,ICBHI,Meditron,0.9971881413397368,3
ICBHI_120_1b1_PL_008,ICBHI_120_1b1_PL,ICBHI_120,1,ICBHI,Meditron,0.9980882306397698,3
ICBHI_120_1b1_PL_009,ICBHI_120_1b1_PL,ICBHI_120,1,ICBHI,Meditron,0.9935368622818452,3
ICBHI_120_1b1_PL_010,ICBHI_120_1b1_PL,ICBHI_120,1,ICBHI,Meditron,0.9972099623456692,3
ICBHI_120_1b1_PL_011,ICBHI_120_1b1_PL,ICBHI_120,1,ICBHI,Meditron,0.9985730403667225,3
ICBHI_120_1b1_PL_012,ICBHI_120_1b1_PL,ICBHI_120,1,ICBHI,Meditron,0.9812389160218716,3
ICBHI_120_1b1_PL_013,ICBHI_120_1b1_PL,ICBHI_120,1,ICBHI,Meditron,0.9673486215396556,3
ICBHI_120_1b1_PL_014,ICBHI_120_1b1_PL,ICBHI_120,1,ICBHI,Meditron,0.9927391335017144,3
ICBHI_120_1b1_PL_015,ICBHI_120_1b1_PL,ICBHI_120,1,ICBHI,Meditron,0.979706514428458,3
ICBHI_120_1b1_PL_016,ICBHI_120_1b1_PL,ICBHI_120,1,ICBHI,Meditron,0.9947798743064415,3
ICBHI_120_1b1_PL_017,ICBHI_120_1b1_PL,ICBHI_120,1,ICBHI,Meditron,0.9952632510442234,3
ICBHI_120_1b1_PL_018,ICBHI_120_1b1_PL,ICBHI_120,1,ICBHI,Meditron,0.994269753485008,3
ICBHI_120_1b1_PL_019,ICBHI_120_1b1_PL,ICBHI_120,1,ICBHI,Meditron,0.9986006016411856,3
ICBHI_120_1b1_PL_020,ICBHI_120_1b1_PL,ICBHI_120,1,ICBHI,Meditron,0.9976311257447728,3
ICBHI_120_1b1_PL_021,ICBHI_120_1b1_PL,ICBHI_120,1,ICBHI,Meditron,0.994488065789193,3
ICBHI_120_1b1_PL_022,ICBHI_120_1b1_PL,ICBHI_120,1,ICBHI,Meditron,0.9962199045112876,3
ICBHI_120_1b1_PL_023,ICBHI_120_1b1_PL,ICBHI_120,1,ICBHI,Meditron,0.9976586593489524,3
ICBHI_120_1b1_PL_024,ICBHI_120_1b1_PL,ICBHI_120,1,ICBHI,Meditron,0.9957187454592984,3
ICBHI_120_1b1_PR_000,ICBHI_120_1b1_PR,ICBHI_120,1,ICBHI,Meditron,0.9852713861502774,3
ICBHI_120_1b1_PR_001,ICBHI_120_1b1_PR,ICBHI_120,1,ICBHI,Meditron,0.988357775835334,3
ICBHI_120_1b1_PR_002,ICBHI_120_1b1_PR,ICBHI_120,1,ICBHI,Meditron,0.9921232932834126,3
ICBHI_120_1b1_PR_003,ICBHI_120_1b1_PR,ICBHI_120,1,ICBHI,Meditron,0.997556113374818,3
ICBHI_120_1b1_PR_004,ICBHI_120_1b1_PR,ICBHI_120,1,ICBHI,Meditron,0.997748152720497,3
ICBHI_120_1b1_PR_005,ICBHI_120_1b1_PR,ICBHI_120,1,ICBHI,Meditron,0.9971661501557534,3
ICBHI_120_1b1_PR_006,ICBHI_120_1b1_PR,ICBHI_120,1,ICBHI,Meditron,0.9981827168835504,3
ICBHI_120_1b1_PR_007,ICBHI_120_1b1_PR,ICBHI_120,1,ICBHI,Meditron,0.9978677383140172,3
ICBHI_120_1b1_PR_008,ICBHI_120_1b1_PR,ICBHI_120,1,ICBHI,Meditron,0.9980044613844664,3
ICBHI_120_1b1_PR_009,ICBHI_120_1b1_PR,ICBHI_120,1,ICBHI,Meditron,0.9986382966250248,3
ICBHI_120_1b1_PR_010,ICBHI_120_1b1_PR,ICBHI_120,1,ICBHI,Meditron,0.99635001296879,3
ICBHI_120_1b1_PR_011,ICBHI_120_1b1_PR,ICBHI_120,1,ICBHI,Meditron,0.9959139973057952,3
ICBHI_120_1b1_PR_012,ICBHI_120_1b1_PR,ICBHI_120,1,ICBHI,Meditron,0.9893062422638244,3
ICBHI_120_1b1_PR_013,ICBHI_120_1b1_PR,ICBHI_120,1,ICBHI,Meditron,0.9891396689867225,3
ICBHI_120_1b1_PR_014,ICBHI_120_1b1_PR,ICBHI_120,1,ICBHI,Meditron,0.9929335990367508,3
ICBHI_120_1b1_PR_015,ICBHI_120_1b1_PR,ICBHI_120,1,ICBHI,Meditron,0.9962199045112876,3
ICBHI_120_1b1_PR_016,ICBHI_120_1b1_PR,ICBHI_120,1,ICBHI,Meditron,0.997649517139974,3
ICBHI_120_1b1_PR_017,ICBHI_120_1b1_PR,ICBHI_120,1,ICBHI,Meditron,0.9972744173407714,3
ICBHI_120_1b1_PR_018,ICBHI_120_1b1_PR,ICBHI_120,1,ICBHI,Meditron,0.9981397014271044,3
ICBHI_120_1b1_PR_019,ICBHI_120_1b1_PR,ICBHI_120,1,ICBHI,Meditron,0.9982108408384048,3
ICBHI_120_1b1_PR_020,ICBHI_120_1b1_PR,ICBHI_120,1,ICBHI,Meditron,0.99811046134216,3
ICBHI_120_1b1_PR_021,ICBHI_120_1b1_PR,ICBHI_120,1,ICBHI,Meditron,0.9968641641227172,3
ICBHI_120_1b1_PR_022,ICBHI_120_1b1_PR,ICBHI_120,1,ICBHI,Meditron,0.996205165779956,3
ICBHI_120_1b1_PR_023,ICBHI_120_1b1_PR,ICBHI_120,1,ICBHI,Meditron,0.9975369929444886,3
ICBHI_120_1b1_PR_024,ICBHI_120_1b1_PR,ICBHI_120,1,ICBHI,Meditron,0.9964481154509656,3
ICBHI_123_1b1_AL_000,ICBHI_123_1b1_AL,ICBHI_123,0,ICBHI,Meditron,8.463938372775066e-06,3
ICBHI_123_1b1_AL_001,ICBHI_123_1b1_AL,ICBHI_123,0,ICBHI,Meditron,2.090458599497824e-06,3
ICBHI_123_1b1_AL_002,ICBHI_123_1b1_AL,ICBHI_123,0,ICBHI,Meditron,1.983336706028361e-05,3
ICBHI_123_1b1_AL_003,ICBHI_123_1b1_AL,ICBHI_123,0,ICBHI,Meditron,1.9525885208642217e-05,3
ICBHI_123_1b1_AL_004,ICBHI_123_1b1_AL,ICBHI_123,0,ICBHI,Meditron,7.889262586245034e-06,3
ICBHI_123_1b1_AL_005,ICBHI_123_1b1_AL,ICBHI_123,0,ICBHI,Meditron,1.6797313639714995e-06,3
ICBHI_123_1b1_AL_006,ICBHI_123_1b1_AL,ICBHI_123,0,ICBHI,Meditron,1.0677028700441467e-06,3
ICBHI_132_2b1_LR_000,ICBHI_132_2b1_LR,ICBHI_132,1,ICBHI,LittC2SE,0.998364324670761,3
ICBHI_132_2b1_LR_001,ICBHI_132_2b1_LR,ICBHI_132,1,ICBHI,LittC2SE,0.9982178036776336,3
ICBHI_132_2b1_LR_002,ICBHI_132_2b1_LR,ICBHI_132,1,ICBHI,LittC2SE,0.9976218762818836,3
ICBHI_132_2b1_LR_003,ICBHI_132_2b1_LR,ICBHI_132,1,ICBHI,LittC2SE,0.998345075755876,3
ICBHI_132_2b1_LR_004,ICBHI_132_2b1_LR,ICBHI_132,1,ICBHI,LittC2SE,0.998539250425049,3
ICBHI_132_2b1_LR_005,ICBHI_132_2b1_LR,ICBHI_132,1,ICBHI,LittC2SE,0.9978002019563084,3
ICBHI_132_2b1_LR_006,ICBHI_132_2b1_LR,ICBHI_132,1,ICBHI,LittC2SE,0.9976677660824128,3
ICBHI_132_2b2_LR_000,ICBHI_132_2b2_LR,ICBHI_132,1,ICBHI,LittC2SE,0.998798108681489,3
ICBHI_132_2b2_LR_001,ICBHI_132_2b2_LR,ICBHI_132,1,ICBHI,LittC2SE,0.99894331617583,3
ICBHI_132_2b2_LR_002,ICBHI_132_2b2_LR,ICBHI_132,1,ICBHI,LittC2SE,0.998715691879866,3
ICBHI_132_2b2_LR_003,ICBHI_132_2b2_LR,ICBHI_132,1,ICBHI,LittC2SE,0.998265792016491,3
ICBHI_132_2b2_LR_004,ICBHI_132_2b2_LR,ICBHI_132,1,ICBHI,LittC2SE,0.998224739467894,3
ICBHI_132_2b2_LR_005,ICBHI_132_2b2_LR,ICBHI_132,1,ICBHI,LittC2SE,0.9976586593489524,3
ICBHI_132_2b2_LR_006,ICBHI_132_2b2_LR,ICBHI_132,1,ICBHI,LittC2SE,0.9975750857332448,3
ICBHI_141_1b1_PR_000,ICBHI_141_1b1_PR,ICBHI_141,1,ICBHI,LittC2SE,0.998319058298613,3
ICBHI_141_1b1_PR_001,ICBHI_141_1b1_PR,ICBHI_141,1,ICBHI,LittC2SE,0.9966233876182606,3
ICBHI_141_1b1_PR_002,ICBHI_141_1b1_PR,ICBHI_141,1,ICBHI,LittC2SE,0.9982178036776336,3
ICBHI_141_1b1_PR_003,ICBHI_141_1b1_PR,ICBHI_141,1,ICBHI,LittC2SE,0.9987454055200282,3
ICBHI_141_1b1_PR_004,ICBHI_141_1b1_PR,ICBHI_141,1,ICBHI,LittC2SE,0.99832560069629,3
ICBHI_141_1b1_PR_005,ICBHI_141_1b1_PR,ICBHI_141,1,ICBHI,LittC2SE,0.9967523235008112,3
ICBHI_141_1b1_PR_006,ICBHI_141_1b1_PR,ICBHI_141,1,ICBHI,LittC2SE,0.9977038409935028,3
ICBHI_141_1b2_AR_000,ICBHI_141_1b2_AR,ICBHI_141,1,ICBHI,LittC2SE,0.9966625950548096,3
ICBHI_141_1b2_AR_001,ICBHI_141_1b2_AR,ICBHI_141,1,ICBHI,LittC2SE,0.99635001296879,3
ICBHI_141_1b2_AR_002,ICBHI_141_1b2_AR,ICBHI_141,1,ICBHI,LittC2SE,0.9938787187092716,3
ICBHI_141_1b2_AR_003,ICBHI_141_1b2_AR,ICBHI_141,1,ICBHI,LittC2SE,0.9975273768433652,3
ICBHI_141_1b2_AR_004,ICBHI_141_1b2_AR,ICBHI_141,1,ICBHI,LittC2SE,0.9971550903350206,3
ICBHI_141_1b2_AR_005,ICBHI_141_1b2_AR,ICBHI_141,1,ICBHI,LittC2SE,0.9961903698015272,3
ICBHI_141_1b2_AR_006,ICBHI_141_1b2_AR,ICBHI_141,1,ICBHI,LittC2SE,0.9979088937475938,3
ICBHI_141_1b2_LR_000,ICBHI_141_1b2_LR,ICBHI_141,1,ICBHI,LittC2SE,0.999241640035366,3
ICBHI_141_1b2_LR_001,ICBHI_141_1b2_LR,ICBHI_141,1,ICBHI,LittC2SE,0.9996970265921912,3
ICBHI_141_1b2_LR_002,ICBHI_141_1b2_LR,ICBHI_141,1,ICBHI,LittC2SE,0.9996229714333048,3
ICBHI_141_1b2_LR_003,ICBHI_141_1b2_LR,ICBHI_141,1,ICBHI,LittC2SE,0.9990526910317415,3
ICBHI_141_1b2_LR_004,ICBHI_141_1b2_LR,ICBHI_141,1,ICBHI,LittC2SE,0.999241640035366,3
ICBHI_141_1b2_LR_005,ICBHI_141_1b2_LR,ICBHI_141,1,ICBHI,LittC2SE,0.9988752425768442,3
ICBHI_141_1b2_LR_006,ICBHI_141_1b2_LR,ICBHI_141,1,ICBHI,LittC2SE,0.99889266101491,3
ICBHI_141_1b2_PR_000,ICBHI_141_1b2_PR,ICBHI_141,1,ICBHI,LittC2SE,0.9972850145309948,3
ICBHI_141_1b2_PR_001,ICBHI_141_1b2_PR,ICBHI_141,1,ICBHI,LittC2SE,0.9987405013606404,3
ICBHI_141_1b2_PR_002,ICBHI_141_1b2_PR,ICBHI_141,1,ICBHI,LittC2SE,0.9986488791671222,3
ICBHI_141_1b2_PR_003,ICBHI_141_1b2_PR,ICBHI_141,1,ICBHI,LittC2SE,0.9984451866509576,3
ICBHI_141_1b2_PR_004,ICBHI_141_1b2_PR,ICBHI_141,1,ICBHI,LittC2SE,0.9969839337826156,3
ICBHI_141_1b2_PR_005,ICBHI_141_1b2_PR,ICBHI_141,1,ICBHI,LittC2SE,0.9971328414066062,3
ICBHI_141_1b2_PR_006,ICBHI_141_1b2_PR,ICBHI_141,1,ICBHI,LittC2SE,0.9979332055218498,3
ICBHI_141_1b2_TC_000,ICBHI_141_1b2_TC,ICBHI_141,1,ICBHI,LittC2SE,0.9977916112039098,3
ICBHI_141_1b2_TC_001,ICBHI_141_1b2_TC,ICBHI_141,1,ICBHI,LittC2SE,0.999409289574828,3
ICBHI_141_1b2_TC_002,ICBHI_141_1b2_TC,ICBHI_141,1,ICBHI,LittC2SE,0.9993280721932551,3
ICBHI_141_1b2_TC_003,ICBHI_141_1b2_TC,ICBHI_141,1,ICBHI,LittC2SE,0.9989916564583438,3
ICBHI_141_1b2_TC_004,ICBHI_141_1b2_TC,ICBHI_141,1,ICBHI,LittC2SE,0.9993809583387016,3
ICBHI_141_1b2_TC_005,ICBHI_141_1b2_TC,ICBHI_141,1,ICBHI,LittC2SE,0.9994138838254832,3
ICBHI_141_1b2_TC_006,ICBHI_141_1b2_TC,ICBHI_141,1,ICBHI,LittC2SE,0.9995777671302332,3
ICBHI_141_1b3_AL_000,ICBHI_141_1b3_AL,ICBHI_141,1,ICBHI,LittC2SE,0.9983386093266648,3
ICBHI_141_1b3_AL_001,ICBHI_141_1b3_AL,ICBHI_141,1,ICBHI,LittC2SE,0.9985618646789076,3
ICBHI_141_1b3_AL_002,ICBHI_141_1b3_AL,ICBHI_141,1,ICBHI,LittC2SE,0.9979966667138236,3
ICBHI_141_1b3_AL_003,ICBHI_141_1b3_AL,ICBHI_141,1,ICBHI,LittC2SE,0.9983058968441496,3
ICBHI_141_1b3_AL_004,ICBHI_141_1b3_AL,ICBHI_141,1,ICBHI,LittC2SE,0.9982178036776336,3
ICBHI_141_1b3_AL_005,ICBHI_141_1b3_AL,ICBHI_141,1,ICBHI,LittC2SE,0.9980429830598052,3
ICBHI_141_1b3_AL_006,ICBHI_141_1b3_AL,ICBHI_141,1,ICBHI,LittC2SE,0.998285961520812,3
ICBHI_141_1b3_AR_000,ICBHI_141_1b3_AR,ICBHI_141,1,ICBHI,LittC2SE,0.9970878217168856,3
ICBHI_141_1b3_AR_001,ICBHI_141_1b3_AR,ICBHI_141,1,ICBHI,LittC2SE,0.99843301120745,3
ICBHI_141_1b3_AR_002,ICBHI_141_1b3_AR,ICBHI_141,1,ICBHI,LittC2SE,0.9987648321797216,3
ICBHI_141_1b3_AR_003,ICBHI_141_1b3_AR,ICBHI_141,1,ICBHI,LittC2SE,0.9988259177753532,3
ICBHI_141_1b3_AR_004,ICBHI_141_1b3_AR,ICBHI_141,1,ICBHI,LittC2SE,0.9979888416581738,3
ICBHI_141_1b3_AR_005,ICBHI_141_1b3_AR,ICBHI_141,1,ICBHI,LittC2SE,0.9982725413732704,3
ICBHI_141_1b3_AR_006,ICBHI_141_1b3_AR,ICBHI_141,1,ICBHI,LittC2SE,0.9980276642592362,3
ICBHI_141_1b3_PR_000,ICBHI_141_1b3_PR,ICBHI_141,1,ICBHI,LittC2SE,0.998238530319926,3
ICBHI_141_1b3_PR_001,ICBHI_141_1b3_PR,ICBHI_141,1,ICBHI,LittC2SE,0.9967013487421672,3
ICBHI_141_1b3_PR_002,ICBHI_141_1b3_PR,ICBHI_141,1,ICBHI,LittC2SE,0.9983058968441496,3
ICBHI_141_1b3_PR_003,ICBHI_141_1b3_PR,ICBHI_141,1,ICBHI,LittC2SE,0.9982038508450995,3
ICBHI_141_1b3_PR_004,ICBHI_141_1b3_PR,ICBHI_141,1,ICBHI,LittC2SE,0.9974391291574908,3
ICBHI_141_1b3_PR_005,ICBHI_141_1b3_PR,ICBHI_141,1,ICBHI,LittC2SE,0.9988440991928482,3
ICBHI_141_1b3_PR_006,ICBHI_141_1b3_PR,ICBHI_141,1,ICBHI,LittC2SE,0.9988440991928482,3
ICBHI_142_1b1_PL_000,ICBHI_142_1b1_PL,ICBHI_142,1,ICBHI,LittC2SE,0.999103060676328,3
ICBHI_142_1b1_PL_001,ICBHI_142_1b1_PL,ICBHI_142,1,ICBHI,LittC2SE,0.9982522142273162,3
ICBHI_142_1b1_PL_002,ICBHI_142_1b1_PL,ICBHI_142,1,ICBHI,LittC2SE,0.99843301120745,3
ICBHI_142_1b1_PL_003,ICBHI_142_1b1_PL,ICBHI_142,1,ICBHI,LittC2SE,0.999167166595505,3
ICBHI_142_1b1_PL_004,ICBHI_142_1b1_PL,ICBHI_142,1,ICBHI,LittC2SE,0.9991203937935236,3
ICBHI_142_1b1_PL_005,ICBHI_142_1b1_PL,ICBHI_142,1,ICBHI,LittC2SE,0.9990377874404024,3
ICBHI_142_1b1_PL_006,ICBHI_142_1b1_PL,ICBHI_142,1,ICBHI,LittC2SE,0.999338482577126,3
ICBHI_179_1b1_AL_000,ICBHI_179_1b1_AL,ICBHI_179,0,ICBHI,Meditron,0.0015731121653489,3
ICBHI_179_1b1_AL_001,ICBHI_179_1b1_AL,ICBHI_179,0,ICBHI,Meditron,0.0327131247746999,3
ICBHI_179_1b1_AL_002,ICBHI_179_1b1_AL,ICBHI_179,0,ICBHI,Meditron,0.0339079580048276,3
ICBHI_179_1b1_AL_003,ICBHI_179_1b1_AL,ICBHI_179,0,ICBHI,Meditron,0.0077255343974234,3
ICBHI_179_1b1_AL_004,ICBHI_179_1b1_AL,ICBHI_179,0,ICBHI,Meditron,0.0008199321062135,3
ICBHI_179_1b1_AL_005,ICBHI_179_1b1_AL,ICBHI_179,0,ICBHI,Meditron,0.0013302015099117,3
ICBHI_179_1b1_AL_006,ICBHI_179_1b1_AL,ICBHI_179,0,ICBHI,Meditron,0.0005033355754528,3
ICBHI_179_1b1_TC_000,ICBHI_179_1b1_TC,ICBHI_179,0,ICBHI,Meditron,0.4760924635678562,3
ICBHI_179_1b1_TC_001,ICBHI_179_1b1_TC,ICBHI_179,0,ICBHI,Meditron,0.6731916730260219,3
ICBHI_179_1b1_TC_002,ICBHI_179_1b1_TC,ICBHI_179,0,ICBHI,Meditron,0.5837373641748315,3
ICBHI_179_1b1_TC_003,ICBHI_179_1b1_TC,ICBHI_179,0,ICBHI,Meditron,0.3757064664320079,3
ICBHI_179_1b1_TC_004,ICBHI_179_1b1_TC,ICBHI_179,0,ICBHI,Meditron,0.3329607624032542,3
ICBHI_179_1b1_TC_005,ICBHI_179_1b1_TC,ICBHI_179,0,ICBHI,Meditron,0.3711366289627291,3
ICBHI_179_1b1_TC_006,ICBHI_179_1b1_TC,ICBHI_179,0,ICBHI,Meditron,0.8187367931713698,3
ICBHI_182_1b1_TC_000,ICBHI_182_1b1_TC,ICBHI_182,0,ICBHI,Meditron,0.0543993180446583,3
ICBHI_182_1b1_TC_001,ICBHI_182_1b1_TC,ICBHI_182,0,ICBHI,Meditron,0.0281674728572783,3
ICBHI_182_1b1_TC_002,ICBHI_182_1b1_TC,ICBHI_182,0,ICBHI,Meditron,0.3624048863852082,3
ICBHI_182_1b1_TC_003,ICBHI_182_1b1_TC,ICBHI_182,0,ICBHI,Meditron,0.8358858292978949,3
ICBHI_182_1b1_TC_004,ICBHI_182_1b1_TC,ICBHI_182,0,ICBHI,Meditron,0.3993430562286849,3
ICBHI_182_1b1_TC_005,ICBHI_182_1b1_TC,ICBHI_182,0,ICBHI,Meditron,0.0462919011038403,3
ICBHI_182_1b1_TC_006,ICBHI_182_1b1_TC,ICBHI_182,0,ICBHI,Meditron,0.0345536239672044,3
ICBHI_189_1b2_LR_000,ICBHI_189_1b2_LR,ICBHI_189,1,ICBHI,LittC2SE,0.9993201571055714,3
ICBHI_189_1b2_LR_001,ICBHI_189_1b2_LR,ICBHI_189,1,ICBHI,LittC2SE,0.9995522991531196,3
ICBHI_189_1b2_LR_002,ICBHI_189_1b2_LR,ICBHI_189,1,ICBHI,LittC2SE,0.9996259043952698,3
ICBHI_189_1b2_LR_003,ICBHI_189_1b2_LR,ICBHI_189,1,ICBHI,LittC2SE,0.9994786636933496,3
ICBHI_189_1b2_LR_004,ICBHI_189_1b2_LR,ICBHI_189,1,ICBHI,LittC2SE,0.9993332976907564,3
ICBHI_189_1b2_LR_005,ICBHI_189_1b2_LR,ICBHI_189,1,ICBHI,LittC2SE,0.9990600561193372,3
ICBHI_189_1b2_LR_006,ICBHI_189_1b2_LR,ICBHI_189,1,ICBHI,LittC2SE,0.9993537967092804,3
ICBHI_199_2b1_LL_000,ICBHI_199_2b1_LL,ICBHI_199,1,ICBHI,LittC2SE,0.9738443816461771,3
ICBHI_199_2b1_LL_001,ICBHI_199_2b1_LL,ICBHI_199,1,ICBHI,LittC2SE,0.9791157841059936,3
ICBHI_199_2b1_LL_002,ICBHI_199_2b1_LL,ICBHI_199,1,ICBHI,LittC2SE,0.9903663476405536,3
ICBHI_199_2b1_LL_003,ICBHI_199_2b1_LL,ICBHI_199,1,ICBHI,LittC2SE,0.969785412932606,3
ICBHI_199_2b1_LL_004,ICBHI_199_2b1_LL,ICBHI_199,1,ICBHI,LittC2SE,0.3338288976499604,3
ICBHI_199_2b1_LL_005,ICBHI_199_2b1_LL,ICBHI_199,1,ICBHI,LittC2SE,0.2043418999368458,3
ICBHI_199_2b1_LL_006,ICBHI_199_2b1_LL,ICBHI_199,1,ICBHI,LittC2SE,0.0787840167568373,3
ICBHI_199_2b3_LL_000,ICBHI_199_2b3_LL,ICBHI_199,1,ICBHI,LittC2SE,0.2272977749935966,3
ICBHI_199_2b3_LL_001,ICBHI_199_2b3_LL,ICBHI_199,1,ICBHI,LittC2SE,0.7521946477470195,3
ICBHI_199_2b3_LL_002,ICBHI_199_2b3_LL,ICBHI_199,1,ICBHI,LittC2SE,0.8234704036870838,3
ICBHI_199_2b3_LL_003,ICBHI_199_2b3_LL,ICBHI_199,1,ICBHI,LittC2SE,0.6510221370914505,3
ICBHI_199_2b3_LL_004,ICBHI_199_2b3_LL,ICBHI_199,1,ICBHI,LittC2SE,0.2220246807679208,3
ICBHI_199_2b3_LL_005,ICBHI_199_2b3_LL,ICBHI_199,1,ICBHI,LittC2SE,0.676406184653912,3
ICBHI_199_2b3_LL_006,ICBHI_199_2b3_LL,ICBHI_199,1,ICBHI,LittC2SE,0.9800148480052566,3
ICBHI_202_1b1_AR_000,ICBHI_202_1b1_AR,ICBHI_202,0,ICBHI,Meditron,0.8200374981453415,3
ICBHI_202_1b1_AR_001,ICBHI_202_1b1_AR,ICBHI_202,0,ICBHI,Meditron,0.7554566279168844,3
ICBHI_202_1b1_AR_002,ICBHI_202_1b1_AR,ICBHI_202,0,ICBHI,Meditron,0.3376401902406976,3
ICBHI_202_1b1_AR_003,ICBHI_202_1b1_AR,ICBHI_202,0,ICBHI,Meditron,0.185356627815024,3
ICBHI_202_1b1_AR_004,ICBHI_202_1b1_AR,ICBHI_202,0,ICBHI,Meditron,0.0435281397164353,3
ICBHI_202_1b1_AR_005,ICBHI_202_1b1_AR,ICBHI_202,0,ICBHI,Meditron,0.0333998219333155,3
ICBHI_213_1p2_AL_000,ICBHI_213_1p2_AL,ICBHI_213,1,ICBHI,AKGC417L,0.992334125311354,3
ICBHI_213_1p2_AL_001,ICBHI_213_1p2_AL,ICBHI_213,1,ICBHI,AKGC417L,0.991875291221819,3
ICBHI_213_1p2_AL_002,ICBHI_213_1p2_AL,ICBHI_213,1,ICBHI,AKGC417L,0.9929609544025984,3
ICBHI_213_1p2_AL_003,ICBHI_213_1p2_AL,ICBHI_213,1,ICBHI,AKGC417L,0.991619546648974,3
ICBHI_213_1p2_AL_004,ICBHI_213_1p2_AL,ICBHI_213,1,ICBHI,AKGC417L,0.9925969859111274,3
ICBHI_213_1p2_AL_005,ICBHI_213_1p2_AL,ICBHI_213,1,ICBHI,AKGC417L,0.9909096166863416,3
ICBHI_213_1p2_AL_006,ICBHI_213_1p2_AL,ICBHI_213,1,ICBHI,AKGC417L,0.9957353653078126,3
ICBHI_213_1p2_AR_000,ICBHI_213_1p2_AR,ICBHI_213,1,ICBHI,AKGC417L,0.9928231180543432,3
ICBHI_213_1p2_AR_001,ICBHI_213_1p2_AR,ICBHI_213,1,ICBHI,AKGC417L,0.991619546648974,3
ICBHI_213_1p2_AR_002,ICBHI_213_1p2_AR,ICBHI_213,1,ICBHI,AKGC417L,0.9939964042034284,3
ICBHI_213_1p2_AR_003,ICBHI_213_1p2_AR,ICBHI_213,1,ICBHI,AKGC417L,0.9932024684496268,3
ICBHI_213_1p2_AR_004,ICBHI_213_1p2_AR,ICBHI_213,1,ICBHI,AKGC417L,0.9843363512883316,3
ICBHI_213_1p2_AR_005,ICBHI_213_1p2_AR,ICBHI_213,1,ICBHI,AKGC417L,0.9863105223037256,3
ICBHI_213_1p2_AR_006,ICBHI_213_1p2_AR,ICBHI_213,1,ICBHI,AKGC417L,0.994998327750071,3
ICBHI_213_1p2_LR_000,ICBHI_213_1p2_LR,ICBHI_213,1,ICBHI,AKGC417L,0.992767236196521,3
ICBHI_213_1p2_LR_001,ICBHI_213_1p2_LR,ICBHI_213,1,ICBHI,AKGC417L,0.994759550379741,3
ICBHI_213_1p2_LR_002,ICBHI_213_1p2_LR,ICBHI_213,1,ICBHI,AKGC417L,0.9931228923417692,3
ICBHI_213_1p2_LR_003,ICBHI_213_1p2_LR,ICBHI_213,1,ICBHI,AKGC417L,0.9896718474806948,3
ICBHI_213_1p2_LR_004,ICBHI_213_1p2_LR,ICBHI_213,1,ICBHI,AKGC417L,0.992710922416408,3
ICBHI_213_1p2_LR_005,ICBHI_213_1p2_LR,ICBHI_213,1,ICBHI,AKGC417L,0.994698105130598,3
ICBHI_213_1p2_LR_006,ICBHI_213_1p2_LR,ICBHI_213,1,ICBHI,AKGC417L,0.9937587407701782,3
ICBHI_213_1p2_PL_000,ICBHI_213_1p2_PL,ICBHI_213,1,ICBHI,AKGC417L,0.9989637331117536,3
ICBHI_213_1p2_PL_001,ICBHI_213_1p2_PL,ICBHI_213,1,ICBHI,AKGC417L,0.9987355780553608,3
ICBHI_213_1p2_PL_002,ICBHI_213_1p2_PL,ICBHI_213,1,ICBHI,AKGC417L,0.9985841293318868,3
ICBHI_213_1p2_PL_003,ICBHI_213_1p2_PL,ICBHI_213,1,ICBHI,AKGC417L,0.9982108408384048,3
ICBHI_213_1p2_PL_004,ICBHI_213_1p2_PL,ICBHI_213,1,ICBHI,AKGC417L,0.9984391107821522,3
ICBHI_213_1p2_PL_005,ICBHI_213_1p2_PL,ICBHI_213,1,ICBHI,AKGC417L,0.9976218762818836,3
ICBHI_213_1p2_PL_006,ICBHI_213_1p2_PL,ICBHI_213,1,ICBHI,AKGC417L,0.9966365075048124,3
ICBHI_213_1p2_PR_000,ICBHI_213_1p2_PR,ICBHI_213,1,ICBHI,AKGC417L,0.9957519209132611,3
ICBHI_213_1p2_PR_001,ICBHI_213_1p2_PR,ICBHI_213,1,ICBHI,AKGC417L,0.9954438862855456,3
ICBHI_213_1p2_PR_002,ICBHI_213_1p2_PR,ICBHI_213,1,ICBHI,AKGC417L,0.9976403393179368,3
ICBHI_213_1p2_PR_003,ICBHI_213_1p2_PR,ICBHI_213,1,ICBHI,AKGC417L,0.9961903698015272,3
ICBHI_213_1p2_PR_004,ICBHI_213_1p2_PR,ICBHI_213,1,ICBHI,AKGC417L,0.9980956697286526,3
ICBHI_213_1p2_PR_005,ICBHI_213_1p2_PR,ICBHI_213,1,ICBHI,AKGC417L,0.9920620058985926,3
ICBHI_213_1p2_PR_006,ICBHI_213_1p2_PR,ICBHI_213,1,ICBHI,AKGC417L,0.9897513980768414,3
ICBHI_213_1p2_TC_000,ICBHI_213_1p2_TC,ICBHI_213,1,ICBHI,AKGC417L,0.9800912115412156,3
ICBHI_213_1p2_TC_001,ICBHI_213_1p2_TC,ICBHI_213,1,ICBHI,AKGC417L,0.9843363512883316,3
ICBHI_213_1p2_TC_002,ICBHI_213_1p2_TC,ICBHI_213,1,ICBHI,AKGC417L,0.9783846672373524,3
ICBHI_213_1p2_TC_003,ICBHI_213_1p2_TC,ICBHI_213,1,ICBHI,AKGC417L,0.9741903779656884,3
ICBHI_213_1p2_TC_004,ICBHI_213_1p2_TC,ICBHI_213,1,ICBHI,AKGC417L,0.9823555365894354,3
ICBHI_213_1p2_TC_005,ICBHI_213_1p2_TC,ICBHI_213,1,ICBHI,AKGC417L,0.9812748375316978,3
ICBHI_213_1p2_TC_006,ICBHI_213_1p2_TC,ICBHI_213,1,ICBHI,AKGC417L,0.991875291221819,3
ICBHI_213_1p3_AL_000,ICBHI_213_1p3_AL,ICBHI_213,1,ICBHI,AKGC417L,0.9966625950548096,3
ICBHI_213_1p3_AL_001,ICBHI_213_1p3_AL,ICBHI_213,1,ICBHI,AKGC417L,0.9969246301499518,3
ICBHI_213_1p3_AL_002,ICBHI_213_1p3_AL,ICBHI_213,1,ICBHI,AKGC417L,0.997429131960124,3
ICBHI_213_1p3_AL_003,ICBHI_213_1p3_AL,ICBHI_213,1,ICBHI,AKGC417L,0.996764944030931,3
ICBHI_213_1p3_AL_004,ICBHI_213_1p3_AL,ICBHI_213,1,ICBHI,AKGC417L,0.9975656179914948,3
ICBHI_213_1p3_AL_005,ICBHI_213_1p3_AL,ICBHI_213,1,ICBHI,AKGC417L,0.9956005868372636,3
ICBHI_213_1p3_AL_006,ICBHI_213_1p3_AL,ICBHI_213,1,ICBHI,AKGC417L,0.9950563109218776,3
ICBHI_213_1p3_AR_000,ICBHI_213_1p3_AR,ICBHI_213,1,ICBHI,AKGC417L,0.997603269129871,3
ICBHI_213_1p3_AR_001,ICBHI_213_1p3_AR,ICBHI_213,1,ICBHI,AKGC417L,0.997556113374818,3
ICBHI_213_1p3_AR_002,ICBHI_213_1p3_AR,ICBHI_213,1,ICBHI,AKGC417L,0.989510908740062,3
ICBHI_213_1p3_AR_003,ICBHI_213_1p3_AR,ICBHI_213,1,ICBHI,AKGC417L,0.9894702878753826,3
ICBHI_213_1p3_AR_004,ICBHI_213_1p3_AR,ICBHI_213,1,ICBHI,AKGC417L,0.992767236196521,3
ICBHI_213_1p3_AR_005,ICBHI_213_1p3_AR,ICBHI_213,1,ICBHI,AKGC417L,0.9961903698015272,3
ICBHI_213_1p3_AR_006,ICBHI_213_1p3_AR,ICBHI_213,1,ICBHI,AKGC417L,0.9976768374773688,3
ICBHI_213_1p3_PL_000,ICBHI_213_1p3_PL,ICBHI_213,1,ICBHI,AKGC417L,0.9951702782541956,3
ICBHI_213_1p3_PL_001,ICBHI_213_1p3_PL,ICBHI_213,1,ICBHI,AKGC417L,0.996764944030931,3
ICBHI_213_1p3_PL_002,ICBHI_213_1p3_PL,ICBHI_213,1,ICBHI,AKGC417L,0.9964893508862251,3
ICBHI_213_1p3_PL_003,ICBHI_213_1p3_PL,ICBHI_213,1,ICBHI,AKGC417L,0.99584991916378,3
ICBHI_213_1p3_PL_004,ICBHI_213_1p3_PL,ICBHI_213,1,ICBHI,AKGC417L,0.9960699144254948,3
ICBHI_213_1p3_PL_005,ICBHI_213_1p3_PL,ICBHI_213,1,ICBHI,AKGC417L,0.9949788500523676,3
ICBHI_213_1p3_PL_006,ICBHI_213_1p3_PL,ICBHI_213,1,ICBHI,AKGC417L,0.995354442450284,3
ICBHI_213_1p3_PR_000,ICBHI_213_1p3_PR,ICBHI_213,1,ICBHI,AKGC417L,0.9971216519652336,3
ICBHI_213_1p3_PR_001,ICBHI_213_1p3_PR,ICBHI_213,1,ICBHI,AKGC417L,0.997263778900852,3
ICBHI_213_1p3_PR_002,ICBHI_213_1p3_PR,ICBHI_213,1,ICBHI,AKGC417L,0.9973785590538324,3
ICBHI_213_1p3_PR_003,ICBHI_213_1p3_PR,ICBHI_213,1,ICBHI,AKGC417L,0.9962199045112876,3
ICBHI_213_1p3_PR_004,ICBHI_213_1p3_PR,ICBHI_213,1,ICBHI,AKGC417L,0.997694874797206,3
ICBHI_213_1p3_PR_005,ICBHI_213_1p3_PR,ICBHI_213,1,ICBHI,AKGC417L,0.9973477402942144,3
ICBHI_213_1p3_PR_006,ICBHI_213_1p3_PR,ICBHI_213,1,ICBHI,AKGC417L,0.9964893508862251,3
ICBHI_213_1p5_AL_000,ICBHI_213_1p5_AL,ICBHI_213,1,ICBHI,AKGC417L,0.997603269129871,3
ICBHI_213_1p5_AL_001,ICBHI_213_1p5_AL,ICBHI_213,1,ICBHI,AKGC417L,0.9968884914601416,3
ICBHI_213_1p5_AL_002,ICBHI_213_1p5_AL,ICBHI_213,1,ICBHI,AKGC417L,0.9967013487421672,3
ICBHI_213_1p5_AL_003,ICBHI_213_1p5_AL,ICBHI_213,1,ICBHI,AKGC417L,0.9966233876182606,3
ICBHI_213_1p5_AL_004,ICBHI_213_1p5_AL,ICBHI_213,1,ICBHI,AKGC417L,0.9973683260251156,3
ICBHI_213_1p5_AL_005,ICBHI_213_1p5_AL,ICBHI_213,1,ICBHI,AKGC417L,0.9968641641227172,3
ICBHI_213_1p5_AL_006,ICBHI_213_1p5_AL,ICBHI_213,1,ICBHI,AKGC417L,0.996054593193398,3
ICBHI_213_1p5_AR_000,ICBHI_213_1p5_AR,ICBHI_213,1,ICBHI,AKGC417L,0.9957353653078126,3
ICBHI_213_1p5_AR_001,ICBHI_213_1p5_AR,ICBHI_213,1,ICBHI,AKGC417L,0.9957684125218388,3
ICBHI_213_1p5_AR_002,ICBHI_213_1p5_AR,ICBHI_213,1,ICBHI,AKGC417L,0.9980353385604862,3
ICBHI_213_1p5_AR_003,ICBHI_213_1p5_AR,ICBHI_213,1,ICBHI,AKGC417L,0.9977569121487108,3
ICBHI_213_1p5_AR_004,ICBHI_213_1p5_AR,ICBHI_213,1,ICBHI,AKGC417L,0.991554373058874,3
ICBHI_213_1p5_AR_005,ICBHI_213_1p5_AR,ICBHI_213,1,ICBHI,AKGC417L,0.9865717452580314,3
ICBHI_213_1p5_AR_006,ICBHI_213_1p5_AR,ICBHI_213,1,ICBHI,AKGC417L,0.9918120900983038,3
ICBHI_213_1p5_PL_000,ICBHI_213_1p5_PL,ICBHI_213,1,ICBHI,AKGC417L,0.9977569121487108,3
ICBHI_213_1p5_PL_001,ICBHI_213_1p5_PL,ICBHI_213,1,ICBHI,AKGC417L,0.9980882306397698,3
ICBHI_213_1p5_PL_002,ICBHI_213_1p5_PL,ICBHI_213,1,ICBHI,AKGC417L,0.9981030799255212,3
ICBHI_213_1p5_PL_003,ICBHI_213_1p5_PL,ICBHI_213,1,ICBHI,AKGC417L,0.997459007373421,3
ICBHI_213_1p5_PL_004,ICBHI_213_1p5_PL,ICBHI_213,1,ICBHI,AKGC417L,0.9965969946412504,3
ICBHI_213_1p5_PL_005,ICBHI_213_1p5_PL,ICBHI_213,1,ICBHI,AKGC417L,0.995094594294278,3
ICBHI_213_1p5_PL_006,ICBHI_213_1p5_PL,ICBHI_213,1,ICBHI,AKGC417L,0.9954438862855456,3
ICBHI_213_1p5_PR_000,ICBHI_213_1p5_PR,ICBHI_213,1,ICBHI,AKGC417L,0.9896318433492118,3
ICBHI_213_1p5_PR_001,ICBHI_213_1p5_PR,ICBHI_213,1,ICBHI,AKGC417L,0.9930153500828656,3
ICBHI_213_1p5_PR_002,ICBHI_213_1p5_PR,ICBHI_213,1,ICBHI,AKGC417L,0.9927391335017144,3
ICBHI_213_1p5_PR_003,ICBHI_213_1p5_PR,ICBHI_213,1,ICBHI,AKGC417L,0.9891815513471368,3
ICBHI_213_1p5_PR_004,ICBHI_213_1p5_PR,ICBHI_213,1,ICBHI,AKGC417L,0.9900635812940538,3
ICBHI_213_1p5_PR_005,ICBHI_213_1p5_PR,ICBHI_213,1,ICBHI,AKGC417L,0.9682614081007772,3
ICBHI_213_1p5_PR_006,ICBHI_213_1p5_PR,ICBHI_213,1,ICBHI,AKGC417L,0.9882675360436518,3
ICBHI_213_1p5_TC_000,ICBHI_213_1p5_TC,ICBHI_213,1,ICBHI,AKGC417L,0.9976403393179368,3
ICBHI_213_1p5_TC_001,ICBHI_213_1p5_TC,ICBHI_213,1,ICBHI,AKGC417L,0.99635001296879,3
ICBHI_213_1p5_TC_002,ICBHI_213_1p5_TC,ICBHI_213,1,ICBHI,AKGC417L,0.9973477402942144,3
ICBHI_213_1p5_TC_003,ICBHI_213_1p5_TC,ICBHI_213,1,ICBHI,AKGC417L,0.997765637580055,3
ICBHI_213_1p5_TC_004,ICBHI_213_1p5_TC,ICBHI_213,1,ICBHI,AKGC417L,0.9968519294453704,3
ICBHI_213_1p5_TC_005,ICBHI_213_1p5_TC,ICBHI_213,1,ICBHI,AKGC417L,0.994998327750071,3
ICBHI_213_1p5_TC_006,ICBHI_213_1p5_TC,ICBHI_213,1,ICBHI,AKGC417L,0.9942919660808864,3
ICBHI_213_2p2_AL_000,ICBHI_213_2p2_AL,ICBHI_213,1,ICBHI,AKGC417L,0.9930423911926236,3
ICBHI_213_2p2_AL_001,ICBHI_213_2p2_AL,ICBHI_213,1,ICBHI,AKGC417L,0.9929335990367508,3
ICBHI_213_2p2_AL_002,ICBHI_213_2p2_AL,ICBHI_213,1,ICBHI,AKGC417L,0.9834704434423458,3
ICBHI_213_2p2_AL_003,ICBHI_213_2p2_AL,ICBHI_213,1,ICBHI,AKGC417L,0.9820137900379085,3
ICBHI_213_2p2_AL_004,ICBHI_213_2p2_AL,ICBHI_213,1,ICBHI,AKGC417L,0.982889110788156,3
ICBHI_213_2p2_AL_005,ICBHI_213_2p2_AL,ICBHI_213,1,ICBHI,AKGC417L,0.9873750507184356,3
ICBHI_213_2p2_AL_006,ICBHI_213_2p2_AL,ICBHI_213,1,ICBHI,AKGC417L,0.978631112244824,3
ICBHI_213_2p2_AR_000,ICBHI_213_2p2_AR,ICBHI_213,1,ICBHI,AKGC417L,0.9933588873579224,3
ICBHI_213_2p2_AR_001,ICBHI_213_2p2_AR,ICBHI_213,1,ICBHI,AKGC417L,0.9939024378074248,3
ICBHI_213_2p2_AR_002,ICBHI_213_2p2_AR,ICBHI_213,1,ICBHI,AKGC417L,0.9916519461902168,3
ICBHI_213_2p2_AR_003,ICBHI_213_2p2_AR,ICBHI_213,1,ICBHI,AKGC417L,0.9938310050773188,3
ICBHI_213_2p2_AR_004,ICBHI_213_2p2_AR,ICBHI_213,1,ICBHI,AKGC417L,0.993149519973355,3
ICBHI_213_2p2_AR_005,ICBHI_213_2p2_AR,ICBHI_213,1,ICBHI,AKGC417L,0.9956853120436374,3
ICBHI_213_2p2_AR_006,ICBHI_213_2p2_AR,ICBHI_213,1,ICBHI,AKGC417L,0.9934102283369194,3
ICBHI_213_2p2_PL_000,ICBHI_213_2p2_PL,ICBHI_213,1,ICBHI,AKGC417L,0.9948001198233036,3
ICBHI_213_2p2_PL_001,ICBHI_213_2p2_PL,ICBHI_213,1,ICBHI,AKGC417L,0.9948001198233036,3
ICBHI_213_2p2_PL_002,ICBHI_213_2p2_PL,ICBHI_213,1,ICBHI,AKGC417L,0.9951890169673988,3
ICBHI_213_2p2_PL_003,ICBHI_213_2p2_PL,ICBHI_213,1,ICBHI,AKGC417L,0.9953181774756662,3
ICBHI_213_2p2_PL_004,ICBHI_213_2p2_PL,ICBHI_213,1,ICBHI,AKGC417L,0.9950563109218776,3
ICBHI_213_2p2_PL_005,ICBHI_213_2p2_PL,ICBHI_213,1,ICBHI,AKGC417L,0.9966233876182606,3
ICBHI_213_2p2_PL_006,ICBHI_213_2p2_PL,ICBHI_213,1,ICBHI,AKGC417L,0.9965029897474263,3
ICBHI_213_2p2_PR_000,ICBHI_213_2p2_PR,ICBHI_213,1,ICBHI,AKGC417L,0.9965837211562298,3
ICBHI_213_2p2_PR_001,ICBHI_213_2p2_PR,ICBHI_213,1,ICBHI,AKGC417L,0.9969365831511966,3
ICBHI_213_2p2_PR_002,ICBHI_213_2p2_PR,ICBHI_213,1,ICBHI,AKGC417L,0.9967523235008112,3
ICBHI_213_2p2_PR_003,ICBHI_213_2p2_PR,ICBHI_213,1,ICBHI,AKGC417L,0.9971771671022386,3
ICBHI_213_2p2_PR_004,ICBHI_213_2p2_PR,ICBHI_213,1,ICBHI,AKGC417L,0.9965837211562298,3
ICBHI_213_2p2_PR_005,ICBHI_213_2p2_PR,ICBHI_213,1,ICBHI,AKGC417L,0.9969126306542908,3
ICBHI_213_2p2_PR_006,ICBHI_213_2p2_PR,ICBHI_213,1,ICBHI,AKGC417L,0.997649517139974,3
ICBHI_213_2p2_TC_000,ICBHI_213_2p2_TC,ICBHI_213,1,ICBHI,AKGC417L,0.9840936082881852,3
ICBHI_213_2p2_TC_001,ICBHI_213_2p2_TC,ICBHI_213,1,ICBHI,AKGC417L,0.976355659124078,3
ICBHI_213_2p2_TC_002,ICBHI_213_2p2_TC,ICBHI_213,1,ICBHI,AKGC417L,0.978834381794042,3
ICBHI_213_2p2_TC_003,ICBHI_213_2p2_TC,ICBHI_213,1,ICBHI,AKGC417L,0.9845754479181588,3
ICBHI_213_2p2_TC_004,ICBHI_213_2p2_TC,ICBHI_213,1,ICBHI,AKGC417L,0.9843363512883316,3
ICBHI_213_2p2_TC_005,ICBHI_213_2p2_TC,ICBHI_213,1,ICBHI,AKGC417L,0.9886243997611625,3
ICBHI_213_2p2_TC_006,ICBHI_213_2p2_TC,ICBHI_213,1,ICBHI,AKGC417L,0.9914556693065582,3
ICBHI_221_2b1_AL_000,ICBHI_221_2b1_AL,ICBHI_221,1,ICBHI,LittC2SE,0.9972744173407714,3
ICBHI_221_2b1_AL_001,ICBHI_221_2b1_AL,ICBHI_221,1,ICBHI,LittC2SE,0.992481281938568,3
ICBHI_221_2b1_AL_002,ICBHI_221_2b1_AL,ICBHI_221,1,ICBHI,LittC2SE,0.9943580914999768,3
ICBHI_221_2b1_AL_003,ICBHI_221_2b1_AL,ICBHI_221,1,ICBHI,LittC2SE,0.9982038508450995,3
ICBHI_221_2b1_AL_004,ICBHI_221_2b1_AL,ICBHI_221,1,ICBHI,LittC2SE,0.9972955706305906,3
ICBHI_221_2b1_AL_005,ICBHI_221_2b1_AL,ICBHI_221,1,ICBHI,LittC2SE,0.996234586215326,3
ICBHI_221_2b1_AL_006,ICBHI_221_2b1_AL,ICBHI_221,1,ICBHI,LittC2SE,0.9961903698015272,3
ICBHI_221_2b1_AR_000,ICBHI_221_2b1_AR,ICBHI_221,1,ICBHI,LittC2SE,0.9982926325142392,3
ICBHI_221_2b1_AR_001,ICBHI_221_2b1_AR,ICBHI_221,1,ICBHI,LittC2SE,0.9970535950245228,3
ICBHI_221_2b1_AR_002,ICBHI_221_2b1_AR,ICBHI_221,1,ICBHI,LittC2SE,0.9966884809397304,3
ICBHI_221_2b1_AR_003,ICBHI_221_2b1_AR,ICBHI_221,1,ICBHI,LittC2SE,0.9977743291458848,3
ICBHI_221_2b1_AR_004,ICBHI_221_2b1_AR,ICBHI_221,1,ICBHI,LittC2SE,0.9977743291458848,3
ICBHI_221_2b1_AR_005,ICBHI_221_2b1_AR,ICBHI_221,1,ICBHI,LittC2SE,0.998175617214723,3
ICBHI_221_2b1_AR_006,ICBHI_221_2b1_AR,ICBHI_221,1,ICBHI,LittC2SE,0.9983124903809688,3
ICBHI_221_2b1_LR_000,ICBHI_221_2b1_LR,ICBHI_221,1,ICBHI,LittC2SE,0.998715691879866,3
ICBHI_221_2b1_LR_001,ICBHI_221_2b1_LR,ICBHI_221,1,ICBHI,LittC2SE,0.9984632729386814,3
ICBHI_221_2b1_LR_002,ICBHI_221_2b1_LR,ICBHI_221,1,ICBHI,LittC2SE,0.9989266936870904,3
ICBHI_221_2b1_LR_003,ICBHI_221_2b1_LR,ICBHI_221,1,ICBHI,LittC2SE,0.9987792047532856,3
ICBHI_221_2b1_LR_004,ICBHI_221_2b1_LR,ICBHI_221,1,ICBHI,LittC2SE,0.9983386093266648,3
ICBHI_221_2b1_LR_005,ICBHI_221_2b1_LR,ICBHI_221,1,ICBHI,LittC2SE,0.9988752425768442,3
ICBHI_221_2b1_LR_006,ICBHI_221_2b1_LR,ICBHI_221,1,ICBHI,LittC2SE,0.9986329743543436,3
ICBHI_221_2b1_PL_000,ICBHI_221_2b1_PL,ICBHI_221,1,ICBHI,LittC2SE,0.9984145693241788,3
ICBHI_221_2b1_PL_001,ICBHI_221_2b1_PL,ICBHI_221,1,ICBHI,LittC2SE,0.998238530319926,3
ICBHI_221_2b1_PL_002,ICBHI_221_2b1_PL,ICBHI_221,1,ICBHI,LittC2SE,0.998080762546659,3
ICBHI_221_2b1_PL_003,ICBHI_221_2b1_PL,ICBHI_221,1,ICBHI,LittC2SE,0.9986168825762602,3
ICBHI_221_2b1_PL_004,ICBHI_221_2b1_PL,ICBHI_221,1,ICBHI,LittC2SE,0.998522057019784,3
ICBHI_221_2b1_PL_005,ICBHI_221_2b1_PL,ICBHI_221,1,ICBHI,LittC2SE,0.9978172835546548,3
ICBHI_221_2b1_PL_006,ICBHI_221_2b1_PL,ICBHI_221,1,ICBHI,LittC2SE,0.997603269129871,3
ICBHI_221_2b2_AL_000,ICBHI_221_2b2_AL,ICBHI_221,1,ICBHI,LittC2SE,0.9959927110540886,3
ICBHI_221_2b2_AL_001,ICBHI_221_2b2_AL,ICBHI_221,1,ICBHI,LittC2SE,0.9969126306542908,3
ICBHI_221_2b2_AL_002,ICBHI_221_2b2_AL,ICBHI_221,1,ICBHI,LittC2SE,0.9952999394649492,3
ICBHI_221_2b2_AL_003,ICBHI_221_2b2_AL,ICBHI_221,1,ICBHI,LittC2SE,0.9926541734255228,3
ICBHI_221_2b2_AL_004,ICBHI_221_2b2_AL,ICBHI_221,1,ICBHI,LittC2SE,0.9952816307449724,3
ICBHI_221_2b2_AL_005,ICBHI_221_2b2_AL,ICBHI_221,1,ICBHI,LittC2SE,0.9957020611205928,3
ICBHI_221_2b2_AL_006,ICBHI_221_2b2_AL,ICBHI_221,1,ICBHI,LittC2SE,0.9921537607074792,3
ICBHI_221_2b2_AR_000,ICBHI_221_2b2_AR,ICBHI_221,1,ICBHI,LittC2SE,0.9970073347546454,3
ICBHI_221_2b2_AR_001,ICBHI_221_2b2_AR,ICBHI_221,1,ICBHI,LittC2SE,0.9973989062062492,3
ICBHI_221_2b2_AR_002,ICBHI_221_2b2_AR,ICBHI_221,1,ICBHI,LittC2SE,0.9977743291458848,3
ICBHI_221_2b2_AR_003,ICBHI_221_2b2_AR,ICBHI_221,1,ICBHI,LittC2SE,0.9971881413397368,3
ICBHI_221_2b2_AR_004,ICBHI_221_2b2_AR,ICBHI_221,1,ICBHI,LittC2SE,0.997603269129871,3
ICBHI_221_2b2_AR_005,ICBHI_221_2b2_AR,ICBHI_221,1,ICBHI,LittC2SE,0.9975939111608828,3
ICBHI_221_2b2_AR_006,ICBHI_221_2b2_AR,ICBHI_221,1,ICBHI,LittC2SE,0.996234586215326,3
ICBHI_221_2b2_LR_000,ICBHI_221_2b2_LR,ICBHI_221,1,ICBHI,LittC2SE,0.998935037327944,3
ICBHI_221_2b2_LR_001,ICBHI_221_2b2_LR,ICBHI_221,1,ICBHI,LittC2SE,0.9987056319645456,3
ICBHI_221_2b2_LR_002,ICBHI_221_2b2_LR,ICBHI_221,1,ICBHI,LittC2SE,0.9980276642592362,3
ICBHI_221_2b2_LR_003,ICBHI_221_2b2_LR,ICBHI_221,1,ICBHI,LittC2SE,0.9980429830598052,3
ICBHI_221_2b2_LR_004,ICBHI_221_2b2_LR,ICBHI_221,1,ICBHI,LittC2SE,0.9988530841674524,3
ICBHI_221_2b2_LR_005,ICBHI_221_2b2_LR,ICBHI_221,1,ICBHI,LittC2SE,0.998481149158622,3
ICBHI_221_2b2_LR_006,ICBHI_221_2b2_LR,ICBHI_221,1,ICBHI,LittC2SE,0.998408374000318,3
ICBHI_221_2b2_PL_000,ICBHI_221_2b2_PL,ICBHI_221,1,ICBHI,LittC2SE,0.998285961520812,3
ICBHI_221_2b2_PL_001,ICBHI_221_2b2_PL,ICBHI_221,1,ICBHI,LittC2SE,0.998364324670761,3
ICBHI_221_2b2_PL_002,ICBHI_221_2b2_PL,ICBHI_221,1,ICBHI,LittC2SE,0.9975656179914948,3
ICBHI_221_2b2_PL_003,ICBHI_221_2b2_PL,ICBHI_221,1,ICBHI,LittC2SE,0.998231648313891,3
ICBHI_221_2b2_PL_004,ICBHI_221_2b2_PL,ICBHI_221,1,ICBHI,LittC2SE,0.9986060497733246,3
ICBHI_221_2b2_PL_005,ICBHI_221_2b2_PL,ICBHI_221,1,ICBHI,LittC2SE,0.9986222674109771,3
ICBHI_221_2b2_PL_006,ICBHI_221_2b2_PL,ICBHI_221,1,ICBHI,LittC2SE,0.9978172835546548,3
ICBHI_221_2b3_AL_000,ICBHI_221_2b3_AL,ICBHI_221,1,ICBHI,LittC2SE,0.9919380084717284,3
ICBHI_221_2b3_AL_001,ICBHI_221_2b3_AL,ICBHI_221,1,ICBHI,LittC2SE,0.9909797204985978,3
ICBHI_221_2b3_AL_002,ICBHI_221_2b3_AL,ICBHI_221,1,ICBHI,LittC2SE,0.9941573948247951,3
ICBHI_221_2b3_AL_003,ICBHI_221_2b3_AL,ICBHI_221,1,ICBHI,LittC2SE,0.99594566591324,3
ICBHI_221_2b3_AL_004,ICBHI_221_2b3_AL,ICBHI_221,1,ICBHI,LittC2SE,0.995784840378813,3
ICBHI_221_2b3_AL_005,ICBHI_221_2b3_AL,ICBHI_221,1,ICBHI,LittC2SE,0.9951136252099114,3
ICBHI_221_2b3_AL_006,ICBHI_221_2b3_AL,ICBHI_221,1,ICBHI,LittC2SE,0.9961306089915052,3
ICBHI_221_2b3_AR_000,ICBHI_221_2b3_AR,ICBHI_221,1,ICBHI,LittC2SE,0.9966884809397304,3
ICBHI_221_2b3_AR_001,ICBHI_221_2b3_AR,ICBHI_221,1,ICBHI,LittC2SE,0.9975845167424336,3
ICBHI_221_2b3_AR_002,ICBHI_221_2b3_AR,ICBHI_221,1,ICBHI,LittC2SE,0.9975273768433652,3
ICBHI_221_2b3_AR_003,ICBHI_221_2b3_AR,ICBHI_221,1,ICBHI,LittC2SE,0.9976858736703106,3
ICBHI_221_2b3_AR_004,ICBHI_221_2b3_AR,ICBHI_221,1,ICBHI,LittC2SE,0.9977216691335006,3
ICBHI_221_2b3_AR_005,ICBHI_221_2b3_AR,ICBHI_221,1,ICBHI,LittC2SE,0.9974190958364102,3
ICBHI_221_2b3_AR_006,ICBHI_221_2b3_AR,ICBHI_221,1,ICBHI,LittC2SE,0.9976311257447728,3
ICBHI_221_2b3_LR_000,ICBHI_221_2b3_LR,ICBHI_221,1,ICBHI,LittC2SE,0.998080762546659,3
ICBHI_221_2b3_LR_001,ICBHI_221_2b3_LR,ICBHI_221,1,ICBHI,LittC2SE,0.9985449370614672,3
ICBHI_221_2b3_LR_002,ICBHI_221_2b3_LR,ICBHI_221,1,ICBHI,LittC2SE,0.998516281097091,3
ICBHI_221_2b3_LR_003,ICBHI_221_2b3_LR,ICBHI_221,1,ICBHI,LittC2SE,0.9989757936215702,3
ICBHI_221_2b3_LR_004,ICBHI_221_2b3_LR,ICBHI_221,1,ICBHI,LittC2SE,0.998983755958932,3
ICBHI_221_2b3_LR_005,ICBHI_221_2b3_LR,ICBHI_221,1,ICBHI,LittC2SE,0.9991100345015296,3
ICBHI_221_2b3_LR_006,ICBHI_221_2b3_LR,ICBHI_221,1,ICBHI,LittC2SE,0.9987934102877536,3
ICBHI_221_2b3_PR_000,ICBHI_221_2b3_PR,ICBHI_221,1,ICBHI,LittC2SE,0.9980956697286526,3
ICBHI_221_2b3_PR_001,ICBHI_221_2b3_PR,ICBHI_221,1,ICBHI,LittC2SE,0.9979492564600826,3
ICBHI_221_2b3_PR_002,ICBHI_221_2b3_PR,ICBHI_221,1,ICBHI,LittC2SE,0.9980505978724696,3
ICBHI_221_2b3_PR_003,ICBHI_221_2b3_PR,ICBHI_221,1,ICBHI,LittC2SE,0.9981684898601648,3
ICBHI_221_2b3_PR_004,ICBHI_221_2b3_PR,ICBHI_221,1,ICBHI,LittC2SE,0.9982725413732704,3
ICBHI_221_2b3_PR_005,ICBHI_221_2b3_PR,ICBHI_221,1,ICBHI,LittC2SE,0.9988074507197912,3
ICBHI_221_2b3_PR_006,ICBHI_221_2b3_PR,ICBHI_221,1,ICBHI,LittC2SE,0.9988486004343228,3
ICBHI_102_1b1_AR_000,ICBHI_102_1b1_AR,ICBHI_102,0,ICBHI,Meditron,0.1173696502276581,4
ICBHI_102_1b1_AR_001,ICBHI_102_1b1_AR,ICBHI_102,0,ICBHI,Meditron,0.3830064735478521,4
ICBHI_102_1b1_AR_002,ICBHI_102_1b1_AR,ICBHI_102,0,ICBHI,Meditron,0.6295468846647942,4
ICBHI_102_1b1_AR_003,ICBHI_102_1b1_AR,ICBHI_102,0,ICBHI,Meditron,0.3416923242865713,4
ICBHI_102_1b1_AR_004,ICBHI_102_1b1_AR,ICBHI_102,0,ICBHI,Meditron,0.0300433694113227,4
ICBHI_102_1b1_AR_005,ICBHI_102_1b1_AR,ICBHI_102,0,ICBHI,Meditron,0.0755847906786736,4
ICBHI_102_1b1_AR_006,ICBHI_102_1b1_AR,ICBHI_102,0,ICBHI,Meditron,0.6127152822022391,4
ICBHI_126_1b1_AL_000,ICBHI_126_1b1_AL,ICBHI_126,0,ICBHI,Meditron,5.133655221619591e-06,4
ICBHI_126_1b1_AL_001,ICBHI_126_1b1_AL,ICBHI_126,0,ICBHI,Meditron,1.0407801195195137e-07,4
ICBHI_126_1b1_AL_002,ICBHI_126_1b1_AL,ICBHI_126,0,ICBHI,Meditron,1.884609169933469e-07,4
ICBHI_126_1b1_AL_003,ICBHI_126_1b1_AL,ICBHI_126,0,ICBHI,Meditron,4.765038878726645e-08,4
ICBHI_126_1b1_AL_004,ICBHI_126_1b1_AL,ICBHI_126,0,ICBHI,Meditron,2.5360186670104374e-07,4
ICBHI_126_1b1_AL_005,ICBHI_126_1b1_AL,ICBHI_126,0,ICBHI,Meditron,2.6577247116270285e-07,4
ICBHI_126_1b1_AL_006,ICBHI_126_1b1_AL,ICBHI_126,0,ICBHI,Meditron,4.888302773361011e-07,4
ICBHI_133_2p2_AL_000,ICBHI_133_2p2_AL,ICBHI_133,1,ICBHI,AKGC417L,0.9995083184477072,4
ICBHI_133_2p2_AL_001,ICBHI_133_2p2_AL,ICBHI_133,1,ICBHI,AKGC417L,0.999510234393594,4
ICBHI_133_2p2_AL_002,ICBHI_133_2p2_AL,ICBHI_133,1,ICBHI,AKGC417L,0.9990340250847796,4
ICBHI_133_2p2_AL_003,ICBHI_133_2p2_AL,ICBHI_133,1,ICBHI,AKGC417L,0.9988259177753532,4
ICBHI_133_2p2_AL_004,ICBHI_133_2p2_AL,ICBHI_133,1,ICBHI,AKGC417L,0.9994907342856147,4
ICBHI_133_2p2_AL_005,ICBHI_133_2p2_AL,ICBHI_133,1,ICBHI,AKGC417L,0.9994515207611326,4
ICBHI_133_2p2_AL_006,ICBHI_133_2p2_AL,ICBHI_133,1,ICBHI,AKGC417L,0.9996388230278576,4
ICBHI_133_2p2_AR_000,ICBHI_133_2p2_AR,ICBHI_133,1,ICBHI,AKGC417L,0.9997241320933664,4
ICBHI_133_2p2_AR_001,ICBHI_133_2p2_AR,ICBHI_133,1,ICBHI,AKGC417L,0.9997901169117968,4
ICBHI_133_2p2_AR_002,ICBHI_133_2p2_AR,ICBHI_133,1,ICBHI,AKGC417L,0.9998028305780378,4
ICBHI_133_2p2_AR_003,ICBHI_133_2p2_AR,ICBHI_133,1,ICBHI,AKGC417L,0.999773066142504,4
ICBHI_133_2p2_AR_004,ICBHI_133_2p2_AR,ICBHI_133,1,ICBHI,AKGC417L,0.9996993836411756,4
ICBHI_133_2p2_AR_005,ICBHI_133_2p2_AR,ICBHI_133,1,ICBHI,AKGC417L,0.9998147742567348,4
ICBHI_133_2p2_AR_006,ICBHI_133_2p2_AR,ICBHI_133,1,ICBHI,AKGC417L,0.9998162154299904,4
ICBHI_133_2p2_PL_000,ICBHI_133_2p2_PL,ICBHI_133,1,ICBHI,AKGC417L,0.999532651911922,4
ICBHI_133_2p2_PL_001,ICBHI_133_2p2_PL,ICBHI_133,1,ICBHI,AKGC417L,0.9995592370520848,4
ICBHI_133_2p2_PL_002,ICBHI_133_2p2_PL,ICBHI_133,1,ICBHI,AKGC417L,0.999585930471614,4
ICBHI_133_2p2_PL_003,ICBHI_133_2p2_PL,ICBHI_133,1,ICBHI,AKGC417L,0.9996646498695336,4
ICBHI_133_2p2_PL_004,ICBHI_133_2p2_PL,ICBHI_133,1,ICBHI,AKGC417L,0.9996606982095744,4
ICBHI_133_2p2_PL_005,ICBHI_133_2p2_PL,ICBHI_133,1,ICBHI,AKGC417L,0.999704042886487,4
ICBHI_133_2p2_PL_006,ICBHI_133_2p2_PL,ICBHI_133,1,ICBHI,AKGC417L,0.999627362312338,4
ICBHI_133_2p2_TC_000,ICBHI_133_2p2_TC,ICBHI_133,1,ICBHI,AKGC417L,0.9999762626603652,4
ICBHI_133_2p2_TC_001,ICBHI_133_2p2_TC,ICBHI_133,1,ICBHI,AKGC417L,0.9999792148295648,4
ICBHI_133_2p2_TC_002,ICBHI_133_2p2_TC,ICBHI_133,1,ICBHI,AKGC417L,0.999956341220406,4
ICBHI_133_2p2_TC_003,ICBHI_133_2p2_TC,ICBHI_133,1,ICBHI,AKGC417L,0.9999448107677008,4
ICBHI_133_2p2_TC_004,ICBHI_133_2p2_TC,ICBHI_133,1,ICBHI,AKGC417L,0.9999735191567124,4
ICBHI_133_2p2_TC_005,ICBHI_133_2p2_TC,ICBHI_133,1,ICBHI,AKGC417L,0.9999722483497768,4
ICBHI_133_2p2_TC_006,ICBHI_133_2p2_TC,ICBHI_133,1,ICBHI,AKGC417L,0.9999651918780388,4
ICBHI_133_2p3_AL_000,ICBHI_133_2p3_AL,ICBHI_133,1,ICBHI,AKGC417L,0.9987600038640844,4
ICBHI_133_2p3_AL_001,ICBHI_133_2p3_AL,ICBHI_133,1,ICBHI,AKGC417L,0.998265792016491,4
ICBHI_133_2p3_AL_002,ICBHI_133_2p3_AL,ICBHI_133,1,ICBHI,AKGC417L,0.99966202057481,4
ICBHI_133_2p3_AL_003,ICBHI_133_2p3_AL,ICBHI_133,1,ICBHI,AKGC417L,0.998935037327944,4
ICBHI_133_2p3_AL_004,ICBHI_133_2p3_AL,ICBHI_133,1,ICBHI,AKGC417L,0.999241640035366,4
ICBHI_133_2p3_AL_005,ICBHI_133_2p3_AL,ICBHI_133,1,ICBHI,AKGC417L,0.9992985917123008,4
ICBHI_133_2p3_AL_006,ICBHI_133_2p3_AL,ICBHI_133,1,ICBHI,AKGC417L,0.9993306900381932,4
ICBHI_133_2p3_AR_000,ICBHI_133_2p3_AR,ICBHI_133,1,ICBHI,AKGC417L,0.9995810515958958,4
ICBHI_133_2p3_AR_001,ICBHI_133_2p3_AR,ICBHI_133,1,ICBHI,AKGC417L,0.9994450590492856,4
ICBHI_133_2p3_AR_002,ICBHI_133_2p3_AR,ICBHI_133,1,ICBHI,AKGC417L,0.999631702073984,4
ICBHI_133_2p3_AR_003,ICBHI_133_2p3_AR,ICBHI_133,1,ICBHI,AKGC417L,0.9997621779493596,4
ICBHI_133_2p3_AR_004,ICBHI_133_2p3_AR,ICBHI_133,1,ICBHI,AKGC417L,0.9996593706722668,4
ICBHI_133_2p3_AR_005,ICBHI_133_2p3_AR,ICBHI_133,1,ICBHI,AKGC417L,0.9995083184477072,4
ICBHI_133_2p3_AR_006,ICBHI_133_2p3_AR,ICBHI_133,1,ICBHI,AKGC417L,0.9995083184477072,4
ICBHI_133_2p3_PL_000,ICBHI_133_2p3_PL,ICBHI_133,1,ICBHI,AKGC417L,0.9996094860399792,4
ICBHI_133_2p3_PL_001,ICBHI_133_2p3_PL,ICBHI_133,1,ICBHI,AKGC417L,0.9994252138224352,4
ICBHI_133_2p3_PL_002,ICBHI_133_2p3_PL,ICBHI_133,1,ICBHI,AKGC417L,0.999592347407684,4
ICBHI_133_2p3_PL_003,ICBHI_133_2p3_PL,ICBHI_133,1,ICBHI,AKGC417L,0.9996185288352376,4
ICBHI_133_2p3_PL_004,ICBHI_133_2p3_PL,ICBHI_133,1,ICBHI,AKGC417L,0.9995907525535066,4
ICBHI_133_2p3_PL_005,ICBHI_133_2p3_PL,ICBHI_133,1,ICBHI,AKGC417L,0.9996672587165932,4
ICBHI_133_2p3_PL_006,ICBHI_133_2p3_PL,ICBHI_133,1,ICBHI,AKGC417L,0.999680001755926,4
ICBHI_133_2p3_PR_000,ICBHI_133_2p3_PR,ICBHI_133,1,ICBHI,AKGC417L,0.9993588222788344,4
ICBHI_133_2p3_PR_001,ICBHI_133_2p3_PR,ICBHI_133,1,ICBHI,AKGC417L,0.9992678187383393,4
ICBHI_133_2p3_PR_002,ICBHI_133_2p3_PR,ICBHI_133,1,ICBHI,AKGC417L,0.9993687565431252,4
ICBHI_133_2p3_PR_003,ICBHI_133_2p3_PR,ICBHI_133,1,ICBHI,AKGC417L,0.999063717182244,4
ICBHI_133_2p3_PR_004,ICBHI_133_2p3_PR,ICBHI_133,1,ICBHI,AKGC417L,0.9991440993632548,4
ICBHI_133_2p3_PR_005,ICBHI_133_2p3_PR,ICBHI_133,1,ICBHI,AKGC417L,0.9992236700085756,4
ICBHI_133_2p3_PR_006,ICBHI_133_2p3_PR,ICBHI_133,1,ICBHI,AKGC417L,0.9992327075871412,4
ICBHI_133_2p3_TC_000,ICBHI_133_2p3_TC,ICBHI_133,1,ICBHI,AKGC417L,0.999827348451724,4
ICBHI_133_2p3_TC_001,ICBHI_133_2p3_TC,ICBHI_133,1,ICBHI,AKGC417L,0.9998936254158372,4
ICBHI_133_2p3_TC_002,ICBHI_133_2p3_TC,ICBHI_133,1,ICBHI,AKGC417L,0.9998162154299904,4
ICBHI_133_2p3_TC_003,ICBHI_133_2p3_TC,ICBHI_133,1,ICBHI,AKGC417L,0.9997949778514938,4
ICBHI_133_2p3_TC_004,ICBHI_133_2p3_TC,ICBHI_133,1,ICBHI,AKGC417L,0.9999184377532614,4
ICBHI_133_2p3_TC_005,ICBHI_133_2p3_TC,ICBHI_133,1,ICBHI,AKGC417L,0.9999296881573309,4
ICBHI_133_2p3_TC_006,ICBHI_133_2p3_TC,ICBHI_133,1,ICBHI,AKGC417L,0.9998756377487168,4
ICBHI_133_2p4_AL_000,ICBHI_133_2p4_AL,ICBHI_133,1,ICBHI,AKGC417L,0.9994600195519032,4
ICBHI_133_2p4_AL_001,ICBHI_133_2p4_AL,ICBHI_133,1,ICBHI,AKGC417L,0.9996079582107624,4
ICBHI_133_2p4_AL_002,ICBHI_133_2p4_AL,ICBHI_133,1,ICBHI,AKGC417L,0.9989012689270752,4
ICBHI_133_2p4_AL_003,ICBHI_133_2p4_AL,ICBHI_133,1,ICBHI,AKGC417L,0.9988440991928482,4
ICBHI_133_2p4_AL_004,ICBHI_133_2p4_AL,ICBHI_133,1,ICBHI,AKGC417L,0.9860442896017269,4
ICBHI_133_2p4_AL_005,ICBHI_133_2p4_AL,ICBHI_133,1,ICBHI,AKGC417L,0.9917163731139697,4
ICBHI_133_2p4_AL_006,ICBHI_133_2p4_AL,ICBHI_133,1,ICBHI,AKGC417L,0.9981613347123114,4
ICBHI_133_2p4_AR_000,ICBHI_133_2p4_AR,ICBHI_133,1,ICBHI,AKGC417L,0.999534473081248,4
ICBHI_133_2p4_AR_001,ICBHI_133_2p4_AR,ICBHI_133,1,ICBHI,AKGC417L,0.9995044640524364,4
ICBHI_133_2p4_AR_002,ICBHI_133_2p4_AR,ICBHI_133,1,ICBHI,AKGC417L,0.9992930943877576,4
ICBHI_133_2p4_AR_003,ICBHI_133_2p4_AR,ICBHI_133,1,ICBHI,AKGC417L,0.9993736658418904,4
ICBHI_133_2p4_AR_004,ICBHI_133_2p4_AR,ICBHI_133,1,ICBHI,AKGC417L,0.9993013243335144,4
ICBHI_133_2p4_AR_005,ICBHI_133_2p4_AR,ICBHI_133,1,ICBHI,AKGC417L,0.99943852125386,4
ICBHI_133_2p4_AR_006,ICBHI_133_2p4_AR,ICBHI_133,1,ICBHI,AKGC417L,0.9995875441098898,4
ICBHI_133_2p4_PL_000,ICBHI_133_2p4_PL,ICBHI_133,1,ICBHI,AKGC417L,0.9993857728001386,4
ICBHI_133_2p4_PL_001,ICBHI_133_2p4_PL,ICBHI_133,1,ICBHI,AKGC417L,0.999510234393594,4
ICBHI_133_2p4_PL_002,ICBHI_133_2p4_PL,ICBHI_133,1,ICBHI,AKGC417L,0.9997017223584448,4
ICBHI_133_2p4_PL_003,ICBHI_133_2p4_PL,ICBHI_133,1,ICBHI,AKGC417L,0.9997527065386754,4
ICBHI_133_2p4_PL_004,ICBHI_133_2p4_PL,ICBHI_133,1,ICBHI,AKGC417L,0.9996774927880132,4
ICBHI_133_2p4_PL_005,ICBHI_133_2p4_PL,ICBHI_133,1,ICBHI,AKGC417L,0.999593936049174,4
ICBHI_133_2p4_PL_006,ICBHI_133_2p4_PL,ICBHI_133,1,ICBHI,AKGC417L,0.9997153775984248,4
ICBHI_133_2p4_PR_000,ICBHI_133_2p4_PR,ICBHI_133,1,ICBHI,AKGC417L,0.9990818099034152,4
ICBHI_133_2p4_PR_001,ICBHI_133_2p4_PR,ICBHI_133,1,ICBHI,AKGC417L,0.9993013243335144,4
ICBHI_133_2p4_PR_002,ICBHI_133_2p4_PR,ICBHI_133,1,ICBHI,AKGC417L,0.9991306326071938,4
ICBHI_133_2p4_PR_003,ICBHI_133_2p4_PR,ICBHI_133,1,ICBHI,AKGC417L,0.998896973358602,4
ICBHI_133_2p4_PR_004,ICBHI_133_2p4_PR,ICBHI_133,1,ICBHI,AKGC417L,0.9987648321797216,4
ICBHI_133_2p4_PR_005,ICBHI_133_2p4_PR,ICBHI_133,1,ICBHI,AKGC417L,0.9988619993801952,4
ICBHI_133_2p4_PR_006,ICBHI_133_2p4_PR,ICBHI_133,1,ICBHI,AKGC417L,0.9990673639986946,4
ICBHI_133_2p4_TC_000,ICBHI_133_2p4_TC,ICBHI_133,1,ICBHI,AKGC417L,0.9999165037218174,4
ICBHI_133_2p4_TC_001,ICBHI_133_2p4_TC,ICBHI_133,1,ICBHI,AKGC417L,0.9999008472688408,4
ICBHI_133_2p4_TC_002,ICBHI_133_2p4_TC,ICBHI_133,1,ICBHI,AKGC417L,0.9999131778970014,4
ICBHI_133_2p4_TC_003,ICBHI_133_2p4_TC,ICBHI_133,1,ICBHI,AKGC417L,0.9999452402301956,4
ICBHI_133_2p4_TC_004,ICBHI_133_2p4_TC,ICBHI_133,1,ICBHI,AKGC417L,0.999923975205517,4
ICBHI_133_2p4_TC_005,ICBHI_133_2p4_TC,ICBHI_133,1,ICBHI,AKGC417L,0.9998415637808976,4
ICBHI_133_2p4_TC_006,ICBHI_133_2p4_TC,ICBHI_133,1,ICBHI,AKGC417L,0.9997817579447292,4
ICBHI_133_3p2_AL_000,ICBHI_133_3p2_AL,ICBHI_133,1,ICBHI,AKGC417L,0.999523438689581,4
ICBHI_133_3p2_AL_001,ICBHI_133_3p2_AL,ICBHI_133,1,ICBHI,AKGC417L,0.9989055477854436,4
ICBHI_133_3p2_AL_002,ICBHI_133_3p2_AL,ICBHI_133,1,ICBHI,AKGC417L,0.9980429830598052,4
ICBHI_133_3p2_AL_003,ICBHI_133_3p2_AL,ICBHI_133,1,ICBHI,AKGC417L,0.9982178036776336,4
ICBHI_133_3p2_AL_004,ICBHI_133_3p2_AL,ICBHI_133,1,ICBHI,AKGC417L,0.9983959107471776,4
ICBHI_133_3p2_AL_005,ICBHI_133_3p2_AL,ICBHI_133,1,ICBHI,AKGC417L,0.9987792047532856,4
ICBHI_133_3p2_AL_006,ICBHI_133_3p2_AL,ICBHI_133,1,ICBHI,AKGC417L,0.999247537198694,4
ICBHI_133_3p2_AR_000,ICBHI_133_3p2_AR,ICBHI_133,1,ICBHI,AKGC417L,0.999270671160687,4
ICBHI_133_3p2_AR_001,ICBHI_133_3p2_AR,ICBHI_133,1,ICBHI,AKGC417L,0.998896973358602,4
ICBHI_133_3p2_AR_002,ICBHI_133_3p2_AR,ICBHI_133,1,ICBHI,AKGC417L,0.997556113374818,4
ICBHI_133_3p2_AR_003,ICBHI_133_3p2_AR,ICBHI_133,1,ICBHI,AKGC417L,0.994225070146556,4
ICBHI_133_3p2_AR_004,ICBHI_133_3p2_AR,ICBHI_133,1,ICBHI,AKGC417L,0.9976311257447728,4
ICBHI_133_3p2_AR_005,ICBHI_133_3p2_AR,ICBHI_133,1,ICBHI,AKGC417L,0.9973580531566688,4
ICBHI_133_3p2_AR_006,ICBHI_133_3p2_AR,ICBHI_133,1,ICBHI,AKGC417L,0.9971990730328788,4
ICBHI_133_3p2_PL_000,ICBHI_133_3p2_PL,ICBHI_133,1,ICBHI,AKGC417L,0.9997640282585172,4
ICBHI_133_3p2_PL_001,ICBHI_133_3p2_PL,ICBHI_133,1,ICBHI,AKGC417L,0.9997949778514938,4
ICBHI_133_3p2_PL_002,ICBHI_133_3p2_PL,ICBHI_133,1,ICBHI,AKGC417L,0.999539894138721,4
ICBHI_133_3p2_PL_003,ICBHI_133_3p2_PL,ICBHI_133,1,ICBHI,AKGC417L,0.9994428882818492,4
ICBHI_133_3p2_PL_004,ICBHI_133_3p2_PL,ICBHI_133,1,ICBHI,AKGC417L,0.9996374099337167,4
ICBHI_133_3p2_PL_005,ICBHI_133_3p2_PL,ICBHI_133,1,ICBHI,AKGC417L,0.9997448586044048,4
ICBHI_133_3p2_PL_006,ICBHI_133_3p2_PL,ICBHI_133,1,ICBHI,AKGC417L,0.999574456926026,4
ICBHI_133_3p2_PR_000,ICBHI_133_3p2_PR,ICBHI_133,1,ICBHI,AKGC417L,0.9990226496068572,4
ICBHI_133_3p2_PR_001,ICBHI_133_3p2_PR,ICBHI_133,1,ICBHI,AKGC417L,0.998930873638171,4
ICBHI_133_3p2_PR_002,ICBHI_133_3p2_PR,ICBHI_133,1,ICBHI,AKGC417L,0.9982992775885648,4
ICBHI_133_3p2_PR_003,ICBHI_133_3p2_PR,ICBHI_133,1,ICBHI,AKGC417L,0.9978510507163746,4
ICBHI_133_3p2_PR_004,ICBHI_133_3p2_PR,ICBHI_133,1,ICBHI,AKGC417L,0.9989224974113308,4
ICBHI_133_3p2_PR_005,ICBHI_133_3p2_PR,ICBHI_133,1,ICBHI,AKGC417L,0.9991800678937864,4
ICBHI_133_3p2_PR_006,ICBHI_133_3p2_PR,ICBHI_133,1,ICBHI,AKGC417L,0.9982453855899006,4
ICBHI_133_3p4_TC_000,ICBHI_133_3p4_TC,ICBHI_133,1,ICBHI,AKGC417L,0.999955653725157,4
ICBHI_133_3p4_TC_001,ICBHI_133_3p4_TC,ICBHI_133,1,ICBHI,AKGC417L,0.9999268874567188,4
ICBHI_133_3p4_TC_002,ICBHI_133_3p4_TC,ICBHI_133,1,ICBHI,AKGC417L,0.999898496168252,4
ICBHI_133_3p4_TC_003,ICBHI_133_3p4_TC,ICBHI_133,1,ICBHI,AKGC417L,0.999882255407716,4
ICBHI_133_3p4_TC_004,ICBHI_133_3p4_TC,ICBHI_133,1,ICBHI,AKGC417L,0.9999203269901392,4
ICBHI_133_3p4_TC_005,ICBHI_133_3p4_TC,ICBHI_133,1,ICBHI,AKGC417L,0.9998736795756128,4
ICBHI_133_3p4_TC_006,ICBHI_133_3p4_TC,ICBHI_133,1,ICBHI,AKGC417L,0.9999061235855692,4
ICBHI_145_2b2_AL_000,ICBHI_145_2b2_AL,ICBHI_145,1,ICBHI,AKGC417L,0.9995362871571052,4
ICBHI_145_2b2_AL_001,ICBHI_145_2b2_AL,ICBHI_145,1,ICBHI,AKGC417L,0.9994252138224352,4
ICBHI_145_2b2_AL_002,ICBHI_145_2b2_AL,ICBHI_145,1,ICBHI,AKGC417L,0.9993785369838616,4
ICBHI_145_2b2_AL_003,ICBHI_145_2b2_AL,ICBHI_145,1,ICBHI,AKGC417L,0.999418442365144,4
ICBHI_145_2b2_AL_004,ICBHI_145_2b2_AL,ICBHI_145,1,ICBHI,AKGC417L,0.9995626655964818,4
ICBHI_145_2b2_AL_005,ICBHI_145_2b2_AL,ICBHI_145,1,ICBHI,AKGC417L,0.9992763427354946,4
ICBHI_145_2b2_AL_006,ICBHI_145_2b2_AL,ICBHI_145,1,ICBHI,AKGC417L,0.9996185288352376,4
ICBHI_145_2b2_AR_000,ICBHI_145_2b2_AR,ICBHI_145,1,ICBHI,AKGC417L,0.9998218688795282,4
ICBHI_145_2b2_AR_001,ICBHI_145_2b2_AR,ICBHI_145,1,ICBHI,AKGC417L,0.9996302611296282,4
ICBHI_145_2b2_AR_002,ICBHI_145_2b2_AR,ICBHI_145,1,ICBHI,AKGC417L,0.999852319616634,4
ICBHI_145_2b2_AR_003,ICBHI_145_2b2_AR,ICBHI_145,1,ICBHI,AKGC417L,0.9995891514623652,4
ICBHI_145_2b2_AR_004,ICBHI_145_2b2_AR,ICBHI_145,1,ICBHI,AKGC417L,0.999592347407684,4
ICBHI_145_2b2_AR_005,ICBHI_145_2b2_AR,ICBHI_145,1,ICBHI,AKGC417L,0.9994827186660278,4
ICBHI_145_2b2_AR_006,ICBHI_145_2b2_AR,ICBHI_145,1,ICBHI,AKGC417L,0.9994472213630764,4
ICBHI_145_2b2_LR_000,ICBHI_145_2b2_LR,ICBHI_145,1,ICBHI,AKGC417L,0.9990033923087276,4
ICBHI_145_2b2_LR_001,ICBHI_145_2b2_LR,ICBHI_145,1,ICBHI,AKGC417L,0.9990526910317415,4
ICBHI_145_2b2_LR_002,ICBHI_145_2b2_LR,ICBHI_145,1,ICBHI,AKGC417L,0.9993121488449448,4
ICBHI_145_2b2_LR_003,ICBHI_145_2b2_LR,ICBHI_145,1,ICBHI,AKGC417L,0.9993121488449448,4
ICBHI_145_2b2_LR_004,ICBHI_145_2b2_LR,ICBHI_145,1,ICBHI,AKGC417L,0.9994046593337556,4
ICBHI_145_2b2_LR_005,ICBHI_145_2b2_LR,ICBHI_145,1,ICBHI,AKGC417L,0.9993280721932551,4
ICBHI_145_2b2_LR_006,ICBHI_145_2b2_LR,ICBHI_145,1,ICBHI,AKGC417L,0.999217585940976,4
ICBHI_145_2b2_PR_000,ICBHI_145_2b2_PR,ICBHI_145,1,ICBHI,AKGC417L,0.999270671160687,4
ICBHI_145_2b2_PR_001,ICBHI_145_2b2_PR,ICBHI_145,1,ICBHI,AKGC417L,0.9992386741581052,4
ICBHI_145_2b2_PR_002,ICBHI_145_2b2_PR,ICBHI_145,1,ICBHI,AKGC417L,0.999281970237388,4
ICBHI_145_2b2_PR_003,ICBHI_145_2b2_PR,ICBHI_145,1,ICBHI,AKGC417L,0.9991896126509426,4
ICBHI_145_2b2_PR_004,ICBHI_145_2b2_PR,ICBHI_145,1,ICBHI,AKGC417L,0.9993687565431252,4
ICBHI_145_2b2_PR_005,ICBHI_145_2b2_PR,ICBHI_145,1,ICBHI,AKGC417L,0.9993999928206616,4
ICBHI_145_2b2_PR_006,ICBHI_145_2b2_PR,ICBHI_145,1,ICBHI,AKGC417L,0.9991238200484855,4
ICBHI_145_3b2_AR_000,ICBHI_145_3b2_AR,ICBHI_145,1,ICBHI,AKGC417L,0.999264955168306,4
ICBHI_145_3b2_AR_001,ICBHI_145_3b2_AR,ICBHI_145,1,ICBHI,AKGC417L,0.9992678187383393,4
ICBHI_145_3b2_AR_002,ICBHI_145_3b2_AR,ICBHI_145,1,ICBHI,AKGC417L,0.9980429830598052,4
ICBHI_145_3b2_AR_003,ICBHI_145_3b2_AR,ICBHI_145,1,ICBHI,AKGC417L,0.9992763427354946,4
ICBHI_145_3b2_AR_004,ICBHI_145_3b2_AR,ICBHI_145,1,ICBHI,AKGC417L,0.9995727921090528,4
ICBHI_145_3b2_AR_005,ICBHI_145_3b2_AR,ICBHI_145,1,ICBHI,AKGC417L,0.9994296842929216,4
ICBHI_145_3b2_AR_006,ICBHI_145_3b2_AR,ICBHI_145,1,ICBHI,AKGC417L,0.9994745769504167,4
ICBHI_145_3b2_LR_000,ICBHI_145_3b2_LR,ICBHI_145,1,ICBHI,AKGC417L,0.9998162154299904,4
ICBHI_145_3b2_LR_001,ICBHI_145_3b2_LR,ICBHI_145,1,ICBHI,AKGC417L,0.9997584337017134,4
ICBHI_145_3b2_LR_002,ICBHI_145_3b2_LR,ICBHI_145,1,ICBHI,AKGC417L,0.9999118107684012,4
ICBHI_145_3b2_LR_003,ICBHI_145_3b2_LR,ICBHI_145,1,ICBHI,AKGC417L,0.999957684403001,4
ICBHI_145_3b2_LR_004,ICBHI_145_3b2_LR,ICBHI_145,1,ICBHI,AKGC417L,0.9999421623343304,4
ICBHI_145_3b2_LR_005,ICBHI_145_3b2_LR,ICBHI_145,1,ICBHI,AKGC417L,0.9999038975845004,4
ICBHI_145_3b2_LR_006,ICBHI_145_3b2_LR,ICBHI_145,1,ICBHI,AKGC417L,0.9998893884028536,4
ICBHI_145_3b4_PL_000,ICBHI_145_3b4_PL,ICBHI_145,1,ICBHI,AKGC417L,0.998896973358602,4
ICBHI_145_3b4_PL_001,ICBHI_145_3b4_PL,ICBHI_145,1,ICBHI,AKGC417L,0.9990526910317415,4
ICBHI_145_3b4_PL_002,ICBHI_145_3b4_PL,ICBHI_145,1,ICBHI,AKGC417L,0.9991990463874916,4
ICBHI_145_3b4_PL_003,ICBHI_145_3b4_PL,ICBHI_145,1,ICBHI,AKGC417L,0.9990673639986946,4
ICBHI_145_3b4_PL_004,ICBHI_145_3b4_PL,ICBHI_145,1,ICBHI,AKGC417L,0.9992206339069792,4
ICBHI_145_3b4_PL_005,ICBHI_145_3b4_PL,ICBHI_145,1,ICBHI,AKGC417L,0.9993537967092804,4
ICBHI_145_3b4_PL_006,ICBHI_145_3b4_PL,ICBHI_145,1,ICBHI,AKGC417L,0.9992903296008996,4
ICBHI_151_2p2_AL_000,ICBHI_151_2p2_AL,ICBHI_151,1,ICBHI,AKGC417L,0.9996402306168382,4
ICBHI_151_2p2_AL_001,ICBHI_151_2p2_AL,ICBHI_151,1,ICBHI,AKGC417L,0.9991507543783068,4
ICBHI_151_2p2_AL_002,ICBHI_151_2p2_AL,ICBHI_151,1,ICBHI,AKGC417L,0.9991990463874916,4
ICBHI_151_2p2_AL_003,ICBHI_151_2p2_AL,ICBHI_151,1,ICBHI,AKGC417L,0.999304046316105,4
ICBHI_151_2p2_AL_004,ICBHI_151_2p2_AL,ICBHI_151,1,ICBHI,AKGC417L,0.9996646498695336,4
ICBHI_151_2p2_AL_005,ICBHI_151_2p2_AL,ICBHI_151,1,ICBHI,AKGC417L,0.9997834559501048,4
ICBHI_151_2p2_AL_006,ICBHI_151_2p2_AL,ICBHI_151,1,ICBHI,AKGC417L,0.999550547689102,4
ICBHI_151_2p2_AR_000,ICBHI_151_2p2_AR,ICBHI_151,1,ICBHI,AKGC417L,0.9941118405241954,4
ICBHI_151_2p2_AR_001,ICBHI_151_2p2_AR,ICBHI_151,1,ICBHI,AKGC417L,0.99899949559909,4
ICBHI_151_2p2_AR_002,ICBHI_151_2p2_AR,ICBHI_151,1,ICBHI,AKGC417L,0.9988486004343228,4
ICBHI_151_2p2_AR_003,ICBHI_151_2p2_AR,ICBHI_151,1,ICBHI,AKGC417L,0.9992504685743376,4
ICBHI_151_2p2_AR_004,ICBHI_151_2p2_AR,ICBHI_151,1,ICBHI,AKGC417L,0.9994766243086606,4
ICBHI_151_2p2_AR_005,ICBHI_151_2p2_AR,ICBHI_151,1,ICBHI,AKGC417L,0.9993148286850494,4
ICBHI_151_2p2_AR_006,ICBHI_151_2p2_AR,ICBHI_151,1,ICBHI,AKGC417L,0.9987355780553608,4
ICBHI_151_2p2_LL_000,ICBHI_151_2p2_LL,ICBHI_151,1,ICBHI,AKGC417L,0.9988619993801952,4
ICBHI_151_2p2_LL_001,ICBHI_151_2p2_LL,ICBHI_151,1,ICBHI,AKGC417L,0.9993662874917502,4
ICBHI_151_2p2_LL_002,ICBHI_151_2p2_LL,ICBHI_151,1,ICBHI,AKGC417L,0.9993228057669614,4
ICBHI_151_2p2_LL_003,ICBHI_151_2p2_LL,ICBHI_151,1,ICBHI,AKGC417L,0.999631702073984,4
ICBHI_151_2p2_LL_004,ICBHI_151_2p2_LL,ICBHI_151,1,ICBHI,AKGC417L,0.9998488180067272,4
ICBHI_151_2p2_LL_005,ICBHI_151_2p2_LL,ICBHI_151,1,ICBHI,AKGC417L,0.9997712866852788,4
ICBHI_151_2p2_LL_006,ICBHI_151_2p2_LL,ICBHI_151,1,ICBHI,AKGC417L,0.9994341200134584,4
ICBHI_151_2p2_LR_000,ICBHI_151_2p2_LR,ICBHI_151,1,ICBHI,AKGC417L,0.9987256737086126,4
ICBHI_151_2p2_LR_001,ICBHI_151_2p2_LR,ICBHI_151,1,ICBHI,AKGC417L,0.9990746151133504,4
ICBHI_151_2p2_LR_002,ICBHI_151_2p2_LR,ICBHI_151,1,ICBHI,AKGC417L,0.9995522991531196,4
ICBHI_151_2p2_LR_003,ICBHI_151_2p2_LR,ICBHI_151,1,ICBHI,AKGC417L,0.9995609546695268,4
ICBHI_151_2p2_LR_004,ICBHI_151_2p2_LR,ICBHI_151,1,ICBHI,AKGC417L,0.9996540083968218,4
ICBHI_151_2p2_LR_005,ICBHI_151_2p2_LR,ICBHI_151,1,ICBHI,AKGC417L,0.9996416327220904,4
ICBHI_151_2p2_LR_006,ICBHI_151_2p2_LR,ICBHI_151,1,ICBHI,AKGC417L,0.9988304897349444,4
ICBHI_151_2p2_PL_000,ICBHI_151_2p2_PL,ICBHI_151,1,ICBHI,AKGC417L,0.9994296842929216,4
ICBHI_151_2p2_PL_001,ICBHI_151_2p2_PL,ICBHI_151,1,ICBHI,AKGC417L,0.9973060857980208,4
ICBHI_151_2p2_PL_002,ICBHI_151_2p2_PL,ICBHI_151,1,ICBHI,AKGC417L,0.9974688886906716,4
ICBHI_151_2p2_PL_003,ICBHI_151_2p2_PL,ICBHI_151,1,ICBHI,AKGC417L,0.990659975614946,4
ICBHI_151_2p2_PL_004,ICBHI_151_2p2_PL,ICBHI_151,1,ICBHI,AKGC417L,0.9949788500523676,4
ICBHI_151_2p2_PL_005,ICBHI_151_2p2_PL,ICBHI_151,1,ICBHI,AKGC417L,0.990659975614946,4
ICBHI_151_2p2_PL_006,ICBHI_151_2p2_PL,ICBHI_151,1,ICBHI,AKGC417L,0.9981684898601648,4
ICBHI_151_2p2_PR_000,ICBHI_151_2p2_PR,ICBHI_151,1,ICBHI,AKGC417L,0.9996512956973052,4
ICBHI_151_2p2_PR_001,ICBHI_151_2p2_PR,ICBHI_151,1,ICBHI,AKGC417L,0.9996359913129004,4
ICBHI_151_2p2_PR_002,ICBHI_151_2p2_PR,ICBHI_151,1,ICBHI,AKGC417L,0.9995025255444128,4
ICBHI_151_2p2_PR_003,ICBHI_151_2p2_PR,ICBHI_151,1,ICBHI,AKGC417L,0.9996288145497544,4
ICBHI_151_2p2_PR_004,ICBHI_151_2p2_PR,ICBHI_151,1,ICBHI,AKGC417L,0.999624440776353,4
ICBHI_151_2p2_PR_005,ICBHI_151_2p2_PR,ICBHI_151,1,ICBHI,AKGC417L,0.9994927187173008,4
ICBHI_151_2p2_PR_006,ICBHI_151_2p2_PR,ICBHI_151,1,ICBHI,AKGC417L,0.9994319064800212,4
ICBHI_151_2p2_TC_000,ICBHI_151_2p2_TC,ICBHI_151,1,ICBHI,AKGC417L,0.999870684360454,4
ICBHI_151_2p2_TC_001,ICBHI_151_2p2_TC,ICBHI_151,1,ICBHI,AKGC417L,0.9998546088558772,4
ICBHI_151_2p2_TC_002,ICBHI_151_2p2_TC,ICBHI_151,1,ICBHI,AKGC417L,0.9998147742567348,4
ICBHI_151_2p2_TC_003,ICBHI_151_2p2_TC,ICBHI_151,1,ICBHI,AKGC417L,0.9977743291458848,4
ICBHI_151_2p2_TC_004,ICBHI_151_2p2_TC,ICBHI_151,1,ICBHI,AKGC417L,0.998469254898824,4
ICBHI_151_2p2_TC_005,ICBHI_151_2p2_TC,ICBHI_151,1,ICBHI,AKGC417L,0.9994296842929216,4
ICBHI_151_2p2_TC_006,ICBHI_151_2p2_TC,ICBHI_151,1,ICBHI,AKGC417L,0.9994515207611326,4
ICBHI_151_2p3_AL_000,ICBHI_151_2p3_AL,ICBHI_151,1,ICBHI,AKGC417L,0.9983706911746074,4
ICBHI_151_2p3_AL_001,ICBHI_151_2p3_AL,ICBHI_151,1,ICBHI,AKGC417L,0.998896973358602,4
ICBHI_151_2p3_AL_002,ICBHI_151_2p3_AL,ICBHI_151,1,ICBHI,AKGC417L,0.998774432551617,4
ICBHI_151_2p3_AL_003,ICBHI_151_2p3_AL,ICBHI_151,1,ICBHI,AKGC417L,0.9992206339069792,4
ICBHI_151_2p3_AL_004,ICBHI_151_2p3_AL,ICBHI_151,1,ICBHI,AKGC417L,0.9997346976231016,4
ICBHI_151_2p3_AL_005,ICBHI_151_2p3_AL,ICBHI_151,1,ICBHI,AKGC417L,0.99969225692354,4
ICBHI_151_2p3_AL_006,ICBHI_151_2p3_AL,ICBHI_151,1,ICBHI,AKGC417L,0.999595518502158,4
ICBHI_151_2p3_AR_000,ICBHI_151_2p3_AR,ICBHI_151,1,ICBHI,AKGC417L,0.9994766243086606,4
ICBHI_151_2p3_AR_001,ICBHI_151_2p3_AR,ICBHI_151,1,ICBHI,AKGC417L,0.9993461844496442,4
ICBHI_151_2p3_AR_002,ICBHI_151_2p3_AR,ICBHI_151,1,ICBHI,AKGC417L,0.9995826842393224,4
ICBHI_151_2p3_AR_003,ICBHI_151_2p3_AR,ICBHI_151,1,ICBHI,AKGC417L,0.9989877139083392,4
ICBHI_151_2p3_AR_004,ICBHI_151_2p3_AR,ICBHI_151,1,ICBHI,AKGC417L,0.9995592370520848,4
ICBHI_151_2p3_AR_005,ICBHI_151_2p3_AR,ICBHI_151,1,ICBHI,AKGC417L,0.9995452520967412,4
ICBHI_151_2p3_AR_006,ICBHI_151_2p3_AR,ICBHI_151,1,ICBHI,AKGC417L,0.9996079582107624,4
ICBHI_151_2p3_LL_000,ICBHI_151_2p3_LL,ICBHI_151,1,ICBHI,AKGC417L,0.9997305208444413,4
ICBHI_151_2p3_LL_001,ICBHI_151_2p3_LL,ICBHI_151,1,ICBHI,AKGC417L,0.9998634164568558,4
ICBHI_151_2p3_LL_002,ICBHI_151_2p3_LL,ICBHI_151,1,ICBHI,AKGC417L,0.99985797635977,4
ICBHI_151_2p3_LL_003,ICBHI_151_2p3_LL,ICBHI_151,1,ICBHI,AKGC417L,0.9997197890232812,4
ICBHI_151_2p3_LL_004,ICBHI_151_2p3_LL,ICBHI_151,1,ICBHI,AKGC417L,0.9996774927880132,4
ICBHI_151_2p3_LL_005,ICBHI_151_2p3_LL,ICBHI_151,1,ICBHI,AKGC417L,0.9992356966904384,4
ICBHI_151_2p3_LL_006,ICBHI_151_2p3_LL,ICBHI_151,1,ICBHI,AKGC417L,0.9992847675679684,4
ICBHI_151_2p3_LR_000,ICBHI_151_2p3_LR,ICBHI_151,1,ICBHI,AKGC417L,0.9966233876182606,4
ICBHI_151_2p3_LR_001,ICBHI_151_2p3_LR,ICBHI_151,1,ICBHI,AKGC417L,0.9976311257447728,4
ICBHI_151_2p3_LR_002,ICBHI_151_2p3_LR,ICBHI_151,1,ICBHI,AKGC417L,0.9969721649754316,4
ICBHI_151_2p3_LR_003,ICBHI_151_2p3_LR,ICBHI_151,1,ICBHI,AKGC417L,0.9960237720255248,4
ICBHI_151_2p3_LR_004,ICBHI_151_2p3_LR,ICBHI_151,1,ICBHI,AKGC417L,0.9976858736703106,4
ICBHI_151_2p3_LR_005,ICBHI_151_2p3_LR,ICBHI_151,1,ICBHI,AKGC417L,0.9987106717209964,4
ICBHI_151_2p3_LR_006,ICBHI_151_2p3_LR,ICBHI_151,1,ICBHI,AKGC417L,0.9989677689632452,4
ICBHI_151_2p3_PL_000,ICBHI_151_2p3_PL,ICBHI_151,1,ICBHI,AKGC417L,0.9986435982025386,4
ICBHI_151_2p3_PL_001,ICBHI_151_2p3_PL,ICBHI_151,1,ICBHI,AKGC417L,0.9968519294453704,4
ICBHI_151_2p3_PL_002,ICBHI_151_2p3_PL,ICBHI_151,1,ICBHI,AKGC417L,0.9996402306168382,4
ICBHI_151_2p3_PL_003,ICBHI_151_2p3_PL,ICBHI_151,1,ICBHI,AKGC417L,0.9998944531420456,4
ICBHI_151_2p3_PL_004,ICBHI_151_2p3_PL,ICBHI_151,1,ICBHI,AKGC417L,0.9998944531420456,4
ICBHI_151_2p3_PL_005,ICBHI_151_2p3_PL,ICBHI_151,1,ICBHI,AKGC417L,0.9953724699521328,4
ICBHI_151_2p3_PL_006,ICBHI_151_2p3_PL,ICBHI_151,1,ICBHI,AKGC417L,0.9916519461902168,4
ICBHI_151_2p3_PR_000,ICBHI_151_2p3_PR,ICBHI_151,1,ICBHI,AKGC417L,0.9992145260642746,4
ICBHI_151_2p3_PR_001,ICBHI_151_2p3_PR,ICBHI_151,1,ICBHI,AKGC417L,0.9992356966904384,4
ICBHI_151_2p3_PR_002,ICBHI_151_2p3_PR,ICBHI_151,1,ICBHI,AKGC417L,0.9985278104907204,4
ICBHI_151_2p3_PR_003,ICBHI_151_2p3_PR,ICBHI_151,1,ICBHI,AKGC417L,0.9970535950245228,4
ICBHI_151_2p3_PR_004,ICBHI_151_2p3_PR,ICBHI_151,1,ICBHI,AKGC417L,0.9984391107821522,4
ICBHI_151_2p3_PR_005,ICBHI_151_2p3_PR,ICBHI_151,1,ICBHI,AKGC417L,0.9990889488055994,4
ICBHI_151_2p3_PR_006,ICBHI_151_2p3_PR,ICBHI_151,1,ICBHI,AKGC417L,0.9994407090277544,4
ICBHI_151_2p3_TC_000,ICBHI_151_2p3_TC,ICBHI_151,1,ICBHI,AKGC417L,0.9998427965475108,4
ICBHI_151_2p3_TC_001,ICBHI_151_2p3_TC,ICBHI_151,1,ICBHI,AKGC417L,0.99969225692354,4
ICBHI_151_2p3_TC_002,ICBHI_151_2p3_TC,ICBHI_151,1,ICBHI,AKGC417L,0.9998612658774207,4
ICBHI_151_2p3_TC_003,ICBHI_151_2p3_TC,ICBHI_151,1,ICBHI,AKGC417L,0.9997884711265388,4
ICBHI_151_2p3_TC_004,ICBHI_151_2p3_TC,ICBHI_151,1,ICBHI,AKGC417L,0.9998390691750132,4
ICBHI_151_2p3_TC_005,ICBHI_151_2p3_TC,ICBHI_151,1,ICBHI,AKGC417L,0.9997965730219448,4
ICBHI_151_2p3_TC_006,ICBHI_151_2p3_TC,ICBHI_151,1,ICBHI,AKGC417L,0.9997086299393204,4
ICBHI_151_2p4_AL_000,ICBHI_151_2p4_AL,ICBHI_151,1,ICBHI,AKGC417L,0.9991238200484855,4
ICBHI_151_2p4_AL_001,ICBHI_151_2p4_AL,ICBHI_151,1,ICBHI,AKGC417L,0.998498817743263,4
ICBHI_151_2p4_AL_002,ICBHI_151_2p4_AL,ICBHI_151,1,ICBHI,AKGC417L,0.998539250425049,4
ICBHI_151_2p4_AL_003,ICBHI_151_2p4_AL,ICBHI_151,1,ICBHI,AKGC417L,0.9990149917032548,4
ICBHI_151_2p4_AL_004,ICBHI_151_2p4_AL,ICBHI_151,1,ICBHI,AKGC417L,0.997030554704626,4
ICBHI_151_2p4_AL_005,ICBHI_151_2p4_AL,ICBHI_151,1,ICBHI,AKGC417L,0.9971661501557534,4
ICBHI_151_2p4_AL_006,ICBHI_151_2p4_AL,ICBHI_151,1,ICBHI,AKGC417L,0.999517823844308,4
ICBHI_151_2p4_AR_000,ICBHI_151_2p4_AR,ICBHI_151,1,ICBHI,AKGC417L,0.9988027888018683,4
ICBHI_151_2p4_AR_001,ICBHI_151_2p4_AR,ICBHI_151,1,ICBHI,AKGC417L,0.9983833500583577,4
ICBHI_151_2p4_AR_002,ICBHI_151_2p4_AR,ICBHI_151,1,ICBHI,AKGC417L,0.9971216519652336,4
ICBHI_151_2p4_AR_003,ICBHI_151_2p4_AR,ICBHI_151,1,ICBHI,AKGC417L,0.9984632729386814,4
ICBHI_151_2p4_AR_004,ICBHI_151_2p4_AR,ICBHI_151,1,ICBHI,AKGC417L,0.9949788500523676,4
ICBHI_151_2p4_AR_005,ICBHI_151_2p4_AR,ICBHI_151,1,ICBHI,AKGC417L,0.9972423776326046,4
ICBHI_151_2p4_AR_006,ICBHI_151_2p4_AR,ICBHI_151,1,ICBHI,AKGC417L,0.9989637331117536,4
ICBHI_151_2p4_LL_000,ICBHI_151_2p4_LL,ICBHI_151,1,ICBHI,AKGC417L,0.998930873638171,4
ICBHI_151_2p4_LL_001,ICBHI_151_2p4_LL,ICBHI_151,1,ICBHI,AKGC417L,0.995336345047618,4
ICBHI_151_2p4_LL_002,ICBHI_151_2p4_LL,ICBHI_151,1,ICBHI,AKGC417L,0.9984021545059828,4
ICBHI_151_2p4_LL_003,ICBHI_151_2p4_LL,ICBHI_151,1,ICBHI,AKGC417L,0.9964756590195628,4
ICBHI_151_2p4_LL_004,ICBHI_151_2p4_LL,ICBHI_151,1,ICBHI,AKGC417L,0.9967013487421672,4
ICBHI_151_2p4_LL_005,ICBHI_151_2p4_LL,ICBHI_151,1,ICBHI,AKGC417L,0.9983124903809688,4
ICBHI_151_2p4_LL_006,ICBHI_151_2p4_LL,ICBHI_151,1,ICBHI,AKGC417L,0.9989717891128628,4
ICBHI_151_2p4_LR_000,ICBHI_151_2p4_LR,ICBHI_151,1,ICBHI,AKGC417L,0.9996540083968218,4
ICBHI_151_2p4_LR_001,ICBHI_151_2p4_LR,ICBHI_151,1,ICBHI,AKGC417L,0.9994966644245472,4
ICBHI_151_2p4_LR_002,ICBHI_151_2p4_LR,ICBHI_151,1,ICBHI,AKGC417L,0.9987600038640844,4
ICBHI_151_2p4_LR_003,ICBHI_151_2p4_LR,ICBHI_151,1,ICBHI,AKGC417L,0.999281970237388,4
ICBHI_151_2p4_LR_004,ICBHI_151_2p4_LR,ICBHI_151,1,ICBHI,AKGC417L,0.9984572676379068,4
ICBHI_151_2p4_LR_005,ICBHI_151_2p4_LR,ICBHI_151,1,ICBHI,AKGC417L,0.9988575504601824,4
ICBHI_151_2p4_LR_006,ICBHI_151_2p4_LR,ICBHI_151,1,ICBHI,AKGC417L,0.9986488791671222,4
ICBHI_151_2p4_PL_000,ICBHI_151_2p4_PL,ICBHI_151,1,ICBHI,AKGC417L,0.9992562971362235,4
ICBHI_151_2p4_PL_001,ICBHI_151_2p4_PL,ICBHI_151,1,ICBHI,AKGC417L,0.9996064244064888,4
ICBHI_151_2p4_PL_002,ICBHI_151_2p4_PL,ICBHI_151,1,ICBHI,AKGC417L,0.9997981557837118,4
ICBHI_151_2p4_PL_003,ICBHI_151_2p4_PL,ICBHI_151,1,ICBHI,AKGC417L,0.985384329899364,4
ICBHI_151_2p4_PL_004,ICBHI_151_2p4_PL,ICBHI_151,1,ICBHI,AKGC417L,0.9919691867837398,4
ICBHI_151_2p4_PL_005,ICBHI_151_2p4_PL,ICBHI_151,1,ICBHI,AKGC417L,0.9926256346917622,4
ICBHI_151_2p4_PL_006,ICBHI_151_2p4_PL,ICBHI_151,1,ICBHI,AKGC417L,0.9779256128989756,4
ICBHI_151_2p4_PR_000,ICBHI_151_2p4_PR,ICBHI_151,1,ICBHI,AKGC417L,0.9998623453663108,4
ICBHI_151_2p4_PR_001,ICBHI_151_2p4_PR,ICBHI_151,1,ICBHI,AKGC417L,0.9999334298362396,4
ICBHI_151_2p4_PR_002,ICBHI_151_2p4_PR,ICBHI_151,1,ICBHI,AKGC417L,0.9999197021571548,4
ICBHI_151_2p4_PR_003,ICBHI_151_2p4_PR,ICBHI_151,1,ICBHI,AKGC417L,0.9996359913129004,4
ICBHI_151_2p4_PR_004,ICBHI_151_2p4_PR,ICBHI_151,1,ICBHI,AKGC417L,0.9991736424007212,4
ICBHI_151_2p4_PR_005,ICBHI_151_2p4_PR,ICBHI_151,1,ICBHI,AKGC417L,0.9994847343156984,4
ICBHI_151_2p4_PR_006,ICBHI_151_2p4_PR,ICBHI_151,1,ICBHI,AKGC417L,0.9998476324523258,4
ICBHI_151_2p4_TC_000,ICBHI_151_2p4_TC,ICBHI_151,1,ICBHI,AKGC417L,0.9998665799890902,4
ICBHI_151_2p4_TC_001,ICBHI_151_2p4_TC,ICBHI_151,1,ICBHI,AKGC417L,0.9998043646624728,4
ICBHI_151_2p4_TC_002,ICBHI_151_2p4_TC,ICBHI_151,1,ICBHI,AKGC417L,0.9998259945644729,4
ICBHI_151_2p4_TC_003,ICBHI_151_2p4_TC,ICBHI_151,1,ICBHI,AKGC417L,0.9997640282585172,4
ICBHI_151_2p4_TC_004,ICBHI_151_2p4_TC,ICBHI_151,1,ICBHI,AKGC417L,0.9997817579447292,4
ICBHI_151_2p4_TC_005,ICBHI_151_2p4_TC,ICBHI_151,1,ICBHI,AKGC417L,0.9996580379426712,4
ICBHI_151_2p4_TC_006,ICBHI_151_2p4_TC,ICBHI_151,1,ICBHI,AKGC417L,0.9994966644245472,4
ICBHI_151_3p2_AL_000,ICBHI_151_3p2_AL,ICBHI_151,1,ICBHI,AKGC417L,0.9991704108116408,4
ICBHI_151_3p2_AL_001,ICBHI_151_3p2_AL,ICBHI_151,1,ICBHI,AKGC417L,0.9904406006529084,4
ICBHI_151_3p2_AL_002,ICBHI_151_3p2_AL,ICBHI_151,1,ICBHI,AKGC417L,0.9954967275829107,4
ICBHI_151_3p2_AL_003,ICBHI_151_3p2_AL,ICBHI_151,1,ICBHI,AKGC417L,0.9985618646789076,4
ICBHI_151_3p2_AL_004,ICBHI_151_3p2_AL,ICBHI_151,1,ICBHI,AKGC417L,0.9993976458735048,4
ICBHI_151_3p2_AL_005,ICBHI_151_3p2_AL,ICBHI_151,1,ICBHI,AKGC417L,0.99811046134216,4
ICBHI_151_3p2_AL_006,ICBHI_151_3p2_AL,ICBHI_151,1,ICBHI,AKGC417L,0.9989916564583438,4
ICBHI_151_3p2_AR_000,ICBHI_151_3p2_AR,ICBHI_151,1,ICBHI,AKGC417L,0.998516281097091,4
ICBHI_151_3p2_AR_001,ICBHI_151_3p2_AR,ICBHI_151,1,ICBHI,AKGC417L,0.9963214910711244,4
ICBHI_151_3p2_AR_002,ICBHI_151_3p2_AR,ICBHI_151,1,ICBHI,AKGC417L,0.9969839337826156,4
ICBHI_151_3p2_AR_003,ICBHI_151_3p2_AR,ICBHI_151,1,ICBHI,AKGC417L,0.9990960322532406,4
ICBHI_151_3p2_AR_004,ICBHI_151_3p2_AR,ICBHI_151,1,ICBHI,AKGC417L,0.9982926325142392,4
ICBHI_151_3p2_AR_005,ICBHI_151_3p2_AR,ICBHI_151,1,ICBHI,AKGC417L,0.99440175138534,4
ICBHI_151_3p2_AR_006,ICBHI_151_3p2_AR,ICBHI_151,1,ICBHI,AKGC417L,0.99771277239413,4
ICBHI_151_3p2_LR_000,ICBHI_151_3p2_LR,ICBHI_151,1,ICBHI,AKGC417L,0.9987405013606404,4
ICBHI_151_3p2_LR_001,ICBHI_151_3p2_LR,ICBHI_151,1,ICBHI,AKGC417L,0.9986749775827868,4
ICBHI_151_3p2_LR_002,ICBHI_151_3p2_LR,ICBHI_151,1,ICBHI,AKGC417L,0.9983124903809688,4
ICBHI_151_3p2_LR_003,ICBHI_151_3p2_LR,ICBHI_151,1,ICBHI,AKGC417L,0.999241640035366,4
ICBHI_151_3p2_LR_004,ICBHI_151_3p2_LR,ICBHI_151,1,ICBHI,AKGC417L,0.9989140556310572,4
ICBHI_151_3p2_LR_005,ICBHI_151_3p2_LR,ICBHI_151,1,ICBHI,AKGC417L,0.997825774657828,4
ICBHI_151_3p2_LR_006,ICBHI_151_3p2_LR,ICBHI_151,1,ICBHI,AKGC417L,0.9997326173871384,4
ICBHI_151_3p2_PL_000,ICBHI_151_3p2_PL,ICBHI_151,1,ICBHI,AKGC417L,0.9989717891128628,4
ICBHI_151_3p2_PL_001,ICBHI_151_3p2_PL,ICBHI_151,1,ICBHI,AKGC417L,0.9995083184477072,4
ICBHI_151_3p2_PL_002,ICBHI_151_3p2_PL,ICBHI_151,1,ICBHI,AKGC417L,0.9996824912113432,4
ICBHI_151_3p2_PL_003,ICBHI_151_3p2_PL,ICBHI_151,1,ICBHI,AKGC417L,0.9992763427354946,4
ICBHI_151_3p2_PL_004,ICBHI_151_3p2_PL,ICBHI_151,1,ICBHI,AKGC417L,0.9984929511366406,4
ICBHI_151_3p2_PL_005,ICBHI_151_3p2_PL,ICBHI_151,1,ICBHI,AKGC417L,0.998345075755876,4
ICBHI_151_3p2_PL_006,ICBHI_151_3p2_PL,ICBHI_151,1,ICBHI,AKGC417L,0.995094594294278,4
ICBHI_151_3p2_PR_000,ICBHI_151_3p2_PR,ICBHI_151,1,ICBHI,AKGC417L,0.9997965730219448,4
ICBHI_151_3p2_PR_001,ICBHI_151_3p2_PR,ICBHI_151,1,ICBHI,AKGC417L,0.9996033387792852,4
ICBHI_151_3p2_PR_002,ICBHI_151_3p2_PR,ICBHI_151,1,ICBHI,AKGC417L,0.9996874121901304,4
ICBHI_151_3p2_PR_003,ICBHI_151_3p2_PR,ICBHI_151,1,ICBHI,AKGC417L,0.9989224974113308,4
ICBHI_151_3p2_PR_004,ICBHI_151_3p2_PR,ICBHI_151,1,ICBHI,AKGC417L,0.9989098099985672,4
ICBHI_151_3p2_PR_005,ICBHI_151_3p2_PR,ICBHI_151,1,ICBHI,AKGC417L,0.9990563807544248,4
ICBHI_151_3p2_PR_006,ICBHI_151_3p2_PR,ICBHI_151,1,ICBHI,AKGC417L,0.998935037327944,4
ICBHI_151_3p2_TC_000,ICBHI_151_3p2_TC,ICBHI_151,1,ICBHI,AKGC417L,0.9988708453714952,4
ICBHI_151_3p2_TC_001,ICBHI_151_3p2_TC,ICBHI_151,1,ICBHI,AKGC417L,0.999103060676328,4
ICBHI_151_3p2_TC_002,ICBHI_151_3p2_TC,ICBHI_151,1,ICBHI,AKGC417L,0.9983058968441496,4
ICBHI_151_3p2_TC_003,ICBHI_151_3p2_TC,ICBHI_151,1,ICBHI,AKGC417L,0.9981469406043856,4
ICBHI_151_3p2_TC_004,ICBHI_151_3p2_TC,ICBHI_151,1,ICBHI,AKGC417L,0.9980581831133134,4
ICBHI_151_3p2_TC_005,ICBHI_151_3p2_TC,ICBHI_151,1,ICBHI,AKGC417L,0.998175617214723,4
ICBHI_151_3p2_TC_006,ICBHI_151_3p2_TC,ICBHI_151,1,ICBHI,AKGC417L,0.998345075755876,4
ICBHI_151_3p3_LL_000,ICBHI_151_3p3_LL,ICBHI_151,1,ICBHI,AKGC417L,0.99811046134216,4
ICBHI_151_3p3_LL_001,ICBHI_151_3p3_LL,ICBHI_151,1,ICBHI,AKGC417L,0.9987696417179502,4
ICBHI_151_3p3_LL_002,ICBHI_151_3p3_LL,ICBHI_151,1,ICBHI,AKGC417L,0.9978426581115474,4
ICBHI_151_3p3_LL_003,ICBHI_151_3p3_LL,ICBHI_151,1,ICBHI,AKGC417L,0.9978842965994068,4
ICBHI_151_3p3_LL_004,ICBHI_151_3p3_LL,ICBHI_151,1,ICBHI,AKGC417L,0.9984207405711988,4
ICBHI_151_3p3_LL_005,ICBHI_151_3p3_LL,ICBHI_151,1,ICBHI,AKGC417L,0.9985841293318868,4
ICBHI_151_3p3_LL_006,ICBHI_151_3p3_LL,ICBHI_151,1,ICBHI,AKGC417L,0.9978172835546548,4
ICBHI_157_1b1_AL_000,ICBHI_157_1b1_AL,ICBHI_157,1,ICBHI,Meditron,0.9994642194616526,4
ICBHI_157_1b1_AL_001,ICBHI_157_1b1_AL,ICBHI_157,1,ICBHI,Meditron,0.9995271455654796,4
ICBHI_157_1b1_AL_002,ICBHI_157_1b1_AL,ICBHI_157,1,ICBHI,Meditron,0.9996993836411756,4
ICBHI_157_1b1_AL_003,ICBHI_157_1b1_AL,ICBHI_157,1,ICBHI,Meditron,0.9997851407471986,4
ICBHI_157_1b1_AL_004,ICBHI_157_1b1_AL,ICBHI_157,1,ICBHI,Meditron,0.999852319616634,4
ICBHI_157_1b1_AL_005,ICBHI_157_1b1_AL,ICBHI_157,1,ICBHI,Meditron,0.999904645388118,4
ICBHI_157_1b1_AL_006,ICBHI_157_1b1_AL,ICBHI_157,1,ICBHI,Meditron,0.9998849826445432,4
ICBHI_157_1b1_AL_007,ICBHI_157_1b1_AL,ICBHI_157,1,ICBHI,Meditron,0.9998867656214416,4
ICBHI_157_1b1_AL_008,ICBHI_157_1b1_AL,ICBHI_157,1,ICBHI,Meditron,0.9997765836398173,4
ICBHI_157_1b1_AL_009,ICBHI_157_1b1_AL,ICBHI_157,1,ICBHI,Meditron,0.9998012844663928,4
ICBHI_157_1b1_AL_010,ICBHI_157_1b1_AL,ICBHI_157,1,ICBHI,Meditron,0.9997997262332818,4
ICBHI_157_1b1_AL_011,ICBHI_157_1b1_AL,ICBHI_157,1,ICBHI,Meditron,0.9998218688795282,4
ICBHI_157_1b1_AL_012,ICBHI_157_1b1_AL,ICBHI_157,1,ICBHI,Meditron,0.9979730999195362,4
ICBHI_157_1b1_AL_013,ICBHI_157_1b1_AL,ICBHI_157,1,ICBHI,Meditron,0.9829546827465642,4
ICBHI_157_1b1_AL_014,ICBHI_157_1b1_AL,ICBHI_157,1,ICBHI,Meditron,0.9913222832950108,4
ICBHI_157_1b1_AL_015,ICBHI_157_1b1_AL,ICBHI_157,1,ICBHI,Meditron,0.9975080321463846,4
ICBHI_157_1b1_AL_016,ICBHI_157_1b1_AL,ICBHI_157,1,ICBHI,Meditron,0.99709914228914,4
ICBHI_157_1b1_AL_017,ICBHI_157_1b1_AL,ICBHI_157,1,ICBHI,Meditron,0.9930693283432538,4
ICBHI_157_1b1_AL_018,ICBHI_157_1b1_AL,ICBHI_157,1,ICBHI,Meditron,0.9949199630015224,4
ICBHI_157_1b1_AL_019,ICBHI_157_1b1_AL,ICBHI_157,1,ICBHI,Meditron,0.9982108408384048,4
ICBHI_157_1b1_AL_020,ICBHI_157_1b1_AL,ICBHI_157,1,ICBHI,Meditron,0.9989877139083392,4
ICBHI_157_1b1_AL_021,ICBHI_157_1b1_AL,ICBHI_157,1,ICBHI,Meditron,0.9983058968441496,4
ICBHI_157_1b1_AL_022,ICBHI_157_1b1_AL,ICBHI_157,1,ICBHI,Meditron,0.9994704581885768,4
ICBHI_157_1b1_AL_023,ICBHI_157_1b1_AL,ICBHI_157,1,ICBHI,Meditron,0.9998352534392112,4
ICBHI_157_1b1_AL_024,ICBHI_157_1b1_AL,ICBHI_157,1,ICBHI,Meditron,0.9998403213486516,4
ICBHI_157_1b1_AR_000,ICBHI_157_1b1_AR,ICBHI_157,1,ICBHI,Meditron,0.9992985917123008,4
ICBHI_157_1b1_AR_001,ICBHI_157_1b1_AR,ICBHI_157,1,ICBHI,Meditron,0.9993662874917502,4
ICBHI_157_1b1_AR_002,ICBHI_157_1b1_AR,ICBHI_157,1,ICBHI,Meditron,0.9994600195519032,4
ICBHI_157_1b1_AR_003,ICBHI_157_1b1_AR,ICBHI_157,1,ICBHI,Meditron,0.9991540624724046,4
ICBHI_157_1b1_AR_004,ICBHI_157_1b1_AR,ICBHI_157,1,ICBHI,Meditron,0.9975465717403024,4
ICBHI_157_1b1_AR_005,ICBHI_157_1b1_AR,ICBHI_157,1,ICBHI,Meditron,0.9985335415969152,4
ICBHI_157_1b1_AR_006,ICBHI_157_1b1_AR,ICBHI_157,1,ICBHI,Meditron,0.9986382966250248,4
ICBHI_157_1b1_AR_007,ICBHI_157_1b1_AR,ICBHI_157,1,ICBHI,Meditron,0.999259194411005,4
ICBHI_157_1b1_AR_008,ICBHI_157_1b1_AR,ICBHI_157,1,ICBHI,Meditron,0.9994515207611326,4
ICBHI_157_1b1_AR_009,ICBHI_157_1b1_AR,ICBHI_157,1,ICBHI,Meditron,0.9888849862785224,4
ICBHI_157_1b1_AR_010,ICBHI_157_1b1_AR,ICBHI_157,1,ICBHI,Meditron,0.9796676466573412,4
ICBHI_157_1b1_AR_011,ICBHI_157_1b1_AR,ICBHI_157,1,ICBHI,Meditron,0.9985562441028796,4
ICBHI_157_1b1_AR_012,ICBHI_157_1b1_AR,ICBHI_157,1,ICBHI,Meditron,0.985882106574795,4
ICBHI_157_1b1_AR_013,ICBHI_157_1b1_AR,ICBHI_157,1,ICBHI,Meditron,0.9965435903319344,4
ICBHI_157_1b1_AR_014,ICBHI_157_1b1_AR,ICBHI_157,1,ICBHI,Meditron,0.9898695883364156,4
ICBHI_157_1b1_AR_015,ICBHI_157_1b1_AR,ICBHI_157,1,ICBHI,Meditron,0.989908684514805,4
ICBHI_157_1b1_AR_016,ICBHI_157_1b1_AR,ICBHI_157,1,ICBHI,Meditron,0.999706345366684,4
ICBHI_157_1b1_AR_017,ICBHI_157_1b1_AR,ICBHI_157,1,ICBHI,Meditron,0.9994515207611326,4
ICBHI_157_1b1_AR_018,ICBHI_157_1b1_AR,ICBHI_157,1,ICBHI,Meditron,0.998930873638171,4
ICBHI_157_1b1_AR_019,ICBHI_157_1b1_AR,ICBHI_157,1,ICBHI,Meditron,0.99843301120745,4
ICBHI_157_1b1_AR_020,ICBHI_157_1b1_AR,ICBHI_157,1,ICBHI,Meditron,0.9979007265703336,4
ICBHI_157_1b1_AR_021,ICBHI_157_1b1_AR,ICBHI_157,1,ICBHI,Meditron,0.9951136252099114,4
ICBHI_157_1b1_AR_022,ICBHI_157_1b1_AR,ICBHI_157,1,ICBHI,Meditron,0.9977038409935028,4
ICBHI_157_1b1_AR_023,ICBHI_157_1b1_AR,ICBHI_157,1,ICBHI,Meditron,0.9988440991928482,4
ICBHI_157_1b1_AR_024,ICBHI_157_1b1_AR,ICBHI_157,1,ICBHI,Meditron,0.9992504685743376,4
ICBHI_157_1b1_LR_000,ICBHI_157_1b1_LR,ICBHI_157,1,ICBHI,Meditron,0.9998028305780378,4
ICBHI_157_1b1_LR_001,ICBHI_157_1b1_LR,ICBHI_157,1,ICBHI,Meditron,0.9994600195519032,4
ICBHI_157_1b1_LR_002,ICBHI_157_1b1_LR,ICBHI_157,1,ICBHI,Meditron,0.9996185288352376,4
ICBHI_157_1b1_LR_003,ICBHI_157_1b1_LR,ICBHI_157,1,ICBHI,Meditron,0.9997197890232812,4
ICBHI_157_1b1_LR_004,ICBHI_157_1b1_LR,ICBHI_157,1,ICBHI,Meditron,0.9997326173871384,4
ICBHI_157_1b1_LR_005,ICBHI_157_1b1_LR,ICBHI_157,1,ICBHI,Meditron,0.9997712866852788,4
ICBHI_157_1b1_LR_006,ICBHI_157_1b1_LR,ICBHI_157,1,ICBHI,Meditron,0.999620015485248,4
ICBHI_157_1b1_LR_007,ICBHI_157_1b1_LR,ICBHI_157,1,ICBHI,Meditron,0.9996155380700886,4
ICBHI_157_1b1_LR_008,ICBHI_157_1b1_LR,ICBHI_157,1,ICBHI,Meditron,0.9996110079173974,4
ICBHI_157_1b1_LR_009,ICBHI_157_1b1_LR,ICBHI_157,1,ICBHI,Meditron,0.999571120781748,4
ICBHI_157_1b1_LR_010,ICBHI_157_1b1_LR,ICBHI_157,1,ICBHI,Meditron,0.9997017223584448,4
ICBHI_157_1b1_LR_011,ICBHI_157_1b1_LR,ICBHI_157,1,ICBHI,Meditron,0.99966202057481,4
ICBHI_157_1b1_LR_012,ICBHI_157_1b1_LR,ICBHI_157,1,ICBHI,Meditron,0.9993785369838616,4
ICBHI_157_1b1_LR_013,ICBHI_157_1b1_LR,ICBHI_157,1,ICBHI,Meditron,0.9990924974342854,4
ICBHI_157_1b1_LR_014,ICBHI_157_1b1_LR,ICBHI_157,1,ICBHI,Meditron,0.9984929511366406,4
ICBHI_157_1b1_LR_015,ICBHI_157_1b1_LR,ICBHI_157,1,ICBHI,Meditron,0.998364324670761,4
ICBHI_157_1b1_LR_016,ICBHI_157_1b1_LR,ICBHI_157,1,ICBHI,Meditron,0.9971439874741472,4
ICBHI_157_1b1_LR_017,ICBHI_157_1b1_LR,ICBHI_157,1,ICBHI,Meditron,0.998345075755876,4
ICBHI_157_1b1_LR_018,ICBHI_157_1b1_LR,ICBHI_157,1,ICBHI,Meditron,0.9992620804070852,4
ICBHI_157_1b1_LR_019,ICBHI_157_1b1_LR,ICBHI_157,1,ICBHI,Meditron,0.9992327075871412,4
ICBHI_157_1b1_LR_020,ICBHI_157_1b1_LR,ICBHI_157,1,ICBHI,Meditron,0.9995121428772178,4
ICBHI_157_1b1_LR_021,ICBHI_157_1b1_LR,ICBHI_157,1,ICBHI,Meditron,0.9992875540083602,4
ICBHI_157_1b1_LR_022,ICBHI_157_1b1_LR,ICBHI_157,1,ICBHI,Meditron,0.9986645991810268,4
ICBHI_157_1b1_LR_023,ICBHI_157_1b1_LR,ICBHI_157,1,ICBHI,Meditron,0.9990452682889194,4
ICBHI_157_1b1_LR_024,ICBHI_157_1b1_LR,ICBHI_157,1,ICBHI,Meditron,0.9995694429186754,4
ICBHI_157_1b1_PL_000,ICBHI_157_1b1_PL,ICBHI_157,1,ICBHI,Meditron,0.9996374099337167,4
ICBHI_157_1b1_PL_001,ICBHI_157_1b1_PL,ICBHI_157,1,ICBHI,Meditron,0.9996017869093836,4
ICBHI_157_1b1_PL_002,ICBHI_157_1b1_PL,ICBHI_157,1,ICBHI,Meditron,0.9994138838254832,4
ICBHI_157_1b1_PL_003,ICBHI_157_1b1_PL,ICBHI_157,1,ICBHI,Meditron,0.9994274534183676,4
ICBHI_157_1b1_PL_004,ICBHI_157_1b1_PL,ICBHI_157,1,ICBHI,Meditron,0.9996540083968218,4
ICBHI_157_1b1_PL_005,ICBHI_157_1b1_PL,ICBHI_157,1,ICBHI,Meditron,0.9993809583387016,4
ICBHI_157_1b1_PL_006,ICBHI_157_1b1_PL,ICBHI_157,1,ICBHI,Meditron,0.9985278104907204,4
ICBHI_157_1b1_PL_007,ICBHI_157_1b1_PL,ICBHI_157,1,ICBHI,Meditron,0.9993809583387016,4
ICBHI_157_1b1_PL_008,ICBHI_157_1b1_PL,ICBHI_157,1,ICBHI,Meditron,0.9989474314594652,4
ICBHI_157_1b1_PL_009,ICBHI_157_1b1_PL,ICBHI_157,1,ICBHI,Meditron,0.9995197027681136,4
ICBHI_157_1b1_PL_010,ICBHI_157_1b1_PL,ICBHI_157,1,ICBHI,Meditron,0.9995794125678484,4
ICBHI_157_1b1_PL_011,ICBHI_157_1b1_PL,ICBHI_157,1,ICBHI,Meditron,0.9985335415969152,4
ICBHI_157_1b1_PL_012,ICBHI_157_1b1_PL,ICBHI_157,1,ICBHI,Meditron,0.9996698472749022,4
ICBHI_157_1b1_PL_013,ICBHI_157_1b1_PL,ICBHI_157,1,ICBHI,Meditron,0.999592347407684,4
ICBHI_157_1b1_PL_014,ICBHI_157_1b1_PL,ICBHI_157,1,ICBHI,Meditron,0.9996774927880132,4
ICBHI_157_1b1_PL_015,ICBHI_157_1b1_PL,ICBHI_157,1,ICBHI,Meditron,0.9995197027681136,4
ICBHI_157_1b1_PL_016,ICBHI_157_1b1_PL,ICBHI_157,1,ICBHI,Meditron,0.9996774927880132,4
ICBHI_157_1b1_PL_017,ICBHI_157_1b1_PL,ICBHI_157,1,ICBHI,Meditron,0.9998246300622622,4
ICBHI_157_1b1_PL_018,ICBHI_157_1b1_PL,ICBHI_157,1,ICBHI,Meditron,0.9997640282585172,4
ICBHI_157_1b1_PL_019,ICBHI_157_1b1_PL,ICBHI_157,1,ICBHI,Meditron,0.9996064244064888,4
ICBHI_157_1b1_PL_020,ICBHI_157_1b1_PL,ICBHI_157,1,ICBHI,Meditron,0.998715691879866,4
ICBHI_157_1b1_PL_021,ICBHI_157_1b1_PL,ICBHI_157,1,ICBHI,Meditron,0.9985335415969152,4
ICBHI_157_1b1_PL_022,ICBHI_157_1b1_PL,ICBHI_157,1,ICBHI,Meditron,0.998364324670761,4
ICBHI_157_1b1_PL_023,ICBHI_157_1b1_PL,ICBHI_157,1,ICBHI,Meditron,0.9990377874404024,4
ICBHI_157_1b1_PR_000,ICBHI_157_1b1_PR,ICBHI_157,1,ICBHI,Meditron,0.9992504685743376,4
ICBHI_157_1b1_PR_001,ICBHI_157_1b1_PR,ICBHI_157,1,ICBHI,Meditron,0.9996898440132872,4
ICBHI_157_1b1_PR_002,ICBHI_157_1b1_PR,ICBHI_157,1,ICBHI,Meditron,0.9994472213630764,4
ICBHI_157_1b1_PR_003,ICBHI_157_1b1_PR,ICBHI_157,1,ICBHI,Meditron,0.9993905498409864,4
ICBHI_157_1b1_PR_004,ICBHI_157_1b1_PR,ICBHI_157,1,ICBHI,Meditron,0.9996993836411756,4
ICBHI_157_1b1_PR_005,ICBHI_157_1b1_PR,ICBHI_157,1,ICBHI,Meditron,0.9997817579447292,4
ICBHI_157_1b1_PR_006,ICBHI_157_1b1_PR,ICBHI_157,1,ICBHI,Meditron,0.9993332976907564,4
ICBHI_157_1b1_PR_007,ICBHI_157_1b1_PR,ICBHI_157,1,ICBHI,Meditron,0.9991306326071938,4
ICBHI_157_1b1_PR_008,ICBHI_157_1b1_PR,ICBHI_157,1,ICBHI,Meditron,0.99894331617583,4
ICBHI_157_1b1_PR_009,ICBHI_157_1b1_PR,ICBHI_157,1,ICBHI,Meditron,0.9991065543871268,4
ICBHI_157_1b1_PR_010,ICBHI_157_1b1_PR,ICBHI_157,1,ICBHI,Meditron,0.9988074507197912,4
ICBHI_157_1b1_PR_011,ICBHI_157_1b1_PR,ICBHI_157,1,ICBHI,Meditron,0.9801672891959912,4
ICBHI_157_1b1_PR_012,ICBHI_157_1b1_PR,ICBHI_157,1,ICBHI,Meditron,0.9991606400848502,4
ICBHI_157_1b1_PR_013,ICBHI_157_1b1_PR,ICBHI_157,1,ICBHI,Meditron,0.9990600561193372,4
ICBHI_157_1b1_PR_014,ICBHI_157_1b1_PR,ICBHI_157,1,ICBHI,Meditron,0.999304046316105,4
ICBHI_157_1b1_PR_015,ICBHI_157_1b1_PR,ICBHI_157,1,ICBHI,Meditron,0.9991203937935236,4
ICBHI_157_1b1_PR_016,ICBHI_157_1b1_PR,ICBHI_157,1,ICBHI,Meditron,0.9950563109218776,4
ICBHI_157_1b1_PR_017,ICBHI_157_1b1_PR,ICBHI_157,1,ICBHI,Meditron,0.9914556693065582,4
ICBHI_157_1b1_PR_018,ICBHI_157_1b1_PR,ICBHI_157,1,ICBHI,Meditron,0.9977916112039098,4
ICBHI_157_1b1_PR_019,ICBHI_157_1b1_PR,ICBHI_157,1,ICBHI,Meditron,0.9979251331010008,4
ICBHI_157_1b1_PR_020,ICBHI_157_1b1_PR,ICBHI_157,1,ICBHI,Meditron,0.9942919660808864,4
ICBHI_157_1b1_PR_021,ICBHI_157_1b1_PR,ICBHI_157,1,ICBHI,Meditron,0.9978087593636036,4
ICBHI_157_1b1_PR_022,ICBHI_157_1b1_PR,ICBHI_157,1,ICBHI,Meditron,0.9989556140581076,4
ICBHI_157_1b1_PR_023,ICBHI_157_1b1_PR,ICBHI_157,1,ICBHI,Meditron,0.999680001755926,4
ICBHI_170_1b2_AL_000,ICBHI_170_1b2_AL,ICBHI_170,1,ICBHI,AKGC417L,0.9968025130627536,4
ICBHI_170_1b2_AL_001,ICBHI_170_1b2_AL,ICBHI_170,1,ICBHI,AKGC417L,0.9984632729386814,4
ICBHI_170_1b2_AL_002,ICBHI_170_1b2_AL,ICBHI_170,1,ICBHI,AKGC417L,0.9991373922419716,4
ICBHI_170_1b2_AL_003,ICBHI_170_1b2_AL,ICBHI_170,1,ICBHI,AKGC417L,0.9981251382797388,4
ICBHI_170_1b2_AL_004,ICBHI_170_1b2_AL,ICBHI_170,1,ICBHI,AKGC417L,0.9966755631083444,4
ICBHI_170_1b2_AL_005,ICBHI_170_1b2_AL,ICBHI_170,1,ICBHI,AKGC417L,0.996115523451234,4
ICBHI_170_1b2_AL_006,ICBHI_170_1b2_AL,ICBHI_170,1,ICBHI,AKGC417L,0.9984451866509576,4
ICBHI_170_1b2_AR_000,ICBHI_170_1b2_AR,ICBHI_170,1,ICBHI,AKGC417L,0.9810219632882344,4
ICBHI_170_1b2_AR_001,ICBHI_170_1b2_AR,ICBHI_170,1,ICBHI,AKGC417L,0.999627362312338,4
ICBHI_170_1b2_AR_002,ICBHI_170_1b2_AR,ICBHI_170,1,ICBHI,AKGC417L,0.9988120945058836,4
ICBHI_170_1b2_AR_003,ICBHI_170_1b2_AR,ICBHI_170,1,ICBHI,AKGC417L,0.975854577282535,4
ICBHI_170_1b2_AR_004,ICBHI_170_1b2_AR,ICBHI_170,1,ICBHI,AKGC417L,0.9745803476190712,4
ICBHI_170_1b2_AR_005,ICBHI_170_1b2_AR,ICBHI_170,1,ICBHI,AKGC417L,0.9826909042463318,4
ICBHI_170_1b2_AR_006,ICBHI_170_1b2_AR,ICBHI_170,1,ICBHI,AKGC417L,0.9991100345015296,4
ICBHI_170_1b2_LR_000,ICBHI_170_1b2_LR,ICBHI_170,1,ICBHI,AKGC417L,0.9987934102877536,4
ICBHI_170_1b2_LR_001,ICBHI_170_1b2_LR,ICBHI_170,1,ICBHI,AKGC417L,0.9987551566979116,4
ICBHI_170_1b2_LR_002,ICBHI_170_1b2_LR,ICBHI_170,1,ICBHI,AKGC417L,0.9990746151133504,4
ICBHI_170_1b2_LR_003,ICBHI_170_1b2_LR,ICBHI_170,1,ICBHI,AKGC417L,0.9985046615466896,4
ICBHI_170_1b2_LR_004,ICBHI_170_1b2_LR,ICBHI_170,1,ICBHI,AKGC417L,0.9987306355296328,4
ICBHI_170_1b2_LR_005,ICBHI_170_1b2_LR,ICBHI_170,1,ICBHI,AKGC417L,0.9993613203973564,4
ICBHI_170_1b2_LR_006,ICBHI_170_1b2_LR,ICBHI_170,1,ICBHI,AKGC417L,0.9990960322532406,4
ICBHI_170_1b2_PL_000,ICBHI_170_1b2_PL,ICBHI_170,1,ICBHI,AKGC417L,0.9991340190143472,4
ICBHI_170_1b2_PL_001,ICBHI_170_1b2_PL,ICBHI_170,1,ICBHI,AKGC417L,0.9993280721932551,4
ICBHI_170_1b2_PL_002,ICBHI_170_1b2_PL,ICBHI_170,1,ICBHI,AKGC417L,0.9996485617367192,4
ICBHI_170_1b2_PL_003,ICBHI_170_1b2_PL,ICBHI_170,1,ICBHI,AKGC417L,0.9993537967092804,4
ICBHI_170_1b2_PL_004,ICBHI_170_1b2_PL,ICBHI_170,1,ICBHI,AKGC417L,0.9986801365375204,4
ICBHI_170_1b2_PL_005,ICBHI_170_1b2_PL,ICBHI_170,1,ICBHI,AKGC417L,0.9990415351561638,4
ICBHI_170_1b2_PL_006,ICBHI_170_1b2_PL,ICBHI_170,1,ICBHI,AKGC417L,0.9995875441098898,4
ICBHI_170_1b2_PR_000,ICBHI_170_1b2_PR,ICBHI_170,1,ICBHI,AKGC417L,0.997965182999252,4
ICBHI_170_1b2_PR_001,ICBHI_170_1b2_PR,ICBHI_170,1,ICBHI,AKGC417L,0.9990072738567558,4
ICBHI_170_1b2_PR_002,ICBHI_170_1b2_PR,ICBHI_170,1,ICBHI,AKGC417L,0.9988752425768442,4
ICBHI_170_1b2_PR_003,ICBHI_170_1b2_PR,ICBHI_170,1,ICBHI,AKGC417L,0.9967141667081212,4
ICBHI_170_1b2_PR_004,ICBHI_170_1b2_PR,ICBHI_170,1,ICBHI,AKGC417L,0.9978342328009971,4
ICBHI_170_1b2_PR_005,ICBHI_170_1b2_PR,ICBHI_170,1,ICBHI,AKGC417L,0.999183261895333,4
ICBHI_170_1b2_PR_006,ICBHI_170_1b2_PR,ICBHI_170,1,ICBHI,AKGC417L,0.9989474314594652,4
ICBHI_170_1b2_TC_000,ICBHI_170_1b2_TC,ICBHI_170,1,ICBHI,AKGC417L,0.999574456926026,4
ICBHI_170_1b2_TC_001,ICBHI_170_1b2_TC,ICBHI_170,1,ICBHI,AKGC417L,0.9996874121901304,4
ICBHI_170_1b2_TC_002,ICBHI_170_1b2_TC,ICBHI_170,1,ICBHI,AKGC417L,0.9991864434649486,4
ICBHI_170_1b2_TC_003,ICBHI_170_1b2_TC,ICBHI_170,1,ICBHI,AKGC417L,0.9993952897517442,4
ICBHI_170_1b2_TC_004,ICBHI_170_1b2_TC,ICBHI_170,1,ICBHI,AKGC417L,0.9993952897517442,4
ICBHI_170_1b2_TC_005,ICBHI_170_1b2_TC,ICBHI_170,1,ICBHI,AKGC417L,0.9987355780553608,4
ICBHI_170_1b2_TC_006,ICBHI_170_1b2_TC,ICBHI_170,1,ICBHI,AKGC417L,0.9985506015921836,4
ICBHI_170_1b3_AL_000,ICBHI_170_1b3_AL,ICBHI_170,1,ICBHI,AKGC417L,0.9984021545059828,4
ICBHI_170_1b3_AL_001,ICBHI_170_1b3_AL,ICBHI_170,1,ICBHI,AKGC417L,0.998080762546659,4
ICBHI_170_1b3_AL_002,ICBHI_170_1b3_AL,ICBHI_170,1,ICBHI,AKGC417L,0.998935037327944,4
ICBHI_170_1b3_AL_003,ICBHI_170_1b3_AL,ICBHI_170,1,ICBHI,AKGC417L,0.9991959140643708,4
ICBHI_170_1b3_AL_004,ICBHI_170_1b3_AL,ICBHI_170,1,ICBHI,AKGC417L,0.9990489868953062,4
ICBHI_170_1b3_AL_005,ICBHI_170_1b3_AL,ICBHI_170,1,ICBHI,AKGC417L,0.9990673639986946,4
ICBHI_170_1b3_AL_006,ICBHI_170_1b3_AL,ICBHI_170,1,ICBHI,AKGC417L,0.999402330628897,4
ICBHI_170_1b3_AR_000,ICBHI_170_1b3_AR,ICBHI_170,1,ICBHI,AKGC417L,0.9959614084284945,4
ICBHI_170_1b3_AR_001,ICBHI_170_1b3_AR,ICBHI_170,1,ICBHI,AKGC417L,0.9949592968881544,4
ICBHI_170_1b3_AR_002,ICBHI_170_1b3_AR,ICBHI_170,1,ICBHI,AKGC417L,0.9924227587321393,4
ICBHI_170_1b3_AR_003,ICBHI_170_1b3_AR,ICBHI_170,1,ICBHI,AKGC417L,0.9776712170898904,4
ICBHI_170_1b3_AR_004,ICBHI_170_1b3_AR,ICBHI_170,1,ICBHI,AKGC417L,0.9951702782541956,4
ICBHI_170_1b3_AR_005,ICBHI_170_1b3_AR,ICBHI_170,1,ICBHI,AKGC417L,0.9995380941670976,4
ICBHI_170_1b3_AR_006,ICBHI_170_1b3_AR,ICBHI_170,1,ICBHI,AKGC417L,0.9982038508450995,4
ICBHI_170_1b3_LL_000,ICBHI_170_1b3_LL,ICBHI_170,1,ICBHI,AKGC417L,0.9996526546943404,4
ICBHI_170_1b3_LL_001,ICBHI_170_1b3_LL,ICBHI_170,1,ICBHI,AKGC417L,0.9996259043952698,4
ICBHI_170_1b3_LL_002,ICBHI_170_1b3_LL,ICBHI_170,1,ICBHI,AKGC417L,0.9997241320933664,4
ICBHI_170_1b3_LL_003,ICBHI_170_1b3_LL,ICBHI_170,1,ICBHI,AKGC417L,0.999694651067888,4
ICBHI_170_1b3_LL_004,ICBHI_170_1b3_LL,ICBHI_170,1,ICBHI,AKGC417L,0.9997388096809044,4
ICBHI_170_1b3_LL_005,ICBHI_170_1b3_LL,ICBHI_170,1,ICBHI,AKGC417L,0.9997131459176124,4
ICBHI_170_1b3_LL_006,ICBHI_170_1b3_LL,ICBHI_170,1,ICBHI,AKGC417L,0.9996749641547632,4
ICBHI_170_1b3_LR_000,ICBHI_170_1b3_LR,ICBHI_170,1,ICBHI,AKGC417L,0.999127232969108,4
ICBHI_170_1b3_LR_001,ICBHI_170_1b3_LR,ICBHI_170,1,ICBHI,AKGC417L,0.9989182847472744,4
ICBHI_170_1b3_LR_002,ICBHI_170_1b3_LR,ICBHI_170,1,ICBHI,AKGC417L,0.9992021665183656,4
ICBHI_170_1b3_LR_003,ICBHI_170_1b3_LR,ICBHI_170,1,ICBHI,AKGC417L,0.9991573576912436,4
ICBHI_170_1b3_LR_004,ICBHI_170_1b3_LR,ICBHI_170,1,ICBHI,AKGC417L,0.9986488791671222,4
ICBHI_170_1b3_LR_005,ICBHI_170_1b3_LR,ICBHI_170,1,ICBHI,AKGC417L,0.9987405013606404,4
ICBHI_170_1b3_LR_006,ICBHI_170_1b3_LR,ICBHI_170,1,ICBHI,AKGC417L,0.9991704108116408,4
ICBHI_170_1b3_PL_000,ICBHI_170_1b3_PL,ICBHI_170,1,ICBHI,AKGC417L,0.9995044640524364,4
ICBHI_170_1b3_PL_001,ICBHI_170_1b3_PL,ICBHI_170,1,ICBHI,AKGC417L,0.9996345671438096,4
ICBHI_170_1b3_PL_002,ICBHI_170_1b3_PL,ICBHI_170,1,ICBHI,AKGC417L,0.9997262783268164,4
ICBHI_170_1b3_PL_003,ICBHI_170_1b3_PL,ICBHI_170,1,ICBHI,AKGC417L,0.9997933701751162,4
ICBHI_170_1b3_PL_004,ICBHI_170_1b3_PL,ICBHI_170,1,ICBHI,AKGC417L,0.9997448586044048,4
ICBHI_170_1b3_PL_005,ICBHI_170_1b3_PL,ICBHI_170,1,ICBHI,AKGC417L,0.999827348451724,4
ICBHI_170_1b3_PL_006,ICBHI_170_1b3_PL,ICBHI_170,1,ICBHI,AKGC417L,0.999904645388118,4
ICBHI_170_1b3_PR_000,ICBHI_170_1b3_PR,ICBHI_170,1,ICBHI,AKGC417L,0.999253388538729,4
ICBHI_170_1b3_PR_001,ICBHI_170_1b3_PR,ICBHI_170,1,ICBHI,AKGC417L,0.999418442365144,4
ICBHI_170_1b3_PR_002,ICBHI_170_1b3_PR,ICBHI_170,1,ICBHI,AKGC417L,0.998896973358602,4
ICBHI_170_1b3_PR_003,ICBHI_170_1b3_PR,ICBHI_170,1,ICBHI,AKGC417L,0.998935037327944,4
ICBHI_170_1b3_PR_004,ICBHI_170_1b3_PR,ICBHI_170,1,ICBHI,AKGC417L,0.9991864434649486,4
ICBHI_170_1b3_PR_005,ICBHI_170_1b3_PR,ICBHI_170,1,ICBHI,AKGC417L,0.999018828118793,4
ICBHI_170_1b3_PR_006,ICBHI_170_1b3_PR,ICBHI_170,1,ICBHI,AKGC417L,0.9993332976907564,4
ICBHI_170_1b3_TC_000,ICBHI_170_1b3_TC,ICBHI_170,1,ICBHI,AKGC417L,0.9971661501557534,4
ICBHI_170_1b3_TC_001,ICBHI_170_1b3_TC,ICBHI_170,1,ICBHI,AKGC417L,0.9959139973057952,4
ICBHI_170_1b3_TC_002,ICBHI_170_1b3_TC,ICBHI_170,1,ICBHI,AKGC417L,0.9982453855899006,4
ICBHI_170_1b3_TC_003,ICBHI_170_1b3_TC,ICBHI_170,1,ICBHI,AKGC417L,0.9988350439117648,4
ICBHI_170_1b3_TC_004,ICBHI_170_1b3_TC,ICBHI_170,1,ICBHI,AKGC417L,0.9992021665183656,4
ICBHI_170_1b3_TC_005,ICBHI_170_1b3_TC,ICBHI_170,1,ICBHI,AKGC417L,0.9985730403667225,4
ICBHI_170_1b3_TC_006,ICBHI_170_1b3_TC,ICBHI_170,1,ICBHI,AKGC417L,0.9938549079159148,4
ICBHI_170_1b4_AL_000,ICBHI_170_1b4_AL,ICBHI_170,1,ICBHI,AKGC417L,0.9983770329385312,4
ICBHI_170_1b4_AL_001,ICBHI_170_1b4_AL,ICBHI_170,1,ICBHI,AKGC417L,0.998654139598703,4
ICBHI_170_1b4_AL_002,ICBHI_170_1b4_AL,ICBHI_170,1,ICBHI,AKGC417L,0.9991340190143472,4
ICBHI_170_1b4_AL_003,ICBHI_170_1b4_AL,ICBHI_170,1,ICBHI,AKGC417L,0.9988074507197912,4
ICBHI_170_1b4_AL_004,ICBHI_170_1b4_AL,ICBHI_170,1,ICBHI,AKGC417L,0.9966884809397304,4
ICBHI_170_1b4_AL_005,ICBHI_170_1b4_AL,ICBHI_170,1,ICBHI,AKGC417L,0.9992958484109428,4
ICBHI_170_1b4_AL_006,ICBHI_170_1b4_AL,ICBHI_170,1,ICBHI,AKGC417L,0.9983124903809688,4
ICBHI_170_1b4_AR_000,ICBHI_170_1b4_AR,ICBHI_170,1,ICBHI,AKGC417L,0.9994887420950092,4
ICBHI_170_1b4_AR_001,ICBHI_170_1b4_AR,ICBHI_170,1,ICBHI,AKGC417L,0.9906237625491514,4
ICBHI_170_1b4_AR_002,ICBHI_170_1b4_AR,ICBHI_170,1,ICBHI,AKGC417L,0.9810219632882344,4
ICBHI_170_1b4_AR_003,ICBHI_170_1b4_AR,ICBHI_170,1,ICBHI,AKGC417L,0.983596967483837,4
ICBHI_170_1b4_AR_004,ICBHI_170_1b4_AR,ICBHI_170,1,ICBHI,AKGC417L,0.9978842965994068,4
ICBHI_170_1b4_AR_005,ICBHI_170_1b4_AR,ICBHI_170,1,ICBHI,AKGC417L,0.9989391848195364,4
ICBHI_170_1b4_AR_006,ICBHI_170_1b4_AR,ICBHI_170,1,ICBHI,AKGC417L,0.9990072738567558,4
ICBHI_170_1b4_LR_000,ICBHI_170_1b4_LR,ICBHI_170,1,ICBHI,AKGC417L,0.9992445943672704,4
ICBHI_170_1b4_LR_001,ICBHI_170_1b4_LR,ICBHI_170,1,ICBHI,AKGC417L,0.9990033923087276,4
ICBHI_170_1b4_LR_002,ICBHI_170_1b4_LR,ICBHI_170,1,ICBHI,AKGC417L,0.99832560069629,4
ICBHI_170_1b4_LR_003,ICBHI_170_1b4_LR,ICBHI_170,1,ICBHI,AKGC417L,0.998715691879866,4
ICBHI_170_1b4_LR_004,ICBHI_170_1b4_LR,ICBHI_170,1,ICBHI,AKGC417L,0.9990072738567558,4
ICBHI_170_1b4_LR_005,ICBHI_170_1b4_LR,ICBHI_170,1,ICBHI,AKGC417L,0.9993254441161578,4
ICBHI_170_1b4_LR_006,ICBHI_170_1b4_LR,ICBHI_170,1,ICBHI,AKGC417L,0.9990563807544248,4
ICBHI_170_1b4_PL_000,ICBHI_170_1b4_PL,ICBHI_170,1,ICBHI,AKGC417L,0.9997153775984248,4
ICBHI_170_1b4_PL_001,ICBHI_170_1b4_PL,ICBHI_170,1,ICBHI,AKGC417L,0.9997131459176124,4
ICBHI_170_1b4_PL_002,ICBHI_170_1b4_PL,ICBHI_170,1,ICBHI,AKGC417L,0.9995643698589872,4
ICBHI_170_1b4_PL_003,ICBHI_170_1b4_PL,ICBHI_170,1,ICBHI,AKGC417L,0.9997305208444413,4
ICBHI_170_1b4_PL_004,ICBHI_170_1b4_PL,ICBHI_170,1,ICBHI,AKGC417L,0.9996672587165932,4
ICBHI_170_1b4_PL_005,ICBHI_170_1b4_PL,ICBHI_170,1,ICBHI,AKGC417L,0.9997584337017134,4
ICBHI_170_1b4_PL_006,ICBHI_170_1b4_PL,ICBHI_170,1,ICBHI,AKGC417L,0.9997712866852788,4
ICBHI_170_1b4_PR_000,ICBHI_170_1b4_PR,ICBHI_170,1,ICBHI,AKGC417L,0.9983833500583577,4
ICBHI_170_1b4_PR_001,ICBHI_170_1b4_PR,ICBHI_170,1,ICBHI,AKGC417L,0.9988213279637184,4
ICBHI_170_1b4_PR_002,ICBHI_170_1b4_PR,ICBHI_170,1,ICBHI,AKGC417L,0.9987106717209964,4
ICBHI_170_1b4_PR_003,ICBHI_170_1b4_PR,ICBHI_170,1,ICBHI,AKGC417L,0.9991990463874916,4
ICBHI_170_1b4_PR_004,ICBHI_170_1b4_PR,ICBHI_170,1,ICBHI,AKGC417L,0.9985104826352892,4
ICBHI_170_1b4_PR_005,ICBHI_170_1b4_PR,ICBHI_170,1,ICBHI,AKGC417L,0.9989877139083392,4
ICBHI_170_1b4_PR_006,ICBHI_170_1b4_PR,ICBHI_170,1,ICBHI,AKGC417L,0.9990072738567558,4
ICBHI_170_1b4_TC_000,ICBHI_170_1b4_TC,ICBHI_170,1,ICBHI,AKGC417L,0.9995121428772178,4
ICBHI_170_1b4_TC_001,ICBHI_170_1b4_TC,ICBHI_170,1,ICBHI,AKGC417L,0.9994887420950092,4
ICBHI_170_1b4_TC_002,ICBHI_170_1b4_TC,ICBHI_170,1,ICBHI,AKGC417L,0.9956853120436374,4
ICBHI_170_1b4_TC_003,ICBHI_170_1b4_TC,ICBHI_170,1,ICBHI,AKGC417L,0.9893062422638244,4
ICBHI_170_1b4_TC_004,ICBHI_170_1b4_TC,ICBHI_170,1,ICBHI,AKGC417L,0.9974688886906716,4
ICBHI_170_1b4_TC_005,ICBHI_170_1b4_TC,ICBHI_170,1,ICBHI,AKGC417L,0.9994557867375674,4
ICBHI_170_1b4_TC_006,ICBHI_170_1b4_TC,ICBHI_170,1,ICBHI,AKGC417L,0.9975845167424336,4
ICBHI_170_2b2_AL_000,ICBHI_170_2b2_AL,ICBHI_170,1,ICBHI,AKGC417L,0.9987056319645456,4
ICBHI_170_2b2_AL_001,ICBHI_170_2b2_AL,ICBHI_170,1,ICBHI,AKGC417L,0.9996110079173974,4
ICBHI_170_2b2_AL_002,ICBHI_170_2b2_AL,ICBHI_170,1,ICBHI,AKGC417L,0.9995025255444128,4
ICBHI_170_2b2_AL_003,ICBHI_170_2b2_AL,ICBHI_170,1,ICBHI,AKGC417L,0.9985841293318868,4
ICBHI_170_2b2_AL_004,ICBHI_170_2b2_AL,ICBHI_170,1,ICBHI,AKGC417L,0.9985562441028796,4
ICBHI_170_2b2_AL_005,ICBHI_170_2b2_AL,ICBHI_170,1,ICBHI,AKGC417L,0.9980956697286526,4
ICBHI_170_2b2_AL_006,ICBHI_170_2b2_AL,ICBHI_170,1,ICBHI,AKGC417L,0.998935037327944,4
ICBHI_170_2b2_AR_000,ICBHI_170_2b2_AR,ICBHI_170,1,ICBHI,AKGC417L,0.9969956569837995,4
ICBHI_170_2b2_AR_001,ICBHI_170_2b2_AR,ICBHI_170,1,ICBHI,AKGC417L,0.9987306355296328,4
ICBHI_170_2b2_AR_002,ICBHI_170_2b2_AR,ICBHI_170,1,ICBHI,AKGC417L,0.9904775143296634,4
ICBHI_170_2b2_AR_003,ICBHI_170_2b2_AR,ICBHI_170,1,ICBHI,AKGC417L,0.9394706097974612,4
ICBHI_170_2b2_AR_004,ICBHI_170_2b2_AR,ICBHI_170,1,ICBHI,AKGC417L,0.988536202622004,4
ICBHI_170_2b2_AR_005,ICBHI_170_2b2_AR,ICBHI_170,1,ICBHI,AKGC417L,0.994615062038222,4
ICBHI_170_2b2_AR_006,ICBHI_170_2b2_AR,ICBHI_170,1,ICBHI,AKGC417L,0.9986006016411856,4
ICBHI_170_2b2_LR_000,ICBHI_170_2b2_LR,ICBHI_170,1,ICBHI,AKGC417L,0.9980657388967296,4
ICBHI_170_2b2_LR_001,ICBHI_170_2b2_LR,ICBHI_170,1,ICBHI,AKGC417L,0.9992562971362235,4
ICBHI_170_2b2_LR_002,ICBHI_170_2b2_LR,ICBHI_170,1,ICBHI,AKGC417L,0.9986006016411856,4
ICBHI_170_2b2_LR_003,ICBHI_170_2b2_LR,ICBHI_170,1,ICBHI,AKGC417L,0.9965165758069192,4
ICBHI_170_2b2_LR_004,ICBHI_170_2b2_LR,ICBHI_170,1,ICBHI,AKGC417L,0.9856076636305632,4
ICBHI_170_2b2_LR_005,ICBHI_170_2b2_LR,ICBHI_170,1,ICBHI,AKGC417L,0.9985841293318868,4
ICBHI_170_2b2_LR_006,ICBHI_170_2b2_LR,ICBHI_170,1,ICBHI,AKGC417L,0.9989556140581076,4
ICBHI_170_2b2_PL_000,ICBHI_170_2b2_PL,ICBHI_170,1,ICBHI,AKGC417L,0.9991203937935236,4
ICBHI_170_2b2_PL_001,ICBHI_170_2b2_PL,ICBHI_170,1,ICBHI,AKGC417L,0.9996259043952698,4
ICBHI_170_2b2_PL_002,ICBHI_170_2b2_PL,ICBHI_170,1,ICBHI,AKGC417L,0.9996458063485448,4
ICBHI_170_2b2_PL_003,ICBHI_170_2b2_PL,ICBHI_170,1,ICBHI,AKGC417L,0.9994887420950092,4
ICBHI_170_2b2_PL_004,ICBHI_170_2b2_PL,ICBHI_170,1,ICBHI,AKGC417L,0.9992562971362235,4
ICBHI_170_2b2_PL_005,ICBHI_170_2b2_PL,ICBHI_170,1,ICBHI,AKGC417L,0.9996079582107624,4
ICBHI_170_2b2_PL_006,ICBHI_170_2b2_PL,ICBHI_170,1,ICBHI,AKGC417L,0.999750767475418,4
ICBHI_170_2b2_PR_000,ICBHI_170_2b2_PR,ICBHI_170,1,ICBHI,AKGC417L,0.998238530319926,4
ICBHI_170_2b2_PR_001,ICBHI_170_2b2_PR,ICBHI_170,1,ICBHI,AKGC417L,0.9980505978724696,4
ICBHI_170_2b2_PR_002,ICBHI_170_2b2_PR,ICBHI_170,1,ICBHI,AKGC417L,0.9973785590538324,4
ICBHI_170_2b2_PR_003,ICBHI_170_2b2_PR,ICBHI_170,1,ICBHI,AKGC417L,0.9704646607088953,4
ICBHI_170_2b2_PR_004,ICBHI_170_2b2_PR,ICBHI_170,1,ICBHI,AKGC417L,0.992214345234632,4
ICBHI_170_2b2_PR_005,ICBHI_170_2b2_PR,ICBHI_170,1,ICBHI,AKGC417L,0.998896973358602,4
ICBHI_170_2b2_PR_006,ICBHI_170_2b2_PR,ICBHI_170,1,ICBHI,AKGC417L,0.9993662874917502,4
ICBHI_170_2b2_TC_000,ICBHI_170_2b2_TC,ICBHI_170,1,ICBHI,AKGC417L,0.9984207405711988,4
ICBHI_170_2b2_TC_001,ICBHI_170_2b2_TC,ICBHI_170,1,ICBHI,AKGC417L,0.9974391291574908,4
ICBHI_170_2b2_TC_002,ICBHI_170_2b2_TC,ICBHI_170,1,ICBHI,AKGC417L,0.9979730999195362,4
ICBHI_170_2b2_TC_003,ICBHI_170_2b2_TC,ICBHI_170,1,ICBHI,AKGC417L,0.9967900386241352,4
ICBHI_170_2b2_TC_004,ICBHI_170_2b2_TC,ICBHI_170,1,ICBHI,AKGC417L,0.9869292152258128,4
ICBHI_170_2b2_TC_005,ICBHI_170_2b2_TC,ICBHI_170,1,ICBHI,AKGC417L,0.9938310050773188,4
ICBHI_170_2b2_TC_006,ICBHI_170_2b2_TC,ICBHI_170,1,ICBHI,AKGC417L,0.9979088937475938,4
ICBHI_172_1b3_AL_000,ICBHI_172_1b3_AL,ICBHI_172,1,ICBHI,AKGC417L,0.9991896126509426,4
ICBHI_172_1b3_AL_001,ICBHI_172_1b3_AL,ICBHI_172,1,ICBHI,AKGC417L,0.9991639097030574,4
ICBHI_172_1b3_AL_002,ICBHI_172_1b3_AL,ICBHI_172,1,ICBHI,AKGC417L,0.9989757936215702,4
ICBHI_172_1b3_AL_003,ICBHI_172_1b3_AL,ICBHI_172,1,ICBHI,AKGC417L,0.9993785369838616,4
ICBHI_172_1b3_AL_004,ICBHI_172_1b3_AL,ICBHI_172,1,ICBHI,AKGC417L,0.999356314395516,4
ICBHI_172_1b3_AL_005,ICBHI_172_1b3_AL,ICBHI_172,1,ICBHI,AKGC417L,0.999517823844308,4
ICBHI_172_1b3_AL_006,ICBHI_172_1b3_AL,ICBHI_172,1,ICBHI,AKGC417L,0.9993332976907564,4
ICBHI_172_1b3_AR_000,ICBHI_172_1b3_AR,ICBHI_172,1,ICBHI,AKGC417L,0.9971439874741472,4
ICBHI_172_1b3_AR_001,ICBHI_172_1b3_AR,ICBHI_172,1,ICBHI,AKGC417L,0.9984145693241788,4
ICBHI_172_1b3_AR_002,ICBHI_172_1b3_AR,ICBHI_172,1,ICBHI,AKGC417L,0.9996229714333048,4
ICBHI_172_1b3_AR_003,ICBHI_172_1b3_AR,ICBHI_172,1,ICBHI,AKGC417L,0.9995215743737126,4
ICBHI_172_1b3_AR_004,ICBHI_172_1b3_AR,ICBHI_172,1,ICBHI,AKGC417L,0.9988883318306347,4
ICBHI_172_1b3_AR_005,ICBHI_172_1b3_AR,ICBHI_172,1,ICBHI,AKGC417L,0.999517823844308,4
ICBHI_172_1b3_AR_006,ICBHI_172_1b3_AR,ICBHI_172,1,ICBHI,AKGC417L,0.9993280721932551,4
ICBHI_172_1b3_LL_000,ICBHI_172_1b3_LL,ICBHI_172,1,ICBHI,AKGC417L,0.9994786636933496,4
ICBHI_172_1b3_LL_001,ICBHI_172_1b3_LL,ICBHI_172,1,ICBHI,AKGC417L,0.9997765836398173,4
ICBHI_172_1b3_LL_002,ICBHI_172_1b3_LL,ICBHI_172,1,ICBHI,AKGC417L,0.9996898440132872,4
ICBHI_172_1b3_LL_003,ICBHI_172_1b3_LL,ICBHI_172,1,ICBHI,AKGC417L,0.9996993836411756,4
ICBHI_172_1b3_LL_004,ICBHI_172_1b3_LL,ICBHI_172,1,ICBHI,AKGC417L,0.9996458063485448,4
ICBHI_172_1b3_LL_005,ICBHI_172_1b3_LL,ICBHI_172,1,ICBHI,AKGC417L,0.9996033387792852,4
ICBHI_172_1b3_LL_006,ICBHI_172_1b3_LL,ICBHI_172,1,ICBHI,AKGC417L,0.9995140439276148,4
ICBHI_172_1b3_LR_000,ICBHI_172_1b3_LR,ICBHI_172,1,ICBHI,AKGC417L,0.999547024187722,4
ICBHI_172_1b3_LR_001,ICBHI_172_1b3_LR,ICBHI_172,1,ICBHI,AKGC417L,0.9997153775984248,4
ICBHI_172_1b3_LR_002,ICBHI_172_1b3_LR,ICBHI_172,1,ICBHI,AKGC417L,0.9995970947907232,4
ICBHI_172_1b3_LR_003,ICBHI_172_1b3_LR,ICBHI_172,1,ICBHI,AKGC417L,0.9995626655964818,4
ICBHI_172_1b3_LR_004,ICBHI_172_1b3_LR,ICBHI_172,1,ICBHI,AKGC417L,0.9996567000004942,4
ICBHI_172_1b3_LR_005,ICBHI_172_1b3_LR,ICBHI_172,1,ICBHI,AKGC417L,0.9992791619741188,4
ICBHI_172_1b3_LR_006,ICBHI_172_1b3_LR,ICBHI_172,1,ICBHI,AKGC417L,0.9996567000004942,4
ICBHI_172_1b3_PL_000,ICBHI_172_1b3_PL,ICBHI_172,1,ICBHI,AKGC417L,0.99966202057481,4
ICBHI_172_1b3_PL_001,ICBHI_172_1b3_PL,ICBHI_172,1,ICBHI,AKGC417L,0.9996898440132872,4
ICBHI_172_1b3_PL_002,ICBHI_172_1b3_PL,ICBHI_172,1,ICBHI,AKGC417L,0.9997388096809044,4
ICBHI_172_1b3_PL_003,ICBHI_172_1b3_PL,ICBHI_172,1,ICBHI,AKGC417L,0.999827348451724,4
ICBHI_172_1b3_PL_004,ICBHI_172_1b3_PL,ICBHI_172,1,ICBHI,AKGC417L,0.9998073971230788,4
ICBHI_172_1b3_PL_005,ICBHI_172_1b3_PL,ICBHI_172,1,ICBHI,AKGC417L,0.9998339615304626,4
ICBHI_172_1b3_PL_006,ICBHI_172_1b3_PL,ICBHI_172,1,ICBHI,AKGC417L,0.9998440197236628,4
ICBHI_172_1b3_PR_000,ICBHI_172_1b3_PR,ICBHI_172,1,ICBHI,AKGC417L,0.9987792047532856,4
ICBHI_172_1b3_PR_001,ICBHI_172_1b3_PR,ICBHI_172,1,ICBHI,AKGC417L,0.99883958037482,4
ICBHI_172_1b3_PR_002,ICBHI_172_1b3_PR,ICBHI_172,1,ICBHI,AKGC417L,0.9988839857401568,4
ICBHI_172_1b3_PR_003,ICBHI_172_1b3_PR,ICBHI_172,1,ICBHI,AKGC417L,0.9990415351561638,4
ICBHI_172_1b3_PR_004,ICBHI_172_1b3_PR,ICBHI_172,1,ICBHI,AKGC417L,0.999127232969108,4
ICBHI_172_1b3_PR_005,ICBHI_172_1b3_PR,ICBHI_172,1,ICBHI,AKGC417L,0.9992327075871412,4
ICBHI_172_1b3_PR_006,ICBHI_172_1b3_PR,ICBHI_172,1,ICBHI,AKGC417L,0.9992327075871412,4
ICBHI_172_1b3_TC_000,ICBHI_172_1b3_TC,ICBHI_172,1,ICBHI,AKGC417L,0.9994966644245472,4
ICBHI_172_1b3_TC_001,ICBHI_172_1b3_TC,ICBHI_172,1,ICBHI,AKGC417L,0.9998073971230788,4
ICBHI_172_1b3_TC_002,ICBHI_172_1b3_TC,ICBHI_172,1,ICBHI,AKGC417L,0.9996302611296282,4
ICBHI_172_1b3_TC_003,ICBHI_172_1b3_TC,ICBHI_172,1,ICBHI,AKGC417L,0.9992297068028128,4
ICBHI_172_1b3_TC_004,ICBHI_172_1b3_TC,ICBHI_172,1,ICBHI,AKGC417L,0.999706345366684,4
ICBHI_172_1b3_TC_005,ICBHI_172_1b3_TC,ICBHI_172,1,ICBHI,AKGC417L,0.9999268874567188,4
ICBHI_172_1b3_TC_006,ICBHI_172_1b3_TC,ICBHI_172,1,ICBHI,AKGC417L,0.9999031439169184,4
ICBHI_172_1b4_AL_000,ICBHI_172_1b4_AL,ICBHI_172,1,ICBHI,AKGC417L,0.9865717452580314,4
ICBHI_172_1b4_AL_001,ICBHI_172_1b4_AL,ICBHI_172,1,ICBHI,AKGC417L,0.9993712159807095,4
ICBHI_172_1b4_AL_002,ICBHI_172_1b4_AL,ICBHI_172,1,ICBHI,AKGC417L,0.9998893884028536,4
ICBHI_172_1b4_AL_003,ICBHI_172_1b4_AL,ICBHI_172,1,ICBHI,AKGC417L,0.9998499943378502,4
ICBHI_172_1b4_AL_004,ICBHI_172_1b4_AL,ICBHI_172,1,ICBHI,AKGC417L,0.999523438689581,4
ICBHI_172_1b4_AL_005,ICBHI_172_1b4_AL,ICBHI_172,1,ICBHI,AKGC417L,0.999253388538729,4
ICBHI_172_1b4_AL_006,ICBHI_172_1b4_AL,ICBHI_172,1,ICBHI,AKGC417L,0.9996646498695336,4
ICBHI_172_1b4_AR_000,ICBHI_172_1b4_AR,ICBHI_172,1,ICBHI,AKGC417L,0.9745319170136324,4
ICBHI_172_1b4_AR_001,ICBHI_172_1b4_AR,ICBHI_172,1,ICBHI,AKGC417L,0.9990889488055994,4
ICBHI_172_1b4_AR_002,ICBHI_172_1b4_AR,ICBHI_172,1,ICBHI,AKGC417L,0.9996229714333048,4
ICBHI_172_1b4_AR_003,ICBHI_172_1b4_AR,ICBHI_172,1,ICBHI,AKGC417L,0.9996749641547632,4
ICBHI_172_1b4_AR_004,ICBHI_172_1b4_AR,ICBHI_172,1,ICBHI,AKGC417L,0.9996993836411756,4
ICBHI_172_1b4_AR_005,ICBHI_172_1b4_AR,ICBHI_172,1,ICBHI,AKGC417L,0.998319058298613,4
ICBHI_172_1b4_AR_006,ICBHI_172_1b4_AR,ICBHI_172,1,ICBHI,AKGC417L,0.9929609544025984,4
ICBHI_172_1b4_LL_000,ICBHI_172_1b4_LL,ICBHI_172,1,ICBHI,AKGC417L,0.9959139973057952,4
ICBHI_172_1b4_LL_001,ICBHI_172_1b4_LL,ICBHI_172,1,ICBHI,AKGC417L,0.9990709966240232,4
ICBHI_172_1b4_LL_002,ICBHI_172_1b4_LL,ICBHI_172,1,ICBHI,AKGC417L,0.9997448586044048,4
ICBHI_172_1b4_LL_003,ICBHI_172_1b4_LL,ICBHI_172,1,ICBHI,AKGC417L,0.9996849613059188,4
ICBHI_172_1b4_LL_004,ICBHI_172_1b4_LL,ICBHI_172,1,ICBHI,AKGC417L,0.9997584337017134,4
ICBHI_172_1b4_LL_005,ICBHI_172_1b4_LL,ICBHI_172,1,ICBHI,AKGC417L,0.9997175919220068,4
ICBHI_172_1b4_LL_006,ICBHI_172_1b4_LL,ICBHI_172,1,ICBHI,AKGC417L,0.9994847343156984,4
ICBHI_172_1b4_LR_000,ICBHI_172_1b4_LR,ICBHI_172,1,ICBHI,AKGC417L,0.9988213279637184,4
ICBHI_172_1b4_LR_001,ICBHI_172_1b4_LR,ICBHI_172,1,ICBHI,AKGC417L,0.9990226496068572,4
ICBHI_172_1b4_LR_002,ICBHI_172_1b4_LR,ICBHI_172,1,ICBHI,AKGC417L,0.9998840806568136,4
ICBHI_172_1b4_LR_003,ICBHI_172_1b4_LR,ICBHI_172,1,ICBHI,AKGC417L,0.9997933701751162,4
ICBHI_172_1b4_LR_004,ICBHI_172_1b4_LR,ICBHI_172,1,ICBHI,AKGC417L,0.9997748317581436,4
ICBHI_172_1b4_LR_005,ICBHI_172_1b4_LR,ICBHI_172,1,ICBHI,AKGC417L,0.9997262783268164,4
ICBHI_172_1b4_LR_006,ICBHI_172_1b4_LR,ICBHI_172,1,ICBHI,AKGC417L,0.9996430293649624,4
ICBHI_172_1b4_PL_000,ICBHI_172_1b4_PL,ICBHI_172,1,ICBHI,AKGC417L,0.992481281938568,4
ICBHI_172_1b4_PL_001,ICBHI_172_1b4_PL,ICBHI_172,1,ICBHI,AKGC417L,0.9985841293318868,4
ICBHI_172_1b4_PL_002,ICBHI_172_1b4_PL,ICBHI_172,1,ICBHI,AKGC417L,0.9995777671302332,4
ICBHI_172_1b4_PL_003,ICBHI_172_1b4_PL,ICBHI_172,1,ICBHI,AKGC417L,0.9997153775984248,4
ICBHI_172_1b4_PL_004,ICBHI_172_1b4_PL,ICBHI_172,1,ICBHI,AKGC417L,0.9995083184477072,4
ICBHI_172_1b4_PL_005,ICBHI_172_1b4_PL,ICBHI_172,1,ICBHI,AKGC417L,0.9992236700085756,4
ICBHI_172_1b4_PL_006,ICBHI_172_1b4_PL,ICBHI_172,1,ICBHI,AKGC417L,0.9992386741581052,4
ICBHI_172_1b4_PR_000,ICBHI_172_1b4_PR,ICBHI_172,1,ICBHI,AKGC417L,0.9928508980334536,4
ICBHI_172_1b4_PR_001,ICBHI_172_1b4_PR,ICBHI_172,1,ICBHI,AKGC417L,0.998481149158622,4
ICBHI_172_1b4_PR_002,ICBHI_172_1b4_PR,ICBHI_172,1,ICBHI,AKGC417L,0.9996002289704816,4
ICBHI_172_1b4_PR_003,ICBHI_172_1b4_PR,ICBHI_172,1,ICBHI,AKGC417L,0.9997197890232812,4
ICBHI_172_1b4_PR_004,ICBHI_172_1b4_PR,ICBHI_172,1,ICBHI,AKGC417L,0.9996580379426712,4
ICBHI_172_1b4_PR_005,ICBHI_172_1b4_PR,ICBHI_172,1,ICBHI,AKGC417L,0.998516281097091,4
ICBHI_172_1b4_PR_006,ICBHI_172_1b4_PR,ICBHI_172,1,ICBHI,AKGC417L,0.9973060857980208,4
ICBHI_172_1b4_TC_000,ICBHI_172_1b4_TC,ICBHI_172,1,ICBHI,AKGC417L,0.99771277239413,4
ICBHI_172_1b4_TC_001,ICBHI_172_1b4_TC,ICBHI_172,1,ICBHI,AKGC417L,0.9940196700308718,4
ICBHI_172_1b4_TC_002,ICBHI_172_1b4_TC,ICBHI_172,1,ICBHI,AKGC417L,0.9984929511366406,4
ICBHI_172_1b4_TC_003,ICBHI_172_1b4_TC,ICBHI_172,1,ICBHI,AKGC417L,0.9997175919220068,4
ICBHI_172_1b4_TC_004,ICBHI_172_1b4_TC,ICBHI_172,1,ICBHI,AKGC417L,0.9992763427354946,4
ICBHI_172_1b4_TC_005,ICBHI_172_1b4_TC,ICBHI_172,1,ICBHI,AKGC417L,0.6769403314374747,4
ICBHI_172_1b4_TC_006,ICBHI_172_1b4_TC,ICBHI_172,1,ICBHI,AKGC417L,0.8385475935268097,4
ICBHI_172_1b5_AL_000,ICBHI_172_1b5_AL,ICBHI_172,1,ICBHI,AKGC417L,0.9972423776326046,4
ICBHI_172_1b5_AL_001,ICBHI_172_1b5_AL,ICBHI_172,1,ICBHI,AKGC417L,0.9987256737086126,4
ICBHI_172_1b5_AL_002,ICBHI_172_1b5_AL,ICBHI_172,1,ICBHI,AKGC417L,0.9988530841674524,4
ICBHI_172_1b5_AL_003,ICBHI_172_1b5_AL,ICBHI_172,1,ICBHI,AKGC417L,0.9990302480322174,4
ICBHI_172_1b5_AL_004,ICBHI_172_1b5_AL,ICBHI_172,1,ICBHI,AKGC417L,0.9985046615466896,4
ICBHI_172_1b5_AL_005,ICBHI_172_1b5_AL,ICBHI_172,1,ICBHI,AKGC417L,0.9987106717209964,4
ICBHI_172_1b5_AL_006,ICBHI_172_1b5_AL,ICBHI_172,1,ICBHI,AKGC417L,0.9985618646789076,4
ICBHI_172_1b5_AR_000,ICBHI_172_1b5_AR,ICBHI_172,1,ICBHI,AKGC417L,0.9973165601911425,4
ICBHI_172_1b5_AR_001,ICBHI_172_1b5_AR,ICBHI_172,1,ICBHI,AKGC417L,0.9989474314594652,4
ICBHI_172_1b5_AR_002,ICBHI_172_1b5_AR,ICBHI_172,1,ICBHI,AKGC417L,0.9944234551774076,4
ICBHI_172_1b5_AR_003,ICBHI_172_1b5_AR,ICBHI_172,1,ICBHI,AKGC417L,0.9976125907901376,4
ICBHI_172_1b5_AR_004,ICBHI_172_1b5_AR,ICBHI_172,1,ICBHI,AKGC417L,0.9980657388967296,4
ICBHI_172_1b5_AR_005,ICBHI_172_1b5_AR,ICBHI_172,1,ICBHI,AKGC417L,0.9978842965994068,4
ICBHI_172_1b5_AR_006,ICBHI_172_1b5_AR,ICBHI_172,1,ICBHI,AKGC417L,0.9994946954202548,4
ICBHI_172_1b5_LL_000,ICBHI_172_1b5_LL,ICBHI_172,1,ICBHI,AKGC417L,0.999585930471614,4
ICBHI_172_1b5_LL_001,ICBHI_172_1b5_LL,ICBHI_172,1,ICBHI,AKGC417L,0.9994579072738564,4
ICBHI_172_1b5_LL_002,ICBHI_172_1b5_LL,ICBHI_172,1,ICBHI,AKGC417L,0.999510234393594,4
ICBHI_172_1b5_LL_003,ICBHI_172_1b5_LL,ICBHI_172,1,ICBHI,AKGC417L,0.9995875441098898,4
ICBHI_172_1b5_LL_004,ICBHI_172_1b5_LL,ICBHI_172,1,ICBHI,AKGC417L,0.9995252957440848,4
ICBHI_172_1b5_LL_005,ICBHI_172_1b5_LL,ICBHI_172,1,ICBHI,AKGC417L,0.9994946954202548,4
ICBHI_172_1b5_LL_006,ICBHI_172_1b5_LL,ICBHI_172,1,ICBHI,AKGC417L,0.9993638087890532,4
ICBHI_172_1b5_LR_000,ICBHI_172_1b5_LR,ICBHI_172,1,ICBHI,AKGC417L,0.999896897880293,4
ICBHI_172_1b5_LR_001,ICBHI_172_1b5_LR,ICBHI_172,1,ICBHI,AKGC417L,0.9999097196098496,4
ICBHI_172_1b5_LR_002,ICBHI_172_1b5_LR,ICBHI_172,1,ICBHI,AKGC417L,0.999882255407716,4
ICBHI_172_1b5_LR_003,ICBHI_172_1b5_LR,ICBHI_172,1,ICBHI,AKGC417L,0.999819064230106,4
ICBHI_172_1b5_LR_004,ICBHI_172_1b5_LR,ICBHI_172,1,ICBHI,AKGC417L,0.9999151889582764,4
ICBHI_172_1b5_LR_005,ICBHI_172_1b5_LR,ICBHI_172,1,ICBHI,AKGC417L,0.9998858776145566,4
ICBHI_172_1b5_LR_006,ICBHI_172_1b5_LR,ICBHI_172,1,ICBHI,AKGC417L,0.999904645388118,4
ICBHI_172_1b5_PL_000,ICBHI_172_1b5_PL,ICBHI_172,1,ICBHI,AKGC417L,0.999418442365144,4
ICBHI_172_1b5_PL_001,ICBHI_172_1b5_PL,ICBHI_172,1,ICBHI,AKGC417L,0.9996749641547632,4
ICBHI_172_1b5_PL_002,ICBHI_172_1b5_PL,ICBHI_172,1,ICBHI,AKGC417L,0.9996140339094192,4
ICBHI_172_1b5_PL_003,ICBHI_172_1b5_PL,ICBHI_172,1,ICBHI,AKGC417L,0.999409289574828,4
ICBHI_172_1b5_PL_004,ICBHI_172_1b5_PL,ICBHI_172,1,ICBHI,AKGC417L,0.9995215743737126,4
ICBHI_172_1b5_PL_005,ICBHI_172_1b5_PL,ICBHI_172,1,ICBHI,AKGC417L,0.9994161675418086,4
ICBHI_172_1b5_PL_006,ICBHI_172_1b5_PL,ICBHI_172,1,ICBHI,AKGC417L,0.9992735124786836,4
ICBHI_172_1b5_PR_000,ICBHI_172_1b5_PR,ICBHI_172,1,ICBHI,AKGC417L,0.9982038508450995,4
ICBHI_172_1b5_PR_001,ICBHI_172_1b5_PR,ICBHI_172,1,ICBHI,AKGC417L,0.9986382966250248,4
ICBHI_172_1b5_PR_002,ICBHI_172_1b5_PR,ICBHI_172,1,ICBHI,AKGC417L,0.9988120945058836,4
ICBHI_172_1b5_PR_003,ICBHI_172_1b5_PR,ICBHI_172,1,ICBHI,AKGC417L,0.998539250425049,4
ICBHI_172_1b5_PR_004,ICBHI_172_1b5_PR,ICBHI_172,1,ICBHI,AKGC417L,0.9980505978724696,4
ICBHI_172_1b5_PR_005,ICBHI_172_1b5_PR,ICBHI_172,1,ICBHI,AKGC417L,0.998481149158622,4
ICBHI_172_1b5_PR_006,ICBHI_172_1b5_PR,ICBHI_172,1,ICBHI,AKGC417L,0.9961903698015272,4
ICBHI_172_1b5_TC_000,ICBHI_172_1b5_TC,ICBHI_172,1,ICBHI,AKGC417L,0.99943852125386,4
ICBHI_172_1b5_TC_001,ICBHI_172_1b5_TC,ICBHI_172,1,ICBHI,AKGC417L,0.9996471867315389,4
ICBHI_172_1b5_TC_002,ICBHI_172_1b5_TC,ICBHI_172,1,ICBHI,AKGC417L,0.9985951322454564,4
ICBHI_172_1b5_TC_003,ICBHI_172_1b5_TC,ICBHI_172,1,ICBHI,AKGC417L,0.9994515207611326,4
ICBHI_172_1b5_TC_004,ICBHI_172_1b5_TC,ICBHI_172,1,ICBHI,AKGC417L,0.9998043646624728,4
ICBHI_172_1b5_TC_005,ICBHI_172_1b5_TC,ICBHI_172,1,ICBHI,AKGC417L,0.9997783218943074,4
ICBHI_172_1b5_TC_006,ICBHI_172_1b5_TC,ICBHI_172,1,ICBHI,AKGC417L,0.9995362871571052,4
ICBHI_172_2b5_AL_000,ICBHI_172_2b5_AL,ICBHI_172,1,ICBHI,AKGC417L,0.9973477402942144,4
ICBHI_172_2b5_AL_001,ICBHI_172_2b5_AL,ICBHI_172,1,ICBHI,AKGC417L,0.9990709966240232,4
ICBHI_172_2b5_AL_002,ICBHI_172_2b5_AL,ICBHI_172,1,ICBHI,AKGC417L,0.9987934102877536,4
ICBHI_172_2b5_AL_003,ICBHI_172_2b5_AL,ICBHI_172,1,ICBHI,AKGC417L,0.9991238200484855,4
ICBHI_172_2b5_AL_004,ICBHI_172_2b5_AL,ICBHI_172,1,ICBHI,AKGC417L,0.9995063950104092,4
ICBHI_172_2b5_AL_005,ICBHI_172_2b5_AL,ICBHI_172,1,ICBHI,AKGC417L,0.9994341200134584,4
ICBHI_172_2b5_AL_006,ICBHI_172_2b5_AL,ICBHI_172,1,ICBHI,AKGC417L,0.9990111403020492,4
ICBHI_172_2b5_AR_000,ICBHI_172_2b5_AR,ICBHI_172,1,ICBHI,AKGC417L,0.9990563807544248,4
ICBHI_172_2b5_AR_001,ICBHI_172_2b5_AR,ICBHI_172,1,ICBHI,AKGC417L,0.9986276313099476,4
ICBHI_172_2b5_AR_002,ICBHI_172_2b5_AR,ICBHI_172,1,ICBHI,AKGC417L,0.998481149158622,4
ICBHI_172_2b5_AR_003,ICBHI_172_2b5_AR,ICBHI_172,1,ICBHI,AKGC417L,0.9987792047532856,4
ICBHI_172_2b5_AR_004,ICBHI_172_2b5_AR,ICBHI_172,1,ICBHI,AKGC417L,0.9984572676379068,4
ICBHI_172_2b5_AR_005,ICBHI_172_2b5_AR,ICBHI_172,1,ICBHI,AKGC417L,0.9925969859111274,4
ICBHI_172_2b5_AR_006,ICBHI_172_2b5_AR,ICBHI_172,1,ICBHI,AKGC417L,0.9976858736703106,4
ICBHI_172_2b5_LR_000,ICBHI_172_2b5_LR,ICBHI_172,1,ICBHI,AKGC417L,0.9998676181344024,4
ICBHI_172_2b5_LR_001,ICBHI_172_2b5_LR,ICBHI_172,1,ICBHI,AKGC417L,0.9996345671438096,4
ICBHI_172_2b5_LR_002,ICBHI_172_2b5_LR,ICBHI_172,1,ICBHI,AKGC417L,0.9988664309949126,4
ICBHI_172_2b5_LR_003,ICBHI_172_2b5_LR,ICBHI_172,1,ICBHI,AKGC417L,0.9994450590492856,4
ICBHI_172_2b5_LR_004,ICBHI_172_2b5_LR,ICBHI_172,1,ICBHI,AKGC417L,0.999773066142504,4
ICBHI_172_2b5_LR_005,ICBHI_172_2b5_LR,ICBHI_172,1,ICBHI,AKGC417L,0.9995452520967412,4
ICBHI_172_2b5_LR_006,ICBHI_172_2b5_LR,ICBHI_172,1,ICBHI,AKGC417L,0.9996471867315389,4
ICBHI_172_2b5_PL_000,ICBHI_172_2b5_PL,ICBHI_172,1,ICBHI,AKGC417L,0.9993809583387016,4
ICBHI_172_2b5_PL_001,ICBHI_172_2b5_PL,ICBHI_172,1,ICBHI,AKGC417L,0.9997834559501048,4
ICBHI_172_2b5_PL_002,ICBHI_172_2b5_PL,ICBHI_172,1,ICBHI,AKGC417L,0.9995626655964818,4
ICBHI_172_2b5_PL_003,ICBHI_172_2b5_PL,ICBHI_172,1,ICBHI,AKGC417L,0.9990302480322174,4
ICBHI_172_2b5_PL_004,ICBHI_172_2b5_PL,ICBHI_172,1,ICBHI,AKGC417L,0.9990452682889194,4
ICBHI_172_2b5_PL_005,ICBHI_172_2b5_PL,ICBHI_172,1,ICBHI,AKGC417L,0.9990709966240232,4
ICBHI_172_2b5_PL_006,ICBHI_172_2b5_PL,ICBHI_172,1,ICBHI,AKGC417L,0.9989757936215702,4
ICBHI_172_2b5_PR_000,ICBHI_172_2b5_PR,ICBHI_172,1,ICBHI,AKGC417L,0.99908538631333,4
ICBHI_172_2b5_PR_001,ICBHI_172_2b5_PR,ICBHI_172,1,ICBHI,AKGC417L,0.999571120781748,4
ICBHI_172_2b5_PR_002,ICBHI_172_2b5_PR,ICBHI_172,1,ICBHI,AKGC417L,0.9994827186660278,4
ICBHI_172_2b5_PR_003,ICBHI_172_2b5_PR,ICBHI_172,1,ICBHI,AKGC417L,0.999532651911922,4
ICBHI_172_2b5_PR_004,ICBHI_172_2b5_PR,ICBHI_172,1,ICBHI,AKGC417L,0.9995626655964818,4
ICBHI_172_2b5_PR_005,ICBHI_172_2b5_PR,ICBHI_172,1,ICBHI,AKGC417L,0.9993881659799272,4
ICBHI_172_2b5_PR_006,ICBHI_172_2b5_PR,ICBHI_172,1,ICBHI,AKGC417L,0.9990111403020492,4
ICBHI_172_2b5_TC_000,ICBHI_172_2b5_TC,ICBHI_172,1,ICBHI,AKGC417L,0.999018828118793,4
ICBHI_172_2b5_TC_001,ICBHI_172_2b5_TC,ICBHI_172,1,ICBHI,AKGC417L,0.9945307254013008,4
ICBHI_172_2b5_TC_002,ICBHI_172_2b5_TC,ICBHI_172,1,ICBHI,AKGC417L,0.9965029897474263,4
ICBHI_172_2b5_TC_003,ICBHI_172_2b5_TC,ICBHI_172,1,ICBHI,AKGC417L,0.9989474314594652,4
ICBHI_172_2b5_TC_004,ICBHI_172_2b5_TC,ICBHI_172,1,ICBHI,AKGC417L,0.9983579333307973,4
ICBHI_172_2b5_TC_005,ICBHI_172_2b5_TC,ICBHI_172,1,ICBHI,AKGC417L,0.9970073347546454,4
ICBHI_172_2b5_TC_006,ICBHI_172_2b5_TC,ICBHI_172,1,ICBHI,AKGC417L,0.9990452682889194,4
ICBHI_181_1b1_AR_000,ICBHI_181_1b1_AR,ICBHI_181,1,ICBHI,LittC2SE,0.9997901169117968,4
ICBHI_181_1b1_AR_001,ICBHI_181_1b1_AR,ICBHI_181,1,ICBHI,LittC2SE,0.9997175919220068,4
ICBHI_181_1b1_AR_002,ICBHI_181_1b1_AR,ICBHI_181,1,ICBHI,LittC2SE,0.9996774927880132,4
ICBHI_181_1b1_AR_003,ICBHI_181_1b1_AR,ICBHI_181,1,ICBHI,LittC2SE,0.9997326173871384,4
ICBHI_181_1b1_AR_004,ICBHI_181_1b1_AR,ICBHI_181,1,ICBHI,LittC2SE,0.9998756377487168,4
ICBHI_181_1b1_AR_005,ICBHI_181_1b1_AR,ICBHI_181,1,ICBHI,LittC2SE,0.9998893884028536,4
ICBHI_181_1b1_AR_006,ICBHI_181_1b1_AR,ICBHI_181,1,ICBHI,LittC2SE,0.9997584337017134,4
ICBHI_181_1b1_TC_000,ICBHI_181_1b1_TC,ICBHI_181,1,ICBHI,LittC2SE,0.999409289574828,4
ICBHI_181_1b1_TC_001,ICBHI_181_1b1_TC,ICBHI_181,1,ICBHI,LittC2SE,0.9998476324523258,4
ICBHI_181_1b1_TC_002,ICBHI_181_1b1_TC,ICBHI_181,1,ICBHI,LittC2SE,0.9994472213630764,4
ICBHI_181_1b1_TC_003,ICBHI_181_1b1_TC,ICBHI_181,1,ICBHI,LittC2SE,0.9988752425768442,4
ICBHI_181_1b1_TC_004,ICBHI_181_1b1_TC,ICBHI_181,1,ICBHI,LittC2SE,0.9997933701751162,4
ICBHI_181_1b1_TC_005,ICBHI_181_1b1_TC,ICBHI_181,1,ICBHI,LittC2SE,0.9991440993632548,4
ICBHI_181_1b1_TC_006,ICBHI_181_1b1_TC,ICBHI_181,1,ICBHI,LittC2SE,0.9997488132115092,4
ICBHI_181_1b2_AR_000,ICBHI_181_1b2_AR,ICBHI_181,1,ICBHI,LittC2SE,0.999819064230106,4
ICBHI_181_1b2_AR_001,ICBHI_181_1b2_AR,ICBHI_181,1,ICBHI,LittC2SE,0.9998944531420456,4
ICBHI_181_1b2_AR_002,ICBHI_181_1b2_AR,ICBHI_181,1,ICBHI,LittC2SE,0.999947747731596,4
ICBHI_181_1b2_AR_003,ICBHI_181_1b2_AR,ICBHI_181,1,ICBHI,LittC2SE,0.9998259945644729,4
ICBHI_181_1b2_AR_004,ICBHI_181_1b2_AR,ICBHI_181,1,ICBHI,LittC2SE,0.999773066142504,4
ICBHI_181_1b2_AR_005,ICBHI_181_1b2_AR,ICBHI_181,1,ICBHI,LittC2SE,0.999852319616634,4
ICBHI_181_1b2_AR_006,ICBHI_181_1b2_AR,ICBHI_181,1,ICBHI,LittC2SE,0.9998746624857436,4
ICBHI_181_1b3_TC_000,ICBHI_181_1b3_TC,ICBHI_181,1,ICBHI,LittC2SE,0.999872688958378,4
ICBHI_181_1b3_TC_001,ICBHI_181_1b3_TC,ICBHI_181,1,ICBHI,LittC2SE,0.99969225692354,4
ICBHI_181_1b3_TC_002,ICBHI_181_1b3_TC,ICBHI_181,1,ICBHI,LittC2SE,0.9996110079173974,4
ICBHI_181_1b3_TC_003,ICBHI_181_1b3_TC,ICBHI_181,1,ICBHI,LittC2SE,0.9997676858113772,4
ICBHI_181_1b3_TC_004,ICBHI_181_1b3_TC,ICBHI_181,1,ICBHI,LittC2SE,0.999694651067888,4
ICBHI_181_1b3_TC_005,ICBHI_181_1b3_TC,ICBHI_181,1,ICBHI,LittC2SE,0.9996580379426712,4
ICBHI_181_1b3_TC_006,ICBHI_181_1b3_TC,ICBHI_181,1,ICBHI,LittC2SE,0.999832659492526,4
ICBHI_192_2b1_AL_000,ICBHI_192_2b1_AL,ICBHI_192,1,ICBHI,LittC2SE,0.9999118107684012,4
ICBHI_192_2b1_AL_001,ICBHI_192_2b1_AL,ICBHI_192,1,ICBHI,LittC2SE,0.9999209469614062,4
ICBHI_192_2b1_AL_002,ICBHI_192_2b1_AL,ICBHI_192,1,ICBHI,LittC2SE,0.9998676181344024,4
ICBHI_192_2b1_AL_003,ICBHI_192_2b1_AL,ICBHI_192,1,ICBHI,LittC2SE,0.999923975205517,4
ICBHI_192_2b1_AL_004,ICBHI_192_2b1_AL,ICBHI_192,1,ICBHI,LittC2SE,0.999955653725157,4
ICBHI_192_2b1_AL_005,ICBHI_192_2b1_AL,ICBHI_192,1,ICBHI,LittC2SE,0.9999460891559674,4
ICBHI_192_2b1_AL_006,ICBHI_192_2b1_AL,ICBHI_192,1,ICBHI,LittC2SE,0.9999520504168802,4
ICBHI_192_2b1_AR_000,ICBHI_192_2b1_AR,ICBHI_192,1,ICBHI,LittC2SE,0.9998427965475108,4
ICBHI_192_2b1_AR_001,ICBHI_192_2b1_AR,ICBHI_192,1,ICBHI,LittC2SE,0.9998133217844208,4
ICBHI_192_2b1_AR_002,ICBHI_192_2b1_AR,ICBHI_192,1,ICBHI,LittC2SE,0.9997584337017134,4
ICBHI_192_2b1_AR_003,ICBHI_192_2b1_AR,ICBHI_192,1,ICBHI,LittC2SE,0.9998133217844208,4
ICBHI_192_2b1_AR_004,ICBHI_192_2b1_AR,ICBHI_192,1,ICBHI,LittC2SE,0.9997694932780068,4
ICBHI_192_2b1_AR_005,ICBHI_192_2b1_AR,ICBHI_192,1,ICBHI,LittC2SE,0.9996672587165932,4
ICBHI_192_2b1_AR_006,ICBHI_192_2b1_AR,ICBHI_192,1,ICBHI,LittC2SE,0.9997367616790968,4
ICBHI_192_2b2_AL_000,ICBHI_192_2b2_AL,ICBHI_192,1,ICBHI,LittC2SE,0.9999651918780388,4
ICBHI_192_2b2_AL_001,ICBHI_192_2b2_AL,ICBHI_192,1,ICBHI,LittC2SE,0.9999683067455708,4
ICBHI_192_2b2_AL_002,ICBHI_192_2b2_AL,ICBHI_192,1,ICBHI,LittC2SE,0.9999268874567188,4
ICBHI_192_2b2_AL_003,ICBHI_192_2b2_AL,ICBHI_192,1,ICBHI,LittC2SE,0.999914523833889,4
ICBHI_192_2b2_AL_004,ICBHI_192_2b2_AL,ICBHI_192,1,ICBHI,LittC2SE,0.9999790518128678,4
ICBHI_192_2b2_AL_005,ICBHI_192_2b2_AL,ICBHI_192,1,ICBHI,LittC2SE,0.9999718113371956,4
ICBHI_192_2b2_AL_006,ICBHI_192_2b2_AL,ICBHI_192,1,ICBHI,LittC2SE,0.999969520858075,4
ICBHI_192_2b2_AR_000,ICBHI_192_2b2_AR,ICBHI_192,1,ICBHI,LittC2SE,0.9997694932780068,4
ICBHI_192_2b2_AR_001,ICBHI_192_2b2_AR,ICBHI_192,1,ICBHI,LittC2SE,0.999819064230106,4
ICBHI_192_2b2_AR_002,ICBHI_192_2b2_AR,ICBHI_192,1,ICBHI,LittC2SE,0.9998259945644729,4
ICBHI_192_2b2_AR_003,ICBHI_192_2b2_AR,ICBHI_192,1,ICBHI,LittC2SE,0.9997694932780068,4
ICBHI_192_2b2_AR_004,ICBHI_192_2b2_AR,ICBHI_192,1,ICBHI,LittC2SE,0.9997765836398173,4
ICBHI_192_2b2_AR_005,ICBHI_192_2b2_AR,ICBHI_192,1,ICBHI,LittC2SE,0.9997527065386754,4
ICBHI_192_2b2_AR_006,ICBHI_192_2b2_AR,ICBHI_192,1,ICBHI,LittC2SE,0.9997981557837118,4
ICBHI_192_2b3_AL_000,ICBHI_192_2b3_AL,ICBHI_192,1,ICBHI,LittC2SE,0.9998686482029348,4
ICBHI_192_2b3_AL_001,ICBHI_192_2b3_AL,ICBHI_192,1,ICBHI,LittC2SE,0.9998840806568136,4
ICBHI_192_2b3_AL_002,ICBHI_192_2b3_AL,ICBHI_192,1,ICBHI,LittC2SE,0.999923975205517,4
ICBHI_192_2b3_AL_003,ICBHI_192_2b3_AL,ICBHI_192,1,ICBHI,LittC2SE,0.9999535256018997,4
ICBHI_192_2b3_AL_004,ICBHI_192_2b3_AL,ICBHI_192,1,ICBHI,LittC2SE,0.999956341220406,4
ICBHI_192_2b3_AL_005,ICBHI_192_2b3_AL,ICBHI_192,1,ICBHI,LittC2SE,0.9998804014219498,4
ICBHI_192_2b3_AL_006,ICBHI_192_2b3_AL,ICBHI_192,1,ICBHI,LittC2SE,0.999819064230106,4
ICBHI_192_2b3_AR_000,ICBHI_192_2b3_AR,ICBHI_192,1,ICBHI,LittC2SE,0.999832659492526,4
ICBHI_192_2b3_AR_001,ICBHI_192_2b3_AR,ICBHI_192,1,ICBHI,LittC2SE,0.9997527065386754,4
ICBHI_192_2b3_AR_002,ICBHI_192_2b3_AR,ICBHI_192,1,ICBHI,LittC2SE,0.9997603131349772,4
ICBHI_192_2b3_AR_003,ICBHI_192_2b3_AR,ICBHI_192,1,ICBHI,LittC2SE,0.9998390691750132,4
ICBHI_192_2b3_AR_004,ICBHI_192_2b3_AR,ICBHI_192,1,ICBHI,LittC2SE,0.999872688958378,4
ICBHI_192_2b3_AR_005,ICBHI_192_2b3_AR,ICBHI_192,1,ICBHI,LittC2SE,0.9998012844663928,4
ICBHI_192_2b3_AR_006,ICBHI_192_2b3_AR,ICBHI_192,1,ICBHI,LittC2SE,0.9998073971230788,4
ICBHI_204_2b5_AL_000,ICBHI_204_2b5_AL,ICBHI_204,1,ICBHI,AKGC417L,0.999773066142504,4
ICBHI_204_2b5_AL_001,ICBHI_204_2b5_AL,ICBHI_204,1,ICBHI,AKGC417L,0.9997981557837118,4
ICBHI_204_2b5_AL_002,ICBHI_204_2b5_AL,ICBHI_204,1,ICBHI,AKGC417L,0.9998427965475108,4
ICBHI_204_2b5_AL_003,ICBHI_204_2b5_AL,ICBHI_204,1,ICBHI,AKGC417L,0.9998893884028536,4
ICBHI_204_2b5_AL_004,ICBHI_204_2b5_AL,ICBHI_204,1,ICBHI,AKGC417L,0.9996302611296282,4
ICBHI_204_2b5_AL_005,ICBHI_204_2b5_AL,ICBHI_204,1,ICBHI,AKGC417L,0.999832659492526,4
ICBHI_204_2b5_AL_006,ICBHI_204_2b5_AL,ICBHI_204,1,ICBHI,AKGC417L,0.9994907342856147,4
ICBHI_204_2b5_AR_000,ICBHI_204_2b5_AR,ICBHI_204,1,ICBHI,AKGC417L,0.9996002289704816,4
ICBHI_204_2b5_AR_001,ICBHI_204_2b5_AR,ICBHI_204,1,ICBHI,AKGC417L,0.9994207083300786,4
ICBHI_204_2b5_AR_002,ICBHI_204_2b5_AR,ICBHI_204,1,ICBHI,AKGC417L,0.9993638087890532,4
ICBHI_204_2b5_AR_003,ICBHI_204_2b5_AR,ICBHI_204,1,ICBHI,AKGC417L,0.999627362312338,4
ICBHI_204_2b5_AR_004,ICBHI_204_2b5_AR,ICBHI_204,1,ICBHI,AKGC417L,0.9996302611296282,4
ICBHI_204_2b5_AR_005,ICBHI_204_2b5_AR,ICBHI_204,1,ICBHI,AKGC417L,0.999547024187722,4
ICBHI_204_2b5_AR_006,ICBHI_204_2b5_AR,ICBHI_204,1,ICBHI,AKGC417L,0.9995660674829808,4
ICBHI_204_2b5_LL_000,ICBHI_204_2b5_LL,ICBHI_204,1,ICBHI,AKGC417L,0.9998488180067272,4
ICBHI_204_2b5_LL_001,ICBHI_204_2b5_LL,ICBHI_204,1,ICBHI,AKGC417L,0.9995826842393224,4
ICBHI_204_2b5_LL_002,ICBHI_204_2b5_LL,ICBHI_204,1,ICBHI,AKGC417L,0.9997388096809044,4
ICBHI_204_2b5_LL_003,ICBHI_204_2b5_LL,ICBHI_204,1,ICBHI,AKGC417L,0.9997817579447292,4
ICBHI_204_2b5_LL_004,ICBHI_204_2b5_LL,ICBHI_204,1,ICBHI,AKGC417L,0.9997748317581436,4
ICBHI_204_2b5_LL_005,ICBHI_204_2b5_LL,ICBHI_204,1,ICBHI,AKGC417L,0.9997262783268164,4
ICBHI_204_2b5_LL_006,ICBHI_204_2b5_LL,ICBHI_204,1,ICBHI,AKGC417L,0.9998612658774207,4
ICBHI_204_7p5_AL_000,ICBHI_204_7p5_AL,ICBHI_204,1,ICBHI,AKGC417L,0.9982725413732704,4
ICBHI_204_7p5_AL_001,ICBHI_204_7p5_AL,ICBHI_204,1,ICBHI,AKGC417L,0.9988120945058836,4
ICBHI_204_7p5_AL_002,ICBHI_204_7p5_AL,ICBHI_204,1,ICBHI,AKGC417L,0.9990149917032548,4
ICBHI_204_7p5_AL_003,ICBHI_204_7p5_AL,ICBHI_204,1,ICBHI,AKGC417L,0.99908538631333,4
ICBHI_204_7p5_AL_004,ICBHI_204_7p5_AL,ICBHI_204,1,ICBHI,AKGC417L,0.999127232969108,4
ICBHI_204_7p5_AL_005,ICBHI_204_7p5_AL,ICBHI_204,1,ICBHI,AKGC417L,0.9987005725342086,4
ICBHI_204_7p5_AL_006,ICBHI_204_7p5_AL,ICBHI_204,1,ICBHI,AKGC417L,0.9993121488449448,4
ICBHI_204_7p5_AR_000,ICBHI_204_7p5_AR,ICBHI_204,1,ICBHI,AKGC417L,0.998319058298613,4
ICBHI_204_7p5_AR_001,ICBHI_204_7p5_AR,ICBHI_204,1,ICBHI,AKGC417L,0.9990489868953062,4
ICBHI_204_7p5_AR_002,ICBHI_204_7p5_AR,ICBHI_204,1,ICBHI,AKGC417L,0.9993254441161578,4
ICBHI_204_7p5_AR_003,ICBHI_204_7p5_AR,ICBHI_204,1,ICBHI,AKGC417L,0.999147433358729,4
ICBHI_204_7p5_AR_004,ICBHI_204_7p5_AR,ICBHI_204,1,ICBHI,AKGC417L,0.99883958037482,4
ICBHI_204_7p5_AR_005,ICBHI_204_7p5_AR,ICBHI_204,1,ICBHI,AKGC417L,0.998715691879866,4
ICBHI_204_7p5_AR_006,ICBHI_204_7p5_AR,ICBHI_204,1,ICBHI,AKGC417L,0.9991540624724046,4
ICBHI_204_7p5_LL_000,ICBHI_204_7p5_LL,ICBHI_204,1,ICBHI,AKGC417L,0.9990264562254172,4
ICBHI_204_7p5_LL_001,ICBHI_204_7p5_LL,ICBHI_204,1,ICBHI,AKGC417L,0.9989797825500956,4
ICBHI_204_7p5_LL_002,ICBHI_204_7p5_LL,ICBHI_204,1,ICBHI,AKGC417L,0.998539250425049,4
ICBHI_204_7p5_LL_003,ICBHI_204_7p5_LL,ICBHI_204,1,ICBHI,AKGC417L,0.9984207405711988,4
ICBHI_204_7p5_LL_004,ICBHI_204_7p5_LL,ICBHI_204,1,ICBHI,AKGC417L,0.9986954933533844,4
ICBHI_204_7p5_LL_005,ICBHI_204_7p5_LL,ICBHI_204,1,ICBHI,AKGC417L,0.9985449370614672,4
ICBHI_204_7p5_LL_006,ICBHI_204_7p5_LL,ICBHI_204,1,ICBHI,AKGC417L,0.99894331617583,4
ICBHI_204_7p5_LR_000,ICBHI_204_7p5_LR,ICBHI_204,1,ICBHI,AKGC417L,0.999183261895333,4
ICBHI_204_7p5_LR_001,ICBHI_204_7p5_LR,ICBHI_204,1,ICBHI,AKGC417L,0.9990818099034152,4
ICBHI_204_7p5_LR_002,ICBHI_204_7p5_LR,ICBHI_204,1,ICBHI,AKGC417L,0.9992052745043748,4
ICBHI_204_7p5_LR_003,ICBHI_204_7p5_LR,ICBHI_204,1,ICBHI,AKGC417L,0.9990782195215828,4
ICBHI_204_7p5_LR_004,ICBHI_204_7p5_LR,ICBHI_204,1,ICBHI,AKGC417L,0.99908538631333,4
ICBHI_204_7p5_LR_005,ICBHI_204_7p5_LR,ICBHI_204,1,ICBHI,AKGC417L,0.998798108681489,4
ICBHI_204_7p5_LR_006,ICBHI_204_7p5_LR,ICBHI_204,1,ICBHI,AKGC417L,0.9989182847472744,4
ICBHI_204_7p5_PR_000,ICBHI_204_7p5_PR,ICBHI_204,1,ICBHI,AKGC417L,0.9990489868953062,4
ICBHI_204_7p5_PR_001,ICBHI_204_7p5_PR,ICBHI_204,1,ICBHI,AKGC417L,0.998983755958932,4
ICBHI_204_7p5_PR_002,ICBHI_204_7p5_PR,ICBHI_204,1,ICBHI,AKGC417L,0.9991203937935236,4
ICBHI_204_7p5_PR_003,ICBHI_204_7p5_PR,ICBHI_204,1,ICBHI,AKGC417L,0.9990340250847796,4
ICBHI_204_7p5_PR_004,ICBHI_204_7p5_PR,ICBHI_204,1,ICBHI,AKGC417L,0.9989955836687396,4
ICBHI_204_7p5_PR_005,ICBHI_204_7p5_PR,ICBHI_204,1,ICBHI,AKGC417L,0.9986435982025386,4
ICBHI_204_7p5_PR_006,ICBHI_204_7p5_PR,ICBHI_204,1,ICBHI,AKGC417L,0.9985449370614672,4
ICBHI_204_7p5_TC_000,ICBHI_204_7p5_TC,ICBHI_204,1,ICBHI,AKGC417L,0.9988027888018683,4
ICBHI_204_7p5_TC_001,ICBHI_204_7p5_TC,ICBHI_204,1,ICBHI,AKGC417L,0.999217585940976,4
ICBHI_204_7p5_TC_002,ICBHI_204_7p5_TC,ICBHI_204,1,ICBHI,AKGC417L,0.9991440993632548,4
ICBHI_204_7p5_TC_003,ICBHI_204_7p5_TC,ICBHI_204,1,ICBHI,AKGC417L,0.9994493752561064,4
ICBHI_204_7p5_TC_004,ICBHI_204_7p5_TC,ICBHI_204,1,ICBHI,AKGC417L,0.9994683867223316,4
ICBHI_204_7p5_TC_005,ICBHI_204_7p5_TC,ICBHI_204,1,ICBHI,AKGC417L,0.9992903296008996,4
ICBHI_204_7p5_TC_006,ICBHI_204_7p5_TC,ICBHI_204,1,ICBHI,AKGC417L,0.9993736658418904,4
ICBHI_205_1b3_AL_000,ICBHI_205_1b3_AL,ICBHI_205,1,ICBHI,AKGC417L,0.9998601779243528,4
ICBHI_205_1b3_AL_001,ICBHI_205_1b3_AL,ICBHI_205,1,ICBHI,AKGC417L,0.999905387373387,4
ICBHI_205_1b3_AL_002,ICBHI_205_1b3_AL,ICBHI_205,1,ICBHI,AKGC417L,0.999935477852708,4
ICBHI_205_1b3_AL_003,ICBHI_205_1b3_AL,ICBHI_205,1,ICBHI,AKGC417L,0.9998073971230788,4
ICBHI_205_1b3_AL_004,ICBHI_205_1b3_AL,ICBHI_205,1,ICBHI,AKGC417L,0.9998300247109037,4
ICBHI_205_1b3_AL_005,ICBHI_205_1b3_AL,ICBHI_205,1,ICBHI,AKGC417L,0.9994363249268948,4
ICBHI_205_1b3_AL_006,ICBHI_205_1b3_AL,ICBHI_205,1,ICBHI,AKGC417L,0.9996017869093836,4
ICBHI_205_1b3_AR_000,ICBHI_205_1b3_AR,ICBHI_205,1,ICBHI,AKGC417L,0.9909797204985978,4
ICBHI_205_1b3_AR_001,ICBHI_205_1b3_AR,ICBHI_205,1,ICBHI,AKGC417L,0.9965703960759056,4
ICBHI_205_1b3_AR_002,ICBHI_205_1b3_AR,ICBHI_205,1,ICBHI,AKGC417L,0.9982178036776336,4
ICBHI_205_1b3_AR_003,ICBHI_205_1b3_AR,ICBHI_205,1,ICBHI,AKGC417L,0.9971328414066062,4
ICBHI_205_1b3_AR_004,ICBHI_205_1b3_AR,ICBHI_205,1,ICBHI,AKGC417L,0.9954615682752046,4
ICBHI_205_1b3_AR_005,ICBHI_205_1b3_AR,ICBHI_205,1,ICBHI,AKGC417L,0.9961306089915052,4
ICBHI_205_1b3_AR_006,ICBHI_205_1b3_AR,ICBHI_205,1,ICBHI,AKGC417L,0.9869292152258128,4
ICBHI_205_1b3_LL_000,ICBHI_205_1b3_LL,ICBHI_205,1,ICBHI,AKGC417L,0.9942474549497629,4
ICBHI_205_1b3_LL_001,ICBHI_205_1b3_LL,ICBHI_205,1,ICBHI,AKGC417L,0.961893381187516,4
ICBHI_205_1b3_LL_002,ICBHI_205_1b3_LL,ICBHI_205,1,ICBHI,AKGC417L,0.994488065789193,4
ICBHI_205_1b3_LL_003,ICBHI_205_1b3_LL,ICBHI_205,1,ICBHI,AKGC417L,0.9950177302695786,4
ICBHI_205_1b3_LL_004,ICBHI_205_1b3_LL,ICBHI_205,1,ICBHI,AKGC417L,0.9916519461902168,4
ICBHI_205_1b3_LL_005,ICBHI_205_1b3_LL,ICBHI_205,1,ICBHI,AKGC417L,0.9975939111608828,4
ICBHI_205_1b3_LL_006,ICBHI_205_1b3_LL,ICBHI_205,1,ICBHI,AKGC417L,0.9817006677897864,4
ICBHI_205_1b3_LR_000,ICBHI_205_1b3_LR,ICBHI_205,1,ICBHI,AKGC417L,0.9998655337036844,4
ICBHI_205_1b3_LR_001,ICBHI_205_1b3_LR,ICBHI_205,1,ICBHI,AKGC417L,0.9998766054240136,4
ICBHI_205_1b3_LR_002,ICBHI_205_1b3_LR,ICBHI_205,1,ICBHI,AKGC417L,0.9999403264792988,4
ICBHI_205_1b3_LR_003,ICBHI_205_1b3_LR,ICBHI_205,1,ICBHI,AKGC417L,0.9998665799890902,4
ICBHI_205_1b3_LR_004,ICBHI_205_1b3_LR,ICBHI_205,1,ICBHI,AKGC417L,0.9996970265921912,4
ICBHI_205_1b3_LR_005,ICBHI_205_1b3_LR,ICBHI_205,1,ICBHI,AKGC417L,0.9998378071836282,4
ICBHI_205_1b3_LR_006,ICBHI_205_1b3_LR,ICBHI_205,1,ICBHI,AKGC417L,0.999895274428192,4
ICBHI_205_1b3_PL_000,ICBHI_205_1b3_PL,ICBHI_205,1,ICBHI,AKGC417L,0.9992562971362235,4
ICBHI_205_1b3_PL_001,ICBHI_205_1b3_PL,ICBHI_205,1,ICBHI,AKGC417L,0.9993254441161578,4
ICBHI_205_1b3_PL_002,ICBHI_205_1b3_PL,ICBHI_205,1,ICBHI,AKGC417L,0.9994887420950092,4
ICBHI_205_1b3_PL_003,ICBHI_205_1b3_PL,ICBHI_205,1,ICBHI,AKGC417L,0.9994966644245472,4
ICBHI_205_1b3_PL_004,ICBHI_205_1b3_PL,ICBHI_205,1,ICBHI,AKGC417L,0.99883958037482,4
ICBHI_205_1b3_PL_005,ICBHI_205_1b3_PL,ICBHI_205,1,ICBHI,AKGC417L,0.9986954933533844,4
ICBHI_205_1b3_PL_006,ICBHI_205_1b3_PL,ICBHI_205,1,ICBHI,AKGC417L,0.9990960322532406,4
ICBHI_205_1b3_PR_000,ICBHI_205_1b3_PR,ICBHI_205,1,ICBHI,AKGC417L,0.9995643698589872,4
ICBHI_205_1b3_PR_001,ICBHI_205_1b3_PR,ICBHI_205,1,ICBHI,AKGC417L,0.9993174980917366,4
ICBHI_205_1b3_PR_002,ICBHI_205_1b3_PR,ICBHI_205,1,ICBHI,AKGC417L,0.9991100345015296,4
ICBHI_205_1b3_PR_003,ICBHI_205_1b3_PR,ICBHI_205,1,ICBHI,AKGC417L,0.9994161675418086,4
ICBHI_205_1b3_PR_004,ICBHI_205_1b3_PR,ICBHI_205,1,ICBHI,AKGC417L,0.999649931385023,4
ICBHI_205_1b3_PR_005,ICBHI_205_1b3_PR,ICBHI_205,1,ICBHI,AKGC417L,0.9996646498695336,4
ICBHI_205_1b3_PR_006,ICBHI_205_1b3_PR,ICBHI_205,1,ICBHI,AKGC417L,0.999510234393594,4
ICBHI_205_2b2_PR_000,ICBHI_205_2b2_PR,ICBHI_205,1,ICBHI,AKGC417L,0.9992562971362235,4
ICBHI_205_2b2_PR_001,ICBHI_205_2b2_PR,ICBHI_205,1,ICBHI,AKGC417L,0.9993952897517442,4
ICBHI_205_2b2_PR_002,ICBHI_205_2b2_PR,ICBHI_205,1,ICBHI,AKGC417L,0.9993976458735048,4
ICBHI_205_2b2_PR_003,ICBHI_205_2b2_PR,ICBHI_205,1,ICBHI,AKGC417L,0.999338482577126,4
ICBHI_205_2b2_PR_004,ICBHI_205_2b2_PR,ICBHI_205,1,ICBHI,AKGC417L,0.9993201571055714,4
ICBHI_205_2b2_PR_005,ICBHI_205_2b2_PR,ICBHI_205,1,ICBHI,AKGC417L,0.9993332976907564,4
ICBHI_205_2b2_PR_006,ICBHI_205_2b2_PR,ICBHI_205,1,ICBHI,AKGC417L,0.9993487317748364,4
ICBHI_205_2b3_AL_000,ICBHI_205_2b3_AL,ICBHI_205,1,ICBHI,AKGC417L,0.9994725215874768,4
ICBHI_205_2b3_AL_001,ICBHI_205_2b3_AL,ICBHI_205,1,ICBHI,AKGC417L,0.9995843105229772,4
ICBHI_205_2b3_AL_002,ICBHI_205_2b3_AL,ICBHI_205,1,ICBHI,AKGC417L,0.999593936049174,4
ICBHI_205_2b3_AL_003,ICBHI_205_2b3_AL,ICBHI_205,1,ICBHI,AKGC417L,0.9997408417533284,4
ICBHI_205_2b3_AL_004,ICBHI_205_2b3_AL,ICBHI_205,1,ICBHI,AKGC417L,0.999574456926026,4
ICBHI_205_2b3_AL_005,ICBHI_205_2b3_AL,ICBHI_205,1,ICBHI,AKGC417L,0.9994663071572336,4
ICBHI_205_2b3_AL_006,ICBHI_205_2b3_AL,ICBHI_205,1,ICBHI,AKGC417L,0.999655356825362,4
ICBHI_205_2b3_AR_000,ICBHI_205_2b3_AR,ICBHI_205,1,ICBHI,AKGC417L,0.997730531345513,4
ICBHI_205_2b3_AR_001,ICBHI_205_2b3_AR,ICBHI_205,1,ICBHI,AKGC417L,0.9994515207611326,4
ICBHI_205_2b3_AR_002,ICBHI_205_2b3_AR,ICBHI_205,1,ICBHI,AKGC417L,0.9986903943451748,4
ICBHI_205_2b3_AR_003,ICBHI_205_2b3_AR,ICBHI_205,1,ICBHI,AKGC417L,0.9987648321797216,4
ICBHI_205_2b3_AR_004,ICBHI_205_2b3_AR,ICBHI_205,1,ICBHI,AKGC417L,0.999510234393594,4
ICBHI_205_2b3_AR_005,ICBHI_205_2b3_AR,ICBHI_205,1,ICBHI,AKGC417L,0.9986488791671222,4
ICBHI_205_2b3_AR_006,ICBHI_205_2b3_AR,ICBHI_205,1,ICBHI,AKGC417L,0.999103060676328,4
ICBHI_205_2b3_LL_000,ICBHI_205_2b3_LL,ICBHI_205,1,ICBHI,AKGC417L,0.9990709966240232,4
ICBHI_205_2b3_LL_001,ICBHI_205_2b3_LL,ICBHI_205,1,ICBHI,AKGC417L,0.9981324340221068,4
ICBHI_205_2b3_LL_002,ICBHI_205_2b3_LL,ICBHI_205,1,ICBHI,AKGC417L,0.9936610782629056,4
ICBHI_205_2b3_LL_003,ICBHI_205_2b3_LL,ICBHI_205,1,ICBHI,AKGC417L,0.9951136252099114,4
ICBHI_205_2b3_LL_004,ICBHI_205_2b3_LL,ICBHI_205,1,ICBHI,AKGC417L,0.9987454055200282,4
ICBHI_205_2b3_LL_005,ICBHI_205_2b3_LL,ICBHI_205,1,ICBHI,AKGC417L,0.9980505978724696,4
ICBHI_205_2b3_LL_006,ICBHI_205_2b3_LL,ICBHI_205,1,ICBHI,AKGC417L,0.9977743291458848,4
ICBHI_205_2b4_PL_000,ICBHI_205_2b4_PL,ICBHI_205,1,ICBHI,AKGC417L,0.9995660674829808,4
ICBHI_205_2b4_PL_001,ICBHI_205_2b4_PL,ICBHI_205,1,ICBHI,AKGC417L,0.9995025255444128,4
ICBHI_205_2b4_PL_002,ICBHI_205_2b4_PL,ICBHI_205,1,ICBHI,AKGC417L,0.999486742115178,4
ICBHI_205_2b4_PL_003,ICBHI_205_2b4_PL,ICBHI_205,1,ICBHI,AKGC417L,0.9997086299393204,4
ICBHI_205_2b4_PL_004,ICBHI_205_2b4_PL,ICBHI_205,1,ICBHI,AKGC417L,0.999530823621416,4
ICBHI_205_2b4_PL_005,ICBHI_205_2b4_PL,ICBHI_205,1,ICBHI,AKGC417L,0.9994450590492856,4
ICBHI_205_2b4_PL_006,ICBHI_205_2b4_PL,ICBHI_205,1,ICBHI,AKGC417L,0.9996749641547632,4
ICBHI_205_3b4_AL_000,ICBHI_205_3b4_AL,ICBHI_205,1,ICBHI,AKGC417L,0.999872688958378,4
ICBHI_205_3b4_AL_001,ICBHI_205_3b4_AL,ICBHI_205,1,ICBHI,AKGC417L,0.9998644792143758,4
ICBHI_205_3b4_AL_002,ICBHI_205_3b4_AL,ICBHI_205,1,ICBHI,AKGC417L,0.9998568626139956,4
ICBHI_205_3b4_AL_003,ICBHI_205_3b4_AL,ICBHI_205,1,ICBHI,AKGC417L,0.9998766054240136,4
ICBHI_205_3b4_AL_004,ICBHI_205_3b4_AL,ICBHI_205,1,ICBHI,AKGC417L,0.99985797635977,4
ICBHI_205_3b4_AL_005,ICBHI_205_3b4_AL,ICBHI_205,1,ICBHI,AKGC417L,0.9998893884028536,4
ICBHI_205_3b4_AL_006,ICBHI_205_3b4_AL,ICBHI_205,1,ICBHI,AKGC417L,0.9999417087343389,4
ICBHI_205_3b4_AR_000,ICBHI_205_3b4_AR,ICBHI_205,1,ICBHI,AKGC417L,0.9995540437949288,4
ICBHI_205_3b4_AR_001,ICBHI_205_3b4_AR,ICBHI_205,1,ICBHI,AKGC417L,0.9997997262332818,4
ICBHI_205_3b4_AR_002,ICBHI_205_3b4_AR,ICBHI_205,1,ICBHI,AKGC417L,0.9996774927880132,4
ICBHI_205_3b4_AR_003,ICBHI_205_3b4_AR,ICBHI_205,1,ICBHI,AKGC417L,0.999356314395516,4
ICBHI_205_3b4_AR_004,ICBHI_205_3b4_AR,ICBHI_205,1,ICBHI,AKGC417L,0.9991135010723542,4
ICBHI_205_3b4_AR_005,ICBHI_205_3b4_AR,ICBHI_205,1,ICBHI,AKGC417L,0.9991169541522156,4
ICBHI_205_3b4_AR_006,ICBHI_205_3b4_AR,ICBHI_205,1,ICBHI,AKGC417L,0.99984523338394,4
ICBHI_205_3b4_PL_000,ICBHI_205_3b4_PL,ICBHI_205,1,ICBHI,AKGC417L,0.9991540624724046,4
ICBHI_205_3b4_PL_001,ICBHI_205_3b4_PL,ICBHI_205,1,ICBHI,AKGC417L,0.999517823844308,4
ICBHI_205_3b4_PL_002,ICBHI_205_3b4_PL,ICBHI_205,1,ICBHI,AKGC417L,0.9995794125678484,4
ICBHI_205_3b4_PL_003,ICBHI_205_3b4_PL,ICBHI_205,1,ICBHI,AKGC417L,0.999167166595505,4
ICBHI_205_3b4_PL_004,ICBHI_205_3b4_PL,ICBHI_205,1,ICBHI,AKGC417L,0.999217585940976,4
ICBHI_205_3b4_PL_005,ICBHI_205_3b4_PL,ICBHI_205,1,ICBHI,AKGC417L,0.999649931385023,4
ICBHI_205_3b4_PL_006,ICBHI_205_3b4_PL,ICBHI_205,1,ICBHI,AKGC417L,0.9995970947907232,4
ICBHI_205_3b4_PR_000,ICBHI_205_3b4_PR,ICBHI_205,1,ICBHI,AKGC417L,0.3957178317228787,4
ICBHI_205_3b4_PR_001,ICBHI_205_3b4_PR,ICBHI_205,1,ICBHI,AKGC417L,0.7337381259657038,4
ICBHI_205_3b4_PR_002,ICBHI_205_3b4_PR,ICBHI_205,1,ICBHI,AKGC417L,0.9579122720843812,4
ICBHI_205_3b4_PR_003,ICBHI_205_3b4_PR,ICBHI_205,1,ICBHI,AKGC417L,0.9698996627595704,4
ICBHI_205_3b4_PR_004,ICBHI_205_3b4_PR,ICBHI_205,1,ICBHI,AKGC417L,0.9133679324357356,4
ICBHI_205_3b4_PR_005,ICBHI_205_3b4_PR,ICBHI_205,1,ICBHI,AKGC417L,0.8786270185919375,4
ICBHI_205_3b4_PR_006,ICBHI_205_3b4_PR,ICBHI_205,1,ICBHI,AKGC417L,0.5608239874437592,4
ICBHI_205_4b2_AL_000,ICBHI_205_4b2_AL,ICBHI_205,1,ICBHI,AKGC417L,0.9996698472749022,4
ICBHI_205_4b2_AL_001,ICBHI_205_4b2_AL,ICBHI_205,1,ICBHI,AKGC417L,0.9997603131349772,4
ICBHI_205_4b2_AL_002,ICBHI_205_4b2_AL,ICBHI_205,1,ICBHI,AKGC417L,0.9993537967092804,4
ICBHI_205_4b2_AL_003,ICBHI_205_4b2_AL,ICBHI_205,1,ICBHI,AKGC417L,0.9995044640524364,4
ICBHI_205_4b2_AL_004,ICBHI_205_4b2_AL,ICBHI_205,1,ICBHI,AKGC417L,0.99969225692354,4
ICBHI_205_4b2_AL_005,ICBHI_205_4b2_AL,ICBHI_205,1,ICBHI,AKGC417L,0.999655356825362,4
ICBHI_205_4b2_AL_006,ICBHI_205_4b2_AL,ICBHI_205,1,ICBHI,AKGC417L,0.9996849613059188,4
ICBHI_205_4b2_AR_000,ICBHI_205_4b2_AR,ICBHI_205,1,ICBHI,AKGC417L,0.9995083184477072,4
ICBHI_205_4b2_AR_001,ICBHI_205_4b2_AR,ICBHI_205,1,ICBHI,AKGC417L,0.999018828118793,4
ICBHI_205_4b2_AR_002,ICBHI_205_4b2_AR,ICBHI_205,1,ICBHI,AKGC417L,0.9986801365375204,4
ICBHI_205_4b2_AR_003,ICBHI_205_4b2_AR,ICBHI_205,1,ICBHI,AKGC417L,0.9995434730763126,4
ICBHI_205_4b2_AR_004,ICBHI_205_4b2_AR,ICBHI_205,1,ICBHI,AKGC417L,0.9998849826445432,4
ICBHI_205_4b2_AR_005,ICBHI_205_4b2_AR,ICBHI_205,1,ICBHI,AKGC417L,0.9998534687060928,4
ICBHI_205_4b2_AR_006,ICBHI_205_4b2_AR,ICBHI_205,1,ICBHI,AKGC417L,0.9997153775984248,4
ICBHI_205_4b2_LR_000,ICBHI_205_4b2_LR,ICBHI_205,1,ICBHI,AKGC417L,0.8840392817460332,4
ICBHI_205_4b2_LR_001,ICBHI_205_4b2_LR,ICBHI_205,1,ICBHI,AKGC417L,0.631480682390426,4
ICBHI_205_4b2_LR_002,ICBHI_205_4b2_LR,ICBHI_205,1,ICBHI,AKGC417L,0.9682013311953048,4
ICBHI_205_4b2_LR_003,ICBHI_205_4b2_LR,ICBHI_205,1,ICBHI,AKGC417L,0.8931231151348971,4
ICBHI_205_4b2_LR_004,ICBHI_205_4b2_LR,ICBHI_205,1,ICBHI,AKGC417L,0.4397774210041277,4
ICBHI_205_4b2_LR_005,ICBHI_205_4b2_LR,ICBHI_205,1,ICBHI,AKGC417L,0.9744347860767304,4
ICBHI_205_4b2_LR_006,ICBHI_205_4b2_LR,ICBHI_205,1,ICBHI,AKGC417L,0.8445372659349166,4
ICBHI_205_4b2_PL_000,ICBHI_205_4b2_PL,ICBHI_205,1,ICBHI,AKGC417L,0.9993174980917366,4
ICBHI_205_4b2_PL_001,ICBHI_205_4b2_PL,ICBHI_205,1,ICBHI,AKGC417L,0.9991238200484855,4
ICBHI_205_4b2_PL_002,ICBHI_205_4b2_PL,ICBHI_205,1,ICBHI,AKGC417L,0.9993662874917502,4
ICBHI_205_4b2_PL_003,ICBHI_205_4b2_PL,ICBHI_205,1,ICBHI,AKGC417L,0.9992114542304054,4
ICBHI_205_4b2_PL_004,ICBHI_205_4b2_PL,ICBHI_205,1,ICBHI,AKGC417L,0.9993121488449448,4
ICBHI_205_4b2_PL_005,ICBHI_205_4b2_PL,ICBHI_205,1,ICBHI,AKGC417L,0.9993121488449448,4
ICBHI_205_4b2_PL_006,ICBHI_205_4b2_PL,ICBHI_205,1,ICBHI,AKGC417L,0.9990818099034152,4
ICBHI_205_4b2_PR_000,ICBHI_205_4b2_PR,ICBHI_205,1,ICBHI,AKGC417L,0.999649931385023,4
ICBHI_205_4b2_PR_001,ICBHI_205_4b2_PR,ICBHI_205,1,ICBHI,AKGC417L,0.9997262783268164,4
ICBHI_205_4b2_PR_002,ICBHI_205_4b2_PR,ICBHI_205,1,ICBHI,AKGC417L,0.9996430293649624,4
ICBHI_205_4b2_PR_003,ICBHI_205_4b2_PR,ICBHI_205,1,ICBHI,AKGC417L,0.9998204720306532,4
ICBHI_205_4b2_PR_004,ICBHI_205_4b2_PR,ICBHI_205,1,ICBHI,AKGC417L,0.9998415637808976,4
ICBHI_205_4b2_PR_005,ICBHI_205_4b2_PR,ICBHI_205,1,ICBHI,AKGC417L,0.9998534687060928,4
ICBHI_205_4b2_PR_006,ICBHI_205_4b2_PR,ICBHI_205,1,ICBHI,AKGC417L,0.9998911030899734,4
ICBHI_209_1b1_TC_000,ICBHI_209_1b1_TC,ICBHI_209,0,ICBHI,Meditron,0.0042151596211871,4
ICBHI_209_1b1_TC_001,ICBHI_209_1b1_TC,ICBHI_209,0,ICBHI,Meditron,6.10885510164857e-05,4
ICBHI_209_1b1_TC_002,ICBHI_209_1b1_TC,ICBHI_209,0,ICBHI,Meditron,0.0001431373860044,4
ICBHI_209_1b1_TC_003,ICBHI_209_1b1_TC,ICBHI_209,0,ICBHI,Meditron,0.0199087884587844,4
ICBHI_209_1b1_TC_004,ICBHI_209_1b1_TC,ICBHI_209,0,ICBHI,Meditron,0.000474704255915,4
ICBHI_209_1b1_TC_005,ICBHI_209_1b1_TC,ICBHI_209,0,ICBHI,Meditron,0.0013354008189733,4
ICBHI_209_1b1_TC_006,ICBHI_209_1b1_TC,ICBHI_209,0,ICBHI,Meditron,0.0003053489321118,4
ICBHI_224_1b1_TC_000,ICBHI_224_1b1_TC,ICBHI_224,0,ICBHI,Meditron,0.0091610269220938,4
ICBHI_224_1b1_TC_001,ICBHI_224_1b1_TC,ICBHI_224,0,ICBHI,Meditron,0.0020190139004485,4
ICBHI_224_1b1_TC_002,ICBHI_224_1b1_TC,ICBHI_224,0,ICBHI,Meditron,0.0231534110928384,4
ICBHI_224_1b1_TC_003,ICBHI_224_1b1_TC,ICBHI_224,0,ICBHI,Meditron,0.0068771076582306,4
ICBHI_224_1b1_TC_004,ICBHI_224_1b1_TC,ICBHI_224,0,ICBHI,Meditron,0.0072608664982856,4
ICBHI_224_1b1_TC_005,ICBHI_224_1b1_TC,ICBHI_224,0,ICBHI,Meditron,0.0123837846372603,4
ICBHI_224_1b1_TC_006,ICBHI_224_1b1_TC,ICBHI_224,0,ICBHI,Meditron,0.0080619915282716,4
ICBHI_224_1b2_AL_000,ICBHI_224_1b2_AL,ICBHI_224,0,ICBHI,Meditron,0.5248056684264949,4
ICBHI_224_1b2_AL_001,ICBHI_224_1b2_AL,ICBHI_224,0,ICBHI,Meditron,0.0331485184024796,4
ICBHI_224_1b2_AL_002,ICBHI_224_1b2_AL,ICBHI_224,0,ICBHI,Meditron,0.0265061267985294,4
ICBHI_224_1b2_AL_003,ICBHI_224_1b2_AL,ICBHI_224,0,ICBHI,Meditron,0.0030160662173845,4
ICBHI_224_1b2_AL_004,ICBHI_224_1b2_AL,ICBHI_224,0,ICBHI,Meditron,0.0068771076582306,4
ICBHI_224_1b2_AL_005,ICBHI_224_1b2_AL,ICBHI_224,0,ICBHI,Meditron,0.0014664584030845,4
ICBHI_224_1b2_AL_006,ICBHI_224_1b2_AL,ICBHI_224,0,ICBHI,Meditron,0.003945406806602,4
