2026-10-01 11:28:04,224 INFO run_id=20261001T162804Z_b97dab protocol=icbhi_robustness_v1 seeds=[20261001, 20261017, 20261103, 20261119, 20261205] device=cuda:0 NVIDIA RTX A5500, 23.3 GiB libres de 23.5 GiB num_workers=0
2026-10-01 11:28:04,481 INFO seed_20261001: preparando cnn_no_dn con configuracion congelada 1
2026-10-01 11:28:05,983 INFO log-mel ICBHI/cv/fold_00/no_dn: 500/4715
2026-10-01 11:28:06,542 INFO log-mel ICBHI/cv/fold_00/no_dn: 1000/4715
2026-10-01 11:28:07,101 INFO log-mel ICBHI/cv/fold_00/no_dn: 1500/4715
2026-10-01 11:28:07,659 INFO log-mel ICBHI/cv/fold_00/no_dn: 2000/4715
2026-10-01 11:28:08,217 INFO log-mel ICBHI/cv/fold_00/no_dn: 2500/4715
2026-10-01 11:28:08,830 INFO log-mel ICBHI/cv/fold_00/no_dn: 3000/4715
2026-10-01 11:28:09,388 INFO log-mel ICBHI/cv/fold_00/no_dn: 3500/4715
2026-10-01 11:28:09,947 INFO log-mel ICBHI/cv/fold_00/no_dn: 4000/4715
2026-10-01 11:28:10,506 INFO log-mel ICBHI/cv/fold_00/no_dn: 4500/4715
2026-10-01 11:28:10,746 INFO log-mel ICBHI/cv/fold_00/no_dn: 4715/4715
2026-10-01 11:28:11,331 INFO ICBHI/no_dn fold 0: log-mel no_dn listo en 6.8 s, forma (4715, 1, 64, 309)
2026-10-01 11:28:11,345 INFO ICBHI/no_dn fold 0: 57/15 pacientes train/validation, 1 de 1 configuracion(es) por evaluar
2026-10-01 11:28:14,040 INFO ICBHI/no_dn fold 0: config 1 (lr=0.0001, dropout=0.3) epoca 1: train_loss=0.5852 val_loss=0.7302 val_BA=0.700 mejor_epoca=1
2026-10-01 11:28:15,777 INFO ICBHI/no_dn fold 0: config 1 (lr=0.0001, dropout=0.3) epoca 2: train_loss=0.3961 val_loss=0.5919 val_BA=0.950 mejor_epoca=2
2026-10-01 11:28:20,992 INFO ICBHI/no_dn fold 0: config 1 (lr=0.0001, dropout=0.3) epoca 5: train_loss=0.1254 val_loss=0.2665 val_BA=1.000 mejor_epoca=5
2026-10-01 11:28:22,755 INFO ICBHI/no_dn fold 0: config 1 (lr=0.0001, dropout=0.3) epoca 6: train_loss=0.0941 val_loss=0.1241 val_BA=1.000 mejor_epoca=6
2026-10-01 11:28:24,498 INFO ICBHI/no_dn fold 0: config 1 (lr=0.0001, dropout=0.3) epoca 7: train_loss=0.0654 val_loss=0.1165 val_BA=1.000 mejor_epoca=7
2026-10-01 11:28:29,737 INFO ICBHI/no_dn fold 0: config 1 (lr=0.0001, dropout=0.3) epoca 10: train_loss=0.0308 val_loss=0.2017 val_BA=1.000 mejor_epoca=7
2026-10-01 11:28:31,488 INFO ICBHI/no_dn fold 0: config 1 (lr=0.0001, dropout=0.3) epoca 11: train_loss=0.0246 val_loss=0.0474 val_BA=1.000 mejor_epoca=11
2026-10-01 11:28:40,223 INFO ICBHI/no_dn fold 0: config 1 (lr=0.0001, dropout=0.3) epoca 16: train_loss=0.0130 val_loss=0.0303 val_BA=1.000 mejor_epoca=16
2026-10-01 11:28:47,222 INFO ICBHI/no_dn fold 0: config 1 (lr=0.0001, dropout=0.3) epoca 20: train_loss=0.0086 val_loss=0.0375 val_BA=1.000 mejor_epoca=16
2026-10-01 11:28:55,995 INFO ICBHI/no_dn fold 0: config 1 (lr=0.0001, dropout=0.3) epoca 25: train_loss=0.0060 val_loss=0.0169 val_BA=1.000 mejor_epoca=25
2026-10-01 11:29:04,794 INFO ICBHI/no_dn fold 0: config 1 (lr=0.0001, dropout=0.3) epoca 30: train_loss=0.0055 val_loss=0.1285 val_BA=0.700 mejor_epoca=25
2026-10-01 11:29:22,455 INFO ICBHI/no_dn fold 0: config 1 (lr=0.0001, dropout=0.3) epoca 40: train_loss=0.0024 val_loss=0.0324 val_BA=1.000 mejor_epoca=25
2026-10-01 11:29:22,475 INFO ICBHI/no_dn fold 0 config 1: OK val_BA=1.000 mejor_epoca=25 (1.2 min)
2026-10-01 11:29:23,264 INFO log-mel ICBHI/cv/fold_01/no_dn: 500/4715
2026-10-01 11:29:23,838 INFO log-mel ICBHI/cv/fold_01/no_dn: 1000/4715
2026-10-01 11:29:24,413 INFO log-mel ICBHI/cv/fold_01/no_dn: 1500/4715
2026-10-01 11:29:24,988 INFO log-mel ICBHI/cv/fold_01/no_dn: 2000/4715
2026-10-01 11:29:25,563 INFO log-mel ICBHI/cv/fold_01/no_dn: 2500/4715
2026-10-01 11:29:26,137 INFO log-mel ICBHI/cv/fold_01/no_dn: 3000/4715
2026-10-01 11:29:26,712 INFO log-mel ICBHI/cv/fold_01/no_dn: 3500/4715
2026-10-01 11:29:27,286 INFO log-mel ICBHI/cv/fold_01/no_dn: 4000/4715
2026-10-01 11:29:27,942 INFO log-mel ICBHI/cv/fold_01/no_dn: 4500/4715
2026-10-01 11:29:28,188 INFO log-mel ICBHI/cv/fold_01/no_dn: 4715/4715
2026-10-01 11:29:28,785 INFO ICBHI/no_dn fold 1: log-mel no_dn listo en 6.3 s, forma (4715, 1, 64, 309)
2026-10-01 11:29:28,798 INFO ICBHI/no_dn fold 1: 57/15 pacientes train/validation, 1 de 1 configuracion(es) por evaluar
2026-10-01 11:29:30,814 INFO ICBHI/no_dn fold 1: config 1 (lr=0.0001, dropout=0.3) epoca 1: train_loss=0.5251 val_loss=1.0510 val_BA=0.682 mejor_epoca=1
2026-10-01 11:29:34,320 INFO ICBHI/no_dn fold 1: config 1 (lr=0.0001, dropout=0.3) epoca 3: train_loss=0.1781 val_loss=0.3406 val_BA=0.955 mejor_epoca=3
2026-10-01 11:29:37,830 INFO ICBHI/no_dn fold 1: config 1 (lr=0.0001, dropout=0.3) epoca 5: train_loss=0.0953 val_loss=0.1730 val_BA=0.955 mejor_epoca=5
2026-10-01 11:29:46,622 INFO ICBHI/no_dn fold 1: config 1 (lr=0.0001, dropout=0.3) epoca 10: train_loss=0.0258 val_loss=0.2898 val_BA=0.955 mejor_epoca=5
2026-10-01 11:30:02,472 INFO ICBHI/no_dn fold 1: config 1 (lr=0.0001, dropout=0.3) epoca 19: train_loss=0.0103 val_loss=0.1526 val_BA=0.955 mejor_epoca=19
2026-10-01 11:30:04,236 INFO ICBHI/no_dn fold 1: config 1 (lr=0.0001, dropout=0.3) epoca 20: train_loss=0.0078 val_loss=0.1620 val_BA=0.955 mejor_epoca=19
2026-10-01 11:30:07,764 INFO ICBHI/no_dn fold 1: config 1 (lr=0.0001, dropout=0.3) epoca 22: train_loss=0.0059 val_loss=0.0941 val_BA=0.955 mejor_epoca=22
2026-10-01 11:30:20,114 INFO ICBHI/no_dn fold 1: config 1 (lr=0.0001, dropout=0.3) epoca 29: train_loss=0.0030 val_loss=0.0748 val_BA=0.955 mejor_epoca=29
2026-10-01 11:30:21,881 INFO ICBHI/no_dn fold 1: config 1 (lr=0.0001, dropout=0.3) epoca 30: train_loss=0.0045 val_loss=0.0848 val_BA=0.625 mejor_epoca=29
2026-10-01 11:30:39,560 INFO ICBHI/no_dn fold 1: config 1 (lr=0.0001, dropout=0.3) epoca 40: train_loss=0.0015 val_loss=0.0985 val_BA=0.955 mejor_epoca=29
2026-10-01 11:30:46,662 INFO ICBHI/no_dn fold 1 config 1: OK val_BA=0.955 mejor_epoca=29 (1.3 min)
2026-10-01 11:30:47,439 INFO log-mel ICBHI/cv/fold_02/no_dn: 500/4715
2026-10-01 11:30:48,004 INFO log-mel ICBHI/cv/fold_02/no_dn: 1000/4715
2026-10-01 11:30:48,568 INFO log-mel ICBHI/cv/fold_02/no_dn: 1500/4715
2026-10-01 11:30:49,132 INFO log-mel ICBHI/cv/fold_02/no_dn: 2000/4715
2026-10-01 11:30:49,696 INFO log-mel ICBHI/cv/fold_02/no_dn: 2500/4715
2026-10-01 11:30:50,260 INFO log-mel ICBHI/cv/fold_02/no_dn: 3000/4715
2026-10-01 11:30:50,828 INFO log-mel ICBHI/cv/fold_02/no_dn: 3500/4715
2026-10-01 11:30:51,393 INFO log-mel ICBHI/cv/fold_02/no_dn: 4000/4715
2026-10-01 11:30:52,025 INFO log-mel ICBHI/cv/fold_02/no_dn: 4500/4715
2026-10-01 11:30:52,268 INFO log-mel ICBHI/cv/fold_02/no_dn: 4715/4715
2026-10-01 11:30:52,870 INFO ICBHI/no_dn fold 2: log-mel no_dn listo en 6.2 s, forma (4715, 1, 64, 309)
2026-10-01 11:30:52,883 INFO ICBHI/no_dn fold 2: 58/14 pacientes train/validation, 1 de 1 configuracion(es) por evaluar
2026-10-01 11:30:54,856 INFO ICBHI/no_dn fold 2: config 1 (lr=0.0001, dropout=0.3) epoca 1: train_loss=0.5554 val_loss=0.8723 val_BA=0.750 mejor_epoca=1
2026-10-01 11:30:56,585 INFO ICBHI/no_dn fold 2: config 1 (lr=0.0001, dropout=0.3) epoca 2: train_loss=0.3560 val_loss=0.2687 val_BA=0.875 mejor_epoca=2
2026-10-01 11:30:58,314 INFO ICBHI/no_dn fold 2: config 1 (lr=0.0001, dropout=0.3) epoca 3: train_loss=0.2165 val_loss=0.1501 val_BA=0.875 mejor_epoca=3
2026-10-01 11:31:00,041 INFO ICBHI/no_dn fold 2: config 1 (lr=0.0001, dropout=0.3) epoca 4: train_loss=0.1289 val_loss=0.1383 val_BA=1.000 mejor_epoca=4
2026-10-01 11:31:01,770 INFO ICBHI/no_dn fold 2: config 1 (lr=0.0001, dropout=0.3) epoca 5: train_loss=0.0927 val_loss=0.0960 val_BA=1.000 mejor_epoca=5
2026-10-01 11:31:05,231 INFO ICBHI/no_dn fold 2: config 1 (lr=0.0001, dropout=0.3) epoca 7: train_loss=0.0414 val_loss=0.0917 val_BA=1.000 mejor_epoca=7
2026-10-01 11:31:06,960 INFO ICBHI/no_dn fold 2: config 1 (lr=0.0001, dropout=0.3) epoca 8: train_loss=0.0378 val_loss=0.0869 val_BA=1.000 mejor_epoca=8
2026-10-01 11:31:08,689 INFO ICBHI/no_dn fold 2: config 1 (lr=0.0001, dropout=0.3) epoca 9: train_loss=0.0271 val_loss=0.0568 val_BA=1.000 mejor_epoca=9
2026-10-01 11:31:10,419 INFO ICBHI/no_dn fold 2: config 1 (lr=0.0001, dropout=0.3) epoca 10: train_loss=0.0216 val_loss=0.0651 val_BA=1.000 mejor_epoca=9
2026-10-01 11:31:22,541 INFO ICBHI/no_dn fold 2: config 1 (lr=0.0001, dropout=0.3) epoca 17: train_loss=0.0101 val_loss=0.0504 val_BA=1.000 mejor_epoca=17
2026-10-01 11:31:26,007 INFO ICBHI/no_dn fold 2: config 1 (lr=0.0001, dropout=0.3) epoca 19: train_loss=0.0087 val_loss=0.0420 val_BA=1.000 mejor_epoca=19
2026-10-01 11:31:27,741 INFO ICBHI/no_dn fold 2: config 1 (lr=0.0001, dropout=0.3) epoca 20: train_loss=0.0091 val_loss=0.0420 val_BA=1.000 mejor_epoca=20
2026-10-01 11:31:34,674 INFO ICBHI/no_dn fold 2: config 1 (lr=0.0001, dropout=0.3) epoca 24: train_loss=0.0057 val_loss=0.0287 val_BA=1.000 mejor_epoca=24
2026-10-01 11:31:45,078 INFO ICBHI/no_dn fold 2: config 1 (lr=0.0001, dropout=0.3) epoca 30: train_loss=0.0031 val_loss=0.0419 val_BA=1.000 mejor_epoca=24
2026-10-01 11:32:00,696 INFO ICBHI/no_dn fold 2: config 1 (lr=0.0001, dropout=0.3) epoca 39: train_loss=0.0018 val_loss=0.0197 val_BA=1.000 mejor_epoca=39
2026-10-01 11:32:02,431 INFO ICBHI/no_dn fold 2: config 1 (lr=0.0001, dropout=0.3) epoca 40: train_loss=0.0018 val_loss=0.0442 val_BA=1.000 mejor_epoca=39
2026-10-01 11:32:19,799 INFO ICBHI/no_dn fold 2: config 1 (lr=0.0001, dropout=0.3) epoca 50: train_loss=0.0013 val_loss=0.0374 val_BA=1.000 mejor_epoca=39
2026-10-01 11:32:26,764 INFO ICBHI/no_dn fold 2 config 1: OK val_BA=1.000 mejor_epoca=39 (1.6 min)
2026-10-01 11:32:27,552 INFO log-mel ICBHI/cv/fold_03/no_dn: 500/4715
2026-10-01 11:32:28,125 INFO log-mel ICBHI/cv/fold_03/no_dn: 1000/4715
2026-10-01 11:32:28,698 INFO log-mel ICBHI/cv/fold_03/no_dn: 1500/4715
2026-10-01 11:32:29,271 INFO log-mel ICBHI/cv/fold_03/no_dn: 2000/4715
2026-10-01 11:32:29,844 INFO log-mel ICBHI/cv/fold_03/no_dn: 2500/4715
2026-10-01 11:32:30,417 INFO log-mel ICBHI/cv/fold_03/no_dn: 3000/4715
2026-10-01 11:32:30,990 INFO log-mel ICBHI/cv/fold_03/no_dn: 3500/4715
2026-10-01 11:32:31,567 INFO log-mel ICBHI/cv/fold_03/no_dn: 4000/4715
2026-10-01 11:32:32,219 INFO log-mel ICBHI/cv/fold_03/no_dn: 4500/4715
2026-10-01 11:32:32,467 INFO log-mel ICBHI/cv/fold_03/no_dn: 4715/4715
2026-10-01 11:32:33,052 INFO ICBHI/no_dn fold 3: log-mel no_dn listo en 6.3 s, forma (4715, 1, 64, 309)
2026-10-01 11:32:33,065 INFO ICBHI/no_dn fold 3: 58/14 pacientes train/validation, 1 de 1 configuracion(es) por evaluar
2026-10-01 11:32:34,995 INFO ICBHI/no_dn fold 3: config 1 (lr=0.0001, dropout=0.3) epoca 1: train_loss=0.5316 val_loss=0.5226 val_BA=0.875 mejor_epoca=1
2026-10-01 11:32:36,695 INFO ICBHI/no_dn fold 3: config 1 (lr=0.0001, dropout=0.3) epoca 2: train_loss=0.3225 val_loss=0.5913 val_BA=0.950 mejor_epoca=2
2026-10-01 11:32:50,329 INFO ICBHI/no_dn fold 3: config 1 (lr=0.0001, dropout=0.3) epoca 10: train_loss=0.0300 val_loss=0.1244 val_BA=0.750 mejor_epoca=2
2026-10-01 11:33:03,972 INFO ICBHI/no_dn fold 3: config 1 (lr=0.0001, dropout=0.3) epoca 18: train_loss=0.0120 val_loss=0.1157 val_BA=1.000 mejor_epoca=18
2026-10-01 11:33:07,382 INFO ICBHI/no_dn fold 3: config 1 (lr=0.0001, dropout=0.3) epoca 20: train_loss=0.0090 val_loss=0.1097 val_BA=0.750 mejor_epoca=18
2026-10-01 11:33:24,444 INFO ICBHI/no_dn fold 3: config 1 (lr=0.0001, dropout=0.3) epoca 30: train_loss=0.0043 val_loss=0.1200 val_BA=0.625 mejor_epoca=18
2026-10-01 11:33:29,582 INFO ICBHI/no_dn fold 3 config 1: OK val_BA=1.000 mejor_epoca=18 (0.9 min)
2026-10-01 11:33:30,370 INFO log-mel ICBHI/cv/fold_04/no_dn: 500/4715
2026-10-01 11:33:30,943 INFO log-mel ICBHI/cv/fold_04/no_dn: 1000/4715
2026-10-01 11:33:31,516 INFO log-mel ICBHI/cv/fold_04/no_dn: 1500/4715
2026-10-01 11:33:32,089 INFO log-mel ICBHI/cv/fold_04/no_dn: 2000/4715
2026-10-01 11:33:32,662 INFO log-mel ICBHI/cv/fold_04/no_dn: 2500/4715
2026-10-01 11:33:33,236 INFO log-mel ICBHI/cv/fold_04/no_dn: 3000/4715
2026-10-01 11:33:33,809 INFO log-mel ICBHI/cv/fold_04/no_dn: 3500/4715
2026-10-01 11:33:34,382 INFO log-mel ICBHI/cv/fold_04/no_dn: 4000/4715
2026-10-01 11:33:35,015 INFO log-mel ICBHI/cv/fold_04/no_dn: 4500/4715
2026-10-01 11:33:35,262 INFO log-mel ICBHI/cv/fold_04/no_dn: 4715/4715
2026-10-01 11:33:35,833 INFO ICBHI/no_dn fold 4: log-mel no_dn listo en 6.2 s, forma (4715, 1, 64, 309)
2026-10-01 11:33:35,846 INFO ICBHI/no_dn fold 4: 58/14 pacientes train/validation, 1 de 1 configuracion(es) por evaluar
2026-10-01 11:33:37,775 INFO ICBHI/no_dn fold 4: config 1 (lr=0.0001, dropout=0.3) epoca 1: train_loss=0.5179 val_loss=0.6771 val_BA=0.600 mejor_epoca=1
2026-10-01 11:33:39,480 INFO ICBHI/no_dn fold 4: config 1 (lr=0.0001, dropout=0.3) epoca 2: train_loss=0.3505 val_loss=0.8814 val_BA=0.700 mejor_epoca=2
2026-10-01 11:33:41,187 INFO ICBHI/no_dn fold 4: config 1 (lr=0.0001, dropout=0.3) epoca 3: train_loss=0.2102 val_loss=1.0412 val_BA=0.750 mejor_epoca=3
2026-10-01 11:33:42,893 INFO ICBHI/no_dn fold 4: config 1 (lr=0.0001, dropout=0.3) epoca 4: train_loss=0.1409 val_loss=0.3075 val_BA=0.875 mejor_epoca=4
2026-10-01 11:33:44,602 INFO ICBHI/no_dn fold 4: config 1 (lr=0.0001, dropout=0.3) epoca 5: train_loss=0.0931 val_loss=0.5618 val_BA=1.000 mejor_epoca=5
2026-10-01 11:33:53,146 INFO ICBHI/no_dn fold 4: config 1 (lr=0.0001, dropout=0.3) epoca 10: train_loss=0.0287 val_loss=0.1977 val_BA=0.875 mejor_epoca=5
2026-10-01 11:34:10,248 INFO ICBHI/no_dn fold 4: config 1 (lr=0.0001, dropout=0.3) epoca 20: train_loss=0.0074 val_loss=0.0975 val_BA=0.875 mejor_epoca=5
2026-10-01 11:34:10,268 INFO ICBHI/no_dn fold 4 config 1: OK val_BA=1.000 mejor_epoca=5 (0.6 min)
2026-10-01 11:34:11,336 INFO seed_20261001: preparando cnn_dn con configuracion congelada 0
2026-10-01 11:34:12,118 INFO log-mel ICBHI/cv/fold_00/dn: 500/4715
2026-10-01 11:34:12,688 INFO log-mel ICBHI/cv/fold_00/dn: 1000/4715
2026-10-01 11:34:13,257 INFO log-mel ICBHI/cv/fold_00/dn: 1500/4715
2026-10-01 11:34:13,827 INFO log-mel ICBHI/cv/fold_00/dn: 2000/4715
2026-10-01 11:34:14,397 INFO log-mel ICBHI/cv/fold_00/dn: 2500/4715
2026-10-01 11:34:14,967 INFO log-mel ICBHI/cv/fold_00/dn: 3000/4715
2026-10-01 11:34:15,537 INFO log-mel ICBHI/cv/fold_00/dn: 3500/4715
2026-10-01 11:34:16,181 INFO log-mel ICBHI/cv/fold_00/dn: 4000/4715
2026-10-01 11:34:16,750 INFO log-mel ICBHI/cv/fold_00/dn: 4500/4715
2026-10-01 11:34:16,994 INFO log-mel ICBHI/cv/fold_00/dn: 4715/4715
2026-10-01 11:34:17,590 INFO ICBHI/dn fold 0: log-mel dn listo en 6.2 s, forma (4715, 1, 64, 309)
2026-10-01 11:34:17,602 INFO ICBHI/dn fold 0: 57/15 pacientes train/validation, 1 de 1 configuracion(es) por evaluar
2026-10-01 11:34:20,029 INFO ICBHI/dn fold 0: config 0 (lr=0.0001, dropout=0.3) epoca 1: train_loss=0.6049 val_loss=0.4148 val_BA=0.800 mejor_epoca=1
2026-10-01 11:34:22,153 INFO ICBHI/dn fold 0: config 0 (lr=0.0001, dropout=0.3) epoca 2: train_loss=0.3821 val_loss=0.6303 val_BA=0.900 mejor_epoca=2
2026-10-01 11:34:24,279 INFO ICBHI/dn fold 0: config 0 (lr=0.0001, dropout=0.3) epoca 3: train_loss=0.1797 val_loss=0.2164 val_BA=1.000 mejor_epoca=3
2026-10-01 11:34:28,536 INFO ICBHI/dn fold 0: config 0 (lr=0.0001, dropout=0.3) epoca 5: train_loss=0.0757 val_loss=0.0965 val_BA=1.000 mejor_epoca=5
2026-10-01 11:34:30,665 INFO ICBHI/dn fold 0: config 0 (lr=0.0001, dropout=0.3) epoca 6: train_loss=0.0564 val_loss=0.0566 val_BA=1.000 mejor_epoca=6
2026-10-01 11:34:34,926 INFO ICBHI/dn fold 0: config 0 (lr=0.0001, dropout=0.3) epoca 8: train_loss=0.0265 val_loss=0.0470 val_BA=1.000 mejor_epoca=8
2026-10-01 11:34:39,187 INFO ICBHI/dn fold 0: config 0 (lr=0.0001, dropout=0.3) epoca 10: train_loss=0.0243 val_loss=0.0290 val_BA=1.000 mejor_epoca=10
2026-10-01 11:34:43,448 INFO ICBHI/dn fold 0: config 0 (lr=0.0001, dropout=0.3) epoca 12: train_loss=0.0116 val_loss=0.0235 val_BA=1.000 mejor_epoca=12
2026-10-01 11:34:45,577 INFO ICBHI/dn fold 0: config 0 (lr=0.0001, dropout=0.3) epoca 13: train_loss=0.0078 val_loss=0.0151 val_BA=1.000 mejor_epoca=13
2026-10-01 11:34:49,838 INFO ICBHI/dn fold 0: config 0 (lr=0.0001, dropout=0.3) epoca 15: train_loss=0.0058 val_loss=0.0144 val_BA=1.000 mejor_epoca=15
2026-10-01 11:34:54,101 INFO ICBHI/dn fold 0: config 0 (lr=0.0001, dropout=0.3) epoca 17: train_loss=0.0031 val_loss=0.0123 val_BA=1.000 mejor_epoca=17
2026-10-01 11:35:00,500 INFO ICBHI/dn fold 0: config 0 (lr=0.0001, dropout=0.3) epoca 20: train_loss=0.0061 val_loss=0.0188 val_BA=1.000 mejor_epoca=17
2026-10-01 11:35:19,653 INFO ICBHI/dn fold 0: config 0 (lr=0.0001, dropout=0.3) epoca 29: train_loss=0.0160 val_loss=0.0086 val_BA=1.000 mejor_epoca=29
2026-10-01 11:35:21,769 INFO ICBHI/dn fold 0: config 0 (lr=0.0001, dropout=0.3) epoca 30: train_loss=0.0015 val_loss=0.0367 val_BA=1.000 mejor_epoca=29
2026-10-01 11:35:43,036 INFO ICBHI/dn fold 0: config 0 (lr=0.0001, dropout=0.3) epoca 40: train_loss=0.0005 val_loss=0.0087 val_BA=1.000 mejor_epoca=29
2026-10-01 11:35:47,298 INFO ICBHI/dn fold 0: config 0 (lr=0.0001, dropout=0.3) epoca 42: train_loss=0.0010 val_loss=0.0052 val_BA=1.000 mejor_epoca=42
2026-10-01 11:35:49,429 INFO ICBHI/dn fold 0: config 0 (lr=0.0001, dropout=0.3) epoca 43: train_loss=0.0002 val_loss=0.0035 val_BA=1.000 mejor_epoca=43
2026-10-01 11:35:53,688 INFO ICBHI/dn fold 0: config 0 (lr=0.0001, dropout=0.3) epoca 45: train_loss=0.0005 val_loss=0.0017 val_BA=1.000 mejor_epoca=45
2026-10-01 11:36:04,338 INFO ICBHI/dn fold 0: config 0 (lr=0.0001, dropout=0.3) epoca 50: train_loss=0.0001 val_loss=0.0047 val_BA=1.000 mejor_epoca=45
2026-10-01 11:36:25,632 INFO ICBHI/dn fold 0: config 0 (lr=0.0001, dropout=0.3) epoca 60: train_loss=0.0016 val_loss=0.0269 val_BA=1.000 mejor_epoca=45
2026-10-01 11:36:25,651 INFO ICBHI/dn fold 0 config 0: OK val_BA=1.000 mejor_epoca=45 (2.1 min)
2026-10-01 11:36:26,429 INFO log-mel ICBHI/cv/fold_01/dn: 500/4715
2026-10-01 11:36:26,995 INFO log-mel ICBHI/cv/fold_01/dn: 1000/4715
2026-10-01 11:36:27,561 INFO log-mel ICBHI/cv/fold_01/dn: 1500/4715
2026-10-01 11:36:28,127 INFO log-mel ICBHI/cv/fold_01/dn: 2000/4715
2026-10-01 11:36:28,693 INFO log-mel ICBHI/cv/fold_01/dn: 2500/4715
2026-10-01 11:36:29,259 INFO log-mel ICBHI/cv/fold_01/dn: 3000/4715
2026-10-01 11:36:29,824 INFO log-mel ICBHI/cv/fold_01/dn: 3500/4715
2026-10-01 11:36:30,393 INFO log-mel ICBHI/cv/fold_01/dn: 4000/4715
2026-10-01 11:36:31,051 INFO log-mel ICBHI/cv/fold_01/dn: 4500/4715
2026-10-01 11:36:31,294 INFO log-mel ICBHI/cv/fold_01/dn: 4715/4715
2026-10-01 11:36:31,881 INFO ICBHI/dn fold 1: log-mel dn listo en 6.2 s, forma (4715, 1, 64, 309)
2026-10-01 11:36:31,893 INFO ICBHI/dn fold 1: 57/15 pacientes train/validation, 1 de 1 configuracion(es) por evaluar
2026-10-01 11:36:34,240 INFO ICBHI/dn fold 1: config 0 (lr=0.0001, dropout=0.3) epoca 1: train_loss=0.5285 val_loss=0.3218 val_BA=0.705 mejor_epoca=1
2026-10-01 11:36:36,340 INFO ICBHI/dn fold 1: config 0 (lr=0.0001, dropout=0.3) epoca 2: train_loss=0.2878 val_loss=0.2499 val_BA=0.705 mejor_epoca=2
2026-10-01 11:36:38,440 INFO ICBHI/dn fold 1: config 0 (lr=0.0001, dropout=0.3) epoca 3: train_loss=0.1676 val_loss=0.0830 val_BA=0.875 mejor_epoca=3
2026-10-01 11:36:40,541 INFO ICBHI/dn fold 1: config 0 (lr=0.0001, dropout=0.3) epoca 4: train_loss=0.1181 val_loss=0.4160 val_BA=0.955 mejor_epoca=4
2026-10-01 11:36:42,643 INFO ICBHI/dn fold 1: config 0 (lr=0.0001, dropout=0.3) epoca 5: train_loss=0.0813 val_loss=0.2259 val_BA=0.955 mejor_epoca=5
2026-10-01 11:36:53,153 INFO ICBHI/dn fold 1: config 0 (lr=0.0001, dropout=0.3) epoca 10: train_loss=0.0115 val_loss=0.1750 val_BA=0.830 mejor_epoca=5
2026-10-01 11:36:55,257 INFO ICBHI/dn fold 1: config 0 (lr=0.0001, dropout=0.3) epoca 11: train_loss=0.0145 val_loss=0.1559 val_BA=0.955 mejor_epoca=11
2026-10-01 11:37:14,184 INFO ICBHI/dn fold 1: config 0 (lr=0.0001, dropout=0.3) epoca 20: train_loss=0.0018 val_loss=0.2180 val_BA=0.830 mejor_epoca=11
2026-10-01 11:37:26,818 INFO ICBHI/dn fold 1 config 0: OK val_BA=0.955 mejor_epoca=11 (0.9 min)
2026-10-01 11:37:27,598 INFO log-mel ICBHI/cv/fold_02/dn: 500/4715
2026-10-01 11:37:28,164 INFO log-mel ICBHI/cv/fold_02/dn: 1000/4715
2026-10-01 11:37:28,730 INFO log-mel ICBHI/cv/fold_02/dn: 1500/4715
2026-10-01 11:37:29,297 INFO log-mel ICBHI/cv/fold_02/dn: 2000/4715
2026-10-01 11:37:29,863 INFO log-mel ICBHI/cv/fold_02/dn: 2500/4715
2026-10-01 11:37:30,429 INFO log-mel ICBHI/cv/fold_02/dn: 3000/4715
2026-10-01 11:37:30,994 INFO log-mel ICBHI/cv/fold_02/dn: 3500/4715
2026-10-01 11:37:31,560 INFO log-mel ICBHI/cv/fold_02/dn: 4000/4715
2026-10-01 11:37:32,191 INFO log-mel ICBHI/cv/fold_02/dn: 4500/4715
2026-10-01 11:37:32,437 INFO log-mel ICBHI/cv/fold_02/dn: 4715/4715
2026-10-01 11:37:33,030 INFO ICBHI/dn fold 2: log-mel dn listo en 6.2 s, forma (4715, 1, 64, 309)
2026-10-01 11:37:33,043 INFO ICBHI/dn fold 2: 58/14 pacientes train/validation, 1 de 1 configuracion(es) por evaluar
2026-10-01 11:37:35,347 INFO ICBHI/dn fold 2: config 0 (lr=0.0001, dropout=0.3) epoca 1: train_loss=0.5916 val_loss=0.3195 val_BA=1.000 mejor_epoca=1
2026-10-01 11:37:39,449 INFO ICBHI/dn fold 2: config 0 (lr=0.0001, dropout=0.3) epoca 3: train_loss=0.2025 val_loss=0.1850 val_BA=1.000 mejor_epoca=3
2026-10-01 11:37:41,502 INFO ICBHI/dn fold 2: config 0 (lr=0.0001, dropout=0.3) epoca 4: train_loss=0.1147 val_loss=0.1139 val_BA=1.000 mejor_epoca=4
2026-10-01 11:37:43,555 INFO ICBHI/dn fold 2: config 0 (lr=0.0001, dropout=0.3) epoca 5: train_loss=0.0787 val_loss=0.0525 val_BA=1.000 mejor_epoca=5
2026-10-01 11:37:53,821 INFO ICBHI/dn fold 2: config 0 (lr=0.0001, dropout=0.3) epoca 10: train_loss=0.0190 val_loss=0.0775 val_BA=0.875 mejor_epoca=5
2026-10-01 11:38:14,365 INFO ICBHI/dn fold 2: config 0 (lr=0.0001, dropout=0.3) epoca 20: train_loss=0.0055 val_loss=0.1022 val_BA=0.875 mejor_epoca=5
2026-10-01 11:38:14,385 INFO ICBHI/dn fold 2 config 0: OK val_BA=1.000 mejor_epoca=5 (0.7 min)
2026-10-01 11:38:15,164 INFO log-mel ICBHI/cv/fold_03/dn: 500/4715
2026-10-01 11:38:15,728 INFO log-mel ICBHI/cv/fold_03/dn: 1000/4715
2026-10-01 11:38:16,293 INFO log-mel ICBHI/cv/fold_03/dn: 1500/4715
2026-10-01 11:38:16,857 INFO log-mel ICBHI/cv/fold_03/dn: 2000/4715
2026-10-01 11:38:17,422 INFO log-mel ICBHI/cv/fold_03/dn: 2500/4715
2026-10-01 11:38:17,986 INFO log-mel ICBHI/cv/fold_03/dn: 3000/4715
2026-10-01 11:38:18,550 INFO log-mel ICBHI/cv/fold_03/dn: 3500/4715
2026-10-01 11:38:19,114 INFO log-mel ICBHI/cv/fold_03/dn: 4000/4715
2026-10-01 11:38:19,758 INFO log-mel ICBHI/cv/fold_03/dn: 4500/4715
2026-10-01 11:38:20,002 INFO log-mel ICBHI/cv/fold_03/dn: 4715/4715
2026-10-01 11:38:20,592 INFO ICBHI/dn fold 3: log-mel dn listo en 6.2 s, forma (4715, 1, 64, 309)
2026-10-01 11:38:20,605 INFO ICBHI/dn fold 3: 58/14 pacientes train/validation, 1 de 1 configuracion(es) por evaluar
2026-10-01 11:38:22,857 INFO ICBHI/dn fold 3: config 0 (lr=0.0001, dropout=0.3) epoca 1: train_loss=0.4793 val_loss=0.7189 val_BA=0.650 mejor_epoca=1
2026-10-01 11:38:24,872 INFO ICBHI/dn fold 3: config 0 (lr=0.0001, dropout=0.3) epoca 2: train_loss=0.2344 val_loss=0.2339 val_BA=0.875 mejor_epoca=2
2026-10-01 11:38:26,889 INFO ICBHI/dn fold 3: config 0 (lr=0.0001, dropout=0.3) epoca 3: train_loss=0.1196 val_loss=0.2219 val_BA=0.875 mejor_epoca=3
2026-10-01 11:38:28,906 INFO ICBHI/dn fold 3: config 0 (lr=0.0001, dropout=0.3) epoca 4: train_loss=0.0856 val_loss=0.2020 val_BA=1.000 mejor_epoca=4
2026-10-01 11:38:30,924 INFO ICBHI/dn fold 3: config 0 (lr=0.0001, dropout=0.3) epoca 5: train_loss=0.0627 val_loss=0.1731 val_BA=1.000 mejor_epoca=5
2026-10-01 11:38:34,958 INFO ICBHI/dn fold 3: config 0 (lr=0.0001, dropout=0.3) epoca 7: train_loss=0.0416 val_loss=0.1619 val_BA=1.000 mejor_epoca=7
2026-10-01 11:38:41,010 INFO ICBHI/dn fold 3: config 0 (lr=0.0001, dropout=0.3) epoca 10: train_loss=0.0103 val_loss=0.1074 val_BA=0.750 mejor_epoca=7
2026-10-01 11:39:01,191 INFO ICBHI/dn fold 3: config 0 (lr=0.0001, dropout=0.3) epoca 20: train_loss=0.0031 val_loss=0.1234 val_BA=0.875 mejor_epoca=7
2026-10-01 11:39:05,246 INFO ICBHI/dn fold 3 config 0: OK val_BA=1.000 mejor_epoca=7 (0.7 min)
2026-10-01 11:39:06,030 INFO log-mel ICBHI/cv/fold_04/dn: 500/4715
2026-10-01 11:39:06,611 INFO log-mel ICBHI/cv/fold_04/dn: 1000/4715
2026-10-01 11:39:07,182 INFO log-mel ICBHI/cv/fold_04/dn: 1500/4715
2026-10-01 11:39:07,753 INFO log-mel ICBHI/cv/fold_04/dn: 2000/4715
2026-10-01 11:39:08,324 INFO log-mel ICBHI/cv/fold_04/dn: 2500/4715
2026-10-01 11:39:08,895 INFO log-mel ICBHI/cv/fold_04/dn: 3000/4715
2026-10-01 11:39:09,465 INFO log-mel ICBHI/cv/fold_04/dn: 3500/4715
2026-10-01 11:39:10,035 INFO log-mel ICBHI/cv/fold_04/dn: 4000/4715
2026-10-01 11:39:10,605 INFO log-mel ICBHI/cv/fold_04/dn: 4500/4715
2026-10-01 11:39:10,851 INFO log-mel ICBHI/cv/fold_04/dn: 4715/4715
2026-10-01 11:39:11,473 INFO ICBHI/dn fold 4: log-mel dn listo en 6.2 s, forma (4715, 1, 64, 309)
2026-10-01 11:39:11,486 INFO ICBHI/dn fold 4: 58/14 pacientes train/validation, 1 de 1 configuracion(es) por evaluar
2026-10-01 11:39:13,742 INFO ICBHI/dn fold 4: config 0 (lr=0.0001, dropout=0.3) epoca 1: train_loss=0.5048 val_loss=0.2897 val_BA=0.500 mejor_epoca=1
2026-10-01 11:39:15,766 INFO ICBHI/dn fold 4: config 0 (lr=0.0001, dropout=0.3) epoca 2: train_loss=0.2368 val_loss=0.4448 val_BA=0.750 mejor_epoca=2
2026-10-01 11:39:17,791 INFO ICBHI/dn fold 4: config 0 (lr=0.0001, dropout=0.3) epoca 3: train_loss=0.1416 val_loss=0.2373 val_BA=0.750 mejor_epoca=3
2026-10-01 11:39:19,817 INFO ICBHI/dn fold 4: config 0 (lr=0.0001, dropout=0.3) epoca 4: train_loss=0.1046 val_loss=0.2786 val_BA=0.875 mejor_epoca=4
2026-10-01 11:39:23,869 INFO ICBHI/dn fold 4: config 0 (lr=0.0001, dropout=0.3) epoca 6: train_loss=0.0409 val_loss=0.2772 val_BA=0.875 mejor_epoca=6
2026-10-01 11:39:25,897 INFO ICBHI/dn fold 4: config 0 (lr=0.0001, dropout=0.3) epoca 7: train_loss=0.0311 val_loss=0.1734 val_BA=0.875 mejor_epoca=7
2026-10-01 11:39:31,981 INFO ICBHI/dn fold 4: config 0 (lr=0.0001, dropout=0.3) epoca 10: train_loss=0.0106 val_loss=0.0901 val_BA=0.750 mejor_epoca=7
2026-10-01 11:39:42,132 INFO ICBHI/dn fold 4: config 0 (lr=0.0001, dropout=0.3) epoca 15: train_loss=0.0033 val_loss=0.0785 val_BA=0.875 mejor_epoca=15
2026-10-01 11:39:52,287 INFO ICBHI/dn fold 4: config 0 (lr=0.0001, dropout=0.3) epoca 20: train_loss=0.0023 val_loss=0.1997 val_BA=0.750 mejor_epoca=15
2026-10-01 11:40:12,583 INFO ICBHI/dn fold 4: config 0 (lr=0.0001, dropout=0.3) epoca 30: train_loss=0.0005 val_loss=0.1000 val_BA=0.750 mejor_epoca=15
2026-10-01 11:40:12,603 INFO ICBHI/dn fold 4 config 0: OK val_BA=0.875 mejor_epoca=15 (1.0 min)
2026-10-01 11:40:13,605 INFO seed_20261001: preparando crnn_dn con configuracion congelada 8
2026-10-01 11:40:14,053 INFO ICBHI/dn fold 0: log-mel dn listo en 0.4 s, forma (4715, 1, 64, 309)
2026-10-01 11:40:14,065 INFO ICBHI/dn fold 0: 57/15 pacientes train/validation, 1 de 1 configuracion(es) por evaluar
2026-10-01 11:40:16,422 INFO ICBHI/dn fold 0: config 8 (lr=0.0003, dropout=0.3) epoca 1: train_loss=0.4701 val_loss=0.2913 val_BA=1.000 mejor_epoca=1
2026-10-01 11:40:18,467 INFO ICBHI/dn fold 0: config 8 (lr=0.0003, dropout=0.3) epoca 2: train_loss=0.1923 val_loss=0.1609 val_BA=1.000 mejor_epoca=2
2026-10-01 11:40:28,696 INFO ICBHI/dn fold 0: config 8 (lr=0.0003, dropout=0.3) epoca 7: train_loss=0.0230 val_loss=0.1001 val_BA=1.000 mejor_epoca=7
2026-10-01 11:40:30,740 INFO ICBHI/dn fold 0: config 8 (lr=0.0003, dropout=0.3) epoca 8: train_loss=0.0371 val_loss=0.0618 val_BA=1.000 mejor_epoca=8
2026-10-01 11:40:34,831 INFO ICBHI/dn fold 0: config 8 (lr=0.0003, dropout=0.3) epoca 10: train_loss=0.0121 val_loss=0.0504 val_BA=0.900 mejor_epoca=8
2026-10-01 11:40:36,876 INFO ICBHI/dn fold 0: config 8 (lr=0.0003, dropout=0.3) epoca 11: train_loss=0.0435 val_loss=0.0360 val_BA=1.000 mejor_epoca=11
2026-10-01 11:40:45,042 INFO ICBHI/dn fold 0: config 8 (lr=0.0003, dropout=0.3) epoca 15: train_loss=0.0121 val_loss=0.0330 val_BA=1.000 mejor_epoca=15
2026-10-01 11:40:53,213 INFO ICBHI/dn fold 0: config 8 (lr=0.0003, dropout=0.3) epoca 19: train_loss=0.0608 val_loss=0.0319 val_BA=1.000 mejor_epoca=19
2026-10-01 11:40:55,256 INFO ICBHI/dn fold 0: config 8 (lr=0.0003, dropout=0.3) epoca 20: train_loss=0.0215 val_loss=0.0623 val_BA=1.000 mejor_epoca=19
2026-10-01 11:41:15,656 INFO ICBHI/dn fold 0: config 8 (lr=0.0003, dropout=0.3) epoca 30: train_loss=0.0006 val_loss=0.0809 val_BA=1.000 mejor_epoca=19
2026-10-01 11:41:23,826 INFO ICBHI/dn fold 0 config 8: OK val_BA=1.000 mejor_epoca=19 (1.2 min)
2026-10-01 11:41:24,276 INFO ICBHI/dn fold 1: log-mel dn listo en 0.4 s, forma (4715, 1, 64, 309)
2026-10-01 11:41:24,289 INFO ICBHI/dn fold 1: 57/15 pacientes train/validation, 1 de 1 configuracion(es) por evaluar
2026-10-01 11:41:26,528 INFO ICBHI/dn fold 1: config 8 (lr=0.0003, dropout=0.3) epoca 1: train_loss=0.3635 val_loss=0.2712 val_BA=0.750 mejor_epoca=1
2026-10-01 11:41:28,552 INFO ICBHI/dn fold 1: config 8 (lr=0.0003, dropout=0.3) epoca 2: train_loss=0.1550 val_loss=0.3122 val_BA=0.830 mejor_epoca=2
2026-10-01 11:41:30,573 INFO ICBHI/dn fold 1: config 8 (lr=0.0003, dropout=0.3) epoca 3: train_loss=0.1208 val_loss=0.3984 val_BA=0.955 mejor_epoca=3
2026-10-01 11:41:32,593 INFO ICBHI/dn fold 1: config 8 (lr=0.0003, dropout=0.3) epoca 4: train_loss=0.0620 val_loss=0.2214 val_BA=0.955 mejor_epoca=4
2026-10-01 11:41:44,704 INFO ICBHI/dn fold 1: config 8 (lr=0.0003, dropout=0.3) epoca 10: train_loss=0.0698 val_loss=0.2737 val_BA=0.955 mejor_epoca=4
2026-10-01 11:41:46,727 INFO ICBHI/dn fold 1: config 8 (lr=0.0003, dropout=0.3) epoca 11: train_loss=0.0205 val_loss=0.2078 val_BA=0.955 mejor_epoca=11
2026-10-01 11:41:48,747 INFO ICBHI/dn fold 1: config 8 (lr=0.0003, dropout=0.3) epoca 12: train_loss=0.0084 val_loss=0.1366 val_BA=0.955 mejor_epoca=12
2026-10-01 11:42:04,891 INFO ICBHI/dn fold 1: config 8 (lr=0.0003, dropout=0.3) epoca 20: train_loss=0.0219 val_loss=0.1569 val_BA=0.830 mejor_epoca=12
2026-10-01 11:42:19,027 INFO ICBHI/dn fold 1 config 8: OK val_BA=0.955 mejor_epoca=12 (0.9 min)
2026-10-01 11:42:19,476 INFO ICBHI/dn fold 2: log-mel dn listo en 0.4 s, forma (4715, 1, 64, 309)
2026-10-01 11:42:19,489 INFO ICBHI/dn fold 2: 58/14 pacientes train/validation, 1 de 1 configuracion(es) por evaluar
2026-10-01 11:42:21,679 INFO ICBHI/dn fold 2: config 8 (lr=0.0003, dropout=0.3) epoca 1: train_loss=0.4903 val_loss=0.2854 val_BA=0.750 mejor_epoca=1
2026-10-01 11:42:23,660 INFO ICBHI/dn fold 2: config 8 (lr=0.0003, dropout=0.3) epoca 2: train_loss=0.2266 val_loss=0.9282 val_BA=0.900 mejor_epoca=2
2026-10-01 11:42:27,620 INFO ICBHI/dn fold 2: config 8 (lr=0.0003, dropout=0.3) epoca 4: train_loss=0.0814 val_loss=0.2846 val_BA=1.000 mejor_epoca=4
2026-10-01 11:42:29,596 INFO ICBHI/dn fold 2: config 8 (lr=0.0003, dropout=0.3) epoca 5: train_loss=0.0551 val_loss=0.0695 val_BA=1.000 mejor_epoca=5
2026-10-01 11:42:33,548 INFO ICBHI/dn fold 2: config 8 (lr=0.0003, dropout=0.3) epoca 7: train_loss=0.0403 val_loss=0.0523 val_BA=1.000 mejor_epoca=7
2026-10-01 11:42:37,500 INFO ICBHI/dn fold 2: config 8 (lr=0.0003, dropout=0.3) epoca 9: train_loss=0.0133 val_loss=0.0498 val_BA=1.000 mejor_epoca=9
2026-10-01 11:42:39,475 INFO ICBHI/dn fold 2: config 8 (lr=0.0003, dropout=0.3) epoca 10: train_loss=0.0167 val_loss=0.0382 val_BA=1.000 mejor_epoca=10
2026-10-01 11:42:43,422 INFO ICBHI/dn fold 2: config 8 (lr=0.0003, dropout=0.3) epoca 12: train_loss=0.0120 val_loss=0.0335 val_BA=1.000 mejor_epoca=12
2026-10-01 11:42:45,399 INFO ICBHI/dn fold 2: config 8 (lr=0.0003, dropout=0.3) epoca 13: train_loss=0.0039 val_loss=0.0287 val_BA=1.000 mejor_epoca=13
2026-10-01 11:42:51,317 INFO ICBHI/dn fold 2: config 8 (lr=0.0003, dropout=0.3) epoca 16: train_loss=0.0025 val_loss=0.0254 val_BA=1.000 mejor_epoca=16
2026-10-01 11:42:59,209 INFO ICBHI/dn fold 2: config 8 (lr=0.0003, dropout=0.3) epoca 20: train_loss=0.0016 val_loss=0.0308 val_BA=1.000 mejor_epoca=16
2026-10-01 11:43:18,943 INFO ICBHI/dn fold 2: config 8 (lr=0.0003, dropout=0.3) epoca 30: train_loss=0.0010 val_loss=0.0304 val_BA=1.000 mejor_epoca=16
2026-10-01 11:43:20,931 INFO ICBHI/dn fold 2 config 8: OK val_BA=1.000 mejor_epoca=16 (1.0 min)
2026-10-01 11:43:21,381 INFO ICBHI/dn fold 3: log-mel dn listo en 0.4 s, forma (4715, 1, 64, 309)
2026-10-01 11:43:21,393 INFO ICBHI/dn fold 3: 58/14 pacientes train/validation, 1 de 1 configuracion(es) por evaluar
2026-10-01 11:43:23,531 INFO ICBHI/dn fold 3: config 8 (lr=0.0003, dropout=0.3) epoca 1: train_loss=0.3749 val_loss=0.2970 val_BA=0.750 mejor_epoca=1
2026-10-01 11:43:25,474 INFO ICBHI/dn fold 3: config 8 (lr=0.0003, dropout=0.3) epoca 2: train_loss=0.1439 val_loss=0.4912 val_BA=0.875 mejor_epoca=2
2026-10-01 11:43:29,361 INFO ICBHI/dn fold 3: config 8 (lr=0.0003, dropout=0.3) epoca 4: train_loss=0.0670 val_loss=0.3837 val_BA=0.875 mejor_epoca=4
2026-10-01 11:43:40,998 INFO ICBHI/dn fold 3: config 8 (lr=0.0003, dropout=0.3) epoca 10: train_loss=0.0318 val_loss=0.1913 val_BA=0.625 mejor_epoca=4
2026-10-01 11:43:52,634 INFO ICBHI/dn fold 3: config 8 (lr=0.0003, dropout=0.3) epoca 16: train_loss=0.0335 val_loss=0.2203 val_BA=0.875 mejor_epoca=16
2026-10-01 11:44:00,380 INFO ICBHI/dn fold 3: config 8 (lr=0.0003, dropout=0.3) epoca 20: train_loss=0.0016 val_loss=0.2106 val_BA=0.750 mejor_epoca=16
2026-10-01 11:44:19,702 INFO ICBHI/dn fold 3: config 8 (lr=0.0003, dropout=0.3) epoca 30: train_loss=0.0005 val_loss=0.2323 val_BA=0.750 mejor_epoca=16
2026-10-01 11:44:21,654 INFO ICBHI/dn fold 3 config 8: OK val_BA=0.875 mejor_epoca=16 (1.0 min)
2026-10-01 11:44:22,104 INFO ICBHI/dn fold 4: log-mel dn listo en 0.4 s, forma (4715, 1, 64, 309)
2026-10-01 11:44:22,117 INFO ICBHI/dn fold 4: 58/14 pacientes train/validation, 1 de 1 configuracion(es) por evaluar
2026-10-01 11:44:24,275 INFO ICBHI/dn fold 4: config 8 (lr=0.0003, dropout=0.3) epoca 1: train_loss=0.4430 val_loss=0.1833 val_BA=0.500 mejor_epoca=1
2026-10-01 11:44:26,230 INFO ICBHI/dn fold 4: config 8 (lr=0.0003, dropout=0.3) epoca 2: train_loss=0.1821 val_loss=1.1673 val_BA=0.800 mejor_epoca=2
2026-10-01 11:44:28,187 INFO ICBHI/dn fold 4: config 8 (lr=0.0003, dropout=0.3) epoca 3: train_loss=0.1178 val_loss=0.5346 val_BA=1.000 mejor_epoca=3
2026-10-01 11:44:41,875 INFO ICBHI/dn fold 4: config 8 (lr=0.0003, dropout=0.3) epoca 10: train_loss=0.0339 val_loss=0.1095 val_BA=0.875 mejor_epoca=3
2026-10-01 11:45:01,387 INFO ICBHI/dn fold 4: config 8 (lr=0.0003, dropout=0.3) epoca 20: train_loss=0.0012 val_loss=0.0877 val_BA=0.750 mejor_epoca=3
2026-10-01 11:45:01,408 INFO ICBHI/dn fold 4 config 8: OK val_BA=1.000 mejor_epoca=3 (0.7 min)
2026-10-01 11:45:02,412 INFO seed_20261001: preparando crnn_no_dn_aug con configuracion congelada 5
2026-10-01 11:45:02,861 INFO ICBHI/no_dn_aug fold 0: log-mel no_dn listo en 0.4 s, forma (4715, 1, 64, 309)
2026-10-01 11:45:02,873 INFO ICBHI/no_dn_aug fold 0: 57/15 pacientes train/validation, 1 de 1 configuracion(es) por evaluar
2026-10-01 11:45:05,195 INFO ICBHI/no_dn_aug fold 0: config 5 (lr=0.0001, dropout=0.4) epoca 1: train_loss=0.5312 val_loss=0.2794 val_BA=0.800 mejor_epoca=1
2026-10-01 11:45:07,289 INFO ICBHI/no_dn_aug fold 0: config 5 (lr=0.0001, dropout=0.4) epoca 2: train_loss=0.2465 val_loss=0.2406 val_BA=0.900 mejor_epoca=2
2026-10-01 11:45:09,385 INFO ICBHI/no_dn_aug fold 0: config 5 (lr=0.0001, dropout=0.4) epoca 3: train_loss=0.1611 val_loss=0.3856 val_BA=1.000 mejor_epoca=3
2026-10-01 11:45:11,481 INFO ICBHI/no_dn_aug fold 0: config 5 (lr=0.0001, dropout=0.4) epoca 4: train_loss=0.1374 val_loss=0.1902 val_BA=1.000 mejor_epoca=4
2026-10-01 11:45:24,048 INFO ICBHI/no_dn_aug fold 0: config 5 (lr=0.0001, dropout=0.4) epoca 10: train_loss=0.0326 val_loss=0.0848 val_BA=0.900 mejor_epoca=4
2026-10-01 11:45:40,791 INFO ICBHI/no_dn_aug fold 0: config 5 (lr=0.0001, dropout=0.4) epoca 18: train_loss=0.0098 val_loss=0.0364 val_BA=1.000 mejor_epoca=18
2026-10-01 11:45:44,970 INFO ICBHI/no_dn_aug fold 0: config 5 (lr=0.0001, dropout=0.4) epoca 20: train_loss=0.0075 val_loss=0.0568 val_BA=0.900 mejor_epoca=18
2026-10-01 11:46:05,867 INFO ICBHI/no_dn_aug fold 0: config 5 (lr=0.0001, dropout=0.4) epoca 30: train_loss=0.0034 val_loss=0.0691 val_BA=0.900 mejor_epoca=18
2026-10-01 11:46:12,154 INFO ICBHI/no_dn_aug fold 0 config 5: OK val_BA=1.000 mejor_epoca=18 (1.2 min)
2026-10-01 11:46:12,601 INFO ICBHI/no_dn_aug fold 1: log-mel no_dn listo en 0.4 s, forma (4715, 1, 64, 309)
2026-10-01 11:46:12,614 INFO ICBHI/no_dn_aug fold 1: 57/15 pacientes train/validation, 1 de 1 configuracion(es) por evaluar
2026-10-01 11:46:14,877 INFO ICBHI/no_dn_aug fold 1: config 5 (lr=0.0001, dropout=0.4) epoca 1: train_loss=0.5021 val_loss=0.5668 val_BA=0.909 mejor_epoca=1
2026-10-01 11:46:19,009 INFO ICBHI/no_dn_aug fold 1: config 5 (lr=0.0001, dropout=0.4) epoca 3: train_loss=0.1907 val_loss=0.3789 val_BA=0.955 mejor_epoca=3
2026-10-01 11:46:23,136 INFO ICBHI/no_dn_aug fold 1: config 5 (lr=0.0001, dropout=0.4) epoca 5: train_loss=0.0909 val_loss=0.2000 val_BA=0.955 mejor_epoca=5
2026-10-01 11:46:27,264 INFO ICBHI/no_dn_aug fold 1: config 5 (lr=0.0001, dropout=0.4) epoca 7: train_loss=0.0546 val_loss=0.1526 val_BA=0.955 mejor_epoca=7
2026-10-01 11:46:33,461 INFO ICBHI/no_dn_aug fold 1: config 5 (lr=0.0001, dropout=0.4) epoca 10: train_loss=0.0274 val_loss=0.1647 val_BA=0.830 mejor_epoca=7
2026-10-01 11:46:47,912 INFO ICBHI/no_dn_aug fold 1: config 5 (lr=0.0001, dropout=0.4) epoca 17: train_loss=0.0204 val_loss=0.1460 val_BA=0.955 mejor_epoca=17
2026-10-01 11:46:54,096 INFO ICBHI/no_dn_aug fold 1: config 5 (lr=0.0001, dropout=0.4) epoca 20: train_loss=0.0068 val_loss=0.1680 val_BA=0.830 mejor_epoca=17
2026-10-01 11:47:14,897 INFO ICBHI/no_dn_aug fold 1: config 5 (lr=0.0001, dropout=0.4) epoca 30: train_loss=0.0202 val_loss=0.1594 val_BA=0.830 mejor_epoca=17
2026-10-01 11:47:19,047 INFO ICBHI/no_dn_aug fold 1 config 5: OK val_BA=0.955 mejor_epoca=17 (1.1 min)
2026-10-01 11:47:19,497 INFO ICBHI/no_dn_aug fold 2: log-mel no_dn listo en 0.4 s, forma (4715, 1, 64, 309)
2026-10-01 11:47:19,509 INFO ICBHI/no_dn_aug fold 2: 58/14 pacientes train/validation, 1 de 1 configuracion(es) por evaluar
2026-10-01 11:47:21,725 INFO ICBHI/no_dn_aug fold 2: config 5 (lr=0.0001, dropout=0.4) epoca 1: train_loss=0.5763 val_loss=0.5677 val_BA=0.650 mejor_epoca=1
2026-10-01 11:47:23,755 INFO ICBHI/no_dn_aug fold 2: config 5 (lr=0.0001, dropout=0.4) epoca 2: train_loss=0.3442 val_loss=0.3650 val_BA=1.000 mejor_epoca=2
2026-10-01 11:47:27,813 INFO ICBHI/no_dn_aug fold 2: config 5 (lr=0.0001, dropout=0.4) epoca 4: train_loss=0.1567 val_loss=0.2293 val_BA=1.000 mejor_epoca=4
2026-10-01 11:47:29,845 INFO ICBHI/no_dn_aug fold 2: config 5 (lr=0.0001, dropout=0.4) epoca 5: train_loss=0.1151 val_loss=0.1788 val_BA=1.000 mejor_epoca=5
2026-10-01 11:47:31,877 INFO ICBHI/no_dn_aug fold 2: config 5 (lr=0.0001, dropout=0.4) epoca 6: train_loss=0.0931 val_loss=0.1321 val_BA=1.000 mejor_epoca=6
2026-10-01 11:47:33,904 INFO ICBHI/no_dn_aug fold 2: config 5 (lr=0.0001, dropout=0.4) epoca 7: train_loss=0.0863 val_loss=0.1278 val_BA=1.000 mejor_epoca=7
2026-10-01 11:47:37,962 INFO ICBHI/no_dn_aug fold 2: config 5 (lr=0.0001, dropout=0.4) epoca 9: train_loss=0.0532 val_loss=0.0971 val_BA=1.000 mejor_epoca=9
2026-10-01 11:47:39,992 INFO ICBHI/no_dn_aug fold 2: config 5 (lr=0.0001, dropout=0.4) epoca 10: train_loss=0.0539 val_loss=0.0752 val_BA=1.000 mejor_epoca=10
2026-10-01 11:47:44,044 INFO ICBHI/no_dn_aug fold 2: config 5 (lr=0.0001, dropout=0.4) epoca 12: train_loss=0.0299 val_loss=0.0657 val_BA=1.000 mejor_epoca=12
2026-10-01 11:47:48,099 INFO ICBHI/no_dn_aug fold 2: config 5 (lr=0.0001, dropout=0.4) epoca 14: train_loss=0.0369 val_loss=0.0587 val_BA=1.000 mejor_epoca=14
2026-10-01 11:47:58,231 INFO ICBHI/no_dn_aug fold 2: config 5 (lr=0.0001, dropout=0.4) epoca 19: train_loss=0.0138 val_loss=0.0441 val_BA=1.000 mejor_epoca=19
2026-10-01 11:48:00,259 INFO ICBHI/no_dn_aug fold 2: config 5 (lr=0.0001, dropout=0.4) epoca 20: train_loss=0.0203 val_loss=0.0504 val_BA=1.000 mejor_epoca=19
2026-10-01 11:48:06,333 INFO ICBHI/no_dn_aug fold 2: config 5 (lr=0.0001, dropout=0.4) epoca 23: train_loss=0.0089 val_loss=0.0436 val_BA=1.000 mejor_epoca=23
2026-10-01 11:48:08,372 INFO ICBHI/no_dn_aug fold 2: config 5 (lr=0.0001, dropout=0.4) epoca 24: train_loss=0.0248 val_loss=0.0337 val_BA=1.000 mejor_epoca=24
2026-10-01 11:48:20,660 INFO ICBHI/no_dn_aug fold 2: config 5 (lr=0.0001, dropout=0.4) epoca 30: train_loss=0.0131 val_loss=0.0892 val_BA=0.875 mejor_epoca=24
2026-10-01 11:48:22,687 INFO ICBHI/no_dn_aug fold 2: config 5 (lr=0.0001, dropout=0.4) epoca 31: train_loss=0.0087 val_loss=0.0199 val_BA=1.000 mejor_epoca=31
2026-10-01 11:48:34,831 INFO ICBHI/no_dn_aug fold 2: config 5 (lr=0.0001, dropout=0.4) epoca 37: train_loss=0.0137 val_loss=0.0180 val_BA=1.000 mejor_epoca=37
2026-10-01 11:48:40,904 INFO ICBHI/no_dn_aug fold 2: config 5 (lr=0.0001, dropout=0.4) epoca 40: train_loss=0.0317 val_loss=0.1061 val_BA=0.875 mejor_epoca=37
2026-10-01 11:49:01,134 INFO ICBHI/no_dn_aug fold 2: config 5 (lr=0.0001, dropout=0.4) epoca 50: train_loss=0.0042 val_loss=0.0576 val_BA=1.000 mejor_epoca=37
2026-10-01 11:49:05,198 INFO ICBHI/no_dn_aug fold 2 config 5: OK val_BA=1.000 mejor_epoca=37 (1.8 min)
2026-10-01 11:49:05,649 INFO ICBHI/no_dn_aug fold 3: log-mel no_dn listo en 0.4 s, forma (4715, 1, 64, 309)
2026-10-01 11:49:05,662 INFO ICBHI/no_dn_aug fold 3: 58/14 pacientes train/validation, 1 de 1 configuracion(es) por evaluar
2026-10-01 11:49:07,833 INFO ICBHI/no_dn_aug fold 3: config 5 (lr=0.0001, dropout=0.4) epoca 1: train_loss=0.4237 val_loss=0.2407 val_BA=0.500 mejor_epoca=1
2026-10-01 11:49:09,824 INFO ICBHI/no_dn_aug fold 3: config 5 (lr=0.0001, dropout=0.4) epoca 2: train_loss=0.1948 val_loss=0.3373 val_BA=0.625 mejor_epoca=2
2026-10-01 11:49:13,799 INFO ICBHI/no_dn_aug fold 3: config 5 (lr=0.0001, dropout=0.4) epoca 4: train_loss=0.0882 val_loss=0.2644 val_BA=0.750 mejor_epoca=4
2026-10-01 11:49:21,746 INFO ICBHI/no_dn_aug fold 3: config 5 (lr=0.0001, dropout=0.4) epoca 8: train_loss=0.0399 val_loss=0.1863 val_BA=0.750 mejor_epoca=8
2026-10-01 11:49:25,725 INFO ICBHI/no_dn_aug fold 3: config 5 (lr=0.0001, dropout=0.4) epoca 10: train_loss=0.0267 val_loss=0.1363 val_BA=0.625 mejor_epoca=8
2026-10-01 11:49:27,712 INFO ICBHI/no_dn_aug fold 3: config 5 (lr=0.0001, dropout=0.4) epoca 11: train_loss=0.0214 val_loss=0.1842 val_BA=0.750 mejor_epoca=11
2026-10-01 11:49:29,699 INFO ICBHI/no_dn_aug fold 3: config 5 (lr=0.0001, dropout=0.4) epoca 12: train_loss=0.0354 val_loss=0.1464 val_BA=0.750 mejor_epoca=12
2026-10-01 11:49:45,587 INFO ICBHI/no_dn_aug fold 3: config 5 (lr=0.0001, dropout=0.4) epoca 20: train_loss=0.0068 val_loss=0.1696 val_BA=0.625 mejor_epoca=12
2026-10-01 11:49:51,543 INFO ICBHI/no_dn_aug fold 3: config 5 (lr=0.0001, dropout=0.4) epoca 23: train_loss=0.0166 val_loss=0.2737 val_BA=0.875 mejor_epoca=23
2026-10-01 11:50:05,444 INFO ICBHI/no_dn_aug fold 3: config 5 (lr=0.0001, dropout=0.4) epoca 30: train_loss=0.0033 val_loss=0.2216 val_BA=0.625 mejor_epoca=23
2026-10-01 11:50:21,031 INFO ICBHI/no_dn_aug fold 3 config 5: OK val_BA=0.875 mejor_epoca=23 (1.3 min)
2026-10-01 11:50:21,480 INFO ICBHI/no_dn_aug fold 4: log-mel no_dn listo en 0.4 s, forma (4715, 1, 64, 309)
2026-10-01 11:50:21,492 INFO ICBHI/no_dn_aug fold 4: 58/14 pacientes train/validation, 1 de 1 configuracion(es) por evaluar
2026-10-01 11:50:23,618 INFO ICBHI/no_dn_aug fold 4: config 5 (lr=0.0001, dropout=0.4) epoca 1: train_loss=0.4699 val_loss=0.2849 val_BA=0.750 mejor_epoca=1
2026-10-01 11:50:25,562 INFO ICBHI/no_dn_aug fold 4: config 5 (lr=0.0001, dropout=0.4) epoca 2: train_loss=0.2372 val_loss=0.3435 val_BA=0.875 mejor_epoca=2
2026-10-01 11:50:31,394 INFO ICBHI/no_dn_aug fold 4: config 5 (lr=0.0001, dropout=0.4) epoca 5: train_loss=0.0790 val_loss=0.3152 val_BA=0.875 mejor_epoca=5
2026-10-01 11:50:41,112 INFO ICBHI/no_dn_aug fold 4: config 5 (lr=0.0001, dropout=0.4) epoca 10: train_loss=0.0418 val_loss=0.4172 val_BA=0.750 mejor_epoca=5
2026-10-01 11:50:43,055 INFO ICBHI/no_dn_aug fold 4: config 5 (lr=0.0001, dropout=0.4) epoca 11: train_loss=0.0320 val_loss=0.1848 val_BA=0.875 mejor_epoca=11
2026-10-01 11:50:54,703 INFO ICBHI/no_dn_aug fold 4: config 5 (lr=0.0001, dropout=0.4) epoca 17: train_loss=0.0204 val_loss=0.1228 val_BA=0.875 mejor_epoca=17
2026-10-01 11:51:00,663 INFO ICBHI/no_dn_aug fold 4: config 5 (lr=0.0001, dropout=0.4) epoca 20: train_loss=0.0178 val_loss=0.5740 val_BA=0.875 mejor_epoca=17
2026-10-01 11:51:12,674 INFO ICBHI/no_dn_aug fold 4: config 5 (lr=0.0001, dropout=0.4) epoca 26: train_loss=0.0114 val_loss=0.0854 val_BA=0.875 mejor_epoca=26
2026-10-01 11:51:20,679 INFO ICBHI/no_dn_aug fold 4: config 5 (lr=0.0001, dropout=0.4) epoca 30: train_loss=0.0116 val_loss=0.0840 val_BA=0.625 mejor_epoca=26
2026-10-01 11:51:40,674 INFO ICBHI/no_dn_aug fold 4: config 5 (lr=0.0001, dropout=0.4) epoca 40: train_loss=0.0018 val_loss=0.2051 val_BA=0.750 mejor_epoca=26
2026-10-01 11:51:42,695 INFO ICBHI/no_dn_aug fold 4 config 5: OK val_BA=0.875 mejor_epoca=26 (1.4 min)
2026-10-01 11:51:44,136 INFO ICBHI/permuted_labels fold 0: log-mel no_dn listo en 0.4 s, forma (4715, 1, 64, 309)
2026-10-01 11:51:44,151 INFO ICBHI/permuted_labels fold 0: 57/15 pacientes train/validation, 1 de 1 configuracion(es) por evaluar
2026-10-01 11:51:46,144 INFO ICBHI/permuted_labels fold 0: config 1 (lr=0.0001, dropout=0.3) epoca 1: train_loss=0.6589 val_loss=0.7817 val_BA=0.583 mejor_epoca=1
2026-10-01 11:51:47,944 INFO ICBHI/permuted_labels fold 0: config 1 (lr=0.0001, dropout=0.3) epoca 2: train_loss=0.6046 val_loss=0.5294 val_BA=0.583 mejor_epoca=2
2026-10-01 11:51:49,745 INFO ICBHI/permuted_labels fold 0: config 1 (lr=0.0001, dropout=0.3) epoca 3: train_loss=0.5046 val_loss=1.1574 val_BA=0.667 mejor_epoca=3
2026-10-01 11:51:51,545 INFO ICBHI/permuted_labels fold 0: config 1 (lr=0.0001, dropout=0.3) epoca 4: train_loss=0.3980 val_loss=0.5049 val_BA=0.667 mejor_epoca=4
2026-10-01 11:52:02,347 INFO ICBHI/permuted_labels fold 0: config 1 (lr=0.0001, dropout=0.3) epoca 10: train_loss=0.0772 val_loss=0.7977 val_BA=0.708 mejor_epoca=10
2026-10-01 11:52:20,353 INFO ICBHI/permuted_labels fold 0: config 1 (lr=0.0001, dropout=0.3) epoca 20: train_loss=0.0057 val_loss=0.9152 val_BA=0.583 mejor_epoca=10
2026-10-01 11:52:29,375 INFO ICBHI/permuted_labels fold 0 config 1: OK val_BA=0.708 mejor_epoca=10 (0.8 min)
2026-10-01 11:52:29,825 INFO ICBHI/permuted_labels fold 1: log-mel no_dn listo en 0.4 s, forma (4715, 1, 64, 309)
2026-10-01 11:52:29,840 INFO ICBHI/permuted_labels fold 1: 57/15 pacientes train/validation, 1 de 1 configuracion(es) por evaluar
2026-10-01 11:52:31,805 INFO ICBHI/permuted_labels fold 1: config 1 (lr=0.0001, dropout=0.3) epoca 1: train_loss=0.6514 val_loss=0.6328 val_BA=0.450 mejor_epoca=1
2026-10-01 11:52:33,582 INFO ICBHI/permuted_labels fold 1: config 1 (lr=0.0001, dropout=0.3) epoca 2: train_loss=0.5352 val_loss=0.6033 val_BA=0.450 mejor_epoca=2
2026-10-01 11:52:47,805 INFO ICBHI/permuted_labels fold 1: config 1 (lr=0.0001, dropout=0.3) epoca 10: train_loss=0.0624 val_loss=1.1759 val_BA=0.350 mejor_epoca=2
2026-10-01 11:52:51,360 INFO ICBHI/permuted_labels fold 1: config 1 (lr=0.0001, dropout=0.3) epoca 12: train_loss=0.0283 val_loss=1.4914 val_BA=0.500 mejor_epoca=12
2026-10-01 11:52:54,915 INFO ICBHI/permuted_labels fold 1: config 1 (lr=0.0001, dropout=0.3) epoca 14: train_loss=0.0164 val_loss=1.7097 val_BA=0.550 mejor_epoca=14
2026-10-01 11:53:05,576 INFO ICBHI/permuted_labels fold 1: config 1 (lr=0.0001, dropout=0.3) epoca 20: train_loss=0.0039 val_loss=1.3460 val_BA=0.400 mejor_epoca=14
2026-10-01 11:53:07,351 INFO ICBHI/permuted_labels fold 1: config 1 (lr=0.0001, dropout=0.3) epoca 21: train_loss=0.0036 val_loss=1.6788 val_BA=0.600 mejor_epoca=21
2026-10-01 11:53:23,335 INFO ICBHI/permuted_labels fold 1: config 1 (lr=0.0001, dropout=0.3) epoca 30: train_loss=0.0015 val_loss=1.7430 val_BA=0.450 mejor_epoca=21
2026-10-01 11:53:34,009 INFO ICBHI/permuted_labels fold 1 config 1: OK val_BA=0.600 mejor_epoca=21 (1.1 min)
2026-10-01 11:53:34,458 INFO ICBHI/permuted_labels fold 2: log-mel no_dn listo en 0.4 s, forma (4715, 1, 64, 309)
2026-10-01 11:53:34,473 INFO ICBHI/permuted_labels fold 2: 58/14 pacientes train/validation, 1 de 1 configuracion(es) por evaluar
2026-10-01 11:53:36,406 INFO ICBHI/permuted_labels fold 2: config 1 (lr=0.0001, dropout=0.3) epoca 1: train_loss=0.6378 val_loss=1.1149 val_BA=0.478 mejor_epoca=1
2026-10-01 11:53:38,148 INFO ICBHI/permuted_labels fold 2: config 1 (lr=0.0001, dropout=0.3) epoca 2: train_loss=0.5277 val_loss=1.0355 val_BA=0.500 mejor_epoca=2
2026-10-01 11:53:39,890 INFO ICBHI/permuted_labels fold 2: config 1 (lr=0.0001, dropout=0.3) epoca 3: train_loss=0.3918 val_loss=1.0430 val_BA=0.511 mejor_epoca=3
2026-10-01 11:53:41,632 INFO ICBHI/permuted_labels fold 2: config 1 (lr=0.0001, dropout=0.3) epoca 4: train_loss=0.3000 val_loss=1.0388 val_BA=0.533 mejor_epoca=4
2026-10-01 11:53:45,117 INFO ICBHI/permuted_labels fold 2: config 1 (lr=0.0001, dropout=0.3) epoca 6: train_loss=0.1801 val_loss=1.1497 val_BA=0.544 mejor_epoca=6
2026-10-01 11:53:52,087 INFO ICBHI/permuted_labels fold 2: config 1 (lr=0.0001, dropout=0.3) epoca 10: train_loss=0.0515 val_loss=1.6275 val_BA=0.444 mejor_epoca=6
2026-10-01 11:53:53,830 INFO ICBHI/permuted_labels fold 2: config 1 (lr=0.0001, dropout=0.3) epoca 11: train_loss=0.0505 val_loss=1.7072 val_BA=0.578 mejor_epoca=11
2026-10-01 11:54:09,502 INFO ICBHI/permuted_labels fold 2: config 1 (lr=0.0001, dropout=0.3) epoca 20: train_loss=0.0044 val_loss=1.5174 val_BA=0.578 mejor_epoca=20
2026-10-01 11:54:21,683 INFO ICBHI/permuted_labels fold 2: config 1 (lr=0.0001, dropout=0.3) epoca 27: train_loss=0.0030 val_loss=1.5745 val_BA=0.589 mejor_epoca=27
2026-10-01 11:54:26,900 INFO ICBHI/permuted_labels fold 2: config 1 (lr=0.0001, dropout=0.3) epoca 30: train_loss=0.0018 val_loss=2.2710 val_BA=0.444 mejor_epoca=27
2026-10-01 11:54:32,119 INFO ICBHI/permuted_labels fold 2: config 1 (lr=0.0001, dropout=0.3) epoca 33: train_loss=0.0023 val_loss=1.6188 val_BA=0.644 mejor_epoca=33
2026-10-01 11:54:44,246 INFO ICBHI/permuted_labels fold 2: config 1 (lr=0.0001, dropout=0.3) epoca 40: train_loss=0.0009 val_loss=2.2061 val_BA=0.444 mejor_epoca=33
2026-10-01 11:54:58,143 INFO ICBHI/permuted_labels fold 2 config 1: OK val_BA=0.644 mejor_epoca=33 (1.4 min)
2026-10-01 11:54:58,592 INFO ICBHI/permuted_labels fold 3: log-mel no_dn listo en 0.4 s, forma (4715, 1, 64, 309)
2026-10-01 11:54:58,607 INFO ICBHI/permuted_labels fold 3: 58/14 pacientes train/validation, 1 de 1 configuracion(es) por evaluar
2026-10-01 11:55:00,639 INFO ICBHI/permuted_labels fold 3: config 1 (lr=0.0001, dropout=0.3) epoca 1: train_loss=0.6746 val_loss=0.7113 val_BA=0.606 mejor_epoca=1
2026-10-01 11:55:16,064 INFO ICBHI/permuted_labels fold 3: config 1 (lr=0.0001, dropout=0.3) epoca 10: train_loss=0.0705 val_loss=1.5983 val_BA=0.500 mejor_epoca=1
2026-10-01 11:55:33,192 INFO ICBHI/permuted_labels fold 3: config 1 (lr=0.0001, dropout=0.3) epoca 20: train_loss=0.0065 val_loss=2.1078 val_BA=0.485 mejor_epoca=1
2026-10-01 11:55:33,213 INFO ICBHI/permuted_labels fold 3 config 1: OK val_BA=0.606 mejor_epoca=1 (0.6 min)
2026-10-01 11:55:33,661 INFO ICBHI/permuted_labels fold 4: log-mel no_dn listo en 0.4 s, forma (4715, 1, 64, 309)
2026-10-01 11:55:33,676 INFO ICBHI/permuted_labels fold 4: 58/14 pacientes train/validation, 1 de 1 configuracion(es) por evaluar
2026-10-01 11:55:35,579 INFO ICBHI/permuted_labels fold 4: config 1 (lr=0.0001, dropout=0.3) epoca 1: train_loss=0.6585 val_loss=0.7706 val_BA=0.456 mejor_epoca=1
2026-10-01 11:55:37,305 INFO ICBHI/permuted_labels fold 4: config 1 (lr=0.0001, dropout=0.3) epoca 2: train_loss=0.5878 val_loss=0.7359 val_BA=0.511 mejor_epoca=2
2026-10-01 11:55:39,031 INFO ICBHI/permuted_labels fold 4: config 1 (lr=0.0001, dropout=0.3) epoca 3: train_loss=0.4687 val_loss=0.8805 val_BA=0.567 mejor_epoca=3
2026-10-01 11:55:51,110 INFO ICBHI/permuted_labels fold 4: config 1 (lr=0.0001, dropout=0.3) epoca 10: train_loss=0.0921 val_loss=2.4465 val_BA=0.500 mejor_epoca=3
2026-10-01 11:56:01,462 INFO ICBHI/permuted_labels fold 4: config 1 (lr=0.0001, dropout=0.3) epoca 16: train_loss=0.0181 val_loss=1.3377 val_BA=0.678 mejor_epoca=16
2026-10-01 11:56:08,362 INFO ICBHI/permuted_labels fold 4: config 1 (lr=0.0001, dropout=0.3) epoca 20: train_loss=0.0076 val_loss=1.9980 val_BA=0.389 mejor_epoca=16
2026-10-01 11:56:25,596 INFO ICBHI/permuted_labels fold 4: config 1 (lr=0.0001, dropout=0.3) epoca 30: train_loss=0.0024 val_loss=1.9553 val_BA=0.489 mejor_epoca=16
2026-10-01 11:56:27,340 INFO ICBHI/permuted_labels fold 4 config 1: OK val_BA=0.678 mejor_epoca=16 (0.9 min)
2026-10-01 11:56:28,587 INFO seed_20261017: preparando cnn_no_dn con configuracion congelada 1
2026-10-01 11:56:29,368 INFO log-mel ICBHI/cv/fold_00/no_dn: 500/4715
2026-10-01 11:56:29,935 INFO log-mel ICBHI/cv/fold_00/no_dn: 1000/4715
2026-10-01 11:56:30,503 INFO log-mel ICBHI/cv/fold_00/no_dn: 1500/4715
2026-10-01 11:56:31,095 INFO log-mel ICBHI/cv/fold_00/no_dn: 2000/4715
2026-10-01 11:56:31,663 INFO log-mel ICBHI/cv/fold_00/no_dn: 2500/4715
2026-10-01 11:56:32,231 INFO log-mel ICBHI/cv/fold_00/no_dn: 3000/4715
2026-10-01 11:56:32,798 INFO log-mel ICBHI/cv/fold_00/no_dn: 3500/4715
2026-10-01 11:56:33,365 INFO log-mel ICBHI/cv/fold_00/no_dn: 4000/4715
2026-10-01 11:56:33,933 INFO log-mel ICBHI/cv/fold_00/no_dn: 4500/4715
2026-10-01 11:56:34,177 INFO log-mel ICBHI/cv/fold_00/no_dn: 4715/4715
2026-10-01 11:56:34,787 INFO ICBHI/no_dn fold 0: log-mel no_dn listo en 6.2 s, forma (4715, 1, 64, 309)
2026-10-01 11:56:34,800 INFO ICBHI/no_dn fold 0: 57/15 pacientes train/validation, 1 de 1 configuracion(es) por evaluar
2026-10-01 11:56:36,751 INFO ICBHI/no_dn fold 0: config 1 (lr=0.0001, dropout=0.3) epoca 1: train_loss=0.5709 val_loss=0.7364 val_BA=0.800 mejor_epoca=1
2026-10-01 11:56:38,484 INFO ICBHI/no_dn fold 0: config 1 (lr=0.0001, dropout=0.3) epoca 2: train_loss=0.3392 val_loss=0.3138 val_BA=0.900 mejor_epoca=2
2026-10-01 11:56:43,691 INFO ICBHI/no_dn fold 0: config 1 (lr=0.0001, dropout=0.3) epoca 5: train_loss=0.1180 val_loss=0.3289 val_BA=1.000 mejor_epoca=5
2026-10-01 11:56:45,425 INFO ICBHI/no_dn fold 0: config 1 (lr=0.0001, dropout=0.3) epoca 6: train_loss=0.0893 val_loss=0.1568 val_BA=1.000 mejor_epoca=6
2026-10-01 11:56:47,160 INFO ICBHI/no_dn fold 0: config 1 (lr=0.0001, dropout=0.3) epoca 7: train_loss=0.0668 val_loss=0.1114 val_BA=1.000 mejor_epoca=7
2026-10-01 11:56:52,368 INFO ICBHI/no_dn fold 0: config 1 (lr=0.0001, dropout=0.3) epoca 10: train_loss=0.0318 val_loss=0.0881 val_BA=0.800 mejor_epoca=7
2026-10-01 11:56:54,103 INFO ICBHI/no_dn fold 0: config 1 (lr=0.0001, dropout=0.3) epoca 11: train_loss=0.0265 val_loss=0.0903 val_BA=1.000 mejor_epoca=11
2026-10-01 11:57:04,511 INFO ICBHI/no_dn fold 0: config 1 (lr=0.0001, dropout=0.3) epoca 17: train_loss=0.0122 val_loss=0.0605 val_BA=1.000 mejor_epoca=17
2026-10-01 11:57:09,719 INFO ICBHI/no_dn fold 0: config 1 (lr=0.0001, dropout=0.3) epoca 20: train_loss=0.0111 val_loss=0.1402 val_BA=1.000 mejor_epoca=17
2026-10-01 11:57:16,662 INFO ICBHI/no_dn fold 0: config 1 (lr=0.0001, dropout=0.3) epoca 24: train_loss=0.0077 val_loss=0.0534 val_BA=1.000 mejor_epoca=24
2026-10-01 11:57:20,135 INFO ICBHI/no_dn fold 0: config 1 (lr=0.0001, dropout=0.3) epoca 26: train_loss=0.0055 val_loss=0.0526 val_BA=1.000 mejor_epoca=26
2026-10-01 11:57:27,078 INFO ICBHI/no_dn fold 0: config 1 (lr=0.0001, dropout=0.3) epoca 30: train_loss=0.0046 val_loss=0.2350 val_BA=0.500 mejor_epoca=26
2026-10-01 11:57:32,288 INFO ICBHI/no_dn fold 0: config 1 (lr=0.0001, dropout=0.3) epoca 33: train_loss=0.0034 val_loss=0.0386 val_BA=1.000 mejor_epoca=33
2026-10-01 11:57:44,453 INFO ICBHI/no_dn fold 0: config 1 (lr=0.0001, dropout=0.3) epoca 40: train_loss=0.0056 val_loss=0.1252 val_BA=0.500 mejor_epoca=33
2026-10-01 11:57:58,380 INFO ICBHI/no_dn fold 0 config 1: OK val_BA=1.000 mejor_epoca=33 (1.4 min)
2026-10-01 11:57:59,165 INFO log-mel ICBHI/cv/fold_01/no_dn: 500/4715
2026-10-01 11:57:59,734 INFO log-mel ICBHI/cv/fold_01/no_dn: 1000/4715
2026-10-01 11:58:00,304 INFO log-mel ICBHI/cv/fold_01/no_dn: 1500/4715
2026-10-01 11:58:00,874 INFO log-mel ICBHI/cv/fold_01/no_dn: 2000/4715
2026-10-01 11:58:01,445 INFO log-mel ICBHI/cv/fold_01/no_dn: 2500/4715
2026-10-01 11:58:02,015 INFO log-mel ICBHI/cv/fold_01/no_dn: 3000/4715
2026-10-01 11:58:02,586 INFO log-mel ICBHI/cv/fold_01/no_dn: 3500/4715
2026-10-01 11:58:03,156 INFO log-mel ICBHI/cv/fold_01/no_dn: 4000/4715
2026-10-01 11:58:03,805 INFO log-mel ICBHI/cv/fold_01/no_dn: 4500/4715
2026-10-01 11:58:04,050 INFO log-mel ICBHI/cv/fold_01/no_dn: 4715/4715
2026-10-01 11:58:04,649 INFO ICBHI/no_dn fold 1: log-mel no_dn listo en 6.3 s, forma (4715, 1, 64, 309)
2026-10-01 11:58:04,661 INFO ICBHI/no_dn fold 1: 57/15 pacientes train/validation, 1 de 1 configuracion(es) por evaluar
2026-10-01 11:58:06,694 INFO ICBHI/no_dn fold 1: config 1 (lr=0.0001, dropout=0.3) epoca 1: train_loss=0.5190 val_loss=1.4068 val_BA=0.466 mejor_epoca=1
2026-10-01 11:58:08,487 INFO ICBHI/no_dn fold 1: config 1 (lr=0.0001, dropout=0.3) epoca 2: train_loss=0.3207 val_loss=0.9458 val_BA=0.682 mejor_epoca=2
2026-10-01 11:58:10,281 INFO ICBHI/no_dn fold 1: config 1 (lr=0.0001, dropout=0.3) epoca 3: train_loss=0.1871 val_loss=0.2381 val_BA=1.000 mejor_epoca=3
2026-10-01 11:58:13,868 INFO ICBHI/no_dn fold 1: config 1 (lr=0.0001, dropout=0.3) epoca 5: train_loss=0.0840 val_loss=0.2056 val_BA=1.000 mejor_epoca=5
2026-10-01 11:58:15,663 INFO ICBHI/no_dn fold 1: config 1 (lr=0.0001, dropout=0.3) epoca 6: train_loss=0.0599 val_loss=0.1798 val_BA=1.000 mejor_epoca=6
2026-10-01 11:58:17,457 INFO ICBHI/no_dn fold 1: config 1 (lr=0.0001, dropout=0.3) epoca 7: train_loss=0.0516 val_loss=0.1333 val_BA=1.000 mejor_epoca=7
2026-10-01 11:58:22,841 INFO ICBHI/no_dn fold 1: config 1 (lr=0.0001, dropout=0.3) epoca 10: train_loss=0.0245 val_loss=0.0775 val_BA=1.000 mejor_epoca=10
2026-10-01 11:58:24,636 INFO ICBHI/no_dn fold 1: config 1 (lr=0.0001, dropout=0.3) epoca 11: train_loss=0.0184 val_loss=0.0622 val_BA=1.000 mejor_epoca=11
2026-10-01 11:58:35,404 INFO ICBHI/no_dn fold 1: config 1 (lr=0.0001, dropout=0.3) epoca 17: train_loss=0.0112 val_loss=0.0556 val_BA=1.000 mejor_epoca=17
2026-10-01 11:58:40,788 INFO ICBHI/no_dn fold 1: config 1 (lr=0.0001, dropout=0.3) epoca 20: train_loss=0.0077 val_loss=0.0812 val_BA=1.000 mejor_epoca=17
2026-10-01 11:58:44,378 INFO ICBHI/no_dn fold 1: config 1 (lr=0.0001, dropout=0.3) epoca 22: train_loss=0.0061 val_loss=0.0531 val_BA=1.000 mejor_epoca=22
2026-10-01 11:58:56,946 INFO ICBHI/no_dn fold 1: config 1 (lr=0.0001, dropout=0.3) epoca 29: train_loss=0.0036 val_loss=0.0529 val_BA=1.000 mejor_epoca=29
2026-10-01 11:58:58,742 INFO ICBHI/no_dn fold 1: config 1 (lr=0.0001, dropout=0.3) epoca 30: train_loss=0.0039 val_loss=0.0648 val_BA=1.000 mejor_epoca=29
2026-10-01 11:59:05,925 INFO ICBHI/no_dn fold 1: config 1 (lr=0.0001, dropout=0.3) epoca 34: train_loss=0.0022 val_loss=0.0461 val_BA=1.000 mejor_epoca=34
2026-10-01 11:59:16,703 INFO ICBHI/no_dn fold 1: config 1 (lr=0.0001, dropout=0.3) epoca 40: train_loss=0.0020 val_loss=0.0618 val_BA=1.000 mejor_epoca=34
2026-10-01 11:59:32,892 INFO ICBHI/no_dn fold 1 config 1: OK val_BA=1.000 mejor_epoca=34 (1.5 min)
2026-10-01 11:59:33,678 INFO log-mel ICBHI/cv/fold_02/no_dn: 500/4715
2026-10-01 11:59:34,244 INFO log-mel ICBHI/cv/fold_02/no_dn: 1000/4715
2026-10-01 11:59:34,810 INFO log-mel ICBHI/cv/fold_02/no_dn: 1500/4715
2026-10-01 11:59:35,375 INFO log-mel ICBHI/cv/fold_02/no_dn: 2000/4715
2026-10-01 11:59:35,940 INFO log-mel ICBHI/cv/fold_02/no_dn: 2500/4715
2026-10-01 11:59:36,506 INFO log-mel ICBHI/cv/fold_02/no_dn: 3000/4715
2026-10-01 11:59:37,072 INFO log-mel ICBHI/cv/fold_02/no_dn: 3500/4715
2026-10-01 11:59:37,638 INFO log-mel ICBHI/cv/fold_02/no_dn: 4000/4715
2026-10-01 11:59:38,280 INFO log-mel ICBHI/cv/fold_02/no_dn: 4500/4715
2026-10-01 11:59:38,523 INFO log-mel ICBHI/cv/fold_02/no_dn: 4715/4715
2026-10-01 11:59:39,102 INFO ICBHI/no_dn fold 2: log-mel no_dn listo en 6.2 s, forma (4715, 1, 64, 309)
2026-10-01 11:59:39,115 INFO ICBHI/no_dn fold 2: 58/14 pacientes train/validation, 1 de 1 configuracion(es) por evaluar
2026-10-01 11:59:41,169 INFO ICBHI/no_dn fold 2: config 1 (lr=0.0001, dropout=0.3) epoca 1: train_loss=0.4933 val_loss=0.9046 val_BA=0.575 mejor_epoca=1
2026-10-01 11:59:43,020 INFO ICBHI/no_dn fold 2: config 1 (lr=0.0001, dropout=0.3) epoca 2: train_loss=0.2549 val_loss=0.3618 val_BA=0.950 mejor_epoca=2
2026-10-01 11:59:55,974 INFO ICBHI/no_dn fold 2: config 1 (lr=0.0001, dropout=0.3) epoca 9: train_loss=0.0254 val_loss=0.3285 val_BA=0.950 mejor_epoca=9
2026-10-01 11:59:57,826 INFO ICBHI/no_dn fold 2: config 1 (lr=0.0001, dropout=0.3) epoca 10: train_loss=0.0224 val_loss=0.1838 val_BA=0.700 mejor_epoca=9
2026-10-01 12:00:16,341 INFO ICBHI/no_dn fold 2: config 1 (lr=0.0001, dropout=0.3) epoca 20: train_loss=0.0064 val_loss=0.2194 val_BA=0.700 mejor_epoca=9
2026-10-01 12:00:23,773 INFO ICBHI/no_dn fold 2 config 1: OK val_BA=0.950 mejor_epoca=9 (0.7 min)
2026-10-01 12:00:24,554 INFO log-mel ICBHI/cv/fold_03/no_dn: 500/4715
2026-10-01 12:00:25,120 INFO log-mel ICBHI/cv/fold_03/no_dn: 1000/4715
2026-10-01 12:00:25,687 INFO log-mel ICBHI/cv/fold_03/no_dn: 1500/4715
2026-10-01 12:00:26,254 INFO log-mel ICBHI/cv/fold_03/no_dn: 2000/4715
2026-10-01 12:00:26,852 INFO log-mel ICBHI/cv/fold_03/no_dn: 2500/4715
2026-10-01 12:00:27,419 INFO log-mel ICBHI/cv/fold_03/no_dn: 3000/4715
2026-10-01 12:00:27,987 INFO log-mel ICBHI/cv/fold_03/no_dn: 3500/4715
2026-10-01 12:00:28,554 INFO log-mel ICBHI/cv/fold_03/no_dn: 4000/4715
2026-10-01 12:00:29,121 INFO log-mel ICBHI/cv/fold_03/no_dn: 4500/4715
2026-10-01 12:00:29,365 INFO log-mel ICBHI/cv/fold_03/no_dn: 4715/4715
2026-10-01 12:00:29,954 INFO ICBHI/no_dn fold 3: log-mel no_dn listo en 6.2 s, forma (4715, 1, 64, 309)
2026-10-01 12:00:29,967 INFO ICBHI/no_dn fold 3: 58/14 pacientes train/validation, 1 de 1 configuracion(es) por evaluar
2026-10-01 12:00:31,781 INFO ICBHI/no_dn fold 3: config 1 (lr=0.0001, dropout=0.3) epoca 1: train_loss=0.5595 val_loss=0.8584 val_BA=0.675 mejor_epoca=1
2026-10-01 12:00:33,399 INFO ICBHI/no_dn fold 3: config 1 (lr=0.0001, dropout=0.3) epoca 2: train_loss=0.3934 val_loss=0.8666 val_BA=0.800 mejor_epoca=2
2026-10-01 12:00:36,635 INFO ICBHI/no_dn fold 3: config 1 (lr=0.0001, dropout=0.3) epoca 4: train_loss=0.1805 val_loss=0.3027 val_BA=1.000 mejor_epoca=4
2026-10-01 12:00:38,254 INFO ICBHI/no_dn fold 3: config 1 (lr=0.0001, dropout=0.3) epoca 5: train_loss=0.1340 val_loss=0.2373 val_BA=1.000 mejor_epoca=5
2026-10-01 12:00:43,110 INFO ICBHI/no_dn fold 3: config 1 (lr=0.0001, dropout=0.3) epoca 8: train_loss=0.0519 val_loss=0.2098 val_BA=1.000 mejor_epoca=8
2026-10-01 12:00:44,728 INFO ICBHI/no_dn fold 3: config 1 (lr=0.0001, dropout=0.3) epoca 9: train_loss=0.0414 val_loss=0.1985 val_BA=1.000 mejor_epoca=9
2026-10-01 12:00:46,346 INFO ICBHI/no_dn fold 3: config 1 (lr=0.0001, dropout=0.3) epoca 10: train_loss=0.0333 val_loss=0.6421 val_BA=1.000 mejor_epoca=9
2026-10-01 12:00:51,205 INFO ICBHI/no_dn fold 3: config 1 (lr=0.0001, dropout=0.3) epoca 13: train_loss=0.0205 val_loss=0.1231 val_BA=1.000 mejor_epoca=13
2026-10-01 12:00:56,061 INFO ICBHI/no_dn fold 3: config 1 (lr=0.0001, dropout=0.3) epoca 16: train_loss=0.0162 val_loss=0.0936 val_BA=1.000 mejor_epoca=16
2026-10-01 12:01:00,934 INFO ICBHI/no_dn fold 3: config 1 (lr=0.0001, dropout=0.3) epoca 19: train_loss=0.0093 val_loss=0.0858 val_BA=1.000 mejor_epoca=19
2026-10-01 12:01:02,567 INFO ICBHI/no_dn fold 3: config 1 (lr=0.0001, dropout=0.3) epoca 20: train_loss=0.0109 val_loss=0.1226 val_BA=1.000 mejor_epoca=19
2026-10-01 12:01:05,812 INFO ICBHI/no_dn fold 3: config 1 (lr=0.0001, dropout=0.3) epoca 22: train_loss=0.0080 val_loss=0.0487 val_BA=1.000 mejor_epoca=22
2026-10-01 12:01:13,915 INFO ICBHI/no_dn fold 3: config 1 (lr=0.0001, dropout=0.3) epoca 27: train_loss=0.0071 val_loss=0.0480 val_BA=1.000 mejor_epoca=27
2026-10-01 12:01:17,156 INFO ICBHI/no_dn fold 3: config 1 (lr=0.0001, dropout=0.3) epoca 29: train_loss=0.0063 val_loss=0.0425 val_BA=1.000 mejor_epoca=29
2026-10-01 12:01:18,777 INFO ICBHI/no_dn fold 3: config 1 (lr=0.0001, dropout=0.3) epoca 30: train_loss=0.0049 val_loss=0.3128 val_BA=1.000 mejor_epoca=29
2026-10-01 12:01:34,989 INFO ICBHI/no_dn fold 3: config 1 (lr=0.0001, dropout=0.3) epoca 40: train_loss=0.0038 val_loss=0.6203 val_BA=1.000 mejor_epoca=29
2026-10-01 12:01:36,610 INFO ICBHI/no_dn fold 3: config 1 (lr=0.0001, dropout=0.3) epoca 41: train_loss=0.0030 val_loss=0.0377 val_BA=1.000 mejor_epoca=41
2026-10-01 12:01:49,585 INFO ICBHI/no_dn fold 3: config 1 (lr=0.0001, dropout=0.3) epoca 49: train_loss=0.0017 val_loss=0.0198 val_BA=1.000 mejor_epoca=49
2026-10-01 12:01:51,207 INFO ICBHI/no_dn fold 3: config 1 (lr=0.0001, dropout=0.3) epoca 50: train_loss=0.0034 val_loss=0.0351 val_BA=1.000 mejor_epoca=49
2026-10-01 12:02:00,937 INFO ICBHI/no_dn fold 3: config 1 (lr=0.0001, dropout=0.3) epoca 56: train_loss=0.0015 val_loss=0.0170 val_BA=1.000 mejor_epoca=56
2026-10-01 12:02:07,422 INFO ICBHI/no_dn fold 3: config 1 (lr=0.0001, dropout=0.3) epoca 60: train_loss=0.0011 val_loss=0.0410 val_BA=1.000 mejor_epoca=56
2026-10-01 12:02:23,641 INFO ICBHI/no_dn fold 3: config 1 (lr=0.0001, dropout=0.3) epoca 70: train_loss=0.0008 val_loss=0.0187 val_BA=1.000 mejor_epoca=56
2026-10-01 12:02:25,283 INFO ICBHI/no_dn fold 3 config 1: OK val_BA=1.000 mejor_epoca=56 (1.9 min)
2026-10-01 12:02:26,072 INFO log-mel ICBHI/cv/fold_04/no_dn: 500/4715
2026-10-01 12:02:26,645 INFO log-mel ICBHI/cv/fold_04/no_dn: 1000/4715
2026-10-01 12:02:27,217 INFO log-mel ICBHI/cv/fold_04/no_dn: 1500/4715
2026-10-01 12:02:27,813 INFO log-mel ICBHI/cv/fold_04/no_dn: 2000/4715
2026-10-01 12:02:28,385 INFO log-mel ICBHI/cv/fold_04/no_dn: 2500/4715
2026-10-01 12:02:28,957 INFO log-mel ICBHI/cv/fold_04/no_dn: 3000/4715
2026-10-01 12:02:29,530 INFO log-mel ICBHI/cv/fold_04/no_dn: 3500/4715
2026-10-01 12:02:30,102 INFO log-mel ICBHI/cv/fold_04/no_dn: 4000/4715
2026-10-01 12:02:30,673 INFO log-mel ICBHI/cv/fold_04/no_dn: 4500/4715
2026-10-01 12:02:30,919 INFO log-mel ICBHI/cv/fold_04/no_dn: 4715/4715
2026-10-01 12:02:31,528 INFO ICBHI/no_dn fold 4: log-mel no_dn listo en 6.2 s, forma (4715, 1, 64, 309)
2026-10-01 12:02:31,541 INFO ICBHI/no_dn fold 4: 58/14 pacientes train/validation, 1 de 1 configuracion(es) por evaluar
2026-10-01 12:02:33,482 INFO ICBHI/no_dn fold 4: config 1 (lr=0.0001, dropout=0.3) epoca 1: train_loss=0.5585 val_loss=0.5842 val_BA=0.875 mejor_epoca=1
2026-10-01 12:02:35,215 INFO ICBHI/no_dn fold 4: config 1 (lr=0.0001, dropout=0.3) epoca 2: train_loss=0.3230 val_loss=0.5855 val_BA=0.950 mejor_epoca=2
2026-10-01 12:02:36,947 INFO ICBHI/no_dn fold 4: config 1 (lr=0.0001, dropout=0.3) epoca 3: train_loss=0.2038 val_loss=0.5696 val_BA=0.950 mejor_epoca=3
2026-10-01 12:02:43,881 INFO ICBHI/no_dn fold 4: config 1 (lr=0.0001, dropout=0.3) epoca 7: train_loss=0.0548 val_loss=0.2404 val_BA=1.000 mejor_epoca=7
2026-10-01 12:02:49,081 INFO ICBHI/no_dn fold 4: config 1 (lr=0.0001, dropout=0.3) epoca 10: train_loss=0.0286 val_loss=0.1099 val_BA=0.875 mejor_epoca=7
2026-10-01 12:03:06,421 INFO ICBHI/no_dn fold 4: config 1 (lr=0.0001, dropout=0.3) epoca 20: train_loss=0.0088 val_loss=0.0530 val_BA=0.875 mejor_epoca=7
2026-10-01 12:03:09,909 INFO ICBHI/no_dn fold 4 config 1: OK val_BA=1.000 mejor_epoca=7 (0.6 min)
2026-10-01 12:03:10,901 INFO seed_20261017: preparando cnn_dn con configuracion congelada 0
2026-10-01 12:03:11,682 INFO log-mel ICBHI/cv/fold_00/dn: 500/4715
2026-10-01 12:03:12,246 INFO log-mel ICBHI/cv/fold_00/dn: 1000/4715
2026-10-01 12:03:12,811 INFO log-mel ICBHI/cv/fold_00/dn: 1500/4715
2026-10-01 12:03:13,376 INFO log-mel ICBHI/cv/fold_00/dn: 2000/4715
2026-10-01 12:03:13,940 INFO log-mel ICBHI/cv/fold_00/dn: 2500/4715
2026-10-01 12:03:14,505 INFO log-mel ICBHI/cv/fold_00/dn: 3000/4715
2026-10-01 12:03:15,128 INFO log-mel ICBHI/cv/fold_00/dn: 3500/4715
2026-10-01 12:03:15,694 INFO log-mel ICBHI/cv/fold_00/dn: 4000/4715
2026-10-01 12:03:16,258 INFO log-mel ICBHI/cv/fold_00/dn: 4500/4715
2026-10-01 12:03:16,500 INFO log-mel ICBHI/cv/fold_00/dn: 4715/4715
2026-10-01 12:03:17,099 INFO ICBHI/dn fold 0: log-mel dn listo en 6.2 s, forma (4715, 1, 64, 309)
2026-10-01 12:03:17,112 INFO ICBHI/dn fold 0: 57/15 pacientes train/validation, 1 de 1 configuracion(es) por evaluar
2026-10-01 12:03:19,386 INFO ICBHI/dn fold 0: config 0 (lr=0.0001, dropout=0.3) epoca 1: train_loss=0.5551 val_loss=0.4149 val_BA=0.800 mejor_epoca=1
2026-10-01 12:03:23,489 INFO ICBHI/dn fold 0: config 0 (lr=0.0001, dropout=0.3) epoca 3: train_loss=0.1918 val_loss=0.4988 val_BA=1.000 mejor_epoca=3
2026-10-01 12:03:27,595 INFO ICBHI/dn fold 0: config 0 (lr=0.0001, dropout=0.3) epoca 5: train_loss=0.0886 val_loss=0.2256 val_BA=1.000 mejor_epoca=5
2026-10-01 12:03:37,867 INFO ICBHI/dn fold 0: config 0 (lr=0.0001, dropout=0.3) epoca 10: train_loss=0.0125 val_loss=0.0754 val_BA=0.700 mejor_epoca=5
2026-10-01 12:03:50,204 INFO ICBHI/dn fold 0: config 0 (lr=0.0001, dropout=0.3) epoca 16: train_loss=0.0030 val_loss=0.0372 val_BA=1.000 mejor_epoca=16
2026-10-01 12:03:58,431 INFO ICBHI/dn fold 0: config 0 (lr=0.0001, dropout=0.3) epoca 20: train_loss=0.0033 val_loss=0.0675 val_BA=0.800 mejor_epoca=16
2026-10-01 12:04:18,998 INFO ICBHI/dn fold 0: config 0 (lr=0.0001, dropout=0.3) epoca 30: train_loss=0.0050 val_loss=0.0880 val_BA=0.800 mejor_epoca=16
2026-10-01 12:04:21,072 INFO ICBHI/dn fold 0 config 0: OK val_BA=1.000 mejor_epoca=16 (1.1 min)
2026-10-01 12:04:21,849 INFO log-mel ICBHI/cv/fold_01/dn: 500/4715
2026-10-01 12:04:22,412 INFO log-mel ICBHI/cv/fold_01/dn: 1000/4715
2026-10-01 12:04:22,976 INFO log-mel ICBHI/cv/fold_01/dn: 1500/4715
2026-10-01 12:04:23,540 INFO log-mel ICBHI/cv/fold_01/dn: 2000/4715
2026-10-01 12:04:24,141 INFO log-mel ICBHI/cv/fold_01/dn: 2500/4715
2026-10-01 12:04:24,705 INFO log-mel ICBHI/cv/fold_01/dn: 3000/4715
2026-10-01 12:04:25,268 INFO log-mel ICBHI/cv/fold_01/dn: 3500/4715
2026-10-01 12:04:25,832 INFO log-mel ICBHI/cv/fold_01/dn: 4000/4715
2026-10-01 12:04:26,395 INFO log-mel ICBHI/cv/fold_01/dn: 4500/4715
2026-10-01 12:04:26,638 INFO log-mel ICBHI/cv/fold_01/dn: 4715/4715
2026-10-01 12:04:27,241 INFO ICBHI/dn fold 1: log-mel dn listo en 6.2 s, forma (4715, 1, 64, 309)
2026-10-01 12:04:27,254 INFO ICBHI/dn fold 1: 57/15 pacientes train/validation, 1 de 1 configuracion(es) por evaluar
2026-10-01 12:04:29,572 INFO ICBHI/dn fold 1: config 0 (lr=0.0001, dropout=0.3) epoca 1: train_loss=0.5888 val_loss=0.3545 val_BA=0.625 mejor_epoca=1
2026-10-01 12:04:31,700 INFO ICBHI/dn fold 1: config 0 (lr=0.0001, dropout=0.3) epoca 2: train_loss=0.3477 val_loss=0.2146 val_BA=1.000 mejor_epoca=2
2026-10-01 12:04:38,092 INFO ICBHI/dn fold 1: config 0 (lr=0.0001, dropout=0.3) epoca 5: train_loss=0.1058 val_loss=0.1752 val_BA=1.000 mejor_epoca=5
2026-10-01 12:04:40,223 INFO ICBHI/dn fold 1: config 0 (lr=0.0001, dropout=0.3) epoca 6: train_loss=0.0710 val_loss=0.1720 val_BA=1.000 mejor_epoca=6
2026-10-01 12:04:42,356 INFO ICBHI/dn fold 1: config 0 (lr=0.0001, dropout=0.3) epoca 7: train_loss=0.0552 val_loss=0.1372 val_BA=1.000 mejor_epoca=7
2026-10-01 12:04:46,618 INFO ICBHI/dn fold 1: config 0 (lr=0.0001, dropout=0.3) epoca 9: train_loss=0.0229 val_loss=0.0900 val_BA=1.000 mejor_epoca=9
2026-10-01 12:04:48,746 INFO ICBHI/dn fold 1: config 0 (lr=0.0001, dropout=0.3) epoca 10: train_loss=0.0156 val_loss=0.1034 val_BA=1.000 mejor_epoca=9
2026-10-01 12:04:53,006 INFO ICBHI/dn fold 1: config 0 (lr=0.0001, dropout=0.3) epoca 12: train_loss=0.0116 val_loss=0.0513 val_BA=1.000 mejor_epoca=12
2026-10-01 12:04:55,137 INFO ICBHI/dn fold 1: config 0 (lr=0.0001, dropout=0.3) epoca 13: train_loss=0.0064 val_loss=0.0500 val_BA=1.000 mejor_epoca=13
2026-10-01 12:05:07,930 INFO ICBHI/dn fold 1: config 0 (lr=0.0001, dropout=0.3) epoca 19: train_loss=0.0055 val_loss=0.0388 val_BA=1.000 mejor_epoca=19
2026-10-01 12:05:10,064 INFO ICBHI/dn fold 1: config 0 (lr=0.0001, dropout=0.3) epoca 20: train_loss=0.0029 val_loss=0.0738 val_BA=1.000 mejor_epoca=19
2026-10-01 12:05:31,397 INFO ICBHI/dn fold 1: config 0 (lr=0.0001, dropout=0.3) epoca 30: train_loss=0.0007 val_loss=0.1002 val_BA=1.000 mejor_epoca=19
2026-10-01 12:05:39,943 INFO ICBHI/dn fold 1 config 0: OK val_BA=1.000 mejor_epoca=19 (1.2 min)
2026-10-01 12:05:40,722 INFO log-mel ICBHI/cv/fold_02/dn: 500/4715
2026-10-01 12:05:41,285 INFO log-mel ICBHI/cv/fold_02/dn: 1000/4715
2026-10-01 12:05:41,849 INFO log-mel ICBHI/cv/fold_02/dn: 1500/4715
2026-10-01 12:05:42,412 INFO log-mel ICBHI/cv/fold_02/dn: 2000/4715
2026-10-01 12:05:43,014 INFO log-mel ICBHI/cv/fold_02/dn: 2500/4715
2026-10-01 12:05:43,578 INFO log-mel ICBHI/cv/fold_02/dn: 3000/4715
2026-10-01 12:05:44,142 INFO log-mel ICBHI/cv/fold_02/dn: 3500/4715
2026-10-01 12:05:44,706 INFO log-mel ICBHI/cv/fold_02/dn: 4000/4715
2026-10-01 12:05:45,269 INFO log-mel ICBHI/cv/fold_02/dn: 4500/4715
2026-10-01 12:05:45,512 INFO log-mel ICBHI/cv/fold_02/dn: 4715/4715
2026-10-01 12:05:46,123 INFO ICBHI/dn fold 2: log-mel dn listo en 6.2 s, forma (4715, 1, 64, 309)
2026-10-01 12:05:46,135 INFO ICBHI/dn fold 2: 58/14 pacientes train/validation, 1 de 1 configuracion(es) por evaluar
2026-10-01 12:05:48,538 INFO ICBHI/dn fold 2: config 0 (lr=0.0001, dropout=0.3) epoca 1: train_loss=0.5425 val_loss=1.8618 val_BA=0.650 mejor_epoca=1
2026-10-01 12:05:52,945 INFO ICBHI/dn fold 2: config 0 (lr=0.0001, dropout=0.3) epoca 3: train_loss=0.1858 val_loss=0.2948 val_BA=0.950 mejor_epoca=3
2026-10-01 12:06:01,764 INFO ICBHI/dn fold 2: config 0 (lr=0.0001, dropout=0.3) epoca 7: train_loss=0.0443 val_loss=0.1920 val_BA=0.950 mejor_epoca=7
2026-10-01 12:06:03,970 INFO ICBHI/dn fold 2: config 0 (lr=0.0001, dropout=0.3) epoca 8: train_loss=0.0238 val_loss=0.1452 val_BA=0.950 mejor_epoca=8
2026-10-01 12:06:08,379 INFO ICBHI/dn fold 2: config 0 (lr=0.0001, dropout=0.3) epoca 10: train_loss=0.0241 val_loss=0.2560 val_BA=0.700 mejor_epoca=8
2026-10-01 12:06:30,437 INFO ICBHI/dn fold 2: config 0 (lr=0.0001, dropout=0.3) epoca 20: train_loss=0.0017 val_loss=0.2983 val_BA=0.950 mejor_epoca=8
2026-10-01 12:06:37,367 INFO ICBHI/dn fold 2 config 0: OK val_BA=0.950 mejor_epoca=8 (0.9 min)
2026-10-01 12:06:38,149 INFO log-mel ICBHI/cv/fold_03/dn: 500/4715
2026-10-01 12:06:38,716 INFO log-mel ICBHI/cv/fold_03/dn: 1000/4715
2026-10-01 12:06:39,283 INFO log-mel ICBHI/cv/fold_03/dn: 1500/4715
2026-10-01 12:06:39,850 INFO log-mel ICBHI/cv/fold_03/dn: 2000/4715
2026-10-01 12:06:40,418 INFO log-mel ICBHI/cv/fold_03/dn: 2500/4715
2026-10-01 12:06:40,985 INFO log-mel ICBHI/cv/fold_03/dn: 3000/4715
2026-10-01 12:06:41,552 INFO log-mel ICBHI/cv/fold_03/dn: 3500/4715
2026-10-01 12:06:42,119 INFO log-mel ICBHI/cv/fold_03/dn: 4000/4715
2026-10-01 12:06:42,769 INFO log-mel ICBHI/cv/fold_03/dn: 4500/4715
2026-10-01 12:06:43,012 INFO log-mel ICBHI/cv/fold_03/dn: 4715/4715
2026-10-01 12:06:43,597 INFO ICBHI/dn fold 3: log-mel dn listo en 6.2 s, forma (4715, 1, 64, 309)
2026-10-01 12:06:43,610 INFO ICBHI/dn fold 3: 58/14 pacientes train/validation, 1 de 1 configuracion(es) por evaluar
2026-10-01 12:06:45,705 INFO ICBHI/dn fold 3: config 0 (lr=0.0001, dropout=0.3) epoca 1: train_loss=0.5813 val_loss=0.3371 val_BA=0.750 mejor_epoca=1
2026-10-01 12:06:47,611 INFO ICBHI/dn fold 3: config 0 (lr=0.0001, dropout=0.3) epoca 2: train_loss=0.3280 val_loss=0.2382 val_BA=0.875 mejor_epoca=2
2026-10-01 12:06:49,518 INFO ICBHI/dn fold 3: config 0 (lr=0.0001, dropout=0.3) epoca 3: train_loss=0.1873 val_loss=0.4897 val_BA=0.950 mejor_epoca=3
2026-10-01 12:06:51,424 INFO ICBHI/dn fold 3: config 0 (lr=0.0001, dropout=0.3) epoca 4: train_loss=0.1210 val_loss=0.1364 val_BA=1.000 mejor_epoca=4
2026-10-01 12:06:55,238 INFO ICBHI/dn fold 3: config 0 (lr=0.0001, dropout=0.3) epoca 6: train_loss=0.0729 val_loss=0.1092 val_BA=1.000 mejor_epoca=6
2026-10-01 12:06:57,144 INFO ICBHI/dn fold 3: config 0 (lr=0.0001, dropout=0.3) epoca 7: train_loss=0.0376 val_loss=0.0414 val_BA=1.000 mejor_epoca=7
2026-10-01 12:07:02,865 INFO ICBHI/dn fold 3: config 0 (lr=0.0001, dropout=0.3) epoca 10: train_loss=0.0149 val_loss=0.0549 val_BA=1.000 mejor_epoca=7
2026-10-01 12:07:04,771 INFO ICBHI/dn fold 3: config 0 (lr=0.0001, dropout=0.3) epoca 11: train_loss=0.0158 val_loss=0.0274 val_BA=1.000 mejor_epoca=11
2026-10-01 12:07:10,492 INFO ICBHI/dn fold 3: config 0 (lr=0.0001, dropout=0.3) epoca 14: train_loss=0.0111 val_loss=0.0265 val_BA=1.000 mejor_epoca=14
2026-10-01 12:07:21,935 INFO ICBHI/dn fold 3: config 0 (lr=0.0001, dropout=0.3) epoca 20: train_loss=0.0036 val_loss=0.0597 val_BA=1.000 mejor_epoca=14
2026-10-01 12:07:39,130 INFO ICBHI/dn fold 3 config 0: OK val_BA=1.000 mejor_epoca=14 (0.9 min)
2026-10-01 12:07:39,909 INFO log-mel ICBHI/cv/fold_04/dn: 500/4715
2026-10-01 12:07:40,473 INFO log-mel ICBHI/cv/fold_04/dn: 1000/4715
2026-10-01 12:07:41,037 INFO log-mel ICBHI/cv/fold_04/dn: 1500/4715
2026-10-01 12:07:41,647 INFO log-mel ICBHI/cv/fold_04/dn: 2000/4715
2026-10-01 12:07:42,212 INFO log-mel ICBHI/cv/fold_04/dn: 2500/4715
2026-10-01 12:07:42,776 INFO log-mel ICBHI/cv/fold_04/dn: 3000/4715
2026-10-01 12:07:43,339 INFO log-mel ICBHI/cv/fold_04/dn: 3500/4715
2026-10-01 12:07:43,902 INFO log-mel ICBHI/cv/fold_04/dn: 4000/4715
2026-10-01 12:07:44,466 INFO log-mel ICBHI/cv/fold_04/dn: 4500/4715
2026-10-01 12:07:44,709 INFO log-mel ICBHI/cv/fold_04/dn: 4715/4715
2026-10-01 12:07:45,319 INFO ICBHI/dn fold 4: log-mel dn listo en 6.2 s, forma (4715, 1, 64, 309)
2026-10-01 12:07:45,332 INFO ICBHI/dn fold 4: 58/14 pacientes train/validation, 1 de 1 configuracion(es) por evaluar
2026-10-01 12:07:47,558 INFO ICBHI/dn fold 4: config 0 (lr=0.0001, dropout=0.3) epoca 1: train_loss=0.5078 val_loss=0.2046 val_BA=0.750 mejor_epoca=1
2026-10-01 12:07:49,606 INFO ICBHI/dn fold 4: config 0 (lr=0.0001, dropout=0.3) epoca 2: train_loss=0.2202 val_loss=0.6323 val_BA=1.000 mejor_epoca=2
2026-10-01 12:08:05,974 INFO ICBHI/dn fold 4: config 0 (lr=0.0001, dropout=0.3) epoca 10: train_loss=0.0137 val_loss=0.0704 val_BA=0.750 mejor_epoca=2
2026-10-01 12:08:26,476 INFO ICBHI/dn fold 4: config 0 (lr=0.0001, dropout=0.3) epoca 20: train_loss=0.0051 val_loss=0.0873 val_BA=0.750 mejor_epoca=2
2026-10-01 12:08:26,496 INFO ICBHI/dn fold 4 config 0: OK val_BA=1.000 mejor_epoca=2 (0.7 min)
2026-10-01 12:08:27,489 INFO seed_20261017: preparando crnn_dn con configuracion congelada 8
2026-10-01 12:08:27,938 INFO ICBHI/dn fold 0: log-mel dn listo en 0.4 s, forma (4715, 1, 64, 309)
2026-10-01 12:08:27,951 INFO ICBHI/dn fold 0: 57/15 pacientes train/validation, 1 de 1 configuracion(es) por evaluar
2026-10-01 12:08:30,120 INFO ICBHI/dn fold 0: config 8 (lr=0.0003, dropout=0.3) epoca 1: train_loss=0.4520 val_loss=0.4899 val_BA=0.700 mejor_epoca=1
2026-10-01 12:08:32,091 INFO ICBHI/dn fold 0: config 8 (lr=0.0003, dropout=0.3) epoca 2: train_loss=0.2262 val_loss=0.3054 val_BA=0.900 mejor_epoca=2
2026-10-01 12:08:36,048 INFO ICBHI/dn fold 0: config 8 (lr=0.0003, dropout=0.3) epoca 4: train_loss=0.0903 val_loss=0.2947 val_BA=1.000 mejor_epoca=4
2026-10-01 12:08:43,943 INFO ICBHI/dn fold 0: config 8 (lr=0.0003, dropout=0.3) epoca 8: train_loss=0.0350 val_loss=0.0766 val_BA=1.000 mejor_epoca=8
2026-10-01 12:08:47,892 INFO ICBHI/dn fold 0: config 8 (lr=0.0003, dropout=0.3) epoca 10: train_loss=0.0234 val_loss=0.1145 val_BA=0.800 mejor_epoca=8
2026-10-01 12:08:53,817 INFO ICBHI/dn fold 0: config 8 (lr=0.0003, dropout=0.3) epoca 13: train_loss=0.0312 val_loss=0.0287 val_BA=1.000 mejor_epoca=13
2026-10-01 12:09:07,599 INFO ICBHI/dn fold 0: config 8 (lr=0.0003, dropout=0.3) epoca 20: train_loss=0.0022 val_loss=0.1280 val_BA=1.000 mejor_epoca=13
2026-10-01 12:09:23,379 INFO ICBHI/dn fold 0 config 8: OK val_BA=1.000 mejor_epoca=13 (0.9 min)
2026-10-01 12:09:23,827 INFO ICBHI/dn fold 1: log-mel dn listo en 0.4 s, forma (4715, 1, 64, 309)
2026-10-01 12:09:23,839 INFO ICBHI/dn fold 1: 57/15 pacientes train/validation, 1 de 1 configuracion(es) por evaluar
2026-10-01 12:09:26,082 INFO ICBHI/dn fold 1: config 8 (lr=0.0003, dropout=0.3) epoca 1: train_loss=0.4426 val_loss=0.3591 val_BA=0.625 mejor_epoca=1
2026-10-01 12:09:28,125 INFO ICBHI/dn fold 1: config 8 (lr=0.0003, dropout=0.3) epoca 2: train_loss=0.1978 val_loss=0.1015 val_BA=1.000 mejor_epoca=2
2026-10-01 12:09:32,213 INFO ICBHI/dn fold 1: config 8 (lr=0.0003, dropout=0.3) epoca 4: train_loss=0.0824 val_loss=0.0966 val_BA=1.000 mejor_epoca=4
2026-10-01 12:09:44,390 INFO ICBHI/dn fold 1: config 8 (lr=0.0003, dropout=0.3) epoca 10: train_loss=0.0058 val_loss=0.1016 val_BA=0.875 mejor_epoca=4
2026-10-01 12:09:58,640 INFO ICBHI/dn fold 1: config 8 (lr=0.0003, dropout=0.3) epoca 17: train_loss=0.0130 val_loss=0.0684 val_BA=1.000 mejor_epoca=17
2026-10-01 12:10:02,717 INFO ICBHI/dn fold 1: config 8 (lr=0.0003, dropout=0.3) epoca 19: train_loss=0.0019 val_loss=0.0668 val_BA=1.000 mejor_epoca=19
2026-10-01 12:10:04,757 INFO ICBHI/dn fold 1: config 8 (lr=0.0003, dropout=0.3) epoca 20: train_loss=0.0307 val_loss=0.1529 val_BA=0.875 mejor_epoca=19
2026-10-01 12:10:06,793 INFO ICBHI/dn fold 1: config 8 (lr=0.0003, dropout=0.3) epoca 21: train_loss=0.0949 val_loss=0.0549 val_BA=1.000 mejor_epoca=21
2026-10-01 12:10:25,120 INFO ICBHI/dn fold 1: config 8 (lr=0.0003, dropout=0.3) epoca 30: train_loss=0.0130 val_loss=0.1210 val_BA=0.875 mejor_epoca=21
2026-10-01 12:10:37,329 INFO ICBHI/dn fold 1 config 8: OK val_BA=1.000 mejor_epoca=21 (1.2 min)
2026-10-01 12:10:37,776 INFO ICBHI/dn fold 2: log-mel dn listo en 0.4 s, forma (4715, 1, 64, 309)
2026-10-01 12:10:37,789 INFO ICBHI/dn fold 2: 58/14 pacientes train/validation, 1 de 1 configuracion(es) por evaluar
2026-10-01 12:10:40,080 INFO ICBHI/dn fold 2: config 8 (lr=0.0003, dropout=0.3) epoca 1: train_loss=0.3915 val_loss=0.4197 val_BA=0.825 mejor_epoca=1
2026-10-01 12:10:48,520 INFO ICBHI/dn fold 2: config 8 (lr=0.0003, dropout=0.3) epoca 5: train_loss=0.0502 val_loss=0.9660 val_BA=0.900 mejor_epoca=5
2026-10-01 12:10:59,026 INFO ICBHI/dn fold 2: config 8 (lr=0.0003, dropout=0.3) epoca 10: train_loss=0.0314 val_loss=0.3224 val_BA=0.575 mejor_epoca=5
2026-10-01 12:11:20,057 INFO ICBHI/dn fold 2: config 8 (lr=0.0003, dropout=0.3) epoca 20: train_loss=0.0106 val_loss=0.5589 val_BA=0.825 mejor_epoca=5
2026-10-01 12:11:20,077 INFO ICBHI/dn fold 2 config 8: OK val_BA=0.900 mejor_epoca=5 (0.7 min)
2026-10-01 12:11:20,525 INFO ICBHI/dn fold 3: log-mel dn listo en 0.4 s, forma (4715, 1, 64, 309)
2026-10-01 12:11:20,538 INFO ICBHI/dn fold 3: 58/14 pacientes train/validation, 1 de 1 configuracion(es) por evaluar
2026-10-01 12:11:22,538 INFO ICBHI/dn fold 3: config 8 (lr=0.0003, dropout=0.3) epoca 1: train_loss=0.4267 val_loss=0.6555 val_BA=0.900 mejor_epoca=1
2026-10-01 12:11:26,198 INFO ICBHI/dn fold 3: config 8 (lr=0.0003, dropout=0.3) epoca 3: train_loss=0.1026 val_loss=0.0900 val_BA=1.000 mejor_epoca=3
2026-10-01 12:11:31,676 INFO ICBHI/dn fold 3: config 8 (lr=0.0003, dropout=0.3) epoca 6: train_loss=0.0214 val_loss=0.0571 val_BA=1.000 mejor_epoca=6
2026-10-01 12:11:39,023 INFO ICBHI/dn fold 3: config 8 (lr=0.0003, dropout=0.3) epoca 10: train_loss=0.0050 val_loss=0.0306 val_BA=1.000 mejor_epoca=10
2026-10-01 12:11:40,860 INFO ICBHI/dn fold 3: config 8 (lr=0.0003, dropout=0.3) epoca 11: train_loss=0.0116 val_loss=0.0271 val_BA=1.000 mejor_epoca=11
2026-10-01 12:11:57,382 INFO ICBHI/dn fold 3: config 8 (lr=0.0003, dropout=0.3) epoca 20: train_loss=0.0164 val_loss=0.0775 val_BA=1.000 mejor_epoca=11
2026-10-01 12:12:08,397 INFO ICBHI/dn fold 3 config 8: OK val_BA=1.000 mejor_epoca=11 (0.8 min)
2026-10-01 12:12:08,845 INFO ICBHI/dn fold 4: log-mel dn listo en 0.4 s, forma (4715, 1, 64, 309)
2026-10-01 12:12:08,857 INFO ICBHI/dn fold 4: 58/14 pacientes train/validation, 1 de 1 configuracion(es) por evaluar
2026-10-01 12:12:11,022 INFO ICBHI/dn fold 4: config 8 (lr=0.0003, dropout=0.3) epoca 1: train_loss=0.4347 val_loss=0.1547 val_BA=0.625 mejor_epoca=1
2026-10-01 12:12:12,994 INFO ICBHI/dn fold 4: config 8 (lr=0.0003, dropout=0.3) epoca 2: train_loss=0.1799 val_loss=0.8068 val_BA=0.950 mejor_epoca=2
2026-10-01 12:12:18,912 INFO ICBHI/dn fold 4: config 8 (lr=0.0003, dropout=0.3) epoca 5: train_loss=0.0377 val_loss=0.1894 val_BA=0.950 mejor_epoca=5
2026-10-01 12:12:28,768 INFO ICBHI/dn fold 4: config 8 (lr=0.0003, dropout=0.3) epoca 10: train_loss=0.0270 val_loss=0.0737 val_BA=0.750 mejor_epoca=5
2026-10-01 12:12:48,388 INFO ICBHI/dn fold 4: config 8 (lr=0.0003, dropout=0.3) epoca 20: train_loss=0.0013 val_loss=0.0967 val_BA=0.750 mejor_epoca=5
2026-10-01 12:12:48,410 INFO ICBHI/dn fold 4 config 8: OK val_BA=0.950 mejor_epoca=5 (0.7 min)
2026-10-01 12:12:49,402 INFO seed_20261017: preparando crnn_no_dn_aug con configuracion congelada 5
2026-10-01 12:12:49,851 INFO ICBHI/no_dn_aug fold 0: log-mel no_dn listo en 0.4 s, forma (4715, 1, 64, 309)
2026-10-01 12:12:49,863 INFO ICBHI/no_dn_aug fold 0: 57/15 pacientes train/validation, 1 de 1 configuracion(es) por evaluar
2026-10-01 12:12:52,076 INFO ICBHI/no_dn_aug fold 0: config 5 (lr=0.0001, dropout=0.4) epoca 1: train_loss=0.4912 val_loss=0.4981 val_BA=1.000 mejor_epoca=1
2026-10-01 12:13:06,227 INFO ICBHI/no_dn_aug fold 0: config 5 (lr=0.0001, dropout=0.4) epoca 8: train_loss=0.0730 val_loss=0.2349 val_BA=1.000 mejor_epoca=8
2026-10-01 12:13:10,263 INFO ICBHI/no_dn_aug fold 0: config 5 (lr=0.0001, dropout=0.4) epoca 10: train_loss=0.0317 val_loss=0.1748 val_BA=0.900 mejor_epoca=8
2026-10-01 12:13:16,323 INFO ICBHI/no_dn_aug fold 0: config 5 (lr=0.0001, dropout=0.4) epoca 13: train_loss=0.0301 val_loss=0.1782 val_BA=1.000 mejor_epoca=13
2026-10-01 12:13:30,425 INFO ICBHI/no_dn_aug fold 0: config 5 (lr=0.0001, dropout=0.4) epoca 20: train_loss=0.0183 val_loss=0.2064 val_BA=1.000 mejor_epoca=13
2026-10-01 12:13:46,567 INFO ICBHI/no_dn_aug fold 0 config 5: OK val_BA=1.000 mejor_epoca=13 (0.9 min)
2026-10-01 12:13:47,014 INFO ICBHI/no_dn_aug fold 1: log-mel no_dn listo en 0.4 s, forma (4715, 1, 64, 309)
2026-10-01 12:13:47,026 INFO ICBHI/no_dn_aug fold 1: 57/15 pacientes train/validation, 1 de 1 configuracion(es) por evaluar
2026-10-01 12:13:49,311 INFO ICBHI/no_dn_aug fold 1: config 5 (lr=0.0001, dropout=0.4) epoca 1: train_loss=0.5138 val_loss=0.3662 val_BA=0.705 mejor_epoca=1
2026-10-01 12:13:51,402 INFO ICBHI/no_dn_aug fold 1: config 5 (lr=0.0001, dropout=0.4) epoca 2: train_loss=0.2692 val_loss=0.3725 val_BA=0.875 mejor_epoca=2
2026-10-01 12:13:53,491 INFO ICBHI/no_dn_aug fold 1: config 5 (lr=0.0001, dropout=0.4) epoca 3: train_loss=0.1739 val_loss=0.1731 val_BA=0.875 mejor_epoca=3
2026-10-01 12:13:57,676 INFO ICBHI/no_dn_aug fold 1: config 5 (lr=0.0001, dropout=0.4) epoca 5: train_loss=0.0957 val_loss=0.1433 val_BA=1.000 mejor_epoca=5
2026-10-01 12:13:59,767 INFO ICBHI/no_dn_aug fold 1: config 5 (lr=0.0001, dropout=0.4) epoca 6: train_loss=0.0644 val_loss=0.1199 val_BA=1.000 mejor_epoca=6
2026-10-01 12:14:01,858 INFO ICBHI/no_dn_aug fold 1: config 5 (lr=0.0001, dropout=0.4) epoca 7: train_loss=0.0533 val_loss=0.1140 val_BA=1.000 mejor_epoca=7
2026-10-01 12:14:03,948 INFO ICBHI/no_dn_aug fold 1: config 5 (lr=0.0001, dropout=0.4) epoca 8: train_loss=0.0442 val_loss=0.1080 val_BA=1.000 mejor_epoca=8
2026-10-01 12:14:06,041 INFO ICBHI/no_dn_aug fold 1: config 5 (lr=0.0001, dropout=0.4) epoca 9: train_loss=0.0378 val_loss=0.0911 val_BA=1.000 mejor_epoca=9
2026-10-01 12:14:08,119 INFO ICBHI/no_dn_aug fold 1: config 5 (lr=0.0001, dropout=0.4) epoca 10: train_loss=0.0305 val_loss=0.0571 val_BA=0.875 mejor_epoca=9
2026-10-01 12:14:10,207 INFO ICBHI/no_dn_aug fold 1: config 5 (lr=0.0001, dropout=0.4) epoca 11: train_loss=0.0444 val_loss=0.0761 val_BA=1.000 mejor_epoca=11
2026-10-01 12:14:14,389 INFO ICBHI/no_dn_aug fold 1: config 5 (lr=0.0001, dropout=0.4) epoca 13: train_loss=0.0526 val_loss=0.0639 val_BA=1.000 mejor_epoca=13
2026-10-01 12:14:18,563 INFO ICBHI/no_dn_aug fold 1: config 5 (lr=0.0001, dropout=0.4) epoca 15: train_loss=0.0157 val_loss=0.0523 val_BA=1.000 mejor_epoca=15
2026-10-01 12:14:29,006 INFO ICBHI/no_dn_aug fold 1: config 5 (lr=0.0001, dropout=0.4) epoca 20: train_loss=0.0076 val_loss=0.0619 val_BA=1.000 mejor_epoca=15
2026-10-01 12:14:31,094 INFO ICBHI/no_dn_aug fold 1: config 5 (lr=0.0001, dropout=0.4) epoca 21: train_loss=0.0070 val_loss=0.0426 val_BA=1.000 mejor_epoca=21
2026-10-01 12:14:49,869 INFO ICBHI/no_dn_aug fold 1: config 5 (lr=0.0001, dropout=0.4) epoca 30: train_loss=0.0191 val_loss=0.1186 val_BA=0.875 mejor_epoca=21
2026-10-01 12:14:56,121 INFO ICBHI/no_dn_aug fold 1: config 5 (lr=0.0001, dropout=0.4) epoca 33: train_loss=0.0040 val_loss=0.0377 val_BA=1.000 mejor_epoca=33
2026-10-01 12:15:10,869 INFO ICBHI/no_dn_aug fold 1: config 5 (lr=0.0001, dropout=0.4) epoca 40: train_loss=0.0022 val_loss=0.0701 val_BA=1.000 mejor_epoca=33
2026-10-01 12:15:27,535 INFO ICBHI/no_dn_aug fold 1 config 5: OK val_BA=1.000 mejor_epoca=33 (1.7 min)
2026-10-01 12:15:27,987 INFO ICBHI/no_dn_aug fold 2: log-mel no_dn listo en 0.4 s, forma (4715, 1, 64, 309)
2026-10-01 12:15:27,999 INFO ICBHI/no_dn_aug fold 2: 58/14 pacientes train/validation, 1 de 1 configuracion(es) por evaluar
2026-10-01 12:15:30,348 INFO ICBHI/no_dn_aug fold 2: config 5 (lr=0.0001, dropout=0.4) epoca 1: train_loss=0.4949 val_loss=0.6450 val_BA=0.700 mejor_epoca=1
2026-10-01 12:15:32,512 INFO ICBHI/no_dn_aug fold 2: config 5 (lr=0.0001, dropout=0.4) epoca 2: train_loss=0.2660 val_loss=0.4091 val_BA=0.825 mejor_epoca=2
2026-10-01 12:15:49,748 INFO ICBHI/no_dn_aug fold 2: config 5 (lr=0.0001, dropout=0.4) epoca 10: train_loss=0.0435 val_loss=0.3717 val_BA=0.575 mejor_epoca=2
2026-10-01 12:16:11,243 INFO ICBHI/no_dn_aug fold 2: config 5 (lr=0.0001, dropout=0.4) epoca 20: train_loss=0.0126 val_loss=0.3876 val_BA=0.700 mejor_epoca=2
2026-10-01 12:16:11,263 INFO ICBHI/no_dn_aug fold 2 config 5: OK val_BA=0.825 mejor_epoca=2 (0.7 min)
2026-10-01 12:16:11,711 INFO ICBHI/no_dn_aug fold 3: log-mel no_dn listo en 0.4 s, forma (4715, 1, 64, 309)
2026-10-01 12:16:11,724 INFO ICBHI/no_dn_aug fold 3: 58/14 pacientes train/validation, 1 de 1 configuracion(es) por evaluar
2026-10-01 12:16:13,769 INFO ICBHI/no_dn_aug fold 3: config 5 (lr=0.0001, dropout=0.4) epoca 1: train_loss=0.5058 val_loss=0.4272 val_BA=1.000 mejor_epoca=1
2026-10-01 12:16:17,536 INFO ICBHI/no_dn_aug fold 3: config 5 (lr=0.0001, dropout=0.4) epoca 3: train_loss=0.1699 val_loss=0.1678 val_BA=1.000 mejor_epoca=3
2026-10-01 12:16:23,182 INFO ICBHI/no_dn_aug fold 3: config 5 (lr=0.0001, dropout=0.4) epoca 6: train_loss=0.0575 val_loss=0.1444 val_BA=1.000 mejor_epoca=6
2026-10-01 12:16:30,710 INFO ICBHI/no_dn_aug fold 3: config 5 (lr=0.0001, dropout=0.4) epoca 10: train_loss=0.0246 val_loss=0.1417 val_BA=1.000 mejor_epoca=10
2026-10-01 12:16:34,477 INFO ICBHI/no_dn_aug fold 3: config 5 (lr=0.0001, dropout=0.4) epoca 12: train_loss=0.0518 val_loss=0.0788 val_BA=1.000 mejor_epoca=12
2026-10-01 12:16:36,357 INFO ICBHI/no_dn_aug fold 3: config 5 (lr=0.0001, dropout=0.4) epoca 13: train_loss=0.0438 val_loss=0.0593 val_BA=1.000 mejor_epoca=13
2026-10-01 12:16:42,000 INFO ICBHI/no_dn_aug fold 3: config 5 (lr=0.0001, dropout=0.4) epoca 16: train_loss=0.0102 val_loss=0.0563 val_BA=1.000 mejor_epoca=16
2026-10-01 12:16:43,878 INFO ICBHI/no_dn_aug fold 3: config 5 (lr=0.0001, dropout=0.4) epoca 17: train_loss=0.0176 val_loss=0.0519 val_BA=1.000 mejor_epoca=17
2026-10-01 12:16:49,482 INFO ICBHI/no_dn_aug fold 3: config 5 (lr=0.0001, dropout=0.4) epoca 20: train_loss=0.0195 val_loss=0.0439 val_BA=0.750 mejor_epoca=17
2026-10-01 12:17:08,200 INFO ICBHI/no_dn_aug fold 3: config 5 (lr=0.0001, dropout=0.4) epoca 30: train_loss=0.0044 val_loss=0.0315 val_BA=0.875 mejor_epoca=17
2026-10-01 12:17:11,968 INFO ICBHI/no_dn_aug fold 3 config 5: OK val_BA=1.000 mejor_epoca=17 (1.0 min)
2026-10-01 12:17:12,419 INFO ICBHI/no_dn_aug fold 4: log-mel no_dn listo en 0.4 s, forma (4715, 1, 64, 309)
2026-10-01 12:17:12,432 INFO ICBHI/no_dn_aug fold 4: 58/14 pacientes train/validation, 1 de 1 configuracion(es) por evaluar
2026-10-01 12:17:14,638 INFO ICBHI/no_dn_aug fold 4: config 5 (lr=0.0001, dropout=0.4) epoca 1: train_loss=0.5070 val_loss=0.2763 val_BA=0.875 mejor_epoca=1
2026-10-01 12:17:18,636 INFO ICBHI/no_dn_aug fold 4: config 5 (lr=0.0001, dropout=0.4) epoca 3: train_loss=0.1535 val_loss=0.1682 val_BA=0.875 mejor_epoca=3
2026-10-01 12:17:22,680 INFO ICBHI/no_dn_aug fold 4: config 5 (lr=0.0001, dropout=0.4) epoca 5: train_loss=0.0778 val_loss=0.1335 val_BA=0.875 mejor_epoca=5
2026-10-01 12:17:26,713 INFO ICBHI/no_dn_aug fold 4: config 5 (lr=0.0001, dropout=0.4) epoca 7: train_loss=0.0467 val_loss=0.1033 val_BA=0.875 mejor_epoca=7
2026-10-01 12:17:32,732 INFO ICBHI/no_dn_aug fold 4: config 5 (lr=0.0001, dropout=0.4) epoca 10: train_loss=0.0325 val_loss=0.2176 val_BA=0.875 mejor_epoca=7
2026-10-01 12:17:36,765 INFO ICBHI/no_dn_aug fold 4: config 5 (lr=0.0001, dropout=0.4) epoca 12: train_loss=0.0478 val_loss=0.0933 val_BA=0.875 mejor_epoca=12
2026-10-01 12:17:38,784 INFO ICBHI/no_dn_aug fold 4: config 5 (lr=0.0001, dropout=0.4) epoca 13: train_loss=0.0298 val_loss=0.0929 val_BA=0.875 mejor_epoca=13
2026-10-01 12:17:52,818 INFO ICBHI/no_dn_aug fold 4: config 5 (lr=0.0001, dropout=0.4) epoca 20: train_loss=0.0751 val_loss=0.0882 val_BA=0.750 mejor_epoca=13
2026-10-01 12:17:54,826 INFO ICBHI/no_dn_aug fold 4: config 5 (lr=0.0001, dropout=0.4) epoca 21: train_loss=0.0372 val_loss=0.0700 val_BA=0.875 mejor_epoca=21
2026-10-01 12:17:56,810 INFO ICBHI/no_dn_aug fold 4: config 5 (lr=0.0001, dropout=0.4) epoca 22: train_loss=0.0177 val_loss=0.0444 val_BA=0.875 mejor_epoca=22
2026-10-01 12:18:12,897 INFO ICBHI/no_dn_aug fold 4: config 5 (lr=0.0001, dropout=0.4) epoca 30: train_loss=0.0463 val_loss=0.1197 val_BA=0.875 mejor_epoca=22
2026-10-01 12:18:26,968 INFO ICBHI/no_dn_aug fold 4 config 5: OK val_BA=0.875 mejor_epoca=22 (1.2 min)
2026-10-01 12:18:28,413 INFO ICBHI/permuted_labels fold 0: log-mel no_dn listo en 0.4 s, forma (4715, 1, 64, 309)
2026-10-01 12:18:28,427 INFO ICBHI/permuted_labels fold 0: 57/15 pacientes train/validation, 1 de 1 configuracion(es) por evaluar
2026-10-01 12:18:30,350 INFO ICBHI/permuted_labels fold 0: config 1 (lr=0.0001, dropout=0.3) epoca 1: train_loss=0.6368 val_loss=0.9575 val_BA=0.583 mejor_epoca=1
2026-10-01 12:18:33,825 INFO ICBHI/permuted_labels fold 0: config 1 (lr=0.0001, dropout=0.3) epoca 3: train_loss=0.4777 val_loss=0.7381 val_BA=0.708 mejor_epoca=3
2026-10-01 12:18:39,036 INFO ICBHI/permuted_labels fold 0: config 1 (lr=0.0001, dropout=0.3) epoca 6: train_loss=0.2278 val_loss=0.5645 val_BA=0.792 mejor_epoca=6
2026-10-01 12:18:45,989 INFO ICBHI/permuted_labels fold 0: config 1 (lr=0.0001, dropout=0.3) epoca 10: train_loss=0.0906 val_loss=0.6088 val_BA=0.625 mejor_epoca=6
2026-10-01 12:18:47,727 INFO ICBHI/permuted_labels fold 0: config 1 (lr=0.0001, dropout=0.3) epoca 11: train_loss=0.0655 val_loss=0.5030 val_BA=0.792 mejor_epoca=11
2026-10-01 12:19:03,361 INFO ICBHI/permuted_labels fold 0: config 1 (lr=0.0001, dropout=0.3) epoca 20: train_loss=0.0074 val_loss=0.5106 val_BA=0.583 mejor_epoca=11
2026-10-01 12:19:13,800 INFO ICBHI/permuted_labels fold 0 config 1: OK val_BA=0.792 mejor_epoca=11 (0.8 min)
2026-10-01 12:19:14,247 INFO ICBHI/permuted_labels fold 1: log-mel no_dn listo en 0.4 s, forma (4715, 1, 64, 309)
2026-10-01 12:19:14,262 INFO ICBHI/permuted_labels fold 1: 57/15 pacientes train/validation, 1 de 1 configuracion(es) por evaluar
2026-10-01 12:19:16,237 INFO ICBHI/permuted_labels fold 1: config 1 (lr=0.0001, dropout=0.3) epoca 1: train_loss=0.5634 val_loss=0.8601 val_BA=0.350 mejor_epoca=1
2026-10-01 12:19:18,031 INFO ICBHI/permuted_labels fold 1: config 1 (lr=0.0001, dropout=0.3) epoca 2: train_loss=0.4926 val_loss=0.9480 val_BA=0.450 mejor_epoca=2
2026-10-01 12:19:23,416 INFO ICBHI/permuted_labels fold 1: config 1 (lr=0.0001, dropout=0.3) epoca 5: train_loss=0.2271 val_loss=1.0426 val_BA=0.500 mejor_epoca=5
2026-10-01 12:19:25,210 INFO ICBHI/permuted_labels fold 1: config 1 (lr=0.0001, dropout=0.3) epoca 6: train_loss=0.1628 val_loss=1.4440 val_BA=0.600 mejor_epoca=6
2026-10-01 12:19:32,389 INFO ICBHI/permuted_labels fold 1: config 1 (lr=0.0001, dropout=0.3) epoca 10: train_loss=0.0469 val_loss=1.3233 val_BA=0.400 mejor_epoca=6
2026-10-01 12:19:50,332 INFO ICBHI/permuted_labels fold 1: config 1 (lr=0.0001, dropout=0.3) epoca 20: train_loss=0.0059 val_loss=1.7644 val_BA=0.550 mejor_epoca=6
2026-10-01 12:19:52,146 INFO ICBHI/permuted_labels fold 1 config 1: OK val_BA=0.600 mejor_epoca=6 (0.6 min)
2026-10-01 12:19:52,595 INFO ICBHI/permuted_labels fold 2: log-mel no_dn listo en 0.4 s, forma (4715, 1, 64, 309)
2026-10-01 12:19:52,609 INFO ICBHI/permuted_labels fold 2: 58/14 pacientes train/validation, 1 de 1 configuracion(es) por evaluar
2026-10-01 12:19:54,636 INFO ICBHI/permuted_labels fold 2: config 1 (lr=0.0001, dropout=0.3) epoca 1: train_loss=0.6745 val_loss=0.5794 val_BA=0.689 mejor_epoca=1
2026-10-01 12:19:58,344 INFO ICBHI/permuted_labels fold 2: config 1 (lr=0.0001, dropout=0.3) epoca 3: train_loss=0.4520 val_loss=0.5654 val_BA=0.744 mejor_epoca=3
2026-10-01 12:20:09,463 INFO ICBHI/permuted_labels fold 2: config 1 (lr=0.0001, dropout=0.3) epoca 9: train_loss=0.0841 val_loss=0.5280 val_BA=0.800 mejor_epoca=9
2026-10-01 12:20:11,316 INFO ICBHI/permuted_labels fold 2: config 1 (lr=0.0001, dropout=0.3) epoca 10: train_loss=0.0621 val_loss=0.6638 val_BA=0.800 mejor_epoca=9
2026-10-01 12:20:29,851 INFO ICBHI/permuted_labels fold 2: config 1 (lr=0.0001, dropout=0.3) epoca 20: train_loss=0.0061 val_loss=0.7545 val_BA=0.800 mejor_epoca=9
2026-10-01 12:20:37,278 INFO ICBHI/permuted_labels fold 2 config 1: OK val_BA=0.800 mejor_epoca=9 (0.7 min)
2026-10-01 12:20:37,726 INFO ICBHI/permuted_labels fold 3: log-mel no_dn listo en 0.4 s, forma (4715, 1, 64, 309)
2026-10-01 12:20:37,740 INFO ICBHI/permuted_labels fold 3: 58/14 pacientes train/validation, 1 de 1 configuracion(es) por evaluar
2026-10-01 12:20:39,519 INFO ICBHI/permuted_labels fold 3: config 1 (lr=0.0001, dropout=0.3) epoca 1: train_loss=0.6024 val_loss=0.6952 val_BA=0.475 mejor_epoca=1
2026-10-01 12:20:41,141 INFO ICBHI/permuted_labels fold 3: config 1 (lr=0.0001, dropout=0.3) epoca 2: train_loss=0.5211 val_loss=0.6570 val_BA=0.550 mejor_epoca=2
2026-10-01 12:20:42,762 INFO ICBHI/permuted_labels fold 3: config 1 (lr=0.0001, dropout=0.3) epoca 3: train_loss=0.4116 val_loss=0.8260 val_BA=0.575 mejor_epoca=3
2026-10-01 12:20:47,625 INFO ICBHI/permuted_labels fold 3: config 1 (lr=0.0001, dropout=0.3) epoca 6: train_loss=0.2140 val_loss=0.5006 val_BA=0.575 mejor_epoca=6
2026-10-01 12:20:52,490 INFO ICBHI/permuted_labels fold 3: config 1 (lr=0.0001, dropout=0.3) epoca 9: train_loss=0.0876 val_loss=1.0967 val_BA=0.625 mejor_epoca=9
2026-10-01 12:20:54,112 INFO ICBHI/permuted_labels fold 3: config 1 (lr=0.0001, dropout=0.3) epoca 10: train_loss=0.0741 val_loss=0.6764 val_BA=0.575 mejor_epoca=9
2026-10-01 12:21:10,325 INFO ICBHI/permuted_labels fold 3: config 1 (lr=0.0001, dropout=0.3) epoca 20: train_loss=0.0086 val_loss=0.6837 val_BA=0.575 mejor_epoca=9
2026-10-01 12:21:16,828 INFO ICBHI/permuted_labels fold 3 config 1: OK val_BA=0.625 mejor_epoca=9 (0.7 min)
2026-10-01 12:21:17,280 INFO ICBHI/permuted_labels fold 4: log-mel no_dn listo en 0.4 s, forma (4715, 1, 64, 309)
2026-10-01 12:21:17,294 INFO ICBHI/permuted_labels fold 4: 58/14 pacientes train/validation, 1 de 1 configuracion(es) por evaluar
2026-10-01 12:21:19,205 INFO ICBHI/permuted_labels fold 4: config 1 (lr=0.0001, dropout=0.3) epoca 1: train_loss=0.6472 val_loss=0.6328 val_BA=0.775 mejor_epoca=1
2026-10-01 12:21:20,941 INFO ICBHI/permuted_labels fold 4: config 1 (lr=0.0001, dropout=0.3) epoca 2: train_loss=0.5794 val_loss=0.6300 val_BA=0.775 mejor_epoca=2
2026-10-01 12:21:34,832 INFO ICBHI/permuted_labels fold 4: config 1 (lr=0.0001, dropout=0.3) epoca 10: train_loss=0.0654 val_loss=1.1563 val_BA=0.775 mejor_epoca=2
2026-10-01 12:21:40,041 INFO ICBHI/permuted_labels fold 4: config 1 (lr=0.0001, dropout=0.3) epoca 13: train_loss=0.0299 val_loss=0.9546 val_BA=0.825 mejor_epoca=13
2026-10-01 12:21:41,777 INFO ICBHI/permuted_labels fold 4: config 1 (lr=0.0001, dropout=0.3) epoca 14: train_loss=0.0226 val_loss=0.9232 val_BA=0.875 mejor_epoca=14
2026-10-01 12:21:52,194 INFO ICBHI/permuted_labels fold 4: config 1 (lr=0.0001, dropout=0.3) epoca 20: train_loss=0.0075 val_loss=0.9345 val_BA=0.875 mejor_epoca=14
2026-10-01 12:22:07,834 INFO ICBHI/permuted_labels fold 4 config 1: OK val_BA=0.875 mejor_epoca=14 (0.8 min)
2026-10-01 12:22:09,234 INFO seed_20261103: preparando cnn_no_dn con configuracion congelada 1
2026-10-01 12:22:10,017 INFO log-mel ICBHI/cv/fold_00/no_dn: 500/4715
2026-10-01 12:22:10,586 INFO log-mel ICBHI/cv/fold_00/no_dn: 1000/4715
2026-10-01 12:22:11,156 INFO log-mel ICBHI/cv/fold_00/no_dn: 1500/4715
2026-10-01 12:22:11,725 INFO log-mel ICBHI/cv/fold_00/no_dn: 2000/4715
2026-10-01 12:22:12,295 INFO log-mel ICBHI/cv/fold_00/no_dn: 2500/4715
2026-10-01 12:22:12,885 INFO log-mel ICBHI/cv/fold_00/no_dn: 3000/4715
2026-10-01 12:22:13,505 INFO log-mel ICBHI/cv/fold_00/no_dn: 3500/4715
2026-10-01 12:22:14,075 INFO log-mel ICBHI/cv/fold_00/no_dn: 4000/4715
2026-10-01 12:22:14,644 INFO log-mel ICBHI/cv/fold_00/no_dn: 4500/4715
2026-10-01 12:22:14,889 INFO log-mel ICBHI/cv/fold_00/no_dn: 4715/4715
2026-10-01 12:22:15,508 INFO ICBHI/no_dn fold 0: log-mel no_dn listo en 6.3 s, forma (4715, 1, 64, 309)
2026-10-01 12:22:15,521 INFO ICBHI/no_dn fold 0: 57/15 pacientes train/validation, 1 de 1 configuracion(es) por evaluar
2026-10-01 12:22:17,452 INFO ICBHI/no_dn fold 0: config 1 (lr=0.0001, dropout=0.3) epoca 1: train_loss=0.5643 val_loss=0.3753 val_BA=0.850 mejor_epoca=1
2026-10-01 12:22:27,801 INFO ICBHI/no_dn fold 0: config 1 (lr=0.0001, dropout=0.3) epoca 7: train_loss=0.0556 val_loss=0.2049 val_BA=0.850 mejor_epoca=7
2026-10-01 12:22:29,527 INFO ICBHI/no_dn fold 0: config 1 (lr=0.0001, dropout=0.3) epoca 8: train_loss=0.0470 val_loss=0.2015 val_BA=0.950 mejor_epoca=8
2026-10-01 12:22:32,981 INFO ICBHI/no_dn fold 0: config 1 (lr=0.0001, dropout=0.3) epoca 10: train_loss=0.0318 val_loss=0.2392 val_BA=0.950 mejor_epoca=8
2026-10-01 12:22:36,433 INFO ICBHI/no_dn fold 0: config 1 (lr=0.0001, dropout=0.3) epoca 12: train_loss=0.0197 val_loss=0.1896 val_BA=0.950 mejor_epoca=12
2026-10-01 12:22:41,612 INFO ICBHI/no_dn fold 0: config 1 (lr=0.0001, dropout=0.3) epoca 15: train_loss=0.0177 val_loss=0.1650 val_BA=0.950 mejor_epoca=15
2026-10-01 12:22:50,248 INFO ICBHI/no_dn fold 0: config 1 (lr=0.0001, dropout=0.3) epoca 20: train_loss=0.0098 val_loss=0.3212 val_BA=0.950 mejor_epoca=15
2026-10-01 12:23:05,797 INFO ICBHI/no_dn fold 0: config 1 (lr=0.0001, dropout=0.3) epoca 29: train_loss=0.0041 val_loss=0.1629 val_BA=0.950 mejor_epoca=29
2026-10-01 12:23:07,525 INFO ICBHI/no_dn fold 0: config 1 (lr=0.0001, dropout=0.3) epoca 30: train_loss=0.0047 val_loss=0.3068 val_BA=0.950 mejor_epoca=29
2026-10-01 12:23:24,807 INFO ICBHI/no_dn fold 0: config 1 (lr=0.0001, dropout=0.3) epoca 40: train_loss=0.0026 val_loss=0.4925 val_BA=0.950 mejor_epoca=29
2026-10-01 12:23:31,744 INFO ICBHI/no_dn fold 0 config 1: OK val_BA=0.950 mejor_epoca=29 (1.3 min)
2026-10-01 12:23:32,515 INFO log-mel ICBHI/cv/fold_01/no_dn: 500/4715
2026-10-01 12:23:33,073 INFO log-mel ICBHI/cv/fold_01/no_dn: 1000/4715
2026-10-01 12:23:33,631 INFO log-mel ICBHI/cv/fold_01/no_dn: 1500/4715
2026-10-01 12:23:34,188 INFO log-mel ICBHI/cv/fold_01/no_dn: 2000/4715
2026-10-01 12:23:34,745 INFO log-mel ICBHI/cv/fold_01/no_dn: 2500/4715
2026-10-01 12:23:35,302 INFO log-mel ICBHI/cv/fold_01/no_dn: 3000/4715
2026-10-01 12:23:35,861 INFO log-mel ICBHI/cv/fold_01/no_dn: 3500/4715
2026-10-01 12:23:36,418 INFO log-mel ICBHI/cv/fold_01/no_dn: 4000/4715
2026-10-01 12:23:37,075 INFO log-mel ICBHI/cv/fold_01/no_dn: 4500/4715
2026-10-01 12:23:37,315 INFO log-mel ICBHI/cv/fold_01/no_dn: 4715/4715
2026-10-01 12:23:37,909 INFO ICBHI/no_dn fold 1: log-mel no_dn listo en 6.2 s, forma (4715, 1, 64, 309)
2026-10-01 12:23:37,922 INFO ICBHI/no_dn fold 1: 57/15 pacientes train/validation, 1 de 1 configuracion(es) por evaluar
2026-10-01 12:23:39,926 INFO ICBHI/no_dn fold 1: config 1 (lr=0.0001, dropout=0.3) epoca 1: train_loss=0.5220 val_loss=1.0265 val_BA=0.727 mejor_epoca=1
2026-10-01 12:23:41,702 INFO ICBHI/no_dn fold 1: config 1 (lr=0.0001, dropout=0.3) epoca 2: train_loss=0.2933 val_loss=0.3091 val_BA=1.000 mejor_epoca=2
2026-10-01 12:23:55,914 INFO ICBHI/no_dn fold 1: config 1 (lr=0.0001, dropout=0.3) epoca 10: train_loss=0.0238 val_loss=0.4160 val_BA=1.000 mejor_epoca=2
2026-10-01 12:23:59,469 INFO ICBHI/no_dn fold 1: config 1 (lr=0.0001, dropout=0.3) epoca 12: train_loss=0.0155 val_loss=0.0536 val_BA=1.000 mejor_epoca=12
2026-10-01 12:24:13,687 INFO ICBHI/no_dn fold 1: config 1 (lr=0.0001, dropout=0.3) epoca 20: train_loss=0.0080 val_loss=0.0696 val_BA=0.750 mejor_epoca=12
2026-10-01 12:24:19,019 INFO ICBHI/no_dn fold 1: config 1 (lr=0.0001, dropout=0.3) epoca 23: train_loss=0.0050 val_loss=0.0394 val_BA=1.000 mejor_epoca=23
2026-10-01 12:24:31,462 INFO ICBHI/no_dn fold 1: config 1 (lr=0.0001, dropout=0.3) epoca 30: train_loss=0.0039 val_loss=0.0465 val_BA=0.875 mejor_epoca=23
2026-10-01 12:24:33,242 INFO ICBHI/no_dn fold 1: config 1 (lr=0.0001, dropout=0.3) epoca 31: train_loss=0.0032 val_loss=0.0349 val_BA=1.000 mejor_epoca=31
2026-10-01 12:24:49,247 INFO ICBHI/no_dn fold 1: config 1 (lr=0.0001, dropout=0.3) epoca 40: train_loss=0.0018 val_loss=0.0529 val_BA=0.875 mejor_epoca=31
2026-10-01 12:24:59,940 INFO ICBHI/no_dn fold 1 config 1: OK val_BA=1.000 mejor_epoca=31 (1.4 min)
2026-10-01 12:25:00,710 INFO log-mel ICBHI/cv/fold_02/no_dn: 500/4715
2026-10-01 12:25:01,267 INFO log-mel ICBHI/cv/fold_02/no_dn: 1000/4715
2026-10-01 12:25:01,823 INFO log-mel ICBHI/cv/fold_02/no_dn: 1500/4715
2026-10-01 12:25:02,380 INFO log-mel ICBHI/cv/fold_02/no_dn: 2000/4715
2026-10-01 12:25:02,936 INFO log-mel ICBHI/cv/fold_02/no_dn: 2500/4715
2026-10-01 12:25:03,493 INFO log-mel ICBHI/cv/fold_02/no_dn: 3000/4715
2026-10-01 12:25:04,049 INFO log-mel ICBHI/cv/fold_02/no_dn: 3500/4715
2026-10-01 12:25:04,605 INFO log-mel ICBHI/cv/fold_02/no_dn: 4000/4715
2026-10-01 12:25:05,260 INFO log-mel ICBHI/cv/fold_02/no_dn: 4500/4715
2026-10-01 12:25:05,499 INFO log-mel ICBHI/cv/fold_02/no_dn: 4715/4715
2026-10-01 12:25:06,066 INFO ICBHI/no_dn fold 2: log-mel no_dn listo en 6.1 s, forma (4715, 1, 64, 309)
2026-10-01 12:25:06,079 INFO ICBHI/no_dn fold 2: 58/14 pacientes train/validation, 1 de 1 configuracion(es) por evaluar
2026-10-01 12:25:08,171 INFO ICBHI/no_dn fold 2: config 1 (lr=0.0001, dropout=0.3) epoca 1: train_loss=0.5442 val_loss=0.8035 val_BA=0.800 mejor_epoca=1
2026-10-01 12:25:10,019 INFO ICBHI/no_dn fold 2: config 1 (lr=0.0001, dropout=0.3) epoca 2: train_loss=0.3653 val_loss=0.5925 val_BA=0.900 mejor_epoca=2
2026-10-01 12:25:11,868 INFO ICBHI/no_dn fold 2: config 1 (lr=0.0001, dropout=0.3) epoca 3: train_loss=0.1906 val_loss=0.4947 val_BA=0.950 mejor_epoca=3
2026-10-01 12:25:15,568 INFO ICBHI/no_dn fold 2: config 1 (lr=0.0001, dropout=0.3) epoca 5: train_loss=0.0827 val_loss=0.2338 val_BA=1.000 mejor_epoca=5
2026-10-01 12:25:19,267 INFO ICBHI/no_dn fold 2: config 1 (lr=0.0001, dropout=0.3) epoca 7: train_loss=0.0411 val_loss=0.0984 val_BA=1.000 mejor_epoca=7
2026-10-01 12:25:24,816 INFO ICBHI/no_dn fold 2: config 1 (lr=0.0001, dropout=0.3) epoca 10: train_loss=0.0222 val_loss=0.1143 val_BA=1.000 mejor_epoca=7
2026-10-01 12:25:28,517 INFO ICBHI/no_dn fold 2: config 1 (lr=0.0001, dropout=0.3) epoca 12: train_loss=0.0161 val_loss=0.0800 val_BA=1.000 mejor_epoca=12
2026-10-01 12:25:34,068 INFO ICBHI/no_dn fold 2: config 1 (lr=0.0001, dropout=0.3) epoca 15: train_loss=0.0123 val_loss=0.0581 val_BA=1.000 mejor_epoca=15
2026-10-01 12:25:39,621 INFO ICBHI/no_dn fold 2: config 1 (lr=0.0001, dropout=0.3) epoca 18: train_loss=0.0078 val_loss=0.0510 val_BA=1.000 mejor_epoca=18
2026-10-01 12:25:43,322 INFO ICBHI/no_dn fold 2: config 1 (lr=0.0001, dropout=0.3) epoca 20: train_loss=0.0065 val_loss=0.0855 val_BA=1.000 mejor_epoca=18
2026-10-01 12:26:00,016 INFO ICBHI/no_dn fold 2: config 1 (lr=0.0001, dropout=0.3) epoca 29: train_loss=0.0039 val_loss=0.0361 val_BA=1.000 mejor_epoca=29
2026-10-01 12:26:01,894 INFO ICBHI/no_dn fold 2: config 1 (lr=0.0001, dropout=0.3) epoca 30: train_loss=0.0053 val_loss=0.0589 val_BA=1.000 mejor_epoca=29
2026-10-01 12:26:20,525 INFO ICBHI/no_dn fold 2: config 1 (lr=0.0001, dropout=0.3) epoca 40: train_loss=0.0020 val_loss=0.1372 val_BA=0.750 mejor_epoca=29
2026-10-01 12:26:28,076 INFO ICBHI/no_dn fold 2 config 1: OK val_BA=1.000 mejor_epoca=29 (1.4 min)
2026-10-01 12:26:28,850 INFO log-mel ICBHI/cv/fold_03/no_dn: 500/4715
2026-10-01 12:26:29,408 INFO log-mel ICBHI/cv/fold_03/no_dn: 1000/4715
2026-10-01 12:26:29,966 INFO log-mel ICBHI/cv/fold_03/no_dn: 1500/4715
2026-10-01 12:26:30,524 INFO log-mel ICBHI/cv/fold_03/no_dn: 2000/4715
2026-10-01 12:26:31,085 INFO log-mel ICBHI/cv/fold_03/no_dn: 2500/4715
2026-10-01 12:26:31,644 INFO log-mel ICBHI/cv/fold_03/no_dn: 3000/4715
2026-10-01 12:26:32,202 INFO log-mel ICBHI/cv/fold_03/no_dn: 3500/4715
2026-10-01 12:26:32,819 INFO log-mel ICBHI/cv/fold_03/no_dn: 4000/4715
2026-10-01 12:26:33,377 INFO log-mel ICBHI/cv/fold_03/no_dn: 4500/4715
2026-10-01 12:26:33,618 INFO log-mel ICBHI/cv/fold_03/no_dn: 4715/4715
2026-10-01 12:26:34,184 INFO ICBHI/no_dn fold 3: log-mel no_dn listo en 6.1 s, forma (4715, 1, 64, 309)
2026-10-01 12:26:34,197 INFO ICBHI/no_dn fold 3: 58/14 pacientes train/validation, 1 de 1 configuracion(es) por evaluar
2026-10-01 12:26:36,162 INFO ICBHI/no_dn fold 3: config 1 (lr=0.0001, dropout=0.3) epoca 1: train_loss=0.5465 val_loss=1.4408 val_BA=0.500 mejor_epoca=1
2026-10-01 12:26:37,953 INFO ICBHI/no_dn fold 3: config 1 (lr=0.0001, dropout=0.3) epoca 2: train_loss=0.3443 val_loss=0.3750 val_BA=0.750 mejor_epoca=2
2026-10-01 12:26:41,484 INFO ICBHI/no_dn fold 3: config 1 (lr=0.0001, dropout=0.3) epoca 4: train_loss=0.1398 val_loss=0.2915 val_BA=0.875 mejor_epoca=4
2026-10-01 12:26:43,275 INFO ICBHI/no_dn fold 3: config 1 (lr=0.0001, dropout=0.3) epoca 5: train_loss=0.1030 val_loss=0.2166 val_BA=0.875 mejor_epoca=5
2026-10-01 12:26:45,054 INFO ICBHI/no_dn fold 3: config 1 (lr=0.0001, dropout=0.3) epoca 6: train_loss=0.0757 val_loss=0.4743 val_BA=1.000 mejor_epoca=6
2026-10-01 12:26:52,197 INFO ICBHI/no_dn fold 3: config 1 (lr=0.0001, dropout=0.3) epoca 10: train_loss=0.0275 val_loss=0.0966 val_BA=0.750 mejor_epoca=6
2026-10-01 12:26:53,991 INFO ICBHI/no_dn fold 3: config 1 (lr=0.0001, dropout=0.3) epoca 11: train_loss=0.0248 val_loss=0.0836 val_BA=1.000 mejor_epoca=11
2026-10-01 12:27:10,084 INFO ICBHI/no_dn fold 3: config 1 (lr=0.0001, dropout=0.3) epoca 20: train_loss=0.0081 val_loss=0.0671 val_BA=0.750 mejor_epoca=11
2026-10-01 12:27:20,620 INFO ICBHI/no_dn fold 3 config 1: OK val_BA=1.000 mejor_epoca=11 (0.8 min)
2026-10-01 12:27:21,393 INFO log-mel ICBHI/cv/fold_04/no_dn: 500/4715
2026-10-01 12:27:21,950 INFO log-mel ICBHI/cv/fold_04/no_dn: 1000/4715
2026-10-01 12:27:22,507 INFO log-mel ICBHI/cv/fold_04/no_dn: 1500/4715
2026-10-01 12:27:23,108 INFO log-mel ICBHI/cv/fold_04/no_dn: 2000/4715
2026-10-01 12:27:23,665 INFO log-mel ICBHI/cv/fold_04/no_dn: 2500/4715
2026-10-01 12:27:24,222 INFO log-mel ICBHI/cv/fold_04/no_dn: 3000/4715
2026-10-01 12:27:24,779 INFO log-mel ICBHI/cv/fold_04/no_dn: 3500/4715
2026-10-01 12:27:25,335 INFO log-mel ICBHI/cv/fold_04/no_dn: 4000/4715
2026-10-01 12:27:25,891 INFO log-mel ICBHI/cv/fold_04/no_dn: 4500/4715
2026-10-01 12:27:26,129 INFO log-mel ICBHI/cv/fold_04/no_dn: 4715/4715
2026-10-01 12:27:26,729 INFO ICBHI/no_dn fold 4: log-mel no_dn listo en 6.1 s, forma (4715, 1, 64, 309)
2026-10-01 12:27:26,743 INFO ICBHI/no_dn fold 4: 58/14 pacientes train/validation, 1 de 1 configuracion(es) por evaluar
2026-10-01 12:27:28,547 INFO ICBHI/no_dn fold 4: config 1 (lr=0.0001, dropout=0.3) epoca 1: train_loss=0.5075 val_loss=0.6068 val_BA=0.825 mejor_epoca=1
2026-10-01 12:27:31,808 INFO ICBHI/no_dn fold 4: config 1 (lr=0.0001, dropout=0.3) epoca 3: train_loss=0.2375 val_loss=0.3063 val_BA=0.875 mejor_epoca=3
2026-10-01 12:27:35,072 INFO ICBHI/no_dn fold 4: config 1 (lr=0.0001, dropout=0.3) epoca 5: train_loss=0.1170 val_loss=0.1603 val_BA=1.000 mejor_epoca=5
2026-10-01 12:27:43,237 INFO ICBHI/no_dn fold 4: config 1 (lr=0.0001, dropout=0.3) epoca 10: train_loss=0.0271 val_loss=0.3226 val_BA=1.000 mejor_epoca=5
2026-10-01 12:27:46,504 INFO ICBHI/no_dn fold 4: config 1 (lr=0.0001, dropout=0.3) epoca 12: train_loss=0.0195 val_loss=0.1082 val_BA=1.000 mejor_epoca=12
2026-10-01 12:27:48,139 INFO ICBHI/no_dn fold 4: config 1 (lr=0.0001, dropout=0.3) epoca 13: train_loss=0.0173 val_loss=0.0607 val_BA=1.000 mejor_epoca=13
2026-10-01 12:27:59,575 INFO ICBHI/no_dn fold 4: config 1 (lr=0.0001, dropout=0.3) epoca 20: train_loss=0.0098 val_loss=0.0212 val_BA=0.875 mejor_epoca=13
2026-10-01 12:28:07,749 INFO ICBHI/no_dn fold 4: config 1 (lr=0.0001, dropout=0.3) epoca 25: train_loss=0.0072 val_loss=0.0556 val_BA=1.000 mejor_epoca=25
2026-10-01 12:28:11,016 INFO ICBHI/no_dn fold 4: config 1 (lr=0.0001, dropout=0.3) epoca 27: train_loss=0.0049 val_loss=0.0398 val_BA=1.000 mejor_epoca=27
2026-10-01 12:28:15,920 INFO ICBHI/no_dn fold 4: config 1 (lr=0.0001, dropout=0.3) epoca 30: train_loss=0.0031 val_loss=0.0369 val_BA=1.000 mejor_epoca=30
2026-10-01 12:28:17,555 INFO ICBHI/no_dn fold 4: config 1 (lr=0.0001, dropout=0.3) epoca 31: train_loss=0.0039 val_loss=0.0314 val_BA=1.000 mejor_epoca=31
2026-10-01 12:28:19,190 INFO ICBHI/no_dn fold 4: config 1 (lr=0.0001, dropout=0.3) epoca 32: train_loss=0.0050 val_loss=0.0176 val_BA=1.000 mejor_epoca=32
2026-10-01 12:28:32,271 INFO ICBHI/no_dn fold 4: config 1 (lr=0.0001, dropout=0.3) epoca 40: train_loss=0.0032 val_loss=0.0612 val_BA=0.875 mejor_epoca=32
2026-10-01 12:28:43,742 INFO ICBHI/no_dn fold 4 config 1: OK val_BA=1.000 mejor_epoca=32 (1.3 min)
2026-10-01 12:28:44,733 INFO seed_20261103: preparando cnn_dn con configuracion congelada 0
2026-10-01 12:28:45,517 INFO log-mel ICBHI/cv/fold_00/dn: 500/4715
2026-10-01 12:28:46,085 INFO log-mel ICBHI/cv/fold_00/dn: 1000/4715
2026-10-01 12:28:46,653 INFO log-mel ICBHI/cv/fold_00/dn: 1500/4715
2026-10-01 12:28:47,221 INFO log-mel ICBHI/cv/fold_00/dn: 2000/4715
2026-10-01 12:28:47,789 INFO log-mel ICBHI/cv/fold_00/dn: 2500/4715
2026-10-01 12:28:48,428 INFO log-mel ICBHI/cv/fold_00/dn: 3000/4715
2026-10-01 12:28:48,996 INFO log-mel ICBHI/cv/fold_00/dn: 3500/4715
2026-10-01 12:28:49,564 INFO log-mel ICBHI/cv/fold_00/dn: 4000/4715
2026-10-01 12:28:50,132 INFO log-mel ICBHI/cv/fold_00/dn: 4500/4715
2026-10-01 12:28:50,377 INFO log-mel ICBHI/cv/fold_00/dn: 4715/4715
2026-10-01 12:28:50,986 INFO ICBHI/dn fold 0: log-mel dn listo en 6.2 s, forma (4715, 1, 64, 309)
2026-10-01 12:28:50,999 INFO ICBHI/dn fold 0: 57/15 pacientes train/validation, 1 de 1 configuracion(es) por evaluar
2026-10-01 12:28:53,263 INFO ICBHI/dn fold 0: config 0 (lr=0.0001, dropout=0.3) epoca 1: train_loss=0.5586 val_loss=0.6579 val_BA=0.700 mejor_epoca=1
2026-10-01 12:28:55,307 INFO ICBHI/dn fold 0: config 0 (lr=0.0001, dropout=0.3) epoca 2: train_loss=0.2756 val_loss=0.4281 val_BA=0.950 mejor_epoca=2
2026-10-01 12:28:59,397 INFO ICBHI/dn fold 0: config 0 (lr=0.0001, dropout=0.3) epoca 4: train_loss=0.1137 val_loss=0.1418 val_BA=0.950 mejor_epoca=4
2026-10-01 12:29:11,671 INFO ICBHI/dn fold 0: config 0 (lr=0.0001, dropout=0.3) epoca 10: train_loss=0.0212 val_loss=0.1816 val_BA=0.950 mejor_epoca=4
2026-10-01 12:29:32,134 INFO ICBHI/dn fold 0: config 0 (lr=0.0001, dropout=0.3) epoca 20: train_loss=0.0310 val_loss=0.0955 val_BA=0.850 mejor_epoca=4
2026-10-01 12:29:32,154 INFO ICBHI/dn fold 0 config 0: OK val_BA=0.950 mejor_epoca=4 (0.7 min)
2026-10-01 12:29:32,926 INFO log-mel ICBHI/cv/fold_01/dn: 500/4715
2026-10-01 12:29:33,504 INFO log-mel ICBHI/cv/fold_01/dn: 1000/4715
2026-10-01 12:29:34,061 INFO log-mel ICBHI/cv/fold_01/dn: 1500/4715
2026-10-01 12:29:34,618 INFO log-mel ICBHI/cv/fold_01/dn: 2000/4715
2026-10-01 12:29:35,175 INFO log-mel ICBHI/cv/fold_01/dn: 2500/4715
2026-10-01 12:29:35,733 INFO log-mel ICBHI/cv/fold_01/dn: 3000/4715
2026-10-01 12:29:36,291 INFO log-mel ICBHI/cv/fold_01/dn: 3500/4715
2026-10-01 12:29:36,849 INFO log-mel ICBHI/cv/fold_01/dn: 4000/4715
2026-10-01 12:29:37,406 INFO log-mel ICBHI/cv/fold_01/dn: 4500/4715
2026-10-01 12:29:37,646 INFO log-mel ICBHI/cv/fold_01/dn: 4715/4715
2026-10-01 12:29:38,239 INFO ICBHI/dn fold 1: log-mel dn listo en 6.1 s, forma (4715, 1, 64, 309)
2026-10-01 12:29:38,252 INFO ICBHI/dn fold 1: 57/15 pacientes train/validation, 1 de 1 configuracion(es) por evaluar
2026-10-01 12:29:40,546 INFO ICBHI/dn fold 1: config 0 (lr=0.0001, dropout=0.3) epoca 1: train_loss=0.5752 val_loss=0.6481 val_BA=0.739 mejor_epoca=1
2026-10-01 12:29:42,650 INFO ICBHI/dn fold 1: config 0 (lr=0.0001, dropout=0.3) epoca 2: train_loss=0.3154 val_loss=0.1968 val_BA=0.875 mejor_epoca=2
2026-10-01 12:29:44,754 INFO ICBHI/dn fold 1: config 0 (lr=0.0001, dropout=0.3) epoca 3: train_loss=0.2143 val_loss=0.3939 val_BA=0.955 mejor_epoca=3
2026-10-01 12:29:55,282 INFO ICBHI/dn fold 1: config 0 (lr=0.0001, dropout=0.3) epoca 8: train_loss=0.0262 val_loss=0.1977 val_BA=1.000 mejor_epoca=8
2026-10-01 12:29:59,496 INFO ICBHI/dn fold 1: config 0 (lr=0.0001, dropout=0.3) epoca 10: train_loss=0.0141 val_loss=0.0402 val_BA=0.875 mejor_epoca=8
2026-10-01 12:30:14,253 INFO ICBHI/dn fold 1: config 0 (lr=0.0001, dropout=0.3) epoca 17: train_loss=0.0037 val_loss=0.0519 val_BA=1.000 mejor_epoca=17
2026-10-01 12:30:20,583 INFO ICBHI/dn fold 1: config 0 (lr=0.0001, dropout=0.3) epoca 20: train_loss=0.0015 val_loss=0.0536 val_BA=0.875 mejor_epoca=17
2026-10-01 12:30:26,913 INFO ICBHI/dn fold 1: config 0 (lr=0.0001, dropout=0.3) epoca 23: train_loss=0.0028 val_loss=0.0367 val_BA=1.000 mejor_epoca=23
2026-10-01 12:30:29,023 INFO ICBHI/dn fold 1: config 0 (lr=0.0001, dropout=0.3) epoca 24: train_loss=0.0040 val_loss=0.0225 val_BA=1.000 mejor_epoca=24
2026-10-01 12:30:41,677 INFO ICBHI/dn fold 1: config 0 (lr=0.0001, dropout=0.3) epoca 30: train_loss=0.0033 val_loss=0.0674 val_BA=0.750 mejor_epoca=24
2026-10-01 12:31:00,676 INFO ICBHI/dn fold 1 config 0: OK val_BA=1.000 mejor_epoca=24 (1.4 min)
2026-10-01 12:31:01,453 INFO log-mel ICBHI/cv/fold_02/dn: 500/4715
2026-10-01 12:31:02,015 INFO log-mel ICBHI/cv/fold_02/dn: 1000/4715
2026-10-01 12:31:02,576 INFO log-mel ICBHI/cv/fold_02/dn: 1500/4715
2026-10-01 12:31:03,138 INFO log-mel ICBHI/cv/fold_02/dn: 2000/4715
2026-10-01 12:31:03,755 INFO log-mel ICBHI/cv/fold_02/dn: 2500/4715
2026-10-01 12:31:04,317 INFO log-mel ICBHI/cv/fold_02/dn: 3000/4715
2026-10-01 12:31:04,879 INFO log-mel ICBHI/cv/fold_02/dn: 3500/4715
2026-10-01 12:31:05,440 INFO log-mel ICBHI/cv/fold_02/dn: 4000/4715
2026-10-01 12:31:06,002 INFO log-mel ICBHI/cv/fold_02/dn: 4500/4715
2026-10-01 12:31:06,243 INFO log-mel ICBHI/cv/fold_02/dn: 4715/4715
2026-10-01 12:31:06,845 INFO ICBHI/dn fold 2: log-mel dn listo en 6.2 s, forma (4715, 1, 64, 309)
2026-10-01 12:31:06,858 INFO ICBHI/dn fold 2: 58/14 pacientes train/validation, 1 de 1 configuracion(es) por evaluar
2026-10-01 12:31:09,307 INFO ICBHI/dn fold 2: config 0 (lr=0.0001, dropout=0.3) epoca 1: train_loss=0.6315 val_loss=0.5736 val_BA=0.825 mejor_epoca=1
2026-10-01 12:31:11,514 INFO ICBHI/dn fold 2: config 0 (lr=0.0001, dropout=0.3) epoca 2: train_loss=0.3523 val_loss=0.3950 val_BA=0.875 mejor_epoca=2
2026-10-01 12:31:13,723 INFO ICBHI/dn fold 2: config 0 (lr=0.0001, dropout=0.3) epoca 3: train_loss=0.1772 val_loss=0.1692 val_BA=0.875 mejor_epoca=3
2026-10-01 12:31:15,931 INFO ICBHI/dn fold 2: config 0 (lr=0.0001, dropout=0.3) epoca 4: train_loss=0.1124 val_loss=0.0805 val_BA=1.000 mejor_epoca=4
2026-10-01 12:31:24,768 INFO ICBHI/dn fold 2: config 0 (lr=0.0001, dropout=0.3) epoca 8: train_loss=0.0247 val_loss=0.0574 val_BA=1.000 mejor_epoca=8
2026-10-01 12:31:29,186 INFO ICBHI/dn fold 2: config 0 (lr=0.0001, dropout=0.3) epoca 10: train_loss=0.0197 val_loss=0.1061 val_BA=0.750 mejor_epoca=8
2026-10-01 12:31:51,271 INFO ICBHI/dn fold 2: config 0 (lr=0.0001, dropout=0.3) epoca 20: train_loss=0.0114 val_loss=0.0900 val_BA=1.000 mejor_epoca=8
2026-10-01 12:31:57,918 INFO ICBHI/dn fold 2 config 0: OK val_BA=1.000 mejor_epoca=8 (0.9 min)
2026-10-01 12:31:58,702 INFO log-mel ICBHI/cv/fold_03/dn: 500/4715
2026-10-01 12:31:59,264 INFO log-mel ICBHI/cv/fold_03/dn: 1000/4715
2026-10-01 12:31:59,826 INFO log-mel ICBHI/cv/fold_03/dn: 1500/4715
2026-10-01 12:32:00,389 INFO log-mel ICBHI/cv/fold_03/dn: 2000/4715
2026-10-01 12:32:00,951 INFO log-mel ICBHI/cv/fold_03/dn: 2500/4715
2026-10-01 12:32:01,513 INFO log-mel ICBHI/cv/fold_03/dn: 3000/4715
2026-10-01 12:32:02,075 INFO log-mel ICBHI/cv/fold_03/dn: 3500/4715
2026-10-01 12:32:02,637 INFO log-mel ICBHI/cv/fold_03/dn: 4000/4715
2026-10-01 12:32:03,199 INFO log-mel ICBHI/cv/fold_03/dn: 4500/4715
2026-10-01 12:32:03,440 INFO log-mel ICBHI/cv/fold_03/dn: 4715/4715
2026-10-01 12:32:04,061 INFO ICBHI/dn fold 3: log-mel dn listo en 6.1 s, forma (4715, 1, 64, 309)
2026-10-01 12:32:04,074 INFO ICBHI/dn fold 3: 58/14 pacientes train/validation, 1 de 1 configuracion(es) por evaluar
2026-10-01 12:32:06,330 INFO ICBHI/dn fold 3: config 0 (lr=0.0001, dropout=0.3) epoca 1: train_loss=0.5352 val_loss=0.3386 val_BA=0.750 mejor_epoca=1
2026-10-01 12:32:08,404 INFO ICBHI/dn fold 3: config 0 (lr=0.0001, dropout=0.3) epoca 2: train_loss=0.2755 val_loss=0.2186 val_BA=0.750 mejor_epoca=2
2026-10-01 12:32:10,478 INFO ICBHI/dn fold 3: config 0 (lr=0.0001, dropout=0.3) epoca 3: train_loss=0.1783 val_loss=0.1547 val_BA=0.750 mejor_epoca=3
2026-10-01 12:32:12,553 INFO ICBHI/dn fold 3: config 0 (lr=0.0001, dropout=0.3) epoca 4: train_loss=0.0975 val_loss=0.0756 val_BA=0.875 mejor_epoca=4
2026-10-01 12:32:20,856 INFO ICBHI/dn fold 3: config 0 (lr=0.0001, dropout=0.3) epoca 8: train_loss=0.0185 val_loss=0.0606 val_BA=0.875 mejor_epoca=8
2026-10-01 12:32:25,010 INFO ICBHI/dn fold 3: config 0 (lr=0.0001, dropout=0.3) epoca 10: train_loss=0.0137 val_loss=0.0685 val_BA=0.875 mejor_epoca=8
2026-10-01 12:32:29,164 INFO ICBHI/dn fold 3: config 0 (lr=0.0001, dropout=0.3) epoca 12: train_loss=0.0097 val_loss=0.0455 val_BA=0.875 mejor_epoca=12
2026-10-01 12:32:45,775 INFO ICBHI/dn fold 3: config 0 (lr=0.0001, dropout=0.3) epoca 20: train_loss=0.0022 val_loss=0.0698 val_BA=0.875 mejor_epoca=12
2026-10-01 12:33:00,343 INFO ICBHI/dn fold 3 config 0: OK val_BA=0.875 mejor_epoca=12 (0.9 min)
2026-10-01 12:33:01,119 INFO log-mel ICBHI/cv/fold_04/dn: 500/4715
2026-10-01 12:33:01,681 INFO log-mel ICBHI/cv/fold_04/dn: 1000/4715
2026-10-01 12:33:02,242 INFO log-mel ICBHI/cv/fold_04/dn: 1500/4715
2026-10-01 12:33:02,805 INFO log-mel ICBHI/cv/fold_04/dn: 2000/4715
2026-10-01 12:33:03,367 INFO log-mel ICBHI/cv/fold_04/dn: 2500/4715
2026-10-01 12:33:03,980 INFO log-mel ICBHI/cv/fold_04/dn: 3000/4715
2026-10-01 12:33:04,544 INFO log-mel ICBHI/cv/fold_04/dn: 3500/4715
2026-10-01 12:33:05,108 INFO log-mel ICBHI/cv/fold_04/dn: 4000/4715
2026-10-01 12:33:05,673 INFO log-mel ICBHI/cv/fold_04/dn: 4500/4715
2026-10-01 12:33:05,915 INFO log-mel ICBHI/cv/fold_04/dn: 4715/4715
2026-10-01 12:33:06,516 INFO ICBHI/dn fold 4: log-mel dn listo en 6.2 s, forma (4715, 1, 64, 309)
2026-10-01 12:33:06,529 INFO ICBHI/dn fold 4: 58/14 pacientes train/validation, 1 de 1 configuracion(es) por evaluar
2026-10-01 12:33:08,643 INFO ICBHI/dn fold 4: config 0 (lr=0.0001, dropout=0.3) epoca 1: train_loss=0.5131 val_loss=0.5310 val_BA=1.000 mejor_epoca=1
2026-10-01 12:33:15,041 INFO ICBHI/dn fold 4: config 0 (lr=0.0001, dropout=0.3) epoca 4: train_loss=0.1338 val_loss=0.1923 val_BA=1.000 mejor_epoca=4
2026-10-01 12:33:19,103 INFO ICBHI/dn fold 4: config 0 (lr=0.0001, dropout=0.3) epoca 6: train_loss=0.0696 val_loss=0.0686 val_BA=1.000 mejor_epoca=6
2026-10-01 12:33:27,011 INFO ICBHI/dn fold 4: config 0 (lr=0.0001, dropout=0.3) epoca 10: train_loss=0.0138 val_loss=0.1156 val_BA=1.000 mejor_epoca=6
2026-10-01 12:33:30,838 INFO ICBHI/dn fold 4: config 0 (lr=0.0001, dropout=0.3) epoca 12: train_loss=0.0084 val_loss=0.0380 val_BA=1.000 mejor_epoca=12
2026-10-01 12:33:34,681 INFO ICBHI/dn fold 4: config 0 (lr=0.0001, dropout=0.3) epoca 14: train_loss=0.0071 val_loss=0.0288 val_BA=1.000 mejor_epoca=14
2026-10-01 12:33:40,455 INFO ICBHI/dn fold 4: config 0 (lr=0.0001, dropout=0.3) epoca 17: train_loss=0.0031 val_loss=0.0280 val_BA=1.000 mejor_epoca=17
2026-10-01 12:33:46,227 INFO ICBHI/dn fold 4: config 0 (lr=0.0001, dropout=0.3) epoca 20: train_loss=0.0090 val_loss=0.0388 val_BA=0.875 mejor_epoca=17
2026-10-01 12:33:50,076 INFO ICBHI/dn fold 4: config 0 (lr=0.0001, dropout=0.3) epoca 22: train_loss=0.0069 val_loss=0.0210 val_BA=1.000 mejor_epoca=22
2026-10-01 12:34:05,469 INFO ICBHI/dn fold 4: config 0 (lr=0.0001, dropout=0.3) epoca 30: train_loss=0.0031 val_loss=0.0749 val_BA=0.875 mejor_epoca=22
2026-10-01 12:34:18,960 INFO ICBHI/dn fold 4 config 0: OK val_BA=1.000 mejor_epoca=22 (1.2 min)
2026-10-01 12:34:19,949 INFO seed_20261103: preparando crnn_dn con configuracion congelada 8
2026-10-01 12:34:20,400 INFO ICBHI/dn fold 0: log-mel dn listo en 0.4 s, forma (4715, 1, 64, 309)
2026-10-01 12:34:20,412 INFO ICBHI/dn fold 0: 57/15 pacientes train/validation, 1 de 1 configuracion(es) por evaluar
2026-10-01 12:34:22,575 INFO ICBHI/dn fold 0: config 8 (lr=0.0003, dropout=0.3) epoca 1: train_loss=0.4360 val_loss=0.1734 val_BA=0.500 mejor_epoca=1
2026-10-01 12:34:24,536 INFO ICBHI/dn fold 0: config 8 (lr=0.0003, dropout=0.3) epoca 2: train_loss=0.2031 val_loss=0.1827 val_BA=0.750 mejor_epoca=2
2026-10-01 12:34:26,493 INFO ICBHI/dn fold 0: config 8 (lr=0.0003, dropout=0.3) epoca 3: train_loss=0.0766 val_loss=0.1245 val_BA=0.950 mejor_epoca=3
2026-10-01 12:34:40,217 INFO ICBHI/dn fold 0: config 8 (lr=0.0003, dropout=0.3) epoca 10: train_loss=0.0505 val_loss=0.1761 val_BA=0.750 mejor_epoca=3
2026-10-01 12:34:59,772 INFO ICBHI/dn fold 0: config 8 (lr=0.0003, dropout=0.3) epoca 20: train_loss=0.0012 val_loss=0.2120 val_BA=0.750 mejor_epoca=3
2026-10-01 12:34:59,793 INFO ICBHI/dn fold 0 config 8: OK val_BA=0.950 mejor_epoca=3 (0.7 min)
2026-10-01 12:35:00,241 INFO ICBHI/dn fold 1: log-mel dn listo en 0.4 s, forma (4715, 1, 64, 309)
2026-10-01 12:35:00,253 INFO ICBHI/dn fold 1: 57/15 pacientes train/validation, 1 de 1 configuracion(es) por evaluar
2026-10-01 12:35:02,500 INFO ICBHI/dn fold 1: config 8 (lr=0.0003, dropout=0.3) epoca 1: train_loss=0.3990 val_loss=0.2700 val_BA=0.500 mejor_epoca=1
2026-10-01 12:35:04,526 INFO ICBHI/dn fold 1: config 8 (lr=0.0003, dropout=0.3) epoca 2: train_loss=0.2362 val_loss=0.1929 val_BA=1.000 mejor_epoca=2
2026-10-01 12:35:08,575 INFO ICBHI/dn fold 1: config 8 (lr=0.0003, dropout=0.3) epoca 4: train_loss=0.0584 val_loss=0.0924 val_BA=1.000 mejor_epoca=4
2026-10-01 12:35:10,604 INFO ICBHI/dn fold 1: config 8 (lr=0.0003, dropout=0.3) epoca 5: train_loss=0.0392 val_loss=0.0774 val_BA=1.000 mejor_epoca=5
2026-10-01 12:35:20,721 INFO ICBHI/dn fold 1: config 8 (lr=0.0003, dropout=0.3) epoca 10: train_loss=0.0678 val_loss=0.0580 val_BA=0.875 mejor_epoca=5
2026-10-01 12:35:40,907 INFO ICBHI/dn fold 1: config 8 (lr=0.0003, dropout=0.3) epoca 20: train_loss=0.0011 val_loss=0.0844 val_BA=0.750 mejor_epoca=5
2026-10-01 12:35:40,928 INFO ICBHI/dn fold 1 config 8: OK val_BA=1.000 mejor_epoca=5 (0.7 min)
2026-10-01 12:35:41,379 INFO ICBHI/dn fold 2: log-mel dn listo en 0.4 s, forma (4715, 1, 64, 309)
2026-10-01 12:35:41,391 INFO ICBHI/dn fold 2: 58/14 pacientes train/validation, 1 de 1 configuracion(es) por evaluar
2026-10-01 12:35:43,720 INFO ICBHI/dn fold 2: config 8 (lr=0.0003, dropout=0.3) epoca 1: train_loss=0.5037 val_loss=0.4553 val_BA=0.950 mejor_epoca=1
2026-10-01 12:35:47,952 INFO ICBHI/dn fold 2: config 8 (lr=0.0003, dropout=0.3) epoca 3: train_loss=0.1186 val_loss=0.2342 val_BA=1.000 mejor_epoca=3
2026-10-01 12:35:52,185 INFO ICBHI/dn fold 2: config 8 (lr=0.0003, dropout=0.3) epoca 5: train_loss=0.0943 val_loss=0.0923 val_BA=1.000 mejor_epoca=5
2026-10-01 12:35:56,407 INFO ICBHI/dn fold 2: config 8 (lr=0.0003, dropout=0.3) epoca 7: train_loss=0.0143 val_loss=0.0520 val_BA=1.000 mejor_epoca=7
2026-10-01 12:36:02,737 INFO ICBHI/dn fold 2: config 8 (lr=0.0003, dropout=0.3) epoca 10: train_loss=0.0053 val_loss=0.1016 val_BA=1.000 mejor_epoca=7
2026-10-01 12:36:23,820 INFO ICBHI/dn fold 2: config 8 (lr=0.0003, dropout=0.3) epoca 20: train_loss=0.0119 val_loss=0.1691 val_BA=0.875 mejor_epoca=7
2026-10-01 12:36:28,050 INFO ICBHI/dn fold 2 config 8: OK val_BA=1.000 mejor_epoca=7 (0.8 min)
2026-10-01 12:36:28,499 INFO ICBHI/dn fold 3: log-mel dn listo en 0.4 s, forma (4715, 1, 64, 309)
2026-10-01 12:36:28,511 INFO ICBHI/dn fold 3: 58/14 pacientes train/validation, 1 de 1 configuracion(es) por evaluar
2026-10-01 12:36:30,725 INFO ICBHI/dn fold 3: config 8 (lr=0.0003, dropout=0.3) epoca 1: train_loss=0.3885 val_loss=0.2823 val_BA=0.875 mejor_epoca=1
2026-10-01 12:36:36,727 INFO ICBHI/dn fold 3: config 8 (lr=0.0003, dropout=0.3) epoca 4: train_loss=0.0442 val_loss=0.0864 val_BA=0.875 mejor_epoca=4
2026-10-01 12:36:42,734 INFO ICBHI/dn fold 3: config 8 (lr=0.0003, dropout=0.3) epoca 7: train_loss=0.0325 val_loss=0.1689 val_BA=1.000 mejor_epoca=7
2026-10-01 12:36:48,725 INFO ICBHI/dn fold 3: config 8 (lr=0.0003, dropout=0.3) epoca 10: train_loss=0.0237 val_loss=0.1342 val_BA=0.750 mejor_epoca=7
2026-10-01 12:37:08,686 INFO ICBHI/dn fold 3: config 8 (lr=0.0003, dropout=0.3) epoca 20: train_loss=0.0094 val_loss=0.1092 val_BA=0.750 mejor_epoca=7
2026-10-01 12:37:12,697 INFO ICBHI/dn fold 3 config 8: OK val_BA=1.000 mejor_epoca=7 (0.7 min)
2026-10-01 12:37:13,145 INFO ICBHI/dn fold 4: log-mel dn listo en 0.4 s, forma (4715, 1, 64, 309)
2026-10-01 12:37:13,157 INFO ICBHI/dn fold 4: 58/14 pacientes train/validation, 1 de 1 configuracion(es) por evaluar
2026-10-01 12:37:15,187 INFO ICBHI/dn fold 4: config 8 (lr=0.0003, dropout=0.3) epoca 1: train_loss=0.4146 val_loss=0.5213 val_BA=0.875 mejor_epoca=1
2026-10-01 12:37:20,743 INFO ICBHI/dn fold 4: config 8 (lr=0.0003, dropout=0.3) epoca 4: train_loss=0.0816 val_loss=0.1265 val_BA=0.875 mejor_epoca=4
2026-10-01 12:37:28,150 INFO ICBHI/dn fold 4: config 8 (lr=0.0003, dropout=0.3) epoca 8: train_loss=0.0142 val_loss=0.0654 val_BA=0.875 mejor_epoca=8
2026-10-01 12:37:30,003 INFO ICBHI/dn fold 4: config 8 (lr=0.0003, dropout=0.3) epoca 9: train_loss=0.0170 val_loss=0.0580 val_BA=0.875 mejor_epoca=9
2026-10-01 12:37:31,856 INFO ICBHI/dn fold 4: config 8 (lr=0.0003, dropout=0.3) epoca 10: train_loss=0.0227 val_loss=0.0812 val_BA=0.875 mejor_epoca=9
2026-10-01 12:37:37,401 INFO ICBHI/dn fold 4: config 8 (lr=0.0003, dropout=0.3) epoca 13: train_loss=0.0258 val_loss=0.1045 val_BA=1.000 mejor_epoca=13
2026-10-01 12:37:50,346 INFO ICBHI/dn fold 4: config 8 (lr=0.0003, dropout=0.3) epoca 20: train_loss=0.0349 val_loss=0.1145 val_BA=0.875 mejor_epoca=13
2026-10-01 12:38:05,150 INFO ICBHI/dn fold 4 config 8: OK val_BA=1.000 mejor_epoca=13 (0.9 min)
2026-10-01 12:38:06,155 INFO seed_20261103: preparando crnn_no_dn_aug con configuracion congelada 5
2026-10-01 12:38:06,603 INFO ICBHI/no_dn_aug fold 0: log-mel no_dn listo en 0.4 s, forma (4715, 1, 64, 309)
2026-10-01 12:38:06,615 INFO ICBHI/no_dn_aug fold 0: 57/15 pacientes train/validation, 1 de 1 configuracion(es) por evaluar
2026-10-01 12:38:08,813 INFO ICBHI/no_dn_aug fold 0: config 5 (lr=0.0001, dropout=0.4) epoca 1: train_loss=0.4519 val_loss=0.5028 val_BA=0.900 mejor_epoca=1
2026-10-01 12:38:10,821 INFO ICBHI/no_dn_aug fold 0: config 5 (lr=0.0001, dropout=0.4) epoca 2: train_loss=0.2205 val_loss=0.3251 val_BA=1.000 mejor_epoca=2
2026-10-01 12:38:26,882 INFO ICBHI/no_dn_aug fold 0: config 5 (lr=0.0001, dropout=0.4) epoca 10: train_loss=0.0351 val_loss=0.4028 val_BA=0.950 mejor_epoca=2
2026-10-01 12:38:46,945 INFO ICBHI/no_dn_aug fold 0: config 5 (lr=0.0001, dropout=0.4) epoca 20: train_loss=0.0117 val_loss=0.1890 val_BA=0.850 mejor_epoca=2
2026-10-01 12:38:46,966 INFO ICBHI/no_dn_aug fold 0 config 5: OK val_BA=1.000 mejor_epoca=2 (0.7 min)
2026-10-01 12:38:47,414 INFO ICBHI/no_dn_aug fold 1: log-mel no_dn listo en 0.4 s, forma (4715, 1, 64, 309)
2026-10-01 12:38:47,426 INFO ICBHI/no_dn_aug fold 1: 57/15 pacientes train/validation, 1 de 1 configuracion(es) por evaluar
2026-10-01 12:38:49,671 INFO ICBHI/no_dn_aug fold 1: config 5 (lr=0.0001, dropout=0.4) epoca 1: train_loss=0.5135 val_loss=0.7444 val_BA=0.818 mejor_epoca=1
2026-10-01 12:38:51,742 INFO ICBHI/no_dn_aug fold 1: config 5 (lr=0.0001, dropout=0.4) epoca 2: train_loss=0.2983 val_loss=0.4657 val_BA=1.000 mejor_epoca=2
2026-10-01 12:38:53,811 INFO ICBHI/no_dn_aug fold 1: config 5 (lr=0.0001, dropout=0.4) epoca 3: train_loss=0.1792 val_loss=0.3942 val_BA=1.000 mejor_epoca=3
2026-10-01 12:38:57,951 INFO ICBHI/no_dn_aug fold 1: config 5 (lr=0.0001, dropout=0.4) epoca 5: train_loss=0.0883 val_loss=0.1299 val_BA=1.000 mejor_epoca=5
2026-10-01 12:39:06,234 INFO ICBHI/no_dn_aug fold 1: config 5 (lr=0.0001, dropout=0.4) epoca 9: train_loss=0.0424 val_loss=0.0792 val_BA=1.000 mejor_epoca=9
2026-10-01 12:39:08,303 INFO ICBHI/no_dn_aug fold 1: config 5 (lr=0.0001, dropout=0.4) epoca 10: train_loss=0.0379 val_loss=0.1454 val_BA=0.875 mejor_epoca=9
2026-10-01 12:39:26,909 INFO ICBHI/no_dn_aug fold 1: config 5 (lr=0.0001, dropout=0.4) epoca 19: train_loss=0.0334 val_loss=0.0469 val_BA=1.000 mejor_epoca=19
2026-10-01 12:39:28,975 INFO ICBHI/no_dn_aug fold 1: config 5 (lr=0.0001, dropout=0.4) epoca 20: train_loss=0.0155 val_loss=0.0328 val_BA=1.000 mejor_epoca=20
2026-10-01 12:39:49,627 INFO ICBHI/no_dn_aug fold 1: config 5 (lr=0.0001, dropout=0.4) epoca 30: train_loss=0.0140 val_loss=0.1059 val_BA=0.750 mejor_epoca=20
2026-10-01 12:40:00,133 INFO ICBHI/no_dn_aug fold 1 config 5: OK val_BA=1.000 mejor_epoca=20 (1.2 min)
2026-10-01 12:40:00,582 INFO ICBHI/no_dn_aug fold 2: log-mel no_dn listo en 0.4 s, forma (4715, 1, 64, 309)
2026-10-01 12:40:00,594 INFO ICBHI/no_dn_aug fold 2: 58/14 pacientes train/validation, 1 de 1 configuracion(es) por evaluar
2026-10-01 12:40:02,964 INFO ICBHI/no_dn_aug fold 2: config 5 (lr=0.0001, dropout=0.4) epoca 1: train_loss=0.5478 val_loss=0.7953 val_BA=0.800 mejor_epoca=1
2026-10-01 12:40:05,131 INFO ICBHI/no_dn_aug fold 2: config 5 (lr=0.0001, dropout=0.4) epoca 2: train_loss=0.3146 val_loss=0.5596 val_BA=0.900 mejor_epoca=2
2026-10-01 12:40:07,294 INFO ICBHI/no_dn_aug fold 2: config 5 (lr=0.0001, dropout=0.4) epoca 3: train_loss=0.2253 val_loss=0.2826 val_BA=1.000 mejor_epoca=3
2026-10-01 12:40:13,790 INFO ICBHI/no_dn_aug fold 2: config 5 (lr=0.0001, dropout=0.4) epoca 6: train_loss=0.0819 val_loss=0.2302 val_BA=1.000 mejor_epoca=6
2026-10-01 12:40:15,955 INFO ICBHI/no_dn_aug fold 2: config 5 (lr=0.0001, dropout=0.4) epoca 7: train_loss=0.0917 val_loss=0.1820 val_BA=1.000 mejor_epoca=7
2026-10-01 12:40:20,285 INFO ICBHI/no_dn_aug fold 2: config 5 (lr=0.0001, dropout=0.4) epoca 9: train_loss=0.0549 val_loss=0.1449 val_BA=1.000 mejor_epoca=9
2026-10-01 12:40:22,448 INFO ICBHI/no_dn_aug fold 2: config 5 (lr=0.0001, dropout=0.4) epoca 10: train_loss=0.0294 val_loss=0.1284 val_BA=1.000 mejor_epoca=10
2026-10-01 12:40:33,268 INFO ICBHI/no_dn_aug fold 2: config 5 (lr=0.0001, dropout=0.4) epoca 15: train_loss=0.0390 val_loss=0.1272 val_BA=1.000 mejor_epoca=15
2026-10-01 12:40:35,432 INFO ICBHI/no_dn_aug fold 2: config 5 (lr=0.0001, dropout=0.4) epoca 16: train_loss=0.0449 val_loss=0.1091 val_BA=1.000 mejor_epoca=16
2026-10-01 12:40:37,592 INFO ICBHI/no_dn_aug fold 2: config 5 (lr=0.0001, dropout=0.4) epoca 17: train_loss=0.0120 val_loss=0.0643 val_BA=1.000 mejor_epoca=17
2026-10-01 12:40:44,079 INFO ICBHI/no_dn_aug fold 2: config 5 (lr=0.0001, dropout=0.4) epoca 20: train_loss=0.0137 val_loss=0.1494 val_BA=0.875 mejor_epoca=17
2026-10-01 12:41:05,676 INFO ICBHI/no_dn_aug fold 2: config 5 (lr=0.0001, dropout=0.4) epoca 30: train_loss=0.0177 val_loss=0.1301 val_BA=1.000 mejor_epoca=17
2026-10-01 12:41:10,016 INFO ICBHI/no_dn_aug fold 2 config 5: OK val_BA=1.000 mejor_epoca=17 (1.2 min)
2026-10-01 12:41:10,465 INFO ICBHI/no_dn_aug fold 3: log-mel no_dn listo en 0.4 s, forma (4715, 1, 64, 309)
2026-10-01 12:41:10,478 INFO ICBHI/no_dn_aug fold 3: 58/14 pacientes train/validation, 1 de 1 configuracion(es) por evaluar
2026-10-01 12:41:12,715 INFO ICBHI/no_dn_aug fold 3: config 5 (lr=0.0001, dropout=0.4) epoca 1: train_loss=0.4526 val_loss=0.2315 val_BA=0.625 mejor_epoca=1
2026-10-01 12:41:14,764 INFO ICBHI/no_dn_aug fold 3: config 5 (lr=0.0001, dropout=0.4) epoca 2: train_loss=0.1886 val_loss=0.3595 val_BA=0.875 mejor_epoca=2
2026-10-01 12:41:16,805 INFO ICBHI/no_dn_aug fold 3: config 5 (lr=0.0001, dropout=0.4) epoca 3: train_loss=0.1170 val_loss=0.3596 val_BA=1.000 mejor_epoca=3
2026-10-01 12:41:22,951 INFO ICBHI/no_dn_aug fold 3: config 5 (lr=0.0001, dropout=0.4) epoca 6: train_loss=0.0583 val_loss=0.1625 val_BA=1.000 mejor_epoca=6
2026-10-01 12:41:31,141 INFO ICBHI/no_dn_aug fold 3: config 5 (lr=0.0001, dropout=0.4) epoca 10: train_loss=0.0242 val_loss=0.1284 val_BA=1.000 mejor_epoca=10
2026-10-01 12:41:51,621 INFO ICBHI/no_dn_aug fold 3: config 5 (lr=0.0001, dropout=0.4) epoca 20: train_loss=0.0090 val_loss=0.1284 val_BA=0.750 mejor_epoca=10
2026-10-01 12:42:01,875 INFO ICBHI/no_dn_aug fold 3 config 5: OK val_BA=1.000 mejor_epoca=10 (0.9 min)
2026-10-01 12:42:02,326 INFO ICBHI/no_dn_aug fold 4: log-mel no_dn listo en 0.4 s, forma (4715, 1, 64, 309)
2026-10-01 12:42:02,338 INFO ICBHI/no_dn_aug fold 4: 58/14 pacientes train/validation, 1 de 1 configuracion(es) por evaluar
2026-10-01 12:42:04,405 INFO ICBHI/no_dn_aug fold 4: config 5 (lr=0.0001, dropout=0.4) epoca 1: train_loss=0.5199 val_loss=0.5548 val_BA=1.000 mejor_epoca=1
2026-10-01 12:42:08,195 INFO ICBHI/no_dn_aug fold 4: config 5 (lr=0.0001, dropout=0.4) epoca 3: train_loss=0.1873 val_loss=0.2510 val_BA=1.000 mejor_epoca=3
2026-10-01 12:42:19,564 INFO ICBHI/no_dn_aug fold 4: config 5 (lr=0.0001, dropout=0.4) epoca 9: train_loss=0.0683 val_loss=0.2392 val_BA=1.000 mejor_epoca=9
2026-10-01 12:42:21,459 INFO ICBHI/no_dn_aug fold 4: config 5 (lr=0.0001, dropout=0.4) epoca 10: train_loss=0.0427 val_loss=0.1166 val_BA=0.875 mejor_epoca=9
2026-10-01 12:42:40,391 INFO ICBHI/no_dn_aug fold 4: config 5 (lr=0.0001, dropout=0.4) epoca 20: train_loss=0.0092 val_loss=0.1099 val_BA=0.875 mejor_epoca=9
2026-10-01 12:42:47,991 INFO ICBHI/no_dn_aug fold 4 config 5: OK val_BA=1.000 mejor_epoca=9 (0.8 min)
2026-10-01 12:42:49,433 INFO ICBHI/permuted_labels fold 0: log-mel no_dn listo en 0.4 s, forma (4715, 1, 64, 309)
2026-10-01 12:42:49,447 INFO ICBHI/permuted_labels fold 0: 57/15 pacientes train/validation, 1 de 1 configuracion(es) por evaluar
2026-10-01 12:42:51,364 INFO ICBHI/permuted_labels fold 0: config 1 (lr=0.0001, dropout=0.3) epoca 1: train_loss=0.6121 val_loss=0.6456 val_BA=0.650 mejor_epoca=1
2026-10-01 12:42:53,092 INFO ICBHI/permuted_labels fold 0: config 1 (lr=0.0001, dropout=0.3) epoca 2: train_loss=0.4952 val_loss=0.6986 val_BA=0.650 mejor_epoca=2
2026-10-01 12:43:06,914 INFO ICBHI/permuted_labels fold 0: config 1 (lr=0.0001, dropout=0.3) epoca 10: train_loss=0.0686 val_loss=0.7461 val_BA=0.550 mejor_epoca=2
2026-10-01 12:43:24,195 INFO ICBHI/permuted_labels fold 0: config 1 (lr=0.0001, dropout=0.3) epoca 20: train_loss=0.0111 val_loss=0.9516 val_BA=0.500 mejor_epoca=2
2026-10-01 12:43:24,215 INFO ICBHI/permuted_labels fold 0 config 1: OK val_BA=0.650 mejor_epoca=2 (0.6 min)
2026-10-01 12:43:24,663 INFO ICBHI/permuted_labels fold 1: log-mel no_dn listo en 0.4 s, forma (4715, 1, 64, 309)
2026-10-01 12:43:24,677 INFO ICBHI/permuted_labels fold 1: 57/15 pacientes train/validation, 1 de 1 configuracion(es) por evaluar
2026-10-01 12:43:26,656 INFO ICBHI/permuted_labels fold 1: config 1 (lr=0.0001, dropout=0.3) epoca 1: train_loss=0.5968 val_loss=0.7195 val_BA=0.568 mejor_epoca=1
2026-10-01 12:43:28,436 INFO ICBHI/permuted_labels fold 1: config 1 (lr=0.0001, dropout=0.3) epoca 2: train_loss=0.4585 val_loss=0.6395 val_BA=0.705 mejor_epoca=2
2026-10-01 12:43:42,674 INFO ICBHI/permuted_labels fold 1: config 1 (lr=0.0001, dropout=0.3) epoca 10: train_loss=0.0425 val_loss=2.5675 val_BA=0.591 mejor_epoca=2
2026-10-01 12:44:00,464 INFO ICBHI/permuted_labels fold 1: config 1 (lr=0.0001, dropout=0.3) epoca 20: train_loss=0.0058 val_loss=0.9586 val_BA=0.500 mejor_epoca=2
2026-10-01 12:44:00,484 INFO ICBHI/permuted_labels fold 1 config 1: OK val_BA=0.705 mejor_epoca=2 (0.6 min)
2026-10-01 12:44:00,932 INFO ICBHI/permuted_labels fold 2: log-mel no_dn listo en 0.4 s, forma (4715, 1, 64, 309)
2026-10-01 12:44:00,946 INFO ICBHI/permuted_labels fold 2: 58/14 pacientes train/validation, 1 de 1 configuracion(es) por evaluar
2026-10-01 12:44:03,001 INFO ICBHI/permuted_labels fold 2: config 1 (lr=0.0001, dropout=0.3) epoca 1: train_loss=0.6270 val_loss=0.5823 val_BA=0.625 mejor_epoca=1
2026-10-01 12:44:15,972 INFO ICBHI/permuted_labels fold 2: config 1 (lr=0.0001, dropout=0.3) epoca 8: train_loss=0.0828 val_loss=1.2934 val_BA=0.650 mejor_epoca=8
2026-10-01 12:44:19,678 INFO ICBHI/permuted_labels fold 2: config 1 (lr=0.0001, dropout=0.3) epoca 10: train_loss=0.0539 val_loss=0.6908 val_BA=0.500 mejor_epoca=8
2026-10-01 12:44:23,385 INFO ICBHI/permuted_labels fold 2: config 1 (lr=0.0001, dropout=0.3) epoca 12: train_loss=0.0288 val_loss=0.8476 val_BA=0.750 mejor_epoca=12
2026-10-01 12:44:38,204 INFO ICBHI/permuted_labels fold 2: config 1 (lr=0.0001, dropout=0.3) epoca 20: train_loss=0.0076 val_loss=0.8135 val_BA=0.500 mejor_epoca=12
2026-10-01 12:44:51,179 INFO ICBHI/permuted_labels fold 2 config 1: OK val_BA=0.750 mejor_epoca=12 (0.8 min)
2026-10-01 12:44:51,626 INFO ICBHI/permuted_labels fold 3: log-mel no_dn listo en 0.4 s, forma (4715, 1, 64, 309)
2026-10-01 12:44:51,640 INFO ICBHI/permuted_labels fold 3: 58/14 pacientes train/validation, 1 de 1 configuracion(es) por evaluar
2026-10-01 12:44:53,602 INFO ICBHI/permuted_labels fold 3: config 1 (lr=0.0001, dropout=0.3) epoca 1: train_loss=0.6469 val_loss=0.5821 val_BA=0.833 mejor_epoca=1
2026-10-01 12:44:55,359 INFO ICBHI/permuted_labels fold 3: config 1 (lr=0.0001, dropout=0.3) epoca 2: train_loss=0.5455 val_loss=0.5430 val_BA=0.833 mejor_epoca=2
2026-10-01 12:45:07,663 INFO ICBHI/permuted_labels fold 3: config 1 (lr=0.0001, dropout=0.3) epoca 9: train_loss=0.0958 val_loss=0.5413 val_BA=1.000 mejor_epoca=9
2026-10-01 12:45:09,422 INFO ICBHI/permuted_labels fold 3: config 1 (lr=0.0001, dropout=0.3) epoca 10: train_loss=0.0746 val_loss=0.6608 val_BA=0.909 mejor_epoca=9
2026-10-01 12:45:26,996 INFO ICBHI/permuted_labels fold 3: config 1 (lr=0.0001, dropout=0.3) epoca 20: train_loss=0.0090 val_loss=0.2173 val_BA=0.667 mejor_epoca=9
2026-10-01 12:45:34,038 INFO ICBHI/permuted_labels fold 3 config 1: OK val_BA=1.000 mejor_epoca=9 (0.7 min)
2026-10-01 12:45:34,489 INFO ICBHI/permuted_labels fold 4: log-mel no_dn listo en 0.4 s, forma (4715, 1, 64, 309)
2026-10-01 12:45:34,503 INFO ICBHI/permuted_labels fold 4: 58/14 pacientes train/validation, 1 de 1 configuracion(es) por evaluar
2026-10-01 12:45:36,310 INFO ICBHI/permuted_labels fold 4: config 1 (lr=0.0001, dropout=0.3) epoca 1: train_loss=0.6340 val_loss=0.6661 val_BA=0.433 mejor_epoca=1
2026-10-01 12:45:37,945 INFO ICBHI/permuted_labels fold 4: config 1 (lr=0.0001, dropout=0.3) epoca 2: train_loss=0.5280 val_loss=0.4599 val_BA=0.600 mejor_epoca=2
2026-10-01 12:45:39,580 INFO ICBHI/permuted_labels fold 4: config 1 (lr=0.0001, dropout=0.3) epoca 3: train_loss=0.3904 val_loss=0.6198 val_BA=0.789 mejor_epoca=3
2026-10-01 12:45:51,028 INFO ICBHI/permuted_labels fold 4: config 1 (lr=0.0001, dropout=0.3) epoca 10: train_loss=0.0718 val_loss=0.8105 val_BA=0.633 mejor_epoca=3
2026-10-01 12:46:07,377 INFO ICBHI/permuted_labels fold 4: config 1 (lr=0.0001, dropout=0.3) epoca 20: train_loss=0.0077 val_loss=1.0022 val_BA=0.633 mejor_epoca=3
2026-10-01 12:46:07,399 INFO ICBHI/permuted_labels fold 4 config 1: OK val_BA=0.789 mejor_epoca=3 (0.5 min)
2026-10-01 12:46:08,829 INFO seed_20261119: preparando cnn_no_dn con configuracion congelada 1
2026-10-01 12:46:09,611 INFO log-mel ICBHI/cv/fold_00/no_dn: 500/4715
2026-10-01 12:46:10,180 INFO log-mel ICBHI/cv/fold_00/no_dn: 1000/4715
2026-10-01 12:46:10,748 INFO log-mel ICBHI/cv/fold_00/no_dn: 1500/4715
2026-10-01 12:46:11,316 INFO log-mel ICBHI/cv/fold_00/no_dn: 2000/4715
2026-10-01 12:46:11,884 INFO log-mel ICBHI/cv/fold_00/no_dn: 2500/4715
2026-10-01 12:46:12,490 INFO log-mel ICBHI/cv/fold_00/no_dn: 3000/4715
2026-10-01 12:46:13,073 INFO log-mel ICBHI/cv/fold_00/no_dn: 3500/4715
2026-10-01 12:46:13,641 INFO log-mel ICBHI/cv/fold_00/no_dn: 4000/4715
2026-10-01 12:46:14,208 INFO log-mel ICBHI/cv/fold_00/no_dn: 4500/4715
2026-10-01 12:46:14,452 INFO log-mel ICBHI/cv/fold_00/no_dn: 4715/4715
2026-10-01 12:46:15,049 INFO ICBHI/no_dn fold 0: log-mel no_dn listo en 6.2 s, forma (4715, 1, 64, 309)
2026-10-01 12:46:15,062 INFO ICBHI/no_dn fold 0: 57/15 pacientes train/validation, 1 de 1 configuracion(es) por evaluar
2026-10-01 12:46:17,018 INFO ICBHI/no_dn fold 0: config 1 (lr=0.0001, dropout=0.3) epoca 1: train_loss=0.5555 val_loss=0.5887 val_BA=0.950 mejor_epoca=1
2026-10-01 12:46:20,476 INFO ICBHI/no_dn fold 0: config 1 (lr=0.0001, dropout=0.3) epoca 3: train_loss=0.2378 val_loss=0.4712 val_BA=0.950 mejor_epoca=3
2026-10-01 12:46:22,208 INFO ICBHI/no_dn fold 0: config 1 (lr=0.0001, dropout=0.3) epoca 4: train_loss=0.1680 val_loss=0.4782 val_BA=1.000 mejor_epoca=4
2026-10-01 12:46:25,673 INFO ICBHI/no_dn fold 0: config 1 (lr=0.0001, dropout=0.3) epoca 6: train_loss=0.0890 val_loss=0.2775 val_BA=1.000 mejor_epoca=6
2026-10-01 12:46:30,872 INFO ICBHI/no_dn fold 0: config 1 (lr=0.0001, dropout=0.3) epoca 9: train_loss=0.0400 val_loss=0.2614 val_BA=1.000 mejor_epoca=9
2026-10-01 12:46:32,606 INFO ICBHI/no_dn fold 0: config 1 (lr=0.0001, dropout=0.3) epoca 10: train_loss=0.0340 val_loss=0.6310 val_BA=0.950 mejor_epoca=9
2026-10-01 12:46:39,537 INFO ICBHI/no_dn fold 0: config 1 (lr=0.0001, dropout=0.3) epoca 14: train_loss=0.0189 val_loss=0.1987 val_BA=1.000 mejor_epoca=14
2026-10-01 12:46:49,935 INFO ICBHI/no_dn fold 0: config 1 (lr=0.0001, dropout=0.3) epoca 20: train_loss=0.0087 val_loss=0.1365 val_BA=0.800 mejor_epoca=14
2026-10-01 12:47:05,564 INFO ICBHI/no_dn fold 0 config 1: OK val_BA=1.000 mejor_epoca=14 (0.8 min)
2026-10-01 12:47:06,345 INFO log-mel ICBHI/cv/fold_01/no_dn: 500/4715
2026-10-01 12:47:06,911 INFO log-mel ICBHI/cv/fold_01/no_dn: 1000/4715
2026-10-01 12:47:07,477 INFO log-mel ICBHI/cv/fold_01/no_dn: 1500/4715
2026-10-01 12:47:08,044 INFO log-mel ICBHI/cv/fold_01/no_dn: 2000/4715
2026-10-01 12:47:08,610 INFO log-mel ICBHI/cv/fold_01/no_dn: 2500/4715
2026-10-01 12:47:09,177 INFO log-mel ICBHI/cv/fold_01/no_dn: 3000/4715
2026-10-01 12:47:09,744 INFO log-mel ICBHI/cv/fold_01/no_dn: 3500/4715
2026-10-01 12:47:10,311 INFO log-mel ICBHI/cv/fold_01/no_dn: 4000/4715
2026-10-01 12:47:10,941 INFO log-mel ICBHI/cv/fold_01/no_dn: 4500/4715
2026-10-01 12:47:11,185 INFO log-mel ICBHI/cv/fold_01/no_dn: 4715/4715
2026-10-01 12:47:11,792 INFO ICBHI/no_dn fold 1: log-mel no_dn listo en 6.2 s, forma (4715, 1, 64, 309)
2026-10-01 12:47:11,805 INFO ICBHI/no_dn fold 1: 57/15 pacientes train/validation, 1 de 1 configuracion(es) por evaluar
2026-10-01 12:47:13,828 INFO ICBHI/no_dn fold 1: config 1 (lr=0.0001, dropout=0.3) epoca 1: train_loss=0.5360 val_loss=0.2707 val_BA=0.500 mejor_epoca=1
2026-10-01 12:47:15,620 INFO ICBHI/no_dn fold 1: config 1 (lr=0.0001, dropout=0.3) epoca 2: train_loss=0.2928 val_loss=1.3590 val_BA=0.773 mejor_epoca=2
2026-10-01 12:47:17,413 INFO ICBHI/no_dn fold 1: config 1 (lr=0.0001, dropout=0.3) epoca 3: train_loss=0.1820 val_loss=0.6932 val_BA=0.909 mejor_epoca=3
2026-10-01 12:47:19,205 INFO ICBHI/no_dn fold 1: config 1 (lr=0.0001, dropout=0.3) epoca 4: train_loss=0.1195 val_loss=0.2246 val_BA=1.000 mejor_epoca=4
2026-10-01 12:47:21,000 INFO ICBHI/no_dn fold 1: config 1 (lr=0.0001, dropout=0.3) epoca 5: train_loss=0.0888 val_loss=0.2224 val_BA=1.000 mejor_epoca=5
2026-10-01 12:47:22,795 INFO ICBHI/no_dn fold 1: config 1 (lr=0.0001, dropout=0.3) epoca 6: train_loss=0.0615 val_loss=0.1798 val_BA=1.000 mejor_epoca=6
2026-10-01 12:47:26,383 INFO ICBHI/no_dn fold 1: config 1 (lr=0.0001, dropout=0.3) epoca 8: train_loss=0.0346 val_loss=0.1751 val_BA=1.000 mejor_epoca=8
2026-10-01 12:47:29,973 INFO ICBHI/no_dn fold 1: config 1 (lr=0.0001, dropout=0.3) epoca 10: train_loss=0.0255 val_loss=0.5309 val_BA=0.955 mejor_epoca=8
2026-10-01 12:47:33,562 INFO ICBHI/no_dn fold 1: config 1 (lr=0.0001, dropout=0.3) epoca 12: train_loss=0.0173 val_loss=0.1636 val_BA=1.000 mejor_epoca=12
2026-10-01 12:47:44,331 INFO ICBHI/no_dn fold 1: config 1 (lr=0.0001, dropout=0.3) epoca 18: train_loss=0.0081 val_loss=0.0538 val_BA=1.000 mejor_epoca=18
2026-10-01 12:47:47,920 INFO ICBHI/no_dn fold 1: config 1 (lr=0.0001, dropout=0.3) epoca 20: train_loss=0.0071 val_loss=0.0668 val_BA=0.750 mejor_epoca=18
2026-10-01 12:47:58,693 INFO ICBHI/no_dn fold 1: config 1 (lr=0.0001, dropout=0.3) epoca 26: train_loss=0.0042 val_loss=0.0299 val_BA=1.000 mejor_epoca=26
2026-10-01 12:48:05,877 INFO ICBHI/no_dn fold 1: config 1 (lr=0.0001, dropout=0.3) epoca 30: train_loss=0.0031 val_loss=0.1077 val_BA=0.625 mejor_epoca=26
2026-10-01 12:48:23,843 INFO ICBHI/no_dn fold 1: config 1 (lr=0.0001, dropout=0.3) epoca 40: train_loss=0.0017 val_loss=0.0821 val_BA=0.625 mejor_epoca=26
2026-10-01 12:48:25,660 INFO ICBHI/no_dn fold 1 config 1: OK val_BA=1.000 mejor_epoca=26 (1.2 min)
2026-10-01 12:48:26,441 INFO log-mel ICBHI/cv/fold_02/no_dn: 500/4715
2026-10-01 12:48:27,007 INFO log-mel ICBHI/cv/fold_02/no_dn: 1000/4715
2026-10-01 12:48:27,573 INFO log-mel ICBHI/cv/fold_02/no_dn: 1500/4715
2026-10-01 12:48:28,138 INFO log-mel ICBHI/cv/fold_02/no_dn: 2000/4715
2026-10-01 12:48:28,704 INFO log-mel ICBHI/cv/fold_02/no_dn: 2500/4715
2026-10-01 12:48:29,310 INFO log-mel ICBHI/cv/fold_02/no_dn: 3000/4715
2026-10-01 12:48:29,875 INFO log-mel ICBHI/cv/fold_02/no_dn: 3500/4715
2026-10-01 12:48:30,440 INFO log-mel ICBHI/cv/fold_02/no_dn: 4000/4715
2026-10-01 12:48:31,006 INFO log-mel ICBHI/cv/fold_02/no_dn: 4500/4715
2026-10-01 12:48:31,249 INFO log-mel ICBHI/cv/fold_02/no_dn: 4715/4715
2026-10-01 12:48:31,855 INFO ICBHI/no_dn fold 2: log-mel no_dn listo en 6.2 s, forma (4715, 1, 64, 309)
2026-10-01 12:48:31,868 INFO ICBHI/no_dn fold 2: 58/14 pacientes train/validation, 1 de 1 configuracion(es) por evaluar
2026-10-01 12:48:33,768 INFO ICBHI/no_dn fold 2: config 1 (lr=0.0001, dropout=0.3) epoca 1: train_loss=0.5502 val_loss=0.3622 val_BA=0.625 mejor_epoca=1
2026-10-01 12:48:37,219 INFO ICBHI/no_dn fold 2: config 1 (lr=0.0001, dropout=0.3) epoca 3: train_loss=0.1839 val_loss=0.3297 val_BA=1.000 mejor_epoca=3
2026-10-01 12:48:49,305 INFO ICBHI/no_dn fold 2: config 1 (lr=0.0001, dropout=0.3) epoca 10: train_loss=0.0226 val_loss=0.1457 val_BA=0.875 mejor_epoca=3
2026-10-01 12:49:06,570 INFO ICBHI/no_dn fold 2: config 1 (lr=0.0001, dropout=0.3) epoca 20: train_loss=0.0085 val_loss=0.0573 val_BA=0.875 mejor_epoca=3
2026-10-01 12:49:06,591 INFO ICBHI/no_dn fold 2 config 1: OK val_BA=1.000 mejor_epoca=3 (0.6 min)
2026-10-01 12:49:07,372 INFO log-mel ICBHI/cv/fold_03/no_dn: 500/4715
2026-10-01 12:49:07,940 INFO log-mel ICBHI/cv/fold_03/no_dn: 1000/4715
2026-10-01 12:49:08,508 INFO log-mel ICBHI/cv/fold_03/no_dn: 1500/4715
2026-10-01 12:49:09,075 INFO log-mel ICBHI/cv/fold_03/no_dn: 2000/4715
2026-10-01 12:49:09,642 INFO log-mel ICBHI/cv/fold_03/no_dn: 2500/4715
2026-10-01 12:49:10,252 INFO log-mel ICBHI/cv/fold_03/no_dn: 3000/4715
2026-10-01 12:49:10,822 INFO log-mel ICBHI/cv/fold_03/no_dn: 3500/4715
2026-10-01 12:49:11,390 INFO log-mel ICBHI/cv/fold_03/no_dn: 4000/4715
2026-10-01 12:49:11,958 INFO log-mel ICBHI/cv/fold_03/no_dn: 4500/4715
2026-10-01 12:49:12,202 INFO log-mel ICBHI/cv/fold_03/no_dn: 4715/4715
2026-10-01 12:49:12,811 INFO ICBHI/no_dn fold 3: log-mel no_dn listo en 6.2 s, forma (4715, 1, 64, 309)
2026-10-01 12:49:12,824 INFO ICBHI/no_dn fold 3: 58/14 pacientes train/validation, 1 de 1 configuracion(es) por evaluar
2026-10-01 12:49:14,828 INFO ICBHI/no_dn fold 3: config 1 (lr=0.0001, dropout=0.3) epoca 1: train_loss=0.5397 val_loss=0.9193 val_BA=0.700 mejor_epoca=1
2026-10-01 12:49:16,598 INFO ICBHI/no_dn fold 3: config 1 (lr=0.0001, dropout=0.3) epoca 2: train_loss=0.3331 val_loss=0.8481 val_BA=0.700 mejor_epoca=2
2026-10-01 12:49:18,369 INFO ICBHI/no_dn fold 3: config 1 (lr=0.0001, dropout=0.3) epoca 3: train_loss=0.2037 val_loss=0.8896 val_BA=0.800 mejor_epoca=3
2026-10-01 12:49:20,142 INFO ICBHI/no_dn fold 3: config 1 (lr=0.0001, dropout=0.3) epoca 4: train_loss=0.1446 val_loss=0.7955 val_BA=0.800 mejor_epoca=4
2026-10-01 12:49:21,914 INFO ICBHI/no_dn fold 3: config 1 (lr=0.0001, dropout=0.3) epoca 5: train_loss=0.1001 val_loss=0.3811 val_BA=0.950 mejor_epoca=5
2026-10-01 12:49:23,688 INFO ICBHI/no_dn fold 3: config 1 (lr=0.0001, dropout=0.3) epoca 6: train_loss=0.0723 val_loss=0.2167 val_BA=0.950 mejor_epoca=6
2026-10-01 12:49:29,009 INFO ICBHI/no_dn fold 3: config 1 (lr=0.0001, dropout=0.3) epoca 9: train_loss=0.0337 val_loss=0.1351 val_BA=0.950 mejor_epoca=9
2026-10-01 12:49:30,782 INFO ICBHI/no_dn fold 3: config 1 (lr=0.0001, dropout=0.3) epoca 10: train_loss=0.0263 val_loss=0.5822 val_BA=0.950 mejor_epoca=9
2026-10-01 12:49:43,203 INFO ICBHI/no_dn fold 3: config 1 (lr=0.0001, dropout=0.3) epoca 17: train_loss=0.0116 val_loss=0.1320 val_BA=0.950 mejor_epoca=17
2026-10-01 12:49:48,526 INFO ICBHI/no_dn fold 3: config 1 (lr=0.0001, dropout=0.3) epoca 20: train_loss=0.0084 val_loss=0.0986 val_BA=0.950 mejor_epoca=20
2026-10-01 12:49:55,630 INFO ICBHI/no_dn fold 3: config 1 (lr=0.0001, dropout=0.3) epoca 24: train_loss=0.0096 val_loss=0.0952 val_BA=1.000 mejor_epoca=24
2026-10-01 12:50:06,286 INFO ICBHI/no_dn fold 3: config 1 (lr=0.0001, dropout=0.3) epoca 30: train_loss=0.0047 val_loss=0.1005 val_BA=0.825 mejor_epoca=24
2026-10-01 12:50:22,296 INFO ICBHI/no_dn fold 3 config 1: OK val_BA=1.000 mejor_epoca=24 (1.2 min)
2026-10-01 12:50:23,083 INFO log-mel ICBHI/cv/fold_04/no_dn: 500/4715
2026-10-01 12:50:23,652 INFO log-mel ICBHI/cv/fold_04/no_dn: 1000/4715
2026-10-01 12:50:24,221 INFO log-mel ICBHI/cv/fold_04/no_dn: 1500/4715
2026-10-01 12:50:24,789 INFO log-mel ICBHI/cv/fold_04/no_dn: 2000/4715
2026-10-01 12:50:25,357 INFO log-mel ICBHI/cv/fold_04/no_dn: 2500/4715
2026-10-01 12:50:25,925 INFO log-mel ICBHI/cv/fold_04/no_dn: 3000/4715
2026-10-01 12:50:26,494 INFO log-mel ICBHI/cv/fold_04/no_dn: 3500/4715
2026-10-01 12:50:27,062 INFO log-mel ICBHI/cv/fold_04/no_dn: 4000/4715
2026-10-01 12:50:27,630 INFO log-mel ICBHI/cv/fold_04/no_dn: 4500/4715
2026-10-01 12:50:27,875 INFO log-mel ICBHI/cv/fold_04/no_dn: 4715/4715
2026-10-01 12:50:28,463 INFO ICBHI/no_dn fold 4: log-mel no_dn listo en 6.2 s, forma (4715, 1, 64, 309)
2026-10-01 12:50:28,476 INFO ICBHI/no_dn fold 4: 58/14 pacientes train/validation, 1 de 1 configuracion(es) por evaluar
2026-10-01 12:50:30,392 INFO ICBHI/no_dn fold 4: config 1 (lr=0.0001, dropout=0.3) epoca 1: train_loss=0.5086 val_loss=0.9187 val_BA=0.500 mejor_epoca=1
2026-10-01 12:50:32,100 INFO ICBHI/no_dn fold 4: config 1 (lr=0.0001, dropout=0.3) epoca 2: train_loss=0.3401 val_loss=0.7967 val_BA=0.750 mejor_epoca=2
2026-10-01 12:50:35,516 INFO ICBHI/no_dn fold 4: config 1 (lr=0.0001, dropout=0.3) epoca 4: train_loss=0.1383 val_loss=0.8822 val_BA=0.800 mejor_epoca=4
2026-10-01 12:50:38,933 INFO ICBHI/no_dn fold 4: config 1 (lr=0.0001, dropout=0.3) epoca 6: train_loss=0.0706 val_loss=0.1208 val_BA=1.000 mejor_epoca=6
2026-10-01 12:50:44,060 INFO ICBHI/no_dn fold 4: config 1 (lr=0.0001, dropout=0.3) epoca 9: train_loss=0.0346 val_loss=0.0910 val_BA=1.000 mejor_epoca=9
2026-10-01 12:50:45,768 INFO ICBHI/no_dn fold 4: config 1 (lr=0.0001, dropout=0.3) epoca 10: train_loss=0.0261 val_loss=0.0662 val_BA=1.000 mejor_epoca=10
2026-10-01 12:50:50,894 INFO ICBHI/no_dn fold 4: config 1 (lr=0.0001, dropout=0.3) epoca 13: train_loss=0.0173 val_loss=0.0595 val_BA=1.000 mejor_epoca=13
2026-10-01 12:50:52,604 INFO ICBHI/no_dn fold 4: config 1 (lr=0.0001, dropout=0.3) epoca 14: train_loss=0.0130 val_loss=0.0459 val_BA=1.000 mejor_epoca=14
2026-10-01 12:50:56,022 INFO ICBHI/no_dn fold 4: config 1 (lr=0.0001, dropout=0.3) epoca 16: train_loss=0.0132 val_loss=0.0458 val_BA=1.000 mejor_epoca=16
2026-10-01 12:51:02,859 INFO ICBHI/no_dn fold 4: config 1 (lr=0.0001, dropout=0.3) epoca 20: train_loss=0.0082 val_loss=0.0386 val_BA=1.000 mejor_epoca=20
2026-10-01 12:51:04,568 INFO ICBHI/no_dn fold 4: config 1 (lr=0.0001, dropout=0.3) epoca 21: train_loss=0.0076 val_loss=0.0348 val_BA=1.000 mejor_epoca=21
2026-10-01 12:51:19,957 INFO ICBHI/no_dn fold 4: config 1 (lr=0.0001, dropout=0.3) epoca 30: train_loss=0.0041 val_loss=0.0356 val_BA=0.875 mejor_epoca=21
2026-10-01 12:51:21,668 INFO ICBHI/no_dn fold 4: config 1 (lr=0.0001, dropout=0.3) epoca 31: train_loss=0.0038 val_loss=0.0306 val_BA=1.000 mejor_epoca=31
2026-10-01 12:51:26,799 INFO ICBHI/no_dn fold 4: config 1 (lr=0.0001, dropout=0.3) epoca 34: train_loss=0.0023 val_loss=0.0292 val_BA=1.000 mejor_epoca=34
2026-10-01 12:51:37,064 INFO ICBHI/no_dn fold 4: config 1 (lr=0.0001, dropout=0.3) epoca 40: train_loss=0.0022 val_loss=0.0297 val_BA=1.000 mejor_epoca=34
2026-10-01 12:51:43,911 INFO ICBHI/no_dn fold 4: config 1 (lr=0.0001, dropout=0.3) epoca 44: train_loss=0.0018 val_loss=0.0281 val_BA=1.000 mejor_epoca=44
2026-10-01 12:51:47,334 INFO ICBHI/no_dn fold 4: config 1 (lr=0.0001, dropout=0.3) epoca 46: train_loss=0.0016 val_loss=0.0263 val_BA=1.000 mejor_epoca=46
2026-10-01 12:51:50,757 INFO ICBHI/no_dn fold 4: config 1 (lr=0.0001, dropout=0.3) epoca 48: train_loss=0.0018 val_loss=0.0225 val_BA=1.000 mejor_epoca=48
2026-10-01 12:51:54,179 INFO ICBHI/no_dn fold 4: config 1 (lr=0.0001, dropout=0.3) epoca 50: train_loss=0.0012 val_loss=0.0397 val_BA=0.875 mejor_epoca=48
2026-10-01 12:52:11,287 INFO ICBHI/no_dn fold 4: config 1 (lr=0.0001, dropout=0.3) epoca 60: train_loss=0.0009 val_loss=0.0284 val_BA=1.000 mejor_epoca=48
2026-10-01 12:52:16,441 INFO ICBHI/no_dn fold 4 config 1: OK val_BA=1.000 mejor_epoca=48 (1.8 min)
2026-10-01 12:52:17,430 INFO seed_20261119: preparando cnn_dn con configuracion congelada 0
2026-10-01 12:52:18,256 INFO log-mel ICBHI/cv/fold_00/dn: 500/4715
2026-10-01 12:52:18,830 INFO log-mel ICBHI/cv/fold_00/dn: 1000/4715
2026-10-01 12:52:19,405 INFO log-mel ICBHI/cv/fold_00/dn: 1500/4715
2026-10-01 12:52:19,980 INFO log-mel ICBHI/cv/fold_00/dn: 2000/4715
2026-10-01 12:52:20,555 INFO log-mel ICBHI/cv/fold_00/dn: 2500/4715
2026-10-01 12:52:21,129 INFO log-mel ICBHI/cv/fold_00/dn: 3000/4715
2026-10-01 12:52:21,764 INFO log-mel ICBHI/cv/fold_00/dn: 3500/4715
2026-10-01 12:52:22,340 INFO log-mel ICBHI/cv/fold_00/dn: 4000/4715
2026-10-01 12:52:22,914 INFO log-mel ICBHI/cv/fold_00/dn: 4500/4715
2026-10-01 12:52:23,161 INFO log-mel ICBHI/cv/fold_00/dn: 4715/4715
2026-10-01 12:52:23,786 INFO ICBHI/dn fold 0: log-mel dn listo en 6.3 s, forma (4715, 1, 64, 309)
2026-10-01 12:52:23,798 INFO ICBHI/dn fold 0: 57/15 pacientes train/validation, 1 de 1 configuracion(es) por evaluar
2026-10-01 12:52:26,028 INFO ICBHI/dn fold 0: config 0 (lr=0.0001, dropout=0.3) epoca 1: train_loss=0.5740 val_loss=0.2982 val_BA=0.700 mejor_epoca=1
2026-10-01 12:52:28,077 INFO ICBHI/dn fold 0: config 0 (lr=0.0001, dropout=0.3) epoca 2: train_loss=0.3620 val_loss=0.2517 val_BA=0.800 mejor_epoca=2
2026-10-01 12:52:30,127 INFO ICBHI/dn fold 0: config 0 (lr=0.0001, dropout=0.3) epoca 3: train_loss=0.1633 val_loss=0.3256 val_BA=1.000 mejor_epoca=3
2026-10-01 12:52:44,486 INFO ICBHI/dn fold 0: config 0 (lr=0.0001, dropout=0.3) epoca 10: train_loss=0.0327 val_loss=0.0947 val_BA=0.800 mejor_epoca=3
2026-10-01 12:52:48,592 INFO ICBHI/dn fold 0: config 0 (lr=0.0001, dropout=0.3) epoca 12: train_loss=0.0086 val_loss=0.0791 val_BA=1.000 mejor_epoca=12
2026-10-01 12:53:04,997 INFO ICBHI/dn fold 0: config 0 (lr=0.0001, dropout=0.3) epoca 20: train_loss=0.0191 val_loss=0.1514 val_BA=0.800 mejor_epoca=12
2026-10-01 12:53:19,378 INFO ICBHI/dn fold 0 config 0: OK val_BA=1.000 mejor_epoca=12 (0.9 min)
2026-10-01 12:53:20,162 INFO log-mel ICBHI/cv/fold_01/dn: 500/4715
2026-10-01 12:53:20,732 INFO log-mel ICBHI/cv/fold_01/dn: 1000/4715
2026-10-01 12:53:21,302 INFO log-mel ICBHI/cv/fold_01/dn: 1500/4715
2026-10-01 12:53:21,871 INFO log-mel ICBHI/cv/fold_01/dn: 2000/4715
2026-10-01 12:53:22,441 INFO log-mel ICBHI/cv/fold_01/dn: 2500/4715
2026-10-01 12:53:23,011 INFO log-mel ICBHI/cv/fold_01/dn: 3000/4715
2026-10-01 12:53:23,580 INFO log-mel ICBHI/cv/fold_01/dn: 3500/4715
2026-10-01 12:53:24,149 INFO log-mel ICBHI/cv/fold_01/dn: 4000/4715
2026-10-01 12:53:24,802 INFO log-mel ICBHI/cv/fold_01/dn: 4500/4715
2026-10-01 12:53:25,047 INFO log-mel ICBHI/cv/fold_01/dn: 4715/4715
2026-10-01 12:53:25,658 INFO ICBHI/dn fold 1: log-mel dn listo en 6.3 s, forma (4715, 1, 64, 309)
2026-10-01 12:53:25,671 INFO ICBHI/dn fold 1: 57/15 pacientes train/validation, 1 de 1 configuracion(es) por evaluar
2026-10-01 12:53:27,988 INFO ICBHI/dn fold 1: config 0 (lr=0.0001, dropout=0.3) epoca 1: train_loss=0.5359 val_loss=0.8317 val_BA=0.568 mejor_epoca=1
2026-10-01 12:53:30,117 INFO ICBHI/dn fold 1: config 0 (lr=0.0001, dropout=0.3) epoca 2: train_loss=0.2916 val_loss=1.4228 val_BA=0.773 mejor_epoca=2
2026-10-01 12:53:32,247 INFO ICBHI/dn fold 1: config 0 (lr=0.0001, dropout=0.3) epoca 3: train_loss=0.1702 val_loss=0.2495 val_BA=1.000 mejor_epoca=3
2026-10-01 12:53:34,379 INFO ICBHI/dn fold 1: config 0 (lr=0.0001, dropout=0.3) epoca 4: train_loss=0.1225 val_loss=0.0618 val_BA=1.000 mejor_epoca=4
2026-10-01 12:53:38,642 INFO ICBHI/dn fold 1: config 0 (lr=0.0001, dropout=0.3) epoca 6: train_loss=0.0663 val_loss=0.0454 val_BA=1.000 mejor_epoca=6
2026-10-01 12:53:45,039 INFO ICBHI/dn fold 1: config 0 (lr=0.0001, dropout=0.3) epoca 9: train_loss=0.0200 val_loss=0.0205 val_BA=1.000 mejor_epoca=9
2026-10-01 12:53:47,172 INFO ICBHI/dn fold 1: config 0 (lr=0.0001, dropout=0.3) epoca 10: train_loss=0.0168 val_loss=0.0496 val_BA=0.750 mejor_epoca=9
2026-10-01 12:54:08,520 INFO ICBHI/dn fold 1: config 0 (lr=0.0001, dropout=0.3) epoca 20: train_loss=0.0046 val_loss=0.0730 val_BA=0.750 mejor_epoca=9
2026-10-01 12:54:10,655 INFO ICBHI/dn fold 1: config 0 (lr=0.0001, dropout=0.3) epoca 21: train_loss=0.0048 val_loss=0.0180 val_BA=1.000 mejor_epoca=21
2026-10-01 12:54:17,059 INFO ICBHI/dn fold 1: config 0 (lr=0.0001, dropout=0.3) epoca 24: train_loss=0.0065 val_loss=0.0074 val_BA=1.000 mejor_epoca=24
2026-10-01 12:54:29,869 INFO ICBHI/dn fold 1: config 0 (lr=0.0001, dropout=0.3) epoca 30: train_loss=0.0003 val_loss=0.0455 val_BA=0.875 mejor_epoca=24
2026-10-01 12:54:49,081 INFO ICBHI/dn fold 1 config 0: OK val_BA=1.000 mejor_epoca=24 (1.4 min)
2026-10-01 12:54:49,865 INFO log-mel ICBHI/cv/fold_02/dn: 500/4715
2026-10-01 12:54:50,434 INFO log-mel ICBHI/cv/fold_02/dn: 1000/4715
2026-10-01 12:54:51,004 INFO log-mel ICBHI/cv/fold_02/dn: 1500/4715
2026-10-01 12:54:51,573 INFO log-mel ICBHI/cv/fold_02/dn: 2000/4715
2026-10-01 12:54:52,142 INFO log-mel ICBHI/cv/fold_02/dn: 2500/4715
2026-10-01 12:54:52,711 INFO log-mel ICBHI/cv/fold_02/dn: 3000/4715
2026-10-01 12:54:53,280 INFO log-mel ICBHI/cv/fold_02/dn: 3500/4715
2026-10-01 12:54:53,849 INFO log-mel ICBHI/cv/fold_02/dn: 4000/4715
2026-10-01 12:54:54,500 INFO log-mel ICBHI/cv/fold_02/dn: 4500/4715
2026-10-01 12:54:54,745 INFO log-mel ICBHI/cv/fold_02/dn: 4715/4715
2026-10-01 12:54:55,344 INFO ICBHI/dn fold 2: log-mel dn listo en 6.2 s, forma (4715, 1, 64, 309)
2026-10-01 12:54:55,357 INFO ICBHI/dn fold 2: 58/14 pacientes train/validation, 1 de 1 configuracion(es) por evaluar
2026-10-01 12:54:57,582 INFO ICBHI/dn fold 2: config 0 (lr=0.0001, dropout=0.3) epoca 1: train_loss=0.5870 val_loss=0.3555 val_BA=0.750 mejor_epoca=1
2026-10-01 12:54:59,627 INFO ICBHI/dn fold 2: config 0 (lr=0.0001, dropout=0.3) epoca 2: train_loss=0.2873 val_loss=0.3725 val_BA=0.875 mejor_epoca=2
2026-10-01 12:55:01,673 INFO ICBHI/dn fold 2: config 0 (lr=0.0001, dropout=0.3) epoca 3: train_loss=0.1711 val_loss=0.6368 val_BA=1.000 mejor_epoca=3
2026-10-01 12:55:16,004 INFO ICBHI/dn fold 2: config 0 (lr=0.0001, dropout=0.3) epoca 10: train_loss=0.0149 val_loss=0.2779 val_BA=0.875 mejor_epoca=3
2026-10-01 12:55:36,476 INFO ICBHI/dn fold 2: config 0 (lr=0.0001, dropout=0.3) epoca 20: train_loss=0.0065 val_loss=0.1303 val_BA=0.875 mejor_epoca=3
2026-10-01 12:55:36,496 INFO ICBHI/dn fold 2 config 0: OK val_BA=1.000 mejor_epoca=3 (0.7 min)
2026-10-01 12:55:37,279 INFO log-mel ICBHI/cv/fold_03/dn: 500/4715
2026-10-01 12:55:37,847 INFO log-mel ICBHI/cv/fold_03/dn: 1000/4715
2026-10-01 12:55:38,416 INFO log-mel ICBHI/cv/fold_03/dn: 1500/4715
2026-10-01 12:55:38,985 INFO log-mel ICBHI/cv/fold_03/dn: 2000/4715
2026-10-01 12:55:39,554 INFO log-mel ICBHI/cv/fold_03/dn: 2500/4715
2026-10-01 12:55:40,123 INFO log-mel ICBHI/cv/fold_03/dn: 3000/4715
2026-10-01 12:55:40,690 INFO log-mel ICBHI/cv/fold_03/dn: 3500/4715
2026-10-01 12:55:41,260 INFO log-mel ICBHI/cv/fold_03/dn: 4000/4715
2026-10-01 12:55:41,911 INFO log-mel ICBHI/cv/fold_03/dn: 4500/4715
2026-10-01 12:55:42,154 INFO log-mel ICBHI/cv/fold_03/dn: 4715/4715
2026-10-01 12:55:42,748 INFO ICBHI/dn fold 3: log-mel dn listo en 6.2 s, forma (4715, 1, 64, 309)
2026-10-01 12:55:42,761 INFO ICBHI/dn fold 3: 58/14 pacientes train/validation, 1 de 1 configuracion(es) por evaluar
2026-10-01 12:55:45,097 INFO ICBHI/dn fold 3: config 0 (lr=0.0001, dropout=0.3) epoca 1: train_loss=0.5336 val_loss=0.8981 val_BA=0.575 mejor_epoca=1
2026-10-01 12:55:47,200 INFO ICBHI/dn fold 3: config 0 (lr=0.0001, dropout=0.3) epoca 2: train_loss=0.2847 val_loss=0.9136 val_BA=0.750 mejor_epoca=2
2026-10-01 12:55:51,410 INFO ICBHI/dn fold 3: config 0 (lr=0.0001, dropout=0.3) epoca 4: train_loss=0.1432 val_loss=0.1329 val_BA=1.000 mejor_epoca=4
2026-10-01 12:56:04,051 INFO ICBHI/dn fold 3: config 0 (lr=0.0001, dropout=0.3) epoca 10: train_loss=0.0117 val_loss=0.0448 val_BA=0.875 mejor_epoca=4
2026-10-01 12:56:25,118 INFO ICBHI/dn fold 3: config 0 (lr=0.0001, dropout=0.3) epoca 20: train_loss=0.0024 val_loss=0.0869 val_BA=0.825 mejor_epoca=4
2026-10-01 12:56:25,138 INFO ICBHI/dn fold 3 config 0: OK val_BA=1.000 mejor_epoca=4 (0.7 min)
2026-10-01 12:56:25,920 INFO log-mel ICBHI/cv/fold_04/dn: 500/4715
2026-10-01 12:56:26,489 INFO log-mel ICBHI/cv/fold_04/dn: 1000/4715
2026-10-01 12:56:27,058 INFO log-mel ICBHI/cv/fold_04/dn: 1500/4715
2026-10-01 12:56:27,628 INFO log-mel ICBHI/cv/fold_04/dn: 2000/4715
2026-10-01 12:56:28,198 INFO log-mel ICBHI/cv/fold_04/dn: 2500/4715
2026-10-01 12:56:28,766 INFO log-mel ICBHI/cv/fold_04/dn: 3000/4715
2026-10-01 12:56:29,335 INFO log-mel ICBHI/cv/fold_04/dn: 3500/4715
2026-10-01 12:56:29,905 INFO log-mel ICBHI/cv/fold_04/dn: 4000/4715
2026-10-01 12:56:30,557 INFO log-mel ICBHI/cv/fold_04/dn: 4500/4715
2026-10-01 12:56:30,802 INFO log-mel ICBHI/cv/fold_04/dn: 4715/4715
2026-10-01 12:56:31,406 INFO ICBHI/dn fold 4: log-mel dn listo en 6.3 s, forma (4715, 1, 64, 309)
2026-10-01 12:56:31,419 INFO ICBHI/dn fold 4: 58/14 pacientes train/validation, 1 de 1 configuracion(es) por evaluar
2026-10-01 12:56:33,652 INFO ICBHI/dn fold 4: config 0 (lr=0.0001, dropout=0.3) epoca 1: train_loss=0.5111 val_loss=0.4000 val_BA=0.825 mejor_epoca=1
2026-10-01 12:56:35,672 INFO ICBHI/dn fold 4: config 0 (lr=0.0001, dropout=0.3) epoca 2: train_loss=0.2640 val_loss=0.1197 val_BA=0.875 mejor_epoca=2
2026-10-01 12:56:39,712 INFO ICBHI/dn fold 4: config 0 (lr=0.0001, dropout=0.3) epoca 4: train_loss=0.0997 val_loss=0.2274 val_BA=1.000 mejor_epoca=4
2026-10-01 12:56:43,753 INFO ICBHI/dn fold 4: config 0 (lr=0.0001, dropout=0.3) epoca 6: train_loss=0.0490 val_loss=0.0489 val_BA=1.000 mejor_epoca=6
2026-10-01 12:56:49,815 INFO ICBHI/dn fold 4: config 0 (lr=0.0001, dropout=0.3) epoca 9: train_loss=0.0156 val_loss=0.0368 val_BA=1.000 mejor_epoca=9
2026-10-01 12:56:51,836 INFO ICBHI/dn fold 4: config 0 (lr=0.0001, dropout=0.3) epoca 10: train_loss=0.0118 val_loss=0.0369 val_BA=0.875 mejor_epoca=9
2026-10-01 12:56:55,881 INFO ICBHI/dn fold 4: config 0 (lr=0.0001, dropout=0.3) epoca 12: train_loss=0.0080 val_loss=0.0319 val_BA=1.000 mejor_epoca=12
2026-10-01 12:56:57,904 INFO ICBHI/dn fold 4: config 0 (lr=0.0001, dropout=0.3) epoca 13: train_loss=0.0093 val_loss=0.0301 val_BA=1.000 mejor_epoca=13
2026-10-01 12:57:01,950 INFO ICBHI/dn fold 4: config 0 (lr=0.0001, dropout=0.3) epoca 15: train_loss=0.0040 val_loss=0.0275 val_BA=1.000 mejor_epoca=15
2026-10-01 12:57:03,973 INFO ICBHI/dn fold 4: config 0 (lr=0.0001, dropout=0.3) epoca 16: train_loss=0.0033 val_loss=0.0235 val_BA=1.000 mejor_epoca=16
2026-10-01 12:57:12,068 INFO ICBHI/dn fold 4: config 0 (lr=0.0001, dropout=0.3) epoca 20: train_loss=0.0034 val_loss=0.0354 val_BA=1.000 mejor_epoca=16
2026-10-01 12:57:16,118 INFO ICBHI/dn fold 4: config 0 (lr=0.0001, dropout=0.3) epoca 22: train_loss=0.0036 val_loss=0.0208 val_BA=1.000 mejor_epoca=22
2026-10-01 12:57:32,283 INFO ICBHI/dn fold 4: config 0 (lr=0.0001, dropout=0.3) epoca 30: train_loss=0.0069 val_loss=0.0244 val_BA=1.000 mejor_epoca=22
2026-10-01 12:57:46,451 INFO ICBHI/dn fold 4 config 0: OK val_BA=1.000 mejor_epoca=22 (1.3 min)
2026-10-01 12:57:47,441 INFO seed_20261119: preparando crnn_dn con configuracion congelada 8
2026-10-01 12:57:47,966 INFO ICBHI/dn fold 0: log-mel dn listo en 0.5 s, forma (4715, 1, 64, 309)
2026-10-01 12:57:47,979 INFO ICBHI/dn fold 0: 57/15 pacientes train/validation, 1 de 1 configuracion(es) por evaluar
2026-10-01 12:57:50,147 INFO ICBHI/dn fold 0: config 8 (lr=0.0003, dropout=0.3) epoca 1: train_loss=0.4320 val_loss=0.2919 val_BA=0.800 mejor_epoca=1
2026-10-01 12:57:52,118 INFO ICBHI/dn fold 0: config 8 (lr=0.0003, dropout=0.3) epoca 2: train_loss=0.1757 val_loss=0.2360 val_BA=1.000 mejor_epoca=2
2026-10-01 12:57:54,091 INFO ICBHI/dn fold 0: config 8 (lr=0.0003, dropout=0.3) epoca 3: train_loss=0.1183 val_loss=0.1356 val_BA=1.000 mejor_epoca=3
2026-10-01 12:58:03,960 INFO ICBHI/dn fold 0: config 8 (lr=0.0003, dropout=0.3) epoca 8: train_loss=0.0446 val_loss=0.1356 val_BA=1.000 mejor_epoca=8
2026-10-01 12:58:07,906 INFO ICBHI/dn fold 0: config 8 (lr=0.0003, dropout=0.3) epoca 10: train_loss=0.0056 val_loss=0.1340 val_BA=0.800 mejor_epoca=8
2026-10-01 12:58:11,846 INFO ICBHI/dn fold 0: config 8 (lr=0.0003, dropout=0.3) epoca 12: train_loss=0.0077 val_loss=0.1227 val_BA=1.000 mejor_epoca=12
2026-10-01 12:58:17,762 INFO ICBHI/dn fold 0: config 8 (lr=0.0003, dropout=0.3) epoca 15: train_loss=0.0404 val_loss=0.0795 val_BA=1.000 mejor_epoca=15
2026-10-01 12:58:27,612 INFO ICBHI/dn fold 0: config 8 (lr=0.0003, dropout=0.3) epoca 20: train_loss=0.0503 val_loss=0.1110 val_BA=1.000 mejor_epoca=15
2026-10-01 12:58:47,282 INFO ICBHI/dn fold 0: config 8 (lr=0.0003, dropout=0.3) epoca 30: train_loss=0.0006 val_loss=0.1952 val_BA=0.800 mejor_epoca=15
2026-10-01 12:58:47,303 INFO ICBHI/dn fold 0 config 8: OK val_BA=1.000 mejor_epoca=15 (1.0 min)
2026-10-01 12:58:47,829 INFO ICBHI/dn fold 1: log-mel dn listo en 0.5 s, forma (4715, 1, 64, 309)
2026-10-01 12:58:47,841 INFO ICBHI/dn fold 1: 57/15 pacientes train/validation, 1 de 1 configuracion(es) por evaluar
2026-10-01 12:58:50,065 INFO ICBHI/dn fold 1: config 8 (lr=0.0003, dropout=0.3) epoca 1: train_loss=0.4298 val_loss=0.6238 val_BA=0.534 mejor_epoca=1
2026-10-01 12:58:52,110 INFO ICBHI/dn fold 1: config 8 (lr=0.0003, dropout=0.3) epoca 2: train_loss=0.2274 val_loss=0.2115 val_BA=1.000 mejor_epoca=2
2026-10-01 12:58:56,207 INFO ICBHI/dn fold 1: config 8 (lr=0.0003, dropout=0.3) epoca 4: train_loss=0.0722 val_loss=0.0898 val_BA=1.000 mejor_epoca=4
2026-10-01 12:59:04,385 INFO ICBHI/dn fold 1: config 8 (lr=0.0003, dropout=0.3) epoca 8: train_loss=0.0324 val_loss=0.0836 val_BA=1.000 mejor_epoca=8
2026-10-01 12:59:06,430 INFO ICBHI/dn fold 1: config 8 (lr=0.0003, dropout=0.3) epoca 9: train_loss=0.0255 val_loss=0.0496 val_BA=1.000 mejor_epoca=9
2026-10-01 12:59:08,473 INFO ICBHI/dn fold 1: config 8 (lr=0.0003, dropout=0.3) epoca 10: train_loss=0.0112 val_loss=0.1366 val_BA=0.625 mejor_epoca=9
2026-10-01 12:59:28,873 INFO ICBHI/dn fold 1: config 8 (lr=0.0003, dropout=0.3) epoca 20: train_loss=0.0081 val_loss=0.2409 val_BA=0.875 mejor_epoca=9
2026-10-01 12:59:37,044 INFO ICBHI/dn fold 1 config 8: OK val_BA=1.000 mejor_epoca=9 (0.8 min)
2026-10-01 12:59:37,570 INFO ICBHI/dn fold 2: log-mel dn listo en 0.5 s, forma (4715, 1, 64, 309)
2026-10-01 12:59:37,582 INFO ICBHI/dn fold 2: 58/14 pacientes train/validation, 1 de 1 configuracion(es) por evaluar
2026-10-01 12:59:39,704 INFO ICBHI/dn fold 2: config 8 (lr=0.0003, dropout=0.3) epoca 1: train_loss=0.4962 val_loss=0.2827 val_BA=0.500 mejor_epoca=1
2026-10-01 12:59:41,669 INFO ICBHI/dn fold 2: config 8 (lr=0.0003, dropout=0.3) epoca 2: train_loss=0.2511 val_loss=0.5704 val_BA=0.875 mejor_epoca=2
2026-10-01 12:59:43,633 INFO ICBHI/dn fold 2: config 8 (lr=0.0003, dropout=0.3) epoca 3: train_loss=0.1279 val_loss=0.2284 val_BA=0.875 mejor_epoca=3
2026-10-01 12:59:53,434 INFO ICBHI/dn fold 2: config 8 (lr=0.0003, dropout=0.3) epoca 8: train_loss=0.0214 val_loss=0.1808 val_BA=0.875 mejor_epoca=8
2026-10-01 12:59:57,354 INFO ICBHI/dn fold 2: config 8 (lr=0.0003, dropout=0.3) epoca 10: train_loss=0.0302 val_loss=0.1018 val_BA=0.750 mejor_epoca=8
2026-10-01 13:00:16,943 INFO ICBHI/dn fold 2: config 8 (lr=0.0003, dropout=0.3) epoca 20: train_loss=0.0021 val_loss=0.1981 val_BA=0.875 mejor_epoca=8
2026-10-01 13:00:22,826 INFO ICBHI/dn fold 2 config 8: OK val_BA=0.875 mejor_epoca=8 (0.8 min)
2026-10-01 13:00:23,353 INFO ICBHI/dn fold 3: log-mel dn listo en 0.5 s, forma (4715, 1, 64, 309)
2026-10-01 13:00:23,366 INFO ICBHI/dn fold 3: 58/14 pacientes train/validation, 1 de 1 configuracion(es) por evaluar
2026-10-01 13:00:25,563 INFO ICBHI/dn fold 3: config 8 (lr=0.0003, dropout=0.3) epoca 1: train_loss=0.3466 val_loss=0.1918 val_BA=0.500 mejor_epoca=1
2026-10-01 13:00:27,586 INFO ICBHI/dn fold 3: config 8 (lr=0.0003, dropout=0.3) epoca 2: train_loss=0.1513 val_loss=0.3859 val_BA=0.825 mejor_epoca=2
2026-10-01 13:00:29,614 INFO ICBHI/dn fold 3: config 8 (lr=0.0003, dropout=0.3) epoca 3: train_loss=0.0879 val_loss=0.3648 val_BA=0.825 mejor_epoca=3
2026-10-01 13:00:31,636 INFO ICBHI/dn fold 3: config 8 (lr=0.0003, dropout=0.3) epoca 4: train_loss=0.0346 val_loss=0.2673 val_BA=0.825 mejor_epoca=4
2026-10-01 13:00:35,675 INFO ICBHI/dn fold 3: config 8 (lr=0.0003, dropout=0.3) epoca 6: train_loss=0.0362 val_loss=0.2660 val_BA=0.825 mejor_epoca=6
2026-10-01 13:00:39,722 INFO ICBHI/dn fold 3: config 8 (lr=0.0003, dropout=0.3) epoca 8: train_loss=0.0187 val_loss=0.1896 val_BA=0.825 mejor_epoca=8
2026-10-01 13:00:43,767 INFO ICBHI/dn fold 3: config 8 (lr=0.0003, dropout=0.3) epoca 10: train_loss=0.0211 val_loss=0.2063 val_BA=0.825 mejor_epoca=8
2026-10-01 13:00:47,806 INFO ICBHI/dn fold 3: config 8 (lr=0.0003, dropout=0.3) epoca 12: train_loss=0.0134 val_loss=0.1462 val_BA=0.825 mejor_epoca=12
2026-10-01 13:00:51,846 INFO ICBHI/dn fold 3: config 8 (lr=0.0003, dropout=0.3) epoca 14: train_loss=0.0147 val_loss=0.3426 val_BA=0.950 mejor_epoca=14
2026-10-01 13:01:03,944 INFO ICBHI/dn fold 3: config 8 (lr=0.0003, dropout=0.3) epoca 20: train_loss=0.0320 val_loss=0.2325 val_BA=0.825 mejor_epoca=14
2026-10-01 13:01:22,086 INFO ICBHI/dn fold 3 config 8: OK val_BA=0.950 mejor_epoca=14 (1.0 min)
2026-10-01 13:01:22,610 INFO ICBHI/dn fold 4: log-mel dn listo en 0.5 s, forma (4715, 1, 64, 309)
2026-10-01 13:01:22,623 INFO ICBHI/dn fold 4: 58/14 pacientes train/validation, 1 de 1 configuracion(es) por evaluar
2026-10-01 13:01:24,730 INFO ICBHI/dn fold 4: config 8 (lr=0.0003, dropout=0.3) epoca 1: train_loss=0.4036 val_loss=0.1792 val_BA=0.500 mejor_epoca=1
2026-10-01 13:01:26,678 INFO ICBHI/dn fold 4: config 8 (lr=0.0003, dropout=0.3) epoca 2: train_loss=0.1825 val_loss=0.2023 val_BA=0.875 mejor_epoca=2
2026-10-01 13:01:28,618 INFO ICBHI/dn fold 4: config 8 (lr=0.0003, dropout=0.3) epoca 3: train_loss=0.1005 val_loss=0.1575 val_BA=1.000 mejor_epoca=3
2026-10-01 13:01:36,375 INFO ICBHI/dn fold 4: config 8 (lr=0.0003, dropout=0.3) epoca 7: train_loss=0.0308 val_loss=0.0434 val_BA=1.000 mejor_epoca=7
2026-10-01 13:01:42,179 INFO ICBHI/dn fold 4: config 8 (lr=0.0003, dropout=0.3) epoca 10: train_loss=0.0362 val_loss=0.0389 val_BA=1.000 mejor_epoca=10
2026-10-01 13:02:01,547 INFO ICBHI/dn fold 4: config 8 (lr=0.0003, dropout=0.3) epoca 20: train_loss=0.0112 val_loss=0.0492 val_BA=0.875 mejor_epoca=10
2026-10-01 13:02:11,235 INFO ICBHI/dn fold 4 config 8: OK val_BA=1.000 mejor_epoca=10 (0.8 min)
2026-10-01 13:02:12,230 INFO seed_20261119: preparando crnn_no_dn_aug con configuracion congelada 5
2026-10-01 13:02:12,688 INFO ICBHI/no_dn_aug fold 0: log-mel no_dn listo en 0.4 s, forma (4715, 1, 64, 309)
2026-10-01 13:02:12,701 INFO ICBHI/no_dn_aug fold 0: 57/15 pacientes train/validation, 1 de 1 configuracion(es) por evaluar
2026-10-01 13:02:14,909 INFO ICBHI/no_dn_aug fold 0: config 5 (lr=0.0001, dropout=0.4) epoca 1: train_loss=0.5140 val_loss=0.4237 val_BA=0.850 mejor_epoca=1
2026-10-01 13:02:16,923 INFO ICBHI/no_dn_aug fold 0: config 5 (lr=0.0001, dropout=0.4) epoca 2: train_loss=0.2633 val_loss=0.3233 val_BA=0.900 mejor_epoca=2
2026-10-01 13:02:18,936 INFO ICBHI/no_dn_aug fold 0: config 5 (lr=0.0001, dropout=0.4) epoca 3: train_loss=0.1641 val_loss=0.2854 val_BA=1.000 mejor_epoca=3
2026-10-01 13:02:33,028 INFO ICBHI/no_dn_aug fold 0: config 5 (lr=0.0001, dropout=0.4) epoca 10: train_loss=0.0404 val_loss=0.1390 val_BA=0.800 mejor_epoca=3
2026-10-01 13:02:41,073 INFO ICBHI/no_dn_aug fold 0: config 5 (lr=0.0001, dropout=0.4) epoca 14: train_loss=0.0330 val_loss=0.1214 val_BA=1.000 mejor_epoca=14
2026-10-01 13:02:53,134 INFO ICBHI/no_dn_aug fold 0: config 5 (lr=0.0001, dropout=0.4) epoca 20: train_loss=0.0075 val_loss=0.1451 val_BA=0.800 mejor_epoca=14
2026-10-01 13:03:11,240 INFO ICBHI/no_dn_aug fold 0 config 5: OK val_BA=1.000 mejor_epoca=14 (1.0 min)
2026-10-01 13:03:11,688 INFO ICBHI/no_dn_aug fold 1: log-mel no_dn listo en 0.4 s, forma (4715, 1, 64, 309)
2026-10-01 13:03:11,701 INFO ICBHI/no_dn_aug fold 1: 57/15 pacientes train/validation, 1 de 1 configuracion(es) por evaluar
2026-10-01 13:03:14,115 INFO ICBHI/no_dn_aug fold 1: config 5 (lr=0.0001, dropout=0.4) epoca 1: train_loss=0.5579 val_loss=0.5968 val_BA=0.955 mejor_epoca=1
2026-10-01 13:03:22,501 INFO ICBHI/no_dn_aug fold 1: config 5 (lr=0.0001, dropout=0.4) epoca 5: train_loss=0.0884 val_loss=0.2928 val_BA=1.000 mejor_epoca=5
2026-10-01 13:03:32,993 INFO ICBHI/no_dn_aug fold 1: config 5 (lr=0.0001, dropout=0.4) epoca 10: train_loss=0.0381 val_loss=0.2366 val_BA=1.000 mejor_epoca=10
2026-10-01 13:03:35,090 INFO ICBHI/no_dn_aug fold 1: config 5 (lr=0.0001, dropout=0.4) epoca 11: train_loss=0.0234 val_loss=0.1497 val_BA=1.000 mejor_epoca=11
2026-10-01 13:03:53,935 INFO ICBHI/no_dn_aug fold 1: config 5 (lr=0.0001, dropout=0.4) epoca 20: train_loss=0.0252 val_loss=0.1221 val_BA=0.875 mejor_epoca=11
2026-10-01 13:04:06,507 INFO ICBHI/no_dn_aug fold 1 config 5: OK val_BA=1.000 mejor_epoca=11 (0.9 min)
2026-10-01 13:04:07,032 INFO ICBHI/no_dn_aug fold 2: log-mel no_dn listo en 0.5 s, forma (4715, 1, 64, 309)
2026-10-01 13:04:07,044 INFO ICBHI/no_dn_aug fold 2: 58/14 pacientes train/validation, 1 de 1 configuracion(es) por evaluar
2026-10-01 13:04:09,243 INFO ICBHI/no_dn_aug fold 2: config 5 (lr=0.0001, dropout=0.4) epoca 1: train_loss=0.5878 val_loss=0.5612 val_BA=0.825 mejor_epoca=1
2026-10-01 13:04:11,252 INFO ICBHI/no_dn_aug fold 2: config 5 (lr=0.0001, dropout=0.4) epoca 2: train_loss=0.3626 val_loss=0.5556 val_BA=1.000 mejor_epoca=2
2026-10-01 13:04:27,322 INFO ICBHI/no_dn_aug fold 2: config 5 (lr=0.0001, dropout=0.4) epoca 10: train_loss=0.0367 val_loss=0.2556 val_BA=0.875 mejor_epoca=2
2026-10-01 13:04:47,403 INFO ICBHI/no_dn_aug fold 2: config 5 (lr=0.0001, dropout=0.4) epoca 20: train_loss=0.0114 val_loss=0.1432 val_BA=0.750 mejor_epoca=2
2026-10-01 13:04:47,425 INFO ICBHI/no_dn_aug fold 2 config 5: OK val_BA=1.000 mejor_epoca=2 (0.7 min)
2026-10-01 13:04:47,872 INFO ICBHI/no_dn_aug fold 3: log-mel no_dn listo en 0.4 s, forma (4715, 1, 64, 309)
2026-10-01 13:04:47,885 INFO ICBHI/no_dn_aug fold 3: 58/14 pacientes train/validation, 1 de 1 configuracion(es) por evaluar
2026-10-01 13:04:50,127 INFO ICBHI/no_dn_aug fold 3: config 5 (lr=0.0001, dropout=0.4) epoca 1: train_loss=0.4117 val_loss=0.4551 val_BA=0.950 mejor_epoca=1
2026-10-01 13:04:52,199 INFO ICBHI/no_dn_aug fold 3: config 5 (lr=0.0001, dropout=0.4) epoca 2: train_loss=0.2048 val_loss=0.3967 val_BA=0.950 mejor_epoca=2
2026-10-01 13:05:02,555 INFO ICBHI/no_dn_aug fold 3: config 5 (lr=0.0001, dropout=0.4) epoca 7: train_loss=0.0453 val_loss=0.2749 val_BA=0.950 mejor_epoca=7
2026-10-01 13:05:08,753 INFO ICBHI/no_dn_aug fold 3: config 5 (lr=0.0001, dropout=0.4) epoca 10: train_loss=0.0240 val_loss=0.1930 val_BA=0.825 mejor_epoca=7
2026-10-01 13:05:21,161 INFO ICBHI/no_dn_aug fold 3: config 5 (lr=0.0001, dropout=0.4) epoca 16: train_loss=0.0344 val_loss=0.2710 val_BA=0.950 mejor_epoca=16
2026-10-01 13:05:29,435 INFO ICBHI/no_dn_aug fold 3: config 5 (lr=0.0001, dropout=0.4) epoca 20: train_loss=0.0204 val_loss=0.2367 val_BA=0.825 mejor_epoca=16
2026-10-01 13:05:50,107 INFO ICBHI/no_dn_aug fold 3: config 5 (lr=0.0001, dropout=0.4) epoca 30: train_loss=0.0191 val_loss=0.1768 val_BA=0.825 mejor_epoca=16
2026-10-01 13:05:52,197 INFO ICBHI/no_dn_aug fold 3 config 5: OK val_BA=0.950 mejor_epoca=16 (1.1 min)
2026-10-01 13:05:52,646 INFO ICBHI/no_dn_aug fold 4: log-mel no_dn listo en 0.4 s, forma (4715, 1, 64, 309)
2026-10-01 13:05:52,658 INFO ICBHI/no_dn_aug fold 4: 58/14 pacientes train/validation, 1 de 1 configuracion(es) por evaluar
2026-10-01 13:05:54,808 INFO ICBHI/no_dn_aug fold 4: config 5 (lr=0.0001, dropout=0.4) epoca 1: train_loss=0.5003 val_loss=0.4381 val_BA=0.750 mejor_epoca=1
2026-10-01 13:05:56,796 INFO ICBHI/no_dn_aug fold 4: config 5 (lr=0.0001, dropout=0.4) epoca 2: train_loss=0.2680 val_loss=0.2631 val_BA=0.875 mejor_epoca=2
2026-10-01 13:05:58,786 INFO ICBHI/no_dn_aug fold 4: config 5 (lr=0.0001, dropout=0.4) epoca 3: train_loss=0.1635 val_loss=0.2506 val_BA=1.000 mejor_epoca=3
2026-10-01 13:06:02,762 INFO ICBHI/no_dn_aug fold 4: config 5 (lr=0.0001, dropout=0.4) epoca 5: train_loss=0.0972 val_loss=0.1504 val_BA=1.000 mejor_epoca=5
2026-10-01 13:06:04,752 INFO ICBHI/no_dn_aug fold 4: config 5 (lr=0.0001, dropout=0.4) epoca 6: train_loss=0.0824 val_loss=0.1259 val_BA=1.000 mejor_epoca=6
2026-10-01 13:06:08,728 INFO ICBHI/no_dn_aug fold 4: config 5 (lr=0.0001, dropout=0.4) epoca 8: train_loss=0.0501 val_loss=0.0821 val_BA=1.000 mejor_epoca=8
2026-10-01 13:06:12,707 INFO ICBHI/no_dn_aug fold 4: config 5 (lr=0.0001, dropout=0.4) epoca 10: train_loss=0.0546 val_loss=0.0946 val_BA=1.000 mejor_epoca=8
2026-10-01 13:06:14,696 INFO ICBHI/no_dn_aug fold 4: config 5 (lr=0.0001, dropout=0.4) epoca 11: train_loss=0.0322 val_loss=0.0791 val_BA=1.000 mejor_epoca=11
2026-10-01 13:06:22,626 INFO ICBHI/no_dn_aug fold 4: config 5 (lr=0.0001, dropout=0.4) epoca 15: train_loss=0.0176 val_loss=0.0455 val_BA=1.000 mejor_epoca=15
2026-10-01 13:06:32,558 INFO ICBHI/no_dn_aug fold 4: config 5 (lr=0.0001, dropout=0.4) epoca 20: train_loss=0.0077 val_loss=0.0498 val_BA=0.875 mejor_epoca=15
2026-10-01 13:06:52,418 INFO ICBHI/no_dn_aug fold 4: config 5 (lr=0.0001, dropout=0.4) epoca 30: train_loss=0.0320 val_loss=0.0500 val_BA=0.875 mejor_epoca=15
2026-10-01 13:06:52,439 INFO ICBHI/no_dn_aug fold 4 config 5: OK val_BA=1.000 mejor_epoca=15 (1.0 min)
2026-10-01 13:06:53,971 INFO ICBHI/permuted_labels fold 0: log-mel no_dn listo en 0.5 s, forma (4715, 1, 64, 309)
2026-10-01 13:06:53,985 INFO ICBHI/permuted_labels fold 0: 57/15 pacientes train/validation, 1 de 1 configuracion(es) por evaluar
2026-10-01 13:06:55,884 INFO ICBHI/permuted_labels fold 0: config 1 (lr=0.0001, dropout=0.3) epoca 1: train_loss=0.6473 val_loss=1.0623 val_BA=0.170 mejor_epoca=1
2026-10-01 13:06:57,620 INFO ICBHI/permuted_labels fold 0: config 1 (lr=0.0001, dropout=0.3) epoca 2: train_loss=0.5754 val_loss=0.8544 val_BA=0.273 mejor_epoca=2
2026-10-01 13:07:02,828 INFO ICBHI/permuted_labels fold 0: config 1 (lr=0.0001, dropout=0.3) epoca 5: train_loss=0.3217 val_loss=2.0797 val_BA=0.500 mejor_epoca=5
2026-10-01 13:07:04,564 INFO ICBHI/permuted_labels fold 0: config 1 (lr=0.0001, dropout=0.3) epoca 6: train_loss=0.2598 val_loss=0.7295 val_BA=0.500 mejor_epoca=6
2026-10-01 13:07:11,510 INFO ICBHI/permuted_labels fold 0: config 1 (lr=0.0001, dropout=0.3) epoca 10: train_loss=0.0853 val_loss=1.1868 val_BA=0.318 mejor_epoca=6
2026-10-01 13:07:13,246 INFO ICBHI/permuted_labels fold 0: config 1 (lr=0.0001, dropout=0.3) epoca 11: train_loss=0.0658 val_loss=0.5997 val_BA=0.500 mejor_epoca=11
2026-10-01 13:07:14,982 INFO ICBHI/permuted_labels fold 0: config 1 (lr=0.0001, dropout=0.3) epoca 12: train_loss=0.0520 val_loss=0.4639 val_BA=0.500 mejor_epoca=12
2026-10-01 13:07:28,872 INFO ICBHI/permuted_labels fold 0: config 1 (lr=0.0001, dropout=0.3) epoca 20: train_loss=0.0070 val_loss=0.9635 val_BA=0.455 mejor_epoca=12
2026-10-01 13:07:41,041 INFO ICBHI/permuted_labels fold 0 config 1: OK val_BA=0.500 mejor_epoca=12 (0.8 min)
2026-10-01 13:07:41,566 INFO ICBHI/permuted_labels fold 1: log-mel no_dn listo en 0.5 s, forma (4715, 1, 64, 309)
2026-10-01 13:07:41,581 INFO ICBHI/permuted_labels fold 1: 57/15 pacientes train/validation, 1 de 1 configuracion(es) por evaluar
2026-10-01 13:07:43,549 INFO ICBHI/permuted_labels fold 1: config 1 (lr=0.0001, dropout=0.3) epoca 1: train_loss=0.7142 val_loss=0.6944 val_BA=0.292 mejor_epoca=1
2026-10-01 13:07:47,151 INFO ICBHI/permuted_labels fold 1: config 1 (lr=0.0001, dropout=0.3) epoca 3: train_loss=0.5303 val_loss=0.8656 val_BA=0.417 mejor_epoca=3
2026-10-01 13:07:52,554 INFO ICBHI/permuted_labels fold 1: config 1 (lr=0.0001, dropout=0.3) epoca 6: train_loss=0.2493 val_loss=0.8482 val_BA=0.417 mejor_epoca=6
2026-10-01 13:07:59,756 INFO ICBHI/permuted_labels fold 1: config 1 (lr=0.0001, dropout=0.3) epoca 10: train_loss=0.0675 val_loss=1.6531 val_BA=0.417 mejor_epoca=6
2026-10-01 13:08:01,557 INFO ICBHI/permuted_labels fold 1: config 1 (lr=0.0001, dropout=0.3) epoca 11: train_loss=0.0630 val_loss=1.3848 val_BA=0.458 mejor_epoca=11
2026-10-01 13:08:05,158 INFO ICBHI/permuted_labels fold 1: config 1 (lr=0.0001, dropout=0.3) epoca 13: train_loss=0.0309 val_loss=1.3592 val_BA=0.500 mejor_epoca=13
2026-10-01 13:08:17,762 INFO ICBHI/permuted_labels fold 1: config 1 (lr=0.0001, dropout=0.3) epoca 20: train_loss=0.0057 val_loss=1.5119 val_BA=0.375 mejor_epoca=13
2026-10-01 13:08:19,563 INFO ICBHI/permuted_labels fold 1: config 1 (lr=0.0001, dropout=0.3) epoca 21: train_loss=0.0063 val_loss=3.4980 val_BA=0.542 mejor_epoca=21
2026-10-01 13:08:35,757 INFO ICBHI/permuted_labels fold 1: config 1 (lr=0.0001, dropout=0.3) epoca 30: train_loss=0.0020 val_loss=1.8813 val_BA=0.417 mejor_epoca=21
2026-10-01 13:08:46,575 INFO ICBHI/permuted_labels fold 1 config 1: OK val_BA=0.542 mejor_epoca=21 (1.1 min)
2026-10-01 13:08:47,103 INFO ICBHI/permuted_labels fold 2: log-mel no_dn listo en 0.5 s, forma (4715, 1, 64, 309)
2026-10-01 13:08:47,117 INFO ICBHI/permuted_labels fold 2: 58/14 pacientes train/validation, 1 de 1 configuracion(es) por evaluar
2026-10-01 13:08:49,009 INFO ICBHI/permuted_labels fold 2: config 1 (lr=0.0001, dropout=0.3) epoca 1: train_loss=0.6889 val_loss=0.9009 val_BA=0.250 mejor_epoca=1
2026-10-01 13:08:50,740 INFO ICBHI/permuted_labels fold 2: config 1 (lr=0.0001, dropout=0.3) epoca 2: train_loss=0.6156 val_loss=1.1352 val_BA=0.350 mejor_epoca=2
2026-10-01 13:08:52,472 INFO ICBHI/permuted_labels fold 2: config 1 (lr=0.0001, dropout=0.3) epoca 3: train_loss=0.5576 val_loss=1.2981 val_BA=0.500 mejor_epoca=3
2026-10-01 13:08:59,397 INFO ICBHI/permuted_labels fold 2: config 1 (lr=0.0001, dropout=0.3) epoca 7: train_loss=0.2244 val_loss=0.8235 val_BA=0.650 mejor_epoca=7
2026-10-01 13:09:04,593 INFO ICBHI/permuted_labels fold 2: config 1 (lr=0.0001, dropout=0.3) epoca 10: train_loss=0.1060 val_loss=0.9762 val_BA=0.500 mejor_epoca=7
2026-10-01 13:09:21,901 INFO ICBHI/permuted_labels fold 2: config 1 (lr=0.0001, dropout=0.3) epoca 20: train_loss=0.0087 val_loss=1.6373 val_BA=0.350 mejor_epoca=7
2026-10-01 13:09:25,382 INFO ICBHI/permuted_labels fold 2 config 1: OK val_BA=0.650 mejor_epoca=7 (0.6 min)
2026-10-01 13:09:25,922 INFO ICBHI/permuted_labels fold 3: log-mel no_dn listo en 0.5 s, forma (4715, 1, 64, 309)
2026-10-01 13:09:25,937 INFO ICBHI/permuted_labels fold 3: 58/14 pacientes train/validation, 1 de 1 configuracion(es) por evaluar
2026-10-01 13:09:27,883 INFO ICBHI/permuted_labels fold 3: config 1 (lr=0.0001, dropout=0.3) epoca 1: train_loss=0.7083 val_loss=0.7314 val_BA=0.333 mejor_epoca=1
2026-10-01 13:09:29,662 INFO ICBHI/permuted_labels fold 3: config 1 (lr=0.0001, dropout=0.3) epoca 2: train_loss=0.6469 val_loss=0.7861 val_BA=0.678 mejor_epoca=2
2026-10-01 13:09:43,901 INFO ICBHI/permuted_labels fold 3: config 1 (lr=0.0001, dropout=0.3) epoca 10: train_loss=0.1086 val_loss=1.1571 val_BA=0.578 mejor_epoca=2
2026-10-01 13:10:01,702 INFO ICBHI/permuted_labels fold 3: config 1 (lr=0.0001, dropout=0.3) epoca 20: train_loss=0.0124 val_loss=1.3160 val_BA=0.578 mejor_epoca=2
2026-10-01 13:10:01,722 INFO ICBHI/permuted_labels fold 3 config 1: OK val_BA=0.678 mejor_epoca=2 (0.6 min)
2026-10-01 13:10:02,247 INFO ICBHI/permuted_labels fold 4: log-mel no_dn listo en 0.5 s, forma (4715, 1, 64, 309)
2026-10-01 13:10:02,261 INFO ICBHI/permuted_labels fold 4: 58/14 pacientes train/validation, 1 de 1 configuracion(es) por evaluar
2026-10-01 13:10:04,132 INFO ICBHI/permuted_labels fold 4: config 1 (lr=0.0001, dropout=0.3) epoca 1: train_loss=0.6787 val_loss=0.7263 val_BA=0.422 mejor_epoca=1
2026-10-01 13:10:05,845 INFO ICBHI/permuted_labels fold 4: config 1 (lr=0.0001, dropout=0.3) epoca 2: train_loss=0.6032 val_loss=1.0340 val_BA=0.500 mejor_epoca=2
2026-10-01 13:10:07,559 INFO ICBHI/permuted_labels fold 4: config 1 (lr=0.0001, dropout=0.3) epoca 3: train_loss=0.5306 val_loss=1.3595 val_BA=0.611 mejor_epoca=3
2026-10-01 13:10:19,555 INFO ICBHI/permuted_labels fold 4: config 1 (lr=0.0001, dropout=0.3) epoca 10: train_loss=0.0759 val_loss=2.2169 val_BA=0.567 mejor_epoca=3
2026-10-01 13:10:36,684 INFO ICBHI/permuted_labels fold 4: config 1 (lr=0.0001, dropout=0.3) epoca 20: train_loss=0.0068 val_loss=2.2245 val_BA=0.478 mejor_epoca=3
2026-10-01 13:10:36,705 INFO ICBHI/permuted_labels fold 4 config 1: OK val_BA=0.611 mejor_epoca=3 (0.6 min)
2026-10-01 13:10:38,089 INFO seed_20261205: preparando cnn_no_dn con configuracion congelada 1
2026-10-01 13:10:38,871 INFO log-mel ICBHI/cv/fold_00/no_dn: 500/4715
2026-10-01 13:10:39,440 INFO log-mel ICBHI/cv/fold_00/no_dn: 1000/4715
2026-10-01 13:10:40,008 INFO log-mel ICBHI/cv/fold_00/no_dn: 1500/4715
2026-10-01 13:10:40,578 INFO log-mel ICBHI/cv/fold_00/no_dn: 2000/4715
2026-10-01 13:10:41,146 INFO log-mel ICBHI/cv/fold_00/no_dn: 2500/4715
2026-10-01 13:10:41,715 INFO log-mel ICBHI/cv/fold_00/no_dn: 3000/4715
2026-10-01 13:10:42,284 INFO log-mel ICBHI/cv/fold_00/no_dn: 3500/4715
2026-10-01 13:10:42,940 INFO log-mel ICBHI/cv/fold_00/no_dn: 4000/4715
2026-10-01 13:10:43,508 INFO log-mel ICBHI/cv/fold_00/no_dn: 4500/4715
2026-10-01 13:10:43,752 INFO log-mel ICBHI/cv/fold_00/no_dn: 4715/4715
2026-10-01 13:10:44,358 INFO ICBHI/no_dn fold 0: log-mel no_dn listo en 6.3 s, forma (4715, 1, 64, 309)
2026-10-01 13:10:44,371 INFO ICBHI/no_dn fold 0: 57/15 pacientes train/validation, 1 de 1 configuracion(es) por evaluar
2026-10-01 13:10:46,335 INFO ICBHI/no_dn fold 0: config 1 (lr=0.0001, dropout=0.3) epoca 1: train_loss=0.5174 val_loss=0.5659 val_BA=0.750 mejor_epoca=1
2026-10-01 13:10:51,737 INFO ICBHI/no_dn fold 0: config 1 (lr=0.0001, dropout=0.3) epoca 4: train_loss=0.1532 val_loss=0.5574 val_BA=0.950 mejor_epoca=4
2026-10-01 13:10:57,144 INFO ICBHI/no_dn fold 0: config 1 (lr=0.0001, dropout=0.3) epoca 7: train_loss=0.0543 val_loss=0.3639 val_BA=1.000 mejor_epoca=7
2026-10-01 13:11:02,552 INFO ICBHI/no_dn fold 0: config 1 (lr=0.0001, dropout=0.3) epoca 10: train_loss=0.0274 val_loss=0.1173 val_BA=0.900 mejor_epoca=7
2026-10-01 13:11:04,355 INFO ICBHI/no_dn fold 0: config 1 (lr=0.0001, dropout=0.3) epoca 11: train_loss=0.0220 val_loss=0.1016 val_BA=1.000 mejor_epoca=11
2026-10-01 13:11:20,590 INFO ICBHI/no_dn fold 0: config 1 (lr=0.0001, dropout=0.3) epoca 20: train_loss=0.0083 val_loss=0.1243 val_BA=0.900 mejor_epoca=11
2026-10-01 13:11:31,438 INFO ICBHI/no_dn fold 0 config 1: OK val_BA=1.000 mejor_epoca=11 (0.8 min)
2026-10-01 13:11:32,225 INFO log-mel ICBHI/cv/fold_01/no_dn: 500/4715
2026-10-01 13:11:32,797 INFO log-mel ICBHI/cv/fold_01/no_dn: 1000/4715
2026-10-01 13:11:33,368 INFO log-mel ICBHI/cv/fold_01/no_dn: 1500/4715
2026-10-01 13:11:33,979 INFO log-mel ICBHI/cv/fold_01/no_dn: 2000/4715
2026-10-01 13:11:34,550 INFO log-mel ICBHI/cv/fold_01/no_dn: 2500/4715
2026-10-01 13:11:35,122 INFO log-mel ICBHI/cv/fold_01/no_dn: 3000/4715
2026-10-01 13:11:35,694 INFO log-mel ICBHI/cv/fold_01/no_dn: 3500/4715
2026-10-01 13:11:36,265 INFO log-mel ICBHI/cv/fold_01/no_dn: 4000/4715
2026-10-01 13:11:36,837 INFO log-mel ICBHI/cv/fold_01/no_dn: 4500/4715
2026-10-01 13:11:37,083 INFO log-mel ICBHI/cv/fold_01/no_dn: 4715/4715
2026-10-01 13:11:37,699 INFO ICBHI/no_dn fold 1: log-mel no_dn listo en 6.2 s, forma (4715, 1, 64, 309)
2026-10-01 13:11:37,712 INFO ICBHI/no_dn fold 1: 57/15 pacientes train/validation, 1 de 1 configuracion(es) por evaluar
2026-10-01 13:11:39,661 INFO ICBHI/no_dn fold 1: config 1 (lr=0.0001, dropout=0.3) epoca 1: train_loss=0.5392 val_loss=0.1958 val_BA=0.625 mejor_epoca=1
2026-10-01 13:11:41,417 INFO ICBHI/no_dn fold 1: config 1 (lr=0.0001, dropout=0.3) epoca 2: train_loss=0.2885 val_loss=0.7192 val_BA=0.909 mejor_epoca=2
2026-10-01 13:11:44,933 INFO ICBHI/no_dn fold 1: config 1 (lr=0.0001, dropout=0.3) epoca 4: train_loss=0.1262 val_loss=0.4551 val_BA=0.955 mejor_epoca=4
2026-10-01 13:11:48,452 INFO ICBHI/no_dn fold 1: config 1 (lr=0.0001, dropout=0.3) epoca 6: train_loss=0.0654 val_loss=0.3542 val_BA=0.955 mejor_epoca=6
2026-10-01 13:11:50,212 INFO ICBHI/no_dn fold 1: config 1 (lr=0.0001, dropout=0.3) epoca 7: train_loss=0.0501 val_loss=0.1081 val_BA=1.000 mejor_epoca=7
2026-10-01 13:11:55,491 INFO ICBHI/no_dn fold 1: config 1 (lr=0.0001, dropout=0.3) epoca 10: train_loss=0.0220 val_loss=0.4154 val_BA=0.955 mejor_epoca=7
2026-10-01 13:11:59,012 INFO ICBHI/no_dn fold 1: config 1 (lr=0.0001, dropout=0.3) epoca 12: train_loss=0.0187 val_loss=0.0856 val_BA=1.000 mejor_epoca=12
2026-10-01 13:12:06,050 INFO ICBHI/no_dn fold 1: config 1 (lr=0.0001, dropout=0.3) epoca 16: train_loss=0.0087 val_loss=0.0396 val_BA=1.000 mejor_epoca=16
2026-10-01 13:12:13,090 INFO ICBHI/no_dn fold 1: config 1 (lr=0.0001, dropout=0.3) epoca 20: train_loss=0.0058 val_loss=0.0344 val_BA=0.875 mejor_epoca=16
2026-10-01 13:12:16,611 INFO ICBHI/no_dn fold 1: config 1 (lr=0.0001, dropout=0.3) epoca 22: train_loss=0.0048 val_loss=0.0365 val_BA=1.000 mejor_epoca=22
2026-10-01 13:12:30,699 INFO ICBHI/no_dn fold 1: config 1 (lr=0.0001, dropout=0.3) epoca 30: train_loss=0.0032 val_loss=0.0268 val_BA=0.875 mejor_epoca=22
2026-10-01 13:12:43,050 INFO ICBHI/no_dn fold 1 config 1: OK val_BA=1.000 mejor_epoca=22 (1.1 min)
2026-10-01 13:12:43,825 INFO log-mel ICBHI/cv/fold_02/no_dn: 500/4715
2026-10-01 13:12:44,387 INFO log-mel ICBHI/cv/fold_02/no_dn: 1000/4715
2026-10-01 13:12:44,948 INFO log-mel ICBHI/cv/fold_02/no_dn: 1500/4715
2026-10-01 13:12:45,508 INFO log-mel ICBHI/cv/fold_02/no_dn: 2000/4715
2026-10-01 13:12:46,121 INFO log-mel ICBHI/cv/fold_02/no_dn: 2500/4715
2026-10-01 13:12:46,682 INFO log-mel ICBHI/cv/fold_02/no_dn: 3000/4715
2026-10-01 13:12:47,243 INFO log-mel ICBHI/cv/fold_02/no_dn: 3500/4715
2026-10-01 13:12:47,803 INFO log-mel ICBHI/cv/fold_02/no_dn: 4000/4715
2026-10-01 13:12:48,364 INFO log-mel ICBHI/cv/fold_02/no_dn: 4500/4715
2026-10-01 13:12:48,605 INFO log-mel ICBHI/cv/fold_02/no_dn: 4715/4715
2026-10-01 13:12:49,197 INFO ICBHI/no_dn fold 2: log-mel no_dn listo en 6.1 s, forma (4715, 1, 64, 309)
2026-10-01 13:12:49,210 INFO ICBHI/no_dn fold 2: 58/14 pacientes train/validation, 1 de 1 configuracion(es) por evaluar
2026-10-01 13:12:51,205 INFO ICBHI/no_dn fold 2: config 1 (lr=0.0001, dropout=0.3) epoca 1: train_loss=0.5421 val_loss=0.3949 val_BA=0.825 mejor_epoca=1
2026-10-01 13:12:54,789 INFO ICBHI/no_dn fold 2: config 1 (lr=0.0001, dropout=0.3) epoca 3: train_loss=0.1679 val_loss=0.1890 val_BA=0.825 mejor_epoca=3
2026-10-01 13:13:00,167 INFO ICBHI/no_dn fold 2: config 1 (lr=0.0001, dropout=0.3) epoca 6: train_loss=0.0575 val_loss=0.1356 val_BA=0.825 mejor_epoca=6
2026-10-01 13:13:05,544 INFO ICBHI/no_dn fold 2: config 1 (lr=0.0001, dropout=0.3) epoca 9: train_loss=0.0247 val_loss=0.0691 val_BA=0.875 mejor_epoca=9
2026-10-01 13:13:07,336 INFO ICBHI/no_dn fold 2: config 1 (lr=0.0001, dropout=0.3) epoca 10: train_loss=0.0199 val_loss=0.2801 val_BA=0.950 mejor_epoca=10
2026-10-01 13:13:25,264 INFO ICBHI/no_dn fold 2: config 1 (lr=0.0001, dropout=0.3) epoca 20: train_loss=0.0062 val_loss=0.0949 val_BA=0.825 mejor_epoca=10
2026-10-01 13:13:34,250 INFO ICBHI/no_dn fold 2 config 1: OK val_BA=0.950 mejor_epoca=10 (0.8 min)
2026-10-01 13:13:35,026 INFO log-mel ICBHI/cv/fold_03/no_dn: 500/4715
2026-10-01 13:13:35,589 INFO log-mel ICBHI/cv/fold_03/no_dn: 1000/4715
2026-10-01 13:13:36,151 INFO log-mel ICBHI/cv/fold_03/no_dn: 1500/4715
2026-10-01 13:13:36,714 INFO log-mel ICBHI/cv/fold_03/no_dn: 2000/4715
2026-10-01 13:13:37,276 INFO log-mel ICBHI/cv/fold_03/no_dn: 2500/4715
2026-10-01 13:13:37,838 INFO log-mel ICBHI/cv/fold_03/no_dn: 3000/4715
2026-10-01 13:13:38,474 INFO log-mel ICBHI/cv/fold_03/no_dn: 3500/4715
2026-10-01 13:13:39,036 INFO log-mel ICBHI/cv/fold_03/no_dn: 4000/4715
2026-10-01 13:13:39,599 INFO log-mel ICBHI/cv/fold_03/no_dn: 4500/4715
2026-10-01 13:13:39,841 INFO log-mel ICBHI/cv/fold_03/no_dn: 4715/4715
2026-10-01 13:13:40,442 INFO ICBHI/no_dn fold 3: log-mel no_dn listo en 6.2 s, forma (4715, 1, 64, 309)
2026-10-01 13:13:40,455 INFO ICBHI/no_dn fold 3: 58/14 pacientes train/validation, 1 de 1 configuracion(es) por evaluar
2026-10-01 13:13:42,287 INFO ICBHI/no_dn fold 3: config 1 (lr=0.0001, dropout=0.3) epoca 1: train_loss=0.5255 val_loss=0.5563 val_BA=0.700 mejor_epoca=1
2026-10-01 13:13:45,567 INFO ICBHI/no_dn fold 3: config 1 (lr=0.0001, dropout=0.3) epoca 3: train_loss=0.2856 val_loss=0.7678 val_BA=0.950 mejor_epoca=3
2026-10-01 13:13:48,847 INFO ICBHI/no_dn fold 3: config 1 (lr=0.0001, dropout=0.3) epoca 5: train_loss=0.1238 val_loss=0.7501 val_BA=0.950 mejor_epoca=5
2026-10-01 13:13:50,488 INFO ICBHI/no_dn fold 3: config 1 (lr=0.0001, dropout=0.3) epoca 6: train_loss=0.0884 val_loss=0.3117 val_BA=1.000 mejor_epoca=6
2026-10-01 13:13:55,413 INFO ICBHI/no_dn fold 3: config 1 (lr=0.0001, dropout=0.3) epoca 9: train_loss=0.0455 val_loss=0.1424 val_BA=1.000 mejor_epoca=9
2026-10-01 13:13:57,055 INFO ICBHI/no_dn fold 3: config 1 (lr=0.0001, dropout=0.3) epoca 10: train_loss=0.0366 val_loss=0.4396 val_BA=1.000 mejor_epoca=9
2026-10-01 13:14:10,190 INFO ICBHI/no_dn fold 3: config 1 (lr=0.0001, dropout=0.3) epoca 18: train_loss=0.0147 val_loss=0.1372 val_BA=1.000 mejor_epoca=18
2026-10-01 13:14:13,475 INFO ICBHI/no_dn fold 3: config 1 (lr=0.0001, dropout=0.3) epoca 20: train_loss=0.0091 val_loss=0.1012 val_BA=0.875 mejor_epoca=18
2026-10-01 13:14:29,911 INFO ICBHI/no_dn fold 3: config 1 (lr=0.0001, dropout=0.3) epoca 30: train_loss=0.0065 val_loss=0.0735 val_BA=0.500 mejor_epoca=18
2026-10-01 13:14:34,862 INFO ICBHI/no_dn fold 3 config 1: OK val_BA=1.000 mejor_epoca=18 (0.9 min)
2026-10-01 13:14:35,641 INFO log-mel ICBHI/cv/fold_04/no_dn: 500/4715
2026-10-01 13:14:36,218 INFO log-mel ICBHI/cv/fold_04/no_dn: 1000/4715
2026-10-01 13:14:36,794 INFO log-mel ICBHI/cv/fold_04/no_dn: 1500/4715
2026-10-01 13:14:37,358 INFO log-mel ICBHI/cv/fold_04/no_dn: 2000/4715
2026-10-01 13:14:37,923 INFO log-mel ICBHI/cv/fold_04/no_dn: 2500/4715
2026-10-01 13:14:38,487 INFO log-mel ICBHI/cv/fold_04/no_dn: 3000/4715
2026-10-01 13:14:39,051 INFO log-mel ICBHI/cv/fold_04/no_dn: 3500/4715
2026-10-01 13:14:39,616 INFO log-mel ICBHI/cv/fold_04/no_dn: 4000/4715
2026-10-01 13:14:40,180 INFO log-mel ICBHI/cv/fold_04/no_dn: 4500/4715
2026-10-01 13:14:40,423 INFO log-mel ICBHI/cv/fold_04/no_dn: 4715/4715
2026-10-01 13:14:41,027 INFO ICBHI/no_dn fold 4: log-mel no_dn listo en 6.2 s, forma (4715, 1, 64, 309)
2026-10-01 13:14:41,040 INFO ICBHI/no_dn fold 4: 58/14 pacientes train/validation, 1 de 1 configuracion(es) por evaluar
2026-10-01 13:14:42,926 INFO ICBHI/no_dn fold 4: config 1 (lr=0.0001, dropout=0.3) epoca 1: train_loss=0.5793 val_loss=0.6136 val_BA=0.825 mejor_epoca=1
2026-10-01 13:14:44,659 INFO ICBHI/no_dn fold 4: config 1 (lr=0.0001, dropout=0.3) epoca 2: train_loss=0.3539 val_loss=0.5713 val_BA=0.950 mejor_epoca=2
2026-10-01 13:14:53,327 INFO ICBHI/no_dn fold 4: config 1 (lr=0.0001, dropout=0.3) epoca 7: train_loss=0.0571 val_loss=0.1393 val_BA=1.000 mejor_epoca=7
2026-10-01 13:14:58,528 INFO ICBHI/no_dn fold 4: config 1 (lr=0.0001, dropout=0.3) epoca 10: train_loss=0.0274 val_loss=0.1303 val_BA=1.000 mejor_epoca=10
2026-10-01 13:15:10,667 INFO ICBHI/no_dn fold 4: config 1 (lr=0.0001, dropout=0.3) epoca 17: train_loss=0.0113 val_loss=0.1148 val_BA=1.000 mejor_epoca=17
2026-10-01 13:15:15,869 INFO ICBHI/no_dn fold 4: config 1 (lr=0.0001, dropout=0.3) epoca 20: train_loss=0.0087 val_loss=0.1302 val_BA=0.750 mejor_epoca=17
2026-10-01 13:15:19,340 INFO ICBHI/no_dn fold 4: config 1 (lr=0.0001, dropout=0.3) epoca 22: train_loss=0.0073 val_loss=0.0987 val_BA=1.000 mejor_epoca=22
2026-10-01 13:15:31,485 INFO ICBHI/no_dn fold 4: config 1 (lr=0.0001, dropout=0.3) epoca 29: train_loss=0.0044 val_loss=0.0884 val_BA=1.000 mejor_epoca=29
2026-10-01 13:15:33,221 INFO ICBHI/no_dn fold 4: config 1 (lr=0.0001, dropout=0.3) epoca 30: train_loss=0.0038 val_loss=0.1448 val_BA=0.750 mejor_epoca=29
2026-10-01 13:15:36,694 INFO ICBHI/no_dn fold 4: config 1 (lr=0.0001, dropout=0.3) epoca 32: train_loss=0.0037 val_loss=0.0801 val_BA=1.000 mejor_epoca=32
2026-10-01 13:15:48,849 INFO ICBHI/no_dn fold 4: config 1 (lr=0.0001, dropout=0.3) epoca 39: train_loss=0.0028 val_loss=0.0786 val_BA=1.000 mejor_epoca=39
2026-10-01 13:15:50,585 INFO ICBHI/no_dn fold 4: config 1 (lr=0.0001, dropout=0.3) epoca 40: train_loss=0.0026 val_loss=0.1107 val_BA=0.875 mejor_epoca=39
2026-10-01 13:16:07,953 INFO ICBHI/no_dn fold 4: config 1 (lr=0.0001, dropout=0.3) epoca 50: train_loss=0.0014 val_loss=0.1016 val_BA=0.875 mejor_epoca=39
2026-10-01 13:16:14,920 INFO ICBHI/no_dn fold 4 config 1: OK val_BA=1.000 mejor_epoca=39 (1.6 min)
2026-10-01 13:16:15,908 INFO seed_20261205: preparando cnn_dn con configuracion congelada 0
2026-10-01 13:16:16,693 INFO log-mel ICBHI/cv/fold_00/dn: 500/4715
2026-10-01 13:16:17,264 INFO log-mel ICBHI/cv/fold_00/dn: 1000/4715
2026-10-01 13:16:17,835 INFO log-mel ICBHI/cv/fold_00/dn: 1500/4715
2026-10-01 13:16:18,407 INFO log-mel ICBHI/cv/fold_00/dn: 2000/4715
2026-10-01 13:16:18,978 INFO log-mel ICBHI/cv/fold_00/dn: 2500/4715
2026-10-01 13:16:19,549 INFO log-mel ICBHI/cv/fold_00/dn: 3000/4715
2026-10-01 13:16:20,196 INFO log-mel ICBHI/cv/fold_00/dn: 3500/4715
2026-10-01 13:16:20,767 INFO log-mel ICBHI/cv/fold_00/dn: 4000/4715
2026-10-01 13:16:21,339 INFO log-mel ICBHI/cv/fold_00/dn: 4500/4715
2026-10-01 13:16:21,584 INFO log-mel ICBHI/cv/fold_00/dn: 4715/4715
2026-10-01 13:16:22,181 INFO ICBHI/dn fold 0: log-mel dn listo en 6.3 s, forma (4715, 1, 64, 309)
2026-10-01 13:16:22,194 INFO ICBHI/dn fold 0: 57/15 pacientes train/validation, 1 de 1 configuracion(es) por evaluar
2026-10-01 13:16:24,500 INFO ICBHI/dn fold 0: config 0 (lr=0.0001, dropout=0.3) epoca 1: train_loss=0.5368 val_loss=0.4102 val_BA=0.900 mejor_epoca=1
2026-10-01 13:16:26,642 INFO ICBHI/dn fold 0: config 0 (lr=0.0001, dropout=0.3) epoca 2: train_loss=0.3269 val_loss=0.2022 val_BA=1.000 mejor_epoca=2
2026-10-01 13:16:28,785 INFO ICBHI/dn fold 0: config 0 (lr=0.0001, dropout=0.3) epoca 3: train_loss=0.1752 val_loss=0.1772 val_BA=1.000 mejor_epoca=3
2026-10-01 13:16:37,359 INFO ICBHI/dn fold 0: config 0 (lr=0.0001, dropout=0.3) epoca 7: train_loss=0.0340 val_loss=0.0764 val_BA=1.000 mejor_epoca=7
2026-10-01 13:16:39,505 INFO ICBHI/dn fold 0: config 0 (lr=0.0001, dropout=0.3) epoca 8: train_loss=0.0319 val_loss=0.0499 val_BA=1.000 mejor_epoca=8
2026-10-01 13:16:43,793 INFO ICBHI/dn fold 0: config 0 (lr=0.0001, dropout=0.3) epoca 10: train_loss=0.0201 val_loss=0.0716 val_BA=1.000 mejor_epoca=8
2026-10-01 13:16:48,084 INFO ICBHI/dn fold 0: config 0 (lr=0.0001, dropout=0.3) epoca 12: train_loss=0.0063 val_loss=0.0389 val_BA=1.000 mejor_epoca=12
2026-10-01 13:16:58,806 INFO ICBHI/dn fold 0: config 0 (lr=0.0001, dropout=0.3) epoca 17: train_loss=0.0047 val_loss=0.0236 val_BA=1.000 mejor_epoca=17
2026-10-01 13:17:05,239 INFO ICBHI/dn fold 0: config 0 (lr=0.0001, dropout=0.3) epoca 20: train_loss=0.0046 val_loss=0.0936 val_BA=0.900 mejor_epoca=17
2026-10-01 13:17:24,528 INFO ICBHI/dn fold 0: config 0 (lr=0.0001, dropout=0.3) epoca 29: train_loss=0.0014 val_loss=0.0128 val_BA=1.000 mejor_epoca=29
2026-10-01 13:17:26,674 INFO ICBHI/dn fold 0: config 0 (lr=0.0001, dropout=0.3) epoca 30: train_loss=0.0019 val_loss=0.1533 val_BA=0.800 mejor_epoca=29
2026-10-01 13:17:48,078 INFO ICBHI/dn fold 0: config 0 (lr=0.0001, dropout=0.3) epoca 40: train_loss=0.0006 val_loss=0.1603 val_BA=0.900 mejor_epoca=29
2026-10-01 13:17:56,654 INFO ICBHI/dn fold 0 config 0: OK val_BA=1.000 mejor_epoca=29 (1.6 min)
2026-10-01 13:17:57,440 INFO log-mel ICBHI/cv/fold_01/dn: 500/4715
2026-10-01 13:17:58,012 INFO log-mel ICBHI/cv/fold_01/dn: 1000/4715
2026-10-01 13:17:58,585 INFO log-mel ICBHI/cv/fold_01/dn: 1500/4715
2026-10-01 13:17:59,158 INFO log-mel ICBHI/cv/fold_01/dn: 2000/4715
2026-10-01 13:17:59,732 INFO log-mel ICBHI/cv/fold_01/dn: 2500/4715
2026-10-01 13:18:00,305 INFO log-mel ICBHI/cv/fold_01/dn: 3000/4715
2026-10-01 13:18:00,952 INFO log-mel ICBHI/cv/fold_01/dn: 3500/4715
2026-10-01 13:18:01,525 INFO log-mel ICBHI/cv/fold_01/dn: 4000/4715
2026-10-01 13:18:02,098 INFO log-mel ICBHI/cv/fold_01/dn: 4500/4715
2026-10-01 13:18:02,344 INFO log-mel ICBHI/cv/fold_01/dn: 4715/4715
2026-10-01 13:18:02,951 INFO ICBHI/dn fold 1: log-mel dn listo en 6.3 s, forma (4715, 1, 64, 309)
2026-10-01 13:18:02,964 INFO ICBHI/dn fold 1: 57/15 pacientes train/validation, 1 de 1 configuracion(es) por evaluar
2026-10-01 13:18:05,209 INFO ICBHI/dn fold 1: config 0 (lr=0.0001, dropout=0.3) epoca 1: train_loss=0.6526 val_loss=0.8668 val_BA=0.773 mejor_epoca=1
2026-10-01 13:18:07,294 INFO ICBHI/dn fold 1: config 0 (lr=0.0001, dropout=0.3) epoca 2: train_loss=0.3526 val_loss=0.2362 val_BA=0.875 mejor_epoca=2
2026-10-01 13:18:09,380 INFO ICBHI/dn fold 1: config 0 (lr=0.0001, dropout=0.3) epoca 3: train_loss=0.1935 val_loss=0.1630 val_BA=0.875 mejor_epoca=3
2026-10-01 13:18:11,465 INFO ICBHI/dn fold 1: config 0 (lr=0.0001, dropout=0.3) epoca 4: train_loss=0.1100 val_loss=0.1058 val_BA=0.875 mejor_epoca=4
2026-10-01 13:18:15,638 INFO ICBHI/dn fold 1: config 0 (lr=0.0001, dropout=0.3) epoca 6: train_loss=0.0814 val_loss=0.1126 val_BA=1.000 mejor_epoca=6
2026-10-01 13:18:17,724 INFO ICBHI/dn fold 1: config 0 (lr=0.0001, dropout=0.3) epoca 7: train_loss=0.0438 val_loss=0.0733 val_BA=1.000 mejor_epoca=7
2026-10-01 13:18:21,897 INFO ICBHI/dn fold 1: config 0 (lr=0.0001, dropout=0.3) epoca 9: train_loss=0.0236 val_loss=0.0594 val_BA=1.000 mejor_epoca=9
2026-10-01 13:18:23,984 INFO ICBHI/dn fold 1: config 0 (lr=0.0001, dropout=0.3) epoca 10: train_loss=0.0278 val_loss=0.1430 val_BA=1.000 mejor_epoca=9
2026-10-01 13:18:38,592 INFO ICBHI/dn fold 1: config 0 (lr=0.0001, dropout=0.3) epoca 17: train_loss=0.0061 val_loss=0.0386 val_BA=1.000 mejor_epoca=17
2026-10-01 13:18:44,853 INFO ICBHI/dn fold 1: config 0 (lr=0.0001, dropout=0.3) epoca 20: train_loss=0.0036 val_loss=0.0415 val_BA=1.000 mejor_epoca=17
2026-10-01 13:19:05,728 INFO ICBHI/dn fold 1: config 0 (lr=0.0001, dropout=0.3) epoca 30: train_loss=0.0017 val_loss=0.1883 val_BA=0.830 mejor_epoca=17
2026-10-01 13:19:09,903 INFO ICBHI/dn fold 1: config 0 (lr=0.0001, dropout=0.3) epoca 32: train_loss=0.0009 val_loss=0.0219 val_BA=1.000 mejor_epoca=32
2026-10-01 13:19:26,582 INFO ICBHI/dn fold 1: config 0 (lr=0.0001, dropout=0.3) epoca 40: train_loss=0.0002 val_loss=0.0443 val_BA=0.875 mejor_epoca=32
2026-10-01 13:19:41,168 INFO ICBHI/dn fold 1: config 0 (lr=0.0001, dropout=0.3) epoca 47: train_loss=0.0001 val_loss=0.0204 val_BA=1.000 mejor_epoca=47
2026-10-01 13:19:47,424 INFO ICBHI/dn fold 1: config 0 (lr=0.0001, dropout=0.3) epoca 50: train_loss=0.0015 val_loss=0.0376 val_BA=0.875 mejor_epoca=47
2026-10-01 13:20:08,254 INFO ICBHI/dn fold 1: config 0 (lr=0.0001, dropout=0.3) epoca 60: train_loss=0.0002 val_loss=0.0585 val_BA=0.875 mejor_epoca=47
2026-10-01 13:20:12,434 INFO ICBHI/dn fold 1 config 0: OK val_BA=1.000 mejor_epoca=47 (2.2 min)
2026-10-01 13:20:13,219 INFO log-mel ICBHI/cv/fold_02/dn: 500/4715
2026-10-01 13:20:13,804 INFO log-mel ICBHI/cv/fold_02/dn: 1000/4715
2026-10-01 13:20:14,374 INFO log-mel ICBHI/cv/fold_02/dn: 1500/4715
2026-10-01 13:20:14,945 INFO log-mel ICBHI/cv/fold_02/dn: 2000/4715
2026-10-01 13:20:15,515 INFO log-mel ICBHI/cv/fold_02/dn: 2500/4715
2026-10-01 13:20:16,086 INFO log-mel ICBHI/cv/fold_02/dn: 3000/4715
2026-10-01 13:20:16,656 INFO log-mel ICBHI/cv/fold_02/dn: 3500/4715
2026-10-01 13:20:17,226 INFO log-mel ICBHI/cv/fold_02/dn: 4000/4715
2026-10-01 13:20:17,796 INFO log-mel ICBHI/cv/fold_02/dn: 4500/4715
2026-10-01 13:20:18,041 INFO log-mel ICBHI/cv/fold_02/dn: 4715/4715
2026-10-01 13:20:18,635 INFO ICBHI/dn fold 2: log-mel dn listo en 6.2 s, forma (4715, 1, 64, 309)
2026-10-01 13:20:18,648 INFO ICBHI/dn fold 2: 58/14 pacientes train/validation, 1 de 1 configuracion(es) por evaluar
2026-10-01 13:20:20,937 INFO ICBHI/dn fold 2: config 0 (lr=0.0001, dropout=0.3) epoca 1: train_loss=0.6031 val_loss=0.5483 val_BA=0.825 mejor_epoca=1
2026-10-01 13:20:23,060 INFO ICBHI/dn fold 2: config 0 (lr=0.0001, dropout=0.3) epoca 2: train_loss=0.3052 val_loss=0.3861 val_BA=0.825 mejor_epoca=2
2026-10-01 13:20:25,185 INFO ICBHI/dn fold 2: config 0 (lr=0.0001, dropout=0.3) epoca 3: train_loss=0.1774 val_loss=0.1819 val_BA=0.825 mejor_epoca=3
2026-10-01 13:20:27,311 INFO ICBHI/dn fold 2: config 0 (lr=0.0001, dropout=0.3) epoca 4: train_loss=0.1037 val_loss=0.1425 val_BA=0.825 mejor_epoca=4
2026-10-01 13:20:29,436 INFO ICBHI/dn fold 2: config 0 (lr=0.0001, dropout=0.3) epoca 5: train_loss=0.0650 val_loss=0.1144 val_BA=0.825 mejor_epoca=5
2026-10-01 13:20:31,561 INFO ICBHI/dn fold 2: config 0 (lr=0.0001, dropout=0.3) epoca 6: train_loss=0.0667 val_loss=0.0993 val_BA=0.825 mejor_epoca=6
2026-10-01 13:20:40,067 INFO ICBHI/dn fold 2: config 0 (lr=0.0001, dropout=0.3) epoca 10: train_loss=0.0179 val_loss=0.1305 val_BA=0.825 mejor_epoca=6
2026-10-01 13:20:46,446 INFO ICBHI/dn fold 2: config 0 (lr=0.0001, dropout=0.3) epoca 13: train_loss=0.0076 val_loss=0.0948 val_BA=0.825 mejor_epoca=13
2026-10-01 13:20:52,824 INFO ICBHI/dn fold 2: config 0 (lr=0.0001, dropout=0.3) epoca 16: train_loss=0.0112 val_loss=0.0826 val_BA=0.875 mejor_epoca=16
2026-10-01 13:21:01,322 INFO ICBHI/dn fold 2: config 0 (lr=0.0001, dropout=0.3) epoca 20: train_loss=0.0077 val_loss=0.2241 val_BA=0.825 mejor_epoca=16
2026-10-01 13:21:22,555 INFO ICBHI/dn fold 2: config 0 (lr=0.0001, dropout=0.3) epoca 30: train_loss=0.0021 val_loss=0.1487 val_BA=0.700 mejor_epoca=16
2026-10-01 13:21:24,700 INFO ICBHI/dn fold 2 config 0: OK val_BA=0.875 mejor_epoca=16 (1.1 min)
2026-10-01 13:21:25,486 INFO log-mel ICBHI/cv/fold_03/dn: 500/4715
2026-10-01 13:21:26,058 INFO log-mel ICBHI/cv/fold_03/dn: 1000/4715
2026-10-01 13:21:26,630 INFO log-mel ICBHI/cv/fold_03/dn: 1500/4715
2026-10-01 13:21:27,202 INFO log-mel ICBHI/cv/fold_03/dn: 2000/4715
2026-10-01 13:21:27,828 INFO log-mel ICBHI/cv/fold_03/dn: 2500/4715
2026-10-01 13:21:28,401 INFO log-mel ICBHI/cv/fold_03/dn: 3000/4715
2026-10-01 13:21:28,973 INFO log-mel ICBHI/cv/fold_03/dn: 3500/4715
2026-10-01 13:21:29,545 INFO log-mel ICBHI/cv/fold_03/dn: 4000/4715
2026-10-01 13:21:30,118 INFO log-mel ICBHI/cv/fold_03/dn: 4500/4715
2026-10-01 13:21:30,364 INFO log-mel ICBHI/cv/fold_03/dn: 4715/4715
2026-10-01 13:21:30,974 INFO ICBHI/dn fold 3: log-mel dn listo en 6.3 s, forma (4715, 1, 64, 309)
2026-10-01 13:21:30,987 INFO ICBHI/dn fold 3: 58/14 pacientes train/validation, 1 de 1 configuracion(es) por evaluar
2026-10-01 13:21:33,068 INFO ICBHI/dn fold 3: config 0 (lr=0.0001, dropout=0.3) epoca 1: train_loss=0.5141 val_loss=0.4636 val_BA=0.825 mejor_epoca=1
2026-10-01 13:21:36,943 INFO ICBHI/dn fold 3: config 0 (lr=0.0001, dropout=0.3) epoca 3: train_loss=0.2082 val_loss=0.2670 val_BA=0.875 mejor_epoca=3
2026-10-01 13:21:46,634 INFO ICBHI/dn fold 3: config 0 (lr=0.0001, dropout=0.3) epoca 8: train_loss=0.0264 val_loss=0.0808 val_BA=1.000 mejor_epoca=8
2026-10-01 13:21:50,509 INFO ICBHI/dn fold 3: config 0 (lr=0.0001, dropout=0.3) epoca 10: train_loss=0.0189 val_loss=0.0582 val_BA=0.875 mejor_epoca=8
2026-10-01 13:22:09,899 INFO ICBHI/dn fold 3: config 0 (lr=0.0001, dropout=0.3) epoca 20: train_loss=0.0062 val_loss=0.1204 val_BA=0.750 mejor_epoca=8
2026-10-01 13:22:11,838 INFO ICBHI/dn fold 3: config 0 (lr=0.0001, dropout=0.3) epoca 21: train_loss=0.0020 val_loss=0.0475 val_BA=1.000 mejor_epoca=21
2026-10-01 13:22:29,293 INFO ICBHI/dn fold 3: config 0 (lr=0.0001, dropout=0.3) epoca 30: train_loss=0.0009 val_loss=0.0939 val_BA=0.750 mejor_epoca=21
2026-10-01 13:22:40,947 INFO ICBHI/dn fold 3 config 0: OK val_BA=1.000 mejor_epoca=21 (1.2 min)
2026-10-01 13:22:41,723 INFO log-mel ICBHI/cv/fold_04/dn: 500/4715
2026-10-01 13:22:42,285 INFO log-mel ICBHI/cv/fold_04/dn: 1000/4715
2026-10-01 13:22:42,847 INFO log-mel ICBHI/cv/fold_04/dn: 1500/4715
2026-10-01 13:22:43,409 INFO log-mel ICBHI/cv/fold_04/dn: 2000/4715
2026-10-01 13:22:43,970 INFO log-mel ICBHI/cv/fold_04/dn: 2500/4715
2026-10-01 13:22:44,532 INFO log-mel ICBHI/cv/fold_04/dn: 3000/4715
2026-10-01 13:22:45,095 INFO log-mel ICBHI/cv/fold_04/dn: 3500/4715
2026-10-01 13:22:45,657 INFO log-mel ICBHI/cv/fold_04/dn: 4000/4715
2026-10-01 13:22:46,317 INFO log-mel ICBHI/cv/fold_04/dn: 4500/4715
2026-10-01 13:22:46,558 INFO log-mel ICBHI/cv/fold_04/dn: 4715/4715
2026-10-01 13:22:47,123 INFO ICBHI/dn fold 4: log-mel dn listo en 6.2 s, forma (4715, 1, 64, 309)
2026-10-01 13:22:47,136 INFO ICBHI/dn fold 4: 58/14 pacientes train/validation, 1 de 1 configuracion(es) por evaluar
2026-10-01 13:22:49,343 INFO ICBHI/dn fold 4: config 0 (lr=0.0001, dropout=0.3) epoca 1: train_loss=0.5222 val_loss=0.3922 val_BA=0.875 mejor_epoca=1
2026-10-01 13:22:51,395 INFO ICBHI/dn fold 4: config 0 (lr=0.0001, dropout=0.3) epoca 2: train_loss=0.2056 val_loss=0.2463 val_BA=1.000 mejor_epoca=2
2026-10-01 13:22:53,448 INFO ICBHI/dn fold 4: config 0 (lr=0.0001, dropout=0.3) epoca 3: train_loss=0.1449 val_loss=0.1982 val_BA=1.000 mejor_epoca=3
2026-10-01 13:22:57,556 INFO ICBHI/dn fold 4: config 0 (lr=0.0001, dropout=0.3) epoca 5: train_loss=0.0633 val_loss=0.1957 val_BA=1.000 mejor_epoca=5
2026-10-01 13:23:05,776 INFO ICBHI/dn fold 4: config 0 (lr=0.0001, dropout=0.3) epoca 9: train_loss=0.0217 val_loss=0.0861 val_BA=1.000 mejor_epoca=9
2026-10-01 13:23:07,830 INFO ICBHI/dn fold 4: config 0 (lr=0.0001, dropout=0.3) epoca 10: train_loss=0.0121 val_loss=0.1477 val_BA=1.000 mejor_epoca=9
2026-10-01 13:23:28,375 INFO ICBHI/dn fold 4: config 0 (lr=0.0001, dropout=0.3) epoca 20: train_loss=0.0034 val_loss=0.1150 val_BA=0.875 mejor_epoca=9
2026-10-01 13:23:36,612 INFO ICBHI/dn fold 4 config 0: OK val_BA=1.000 mejor_epoca=9 (0.8 min)
2026-10-01 13:23:37,605 INFO seed_20261205: preparando crnn_dn con configuracion congelada 8
2026-10-01 13:23:38,054 INFO ICBHI/dn fold 0: log-mel dn listo en 0.4 s, forma (4715, 1, 64, 309)
2026-10-01 13:23:38,067 INFO ICBHI/dn fold 0: 57/15 pacientes train/validation, 1 de 1 configuracion(es) por evaluar
2026-10-01 13:23:40,283 INFO ICBHI/dn fold 0: config 8 (lr=0.0003, dropout=0.3) epoca 1: train_loss=0.4559 val_loss=0.2832 val_BA=0.500 mejor_epoca=1
2026-10-01 13:23:42,335 INFO ICBHI/dn fold 0: config 8 (lr=0.0003, dropout=0.3) epoca 2: train_loss=0.1994 val_loss=0.3964 val_BA=0.900 mejor_epoca=2
2026-10-01 13:23:46,431 INFO ICBHI/dn fold 0: config 8 (lr=0.0003, dropout=0.3) epoca 4: train_loss=0.0672 val_loss=0.1350 val_BA=0.900 mejor_epoca=4
2026-10-01 13:23:52,573 INFO ICBHI/dn fold 0: config 8 (lr=0.0003, dropout=0.3) epoca 7: train_loss=0.0260 val_loss=0.1006 val_BA=0.900 mejor_epoca=7
2026-10-01 13:23:54,624 INFO ICBHI/dn fold 0: config 8 (lr=0.0003, dropout=0.3) epoca 8: train_loss=0.0381 val_loss=0.0846 val_BA=0.900 mejor_epoca=8
2026-10-01 13:23:56,670 INFO ICBHI/dn fold 0: config 8 (lr=0.0003, dropout=0.3) epoca 9: train_loss=0.0123 val_loss=0.0636 val_BA=0.900 mejor_epoca=9
2026-10-01 13:23:58,719 INFO ICBHI/dn fold 0: config 8 (lr=0.0003, dropout=0.3) epoca 10: train_loss=0.0102 val_loss=0.0714 val_BA=1.000 mejor_epoca=10
2026-10-01 13:24:04,861 INFO ICBHI/dn fold 0: config 8 (lr=0.0003, dropout=0.3) epoca 13: train_loss=0.0071 val_loss=0.0436 val_BA=1.000 mejor_epoca=13
2026-10-01 13:24:19,178 INFO ICBHI/dn fold 0: config 8 (lr=0.0003, dropout=0.3) epoca 20: train_loss=0.0015 val_loss=0.1388 val_BA=0.800 mejor_epoca=13
2026-10-01 13:24:35,552 INFO ICBHI/dn fold 0 config 8: OK val_BA=1.000 mejor_epoca=13 (1.0 min)
2026-10-01 13:24:36,000 INFO ICBHI/dn fold 1: log-mel dn listo en 0.4 s, forma (4715, 1, 64, 309)
2026-10-01 13:24:36,013 INFO ICBHI/dn fold 1: 57/15 pacientes train/validation, 1 de 1 configuracion(es) por evaluar
2026-10-01 13:24:38,186 INFO ICBHI/dn fold 1: config 8 (lr=0.0003, dropout=0.3) epoca 1: train_loss=0.4690 val_loss=0.1868 val_BA=0.750 mejor_epoca=1
2026-10-01 13:24:40,185 INFO ICBHI/dn fold 1: config 8 (lr=0.0003, dropout=0.3) epoca 2: train_loss=0.1934 val_loss=0.1145 val_BA=0.750 mejor_epoca=2
2026-10-01 13:24:42,186 INFO ICBHI/dn fold 1: config 8 (lr=0.0003, dropout=0.3) epoca 3: train_loss=0.1078 val_loss=0.1076 val_BA=0.750 mejor_epoca=3
2026-10-01 13:24:44,188 INFO ICBHI/dn fold 1: config 8 (lr=0.0003, dropout=0.3) epoca 4: train_loss=0.0686 val_loss=0.7373 val_BA=0.864 mejor_epoca=4
2026-10-01 13:24:46,186 INFO ICBHI/dn fold 1: config 8 (lr=0.0003, dropout=0.3) epoca 5: train_loss=0.0606 val_loss=0.0705 val_BA=0.875 mejor_epoca=5
2026-10-01 13:24:48,185 INFO ICBHI/dn fold 1: config 8 (lr=0.0003, dropout=0.3) epoca 6: train_loss=0.0424 val_loss=0.0880 val_BA=1.000 mejor_epoca=6
2026-10-01 13:24:52,183 INFO ICBHI/dn fold 1: config 8 (lr=0.0003, dropout=0.3) epoca 8: train_loss=0.0133 val_loss=0.0773 val_BA=1.000 mejor_epoca=8
2026-10-01 13:24:56,179 INFO ICBHI/dn fold 1: config 8 (lr=0.0003, dropout=0.3) epoca 10: train_loss=0.0116 val_loss=0.3252 val_BA=0.955 mejor_epoca=8
2026-10-01 13:25:00,174 INFO ICBHI/dn fold 1: config 8 (lr=0.0003, dropout=0.3) epoca 12: train_loss=0.0452 val_loss=0.0740 val_BA=1.000 mejor_epoca=12
2026-10-01 13:25:08,157 INFO ICBHI/dn fold 1: config 8 (lr=0.0003, dropout=0.3) epoca 16: train_loss=0.0051 val_loss=0.0559 val_BA=1.000 mejor_epoca=16
2026-10-01 13:25:16,129 INFO ICBHI/dn fold 1: config 8 (lr=0.0003, dropout=0.3) epoca 20: train_loss=0.0014 val_loss=0.0475 val_BA=1.000 mejor_epoca=20
2026-10-01 13:25:18,121 INFO ICBHI/dn fold 1: config 8 (lr=0.0003, dropout=0.3) epoca 21: train_loss=0.0014 val_loss=0.0469 val_BA=1.000 mejor_epoca=21
2026-10-01 13:25:24,099 INFO ICBHI/dn fold 1: config 8 (lr=0.0003, dropout=0.3) epoca 24: train_loss=0.0010 val_loss=0.0384 val_BA=1.000 mejor_epoca=24
2026-10-01 13:25:36,047 INFO ICBHI/dn fold 1: config 8 (lr=0.0003, dropout=0.3) epoca 30: train_loss=0.0006 val_loss=0.0464 val_BA=1.000 mejor_epoca=24
2026-10-01 13:25:44,016 INFO ICBHI/dn fold 1: config 8 (lr=0.0003, dropout=0.3) epoca 34: train_loss=0.0005 val_loss=0.0368 val_BA=1.000 mejor_epoca=34
2026-10-01 13:25:46,006 INFO ICBHI/dn fold 1: config 8 (lr=0.0003, dropout=0.3) epoca 35: train_loss=0.0005 val_loss=0.0341 val_BA=1.000 mejor_epoca=35
2026-10-01 13:25:49,989 INFO ICBHI/dn fold 1: config 8 (lr=0.0003, dropout=0.3) epoca 37: train_loss=0.0004 val_loss=0.0340 val_BA=1.000 mejor_epoca=37
2026-10-01 13:25:55,961 INFO ICBHI/dn fold 1: config 8 (lr=0.0003, dropout=0.3) epoca 40: train_loss=0.0004 val_loss=0.0399 val_BA=1.000 mejor_epoca=37
2026-10-01 13:26:15,848 INFO ICBHI/dn fold 1: config 8 (lr=0.0003, dropout=0.3) epoca 50: train_loss=0.0003 val_loss=0.0456 val_BA=1.000 mejor_epoca=37
2026-10-01 13:26:19,850 INFO ICBHI/dn fold 1 config 8: OK val_BA=1.000 mejor_epoca=37 (1.7 min)
2026-10-01 13:26:20,298 INFO ICBHI/dn fold 2: log-mel dn listo en 0.4 s, forma (4715, 1, 64, 309)
2026-10-01 13:26:20,310 INFO ICBHI/dn fold 2: 58/14 pacientes train/validation, 1 de 1 configuracion(es) por evaluar
2026-10-01 13:26:22,528 INFO ICBHI/dn fold 2: config 8 (lr=0.0003, dropout=0.3) epoca 1: train_loss=0.4212 val_loss=0.4819 val_BA=0.700 mejor_epoca=1
2026-10-01 13:26:24,572 INFO ICBHI/dn fold 2: config 8 (lr=0.0003, dropout=0.3) epoca 2: train_loss=0.1913 val_loss=0.3375 val_BA=0.825 mejor_epoca=2
2026-10-01 13:26:26,612 INFO ICBHI/dn fold 2: config 8 (lr=0.0003, dropout=0.3) epoca 3: train_loss=0.1061 val_loss=0.2342 val_BA=0.825 mejor_epoca=3
2026-10-01 13:26:28,653 INFO ICBHI/dn fold 2: config 8 (lr=0.0003, dropout=0.3) epoca 4: train_loss=0.0713 val_loss=0.1590 val_BA=0.825 mejor_epoca=4
2026-10-01 13:26:30,694 INFO ICBHI/dn fold 2: config 8 (lr=0.0003, dropout=0.3) epoca 5: train_loss=0.0521 val_loss=0.1260 val_BA=0.825 mejor_epoca=5
2026-10-01 13:26:40,888 INFO ICBHI/dn fold 2: config 8 (lr=0.0003, dropout=0.3) epoca 10: train_loss=0.0307 val_loss=0.0908 val_BA=0.750 mejor_epoca=5
2026-10-01 13:27:01,247 INFO ICBHI/dn fold 2: config 8 (lr=0.0003, dropout=0.3) epoca 20: train_loss=0.0214 val_loss=0.2017 val_BA=0.825 mejor_epoca=5
2026-10-01 13:27:01,268 INFO ICBHI/dn fold 2 config 8: OK val_BA=0.825 mejor_epoca=5 (0.7 min)
2026-10-01 13:27:01,718 INFO ICBHI/dn fold 3: log-mel dn listo en 0.4 s, forma (4715, 1, 64, 309)
2026-10-01 13:27:01,730 INFO ICBHI/dn fold 3: 58/14 pacientes train/validation, 1 de 1 configuracion(es) por evaluar
2026-10-01 13:27:03,755 INFO ICBHI/dn fold 3: config 8 (lr=0.0003, dropout=0.3) epoca 1: train_loss=0.4087 val_loss=0.1749 val_BA=0.750 mejor_epoca=1
2026-10-01 13:27:05,617 INFO ICBHI/dn fold 3: config 8 (lr=0.0003, dropout=0.3) epoca 2: train_loss=0.1820 val_loss=1.5103 val_BA=0.900 mejor_epoca=2
2026-10-01 13:27:13,074 INFO ICBHI/dn fold 3: config 8 (lr=0.0003, dropout=0.3) epoca 6: train_loss=0.0350 val_loss=0.1175 val_BA=1.000 mejor_epoca=6
2026-10-01 13:27:20,531 INFO ICBHI/dn fold 3: config 8 (lr=0.0003, dropout=0.3) epoca 10: train_loss=0.0165 val_loss=0.1335 val_BA=0.750 mejor_epoca=6
2026-10-01 13:27:39,153 INFO ICBHI/dn fold 3: config 8 (lr=0.0003, dropout=0.3) epoca 20: train_loss=0.0143 val_loss=0.2239 val_BA=0.750 mejor_epoca=6
2026-10-01 13:27:41,036 INFO ICBHI/dn fold 3 config 8: OK val_BA=1.000 mejor_epoca=6 (0.7 min)
2026-10-01 13:27:41,485 INFO ICBHI/dn fold 4: log-mel dn listo en 0.4 s, forma (4715, 1, 64, 309)
2026-10-01 13:27:41,498 INFO ICBHI/dn fold 4: 58/14 pacientes train/validation, 1 de 1 configuracion(es) por evaluar
2026-10-01 13:27:43,631 INFO ICBHI/dn fold 4: config 8 (lr=0.0003, dropout=0.3) epoca 1: train_loss=0.4155 val_loss=0.5324 val_BA=0.700 mejor_epoca=1
2026-10-01 13:27:45,608 INFO ICBHI/dn fold 4: config 8 (lr=0.0003, dropout=0.3) epoca 2: train_loss=0.2203 val_loss=0.2353 val_BA=0.750 mejor_epoca=2
2026-10-01 13:27:47,582 INFO ICBHI/dn fold 4: config 8 (lr=0.0003, dropout=0.3) epoca 3: train_loss=0.0917 val_loss=0.1222 val_BA=0.875 mejor_epoca=3
2026-10-01 13:27:53,507 INFO ICBHI/dn fold 4: config 8 (lr=0.0003, dropout=0.3) epoca 6: train_loss=0.0235 val_loss=0.0726 val_BA=1.000 mejor_epoca=6
2026-10-01 13:28:01,392 INFO ICBHI/dn fold 4: config 8 (lr=0.0003, dropout=0.3) epoca 10: train_loss=0.0228 val_loss=0.2213 val_BA=0.625 mejor_epoca=6
2026-10-01 13:28:21,083 INFO ICBHI/dn fold 4: config 8 (lr=0.0003, dropout=0.3) epoca 20: train_loss=0.0016 val_loss=0.1297 val_BA=0.875 mejor_epoca=6
2026-10-01 13:28:23,071 INFO ICBHI/dn fold 4 config 8: OK val_BA=1.000 mejor_epoca=6 (0.7 min)
2026-10-01 13:28:24,061 INFO seed_20261205: preparando crnn_no_dn_aug con configuracion congelada 5
2026-10-01 13:28:24,509 INFO ICBHI/no_dn_aug fold 0: log-mel no_dn listo en 0.4 s, forma (4715, 1, 64, 309)
2026-10-01 13:28:24,521 INFO ICBHI/no_dn_aug fold 0: 57/15 pacientes train/validation, 1 de 1 configuracion(es) por evaluar
2026-10-01 13:28:26,824 INFO ICBHI/no_dn_aug fold 0: config 5 (lr=0.0001, dropout=0.4) epoca 1: train_loss=0.4562 val_loss=0.3175 val_BA=0.500 mejor_epoca=1
2026-10-01 13:28:28,926 INFO ICBHI/no_dn_aug fold 0: config 5 (lr=0.0001, dropout=0.4) epoca 2: train_loss=0.2575 val_loss=0.4399 val_BA=0.900 mejor_epoca=2
2026-10-01 13:28:35,235 INFO ICBHI/no_dn_aug fold 0: config 5 (lr=0.0001, dropout=0.4) epoca 5: train_loss=0.0911 val_loss=0.1325 val_BA=0.900 mejor_epoca=5
2026-10-01 13:28:39,438 INFO ICBHI/no_dn_aug fold 0: config 5 (lr=0.0001, dropout=0.4) epoca 7: train_loss=0.0502 val_loss=0.1765 val_BA=1.000 mejor_epoca=7
2026-10-01 13:28:45,739 INFO ICBHI/no_dn_aug fold 0: config 5 (lr=0.0001, dropout=0.4) epoca 10: train_loss=0.0245 val_loss=0.0821 val_BA=0.900 mejor_epoca=7
2026-10-01 13:28:49,941 INFO ICBHI/no_dn_aug fold 0: config 5 (lr=0.0001, dropout=0.4) epoca 12: train_loss=0.0221 val_loss=0.1449 val_BA=1.000 mejor_epoca=12
2026-10-01 13:29:06,731 INFO ICBHI/no_dn_aug fold 0: config 5 (lr=0.0001, dropout=0.4) epoca 20: train_loss=0.0221 val_loss=0.1781 val_BA=1.000 mejor_epoca=12
2026-10-01 13:29:08,832 INFO ICBHI/no_dn_aug fold 0: config 5 (lr=0.0001, dropout=0.4) epoca 21: train_loss=0.0709 val_loss=0.0747 val_BA=1.000 mejor_epoca=21
2026-10-01 13:29:27,708 INFO ICBHI/no_dn_aug fold 0: config 5 (lr=0.0001, dropout=0.4) epoca 30: train_loss=0.0057 val_loss=0.1464 val_BA=0.800 mejor_epoca=21
2026-10-01 13:29:40,304 INFO ICBHI/no_dn_aug fold 0 config 5: OK val_BA=1.000 mejor_epoca=21 (1.3 min)
2026-10-01 13:29:40,750 INFO ICBHI/no_dn_aug fold 1: log-mel no_dn listo en 0.4 s, forma (4715, 1, 64, 309)
2026-10-01 13:29:40,763 INFO ICBHI/no_dn_aug fold 1: 57/15 pacientes train/validation, 1 de 1 configuracion(es) por evaluar
2026-10-01 13:29:42,983 INFO ICBHI/no_dn_aug fold 1: config 5 (lr=0.0001, dropout=0.4) epoca 1: train_loss=0.5304 val_loss=0.4010 val_BA=0.830 mejor_epoca=1
2026-10-01 13:29:45,034 INFO ICBHI/no_dn_aug fold 1: config 5 (lr=0.0001, dropout=0.4) epoca 2: train_loss=0.3043 val_loss=0.3356 val_BA=1.000 mejor_epoca=2
2026-10-01 13:29:51,182 INFO ICBHI/no_dn_aug fold 1: config 5 (lr=0.0001, dropout=0.4) epoca 5: train_loss=0.0929 val_loss=0.1246 val_BA=1.000 mejor_epoca=5
2026-10-01 13:29:59,384 INFO ICBHI/no_dn_aug fold 1: config 5 (lr=0.0001, dropout=0.4) epoca 9: train_loss=0.0483 val_loss=0.1054 val_BA=1.000 mejor_epoca=9
2026-10-01 13:30:01,431 INFO ICBHI/no_dn_aug fold 1: config 5 (lr=0.0001, dropout=0.4) epoca 10: train_loss=0.0324 val_loss=0.0688 val_BA=0.875 mejor_epoca=9
2026-10-01 13:30:05,530 INFO ICBHI/no_dn_aug fold 1: config 5 (lr=0.0001, dropout=0.4) epoca 12: train_loss=0.0262 val_loss=0.0885 val_BA=1.000 mejor_epoca=12
2026-10-01 13:30:09,625 INFO ICBHI/no_dn_aug fold 1: config 5 (lr=0.0001, dropout=0.4) epoca 14: train_loss=0.0580 val_loss=0.0732 val_BA=1.000 mejor_epoca=14
2026-10-01 13:30:17,814 INFO ICBHI/no_dn_aug fold 1: config 5 (lr=0.0001, dropout=0.4) epoca 18: train_loss=0.0097 val_loss=0.0501 val_BA=1.000 mejor_epoca=18
2026-10-01 13:30:19,861 INFO ICBHI/no_dn_aug fold 1: config 5 (lr=0.0001, dropout=0.4) epoca 19: train_loss=0.0241 val_loss=0.0319 val_BA=1.000 mejor_epoca=19
2026-10-01 13:30:21,909 INFO ICBHI/no_dn_aug fold 1: config 5 (lr=0.0001, dropout=0.4) epoca 20: train_loss=0.0171 val_loss=0.0554 val_BA=0.875 mejor_epoca=19
2026-10-01 13:30:42,366 INFO ICBHI/no_dn_aug fold 1: config 5 (lr=0.0001, dropout=0.4) epoca 30: train_loss=0.0218 val_loss=0.0390 val_BA=1.000 mejor_epoca=19
2026-10-01 13:30:50,549 INFO ICBHI/no_dn_aug fold 1: config 5 (lr=0.0001, dropout=0.4) epoca 34: train_loss=0.0314 val_loss=0.0314 val_BA=1.000 mejor_epoca=34
2026-10-01 13:31:02,971 INFO ICBHI/no_dn_aug fold 1: config 5 (lr=0.0001, dropout=0.4) epoca 40: train_loss=0.0018 val_loss=0.0430 val_BA=1.000 mejor_epoca=34
2026-10-01 13:31:21,411 INFO ICBHI/no_dn_aug fold 1 config 5: OK val_BA=1.000 mejor_epoca=34 (1.7 min)
2026-10-01 13:31:21,860 INFO ICBHI/no_dn_aug fold 2: log-mel no_dn listo en 0.4 s, forma (4715, 1, 64, 309)
2026-10-01 13:31:21,873 INFO ICBHI/no_dn_aug fold 2: 58/14 pacientes train/validation, 1 de 1 configuracion(es) por evaluar
2026-10-01 13:31:24,159 INFO ICBHI/no_dn_aug fold 2: config 5 (lr=0.0001, dropout=0.4) epoca 1: train_loss=0.5061 val_loss=0.6976 val_BA=0.775 mejor_epoca=1
2026-10-01 13:31:26,250 INFO ICBHI/no_dn_aug fold 2: config 5 (lr=0.0001, dropout=0.4) epoca 2: train_loss=0.2867 val_loss=0.5257 val_BA=0.900 mejor_epoca=2
2026-10-01 13:31:42,971 INFO ICBHI/no_dn_aug fold 2: config 5 (lr=0.0001, dropout=0.4) epoca 10: train_loss=0.0388 val_loss=0.3116 val_BA=0.825 mejor_epoca=2
2026-10-01 13:31:49,238 INFO ICBHI/no_dn_aug fold 2: config 5 (lr=0.0001, dropout=0.4) epoca 13: train_loss=0.0288 val_loss=0.2672 val_BA=0.950 mejor_epoca=13
2026-10-01 13:32:03,846 INFO ICBHI/no_dn_aug fold 2: config 5 (lr=0.0001, dropout=0.4) epoca 20: train_loss=0.0145 val_loss=0.1950 val_BA=0.825 mejor_epoca=13
2026-10-01 13:32:20,580 INFO ICBHI/no_dn_aug fold 2 config 5: OK val_BA=0.950 mejor_epoca=13 (1.0 min)
2026-10-01 13:32:21,031 INFO ICBHI/no_dn_aug fold 3: log-mel no_dn listo en 0.4 s, forma (4715, 1, 64, 309)
2026-10-01 13:32:21,044 INFO ICBHI/no_dn_aug fold 3: 58/14 pacientes train/validation, 1 de 1 configuracion(es) por evaluar
2026-10-01 13:32:23,124 INFO ICBHI/no_dn_aug fold 3: config 5 (lr=0.0001, dropout=0.4) epoca 1: train_loss=0.4924 val_loss=0.4684 val_BA=1.000 mejor_epoca=1
2026-10-01 13:32:26,943 INFO ICBHI/no_dn_aug fold 3: config 5 (lr=0.0001, dropout=0.4) epoca 3: train_loss=0.1636 val_loss=0.1533 val_BA=1.000 mejor_epoca=3
2026-10-01 13:32:36,480 INFO ICBHI/no_dn_aug fold 3: config 5 (lr=0.0001, dropout=0.4) epoca 8: train_loss=0.0469 val_loss=0.1314 val_BA=1.000 mejor_epoca=8
2026-10-01 13:32:40,296 INFO ICBHI/no_dn_aug fold 3: config 5 (lr=0.0001, dropout=0.4) epoca 10: train_loss=0.0284 val_loss=0.4930 val_BA=1.000 mejor_epoca=8
2026-10-01 13:32:42,206 INFO ICBHI/no_dn_aug fold 3: config 5 (lr=0.0001, dropout=0.4) epoca 11: train_loss=0.0281 val_loss=0.1032 val_BA=1.000 mejor_epoca=11
2026-10-01 13:32:44,114 INFO ICBHI/no_dn_aug fold 3: config 5 (lr=0.0001, dropout=0.4) epoca 12: train_loss=0.0240 val_loss=0.0970 val_BA=1.000 mejor_epoca=12
2026-10-01 13:32:59,377 INFO ICBHI/no_dn_aug fold 3: config 5 (lr=0.0001, dropout=0.4) epoca 20: train_loss=0.0114 val_loss=0.1443 val_BA=1.000 mejor_epoca=12
2026-10-01 13:33:12,750 INFO ICBHI/no_dn_aug fold 3 config 5: OK val_BA=1.000 mejor_epoca=12 (0.9 min)
2026-10-01 13:33:13,197 INFO ICBHI/no_dn_aug fold 4: log-mel no_dn listo en 0.4 s, forma (4715, 1, 64, 309)
2026-10-01 13:33:13,210 INFO ICBHI/no_dn_aug fold 4: 58/14 pacientes train/validation, 1 de 1 configuracion(es) por evaluar
2026-10-01 13:33:15,415 INFO ICBHI/no_dn_aug fold 4: config 5 (lr=0.0001, dropout=0.4) epoca 1: train_loss=0.5399 val_loss=0.4930 val_BA=0.650 mejor_epoca=1
2026-10-01 13:33:17,436 INFO ICBHI/no_dn_aug fold 4: config 5 (lr=0.0001, dropout=0.4) epoca 2: train_loss=0.3127 val_loss=0.5532 val_BA=0.950 mejor_epoca=2
2026-10-01 13:33:19,458 INFO ICBHI/no_dn_aug fold 4: config 5 (lr=0.0001, dropout=0.4) epoca 3: train_loss=0.1803 val_loss=0.2458 val_BA=1.000 mejor_epoca=3
2026-10-01 13:33:33,590 INFO ICBHI/no_dn_aug fold 4: config 5 (lr=0.0001, dropout=0.4) epoca 10: train_loss=0.0264 val_loss=0.1803 val_BA=0.750 mejor_epoca=3
2026-10-01 13:33:53,762 INFO ICBHI/no_dn_aug fold 4: config 5 (lr=0.0001, dropout=0.4) epoca 20: train_loss=0.0148 val_loss=0.1552 val_BA=0.750 mejor_epoca=3
2026-10-01 13:33:53,784 INFO ICBHI/no_dn_aug fold 4 config 5: OK val_BA=1.000 mejor_epoca=3 (0.7 min)
2026-10-01 13:33:55,232 INFO ICBHI/permuted_labels fold 0: log-mel no_dn listo en 0.4 s, forma (4715, 1, 64, 309)
2026-10-01 13:33:55,247 INFO ICBHI/permuted_labels fold 0: 57/15 pacientes train/validation, 1 de 1 configuracion(es) por evaluar
2026-10-01 13:33:57,252 INFO ICBHI/permuted_labels fold 0: config 1 (lr=0.0001, dropout=0.3) epoca 1: train_loss=0.6595 val_loss=0.5730 val_BA=0.693 mejor_epoca=1
2026-10-01 13:34:13,487 INFO ICBHI/permuted_labels fold 0: config 1 (lr=0.0001, dropout=0.3) epoca 10: train_loss=0.0586 val_loss=1.5997 val_BA=0.511 mejor_epoca=1
2026-10-01 13:34:17,095 INFO ICBHI/permuted_labels fold 0: config 1 (lr=0.0001, dropout=0.3) epoca 12: train_loss=0.0360 val_loss=0.3577 val_BA=0.750 mejor_epoca=12
2026-10-01 13:34:22,510 INFO ICBHI/permuted_labels fold 0: config 1 (lr=0.0001, dropout=0.3) epoca 15: train_loss=0.0151 val_loss=0.3534 val_BA=0.750 mejor_epoca=15
2026-10-01 13:34:31,533 INFO ICBHI/permuted_labels fold 0: config 1 (lr=0.0001, dropout=0.3) epoca 20: train_loss=0.0053 val_loss=0.4592 val_BA=0.750 mejor_epoca=15
2026-10-01 13:34:49,572 INFO ICBHI/permuted_labels fold 0: config 1 (lr=0.0001, dropout=0.3) epoca 30: train_loss=0.0018 val_loss=0.5453 val_BA=0.705 mejor_epoca=15
2026-10-01 13:34:49,593 INFO ICBHI/permuted_labels fold 0 config 1: OK val_BA=0.750 mejor_epoca=15 (0.9 min)
2026-10-01 13:34:50,043 INFO ICBHI/permuted_labels fold 1: log-mel no_dn listo en 0.4 s, forma (4715, 1, 64, 309)
2026-10-01 13:34:50,058 INFO ICBHI/permuted_labels fold 1: 57/15 pacientes train/validation, 1 de 1 configuracion(es) por evaluar
2026-10-01 13:34:52,003 INFO ICBHI/permuted_labels fold 1: config 1 (lr=0.0001, dropout=0.3) epoca 1: train_loss=0.6701 val_loss=0.6442 val_BA=0.625 mejor_epoca=1
2026-10-01 13:35:07,861 INFO ICBHI/permuted_labels fold 1: config 1 (lr=0.0001, dropout=0.3) epoca 10: train_loss=0.0411 val_loss=1.1318 val_BA=0.542 mejor_epoca=1
2026-10-01 13:35:25,466 INFO ICBHI/permuted_labels fold 1: config 1 (lr=0.0001, dropout=0.3) epoca 20: train_loss=0.0039 val_loss=1.4268 val_BA=0.417 mejor_epoca=1
2026-10-01 13:35:25,486 INFO ICBHI/permuted_labels fold 1 config 1: OK val_BA=0.625 mejor_epoca=1 (0.6 min)
2026-10-01 13:35:25,935 INFO ICBHI/permuted_labels fold 2: log-mel no_dn listo en 0.4 s, forma (4715, 1, 64, 309)
2026-10-01 13:35:25,950 INFO ICBHI/permuted_labels fold 2: 58/14 pacientes train/validation, 1 de 1 configuracion(es) por evaluar
2026-10-01 13:35:27,933 INFO ICBHI/permuted_labels fold 2: config 1 (lr=0.0001, dropout=0.3) epoca 1: train_loss=0.6832 val_loss=0.7358 val_BA=0.500 mejor_epoca=1
2026-10-01 13:35:29,726 INFO ICBHI/permuted_labels fold 2: config 1 (lr=0.0001, dropout=0.3) epoca 2: train_loss=0.5949 val_loss=0.7588 val_BA=0.633 mejor_epoca=2
2026-10-01 13:35:31,519 INFO ICBHI/permuted_labels fold 2: config 1 (lr=0.0001, dropout=0.3) epoca 3: train_loss=0.5207 val_loss=0.6800 val_BA=0.633 mejor_epoca=3
2026-10-01 13:35:36,899 INFO ICBHI/permuted_labels fold 2: config 1 (lr=0.0001, dropout=0.3) epoca 6: train_loss=0.2201 val_loss=0.6748 val_BA=0.689 mejor_epoca=6
2026-10-01 13:35:38,693 INFO ICBHI/permuted_labels fold 2: config 1 (lr=0.0001, dropout=0.3) epoca 7: train_loss=0.1760 val_loss=0.6312 val_BA=0.833 mejor_epoca=7
2026-10-01 13:35:40,487 INFO ICBHI/permuted_labels fold 2: config 1 (lr=0.0001, dropout=0.3) epoca 8: train_loss=0.1208 val_loss=0.6636 val_BA=0.900 mejor_epoca=8
2026-10-01 13:35:44,075 INFO ICBHI/permuted_labels fold 2: config 1 (lr=0.0001, dropout=0.3) epoca 10: train_loss=0.0676 val_loss=0.6732 val_BA=0.800 mejor_epoca=8
2026-10-01 13:36:02,004 INFO ICBHI/permuted_labels fold 2: config 1 (lr=0.0001, dropout=0.3) epoca 20: train_loss=0.0062 val_loss=0.9616 val_BA=0.800 mejor_epoca=8
2026-10-01 13:36:07,398 INFO ICBHI/permuted_labels fold 2 config 1: OK val_BA=0.900 mejor_epoca=8 (0.7 min)
2026-10-01 13:36:07,847 INFO ICBHI/permuted_labels fold 3: log-mel no_dn listo en 0.4 s, forma (4715, 1, 64, 309)
2026-10-01 13:36:07,862 INFO ICBHI/permuted_labels fold 3: 58/14 pacientes train/validation, 1 de 1 configuracion(es) por evaluar
2026-10-01 13:36:09,675 INFO ICBHI/permuted_labels fold 3: config 1 (lr=0.0001, dropout=0.3) epoca 1: train_loss=0.6366 val_loss=0.7604 val_BA=0.485 mejor_epoca=1
2026-10-01 13:36:11,317 INFO ICBHI/permuted_labels fold 3: config 1 (lr=0.0001, dropout=0.3) epoca 2: train_loss=0.5224 val_loss=0.8049 val_BA=0.530 mejor_epoca=2
2026-10-01 13:36:19,537 INFO ICBHI/permuted_labels fold 3: config 1 (lr=0.0001, dropout=0.3) epoca 7: train_loss=0.1348 val_loss=1.9179 val_BA=0.545 mejor_epoca=7
2026-10-01 13:36:24,468 INFO ICBHI/permuted_labels fold 3: config 1 (lr=0.0001, dropout=0.3) epoca 10: train_loss=0.0580 val_loss=1.4382 val_BA=0.439 mejor_epoca=7
2026-10-01 13:36:40,897 INFO ICBHI/permuted_labels fold 3: config 1 (lr=0.0001, dropout=0.3) epoca 20: train_loss=0.0073 val_loss=1.8545 val_BA=0.576 mejor_epoca=20
2026-10-01 13:36:57,314 INFO ICBHI/permuted_labels fold 3: config 1 (lr=0.0001, dropout=0.3) epoca 30: train_loss=0.0033 val_loss=2.0600 val_BA=0.576 mejor_epoca=20
2026-10-01 13:37:05,541 INFO ICBHI/permuted_labels fold 3 config 1: OK val_BA=0.576 mejor_epoca=20 (1.0 min)
2026-10-01 13:37:05,988 INFO ICBHI/permuted_labels fold 4: log-mel no_dn listo en 0.4 s, forma (4715, 1, 64, 309)
2026-10-01 13:37:06,002 INFO ICBHI/permuted_labels fold 4: 58/14 pacientes train/validation, 1 de 1 configuracion(es) por evaluar
2026-10-01 13:37:07,920 INFO ICBHI/permuted_labels fold 4: config 1 (lr=0.0001, dropout=0.3) epoca 1: train_loss=0.6642 val_loss=0.6400 val_BA=0.625 mejor_epoca=1
2026-10-01 13:37:09,654 INFO ICBHI/permuted_labels fold 4: config 1 (lr=0.0001, dropout=0.3) epoca 2: train_loss=0.5956 val_loss=0.6173 val_BA=0.667 mejor_epoca=2
2026-10-01 13:37:11,389 INFO ICBHI/permuted_labels fold 4: config 1 (lr=0.0001, dropout=0.3) epoca 3: train_loss=0.5201 val_loss=0.6405 val_BA=0.688 mejor_epoca=3
2026-10-01 13:37:23,540 INFO ICBHI/permuted_labels fold 4: config 1 (lr=0.0001, dropout=0.3) epoca 10: train_loss=0.0824 val_loss=0.7165 val_BA=0.646 mejor_epoca=3
2026-10-01 13:37:40,885 INFO ICBHI/permuted_labels fold 4: config 1 (lr=0.0001, dropout=0.3) epoca 20: train_loss=0.0070 val_loss=0.8709 val_BA=0.625 mejor_epoca=3
2026-10-01 13:37:40,905 INFO ICBHI/permuted_labels fold 4 config 1: OK val_BA=0.688 mejor_epoca=3 (0.6 min)
2026-10-01 13:37:41,925 INFO ejecucion 20261001T162804Z_b97dab COMPLETED
