segment_id,audio_id,patient_uid,target_label,source_dataset,device,score,fold
ICBHI_109_1b1_AL_000,ICBHI_109_1b1_AL,ICBHI_109,1,ICBHI,Litt3200,0.9941573948247951,0
ICBHI_109_1b1_AL_001,ICBHI_109_1b1_AL,ICBHI_109,1,ICBHI,Litt3200,0.9940659331606164,0
ICBHI_109_1b1_AL_002,ICBHI_109_1b1_AL,ICBHI_109,1,ICBHI,Litt3200,0.994880323761938,0
ICBHI_109_1b1_AL_003,ICBHI_109_1b1_AL,ICBHI_109,1,ICBHI,Litt3200,0.9955316157335088,0
ICBHI_109_1b1_AL_004,ICBHI_109_1b1_AL,ICBHI_109,1,ICBHI,Litt3200,0.993734466224161,0
ICBHI_109_1b1_AL_005,ICBHI_109_1b1_AL,ICBHI_109,1,ICBHI,Litt3200,0.9936610782629056,0
ICBHI_109_1b1_AL_006,ICBHI_109_1b1_AL,ICBHI_109,1,ICBHI,Litt3200,0.993461175022765,0
ICBHI_109_1b1_AR_000,ICBHI_109_1b1_AR,ICBHI_109,1,ICBHI,Litt3200,0.9940659331606164,0
ICBHI_109_1b1_AR_001,ICBHI_109_1b1_AR,ICBHI_109,1,ICBHI,Litt3200,0.9951514669095514,0
ICBHI_109_1b1_AR_002,ICBHI_109_1b1_AR,ICBHI_109,1,ICBHI,Litt3200,0.9954438862855456,0
ICBHI_109_1b1_AR_003,ICBHI_109_1b1_AR,ICBHI_109,1,ICBHI,Litt3200,0.994998327750071,0
ICBHI_109_1b1_AR_004,ICBHI_109_1b1_AR,ICBHI_109,1,ICBHI,Litt3200,0.9952448000901668,0
ICBHI_109_1b1_AR_005,ICBHI_109_1b1_AR,ICBHI_109,1,ICBHI,Litt3200,0.9954967275829107,0
ICBHI_109_1b1_LL_000,ICBHI_109_1b1_LL,ICBHI_109,1,ICBHI,Litt3200,0.995336345047618,0
ICBHI_109_1b1_LL_001,ICBHI_109_1b1_LL,ICBHI_109,1,ICBHI,Litt3200,0.995929862284104,0
ICBHI_109_1b1_LL_002,ICBHI_109_1b1_LL,ICBHI_109,1,ICBHI,Litt3200,0.9962782913492784,0
ICBHI_109_1b1_LL_003,ICBHI_109_1b1_LL,ICBHI_109,1,ICBHI,Litt3200,0.995801204728528,0
ICBHI_109_1b1_LL_004,ICBHI_109_1b1_LL,ICBHI_109,1,ICBHI,Litt3200,0.9957684125218388,0
ICBHI_109_1b1_LR_000,ICBHI_109_1b1_LR,ICBHI_109,1,ICBHI,Litt3200,0.9970189672701452,0
ICBHI_109_1b1_LR_001,ICBHI_109_1b1_LR,ICBHI_109,1,ICBHI,Litt3200,0.9971550903350206,0
ICBHI_109_1b1_LR_002,ICBHI_109_1b1_LR,ICBHI_109,1,ICBHI,Litt3200,0.9972208094414864,0
ICBHI_109_1b1_LR_003,ICBHI_109_1b1_LR,ICBHI_109,1,ICBHI,Litt3200,0.996054593193398,0
ICBHI_109_1b1_LR_004,ICBHI_109_1b1_LR,ICBHI_109,1,ICBHI,Litt3200,0.9959927110540886,0
ICBHI_109_1b1_PL_000,ICBHI_109_1b1_PL,ICBHI_109,1,ICBHI,Litt3200,0.9936856353291036,0
ICBHI_109_1b1_PL_001,ICBHI_109_1b1_PL,ICBHI_109,1,ICBHI,Litt3200,0.9928508980334536,0
ICBHI_109_1b1_PL_002,ICBHI_109_1b1_PL,ICBHI_109,1,ICBHI,Litt3200,0.9940659331606164,0
ICBHI_109_1b1_PL_003,ICBHI_109_1b1_PL,ICBHI_109,1,ICBHI,Litt3200,0.9955662347993564,0
ICBHI_109_1b1_PL_004,ICBHI_109_1b1_PL,ICBHI_109,1,ICBHI,Litt3200,0.9951702782541956,0
ICBHI_109_1b1_PL_005,ICBHI_109_1b1_PL,ICBHI_109,1,ICBHI,Litt3200,0.9931228923417692,0
ICBHI_109_1b1_PR_000,ICBHI_109_1b1_PR,ICBHI_109,1,ICBHI,Litt3200,0.9953724699521328,0
ICBHI_109_1b1_PR_001,ICBHI_109_1b1_PR,ICBHI_109,1,ICBHI,Litt3200,0.9965969946412504,0
ICBHI_109_1b1_PR_002,ICBHI_109_1b1_PR,ICBHI_109,1,ICBHI,Litt3200,0.99709914228914,0
ICBHI_109_1b1_PR_003,ICBHI_109_1b1_PR,ICBHI_109,1,ICBHI,Litt3200,0.9964063974185798,0
ICBHI_109_1b1_PR_004,ICBHI_109_1b1_PR,ICBHI_109,1,ICBHI,Litt3200,0.9963923831967464,0
ICBHI_109_1b1_PR_005,ICBHI_109_1b1_PR,ICBHI_109,1,ICBHI,Litt3200,0.9935868362586746,0
ICBHI_109_1b1_PR_006,ICBHI_109_1b1_PR,ICBHI_109,1,ICBHI,Litt3200,0.9943361347628212,0
ICBHI_109_1b1_PR_007,ICBHI_109_1b1_PR,ICBHI_109,1,ICBHI,Litt3200,0.9942474549497629,0
ICBHI_109_1b1_PR_008,ICBHI_109_1b1_PR,ICBHI_109,1,ICBHI,Litt3200,0.9945094367975008,0
ICBHI_109_1b1_PR_009,ICBHI_109_1b1_PR,ICBHI_109,1,ICBHI,Litt3200,0.9952999394649492,0
ICBHI_109_1b1_PR_010,ICBHI_109_1b1_PR,ICBHI_109,1,ICBHI,Litt3200,0.995801204728528,0
ICBHI_117_1b2_TC_000,ICBHI_117_1b2_TC,ICBHI_117,1,ICBHI,LittC2SE,0.9921841112107114,0
ICBHI_117_1b2_TC_001,ICBHI_117_1b2_TC,ICBHI_117,1,ICBHI,LittC2SE,0.9927952309111312,0
ICBHI_117_1b2_TC_002,ICBHI_117_1b2_TC,ICBHI_117,1,ICBHI,LittC2SE,0.9943799635999728,0
ICBHI_117_1b2_TC_003,ICBHI_117_1b2_TC,ICBHI_117,1,ICBHI,LittC2SE,0.9961903698015272,0
ICBHI_117_1b2_TC_004,ICBHI_117_1b2_TC,ICBHI_117,1,ICBHI,LittC2SE,0.9962927471256138,0
ICBHI_117_1b2_TC_005,ICBHI_117_1b2_TC,ICBHI_117,1,ICBHI,LittC2SE,0.9956005868372636,0
ICBHI_117_1b2_TC_006,ICBHI_117_1b2_TC,ICBHI_117,1,ICBHI,LittC2SE,0.9960082716305864,0
ICBHI_117_1b3_TC_000,ICBHI_117_1b3_TC,ICBHI_117,1,ICBHI,LittC2SE,0.9961755163553628,0
ICBHI_117_1b3_TC_001,ICBHI_117_1b3_TC,ICBHI_117,1,ICBHI,LittC2SE,0.9967900386241352,0
ICBHI_117_1b3_TC_002,ICBHI_117_1b3_TC,ICBHI_117,1,ICBHI,LittC2SE,0.9967396538967972,0
ICBHI_117_1b3_TC_003,ICBHI_117_1b3_TC,ICBHI_117,1,ICBHI,LittC2SE,0.9966625950548096,0
ICBHI_117_1b3_TC_004,ICBHI_117_1b3_TC,ICBHI_117,1,ICBHI,LittC2SE,0.9967013487421672,0
ICBHI_117_1b3_TC_005,ICBHI_117_1b3_TC,ICBHI_117,1,ICBHI,LittC2SE,0.9957684125218388,0
ICBHI_117_1b3_TC_006,ICBHI_117_1b3_TC,ICBHI_117,1,ICBHI,LittC2SE,0.9959614084284945,0
ICBHI_127_1b1_AR_000,ICBHI_127_1b1_AR,ICBHI_127,0,ICBHI,Meditron,8.029784284533197e-05,0
ICBHI_127_1b1_AR_001,ICBHI_127_1b1_AR,ICBHI_127,0,ICBHI,Meditron,0.0088473550829303,0
ICBHI_127_1b1_AR_002,ICBHI_127_1b1_AR,ICBHI_127,0,ICBHI,Meditron,0.0007702931971871,0
ICBHI_127_1b1_AR_003,ICBHI_127_1b1_AR,ICBHI_127,0,ICBHI,Meditron,0.0005442132624325,0
ICBHI_127_1b1_AR_004,ICBHI_127_1b1_AR,ICBHI_127,0,ICBHI,Meditron,0.0003982130906163,0
ICBHI_127_1b1_AR_005,ICBHI_127_1b1_AR,ICBHI_127,0,ICBHI,Meditron,0.0001523675476742,0
ICBHI_138_1p2_AL_000,ICBHI_138_1p2_AL,ICBHI_138,1,ICBHI,AKGC417L,0.9806919138043484,0
ICBHI_138_1p2_AL_001,ICBHI_138_1p2_AL,ICBHI_138,1,ICBHI,AKGC417L,0.9851575827657516,0
ICBHI_138_1p2_AL_002,ICBHI_138_1p2_AL,ICBHI_138,1,ICBHI,AKGC417L,0.9846346585586978,0
ICBHI_138_1p2_AL_003,ICBHI_138_1p2_AL,ICBHI_138,1,ICBHI,AKGC417L,0.9835338249524974,0
ICBHI_138_1p2_AL_004,ICBHI_138_1p2_AL,ICBHI_138,1,ICBHI,AKGC417L,0.9787126482065488,0
ICBHI_138_1p2_AL_005,ICBHI_138_1p2_AL,ICBHI_138,1,ICBHI,AKGC417L,0.9808759632491112,0
ICBHI_138_1p2_AL_006,ICBHI_138_1p2_AL,ICBHI_138,1,ICBHI,AKGC417L,0.9830850867332734,0
ICBHI_138_1p2_AR_000,ICBHI_138_1p2_AR,ICBHI_138,1,ICBHI,AKGC417L,0.9823555365894354,0
ICBHI_138_1p2_AR_001,ICBHI_138_1p2_AR,ICBHI_138,1,ICBHI,AKGC417L,0.9811307454626658,0
ICBHI_138_1p2_AR_002,ICBHI_138_1p2_AR,ICBHI_138,1,ICBHI,AKGC417L,0.9780517462851324,0
ICBHI_138_1p2_AR_003,ICBHI_138_1p2_AR,ICBHI_138,1,ICBHI,AKGC417L,0.97671369455574,0
ICBHI_138_1p2_AR_004,ICBHI_138_1p2_AR,ICBHI_138,1,ICBHI,AKGC417L,0.9732407168145568,0
ICBHI_138_1p2_AR_005,ICBHI_138_1p2_AR,ICBHI_138,1,ICBHI,AKGC417L,0.9814534354878828,0
ICBHI_138_1p2_AR_006,ICBHI_138_1p2_AR,ICBHI_138,1,ICBHI,AKGC417L,0.9817707096048712,0
ICBHI_138_1p2_LL_000,ICBHI_138_1p2_LL,ICBHI_138,1,ICBHI,AKGC417L,0.9820826552325288,0
ICBHI_138_1p2_LL_001,ICBHI_138_1p2_LL,ICBHI_138,1,ICBHI,AKGC417L,0.9751071985765848,0
ICBHI_138_1p2_LL_002,ICBHI_138_1p2_LL,ICBHI_138,1,ICBHI,AKGC417L,0.9787126482065488,0
ICBHI_138_1p2_LL_003,ICBHI_138_1p2_LL,ICBHI_138,1,ICBHI,AKGC417L,0.9892648373909092,0
ICBHI_138_1p2_LL_004,ICBHI_138_1p2_LL,ICBHI_138,1,ICBHI,AKGC417L,0.9875203002546722,0
ICBHI_138_1p2_LL_005,ICBHI_138_1p2_LL,ICBHI_138,1,ICBHI,AKGC417L,0.9890130573694068,0
ICBHI_138_1p2_LL_006,ICBHI_138_1p2_LL,ICBHI_138,1,ICBHI,AKGC417L,0.9842760094722643,0
ICBHI_138_1p2_LR_000,ICBHI_138_1p2_LR,ICBHI_138,1,ICBHI,AKGC417L,0.9789956342674913,0
ICBHI_138_1p2_LR_001,ICBHI_138_1p2_LR,ICBHI_138,1,ICBHI,AKGC417L,0.9771538025943493,0
ICBHI_138_1p2_LR_002,ICBHI_138_1p2_LR,ICBHI_138,1,ICBHI,AKGC417L,0.977585783536363,0
ICBHI_138_1p2_LR_003,ICBHI_138_1p2_LR,ICBHI_138,1,ICBHI,AKGC417L,0.979784031808104,0
ICBHI_138_1p2_LR_004,ICBHI_138_1p2_LR,ICBHI_138,1,ICBHI,AKGC417L,0.9793145407099588,0
ICBHI_138_1p2_LR_005,ICBHI_138_1p2_LR,ICBHI_138,1,ICBHI,AKGC417L,0.979393523864564,0
ICBHI_138_1p2_LR_006,ICBHI_138_1p2_LR,ICBHI_138,1,ICBHI,AKGC417L,0.9793145407099588,0
ICBHI_138_1p2_PL_000,ICBHI_138_1p2_PL,ICBHI_138,1,ICBHI,AKGC417L,0.9849852519941804,0
ICBHI_138_1p2_PL_001,ICBHI_138_1p2_PL,ICBHI_138,1,ICBHI,AKGC417L,0.9885803853543514,0
ICBHI_138_1p2_PL_002,ICBHI_138_1p2_PL,ICBHI_138,1,ICBHI,AKGC417L,0.9816655479104816,0
ICBHI_138_1p2_PL_003,ICBHI_138_1p2_PL,ICBHI_138,1,ICBHI,AKGC417L,0.9842154389261902,0
ICBHI_138_1p2_PL_004,ICBHI_138_1p2_PL,ICBHI_138,1,ICBHI,AKGC417L,0.985990433713597,0
ICBHI_138_1p2_PL_005,ICBHI_138_1p2_PL,ICBHI_138,1,ICBHI,AKGC417L,0.9904406006529084,0
ICBHI_138_1p2_PL_006,ICBHI_138_1p2_PL,ICBHI_138,1,ICBHI,AKGC417L,0.9920620058985926,0
ICBHI_138_1p2_PR_000,ICBHI_138_1p2_PR,ICBHI_138,1,ICBHI,AKGC417L,0.990403545267618,0
ICBHI_138_1p2_PR_001,ICBHI_138_1p2_PR,ICBHI_138,1,ICBHI,AKGC417L,0.990944735813278,0
ICBHI_138_1p2_PR_002,ICBHI_138_1p2_PR,ICBHI_138,1,ICBHI,AKGC417L,0.9930153500828656,0
ICBHI_138_1p2_PR_003,ICBHI_138_1p2_PR,ICBHI_138,1,ICBHI,AKGC417L,0.9917163731139697,0
ICBHI_138_1p2_PR_004,ICBHI_138_1p2_PR,ICBHI_138,1,ICBHI,AKGC417L,0.988755439279336,0
ICBHI_138_1p2_PR_005,ICBHI_138_1p2_PR,ICBHI_138,1,ICBHI,AKGC417L,0.989908684514805,0
ICBHI_138_1p2_PR_006,ICBHI_138_1p2_PR,ICBHI_138,1,ICBHI,AKGC417L,0.9900250791759212,0
ICBHI_138_1p2_TC_000,ICBHI_138_1p2_TC,ICBHI_138,1,ICBHI,AKGC417L,0.0041500808362202,0
ICBHI_138_1p2_TC_001,ICBHI_138_1p2_TC,ICBHI_138,1,ICBHI,AKGC417L,0.0162774609127134,0
ICBHI_138_1p2_TC_002,ICBHI_138_1p2_TC,ICBHI_138,1,ICBHI,AKGC417L,0.0005884088185569,0
ICBHI_138_1p2_TC_003,ICBHI_138_1p2_TC,ICBHI_138,1,ICBHI,AKGC417L,0.0010443859418924,0
ICBHI_138_1p2_TC_004,ICBHI_138_1p2_TC,ICBHI_138,1,ICBHI,AKGC417L,0.68982823480937,0
ICBHI_138_1p2_TC_005,ICBHI_138_1p2_TC,ICBHI_138,1,ICBHI,AKGC417L,0.0001344662963156,0
ICBHI_138_1p2_TC_006,ICBHI_138_1p2_TC,ICBHI_138,1,ICBHI,AKGC417L,9.535461188204108e-05,0
ICBHI_138_1p3_AL_000,ICBHI_138_1p3_AL,ICBHI_138,1,ICBHI,AKGC417L,0.9761746325522288,0
ICBHI_138_1p3_AL_001,ICBHI_138_1p3_AL,ICBHI_138,1,ICBHI,AKGC417L,0.9780517462851324,0
ICBHI_138_1p3_AL_002,ICBHI_138_1p3_AL,ICBHI_138,1,ICBHI,AKGC417L,0.9762653142298868,0
ICBHI_138_1p3_AL_003,ICBHI_138_1p3_AL,ICBHI_138,1,ICBHI,AKGC417L,0.9803938171085806,0
ICBHI_138_1p3_AL_004,ICBHI_138_1p3_AL,ICBHI_138,1,ICBHI,AKGC417L,0.9785492708245106,0
ICBHI_138_1p3_AL_005,ICBHI_138_1p3_AL,ICBHI_138,1,ICBHI,AKGC417L,0.977756332416123,0
ICBHI_138_1p3_AL_006,ICBHI_138_1p3_AL,ICBHI_138,1,ICBHI,AKGC417L,0.9793145407099588,0
ICBHI_138_1p3_AR_000,ICBHI_138_1p3_AR,ICBHI_138,1,ICBHI,AKGC417L,0.960657496735742,0
ICBHI_138_1p3_AR_001,ICBHI_138_1p3_AR,ICBHI_138,1,ICBHI,AKGC417L,0.9657060528791284,0
ICBHI_138_1p3_AR_002,ICBHI_138_1p3_AR,ICBHI_138,1,ICBHI,AKGC417L,0.9571177628369032,0
ICBHI_138_1p3_AR_003,ICBHI_138_1p3_AR,ICBHI_138,1,ICBHI,AKGC417L,0.981979260068153,0
ICBHI_138_1p3_AR_004,ICBHI_138_1p3_AR,ICBHI_138,1,ICBHI,AKGC417L,0.9820137900379085,0
ICBHI_138_1p3_AR_005,ICBHI_138_1p3_AR,ICBHI_138,1,ICBHI,AKGC417L,0.9750597460625842,0
ICBHI_138_1p3_AR_006,ICBHI_138_1p3_AR,ICBHI_138,1,ICBHI,AKGC417L,0.9806178087982642,0
ICBHI_138_1p3_LL_000,ICBHI_138_1p3_LL,ICBHI_138,1,ICBHI,AKGC417L,0.9729338243348664,0
ICBHI_138_1p3_LL_001,ICBHI_138_1p3_LL,ICBHI_138,1,ICBHI,AKGC417L,0.9792749380796176,0
ICBHI_138_1p3_LL_002,ICBHI_138_1p3_LL,ICBHI_138,1,ICBHI,AKGC417L,0.982151261550011,0
ICBHI_138_1p3_LL_003,ICBHI_138_1p3_LL,ICBHI_138,1,ICBHI,AKGC417L,0.9781354435078864,0
ICBHI_138_1p3_LL_004,ICBHI_138_1p3_LL,ICBHI_138,1,ICBHI,AKGC417L,0.9829546827465642,0
ICBHI_138_1p3_LL_005,ICBHI_138_1p3_LL,ICBHI_138,1,ICBHI,AKGC417L,0.9816303618907108,0
ICBHI_138_1p3_LL_006,ICBHI_138_1p3_LL,ICBHI_138,1,ICBHI,AKGC417L,0.981840488289738,0
ICBHI_138_1p3_LR_000,ICBHI_138_1p3_LR,ICBHI_138,1,ICBHI,AKGC417L,0.978467122853792,0
ICBHI_138_1p3_LR_001,ICBHI_138_1p3_LR,ICBHI_138,1,ICBHI,AKGC417L,0.9789956342674913,0
ICBHI_138_1p3_LR_002,ICBHI_138_1p3_LR,ICBHI_138,1,ICBHI,AKGC417L,0.9787938797980108,0
ICBHI_138_1p3_LR_003,ICBHI_138_1p3_LR,ICBHI_138,1,ICBHI,AKGC417L,0.9771538025943493,0
ICBHI_138_1p3_LR_004,ICBHI_138_1p3_LR,ICBHI_138,1,ICBHI,AKGC417L,0.97693477348305,0
ICBHI_138_1p3_LR_005,ICBHI_138_1p3_LR,ICBHI_138,1,ICBHI,AKGC417L,0.9768907222638488,0
ICBHI_138_1p3_LR_006,ICBHI_138_1p3_LR,ICBHI_138,1,ICBHI,AKGC417L,0.9768465889071616,0
ICBHI_138_1p3_PL_000,ICBHI_138_1p3_PL,ICBHI_138,1,ICBHI,AKGC417L,0.9928785712542648,0
ICBHI_138_1p3_PL_001,ICBHI_138_1p3_PL,ICBHI_138,1,ICBHI,AKGC417L,0.9922444632191524,0
ICBHI_138_1p3_PL_002,ICBHI_138_1p3_PL,ICBHI_138,1,ICBHI,AKGC417L,0.9901782070803068,0
ICBHI_138_1p3_PL_003,ICBHI_138_1p3_PL,ICBHI_138,1,ICBHI,AKGC417L,0.987711402470298,0
ICBHI_138_1p3_PL_004,ICBHI_138_1p3_PL,ICBHI_138,1,ICBHI,AKGC417L,0.9884026381763672,0
ICBHI_138_1p3_PL_005,ICBHI_138_1p3_PL,ICBHI_138,1,ICBHI,AKGC417L,0.991619546648974,0
ICBHI_138_1p3_PL_006,ICBHI_138_1p3_PL,ICBHI_138,1,ICBHI,AKGC417L,0.9912886155422944,0
ICBHI_138_1p3_PR_000,ICBHI_138_1p3_PR,ICBHI_138,1,ICBHI,AKGC417L,0.9829546827465642,0
ICBHI_138_1p3_PR_001,ICBHI_138_1p3_PR,ICBHI_138,1,ICBHI,AKGC417L,0.9891815513471368,0
ICBHI_138_1p3_PR_002,ICBHI_138_1p3_PR,ICBHI_138,1,ICBHI,AKGC417L,0.9886682464686384,0
ICBHI_138_1p3_PR_003,ICBHI_138_1p3_PR,ICBHI_138,1,ICBHI,AKGC417L,0.9893062422638244,0
ICBHI_138_1p3_PR_004,ICBHI_138_1p3_PR,ICBHI_138,1,ICBHI,AKGC417L,0.9884918509356968,0
ICBHI_138_1p3_PR_005,ICBHI_138_1p3_PR,ICBHI_138,1,ICBHI,AKGC417L,0.9885803853543514,0
ICBHI_138_1p3_PR_006,ICBHI_138_1p3_PR,ICBHI_138,1,ICBHI,AKGC417L,0.989510908740062,0
ICBHI_138_1p3_TC_000,ICBHI_138_1p3_TC,ICBHI_138,1,ICBHI,AKGC417L,0.3693150796290264,0
ICBHI_138_1p3_TC_001,ICBHI_138_1p3_TC,ICBHI_138,1,ICBHI,AKGC417L,0.8177200818572946,0
ICBHI_138_1p3_TC_002,ICBHI_138_1p3_TC,ICBHI_138,1,ICBHI,AKGC417L,0.9851575827657516,0
ICBHI_138_1p3_TC_003,ICBHI_138_1p3_TC,ICBHI_138,1,ICBHI,AKGC417L,0.988841968751916,0
ICBHI_138_1p3_TC_004,ICBHI_138_1p3_TC,ICBHI_138,1,ICBHI,AKGC417L,0.9862046355788148,0
ICBHI_138_1p3_TC_005,ICBHI_138_1p3_TC,ICBHI_138,1,ICBHI,AKGC417L,0.9871292507842532,0
ICBHI_138_1p3_TC_006,ICBHI_138_1p3_TC,ICBHI_138,1,ICBHI,AKGC417L,0.9865717452580314,0
ICBHI_138_1p4_AR_000,ICBHI_138_1p4_AR,ICBHI_138,1,ICBHI,AKGC417L,0.9716178771000952,0
ICBHI_138_1p4_AR_001,ICBHI_138_1p4_AR,ICBHI_138,1,ICBHI,AKGC417L,0.9698996627595704,0
ICBHI_138_1p4_AR_002,ICBHI_138_1p4_AR,ICBHI_138,1,ICBHI,AKGC417L,0.984032346511204,0
ICBHI_138_1p4_AR_003,ICBHI_138_1p4_AR,ICBHI_138,1,ICBHI,AKGC417L,0.9878996141864552,0
ICBHI_138_1p4_AR_004,ICBHI_138_1p4_AR,ICBHI_138,1,ICBHI,AKGC417L,0.9799765587105448,0
ICBHI_138_1p4_AR_005,ICBHI_138_1p4_AR,ICBHI_138,1,ICBHI,AKGC417L,0.9787533019806788,0
ICBHI_138_1p4_AR_006,ICBHI_138_1p4_AR,ICBHI_138,1,ICBHI,AKGC417L,0.9752490288267888,0
ICBHI_138_1p4_LL_000,ICBHI_138_1p4_LL,ICBHI_138,1,ICBHI,AKGC417L,0.9697281305754024,0
ICBHI_138_1p4_LL_001,ICBHI_138_1p4_LL,ICBHI_138,1,ICBHI,AKGC417L,0.9693822208597556,0
ICBHI_138_1p4_LL_002,ICBHI_138_1p4_LL,ICBHI_138,1,ICBHI,AKGC417L,0.9677777030339422,0
ICBHI_138_1p4_LL_003,ICBHI_138_1p4_LL,ICBHI_138,1,ICBHI,AKGC417L,0.969785412932606,0
ICBHI_138_1p4_LL_004,ICBHI_138_1p4_LL,ICBHI_138,1,ICBHI,AKGC417L,0.9726754691350322,0
ICBHI_138_1p4_LL_005,ICBHI_138_1p4_LL,ICBHI_138,1,ICBHI,AKGC417L,0.9707987097542188,0
ICBHI_138_1p4_LL_006,ICBHI_138_1p4_LL,ICBHI_138,1,ICBHI,AKGC417L,0.9706321458187712,0
ICBHI_138_1p4_LR_000,ICBHI_138_1p4_LR,ICBHI_138,1,ICBHI,AKGC417L,0.9806178087982642,0
ICBHI_138_1p4_LR_001,ICBHI_138_1p4_LR,ICBHI_138,1,ICBHI,AKGC417L,0.9784259335698816,0
ICBHI_138_1p4_LR_002,ICBHI_138_1p4_LR,ICBHI_138,1,ICBHI,AKGC417L,0.9752018398044144,0
ICBHI_138_1p4_LR_003,ICBHI_138_1p4_LR,ICBHI_138,1,ICBHI,AKGC417L,0.9755769099458927,0
ICBHI_138_1p4_LR_004,ICBHI_138_1p4_LR,ICBHI_138,1,ICBHI,AKGC417L,0.9756698099123244,0
ICBHI_138_1p4_LR_005,ICBHI_138_1p4_LR,ICBHI_138,1,ICBHI,AKGC417L,0.976535343307368,0
ICBHI_138_1p4_LR_006,ICBHI_138_1p4_LR,ICBHI_138,1,ICBHI,AKGC417L,0.975900554890232,0
ICBHI_138_1p4_PL_000,ICBHI_138_1p4_PL,ICBHI_138,1,ICBHI,AKGC417L,0.9919380084717284,0
ICBHI_138_1p4_PL_001,ICBHI_138_1p4_PL,ICBHI_138,1,ICBHI,AKGC417L,0.9914886969734374,0
ICBHI_138_1p4_PL_002,ICBHI_138_1p4_PL,ICBHI_138,1,ICBHI,AKGC417L,0.9928231180543432,0
ICBHI_138_1p4_PL_003,ICBHI_138_1p4_PL,ICBHI_138,1,ICBHI,AKGC417L,0.9905142868292048,0
ICBHI_138_1p4_PL_004,ICBHI_138_1p4_PL,ICBHI_138,1,ICBHI,AKGC417L,0.9945094367975008,0
ICBHI_138_1p4_PL_005,ICBHI_138_1p4_PL,ICBHI_138,1,ICBHI,AKGC417L,0.9947186660939475,0
ICBHI_138_1p4_PL_006,ICBHI_138_1p4_PL,ICBHI_138,1,ICBHI,AKGC417L,0.9926541734255228,0
ICBHI_138_1p4_PR_000,ICBHI_138_1p4_PR,ICBHI_138,1,ICBHI,AKGC417L,0.9816655479104816,0
ICBHI_138_1p4_PR_001,ICBHI_138_1p4_PR,ICBHI_138,1,ICBHI,AKGC417L,0.9901401446964612,0
ICBHI_138_1p4_PR_002,ICBHI_138_1p4_PR,ICBHI_138,1,ICBHI,AKGC417L,0.9929335990367508,0
ICBHI_138_1p4_PR_003,ICBHI_138_1p4_PR,ICBHI_138,1,ICBHI,AKGC417L,0.9908743626108194,0
ICBHI_138_1p4_PR_004,ICBHI_138_1p4_PR,ICBHI_138,1,ICBHI,AKGC417L,0.9905509186809448,0
ICBHI_138_1p4_PR_005,ICBHI_138_1p4_PR,ICBHI_138,1,ICBHI,AKGC417L,0.992710922416408,0
ICBHI_138_1p4_PR_006,ICBHI_138_1p4_PR,ICBHI_138,1,ICBHI,AKGC417L,0.990838973077906,0
ICBHI_138_1p4_TC_000,ICBHI_138_1p4_TC,ICBHI_138,1,ICBHI,AKGC417L,0.9894295113796924,0
ICBHI_138_1p4_TC_001,ICBHI_138_1p4_TC,ICBHI_138,1,ICBHI,AKGC417L,0.9869292152258128,0
ICBHI_138_1p4_TC_002,ICBHI_138_1p4_TC,ICBHI_138,1,ICBHI,AKGC417L,0.988755439279336,0
ICBHI_138_1p4_TC_003,ICBHI_138_1p4_TC,ICBHI_138,1,ICBHI,AKGC417L,0.9900250791759212,0
ICBHI_138_1p4_TC_004,ICBHI_138_1p4_TC,ICBHI_138,1,ICBHI,AKGC417L,0.9901401446964612,0
ICBHI_138_1p4_TC_005,ICBHI_138_1p4_TC,ICBHI_138,1,ICBHI,AKGC417L,0.9631612965532385,0
ICBHI_138_1p4_TC_006,ICBHI_138_1p4_TC,ICBHI_138,1,ICBHI,AKGC417L,0.9707987097542188,0
ICBHI_138_2p2_AL_000,ICBHI_138_2p2_AL,ICBHI_138,1,ICBHI,AKGC417L,0.9732915354985552,0
ICBHI_138_2p2_AL_001,ICBHI_138_2p2_AL,ICBHI_138,1,ICBHI,AKGC417L,0.9728307684643188,0
ICBHI_138_2p2_AL_002,ICBHI_138_2p2_AL,ICBHI_138,1,ICBHI,AKGC417L,0.9752961303267708,0
ICBHI_138_2p2_AL_003,ICBHI_138_2p2_AL,ICBHI_138,1,ICBHI,AKGC417L,0.9735442241838218,0
ICBHI_138_2p2_AL_004,ICBHI_138_2p2_AL,ICBHI_138,1,ICBHI,AKGC417L,0.9709643572583984,0
ICBHI_138_2p2_AL_005,ICBHI_138_2p2_AL,ICBHI_138,1,ICBHI,AKGC417L,0.97369471946558,0
ICBHI_138_2p2_AL_006,ICBHI_138_2p2_AL,ICBHI_138,1,ICBHI,AKGC417L,0.975900554890232,0
ICBHI_138_2p2_AR_000,ICBHI_138_2p2_AR,ICBHI_138,1,ICBHI,AKGC417L,0.9567151548042914,0
ICBHI_138_2p2_AR_001,ICBHI_138_2p2_AR,ICBHI_138,1,ICBHI,AKGC417L,0.9724670607386878,0
ICBHI_138_2p2_AR_002,ICBHI_138_2p2_AR,ICBHI_138,1,ICBHI,AKGC417L,0.9663470356814964,0
ICBHI_138_2p2_AR_003,ICBHI_138_2p2_AR,ICBHI_138,1,ICBHI,AKGC417L,0.9613165029135924,0
ICBHI_138_2p2_AR_004,ICBHI_138_2p2_AR,ICBHI_138,1,ICBHI,AKGC417L,0.9667888274293096,0
ICBHI_138_2p2_AR_005,ICBHI_138_2p2_AR,ICBHI_138,1,ICBHI,AKGC417L,0.9740919790859393,0
ICBHI_138_2p2_AR_006,ICBHI_138_2p2_AR,ICBHI_138,1,ICBHI,AKGC417L,0.97364464715388,0
ICBHI_138_2p2_LL_000,ICBHI_138_2p2_LL,ICBHI_138,1,ICBHI,AKGC417L,0.9882675360436518,0
ICBHI_138_2p2_LL_001,ICBHI_138_2p2_LL,ICBHI_138,1,ICBHI,AKGC417L,0.9900250791759212,0
ICBHI_138_2p2_LL_002,ICBHI_138_2p2_LL,ICBHI_138,1,ICBHI,AKGC417L,0.9852145923076094,0
ICBHI_138_2p2_LL_003,ICBHI_138_2p2_LL,ICBHI_138,1,ICBHI,AKGC417L,0.9928785712542648,0
ICBHI_138_2p2_LL_004,ICBHI_138_2p2_LL,ICBHI_138,1,ICBHI,AKGC417L,0.9946567440438504,0
ICBHI_138_2p2_LL_005,ICBHI_138_2p2_LL,ICBHI_138,1,ICBHI,AKGC417L,0.9966755631083444,0
ICBHI_138_2p2_LL_006,ICBHI_138_2p2_LL,ICBHI_138,1,ICBHI,AKGC417L,0.9943799635999728,0
ICBHI_138_2p2_LR_000,ICBHI_138_2p2_LR,ICBHI_138,1,ICBHI,AKGC417L,0.977585783536363,0
ICBHI_138_2p2_LR_001,ICBHI_138_2p2_LR,ICBHI_138,1,ICBHI,AKGC417L,0.9813821977381684,0
ICBHI_138_2p2_LR_002,ICBHI_138_2p2_LR,ICBHI_138,1,ICBHI,AKGC417L,0.9830200077626816,0
ICBHI_138_2p2_LR_003,ICBHI_138_2p2_LR,ICBHI_138,1,ICBHI,AKGC417L,0.980318590959467,0
ICBHI_138_2p2_LR_004,ICBHI_138_2p2_LR,ICBHI_138,1,ICBHI,AKGC417L,0.8134607872557665,0
ICBHI_138_2p2_LR_005,ICBHI_138_2p2_LR,ICBHI_138,1,ICBHI,AKGC417L,0.3111128256537173,0
ICBHI_138_2p2_LR_006,ICBHI_138_2p2_LR,ICBHI_138,1,ICBHI,AKGC417L,0.8531803039554275,0
ICBHI_138_2p2_PL_000,ICBHI_138_2p2_PL,ICBHI_138,1,ICBHI,AKGC417L,0.9719392602342918,0
ICBHI_138_2p2_PL_001,ICBHI_138_2p2_PL,ICBHI_138,1,ICBHI,AKGC417L,0.9744833965520197,0
ICBHI_138_2p2_PL_002,ICBHI_138_2p2_PL,ICBHI_138,1,ICBHI,AKGC417L,0.9729338243348664,0
ICBHI_138_2p2_PL_003,ICBHI_138_2p2_PL,ICBHI_138,1,ICBHI,AKGC417L,0.9756698099123244,0
ICBHI_138_2p2_PL_004,ICBHI_138_2p2_PL,ICBHI_138,1,ICBHI,AKGC417L,0.97369471946558,0
ICBHI_138_2p2_PL_005,ICBHI_138_2p2_PL,ICBHI_138,1,ICBHI,AKGC417L,0.9730876959261984,0
ICBHI_138_2p2_PL_006,ICBHI_138_2p2_PL,ICBHI_138,1,ICBHI,AKGC417L,0.9727790975901732,0
ICBHI_138_2p2_PR_000,ICBHI_138_2p2_PR,ICBHI_138,1,ICBHI,AKGC417L,0.9932287900693888,0
ICBHI_138_2p2_PR_001,ICBHI_138_2p2_PR,ICBHI_138,1,ICBHI,AKGC417L,0.9912886155422944,0
ICBHI_138_2p2_PR_002,ICBHI_138_2p2_PR,ICBHI_138,1,ICBHI,AKGC417L,0.993149519973355,0
ICBHI_138_2p2_PR_003,ICBHI_138_2p2_PR,ICBHI_138,1,ICBHI,AKGC417L,0.9952262776092428,0
ICBHI_138_2p2_PR_004,ICBHI_138_2p2_PR,ICBHI_138,1,ICBHI,AKGC417L,0.9964893508862251,0
ICBHI_138_2p2_PR_005,ICBHI_138_2p2_PR,ICBHI_138,1,ICBHI,AKGC417L,0.9943140930647724,0
ICBHI_138_2p2_PR_006,ICBHI_138_2p2_PR,ICBHI_138,1,ICBHI,AKGC417L,0.9954261357223732,0
ICBHI_138_2p2_TC_000,ICBHI_138_2p2_TC,ICBHI_138,1,ICBHI,AKGC417L,0.979706514428458,0
ICBHI_138_2p2_TC_001,ICBHI_138_2p2_TC,ICBHI_138,1,ICBHI,AKGC417L,0.9819446650265006,0
ICBHI_138_2p2_TC_002,ICBHI_138_2p2_TC,ICBHI_138,1,ICBHI,AKGC417L,0.9811668701095654,0
ICBHI_138_2p2_TC_003,ICBHI_138_2p2_TC,ICBHI_138,1,ICBHI,AKGC417L,0.959077697183522,0
ICBHI_138_2p2_TC_004,ICBHI_138_2p2_TC,ICBHI_138,1,ICBHI,AKGC417L,0.9511422213778252,0
ICBHI_138_2p2_TC_005,ICBHI_138_2p2_TC,ICBHI_138,1,ICBHI,AKGC417L,0.974386085430022,0
ICBHI_138_2p2_TC_006,ICBHI_138_2p2_TC,ICBHI_138,1,ICBHI,AKGC417L,0.9820826552325288,0
ICBHI_139_1b1_AL_000,ICBHI_139_1b1_AL,ICBHI_139,1,ICBHI,Litt3200,0.995784840378813,0
ICBHI_139_1b1_AL_001,ICBHI_139_1b1_AL,ICBHI_139,1,ICBHI,Litt3200,0.9963214910711244,0
ICBHI_139_1b1_AL_002,ICBHI_139_1b1_AL,ICBHI_139,1,ICBHI,Litt3200,0.9966755631083444,0
ICBHI_139_1b1_AL_003,ICBHI_139_1b1_AL,ICBHI_139,1,ICBHI,Litt3200,0.9968519294453704,0
ICBHI_139_1b1_AL_004,ICBHI_139_1b1_AL,ICBHI_139,1,ICBHI,Litt3200,0.9965703960759056,0
ICBHI_139_1b1_AL_005,ICBHI_139_1b1_AL,ICBHI_139,1,ICBHI,Litt3200,0.9966755631083444,0
ICBHI_139_1b1_AR_000,ICBHI_139_1b1_AR,ICBHI_139,1,ICBHI,Litt3200,0.9966365075048124,0
ICBHI_139_1b1_AR_001,ICBHI_139_1b1_AR,ICBHI_139,1,ICBHI,Litt3200,0.9966102167293752,0
ICBHI_139_1b1_AR_002,ICBHI_139_1b1_AR,ICBHI_139,1,ICBHI,Litt3200,0.9964481154509656,0
ICBHI_139_1b1_AR_003,ICBHI_139_1b1_AR,ICBHI_139,1,ICBHI,Litt3200,0.9962492111110448,0
ICBHI_139_1b1_AR_004,ICBHI_139_1b1_AR,ICBHI_139,1,ICBHI,Litt3200,0.9969484898370652,0
ICBHI_139_1b1_LL_000,ICBHI_139_1b1_LL,ICBHI_139,1,ICBHI,Litt3200,0.9964342633376392,0
ICBHI_139_1b1_LL_001,ICBHI_139_1b1_LL,ICBHI_139,1,ICBHI,Litt3200,0.9974688886906716,0
ICBHI_139_1b1_LL_002,ICBHI_139_1b1_LL,ICBHI_139,1,ICBHI,Litt3200,0.997263778900852,0
ICBHI_139_1b1_LL_003,ICBHI_139_1b1_LL,ICBHI_139,1,ICBHI,Litt3200,0.9965570192011142,0
ICBHI_139_1b1_LL_004,ICBHI_139_1b1_LL,ICBHI_139,1,ICBHI,Litt3200,0.9964063974185798,0
ICBHI_139_1b1_LL_005,ICBHI_139_1b1_LL,ICBHI_139,1,ICBHI,Litt3200,0.9966233876182606,0
ICBHI_139_1b1_LL_006,ICBHI_139_1b1_LL,ICBHI_139,1,ICBHI,Litt3200,0.9975273768433652,0
ICBHI_139_1b1_LR_000,ICBHI_139_1b1_LR,ICBHI_139,1,ICBHI,Litt3200,0.9961755163553628,0
ICBHI_139_1b1_LR_001,ICBHI_139_1b1_LR,ICBHI_139,1,ICBHI,Litt3200,0.9958980707421328,0
ICBHI_139_1b1_LR_002,ICBHI_139_1b1_LR,ICBHI_139,1,ICBHI,Litt3200,0.9959614084284945,0
ICBHI_139_1b1_LR_003,ICBHI_139_1b1_LR,ICBHI_139,1,ICBHI,Litt3200,0.9966495765851902,0
ICBHI_139_1b1_PL_000,ICBHI_139_1b1_PL,ICBHI_139,1,ICBHI,Litt3200,0.9958337438789612,0
ICBHI_139_1b1_PL_001,ICBHI_139_1b1_PL,ICBHI_139,1,ICBHI,Litt3200,0.9957187454592984,0
ICBHI_139_1b1_PL_002,ICBHI_139_1b1_PL,ICBHI_139,1,ICBHI,Litt3200,0.9965570192011142,0
ICBHI_139_1b1_PL_003,ICBHI_139_1b1_PL,ICBHI_139,1,ICBHI,Litt3200,0.9977216691335006,0
ICBHI_139_1b1_PR_000,ICBHI_139_1b1_PR,ICBHI_139,1,ICBHI,Litt3200,0.9967013487421672,0
ICBHI_139_1b1_PR_001,ICBHI_139_1b1_PR,ICBHI_139,1,ICBHI,Litt3200,0.996234586215326,0
ICBHI_139_1b1_PR_002,ICBHI_139_1b1_PR,ICBHI_139,1,ICBHI,Litt3200,0.9965435903319344,0
ICBHI_139_1b1_PR_003,ICBHI_139_1b1_PR,ICBHI_139,1,ICBHI,Litt3200,0.9972530990515592,0
ICBHI_139_1b1_PR_004,ICBHI_139_1b1_PR,ICBHI_139,1,ICBHI,Litt3200,0.9979251331010008,0
ICBHI_146_2b2_PL_000,ICBHI_146_2b2_PL,ICBHI_146,1,ICBHI,AKGC417L,0.9873262643069668,0
ICBHI_146_2b2_PL_001,ICBHI_146_2b2_PL,ICBHI_146,1,ICBHI,AKGC417L,0.9896718474806948,0
ICBHI_146_2b2_PL_002,ICBHI_146_2b2_PL,ICBHI_146,1,ICBHI,AKGC417L,0.98922327394992,0
ICBHI_146_2b2_PL_003,ICBHI_146_2b2_PL,ICBHI_146,1,ICBHI,AKGC417L,0.9877587247081928,0
ICBHI_146_2b2_PL_004,ICBHI_146_2b2_PL,ICBHI_146,1,ICBHI,AKGC417L,0.9904775143296634,0
ICBHI_146_2b2_PL_005,ICBHI_146_2b2_PL,ICBHI_146,1,ICBHI,AKGC417L,0.9888849862785224,0
ICBHI_146_2b2_PL_006,ICBHI_146_2b2_PL,ICBHI_146,1,ICBHI,AKGC417L,0.988536202622004,0
ICBHI_146_2b4_AL_000,ICBHI_146_2b4_AL,ICBHI_146,1,ICBHI,AKGC417L,0.9842760094722643,0
ICBHI_146_2b4_AL_001,ICBHI_146_2b4_AL,ICBHI_146,1,ICBHI,AKGC417L,0.9862576795040976,0
ICBHI_146_2b4_AL_002,ICBHI_146_2b4_AL,ICBHI_146,1,ICBHI,AKGC417L,0.9878058669624096,0
ICBHI_146_2b4_AL_003,ICBHI_146_2b4_AL,ICBHI_146,1,ICBHI,AKGC417L,0.9871292507842532,0
ICBHI_146_2b4_AL_004,ICBHI_146_2b4_AL,ICBHI_146,1,ICBHI,AKGC417L,0.9867261125456144,0
ICBHI_146_2b4_AL_005,ICBHI_146_2b4_AL,ICBHI_146,1,ICBHI,AKGC417L,0.9871787857334058,0
ICBHI_146_2b4_AL_006,ICBHI_146_2b4_AL,ICBHI_146,1,ICBHI,AKGC417L,0.9860442896017269,0
ICBHI_146_2b4_AR_000,ICBHI_146_2b4_AR,ICBHI_146,1,ICBHI,AKGC417L,0.9851003567309808,0
ICBHI_146_2b4_AR_001,ICBHI_146_2b4_AR,ICBHI_146,1,ICBHI,AKGC417L,0.98636316471857,0
ICBHI_146_2b4_AR_002,ICBHI_146_2b4_AR,ICBHI_146,1,ICBHI,AKGC417L,0.9842760094722643,0
ICBHI_146_2b4_AR_003,ICBHI_146_2b4_AR,ICBHI_146,1,ICBHI,AKGC417L,0.984032346511204,0
ICBHI_146_2b4_AR_004,ICBHI_146_2b4_AR,ICBHI_146,1,ICBHI,AKGC417L,0.9852713861502774,0
ICBHI_146_2b4_AR_005,ICBHI_146_2b4_AR,ICBHI_146,1,ICBHI,AKGC417L,0.9854404813796804,0
ICBHI_146_2b4_AR_006,ICBHI_146_2b4_AR,ICBHI_146,1,ICBHI,AKGC417L,0.9839708526340988,0
ICBHI_146_2b4_LL_000,ICBHI_146_2b4_LL,ICBHI_146,1,ICBHI,AKGC417L,0.9760379759604948,0
ICBHI_146_2b4_LL_001,ICBHI_146_2b4_LL,ICBHI_146,1,ICBHI,AKGC417L,0.9760379759604948,0
ICBHI_146_2b4_LL_002,ICBHI_146_2b4_LL,ICBHI_146,1,ICBHI,AKGC417L,0.9782604045723282,0
ICBHI_146_2b4_LL_003,ICBHI_146_2b4_LL,ICBHI_146,1,ICBHI,AKGC417L,0.9762200155633391,0
ICBHI_146_2b4_LL_004,ICBHI_146_2b4_LL,ICBHI_146,1,ICBHI,AKGC417L,0.9752018398044144,0
ICBHI_146_2b4_LL_005,ICBHI_146_2b4_LL,ICBHI_146,1,ICBHI,AKGC417L,0.9762200155633391,0
ICBHI_146_2b4_LL_006,ICBHI_146_2b4_LL,ICBHI_146,1,ICBHI,AKGC417L,0.9790357591818724,0
ICBHI_146_2b4_LR_000,ICBHI_146_2b4_LR,ICBHI_146,1,ICBHI,AKGC417L,0.983847165177859,0
ICBHI_146_2b4_LR_001,ICBHI_146_2b4_LR,ICBHI_146,1,ICBHI,AKGC417L,0.9839708526340988,0
ICBHI_146_2b4_LR_002,ICBHI_146_2b4_LR,ICBHI_146,1,ICBHI,AKGC417L,0.9842154389261902,0
ICBHI_146_2b4_LR_003,ICBHI_146_2b4_LR,ICBHI_146,1,ICBHI,AKGC417L,0.982889110788156,0
ICBHI_146_2b4_LR_004,ICBHI_146_2b4_LR,ICBHI_146,1,ICBHI,AKGC417L,0.9799765587105448,0
ICBHI_146_2b4_LR_005,ICBHI_146_2b4_LR,ICBHI_146,1,ICBHI,AKGC417L,0.9796676466573412,0
ICBHI_146_2b4_LR_006,ICBHI_146_2b4_LR,ICBHI_146,1,ICBHI,AKGC417L,0.979784031808104,0
ICBHI_146_2b4_PR_000,ICBHI_146_2b4_PR,ICBHI_146,1,ICBHI,AKGC417L,0.9782188286685004,0
ICBHI_146_2b4_PR_001,ICBHI_146_2b4_PR,ICBHI_146,1,ICBHI,AKGC417L,0.9847524093785004,0
ICBHI_146_2b4_PR_002,ICBHI_146_2b4_PR,ICBHI_146,1,ICBHI,AKGC417L,0.985772953896821,0
ICBHI_146_2b4_PR_003,ICBHI_146_2b4_PR,ICBHI_146,1,ICBHI,AKGC417L,0.9857180660748888,0
ICBHI_146_2b4_PR_004,ICBHI_146_2b4_PR,ICBHI_146,1,ICBHI,AKGC417L,0.9849852519941804,0
ICBHI_146_2b4_PR_005,ICBHI_146_2b4_PR,ICBHI_146,1,ICBHI,AKGC417L,0.9874236517231209,0
ICBHI_146_2b4_PR_006,ICBHI_146_2b4_PR,ICBHI_146,1,ICBHI,AKGC417L,0.9877587247081928,0
ICBHI_146_8p3_AL_000,ICBHI_146_8p3_AL,ICBHI_146,1,ICBHI,AKGC417L,0.9957353653078126,0
ICBHI_146_8p3_AL_001,ICBHI_146_8p3_AL,ICBHI_146,1,ICBHI,AKGC417L,0.9957684125218388,0
ICBHI_146_8p3_AL_002,ICBHI_146_8p3_AL,ICBHI_146,1,ICBHI,AKGC417L,0.9935868362586746,0
ICBHI_146_8p3_AL_003,ICBHI_146_8p3_AL,ICBHI_146,1,ICBHI,AKGC417L,0.9939024378074248,0
ICBHI_146_8p3_AL_004,ICBHI_146_8p3_AL,ICBHI_146,1,ICBHI,AKGC417L,0.9952632510442234,0
ICBHI_146_8p3_AL_005,ICBHI_146_8p3_AL,ICBHI_146,1,ICBHI,AKGC417L,0.9962199045112876,0
ICBHI_146_8p3_AL_006,ICBHI_146_8p3_AL,ICBHI_146,1,ICBHI,AKGC417L,0.9967396538967972,0
ICBHI_146_8p3_AR_000,ICBHI_146_8p3_AR,ICBHI_146,1,ICBHI,AKGC417L,0.9865198970247336,0
ICBHI_146_8p3_AR_001,ICBHI_146_8p3_AR,ICBHI_146,1,ICBHI,AKGC417L,0.9863105223037256,0
ICBHI_146_8p3_AR_002,ICBHI_146_8p3_AR,ICBHI_146,1,ICBHI,AKGC417L,0.9845754479181588,0
ICBHI_146_8p3_AR_003,ICBHI_146_8p3_AR,ICBHI_146,1,ICBHI,AKGC417L,0.9848692716928064,0
ICBHI_146_8p3_AR_004,ICBHI_146_8p3_AR,ICBHI_146,1,ICBHI,AKGC417L,0.9845754479181588,0
ICBHI_146_8p3_AR_005,ICBHI_146_8p3_AR,ICBHI_146,1,ICBHI,AKGC417L,0.9848692716928064,0
ICBHI_146_8p3_AR_006,ICBHI_146_8p3_AR,ICBHI_146,1,ICBHI,AKGC417L,0.9832145101099364,0
ICBHI_146_8p3_LR_000,ICBHI_146_8p3_LR,ICBHI_146,1,ICBHI,AKGC417L,0.9818752792555312,0
ICBHI_146_8p3_LR_001,ICBHI_146_8p3_LR,ICBHI_146,1,ICBHI,AKGC417L,0.9834704434423458,0
ICBHI_146_8p3_LR_002,ICBHI_146_8p3_LR,ICBHI_146,1,ICBHI,AKGC417L,0.985496420308618,0
ICBHI_146_8p3_LR_003,ICBHI_146_8p3_LR,ICBHI_146,1,ICBHI,AKGC417L,0.9842154389261902,0
ICBHI_146_8p3_LR_004,ICBHI_146_8p3_LR,ICBHI_146,1,ICBHI,AKGC417L,0.9837225390872864,0
ICBHI_146_8p3_LR_005,ICBHI_146_8p3_LR,ICBHI_146,1,ICBHI,AKGC417L,0.9845754479181588,0
ICBHI_146_8p3_LR_006,ICBHI_146_8p3_LR,ICBHI_146,1,ICBHI,AKGC417L,0.9851575827657516,0
ICBHI_146_8p3_PL_000,ICBHI_146_8p3_PL,ICBHI_146,1,ICBHI,AKGC417L,0.978834381794042,0
ICBHI_146_8p3_PL_001,ICBHI_146_8p3_PL,ICBHI_146,1,ICBHI,AKGC417L,0.974821158299398,0
ICBHI_146_8p3_PL_002,ICBHI_146_8p3_PL,ICBHI_146,1,ICBHI,AKGC417L,0.9776285401622384,0
ICBHI_146_8p3_PL_003,ICBHI_146_8p3_PL,ICBHI_146,1,ICBHI,AKGC417L,0.9778834111979204,0
ICBHI_146_8p3_PL_004,ICBHI_146_8p3_PL,ICBHI_146,1,ICBHI,AKGC417L,0.979472211759856,0
ICBHI_146_8p3_PL_005,ICBHI_146_8p3_PL,ICBHI_146,1,ICBHI,AKGC417L,0.979899764423248,0
ICBHI_146_8p3_PL_006,ICBHI_146_8p3_PL,ICBHI_146,1,ICBHI,AKGC417L,0.9796676466573412,0
ICBHI_146_8p3_PR_000,ICBHI_146_8p3_PR,ICBHI_146,1,ICBHI,AKGC417L,0.979861259172271,0
ICBHI_146_8p3_PR_001,ICBHI_146_8p3_PR,ICBHI_146,1,ICBHI,AKGC417L,0.9789956342674913,0
ICBHI_146_8p3_PR_002,ICBHI_146_8p3_PR,ICBHI_146,1,ICBHI,AKGC417L,0.9823555365894354,0
ICBHI_146_8p3_PR_003,ICBHI_146_8p3_PR,ICBHI_146,1,ICBHI,AKGC417L,0.980129286039598,0
ICBHI_146_8p3_PR_004,ICBHI_146_8p3_PR,ICBHI_146,1,ICBHI,AKGC417L,0.9830200077626816,0
ICBHI_146_8p3_PR_005,ICBHI_146_8p3_PR,ICBHI_146,1,ICBHI,AKGC417L,0.9836598719063984,0
ICBHI_146_8p3_PR_006,ICBHI_146_8p3_PR,ICBHI_146,1,ICBHI,AKGC417L,0.9795114453152562,0
ICBHI_154_1b3_AL_000,ICBHI_154_1b3_AL,ICBHI_154,1,ICBHI,AKGC417L,0.9905142868292048,0
ICBHI_154_1b3_AL_001,ICBHI_154_1b3_AL,ICBHI_154,1,ICBHI,AKGC417L,0.9891396689867225,0
ICBHI_154_1b3_AL_002,ICBHI_154_1b3_AL,ICBHI_154,1,ICBHI,AKGC417L,0.9895513745548832,0
ICBHI_154_1b3_AL_003,ICBHI_154_1b3_AL,ICBHI_154,1,ICBHI,AKGC417L,0.9911526449170696,0
ICBHI_154_1b3_AL_004,ICBHI_154_1b3_AL,ICBHI_154,1,ICBHI,AKGC417L,0.988755439279336,0
ICBHI_154_1b3_AL_005,ICBHI_154_1b3_AL,ICBHI_154,1,ICBHI,AKGC417L,0.986878728873449,0
ICBHI_154_1b3_AL_006,ICBHI_154_1b3_AL,ICBHI_154,1,ICBHI,AKGC417L,0.9873750507184356,0
ICBHI_154_1b3_AR_000,ICBHI_154_1b3_AR,ICBHI_154,1,ICBHI,AKGC417L,0.9842760094722643,0
ICBHI_154_1b3_AR_001,ICBHI_154_1b3_AR,ICBHI_154,1,ICBHI,AKGC417L,0.988841968751916,0
ICBHI_154_1b3_AR_002,ICBHI_154_1b3_AR,ICBHI_154,1,ICBHI,AKGC417L,0.9837849698906836,0
ICBHI_154_1b3_AR_003,ICBHI_154_1b3_AR,ICBHI_154,1,ICBHI,AKGC417L,0.9878996141864552,0
ICBHI_154_1b3_AR_004,ICBHI_154_1b3_AR,ICBHI_154,1,ICBHI,AKGC417L,0.9926256346917622,0
ICBHI_154_1b3_AR_005,ICBHI_154_1b3_AR,ICBHI_154,1,ICBHI,AKGC417L,0.9923637835053328,0
ICBHI_154_1b3_AR_006,ICBHI_154_1b3_AR,ICBHI_154,1,ICBHI,AKGC417L,0.9904775143296634,0
ICBHI_154_1b3_LL_000,ICBHI_154_1b3_LL,ICBHI_154,1,ICBHI,AKGC417L,0.9918120900983038,0
ICBHI_154_1b3_LL_001,ICBHI_154_1b3_LL,ICBHI_154,1,ICBHI,AKGC417L,0.989947631342032,0
ICBHI_154_1b3_LL_002,ICBHI_154_1b3_LL,ICBHI_154,1,ICBHI,AKGC417L,0.9888849862785224,0
ICBHI_154_1b3_LL_003,ICBHI_154_1b3_LL,ICBHI_154,1,ICBHI,AKGC417L,0.9911526449170696,0
ICBHI_154_1b3_LL_004,ICBHI_154_1b3_LL,ICBHI_154,1,ICBHI,AKGC417L,0.9889278398167658,0
ICBHI_154_1b3_LL_005,ICBHI_154_1b3_LL,ICBHI_154,1,ICBHI,AKGC417L,0.9886682464686384,0
ICBHI_154_1b3_LL_006,ICBHI_154_1b3_LL,ICBHI_154,1,ICBHI,AKGC417L,0.9881766051636294,0
ICBHI_154_1b3_LR_000,ICBHI_154_1b3_LR,ICBHI_154,1,ICBHI,AKGC417L,0.9823555365894354,0
ICBHI_154_1b3_LR_001,ICBHI_154_1b3_LR,ICBHI_154,1,ICBHI,AKGC417L,0.9772408443444812,0
ICBHI_154_1b3_LR_002,ICBHI_154_1b3_LR,ICBHI_154,1,ICBHI,AKGC417L,0.9815244057904552,0
ICBHI_154_1b3_LR_003,ICBHI_154_1b3_LR,ICBHI_154,1,ICBHI,AKGC417L,0.9826243354907804,0
ICBHI_154_1b3_LR_004,ICBHI_154_1b3_LR,ICBHI_154,1,ICBHI,AKGC417L,0.9683213752172553,0
ICBHI_154_1b3_LR_005,ICBHI_154_1b3_LR,ICBHI_154,1,ICBHI,AKGC417L,0.9683213752172553,0
ICBHI_154_1b3_LR_006,ICBHI_154_1b3_LR,ICBHI_154,1,ICBHI,AKGC417L,0.9591542840900508,0
ICBHI_154_1b3_PL_000,ICBHI_154_1b3_PL,ICBHI_154,1,ICBHI,AKGC417L,0.9864678513445928,0
ICBHI_154_1b3_PL_001,ICBHI_154_1b3_PL,ICBHI_154,1,ICBHI,AKGC417L,0.984810951192016,0
ICBHI_154_1b3_PL_002,ICBHI_154_1b3_PL,ICBHI_154,1,ICBHI,AKGC417L,0.9867261125456144,0
ICBHI_154_1b3_PL_003,ICBHI_154_1b3_PL,ICBHI_154,1,ICBHI,AKGC417L,0.983596967483837,0
ICBHI_154_1b3_PL_004,ICBHI_154_1b3_PL,ICBHI_154,1,ICBHI,AKGC417L,0.9887987866239216,0
ICBHI_154_1b3_PL_005,ICBHI_154_1b3_PL,ICBHI_154,1,ICBHI,AKGC417L,0.9886243997611625,0
ICBHI_154_1b3_PL_006,ICBHI_154_1b3_PL,ICBHI_154,1,ICBHI,AKGC417L,0.9896718474806948,0
ICBHI_154_1b3_PR_000,ICBHI_154_1b3_PR,ICBHI_154,1,ICBHI,AKGC417L,0.9723622781264188,0
ICBHI_154_1b3_PR_001,ICBHI_154_1b3_PR,ICBHI_154,1,ICBHI,AKGC417L,0.9773275621685958,0
ICBHI_154_1b3_PR_002,ICBHI_154_1b3_PR,ICBHI_154,1,ICBHI,AKGC417L,0.979745309435261,0
ICBHI_154_1b3_PR_003,ICBHI_154_1b3_PR,ICBHI_154,1,ICBHI,AKGC417L,0.9800912115412156,0
ICBHI_154_1b3_PR_004,ICBHI_154_1b3_PR,ICBHI_154,1,ICBHI,AKGC417L,0.978834381794042,0
ICBHI_154_1b3_PR_005,ICBHI_154_1b3_PR,ICBHI_154,1,ICBHI,AKGC417L,0.979706514428458,0
ICBHI_154_1b3_PR_006,ICBHI_154_1b3_PR,ICBHI_154,1,ICBHI,AKGC417L,0.9807288620802312,0
ICBHI_154_1b3_TC_000,ICBHI_154_1b3_TC,ICBHI_154,1,ICBHI,AKGC417L,0.979899764423248,0
ICBHI_154_1b3_TC_001,ICBHI_154_1b3_TC,ICBHI_154,1,ICBHI,AKGC417L,0.981979260068153,0
ICBHI_154_1b3_TC_002,ICBHI_154_1b3_TC,ICBHI_154,1,ICBHI,AKGC417L,0.9845754479181588,0
ICBHI_154_1b3_TC_003,ICBHI_154_1b3_TC,ICBHI_154,1,ICBHI,AKGC417L,0.983342959990771,0
ICBHI_154_1b3_TC_004,ICBHI_154_1b3_TC,ICBHI_154,1,ICBHI,AKGC417L,0.9852145923076094,0
ICBHI_154_1b3_TC_005,ICBHI_154_1b3_TC,ICBHI_154,1,ICBHI,AKGC417L,0.9849273716910544,0
ICBHI_154_1b3_TC_006,ICBHI_154_1b3_TC,ICBHI_154,1,ICBHI,AKGC417L,0.985772953896821,0
ICBHI_154_2b4_AL_000,ICBHI_154_2b4_AL,ICBHI_154,1,ICBHI,AKGC417L,0.9820826552325288,0
ICBHI_154_2b4_AL_001,ICBHI_154_2b4_AL,ICBHI_154,1,ICBHI,AKGC417L,0.9867261125456144,0
ICBHI_154_2b4_AL_002,ICBHI_154_2b4_AL,ICBHI_154,1,ICBHI,AKGC417L,0.9870795269609208,0
ICBHI_154_2b4_AL_003,ICBHI_154_2b4_AL,ICBHI_154,1,ICBHI,AKGC417L,0.9879462204837636,0
ICBHI_154_2b4_AL_004,ICBHI_154_2b4_AL,ICBHI_154,1,ICBHI,AKGC417L,0.9888849862785224,0
ICBHI_154_2b4_AL_005,ICBHI_154_2b4_AL,ICBHI_154,1,ICBHI,AKGC417L,0.9874236517231209,0
ICBHI_154_2b4_AL_006,ICBHI_154_2b4_AL,ICBHI_154,1,ICBHI,AKGC417L,0.987711402470298,0
ICBHI_154_2b4_AR_000,ICBHI_154_2b4_AR,ICBHI_154,1,ICBHI,AKGC417L,0.973894084658676,0
ICBHI_154_2b4_AR_001,ICBHI_154_2b4_AR,ICBHI_154,1,ICBHI,AKGC417L,0.9767580751989804,0
ICBHI_154_2b4_AR_002,ICBHI_154_2b4_AR,ICBHI_154,1,ICBHI,AKGC417L,0.9803938171085806,0
ICBHI_154_2b4_AR_003,ICBHI_154_2b4_AR,ICBHI_154,1,ICBHI,AKGC417L,0.9826243354907804,0
ICBHI_154_2b4_AR_004,ICBHI_154_2b4_AR,ICBHI_154,1,ICBHI,AKGC417L,0.9808025508024198,0
ICBHI_154_2b4_AR_005,ICBHI_154_2b4_AR,ICBHI_154,1,ICBHI,AKGC417L,0.97982268167713,0
ICBHI_154_2b4_AR_006,ICBHI_154_2b4_AR,ICBHI_154,1,ICBHI,AKGC417L,0.9804313244446876,0
ICBHI_154_2b4_LL_000,ICBHI_154_2b4_LL,ICBHI_154,1,ICBHI,AKGC417L,0.9776712170898904,0
ICBHI_154_2b4_LL_001,ICBHI_154_2b4_LL,ICBHI_154,1,ICBHI,AKGC417L,0.9817357216481428,0
ICBHI_154_2b4_LL_002,ICBHI_154_2b4_LL,ICBHI_154,1,ICBHI,AKGC417L,0.9848692716928064,0
ICBHI_154_2b4_LL_003,ICBHI_154_2b4_LL,ICBHI_154,1,ICBHI,AKGC417L,0.9846346585586978,0
ICBHI_154_2b4_LL_004,ICBHI_154_2b4_LL,ICBHI_154,1,ICBHI,AKGC417L,0.9829546827465642,0
ICBHI_154_2b4_LL_005,ICBHI_154_2b4_LL,ICBHI_154,1,ICBHI,AKGC417L,0.9792352612370644,0
ICBHI_154_2b4_LL_006,ICBHI_154_2b4_LL,ICBHI_154,1,ICBHI,AKGC417L,0.9801672891959912,0
ICBHI_154_2b4_LR_000,ICBHI_154_2b4_LR,ICBHI_154,1,ICBHI,AKGC417L,0.9776285401622384,0
ICBHI_154_2b4_LR_001,ICBHI_154_2b4_LR,ICBHI_154,1,ICBHI,AKGC417L,0.9822877012965884,0
ICBHI_154_2b4_LR_002,ICBHI_154_2b4_LR,ICBHI_154,1,ICBHI,AKGC417L,0.9842154389261902,0
ICBHI_154_2b4_LR_003,ICBHI_154_2b4_LR,ICBHI_154,1,ICBHI,AKGC417L,0.9851575827657516,0
ICBHI_154_2b4_LR_004,ICBHI_154_2b4_LR,ICBHI_154,1,ICBHI,AKGC417L,0.9811668701095654,0
ICBHI_154_2b4_LR_005,ICBHI_154_2b4_LR,ICBHI_154,1,ICBHI,AKGC417L,0.9806178087982642,0
ICBHI_154_2b4_LR_006,ICBHI_154_2b4_LR,ICBHI_154,1,ICBHI,AKGC417L,0.9813464782682386,0
ICBHI_154_2b4_PL_000,ICBHI_154_2b4_PL,ICBHI_154,1,ICBHI,AKGC417L,0.979745309435261,0
ICBHI_154_2b4_PL_001,ICBHI_154_2b4_PL,ICBHI_154,1,ICBHI,AKGC417L,0.9869795098861572,0
ICBHI_154_2b4_PL_002,ICBHI_154_2b4_PL,ICBHI_154,1,ICBHI,AKGC417L,0.9881766051636294,0
ICBHI_154_2b4_PL_003,ICBHI_154_2b4_PL,ICBHI_154,1,ICBHI,AKGC417L,0.9867261125456144,0
ICBHI_154_2b4_PL_004,ICBHI_154_2b4_PL,ICBHI_154,1,ICBHI,AKGC417L,0.9856629695759892,0
ICBHI_154_2b4_PL_005,ICBHI_154_2b4_PL,ICBHI_154,1,ICBHI,AKGC417L,0.9841546388118628,0
ICBHI_154_2b4_PL_006,ICBHI_154_2b4_PL,ICBHI_154,1,ICBHI,AKGC417L,0.9848692716928064,0
ICBHI_154_2b4_PR_000,ICBHI_154_2b4_PR,ICBHI_154,1,ICBHI,AKGC417L,0.9732407168145568,0
ICBHI_154_2b4_PR_001,ICBHI_154_2b4_PR,ICBHI_154,1,ICBHI,AKGC417L,0.976535343307368,0
ICBHI_154_2b4_PR_002,ICBHI_154_2b4_PR,ICBHI_154,1,ICBHI,AKGC417L,0.9826243354907804,0
ICBHI_154_2b4_PR_003,ICBHI_154_2b4_PR,ICBHI_154,1,ICBHI,AKGC417L,0.9839091258071756,0
ICBHI_154_2b4_PR_004,ICBHI_154_2b4_PR,ICBHI_154,1,ICBHI,AKGC417L,0.9777138144607744,0
ICBHI_154_2b4_PR_005,ICBHI_154_2b4_PR,ICBHI_154,1,ICBHI,AKGC417L,0.9729852096621656,0
ICBHI_154_2b4_PR_006,ICBHI_154_2b4_PR,ICBHI_154,1,ICBHI,AKGC417L,0.9735442241838218,0
ICBHI_154_2b4_TC_000,ICBHI_154_2b4_TC,ICBHI_154,1,ICBHI,AKGC417L,0.9707987097542188,0
ICBHI_154_2b4_TC_001,ICBHI_154_2b4_TC,ICBHI_154,1,ICBHI,AKGC417L,0.9772408443444812,0
ICBHI_154_2b4_TC_002,ICBHI_154_2b4_TC,ICBHI_154,1,ICBHI,AKGC417L,0.9791157841059936,0
ICBHI_154_2b4_TC_003,ICBHI_154_2b4_TC,ICBHI_154,1,ICBHI,AKGC417L,0.9803938171085806,0
ICBHI_154_2b4_TC_004,ICBHI_154_2b4_TC,ICBHI_154,1,ICBHI,AKGC417L,0.9770226300899744,0
ICBHI_154_2b4_TC_005,ICBHI_154_2b4_TC,ICBHI_154,1,ICBHI,AKGC417L,0.9773275621685958,0
ICBHI_154_2b4_TC_006,ICBHI_154_2b4_TC,ICBHI_154,1,ICBHI,AKGC417L,0.975154563105731,0
ICBHI_154_3b3_AL_000,ICBHI_154_3b3_AL,ICBHI_154,1,ICBHI,AKGC417L,0.9812029269218638,0
ICBHI_154_3b3_AL_001,ICBHI_154_3b3_AL,ICBHI_154,1,ICBHI,AKGC417L,0.9851575827657516,0
ICBHI_154_3b3_AL_002,ICBHI_154_3b3_AL,ICBHI_154,1,ICBHI,AKGC417L,0.9841546388118628,0
ICBHI_154_3b3_AL_003,ICBHI_154_3b3_AL,ICBHI_154,1,ICBHI,AKGC417L,0.9825575152637948,0
ICBHI_154_3b3_AL_004,ICBHI_154_3b3_AL,ICBHI_154,1,ICBHI,AKGC417L,0.9818056317790944,0
ICBHI_154_3b3_AL_005,ICBHI_154_3b3_AL,ICBHI_154,1,ICBHI,AKGC417L,0.9812029269218638,0
ICBHI_154_3b3_AL_006,ICBHI_154_3b3_AL,ICBHI_154,1,ICBHI,AKGC417L,0.9791157841059936,0
ICBHI_154_3b3_AR_000,ICBHI_154_3b3_AR,ICBHI_154,1,ICBHI,AKGC417L,0.959686562165167,0
ICBHI_154_3b3_AR_001,ICBHI_154_3b3_AR,ICBHI_154,1,ICBHI,AKGC417L,0.9365176378735216,0
ICBHI_154_3b3_AR_002,ICBHI_154_3b3_AR,ICBHI_154,1,ICBHI,AKGC417L,0.9384632635880472,0
ICBHI_154_3b3_AR_003,ICBHI_154_3b3_AR,ICBHI_154,1,ICBHI,AKGC417L,0.9230391643039738,0
ICBHI_154_3b3_AR_004,ICBHI_154_3b3_AR,ICBHI_154,1,ICBHI,AKGC417L,0.920932012086084,0
ICBHI_154_3b3_AR_005,ICBHI_154_3b3_AR,ICBHI_154,1,ICBHI,AKGC417L,0.9133679324357356,0
ICBHI_154_3b3_AR_006,ICBHI_154_3b3_AR,ICBHI_154,1,ICBHI,AKGC417L,0.9038048371679412,0
ICBHI_154_3b3_LL_000,ICBHI_154_3b3_LL,ICBHI_154,1,ICBHI,AKGC417L,0.9742394408803317,0
ICBHI_154_3b3_LL_001,ICBHI_154_3b3_LL,ICBHI_154,1,ICBHI,AKGC417L,0.9746286885255978,0
ICBHI_154_3b3_LL_002,ICBHI_154_3b3_LL,ICBHI_154,1,ICBHI,AKGC417L,0.9745319170136324,0
ICBHI_154_3b3_LL_003,ICBHI_154_3b3_LL,ICBHI_154,1,ICBHI,AKGC417L,0.974386085430022,0
ICBHI_154_3b3_LL_004,ICBHI_154_3b3_LL,ICBHI_154,1,ICBHI,AKGC417L,0.9739436957486152,0
ICBHI_154_3b3_LL_005,ICBHI_154_3b3_LL,ICBHI_154,1,ICBHI,AKGC417L,0.9727790975901732,0
ICBHI_154_3b3_LL_006,ICBHI_154_3b3_LL,ICBHI_154,1,ICBHI,AKGC417L,0.9723097416304984,0
ICBHI_154_4b4_AL_000,ICBHI_154_4b4_AL,ICBHI_154,1,ICBHI,AKGC417L,0.973794586550466,0
ICBHI_154_4b4_AL_001,ICBHI_154_4b4_AL,ICBHI_154,1,ICBHI,AKGC417L,0.9707987097542188,0
ICBHI_154_4b4_AL_002,ICBHI_154_4b4_AL,ICBHI_154,1,ICBHI,AKGC417L,0.9782604045723282,0
ICBHI_154_4b4_AL_003,ICBHI_154_4b4_AL,ICBHI_154,1,ICBHI,AKGC417L,0.9658351844920308,0
ICBHI_154_4b4_AL_004,ICBHI_154_4b4_AL,ICBHI_154,1,ICBHI,AKGC417L,0.956553103139948,0
ICBHI_154_4b4_AL_005,ICBHI_154_4b4_AL,ICBHI_154,1,ICBHI,AKGC417L,0.9493885651109318,0
ICBHI_154_4b4_AL_006,ICBHI_154_4b4_AL,ICBHI_154,1,ICBHI,AKGC417L,0.9567959640765576,0
ICBHI_154_4b4_AR_000,ICBHI_154_4b4_AR,ICBHI_154,1,ICBHI,AKGC417L,0.9806178087982642,0
ICBHI_154_4b4_AR_001,ICBHI_154_4b4_AR,ICBHI_154,1,ICBHI,AKGC417L,0.9820826552325288,0
ICBHI_154_4b4_AR_002,ICBHI_154_4b4_AR,ICBHI_154,1,ICBHI,AKGC417L,0.9815597909507104,0
ICBHI_154_4b4_AR_003,ICBHI_154_4b4_AR,ICBHI_154,1,ICBHI,AKGC417L,0.9816303618907108,0
ICBHI_154_4b4_AR_004,ICBHI_154_4b4_AR,ICBHI_154,1,ICBHI,AKGC417L,0.9813106915732508,0
ICBHI_154_4b4_AR_005,ICBHI_154_4b4_AR,ICBHI_154,1,ICBHI,AKGC417L,0.9815597909507104,0
ICBHI_154_4b4_AR_006,ICBHI_154_4b4_AR,ICBHI_154,1,ICBHI,AKGC417L,0.9813821977381684,0
ICBHI_154_4b4_LL_000,ICBHI_154_4b4_LL,ICBHI_154,1,ICBHI,AKGC417L,0.974964576461264,0
ICBHI_154_4b4_LL_001,ICBHI_154_4b4_LL,ICBHI_154,1,ICBHI,AKGC417L,0.977967735887304,0
ICBHI_154_4b4_LL_002,ICBHI_154_4b4_LL,ICBHI_154,1,ICBHI,AKGC417L,0.9751071985765848,0
ICBHI_154_4b4_LL_003,ICBHI_154_4b4_LL,ICBHI_154,1,ICBHI,AKGC417L,0.974773174620712,0
ICBHI_154_4b4_LL_004,ICBHI_154_4b4_LL,ICBHI_154,1,ICBHI,AKGC417L,0.9715099574136776,0
ICBHI_154_4b4_LL_005,ICBHI_154_4b4_LL,ICBHI_154,1,ICBHI,AKGC417L,0.9720456005228716,0
ICBHI_154_4b4_LL_006,ICBHI_154_4b4_LL,ICBHI_154,1,ICBHI,AKGC417L,0.9744833965520197,0
ICBHI_154_4b4_LR_000,ICBHI_154_4b4_LR,ICBHI_154,1,ICBHI,AKGC417L,0.983278856294558,0
ICBHI_154_4b4_LR_001,ICBHI_154_4b4_LR,ICBHI_154,1,ICBHI,AKGC417L,0.9879462204837636,0
ICBHI_154_4b4_LR_002,ICBHI_154_4b4_LR,ICBHI_154,1,ICBHI,AKGC417L,0.9882221573114804,0
ICBHI_154_4b4_LR_003,ICBHI_154_4b4_LR,ICBHI_154,1,ICBHI,AKGC417L,0.9861513897844354,0
ICBHI_154_4b4_LR_004,ICBHI_154_4b4_LR,ICBHI_154,1,ICBHI,AKGC417L,0.9864678513445928,0
ICBHI_154_4b4_LR_005,ICBHI_154_4b4_LR,ICBHI_154,1,ICBHI,AKGC417L,0.9871292507842532,0
ICBHI_154_4b4_LR_006,ICBHI_154_4b4_LR,ICBHI_154,1,ICBHI,AKGC417L,0.9881308789536604,0
ICBHI_154_4b4_PL_000,ICBHI_154_4b4_PL,ICBHI_154,1,ICBHI,AKGC417L,0.978508235226327,0
ICBHI_154_4b4_PL_001,ICBHI_154_4b4_PL,ICBHI_154,1,ICBHI,AKGC417L,0.9777987710969442,0
ICBHI_154_4b4_PL_002,ICBHI_154_4b4_PL,ICBHI_154,1,ICBHI,AKGC417L,0.9766692311915196,0
ICBHI_154_4b4_PL_003,ICBHI_154_4b4_PL,ICBHI_154,1,ICBHI,AKGC417L,0.976535343307368,0
ICBHI_154_4b4_PL_004,ICBHI_154_4b4_PL,ICBHI_154,1,ICBHI,AKGC417L,0.977756332416123,0
ICBHI_154_4b4_PL_005,ICBHI_154_4b4_PL,ICBHI_154,1,ICBHI,AKGC417L,0.9767580751989804,0
ICBHI_154_4b4_PL_006,ICBHI_154_4b4_PL,ICBHI_154,1,ICBHI,AKGC417L,0.977756332416123,0
ICBHI_154_4b4_PR_000,ICBHI_154_4b4_PR,ICBHI_154,1,ICBHI,AKGC417L,0.9810945528586532,0
ICBHI_154_4b4_PR_001,ICBHI_154_4b4_PR,ICBHI_154,1,ICBHI,AKGC417L,0.9830200077626816,0
ICBHI_154_4b4_PR_002,ICBHI_154_4b4_PR,ICBHI_154,1,ICBHI,AKGC417L,0.983847165177859,0
ICBHI_154_4b4_PR_003,ICBHI_154_4b4_PR,ICBHI_154,1,ICBHI,AKGC417L,0.9805434250177092,0
ICBHI_154_4b4_PR_004,ICBHI_154_4b4_PR,ICBHI_154,1,ICBHI,AKGC417L,0.9792352612370644,0
ICBHI_154_4b4_PR_005,ICBHI_154_4b4_PR,ICBHI_154,1,ICBHI,AKGC417L,0.9820826552325288,0
ICBHI_154_4b4_PR_006,ICBHI_154_4b4_PR,ICBHI_154,1,ICBHI,AKGC417L,0.9804313244446876,0
ICBHI_158_1b3_AR_000,ICBHI_158_1b3_AR,ICBHI_158,1,ICBHI,LittC2SE,0.994615062038222,0
ICBHI_158_1b3_AR_001,ICBHI_158_1b3_AR,ICBHI_158,1,ICBHI,LittC2SE,0.9954261357223732,0
ICBHI_158_1b3_AR_002,ICBHI_158_1b3_AR,ICBHI_158,1,ICBHI,LittC2SE,0.9951514669095514,0
ICBHI_158_1b3_AR_003,ICBHI_158_1b3_AR,ICBHI_158,1,ICBHI,LittC2SE,0.9945307254013008,0
ICBHI_158_1b3_AR_004,ICBHI_158_1b3_AR,ICBHI_158,1,ICBHI,LittC2SE,0.9957020611205928,0
ICBHI_158_1b3_AR_005,ICBHI_158_1b3_AR,ICBHI_158,1,ICBHI,LittC2SE,0.995784840378813,0
ICBHI_158_1b3_AR_006,ICBHI_158_1b3_AR,ICBHI_158,1,ICBHI,LittC2SE,0.9956176633592692,0
ICBHI_158_1p2_AL_000,ICBHI_158_1p2_AL,ICBHI_158,1,ICBHI,AKGC417L,0.9745803476190712,0
ICBHI_158_1p2_AL_001,ICBHI_158_1p2_AL,ICBHI_158,1,ICBHI,AKGC417L,0.9762200155633391,0
ICBHI_158_1p2_AL_002,ICBHI_158_1p2_AL,ICBHI_158,1,ICBHI,AKGC417L,0.9783846672373524,0
ICBHI_158_1p2_AL_003,ICBHI_158_1p2_AL,ICBHI_158,1,ICBHI,AKGC417L,0.9773707999669629,0
ICBHI_158_1p2_AL_004,ICBHI_158_1p2_AL,ICBHI_158,1,ICBHI,AKGC417L,0.977197364031994,0
ICBHI_158_1p2_AL_005,ICBHI_158_1p2_AL,ICBHI_158,1,ICBHI,AKGC417L,0.985772953896821,0
ICBHI_158_1p2_AL_006,ICBHI_158_1p2_AL,ICBHI_158,1,ICBHI,AKGC417L,0.9865717452580314,0
ICBHI_158_1p2_AR_000,ICBHI_158_1p2_AR,ICBHI_158,1,ICBHI,AKGC417L,0.9629528313309248,0
ICBHI_158_1p2_AR_001,ICBHI_158_1p2_AR,ICBHI_158,1,ICBHI,AKGC417L,0.9614615034830584,0
ICBHI_158_1p2_AR_002,ICBHI_158_1p2_AR,ICBHI_158,1,ICBHI,AKGC417L,0.9540517926508258,0
ICBHI_158_1p2_AR_003,ICBHI_158_1p2_AR,ICBHI_158,1,ICBHI,AKGC417L,0.9579909445710464,0
ICBHI_158_1p2_AR_004,ICBHI_158_1p2_AR,ICBHI_158,1,ICBHI,AKGC417L,0.9562272608259156,0
ICBHI_158_1p2_AR_005,ICBHI_158_1p2_AR,ICBHI_158,1,ICBHI,AKGC417L,0.9705205917252118,0
ICBHI_158_1p2_AR_006,ICBHI_158_1p2_AR,ICBHI_158,1,ICBHI,AKGC417L,0.9764905475924672,0
ICBHI_158_1p2_LL_000,ICBHI_158_1p2_LL,ICBHI_158,1,ICBHI,AKGC417L,0.9938787187092716,0
ICBHI_158_1p2_LL_001,ICBHI_158_1p2_LL,ICBHI_158,1,ICBHI,AKGC417L,0.9886243997611625,0
ICBHI_158_1p2_LL_002,ICBHI_158_1p2_LL,ICBHI_158,1,ICBHI,AKGC417L,0.9878528299001949,0
ICBHI_158_1p2_LL_003,ICBHI_158_1p2_LL,ICBHI_158,1,ICBHI,AKGC417L,0.985384329899364,0
ICBHI_158_1p2_LL_004,ICBHI_158_1p2_LL,ICBHI_158,1,ICBHI,AKGC417L,0.9873750507184356,0
ICBHI_158_1p2_LL_005,ICBHI_158_1p2_LL,ICBHI_158,1,ICBHI,AKGC417L,0.9889705299774982,0
ICBHI_158_1p2_LL_006,ICBHI_158_1p2_LL,ICBHI_158,1,ICBHI,AKGC417L,0.9846346585586978,0
ICBHI_158_1p2_LR_000,ICBHI_158_1p2_LR,ICBHI_158,1,ICBHI,AKGC417L,0.959762057376384,0
ICBHI_158_1p2_LR_001,ICBHI_158_1p2_LR,ICBHI_158,1,ICBHI,AKGC417L,0.9422946838534368,0
ICBHI_158_1p2_LR_002,ICBHI_158_1p2_LR,ICBHI_158,1,ICBHI,AKGC417L,0.9561454366001264,0
ICBHI_158_1p2_LR_003,ICBHI_158_1p2_LR,ICBHI_158,1,ICBHI,AKGC417L,0.9578334587487554,0
ICBHI_158_1p2_LR_004,ICBHI_158_1p2_LR,ICBHI_158,1,ICBHI,AKGC417L,0.9263037302939516,0
ICBHI_158_1p2_LR_005,ICBHI_158_1p2_LR,ICBHI_158,1,ICBHI,AKGC417L,0.9254997409810218,0
ICBHI_158_1p2_LR_006,ICBHI_158_1p2_LR,ICBHI_158,1,ICBHI,AKGC417L,0.9456006819553416,0
ICBHI_158_1p2_PL_000,ICBHI_158_1p2_PL,ICBHI_158,1,ICBHI,AKGC417L,0.9710193702585468,0
ICBHI_158_1p2_PL_001,ICBHI_158_1p2_PL,ICBHI_158,1,ICBHI,AKGC417L,0.9676556676188428,0
ICBHI_158_1p2_PL_002,ICBHI_158_1p2_PL,ICBHI_158,1,ICBHI,AKGC417L,0.9744833965520197,0
ICBHI_158_1p2_PL_003,ICBHI_158_1p2_PL,ICBHI_158,1,ICBHI,AKGC417L,0.9719392602342918,0
ICBHI_158_1p2_PL_004,ICBHI_158_1p2_PL,ICBHI_158,1,ICBHI,AKGC417L,0.9705205917252118,0
ICBHI_158_1p2_PL_005,ICBHI_158_1p2_PL,ICBHI_158,1,ICBHI,AKGC417L,0.968915048912056,0
ICBHI_158_1p2_PL_006,ICBHI_158_1p2_PL,ICBHI_158,1,ICBHI,AKGC417L,0.9596109312691484,0
ICBHI_158_1p2_PR_000,ICBHI_158_1p2_PR,ICBHI_158,1,ICBHI,AKGC417L,0.9425067211996144,0
ICBHI_158_1p2_PR_001,ICBHI_158_1p2_PR,ICBHI_158,1,ICBHI,AKGC417L,0.9551520965667056,0
ICBHI_158_1p2_PR_002,ICBHI_158_1p2_PR,ICBHI_158,1,ICBHI,AKGC417L,0.9582261192116938,0
ICBHI_158_1p2_PR_003,ICBHI_158_1p2_PR,ICBHI_158,1,ICBHI,AKGC417L,0.9444848859112394,0
ICBHI_158_1p2_PR_004,ICBHI_158_1p2_PR,ICBHI_158,1,ICBHI,AKGC417L,0.9460011610004748,0
ICBHI_158_1p2_PR_005,ICBHI_158_1p2_PR,ICBHI_158,1,ICBHI,AKGC417L,0.9549004305956024,0
ICBHI_158_1p2_PR_006,ICBHI_158_1p2_PR,ICBHI_158,1,ICBHI,AKGC417L,0.9629528313309248,0
ICBHI_158_1p2_TC_000,ICBHI_158_1p2_TC,ICBHI_158,1,ICBHI,AKGC417L,0.9805434250177092,0
ICBHI_158_1p2_TC_001,ICBHI_158_1p2_TC,ICBHI_158,1,ICBHI,AKGC417L,0.9719924793940118,0
ICBHI_158_1p2_TC_002,ICBHI_158_1p2_TC,ICBHI_158,1,ICBHI,AKGC417L,0.964921323357116,0
ICBHI_158_1p2_TC_003,ICBHI_158_1p2_TC,ICBHI_158,1,ICBHI,AKGC417L,0.9794329046535716,0
ICBHI_158_1p2_TC_004,ICBHI_158_1p2_TC,ICBHI_158,1,ICBHI,AKGC417L,0.9866748522941186,0
ICBHI_158_1p2_TC_005,ICBHI_158_1p2_TC,ICBHI_158,1,ICBHI,AKGC417L,0.9887987866239216,0
ICBHI_158_1p2_TC_006,ICBHI_158_1p2_TC,ICBHI_158,1,ICBHI,AKGC417L,0.9874236517231209,0
ICBHI_158_1p3_AL_000,ICBHI_158_1p3_AL,ICBHI_158,1,ICBHI,AKGC417L,0.9864678513445928,0
ICBHI_158_1p3_AL_001,ICBHI_158_1p3_AL,ICBHI_158,1,ICBHI,AKGC417L,0.9807288620802312,0
ICBHI_158_1p3_AL_002,ICBHI_158_1p3_AL,ICBHI_158,1,ICBHI,AKGC417L,0.9907319866190856,0
ICBHI_158_1p3_AL_003,ICBHI_158_1p3_AL,ICBHI_158,1,ICBHI,AKGC417L,0.993149519973355,0
ICBHI_158_1p3_AL_004,ICBHI_158_1p3_AL,ICBHI_158,1,ICBHI,AKGC417L,0.9920927084953716,0
ICBHI_158_1p3_AL_005,ICBHI_158_1p3_AL,ICBHI_158,1,ICBHI,AKGC417L,0.991780306938032,0
ICBHI_158_1p3_AL_006,ICBHI_158_1p3_AL,ICBHI_158,1,ICBHI,AKGC417L,0.9918437513730266,0
ICBHI_158_1p3_AR_000,ICBHI_158_1p3_AR,ICBHI_158,1,ICBHI,AKGC417L,0.9820137900379085,0
ICBHI_158_1p3_AR_001,ICBHI_158_1p3_AR,ICBHI_158,1,ICBHI,AKGC417L,0.9795114453152562,0
ICBHI_158_1p3_AR_002,ICBHI_158_1p3_AR,ICBHI_158,1,ICBHI,AKGC417L,0.9776285401622384,0
ICBHI_158_1p3_AR_003,ICBHI_158_1p3_AR,ICBHI_158,1,ICBHI,AKGC417L,0.974773174620712,0
ICBHI_158_1p3_AR_004,ICBHI_158_1p3_AR,ICBHI_158,1,ICBHI,AKGC417L,0.9690910414827888,0
ICBHI_158_1p3_AR_005,ICBHI_158_1p3_AR,ICBHI_158,1,ICBHI,AKGC417L,0.9698996627595704,0
ICBHI_158_1p3_AR_006,ICBHI_158_1p3_AR,ICBHI_158,1,ICBHI,AKGC417L,0.9680204398748076,0
ICBHI_158_1p3_LL_000,ICBHI_158_1p3_LL,ICBHI_158,1,ICBHI,AKGC417L,0.9799381975595722,0
ICBHI_158_1p3_LL_001,ICBHI_158_1p3_LL,ICBHI_158,1,ICBHI,AKGC417L,0.9858276338086984,0
ICBHI_158_1p3_LL_002,ICBHI_158_1p3_LL,ICBHI_158,1,ICBHI,AKGC417L,0.9918437513730266,0
ICBHI_158_1p3_LL_003,ICBHI_158_1p3_LL,ICBHI_158,1,ICBHI,AKGC417L,0.9870296135626316,0
ICBHI_158_1p3_LL_004,ICBHI_158_1p3_LL,ICBHI_158,1,ICBHI,AKGC417L,0.981840488289738,0
ICBHI_158_1p3_LL_005,ICBHI_158_1p3_LL,ICBHI_158,1,ICBHI,AKGC417L,0.9857180660748888,0
ICBHI_158_1p3_LL_006,ICBHI_158_1p3_LL,ICBHI_158,1,ICBHI,AKGC417L,0.987568349146814,0
ICBHI_158_1p3_LR_000,ICBHI_158_1p3_LR,ICBHI_158,1,ICBHI,AKGC417L,0.9564718602835648,0
ICBHI_158_1p3_LR_001,ICBHI_158_1p3_LR,ICBHI_158,1,ICBHI,AKGC417L,0.9568766292846294,0
ICBHI_158_1p3_LR_002,ICBHI_158_1p3_LR,ICBHI_158,1,ICBHI,AKGC417L,0.9793540692607816,0
ICBHI_158_1p3_LR_003,ICBHI_158_1p3_LR,ICBHI_158,1,ICBHI,AKGC417L,0.9710193702585468,0
ICBHI_158_1p3_LR_004,ICBHI_158_1p3_LR,ICBHI_158,1,ICBHI,AKGC417L,0.954137335843458,0
ICBHI_158_1p3_LR_005,ICBHI_158_1p3_LR,ICBHI_158,1,ICBHI,AKGC417L,0.9754369112279712,0
ICBHI_158_1p3_LR_006,ICBHI_158_1p3_LR,ICBHI_158,1,ICBHI,AKGC417L,0.9831499205521024,0
ICBHI_158_1p3_PL_000,ICBHI_158_1p3_PL,ICBHI_158,1,ICBHI,AKGC417L,0.9828232909876816,0
ICBHI_158_1p3_PL_001,ICBHI_158_1p3_PL,ICBHI_158,1,ICBHI,AKGC417L,0.977967735887304,0
ICBHI_158_1p3_PL_002,ICBHI_158_1p3_PL,ICBHI_158,1,ICBHI,AKGC417L,0.977585783536363,0
ICBHI_158_1p3_PL_003,ICBHI_158_1p3_PL,ICBHI_158,1,ICBHI,AKGC417L,0.978631112244824,0
ICBHI_158_1p3_PL_004,ICBHI_158_1p3_PL,ICBHI_158,1,ICBHI,AKGC417L,0.9744833965520197,0
ICBHI_158_1p3_PL_005,ICBHI_158_1p3_PL,ICBHI_158,1,ICBHI,AKGC417L,0.9778411306440228,0
ICBHI_158_1p3_PL_006,ICBHI_158_1p3_PL,ICBHI_158,1,ICBHI,AKGC417L,0.9771538025943493,0
ICBHI_158_1p3_PR_000,ICBHI_158_1p3_PR,ICBHI_158,1,ICBHI,AKGC417L,0.962743232064167,0
ICBHI_158_1p3_PR_001,ICBHI_158_1p3_PR,ICBHI_158,1,ICBHI,AKGC417L,0.9713473306904064,0
ICBHI_158_1p3_PR_002,ICBHI_158_1p3_PR,ICBHI_158,1,ICBHI,AKGC417L,0.9787938797980108,0
ICBHI_158_1p3_PR_003,ICBHI_158_1p3_PR,ICBHI_158,1,ICBHI,AKGC417L,0.9711290930537122,0
ICBHI_158_1p3_PR_004,ICBHI_158_1p3_PR,ICBHI_158,1,ICBHI,AKGC417L,0.9667888274293096,0
ICBHI_158_1p3_PR_005,ICBHI_158_1p3_PR,ICBHI_158,1,ICBHI,AKGC417L,0.9661559646595076,0
ICBHI_158_1p3_PR_006,ICBHI_158_1p3_PR,ICBHI_158,1,ICBHI,AKGC417L,0.9616059822423816,0
ICBHI_158_1p3_TC_000,ICBHI_158_1p3_TC,ICBHI_158,1,ICBHI,AKGC417L,0.9931760452132232,0
ICBHI_158_1p3_TC_001,ICBHI_158_1p3_TC,ICBHI_158,1,ICBHI,AKGC417L,0.9925393565360598,0
ICBHI_158_1p3_TC_002,ICBHI_158_1p3_TC,ICBHI_158,1,ICBHI,AKGC417L,0.9914886969734374,0
ICBHI_158_1p3_TC_003,ICBHI_158_1p3_TC,ICBHI_158,1,ICBHI,AKGC417L,0.9934357507792256,0
ICBHI_158_1p3_TC_004,ICBHI_158_1p3_TC,ICBHI_158,1,ICBHI,AKGC417L,0.9939496023117854,0
ICBHI_158_1p3_TC_005,ICBHI_158_1p3_TC,ICBHI_158,1,ICBHI,AKGC417L,0.9945730566510748,0
ICBHI_158_1p3_TC_006,ICBHI_158_1p3_TC,ICBHI_158,1,ICBHI,AKGC417L,0.992710922416408,0
ICBHI_158_1p4_AL_000,ICBHI_158_1p4_AL,ICBHI_158,1,ICBHI,AKGC417L,0.9751071985765848,0
ICBHI_158_1p4_AL_001,ICBHI_158_1p4_AL,ICBHI_158,1,ICBHI,AKGC417L,0.9876638995791304,0
ICBHI_158_1p4_AL_002,ICBHI_158_1p4_AL,ICBHI_158,1,ICBHI,AKGC417L,0.975390071374038,0
ICBHI_158_1p4_AL_003,ICBHI_158_1p4_AL,ICBHI_158,1,ICBHI,AKGC417L,0.9778834111979204,0
ICBHI_158_1p4_AL_004,ICBHI_158_1p4_AL,ICBHI_158,1,ICBHI,AKGC417L,0.9809855660757952,0
ICBHI_158_1p4_AL_005,ICBHI_158_1p4_AL,ICBHI_158,1,ICBHI,AKGC417L,0.9844563520692292,0
ICBHI_158_1p4_AL_006,ICBHI_158_1p4_AL,ICBHI_158,1,ICBHI,AKGC417L,0.9842154389261902,0
ICBHI_158_1p4_AR_000,ICBHI_158_1p4_AR,ICBHI_158,1,ICBHI,AKGC417L,0.975946447105574,0
ICBHI_158_1p4_AR_001,ICBHI_158_1p4_AR,ICBHI_158,1,ICBHI,AKGC417L,0.9738443816461771,0
ICBHI_158_1p4_AR_002,ICBHI_158_1p4_AR,ICBHI_158,1,ICBHI,AKGC417L,0.96557645058735,0
ICBHI_158_1p4_AR_003,ICBHI_158_1p4_AR,ICBHI_158,1,ICBHI,AKGC417L,0.9665370653480092,0
ICBHI_158_1p4_AR_004,ICBHI_158_1p4_AR,ICBHI_158,1,ICBHI,AKGC417L,0.9651191130633208,0
ICBHI_158_1p4_AR_005,ICBHI_158_1p4_AR,ICBHI_158,1,ICBHI,AKGC417L,0.9628830911922404,0
ICBHI_158_1p4_AR_006,ICBHI_158_1p4_AR,ICBHI_158,1,ICBHI,AKGC417L,0.9701269078891236,0
ICBHI_158_1p4_LR_000,ICBHI_158_1p4_LR,ICBHI_158,1,ICBHI,AKGC417L,0.9770226300899744,0
ICBHI_158_1p4_LR_001,ICBHI_158_1p4_LR,ICBHI_158,1,ICBHI,AKGC417L,0.9841546388118628,0
ICBHI_158_1p4_LR_002,ICBHI_158_1p4_LR,ICBHI_158,1,ICBHI,AKGC417L,0.980129286039598,0
ICBHI_158_1p4_LR_003,ICBHI_158_1p4_LR,ICBHI_158,1,ICBHI,AKGC417L,0.9846346585586978,0
ICBHI_158_1p4_LR_004,ICBHI_158_1p4_LR,ICBHI_158,1,ICBHI,AKGC417L,0.9851575827657516,0
ICBHI_158_1p4_LR_005,ICBHI_158_1p4_LR,ICBHI_158,1,ICBHI,AKGC417L,0.9650533028884728,0
ICBHI_158_1p4_LR_006,ICBHI_158_1p4_LR,ICBHI_158,1,ICBHI,AKGC417L,0.9618217257384336,0
ICBHI_158_1p4_PL_000,ICBHI_158_1p4_PL,ICBHI_158,1,ICBHI,AKGC417L,0.9734434290045008,0
ICBHI_158_1p4_PL_001,ICBHI_158_1p4_PL,ICBHI_158,1,ICBHI,AKGC417L,0.9621075733703928,0
ICBHI_158_1p4_PL_002,ICBHI_158_1p4_PL,ICBHI_158,1,ICBHI,AKGC417L,0.9710742821322724,0
ICBHI_158_1p4_PL_003,ICBHI_158_1p4_PL,ICBHI_158,1,ICBHI,AKGC417L,0.9752018398044144,0
ICBHI_158_1p4_PL_004,ICBHI_158_1p4_PL,ICBHI_158,1,ICBHI,AKGC417L,0.9739932150764022,0
ICBHI_158_1p4_PL_005,ICBHI_158_1p4_PL,ICBHI_158,1,ICBHI,AKGC417L,0.9727790975901732,0
ICBHI_158_1p4_PL_006,ICBHI_158_1p4_PL,ICBHI_158,1,ICBHI,AKGC417L,0.9704646607088953,0
ICBHI_158_1p4_PR_000,ICBHI_158_1p4_PR,ICBHI_158,1,ICBHI,AKGC417L,0.9670387599462188,0
ICBHI_158_1p4_PR_001,ICBHI_158_1p4_PR,ICBHI_158,1,ICBHI,AKGC417L,0.9679599219419188,0
ICBHI_158_1p4_PR_002,ICBHI_158_1p4_PR,ICBHI_158,1,ICBHI,AKGC417L,0.952925824178976,0
ICBHI_158_1p4_PR_003,ICBHI_158_1p4_PR,ICBHI_158,1,ICBHI,AKGC417L,0.9468920959838324,0
ICBHI_158_1p4_PR_004,ICBHI_158_1p4_PR,ICBHI_158,1,ICBHI,AKGC417L,0.9464978508046772,0
ICBHI_158_1p4_PR_005,ICBHI_158_1p4_PR,ICBHI_158,1,ICBHI,AKGC417L,0.9269676128492204,0
ICBHI_158_1p4_PR_006,ICBHI_158_1p4_PR,ICBHI_158,1,ICBHI,AKGC417L,0.9267027235112548,0
ICBHI_158_1p4_TC_000,ICBHI_158_1p4_TC,ICBHI_158,1,ICBHI,AKGC417L,0.981979260068153,0
ICBHI_158_1p4_TC_001,ICBHI_158_1p4_TC,ICBHI_158,1,ICBHI,AKGC417L,0.9846936454393052,0
ICBHI_158_1p4_TC_002,ICBHI_158_1p4_TC,ICBHI_158,1,ICBHI,AKGC417L,0.9860979413749408,0
ICBHI_158_1p4_TC_003,ICBHI_158_1p4_TC,ICBHI_158,1,ICBHI,AKGC417L,0.9870296135626316,0
ICBHI_158_1p4_TC_004,ICBHI_158_1p4_TC,ICBHI_158,1,ICBHI,AKGC417L,0.989947631342032,0
ICBHI_158_1p4_TC_005,ICBHI_158_1p4_TC,ICBHI_158,1,ICBHI,AKGC417L,0.98905542259902,0
ICBHI_158_1p4_TC_006,ICBHI_158_1p4_TC,ICBHI_158,1,ICBHI,AKGC417L,0.9908034475769532,0
ICBHI_158_2p2_AR_000,ICBHI_158_2p2_AR,ICBHI_158,1,ICBHI,AKGC417L,0.9677777030339422,0
ICBHI_158_2p2_AR_001,ICBHI_158_2p2_AR,ICBHI_158,1,ICBHI,AKGC417L,0.9702399060540357,0
ICBHI_158_2p2_AR_002,ICBHI_158_2p2_AR,ICBHI_158,1,ICBHI,AKGC417L,0.9731387971923422,0
ICBHI_158_2p2_AR_003,ICBHI_158_2p2_AR,ICBHI_158,1,ICBHI,AKGC417L,0.9726754691350322,0
ICBHI_158_2p2_AR_004,ICBHI_158_2p2_AR,ICBHI_158,1,ICBHI,AKGC417L,0.9704086268107062,0
ICBHI_158_2p2_AR_005,ICBHI_158_2p2_AR,ICBHI_158,1,ICBHI,AKGC417L,0.9707987097542188,0
ICBHI_158_2p2_AR_006,ICBHI_158_2p2_AR,ICBHI_158,1,ICBHI,AKGC417L,0.974773174620712,0
ICBHI_158_2p3_LR_000,ICBHI_158_2p3_LR,ICBHI_158,1,ICBHI,AKGC417L,0.9873262643069668,0
ICBHI_158_2p3_LR_001,ICBHI_158_2p3_LR,ICBHI_158,1,ICBHI,AKGC417L,0.9865717452580314,0
ICBHI_158_2p3_LR_002,ICBHI_158_2p3_LR,ICBHI_158,1,ICBHI,AKGC417L,0.98636316471857,0
ICBHI_158_2p3_LR_003,ICBHI_158_2p3_LR,ICBHI_158,1,ICBHI,AKGC417L,0.9882221573114804,0
ICBHI_158_2p3_LR_004,ICBHI_158_2p3_LR,ICBHI_158,1,ICBHI,AKGC417L,0.9855521474663976,0
ICBHI_158_2p3_LR_005,ICBHI_158_2p3_LR,ICBHI_158,1,ICBHI,AKGC417L,0.973894084658676,0
ICBHI_158_2p3_LR_006,ICBHI_158_2p3_LR,ICBHI_158,1,ICBHI,AKGC417L,0.955402423772614,0
ICBHI_158_2p3_TC_000,ICBHI_158_2p3_TC,ICBHI_158,1,ICBHI,AKGC417L,0.9809855660757952,0
ICBHI_158_2p3_TC_001,ICBHI_158_2p3_TC,ICBHI_158,1,ICBHI,AKGC417L,0.9901782070803068,0
ICBHI_158_2p3_TC_002,ICBHI_158_2p3_TC,ICBHI_158,1,ICBHI,AKGC417L,0.991422514586288,0
ICBHI_158_2p3_TC_003,ICBHI_158_2p3_TC,ICBHI_158,1,ICBHI,AKGC417L,0.9928785712542648,0
ICBHI_158_2p3_TC_004,ICBHI_158_2p3_TC,ICBHI_158,1,ICBHI,AKGC417L,0.9866233967726228,0
ICBHI_158_2p3_TC_005,ICBHI_158_2p3_TC,ICBHI_158,1,ICBHI,AKGC417L,0.987568349146814,0
ICBHI_158_2p3_TC_006,ICBHI_158_2p3_TC,ICBHI_158,1,ICBHI,AKGC417L,0.9881766051636294,0
ICBHI_159_1b1_AL_000,ICBHI_159_1b1_AL,ICBHI_159,0,ICBHI,Meditron,3.1941819764587e-05,0
ICBHI_159_1b1_AL_001,ICBHI_159_1b1_AL,ICBHI_159,0,ICBHI,Meditron,5.225226840386986e-05,0
ICBHI_159_1b1_AL_002,ICBHI_159_1b1_AL,ICBHI_159,0,ICBHI,Meditron,4.50445955990996e-05,0
ICBHI_159_1b1_AL_003,ICBHI_159_1b1_AL,ICBHI_159,0,ICBHI,Meditron,4.61127481426412e-05,0
ICBHI_159_1b1_AL_004,ICBHI_159_1b1_AL,ICBHI_159,0,ICBHI,Meditron,4.53978687024344e-05,0
ICBHI_159_1b1_AL_005,ICBHI_159_1b1_AL,ICBHI_159,0,ICBHI,Meditron,4.006369222920725e-05,0
ICBHI_159_1b1_AL_006,ICBHI_159_1b1_AL,ICBHI_159,0,ICBHI,Meditron,3.095910371044124e-05,0
ICBHI_159_1b1_AR_000,ICBHI_159_1b1_AR,ICBHI_159,0,ICBHI,Meditron,0.0006959536838949,0
ICBHI_159_1b1_AR_001,ICBHI_159_1b1_AR,ICBHI_159,0,ICBHI,Meditron,0.0003175087886569,0
ICBHI_159_1b1_AR_002,ICBHI_159_1b1_AR,ICBHI_159,0,ICBHI,Meditron,0.0001431373860044,0
ICBHI_159_1b1_AR_003,ICBHI_159_1b1_AR,ICBHI_159,0,ICBHI,Meditron,0.0001015038317479,0
ICBHI_159_1b1_AR_004,ICBHI_159_1b1_AR,ICBHI_159,0,ICBHI,Meditron,6.868318245725358e-05,0
ICBHI_159_1b1_AR_005,ICBHI_159_1b1_AR,ICBHI_159,0,ICBHI,Meditron,4.4694071442156975e-05,0
ICBHI_159_1b1_AR_006,ICBHI_159_1b1_AR,ICBHI_159,0,ICBHI,Meditron,0.0003327412834068,0
ICBHI_159_1b1_LL_000,ICBHI_159_1b1_LL,ICBHI_159,0,ICBHI,Meditron,0.2099552274668466,0
ICBHI_159_1b1_LL_001,ICBHI_159_1b1_LL,ICBHI_159,0,ICBHI,Meditron,0.4147210557680346,0
ICBHI_159_1b1_LL_002,ICBHI_159_1b1_LL,ICBHI_159,0,ICBHI,Meditron,0.0420090554289535,0
ICBHI_159_1b1_LL_003,ICBHI_159_1b1_LL,ICBHI_159,0,ICBHI,Meditron,0.0037072528743862,0
ICBHI_159_1b1_LL_004,ICBHI_159_1b1_LL,ICBHI_159,0,ICBHI,Meditron,0.0398624941072642,0
ICBHI_159_1b1_LL_005,ICBHI_159_1b1_LL,ICBHI_159,0,ICBHI,Meditron,0.9692078335557076,0
ICBHI_159_1b1_LL_006,ICBHI_159_1b1_LL,ICBHI_159,0,ICBHI,Meditron,0.9330657967976504,0
ICBHI_159_1b1_PR_000,ICBHI_159_1b1_PR,ICBHI_159,0,ICBHI,Meditron,4.198630823683514e-05,0
ICBHI_159_1b1_PR_001,ICBHI_159_1b1_PR,ICBHI_159,0,ICBHI,Meditron,6.502816785764437e-05,0
ICBHI_159_1b1_PR_002,ICBHI_159_1b1_PR,ICBHI_159,0,ICBHI,Meditron,8.415109250079664e-05,0
ICBHI_159_1b1_PR_003,ICBHI_159_1b1_PR,ICBHI_159,0,ICBHI,Meditron,0.0001022998547258,0
ICBHI_159_1b1_PR_004,ICBHI_159_1b1_PR,ICBHI_159,0,ICBHI,Meditron,0.0004916815522926,0
ICBHI_159_1b1_PR_005,ICBHI_159_1b1_PR,ICBHI_159,0,ICBHI,Meditron,0.7638362701347781,0
ICBHI_159_1b1_PR_006,ICBHI_159_1b1_PR,ICBHI_159,0,ICBHI,Meditron,0.0005053045797452,0
ICBHI_171_1b1_AL_000,ICBHI_171_1b1_AL,ICBHI_171,0,ICBHI,Meditron,0.0324055174986422,0
ICBHI_171_1b1_AL_001,ICBHI_171_1b1_AL,ICBHI_171,0,ICBHI,Meditron,0.9130583432721084,0
ICBHI_171_1b1_AL_002,ICBHI_171_1b1_AL,ICBHI_171,0,ICBHI,Meditron,0.3404851868626199,0
ICBHI_171_1b1_AL_003,ICBHI_171_1b1_AL,ICBHI_171,0,ICBHI,Meditron,0.0809367097836155,0
ICBHI_171_1b1_AL_004,ICBHI_171_1b1_AL,ICBHI_171,0,ICBHI,Meditron,0.3470943611833573,0
ICBHI_171_1b1_AL_005,ICBHI_171_1b1_AL,ICBHI_171,0,ICBHI,Meditron,0.5161381912557498,0
ICBHI_171_1b1_AL_006,ICBHI_171_1b1_AL,ICBHI_171,0,ICBHI,Meditron,0.0991208551004245,0
ICBHI_184_1b1_AR_000,ICBHI_184_1b1_AR,ICBHI_184,0,ICBHI,Meditron,3.321419494792514e-05,0
ICBHI_184_1b1_AR_001,ICBHI_184_1b1_AR,ICBHI_184,0,ICBHI,Meditron,4.1335397768930325e-05,0
ICBHI_184_1b1_AR_002,ICBHI_184_1b1_AR,ICBHI_184,0,ICBHI,Meditron,9.993031795570665e-05,0
ICBHI_184_1b1_AR_003,ICBHI_184_1b1_AR,ICBHI_184,0,ICBHI,Meditron,6.302758756443266e-05,0
ICBHI_184_1b1_AR_004,ICBHI_184_1b1_AR,ICBHI_184,0,ICBHI,Meditron,3.244481391388708e-05,0
ICBHI_184_1b1_AR_005,ICBHI_184_1b1_AR,ICBHI_184,0,ICBHI,Meditron,3.883110986877899e-05,0
ICBHI_184_1b1_AR_006,ICBHI_184_1b1_AR,ICBHI_184,0,ICBHI,Meditron,5.9209165174637336e-05,0
ICBHI_185_1b1_AL_000,ICBHI_185_1b1_AL,ICBHI_185,1,ICBHI,Litt3200,0.9967900386241352,0
ICBHI_185_1b1_AL_001,ICBHI_185_1b1_AL,ICBHI_185,1,ICBHI,Litt3200,0.9967141667081212,0
ICBHI_185_1b1_AL_002,ICBHI_185_1b1_AL,ICBHI_185,1,ICBHI,Litt3200,0.996115523451234,0
ICBHI_185_1b1_AL_003,ICBHI_185_1b1_AL,ICBHI_185,1,ICBHI,Litt3200,0.9961903698015272,0
ICBHI_185_1b1_AL_004,ICBHI_185_1b1_AL,ICBHI_185,1,ICBHI,Litt3200,0.9956853120436374,0
ICBHI_185_1b1_AL_005,ICBHI_185_1b1_AL,ICBHI_185,1,ICBHI,Litt3200,0.9959770900642708,0
ICBHI_185_1b1_AR_000,ICBHI_185_1b1_AR,ICBHI_185,1,ICBHI,Litt3200,0.99771277239413,0
ICBHI_185_1b1_AR_001,ICBHI_185_1b1_AR,ICBHI_185,1,ICBHI,Litt3200,0.9978426581115474,0
ICBHI_185_1b1_AR_002,ICBHI_185_1b1_AR,ICBHI_185,1,ICBHI,Litt3200,0.9979888416581738,0
ICBHI_185_1b1_AR_003,ICBHI_185_1b1_AR,ICBHI_185,1,ICBHI,Litt3200,0.9980199600403348,0
ICBHI_185_1b1_AR_004,ICBHI_185_1b1_AR,ICBHI_185,1,ICBHI,Litt3200,0.9981030799255212,0
ICBHI_185_1b1_AR_005,ICBHI_185_1b1_AR,ICBHI_185,1,ICBHI,Litt3200,0.9981827168835504,0
ICBHI_185_1b1_AR_006,ICBHI_185_1b1_AR,ICBHI_185,1,ICBHI,Litt3200,0.997263778900852,0
ICBHI_185_1b1_AR_007,ICBHI_185_1b1_AR,ICBHI_185,1,ICBHI,Litt3200,0.9977743291458848,0
ICBHI_185_1b1_LL_000,ICBHI_185_1b1_LL,ICBHI_185,1,ICBHI,Litt3200,0.9968273171575148,0
ICBHI_185_1b1_LL_001,ICBHI_185_1b1_LL,ICBHI_185,1,ICBHI,Litt3200,0.997459007373421,0
ICBHI_185_1b1_LL_002,ICBHI_185_1b1_LL,ICBHI_185,1,ICBHI,Litt3200,0.9970878217168856,0
ICBHI_185_1b1_LL_003,ICBHI_185_1b1_LL,ICBHI_185,1,ICBHI,Litt3200,0.9975939111608828,0
ICBHI_185_1b1_LL_004,ICBHI_185_1b1_LL,ICBHI_185,1,ICBHI,Litt3200,0.9974688886906716,0
ICBHI_185_1b1_LL_005,ICBHI_185_1b1_LL,ICBHI_185,1,ICBHI,Litt3200,0.9972850145309948,0
ICBHI_185_1b1_LR_000,ICBHI_185_1b1_LR,ICBHI_185,1,ICBHI,Litt3200,0.9967013487421672,0
ICBHI_185_1b1_LR_001,ICBHI_185_1b1_LR,ICBHI_185,1,ICBHI,Litt3200,0.9973373872828826,0
ICBHI_185_1b1_LR_002,ICBHI_185_1b1_LR,ICBHI_185,1,ICBHI,Litt3200,0.9972423776326046,0
ICBHI_185_1b1_LR_003,ICBHI_185_1b1_LR,ICBHI_185,1,ICBHI,Litt3200,0.9971771671022386,0
ICBHI_185_1b1_LR_004,ICBHI_185_1b1_LR,ICBHI_185,1,ICBHI,Litt3200,0.9968025130627536,0
ICBHI_185_1b1_LR_005,ICBHI_185_1b1_LR,ICBHI_185,1,ICBHI,Litt3200,0.9967523235008112,0
ICBHI_185_1b1_PL_000,ICBHI_185_1b1_PL,ICBHI_185,1,ICBHI,Litt3200,0.9969484898370652,0
ICBHI_185_1b1_PL_001,ICBHI_185_1b1_PL,ICBHI_185,1,ICBHI,Litt3200,0.9968396471849288,0
ICBHI_185_1b1_PL_002,ICBHI_185_1b1_PL,ICBHI_185,1,ICBHI,Litt3200,0.9963923831967464,0
ICBHI_185_1b1_PL_003,ICBHI_185_1b1_PL,ICBHI_185,1,ICBHI,Litt3200,0.9970650482552862,0
ICBHI_185_1b1_PL_004,ICBHI_185_1b1_PL,ICBHI_185,1,ICBHI,Litt3200,0.9969603503859163,0
ICBHI_185_1b1_PL_005,ICBHI_185_1b1_PL,ICBHI_185,1,ICBHI,Litt3200,0.9971216519652336,0
ICBHI_185_1b1_PR_000,ICBHI_185_1b1_PR,ICBHI_185,1,ICBHI,Litt3200,0.9968149391785504,0
ICBHI_185_1b1_PR_001,ICBHI_185_1b1_PR,ICBHI_185,1,ICBHI,Litt3200,0.9974190958364102,0
ICBHI_185_1b1_PR_002,ICBHI_185_1b1_PR,ICBHI_185,1,ICBHI,Litt3200,0.9972850145309948,0
ICBHI_185_1b1_PR_003,ICBHI_185_1b1_PR,ICBHI_185,1,ICBHI,Litt3200,0.9968273171575148,0
ICBHI_185_1b1_PR_004,ICBHI_185_1b1_PR,ICBHI_185,1,ICBHI,Litt3200,0.9966495765851902,0
ICBHI_185_1b1_PR_005,ICBHI_185_1b1_PR,ICBHI_185,1,ICBHI,Litt3200,0.9964481154509656,0
ICBHI_185_1b1_PR_006,ICBHI_185_1b1_PR,ICBHI_185,1,ICBHI,Litt3200,0.9969956569837995,0
ICBHI_185_1b1_PR_007,ICBHI_185_1b1_PR,ICBHI_185,1,ICBHI,Litt3200,0.997556113374818,0
ICBHI_203_1p2_AL_000,ICBHI_203_1p2_AL,ICBHI_203,1,ICBHI,AKGC417L,0.9847524093785004,0
ICBHI_203_1p2_AL_001,ICBHI_203_1p2_AL,ICBHI_203,1,ICBHI,AKGC417L,0.9852145923076094,0
ICBHI_203_1p2_AL_002,ICBHI_203_1p2_AL,ICBHI_203,1,ICBHI,AKGC417L,0.9863105223037256,0
ICBHI_203_1p2_AL_003,ICBHI_203_1p2_AL,ICBHI_203,1,ICBHI,AKGC417L,0.985990433713597,0
ICBHI_203_1p2_AL_004,ICBHI_203_1p2_AL,ICBHI_203,1,ICBHI,AKGC417L,0.984810951192016,0
ICBHI_203_1p2_AL_005,ICBHI_203_1p2_AL,ICBHI_203,1,ICBHI,AKGC417L,0.9843964652097964,0
ICBHI_203_1p2_AL_006,ICBHI_203_1p2_AL,ICBHI_203,1,ICBHI,AKGC417L,0.9851003567309808,0
ICBHI_203_1p2_AR_000,ICBHI_203_1p2_AR,ICBHI_203,1,ICBHI,AKGC417L,0.9864678513445928,0
ICBHI_203_1p2_AR_001,ICBHI_203_1p2_AR,ICBHI_203,1,ICBHI,AKGC417L,0.9845754479181588,0
ICBHI_203_1p2_AR_002,ICBHI_203_1p2_AR,ICBHI_203,1,ICBHI,AKGC417L,0.9647224530933884,0
ICBHI_203_1p2_AR_003,ICBHI_203_1p2_AR,ICBHI_203,1,ICBHI,AKGC417L,0.9884473296647792,0
ICBHI_203_1p2_AR_004,ICBHI_203_1p2_AR,ICBHI_203,1,ICBHI,AKGC417L,0.9805806518175514,0
ICBHI_203_1p2_AR_005,ICBHI_203_1p2_AR,ICBHI_203,1,ICBHI,AKGC417L,0.9872772918000768,0
ICBHI_203_1p2_AR_006,ICBHI_203_1p2_AR,ICBHI_203,1,ICBHI,AKGC417L,0.9873262643069668,0
ICBHI_203_1p2_LR_000,ICBHI_203_1p2_LR,ICBHI_203,1,ICBHI,AKGC417L,0.9676556676188428,0
ICBHI_203_1p2_LR_001,ICBHI_203_1p2_LR,ICBHI_203,1,ICBHI,AKGC417L,0.9745319170136324,0
ICBHI_203_1p2_LR_002,ICBHI_203_1p2_LR,ICBHI_203,1,ICBHI,AKGC417L,0.9803938171085806,0
ICBHI_203_1p2_LR_003,ICBHI_203_1p2_LR,ICBHI_203,1,ICBHI,AKGC417L,0.9801672891959912,0
ICBHI_203_1p2_LR_004,ICBHI_203_1p2_LR,ICBHI_203,1,ICBHI,AKGC417L,0.9769787427100676,0
ICBHI_203_1p2_LR_005,ICBHI_203_1p2_LR,ICBHI_203,1,ICBHI,AKGC417L,0.9806919138043484,0
ICBHI_203_1p2_LR_006,ICBHI_203_1p2_LR,ICBHI_203,1,ICBHI,AKGC417L,0.9834068220804096,0
ICBHI_203_1p2_PL_000,ICBHI_203_1p2_PL,ICBHI_203,1,ICBHI,AKGC417L,0.991554373058874,0
ICBHI_203_1p2_PL_001,ICBHI_203_1p2_PL,ICBHI_203,1,ICBHI,AKGC417L,0.990253895947446,0
ICBHI_203_1p2_PL_002,ICBHI_203_1p2_PL,ICBHI_203,1,ICBHI,AKGC417L,0.9768023732674584,0
ICBHI_203_1p2_PL_003,ICBHI_203_1p2_PL,ICBHI_203,1,ICBHI,AKGC417L,0.9877587247081928,0
ICBHI_203_1p2_PL_004,ICBHI_203_1p2_PL,ICBHI_203,1,ICBHI,AKGC417L,0.9897513980768414,0
ICBHI_203_1p2_PL_005,ICBHI_203_1p2_PL,ICBHI_203,1,ICBHI,AKGC417L,0.9919380084717284,0
ICBHI_203_1p2_PL_006,ICBHI_203_1p2_PL,ICBHI_203,1,ICBHI,AKGC417L,0.971238412735002,0
ICBHI_203_1p2_PR_000,ICBHI_203_1p2_PR,ICBHI_203,1,ICBHI,AKGC417L,0.976535343307368,0
ICBHI_203_1p2_PR_001,ICBHI_203_1p2_PR,ICBHI_203,1,ICBHI,AKGC417L,0.9800912115412156,0
ICBHI_203_1p2_PR_002,ICBHI_203_1p2_PR,ICBHI_203,1,ICBHI,AKGC417L,0.978834381794042,0
ICBHI_203_1p2_PR_003,ICBHI_203_1p2_PR,ICBHI_203,1,ICBHI,AKGC417L,0.977197364031994,0
ICBHI_203_1p2_PR_004,ICBHI_203_1p2_PR,ICBHI_203,1,ICBHI,AKGC417L,0.978343323718742,0
ICBHI_203_1p2_PR_005,ICBHI_203_1p2_PR,ICBHI_203,1,ICBHI,AKGC417L,0.9775000306229962,0
ICBHI_203_1p2_PR_006,ICBHI_203_1p2_PR,ICBHI_203,1,ICBHI,AKGC417L,0.9800912115412156,0
ICBHI_203_1p2_TC_000,ICBHI_203_1p2_TC,ICBHI_203,1,ICBHI,AKGC417L,0.943763654295516,0
ICBHI_203_1p2_TC_001,ICBHI_203_1p2_TC,ICBHI_203,1,ICBHI,AKGC417L,0.9852713861502774,0
ICBHI_203_1p2_TC_002,ICBHI_203_1p2_TC,ICBHI_203,1,ICBHI,AKGC417L,0.9872281325067136,0
ICBHI_203_1p2_TC_003,ICBHI_203_1p2_TC,ICBHI_203,1,ICBHI,AKGC417L,0.9869795098861572,0
ICBHI_203_1p2_TC_004,ICBHI_203_1p2_TC,ICBHI_203,1,ICBHI,AKGC417L,0.9870296135626316,0
ICBHI_203_1p2_TC_005,ICBHI_203_1p2_TC,ICBHI_203,1,ICBHI,AKGC417L,0.9876162153627396,0
ICBHI_203_1p2_TC_006,ICBHI_203_1p2_TC,ICBHI_203,1,ICBHI,AKGC417L,0.990403545267618,0
ICBHI_203_1p3_AL_000,ICBHI_203_1p3_AL,ICBHI_203,1,ICBHI,AKGC417L,0.9887119261007692,0
ICBHI_203_1p3_AL_001,ICBHI_203_1p3_AL,ICBHI_203,1,ICBHI,AKGC417L,0.9913892323324892,0
ICBHI_203_1p3_AL_002,ICBHI_203_1p3_AL,ICBHI_203,1,ICBHI,AKGC417L,0.9482504601248406,0
ICBHI_203_1p3_AL_003,ICBHI_203_1p3_AL,ICBHI_203,1,ICBHI,AKGC417L,0.9848692716928064,0
ICBHI_203_1p3_AL_004,ICBHI_203_1p3_AL,ICBHI_203,1,ICBHI,AKGC417L,0.9841546388118628,0
ICBHI_203_1p3_AL_005,ICBHI_203_1p3_AL,ICBHI_203,1,ICBHI,AKGC417L,0.984810951192016,0
ICBHI_203_1p3_AL_006,ICBHI_203_1p3_AL,ICBHI_203,1,ICBHI,AKGC417L,0.9901019362839764,0
ICBHI_203_1p3_AR_000,ICBHI_203_1p3_AR,ICBHI_203,1,ICBHI,AKGC417L,0.9819100047950068,0
ICBHI_203_1p3_AR_001,ICBHI_203_1p3_AR,ICBHI_203,1,ICBHI,AKGC417L,0.9845754479181588,0
ICBHI_203_1p3_AR_002,ICBHI_203_1p3_AR,ICBHI_203,1,ICBHI,AKGC417L,0.9752490288267888,0
ICBHI_203_1p3_AR_003,ICBHI_203_1p3_AR,ICBHI_203,1,ICBHI,AKGC417L,0.9779256128989756,0
ICBHI_203_1p3_AR_004,ICBHI_203_1p3_AR,ICBHI_203,1,ICBHI,AKGC417L,0.9722043774187548,0
ICBHI_203_1p3_AR_005,ICBHI_203_1p3_AR,ICBHI_203,1,ICBHI,AKGC417L,0.595257298801156,0
ICBHI_203_1p3_AR_006,ICBHI_203_1p3_AR,ICBHI_203,1,ICBHI,AKGC417L,0.7305782983360344,0
ICBHI_203_1p3_PL_000,ICBHI_203_1p3_PL,ICBHI_203,1,ICBHI,AKGC417L,0.9777138144607744,0
ICBHI_203_1p3_PL_001,ICBHI_203_1p3_PL,ICBHI_203,1,ICBHI,AKGC417L,0.9751071985765848,0
ICBHI_203_1p3_PL_002,ICBHI_203_1p3_PL,ICBHI_203,1,ICBHI,AKGC417L,0.9755303303612836,0
ICBHI_203_1p3_PL_003,ICBHI_203_1p3_PL,ICBHI_203,1,ICBHI,AKGC417L,0.971725399886542,0
ICBHI_203_1p3_PL_004,ICBHI_203_1p3_PL,ICBHI_203,1,ICBHI,AKGC417L,0.9691494910279632,0
ICBHI_203_1p3_PL_005,ICBHI_203_1p3_PL,ICBHI_203,1,ICBHI,AKGC417L,0.9710742821322724,0
ICBHI_203_1p3_PL_006,ICBHI_203_1p3_PL,ICBHI_203,1,ICBHI,AKGC417L,0.9744347860767304,0
ICBHI_203_1p3_PR_000,ICBHI_203_1p3_PR,ICBHI_203,1,ICBHI,AKGC417L,0.9891396689867225,0
ICBHI_203_1p3_PR_001,ICBHI_203_1p3_PR,ICBHI_203,1,ICBHI,AKGC417L,0.9915870224290224,0
ICBHI_203_1p3_PR_002,ICBHI_203_1p3_PR,ICBHI_203,1,ICBHI,AKGC417L,0.9938310050773188,0
ICBHI_203_1p3_PR_003,ICBHI_203_1p3_PR,ICBHI_203,1,ICBHI,AKGC417L,0.9939964042034284,0
ICBHI_203_1p3_PR_004,ICBHI_203_1p3_PR,ICBHI_203,1,ICBHI,AKGC417L,0.9930423911926236,0
ICBHI_203_1p3_PR_005,ICBHI_203_1p3_PR,ICBHI_203,1,ICBHI,AKGC417L,0.9931228923417692,0
ICBHI_203_1p3_PR_006,ICBHI_203_1p3_PR,ICBHI_203,1,ICBHI,AKGC417L,0.9926256346917622,0
ICBHI_203_1p3_TC_000,ICBHI_203_1p3_TC,ICBHI_203,1,ICBHI,AKGC417L,0.9871292507842532,0
ICBHI_203_1p3_TC_001,ICBHI_203_1p3_TC,ICBHI_203,1,ICBHI,AKGC417L,0.988357775835334,0
ICBHI_203_1p3_TC_002,ICBHI_203_1p3_TC,ICBHI_203,1,ICBHI,AKGC417L,0.9828232909876816,0
ICBHI_203_1p3_TC_003,ICBHI_203_1p3_TC,ICBHI_203,1,ICBHI,AKGC417L,0.9860442896017269,0
ICBHI_203_1p3_TC_004,ICBHI_203_1p3_TC,ICBHI_203,1,ICBHI,AKGC417L,0.9867771782476948,0
ICBHI_203_1p3_TC_005,ICBHI_203_1p3_TC,ICBHI_203,1,ICBHI,AKGC417L,0.9876162153627396,0
ICBHI_203_1p3_TC_006,ICBHI_203_1p3_TC,ICBHI_203,1,ICBHI,AKGC417L,0.9882675360436518,0
ICBHI_203_1p4_AL_000,ICBHI_203_1p4_AL,ICBHI_203,1,ICBHI,AKGC417L,0.9793540692607816,0
ICBHI_203_1p4_AL_001,ICBHI_203_1p4_AL,ICBHI_203,1,ICBHI,AKGC417L,0.9920311850466846,0
ICBHI_203_1p4_AL_002,ICBHI_203_1p4_AL,ICBHI_203,1,ICBHI,AKGC417L,0.9928785712542648,0
ICBHI_203_1p4_AL_003,ICBHI_203_1p4_AL,ICBHI_203,1,ICBHI,AKGC417L,0.9927952309111312,0
ICBHI_203_1p4_AL_004,ICBHI_203_1p4_AL,ICBHI_203,1,ICBHI,AKGC417L,0.9938310050773188,0
ICBHI_203_1p4_AL_005,ICBHI_203_1p4_AL,ICBHI_203,1,ICBHI,AKGC417L,0.9738443816461771,0
ICBHI_203_1p4_AL_006,ICBHI_203_1p4_AL,ICBHI_203,1,ICBHI,AKGC417L,0.9789956342674913,0
ICBHI_203_1p4_AR_000,ICBHI_203_1p4_AR,ICBHI_203,1,ICBHI,AKGC417L,0.9818056317790944,0
ICBHI_203_1p4_AR_001,ICBHI_203_1p4_AR,ICBHI_203,1,ICBHI,AKGC417L,0.9869795098861572,0
ICBHI_203_1p4_AR_002,ICBHI_203_1p4_AR,ICBHI_203,1,ICBHI,AKGC417L,0.7540104528799124,0
ICBHI_203_1p4_AR_003,ICBHI_203_1p4_AR,ICBHI_203,1,ICBHI,AKGC417L,0.4048015224022077,0
ICBHI_203_1p4_AR_004,ICBHI_203_1p4_AR,ICBHI_203,1,ICBHI,AKGC417L,0.3101717651906301,0
ICBHI_203_1p4_AR_005,ICBHI_203_1p4_AR,ICBHI_203,1,ICBHI,AKGC417L,0.985772953896821,0
ICBHI_203_1p4_AR_006,ICBHI_203_1p4_AR,ICBHI_203,1,ICBHI,AKGC417L,0.9889705299774982,0
ICBHI_203_1p4_PL_000,ICBHI_203_1p4_PL,ICBHI_203,1,ICBHI,AKGC417L,0.983596967483837,0
ICBHI_203_1p4_PL_001,ICBHI_203_1p4_PL,ICBHI_203,1,ICBHI,AKGC417L,0.9860442896017269,0
ICBHI_203_1p4_PL_002,ICBHI_203_1p4_PL,ICBHI_203,1,ICBHI,AKGC417L,0.9749168590639716,0
ICBHI_203_1p4_PL_003,ICBHI_203_1p4_PL,ICBHI_203,1,ICBHI,AKGC417L,0.9829546827465642,0
ICBHI_203_1p4_PL_004,ICBHI_203_1p4_PL,ICBHI_203,1,ICBHI,AKGC417L,0.9907677855954636,0
ICBHI_203_1p4_PL_005,ICBHI_203_1p4_PL,ICBHI_203,1,ICBHI,AKGC417L,0.9889705299774982,0
ICBHI_203_1p4_PL_006,ICBHI_203_1p4_PL,ICBHI_203,1,ICBHI,AKGC417L,0.9706321458187712,0
ICBHI_203_1p4_PR_000,ICBHI_203_1p4_PR,ICBHI_203,1,ICBHI,AKGC417L,0.9831499205521024,0
ICBHI_203_1p4_PR_001,ICBHI_203_1p4_PR,ICBHI_203,1,ICBHI,AKGC417L,0.985990433713597,0
ICBHI_203_1p4_PR_002,ICBHI_203_1p4_PR,ICBHI_203,1,ICBHI,AKGC417L,0.9866233967726228,0
ICBHI_203_1p4_PR_003,ICBHI_203_1p4_PR,ICBHI_203,1,ICBHI,AKGC417L,0.9873750507184356,0
ICBHI_203_1p4_PR_004,ICBHI_203_1p4_PR,ICBHI_203,1,ICBHI,AKGC417L,0.9851575827657516,0
ICBHI_203_1p4_PR_005,ICBHI_203_1p4_PR,ICBHI_203,1,ICBHI,AKGC417L,0.9839091258071756,0
ICBHI_203_1p4_PR_006,ICBHI_203_1p4_PR,ICBHI_203,1,ICBHI,AKGC417L,0.9842760094722643,0
ICBHI_203_1p4_TC_000,ICBHI_203_1p4_TC,ICBHI_203,1,ICBHI,AKGC417L,0.9870795269609208,0
ICBHI_203_1p4_TC_001,ICBHI_203_1p4_TC,ICBHI_203,1,ICBHI,AKGC417L,0.9867771782476948,0
ICBHI_203_1p4_TC_002,ICBHI_203_1p4_TC,ICBHI_203,1,ICBHI,AKGC417L,0.9826909042463318,0
ICBHI_203_1p4_TC_003,ICBHI_203_1p4_TC,ICBHI_203,1,ICBHI,AKGC417L,0.9643885866370536,0
ICBHI_203_1p4_TC_004,ICBHI_203_1p4_TC,ICBHI_203,1,ICBHI,AKGC417L,0.9643214491222696,0
ICBHI_203_1p4_TC_005,ICBHI_203_1p4_TC,ICBHI_203,1,ICBHI,AKGC417L,0.984810951192016,0
ICBHI_203_1p4_TC_006,ICBHI_203_1p4_TC,ICBHI_203,1,ICBHI,AKGC417L,0.975390071374038,0
ICBHI_203_2p3_AL_000,ICBHI_203_2p3_AL,ICBHI_203,1,ICBHI,AKGC417L,0.9653811611608242,0
ICBHI_203_2p3_AL_001,ICBHI_203_2p3_AL,ICBHI_203,1,ICBHI,AKGC417L,0.9891815513471368,0
ICBHI_203_2p3_AL_002,ICBHI_203_2p3_AL,ICBHI_203,1,ICBHI,AKGC417L,0.9883127420043056,0
ICBHI_203_2p3_AL_003,ICBHI_203_2p3_AL,ICBHI_203,1,ICBHI,AKGC417L,0.9727273312024342,0
ICBHI_203_2p3_AL_004,ICBHI_203_2p3_AL,ICBHI_203,1,ICBHI,AKGC417L,0.974821158299398,0
ICBHI_203_2p3_AL_005,ICBHI_203_2p3_AL,ICBHI_203,1,ICBHI,AKGC417L,0.9899864293768268,0
ICBHI_203_2p3_AL_006,ICBHI_203_2p3_AL,ICBHI_203,1,ICBHI,AKGC417L,0.9926256346917622,0
ICBHI_203_2p3_AR_000,ICBHI_203_2p3_AR,ICBHI_203,1,ICBHI,AKGC417L,0.9764905475924672,0
ICBHI_203_2p3_AR_001,ICBHI_203_2p3_AR,ICBHI_203,1,ICBHI,AKGC417L,0.9354645234007783,0
ICBHI_203_2p3_AR_002,ICBHI_203_2p3_AR,ICBHI_203,1,ICBHI,AKGC417L,0.6860546323706092,0
ICBHI_203_2p3_AR_003,ICBHI_203_2p3_AR,ICBHI_203,1,ICBHI,AKGC417L,0.875148179838435,0
ICBHI_203_2p3_AR_004,ICBHI_203_2p3_AR,ICBHI_203,1,ICBHI,AKGC417L,0.962743232064167,0
ICBHI_203_2p3_AR_005,ICBHI_203_2p3_AR,ICBHI_203,1,ICBHI,AKGC417L,0.9484418104757254,0
ICBHI_203_2p3_AR_006,ICBHI_203_2p3_AR,ICBHI_203,1,ICBHI,AKGC417L,0.9036348952750146,0
ICBHI_203_2p3_PL_000,ICBHI_203_2p3_PL,ICBHI_203,1,ICBHI,AKGC417L,0.991118324899153,0
ICBHI_203_2p3_PL_001,ICBHI_203_2p3_PL,ICBHI_203,1,ICBHI,AKGC417L,0.982889110788156,0
ICBHI_203_2p3_PL_002,ICBHI_203_2p3_PL,ICBHI_203,1,ICBHI,AKGC417L,0.97982268167713,0
ICBHI_203_2p3_PL_003,ICBHI_203_2p3_PL,ICBHI_203,1,ICBHI,AKGC417L,0.9837225390872864,0
ICBHI_203_2p3_PL_004,ICBHI_203_2p3_PL,ICBHI_203,1,ICBHI,AKGC417L,0.9819100047950068,0
ICBHI_203_2p3_PL_005,ICBHI_203_2p3_PL,ICBHI_203,1,ICBHI,AKGC417L,0.9846936454393052,0
ICBHI_203_2p3_PL_006,ICBHI_203_2p3_PL,ICBHI_203,1,ICBHI,AKGC417L,0.9839708526340988,0
ICBHI_203_2p3_PR_000,ICBHI_203_2p3_PR,ICBHI_203,1,ICBHI,AKGC417L,0.974386085430022,0
ICBHI_203_2p3_PR_001,ICBHI_203_2p3_PR,ICBHI_203,1,ICBHI,AKGC417L,0.9752018398044144,0
ICBHI_203_2p3_PR_002,ICBHI_203_2p3_PR,ICBHI_203,1,ICBHI,AKGC417L,0.9729338243348664,0
ICBHI_203_2p3_PR_003,ICBHI_203_2p3_PR,ICBHI_203,1,ICBHI,AKGC417L,0.9729338243348664,0
ICBHI_203_2p3_PR_004,ICBHI_203_2p3_PR,ICBHI_203,1,ICBHI,AKGC417L,0.97369471946558,0
ICBHI_203_2p3_PR_005,ICBHI_203_2p3_PR,ICBHI_203,1,ICBHI,AKGC417L,0.9711290930537122,0
ICBHI_203_2p3_PR_006,ICBHI_203_2p3_PR,ICBHI_203,1,ICBHI,AKGC417L,0.9694401371418672,0
ICBHI_203_2p3_TC_000,ICBHI_203_2p3_TC,ICBHI_203,1,ICBHI,AKGC417L,0.8699357302881339,0
ICBHI_203_2p3_TC_001,ICBHI_203_2p3_TC,ICBHI_203,1,ICBHI,AKGC417L,0.8844391260585168,0
ICBHI_203_2p3_TC_002,ICBHI_203_2p3_TC,ICBHI_203,1,ICBHI,AKGC417L,0.944791312675938,0
ICBHI_203_2p3_TC_003,ICBHI_203_2p3_TC,ICBHI_203,1,ICBHI,AKGC417L,0.948058438498774,0
ICBHI_203_2p3_TC_004,ICBHI_203_2p3_TC,ICBHI_203,1,ICBHI,AKGC417L,0.959000972812607,0
ICBHI_203_2p3_TC_005,ICBHI_203_2p3_TC,ICBHI_203,1,ICBHI,AKGC417L,0.9638480624171308,0
ICBHI_203_2p3_TC_006,ICBHI_203_2p3_TC,ICBHI_203,1,ICBHI,AKGC417L,0.9546474194456936,0
ICBHI_212_2b2_TC_000,ICBHI_212_2b2_TC,ICBHI_212,1,ICBHI,LittC2SE,0.9846346585586978,0
ICBHI_212_2b2_TC_001,ICBHI_212_2b2_TC,ICBHI_212,1,ICBHI,LittC2SE,0.982151261550011,0
ICBHI_212_2b2_TC_002,ICBHI_212_2b2_TC,ICBHI_212,1,ICBHI,LittC2SE,0.9819446650265006,0
ICBHI_212_2b2_TC_003,ICBHI_212_2b2_TC,ICBHI_212,1,ICBHI,LittC2SE,0.982889110788156,0
ICBHI_212_2b2_TC_004,ICBHI_212_2b2_TC,ICBHI_212,1,ICBHI,LittC2SE,0.9840936082881852,0
ICBHI_212_2b2_TC_005,ICBHI_212_2b2_TC,ICBHI_212,1,ICBHI,LittC2SE,0.9849273716910544,0
ICBHI_212_2b2_TC_006,ICBHI_212_2b2_TC,ICBHI_212,1,ICBHI,LittC2SE,0.9852713861502774,0
ICBHI_217_1b1_TC_000,ICBHI_217_1b1_TC,ICBHI_217,0,ICBHI,Meditron,0.0003353501304664,0
ICBHI_217_1b1_TC_001,ICBHI_217_1b1_TC,ICBHI_217,0,ICBHI,Meditron,5.307507822667364e-05,0
ICBHI_217_1b1_TC_002,ICBHI_217_1b1_TC,ICBHI_217,0,ICBHI,Meditron,5.104190769226476e-05,0
ICBHI_217_1b1_TC_003,ICBHI_217_1b1_TC,ICBHI_217,0,ICBHI,Meditron,0.0002551413955952,0
ICBHI_217_1b1_TC_004,ICBHI_217_1b1_TC,ICBHI_217,0,ICBHI,Meditron,0.0001177445922838,0
ICBHI_217_1b1_TC_005,ICBHI_217_1b1_TC,ICBHI_217,0,ICBHI,Meditron,0.0001007140022173,0
ICBHI_217_1b1_TC_006,ICBHI_217_1b1_TC,ICBHI_217,0,ICBHI,Meditron,0.0002018442162882,0
ICBHI_113_1b1_AL_000,ICBHI_113_1b1_AL,ICBHI_113,1,ICBHI,Litt3200,0.990253895947446,1
ICBHI_113_1b1_AL_001,ICBHI_113_1b1_AL,ICBHI_113,1,ICBHI,Litt3200,0.9922444632191524,1
ICBHI_113_1b1_AL_002,ICBHI_113_1b1_AL,ICBHI_113,1,ICBHI,Litt3200,0.9912208911330882,1
ICBHI_113_1b1_AL_003,ICBHI_113_1b1_AL,ICBHI_113,1,ICBHI,Litt3200,0.9940659331606164,1
ICBHI_113_1b1_AR_000,ICBHI_113_1b1_AR,ICBHI_113,1,ICBHI,Litt3200,0.991875291221819,1
ICBHI_113_1b1_AR_001,ICBHI_113_1b1_AR,ICBHI_113,1,ICBHI,Litt3200,0.9879462204837636,1
ICBHI_113_1b1_AR_002,ICBHI_113_1b1_AR,ICBHI_113,1,ICBHI,Litt3200,0.9834068220804096,1
ICBHI_113_1b1_AR_003,ICBHI_113_1b1_AR,ICBHI_113,1,ICBHI,Litt3200,0.9830200077626816,1
ICBHI_113_1b1_AR_004,ICBHI_113_1b1_AR,ICBHI_113,1,ICBHI,Litt3200,0.9876162153627396,1
ICBHI_113_1b1_LL_000,ICBHI_113_1b1_LL,ICBHI_113,1,ICBHI,Litt3200,0.993096161928778,1
ICBHI_113_1b1_LL_001,ICBHI_113_1b1_LL,ICBHI_113,1,ICBHI,Litt3200,0.991780306938032,1
ICBHI_113_1b1_LL_002,ICBHI_113_1b1_LL,ICBHI_113,1,ICBHI,Litt3200,0.9940889311437562,1
ICBHI_113_1b1_LL_003,ICBHI_113_1b1_LL,ICBHI_113,1,ICBHI,Litt3200,0.9954261357223732,1
ICBHI_113_1b1_LL_004,ICBHI_113_1b1_LL,ICBHI_113,1,ICBHI,Litt3200,0.993149519973355,1
ICBHI_113_1b1_LL_005,ICBHI_113_1b1_LL,ICBHI_113,1,ICBHI,Litt3200,0.9886682464686384,1
ICBHI_113_1b1_LL_006,ICBHI_113_1b1_LL,ICBHI_113,1,ICBHI,Litt3200,0.9849273716910544,1
ICBHI_113_1b1_LR_000,ICBHI_113_1b1_LR,ICBHI_113,1,ICBHI,Litt3200,0.9927952309111312,1
ICBHI_113_1b1_LR_001,ICBHI_113_1b1_LR,ICBHI_113,1,ICBHI,Litt3200,0.993255010457908,1
ICBHI_113_1b1_LR_002,ICBHI_113_1b1_LR,ICBHI_113,1,ICBHI,Litt3200,0.9940428462362504,1
ICBHI_113_1b1_LR_003,ICBHI_113_1b1_LR,ICBHI_113,1,ICBHI,Litt3200,0.9938787187092716,1
ICBHI_113_1b1_PL_000,ICBHI_113_1b1_PL,ICBHI_113,1,ICBHI,Litt3200,0.9938787187092716,1
ICBHI_113_1b1_PL_001,ICBHI_113_1b1_PL,ICBHI_113,1,ICBHI,Litt3200,0.994225070146556,1
ICBHI_113_1b1_PL_002,ICBHI_113_1b1_PL,ICBHI_113,1,ICBHI,Litt3200,0.994225070146556,1
ICBHI_113_1b1_PL_003,ICBHI_113_1b1_PL,ICBHI_113,1,ICBHI,Litt3200,0.9941573948247951,1
ICBHI_113_1b1_PL_004,ICBHI_113_1b1_PL,ICBHI_113,1,ICBHI,Litt3200,0.9934102283369194,1
ICBHI_113_1b1_PL_005,ICBHI_113_1b1_PL,ICBHI_113,1,ICBHI,Litt3200,0.991875291221819,1
ICBHI_113_1b1_PR_000,ICBHI_113_1b1_PR,ICBHI_113,1,ICBHI,Litt3200,0.9934357507792256,1
ICBHI_113_1b1_PR_001,ICBHI_113_1b1_PR,ICBHI_113,1,ICBHI,Litt3200,0.994269753485008,1
ICBHI_113_1b1_PR_002,ICBHI_113_1b1_PR,ICBHI_113,1,ICBHI,Litt3200,0.9951325826547208,1
ICBHI_113_1b1_PR_003,ICBHI_113_1b1_PR,ICBHI_113,1,ICBHI,Litt3200,0.9947186660939475,1
ICBHI_113_1b1_PR_004,ICBHI_113_1b1_PR,ICBHI_113,1,ICBHI,Litt3200,0.9951890169673988,1
ICBHI_113_1b1_PR_005,ICBHI_113_1b1_PR,ICBHI_113,1,ICBHI,Litt3200,0.9950563109218776,1
ICBHI_113_1b1_PR_006,ICBHI_113_1b1_PR,ICBHI_113,1,ICBHI,Litt3200,0.9941573948247951,1
ICBHI_124_1b1_AL_000,ICBHI_124_1b1_AL,ICBHI_124,1,ICBHI,Litt3200,0.9937587407701782,1
ICBHI_124_1b1_AL_001,ICBHI_124_1b1_AL,ICBHI_124,1,ICBHI,Litt3200,0.9930153500828656,1
ICBHI_124_1b1_AL_002,ICBHI_124_1b1_AL,ICBHI_124,1,ICBHI,Litt3200,0.9917163731139697,1
ICBHI_124_1b1_AL_003,ICBHI_124_1b1_AL,ICBHI_124,1,ICBHI,Litt3200,0.991875291221819,1
ICBHI_124_1b1_AR_000,ICBHI_124_1b1_AR,ICBHI_124,1,ICBHI,Litt3200,0.991875291221819,1
ICBHI_124_1b1_AR_001,ICBHI_124_1b1_AR,ICBHI_124,1,ICBHI,Litt3200,0.991186833496954,1
ICBHI_124_1b1_AR_002,ICBHI_124_1b1_AR,ICBHI_124,1,ICBHI,Litt3200,0.9878058669624096,1
ICBHI_124_1b1_LL_000,ICBHI_124_1b1_LL,ICBHI_124,1,ICBHI,Litt3200,0.9904406006529084,1
ICBHI_124_1b1_LL_001,ICBHI_124_1b1_LL,ICBHI_124,1,ICBHI,Litt3200,0.9909096166863416,1
ICBHI_124_1b1_LL_002,ICBHI_124_1b1_LL,ICBHI_124,1,ICBHI,Litt3200,0.990838973077906,1
ICBHI_124_1b1_LL_003,ICBHI_124_1b1_LL,ICBHI_124,1,ICBHI,Litt3200,0.9921232932834126,1
ICBHI_124_1b1_LL_004,ICBHI_124_1b1_LL,ICBHI_124,1,ICBHI,Litt3200,0.9912886155422944,1
ICBHI_124_1b1_LL_005,ICBHI_124_1b1_LL,ICBHI_124,1,ICBHI,Litt3200,0.9894702878753826,1
ICBHI_124_1b1_LR_000,ICBHI_124_1b1_LR,ICBHI_124,1,ICBHI,Litt3200,0.9943580914999768,1
ICBHI_124_1b1_LR_001,ICBHI_124_1b1_LR,ICBHI_124,1,ICBHI,Litt3200,0.9909797204985978,1
ICBHI_124_1b1_LR_002,ICBHI_124_1b1_LR,ICBHI_124,1,ICBHI,Litt3200,0.9898695883364156,1
ICBHI_124_1b1_LR_003,ICBHI_124_1b1_LR,ICBHI_124,1,ICBHI,Litt3200,0.9921232932834126,1
ICBHI_124_1b1_LR_004,ICBHI_124_1b1_LR,ICBHI_124,1,ICBHI,Litt3200,0.992334125311354,1
ICBHI_124_1b1_PL_000,ICBHI_124_1b1_PL,ICBHI_124,1,ICBHI,Litt3200,0.9936856353291036,1
ICBHI_124_1b1_PL_001,ICBHI_124_1b1_PL,ICBHI_124,1,ICBHI,Litt3200,0.994269753485008,1
ICBHI_124_1b1_PR_000,ICBHI_124_1b1_PR,ICBHI_124,1,ICBHI,Litt3200,0.995354442450284,1
ICBHI_124_1b1_PR_001,ICBHI_124_1b1_PR,ICBHI_124,1,ICBHI,Litt3200,0.9954261357223732,1
ICBHI_125_1b1_TC_000,ICBHI_125_1b1_TC,ICBHI_125,0,ICBHI,Meditron,0.0020348170007479,1
ICBHI_125_1b1_TC_001,ICBHI_125_1b1_TC,ICBHI_125,0,ICBHI,Meditron,0.0017891591615951,1
ICBHI_125_1b1_TC_002,ICBHI_125_1b1_TC,ICBHI_125,0,ICBHI,Meditron,0.0002182420552708,1
ICBHI_125_1b1_TC_003,ICBHI_125_1b1_TC,ICBHI_125,0,ICBHI,Meditron,0.0001039106756276,1
ICBHI_125_1b1_TC_004,ICBHI_125_1b1_TC,ICBHI_125,0,ICBHI,Meditron,0.000249232524582,1
ICBHI_125_1b1_TC_005,ICBHI_125_1b1_TC,ICBHI_125,0,ICBHI,Meditron,0.0003844619299114,1
ICBHI_125_1b1_TC_006,ICBHI_125_1b1_TC,ICBHI_125,0,ICBHI,Meditron,0.0001303297424923,1
ICBHI_152_1b1_AL_000,ICBHI_152_1b1_AL,ICBHI_152,0,ICBHI,Meditron,0.014227046103179,1
ICBHI_152_1b1_AL_001,ICBHI_152_1b1_AL,ICBHI_152,0,ICBHI,Meditron,0.0031236485998533,1
ICBHI_152_1b1_AL_002,ICBHI_152_1b1_AL,ICBHI_152,0,ICBHI,Meditron,0.0069846499171343,1
ICBHI_152_1b1_AL_003,ICBHI_152_1b1_AL,ICBHI_152,0,ICBHI,Meditron,0.0413073037930042,1
ICBHI_152_1b1_AL_004,ICBHI_152_1b1_AL,ICBHI_152,0,ICBHI,Meditron,0.2600134908691712,1
ICBHI_152_1b1_AL_005,ICBHI_152_1b1_AL,ICBHI_152,0,ICBHI,Meditron,0.712832272116407,1
ICBHI_152_1b1_AL_006,ICBHI_152_1b1_AL,ICBHI_152,0,ICBHI,Meditron,0.8369547432098816,1
ICBHI_155_2b1_AL_000,ICBHI_155_2b1_AL,ICBHI_155,1,ICBHI,LittC2SE,0.9938310050773188,1
ICBHI_155_2b1_AL_001,ICBHI_155_2b1_AL,ICBHI_155,1,ICBHI,LittC2SE,0.9918120900983038,1
ICBHI_155_2b1_AL_002,ICBHI_155_2b1_AL,ICBHI_155,1,ICBHI,LittC2SE,0.9887987866239216,1
ICBHI_155_2b1_AL_003,ICBHI_155_2b1_AL,ICBHI_155,1,ICBHI,LittC2SE,0.991875291221819,1
ICBHI_155_2b1_AL_004,ICBHI_155_2b1_AL,ICBHI_155,1,ICBHI,LittC2SE,0.9901401446964612,1
ICBHI_155_2b1_AL_005,ICBHI_155_2b1_AL,ICBHI_155,1,ICBHI,LittC2SE,0.990944735813278,1
ICBHI_155_2b1_AL_006,ICBHI_155_2b1_AL,ICBHI_155,1,ICBHI,LittC2SE,0.9925103751011916,1
ICBHI_163_2b2_AL_000,ICBHI_163_2b2_AL,ICBHI_163,1,ICBHI,AKGC417L,0.9939964042034284,1
ICBHI_163_2b2_AL_001,ICBHI_163_2b2_AL,ICBHI_163,1,ICBHI,AKGC417L,0.9935868362586746,1
ICBHI_163_2b2_AL_002,ICBHI_163_2b2_AL,ICBHI_163,1,ICBHI,AKGC417L,0.9920927084953716,1
ICBHI_163_2b2_AL_003,ICBHI_163_2b2_AL,ICBHI_163,1,ICBHI,AKGC417L,0.9935868362586746,1
ICBHI_163_2b2_AL_004,ICBHI_163_2b2_AL,ICBHI_163,1,ICBHI,AKGC417L,0.9941573948247951,1
ICBHI_163_2b2_AL_005,ICBHI_163_2b2_AL,ICBHI_163,1,ICBHI,AKGC417L,0.994488065789193,1
ICBHI_163_2b2_AL_006,ICBHI_163_2b2_AL,ICBHI_163,1,ICBHI,AKGC417L,0.9956005868372636,1
ICBHI_163_2b2_AR_000,ICBHI_163_2b2_AR,ICBHI_163,1,ICBHI,AKGC417L,0.9939496023117854,1
ICBHI_163_2b2_AR_001,ICBHI_163_2b2_AR,ICBHI_163,1,ICBHI,AKGC417L,0.9949788500523676,1
ICBHI_163_2b2_AR_002,ICBHI_163_2b2_AR,ICBHI_163,1,ICBHI,AKGC417L,0.9939964042034284,1
ICBHI_163_2b2_AR_003,ICBHI_163_2b2_AR,ICBHI_163,1,ICBHI,AKGC417L,0.9939496023117854,1
ICBHI_163_2b2_AR_004,ICBHI_163_2b2_AR,ICBHI_163,1,ICBHI,AKGC417L,0.9937100978631076,1
ICBHI_163_2b2_AR_005,ICBHI_163_2b2_AR,ICBHI_163,1,ICBHI,AKGC417L,0.994488065789193,1
ICBHI_163_2b2_AR_006,ICBHI_163_2b2_AR,ICBHI_163,1,ICBHI,AKGC417L,0.994698105130598,1
ICBHI_163_2b2_LL_000,ICBHI_163_2b2_LL,ICBHI_163,1,ICBHI,AKGC417L,0.990253895947446,1
ICBHI_163_2b2_LL_001,ICBHI_163_2b2_LL,ICBHI_163,1,ICBHI,AKGC417L,0.9892648373909092,1
ICBHI_163_2b2_LL_002,ICBHI_163_2b2_LL,ICBHI_163,1,ICBHI,AKGC417L,0.988357775835334,1
ICBHI_163_2b2_LL_003,ICBHI_163_2b2_LL,ICBHI_163,1,ICBHI,AKGC417L,0.9878996141864552,1
ICBHI_163_2b2_LL_004,ICBHI_163_2b2_LL,ICBHI_163,1,ICBHI,AKGC417L,0.9891396689867225,1
ICBHI_163_2b2_LL_005,ICBHI_163_2b2_LL,ICBHI_163,1,ICBHI,AKGC417L,0.9883127420043056,1
ICBHI_163_2b2_LL_006,ICBHI_163_2b2_LL,ICBHI_163,1,ICBHI,AKGC417L,0.9887987866239216,1
ICBHI_163_2b2_LR_000,ICBHI_163_2b2_LR,ICBHI_163,1,ICBHI,AKGC417L,0.9924227587321393,1
ICBHI_163_2b2_LR_001,ICBHI_163_2b2_LR,ICBHI_163,1,ICBHI,AKGC417L,0.9933071490757152,1
ICBHI_163_2b2_LR_002,ICBHI_163_2b2_LR,ICBHI_163,1,ICBHI,AKGC417L,0.9926826025287876,1
ICBHI_163_2b2_LR_003,ICBHI_163_2b2_LR,ICBHI_163,1,ICBHI,AKGC417L,0.9914556693065582,1
ICBHI_163_2b2_LR_004,ICBHI_163_2b2_LR,ICBHI_163,1,ICBHI,AKGC417L,0.9906960501316064,1
ICBHI_163_2b2_LR_005,ICBHI_163_2b2_LR,ICBHI_163,1,ICBHI,AKGC417L,0.9903663476405536,1
ICBHI_163_2b2_LR_006,ICBHI_163_2b2_LR,ICBHI_163,1,ICBHI,AKGC417L,0.989510908740062,1
ICBHI_163_2b2_PL_000,ICBHI_163_2b2_PL,ICBHI_163,1,ICBHI,AKGC417L,0.9921841112107114,1
ICBHI_163_2b2_PL_001,ICBHI_163_2b2_PL,ICBHI_163,1,ICBHI,AKGC417L,0.991422514586288,1
ICBHI_163_2b2_PL_002,ICBHI_163_2b2_PL,ICBHI_163,1,ICBHI,AKGC417L,0.9887987866239216,1
ICBHI_163_2b2_PL_003,ICBHI_163_2b2_PL,ICBHI_163,1,ICBHI,AKGC417L,0.9901401446964612,1
ICBHI_163_2b2_PL_004,ICBHI_163_2b2_PL,ICBHI_163,1,ICBHI,AKGC417L,0.9903663476405536,1
ICBHI_163_2b2_PL_005,ICBHI_163_2b2_PL,ICBHI_163,1,ICBHI,AKGC417L,0.9926256346917622,1
ICBHI_163_2b2_PL_006,ICBHI_163_2b2_PL,ICBHI_163,1,ICBHI,AKGC417L,0.9938310050773188,1
ICBHI_163_2b2_PR_000,ICBHI_163_2b2_PR,ICBHI_163,1,ICBHI,AKGC417L,0.988357775835334,1
ICBHI_163_2b2_PR_001,ICBHI_163_2b2_PR,ICBHI_163,1,ICBHI,AKGC417L,0.9900250791759212,1
ICBHI_163_2b2_PR_002,ICBHI_163_2b2_PR,ICBHI_163,1,ICBHI,AKGC417L,0.9901019362839764,1
ICBHI_163_2b2_PR_003,ICBHI_163_2b2_PR,ICBHI_163,1,ICBHI,AKGC417L,0.9906237625491514,1
ICBHI_163_2b2_PR_004,ICBHI_163_2b2_PR,ICBHI_163,1,ICBHI,AKGC417L,0.9848692716928064,1
ICBHI_163_2b2_PR_005,ICBHI_163_2b2_PR,ICBHI_163,1,ICBHI,AKGC417L,0.9772408443444812,1
ICBHI_163_2b2_PR_006,ICBHI_163_2b2_PR,ICBHI_163,1,ICBHI,AKGC417L,0.9814178501043472,1
ICBHI_163_2b2_TC_000,ICBHI_163_2b2_TC,ICBHI_163,1,ICBHI,AKGC417L,0.959762057376384,1
ICBHI_163_2b2_TC_001,ICBHI_163_2b2_TC,ICBHI_163,1,ICBHI,AKGC417L,0.9554855697765152,1
ICBHI_163_2b2_TC_002,ICBHI_163_2b2_TC,ICBHI_163,1,ICBHI,AKGC417L,0.9330657967976504,1
ICBHI_163_2b2_TC_003,ICBHI_163_2b2_TC,ICBHI_163,1,ICBHI,AKGC417L,0.9164093322460584,1
ICBHI_163_2b2_TC_004,ICBHI_163_2b2_TC,ICBHI_163,1,ICBHI,AKGC417L,0.9249592754615028,1
ICBHI_163_2b2_TC_005,ICBHI_163_2b2_TC,ICBHI_163,1,ICBHI,AKGC417L,0.9756698099123244,1
ICBHI_163_2b2_TC_006,ICBHI_163_2b2_TC,ICBHI_163,1,ICBHI,AKGC417L,0.979155684383481,1
ICBHI_163_8b3_AL_000,ICBHI_163_8b3_AL,ICBHI_163,1,ICBHI,AKGC417L,0.9852145923076094,1
ICBHI_163_8b3_AL_001,ICBHI_163_8b3_AL,ICBHI_163,1,ICBHI,AKGC417L,0.9807288620802312,1
ICBHI_163_8b3_AL_002,ICBHI_163_8b3_AL,ICBHI_163,1,ICBHI,AKGC417L,0.9809125661798574,1
ICBHI_163_8b3_AL_003,ICBHI_163_8b3_AL,ICBHI_163,1,ICBHI,AKGC417L,0.9776712170898904,1
ICBHI_163_8b3_AL_004,ICBHI_163_8b3_AL,ICBHI_163,1,ICBHI,AKGC417L,0.9748690530618772,1
ICBHI_163_8b3_AL_005,ICBHI_163_8b3_AL,ICBHI_163,1,ICBHI,AKGC417L,0.9758085141318648,1
ICBHI_163_8b3_AL_006,ICBHI_163_8b3_AL,ICBHI_163,1,ICBHI,AKGC417L,0.9830200077626816,1
ICBHI_163_8b3_AR_000,ICBHI_163_8b3_AR,ICBHI_163,1,ICBHI,AKGC417L,0.9906960501316064,1
ICBHI_163_8b3_AR_001,ICBHI_163_8b3_AR,ICBHI_163,1,ICBHI,AKGC417L,0.9899864293768268,1
ICBHI_163_8b3_AR_002,ICBHI_163_8b3_AR,ICBHI_163,1,ICBHI,AKGC417L,0.9897909456811916,1
ICBHI_163_8b3_AR_003,ICBHI_163_8b3_AR,ICBHI_163,1,ICBHI,AKGC417L,0.988536202622004,1
ICBHI_163_8b3_AR_004,ICBHI_163_8b3_AR,ICBHI_163,1,ICBHI,AKGC417L,0.9908034475769532,1
ICBHI_163_8b3_AR_005,ICBHI_163_8b3_AR,ICBHI_163,1,ICBHI,AKGC417L,0.9913892323324892,1
ICBHI_163_8b3_AR_006,ICBHI_163_8b3_AR,ICBHI_163,1,ICBHI,AKGC417L,0.9890130573694068,1
ICBHI_163_8b3_LL_000,ICBHI_163_8b3_LL,ICBHI_163,1,ICBHI,AKGC417L,0.9830200077626816,1
ICBHI_163_8b3_LL_001,ICBHI_163_8b3_LL,ICBHI_163,1,ICBHI,AKGC417L,0.9826243354907804,1
ICBHI_163_8b3_LL_002,ICBHI_163_8b3_LL,ICBHI_163,1,ICBHI,AKGC417L,0.9782604045723282,1
ICBHI_163_8b3_LL_003,ICBHI_163_8b3_LL,ICBHI_163,1,ICBHI,AKGC417L,0.9759922540789444,1
ICBHI_163_8b3_LL_004,ICBHI_163_8b3_LL,ICBHI_163,1,ICBHI,AKGC417L,0.9805806518175514,1
ICBHI_163_8b3_LL_005,ICBHI_163_8b3_LL,ICBHI_163,1,ICBHI,AKGC417L,0.9867261125456144,1
ICBHI_163_8b3_LL_006,ICBHI_163_8b3_LL,ICBHI_163,1,ICBHI,AKGC417L,0.9863105223037256,1
ICBHI_163_8b3_LR_000,ICBHI_163_8b3_LR,ICBHI_163,1,ICBHI,AKGC417L,0.9937100978631076,1
ICBHI_163_8b3_LR_001,ICBHI_163_8b3_LR,ICBHI_163,1,ICBHI,AKGC417L,0.9927391335017144,1
ICBHI_163_8b3_LR_002,ICBHI_163_8b3_LR,ICBHI_163,1,ICBHI,AKGC417L,0.9918120900983038,1
ICBHI_163_8b3_LR_003,ICBHI_163_8b3_LR,ICBHI_163,1,ICBHI,AKGC417L,0.9914886969734374,1
ICBHI_163_8b3_LR_004,ICBHI_163_8b3_LR,ICBHI_163,1,ICBHI,AKGC417L,0.991875291221819,1
ICBHI_163_8b3_LR_005,ICBHI_163_8b3_LR,ICBHI_163,1,ICBHI,AKGC417L,0.9917163731139697,1
ICBHI_163_8b3_LR_006,ICBHI_163_8b3_LR,ICBHI_163,1,ICBHI,AKGC417L,0.9917163731139697,1
ICBHI_163_8b3_PL_000,ICBHI_163_8b3_PL,ICBHI_163,1,ICBHI,AKGC417L,0.9884026381763672,1
ICBHI_163_8b3_PL_001,ICBHI_163_8b3_PL,ICBHI_163,1,ICBHI,AKGC417L,0.985384329899364,1
ICBHI_163_8b3_PL_002,ICBHI_163_8b3_PL,ICBHI_163,1,ICBHI,AKGC417L,0.9867261125456144,1
ICBHI_163_8b3_PL_003,ICBHI_163_8b3_PL,ICBHI_163,1,ICBHI,AKGC417L,0.9876638995791304,1
ICBHI_163_8b3_PL_004,ICBHI_163_8b3_PL,ICBHI_163,1,ICBHI,AKGC417L,0.9884473296647792,1
ICBHI_163_8b3_PL_005,ICBHI_163_8b3_PL,ICBHI_163,1,ICBHI,AKGC417L,0.9881766051636294,1
ICBHI_163_8b3_PL_006,ICBHI_163_8b3_PL,ICBHI_163,1,ICBHI,AKGC417L,0.9880389017501904,1
ICBHI_163_8b3_PR_000,ICBHI_163_8b3_PR,ICBHI_163,1,ICBHI,AKGC417L,0.991186833496954,1
ICBHI_163_8b3_PR_001,ICBHI_163_8b3_PR,ICBHI_163,1,ICBHI,AKGC417L,0.9918120900983038,1
ICBHI_163_8b3_PR_002,ICBHI_163_8b3_PR,ICBHI_163,1,ICBHI,AKGC417L,0.9889705299774982,1
ICBHI_163_8b3_PR_003,ICBHI_163_8b3_PR,ICBHI_163,1,ICBHI,AKGC417L,0.9870795269609208,1
ICBHI_163_8b3_PR_004,ICBHI_163_8b3_PR,ICBHI_163,1,ICBHI,AKGC417L,0.9897116988662836,1
ICBHI_163_8b3_PR_005,ICBHI_163_8b3_PR,ICBHI_163,1,ICBHI,AKGC417L,0.9931760452132232,1
ICBHI_163_8b3_PR_006,ICBHI_163_8b3_PR,ICBHI_163,1,ICBHI,AKGC417L,0.9862046355788148,1
ICBHI_175_1b1_AL_000,ICBHI_175_1b1_AL,ICBHI_175,1,ICBHI,Litt3200,0.9913558220632764,1
ICBHI_175_1b1_AL_001,ICBHI_175_1b1_AL,ICBHI_175,1,ICBHI,Litt3200,0.990944735813278,1
ICBHI_175_1b1_AL_002,ICBHI_175_1b1_AL,ICBHI_175,1,ICBHI,Litt3200,0.991619546648974,1
ICBHI_175_1b1_AL_003,ICBHI_175_1b1_AL,ICBHI_175,1,ICBHI,Litt3200,0.9926826025287876,1
ICBHI_175_1b1_AL_004,ICBHI_175_1b1_AL,ICBHI_175,1,ICBHI,Litt3200,0.9905509186809448,1
ICBHI_175_1b1_AL_005,ICBHI_175_1b1_AL,ICBHI_175,1,ICBHI,Litt3200,0.9906960501316064,1
ICBHI_175_1b1_AR_000,ICBHI_175_1b1_AR,ICBHI_175,1,ICBHI,Litt3200,0.0002531563721509,1
ICBHI_175_1b1_AR_001,ICBHI_175_1b1_AR,ICBHI_175,1,ICBHI,Litt3200,0.0002531563721509,1
ICBHI_175_1b1_AR_002,ICBHI_175_1b1_AR,ICBHI_175,1,ICBHI,Litt3200,0.0002737216731838,1
ICBHI_175_1b1_AR_003,ICBHI_175_1b1_AR,ICBHI_175,1,ICBHI,Litt3200,0.000631243456875,1
ICBHI_175_1b1_AR_004,ICBHI_175_1b1_AR,ICBHI_175,1,ICBHI,Litt3200,0.0020190139004485,1
ICBHI_175_1b1_LL_000,ICBHI_175_1b1_LL,ICBHI_175,1,ICBHI,Litt3200,0.9927391335017144,1
ICBHI_175_1b1_LL_001,ICBHI_175_1b1_LL,ICBHI_175,1,ICBHI,Litt3200,0.9923637835053328,1
ICBHI_175_1b1_LL_002,ICBHI_175_1b1_LL,ICBHI_175,1,ICBHI,Litt3200,0.9928785712542648,1
ICBHI_175_1b1_LL_003,ICBHI_175_1b1_LL,ICBHI_175,1,ICBHI,Litt3200,0.9935117304033434,1
ICBHI_175_1b1_LL_004,ICBHI_175_1b1_LL,ICBHI_175,1,ICBHI,Litt3200,0.991118324899153,1
ICBHI_175_1b1_LL_005,ICBHI_175_1b1_LL,ICBHI_175,1,ICBHI,Litt3200,0.986415607486941,1
ICBHI_175_1b1_LR_000,ICBHI_175_1b1_LR,ICBHI_175,1,ICBHI,Litt3200,0.9890976262707148,1
ICBHI_175_1b1_LR_001,ICBHI_175_1b1_LR,ICBHI_175,1,ICBHI,Litt3200,0.9922444632191524,1
ICBHI_175_1b1_LR_002,ICBHI_175_1b1_LR,ICBHI_175,1,ICBHI,Litt3200,0.9939964042034284,1
ICBHI_175_1b1_LR_003,ICBHI_175_1b1_LR,ICBHI_175,1,ICBHI,Litt3200,0.9929061381210884,1
ICBHI_175_1b1_LR_004,ICBHI_175_1b1_LR,ICBHI_175,1,ICBHI,Litt3200,0.9922444632191524,1
ICBHI_175_1b1_PL_000,ICBHI_175_1b1_PL,ICBHI_175,1,ICBHI,Litt3200,0.9925969859111274,1
ICBHI_175_1b1_PL_001,ICBHI_175_1b1_PL,ICBHI_175,1,ICBHI,Litt3200,0.9938787187092716,1
ICBHI_175_1b1_PL_002,ICBHI_175_1b1_PL,ICBHI_175,1,ICBHI,Litt3200,0.9945307254013008,1
ICBHI_175_1b1_PL_003,ICBHI_175_1b1_PL,ICBHI_175,1,ICBHI,Litt3200,0.9938787187092716,1
ICBHI_175_1b1_PL_004,ICBHI_175_1b1_PL,ICBHI_175,1,ICBHI,Litt3200,0.9939496023117854,1
ICBHI_175_1b1_PL_005,ICBHI_175_1b1_PL,ICBHI_175,1,ICBHI,Litt3200,0.992334125311354,1
ICBHI_175_1b1_PL_006,ICBHI_175_1b1_PL,ICBHI_175,1,ICBHI,Litt3200,0.9940428462362504,1
ICBHI_175_1b1_PR_000,ICBHI_175_1b1_PR,ICBHI_175,1,ICBHI,Litt3200,0.9947798743064415,1
ICBHI_175_1b1_PR_001,ICBHI_175_1b1_PR,ICBHI_175,1,ICBHI,Litt3200,0.9957020611205928,1
ICBHI_175_1b1_PR_002,ICBHI_175_1b1_PR,ICBHI_175,1,ICBHI,Litt3200,0.9940889311437562,1
ICBHI_175_1b1_PR_003,ICBHI_175_1b1_PR,ICBHI_175,1,ICBHI,Litt3200,0.9939964042034284,1
ICBHI_175_1b1_PR_004,ICBHI_175_1b1_PR,ICBHI_175,1,ICBHI,Litt3200,0.997263778900852,1
ICBHI_177_1b2_AL_000,ICBHI_177_1b2_AL,ICBHI_177,1,ICBHI,AKGC417L,0.9735442241838218,1
ICBHI_177_1b2_AL_001,ICBHI_177_1b2_AL,ICBHI_177,1,ICBHI,AKGC417L,0.9834068220804096,1
ICBHI_177_1b2_AL_002,ICBHI_177_1b2_AL,ICBHI_177,1,ICBHI,AKGC417L,0.9132132627819568,1
ICBHI_177_1b2_AL_003,ICBHI_177_1b2_AL,ICBHI_177,1,ICBHI,AKGC417L,0.95275028649851,1
ICBHI_177_1b2_AL_004,ICBHI_177_1b2_AL,ICBHI_177,1,ICBHI,AKGC417L,0.9156582049691224,1
ICBHI_177_1b2_AL_005,ICBHI_177_1b2_AL,ICBHI_177,1,ICBHI,AKGC417L,0.9384632635880472,1
ICBHI_177_1b2_AL_006,ICBHI_177_1b2_AL,ICBHI_177,1,ICBHI,AKGC417L,0.9575961713681532,1
ICBHI_177_1b2_AR_000,ICBHI_177_1b2_AR,ICBHI_177,1,ICBHI,AKGC417L,0.9787126482065488,1
ICBHI_177_1b2_AR_001,ICBHI_177_1b2_AR,ICBHI_177,1,ICBHI,AKGC417L,0.9709092429574352,1
ICBHI_177_1b2_AR_002,ICBHI_177_1b2_AR,ICBHI_177,1,ICBHI,AKGC417L,0.9380105434874444,1
ICBHI_177_1b2_AR_003,ICBHI_177_1b2_AR,ICBHI_177,1,ICBHI,AKGC417L,0.9570375284337568,1
ICBHI_177_1b2_AR_004,ICBHI_177_1b2_AR,ICBHI_177,1,ICBHI,AKGC417L,0.9671630439727548,1
ICBHI_177_1b2_AR_005,ICBHI_177_1b2_AR,ICBHI_177,1,ICBHI,AKGC417L,0.9873262643069668,1
ICBHI_177_1b2_AR_006,ICBHI_177_1b2_AR,ICBHI_177,1,ICBHI,AKGC417L,0.9718859428738872,1
ICBHI_177_1b2_LR_000,ICBHI_177_1b2_LR,ICBHI_177,1,ICBHI,AKGC417L,0.9869292152258128,1
ICBHI_177_1b2_LR_001,ICBHI_177_1b2_LR,ICBHI_177,1,ICBHI,AKGC417L,0.9843964652097964,1
ICBHI_177_1b2_LR_002,ICBHI_177_1b2_LR,ICBHI_177,1,ICBHI,AKGC417L,0.9244152093213264,1
ICBHI_177_1b2_LR_003,ICBHI_177_1b2_LR,ICBHI_177,1,ICBHI,AKGC417L,0.9843964652097964,1
ICBHI_177_1b2_LR_004,ICBHI_177_1b2_LR,ICBHI_177,1,ICBHI,AKGC417L,0.9874720680072552,1
ICBHI_177_1b2_LR_005,ICBHI_177_1b2_LR,ICBHI_177,1,ICBHI,AKGC417L,0.9901782070803068,1
ICBHI_177_1b2_LR_006,ICBHI_177_1b2_LR,ICBHI_177,1,ICBHI,AKGC417L,0.983596967483837,1
ICBHI_177_1b2_PL_000,ICBHI_177_1b2_PL,ICBHI_177,1,ICBHI,AKGC417L,0.9931228923417692,1
ICBHI_177_1b2_PL_001,ICBHI_177_1b2_PL,ICBHI_177,1,ICBHI,AKGC417L,0.9793540692607816,1
ICBHI_177_1b2_PL_002,ICBHI_177_1b2_PL,ICBHI_177,1,ICBHI,AKGC417L,0.9828232909876816,1
ICBHI_177_1b2_PL_003,ICBHI_177_1b2_PL,ICBHI_177,1,ICBHI,AKGC417L,0.992481281938568,1
ICBHI_177_1b2_PL_004,ICBHI_177_1b2_PL,ICBHI_177,1,ICBHI,AKGC417L,0.9901782070803068,1
ICBHI_177_1b2_PL_005,ICBHI_177_1b2_PL,ICBHI_177,1,ICBHI,AKGC417L,0.9900635812940538,1
ICBHI_177_1b2_PL_006,ICBHI_177_1b2_PL,ICBHI_177,1,ICBHI,AKGC417L,0.9915870224290224,1
ICBHI_177_1b2_PR_000,ICBHI_177_1b2_PR,ICBHI_177,1,ICBHI,AKGC417L,0.9943799635999728,1
ICBHI_177_1b2_PR_001,ICBHI_177_1b2_PR,ICBHI_177,1,ICBHI,AKGC417L,0.9810945528586532,1
ICBHI_177_1b2_PR_002,ICBHI_177_1b2_PR,ICBHI_177,1,ICBHI,AKGC417L,0.9882221573114804,1
ICBHI_177_1b2_PR_003,ICBHI_177_1b2_PR,ICBHI_177,1,ICBHI,AKGC417L,0.9941118405241954,1
ICBHI_177_1b2_PR_004,ICBHI_177_1b2_PR,ICBHI_177,1,ICBHI,AKGC417L,0.9948403768236574,1
ICBHI_177_1b2_PR_005,ICBHI_177_1b2_PR,ICBHI_177,1,ICBHI,AKGC417L,0.9941118405241954,1
ICBHI_177_1b2_PR_006,ICBHI_177_1b2_PR,ICBHI_177,1,ICBHI,AKGC417L,0.9941346616392028,1
ICBHI_177_1b2_TC_000,ICBHI_177_1b2_TC,ICBHI_177,1,ICBHI,AKGC417L,0.9893062422638244,1
ICBHI_177_1b2_TC_001,ICBHI_177_1b2_TC,ICBHI_177,1,ICBHI,AKGC417L,0.988536202622004,1
ICBHI_177_1b2_TC_002,ICBHI_177_1b2_TC,ICBHI_177,1,ICBHI,AKGC417L,0.9876638995791304,1
ICBHI_177_1b2_TC_003,ICBHI_177_1b2_TC,ICBHI_177,1,ICBHI,AKGC417L,0.9921232932834126,1
ICBHI_177_1b2_TC_004,ICBHI_177_1b2_TC,ICBHI_177,1,ICBHI,AKGC417L,0.990838973077906,1
ICBHI_177_1b2_TC_005,ICBHI_177_1b2_TC,ICBHI_177,1,ICBHI,AKGC417L,0.9889705299774982,1
ICBHI_177_1b2_TC_006,ICBHI_177_1b2_TC,ICBHI_177,1,ICBHI,AKGC417L,0.993636426303936,1
ICBHI_177_1b4_AL_000,ICBHI_177_1b4_AL,ICBHI_177,1,ICBHI,AKGC417L,0.5756476524762837,1
ICBHI_177_1b4_AL_001,ICBHI_177_1b4_AL,ICBHI_177,1,ICBHI,AKGC417L,0.0540986973688258,1
ICBHI_177_1b4_AL_002,ICBHI_177_1b4_AL,ICBHI_177,1,ICBHI,AKGC417L,0.0262054134495338,1
ICBHI_177_1b4_AL_003,ICBHI_177_1b4_AL,ICBHI_177,1,ICBHI,AKGC417L,0.9287972729281414,1
ICBHI_177_1b4_AL_004,ICBHI_177_1b4_AL,ICBHI_177,1,ICBHI,AKGC417L,0.8067003854356462,1
ICBHI_177_1b4_AL_005,ICBHI_177_1b4_AL,ICBHI_177,1,ICBHI,AKGC417L,0.0736962697060484,1
ICBHI_177_1b4_AL_006,ICBHI_177_1b4_AL,ICBHI_177,1,ICBHI,AKGC417L,0.1446314371429752,1
ICBHI_177_1b4_AR_000,ICBHI_177_1b4_AR,ICBHI_177,1,ICBHI,AKGC417L,0.982151261550011,1
ICBHI_177_1b4_AR_001,ICBHI_177_1b4_AR,ICBHI_177,1,ICBHI,AKGC417L,0.9733422603160212,1
ICBHI_177_1b4_AR_002,ICBHI_177_1b4_AR,ICBHI_177,1,ICBHI,AKGC417L,0.9417613746890242,1
ICBHI_177_1b4_AR_003,ICBHI_177_1b4_AR,ICBHI_177,1,ICBHI,AKGC417L,0.9233161978167048,1
ICBHI_177_1b4_AR_004,ICBHI_177_1b4_AR,ICBHI_177,1,ICBHI,AKGC417L,0.8713654401007822,1
ICBHI_177_1b4_AR_005,ICBHI_177_1b4_AR,ICBHI_177,1,ICBHI,AKGC417L,0.9343951625409306,1
ICBHI_177_1b4_AR_006,ICBHI_177_1b4_AR,ICBHI_177,1,ICBHI,AKGC417L,0.9713473306904064,1
ICBHI_177_1b4_LR_000,ICBHI_177_1b4_LR,ICBHI_177,1,ICBHI,AKGC417L,0.9852713861502774,1
ICBHI_177_1b4_LR_001,ICBHI_177_1b4_LR,ICBHI_177,1,ICBHI,AKGC417L,0.978671918339908,1
ICBHI_177_1b4_LR_002,ICBHI_177_1b4_LR,ICBHI_177,1,ICBHI,AKGC417L,0.9730365001376664,1
ICBHI_177_1b4_LR_003,ICBHI_177_1b4_LR,ICBHI_177,1,ICBHI,AKGC417L,0.9611709788142287,1
ICBHI_177_1b4_LR_004,ICBHI_177_1b4_LR,ICBHI_177,1,ICBHI,AKGC417L,0.9571978541000364,1
ICBHI_177_1b4_LR_005,ICBHI_177_1b4_LR,ICBHI_177,1,ICBHI,AKGC417L,0.9469902279841446,1
ICBHI_177_1b4_LR_006,ICBHI_177_1b4_LR,ICBHI_177,1,ICBHI,AKGC417L,0.9661559646595076,1
ICBHI_177_1b4_PL_000,ICBHI_177_1b4_PL,ICBHI_177,1,ICBHI,AKGC417L,0.9635062337709722,1
ICBHI_177_1b4_PL_001,ICBHI_177_1b4_PL,ICBHI_177,1,ICBHI,AKGC417L,0.7823300652229036,1
ICBHI_177_1b4_PL_002,ICBHI_177_1b4_PL,ICBHI_177,1,ICBHI,AKGC417L,0.9772408443444812,1
ICBHI_177_1b4_PL_003,ICBHI_177_1b4_PL,ICBHI_177,1,ICBHI,AKGC417L,0.9903290072365528,1
ICBHI_177_1b4_PL_004,ICBHI_177_1b4_PL,ICBHI_177,1,ICBHI,AKGC417L,0.987711402470298,1
ICBHI_177_1b4_PL_005,ICBHI_177_1b4_PL,ICBHI_177,1,ICBHI,AKGC417L,0.9891815513471368,1
ICBHI_177_1b4_PL_006,ICBHI_177_1b4_PL,ICBHI_177,1,ICBHI,AKGC417L,0.9919067101026268,1
ICBHI_177_1b4_PR_000,ICBHI_177_1b4_PR,ICBHI_177,1,ICBHI,AKGC417L,0.9950177302695786,1
ICBHI_177_1b4_PR_001,ICBHI_177_1b4_PR,ICBHI_177,1,ICBHI,AKGC417L,0.9961903698015272,1
ICBHI_177_1b4_PR_002,ICBHI_177_1b4_PR,ICBHI_177,1,ICBHI,AKGC417L,0.9943799635999728,1
ICBHI_177_1b4_PR_003,ICBHI_177_1b4_PR,ICBHI_177,1,ICBHI,AKGC417L,0.9901401446964612,1
ICBHI_177_1b4_PR_004,ICBHI_177_1b4_PR,ICBHI_177,1,ICBHI,AKGC417L,0.9926256346917622,1
ICBHI_177_1b4_PR_005,ICBHI_177_1b4_PR,ICBHI_177,1,ICBHI,AKGC417L,0.994615062038222,1
ICBHI_177_1b4_PR_006,ICBHI_177_1b4_PR,ICBHI_177,1,ICBHI,AKGC417L,0.9954261357223732,1
ICBHI_177_1b4_TC_000,ICBHI_177_1b4_TC,ICBHI_177,1,ICBHI,AKGC417L,0.9950370578981272,1
ICBHI_177_1b4_TC_001,ICBHI_177_1b4_TC,ICBHI_177,1,ICBHI,AKGC417L,0.9949592968881544,1
ICBHI_177_1b4_TC_002,ICBHI_177_1b4_TC,ICBHI_177,1,ICBHI,AKGC417L,0.9947391477427644,1
ICBHI_177_1b4_TC_003,ICBHI_177_1b4_TC,ICBHI_177,1,ICBHI,AKGC417L,0.9943361347628212,1
ICBHI_177_1b4_TC_004,ICBHI_177_1b4_TC,ICBHI_177,1,ICBHI,AKGC417L,0.9907677855954636,1
ICBHI_177_1b4_TC_005,ICBHI_177_1b4_TC,ICBHI_177,1,ICBHI,AKGC417L,0.9919067101026268,1
ICBHI_177_1b4_TC_006,ICBHI_177_1b4_TC,ICBHI_177,1,ICBHI,AKGC417L,0.9930423911926236,1
ICBHI_177_2b4_AL_000,ICBHI_177_2b4_AL,ICBHI_177,1,ICBHI,AKGC417L,0.9834704434423458,1
ICBHI_177_2b4_AL_001,ICBHI_177_2b4_AL,ICBHI_177,1,ICBHI,AKGC417L,0.994180040415741,1
ICBHI_177_2b4_AL_002,ICBHI_177_2b4_AL,ICBHI_177,1,ICBHI,AKGC417L,0.9923043528216078,1
ICBHI_177_2b4_AL_003,ICBHI_177_2b4_AL,ICBHI_177,1,ICBHI,AKGC417L,0.9923043528216078,1
ICBHI_177_2b4_AL_004,ICBHI_177_2b4_AL,ICBHI_177,1,ICBHI,AKGC417L,0.9911526449170696,1
ICBHI_177_2b4_AL_005,ICBHI_177_2b4_AL,ICBHI_177,1,ICBHI,AKGC417L,0.9919067101026268,1
ICBHI_177_2b4_AL_006,ICBHI_177_2b4_AL,ICBHI_177,1,ICBHI,AKGC417L,0.9906960501316064,1
ICBHI_177_2b4_LR_000,ICBHI_177_2b4_LR,ICBHI_177,1,ICBHI,AKGC417L,0.9842154389261902,1
ICBHI_177_2b4_LR_001,ICBHI_177_2b4_LR,ICBHI_177,1,ICBHI,AKGC417L,0.988536202622004,1
ICBHI_177_2b4_LR_002,ICBHI_177_2b4_LR,ICBHI_177,1,ICBHI,AKGC417L,0.9873750507184356,1
ICBHI_177_2b4_LR_003,ICBHI_177_2b4_LR,ICBHI_177,1,ICBHI,AKGC417L,0.9868280501184434,1
ICBHI_177_2b4_LR_004,ICBHI_177_2b4_LR,ICBHI_177,1,ICBHI,AKGC417L,0.988084978032852,1
ICBHI_177_2b4_LR_005,ICBHI_177_2b4_LR,ICBHI_177,1,ICBHI,AKGC417L,0.9893474891602738,1
ICBHI_177_2b4_LR_006,ICBHI_177_2b4_LR,ICBHI_177,1,ICBHI,AKGC417L,0.9885803853543514,1
ICBHI_177_2b4_PL_000,ICBHI_177_2b4_PL,ICBHI_177,1,ICBHI,AKGC417L,0.9714558483038396,1
ICBHI_177_2b4_PL_001,ICBHI_177_2b4_PL,ICBHI_177,1,ICBHI,AKGC417L,0.9918120900983038,1
ICBHI_177_2b4_PL_002,ICBHI_177_2b4_PL,ICBHI_177,1,ICBHI,AKGC417L,0.9897909456811916,1
ICBHI_177_2b4_PL_003,ICBHI_177_2b4_PL,ICBHI_177,1,ICBHI,AKGC417L,0.9860442896017269,1
ICBHI_177_2b4_PL_004,ICBHI_177_2b4_PL,ICBHI_177,1,ICBHI,AKGC417L,0.3619537039032359,1
ICBHI_177_2b4_PL_005,ICBHI_177_2b4_PL,ICBHI_177,1,ICBHI,AKGC417L,0.0043146879563626,1
ICBHI_177_2b4_PL_006,ICBHI_177_2b4_PL,ICBHI_177,1,ICBHI,AKGC417L,0.003945406806602,1
ICBHI_177_2b4_PR_000,ICBHI_177_2b4_PR,ICBHI_177,1,ICBHI,AKGC417L,0.7068991149334007,1
ICBHI_177_2b4_PR_001,ICBHI_177_2b4_PR,ICBHI_177,1,ICBHI,AKGC417L,0.991422514586288,1
ICBHI_177_2b4_PR_002,ICBHI_177_2b4_PR,ICBHI_177,1,ICBHI,AKGC417L,0.9928508980334536,1
ICBHI_177_2b4_PR_003,ICBHI_177_2b4_PR,ICBHI_177,1,ICBHI,AKGC417L,0.9926541734255228,1
ICBHI_177_2b4_PR_004,ICBHI_177_2b4_PR,ICBHI_177,1,ICBHI,AKGC417L,0.9879462204837636,1
ICBHI_177_2b4_PR_005,ICBHI_177_2b4_PR,ICBHI_177,1,ICBHI,AKGC417L,0.9667260589136598,1
ICBHI_177_2b4_PR_006,ICBHI_177_2b4_PR,ICBHI_177,1,ICBHI,AKGC417L,0.9444848859112394,1
ICBHI_177_2b4_TC_000,ICBHI_177_2b4_TC,ICBHI_177,1,ICBHI,AKGC417L,0.990253895947446,1
ICBHI_177_2b4_TC_001,ICBHI_177_2b4_TC,ICBHI_177,1,ICBHI,AKGC417L,0.9936116790902788,1
ICBHI_177_2b4_TC_002,ICBHI_177_2b4_TC,ICBHI_177,1,ICBHI,AKGC417L,0.9928231180543432,1
ICBHI_177_2b4_TC_003,ICBHI_177_2b4_TC,ICBHI_177,1,ICBHI,AKGC417L,0.9930423911926236,1
ICBHI_177_2b4_TC_004,ICBHI_177_2b4_TC,ICBHI_177,1,ICBHI,AKGC417L,0.9940889311437562,1
ICBHI_177_2b4_TC_005,ICBHI_177_2b4_TC,ICBHI_177,1,ICBHI,AKGC417L,0.9925103751011916,1
ICBHI_177_2b4_TC_006,ICBHI_177_2b4_TC,ICBHI_177,1,ICBHI,AKGC417L,0.991118324899153,1
ICBHI_180_1b4_AL_000,ICBHI_180_1b4_AL,ICBHI_180,1,ICBHI,AKGC417L,0.9926256346917622,1
ICBHI_180_1b4_AL_001,ICBHI_180_1b4_AL,ICBHI_180,1,ICBHI,AKGC417L,0.9936116790902788,1
ICBHI_180_1b4_AL_002,ICBHI_180_1b4_AL,ICBHI_180,1,ICBHI,AKGC417L,0.994180040415741,1
ICBHI_180_1b4_AL_003,ICBHI_180_1b4_AL,ICBHI_180,1,ICBHI,AKGC417L,0.993384607321672,1
ICBHI_180_1b4_AL_004,ICBHI_180_1b4_AL,ICBHI_180,1,ICBHI,AKGC417L,0.9930153500828656,1
ICBHI_180_1b4_AL_005,ICBHI_180_1b4_AL,ICBHI_180,1,ICBHI,AKGC417L,0.993461175022765,1
ICBHI_180_1b4_AL_006,ICBHI_180_1b4_AL,ICBHI_180,1,ICBHI,AKGC417L,0.993636426303936,1
ICBHI_180_1b4_AR_000,ICBHI_180_1b4_AR,ICBHI_180,1,ICBHI,AKGC417L,0.9729852096621656,1
ICBHI_180_1b4_AR_001,ICBHI_180_1b4_AR,ICBHI_180,1,ICBHI,AKGC417L,0.9893062422638244,1
ICBHI_180_1b4_AR_002,ICBHI_180_1b4_AR,ICBHI_180,1,ICBHI,AKGC417L,0.9892648373909092,1
ICBHI_180_1b4_AR_003,ICBHI_180_1b4_AR,ICBHI_180,1,ICBHI,AKGC417L,0.9887119261007692,1
ICBHI_180_1b4_AR_004,ICBHI_180_1b4_AR,ICBHI_180,1,ICBHI,AKGC417L,0.9867261125456144,1
ICBHI_180_1b4_AR_005,ICBHI_180_1b4_AR,ICBHI_180,1,ICBHI,AKGC417L,0.9746286885255978,1
ICBHI_180_1b4_AR_006,ICBHI_180_1b4_AR,ICBHI_180,1,ICBHI,AKGC417L,0.9635062337709722,1
ICBHI_180_1b4_LR_000,ICBHI_180_1b4_LR,ICBHI_180,1,ICBHI,AKGC417L,0.98636316471857,1
ICBHI_180_1b4_LR_001,ICBHI_180_1b4_LR,ICBHI_180,1,ICBHI,AKGC417L,0.993734466224161,1
ICBHI_180_1b4_LR_002,ICBHI_180_1b4_LR,ICBHI_180,1,ICBHI,AKGC417L,0.9949592968881544,1
ICBHI_180_1b4_LR_003,ICBHI_180_1b4_LR,ICBHI_180,1,ICBHI,AKGC417L,0.9929335990367508,1
ICBHI_180_1b4_LR_004,ICBHI_180_1b4_LR,ICBHI_180,1,ICBHI,AKGC417L,0.9889278398167658,1
ICBHI_180_1b4_LR_005,ICBHI_180_1b4_LR,ICBHI_180,1,ICBHI,AKGC417L,0.9914556693065582,1
ICBHI_180_1b4_LR_006,ICBHI_180_1b4_LR,ICBHI_180,1,ICBHI,AKGC417L,0.9884918509356968,1
ICBHI_180_1b4_PL_000,ICBHI_180_1b4_PL,ICBHI_180,1,ICBHI,AKGC417L,0.9897513980768414,1
ICBHI_180_1b4_PL_001,ICBHI_180_1b4_PL,ICBHI_180,1,ICBHI,AKGC417L,0.9877587247081928,1
ICBHI_180_1b4_PL_002,ICBHI_180_1b4_PL,ICBHI_180,1,ICBHI,AKGC417L,0.9915870224290224,1
ICBHI_180_1b4_PL_003,ICBHI_180_1b4_PL,ICBHI_180,1,ICBHI,AKGC417L,0.9863105223037256,1
ICBHI_180_1b4_PL_004,ICBHI_180_1b4_PL,ICBHI_180,1,ICBHI,AKGC417L,0.9883127420043056,1
ICBHI_180_1b4_PL_005,ICBHI_180_1b4_PL,ICBHI_180,1,ICBHI,AKGC417L,0.9832145101099364,1
ICBHI_180_1b4_PL_006,ICBHI_180_1b4_PL,ICBHI_180,1,ICBHI,AKGC417L,0.9897909456811916,1
ICBHI_180_1b4_PR_000,ICBHI_180_1b4_PR,ICBHI_180,1,ICBHI,AKGC417L,0.978093633973752,1
ICBHI_180_1b4_PR_001,ICBHI_180_1b4_PR,ICBHI_180,1,ICBHI,AKGC417L,0.9722043774187548,1
ICBHI_180_1b4_PR_002,ICBHI_180_1b4_PR,ICBHI_180,1,ICBHI,AKGC417L,0.9722571081173828,1
ICBHI_180_1b4_PR_003,ICBHI_180_1b4_PR,ICBHI_180,1,ICBHI,AKGC417L,0.9761746325522288,1
ICBHI_180_1b4_PR_004,ICBHI_180_1b4_PR,ICBHI_180,1,ICBHI,AKGC417L,0.9789151588631022,1
ICBHI_180_1b4_PR_005,ICBHI_180_1b4_PR,ICBHI_180,1,ICBHI,AKGC417L,0.9759922540789444,1
ICBHI_180_1b4_PR_006,ICBHI_180_1b4_PR,ICBHI_180,1,ICBHI,AKGC417L,0.9745319170136324,1
ICBHI_183_1b1_PL_000,ICBHI_183_1b1_PL,ICBHI_183,0,ICBHI,Meditron,0.1193054929554847,1
ICBHI_183_1b1_PL_001,ICBHI_183_1b1_PL,ICBHI_183,0,ICBHI,Meditron,0.7097237942315809,1
ICBHI_183_1b1_PL_002,ICBHI_183_1b1_PL,ICBHI_183,0,ICBHI,Meditron,0.0029008577108601,1
ICBHI_183_1b1_PL_003,ICBHI_183_1b1_PL,ICBHI_183,0,ICBHI,Meditron,0.0145035796913819,1
ICBHI_183_1b1_PL_004,ICBHI_183_1b1_PL,ICBHI_183,0,ICBHI,Meditron,0.529871610484679,1
ICBHI_183_1b1_PL_005,ICBHI_183_1b1_PL,ICBHI_183,0,ICBHI,Meditron,0.2984913685309853,1
ICBHI_183_1b1_PL_006,ICBHI_183_1b1_PL,ICBHI_183,0,ICBHI,Meditron,0.2924942431882805,1
ICBHI_183_1b1_TC_000,ICBHI_183_1b1_TC,ICBHI_183,0,ICBHI,Meditron,0.0194938717270317,1
ICBHI_183_1b1_TC_001,ICBHI_183_1b1_TC,ICBHI_183,0,ICBHI,Meditron,0.0005571117181506,1
ICBHI_183_1b1_TC_002,ICBHI_183_1b1_TC,ICBHI_183,0,ICBHI,Meditron,0.0002891032564081,1
ICBHI_183_1b1_TC_003,ICBHI_183_1b1_TC,ICBHI_183,0,ICBHI,Meditron,5.475976980449465e-05,1
ICBHI_183_1b1_TC_004,ICBHI_183_1b1_TC,ICBHI_183,0,ICBHI,Meditron,5.144221374220898e-05,1
ICBHI_183_1b1_TC_005,ICBHI_183_1b1_TC,ICBHI_183,0,ICBHI,Meditron,0.0001047255718079,1
ICBHI_183_1b1_TC_006,ICBHI_183_1b1_TC,ICBHI_183,0,ICBHI,Meditron,5.433364904897485e-05,1
ICBHI_186_2b2_AL_000,ICBHI_186_2b2_AL,ICBHI_186,1,ICBHI,AKGC417L,0.992767236196521,1
ICBHI_186_2b2_AL_001,ICBHI_186_2b2_AL,ICBHI_186,1,ICBHI,AKGC417L,0.992767236196521,1
ICBHI_186_2b2_AL_002,ICBHI_186_2b2_AL,ICBHI_186,1,ICBHI,AKGC417L,0.9934357507792256,1
ICBHI_186_2b2_AL_003,ICBHI_186_2b2_AL,ICBHI_186,1,ICBHI,AKGC417L,0.9934102283369194,1
ICBHI_186_2b2_AL_004,ICBHI_186_2b2_AL,ICBHI_186,1,ICBHI,AKGC417L,0.995207683326861,1
ICBHI_186_2b2_AL_005,ICBHI_186_2b2_AL,ICBHI_186,1,ICBHI,AKGC417L,0.995801204728528,1
ICBHI_186_2b2_AL_006,ICBHI_186_2b2_AL,ICBHI_186,1,ICBHI,AKGC417L,0.9946774645488872,1
ICBHI_186_2b2_AR_000,ICBHI_186_2b2_AR,ICBHI_186,1,ICBHI,AKGC417L,0.990838973077906,1
ICBHI_186_2b2_AR_001,ICBHI_186_2b2_AR,ICBHI_186,1,ICBHI,AKGC417L,0.9920311850466846,1
ICBHI_186_2b2_AR_002,ICBHI_186_2b2_AR,ICBHI_186,1,ICBHI,AKGC417L,0.9943140930647724,1
ICBHI_186_2b2_AR_003,ICBHI_186_2b2_AR,ICBHI_186,1,ICBHI,AKGC417L,0.993734466224161,1
ICBHI_186_2b2_AR_004,ICBHI_186_2b2_AR,ICBHI_186,1,ICBHI,AKGC417L,0.9945940999219732,1
ICBHI_186_2b2_AR_005,ICBHI_186_2b2_AR,ICBHI_186,1,ICBHI,AKGC417L,0.9951136252099114,1
ICBHI_186_2b2_AR_006,ICBHI_186_2b2_AR,ICBHI_186,1,ICBHI,AKGC417L,0.9941346616392028,1
ICBHI_186_2b2_LR_000,ICBHI_186_2b2_LR,ICBHI_186,1,ICBHI,AKGC417L,0.9907319866190856,1
ICBHI_186_2b2_LR_001,ICBHI_186_2b2_LR,ICBHI_186,1,ICBHI,AKGC417L,0.9917484014309144,1
ICBHI_186_2b2_LR_002,ICBHI_186_2b2_LR,ICBHI_186,1,ICBHI,AKGC417L,0.9919691867837398,1
ICBHI_186_2b2_LR_003,ICBHI_186_2b2_LR,ICBHI_186,1,ICBHI,AKGC417L,0.991875291221819,1
ICBHI_186_2b2_LR_004,ICBHI_186_2b2_LR,ICBHI_186,1,ICBHI,AKGC417L,0.9936610782629056,1
ICBHI_186_2b2_LR_005,ICBHI_186_2b2_LR,ICBHI_186,1,ICBHI,AKGC417L,0.9929609544025984,1
ICBHI_186_2b2_LR_006,ICBHI_186_2b2_LR,ICBHI_186,1,ICBHI,AKGC417L,0.9918120900983038,1
ICBHI_186_2b2_PL_000,ICBHI_186_2b2_PL,ICBHI_186,1,ICBHI,AKGC417L,0.9943580914999768,1
ICBHI_186_2b2_PL_001,ICBHI_186_2b2_PL,ICBHI_186,1,ICBHI,AKGC417L,0.993461175022765,1
ICBHI_186_2b2_PL_002,ICBHI_186_2b2_PL,ICBHI_186,1,ICBHI,AKGC417L,0.9925682266657088,1
ICBHI_186_2b2_PL_003,ICBHI_186_2b2_PL,ICBHI_186,1,ICBHI,AKGC417L,0.9928785712542648,1
ICBHI_186_2b2_PL_004,ICBHI_186_2b2_PL,ICBHI_186,1,ICBHI,AKGC417L,0.9947391477427644,1
ICBHI_186_2b2_PL_005,ICBHI_186_2b2_PL,ICBHI_186,1,ICBHI,AKGC417L,0.9943799635999728,1
ICBHI_186_2b2_PL_006,ICBHI_186_2b2_PL,ICBHI_186,1,ICBHI,AKGC417L,0.992988204618503,1
ICBHI_186_2b2_PR_000,ICBHI_186_2b2_PR,ICBHI_186,1,ICBHI,AKGC417L,0.9901782070803068,1
ICBHI_186_2b2_PR_001,ICBHI_186_2b2_PR,ICBHI_186,1,ICBHI,AKGC417L,0.9907319866190856,1
ICBHI_186_2b2_PR_002,ICBHI_186_2b2_PR,ICBHI_186,1,ICBHI,AKGC417L,0.9913558220632764,1
ICBHI_186_2b2_PR_003,ICBHI_186_2b2_PR,ICBHI_186,1,ICBHI,AKGC417L,0.992334125311354,1
ICBHI_186_2b2_PR_004,ICBHI_186_2b2_PR,ICBHI_186,1,ICBHI,AKGC417L,0.9928508980334536,1
ICBHI_186_2b2_PR_005,ICBHI_186_2b2_PR,ICBHI_186,1,ICBHI,AKGC417L,0.9924520766240994,1
ICBHI_186_2b2_PR_006,ICBHI_186_2b2_PR,ICBHI_186,1,ICBHI,AKGC417L,0.992334125311354,1
ICBHI_186_2b2_TC_000,ICBHI_186_2b2_TC,ICBHI_186,1,ICBHI,AKGC417L,0.979784031808104,1
ICBHI_186_2b2_TC_001,ICBHI_186_2b2_TC,ICBHI_186,1,ICBHI,AKGC417L,0.9817006677897864,1
ICBHI_186_2b2_TC_002,ICBHI_186_2b2_TC,ICBHI_186,1,ICBHI,AKGC417L,0.9787938797980108,1
ICBHI_186_2b2_TC_003,ICBHI_186_2b2_TC,ICBHI_186,1,ICBHI,AKGC417L,0.9901782070803068,1
ICBHI_186_2b2_TC_004,ICBHI_186_2b2_TC,ICBHI_186,1,ICBHI,AKGC417L,0.9895916858989277,1
ICBHI_186_2b2_TC_005,ICBHI_186_2b2_TC,ICBHI_186,1,ICBHI,AKGC417L,0.970576420036356,1
ICBHI_186_2b2_TC_006,ICBHI_186_2b2_TC,ICBHI_186,1,ICBHI,AKGC417L,0.9791955100493928,1
ICBHI_186_2b3_AL_000,ICBHI_186_2b3_AL,ICBHI_186,1,ICBHI,AKGC417L,0.992481281938568,1
ICBHI_186_2b3_AL_001,ICBHI_186_2b3_AL,ICBHI_186,1,ICBHI,AKGC417L,0.9942474549497629,1
ICBHI_186_2b3_AL_002,ICBHI_186_2b3_AL,ICBHI_186,1,ICBHI,AKGC417L,0.9952632510442234,1
ICBHI_186_2b3_AL_003,ICBHI_186_2b3_AL,ICBHI_186,1,ICBHI,AKGC417L,0.9950177302695786,1
ICBHI_186_2b3_AL_004,ICBHI_186_2b3_AL,ICBHI_186,1,ICBHI,AKGC417L,0.994445075296309,1
ICBHI_186_2b3_AL_005,ICBHI_186_2b3_AL,ICBHI_186,1,ICBHI,AKGC417L,0.9950177302695786,1
ICBHI_186_2b3_AL_006,ICBHI_186_2b3_AL,ICBHI_186,1,ICBHI,AKGC417L,0.99440175138534,1
ICBHI_186_2b3_AR_000,ICBHI_186_2b3_AR,ICBHI_186,1,ICBHI,AKGC417L,0.9866233967726228,1
ICBHI_186_2b3_AR_001,ICBHI_186_2b3_AR,ICBHI_186,1,ICBHI,AKGC417L,0.9933071490757152,1
ICBHI_186_2b3_AR_002,ICBHI_186_2b3_AR,ICBHI_186,1,ICBHI,AKGC417L,0.991684221522526,1
ICBHI_186_2b3_AR_003,ICBHI_186_2b3_AR,ICBHI_186,1,ICBHI,AKGC417L,0.9913558220632764,1
ICBHI_186_2b3_AR_004,ICBHI_186_2b3_AR,ICBHI_186,1,ICBHI,AKGC417L,0.9904775143296634,1
ICBHI_186_2b3_AR_005,ICBHI_186_2b3_AR,ICBHI_186,1,ICBHI,AKGC417L,0.9923637835053328,1
ICBHI_186_2b3_AR_006,ICBHI_186_2b3_AR,ICBHI_186,1,ICBHI,AKGC417L,0.9918437513730266,1
ICBHI_186_2b3_LR_000,ICBHI_186_2b3_LR,ICBHI_186,1,ICBHI,AKGC417L,0.9897909456811916,1
ICBHI_186_2b3_LR_001,ICBHI_186_2b3_LR,ICBHI_186,1,ICBHI,AKGC417L,0.9920620058985926,1
ICBHI_186_2b3_LR_002,ICBHI_186_2b3_LR,ICBHI_186,1,ICBHI,AKGC417L,0.9918437513730266,1
ICBHI_186_2b3_LR_003,ICBHI_186_2b3_LR,ICBHI_186,1,ICBHI,AKGC417L,0.991118324899153,1
ICBHI_186_2b3_LR_004,ICBHI_186_2b3_LR,ICBHI_186,1,ICBHI,AKGC417L,0.9913558220632764,1
ICBHI_186_2b3_LR_005,ICBHI_186_2b3_LR,ICBHI_186,1,ICBHI,AKGC417L,0.9909096166863416,1
ICBHI_186_2b3_LR_006,ICBHI_186_2b3_LR,ICBHI_186,1,ICBHI,AKGC417L,0.990403545267618,1
ICBHI_186_2b3_PL_000,ICBHI_186_2b3_PL,ICBHI_186,1,ICBHI,AKGC417L,0.992767236196521,1
ICBHI_186_2b3_PL_001,ICBHI_186_2b3_PL,ICBHI_186,1,ICBHI,AKGC417L,0.9933588873579224,1
ICBHI_186_2b3_PL_002,ICBHI_186_2b3_PL,ICBHI_186,1,ICBHI,AKGC417L,0.9934357507792256,1
ICBHI_186_2b3_PL_003,ICBHI_186_2b3_PL,ICBHI_186,1,ICBHI,AKGC417L,0.9925969859111274,1
ICBHI_186_2b3_PL_004,ICBHI_186_2b3_PL,ICBHI_186,1,ICBHI,AKGC417L,0.9921537607074792,1
ICBHI_186_2b3_PL_005,ICBHI_186_2b3_PL,ICBHI_186,1,ICBHI,AKGC417L,0.9922744656025764,1
ICBHI_186_2b3_PL_006,ICBHI_186_2b3_PL,ICBHI_186,1,ICBHI,AKGC417L,0.993096161928778,1
ICBHI_186_2b3_PR_000,ICBHI_186_2b3_PR,ICBHI_186,1,ICBHI,AKGC417L,0.99101457124744,1
ICBHI_186_2b3_PR_001,ICBHI_186_2b3_PR,ICBHI_186,1,ICBHI,AKGC417L,0.9917163731139697,1
ICBHI_186_2b3_PR_002,ICBHI_186_2b3_PR,ICBHI_186,1,ICBHI,AKGC417L,0.9913558220632764,1
ICBHI_186_2b3_PR_003,ICBHI_186_2b3_PR,ICBHI_186,1,ICBHI,AKGC417L,0.990253895947446,1
ICBHI_186_2b3_PR_004,ICBHI_186_2b3_PR,ICBHI_186,1,ICBHI,AKGC417L,0.9911526449170696,1
ICBHI_186_2b3_PR_005,ICBHI_186_2b3_PR,ICBHI_186,1,ICBHI,AKGC417L,0.9918437513730266,1
ICBHI_186_2b3_PR_006,ICBHI_186_2b3_PR,ICBHI_186,1,ICBHI,AKGC417L,0.9915870224290224,1
ICBHI_186_2b3_TC_000,ICBHI_186_2b3_TC,ICBHI_186,1,ICBHI,AKGC417L,0.9764007056485348,1
ICBHI_186_2b3_TC_001,ICBHI_186_2b3_TC,ICBHI_186,1,ICBHI,AKGC417L,0.9697281305754024,1
ICBHI_186_2b3_TC_002,ICBHI_186_2b3_TC,ICBHI_186,1,ICBHI,AKGC417L,0.9805061282729682,1
ICBHI_186_2b3_TC_003,ICBHI_186_2b3_TC,ICBHI_186,1,ICBHI,AKGC417L,0.9880389017501904,1
ICBHI_186_2b3_TC_004,ICBHI_186_2b3_TC,ICBHI_186,1,ICBHI,AKGC417L,0.9891396689867225,1
ICBHI_186_2b3_TC_005,ICBHI_186_2b3_TC,ICBHI_186,1,ICBHI,AKGC417L,0.987992649452366,1
ICBHI_186_2b3_TC_006,ICBHI_186_2b3_TC,ICBHI_186,1,ICBHI,AKGC417L,0.9853279650847626,1
ICBHI_186_2b4_AL_000,ICBHI_186_2b4_AL,ICBHI_186,1,ICBHI,AKGC417L,0.9938787187092716,1
ICBHI_186_2b4_AL_001,ICBHI_186_2b4_AL,ICBHI_186,1,ICBHI,AKGC417L,0.9923933278354768,1
ICBHI_186_2b4_AL_002,ICBHI_186_2b4_AL,ICBHI_186,1,ICBHI,AKGC417L,0.9923933278354768,1
ICBHI_186_2b4_AL_003,ICBHI_186_2b4_AL,ICBHI_186,1,ICBHI,AKGC417L,0.9940659331606164,1
ICBHI_186_2b4_AL_004,ICBHI_186_2b4_AL,ICBHI_186,1,ICBHI,AKGC417L,0.9938787187092716,1
ICBHI_186_2b4_AL_005,ICBHI_186_2b4_AL,ICBHI_186,1,ICBHI,AKGC417L,0.9932811299991624,1
ICBHI_186_2b4_AL_006,ICBHI_186_2b4_AL,ICBHI_186,1,ICBHI,AKGC417L,0.9921232932834126,1
ICBHI_186_2b4_AR_000,ICBHI_186_2b4_AR,ICBHI_186,1,ICBHI,AKGC417L,0.9912548183179648,1
ICBHI_186_2b4_AR_001,ICBHI_186_2b4_AR,ICBHI_186,1,ICBHI,AKGC417L,0.9929335990367508,1
ICBHI_186_2b4_AR_002,ICBHI_186_2b4_AR,ICBHI_186,1,ICBHI,AKGC417L,0.9933071490757152,1
ICBHI_186_2b4_AR_003,ICBHI_186_2b4_AR,ICBHI_186,1,ICBHI,AKGC417L,0.991619546648974,1
ICBHI_186_2b4_AR_004,ICBHI_186_2b4_AR,ICBHI_186,1,ICBHI,AKGC417L,0.985496420308618,1
ICBHI_186_2b4_AR_005,ICBHI_186_2b4_AR,ICBHI_186,1,ICBHI,AKGC417L,0.9848692716928064,1
ICBHI_186_2b4_AR_006,ICBHI_186_2b4_AR,ICBHI_186,1,ICBHI,AKGC417L,0.9938549079159148,1
ICBHI_186_2b4_LR_000,ICBHI_186_2b4_LR,ICBHI_186,1,ICBHI,AKGC417L,0.9925969859111274,1
ICBHI_186_2b4_LR_001,ICBHI_186_2b4_LR,ICBHI_186,1,ICBHI,AKGC417L,0.992710922416408,1
ICBHI_186_2b4_LR_002,ICBHI_186_2b4_LR,ICBHI_186,1,ICBHI,AKGC417L,0.9925103751011916,1
ICBHI_186_2b4_LR_003,ICBHI_186_2b4_LR,ICBHI_186,1,ICBHI,AKGC417L,0.9919067101026268,1
ICBHI_186_2b4_LR_004,ICBHI_186_2b4_LR,ICBHI_186,1,ICBHI,AKGC417L,0.992767236196521,1
ICBHI_186_2b4_LR_005,ICBHI_186_2b4_LR,ICBHI_186,1,ICBHI,AKGC417L,0.9921232932834126,1
ICBHI_186_2b4_LR_006,ICBHI_186_2b4_LR,ICBHI_186,1,ICBHI,AKGC417L,0.992481281938568,1
ICBHI_186_2b4_PL_000,ICBHI_186_2b4_PL,ICBHI_186,1,ICBHI,AKGC417L,0.9921537607074792,1
ICBHI_186_2b4_PL_001,ICBHI_186_2b4_PL,ICBHI_186,1,ICBHI,AKGC417L,0.9920620058985926,1
ICBHI_186_2b4_PL_002,ICBHI_186_2b4_PL,ICBHI_186,1,ICBHI,AKGC417L,0.9928508980334536,1
ICBHI_186_2b4_PL_003,ICBHI_186_2b4_PL,ICBHI_186,1,ICBHI,AKGC417L,0.9934357507792256,1
ICBHI_186_2b4_PL_004,ICBHI_186_2b4_PL,ICBHI_186,1,ICBHI,AKGC417L,0.993486501440332,1
ICBHI_186_2b4_PL_005,ICBHI_186_2b4_PL,ICBHI_186,1,ICBHI,AKGC417L,0.9926256346917622,1
ICBHI_186_2b4_PL_006,ICBHI_186_2b4_PL,ICBHI_186,1,ICBHI,AKGC417L,0.9932811299991624,1
ICBHI_186_2b4_PR_000,ICBHI_186_2b4_PR,ICBHI_186,1,ICBHI,AKGC417L,0.9909797204985978,1
ICBHI_186_2b4_PR_001,ICBHI_186_2b4_PR,ICBHI_186,1,ICBHI,AKGC417L,0.991684221522526,1
ICBHI_186_2b4_PR_002,ICBHI_186_2b4_PR,ICBHI_186,1,ICBHI,AKGC417L,0.992214345234632,1
ICBHI_186_2b4_PR_003,ICBHI_186_2b4_PR,ICBHI_186,1,ICBHI,AKGC417L,0.990216123982345,1
ICBHI_186_2b4_PR_004,ICBHI_186_2b4_PR,ICBHI_186,1,ICBHI,AKGC417L,0.9906237625491514,1
ICBHI_186_2b4_PR_005,ICBHI_186_2b4_PR,ICBHI_186,1,ICBHI,AKGC417L,0.9914886969734374,1
ICBHI_186_2b4_PR_006,ICBHI_186_2b4_PR,ICBHI_186,1,ICBHI,AKGC417L,0.9919067101026268,1
ICBHI_186_2b4_TC_000,ICBHI_186_2b4_TC,ICBHI_186,1,ICBHI,AKGC417L,0.9834068220804096,1
ICBHI_186_2b4_TC_001,ICBHI_186_2b4_TC,ICBHI_186,1,ICBHI,AKGC417L,0.9817707096048712,1
ICBHI_186_2b4_TC_002,ICBHI_186_2b4_TC,ICBHI_186,1,ICBHI,AKGC417L,0.9887987866239216,1
ICBHI_186_2b4_TC_003,ICBHI_186_2b4_TC,ICBHI_186,1,ICBHI,AKGC417L,0.9888849862785224,1
ICBHI_186_2b4_TC_004,ICBHI_186_2b4_TC,ICBHI_186,1,ICBHI,AKGC417L,0.9731387971923422,1
ICBHI_186_2b4_TC_005,ICBHI_186_2b4_TC,ICBHI_186,1,ICBHI,AKGC417L,0.9683213752172553,1
ICBHI_186_2b4_TC_006,ICBHI_186_2b4_TC,ICBHI_186,1,ICBHI,AKGC417L,0.9843964652097964,1
ICBHI_186_3b3_AL_000,ICBHI_186_3b3_AL,ICBHI_186,1,ICBHI,AKGC417L,0.9920927084953716,1
ICBHI_186_3b3_AL_001,ICBHI_186_3b3_AL,ICBHI_186,1,ICBHI,AKGC417L,0.9932811299991624,1
ICBHI_186_3b3_AL_002,ICBHI_186_3b3_AL,ICBHI_186,1,ICBHI,AKGC417L,0.9932287900693888,1
ICBHI_186_3b3_AL_003,ICBHI_186_3b3_AL,ICBHI_186,1,ICBHI,AKGC417L,0.9922744656025764,1
ICBHI_186_3b3_AL_004,ICBHI_186_3b3_AL,ICBHI_186,1,ICBHI,AKGC417L,0.9927952309111312,1
ICBHI_186_3b3_AL_005,ICBHI_186_3b3_AL,ICBHI_186,1,ICBHI,AKGC417L,0.991780306938032,1
ICBHI_186_3b3_AL_006,ICBHI_186_3b3_AL,ICBHI_186,1,ICBHI,AKGC417L,0.9922744656025764,1
ICBHI_186_3b3_AR_000,ICBHI_186_3b3_AR,ICBHI_186,1,ICBHI,AKGC417L,0.9839091258071756,1
ICBHI_186_3b3_AR_001,ICBHI_186_3b3_AR,ICBHI_186,1,ICBHI,AKGC417L,0.9878996141864552,1
ICBHI_186_3b3_AR_002,ICBHI_186_3b3_AR,ICBHI_186,1,ICBHI,AKGC417L,0.9911526449170696,1
ICBHI_186_3b3_AR_003,ICBHI_186_3b3_AR,ICBHI_186,1,ICBHI,AKGC417L,0.985990433713597,1
ICBHI_186_3b3_AR_004,ICBHI_186_3b3_AR,ICBHI_186,1,ICBHI,AKGC417L,0.9841546388118628,1
ICBHI_186_3b3_AR_005,ICBHI_186_3b3_AR,ICBHI_186,1,ICBHI,AKGC417L,0.9901019362839764,1
ICBHI_186_3b3_AR_006,ICBHI_186_3b3_AR,ICBHI_186,1,ICBHI,AKGC417L,0.9846936454393052,1
ICBHI_186_3b3_LR_000,ICBHI_186_3b3_LR,ICBHI_186,1,ICBHI,AKGC417L,0.9895916858989277,1
ICBHI_186_3b3_LR_001,ICBHI_186_3b3_LR,ICBHI_186,1,ICBHI,AKGC417L,0.9906960501316064,1
ICBHI_186_3b3_LR_002,ICBHI_186_3b3_LR,ICBHI_186,1,ICBHI,AKGC417L,0.991049288563118,1
ICBHI_186_3b3_LR_003,ICBHI_186_3b3_LR,ICBHI_186,1,ICBHI,AKGC417L,0.990659975614946,1
ICBHI_186_3b3_LR_004,ICBHI_186_3b3_LR,ICBHI_186,1,ICBHI,AKGC417L,0.9911526449170696,1
ICBHI_186_3b3_LR_005,ICBHI_186_3b3_LR,ICBHI_186,1,ICBHI,AKGC417L,0.9912208911330882,1
ICBHI_186_3b3_LR_006,ICBHI_186_3b3_LR,ICBHI_186,1,ICBHI,AKGC417L,0.9908034475769532,1
ICBHI_186_3b3_PL_000,ICBHI_186_3b3_PL,ICBHI_186,1,ICBHI,AKGC417L,0.990253895947446,1
ICBHI_186_3b3_PL_001,ICBHI_186_3b3_PL,ICBHI_186,1,ICBHI,AKGC417L,0.991118324899153,1
ICBHI_186_3b3_PL_002,ICBHI_186_3b3_PL,ICBHI_186,1,ICBHI,AKGC417L,0.9893885786697612,1
ICBHI_186_3b3_PL_003,ICBHI_186_3b3_PL,ICBHI_186,1,ICBHI,AKGC417L,0.989510908740062,1
ICBHI_186_3b3_PL_004,ICBHI_186_3b3_PL,ICBHI_186,1,ICBHI,AKGC417L,0.9906237625491514,1
ICBHI_186_3b3_PL_005,ICBHI_186_3b3_PL,ICBHI_186,1,ICBHI,AKGC417L,0.990838973077906,1
ICBHI_186_3b3_PL_006,ICBHI_186_3b3_PL,ICBHI_186,1,ICBHI,AKGC417L,0.98922327394992,1
ICBHI_186_3b3_PR_000,ICBHI_186_3b3_PR,ICBHI_186,1,ICBHI,AKGC417L,0.9885803853543514,1
ICBHI_186_3b3_PR_001,ICBHI_186_3b3_PR,ICBHI_186,1,ICBHI,AKGC417L,0.991780306938032,1
ICBHI_186_3b3_PR_002,ICBHI_186_3b3_PR,ICBHI_186,1,ICBHI,AKGC417L,0.9909096166863416,1
ICBHI_186_3b3_PR_003,ICBHI_186_3b3_PR,ICBHI_186,1,ICBHI,AKGC417L,0.9897116988662836,1
ICBHI_186_3b3_PR_004,ICBHI_186_3b3_PR,ICBHI_186,1,ICBHI,AKGC417L,0.9892648373909092,1
ICBHI_186_3b3_PR_005,ICBHI_186_3b3_PR,ICBHI_186,1,ICBHI,AKGC417L,0.9891815513471368,1
ICBHI_186_3b3_PR_006,ICBHI_186_3b3_PR,ICBHI_186,1,ICBHI,AKGC417L,0.98922327394992,1
ICBHI_186_3b3_TC_000,ICBHI_186_3b3_TC,ICBHI_186,1,ICBHI,AKGC417L,0.9630919338027948,1
ICBHI_186_3b3_TC_001,ICBHI_186_3b3_TC,ICBHI_186,1,ICBHI,AKGC417L,0.941439173126251,1
ICBHI_186_3b3_TC_002,ICBHI_186_3b3_TC,ICBHI_186,1,ICBHI,AKGC417L,0.983847165177859,1
ICBHI_186_3b3_TC_003,ICBHI_186_3b3_TC,ICBHI_186,1,ICBHI,AKGC417L,0.9874236517231209,1
ICBHI_186_3b3_TC_004,ICBHI_186_3b3_TC,ICBHI_186,1,ICBHI,AKGC417L,0.9799765587105448,1
ICBHI_186_3b3_TC_005,ICBHI_186_3b3_TC,ICBHI_186,1,ICBHI,AKGC417L,0.985496420308618,1
ICBHI_186_3b3_TC_006,ICBHI_186_3b3_TC,ICBHI_186,1,ICBHI,AKGC417L,0.9886682464686384,1
ICBHI_207_2b2_AL_000,ICBHI_207_2b2_AL,ICBHI_207,1,ICBHI,AKGC417L,0.9293122085569836,1
ICBHI_207_2b2_AL_001,ICBHI_207_2b2_AL,ICBHI_207,1,ICBHI,AKGC417L,0.9741903779656884,1
ICBHI_207_2b2_AL_002,ICBHI_207_2b2_AL,ICBHI_207,1,ICBHI,AKGC417L,0.971401639453534,1
ICBHI_207_2b2_AL_003,ICBHI_207_2b2_AL,ICBHI_207,1,ICBHI,AKGC417L,0.9691494910279632,1
ICBHI_207_2b2_AL_004,ICBHI_207_2b2_AL,ICBHI_207,1,ICBHI,AKGC417L,0.9837225390872864,1
ICBHI_207_2b2_AL_005,ICBHI_207_2b2_AL,ICBHI_207,1,ICBHI,AKGC417L,0.9514137919629646,1
ICBHI_207_2b2_AL_006,ICBHI_207_2b2_AL,ICBHI_207,1,ICBHI,AKGC417L,0.9693822208597556,1
ICBHI_207_2b2_AR_000,ICBHI_207_2b2_AR,ICBHI_207,1,ICBHI,AKGC417L,0.9319595797274408,1
ICBHI_207_2b2_AR_001,ICBHI_207_2b2_AR,ICBHI_207,1,ICBHI,AKGC417L,0.9644556024735852,1
ICBHI_207_2b2_AR_002,ICBHI_207_2b2_AR,ICBHI_207,1,ICBHI,AKGC417L,0.9594592615365182,1
ICBHI_207_2b2_AR_003,ICBHI_207_2b2_AR,ICBHI_207,1,ICBHI,AKGC417L,0.9512329045230108,1
ICBHI_207_2b2_AR_004,ICBHI_207_2b2_AR,ICBHI_207,1,ICBHI,AKGC417L,0.9519526413943112,1
ICBHI_207_2b2_AR_005,ICBHI_207_2b2_AR,ICBHI_207,1,ICBHI,AKGC417L,0.9731387971923422,1
ICBHI_207_2b2_AR_006,ICBHI_207_2b2_AR,ICBHI_207,1,ICBHI,AKGC417L,0.9716178771000952,1
ICBHI_207_2b2_PL_000,ICBHI_207_2b2_PL,ICBHI_207,1,ICBHI,AKGC417L,0.987711402470298,1
ICBHI_207_2b2_PL_001,ICBHI_207_2b2_PL,ICBHI_207,1,ICBHI,AKGC417L,0.989510908740062,1
ICBHI_207_2b2_PL_002,ICBHI_207_2b2_PL,ICBHI_207,1,ICBHI,AKGC417L,0.9893885786697612,1
ICBHI_207_2b2_PL_003,ICBHI_207_2b2_PL,ICBHI_207,1,ICBHI,AKGC417L,0.991186833496954,1
ICBHI_207_2b2_PL_004,ICBHI_207_2b2_PL,ICBHI_207,1,ICBHI,AKGC417L,0.9919380084717284,1
ICBHI_207_2b2_PL_005,ICBHI_207_2b2_PL,ICBHI_207,1,ICBHI,AKGC417L,0.990253895947446,1
ICBHI_207_2b2_PL_006,ICBHI_207_2b2_PL,ICBHI_207,1,ICBHI,AKGC417L,0.9881308789536604,1
ICBHI_207_2b2_PR_000,ICBHI_207_2b2_PR,ICBHI_207,1,ICBHI,AKGC417L,0.989947631342032,1
ICBHI_207_2b2_PR_001,ICBHI_207_2b2_PR,ICBHI_207,1,ICBHI,AKGC417L,0.9914556693065582,1
ICBHI_207_2b2_PR_002,ICBHI_207_2b2_PR,ICBHI_207,1,ICBHI,AKGC417L,0.9913892323324892,1
ICBHI_207_2b2_PR_003,ICBHI_207_2b2_PR,ICBHI_207,1,ICBHI,AKGC417L,0.9913892323324892,1
ICBHI_207_2b2_PR_004,ICBHI_207_2b2_PR,ICBHI_207,1,ICBHI,AKGC417L,0.9898695883364156,1
ICBHI_207_2b2_PR_005,ICBHI_207_2b2_PR,ICBHI_207,1,ICBHI,AKGC417L,0.9907677855954636,1
ICBHI_207_2b2_PR_006,ICBHI_207_2b2_PR,ICBHI_207,1,ICBHI,AKGC417L,0.990291523518526,1
ICBHI_207_2b2_TC_000,ICBHI_207_2b2_TC,ICBHI_207,1,ICBHI,AKGC417L,0.6844749696763718,1
ICBHI_207_2b2_TC_001,ICBHI_207_2b2_TC,ICBHI_207,1,ICBHI,AKGC417L,0.3553273651913664,1
ICBHI_207_2b2_TC_002,ICBHI_207_2b2_TC,ICBHI_207,1,ICBHI,AKGC417L,0.0180207399318469,1
ICBHI_207_2b2_TC_003,ICBHI_207_2b2_TC,ICBHI_207,1,ICBHI,AKGC417L,0.8787311222597683,1
ICBHI_207_2b2_TC_004,ICBHI_207_2b2_TC,ICBHI_207,1,ICBHI,AKGC417L,0.9284088005554476,1
ICBHI_207_2b2_TC_005,ICBHI_207_2b2_TC,ICBHI_207,1,ICBHI,AKGC417L,0.6761923970034418,1
ICBHI_207_2b2_TC_006,ICBHI_207_2b2_TC,ICBHI_207,1,ICBHI,AKGC417L,0.9466953173537304,1
ICBHI_207_2b3_AL_000,ICBHI_207_2b3_AL,ICBHI_207,1,ICBHI,AKGC417L,0.921781129173075,1
ICBHI_207_2b3_AL_001,ICBHI_207_2b3_AL,ICBHI_207,1,ICBHI,AKGC417L,0.9724670607386878,1
ICBHI_207_2b3_AL_002,ICBHI_207_2b3_AL,ICBHI_207,1,ICBHI,AKGC417L,0.958382202225562,1
ICBHI_207_2b3_AL_003,ICBHI_207_2b3_AL,ICBHI_207,1,ICBHI,AKGC417L,0.962743232064167,1
ICBHI_207_2b3_AL_004,ICBHI_207_2b3_AL,ICBHI_207,1,ICBHI,AKGC417L,0.9569571506599678,1
ICBHI_207_2b3_AL_005,ICBHI_207_2b3_AL,ICBHI_207,1,ICBHI,AKGC417L,0.9607312480728336,1
ICBHI_207_2b3_AL_006,ICBHI_207_2b3_AL,ICBHI_207,1,ICBHI,AKGC417L,0.9121235618881308,1
ICBHI_207_2b3_AR_000,ICBHI_207_2b3_AR,ICBHI_207,1,ICBHI,AKGC417L,0.96557645058735,1
ICBHI_207_2b3_AR_001,ICBHI_207_2b3_AR,ICBHI_207,1,ICBHI,AKGC417L,0.8560919364922251,1
ICBHI_207_2b3_AR_002,ICBHI_207_2b3_AR,ICBHI_207,1,ICBHI,AKGC417L,0.8392075633860248,1
ICBHI_207_2b3_AR_003,ICBHI_207_2b3_AR,ICBHI_207,1,ICBHI,AKGC417L,0.8051730214343621,1
ICBHI_207_2b3_AR_004,ICBHI_207_2b3_AR,ICBHI_207,1,ICBHI,AKGC417L,0.9162595947543866,1
ICBHI_207_2b3_AR_005,ICBHI_207_2b3_AR,ICBHI_207,1,ICBHI,AKGC417L,0.8403900110513648,1
ICBHI_207_2b3_AR_006,ICBHI_207_2b3_AR,ICBHI_207,1,ICBHI,AKGC417L,0.8770562019377661,1
ICBHI_207_2b3_PL_000,ICBHI_207_2b3_PL,ICBHI_207,1,ICBHI,AKGC417L,0.990944735813278,1
ICBHI_207_2b3_PL_001,ICBHI_207_2b3_PL,ICBHI_207,1,ICBHI,AKGC417L,0.9917163731139697,1
ICBHI_207_2b3_PL_002,ICBHI_207_2b3_PL,ICBHI_207,1,ICBHI,AKGC417L,0.9930693283432538,1
ICBHI_207_2b3_PL_003,ICBHI_207_2b3_PL,ICBHI_207,1,ICBHI,AKGC417L,0.9919067101026268,1
ICBHI_207_2b3_PL_004,ICBHI_207_2b3_PL,ICBHI_207,1,ICBHI,AKGC417L,0.9893062422638244,1
ICBHI_207_2b3_PL_005,ICBHI_207_2b3_PL,ICBHI_207,1,ICBHI,AKGC417L,0.9904775143296634,1
ICBHI_207_2b3_PL_006,ICBHI_207_2b3_PL,ICBHI_207,1,ICBHI,AKGC417L,0.9887987866239216,1
ICBHI_207_2b3_PR_000,ICBHI_207_2b3_PR,ICBHI_207,1,ICBHI,AKGC417L,0.9908743626108194,1
ICBHI_207_2b3_PR_001,ICBHI_207_2b3_PR,ICBHI_207,1,ICBHI,AKGC417L,0.9912886155422944,1
ICBHI_207_2b3_PR_002,ICBHI_207_2b3_PR,ICBHI_207,1,ICBHI,AKGC417L,0.9901401446964612,1
ICBHI_207_2b3_PR_003,ICBHI_207_2b3_PR,ICBHI_207,1,ICBHI,AKGC417L,0.9900635812940538,1
ICBHI_207_2b3_PR_004,ICBHI_207_2b3_PR,ICBHI_207,1,ICBHI,AKGC417L,0.991118324899153,1
ICBHI_207_2b3_PR_005,ICBHI_207_2b3_PR,ICBHI_207,1,ICBHI,AKGC417L,0.9908743626108194,1
ICBHI_207_2b3_PR_006,ICBHI_207_2b3_PR,ICBHI_207,1,ICBHI,AKGC417L,0.9903663476405536,1
ICBHI_207_2b3_TC_000,ICBHI_207_2b3_TC,ICBHI_207,1,ICBHI,AKGC417L,0.9881308789536604,1
ICBHI_207_2b3_TC_001,ICBHI_207_2b3_TC,ICBHI_207,1,ICBHI,AKGC417L,0.9818056317790944,1
ICBHI_207_2b3_TC_002,ICBHI_207_2b3_TC,ICBHI_207,1,ICBHI,AKGC417L,0.9740426428022032,1
ICBHI_207_2b3_TC_003,ICBHI_207_2b3_TC,ICBHI_207,1,ICBHI,AKGC417L,0.9635748473593744,1
ICBHI_207_2b3_TC_004,ICBHI_207_2b3_TC,ICBHI_207,1,ICBHI,AKGC417L,0.9822196099268892,1
ICBHI_207_2b3_TC_005,ICBHI_207_2b3_TC,ICBHI_207,1,ICBHI,AKGC417L,0.952925824178976,1
ICBHI_207_2b3_TC_006,ICBHI_207_2b3_TC,ICBHI_207,1,ICBHI,AKGC417L,0.9778834111979204,1
ICBHI_207_2b4_AL_000,ICBHI_207_2b4_AL,ICBHI_207,1,ICBHI,AKGC417L,0.9777987710969442,1
ICBHI_207_2b4_AL_001,ICBHI_207_2b4_AL,ICBHI_207,1,ICBHI,AKGC417L,0.8762113062841353,1
ICBHI_207_2b4_AL_002,ICBHI_207_2b4_AL,ICBHI_207,1,ICBHI,AKGC417L,0.6666053112193858,1
ICBHI_207_2b4_AL_003,ICBHI_207_2b4_AL,ICBHI_207,1,ICBHI,AKGC417L,0.9531879687361164,1
ICBHI_207_2b4_AL_004,ICBHI_207_2b4_AL,ICBHI_207,1,ICBHI,AKGC417L,0.9711838031967466,1
ICBHI_207_2b4_AL_005,ICBHI_207_2b4_AL,ICBHI_207,1,ICBHI,AKGC417L,0.9812748375316978,1
ICBHI_207_2b4_AL_006,ICBHI_207_2b4_AL,ICBHI_207,1,ICBHI,AKGC417L,0.9890130573694068,1
ICBHI_207_2b4_AR_000,ICBHI_207_2b4_AR,ICBHI_207,1,ICBHI,AKGC417L,0.9442797128028252,1
ICBHI_207_2b4_AR_001,ICBHI_207_2b4_AR,ICBHI_207,1,ICBHI,AKGC417L,0.959230733755612,1
ICBHI_207_2b4_AR_002,ICBHI_207_2b4_AR,ICBHI_207,1,ICBHI,AKGC417L,0.9514137919629646,1
ICBHI_207_2b4_AR_003,ICBHI_207_2b4_AR,ICBHI_207,1,ICBHI,AKGC417L,0.9628830911922404,1
ICBHI_207_2b4_AR_004,ICBHI_207_2b4_AR,ICBHI_207,1,ICBHI,AKGC417L,0.980949100414177,1
ICBHI_207_2b4_AR_005,ICBHI_207_2b4_AR,ICBHI_207,1,ICBHI,AKGC417L,0.9697281305754024,1
ICBHI_207_2b4_AR_006,ICBHI_207_2b4_AR,ICBHI_207,1,ICBHI,AKGC417L,0.9849852519941804,1
ICBHI_207_2b4_PL_000,ICBHI_207_2b4_PL,ICBHI_207,1,ICBHI,AKGC417L,0.990253895947446,1
ICBHI_207_2b4_PL_001,ICBHI_207_2b4_PL,ICBHI_207,1,ICBHI,AKGC417L,0.9904406006529084,1
ICBHI_207_2b4_PL_002,ICBHI_207_2b4_PL,ICBHI_207,1,ICBHI,AKGC417L,0.991684221522526,1
ICBHI_207_2b4_PL_003,ICBHI_207_2b4_PL,ICBHI_207,1,ICBHI,AKGC417L,0.9919067101026268,1
ICBHI_207_2b4_PL_004,ICBHI_207_2b4_PL,ICBHI_207,1,ICBHI,AKGC417L,0.990253895947446,1
ICBHI_207_2b4_PL_005,ICBHI_207_2b4_PL,ICBHI_207,1,ICBHI,AKGC417L,0.991049288563118,1
ICBHI_207_2b4_PL_006,ICBHI_207_2b4_PL,ICBHI_207,1,ICBHI,AKGC417L,0.991422514586288,1
ICBHI_207_2b4_PR_000,ICBHI_207_2b4_PR,ICBHI_207,1,ICBHI,AKGC417L,0.990253895947446,1
ICBHI_207_2b4_PR_001,ICBHI_207_2b4_PR,ICBHI_207,1,ICBHI,AKGC417L,0.991554373058874,1
ICBHI_207_2b4_PR_002,ICBHI_207_2b4_PR,ICBHI_207,1,ICBHI,AKGC417L,0.9906960501316064,1
ICBHI_207_2b4_PR_003,ICBHI_207_2b4_PR,ICBHI_207,1,ICBHI,AKGC417L,0.99058741041239,1
ICBHI_207_2b4_PR_004,ICBHI_207_2b4_PR,ICBHI_207,1,ICBHI,AKGC417L,0.9913222832950108,1
ICBHI_207_2b4_PR_005,ICBHI_207_2b4_PR,ICBHI_207,1,ICBHI,AKGC417L,0.9906237625491514,1
ICBHI_207_2b4_PR_006,ICBHI_207_2b4_PR,ICBHI_207,1,ICBHI,AKGC417L,0.991083872947128,1
ICBHI_207_2b4_TC_000,ICBHI_207_2b4_TC,ICBHI_207,1,ICBHI,AKGC417L,0.952925824178976,1
ICBHI_207_2b4_TC_001,ICBHI_207_2b4_TC,ICBHI_207,1,ICBHI,AKGC417L,0.93096207182521,1
ICBHI_207_2b4_TC_002,ICBHI_207_2b4_TC,ICBHI_207,1,ICBHI,AKGC417L,0.9796676466573412,1
ICBHI_207_2b4_TC_003,ICBHI_207_2b4_TC,ICBHI_207,1,ICBHI,AKGC417L,0.9892648373909092,1
ICBHI_207_2b4_TC_004,ICBHI_207_2b4_TC,ICBHI_207,1,ICBHI,AKGC417L,0.9802808718926534,1
ICBHI_207_2b4_TC_005,ICBHI_207_2b4_TC,ICBHI_207,1,ICBHI,AKGC417L,0.9824904426504252,1
ICBHI_207_2b4_TC_006,ICBHI_207_2b4_TC,ICBHI_207,1,ICBHI,AKGC417L,0.9845754479181588,1
ICBHI_207_3b2_AL_000,ICBHI_207_3b2_AL,ICBHI_207,1,ICBHI,AKGC417L,0.97241471777321,1
ICBHI_207_3b2_AL_001,ICBHI_207_3b2_AL,ICBHI_207,1,ICBHI,AKGC417L,0.9643214491222696,1
ICBHI_207_3b2_AL_002,ICBHI_207_3b2_AL,ICBHI_207,1,ICBHI,AKGC417L,0.9359345675826196,1
ICBHI_207_3b2_AL_003,ICBHI_207_3b2_AL,ICBHI_207,1,ICBHI,AKGC417L,0.9417613746890242,1
ICBHI_207_3b2_AL_004,ICBHI_207_3b2_AL,ICBHI_207,1,ICBHI,AKGC417L,0.93096207182521,1
ICBHI_207_3b2_AL_005,ICBHI_207_3b2_AL,ICBHI_207,1,ICBHI,AKGC417L,0.9618217257384336,1
ICBHI_207_3b2_AL_006,ICBHI_207_3b2_AL,ICBHI_207,1,ICBHI,AKGC417L,0.9539660976007596,1
ICBHI_207_3b2_AR_000,ICBHI_207_3b2_AR,ICBHI_207,1,ICBHI,AKGC417L,0.9689738206081602,1
ICBHI_207_3b2_AR_001,ICBHI_207_3b2_AR,ICBHI_207,1,ICBHI,AKGC417L,0.982889110788156,1
ICBHI_207_3b2_AR_002,ICBHI_207_3b2_AR,ICBHI_207,1,ICBHI,AKGC417L,0.9830850867332734,1
ICBHI_207_3b2_AR_003,ICBHI_207_3b2_AR,ICBHI_207,1,ICBHI,AKGC417L,0.983278856294558,1
ICBHI_207_3b2_AR_004,ICBHI_207_3b2_AR,ICBHI_207,1,ICBHI,AKGC417L,0.9851003567309808,1
ICBHI_207_3b2_AR_005,ICBHI_207_3b2_AR,ICBHI_207,1,ICBHI,AKGC417L,0.9846936454393052,1
ICBHI_207_3b2_AR_006,ICBHI_207_3b2_AR,ICBHI_207,1,ICBHI,AKGC417L,0.9852145923076094,1
ICBHI_207_3b2_LR_000,ICBHI_207_3b2_LR,ICBHI_207,1,ICBHI,AKGC417L,0.9891396689867225,1
ICBHI_207_3b2_LR_001,ICBHI_207_3b2_LR,ICBHI_207,1,ICBHI,AKGC417L,0.9894295113796924,1
ICBHI_207_3b2_LR_002,ICBHI_207_3b2_LR,ICBHI_207,1,ICBHI,AKGC417L,0.9896318433492118,1
ICBHI_207_3b2_LR_003,ICBHI_207_3b2_LR,ICBHI_207,1,ICBHI,AKGC417L,0.990291523518526,1
ICBHI_207_3b2_LR_004,ICBHI_207_3b2_LR,ICBHI_207,1,ICBHI,AKGC417L,0.9898695883364156,1
ICBHI_207_3b2_LR_005,ICBHI_207_3b2_LR,ICBHI_207,1,ICBHI,AKGC417L,0.9889278398167658,1
ICBHI_207_3b2_LR_006,ICBHI_207_3b2_LR,ICBHI_207,1,ICBHI,AKGC417L,0.98905542259902,1
ICBHI_207_3b2_PL_000,ICBHI_207_3b2_PL,ICBHI_207,1,ICBHI,AKGC417L,0.989908684514805,1
ICBHI_207_3b2_PL_001,ICBHI_207_3b2_PL,ICBHI_207,1,ICBHI,AKGC417L,0.9896718474806948,1
ICBHI_207_3b2_PL_002,ICBHI_207_3b2_PL,ICBHI_207,1,ICBHI,AKGC417L,0.98636316471857,1
ICBHI_207_3b2_PL_003,ICBHI_207_3b2_PL,ICBHI_207,1,ICBHI,AKGC417L,0.9867771782476948,1
ICBHI_207_3b2_PL_004,ICBHI_207_3b2_PL,ICBHI_207,1,ICBHI,AKGC417L,0.9891396689867225,1
ICBHI_207_3b2_PL_005,ICBHI_207_3b2_PL,ICBHI_207,1,ICBHI,AKGC417L,0.9884473296647792,1
ICBHI_207_3b2_PL_006,ICBHI_207_3b2_PL,ICBHI_207,1,ICBHI,AKGC417L,0.9869292152258128,1
ICBHI_207_3b2_PR_000,ICBHI_207_3b2_PR,ICBHI_207,1,ICBHI,AKGC417L,0.9904406006529084,1
ICBHI_207_3b2_PR_001,ICBHI_207_3b2_PR,ICBHI_207,1,ICBHI,AKGC417L,0.9899864293768268,1
ICBHI_207_3b2_PR_002,ICBHI_207_3b2_PR,ICBHI_207,1,ICBHI,AKGC417L,0.9905509186809448,1
ICBHI_207_3b2_PR_003,ICBHI_207_3b2_PR,ICBHI_207,1,ICBHI,AKGC417L,0.9905509186809448,1
ICBHI_207_3b2_PR_004,ICBHI_207_3b2_PR,ICBHI_207,1,ICBHI,AKGC417L,0.9900635812940538,1
ICBHI_207_3b2_PR_005,ICBHI_207_3b2_PR,ICBHI_207,1,ICBHI,AKGC417L,0.990291523518526,1
ICBHI_207_3b2_PR_006,ICBHI_207_3b2_PR,ICBHI_207,1,ICBHI,AKGC417L,0.9912548183179648,1
ICBHI_207_3b2_TC_000,ICBHI_207_3b2_TC,ICBHI_207,1,ICBHI,AKGC417L,0.947185978662759,1
ICBHI_207_3b2_TC_001,ICBHI_207_3b2_TC,ICBHI_207,1,ICBHI,AKGC417L,0.9577545043363116,1
ICBHI_207_3b2_TC_002,ICBHI_207_3b2_TC,ICBHI_207,1,ICBHI,AKGC417L,0.9599126416289347,1
ICBHI_207_3b2_TC_003,ICBHI_207_3b2_TC,ICBHI_207,1,ICBHI,AKGC417L,0.9399133498259924,1
ICBHI_207_3b2_TC_004,ICBHI_207_3b2_TC,ICBHI_207,1,ICBHI,AKGC417L,0.9044819293520492,1
ICBHI_207_3b2_TC_005,ICBHI_207_3b2_TC,ICBHI_207,1,ICBHI,AKGC417L,0.944994711706546,1
ICBHI_207_3b2_TC_006,ICBHI_207_3b2_TC,ICBHI_207,1,ICBHI,AKGC417L,0.9740426428022032,1
ICBHI_214_1b1_AR_000,ICBHI_214_1b1_AR,ICBHI_214,0,ICBHI,Meditron,0.0018031664077959,1
ICBHI_214_1b1_AR_001,ICBHI_214_1b1_AR,ICBHI_214,0,ICBHI,Meditron,0.0118691210463394,1
ICBHI_214_1b1_AR_002,ICBHI_214_1b1_AR,ICBHI_214,0,ICBHI,Meditron,0.0054905632024992,1
ICBHI_214_1b1_AR_003,ICBHI_214_1b1_AR,ICBHI_214,0,ICBHI,Meditron,0.106504589017239,1
ICBHI_214_1b1_AR_004,ICBHI_214_1b1_AR,ICBHI_214,0,ICBHI,Meditron,0.0880331152888065,1
ICBHI_214_1b1_AR_005,ICBHI_214_1b1_AR,ICBHI_214,0,ICBHI,Meditron,0.0009436192455752,1
ICBHI_218_1b1_AL_000,ICBHI_218_1b1_AL,ICBHI_218,1,ICBHI,Meditron,0.9842760094722643,1
ICBHI_218_1b1_AL_001,ICBHI_218_1b1_AL,ICBHI_218,1,ICBHI,Meditron,0.9870795269609208,1
ICBHI_218_1b1_AL_002,ICBHI_218_1b1_AL,ICBHI_218,1,ICBHI,Meditron,0.9867261125456144,1
ICBHI_218_1b1_AL_003,ICBHI_218_1b1_AL,ICBHI_218,1,ICBHI,Meditron,0.9783846672373524,1
ICBHI_218_1b1_AL_004,ICBHI_218_1b1_AL,ICBHI_218,1,ICBHI,Meditron,0.9849852519941804,1
ICBHI_218_1b1_AL_005,ICBHI_218_1b1_AL,ICBHI_218,1,ICBHI,Meditron,0.9830200077626816,1
ICBHI_218_1b1_AL_006,ICBHI_218_1b1_AL,ICBHI_218,1,ICBHI,Meditron,0.9840936082881852,1
ICBHI_218_1b1_AL_007,ICBHI_218_1b1_AL,ICBHI_218,1,ICBHI,Meditron,0.9882221573114804,1
ICBHI_218_1b1_AL_008,ICBHI_218_1b1_AL,ICBHI_218,1,ICBHI,Meditron,0.9884026381763672,1
ICBHI_218_1b1_AL_009,ICBHI_218_1b1_AL,ICBHI_218,1,ICBHI,Meditron,0.988084978032852,1
ICBHI_218_1b1_AL_010,ICBHI_218_1b1_AL,ICBHI_218,1,ICBHI,Meditron,0.9886243997611625,1
ICBHI_218_1b1_AL_011,ICBHI_218_1b1_AL,ICBHI_218,1,ICBHI,Meditron,0.987711402470298,1
ICBHI_218_1b1_AL_012,ICBHI_218_1b1_AL,ICBHI_218,1,ICBHI,Meditron,0.9853279650847626,1
ICBHI_218_1b1_AL_013,ICBHI_218_1b1_AL,ICBHI_218,1,ICBHI,Meditron,0.9843964652097964,1
ICBHI_218_1b1_AL_014,ICBHI_218_1b1_AL,ICBHI_218,1,ICBHI,Meditron,0.984810951192016,1
ICBHI_218_1b1_AL_015,ICBHI_218_1b1_AL,ICBHI_218,1,ICBHI,Meditron,0.9808025508024198,1
ICBHI_218_1b1_AL_016,ICBHI_218_1b1_AL,ICBHI_218,1,ICBHI,Meditron,0.9814534354878828,1
ICBHI_218_1b1_AL_017,ICBHI_218_1b1_AL,ICBHI_218,1,ICBHI,Meditron,0.988755439279336,1
ICBHI_218_1b1_AL_018,ICBHI_218_1b1_AL,ICBHI_218,1,ICBHI,Meditron,0.9901019362839764,1
ICBHI_218_1b1_AL_019,ICBHI_218_1b1_AL,ICBHI_218,1,ICBHI,Meditron,0.9870795269609208,1
ICBHI_218_1b1_AL_020,ICBHI_218_1b1_AL,ICBHI_218,1,ICBHI,Meditron,0.9822877012965884,1
ICBHI_218_1b1_AL_021,ICBHI_218_1b1_AL,ICBHI_218,1,ICBHI,Meditron,0.9882675360436518,1
ICBHI_218_1b1_AL_022,ICBHI_218_1b1_AL,ICBHI_218,1,ICBHI,Meditron,0.9765800557141248,1
ICBHI_218_1b1_AL_023,ICBHI_218_1b1_AL,ICBHI_218,1,ICBHI,Meditron,0.9813821977381684,1
ICBHI_218_1b1_AL_024,ICBHI_218_1b1_AL,ICBHI_218,1,ICBHI,Meditron,0.9824904426504252,1
ICBHI_218_1b1_AL_025,ICBHI_218_1b1_AL,ICBHI_218,1,ICBHI,Meditron,0.985772953896821,1
ICBHI_218_1b1_AL_026,ICBHI_218_1b1_AL,ICBHI_218,1,ICBHI,Meditron,0.9849852519941804,1
ICBHI_218_1b1_AR_000,ICBHI_218_1b1_AR,ICBHI_218,1,ICBHI,Meditron,0.9881308789536604,1
ICBHI_218_1b1_AR_001,ICBHI_218_1b1_AR,ICBHI_218,1,ICBHI,Meditron,0.9890976262707148,1
ICBHI_218_1b1_AR_002,ICBHI_218_1b1_AR,ICBHI_218,1,ICBHI,Meditron,0.989947631342032,1
ICBHI_218_1b1_AR_003,ICBHI_218_1b1_AR,ICBHI_218,1,ICBHI,Meditron,0.9846936454393052,1
ICBHI_218_1b1_AR_004,ICBHI_218_1b1_AR,ICBHI_218,1,ICBHI,Meditron,0.9543079676184154,1
ICBHI_218_1b1_AR_005,ICBHI_218_1b1_AR,ICBHI_218,1,ICBHI,Meditron,0.9757161305979632,1
ICBHI_218_1b1_AR_006,ICBHI_218_1b1_AR,ICBHI_218,1,ICBHI,Meditron,0.9852713861502774,1
ICBHI_218_1b1_AR_007,ICBHI_218_1b1_AR,ICBHI_218,1,ICBHI,Meditron,0.9874236517231209,1
ICBHI_218_1b1_AR_008,ICBHI_218_1b1_AR,ICBHI_218,1,ICBHI,Meditron,0.9856629695759892,1
ICBHI_218_1b1_AR_009,ICBHI_218_1b1_AR,ICBHI_218,1,ICBHI,Meditron,0.9860979413749408,1
ICBHI_218_1b1_AR_010,ICBHI_218_1b1_AR,ICBHI_218,1,ICBHI,Meditron,0.987711402470298,1
ICBHI_218_1b1_AR_011,ICBHI_218_1b1_AR,ICBHI_218,1,ICBHI,Meditron,0.985496420308618,1
ICBHI_218_1b1_AR_012,ICBHI_218_1b1_AR,ICBHI_218,1,ICBHI,Meditron,0.9869795098861572,1
ICBHI_218_1b1_AR_013,ICBHI_218_1b1_AR,ICBHI_218,1,ICBHI,Meditron,0.9854404813796804,1
ICBHI_218_1b1_AR_014,ICBHI_218_1b1_AR,ICBHI_218,1,ICBHI,Meditron,0.9812748375316978,1
ICBHI_218_1b1_AR_015,ICBHI_218_1b1_AR,ICBHI_218,1,ICBHI,Meditron,0.981979260068153,1
ICBHI_218_1b1_AR_016,ICBHI_218_1b1_AR,ICBHI_218,1,ICBHI,Meditron,0.9869292152258128,1
ICBHI_218_1b1_AR_017,ICBHI_218_1b1_AR,ICBHI_218,1,ICBHI,Meditron,0.9863105223037256,1
ICBHI_218_1b1_AR_018,ICBHI_218_1b1_AR,ICBHI_218,1,ICBHI,Meditron,0.9851003567309808,1
ICBHI_218_1b1_AR_019,ICBHI_218_1b1_AR,ICBHI_218,1,ICBHI,Meditron,0.9869795098861572,1
ICBHI_218_1b1_AR_020,ICBHI_218_1b1_AR,ICBHI_218,1,ICBHI,Meditron,0.9802430819947856,1
ICBHI_218_1b1_AR_021,ICBHI_218_1b1_AR,ICBHI_218,1,ICBHI,Meditron,0.97364464715388,1
ICBHI_218_1b1_AR_022,ICBHI_218_1b1_AR,ICBHI_218,1,ICBHI,Meditron,0.9855521474663976,1
ICBHI_218_1b1_AR_023,ICBHI_218_1b1_AR,ICBHI_218,1,ICBHI,Meditron,0.9818752792555312,1
ICBHI_218_1b1_AR_024,ICBHI_218_1b1_AR,ICBHI_218,1,ICBHI,Meditron,0.9735442241838218,1
ICBHI_218_1b1_AR_025,ICBHI_218_1b1_AR,ICBHI_218,1,ICBHI,Meditron,0.9820137900379085,1
ICBHI_218_1b1_AR_026,ICBHI_218_1b1_AR,ICBHI_218,1,ICBHI,Meditron,0.9800530655725896,1
ICBHI_218_1b1_LR_000,ICBHI_218_1b1_LR,ICBHI_218,1,ICBHI,Meditron,0.974386085430022,1
ICBHI_218_1b1_LR_001,ICBHI_218_1b1_LR,ICBHI_218,1,ICBHI,Meditron,0.9820137900379085,1
ICBHI_218_1b1_LR_002,ICBHI_218_1b1_LR,ICBHI_218,1,ICBHI,Meditron,0.9912886155422944,1
ICBHI_218_1b1_LR_003,ICBHI_218_1b1_LR,ICBHI_218,1,ICBHI,Meditron,0.9887987866239216,1
ICBHI_218_1b1_LR_004,ICBHI_218_1b1_LR,ICBHI_218,1,ICBHI,Meditron,0.975390071374038,1
ICBHI_218_1b1_LR_005,ICBHI_218_1b1_LR,ICBHI_218,1,ICBHI,Meditron,0.978631112244824,1
ICBHI_218_1b1_LR_006,ICBHI_218_1b1_LR,ICBHI_218,1,ICBHI,Meditron,0.9822196099268892,1
ICBHI_218_1b1_LR_007,ICBHI_218_1b1_LR,ICBHI_218,1,ICBHI,Meditron,0.984032346511204,1
ICBHI_218_1b1_LR_008,ICBHI_218_1b1_LR,ICBHI_218,1,ICBHI,Meditron,0.9843964652097964,1
ICBHI_218_1b1_LR_009,ICBHI_218_1b1_LR,ICBHI_218,1,ICBHI,Meditron,0.9830200077626816,1
ICBHI_218_1b1_LR_010,ICBHI_218_1b1_LR,ICBHI_218,1,ICBHI,Meditron,0.9864678513445928,1
ICBHI_218_1b1_LR_011,ICBHI_218_1b1_LR,ICBHI_218,1,ICBHI,Meditron,0.9857180660748888,1
ICBHI_218_1b1_LR_012,ICBHI_218_1b1_LR,ICBHI_218,1,ICBHI,Meditron,0.972519307190418,1
ICBHI_218_1b1_LR_013,ICBHI_218_1b1_LR,ICBHI_218,1,ICBHI,Meditron,0.9678385537098224,1
ICBHI_218_1b1_LR_014,ICBHI_218_1b1_LR,ICBHI_218,1,ICBHI,Meditron,0.9674717764988552,1
ICBHI_218_1b1_LR_015,ICBHI_218_1b1_LR,ICBHI_218,1,ICBHI,Meditron,0.9448931005611606,1
ICBHI_218_1b1_LR_016,ICBHI_218_1b1_LR,ICBHI_218,1,ICBHI,Meditron,0.7444706089910426,1
ICBHI_218_1b1_LR_017,ICBHI_218_1b1_LR,ICBHI_218,1,ICBHI,Meditron,0.8204694444011801,1
ICBHI_218_1b1_LR_018,ICBHI_218_1b1_LR,ICBHI_218,1,ICBHI,Meditron,0.9778411306440228,1
ICBHI_218_1b1_LR_019,ICBHI_218_1b1_LR,ICBHI_218,1,ICBHI,Meditron,0.9823555365894354,1
ICBHI_218_1b1_LR_020,ICBHI_218_1b1_LR,ICBHI_218,1,ICBHI,Meditron,0.9716178771000952,1
ICBHI_218_1b1_LR_021,ICBHI_218_1b1_LR,ICBHI_218,1,ICBHI,Meditron,0.977197364031994,1
ICBHI_218_1b1_LR_022,ICBHI_218_1b1_LR,ICBHI_218,1,ICBHI,Meditron,0.9760836129001416,1
ICBHI_218_1b1_LR_023,ICBHI_218_1b1_LR,ICBHI_218,1,ICBHI,Meditron,0.9667260589136598,1
ICBHI_218_1b1_LR_024,ICBHI_218_1b1_LR,ICBHI_218,1,ICBHI,Meditron,0.9757623652873698,1
ICBHI_218_1b1_LR_025,ICBHI_218_1b1_LR,ICBHI_218,1,ICBHI,Meditron,0.9768023732674584,1
ICBHI_218_1b1_LR_026,ICBHI_218_1b1_LR,ICBHI_218,1,ICBHI,Meditron,0.9709643572583984,1
ICBHI_218_1b1_LR_027,ICBHI_218_1b1_LR,ICBHI_218,1,ICBHI,Meditron,0.9819100047950068,1
ICBHI_218_1b1_LR_028,ICBHI_218_1b1_LR,ICBHI_218,1,ICBHI,Meditron,0.9883127420043056,1
ICBHI_218_1b1_LR_029,ICBHI_218_1b1_LR,ICBHI_218,1,ICBHI,Meditron,0.9871292507842532,1
ICBHI_218_1b1_LR_030,ICBHI_218_1b1_LR,ICBHI_218,1,ICBHI,Meditron,0.9815597909507104,1
ICBHI_218_1b1_LR_031,ICBHI_218_1b1_LR,ICBHI_218,1,ICBHI,Meditron,0.961389068531974,1
ICBHI_218_1b1_PL_000,ICBHI_218_1b1_PL,ICBHI_218,1,ICBHI,Meditron,0.9920927084953716,1
ICBHI_218_1b1_PL_001,ICBHI_218_1b1_PL,ICBHI_218,1,ICBHI,Meditron,0.9930153500828656,1
ICBHI_218_1b1_PL_002,ICBHI_218_1b1_PL,ICBHI_218,1,ICBHI,Meditron,0.9935368622818452,1
ICBHI_218_1b1_PL_003,ICBHI_218_1b1_PL,ICBHI_218,1,ICBHI,Meditron,0.9925393565360598,1
ICBHI_218_1b1_PL_004,ICBHI_218_1b1_PL,ICBHI_218,1,ICBHI,Meditron,0.9927391335017144,1
ICBHI_218_1b1_PL_005,ICBHI_218_1b1_PL,ICBHI_218,1,ICBHI,Meditron,0.9925103751011916,1
ICBHI_218_1b1_PL_006,ICBHI_218_1b1_PL,ICBHI_218,1,ICBHI,Meditron,0.9932024684496268,1
ICBHI_218_1b1_PL_007,ICBHI_218_1b1_PL,ICBHI_218,1,ICBHI,Meditron,0.9912208911330882,1
ICBHI_218_1b1_PL_008,ICBHI_218_1b1_PL,ICBHI_218,1,ICBHI,Meditron,0.9948603889024312,1
ICBHI_218_1b1_PL_009,ICBHI_218_1b1_PL,ICBHI_218,1,ICBHI,Meditron,0.9950563109218776,1
ICBHI_218_1b1_PL_010,ICBHI_218_1b1_PL,ICBHI_218,1,ICBHI,Meditron,0.9931760452132232,1
ICBHI_218_1b1_PL_011,ICBHI_218_1b1_PL,ICBHI_218,1,ICBHI,Meditron,0.9925969859111274,1
ICBHI_218_1b1_PL_012,ICBHI_218_1b1_PL,ICBHI_218,1,ICBHI,Meditron,0.9893885786697612,1
ICBHI_218_1b1_PL_013,ICBHI_218_1b1_PL,ICBHI_218,1,ICBHI,Meditron,0.9345147892167924,1
ICBHI_218_1b1_PL_014,ICBHI_218_1b1_PL,ICBHI_218,1,ICBHI,Meditron,0.9337939759583312,1
ICBHI_218_1b1_PL_015,ICBHI_218_1b1_PL,ICBHI_218,1,ICBHI,Meditron,0.7396105391269793,1
ICBHI_218_1b1_PL_016,ICBHI_218_1b1_PL,ICBHI_218,1,ICBHI,Meditron,0.8128673178375735,1
ICBHI_218_1b1_PL_017,ICBHI_218_1b1_PL,ICBHI_218,1,ICBHI,Meditron,0.909103245693355,1
ICBHI_218_1b1_PL_018,ICBHI_218_1b1_PL,ICBHI_218,1,ICBHI,Meditron,0.8889517457525925,1
ICBHI_218_1b1_PL_019,ICBHI_218_1b1_PL,ICBHI_218,1,ICBHI,Meditron,0.863621810847349,1
ICBHI_218_1b1_PL_020,ICBHI_218_1b1_PL,ICBHI_218,1,ICBHI,Meditron,0.6356748899883626,1
ICBHI_218_1b1_PL_021,ICBHI_218_1b1_PL,ICBHI_218,1,ICBHI,Meditron,0.9373256283116482,1
ICBHI_218_1b1_PL_022,ICBHI_218_1b1_PL,ICBHI_218,1,ICBHI,Meditron,0.870597268408361,1
ICBHI_218_1b1_PL_023,ICBHI_218_1b1_PL,ICBHI_218,1,ICBHI,Meditron,0.8134607872557665,1
ICBHI_218_1b1_PL_024,ICBHI_218_1b1_PL,ICBHI_218,1,ICBHI,Meditron,0.8987665192930021,1
ICBHI_218_1b1_PL_025,ICBHI_218_1b1_PL,ICBHI_218,1,ICBHI,Meditron,0.9558990874315896,1
ICBHI_218_1b1_PR_000,ICBHI_218_1b1_PR,ICBHI_218,1,ICBHI,Meditron,0.977197364031994,1
ICBHI_218_1b1_PR_001,ICBHI_218_1b1_PR,ICBHI_218,1,ICBHI,Meditron,0.9820826552325288,1
ICBHI_218_1b1_PR_002,ICBHI_218_1b1_PR,ICBHI_218,1,ICBHI,Meditron,0.987711402470298,1
ICBHI_218_1b1_PR_003,ICBHI_218_1b1_PR,ICBHI_218,1,ICBHI,Meditron,0.9919691867837398,1
ICBHI_218_1b1_PR_004,ICBHI_218_1b1_PR,ICBHI_218,1,ICBHI,Meditron,0.991619546648974,1
ICBHI_218_1b1_PR_005,ICBHI_218_1b1_PR,ICBHI_218,1,ICBHI,Meditron,0.9881766051636294,1
ICBHI_218_1b1_PR_006,ICBHI_218_1b1_PR,ICBHI_218,1,ICBHI,Meditron,0.9853279650847626,1
ICBHI_218_1b1_PR_007,ICBHI_218_1b1_PR,ICBHI_218,1,ICBHI,Meditron,0.9900250791759212,1
ICBHI_218_1b1_PR_008,ICBHI_218_1b1_PR,ICBHI_218,1,ICBHI,Meditron,0.9894295113796924,1
ICBHI_218_1b1_PR_009,ICBHI_218_1b1_PR,ICBHI_218,1,ICBHI,Meditron,0.9885803853543514,1
ICBHI_218_1b1_PR_010,ICBHI_218_1b1_PR,ICBHI_218,1,ICBHI,Meditron,0.990403545267618,1
ICBHI_218_1b1_PR_011,ICBHI_218_1b1_PR,ICBHI_218,1,ICBHI,Meditron,0.9905509186809448,1
ICBHI_218_1b1_PR_012,ICBHI_218_1b1_PR,ICBHI_218,1,ICBHI,Meditron,0.9579122720843812,1
ICBHI_218_1b1_PR_013,ICBHI_218_1b1_PR,ICBHI_218,1,ICBHI,Meditron,0.6444489022124282,1
ICBHI_218_1b1_PR_014,ICBHI_218_1b1_PR,ICBHI_218,1,ICBHI,Meditron,0.9637117023352416,1
ICBHI_218_1b1_PR_015,ICBHI_218_1b1_PR,ICBHI_218,1,ICBHI,Meditron,0.0032099613758647,1
ICBHI_218_1b1_PR_016,ICBHI_218_1b1_PR,ICBHI_218,1,ICBHI,Meditron,0.0002846224015752,1
ICBHI_218_1b1_PR_017,ICBHI_218_1b1_PR,ICBHI_218,1,ICBHI,Meditron,0.0004878571227822,1
ICBHI_218_1b1_PR_018,ICBHI_218_1b1_PR,ICBHI_218,1,ICBHI,Meditron,0.0005399804480965,1
ICBHI_218_1b1_PR_019,ICBHI_218_1b1_PR,ICBHI_218,1,ICBHI,Meditron,0.0378924266296073,1
ICBHI_218_1b1_PR_020,ICBHI_218_1b1_PR,ICBHI_218,1,ICBHI,Meditron,0.9730876959261984,1
ICBHI_218_1b1_PR_021,ICBHI_218_1b1_PR,ICBHI_218,1,ICBHI,Meditron,0.9897909456811916,1
ICBHI_218_1b1_PR_022,ICBHI_218_1b1_PR,ICBHI_218,1,ICBHI,Meditron,0.988536202622004,1
ICBHI_218_1b1_PR_023,ICBHI_218_1b1_PR,ICBHI_218,1,ICBHI,Meditron,0.9825575152637948,1
ICBHI_218_1b1_PR_024,ICBHI_218_1b1_PR,ICBHI_218,1,ICBHI,Meditron,0.9383503740450254,1
ICBHI_218_1b1_PR_025,ICBHI_218_1b1_PR,ICBHI_218,1,ICBHI,Meditron,0.965250375232816,1
ICBHI_218_1p1_AR_000,ICBHI_218_1p1_AR,ICBHI_218,1,ICBHI,Litt3200,0.9955489587731128,1
ICBHI_218_1p1_AR_001,ICBHI_218_1p1_AR,ICBHI_218,1,ICBHI,Litt3200,0.9941118405241954,1
ICBHI_218_1p1_AR_002,ICBHI_218_1p1_AR,ICBHI_218,1,ICBHI,Litt3200,0.994269753485008,1
ICBHI_218_1p1_AR_003,ICBHI_218_1p1_AR,ICBHI_218,1,ICBHI,Litt3200,0.994998327750071,1
ICBHI_218_1p1_AR_004,ICBHI_218_1p1_AR,ICBHI_218,1,ICBHI,Litt3200,0.9923043528216078,1
ICBHI_218_1p1_AR_005,ICBHI_218_1p1_AR,ICBHI_218,1,ICBHI,Litt3200,0.9932287900693888,1
ICBHI_218_1p1_AR_006,ICBHI_218_1p1_AR,ICBHI_218,1,ICBHI,Litt3200,0.9956005868372636,1
ICBHI_218_1p1_AR_007,ICBHI_218_1p1_AR,ICBHI_218,1,ICBHI,Litt3200,0.994225070146556,1
ICBHI_218_1p1_AR_008,ICBHI_218_1p1_AR,ICBHI_218,1,ICBHI,Litt3200,0.992481281938568,1
ICBHI_218_1p1_AR_009,ICBHI_218_1p1_AR,ICBHI_218,1,ICBHI,Litt3200,0.9951702782541956,1
ICBHI_218_1p1_PL_000,ICBHI_218_1p1_PL,ICBHI_218,1,ICBHI,Litt3200,0.9964063974185798,1
ICBHI_218_1p1_PL_001,ICBHI_218_1p1_PL,ICBHI_218,1,ICBHI,Litt3200,0.9958660319095476,1
ICBHI_218_1p1_PL_002,ICBHI_218_1p1_PL,ICBHI_218,1,ICBHI,Litt3200,0.9958980707421328,1
ICBHI_218_1p1_PL_003,ICBHI_218_1p1_PL,ICBHI_218,1,ICBHI,Litt3200,0.9965703960759056,1
ICBHI_218_1p1_PL_004,ICBHI_218_1p1_PL,ICBHI_218,1,ICBHI,Litt3200,0.9962199045112876,1
ICBHI_218_1p1_PL_005,ICBHI_218_1p1_PL,ICBHI_218,1,ICBHI,Litt3200,0.995801204728528,1
ICBHI_218_1p1_PL_006,ICBHI_218_1p1_PL,ICBHI_218,1,ICBHI,Litt3200,0.9946567440438504,1
ICBHI_218_1p1_PL_007,ICBHI_218_1p1_PL,ICBHI_218,1,ICBHI,Litt3200,0.9947798743064415,1
ICBHI_218_1p1_PL_008,ICBHI_218_1p1_PL,ICBHI_218,1,ICBHI,Litt3200,0.9948202872296428,1
ICBHI_218_1p1_PL_009,ICBHI_218_1p1_PL,ICBHI_218,1,ICBHI,Litt3200,0.9951325826547208,1
ICBHI_218_1p1_PL_010,ICBHI_218_1p1_PL,ICBHI_218,1,ICBHI,Litt3200,0.9961306089915052,1
ICBHI_218_1p1_PR_000,ICBHI_218_1p1_PR,ICBHI_218,1,ICBHI,Litt3200,0.9928508980334536,1
ICBHI_218_1p1_PR_001,ICBHI_218_1p1_PR,ICBHI_218,1,ICBHI,Litt3200,0.994466612060986,1
ICBHI_218_1p1_PR_002,ICBHI_218_1p1_PR,ICBHI_218,1,ICBHI,Litt3200,0.9934102283369194,1
ICBHI_218_1p1_PR_003,ICBHI_218_1p1_PR,ICBHI_218,1,ICBHI,Litt3200,0.9930693283432538,1
ICBHI_218_1p1_PR_004,ICBHI_218_1p1_PR,ICBHI_218,1,ICBHI,Litt3200,0.9927952309111312,1
ICBHI_218_1p1_PR_005,ICBHI_218_1p1_PR,ICBHI_218,1,ICBHI,Litt3200,0.9925393565360598,1
ICBHI_218_1p1_PR_006,ICBHI_218_1p1_PR,ICBHI_218,1,ICBHI,Litt3200,0.994466612060986,1
ICBHI_218_1p1_PR_007,ICBHI_218_1p1_PR,ICBHI_218,1,ICBHI,Litt3200,0.9935368622818452,1
ICBHI_218_1p1_PR_008,ICBHI_218_1p1_PR,ICBHI_218,1,ICBHI,Litt3200,0.990659975614946,1
ICBHI_218_1p1_PR_009,ICBHI_218_1p1_PR,ICBHI_218,1,ICBHI,Litt3200,0.990253895947446,1
ICBHI_223_1b1_AL_000,ICBHI_223_1b1_AL,ICBHI_223,1,ICBHI,Meditron,0.4612897795971634,1
ICBHI_223_1b1_AL_001,ICBHI_223_1b1_AL,ICBHI_223,1,ICBHI,Meditron,0.5305557486212547,1
ICBHI_223_1b1_AL_002,ICBHI_223_1b1_AL,ICBHI_223,1,ICBHI,Meditron,0.0509881455277151,1
ICBHI_223_1b1_AL_003,ICBHI_223_1b1_AL,ICBHI_223,1,ICBHI,Meditron,0.4897704095862666,1
ICBHI_223_1b1_AL_004,ICBHI_223_1b1_AL,ICBHI_223,1,ICBHI,Meditron,0.9533619599768124,1
ICBHI_223_1b1_AL_005,ICBHI_223_1b1_AL,ICBHI_223,1,ICBHI,Meditron,0.9861513897844354,1
ICBHI_223_1b1_AL_006,ICBHI_223_1b1_AL,ICBHI_223,1,ICBHI,Meditron,0.9743372944539102,1
ICBHI_223_1b1_AL_007,ICBHI_223_1b1_AL,ICBHI_223,1,ICBHI,Meditron,0.9516839297321508,1
ICBHI_223_1b1_AL_008,ICBHI_223_1b1_AL,ICBHI_223,1,ICBHI,Meditron,0.929183798137365,1
ICBHI_223_1b1_AL_009,ICBHI_223_1b1_AL,ICBHI_223,1,ICBHI,Meditron,0.9778834111979204,1
ICBHI_223_1b1_AL_010,ICBHI_223_1b1_AL,ICBHI_223,1,ICBHI,Meditron,0.9526622845323623,1
ICBHI_223_1b1_AL_011,ICBHI_223_1b1_AL,ICBHI_223,1,ICBHI,Meditron,0.9853279650847626,1
ICBHI_223_1b1_AR_000,ICBHI_223_1b1_AR,ICBHI_223,1,ICBHI,Meditron,0.9969721649754316,1
ICBHI_223_1b1_AR_001,ICBHI_223_1b1_AR,ICBHI_223,1,ICBHI,Meditron,0.998224739467894,1
ICBHI_223_1b1_AR_002,ICBHI_223_1b1_AR,ICBHI_223,1,ICBHI,Meditron,0.9983386093266648,1
ICBHI_223_1b1_AR_003,ICBHI_223_1b1_AR,ICBHI_223,1,ICBHI,Meditron,0.9989266936870904,1
ICBHI_223_1b1_AR_004,ICBHI_223_1b1_AR,ICBHI_223,1,ICBHI,Meditron,0.9986382966250248,1
ICBHI_223_1b1_AR_005,ICBHI_223_1b1_AR,ICBHI_223,1,ICBHI,Meditron,0.997765637580055,1
ICBHI_223_1b1_AR_006,ICBHI_223_1b1_AR,ICBHI_223,1,ICBHI,Meditron,0.9981827168835504,1
ICBHI_223_1b1_AR_007,ICBHI_223_1b1_AR,ICBHI_223,1,ICBHI,Meditron,0.9986222674109771,1
ICBHI_223_1b1_AR_008,ICBHI_223_1b1_AR,ICBHI_223,1,ICBHI,Meditron,0.9981397014271044,1
ICBHI_223_1b1_AR_009,ICBHI_223_1b1_AR,ICBHI_223,1,ICBHI,Meditron,0.9979332055218498,1
ICBHI_223_1b1_AR_010,ICBHI_223_1b1_AR,ICBHI_223,1,ICBHI,Meditron,0.997263778900852,1
ICBHI_223_1b1_AR_011,ICBHI_223_1b1_AR,ICBHI_223,1,ICBHI,Meditron,0.9981827168835504,1
ICBHI_223_1b1_LL_000,ICBHI_223_1b1_LL,ICBHI_223,1,ICBHI,Meditron,0.0172427775576529,1
ICBHI_223_1b1_LL_001,ICBHI_223_1b1_LL,ICBHI_223,1,ICBHI,Meditron,0.8987665192930021,1
ICBHI_223_1b1_LL_002,ICBHI_223_1b1_LL,ICBHI_223,1,ICBHI,Meditron,0.1388116436636014,1
ICBHI_223_1b1_LL_003,ICBHI_223_1b1_LL,ICBHI_223,1,ICBHI,Meditron,0.0388290211857712,1
ICBHI_223_1b1_LL_004,ICBHI_223_1b1_LL,ICBHI_223,1,ICBHI,Meditron,0.0857092792807806,1
ICBHI_223_1b1_LL_005,ICBHI_223_1b1_LL,ICBHI_223,1,ICBHI,Meditron,0.4417332111021522,1
ICBHI_223_1b1_LL_006,ICBHI_223_1b1_LL,ICBHI_223,1,ICBHI,Meditron,0.1339807577203886,1
ICBHI_223_1b1_LL_007,ICBHI_223_1b1_LL,ICBHI_223,1,ICBHI,Meditron,0.001768351686109,1
ICBHI_223_1b1_LL_008,ICBHI_223_1b1_LL,ICBHI_223,1,ICBHI,Meditron,0.0006436856044842,1
ICBHI_223_1b1_LL_009,ICBHI_223_1b1_LL,ICBHI_223,1,ICBHI,Meditron,0.0005792916699214,1
ICBHI_223_1b1_LL_010,ICBHI_223_1b1_LL,ICBHI_223,1,ICBHI,Meditron,0.0008135565350514,1
ICBHI_223_1b1_LL_011,ICBHI_223_1b1_LL,ICBHI_223,1,ICBHI,Meditron,0.0015307451011758,1
ICBHI_223_1b1_LR_000,ICBHI_223_1b1_LR,ICBHI_223,1,ICBHI,Meditron,0.97369471946558,1
ICBHI_223_1b1_LR_001,ICBHI_223_1b1_LR,ICBHI_223,1,ICBHI,Meditron,0.987711402470298,1
ICBHI_223_1b1_LR_002,ICBHI_223_1b1_LR,ICBHI_223,1,ICBHI,Meditron,0.985772953896821,1
ICBHI_223_1b1_LR_003,ICBHI_223_1b1_LR,ICBHI_223,1,ICBHI,Meditron,0.9701269078891236,1
ICBHI_223_1b1_LR_004,ICBHI_223_1b1_LR,ICBHI_223,1,ICBHI,Meditron,0.9842154389261902,1
ICBHI_223_1b1_LR_005,ICBHI_223_1b1_LR,ICBHI_223,1,ICBHI,Meditron,0.9899864293768268,1
ICBHI_223_1b1_LR_006,ICBHI_223_1b1_LR,ICBHI_223,1,ICBHI,Meditron,0.9826909042463318,1
ICBHI_223_1b1_LR_007,ICBHI_223_1b1_LR,ICBHI_223,1,ICBHI,Meditron,0.9800530655725896,1
ICBHI_223_1b1_LR_008,ICBHI_223_1b1_LR,ICBHI_223,1,ICBHI,Meditron,0.9827572224423472,1
ICBHI_223_1b1_LR_009,ICBHI_223_1b1_LR,ICBHI_223,1,ICBHI,Meditron,0.9876162153627396,1
ICBHI_223_1b1_LR_010,ICBHI_223_1b1_LR,ICBHI_223,1,ICBHI,Meditron,0.9866748522941186,1
ICBHI_223_1b1_LR_011,ICBHI_223_1b1_LR,ICBHI_223,1,ICBHI,Meditron,0.971238412735002,1
ICBHI_223_1b1_PL_000,ICBHI_223_1b1_PL,ICBHI_223,1,ICBHI,Meditron,0.8591918303320635,1
ICBHI_223_1b1_PL_001,ICBHI_223_1b1_PL,ICBHI_223,1,ICBHI,Meditron,0.7294234191885761,1
ICBHI_223_1b1_PL_002,ICBHI_223_1b1_PL,ICBHI_223,1,ICBHI,Meditron,0.979899764423248,1
ICBHI_223_1b1_PL_003,ICBHI_223_1b1_PL,ICBHI_223,1,ICBHI,Meditron,0.9808392914980092,1
ICBHI_223_1b1_PL_004,ICBHI_223_1b1_PL,ICBHI_223,1,ICBHI,Meditron,0.9653811611608242,1
ICBHI_223_1b1_PL_005,ICBHI_223_1b1_PL,ICBHI_223,1,ICBHI,Meditron,0.986415607486941,1
ICBHI_223_1b1_PL_006,ICBHI_223_1b1_PL,ICBHI_223,1,ICBHI,Meditron,0.987711402470298,1
ICBHI_223_1b1_PL_007,ICBHI_223_1b1_PL,ICBHI_223,1,ICBHI,Meditron,0.9858276338086984,1
ICBHI_223_1b1_PL_008,ICBHI_223_1b1_PL,ICBHI_223,1,ICBHI,Meditron,0.99058741041239,1
ICBHI_223_1b1_PL_009,ICBHI_223_1b1_PL,ICBHI_223,1,ICBHI,Meditron,0.990291523518526,1
ICBHI_223_1b1_PL_010,ICBHI_223_1b1_PL,ICBHI_223,1,ICBHI,Meditron,0.9878996141864552,1
ICBHI_223_1b1_PL_011,ICBHI_223_1b1_PL,ICBHI_223,1,ICBHI,Meditron,0.9929335990367508,1
ICBHI_223_1b1_PR_000,ICBHI_223_1b1_PR,ICBHI_223,1,ICBHI,Meditron,0.9874720680072552,1
ICBHI_223_1b1_PR_001,ICBHI_223_1b1_PR,ICBHI_223,1,ICBHI,Meditron,0.9914886969734374,1
ICBHI_223_1b1_PR_002,ICBHI_223_1b1_PR,ICBHI_223,1,ICBHI,Meditron,0.9926541734255228,1
ICBHI_223_1b1_PR_003,ICBHI_223_1b1_PR,ICBHI_223,1,ICBHI,Meditron,0.992481281938568,1
ICBHI_223_1b1_PR_004,ICBHI_223_1b1_PR,ICBHI_223,1,ICBHI,Meditron,0.9873262643069668,1
ICBHI_223_1b1_PR_005,ICBHI_223_1b1_PR,ICBHI_223,1,ICBHI,Meditron,0.9901782070803068,1
ICBHI_223_1b1_PR_006,ICBHI_223_1b1_PR,ICBHI_223,1,ICBHI,Meditron,0.9903290072365528,1
ICBHI_223_1b1_PR_007,ICBHI_223_1b1_PR,ICBHI_223,1,ICBHI,Meditron,0.9919067101026268,1
ICBHI_223_1b1_PR_008,ICBHI_223_1b1_PR,ICBHI_223,1,ICBHI,Meditron,0.9891815513471368,1
ICBHI_223_1b1_PR_009,ICBHI_223_1b1_PR,ICBHI_223,1,ICBHI,Meditron,0.9849852519941804,1
ICBHI_223_1b1_PR_010,ICBHI_223_1b1_PR,ICBHI_223,1,ICBHI,Meditron,0.9878996141864552,1
ICBHI_223_1b1_PR_011,ICBHI_223_1b1_PR,ICBHI_223,1,ICBHI,Meditron,0.9813464782682386,1
ICBHI_106_2b1_PL_000,ICBHI_106_2b1_PL,ICBHI_106,1,ICBHI,LittC2SE,0.9462996942374736,2
ICBHI_106_2b1_PL_001,ICBHI_106_2b1_PL,ICBHI_106,1,ICBHI,LittC2SE,0.962602866405004,2
ICBHI_106_2b1_PL_002,ICBHI_106_2b1_PL,ICBHI_106,1,ICBHI,LittC2SE,0.885829153706156,2
ICBHI_106_2b1_PL_003,ICBHI_106_2b1_PL,ICBHI_106,1,ICBHI,LittC2SE,0.7579735664426586,2
ICBHI_106_2b1_PL_004,ICBHI_106_2b1_PL,ICBHI_106,1,ICBHI,LittC2SE,0.6057407399598258,2
ICBHI_106_2b1_PL_005,ICBHI_106_2b1_PL,ICBHI_106,1,ICBHI,LittC2SE,0.8755743666401081,2
ICBHI_106_2b1_PL_006,ICBHI_106_2b1_PL,ICBHI_106,1,ICBHI,LittC2SE,0.9039745112122062,2
ICBHI_106_2b1_PR_000,ICBHI_106_2b1_PR,ICBHI_106,1,ICBHI,LittC2SE,0.984810951192016,2
ICBHI_106_2b1_PR_001,ICBHI_106_2b1_PR,ICBHI_106,1,ICBHI,LittC2SE,0.9856076636305632,2
ICBHI_106_2b1_PR_002,ICBHI_106_2b1_PR,ICBHI_106,1,ICBHI,LittC2SE,0.9901782070803068,2
ICBHI_106_2b1_PR_003,ICBHI_106_2b1_PR,ICBHI_106,1,ICBHI,LittC2SE,0.9884473296647792,2
ICBHI_106_2b1_PR_004,ICBHI_106_2b1_PR,ICBHI_106,1,ICBHI,LittC2SE,0.9768465889071616,2
ICBHI_106_2b1_PR_005,ICBHI_106_2b1_PR,ICBHI_106,1,ICBHI,LittC2SE,0.9822196099268892,2
ICBHI_106_2b1_PR_006,ICBHI_106_2b1_PR,ICBHI_106,1,ICBHI,LittC2SE,0.984032346511204,2
ICBHI_110_1b1_PR_000,ICBHI_110_1b1_PR,ICBHI_110,1,ICBHI,Meditron,0.921781129173075,2
ICBHI_110_1b1_PR_001,ICBHI_110_1b1_PR,ICBHI_110,1,ICBHI,Meditron,0.9401335814280748,2
ICBHI_110_1b1_PR_002,ICBHI_110_1b1_PR,ICBHI_110,1,ICBHI,Meditron,0.9238675232288402,2
ICBHI_110_1b1_PR_003,ICBHI_110_1b1_PR,ICBHI_110,1,ICBHI,Meditron,0.8487216007111212,2
ICBHI_110_1b1_PR_004,ICBHI_110_1b1_PR,ICBHI_110,1,ICBHI,Meditron,0.7433543601649092,2
ICBHI_110_1b1_PR_005,ICBHI_110_1b1_PR,ICBHI_110,1,ICBHI,Meditron,0.93096207182521,2
ICBHI_110_1b1_PR_006,ICBHI_110_1b1_PR,ICBHI_110,1,ICBHI,Meditron,0.900003694229084,2
ICBHI_110_1b1_PR_007,ICBHI_110_1b1_PR,ICBHI_110,1,ICBHI,Meditron,0.8782098334256662,2
ICBHI_110_1b1_PR_008,ICBHI_110_1b1_PR,ICBHI_110,1,ICBHI,Meditron,0.8767399486507546,2
ICBHI_110_1b1_PR_009,ICBHI_110_1b1_PR,ICBHI_110,1,ICBHI,Meditron,0.8698251947046157,2
ICBHI_110_1b1_PR_010,ICBHI_110_1b1_PR,ICBHI_110,1,ICBHI,Meditron,0.8684925281703223,2
ICBHI_110_1b1_PR_011,ICBHI_110_1b1_PR,ICBHI_110,1,ICBHI,Meditron,0.875148179838435,2
ICBHI_110_1b1_PR_012,ICBHI_110_1b1_PR,ICBHI_110,1,ICBHI,Meditron,0.8798711899461571,2
ICBHI_110_1b1_PR_013,ICBHI_110_1b1_PR,ICBHI_110,1,ICBHI,Meditron,0.8709269619648802,2
ICBHI_110_1b1_PR_014,ICBHI_110_1b1_PR,ICBHI_110,1,ICBHI,Meditron,0.8842393539373058,2
ICBHI_110_1b1_PR_015,ICBHI_110_1b1_PR,ICBHI_110,1,ICBHI,Meditron,0.9231777955470524,2
ICBHI_110_1b1_PR_016,ICBHI_110_1b1_PR,ICBHI_110,1,ICBHI,Meditron,0.9223425628560776,2
ICBHI_110_1b1_PR_017,ICBHI_110_1b1_PR,ICBHI_110,1,ICBHI,Meditron,0.943659904602972,2
ICBHI_110_1b1_PR_018,ICBHI_110_1b1_PR,ICBHI_110,1,ICBHI,Meditron,0.972519307190418,2
ICBHI_110_1b1_PR_019,ICBHI_110_1b1_PR,ICBHI_110,1,ICBHI,Meditron,0.9718859428738872,2
ICBHI_110_1b1_PR_020,ICBHI_110_1b1_PR,ICBHI_110,1,ICBHI,Meditron,0.95953516446685,2
ICBHI_110_1b1_PR_021,ICBHI_110_1b1_PR,ICBHI_110,1,ICBHI,Meditron,0.937554714386016,2
ICBHI_110_1b1_PR_022,ICBHI_110_1b1_PR,ICBHI_110,1,ICBHI,Meditron,0.9139841186828944,2
ICBHI_110_1b1_PR_023,ICBHI_110_1b1_PR,ICBHI_110,1,ICBHI,Meditron,0.8818185990895465,2
ICBHI_110_1b1_PR_024,ICBHI_110_1b1_PR,ICBHI_110,1,ICBHI,Meditron,0.8721297214755852,2
ICBHI_110_1b1_PR_025,ICBHI_110_1b1_PR,ICBHI_110,1,ICBHI,Meditron,0.8801805072395273,2
ICBHI_110_1b1_PR_026,ICBHI_110_1b1_PR,ICBHI_110,1,ICBHI,Meditron,0.8946054517822124,2
ICBHI_110_1p1_AL_000,ICBHI_110_1p1_AL,ICBHI_110,1,ICBHI,Meditron,0.4681219121469511,2
ICBHI_110_1p1_AL_001,ICBHI_110_1p1_AL,ICBHI_110,1,ICBHI,Meditron,0.3053865094464248,2
ICBHI_110_1p1_AL_002,ICBHI_110_1p1_AL,ICBHI_110,1,ICBHI,Meditron,0.2112540548295285,2
ICBHI_110_1p1_AL_003,ICBHI_110_1p1_AL,ICBHI_110,1,ICBHI,Meditron,0.0648901147321619,2
ICBHI_110_1p1_AL_004,ICBHI_110_1p1_AL,ICBHI_110,1,ICBHI,Meditron,0.2675995192452862,2
ICBHI_110_1p1_AL_005,ICBHI_110_1p1_AL,ICBHI_110,1,ICBHI,Meditron,0.4815757285308262,2
ICBHI_110_1p1_AL_006,ICBHI_110_1p1_AL,ICBHI_110,1,ICBHI,Meditron,0.3144714453782795,2
ICBHI_110_1p1_AL_007,ICBHI_110_1p1_AL,ICBHI_110,1,ICBHI,Meditron,0.2685575870290748,2
ICBHI_110_1p1_AL_008,ICBHI_110_1p1_AL,ICBHI_110,1,ICBHI,Meditron,0.0214917647736729,2
ICBHI_110_1p1_AL_009,ICBHI_110_1p1_AL,ICBHI_110,1,ICBHI,Meditron,0.0039917283694137,2
ICBHI_110_1p1_AL_010,ICBHI_110_1p1_AL,ICBHI_110,1,ICBHI,Meditron,0.0006745558838422,2
ICBHI_110_1p1_LL_000,ICBHI_110_1p1_LL,ICBHI_110,1,ICBHI,Meditron,0.0979066860580891,2
ICBHI_110_1p1_LL_001,ICBHI_110_1p1_LL,ICBHI_110,1,ICBHI,Meditron,0.0953494648991095,2
ICBHI_110_1p1_LL_002,ICBHI_110_1p1_LL,ICBHI_110,1,ICBHI,Meditron,0.8788351489496328,2
ICBHI_110_1p1_LL_003,ICBHI_110_1p1_LL,ICBHI_110,1,ICBHI,Meditron,0.8816149031928324,2
ICBHI_110_1p1_LL_004,ICBHI_110_1p1_LL,ICBHI_110,1,ICBHI,Meditron,0.8647679192064821,2
ICBHI_110_1p1_LL_005,ICBHI_110_1p1_LL,ICBHI_110,1,ICBHI,Meditron,0.8565725116773023,2
ICBHI_110_1p1_LL_006,ICBHI_110_1p1_LL,ICBHI_110,1,ICBHI,Meditron,0.8474634859343486,2
ICBHI_110_1p1_LL_007,ICBHI_110_1p1_LL,ICBHI_110,1,ICBHI,Meditron,0.8864204083088262,2
ICBHI_110_1p1_LL_008,ICBHI_110_1p1_LL,ICBHI_110,1,ICBHI,Meditron,0.4783308424573048,2
ICBHI_110_1p1_LL_009,ICBHI_110_1p1_LL,ICBHI_110,1,ICBHI,Meditron,0.4023334053232417,2
ICBHI_110_1p1_LL_010,ICBHI_110_1p1_LL,ICBHI_110,1,ICBHI,Meditron,0.83141698052701,2
ICBHI_110_1p1_LR_000,ICBHI_110_1p1_LR,ICBHI_110,1,ICBHI,Meditron,0.6315943044052867,2
ICBHI_110_1p1_LR_001,ICBHI_110_1p1_LR,ICBHI_110,1,ICBHI,Meditron,0.0438545633998734,2
ICBHI_110_1p1_LR_002,ICBHI_110_1p1_LR,ICBHI_110,1,ICBHI,Meditron,0.0021405892581107,2
ICBHI_110_1p1_LR_003,ICBHI_110_1p1_LR,ICBHI_110,1,ICBHI,Meditron,0.0004173157606777,2
ICBHI_110_1p1_LR_004,ICBHI_110_1p1_LR,ICBHI_110,1,ICBHI,Meditron,0.2271263035855032,2
ICBHI_110_1p1_LR_005,ICBHI_110_1p1_LR,ICBHI_110,1,ICBHI,Meditron,0.1403362494900832,2
ICBHI_110_1p1_LR_006,ICBHI_110_1p1_LR,ICBHI_110,1,ICBHI,Meditron,0.0629042417980568,2
ICBHI_110_1p1_LR_007,ICBHI_110_1p1_LR,ICBHI_110,1,ICBHI,Meditron,0.0062412592298216,2
ICBHI_110_1p1_LR_008,ICBHI_110_1p1_LR,ICBHI_110,1,ICBHI,Meditron,0.0025114635138098,2
ICBHI_110_1p1_LR_009,ICBHI_110_1p1_LR,ICBHI_110,1,ICBHI,Meditron,0.0095593993470915,2
ICBHI_110_1p1_LR_010,ICBHI_110_1p1_LR,ICBHI_110,1,ICBHI,Meditron,0.0013045066466158,2
ICBHI_110_1p1_PR_000,ICBHI_110_1p1_PR,ICBHI_110,1,ICBHI,Meditron,0.9059898203834276,2
ICBHI_110_1p1_PR_001,ICBHI_110_1p1_PR,ICBHI_110,1,ICBHI,Meditron,0.9139841186828944,2
ICBHI_110_1p1_PR_002,ICBHI_110_1p1_PR,ICBHI_110,1,ICBHI,Meditron,0.8545208111369215,2
ICBHI_110_1p1_PR_003,ICBHI_110_1p1_PR,ICBHI_110,1,ICBHI,Meditron,0.8723473746782093,2
ICBHI_110_1p1_PR_004,ICBHI_110_1p1_PR,ICBHI_110,1,ICBHI,Meditron,0.900003694229084,2
ICBHI_110_1p1_PR_005,ICBHI_110_1p1_PR,ICBHI_110,1,ICBHI,Meditron,0.921640191475818,2
ICBHI_110_1p1_PR_006,ICBHI_110_1p1_PR,ICBHI_110,1,ICBHI,Meditron,0.8747207421177045,2
ICBHI_110_1p1_PR_007,ICBHI_110_1p1_PR,ICBHI_110,1,ICBHI,Meditron,0.8672607639619987,2
ICBHI_110_1p1_PR_008,ICBHI_110_1p1_PR,ICBHI_110,1,ICBHI,Meditron,0.8846385984040539,2
ICBHI_110_1p1_PR_009,ICBHI_110_1p1_PR,ICBHI_110,1,ICBHI,Meditron,0.8754679370906234,2
ICBHI_110_1p1_PR_010,ICBHI_110_1p1_PR,ICBHI_110,1,ICBHI,Meditron,0.9068182895386296,2
ICBHI_110_1p1_PR_011,ICBHI_110_1p1_PR,ICBHI_110,1,ICBHI,Meditron,0.8271310977126684,2
ICBHI_110_1p1_PR_012,ICBHI_110_1p1_PR,ICBHI_110,1,ICBHI,Meditron,0.8050197829785412,2
ICBHI_110_1p1_PR_013,ICBHI_110_1p1_PR,ICBHI_110,1,ICBHI,Meditron,0.8011591224469669,2
ICBHI_110_1p1_PR_014,ICBHI_110_1p1_PR,ICBHI_110,1,ICBHI,Meditron,0.8601343465140441,2
ICBHI_110_1p1_PR_015,ICBHI_110_1p1_PR,ICBHI_110,1,ICBHI,Meditron,0.0174424847362053,2
ICBHI_110_1p1_PR_016,ICBHI_110_1p1_PR,ICBHI_110,1,ICBHI,Meditron,0.0776574371439222,2
ICBHI_110_1p1_PR_017,ICBHI_110_1p1_PR,ICBHI_110,1,ICBHI,Meditron,0.7638362701347781,2
ICBHI_110_1p1_PR_018,ICBHI_110_1p1_PR,ICBHI_110,1,ICBHI,Meditron,0.8473372037135224,2
ICBHI_110_1p1_PR_019,ICBHI_110_1p1_PR,ICBHI_110,1,ICBHI,Meditron,0.688363687019853,2
ICBHI_110_1p1_PR_020,ICBHI_110_1p1_PR,ICBHI_110,1,ICBHI,Meditron,0.0761324767711597,2
ICBHI_110_1p1_PR_021,ICBHI_110_1p1_PR,ICBHI_110,1,ICBHI,Meditron,0.024845436894269,2
ICBHI_110_1p1_PR_022,ICBHI_110_1p1_PR,ICBHI_110,1,ICBHI,Meditron,0.0010987310729246,2
ICBHI_110_1p1_PR_023,ICBHI_110_1p1_PR,ICBHI_110,1,ICBHI,Meditron,0.0008426423087564,2
ICBHI_110_1p1_PR_024,ICBHI_110_1p1_PR,ICBHI_110,1,ICBHI,Meditron,0.00492451037408,2
ICBHI_110_1p1_PR_025,ICBHI_110_1p1_PR,ICBHI_110,1,ICBHI,Meditron,0.0633663432033617,2
ICBHI_110_1p1_PR_026,ICBHI_110_1p1_PR,ICBHI_110,1,ICBHI,Meditron,0.4038607123243845,2
ICBHI_110_1p1_PR_027,ICBHI_110_1p1_PR,ICBHI_110,1,ICBHI,Meditron,0.6834194849762091,2
ICBHI_110_1p1_PR_028,ICBHI_110_1p1_PR,ICBHI_110,1,ICBHI,Meditron,0.5540180890927323,2
ICBHI_114_1b4_AL_000,ICBHI_114_1b4_AL,ICBHI_114,1,ICBHI,AKGC417L,0.8631610820984377,2
ICBHI_114_1b4_AL_001,ICBHI_114_1b4_AL,ICBHI_114,1,ICBHI,AKGC417L,0.8601343465140441,2
ICBHI_114_1b4_AL_002,ICBHI_114_1b4_AL,ICBHI_114,1,ICBHI,AKGC417L,0.8543993677396563,2
ICBHI_114_1b4_AL_003,ICBHI_114_1b4_AL,ICBHI_114,1,ICBHI,AKGC417L,0.8276889202994314,2
ICBHI_114_1b4_AL_004,ICBHI_114_1b4_AL,ICBHI_114,1,ICBHI,AKGC417L,0.8037905871912979,2
ICBHI_114_1b4_AL_005,ICBHI_114_1b4_AL,ICBHI_114,1,ICBHI,AKGC417L,0.8413048148640399,2
ICBHI_114_1b4_AL_006,ICBHI_114_1b4_AL,ICBHI_114,1,ICBHI,AKGC417L,0.8609547092195301,2
ICBHI_114_1b4_AR_000,ICBHI_114_1b4_AR,ICBHI_114,1,ICBHI,AKGC417L,0.902093313941911,2
ICBHI_114_1b4_AR_001,ICBHI_114_1b4_AR,ICBHI_114,1,ICBHI,AKGC417L,0.926569947300106,2
ICBHI_114_1b4_AR_002,ICBHI_114_1b4_AR,ICBHI_114,1,ICBHI,AKGC417L,0.9233161978167048,2
ICBHI_114_1b4_AR_003,ICBHI_114_1b4_AR,ICBHI_114,1,ICBHI,AKGC417L,0.9246876936763764,2
ICBHI_114_1b4_AR_004,ICBHI_114_1b4_AR,ICBHI_114,1,ICBHI,AKGC417L,0.9272316200722835,2
ICBHI_114_1b4_AR_005,ICBHI_114_1b4_AR,ICBHI_114,1,ICBHI,AKGC417L,0.900003694229084,2
ICBHI_114_1b4_AR_006,ICBHI_114_1b4_AR,ICBHI_114,1,ICBHI,AKGC417L,0.9027811572378382,2
ICBHI_114_1b4_LR_000,ICBHI_114_1b4_LR,ICBHI_114,1,ICBHI,AKGC417L,0.8564524932892094,2
ICBHI_114_1b4_LR_001,ICBHI_114_1b4_LR,ICBHI_114,1,ICBHI,AKGC417L,0.8597815235746459,2
ICBHI_114_1b4_LR_002,ICBHI_114_1b4_LR,ICBHI_114,1,ICBHI,AKGC417L,0.8975157807475012,2
ICBHI_114_1b4_LR_003,ICBHI_114_1b4_LR,ICBHI_114,1,ICBHI,AKGC417L,0.8643104540313907,2
ICBHI_114_1b4_LR_004,ICBHI_114_1b4_LR,ICBHI_114,1,ICBHI,AKGC417L,0.8494723686970466,2
ICBHI_114_1b4_LR_005,ICBHI_114_1b4_LR,ICBHI_114,1,ICBHI,AKGC417L,0.8830344094536157,2
ICBHI_114_1b4_LR_006,ICBHI_114_1b4_LR,ICBHI_114,1,ICBHI,AKGC417L,0.8764229964761774,2
ICBHI_114_1b4_PL_000,ICBHI_114_1b4_PL,ICBHI_114,1,ICBHI,AKGC417L,0.9376689641180752,2
ICBHI_114_1b4_PL_001,ICBHI_114_1b4_PL,ICBHI_114,1,ICBHI,AKGC417L,0.9347534342381864,2
ICBHI_114_1b4_PL_002,ICBHI_114_1b4_PL,ICBHI_114,1,ICBHI,AKGC417L,0.929696150018054,2
ICBHI_114_1b4_PL_003,ICBHI_114_1b4_PL,ICBHI_114,1,ICBHI,AKGC417L,0.9373256283116482,2
ICBHI_114_1b4_PL_004,ICBHI_114_1b4_PL,ICBHI_114,1,ICBHI,AKGC417L,0.9473810466522864,2
ICBHI_114_1b4_PL_005,ICBHI_114_1b4_PL,ICBHI_114,1,ICBHI,AKGC417L,0.9453993942183476,2
ICBHI_114_1b4_PL_006,ICBHI_114_1b4_PL,ICBHI_114,1,ICBHI,AKGC417L,0.9333093454842049,2
ICBHI_114_1b4_PR_000,ICBHI_114_1b4_PR,ICBHI_114,1,ICBHI,AKGC417L,0.8866168991447488,2
ICBHI_114_1b4_PR_001,ICBHI_114_1b4_PR,ICBHI_114,1,ICBHI,AKGC417L,0.9263037302939516,2
ICBHI_114_1b4_PR_002,ICBHI_114_1b4_PR,ICBHI_114,1,ICBHI,AKGC417L,0.9087799382901208,2
ICBHI_114_1b4_PR_003,ICBHI_114_1b4_PR,ICBHI_114,1,ICBHI,AKGC417L,0.8830344094536157,2
ICBHI_114_1b4_PR_004,ICBHI_114_1b4_PR,ICBHI_114,1,ICBHI,AKGC417L,0.8918110454379297,2
ICBHI_114_1b4_PR_005,ICBHI_114_1b4_PR,ICBHI_114,1,ICBHI,AKGC417L,0.8947894632969136,2
ICBHI_114_1b4_PR_006,ICBHI_114_1b4_PR,ICBHI_114,1,ICBHI,AKGC417L,0.9029524430206696,2
ICBHI_130_1p2_AL_000,ICBHI_130_1p2_AL,ICBHI_130,1,ICBHI,AKGC417L,0.9012274112476256,2
ICBHI_130_1p2_AL_001,ICBHI_130_1p2_AL,ICBHI_130,1,ICBHI,AKGC417L,0.8942365768704993,2
ICBHI_130_1p2_AL_002,ICBHI_130_1p2_AL,ICBHI_130,1,ICBHI,AKGC417L,0.7567173056632309,2
ICBHI_130_1p2_AL_003,ICBHI_130_1p2_AL,ICBHI_130,1,ICBHI,AKGC417L,0.9039745112122062,2
ICBHI_130_1p2_AL_004,ICBHI_130_1p2_AL,ICBHI_130,1,ICBHI,AKGC417L,0.9197867491515396,2
ICBHI_130_1p2_AL_005,ICBHI_130_1p2_AL,ICBHI_130,1,ICBHI,AKGC417L,0.9113376495526664,2
ICBHI_130_1p2_AL_006,ICBHI_130_1p2_AL,ICBHI_130,1,ICBHI,AKGC417L,0.9113376495526664,2
ICBHI_130_1p2_AR_000,ICBHI_130_1p2_AR,ICBHI_130,1,ICBHI,AKGC417L,0.0002982776415551,2
ICBHI_130_1p2_AR_001,ICBHI_130_1p2_AR,ICBHI_130,1,ICBHI,AKGC417L,6.814872211615988e-05,2
ICBHI_130_1p2_AR_002,ICBHI_130_1p2_AR,ICBHI_130,1,ICBHI,AKGC417L,0.0002082501051923,2
ICBHI_130_1p2_AR_003,ICBHI_130_1p2_AR,ICBHI_130,1,ICBHI,AKGC417L,0.0018102110262026,2
ICBHI_130_1p2_AR_004,ICBHI_130_1p2_AR,ICBHI_130,1,ICBHI,AKGC417L,0.6829967608364195,2
ICBHI_130_1p2_AR_005,ICBHI_130_1p2_AR,ICBHI_130,1,ICBHI,AKGC417L,0.2319620037311096,2
ICBHI_130_1p2_AR_006,ICBHI_130_1p2_AR,ICBHI_130,1,ICBHI,AKGC417L,0.562026266867169,2
ICBHI_130_1p2_LL_000,ICBHI_130_1p2_LL,ICBHI_130,1,ICBHI,AKGC417L,0.9122799870400568,2
ICBHI_130_1p2_LL_001,ICBHI_130_1p2_LL,ICBHI_130,1,ICBHI,AKGC417L,0.9395815801038564,2
ICBHI_130_1p2_LL_002,ICBHI_130_1p2_LL,ICBHI_130,1,ICBHI,AKGC417L,0.8604864257250425,2
ICBHI_130_1p2_LL_003,ICBHI_130_1p2_LL,ICBHI_130,1,ICBHI,AKGC417L,0.8213309063679683,2
ICBHI_130_1p2_LL_004,ICBHI_130_1p2_LL,ICBHI_130,1,ICBHI,AKGC417L,0.8947894632969136,2
ICBHI_130_1p2_LL_005,ICBHI_130_1p2_LL,ICBHI_130,1,ICBHI,AKGC417L,0.8960696214948621,2
ICBHI_130_1p2_LL_006,ICBHI_130_1p2_LL,ICBHI_130,1,ICBHI,AKGC417L,0.8944211564084097,2
ICBHI_130_1p2_LR_000,ICBHI_130_1p2_LR,ICBHI_130,1,ICBHI,AKGC417L,0.9007046022173545,2
ICBHI_130_1p2_LR_001,ICBHI_130_1p2_LR,ICBHI_130,1,ICBHI,AKGC417L,0.7959754680393245,2
ICBHI_130_1p2_LR_002,ICBHI_130_1p2_LR,ICBHI_130,1,ICBHI,AKGC417L,0.8982321554928229,2
ICBHI_130_1p2_LR_003,ICBHI_130_1p2_LR,ICBHI_130,1,ICBHI,AKGC417L,0.90894172110682,2
ICBHI_130_1p2_LR_004,ICBHI_130_1p2_LR,ICBHI_130,1,ICBHI,AKGC417L,0.6190107695157563,2
ICBHI_130_1p2_LR_005,ICBHI_130_1p2_LR,ICBHI_130,1,ICBHI,AKGC417L,0.7180015822237119,2
ICBHI_130_1p2_LR_006,ICBHI_130_1p2_LR,ICBHI_130,1,ICBHI,AKGC417L,0.4312847491570041,2
ICBHI_130_1p2_PL_000,ICBHI_130_1p2_PL,ICBHI_130,1,ICBHI,AKGC417L,0.9388007742267246,2
ICBHI_130_1p2_PL_001,ICBHI_130_1p2_PL,ICBHI_130,1,ICBHI,AKGC417L,0.933552071096812,2
ICBHI_130_1p2_PL_002,ICBHI_130_1p2_PL,ICBHI_130,1,ICBHI,AKGC417L,0.944689347784004,2
ICBHI_130_1p2_PL_003,ICBHI_130_1p2_PL,ICBHI_130,1,ICBHI,AKGC417L,0.9431384513550536,2
ICBHI_130_1p2_PL_004,ICBHI_130_1p2_PL,ICBHI_130,1,ICBHI,AKGC417L,0.935109885267838,2
ICBHI_130_1p2_PL_005,ICBHI_130_1p2_PL,ICBHI_130,1,ICBHI,AKGC417L,0.9250947286452256,2
ICBHI_130_1p2_PL_006,ICBHI_130_1p2_PL,ICBHI_130,1,ICBHI,AKGC417L,0.9328214227111128,2
ICBHI_130_1p2_PR_000,ICBHI_130_1p2_PR,ICBHI_130,1,ICBHI,AKGC417L,0.5933147639246505,2
ICBHI_130_1p2_PR_001,ICBHI_130_1p2_PR,ICBHI_130,1,ICBHI,AKGC417L,0.6622506022306672,2
ICBHI_130_1p2_PR_002,ICBHI_130_1p2_PR,ICBHI_130,1,ICBHI,AKGC417L,0.9039745112122062,2
ICBHI_130_1p2_PR_003,ICBHI_130_1p2_PR,ICBHI_130,1,ICBHI,AKGC417L,0.9107043571873992,2
ICBHI_130_1p2_PR_004,ICBHI_130_1p2_PR,ICBHI_130,1,ICBHI,AKGC417L,0.9149009549929796,2
ICBHI_130_1p2_PR_005,ICBHI_130_1p2_PR,ICBHI_130,1,ICBHI,AKGC417L,0.811676021090197,2
ICBHI_130_1p2_PR_006,ICBHI_130_1p2_PR,ICBHI_130,1,ICBHI,AKGC417L,0.7059877727432149,2
ICBHI_130_1p2_TC_000,ICBHI_130_1p2_TC,ICBHI_130,1,ICBHI,AKGC417L,0.0603076399750692,2
ICBHI_130_1p2_TC_001,ICBHI_130_1p2_TC,ICBHI_130,1,ICBHI,AKGC417L,0.129402731591639,2
ICBHI_130_1p2_TC_002,ICBHI_130_1p2_TC,ICBHI_130,1,ICBHI,AKGC417L,0.7940657584546307,2
ICBHI_130_1p2_TC_003,ICBHI_130_1p2_TC,ICBHI_130,1,ICBHI,AKGC417L,0.7602948833201225,2
ICBHI_130_1p2_TC_004,ICBHI_130_1p2_TC,ICBHI_130,1,ICBHI,AKGC417L,0.7418610704636929,2
ICBHI_130_1p2_TC_005,ICBHI_130_1p2_TC,ICBHI_130,1,ICBHI,AKGC417L,0.8663588093010424,2
ICBHI_130_1p2_TC_006,ICBHI_130_1p2_TC,ICBHI_130,1,ICBHI,AKGC417L,0.9015745876334376,2
ICBHI_130_1p3_AL_000,ICBHI_130_1p3_AL,ICBHI_130,1,ICBHI,AKGC417L,0.51046600034026,2
ICBHI_130_1p3_AL_001,ICBHI_130_1p3_AL,ICBHI_130,1,ICBHI,AKGC417L,0.5699124942915227,2
ICBHI_130_1p3_AL_002,ICBHI_130_1p3_AL,ICBHI_130,1,ICBHI,AKGC417L,0.0951811254491191,2
ICBHI_130_1p3_AL_003,ICBHI_130_1p3_AL,ICBHI_130,1,ICBHI,AKGC417L,0.6084777425733899,2
ICBHI_130_1p3_AL_004,ICBHI_130_1p3_AL,ICBHI_130,1,ICBHI,AKGC417L,0.6839474643302429,2
ICBHI_130_1p3_AL_005,ICBHI_130_1p3_AL,ICBHI_130,1,ICBHI,AKGC417L,0.4388152530996713,2
ICBHI_130_1p3_AL_006,ICBHI_130_1p3_AL,ICBHI_130,1,ICBHI,AKGC417L,0.670608279935473,2
ICBHI_130_1p3_AR_000,ICBHI_130_1p3_AR,ICBHI_130,1,ICBHI,AKGC417L,0.755276170890018,2
ICBHI_130_1p3_AR_001,ICBHI_130_1p3_AR,ICBHI_130,1,ICBHI,AKGC417L,0.7931059511841119,2
ICBHI_130_1p3_AR_002,ICBHI_130_1p3_AR,ICBHI_130,1,ICBHI,AKGC417L,0.8013146462095748,2
ICBHI_130_1p3_AR_003,ICBHI_130_1p3_AR,ICBHI_130,1,ICBHI,AKGC417L,0.5005598065898181,2
ICBHI_130_1p3_AR_004,ICBHI_130_1p3_AR,ICBHI_130,1,ICBHI,AKGC417L,0.5235725998602389,2
ICBHI_130_1p3_AR_005,ICBHI_130_1p3_AR,ICBHI_130,1,ICBHI,AKGC417L,0.3219927598427878,2
ICBHI_130_1p3_AR_006,ICBHI_130_1p3_AR,ICBHI_130,1,ICBHI,AKGC417L,0.582372291024895,2
ICBHI_130_1p3_LL_000,ICBHI_130_1p3_LL,ICBHI_130,1,ICBHI,AKGC417L,0.9277569977504976,2
ICBHI_130_1p3_LL_001,ICBHI_130_1p3_LL,ICBHI_130,1,ICBHI,AKGC417L,0.9354645234007783,2
ICBHI_130_1p3_LL_002,ICBHI_130_1p3_LL,ICBHI_130,1,ICBHI,AKGC417L,0.915959388442632,2
ICBHI_130_1p3_LL_003,ICBHI_130_1p3_LL,ICBHI_130,1,ICBHI,AKGC417L,0.9032942067038784,2
ICBHI_130_1p3_LL_004,ICBHI_130_1p3_LL,ICBHI_130,1,ICBHI,AKGC417L,0.9578334587487554,2
ICBHI_130_1p3_LL_005,ICBHI_130_1p3_LL,ICBHI_130,1,ICBHI,AKGC417L,0.9173026573249612,2
ICBHI_130_1p3_LL_006,ICBHI_130_1p3_LL,ICBHI_130,1,ICBHI,AKGC417L,0.8822250804291385,2
ICBHI_130_1p3_LR_000,ICBHI_130_1p3_LR,ICBHI_130,1,ICBHI,AKGC417L,0.9197867491515396,2
ICBHI_130_1p3_LR_001,ICBHI_130_1p3_LR,ICBHI_130,1,ICBHI,AKGC417L,0.9058233363414856,2
ICBHI_130_1p3_LR_002,ICBHI_130_1p3_LR,ICBHI_130,1,ICBHI,AKGC417L,0.8611883563363985,2
ICBHI_130_1p3_LR_003,ICBHI_130_1p3_LR,ICBHI_130,1,ICBHI,AKGC417L,0.8459424373085146,2
ICBHI_130_1p3_LR_004,ICBHI_130_1p3_LR,ICBHI_130,1,ICBHI,AKGC417L,0.8816149031928324,2
ICBHI_130_1p3_LR_005,ICBHI_130_1p3_LR,ICBHI_130,1,ICBHI,AKGC417L,0.8947894632969136,2
ICBHI_130_1p3_LR_006,ICBHI_130_1p3_LR,ICBHI_130,1,ICBHI,AKGC417L,0.8595458946842855,2
ICBHI_130_1p3_PL_000,ICBHI_130_1p3_PL,ICBHI_130,1,ICBHI,AKGC417L,0.9285385081933416,2
ICBHI_130_1p3_PL_001,ICBHI_130_1p3_PL,ICBHI_130,1,ICBHI,AKGC417L,0.9282788756737624,2
ICBHI_130_1p3_PL_002,ICBHI_130_1p3_PL,ICBHI_130,1,ICBHI,AKGC417L,0.9111797075998822,2
ICBHI_130_1p3_PL_003,ICBHI_130_1p3_PL,ICBHI_130,1,ICBHI,AKGC417L,0.9139841186828944,2
ICBHI_130_1p3_PL_004,ICBHI_130_1p3_PL,ICBHI_130,1,ICBHI,AKGC417L,0.939136553775108,2
ICBHI_130_1p3_PL_005,ICBHI_130_1p3_PL,ICBHI_130,1,ICBHI,AKGC417L,0.8953397977385916,2
ICBHI_130_1p3_PL_006,ICBHI_130_1p3_PL,ICBHI_130,1,ICBHI,AKGC417L,0.8749346174830964,2
ICBHI_130_1p3_PR_000,ICBHI_130_1p3_PR,ICBHI_130,1,ICBHI,AKGC417L,0.8951566359697456,2
ICBHI_130_1p3_PR_001,ICBHI_130_1p3_PR,ICBHI_130,1,ICBHI,AKGC417L,0.9168570857654618,2
ICBHI_130_1p3_PR_002,ICBHI_130_1p3_PR,ICBHI_130,1,ICBHI,AKGC417L,0.9008791448995754,2
ICBHI_130_1p3_PR_003,ICBHI_130_1p3_PR,ICBHI_130,1,ICBHI,AKGC417L,0.9210741144349998,2
ICBHI_130_1p3_PR_004,ICBHI_130_1p3_PR,ICBHI_130,1,ICBHI,AKGC417L,0.9395815801038564,2
ICBHI_130_1p3_PR_005,ICBHI_130_1p3_PR,ICBHI_130,1,ICBHI,AKGC417L,0.8976952921073469,2
ICBHI_130_1p3_PR_006,ICBHI_130_1p3_PR,ICBHI_130,1,ICBHI,AKGC417L,0.8686040244223471,2
ICBHI_130_1p3_TC_000,ICBHI_130_1p3_TC,ICBHI_130,1,ICBHI,AKGC417L,0.8854334959262264,2
ICBHI_130_1p3_TC_001,ICBHI_130_1p3_TC,ICBHI_130,1,ICBHI,AKGC417L,0.909103245693355,2
ICBHI_130_1p3_TC_002,ICBHI_130_1p3_TC,ICBHI_130,1,ICBHI,AKGC417L,0.8966140333938164,2
ICBHI_130_1p3_TC_003,ICBHI_130_1p3_TC,ICBHI_130,1,ICBHI,AKGC417L,0.8646536750380953,2
ICBHI_130_1p3_TC_004,ICBHI_130_1p3_TC,ICBHI_130,1,ICBHI,AKGC417L,0.8271310977126684,2
ICBHI_130_1p3_TC_005,ICBHI_130_1p3_TC,ICBHI_130,1,ICBHI,AKGC417L,0.90796713988899,2
ICBHI_130_1p3_TC_006,ICBHI_130_1p3_TC,ICBHI_130,1,ICBHI,AKGC417L,0.8759993047687339,2
ICBHI_130_1p4_AL_000,ICBHI_130_1p4_AL,ICBHI_130,1,ICBHI,AKGC417L,0.8628146765958754,2
ICBHI_130_1p4_AL_001,ICBHI_130_1p4_AL,ICBHI_130,1,ICBHI,AKGC417L,0.6633418973221763,2
ICBHI_130_1p4_AL_002,ICBHI_130_1p4_AL,ICBHI_130,1,ICBHI,AKGC417L,0.7343100966418995,2
ICBHI_130_1p4_AL_003,ICBHI_130_1p4_AL,ICBHI_130,1,ICBHI,AKGC417L,0.35075489046863,2
ICBHI_130_1p4_AL_004,ICBHI_130_1p4_AL,ICBHI_130,1,ICBHI,AKGC417L,0.1074374766084201,2
ICBHI_130_1p4_AL_005,ICBHI_130_1p4_AL,ICBHI_130,1,ICBHI,AKGC417L,0.700587627699806,2
ICBHI_130_1p4_AL_006,ICBHI_130_1p4_AL,ICBHI_130,1,ICBHI,AKGC417L,0.6343168279804076,2
ICBHI_130_1p4_AR_000,ICBHI_130_1p4_AR,ICBHI_130,1,ICBHI,AKGC417L,0.9156582049691224,2
ICBHI_130_1p4_AR_001,ICBHI_130_1p4_AR,ICBHI_130,1,ICBHI,AKGC417L,0.834271908673048,2
ICBHI_130_1p4_AR_002,ICBHI_130_1p4_AR,ICBHI_130,1,ICBHI,AKGC417L,0.0100523686579681,2
ICBHI_130_1p4_AR_003,ICBHI_130_1p4_AR,ICBHI_130,1,ICBHI,AKGC417L,0.0084784019346774,2
ICBHI_130_1p4_AR_004,ICBHI_130_1p4_AR,ICBHI_130,1,ICBHI,AKGC417L,0.6943026711575786,2
ICBHI_130_1p4_AR_005,ICBHI_130_1p4_AR,ICBHI_130,1,ICBHI,AKGC417L,0.3375310000260348,2
ICBHI_130_1p4_AR_006,ICBHI_130_1p4_AR,ICBHI_130,1,ICBHI,AKGC417L,0.54691965128964,2
ICBHI_130_1p4_LL_000,ICBHI_130_1p4_LL,ICBHI_130,1,ICBHI,AKGC417L,0.8196047411357773,2
ICBHI_130_1p4_LL_001,ICBHI_130_1p4_LL,ICBHI_130,1,ICBHI,AKGC417L,0.8699357302881339,2
ICBHI_130_1p4_LL_002,ICBHI_130_1p4_LL,ICBHI_130,1,ICBHI,AKGC417L,0.920932012086084,2
ICBHI_130_1p4_LL_003,ICBHI_130_1p4_LL,ICBHI_130,1,ICBHI,AKGC417L,0.9250947286452256,2
ICBHI_130_1p4_LL_004,ICBHI_130_1p4_LL,ICBHI_130,1,ICBHI,AKGC417L,0.9178933729531492,2
ICBHI_130_1p4_LL_005,ICBHI_130_1p4_LL,ICBHI_130,1,ICBHI,AKGC417L,0.909746767946179,2
ICBHI_130_1p4_LL_006,ICBHI_130_1p4_LL,ICBHI_130,1,ICBHI,AKGC417L,0.6117879404488153,2
ICBHI_130_1p4_LR_000,ICBHI_130_1p4_LR,ICBHI_130,1,ICBHI,AKGC417L,0.8427337625321223,2
ICBHI_130_1p4_LR_001,ICBHI_130_1p4_LR,ICBHI_130,1,ICBHI,AKGC417L,0.9233161978167048,2
ICBHI_130_1p4_LR_002,ICBHI_130_1p4_LR,ICBHI_130,1,ICBHI,AKGC417L,0.9336731259764038,2
ICBHI_130_1p4_LR_003,ICBHI_130_1p4_LR,ICBHI_130,1,ICBHI,AKGC417L,0.9257686295391644,2
ICBHI_130_1p4_LR_004,ICBHI_130_1p4_LR,ICBHI_130,1,ICBHI,AKGC417L,0.91610961358942,2
ICBHI_130_1p4_LR_005,ICBHI_130_1p4_LR,ICBHI_130,1,ICBHI,AKGC417L,0.8719117516553389,2
ICBHI_130_1p4_LR_006,ICBHI_130_1p4_LR,ICBHI_130,1,ICBHI,AKGC417L,0.83960249747165,2
ICBHI_130_1p4_PL_000,ICBHI_130_1p4_PL,ICBHI_130,1,ICBHI,AKGC417L,0.9324533088603708,2
ICBHI_130_1p4_PL_001,ICBHI_130_1p4_PL,ICBHI_130,1,ICBHI,AKGC417L,0.9431384513550536,2
ICBHI_130_1p4_PL_002,ICBHI_130_1p4_PL,ICBHI_130,1,ICBHI,AKGC417L,0.9425067211996144,2
ICBHI_130_1p4_PL_003,ICBHI_130_1p4_PL,ICBHI_130,1,ICBHI,AKGC417L,0.939359448826736,2
ICBHI_130_1p4_PL_004,ICBHI_130_1p4_PL,ICBHI_130,1,ICBHI,AKGC417L,0.9186263633876088,2
ICBHI_130_1p4_PL_005,ICBHI_130_1p4_PL,ICBHI_130,1,ICBHI,AKGC417L,0.9349912700743233,2
ICBHI_130_1p4_PL_006,ICBHI_130_1p4_PL,ICBHI_130,1,ICBHI,AKGC417L,0.943763654295516,2
ICBHI_130_1p4_PR_000,ICBHI_130_1p4_PR,ICBHI_130,1,ICBHI,AKGC417L,0.909586273176162,2
ICBHI_130_1p4_PR_001,ICBHI_130_1p4_PR,ICBHI_130,1,ICBHI,AKGC417L,0.9364014209523384,2
ICBHI_130_1p4_PR_002,ICBHI_130_1p4_PR,ICBHI_130,1,ICBHI,AKGC417L,0.9483462190807312,2
ICBHI_130_1p4_PR_003,ICBHI_130_1p4_PR,ICBHI_130,1,ICBHI,AKGC417L,0.949482330277519,2
ICBHI_130_1p4_PR_004,ICBHI_130_1p4_PR,ICBHI_130,1,ICBHI,AKGC417L,0.9125920825087166,2
ICBHI_130_1p4_PR_005,ICBHI_130_1p4_PR,ICBHI_130,1,ICBHI,AKGC417L,0.9349912700743233,2
ICBHI_130_1p4_PR_006,ICBHI_130_1p4_PR,ICBHI_130,1,ICBHI,AKGC417L,0.9491062801381662,2
ICBHI_130_1p4_TC_000,ICBHI_130_1p4_TC,ICBHI_130,1,ICBHI,AKGC417L,0.8885655479945739,2
ICBHI_130_1p4_TC_001,ICBHI_130_1p4_TC,ICBHI_130,1,ICBHI,AKGC417L,0.8998277813740775,2
ICBHI_130_1p4_TC_002,ICBHI_130_1p4_TC,ICBHI_130,1,ICBHI,AKGC417L,0.9003546962924533,2
ICBHI_130_1p4_TC_003,ICBHI_130_1p4_TC,ICBHI_130,1,ICBHI,AKGC417L,0.8976952921073469,2
ICBHI_130_1p4_TC_004,ICBHI_130_1p4_TC,ICBHI_130,1,ICBHI,AKGC417L,0.8836382359770631,2
ICBHI_130_1p4_TC_005,ICBHI_130_1p4_TC,ICBHI_130,1,ICBHI,AKGC417L,0.90894172110682,2
ICBHI_130_1p4_TC_006,ICBHI_130_1p4_TC,ICBHI_130,1,ICBHI,AKGC417L,0.9150528966571873,2
ICBHI_130_2b2_AL_000,ICBHI_130_2b2_AL,ICBHI_130,1,ICBHI,AKGC417L,0.7943849604299823,2
ICBHI_130_2b2_AL_001,ICBHI_130_2b2_AL,ICBHI_130,1,ICBHI,AKGC417L,0.5248208896362827,2
ICBHI_130_2b2_AL_002,ICBHI_130_2b2_AL,ICBHI_130,1,ICBHI,AKGC417L,0.4126484911219695,2
ICBHI_130_2b2_AL_003,ICBHI_130_2b2_AL,ICBHI_130,1,ICBHI,AKGC417L,0.7927852815759895,2
ICBHI_130_2b2_AL_004,ICBHI_130_2b2_AL,ICBHI_130,1,ICBHI,AKGC417L,0.6226887995543804,2
ICBHI_130_2b2_AL_005,ICBHI_130_2b2_AL,ICBHI_130,1,ICBHI,AKGC417L,0.8028648524846255,2
ICBHI_130_2b2_AL_006,ICBHI_130_2b2_AL,ICBHI_130,1,ICBHI,AKGC417L,0.8236123187076703,2
ICBHI_130_2b2_AR_000,ICBHI_130_2b2_AR,ICBHI_130,1,ICBHI,AKGC417L,0.7358315130862205,2
ICBHI_130_2b2_AR_001,ICBHI_130_2b2_AR,ICBHI_130,1,ICBHI,AKGC417L,0.7962924693012908,2
ICBHI_130_2b2_AR_002,ICBHI_130_2b2_AR,ICBHI_130,1,ICBHI,AKGC417L,0.8369547432098816,2
ICBHI_130_2b2_AR_003,ICBHI_130_2b2_AR,ICBHI_130,1,ICBHI,AKGC417L,0.8390757441161931,2
ICBHI_130_2b2_AR_004,ICBHI_130_2b2_AR,ICBHI_130,1,ICBHI,AKGC417L,0.7954992785477151,2
ICBHI_130_2b2_AR_005,ICBHI_130_2b2_AR,ICBHI_130,1,ICBHI,AKGC417L,0.7967672836747012,2
ICBHI_130_2b2_AR_006,ICBHI_130_2b2_AR,ICBHI_130,1,ICBHI,AKGC417L,0.7961340145076362,2
ICBHI_130_2b2_LL_000,ICBHI_130_2b2_LL,ICBHI_130,1,ICBHI,AKGC417L,0.9175984969391424,2
ICBHI_130_2b2_LL_001,ICBHI_130_2b2_LL,ICBHI_130,1,ICBHI,AKGC417L,0.8620035287315965,2
ICBHI_130_2b2_LL_002,ICBHI_130_2b2_LL,ICBHI_130,1,ICBHI,AKGC417L,0.0749052713547744,2
ICBHI_130_2b2_LL_003,ICBHI_130_2b2_LL,ICBHI_130,1,ICBHI,AKGC417L,0.0157845610738097,2
ICBHI_130_2b2_LL_004,ICBHI_130_2b2_LL,ICBHI_130,1,ICBHI,AKGC417L,0.0039607875302097,2
ICBHI_130_2b2_LL_005,ICBHI_130_2b2_LL,ICBHI_130,1,ICBHI,AKGC417L,0.1711997120045787,2
ICBHI_130_2b2_LL_006,ICBHI_130_2b2_LL,ICBHI_130,1,ICBHI,AKGC417L,0.223377061783443,2
ICBHI_130_2b2_LR_000,ICBHI_130_2b2_LR,ICBHI_130,1,ICBHI,AKGC417L,0.8591918303320635,2
ICBHI_130_2b2_LR_001,ICBHI_130_2b2_LR,ICBHI_130,1,ICBHI,AKGC417L,0.8674854455595564,2
ICBHI_130_2b2_LR_002,ICBHI_130_2b2_LR,ICBHI_130,1,ICBHI,AKGC417L,0.3363310529262674,2
ICBHI_130_2b2_LR_003,ICBHI_130_2b2_LR,ICBHI_130,1,ICBHI,AKGC417L,0.3048688709099544,2
ICBHI_130_2b2_LR_004,ICBHI_130_2b2_LR,ICBHI_130,1,ICBHI,AKGC417L,0.6200466166953842,2
ICBHI_130_2b2_LR_005,ICBHI_130_2b2_LR,ICBHI_130,1,ICBHI,AKGC417L,0.7798252724252321,2
ICBHI_130_2b2_LR_006,ICBHI_130_2b2_LR,ICBHI_130,1,ICBHI,AKGC417L,0.7654180546924173,2
ICBHI_130_2b2_PL_000,ICBHI_130_2b2_PL,ICBHI_130,1,ICBHI,AKGC417L,0.9233161978167048,2
ICBHI_130_2b2_PL_001,ICBHI_130_2b2_PL,ICBHI_130,1,ICBHI,AKGC417L,0.9024377762417778,2
ICBHI_130_2b2_PL_002,ICBHI_130_2b2_PL,ICBHI_130,1,ICBHI,AKGC417L,0.9113376495526664,2
ICBHI_130_2b2_PL_003,ICBHI_130_2b2_PL,ICBHI_130,1,ICBHI,AKGC417L,0.9061560406079822,2
ICBHI_130_2b2_PL_004,ICBHI_130_2b2_PL,ICBHI_130,1,ICBHI,AKGC417L,0.90894172110682,2
ICBHI_130_2b2_PL_005,ICBHI_130_2b2_PL,ICBHI_130,1,ICBHI,AKGC417L,0.9162595947543866,2
ICBHI_130_2b2_PL_006,ICBHI_130_2b2_PL,ICBHI_130,1,ICBHI,AKGC417L,0.9171543753982088,2
ICBHI_130_2b2_PR_000,ICBHI_130_2b2_PR,ICBHI_130,1,ICBHI,AKGC417L,0.9205043007398608,2
ICBHI_130_2b2_PR_001,ICBHI_130_2b2_PR,ICBHI_130,1,ICBHI,AKGC417L,0.8953397977385916,2
ICBHI_130_2b2_PR_002,ICBHI_130_2b2_PR,ICBHI_130,1,ICBHI,AKGC417L,0.8976952921073469,2
ICBHI_130_2b2_PR_003,ICBHI_130_2b2_PR,ICBHI_130,1,ICBHI,AKGC417L,0.8960696214948621,2
ICBHI_130_2b2_PR_004,ICBHI_130_2b2_PR,ICBHI_130,1,ICBHI,AKGC417L,0.8897206284139089,2
ICBHI_130_2b2_PR_005,ICBHI_130_2b2_PR,ICBHI_130,1,ICBHI,AKGC417L,0.8711463599581363,2
ICBHI_130_2b2_PR_006,ICBHI_130_2b2_PR,ICBHI_130,1,ICBHI,AKGC417L,0.8964328436644923,2
ICBHI_130_2b2_TC_000,ICBHI_130_2b2_TC,ICBHI_130,1,ICBHI,AKGC417L,0.6104534687142686,2
ICBHI_130_2b2_TC_001,ICBHI_130_2b2_TC,ICBHI_130,1,ICBHI,AKGC417L,0.4317638723198705,2
ICBHI_130_2b2_TC_002,ICBHI_130_2b2_TC,ICBHI_130,1,ICBHI,AKGC417L,0.4832673590339615,2
ICBHI_130_2b2_TC_003,ICBHI_130_2b2_TC,ICBHI_130,1,ICBHI,AKGC417L,0.6370307944803831,2
ICBHI_130_2b2_TC_004,ICBHI_130_2b2_TC,ICBHI_130,1,ICBHI,AKGC417L,0.0008830458477845,2
ICBHI_130_2b2_TC_005,ICBHI_130_2b2_TC,ICBHI_130,1,ICBHI,AKGC417L,0.0006589401102677,2
ICBHI_130_2b2_TC_006,ICBHI_130_2b2_TC,ICBHI_130,1,ICBHI,AKGC417L,0.0033115190602696,2
ICBHI_130_2b3_AL_000,ICBHI_130_2b3_AL,ICBHI_130,1,ICBHI,AKGC417L,0.3916385880877039,2
ICBHI_130_2b3_AL_001,ICBHI_130_2b3_AL,ICBHI_130,1,ICBHI,AKGC417L,0.0274285427042838,2
ICBHI_130_2b3_AL_002,ICBHI_130_2b3_AL,ICBHI_130,1,ICBHI,AKGC417L,0.5645786763641139,2
ICBHI_130_2b3_AL_003,ICBHI_130_2b3_AL,ICBHI_130,1,ICBHI,AKGC417L,0.1575252654043627,2
ICBHI_130_2b3_AL_004,ICBHI_130_2b3_AL,ICBHI_130,1,ICBHI,AKGC417L,0.3779997700846973,2
ICBHI_130_2b3_AL_005,ICBHI_130_2b3_AL,ICBHI_130,1,ICBHI,AKGC417L,0.7112303790258302,2
ICBHI_130_2b3_AL_006,ICBHI_130_2b3_AL,ICBHI_130,1,ICBHI,AKGC417L,0.7594038767986158,2
ICBHI_130_2b3_AR_000,ICBHI_130_2b3_AR,ICBHI_130,1,ICBHI,AKGC417L,0.8458151249428325,2
ICBHI_130_2b3_AR_001,ICBHI_130_2b3_AR,ICBHI_130,1,ICBHI,AKGC417L,0.7412996284427215,2
ICBHI_130_2b3_AR_002,ICBHI_130_2b3_AR,ICBHI_130,1,ICBHI,AKGC417L,0.7966091038807018,2
ICBHI_130_2b3_AR_003,ICBHI_130_2b3_AR,ICBHI_130,1,ICBHI,AKGC417L,0.8104789086703224,2
ICBHI_130_2b3_AR_004,ICBHI_130_2b3_AR,ICBHI_130,1,ICBHI,AKGC417L,0.8401278551276037,2
ICBHI_130_2b3_AR_005,ICBHI_130_2b3_AR,ICBHI_130,1,ICBHI,AKGC417L,0.8330531399355948,2
ICBHI_130_2b3_AR_006,ICBHI_130_2b3_AR,ICBHI_130,1,ICBHI,AKGC417L,0.8588370200175164,2
ICBHI_130_2b3_LL_000,ICBHI_130_2b3_LL,ICBHI_130,1,ICBHI,AKGC417L,0.0928521608316636,2
ICBHI_130_2b3_LL_001,ICBHI_130_2b3_LL,ICBHI_130,1,ICBHI,AKGC417L,0.5575743036844466,2
ICBHI_130_2b3_LL_002,ICBHI_130_2b3_LL,ICBHI_130,1,ICBHI,AKGC417L,0.725259623330965,2
ICBHI_130_2b3_LL_003,ICBHI_130_2b3_LL,ICBHI_130,1,ICBHI,AKGC417L,0.658417500561683,2
ICBHI_130_2b3_LL_004,ICBHI_130_2b3_LL,ICBHI_130,1,ICBHI,AKGC417L,0.0558231411346144,2
ICBHI_130_2b3_LL_005,ICBHI_130_2b3_LL,ICBHI_130,1,ICBHI,AKGC417L,0.0665691889705016,2
ICBHI_130_2b3_LL_006,ICBHI_130_2b3_LL,ICBHI_130,1,ICBHI,AKGC417L,0.6618135991545709,2
ICBHI_130_2b3_LR_000,ICBHI_130_2b3_LR,ICBHI_130,1,ICBHI,AKGC417L,0.9114953379300658,2
ICBHI_130_2b3_LR_001,ICBHI_130_2b3_LR,ICBHI_130,1,ICBHI,AKGC417L,0.9580694764363312,2
ICBHI_130_2b3_LR_002,ICBHI_130_2b3_LR,ICBHI_130,1,ICBHI,AKGC417L,0.9639160573870332,2
ICBHI_130_2b3_LR_003,ICBHI_130_2b3_LR,ICBHI_130,1,ICBHI,AKGC417L,0.9692078335557076,2
ICBHI_130_2b3_LR_004,ICBHI_130_2b3_LR,ICBHI_130,1,ICBHI,AKGC417L,0.9674102552339746,2
ICBHI_130_2b3_LR_005,ICBHI_130_2b3_LR,ICBHI_130,1,ICBHI,AKGC417L,0.9738443816461771,2
ICBHI_130_2b3_LR_006,ICBHI_130_2b3_LR,ICBHI_130,1,ICBHI,AKGC417L,0.8944211564084097,2
ICBHI_130_2b3_PL_000,ICBHI_130_2b3_PL,ICBHI_130,1,ICBHI,AKGC417L,0.9205043007398608,2
ICBHI_130_2b3_PL_001,ICBHI_130_2b3_PL,ICBHI_130,1,ICBHI,AKGC417L,0.90548957556435,2
ICBHI_130_2b3_PL_002,ICBHI_130_2b3_PL,ICBHI_130,1,ICBHI,AKGC417L,0.9125920825087166,2
ICBHI_130_2b3_PL_003,ICBHI_130_2b3_PL,ICBHI_130,1,ICBHI,AKGC417L,0.9181872878284922,2
ICBHI_130_2b3_PL_004,ICBHI_130_2b3_PL,ICBHI_130,1,ICBHI,AKGC417L,0.915959388442632,2
ICBHI_130_2b3_PL_005,ICBHI_130_2b3_PL,ICBHI_130,1,ICBHI,AKGC417L,0.9186263633876088,2
ICBHI_130_2b3_PL_006,ICBHI_130_2b3_PL,ICBHI_130,1,ICBHI,AKGC417L,0.9214990214584188,2
ICBHI_130_2b3_PR_000,ICBHI_130_2b3_PR,ICBHI_130,1,ICBHI,AKGC417L,0.9082930373547222,2
ICBHI_130_2b3_PR_001,ICBHI_130_2b3_PR,ICBHI_130,1,ICBHI,AKGC417L,0.9063219973254492,2
ICBHI_130_2b3_PR_002,ICBHI_130_2b3_PR,ICBHI_130,1,ICBHI,AKGC417L,0.910226713428791,2
ICBHI_130_2b3_PR_003,ICBHI_130_2b3_PR,ICBHI_130,1,ICBHI,AKGC417L,0.8877896276377429,2
ICBHI_130_2b3_PR_004,ICBHI_130_2b3_PR,ICBHI_130,1,ICBHI,AKGC417L,0.8818185990895465,2
ICBHI_130_2b3_PR_005,ICBHI_130_2b3_PR,ICBHI_130,1,ICBHI,AKGC417L,0.8946054517822124,2
ICBHI_130_2b3_PR_006,ICBHI_130_2b3_PR,ICBHI_130,1,ICBHI,AKGC417L,0.8933094060543487,2
ICBHI_130_2b3_TC_000,ICBHI_130_2b3_TC,ICBHI_130,1,ICBHI,AKGC417L,0.8082186275507353,2
ICBHI_130_2b3_TC_001,ICBHI_130_2b3_TC,ICBHI_130,1,ICBHI,AKGC417L,0.9550683569776216,2
ICBHI_130_2b3_TC_002,ICBHI_130_2b3_TC,ICBHI_130,1,ICBHI,AKGC417L,0.9734434290045008,2
ICBHI_130_2b3_TC_003,ICBHI_130_2b3_TC,ICBHI_130,1,ICBHI,AKGC417L,0.9113376495526664,2
ICBHI_130_2b3_TC_004,ICBHI_130_2b3_TC,ICBHI_130,1,ICBHI,AKGC417L,0.718396873379401,2
ICBHI_130_2b3_TC_005,ICBHI_130_2b3_TC,ICBHI_130,1,ICBHI,AKGC417L,0.8318272150763297,2
ICBHI_130_2b3_TC_006,ICBHI_130_2b3_TC,ICBHI_130,1,ICBHI,AKGC417L,0.1530421572448962,2
ICBHI_130_2b4_AL_000,ICBHI_130_2b4_AL,ICBHI_130,1,ICBHI,AKGC417L,0.279926903674316,2
ICBHI_130_2b4_AL_001,ICBHI_130_2b4_AL,ICBHI_130,1,ICBHI,AKGC417L,0.6972998180659961,2
ICBHI_130_2b4_AL_002,ICBHI_130_2b4_AL,ICBHI_130,1,ICBHI,AKGC417L,0.6911847734747362,2
ICBHI_130_2b4_AL_003,ICBHI_130_2b4_AL,ICBHI_130,1,ICBHI,AKGC417L,0.7030400139151695,2
ICBHI_130_2b4_AL_004,ICBHI_130_2b4_AL,ICBHI_130,1,ICBHI,AKGC417L,0.6783269517867622,2
ICBHI_130_2b4_AL_005,ICBHI_130_2b4_AL,ICBHI_130,1,ICBHI,AKGC417L,0.6541218336117602,2
ICBHI_130_2b4_AL_006,ICBHI_130_2b4_AL,ICBHI_130,1,ICBHI,AKGC417L,0.7064942781155733,2
ICBHI_130_2b4_AR_000,ICBHI_130_2b4_AR,ICBHI_130,1,ICBHI,AKGC417L,0.8464508271169839,2
ICBHI_130_2b4_AR_001,ICBHI_130_2b4_AR,ICBHI_130,1,ICBHI,AKGC417L,0.8798711899461571,2
ICBHI_130_2b4_AR_002,ICBHI_130_2b4_AR,ICBHI_130,1,ICBHI,AKGC417L,0.8455602421299269,2
ICBHI_130_2b4_AR_003,ICBHI_130_2b4_AR,ICBHI_130,1,ICBHI,AKGC417L,0.8262916869759688,2
ICBHI_130_2b4_AR_004,ICBHI_130_2b4_AR,ICBHI_130,1,ICBHI,AKGC417L,0.7905303186696747,2
ICBHI_130_2b4_AR_005,ICBHI_130_2b4_AR,ICBHI_130,1,ICBHI,AKGC417L,0.7906919838573103,2
ICBHI_130_2b4_AR_006,ICBHI_130_2b4_AR,ICBHI_130,1,ICBHI,AKGC417L,0.7871141519588875,2
ICBHI_130_2b4_LL_000,ICBHI_130_2b4_LL,ICBHI_130,1,ICBHI,AKGC417L,0.1443899774983152,2
ICBHI_130_2b4_LL_001,ICBHI_130_2b4_LL,ICBHI_130,1,ICBHI,AKGC417L,0.4798845202809394,2
ICBHI_130_2b4_LL_002,ICBHI_130_2b4_LL,ICBHI_130,1,ICBHI,AKGC417L,0.9373256283116482,2
ICBHI_130_2b4_LL_003,ICBHI_130_2b4_LL,ICBHI_130,1,ICBHI,AKGC417L,0.9546474194456936,2
ICBHI_130_2b4_LL_004,ICBHI_130_2b4_LL,ICBHI_130,1,ICBHI,AKGC417L,0.9022656804095373,2
ICBHI_130_2b4_LL_005,ICBHI_130_2b4_LL,ICBHI_130,1,ICBHI,AKGC417L,0.9540517926508258,2
ICBHI_130_2b4_LL_006,ICBHI_130_2b4_LL,ICBHI_130,1,ICBHI,AKGC417L,0.9390248191350352,2
ICBHI_130_2b4_LR_000,ICBHI_130_2b4_LR,ICBHI_130,1,ICBHI,AKGC417L,0.8723473746782093,2
ICBHI_130_2b4_LR_001,ICBHI_130_2b4_LR,ICBHI_130,1,ICBHI,AKGC417L,0.965641310666991,2
ICBHI_130_2b4_LR_002,ICBHI_130_2b4_LR,ICBHI_130,1,ICBHI,AKGC417L,0.8478418186787678,2
ICBHI_130_2b4_LR_003,ICBHI_130_2b4_LR,ICBHI_130,1,ICBHI,AKGC417L,0.8401278551276037,2
ICBHI_130_2b4_LR_004,ICBHI_130_2b4_LR,ICBHI_130,1,ICBHI,AKGC417L,0.5381641503305545,2
ICBHI_130_2b4_LR_005,ICBHI_130_2b4_LR,ICBHI_130,1,ICBHI,AKGC417L,0.3582407901052149,2
ICBHI_130_2b4_LR_006,ICBHI_130_2b4_LR,ICBHI_130,1,ICBHI,AKGC417L,0.4999057650577259,2
ICBHI_130_2b4_PL_000,ICBHI_130_2b4_PL,ICBHI_130,1,ICBHI,AKGC417L,0.9068182895386296,2
ICBHI_130_2b4_PL_001,ICBHI_130_2b4_PL,ICBHI_130,1,ICBHI,AKGC417L,0.9084555967245084,2
ICBHI_130_2b4_PL_002,ICBHI_130_2b4_PL,ICBHI_130,1,ICBHI,AKGC417L,0.90894172110682,2
ICBHI_130_2b4_PL_003,ICBHI_130_2b4_PL,ICBHI_130,1,ICBHI,AKGC417L,0.9044819293520492,2
ICBHI_130_2b4_PL_004,ICBHI_130_2b4_PL,ICBHI_130,1,ICBHI,AKGC417L,0.9111797075998822,2
ICBHI_130_2b4_PL_005,ICBHI_130_2b4_PL,ICBHI_130,1,ICBHI,AKGC417L,0.9237300338193294,2
ICBHI_130_2b4_PL_006,ICBHI_130_2b4_PL,ICBHI_130,1,ICBHI,AKGC417L,0.931711462472208,2
ICBHI_130_2p3_PL_000,ICBHI_130_2p3_PL,ICBHI_130,1,ICBHI,AKGC417L,0.935109885267838,2
ICBHI_130_2p3_PL_001,ICBHI_130_2p3_PL,ICBHI_130,1,ICBHI,AKGC417L,0.9136765234137296,2
ICBHI_130_2p3_PL_002,ICBHI_130_2p3_PL,ICBHI_130,1,ICBHI,AKGC417L,0.8731066714994528,2
ICBHI_130_2p3_PL_003,ICBHI_130_2p3_PL,ICBHI_130,1,ICBHI,AKGC417L,0.8902942261220291,2
ICBHI_130_2p3_PL_004,ICBHI_130_2p3_PL,ICBHI_130,1,ICBHI,AKGC417L,0.9313377141395016,2
ICBHI_130_2p3_PL_005,ICBHI_130_2p3_PL,ICBHI_130,1,ICBHI,AKGC417L,0.9314625069680096,2
ICBHI_130_2p3_PL_006,ICBHI_130_2p3_PL,ICBHI_130,1,ICBHI,AKGC417L,0.8975157807475012,2
ICBHI_130_2p5_AL_000,ICBHI_130_2p5_AL,ICBHI_130,1,ICBHI,AKGC417L,0.0010005044009099,2
ICBHI_130_2p5_AL_001,ICBHI_130_2p5_AL,ICBHI_130,1,ICBHI,AKGC417L,0.1145665040737736,2
ICBHI_130_2p5_AL_002,ICBHI_130_2p5_AL,ICBHI_130,1,ICBHI,AKGC417L,0.0179173447674713,2
ICBHI_130_2p5_AL_003,ICBHI_130_2p5_AL,ICBHI_130,1,ICBHI,AKGC417L,0.015967653488796,2
ICBHI_130_2p5_AL_004,ICBHI_130_2p5_AL,ICBHI_130,1,ICBHI,AKGC417L,0.0028009269671209,2
ICBHI_130_2p5_AL_005,ICBHI_130_2p5_AL,ICBHI_130,1,ICBHI,AKGC417L,0.0970475569793302,2
ICBHI_130_2p5_AL_006,ICBHI_130_2p5_AL,ICBHI_130,1,ICBHI,AKGC417L,0.0198327108040087,2
ICBHI_130_2p5_AR_000,ICBHI_130_2p5_AR,ICBHI_130,1,ICBHI,AKGC417L,0.0940101796165722,2
ICBHI_130_2p5_AR_001,ICBHI_130_2p5_AR,ICBHI_130,1,ICBHI,AKGC417L,0.4793970486356102,2
ICBHI_130_2p5_AR_002,ICBHI_130_2p5_AR,ICBHI_130,1,ICBHI,AKGC417L,0.8458151249428325,2
ICBHI_130_2p5_AR_003,ICBHI_130_2p5_AR,ICBHI_130,1,ICBHI,AKGC417L,0.4402285935070097,2
ICBHI_130_2p5_AR_004,ICBHI_130_2p5_AR,ICBHI_130,1,ICBHI,AKGC417L,0.7518304101315089,2
ICBHI_130_2p5_AR_005,ICBHI_130_2p5_AR,ICBHI_130,1,ICBHI,AKGC417L,0.909586273176162,2
ICBHI_130_2p5_AR_006,ICBHI_130_2p5_AR,ICBHI_130,1,ICBHI,AKGC417L,0.2852723891051641,2
ICBHI_130_2p5_LR_000,ICBHI_130_2p5_LR,ICBHI_130,1,ICBHI,AKGC417L,0.6708239596234855,2
ICBHI_130_2p5_LR_001,ICBHI_130_2p5_LR,ICBHI_130,1,ICBHI,AKGC417L,0.408748693174413,2
ICBHI_130_2p5_LR_002,ICBHI_130_2p5_LR,ICBHI_130,1,ICBHI,AKGC417L,0.6039318337259583,2
ICBHI_130_2p5_LR_003,ICBHI_130_2p5_LR,ICBHI_130,1,ICBHI,AKGC417L,0.6270381503544469,2
ICBHI_130_2p5_LR_004,ICBHI_130_2p5_LR,ICBHI_130,1,ICBHI,AKGC417L,0.75110085962349,2
ICBHI_130_2p5_LR_005,ICBHI_130_2p5_LR,ICBHI_130,1,ICBHI,AKGC417L,0.7617157879641979,2
ICBHI_130_2p5_LR_006,ICBHI_130_2p5_LR,ICBHI_130,1,ICBHI,AKGC417L,0.7017130778138413,2
ICBHI_130_2p5_PL_000,ICBHI_130_2p5_PL,ICBHI_130,1,ICBHI,AKGC417L,0.918917886176106,2
ICBHI_130_2p5_PL_001,ICBHI_130_2p5_PL,ICBHI_130,1,ICBHI,AKGC417L,0.920932012086084,2
ICBHI_130_2p5_PL_002,ICBHI_130_2p5_PL,ICBHI_130,1,ICBHI,AKGC417L,0.9326989254151,2
ICBHI_130_2p5_PL_003,ICBHI_130_2p5_PL,ICBHI_130,1,ICBHI,AKGC417L,0.7648916107800069,2
ICBHI_130_2p5_PL_004,ICBHI_130_2p5_PL,ICBHI_130,1,ICBHI,AKGC417L,0.6836307335389405,2
ICBHI_130_2p5_PL_005,ICBHI_130_2p5_PL,ICBHI_130,1,ICBHI,AKGC417L,0.042882237163097,2
ICBHI_130_2p5_PL_006,ICBHI_130_2p5_PL,ICBHI_130,1,ICBHI,AKGC417L,0.2132133078629807,2
ICBHI_130_2p5_PR_000,ICBHI_130_2p5_PR,ICBHI_130,1,ICBHI,AKGC417L,0.8504686206687655,2
ICBHI_130_2p5_PR_001,ICBHI_130_2p5_PR,ICBHI_130,1,ICBHI,AKGC417L,0.849971175657575,2
ICBHI_130_2p5_PR_002,ICBHI_130_2p5_PR,ICBHI_130,1,ICBHI,AKGC417L,0.8507168330025411,2
ICBHI_130_2p5_PR_003,ICBHI_130_2p5_PR,ICBHI_130,1,ICBHI,AKGC417L,0.8704872113355656,2
ICBHI_130_2p5_PR_004,ICBHI_130_2p5_PR,ICBHI_130,1,ICBHI,AKGC417L,0.885829153706156,2
ICBHI_130_2p5_PR_005,ICBHI_130_2p5_PR,ICBHI_130,1,ICBHI,AKGC417L,0.8691603027446185,2
ICBHI_130_2p5_PR_006,ICBHI_130_2p5_PR,ICBHI_130,1,ICBHI,AKGC417L,0.8682692948106071,2
ICBHI_130_2p5_TC_000,ICBHI_130_2p5_TC,ICBHI_130,1,ICBHI,AKGC417L,0.8996515935589441,2
ICBHI_130_2p5_TC_001,ICBHI_130_2p5_TC,ICBHI_130,1,ICBHI,AKGC417L,0.9114953379300658,2
ICBHI_130_2p5_TC_002,ICBHI_130_2p5_TC,ICBHI_130,1,ICBHI,AKGC417L,0.91610961358942,2
ICBHI_130_2p5_TC_003,ICBHI_130_2p5_TC,ICBHI_130,1,ICBHI,AKGC417L,0.915959388442632,2
ICBHI_130_2p5_TC_004,ICBHI_130_2p5_TC,ICBHI_130,1,ICBHI,AKGC417L,0.918917886176106,2
ICBHI_130_2p5_TC_005,ICBHI_130_2p5_TC,ICBHI_130,1,ICBHI,AKGC417L,0.9178933729531492,2
ICBHI_130_2p5_TC_006,ICBHI_130_2p5_TC,ICBHI_130,1,ICBHI,AKGC417L,0.9175984969391424,2
ICBHI_130_3b3_LL_000,ICBHI_130_3b3_LL,ICBHI_130,1,ICBHI,AKGC417L,0.8660192422796115,2
ICBHI_130_3b3_LL_001,ICBHI_130_3b3_LL,ICBHI_130,1,ICBHI,AKGC417L,0.875148179838435,2
ICBHI_130_3b3_LL_002,ICBHI_130_3b3_LL,ICBHI_130,1,ICBHI,AKGC417L,0.1330768633214375,2
ICBHI_130_3b3_LL_003,ICBHI_130_3b3_LL,ICBHI_130,1,ICBHI,AKGC417L,0.786622824583395,2
ICBHI_130_3b3_LL_004,ICBHI_130_3b3_LL,ICBHI_130,1,ICBHI,AKGC417L,0.8879840490799963,2
ICBHI_130_3b3_LL_005,ICBHI_130_3b3_LL,ICBHI_130,1,ICBHI,AKGC417L,0.9175984969391424,2
ICBHI_130_3b3_LL_006,ICBHI_130_3b3_LL,ICBHI_130,1,ICBHI,AKGC417L,0.9051547557946464,2
ICBHI_130_3b4_AL_000,ICBHI_130_3b4_AL,ICBHI_130,1,ICBHI,AKGC417L,0.0288161968032533,2
ICBHI_130_3b4_AL_001,ICBHI_130_3b4_AL,ICBHI_130,1,ICBHI,AKGC417L,0.0038244836446372,2
ICBHI_130_3b4_AL_002,ICBHI_130_3b4_AL,ICBHI_130,1,ICBHI,AKGC417L,0.7039566617217692,2
ICBHI_130_3b4_AL_003,ICBHI_130_3b4_AL,ICBHI_130,1,ICBHI,AKGC417L,0.5322427931023983,2
ICBHI_130_3b4_AL_004,ICBHI_130_3b4_AL,ICBHI_130,1,ICBHI,AKGC417L,0.3554392235932392,2
ICBHI_130_3b4_AL_005,ICBHI_130_3b4_AL,ICBHI_130,1,ICBHI,AKGC417L,0.0194193481824486,2
ICBHI_130_3b4_AL_006,ICBHI_130_3b4_AL,ICBHI_130,1,ICBHI,AKGC417L,0.0083157784774741,2
ICBHI_130_3b4_AR_000,ICBHI_130_3b4_AR,ICBHI_130,1,ICBHI,AKGC417L,0.9600626857930734,2
ICBHI_130_3b4_AR_001,ICBHI_130_3b4_AR,ICBHI_130,1,ICBHI,AKGC417L,0.9651848037780948,2
ICBHI_130_3b4_AR_002,ICBHI_130_3b4_AR,ICBHI_130,1,ICBHI,AKGC417L,0.9633686333603796,2
ICBHI_130_3b4_AR_003,ICBHI_130_3b4_AR,ICBHI_130,1,ICBHI,AKGC417L,0.9440738263146948,2
ICBHI_130_3b4_AR_004,ICBHI_130_3b4_AR,ICBHI_130,1,ICBHI,AKGC417L,0.9147487668762402,2
ICBHI_130_3b4_AR_005,ICBHI_130_3b4_AR,ICBHI_130,1,ICBHI,AKGC417L,0.9495759309565864,2
ICBHI_130_3b4_AR_006,ICBHI_130_3b4_AR,ICBHI_130,1,ICBHI,AKGC417L,0.959000972812607,2
ICBHI_130_3b4_LR_000,ICBHI_130_3b4_LR,ICBHI_130,1,ICBHI,AKGC417L,0.8703770745957927,2
ICBHI_130_3b4_LR_001,ICBHI_130_3b4_LR,ICBHI_130,1,ICBHI,AKGC417L,0.9165588263728888,2
ICBHI_130_3b4_LR_002,ICBHI_130_3b4_LR,ICBHI_130,1,ICBHI,AKGC417L,0.9180404503793634,2
ICBHI_130_3b4_LR_003,ICBHI_130_3b4_LR,ICBHI_130,1,ICBHI,AKGC417L,0.8862236206549613,2
ICBHI_130_3b4_LR_004,ICBHI_130_3b4_LR,ICBHI_130,1,ICBHI,AKGC417L,0.8938665640830568,2
ICBHI_130_3b4_LR_005,ICBHI_130_3b4_LR,ICBHI_130,1,ICBHI,AKGC417L,0.8914335771643437,2
ICBHI_130_3b4_LR_006,ICBHI_130_3b4_LR,ICBHI_130,1,ICBHI,AKGC417L,0.8957052736689574,2
ICBHI_130_3b4_PL_000,ICBHI_130_3b4_PL,ICBHI_130,1,ICBHI,AKGC417L,0.8877896276377429,2
ICBHI_130_3b4_PL_001,ICBHI_130_3b4_PL,ICBHI_130,1,ICBHI,AKGC417L,0.893495410982761,2
ICBHI_130_3b4_PL_002,ICBHI_130_3b4_PL,ICBHI_130,1,ICBHI,AKGC417L,0.8895288461051276,2
ICBHI_130_3b4_PL_003,ICBHI_130_3b4_PL,ICBHI_130,1,ICBHI,AKGC417L,0.9149009549929796,2
ICBHI_130_3b4_PL_004,ICBHI_130_3b4_PL,ICBHI_130,1,ICBHI,AKGC417L,0.8998277813740775,2
ICBHI_130_3b4_PL_005,ICBHI_130_3b4_PL,ICBHI_130,1,ICBHI,AKGC417L,0.8372210942048931,2
ICBHI_130_3b4_PL_006,ICBHI_130_3b4_PL,ICBHI_130,1,ICBHI,AKGC417L,0.766643241802435,2
ICBHI_130_3b4_PR_000,ICBHI_130_3b4_PR,ICBHI_130,1,ICBHI,AKGC417L,0.3318771859754489,2
ICBHI_130_3b4_PR_001,ICBHI_130_3b4_PR,ICBHI_130,1,ICBHI,AKGC417L,0.878314245362953,2
ICBHI_130_3b4_PR_002,ICBHI_130_3b4_PR,ICBHI_130,1,ICBHI,AKGC417L,0.9370957582019432,2
ICBHI_130_3b4_PR_003,ICBHI_130_3b4_PR,ICBHI_130,1,ICBHI,AKGC417L,0.7728736964144969,2
ICBHI_130_3b4_PR_004,ICBHI_130_3b4_PR,ICBHI_130,1,ICBHI,AKGC417L,0.3014648589870483,2
ICBHI_130_3b4_PR_005,ICBHI_130_3b4_PR,ICBHI_130,1,ICBHI,AKGC417L,0.1193054929554847,2
ICBHI_130_3b4_PR_006,ICBHI_130_3b4_PR,ICBHI_130,1,ICBHI,AKGC417L,0.0918697814869704,2
ICBHI_130_3p2_AL_000,ICBHI_130_3p2_AL,ICBHI_130,1,ICBHI,AKGC417L,0.8931231151348971,2
ICBHI_130_3p2_AL_001,ICBHI_130_3p2_AL,ICBHI_130,1,ICBHI,AKGC417L,0.9113376495526664,2
ICBHI_130_3p2_AL_002,ICBHI_130_3p2_AL,ICBHI_130,1,ICBHI,AKGC417L,0.8828325306746402,2
ICBHI_130_3p2_AL_003,ICBHI_130_3p2_AL,ICBHI_130,1,ICBHI,AKGC417L,0.8537908888084864,2
ICBHI_130_3p2_AL_004,ICBHI_130_3p2_AL,ICBHI_130,1,ICBHI,AKGC417L,0.8633916099737806,2
ICBHI_130_3p2_AL_005,ICBHI_130_3p2_AL,ICBHI_130,1,ICBHI,AKGC417L,0.8763171902779356,2
ICBHI_130_3p2_AL_006,ICBHI_130_3p2_AL,ICBHI_130,1,ICBHI,AKGC417L,0.8517062864470369,2
ICBHI_130_3p2_AR_000,ICBHI_130_3p2_AR,ICBHI_130,1,ICBHI,AKGC417L,0.9386884633979417,2
ICBHI_130_3p2_AR_001,ICBHI_130_3p2_AR,ICBHI_130,1,ICBHI,AKGC417L,0.9100669877621352,2
ICBHI_130_3p2_AR_002,ICBHI_130_3p2_AR,ICBHI_130,1,ICBHI,AKGC417L,0.929183798137365,2
ICBHI_130_3p2_AR_003,ICBHI_130_3p2_AR,ICBHI_130,1,ICBHI,AKGC417L,0.9532750413739076,2
ICBHI_130_3p2_AR_004,ICBHI_130_3p2_AR,ICBHI_130,1,ICBHI,AKGC417L,0.9530133603823692,2
ICBHI_130_3p2_AR_005,ICBHI_130_3p2_AR,ICBHI_130,1,ICBHI,AKGC417L,0.9556514186046016,2
ICBHI_130_3p2_AR_006,ICBHI_130_3p2_AR,ICBHI_130,1,ICBHI,AKGC417L,0.9589241107536092,2
ICBHI_130_3p2_PL_000,ICBHI_130_3p2_PL,ICBHI_130,1,ICBHI,AKGC417L,0.85256760954532,2
ICBHI_130_3p2_PL_001,ICBHI_130_3p2_PL,ICBHI_130,1,ICBHI,AKGC417L,0.7536480101160706,2
ICBHI_130_3p2_PL_002,ICBHI_130_3p2_PL,ICBHI_130,1,ICBHI,AKGC417L,0.7740714376449187,2
ICBHI_130_3p2_PL_003,ICBHI_130_3p2_PL,ICBHI_130,1,ICBHI,AKGC417L,0.709623190215421,2
ICBHI_130_3p2_PL_004,ICBHI_130_3p2_PL,ICBHI_130,1,ICBHI,AKGC417L,0.401218491652773,2
ICBHI_130_3p2_PL_005,ICBHI_130_3p2_PL,ICBHI_130,1,ICBHI,AKGC417L,0.0026112476034906,2
ICBHI_130_3p2_PL_006,ICBHI_130_3p2_PL,ICBHI_130,1,ICBHI,AKGC417L,0.00156698879255,2
ICBHI_130_3p2_PR_000,ICBHI_130_3p2_PR,ICBHI_130,1,ICBHI,AKGC417L,0.9286679988850832,2
ICBHI_130_3p2_PR_001,ICBHI_130_3p2_PR,ICBHI_130,1,ICBHI,AKGC417L,0.9359345675826196,2
ICBHI_130_3p2_PR_002,ICBHI_130_3p2_PR,ICBHI_130,1,ICBHI,AKGC417L,0.9349912700743233,2
ICBHI_130_3p2_PR_003,ICBHI_130_3p2_PR,ICBHI_130,1,ICBHI,AKGC417L,0.9377830186906096,2
ICBHI_130_3p2_PR_004,ICBHI_130_3p2_PR,ICBHI_130,1,ICBHI,AKGC417L,0.9419752510012038,2
ICBHI_130_3p2_PR_005,ICBHI_130_3p2_PR,ICBHI_130,1,ICBHI,AKGC417L,0.9490118544722848,2
ICBHI_130_3p2_PR_006,ICBHI_130_3p2_PR,ICBHI_130,1,ICBHI,AKGC417L,0.9434518650712324,2
ICBHI_130_3p2_TC_000,ICBHI_130_3p2_TC,ICBHI_130,1,ICBHI,AKGC417L,0.8836382359770631,2
ICBHI_130_3p2_TC_001,ICBHI_130_3p2_TC,ICBHI_130,1,ICBHI,AKGC417L,0.8987665192930021,2
ICBHI_130_3p2_TC_002,ICBHI_130_3p2_TC,ICBHI_130,1,ICBHI,AKGC417L,0.8989440865319087,2
ICBHI_130_3p2_TC_003,ICBHI_130_3p2_TC,ICBHI_130,1,ICBHI,AKGC417L,0.8860265358862826,2
ICBHI_130_3p2_TC_004,ICBHI_130_3p2_TC,ICBHI_130,1,ICBHI,AKGC417L,0.8873999002546609,2
ICBHI_130_3p2_TC_005,ICBHI_130_3p2_TC,ICBHI_130,1,ICBHI,AKGC417L,0.8870089915514326,2
ICBHI_130_3p2_TC_006,ICBHI_130_3p2_TC,ICBHI_130,1,ICBHI,AKGC417L,0.8842393539373058,2
ICBHI_130_3p3_AL_000,ICBHI_130_3p3_AL,ICBHI_130,1,ICBHI,AKGC417L,0.8679338421303608,2
ICBHI_130_3p3_AL_001,ICBHI_130_3p3_AL,ICBHI_130,1,ICBHI,AKGC417L,0.8957052736689574,2
ICBHI_130_3p3_AL_002,ICBHI_130_3p3_AL,ICBHI_130,1,ICBHI,AKGC417L,0.8828325306746402,2
ICBHI_130_3p3_AL_003,ICBHI_130_3p3_AL,ICBHI_130,1,ICBHI,AKGC417L,0.8635067512697274,2
ICBHI_130_3p3_AL_004,ICBHI_130_3p3_AL,ICBHI_130,1,ICBHI,AKGC417L,0.8782098334256662,2
ICBHI_130_3p3_AL_005,ICBHI_130_3p3_AL,ICBHI_130,1,ICBHI,AKGC417L,0.9076402020521152,2
ICBHI_130_3p3_AL_006,ICBHI_130_3p3_AL,ICBHI_130,1,ICBHI,AKGC417L,0.906983195331138,2
ICBHI_130_3p3_PL_000,ICBHI_130_3p3_PL,ICBHI_130,1,ICBHI,AKGC417L,0.8765287249141699,2
ICBHI_130_3p3_PL_001,ICBHI_130_3p3_PL,ICBHI_130,1,ICBHI,AKGC417L,0.8966140333938164,2
ICBHI_130_3p3_PL_002,ICBHI_130_3p3_PL,ICBHI_130,1,ICBHI,AKGC417L,0.9032942067038784,2
ICBHI_130_3p3_PL_003,ICBHI_130_3p3_PL,ICBHI_130,1,ICBHI,AKGC417L,0.0027900376543306,2
ICBHI_130_3p3_PL_004,ICBHI_130_3p3_PL,ICBHI_130,1,ICBHI,AKGC417L,0.0049436890781225,2
ICBHI_130_3p3_PL_005,ICBHI_130_3p3_PL,ICBHI_130,1,ICBHI,AKGC417L,0.000746611461271,2
ICBHI_130_3p3_PL_006,ICBHI_130_3p3_PL,ICBHI_130,1,ICBHI,AKGC417L,0.0095964547323819,2
ICBHI_130_3p3_PR_000,ICBHI_130_3p3_PR,ICBHI_130,1,ICBHI,AKGC417L,0.9362850057480346,2
ICBHI_130_3p3_PR_001,ICBHI_130_3p3_PR,ICBHI_130,1,ICBHI,AKGC417L,0.943763654295516,2
ICBHI_130_3p3_PR_002,ICBHI_130_3p3_PR,ICBHI_130,1,ICBHI,AKGC417L,0.9470881887900422,2
ICBHI_130_3p3_PR_003,ICBHI_130_3p3_PR,ICBHI_130,1,ICBHI,AKGC417L,0.944689347784004,2
ICBHI_130_3p3_PR_004,ICBHI_130_3p3_PR,ICBHI_130,1,ICBHI,AKGC417L,0.941006970264362,2
ICBHI_130_3p3_PR_005,ICBHI_130_3p3_PR,ICBHI_130,1,ICBHI,AKGC417L,0.9429286027746024,2
ICBHI_130_3p3_PR_006,ICBHI_130_3p3_PR,ICBHI_130,1,ICBHI,AKGC417L,0.9336731259764038,2
ICBHI_130_3p3_TC_000,ICBHI_130_3p3_TC,ICBHI_130,1,ICBHI,AKGC417L,0.8834372618119071,2
ICBHI_130_3p3_TC_001,ICBHI_130_3p3_TC,ICBHI_130,1,ICBHI,AKGC417L,0.893495410982761,2
ICBHI_130_3p3_TC_002,ICBHI_130_3p3_TC,ICBHI_130,1,ICBHI,AKGC417L,0.8785228379103606,2
ICBHI_130_3p3_TC_003,ICBHI_130_3p3_TC,ICBHI_130,1,ICBHI,AKGC417L,0.8834372618119071,2
ICBHI_130_3p3_TC_004,ICBHI_130_3p3_TC,ICBHI_130,1,ICBHI,AKGC417L,0.8840392817460332,2
ICBHI_130_3p3_TC_005,ICBHI_130_3p3_TC,ICBHI_130,1,ICBHI,AKGC417L,0.8872045937171068,2
ICBHI_130_3p3_TC_006,ICBHI_130_3p3_TC,ICBHI_130,1,ICBHI,AKGC417L,0.8966140333938164,2
ICBHI_130_3p4_AL_000,ICBHI_130_3p4_AL,ICBHI_130,1,ICBHI,AKGC417L,0.8381505627344117,2
ICBHI_130_3p4_AL_001,ICBHI_130_3p4_AL,ICBHI_130,1,ICBHI,AKGC417L,0.8897206284139089,2
ICBHI_130_3p4_AL_002,ICBHI_130_3p4_AL,ICBHI_130,1,ICBHI,AKGC417L,0.9012274112476256,2
ICBHI_130_3p4_AL_003,ICBHI_130_3p4_AL,ICBHI_130,1,ICBHI,AKGC417L,0.9044819293520492,2
ICBHI_130_3p4_AL_004,ICBHI_130_3p4_AL,ICBHI_130,1,ICBHI,AKGC417L,0.8588370200175164,2
ICBHI_130_3p4_AL_005,ICBHI_130_3p4_AL,ICBHI_130,1,ICBHI,AKGC417L,0.8597815235746459,2
ICBHI_130_3p4_AL_006,ICBHI_130_3p4_AL,ICBHI_130,1,ICBHI,AKGC417L,0.8584814629082023,2
ICBHI_130_3p4_PL_000,ICBHI_130_3p4_PL,ICBHI_130,1,ICBHI,AKGC417L,0.9202179865359068,2
ICBHI_130_3p4_PL_001,ICBHI_130_3p4_PL,ICBHI_130,1,ICBHI,AKGC417L,0.8938665640830568,2
ICBHI_130_3p4_PL_002,ICBHI_130_3p4_PL,ICBHI_130,1,ICBHI,AKGC417L,0.6573184890822948,2
ICBHI_130_3p4_PL_003,ICBHI_130_3p4_PL,ICBHI_130,1,ICBHI,AKGC417L,0.6281793411222137,2
ICBHI_130_3p4_PL_004,ICBHI_130_3p4_PL,ICBHI_130,1,ICBHI,AKGC417L,0.7786493120021721,2
ICBHI_130_3p4_PL_005,ICBHI_130_3p4_PL,ICBHI_130,1,ICBHI,AKGC417L,0.725940156671313,2
ICBHI_130_3p4_PL_006,ICBHI_130_3p4_PL,ICBHI_130,1,ICBHI,AKGC417L,0.2188362712340489,2
ICBHI_130_3p4_PR_000,ICBHI_130_3p4_PR,ICBHI_130,1,ICBHI,AKGC417L,0.9388007742267246,2
ICBHI_130_3p4_PR_001,ICBHI_130_3p4_PR,ICBHI_130,1,ICBHI,AKGC417L,0.9482504601248406,2
ICBHI_130_3p4_PR_002,ICBHI_130_3p4_PR,ICBHI_130,1,ICBHI,AKGC417L,0.9460011610004748,2
ICBHI_130_3p4_PR_003,ICBHI_130_3p4_PR,ICBHI_130,1,ICBHI,AKGC417L,0.9482504601248406,2
ICBHI_130_3p4_PR_004,ICBHI_130_3p4_PR,ICBHI_130,1,ICBHI,AKGC417L,0.9528381329658232,2
ICBHI_130_3p4_PR_005,ICBHI_130_3p4_PR,ICBHI_130,1,ICBHI,AKGC417L,0.952925824178976,2
ICBHI_130_3p4_PR_006,ICBHI_130_3p4_PR,ICBHI_130,1,ICBHI,AKGC417L,0.9488225055941706,2
ICBHI_130_3p4_TC_000,ICBHI_130_3p4_TC,ICBHI_130,1,ICBHI,AKGC417L,0.8824278664544911,2
ICBHI_130_3p4_TC_001,ICBHI_130_3p4_TC,ICBHI_130,1,ICBHI,AKGC417L,0.9003546962924533,2
ICBHI_130_3p4_TC_002,ICBHI_130_3p4_TC,ICBHI_130,1,ICBHI,AKGC417L,0.8881781760875761,2
ICBHI_130_3p4_TC_003,ICBHI_130_3p4_TC,ICBHI_130,1,ICBHI,AKGC417L,0.8828325306746402,2
ICBHI_130_3p4_TC_004,ICBHI_130_3p4_TC,ICBHI_130,1,ICBHI,AKGC417L,0.8897206284139089,2
ICBHI_130_3p4_TC_005,ICBHI_130_3p4_TC,ICBHI_130,1,ICBHI,AKGC417L,0.8957052736689574,2
ICBHI_130_3p4_TC_006,ICBHI_130_3p4_TC,ICBHI_130,1,ICBHI,AKGC417L,0.8949731912576617,2
ICBHI_134_2b1_AL_000,ICBHI_134_2b1_AL,ICBHI_134,1,ICBHI,LittC2SE,0.959000972812607,2
ICBHI_134_2b1_AL_001,ICBHI_134_2b1_AL,ICBHI_134,1,ICBHI,LittC2SE,0.952925824178976,2
ICBHI_134_2b1_AL_002,ICBHI_134_2b1_AL,ICBHI_134,1,ICBHI,LittC2SE,0.9538802504524166,2
ICBHI_134_2b1_AL_003,ICBHI_134_2b1_AL,ICBHI_134,1,ICBHI,LittC2SE,0.9479621753121426,2
ICBHI_134_2b1_AL_004,ICBHI_134_2b1_AL,ICBHI_134,1,ICBHI,LittC2SE,0.9548162433273092,2
ICBHI_134_2b1_AL_005,ICBHI_134_2b1_AL,ICBHI_134,1,ICBHI,LittC2SE,0.9624619925347202,2
ICBHI_134_2b1_AL_006,ICBHI_134_2b1_AL,ICBHI_134,1,ICBHI,LittC2SE,0.9680204398748076,2
ICBHI_134_2b1_AR_000,ICBHI_134_2b1_AR,ICBHI_134,1,ICBHI,LittC2SE,0.9386884633979417,2
ICBHI_134_2b1_AR_001,ICBHI_134_2b1_AR,ICBHI_134,1,ICBHI,LittC2SE,0.9422946838534368,2
ICBHI_134_2b1_AR_002,ICBHI_134_2b1_AR,ICBHI_134,1,ICBHI,LittC2SE,0.943243103543508,2
ICBHI_134_2b1_AR_003,ICBHI_134_2b1_AR,ICBHI_134,1,ICBHI,LittC2SE,0.9418684051353045,2
ICBHI_134_2b1_AR_004,ICBHI_134_2b1_AR,ICBHI_134,1,ICBHI,LittC2SE,0.941654159388319,2
ICBHI_134_2b1_AR_005,ICBHI_134_2b1_AR,ICBHI_134,1,ICBHI,LittC2SE,0.9413314016155964,2
ICBHI_134_2b1_AR_006,ICBHI_134_2b1_AR,ICBHI_134,1,ICBHI,LittC2SE,0.940462512071434,2
ICBHI_134_2b2_AL_000,ICBHI_134_2b2_AL,ICBHI_134,1,ICBHI,LittC2SE,0.940462512071434,2
ICBHI_134_2b2_AL_001,ICBHI_134_2b2_AL,ICBHI_134,1,ICBHI,LittC2SE,0.9287972729281414,2
ICBHI_134_2b2_AL_002,ICBHI_134_2b2_AL,ICBHI_134,1,ICBHI,LittC2SE,0.9370957582019432,2
ICBHI_134_2b2_AL_003,ICBHI_134_2b2_AL,ICBHI_134,1,ICBHI,LittC2SE,0.946200356539936,2
ICBHI_134_2b2_AL_004,ICBHI_134_2b2_AL,ICBHI_134,1,ICBHI,LittC2SE,0.9429286027746024,2
ICBHI_134_2b2_AL_005,ICBHI_134_2b2_AL,ICBHI_134,1,ICBHI,LittC2SE,0.9429286027746024,2
ICBHI_134_2b2_AL_006,ICBHI_134_2b2_AL,ICBHI_134,1,ICBHI,LittC2SE,0.9340350623884196,2
ICBHI_134_2b2_AR_000,ICBHI_134_2b2_AR,ICBHI_134,1,ICBHI,LittC2SE,0.9429286027746024,2
ICBHI_134_2b2_AR_001,ICBHI_134_2b2_AR,ICBHI_134,1,ICBHI,LittC2SE,0.9405717789263596,2
ICBHI_134_2b2_AR_002,ICBHI_134_2b2_AR,ICBHI_134,1,ICBHI,LittC2SE,0.954477994846878,2
ICBHI_134_2b2_AR_003,ICBHI_134_2b2_AR,ICBHI_134,1,ICBHI,LittC2SE,0.953621794005189,2
ICBHI_134_2b2_AR_004,ICBHI_134_2b2_AR,ICBHI_134,1,ICBHI,LittC2SE,0.943347574692026,2
ICBHI_134_2b2_AR_005,ICBHI_134_2b2_AR,ICBHI_134,1,ICBHI,LittC2SE,0.948058438498774,2
ICBHI_134_2b2_AR_006,ICBHI_134_2b2_AR,ICBHI_134,1,ICBHI,LittC2SE,0.9508692112458992,2
ICBHI_134_2b3_AR_000,ICBHI_134_2b3_AR,ICBHI_134,1,ICBHI,LittC2SE,0.9510513782831764,2
ICBHI_134_2b3_AR_001,ICBHI_134_2b3_AR,ICBHI_134,1,ICBHI,LittC2SE,0.954477994846878,2
ICBHI_134_2b3_AR_002,ICBHI_134_2b3_AR,ICBHI_134,1,ICBHI,LittC2SE,0.9641193044741588,2
ICBHI_134_2b3_AR_003,ICBHI_134_2b3_AR,ICBHI_134,1,ICBHI,LittC2SE,0.9551520965667056,2
ICBHI_134_2b3_AR_004,ICBHI_134_2b3_AR,ICBHI_134,1,ICBHI,LittC2SE,0.949482330277519,2
ICBHI_134_2b3_AR_005,ICBHI_134_2b3_AR,ICBHI_134,1,ICBHI,LittC2SE,0.9549844683997676,2
ICBHI_134_2b3_AR_006,ICBHI_134_2b3_AR,ICBHI_134,1,ICBHI,LittC2SE,0.9562272608259156,2
ICBHI_136_1b1_AR_000,ICBHI_136_1b1_AR,ICBHI_136,0,ICBHI,Meditron,1.3287773439792035e-06,2
ICBHI_136_1b1_AR_001,ICBHI_136_1b1_AR,ICBHI_136,0,ICBHI,Meditron,1.110235269898378e-06,2
ICBHI_136_1b1_AR_002,ICBHI_136_1b1_AR,ICBHI_136,0,ICBHI,Meditron,1.9638043643636485e-06,2
ICBHI_136_1b1_AR_003,ICBHI_136_1b1_AR,ICBHI_136,0,ICBHI,Meditron,2.642585820842653e-06,2
ICBHI_136_1b1_AR_004,ICBHI_136_1b1_AR,ICBHI_136,0,ICBHI,Meditron,4.0929110499856e-06,2
ICBHI_136_1b1_AR_005,ICBHI_136_1b1_AR,ICBHI_136,0,ICBHI,Meditron,4.061059892849262e-06,2
ICBHI_136_1b1_AR_006,ICBHI_136_1b1_AR,ICBHI_136,0,ICBHI,Meditron,3.966985914946731e-06,2
ICBHI_144_1b1_AL_000,ICBHI_144_1b1_AL,ICBHI_144,0,ICBHI,Meditron,6.131304528490699e-07,2
ICBHI_144_1b1_AL_001,ICBHI_144_1b1_AL,ICBHI_144,0,ICBHI,Meditron,7.630530628554052e-07,2
ICBHI_144_1b1_AL_002,ICBHI_144_1b1_AL,ICBHI_144,0,ICBHI,Meditron,1.0108808172476435e-06,2
ICBHI_144_1b1_AL_003,ICBHI_144_1b1_AL,ICBHI_144,0,ICBHI,Meditron,1.802088474403712e-06,2
ICBHI_144_1b1_AL_004,ICBHI_144_1b1_AL,ICBHI_144,0,ICBHI,Meditron,1.5294130411302227e-06,2
ICBHI_144_1b1_AL_005,ICBHI_144_1b1_AL,ICBHI_144,0,ICBHI,Meditron,1.4367507224078596e-06,2
ICBHI_144_1b1_TC_000,ICBHI_144_1b1_TC,ICBHI_144,0,ICBHI,Meditron,0.1458437713558789,2
ICBHI_144_1b1_TC_001,ICBHI_144_1b1_TC,ICBHI_144,0,ICBHI,Meditron,0.5771379108999857,2
ICBHI_144_1b1_TC_002,ICBHI_144_1b1_TC,ICBHI_144,0,ICBHI,Meditron,0.8125700385367505,2
ICBHI_144_1b1_TC_003,ICBHI_144_1b1_TC,ICBHI_144,0,ICBHI,Meditron,0.0556176116046015,2
ICBHI_144_1b1_TC_004,ICBHI_144_1b1_TC,ICBHI_144,0,ICBHI,Meditron,9.535461188204108e-05,2
ICBHI_144_1b1_TC_005,ICBHI_144_1b1_TC,ICBHI_144,0,ICBHI,Meditron,6.156764496180697e-05,2
ICBHI_144_1b1_TC_006,ICBHI_144_1b1_TC,ICBHI_144,0,ICBHI,Meditron,0.0073743653082378,2
ICBHI_153_1b1_AL_000,ICBHI_153_1b1_AL,ICBHI_153,0,ICBHI,Meditron,0.0002251682418562,2
ICBHI_153_1b1_AL_001,ICBHI_153_1b1_AL,ICBHI_153,0,ICBHI,Meditron,0.0001896174122891,2
ICBHI_153_1b1_AL_002,ICBHI_153_1b1_AL,ICBHI_153,0,ICBHI,Meditron,0.0002131875612906,2
ICBHI_153_1b1_AL_003,ICBHI_153_1b1_AL,ICBHI_153,0,ICBHI,Meditron,0.0012448433020883,2
ICBHI_153_1b1_AL_004,ICBHI_153_1b1_AL,ICBHI_153,0,ICBHI,Meditron,0.516412558437496,2
ICBHI_153_1b1_AL_005,ICBHI_153_1b1_AL,ICBHI_153,0,ICBHI,Meditron,0.0358806955258411,2
ICBHI_153_1b1_AL_006,ICBHI_153_1b1_AL,ICBHI_153,0,ICBHI,Meditron,5.307507822667364e-05,2
ICBHI_156_2b3_AL_000,ICBHI_156_2b3_AL,ICBHI_156,1,ICBHI,AKGC417L,0.8810019911062638,2
ICBHI_156_2b3_AL_001,ICBHI_156_2b3_AL,ICBHI_156,1,ICBHI,AKGC417L,0.9032942067038784,2
ICBHI_156_2b3_AL_002,ICBHI_156_2b3_AL,ICBHI_156,1,ICBHI,AKGC417L,0.8904848432885359,2
ICBHI_156_2b3_AL_003,ICBHI_156_2b3_AL,ICBHI_156,1,ICBHI,AKGC417L,0.8931231151348971,2
ICBHI_156_2b3_AL_004,ICBHI_156_2b3_AL,ICBHI_156,1,ICBHI,AKGC417L,0.915356041864219,2
ICBHI_156_2b3_AL_005,ICBHI_156_2b3_AL,ICBHI_156,1,ICBHI,AKGC417L,0.9150528966571873,2
ICBHI_156_2b3_AL_006,ICBHI_156_2b3_AL,ICBHI_156,1,ICBHI,AKGC417L,0.9110215117615452,2
ICBHI_156_2b3_AR_000,ICBHI_156_2b3_AR,ICBHI_156,1,ICBHI,AKGC417L,0.9210741144349998,2
ICBHI_156_2b3_AR_001,ICBHI_156_2b3_AR,ICBHI_156,1,ICBHI,AKGC417L,0.9588471107825552,2
ICBHI_156_2b3_AR_002,ICBHI_156_2b3_AR,ICBHI_156,1,ICBHI,AKGC417L,0.9600626857930734,2
ICBHI_156_2b3_AR_003,ICBHI_156_2b3_AR,ICBHI_156,1,ICBHI,AKGC417L,0.9608783531246672,2
ICBHI_156_2b3_AR_004,ICBHI_156_2b3_AR,ICBHI_156,1,ICBHI,AKGC417L,0.9638480624171308,2
ICBHI_156_2b3_AR_005,ICBHI_156_2b3_AR,ICBHI_156,1,ICBHI,AKGC417L,0.9591542840900508,2
ICBHI_156_2b3_AR_006,ICBHI_156_2b3_AR,ICBHI_156,1,ICBHI,AKGC417L,0.949482330277519,2
ICBHI_156_2b3_LL_000,ICBHI_156_2b3_LL,ICBHI_156,1,ICBHI,AKGC417L,0.8982321554928229,2
ICBHI_156_2b3_LL_001,ICBHI_156_2b3_LL,ICBHI_156,1,ICBHI,AKGC417L,0.9081302185130296,2
ICBHI_156_2b3_LL_002,ICBHI_156_2b3_LL,ICBHI_156,1,ICBHI,AKGC417L,0.8893367717588612,2
ICBHI_156_2b3_LL_003,ICBHI_156_2b3_LL,ICBHI_156,1,ICBHI,AKGC417L,0.9048188745508808,2
ICBHI_156_2b3_LL_004,ICBHI_156_2b3_LL,ICBHI_156,1,ICBHI,AKGC417L,0.909586273176162,2
ICBHI_156_2b3_LL_005,ICBHI_156_2b3_LL,ICBHI_156,1,ICBHI,AKGC417L,0.90648769084615,2
ICBHI_156_2b3_LL_006,ICBHI_156_2b3_LL,ICBHI_156,1,ICBHI,AKGC417L,0.906983195331138,2
ICBHI_156_2b3_LR_000,ICBHI_156_2b3_LR,ICBHI_156,1,ICBHI,AKGC417L,0.9141375437004452,2
ICBHI_156_2b3_LR_001,ICBHI_156_2b3_LR,ICBHI_156,1,ICBHI,AKGC417L,0.918917886176106,2
ICBHI_156_2b3_LR_002,ICBHI_156_2b3_LR,ICBHI_156,1,ICBHI,AKGC417L,0.9005297861178929,2
ICBHI_156_2b3_LR_003,ICBHI_156_2b3_LR,ICBHI_156,1,ICBHI,AKGC417L,0.8921873600393251,2
ICBHI_156_2b3_LR_004,ICBHI_156_2b3_LR,ICBHI_156,1,ICBHI,AKGC417L,0.900003694229084,2
ICBHI_156_2b3_LR_005,ICBHI_156_2b3_LR,ICBHI_156,1,ICBHI,AKGC417L,0.9034646852235904,2
ICBHI_156_2b3_LR_006,ICBHI_156_2b3_LR,ICBHI_156,1,ICBHI,AKGC417L,0.9322068610768112,2
ICBHI_156_2b3_PL_000,ICBHI_156_2b3_PL,ICBHI_156,1,ICBHI,AKGC417L,0.9383503740450254,2
ICBHI_156_2b3_PL_001,ICBHI_156_2b3_PL,ICBHI_156,1,ICBHI,AKGC417L,0.9257686295391644,2
ICBHI_156_2b3_PL_002,ICBHI_156_2b3_PL,ICBHI_156,1,ICBHI,AKGC417L,0.8774767874818407,2
ICBHI_156_2b3_PL_003,ICBHI_156_2b3_PL,ICBHI_156,1,ICBHI,AKGC417L,0.9015745876334376,2
ICBHI_156_2b3_PL_004,ICBHI_156_2b3_PL,ICBHI_156,1,ICBHI,AKGC417L,0.9081302185130296,2
ICBHI_156_2b3_PL_005,ICBHI_156_2b3_PL,ICBHI_156,1,ICBHI,AKGC417L,0.9284088005554476,2
ICBHI_156_2b3_PL_006,ICBHI_156_2b3_PL,ICBHI_156,1,ICBHI,AKGC417L,0.9402434135995512,2
ICBHI_156_2b3_PR_000,ICBHI_156_2b3_PR,ICBHI_156,1,ICBHI,AKGC417L,0.8696038838927893,2
ICBHI_156_2b3_PR_001,ICBHI_156_2b3_PR,ICBHI_156,1,ICBHI,AKGC417L,0.8773717572935369,2
ICBHI_156_2b3_PR_002,ICBHI_156_2b3_PR,ICBHI_156,1,ICBHI,AKGC417L,0.8806945070445152,2
ICBHI_156_2b3_PR_003,ICBHI_156_2b3_PR,ICBHI_156,1,ICBHI,AKGC417L,0.840520958372224,2
ICBHI_156_2b3_PR_004,ICBHI_156_2b3_PR,ICBHI_156,1,ICBHI,AKGC417L,0.840520958372224,2
ICBHI_156_2b3_PR_005,ICBHI_156_2b3_PR,ICBHI_156,1,ICBHI,AKGC417L,0.8795611834053839,2
ICBHI_156_2b3_PR_006,ICBHI_156_2b3_PR,ICBHI_156,1,ICBHI,AKGC417L,0.8749346174830964,2
ICBHI_156_5b3_AL_000,ICBHI_156_5b3_AL,ICBHI_156,1,ICBHI,AKGC417L,0.8509647055213694,2
ICBHI_156_5b3_AL_001,ICBHI_156_5b3_AL,ICBHI_156,1,ICBHI,AKGC417L,0.8424747345956373,2
ICBHI_156_5b3_AL_002,ICBHI_156_5b3_AL,ICBHI_156,1,ICBHI,AKGC417L,0.0596469429451214,2
ICBHI_156_5b3_AL_003,ICBHI_156_5b3_AL,ICBHI_156,1,ICBHI,AKGC417L,0.0645354765992215,2
ICBHI_156_5b3_AL_004,ICBHI_156_5b3_AL,ICBHI_156,1,ICBHI,AKGC417L,0.8721297214755852,2
ICBHI_156_5b3_AL_005,ICBHI_156_5b3_AL,ICBHI_156,1,ICBHI,AKGC417L,0.8665847827360217,2
ICBHI_156_5b3_AL_006,ICBHI_156_5b3_AL,ICBHI_156,1,ICBHI,AKGC417L,0.8200374981453415,2
ICBHI_156_5b3_AR_000,ICBHI_156_5b3_AR,ICBHI_156,1,ICBHI,AKGC417L,0.8918110454379297,2
ICBHI_156_5b3_AR_001,ICBHI_156_5b3_AR,ICBHI_156,1,ICBHI,AKGC417L,0.8728901242892064,2
ICBHI_156_5b3_AR_002,ICBHI_156_5b3_AR,ICBHI_156,1,ICBHI,AKGC417L,0.8243205491125412,2
ICBHI_156_5b3_AR_003,ICBHI_156_5b3_AR,ICBHI_156,1,ICBHI,AKGC417L,0.8159668481659097,2
ICBHI_156_5b3_AR_004,ICBHI_156_5b3_AR,ICBHI_156,1,ICBHI,AKGC417L,0.844023707946348,2
ICBHI_156_5b3_AR_005,ICBHI_156_5b3_AR,ICBHI_156,1,ICBHI,AKGC417L,0.8502200682951725,2
ICBHI_156_5b3_AR_006,ICBHI_156_5b3_AR,ICBHI_156,1,ICBHI,AKGC417L,0.840520958372224,2
ICBHI_156_5b3_LL_000,ICBHI_156_5b3_LL,ICBHI_156,1,ICBHI,AKGC417L,0.8814109034236719,2
ICBHI_156_5b3_LL_001,ICBHI_156_5b3_LL,ICBHI_156,1,ICBHI,AKGC417L,0.8994751304753559,2
ICBHI_156_5b3_LL_002,ICBHI_156_5b3_LL,ICBHI_156,1,ICBHI,AKGC417L,0.9152045921779318,2
ICBHI_156_5b3_LL_003,ICBHI_156_5b3_LL,ICBHI_156,1,ICBHI,AKGC417L,0.90894172110682,2
ICBHI_156_5b3_LL_004,ICBHI_156_5b3_LL,ICBHI_156,1,ICBHI,AKGC417L,0.9003546962924533,2
ICBHI_156_5b3_LL_005,ICBHI_156_5b3_LL,ICBHI_156,1,ICBHI,AKGC417L,0.8729984373336678,2
ICBHI_156_5b3_LL_006,ICBHI_156_5b3_LL,ICBHI_156,1,ICBHI,AKGC417L,0.8490973686263605,2
ICBHI_156_5b3_LR_000,ICBHI_156_5b3_LR,ICBHI_156,1,ICBHI,AKGC417L,0.0596469429451214,2
ICBHI_156_5b3_LR_001,ICBHI_156_5b3_LR,ICBHI_156,1,ICBHI,AKGC417L,0.0297600939459642,2
ICBHI_156_5b3_LR_002,ICBHI_156_5b3_LR,ICBHI_156,1,ICBHI,AKGC417L,0.1856517300655638,2
ICBHI_156_5b3_LR_003,ICBHI_156_5b3_LR,ICBHI_156,1,ICBHI,AKGC417L,0.8838389091905732,2
ICBHI_156_5b3_LR_004,ICBHI_156_5b3_LR,ICBHI_156,1,ICBHI,AKGC417L,0.0378924266296073,2
ICBHI_156_5b3_LR_005,ICBHI_156_5b3_LR,ICBHI_156,1,ICBHI,AKGC417L,0.03963883910097,2
ICBHI_156_5b3_LR_006,ICBHI_156_5b3_LR,ICBHI_156,1,ICBHI,AKGC417L,0.6510221370914505,2
ICBHI_156_5b3_PL_000,ICBHI_156_5b3_PL,ICBHI_156,1,ICBHI,AKGC417L,0.9654463760327956,2
ICBHI_156_5b3_PL_001,ICBHI_156_5b3_PL,ICBHI_156,1,ICBHI,AKGC417L,0.9488225055941706,2
ICBHI_156_5b3_PL_002,ICBHI_156_5b3_PL,ICBHI_156,1,ICBHI,AKGC417L,0.9686195704870232,2
ICBHI_156_5b3_PL_003,ICBHI_156_5b3_PL,ICBHI_156,1,ICBHI,AKGC417L,0.9707987097542188,2
ICBHI_156_5b3_PL_004,ICBHI_156_5b3_PL,ICBHI_156,1,ICBHI,AKGC417L,0.9551520965667056,2
ICBHI_156_5b3_PL_005,ICBHI_156_5b3_PL,ICBHI_156,1,ICBHI,AKGC417L,0.9474783252902632,2
ICBHI_156_5b3_PL_006,ICBHI_156_5b3_PL,ICBHI_156,1,ICBHI,AKGC417L,0.9639839292499328,2
ICBHI_156_5b3_PR_000,ICBHI_156_5b3_PR,ICBHI_156,1,ICBHI,AKGC417L,0.9278877945870696,2
ICBHI_156_5b3_PR_001,ICBHI_156_5b3_PR,ICBHI_156,1,ICBHI,AKGC417L,0.935582334586506,2
ICBHI_156_5b3_PR_002,ICBHI_156_5b3_PR,ICBHI_156,1,ICBHI,AKGC417L,0.9328214227111128,2
ICBHI_156_5b3_PR_003,ICBHI_156_5b3_PR,ICBHI_156,1,ICBHI,AKGC417L,0.949762639869452,2
ICBHI_156_5b3_PR_004,ICBHI_156_5b3_PR,ICBHI_156,1,ICBHI,AKGC417L,0.9505947548144924,2
ICBHI_156_5b3_PR_005,ICBHI_156_5b3_PR,ICBHI_156,1,ICBHI,AKGC417L,0.9466953173537304,2
ICBHI_156_5b3_PR_006,ICBHI_156_5b3_PR,ICBHI_156,1,ICBHI,AKGC417L,0.9400235602628372,2
ICBHI_156_8b3_AL_000,ICBHI_156_8b3_AL,ICBHI_156,1,ICBHI,AKGC417L,0.9286679988850832,2
ICBHI_156_8b3_AL_001,ICBHI_156_8b3_AL,ICBHI_156,1,ICBHI,AKGC417L,0.929055172257238,2
ICBHI_156_8b3_AL_002,ICBHI_156_8b3_AL,ICBHI_156,1,ICBHI,AKGC417L,0.9155072460249908,2
ICBHI_156_8b3_AL_003,ICBHI_156_8b3_AL,ICBHI_156,1,ICBHI,AKGC417L,0.915959388442632,2
ICBHI_156_8b3_AL_004,ICBHI_156_8b3_AL,ICBHI_156,1,ICBHI,AKGC417L,0.9081302185130296,2
ICBHI_156_8b3_AL_005,ICBHI_156_8b3_AL,ICBHI_156,1,ICBHI,AKGC417L,0.9087799382901208,2
ICBHI_156_8b3_AL_006,ICBHI_156_8b3_AL,ICBHI_156,1,ICBHI,AKGC417L,0.8741846824498326,2
ICBHI_156_8b3_AR_000,ICBHI_156_8b3_AR,ICBHI_156,1,ICBHI,AKGC417L,0.9369805284248848,2
ICBHI_156_8b3_AR_001,ICBHI_156_8b3_AR,ICBHI_156,1,ICBHI,AKGC417L,0.9336731259764038,2
ICBHI_156_8b3_AR_002,ICBHI_156_8b3_AR,ICBHI_156,1,ICBHI,AKGC417L,0.9492946352021694,2
ICBHI_156_8b3_AR_003,ICBHI_156_8b3_AR,ICBHI_156,1,ICBHI,AKGC417L,0.9505029467671968,2
ICBHI_156_8b3_AR_004,ICBHI_156_8b3_AR,ICBHI_156,1,ICBHI,AKGC417L,0.9392480969124416,2
ICBHI_156_8b3_AR_005,ICBHI_156_8b3_AR,ICBHI_156,1,ICBHI,AKGC417L,0.9339146213324512,2
ICBHI_156_8b3_AR_006,ICBHI_156_8b3_AR,ICBHI_156,1,ICBHI,AKGC417L,0.9419752510012038,2
ICBHI_156_8b3_LL_000,ICBHI_156_8b3_LL,ICBHI_156,1,ICBHI,AKGC417L,0.9567959640765576,2
ICBHI_156_8b3_LL_001,ICBHI_156_8b3_LL,ICBHI_156,1,ICBHI,AKGC417L,0.9574372713515004,2
ICBHI_156_8b3_LL_002,ICBHI_156_8b3_LL,ICBHI_156,1,ICBHI,AKGC417L,0.955816678097593,2
ICBHI_156_8b3_LL_003,ICBHI_156_8b3_LL,ICBHI_156,1,ICBHI,AKGC417L,0.9625324931014264,2
ICBHI_156_8b3_LL_004,ICBHI_156_8b3_LL,ICBHI_156,1,ICBHI,AKGC417L,0.9630224454648544,2
ICBHI_156_8b3_LL_005,ICBHI_156_8b3_LL,ICBHI_156,1,ICBHI,AKGC417L,0.9649873730532592,2
ICBHI_156_8b3_LL_006,ICBHI_156_8b3_LL,ICBHI_156,1,ICBHI,AKGC417L,0.959077697183522,2
ICBHI_156_8b3_LR_000,ICBHI_156_8b3_LR,ICBHI_156,1,ICBHI,AKGC417L,0.9424007941334204,2
ICBHI_156_8b3_LR_001,ICBHI_156_8b3_LR,ICBHI_156,1,ICBHI,AKGC417L,0.9405717789263596,2
ICBHI_156_8b3_LR_002,ICBHI_156_8b3_LR,ICBHI_156,1,ICBHI,AKGC417L,0.9420819125605256,2
ICBHI_156_8b3_LR_003,ICBHI_156_8b3_LR,ICBHI_156,1,ICBHI,AKGC417L,0.9434518650712324,2
ICBHI_156_8b3_LR_004,ICBHI_156_8b3_LR,ICBHI_156,1,ICBHI,AKGC417L,0.9366336567966383,2
ICBHI_156_8b3_LR_005,ICBHI_156_8b3_LR,ICBHI_156,1,ICBHI,AKGC417L,0.9349912700743233,2
ICBHI_156_8b3_LR_006,ICBHI_156_8b3_LR,ICBHI_156,1,ICBHI,AKGC417L,0.9237300338193294,2
ICBHI_156_8b3_PL_000,ICBHI_156_8b3_PL,ICBHI_156,1,ICBHI,AKGC417L,0.8967949426280529,2
ICBHI_156_8b3_PL_001,ICBHI_156_8b3_PL,ICBHI_156,1,ICBHI,AKGC417L,0.9107043571873992,2
ICBHI_156_8b3_PL_002,ICBHI_156_8b3_PL,ICBHI_156,1,ICBHI,AKGC417L,0.9158089190054228,2
ICBHI_156_8b3_PL_003,ICBHI_156_8b3_PL,ICBHI_156,1,ICBHI,AKGC417L,0.9068182895386296,2
ICBHI_156_8b3_PL_004,ICBHI_156_8b3_PL,ICBHI_156,1,ICBHI,AKGC417L,0.896975571673783,2
ICBHI_156_8b3_PL_005,ICBHI_156_8b3_PL,ICBHI_156,1,ICBHI,AKGC417L,0.9058233363414856,2
ICBHI_156_8b3_PL_006,ICBHI_156_8b3_PL,ICBHI_156,1,ICBHI,AKGC417L,0.8904848432885359,2
ICBHI_174_1p2_AR_000,ICBHI_174_1p2_AR,ICBHI_174,1,ICBHI,AKGC417L,0.9293122085569836,2
ICBHI_174_1p2_AR_001,ICBHI_174_1p2_AR,ICBHI_174,1,ICBHI,AKGC417L,0.9277569977504976,2
ICBHI_174_1p2_AR_002,ICBHI_174_1p2_AR,ICBHI_174,1,ICBHI,AKGC417L,0.9257686295391644,2
ICBHI_174_1p2_AR_003,ICBHI_174_1p2_AR,ICBHI_174,1,ICBHI,AKGC417L,0.9063219973254492,2
ICBHI_174_1p2_AR_004,ICBHI_174_1p2_AR,ICBHI_174,1,ICBHI,AKGC417L,0.9285385081933416,2
ICBHI_174_1p2_AR_005,ICBHI_174_1p2_AR,ICBHI_174,1,ICBHI,AKGC417L,0.906983195331138,2
ICBHI_174_1p2_AR_006,ICBHI_174_1p2_AR,ICBHI_174,1,ICBHI,AKGC417L,0.9207896758909756,2
ICBHI_174_1p2_LL_000,ICBHI_174_1p2_LL,ICBHI_174,1,ICBHI,AKGC417L,0.8581251581745941,2
ICBHI_174_1p2_LL_001,ICBHI_174_1p2_LL,ICBHI_174,1,ICBHI,AKGC417L,0.8700461860351454,2
ICBHI_174_1p2_LL_002,ICBHI_174_1p2_LL,ICBHI_174,1,ICBHI,AKGC417L,0.8814109034236719,2
ICBHI_174_1p2_LL_003,ICBHI_174_1p2_LL,ICBHI_174,1,ICBHI,AKGC417L,0.8794576945577478,2
ICBHI_174_1p2_LL_004,ICBHI_174_1p2_LL,ICBHI_174,1,ICBHI,AKGC417L,0.8402589766446108,2
ICBHI_174_1p2_LL_005,ICBHI_174_1p2_LL,ICBHI_174,1,ICBHI,AKGC417L,0.844152226954479,2
ICBHI_174_1p2_LL_006,ICBHI_174_1p2_LL,ICBHI_174,1,ICBHI,AKGC417L,0.8680457400870637,2
ICBHI_174_1p2_LR_000,ICBHI_174_1p2_LR,ICBHI_174,1,ICBHI,AKGC417L,0.8338664465831974,2
ICBHI_174_1p2_LR_001,ICBHI_174_1p2_LR,ICBHI_174,1,ICBHI,AKGC417L,0.8498466016699031,2
ICBHI_174_1p2_LR_002,ICBHI_174_1p2_LR,ICBHI_174,1,ICBHI,AKGC417L,0.8530579339538515,2
ICBHI_174_1p2_LR_003,ICBHI_174_1p2_LR,ICBHI_174,1,ICBHI,AKGC417L,0.8660192422796115,2
ICBHI_174_1p2_LR_004,ICBHI_174_1p2_LR,ICBHI_174,1,ICBHI,AKGC417L,0.8662457012426669,2
ICBHI_174_1p2_LR_005,ICBHI_174_1p2_LR,ICBHI_174,1,ICBHI,AKGC417L,0.8521989788091112,2
ICBHI_174_1p2_LR_006,ICBHI_174_1p2_LR,ICBHI_174,1,ICBHI,AKGC417L,0.8422153599018343,2
ICBHI_174_1p2_PL_000,ICBHI_174_1p2_PL,ICBHI_174,1,ICBHI,AKGC417L,0.8551267677954196,2
ICBHI_174_1p2_PL_001,ICBHI_174_1p2_PL,ICBHI_174,1,ICBHI,AKGC417L,0.8731066714994528,2
ICBHI_174_1p2_PL_002,ICBHI_174_1p2_PL,ICBHI_174,1,ICBHI,AKGC417L,0.896975571673783,2
ICBHI_174_1p2_PL_003,ICBHI_174_1p2_PL,ICBHI_174,1,ICBHI,AKGC417L,0.8980534791726937,2
ICBHI_174_1p2_PL_004,ICBHI_174_1p2_PL,ICBHI_174,1,ICBHI,AKGC417L,0.8931231151348971,2
ICBHI_174_1p2_PL_005,ICBHI_174_1p2_PL,ICBHI_174,1,ICBHI,AKGC417L,0.8772666496637572,2
ICBHI_174_1p2_PL_006,ICBHI_174_1p2_PL,ICBHI_174,1,ICBHI,AKGC417L,0.8976952921073469,2
ICBHI_174_1p2_PR_000,ICBHI_174_1p2_PR,ICBHI_174,1,ICBHI,AKGC417L,0.0881900448007628,2
ICBHI_174_1p2_PR_001,ICBHI_174_1p2_PR,ICBHI_174,1,ICBHI,AKGC417L,0.0574932788003858,2
ICBHI_174_1p2_PR_002,ICBHI_174_1p2_PR,ICBHI_174,1,ICBHI,AKGC417L,0.0863234765862702,2
ICBHI_174_1p2_PR_003,ICBHI_174_1p2_PR,ICBHI_174,1,ICBHI,AKGC417L,0.6750152513583323,2
ICBHI_174_1p2_PR_004,ICBHI_174_1p2_PR,ICBHI_174,1,ICBHI,AKGC417L,0.025323060109767,2
ICBHI_174_1p2_PR_005,ICBHI_174_1p2_PR,ICBHI_174,1,ICBHI,AKGC417L,0.004905405705722,2
ICBHI_174_1p2_PR_006,ICBHI_174_1p2_PR,ICBHI_174,1,ICBHI,AKGC417L,0.8652240825770433,2
ICBHI_174_1p2_TC_000,ICBHI_174_1p2_TC,ICBHI_174,1,ICBHI,AKGC417L,0.9132132627819568,2
ICBHI_174_1p2_TC_001,ICBHI_174_1p2_TC,ICBHI_174,1,ICBHI,AKGC417L,0.9181872878284922,2
ICBHI_174_1p2_TC_002,ICBHI_174_1p2_TC,ICBHI_174,1,ICBHI,AKGC417L,0.8846385984040539,2
ICBHI_174_1p2_TC_003,ICBHI_174_1p2_TC,ICBHI_174,1,ICBHI,AKGC417L,0.8778961345311737,2
ICBHI_174_1p2_TC_004,ICBHI_174_1p2_TC,ICBHI_174,1,ICBHI,AKGC417L,0.8747207421177045,2
ICBHI_174_1p2_TC_005,ICBHI_174_1p2_TC,ICBHI_174,1,ICBHI,AKGC417L,0.9015745876334376,2
ICBHI_174_1p2_TC_006,ICBHI_174_1p2_TC,ICBHI_174,1,ICBHI,AKGC417L,0.8991213772699436,2
ICBHI_174_1p3_AR_000,ICBHI_174_1p3_AR,ICBHI_174,1,ICBHI,AKGC417L,0.8662457012426669,2
ICBHI_174_1p3_AR_001,ICBHI_174_1p3_AR,ICBHI_174,1,ICBHI,AKGC417L,0.8872045937171068,2
ICBHI_174_1p3_AR_002,ICBHI_174_1p3_AR,ICBHI_174,1,ICBHI,AKGC417L,0.8929365379204537,2
ICBHI_174_1p3_AR_003,ICBHI_174_1p3_AR,ICBHI_174,1,ICBHI,AKGC417L,0.8374870945748015,2
ICBHI_174_1p3_AR_004,ICBHI_174_1p3_AR,ICBHI_174,1,ICBHI,AKGC417L,0.8881781760875761,2
ICBHI_174_1p3_AR_005,ICBHI_174_1p3_AR,ICBHI_174,1,ICBHI,AKGC417L,0.8812065994915543,2
ICBHI_174_1p3_AR_006,ICBHI_174_1p3_AR,ICBHI_174,1,ICBHI,AKGC417L,0.8221891305219503,2
ICBHI_174_1p3_LL_000,ICBHI_174_1p3_LL,ICBHI_174,1,ICBHI,AKGC417L,0.8640812326182415,2
ICBHI_174_1p3_LL_001,ICBHI_174_1p3_LL,ICBHI_174,1,ICBHI,AKGC417L,0.8477157933899123,2
ICBHI_174_1p3_LL_002,ICBHI_174_1p3_LL,ICBHI_174,1,ICBHI,AKGC417L,0.8553685628570248,2
ICBHI_174_1p3_LL_003,ICBHI_174_1p3_LL,ICBHI_174,1,ICBHI,AKGC417L,0.8659058913092083,2
ICBHI_174_1p3_LL_004,ICBHI_174_1p3_LL,ICBHI_174,1,ICBHI,AKGC417L,0.8598992139095175,2
ICBHI_174_1p3_LL_005,ICBHI_174_1p3_LL,ICBHI_174,1,ICBHI,AKGC417L,0.8559715835823895,2
ICBHI_174_1p3_LL_006,ICBHI_174_1p3_LL,ICBHI_174,1,ICBHI,AKGC417L,0.8660192422796115,2
ICBHI_174_1p3_LR_000,ICBHI_174_1p3_LR,ICBHI_174,1,ICBHI,AKGC417L,0.8536689404283129,2
ICBHI_174_1p3_LR_001,ICBHI_174_1p3_LR,ICBHI_174,1,ICBHI,AKGC417L,0.8755743666401081,2
ICBHI_174_1p3_LR_002,ICBHI_174_1p3_LR,ICBHI_174,1,ICBHI,AKGC417L,0.8872045937171068,2
ICBHI_174_1p3_LR_003,ICBHI_174_1p3_LR,ICBHI_174,1,ICBHI,AKGC417L,0.8477157933899123,2
ICBHI_174_1p3_LR_004,ICBHI_174_1p3_LR,ICBHI_174,1,ICBHI,AKGC417L,0.8654516767364072,2
ICBHI_174_1p3_LR_005,ICBHI_174_1p3_LR,ICBHI_174,1,ICBHI,AKGC417L,0.8816149031928324,2
ICBHI_174_1p3_LR_006,ICBHI_174_1p3_LR,ICBHI_174,1,ICBHI,AKGC417L,0.8987665192930021,2
ICBHI_174_1p3_PL_000,ICBHI_174_1p3_PL,ICBHI_174,1,ICBHI,AKGC417L,0.8386797622482537,2
ICBHI_174_1p3_PL_001,ICBHI_174_1p3_PL,ICBHI_174,1,ICBHI,AKGC417L,0.7991289841772278,2
ICBHI_174_1p3_PL_002,ICBHI_174_1p3_PL,ICBHI_174,1,ICBHI,AKGC417L,0.8765287249141699,2
ICBHI_174_1p3_PL_003,ICBHI_174_1p3_PL,ICBHI_174,1,ICBHI,AKGC417L,0.8919993467962748,2
ICBHI_174_1p3_PL_004,ICBHI_174_1p3_PL,ICBHI_174,1,ICBHI,AKGC417L,0.910386183348348,2
ICBHI_174_1p3_PL_005,ICBHI_174_1p3_PL,ICBHI_174,1,ICBHI,AKGC417L,0.9071478391683364,2
ICBHI_174_1p3_PL_006,ICBHI_174_1p3_PL,ICBHI_174,1,ICBHI,AKGC417L,0.9053222982086732,2
ICBHI_174_1p3_PR_000,ICBHI_174_1p3_PR,ICBHI_174,1,ICBHI,AKGC417L,0.8299059606928785,2
ICBHI_174_1p3_PR_001,ICBHI_174_1p3_PR,ICBHI_174,1,ICBHI,AKGC417L,0.8172829938264785,2
ICBHI_174_1p3_PR_002,ICBHI_174_1p3_PR,ICBHI_174,1,ICBHI,AKGC417L,0.7294234191885761,2
ICBHI_174_1p3_PR_003,ICBHI_174_1p3_PR,ICBHI_174,1,ICBHI,AKGC417L,0.7937461896031696,2
ICBHI_174_1p3_PR_004,ICBHI_174_1p3_PR,ICBHI_174,1,ICBHI,AKGC417L,0.8445372659349166,2
ICBHI_174_1p3_PR_005,ICBHI_174_1p3_PR,ICBHI_174,1,ICBHI,AKGC417L,0.7595822589677163,2
ICBHI_174_1p3_PR_006,ICBHI_174_1p3_PR,ICBHI_174,1,ICBHI,AKGC417L,0.6920179329426135,2
ICBHI_174_1p3_TC_000,ICBHI_174_1p3_TC,ICBHI_174,1,ICBHI,AKGC417L,0.90894172110682,2
ICBHI_174_1p3_TC_001,ICBHI_174_1p3_TC,ICBHI_174,1,ICBHI,AKGC417L,0.8609547092195301,2
ICBHI_174_1p3_TC_002,ICBHI_174_1p3_TC,ICBHI_174,1,ICBHI,AKGC417L,0.8661325122464822,2
ICBHI_174_1p3_TC_003,ICBHI_174_1p3_TC,ICBHI_174,1,ICBHI,AKGC417L,0.8480936125142572,2
ICBHI_174_1p3_TC_004,ICBHI_174_1p3_TC,ICBHI_174,1,ICBHI,AKGC417L,0.8152324893520001,2
ICBHI_174_1p3_TC_005,ICBHI_174_1p3_TC,ICBHI_174,1,ICBHI,AKGC417L,0.8745065534624367,2
ICBHI_174_1p3_TC_006,ICBHI_174_1p3_TC,ICBHI_174,1,ICBHI,AKGC417L,0.8912444096440343,2
ICBHI_174_1p4_AR_000,ICBHI_174_1p4_AR,ICBHI_174,1,ICBHI,AKGC417L,0.9175984969391424,2
ICBHI_174_1p4_AR_001,ICBHI_174_1p4_AR,ICBHI_174,1,ICBHI,AKGC417L,0.9278877945870696,2
ICBHI_174_1p4_AR_002,ICBHI_174_1p4_AR,ICBHI_174,1,ICBHI,AKGC417L,0.9475754340373932,2
ICBHI_174_1p4_AR_003,ICBHI_174_1p4_AR,ICBHI_174,1,ICBHI,AKGC417L,0.9364014209523384,2
ICBHI_174_1p4_AR_004,ICBHI_174_1p4_AR,ICBHI_174,1,ICBHI,AKGC417L,0.9307105874853784,2
ICBHI_174_1p4_AR_005,ICBHI_174_1p4_AR,ICBHI_174,1,ICBHI,AKGC417L,0.9230391643039738,2
ICBHI_174_1p4_AR_006,ICBHI_174_1p4_AR,ICBHI_174,1,ICBHI,AKGC417L,0.9180404503793634,2
ICBHI_174_1p4_LL_000,ICBHI_174_1p4_LL,ICBHI_174,1,ICBHI,AKGC417L,0.854156228644121,2
ICBHI_174_1p4_LL_001,ICBHI_174_1p4_LL,ICBHI_174,1,ICBHI,AKGC417L,0.8602517888459638,2
ICBHI_174_1p4_LL_002,ICBHI_174_1p4_LL,ICBHI_174,1,ICBHI,AKGC417L,0.8703770745957927,2
ICBHI_174_1p4_LL_003,ICBHI_174_1p4_LL,ICBHI_174,1,ICBHI,AKGC417L,0.8702668581550825,2
ICBHI_174_1p4_LL_004,ICBHI_174_1p4_LL,ICBHI_174,1,ICBHI,AKGC417L,0.8454326716299558,2
ICBHI_174_1p4_LL_005,ICBHI_174_1p4_LL,ICBHI_174,1,ICBHI,AKGC417L,0.8464508271169839,2
ICBHI_174_1p4_LL_006,ICBHI_174_1p4_LL,ICBHI_174,1,ICBHI,AKGC417L,0.844280659604721,2
ICBHI_174_1p4_LR_000,ICBHI_174_1p4_LR,ICBHI_174,1,ICBHI,AKGC417L,0.8529354795409523,2
ICBHI_174_1p4_LR_001,ICBHI_174_1p4_LR,ICBHI_174,1,ICBHI,AKGC417L,0.8836382359770631,2
ICBHI_174_1p4_LR_002,ICBHI_174_1p4_LR,ICBHI_174,1,ICBHI,AKGC417L,0.8949731912576617,2
ICBHI_174_1p4_LR_003,ICBHI_174_1p4_LR,ICBHI_174,1,ICBHI,AKGC417L,0.8899121189857752,2
ICBHI_174_1p4_LR_004,ICBHI_174_1p4_LR,ICBHI_174,1,ICBHI,AKGC417L,0.8666976481785291,2
ICBHI_174_1p4_LR_005,ICBHI_174_1p4_LR,ICBHI_174,1,ICBHI,AKGC417L,0.8575296533208788,2
ICBHI_174_1p4_LR_006,ICBHI_174_1p4_LR,ICBHI_174,1,ICBHI,AKGC417L,0.8492224539291816,2
ICBHI_174_1p4_PL_000,ICBHI_174_1p4_PL,ICBHI_174,1,ICBHI,AKGC417L,0.8521989788091112,2
ICBHI_174_1p4_PL_001,ICBHI_174_1p4_PL,ICBHI_174,1,ICBHI,AKGC417L,0.872456082633875,2
ICBHI_174_1p4_PL_002,ICBHI_174_1p4_PL,ICBHI_174,1,ICBHI,AKGC417L,0.8996515935589441,2
ICBHI_174_1p4_PL_003,ICBHI_174_1p4_PL,ICBHI_174,1,ICBHI,AKGC417L,0.9113376495526664,2
ICBHI_174_1p4_PL_004,ICBHI_174_1p4_PL,ICBHI_174,1,ICBHI,AKGC417L,0.9032942067038784,2
ICBHI_174_1p4_PL_005,ICBHI_174_1p4_PL,ICBHI_174,1,ICBHI,AKGC417L,0.8589553730585133,2
ICBHI_174_1p4_PL_006,ICBHI_174_1p4_PL,ICBHI_174,1,ICBHI,AKGC417L,0.8633916099737806,2
ICBHI_174_1p4_PR_000,ICBHI_174_1p4_PR,ICBHI_174,1,ICBHI,AKGC417L,0.7732163651347154,2
ICBHI_174_1p4_PR_001,ICBHI_174_1p4_PR,ICBHI_174,1,ICBHI,AKGC417L,0.7771307677539746,2
ICBHI_174_1p4_PR_002,ICBHI_174_1p4_PR,ICBHI_174,1,ICBHI,AKGC417L,0.721350790473117,2
ICBHI_174_1p4_PR_003,ICBHI_174_1p4_PR,ICBHI_174,1,ICBHI,AKGC417L,0.7824963179402874,2
ICBHI_174_1p4_PR_004,ICBHI_174_1p4_PR,ICBHI_174,1,ICBHI,AKGC417L,0.8296300758720911,2
ICBHI_174_1p4_PR_005,ICBHI_174_1p4_PR,ICBHI_174,1,ICBHI,AKGC417L,0.6422081173490422,2
ICBHI_174_1p4_PR_006,ICBHI_174_1p4_PR,ICBHI_174,1,ICBHI,AKGC417L,0.2653090254809762,2
ICBHI_174_1p4_TC_000,ICBHI_174_1p4_TC,ICBHI_174,1,ICBHI,AKGC417L,0.9138304453571467,2
ICBHI_174_1p4_TC_001,ICBHI_174_1p4_TC,ICBHI_174,1,ICBHI,AKGC417L,0.927494747575282,2
ICBHI_174_1p4_TC_002,ICBHI_174_1p4_TC,ICBHI_174,1,ICBHI,AKGC417L,0.9505029467671968,2
ICBHI_174_1p4_TC_003,ICBHI_174_1p4_TC,ICBHI_174,1,ICBHI,AKGC417L,0.9238675232288402,2
ICBHI_174_1p4_TC_004,ICBHI_174_1p4_TC,ICBHI_174,1,ICBHI,AKGC417L,0.9442797128028252,2
ICBHI_174_1p4_TC_005,ICBHI_174_1p4_TC,ICBHI_174,1,ICBHI,AKGC417L,0.9194980766039684,2
ICBHI_174_1p4_TC_006,ICBHI_174_1p4_TC,ICBHI_174,1,ICBHI,AKGC417L,0.8800774779980822,2
ICBHI_174_2p3_AL_000,ICBHI_174_2p3_AL,ICBHI_174,1,ICBHI,AKGC417L,0.8842393539373058,2
ICBHI_174_2p3_AL_001,ICBHI_174_2p3_AL,ICBHI_174,1,ICBHI,AKGC417L,0.9168570857654618,2
ICBHI_174_2p3_AL_002,ICBHI_174_2p3_AL,ICBHI_174,1,ICBHI,AKGC417L,0.8791467675095294,2
ICBHI_174_2p3_AL_003,ICBHI_174_2p3_AL,ICBHI_174,1,ICBHI,AKGC417L,0.7293270388161539,2
ICBHI_174_2p3_AL_004,ICBHI_174_2p3_AL,ICBHI_174,1,ICBHI,AKGC417L,0.90796713988899,2
ICBHI_174_2p3_AL_005,ICBHI_174_2p3_AL,ICBHI_174,1,ICBHI,AKGC417L,0.002946404975477,2
ICBHI_174_2p3_AL_006,ICBHI_174_2p3_AL,ICBHI_174,1,ICBHI,AKGC417L,0.0059340668393836,2
ICBHI_174_2p3_AR_000,ICBHI_174_2p3_AR,ICBHI_174,1,ICBHI,AKGC417L,0.8820219914046175,2
ICBHI_174_2p3_AR_001,ICBHI_174_2p3_AR,ICBHI_174,1,ICBHI,AKGC417L,0.8620035287315965,2
ICBHI_174_2p3_AR_002,ICBHI_174_2p3_AR,ICBHI_174,1,ICBHI,AKGC417L,0.8818185990895465,2
ICBHI_174_2p3_AR_003,ICBHI_174_2p3_AR,ICBHI_174,1,ICBHI,AKGC417L,0.862930226964697,2
ICBHI_174_2p3_AR_004,ICBHI_174_2p3_AR,ICBHI_174,1,ICBHI,AKGC417L,0.8752548437248808,2
ICBHI_174_2p3_AR_005,ICBHI_174_2p3_AR,ICBHI_174,1,ICBHI,AKGC417L,0.8389438375191766,2
ICBHI_174_2p3_AR_006,ICBHI_174_2p3_AR,ICBHI_174,1,ICBHI,AKGC417L,0.8050197829785412,2
ICBHI_174_2p3_PL_000,ICBHI_174_2p3_PL,ICBHI_174,1,ICBHI,AKGC417L,0.8596637505099167,2
ICBHI_174_2p3_PL_001,ICBHI_174_2p3_PL,ICBHI_174,1,ICBHI,AKGC417L,0.8454326716299558,2
ICBHI_174_2p3_PL_002,ICBHI_174_2p3_PL,ICBHI_174,1,ICBHI,AKGC417L,0.8480936125142572,2
ICBHI_174_2p3_PL_003,ICBHI_174_2p3_PL,ICBHI_174,1,ICBHI,AKGC417L,0.8719117516553389,2
ICBHI_174_2p3_PL_004,ICBHI_174_2p3_PL,ICBHI_174,1,ICBHI,AKGC417L,0.8759993047687339,2
ICBHI_174_2p3_PL_005,ICBHI_174_2p3_PL,ICBHI_174,1,ICBHI,AKGC417L,0.820756958364011,2
ICBHI_174_2p3_PL_006,ICBHI_174_2p3_PL,ICBHI_174,1,ICBHI,AKGC417L,0.8241790822663343,2
ICBHI_174_2p3_PR_000,ICBHI_174_2p3_PR,ICBHI_174,1,ICBHI,AKGC417L,0.8059378442492656,2
ICBHI_174_2p3_PR_001,ICBHI_174_2p3_PR,ICBHI_174,1,ICBHI,AKGC417L,0.8268516511988573,2
ICBHI_174_2p3_PR_002,ICBHI_174_2p3_PR,ICBHI_174,1,ICBHI,AKGC417L,0.8431216547086122,2
ICBHI_174_2p3_PR_003,ICBHI_174_2p3_PR,ICBHI_174,1,ICBHI,AKGC417L,0.8451772723114586,2
ICBHI_174_2p3_PR_004,ICBHI_174_2p3_PR,ICBHI_174,1,ICBHI,AKGC417L,0.8652240825770433,2
ICBHI_174_2p3_PR_005,ICBHI_174_2p3_PR,ICBHI_174,1,ICBHI,AKGC417L,0.81077873232179,2
ICBHI_174_2p3_PR_006,ICBHI_174_2p3_PR,ICBHI_174,1,ICBHI,AKGC417L,0.7594038767986158,2
ICBHI_174_2p3_TC_000,ICBHI_174_2p3_TC,ICBHI_174,1,ICBHI,AKGC417L,0.8543993677396563,2
ICBHI_174_2p3_TC_001,ICBHI_174_2p3_TC,ICBHI_174,1,ICBHI,AKGC417L,0.9066531214804244,2
ICBHI_174_2p3_TC_002,ICBHI_174_2p3_TC,ICBHI_174,1,ICBHI,AKGC417L,0.9383503740450254,2
ICBHI_174_2p3_TC_003,ICBHI_174_2p3_TC,ICBHI_174,1,ICBHI,AKGC417L,0.9376689641180752,2
ICBHI_174_2p3_TC_004,ICBHI_174_2p3_TC,ICBHI_174,1,ICBHI,AKGC417L,0.9329437130748804,2
ICBHI_174_2p3_TC_005,ICBHI_174_2p3_TC,ICBHI_174,1,ICBHI,AKGC417L,0.9114953379300658,2
ICBHI_174_2p3_TC_006,ICBHI_174_2p3_TC,ICBHI_174,1,ICBHI,AKGC417L,0.9046505351008906,2
ICBHI_194_1b1_LR_000,ICBHI_194_1b1_LR,ICBHI_194,0,ICBHI,Meditron,0.5154369868672531,2
ICBHI_194_1b1_LR_001,ICBHI_194_1b1_LR,ICBHI_194,0,ICBHI,Meditron,0.2881682892535452,2
ICBHI_194_1b1_LR_002,ICBHI_194_1b1_LR,ICBHI_194,0,ICBHI,Meditron,0.3958345980320936,2
ICBHI_194_1b1_LR_003,ICBHI_194_1b1_LR,ICBHI_194,0,ICBHI,Meditron,0.6335236360273994,2
ICBHI_194_1b1_LR_004,ICBHI_194_1b1_LR,ICBHI_194,0,ICBHI,Meditron,0.7086160181699034,2
ICBHI_194_1b1_LR_005,ICBHI_194_1b1_LR,ICBHI_194,0,ICBHI,Meditron,0.3379678647329005,2
ICBHI_194_1b1_LR_006,ICBHI_194_1b1_LR,ICBHI_194,0,ICBHI,Meditron,0.0003726376876619,2
ICBHI_194_1b1_PR_000,ICBHI_194_1b1_PR,ICBHI_194,0,ICBHI,Meditron,0.0109869426305931,2
ICBHI_194_1b1_PR_001,ICBHI_194_1b1_PR,ICBHI_194,0,ICBHI,Meditron,1.3954598608060389e-05,2
ICBHI_194_1b1_PR_002,ICBHI_194_1b1_PR,ICBHI_194,0,ICBHI,Meditron,2.229919899951376e-05,2
ICBHI_194_1b1_PR_003,ICBHI_194_1b1_PR,ICBHI_194,0,ICBHI,Meditron,0.0004859560723853,2
ICBHI_194_1b1_PR_004,ICBHI_194_1b1_PR,ICBHI_194,0,ICBHI,Meditron,0.0002632383209032,2
ICBHI_194_1b1_PR_005,ICBHI_194_1b1_PR,ICBHI_194,0,ICBHI,Meditron,0.0011925492802088,2
ICBHI_194_1b1_PR_006,ICBHI_194_1b1_PR,ICBHI_194,0,ICBHI,Meditron,0.000368297926016,2
ICBHI_198_1b5_AL_000,ICBHI_198_1b5_AL,ICBHI_198,1,ICBHI,AKGC417L,0.8889517457525925,2
ICBHI_198_1b5_AL_001,ICBHI_198_1b5_AL,ICBHI_198,1,ICBHI,AKGC417L,0.8729984373336678,2
ICBHI_198_1b5_AL_002,ICBHI_198_1b5_AL,ICBHI_198,1,ICBHI,AKGC417L,0.8398653506656495,2
ICBHI_198_1b5_AL_003,ICBHI_198_1b5_AL,ICBHI_198,1,ICBHI,AKGC417L,0.8621196531439876,2
ICBHI_198_1b5_AL_004,ICBHI_198_1b5_AL,ICBHI_198,1,ICBHI,AKGC417L,0.878314245362953,2
ICBHI_198_1b5_AL_005,ICBHI_198_1b5_AL,ICBHI_198,1,ICBHI,AKGC417L,0.8415654047865821,2
ICBHI_198_1b5_AL_006,ICBHI_198_1b5_AL,ICBHI_198,1,ICBHI,AKGC417L,0.8398653506656495,2
ICBHI_198_1b5_AR_000,ICBHI_198_1b5_AR,ICBHI_198,1,ICBHI,AKGC417L,0.9314625069680096,2
ICBHI_198_1b5_AR_001,ICBHI_198_1b5_AR,ICBHI_198,1,ICBHI,AKGC417L,0.9130583432721084,2
ICBHI_198_1b5_AR_002,ICBHI_198_1b5_AR,ICBHI_198,1,ICBHI,AKGC417L,0.915356041864219,2
ICBHI_198_1b5_AR_003,ICBHI_198_1b5_AR,ICBHI_198,1,ICBHI,AKGC417L,0.9281487332504804,2
ICBHI_198_1b5_AR_004,ICBHI_198_1b5_AR,ICBHI_198,1,ICBHI,AKGC417L,0.9259027388218736,2
ICBHI_198_1b5_AR_005,ICBHI_198_1b5_AR,ICBHI_198,1,ICBHI,AKGC417L,0.9187722440021828,2
ICBHI_198_1b5_AR_006,ICBHI_198_1b5_AR,ICBHI_198,1,ICBHI,AKGC417L,0.9341552994156888,2
ICBHI_198_1b5_LL_000,ICBHI_198_1b5_LL,ICBHI_198,1,ICBHI,AKGC417L,0.9523973431900808,2
ICBHI_198_1b5_LL_001,ICBHI_198_1b5_LL,ICBHI_198,1,ICBHI,AKGC417L,0.9381240142763572,2
ICBHI_198_1b5_LL_002,ICBHI_198_1b5_LL,ICBHI_198,1,ICBHI,AKGC417L,0.9396923600249308,2
ICBHI_198_1b5_LL_003,ICBHI_198_1b5_LL,ICBHI_198,1,ICBHI,AKGC417L,0.9549844683997676,2
ICBHI_198_1b5_LL_004,ICBHI_198_1b5_LL,ICBHI_198,1,ICBHI,AKGC417L,0.9519526413943112,2
ICBHI_198_1b5_LL_005,ICBHI_198_1b5_LL,ICBHI_198,1,ICBHI,AKGC417L,0.9519526413943112,2
ICBHI_198_1b5_LL_006,ICBHI_198_1b5_LL,ICBHI_198,1,ICBHI,AKGC417L,0.948058438498774,2
ICBHI_198_1b5_LR_000,ICBHI_198_1b5_LR,ICBHI_198,1,ICBHI,AKGC417L,0.9369805284248848,2
ICBHI_198_1b5_LR_001,ICBHI_198_1b5_LR,ICBHI_198,1,ICBHI,AKGC417L,0.921781129173075,2
ICBHI_198_1b5_LR_002,ICBHI_198_1b5_LR,ICBHI_198,1,ICBHI,AKGC417L,0.8836382359770631,2
ICBHI_198_1b5_LR_003,ICBHI_198_1b5_LR,ICBHI_198,1,ICBHI,AKGC417L,0.9213576188158984,2
ICBHI_198_1b5_LR_004,ICBHI_198_1b5_LR,ICBHI_198,1,ICBHI,AKGC417L,0.9150528966571873,2
ICBHI_198_1b5_LR_005,ICBHI_198_1b5_LR,ICBHI_198,1,ICBHI,AKGC417L,0.8946054517822124,2
ICBHI_198_1b5_LR_006,ICBHI_198_1b5_LR,ICBHI_198,1,ICBHI,AKGC417L,0.2967561449244315,2
ICBHI_198_1b5_PL_000,ICBHI_198_1b5_PL,ICBHI_198,1,ICBHI,AKGC417L,0.9455001256588014,2
ICBHI_198_1b5_PL_001,ICBHI_198_1b5_PL,ICBHI_198,1,ICBHI,AKGC417L,0.9440738263146948,2
ICBHI_198_1b5_PL_002,ICBHI_198_1b5_PL,ICBHI_198,1,ICBHI,AKGC417L,0.9253649611035,2
ICBHI_198_1b5_PL_003,ICBHI_198_1b5_PL,ICBHI_198,1,ICBHI,AKGC417L,0.9234543714164196,2
ICBHI_198_1b5_PL_004,ICBHI_198_1b5_PL,ICBHI_198,1,ICBHI,AKGC417L,0.9224823435231172,2
ICBHI_198_1b5_PL_005,ICBHI_198_1b5_PL,ICBHI_198,1,ICBHI,AKGC417L,0.93096207182521,2
ICBHI_198_1b5_PL_006,ICBHI_198_1b5_PL,ICBHI_198,1,ICBHI,AKGC417L,0.9356999454877224,2
ICBHI_198_1b5_PR_000,ICBHI_198_1b5_PR,ICBHI_198,1,ICBHI,AKGC417L,0.9190632902163844,2
ICBHI_198_1b5_PR_001,ICBHI_198_1b5_PR,ICBHI_198,1,ICBHI,AKGC417L,0.9155072460249908,2
ICBHI_198_1b5_PR_002,ICBHI_198_1b5_PR,ICBHI_198,1,ICBHI,AKGC417L,0.9193533851235516,2
ICBHI_198_1b5_PR_003,ICBHI_198_1b5_PR,ICBHI_198,1,ICBHI,AKGC417L,0.930458255494172,2
ICBHI_198_1b5_PR_004,ICBHI_198_1b5_PR,ICBHI_198,1,ICBHI,AKGC417L,0.927363293639213,2
ICBHI_198_1b5_PR_005,ICBHI_198_1b5_PR,ICBHI_198,1,ICBHI,AKGC417L,0.9302050734936124,2
ICBHI_198_1b5_PR_006,ICBHI_198_1b5_PR,ICBHI_198,1,ICBHI,AKGC417L,0.9308364354644564,2
ICBHI_198_1b5_TC_000,ICBHI_198_1b5_TC,ICBHI_198,1,ICBHI,AKGC417L,0.9362850057480346,2
ICBHI_198_1b5_TC_001,ICBHI_198_1b5_TC,ICBHI_198,1,ICBHI,AKGC417L,0.9257686295391644,2
ICBHI_198_1b5_TC_002,ICBHI_198_1b5_TC,ICBHI_198,1,ICBHI,AKGC417L,0.930078163002164,2
ICBHI_198_1b5_TC_003,ICBHI_198_1b5_TC,ICBHI_198,1,ICBHI,AKGC417L,0.9263037302939516,2
ICBHI_198_1b5_TC_004,ICBHI_198_1b5_TC,ICBHI_198,1,ICBHI,AKGC417L,0.916708077443256,2
ICBHI_198_1b5_TC_005,ICBHI_198_1b5_TC,ICBHI_198,1,ICBHI,AKGC417L,0.9031234594061358,2
ICBHI_198_1b5_TC_006,ICBHI_198_1b5_TC,ICBHI_198,1,ICBHI,AKGC417L,0.909103245693355,2
ICBHI_198_6p1_AL_000,ICBHI_198_6p1_AL,ICBHI_198,1,ICBHI,AKGC417L,0.9336731259764038,2
ICBHI_198_6p1_AL_001,ICBHI_198_6p1_AL,ICBHI_198,1,ICBHI,AKGC417L,0.9233161978167048,2
ICBHI_198_6p1_AL_002,ICBHI_198_6p1_AL,ICBHI_198,1,ICBHI,AKGC417L,0.9282788756737624,2
ICBHI_198_6p1_AL_003,ICBHI_198_6p1_AL,ICBHI_198,1,ICBHI,AKGC417L,0.9359345675826196,2
ICBHI_198_6p1_AL_004,ICBHI_198_6p1_AL,ICBHI_198,1,ICBHI,AKGC417L,0.9419752510012038,2
ICBHI_198_6p1_AL_005,ICBHI_198_6p1_AL,ICBHI_198,1,ICBHI,AKGC417L,0.932083324744034,2
ICBHI_198_6p1_AL_006,ICBHI_198_6p1_AL,ICBHI_198,1,ICBHI,AKGC417L,0.927363293639213,2
ICBHI_198_6p1_AR_000,ICBHI_198_6p1_AR,ICBHI_198,1,ICBHI,AKGC417L,0.8677098048603524,2
ICBHI_198_6p1_AR_001,ICBHI_198_6p1_AR,ICBHI_198,1,ICBHI,AKGC417L,0.0109869426305931,2
ICBHI_198_6p1_AR_002,ICBHI_198_6p1_AR,ICBHI_198,1,ICBHI,AKGC417L,0.8936811302242426,2
ICBHI_198_6p1_AR_003,ICBHI_198_6p1_AR,ICBHI_198,1,ICBHI,AKGC417L,0.6366920216156495,2
ICBHI_198_6p1_AR_004,ICBHI_198_6p1_AR,ICBHI_198,1,ICBHI,AKGC417L,0.5804115060839786,2
ICBHI_198_6p1_AR_005,ICBHI_198_6p1_AR,ICBHI_198,1,ICBHI,AKGC417L,0.8609547092195301,2
ICBHI_198_6p1_AR_006,ICBHI_198_6p1_AR,ICBHI_198,1,ICBHI,AKGC417L,0.5770187415004098,2
ICBHI_198_6p1_LL_000,ICBHI_198_6p1_LL,ICBHI_198,1,ICBHI,AKGC417L,0.8752548437248808,2
ICBHI_198_6p1_LL_001,ICBHI_198_6p1_LL,ICBHI_198,1,ICBHI,AKGC417L,0.9005297861178929,2
ICBHI_198_6p1_LL_002,ICBHI_198_6p1_LL,ICBHI_198,1,ICBHI,AKGC417L,0.7520125737597972,2
ICBHI_198_6p1_LL_003,ICBHI_198_6p1_LL,ICBHI_198,1,ICBHI,AKGC417L,0.1260302906518717,2
ICBHI_198_6p1_LL_004,ICBHI_198_6p1_LL,ICBHI_198,1,ICBHI,AKGC417L,0.2583259885691872,2
ICBHI_198_6p1_LL_005,ICBHI_198_6p1_LL,ICBHI_198,1,ICBHI,AKGC417L,0.687105353828809,2
ICBHI_198_6p1_LL_006,ICBHI_198_6p1_LL,ICBHI_198,1,ICBHI,AKGC417L,0.3613900679227612,2
ICBHI_198_6p1_LR_000,ICBHI_198_6p1_LR,ICBHI_198,1,ICBHI,AKGC417L,0.9323301890181837,2
ICBHI_198_6p1_LR_001,ICBHI_198_6p1_LR,ICBHI_198,1,ICBHI,AKGC417L,0.9192084564299288,2
ICBHI_198_6p1_LR_002,ICBHI_198_6p1_LR,ICBHI_198,1,ICBHI,AKGC417L,0.9099070060380482,2
ICBHI_198_6p1_LR_003,ICBHI_198_6p1_LR,ICBHI_198,1,ICBHI,AKGC417L,0.9194980766039684,2
ICBHI_198_6p1_LR_004,ICBHI_198_6p1_LR,ICBHI_198,1,ICBHI,AKGC417L,0.9196425311777928,2
ICBHI_198_6p1_LR_005,ICBHI_198_6p1_LR,ICBHI_198,1,ICBHI,AKGC417L,0.9370957582019432,2
ICBHI_198_6p1_LR_006,ICBHI_198_6p1_LR,ICBHI_198,1,ICBHI,AKGC417L,0.9376689641180752,2
ICBHI_198_6p1_PL_000,ICBHI_198_6p1_PL,ICBHI_198,1,ICBHI,AKGC417L,0.8013146462095748,2
ICBHI_198_6p1_PL_001,ICBHI_198_6p1_PL,ICBHI_198,1,ICBHI,AKGC417L,0.921781129173075,2
ICBHI_198_6p1_PL_002,ICBHI_198_6p1_PL,ICBHI_198,1,ICBHI,AKGC417L,0.9237300338193294,2
ICBHI_198_6p1_PL_003,ICBHI_198_6p1_PL,ICBHI_198,1,ICBHI,AKGC417L,0.8885655479945739,2
ICBHI_198_6p1_PL_004,ICBHI_198_6p1_PL,ICBHI_198,1,ICBHI,AKGC417L,0.6134681466278327,2
ICBHI_198_6p1_PL_005,ICBHI_198_6p1_PL,ICBHI_198,1,ICBHI,AKGC417L,0.3170032391635806,2
ICBHI_198_6p1_PL_006,ICBHI_198_6p1_PL,ICBHI_198,1,ICBHI,AKGC417L,0.6793914500113598,2
ICBHI_198_6p1_PR_000,ICBHI_198_6p1_PR,ICBHI_198,1,ICBHI,AKGC417L,0.0002148592528014,2
ICBHI_198_6p1_PR_001,ICBHI_198_6p1_PR,ICBHI_198,1,ICBHI,AKGC417L,0.0001881420755049,2
ICBHI_198_6p1_PR_002,ICBHI_198_6p1_PR,ICBHI_198,1,ICBHI,AKGC417L,0.0238708349524309,2
ICBHI_198_6p1_PR_003,ICBHI_198_6p1_PR,ICBHI_198,1,ICBHI,AKGC417L,0.0006615174228741,2
ICBHI_198_6p1_PR_004,ICBHI_198_6p1_PR,ICBHI_198,1,ICBHI,AKGC417L,0.0001621928163716,2
ICBHI_198_6p1_PR_005,ICBHI_198_6p1_PR,ICBHI_198,1,ICBHI,AKGC417L,0.0114196146456484,2
ICBHI_198_6p1_PR_006,ICBHI_198_6p1_PR,ICBHI_198,1,ICBHI,AKGC417L,0.0005316132776684,2
ICBHI_198_6p1_TC_000,ICBHI_198_6p1_TC,ICBHI_198,1,ICBHI,AKGC417L,0.9505947548144924,2
ICBHI_198_6p1_TC_001,ICBHI_198_6p1_TC,ICBHI_198,1,ICBHI,AKGC417L,0.9500414759334156,2
ICBHI_198_6p1_TC_002,ICBHI_198_6p1_TC,ICBHI_198,1,ICBHI,AKGC417L,0.9492005402963102,2
ICBHI_198_6p1_TC_003,ICBHI_198_6p1_TC,ICBHI_198,1,ICBHI,AKGC417L,0.9483462190807312,2
ICBHI_198_6p1_TC_004,ICBHI_198_6p1_TC,ICBHI_198,1,ICBHI,AKGC417L,0.9431384513550536,2
ICBHI_198_6p1_TC_005,ICBHI_198_6p1_TC,ICBHI_198,1,ICBHI,AKGC417L,0.936865101787808,2
ICBHI_198_6p1_TC_006,ICBHI_198_6p1_TC,ICBHI_198,1,ICBHI,AKGC417L,0.9430336178557912,2
ICBHI_211_1p2_AR_000,ICBHI_211_1p2_AR,ICBHI_211,1,ICBHI,AKGC417L,0.8558511469672594,2
ICBHI_211_1p2_AR_001,ICBHI_211_1p2_AR,ICBHI_211,1,ICBHI,AKGC417L,0.8889517457525925,2
ICBHI_211_1p2_AR_002,ICBHI_211_1p2_AR,ICBHI_211,1,ICBHI,AKGC417L,0.8197490835822291,2
ICBHI_211_1p2_AR_003,ICBHI_211_1p2_AR,ICBHI_211,1,ICBHI,AKGC417L,0.8786270185919375,2
ICBHI_211_1p2_AR_004,ICBHI_211_1p2_AR,ICBHI_211,1,ICBHI,AKGC417L,0.8801805072395273,2
ICBHI_211_1p2_AR_005,ICBHI_211_1p2_AR,ICBHI_211,1,ICBHI,AKGC417L,0.8801805072395273,2
ICBHI_211_1p2_AR_006,ICBHI_211_1p2_AR,ICBHI_211,1,ICBHI,AKGC417L,0.9039745112122062,2
ICBHI_211_1p2_PL_000,ICBHI_211_1p2_PL,ICBHI_211,1,ICBHI,AKGC417L,0.7702920373143224,2
ICBHI_211_1p2_PL_001,ICBHI_211_1p2_PL,ICBHI_211,1,ICBHI,AKGC417L,0.7794897418544618,2
ICBHI_211_1p2_PL_002,ICBHI_211_1p2_PL,ICBHI_211,1,ICBHI,AKGC417L,0.8303191217824987,2
ICBHI_211_1p2_PL_003,ICBHI_211_1p2_PL,ICBHI_211,1,ICBHI,AKGC417L,0.8707072458481652,2
ICBHI_211_1p2_PL_004,ICBHI_211_1p2_PL,ICBHI_211,1,ICBHI,AKGC417L,0.8546421704730389,2
ICBHI_211_1p2_PL_005,ICBHI_211_1p2_PL,ICBHI_211,1,ICBHI,AKGC417L,0.7728736964144969,2
ICBHI_211_1p2_PL_006,ICBHI_211_1p2_PL,ICBHI_211,1,ICBHI,AKGC417L,0.8365545588915281,2
ICBHI_211_1p2_PR_000,ICBHI_211_1p2_PR,ICBHI_211,1,ICBHI,AKGC417L,0.7024280055200729,2
ICBHI_211_1p2_PR_001,ICBHI_211_1p2_PR,ICBHI_211,1,ICBHI,AKGC417L,0.7927852815759895,2
ICBHI_211_1p2_PR_002,ICBHI_211_1p2_PR,ICBHI_211,1,ICBHI,AKGC417L,0.4689274230216742,2
ICBHI_211_1p2_PR_003,ICBHI_211_1p2_PR,ICBHI_211,1,ICBHI,AKGC417L,0.0575992058665795,2
ICBHI_211_1p2_PR_004,ICBHI_211_1p2_PR,ICBHI_211,1,ICBHI,AKGC417L,0.2056150395700177,2
ICBHI_211_1p2_PR_005,ICBHI_211_1p2_PR,ICBHI_211,1,ICBHI,AKGC417L,0.2173375210470624,2
ICBHI_211_1p2_PR_006,ICBHI_211_1p2_PR,ICBHI_211,1,ICBHI,AKGC417L,0.6095822675696106,2
ICBHI_211_1p3_AR_000,ICBHI_211_1p3_AR,ICBHI_211,1,ICBHI,AKGC417L,0.888758793492457,2
ICBHI_211_1p3_AR_001,ICBHI_211_1p3_AR,ICBHI_211,1,ICBHI,AKGC417L,0.9094255214176163,2
ICBHI_211_1p3_AR_002,ICBHI_211_1p3_AR,ICBHI_211,1,ICBHI,AKGC417L,0.9041439177176904,2
ICBHI_211_1p3_AR_003,ICBHI_211_1p3_AR,ICBHI_211,1,ICBHI,AKGC417L,0.8902942261220291,2
ICBHI_211_1p3_AR_004,ICBHI_211_1p3_AR,ICBHI_211,1,ICBHI,AKGC417L,0.9068182895386296,2
ICBHI_211_1p3_AR_005,ICBHI_211_1p3_AR,ICBHI_211,1,ICBHI,AKGC417L,0.9168570857654618,2
ICBHI_211_1p3_AR_006,ICBHI_211_1p3_AR,ICBHI_211,1,ICBHI,AKGC417L,0.9152045921779318,2
ICBHI_211_1p5_AR_000,ICBHI_211_1p5_AR,ICBHI_211,1,ICBHI,AKGC417L,0.8756807181474986,2
ICBHI_211_1p5_AR_001,ICBHI_211_1p5_AR,ICBHI_211,1,ICBHI,AKGC417L,0.930458255494172,2
ICBHI_211_1p5_AR_002,ICBHI_211_1p5_AR,ICBHI_211,1,ICBHI,AKGC417L,0.9246876936763764,2
ICBHI_211_1p5_AR_003,ICBHI_211_1p5_AR,ICBHI_211,1,ICBHI,AKGC417L,0.9149009549929796,2
ICBHI_211_1p5_AR_004,ICBHI_211_1p5_AR,ICBHI_211,1,ICBHI,AKGC417L,0.9034646852235904,2
ICBHI_211_1p5_AR_005,ICBHI_211_1p5_AR,ICBHI_211,1,ICBHI,AKGC417L,0.8960696214948621,2
ICBHI_211_1p5_AR_006,ICBHI_211_1p5_AR,ICBHI_211,1,ICBHI,AKGC417L,0.9034646852235904,2
ICBHI_211_2p2_TC_000,ICBHI_211_2p2_TC,ICBHI_211,1,ICBHI,AKGC417L,0.9419752510012038,2
ICBHI_211_2p2_TC_001,ICBHI_211_2p2_TC,ICBHI_211,1,ICBHI,AKGC417L,0.9650533028884728,2
ICBHI_211_2p2_TC_002,ICBHI_211_2p2_TC,ICBHI_211,1,ICBHI,AKGC417L,0.955816678097593,2
ICBHI_211_2p2_TC_003,ICBHI_211_2p2_TC,ICBHI_211,1,ICBHI,AKGC417L,0.952925824178976,2
ICBHI_211_2p2_TC_004,ICBHI_211_2p2_TC,ICBHI_211,1,ICBHI,AKGC417L,0.9540517926508258,2
ICBHI_211_2p2_TC_005,ICBHI_211_2p2_TC,ICBHI_211,1,ICBHI,AKGC417L,0.9564718602835648,2
ICBHI_211_2p2_TC_006,ICBHI_211_2p2_TC,ICBHI_211,1,ICBHI,AKGC417L,0.955235687404285,2
ICBHI_211_2p3_TC_000,ICBHI_211_2p3_TC,ICBHI_211,1,ICBHI,AKGC417L,0.6345433207045336,2
ICBHI_211_2p3_TC_001,ICBHI_211_2p3_TC,ICBHI_211,1,ICBHI,AKGC417L,0.7170118817172945,2
ICBHI_211_2p3_TC_002,ICBHI_211_2p3_TC,ICBHI_211,1,ICBHI,AKGC417L,0.7177048928398944,2
ICBHI_211_2p3_TC_003,ICBHI_211_2p3_TC,ICBHI_211,1,ICBHI,AKGC417L,0.8714748610635069,2
ICBHI_211_2p3_TC_004,ICBHI_211_2p3_TC,ICBHI_211,1,ICBHI,AKGC417L,0.9314625069680096,2
ICBHI_211_2p3_TC_005,ICBHI_211_2p3_TC,ICBHI_211,1,ICBHI,AKGC417L,0.9364014209523384,2
ICBHI_211_2p3_TC_006,ICBHI_211_2p3_TC,ICBHI_211,1,ICBHI,AKGC417L,0.96621977103159,2
ICBHI_211_2p4_TC_000,ICBHI_211_2p4_TC,ICBHI_211,1,ICBHI,AKGC417L,0.8745065534624367,2
ICBHI_211_2p4_TC_001,ICBHI_211_2p4_TC,ICBHI_211,1,ICBHI,AKGC417L,0.5537164554147028,2
ICBHI_211_2p4_TC_002,ICBHI_211_2p4_TC,ICBHI_211,1,ICBHI,AKGC417L,0.9299510391228232,2
ICBHI_211_2p4_TC_003,ICBHI_211_2p4_TC,ICBHI_211,1,ICBHI,AKGC417L,0.9203612611724168,2
ICBHI_211_2p4_TC_004,ICBHI_211_2p4_TC,ICBHI_211,1,ICBHI,AKGC417L,0.9076402020521152,2
ICBHI_211_2p4_TC_005,ICBHI_211_2p4_TC,ICBHI_211,1,ICBHI,AKGC417L,0.9641868082445192,2
ICBHI_211_2p4_TC_006,ICBHI_211_2p4_TC,ICBHI_211,1,ICBHI,AKGC417L,0.9623206087688784,2
ICBHI_220_1b1_TC_000,ICBHI_220_1b1_TC,ICBHI_220,1,ICBHI,LittC2SE,0.94815453335022,2
ICBHI_220_1b1_TC_001,ICBHI_220_1b1_TC,ICBHI_220,1,ICBHI,LittC2SE,0.955402423772614,2
ICBHI_220_1b1_TC_002,ICBHI_220_1b1_TC,ICBHI_220,1,ICBHI,LittC2SE,0.9564718602835648,2
ICBHI_220_1b1_TC_003,ICBHI_220_1b1_TC,ICBHI_220,1,ICBHI,LittC2SE,0.9641193044741588,2
ICBHI_220_1b1_TC_004,ICBHI_220_1b1_TC,ICBHI_220,1,ICBHI,LittC2SE,0.964788863578424,2
ICBHI_220_1b1_TC_005,ICBHI_220_1b1_TC,ICBHI_220,1,ICBHI,LittC2SE,0.955816678097593,2
ICBHI_220_1b1_TC_006,ICBHI_220_1b1_TC,ICBHI_220,1,ICBHI,LittC2SE,0.9669764476633728,2
ICBHI_220_1b2_AL_000,ICBHI_220_1b2_AL,ICBHI_220,1,ICBHI,LittC2SE,1.1843139025979654e-05,2
ICBHI_220_1b2_AL_001,ICBHI_220_1b2_AL,ICBHI_220,1,ICBHI,LittC2SE,0.9420819125605256,2
ICBHI_220_1b2_AL_002,ICBHI_220_1b2_AL,ICBHI_220,1,ICBHI,LittC2SE,0.9194980766039684,2
ICBHI_220_1b2_AL_003,ICBHI_220_1b2_AL,ICBHI_220,1,ICBHI,LittC2SE,0.946200356539936,2
ICBHI_220_1b2_AL_004,ICBHI_220_1b2_AL,ICBHI_220,1,ICBHI,LittC2SE,0.9602867432263156,2
ICBHI_220_1b2_AL_005,ICBHI_220_1b2_AL,ICBHI_220,1,ICBHI,LittC2SE,0.4967689963900603,2
ICBHI_220_1b2_AL_006,ICBHI_220_1b2_AL,ICBHI_220,1,ICBHI,LittC2SE,0.6959583250334526,2
ICBHI_104_1b1_AL_000,ICBHI_104_1b1_AL,ICBHI_104,1,ICBHI,Litt3200,0.995207683326861,3
ICBHI_104_1b1_AL_001,ICBHI_104_1b1_AL,ICBHI_104,1,ICBHI,Litt3200,0.994225070146556,3
ICBHI_104_1b1_AL_002,ICBHI_104_1b1_AL,ICBHI_104,1,ICBHI,Litt3200,0.9947391477427644,3
ICBHI_104_1b1_AL_003,ICBHI_104_1b1_AL,ICBHI_104,1,ICBHI,Litt3200,0.9959927110540886,3
ICBHI_104_1b1_AL_004,ICBHI_104_1b1_AL,ICBHI_104,1,ICBHI,Litt3200,0.9953724699521328,3
ICBHI_104_1b1_AR_000,ICBHI_104_1b1_AR,ICBHI_104,1,ICBHI,Litt3200,0.9940889311437562,3
ICBHI_104_1b1_AR_001,ICBHI_104_1b1_AR,ICBHI_104,1,ICBHI,Litt3200,0.993734466224161,3
ICBHI_104_1b1_AR_002,ICBHI_104_1b1_AR,ICBHI_104,1,ICBHI,Litt3200,0.9938310050773188,3
ICBHI_104_1b1_AR_003,ICBHI_104_1b1_AR,ICBHI_104,1,ICBHI,Litt3200,0.9943580914999768,3
ICBHI_104_1b1_AR_004,ICBHI_104_1b1_AR,ICBHI_104,1,ICBHI,Litt3200,0.994880323761938,3
ICBHI_104_1b1_AR_005,ICBHI_104_1b1_AR,ICBHI_104,1,ICBHI,Litt3200,0.9949788500523676,3
ICBHI_104_1b1_AR_006,ICBHI_104_1b1_AR,ICBHI_104,1,ICBHI,Litt3200,0.9943361347628212,3
ICBHI_104_1b1_AR_007,ICBHI_104_1b1_AR,ICBHI_104,1,ICBHI,Litt3200,0.9947186660939475,3
ICBHI_104_1b1_AR_008,ICBHI_104_1b1_AR,ICBHI_104,1,ICBHI,Litt3200,0.993461175022765,3
ICBHI_104_1b1_LL_000,ICBHI_104_1b1_LL,ICBHI_104,1,ICBHI,Litt3200,0.992000245491622,3
ICBHI_104_1b1_LL_001,ICBHI_104_1b1_LL,ICBHI_104,1,ICBHI,Litt3200,0.9897116988662836,3
ICBHI_104_1b1_LL_002,ICBHI_104_1b1_LL,ICBHI_104,1,ICBHI,Litt3200,0.9945519319148104,3
ICBHI_104_1b1_LL_003,ICBHI_104_1b1_LL,ICBHI_104,1,ICBHI,Litt3200,0.9942474549497629,3
ICBHI_104_1b1_LL_004,ICBHI_104_1b1_LL,ICBHI_104,1,ICBHI,Litt3200,0.9922444632191524,3
ICBHI_104_1b1_LL_005,ICBHI_104_1b1_LL,ICBHI_104,1,ICBHI,Litt3200,0.9964203573960624,3
ICBHI_104_1b1_LR_000,ICBHI_104_1b1_LR,ICBHI_104,1,ICBHI,Litt3200,0.9913892323324892,3
ICBHI_104_1b1_LR_001,ICBHI_104_1b1_LR,ICBHI_104,1,ICBHI,Litt3200,0.9912208911330882,3
ICBHI_104_1b1_LR_002,ICBHI_104_1b1_LR,ICBHI_104,1,ICBHI,Litt3200,0.9891396689867225,3
ICBHI_104_1b1_LR_003,ICBHI_104_1b1_LR,ICBHI_104,1,ICBHI,Litt3200,0.9935117304033434,3
ICBHI_104_1b1_LR_004,ICBHI_104_1b1_LR,ICBHI_104,1,ICBHI,Litt3200,0.9958660319095476,3
ICBHI_104_1b1_PL_000,ICBHI_104_1b1_PL,ICBHI_104,1,ICBHI,Litt3200,0.9922744656025764,3
ICBHI_104_1b1_PL_001,ICBHI_104_1b1_PL,ICBHI_104,1,ICBHI,Litt3200,0.9932024684496268,3
ICBHI_104_1b1_PL_002,ICBHI_104_1b1_PL,ICBHI_104,1,ICBHI,Litt3200,0.9946567440438504,3
ICBHI_104_1b1_PL_003,ICBHI_104_1b1_PL,ICBHI_104,1,ICBHI,Litt3200,0.9966755631083444,3
ICBHI_104_1b1_PL_004,ICBHI_104_1b1_PL,ICBHI_104,1,ICBHI,Litt3200,0.9967141667081212,3
ICBHI_104_1b1_PL_005,ICBHI_104_1b1_PL,ICBHI_104,1,ICBHI,Litt3200,0.9971104189822264,3
ICBHI_104_1b1_PL_006,ICBHI_104_1b1_PL,ICBHI_104,1,ICBHI,Litt3200,0.9970650482552862,3
ICBHI_104_1b1_PL_007,ICBHI_104_1b1_PL,ICBHI_104,1,ICBHI,Litt3200,0.9971771671022386,3
ICBHI_104_1b1_PR_000,ICBHI_104_1b1_PR,ICBHI_104,1,ICBHI,Litt3200,0.9869292152258128,3
ICBHI_104_1b1_PR_001,ICBHI_104_1b1_PR,ICBHI_104,1,ICBHI,Litt3200,0.9939260655591138,3
ICBHI_104_1b1_PR_002,ICBHI_104_1b1_PR,ICBHI_104,1,ICBHI,Litt3200,0.993734466224161,3
ICBHI_104_1b1_PR_003,ICBHI_104_1b1_PR,ICBHI_104,1,ICBHI,Litt3200,0.9943140930647724,3
ICBHI_104_1b1_PR_004,ICBHI_104_1b1_PR,ICBHI_104,1,ICBHI,Litt3200,0.9938310050773188,3
ICBHI_104_1b1_PR_005,ICBHI_104_1b1_PR,ICBHI_104,1,ICBHI,Litt3200,0.995207683326861,3
ICBHI_104_1b1_PR_006,ICBHI_104_1b1_PR,ICBHI_104,1,ICBHI,Litt3200,0.9962199045112876,3
ICBHI_104_1b1_PR_007,ICBHI_104_1b1_PR,ICBHI_104,1,ICBHI,Litt3200,0.9966233876182606,3
ICBHI_118_1b1_AL_000,ICBHI_118_1b1_AL,ICBHI_118,1,ICBHI,Litt3200,0.994998327750071,3
ICBHI_118_1b1_AL_001,ICBHI_118_1b1_AL,ICBHI_118,1,ICBHI,Litt3200,0.9950370578981272,3
ICBHI_118_1b1_AL_002,ICBHI_118_1b1_AL,ICBHI_118,1,ICBHI,Litt3200,0.9948403768236574,3
ICBHI_118_1b1_AL_003,ICBHI_118_1b1_AL,ICBHI_118,1,ICBHI,Litt3200,0.9949592968881544,3
ICBHI_118_1b1_AL_004,ICBHI_118_1b1_AL,ICBHI_118,1,ICBHI,Litt3200,0.9950370578981272,3
ICBHI_118_1b1_AR_000,ICBHI_118_1b1_AR,ICBHI_118,1,ICBHI,Litt3200,0.9936116790902788,3
ICBHI_118_1b1_AR_001,ICBHI_118_1b1_AR,ICBHI_118,1,ICBHI,Litt3200,0.9946567440438504,3
ICBHI_118_1b1_AR_002,ICBHI_118_1b1_AR,ICBHI_118,1,ICBHI,Litt3200,0.995390427820626,3
ICBHI_118_1b1_AR_003,ICBHI_118_1b1_AR,ICBHI_118,1,ICBHI,Litt3200,0.9948001198233036,3
ICBHI_118_1b1_AR_004,ICBHI_118_1b1_AR,ICBHI_118,1,ICBHI,Litt3200,0.9942474549497629,3
ICBHI_118_1b1_AR_005,ICBHI_118_1b1_AR,ICBHI_118,1,ICBHI,Litt3200,0.9927952309111312,3
ICBHI_118_1b1_LL_000,ICBHI_118_1b1_LL,ICBHI_118,1,ICBHI,Litt3200,0.9951514669095514,3
ICBHI_118_1b1_LL_001,ICBHI_118_1b1_LL,ICBHI_118,1,ICBHI,Litt3200,0.9955316157335088,3
ICBHI_118_1b1_LL_002,ICBHI_118_1b1_LL,ICBHI_118,1,ICBHI,Litt3200,0.9967269350293284,3
ICBHI_118_1b1_LL_003,ICBHI_118_1b1_LL,ICBHI_118,1,ICBHI,Litt3200,0.9964756590195628,3
ICBHI_118_1b1_LR_000,ICBHI_118_1b1_LR,ICBHI_118,1,ICBHI,Litt3200,0.9941346616392028,3
ICBHI_118_1b1_LR_001,ICBHI_118_1b1_LR,ICBHI_118,1,ICBHI,Litt3200,0.996054593193398,3
ICBHI_118_1b1_LR_002,ICBHI_118_1b1_LR,ICBHI_118,1,ICBHI,Litt3200,0.995336345047618,3
ICBHI_118_1b1_LR_003,ICBHI_118_1b1_LR,ICBHI_118,1,ICBHI,Litt3200,0.9937587407701782,3
ICBHI_118_1b1_LR_004,ICBHI_118_1b1_LR,ICBHI_118,1,ICBHI,Litt3200,0.9955316157335088,3
ICBHI_118_1b1_LR_005,ICBHI_118_1b1_LR,ICBHI_118,1,ICBHI,Litt3200,0.9964342633376392,3
ICBHI_118_1b1_LR_006,ICBHI_118_1b1_LR,ICBHI_118,1,ICBHI,Litt3200,0.9967269350293284,3
ICBHI_118_1b1_PL_000,ICBHI_118_1b1_PL,ICBHI_118,1,ICBHI,Litt3200,0.9927952309111312,3
ICBHI_118_1b1_PL_001,ICBHI_118_1b1_PL,ICBHI_118,1,ICBHI,Litt3200,0.99440175138534,3
ICBHI_118_1b1_PL_002,ICBHI_118_1b1_PL,ICBHI_118,1,ICBHI,Litt3200,0.9955142054229602,3
ICBHI_118_1b1_PR_000,ICBHI_118_1b1_PR,ICBHI_118,1,ICBHI,Litt3200,0.9945094367975008,3
ICBHI_118_1b1_PR_001,ICBHI_118_1b1_PR,ICBHI_118,1,ICBHI,Litt3200,0.994615062038222,3
ICBHI_118_1b1_PR_002,ICBHI_118_1b1_PR,ICBHI_118,1,ICBHI,Litt3200,0.993486501440332,3
ICBHI_120_1b1_AL_000,ICBHI_120_1b1_AL,ICBHI_120,1,ICBHI,Meditron,0.9943361347628212,3
ICBHI_120_1b1_AL_001,ICBHI_120_1b1_AL,ICBHI_120,1,ICBHI,Meditron,0.99463594330938,3
ICBHI_120_1b1_AL_002,ICBHI_120_1b1_AL,ICBHI_120,1,ICBHI,Meditron,0.9949788500523676,3
ICBHI_120_1b1_AL_003,ICBHI_120_1b1_AL,ICBHI_120,1,ICBHI,Meditron,0.9937829218577496,3
ICBHI_120_1b1_AL_004,ICBHI_120_1b1_AL,ICBHI_120,1,ICBHI,Meditron,0.9929061381210884,3
ICBHI_120_1b1_AL_005,ICBHI_120_1b1_AL,ICBHI_120,1,ICBHI,Meditron,0.9897513980768414,3
ICBHI_120_1b1_AL_006,ICBHI_120_1b1_AL,ICBHI_120,1,ICBHI,Meditron,0.9914886969734374,3
ICBHI_120_1b1_AL_007,ICBHI_120_1b1_AL,ICBHI_120,1,ICBHI,Meditron,0.9915870224290224,3
ICBHI_120_1b1_AL_008,ICBHI_120_1b1_AL,ICBHI_120,1,ICBHI,Meditron,0.9921537607074792,3
ICBHI_120_1b1_AL_009,ICBHI_120_1b1_AL,ICBHI_120,1,ICBHI,Meditron,0.9926256346917622,3
ICBHI_120_1b1_AL_010,ICBHI_120_1b1_AL,ICBHI_120,1,ICBHI,Meditron,0.9936610782629056,3
ICBHI_120_1b1_AL_011,ICBHI_120_1b1_AL,ICBHI_120,1,ICBHI,Meditron,0.9929061381210884,3
ICBHI_120_1b1_AL_012,ICBHI_120_1b1_AL,ICBHI_120,1,ICBHI,Meditron,0.9923637835053328,3
ICBHI_120_1b1_AL_013,ICBHI_120_1b1_AL,ICBHI_120,1,ICBHI,Meditron,0.991619546648974,3
ICBHI_120_1b1_AL_014,ICBHI_120_1b1_AL,ICBHI_120,1,ICBHI,Meditron,0.9938310050773188,3
ICBHI_120_1b1_AL_015,ICBHI_120_1b1_AL,ICBHI_120,1,ICBHI,Meditron,0.9948001198233036,3
ICBHI_120_1b1_AL_016,ICBHI_120_1b1_AL,ICBHI_120,1,ICBHI,Meditron,0.9940196700308718,3
ICBHI_120_1b1_AL_017,ICBHI_120_1b1_AL,ICBHI_120,1,ICBHI,Meditron,0.990944735813278,3
ICBHI_120_1b1_AL_018,ICBHI_120_1b1_AL,ICBHI_120,1,ICBHI,Meditron,0.9914556693065582,3
ICBHI_120_1b1_AL_019,ICBHI_120_1b1_AL,ICBHI_120,1,ICBHI,Meditron,0.9930693283432538,3
ICBHI_120_1b1_AL_020,ICBHI_120_1b1_AL,ICBHI_120,1,ICBHI,Meditron,0.9919691867837398,3
ICBHI_120_1b1_AL_021,ICBHI_120_1b1_AL,ICBHI_120,1,ICBHI,Meditron,0.98504291340685,3
ICBHI_120_1b1_AL_022,ICBHI_120_1b1_AL,ICBHI_120,1,ICBHI,Meditron,0.981840488289738,3
ICBHI_120_1b1_AL_023,ICBHI_120_1b1_AL,ICBHI_120,1,ICBHI,Meditron,0.9842154389261902,3
ICBHI_120_1b1_AL_024,ICBHI_120_1b1_AL,ICBHI_120,1,ICBHI,Meditron,0.9818752792555312,3
ICBHI_120_1b1_AR_000,ICBHI_120_1b1_AR,ICBHI_120,1,ICBHI,Meditron,0.9923933278354768,3
ICBHI_120_1b1_AR_001,ICBHI_120_1b1_AR,ICBHI_120,1,ICBHI,Meditron,0.9922744656025764,3
ICBHI_120_1b1_AR_002,ICBHI_120_1b1_AR,ICBHI_120,1,ICBHI,Meditron,0.9919067101026268,3
ICBHI_120_1b1_AR_003,ICBHI_120_1b1_AR,ICBHI_120,1,ICBHI,Meditron,0.9920620058985926,3
ICBHI_120_1b1_AR_004,ICBHI_120_1b1_AR,ICBHI_120,1,ICBHI,Meditron,0.9923933278354768,3
ICBHI_120_1b1_AR_005,ICBHI_120_1b1_AR,ICBHI_120,1,ICBHI,Meditron,0.9922744656025764,3
ICBHI_120_1b1_AR_006,ICBHI_120_1b1_AR,ICBHI_120,1,ICBHI,Meditron,0.9923043528216078,3
ICBHI_120_1b1_AR_007,ICBHI_120_1b1_AR,ICBHI_120,1,ICBHI,Meditron,0.9928508980334536,3
ICBHI_120_1b1_AR_008,ICBHI_120_1b1_AR,ICBHI_120,1,ICBHI,Meditron,0.9917163731139697,3
ICBHI_120_1b1_AR_009,ICBHI_120_1b1_AR,ICBHI_120,1,ICBHI,Meditron,0.991083872947128,3
ICBHI_120_1b1_AR_010,ICBHI_120_1b1_AR,ICBHI_120,1,ICBHI,Meditron,0.9925393565360598,3
ICBHI_120_1b1_AR_011,ICBHI_120_1b1_AR,ICBHI_120,1,ICBHI,Meditron,0.9922444632191524,3
ICBHI_120_1b1_AR_012,ICBHI_120_1b1_AR,ICBHI_120,1,ICBHI,Meditron,0.9924227587321393,3
ICBHI_120_1b1_AR_013,ICBHI_120_1b1_AR,ICBHI_120,1,ICBHI,Meditron,0.9919691867837398,3
ICBHI_120_1b1_AR_014,ICBHI_120_1b1_AR,ICBHI_120,1,ICBHI,Meditron,0.9931760452132232,3
ICBHI_120_1b1_AR_015,ICBHI_120_1b1_AR,ICBHI_120,1,ICBHI,Meditron,0.9923933278354768,3
ICBHI_120_1b1_AR_016,ICBHI_120_1b1_AR,ICBHI_120,1,ICBHI,Meditron,0.9920620058985926,3
ICBHI_120_1b1_AR_017,ICBHI_120_1b1_AR,ICBHI_120,1,ICBHI,Meditron,0.9920311850466846,3
ICBHI_120_1b1_AR_018,ICBHI_120_1b1_AR,ICBHI_120,1,ICBHI,Meditron,0.9912548183179648,3
ICBHI_120_1b1_AR_019,ICBHI_120_1b1_AR,ICBHI_120,1,ICBHI,Meditron,0.9921841112107114,3
ICBHI_120_1b1_AR_020,ICBHI_120_1b1_AR,ICBHI_120,1,ICBHI,Meditron,0.9915215980653224,3
ICBHI_120_1b1_AR_021,ICBHI_120_1b1_AR,ICBHI_120,1,ICBHI,Meditron,0.99101457124744,3
ICBHI_120_1b1_AR_022,ICBHI_120_1b1_AR,ICBHI_120,1,ICBHI,Meditron,0.989908684514805,3
ICBHI_120_1b1_AR_023,ICBHI_120_1b1_AR,ICBHI_120,1,ICBHI,Meditron,0.9876638995791304,3
ICBHI_120_1b1_AR_024,ICBHI_120_1b1_AR,ICBHI_120,1,ICBHI,Meditron,0.9839091258071756,3
ICBHI_120_1b1_LR_000,ICBHI_120_1b1_LR,ICBHI_120,1,ICBHI,Meditron,0.9879462204837636,3
ICBHI_120_1b1_LR_001,ICBHI_120_1b1_LR,ICBHI_120,1,ICBHI,Meditron,0.9925393565360598,3
ICBHI_120_1b1_LR_002,ICBHI_120_1b1_LR,ICBHI_120,1,ICBHI,Meditron,0.9915215980653224,3
ICBHI_120_1b1_LR_003,ICBHI_120_1b1_LR,ICBHI_120,1,ICBHI,Meditron,0.9883127420043056,3
ICBHI_120_1b1_LR_004,ICBHI_120_1b1_LR,ICBHI_120,1,ICBHI,Meditron,0.9888849862785224,3
ICBHI_120_1b1_LR_005,ICBHI_120_1b1_LR,ICBHI_120,1,ICBHI,Meditron,0.991186833496954,3
ICBHI_120_1b1_LR_006,ICBHI_120_1b1_LR,ICBHI_120,1,ICBHI,Meditron,0.991780306938032,3
ICBHI_120_1b1_LR_007,ICBHI_120_1b1_LR,ICBHI_120,1,ICBHI,Meditron,0.9913892323324892,3
ICBHI_120_1b1_LR_008,ICBHI_120_1b1_LR,ICBHI_120,1,ICBHI,Meditron,0.991554373058874,3
ICBHI_120_1b1_LR_009,ICBHI_120_1b1_LR,ICBHI_120,1,ICBHI,Meditron,0.9915870224290224,3
ICBHI_120_1b1_LR_010,ICBHI_120_1b1_LR,ICBHI_120,1,ICBHI,Meditron,0.9917163731139697,3
ICBHI_120_1b1_LR_011,ICBHI_120_1b1_LR,ICBHI_120,1,ICBHI,Meditron,0.9909797204985978,3
ICBHI_120_1b1_LR_012,ICBHI_120_1b1_LR,ICBHI_120,1,ICBHI,Meditron,0.9819446650265006,3
ICBHI_120_1b1_LR_013,ICBHI_120_1b1_LR,ICBHI_120,1,ICBHI,Meditron,0.981840488289738,3
ICBHI_120_1b1_LR_014,ICBHI_120_1b1_LR,ICBHI_120,1,ICBHI,Meditron,0.9757161305979632,3
ICBHI_120_1b1_LR_015,ICBHI_120_1b1_LR,ICBHI_120,1,ICBHI,Meditron,0.9839708526340988,3
ICBHI_120_1b1_LR_016,ICBHI_120_1b1_LR,ICBHI_120,1,ICBHI,Meditron,0.9885803853543514,3
ICBHI_120_1b1_LR_017,ICBHI_120_1b1_LR,ICBHI_120,1,ICBHI,Meditron,0.985384329899364,3
ICBHI_120_1b1_LR_018,ICBHI_120_1b1_LR,ICBHI_120,1,ICBHI,Meditron,0.982151261550011,3
ICBHI_120_1b1_LR_019,ICBHI_120_1b1_LR,ICBHI_120,1,ICBHI,Meditron,0.9802052211384412,3
ICBHI_120_1b1_LR_020,ICBHI_120_1b1_LR,ICBHI_120,1,ICBHI,Meditron,0.9840936082881852,3
ICBHI_120_1b1_LR_021,ICBHI_120_1b1_LR,ICBHI_120,1,ICBHI,Meditron,0.9820137900379085,3
ICBHI_120_1b1_LR_022,ICBHI_120_1b1_LR,ICBHI_120,1,ICBHI,Meditron,0.9645224968348788,3
ICBHI_120_1b1_LR_023,ICBHI_120_1b1_LR,ICBHI_120,1,ICBHI,Meditron,0.96557645058735,3
ICBHI_120_1b1_LR_024,ICBHI_120_1b1_LR,ICBHI_120,1,ICBHI,Meditron,0.9635062337709722,3
ICBHI_120_1b1_LR_025,ICBHI_120_1b1_LR,ICBHI_120,1,ICBHI,Meditron,0.9313377141395016,3
ICBHI_120_1b1_LR_026,ICBHI_120_1b1_LR,ICBHI_120,1,ICBHI,Meditron,0.9780097803027992,3
ICBHI_120_1b1_LR_027,ICBHI_120_1b1_LR,ICBHI_120,1,ICBHI,Meditron,0.9883127420043056,3
ICBHI_120_1b1_LR_028,ICBHI_120_1b1_LR,ICBHI_120,1,ICBHI,Meditron,0.9913892323324892,3
ICBHI_120_1b1_LR_029,ICBHI_120_1b1_LR,ICBHI_120,1,ICBHI,Meditron,0.9921841112107114,3
ICBHI_120_1b1_LR_030,ICBHI_120_1b1_LR,ICBHI_120,1,ICBHI,Meditron,0.9912886155422944,3
ICBHI_120_1b1_LR_031,ICBHI_120_1b1_LR,ICBHI_120,1,ICBHI,Meditron,0.9912548183179648,3
ICBHI_120_1b1_LR_032,ICBHI_120_1b1_LR,ICBHI_120,1,ICBHI,Meditron,0.9793540692607816,3
ICBHI_120_1b1_PL_000,ICBHI_120_1b1_PL,ICBHI_120,1,ICBHI,Meditron,0.9930423911926236,3
ICBHI_120_1b1_PL_001,ICBHI_120_1b1_PL,ICBHI_120,1,ICBHI,Meditron,0.9931760452132232,3
ICBHI_120_1b1_PL_002,ICBHI_120_1b1_PL,ICBHI_120,1,ICBHI,Meditron,0.9899864293768268,3
ICBHI_120_1b1_PL_003,ICBHI_120_1b1_PL,ICBHI_120,1,ICBHI,Meditron,0.991780306938032,3
ICBHI_120_1b1_PL_004,ICBHI_120_1b1_PL,ICBHI_120,1,ICBHI,Meditron,0.9905142868292048,3
ICBHI_120_1b1_PL_005,ICBHI_120_1b1_PL,ICBHI_120,1,ICBHI,Meditron,0.9905509186809448,3
ICBHI_120_1b1_PL_006,ICBHI_120_1b1_PL,ICBHI_120,1,ICBHI,Meditron,0.9911526449170696,3
ICBHI_120_1b1_PL_007,ICBHI_120_1b1_PL,ICBHI_120,1,ICBHI,Meditron,0.9928508980334536,3
ICBHI_120_1b1_PL_008,ICBHI_120_1b1_PL,ICBHI_120,1,ICBHI,Meditron,0.9928785712542648,3
ICBHI_120_1b1_PL_009,ICBHI_120_1b1_PL,ICBHI_120,1,ICBHI,Meditron,0.9901782070803068,3
ICBHI_120_1b1_PL_010,ICBHI_120_1b1_PL,ICBHI_120,1,ICBHI,Meditron,0.991875291221819,3
ICBHI_120_1b1_PL_011,ICBHI_120_1b1_PL,ICBHI_120,1,ICBHI,Meditron,0.9927391335017144,3
ICBHI_120_1b1_PL_012,ICBHI_120_1b1_PL,ICBHI_120,1,ICBHI,Meditron,0.9884473296647792,3
ICBHI_120_1b1_PL_013,ICBHI_120_1b1_PL,ICBHI_120,1,ICBHI,Meditron,0.9790758090833794,3
ICBHI_120_1b1_PL_014,ICBHI_120_1b1_PL,ICBHI_120,1,ICBHI,Meditron,0.9605095953512194,3
ICBHI_120_1b1_PL_015,ICBHI_120_1b1_PL,ICBHI_120,1,ICBHI,Meditron,0.9417613746890242,3
ICBHI_120_1b1_PL_016,ICBHI_120_1b1_PL,ICBHI_120,1,ICBHI,Meditron,0.9670387599462188,3
ICBHI_120_1b1_PL_017,ICBHI_120_1b1_PL,ICBHI_120,1,ICBHI,Meditron,0.9839708526340988,3
ICBHI_120_1b1_PL_018,ICBHI_120_1b1_PL,ICBHI_120,1,ICBHI,Meditron,0.9886243997611625,3
ICBHI_120_1b1_PL_019,ICBHI_120_1b1_PL,ICBHI_120,1,ICBHI,Meditron,0.991186833496954,3
ICBHI_120_1b1_PL_020,ICBHI_120_1b1_PL,ICBHI_120,1,ICBHI,Meditron,0.9931228923417692,3
ICBHI_120_1b1_PL_021,ICBHI_120_1b1_PL,ICBHI_120,1,ICBHI,Meditron,0.9882221573114804,3
ICBHI_120_1b1_PL_022,ICBHI_120_1b1_PL,ICBHI_120,1,ICBHI,Meditron,0.9881308789536604,3
ICBHI_120_1b1_PL_023,ICBHI_120_1b1_PL,ICBHI_120,1,ICBHI,Meditron,0.985882106574795,3
ICBHI_120_1b1_PL_024,ICBHI_120_1b1_PL,ICBHI_120,1,ICBHI,Meditron,0.9880389017501904,3
ICBHI_120_1b1_PR_000,ICBHI_120_1b1_PR,ICBHI_120,1,ICBHI,Meditron,0.9874236517231209,3
ICBHI_120_1b1_PR_001,ICBHI_120_1b1_PR,ICBHI_120,1,ICBHI,Meditron,0.9888849862785224,3
ICBHI_120_1b1_PR_002,ICBHI_120_1b1_PR,ICBHI_120,1,ICBHI,Meditron,0.9866748522941186,3
ICBHI_120_1b1_PR_003,ICBHI_120_1b1_PR,ICBHI_120,1,ICBHI,Meditron,0.9872281325067136,3
ICBHI_120_1b1_PR_004,ICBHI_120_1b1_PR,ICBHI_120,1,ICBHI,Meditron,0.9899864293768268,3
ICBHI_120_1b1_PR_005,ICBHI_120_1b1_PR,ICBHI_120,1,ICBHI,Meditron,0.9871787857334058,3
ICBHI_120_1b1_PR_006,ICBHI_120_1b1_PR,ICBHI_120,1,ICBHI,Meditron,0.9875203002546722,3
ICBHI_120_1b1_PR_007,ICBHI_120_1b1_PR,ICBHI_120,1,ICBHI,Meditron,0.9878528299001949,3
ICBHI_120_1b1_PR_008,ICBHI_120_1b1_PR,ICBHI_120,1,ICBHI,Meditron,0.985772953896821,3
ICBHI_120_1b1_PR_009,ICBHI_120_1b1_PR,ICBHI_120,1,ICBHI,Meditron,0.9849273716910544,3
ICBHI_120_1b1_PR_010,ICBHI_120_1b1_PR,ICBHI_120,1,ICBHI,Meditron,0.9839708526340988,3
ICBHI_120_1b1_PR_011,ICBHI_120_1b1_PR,ICBHI_120,1,ICBHI,Meditron,0.9860979413749408,3
ICBHI_120_1b1_PR_012,ICBHI_120_1b1_PR,ICBHI_120,1,ICBHI,Meditron,0.984810951192016,3
ICBHI_120_1b1_PR_013,ICBHI_120_1b1_PR,ICBHI_120,1,ICBHI,Meditron,0.9898695883364156,3
ICBHI_120_1b1_PR_014,ICBHI_120_1b1_PR,ICBHI_120,1,ICBHI,Meditron,0.9913222832950108,3
ICBHI_120_1b1_PR_015,ICBHI_120_1b1_PR,ICBHI_120,1,ICBHI,Meditron,0.9872281325067136,3
ICBHI_120_1b1_PR_016,ICBHI_120_1b1_PR,ICBHI_120,1,ICBHI,Meditron,0.9860979413749408,3
ICBHI_120_1b1_PR_017,ICBHI_120_1b1_PR,ICBHI_120,1,ICBHI,Meditron,0.9862576795040976,3
ICBHI_120_1b1_PR_018,ICBHI_120_1b1_PR,ICBHI_120,1,ICBHI,Meditron,0.9852713861502774,3
ICBHI_120_1b1_PR_019,ICBHI_120_1b1_PR,ICBHI_120,1,ICBHI,Meditron,0.9843964652097964,3
ICBHI_120_1b1_PR_020,ICBHI_120_1b1_PR,ICBHI_120,1,ICBHI,Meditron,0.9849273716910544,3
ICBHI_120_1b1_PR_021,ICBHI_120_1b1_PR,ICBHI_120,1,ICBHI,Meditron,0.9866233967726228,3
ICBHI_120_1b1_PR_022,ICBHI_120_1b1_PR,ICBHI_120,1,ICBHI,Meditron,0.9887119261007692,3
ICBHI_120_1b1_PR_023,ICBHI_120_1b1_PR,ICBHI_120,1,ICBHI,Meditron,0.988084978032852,3
ICBHI_120_1b1_PR_024,ICBHI_120_1b1_PR,ICBHI_120,1,ICBHI,Meditron,0.986415607486941,3
ICBHI_123_1b1_AL_000,ICBHI_123_1b1_AL,ICBHI_123,0,ICBHI,Meditron,0.198064173668925,3
ICBHI_123_1b1_AL_001,ICBHI_123_1b1_AL,ICBHI_123,0,ICBHI,Meditron,0.004755199909833,3
ICBHI_123_1b1_AL_002,ICBHI_123_1b1_AL,ICBHI_123,0,ICBHI,Meditron,0.0068771076582306,3
ICBHI_123_1b1_AL_003,ICBHI_123_1b1_AL,ICBHI_123,0,ICBHI,Meditron,0.0858624562995546,3
ICBHI_123_1b1_AL_004,ICBHI_123_1b1_AL,ICBHI_123,0,ICBHI,Meditron,0.002174225342172,3
ICBHI_123_1b1_AL_005,ICBHI_123_1b1_AL,ICBHI_123,0,ICBHI,Meditron,9.098840359922044e-05,3
ICBHI_123_1b1_AL_006,ICBHI_123_1b1_AL,ICBHI_123,0,ICBHI,Meditron,2.863255694172923e-05,3
ICBHI_132_2b1_LR_000,ICBHI_132_2b1_LR,ICBHI_132,1,ICBHI,LittC2SE,0.9929061381210884,3
ICBHI_132_2b1_LR_001,ICBHI_132_2b1_LR,ICBHI_132,1,ICBHI,LittC2SE,0.991186833496954,3
ICBHI_132_2b1_LR_002,ICBHI_132_2b1_LR,ICBHI_132,1,ICBHI,LittC2SE,0.9897116988662836,3
ICBHI_132_2b1_LR_003,ICBHI_132_2b1_LR,ICBHI_132,1,ICBHI,LittC2SE,0.9922744656025764,3
ICBHI_132_2b1_LR_004,ICBHI_132_2b1_LR,ICBHI_132,1,ICBHI,LittC2SE,0.98636316471857,3
ICBHI_132_2b1_LR_005,ICBHI_132_2b1_LR,ICBHI_132,1,ICBHI,LittC2SE,0.9875203002546722,3
ICBHI_132_2b1_LR_006,ICBHI_132_2b1_LR,ICBHI_132,1,ICBHI,LittC2SE,0.992710922416408,3
ICBHI_132_2b2_LR_000,ICBHI_132_2b2_LR,ICBHI_132,1,ICBHI,LittC2SE,0.9909096166863416,3
ICBHI_132_2b2_LR_001,ICBHI_132_2b2_LR,ICBHI_132,1,ICBHI,LittC2SE,0.9917163731139697,3
ICBHI_132_2b2_LR_002,ICBHI_132_2b2_LR,ICBHI_132,1,ICBHI,LittC2SE,0.988841968751916,3
ICBHI_132_2b2_LR_003,ICBHI_132_2b2_LR,ICBHI_132,1,ICBHI,LittC2SE,0.9875203002546722,3
ICBHI_132_2b2_LR_004,ICBHI_132_2b2_LR,ICBHI_132,1,ICBHI,LittC2SE,0.985384329899364,3
ICBHI_132_2b2_LR_005,ICBHI_132_2b2_LR,ICBHI_132,1,ICBHI,LittC2SE,0.9917163731139697,3
ICBHI_132_2b2_LR_006,ICBHI_132_2b2_LR,ICBHI_132,1,ICBHI,LittC2SE,0.9904406006529084,3
ICBHI_141_1b1_PR_000,ICBHI_141_1b1_PR,ICBHI_141,1,ICBHI,LittC2SE,0.9868280501184434,3
ICBHI_141_1b1_PR_001,ICBHI_141_1b1_PR,ICBHI_141,1,ICBHI,LittC2SE,0.9873750507184356,3
ICBHI_141_1b1_PR_002,ICBHI_141_1b1_PR,ICBHI_141,1,ICBHI,LittC2SE,0.9873750507184356,3
ICBHI_141_1b1_PR_003,ICBHI_141_1b1_PR,ICBHI_141,1,ICBHI,LittC2SE,0.9878528299001949,3
ICBHI_141_1b1_PR_004,ICBHI_141_1b1_PR,ICBHI_141,1,ICBHI,LittC2SE,0.9887119261007692,3
ICBHI_141_1b1_PR_005,ICBHI_141_1b1_PR,ICBHI_141,1,ICBHI,LittC2SE,0.98905542259902,3
ICBHI_141_1b1_PR_006,ICBHI_141_1b1_PR,ICBHI_141,1,ICBHI,LittC2SE,0.9888849862785224,3
ICBHI_141_1b2_AR_000,ICBHI_141_1b2_AR,ICBHI_141,1,ICBHI,LittC2SE,0.9952632510442234,3
ICBHI_141_1b2_AR_001,ICBHI_141_1b2_AR,ICBHI_141,1,ICBHI,LittC2SE,0.9960237720255248,3
ICBHI_141_1b2_AR_002,ICBHI_141_1b2_AR,ICBHI_141,1,ICBHI,LittC2SE,0.9966884809397304,3
ICBHI_141_1b2_AR_003,ICBHI_141_1b2_AR,ICBHI_141,1,ICBHI,LittC2SE,0.9958820823560408,3
ICBHI_141_1b2_AR_004,ICBHI_141_1b2_AR,ICBHI_141,1,ICBHI,LittC2SE,0.9963071469612744,3
ICBHI_141_1b2_AR_005,ICBHI_141_1b2_AR,ICBHI_141,1,ICBHI,LittC2SE,0.9955662347993564,3
ICBHI_141_1b2_AR_006,ICBHI_141_1b2_AR,ICBHI_141,1,ICBHI,LittC2SE,0.9951702782541956,3
ICBHI_141_1b2_LR_000,ICBHI_141_1b2_LR,ICBHI_141,1,ICBHI,LittC2SE,0.9928508980334536,3
ICBHI_141_1b2_LR_001,ICBHI_141_1b2_LR,ICBHI_141,1,ICBHI,LittC2SE,0.9932024684496268,3
ICBHI_141_1b2_LR_002,ICBHI_141_1b2_LR,ICBHI_141,1,ICBHI,LittC2SE,0.9970189672701452,3
ICBHI_141_1b2_LR_003,ICBHI_141_1b2_LR,ICBHI_141,1,ICBHI,LittC2SE,0.9964203573960624,3
ICBHI_141_1b2_LR_004,ICBHI_141_1b2_LR,ICBHI_141,1,ICBHI,LittC2SE,0.9957353653078126,3
ICBHI_141_1b2_LR_005,ICBHI_141_1b2_LR,ICBHI_141,1,ICBHI,LittC2SE,0.9954967275829107,3
ICBHI_141_1b2_LR_006,ICBHI_141_1b2_LR,ICBHI_141,1,ICBHI,LittC2SE,0.996115523451234,3
ICBHI_141_1b2_PR_000,ICBHI_141_1b2_PR,ICBHI_141,1,ICBHI,LittC2SE,0.9868280501184434,3
ICBHI_141_1b2_PR_001,ICBHI_141_1b2_PR,ICBHI_141,1,ICBHI,LittC2SE,0.9877587247081928,3
ICBHI_141_1b2_PR_002,ICBHI_141_1b2_PR,ICBHI_141,1,ICBHI,LittC2SE,0.9908034475769532,3
ICBHI_141_1b2_PR_003,ICBHI_141_1b2_PR,ICBHI_141,1,ICBHI,LittC2SE,0.99101457124744,3
ICBHI_141_1b2_PR_004,ICBHI_141_1b2_PR,ICBHI_141,1,ICBHI,LittC2SE,0.9872772918000768,3
ICBHI_141_1b2_PR_005,ICBHI_141_1b2_PR,ICBHI_141,1,ICBHI,LittC2SE,0.9884026381763672,3
ICBHI_141_1b2_PR_006,ICBHI_141_1b2_PR,ICBHI_141,1,ICBHI,LittC2SE,0.9898695883364156,3
ICBHI_141_1b2_TC_000,ICBHI_141_1b2_TC,ICBHI_141,1,ICBHI,LittC2SE,0.988357775835334,3
ICBHI_141_1b2_TC_001,ICBHI_141_1b2_TC,ICBHI_141,1,ICBHI,LittC2SE,0.9957519209132611,3
ICBHI_141_1b2_TC_002,ICBHI_141_1b2_TC,ICBHI_141,1,ICBHI,LittC2SE,0.9945307254013008,3
ICBHI_141_1b2_TC_003,ICBHI_141_1b2_TC,ICBHI_141,1,ICBHI,LittC2SE,0.9945519319148104,3
ICBHI_141_1b2_TC_004,ICBHI_141_1b2_TC,ICBHI_141,1,ICBHI,LittC2SE,0.9960392124697902,3
ICBHI_141_1b2_TC_005,ICBHI_141_1b2_TC,ICBHI_141,1,ICBHI,LittC2SE,0.9967269350293284,3
ICBHI_141_1b2_TC_006,ICBHI_141_1b2_TC,ICBHI_141,1,ICBHI,LittC2SE,0.9955489587731128,3
ICBHI_141_1b3_AL_000,ICBHI_141_1b3_AL,ICBHI_141,1,ICBHI,LittC2SE,0.9928231180543432,3
ICBHI_141_1b3_AL_001,ICBHI_141_1b3_AL,ICBHI_141,1,ICBHI,LittC2SE,0.9941573948247951,3
ICBHI_141_1b3_AL_002,ICBHI_141_1b3_AL,ICBHI_141,1,ICBHI,LittC2SE,0.9914556693065582,3
ICBHI_141_1b3_AL_003,ICBHI_141_1b3_AL,ICBHI_141,1,ICBHI,LittC2SE,0.9920620058985926,3
ICBHI_141_1b3_AL_004,ICBHI_141_1b3_AL,ICBHI_141,1,ICBHI,LittC2SE,0.9935618974445168,3
ICBHI_141_1b3_AL_005,ICBHI_141_1b3_AL,ICBHI_141,1,ICBHI,LittC2SE,0.9946567440438504,3
ICBHI_141_1b3_AL_006,ICBHI_141_1b3_AL,ICBHI_141,1,ICBHI,LittC2SE,0.9948202872296428,3
ICBHI_141_1b3_AR_000,ICBHI_141_1b3_AR,ICBHI_141,1,ICBHI,LittC2SE,0.9920620058985926,3
ICBHI_141_1b3_AR_001,ICBHI_141_1b3_AR,ICBHI_141,1,ICBHI,LittC2SE,0.9912208911330882,3
ICBHI_141_1b3_AR_002,ICBHI_141_1b3_AR,ICBHI_141,1,ICBHI,LittC2SE,0.9932024684496268,3
ICBHI_141_1b3_AR_003,ICBHI_141_1b3_AR,ICBHI_141,1,ICBHI,LittC2SE,0.9942474549497629,3
ICBHI_141_1b3_AR_004,ICBHI_141_1b3_AR,ICBHI_141,1,ICBHI,LittC2SE,0.992710922416408,3
ICBHI_141_1b3_AR_005,ICBHI_141_1b3_AR,ICBHI_141,1,ICBHI,LittC2SE,0.992481281938568,3
ICBHI_141_1b3_AR_006,ICBHI_141_1b3_AR,ICBHI_141,1,ICBHI,LittC2SE,0.9893885786697612,3
ICBHI_141_1b3_PR_000,ICBHI_141_1b3_PR,ICBHI_141,1,ICBHI,LittC2SE,0.991422514586288,3
ICBHI_141_1b3_PR_001,ICBHI_141_1b3_PR,ICBHI_141,1,ICBHI,LittC2SE,0.9889278398167658,3
ICBHI_141_1b3_PR_002,ICBHI_141_1b3_PR,ICBHI_141,1,ICBHI,LittC2SE,0.990838973077906,3
ICBHI_141_1b3_PR_003,ICBHI_141_1b3_PR,ICBHI_141,1,ICBHI,LittC2SE,0.991684221522526,3
ICBHI_141_1b3_PR_004,ICBHI_141_1b3_PR,ICBHI_141,1,ICBHI,LittC2SE,0.9913892323324892,3
ICBHI_141_1b3_PR_005,ICBHI_141_1b3_PR,ICBHI_141,1,ICBHI,LittC2SE,0.9923637835053328,3
ICBHI_141_1b3_PR_006,ICBHI_141_1b3_PR,ICBHI_141,1,ICBHI,LittC2SE,0.991554373058874,3
ICBHI_142_1b1_PL_000,ICBHI_142_1b1_PL,ICBHI_142,1,ICBHI,LittC2SE,0.9933330680687192,3
ICBHI_142_1b1_PL_001,ICBHI_142_1b1_PL,ICBHI_142,1,ICBHI,LittC2SE,0.992214345234632,3
ICBHI_142_1b1_PL_002,ICBHI_142_1b1_PL,ICBHI_142,1,ICBHI,LittC2SE,0.993461175022765,3
ICBHI_142_1b1_PL_003,ICBHI_142_1b1_PL,ICBHI_142,1,ICBHI,LittC2SE,0.9936610782629056,3
ICBHI_142_1b1_PL_004,ICBHI_142_1b1_PL,ICBHI_142,1,ICBHI,LittC2SE,0.9901019362839764,3
ICBHI_142_1b1_PL_005,ICBHI_142_1b1_PL,ICBHI_142,1,ICBHI,LittC2SE,0.9923933278354768,3
ICBHI_142_1b1_PL_006,ICBHI_142_1b1_PL,ICBHI_142,1,ICBHI,LittC2SE,0.992767236196521,3
ICBHI_179_1b1_AL_000,ICBHI_179_1b1_AL,ICBHI_179,0,ICBHI,Meditron,0.9352282990285242,3
ICBHI_179_1b1_AL_001,ICBHI_179_1b1_AL,ICBHI_179,0,ICBHI,Meditron,0.9762200155633391,3
ICBHI_179_1b1_AL_002,ICBHI_179_1b1_AL,ICBHI_179,0,ICBHI,Meditron,0.9608048667967016,3
ICBHI_179_1b1_AL_003,ICBHI_179_1b1_AL,ICBHI_179,0,ICBHI,Meditron,0.9459013026311742,3
ICBHI_179_1b1_AL_004,ICBHI_179_1b1_AL,ICBHI_179,0,ICBHI,Meditron,0.8628146765958754,3
ICBHI_179_1b1_AL_005,ICBHI_179_1b1_AL,ICBHI_179,0,ICBHI,Meditron,0.743540623165219,3
ICBHI_179_1b1_AL_006,ICBHI_179_1b1_AL,ICBHI_179,0,ICBHI,Meditron,0.8268516511988573,3
ICBHI_179_1b1_TC_000,ICBHI_179_1b1_TC,ICBHI_179,0,ICBHI,Meditron,0.0001047255718079,3
ICBHI_179_1b1_TC_001,ICBHI_179_1b1_TC,ICBHI_179,0,ICBHI,Meditron,9.098840359922044e-05,3
ICBHI_179_1b1_TC_002,ICBHI_179_1b1_TC,ICBHI_179,0,ICBHI,Meditron,0.0003740956047302,3
ICBHI_179_1b1_TC_003,ICBHI_179_1b1_TC,ICBHI_179,0,ICBHI,Meditron,0.0001911043158777,3
ICBHI_179_1b1_TC_004,ICBHI_179_1b1_TC,ICBHI_179,0,ICBHI,Meditron,0.0001313517970652,3
ICBHI_179_1b1_TC_005,ICBHI_179_1b1_TC,ICBHI_179,0,ICBHI,Meditron,0.0031974869372464,3
ICBHI_179_1b1_TC_006,ICBHI_179_1b1_TC,ICBHI_179,0,ICBHI,Meditron,0.0005725465816324,3
ICBHI_182_1b1_TC_000,ICBHI_182_1b1_TC,ICBHI_182,0,ICBHI,Meditron,0.0033115190602696,3
ICBHI_182_1b1_TC_001,ICBHI_182_1b1_TC,ICBHI_182,0,ICBHI,Meditron,0.0048109830326012,3
ICBHI_182_1b1_TC_002,ICBHI_182_1b1_TC,ICBHI_182,0,ICBHI,Meditron,0.7867866921370192,3
ICBHI_182_1b1_TC_003,ICBHI_182_1b1_TC,ICBHI_182,0,ICBHI,Meditron,0.8978745248133241,3
ICBHI_182_1b1_TC_004,ICBHI_182_1b1_TC,ICBHI_182,0,ICBHI,Meditron,0.001654924244124,3
ICBHI_182_1b1_TC_005,ICBHI_182_1b1_TC,ICBHI_182,0,ICBHI,Meditron,0.0069846499171343,3
ICBHI_182_1b1_TC_006,ICBHI_182_1b1_TC,ICBHI_182,0,ICBHI,Meditron,0.0128212142665942,3
ICBHI_189_1b2_LR_000,ICBHI_189_1b2_LR,ICBHI_189,1,ICBHI,LittC2SE,0.9940659331606164,3
ICBHI_189_1b2_LR_001,ICBHI_189_1b2_LR,ICBHI_189,1,ICBHI,LittC2SE,0.9940659331606164,3
ICBHI_189_1b2_LR_002,ICBHI_189_1b2_LR,ICBHI_189,1,ICBHI,LittC2SE,0.9937587407701782,3
ICBHI_189_1b2_LR_003,ICBHI_189_1b2_LR,ICBHI_189,1,ICBHI,LittC2SE,0.994202598745566,3
ICBHI_189_1b2_LR_004,ICBHI_189_1b2_LR,ICBHI_189,1,ICBHI,LittC2SE,0.9939260655591138,3
ICBHI_189_1b2_LR_005,ICBHI_189_1b2_LR,ICBHI_189,1,ICBHI,LittC2SE,0.9932287900693888,3
ICBHI_189_1b2_LR_006,ICBHI_189_1b2_LR,ICBHI_189,1,ICBHI,LittC2SE,0.9941346616392028,3
ICBHI_199_2b1_LL_000,ICBHI_199_2b1_LL,ICBHI_199,1,ICBHI,LittC2SE,0.982423116732664,3
ICBHI_199_2b1_LL_001,ICBHI_199_2b1_LL,ICBHI_199,1,ICBHI,LittC2SE,0.9842760094722643,3
ICBHI_199_2b1_LL_002,ICBHI_199_2b1_LL,ICBHI_199,1,ICBHI,LittC2SE,0.9865717452580314,3
ICBHI_199_2b1_LL_003,ICBHI_199_2b1_LL,ICBHI_199,1,ICBHI,LittC2SE,0.9820137900379085,3
ICBHI_199_2b1_LL_004,ICBHI_199_2b1_LL,ICBHI_199,1,ICBHI,LittC2SE,0.9061560406079822,3
ICBHI_199_2b1_LL_005,ICBHI_199_2b1_LL,ICBHI_199,1,ICBHI,LittC2SE,0.8976952921073469,3
ICBHI_199_2b1_LL_006,ICBHI_199_2b1_LL,ICBHI_199,1,ICBHI,LittC2SE,0.2022855622285341,3
ICBHI_199_2b3_LL_000,ICBHI_199_2b3_LL,ICBHI_199,1,ICBHI,LittC2SE,0.9558990874315896,3
ICBHI_199_2b3_LL_001,ICBHI_199_2b3_LL,ICBHI_199,1,ICBHI,LittC2SE,0.9826909042463318,3
ICBHI_199_2b3_LL_002,ICBHI_199_2b3_LL,ICBHI_199,1,ICBHI,LittC2SE,0.975900554890232,3
ICBHI_199_2b3_LL_003,ICBHI_199_2b3_LL,ICBHI_199,1,ICBHI,LittC2SE,0.9700134939339984,3
ICBHI_199_2b3_LL_004,ICBHI_199_2b3_LL,ICBHI_199,1,ICBHI,LittC2SE,0.979899764423248,3
ICBHI_199_2b3_LL_005,ICBHI_199_2b3_LL,ICBHI_199,1,ICBHI,LittC2SE,0.9848692716928064,3
ICBHI_199_2b3_LL_006,ICBHI_199_2b3_LL,ICBHI_199,1,ICBHI,LittC2SE,0.9881308789536604,3
ICBHI_202_1b1_AR_000,ICBHI_202_1b1_AR,ICBHI_202,0,ICBHI,Meditron,0.0225860427863473,3
ICBHI_202_1b1_AR_001,ICBHI_202_1b1_AR,ICBHI_202,0,ICBHI,Meditron,0.5880613942228418,3
ICBHI_202_1b1_AR_002,ICBHI_202_1b1_AR,ICBHI_202,0,ICBHI,Meditron,0.0162150301093162,3
ICBHI_202_1b1_AR_003,ICBHI_202_1b1_AR,ICBHI_202,0,ICBHI,Meditron,0.0020992734296664,3
ICBHI_202_1b1_AR_004,ICBHI_202_1b1_AR,ICBHI_202,0,ICBHI,Meditron,0.0035106491137746,3
ICBHI_202_1b1_AR_005,ICBHI_202_1b1_AR,ICBHI_202,0,ICBHI,Meditron,0.0151890488079839,3
ICBHI_213_1p2_AL_000,ICBHI_213_1p2_AL,ICBHI_213,1,ICBHI,AKGC417L,0.9921537607074792,3
ICBHI_213_1p2_AL_001,ICBHI_213_1p2_AL,ICBHI_213,1,ICBHI,AKGC417L,0.993486501440332,3
ICBHI_213_1p2_AL_002,ICBHI_213_1p2_AL,ICBHI_213,1,ICBHI,AKGC417L,0.9917163731139697,3
ICBHI_213_1p2_AL_003,ICBHI_213_1p2_AL,ICBHI_213,1,ICBHI,AKGC417L,0.991780306938032,3
ICBHI_213_1p2_AL_004,ICBHI_213_1p2_AL,ICBHI_213,1,ICBHI,AKGC417L,0.98905542259902,3
ICBHI_213_1p2_AL_005,ICBHI_213_1p2_AL,ICBHI_213,1,ICBHI,AKGC417L,0.9875203002546722,3
ICBHI_213_1p2_AL_006,ICBHI_213_1p2_AL,ICBHI_213,1,ICBHI,AKGC417L,0.9831499205521024,3
ICBHI_213_1p2_AR_000,ICBHI_213_1p2_AR,ICBHI_213,1,ICBHI,AKGC417L,0.9872772918000768,3
ICBHI_213_1p2_AR_001,ICBHI_213_1p2_AR,ICBHI_213,1,ICBHI,AKGC417L,0.988536202622004,3
ICBHI_213_1p2_AR_002,ICBHI_213_1p2_AR,ICBHI_213,1,ICBHI,AKGC417L,0.990838973077906,3
ICBHI_213_1p2_AR_003,ICBHI_213_1p2_AR,ICBHI_213,1,ICBHI,AKGC417L,0.9888849862785224,3
ICBHI_213_1p2_AR_004,ICBHI_213_1p2_AR,ICBHI_213,1,ICBHI,AKGC417L,0.9900635812940538,3
ICBHI_213_1p2_AR_005,ICBHI_213_1p2_AR,ICBHI_213,1,ICBHI,AKGC417L,0.987992649452366,3
ICBHI_213_1p2_AR_006,ICBHI_213_1p2_AR,ICBHI_213,1,ICBHI,AKGC417L,0.987711402470298,3
ICBHI_213_1p2_LR_000,ICBHI_213_1p2_LR,ICBHI_213,1,ICBHI,AKGC417L,0.973894084658676,3
ICBHI_213_1p2_LR_001,ICBHI_213_1p2_LR,ICBHI_213,1,ICBHI,AKGC417L,0.9804687614573544,3
ICBHI_213_1p2_LR_002,ICBHI_213_1p2_LR,ICBHI_213,1,ICBHI,AKGC417L,0.9764007056485348,3
ICBHI_213_1p2_LR_003,ICBHI_213_1p2_LR,ICBHI_213,1,ICBHI,AKGC417L,0.9742394408803317,3
ICBHI_213_1p2_LR_004,ICBHI_213_1p2_LR,ICBHI_213,1,ICBHI,AKGC417L,0.9732915354985552,3
ICBHI_213_1p2_LR_005,ICBHI_213_1p2_LR,ICBHI_213,1,ICBHI,AKGC417L,0.9743372944539102,3
ICBHI_213_1p2_LR_006,ICBHI_213_1p2_LR,ICBHI_213,1,ICBHI,AKGC417L,0.977110159887611,3
ICBHI_213_1p2_PL_000,ICBHI_213_1p2_PL,ICBHI_213,1,ICBHI,AKGC417L,0.9843964652097964,3
ICBHI_213_1p2_PL_001,ICBHI_213_1p2_PL,ICBHI_213,1,ICBHI,AKGC417L,0.9857180660748888,3
ICBHI_213_1p2_PL_002,ICBHI_213_1p2_PL,ICBHI_213,1,ICBHI,AKGC417L,0.9775000306229962,3
ICBHI_213_1p2_PL_003,ICBHI_213_1p2_PL,ICBHI_213,1,ICBHI,AKGC417L,0.9732915354985552,3
ICBHI_213_1p2_PL_004,ICBHI_213_1p2_PL,ICBHI_213,1,ICBHI,AKGC417L,0.979706514428458,3
ICBHI_213_1p2_PL_005,ICBHI_213_1p2_PL,ICBHI_213,1,ICBHI,AKGC417L,0.9816303618907108,3
ICBHI_213_1p2_PL_006,ICBHI_213_1p2_PL,ICBHI_213,1,ICBHI,AKGC417L,0.9806548960854106,3
ICBHI_213_1p2_PR_000,ICBHI_213_1p2_PR,ICBHI_213,1,ICBHI,AKGC417L,0.9898303422461272,3
ICBHI_213_1p2_PR_001,ICBHI_213_1p2_PR,ICBHI_213,1,ICBHI,AKGC417L,0.9911526449170696,3
ICBHI_213_1p2_PR_002,ICBHI_213_1p2_PR,ICBHI_213,1,ICBHI,AKGC417L,0.9829546827465642,3
ICBHI_213_1p2_PR_003,ICBHI_213_1p2_PR,ICBHI_213,1,ICBHI,AKGC417L,0.9874236517231209,3
ICBHI_213_1p2_PR_004,ICBHI_213_1p2_PR,ICBHI_213,1,ICBHI,AKGC417L,0.990291523518526,3
ICBHI_213_1p2_PR_005,ICBHI_213_1p2_PR,ICBHI_213,1,ICBHI,AKGC417L,0.9867261125456144,3
ICBHI_213_1p2_PR_006,ICBHI_213_1p2_PR,ICBHI_213,1,ICBHI,AKGC417L,0.9844563520692292,3
ICBHI_213_1p2_TC_000,ICBHI_213_1p2_TC,ICBHI_213,1,ICBHI,AKGC417L,0.9811668701095654,3
ICBHI_213_1p2_TC_001,ICBHI_213_1p2_TC,ICBHI_213,1,ICBHI,AKGC417L,0.9752018398044144,3
ICBHI_213_1p2_TC_002,ICBHI_213_1p2_TC,ICBHI_213,1,ICBHI,AKGC417L,0.982423116732664,3
ICBHI_213_1p2_TC_003,ICBHI_213_1p2_TC,ICBHI_213,1,ICBHI,AKGC417L,0.9804687614573544,3
ICBHI_213_1p2_TC_004,ICBHI_213_1p2_TC,ICBHI_213,1,ICBHI,AKGC417L,0.9814889540096828,3
ICBHI_213_1p2_TC_005,ICBHI_213_1p2_TC,ICBHI_213,1,ICBHI,AKGC417L,0.8596637505099167,3
ICBHI_213_1p2_TC_006,ICBHI_213_1p2_TC,ICBHI_213,1,ICBHI,AKGC417L,0.9843363512883316,3
ICBHI_213_1p3_AL_000,ICBHI_213_1p3_AL,ICBHI_213,1,ICBHI,AKGC417L,0.9886682464686384,3
ICBHI_213_1p3_AL_001,ICBHI_213_1p3_AL,ICBHI_213,1,ICBHI,AKGC417L,0.9905509186809448,3
ICBHI_213_1p3_AL_002,ICBHI_213_1p3_AL,ICBHI_213,1,ICBHI,AKGC417L,0.9880389017501904,3
ICBHI_213_1p3_AL_003,ICBHI_213_1p3_AL,ICBHI_213,1,ICBHI,AKGC417L,0.9860979413749408,3
ICBHI_213_1p3_AL_004,ICBHI_213_1p3_AL,ICBHI_213,1,ICBHI,AKGC417L,0.9842154389261902,3
ICBHI_213_1p3_AL_005,ICBHI_213_1p3_AL,ICBHI_213,1,ICBHI,AKGC417L,0.9681411443139596,3
ICBHI_213_1p3_AL_006,ICBHI_213_1p3_AL,ICBHI_213,1,ICBHI,AKGC417L,0.9616059822423816,3
ICBHI_213_1p3_AR_000,ICBHI_213_1p3_AR,ICBHI_213,1,ICBHI,AKGC417L,0.9866748522941186,3
ICBHI_213_1p3_AR_001,ICBHI_213_1p3_AR,ICBHI_213,1,ICBHI,AKGC417L,0.988084978032852,3
ICBHI_213_1p3_AR_002,ICBHI_213_1p3_AR,ICBHI_213,1,ICBHI,AKGC417L,0.9877587247081928,3
ICBHI_213_1p3_AR_003,ICBHI_213_1p3_AR,ICBHI_213,1,ICBHI,AKGC417L,0.9863105223037256,3
ICBHI_213_1p3_AR_004,ICBHI_213_1p3_AR,ICBHI_213,1,ICBHI,AKGC417L,0.98504291340685,3
ICBHI_213_1p3_AR_005,ICBHI_213_1p3_AR,ICBHI_213,1,ICBHI,AKGC417L,0.985384329899364,3
ICBHI_213_1p3_AR_006,ICBHI_213_1p3_AR,ICBHI_213,1,ICBHI,AKGC417L,0.9847524093785004,3
ICBHI_213_1p3_PL_000,ICBHI_213_1p3_PL,ICBHI_213,1,ICBHI,AKGC417L,0.9810945528586532,3
ICBHI_213_1p3_PL_001,ICBHI_213_1p3_PL,ICBHI_213,1,ICBHI,AKGC417L,0.9843964652097964,3
ICBHI_213_1p3_PL_002,ICBHI_213_1p3_PL,ICBHI_213,1,ICBHI,AKGC417L,0.9841546388118628,3
ICBHI_213_1p3_PL_003,ICBHI_213_1p3_PL,ICBHI_213,1,ICBHI,AKGC417L,0.9849273716910544,3
ICBHI_213_1p3_PL_004,ICBHI_213_1p3_PL,ICBHI_213,1,ICBHI,AKGC417L,0.9802808718926534,3
ICBHI_213_1p3_PL_005,ICBHI_213_1p3_PL,ICBHI_213,1,ICBHI,AKGC417L,0.9823555365894354,3
ICBHI_213_1p3_PL_006,ICBHI_213_1p3_PL,ICBHI_213,1,ICBHI,AKGC417L,0.9846346585586978,3
ICBHI_213_1p3_PR_000,ICBHI_213_1p3_PR,ICBHI_213,1,ICBHI,AKGC417L,0.985772953896821,3
ICBHI_213_1p3_PR_001,ICBHI_213_1p3_PR,ICBHI_213,1,ICBHI,AKGC417L,0.9811668701095654,3
ICBHI_213_1p3_PR_002,ICBHI_213_1p3_PR,ICBHI_213,1,ICBHI,AKGC417L,0.9815951096107584,3
ICBHI_213_1p3_PR_003,ICBHI_213_1p3_PR,ICBHI_213,1,ICBHI,AKGC417L,0.9903663476405536,3
ICBHI_213_1p3_PR_004,ICBHI_213_1p3_PR,ICBHI_213,1,ICBHI,AKGC417L,0.991875291221819,3
ICBHI_213_1p3_PR_005,ICBHI_213_1p3_PR,ICBHI_213,1,ICBHI,AKGC417L,0.98905542259902,3
ICBHI_213_1p3_PR_006,ICBHI_213_1p3_PR,ICBHI_213,1,ICBHI,AKGC417L,0.9888849862785224,3
ICBHI_213_1p5_AL_000,ICBHI_213_1p5_AL,ICBHI_213,1,ICBHI,AKGC417L,0.9822877012965884,3
ICBHI_213_1p5_AL_001,ICBHI_213_1p5_AL,ICBHI_213,1,ICBHI,AKGC417L,0.97693477348305,3
ICBHI_213_1p5_AL_002,ICBHI_213_1p5_AL,ICBHI_213,1,ICBHI,AKGC417L,0.9757161305979632,3
ICBHI_213_1p5_AL_003,ICBHI_213_1p5_AL,ICBHI_213,1,ICBHI,AKGC417L,0.9813106915732508,3
ICBHI_213_1p5_AL_004,ICBHI_213_1p5_AL,ICBHI_213,1,ICBHI,AKGC417L,0.9812748375316978,3
ICBHI_213_1p5_AL_005,ICBHI_213_1p5_AL,ICBHI_213,1,ICBHI,AKGC417L,0.979784031808104,3
ICBHI_213_1p5_AL_006,ICBHI_213_1p5_AL,ICBHI_213,1,ICBHI,AKGC417L,0.9822877012965884,3
ICBHI_213_1p5_AR_000,ICBHI_213_1p5_AR,ICBHI_213,1,ICBHI,AKGC417L,0.991118324899153,3
ICBHI_213_1p5_AR_001,ICBHI_213_1p5_AR,ICBHI_213,1,ICBHI,AKGC417L,0.991118324899153,3
ICBHI_213_1p5_AR_002,ICBHI_213_1p5_AR,ICBHI_213,1,ICBHI,AKGC417L,0.9905142868292048,3
ICBHI_213_1p5_AR_003,ICBHI_213_1p5_AR,ICBHI_213,1,ICBHI,AKGC417L,0.9888849862785224,3
ICBHI_213_1p5_AR_004,ICBHI_213_1p5_AR,ICBHI_213,1,ICBHI,AKGC417L,0.988357775835334,3
ICBHI_213_1p5_AR_005,ICBHI_213_1p5_AR,ICBHI_213,1,ICBHI,AKGC417L,0.9890130573694068,3
ICBHI_213_1p5_AR_006,ICBHI_213_1p5_AR,ICBHI_213,1,ICBHI,AKGC417L,0.9878058669624096,3
ICBHI_213_1p5_PL_000,ICBHI_213_1p5_PL,ICBHI_213,1,ICBHI,AKGC417L,0.9679599219419188,3
ICBHI_213_1p5_PL_001,ICBHI_213_1p5_PL,ICBHI_213,1,ICBHI,AKGC417L,0.9802430819947856,3
ICBHI_213_1p5_PL_002,ICBHI_213_1p5_PL,ICBHI_213,1,ICBHI,AKGC417L,0.97693477348305,3
ICBHI_213_1p5_PL_003,ICBHI_213_1p5_PL,ICBHI_213,1,ICBHI,AKGC417L,0.9796676466573412,3
ICBHI_213_1p5_PL_004,ICBHI_213_1p5_PL,ICBHI_213,1,ICBHI,AKGC417L,0.9805434250177092,3
ICBHI_213_1p5_PL_005,ICBHI_213_1p5_PL,ICBHI_213,1,ICBHI,AKGC417L,0.9812029269218638,3
ICBHI_213_1p5_PL_006,ICBHI_213_1p5_PL,ICBHI_213,1,ICBHI,AKGC417L,0.9872772918000768,3
ICBHI_213_1p5_PR_000,ICBHI_213_1p5_PR,ICBHI_213,1,ICBHI,AKGC417L,0.978467122853792,3
ICBHI_213_1p5_PR_001,ICBHI_213_1p5_PR,ICBHI_213,1,ICBHI,AKGC417L,0.9793540692607816,3
ICBHI_213_1p5_PR_002,ICBHI_213_1p5_PR,ICBHI_213,1,ICBHI,AKGC417L,0.9365176378735216,3
ICBHI_213_1p5_PR_003,ICBHI_213_1p5_PR,ICBHI_213,1,ICBHI,AKGC417L,0.959077697183522,3
ICBHI_213_1p5_PR_004,ICBHI_213_1p5_PR,ICBHI_213,1,ICBHI,AKGC417L,0.9802430819947856,3
ICBHI_213_1p5_PR_005,ICBHI_213_1p5_PR,ICBHI_213,1,ICBHI,AKGC417L,0.9742394408803317,3
ICBHI_213_1p5_PR_006,ICBHI_213_1p5_PR,ICBHI_213,1,ICBHI,AKGC417L,0.9733928914303028,3
ICBHI_213_1p5_TC_000,ICBHI_213_1p5_TC,ICBHI_213,1,ICBHI,AKGC417L,0.9743372944539102,3
ICBHI_213_1p5_TC_001,ICBHI_213_1p5_TC,ICBHI_213,1,ICBHI,AKGC417L,0.9744347860767304,3
ICBHI_213_1p5_TC_002,ICBHI_213_1p5_TC,ICBHI_213,1,ICBHI,AKGC417L,0.9800912115412156,3
ICBHI_213_1p5_TC_003,ICBHI_213_1p5_TC,ICBHI_213,1,ICBHI,AKGC417L,0.9743372944539102,3
ICBHI_213_1p5_TC_004,ICBHI_213_1p5_TC,ICBHI_213,1,ICBHI,AKGC417L,0.9839708526340988,3
ICBHI_213_1p5_TC_005,ICBHI_213_1p5_TC,ICBHI_213,1,ICBHI,AKGC417L,0.9796676466573412,3
ICBHI_213_1p5_TC_006,ICBHI_213_1p5_TC,ICBHI_213,1,ICBHI,AKGC417L,0.9808759632491112,3
ICBHI_213_2p2_AL_000,ICBHI_213_2p2_AL,ICBHI_213,1,ICBHI,AKGC417L,0.9776285401622384,3
ICBHI_213_2p2_AL_001,ICBHI_213_2p2_AL,ICBHI_213,1,ICBHI,AKGC417L,0.9757623652873698,3
ICBHI_213_2p2_AL_002,ICBHI_213_2p2_AL,ICBHI_213,1,ICBHI,AKGC417L,0.9764905475924672,3
ICBHI_213_2p2_AL_003,ICBHI_213_2p2_AL,ICBHI_213,1,ICBHI,AKGC417L,0.9663470356814964,3
ICBHI_213_2p2_AL_004,ICBHI_213_2p2_AL,ICBHI_213,1,ICBHI,AKGC417L,0.9715099574136776,3
ICBHI_213_2p2_AL_005,ICBHI_213_2p2_AL,ICBHI_213,1,ICBHI,AKGC417L,0.9773275621685958,3
ICBHI_213_2p2_AL_006,ICBHI_213_2p2_AL,ICBHI_213,1,ICBHI,AKGC417L,0.9692078335557076,3
ICBHI_213_2p2_AR_000,ICBHI_213_2p2_AR,ICBHI_213,1,ICBHI,AKGC417L,0.9893885786697612,3
ICBHI_213_2p2_AR_001,ICBHI_213_2p2_AR,ICBHI_213,1,ICBHI,AKGC417L,0.9874720680072552,3
ICBHI_213_2p2_AR_002,ICBHI_213_2p2_AR,ICBHI_213,1,ICBHI,AKGC417L,0.9839091258071756,3
ICBHI_213_2p2_AR_003,ICBHI_213_2p2_AR,ICBHI_213,1,ICBHI,AKGC417L,0.9752018398044144,3
ICBHI_213_2p2_AR_004,ICBHI_213_2p2_AR,ICBHI_213,1,ICBHI,AKGC417L,0.987711402470298,3
ICBHI_213_2p2_AR_005,ICBHI_213_2p2_AR,ICBHI_213,1,ICBHI,AKGC417L,0.9860442896017269,3
ICBHI_213_2p2_AR_006,ICBHI_213_2p2_AR,ICBHI_213,1,ICBHI,AKGC417L,0.9716178771000952,3
ICBHI_213_2p2_PL_000,ICBHI_213_2p2_PL,ICBHI_213,1,ICBHI,AKGC417L,0.9693822208597556,3
ICBHI_213_2p2_PL_001,ICBHI_213_2p2_PL,ICBHI_213,1,ICBHI,AKGC417L,0.9732407168145568,3
ICBHI_213_2p2_PL_002,ICBHI_213_2p2_PL,ICBHI_213,1,ICBHI,AKGC417L,0.9716178771000952,3
ICBHI_213_2p2_PL_003,ICBHI_213_2p2_PL,ICBHI_213,1,ICBHI,AKGC417L,0.9713473306904064,3
ICBHI_213_2p2_PL_004,ICBHI_213_2p2_PL,ICBHI_213,1,ICBHI,AKGC417L,0.971401639453534,3
ICBHI_213_2p2_PL_005,ICBHI_213_2p2_PL,ICBHI_213,1,ICBHI,AKGC417L,0.9733422603160212,3
ICBHI_213_2p2_PL_006,ICBHI_213_2p2_PL,ICBHI_213,1,ICBHI,AKGC417L,0.9781771750265408,3
ICBHI_213_2p2_PR_000,ICBHI_213_2p2_PR,ICBHI_213,1,ICBHI,AKGC417L,0.9799381975595722,3
ICBHI_213_2p2_PR_001,ICBHI_213_2p2_PR,ICBHI_213,1,ICBHI,AKGC417L,0.9914886969734374,3
ICBHI_213_2p2_PR_002,ICBHI_213_2p2_PR,ICBHI_213,1,ICBHI,AKGC417L,0.990659975614946,3
ICBHI_213_2p2_PR_003,ICBHI_213_2p2_PR,ICBHI_213,1,ICBHI,AKGC417L,0.9915870224290224,3
ICBHI_213_2p2_PR_004,ICBHI_213_2p2_PR,ICBHI_213,1,ICBHI,AKGC417L,0.986878728873449,3
ICBHI_213_2p2_PR_005,ICBHI_213_2p2_PR,ICBHI_213,1,ICBHI,AKGC417L,0.9884473296647792,3
ICBHI_213_2p2_PR_006,ICBHI_213_2p2_PR,ICBHI_213,1,ICBHI,AKGC417L,0.990253895947446,3
ICBHI_213_2p2_TC_000,ICBHI_213_2p2_TC,ICBHI_213,1,ICBHI,AKGC417L,0.9782188286685004,3
ICBHI_213_2p2_TC_001,ICBHI_213_2p2_TC,ICBHI_213,1,ICBHI,AKGC417L,0.9569571506599678,3
ICBHI_213_2p2_TC_002,ICBHI_213_2p2_TC,ICBHI_213,1,ICBHI,AKGC417L,0.9799381975595722,3
ICBHI_213_2p2_TC_003,ICBHI_213_2p2_TC,ICBHI_213,1,ICBHI,AKGC417L,0.9790357591818724,3
ICBHI_213_2p2_TC_004,ICBHI_213_2p2_TC,ICBHI_213,1,ICBHI,AKGC417L,0.9805061282729682,3
ICBHI_213_2p2_TC_005,ICBHI_213_2p2_TC,ICBHI_213,1,ICBHI,AKGC417L,0.9678992932829918,3
ICBHI_213_2p2_TC_006,ICBHI_213_2p2_TC,ICBHI_213,1,ICBHI,AKGC417L,0.9742394408803317,3
ICBHI_221_2b1_AL_000,ICBHI_221_2b1_AL,ICBHI_221,1,ICBHI,LittC2SE,0.9859363729567544,3
ICBHI_221_2b1_AL_001,ICBHI_221_2b1_AL,ICBHI_221,1,ICBHI,LittC2SE,0.9845754479181588,3
ICBHI_221_2b1_AL_002,ICBHI_221_2b1_AL,ICBHI_221,1,ICBHI,LittC2SE,0.9844563520692292,3
ICBHI_221_2b1_AL_003,ICBHI_221_2b1_AL,ICBHI_221,1,ICBHI,LittC2SE,0.9878528299001949,3
ICBHI_221_2b1_AL_004,ICBHI_221_2b1_AL,ICBHI_221,1,ICBHI,LittC2SE,0.9870795269609208,3
ICBHI_221_2b1_AL_005,ICBHI_221_2b1_AL,ICBHI_221,1,ICBHI,LittC2SE,0.9877587247081928,3
ICBHI_221_2b1_AL_006,ICBHI_221_2b1_AL,ICBHI_221,1,ICBHI,LittC2SE,0.9890130573694068,3
ICBHI_221_2b1_AR_000,ICBHI_221_2b1_AR,ICBHI_221,1,ICBHI,LittC2SE,0.9912548183179648,3
ICBHI_221_2b1_AR_001,ICBHI_221_2b1_AR,ICBHI_221,1,ICBHI,LittC2SE,0.989510908740062,3
ICBHI_221_2b1_AR_002,ICBHI_221_2b1_AR,ICBHI_221,1,ICBHI,LittC2SE,0.986415607486941,3
ICBHI_221_2b1_AR_003,ICBHI_221_2b1_AR,ICBHI_221,1,ICBHI,LittC2SE,0.989510908740062,3
ICBHI_221_2b1_AR_004,ICBHI_221_2b1_AR,ICBHI_221,1,ICBHI,LittC2SE,0.990659975614946,3
ICBHI_221_2b1_AR_005,ICBHI_221_2b1_AR,ICBHI_221,1,ICBHI,LittC2SE,0.990659975614946,3
ICBHI_221_2b1_AR_006,ICBHI_221_2b1_AR,ICBHI_221,1,ICBHI,LittC2SE,0.9915215980653224,3
ICBHI_221_2b1_LR_000,ICBHI_221_2b1_LR,ICBHI_221,1,ICBHI,LittC2SE,0.9917484014309144,3
ICBHI_221_2b1_LR_001,ICBHI_221_2b1_LR,ICBHI_221,1,ICBHI,LittC2SE,0.9878058669624096,3
ICBHI_221_2b1_LR_002,ICBHI_221_2b1_LR,ICBHI_221,1,ICBHI,LittC2SE,0.9894295113796924,3
ICBHI_221_2b1_LR_003,ICBHI_221_2b1_LR,ICBHI_221,1,ICBHI,LittC2SE,0.9920311850466846,3
ICBHI_221_2b1_LR_004,ICBHI_221_2b1_LR,ICBHI_221,1,ICBHI,LittC2SE,0.9919067101026268,3
ICBHI_221_2b1_LR_005,ICBHI_221_2b1_LR,ICBHI_221,1,ICBHI,LittC2SE,0.9916519461902168,3
ICBHI_221_2b1_LR_006,ICBHI_221_2b1_LR,ICBHI_221,1,ICBHI,LittC2SE,0.991875291221819,3
ICBHI_221_2b1_PL_000,ICBHI_221_2b1_PL,ICBHI_221,1,ICBHI,LittC2SE,0.98905542259902,3
ICBHI_221_2b1_PL_001,ICBHI_221_2b1_PL,ICBHI_221,1,ICBHI,LittC2SE,0.9881308789536604,3
ICBHI_221_2b1_PL_002,ICBHI_221_2b1_PL,ICBHI_221,1,ICBHI,LittC2SE,0.9872772918000768,3
ICBHI_221_2b1_PL_003,ICBHI_221_2b1_PL,ICBHI_221,1,ICBHI,LittC2SE,0.9930423911926236,3
ICBHI_221_2b1_PL_004,ICBHI_221_2b1_PL,ICBHI_221,1,ICBHI,LittC2SE,0.9925103751011916,3
ICBHI_221_2b1_PL_005,ICBHI_221_2b1_PL,ICBHI_221,1,ICBHI,LittC2SE,0.9919067101026268,3
ICBHI_221_2b1_PL_006,ICBHI_221_2b1_PL,ICBHI_221,1,ICBHI,LittC2SE,0.9927391335017144,3
ICBHI_221_2b2_AL_000,ICBHI_221_2b2_AL,ICBHI_221,1,ICBHI,LittC2SE,0.988755439279336,3
ICBHI_221_2b2_AL_001,ICBHI_221_2b2_AL,ICBHI_221,1,ICBHI,LittC2SE,0.986878728873449,3
ICBHI_221_2b2_AL_002,ICBHI_221_2b2_AL,ICBHI_221,1,ICBHI,LittC2SE,0.9834068220804096,3
ICBHI_221_2b2_AL_003,ICBHI_221_2b2_AL,ICBHI_221,1,ICBHI,LittC2SE,0.9837225390872864,3
ICBHI_221_2b2_AL_004,ICBHI_221_2b2_AL,ICBHI_221,1,ICBHI,LittC2SE,0.9871292507842532,3
ICBHI_221_2b2_AL_005,ICBHI_221_2b2_AL,ICBHI_221,1,ICBHI,LittC2SE,0.9891396689867225,3
ICBHI_221_2b2_AL_006,ICBHI_221_2b2_AL,ICBHI_221,1,ICBHI,LittC2SE,0.9884473296647792,3
ICBHI_221_2b2_AR_000,ICBHI_221_2b2_AR,ICBHI_221,1,ICBHI,LittC2SE,0.990944735813278,3
ICBHI_221_2b2_AR_001,ICBHI_221_2b2_AR,ICBHI_221,1,ICBHI,LittC2SE,0.9905509186809448,3
ICBHI_221_2b2_AR_002,ICBHI_221_2b2_AR,ICBHI_221,1,ICBHI,LittC2SE,0.9922744656025764,3
ICBHI_221_2b2_AR_003,ICBHI_221_2b2_AR,ICBHI_221,1,ICBHI,LittC2SE,0.9907319866190856,3
ICBHI_221_2b2_AR_004,ICBHI_221_2b2_AR,ICBHI_221,1,ICBHI,LittC2SE,0.9893885786697612,3
ICBHI_221_2b2_AR_005,ICBHI_221_2b2_AR,ICBHI_221,1,ICBHI,LittC2SE,0.991684221522526,3
ICBHI_221_2b2_AR_006,ICBHI_221_2b2_AR,ICBHI_221,1,ICBHI,LittC2SE,0.9925103751011916,3
ICBHI_221_2b2_LR_000,ICBHI_221_2b2_LR,ICBHI_221,1,ICBHI,LittC2SE,0.992481281938568,3
ICBHI_221_2b2_LR_001,ICBHI_221_2b2_LR,ICBHI_221,1,ICBHI,LittC2SE,0.9914886969734374,3
ICBHI_221_2b2_LR_002,ICBHI_221_2b2_LR,ICBHI_221,1,ICBHI,LittC2SE,0.9866748522941186,3
ICBHI_221_2b2_LR_003,ICBHI_221_2b2_LR,ICBHI_221,1,ICBHI,LittC2SE,0.9844563520692292,3
ICBHI_221_2b2_LR_004,ICBHI_221_2b2_LR,ICBHI_221,1,ICBHI,LittC2SE,0.988536202622004,3
ICBHI_221_2b2_LR_005,ICBHI_221_2b2_LR,ICBHI_221,1,ICBHI,LittC2SE,0.9918120900983038,3
ICBHI_221_2b2_LR_006,ICBHI_221_2b2_LR,ICBHI_221,1,ICBHI,LittC2SE,0.9945094367975008,3
ICBHI_221_2b2_PL_000,ICBHI_221_2b2_PL,ICBHI_221,1,ICBHI,LittC2SE,0.9903663476405536,3
ICBHI_221_2b2_PL_001,ICBHI_221_2b2_PL,ICBHI_221,1,ICBHI,LittC2SE,0.9891815513471368,3
ICBHI_221_2b2_PL_002,ICBHI_221_2b2_PL,ICBHI_221,1,ICBHI,LittC2SE,0.987568349146814,3
ICBHI_221_2b2_PL_003,ICBHI_221_2b2_PL,ICBHI_221,1,ICBHI,LittC2SE,0.987992649452366,3
ICBHI_221_2b2_PL_004,ICBHI_221_2b2_PL,ICBHI_221,1,ICBHI,LittC2SE,0.9900635812940538,3
ICBHI_221_2b2_PL_005,ICBHI_221_2b2_PL,ICBHI_221,1,ICBHI,LittC2SE,0.9892648373909092,3
ICBHI_221_2b2_PL_006,ICBHI_221_2b2_PL,ICBHI_221,1,ICBHI,LittC2SE,0.9890976262707148,3
ICBHI_221_2b3_AL_000,ICBHI_221_2b3_AL,ICBHI_221,1,ICBHI,LittC2SE,0.9839091258071756,3
ICBHI_221_2b3_AL_001,ICBHI_221_2b3_AL,ICBHI_221,1,ICBHI,LittC2SE,0.9849273716910544,3
ICBHI_221_2b3_AL_002,ICBHI_221_2b3_AL,ICBHI_221,1,ICBHI,LittC2SE,0.9810945528586532,3
ICBHI_221_2b3_AL_003,ICBHI_221_2b3_AL,ICBHI_221,1,ICBHI,LittC2SE,0.9851575827657516,3
ICBHI_221_2b3_AL_004,ICBHI_221_2b3_AL,ICBHI_221,1,ICBHI,LittC2SE,0.9869292152258128,3
ICBHI_221_2b3_AL_005,ICBHI_221_2b3_AL,ICBHI_221,1,ICBHI,LittC2SE,0.99101457124744,3
ICBHI_221_2b3_AL_006,ICBHI_221_2b3_AL,ICBHI_221,1,ICBHI,LittC2SE,0.9905509186809448,3
ICBHI_221_2b3_AR_000,ICBHI_221_2b3_AR,ICBHI_221,1,ICBHI,LittC2SE,0.9897513980768414,3
ICBHI_221_2b3_AR_001,ICBHI_221_2b3_AR,ICBHI_221,1,ICBHI,LittC2SE,0.99058741041239,3
ICBHI_221_2b3_AR_002,ICBHI_221_2b3_AR,ICBHI_221,1,ICBHI,LittC2SE,0.989947631342032,3
ICBHI_221_2b3_AR_003,ICBHI_221_2b3_AR,ICBHI_221,1,ICBHI,LittC2SE,0.9890130573694068,3
ICBHI_221_2b3_AR_004,ICBHI_221_2b3_AR,ICBHI_221,1,ICBHI,LittC2SE,0.99101457124744,3
ICBHI_221_2b3_AR_005,ICBHI_221_2b3_AR,ICBHI_221,1,ICBHI,LittC2SE,0.9930153500828656,3
ICBHI_221_2b3_AR_006,ICBHI_221_2b3_AR,ICBHI_221,1,ICBHI,LittC2SE,0.9914556693065582,3
ICBHI_221_2b3_LR_000,ICBHI_221_2b3_LR,ICBHI_221,1,ICBHI,LittC2SE,0.987711402470298,3
ICBHI_221_2b3_LR_001,ICBHI_221_2b3_LR,ICBHI_221,1,ICBHI,LittC2SE,0.9869292152258128,3
ICBHI_221_2b3_LR_002,ICBHI_221_2b3_LR,ICBHI_221,1,ICBHI,LittC2SE,0.9915215980653224,3
ICBHI_221_2b3_LR_003,ICBHI_221_2b3_LR,ICBHI_221,1,ICBHI,LittC2SE,0.9921232932834126,3
ICBHI_221_2b3_LR_004,ICBHI_221_2b3_LR,ICBHI_221,1,ICBHI,LittC2SE,0.992988204618503,3
ICBHI_221_2b3_LR_005,ICBHI_221_2b3_LR,ICBHI_221,1,ICBHI,LittC2SE,0.9937587407701782,3
ICBHI_221_2b3_LR_006,ICBHI_221_2b3_LR,ICBHI_221,1,ICBHI,LittC2SE,0.991619546648974,3
ICBHI_221_2b3_PR_000,ICBHI_221_2b3_PR,ICBHI_221,1,ICBHI,LittC2SE,0.9912208911330882,3
ICBHI_221_2b3_PR_001,ICBHI_221_2b3_PR,ICBHI_221,1,ICBHI,LittC2SE,0.9918120900983038,3
ICBHI_221_2b3_PR_002,ICBHI_221_2b3_PR,ICBHI_221,1,ICBHI,LittC2SE,0.993255010457908,3
ICBHI_221_2b3_PR_003,ICBHI_221_2b3_PR,ICBHI_221,1,ICBHI,LittC2SE,0.991780306938032,3
ICBHI_221_2b3_PR_004,ICBHI_221_2b3_PR,ICBHI_221,1,ICBHI,LittC2SE,0.9931228923417692,3
ICBHI_221_2b3_PR_005,ICBHI_221_2b3_PR,ICBHI_221,1,ICBHI,LittC2SE,0.9926256346917622,3
ICBHI_221_2b3_PR_006,ICBHI_221_2b3_PR,ICBHI_221,1,ICBHI,LittC2SE,0.9926256346917622,3
ICBHI_102_1b1_AR_000,ICBHI_102_1b1_AR,ICBHI_102,0,ICBHI,Meditron,0.9778834111979204,4
ICBHI_102_1b1_AR_001,ICBHI_102_1b1_AR,ICBHI_102,0,ICBHI,Meditron,0.9864678513445928,4
ICBHI_102_1b1_AR_002,ICBHI_102_1b1_AR,ICBHI_102,0,ICBHI,Meditron,0.9815244057904552,4
ICBHI_102_1b1_AR_003,ICBHI_102_1b1_AR,ICBHI_102,0,ICBHI,Meditron,0.0017073674857608,4
ICBHI_102_1b1_AR_004,ICBHI_102_1b1_AR,ICBHI_102,0,ICBHI,Meditron,0.0017752605321058,4
ICBHI_102_1b1_AR_005,ICBHI_102_1b1_AR,ICBHI_102,0,ICBHI,Meditron,0.0023781237181166,4
ICBHI_102_1b1_AR_006,ICBHI_102_1b1_AR,ICBHI_102,0,ICBHI,Meditron,0.0006361912109467,4
ICBHI_126_1b1_AL_000,ICBHI_126_1b1_AL,ICBHI_126,0,ICBHI,Meditron,1.7778551863194697e-05,4
ICBHI_126_1b1_AL_001,ICBHI_126_1b1_AL,ICBHI_126,0,ICBHI,Meditron,1.0289513485400629e-05,4
ICBHI_126_1b1_AL_002,ICBHI_126_1b1_AL,ICBHI_126,0,ICBHI,Meditron,8.463938372775066e-06,4
ICBHI_126_1b1_AL_003,ICBHI_126_1b1_AL,ICBHI_126,0,ICBHI,Meditron,9.151693153152242e-06,4
ICBHI_126_1b1_AL_004,ICBHI_126_1b1_AL,ICBHI_126,0,ICBHI,Meditron,9.741920901239024e-06,4
ICBHI_126_1b1_AL_005,ICBHI_126_1b1_AL,ICBHI_126,0,ICBHI,Meditron,8.076349545982501e-06,4
ICBHI_126_1b1_AL_006,ICBHI_126_1b1_AL,ICBHI_126,0,ICBHI,Meditron,9.368717268777095e-06,4
ICBHI_133_2p2_AL_000,ICBHI_133_2p2_AL,ICBHI_133,1,ICBHI,AKGC417L,0.985990433713597,4
ICBHI_133_2p2_AL_001,ICBHI_133_2p2_AL,ICBHI_133,1,ICBHI,AKGC417L,0.992214345234632,4
ICBHI_133_2p2_AL_002,ICBHI_133_2p2_AL,ICBHI_133,1,ICBHI,AKGC417L,0.9920927084953716,4
ICBHI_133_2p2_AL_003,ICBHI_133_2p2_AL,ICBHI_133,1,ICBHI,AKGC417L,0.9923637835053328,4
ICBHI_133_2p2_AL_004,ICBHI_133_2p2_AL,ICBHI_133,1,ICBHI,AKGC417L,0.994202598745566,4
ICBHI_133_2p2_AL_005,ICBHI_133_2p2_AL,ICBHI_133,1,ICBHI,AKGC417L,0.9931760452132232,4
ICBHI_133_2p2_AL_006,ICBHI_133_2p2_AL,ICBHI_133,1,ICBHI,AKGC417L,0.9909096166863416,4
ICBHI_133_2p2_AR_000,ICBHI_133_2p2_AR,ICBHI_133,1,ICBHI,AKGC417L,0.98636316471857,4
ICBHI_133_2p2_AR_001,ICBHI_133_2p2_AR,ICBHI_133,1,ICBHI,AKGC417L,0.9920620058985926,4
ICBHI_133_2p2_AR_002,ICBHI_133_2p2_AR,ICBHI_133,1,ICBHI,AKGC417L,0.9920311850466846,4
ICBHI_133_2p2_AR_003,ICBHI_133_2p2_AR,ICBHI_133,1,ICBHI,AKGC417L,0.9919380084717284,4
ICBHI_133_2p2_AR_004,ICBHI_133_2p2_AR,ICBHI_133,1,ICBHI,AKGC417L,0.9926541734255228,4
ICBHI_133_2p2_AR_005,ICBHI_133_2p2_AR,ICBHI_133,1,ICBHI,AKGC417L,0.9939260655591138,4
ICBHI_133_2p2_AR_006,ICBHI_133_2p2_AR,ICBHI_133,1,ICBHI,AKGC417L,0.9931228923417692,4
ICBHI_133_2p2_PL_000,ICBHI_133_2p2_PL,ICBHI_133,1,ICBHI,AKGC417L,0.9923637835053328,4
ICBHI_133_2p2_PL_001,ICBHI_133_2p2_PL,ICBHI_133,1,ICBHI,AKGC417L,0.9935618974445168,4
ICBHI_133_2p2_PL_002,ICBHI_133_2p2_PL,ICBHI_133,1,ICBHI,AKGC417L,0.9911526449170696,4
ICBHI_133_2p2_PL_003,ICBHI_133_2p2_PL,ICBHI_133,1,ICBHI,AKGC417L,0.990403545267618,4
ICBHI_133_2p2_PL_004,ICBHI_133_2p2_PL,ICBHI_133,1,ICBHI,AKGC417L,0.992000245491622,4
ICBHI_133_2p2_PL_005,ICBHI_133_2p2_PL,ICBHI_133,1,ICBHI,AKGC417L,0.992000245491622,4
ICBHI_133_2p2_PL_006,ICBHI_133_2p2_PL,ICBHI_133,1,ICBHI,AKGC417L,0.993096161928778,4
ICBHI_133_2p2_TC_000,ICBHI_133_2p2_TC,ICBHI_133,1,ICBHI,AKGC417L,0.9803938171085806,4
ICBHI_133_2p2_TC_001,ICBHI_133_2p2_TC,ICBHI_133,1,ICBHI,AKGC417L,0.976129165047569,4
ICBHI_133_2p2_TC_002,ICBHI_133_2p2_TC,ICBHI_133,1,ICBHI,AKGC417L,0.9719924793940118,4
ICBHI_133_2p2_TC_003,ICBHI_133_2p2_TC,ICBHI_133,1,ICBHI,AKGC417L,0.9764007056485348,4
ICBHI_133_2p2_TC_004,ICBHI_133_2p2_TC,ICBHI_133,1,ICBHI,AKGC417L,0.981840488289738,4
ICBHI_133_2p2_TC_005,ICBHI_133_2p2_TC,ICBHI_133,1,ICBHI,AKGC417L,0.980318590959467,4
ICBHI_133_2p2_TC_006,ICBHI_133_2p2_TC,ICBHI_133,1,ICBHI,AKGC417L,0.9815951096107584,4
ICBHI_133_2p3_AL_000,ICBHI_133_2p3_AL,ICBHI_133,1,ICBHI,AKGC417L,0.9876638995791304,4
ICBHI_133_2p3_AL_001,ICBHI_133_2p3_AL,ICBHI_133,1,ICBHI,AKGC417L,0.9890130573694068,4
ICBHI_133_2p3_AL_002,ICBHI_133_2p3_AL,ICBHI_133,1,ICBHI,AKGC417L,0.9894702878753826,4
ICBHI_133_2p3_AL_003,ICBHI_133_2p3_AL,ICBHI_133,1,ICBHI,AKGC417L,0.9876638995791304,4
ICBHI_133_2p3_AL_004,ICBHI_133_2p3_AL,ICBHI_133,1,ICBHI,AKGC417L,0.986415607486941,4
ICBHI_133_2p3_AL_005,ICBHI_133_2p3_AL,ICBHI_133,1,ICBHI,AKGC417L,0.9874236517231209,4
ICBHI_133_2p3_AL_006,ICBHI_133_2p3_AL,ICBHI_133,1,ICBHI,AKGC417L,0.9890130573694068,4
ICBHI_133_2p3_AR_000,ICBHI_133_2p3_AR,ICBHI_133,1,ICBHI,AKGC417L,0.98636316471857,4
ICBHI_133_2p3_AR_001,ICBHI_133_2p3_AR,ICBHI_133,1,ICBHI,AKGC417L,0.9876638995791304,4
ICBHI_133_2p3_AR_002,ICBHI_133_2p3_AR,ICBHI_133,1,ICBHI,AKGC417L,0.9893885786697612,4
ICBHI_133_2p3_AR_003,ICBHI_133_2p3_AR,ICBHI_133,1,ICBHI,AKGC417L,0.9866748522941186,4
ICBHI_133_2p3_AR_004,ICBHI_133_2p3_AR,ICBHI_133,1,ICBHI,AKGC417L,0.9868280501184434,4
ICBHI_133_2p3_AR_005,ICBHI_133_2p3_AR,ICBHI_133,1,ICBHI,AKGC417L,0.9907677855954636,4
ICBHI_133_2p3_AR_006,ICBHI_133_2p3_AR,ICBHI_133,1,ICBHI,AKGC417L,0.991619546648974,4
ICBHI_133_2p3_PL_000,ICBHI_133_2p3_PL,ICBHI_133,1,ICBHI,AKGC417L,0.9881766051636294,4
ICBHI_133_2p3_PL_001,ICBHI_133_2p3_PL,ICBHI_133,1,ICBHI,AKGC417L,0.9896318433492118,4
ICBHI_133_2p3_PL_002,ICBHI_133_2p3_PL,ICBHI_133,1,ICBHI,AKGC417L,0.9919380084717284,4
ICBHI_133_2p3_PL_003,ICBHI_133_2p3_PL,ICBHI_133,1,ICBHI,AKGC417L,0.9915215980653224,4
ICBHI_133_2p3_PL_004,ICBHI_133_2p3_PL,ICBHI_133,1,ICBHI,AKGC417L,0.990291523518526,4
ICBHI_133_2p3_PL_005,ICBHI_133_2p3_PL,ICBHI_133,1,ICBHI,AKGC417L,0.9892648373909092,4
ICBHI_133_2p3_PL_006,ICBHI_133_2p3_PL,ICBHI_133,1,ICBHI,AKGC417L,0.99058741041239,4
ICBHI_133_2p3_PR_000,ICBHI_133_2p3_PR,ICBHI_133,1,ICBHI,AKGC417L,0.9791955100493928,4
ICBHI_133_2p3_PR_001,ICBHI_133_2p3_PR,ICBHI_133,1,ICBHI,AKGC417L,0.9811307454626658,4
ICBHI_133_2p3_PR_002,ICBHI_133_2p3_PR,ICBHI_133,1,ICBHI,AKGC417L,0.9810945528586532,4
ICBHI_133_2p3_PR_003,ICBHI_133_2p3_PR,ICBHI_133,1,ICBHI,AKGC417L,0.9795114453152562,4
ICBHI_133_2p3_PR_004,ICBHI_133_2p3_PR,ICBHI_133,1,ICBHI,AKGC417L,0.9789151588631022,4
ICBHI_133_2p3_PR_005,ICBHI_133_2p3_PR,ICBHI_133,1,ICBHI,AKGC417L,0.9816655479104816,4
ICBHI_133_2p3_PR_006,ICBHI_133_2p3_PR,ICBHI_133,1,ICBHI,AKGC417L,0.9829546827465642,4
ICBHI_133_2p3_TC_000,ICBHI_133_2p3_TC,ICBHI_133,1,ICBHI,AKGC417L,0.9609517072737735,4
ICBHI_133_2p3_TC_001,ICBHI_133_2p3_TC,ICBHI_133,1,ICBHI,AKGC417L,0.961389068531974,4
ICBHI_133_2p3_TC_002,ICBHI_133_2p3_TC,ICBHI_133,1,ICBHI,AKGC417L,0.9518632288833652,4
ICBHI_133_2p3_TC_003,ICBHI_133_2p3_TC,ICBHI_133,1,ICBHI,AKGC417L,0.9719392602342918,4
ICBHI_133_2p3_TC_004,ICBHI_133_2p3_TC,ICBHI_133,1,ICBHI,AKGC417L,0.9781354435078864,4
ICBHI_133_2p3_TC_005,ICBHI_133_2p3_TC,ICBHI_133,1,ICBHI,AKGC417L,0.9710193702585468,4
ICBHI_133_2p3_TC_006,ICBHI_133_2p3_TC,ICBHI_133,1,ICBHI,AKGC417L,0.9766692311915196,4
ICBHI_133_2p4_AL_000,ICBHI_133_2p4_AL,ICBHI_133,1,ICBHI,AKGC417L,0.9862576795040976,4
ICBHI_133_2p4_AL_001,ICBHI_133_2p4_AL,ICBHI_133,1,ICBHI,AKGC417L,0.9907319866190856,4
ICBHI_133_2p4_AL_002,ICBHI_133_2p4_AL,ICBHI_133,1,ICBHI,AKGC417L,0.989510908740062,4
ICBHI_133_2p4_AL_003,ICBHI_133_2p4_AL,ICBHI_133,1,ICBHI,AKGC417L,0.9889278398167658,4
ICBHI_133_2p4_AL_004,ICBHI_133_2p4_AL,ICBHI_133,1,ICBHI,AKGC417L,0.9896318433492118,4
ICBHI_133_2p4_AL_005,ICBHI_133_2p4_AL,ICBHI_133,1,ICBHI,AKGC417L,0.9906960501316064,4
ICBHI_133_2p4_AL_006,ICBHI_133_2p4_AL,ICBHI_133,1,ICBHI,AKGC417L,0.991684221522526,4
ICBHI_133_2p4_AR_000,ICBHI_133_2p4_AR,ICBHI_133,1,ICBHI,AKGC417L,0.985772953896821,4
ICBHI_133_2p4_AR_001,ICBHI_133_2p4_AR,ICBHI_133,1,ICBHI,AKGC417L,0.9921232932834126,4
ICBHI_133_2p4_AR_002,ICBHI_133_2p4_AR,ICBHI_133,1,ICBHI,AKGC417L,0.991422514586288,4
ICBHI_133_2p4_AR_003,ICBHI_133_2p4_AR,ICBHI_133,1,ICBHI,AKGC417L,0.9909797204985978,4
ICBHI_133_2p4_AR_004,ICBHI_133_2p4_AR,ICBHI_133,1,ICBHI,AKGC417L,0.9914556693065582,4
ICBHI_133_2p4_AR_005,ICBHI_133_2p4_AR,ICBHI_133,1,ICBHI,AKGC417L,0.993461175022765,4
ICBHI_133_2p4_AR_006,ICBHI_133_2p4_AR,ICBHI_133,1,ICBHI,AKGC417L,0.9907319866190856,4
ICBHI_133_2p4_PL_000,ICBHI_133_2p4_PL,ICBHI_133,1,ICBHI,AKGC417L,0.9884918509356968,4
ICBHI_133_2p4_PL_001,ICBHI_133_2p4_PL,ICBHI_133,1,ICBHI,AKGC417L,0.9912208911330882,4
ICBHI_133_2p4_PL_002,ICBHI_133_2p4_PL,ICBHI_133,1,ICBHI,AKGC417L,0.993636426303936,4
ICBHI_133_2p4_PL_003,ICBHI_133_2p4_PL,ICBHI_133,1,ICBHI,AKGC417L,0.9939260655591138,4
ICBHI_133_2p4_PL_004,ICBHI_133_2p4_PL,ICBHI_133,1,ICBHI,AKGC417L,0.9942919660808864,4
ICBHI_133_2p4_PL_005,ICBHI_133_2p4_PL,ICBHI_133,1,ICBHI,AKGC417L,0.9947186660939475,4
ICBHI_133_2p4_PL_006,ICBHI_133_2p4_PL,ICBHI_133,1,ICBHI,AKGC417L,0.9928231180543432,4
ICBHI_133_2p4_PR_000,ICBHI_133_2p4_PR,ICBHI_133,1,ICBHI,AKGC417L,0.9803938171085806,4
ICBHI_133_2p4_PR_001,ICBHI_133_2p4_PR,ICBHI_133,1,ICBHI,AKGC417L,0.9830850867332734,4
ICBHI_133_2p4_PR_002,ICBHI_133_2p4_PR,ICBHI_133,1,ICBHI,AKGC417L,0.9827572224423472,4
ICBHI_133_2p4_PR_003,ICBHI_133_2p4_PR,ICBHI_133,1,ICBHI,AKGC417L,0.9817357216481428,4
ICBHI_133_2p4_PR_004,ICBHI_133_2p4_PR,ICBHI_133,1,ICBHI,AKGC417L,0.9810219632882344,4
ICBHI_133_2p4_PR_005,ICBHI_133_2p4_PR,ICBHI_133,1,ICBHI,AKGC417L,0.980318590959467,4
ICBHI_133_2p4_PR_006,ICBHI_133_2p4_PR,ICBHI_133,1,ICBHI,AKGC417L,0.9812748375316978,4
ICBHI_133_2p4_TC_000,ICBHI_133_2p4_TC,ICBHI_133,1,ICBHI,AKGC417L,0.984810951192016,4
ICBHI_133_2p4_TC_001,ICBHI_133_2p4_TC,ICBHI_133,1,ICBHI,AKGC417L,0.9862576795040976,4
ICBHI_133_2p4_TC_002,ICBHI_133_2p4_TC,ICBHI_133,1,ICBHI,AKGC417L,0.9887119261007692,4
ICBHI_133_2p4_TC_003,ICBHI_133_2p4_TC,ICBHI_133,1,ICBHI,AKGC417L,0.988084978032852,4
ICBHI_133_2p4_TC_004,ICBHI_133_2p4_TC,ICBHI_133,1,ICBHI,AKGC417L,0.9860979413749408,4
ICBHI_133_2p4_TC_005,ICBHI_133_2p4_TC,ICBHI_133,1,ICBHI,AKGC417L,0.9805434250177092,4
ICBHI_133_2p4_TC_006,ICBHI_133_2p4_TC,ICBHI_133,1,ICBHI,AKGC417L,0.9706321458187712,4
ICBHI_133_3p2_AL_000,ICBHI_133_3p2_AL,ICBHI_133,1,ICBHI,AKGC417L,0.983278856294558,4
ICBHI_133_3p2_AL_001,ICBHI_133_3p2_AL,ICBHI_133,1,ICBHI,AKGC417L,0.984810951192016,4
ICBHI_133_3p2_AL_002,ICBHI_133_3p2_AL,ICBHI_133,1,ICBHI,AKGC417L,0.9854404813796804,4
ICBHI_133_3p2_AL_003,ICBHI_133_3p2_AL,ICBHI_133,1,ICBHI,AKGC417L,0.9813464782682386,4
ICBHI_133_3p2_AL_004,ICBHI_133_3p2_AL,ICBHI_133,1,ICBHI,AKGC417L,0.9752018398044144,4
ICBHI_133_3p2_AL_005,ICBHI_133_3p2_AL,ICBHI_133,1,ICBHI,AKGC417L,0.9616780264794544,4
ICBHI_133_3p2_AL_006,ICBHI_133_3p2_AL,ICBHI_133,1,ICBHI,AKGC417L,0.9860442896017269,4
ICBHI_133_3p2_AR_000,ICBHI_133_3p2_AR,ICBHI_133,1,ICBHI,AKGC417L,0.977967735887304,4
ICBHI_133_3p2_AR_001,ICBHI_133_3p2_AR,ICBHI_133,1,ICBHI,AKGC417L,0.9626731126558706,4
ICBHI_133_3p2_AR_002,ICBHI_133_3p2_AR,ICBHI_133,1,ICBHI,AKGC417L,0.9628830911922404,4
ICBHI_133_3p2_AR_003,ICBHI_133_3p2_AR,ICBHI_133,1,ICBHI,AKGC417L,0.9608783531246672,4
ICBHI_133_3p2_AR_004,ICBHI_133_3p2_AR,ICBHI_133,1,ICBHI,AKGC417L,0.948058438498774,4
ICBHI_133_3p2_AR_005,ICBHI_133_3p2_AR,ICBHI_133,1,ICBHI,AKGC417L,0.9690910414827888,4
ICBHI_133_3p2_AR_006,ICBHI_133_3p2_AR,ICBHI_133,1,ICBHI,AKGC417L,0.975946447105574,4
ICBHI_133_3p2_PL_000,ICBHI_133_3p2_PL,ICBHI_133,1,ICBHI,AKGC417L,0.9940659331606164,4
ICBHI_133_3p2_PL_001,ICBHI_133_3p2_PL,ICBHI_133,1,ICBHI,AKGC417L,0.9951890169673988,4
ICBHI_133_3p2_PL_002,ICBHI_133_3p2_PL,ICBHI_133,1,ICBHI,AKGC417L,0.9948603889024312,4
ICBHI_133_3p2_PL_003,ICBHI_133_3p2_PL,ICBHI_133,1,ICBHI,AKGC417L,0.9942919660808864,4
ICBHI_133_3p2_PL_004,ICBHI_133_3p2_PL,ICBHI_133,1,ICBHI,AKGC417L,0.9954615682752046,4
ICBHI_133_3p2_PL_005,ICBHI_133_3p2_PL,ICBHI_133,1,ICBHI,AKGC417L,0.9953724699521328,4
ICBHI_133_3p2_PL_006,ICBHI_133_3p2_PL,ICBHI_133,1,ICBHI,AKGC417L,0.9939496023117854,4
ICBHI_133_3p2_PR_000,ICBHI_133_3p2_PR,ICBHI_133,1,ICBHI,AKGC417L,0.9781771750265408,4
ICBHI_133_3p2_PR_001,ICBHI_133_3p2_PR,ICBHI_133,1,ICBHI,AKGC417L,0.9791157841059936,4
ICBHI_133_3p2_PR_002,ICBHI_133_3p2_PR,ICBHI_133,1,ICBHI,AKGC417L,0.97671369455574,4
ICBHI_133_3p2_PR_003,ICBHI_133_3p2_PR,ICBHI_133,1,ICBHI,AKGC417L,0.97693477348305,4
ICBHI_133_3p2_PR_004,ICBHI_133_3p2_PR,ICBHI_133,1,ICBHI,AKGC417L,0.9778411306440228,4
ICBHI_133_3p2_PR_005,ICBHI_133_3p2_PR,ICBHI_133,1,ICBHI,AKGC417L,0.977110159887611,4
ICBHI_133_3p2_PR_006,ICBHI_133_3p2_PR,ICBHI_133,1,ICBHI,AKGC417L,0.9763105287006256,4
ICBHI_133_3p4_TC_000,ICBHI_133_3p4_TC,ICBHI_133,1,ICBHI,AKGC417L,0.9969603503859163,4
ICBHI_133_3p4_TC_001,ICBHI_133_3p4_TC,ICBHI_133,1,ICBHI,AKGC417L,0.995784840378813,4
ICBHI_133_3p4_TC_002,ICBHI_133_3p4_TC,ICBHI_133,1,ICBHI,AKGC417L,0.993734466224161,4
ICBHI_133_3p4_TC_003,ICBHI_133_3p4_TC,ICBHI_133,1,ICBHI,AKGC417L,0.9901019362839764,4
ICBHI_133_3p4_TC_004,ICBHI_133_3p4_TC,ICBHI_133,1,ICBHI,AKGC417L,0.9897909456811916,4
ICBHI_133_3p4_TC_005,ICBHI_133_3p4_TC,ICBHI_133,1,ICBHI,AKGC417L,0.98504291340685,4
ICBHI_133_3p4_TC_006,ICBHI_133_3p4_TC,ICBHI_133,1,ICBHI,AKGC417L,0.9871292507842532,4
ICBHI_145_2b2_AL_000,ICBHI_145_2b2_AL,ICBHI_145,1,ICBHI,AKGC417L,0.985496420308618,4
ICBHI_145_2b2_AL_001,ICBHI_145_2b2_AL,ICBHI_145,1,ICBHI,AKGC417L,0.9752018398044144,4
ICBHI_145_2b2_AL_002,ICBHI_145_2b2_AL,ICBHI_145,1,ICBHI,AKGC417L,0.9834704434423458,4
ICBHI_145_2b2_AL_003,ICBHI_145_2b2_AL,ICBHI_145,1,ICBHI,AKGC417L,0.9837225390872864,4
ICBHI_145_2b2_AL_004,ICBHI_145_2b2_AL,ICBHI_145,1,ICBHI,AKGC417L,0.9878996141864552,4
ICBHI_145_2b2_AL_005,ICBHI_145_2b2_AL,ICBHI_145,1,ICBHI,AKGC417L,0.9843964652097964,4
ICBHI_145_2b2_AL_006,ICBHI_145_2b2_AL,ICBHI_145,1,ICBHI,AKGC417L,0.9939260655591138,4
ICBHI_145_2b2_AR_000,ICBHI_145_2b2_AR,ICBHI_145,1,ICBHI,AKGC417L,0.9925393565360598,4
ICBHI_145_2b2_AR_001,ICBHI_145_2b2_AR,ICBHI_145,1,ICBHI,AKGC417L,0.9935117304033434,4
ICBHI_145_2b2_AR_002,ICBHI_145_2b2_AR,ICBHI_145,1,ICBHI,AKGC417L,0.9909797204985978,4
ICBHI_145_2b2_AR_003,ICBHI_145_2b2_AR,ICBHI_145,1,ICBHI,AKGC417L,0.9876638995791304,4
ICBHI_145_2b2_AR_004,ICBHI_145_2b2_AR,ICBHI_145,1,ICBHI,AKGC417L,0.986415607486941,4
ICBHI_145_2b2_AR_005,ICBHI_145_2b2_AR,ICBHI_145,1,ICBHI,AKGC417L,0.9945519319148104,4
ICBHI_145_2b2_AR_006,ICBHI_145_2b2_AR,ICBHI_145,1,ICBHI,AKGC417L,0.9912548183179648,4
ICBHI_145_2b2_LR_000,ICBHI_145_2b2_LR,ICBHI_145,1,ICBHI,AKGC417L,0.9800530655725896,4
ICBHI_145_2b2_LR_001,ICBHI_145_2b2_LR,ICBHI_145,1,ICBHI,AKGC417L,0.9766692311915196,4
ICBHI_145_2b2_LR_002,ICBHI_145_2b2_LR,ICBHI_145,1,ICBHI,AKGC417L,0.9730876959261984,4
ICBHI_145_2b2_LR_003,ICBHI_145_2b2_LR,ICBHI_145,1,ICBHI,AKGC417L,0.9744347860767304,4
ICBHI_145_2b2_LR_004,ICBHI_145_2b2_LR,ICBHI_145,1,ICBHI,AKGC417L,0.9766692311915196,4
ICBHI_145_2b2_LR_005,ICBHI_145_2b2_LR,ICBHI_145,1,ICBHI,AKGC417L,0.979393523864564,4
ICBHI_145_2b2_LR_006,ICBHI_145_2b2_LR,ICBHI_145,1,ICBHI,AKGC417L,0.9743372944539102,4
ICBHI_145_2b2_PR_000,ICBHI_145_2b2_PR,ICBHI_145,1,ICBHI,AKGC417L,0.9837849698906836,4
ICBHI_145_2b2_PR_001,ICBHI_145_2b2_PR,ICBHI_145,1,ICBHI,AKGC417L,0.9834704434423458,4
ICBHI_145_2b2_PR_002,ICBHI_145_2b2_PR,ICBHI_145,1,ICBHI,AKGC417L,0.9839091258071756,4
ICBHI_145_2b2_PR_003,ICBHI_145_2b2_PR,ICBHI_145,1,ICBHI,AKGC417L,0.984032346511204,4
ICBHI_145_2b2_PR_004,ICBHI_145_2b2_PR,ICBHI_145,1,ICBHI,AKGC417L,0.9834704434423458,4
ICBHI_145_2b2_PR_005,ICBHI_145_2b2_PR,ICBHI_145,1,ICBHI,AKGC417L,0.9812389160218716,4
ICBHI_145_2b2_PR_006,ICBHI_145_2b2_PR,ICBHI_145,1,ICBHI,AKGC417L,0.9782604045723282,4
ICBHI_145_3b2_AR_000,ICBHI_145_3b2_AR,ICBHI_145,1,ICBHI,AKGC417L,0.9866748522941186,4
ICBHI_145_3b2_AR_001,ICBHI_145_3b2_AR,ICBHI_145,1,ICBHI,AKGC417L,0.9880389017501904,4
ICBHI_145_3b2_AR_002,ICBHI_145_3b2_AR,ICBHI_145,1,ICBHI,AKGC417L,0.988084978032852,4
ICBHI_145_3b2_AR_003,ICBHI_145_3b2_AR,ICBHI_145,1,ICBHI,AKGC417L,0.9876638995791304,4
ICBHI_145_3b2_AR_004,ICBHI_145_3b2_AR,ICBHI_145,1,ICBHI,AKGC417L,0.9898303422461272,4
ICBHI_145_3b2_AR_005,ICBHI_145_3b2_AR,ICBHI_145,1,ICBHI,AKGC417L,0.9846346585586978,4
ICBHI_145_3b2_AR_006,ICBHI_145_3b2_AR,ICBHI_145,1,ICBHI,AKGC417L,0.9862576795040976,4
ICBHI_145_3b2_LR_000,ICBHI_145_3b2_LR,ICBHI_145,1,ICBHI,AKGC417L,0.9866233967726228,4
ICBHI_145_3b2_LR_001,ICBHI_145_3b2_LR,ICBHI_145,1,ICBHI,AKGC417L,0.9802808718926534,4
ICBHI_145_3b2_LR_002,ICBHI_145_3b2_LR,ICBHI_145,1,ICBHI,AKGC417L,0.990659975614946,4
ICBHI_145_3b2_LR_003,ICBHI_145_3b2_LR,ICBHI_145,1,ICBHI,AKGC417L,0.9938310050773188,4
ICBHI_145_3b2_LR_004,ICBHI_145_3b2_LR,ICBHI_145,1,ICBHI,AKGC417L,0.991554373058874,4
ICBHI_145_3b2_LR_005,ICBHI_145_3b2_LR,ICBHI_145,1,ICBHI,AKGC417L,0.9899864293768268,4
ICBHI_145_3b2_LR_006,ICBHI_145_3b2_LR,ICBHI_145,1,ICBHI,AKGC417L,0.9839708526340988,4
ICBHI_145_3b4_PL_000,ICBHI_145_3b4_PL,ICBHI_145,1,ICBHI,AKGC417L,0.9812389160218716,4
ICBHI_145_3b4_PL_001,ICBHI_145_3b4_PL,ICBHI_145,1,ICBHI,AKGC417L,0.9826909042463318,4
ICBHI_145_3b4_PL_002,ICBHI_145_3b4_PL,ICBHI_145,1,ICBHI,AKGC417L,0.983278856294558,4
ICBHI_145_3b4_PL_003,ICBHI_145_3b4_PL,ICBHI_145,1,ICBHI,AKGC417L,0.983596967483837,4
ICBHI_145_3b4_PL_004,ICBHI_145_3b4_PL,ICBHI_145,1,ICBHI,AKGC417L,0.9849273716910544,4
ICBHI_145_3b4_PL_005,ICBHI_145_3b4_PL,ICBHI_145,1,ICBHI,AKGC417L,0.9862576795040976,4
ICBHI_145_3b4_PL_006,ICBHI_145_3b4_PL,ICBHI_145,1,ICBHI,AKGC417L,0.9849273716910544,4
ICBHI_151_2p2_AL_000,ICBHI_151_2p2_AL,ICBHI_151,1,ICBHI,AKGC417L,0.9462996942374736,4
ICBHI_151_2p2_AL_001,ICBHI_151_2p2_AL,ICBHI_151,1,ICBHI,AKGC417L,0.982889110788156,4
ICBHI_151_2p2_AL_002,ICBHI_151_2p2_AL,ICBHI_151,1,ICBHI,AKGC417L,0.9917163731139697,4
ICBHI_151_2p2_AL_003,ICBHI_151_2p2_AL,ICBHI_151,1,ICBHI,AKGC417L,0.9827572224423472,4
ICBHI_151_2p2_AL_004,ICBHI_151_2p2_AL,ICBHI_151,1,ICBHI,AKGC417L,0.991083872947128,4
ICBHI_151_2p2_AL_005,ICBHI_151_2p2_AL,ICBHI_151,1,ICBHI,AKGC417L,0.9918120900983038,4
ICBHI_151_2p2_AL_006,ICBHI_151_2p2_AL,ICBHI_151,1,ICBHI,AKGC417L,0.983278856294558,4
ICBHI_151_2p2_AR_000,ICBHI_151_2p2_AR,ICBHI_151,1,ICBHI,AKGC417L,0.9626731126558706,4
ICBHI_151_2p2_AR_001,ICBHI_151_2p2_AR,ICBHI_151,1,ICBHI,AKGC417L,0.982889110788156,4
ICBHI_151_2p2_AR_002,ICBHI_151_2p2_AR,ICBHI_151,1,ICBHI,AKGC417L,0.9867771782476948,4
ICBHI_151_2p2_AR_003,ICBHI_151_2p2_AR,ICBHI_151,1,ICBHI,AKGC417L,0.9829546827465642,4
ICBHI_151_2p2_AR_004,ICBHI_151_2p2_AR,ICBHI_151,1,ICBHI,AKGC417L,0.9857180660748888,4
ICBHI_151_2p2_AR_005,ICBHI_151_2p2_AR,ICBHI_151,1,ICBHI,AKGC417L,0.9904775143296634,4
ICBHI_151_2p2_AR_006,ICBHI_151_2p2_AR,ICBHI_151,1,ICBHI,AKGC417L,0.9830200077626816,4
ICBHI_151_2p2_LL_000,ICBHI_151_2p2_LL,ICBHI_151,1,ICBHI,AKGC417L,0.8842393539373058,4
ICBHI_151_2p2_LL_001,ICBHI_151_2p2_LL,ICBHI_151,1,ICBHI,AKGC417L,0.975946447105574,4
ICBHI_151_2p2_LL_002,ICBHI_151_2p2_LL,ICBHI_151,1,ICBHI,AKGC417L,0.9878996141864552,4
ICBHI_151_2p2_LL_003,ICBHI_151_2p2_LL,ICBHI_151,1,ICBHI,AKGC417L,0.9868280501184434,4
ICBHI_151_2p2_LL_004,ICBHI_151_2p2_LL,ICBHI_151,1,ICBHI,AKGC417L,0.9889278398167658,4
ICBHI_151_2p2_LL_005,ICBHI_151_2p2_LL,ICBHI_151,1,ICBHI,AKGC417L,0.9912886155422944,4
ICBHI_151_2p2_LL_006,ICBHI_151_2p2_LL,ICBHI_151,1,ICBHI,AKGC417L,0.9877587247081928,4
ICBHI_151_2p2_LR_000,ICBHI_151_2p2_LR,ICBHI_151,1,ICBHI,AKGC417L,0.9809125661798574,4
ICBHI_151_2p2_LR_001,ICBHI_151_2p2_LR,ICBHI_151,1,ICBHI,AKGC417L,0.9901782070803068,4
ICBHI_151_2p2_LR_002,ICBHI_151_2p2_LR,ICBHI_151,1,ICBHI,AKGC417L,0.9882675360436518,4
ICBHI_151_2p2_LR_003,ICBHI_151_2p2_LR,ICBHI_151,1,ICBHI,AKGC417L,0.9830850867332734,4
ICBHI_151_2p2_LR_004,ICBHI_151_2p2_LR,ICBHI_151,1,ICBHI,AKGC417L,0.9909797204985978,4
ICBHI_151_2p2_LR_005,ICBHI_151_2p2_LR,ICBHI_151,1,ICBHI,AKGC417L,0.990216123982345,4
ICBHI_151_2p2_LR_006,ICBHI_151_2p2_LR,ICBHI_151,1,ICBHI,AKGC417L,0.9772408443444812,4
ICBHI_151_2p2_PL_000,ICBHI_151_2p2_PL,ICBHI_151,1,ICBHI,AKGC417L,0.9893885786697612,4
ICBHI_151_2p2_PL_001,ICBHI_151_2p2_PL,ICBHI_151,1,ICBHI,AKGC417L,0.9893062422638244,4
ICBHI_151_2p2_PL_002,ICBHI_151_2p2_PL,ICBHI_151,1,ICBHI,AKGC417L,0.9831499205521024,4
ICBHI_151_2p2_PL_003,ICBHI_151_2p2_PL,ICBHI_151,1,ICBHI,AKGC417L,0.9637117023352416,4
ICBHI_151_2p2_PL_004,ICBHI_151_2p2_PL,ICBHI_151,1,ICBHI,AKGC417L,0.0218228249734592,4
ICBHI_151_2p2_PL_005,ICBHI_151_2p2_PL,ICBHI_151,1,ICBHI,AKGC417L,0.8690492073600069,4
ICBHI_151_2p2_PL_006,ICBHI_151_2p2_PL,ICBHI_151,1,ICBHI,AKGC417L,0.9813106915732508,4
ICBHI_151_2p2_PR_000,ICBHI_151_2p2_PR,ICBHI_151,1,ICBHI,AKGC417L,0.9908034475769532,4
ICBHI_151_2p2_PR_001,ICBHI_151_2p2_PR,ICBHI_151,1,ICBHI,AKGC417L,0.9919067101026268,4
ICBHI_151_2p2_PR_002,ICBHI_151_2p2_PR,ICBHI_151,1,ICBHI,AKGC417L,0.9907319866190856,4
ICBHI_151_2p2_PR_003,ICBHI_151_2p2_PR,ICBHI_151,1,ICBHI,AKGC417L,0.991118324899153,4
ICBHI_151_2p2_PR_004,ICBHI_151_2p2_PR,ICBHI_151,1,ICBHI,AKGC417L,0.9907319866190856,4
ICBHI_151_2p2_PR_005,ICBHI_151_2p2_PR,ICBHI_151,1,ICBHI,AKGC417L,0.9897116988662836,4
ICBHI_151_2p2_PR_006,ICBHI_151_2p2_PR,ICBHI_151,1,ICBHI,AKGC417L,0.99101457124744,4
ICBHI_151_2p2_TC_000,ICBHI_151_2p2_TC,ICBHI_151,1,ICBHI,AKGC417L,0.9939024378074248,4
ICBHI_151_2p2_TC_001,ICBHI_151_2p2_TC,ICBHI_151,1,ICBHI,AKGC417L,0.9926541734255228,4
ICBHI_151_2p2_TC_002,ICBHI_151_2p2_TC,ICBHI_151,1,ICBHI,AKGC417L,0.9893885786697612,4
ICBHI_151_2p2_TC_003,ICBHI_151_2p2_TC,ICBHI_151,1,ICBHI,AKGC417L,0.972151549366048,4
ICBHI_151_2p2_TC_004,ICBHI_151_2p2_TC,ICBHI_151,1,ICBHI,AKGC417L,0.9761746325522288,4
ICBHI_151_2p2_TC_005,ICBHI_151_2p2_TC,ICBHI_151,1,ICBHI,AKGC417L,0.9870795269609208,4
ICBHI_151_2p2_TC_006,ICBHI_151_2p2_TC,ICBHI_151,1,ICBHI,AKGC417L,0.9792352612370644,4
ICBHI_151_2p3_AL_000,ICBHI_151_2p3_AL,ICBHI_151,1,ICBHI,AKGC417L,0.9029524430206696,4
ICBHI_151_2p3_AL_001,ICBHI_151_2p3_AL,ICBHI_151,1,ICBHI,AKGC417L,0.9602867432263156,4
ICBHI_151_2p3_AL_002,ICBHI_151_2p3_AL,ICBHI_151,1,ICBHI,AKGC417L,0.935582334586506,4
ICBHI_151_2p3_AL_003,ICBHI_151_2p3_AL,ICBHI_151,1,ICBHI,AKGC417L,0.904986948012096,4
ICBHI_151_2p3_AL_004,ICBHI_151_2p3_AL,ICBHI_151,1,ICBHI,AKGC417L,0.958615281153156,4
ICBHI_151_2p3_AL_005,ICBHI_151_2p3_AL,ICBHI_151,1,ICBHI,AKGC417L,0.935346511643776,4
ICBHI_151_2p3_AL_006,ICBHI_151_2p3_AL,ICBHI_151,1,ICBHI,AKGC417L,0.4273369688147659,4
ICBHI_151_2p3_AR_000,ICBHI_151_2p3_AR,ICBHI_151,1,ICBHI,AKGC417L,0.9612438064128052,4
ICBHI_151_2p3_AR_001,ICBHI_151_2p3_AR,ICBHI_151,1,ICBHI,AKGC417L,0.9876162153627396,4
ICBHI_151_2p3_AR_002,ICBHI_151_2p3_AR,ICBHI_151,1,ICBHI,AKGC417L,0.9851003567309808,4
ICBHI_151_2p3_AR_003,ICBHI_151_2p3_AR,ICBHI_151,1,ICBHI,AKGC417L,0.9711838031967466,4
ICBHI_151_2p3_AR_004,ICBHI_151_2p3_AR,ICBHI_151,1,ICBHI,AKGC417L,0.9698996627595704,4
ICBHI_151_2p3_AR_005,ICBHI_151_2p3_AR,ICBHI_151,1,ICBHI,AKGC417L,0.9780517462851324,4
ICBHI_151_2p3_AR_006,ICBHI_151_2p3_AR,ICBHI_151,1,ICBHI,AKGC417L,0.9854404813796804,4
ICBHI_151_2p3_LL_000,ICBHI_151_2p3_LL,ICBHI_151,1,ICBHI,AKGC417L,0.9295683842009757,4
ICBHI_151_2p3_LL_001,ICBHI_151_2p3_LL,ICBHI_151,1,ICBHI,AKGC417L,0.9581478679075386,4
ICBHI_151_2p3_LL_002,ICBHI_151_2p3_LL,ICBHI_151,1,ICBHI,AKGC417L,0.0009888596979506,4
ICBHI_151_2p3_LL_003,ICBHI_151_2p3_LL,ICBHI_151,1,ICBHI,AKGC417L,0.0004878571227822,4
ICBHI_151_2p3_LL_004,ICBHI_151_2p3_LL,ICBHI_151,1,ICBHI,AKGC417L,0.9609517072737735,4
ICBHI_151_2p3_LL_005,ICBHI_151_2p3_LL,ICBHI_151,1,ICBHI,AKGC417L,0.0028338498442466,4
ICBHI_151_2p3_LL_006,ICBHI_151_2p3_LL,ICBHI_151,1,ICBHI,AKGC417L,0.0282746001134579,4
ICBHI_151_2p3_LR_000,ICBHI_151_2p3_LR,ICBHI_151,1,ICBHI,AKGC417L,0.9310874968619292,4
ICBHI_151_2p3_LR_001,ICBHI_151_2p3_LR,ICBHI_151,1,ICBHI,AKGC417L,0.9384632635880472,4
ICBHI_151_2p3_LR_002,ICBHI_151_2p3_LR,ICBHI_151,1,ICBHI,AKGC417L,0.9310874968619292,4
ICBHI_151_2p3_LR_003,ICBHI_151_2p3_LR,ICBHI_151,1,ICBHI,AKGC417L,0.927363293639213,4
ICBHI_151_2p3_LR_004,ICBHI_151_2p3_LR,ICBHI_151,1,ICBHI,AKGC417L,0.9462996942374736,4
ICBHI_151_2p3_LR_005,ICBHI_151_2p3_LR,ICBHI_151,1,ICBHI,AKGC417L,0.9657706774216144,4
ICBHI_151_2p3_LR_006,ICBHI_151_2p3_LR,ICBHI_151,1,ICBHI,AKGC417L,0.9723097416304984,4
ICBHI_151_2p3_PL_000,ICBHI_151_2p3_PL,ICBHI_151,1,ICBHI,AKGC417L,0.9846346585586978,4
ICBHI_151_2p3_PL_001,ICBHI_151_2p3_PL,ICBHI_151,1,ICBHI,AKGC417L,0.989947631342032,4
ICBHI_151_2p3_PL_002,ICBHI_151_2p3_PL,ICBHI_151,1,ICBHI,AKGC417L,0.9929335990367508,4
ICBHI_151_2p3_PL_003,ICBHI_151_2p3_PL,ICBHI_151,1,ICBHI,AKGC417L,0.9934357507792256,4
ICBHI_151_2p3_PL_004,ICBHI_151_2p3_PL,ICBHI_151,1,ICBHI,AKGC417L,0.9894295113796924,4
ICBHI_151_2p3_PL_005,ICBHI_151_2p3_PL,ICBHI_151,1,ICBHI,AKGC417L,0.5151016065900486,4
ICBHI_151_2p3_PL_006,ICBHI_151_2p3_PL,ICBHI_151,1,ICBHI,AKGC417L,0.0418521320924612,4
ICBHI_151_2p3_PR_000,ICBHI_151_2p3_PR,ICBHI_151,1,ICBHI,AKGC417L,0.9674717764988552,4
ICBHI_151_2p3_PR_001,ICBHI_151_2p3_PR,ICBHI_151,1,ICBHI,AKGC417L,0.9753431444580398,4
ICBHI_151_2p3_PR_002,ICBHI_151_2p3_PR,ICBHI_151,1,ICBHI,AKGC417L,0.9701269078891236,4
ICBHI_151_2p3_PR_003,ICBHI_151_2p3_PR,ICBHI_151,1,ICBHI,AKGC417L,0.9610980199022024,4
ICBHI_151_2p3_PR_004,ICBHI_151_2p3_PR,ICBHI_151,1,ICBHI,AKGC417L,0.9660920419951724,4
ICBHI_151_2p3_PR_005,ICBHI_151_2p3_PR,ICBHI_151,1,ICBHI,AKGC417L,0.9687380865831756,4
ICBHI_151_2p3_PR_006,ICBHI_151_2p3_PR,ICBHI_151,1,ICBHI,AKGC417L,0.9752961303267708,4
ICBHI_151_2p3_TC_000,ICBHI_151_2p3_TC,ICBHI_151,1,ICBHI,AKGC417L,0.9928508980334536,4
ICBHI_151_2p3_TC_001,ICBHI_151_2p3_TC,ICBHI_151,1,ICBHI,AKGC417L,0.9851003567309808,4
ICBHI_151_2p3_TC_002,ICBHI_151_2p3_TC,ICBHI_151,1,ICBHI,AKGC417L,0.9837225390872864,4
ICBHI_151_2p3_TC_003,ICBHI_151_2p3_TC,ICBHI_151,1,ICBHI,AKGC417L,0.9841546388118628,4
ICBHI_151_2p3_TC_004,ICBHI_151_2p3_TC,ICBHI_151,1,ICBHI,AKGC417L,0.983847165177859,4
ICBHI_151_2p3_TC_005,ICBHI_151_2p3_TC,ICBHI_151,1,ICBHI,AKGC417L,0.9804687614573544,4
ICBHI_151_2p3_TC_006,ICBHI_151_2p3_TC,ICBHI_151,1,ICBHI,AKGC417L,0.9866233967726228,4
ICBHI_151_2p4_AL_000,ICBHI_151_2p4_AL,ICBHI_151,1,ICBHI,AKGC417L,0.9716178771000952,4
ICBHI_151_2p4_AL_001,ICBHI_151_2p4_AL,ICBHI_151,1,ICBHI,AKGC417L,0.9525741268224334,4
ICBHI_151_2p4_AL_002,ICBHI_151_2p4_AL,ICBHI_151,1,ICBHI,AKGC417L,0.943243103543508,4
ICBHI_151_2p4_AL_003,ICBHI_151_2p4_AL,ICBHI_151,1,ICBHI,AKGC417L,0.8191711729501141,4
ICBHI_151_2p4_AL_004,ICBHI_151_2p4_AL,ICBHI_151,1,ICBHI,AKGC417L,0.7654180546924173,4
ICBHI_151_2p4_AL_005,ICBHI_151_2p4_AL,ICBHI_151,1,ICBHI,AKGC417L,0.898588675245352,4
ICBHI_151_2p4_AL_006,ICBHI_151_2p4_AL,ICBHI_151,1,ICBHI,AKGC417L,0.9698425902673944,4
ICBHI_151_2p4_AR_000,ICBHI_151_2p4_AR,ICBHI_151,1,ICBHI,AKGC417L,0.9617499409068964,4
ICBHI_151_2p4_AR_001,ICBHI_151_2p4_AR,ICBHI_151,1,ICBHI,AKGC417L,0.9745319170136324,4
ICBHI_151_2p4_AR_002,ICBHI_151_2p4_AR,ICBHI_151,1,ICBHI,AKGC417L,0.954477994846878,4
ICBHI_151_2p4_AR_003,ICBHI_151_2p4_AR,ICBHI_151,1,ICBHI,AKGC417L,0.9621787134186344,4
ICBHI_151_2p4_AR_004,ICBHI_151_2p4_AR,ICBHI_151,1,ICBHI,AKGC417L,0.9579122720843812,4
ICBHI_151_2p4_AR_005,ICBHI_151_2p4_AR,ICBHI_151,1,ICBHI,AKGC417L,0.9620363047907357,4
ICBHI_151_2p4_AR_006,ICBHI_151_2p4_AR,ICBHI_151,1,ICBHI,AKGC417L,0.9825575152637948,4
ICBHI_151_2p4_LL_000,ICBHI_151_2p4_LL,ICBHI_151,1,ICBHI,AKGC417L,0.9359345675826196,4
ICBHI_151_2p4_LL_001,ICBHI_151_2p4_LL,ICBHI_151,1,ICBHI,AKGC417L,0.7620701083888303,4
ICBHI_151_2p4_LL_002,ICBHI_151_2p4_LL,ICBHI_151,1,ICBHI,AKGC417L,0.0360160707500673,4
ICBHI_151_2p4_LL_003,ICBHI_151_2p4_LL,ICBHI_151,1,ICBHI,AKGC417L,0.307046255678764,4
ICBHI_151_2p4_LL_004,ICBHI_151_2p4_LL,ICBHI_151,1,ICBHI,AKGC417L,0.4043310294665158,4
ICBHI_151_2p4_LL_005,ICBHI_151_2p4_LL,ICBHI_151,1,ICBHI,AKGC417L,0.7652426642688286,4
ICBHI_151_2p4_LL_006,ICBHI_151_2p4_LL,ICBHI_151,1,ICBHI,AKGC417L,0.9610249294607884,4
ICBHI_151_2p4_LR_000,ICBHI_151_2p4_LR,ICBHI_151,1,ICBHI,AKGC417L,0.9457010633730656,4
ICBHI_151_2p4_LR_001,ICBHI_151_2p4_LR,ICBHI_151,1,ICBHI,AKGC417L,0.939802949839461,4
ICBHI_151_2p4_LR_002,ICBHI_151_2p4_LR,ICBHI_151,1,ICBHI,AKGC417L,0.9053222982086732,4
ICBHI_151_2p4_LR_003,ICBHI_151_2p4_LR,ICBHI_151,1,ICBHI,AKGC417L,0.9276259821794456,4
ICBHI_151_2p4_LR_004,ICBHI_151_2p4_LR,ICBHI_151,1,ICBHI,AKGC417L,0.9412234441519332,4
ICBHI_151_2p4_LR_005,ICBHI_151_2p4_LR,ICBHI_151,1,ICBHI,AKGC417L,0.9313377141395016,4
ICBHI_151_2p4_LR_006,ICBHI_151_2p4_LR,ICBHI_151,1,ICBHI,AKGC417L,0.8933094060543487,4
ICBHI_151_2p4_PL_000,ICBHI_151_2p4_PL,ICBHI_151,1,ICBHI,AKGC417L,0.6951311290900456,4
ICBHI_151_2p4_PL_001,ICBHI_151_2p4_PL,ICBHI_151,1,ICBHI,AKGC417L,0.951323427968294,4
ICBHI_151_2p4_PL_002,ICBHI_151_2p4_PL,ICBHI_151,1,ICBHI,AKGC417L,0.9787126482065488,4
ICBHI_151_2p4_PL_003,ICBHI_151_2p4_PL,ICBHI_151,1,ICBHI,AKGC417L,0.0029349517447137,4
ICBHI_151_2p4_PL_004,ICBHI_151_2p4_PL,ICBHI_151,1,ICBHI,AKGC417L,5.967352070123189e-05,4
ICBHI_151_2p4_PL_005,ICBHI_151_2p4_PL,ICBHI_151,1,ICBHI,AKGC417L,0.000465526918752,4
ICBHI_151_2p4_PL_006,ICBHI_151_2p4_PL,ICBHI_151,1,ICBHI,AKGC417L,0.0008830458477845,4
ICBHI_151_2p4_PR_000,ICBHI_151_2p4_PR,ICBHI_151,1,ICBHI,AKGC417L,0.9901782070803068,4
ICBHI_151_2p4_PR_001,ICBHI_151_2p4_PR,ICBHI_151,1,ICBHI,AKGC417L,0.9919067101026268,4
ICBHI_151_2p4_PR_002,ICBHI_151_2p4_PR,ICBHI_151,1,ICBHI,AKGC417L,0.994445075296309,4
ICBHI_151_2p4_PR_003,ICBHI_151_2p4_PR,ICBHI_151,1,ICBHI,AKGC417L,0.9928785712542648,4
ICBHI_151_2p4_PR_004,ICBHI_151_2p4_PR,ICBHI_151,1,ICBHI,AKGC417L,0.9837225390872864,4
ICBHI_151_2p4_PR_005,ICBHI_151_2p4_PR,ICBHI_151,1,ICBHI,AKGC417L,0.9758085141318648,4
ICBHI_151_2p4_PR_006,ICBHI_151_2p4_PR,ICBHI_151,1,ICBHI,AKGC417L,0.986878728873449,4
ICBHI_151_2p4_TC_000,ICBHI_151_2p4_TC,ICBHI_151,1,ICBHI,AKGC417L,0.9893062422638244,4
ICBHI_151_2p4_TC_001,ICBHI_151_2p4_TC,ICBHI_151,1,ICBHI,AKGC417L,0.9897116988662836,4
ICBHI_151_2p4_TC_002,ICBHI_151_2p4_TC,ICBHI_151,1,ICBHI,AKGC417L,0.9935618974445168,4
ICBHI_151_2p4_TC_003,ICBHI_151_2p4_TC,ICBHI_151,1,ICBHI,AKGC417L,0.9814889540096828,4
ICBHI_151_2p4_TC_004,ICBHI_151_2p4_TC,ICBHI_151,1,ICBHI,AKGC417L,0.9799381975595722,4
ICBHI_151_2p4_TC_005,ICBHI_151_2p4_TC,ICBHI_151,1,ICBHI,AKGC417L,0.9752961303267708,4
ICBHI_151_2p4_TC_006,ICBHI_151_2p4_TC,ICBHI_151,1,ICBHI,AKGC417L,0.9806178087982642,4
ICBHI_151_3p2_AL_000,ICBHI_151_3p2_AL,ICBHI_151,1,ICBHI,AKGC417L,0.9764007056485348,4
ICBHI_151_3p2_AL_001,ICBHI_151_3p2_AL,ICBHI_151,1,ICBHI,AKGC417L,0.9617499409068964,4
ICBHI_151_3p2_AL_002,ICBHI_151_3p2_AL,ICBHI_151,1,ICBHI,AKGC417L,0.9492005402963102,4
ICBHI_151_3p2_AL_003,ICBHI_151_3p2_AL,ICBHI_151,1,ICBHI,AKGC417L,0.9800530655725896,4
ICBHI_151_3p2_AL_004,ICBHI_151_3p2_AL,ICBHI_151,1,ICBHI,AKGC417L,0.9730365001376664,4
ICBHI_151_3p2_AL_005,ICBHI_151_3p2_AL,ICBHI_151,1,ICBHI,AKGC417L,0.9776285401622384,4
ICBHI_151_3p2_AL_006,ICBHI_151_3p2_AL,ICBHI_151,1,ICBHI,AKGC417L,0.9811307454626658,4
ICBHI_151_3p2_AR_000,ICBHI_151_3p2_AR,ICBHI_151,1,ICBHI,AKGC417L,0.9725714572957164,4
ICBHI_151_3p2_AR_001,ICBHI_151_3p2_AR,ICBHI_151,1,ICBHI,AKGC417L,0.9639839292499328,4
ICBHI_151_3p2_AR_002,ICBHI_151_3p2_AR,ICBHI_151,1,ICBHI,AKGC417L,0.9406808578965627,4
ICBHI_151_3p2_AR_003,ICBHI_151_3p2_AR,ICBHI_151,1,ICBHI,AKGC417L,0.9781771750265408,4
ICBHI_151_3p2_AR_004,ICBHI_151_3p2_AR,ICBHI_151,1,ICBHI,AKGC417L,0.974676939890233,4
ICBHI_151_3p2_AR_005,ICBHI_151_3p2_AR,ICBHI_151,1,ICBHI,AKGC417L,0.9718859428738872,4
ICBHI_151_3p2_AR_006,ICBHI_151_3p2_AR,ICBHI_151,1,ICBHI,AKGC417L,0.980318590959467,4
ICBHI_151_3p2_LR_000,ICBHI_151_3p2_LR,ICBHI_151,1,ICBHI,AKGC417L,0.9205043007398608,4
ICBHI_151_3p2_LR_001,ICBHI_151_3p2_LR,ICBHI_151,1,ICBHI,AKGC417L,0.8828325306746402,4
ICBHI_151_3p2_LR_002,ICBHI_151_3p2_LR,ICBHI_151,1,ICBHI,AKGC417L,0.8992983918150725,4
ICBHI_151_3p2_LR_003,ICBHI_151_3p2_LR,ICBHI_151,1,ICBHI,AKGC417L,0.9709643572583984,4
ICBHI_151_3p2_LR_004,ICBHI_151_3p2_LR,ICBHI_151,1,ICBHI,AKGC417L,0.9696132500732396,4
ICBHI_151_3p2_LR_005,ICBHI_151_3p2_LR,ICBHI_151,1,ICBHI,AKGC417L,0.9560634664484896,4
ICBHI_151_3p2_LR_006,ICBHI_151_3p2_LR,ICBHI_151,1,ICBHI,AKGC417L,0.9811668701095654,4
ICBHI_151_3p2_PL_000,ICBHI_151_3p2_PL,ICBHI_151,1,ICBHI,AKGC417L,0.9628132248397596,4
ICBHI_151_3p2_PL_001,ICBHI_151_3p2_PL,ICBHI_151,1,ICBHI,AKGC417L,0.9801672891959912,4
ICBHI_151_3p2_PL_002,ICBHI_151_3p2_PL,ICBHI_151,1,ICBHI,AKGC417L,0.9851575827657516,4
ICBHI_151_3p2_PL_003,ICBHI_151_3p2_PL,ICBHI_151,1,ICBHI,AKGC417L,0.9872772918000768,4
ICBHI_151_3p2_PL_004,ICBHI_151_3p2_PL,ICBHI_151,1,ICBHI,AKGC417L,0.9894295113796924,4
ICBHI_151_3p2_PL_005,ICBHI_151_3p2_PL,ICBHI_151,1,ICBHI,AKGC417L,0.9873750507184356,4
ICBHI_151_3p2_PL_006,ICBHI_151_3p2_PL,ICBHI_151,1,ICBHI,AKGC417L,0.979472211759856,4
ICBHI_151_3p2_PR_000,ICBHI_151_3p2_PR,ICBHI_151,1,ICBHI,AKGC417L,0.9733422603160212,4
ICBHI_151_3p2_PR_001,ICBHI_151_3p2_PR,ICBHI_151,1,ICBHI,AKGC417L,0.968915048912056,4
ICBHI_151_3p2_PR_002,ICBHI_151_3p2_PR,ICBHI_151,1,ICBHI,AKGC417L,0.9826909042463318,4
ICBHI_151_3p2_PR_003,ICBHI_151_3p2_PR,ICBHI_151,1,ICBHI,AKGC417L,0.9916519461902168,4
ICBHI_151_3p2_PR_004,ICBHI_151_3p2_PR,ICBHI_151,1,ICBHI,AKGC417L,0.9898695883364156,4
ICBHI_151_3p2_PR_005,ICBHI_151_3p2_PR,ICBHI_151,1,ICBHI,AKGC417L,0.9872281325067136,4
ICBHI_151_3p2_PR_006,ICBHI_151_3p2_PR,ICBHI_151,1,ICBHI,AKGC417L,0.987568349146814,4
ICBHI_151_3p2_TC_000,ICBHI_151_3p2_TC,ICBHI_151,1,ICBHI,AKGC417L,0.9823555365894354,4
ICBHI_151_3p2_TC_001,ICBHI_151_3p2_TC,ICBHI_151,1,ICBHI,AKGC417L,0.9787938797980108,4
ICBHI_151_3p2_TC_002,ICBHI_151_3p2_TC,ICBHI_151,1,ICBHI,AKGC417L,0.9862576795040976,4
ICBHI_151_3p2_TC_003,ICBHI_151_3p2_TC,ICBHI_151,1,ICBHI,AKGC417L,0.9883127420043056,4
ICBHI_151_3p2_TC_004,ICBHI_151_3p2_TC,ICBHI_151,1,ICBHI,AKGC417L,0.984032346511204,4
ICBHI_151_3p2_TC_005,ICBHI_151_3p2_TC,ICBHI_151,1,ICBHI,AKGC417L,0.9816655479104816,4
ICBHI_151_3p2_TC_006,ICBHI_151_3p2_TC,ICBHI_151,1,ICBHI,AKGC417L,0.982889110788156,4
ICBHI_151_3p3_LL_000,ICBHI_151_3p3_LL,ICBHI_151,1,ICBHI,AKGC417L,0.95938322225612,4
ICBHI_151_3p3_LL_001,ICBHI_151_3p3_LL,ICBHI_151,1,ICBHI,AKGC417L,0.9674102552339746,4
ICBHI_151_3p3_LL_002,ICBHI_151_3p3_LL,ICBHI_151,1,ICBHI,AKGC417L,0.9667888274293096,4
ICBHI_151_3p3_LL_003,ICBHI_151_3p3_LL,ICBHI_151,1,ICBHI,AKGC417L,0.9612438064128052,4
ICBHI_151_3p3_LL_004,ICBHI_151_3p3_LL,ICBHI_151,1,ICBHI,AKGC417L,0.9672868752253,4
ICBHI_151_3p3_LL_005,ICBHI_151_3p3_LL,ICBHI_151,1,ICBHI,AKGC417L,0.9680808472695964,4
ICBHI_151_3p3_LL_006,ICBHI_151_3p3_LL,ICBHI_151,1,ICBHI,AKGC417L,0.9677777030339422,4
ICBHI_157_1b1_AL_000,ICBHI_157_1b1_AL,ICBHI_157,1,ICBHI,Meditron,0.9739436957486152,4
ICBHI_157_1b1_AL_001,ICBHI_157_1b1_AL,ICBHI_157,1,ICBHI,Meditron,0.9634374958402552,4
ICBHI_157_1b1_AL_002,ICBHI_157_1b1_AL,ICBHI_157,1,ICBHI,Meditron,0.982889110788156,4
ICBHI_157_1b1_AL_003,ICBHI_157_1b1_AL,ICBHI_157,1,ICBHI,Meditron,0.988084978032852,4
ICBHI_157_1b1_AL_004,ICBHI_157_1b1_AL,ICBHI_157,1,ICBHI,Meditron,0.9936856353291036,4
ICBHI_157_1b1_AL_005,ICBHI_157_1b1_AL,ICBHI_157,1,ICBHI,Meditron,0.994939667968034,4
ICBHI_157_1b1_AL_006,ICBHI_157_1b1_AL,ICBHI_157,1,ICBHI,Meditron,0.991118324899153,4
ICBHI_157_1b1_AL_007,ICBHI_157_1b1_AL,ICBHI_157,1,ICBHI,Meditron,0.9871787857334058,4
ICBHI_157_1b1_AL_008,ICBHI_157_1b1_AL,ICBHI_157,1,ICBHI,Meditron,0.9813821977381684,4
ICBHI_157_1b1_AL_009,ICBHI_157_1b1_AL,ICBHI_157,1,ICBHI,Meditron,0.9830200077626816,4
ICBHI_157_1b1_AL_010,ICBHI_157_1b1_AL,ICBHI_157,1,ICBHI,Meditron,0.9845160126963748,4
ICBHI_157_1b1_AL_011,ICBHI_157_1b1_AL,ICBHI_157,1,ICBHI,Meditron,0.985496420308618,4
ICBHI_157_1b1_AL_012,ICBHI_157_1b1_AL,ICBHI_157,1,ICBHI,Meditron,0.9518632288833652,4
ICBHI_157_1b1_AL_013,ICBHI_157_1b1_AL,ICBHI_157,1,ICBHI,Meditron,0.9760379759604948,4
ICBHI_157_1b1_AL_014,ICBHI_157_1b1_AL,ICBHI_157,1,ICBHI,Meditron,0.980949100414177,4
ICBHI_157_1b1_AL_015,ICBHI_157_1b1_AL,ICBHI_157,1,ICBHI,Meditron,0.9762200155633391,4
ICBHI_157_1b1_AL_016,ICBHI_157_1b1_AL,ICBHI_157,1,ICBHI,Meditron,0.9697281305754024,4
ICBHI_157_1b1_AL_017,ICBHI_157_1b1_AL,ICBHI_157,1,ICBHI,Meditron,0.9530133603823692,4
ICBHI_157_1b1_AL_018,ICBHI_157_1b1_AL,ICBHI_157,1,ICBHI,Meditron,0.968797182083676,4
ICBHI_157_1b1_AL_019,ICBHI_157_1b1_AL,ICBHI_157,1,ICBHI,Meditron,0.9849273716910544,4
ICBHI_157_1b1_AL_020,ICBHI_157_1b1_AL,ICBHI_157,1,ICBHI,Meditron,0.9834068220804096,4
ICBHI_157_1b1_AL_021,ICBHI_157_1b1_AL,ICBHI_157,1,ICBHI,Meditron,0.9746286885255978,4
ICBHI_157_1b1_AL_022,ICBHI_157_1b1_AL,ICBHI_157,1,ICBHI,Meditron,0.9844563520692292,4
ICBHI_157_1b1_AL_023,ICBHI_157_1b1_AL,ICBHI_157,1,ICBHI,Meditron,0.991083872947128,4
ICBHI_157_1b1_AL_024,ICBHI_157_1b1_AL,ICBHI_157,1,ICBHI,Meditron,0.9893474891602738,4
ICBHI_157_1b1_AR_000,ICBHI_157_1b1_AR,ICBHI_157,1,ICBHI,Meditron,0.985882106574795,4
ICBHI_157_1b1_AR_001,ICBHI_157_1b1_AR,ICBHI_157,1,ICBHI,Meditron,0.9829546827465642,4
ICBHI_157_1b1_AR_002,ICBHI_157_1b1_AR,ICBHI_157,1,ICBHI,Meditron,0.9852713861502774,4
ICBHI_157_1b1_AR_003,ICBHI_157_1b1_AR,ICBHI_157,1,ICBHI,Meditron,0.9834068220804096,4
ICBHI_157_1b1_AR_004,ICBHI_157_1b1_AR,ICBHI_157,1,ICBHI,Meditron,0.978467122853792,4
ICBHI_157_1b1_AR_005,ICBHI_157_1b1_AR,ICBHI_157,1,ICBHI,Meditron,0.9820137900379085,4
ICBHI_157_1b1_AR_006,ICBHI_157_1b1_AR,ICBHI_157,1,ICBHI,Meditron,0.983342959990771,4
ICBHI_157_1b1_AR_007,ICBHI_157_1b1_AR,ICBHI_157,1,ICBHI,Meditron,0.9588471107825552,4
ICBHI_157_1b1_AR_008,ICBHI_157_1b1_AR,ICBHI_157,1,ICBHI,Meditron,0.9806548960854106,4
ICBHI_157_1b1_AR_009,ICBHI_157_1b1_AR,ICBHI_157,1,ICBHI,Meditron,0.9847524093785004,4
ICBHI_157_1b1_AR_010,ICBHI_157_1b1_AR,ICBHI_157,1,ICBHI,Meditron,0.9831499205521024,4
ICBHI_157_1b1_AR_011,ICBHI_157_1b1_AR,ICBHI_157,1,ICBHI,Meditron,0.979861259172271,4
ICBHI_157_1b1_AR_012,ICBHI_157_1b1_AR,ICBHI_157,1,ICBHI,Meditron,0.9465966702001756,4
ICBHI_157_1b1_AR_013,ICBHI_157_1b1_AR,ICBHI_157,1,ICBHI,Meditron,0.9457010633730656,4
ICBHI_157_1b1_AR_014,ICBHI_157_1b1_AR,ICBHI_157,1,ICBHI,Meditron,0.9505947548144924,4
ICBHI_157_1b1_AR_015,ICBHI_157_1b1_AR,ICBHI_157,1,ICBHI,Meditron,0.9530133603823692,4
ICBHI_157_1b1_AR_016,ICBHI_157_1b1_AR,ICBHI_157,1,ICBHI,Meditron,0.9836598719063984,4
ICBHI_157_1b1_AR_017,ICBHI_157_1b1_AR,ICBHI_157,1,ICBHI,Meditron,0.939136553775108,4
ICBHI_157_1b1_AR_018,ICBHI_157_1b1_AR,ICBHI_157,1,ICBHI,Meditron,0.9517736584118672,4
ICBHI_157_1b1_AR_019,ICBHI_157_1b1_AR,ICBHI_157,1,ICBHI,Meditron,0.8951566359697456,4
ICBHI_157_1b1_AR_020,ICBHI_157_1b1_AR,ICBHI_157,1,ICBHI,Meditron,0.907312221360624,4
ICBHI_157_1b1_AR_021,ICBHI_157_1b1_AR,ICBHI_157,1,ICBHI,Meditron,0.9081302185130296,4
ICBHI_157_1b1_AR_022,ICBHI_157_1b1_AR,ICBHI_157,1,ICBHI,Meditron,0.9638480624171308,4
ICBHI_157_1b1_AR_023,ICBHI_157_1b1_AR,ICBHI_157,1,ICBHI,Meditron,0.973794586550466,4
ICBHI_157_1b1_AR_024,ICBHI_157_1b1_AR,ICBHI_157,1,ICBHI,Meditron,0.956553103139948,4
ICBHI_157_1b1_LR_000,ICBHI_157_1b1_LR,ICBHI_157,1,ICBHI,Meditron,0.9860979413749408,4
ICBHI_157_1b1_LR_001,ICBHI_157_1b1_LR,ICBHI_157,1,ICBHI,Meditron,0.9779256128989756,4
ICBHI_157_1b1_LR_002,ICBHI_157_1b1_LR,ICBHI_157,1,ICBHI,Meditron,0.9845754479181588,4
ICBHI_157_1b1_LR_003,ICBHI_157_1b1_LR,ICBHI_157,1,ICBHI,Meditron,0.986878728873449,4
ICBHI_157_1b1_LR_004,ICBHI_157_1b1_LR,ICBHI_157,1,ICBHI,Meditron,0.9880389017501904,4
ICBHI_157_1b1_LR_005,ICBHI_157_1b1_LR,ICBHI_157,1,ICBHI,Meditron,0.9913558220632764,4
ICBHI_157_1b1_LR_006,ICBHI_157_1b1_LR,ICBHI_157,1,ICBHI,Meditron,0.9874236517231209,4
ICBHI_157_1b1_LR_007,ICBHI_157_1b1_LR,ICBHI_157,1,ICBHI,Meditron,0.9837225390872864,4
ICBHI_157_1b1_LR_008,ICBHI_157_1b1_LR,ICBHI_157,1,ICBHI,Meditron,0.9830200077626816,4
ICBHI_157_1b1_LR_009,ICBHI_157_1b1_LR,ICBHI_157,1,ICBHI,Meditron,0.9867771782476948,4
ICBHI_157_1b1_LR_010,ICBHI_157_1b1_LR,ICBHI_157,1,ICBHI,Meditron,0.9801672891959912,4
ICBHI_157_1b1_LR_011,ICBHI_157_1b1_LR,ICBHI_157,1,ICBHI,Meditron,0.954477994846878,4
ICBHI_157_1b1_LR_012,ICBHI_157_1b1_LR,ICBHI_157,1,ICBHI,Meditron,0.9401335814280748,4
ICBHI_157_1b1_LR_013,ICBHI_157_1b1_LR,ICBHI_157,1,ICBHI,Meditron,0.9667888274293096,4
ICBHI_157_1b1_LR_014,ICBHI_157_1b1_LR,ICBHI_157,1,ICBHI,Meditron,0.9280183729876292,4
ICBHI_157_1b1_LR_015,ICBHI_157_1b1_LR,ICBHI_157,1,ICBHI,Meditron,0.9307105874853784,4
ICBHI_157_1b1_LR_016,ICBHI_157_1b1_LR,ICBHI_157,1,ICBHI,Meditron,0.9343951625409306,4
ICBHI_157_1b1_LR_017,ICBHI_157_1b1_LR,ICBHI_157,1,ICBHI,Meditron,0.944689347784004,4
ICBHI_157_1b1_LR_018,ICBHI_157_1b1_LR,ICBHI_157,1,ICBHI,Meditron,0.9419752510012038,4
ICBHI_157_1b1_LR_019,ICBHI_157_1b1_LR,ICBHI_157,1,ICBHI,Meditron,0.9526622845323623,4
ICBHI_157_1b1_LR_020,ICBHI_157_1b1_LR,ICBHI_157,1,ICBHI,Meditron,0.9515039967560432,4
ICBHI_157_1b1_LR_021,ICBHI_157_1b1_LR,ICBHI_157,1,ICBHI,Meditron,0.9415467589589032,4
ICBHI_157_1b1_LR_022,ICBHI_157_1b1_LR,ICBHI_157,1,ICBHI,Meditron,0.9389128927122936,4
ICBHI_157_1b1_LR_023,ICBHI_157_1b1_LR,ICBHI_157,1,ICBHI,Meditron,0.9194980766039684,4
ICBHI_157_1b1_LR_024,ICBHI_157_1b1_LR,ICBHI_157,1,ICBHI,Meditron,0.9623913644941934,4
ICBHI_157_1b1_PL_000,ICBHI_157_1b1_PL,ICBHI_157,1,ICBHI,Meditron,0.9693822208597556,4
ICBHI_157_1b1_PL_001,ICBHI_157_1b1_PL,ICBHI_157,1,ICBHI,Meditron,0.9616059822423816,4
ICBHI_157_1b1_PL_002,ICBHI_157_1b1_PL,ICBHI_157,1,ICBHI,Meditron,0.9556514186046016,4
ICBHI_157_1b1_PL_003,ICBHI_157_1b1_PL,ICBHI_157,1,ICBHI,Meditron,0.95938322225612,4
ICBHI_157_1b1_PL_004,ICBHI_157_1b1_PL,ICBHI_157,1,ICBHI,Meditron,0.975900554890232,4
ICBHI_157_1b1_PL_005,ICBHI_157_1b1_PL,ICBHI_157,1,ICBHI,Meditron,0.9879462204837636,4
ICBHI_157_1b1_PL_006,ICBHI_157_1b1_PL,ICBHI_157,1,ICBHI,Meditron,0.9428234058401228,4
ICBHI_157_1b1_PL_007,ICBHI_157_1b1_PL,ICBHI_157,1,ICBHI,Meditron,0.9435559749515046,4
ICBHI_157_1b1_PL_008,ICBHI_157_1b1_PL,ICBHI_157,1,ICBHI,Meditron,0.9600626857930734,4
ICBHI_157_1b1_PL_009,ICBHI_157_1b1_PL,ICBHI_157,1,ICBHI,Meditron,0.926569947300106,4
ICBHI_157_1b1_PL_010,ICBHI_157_1b1_PL,ICBHI_157,1,ICBHI,Meditron,0.9419752510012038,4
ICBHI_157_1b1_PL_011,ICBHI_157_1b1_PL,ICBHI_157,1,ICBHI,Meditron,0.910226713428791,4
ICBHI_157_1b1_PL_012,ICBHI_157_1b1_PL,ICBHI_157,1,ICBHI,Meditron,0.9874720680072552,4
ICBHI_157_1b1_PL_013,ICBHI_157_1b1_PL,ICBHI_157,1,ICBHI,Meditron,0.9888849862785224,4
ICBHI_157_1b1_PL_014,ICBHI_157_1b1_PL,ICBHI_157,1,ICBHI,Meditron,0.9886243997611625,4
ICBHI_157_1b1_PL_015,ICBHI_157_1b1_PL,ICBHI_157,1,ICBHI,Meditron,0.9926256346917622,4
ICBHI_157_1b1_PL_016,ICBHI_157_1b1_PL,ICBHI_157,1,ICBHI,Meditron,0.993461175022765,4
ICBHI_157_1b1_PL_017,ICBHI_157_1b1_PL,ICBHI_157,1,ICBHI,Meditron,0.9919067101026268,4
ICBHI_157_1b1_PL_018,ICBHI_157_1b1_PL,ICBHI_157,1,ICBHI,Meditron,0.9915870224290224,4
ICBHI_157_1b1_PL_019,ICBHI_157_1b1_PL,ICBHI_157,1,ICBHI,Meditron,0.9930153500828656,4
ICBHI_157_1b1_PL_020,ICBHI_157_1b1_PL,ICBHI_157,1,ICBHI,Meditron,0.988536202622004,4
ICBHI_157_1b1_PL_021,ICBHI_157_1b1_PL,ICBHI_157,1,ICBHI,Meditron,0.9887119261007692,4
ICBHI_157_1b1_PL_022,ICBHI_157_1b1_PL,ICBHI_157,1,ICBHI,Meditron,0.9884026381763672,4
ICBHI_157_1b1_PL_023,ICBHI_157_1b1_PL,ICBHI_157,1,ICBHI,Meditron,0.9904775143296634,4
ICBHI_157_1b1_PR_000,ICBHI_157_1b1_PR,ICBHI_157,1,ICBHI,Meditron,0.977197364031994,4
ICBHI_157_1b1_PR_001,ICBHI_157_1b1_PR,ICBHI_157,1,ICBHI,Meditron,0.9851003567309808,4
ICBHI_157_1b1_PR_002,ICBHI_157_1b1_PR,ICBHI_157,1,ICBHI,Meditron,0.9839708526340988,4
ICBHI_157_1b1_PR_003,ICBHI_157_1b1_PR,ICBHI_157,1,ICBHI,Meditron,0.9830850867332734,4
ICBHI_157_1b1_PR_004,ICBHI_157_1b1_PR,ICBHI_157,1,ICBHI,Meditron,0.9860979413749408,4
ICBHI_157_1b1_PR_005,ICBHI_157_1b1_PR,ICBHI_157,1,ICBHI,Meditron,0.9857180660748888,4
ICBHI_157_1b1_PR_006,ICBHI_157_1b1_PR,ICBHI_157,1,ICBHI,Meditron,0.9829546827465642,4
ICBHI_157_1b1_PR_007,ICBHI_157_1b1_PR,ICBHI_157,1,ICBHI,Meditron,0.9827572224423472,4
ICBHI_157_1b1_PR_008,ICBHI_157_1b1_PR,ICBHI_157,1,ICBHI,Meditron,0.97982268167713,4
ICBHI_157_1b1_PR_009,ICBHI_157_1b1_PR,ICBHI_157,1,ICBHI,Meditron,0.9802808718926534,4
ICBHI_157_1b1_PR_010,ICBHI_157_1b1_PR,ICBHI_157,1,ICBHI,Meditron,0.9789554342060388,4
ICBHI_157_1b1_PR_011,ICBHI_157_1b1_PR,ICBHI_157,1,ICBHI,Meditron,0.9156582049691224,4
ICBHI_157_1b1_PR_012,ICBHI_157_1b1_PR,ICBHI_157,1,ICBHI,Meditron,0.9905509186809448,4
ICBHI_157_1b1_PR_013,ICBHI_157_1b1_PR,ICBHI_157,1,ICBHI,Meditron,0.9867771782476948,4
ICBHI_157_1b1_PR_014,ICBHI_157_1b1_PR,ICBHI_157,1,ICBHI,Meditron,0.9881766051636294,4
ICBHI_157_1b1_PR_015,ICBHI_157_1b1_PR,ICBHI_157,1,ICBHI,Meditron,0.9648551535992068,4
ICBHI_157_1b1_PR_016,ICBHI_157_1b1_PR,ICBHI_157,1,ICBHI,Meditron,0.9660920419951724,4
ICBHI_157_1b1_PR_017,ICBHI_157_1b1_PR,ICBHI_157,1,ICBHI,Meditron,0.9760836129001416,4
ICBHI_157_1b1_PR_018,ICBHI_157_1b1_PR,ICBHI_157,1,ICBHI,Meditron,0.9732407168145568,4
ICBHI_157_1b1_PR_019,ICBHI_157_1b1_PR,ICBHI_157,1,ICBHI,Meditron,0.9740919790859393,4
ICBHI_157_1b1_PR_020,ICBHI_157_1b1_PR,ICBHI_157,1,ICBHI,Meditron,0.9039745112122062,4
ICBHI_157_1b1_PR_021,ICBHI_157_1b1_PR,ICBHI_157,1,ICBHI,Meditron,0.9121235618881308,4
ICBHI_157_1b1_PR_022,ICBHI_157_1b1_PR,ICBHI_157,1,ICBHI,Meditron,0.944689347784004,4
ICBHI_157_1b1_PR_023,ICBHI_157_1b1_PR,ICBHI_157,1,ICBHI,Meditron,0.935346511643776,4
ICBHI_170_1b2_AL_000,ICBHI_170_1b2_AL,ICBHI_170,1,ICBHI,AKGC417L,0.9710193702585468,4
ICBHI_170_1b2_AL_001,ICBHI_170_1b2_AL,ICBHI_170,1,ICBHI,AKGC417L,0.9750597460625842,4
ICBHI_170_1b2_AL_002,ICBHI_170_1b2_AL,ICBHI_170,1,ICBHI,AKGC417L,0.977110159887611,4
ICBHI_170_1b2_AL_003,ICBHI_170_1b2_AL,ICBHI_170,1,ICBHI,AKGC417L,0.9795506054513976,4
ICBHI_170_1b2_AL_004,ICBHI_170_1b2_AL,ICBHI_170,1,ICBHI,AKGC417L,0.9841546388118628,4
ICBHI_170_1b2_AL_005,ICBHI_170_1b2_AL,ICBHI_170,1,ICBHI,AKGC417L,0.9814178501043472,4
ICBHI_170_1b2_AL_006,ICBHI_170_1b2_AL,ICBHI_170,1,ICBHI,AKGC417L,0.9785492708245106,4
ICBHI_170_1b2_AR_000,ICBHI_170_1b2_AR,ICBHI_170,1,ICBHI,AKGC417L,0.9224823435231172,4
ICBHI_170_1b2_AR_001,ICBHI_170_1b2_AR,ICBHI_170,1,ICBHI,AKGC417L,0.954137335843458,4
ICBHI_170_1b2_AR_002,ICBHI_170_1b2_AR,ICBHI_170,1,ICBHI,AKGC417L,0.974676939890233,4
ICBHI_170_1b2_AR_003,ICBHI_170_1b2_AR,ICBHI_170,1,ICBHI,AKGC417L,0.9716178771000952,4
ICBHI_170_1b2_AR_004,ICBHI_170_1b2_AR,ICBHI_170,1,ICBHI,AKGC417L,0.0137953644211852,4
ICBHI_170_1b2_AR_005,ICBHI_170_1b2_AR,ICBHI_170,1,ICBHI,AKGC417L,0.0016941031558503,4
ICBHI_170_1b2_AR_006,ICBHI_170_1b2_AR,ICBHI_170,1,ICBHI,AKGC417L,0.9822877012965884,4
ICBHI_170_1b2_LR_000,ICBHI_170_1b2_LR,ICBHI_170,1,ICBHI,AKGC417L,0.9658995742876884,4
ICBHI_170_1b2_LR_001,ICBHI_170_1b2_LR,ICBHI_170,1,ICBHI,AKGC417L,0.9738443816461771,4
ICBHI_170_1b2_LR_002,ICBHI_170_1b2_LR,ICBHI_170,1,ICBHI,AKGC417L,0.9757161305979632,4
ICBHI_170_1b2_LR_003,ICBHI_170_1b2_LR,ICBHI_170,1,ICBHI,AKGC417L,0.9732915354985552,4
ICBHI_170_1b2_LR_004,ICBHI_170_1b2_LR,ICBHI_170,1,ICBHI,AKGC417L,0.9761746325522288,4
ICBHI_170_1b2_LR_005,ICBHI_170_1b2_LR,ICBHI_170,1,ICBHI,AKGC417L,0.9718859428738872,4
ICBHI_170_1b2_LR_006,ICBHI_170_1b2_LR,ICBHI_170,1,ICBHI,AKGC417L,0.9731387971923422,4
ICBHI_170_1b2_PL_000,ICBHI_170_1b2_PL,ICBHI_170,1,ICBHI,AKGC417L,0.9869292152258128,4
ICBHI_170_1b2_PL_001,ICBHI_170_1b2_PL,ICBHI_170,1,ICBHI,AKGC417L,0.9936610782629056,4
ICBHI_170_1b2_PL_002,ICBHI_170_1b2_PL,ICBHI_170,1,ICBHI,AKGC417L,0.9928508980334536,4
ICBHI_170_1b2_PL_003,ICBHI_170_1b2_PL,ICBHI_170,1,ICBHI,AKGC417L,0.9922744656025764,4
ICBHI_170_1b2_PL_004,ICBHI_170_1b2_PL,ICBHI_170,1,ICBHI,AKGC417L,0.9926256346917622,4
ICBHI_170_1b2_PL_005,ICBHI_170_1b2_PL,ICBHI_170,1,ICBHI,AKGC417L,0.9929609544025984,4
ICBHI_170_1b2_PL_006,ICBHI_170_1b2_PL,ICBHI_170,1,ICBHI,AKGC417L,0.9958175058144084,4
ICBHI_170_1b2_PR_000,ICBHI_170_1b2_PR,ICBHI_170,1,ICBHI,AKGC417L,0.9727790975901732,4
ICBHI_170_1b2_PR_001,ICBHI_170_1b2_PR,ICBHI_170,1,ICBHI,AKGC417L,0.9818056317790944,4
ICBHI_170_1b2_PR_002,ICBHI_170_1b2_PR,ICBHI_170,1,ICBHI,AKGC417L,0.9800530655725896,4
ICBHI_170_1b2_PR_003,ICBHI_170_1b2_PR,ICBHI_170,1,ICBHI,AKGC417L,0.980765741038007,4
ICBHI_170_1b2_PR_004,ICBHI_170_1b2_PR,ICBHI_170,1,ICBHI,AKGC417L,0.9802808718926534,4
ICBHI_170_1b2_PR_005,ICBHI_170_1b2_PR,ICBHI_170,1,ICBHI,AKGC417L,0.9787938797980108,4
ICBHI_170_1b2_PR_006,ICBHI_170_1b2_PR,ICBHI_170,1,ICBHI,AKGC417L,0.9809125661798574,4
ICBHI_170_1b2_TC_000,ICBHI_170_1b2_TC,ICBHI_170,1,ICBHI,AKGC417L,0.9628132248397596,4
ICBHI_170_1b2_TC_001,ICBHI_170_1b2_TC,ICBHI_170,1,ICBHI,AKGC417L,0.990216123982345,4
ICBHI_170_1b2_TC_002,ICBHI_170_1b2_TC,ICBHI_170,1,ICBHI,AKGC417L,0.982889110788156,4
ICBHI_170_1b2_TC_003,ICBHI_170_1b2_TC,ICBHI_170,1,ICBHI,AKGC417L,0.9612438064128052,4
ICBHI_170_1b2_TC_004,ICBHI_170_1b2_TC,ICBHI_170,1,ICBHI,AKGC417L,0.9623206087688784,4
ICBHI_170_1b2_TC_005,ICBHI_170_1b2_TC,ICBHI_170,1,ICBHI,AKGC417L,0.9525741268224334,4
ICBHI_170_1b2_TC_006,ICBHI_170_1b2_TC,ICBHI_170,1,ICBHI,AKGC417L,0.9733928914303028,4
ICBHI_170_1b3_AL_000,ICBHI_170_1b3_AL,ICBHI_170,1,ICBHI,AKGC417L,0.9825575152637948,4
ICBHI_170_1b3_AL_001,ICBHI_170_1b3_AL,ICBHI_170,1,ICBHI,AKGC417L,0.982423116732664,4
ICBHI_170_1b3_AL_002,ICBHI_170_1b3_AL,ICBHI_170,1,ICBHI,AKGC417L,0.985496420308618,4
ICBHI_170_1b3_AL_003,ICBHI_170_1b3_AL,ICBHI_170,1,ICBHI,AKGC417L,0.9851575827657516,4
ICBHI_170_1b3_AL_004,ICBHI_170_1b3_AL,ICBHI_170,1,ICBHI,AKGC417L,0.979745309435261,4
ICBHI_170_1b3_AL_005,ICBHI_170_1b3_AL,ICBHI_170,1,ICBHI,AKGC417L,0.978834381794042,4
ICBHI_170_1b3_AL_006,ICBHI_170_1b3_AL,ICBHI_170,1,ICBHI,AKGC417L,0.9842760094722643,4
ICBHI_170_1b3_AR_000,ICBHI_170_1b3_AR,ICBHI_170,1,ICBHI,AKGC417L,0.9818056317790944,4
ICBHI_170_1b3_AR_001,ICBHI_170_1b3_AR,ICBHI_170,1,ICBHI,AKGC417L,0.9803562393224404,4
ICBHI_170_1b3_AR_002,ICBHI_170_1b3_AR,ICBHI_170,1,ICBHI,AKGC417L,0.9734434290045008,4
ICBHI_170_1b3_AR_003,ICBHI_170_1b3_AR,ICBHI_170,1,ICBHI,AKGC417L,0.909586273176162,4
ICBHI_170_1b3_AR_004,ICBHI_170_1b3_AR,ICBHI_170,1,ICBHI,AKGC417L,0.8756807181474986,4
ICBHI_170_1b3_AR_005,ICBHI_170_1b3_AR,ICBHI_170,1,ICBHI,AKGC417L,0.8580062236483739,4
ICBHI_170_1b3_AR_006,ICBHI_170_1b3_AR,ICBHI_170,1,ICBHI,AKGC417L,0.9600626857930734,4
ICBHI_170_1b3_LL_000,ICBHI_170_1b3_LL,ICBHI_170,1,ICBHI,AKGC417L,0.980949100414177,4
ICBHI_170_1b3_LL_001,ICBHI_170_1b3_LL,ICBHI_170,1,ICBHI,AKGC417L,0.984032346511204,4
ICBHI_170_1b3_LL_002,ICBHI_170_1b3_LL,ICBHI_170,1,ICBHI,AKGC417L,0.983847165177859,4
ICBHI_170_1b3_LL_003,ICBHI_170_1b3_LL,ICBHI_170,1,ICBHI,AKGC417L,0.9849852519941804,4
ICBHI_170_1b3_LL_004,ICBHI_170_1b3_LL,ICBHI_170,1,ICBHI,AKGC417L,0.9854404813796804,4
ICBHI_170_1b3_LL_005,ICBHI_170_1b3_LL,ICBHI_170,1,ICBHI,AKGC417L,0.9834704434423458,4
ICBHI_170_1b3_LL_006,ICBHI_170_1b3_LL,ICBHI_170,1,ICBHI,AKGC417L,0.983342959990771,4
ICBHI_170_1b3_LR_000,ICBHI_170_1b3_LR,ICBHI_170,1,ICBHI,AKGC417L,0.9752961303267708,4
ICBHI_170_1b3_LR_001,ICBHI_170_1b3_LR,ICBHI_170,1,ICBHI,AKGC417L,0.9781771750265408,4
ICBHI_170_1b3_LR_002,ICBHI_170_1b3_LR,ICBHI_170,1,ICBHI,AKGC417L,0.9814534354878828,4
ICBHI_170_1b3_LR_003,ICBHI_170_1b3_LR,ICBHI_170,1,ICBHI,AKGC417L,0.978834381794042,4
ICBHI_170_1b3_LR_004,ICBHI_170_1b3_LR,ICBHI_170,1,ICBHI,AKGC417L,0.9783019028763682,4
ICBHI_170_1b3_LR_005,ICBHI_170_1b3_LR,ICBHI_170,1,ICBHI,AKGC417L,0.9761746325522288,4
ICBHI_170_1b3_LR_006,ICBHI_170_1b3_LR,ICBHI_170,1,ICBHI,AKGC417L,0.9793145407099588,4
ICBHI_170_1b3_PL_000,ICBHI_170_1b3_PL,ICBHI_170,1,ICBHI,AKGC417L,0.9948403768236574,4
ICBHI_170_1b3_PL_001,ICBHI_170_1b3_PL,ICBHI_170,1,ICBHI,AKGC417L,0.9967269350293284,4
ICBHI_170_1b3_PL_002,ICBHI_170_1b3_PL,ICBHI_170,1,ICBHI,AKGC417L,0.9968149391785504,4
ICBHI_170_1b3_PL_003,ICBHI_170_1b3_PL,ICBHI_170,1,ICBHI,AKGC417L,0.9958175058144084,4
ICBHI_170_1b3_PL_004,ICBHI_170_1b3_PL,ICBHI_170,1,ICBHI,AKGC417L,0.996054593193398,4
ICBHI_170_1b3_PL_005,ICBHI_170_1b3_PL,ICBHI_170,1,ICBHI,AKGC417L,0.9967141667081212,4
ICBHI_170_1b3_PL_006,ICBHI_170_1b3_PL,ICBHI_170,1,ICBHI,AKGC417L,0.99709914228914,4
ICBHI_170_1b3_PR_000,ICBHI_170_1b3_PR,ICBHI_170,1,ICBHI,AKGC417L,0.977585783536363,4
ICBHI_170_1b3_PR_001,ICBHI_170_1b3_PR,ICBHI_170,1,ICBHI,AKGC417L,0.9836598719063984,4
ICBHI_170_1b3_PR_002,ICBHI_170_1b3_PR,ICBHI_170,1,ICBHI,AKGC417L,0.983596967483837,4
ICBHI_170_1b3_PR_003,ICBHI_170_1b3_PR,ICBHI_170,1,ICBHI,AKGC417L,0.9839708526340988,4
ICBHI_170_1b3_PR_004,ICBHI_170_1b3_PR,ICBHI_170,1,ICBHI,AKGC417L,0.9830200077626816,4
ICBHI_170_1b3_PR_005,ICBHI_170_1b3_PR,ICBHI_170,1,ICBHI,AKGC417L,0.9773275621685958,4
ICBHI_170_1b3_PR_006,ICBHI_170_1b3_PR,ICBHI_170,1,ICBHI,AKGC417L,0.977585783536363,4
ICBHI_170_1b3_TC_000,ICBHI_170_1b3_TC,ICBHI_170,1,ICBHI,AKGC417L,0.97982268167713,4
ICBHI_170_1b3_TC_001,ICBHI_170_1b3_TC,ICBHI_170,1,ICBHI,AKGC417L,0.978631112244824,4
ICBHI_170_1b3_TC_002,ICBHI_170_1b3_TC,ICBHI_170,1,ICBHI,AKGC417L,0.9422946838534368,4
ICBHI_170_1b3_TC_003,ICBHI_170_1b3_TC,ICBHI_170,1,ICBHI,AKGC417L,0.8850366449469483,4
ICBHI_170_1b3_TC_004,ICBHI_170_1b3_TC,ICBHI_170,1,ICBHI,AKGC417L,0.8989440865319087,4
ICBHI_170_1b3_TC_005,ICBHI_170_1b3_TC,ICBHI_170,1,ICBHI,AKGC417L,0.9538802504524166,4
ICBHI_170_1b3_TC_006,ICBHI_170_1b3_TC,ICBHI_170,1,ICBHI,AKGC417L,0.9745319170136324,4
ICBHI_170_1b4_AL_000,ICBHI_170_1b4_AL,ICBHI_170,1,ICBHI,AKGC417L,0.9815951096107584,4
ICBHI_170_1b4_AL_001,ICBHI_170_1b4_AL,ICBHI_170,1,ICBHI,AKGC417L,0.981979260068153,4
ICBHI_170_1b4_AL_002,ICBHI_170_1b4_AL,ICBHI_170,1,ICBHI,AKGC417L,0.979784031808104,4
ICBHI_170_1b4_AL_003,ICBHI_170_1b4_AL,ICBHI_170,1,ICBHI,AKGC417L,0.980949100414177,4
ICBHI_170_1b4_AL_004,ICBHI_170_1b4_AL,ICBHI_170,1,ICBHI,AKGC417L,0.9820826552325288,4
ICBHI_170_1b4_AL_005,ICBHI_170_1b4_AL,ICBHI_170,1,ICBHI,AKGC417L,0.9848692716928064,4
ICBHI_170_1b4_AL_006,ICBHI_170_1b4_AL,ICBHI_170,1,ICBHI,AKGC417L,0.982423116732664,4
ICBHI_170_1b4_AR_000,ICBHI_170_1b4_AR,ICBHI_170,1,ICBHI,AKGC417L,0.8401278551276037,4
ICBHI_170_1b4_AR_001,ICBHI_170_1b4_AR,ICBHI_170,1,ICBHI,AKGC417L,0.6864751506634867,4
ICBHI_170_1b4_AR_002,ICBHI_170_1b4_AR,ICBHI_170,1,ICBHI,AKGC417L,0.9139841186828944,4
ICBHI_170_1b4_AR_003,ICBHI_170_1b4_AR,ICBHI_170,1,ICBHI,AKGC417L,0.8904848432885359,4
ICBHI_170_1b4_AR_004,ICBHI_170_1b4_AR,ICBHI_170,1,ICBHI,AKGC417L,0.9205043007398608,4
ICBHI_170_1b4_AR_005,ICBHI_170_1b4_AR,ICBHI_170,1,ICBHI,AKGC417L,0.9168570857654618,4
ICBHI_170_1b4_AR_006,ICBHI_170_1b4_AR,ICBHI_170,1,ICBHI,AKGC417L,0.9308364354644564,4
ICBHI_170_1b4_LR_000,ICBHI_170_1b4_LR,ICBHI_170,1,ICBHI,AKGC417L,0.9756698099123244,4
ICBHI_170_1b4_LR_001,ICBHI_170_1b4_LR,ICBHI_170,1,ICBHI,AKGC417L,0.974676939890233,4
ICBHI_170_1b4_LR_002,ICBHI_170_1b4_LR,ICBHI_170,1,ICBHI,AKGC417L,0.9731387971923422,4
ICBHI_170_1b4_LR_003,ICBHI_170_1b4_LR,ICBHI_170,1,ICBHI,AKGC417L,0.9744347860767304,4
ICBHI_170_1b4_LR_004,ICBHI_170_1b4_LR,ICBHI_170,1,ICBHI,AKGC417L,0.9761746325522288,4
ICBHI_170_1b4_LR_005,ICBHI_170_1b4_LR,ICBHI_170,1,ICBHI,AKGC417L,0.9765800557141248,4
ICBHI_170_1b4_LR_006,ICBHI_170_1b4_LR,ICBHI_170,1,ICBHI,AKGC417L,0.970743290501902,4
ICBHI_170_1b4_PL_000,ICBHI_170_1b4_PL,ICBHI_170,1,ICBHI,AKGC417L,0.9932024684496268,4
ICBHI_170_1b4_PL_001,ICBHI_170_1b4_PL,ICBHI_170,1,ICBHI,AKGC417L,0.99463594330938,4
ICBHI_170_1b4_PL_002,ICBHI_170_1b4_PL,ICBHI_170,1,ICBHI,AKGC417L,0.9950370578981272,4
ICBHI_170_1b4_PL_003,ICBHI_170_1b4_PL,ICBHI_170,1,ICBHI,AKGC417L,0.9969484898370652,4
ICBHI_170_1b4_PL_004,ICBHI_170_1b4_PL,ICBHI_170,1,ICBHI,AKGC417L,0.996205165779956,4
ICBHI_170_1b4_PL_005,ICBHI_170_1b4_PL,ICBHI_170,1,ICBHI,AKGC417L,0.9948403768236574,4
ICBHI_170_1b4_PL_006,ICBHI_170_1b4_PL,ICBHI_170,1,ICBHI,AKGC417L,0.993255010457908,4
ICBHI_170_1b4_PR_000,ICBHI_170_1b4_PR,ICBHI_170,1,ICBHI,AKGC417L,0.9804313244446876,4
ICBHI_170_1b4_PR_001,ICBHI_170_1b4_PR,ICBHI_170,1,ICBHI,AKGC417L,0.9826909042463318,4
ICBHI_170_1b4_PR_002,ICBHI_170_1b4_PR,ICBHI_170,1,ICBHI,AKGC417L,0.9791955100493928,4
ICBHI_170_1b4_PR_003,ICBHI_170_1b4_PR,ICBHI_170,1,ICBHI,AKGC417L,0.9817357216481428,4
ICBHI_170_1b4_PR_004,ICBHI_170_1b4_PR,ICBHI_170,1,ICBHI,AKGC417L,0.980765741038007,4
ICBHI_170_1b4_PR_005,ICBHI_170_1b4_PR,ICBHI_170,1,ICBHI,AKGC417L,0.9835338249524974,4
ICBHI_170_1b4_PR_006,ICBHI_170_1b4_PR,ICBHI_170,1,ICBHI,AKGC417L,0.9787938797980108,4
ICBHI_170_1b4_TC_000,ICBHI_170_1b4_TC,ICBHI_170,1,ICBHI,AKGC417L,0.9505947548144924,4
ICBHI_170_1b4_TC_001,ICBHI_170_1b4_TC,ICBHI_170,1,ICBHI,AKGC417L,0.9392480969124416,4
ICBHI_170_1b4_TC_002,ICBHI_170_1b4_TC,ICBHI_170,1,ICBHI,AKGC417L,0.9623913644941934,4
ICBHI_170_1b4_TC_003,ICBHI_170_1b4_TC,ICBHI_170,1,ICBHI,AKGC417L,0.9608783531246672,4
ICBHI_170_1b4_TC_004,ICBHI_170_1b4_TC,ICBHI_170,1,ICBHI,AKGC417L,0.9361683919753396,4
ICBHI_170_1b4_TC_005,ICBHI_170_1b4_TC,ICBHI_170,1,ICBHI,AKGC417L,0.9071478391683364,4
ICBHI_170_1b4_TC_006,ICBHI_170_1b4_TC,ICBHI_170,1,ICBHI,AKGC417L,0.960657496735742,4
ICBHI_170_2b2_AL_000,ICBHI_170_2b2_AL,ICBHI_170,1,ICBHI,AKGC417L,0.9578334587487554,4
ICBHI_170_2b2_AL_001,ICBHI_170_2b2_AL,ICBHI_170,1,ICBHI,AKGC417L,0.9905509186809448,4
ICBHI_170_2b2_AL_002,ICBHI_170_2b2_AL,ICBHI_170,1,ICBHI,AKGC417L,0.9841546388118628,4
ICBHI_170_2b2_AL_003,ICBHI_170_2b2_AL,ICBHI_170,1,ICBHI,AKGC417L,0.5288071733933106,4
ICBHI_170_2b2_AL_004,ICBHI_170_2b2_AL,ICBHI_170,1,ICBHI,AKGC417L,0.9900635812940538,4
ICBHI_170_2b2_AL_005,ICBHI_170_2b2_AL,ICBHI_170,1,ICBHI,AKGC417L,0.991619546648974,4
ICBHI_170_2b2_AL_006,ICBHI_170_2b2_AL,ICBHI_170,1,ICBHI,AKGC417L,0.9924227587321393,4
ICBHI_170_2b2_AR_000,ICBHI_170_2b2_AR,ICBHI_170,1,ICBHI,AKGC417L,0.0279013762095567,4
ICBHI_170_2b2_AR_001,ICBHI_170_2b2_AR,ICBHI_170,1,ICBHI,AKGC417L,0.00492451037408,4
ICBHI_170_2b2_AR_002,ICBHI_170_2b2_AR,ICBHI_170,1,ICBHI,AKGC417L,0.8094266599964354,4
ICBHI_170_2b2_AR_003,ICBHI_170_2b2_AR,ICBHI_170,1,ICBHI,AKGC417L,0.2163424809496068,4
ICBHI_170_2b2_AR_004,ICBHI_170_2b2_AR,ICBHI_170,1,ICBHI,AKGC417L,0.9630224454648544,4
ICBHI_170_2b2_AR_005,ICBHI_170_2b2_AR,ICBHI_170,1,ICBHI,AKGC417L,0.9806548960854106,4
ICBHI_170_2b2_AR_006,ICBHI_170_2b2_AR,ICBHI_170,1,ICBHI,AKGC417L,0.024845436894269,4
ICBHI_170_2b2_LR_000,ICBHI_170_2b2_LR,ICBHI_170,1,ICBHI,AKGC417L,0.9811668701095654,4
ICBHI_170_2b2_LR_001,ICBHI_170_2b2_LR,ICBHI_170,1,ICBHI,AKGC417L,0.983847165177859,4
ICBHI_170_2b2_LR_002,ICBHI_170_2b2_LR,ICBHI_170,1,ICBHI,AKGC417L,0.983342959990771,4
ICBHI_170_2b2_LR_003,ICBHI_170_2b2_LR,ICBHI_170,1,ICBHI,AKGC417L,0.9814889540096828,4
ICBHI_170_2b2_LR_004,ICBHI_170_2b2_LR,ICBHI_170,1,ICBHI,AKGC417L,0.9818752792555312,4
ICBHI_170_2b2_LR_005,ICBHI_170_2b2_LR,ICBHI_170,1,ICBHI,AKGC417L,0.9811307454626658,4
ICBHI_170_2b2_LR_006,ICBHI_170_2b2_LR,ICBHI_170,1,ICBHI,AKGC417L,0.9800148480052566,4
ICBHI_170_2b2_PL_000,ICBHI_170_2b2_PL,ICBHI_170,1,ICBHI,AKGC417L,0.9963923831967464,4
ICBHI_170_2b2_PL_001,ICBHI_170_2b2_PL,ICBHI_170,1,ICBHI,AKGC417L,0.9977829869770526,4
ICBHI_170_2b2_PL_002,ICBHI_170_2b2_PL,ICBHI_170,1,ICBHI,AKGC417L,0.9968763514001466,4
ICBHI_170_2b2_PL_003,ICBHI_170_2b2_PL,ICBHI_170,1,ICBHI,AKGC417L,0.9936116790902788,4
ICBHI_170_2b2_PL_004,ICBHI_170_2b2_PL,ICBHI_170,1,ICBHI,AKGC417L,0.993384607321672,4
ICBHI_170_2b2_PL_005,ICBHI_170_2b2_PL,ICBHI_170,1,ICBHI,AKGC417L,0.9956005868372636,4
ICBHI_170_2b2_PL_006,ICBHI_170_2b2_PL,ICBHI_170,1,ICBHI,AKGC417L,0.9965029897474263,4
ICBHI_170_2b2_PR_000,ICBHI_170_2b2_PR,ICBHI_170,1,ICBHI,AKGC417L,0.9769787427100676,4
ICBHI_170_2b2_PR_001,ICBHI_170_2b2_PR,ICBHI_170,1,ICBHI,AKGC417L,0.9774139572136528,4
ICBHI_170_2b2_PR_002,ICBHI_170_2b2_PR,ICBHI_170,1,ICBHI,AKGC417L,0.9802052211384412,4
ICBHI_170_2b2_PR_003,ICBHI_170_2b2_PR,ICBHI_170,1,ICBHI,AKGC417L,0.9758085141318648,4
ICBHI_170_2b2_PR_004,ICBHI_170_2b2_PR,ICBHI_170,1,ICBHI,AKGC417L,0.976129165047569,4
ICBHI_170_2b2_PR_005,ICBHI_170_2b2_PR,ICBHI_170,1,ICBHI,AKGC417L,0.9796676466573412,4
ICBHI_170_2b2_PR_006,ICBHI_170_2b2_PR,ICBHI_170,1,ICBHI,AKGC417L,0.9787938797980108,4
ICBHI_170_2b2_TC_000,ICBHI_170_2b2_TC,ICBHI_170,1,ICBHI,AKGC417L,0.0223714598377614,4
ICBHI_170_2b2_TC_001,ICBHI_170_2b2_TC,ICBHI_170,1,ICBHI,AKGC417L,0.0175768832673359,4
ICBHI_170_2b2_TC_002,ICBHI_170_2b2_TC,ICBHI_170,1,ICBHI,AKGC417L,0.9305845275935024,4
ICBHI_170_2b2_TC_003,ICBHI_170_2b2_TC,ICBHI_170,1,ICBHI,AKGC417L,0.9560634664484896,4
ICBHI_170_2b2_TC_004,ICBHI_170_2b2_TC,ICBHI_170,1,ICBHI,AKGC417L,0.9453993942183476,4
ICBHI_170_2b2_TC_005,ICBHI_170_2b2_TC,ICBHI_170,1,ICBHI,AKGC417L,0.9059898203834276,4
ICBHI_170_2b2_TC_006,ICBHI_170_2b2_TC,ICBHI_170,1,ICBHI,AKGC417L,0.8453050150325521,4
ICBHI_172_1b3_AL_000,ICBHI_172_1b3_AL,ICBHI_172,1,ICBHI,AKGC417L,0.9750597460625842,4
ICBHI_172_1b3_AL_001,ICBHI_172_1b3_AL,ICBHI_172,1,ICBHI,AKGC417L,0.9702962496606208,4
ICBHI_172_1b3_AL_002,ICBHI_172_1b3_AL,ICBHI_172,1,ICBHI,AKGC417L,0.9463988589047058,4
ICBHI_172_1b3_AL_003,ICBHI_172_1b3_AL,ICBHI_172,1,ICBHI,AKGC417L,0.9856629695759892,4
ICBHI_172_1b3_AL_004,ICBHI_172_1b3_AL,ICBHI_172,1,ICBHI,AKGC417L,0.9855521474663976,4
ICBHI_172_1b3_AL_005,ICBHI_172_1b3_AL,ICBHI_172,1,ICBHI,AKGC417L,0.9857180660748888,4
ICBHI_172_1b3_AL_006,ICBHI_172_1b3_AL,ICBHI_172,1,ICBHI,AKGC417L,0.9870795269609208,4
ICBHI_172_1b3_AR_000,ICBHI_172_1b3_AR,ICBHI_172,1,ICBHI,AKGC417L,0.9196425311777928,4
ICBHI_172_1b3_AR_001,ICBHI_172_1b3_AR,ICBHI_172,1,ICBHI,AKGC417L,0.97364464715388,4
ICBHI_172_1b3_AR_002,ICBHI_172_1b3_AR,ICBHI_172,1,ICBHI,AKGC417L,0.9802052211384412,4
ICBHI_172_1b3_AR_003,ICBHI_172_1b3_AR,ICBHI_172,1,ICBHI,AKGC417L,0.9865198970247336,4
ICBHI_172_1b3_AR_004,ICBHI_172_1b3_AR,ICBHI_172,1,ICBHI,AKGC417L,0.9810945528586532,4
ICBHI_172_1b3_AR_005,ICBHI_172_1b3_AR,ICBHI_172,1,ICBHI,AKGC417L,0.9860979413749408,4
ICBHI_172_1b3_AR_006,ICBHI_172_1b3_AR,ICBHI_172,1,ICBHI,AKGC417L,0.0001852257432653,4
ICBHI_172_1b3_LL_000,ICBHI_172_1b3_LL,ICBHI_172,1,ICBHI,AKGC417L,0.9876162153627396,4
ICBHI_172_1b3_LL_001,ICBHI_172_1b3_LL,ICBHI_172,1,ICBHI,AKGC417L,0.9871787857334058,4
ICBHI_172_1b3_LL_002,ICBHI_172_1b3_LL,ICBHI_172,1,ICBHI,AKGC417L,0.9876162153627396,4
ICBHI_172_1b3_LL_003,ICBHI_172_1b3_LL,ICBHI_172,1,ICBHI,AKGC417L,0.9878058669624096,4
ICBHI_172_1b3_LL_004,ICBHI_172_1b3_LL,ICBHI_172,1,ICBHI,AKGC417L,0.9861513897844354,4
ICBHI_172_1b3_LL_005,ICBHI_172_1b3_LL,ICBHI_172,1,ICBHI,AKGC417L,0.9852713861502774,4
ICBHI_172_1b3_LL_006,ICBHI_172_1b3_LL,ICBHI_172,1,ICBHI,AKGC417L,0.9859363729567544,4
ICBHI_172_1b3_LR_000,ICBHI_172_1b3_LR,ICBHI_172,1,ICBHI,AKGC417L,0.955235687404285,4
ICBHI_172_1b3_LR_001,ICBHI_172_1b3_LR,ICBHI_172,1,ICBHI,AKGC417L,0.9705205917252118,4
ICBHI_172_1b3_LR_002,ICBHI_172_1b3_LR,ICBHI_172,1,ICBHI,AKGC417L,0.9657060528791284,4
ICBHI_172_1b3_LR_003,ICBHI_172_1b3_LR,ICBHI_172,1,ICBHI,AKGC417L,0.9596109312691484,4
ICBHI_172_1b3_LR_004,ICBHI_172_1b3_LR,ICBHI_172,1,ICBHI,AKGC417L,0.9563904724343744,4
ICBHI_172_1b3_LR_005,ICBHI_172_1b3_LR,ICBHI_172,1,ICBHI,AKGC417L,0.962743232064167,4
ICBHI_172_1b3_LR_006,ICBHI_172_1b3_LR,ICBHI_172,1,ICBHI,AKGC417L,0.9512329045230108,4
ICBHI_172_1b3_PL_000,ICBHI_172_1b3_PL,ICBHI_172,1,ICBHI,AKGC417L,0.9893474891602738,4
ICBHI_172_1b3_PL_001,ICBHI_172_1b3_PL,ICBHI_172,1,ICBHI,AKGC417L,0.991118324899153,4
ICBHI_172_1b3_PL_002,ICBHI_172_1b3_PL,ICBHI_172,1,ICBHI,AKGC417L,0.9930693283432538,4
ICBHI_172_1b3_PL_003,ICBHI_172_1b3_PL,ICBHI_172,1,ICBHI,AKGC417L,0.9938787187092716,4
ICBHI_172_1b3_PL_004,ICBHI_172_1b3_PL,ICBHI_172,1,ICBHI,AKGC417L,0.9936856353291036,4
ICBHI_172_1b3_PL_005,ICBHI_172_1b3_PL,ICBHI_172,1,ICBHI,AKGC417L,0.993149519973355,4
ICBHI_172_1b3_PL_006,ICBHI_172_1b3_PL,ICBHI_172,1,ICBHI,AKGC417L,0.9926256346917622,4
ICBHI_172_1b3_PR_000,ICBHI_172_1b3_PR,ICBHI_172,1,ICBHI,AKGC417L,0.9644556024735852,4
ICBHI_172_1b3_PR_001,ICBHI_172_1b3_PR,ICBHI_172,1,ICBHI,AKGC417L,0.9679599219419188,4
ICBHI_172_1b3_PR_002,ICBHI_172_1b3_PR,ICBHI_172,1,ICBHI,AKGC417L,0.9701269078891236,4
ICBHI_172_1b3_PR_003,ICBHI_172_1b3_PR,ICBHI_172,1,ICBHI,AKGC417L,0.9748690530618772,4
ICBHI_172_1b3_PR_004,ICBHI_172_1b3_PR,ICBHI_172,1,ICBHI,AKGC417L,0.9744347860767304,4
ICBHI_172_1b3_PR_005,ICBHI_172_1b3_PR,ICBHI_172,1,ICBHI,AKGC417L,0.970743290501902,4
ICBHI_172_1b3_PR_006,ICBHI_172_1b3_PR,ICBHI_172,1,ICBHI,AKGC417L,0.9752490288267888,4
ICBHI_172_1b3_TC_000,ICBHI_172_1b3_TC,ICBHI_172,1,ICBHI,AKGC417L,0.9873262643069668,4
ICBHI_172_1b3_TC_001,ICBHI_172_1b3_TC,ICBHI_172,1,ICBHI,AKGC417L,0.9933071490757152,4
ICBHI_172_1b3_TC_002,ICBHI_172_1b3_TC,ICBHI_172,1,ICBHI,AKGC417L,0.9920620058985926,4
ICBHI_172_1b3_TC_003,ICBHI_172_1b3_TC,ICBHI_172,1,ICBHI,AKGC417L,0.9901782070803068,4
ICBHI_172_1b3_TC_004,ICBHI_172_1b3_TC,ICBHI_172,1,ICBHI,AKGC417L,0.9931760452132232,4
ICBHI_172_1b3_TC_005,ICBHI_172_1b3_TC,ICBHI_172,1,ICBHI,AKGC417L,0.9949199630015224,4
ICBHI_172_1b3_TC_006,ICBHI_172_1b3_TC,ICBHI_172,1,ICBHI,AKGC417L,0.9938549079159148,4
ICBHI_172_1b4_AL_000,ICBHI_172_1b4_AL,ICBHI_172,1,ICBHI,AKGC417L,0.8100284909481296,4
ICBHI_172_1b4_AL_001,ICBHI_172_1b4_AL,ICBHI_172,1,ICBHI,AKGC417L,0.9665370653480092,4
ICBHI_172_1b4_AL_002,ICBHI_172_1b4_AL,ICBHI_172,1,ICBHI,AKGC417L,0.979589692299694,4
ICBHI_172_1b4_AL_003,ICBHI_172_1b4_AL,ICBHI_172,1,ICBHI,AKGC417L,0.9862046355788148,4
ICBHI_172_1b4_AL_004,ICBHI_172_1b4_AL,ICBHI_172,1,ICBHI,AKGC417L,0.979589692299694,4
ICBHI_172_1b4_AL_005,ICBHI_172_1b4_AL,ICBHI_172,1,ICBHI,AKGC417L,0.9826909042463318,4
ICBHI_172_1b4_AL_006,ICBHI_172_1b4_AL,ICBHI_172,1,ICBHI,AKGC417L,0.9908743626108194,4
ICBHI_172_1b4_AR_000,ICBHI_172_1b4_AR,ICBHI_172,1,ICBHI,AKGC417L,0.8901033181214943,4
ICBHI_172_1b4_AR_001,ICBHI_172_1b4_AR,ICBHI_172,1,ICBHI,AKGC417L,0.9899864293768268,4
ICBHI_172_1b4_AR_002,ICBHI_172_1b4_AR,ICBHI_172,1,ICBHI,AKGC417L,0.991875291221819,4
ICBHI_172_1b4_AR_003,ICBHI_172_1b4_AR,ICBHI_172,1,ICBHI,AKGC417L,0.992334125311354,4
ICBHI_172_1b4_AR_004,ICBHI_172_1b4_AR,ICBHI_172,1,ICBHI,AKGC417L,0.9926256346917622,4
ICBHI_172_1b4_AR_005,ICBHI_172_1b4_AR,ICBHI_172,1,ICBHI,AKGC417L,0.9859363729567544,4
ICBHI_172_1b4_AR_006,ICBHI_172_1b4_AR,ICBHI_172,1,ICBHI,AKGC417L,0.9837849698906836,4
ICBHI_172_1b4_LL_000,ICBHI_172_1b4_LL,ICBHI_172,1,ICBHI,AKGC417L,0.9374402692115686,4
ICBHI_172_1b4_LL_001,ICBHI_172_1b4_LL,ICBHI_172,1,ICBHI,AKGC417L,0.9845160126963748,4
ICBHI_172_1b4_LL_002,ICBHI_172_1b4_LL,ICBHI_172,1,ICBHI,AKGC417L,0.9871292507842532,4
ICBHI_172_1b4_LL_003,ICBHI_172_1b4_LL,ICBHI_172,1,ICBHI,AKGC417L,0.9878528299001949,4
ICBHI_172_1b4_LL_004,ICBHI_172_1b4_LL,ICBHI_172,1,ICBHI,AKGC417L,0.975154563105731,4
ICBHI_172_1b4_LL_005,ICBHI_172_1b4_LL,ICBHI_172,1,ICBHI,AKGC417L,0.9752961303267708,4
ICBHI_172_1b4_LL_006,ICBHI_172_1b4_LL,ICBHI_172,1,ICBHI,AKGC417L,0.9852713861502774,4
ICBHI_172_1b4_LR_000,ICBHI_172_1b4_LR,ICBHI_172,1,ICBHI,AKGC417L,0.93789687838626,4
ICBHI_172_1b4_LR_001,ICBHI_172_1b4_LR,ICBHI_172,1,ICBHI,AKGC417L,0.9862576795040976,4
ICBHI_172_1b4_LR_002,ICBHI_172_1b4_LR,ICBHI_172,1,ICBHI,AKGC417L,0.978467122853792,4
ICBHI_172_1b4_LR_003,ICBHI_172_1b4_LR,ICBHI_172,1,ICBHI,AKGC417L,0.9795114453152562,4
ICBHI_172_1b4_LR_004,ICBHI_172_1b4_LR,ICBHI_172,1,ICBHI,AKGC417L,0.9834068220804096,4
ICBHI_172_1b4_LR_005,ICBHI_172_1b4_LR,ICBHI_172,1,ICBHI,AKGC417L,0.9820137900379085,4
ICBHI_172_1b4_LR_006,ICBHI_172_1b4_LR,ICBHI_172,1,ICBHI,AKGC417L,0.984032346511204,4
ICBHI_172_1b4_PL_000,ICBHI_172_1b4_PL,ICBHI_172,1,ICBHI,AKGC417L,0.9417613746890242,4
ICBHI_172_1b4_PL_001,ICBHI_172_1b4_PL,ICBHI_172,1,ICBHI,AKGC417L,0.9808025508024198,4
ICBHI_172_1b4_PL_002,ICBHI_172_1b4_PL,ICBHI_172,1,ICBHI,AKGC417L,0.9873750507184356,4
ICBHI_172_1b4_PL_003,ICBHI_172_1b4_PL,ICBHI_172,1,ICBHI,AKGC417L,0.9909096166863416,4
ICBHI_172_1b4_PL_004,ICBHI_172_1b4_PL,ICBHI_172,1,ICBHI,AKGC417L,0.98905542259902,4
ICBHI_172_1b4_PL_005,ICBHI_172_1b4_PL,ICBHI_172,1,ICBHI,AKGC417L,0.98905542259902,4
ICBHI_172_1b4_PL_006,ICBHI_172_1b4_PL,ICBHI_172,1,ICBHI,AKGC417L,0.9856629695759892,4
ICBHI_172_1b4_PR_000,ICBHI_172_1b4_PR,ICBHI_172,1,ICBHI,AKGC417L,0.9679599219419188,4
ICBHI_172_1b4_PR_001,ICBHI_172_1b4_PR,ICBHI_172,1,ICBHI,AKGC417L,0.9767580751989804,4
ICBHI_172_1b4_PR_002,ICBHI_172_1b4_PR,ICBHI_172,1,ICBHI,AKGC417L,0.980765741038007,4
ICBHI_172_1b4_PR_003,ICBHI_172_1b4_PR,ICBHI_172,1,ICBHI,AKGC417L,0.9876638995791304,4
ICBHI_172_1b4_PR_004,ICBHI_172_1b4_PR,ICBHI_172,1,ICBHI,AKGC417L,0.9881766051636294,4
ICBHI_172_1b4_PR_005,ICBHI_172_1b4_PR,ICBHI_172,1,ICBHI,AKGC417L,0.9757623652873698,4
ICBHI_172_1b4_PR_006,ICBHI_172_1b4_PR,ICBHI_172,1,ICBHI,AKGC417L,0.9579122720843812,4
ICBHI_172_1b4_TC_000,ICBHI_172_1b4_TC,ICBHI_172,1,ICBHI,AKGC417L,0.9658351844920308,4
ICBHI_172_1b4_TC_001,ICBHI_172_1b4_TC,ICBHI_172,1,ICBHI,AKGC417L,0.9299510391228232,4
ICBHI_172_1b4_TC_002,ICBHI_172_1b4_TC,ICBHI_172,1,ICBHI,AKGC417L,0.9362850057480346,4
ICBHI_172_1b4_TC_003,ICBHI_172_1b4_TC,ICBHI_172,1,ICBHI,AKGC417L,0.8877896276377429,4
ICBHI_172_1b4_TC_004,ICBHI_172_1b4_TC,ICBHI_172,1,ICBHI,AKGC417L,0.9121235618881308,4
ICBHI_172_1b4_TC_005,ICBHI_172_1b4_TC,ICBHI_172,1,ICBHI,AKGC417L,0.0211251918959482,4
ICBHI_172_1b4_TC_006,ICBHI_172_1b4_TC,ICBHI_172,1,ICBHI,AKGC417L,0.420599591095013,4
ICBHI_172_1b5_AL_000,ICBHI_172_1b5_AL,ICBHI_172,1,ICBHI,AKGC417L,0.9724670607386878,4
ICBHI_172_1b5_AL_001,ICBHI_172_1b5_AL,ICBHI_172,1,ICBHI,AKGC417L,0.9783019028763682,4
ICBHI_172_1b5_AL_002,ICBHI_172_1b5_AL,ICBHI_172,1,ICBHI,AKGC417L,0.9792352612370644,4
ICBHI_172_1b5_AL_003,ICBHI_172_1b5_AL,ICBHI_172,1,ICBHI,AKGC417L,0.976535343307368,4
ICBHI_172_1b5_AL_004,ICBHI_172_1b5_AL,ICBHI_172,1,ICBHI,AKGC417L,0.9764456684220548,4
ICBHI_172_1b5_AL_005,ICBHI_172_1b5_AL,ICBHI_172,1,ICBHI,AKGC417L,0.9803562393224404,4
ICBHI_172_1b5_AL_006,ICBHI_172_1b5_AL,ICBHI_172,1,ICBHI,AKGC417L,0.9787938797980108,4
ICBHI_172_1b5_AR_000,ICBHI_172_1b5_AR,ICBHI_172,1,ICBHI,AKGC417L,0.8438951025545426,4
ICBHI_172_1b5_AR_001,ICBHI_172_1b5_AR,ICBHI_172,1,ICBHI,AKGC417L,0.978343323718742,4
ICBHI_172_1b5_AR_002,ICBHI_172_1b5_AR,ICBHI_172,1,ICBHI,AKGC417L,0.9735442241838218,4
ICBHI_172_1b5_AR_003,ICBHI_172_1b5_AR,ICBHI_172,1,ICBHI,AKGC417L,0.9830850867332734,4
ICBHI_172_1b5_AR_004,ICBHI_172_1b5_AR,ICBHI_172,1,ICBHI,AKGC417L,0.9724670607386878,4
ICBHI_172_1b5_AR_005,ICBHI_172_1b5_AR,ICBHI_172,1,ICBHI,AKGC417L,0.943243103543508,4
ICBHI_172_1b5_AR_006,ICBHI_172_1b5_AR,ICBHI_172,1,ICBHI,AKGC417L,0.9818752792555312,4
ICBHI_172_1b5_LL_000,ICBHI_172_1b5_LL,ICBHI_172,1,ICBHI,AKGC417L,0.9832145101099364,4
ICBHI_172_1b5_LL_001,ICBHI_172_1b5_LL,ICBHI_172,1,ICBHI,AKGC417L,0.9822196099268892,4
ICBHI_172_1b5_LL_002,ICBHI_172_1b5_LL,ICBHI_172,1,ICBHI,AKGC417L,0.982151261550011,4
ICBHI_172_1b5_LL_003,ICBHI_172_1b5_LL,ICBHI_172,1,ICBHI,AKGC417L,0.9830850867332734,4
ICBHI_172_1b5_LL_004,ICBHI_172_1b5_LL,ICBHI_172,1,ICBHI,AKGC417L,0.9832145101099364,4
ICBHI_172_1b5_LL_005,ICBHI_172_1b5_LL,ICBHI_172,1,ICBHI,AKGC417L,0.983342959990771,4
ICBHI_172_1b5_LL_006,ICBHI_172_1b5_LL,ICBHI_172,1,ICBHI,AKGC417L,0.9831499205521024,4
ICBHI_172_1b5_LR_000,ICBHI_172_1b5_LR,ICBHI_172,1,ICBHI,AKGC417L,0.9919067101026268,4
ICBHI_172_1b5_LR_001,ICBHI_172_1b5_LR,ICBHI_172,1,ICBHI,AKGC417L,0.9942919660808864,4
ICBHI_172_1b5_LR_002,ICBHI_172_1b5_LR,ICBHI_172,1,ICBHI,AKGC417L,0.978631112244824,4
ICBHI_172_1b5_LR_003,ICBHI_172_1b5_LR,ICBHI_172,1,ICBHI,AKGC417L,0.985990433713597,4
ICBHI_172_1b5_LR_004,ICBHI_172_1b5_LR,ICBHI_172,1,ICBHI,AKGC417L,0.9935368622818452,4
ICBHI_172_1b5_LR_005,ICBHI_172_1b5_LR,ICBHI_172,1,ICBHI,AKGC417L,0.9923043528216078,4
ICBHI_172_1b5_LR_006,ICBHI_172_1b5_LR,ICBHI_172,1,ICBHI,AKGC417L,0.9943140930647724,4
ICBHI_172_1b5_PL_000,ICBHI_172_1b5_PL,ICBHI_172,1,ICBHI,AKGC417L,0.9913558220632764,4
ICBHI_172_1b5_PL_001,ICBHI_172_1b5_PL,ICBHI_172,1,ICBHI,AKGC417L,0.9913222832950108,4
ICBHI_172_1b5_PL_002,ICBHI_172_1b5_PL,ICBHI_172,1,ICBHI,AKGC417L,0.9929335990367508,4
ICBHI_172_1b5_PL_003,ICBHI_172_1b5_PL,ICBHI_172,1,ICBHI,AKGC417L,0.9948403768236574,4
ICBHI_172_1b5_PL_004,ICBHI_172_1b5_PL,ICBHI_172,1,ICBHI,AKGC417L,0.994698105130598,4
ICBHI_172_1b5_PL_005,ICBHI_172_1b5_PL,ICBHI_172,1,ICBHI,AKGC417L,0.99440175138534,4
ICBHI_172_1b5_PL_006,ICBHI_172_1b5_PL,ICBHI_172,1,ICBHI,AKGC417L,0.9939730484115986,4
ICBHI_172_1b5_PR_000,ICBHI_172_1b5_PR,ICBHI_172,1,ICBHI,AKGC417L,0.9694979473172858,4
ICBHI_172_1b5_PR_001,ICBHI_172_1b5_PR,ICBHI_172,1,ICBHI,AKGC417L,0.9731898041004328,4
ICBHI_172_1b5_PR_002,ICBHI_172_1b5_PR,ICBHI_172,1,ICBHI,AKGC417L,0.9748690530618772,4
ICBHI_172_1b5_PR_003,ICBHI_172_1b5_PR,ICBHI_172,1,ICBHI,AKGC417L,0.9764456684220548,4
ICBHI_172_1b5_PR_004,ICBHI_172_1b5_PR,ICBHI_172,1,ICBHI,AKGC417L,0.9717790128704672,4
ICBHI_172_1b5_PR_005,ICBHI_172_1b5_PR,ICBHI_172,1,ICBHI,AKGC417L,0.9732407168145568,4
ICBHI_172_1b5_PR_006,ICBHI_172_1b5_PR,ICBHI_172,1,ICBHI,AKGC417L,0.9745803476190712,4
ICBHI_172_1b5_TC_000,ICBHI_172_1b5_TC,ICBHI_172,1,ICBHI,AKGC417L,0.9282788756737624,4
ICBHI_172_1b5_TC_001,ICBHI_172_1b5_TC,ICBHI_172,1,ICBHI,AKGC417L,0.9464978508046772,4
ICBHI_172_1b5_TC_002,ICBHI_172_1b5_TC,ICBHI_172,1,ICBHI,AKGC417L,0.2441827280915983,4
ICBHI_172_1b5_TC_003,ICBHI_172_1b5_TC,ICBHI_172,1,ICBHI,AKGC417L,0.4367421523996335,4
ICBHI_172_1b5_TC_004,ICBHI_172_1b5_TC,ICBHI_172,1,ICBHI,AKGC417L,0.896975571673783,4
ICBHI_172_1b5_TC_005,ICBHI_172_1b5_TC,ICBHI_172,1,ICBHI,AKGC417L,0.8693822533293992,4
ICBHI_172_1b5_TC_006,ICBHI_172_1b5_TC,ICBHI_172,1,ICBHI,AKGC417L,0.9385759599453296,4
ICBHI_172_2b5_AL_000,ICBHI_172_2b5_AL,ICBHI_172,1,ICBHI,AKGC417L,0.9061560406079822,4
ICBHI_172_2b5_AL_001,ICBHI_172_2b5_AL,ICBHI_172,1,ICBHI,AKGC417L,0.9082930373547222,4
ICBHI_172_2b5_AL_002,ICBHI_172_2b5_AL,ICBHI_172,1,ICBHI,AKGC417L,0.9113376495526664,4
ICBHI_172_2b5_AL_003,ICBHI_172_2b5_AL,ICBHI_172,1,ICBHI,AKGC417L,0.893495410982761,4
ICBHI_172_2b5_AL_004,ICBHI_172_2b5_AL,ICBHI_172,1,ICBHI,AKGC417L,0.9125920825087166,4
ICBHI_172_2b5_AL_005,ICBHI_172_2b5_AL,ICBHI_172,1,ICBHI,AKGC417L,0.9170058516477309,4
ICBHI_172_2b5_AL_006,ICBHI_172_2b5_AL,ICBHI_172,1,ICBHI,AKGC417L,0.9287972729281414,4
ICBHI_172_2b5_AR_000,ICBHI_172_2b5_AR,ICBHI_172,1,ICBHI,AKGC417L,0.7869504679291749,4
ICBHI_172_2b5_AR_001,ICBHI_172_2b5_AR,ICBHI_172,1,ICBHI,AKGC417L,0.0008426423087564,4
ICBHI_172_2b5_AR_002,ICBHI_172_2b5_AR,ICBHI_172,1,ICBHI,AKGC417L,0.0014048677545435,4
ICBHI_172_2b5_AR_003,ICBHI_172_2b5_AR,ICBHI_172,1,ICBHI,AKGC417L,0.9748690530618772,4
ICBHI_172_2b5_AR_004,ICBHI_172_2b5_AR,ICBHI_172,1,ICBHI,AKGC417L,0.9752490288267888,4
ICBHI_172_2b5_AR_005,ICBHI_172_2b5_AR,ICBHI_172,1,ICBHI,AKGC417L,0.8622356954546928,4
ICBHI_172_2b5_AR_006,ICBHI_172_2b5_AR,ICBHI_172,1,ICBHI,AKGC417L,0.9227612136829396,4
ICBHI_172_2b5_LR_000,ICBHI_172_2b5_LR,ICBHI_172,1,ICBHI,AKGC417L,0.9646559219424472,4
ICBHI_172_2b5_LR_001,ICBHI_172_2b5_LR,ICBHI_172,1,ICBHI,AKGC417L,0.9628132248397596,4
ICBHI_172_2b5_LR_002,ICBHI_172_2b5_LR,ICBHI_172,1,ICBHI,AKGC417L,0.9658995742876884,4
ICBHI_172_2b5_LR_003,ICBHI_172_2b5_LR,ICBHI_172,1,ICBHI,AKGC417L,0.9637117023352416,4
ICBHI_172_2b5_LR_004,ICBHI_172_2b5_LR,ICBHI_172,1,ICBHI,AKGC417L,0.9692660692486924,4
ICBHI_172_2b5_LR_005,ICBHI_172_2b5_LR,ICBHI_172,1,ICBHI,AKGC417L,0.975390071374038,4
ICBHI_172_2b5_LR_006,ICBHI_172_2b5_LR,ICBHI_172,1,ICBHI,AKGC417L,0.955235687404285,4
ICBHI_172_2b5_PL_000,ICBHI_172_2b5_PL,ICBHI_172,1,ICBHI,AKGC417L,0.9920311850466846,4
ICBHI_172_2b5_PL_001,ICBHI_172_2b5_PL,ICBHI_172,1,ICBHI,AKGC417L,0.9971104189822264,4
ICBHI_172_2b5_PL_002,ICBHI_172_2b5_PL,ICBHI_172,1,ICBHI,AKGC417L,0.997030554704626,4
ICBHI_172_2b5_PL_003,ICBHI_172_2b5_PL,ICBHI_172,1,ICBHI,AKGC417L,0.996205165779956,4
ICBHI_172_2b5_PL_004,ICBHI_172_2b5_PL,ICBHI_172,1,ICBHI,AKGC417L,0.9947186660939475,4
ICBHI_172_2b5_PL_005,ICBHI_172_2b5_PL,ICBHI_172,1,ICBHI,AKGC417L,0.997042097231751,4
ICBHI_172_2b5_PL_006,ICBHI_172_2b5_PL,ICBHI_172,1,ICBHI,AKGC417L,0.995336345047618,4
ICBHI_172_2b5_PR_000,ICBHI_172_2b5_PR,ICBHI_172,1,ICBHI,AKGC417L,0.9781354435078864,4
ICBHI_172_2b5_PR_001,ICBHI_172_2b5_PR,ICBHI_172,1,ICBHI,AKGC417L,0.9835338249524974,4
ICBHI_172_2b5_PR_002,ICBHI_172_2b5_PR,ICBHI_172,1,ICBHI,AKGC417L,0.9828232909876816,4
ICBHI_172_2b5_PR_003,ICBHI_172_2b5_PR,ICBHI_172,1,ICBHI,AKGC417L,0.9841546388118628,4
ICBHI_172_2b5_PR_004,ICBHI_172_2b5_PR,ICBHI_172,1,ICBHI,AKGC417L,0.9834068220804096,4
ICBHI_172_2b5_PR_005,ICBHI_172_2b5_PR,ICBHI_172,1,ICBHI,AKGC417L,0.983278856294558,4
ICBHI_172_2b5_PR_006,ICBHI_172_2b5_PR,ICBHI_172,1,ICBHI,AKGC417L,0.9845160126963748,4
ICBHI_172_2b5_TC_000,ICBHI_172_2b5_TC,ICBHI_172,1,ICBHI,AKGC417L,0.8830344094536157,4
ICBHI_172_2b5_TC_001,ICBHI_172_2b5_TC,ICBHI_172,1,ICBHI,AKGC417L,0.8756807181474986,4
ICBHI_172_2b5_TC_002,ICBHI_172_2b5_TC,ICBHI_172,1,ICBHI,AKGC417L,0.8816149031928324,4
ICBHI_172_2b5_TC_003,ICBHI_172_2b5_TC,ICBHI_172,1,ICBHI,AKGC417L,0.9389128927122936,4
ICBHI_172_2b5_TC_004,ICBHI_172_2b5_TC,ICBHI_172,1,ICBHI,AKGC417L,0.9690910414827888,4
ICBHI_172_2b5_TC_005,ICBHI_172_2b5_TC,ICBHI_172,1,ICBHI,AKGC417L,0.9782188286685004,4
ICBHI_172_2b5_TC_006,ICBHI_172_2b5_TC,ICBHI_172,1,ICBHI,AKGC417L,0.9881766051636294,4
ICBHI_181_1b1_AR_000,ICBHI_181_1b1_AR,ICBHI_181,1,ICBHI,LittC2SE,0.9951136252099114,4
ICBHI_181_1b1_AR_001,ICBHI_181_1b1_AR,ICBHI_181,1,ICBHI,LittC2SE,0.9966365075048124,4
ICBHI_181_1b1_AR_002,ICBHI_181_1b1_AR,ICBHI_181,1,ICBHI,LittC2SE,0.9960392124697902,4
ICBHI_181_1b1_AR_003,ICBHI_181_1b1_AR,ICBHI_181,1,ICBHI,LittC2SE,0.9956853120436374,4
ICBHI_181_1b1_AR_004,ICBHI_181_1b1_AR,ICBHI_181,1,ICBHI,LittC2SE,0.9971439874741472,4
ICBHI_181_1b1_AR_005,ICBHI_181_1b1_AR,ICBHI_181,1,ICBHI,LittC2SE,0.9973785590538324,4
ICBHI_181_1b1_AR_006,ICBHI_181_1b1_AR,ICBHI_181,1,ICBHI,LittC2SE,0.9959927110540886,4
ICBHI_181_1b1_TC_000,ICBHI_181_1b1_TC,ICBHI_181,1,ICBHI,LittC2SE,0.9946774645488872,4
ICBHI_181_1b1_TC_001,ICBHI_181_1b1_TC,ICBHI_181,1,ICBHI,LittC2SE,0.9935117304033434,4
ICBHI_181_1b1_TC_002,ICBHI_181_1b1_TC,ICBHI_181,1,ICBHI,LittC2SE,0.990659975614946,4
ICBHI_181_1b1_TC_003,ICBHI_181_1b1_TC,ICBHI_181,1,ICBHI,LittC2SE,0.992000245491622,4
ICBHI_181_1b1_TC_004,ICBHI_181_1b1_TC,ICBHI_181,1,ICBHI,LittC2SE,0.9954791819538288,4
ICBHI_181_1b1_TC_005,ICBHI_181_1b1_TC,ICBHI_181,1,ICBHI,LittC2SE,0.9930693283432538,4
ICBHI_181_1b1_TC_006,ICBHI_181_1b1_TC,ICBHI_181,1,ICBHI,LittC2SE,0.991049288563118,4
ICBHI_181_1b2_AR_000,ICBHI_181_1b2_AR,ICBHI_181,1,ICBHI,LittC2SE,0.9954967275829107,4
ICBHI_181_1b2_AR_001,ICBHI_181_1b2_AR,ICBHI_181,1,ICBHI,LittC2SE,0.996234586215326,4
ICBHI_181_1b2_AR_002,ICBHI_181_1b2_AR,ICBHI_181,1,ICBHI,LittC2SE,0.9979492564600826,4
ICBHI_181_1b2_AR_003,ICBHI_181_1b2_AR,ICBHI_181,1,ICBHI,LittC2SE,0.9951514669095514,4
ICBHI_181_1b2_AR_004,ICBHI_181_1b2_AR,ICBHI_181,1,ICBHI,LittC2SE,0.9954967275829107,4
ICBHI_181_1b2_AR_005,ICBHI_181_1b2_AR,ICBHI_181,1,ICBHI,LittC2SE,0.9966365075048124,4
ICBHI_181_1b2_AR_006,ICBHI_181_1b2_AR,ICBHI_181,1,ICBHI,LittC2SE,0.9950177302695786,4
ICBHI_181_1b3_TC_000,ICBHI_181_1b3_TC,ICBHI_181,1,ICBHI,LittC2SE,0.9961606052199882,4
ICBHI_181_1b3_TC_001,ICBHI_181_1b3_TC,ICBHI_181,1,ICBHI,LittC2SE,0.9958337438789612,4
ICBHI_181_1b3_TC_002,ICBHI_181_1b3_TC,ICBHI_181,1,ICBHI,LittC2SE,0.9953724699521328,4
ICBHI_181_1b3_TC_003,ICBHI_181_1b3_TC,ICBHI_181,1,ICBHI,LittC2SE,0.9958820823560408,4
ICBHI_181_1b3_TC_004,ICBHI_181_1b3_TC,ICBHI_181,1,ICBHI,LittC2SE,0.9961456361730884,4
ICBHI_181_1b3_TC_005,ICBHI_181_1b3_TC,ICBHI_181,1,ICBHI,LittC2SE,0.9973165601911425,4
ICBHI_181_1b3_TC_006,ICBHI_181_1b3_TC,ICBHI_181,1,ICBHI,LittC2SE,0.9972316144830862,4
ICBHI_192_2b1_AL_000,ICBHI_192_2b1_AL,ICBHI_192,1,ICBHI,LittC2SE,0.9967775156759976,4
ICBHI_192_2b1_AL_001,ICBHI_192_2b1_AL,ICBHI_192,1,ICBHI,LittC2SE,0.99463594330938,4
ICBHI_192_2b1_AL_002,ICBHI_192_2b1_AL,ICBHI_192,1,ICBHI,LittC2SE,0.9928785712542648,4
ICBHI_192_2b1_AL_003,ICBHI_192_2b1_AL,ICBHI_192,1,ICBHI,LittC2SE,0.9970878217168856,4
ICBHI_192_2b1_AL_004,ICBHI_192_2b1_AL,ICBHI_192,1,ICBHI,LittC2SE,0.9969126306542908,4
ICBHI_192_2b1_AL_005,ICBHI_192_2b1_AL,ICBHI_192,1,ICBHI,LittC2SE,0.9978510507163746,4
ICBHI_192_2b1_AL_006,ICBHI_192_2b1_AL,ICBHI_192,1,ICBHI,LittC2SE,0.99794124660115,4
ICBHI_192_2b1_AR_000,ICBHI_192_2b1_AR,ICBHI_192,1,ICBHI,LittC2SE,0.9922444632191524,4
ICBHI_192_2b1_AR_001,ICBHI_192_2b1_AR,ICBHI_192,1,ICBHI,LittC2SE,0.993636426303936,4
ICBHI_192_2b1_AR_002,ICBHI_192_2b1_AR,ICBHI_192,1,ICBHI,LittC2SE,0.9940659331606164,4
ICBHI_192_2b1_AR_003,ICBHI_192_2b1_AR,ICBHI_192,1,ICBHI,LittC2SE,0.9932811299991624,4
ICBHI_192_2b1_AR_004,ICBHI_192_2b1_AR,ICBHI_192,1,ICBHI,LittC2SE,0.992214345234632,4
ICBHI_192_2b1_AR_005,ICBHI_192_2b1_AR,ICBHI_192,1,ICBHI,LittC2SE,0.991554373058874,4
ICBHI_192_2b1_AR_006,ICBHI_192_2b1_AR,ICBHI_192,1,ICBHI,LittC2SE,0.9930423911926236,4
ICBHI_192_2b2_AL_000,ICBHI_192_2b2_AL,ICBHI_192,1,ICBHI,LittC2SE,0.9963641911822828,4
ICBHI_192_2b2_AL_001,ICBHI_192_2b2_AL,ICBHI_192,1,ICBHI,LittC2SE,0.9961456361730884,4
ICBHI_192_2b2_AL_002,ICBHI_192_2b2_AL,ICBHI_192,1,ICBHI,LittC2SE,0.9950563109218776,4
ICBHI_192_2b2_AL_003,ICBHI_192_2b2_AL,ICBHI_192,1,ICBHI,LittC2SE,0.994445075296309,4
ICBHI_192_2b2_AL_004,ICBHI_192_2b2_AL,ICBHI_192,1,ICBHI,LittC2SE,0.9949001816970466,4
ICBHI_192_2b2_AL_005,ICBHI_192_2b2_AL,ICBHI_192,1,ICBHI,LittC2SE,0.9942474549497629,4
ICBHI_192_2b2_AL_006,ICBHI_192_2b2_AL,ICBHI_192,1,ICBHI,LittC2SE,0.9948403768236574,4
ICBHI_192_2b2_AR_000,ICBHI_192_2b2_AR,ICBHI_192,1,ICBHI,LittC2SE,0.9926541734255228,4
ICBHI_192_2b2_AR_001,ICBHI_192_2b2_AR,ICBHI_192,1,ICBHI,LittC2SE,0.9924227587321393,4
ICBHI_192_2b2_AR_002,ICBHI_192_2b2_AR,ICBHI_192,1,ICBHI,LittC2SE,0.9929335990367508,4
ICBHI_192_2b2_AR_003,ICBHI_192_2b2_AR,ICBHI_192,1,ICBHI,LittC2SE,0.991422514586288,4
ICBHI_192_2b2_AR_004,ICBHI_192_2b2_AR,ICBHI_192,1,ICBHI,LittC2SE,0.992000245491622,4
ICBHI_192_2b2_AR_005,ICBHI_192_2b2_AR,ICBHI_192,1,ICBHI,LittC2SE,0.9913892323324892,4
ICBHI_192_2b2_AR_006,ICBHI_192_2b2_AR,ICBHI_192,1,ICBHI,LittC2SE,0.992000245491622,4
ICBHI_192_2b3_AL_000,ICBHI_192_2b3_AL,ICBHI_192,1,ICBHI,LittC2SE,0.9946567440438504,4
ICBHI_192_2b3_AL_001,ICBHI_192_2b3_AL,ICBHI_192,1,ICBHI,LittC2SE,0.9968763514001466,4
ICBHI_192_2b3_AL_002,ICBHI_192_2b3_AL,ICBHI_192,1,ICBHI,LittC2SE,0.9960237720255248,4
ICBHI_192_2b3_AL_003,ICBHI_192_2b3_AL,ICBHI_192,1,ICBHI,LittC2SE,0.9969839337826156,4
ICBHI_192_2b3_AL_004,ICBHI_192_2b3_AL,ICBHI_192,1,ICBHI,LittC2SE,0.9977038409935028,4
ICBHI_192_2b3_AL_005,ICBHI_192_2b3_AL,ICBHI_192,1,ICBHI,LittC2SE,0.9968396471849288,4
ICBHI_192_2b3_AL_006,ICBHI_192_2b3_AL,ICBHI_192,1,ICBHI,LittC2SE,0.9959927110540886,4
ICBHI_192_2b3_AR_000,ICBHI_192_2b3_AR,ICBHI_192,1,ICBHI,LittC2SE,0.9945940999219732,4
ICBHI_192_2b3_AR_001,ICBHI_192_2b3_AR,ICBHI_192,1,ICBHI,LittC2SE,0.9936116790902788,4
ICBHI_192_2b3_AR_002,ICBHI_192_2b3_AR,ICBHI_192,1,ICBHI,LittC2SE,0.9929609544025984,4
ICBHI_192_2b3_AR_003,ICBHI_192_2b3_AR,ICBHI_192,1,ICBHI,LittC2SE,0.9939496023117854,4
ICBHI_192_2b3_AR_004,ICBHI_192_2b3_AR,ICBHI_192,1,ICBHI,LittC2SE,0.994488065789193,4
ICBHI_192_2b3_AR_005,ICBHI_192_2b3_AR,ICBHI_192,1,ICBHI,LittC2SE,0.9948403768236574,4
ICBHI_192_2b3_AR_006,ICBHI_192_2b3_AR,ICBHI_192,1,ICBHI,LittC2SE,0.9940659331606164,4
ICBHI_204_2b5_AL_000,ICBHI_204_2b5_AL,ICBHI_204,1,ICBHI,AKGC417L,0.9729338243348664,4
ICBHI_204_2b5_AL_001,ICBHI_204_2b5_AL,ICBHI_204,1,ICBHI,AKGC417L,0.9674717764988552,4
ICBHI_204_2b5_AL_002,ICBHI_204_2b5_AL,ICBHI_204,1,ICBHI,AKGC417L,0.0027469009484408,4
ICBHI_204_2b5_AL_003,ICBHI_204_2b5_AL,ICBHI_204,1,ICBHI,AKGC417L,0.0015731121653489,4
ICBHI_204_2b5_AL_004,ICBHI_204_2b5_AL,ICBHI_204,1,ICBHI,AKGC417L,0.0028560125258528,4
ICBHI_204_2b5_AL_005,ICBHI_204_2b5_AL,ICBHI_204,1,ICBHI,AKGC417L,0.9583042305755448,4
ICBHI_204_2b5_AL_006,ICBHI_204_2b5_AL,ICBHI_204,1,ICBHI,AKGC417L,0.0015792594288013,4
ICBHI_204_2b5_AR_000,ICBHI_204_2b5_AR,ICBHI_204,1,ICBHI,AKGC417L,0.986878728873449,4
ICBHI_204_2b5_AR_001,ICBHI_204_2b5_AR,ICBHI_204,1,ICBHI,AKGC417L,0.9887987866239216,4
ICBHI_204_2b5_AR_002,ICBHI_204_2b5_AR,ICBHI_204,1,ICBHI,AKGC417L,0.9908034475769532,4
ICBHI_204_2b5_AR_003,ICBHI_204_2b5_AR,ICBHI_204,1,ICBHI,AKGC417L,0.9928231180543432,4
ICBHI_204_2b5_AR_004,ICBHI_204_2b5_AR,ICBHI_204,1,ICBHI,AKGC417L,0.9945307254013008,4
ICBHI_204_2b5_AR_005,ICBHI_204_2b5_AR,ICBHI_204,1,ICBHI,AKGC417L,0.9931760452132232,4
ICBHI_204_2b5_AR_006,ICBHI_204_2b5_AR,ICBHI_204,1,ICBHI,AKGC417L,0.9904406006529084,4
ICBHI_204_2b5_LL_000,ICBHI_204_2b5_LL,ICBHI_204,1,ICBHI,AKGC417L,0.9907677855954636,4
ICBHI_204_2b5_LL_001,ICBHI_204_2b5_LL,ICBHI_204,1,ICBHI,AKGC417L,0.9878058669624096,4
ICBHI_204_2b5_LL_002,ICBHI_204_2b5_LL,ICBHI_204,1,ICBHI,AKGC417L,0.9903663476405536,4
ICBHI_204_2b5_LL_003,ICBHI_204_2b5_LL,ICBHI_204,1,ICBHI,AKGC417L,0.9876638995791304,4
ICBHI_204_2b5_LL_004,ICBHI_204_2b5_LL,ICBHI_204,1,ICBHI,AKGC417L,0.9837225390872864,4
ICBHI_204_2b5_LL_005,ICBHI_204_2b5_LL,ICBHI_204,1,ICBHI,AKGC417L,0.9887119261007692,4
ICBHI_204_2b5_LL_006,ICBHI_204_2b5_LL,ICBHI_204,1,ICBHI,AKGC417L,0.9846936454393052,4
ICBHI_204_7p5_AL_000,ICBHI_204_7p5_AL,ICBHI_204,1,ICBHI,AKGC417L,0.9820826552325288,4
ICBHI_204_7p5_AL_001,ICBHI_204_7p5_AL,ICBHI_204,1,ICBHI,AKGC417L,0.9840936082881852,4
ICBHI_204_7p5_AL_002,ICBHI_204_7p5_AL,ICBHI_204,1,ICBHI,AKGC417L,0.985990433713597,4
ICBHI_204_7p5_AL_003,ICBHI_204_7p5_AL,ICBHI_204,1,ICBHI,AKGC417L,0.9858276338086984,4
ICBHI_204_7p5_AL_004,ICBHI_204_7p5_AL,ICBHI_204,1,ICBHI,AKGC417L,0.985496420308618,4
ICBHI_204_7p5_AL_005,ICBHI_204_7p5_AL,ICBHI_204,1,ICBHI,AKGC417L,0.983847165177859,4
ICBHI_204_7p5_AL_006,ICBHI_204_7p5_AL,ICBHI_204,1,ICBHI,AKGC417L,0.9836598719063984,4
ICBHI_204_7p5_AR_000,ICBHI_204_7p5_AR,ICBHI_204,1,ICBHI,AKGC417L,0.9852713861502774,4
ICBHI_204_7p5_AR_001,ICBHI_204_7p5_AR,ICBHI_204,1,ICBHI,AKGC417L,0.9871787857334058,4
ICBHI_204_7p5_AR_002,ICBHI_204_7p5_AR,ICBHI_204,1,ICBHI,AKGC417L,0.9871787857334058,4
ICBHI_204_7p5_AR_003,ICBHI_204_7p5_AR,ICBHI_204,1,ICBHI,AKGC417L,0.9856076636305632,4
ICBHI_204_7p5_AR_004,ICBHI_204_7p5_AR,ICBHI_204,1,ICBHI,AKGC417L,0.98636316471857,4
ICBHI_204_7p5_AR_005,ICBHI_204_7p5_AR,ICBHI_204,1,ICBHI,AKGC417L,0.985990433713597,4
ICBHI_204_7p5_AR_006,ICBHI_204_7p5_AR,ICBHI_204,1,ICBHI,AKGC417L,0.985882106574795,4
ICBHI_204_7p5_LL_000,ICBHI_204_7p5_LL,ICBHI_204,1,ICBHI,AKGC417L,0.9758085141318648,4
ICBHI_204_7p5_LL_001,ICBHI_204_7p5_LL,ICBHI_204,1,ICBHI,AKGC417L,0.9776712170898904,4
ICBHI_204_7p5_LL_002,ICBHI_204_7p5_LL,ICBHI_204,1,ICBHI,AKGC417L,0.977756332416123,4
ICBHI_204_7p5_LL_003,ICBHI_204_7p5_LL,ICBHI_204,1,ICBHI,AKGC417L,0.9762200155633391,4
ICBHI_204_7p5_LL_004,ICBHI_204_7p5_LL,ICBHI_204,1,ICBHI,AKGC417L,0.9753431444580398,4
ICBHI_204_7p5_LL_005,ICBHI_204_7p5_LL,ICBHI_204,1,ICBHI,AKGC417L,0.9773707999669629,4
ICBHI_204_7p5_LL_006,ICBHI_204_7p5_LL,ICBHI_204,1,ICBHI,AKGC417L,0.9776285401622384,4
ICBHI_204_7p5_LR_000,ICBHI_204_7p5_LR,ICBHI_204,1,ICBHI,AKGC417L,0.978093633973752,4
ICBHI_204_7p5_LR_001,ICBHI_204_7p5_LR,ICBHI_204,1,ICBHI,AKGC417L,0.9817707096048712,4
ICBHI_204_7p5_LR_002,ICBHI_204_7p5_LR,ICBHI_204,1,ICBHI,AKGC417L,0.980765741038007,4
ICBHI_204_7p5_LR_003,ICBHI_204_7p5_LR,ICBHI_204,1,ICBHI,AKGC417L,0.979899764423248,4
ICBHI_204_7p5_LR_004,ICBHI_204_7p5_LR,ICBHI_204,1,ICBHI,AKGC417L,0.9813821977381684,4
ICBHI_204_7p5_LR_005,ICBHI_204_7p5_LR,ICBHI_204,1,ICBHI,AKGC417L,0.9807288620802312,4
ICBHI_204_7p5_LR_006,ICBHI_204_7p5_LR,ICBHI_204,1,ICBHI,AKGC417L,0.9814178501043472,4
ICBHI_204_7p5_PR_000,ICBHI_204_7p5_PR,ICBHI_204,1,ICBHI,AKGC417L,0.9783019028763682,4
ICBHI_204_7p5_PR_001,ICBHI_204_7p5_PR,ICBHI_204,1,ICBHI,AKGC417L,0.979393523864564,4
ICBHI_204_7p5_PR_002,ICBHI_204_7p5_PR,ICBHI_204,1,ICBHI,AKGC417L,0.9781354435078864,4
ICBHI_204_7p5_PR_003,ICBHI_204_7p5_PR,ICBHI_204,1,ICBHI,AKGC417L,0.974288412990169,4
ICBHI_204_7p5_PR_004,ICBHI_204_7p5_PR,ICBHI_204,1,ICBHI,AKGC417L,0.9745319170136324,4
ICBHI_204_7p5_PR_005,ICBHI_204_7p5_PR,ICBHI_204,1,ICBHI,AKGC417L,0.9770226300899744,4
ICBHI_204_7p5_PR_006,ICBHI_204_7p5_PR,ICBHI_204,1,ICBHI,AKGC417L,0.9801672891959912,4
ICBHI_204_7p5_TC_000,ICBHI_204_7p5_TC,ICBHI_204,1,ICBHI,AKGC417L,0.9836598719063984,4
ICBHI_204_7p5_TC_001,ICBHI_204_7p5_TC,ICBHI_204,1,ICBHI,AKGC417L,0.9872772918000768,4
ICBHI_204_7p5_TC_002,ICBHI_204_7p5_TC,ICBHI_204,1,ICBHI,AKGC417L,0.9854404813796804,4
ICBHI_204_7p5_TC_003,ICBHI_204_7p5_TC,ICBHI_204,1,ICBHI,AKGC417L,0.98504291340685,4
ICBHI_204_7p5_TC_004,ICBHI_204_7p5_TC,ICBHI_204,1,ICBHI,AKGC417L,0.9849273716910544,4
ICBHI_204_7p5_TC_005,ICBHI_204_7p5_TC,ICBHI_204,1,ICBHI,AKGC417L,0.983596967483837,4
ICBHI_204_7p5_TC_006,ICBHI_204_7p5_TC,ICBHI_204,1,ICBHI,AKGC417L,0.9859363729567544,4
ICBHI_205_1b3_AL_000,ICBHI_205_1b3_AL,ICBHI_205,1,ICBHI,AKGC417L,0.9482504601248406,4
ICBHI_205_1b3_AL_001,ICBHI_205_1b3_AL,ICBHI_205,1,ICBHI,AKGC417L,0.9706877692486436,4
ICBHI_205_1b3_AL_002,ICBHI_205_1b3_AL,ICBHI_205,1,ICBHI,AKGC417L,0.9752961303267708,4
ICBHI_205_1b3_AL_003,ICBHI_205_1b3_AL,ICBHI_205,1,ICBHI,AKGC417L,0.9755769099458927,4
ICBHI_205_1b3_AL_004,ICBHI_205_1b3_AL,ICBHI_205,1,ICBHI,AKGC417L,0.9853279650847626,4
ICBHI_205_1b3_AL_005,ICBHI_205_1b3_AL,ICBHI_205,1,ICBHI,AKGC417L,0.979589692299694,4
ICBHI_205_1b3_AL_006,ICBHI_205_1b3_AL,ICBHI_205,1,ICBHI,AKGC417L,0.9818056317790944,4
ICBHI_205_1b3_AR_000,ICBHI_205_1b3_AR,ICBHI_205,1,ICBHI,AKGC417L,0.8327813311689884,4
ICBHI_205_1b3_AR_001,ICBHI_205_1b3_AR,ICBHI_205,1,ICBHI,AKGC417L,0.9141375437004452,4
ICBHI_205_1b3_AR_002,ICBHI_205_1b3_AR,ICBHI_205,1,ICBHI,AKGC417L,0.9105453978311192,4
ICBHI_205_1b3_AR_003,ICBHI_205_1b3_AR,ICBHI_205,1,ICBHI,AKGC417L,0.9377830186906096,4
ICBHI_205_1b3_AR_004,ICBHI_205_1b3_AR,ICBHI_205,1,ICBHI,AKGC417L,0.9388007742267246,4
ICBHI_205_1b3_AR_005,ICBHI_205_1b3_AR,ICBHI_205,1,ICBHI,AKGC417L,0.9114953379300658,4
ICBHI_205_1b3_AR_006,ICBHI_205_1b3_AR,ICBHI_205,1,ICBHI,AKGC417L,0.9457010633730656,4
ICBHI_205_1b3_LL_000,ICBHI_205_1b3_LL,ICBHI_205,1,ICBHI,AKGC417L,0.9476723731536068,4
ICBHI_205_1b3_LL_001,ICBHI_205_1b3_LL,ICBHI_205,1,ICBHI,AKGC417L,0.9523973431900808,4
ICBHI_205_1b3_LL_002,ICBHI_205_1b3_LL,ICBHI_205,1,ICBHI,AKGC417L,0.9720986237904434,4
ICBHI_205_1b3_LL_003,ICBHI_205_1b3_LL,ICBHI_205,1,ICBHI,AKGC417L,0.967100958652035,4
ICBHI_205_1b3_LL_004,ICBHI_205_1b3_LL,ICBHI_205,1,ICBHI,AKGC417L,0.9498557486112288,4
ICBHI_205_1b3_LL_005,ICBHI_205_1b3_LL,ICBHI_205,1,ICBHI,AKGC417L,0.9697281305754024,4
ICBHI_205_1b3_LL_006,ICBHI_205_1b3_LL,ICBHI_205,1,ICBHI,AKGC417L,0.9776285401622384,4
ICBHI_205_1b3_LR_000,ICBHI_205_1b3_LR,ICBHI_205,1,ICBHI,AKGC417L,0.8987665192930021,4
ICBHI_205_1b3_LR_001,ICBHI_205_1b3_LR,ICBHI_205,1,ICBHI,AKGC417L,0.8803863363336775,4
ICBHI_205_1b3_LR_002,ICBHI_205_1b3_LR,ICBHI_205,1,ICBHI,AKGC417L,0.9504109770159684,4
ICBHI_205_1b3_LR_003,ICBHI_205_1b3_LR,ICBHI_205,1,ICBHI,AKGC417L,0.9843964652097964,4
ICBHI_205_1b3_LR_004,ICBHI_205_1b3_LR,ICBHI_205,1,ICBHI,AKGC417L,0.9853279650847626,4
ICBHI_205_1b3_LR_005,ICBHI_205_1b3_LR,ICBHI_205,1,ICBHI,AKGC417L,0.9808392914980092,4
ICBHI_205_1b3_LR_006,ICBHI_205_1b3_LR,ICBHI_205,1,ICBHI,AKGC417L,0.9836598719063984,4
ICBHI_205_1b3_PL_000,ICBHI_205_1b3_PL,ICBHI_205,1,ICBHI,AKGC417L,0.9731387971923422,4
ICBHI_205_1b3_PL_001,ICBHI_205_1b3_PL,ICBHI_205,1,ICBHI,AKGC417L,0.975946447105574,4
ICBHI_205_1b3_PL_002,ICBHI_205_1b3_PL,ICBHI_205,1,ICBHI,AKGC417L,0.9815244057904552,4
ICBHI_205_1b3_PL_003,ICBHI_205_1b3_PL,ICBHI_205,1,ICBHI,AKGC417L,0.981840488289738,4
ICBHI_205_1b3_PL_004,ICBHI_205_1b3_PL,ICBHI_205,1,ICBHI,AKGC417L,0.9784259335698816,4
ICBHI_205_1b3_PL_005,ICBHI_205_1b3_PL,ICBHI_205,1,ICBHI,AKGC417L,0.9739932150764022,4
ICBHI_205_1b3_PL_006,ICBHI_205_1b3_PL,ICBHI_205,1,ICBHI,AKGC417L,0.977197364031994,4
ICBHI_205_1b3_PR_000,ICBHI_205_1b3_PR,ICBHI_205,1,ICBHI,AKGC417L,0.9924520766240994,4
ICBHI_205_1b3_PR_001,ICBHI_205_1b3_PR,ICBHI_205,1,ICBHI,AKGC417L,0.9952816307449724,4
ICBHI_205_1b3_PR_002,ICBHI_205_1b3_PR,ICBHI_205,1,ICBHI,AKGC417L,0.993734466224161,4
ICBHI_205_1b3_PR_003,ICBHI_205_1b3_PR,ICBHI_205,1,ICBHI,AKGC417L,0.9939496023117854,4
ICBHI_205_1b3_PR_004,ICBHI_205_1b3_PR,ICBHI_205,1,ICBHI,AKGC417L,0.99440175138534,4
ICBHI_205_1b3_PR_005,ICBHI_205_1b3_PR,ICBHI_205,1,ICBHI,AKGC417L,0.9941118405241954,4
ICBHI_205_1b3_PR_006,ICBHI_205_1b3_PR,ICBHI_205,1,ICBHI,AKGC417L,0.993461175022765,4
ICBHI_205_2b2_PR_000,ICBHI_205_2b2_PR,ICBHI_205,1,ICBHI,AKGC417L,0.9768023732674584,4
ICBHI_205_2b2_PR_001,ICBHI_205_2b2_PR,ICBHI_205,1,ICBHI,AKGC417L,0.9796287059913455,4
ICBHI_205_2b2_PR_002,ICBHI_205_2b2_PR,ICBHI_205,1,ICBHI,AKGC417L,0.9800912115412156,4
ICBHI_205_2b2_PR_003,ICBHI_205_2b2_PR,ICBHI_205,1,ICBHI,AKGC417L,0.9793145407099588,4
ICBHI_205_2b2_PR_004,ICBHI_205_2b2_PR,ICBHI_205,1,ICBHI,AKGC417L,0.9787533019806788,4
ICBHI_205_2b2_PR_005,ICBHI_205_2b2_PR,ICBHI_205,1,ICBHI,AKGC417L,0.9799765587105448,4
ICBHI_205_2b2_PR_006,ICBHI_205_2b2_PR,ICBHI_205,1,ICBHI,AKGC417L,0.9793145407099588,4
ICBHI_205_2b3_AL_000,ICBHI_205_2b3_AL,ICBHI_205,1,ICBHI,AKGC417L,0.983847165177859,4
ICBHI_205_2b3_AL_001,ICBHI_205_2b3_AL,ICBHI_205,1,ICBHI,AKGC417L,0.981840488289738,4
ICBHI_205_2b3_AL_002,ICBHI_205_2b3_AL,ICBHI_205,1,ICBHI,AKGC417L,0.9763105287006256,4
ICBHI_205_2b3_AL_003,ICBHI_205_2b3_AL,ICBHI_205,1,ICBHI,AKGC417L,0.9792352612370644,4
ICBHI_205_2b3_AL_004,ICBHI_205_2b3_AL,ICBHI_205,1,ICBHI,AKGC417L,0.9801672891959912,4
ICBHI_205_2b3_AL_005,ICBHI_205_2b3_AL,ICBHI_205,1,ICBHI,AKGC417L,0.9704086268107062,4
ICBHI_205_2b3_AL_006,ICBHI_205_2b3_AL,ICBHI_205,1,ICBHI,AKGC417L,0.9616780264794544,4
ICBHI_205_2b3_AR_000,ICBHI_205_2b3_AR,ICBHI_205,1,ICBHI,AKGC417L,0.2808135558827241,4
ICBHI_205_2b3_AR_001,ICBHI_205_2b3_AR,ICBHI_205,1,ICBHI,AKGC417L,0.8006920020959544,4
ICBHI_205_2b3_AR_002,ICBHI_205_2b3_AR,ICBHI_205,1,ICBHI,AKGC417L,0.713830756042477,4
ICBHI_205_2b3_AR_003,ICBHI_205_2b3_AR,ICBHI_205,1,ICBHI,AKGC417L,0.8814109034236719,4
ICBHI_205_2b3_AR_004,ICBHI_205_2b3_AR,ICBHI_205,1,ICBHI,AKGC417L,0.8789390986973307,4
ICBHI_205_2b3_AR_005,ICBHI_205_2b3_AR,ICBHI_205,1,ICBHI,AKGC417L,0.9559813501370537,4
ICBHI_205_2b3_AR_006,ICBHI_205_2b3_AR,ICBHI_205,1,ICBHI,AKGC417L,0.977967735887304,4
ICBHI_205_2b3_LL_000,ICBHI_205_2b3_LL,ICBHI_205,1,ICBHI,AKGC417L,0.9372107914029488,4
ICBHI_205_2b3_LL_001,ICBHI_205_2b3_LL,ICBHI_205,1,ICBHI,AKGC417L,0.9388007742267246,4
ICBHI_205_2b3_LL_002,ICBHI_205_2b3_LL,ICBHI_205,1,ICBHI,AKGC417L,0.9492005402963102,4
ICBHI_205_2b3_LL_003,ICBHI_205_2b3_LL,ICBHI_205,1,ICBHI,AKGC417L,0.9568766292846294,4
ICBHI_205_2b3_LL_004,ICBHI_205_2b3_LL,ICBHI_205,1,ICBHI,AKGC417L,0.9489172630429474,4
ICBHI_205_2b3_LL_005,ICBHI_205_2b3_LL,ICBHI_205,1,ICBHI,AKGC417L,0.927363293639213,4
ICBHI_205_2b3_LL_006,ICBHI_205_2b3_LL,ICBHI_205,1,ICBHI,AKGC417L,0.9203612611724168,4
ICBHI_205_2b4_PL_000,ICBHI_205_2b4_PL,ICBHI_205,1,ICBHI,AKGC417L,0.9890130573694068,4
ICBHI_205_2b4_PL_001,ICBHI_205_2b4_PL,ICBHI_205,1,ICBHI,AKGC417L,0.9916519461902168,4
ICBHI_205_2b4_PL_002,ICBHI_205_2b4_PL,ICBHI_205,1,ICBHI,AKGC417L,0.9925103751011916,4
ICBHI_205_2b4_PL_003,ICBHI_205_2b4_PL,ICBHI_205,1,ICBHI,AKGC417L,0.9919067101026268,4
ICBHI_205_2b4_PL_004,ICBHI_205_2b4_PL,ICBHI_205,1,ICBHI,AKGC417L,0.9926256346917622,4
ICBHI_205_2b4_PL_005,ICBHI_205_2b4_PL,ICBHI_205,1,ICBHI,AKGC417L,0.9923933278354768,4
ICBHI_205_2b4_PL_006,ICBHI_205_2b4_PL,ICBHI_205,1,ICBHI,AKGC417L,0.993096161928778,4
ICBHI_205_3b4_AL_000,ICBHI_205_3b4_AL,ICBHI_205,1,ICBHI,AKGC417L,0.9915215980653224,4
ICBHI_205_3b4_AL_001,ICBHI_205_3b4_AL,ICBHI_205,1,ICBHI,AKGC417L,0.990944735813278,4
ICBHI_205_3b4_AL_002,ICBHI_205_3b4_AL,ICBHI_205,1,ICBHI,AKGC417L,0.9901019362839764,4
ICBHI_205_3b4_AL_003,ICBHI_205_3b4_AL,ICBHI_205,1,ICBHI,AKGC417L,0.9920620058985926,4
ICBHI_205_3b4_AL_004,ICBHI_205_3b4_AL,ICBHI_205,1,ICBHI,AKGC417L,0.9894702878753826,4
ICBHI_205_3b4_AL_005,ICBHI_205_3b4_AL,ICBHI_205,1,ICBHI,AKGC417L,0.9884026381763672,4
ICBHI_205_3b4_AL_006,ICBHI_205_3b4_AL,ICBHI_205,1,ICBHI,AKGC417L,0.9906960501316064,4
ICBHI_205_3b4_AR_000,ICBHI_205_3b4_AR,ICBHI_205,1,ICBHI,AKGC417L,0.7962924693012908,4
ICBHI_205_3b4_AR_001,ICBHI_205_3b4_AR,ICBHI_205,1,ICBHI,AKGC417L,0.9579122720843812,4
ICBHI_205_3b4_AR_002,ICBHI_205_3b4_AR,ICBHI_205,1,ICBHI,AKGC417L,0.971401639453534,4
ICBHI_205_3b4_AR_003,ICBHI_205_3b4_AR,ICBHI_205,1,ICBHI,AKGC417L,0.9856629695759892,4
ICBHI_205_3b4_AR_004,ICBHI_205_3b4_AR,ICBHI_205,1,ICBHI,AKGC417L,0.9722043774187548,4
ICBHI_205_3b4_AR_005,ICBHI_205_3b4_AR,ICBHI_205,1,ICBHI,AKGC417L,0.9548162433273092,4
ICBHI_205_3b4_AR_006,ICBHI_205_3b4_AR,ICBHI_205,1,ICBHI,AKGC417L,0.9834704434423458,4
ICBHI_205_3b4_PL_000,ICBHI_205_3b4_PL,ICBHI_205,1,ICBHI,AKGC417L,0.9811668701095654,4
ICBHI_205_3b4_PL_001,ICBHI_205_3b4_PL,ICBHI_205,1,ICBHI,AKGC417L,0.9862046355788148,4
ICBHI_205_3b4_PL_002,ICBHI_205_3b4_PL,ICBHI_205,1,ICBHI,AKGC417L,0.9867771782476948,4
ICBHI_205_3b4_PL_003,ICBHI_205_3b4_PL,ICBHI_205,1,ICBHI,AKGC417L,0.985882106574795,4
ICBHI_205_3b4_PL_004,ICBHI_205_3b4_PL,ICBHI_205,1,ICBHI,AKGC417L,0.9858276338086984,4
ICBHI_205_3b4_PL_005,ICBHI_205_3b4_PL,ICBHI_205,1,ICBHI,AKGC417L,0.988084978032852,4
ICBHI_205_3b4_PL_006,ICBHI_205_3b4_PL,ICBHI_205,1,ICBHI,AKGC417L,0.9882675360436518,4
ICBHI_205_3b4_PR_000,ICBHI_205_3b4_PR,ICBHI_205,1,ICBHI,AKGC417L,6.502816785764437e-05,4
ICBHI_205_3b4_PR_001,ICBHI_205_3b4_PR,ICBHI_205,1,ICBHI,AKGC417L,0.0002251682418562,4
ICBHI_205_3b4_PR_002,ICBHI_205_3b4_PR,ICBHI_205,1,ICBHI,AKGC417L,0.0003125878098696,4
ICBHI_205_3b4_PR_003,ICBHI_205_3b4_PR,ICBHI_205,1,ICBHI,AKGC417L,0.0002341358247763,4
ICBHI_205_3b4_PR_004,ICBHI_205_3b4_PR,ICBHI_205,1,ICBHI,AKGC417L,0.0002571419797957,4
ICBHI_205_3b4_PR_005,ICBHI_205_3b4_PR,ICBHI_205,1,ICBHI,AKGC417L,0.0003951153961901,4
ICBHI_205_3b4_PR_006,ICBHI_205_3b4_PR,ICBHI_205,1,ICBHI,AKGC417L,0.0008199321062135,4
ICBHI_205_4b2_AL_000,ICBHI_205_4b2_AL,ICBHI_205,1,ICBHI,AKGC417L,0.9854404813796804,4
ICBHI_205_4b2_AL_001,ICBHI_205_4b2_AL,ICBHI_205,1,ICBHI,AKGC417L,0.9844563520692292,4
ICBHI_205_4b2_AL_002,ICBHI_205_4b2_AL,ICBHI_205,1,ICBHI,AKGC417L,0.9788748081040518,4
ICBHI_205_4b2_AL_003,ICBHI_205_4b2_AL,ICBHI_205,1,ICBHI,AKGC417L,0.9816303618907108,4
ICBHI_205_4b2_AL_004,ICBHI_205_4b2_AL,ICBHI_205,1,ICBHI,AKGC417L,0.9835338249524974,4
ICBHI_205_4b2_AL_005,ICBHI_205_4b2_AL,ICBHI_205,1,ICBHI,AKGC417L,0.978631112244824,4
ICBHI_205_4b2_AL_006,ICBHI_205_4b2_AL,ICBHI_205,1,ICBHI,AKGC417L,0.9827572224423472,4
ICBHI_205_4b2_AR_000,ICBHI_205_4b2_AR,ICBHI_205,1,ICBHI,AKGC417L,0.7157221328534461,4
ICBHI_205_4b2_AR_001,ICBHI_205_4b2_AR,ICBHI_205,1,ICBHI,AKGC417L,0.0391951332032981,4
ICBHI_205_4b2_AR_002,ICBHI_205_4b2_AR,ICBHI_205,1,ICBHI,AKGC417L,0.9063219973254492,4
ICBHI_205_4b2_AR_003,ICBHI_205_4b2_AR,ICBHI_205,1,ICBHI,AKGC417L,0.9322068610768112,4
ICBHI_205_4b2_AR_004,ICBHI_205_4b2_AR,ICBHI_205,1,ICBHI,AKGC417L,0.9574372713515004,4
ICBHI_205_4b2_AR_005,ICBHI_205_4b2_AR,ICBHI_205,1,ICBHI,AKGC417L,0.968797182083676,4
ICBHI_205_4b2_AR_006,ICBHI_205_4b2_AR,ICBHI_205,1,ICBHI,AKGC417L,0.9458012701768144,4
ICBHI_205_4b2_LR_000,ICBHI_205_4b2_LR,ICBHI_205,1,ICBHI,AKGC417L,0.0002472934613244,4
ICBHI_205_4b2_LR_001,ICBHI_205_4b2_LR,ICBHI_205,1,ICBHI,AKGC417L,0.0002891032564081,4
ICBHI_205_4b2_LR_002,ICBHI_205_4b2_LR,ICBHI_205,1,ICBHI,AKGC417L,0.0002453694805426,4
ICBHI_205_4b2_LR_003,ICBHI_205_4b2_LR,ICBHI_205,1,ICBHI,AKGC417L,6.709224499600876e-05,4
ICBHI_205_4b2_LR_004,ICBHI_205_4b2_LR,ICBHI_205,1,ICBHI,AKGC417L,9.610241549947396e-05,4
ICBHI_205_4b2_LR_005,ICBHI_205_4b2_LR,ICBHI_205,1,ICBHI,AKGC417L,0.000852566641271,4
ICBHI_205_4b2_LR_006,ICBHI_205_4b2_LR,ICBHI_205,1,ICBHI,AKGC417L,0.0003275842978596,4
ICBHI_205_4b2_PL_000,ICBHI_205_4b2_PL,ICBHI_205,1,ICBHI,AKGC417L,0.9800148480052566,4
ICBHI_205_4b2_PL_001,ICBHI_205_4b2_PL,ICBHI_205,1,ICBHI,AKGC417L,0.9822196099268892,4
ICBHI_205_4b2_PL_002,ICBHI_205_4b2_PL,ICBHI_205,1,ICBHI,AKGC417L,0.9811668701095654,4
ICBHI_205_4b2_PL_003,ICBHI_205_4b2_PL,ICBHI_205,1,ICBHI,AKGC417L,0.9800912115412156,4
ICBHI_205_4b2_PL_004,ICBHI_205_4b2_PL,ICBHI_205,1,ICBHI,AKGC417L,0.982423116732664,4
ICBHI_205_4b2_PL_005,ICBHI_205_4b2_PL,ICBHI_205,1,ICBHI,AKGC417L,0.9814178501043472,4
ICBHI_205_4b2_PL_006,ICBHI_205_4b2_PL,ICBHI_205,1,ICBHI,AKGC417L,0.9839091258071756,4
ICBHI_205_4b2_PR_000,ICBHI_205_4b2_PR,ICBHI_205,1,ICBHI,AKGC417L,0.990944735813278,4
ICBHI_205_4b2_PR_001,ICBHI_205_4b2_PR,ICBHI_205,1,ICBHI,AKGC417L,0.995929862284104,4
ICBHI_205_4b2_PR_002,ICBHI_205_4b2_PR,ICBHI_205,1,ICBHI,AKGC417L,0.9912548183179648,4
ICBHI_205_4b2_PR_003,ICBHI_205_4b2_PR,ICBHI_205,1,ICBHI,AKGC417L,0.989908684514805,4
ICBHI_205_4b2_PR_004,ICBHI_205_4b2_PR,ICBHI_205,1,ICBHI,AKGC417L,0.9954615682752046,4
ICBHI_205_4b2_PR_005,ICBHI_205_4b2_PR,ICBHI_205,1,ICBHI,AKGC417L,0.9951890169673988,4
ICBHI_205_4b2_PR_006,ICBHI_205_4b2_PR,ICBHI_205,1,ICBHI,AKGC417L,0.9928508980334536,4
ICBHI_209_1b1_TC_000,ICBHI_209_1b1_TC,ICBHI_209,0,ICBHI,Meditron,0.1669468600644051,4
ICBHI_209_1b1_TC_001,ICBHI_209_1b1_TC,ICBHI_209,0,ICBHI,Meditron,4.365877959387133e-05,4
ICBHI_209_1b1_TC_002,ICBHI_209_1b1_TC,ICBHI_209,0,ICBHI,Meditron,5.349132895744941e-05,4
ICBHI_209_1b1_TC_003,ICBHI_209_1b1_TC,ICBHI_209,0,ICBHI,Meditron,0.0002323141886227,4
ICBHI_209_1b1_TC_004,ICBHI_209_1b1_TC,ICBHI_209,0,ICBHI,Meditron,0.0018102110262026,4
ICBHI_209_1b1_TC_005,ICBHI_209_1b1_TC,ICBHI_209,0,ICBHI,Meditron,0.0003225072119868,4
ICBHI_209_1b1_TC_006,ICBHI_209_1b1_TC,ICBHI_209,0,ICBHI,Meditron,5.266206644227076e-05,4
ICBHI_224_1b1_TC_000,ICBHI_224_1b1_TC,ICBHI_224,0,ICBHI,Meditron,0.061762708965031,4
ICBHI_224_1b1_TC_001,ICBHI_224_1b1_TC,ICBHI_224,0,ICBHI,Meditron,0.005179712770357,4
ICBHI_224_1b1_TC_002,ICBHI_224_1b1_TC,ICBHI_224,0,ICBHI,Meditron,0.0172427775576529,4
ICBHI_224_1b1_TC_003,ICBHI_224_1b1_TC,ICBHI_224,0,ICBHI,Meditron,0.9418684051353045,4
ICBHI_224_1b1_TC_004,ICBHI_224_1b1_TC,ICBHI_224,0,ICBHI,Meditron,0.7880943290824391,4
ICBHI_224_1b1_TC_005,ICBHI_224_1b1_TC,ICBHI_224,0,ICBHI,Meditron,0.5188356867866627,4
ICBHI_224_1b1_TC_006,ICBHI_224_1b1_TC,ICBHI_224,0,ICBHI,Meditron,0.42256420490295,4
ICBHI_224_1b2_AL_000,ICBHI_224_1b2_AL,ICBHI_224,0,ICBHI,Meditron,0.8279672966770677,4
ICBHI_224_1b2_AL_001,ICBHI_224_1b2_AL,ICBHI_224,0,ICBHI,Meditron,0.3340461078463715,4
ICBHI_224_1b2_AL_002,ICBHI_224_1b2_AL,ICBHI_224,0,ICBHI,Meditron,0.2999247435763423,4
ICBHI_224_1b2_AL_003,ICBHI_224_1b2_AL,ICBHI_224,0,ICBHI,Meditron,0.3313360638213141,4
ICBHI_224_1b2_AL_004,ICBHI_224_1b2_AL,ICBHI_224,0,ICBHI,Meditron,0.0772387863170602,4
ICBHI_224_1b2_AL_005,ICBHI_224_1b2_AL,ICBHI_224,0,ICBHI,Meditron,0.0113756002388376,4
ICBHI_224_1b2_AL_006,ICBHI_224_1b2_AL,ICBHI_224,0,ICBHI,Meditron,0.0007350448316939,4
