2026-09-26 14:33:25,041 INFO run_id=20260926T193325Z_141939 protocolo=holdout_cv_v3 model=cnn dataset=all experiment=all device=cuda:0 NVIDIA RTX A5500, 23.3 GiB libres de 23.5 GiB num_workers=0 smoke_test=False resume=False parametros=1205921
2026-09-26 14:33:25,054 INFO preparando ICBHI/no_dn (rama no_dn, augment=False, protocolo holdout_cv_v3)
2026-09-26 14:33:26,585 INFO log-mel ICBHI/cv/fold_00/no_dn: 500/4715
2026-09-26 14:33:27,173 INFO log-mel ICBHI/cv/fold_00/no_dn: 1000/4715
2026-09-26 14:33:27,752 INFO log-mel ICBHI/cv/fold_00/no_dn: 1500/4715
2026-09-26 14:33:28,344 INFO log-mel ICBHI/cv/fold_00/no_dn: 2000/4715
2026-09-26 14:33:28,915 INFO log-mel ICBHI/cv/fold_00/no_dn: 2500/4715
2026-09-26 14:33:29,487 INFO log-mel ICBHI/cv/fold_00/no_dn: 3000/4715
2026-09-26 14:33:30,060 INFO log-mel ICBHI/cv/fold_00/no_dn: 3500/4715
2026-09-26 14:33:30,633 INFO log-mel ICBHI/cv/fold_00/no_dn: 4000/4715
2026-09-26 14:33:31,211 INFO log-mel ICBHI/cv/fold_00/no_dn: 4500/4715
2026-09-26 14:33:31,456 INFO log-mel ICBHI/cv/fold_00/no_dn: 4715/4715
2026-09-26 14:33:32,112 INFO ICBHI/no_dn fold 0: log-mel no_dn listo en 7.0 s, forma (4715, 1, 64, 309)
2026-09-26 14:33:32,127 INFO ICBHI/no_dn fold 0: 57/15 pacientes train/validation, 20 de 20 configuracion(es) por evaluar
2026-09-26 14:33:35,017 INFO ICBHI/no_dn fold 0: config 0 (lr=0.0001, dropout=0.3) epoca 1: train_loss=0.6197 val_loss=0.5481 val_BA=0.900 mejor_epoca=1
2026-09-26 14:33:37,041 INFO ICBHI/no_dn fold 0: config 0 (lr=0.0001, dropout=0.3) epoca 2: train_loss=0.4025 val_loss=0.4255 val_BA=0.900 mejor_epoca=2
2026-09-26 14:33:39,068 INFO ICBHI/no_dn fold 0: config 0 (lr=0.0001, dropout=0.3) epoca 3: train_loss=0.2283 val_loss=0.2411 val_BA=1.000 mejor_epoca=3
2026-09-26 14:33:41,096 INFO ICBHI/no_dn fold 0: config 0 (lr=0.0001, dropout=0.3) epoca 4: train_loss=0.1221 val_loss=0.1592 val_BA=1.000 mejor_epoca=4
2026-09-26 14:33:43,125 INFO ICBHI/no_dn fold 0: config 0 (lr=0.0001, dropout=0.3) epoca 5: train_loss=0.0855 val_loss=0.1285 val_BA=1.000 mejor_epoca=5
2026-09-26 14:33:47,201 INFO ICBHI/no_dn fold 0: config 0 (lr=0.0001, dropout=0.3) epoca 7: train_loss=0.0506 val_loss=0.0972 val_BA=1.000 mejor_epoca=7
2026-09-26 14:33:53,357 INFO ICBHI/no_dn fold 0: config 0 (lr=0.0001, dropout=0.3) epoca 10: train_loss=0.0209 val_loss=0.0820 val_BA=0.900 mejor_epoca=7
2026-09-26 14:34:07,567 INFO ICBHI/no_dn fold 0: config 0 (lr=0.0001, dropout=0.3) epoca 17: train_loss=0.0043 val_loss=0.0529 val_BA=1.000 mejor_epoca=17
2026-09-26 14:34:13,677 INFO ICBHI/no_dn fold 0: config 0 (lr=0.0001, dropout=0.3) epoca 20: train_loss=0.0051 val_loss=0.1216 val_BA=0.900 mejor_epoca=17
2026-09-26 14:34:34,183 INFO ICBHI/no_dn fold 0: config 0 (lr=0.0001, dropout=0.3) epoca 30: train_loss=0.0264 val_loss=0.1540 val_BA=0.900 mejor_epoca=17
2026-09-26 14:34:38,310 INFO ICBHI/no_dn fold 0 config 0: OK val_BA=1.000 mejor_epoca=17 (1.1 min)
2026-09-26 14:34:40,338 INFO ICBHI/no_dn fold 0: config 1 (lr=0.0001, dropout=0.3) epoca 1: train_loss=0.5670 val_loss=0.5448 val_BA=0.650 mejor_epoca=1
2026-09-26 14:34:42,089 INFO ICBHI/no_dn fold 0: config 1 (lr=0.0001, dropout=0.3) epoca 2: train_loss=0.3841 val_loss=0.3165 val_BA=0.700 mejor_epoca=2
2026-09-26 14:34:43,840 INFO ICBHI/no_dn fold 0: config 1 (lr=0.0001, dropout=0.3) epoca 3: train_loss=0.2398 val_loss=1.1013 val_BA=0.750 mejor_epoca=3
2026-09-26 14:34:45,594 INFO ICBHI/no_dn fold 0: config 1 (lr=0.0001, dropout=0.3) epoca 4: train_loss=0.1624 val_loss=0.3006 val_BA=0.900 mejor_epoca=4
2026-09-26 14:34:47,350 INFO ICBHI/no_dn fold 0: config 1 (lr=0.0001, dropout=0.3) epoca 5: train_loss=0.1169 val_loss=0.2650 val_BA=1.000 mejor_epoca=5
2026-09-26 14:34:50,852 INFO ICBHI/no_dn fold 0: config 1 (lr=0.0001, dropout=0.3) epoca 7: train_loss=0.0678 val_loss=0.1829 val_BA=1.000 mejor_epoca=7
2026-09-26 14:34:56,114 INFO ICBHI/no_dn fold 0: config 1 (lr=0.0001, dropout=0.3) epoca 10: train_loss=0.0312 val_loss=0.1193 val_BA=0.900 mejor_epoca=7
2026-09-26 14:34:59,634 INFO ICBHI/no_dn fold 0: config 1 (lr=0.0001, dropout=0.3) epoca 12: train_loss=0.0212 val_loss=0.1661 val_BA=1.000 mejor_epoca=12
2026-09-26 14:35:01,395 INFO ICBHI/no_dn fold 0: config 1 (lr=0.0001, dropout=0.3) epoca 13: train_loss=0.0184 val_loss=0.1258 val_BA=1.000 mejor_epoca=13
2026-09-26 14:35:03,168 INFO ICBHI/no_dn fold 0: config 1 (lr=0.0001, dropout=0.3) epoca 14: train_loss=0.0164 val_loss=0.0878 val_BA=1.000 mejor_epoca=14
2026-09-26 14:35:08,452 INFO ICBHI/no_dn fold 0: config 1 (lr=0.0001, dropout=0.3) epoca 17: train_loss=0.0145 val_loss=0.0686 val_BA=1.000 mejor_epoca=17
2026-09-26 14:35:13,755 INFO ICBHI/no_dn fold 0: config 1 (lr=0.0001, dropout=0.3) epoca 20: train_loss=0.0113 val_loss=0.4147 val_BA=0.900 mejor_epoca=17
2026-09-26 14:35:31,428 INFO ICBHI/no_dn fold 0: config 1 (lr=0.0001, dropout=0.3) epoca 30: train_loss=0.0056 val_loss=0.1598 val_BA=0.800 mejor_epoca=17
2026-09-26 14:35:34,977 INFO ICBHI/no_dn fold 0 config 1: OK val_BA=1.000 mejor_epoca=17 (0.9 min)
2026-09-26 14:35:37,085 INFO ICBHI/no_dn fold 0: config 2 (lr=0.0001, dropout=0.4) epoca 1: train_loss=0.5866 val_loss=0.4958 val_BA=1.000 mejor_epoca=1
2026-09-26 14:35:40,766 INFO ICBHI/no_dn fold 0: config 2 (lr=0.0001, dropout=0.4) epoca 3: train_loss=0.1671 val_loss=0.3149 val_BA=1.000 mejor_epoca=3
2026-09-26 14:35:42,605 INFO ICBHI/no_dn fold 0: config 2 (lr=0.0001, dropout=0.4) epoca 4: train_loss=0.1263 val_loss=0.2282 val_BA=1.000 mejor_epoca=4
2026-09-26 14:35:44,441 INFO ICBHI/no_dn fold 0: config 2 (lr=0.0001, dropout=0.4) epoca 5: train_loss=0.0757 val_loss=0.1053 val_BA=1.000 mejor_epoca=5
2026-09-26 14:35:53,643 INFO ICBHI/no_dn fold 0: config 2 (lr=0.0001, dropout=0.4) epoca 10: train_loss=0.0215 val_loss=0.0864 val_BA=1.000 mejor_epoca=10
2026-09-26 14:36:11,959 INFO ICBHI/no_dn fold 0: config 2 (lr=0.0001, dropout=0.4) epoca 20: train_loss=0.0074 val_loss=0.0720 val_BA=1.000 mejor_epoca=20
2026-09-26 14:36:30,169 INFO ICBHI/no_dn fold 0: config 2 (lr=0.0001, dropout=0.4) epoca 30: train_loss=0.0215 val_loss=0.1267 val_BA=0.900 mejor_epoca=20
2026-09-26 14:36:39,306 INFO ICBHI/no_dn fold 0 config 2: OK val_BA=1.000 mejor_epoca=20 (1.1 min)
2026-09-26 14:36:41,603 INFO ICBHI/no_dn fold 0: config 3 (lr=0.0001, dropout=0.4) epoca 1: train_loss=0.6363 val_loss=0.6000 val_BA=0.800 mejor_epoca=1
2026-09-26 14:36:45,744 INFO ICBHI/no_dn fold 0: config 3 (lr=0.0001, dropout=0.4) epoca 3: train_loss=0.2251 val_loss=0.2176 val_BA=1.000 mejor_epoca=3
2026-09-26 14:36:49,873 INFO ICBHI/no_dn fold 0: config 3 (lr=0.0001, dropout=0.4) epoca 5: train_loss=0.1063 val_loss=0.1086 val_BA=1.000 mejor_epoca=5
2026-09-26 14:36:58,103 INFO ICBHI/no_dn fold 0: config 3 (lr=0.0001, dropout=0.4) epoca 9: train_loss=0.0281 val_loss=0.1006 val_BA=1.000 mejor_epoca=9
2026-09-26 14:37:00,169 INFO ICBHI/no_dn fold 0: config 3 (lr=0.0001, dropout=0.4) epoca 10: train_loss=0.0367 val_loss=0.0489 val_BA=1.000 mejor_epoca=10
2026-09-26 14:37:02,233 INFO ICBHI/no_dn fold 0: config 3 (lr=0.0001, dropout=0.4) epoca 11: train_loss=0.0248 val_loss=0.0471 val_BA=1.000 mejor_epoca=11
2026-09-26 14:37:06,361 INFO ICBHI/no_dn fold 0: config 3 (lr=0.0001, dropout=0.4) epoca 13: train_loss=0.0105 val_loss=0.0344 val_BA=1.000 mejor_epoca=13
2026-09-26 14:37:20,839 INFO ICBHI/no_dn fold 0: config 3 (lr=0.0001, dropout=0.4) epoca 20: train_loss=0.0057 val_loss=0.2054 val_BA=0.900 mejor_epoca=13
2026-09-26 14:37:37,476 INFO ICBHI/no_dn fold 0 config 3: OK val_BA=1.000 mejor_epoca=13 (1.0 min)
2026-09-26 14:37:39,564 INFO ICBHI/no_dn fold 0: config 4 (lr=0.0001, dropout=0.4) epoca 1: train_loss=0.5752 val_loss=0.3282 val_BA=0.700 mejor_epoca=1
2026-09-26 14:37:41,407 INFO ICBHI/no_dn fold 0: config 4 (lr=0.0001, dropout=0.4) epoca 2: train_loss=0.2973 val_loss=0.2791 val_BA=0.900 mejor_epoca=2
2026-09-26 14:37:43,250 INFO ICBHI/no_dn fold 0: config 4 (lr=0.0001, dropout=0.4) epoca 3: train_loss=0.1703 val_loss=0.5146 val_BA=1.000 mejor_epoca=3
2026-09-26 14:37:52,469 INFO ICBHI/no_dn fold 0: config 4 (lr=0.0001, dropout=0.4) epoca 8: train_loss=0.0342 val_loss=0.1590 val_BA=1.000 mejor_epoca=8
2026-09-26 14:37:56,157 INFO ICBHI/no_dn fold 0: config 4 (lr=0.0001, dropout=0.4) epoca 10: train_loss=0.0168 val_loss=0.1175 val_BA=0.800 mejor_epoca=8
2026-09-26 14:37:58,001 INFO ICBHI/no_dn fold 0: config 4 (lr=0.0001, dropout=0.4) epoca 11: train_loss=0.0230 val_loss=0.0726 val_BA=1.000 mejor_epoca=11
2026-09-26 14:38:14,599 INFO ICBHI/no_dn fold 0: config 4 (lr=0.0001, dropout=0.4) epoca 20: train_loss=0.0035 val_loss=0.0942 val_BA=0.800 mejor_epoca=11
2026-09-26 14:38:25,696 INFO ICBHI/no_dn fold 0 config 4: OK val_BA=1.000 mejor_epoca=11 (0.8 min)
2026-09-26 14:38:27,707 INFO ICBHI/no_dn fold 0: config 5 (lr=0.0001, dropout=0.4) epoca 1: train_loss=0.5924 val_loss=0.3414 val_BA=0.800 mejor_epoca=1
2026-09-26 14:38:29,479 INFO ICBHI/no_dn fold 0: config 5 (lr=0.0001, dropout=0.4) epoca 2: train_loss=0.4014 val_loss=0.8506 val_BA=0.850 mejor_epoca=2
2026-09-26 14:38:31,250 INFO ICBHI/no_dn fold 0: config 5 (lr=0.0001, dropout=0.4) epoca 3: train_loss=0.2660 val_loss=0.6363 val_BA=0.900 mejor_epoca=3
2026-09-26 14:38:33,020 INFO ICBHI/no_dn fold 0: config 5 (lr=0.0001, dropout=0.4) epoca 4: train_loss=0.1734 val_loss=0.3543 val_BA=1.000 mejor_epoca=4
2026-09-26 14:38:36,573 INFO ICBHI/no_dn fold 0: config 5 (lr=0.0001, dropout=0.4) epoca 6: train_loss=0.0847 val_loss=0.1329 val_BA=1.000 mejor_epoca=6
2026-09-26 14:38:43,639 INFO ICBHI/no_dn fold 0: config 5 (lr=0.0001, dropout=0.4) epoca 10: train_loss=0.0336 val_loss=0.1354 val_BA=1.000 mejor_epoca=6
2026-09-26 14:38:47,173 INFO ICBHI/no_dn fold 0: config 5 (lr=0.0001, dropout=0.4) epoca 12: train_loss=0.0235 val_loss=0.0867 val_BA=1.000 mejor_epoca=12
2026-09-26 14:39:01,327 INFO ICBHI/no_dn fold 0: config 5 (lr=0.0001, dropout=0.4) epoca 20: train_loss=0.0090 val_loss=0.0965 val_BA=1.000 mejor_epoca=12
2026-09-26 14:39:13,718 INFO ICBHI/no_dn fold 0 config 5: OK val_BA=1.000 mejor_epoca=12 (0.8 min)
2026-09-26 14:39:16,049 INFO ICBHI/no_dn fold 0: config 6 (lr=0.0001, dropout=0.5) epoca 1: train_loss=0.6434 val_loss=0.3907 val_BA=0.700 mejor_epoca=1
2026-09-26 14:39:20,213 INFO ICBHI/no_dn fold 0: config 6 (lr=0.0001, dropout=0.5) epoca 3: train_loss=0.2518 val_loss=0.1702 val_BA=0.700 mejor_epoca=3
2026-09-26 14:39:22,305 INFO ICBHI/no_dn fold 0: config 6 (lr=0.0001, dropout=0.5) epoca 4: train_loss=0.1724 val_loss=0.2580 val_BA=1.000 mejor_epoca=4
2026-09-26 14:39:24,384 INFO ICBHI/no_dn fold 0: config 6 (lr=0.0001, dropout=0.5) epoca 5: train_loss=0.1474 val_loss=0.1339 val_BA=1.000 mejor_epoca=5
2026-09-26 14:39:28,554 INFO ICBHI/no_dn fold 0: config 6 (lr=0.0001, dropout=0.5) epoca 7: train_loss=0.0574 val_loss=0.0815 val_BA=1.000 mejor_epoca=7
2026-09-26 14:39:34,777 INFO ICBHI/no_dn fold 0: config 6 (lr=0.0001, dropout=0.5) epoca 10: train_loss=0.0321 val_loss=0.1222 val_BA=1.000 mejor_epoca=7
2026-09-26 14:39:51,528 INFO ICBHI/no_dn fold 0: config 6 (lr=0.0001, dropout=0.5) epoca 18: train_loss=0.0044 val_loss=0.0769 val_BA=1.000 mejor_epoca=18
2026-09-26 14:39:55,724 INFO ICBHI/no_dn fold 0: config 6 (lr=0.0001, dropout=0.5) epoca 20: train_loss=0.0125 val_loss=0.1122 val_BA=0.900 mejor_epoca=18
2026-09-26 14:40:16,624 INFO ICBHI/no_dn fold 0: config 6 (lr=0.0001, dropout=0.5) epoca 30: train_loss=0.0012 val_loss=0.1260 val_BA=0.900 mejor_epoca=18
2026-09-26 14:40:22,944 INFO ICBHI/no_dn fold 0 config 6: OK val_BA=1.000 mejor_epoca=18 (1.2 min)
2026-09-26 14:40:24,979 INFO ICBHI/no_dn fold 0: config 7 (lr=0.0001, dropout=0.5) epoca 1: train_loss=0.6289 val_loss=0.4559 val_BA=0.900 mejor_epoca=1
2026-09-26 14:40:30,313 INFO ICBHI/no_dn fold 0: config 7 (lr=0.0001, dropout=0.5) epoca 4: train_loss=0.1801 val_loss=0.2613 val_BA=1.000 mejor_epoca=4
2026-09-26 14:40:32,092 INFO ICBHI/no_dn fold 0: config 7 (lr=0.0001, dropout=0.5) epoca 5: train_loss=0.1358 val_loss=0.2269 val_BA=1.000 mejor_epoca=5
2026-09-26 14:40:39,208 INFO ICBHI/no_dn fold 0: config 7 (lr=0.0001, dropout=0.5) epoca 9: train_loss=0.0475 val_loss=0.1037 val_BA=1.000 mejor_epoca=9
2026-09-26 14:40:40,984 INFO ICBHI/no_dn fold 0: config 7 (lr=0.0001, dropout=0.5) epoca 10: train_loss=0.0408 val_loss=0.1098 val_BA=1.000 mejor_epoca=9
2026-09-26 14:40:55,193 INFO ICBHI/no_dn fold 0: config 7 (lr=0.0001, dropout=0.5) epoca 18: train_loss=0.0174 val_loss=0.0811 val_BA=1.000 mejor_epoca=18
2026-09-26 14:40:58,755 INFO ICBHI/no_dn fold 0: config 7 (lr=0.0001, dropout=0.5) epoca 20: train_loss=0.0118 val_loss=0.0927 val_BA=0.900 mejor_epoca=18
2026-09-26 14:41:16,419 INFO ICBHI/no_dn fold 0: config 7 (lr=0.0001, dropout=0.5) epoca 30: train_loss=0.0050 val_loss=0.0898 val_BA=0.900 mejor_epoca=18
2026-09-26 14:41:21,732 INFO ICBHI/no_dn fold 0 config 7: OK val_BA=1.000 mejor_epoca=18 (1.0 min)
2026-09-26 14:41:23,901 INFO ICBHI/no_dn fold 0: config 8 (lr=0.0003, dropout=0.3) epoca 1: train_loss=0.5939 val_loss=0.8787 val_BA=0.750 mejor_epoca=1
2026-09-26 14:41:25,662 INFO ICBHI/no_dn fold 0: config 8 (lr=0.0003, dropout=0.3) epoca 2: train_loss=0.2712 val_loss=0.4204 val_BA=1.000 mejor_epoca=2
2026-09-26 14:41:38,043 INFO ICBHI/no_dn fold 0: config 8 (lr=0.0003, dropout=0.3) epoca 9: train_loss=0.0236 val_loss=0.2771 val_BA=1.000 mejor_epoca=9
2026-09-26 14:41:39,811 INFO ICBHI/no_dn fold 0: config 8 (lr=0.0003, dropout=0.3) epoca 10: train_loss=0.0130 val_loss=0.1142 val_BA=1.000 mejor_epoca=10
2026-09-26 14:41:57,371 INFO ICBHI/no_dn fold 0: config 8 (lr=0.0003, dropout=0.3) epoca 20: train_loss=0.0059 val_loss=0.0934 val_BA=0.900 mejor_epoca=10
2026-09-26 14:42:00,880 INFO ICBHI/no_dn fold 0: config 8 (lr=0.0003, dropout=0.3) epoca 22: train_loss=0.0127 val_loss=0.1125 val_BA=1.000 mejor_epoca=22
2026-09-26 14:42:14,897 INFO ICBHI/no_dn fold 0: config 8 (lr=0.0003, dropout=0.3) epoca 30: train_loss=0.0015 val_loss=0.0696 val_BA=1.000 mejor_epoca=30
2026-09-26 14:42:32,497 INFO ICBHI/no_dn fold 0: config 8 (lr=0.0003, dropout=0.3) epoca 40: train_loss=0.0005 val_loss=0.1514 val_BA=0.900 mejor_epoca=30
2026-09-26 14:42:41,318 INFO ICBHI/no_dn fold 0 config 8: OK val_BA=1.000 mejor_epoca=30 (1.3 min)
2026-09-26 14:42:43,383 INFO ICBHI/no_dn fold 0: config 9 (lr=0.0003, dropout=0.4) epoca 1: train_loss=0.5778 val_loss=0.8754 val_BA=0.600 mejor_epoca=1
2026-09-26 14:42:45,209 INFO ICBHI/no_dn fold 0: config 9 (lr=0.0003, dropout=0.4) epoca 2: train_loss=0.3221 val_loss=0.4342 val_BA=0.950 mejor_epoca=2
2026-09-26 14:42:47,029 INFO ICBHI/no_dn fold 0: config 9 (lr=0.0003, dropout=0.4) epoca 3: train_loss=0.1831 val_loss=0.1702 val_BA=1.000 mejor_epoca=3
2026-09-26 14:42:54,389 INFO ICBHI/no_dn fold 0: config 9 (lr=0.0003, dropout=0.4) epoca 7: train_loss=0.0451 val_loss=0.1558 val_BA=1.000 mejor_epoca=7
2026-09-26 14:42:58,052 INFO ICBHI/no_dn fold 0: config 9 (lr=0.0003, dropout=0.4) epoca 9: train_loss=0.0161 val_loss=0.0643 val_BA=1.000 mejor_epoca=9
2026-09-26 14:42:59,885 INFO ICBHI/no_dn fold 0: config 9 (lr=0.0003, dropout=0.4) epoca 10: train_loss=0.0129 val_loss=0.0664 val_BA=0.900 mejor_epoca=9
2026-09-26 14:43:18,120 INFO ICBHI/no_dn fold 0: config 9 (lr=0.0003, dropout=0.4) epoca 20: train_loss=0.0043 val_loss=0.3096 val_BA=0.950 mejor_epoca=9
2026-09-26 14:43:25,464 INFO ICBHI/no_dn fold 0 config 9: OK val_BA=1.000 mejor_epoca=9 (0.7 min)
2026-09-26 14:43:27,782 INFO ICBHI/no_dn fold 0: config 10 (lr=0.0003, dropout=0.4) epoca 1: train_loss=0.7068 val_loss=0.2872 val_BA=0.700 mejor_epoca=1
2026-09-26 14:43:29,836 INFO ICBHI/no_dn fold 0: config 10 (lr=0.0003, dropout=0.4) epoca 2: train_loss=0.3505 val_loss=0.6700 val_BA=0.850 mejor_epoca=2
2026-09-26 14:43:31,892 INFO ICBHI/no_dn fold 0: config 10 (lr=0.0003, dropout=0.4) epoca 3: train_loss=0.2133 val_loss=0.2898 val_BA=0.850 mejor_epoca=3
2026-09-26 14:43:33,966 INFO ICBHI/no_dn fold 0: config 10 (lr=0.0003, dropout=0.4) epoca 4: train_loss=0.1085 val_loss=0.0939 val_BA=0.900 mejor_epoca=4
2026-09-26 14:43:40,109 INFO ICBHI/no_dn fold 0: config 10 (lr=0.0003, dropout=0.4) epoca 7: train_loss=0.0431 val_loss=0.1077 val_BA=1.000 mejor_epoca=7
2026-09-26 14:43:46,273 INFO ICBHI/no_dn fold 0: config 10 (lr=0.0003, dropout=0.4) epoca 10: train_loss=0.0254 val_loss=0.1759 val_BA=1.000 mejor_epoca=7
2026-09-26 14:44:06,858 INFO ICBHI/no_dn fold 0: config 10 (lr=0.0003, dropout=0.4) epoca 20: train_loss=0.0035 val_loss=0.1525 val_BA=0.900 mejor_epoca=7
2026-09-26 14:44:11,040 INFO ICBHI/no_dn fold 0 config 10: OK val_BA=1.000 mejor_epoca=7 (0.8 min)
2026-09-26 14:44:13,051 INFO ICBHI/no_dn fold 0: config 11 (lr=0.0003, dropout=0.5) epoca 1: train_loss=0.5682 val_loss=1.1315 val_BA=0.650 mejor_epoca=1
2026-09-26 14:44:14,815 INFO ICBHI/no_dn fold 0: config 11 (lr=0.0003, dropout=0.5) epoca 2: train_loss=0.2605 val_loss=1.5079 val_BA=0.800 mejor_epoca=2
2026-09-26 14:44:16,583 INFO ICBHI/no_dn fold 0: config 11 (lr=0.0003, dropout=0.5) epoca 3: train_loss=0.1476 val_loss=0.0948 val_BA=0.900 mejor_epoca=3
2026-09-26 14:44:18,353 INFO ICBHI/no_dn fold 0: config 11 (lr=0.0003, dropout=0.5) epoca 4: train_loss=0.0913 val_loss=0.1646 val_BA=1.000 mejor_epoca=4
2026-09-26 14:44:21,901 INFO ICBHI/no_dn fold 0: config 11 (lr=0.0003, dropout=0.5) epoca 6: train_loss=0.0550 val_loss=0.1196 val_BA=1.000 mejor_epoca=6
2026-09-26 14:44:28,977 INFO ICBHI/no_dn fold 0: config 11 (lr=0.0003, dropout=0.5) epoca 10: train_loss=0.0124 val_loss=0.1313 val_BA=0.900 mejor_epoca=6
2026-09-26 14:44:36,095 INFO ICBHI/no_dn fold 0: config 11 (lr=0.0003, dropout=0.5) epoca 14: train_loss=0.0088 val_loss=0.0992 val_BA=1.000 mejor_epoca=14
2026-09-26 14:44:46,691 INFO ICBHI/no_dn fold 0: config 11 (lr=0.0003, dropout=0.5) epoca 20: train_loss=0.0033 val_loss=0.0884 val_BA=0.900 mejor_epoca=14
2026-09-26 14:44:48,444 INFO ICBHI/no_dn fold 0: config 11 (lr=0.0003, dropout=0.5) epoca 21: train_loss=0.0058 val_loss=0.0936 val_BA=1.000 mejor_epoca=21
2026-09-26 14:45:04,248 INFO ICBHI/no_dn fold 0: config 11 (lr=0.0003, dropout=0.5) epoca 30: train_loss=0.0125 val_loss=0.1489 val_BA=0.900 mejor_epoca=21
2026-09-26 14:45:14,783 INFO ICBHI/no_dn fold 0 config 11: OK val_BA=1.000 mejor_epoca=21 (1.1 min)
2026-09-26 14:45:16,849 INFO ICBHI/no_dn fold 0: config 12 (lr=0.0003, dropout=0.5) epoca 1: train_loss=0.6290 val_loss=0.2305 val_BA=0.800 mejor_epoca=1
2026-09-26 14:45:20,525 INFO ICBHI/no_dn fold 0: config 12 (lr=0.0003, dropout=0.5) epoca 3: train_loss=0.1742 val_loss=0.4418 val_BA=1.000 mejor_epoca=3
2026-09-26 14:45:26,023 INFO ICBHI/no_dn fold 0: config 12 (lr=0.0003, dropout=0.5) epoca 6: train_loss=0.0376 val_loss=0.0822 val_BA=1.000 mejor_epoca=6
2026-09-26 14:45:33,318 INFO ICBHI/no_dn fold 0: config 12 (lr=0.0003, dropout=0.5) epoca 10: train_loss=0.0147 val_loss=0.0672 val_BA=1.000 mejor_epoca=10
2026-09-26 14:45:49,835 INFO ICBHI/no_dn fold 0: config 12 (lr=0.0003, dropout=0.5) epoca 19: train_loss=0.0224 val_loss=0.0459 val_BA=1.000 mejor_epoca=19
2026-09-26 14:45:51,655 INFO ICBHI/no_dn fold 0: config 12 (lr=0.0003, dropout=0.5) epoca 20: train_loss=0.0112 val_loss=0.2614 val_BA=0.900 mejor_epoca=19
2026-09-26 14:46:09,949 INFO ICBHI/no_dn fold 0: config 12 (lr=0.0003, dropout=0.5) epoca 30: train_loss=0.0022 val_loss=0.1492 val_BA=0.900 mejor_epoca=19
2026-09-26 14:46:17,282 INFO ICBHI/no_dn fold 0 config 12: OK val_BA=1.000 mejor_epoca=19 (1.0 min)
2026-09-26 14:46:19,593 INFO ICBHI/no_dn fold 0: config 13 (lr=0.001, dropout=0.2) epoca 1: train_loss=0.8699 val_loss=0.2720 val_BA=0.500 mejor_epoca=1
2026-09-26 14:46:23,733 INFO ICBHI/no_dn fold 0: config 13 (lr=0.001, dropout=0.2) epoca 3: train_loss=0.7413 val_loss=0.5157 val_BA=0.900 mejor_epoca=3
2026-09-26 14:46:29,947 INFO ICBHI/no_dn fold 0: config 13 (lr=0.001, dropout=0.2) epoca 6: train_loss=0.2839 val_loss=0.1609 val_BA=0.900 mejor_epoca=6
2026-09-26 14:46:34,112 INFO ICBHI/no_dn fold 0: config 13 (lr=0.001, dropout=0.2) epoca 8: train_loss=0.1309 val_loss=0.1369 val_BA=0.900 mejor_epoca=8
2026-09-26 14:46:38,234 INFO ICBHI/no_dn fold 0: config 13 (lr=0.001, dropout=0.2) epoca 10: train_loss=0.1034 val_loss=0.2262 val_BA=0.900 mejor_epoca=8
2026-09-26 14:46:40,305 INFO ICBHI/no_dn fold 0: config 13 (lr=0.001, dropout=0.2) epoca 11: train_loss=0.0896 val_loss=0.1198 val_BA=1.000 mejor_epoca=11
2026-09-26 14:46:44,445 INFO ICBHI/no_dn fold 0: config 13 (lr=0.001, dropout=0.2) epoca 13: train_loss=0.0751 val_loss=0.0852 val_BA=1.000 mejor_epoca=13
2026-09-26 14:46:59,029 INFO ICBHI/no_dn fold 0: config 13 (lr=0.001, dropout=0.2) epoca 20: train_loss=0.0196 val_loss=0.2515 val_BA=0.900 mejor_epoca=13
2026-09-26 14:47:07,352 INFO ICBHI/no_dn fold 0: config 13 (lr=0.001, dropout=0.2) epoca 24: train_loss=0.0400 val_loss=0.0822 val_BA=1.000 mejor_epoca=24
2026-09-26 14:47:19,774 INFO ICBHI/no_dn fold 0: config 13 (lr=0.001, dropout=0.2) epoca 30: train_loss=0.0356 val_loss=0.2044 val_BA=0.900 mejor_epoca=24
2026-09-26 14:47:38,455 INFO ICBHI/no_dn fold 0 config 13: OK val_BA=1.000 mejor_epoca=24 (1.4 min)
2026-09-26 14:47:40,477 INFO ICBHI/no_dn fold 0: config 14 (lr=0.001, dropout=0.3) epoca 1: train_loss=0.6661 val_loss=1.0671 val_BA=0.550 mejor_epoca=1
2026-09-26 14:47:42,241 INFO ICBHI/no_dn fold 0: config 14 (lr=0.001, dropout=0.3) epoca 2: train_loss=0.2949 val_loss=0.4266 val_BA=0.950 mejor_epoca=2
2026-09-26 14:47:56,394 INFO ICBHI/no_dn fold 0: config 14 (lr=0.001, dropout=0.3) epoca 10: train_loss=0.0294 val_loss=0.2501 val_BA=0.900 mejor_epoca=2
2026-09-26 14:48:14,053 INFO ICBHI/no_dn fold 0: config 14 (lr=0.001, dropout=0.3) epoca 20: train_loss=0.0106 val_loss=0.1692 val_BA=0.900 mejor_epoca=2
2026-09-26 14:48:14,074 INFO ICBHI/no_dn fold 0 config 14: OK val_BA=0.950 mejor_epoca=2 (0.6 min)
2026-09-26 14:48:16,139 INFO ICBHI/no_dn fold 0: config 15 (lr=0.001, dropout=0.3) epoca 1: train_loss=0.6981 val_loss=0.4237 val_BA=0.700 mejor_epoca=1
2026-09-26 14:48:17,962 INFO ICBHI/no_dn fold 0: config 15 (lr=0.001, dropout=0.3) epoca 2: train_loss=0.4781 val_loss=0.3052 val_BA=0.700 mejor_epoca=2
2026-09-26 14:48:19,777 INFO ICBHI/no_dn fold 0: config 15 (lr=0.001, dropout=0.3) epoca 3: train_loss=0.3526 val_loss=0.5250 val_BA=0.900 mejor_epoca=3
2026-09-26 14:48:21,602 INFO ICBHI/no_dn fold 0: config 15 (lr=0.001, dropout=0.3) epoca 4: train_loss=0.2427 val_loss=0.1895 val_BA=1.000 mejor_epoca=4
2026-09-26 14:48:23,425 INFO ICBHI/no_dn fold 0: config 15 (lr=0.001, dropout=0.3) epoca 5: train_loss=0.1438 val_loss=0.1482 val_BA=1.000 mejor_epoca=5
2026-09-26 14:48:27,094 INFO ICBHI/no_dn fold 0: config 15 (lr=0.001, dropout=0.3) epoca 7: train_loss=0.0830 val_loss=0.1211 val_BA=1.000 mejor_epoca=7
2026-09-26 14:48:32,583 INFO ICBHI/no_dn fold 0: config 15 (lr=0.001, dropout=0.3) epoca 10: train_loss=0.0310 val_loss=0.1458 val_BA=0.900 mejor_epoca=7
2026-09-26 14:48:50,927 INFO ICBHI/no_dn fold 0: config 15 (lr=0.001, dropout=0.3) epoca 20: train_loss=0.0028 val_loss=0.1791 val_BA=1.000 mejor_epoca=7
2026-09-26 14:48:54,581 INFO ICBHI/no_dn fold 0: config 15 (lr=0.001, dropout=0.3) epoca 22: train_loss=0.0006 val_loss=0.1139 val_BA=1.000 mejor_epoca=22
2026-09-26 14:49:05,543 INFO ICBHI/no_dn fold 0: config 15 (lr=0.001, dropout=0.3) epoca 28: train_loss=0.0009 val_loss=0.1034 val_BA=1.000 mejor_epoca=28
2026-09-26 14:49:09,204 INFO ICBHI/no_dn fold 0: config 15 (lr=0.001, dropout=0.3) epoca 30: train_loss=0.0003 val_loss=0.1691 val_BA=0.900 mejor_epoca=28
2026-09-26 14:49:25,712 INFO ICBHI/no_dn fold 0: config 15 (lr=0.001, dropout=0.3) epoca 39: train_loss=0.0140 val_loss=0.0955 val_BA=1.000 mejor_epoca=39
2026-09-26 14:49:27,564 INFO ICBHI/no_dn fold 0: config 15 (lr=0.001, dropout=0.3) epoca 40: train_loss=0.0038 val_loss=0.1594 val_BA=0.900 mejor_epoca=39
2026-09-26 14:49:46,030 INFO ICBHI/no_dn fold 0: config 15 (lr=0.001, dropout=0.3) epoca 50: train_loss=0.0145 val_loss=0.2918 val_BA=0.900 mejor_epoca=39
2026-09-26 14:49:53,401 INFO ICBHI/no_dn fold 0 config 15: OK val_BA=1.000 mejor_epoca=39 (1.7 min)
2026-09-26 14:49:55,739 INFO ICBHI/no_dn fold 0: config 16 (lr=0.001, dropout=0.4) epoca 1: train_loss=0.7563 val_loss=0.3626 val_BA=1.000 mejor_epoca=1
2026-09-26 14:50:10,362 INFO ICBHI/no_dn fold 0: config 16 (lr=0.001, dropout=0.4) epoca 8: train_loss=0.1086 val_loss=0.3081 val_BA=1.000 mejor_epoca=8
2026-09-26 14:50:12,447 INFO ICBHI/no_dn fold 0: config 16 (lr=0.001, dropout=0.4) epoca 9: train_loss=0.0770 val_loss=0.0786 val_BA=1.000 mejor_epoca=9
2026-09-26 14:50:14,548 INFO ICBHI/no_dn fold 0: config 16 (lr=0.001, dropout=0.4) epoca 10: train_loss=0.0491 val_loss=0.2146 val_BA=1.000 mejor_epoca=9
2026-09-26 14:50:20,776 INFO ICBHI/no_dn fold 0: config 16 (lr=0.001, dropout=0.4) epoca 13: train_loss=0.0625 val_loss=0.0757 val_BA=1.000 mejor_epoca=13
2026-09-26 14:50:35,342 INFO ICBHI/no_dn fold 0: config 16 (lr=0.001, dropout=0.4) epoca 20: train_loss=0.0223 val_loss=0.2946 val_BA=0.900 mejor_epoca=13
2026-09-26 14:50:51,941 INFO ICBHI/no_dn fold 0 config 16: OK val_BA=1.000 mejor_epoca=13 (1.0 min)
2026-09-26 14:50:54,021 INFO ICBHI/no_dn fold 0: config 17 (lr=0.001, dropout=0.5) epoca 1: train_loss=0.7533 val_loss=0.4444 val_BA=0.500 mejor_epoca=1
2026-09-26 14:50:55,866 INFO ICBHI/no_dn fold 0: config 17 (lr=0.001, dropout=0.5) epoca 2: train_loss=0.5651 val_loss=0.2840 val_BA=0.750 mejor_epoca=2
2026-09-26 14:50:57,711 INFO ICBHI/no_dn fold 0: config 17 (lr=0.001, dropout=0.5) epoca 3: train_loss=0.3632 val_loss=0.2586 val_BA=1.000 mejor_epoca=3
2026-09-26 14:51:10,745 INFO ICBHI/no_dn fold 0: config 17 (lr=0.001, dropout=0.5) epoca 10: train_loss=0.0401 val_loss=0.2537 val_BA=0.750 mejor_epoca=3
2026-09-26 14:51:12,593 INFO ICBHI/no_dn fold 0: config 17 (lr=0.001, dropout=0.5) epoca 11: train_loss=0.0174 val_loss=0.0826 val_BA=1.000 mejor_epoca=11
2026-09-26 14:51:18,153 INFO ICBHI/no_dn fold 0: config 17 (lr=0.001, dropout=0.5) epoca 14: train_loss=0.0375 val_loss=0.0764 val_BA=1.000 mejor_epoca=14
2026-09-26 14:51:29,308 INFO ICBHI/no_dn fold 0: config 17 (lr=0.001, dropout=0.5) epoca 20: train_loss=0.0047 val_loss=0.1072 val_BA=1.000 mejor_epoca=14
2026-09-26 14:51:45,892 INFO ICBHI/no_dn fold 0 config 17: OK val_BA=1.000 mejor_epoca=14 (0.9 min)
2026-09-26 14:51:47,914 INFO ICBHI/no_dn fold 0: config 18 (lr=0.001, dropout=0.5) epoca 1: train_loss=0.7164 val_loss=0.5303 val_BA=0.550 mejor_epoca=1
2026-09-26 14:51:51,471 INFO ICBHI/no_dn fold 0: config 18 (lr=0.001, dropout=0.5) epoca 3: train_loss=0.4172 val_loss=0.6265 val_BA=0.650 mejor_epoca=3
2026-09-26 14:51:53,251 INFO ICBHI/no_dn fold 0: config 18 (lr=0.001, dropout=0.5) epoca 4: train_loss=0.2361 val_loss=0.3652 val_BA=0.700 mejor_epoca=4
2026-09-26 14:51:55,027 INFO ICBHI/no_dn fold 0: config 18 (lr=0.001, dropout=0.5) epoca 5: train_loss=0.1972 val_loss=0.2227 val_BA=0.900 mejor_epoca=5
2026-09-26 14:52:03,876 INFO ICBHI/no_dn fold 0: config 18 (lr=0.001, dropout=0.5) epoca 10: train_loss=0.0381 val_loss=0.2931 val_BA=0.900 mejor_epoca=5
2026-09-26 14:52:07,402 INFO ICBHI/no_dn fold 0: config 18 (lr=0.001, dropout=0.5) epoca 12: train_loss=0.0410 val_loss=0.1596 val_BA=0.900 mejor_epoca=12
2026-09-26 14:52:21,434 INFO ICBHI/no_dn fold 0: config 18 (lr=0.001, dropout=0.5) epoca 20: train_loss=0.0186 val_loss=0.3658 val_BA=0.800 mejor_epoca=12
2026-09-26 14:52:26,697 INFO ICBHI/no_dn fold 0: config 18 (lr=0.001, dropout=0.5) epoca 23: train_loss=0.0232 val_loss=0.9734 val_BA=1.000 mejor_epoca=23
2026-09-26 14:52:38,916 INFO ICBHI/no_dn fold 0: config 18 (lr=0.001, dropout=0.5) epoca 30: train_loss=0.0007 val_loss=0.1808 val_BA=0.800 mejor_epoca=23
2026-09-26 14:52:42,412 INFO ICBHI/no_dn fold 0: config 18 (lr=0.001, dropout=0.5) epoca 32: train_loss=0.0061 val_loss=0.1453 val_BA=1.000 mejor_epoca=32
2026-09-26 14:52:56,370 INFO ICBHI/no_dn fold 0: config 18 (lr=0.001, dropout=0.5) epoca 40: train_loss=0.0003 val_loss=0.2010 val_BA=0.800 mejor_epoca=32
2026-09-26 14:53:08,578 INFO ICBHI/no_dn fold 0 config 18: OK val_BA=1.000 mejor_epoca=32 (1.4 min)
2026-09-26 14:53:10,573 INFO ICBHI/no_dn fold 0: config 19 (lr=0.001, dropout=0.5) epoca 1: train_loss=0.5838 val_loss=0.2360 val_BA=0.900 mejor_epoca=1
2026-09-26 14:53:12,327 INFO ICBHI/no_dn fold 0: config 19 (lr=0.001, dropout=0.5) epoca 2: train_loss=0.3197 val_loss=0.3571 val_BA=1.000 mejor_epoca=2
2026-09-26 14:53:24,590 INFO ICBHI/no_dn fold 0: config 19 (lr=0.001, dropout=0.5) epoca 9: train_loss=0.0562 val_loss=0.1825 val_BA=1.000 mejor_epoca=9
2026-09-26 14:53:26,338 INFO ICBHI/no_dn fold 0: config 19 (lr=0.001, dropout=0.5) epoca 10: train_loss=0.0529 val_loss=0.1843 val_BA=0.800 mejor_epoca=9
2026-09-26 14:53:43,843 INFO ICBHI/no_dn fold 0: config 19 (lr=0.001, dropout=0.5) epoca 20: train_loss=0.0054 val_loss=0.2121 val_BA=0.800 mejor_epoca=9
2026-09-26 14:53:50,850 INFO ICBHI/no_dn fold 0 config 19: OK val_BA=1.000 mejor_epoca=9 (0.7 min)
2026-09-26 14:53:51,649 INFO log-mel ICBHI/cv/fold_01/no_dn: 500/4715
2026-09-26 14:53:52,225 INFO log-mel ICBHI/cv/fold_01/no_dn: 1000/4715
2026-09-26 14:53:52,800 INFO log-mel ICBHI/cv/fold_01/no_dn: 1500/4715
2026-09-26 14:53:53,414 INFO log-mel ICBHI/cv/fold_01/no_dn: 2000/4715
2026-09-26 14:53:53,989 INFO log-mel ICBHI/cv/fold_01/no_dn: 2500/4715
2026-09-26 14:53:54,563 INFO log-mel ICBHI/cv/fold_01/no_dn: 3000/4715
2026-09-26 14:53:55,138 INFO log-mel ICBHI/cv/fold_01/no_dn: 3500/4715
2026-09-26 14:53:55,712 INFO log-mel ICBHI/cv/fold_01/no_dn: 4000/4715
2026-09-26 14:53:56,286 INFO log-mel ICBHI/cv/fold_01/no_dn: 4500/4715
2026-09-26 14:53:56,532 INFO log-mel ICBHI/cv/fold_01/no_dn: 4715/4715
2026-09-26 14:53:57,181 INFO ICBHI/no_dn fold 1: log-mel no_dn listo en 6.3 s, forma (4715, 1, 64, 309)
2026-09-26 14:53:57,194 INFO ICBHI/no_dn fold 1: 57/15 pacientes train/validation, 20 de 20 configuracion(es) por evaluar
2026-09-26 14:53:59,516 INFO ICBHI/no_dn fold 1: config 0 (lr=0.0001, dropout=0.3) epoca 1: train_loss=0.5699 val_loss=0.6768 val_BA=0.784 mejor_epoca=1
2026-09-26 14:54:01,564 INFO ICBHI/no_dn fold 1: config 0 (lr=0.0001, dropout=0.3) epoca 2: train_loss=0.3522 val_loss=0.3566 val_BA=0.875 mejor_epoca=2
2026-09-26 14:54:03,621 INFO ICBHI/no_dn fold 1: config 0 (lr=0.0001, dropout=0.3) epoca 3: train_loss=0.1974 val_loss=0.1910 val_BA=0.875 mejor_epoca=3
2026-09-26 14:54:05,670 INFO ICBHI/no_dn fold 1: config 0 (lr=0.0001, dropout=0.3) epoca 4: train_loss=0.1036 val_loss=0.1418 val_BA=0.875 mejor_epoca=4
2026-09-26 14:54:07,720 INFO ICBHI/no_dn fold 1: config 0 (lr=0.0001, dropout=0.3) epoca 5: train_loss=0.0558 val_loss=0.1107 val_BA=0.875 mejor_epoca=5
2026-09-26 14:54:09,775 INFO ICBHI/no_dn fold 1: config 0 (lr=0.0001, dropout=0.3) epoca 6: train_loss=0.0459 val_loss=0.1048 val_BA=0.875 mejor_epoca=6
2026-09-26 14:54:11,829 INFO ICBHI/no_dn fold 1: config 0 (lr=0.0001, dropout=0.3) epoca 7: train_loss=0.0257 val_loss=0.0976 val_BA=0.875 mejor_epoca=7
2026-09-26 14:54:17,992 INFO ICBHI/no_dn fold 1: config 0 (lr=0.0001, dropout=0.3) epoca 10: train_loss=0.0148 val_loss=0.1640 val_BA=0.875 mejor_epoca=7
2026-09-26 14:54:20,045 INFO ICBHI/no_dn fold 1: config 0 (lr=0.0001, dropout=0.3) epoca 11: train_loss=0.0116 val_loss=0.0660 val_BA=0.875 mejor_epoca=11
2026-09-26 14:54:38,527 INFO ICBHI/no_dn fold 1: config 0 (lr=0.0001, dropout=0.3) epoca 20: train_loss=0.0055 val_loss=0.1178 val_BA=0.750 mejor_epoca=11
2026-09-26 14:54:50,870 INFO ICBHI/no_dn fold 1 config 0: OK val_BA=0.875 mejor_epoca=11 (0.9 min)
2026-09-26 14:54:52,863 INFO ICBHI/no_dn fold 1: config 1 (lr=0.0001, dropout=0.3) epoca 1: train_loss=0.5334 val_loss=0.6248 val_BA=0.784 mejor_epoca=1
2026-09-26 14:54:54,615 INFO ICBHI/no_dn fold 1: config 1 (lr=0.0001, dropout=0.3) epoca 2: train_loss=0.2941 val_loss=0.5708 val_BA=0.830 mejor_epoca=2
2026-09-26 14:54:58,113 INFO ICBHI/no_dn fold 1: config 1 (lr=0.0001, dropout=0.3) epoca 4: train_loss=0.1105 val_loss=0.2728 val_BA=0.875 mejor_epoca=4
2026-09-26 14:54:59,865 INFO ICBHI/no_dn fold 1: config 1 (lr=0.0001, dropout=0.3) epoca 5: train_loss=0.0693 val_loss=0.2427 val_BA=0.875 mejor_epoca=5
2026-09-26 14:55:01,616 INFO ICBHI/no_dn fold 1: config 1 (lr=0.0001, dropout=0.3) epoca 6: train_loss=0.0572 val_loss=0.4498 val_BA=1.000 mejor_epoca=6
2026-09-26 14:55:08,617 INFO ICBHI/no_dn fold 1: config 1 (lr=0.0001, dropout=0.3) epoca 10: train_loss=0.0270 val_loss=0.1027 val_BA=0.625 mejor_epoca=6
2026-09-26 14:55:26,141 INFO ICBHI/no_dn fold 1: config 1 (lr=0.0001, dropout=0.3) epoca 20: train_loss=0.0072 val_loss=0.1117 val_BA=0.625 mejor_epoca=6
2026-09-26 14:55:27,914 INFO ICBHI/no_dn fold 1 config 1: OK val_BA=1.000 mejor_epoca=6 (0.6 min)
2026-09-26 14:55:29,972 INFO ICBHI/no_dn fold 1: config 2 (lr=0.0001, dropout=0.4) epoca 1: train_loss=0.5326 val_loss=0.3690 val_BA=0.875 mejor_epoca=1
2026-09-26 14:55:33,614 INFO ICBHI/no_dn fold 1: config 2 (lr=0.0001, dropout=0.4) epoca 3: train_loss=0.1965 val_loss=0.2904 val_BA=1.000 mejor_epoca=3
2026-09-26 14:55:40,904 INFO ICBHI/no_dn fold 1: config 2 (lr=0.0001, dropout=0.4) epoca 7: train_loss=0.0358 val_loss=0.1672 val_BA=1.000 mejor_epoca=7
2026-09-26 14:55:46,367 INFO ICBHI/no_dn fold 1: config 2 (lr=0.0001, dropout=0.4) epoca 10: train_loss=0.0164 val_loss=0.2297 val_BA=0.875 mejor_epoca=7
2026-09-26 14:56:04,657 INFO ICBHI/no_dn fold 1: config 2 (lr=0.0001, dropout=0.4) epoca 20: train_loss=0.0038 val_loss=0.1295 val_BA=0.875 mejor_epoca=7
2026-09-26 14:56:08,332 INFO ICBHI/no_dn fold 1 config 2: OK val_BA=1.000 mejor_epoca=7 (0.7 min)
2026-09-26 14:56:10,638 INFO ICBHI/no_dn fold 1: config 3 (lr=0.0001, dropout=0.4) epoca 1: train_loss=0.5776 val_loss=0.2462 val_BA=0.625 mejor_epoca=1
2026-09-26 14:56:12,705 INFO ICBHI/no_dn fold 1: config 3 (lr=0.0001, dropout=0.4) epoca 2: train_loss=0.2580 val_loss=0.2716 val_BA=0.875 mejor_epoca=2
2026-09-26 14:56:14,771 INFO ICBHI/no_dn fold 1: config 3 (lr=0.0001, dropout=0.4) epoca 3: train_loss=0.1329 val_loss=0.1458 val_BA=0.875 mejor_epoca=3
2026-09-26 14:56:23,049 INFO ICBHI/no_dn fold 1: config 3 (lr=0.0001, dropout=0.4) epoca 7: train_loss=0.0347 val_loss=0.1932 val_BA=1.000 mejor_epoca=7
2026-09-26 14:56:29,256 INFO ICBHI/no_dn fold 1: config 3 (lr=0.0001, dropout=0.4) epoca 10: train_loss=0.0146 val_loss=0.1050 val_BA=0.750 mejor_epoca=7
2026-09-26 14:56:49,915 INFO ICBHI/no_dn fold 1: config 3 (lr=0.0001, dropout=0.4) epoca 20: train_loss=0.0034 val_loss=0.0975 val_BA=0.875 mejor_epoca=7
2026-09-26 14:56:54,110 INFO ICBHI/no_dn fold 1 config 3: OK val_BA=1.000 mejor_epoca=7 (0.8 min)
2026-09-26 14:56:56,208 INFO ICBHI/no_dn fold 1: config 4 (lr=0.0001, dropout=0.4) epoca 1: train_loss=0.5894 val_loss=0.5369 val_BA=0.830 mejor_epoca=1
2026-09-26 14:56:58,048 INFO ICBHI/no_dn fold 1: config 4 (lr=0.0001, dropout=0.4) epoca 2: train_loss=0.2743 val_loss=0.3630 val_BA=1.000 mejor_epoca=2
2026-09-26 14:57:03,543 INFO ICBHI/no_dn fold 1: config 4 (lr=0.0001, dropout=0.4) epoca 5: train_loss=0.0709 val_loss=0.2522 val_BA=1.000 mejor_epoca=5
2026-09-26 14:57:12,796 INFO ICBHI/no_dn fold 1: config 4 (lr=0.0001, dropout=0.4) epoca 10: train_loss=0.0170 val_loss=0.0993 val_BA=0.625 mejor_epoca=5
2026-09-26 14:57:31,198 INFO ICBHI/no_dn fold 1: config 4 (lr=0.0001, dropout=0.4) epoca 20: train_loss=0.0033 val_loss=0.0876 val_BA=0.750 mejor_epoca=5
2026-09-26 14:57:31,219 INFO ICBHI/no_dn fold 1 config 4: OK val_BA=1.000 mejor_epoca=5 (0.6 min)
2026-09-26 14:57:33,214 INFO ICBHI/no_dn fold 1: config 5 (lr=0.0001, dropout=0.4) epoca 1: train_loss=0.5520 val_loss=1.1931 val_BA=0.682 mejor_epoca=1
2026-09-26 14:57:34,972 INFO ICBHI/no_dn fold 1: config 5 (lr=0.0001, dropout=0.4) epoca 2: train_loss=0.3296 val_loss=0.3744 val_BA=1.000 mejor_epoca=2
2026-09-26 14:57:49,036 INFO ICBHI/no_dn fold 1: config 5 (lr=0.0001, dropout=0.4) epoca 10: train_loss=0.0261 val_loss=0.1125 val_BA=0.625 mejor_epoca=2
2026-09-26 14:58:06,604 INFO ICBHI/no_dn fold 1: config 5 (lr=0.0001, dropout=0.4) epoca 20: train_loss=0.0088 val_loss=0.1298 val_BA=0.875 mejor_epoca=2
2026-09-26 14:58:06,625 INFO ICBHI/no_dn fold 1 config 5: OK val_BA=1.000 mejor_epoca=2 (0.6 min)
2026-09-26 14:58:08,932 INFO ICBHI/no_dn fold 1: config 6 (lr=0.0001, dropout=0.5) epoca 1: train_loss=0.5884 val_loss=0.3204 val_BA=0.875 mejor_epoca=1
2026-09-26 14:58:10,995 INFO ICBHI/no_dn fold 1: config 6 (lr=0.0001, dropout=0.5) epoca 2: train_loss=0.3062 val_loss=0.1719 val_BA=0.875 mejor_epoca=2
2026-09-26 14:58:27,597 INFO ICBHI/no_dn fold 1: config 6 (lr=0.0001, dropout=0.5) epoca 10: train_loss=0.0166 val_loss=0.0942 val_BA=0.750 mejor_epoca=2
2026-09-26 14:58:37,919 INFO ICBHI/no_dn fold 1: config 6 (lr=0.0001, dropout=0.5) epoca 15: train_loss=0.0099 val_loss=0.0874 val_BA=0.875 mejor_epoca=15
2026-09-26 14:58:39,982 INFO ICBHI/no_dn fold 1: config 6 (lr=0.0001, dropout=0.5) epoca 16: train_loss=0.0032 val_loss=0.0844 val_BA=0.875 mejor_epoca=16
2026-09-26 14:58:44,148 INFO ICBHI/no_dn fold 1: config 6 (lr=0.0001, dropout=0.5) epoca 18: train_loss=0.0065 val_loss=0.0709 val_BA=0.875 mejor_epoca=18
2026-09-26 14:58:48,402 INFO ICBHI/no_dn fold 1: config 6 (lr=0.0001, dropout=0.5) epoca 20: train_loss=0.0021 val_loss=0.1230 val_BA=0.625 mejor_epoca=18
2026-09-26 14:59:09,212 INFO ICBHI/no_dn fold 1: config 6 (lr=0.0001, dropout=0.5) epoca 30: train_loss=0.0011 val_loss=0.2054 val_BA=0.500 mejor_epoca=18
2026-09-26 14:59:15,421 INFO ICBHI/no_dn fold 1 config 6: OK val_BA=0.875 mejor_epoca=18 (1.1 min)
2026-09-26 14:59:17,420 INFO ICBHI/no_dn fold 1: config 7 (lr=0.0001, dropout=0.5) epoca 1: train_loss=0.6057 val_loss=0.6843 val_BA=0.659 mejor_epoca=1
2026-09-26 14:59:19,203 INFO ICBHI/no_dn fold 1: config 7 (lr=0.0001, dropout=0.5) epoca 2: train_loss=0.4112 val_loss=1.1769 val_BA=0.773 mejor_epoca=2
2026-09-26 14:59:20,955 INFO ICBHI/no_dn fold 1: config 7 (lr=0.0001, dropout=0.5) epoca 3: train_loss=0.2564 val_loss=0.5600 val_BA=1.000 mejor_epoca=3
2026-09-26 14:59:24,465 INFO ICBHI/no_dn fold 1: config 7 (lr=0.0001, dropout=0.5) epoca 5: train_loss=0.1387 val_loss=0.4668 val_BA=1.000 mejor_epoca=5
2026-09-26 14:59:29,717 INFO ICBHI/no_dn fold 1: config 7 (lr=0.0001, dropout=0.5) epoca 8: train_loss=0.0609 val_loss=0.3555 val_BA=1.000 mejor_epoca=8
2026-09-26 14:59:33,224 INFO ICBHI/no_dn fold 1: config 7 (lr=0.0001, dropout=0.5) epoca 10: train_loss=0.0426 val_loss=0.2970 val_BA=0.875 mejor_epoca=8
2026-09-26 14:59:50,794 INFO ICBHI/no_dn fold 1: config 7 (lr=0.0001, dropout=0.5) epoca 20: train_loss=0.0158 val_loss=0.1165 val_BA=0.625 mejor_epoca=8
2026-09-26 14:59:56,086 INFO ICBHI/no_dn fold 1 config 7: OK val_BA=1.000 mejor_epoca=8 (0.7 min)
2026-09-26 14:59:58,083 INFO ICBHI/no_dn fold 1: config 8 (lr=0.0003, dropout=0.3) epoca 1: train_loss=0.4750 val_loss=0.4868 val_BA=1.000 mejor_epoca=1
2026-09-26 15:00:13,862 INFO ICBHI/no_dn fold 1: config 8 (lr=0.0003, dropout=0.3) epoca 10: train_loss=0.0214 val_loss=0.1574 val_BA=1.000 mejor_epoca=10
2026-09-26 15:00:31,384 INFO ICBHI/no_dn fold 1: config 8 (lr=0.0003, dropout=0.3) epoca 20: train_loss=0.0041 val_loss=0.0765 val_BA=0.875 mejor_epoca=10
2026-09-26 15:00:40,147 INFO ICBHI/no_dn fold 1 config 8: OK val_BA=1.000 mejor_epoca=10 (0.7 min)
2026-09-26 15:00:42,214 INFO ICBHI/no_dn fold 1: config 9 (lr=0.0003, dropout=0.4) epoca 1: train_loss=0.5537 val_loss=0.4546 val_BA=1.000 mejor_epoca=1
2026-09-26 15:00:58,802 INFO ICBHI/no_dn fold 1: config 9 (lr=0.0003, dropout=0.4) epoca 10: train_loss=0.0102 val_loss=0.1131 val_BA=0.750 mejor_epoca=1
2026-09-26 15:01:17,074 INFO ICBHI/no_dn fold 1: config 9 (lr=0.0003, dropout=0.4) epoca 20: train_loss=0.0012 val_loss=0.0894 val_BA=0.750 mejor_epoca=1
2026-09-26 15:01:17,107 INFO ICBHI/no_dn fold 1 config 9: OK val_BA=1.000 mejor_epoca=1 (0.6 min)
2026-09-26 15:01:19,477 INFO ICBHI/no_dn fold 1: config 10 (lr=0.0003, dropout=0.4) epoca 1: train_loss=0.6425 val_loss=0.1882 val_BA=0.500 mejor_epoca=1
2026-09-26 15:01:21,567 INFO ICBHI/no_dn fold 1: config 10 (lr=0.0003, dropout=0.4) epoca 2: train_loss=0.2896 val_loss=0.2252 val_BA=0.875 mejor_epoca=2
2026-09-26 15:01:23,640 INFO ICBHI/no_dn fold 1: config 10 (lr=0.0003, dropout=0.4) epoca 3: train_loss=0.1439 val_loss=0.1208 val_BA=0.875 mejor_epoca=3
2026-09-26 15:01:27,804 INFO ICBHI/no_dn fold 1: config 10 (lr=0.0003, dropout=0.4) epoca 5: train_loss=0.0470 val_loss=0.0859 val_BA=0.875 mejor_epoca=5
2026-09-26 15:01:38,164 INFO ICBHI/no_dn fold 1: config 10 (lr=0.0003, dropout=0.4) epoca 10: train_loss=0.0067 val_loss=0.0663 val_BA=0.875 mejor_epoca=10
2026-09-26 15:01:59,448 INFO ICBHI/no_dn fold 1: config 10 (lr=0.0003, dropout=0.4) epoca 20: train_loss=0.0026 val_loss=0.1067 val_BA=0.875 mejor_epoca=10
2026-09-26 15:02:09,993 INFO ICBHI/no_dn fold 1 config 10: OK val_BA=0.875 mejor_epoca=10 (0.9 min)
2026-09-26 15:02:11,988 INFO ICBHI/no_dn fold 1: config 11 (lr=0.0003, dropout=0.5) epoca 1: train_loss=0.5763 val_loss=0.4379 val_BA=0.625 mejor_epoca=1
2026-09-26 15:02:13,734 INFO ICBHI/no_dn fold 1: config 11 (lr=0.0003, dropout=0.5) epoca 2: train_loss=0.3014 val_loss=0.2494 val_BA=0.875 mejor_epoca=2
2026-09-26 15:02:17,239 INFO ICBHI/no_dn fold 1: config 11 (lr=0.0003, dropout=0.5) epoca 4: train_loss=0.0814 val_loss=0.3945 val_BA=1.000 mejor_epoca=4
2026-09-26 15:02:27,779 INFO ICBHI/no_dn fold 1: config 11 (lr=0.0003, dropout=0.5) epoca 10: train_loss=0.0155 val_loss=0.2980 val_BA=0.875 mejor_epoca=4
2026-09-26 15:02:45,304 INFO ICBHI/no_dn fold 1: config 11 (lr=0.0003, dropout=0.5) epoca 20: train_loss=0.0047 val_loss=0.1109 val_BA=0.500 mejor_epoca=4
2026-09-26 15:02:45,324 INFO ICBHI/no_dn fold 1 config 11: OK val_BA=1.000 mejor_epoca=4 (0.6 min)
2026-09-26 15:02:47,398 INFO ICBHI/no_dn fold 1: config 12 (lr=0.0003, dropout=0.5) epoca 1: train_loss=0.5511 val_loss=0.4634 val_BA=1.000 mejor_epoca=1
2026-09-26 15:02:49,241 INFO ICBHI/no_dn fold 1: config 12 (lr=0.0003, dropout=0.5) epoca 2: train_loss=0.2504 val_loss=0.4240 val_BA=1.000 mejor_epoca=2
2026-09-26 15:02:51,097 INFO ICBHI/no_dn fold 1: config 12 (lr=0.0003, dropout=0.5) epoca 3: train_loss=0.1377 val_loss=0.1148 val_BA=1.000 mejor_epoca=3
2026-09-26 15:03:03,901 INFO ICBHI/no_dn fold 1: config 12 (lr=0.0003, dropout=0.5) epoca 10: train_loss=0.0093 val_loss=0.1587 val_BA=0.750 mejor_epoca=3
2026-09-26 15:03:21,968 INFO ICBHI/no_dn fold 1: config 12 (lr=0.0003, dropout=0.5) epoca 20: train_loss=0.0020 val_loss=0.1157 val_BA=0.750 mejor_epoca=3
2026-09-26 15:03:21,988 INFO ICBHI/no_dn fold 1 config 12: OK val_BA=1.000 mejor_epoca=3 (0.6 min)
2026-09-26 15:03:24,264 INFO ICBHI/no_dn fold 1: config 13 (lr=0.001, dropout=0.2) epoca 1: train_loss=0.7873 val_loss=0.2388 val_BA=0.500 mejor_epoca=1
2026-09-26 15:03:26,312 INFO ICBHI/no_dn fold 1: config 13 (lr=0.001, dropout=0.2) epoca 2: train_loss=0.5361 val_loss=0.1596 val_BA=0.875 mejor_epoca=2
2026-09-26 15:03:36,560 INFO ICBHI/no_dn fold 1: config 13 (lr=0.001, dropout=0.2) epoca 7: train_loss=0.0581 val_loss=0.1226 val_BA=0.875 mejor_epoca=7
2026-09-26 15:03:42,697 INFO ICBHI/no_dn fold 1: config 13 (lr=0.001, dropout=0.2) epoca 10: train_loss=0.0180 val_loss=0.1510 val_BA=0.750 mejor_epoca=7
2026-09-26 15:03:44,745 INFO ICBHI/no_dn fold 1: config 13 (lr=0.001, dropout=0.2) epoca 11: train_loss=0.0200 val_loss=0.1195 val_BA=0.875 mejor_epoca=11
2026-09-26 15:04:03,133 INFO ICBHI/no_dn fold 1: config 13 (lr=0.001, dropout=0.2) epoca 20: train_loss=0.0053 val_loss=0.2492 val_BA=0.750 mejor_epoca=11
2026-09-26 15:04:15,404 INFO ICBHI/no_dn fold 1 config 13: OK val_BA=0.875 mejor_epoca=11 (0.9 min)
2026-09-26 15:04:17,377 INFO ICBHI/no_dn fold 1: config 14 (lr=0.001, dropout=0.3) epoca 1: train_loss=0.5197 val_loss=0.8015 val_BA=0.909 mejor_epoca=1
2026-09-26 15:04:22,596 INFO ICBHI/no_dn fold 1: config 14 (lr=0.001, dropout=0.3) epoca 4: train_loss=0.0762 val_loss=0.4329 val_BA=0.955 mejor_epoca=4
2026-09-26 15:04:33,044 INFO ICBHI/no_dn fold 1: config 14 (lr=0.001, dropout=0.3) epoca 10: train_loss=0.0128 val_loss=0.1016 val_BA=0.875 mejor_epoca=4
2026-09-26 15:04:50,415 INFO ICBHI/no_dn fold 1: config 14 (lr=0.001, dropout=0.3) epoca 20: train_loss=0.0009 val_loss=0.1012 val_BA=0.875 mejor_epoca=4
2026-09-26 15:04:50,436 INFO ICBHI/no_dn fold 1 config 14: OK val_BA=0.955 mejor_epoca=4 (0.6 min)
2026-09-26 15:04:52,467 INFO ICBHI/no_dn fold 1: config 15 (lr=0.001, dropout=0.3) epoca 1: train_loss=0.6944 val_loss=0.5275 val_BA=0.830 mejor_epoca=1
2026-09-26 15:04:57,858 INFO ICBHI/no_dn fold 1: config 15 (lr=0.001, dropout=0.3) epoca 4: train_loss=0.1886 val_loss=0.4248 val_BA=1.000 mejor_epoca=4
2026-09-26 15:04:59,671 INFO ICBHI/no_dn fold 1: config 15 (lr=0.001, dropout=0.3) epoca 5: train_loss=0.1749 val_loss=0.1865 val_BA=1.000 mejor_epoca=5
2026-09-26 15:05:08,678 INFO ICBHI/no_dn fold 1: config 15 (lr=0.001, dropout=0.3) epoca 10: train_loss=0.0503 val_loss=0.1240 val_BA=0.625 mejor_epoca=5
2026-09-26 15:05:26,669 INFO ICBHI/no_dn fold 1: config 15 (lr=0.001, dropout=0.3) epoca 20: train_loss=0.0025 val_loss=0.1798 val_BA=0.625 mejor_epoca=5
2026-09-26 15:05:26,688 INFO ICBHI/no_dn fold 1 config 15: OK val_BA=1.000 mejor_epoca=5 (0.6 min)
2026-09-26 15:05:28,964 INFO ICBHI/no_dn fold 1: config 16 (lr=0.001, dropout=0.4) epoca 1: train_loss=0.8811 val_loss=0.2325 val_BA=0.500 mejor_epoca=1
2026-09-26 15:05:31,014 INFO ICBHI/no_dn fold 1: config 16 (lr=0.001, dropout=0.4) epoca 2: train_loss=0.7598 val_loss=0.5968 val_BA=0.784 mejor_epoca=2
2026-09-26 15:05:35,106 INFO ICBHI/no_dn fold 1: config 16 (lr=0.001, dropout=0.4) epoca 4: train_loss=0.3292 val_loss=0.2117 val_BA=1.000 mejor_epoca=4
2026-09-26 15:05:47,413 INFO ICBHI/no_dn fold 1: config 16 (lr=0.001, dropout=0.4) epoca 10: train_loss=0.0341 val_loss=0.1489 val_BA=0.750 mejor_epoca=4
2026-09-26 15:06:07,848 INFO ICBHI/no_dn fold 1: config 16 (lr=0.001, dropout=0.4) epoca 20: train_loss=0.0201 val_loss=0.2193 val_BA=0.750 mejor_epoca=4
2026-09-26 15:06:07,868 INFO ICBHI/no_dn fold 1 config 16: OK val_BA=1.000 mejor_epoca=4 (0.7 min)
2026-09-26 15:06:09,892 INFO ICBHI/no_dn fold 1: config 17 (lr=0.001, dropout=0.5) epoca 1: train_loss=0.7445 val_loss=0.3605 val_BA=0.500 mejor_epoca=1
2026-09-26 15:06:11,700 INFO ICBHI/no_dn fold 1: config 17 (lr=0.001, dropout=0.5) epoca 2: train_loss=0.5232 val_loss=0.1298 val_BA=0.500 mejor_epoca=2
2026-09-26 15:06:13,498 INFO ICBHI/no_dn fold 1: config 17 (lr=0.001, dropout=0.5) epoca 3: train_loss=0.3207 val_loss=0.4403 val_BA=0.739 mejor_epoca=3
2026-09-26 15:06:15,294 INFO ICBHI/no_dn fold 1: config 17 (lr=0.001, dropout=0.5) epoca 4: train_loss=0.1921 val_loss=0.2014 val_BA=0.875 mejor_epoca=4
2026-09-26 15:06:20,692 INFO ICBHI/no_dn fold 1: config 17 (lr=0.001, dropout=0.5) epoca 7: train_loss=0.0708 val_loss=0.1625 val_BA=0.875 mejor_epoca=7
2026-09-26 15:06:26,076 INFO ICBHI/no_dn fold 1: config 17 (lr=0.001, dropout=0.5) epoca 10: train_loss=0.0234 val_loss=0.1210 val_BA=0.625 mejor_epoca=7
2026-09-26 15:06:27,869 INFO ICBHI/no_dn fold 1: config 17 (lr=0.001, dropout=0.5) epoca 11: train_loss=0.0392 val_loss=0.1068 val_BA=0.875 mejor_epoca=11
2026-09-26 15:06:44,010 INFO ICBHI/no_dn fold 1: config 17 (lr=0.001, dropout=0.5) epoca 20: train_loss=0.0113 val_loss=0.2280 val_BA=0.750 mejor_epoca=11
2026-09-26 15:06:54,790 INFO ICBHI/no_dn fold 1 config 17: OK val_BA=0.875 mejor_epoca=11 (0.8 min)
2026-09-26 15:06:56,760 INFO ICBHI/no_dn fold 1: config 18 (lr=0.001, dropout=0.5) epoca 1: train_loss=0.6120 val_loss=0.3162 val_BA=0.500 mejor_epoca=1
2026-09-26 15:07:00,235 INFO ICBHI/no_dn fold 1: config 18 (lr=0.001, dropout=0.5) epoca 3: train_loss=0.3154 val_loss=0.2436 val_BA=0.625 mejor_epoca=3
2026-09-26 15:07:01,968 INFO ICBHI/no_dn fold 1: config 18 (lr=0.001, dropout=0.5) epoca 4: train_loss=0.2132 val_loss=0.1523 val_BA=0.750 mejor_epoca=4
2026-09-26 15:07:03,701 INFO ICBHI/no_dn fold 1: config 18 (lr=0.001, dropout=0.5) epoca 5: train_loss=0.1295 val_loss=0.1640 val_BA=0.875 mejor_epoca=5
2026-09-26 15:07:05,438 INFO ICBHI/no_dn fold 1: config 18 (lr=0.001, dropout=0.5) epoca 6: train_loss=0.0642 val_loss=0.7803 val_BA=0.909 mejor_epoca=6
2026-09-26 15:07:12,398 INFO ICBHI/no_dn fold 1: config 18 (lr=0.001, dropout=0.5) epoca 10: train_loss=0.0204 val_loss=0.1235 val_BA=0.875 mejor_epoca=6
2026-09-26 15:07:26,237 INFO ICBHI/no_dn fold 1: config 18 (lr=0.001, dropout=0.5) epoca 18: train_loss=0.0407 val_loss=0.4105 val_BA=1.000 mejor_epoca=18
2026-09-26 15:07:29,692 INFO ICBHI/no_dn fold 1: config 18 (lr=0.001, dropout=0.5) epoca 20: train_loss=0.0245 val_loss=0.1688 val_BA=0.750 mejor_epoca=18
2026-09-26 15:07:46,962 INFO ICBHI/no_dn fold 1: config 18 (lr=0.001, dropout=0.5) epoca 30: train_loss=0.0079 val_loss=0.1393 val_BA=0.875 mejor_epoca=18
2026-09-26 15:07:52,160 INFO ICBHI/no_dn fold 1 config 18: OK val_BA=1.000 mejor_epoca=18 (1.0 min)
2026-09-26 15:07:54,125 INFO ICBHI/no_dn fold 1: config 19 (lr=0.001, dropout=0.5) epoca 1: train_loss=0.6532 val_loss=0.6388 val_BA=0.523 mejor_epoca=1
2026-09-26 15:07:57,591 INFO ICBHI/no_dn fold 1: config 19 (lr=0.001, dropout=0.5) epoca 3: train_loss=0.1969 val_loss=0.1736 val_BA=0.875 mejor_epoca=3
2026-09-26 15:08:02,808 INFO ICBHI/no_dn fold 1: config 19 (lr=0.001, dropout=0.5) epoca 6: train_loss=0.0581 val_loss=0.1107 val_BA=1.000 mejor_epoca=6
2026-09-26 15:08:09,733 INFO ICBHI/no_dn fold 1: config 19 (lr=0.001, dropout=0.5) epoca 10: train_loss=0.0300 val_loss=0.1431 val_BA=0.625 mejor_epoca=6
2026-09-26 15:08:26,983 INFO ICBHI/no_dn fold 1: config 19 (lr=0.001, dropout=0.5) epoca 20: train_loss=0.0070 val_loss=0.2533 val_BA=0.625 mejor_epoca=6
2026-09-26 15:08:28,743 INFO ICBHI/no_dn fold 1 config 19: OK val_BA=1.000 mejor_epoca=6 (0.6 min)
2026-09-26 15:08:29,540 INFO log-mel ICBHI/cv/fold_02/no_dn: 500/4715
2026-09-26 15:08:30,113 INFO log-mel ICBHI/cv/fold_02/no_dn: 1000/4715
2026-09-26 15:08:30,686 INFO log-mel ICBHI/cv/fold_02/no_dn: 1500/4715
2026-09-26 15:08:31,258 INFO log-mel ICBHI/cv/fold_02/no_dn: 2000/4715
2026-09-26 15:08:31,830 INFO log-mel ICBHI/cv/fold_02/no_dn: 2500/4715
2026-09-26 15:08:32,406 INFO log-mel ICBHI/cv/fold_02/no_dn: 3000/4715
2026-09-26 15:08:32,979 INFO log-mel ICBHI/cv/fold_02/no_dn: 3500/4715
2026-09-26 15:08:33,630 INFO log-mel ICBHI/cv/fold_02/no_dn: 4000/4715
2026-09-26 15:08:34,203 INFO log-mel ICBHI/cv/fold_02/no_dn: 4500/4715
2026-09-26 15:08:34,448 INFO log-mel ICBHI/cv/fold_02/no_dn: 4715/4715
2026-09-26 15:08:35,103 INFO ICBHI/no_dn fold 2: log-mel no_dn listo en 6.3 s, forma (4715, 1, 64, 309)
2026-09-26 15:08:35,116 INFO ICBHI/no_dn fold 2: 58/14 pacientes train/validation, 20 de 20 configuracion(es) por evaluar
2026-09-26 15:08:37,325 INFO ICBHI/no_dn fold 2: config 0 (lr=0.0001, dropout=0.3) epoca 1: train_loss=0.6024 val_loss=0.4458 val_BA=0.825 mejor_epoca=1
2026-09-26 15:08:39,290 INFO ICBHI/no_dn fold 2: config 0 (lr=0.0001, dropout=0.3) epoca 2: train_loss=0.2943 val_loss=0.3398 val_BA=0.875 mejor_epoca=2
2026-09-26 15:08:41,274 INFO ICBHI/no_dn fold 2: config 0 (lr=0.0001, dropout=0.3) epoca 3: train_loss=0.1521 val_loss=0.4437 val_BA=1.000 mejor_epoca=3
2026-09-26 15:08:45,211 INFO ICBHI/no_dn fold 2: config 0 (lr=0.0001, dropout=0.3) epoca 5: train_loss=0.0691 val_loss=0.1431 val_BA=1.000 mejor_epoca=5
2026-09-26 15:08:55,065 INFO ICBHI/no_dn fold 2: config 0 (lr=0.0001, dropout=0.3) epoca 10: train_loss=0.0214 val_loss=0.1016 val_BA=0.875 mejor_epoca=5
2026-09-26 15:09:14,738 INFO ICBHI/no_dn fold 2: config 0 (lr=0.0001, dropout=0.3) epoca 20: train_loss=0.0037 val_loss=0.0930 val_BA=0.875 mejor_epoca=5
2026-09-26 15:09:14,758 INFO ICBHI/no_dn fold 2 config 0: OK val_BA=1.000 mejor_epoca=5 (0.7 min)
2026-09-26 15:09:16,641 INFO ICBHI/no_dn fold 2: config 1 (lr=0.0001, dropout=0.3) epoca 1: train_loss=0.5320 val_loss=0.8054 val_BA=0.675 mejor_epoca=1
2026-09-26 15:09:18,315 INFO ICBHI/no_dn fold 2: config 1 (lr=0.0001, dropout=0.3) epoca 2: train_loss=0.3166 val_loss=0.4452 val_BA=0.750 mejor_epoca=2
2026-09-26 15:09:19,993 INFO ICBHI/no_dn fold 2: config 1 (lr=0.0001, dropout=0.3) epoca 3: train_loss=0.1789 val_loss=0.6563 val_BA=0.900 mejor_epoca=3
2026-09-26 15:09:26,703 INFO ICBHI/no_dn fold 2: config 1 (lr=0.0001, dropout=0.3) epoca 7: train_loss=0.0438 val_loss=0.1793 val_BA=1.000 mejor_epoca=7
2026-09-26 15:09:31,741 INFO ICBHI/no_dn fold 2: config 1 (lr=0.0001, dropout=0.3) epoca 10: train_loss=0.0230 val_loss=0.0875 val_BA=0.750 mejor_epoca=7
2026-09-26 15:09:36,785 INFO ICBHI/no_dn fold 2: config 1 (lr=0.0001, dropout=0.3) epoca 13: train_loss=0.0167 val_loss=0.1080 val_BA=1.000 mejor_epoca=13
2026-09-26 15:09:48,487 INFO ICBHI/no_dn fold 2: config 1 (lr=0.0001, dropout=0.3) epoca 20: train_loss=0.0079 val_loss=0.0919 val_BA=0.750 mejor_epoca=13
2026-09-26 15:10:01,920 INFO ICBHI/no_dn fold 2 config 1: OK val_BA=1.000 mejor_epoca=13 (0.8 min)
2026-09-26 15:10:03,859 INFO ICBHI/no_dn fold 2: config 2 (lr=0.0001, dropout=0.4) epoca 1: train_loss=0.5407 val_loss=0.5452 val_BA=0.825 mejor_epoca=1
2026-09-26 15:10:07,365 INFO ICBHI/no_dn fold 2: config 2 (lr=0.0001, dropout=0.4) epoca 3: train_loss=0.1642 val_loss=0.6561 val_BA=0.900 mejor_epoca=3
2026-09-26 15:10:09,107 INFO ICBHI/no_dn fold 2: config 2 (lr=0.0001, dropout=0.4) epoca 4: train_loss=0.1162 val_loss=0.5731 val_BA=0.900 mejor_epoca=4
2026-09-26 15:10:12,603 INFO ICBHI/no_dn fold 2: config 2 (lr=0.0001, dropout=0.4) epoca 6: train_loss=0.0552 val_loss=0.1664 val_BA=1.000 mejor_epoca=6
2026-09-26 15:10:19,575 INFO ICBHI/no_dn fold 2: config 2 (lr=0.0001, dropout=0.4) epoca 10: train_loss=0.0219 val_loss=0.0771 val_BA=0.625 mejor_epoca=6
2026-09-26 15:10:36,985 INFO ICBHI/no_dn fold 2: config 2 (lr=0.0001, dropout=0.4) epoca 20: train_loss=0.0044 val_loss=0.0698 val_BA=0.875 mejor_epoca=6
2026-09-26 15:10:38,756 INFO ICBHI/no_dn fold 2 config 2: OK val_BA=1.000 mejor_epoca=6 (0.6 min)
2026-09-26 15:10:40,941 INFO ICBHI/no_dn fold 2: config 3 (lr=0.0001, dropout=0.4) epoca 1: train_loss=0.5408 val_loss=0.6403 val_BA=0.650 mejor_epoca=1
2026-09-26 15:10:42,920 INFO ICBHI/no_dn fold 2: config 3 (lr=0.0001, dropout=0.4) epoca 2: train_loss=0.2684 val_loss=0.1766 val_BA=0.750 mejor_epoca=2
2026-09-26 15:10:44,899 INFO ICBHI/no_dn fold 2: config 3 (lr=0.0001, dropout=0.4) epoca 3: train_loss=0.1637 val_loss=0.1174 val_BA=0.750 mejor_epoca=3
2026-09-26 15:10:46,877 INFO ICBHI/no_dn fold 2: config 3 (lr=0.0001, dropout=0.4) epoca 4: train_loss=0.0972 val_loss=0.0928 val_BA=0.750 mejor_epoca=4
2026-09-26 15:10:48,854 INFO ICBHI/no_dn fold 2: config 3 (lr=0.0001, dropout=0.4) epoca 5: train_loss=0.0811 val_loss=0.1532 val_BA=1.000 mejor_epoca=5
2026-09-26 15:10:56,737 INFO ICBHI/no_dn fold 2: config 3 (lr=0.0001, dropout=0.4) epoca 9: train_loss=0.0170 val_loss=0.0709 val_BA=1.000 mejor_epoca=9
2026-09-26 15:10:58,701 INFO ICBHI/no_dn fold 2: config 3 (lr=0.0001, dropout=0.4) epoca 10: train_loss=0.0214 val_loss=0.0622 val_BA=0.875 mejor_epoca=9
2026-09-26 15:11:04,595 INFO ICBHI/no_dn fold 2: config 3 (lr=0.0001, dropout=0.4) epoca 13: train_loss=0.0204 val_loss=0.0580 val_BA=1.000 mejor_epoca=13
2026-09-26 15:11:18,435 INFO ICBHI/no_dn fold 2: config 3 (lr=0.0001, dropout=0.4) epoca 20: train_loss=0.0078 val_loss=0.0811 val_BA=0.750 mejor_epoca=13
2026-09-26 15:11:32,290 INFO ICBHI/no_dn fold 2: config 3 (lr=0.0001, dropout=0.4) epoca 27: train_loss=0.0010 val_loss=0.0511 val_BA=1.000 mejor_epoca=27
2026-09-26 15:11:38,235 INFO ICBHI/no_dn fold 2: config 3 (lr=0.0001, dropout=0.4) epoca 30: train_loss=0.0063 val_loss=0.0965 val_BA=1.000 mejor_epoca=27
2026-09-26 15:11:58,028 INFO ICBHI/no_dn fold 2: config 3 (lr=0.0001, dropout=0.4) epoca 40: train_loss=0.0009 val_loss=0.0496 val_BA=0.875 mejor_epoca=27
2026-09-26 15:12:02,002 INFO ICBHI/no_dn fold 2 config 3: OK val_BA=1.000 mejor_epoca=27 (1.4 min)
2026-09-26 15:12:03,961 INFO ICBHI/no_dn fold 2: config 4 (lr=0.0001, dropout=0.4) epoca 1: train_loss=0.5519 val_loss=0.5226 val_BA=0.750 mejor_epoca=1
2026-09-26 15:12:05,706 INFO ICBHI/no_dn fold 2: config 4 (lr=0.0001, dropout=0.4) epoca 2: train_loss=0.2572 val_loss=0.5151 val_BA=1.000 mejor_epoca=2
2026-09-26 15:12:19,692 INFO ICBHI/no_dn fold 2: config 4 (lr=0.0001, dropout=0.4) epoca 10: train_loss=0.0223 val_loss=0.2050 val_BA=0.875 mejor_epoca=2
2026-09-26 15:12:24,937 INFO ICBHI/no_dn fold 2: config 4 (lr=0.0001, dropout=0.4) epoca 13: train_loss=0.0089 val_loss=0.0909 val_BA=1.000 mejor_epoca=13
2026-09-26 15:12:37,153 INFO ICBHI/no_dn fold 2: config 4 (lr=0.0001, dropout=0.4) epoca 20: train_loss=0.0061 val_loss=0.0829 val_BA=0.750 mejor_epoca=13
2026-09-26 15:12:51,139 INFO ICBHI/no_dn fold 2 config 4: OK val_BA=1.000 mejor_epoca=13 (0.8 min)
2026-09-26 15:12:53,028 INFO ICBHI/no_dn fold 2: config 5 (lr=0.0001, dropout=0.4) epoca 1: train_loss=0.5444 val_loss=0.5465 val_BA=0.700 mejor_epoca=1
2026-09-26 15:12:56,396 INFO ICBHI/no_dn fold 2: config 5 (lr=0.0001, dropout=0.4) epoca 3: train_loss=0.2179 val_loss=0.8075 val_BA=0.850 mejor_epoca=3
2026-09-26 15:12:58,079 INFO ICBHI/no_dn fold 2: config 5 (lr=0.0001, dropout=0.4) epoca 4: train_loss=0.1442 val_loss=0.3340 val_BA=0.875 mejor_epoca=4
2026-09-26 15:12:59,762 INFO ICBHI/no_dn fold 2: config 5 (lr=0.0001, dropout=0.4) epoca 5: train_loss=0.1057 val_loss=0.7526 val_BA=0.900 mejor_epoca=5
2026-09-26 15:13:01,447 INFO ICBHI/no_dn fold 2: config 5 (lr=0.0001, dropout=0.4) epoca 6: train_loss=0.0861 val_loss=0.4487 val_BA=0.950 mejor_epoca=6
2026-09-26 15:13:08,178 INFO ICBHI/no_dn fold 2: config 5 (lr=0.0001, dropout=0.4) epoca 10: train_loss=0.0324 val_loss=0.0881 val_BA=0.750 mejor_epoca=6
2026-09-26 15:13:13,232 INFO ICBHI/no_dn fold 2: config 5 (lr=0.0001, dropout=0.4) epoca 13: train_loss=0.0178 val_loss=0.1859 val_BA=1.000 mejor_epoca=13
2026-09-26 15:13:24,991 INFO ICBHI/no_dn fold 2: config 5 (lr=0.0001, dropout=0.4) epoca 20: train_loss=0.0097 val_loss=0.1056 val_BA=0.875 mejor_epoca=13
2026-09-26 15:13:38,502 INFO ICBHI/no_dn fold 2 config 5: OK val_BA=1.000 mejor_epoca=13 (0.8 min)
2026-09-26 15:13:40,689 INFO ICBHI/no_dn fold 2: config 6 (lr=0.0001, dropout=0.5) epoca 1: train_loss=0.5979 val_loss=0.5346 val_BA=0.750 mejor_epoca=1
2026-09-26 15:13:42,669 INFO ICBHI/no_dn fold 2: config 6 (lr=0.0001, dropout=0.5) epoca 2: train_loss=0.3607 val_loss=0.7926 val_BA=0.900 mejor_epoca=2
2026-09-26 15:13:50,598 INFO ICBHI/no_dn fold 2: config 6 (lr=0.0001, dropout=0.5) epoca 6: train_loss=0.0653 val_loss=0.4726 val_BA=1.000 mejor_epoca=6
2026-09-26 15:13:52,578 INFO ICBHI/no_dn fold 2: config 6 (lr=0.0001, dropout=0.5) epoca 7: train_loss=0.0659 val_loss=0.0954 val_BA=1.000 mejor_epoca=7
2026-09-26 15:13:56,543 INFO ICBHI/no_dn fold 2: config 6 (lr=0.0001, dropout=0.5) epoca 9: train_loss=0.0286 val_loss=0.0608 val_BA=1.000 mejor_epoca=9
2026-09-26 15:13:58,522 INFO ICBHI/no_dn fold 2: config 6 (lr=0.0001, dropout=0.5) epoca 10: train_loss=0.0257 val_loss=0.0590 val_BA=0.875 mejor_epoca=9
2026-09-26 15:14:18,248 INFO ICBHI/no_dn fold 2: config 6 (lr=0.0001, dropout=0.5) epoca 20: train_loss=0.0048 val_loss=0.1160 val_BA=0.625 mejor_epoca=9
2026-09-26 15:14:26,109 INFO ICBHI/no_dn fold 2 config 6: OK val_BA=1.000 mejor_epoca=9 (0.8 min)
2026-09-26 15:14:27,996 INFO ICBHI/no_dn fold 2: config 7 (lr=0.0001, dropout=0.5) epoca 1: train_loss=0.5515 val_loss=0.5756 val_BA=0.700 mejor_epoca=1
2026-09-26 15:14:29,675 INFO ICBHI/no_dn fold 2: config 7 (lr=0.0001, dropout=0.5) epoca 2: train_loss=0.3650 val_loss=0.9468 val_BA=0.800 mejor_epoca=2
2026-09-26 15:14:31,362 INFO ICBHI/no_dn fold 2: config 7 (lr=0.0001, dropout=0.5) epoca 3: train_loss=0.2430 val_loss=0.7907 val_BA=0.850 mejor_epoca=3
2026-09-26 15:14:33,043 INFO ICBHI/no_dn fold 2: config 7 (lr=0.0001, dropout=0.5) epoca 4: train_loss=0.1686 val_loss=0.5615 val_BA=0.900 mejor_epoca=4
2026-09-26 15:14:34,730 INFO ICBHI/no_dn fold 2: config 7 (lr=0.0001, dropout=0.5) epoca 5: train_loss=0.1239 val_loss=0.2775 val_BA=1.000 mejor_epoca=5
2026-09-26 15:14:43,166 INFO ICBHI/no_dn fold 2: config 7 (lr=0.0001, dropout=0.5) epoca 10: train_loss=0.0378 val_loss=0.0976 val_BA=0.750 mejor_epoca=5
2026-09-26 15:14:44,847 INFO ICBHI/no_dn fold 2: config 7 (lr=0.0001, dropout=0.5) epoca 11: train_loss=0.0311 val_loss=0.2348 val_BA=1.000 mejor_epoca=11
2026-09-26 15:14:51,576 INFO ICBHI/no_dn fold 2: config 7 (lr=0.0001, dropout=0.5) epoca 15: train_loss=0.0209 val_loss=0.0800 val_BA=1.000 mejor_epoca=15
2026-09-26 15:15:00,012 INFO ICBHI/no_dn fold 2: config 7 (lr=0.0001, dropout=0.5) epoca 20: train_loss=0.0121 val_loss=0.0691 val_BA=0.750 mejor_epoca=15
2026-09-26 15:15:06,763 INFO ICBHI/no_dn fold 2: config 7 (lr=0.0001, dropout=0.5) epoca 24: train_loss=0.0093 val_loss=0.0793 val_BA=1.000 mejor_epoca=24
2026-09-26 15:15:16,878 INFO ICBHI/no_dn fold 2: config 7 (lr=0.0001, dropout=0.5) epoca 30: train_loss=0.0054 val_loss=0.0762 val_BA=1.000 mejor_epoca=30
2026-09-26 15:15:33,739 INFO ICBHI/no_dn fold 2: config 7 (lr=0.0001, dropout=0.5) epoca 40: train_loss=0.0036 val_loss=0.0564 val_BA=0.750 mejor_epoca=30
2026-09-26 15:15:42,187 INFO ICBHI/no_dn fold 2 config 7: OK val_BA=1.000 mejor_epoca=30 (1.3 min)
2026-09-26 15:15:44,080 INFO ICBHI/no_dn fold 2: config 8 (lr=0.0003, dropout=0.3) epoca 1: train_loss=0.5468 val_loss=0.6051 val_BA=0.700 mejor_epoca=1
2026-09-26 15:15:45,764 INFO ICBHI/no_dn fold 2: config 8 (lr=0.0003, dropout=0.3) epoca 2: train_loss=0.2583 val_loss=0.1999 val_BA=0.750 mejor_epoca=2
2026-09-26 15:15:47,449 INFO ICBHI/no_dn fold 2: config 8 (lr=0.0003, dropout=0.3) epoca 3: train_loss=0.1505 val_loss=0.5764 val_BA=0.950 mejor_epoca=3
2026-09-26 15:15:50,836 INFO ICBHI/no_dn fold 2: config 8 (lr=0.0003, dropout=0.3) epoca 5: train_loss=0.0601 val_loss=0.2454 val_BA=1.000 mejor_epoca=5
2026-09-26 15:15:52,522 INFO ICBHI/no_dn fold 2: config 8 (lr=0.0003, dropout=0.3) epoca 6: train_loss=0.0435 val_loss=0.1366 val_BA=1.000 mejor_epoca=6
2026-09-26 15:15:54,206 INFO ICBHI/no_dn fold 2: config 8 (lr=0.0003, dropout=0.3) epoca 7: train_loss=0.0340 val_loss=0.1168 val_BA=1.000 mejor_epoca=7
2026-09-26 15:15:59,267 INFO ICBHI/no_dn fold 2: config 8 (lr=0.0003, dropout=0.3) epoca 10: train_loss=0.0121 val_loss=0.0836 val_BA=0.750 mejor_epoca=7
2026-09-26 15:16:16,072 INFO ICBHI/no_dn fold 2: config 8 (lr=0.0003, dropout=0.3) epoca 20: train_loss=0.0037 val_loss=0.4091 val_BA=1.000 mejor_epoca=7
2026-09-26 15:16:19,452 INFO ICBHI/no_dn fold 2 config 8: OK val_BA=1.000 mejor_epoca=7 (0.6 min)
2026-09-26 15:16:21,393 INFO ICBHI/no_dn fold 2: config 9 (lr=0.0003, dropout=0.4) epoca 1: train_loss=0.5079 val_loss=0.9617 val_BA=0.950 mejor_epoca=1
2026-09-26 15:16:23,132 INFO ICBHI/no_dn fold 2: config 9 (lr=0.0003, dropout=0.4) epoca 2: train_loss=0.2400 val_loss=0.4816 val_BA=0.950 mejor_epoca=2
2026-09-26 15:16:28,486 INFO ICBHI/no_dn fold 2: config 9 (lr=0.0003, dropout=0.4) epoca 5: train_loss=0.0459 val_loss=0.1339 val_BA=1.000 mejor_epoca=5
2026-09-26 15:16:31,968 INFO ICBHI/no_dn fold 2: config 9 (lr=0.0003, dropout=0.4) epoca 7: train_loss=0.0239 val_loss=0.0932 val_BA=1.000 mejor_epoca=7
2026-09-26 15:16:33,707 INFO ICBHI/no_dn fold 2: config 9 (lr=0.0003, dropout=0.4) epoca 8: train_loss=0.0280 val_loss=0.0853 val_BA=1.000 mejor_epoca=8
2026-09-26 15:16:37,196 INFO ICBHI/no_dn fold 2: config 9 (lr=0.0003, dropout=0.4) epoca 10: train_loss=0.0091 val_loss=0.0855 val_BA=0.750 mejor_epoca=8
2026-09-26 15:16:54,589 INFO ICBHI/no_dn fold 2: config 9 (lr=0.0003, dropout=0.4) epoca 20: train_loss=0.0012 val_loss=0.0501 val_BA=0.875 mejor_epoca=8
2026-09-26 15:16:59,833 INFO ICBHI/no_dn fold 2 config 9: OK val_BA=1.000 mejor_epoca=8 (0.7 min)
2026-09-26 15:17:02,023 INFO ICBHI/no_dn fold 2: config 10 (lr=0.0003, dropout=0.4) epoca 1: train_loss=0.6295 val_loss=0.4074 val_BA=1.000 mejor_epoca=1
2026-09-26 15:17:07,959 INFO ICBHI/no_dn fold 2: config 10 (lr=0.0003, dropout=0.4) epoca 4: train_loss=0.1371 val_loss=0.2035 val_BA=1.000 mejor_epoca=4
2026-09-26 15:17:19,833 INFO ICBHI/no_dn fold 2: config 10 (lr=0.0003, dropout=0.4) epoca 10: train_loss=0.0373 val_loss=0.1032 val_BA=1.000 mejor_epoca=10
2026-09-26 15:17:31,710 INFO ICBHI/no_dn fold 2: config 10 (lr=0.0003, dropout=0.4) epoca 16: train_loss=0.0272 val_loss=0.0476 val_BA=1.000 mejor_epoca=16
2026-09-26 15:17:39,621 INFO ICBHI/no_dn fold 2: config 10 (lr=0.0003, dropout=0.4) epoca 20: train_loss=0.0143 val_loss=0.1193 val_BA=0.750 mejor_epoca=16
2026-09-26 15:17:59,368 INFO ICBHI/no_dn fold 2: config 10 (lr=0.0003, dropout=0.4) epoca 30: train_loss=0.0012 val_loss=0.2552 val_BA=1.000 mejor_epoca=16
2026-09-26 15:18:01,360 INFO ICBHI/no_dn fold 2 config 10: OK val_BA=1.000 mejor_epoca=16 (1.0 min)
2026-09-26 15:18:03,253 INFO ICBHI/no_dn fold 2: config 11 (lr=0.0003, dropout=0.5) epoca 1: train_loss=0.5471 val_loss=0.6284 val_BA=0.700 mejor_epoca=1
2026-09-26 15:18:04,944 INFO ICBHI/no_dn fold 2: config 11 (lr=0.0003, dropout=0.5) epoca 2: train_loss=0.2961 val_loss=0.3928 val_BA=0.875 mejor_epoca=2
2026-09-26 15:18:08,330 INFO ICBHI/no_dn fold 2: config 11 (lr=0.0003, dropout=0.5) epoca 4: train_loss=0.0960 val_loss=0.1516 val_BA=0.875 mejor_epoca=4
2026-09-26 15:18:10,019 INFO ICBHI/no_dn fold 2: config 11 (lr=0.0003, dropout=0.5) epoca 5: train_loss=0.0603 val_loss=0.3083 val_BA=1.000 mejor_epoca=5
2026-09-26 15:18:13,406 INFO ICBHI/no_dn fold 2: config 11 (lr=0.0003, dropout=0.5) epoca 7: train_loss=0.0320 val_loss=0.1713 val_BA=1.000 mejor_epoca=7
2026-09-26 15:18:18,477 INFO ICBHI/no_dn fold 2: config 11 (lr=0.0003, dropout=0.5) epoca 10: train_loss=0.0149 val_loss=0.2039 val_BA=1.000 mejor_epoca=7
2026-09-26 15:18:23,544 INFO ICBHI/no_dn fold 2: config 11 (lr=0.0003, dropout=0.5) epoca 13: train_loss=0.0100 val_loss=0.0465 val_BA=1.000 mejor_epoca=13
2026-09-26 15:18:35,380 INFO ICBHI/no_dn fold 2: config 11 (lr=0.0003, dropout=0.5) epoca 20: train_loss=0.0064 val_loss=0.1027 val_BA=1.000 mejor_epoca=13
2026-09-26 15:18:48,885 INFO ICBHI/no_dn fold 2 config 11: OK val_BA=1.000 mejor_epoca=13 (0.8 min)
2026-09-26 15:18:50,838 INFO ICBHI/no_dn fold 2: config 12 (lr=0.0003, dropout=0.5) epoca 1: train_loss=0.5619 val_loss=0.4076 val_BA=0.750 mejor_epoca=1
2026-09-26 15:18:52,589 INFO ICBHI/no_dn fold 2: config 12 (lr=0.0003, dropout=0.5) epoca 2: train_loss=0.2768 val_loss=0.4499 val_BA=1.000 mejor_epoca=2
2026-09-26 15:18:57,826 INFO ICBHI/no_dn fold 2: config 12 (lr=0.0003, dropout=0.5) epoca 5: train_loss=0.0580 val_loss=0.3994 val_BA=1.000 mejor_epoca=5
2026-09-26 15:19:03,103 INFO ICBHI/no_dn fold 2: config 12 (lr=0.0003, dropout=0.5) epoca 8: train_loss=0.0214 val_loss=0.2194 val_BA=1.000 mejor_epoca=8
2026-09-26 15:19:06,695 INFO ICBHI/no_dn fold 2: config 12 (lr=0.0003, dropout=0.5) epoca 10: train_loss=0.0139 val_loss=0.0454 val_BA=1.000 mejor_epoca=10
2026-09-26 15:19:20,950 INFO ICBHI/no_dn fold 2: config 12 (lr=0.0003, dropout=0.5) epoca 18: train_loss=0.0037 val_loss=0.0435 val_BA=1.000 mejor_epoca=18
2026-09-26 15:19:24,514 INFO ICBHI/no_dn fold 2: config 12 (lr=0.0003, dropout=0.5) epoca 20: train_loss=0.0014 val_loss=0.0414 val_BA=1.000 mejor_epoca=20
2026-09-26 15:19:28,074 INFO ICBHI/no_dn fold 2: config 12 (lr=0.0003, dropout=0.5) epoca 22: train_loss=0.0036 val_loss=0.0397 val_BA=1.000 mejor_epoca=22
2026-09-26 15:19:42,306 INFO ICBHI/no_dn fold 2: config 12 (lr=0.0003, dropout=0.5) epoca 30: train_loss=0.0043 val_loss=0.0696 val_BA=0.750 mejor_epoca=22
2026-09-26 15:19:54,654 INFO ICBHI/no_dn fold 2 config 12: OK val_BA=1.000 mejor_epoca=22 (1.1 min)
2026-09-26 15:19:56,863 INFO ICBHI/no_dn fold 2: config 13 (lr=0.001, dropout=0.2) epoca 1: train_loss=0.8647 val_loss=0.4469 val_BA=0.500 mejor_epoca=1
2026-09-26 15:19:58,862 INFO ICBHI/no_dn fold 2: config 13 (lr=0.001, dropout=0.2) epoca 2: train_loss=0.8224 val_loss=0.3999 val_BA=0.500 mejor_epoca=2
2026-09-26 15:20:00,862 INFO ICBHI/no_dn fold 2: config 13 (lr=0.001, dropout=0.2) epoca 3: train_loss=0.8289 val_loss=0.3909 val_BA=0.500 mejor_epoca=3
2026-09-26 15:20:02,876 INFO ICBHI/no_dn fold 2: config 13 (lr=0.001, dropout=0.2) epoca 4: train_loss=0.6951 val_loss=0.5325 val_BA=0.775 mejor_epoca=4
2026-09-26 15:20:04,893 INFO ICBHI/no_dn fold 2: config 13 (lr=0.001, dropout=0.2) epoca 5: train_loss=0.4791 val_loss=0.1887 val_BA=0.875 mejor_epoca=5
2026-09-26 15:20:06,875 INFO ICBHI/no_dn fold 2: config 13 (lr=0.001, dropout=0.2) epoca 6: train_loss=0.2531 val_loss=0.7908 val_BA=0.950 mejor_epoca=6
2026-09-26 15:20:14,871 INFO ICBHI/no_dn fold 2: config 13 (lr=0.001, dropout=0.2) epoca 10: train_loss=0.0954 val_loss=0.2125 val_BA=0.875 mejor_epoca=6
2026-09-26 15:20:20,861 INFO ICBHI/no_dn fold 2: config 13 (lr=0.001, dropout=0.2) epoca 13: train_loss=0.0282 val_loss=0.4359 val_BA=1.000 mejor_epoca=13
2026-09-26 15:20:28,900 INFO ICBHI/no_dn fold 2: config 13 (lr=0.001, dropout=0.2) epoca 17: train_loss=0.0073 val_loss=0.2275 val_BA=1.000 mejor_epoca=17
2026-09-26 15:20:34,896 INFO ICBHI/no_dn fold 2: config 13 (lr=0.001, dropout=0.2) epoca 20: train_loss=0.0105 val_loss=0.1579 val_BA=0.750 mejor_epoca=17
2026-09-26 15:20:54,890 INFO ICBHI/no_dn fold 2: config 13 (lr=0.001, dropout=0.2) epoca 30: train_loss=0.0542 val_loss=0.0983 val_BA=0.875 mejor_epoca=17
2026-09-26 15:20:58,903 INFO ICBHI/no_dn fold 2 config 13: OK val_BA=1.000 mejor_epoca=17 (1.1 min)
2026-09-26 15:21:00,838 INFO ICBHI/no_dn fold 2: config 14 (lr=0.001, dropout=0.3) epoca 1: train_loss=0.6495 val_loss=0.5103 val_BA=0.750 mejor_epoca=1
2026-09-26 15:21:02,552 INFO ICBHI/no_dn fold 2: config 14 (lr=0.001, dropout=0.3) epoca 2: train_loss=0.4080 val_loss=0.6523 val_BA=0.825 mejor_epoca=2
2026-09-26 15:21:04,273 INFO ICBHI/no_dn fold 2: config 14 (lr=0.001, dropout=0.3) epoca 3: train_loss=0.2161 val_loss=0.5657 val_BA=1.000 mejor_epoca=3
2026-09-26 15:21:09,456 INFO ICBHI/no_dn fold 2: config 14 (lr=0.001, dropout=0.3) epoca 6: train_loss=0.0923 val_loss=0.4905 val_BA=1.000 mejor_epoca=6
2026-09-26 15:21:16,352 INFO ICBHI/no_dn fold 2: config 14 (lr=0.001, dropout=0.3) epoca 10: train_loss=0.0167 val_loss=0.1167 val_BA=0.875 mejor_epoca=6
2026-09-26 15:21:33,567 INFO ICBHI/no_dn fold 2: config 14 (lr=0.001, dropout=0.3) epoca 20: train_loss=0.0038 val_loss=0.1680 val_BA=1.000 mejor_epoca=20
2026-09-26 15:21:43,930 INFO ICBHI/no_dn fold 2: config 14 (lr=0.001, dropout=0.3) epoca 26: train_loss=0.0111 val_loss=0.1604 val_BA=1.000 mejor_epoca=26
2026-09-26 15:21:50,859 INFO ICBHI/no_dn fold 2: config 14 (lr=0.001, dropout=0.3) epoca 30: train_loss=0.0051 val_loss=0.1574 val_BA=0.875 mejor_epoca=26
2026-09-26 15:22:08,062 INFO ICBHI/no_dn fold 2: config 14 (lr=0.001, dropout=0.3) epoca 40: train_loss=0.0003 val_loss=0.0817 val_BA=0.750 mejor_epoca=26
2026-09-26 15:22:09,802 INFO ICBHI/no_dn fold 2 config 14: OK val_BA=1.000 mejor_epoca=26 (1.2 min)
2026-09-26 15:22:11,827 INFO ICBHI/no_dn fold 2: config 15 (lr=0.001, dropout=0.3) epoca 1: train_loss=0.5886 val_loss=0.3169 val_BA=0.625 mejor_epoca=1
2026-09-26 15:22:13,622 INFO ICBHI/no_dn fold 2: config 15 (lr=0.001, dropout=0.3) epoca 2: train_loss=0.3949 val_loss=0.4249 val_BA=0.700 mejor_epoca=2
2026-09-26 15:22:17,223 INFO ICBHI/no_dn fold 2: config 15 (lr=0.001, dropout=0.3) epoca 4: train_loss=0.1636 val_loss=0.2957 val_BA=0.750 mejor_epoca=4
2026-09-26 15:22:19,012 INFO ICBHI/no_dn fold 2: config 15 (lr=0.001, dropout=0.3) epoca 5: train_loss=0.1211 val_loss=0.5610 val_BA=1.000 mejor_epoca=5
2026-09-26 15:22:27,951 INFO ICBHI/no_dn fold 2: config 15 (lr=0.001, dropout=0.3) epoca 10: train_loss=0.0186 val_loss=0.1841 val_BA=0.750 mejor_epoca=5
2026-09-26 15:22:33,329 INFO ICBHI/no_dn fold 2: config 15 (lr=0.001, dropout=0.3) epoca 13: train_loss=0.0094 val_loss=0.2860 val_BA=1.000 mejor_epoca=13
2026-09-26 15:22:45,853 INFO ICBHI/no_dn fold 2: config 15 (lr=0.001, dropout=0.3) epoca 20: train_loss=0.0091 val_loss=0.1812 val_BA=0.750 mejor_epoca=13
2026-09-26 15:23:00,251 INFO ICBHI/no_dn fold 2 config 15: OK val_BA=1.000 mejor_epoca=13 (0.8 min)
2026-09-26 15:23:02,535 INFO ICBHI/no_dn fold 2: config 16 (lr=0.001, dropout=0.4) epoca 1: train_loss=0.8161 val_loss=0.2805 val_BA=0.500 mejor_epoca=1
2026-09-26 15:23:04,578 INFO ICBHI/no_dn fold 2: config 16 (lr=0.001, dropout=0.4) epoca 2: train_loss=0.7405 val_loss=0.4096 val_BA=0.825 mejor_epoca=2
2026-09-26 15:23:10,709 INFO ICBHI/no_dn fold 2: config 16 (lr=0.001, dropout=0.4) epoca 5: train_loss=0.2644 val_loss=0.1115 val_BA=0.875 mejor_epoca=5
2026-09-26 15:23:14,818 INFO ICBHI/no_dn fold 2: config 16 (lr=0.001, dropout=0.4) epoca 7: train_loss=0.1484 val_loss=0.0998 val_BA=0.875 mejor_epoca=7
2026-09-26 15:23:16,859 INFO ICBHI/no_dn fold 2: config 16 (lr=0.001, dropout=0.4) epoca 8: train_loss=0.0797 val_loss=0.2913 val_BA=1.000 mejor_epoca=8
2026-09-26 15:23:20,939 INFO ICBHI/no_dn fold 2: config 16 (lr=0.001, dropout=0.4) epoca 10: train_loss=0.0475 val_loss=0.2006 val_BA=1.000 mejor_epoca=10
2026-09-26 15:23:41,338 INFO ICBHI/no_dn fold 2: config 16 (lr=0.001, dropout=0.4) epoca 20: train_loss=0.0201 val_loss=0.1578 val_BA=0.875 mejor_epoca=10
2026-09-26 15:23:51,514 INFO ICBHI/no_dn fold 2 config 16: OK val_BA=1.000 mejor_epoca=10 (0.9 min)
2026-09-26 15:23:53,552 INFO ICBHI/no_dn fold 2: config 17 (lr=0.001, dropout=0.5) epoca 1: train_loss=0.5355 val_loss=1.0085 val_BA=0.850 mejor_epoca=1
2026-09-26 15:24:04,420 INFO ICBHI/no_dn fold 2: config 17 (lr=0.001, dropout=0.5) epoca 7: train_loss=0.0862 val_loss=0.2186 val_BA=0.875 mejor_epoca=7
2026-09-26 15:24:08,040 INFO ICBHI/no_dn fold 2: config 17 (lr=0.001, dropout=0.5) epoca 9: train_loss=0.0349 val_loss=0.2970 val_BA=1.000 mejor_epoca=9
2026-09-26 15:24:09,848 INFO ICBHI/no_dn fold 2: config 17 (lr=0.001, dropout=0.5) epoca 10: train_loss=0.0220 val_loss=0.6454 val_BA=0.950 mejor_epoca=9
2026-09-26 15:24:27,897 INFO ICBHI/no_dn fold 2: config 17 (lr=0.001, dropout=0.5) epoca 20: train_loss=0.0025 val_loss=0.1270 val_BA=0.750 mejor_epoca=9
2026-09-26 15:24:35,144 INFO ICBHI/no_dn fold 2 config 17: OK val_BA=1.000 mejor_epoca=9 (0.7 min)
2026-09-26 15:24:37,239 INFO ICBHI/no_dn fold 2: config 18 (lr=0.001, dropout=0.5) epoca 1: train_loss=0.6404 val_loss=0.2912 val_BA=0.500 mejor_epoca=1
2026-09-26 15:24:38,962 INFO ICBHI/no_dn fold 2: config 18 (lr=0.001, dropout=0.5) epoca 2: train_loss=0.3580 val_loss=0.9599 val_BA=0.825 mejor_epoca=2
2026-09-26 15:24:42,421 INFO ICBHI/no_dn fold 2: config 18 (lr=0.001, dropout=0.5) epoca 4: train_loss=0.1365 val_loss=0.3589 val_BA=1.000 mejor_epoca=4
2026-09-26 15:24:52,751 INFO ICBHI/no_dn fold 2: config 18 (lr=0.001, dropout=0.5) epoca 10: train_loss=0.0174 val_loss=0.1019 val_BA=0.875 mejor_epoca=4
2026-09-26 15:25:10,040 INFO ICBHI/no_dn fold 2: config 18 (lr=0.001, dropout=0.5) epoca 20: train_loss=0.0093 val_loss=0.1633 val_BA=1.000 mejor_epoca=20
2026-09-26 15:25:27,309 INFO ICBHI/no_dn fold 2: config 18 (lr=0.001, dropout=0.5) epoca 30: train_loss=0.0010 val_loss=0.1313 val_BA=0.875 mejor_epoca=20
2026-09-26 15:25:35,954 INFO ICBHI/no_dn fold 2 config 18: OK val_BA=1.000 mejor_epoca=20 (1.0 min)
2026-09-26 15:25:37,888 INFO ICBHI/no_dn fold 2: config 19 (lr=0.001, dropout=0.5) epoca 1: train_loss=0.5680 val_loss=6.1106 val_BA=0.500 mejor_epoca=1
2026-09-26 15:25:39,609 INFO ICBHI/no_dn fold 2: config 19 (lr=0.001, dropout=0.5) epoca 2: train_loss=0.2737 val_loss=3.1253 val_BA=0.600 mejor_epoca=2
2026-09-26 15:25:43,062 INFO ICBHI/no_dn fold 2: config 19 (lr=0.001, dropout=0.5) epoca 4: train_loss=0.1437 val_loss=0.1984 val_BA=0.750 mejor_epoca=4
2026-09-26 15:25:44,775 INFO ICBHI/no_dn fold 2: config 19 (lr=0.001, dropout=0.5) epoca 5: train_loss=0.0800 val_loss=1.3975 val_BA=0.850 mejor_epoca=5
2026-09-26 15:25:46,493 INFO ICBHI/no_dn fold 2: config 19 (lr=0.001, dropout=0.5) epoca 6: train_loss=0.0654 val_loss=0.2048 val_BA=1.000 mejor_epoca=6
2026-09-26 15:25:51,637 INFO ICBHI/no_dn fold 2: config 19 (lr=0.001, dropout=0.5) epoca 9: train_loss=0.0478 val_loss=0.1781 val_BA=1.000 mejor_epoca=9
2026-09-26 15:25:53,349 INFO ICBHI/no_dn fold 2: config 19 (lr=0.001, dropout=0.5) epoca 10: train_loss=0.0224 val_loss=0.1482 val_BA=1.000 mejor_epoca=10
2026-09-26 15:25:56,799 INFO ICBHI/no_dn fold 2: config 19 (lr=0.001, dropout=0.5) epoca 12: train_loss=0.0151 val_loss=0.1046 val_BA=1.000 mejor_epoca=12
2026-09-26 15:26:10,590 INFO ICBHI/no_dn fold 2: config 19 (lr=0.001, dropout=0.5) epoca 20: train_loss=0.0022 val_loss=0.0953 val_BA=0.875 mejor_epoca=12
2026-09-26 15:26:22,627 INFO ICBHI/no_dn fold 2 config 19: OK val_BA=1.000 mejor_epoca=12 (0.8 min)
2026-09-26 15:26:23,448 INFO log-mel ICBHI/cv/fold_03/no_dn: 500/4715
2026-09-26 15:26:24,035 INFO log-mel ICBHI/cv/fold_03/no_dn: 1000/4715
2026-09-26 15:26:24,621 INFO log-mel ICBHI/cv/fold_03/no_dn: 1500/4715
2026-09-26 15:26:25,208 INFO log-mel ICBHI/cv/fold_03/no_dn: 2000/4715
2026-09-26 15:26:25,796 INFO log-mel ICBHI/cv/fold_03/no_dn: 2500/4715
2026-09-26 15:26:26,422 INFO log-mel ICBHI/cv/fold_03/no_dn: 3000/4715
2026-09-26 15:26:27,009 INFO log-mel ICBHI/cv/fold_03/no_dn: 3500/4715
2026-09-26 15:26:27,594 INFO log-mel ICBHI/cv/fold_03/no_dn: 4000/4715
2026-09-26 15:26:28,181 INFO log-mel ICBHI/cv/fold_03/no_dn: 4500/4715
2026-09-26 15:26:28,434 INFO log-mel ICBHI/cv/fold_03/no_dn: 4715/4715
2026-09-26 15:26:29,121 INFO ICBHI/no_dn fold 3: log-mel no_dn listo en 6.5 s, forma (4715, 1, 64, 309)
2026-09-26 15:26:29,134 INFO ICBHI/no_dn fold 3: 58/14 pacientes train/validation, 20 de 20 configuracion(es) por evaluar
2026-09-26 15:26:31,673 INFO ICBHI/no_dn fold 3: config 0 (lr=0.0001, dropout=0.3) epoca 1: train_loss=0.4727 val_loss=0.3752 val_BA=0.725 mejor_epoca=1
2026-09-26 15:26:33,918 INFO ICBHI/no_dn fold 3: config 0 (lr=0.0001, dropout=0.3) epoca 2: train_loss=0.2698 val_loss=0.1467 val_BA=0.950 mejor_epoca=2
2026-09-26 15:26:38,395 INFO ICBHI/no_dn fold 3: config 0 (lr=0.0001, dropout=0.3) epoca 4: train_loss=0.1013 val_loss=0.0724 val_BA=0.950 mejor_epoca=4
2026-09-26 15:26:51,815 INFO ICBHI/no_dn fold 3: config 0 (lr=0.0001, dropout=0.3) epoca 10: train_loss=0.0160 val_loss=0.0845 val_BA=0.950 mejor_epoca=4
2026-09-26 15:27:14,323 INFO ICBHI/no_dn fold 3: config 0 (lr=0.0001, dropout=0.3) epoca 20: train_loss=0.0009 val_loss=0.2570 val_BA=0.950 mejor_epoca=4
2026-09-26 15:27:14,343 INFO ICBHI/no_dn fold 3 config 0: OK val_BA=0.950 mejor_epoca=4 (0.8 min)
2026-09-26 15:27:16,517 INFO ICBHI/no_dn fold 3: config 1 (lr=0.0001, dropout=0.3) epoca 1: train_loss=0.5334 val_loss=0.7562 val_BA=0.575 mejor_epoca=1
2026-09-26 15:27:18,414 INFO ICBHI/no_dn fold 3: config 1 (lr=0.0001, dropout=0.3) epoca 2: train_loss=0.3172 val_loss=0.6233 val_BA=0.800 mejor_epoca=2
2026-09-26 15:27:20,303 INFO ICBHI/no_dn fold 3: config 1 (lr=0.0001, dropout=0.3) epoca 3: train_loss=0.2135 val_loss=0.2952 val_BA=0.950 mejor_epoca=3
2026-09-26 15:27:22,192 INFO ICBHI/no_dn fold 3: config 1 (lr=0.0001, dropout=0.3) epoca 4: train_loss=0.1744 val_loss=0.2827 val_BA=0.950 mejor_epoca=4
2026-09-26 15:27:31,645 INFO ICBHI/no_dn fold 3: config 1 (lr=0.0001, dropout=0.3) epoca 9: train_loss=0.0359 val_loss=0.1279 val_BA=0.950 mejor_epoca=9
2026-09-26 15:27:33,531 INFO ICBHI/no_dn fold 3: config 1 (lr=0.0001, dropout=0.3) epoca 10: train_loss=0.0267 val_loss=0.3921 val_BA=0.950 mejor_epoca=9
2026-09-26 15:27:35,403 INFO ICBHI/no_dn fold 3: config 1 (lr=0.0001, dropout=0.3) epoca 11: train_loss=0.0222 val_loss=0.0940 val_BA=0.950 mejor_epoca=11
2026-09-26 15:27:48,575 INFO ICBHI/no_dn fold 3: config 1 (lr=0.0001, dropout=0.3) epoca 18: train_loss=0.0095 val_loss=0.0526 val_BA=0.950 mejor_epoca=18
2026-09-26 15:27:52,349 INFO ICBHI/no_dn fold 3: config 1 (lr=0.0001, dropout=0.3) epoca 20: train_loss=0.0077 val_loss=0.1128 val_BA=0.950 mejor_epoca=18
2026-09-26 15:28:05,516 INFO ICBHI/no_dn fold 3: config 1 (lr=0.0001, dropout=0.3) epoca 27: train_loss=0.0049 val_loss=0.0431 val_BA=1.000 mejor_epoca=27
2026-09-26 15:28:11,112 INFO ICBHI/no_dn fold 3: config 1 (lr=0.0001, dropout=0.3) epoca 30: train_loss=0.0032 val_loss=0.0855 val_BA=0.950 mejor_epoca=27
2026-09-26 15:28:29,952 INFO ICBHI/no_dn fold 3: config 1 (lr=0.0001, dropout=0.3) epoca 40: train_loss=0.0018 val_loss=0.0889 val_BA=0.950 mejor_epoca=27
2026-09-26 15:28:33,765 INFO ICBHI/no_dn fold 3 config 1: OK val_BA=1.000 mejor_epoca=27 (1.3 min)
2026-09-26 15:28:36,029 INFO ICBHI/no_dn fold 3: config 2 (lr=0.0001, dropout=0.4) epoca 1: train_loss=0.5402 val_loss=0.2937 val_BA=0.875 mejor_epoca=1
2026-09-26 15:28:38,013 INFO ICBHI/no_dn fold 3: config 2 (lr=0.0001, dropout=0.4) epoca 2: train_loss=0.2814 val_loss=0.1678 val_BA=0.875 mejor_epoca=2
2026-09-26 15:28:39,998 INFO ICBHI/no_dn fold 3: config 2 (lr=0.0001, dropout=0.4) epoca 3: train_loss=0.1588 val_loss=0.4142 val_BA=0.950 mejor_epoca=3
2026-09-26 15:28:41,968 INFO ICBHI/no_dn fold 3: config 2 (lr=0.0001, dropout=0.4) epoca 4: train_loss=0.1026 val_loss=0.2086 val_BA=0.950 mejor_epoca=4
2026-09-26 15:28:45,918 INFO ICBHI/no_dn fold 3: config 2 (lr=0.0001, dropout=0.4) epoca 6: train_loss=0.0512 val_loss=0.1247 val_BA=0.950 mejor_epoca=6
2026-09-26 15:28:53,798 INFO ICBHI/no_dn fold 3: config 2 (lr=0.0001, dropout=0.4) epoca 10: train_loss=0.0190 val_loss=0.2746 val_BA=0.950 mejor_epoca=6
2026-09-26 15:29:07,501 INFO ICBHI/no_dn fold 3: config 2 (lr=0.0001, dropout=0.4) epoca 17: train_loss=0.0156 val_loss=0.1162 val_BA=0.950 mejor_epoca=17
2026-09-26 15:29:11,415 INFO ICBHI/no_dn fold 3: config 2 (lr=0.0001, dropout=0.4) epoca 19: train_loss=0.0048 val_loss=0.0455 val_BA=0.950 mejor_epoca=19
2026-09-26 15:29:13,374 INFO ICBHI/no_dn fold 3: config 2 (lr=0.0001, dropout=0.4) epoca 20: train_loss=0.0053 val_loss=0.0422 val_BA=1.000 mejor_epoca=20
2026-09-26 15:29:32,931 INFO ICBHI/no_dn fold 3: config 2 (lr=0.0001, dropout=0.4) epoca 30: train_loss=0.0021 val_loss=0.2362 val_BA=0.950 mejor_epoca=20
2026-09-26 15:29:42,646 INFO ICBHI/no_dn fold 3 config 2: OK val_BA=1.000 mejor_epoca=20 (1.1 min)
2026-09-26 15:29:45,092 INFO ICBHI/no_dn fold 3: config 3 (lr=0.0001, dropout=0.4) epoca 1: train_loss=0.6280 val_loss=0.3719 val_BA=0.700 mejor_epoca=1
2026-09-26 15:29:47,298 INFO ICBHI/no_dn fold 3: config 3 (lr=0.0001, dropout=0.4) epoca 2: train_loss=0.3802 val_loss=0.1189 val_BA=0.950 mejor_epoca=2
2026-09-26 15:29:49,519 INFO ICBHI/no_dn fold 3: config 3 (lr=0.0001, dropout=0.4) epoca 3: train_loss=0.2320 val_loss=0.0633 val_BA=1.000 mejor_epoca=3
2026-09-26 15:30:00,456 INFO ICBHI/no_dn fold 3: config 3 (lr=0.0001, dropout=0.4) epoca 8: train_loss=0.0306 val_loss=0.0300 val_BA=1.000 mejor_epoca=8
2026-09-26 15:30:04,939 INFO ICBHI/no_dn fold 3: config 3 (lr=0.0001, dropout=0.4) epoca 10: train_loss=0.0228 val_loss=0.0627 val_BA=0.625 mejor_epoca=8
2026-09-26 15:30:11,558 INFO ICBHI/no_dn fold 3: config 3 (lr=0.0001, dropout=0.4) epoca 13: train_loss=0.0140 val_loss=0.0245 val_BA=1.000 mejor_epoca=13
2026-09-26 15:30:27,059 INFO ICBHI/no_dn fold 3: config 3 (lr=0.0001, dropout=0.4) epoca 20: train_loss=0.0138 val_loss=0.0939 val_BA=0.950 mejor_epoca=13
2026-09-26 15:30:44,923 INFO ICBHI/no_dn fold 3 config 3: OK val_BA=1.000 mejor_epoca=13 (1.0 min)
2026-09-26 15:30:47,133 INFO ICBHI/no_dn fold 3: config 4 (lr=0.0001, dropout=0.4) epoca 1: train_loss=0.5383 val_loss=1.0412 val_BA=0.525 mejor_epoca=1
2026-09-26 15:30:49,090 INFO ICBHI/no_dn fold 3: config 4 (lr=0.0001, dropout=0.4) epoca 2: train_loss=0.3239 val_loss=0.4127 val_BA=0.900 mejor_epoca=2
2026-09-26 15:30:53,029 INFO ICBHI/no_dn fold 3: config 4 (lr=0.0001, dropout=0.4) epoca 4: train_loss=0.1418 val_loss=0.2077 val_BA=0.950 mejor_epoca=4
2026-09-26 15:30:58,914 INFO ICBHI/no_dn fold 3: config 4 (lr=0.0001, dropout=0.4) epoca 7: train_loss=0.0615 val_loss=0.1699 val_BA=0.950 mejor_epoca=7
2026-09-26 15:31:00,889 INFO ICBHI/no_dn fold 3: config 4 (lr=0.0001, dropout=0.4) epoca 8: train_loss=0.0391 val_loss=0.1115 val_BA=0.950 mejor_epoca=8
2026-09-26 15:31:02,879 INFO ICBHI/no_dn fold 3: config 4 (lr=0.0001, dropout=0.4) epoca 9: train_loss=0.0277 val_loss=0.0878 val_BA=0.950 mejor_epoca=9
2026-09-26 15:31:04,865 INFO ICBHI/no_dn fold 3: config 4 (lr=0.0001, dropout=0.4) epoca 10: train_loss=0.0238 val_loss=0.2894 val_BA=0.950 mejor_epoca=9
2026-09-26 15:31:16,663 INFO ICBHI/no_dn fold 3: config 4 (lr=0.0001, dropout=0.4) epoca 16: train_loss=0.0072 val_loss=0.0839 val_BA=0.950 mejor_epoca=16
2026-09-26 15:31:24,506 INFO ICBHI/no_dn fold 3: config 4 (lr=0.0001, dropout=0.4) epoca 20: train_loss=0.0096 val_loss=0.2470 val_BA=0.950 mejor_epoca=16
2026-09-26 15:31:30,342 INFO ICBHI/no_dn fold 3: config 4 (lr=0.0001, dropout=0.4) epoca 23: train_loss=0.0046 val_loss=0.0699 val_BA=0.950 mejor_epoca=23
2026-09-26 15:31:44,011 INFO ICBHI/no_dn fold 3: config 4 (lr=0.0001, dropout=0.4) epoca 30: train_loss=0.0023 val_loss=0.0880 val_BA=0.825 mejor_epoca=23
2026-09-26 15:31:59,707 INFO ICBHI/no_dn fold 3 config 4: OK val_BA=0.950 mejor_epoca=23 (1.2 min)
2026-09-26 15:32:01,845 INFO ICBHI/no_dn fold 3: config 5 (lr=0.0001, dropout=0.4) epoca 1: train_loss=0.5104 val_loss=0.3823 val_BA=0.775 mejor_epoca=1
2026-09-26 15:32:03,727 INFO ICBHI/no_dn fold 3: config 5 (lr=0.0001, dropout=0.4) epoca 2: train_loss=0.2882 val_loss=0.5663 val_BA=0.900 mejor_epoca=2
2026-09-26 15:32:05,609 INFO ICBHI/no_dn fold 3: config 5 (lr=0.0001, dropout=0.4) epoca 3: train_loss=0.1875 val_loss=0.3549 val_BA=0.900 mejor_epoca=3
2026-09-26 15:32:09,381 INFO ICBHI/no_dn fold 3: config 5 (lr=0.0001, dropout=0.4) epoca 5: train_loss=0.1009 val_loss=0.3261 val_BA=0.950 mejor_epoca=5
2026-09-26 15:32:15,027 INFO ICBHI/no_dn fold 3: config 5 (lr=0.0001, dropout=0.4) epoca 8: train_loss=0.0384 val_loss=0.1802 val_BA=0.950 mejor_epoca=8
2026-09-26 15:32:18,792 INFO ICBHI/no_dn fold 3: config 5 (lr=0.0001, dropout=0.4) epoca 10: train_loss=0.0244 val_loss=0.0730 val_BA=0.875 mejor_epoca=8
2026-09-26 15:32:22,559 INFO ICBHI/no_dn fold 3: config 5 (lr=0.0001, dropout=0.4) epoca 12: train_loss=0.0203 val_loss=0.0956 val_BA=0.950 mejor_epoca=12
2026-09-26 15:32:28,182 INFO ICBHI/no_dn fold 3: config 5 (lr=0.0001, dropout=0.4) epoca 15: train_loss=0.0133 val_loss=0.0891 val_BA=0.950 mejor_epoca=15
2026-09-26 15:32:37,581 INFO ICBHI/no_dn fold 3: config 5 (lr=0.0001, dropout=0.4) epoca 20: train_loss=0.0084 val_loss=0.1269 val_BA=0.950 mejor_epoca=15
2026-09-26 15:32:56,465 INFO ICBHI/no_dn fold 3: config 5 (lr=0.0001, dropout=0.4) epoca 30: train_loss=0.0032 val_loss=0.2093 val_BA=0.950 mejor_epoca=15
2026-09-26 15:32:56,486 INFO ICBHI/no_dn fold 3 config 5: OK val_BA=0.950 mejor_epoca=15 (0.9 min)
2026-09-26 15:32:58,978 INFO ICBHI/no_dn fold 3: config 6 (lr=0.0001, dropout=0.5) epoca 1: train_loss=0.5584 val_loss=0.7928 val_BA=0.575 mejor_epoca=1
2026-09-26 15:33:01,197 INFO ICBHI/no_dn fold 3: config 6 (lr=0.0001, dropout=0.5) epoca 2: train_loss=0.3332 val_loss=0.1389 val_BA=0.625 mejor_epoca=2
2026-09-26 15:33:03,424 INFO ICBHI/no_dn fold 3: config 6 (lr=0.0001, dropout=0.5) epoca 3: train_loss=0.1967 val_loss=0.1409 val_BA=0.950 mejor_epoca=3
2026-09-26 15:33:10,052 INFO ICBHI/no_dn fold 3: config 6 (lr=0.0001, dropout=0.5) epoca 6: train_loss=0.0749 val_loss=0.0331 val_BA=1.000 mejor_epoca=6
2026-09-26 15:33:18,903 INFO ICBHI/no_dn fold 3: config 6 (lr=0.0001, dropout=0.5) epoca 10: train_loss=0.0205 val_loss=0.0487 val_BA=0.950 mejor_epoca=6
2026-09-26 15:33:41,249 INFO ICBHI/no_dn fold 3: config 6 (lr=0.0001, dropout=0.5) epoca 20: train_loss=0.0041 val_loss=0.1648 val_BA=0.950 mejor_epoca=6
2026-09-26 15:33:43,481 INFO ICBHI/no_dn fold 3 config 6: OK val_BA=1.000 mejor_epoca=6 (0.8 min)
2026-09-26 15:33:45,618 INFO ICBHI/no_dn fold 3: config 7 (lr=0.0001, dropout=0.5) epoca 1: train_loss=0.5353 val_loss=1.7576 val_BA=0.600 mejor_epoca=1
2026-09-26 15:33:47,499 INFO ICBHI/no_dn fold 3: config 7 (lr=0.0001, dropout=0.5) epoca 2: train_loss=0.3252 val_loss=0.2905 val_BA=0.825 mejor_epoca=2
2026-09-26 15:33:49,384 INFO ICBHI/no_dn fold 3: config 7 (lr=0.0001, dropout=0.5) epoca 3: train_loss=0.2193 val_loss=0.2949 val_BA=0.950 mejor_epoca=3
2026-09-26 15:33:53,168 INFO ICBHI/no_dn fold 3: config 7 (lr=0.0001, dropout=0.5) epoca 5: train_loss=0.1092 val_loss=0.1503 val_BA=0.950 mejor_epoca=5
2026-09-26 15:34:00,715 INFO ICBHI/no_dn fold 3: config 7 (lr=0.0001, dropout=0.5) epoca 9: train_loss=0.0332 val_loss=0.1489 val_BA=0.950 mejor_epoca=9
2026-09-26 15:34:02,598 INFO ICBHI/no_dn fold 3: config 7 (lr=0.0001, dropout=0.5) epoca 10: train_loss=0.0284 val_loss=0.3037 val_BA=0.950 mejor_epoca=9
2026-09-26 15:34:15,826 INFO ICBHI/no_dn fold 3: config 7 (lr=0.0001, dropout=0.5) epoca 17: train_loss=0.0108 val_loss=0.1289 val_BA=0.950 mejor_epoca=17
2026-09-26 15:34:21,486 INFO ICBHI/no_dn fold 3: config 7 (lr=0.0001, dropout=0.5) epoca 20: train_loss=0.0092 val_loss=0.3837 val_BA=0.950 mejor_epoca=17
2026-09-26 15:34:40,363 INFO ICBHI/no_dn fold 3: config 7 (lr=0.0001, dropout=0.5) epoca 30: train_loss=0.0055 val_loss=0.3401 val_BA=0.950 mejor_epoca=17
2026-09-26 15:34:44,153 INFO ICBHI/no_dn fold 3 config 7: OK val_BA=0.950 mejor_epoca=17 (1.0 min)
2026-09-26 15:34:46,302 INFO ICBHI/no_dn fold 3: config 8 (lr=0.0003, dropout=0.3) epoca 1: train_loss=0.4614 val_loss=0.2115 val_BA=0.950 mejor_epoca=1
2026-09-26 15:35:03,347 INFO ICBHI/no_dn fold 3: config 8 (lr=0.0003, dropout=0.3) epoca 10: train_loss=0.0080 val_loss=0.2941 val_BA=0.950 mejor_epoca=1
2026-09-26 15:35:05,242 INFO ICBHI/no_dn fold 3: config 8 (lr=0.0003, dropout=0.3) epoca 11: train_loss=0.0064 val_loss=0.0241 val_BA=1.000 mejor_epoca=11
2026-09-26 15:35:22,277 INFO ICBHI/no_dn fold 3: config 8 (lr=0.0003, dropout=0.3) epoca 20: train_loss=0.0020 val_loss=0.2469 val_BA=0.950 mejor_epoca=11
2026-09-26 15:35:33,634 INFO ICBHI/no_dn fold 3 config 8: OK val_BA=1.000 mejor_epoca=11 (0.8 min)
2026-09-26 15:35:35,869 INFO ICBHI/no_dn fold 3: config 9 (lr=0.0003, dropout=0.4) epoca 1: train_loss=0.4743 val_loss=0.3771 val_BA=0.825 mejor_epoca=1
2026-09-26 15:35:37,838 INFO ICBHI/no_dn fold 3: config 9 (lr=0.0003, dropout=0.4) epoca 2: train_loss=0.2360 val_loss=0.1644 val_BA=0.825 mejor_epoca=2
2026-09-26 15:35:39,822 INFO ICBHI/no_dn fold 3: config 9 (lr=0.0003, dropout=0.4) epoca 3: train_loss=0.1879 val_loss=0.3951 val_BA=0.900 mejor_epoca=3
2026-09-26 15:35:41,801 INFO ICBHI/no_dn fold 3: config 9 (lr=0.0003, dropout=0.4) epoca 4: train_loss=0.0864 val_loss=0.4286 val_BA=0.950 mejor_epoca=4
2026-09-26 15:35:43,767 INFO ICBHI/no_dn fold 3: config 9 (lr=0.0003, dropout=0.4) epoca 5: train_loss=0.0642 val_loss=0.2473 val_BA=0.950 mejor_epoca=5
2026-09-26 15:35:45,736 INFO ICBHI/no_dn fold 3: config 9 (lr=0.0003, dropout=0.4) epoca 6: train_loss=0.0561 val_loss=0.1828 val_BA=0.950 mejor_epoca=6
2026-09-26 15:35:51,632 INFO ICBHI/no_dn fold 3: config 9 (lr=0.0003, dropout=0.4) epoca 9: train_loss=0.0163 val_loss=0.1155 val_BA=0.950 mejor_epoca=9
2026-09-26 15:35:53,616 INFO ICBHI/no_dn fold 3: config 9 (lr=0.0003, dropout=0.4) epoca 10: train_loss=0.0193 val_loss=0.1779 val_BA=0.950 mejor_epoca=9
2026-09-26 15:35:55,590 INFO ICBHI/no_dn fold 3: config 9 (lr=0.0003, dropout=0.4) epoca 11: train_loss=0.0129 val_loss=0.1008 val_BA=0.950 mejor_epoca=11
2026-09-26 15:35:57,580 INFO ICBHI/no_dn fold 3: config 9 (lr=0.0003, dropout=0.4) epoca 12: train_loss=0.0058 val_loss=0.0409 val_BA=1.000 mejor_epoca=12
2026-09-26 15:35:59,548 INFO ICBHI/no_dn fold 3: config 9 (lr=0.0003, dropout=0.4) epoca 13: train_loss=0.0115 val_loss=0.0309 val_BA=1.000 mejor_epoca=13
2026-09-26 15:36:13,366 INFO ICBHI/no_dn fold 3: config 9 (lr=0.0003, dropout=0.4) epoca 20: train_loss=0.0065 val_loss=0.1697 val_BA=0.950 mejor_epoca=13
2026-09-26 15:36:15,337 INFO ICBHI/no_dn fold 3: config 9 (lr=0.0003, dropout=0.4) epoca 21: train_loss=0.0041 val_loss=0.0197 val_BA=1.000 mejor_epoca=21
2026-09-26 15:36:33,050 INFO ICBHI/no_dn fold 3: config 9 (lr=0.0003, dropout=0.4) epoca 30: train_loss=0.0011 val_loss=0.1245 val_BA=0.950 mejor_epoca=21
2026-09-26 15:36:44,913 INFO ICBHI/no_dn fold 3 config 9: OK val_BA=1.000 mejor_epoca=21 (1.2 min)
2026-09-26 15:36:47,410 INFO ICBHI/no_dn fold 3: config 10 (lr=0.0003, dropout=0.4) epoca 1: train_loss=0.5918 val_loss=0.1917 val_BA=0.700 mejor_epoca=1
2026-09-26 15:36:49,655 INFO ICBHI/no_dn fold 3: config 10 (lr=0.0003, dropout=0.4) epoca 2: train_loss=0.3292 val_loss=0.7092 val_BA=0.850 mejor_epoca=2
2026-09-26 15:36:54,150 INFO ICBHI/no_dn fold 3: config 10 (lr=0.0003, dropout=0.4) epoca 4: train_loss=0.0931 val_loss=0.1011 val_BA=0.950 mejor_epoca=4
2026-09-26 15:36:56,408 INFO ICBHI/no_dn fold 3: config 10 (lr=0.0003, dropout=0.4) epoca 5: train_loss=0.0700 val_loss=0.0254 val_BA=1.000 mejor_epoca=5
2026-09-26 15:37:07,676 INFO ICBHI/no_dn fold 3: config 10 (lr=0.0003, dropout=0.4) epoca 10: train_loss=0.0364 val_loss=0.1246 val_BA=0.950 mejor_epoca=5
2026-09-26 15:37:29,940 INFO ICBHI/no_dn fold 3: config 10 (lr=0.0003, dropout=0.4) epoca 20: train_loss=0.0134 val_loss=0.2248 val_BA=0.950 mejor_epoca=5
2026-09-26 15:37:29,959 INFO ICBHI/no_dn fold 3 config 10: OK val_BA=1.000 mejor_epoca=5 (0.8 min)
2026-09-26 15:37:32,094 INFO ICBHI/no_dn fold 3: config 11 (lr=0.0003, dropout=0.5) epoca 1: train_loss=0.5367 val_loss=0.5451 val_BA=0.675 mejor_epoca=1
2026-09-26 15:37:33,975 INFO ICBHI/no_dn fold 3: config 11 (lr=0.0003, dropout=0.5) epoca 2: train_loss=0.3181 val_loss=0.7270 val_BA=0.850 mejor_epoca=2
2026-09-26 15:37:35,855 INFO ICBHI/no_dn fold 3: config 11 (lr=0.0003, dropout=0.5) epoca 3: train_loss=0.1711 val_loss=0.3846 val_BA=0.950 mejor_epoca=3
2026-09-26 15:37:39,620 INFO ICBHI/no_dn fold 3: config 11 (lr=0.0003, dropout=0.5) epoca 5: train_loss=0.0671 val_loss=0.1695 val_BA=0.950 mejor_epoca=5
2026-09-26 15:37:49,052 INFO ICBHI/no_dn fold 3: config 11 (lr=0.0003, dropout=0.5) epoca 10: train_loss=0.0121 val_loss=0.0653 val_BA=0.950 mejor_epoca=10
2026-09-26 15:38:07,763 INFO ICBHI/no_dn fold 3: config 11 (lr=0.0003, dropout=0.5) epoca 20: train_loss=0.0022 val_loss=0.0927 val_BA=0.950 mejor_epoca=10
2026-09-26 15:38:11,495 INFO ICBHI/no_dn fold 3: config 11 (lr=0.0003, dropout=0.5) epoca 22: train_loss=0.0016 val_loss=0.0608 val_BA=0.950 mejor_epoca=22
2026-09-26 15:38:17,108 INFO ICBHI/no_dn fold 3: config 11 (lr=0.0003, dropout=0.5) epoca 25: train_loss=0.0020 val_loss=0.0208 val_BA=1.000 mejor_epoca=25
2026-09-26 15:38:26,489 INFO ICBHI/no_dn fold 3: config 11 (lr=0.0003, dropout=0.5) epoca 30: train_loss=0.0017 val_loss=0.1441 val_BA=0.950 mejor_epoca=25
2026-09-26 15:38:30,260 INFO ICBHI/no_dn fold 3: config 11 (lr=0.0003, dropout=0.5) epoca 32: train_loss=0.0021 val_loss=0.0207 val_BA=1.000 mejor_epoca=32
2026-09-26 15:38:45,328 INFO ICBHI/no_dn fold 3: config 11 (lr=0.0003, dropout=0.5) epoca 40: train_loss=0.0006 val_loss=0.0573 val_BA=1.000 mejor_epoca=32
2026-09-26 15:38:58,504 INFO ICBHI/no_dn fold 3 config 11: OK val_BA=1.000 mejor_epoca=32 (1.5 min)
2026-09-26 15:39:00,719 INFO ICBHI/no_dn fold 3: config 12 (lr=0.0003, dropout=0.5) epoca 1: train_loss=0.5656 val_loss=0.1980 val_BA=0.750 mejor_epoca=1
2026-09-26 15:39:02,672 INFO ICBHI/no_dn fold 3: config 12 (lr=0.0003, dropout=0.5) epoca 2: train_loss=0.2556 val_loss=0.2319 val_BA=0.950 mejor_epoca=2
2026-09-26 15:39:10,487 INFO ICBHI/no_dn fold 3: config 12 (lr=0.0003, dropout=0.5) epoca 6: train_loss=0.0434 val_loss=0.1046 val_BA=0.950 mejor_epoca=6
2026-09-26 15:39:12,449 INFO ICBHI/no_dn fold 3: config 12 (lr=0.0003, dropout=0.5) epoca 7: train_loss=0.0271 val_loss=0.0716 val_BA=0.950 mejor_epoca=7
2026-09-26 15:39:18,317 INFO ICBHI/no_dn fold 3: config 12 (lr=0.0003, dropout=0.5) epoca 10: train_loss=0.0145 val_loss=0.1157 val_BA=0.950 mejor_epoca=7
2026-09-26 15:39:22,222 INFO ICBHI/no_dn fold 3: config 12 (lr=0.0003, dropout=0.5) epoca 12: train_loss=0.0142 val_loss=0.0418 val_BA=1.000 mejor_epoca=12
2026-09-26 15:39:37,859 INFO ICBHI/no_dn fold 3: config 12 (lr=0.0003, dropout=0.5) epoca 20: train_loss=0.0018 val_loss=0.1019 val_BA=0.950 mejor_epoca=12
2026-09-26 15:39:51,536 INFO ICBHI/no_dn fold 3 config 12: OK val_BA=1.000 mejor_epoca=12 (0.9 min)
2026-09-26 15:39:54,013 INFO ICBHI/no_dn fold 3: config 13 (lr=0.001, dropout=0.2) epoca 1: train_loss=0.7862 val_loss=0.5990 val_BA=0.625 mejor_epoca=1
2026-09-26 15:39:58,437 INFO ICBHI/no_dn fold 3: config 13 (lr=0.001, dropout=0.2) epoca 3: train_loss=0.4858 val_loss=0.5868 val_BA=0.800 mejor_epoca=3
2026-09-26 15:40:02,915 INFO ICBHI/no_dn fold 3: config 13 (lr=0.001, dropout=0.2) epoca 5: train_loss=0.2015 val_loss=0.1961 val_BA=0.950 mejor_epoca=5
2026-09-26 15:40:05,154 INFO ICBHI/no_dn fold 3: config 13 (lr=0.001, dropout=0.2) epoca 6: train_loss=0.1229 val_loss=0.1761 val_BA=0.950 mejor_epoca=6
2026-09-26 15:40:09,614 INFO ICBHI/no_dn fold 3: config 13 (lr=0.001, dropout=0.2) epoca 8: train_loss=0.1075 val_loss=0.1090 val_BA=0.950 mejor_epoca=8
2026-09-26 15:40:14,089 INFO ICBHI/no_dn fold 3: config 13 (lr=0.001, dropout=0.2) epoca 10: train_loss=0.0369 val_loss=0.2872 val_BA=0.950 mejor_epoca=8
2026-09-26 15:40:36,192 INFO ICBHI/no_dn fold 3: config 13 (lr=0.001, dropout=0.2) epoca 20: train_loss=0.0333 val_loss=0.2814 val_BA=0.950 mejor_epoca=8
2026-09-26 15:40:42,860 INFO ICBHI/no_dn fold 3 config 13: OK val_BA=0.950 mejor_epoca=8 (0.9 min)
2026-09-26 15:40:45,005 INFO ICBHI/no_dn fold 3: config 14 (lr=0.001, dropout=0.3) epoca 1: train_loss=0.5256 val_loss=0.2500 val_BA=0.750 mejor_epoca=1
2026-09-26 15:40:46,888 INFO ICBHI/no_dn fold 3: config 14 (lr=0.001, dropout=0.3) epoca 2: train_loss=0.2343 val_loss=0.1963 val_BA=0.950 mejor_epoca=2
2026-09-26 15:41:00,050 INFO ICBHI/no_dn fold 3: config 14 (lr=0.001, dropout=0.3) epoca 9: train_loss=0.0298 val_loss=0.1133 val_BA=0.950 mejor_epoca=9
2026-09-26 15:41:01,933 INFO ICBHI/no_dn fold 3: config 14 (lr=0.001, dropout=0.3) epoca 10: train_loss=0.0368 val_loss=0.2344 val_BA=0.950 mejor_epoca=9
2026-09-26 15:41:15,113 INFO ICBHI/no_dn fold 3: config 14 (lr=0.001, dropout=0.3) epoca 17: train_loss=0.0037 val_loss=0.0935 val_BA=0.950 mejor_epoca=17
2026-09-26 15:41:19,012 INFO ICBHI/no_dn fold 3: config 14 (lr=0.001, dropout=0.3) epoca 19: train_loss=0.0293 val_loss=0.0289 val_BA=1.000 mejor_epoca=19
2026-09-26 15:41:20,883 INFO ICBHI/no_dn fold 3: config 14 (lr=0.001, dropout=0.3) epoca 20: train_loss=0.0148 val_loss=0.0438 val_BA=1.000 mejor_epoca=19
2026-09-26 15:41:32,107 INFO ICBHI/no_dn fold 3: config 14 (lr=0.001, dropout=0.3) epoca 26: train_loss=0.0056 val_loss=0.0226 val_BA=1.000 mejor_epoca=26
2026-09-26 15:41:39,556 INFO ICBHI/no_dn fold 3: config 14 (lr=0.001, dropout=0.3) epoca 30: train_loss=0.0005 val_loss=0.0434 val_BA=1.000 mejor_epoca=26
2026-09-26 15:41:58,170 INFO ICBHI/no_dn fold 3: config 14 (lr=0.001, dropout=0.3) epoca 40: train_loss=0.0002 val_loss=0.0449 val_BA=1.000 mejor_epoca=26
2026-09-26 15:42:00,045 INFO ICBHI/no_dn fold 3 config 14: OK val_BA=1.000 mejor_epoca=26 (1.3 min)
2026-09-26 15:42:02,225 INFO ICBHI/no_dn fold 3: config 15 (lr=0.001, dropout=0.3) epoca 1: train_loss=0.5822 val_loss=0.1649 val_BA=0.875 mejor_epoca=1
2026-09-26 15:42:08,049 INFO ICBHI/no_dn fold 3: config 15 (lr=0.001, dropout=0.3) epoca 4: train_loss=0.1432 val_loss=0.1273 val_BA=0.950 mejor_epoca=4
2026-09-26 15:42:13,899 INFO ICBHI/no_dn fold 3: config 15 (lr=0.001, dropout=0.3) epoca 7: train_loss=0.0621 val_loss=0.0724 val_BA=1.000 mejor_epoca=7
2026-09-26 15:42:19,757 INFO ICBHI/no_dn fold 3: config 15 (lr=0.001, dropout=0.3) epoca 10: train_loss=0.0230 val_loss=0.2245 val_BA=0.950 mejor_epoca=7
2026-09-26 15:42:39,274 INFO ICBHI/no_dn fold 3: config 15 (lr=0.001, dropout=0.3) epoca 20: train_loss=0.0410 val_loss=0.1760 val_BA=0.950 mejor_epoca=7
2026-09-26 15:42:43,239 INFO ICBHI/no_dn fold 3 config 15: OK val_BA=1.000 mejor_epoca=7 (0.7 min)
2026-09-26 15:42:45,756 INFO ICBHI/no_dn fold 3: config 16 (lr=0.001, dropout=0.4) epoca 1: train_loss=1.0308 val_loss=0.2895 val_BA=0.500 mejor_epoca=1
2026-09-26 15:42:47,990 INFO ICBHI/no_dn fold 3: config 16 (lr=0.001, dropout=0.4) epoca 2: train_loss=0.7933 val_loss=0.2241 val_BA=0.900 mejor_epoca=2
2026-09-26 15:42:59,081 INFO ICBHI/no_dn fold 3: config 16 (lr=0.001, dropout=0.4) epoca 7: train_loss=0.1498 val_loss=0.0958 val_BA=1.000 mejor_epoca=7
2026-09-26 15:43:03,557 INFO ICBHI/no_dn fold 3: config 16 (lr=0.001, dropout=0.4) epoca 9: train_loss=0.1273 val_loss=0.0603 val_BA=1.000 mejor_epoca=9
2026-09-26 15:43:05,784 INFO ICBHI/no_dn fold 3: config 16 (lr=0.001, dropout=0.4) epoca 10: train_loss=0.0843 val_loss=0.1003 val_BA=0.875 mejor_epoca=9
2026-09-26 15:43:08,019 INFO ICBHI/no_dn fold 3: config 16 (lr=0.001, dropout=0.4) epoca 11: train_loss=0.0777 val_loss=0.0556 val_BA=1.000 mejor_epoca=11
2026-09-26 15:43:12,427 INFO ICBHI/no_dn fold 3: config 16 (lr=0.001, dropout=0.4) epoca 13: train_loss=0.0421 val_loss=0.0419 val_BA=1.000 mejor_epoca=13
2026-09-26 15:43:16,868 INFO ICBHI/no_dn fold 3: config 16 (lr=0.001, dropout=0.4) epoca 15: train_loss=0.0678 val_loss=0.0090 val_BA=1.000 mejor_epoca=15
2026-09-26 15:43:27,782 INFO ICBHI/no_dn fold 3: config 16 (lr=0.001, dropout=0.4) epoca 20: train_loss=0.0478 val_loss=0.0067 val_BA=1.000 mejor_epoca=20
2026-09-26 15:43:49,756 INFO ICBHI/no_dn fold 3: config 16 (lr=0.001, dropout=0.4) epoca 30: train_loss=0.0285 val_loss=0.0318 val_BA=1.000 mejor_epoca=20
2026-09-26 15:44:00,790 INFO ICBHI/no_dn fold 3 config 16: OK val_BA=1.000 mejor_epoca=20 (1.3 min)
2026-09-26 15:44:03,003 INFO ICBHI/no_dn fold 3: config 17 (lr=0.001, dropout=0.5) epoca 1: train_loss=0.5432 val_loss=0.4971 val_BA=0.800 mejor_epoca=1
2026-09-26 15:44:08,901 INFO ICBHI/no_dn fold 3: config 17 (lr=0.001, dropout=0.5) epoca 4: train_loss=0.1585 val_loss=0.0748 val_BA=0.875 mejor_epoca=4
2026-09-26 15:44:12,812 INFO ICBHI/no_dn fold 3: config 17 (lr=0.001, dropout=0.5) epoca 6: train_loss=0.1162 val_loss=0.1871 val_BA=0.950 mejor_epoca=6
2026-09-26 15:44:16,718 INFO ICBHI/no_dn fold 3: config 17 (lr=0.001, dropout=0.5) epoca 8: train_loss=0.0616 val_loss=0.1143 val_BA=0.950 mejor_epoca=8
2026-09-26 15:44:18,668 INFO ICBHI/no_dn fold 3: config 17 (lr=0.001, dropout=0.5) epoca 9: train_loss=0.0510 val_loss=0.1015 val_BA=0.950 mejor_epoca=9
2026-09-26 15:44:20,616 INFO ICBHI/no_dn fold 3: config 17 (lr=0.001, dropout=0.5) epoca 10: train_loss=0.0226 val_loss=0.1330 val_BA=0.950 mejor_epoca=9
2026-09-26 15:44:36,196 INFO ICBHI/no_dn fold 3: config 17 (lr=0.001, dropout=0.5) epoca 18: train_loss=0.0155 val_loss=0.0608 val_BA=0.950 mejor_epoca=18
2026-09-26 15:44:40,097 INFO ICBHI/no_dn fold 3: config 17 (lr=0.001, dropout=0.5) epoca 20: train_loss=0.0022 val_loss=0.3004 val_BA=0.950 mejor_epoca=18
2026-09-26 15:44:59,571 INFO ICBHI/no_dn fold 3: config 17 (lr=0.001, dropout=0.5) epoca 30: train_loss=0.0008 val_loss=0.3030 val_BA=0.950 mejor_epoca=18
2026-09-26 15:45:05,429 INFO ICBHI/no_dn fold 3 config 17: OK val_BA=0.950 mejor_epoca=18 (1.1 min)
2026-09-26 15:45:07,549 INFO ICBHI/no_dn fold 3: config 18 (lr=0.001, dropout=0.5) epoca 1: train_loss=0.5452 val_loss=0.3996 val_BA=0.675 mejor_epoca=1
2026-09-26 15:45:09,428 INFO ICBHI/no_dn fold 3: config 18 (lr=0.001, dropout=0.5) epoca 2: train_loss=0.3244 val_loss=0.1901 val_BA=0.725 mejor_epoca=2
2026-09-26 15:45:11,308 INFO ICBHI/no_dn fold 3: config 18 (lr=0.001, dropout=0.5) epoca 3: train_loss=0.2021 val_loss=0.0998 val_BA=0.875 mejor_epoca=3
2026-09-26 15:45:13,186 INFO ICBHI/no_dn fold 3: config 18 (lr=0.001, dropout=0.5) epoca 4: train_loss=0.1409 val_loss=0.0715 val_BA=1.000 mejor_epoca=4
2026-09-26 15:45:24,457 INFO ICBHI/no_dn fold 3: config 18 (lr=0.001, dropout=0.5) epoca 10: train_loss=0.0347 val_loss=0.1020 val_BA=0.950 mejor_epoca=4
2026-09-26 15:45:43,234 INFO ICBHI/no_dn fold 3: config 18 (lr=0.001, dropout=0.5) epoca 20: train_loss=0.0076 val_loss=0.0681 val_BA=0.950 mejor_epoca=4
2026-09-26 15:45:43,254 INFO ICBHI/no_dn fold 3 config 18: OK val_BA=1.000 mejor_epoca=4 (0.6 min)
2026-09-26 15:45:45,392 INFO ICBHI/no_dn fold 3: config 19 (lr=0.001, dropout=0.5) epoca 1: train_loss=0.5822 val_loss=0.3109 val_BA=0.950 mejor_epoca=1
2026-09-26 15:45:54,799 INFO ICBHI/no_dn fold 3: config 19 (lr=0.001, dropout=0.5) epoca 6: train_loss=0.0649 val_loss=0.2374 val_BA=0.950 mejor_epoca=6
2026-09-26 15:45:58,561 INFO ICBHI/no_dn fold 3: config 19 (lr=0.001, dropout=0.5) epoca 8: train_loss=0.0342 val_loss=0.0797 val_BA=0.950 mejor_epoca=8
2026-09-26 15:46:02,303 INFO ICBHI/no_dn fold 3: config 19 (lr=0.001, dropout=0.5) epoca 10: train_loss=0.0273 val_loss=0.1630 val_BA=0.950 mejor_epoca=8
2026-09-26 15:46:21,049 INFO ICBHI/no_dn fold 3: config 19 (lr=0.001, dropout=0.5) epoca 20: train_loss=0.0095 val_loss=0.2561 val_BA=0.950 mejor_epoca=8
2026-09-26 15:46:26,675 INFO ICBHI/no_dn fold 3 config 19: OK val_BA=0.950 mejor_epoca=8 (0.7 min)
2026-09-26 15:46:27,492 INFO log-mel ICBHI/cv/fold_04/no_dn: 500/4715
2026-09-26 15:46:28,081 INFO log-mel ICBHI/cv/fold_04/no_dn: 1000/4715
2026-09-26 15:46:28,671 INFO log-mel ICBHI/cv/fold_04/no_dn: 1500/4715
2026-09-26 15:46:29,262 INFO log-mel ICBHI/cv/fold_04/no_dn: 2000/4715
2026-09-26 15:46:29,852 INFO log-mel ICBHI/cv/fold_04/no_dn: 2500/4715
2026-09-26 15:46:30,495 INFO log-mel ICBHI/cv/fold_04/no_dn: 3000/4715
2026-09-26 15:46:31,102 INFO log-mel ICBHI/cv/fold_04/no_dn: 3500/4715
2026-09-26 15:46:31,694 INFO log-mel ICBHI/cv/fold_04/no_dn: 4000/4715
2026-09-26 15:46:32,286 INFO log-mel ICBHI/cv/fold_04/no_dn: 4500/4715
2026-09-26 15:46:32,541 INFO log-mel ICBHI/cv/fold_04/no_dn: 4715/4715
2026-09-26 15:46:33,194 INFO ICBHI/no_dn fold 4: log-mel no_dn listo en 6.5 s, forma (4715, 1, 64, 309)
2026-09-26 15:46:33,207 INFO ICBHI/no_dn fold 4: 58/14 pacientes train/validation, 20 de 20 configuracion(es) por evaluar
2026-09-26 15:46:35,450 INFO ICBHI/no_dn fold 4: config 0 (lr=0.0001, dropout=0.3) epoca 1: train_loss=0.5038 val_loss=1.0068 val_BA=0.700 mejor_epoca=1
2026-09-26 15:46:37,434 INFO ICBHI/no_dn fold 4: config 0 (lr=0.0001, dropout=0.3) epoca 2: train_loss=0.2144 val_loss=0.4907 val_BA=1.000 mejor_epoca=2
2026-09-26 15:46:39,432 INFO ICBHI/no_dn fold 4: config 0 (lr=0.0001, dropout=0.3) epoca 3: train_loss=0.1306 val_loss=0.2051 val_BA=1.000 mejor_epoca=3
2026-09-26 15:46:41,429 INFO ICBHI/no_dn fold 4: config 0 (lr=0.0001, dropout=0.3) epoca 4: train_loss=0.0962 val_loss=0.1500 val_BA=1.000 mejor_epoca=4
2026-09-26 15:46:47,409 INFO ICBHI/no_dn fold 4: config 0 (lr=0.0001, dropout=0.3) epoca 7: train_loss=0.0420 val_loss=0.0383 val_BA=1.000 mejor_epoca=7
2026-09-26 15:46:53,397 INFO ICBHI/no_dn fold 4: config 0 (lr=0.0001, dropout=0.3) epoca 10: train_loss=0.0179 val_loss=0.0372 val_BA=1.000 mejor_epoca=10
2026-09-26 15:46:57,391 INFO ICBHI/no_dn fold 4: config 0 (lr=0.0001, dropout=0.3) epoca 12: train_loss=0.0073 val_loss=0.0318 val_BA=1.000 mejor_epoca=12
2026-09-26 15:47:05,347 INFO ICBHI/no_dn fold 4: config 0 (lr=0.0001, dropout=0.3) epoca 16: train_loss=0.0049 val_loss=0.0311 val_BA=1.000 mejor_epoca=16
2026-09-26 15:47:13,289 INFO ICBHI/no_dn fold 4: config 0 (lr=0.0001, dropout=0.3) epoca 20: train_loss=0.0027 val_loss=0.0409 val_BA=0.750 mejor_epoca=16
2026-09-26 15:47:19,278 INFO ICBHI/no_dn fold 4: config 0 (lr=0.0001, dropout=0.3) epoca 23: train_loss=0.0020 val_loss=0.0152 val_BA=1.000 mejor_epoca=23
2026-09-26 15:47:33,069 INFO ICBHI/no_dn fold 4: config 0 (lr=0.0001, dropout=0.3) epoca 30: train_loss=0.0023 val_loss=0.0251 val_BA=0.875 mejor_epoca=23
2026-09-26 15:47:48,974 INFO ICBHI/no_dn fold 4 config 0: OK val_BA=1.000 mejor_epoca=23 (1.3 min)
2026-09-26 15:47:50,895 INFO ICBHI/no_dn fold 4: config 1 (lr=0.0001, dropout=0.3) epoca 1: train_loss=0.5412 val_loss=0.4795 val_BA=0.700 mejor_epoca=1
2026-09-26 15:47:52,586 INFO ICBHI/no_dn fold 4: config 1 (lr=0.0001, dropout=0.3) epoca 2: train_loss=0.3317 val_loss=0.5675 val_BA=0.950 mejor_epoca=2
2026-09-26 15:47:59,381 INFO ICBHI/no_dn fold 4: config 1 (lr=0.0001, dropout=0.3) epoca 6: train_loss=0.0815 val_loss=0.2260 val_BA=1.000 mejor_epoca=6
2026-09-26 15:48:01,083 INFO ICBHI/no_dn fold 4: config 1 (lr=0.0001, dropout=0.3) epoca 7: train_loss=0.0594 val_loss=0.2127 val_BA=1.000 mejor_epoca=7
2026-09-26 15:48:02,782 INFO ICBHI/no_dn fold 4: config 1 (lr=0.0001, dropout=0.3) epoca 8: train_loss=0.0474 val_loss=0.1314 val_BA=1.000 mejor_epoca=8
2026-09-26 15:48:06,164 INFO ICBHI/no_dn fold 4: config 1 (lr=0.0001, dropout=0.3) epoca 10: train_loss=0.0302 val_loss=0.3911 val_BA=1.000 mejor_epoca=8
2026-09-26 15:48:12,967 INFO ICBHI/no_dn fold 4: config 1 (lr=0.0001, dropout=0.3) epoca 14: train_loss=0.0140 val_loss=0.0762 val_BA=1.000 mejor_epoca=14
2026-09-26 15:48:18,056 INFO ICBHI/no_dn fold 4: config 1 (lr=0.0001, dropout=0.3) epoca 17: train_loss=0.0104 val_loss=0.0620 val_BA=1.000 mejor_epoca=17
2026-09-26 15:48:23,158 INFO ICBHI/no_dn fold 4: config 1 (lr=0.0001, dropout=0.3) epoca 20: train_loss=0.0086 val_loss=0.0538 val_BA=1.000 mejor_epoca=20
2026-09-26 15:48:33,262 INFO ICBHI/no_dn fold 4: config 1 (lr=0.0001, dropout=0.3) epoca 26: train_loss=0.0071 val_loss=0.0536 val_BA=1.000 mejor_epoca=26
2026-09-26 15:48:36,635 INFO ICBHI/no_dn fold 4: config 1 (lr=0.0001, dropout=0.3) epoca 28: train_loss=0.0043 val_loss=0.0504 val_BA=1.000 mejor_epoca=28
2026-09-26 15:48:40,009 INFO ICBHI/no_dn fold 4: config 1 (lr=0.0001, dropout=0.3) epoca 30: train_loss=0.0054 val_loss=0.0733 val_BA=1.000 mejor_epoca=28
2026-09-26 15:48:45,076 INFO ICBHI/no_dn fold 4: config 1 (lr=0.0001, dropout=0.3) epoca 33: train_loss=0.0035 val_loss=0.0372 val_BA=1.000 mejor_epoca=33
2026-09-26 15:48:56,822 INFO ICBHI/no_dn fold 4: config 1 (lr=0.0001, dropout=0.3) epoca 40: train_loss=0.0020 val_loss=0.0343 val_BA=1.000 mejor_epoca=40
2026-09-26 15:49:01,841 INFO ICBHI/no_dn fold 4: config 1 (lr=0.0001, dropout=0.3) epoca 43: train_loss=0.0028 val_loss=0.0239 val_BA=1.000 mejor_epoca=43
2026-09-26 15:49:08,534 INFO ICBHI/no_dn fold 4: config 1 (lr=0.0001, dropout=0.3) epoca 47: train_loss=0.0014 val_loss=0.0222 val_BA=1.000 mejor_epoca=47
2026-09-26 15:49:13,566 INFO ICBHI/no_dn fold 4: config 1 (lr=0.0001, dropout=0.3) epoca 50: train_loss=0.0013 val_loss=0.0287 val_BA=0.875 mejor_epoca=47
2026-09-26 15:49:25,336 INFO ICBHI/no_dn fold 4: config 1 (lr=0.0001, dropout=0.3) epoca 57: train_loss=0.0058 val_loss=0.0163 val_BA=1.000 mejor_epoca=57
2026-09-26 15:49:30,376 INFO ICBHI/no_dn fold 4: config 1 (lr=0.0001, dropout=0.3) epoca 60: train_loss=0.0010 val_loss=0.0309 val_BA=0.875 mejor_epoca=57
2026-09-26 15:49:47,153 INFO ICBHI/no_dn fold 4: config 1 (lr=0.0001, dropout=0.3) epoca 70: train_loss=0.0007 val_loss=0.0222 val_BA=1.000 mejor_epoca=57
2026-09-26 15:49:50,502 INFO ICBHI/no_dn fold 4: config 1 (lr=0.0001, dropout=0.3) epoca 72: train_loss=0.0006 val_loss=0.0154 val_BA=1.000 mejor_epoca=72
2026-09-26 15:50:03,941 INFO ICBHI/no_dn fold 4: config 1 (lr=0.0001, dropout=0.3) epoca 80: train_loss=0.0008 val_loss=0.0223 val_BA=1.000 mejor_epoca=72
2026-09-26 15:50:07,308 INFO ICBHI/no_dn fold 4: config 1 (lr=0.0001, dropout=0.3) epoca 82: train_loss=0.0004 val_loss=0.0154 val_BA=1.000 mejor_epoca=82
2026-09-26 15:50:20,889 INFO ICBHI/no_dn fold 4: config 1 (lr=0.0001, dropout=0.3) epoca 90: train_loss=0.0004 val_loss=0.0148 val_BA=1.000 mejor_epoca=90
2026-09-26 15:50:32,757 INFO ICBHI/no_dn fold 4: config 1 (lr=0.0001, dropout=0.3) epoca 97: train_loss=0.0003 val_loss=0.0131 val_BA=1.000 mejor_epoca=97
2026-09-26 15:50:34,452 INFO ICBHI/no_dn fold 4: config 1 (lr=0.0001, dropout=0.3) epoca 98: train_loss=0.0003 val_loss=0.0123 val_BA=1.000 mejor_epoca=98
2026-09-26 15:50:37,843 INFO ICBHI/no_dn fold 4: config 1 (lr=0.0001, dropout=0.3) epoca 100: train_loss=0.0003 val_loss=0.0144 val_BA=0.875 mejor_epoca=98
2026-09-26 15:50:41,237 INFO ICBHI/no_dn fold 4: config 1 (lr=0.0001, dropout=0.3) epoca 102: train_loss=0.0003 val_loss=0.0086 val_BA=1.000 mejor_epoca=102
2026-09-26 15:50:54,790 INFO ICBHI/no_dn fold 4: config 1 (lr=0.0001, dropout=0.3) epoca 110: train_loss=0.0003 val_loss=0.0229 val_BA=0.875 mejor_epoca=102
2026-09-26 15:51:06,698 INFO ICBHI/no_dn fold 4 config 1: OK val_BA=1.000 mejor_epoca=102 (3.3 min)
2026-09-26 15:51:08,679 INFO ICBHI/no_dn fold 4: config 2 (lr=0.0001, dropout=0.4) epoca 1: train_loss=0.5697 val_loss=1.2906 val_BA=0.600 mejor_epoca=1
2026-09-26 15:51:12,222 INFO ICBHI/no_dn fold 4: config 2 (lr=0.0001, dropout=0.4) epoca 3: train_loss=0.1941 val_loss=0.2021 val_BA=0.875 mejor_epoca=3
2026-09-26 15:51:13,988 INFO ICBHI/no_dn fold 4: config 2 (lr=0.0001, dropout=0.4) epoca 4: train_loss=0.1244 val_loss=0.2953 val_BA=1.000 mejor_epoca=4
2026-09-26 15:51:15,753 INFO ICBHI/no_dn fold 4: config 2 (lr=0.0001, dropout=0.4) epoca 5: train_loss=0.0891 val_loss=0.1759 val_BA=1.000 mejor_epoca=5
2026-09-26 15:51:19,293 INFO ICBHI/no_dn fold 4: config 2 (lr=0.0001, dropout=0.4) epoca 7: train_loss=0.0433 val_loss=0.1184 val_BA=1.000 mejor_epoca=7
2026-09-26 15:51:22,834 INFO ICBHI/no_dn fold 4: config 2 (lr=0.0001, dropout=0.4) epoca 9: train_loss=0.0271 val_loss=0.0970 val_BA=1.000 mejor_epoca=9
2026-09-26 15:51:24,605 INFO ICBHI/no_dn fold 4: config 2 (lr=0.0001, dropout=0.4) epoca 10: train_loss=0.0188 val_loss=0.0744 val_BA=1.000 mejor_epoca=10
2026-09-26 15:51:26,376 INFO ICBHI/no_dn fold 4: config 2 (lr=0.0001, dropout=0.4) epoca 11: train_loss=0.0188 val_loss=0.0584 val_BA=1.000 mejor_epoca=11
2026-09-26 15:51:31,689 INFO ICBHI/no_dn fold 4: config 2 (lr=0.0001, dropout=0.4) epoca 14: train_loss=0.0114 val_loss=0.0361 val_BA=1.000 mejor_epoca=14
2026-09-26 15:51:42,331 INFO ICBHI/no_dn fold 4: config 2 (lr=0.0001, dropout=0.4) epoca 20: train_loss=0.0060 val_loss=0.0301 val_BA=0.875 mejor_epoca=14
2026-09-26 15:51:49,427 INFO ICBHI/no_dn fold 4: config 2 (lr=0.0001, dropout=0.4) epoca 24: train_loss=0.0045 val_loss=0.0172 val_BA=1.000 mejor_epoca=24
2026-09-26 15:52:00,046 INFO ICBHI/no_dn fold 4: config 2 (lr=0.0001, dropout=0.4) epoca 30: train_loss=0.0021 val_loss=0.0455 val_BA=0.875 mejor_epoca=24
2026-09-26 15:52:07,056 INFO ICBHI/no_dn fold 4: config 2 (lr=0.0001, dropout=0.4) epoca 34: train_loss=0.0027 val_loss=0.0166 val_BA=1.000 mejor_epoca=34
2026-09-26 15:52:17,571 INFO ICBHI/no_dn fold 4: config 2 (lr=0.0001, dropout=0.4) epoca 40: train_loss=0.0009 val_loss=0.0145 val_BA=1.000 mejor_epoca=40
2026-09-26 15:52:22,824 INFO ICBHI/no_dn fold 4: config 2 (lr=0.0001, dropout=0.4) epoca 43: train_loss=0.0008 val_loss=0.0127 val_BA=1.000 mejor_epoca=43
2026-09-26 15:52:35,084 INFO ICBHI/no_dn fold 4: config 2 (lr=0.0001, dropout=0.4) epoca 50: train_loss=0.0005 val_loss=0.0187 val_BA=1.000 mejor_epoca=43
2026-09-26 15:52:43,929 INFO ICBHI/no_dn fold 4: config 2 (lr=0.0001, dropout=0.4) epoca 55: train_loss=0.0009 val_loss=0.0073 val_BA=1.000 mejor_epoca=55
2026-09-26 15:52:52,824 INFO ICBHI/no_dn fold 4: config 2 (lr=0.0001, dropout=0.4) epoca 60: train_loss=0.0003 val_loss=0.0174 val_BA=1.000 mejor_epoca=55
2026-09-26 15:53:10,657 INFO ICBHI/no_dn fold 4: config 2 (lr=0.0001, dropout=0.4) epoca 70: train_loss=0.0002 val_loss=0.0113 val_BA=1.000 mejor_epoca=55
2026-09-26 15:53:10,679 INFO ICBHI/no_dn fold 4 config 2: OK val_BA=1.000 mejor_epoca=55 (2.1 min)
2026-09-26 15:53:12,892 INFO ICBHI/no_dn fold 4: config 3 (lr=0.0001, dropout=0.4) epoca 1: train_loss=0.5852 val_loss=0.5982 val_BA=1.000 mejor_epoca=1
2026-09-26 15:53:18,896 INFO ICBHI/no_dn fold 4: config 3 (lr=0.0001, dropout=0.4) epoca 4: train_loss=0.1319 val_loss=0.2004 val_BA=1.000 mejor_epoca=4
2026-09-26 15:53:24,953 INFO ICBHI/no_dn fold 4: config 3 (lr=0.0001, dropout=0.4) epoca 7: train_loss=0.0450 val_loss=0.1193 val_BA=1.000 mejor_epoca=7
2026-09-26 15:53:31,000 INFO ICBHI/no_dn fold 4: config 3 (lr=0.0001, dropout=0.4) epoca 10: train_loss=0.0173 val_loss=0.0323 val_BA=0.875 mejor_epoca=7
2026-09-26 15:53:33,013 INFO ICBHI/no_dn fold 4: config 3 (lr=0.0001, dropout=0.4) epoca 11: train_loss=0.0191 val_loss=0.0461 val_BA=1.000 mejor_epoca=11
2026-09-26 15:53:35,028 INFO ICBHI/no_dn fold 4: config 3 (lr=0.0001, dropout=0.4) epoca 12: train_loss=0.0136 val_loss=0.0257 val_BA=1.000 mejor_epoca=12
2026-09-26 15:53:37,039 INFO ICBHI/no_dn fold 4: config 3 (lr=0.0001, dropout=0.4) epoca 13: train_loss=0.0110 val_loss=0.0220 val_BA=1.000 mejor_epoca=13
2026-09-26 15:53:41,027 INFO ICBHI/no_dn fold 4: config 3 (lr=0.0001, dropout=0.4) epoca 15: train_loss=0.0049 val_loss=0.0183 val_BA=1.000 mejor_epoca=15
2026-09-26 15:53:48,960 INFO ICBHI/no_dn fold 4: config 3 (lr=0.0001, dropout=0.4) epoca 19: train_loss=0.0045 val_loss=0.0159 val_BA=1.000 mejor_epoca=19
2026-09-26 15:53:50,952 INFO ICBHI/no_dn fold 4: config 3 (lr=0.0001, dropout=0.4) epoca 20: train_loss=0.0049 val_loss=0.0448 val_BA=0.875 mejor_epoca=19
2026-09-26 15:53:54,963 INFO ICBHI/no_dn fold 4: config 3 (lr=0.0001, dropout=0.4) epoca 22: train_loss=0.0022 val_loss=0.0082 val_BA=1.000 mejor_epoca=22
2026-09-26 15:53:58,966 INFO ICBHI/no_dn fold 4: config 3 (lr=0.0001, dropout=0.4) epoca 24: train_loss=0.0024 val_loss=0.0071 val_BA=1.000 mejor_epoca=24
2026-09-26 15:54:10,953 INFO ICBHI/no_dn fold 4: config 3 (lr=0.0001, dropout=0.4) epoca 30: train_loss=0.0007 val_loss=0.0238 val_BA=0.875 mejor_epoca=24
2026-09-26 15:54:28,998 INFO ICBHI/no_dn fold 4 config 3: OK val_BA=1.000 mejor_epoca=24 (1.3 min)
2026-09-26 15:54:30,979 INFO ICBHI/no_dn fold 4: config 4 (lr=0.0001, dropout=0.4) epoca 1: train_loss=0.5221 val_loss=0.8420 val_BA=0.675 mejor_epoca=1
2026-09-26 15:54:32,747 INFO ICBHI/no_dn fold 4: config 4 (lr=0.0001, dropout=0.4) epoca 2: train_loss=0.2526 val_loss=0.1592 val_BA=0.750 mejor_epoca=2
2026-09-26 15:54:34,515 INFO ICBHI/no_dn fold 4: config 4 (lr=0.0001, dropout=0.4) epoca 3: train_loss=0.1464 val_loss=0.2317 val_BA=1.000 mejor_epoca=3
2026-09-26 15:54:36,288 INFO ICBHI/no_dn fold 4: config 4 (lr=0.0001, dropout=0.4) epoca 4: train_loss=0.0996 val_loss=0.1341 val_BA=1.000 mejor_epoca=4
2026-09-26 15:54:43,391 INFO ICBHI/no_dn fold 4: config 4 (lr=0.0001, dropout=0.4) epoca 8: train_loss=0.0347 val_loss=0.0777 val_BA=1.000 mejor_epoca=8
2026-09-26 15:54:46,914 INFO ICBHI/no_dn fold 4: config 4 (lr=0.0001, dropout=0.4) epoca 10: train_loss=0.0194 val_loss=0.0555 val_BA=0.750 mejor_epoca=8
2026-09-26 15:54:50,440 INFO ICBHI/no_dn fold 4: config 4 (lr=0.0001, dropout=0.4) epoca 12: train_loss=0.0124 val_loss=0.0499 val_BA=1.000 mejor_epoca=12
2026-09-26 15:54:55,754 INFO ICBHI/no_dn fold 4: config 4 (lr=0.0001, dropout=0.4) epoca 15: train_loss=0.0071 val_loss=0.0353 val_BA=1.000 mejor_epoca=15
2026-09-26 15:55:04,597 INFO ICBHI/no_dn fold 4: config 4 (lr=0.0001, dropout=0.4) epoca 20: train_loss=0.0047 val_loss=0.0457 val_BA=0.875 mejor_epoca=15
2026-09-26 15:55:22,290 INFO ICBHI/no_dn fold 4: config 4 (lr=0.0001, dropout=0.4) epoca 30: train_loss=0.0014 val_loss=0.0211 val_BA=0.875 mejor_epoca=15
2026-09-26 15:55:22,311 INFO ICBHI/no_dn fold 4 config 4: OK val_BA=1.000 mejor_epoca=15 (0.9 min)
2026-09-26 15:55:24,236 INFO ICBHI/no_dn fold 4: config 5 (lr=0.0001, dropout=0.4) epoca 1: train_loss=0.5827 val_loss=0.7187 val_BA=0.600 mejor_epoca=1
2026-09-26 15:55:25,946 INFO ICBHI/no_dn fold 4: config 5 (lr=0.0001, dropout=0.4) epoca 2: train_loss=0.3639 val_loss=1.4373 val_BA=0.650 mejor_epoca=2
2026-09-26 15:55:27,648 INFO ICBHI/no_dn fold 4: config 5 (lr=0.0001, dropout=0.4) epoca 3: train_loss=0.2041 val_loss=0.8182 val_BA=0.900 mejor_epoca=3
2026-09-26 15:55:29,351 INFO ICBHI/no_dn fold 4: config 5 (lr=0.0001, dropout=0.4) epoca 4: train_loss=0.1386 val_loss=0.5327 val_BA=1.000 mejor_epoca=4
2026-09-26 15:55:32,756 INFO ICBHI/no_dn fold 4: config 5 (lr=0.0001, dropout=0.4) epoca 6: train_loss=0.0766 val_loss=0.4768 val_BA=1.000 mejor_epoca=6
2026-09-26 15:55:34,459 INFO ICBHI/no_dn fold 4: config 5 (lr=0.0001, dropout=0.4) epoca 7: train_loss=0.0536 val_loss=0.2859 val_BA=1.000 mejor_epoca=7
2026-09-26 15:55:37,865 INFO ICBHI/no_dn fold 4: config 5 (lr=0.0001, dropout=0.4) epoca 9: train_loss=0.0357 val_loss=0.1280 val_BA=1.000 mejor_epoca=9
2026-09-26 15:55:39,569 INFO ICBHI/no_dn fold 4: config 5 (lr=0.0001, dropout=0.4) epoca 10: train_loss=0.0301 val_loss=0.1526 val_BA=1.000 mejor_epoca=9
2026-09-26 15:55:48,076 INFO ICBHI/no_dn fold 4: config 5 (lr=0.0001, dropout=0.4) epoca 15: train_loss=0.0135 val_loss=0.0641 val_BA=1.000 mejor_epoca=15
2026-09-26 15:55:51,483 INFO ICBHI/no_dn fold 4: config 5 (lr=0.0001, dropout=0.4) epoca 17: train_loss=0.0115 val_loss=0.0413 val_BA=1.000 mejor_epoca=17
2026-09-26 15:55:56,580 INFO ICBHI/no_dn fold 4: config 5 (lr=0.0001, dropout=0.4) epoca 20: train_loss=0.0098 val_loss=0.0657 val_BA=0.875 mejor_epoca=17
2026-09-26 15:56:06,726 INFO ICBHI/no_dn fold 4: config 5 (lr=0.0001, dropout=0.4) epoca 26: train_loss=0.0061 val_loss=0.0404 val_BA=1.000 mejor_epoca=26
2026-09-26 15:56:08,416 INFO ICBHI/no_dn fold 4: config 5 (lr=0.0001, dropout=0.4) epoca 27: train_loss=0.0062 val_loss=0.0364 val_BA=1.000 mejor_epoca=27
2026-09-26 15:56:13,501 INFO ICBHI/no_dn fold 4: config 5 (lr=0.0001, dropout=0.4) epoca 30: train_loss=0.0056 val_loss=0.0361 val_BA=0.875 mejor_epoca=27
2026-09-26 15:56:16,897 INFO ICBHI/no_dn fold 4: config 5 (lr=0.0001, dropout=0.4) epoca 32: train_loss=0.0044 val_loss=0.0359 val_BA=1.000 mejor_epoca=32
2026-09-26 15:56:30,445 INFO ICBHI/no_dn fold 4: config 5 (lr=0.0001, dropout=0.4) epoca 40: train_loss=0.0031 val_loss=0.1381 val_BA=1.000 mejor_epoca=32
2026-09-26 15:56:33,846 INFO ICBHI/no_dn fold 4: config 5 (lr=0.0001, dropout=0.4) epoca 42: train_loss=0.0032 val_loss=0.0324 val_BA=1.000 mejor_epoca=42
2026-09-26 15:56:47,420 INFO ICBHI/no_dn fold 4: config 5 (lr=0.0001, dropout=0.4) epoca 50: train_loss=0.0016 val_loss=0.0386 val_BA=1.000 mejor_epoca=42
2026-09-26 15:56:59,313 INFO ICBHI/no_dn fold 4 config 5: OK val_BA=1.000 mejor_epoca=42 (1.6 min)
2026-09-26 15:57:01,546 INFO ICBHI/no_dn fold 4: config 6 (lr=0.0001, dropout=0.5) epoca 1: train_loss=0.5637 val_loss=0.3773 val_BA=0.875 mejor_epoca=1
2026-09-26 15:57:03,547 INFO ICBHI/no_dn fold 4: config 6 (lr=0.0001, dropout=0.5) epoca 2: train_loss=0.3213 val_loss=0.6873 val_BA=1.000 mejor_epoca=2
2026-09-26 15:57:05,550 INFO ICBHI/no_dn fold 4: config 6 (lr=0.0001, dropout=0.5) epoca 3: train_loss=0.1529 val_loss=0.4997 val_BA=1.000 mejor_epoca=3
2026-09-26 15:57:07,548 INFO ICBHI/no_dn fold 4: config 6 (lr=0.0001, dropout=0.5) epoca 4: train_loss=0.1155 val_loss=0.4067 val_BA=1.000 mejor_epoca=4
2026-09-26 15:57:13,566 INFO ICBHI/no_dn fold 4: config 6 (lr=0.0001, dropout=0.5) epoca 7: train_loss=0.0436 val_loss=0.1221 val_BA=1.000 mejor_epoca=7
2026-09-26 15:57:19,555 INFO ICBHI/no_dn fold 4: config 6 (lr=0.0001, dropout=0.5) epoca 10: train_loss=0.0162 val_loss=0.0425 val_BA=0.750 mejor_epoca=7
2026-09-26 15:57:23,544 INFO ICBHI/no_dn fold 4: config 6 (lr=0.0001, dropout=0.5) epoca 12: train_loss=0.0192 val_loss=0.0674 val_BA=1.000 mejor_epoca=12
2026-09-26 15:57:27,558 INFO ICBHI/no_dn fold 4: config 6 (lr=0.0001, dropout=0.5) epoca 14: train_loss=0.0097 val_loss=0.0421 val_BA=1.000 mejor_epoca=14
2026-09-26 15:57:31,563 INFO ICBHI/no_dn fold 4: config 6 (lr=0.0001, dropout=0.5) epoca 16: train_loss=0.0125 val_loss=0.0141 val_BA=1.000 mejor_epoca=16
2026-09-26 15:57:39,573 INFO ICBHI/no_dn fold 4: config 6 (lr=0.0001, dropout=0.5) epoca 20: train_loss=0.0038 val_loss=0.0211 val_BA=1.000 mejor_epoca=16
2026-09-26 15:57:49,641 INFO ICBHI/no_dn fold 4: config 6 (lr=0.0001, dropout=0.5) epoca 25: train_loss=0.0043 val_loss=0.0080 val_BA=1.000 mejor_epoca=25
2026-09-26 15:57:51,642 INFO ICBHI/no_dn fold 4: config 6 (lr=0.0001, dropout=0.5) epoca 26: train_loss=0.0021 val_loss=0.0059 val_BA=1.000 mejor_epoca=26
2026-09-26 15:57:59,657 INFO ICBHI/no_dn fold 4: config 6 (lr=0.0001, dropout=0.5) epoca 30: train_loss=0.0052 val_loss=0.0295 val_BA=0.875 mejor_epoca=26
2026-09-26 15:58:07,642 INFO ICBHI/no_dn fold 4: config 6 (lr=0.0001, dropout=0.5) epoca 34: train_loss=0.0015 val_loss=0.0035 val_BA=1.000 mejor_epoca=34
2026-09-26 15:58:19,562 INFO ICBHI/no_dn fold 4: config 6 (lr=0.0001, dropout=0.5) epoca 40: train_loss=0.0013 val_loss=0.0251 val_BA=0.875 mejor_epoca=34
2026-09-26 15:58:37,472 INFO ICBHI/no_dn fold 4 config 6: OK val_BA=1.000 mejor_epoca=34 (1.6 min)
2026-09-26 15:58:39,390 INFO ICBHI/no_dn fold 4: config 7 (lr=0.0001, dropout=0.5) epoca 1: train_loss=0.6009 val_loss=0.4065 val_BA=0.875 mejor_epoca=1
2026-09-26 15:58:44,510 INFO ICBHI/no_dn fold 4: config 7 (lr=0.0001, dropout=0.5) epoca 4: train_loss=0.1810 val_loss=0.4698 val_BA=1.000 mejor_epoca=4
2026-09-26 15:58:47,903 INFO ICBHI/no_dn fold 4: config 7 (lr=0.0001, dropout=0.5) epoca 6: train_loss=0.0997 val_loss=0.2238 val_BA=1.000 mejor_epoca=6
2026-09-26 15:58:51,294 INFO ICBHI/no_dn fold 4: config 7 (lr=0.0001, dropout=0.5) epoca 8: train_loss=0.0612 val_loss=0.1432 val_BA=1.000 mejor_epoca=8
2026-09-26 15:58:54,696 INFO ICBHI/no_dn fold 4: config 7 (lr=0.0001, dropout=0.5) epoca 10: train_loss=0.0418 val_loss=0.0984 val_BA=1.000 mejor_epoca=10
2026-09-26 15:58:58,092 INFO ICBHI/no_dn fold 4: config 7 (lr=0.0001, dropout=0.5) epoca 12: train_loss=0.0303 val_loss=0.0794 val_BA=1.000 mejor_epoca=12
2026-09-26 15:59:03,190 INFO ICBHI/no_dn fold 4: config 7 (lr=0.0001, dropout=0.5) epoca 15: train_loss=0.0198 val_loss=0.0659 val_BA=1.000 mejor_epoca=15
2026-09-26 15:59:11,625 INFO ICBHI/no_dn fold 4: config 7 (lr=0.0001, dropout=0.5) epoca 20: train_loss=0.0145 val_loss=0.1700 val_BA=1.000 mejor_epoca=15
2026-09-26 15:59:21,762 INFO ICBHI/no_dn fold 4: config 7 (lr=0.0001, dropout=0.5) epoca 26: train_loss=0.0063 val_loss=0.0461 val_BA=1.000 mejor_epoca=26
2026-09-26 15:59:28,561 INFO ICBHI/no_dn fold 4: config 7 (lr=0.0001, dropout=0.5) epoca 30: train_loss=0.0058 val_loss=0.0451 val_BA=1.000 mejor_epoca=30
2026-09-26 15:59:43,823 INFO ICBHI/no_dn fold 4: config 7 (lr=0.0001, dropout=0.5) epoca 39: train_loss=0.0045 val_loss=0.0255 val_BA=1.000 mejor_epoca=39
2026-09-26 15:59:45,520 INFO ICBHI/no_dn fold 4: config 7 (lr=0.0001, dropout=0.5) epoca 40: train_loss=0.0044 val_loss=0.0877 val_BA=0.750 mejor_epoca=39
2026-09-26 15:59:50,624 INFO ICBHI/no_dn fold 4: config 7 (lr=0.0001, dropout=0.5) epoca 43: train_loss=0.0028 val_loss=0.0241 val_BA=1.000 mejor_epoca=43
2026-09-26 15:59:52,314 INFO ICBHI/no_dn fold 4: config 7 (lr=0.0001, dropout=0.5) epoca 44: train_loss=0.0025 val_loss=0.0169 val_BA=1.000 mejor_epoca=44
2026-09-26 16:00:02,465 INFO ICBHI/no_dn fold 4: config 7 (lr=0.0001, dropout=0.5) epoca 50: train_loss=0.0025 val_loss=0.0291 val_BA=1.000 mejor_epoca=44
2026-09-26 16:00:14,430 INFO ICBHI/no_dn fold 4: config 7 (lr=0.0001, dropout=0.5) epoca 57: train_loss=0.0042 val_loss=0.0158 val_BA=1.000 mejor_epoca=57
2026-09-26 16:00:19,512 INFO ICBHI/no_dn fold 4: config 7 (lr=0.0001, dropout=0.5) epoca 60: train_loss=0.0021 val_loss=0.0407 val_BA=1.000 mejor_epoca=57
2026-09-26 16:00:36,405 INFO ICBHI/no_dn fold 4: config 7 (lr=0.0001, dropout=0.5) epoca 70: train_loss=0.0018 val_loss=0.0921 val_BA=0.750 mejor_epoca=57
2026-09-26 16:00:39,804 INFO ICBHI/no_dn fold 4 config 7: OK val_BA=1.000 mejor_epoca=57 (2.0 min)
2026-09-26 16:00:41,706 INFO ICBHI/no_dn fold 4: config 8 (lr=0.0003, dropout=0.3) epoca 1: train_loss=0.5219 val_loss=0.4988 val_BA=1.000 mejor_epoca=1
2026-09-26 16:00:45,091 INFO ICBHI/no_dn fold 4: config 8 (lr=0.0003, dropout=0.3) epoca 3: train_loss=0.1007 val_loss=0.3567 val_BA=1.000 mejor_epoca=3
2026-09-26 16:00:46,785 INFO ICBHI/no_dn fold 4: config 8 (lr=0.0003, dropout=0.3) epoca 4: train_loss=0.0580 val_loss=0.2685 val_BA=1.000 mejor_epoca=4
2026-09-26 16:00:51,856 INFO ICBHI/no_dn fold 4: config 8 (lr=0.0003, dropout=0.3) epoca 7: train_loss=0.0208 val_loss=0.0974 val_BA=1.000 mejor_epoca=7
2026-09-26 16:00:55,242 INFO ICBHI/no_dn fold 4: config 8 (lr=0.0003, dropout=0.3) epoca 9: train_loss=0.0120 val_loss=0.0542 val_BA=1.000 mejor_epoca=9
2026-09-26 16:00:56,935 INFO ICBHI/no_dn fold 4: config 8 (lr=0.0003, dropout=0.3) epoca 10: train_loss=0.0142 val_loss=0.4994 val_BA=1.000 mejor_epoca=9
2026-09-26 16:01:02,033 INFO ICBHI/no_dn fold 4: config 8 (lr=0.0003, dropout=0.3) epoca 13: train_loss=0.0123 val_loss=0.0370 val_BA=1.000 mejor_epoca=13
2026-09-26 16:01:05,412 INFO ICBHI/no_dn fold 4: config 8 (lr=0.0003, dropout=0.3) epoca 15: train_loss=0.0042 val_loss=0.0272 val_BA=1.000 mejor_epoca=15
2026-09-26 16:01:13,860 INFO ICBHI/no_dn fold 4: config 8 (lr=0.0003, dropout=0.3) epoca 20: train_loss=0.0024 val_loss=0.0496 val_BA=1.000 mejor_epoca=15
2026-09-26 16:01:30,729 INFO ICBHI/no_dn fold 4: config 8 (lr=0.0003, dropout=0.3) epoca 30: train_loss=0.0070 val_loss=0.1287 val_BA=1.000 mejor_epoca=15
2026-09-26 16:01:30,751 INFO ICBHI/no_dn fold 4 config 8: OK val_BA=1.000 mejor_epoca=15 (0.8 min)
2026-09-26 16:01:32,722 INFO ICBHI/no_dn fold 4: config 9 (lr=0.0003, dropout=0.4) epoca 1: train_loss=0.5687 val_loss=1.0707 val_BA=0.625 mejor_epoca=1
2026-09-26 16:01:34,480 INFO ICBHI/no_dn fold 4: config 9 (lr=0.0003, dropout=0.4) epoca 2: train_loss=0.2535 val_loss=0.1416 val_BA=0.875 mejor_epoca=2
2026-09-26 16:01:36,258 INFO ICBHI/no_dn fold 4: config 9 (lr=0.0003, dropout=0.4) epoca 3: train_loss=0.1520 val_loss=0.2914 val_BA=1.000 mejor_epoca=3
2026-09-26 16:01:38,051 INFO ICBHI/no_dn fold 4: config 9 (lr=0.0003, dropout=0.4) epoca 4: train_loss=0.0902 val_loss=0.0963 val_BA=1.000 mejor_epoca=4
2026-09-26 16:01:43,402 INFO ICBHI/no_dn fold 4: config 9 (lr=0.0003, dropout=0.4) epoca 7: train_loss=0.0277 val_loss=0.0649 val_BA=1.000 mejor_epoca=7
2026-09-26 16:01:45,191 INFO ICBHI/no_dn fold 4: config 9 (lr=0.0003, dropout=0.4) epoca 8: train_loss=0.0197 val_loss=0.0162 val_BA=1.000 mejor_epoca=8
2026-09-26 16:01:48,781 INFO ICBHI/no_dn fold 4: config 9 (lr=0.0003, dropout=0.4) epoca 10: train_loss=0.0126 val_loss=0.0365 val_BA=0.875 mejor_epoca=8
2026-09-26 16:02:06,629 INFO ICBHI/no_dn fold 4: config 9 (lr=0.0003, dropout=0.4) epoca 20: train_loss=0.0049 val_loss=0.0403 val_BA=0.750 mejor_epoca=8
2026-09-26 16:02:12,031 INFO ICBHI/no_dn fold 4 config 9: OK val_BA=1.000 mejor_epoca=8 (0.7 min)
2026-09-26 16:02:14,283 INFO ICBHI/no_dn fold 4: config 10 (lr=0.0003, dropout=0.4) epoca 1: train_loss=0.4701 val_loss=1.1117 val_BA=0.550 mejor_epoca=1
2026-09-26 16:02:16,320 INFO ICBHI/no_dn fold 4: config 10 (lr=0.0003, dropout=0.4) epoca 2: train_loss=0.2234 val_loss=0.1589 val_BA=1.000 mejor_epoca=2
2026-09-26 16:02:22,430 INFO ICBHI/no_dn fold 4: config 10 (lr=0.0003, dropout=0.4) epoca 5: train_loss=0.0558 val_loss=0.1050 val_BA=1.000 mejor_epoca=5
2026-09-26 16:02:28,532 INFO ICBHI/no_dn fold 4: config 10 (lr=0.0003, dropout=0.4) epoca 8: train_loss=0.0408 val_loss=0.0228 val_BA=1.000 mejor_epoca=8
2026-09-26 16:02:32,588 INFO ICBHI/no_dn fold 4: config 10 (lr=0.0003, dropout=0.4) epoca 10: train_loss=0.0208 val_loss=0.0160 val_BA=1.000 mejor_epoca=10
2026-09-26 16:02:40,674 INFO ICBHI/no_dn fold 4: config 10 (lr=0.0003, dropout=0.4) epoca 14: train_loss=0.0066 val_loss=0.0159 val_BA=1.000 mejor_epoca=14
2026-09-26 16:02:52,751 INFO ICBHI/no_dn fold 4: config 10 (lr=0.0003, dropout=0.4) epoca 20: train_loss=0.0056 val_loss=0.0250 val_BA=0.875 mejor_epoca=14
2026-09-26 16:03:10,921 INFO ICBHI/no_dn fold 4 config 10: OK val_BA=1.000 mejor_epoca=14 (1.0 min)
2026-09-26 16:03:12,845 INFO ICBHI/no_dn fold 4: config 11 (lr=0.0003, dropout=0.5) epoca 1: train_loss=0.4849 val_loss=1.2201 val_BA=0.600 mejor_epoca=1
2026-09-26 16:03:14,547 INFO ICBHI/no_dn fold 4: config 11 (lr=0.0003, dropout=0.5) epoca 2: train_loss=0.2360 val_loss=0.1665 val_BA=0.875 mejor_epoca=2
2026-09-26 16:03:16,250 INFO ICBHI/no_dn fold 4: config 11 (lr=0.0003, dropout=0.5) epoca 3: train_loss=0.1544 val_loss=0.2553 val_BA=1.000 mejor_epoca=3
2026-09-26 16:03:23,067 INFO ICBHI/no_dn fold 4: config 11 (lr=0.0003, dropout=0.5) epoca 7: train_loss=0.0243 val_loss=0.1617 val_BA=1.000 mejor_epoca=7
2026-09-26 16:03:28,183 INFO ICBHI/no_dn fold 4: config 11 (lr=0.0003, dropout=0.5) epoca 10: train_loss=0.0112 val_loss=0.1081 val_BA=1.000 mejor_epoca=10
2026-09-26 16:03:29,893 INFO ICBHI/no_dn fold 4: config 11 (lr=0.0003, dropout=0.5) epoca 11: train_loss=0.0142 val_loss=0.0938 val_BA=1.000 mejor_epoca=11
2026-09-26 16:03:35,015 INFO ICBHI/no_dn fold 4: config 11 (lr=0.0003, dropout=0.5) epoca 14: train_loss=0.0086 val_loss=0.0554 val_BA=1.000 mejor_epoca=14
2026-09-26 16:03:40,115 INFO ICBHI/no_dn fold 4: config 11 (lr=0.0003, dropout=0.5) epoca 17: train_loss=0.0039 val_loss=0.0388 val_BA=1.000 mejor_epoca=17
2026-09-26 16:03:45,205 INFO ICBHI/no_dn fold 4: config 11 (lr=0.0003, dropout=0.5) epoca 20: train_loss=0.0023 val_loss=0.0204 val_BA=0.875 mejor_epoca=17
2026-09-26 16:03:50,272 INFO ICBHI/no_dn fold 4: config 11 (lr=0.0003, dropout=0.5) epoca 23: train_loss=0.0016 val_loss=0.0197 val_BA=1.000 mejor_epoca=23
2026-09-26 16:04:00,435 INFO ICBHI/no_dn fold 4: config 11 (lr=0.0003, dropout=0.5) epoca 29: train_loss=0.0010 val_loss=0.0149 val_BA=1.000 mejor_epoca=29
2026-09-26 16:04:02,118 INFO ICBHI/no_dn fold 4: config 11 (lr=0.0003, dropout=0.5) epoca 30: train_loss=0.0008 val_loss=0.0149 val_BA=1.000 mejor_epoca=29
2026-09-26 16:04:19,006 INFO ICBHI/no_dn fold 4: config 11 (lr=0.0003, dropout=0.5) epoca 40: train_loss=0.0006 val_loss=0.0210 val_BA=0.875 mejor_epoca=29
2026-09-26 16:04:25,751 INFO ICBHI/no_dn fold 4 config 11: OK val_BA=1.000 mejor_epoca=29 (1.2 min)
2026-09-26 16:04:27,701 INFO ICBHI/no_dn fold 4: config 12 (lr=0.0003, dropout=0.5) epoca 1: train_loss=0.4978 val_loss=1.7756 val_BA=0.700 mejor_epoca=1
2026-09-26 16:04:29,450 INFO ICBHI/no_dn fold 4: config 12 (lr=0.0003, dropout=0.5) epoca 2: train_loss=0.2606 val_loss=0.1501 val_BA=0.875 mejor_epoca=2
2026-09-26 16:04:31,202 INFO ICBHI/no_dn fold 4: config 12 (lr=0.0003, dropout=0.5) epoca 3: train_loss=0.1479 val_loss=0.1470 val_BA=1.000 mejor_epoca=3
2026-09-26 16:04:38,204 INFO ICBHI/no_dn fold 4: config 12 (lr=0.0003, dropout=0.5) epoca 7: train_loss=0.0322 val_loss=0.0616 val_BA=1.000 mejor_epoca=7
2026-09-26 16:04:41,694 INFO ICBHI/no_dn fold 4: config 12 (lr=0.0003, dropout=0.5) epoca 9: train_loss=0.0180 val_loss=0.0200 val_BA=1.000 mejor_epoca=9
2026-09-26 16:04:43,441 INFO ICBHI/no_dn fold 4: config 12 (lr=0.0003, dropout=0.5) epoca 10: train_loss=0.0136 val_loss=0.0367 val_BA=1.000 mejor_epoca=9
2026-09-26 16:04:48,671 INFO ICBHI/no_dn fold 4: config 12 (lr=0.0003, dropout=0.5) epoca 13: train_loss=0.0043 val_loss=0.0168 val_BA=1.000 mejor_epoca=13
2026-09-26 16:05:00,893 INFO ICBHI/no_dn fold 4: config 12 (lr=0.0003, dropout=0.5) epoca 20: train_loss=0.0060 val_loss=0.0277 val_BA=0.875 mejor_epoca=13
2026-09-26 16:05:02,646 INFO ICBHI/no_dn fold 4: config 12 (lr=0.0003, dropout=0.5) epoca 21: train_loss=0.0054 val_loss=0.0142 val_BA=1.000 mejor_epoca=21
2026-09-26 16:05:07,887 INFO ICBHI/no_dn fold 4: config 12 (lr=0.0003, dropout=0.5) epoca 24: train_loss=0.0032 val_loss=0.0074 val_BA=1.000 mejor_epoca=24
2026-09-26 16:05:18,343 INFO ICBHI/no_dn fold 4: config 12 (lr=0.0003, dropout=0.5) epoca 30: train_loss=0.0007 val_loss=0.0430 val_BA=0.875 mejor_epoca=24
2026-09-26 16:05:20,087 INFO ICBHI/no_dn fold 4: config 12 (lr=0.0003, dropout=0.5) epoca 31: train_loss=0.0008 val_loss=0.0063 val_BA=1.000 mejor_epoca=31
2026-09-26 16:05:23,590 INFO ICBHI/no_dn fold 4: config 12 (lr=0.0003, dropout=0.5) epoca 33: train_loss=0.0004 val_loss=0.0046 val_BA=1.000 mejor_epoca=33
2026-09-26 16:05:35,795 INFO ICBHI/no_dn fold 4: config 12 (lr=0.0003, dropout=0.5) epoca 40: train_loss=0.0081 val_loss=0.0144 val_BA=1.000 mejor_epoca=33
2026-09-26 16:05:49,807 INFO ICBHI/no_dn fold 4 config 12: OK val_BA=1.000 mejor_epoca=33 (1.4 min)
2026-09-26 16:05:51,988 INFO ICBHI/no_dn fold 4: config 13 (lr=0.001, dropout=0.2) epoca 1: train_loss=0.8341 val_loss=0.2804 val_BA=0.500 mejor_epoca=1
2026-09-26 16:05:53,970 INFO ICBHI/no_dn fold 4: config 13 (lr=0.001, dropout=0.2) epoca 2: train_loss=0.7142 val_loss=0.8081 val_BA=0.700 mejor_epoca=2
2026-09-26 16:05:55,957 INFO ICBHI/no_dn fold 4: config 13 (lr=0.001, dropout=0.2) epoca 3: train_loss=0.4175 val_loss=0.2133 val_BA=0.875 mejor_epoca=3
2026-09-26 16:05:59,927 INFO ICBHI/no_dn fold 4: config 13 (lr=0.001, dropout=0.2) epoca 5: train_loss=0.3285 val_loss=0.1370 val_BA=0.875 mejor_epoca=5
2026-09-26 16:06:09,859 INFO ICBHI/no_dn fold 4: config 13 (lr=0.001, dropout=0.2) epoca 10: train_loss=0.1210 val_loss=0.1122 val_BA=1.000 mejor_epoca=10
2026-09-26 16:06:23,706 INFO ICBHI/no_dn fold 4: config 13 (lr=0.001, dropout=0.2) epoca 17: train_loss=0.0505 val_loss=0.1070 val_BA=1.000 mejor_epoca=17
2026-09-26 16:06:29,649 INFO ICBHI/no_dn fold 4: config 13 (lr=0.001, dropout=0.2) epoca 20: train_loss=0.0245 val_loss=0.1850 val_BA=0.875 mejor_epoca=17
2026-09-26 16:06:49,709 INFO ICBHI/no_dn fold 4: config 13 (lr=0.001, dropout=0.2) epoca 30: train_loss=0.0278 val_loss=0.2023 val_BA=0.875 mejor_epoca=17
2026-09-26 16:06:53,704 INFO ICBHI/no_dn fold 4 config 13: OK val_BA=1.000 mejor_epoca=17 (1.1 min)
2026-09-26 16:06:55,616 INFO ICBHI/no_dn fold 4: config 14 (lr=0.001, dropout=0.3) epoca 1: train_loss=0.6485 val_loss=0.1781 val_BA=0.500 mejor_epoca=1
2026-09-26 16:06:57,314 INFO ICBHI/no_dn fold 4: config 14 (lr=0.001, dropout=0.3) epoca 2: train_loss=0.4623 val_loss=0.1103 val_BA=0.625 mejor_epoca=2
2026-09-26 16:06:59,009 INFO ICBHI/no_dn fold 4: config 14 (lr=0.001, dropout=0.3) epoca 3: train_loss=0.2089 val_loss=0.7610 val_BA=0.825 mejor_epoca=3
2026-09-26 16:07:00,708 INFO ICBHI/no_dn fold 4: config 14 (lr=0.001, dropout=0.3) epoca 4: train_loss=0.1682 val_loss=0.1663 val_BA=0.875 mejor_epoca=4
2026-09-26 16:07:04,102 INFO ICBHI/no_dn fold 4: config 14 (lr=0.001, dropout=0.3) epoca 6: train_loss=0.0786 val_loss=0.1810 val_BA=1.000 mejor_epoca=6
2026-09-26 16:07:10,872 INFO ICBHI/no_dn fold 4: config 14 (lr=0.001, dropout=0.3) epoca 10: train_loss=0.0341 val_loss=0.3541 val_BA=1.000 mejor_epoca=6
2026-09-26 16:07:14,248 INFO ICBHI/no_dn fold 4: config 14 (lr=0.001, dropout=0.3) epoca 12: train_loss=0.0109 val_loss=0.1447 val_BA=1.000 mejor_epoca=12
2026-09-26 16:07:27,752 INFO ICBHI/no_dn fold 4: config 14 (lr=0.001, dropout=0.3) epoca 20: train_loss=0.0039 val_loss=0.1432 val_BA=1.000 mejor_epoca=20
2026-09-26 16:07:34,518 INFO ICBHI/no_dn fold 4: config 14 (lr=0.001, dropout=0.3) epoca 24: train_loss=0.0022 val_loss=0.0318 val_BA=1.000 mejor_epoca=24
2026-09-26 16:07:44,619 INFO ICBHI/no_dn fold 4: config 14 (lr=0.001, dropout=0.3) epoca 30: train_loss=0.0069 val_loss=0.1648 val_BA=1.000 mejor_epoca=24
2026-09-26 16:07:59,873 INFO ICBHI/no_dn fold 4 config 14: OK val_BA=1.000 mejor_epoca=24 (1.1 min)
2026-09-26 16:08:01,866 INFO ICBHI/no_dn fold 4: config 15 (lr=0.001, dropout=0.3) epoca 1: train_loss=0.6233 val_loss=0.6783 val_BA=0.725 mejor_epoca=1
2026-09-26 16:08:03,642 INFO ICBHI/no_dn fold 4: config 15 (lr=0.001, dropout=0.3) epoca 2: train_loss=0.4267 val_loss=0.2950 val_BA=0.750 mejor_epoca=2
2026-09-26 16:08:05,421 INFO ICBHI/no_dn fold 4: config 15 (lr=0.001, dropout=0.3) epoca 3: train_loss=0.3138 val_loss=0.2463 val_BA=0.750 mejor_epoca=3
2026-09-26 16:08:07,187 INFO ICBHI/no_dn fold 4: config 15 (lr=0.001, dropout=0.3) epoca 4: train_loss=0.1652 val_loss=0.0977 val_BA=0.875 mejor_epoca=4
2026-09-26 16:08:17,776 INFO ICBHI/no_dn fold 4: config 15 (lr=0.001, dropout=0.3) epoca 10: train_loss=0.0322 val_loss=0.0741 val_BA=0.750 mejor_epoca=4
2026-09-26 16:08:30,153 INFO ICBHI/no_dn fold 4: config 15 (lr=0.001, dropout=0.3) epoca 17: train_loss=0.0193 val_loss=0.0908 val_BA=0.875 mejor_epoca=17
2026-09-26 16:08:33,687 INFO ICBHI/no_dn fold 4: config 15 (lr=0.001, dropout=0.3) epoca 19: train_loss=0.0016 val_loss=0.0799 val_BA=0.875 mejor_epoca=19
2026-09-26 16:08:35,459 INFO ICBHI/no_dn fold 4: config 15 (lr=0.001, dropout=0.3) epoca 20: train_loss=0.0033 val_loss=0.1915 val_BA=0.875 mejor_epoca=19
2026-09-26 16:08:53,132 INFO ICBHI/no_dn fold 4: config 15 (lr=0.001, dropout=0.3) epoca 30: train_loss=0.0003 val_loss=0.0761 val_BA=0.750 mejor_epoca=19
2026-09-26 16:09:00,204 INFO ICBHI/no_dn fold 4 config 15: OK val_BA=0.875 mejor_epoca=19 (1.0 min)
2026-09-26 16:09:02,431 INFO ICBHI/no_dn fold 4: config 16 (lr=0.001, dropout=0.4) epoca 1: train_loss=0.8017 val_loss=0.3584 val_BA=0.750 mejor_epoca=1
2026-09-26 16:09:06,450 INFO ICBHI/no_dn fold 4: config 16 (lr=0.001, dropout=0.4) epoca 3: train_loss=0.3149 val_loss=0.2943 val_BA=1.000 mejor_epoca=3
2026-09-26 16:09:14,475 INFO ICBHI/no_dn fold 4: config 16 (lr=0.001, dropout=0.4) epoca 7: train_loss=0.0955 val_loss=0.2337 val_BA=1.000 mejor_epoca=7
2026-09-26 16:09:20,485 INFO ICBHI/no_dn fold 4: config 16 (lr=0.001, dropout=0.4) epoca 10: train_loss=0.0670 val_loss=0.1778 val_BA=0.875 mejor_epoca=7
2026-09-26 16:09:32,487 INFO ICBHI/no_dn fold 4: config 16 (lr=0.001, dropout=0.4) epoca 16: train_loss=0.0222 val_loss=0.0750 val_BA=1.000 mejor_epoca=16
2026-09-26 16:09:40,504 INFO ICBHI/no_dn fold 4: config 16 (lr=0.001, dropout=0.4) epoca 20: train_loss=0.0869 val_loss=0.0764 val_BA=0.750 mejor_epoca=16
2026-09-26 16:09:50,511 INFO ICBHI/no_dn fold 4: config 16 (lr=0.001, dropout=0.4) epoca 25: train_loss=0.0250 val_loss=0.0695 val_BA=1.000 mejor_epoca=25
2026-09-26 16:09:52,517 INFO ICBHI/no_dn fold 4: config 16 (lr=0.001, dropout=0.4) epoca 26: train_loss=0.0004 val_loss=0.0458 val_BA=1.000 mejor_epoca=26
2026-09-26 16:10:00,481 INFO ICBHI/no_dn fold 4: config 16 (lr=0.001, dropout=0.4) epoca 30: train_loss=0.0401 val_loss=0.1322 val_BA=0.750 mejor_epoca=26
2026-09-26 16:10:20,480 INFO ICBHI/no_dn fold 4: config 16 (lr=0.001, dropout=0.4) epoca 40: train_loss=0.0006 val_loss=0.0858 val_BA=0.750 mejor_epoca=26
2026-09-26 16:10:22,495 INFO ICBHI/no_dn fold 4 config 16: OK val_BA=1.000 mejor_epoca=26 (1.4 min)
2026-09-26 16:10:24,482 INFO ICBHI/no_dn fold 4: config 17 (lr=0.001, dropout=0.5) epoca 1: train_loss=0.6999 val_loss=0.4210 val_BA=0.500 mejor_epoca=1
2026-09-26 16:10:26,254 INFO ICBHI/no_dn fold 4: config 17 (lr=0.001, dropout=0.5) epoca 2: train_loss=0.4567 val_loss=0.6821 val_BA=0.775 mejor_epoca=2
2026-09-26 16:10:28,034 INFO ICBHI/no_dn fold 4: config 17 (lr=0.001, dropout=0.5) epoca 3: train_loss=0.2256 val_loss=0.5885 val_BA=1.000 mejor_epoca=3
2026-09-26 16:10:33,412 INFO ICBHI/no_dn fold 4: config 17 (lr=0.001, dropout=0.5) epoca 6: train_loss=0.0768 val_loss=0.2235 val_BA=1.000 mejor_epoca=6
2026-09-26 16:10:35,190 INFO ICBHI/no_dn fold 4: config 17 (lr=0.001, dropout=0.5) epoca 7: train_loss=0.0809 val_loss=0.1367 val_BA=1.000 mejor_epoca=7
2026-09-26 16:10:40,494 INFO ICBHI/no_dn fold 4: config 17 (lr=0.001, dropout=0.5) epoca 10: train_loss=0.0305 val_loss=0.1362 val_BA=0.875 mejor_epoca=7
2026-09-26 16:10:47,579 INFO ICBHI/no_dn fold 4: config 17 (lr=0.001, dropout=0.5) epoca 14: train_loss=0.0163 val_loss=0.1228 val_BA=1.000 mejor_epoca=14
2026-09-26 16:10:58,230 INFO ICBHI/no_dn fold 4: config 17 (lr=0.001, dropout=0.5) epoca 20: train_loss=0.0041 val_loss=0.1054 val_BA=1.000 mejor_epoca=20
2026-09-26 16:11:05,298 INFO ICBHI/no_dn fold 4: config 17 (lr=0.001, dropout=0.5) epoca 24: train_loss=0.0041 val_loss=0.0865 val_BA=1.000 mejor_epoca=24
2026-09-26 16:11:15,876 INFO ICBHI/no_dn fold 4: config 17 (lr=0.001, dropout=0.5) epoca 30: train_loss=0.0205 val_loss=0.0940 val_BA=0.875 mejor_epoca=24
2026-09-26 16:11:17,641 INFO ICBHI/no_dn fold 4: config 17 (lr=0.001, dropout=0.5) epoca 31: train_loss=0.0030 val_loss=0.0838 val_BA=1.000 mejor_epoca=31
2026-09-26 16:11:21,171 INFO ICBHI/no_dn fold 4: config 17 (lr=0.001, dropout=0.5) epoca 33: train_loss=0.0013 val_loss=0.0790 val_BA=1.000 mejor_epoca=33
2026-09-26 16:11:24,706 INFO ICBHI/no_dn fold 4: config 17 (lr=0.001, dropout=0.5) epoca 35: train_loss=0.0014 val_loss=0.0455 val_BA=1.000 mejor_epoca=35
2026-09-26 16:11:33,545 INFO ICBHI/no_dn fold 4: config 17 (lr=0.001, dropout=0.5) epoca 40: train_loss=0.0113 val_loss=0.0584 val_BA=0.875 mejor_epoca=35
2026-09-26 16:11:35,316 INFO ICBHI/no_dn fold 4: config 17 (lr=0.001, dropout=0.5) epoca 41: train_loss=0.0028 val_loss=0.0239 val_BA=1.000 mejor_epoca=41
2026-09-26 16:11:51,227 INFO ICBHI/no_dn fold 4: config 17 (lr=0.001, dropout=0.5) epoca 50: train_loss=0.0001 val_loss=0.0335 val_BA=0.875 mejor_epoca=41
2026-09-26 16:12:01,826 INFO ICBHI/no_dn fold 4 config 17: OK val_BA=1.000 mejor_epoca=41 (1.7 min)
2026-09-26 16:12:03,747 INFO ICBHI/no_dn fold 4: config 18 (lr=0.001, dropout=0.5) epoca 1: train_loss=0.5989 val_loss=0.2866 val_BA=0.750 mejor_epoca=1
2026-09-26 16:12:07,150 INFO ICBHI/no_dn fold 4: config 18 (lr=0.001, dropout=0.5) epoca 3: train_loss=0.2586 val_loss=0.5359 val_BA=0.875 mejor_epoca=3
2026-09-26 16:12:08,852 INFO ICBHI/no_dn fold 4: config 18 (lr=0.001, dropout=0.5) epoca 4: train_loss=0.1532 val_loss=0.4212 val_BA=1.000 mejor_epoca=4
2026-09-26 16:12:10,559 INFO ICBHI/no_dn fold 4: config 18 (lr=0.001, dropout=0.5) epoca 5: train_loss=0.0984 val_loss=0.3335 val_BA=1.000 mejor_epoca=5
2026-09-26 16:12:12,264 INFO ICBHI/no_dn fold 4: config 18 (lr=0.001, dropout=0.5) epoca 6: train_loss=0.0546 val_loss=0.3089 val_BA=1.000 mejor_epoca=6
2026-09-26 16:12:19,094 INFO ICBHI/no_dn fold 4: config 18 (lr=0.001, dropout=0.5) epoca 10: train_loss=0.0187 val_loss=0.0686 val_BA=0.875 mejor_epoca=6
2026-09-26 16:12:27,620 INFO ICBHI/no_dn fold 4: config 18 (lr=0.001, dropout=0.5) epoca 15: train_loss=0.0153 val_loss=0.1432 val_BA=1.000 mejor_epoca=15
2026-09-26 16:12:36,172 INFO ICBHI/no_dn fold 4: config 18 (lr=0.001, dropout=0.5) epoca 20: train_loss=0.0063 val_loss=0.1874 val_BA=0.750 mejor_epoca=15
2026-09-26 16:12:53,208 INFO ICBHI/no_dn fold 4: config 18 (lr=0.001, dropout=0.5) epoca 30: train_loss=0.0008 val_loss=0.1037 val_BA=0.875 mejor_epoca=15
2026-09-26 16:12:53,230 INFO ICBHI/no_dn fold 4 config 18: OK val_BA=1.000 mejor_epoca=15 (0.9 min)
2026-09-26 16:12:55,166 INFO ICBHI/no_dn fold 4: config 19 (lr=0.001, dropout=0.5) epoca 1: train_loss=0.5792 val_loss=0.5017 val_BA=0.825 mejor_epoca=1
2026-09-26 16:13:00,282 INFO ICBHI/no_dn fold 4: config 19 (lr=0.001, dropout=0.5) epoca 4: train_loss=0.1329 val_loss=0.4210 val_BA=0.875 mejor_epoca=4
2026-09-26 16:13:01,985 INFO ICBHI/no_dn fold 4: config 19 (lr=0.001, dropout=0.5) epoca 5: train_loss=0.0982 val_loss=0.1639 val_BA=0.875 mejor_epoca=5
2026-09-26 16:13:05,389 INFO ICBHI/no_dn fold 4: config 19 (lr=0.001, dropout=0.5) epoca 7: train_loss=0.0503 val_loss=0.1047 val_BA=0.875 mejor_epoca=7
2026-09-26 16:13:07,088 INFO ICBHI/no_dn fold 4: config 19 (lr=0.001, dropout=0.5) epoca 8: train_loss=0.0478 val_loss=0.2955 val_BA=1.000 mejor_epoca=8
2026-09-26 16:13:10,634 INFO ICBHI/no_dn fold 4: config 19 (lr=0.001, dropout=0.5) epoca 10: train_loss=0.0173 val_loss=0.0570 val_BA=0.750 mejor_epoca=8
2026-09-26 16:13:14,013 INFO ICBHI/no_dn fold 4: config 19 (lr=0.001, dropout=0.5) epoca 12: train_loss=0.0103 val_loss=0.1390 val_BA=1.000 mejor_epoca=12
2026-09-26 16:13:27,518 INFO ICBHI/no_dn fold 4: config 19 (lr=0.001, dropout=0.5) epoca 20: train_loss=0.0078 val_loss=0.0385 val_BA=0.875 mejor_epoca=12
2026-09-26 16:13:30,893 INFO ICBHI/no_dn fold 4: config 19 (lr=0.001, dropout=0.5) epoca 22: train_loss=0.0023 val_loss=0.0297 val_BA=1.000 mejor_epoca=22
2026-09-26 16:13:44,428 INFO ICBHI/no_dn fold 4: config 19 (lr=0.001, dropout=0.5) epoca 30: train_loss=0.0011 val_loss=0.0372 val_BA=0.875 mejor_epoca=22
2026-09-26 16:13:56,314 INFO ICBHI/no_dn fold 4 config 19: OK val_BA=1.000 mejor_epoca=22 (1.1 min)
2026-09-26 16:13:57,456 INFO ICBHI/no_dn: configuracion global 1 (decidida por config_order), BA folds=1.000±0.000 agrupada=1.000 [COMPLETED]
2026-09-26 16:13:57,465 INFO preparando ICBHI/dn (rama dn, augment=False, protocolo holdout_cv_v3)
2026-09-26 16:13:58,275 INFO log-mel ICBHI/cv/fold_00/dn: 500/4715
2026-09-26 16:13:58,859 INFO log-mel ICBHI/cv/fold_00/dn: 1000/4715
2026-09-26 16:13:59,442 INFO log-mel ICBHI/cv/fold_00/dn: 1500/4715
2026-09-26 16:14:00,032 INFO log-mel ICBHI/cv/fold_00/dn: 2000/4715
2026-09-26 16:14:00,618 INFO log-mel ICBHI/cv/fold_00/dn: 2500/4715
2026-09-26 16:14:01,247 INFO log-mel ICBHI/cv/fold_00/dn: 3000/4715
2026-09-26 16:14:01,830 INFO log-mel ICBHI/cv/fold_00/dn: 3500/4715
2026-09-26 16:14:02,415 INFO log-mel ICBHI/cv/fold_00/dn: 4000/4715
2026-09-26 16:14:03,001 INFO log-mel ICBHI/cv/fold_00/dn: 4500/4715
2026-09-26 16:14:03,252 INFO log-mel ICBHI/cv/fold_00/dn: 4715/4715
2026-09-26 16:14:03,920 INFO ICBHI/dn fold 0: log-mel dn listo en 6.4 s, forma (4715, 1, 64, 309)
2026-09-26 16:14:03,933 INFO ICBHI/dn fold 0: 57/15 pacientes train/validation, 20 de 20 configuracion(es) por evaluar
2026-09-26 16:14:06,269 INFO ICBHI/dn fold 0: config 0 (lr=0.0001, dropout=0.3) epoca 1: train_loss=0.6116 val_loss=0.4950 val_BA=0.900 mejor_epoca=1
2026-09-26 16:14:08,360 INFO ICBHI/dn fold 0: config 0 (lr=0.0001, dropout=0.3) epoca 2: train_loss=0.3124 val_loss=0.4514 val_BA=1.000 mejor_epoca=2
2026-09-26 16:14:10,448 INFO ICBHI/dn fold 0: config 0 (lr=0.0001, dropout=0.3) epoca 3: train_loss=0.1892 val_loss=0.1465 val_BA=1.000 mejor_epoca=3
2026-09-26 16:14:12,536 INFO ICBHI/dn fold 0: config 0 (lr=0.0001, dropout=0.3) epoca 4: train_loss=0.1240 val_loss=0.1288 val_BA=1.000 mejor_epoca=4
2026-09-26 16:14:14,618 INFO ICBHI/dn fold 0: config 0 (lr=0.0001, dropout=0.3) epoca 5: train_loss=0.1018 val_loss=0.1054 val_BA=1.000 mejor_epoca=5
2026-09-26 16:14:18,805 INFO ICBHI/dn fold 0: config 0 (lr=0.0001, dropout=0.3) epoca 7: train_loss=0.0363 val_loss=0.0934 val_BA=1.000 mejor_epoca=7
2026-09-26 16:14:22,959 INFO ICBHI/dn fold 0: config 0 (lr=0.0001, dropout=0.3) epoca 9: train_loss=0.0198 val_loss=0.0765 val_BA=1.000 mejor_epoca=9
2026-09-26 16:14:25,029 INFO ICBHI/dn fold 0: config 0 (lr=0.0001, dropout=0.3) epoca 10: train_loss=0.0260 val_loss=0.0839 val_BA=0.900 mejor_epoca=9
2026-09-26 16:14:45,927 INFO ICBHI/dn fold 0: config 0 (lr=0.0001, dropout=0.3) epoca 20: train_loss=0.0045 val_loss=0.1856 val_BA=0.900 mejor_epoca=9
2026-09-26 16:14:54,342 INFO ICBHI/dn fold 0 config 0: OK val_BA=1.000 mejor_epoca=9 (0.8 min)
2026-09-26 16:14:56,369 INFO ICBHI/dn fold 0: config 1 (lr=0.0001, dropout=0.3) epoca 1: train_loss=0.5969 val_loss=0.4360 val_BA=0.900 mejor_epoca=1
2026-09-26 16:14:59,924 INFO ICBHI/dn fold 0: config 1 (lr=0.0001, dropout=0.3) epoca 3: train_loss=0.2750 val_loss=0.3187 val_BA=0.900 mejor_epoca=3
2026-09-26 16:15:08,824 INFO ICBHI/dn fold 0: config 1 (lr=0.0001, dropout=0.3) epoca 8: train_loss=0.0532 val_loss=0.1647 val_BA=1.000 mejor_epoca=8
2026-09-26 16:15:12,380 INFO ICBHI/dn fold 0: config 1 (lr=0.0001, dropout=0.3) epoca 10: train_loss=0.0317 val_loss=0.2401 val_BA=1.000 mejor_epoca=8
2026-09-26 16:15:23,043 INFO ICBHI/dn fold 0: config 1 (lr=0.0001, dropout=0.3) epoca 16: train_loss=0.0152 val_loss=0.0697 val_BA=1.000 mejor_epoca=16
2026-09-26 16:15:30,158 INFO ICBHI/dn fold 0: config 1 (lr=0.0001, dropout=0.3) epoca 20: train_loss=0.0105 val_loss=0.1483 val_BA=0.600 mejor_epoca=16
2026-09-26 16:15:47,931 INFO ICBHI/dn fold 0: config 1 (lr=0.0001, dropout=0.3) epoca 30: train_loss=0.0049 val_loss=0.0841 val_BA=0.900 mejor_epoca=16
2026-09-26 16:15:49,731 INFO ICBHI/dn fold 0 config 1: OK val_BA=1.000 mejor_epoca=16 (0.9 min)
2026-09-26 16:15:51,843 INFO ICBHI/dn fold 0: config 2 (lr=0.0001, dropout=0.4) epoca 1: train_loss=0.6135 val_loss=0.8306 val_BA=0.650 mejor_epoca=1
2026-09-26 16:15:53,719 INFO ICBHI/dn fold 0: config 2 (lr=0.0001, dropout=0.4) epoca 2: train_loss=0.3837 val_loss=0.6979 val_BA=0.800 mejor_epoca=2
2026-09-26 16:15:55,580 INFO ICBHI/dn fold 0: config 2 (lr=0.0001, dropout=0.4) epoca 3: train_loss=0.2136 val_loss=0.2759 val_BA=1.000 mejor_epoca=3
2026-09-26 16:16:05,003 INFO ICBHI/dn fold 0: config 2 (lr=0.0001, dropout=0.4) epoca 8: train_loss=0.0333 val_loss=0.1568 val_BA=1.000 mejor_epoca=8
2026-09-26 16:16:08,788 INFO ICBHI/dn fold 0: config 2 (lr=0.0001, dropout=0.4) epoca 10: train_loss=0.0235 val_loss=0.0880 val_BA=0.800 mejor_epoca=8
2026-09-26 16:16:16,272 INFO ICBHI/dn fold 0: config 2 (lr=0.0001, dropout=0.4) epoca 14: train_loss=0.0122 val_loss=0.1325 val_BA=1.000 mejor_epoca=14
2026-09-26 16:16:25,534 INFO ICBHI/dn fold 0: config 2 (lr=0.0001, dropout=0.4) epoca 19: train_loss=0.0059 val_loss=0.0454 val_BA=1.000 mejor_epoca=19
2026-09-26 16:16:27,374 INFO ICBHI/dn fold 0: config 2 (lr=0.0001, dropout=0.4) epoca 20: train_loss=0.0045 val_loss=0.0947 val_BA=0.800 mejor_epoca=19
2026-09-26 16:16:45,754 INFO ICBHI/dn fold 0: config 2 (lr=0.0001, dropout=0.4) epoca 30: train_loss=0.0047 val_loss=0.2271 val_BA=0.600 mejor_epoca=19
2026-09-26 16:16:53,107 INFO ICBHI/dn fold 0 config 2: OK val_BA=1.000 mejor_epoca=19 (1.1 min)
2026-09-26 16:16:55,422 INFO ICBHI/dn fold 0: config 3 (lr=0.0001, dropout=0.4) epoca 1: train_loss=0.6467 val_loss=0.5726 val_BA=0.650 mejor_epoca=1
2026-09-26 16:16:57,498 INFO ICBHI/dn fold 0: config 3 (lr=0.0001, dropout=0.4) epoca 2: train_loss=0.3958 val_loss=0.2040 val_BA=0.700 mejor_epoca=2
2026-09-26 16:16:59,573 INFO ICBHI/dn fold 0: config 3 (lr=0.0001, dropout=0.4) epoca 3: train_loss=0.2265 val_loss=0.1987 val_BA=0.900 mejor_epoca=3
2026-09-26 16:17:01,645 INFO ICBHI/dn fold 0: config 3 (lr=0.0001, dropout=0.4) epoca 4: train_loss=0.1575 val_loss=0.0906 val_BA=0.900 mejor_epoca=4
2026-09-26 16:17:05,777 INFO ICBHI/dn fold 0: config 3 (lr=0.0001, dropout=0.4) epoca 6: train_loss=0.0845 val_loss=0.1146 val_BA=1.000 mejor_epoca=6
2026-09-26 16:17:07,848 INFO ICBHI/dn fold 0: config 3 (lr=0.0001, dropout=0.4) epoca 7: train_loss=0.0588 val_loss=0.0994 val_BA=1.000 mejor_epoca=7
2026-09-26 16:17:11,993 INFO ICBHI/dn fold 0: config 3 (lr=0.0001, dropout=0.4) epoca 9: train_loss=0.0295 val_loss=0.0782 val_BA=1.000 mejor_epoca=9
2026-09-26 16:17:14,077 INFO ICBHI/dn fold 0: config 3 (lr=0.0001, dropout=0.4) epoca 10: train_loss=0.0325 val_loss=0.0551 val_BA=1.000 mejor_epoca=10
2026-09-26 16:17:34,687 INFO ICBHI/dn fold 0: config 3 (lr=0.0001, dropout=0.4) epoca 20: train_loss=0.0055 val_loss=0.1565 val_BA=0.800 mejor_epoca=10
2026-09-26 16:17:45,004 INFO ICBHI/dn fold 0 config 3: OK val_BA=1.000 mejor_epoca=10 (0.9 min)
2026-09-26 16:17:47,071 INFO ICBHI/dn fold 0: config 4 (lr=0.0001, dropout=0.4) epoca 1: train_loss=0.6031 val_loss=0.2489 val_BA=0.600 mejor_epoca=1
2026-09-26 16:17:48,903 INFO ICBHI/dn fold 0: config 4 (lr=0.0001, dropout=0.4) epoca 2: train_loss=0.2907 val_loss=0.2603 val_BA=1.000 mejor_epoca=2
2026-09-26 16:18:01,777 INFO ICBHI/dn fold 0: config 4 (lr=0.0001, dropout=0.4) epoca 9: train_loss=0.0279 val_loss=0.0974 val_BA=1.000 mejor_epoca=9
2026-09-26 16:18:03,612 INFO ICBHI/dn fold 0: config 4 (lr=0.0001, dropout=0.4) epoca 10: train_loss=0.0172 val_loss=0.1709 val_BA=0.700 mejor_epoca=9
2026-09-26 16:18:05,455 INFO ICBHI/dn fold 0: config 4 (lr=0.0001, dropout=0.4) epoca 11: train_loss=0.0232 val_loss=0.0510 val_BA=1.000 mejor_epoca=11
2026-09-26 16:18:21,984 INFO ICBHI/dn fold 0: config 4 (lr=0.0001, dropout=0.4) epoca 20: train_loss=0.0042 val_loss=0.1536 val_BA=0.800 mejor_epoca=11
2026-09-26 16:18:33,094 INFO ICBHI/dn fold 0 config 4: OK val_BA=1.000 mejor_epoca=11 (0.8 min)
2026-09-26 16:18:35,117 INFO ICBHI/dn fold 0: config 5 (lr=0.0001, dropout=0.4) epoca 1: train_loss=0.5983 val_loss=0.2863 val_BA=0.700 mejor_epoca=1
2026-09-26 16:18:38,665 INFO ICBHI/dn fold 0: config 5 (lr=0.0001, dropout=0.4) epoca 3: train_loss=0.3099 val_loss=0.6849 val_BA=0.900 mejor_epoca=3
2026-09-26 16:18:40,447 INFO ICBHI/dn fold 0: config 5 (lr=0.0001, dropout=0.4) epoca 4: train_loss=0.1973 val_loss=0.3572 val_BA=1.000 mejor_epoca=4
2026-09-26 16:18:47,529 INFO ICBHI/dn fold 0: config 5 (lr=0.0001, dropout=0.4) epoca 8: train_loss=0.0502 val_loss=0.1755 val_BA=1.000 mejor_epoca=8
2026-09-26 16:18:51,074 INFO ICBHI/dn fold 0: config 5 (lr=0.0001, dropout=0.4) epoca 10: train_loss=0.0331 val_loss=0.2523 val_BA=1.000 mejor_epoca=8
2026-09-26 16:18:59,918 INFO ICBHI/dn fold 0: config 5 (lr=0.0001, dropout=0.4) epoca 15: train_loss=0.0159 val_loss=0.1165 val_BA=1.000 mejor_epoca=15
2026-09-26 16:19:08,765 INFO ICBHI/dn fold 0: config 5 (lr=0.0001, dropout=0.4) epoca 20: train_loss=0.0083 val_loss=0.1057 val_BA=0.800 mejor_epoca=15
2026-09-26 16:19:10,537 INFO ICBHI/dn fold 0: config 5 (lr=0.0001, dropout=0.4) epoca 21: train_loss=0.0090 val_loss=0.0888 val_BA=1.000 mejor_epoca=21
2026-09-26 16:19:26,440 INFO ICBHI/dn fold 0: config 5 (lr=0.0001, dropout=0.4) epoca 30: train_loss=0.0045 val_loss=0.0863 val_BA=1.000 mejor_epoca=30
2026-09-26 16:19:42,347 INFO ICBHI/dn fold 0: config 5 (lr=0.0001, dropout=0.4) epoca 39: train_loss=0.0030 val_loss=0.0823 val_BA=1.000 mejor_epoca=39
2026-09-26 16:19:44,118 INFO ICBHI/dn fold 0: config 5 (lr=0.0001, dropout=0.4) epoca 40: train_loss=0.0034 val_loss=0.1223 val_BA=0.800 mejor_epoca=39
2026-09-26 16:19:54,783 INFO ICBHI/dn fold 0: config 5 (lr=0.0001, dropout=0.4) epoca 46: train_loss=0.0025 val_loss=0.0701 val_BA=1.000 mejor_epoca=46
2026-09-26 16:20:01,879 INFO ICBHI/dn fold 0: config 5 (lr=0.0001, dropout=0.4) epoca 50: train_loss=0.0019 val_loss=0.0865 val_BA=0.900 mejor_epoca=46
2026-09-26 16:20:19,507 INFO ICBHI/dn fold 0: config 5 (lr=0.0001, dropout=0.4) epoca 60: train_loss=0.0014 val_loss=0.0674 val_BA=1.000 mejor_epoca=60
2026-09-26 16:20:37,165 INFO ICBHI/dn fold 0: config 5 (lr=0.0001, dropout=0.4) epoca 70: train_loss=0.0010 val_loss=0.1018 val_BA=0.900 mejor_epoca=60
2026-09-26 16:20:45,993 INFO ICBHI/dn fold 0 config 5: OK val_BA=1.000 mejor_epoca=60 (2.2 min)
2026-09-26 16:20:48,286 INFO ICBHI/dn fold 0: config 6 (lr=0.0001, dropout=0.5) epoca 1: train_loss=0.6604 val_loss=0.3206 val_BA=0.600 mejor_epoca=1
2026-09-26 16:20:50,349 INFO ICBHI/dn fold 0: config 6 (lr=0.0001, dropout=0.5) epoca 2: train_loss=0.4432 val_loss=0.3046 val_BA=0.900 mejor_epoca=2
2026-09-26 16:20:54,485 INFO ICBHI/dn fold 0: config 6 (lr=0.0001, dropout=0.5) epoca 4: train_loss=0.1903 val_loss=0.1463 val_BA=1.000 mejor_epoca=4
2026-09-26 16:21:00,772 INFO ICBHI/dn fold 0: config 6 (lr=0.0001, dropout=0.5) epoca 7: train_loss=0.0617 val_loss=0.0721 val_BA=1.000 mejor_epoca=7
2026-09-26 16:21:06,984 INFO ICBHI/dn fold 0: config 6 (lr=0.0001, dropout=0.5) epoca 10: train_loss=0.0355 val_loss=0.1019 val_BA=0.900 mejor_epoca=7
2026-09-26 16:21:21,508 INFO ICBHI/dn fold 0: config 6 (lr=0.0001, dropout=0.5) epoca 17: train_loss=0.0042 val_loss=0.0492 val_BA=1.000 mejor_epoca=17
2026-09-26 16:21:27,819 INFO ICBHI/dn fold 0: config 6 (lr=0.0001, dropout=0.5) epoca 20: train_loss=0.0075 val_loss=0.1334 val_BA=0.900 mejor_epoca=17
2026-09-26 16:21:48,738 INFO ICBHI/dn fold 0: config 6 (lr=0.0001, dropout=0.5) epoca 30: train_loss=0.0012 val_loss=0.1759 val_BA=0.800 mejor_epoca=17
2026-09-26 16:21:52,928 INFO ICBHI/dn fold 0 config 6: OK val_BA=1.000 mejor_epoca=17 (1.1 min)
2026-09-26 16:21:54,952 INFO ICBHI/dn fold 0: config 7 (lr=0.0001, dropout=0.5) epoca 1: train_loss=0.6482 val_loss=0.8347 val_BA=0.700 mejor_epoca=1
2026-09-26 16:21:56,714 INFO ICBHI/dn fold 0: config 7 (lr=0.0001, dropout=0.5) epoca 2: train_loss=0.4912 val_loss=0.6298 val_BA=0.850 mejor_epoca=2
2026-09-26 16:22:00,264 INFO ICBHI/dn fold 0: config 7 (lr=0.0001, dropout=0.5) epoca 4: train_loss=0.2265 val_loss=0.2370 val_BA=1.000 mejor_epoca=4
2026-09-26 16:22:03,835 INFO ICBHI/dn fold 0: config 7 (lr=0.0001, dropout=0.5) epoca 6: train_loss=0.1226 val_loss=0.2167 val_BA=1.000 mejor_epoca=6
2026-09-26 16:22:10,931 INFO ICBHI/dn fold 0: config 7 (lr=0.0001, dropout=0.5) epoca 10: train_loss=0.0425 val_loss=0.1354 val_BA=1.000 mejor_epoca=10
2026-09-26 16:22:18,030 INFO ICBHI/dn fold 0: config 7 (lr=0.0001, dropout=0.5) epoca 14: train_loss=0.0230 val_loss=0.0752 val_BA=1.000 mejor_epoca=14
2026-09-26 16:22:28,749 INFO ICBHI/dn fold 0: config 7 (lr=0.0001, dropout=0.5) epoca 20: train_loss=0.0127 val_loss=0.0777 val_BA=0.900 mejor_epoca=14
2026-09-26 16:22:44,581 INFO ICBHI/dn fold 0 config 7: OK val_BA=1.000 mejor_epoca=14 (0.9 min)
2026-09-26 16:22:46,598 INFO ICBHI/dn fold 0: config 8 (lr=0.0003, dropout=0.3) epoca 1: train_loss=0.5871 val_loss=0.5748 val_BA=0.900 mejor_epoca=1
2026-09-26 16:22:50,115 INFO ICBHI/dn fold 0: config 8 (lr=0.0003, dropout=0.3) epoca 3: train_loss=0.1606 val_loss=0.1973 val_BA=1.000 mejor_epoca=3
2026-09-26 16:22:57,146 INFO ICBHI/dn fold 0: config 8 (lr=0.0003, dropout=0.3) epoca 7: train_loss=0.0299 val_loss=0.1218 val_BA=1.000 mejor_epoca=7
2026-09-26 16:23:02,425 INFO ICBHI/dn fold 0: config 8 (lr=0.0003, dropout=0.3) epoca 10: train_loss=0.0155 val_loss=0.1216 val_BA=1.000 mejor_epoca=10
2026-09-26 16:23:20,101 INFO ICBHI/dn fold 0: config 8 (lr=0.0003, dropout=0.3) epoca 20: train_loss=0.0047 val_loss=0.1825 val_BA=0.700 mejor_epoca=10
2026-09-26 16:23:23,629 INFO ICBHI/dn fold 0: config 8 (lr=0.0003, dropout=0.3) epoca 22: train_loss=0.0151 val_loss=0.1130 val_BA=1.000 mejor_epoca=22
2026-09-26 16:23:27,151 INFO ICBHI/dn fold 0: config 8 (lr=0.0003, dropout=0.3) epoca 24: train_loss=0.0024 val_loss=0.0793 val_BA=1.000 mejor_epoca=24
2026-09-26 16:23:37,772 INFO ICBHI/dn fold 0: config 8 (lr=0.0003, dropout=0.3) epoca 30: train_loss=0.0063 val_loss=0.1769 val_BA=1.000 mejor_epoca=24
2026-09-26 16:23:53,705 INFO ICBHI/dn fold 0 config 8: OK val_BA=1.000 mejor_epoca=24 (1.2 min)
2026-09-26 16:23:55,795 INFO ICBHI/dn fold 0: config 9 (lr=0.0003, dropout=0.4) epoca 1: train_loss=0.6039 val_loss=0.6881 val_BA=0.750 mejor_epoca=1
2026-09-26 16:23:57,643 INFO ICBHI/dn fold 0: config 9 (lr=0.0003, dropout=0.4) epoca 2: train_loss=0.2707 val_loss=0.2644 val_BA=0.950 mejor_epoca=2
2026-09-26 16:24:10,615 INFO ICBHI/dn fold 0: config 9 (lr=0.0003, dropout=0.4) epoca 9: train_loss=0.0112 val_loss=0.0734 val_BA=1.000 mejor_epoca=9
2026-09-26 16:24:12,478 INFO ICBHI/dn fold 0: config 9 (lr=0.0003, dropout=0.4) epoca 10: train_loss=0.0126 val_loss=0.1270 val_BA=0.900 mejor_epoca=9
2026-09-26 16:24:30,990 INFO ICBHI/dn fold 0: config 9 (lr=0.0003, dropout=0.4) epoca 20: train_loss=0.0084 val_loss=0.1100 val_BA=0.900 mejor_epoca=9
2026-09-26 16:24:38,449 INFO ICBHI/dn fold 0 config 9: OK val_BA=1.000 mejor_epoca=9 (0.7 min)
2026-09-26 16:24:40,808 INFO ICBHI/dn fold 0: config 10 (lr=0.0003, dropout=0.4) epoca 1: train_loss=0.7320 val_loss=0.2879 val_BA=0.700 mejor_epoca=1
2026-09-26 16:24:42,911 INFO ICBHI/dn fold 0: config 10 (lr=0.0003, dropout=0.4) epoca 2: train_loss=0.4487 val_loss=0.1154 val_BA=0.700 mejor_epoca=2
2026-09-26 16:24:45,018 INFO ICBHI/dn fold 0: config 10 (lr=0.0003, dropout=0.4) epoca 3: train_loss=0.2890 val_loss=0.0728 val_BA=1.000 mejor_epoca=3
2026-09-26 16:24:59,727 INFO ICBHI/dn fold 0: config 10 (lr=0.0003, dropout=0.4) epoca 10: train_loss=0.0278 val_loss=0.0701 val_BA=1.000 mejor_epoca=10
2026-09-26 16:25:20,718 INFO ICBHI/dn fold 0: config 10 (lr=0.0003, dropout=0.4) epoca 20: train_loss=0.0009 val_loss=0.1302 val_BA=0.900 mejor_epoca=10
2026-09-26 16:25:31,135 INFO ICBHI/dn fold 0 config 10: OK val_BA=1.000 mejor_epoca=10 (0.9 min)
2026-09-26 16:25:33,164 INFO ICBHI/dn fold 0: config 11 (lr=0.0003, dropout=0.5) epoca 1: train_loss=0.5932 val_loss=3.3710 val_BA=0.500 mejor_epoca=1
2026-09-26 16:25:34,938 INFO ICBHI/dn fold 0: config 11 (lr=0.0003, dropout=0.5) epoca 2: train_loss=0.2737 val_loss=0.1193 val_BA=1.000 mejor_epoca=2
2026-09-26 16:25:47,298 INFO ICBHI/dn fold 0: config 11 (lr=0.0003, dropout=0.5) epoca 9: train_loss=0.0153 val_loss=0.0747 val_BA=1.000 mejor_epoca=9
2026-09-26 16:25:49,063 INFO ICBHI/dn fold 0: config 11 (lr=0.0003, dropout=0.5) epoca 10: train_loss=0.0105 val_loss=0.1024 val_BA=0.900 mejor_epoca=9
2026-09-26 16:26:03,198 INFO ICBHI/dn fold 0: config 11 (lr=0.0003, dropout=0.5) epoca 18: train_loss=0.0029 val_loss=0.0709 val_BA=1.000 mejor_epoca=18
2026-09-26 16:26:06,720 INFO ICBHI/dn fold 0: config 11 (lr=0.0003, dropout=0.5) epoca 20: train_loss=0.0064 val_loss=0.1216 val_BA=0.800 mejor_epoca=18
2026-09-26 16:26:24,350 INFO ICBHI/dn fold 0: config 11 (lr=0.0003, dropout=0.5) epoca 30: train_loss=0.0084 val_loss=0.5941 val_BA=0.950 mejor_epoca=18
2026-09-26 16:26:29,700 INFO ICBHI/dn fold 0 config 11: OK val_BA=1.000 mejor_epoca=18 (1.0 min)
2026-09-26 16:26:31,773 INFO ICBHI/dn fold 0: config 12 (lr=0.0003, dropout=0.5) epoca 1: train_loss=0.6735 val_loss=0.3679 val_BA=0.800 mejor_epoca=1
2026-09-26 16:26:33,598 INFO ICBHI/dn fold 0: config 12 (lr=0.0003, dropout=0.5) epoca 2: train_loss=0.3561 val_loss=0.3472 val_BA=1.000 mejor_epoca=2
2026-09-26 16:26:35,415 INFO ICBHI/dn fold 0: config 12 (lr=0.0003, dropout=0.5) epoca 3: train_loss=0.1962 val_loss=0.1397 val_BA=1.000 mejor_epoca=3
2026-09-26 16:26:46,443 INFO ICBHI/dn fold 0: config 12 (lr=0.0003, dropout=0.5) epoca 9: train_loss=0.0196 val_loss=0.0752 val_BA=1.000 mejor_epoca=9
2026-09-26 16:26:48,278 INFO ICBHI/dn fold 0: config 12 (lr=0.0003, dropout=0.5) epoca 10: train_loss=0.0208 val_loss=0.0689 val_BA=1.000 mejor_epoca=10
2026-09-26 16:27:06,480 INFO ICBHI/dn fold 0: config 12 (lr=0.0003, dropout=0.5) epoca 20: train_loss=0.0028 val_loss=0.0972 val_BA=0.900 mejor_epoca=10
2026-09-26 16:27:15,582 INFO ICBHI/dn fold 0 config 12: OK val_BA=1.000 mejor_epoca=10 (0.8 min)
2026-09-26 16:27:17,907 INFO ICBHI/dn fold 0: config 13 (lr=0.001, dropout=0.2) epoca 1: train_loss=0.9317 val_loss=0.3865 val_BA=0.500 mejor_epoca=1
2026-09-26 16:27:19,971 INFO ICBHI/dn fold 0: config 13 (lr=0.001, dropout=0.2) epoca 2: train_loss=0.8901 val_loss=0.2720 val_BA=0.500 mejor_epoca=2
2026-09-26 16:27:24,108 INFO ICBHI/dn fold 0: config 13 (lr=0.001, dropout=0.2) epoca 4: train_loss=0.7469 val_loss=0.2124 val_BA=0.500 mejor_epoca=4
2026-09-26 16:27:26,178 INFO ICBHI/dn fold 0: config 13 (lr=0.001, dropout=0.2) epoca 5: train_loss=0.7075 val_loss=0.2884 val_BA=0.600 mejor_epoca=5
2026-09-26 16:27:28,249 INFO ICBHI/dn fold 0: config 13 (lr=0.001, dropout=0.2) epoca 6: train_loss=0.6706 val_loss=0.2413 val_BA=0.800 mejor_epoca=6
2026-09-26 16:27:34,455 INFO ICBHI/dn fold 0: config 13 (lr=0.001, dropout=0.2) epoca 9: train_loss=0.2181 val_loss=0.0968 val_BA=0.800 mejor_epoca=9
2026-09-26 16:27:36,523 INFO ICBHI/dn fold 0: config 13 (lr=0.001, dropout=0.2) epoca 10: train_loss=0.1311 val_loss=0.0892 val_BA=0.950 mejor_epoca=10
2026-09-26 16:27:38,595 INFO ICBHI/dn fold 0: config 13 (lr=0.001, dropout=0.2) epoca 11: train_loss=0.1018 val_loss=0.0648 val_BA=1.000 mejor_epoca=11
2026-09-26 16:27:51,009 INFO ICBHI/dn fold 0: config 13 (lr=0.001, dropout=0.2) epoca 17: train_loss=0.0203 val_loss=0.0542 val_BA=1.000 mejor_epoca=17
2026-09-26 16:27:57,186 INFO ICBHI/dn fold 0: config 13 (lr=0.001, dropout=0.2) epoca 20: train_loss=0.0173 val_loss=0.1490 val_BA=0.800 mejor_epoca=17
2026-09-26 16:28:13,892 INFO ICBHI/dn fold 0: config 13 (lr=0.001, dropout=0.2) epoca 28: train_loss=0.0380 val_loss=0.0517 val_BA=1.000 mejor_epoca=28
2026-09-26 16:28:18,009 INFO ICBHI/dn fold 0: config 13 (lr=0.001, dropout=0.2) epoca 30: train_loss=0.0179 val_loss=0.0992 val_BA=1.000 mejor_epoca=28
2026-09-26 16:28:38,567 INFO ICBHI/dn fold 0: config 13 (lr=0.001, dropout=0.2) epoca 40: train_loss=0.0008 val_loss=0.2184 val_BA=0.800 mejor_epoca=28
2026-09-26 16:28:44,848 INFO ICBHI/dn fold 0 config 13: OK val_BA=1.000 mejor_epoca=28 (1.5 min)
2026-09-26 16:28:46,857 INFO ICBHI/dn fold 0: config 14 (lr=0.001, dropout=0.3) epoca 1: train_loss=0.6311 val_loss=0.1285 val_BA=0.500 mejor_epoca=1
2026-09-26 16:28:48,627 INFO ICBHI/dn fold 0: config 14 (lr=0.001, dropout=0.3) epoca 2: train_loss=0.4248 val_loss=0.2623 val_BA=0.900 mejor_epoca=2
2026-09-26 16:28:50,387 INFO ICBHI/dn fold 0: config 14 (lr=0.001, dropout=0.3) epoca 3: train_loss=0.2809 val_loss=0.5696 val_BA=0.950 mejor_epoca=3
2026-09-26 16:28:52,150 INFO ICBHI/dn fold 0: config 14 (lr=0.001, dropout=0.3) epoca 4: train_loss=0.1986 val_loss=0.1478 val_BA=1.000 mejor_epoca=4
2026-09-26 16:28:53,914 INFO ICBHI/dn fold 0: config 14 (lr=0.001, dropout=0.3) epoca 5: train_loss=0.1703 val_loss=0.0755 val_BA=1.000 mejor_epoca=5
2026-09-26 16:29:02,764 INFO ICBHI/dn fold 0: config 14 (lr=0.001, dropout=0.3) epoca 10: train_loss=0.0303 val_loss=0.2800 val_BA=1.000 mejor_epoca=5
2026-09-26 16:29:20,422 INFO ICBHI/dn fold 0: config 14 (lr=0.001, dropout=0.3) epoca 20: train_loss=0.0120 val_loss=0.1149 val_BA=0.800 mejor_epoca=5
2026-09-26 16:29:20,443 INFO ICBHI/dn fold 0 config 14: OK val_BA=1.000 mejor_epoca=5 (0.6 min)
2026-09-26 16:29:22,516 INFO ICBHI/dn fold 0: config 15 (lr=0.001, dropout=0.3) epoca 1: train_loss=0.7230 val_loss=0.6658 val_BA=0.800 mejor_epoca=1
2026-09-26 16:29:24,344 INFO ICBHI/dn fold 0: config 15 (lr=0.001, dropout=0.3) epoca 2: train_loss=0.6816 val_loss=0.4881 val_BA=0.900 mejor_epoca=2
2026-09-26 16:29:31,657 INFO ICBHI/dn fold 0: config 15 (lr=0.001, dropout=0.3) epoca 6: train_loss=0.1156 val_loss=0.2079 val_BA=0.900 mejor_epoca=6
2026-09-26 16:29:33,483 INFO ICBHI/dn fold 0: config 15 (lr=0.001, dropout=0.3) epoca 7: train_loss=0.1146 val_loss=0.0827 val_BA=1.000 mejor_epoca=7
2026-09-26 16:29:38,962 INFO ICBHI/dn fold 0: config 15 (lr=0.001, dropout=0.3) epoca 10: train_loss=0.0315 val_loss=0.2151 val_BA=0.900 mejor_epoca=7
2026-09-26 16:29:57,346 INFO ICBHI/dn fold 0: config 15 (lr=0.001, dropout=0.3) epoca 20: train_loss=0.0040 val_loss=0.1176 val_BA=0.900 mejor_epoca=7
2026-09-26 16:30:01,025 INFO ICBHI/dn fold 0 config 15: OK val_BA=1.000 mejor_epoca=7 (0.7 min)
2026-09-26 16:30:03,348 INFO ICBHI/dn fold 0: config 16 (lr=0.001, dropout=0.4) epoca 1: train_loss=0.9295 val_loss=0.3395 val_BA=0.500 mejor_epoca=1
2026-09-26 16:30:05,440 INFO ICBHI/dn fold 0: config 16 (lr=0.001, dropout=0.4) epoca 2: train_loss=0.8212 val_loss=0.1933 val_BA=0.500 mejor_epoca=2
2026-09-26 16:30:09,625 INFO ICBHI/dn fold 0: config 16 (lr=0.001, dropout=0.4) epoca 4: train_loss=0.3823 val_loss=0.1966 val_BA=0.900 mejor_epoca=4
2026-09-26 16:30:15,911 INFO ICBHI/dn fold 0: config 16 (lr=0.001, dropout=0.4) epoca 7: train_loss=0.1747 val_loss=0.0635 val_BA=1.000 mejor_epoca=7
2026-09-26 16:30:22,225 INFO ICBHI/dn fold 0: config 16 (lr=0.001, dropout=0.4) epoca 10: train_loss=0.0615 val_loss=0.2349 val_BA=0.850 mejor_epoca=7
2026-09-26 16:30:43,189 INFO ICBHI/dn fold 0: config 16 (lr=0.001, dropout=0.4) epoca 20: train_loss=0.0161 val_loss=0.1343 val_BA=1.000 mejor_epoca=7
2026-09-26 16:30:47,352 INFO ICBHI/dn fold 0 config 16: OK val_BA=1.000 mejor_epoca=7 (0.8 min)
2026-09-26 16:30:49,422 INFO ICBHI/dn fold 0: config 17 (lr=0.001, dropout=0.5) epoca 1: train_loss=0.8032 val_loss=0.6725 val_BA=0.500 mejor_epoca=1
2026-09-26 16:30:51,249 INFO ICBHI/dn fold 0: config 17 (lr=0.001, dropout=0.5) epoca 2: train_loss=0.6258 val_loss=0.3302 val_BA=1.000 mejor_epoca=2
2026-09-26 16:30:56,756 INFO ICBHI/dn fold 0: config 17 (lr=0.001, dropout=0.5) epoca 5: train_loss=0.2882 val_loss=0.1733 val_BA=1.000 mejor_epoca=5
2026-09-26 16:31:02,263 INFO ICBHI/dn fold 0: config 17 (lr=0.001, dropout=0.5) epoca 8: train_loss=0.1150 val_loss=0.1618 val_BA=1.000 mejor_epoca=8
2026-09-26 16:31:05,949 INFO ICBHI/dn fold 0: config 17 (lr=0.001, dropout=0.5) epoca 10: train_loss=0.0907 val_loss=0.0949 val_BA=1.000 mejor_epoca=10
2026-09-26 16:31:11,455 INFO ICBHI/dn fold 0: config 17 (lr=0.001, dropout=0.5) epoca 13: train_loss=0.0296 val_loss=0.0710 val_BA=1.000 mejor_epoca=13
2026-09-26 16:31:13,291 INFO ICBHI/dn fold 0: config 17 (lr=0.001, dropout=0.5) epoca 14: train_loss=0.0261 val_loss=0.0379 val_BA=1.000 mejor_epoca=14
2026-09-26 16:31:24,334 INFO ICBHI/dn fold 0: config 17 (lr=0.001, dropout=0.5) epoca 20: train_loss=0.0103 val_loss=0.0901 val_BA=1.000 mejor_epoca=14
2026-09-26 16:31:40,968 INFO ICBHI/dn fold 0 config 17: OK val_BA=1.000 mejor_epoca=14 (0.9 min)
2026-09-26 16:31:42,992 INFO ICBHI/dn fold 0: config 18 (lr=0.001, dropout=0.5) epoca 1: train_loss=0.6830 val_loss=0.6109 val_BA=0.800 mejor_epoca=1
2026-09-26 16:31:48,308 INFO ICBHI/dn fold 0: config 18 (lr=0.001, dropout=0.5) epoca 4: train_loss=0.2057 val_loss=0.2922 val_BA=0.850 mejor_epoca=4
2026-09-26 16:31:50,078 INFO ICBHI/dn fold 0: config 18 (lr=0.001, dropout=0.5) epoca 5: train_loss=0.1317 val_loss=0.1867 val_BA=0.950 mejor_epoca=5
2026-09-26 16:31:58,968 INFO ICBHI/dn fold 0: config 18 (lr=0.001, dropout=0.5) epoca 10: train_loss=0.0413 val_loss=0.1679 val_BA=0.800 mejor_epoca=5
2026-09-26 16:32:04,292 INFO ICBHI/dn fold 0: config 18 (lr=0.001, dropout=0.5) epoca 13: train_loss=0.0106 val_loss=0.1671 val_BA=0.950 mejor_epoca=13
2026-09-26 16:32:16,701 INFO ICBHI/dn fold 0: config 18 (lr=0.001, dropout=0.5) epoca 20: train_loss=0.0125 val_loss=0.2618 val_BA=0.750 mejor_epoca=13
2026-09-26 16:32:30,918 INFO ICBHI/dn fold 0 config 18: OK val_BA=0.950 mejor_epoca=13 (0.8 min)
2026-09-26 16:32:32,947 INFO ICBHI/dn fold 0: config 19 (lr=0.001, dropout=0.5) epoca 1: train_loss=0.5807 val_loss=1.6422 val_BA=0.500 mejor_epoca=1
2026-09-26 16:32:34,726 INFO ICBHI/dn fold 0: config 19 (lr=0.001, dropout=0.5) epoca 2: train_loss=0.3637 val_loss=0.1618 val_BA=0.500 mejor_epoca=2
2026-09-26 16:32:36,498 INFO ICBHI/dn fold 0: config 19 (lr=0.001, dropout=0.5) epoca 3: train_loss=0.2480 val_loss=0.4765 val_BA=1.000 mejor_epoca=3
2026-09-26 16:32:38,268 INFO ICBHI/dn fold 0: config 19 (lr=0.001, dropout=0.5) epoca 4: train_loss=0.1332 val_loss=0.3608 val_BA=1.000 mejor_epoca=4
2026-09-26 16:32:45,357 INFO ICBHI/dn fold 0: config 19 (lr=0.001, dropout=0.5) epoca 8: train_loss=0.0539 val_loss=0.1214 val_BA=1.000 mejor_epoca=8
2026-09-26 16:32:48,904 INFO ICBHI/dn fold 0: config 19 (lr=0.001, dropout=0.5) epoca 10: train_loss=0.0204 val_loss=0.2055 val_BA=0.700 mejor_epoca=8
2026-09-26 16:33:03,062 INFO ICBHI/dn fold 0: config 19 (lr=0.001, dropout=0.5) epoca 18: train_loss=0.0154 val_loss=0.0905 val_BA=1.000 mejor_epoca=18
2026-09-26 16:33:06,603 INFO ICBHI/dn fold 0: config 19 (lr=0.001, dropout=0.5) epoca 20: train_loss=0.0137 val_loss=0.1426 val_BA=1.000 mejor_epoca=18
2026-09-26 16:33:24,249 INFO ICBHI/dn fold 0: config 19 (lr=0.001, dropout=0.5) epoca 30: train_loss=0.0068 val_loss=0.1718 val_BA=1.000 mejor_epoca=18
2026-09-26 16:33:29,565 INFO ICBHI/dn fold 0 config 19: OK val_BA=1.000 mejor_epoca=18 (1.0 min)
2026-09-26 16:33:30,369 INFO log-mel ICBHI/cv/fold_01/dn: 500/4715
2026-09-26 16:33:30,949 INFO log-mel ICBHI/cv/fold_01/dn: 1000/4715
2026-09-26 16:33:31,528 INFO log-mel ICBHI/cv/fold_01/dn: 1500/4715
2026-09-26 16:33:32,105 INFO log-mel ICBHI/cv/fold_01/dn: 2000/4715
2026-09-26 16:33:32,683 INFO log-mel ICBHI/cv/fold_01/dn: 2500/4715
2026-09-26 16:33:33,261 INFO log-mel ICBHI/cv/fold_01/dn: 3000/4715
2026-09-26 16:33:33,840 INFO log-mel ICBHI/cv/fold_01/dn: 3500/4715
2026-09-26 16:33:34,478 INFO log-mel ICBHI/cv/fold_01/dn: 4000/4715
2026-09-26 16:33:35,055 INFO log-mel ICBHI/cv/fold_01/dn: 4500/4715
2026-09-26 16:33:35,304 INFO log-mel ICBHI/cv/fold_01/dn: 4715/4715
2026-09-26 16:33:35,975 INFO ICBHI/dn fold 1: log-mel dn listo en 6.4 s, forma (4715, 1, 64, 309)
2026-09-26 16:33:35,988 INFO ICBHI/dn fold 1: 57/15 pacientes train/validation, 20 de 20 configuracion(es) por evaluar
2026-09-26 16:33:38,314 INFO ICBHI/dn fold 1: config 0 (lr=0.0001, dropout=0.3) epoca 1: train_loss=0.5958 val_loss=0.5949 val_BA=0.955 mejor_epoca=1
2026-09-26 16:33:40,402 INFO ICBHI/dn fold 1: config 0 (lr=0.0001, dropout=0.3) epoca 2: train_loss=0.3635 val_loss=0.3594 val_BA=1.000 mejor_epoca=2
2026-09-26 16:33:57,040 INFO ICBHI/dn fold 1: config 0 (lr=0.0001, dropout=0.3) epoca 10: train_loss=0.0213 val_loss=0.1709 val_BA=0.750 mejor_epoca=2
2026-09-26 16:34:17,786 INFO ICBHI/dn fold 1: config 0 (lr=0.0001, dropout=0.3) epoca 20: train_loss=0.0037 val_loss=0.1297 val_BA=0.625 mejor_epoca=2
2026-09-26 16:34:17,806 INFO ICBHI/dn fold 1 config 0: OK val_BA=1.000 mejor_epoca=2 (0.7 min)
2026-09-26 16:34:19,820 INFO ICBHI/dn fold 1: config 1 (lr=0.0001, dropout=0.3) epoca 1: train_loss=0.5691 val_loss=0.4220 val_BA=0.875 mejor_epoca=1
2026-09-26 16:34:21,588 INFO ICBHI/dn fold 1: config 1 (lr=0.0001, dropout=0.3) epoca 2: train_loss=0.3172 val_loss=0.6412 val_BA=0.909 mejor_epoca=2
2026-09-26 16:34:35,754 INFO ICBHI/dn fold 1: config 1 (lr=0.0001, dropout=0.3) epoca 10: train_loss=0.0256 val_loss=0.1013 val_BA=0.750 mejor_epoca=2
2026-09-26 16:34:53,455 INFO ICBHI/dn fold 1: config 1 (lr=0.0001, dropout=0.3) epoca 20: train_loss=0.0089 val_loss=0.1104 val_BA=0.625 mejor_epoca=2
2026-09-26 16:34:53,477 INFO ICBHI/dn fold 1 config 1: OK val_BA=0.909 mejor_epoca=2 (0.6 min)
2026-09-26 16:34:55,572 INFO ICBHI/dn fold 1: config 2 (lr=0.0001, dropout=0.4) epoca 1: train_loss=0.5385 val_loss=0.3362 val_BA=0.750 mejor_epoca=1
2026-09-26 16:34:57,416 INFO ICBHI/dn fold 1: config 2 (lr=0.0001, dropout=0.4) epoca 2: train_loss=0.3058 val_loss=0.5349 val_BA=0.830 mejor_epoca=2
2026-09-26 16:34:59,270 INFO ICBHI/dn fold 1: config 2 (lr=0.0001, dropout=0.4) epoca 3: train_loss=0.1867 val_loss=0.2636 val_BA=1.000 mejor_epoca=3
2026-09-26 16:35:12,195 INFO ICBHI/dn fold 1: config 2 (lr=0.0001, dropout=0.4) epoca 10: train_loss=0.0167 val_loss=0.3119 val_BA=0.750 mejor_epoca=3
2026-09-26 16:35:30,734 INFO ICBHI/dn fold 1: config 2 (lr=0.0001, dropout=0.4) epoca 20: train_loss=0.0034 val_loss=0.0949 val_BA=0.750 mejor_epoca=3
2026-09-26 16:35:30,755 INFO ICBHI/dn fold 1 config 2: OK val_BA=1.000 mejor_epoca=3 (0.6 min)
2026-09-26 16:35:33,086 INFO ICBHI/dn fold 1: config 3 (lr=0.0001, dropout=0.4) epoca 1: train_loss=0.5697 val_loss=0.2047 val_BA=0.750 mejor_epoca=1
2026-09-26 16:35:35,176 INFO ICBHI/dn fold 1: config 3 (lr=0.0001, dropout=0.4) epoca 2: train_loss=0.2754 val_loss=0.2147 val_BA=0.875 mejor_epoca=2
2026-09-26 16:35:43,530 INFO ICBHI/dn fold 1: config 3 (lr=0.0001, dropout=0.4) epoca 6: train_loss=0.0473 val_loss=0.1163 val_BA=1.000 mejor_epoca=6
2026-09-26 16:35:51,819 INFO ICBHI/dn fold 1: config 3 (lr=0.0001, dropout=0.4) epoca 10: train_loss=0.0160 val_loss=0.0943 val_BA=0.750 mejor_epoca=6
2026-09-26 16:36:12,498 INFO ICBHI/dn fold 1: config 3 (lr=0.0001, dropout=0.4) epoca 20: train_loss=0.0034 val_loss=0.0703 val_BA=0.875 mejor_epoca=6
2026-09-26 16:36:14,597 INFO ICBHI/dn fold 1 config 3: OK val_BA=1.000 mejor_epoca=6 (0.7 min)
2026-09-26 16:36:16,687 INFO ICBHI/dn fold 1: config 4 (lr=0.0001, dropout=0.4) epoca 1: train_loss=0.6045 val_loss=0.2436 val_BA=0.500 mejor_epoca=1
2026-09-26 16:36:18,540 INFO ICBHI/dn fold 1: config 4 (lr=0.0001, dropout=0.4) epoca 2: train_loss=0.2836 val_loss=0.3330 val_BA=1.000 mejor_epoca=2
2026-09-26 16:36:24,052 INFO ICBHI/dn fold 1: config 4 (lr=0.0001, dropout=0.4) epoca 5: train_loss=0.0729 val_loss=0.2886 val_BA=1.000 mejor_epoca=5
2026-09-26 16:36:33,224 INFO ICBHI/dn fold 1: config 4 (lr=0.0001, dropout=0.4) epoca 10: train_loss=0.0180 val_loss=0.1117 val_BA=0.625 mejor_epoca=5
2026-09-26 16:36:51,626 INFO ICBHI/dn fold 1: config 4 (lr=0.0001, dropout=0.4) epoca 20: train_loss=0.0036 val_loss=0.0785 val_BA=0.750 mejor_epoca=5
2026-09-26 16:36:51,647 INFO ICBHI/dn fold 1 config 4: OK val_BA=1.000 mejor_epoca=5 (0.6 min)
2026-09-26 16:36:53,660 INFO ICBHI/dn fold 1: config 5 (lr=0.0001, dropout=0.4) epoca 1: train_loss=0.5791 val_loss=1.0346 val_BA=0.727 mejor_epoca=1
2026-09-26 16:36:55,427 INFO ICBHI/dn fold 1: config 5 (lr=0.0001, dropout=0.4) epoca 2: train_loss=0.3699 val_loss=0.5065 val_BA=1.000 mejor_epoca=2
2026-09-26 16:36:57,192 INFO ICBHI/dn fold 1: config 5 (lr=0.0001, dropout=0.4) epoca 3: train_loss=0.2384 val_loss=0.5045 val_BA=1.000 mejor_epoca=3
2026-09-26 16:37:09,573 INFO ICBHI/dn fold 1: config 5 (lr=0.0001, dropout=0.4) epoca 10: train_loss=0.0264 val_loss=0.1596 val_BA=0.875 mejor_epoca=3
2026-09-26 16:37:27,244 INFO ICBHI/dn fold 1: config 5 (lr=0.0001, dropout=0.4) epoca 20: train_loss=0.0094 val_loss=0.0949 val_BA=0.625 mejor_epoca=3
2026-09-26 16:37:27,265 INFO ICBHI/dn fold 1 config 5: OK val_BA=1.000 mejor_epoca=3 (0.6 min)
2026-09-26 16:37:29,568 INFO ICBHI/dn fold 1: config 6 (lr=0.0001, dropout=0.5) epoca 1: train_loss=0.5938 val_loss=0.3417 val_BA=0.875 mejor_epoca=1
2026-09-26 16:37:31,644 INFO ICBHI/dn fold 1: config 6 (lr=0.0001, dropout=0.5) epoca 2: train_loss=0.3263 val_loss=0.1699 val_BA=0.875 mejor_epoca=2
2026-09-26 16:37:37,847 INFO ICBHI/dn fold 1: config 6 (lr=0.0001, dropout=0.5) epoca 5: train_loss=0.0697 val_loss=0.1215 val_BA=0.875 mejor_epoca=5
2026-09-26 16:37:48,274 INFO ICBHI/dn fold 1: config 6 (lr=0.0001, dropout=0.5) epoca 10: train_loss=0.0169 val_loss=0.1190 val_BA=0.750 mejor_epoca=5
2026-09-26 16:37:58,809 INFO ICBHI/dn fold 1: config 6 (lr=0.0001, dropout=0.5) epoca 15: train_loss=0.0128 val_loss=0.0874 val_BA=0.875 mejor_epoca=15
2026-09-26 16:38:09,271 INFO ICBHI/dn fold 1: config 6 (lr=0.0001, dropout=0.5) epoca 20: train_loss=0.0031 val_loss=0.0919 val_BA=0.625 mejor_epoca=15
2026-09-26 16:38:30,292 INFO ICBHI/dn fold 1: config 6 (lr=0.0001, dropout=0.5) epoca 30: train_loss=0.0050 val_loss=0.1782 val_BA=0.500 mejor_epoca=15
2026-09-26 16:38:30,312 INFO ICBHI/dn fold 1 config 6: OK val_BA=0.875 mejor_epoca=15 (1.1 min)
2026-09-26 16:38:32,339 INFO ICBHI/dn fold 1: config 7 (lr=0.0001, dropout=0.5) epoca 1: train_loss=0.5977 val_loss=0.5664 val_BA=0.534 mejor_epoca=1
2026-09-26 16:38:34,123 INFO ICBHI/dn fold 1: config 7 (lr=0.0001, dropout=0.5) epoca 2: train_loss=0.4185 val_loss=1.1325 val_BA=0.636 mejor_epoca=2
2026-09-26 16:38:35,906 INFO ICBHI/dn fold 1: config 7 (lr=0.0001, dropout=0.5) epoca 3: train_loss=0.2758 val_loss=0.4007 val_BA=0.875 mejor_epoca=3
2026-09-26 16:38:39,475 INFO ICBHI/dn fold 1: config 7 (lr=0.0001, dropout=0.5) epoca 5: train_loss=0.1395 val_loss=0.4819 val_BA=1.000 mejor_epoca=5
2026-09-26 16:38:44,814 INFO ICBHI/dn fold 1: config 7 (lr=0.0001, dropout=0.5) epoca 8: train_loss=0.0619 val_loss=0.4092 val_BA=1.000 mejor_epoca=8
2026-09-26 16:38:46,584 INFO ICBHI/dn fold 1: config 7 (lr=0.0001, dropout=0.5) epoca 9: train_loss=0.0537 val_loss=0.3315 val_BA=1.000 mejor_epoca=9
2026-09-26 16:38:48,354 INFO ICBHI/dn fold 1: config 7 (lr=0.0001, dropout=0.5) epoca 10: train_loss=0.0449 val_loss=0.2959 val_BA=0.875 mejor_epoca=9
2026-09-26 16:39:06,087 INFO ICBHI/dn fold 1: config 7 (lr=0.0001, dropout=0.5) epoca 20: train_loss=0.0161 val_loss=0.1261 val_BA=0.750 mejor_epoca=9
2026-09-26 16:39:13,216 INFO ICBHI/dn fold 1 config 7: OK val_BA=1.000 mejor_epoca=9 (0.7 min)
2026-09-26 16:39:15,242 INFO ICBHI/dn fold 1: config 8 (lr=0.0003, dropout=0.3) epoca 1: train_loss=0.4967 val_loss=0.8270 val_BA=0.909 mejor_epoca=1
2026-09-26 16:39:31,260 INFO ICBHI/dn fold 1: config 8 (lr=0.0003, dropout=0.3) epoca 10: train_loss=0.0137 val_loss=0.0613 val_BA=0.875 mejor_epoca=1
2026-09-26 16:39:48,925 INFO ICBHI/dn fold 1: config 8 (lr=0.0003, dropout=0.3) epoca 20: train_loss=0.0036 val_loss=0.0930 val_BA=0.750 mejor_epoca=1
2026-09-26 16:39:48,950 INFO ICBHI/dn fold 1 config 8: OK val_BA=0.909 mejor_epoca=1 (0.6 min)
2026-09-26 16:39:51,039 INFO ICBHI/dn fold 1: config 9 (lr=0.0003, dropout=0.4) epoca 1: train_loss=0.5492 val_loss=0.8134 val_BA=0.864 mejor_epoca=1
2026-09-26 16:39:52,874 INFO ICBHI/dn fold 1: config 9 (lr=0.0003, dropout=0.4) epoca 2: train_loss=0.3066 val_loss=0.3650 val_BA=1.000 mejor_epoca=2
2026-09-26 16:40:07,632 INFO ICBHI/dn fold 1: config 9 (lr=0.0003, dropout=0.4) epoca 10: train_loss=0.0096 val_loss=0.0981 val_BA=0.625 mejor_epoca=2
2026-09-26 16:40:26,309 INFO ICBHI/dn fold 1: config 9 (lr=0.0003, dropout=0.4) epoca 20: train_loss=0.0011 val_loss=0.0946 val_BA=0.750 mejor_epoca=2
2026-09-26 16:40:26,330 INFO ICBHI/dn fold 1 config 9: OK val_BA=1.000 mejor_epoca=2 (0.6 min)
2026-09-26 16:40:28,698 INFO ICBHI/dn fold 1: config 10 (lr=0.0003, dropout=0.4) epoca 1: train_loss=0.7062 val_loss=0.4761 val_BA=0.455 mejor_epoca=1
2026-09-26 16:40:30,815 INFO ICBHI/dn fold 1: config 10 (lr=0.0003, dropout=0.4) epoca 2: train_loss=0.4161 val_loss=0.1572 val_BA=0.500 mejor_epoca=2
2026-09-26 16:40:32,935 INFO ICBHI/dn fold 1: config 10 (lr=0.0003, dropout=0.4) epoca 3: train_loss=0.2167 val_loss=0.2581 val_BA=1.000 mejor_epoca=3
2026-09-26 16:40:47,777 INFO ICBHI/dn fold 1: config 10 (lr=0.0003, dropout=0.4) epoca 10: train_loss=0.0114 val_loss=0.1015 val_BA=0.750 mejor_epoca=3
2026-09-26 16:41:08,930 INFO ICBHI/dn fold 1: config 10 (lr=0.0003, dropout=0.4) epoca 20: train_loss=0.0033 val_loss=0.1348 val_BA=0.625 mejor_epoca=3
2026-09-26 16:41:08,951 INFO ICBHI/dn fold 1 config 10: OK val_BA=1.000 mejor_epoca=3 (0.7 min)
2026-09-26 16:41:10,989 INFO ICBHI/dn fold 1: config 11 (lr=0.0003, dropout=0.5) epoca 1: train_loss=0.6026 val_loss=0.1856 val_BA=0.500 mejor_epoca=1
2026-09-26 16:41:12,775 INFO ICBHI/dn fold 1: config 11 (lr=0.0003, dropout=0.5) epoca 2: train_loss=0.3054 val_loss=0.2820 val_BA=0.875 mejor_epoca=2
2026-09-26 16:41:14,561 INFO ICBHI/dn fold 1: config 11 (lr=0.0003, dropout=0.5) epoca 3: train_loss=0.1775 val_loss=0.1786 val_BA=0.875 mejor_epoca=3
2026-09-26 16:41:21,662 INFO ICBHI/dn fold 1: config 11 (lr=0.0003, dropout=0.5) epoca 7: train_loss=0.0300 val_loss=0.0977 val_BA=0.875 mejor_epoca=7
2026-09-26 16:41:26,984 INFO ICBHI/dn fold 1: config 11 (lr=0.0003, dropout=0.5) epoca 10: train_loss=0.0170 val_loss=0.9260 val_BA=0.864 mejor_epoca=7
2026-09-26 16:41:30,548 INFO ICBHI/dn fold 1: config 11 (lr=0.0003, dropout=0.5) epoca 12: train_loss=0.0071 val_loss=0.0833 val_BA=0.875 mejor_epoca=12
2026-09-26 16:41:32,329 INFO ICBHI/dn fold 1: config 11 (lr=0.0003, dropout=0.5) epoca 13: train_loss=0.0100 val_loss=0.0987 val_BA=1.000 mejor_epoca=13
2026-09-26 16:41:44,742 INFO ICBHI/dn fold 1: config 11 (lr=0.0003, dropout=0.5) epoca 20: train_loss=0.0026 val_loss=0.0970 val_BA=0.625 mejor_epoca=13
2026-09-26 16:41:58,990 INFO ICBHI/dn fold 1 config 11: OK val_BA=1.000 mejor_epoca=13 (0.8 min)
2026-09-26 16:42:01,057 INFO ICBHI/dn fold 1: config 12 (lr=0.0003, dropout=0.5) epoca 1: train_loss=0.6156 val_loss=0.3279 val_BA=0.625 mejor_epoca=1
2026-09-26 16:42:04,753 INFO ICBHI/dn fold 1: config 12 (lr=0.0003, dropout=0.5) epoca 3: train_loss=0.1703 val_loss=0.1382 val_BA=0.625 mejor_epoca=3
2026-09-26 16:42:06,585 INFO ICBHI/dn fold 1: config 12 (lr=0.0003, dropout=0.5) epoca 4: train_loss=0.0869 val_loss=0.1326 val_BA=0.625 mejor_epoca=4
2026-09-26 16:42:08,413 INFO ICBHI/dn fold 1: config 12 (lr=0.0003, dropout=0.5) epoca 5: train_loss=0.0756 val_loss=0.1565 val_BA=0.875 mejor_epoca=5
2026-09-26 16:42:10,251 INFO ICBHI/dn fold 1: config 12 (lr=0.0003, dropout=0.5) epoca 6: train_loss=0.0438 val_loss=0.0965 val_BA=0.875 mejor_epoca=6
2026-09-26 16:42:12,097 INFO ICBHI/dn fold 1: config 12 (lr=0.0003, dropout=0.5) epoca 7: train_loss=0.0373 val_loss=0.0836 val_BA=0.875 mejor_epoca=7
2026-09-26 16:42:13,941 INFO ICBHI/dn fold 1: config 12 (lr=0.0003, dropout=0.5) epoca 8: train_loss=0.0124 val_loss=0.0802 val_BA=1.000 mejor_epoca=8
2026-09-26 16:42:17,611 INFO ICBHI/dn fold 1: config 12 (lr=0.0003, dropout=0.5) epoca 10: train_loss=0.0086 val_loss=0.1228 val_BA=0.625 mejor_epoca=8
2026-09-26 16:42:35,943 INFO ICBHI/dn fold 1: config 12 (lr=0.0003, dropout=0.5) epoca 20: train_loss=0.0024 val_loss=0.0997 val_BA=0.750 mejor_epoca=8
2026-09-26 16:42:41,474 INFO ICBHI/dn fold 1 config 12: OK val_BA=1.000 mejor_epoca=8 (0.7 min)
2026-09-26 16:42:43,822 INFO ICBHI/dn fold 1: config 13 (lr=0.001, dropout=0.2) epoca 1: train_loss=0.9183 val_loss=0.3187 val_BA=0.500 mejor_epoca=1
2026-09-26 16:42:45,931 INFO ICBHI/dn fold 1: config 13 (lr=0.001, dropout=0.2) epoca 2: train_loss=0.7885 val_loss=0.4258 val_BA=0.705 mejor_epoca=2
2026-09-26 16:42:48,032 INFO ICBHI/dn fold 1: config 13 (lr=0.001, dropout=0.2) epoca 3: train_loss=0.4563 val_loss=0.2381 val_BA=0.750 mejor_epoca=3
2026-09-26 16:42:50,122 INFO ICBHI/dn fold 1: config 13 (lr=0.001, dropout=0.2) epoca 4: train_loss=0.2058 val_loss=0.1475 val_BA=0.750 mejor_epoca=4
2026-09-26 16:42:52,212 INFO ICBHI/dn fold 1: config 13 (lr=0.001, dropout=0.2) epoca 5: train_loss=0.1383 val_loss=0.1259 val_BA=0.750 mejor_epoca=5
2026-09-26 16:42:56,381 INFO ICBHI/dn fold 1: config 13 (lr=0.001, dropout=0.2) epoca 7: train_loss=0.0721 val_loss=0.1962 val_BA=0.875 mejor_epoca=7
2026-09-26 16:43:02,654 INFO ICBHI/dn fold 1: config 13 (lr=0.001, dropout=0.2) epoca 10: train_loss=0.0361 val_loss=0.1589 val_BA=0.625 mejor_epoca=7
2026-09-26 16:43:23,444 INFO ICBHI/dn fold 1: config 13 (lr=0.001, dropout=0.2) epoca 20: train_loss=0.0164 val_loss=0.1808 val_BA=0.750 mejor_epoca=7
2026-09-26 16:43:27,645 INFO ICBHI/dn fold 1 config 13: OK val_BA=0.875 mejor_epoca=7 (0.8 min)
2026-09-26 16:43:29,662 INFO ICBHI/dn fold 1: config 14 (lr=0.001, dropout=0.3) epoca 1: train_loss=0.4982 val_loss=0.5754 val_BA=0.909 mejor_epoca=1
2026-09-26 16:43:45,592 INFO ICBHI/dn fold 1: config 14 (lr=0.001, dropout=0.3) epoca 10: train_loss=0.0193 val_loss=0.1590 val_BA=0.625 mejor_epoca=1
2026-09-26 16:44:03,236 INFO ICBHI/dn fold 1: config 14 (lr=0.001, dropout=0.3) epoca 20: train_loss=0.0008 val_loss=0.0999 val_BA=0.750 mejor_epoca=1
2026-09-26 16:44:03,257 INFO ICBHI/dn fold 1 config 14: OK val_BA=0.909 mejor_epoca=1 (0.6 min)
2026-09-26 16:44:05,346 INFO ICBHI/dn fold 1: config 15 (lr=0.001, dropout=0.3) epoca 1: train_loss=0.6802 val_loss=0.2297 val_BA=0.625 mejor_epoca=1
2026-09-26 16:44:07,194 INFO ICBHI/dn fold 1: config 15 (lr=0.001, dropout=0.3) epoca 2: train_loss=0.3843 val_loss=0.8315 val_BA=0.784 mejor_epoca=2
2026-09-26 16:44:18,141 INFO ICBHI/dn fold 1: config 15 (lr=0.001, dropout=0.3) epoca 8: train_loss=0.0456 val_loss=0.0988 val_BA=0.875 mejor_epoca=8
2026-09-26 16:44:21,795 INFO ICBHI/dn fold 1: config 15 (lr=0.001, dropout=0.3) epoca 10: train_loss=0.0162 val_loss=0.1407 val_BA=0.750 mejor_epoca=8
2026-09-26 16:44:23,618 INFO ICBHI/dn fold 1: config 15 (lr=0.001, dropout=0.3) epoca 11: train_loss=0.0180 val_loss=0.0826 val_BA=0.875 mejor_epoca=11
2026-09-26 16:44:40,118 INFO ICBHI/dn fold 1: config 15 (lr=0.001, dropout=0.3) epoca 20: train_loss=0.0133 val_loss=0.1987 val_BA=0.625 mejor_epoca=11
2026-09-26 16:44:51,166 INFO ICBHI/dn fold 1 config 15: OK val_BA=0.875 mejor_epoca=11 (0.8 min)
2026-09-26 16:44:53,483 INFO ICBHI/dn fold 1: config 16 (lr=0.001, dropout=0.4) epoca 1: train_loss=0.9122 val_loss=0.3119 val_BA=0.500 mejor_epoca=1
2026-09-26 16:44:55,559 INFO ICBHI/dn fold 1: config 16 (lr=0.001, dropout=0.4) epoca 2: train_loss=0.8422 val_loss=0.2048 val_BA=0.750 mejor_epoca=2
2026-09-26 16:44:59,739 INFO ICBHI/dn fold 1: config 16 (lr=0.001, dropout=0.4) epoca 4: train_loss=0.3377 val_loss=0.1166 val_BA=1.000 mejor_epoca=4
2026-09-26 16:45:12,175 INFO ICBHI/dn fold 1: config 16 (lr=0.001, dropout=0.4) epoca 10: train_loss=0.0558 val_loss=0.1496 val_BA=0.750 mejor_epoca=4
2026-09-26 16:45:32,914 INFO ICBHI/dn fold 1: config 16 (lr=0.001, dropout=0.4) epoca 20: train_loss=0.0332 val_loss=0.2156 val_BA=0.625 mejor_epoca=4
2026-09-26 16:45:32,934 INFO ICBHI/dn fold 1 config 16: OK val_BA=1.000 mejor_epoca=4 (0.7 min)
2026-09-26 16:45:34,999 INFO ICBHI/dn fold 1: config 17 (lr=0.001, dropout=0.5) epoca 1: train_loss=0.6692 val_loss=0.2785 val_BA=0.625 mejor_epoca=1
2026-09-26 16:45:36,825 INFO ICBHI/dn fold 1: config 17 (lr=0.001, dropout=0.5) epoca 2: train_loss=0.4036 val_loss=0.1041 val_BA=0.625 mejor_epoca=2
2026-09-26 16:45:38,654 INFO ICBHI/dn fold 1: config 17 (lr=0.001, dropout=0.5) epoca 3: train_loss=0.1487 val_loss=0.1023 val_BA=0.625 mejor_epoca=3
2026-09-26 16:45:40,484 INFO ICBHI/dn fold 1: config 17 (lr=0.001, dropout=0.5) epoca 4: train_loss=0.0959 val_loss=0.2888 val_BA=1.000 mejor_epoca=4
2026-09-26 16:45:51,494 INFO ICBHI/dn fold 1: config 17 (lr=0.001, dropout=0.5) epoca 10: train_loss=0.0111 val_loss=0.1542 val_BA=0.875 mejor_epoca=4
2026-09-26 16:46:09,976 INFO ICBHI/dn fold 1: config 17 (lr=0.001, dropout=0.5) epoca 20: train_loss=0.0126 val_loss=0.1288 val_BA=0.875 mejor_epoca=4
2026-09-26 16:46:09,997 INFO ICBHI/dn fold 1 config 17: OK val_BA=1.000 mejor_epoca=4 (0.6 min)
2026-09-26 16:46:12,026 INFO ICBHI/dn fold 1: config 18 (lr=0.001, dropout=0.5) epoca 1: train_loss=0.6201 val_loss=0.3608 val_BA=0.500 mejor_epoca=1
2026-09-26 16:46:13,804 INFO ICBHI/dn fold 1: config 18 (lr=0.001, dropout=0.5) epoca 2: train_loss=0.4369 val_loss=0.3193 val_BA=0.625 mejor_epoca=2
2026-09-26 16:46:15,584 INFO ICBHI/dn fold 1: config 18 (lr=0.001, dropout=0.5) epoca 3: train_loss=0.2725 val_loss=0.5169 val_BA=0.830 mejor_epoca=3
2026-09-26 16:46:19,151 INFO ICBHI/dn fold 1: config 18 (lr=0.001, dropout=0.5) epoca 5: train_loss=0.1545 val_loss=0.3618 val_BA=0.875 mejor_epoca=5
2026-09-26 16:46:20,936 INFO ICBHI/dn fold 1: config 18 (lr=0.001, dropout=0.5) epoca 6: train_loss=0.0767 val_loss=0.3278 val_BA=1.000 mejor_epoca=6
2026-09-26 16:46:26,314 INFO ICBHI/dn fold 1: config 18 (lr=0.001, dropout=0.5) epoca 9: train_loss=0.0397 val_loss=0.2937 val_BA=1.000 mejor_epoca=9
2026-09-26 16:46:28,105 INFO ICBHI/dn fold 1: config 18 (lr=0.001, dropout=0.5) epoca 10: train_loss=0.0228 val_loss=0.3491 val_BA=1.000 mejor_epoca=9
2026-09-26 16:46:45,801 INFO ICBHI/dn fold 1: config 18 (lr=0.001, dropout=0.5) epoca 20: train_loss=0.0167 val_loss=0.1713 val_BA=0.625 mejor_epoca=9
2026-09-26 16:46:52,893 INFO ICBHI/dn fold 1 config 18: OK val_BA=1.000 mejor_epoca=9 (0.7 min)
2026-09-26 16:46:54,915 INFO ICBHI/dn fold 1: config 19 (lr=0.001, dropout=0.5) epoca 1: train_loss=0.6141 val_loss=0.6303 val_BA=0.784 mejor_epoca=1
2026-09-26 16:46:56,687 INFO ICBHI/dn fold 1: config 19 (lr=0.001, dropout=0.5) epoca 2: train_loss=0.2889 val_loss=0.3745 val_BA=1.000 mejor_epoca=2
2026-09-26 16:46:58,469 INFO ICBHI/dn fold 1: config 19 (lr=0.001, dropout=0.5) epoca 3: train_loss=0.1397 val_loss=0.1934 val_BA=1.000 mejor_epoca=3
2026-09-26 16:47:10,877 INFO ICBHI/dn fold 1: config 19 (lr=0.001, dropout=0.5) epoca 10: train_loss=0.0242 val_loss=0.1253 val_BA=0.625 mejor_epoca=3
2026-09-26 16:47:28,491 INFO ICBHI/dn fold 1: config 19 (lr=0.001, dropout=0.5) epoca 20: train_loss=0.0067 val_loss=0.1204 val_BA=0.750 mejor_epoca=3
2026-09-26 16:47:28,513 INFO ICBHI/dn fold 1 config 19: OK val_BA=1.000 mejor_epoca=3 (0.6 min)
2026-09-26 16:47:29,331 INFO log-mel ICBHI/cv/fold_02/dn: 500/4715
2026-09-26 16:47:29,922 INFO log-mel ICBHI/cv/fold_02/dn: 1000/4715
2026-09-26 16:47:30,520 INFO log-mel ICBHI/cv/fold_02/dn: 1500/4715
2026-09-26 16:47:31,107 INFO log-mel ICBHI/cv/fold_02/dn: 2000/4715
2026-09-26 16:47:31,694 INFO log-mel ICBHI/cv/fold_02/dn: 2500/4715
2026-09-26 16:47:32,282 INFO log-mel ICBHI/cv/fold_02/dn: 3000/4715
2026-09-26 16:47:32,867 INFO log-mel ICBHI/cv/fold_02/dn: 3500/4715
2026-09-26 16:47:33,538 INFO log-mel ICBHI/cv/fold_02/dn: 4000/4715
2026-09-26 16:47:34,122 INFO log-mel ICBHI/cv/fold_02/dn: 4500/4715
2026-09-26 16:47:34,375 INFO log-mel ICBHI/cv/fold_02/dn: 4715/4715
2026-09-26 16:47:35,049 INFO ICBHI/dn fold 2: log-mel dn listo en 6.5 s, forma (4715, 1, 64, 309)
2026-09-26 16:47:35,063 INFO ICBHI/dn fold 2: 58/14 pacientes train/validation, 20 de 20 configuracion(es) por evaluar
2026-09-26 16:47:37,276 INFO ICBHI/dn fold 2: config 0 (lr=0.0001, dropout=0.3) epoca 1: train_loss=0.5865 val_loss=0.5679 val_BA=0.825 mejor_epoca=1
2026-09-26 16:47:39,281 INFO ICBHI/dn fold 2: config 0 (lr=0.0001, dropout=0.3) epoca 2: train_loss=0.2950 val_loss=0.2968 val_BA=0.875 mejor_epoca=2
2026-09-26 16:47:41,277 INFO ICBHI/dn fold 2: config 0 (lr=0.0001, dropout=0.3) epoca 3: train_loss=0.1534 val_loss=0.3377 val_BA=1.000 mejor_epoca=3
2026-09-26 16:47:43,275 INFO ICBHI/dn fold 2: config 0 (lr=0.0001, dropout=0.3) epoca 4: train_loss=0.1144 val_loss=0.1540 val_BA=1.000 mejor_epoca=4
2026-09-26 16:47:45,287 INFO ICBHI/dn fold 2: config 0 (lr=0.0001, dropout=0.3) epoca 5: train_loss=0.0698 val_loss=0.1515 val_BA=1.000 mejor_epoca=5
2026-09-26 16:47:47,281 INFO ICBHI/dn fold 2: config 0 (lr=0.0001, dropout=0.3) epoca 6: train_loss=0.0506 val_loss=0.1265 val_BA=1.000 mejor_epoca=6
2026-09-26 16:47:55,263 INFO ICBHI/dn fold 2: config 0 (lr=0.0001, dropout=0.3) epoca 10: train_loss=0.0197 val_loss=0.0839 val_BA=1.000 mejor_epoca=10
2026-09-26 16:48:03,325 INFO ICBHI/dn fold 2: config 0 (lr=0.0001, dropout=0.3) epoca 14: train_loss=0.0127 val_loss=0.0421 val_BA=1.000 mejor_epoca=14
2026-09-26 16:48:11,447 INFO ICBHI/dn fold 2: config 0 (lr=0.0001, dropout=0.3) epoca 18: train_loss=0.0035 val_loss=0.0319 val_BA=1.000 mejor_epoca=18
2026-09-26 16:48:15,480 INFO ICBHI/dn fold 2: config 0 (lr=0.0001, dropout=0.3) epoca 20: train_loss=0.0022 val_loss=0.0477 val_BA=0.875 mejor_epoca=18
2026-09-26 16:48:35,570 INFO ICBHI/dn fold 2: config 0 (lr=0.0001, dropout=0.3) epoca 30: train_loss=0.0004 val_loss=0.0750 val_BA=0.875 mejor_epoca=18
2026-09-26 16:48:41,624 INFO ICBHI/dn fold 2 config 0: OK val_BA=1.000 mejor_epoca=18 (1.1 min)
2026-09-26 16:48:43,568 INFO ICBHI/dn fold 2: config 1 (lr=0.0001, dropout=0.3) epoca 1: train_loss=0.5353 val_loss=0.5744 val_BA=0.775 mejor_epoca=1
2026-09-26 16:48:46,993 INFO ICBHI/dn fold 2: config 1 (lr=0.0001, dropout=0.3) epoca 3: train_loss=0.2148 val_loss=0.4948 val_BA=1.000 mejor_epoca=3
2026-09-26 16:48:48,705 INFO ICBHI/dn fold 2: config 1 (lr=0.0001, dropout=0.3) epoca 4: train_loss=0.1290 val_loss=0.3439 val_BA=1.000 mejor_epoca=4
2026-09-26 16:48:58,996 INFO ICBHI/dn fold 2: config 1 (lr=0.0001, dropout=0.3) epoca 10: train_loss=0.0251 val_loss=0.0728 val_BA=0.750 mejor_epoca=4
2026-09-26 16:49:00,713 INFO ICBHI/dn fold 2: config 1 (lr=0.0001, dropout=0.3) epoca 11: train_loss=0.0201 val_loss=0.2342 val_BA=1.000 mejor_epoca=11
2026-09-26 16:49:05,855 INFO ICBHI/dn fold 2: config 1 (lr=0.0001, dropout=0.3) epoca 14: train_loss=0.0134 val_loss=0.1462 val_BA=1.000 mejor_epoca=14
2026-09-26 16:49:09,289 INFO ICBHI/dn fold 2: config 1 (lr=0.0001, dropout=0.3) epoca 16: train_loss=0.0102 val_loss=0.0673 val_BA=1.000 mejor_epoca=16
2026-09-26 16:49:16,140 INFO ICBHI/dn fold 2: config 1 (lr=0.0001, dropout=0.3) epoca 20: train_loss=0.0113 val_loss=0.0733 val_BA=0.750 mejor_epoca=16
2026-09-26 16:49:28,138 INFO ICBHI/dn fold 2: config 1 (lr=0.0001, dropout=0.3) epoca 27: train_loss=0.0045 val_loss=0.0670 val_BA=1.000 mejor_epoca=27
2026-09-26 16:49:29,855 INFO ICBHI/dn fold 2: config 1 (lr=0.0001, dropout=0.3) epoca 28: train_loss=0.0042 val_loss=0.0645 val_BA=1.000 mejor_epoca=28
2026-09-26 16:49:33,282 INFO ICBHI/dn fold 2: config 1 (lr=0.0001, dropout=0.3) epoca 30: train_loss=0.0038 val_loss=0.0699 val_BA=0.750 mejor_epoca=28
2026-09-26 16:49:46,961 INFO ICBHI/dn fold 2: config 1 (lr=0.0001, dropout=0.3) epoca 38: train_loss=0.0024 val_loss=0.0547 val_BA=1.000 mejor_epoca=38
2026-09-26 16:49:50,392 INFO ICBHI/dn fold 2: config 1 (lr=0.0001, dropout=0.3) epoca 40: train_loss=0.0023 val_loss=0.0620 val_BA=0.750 mejor_epoca=38
2026-09-26 16:50:07,499 INFO ICBHI/dn fold 2: config 1 (lr=0.0001, dropout=0.3) epoca 50: train_loss=0.0014 val_loss=0.0633 val_BA=0.750 mejor_epoca=38
2026-09-26 16:50:12,643 INFO ICBHI/dn fold 2 config 1: OK val_BA=1.000 mejor_epoca=38 (1.5 min)
2026-09-26 16:50:14,638 INFO ICBHI/dn fold 2: config 2 (lr=0.0001, dropout=0.4) epoca 1: train_loss=0.5599 val_loss=1.2529 val_BA=0.700 mejor_epoca=1
2026-09-26 16:50:16,400 INFO ICBHI/dn fold 2: config 2 (lr=0.0001, dropout=0.4) epoca 2: train_loss=0.3270 val_loss=1.1801 val_BA=0.700 mejor_epoca=2
2026-09-26 16:50:18,169 INFO ICBHI/dn fold 2: config 2 (lr=0.0001, dropout=0.4) epoca 3: train_loss=0.1966 val_loss=0.2645 val_BA=0.750 mejor_epoca=3
2026-09-26 16:50:19,940 INFO ICBHI/dn fold 2: config 2 (lr=0.0001, dropout=0.4) epoca 4: train_loss=0.1293 val_loss=0.4482 val_BA=1.000 mejor_epoca=4
2026-09-26 16:50:21,705 INFO ICBHI/dn fold 2: config 2 (lr=0.0001, dropout=0.4) epoca 5: train_loss=0.0909 val_loss=0.3345 val_BA=1.000 mejor_epoca=5
2026-09-26 16:50:27,027 INFO ICBHI/dn fold 2: config 2 (lr=0.0001, dropout=0.4) epoca 8: train_loss=0.0348 val_loss=0.1551 val_BA=1.000 mejor_epoca=8
2026-09-26 16:50:28,802 INFO ICBHI/dn fold 2: config 2 (lr=0.0001, dropout=0.4) epoca 9: train_loss=0.0283 val_loss=0.1001 val_BA=1.000 mejor_epoca=9
2026-09-26 16:50:30,579 INFO ICBHI/dn fold 2: config 2 (lr=0.0001, dropout=0.4) epoca 10: train_loss=0.0222 val_loss=0.0736 val_BA=0.750 mejor_epoca=9
2026-09-26 16:50:37,718 INFO ICBHI/dn fold 2: config 2 (lr=0.0001, dropout=0.4) epoca 14: train_loss=0.0114 val_loss=0.0941 val_BA=1.000 mejor_epoca=14
2026-09-26 16:50:43,064 INFO ICBHI/dn fold 2: config 2 (lr=0.0001, dropout=0.4) epoca 17: train_loss=0.0064 val_loss=0.0630 val_BA=1.000 mejor_epoca=17
2026-09-26 16:50:48,424 INFO ICBHI/dn fold 2: config 2 (lr=0.0001, dropout=0.4) epoca 20: train_loss=0.0050 val_loss=0.0466 val_BA=0.750 mejor_epoca=17
2026-09-26 16:50:52,009 INFO ICBHI/dn fold 2: config 2 (lr=0.0001, dropout=0.4) epoca 22: train_loss=0.0053 val_loss=0.0499 val_BA=1.000 mejor_epoca=22
2026-09-26 16:50:53,793 INFO ICBHI/dn fold 2: config 2 (lr=0.0001, dropout=0.4) epoca 23: train_loss=0.0034 val_loss=0.0442 val_BA=1.000 mejor_epoca=23
2026-09-26 16:51:06,286 INFO ICBHI/dn fold 2: config 2 (lr=0.0001, dropout=0.4) epoca 30: train_loss=0.0020 val_loss=0.0608 val_BA=0.750 mejor_epoca=23
2026-09-26 16:51:20,541 INFO ICBHI/dn fold 2: config 2 (lr=0.0001, dropout=0.4) epoca 38: train_loss=0.0011 val_loss=0.0318 val_BA=1.000 mejor_epoca=38
2026-09-26 16:51:22,315 INFO ICBHI/dn fold 2: config 2 (lr=0.0001, dropout=0.4) epoca 39: train_loss=0.0008 val_loss=0.0301 val_BA=1.000 mejor_epoca=39
2026-09-26 16:51:24,098 INFO ICBHI/dn fold 2: config 2 (lr=0.0001, dropout=0.4) epoca 40: train_loss=0.0009 val_loss=0.0405 val_BA=0.875 mejor_epoca=39
2026-09-26 16:51:42,146 INFO ICBHI/dn fold 2: config 2 (lr=0.0001, dropout=0.4) epoca 50: train_loss=0.0005 val_loss=0.0385 val_BA=0.875 mejor_epoca=39
2026-09-26 16:51:49,409 INFO ICBHI/dn fold 2 config 2: OK val_BA=1.000 mejor_epoca=39 (1.6 min)
2026-09-26 16:51:51,685 INFO ICBHI/dn fold 2: config 3 (lr=0.0001, dropout=0.4) epoca 1: train_loss=0.5520 val_loss=1.4436 val_BA=0.600 mejor_epoca=1
2026-09-26 16:51:53,735 INFO ICBHI/dn fold 2: config 3 (lr=0.0001, dropout=0.4) epoca 2: train_loss=0.2903 val_loss=0.3599 val_BA=1.000 mejor_epoca=2
2026-09-26 16:51:59,877 INFO ICBHI/dn fold 2: config 3 (lr=0.0001, dropout=0.4) epoca 5: train_loss=0.0979 val_loss=0.1296 val_BA=1.000 mejor_epoca=5
2026-09-26 16:52:08,043 INFO ICBHI/dn fold 2: config 3 (lr=0.0001, dropout=0.4) epoca 9: train_loss=0.0229 val_loss=0.0759 val_BA=1.000 mejor_epoca=9
2026-09-26 16:52:10,103 INFO ICBHI/dn fold 2: config 3 (lr=0.0001, dropout=0.4) epoca 10: train_loss=0.0188 val_loss=0.0447 val_BA=0.875 mejor_epoca=9
2026-09-26 16:52:22,317 INFO ICBHI/dn fold 2: config 3 (lr=0.0001, dropout=0.4) epoca 16: train_loss=0.0119 val_loss=0.0528 val_BA=1.000 mejor_epoca=16
2026-09-26 16:52:30,455 INFO ICBHI/dn fold 2: config 3 (lr=0.0001, dropout=0.4) epoca 20: train_loss=0.0109 val_loss=0.2318 val_BA=0.950 mejor_epoca=16
2026-09-26 16:52:46,660 INFO ICBHI/dn fold 2: config 3 (lr=0.0001, dropout=0.4) epoca 28: train_loss=0.0009 val_loss=0.0434 val_BA=1.000 mejor_epoca=28
2026-09-26 16:52:50,718 INFO ICBHI/dn fold 2: config 3 (lr=0.0001, dropout=0.4) epoca 30: train_loss=0.0021 val_loss=0.2457 val_BA=1.000 mejor_epoca=28
2026-09-26 16:53:10,918 INFO ICBHI/dn fold 2: config 3 (lr=0.0001, dropout=0.4) epoca 40: train_loss=0.0004 val_loss=0.0986 val_BA=0.750 mejor_epoca=28
2026-09-26 16:53:16,979 INFO ICBHI/dn fold 2 config 3: OK val_BA=1.000 mejor_epoca=28 (1.5 min)
2026-09-26 16:53:19,001 INFO ICBHI/dn fold 2: config 4 (lr=0.0001, dropout=0.4) epoca 1: train_loss=0.5607 val_loss=0.9939 val_BA=0.625 mejor_epoca=1
2026-09-26 16:53:20,785 INFO ICBHI/dn fold 2: config 4 (lr=0.0001, dropout=0.4) epoca 2: train_loss=0.3027 val_loss=0.8643 val_BA=0.850 mejor_epoca=2
2026-09-26 16:53:22,569 INFO ICBHI/dn fold 2: config 4 (lr=0.0001, dropout=0.4) epoca 3: train_loss=0.1925 val_loss=0.7026 val_BA=0.900 mejor_epoca=3
2026-09-26 16:53:24,343 INFO ICBHI/dn fold 2: config 4 (lr=0.0001, dropout=0.4) epoca 4: train_loss=0.1178 val_loss=0.5342 val_BA=0.900 mejor_epoca=4
2026-09-26 16:53:27,890 INFO ICBHI/dn fold 2: config 4 (lr=0.0001, dropout=0.4) epoca 6: train_loss=0.0609 val_loss=0.2052 val_BA=1.000 mejor_epoca=6
2026-09-26 16:53:35,059 INFO ICBHI/dn fold 2: config 4 (lr=0.0001, dropout=0.4) epoca 10: train_loss=0.0238 val_loss=0.2062 val_BA=1.000 mejor_epoca=6
2026-09-26 16:53:43,986 INFO ICBHI/dn fold 2: config 4 (lr=0.0001, dropout=0.4) epoca 15: train_loss=0.0075 val_loss=0.0791 val_BA=1.000 mejor_epoca=15
2026-09-26 16:53:52,892 INFO ICBHI/dn fold 2: config 4 (lr=0.0001, dropout=0.4) epoca 20: train_loss=0.0050 val_loss=0.0980 val_BA=0.625 mejor_epoca=15
2026-09-26 16:53:54,673 INFO ICBHI/dn fold 2: config 4 (lr=0.0001, dropout=0.4) epoca 21: train_loss=0.0049 val_loss=0.0788 val_BA=1.000 mejor_epoca=21
2026-09-26 16:54:05,378 INFO ICBHI/dn fold 2: config 4 (lr=0.0001, dropout=0.4) epoca 27: train_loss=0.0019 val_loss=0.0602 val_BA=1.000 mejor_epoca=27
2026-09-26 16:54:10,731 INFO ICBHI/dn fold 2: config 4 (lr=0.0001, dropout=0.4) epoca 30: train_loss=0.0016 val_loss=0.0438 val_BA=0.875 mejor_epoca=27
2026-09-26 16:54:23,201 INFO ICBHI/dn fold 2: config 4 (lr=0.0001, dropout=0.4) epoca 37: train_loss=0.0014 val_loss=0.0438 val_BA=1.000 mejor_epoca=37
2026-09-26 16:54:24,980 INFO ICBHI/dn fold 2: config 4 (lr=0.0001, dropout=0.4) epoca 38: train_loss=0.0031 val_loss=0.0356 val_BA=1.000 mejor_epoca=38
2026-09-26 16:54:28,537 INFO ICBHI/dn fold 2: config 4 (lr=0.0001, dropout=0.4) epoca 40: train_loss=0.0063 val_loss=0.0369 val_BA=0.875 mejor_epoca=38
2026-09-26 16:54:46,322 INFO ICBHI/dn fold 2: config 4 (lr=0.0001, dropout=0.4) epoca 50: train_loss=0.0005 val_loss=0.0478 val_BA=1.000 mejor_epoca=38
2026-09-26 16:54:51,671 INFO ICBHI/dn fold 2 config 4: OK val_BA=1.000 mejor_epoca=38 (1.6 min)
2026-09-26 16:54:53,607 INFO ICBHI/dn fold 2: config 5 (lr=0.0001, dropout=0.4) epoca 1: train_loss=0.5705 val_loss=0.5927 val_BA=0.650 mejor_epoca=1
2026-09-26 16:54:55,314 INFO ICBHI/dn fold 2: config 5 (lr=0.0001, dropout=0.4) epoca 2: train_loss=0.3936 val_loss=0.7062 val_BA=0.900 mejor_epoca=2
2026-09-26 16:55:09,029 INFO ICBHI/dn fold 2: config 5 (lr=0.0001, dropout=0.4) epoca 10: train_loss=0.0334 val_loss=0.1089 val_BA=0.875 mejor_epoca=2
2026-09-26 16:55:10,741 INFO ICBHI/dn fold 2: config 5 (lr=0.0001, dropout=0.4) epoca 11: train_loss=0.0279 val_loss=0.3887 val_BA=0.950 mejor_epoca=11
2026-09-26 16:55:12,452 INFO ICBHI/dn fold 2: config 5 (lr=0.0001, dropout=0.4) epoca 12: train_loss=0.0220 val_loss=0.1427 val_BA=1.000 mejor_epoca=12
2026-09-26 16:55:17,568 INFO ICBHI/dn fold 2: config 5 (lr=0.0001, dropout=0.4) epoca 15: train_loss=0.0158 val_loss=0.0909 val_BA=1.000 mejor_epoca=15
2026-09-26 16:55:26,124 INFO ICBHI/dn fold 2: config 5 (lr=0.0001, dropout=0.4) epoca 20: train_loss=0.0100 val_loss=0.0731 val_BA=0.750 mejor_epoca=15
2026-09-26 16:55:43,208 INFO ICBHI/dn fold 2: config 5 (lr=0.0001, dropout=0.4) epoca 30: train_loss=0.0056 val_loss=0.0650 val_BA=0.750 mejor_epoca=15
2026-09-26 16:55:43,230 INFO ICBHI/dn fold 2 config 5: OK val_BA=1.000 mejor_epoca=15 (0.9 min)
2026-09-26 16:55:45,455 INFO ICBHI/dn fold 2: config 6 (lr=0.0001, dropout=0.5) epoca 1: train_loss=0.6194 val_loss=0.6875 val_BA=0.700 mejor_epoca=1
2026-09-26 16:55:47,446 INFO ICBHI/dn fold 2: config 6 (lr=0.0001, dropout=0.5) epoca 2: train_loss=0.3834 val_loss=0.9572 val_BA=0.800 mejor_epoca=2
2026-09-26 16:55:55,427 INFO ICBHI/dn fold 2: config 6 (lr=0.0001, dropout=0.5) epoca 6: train_loss=0.0706 val_loss=0.1047 val_BA=1.000 mejor_epoca=6
2026-09-26 16:56:01,461 INFO ICBHI/dn fold 2: config 6 (lr=0.0001, dropout=0.5) epoca 9: train_loss=0.0249 val_loss=0.0735 val_BA=1.000 mejor_epoca=9
2026-09-26 16:56:03,467 INFO ICBHI/dn fold 2: config 6 (lr=0.0001, dropout=0.5) epoca 10: train_loss=0.0271 val_loss=0.0550 val_BA=0.750 mejor_epoca=9
2026-09-26 16:56:07,487 INFO ICBHI/dn fold 2: config 6 (lr=0.0001, dropout=0.5) epoca 12: train_loss=0.0205 val_loss=0.0447 val_BA=1.000 mejor_epoca=12
2026-09-26 16:56:13,660 INFO ICBHI/dn fold 2: config 6 (lr=0.0001, dropout=0.5) epoca 15: train_loss=0.0070 val_loss=0.0431 val_BA=1.000 mejor_epoca=15
2026-09-26 16:56:23,746 INFO ICBHI/dn fold 2: config 6 (lr=0.0001, dropout=0.5) epoca 20: train_loss=0.0171 val_loss=0.0716 val_BA=0.750 mejor_epoca=15
2026-09-26 16:56:43,896 INFO ICBHI/dn fold 2: config 6 (lr=0.0001, dropout=0.5) epoca 30: train_loss=0.0011 val_loss=0.0612 val_BA=0.750 mejor_epoca=15
2026-09-26 16:56:43,917 INFO ICBHI/dn fold 2 config 6: OK val_BA=1.000 mejor_epoca=15 (1.0 min)
2026-09-26 16:56:45,851 INFO ICBHI/dn fold 2: config 7 (lr=0.0001, dropout=0.5) epoca 1: train_loss=0.5571 val_loss=0.8052 val_BA=0.675 mejor_epoca=1
2026-09-26 16:56:49,272 INFO ICBHI/dn fold 2: config 7 (lr=0.0001, dropout=0.5) epoca 3: train_loss=0.2429 val_loss=1.2326 val_BA=0.750 mejor_epoca=3
2026-09-26 16:56:50,987 INFO ICBHI/dn fold 2: config 7 (lr=0.0001, dropout=0.5) epoca 4: train_loss=0.1722 val_loss=0.5618 val_BA=0.900 mejor_epoca=4
2026-09-26 16:56:52,694 INFO ICBHI/dn fold 2: config 7 (lr=0.0001, dropout=0.5) epoca 5: train_loss=0.1316 val_loss=0.2766 val_BA=1.000 mejor_epoca=5
2026-09-26 16:57:01,263 INFO ICBHI/dn fold 2: config 7 (lr=0.0001, dropout=0.5) epoca 10: train_loss=0.0396 val_loss=0.0922 val_BA=0.750 mejor_epoca=5
2026-09-26 16:57:06,417 INFO ICBHI/dn fold 2: config 7 (lr=0.0001, dropout=0.5) epoca 13: train_loss=0.0212 val_loss=0.1738 val_BA=1.000 mejor_epoca=13
2026-09-26 16:57:08,132 INFO ICBHI/dn fold 2: config 7 (lr=0.0001, dropout=0.5) epoca 14: train_loss=0.0205 val_loss=0.0900 val_BA=1.000 mejor_epoca=14
2026-09-26 16:57:18,411 INFO ICBHI/dn fold 2: config 7 (lr=0.0001, dropout=0.5) epoca 20: train_loss=0.0113 val_loss=0.0805 val_BA=0.750 mejor_epoca=14
2026-09-26 16:57:33,854 INFO ICBHI/dn fold 2 config 7: OK val_BA=1.000 mejor_epoca=14 (0.8 min)
2026-09-26 16:57:35,799 INFO ICBHI/dn fold 2: config 8 (lr=0.0003, dropout=0.3) epoca 1: train_loss=0.6003 val_loss=0.3237 val_BA=0.625 mejor_epoca=1
2026-09-26 16:57:37,516 INFO ICBHI/dn fold 2: config 8 (lr=0.0003, dropout=0.3) epoca 2: train_loss=0.3280 val_loss=0.9920 val_BA=0.675 mejor_epoca=2
2026-09-26 16:57:39,230 INFO ICBHI/dn fold 2: config 8 (lr=0.0003, dropout=0.3) epoca 3: train_loss=0.1803 val_loss=0.3863 val_BA=1.000 mejor_epoca=3
2026-09-26 16:57:46,085 INFO ICBHI/dn fold 2: config 8 (lr=0.0003, dropout=0.3) epoca 7: train_loss=0.0336 val_loss=0.0717 val_BA=1.000 mejor_epoca=7
2026-09-26 16:57:51,230 INFO ICBHI/dn fold 2: config 8 (lr=0.0003, dropout=0.3) epoca 10: train_loss=0.0158 val_loss=0.0605 val_BA=0.875 mejor_epoca=7
2026-09-26 16:58:06,636 INFO ICBHI/dn fold 2: config 8 (lr=0.0003, dropout=0.3) epoca 19: train_loss=0.0029 val_loss=0.0473 val_BA=1.000 mejor_epoca=19
2026-09-26 16:58:08,351 INFO ICBHI/dn fold 2: config 8 (lr=0.0003, dropout=0.3) epoca 20: train_loss=0.0166 val_loss=0.5297 val_BA=1.000 mejor_epoca=19
2026-09-26 16:58:25,445 INFO ICBHI/dn fold 2: config 8 (lr=0.0003, dropout=0.3) epoca 30: train_loss=0.0009 val_loss=0.0496 val_BA=0.750 mejor_epoca=19
2026-09-26 16:58:32,300 INFO ICBHI/dn fold 2 config 8: OK val_BA=1.000 mejor_epoca=19 (1.0 min)
2026-09-26 16:58:34,321 INFO ICBHI/dn fold 2: config 9 (lr=0.0003, dropout=0.4) epoca 1: train_loss=0.5473 val_loss=1.0081 val_BA=0.700 mejor_epoca=1
2026-09-26 16:58:36,114 INFO ICBHI/dn fold 2: config 9 (lr=0.0003, dropout=0.4) epoca 2: train_loss=0.2665 val_loss=0.2991 val_BA=0.875 mejor_epoca=2
2026-09-26 16:58:39,700 INFO ICBHI/dn fold 2: config 9 (lr=0.0003, dropout=0.4) epoca 4: train_loss=0.0802 val_loss=0.3314 val_BA=0.950 mejor_epoca=4
2026-09-26 16:58:41,485 INFO ICBHI/dn fold 2: config 9 (lr=0.0003, dropout=0.4) epoca 5: train_loss=0.0432 val_loss=0.2281 val_BA=1.000 mejor_epoca=5
2026-09-26 16:58:46,842 INFO ICBHI/dn fold 2: config 9 (lr=0.0003, dropout=0.4) epoca 8: train_loss=0.0224 val_loss=0.1733 val_BA=1.000 mejor_epoca=8
2026-09-26 16:58:50,421 INFO ICBHI/dn fold 2: config 9 (lr=0.0003, dropout=0.4) epoca 10: train_loss=0.0105 val_loss=0.0610 val_BA=0.875 mejor_epoca=8
2026-09-26 16:58:52,215 INFO ICBHI/dn fold 2: config 9 (lr=0.0003, dropout=0.4) epoca 11: train_loss=0.0066 val_loss=0.0844 val_BA=1.000 mejor_epoca=11
2026-09-26 16:58:57,619 INFO ICBHI/dn fold 2: config 9 (lr=0.0003, dropout=0.4) epoca 14: train_loss=0.0125 val_loss=0.0585 val_BA=1.000 mejor_epoca=14
2026-09-26 16:59:04,800 INFO ICBHI/dn fold 2: config 9 (lr=0.0003, dropout=0.4) epoca 18: train_loss=0.0028 val_loss=0.0357 val_BA=1.000 mejor_epoca=18
2026-09-26 16:59:08,380 INFO ICBHI/dn fold 2: config 9 (lr=0.0003, dropout=0.4) epoca 20: train_loss=0.0013 val_loss=0.0431 val_BA=1.000 mejor_epoca=18
2026-09-26 16:59:26,281 INFO ICBHI/dn fold 2: config 9 (lr=0.0003, dropout=0.4) epoca 30: train_loss=0.0047 val_loss=0.0505 val_BA=0.750 mejor_epoca=18
2026-09-26 16:59:31,686 INFO ICBHI/dn fold 2 config 9: OK val_BA=1.000 mejor_epoca=18 (1.0 min)
2026-09-26 16:59:33,935 INFO ICBHI/dn fold 2: config 10 (lr=0.0003, dropout=0.4) epoca 1: train_loss=0.6900 val_loss=0.2790 val_BA=0.625 mejor_epoca=1
2026-09-26 16:59:35,960 INFO ICBHI/dn fold 2: config 10 (lr=0.0003, dropout=0.4) epoca 2: train_loss=0.4270 val_loss=1.0045 val_BA=0.850 mejor_epoca=2
2026-09-26 16:59:37,993 INFO ICBHI/dn fold 2: config 10 (lr=0.0003, dropout=0.4) epoca 3: train_loss=0.2635 val_loss=0.9480 val_BA=0.900 mejor_epoca=3
2026-09-26 16:59:46,222 INFO ICBHI/dn fold 2: config 10 (lr=0.0003, dropout=0.4) epoca 7: train_loss=0.0529 val_loss=0.7053 val_BA=0.950 mejor_epoca=7
2026-09-26 16:59:50,364 INFO ICBHI/dn fold 2: config 10 (lr=0.0003, dropout=0.4) epoca 9: train_loss=0.0313 val_loss=0.1116 val_BA=1.000 mejor_epoca=9
2026-09-26 16:59:52,435 INFO ICBHI/dn fold 2: config 10 (lr=0.0003, dropout=0.4) epoca 10: train_loss=0.0366 val_loss=0.1752 val_BA=1.000 mejor_epoca=9
2026-09-26 17:00:04,574 INFO ICBHI/dn fold 2: config 10 (lr=0.0003, dropout=0.4) epoca 16: train_loss=0.0086 val_loss=0.0764 val_BA=1.000 mejor_epoca=16
2026-09-26 17:00:06,606 INFO ICBHI/dn fold 2: config 10 (lr=0.0003, dropout=0.4) epoca 17: train_loss=0.0098 val_loss=0.0639 val_BA=1.000 mejor_epoca=17
2026-09-26 17:00:12,684 INFO ICBHI/dn fold 2: config 10 (lr=0.0003, dropout=0.4) epoca 20: train_loss=0.0064 val_loss=0.1178 val_BA=0.750 mejor_epoca=17
2026-09-26 17:00:32,923 INFO ICBHI/dn fold 2: config 10 (lr=0.0003, dropout=0.4) epoca 30: train_loss=0.0050 val_loss=0.1990 val_BA=1.000 mejor_epoca=17
2026-09-26 17:00:36,996 INFO ICBHI/dn fold 2 config 10: OK val_BA=1.000 mejor_epoca=17 (1.1 min)
2026-09-26 17:00:38,944 INFO ICBHI/dn fold 2: config 11 (lr=0.0003, dropout=0.5) epoca 1: train_loss=0.5639 val_loss=0.4517 val_BA=0.700 mejor_epoca=1
2026-09-26 17:00:40,665 INFO ICBHI/dn fold 2: config 11 (lr=0.0003, dropout=0.5) epoca 2: train_loss=0.3285 val_loss=0.4713 val_BA=0.875 mejor_epoca=2
2026-09-26 17:00:42,379 INFO ICBHI/dn fold 2: config 11 (lr=0.0003, dropout=0.5) epoca 3: train_loss=0.1863 val_loss=0.2706 val_BA=0.875 mejor_epoca=3
2026-09-26 17:00:44,100 INFO ICBHI/dn fold 2: config 11 (lr=0.0003, dropout=0.5) epoca 4: train_loss=0.1039 val_loss=0.6993 val_BA=0.950 mejor_epoca=4
2026-09-26 17:00:47,541 INFO ICBHI/dn fold 2: config 11 (lr=0.0003, dropout=0.5) epoca 6: train_loss=0.0570 val_loss=0.3526 val_BA=0.950 mejor_epoca=6
2026-09-26 17:00:49,256 INFO ICBHI/dn fold 2: config 11 (lr=0.0003, dropout=0.5) epoca 7: train_loss=0.0418 val_loss=0.1804 val_BA=1.000 mejor_epoca=7
2026-09-26 17:00:54,424 INFO ICBHI/dn fold 2: config 11 (lr=0.0003, dropout=0.5) epoca 10: train_loss=0.0148 val_loss=0.2842 val_BA=1.000 mejor_epoca=7
2026-09-26 17:00:56,146 INFO ICBHI/dn fold 2: config 11 (lr=0.0003, dropout=0.5) epoca 11: train_loss=0.0187 val_loss=0.0773 val_BA=1.000 mejor_epoca=11
2026-09-26 17:00:57,874 INFO ICBHI/dn fold 2: config 11 (lr=0.0003, dropout=0.5) epoca 12: train_loss=0.0143 val_loss=0.0750 val_BA=1.000 mejor_epoca=12
2026-09-26 17:01:01,315 INFO ICBHI/dn fold 2: config 11 (lr=0.0003, dropout=0.5) epoca 14: train_loss=0.0099 val_loss=0.0598 val_BA=1.000 mejor_epoca=14
2026-09-26 17:01:11,671 INFO ICBHI/dn fold 2: config 11 (lr=0.0003, dropout=0.5) epoca 20: train_loss=0.0091 val_loss=0.1054 val_BA=0.750 mejor_epoca=14
2026-09-26 17:01:20,238 INFO ICBHI/dn fold 2: config 11 (lr=0.0003, dropout=0.5) epoca 25: train_loss=0.0023 val_loss=0.0364 val_BA=1.000 mejor_epoca=25
2026-09-26 17:01:28,818 INFO ICBHI/dn fold 2: config 11 (lr=0.0003, dropout=0.5) epoca 30: train_loss=0.0015 val_loss=0.0395 val_BA=0.875 mejor_epoca=25
2026-09-26 17:01:45,930 INFO ICBHI/dn fold 2: config 11 (lr=0.0003, dropout=0.5) epoca 40: train_loss=0.0167 val_loss=0.0694 val_BA=0.750 mejor_epoca=25
2026-09-26 17:01:45,952 INFO ICBHI/dn fold 2 config 11: OK val_BA=1.000 mejor_epoca=25 (1.1 min)
2026-09-26 17:01:47,975 INFO ICBHI/dn fold 2: config 12 (lr=0.0003, dropout=0.5) epoca 1: train_loss=0.5851 val_loss=0.4823 val_BA=0.750 mejor_epoca=1
2026-09-26 17:01:49,762 INFO ICBHI/dn fold 2: config 12 (lr=0.0003, dropout=0.5) epoca 2: train_loss=0.2889 val_loss=0.9243 val_BA=0.850 mejor_epoca=2
2026-09-26 17:01:51,548 INFO ICBHI/dn fold 2: config 12 (lr=0.0003, dropout=0.5) epoca 3: train_loss=0.1684 val_loss=0.3935 val_BA=1.000 mejor_epoca=3
2026-09-26 17:01:53,333 INFO ICBHI/dn fold 2: config 12 (lr=0.0003, dropout=0.5) epoca 4: train_loss=0.0869 val_loss=0.2881 val_BA=1.000 mejor_epoca=4
2026-09-26 17:02:04,063 INFO ICBHI/dn fold 2: config 12 (lr=0.0003, dropout=0.5) epoca 10: train_loss=0.0175 val_loss=0.0436 val_BA=1.000 mejor_epoca=10
2026-09-26 17:02:21,946 INFO ICBHI/dn fold 2: config 12 (lr=0.0003, dropout=0.5) epoca 20: train_loss=0.0019 val_loss=0.1350 val_BA=1.000 mejor_epoca=10
2026-09-26 17:02:30,906 INFO ICBHI/dn fold 2 config 12: OK val_BA=1.000 mejor_epoca=10 (0.7 min)
2026-09-26 17:02:33,162 INFO ICBHI/dn fold 2: config 13 (lr=0.001, dropout=0.2) epoca 1: train_loss=0.7663 val_loss=0.3399 val_BA=0.500 mejor_epoca=1
2026-09-26 17:02:35,180 INFO ICBHI/dn fold 2: config 13 (lr=0.001, dropout=0.2) epoca 2: train_loss=0.6071 val_loss=0.9767 val_BA=0.850 mejor_epoca=2
2026-09-26 17:02:39,214 INFO ICBHI/dn fold 2: config 13 (lr=0.001, dropout=0.2) epoca 4: train_loss=0.3641 val_loss=0.2552 val_BA=0.875 mejor_epoca=4
2026-09-26 17:02:41,243 INFO ICBHI/dn fold 2: config 13 (lr=0.001, dropout=0.2) epoca 5: train_loss=0.1978 val_loss=0.2456 val_BA=1.000 mejor_epoca=5
2026-09-26 17:02:51,391 INFO ICBHI/dn fold 2: config 13 (lr=0.001, dropout=0.2) epoca 10: train_loss=0.0918 val_loss=0.2061 val_BA=0.875 mejor_epoca=5
2026-09-26 17:03:09,524 INFO ICBHI/dn fold 2: config 13 (lr=0.001, dropout=0.2) epoca 19: train_loss=0.0214 val_loss=0.1204 val_BA=1.000 mejor_epoca=19
2026-09-26 17:03:11,543 INFO ICBHI/dn fold 2: config 13 (lr=0.001, dropout=0.2) epoca 20: train_loss=0.0200 val_loss=0.1647 val_BA=0.875 mejor_epoca=19
2026-09-26 17:03:31,813 INFO ICBHI/dn fold 2: config 13 (lr=0.001, dropout=0.2) epoca 30: train_loss=0.0200 val_loss=0.1811 val_BA=0.750 mejor_epoca=19
2026-09-26 17:03:39,917 INFO ICBHI/dn fold 2 config 13: OK val_BA=1.000 mejor_epoca=19 (1.1 min)
2026-09-26 17:03:41,865 INFO ICBHI/dn fold 2: config 14 (lr=0.001, dropout=0.3) epoca 1: train_loss=0.6253 val_loss=0.4602 val_BA=0.900 mejor_epoca=1
2026-09-26 17:03:50,464 INFO ICBHI/dn fold 2: config 14 (lr=0.001, dropout=0.3) epoca 6: train_loss=0.0831 val_loss=0.6592 val_BA=1.000 mejor_epoca=6
2026-09-26 17:03:52,181 INFO ICBHI/dn fold 2: config 14 (lr=0.001, dropout=0.3) epoca 7: train_loss=0.0490 val_loss=0.1742 val_BA=1.000 mejor_epoca=7
2026-09-26 17:03:53,894 INFO ICBHI/dn fold 2: config 14 (lr=0.001, dropout=0.3) epoca 8: train_loss=0.0454 val_loss=0.0987 val_BA=1.000 mejor_epoca=8
2026-09-26 17:03:57,325 INFO ICBHI/dn fold 2: config 14 (lr=0.001, dropout=0.3) epoca 10: train_loss=0.0212 val_loss=0.3431 val_BA=1.000 mejor_epoca=8
2026-09-26 17:04:14,471 INFO ICBHI/dn fold 2: config 14 (lr=0.001, dropout=0.3) epoca 20: train_loss=0.0024 val_loss=0.3425 val_BA=1.000 mejor_epoca=8
2026-09-26 17:04:19,639 INFO ICBHI/dn fold 2 config 14: OK val_BA=1.000 mejor_epoca=8 (0.7 min)
2026-09-26 17:04:21,655 INFO ICBHI/dn fold 2: config 15 (lr=0.001, dropout=0.3) epoca 1: train_loss=0.6907 val_loss=1.0039 val_BA=0.625 mejor_epoca=1
2026-09-26 17:04:25,256 INFO ICBHI/dn fold 2: config 15 (lr=0.001, dropout=0.3) epoca 3: train_loss=0.2820 val_loss=0.5320 val_BA=0.825 mejor_epoca=3
2026-09-26 17:04:34,223 INFO ICBHI/dn fold 2: config 15 (lr=0.001, dropout=0.3) epoca 8: train_loss=0.0817 val_loss=1.1880 val_BA=0.900 mejor_epoca=8
2026-09-26 17:04:37,930 INFO ICBHI/dn fold 2: config 15 (lr=0.001, dropout=0.3) epoca 10: train_loss=0.0277 val_loss=0.1452 val_BA=0.750 mejor_epoca=8
2026-09-26 17:04:39,713 INFO ICBHI/dn fold 2: config 15 (lr=0.001, dropout=0.3) epoca 11: train_loss=0.0308 val_loss=0.2940 val_BA=1.000 mejor_epoca=11
2026-09-26 17:04:55,774 INFO ICBHI/dn fold 2: config 15 (lr=0.001, dropout=0.3) epoca 20: train_loss=0.0094 val_loss=0.1653 val_BA=0.750 mejor_epoca=11
2026-09-26 17:04:57,581 INFO ICBHI/dn fold 2: config 15 (lr=0.001, dropout=0.3) epoca 21: train_loss=0.0091 val_loss=0.0827 val_BA=1.000 mejor_epoca=21
2026-09-26 17:05:13,732 INFO ICBHI/dn fold 2: config 15 (lr=0.001, dropout=0.3) epoca 30: train_loss=0.0005 val_loss=0.1291 val_BA=0.750 mejor_epoca=21
2026-09-26 17:05:24,494 INFO ICBHI/dn fold 2 config 15: OK val_BA=1.000 mejor_epoca=21 (1.1 min)
2026-09-26 17:05:26,748 INFO ICBHI/dn fold 2: config 16 (lr=0.001, dropout=0.4) epoca 1: train_loss=0.8493 val_loss=0.2730 val_BA=0.500 mejor_epoca=1
2026-09-26 17:05:32,841 INFO ICBHI/dn fold 2: config 16 (lr=0.001, dropout=0.4) epoca 4: train_loss=0.3753 val_loss=0.2389 val_BA=0.750 mejor_epoca=4
2026-09-26 17:05:34,863 INFO ICBHI/dn fold 2: config 16 (lr=0.001, dropout=0.4) epoca 5: train_loss=0.2234 val_loss=0.0951 val_BA=0.750 mejor_epoca=5
2026-09-26 17:05:40,956 INFO ICBHI/dn fold 2: config 16 (lr=0.001, dropout=0.4) epoca 8: train_loss=0.1388 val_loss=0.1340 val_BA=1.000 mejor_epoca=8
2026-09-26 17:05:45,044 INFO ICBHI/dn fold 2: config 16 (lr=0.001, dropout=0.4) epoca 10: train_loss=0.0732 val_loss=0.1010 val_BA=0.750 mejor_epoca=8
2026-09-26 17:05:51,136 INFO ICBHI/dn fold 2: config 16 (lr=0.001, dropout=0.4) epoca 13: train_loss=0.0236 val_loss=0.0880 val_BA=1.000 mejor_epoca=13
2026-09-26 17:06:05,266 INFO ICBHI/dn fold 2: config 16 (lr=0.001, dropout=0.4) epoca 20: train_loss=0.0142 val_loss=0.1258 val_BA=0.750 mejor_epoca=13
2026-09-26 17:06:21,491 INFO ICBHI/dn fold 2 config 16: OK val_BA=1.000 mejor_epoca=13 (0.9 min)
2026-09-26 17:06:23,508 INFO ICBHI/dn fold 2: config 17 (lr=0.001, dropout=0.5) epoca 1: train_loss=0.6096 val_loss=0.2839 val_BA=0.500 mejor_epoca=1
2026-09-26 17:06:25,296 INFO ICBHI/dn fold 2: config 17 (lr=0.001, dropout=0.5) epoca 2: train_loss=0.4522 val_loss=0.1608 val_BA=1.000 mejor_epoca=2
2026-09-26 17:06:39,580 INFO ICBHI/dn fold 2: config 17 (lr=0.001, dropout=0.5) epoca 10: train_loss=0.0502 val_loss=0.1126 val_BA=1.000 mejor_epoca=10
2026-09-26 17:06:57,264 INFO ICBHI/dn fold 2: config 17 (lr=0.001, dropout=0.5) epoca 20: train_loss=0.0159 val_loss=0.2577 val_BA=1.000 mejor_epoca=10
2026-09-26 17:07:06,134 INFO ICBHI/dn fold 2 config 17: OK val_BA=1.000 mejor_epoca=10 (0.7 min)
2026-09-26 17:07:08,064 INFO ICBHI/dn fold 2: config 18 (lr=0.001, dropout=0.5) epoca 1: train_loss=0.6187 val_loss=0.2413 val_BA=0.500 mejor_epoca=1
2026-09-26 17:07:09,772 INFO ICBHI/dn fold 2: config 18 (lr=0.001, dropout=0.5) epoca 2: train_loss=0.3226 val_loss=0.1793 val_BA=0.875 mejor_epoca=2
2026-09-26 17:07:16,607 INFO ICBHI/dn fold 2: config 18 (lr=0.001, dropout=0.5) epoca 6: train_loss=0.0604 val_loss=0.0842 val_BA=0.875 mejor_epoca=6
2026-09-26 17:07:18,318 INFO ICBHI/dn fold 2: config 18 (lr=0.001, dropout=0.5) epoca 7: train_loss=0.0531 val_loss=0.1543 val_BA=1.000 mejor_epoca=7
2026-09-26 17:07:23,417 INFO ICBHI/dn fold 2: config 18 (lr=0.001, dropout=0.5) epoca 10: train_loss=0.0172 val_loss=0.1334 val_BA=1.000 mejor_epoca=10
2026-09-26 17:07:30,212 INFO ICBHI/dn fold 2: config 18 (lr=0.001, dropout=0.5) epoca 14: train_loss=0.0082 val_loss=0.1058 val_BA=1.000 mejor_epoca=14
2026-09-26 17:07:38,733 INFO ICBHI/dn fold 2: config 18 (lr=0.001, dropout=0.5) epoca 19: train_loss=0.0100 val_loss=0.0857 val_BA=1.000 mejor_epoca=19
2026-09-26 17:07:40,438 INFO ICBHI/dn fold 2: config 18 (lr=0.001, dropout=0.5) epoca 20: train_loss=0.0030 val_loss=0.0682 val_BA=0.875 mejor_epoca=19
2026-09-26 17:07:54,061 INFO ICBHI/dn fold 2: config 18 (lr=0.001, dropout=0.5) epoca 28: train_loss=0.0010 val_loss=0.0585 val_BA=1.000 mejor_epoca=28
2026-09-26 17:07:57,456 INFO ICBHI/dn fold 2: config 18 (lr=0.001, dropout=0.5) epoca 30: train_loss=0.0088 val_loss=0.4689 val_BA=1.000 mejor_epoca=28
2026-09-26 17:08:14,454 INFO ICBHI/dn fold 2: config 18 (lr=0.001, dropout=0.5) epoca 40: train_loss=0.0003 val_loss=0.0954 val_BA=0.875 mejor_epoca=28
2026-09-26 17:08:19,558 INFO ICBHI/dn fold 2 config 18: OK val_BA=1.000 mejor_epoca=28 (1.2 min)
2026-09-26 17:08:21,487 INFO ICBHI/dn fold 2: config 19 (lr=0.001, dropout=0.5) epoca 1: train_loss=0.5924 val_loss=0.6506 val_BA=0.650 mejor_epoca=1
2026-09-26 17:08:23,196 INFO ICBHI/dn fold 2: config 19 (lr=0.001, dropout=0.5) epoca 2: train_loss=0.3310 val_loss=0.4950 val_BA=0.700 mejor_epoca=2
2026-09-26 17:08:24,902 INFO ICBHI/dn fold 2: config 19 (lr=0.001, dropout=0.5) epoca 3: train_loss=0.2009 val_loss=0.1576 val_BA=0.875 mejor_epoca=3
2026-09-26 17:08:26,606 INFO ICBHI/dn fold 2: config 19 (lr=0.001, dropout=0.5) epoca 4: train_loss=0.1503 val_loss=0.0939 val_BA=0.875 mejor_epoca=4
2026-09-26 17:08:33,435 INFO ICBHI/dn fold 2: config 19 (lr=0.001, dropout=0.5) epoca 8: train_loss=0.0433 val_loss=0.2602 val_BA=1.000 mejor_epoca=8
2026-09-26 17:08:36,838 INFO ICBHI/dn fold 2: config 19 (lr=0.001, dropout=0.5) epoca 10: train_loss=0.0248 val_loss=0.0739 val_BA=0.750 mejor_epoca=8
2026-09-26 17:08:38,534 INFO ICBHI/dn fold 2: config 19 (lr=0.001, dropout=0.5) epoca 11: train_loss=0.0455 val_loss=0.2184 val_BA=1.000 mejor_epoca=11
2026-09-26 17:08:48,723 INFO ICBHI/dn fold 2: config 19 (lr=0.001, dropout=0.5) epoca 17: train_loss=0.0074 val_loss=0.1461 val_BA=1.000 mejor_epoca=17
2026-09-26 17:08:53,827 INFO ICBHI/dn fold 2: config 19 (lr=0.001, dropout=0.5) epoca 20: train_loss=0.0067 val_loss=0.1427 val_BA=0.750 mejor_epoca=17
2026-09-26 17:09:02,358 INFO ICBHI/dn fold 2: config 19 (lr=0.001, dropout=0.5) epoca 25: train_loss=0.0013 val_loss=0.0660 val_BA=1.000 mejor_epoca=25
2026-09-26 17:09:10,926 INFO ICBHI/dn fold 2: config 19 (lr=0.001, dropout=0.5) epoca 30: train_loss=0.0144 val_loss=0.0965 val_BA=0.875 mejor_epoca=25
2026-09-26 17:09:28,043 INFO ICBHI/dn fold 2: config 19 (lr=0.001, dropout=0.5) epoca 40: train_loss=0.0008 val_loss=0.0866 val_BA=0.875 mejor_epoca=25
2026-09-26 17:09:28,068 INFO ICBHI/dn fold 2 config 19: OK val_BA=1.000 mejor_epoca=25 (1.1 min)
2026-09-26 17:09:28,882 INFO log-mel ICBHI/cv/fold_03/dn: 500/4715
2026-09-26 17:09:29,464 INFO log-mel ICBHI/cv/fold_03/dn: 1000/4715
2026-09-26 17:09:30,046 INFO log-mel ICBHI/cv/fold_03/dn: 1500/4715
2026-09-26 17:09:30,632 INFO log-mel ICBHI/cv/fold_03/dn: 2000/4715
2026-09-26 17:09:31,213 INFO log-mel ICBHI/cv/fold_03/dn: 2500/4715
2026-09-26 17:09:31,795 INFO log-mel ICBHI/cv/fold_03/dn: 3000/4715
2026-09-26 17:09:32,380 INFO log-mel ICBHI/cv/fold_03/dn: 3500/4715
2026-09-26 17:09:33,045 INFO log-mel ICBHI/cv/fold_03/dn: 4000/4715
2026-09-26 17:09:33,626 INFO log-mel ICBHI/cv/fold_03/dn: 4500/4715
2026-09-26 17:09:33,874 INFO log-mel ICBHI/cv/fold_03/dn: 4715/4715
2026-09-26 17:09:34,547 INFO ICBHI/dn fold 3: log-mel dn listo en 6.5 s, forma (4715, 1, 64, 309)
2026-09-26 17:09:34,561 INFO ICBHI/dn fold 3: 58/14 pacientes train/validation, 20 de 20 configuracion(es) por evaluar
2026-09-26 17:09:37,047 INFO ICBHI/dn fold 3: config 0 (lr=0.0001, dropout=0.3) epoca 1: train_loss=0.4936 val_loss=0.3650 val_BA=0.900 mejor_epoca=1
2026-09-26 17:09:39,263 INFO ICBHI/dn fold 3: config 0 (lr=0.0001, dropout=0.3) epoca 2: train_loss=0.2905 val_loss=0.1673 val_BA=0.950 mejor_epoca=2
2026-09-26 17:09:43,727 INFO ICBHI/dn fold 3: config 0 (lr=0.0001, dropout=0.3) epoca 4: train_loss=0.1216 val_loss=0.0858 val_BA=1.000 mejor_epoca=4
2026-09-26 17:09:57,113 INFO ICBHI/dn fold 3: config 0 (lr=0.0001, dropout=0.3) epoca 10: train_loss=0.0122 val_loss=0.2641 val_BA=0.950 mejor_epoca=4
2026-09-26 17:10:19,381 INFO ICBHI/dn fold 3: config 0 (lr=0.0001, dropout=0.3) epoca 20: train_loss=0.0048 val_loss=0.1634 val_BA=0.950 mejor_epoca=4
2026-09-26 17:10:19,400 INFO ICBHI/dn fold 3 config 0: OK val_BA=1.000 mejor_epoca=4 (0.7 min)
2026-09-26 17:10:21,527 INFO ICBHI/dn fold 3: config 1 (lr=0.0001, dropout=0.3) epoca 1: train_loss=0.5351 val_loss=1.3182 val_BA=0.600 mejor_epoca=1
2026-09-26 17:10:23,419 INFO ICBHI/dn fold 3: config 1 (lr=0.0001, dropout=0.3) epoca 2: train_loss=0.3282 val_loss=0.5161 val_BA=0.725 mejor_epoca=2
2026-09-26 17:10:25,300 INFO ICBHI/dn fold 3: config 1 (lr=0.0001, dropout=0.3) epoca 3: train_loss=0.2195 val_loss=0.7853 val_BA=0.850 mejor_epoca=3
2026-09-26 17:10:27,168 INFO ICBHI/dn fold 3: config 1 (lr=0.0001, dropout=0.3) epoca 4: train_loss=0.1684 val_loss=0.3783 val_BA=0.900 mejor_epoca=4
2026-09-26 17:10:30,928 INFO ICBHI/dn fold 3: config 1 (lr=0.0001, dropout=0.3) epoca 6: train_loss=0.0805 val_loss=0.3619 val_BA=0.950 mejor_epoca=6
2026-09-26 17:10:32,809 INFO ICBHI/dn fold 3: config 1 (lr=0.0001, dropout=0.3) epoca 7: train_loss=0.0587 val_loss=0.1747 val_BA=0.950 mejor_epoca=7
2026-09-26 17:10:34,692 INFO ICBHI/dn fold 3: config 1 (lr=0.0001, dropout=0.3) epoca 8: train_loss=0.0438 val_loss=0.1565 val_BA=0.950 mejor_epoca=8
2026-09-26 17:10:38,457 INFO ICBHI/dn fold 3: config 1 (lr=0.0001, dropout=0.3) epoca 10: train_loss=0.0257 val_loss=0.1073 val_BA=0.950 mejor_epoca=10
2026-09-26 17:10:49,700 INFO ICBHI/dn fold 3: config 1 (lr=0.0001, dropout=0.3) epoca 16: train_loss=0.0112 val_loss=0.0520 val_BA=0.950 mejor_epoca=16
2026-09-26 17:10:57,190 INFO ICBHI/dn fold 3: config 1 (lr=0.0001, dropout=0.3) epoca 20: train_loss=0.0080 val_loss=0.1792 val_BA=0.950 mejor_epoca=16
2026-09-26 17:11:08,422 INFO ICBHI/dn fold 3: config 1 (lr=0.0001, dropout=0.3) epoca 26: train_loss=0.0052 val_loss=0.0495 val_BA=1.000 mejor_epoca=26
2026-09-26 17:11:15,904 INFO ICBHI/dn fold 3: config 1 (lr=0.0001, dropout=0.3) epoca 30: train_loss=0.0038 val_loss=0.0647 val_BA=0.950 mejor_epoca=26
2026-09-26 17:11:34,603 INFO ICBHI/dn fold 3: config 1 (lr=0.0001, dropout=0.3) epoca 40: train_loss=0.0018 val_loss=0.0512 val_BA=1.000 mejor_epoca=26
2026-09-26 17:11:36,499 INFO ICBHI/dn fold 3 config 1: OK val_BA=1.000 mejor_epoca=26 (1.3 min)
2026-09-26 17:11:38,707 INFO ICBHI/dn fold 3: config 2 (lr=0.0001, dropout=0.4) epoca 1: train_loss=0.5425 val_loss=0.5513 val_BA=0.725 mejor_epoca=1
2026-09-26 17:11:40,665 INFO ICBHI/dn fold 3: config 2 (lr=0.0001, dropout=0.4) epoca 2: train_loss=0.2796 val_loss=0.1752 val_BA=0.950 mejor_epoca=2
2026-09-26 17:11:54,401 INFO ICBHI/dn fold 3: config 2 (lr=0.0001, dropout=0.4) epoca 9: train_loss=0.0216 val_loss=0.1726 val_BA=0.950 mejor_epoca=9
2026-09-26 17:11:56,351 INFO ICBHI/dn fold 3: config 2 (lr=0.0001, dropout=0.4) epoca 10: train_loss=0.0169 val_loss=0.1118 val_BA=0.950 mejor_epoca=10
2026-09-26 17:12:09,990 INFO ICBHI/dn fold 3: config 2 (lr=0.0001, dropout=0.4) epoca 17: train_loss=0.0089 val_loss=0.1078 val_BA=0.950 mejor_epoca=17
2026-09-26 17:12:15,850 INFO ICBHI/dn fold 3: config 2 (lr=0.0001, dropout=0.4) epoca 20: train_loss=0.0040 val_loss=0.1621 val_BA=0.950 mejor_epoca=17
2026-09-26 17:12:21,715 INFO ICBHI/dn fold 3: config 2 (lr=0.0001, dropout=0.4) epoca 23: train_loss=0.0034 val_loss=0.0814 val_BA=0.950 mejor_epoca=23
2026-09-26 17:12:35,320 INFO ICBHI/dn fold 3: config 2 (lr=0.0001, dropout=0.4) epoca 30: train_loss=0.0057 val_loss=0.0875 val_BA=0.875 mejor_epoca=23
2026-09-26 17:12:50,898 INFO ICBHI/dn fold 3 config 2: OK val_BA=0.950 mejor_epoca=23 (1.2 min)
2026-09-26 17:12:53,363 INFO ICBHI/dn fold 3: config 3 (lr=0.0001, dropout=0.4) epoca 1: train_loss=0.6815 val_loss=0.5045 val_BA=0.650 mejor_epoca=1
2026-09-26 17:12:55,613 INFO ICBHI/dn fold 3: config 3 (lr=0.0001, dropout=0.4) epoca 2: train_loss=0.4432 val_loss=0.1460 val_BA=0.950 mejor_epoca=2
2026-09-26 17:12:57,830 INFO ICBHI/dn fold 3: config 3 (lr=0.0001, dropout=0.4) epoca 3: train_loss=0.2395 val_loss=0.1011 val_BA=0.950 mejor_epoca=3
2026-09-26 17:13:06,717 INFO ICBHI/dn fold 3: config 3 (lr=0.0001, dropout=0.4) epoca 7: train_loss=0.0499 val_loss=0.0890 val_BA=0.950 mejor_epoca=7
2026-09-26 17:13:13,373 INFO ICBHI/dn fold 3: config 3 (lr=0.0001, dropout=0.4) epoca 10: train_loss=0.0247 val_loss=0.0785 val_BA=0.875 mejor_epoca=7
2026-09-26 17:13:15,591 INFO ICBHI/dn fold 3: config 3 (lr=0.0001, dropout=0.4) epoca 11: train_loss=0.0191 val_loss=0.0706 val_BA=0.950 mejor_epoca=11
2026-09-26 17:13:35,513 INFO ICBHI/dn fold 3: config 3 (lr=0.0001, dropout=0.4) epoca 20: train_loss=0.0027 val_loss=0.1366 val_BA=0.950 mejor_epoca=11
2026-09-26 17:13:48,804 INFO ICBHI/dn fold 3 config 3: OK val_BA=0.950 mejor_epoca=11 (1.0 min)
2026-09-26 17:13:50,999 INFO ICBHI/dn fold 3: config 4 (lr=0.0001, dropout=0.4) epoca 1: train_loss=0.5668 val_loss=0.8743 val_BA=0.700 mejor_epoca=1
2026-09-26 17:13:52,945 INFO ICBHI/dn fold 3: config 4 (lr=0.0001, dropout=0.4) epoca 2: train_loss=0.3175 val_loss=0.5535 val_BA=0.900 mejor_epoca=2
2026-09-26 17:13:56,860 INFO ICBHI/dn fold 3: config 4 (lr=0.0001, dropout=0.4) epoca 4: train_loss=0.1409 val_loss=0.2039 val_BA=0.950 mejor_epoca=4
2026-09-26 17:14:02,735 INFO ICBHI/dn fold 3: config 4 (lr=0.0001, dropout=0.4) epoca 7: train_loss=0.0566 val_loss=0.1760 val_BA=0.950 mejor_epoca=7
2026-09-26 17:14:06,631 INFO ICBHI/dn fold 3: config 4 (lr=0.0001, dropout=0.4) epoca 9: train_loss=0.0326 val_loss=0.1129 val_BA=0.950 mejor_epoca=9
2026-09-26 17:14:08,578 INFO ICBHI/dn fold 3: config 4 (lr=0.0001, dropout=0.4) epoca 10: train_loss=0.0229 val_loss=0.3960 val_BA=0.950 mejor_epoca=9
2026-09-26 17:14:28,148 INFO ICBHI/dn fold 3: config 4 (lr=0.0001, dropout=0.4) epoca 20: train_loss=0.0072 val_loss=0.3575 val_BA=0.950 mejor_epoca=9
2026-09-26 17:14:35,950 INFO ICBHI/dn fold 3 config 4: OK val_BA=0.950 mejor_epoca=9 (0.8 min)
2026-09-26 17:14:38,082 INFO ICBHI/dn fold 3: config 5 (lr=0.0001, dropout=0.4) epoca 1: train_loss=0.5281 val_loss=1.6280 val_BA=0.600 mejor_epoca=1
2026-09-26 17:14:39,962 INFO ICBHI/dn fold 3: config 5 (lr=0.0001, dropout=0.4) epoca 2: train_loss=0.3293 val_loss=0.9004 val_BA=0.800 mejor_epoca=2
2026-09-26 17:14:41,845 INFO ICBHI/dn fold 3: config 5 (lr=0.0001, dropout=0.4) epoca 3: train_loss=0.2109 val_loss=0.2367 val_BA=0.950 mejor_epoca=3
2026-09-26 17:14:47,457 INFO ICBHI/dn fold 3: config 5 (lr=0.0001, dropout=0.4) epoca 6: train_loss=0.0661 val_loss=0.2124 val_BA=0.950 mejor_epoca=6
2026-09-26 17:14:49,331 INFO ICBHI/dn fold 3: config 5 (lr=0.0001, dropout=0.4) epoca 7: train_loss=0.0510 val_loss=0.1866 val_BA=0.950 mejor_epoca=7
2026-09-26 17:14:54,938 INFO ICBHI/dn fold 3: config 5 (lr=0.0001, dropout=0.4) epoca 10: train_loss=0.0238 val_loss=0.1305 val_BA=0.825 mejor_epoca=7
2026-09-26 17:14:58,683 INFO ICBHI/dn fold 3: config 5 (lr=0.0001, dropout=0.4) epoca 12: train_loss=0.0184 val_loss=0.1715 val_BA=0.950 mejor_epoca=12
2026-09-26 17:15:02,407 INFO ICBHI/dn fold 3: config 5 (lr=0.0001, dropout=0.4) epoca 14: train_loss=0.0127 val_loss=0.1055 val_BA=0.950 mejor_epoca=14
2026-09-26 17:15:13,621 INFO ICBHI/dn fold 3: config 5 (lr=0.0001, dropout=0.4) epoca 20: train_loss=0.0080 val_loss=0.2039 val_BA=0.950 mejor_epoca=14
2026-09-26 17:15:21,101 INFO ICBHI/dn fold 3: config 5 (lr=0.0001, dropout=0.4) epoca 24: train_loss=0.0052 val_loss=0.0948 val_BA=0.950 mejor_epoca=24
2026-09-26 17:15:32,288 INFO ICBHI/dn fold 3: config 5 (lr=0.0001, dropout=0.4) epoca 30: train_loss=0.0026 val_loss=0.1841 val_BA=0.950 mejor_epoca=24
2026-09-26 17:15:49,221 INFO ICBHI/dn fold 3 config 5: OK val_BA=0.950 mejor_epoca=24 (1.2 min)
2026-09-26 17:15:51,694 INFO ICBHI/dn fold 3: config 6 (lr=0.0001, dropout=0.5) epoca 1: train_loss=0.6033 val_loss=0.6785 val_BA=0.575 mejor_epoca=1
2026-09-26 17:15:53,907 INFO ICBHI/dn fold 3: config 6 (lr=0.0001, dropout=0.5) epoca 2: train_loss=0.3715 val_loss=0.1867 val_BA=0.950 mejor_epoca=2
2026-09-26 17:16:02,786 INFO ICBHI/dn fold 3: config 6 (lr=0.0001, dropout=0.5) epoca 6: train_loss=0.0873 val_loss=0.0885 val_BA=0.950 mejor_epoca=6
2026-09-26 17:16:09,425 INFO ICBHI/dn fold 3: config 6 (lr=0.0001, dropout=0.5) epoca 9: train_loss=0.0289 val_loss=0.0852 val_BA=0.950 mejor_epoca=9
2026-09-26 17:16:11,638 INFO ICBHI/dn fold 3: config 6 (lr=0.0001, dropout=0.5) epoca 10: train_loss=0.0275 val_loss=0.1061 val_BA=0.950 mejor_epoca=9
2026-09-26 17:16:22,726 INFO ICBHI/dn fold 3: config 6 (lr=0.0001, dropout=0.5) epoca 15: train_loss=0.0080 val_loss=0.0415 val_BA=1.000 mejor_epoca=15
2026-09-26 17:16:33,815 INFO ICBHI/dn fold 3: config 6 (lr=0.0001, dropout=0.5) epoca 20: train_loss=0.0038 val_loss=0.0740 val_BA=0.875 mejor_epoca=15
2026-09-26 17:16:55,991 INFO ICBHI/dn fold 3: config 6 (lr=0.0001, dropout=0.5) epoca 30: train_loss=0.0013 val_loss=0.1624 val_BA=0.950 mejor_epoca=15
2026-09-26 17:16:56,011 INFO ICBHI/dn fold 3 config 6: OK val_BA=1.000 mejor_epoca=15 (1.1 min)
2026-09-26 17:16:58,138 INFO ICBHI/dn fold 3: config 7 (lr=0.0001, dropout=0.5) epoca 1: train_loss=0.5603 val_loss=1.4388 val_BA=0.650 mejor_epoca=1
2026-09-26 17:17:00,022 INFO ICBHI/dn fold 3: config 7 (lr=0.0001, dropout=0.5) epoca 2: train_loss=0.3382 val_loss=1.0133 val_BA=0.700 mejor_epoca=2
2026-09-26 17:17:01,904 INFO ICBHI/dn fold 3: config 7 (lr=0.0001, dropout=0.5) epoca 3: train_loss=0.2506 val_loss=0.6914 val_BA=0.900 mejor_epoca=3
2026-09-26 17:17:03,806 INFO ICBHI/dn fold 3: config 7 (lr=0.0001, dropout=0.5) epoca 4: train_loss=0.1854 val_loss=0.3481 val_BA=0.950 mejor_epoca=4
2026-09-26 17:17:05,708 INFO ICBHI/dn fold 3: config 7 (lr=0.0001, dropout=0.5) epoca 5: train_loss=0.1126 val_loss=0.1329 val_BA=0.950 mejor_epoca=5
2026-09-26 17:17:13,334 INFO ICBHI/dn fold 3: config 7 (lr=0.0001, dropout=0.5) epoca 9: train_loss=0.0354 val_loss=0.1245 val_BA=0.950 mejor_epoca=9
2026-09-26 17:17:15,235 INFO ICBHI/dn fold 3: config 7 (lr=0.0001, dropout=0.5) epoca 10: train_loss=0.0272 val_loss=0.1790 val_BA=0.950 mejor_epoca=9
2026-09-26 17:17:28,511 INFO ICBHI/dn fold 3: config 7 (lr=0.0001, dropout=0.5) epoca 17: train_loss=0.0104 val_loss=0.1201 val_BA=0.950 mejor_epoca=17
2026-09-26 17:17:30,400 INFO ICBHI/dn fold 3: config 7 (lr=0.0001, dropout=0.5) epoca 18: train_loss=0.0102 val_loss=0.0877 val_BA=0.950 mejor_epoca=18
2026-09-26 17:17:34,164 INFO ICBHI/dn fold 3: config 7 (lr=0.0001, dropout=0.5) epoca 20: train_loss=0.0117 val_loss=0.4093 val_BA=0.950 mejor_epoca=18
2026-09-26 17:17:52,990 INFO ICBHI/dn fold 3: config 7 (lr=0.0001, dropout=0.5) epoca 30: train_loss=0.0058 val_loss=0.1274 val_BA=0.950 mejor_epoca=18
2026-09-26 17:17:58,671 INFO ICBHI/dn fold 3 config 7: OK val_BA=0.950 mejor_epoca=18 (1.0 min)
2026-09-26 17:18:00,820 INFO ICBHI/dn fold 3: config 8 (lr=0.0003, dropout=0.3) epoca 1: train_loss=0.5059 val_loss=0.2187 val_BA=0.750 mejor_epoca=1
2026-09-26 17:18:02,714 INFO ICBHI/dn fold 3: config 8 (lr=0.0003, dropout=0.3) epoca 2: train_loss=0.2307 val_loss=0.3912 val_BA=0.900 mejor_epoca=2
2026-09-26 17:18:04,610 INFO ICBHI/dn fold 3: config 8 (lr=0.0003, dropout=0.3) epoca 3: train_loss=0.1271 val_loss=0.2026 val_BA=0.950 mejor_epoca=3
2026-09-26 17:18:06,493 INFO ICBHI/dn fold 3: config 8 (lr=0.0003, dropout=0.3) epoca 4: train_loss=0.0902 val_loss=0.1346 val_BA=0.950 mejor_epoca=4
2026-09-26 17:18:10,266 INFO ICBHI/dn fold 3: config 8 (lr=0.0003, dropout=0.3) epoca 6: train_loss=0.0294 val_loss=0.1262 val_BA=0.950 mejor_epoca=6
2026-09-26 17:18:17,837 INFO ICBHI/dn fold 3: config 8 (lr=0.0003, dropout=0.3) epoca 10: train_loss=0.0106 val_loss=0.2569 val_BA=0.950 mejor_epoca=6
2026-09-26 17:18:19,721 INFO ICBHI/dn fold 3: config 8 (lr=0.0003, dropout=0.3) epoca 11: train_loss=0.0056 val_loss=0.0442 val_BA=1.000 mejor_epoca=11
2026-09-26 17:18:36,681 INFO ICBHI/dn fold 3: config 8 (lr=0.0003, dropout=0.3) epoca 20: train_loss=0.0093 val_loss=0.1837 val_BA=0.950 mejor_epoca=11
2026-09-26 17:18:48,033 INFO ICBHI/dn fold 3 config 8: OK val_BA=1.000 mejor_epoca=11 (0.8 min)
2026-09-26 17:18:50,263 INFO ICBHI/dn fold 3: config 9 (lr=0.0003, dropout=0.4) epoca 1: train_loss=0.4694 val_loss=0.2874 val_BA=0.950 mejor_epoca=1
2026-09-26 17:18:52,231 INFO ICBHI/dn fold 3: config 9 (lr=0.0003, dropout=0.4) epoca 2: train_loss=0.1900 val_loss=0.1890 val_BA=0.950 mejor_epoca=2
2026-09-26 17:19:06,064 INFO ICBHI/dn fold 3: config 9 (lr=0.0003, dropout=0.4) epoca 9: train_loss=0.0120 val_loss=0.1713 val_BA=0.950 mejor_epoca=9
2026-09-26 17:19:08,025 INFO ICBHI/dn fold 3: config 9 (lr=0.0003, dropout=0.4) epoca 10: train_loss=0.0082 val_loss=0.2664 val_BA=0.950 mejor_epoca=9
2026-09-26 17:19:11,955 INFO ICBHI/dn fold 3: config 9 (lr=0.0003, dropout=0.4) epoca 12: train_loss=0.0074 val_loss=0.0769 val_BA=0.950 mejor_epoca=12
2026-09-26 17:19:27,789 INFO ICBHI/dn fold 3: config 9 (lr=0.0003, dropout=0.4) epoca 20: train_loss=0.0008 val_loss=0.2228 val_BA=0.950 mejor_epoca=12
2026-09-26 17:19:41,587 INFO ICBHI/dn fold 3 config 9: OK val_BA=0.950 mejor_epoca=12 (0.9 min)
2026-09-26 17:19:44,092 INFO ICBHI/dn fold 3: config 10 (lr=0.0003, dropout=0.4) epoca 1: train_loss=0.6649 val_loss=0.2630 val_BA=0.625 mejor_epoca=1
2026-09-26 17:19:46,333 INFO ICBHI/dn fold 3: config 10 (lr=0.0003, dropout=0.4) epoca 2: train_loss=0.3727 val_loss=0.6779 val_BA=0.800 mejor_epoca=2
2026-09-26 17:19:50,860 INFO ICBHI/dn fold 3: config 10 (lr=0.0003, dropout=0.4) epoca 4: train_loss=0.0934 val_loss=0.1862 val_BA=0.950 mejor_epoca=4
2026-09-26 17:19:53,118 INFO ICBHI/dn fold 3: config 10 (lr=0.0003, dropout=0.4) epoca 5: train_loss=0.0755 val_loss=0.1749 val_BA=0.950 mejor_epoca=5
2026-09-26 17:19:57,644 INFO ICBHI/dn fold 3: config 10 (lr=0.0003, dropout=0.4) epoca 7: train_loss=0.0369 val_loss=0.1620 val_BA=0.950 mejor_epoca=7
2026-09-26 17:19:59,915 INFO ICBHI/dn fold 3: config 10 (lr=0.0003, dropout=0.4) epoca 8: train_loss=0.0235 val_loss=0.1139 val_BA=0.950 mejor_epoca=8
2026-09-26 17:20:04,497 INFO ICBHI/dn fold 3: config 10 (lr=0.0003, dropout=0.4) epoca 10: train_loss=0.0127 val_loss=0.2406 val_BA=0.950 mejor_epoca=8
2026-09-26 17:20:09,045 INFO ICBHI/dn fold 3: config 10 (lr=0.0003, dropout=0.4) epoca 12: train_loss=0.0038 val_loss=0.0462 val_BA=1.000 mejor_epoca=12
2026-09-26 17:20:27,141 INFO ICBHI/dn fold 3: config 10 (lr=0.0003, dropout=0.4) epoca 20: train_loss=0.0006 val_loss=0.1300 val_BA=0.950 mejor_epoca=12
2026-09-26 17:20:42,963 INFO ICBHI/dn fold 3 config 10: OK val_BA=1.000 mejor_epoca=12 (1.0 min)
2026-09-26 17:20:45,125 INFO ICBHI/dn fold 3: config 11 (lr=0.0003, dropout=0.5) epoca 1: train_loss=0.5256 val_loss=1.0383 val_BA=0.675 mejor_epoca=1
2026-09-26 17:20:47,020 INFO ICBHI/dn fold 3: config 11 (lr=0.0003, dropout=0.5) epoca 2: train_loss=0.3203 val_loss=0.4196 val_BA=0.950 mejor_epoca=2
2026-09-26 17:20:50,821 INFO ICBHI/dn fold 3: config 11 (lr=0.0003, dropout=0.5) epoca 4: train_loss=0.1225 val_loss=0.3094 val_BA=0.950 mejor_epoca=4
2026-09-26 17:20:56,521 INFO ICBHI/dn fold 3: config 11 (lr=0.0003, dropout=0.5) epoca 7: train_loss=0.0290 val_loss=0.1067 val_BA=0.950 mejor_epoca=7
2026-09-26 17:21:02,217 INFO ICBHI/dn fold 3: config 11 (lr=0.0003, dropout=0.5) epoca 10: train_loss=0.0094 val_loss=0.1419 val_BA=0.950 mejor_epoca=7
2026-09-26 17:21:19,287 INFO ICBHI/dn fold 3: config 11 (lr=0.0003, dropout=0.5) epoca 19: train_loss=0.0025 val_loss=0.0471 val_BA=1.000 mejor_epoca=19
2026-09-26 17:21:21,181 INFO ICBHI/dn fold 3: config 11 (lr=0.0003, dropout=0.5) epoca 20: train_loss=0.0022 val_loss=0.0571 val_BA=1.000 mejor_epoca=19
2026-09-26 17:21:28,787 INFO ICBHI/dn fold 3: config 11 (lr=0.0003, dropout=0.5) epoca 24: train_loss=0.0029 val_loss=0.0417 val_BA=1.000 mejor_epoca=24
2026-09-26 17:21:40,178 INFO ICBHI/dn fold 3: config 11 (lr=0.0003, dropout=0.5) epoca 30: train_loss=0.0039 val_loss=0.1716 val_BA=0.950 mejor_epoca=24
2026-09-26 17:21:55,376 INFO ICBHI/dn fold 3: config 11 (lr=0.0003, dropout=0.5) epoca 38: train_loss=0.0013 val_loss=0.0351 val_BA=1.000 mejor_epoca=38
2026-09-26 17:21:57,266 INFO ICBHI/dn fold 3: config 11 (lr=0.0003, dropout=0.5) epoca 39: train_loss=0.0014 val_loss=0.0313 val_BA=1.000 mejor_epoca=39
2026-09-26 17:21:59,162 INFO ICBHI/dn fold 3: config 11 (lr=0.0003, dropout=0.5) epoca 40: train_loss=0.0023 val_loss=0.0876 val_BA=0.825 mejor_epoca=39
2026-09-26 17:22:08,624 INFO ICBHI/dn fold 3: config 11 (lr=0.0003, dropout=0.5) epoca 45: train_loss=0.0004 val_loss=0.0272 val_BA=1.000 mejor_epoca=45
2026-09-26 17:22:18,080 INFO ICBHI/dn fold 3: config 11 (lr=0.0003, dropout=0.5) epoca 50: train_loss=0.0052 val_loss=0.1223 val_BA=0.950 mejor_epoca=45
2026-09-26 17:22:37,000 INFO ICBHI/dn fold 3: config 11 (lr=0.0003, dropout=0.5) epoca 60: train_loss=0.0002 val_loss=0.0996 val_BA=0.950 mejor_epoca=45
2026-09-26 17:22:37,021 INFO ICBHI/dn fold 3 config 11: OK val_BA=1.000 mejor_epoca=45 (1.9 min)
2026-09-26 17:22:39,265 INFO ICBHI/dn fold 3: config 12 (lr=0.0003, dropout=0.5) epoca 1: train_loss=0.5848 val_loss=0.1294 val_BA=0.500 mejor_epoca=1
2026-09-26 17:22:41,246 INFO ICBHI/dn fold 3: config 12 (lr=0.0003, dropout=0.5) epoca 2: train_loss=0.2985 val_loss=0.5659 val_BA=0.850 mejor_epoca=2
2026-09-26 17:22:43,235 INFO ICBHI/dn fold 3: config 12 (lr=0.0003, dropout=0.5) epoca 3: train_loss=0.1582 val_loss=0.4514 val_BA=0.950 mejor_epoca=3
2026-09-26 17:22:47,224 INFO ICBHI/dn fold 3: config 12 (lr=0.0003, dropout=0.5) epoca 5: train_loss=0.0728 val_loss=0.3855 val_BA=0.950 mejor_epoca=5
2026-09-26 17:22:49,218 INFO ICBHI/dn fold 3: config 12 (lr=0.0003, dropout=0.5) epoca 6: train_loss=0.0478 val_loss=0.2430 val_BA=0.950 mejor_epoca=6
2026-09-26 17:22:51,213 INFO ICBHI/dn fold 3: config 12 (lr=0.0003, dropout=0.5) epoca 7: train_loss=0.0344 val_loss=0.1297 val_BA=0.950 mejor_epoca=7
2026-09-26 17:22:57,276 INFO ICBHI/dn fold 3: config 12 (lr=0.0003, dropout=0.5) epoca 10: train_loss=0.0156 val_loss=0.1726 val_BA=0.950 mejor_epoca=7
2026-09-26 17:23:09,304 INFO ICBHI/dn fold 3: config 12 (lr=0.0003, dropout=0.5) epoca 16: train_loss=0.0025 val_loss=0.1017 val_BA=0.950 mejor_epoca=16
2026-09-26 17:23:17,346 INFO ICBHI/dn fold 3: config 12 (lr=0.0003, dropout=0.5) epoca 20: train_loss=0.0065 val_loss=0.2257 val_BA=0.950 mejor_epoca=16
2026-09-26 17:23:37,203 INFO ICBHI/dn fold 3: config 12 (lr=0.0003, dropout=0.5) epoca 30: train_loss=0.0033 val_loss=0.2827 val_BA=0.950 mejor_epoca=16
2026-09-26 17:23:39,189 INFO ICBHI/dn fold 3 config 12: OK val_BA=0.950 mejor_epoca=16 (1.0 min)
2026-09-26 17:23:41,693 INFO ICBHI/dn fold 3: config 13 (lr=0.001, dropout=0.2) epoca 1: train_loss=0.8820 val_loss=0.2830 val_BA=0.500 mejor_epoca=1
2026-09-26 17:23:43,922 INFO ICBHI/dn fold 3: config 13 (lr=0.001, dropout=0.2) epoca 2: train_loss=0.8267 val_loss=0.2335 val_BA=0.500 mejor_epoca=2
2026-09-26 17:23:48,382 INFO ICBHI/dn fold 3: config 13 (lr=0.001, dropout=0.2) epoca 4: train_loss=0.3830 val_loss=0.1397 val_BA=0.625 mejor_epoca=4
2026-09-26 17:23:50,610 INFO ICBHI/dn fold 3: config 13 (lr=0.001, dropout=0.2) epoca 5: train_loss=0.2937 val_loss=1.2313 val_BA=0.800 mejor_epoca=5
2026-09-26 17:23:52,839 INFO ICBHI/dn fold 3: config 13 (lr=0.001, dropout=0.2) epoca 6: train_loss=0.1645 val_loss=0.1150 val_BA=0.950 mejor_epoca=6
2026-09-26 17:24:01,750 INFO ICBHI/dn fold 3: config 13 (lr=0.001, dropout=0.2) epoca 10: train_loss=0.0395 val_loss=0.4252 val_BA=0.950 mejor_epoca=6
2026-09-26 17:24:03,979 INFO ICBHI/dn fold 3: config 13 (lr=0.001, dropout=0.2) epoca 11: train_loss=0.0431 val_loss=0.0886 val_BA=0.950 mejor_epoca=11
2026-09-26 17:24:23,981 INFO ICBHI/dn fold 3: config 13 (lr=0.001, dropout=0.2) epoca 20: train_loss=0.0061 val_loss=0.0631 val_BA=1.000 mejor_epoca=20
2026-09-26 17:24:26,215 INFO ICBHI/dn fold 3: config 13 (lr=0.001, dropout=0.2) epoca 21: train_loss=0.0160 val_loss=0.0157 val_BA=1.000 mejor_epoca=21
2026-09-26 17:24:35,119 INFO ICBHI/dn fold 3: config 13 (lr=0.001, dropout=0.2) epoca 25: train_loss=0.0421 val_loss=0.0052 val_BA=1.000 mejor_epoca=25
2026-09-26 17:24:46,353 INFO ICBHI/dn fold 3: config 13 (lr=0.001, dropout=0.2) epoca 30: train_loss=0.0032 val_loss=0.1604 val_BA=0.950 mejor_epoca=25
2026-09-26 17:25:08,614 INFO ICBHI/dn fold 3: config 13 (lr=0.001, dropout=0.2) epoca 40: train_loss=0.0194 val_loss=0.2067 val_BA=0.950 mejor_epoca=25
2026-09-26 17:25:08,634 INFO ICBHI/dn fold 3 config 13: OK val_BA=1.000 mejor_epoca=25 (1.5 min)
2026-09-26 17:25:10,793 INFO ICBHI/dn fold 3: config 14 (lr=0.001, dropout=0.3) epoca 1: train_loss=0.5628 val_loss=0.5473 val_BA=0.750 mejor_epoca=1
2026-09-26 17:25:12,679 INFO ICBHI/dn fold 3: config 14 (lr=0.001, dropout=0.3) epoca 2: train_loss=0.3512 val_loss=0.3379 val_BA=0.850 mejor_epoca=2
2026-09-26 17:25:18,345 INFO ICBHI/dn fold 3: config 14 (lr=0.001, dropout=0.3) epoca 5: train_loss=0.1176 val_loss=0.0945 val_BA=0.950 mejor_epoca=5
2026-09-26 17:25:27,803 INFO ICBHI/dn fold 3: config 14 (lr=0.001, dropout=0.3) epoca 10: train_loss=0.0285 val_loss=0.2607 val_BA=0.950 mejor_epoca=5
2026-09-26 17:25:46,632 INFO ICBHI/dn fold 3: config 14 (lr=0.001, dropout=0.3) epoca 20: train_loss=0.0050 val_loss=0.1271 val_BA=0.950 mejor_epoca=5
2026-09-26 17:25:46,653 INFO ICBHI/dn fold 3 config 14: OK val_BA=0.950 mejor_epoca=5 (0.6 min)
2026-09-26 17:25:48,874 INFO ICBHI/dn fold 3: config 15 (lr=0.001, dropout=0.3) epoca 1: train_loss=0.6001 val_loss=0.2887 val_BA=0.750 mejor_epoca=1
2026-09-26 17:25:52,810 INFO ICBHI/dn fold 3: config 15 (lr=0.001, dropout=0.3) epoca 3: train_loss=0.1804 val_loss=0.4561 val_BA=0.900 mejor_epoca=3
2026-09-26 17:25:54,769 INFO ICBHI/dn fold 3: config 15 (lr=0.001, dropout=0.3) epoca 4: train_loss=0.1508 val_loss=0.0601 val_BA=1.000 mejor_epoca=4
2026-09-26 17:26:02,626 INFO ICBHI/dn fold 3: config 15 (lr=0.001, dropout=0.3) epoca 8: train_loss=0.0415 val_loss=0.0550 val_BA=1.000 mejor_epoca=8
2026-09-26 17:26:06,598 INFO ICBHI/dn fold 3: config 15 (lr=0.001, dropout=0.3) epoca 10: train_loss=0.0176 val_loss=0.2490 val_BA=0.950 mejor_epoca=8
2026-09-26 17:26:26,335 INFO ICBHI/dn fold 3: config 15 (lr=0.001, dropout=0.3) epoca 20: train_loss=0.0045 val_loss=0.2286 val_BA=0.950 mejor_epoca=8
2026-09-26 17:26:32,246 INFO ICBHI/dn fold 3 config 15: OK val_BA=1.000 mejor_epoca=8 (0.8 min)
2026-09-26 17:26:34,739 INFO ICBHI/dn fold 3: config 16 (lr=0.001, dropout=0.4) epoca 1: train_loss=0.9586 val_loss=0.4410 val_BA=0.625 mejor_epoca=1
2026-09-26 17:26:36,966 INFO ICBHI/dn fold 3: config 16 (lr=0.001, dropout=0.4) epoca 2: train_loss=0.7274 val_loss=0.2103 val_BA=0.650 mejor_epoca=2
2026-09-26 17:26:39,198 INFO ICBHI/dn fold 3: config 16 (lr=0.001, dropout=0.4) epoca 3: train_loss=0.5064 val_loss=0.2074 val_BA=0.950 mejor_epoca=3
2026-09-26 17:26:52,691 INFO ICBHI/dn fold 3: config 16 (lr=0.001, dropout=0.4) epoca 9: train_loss=0.1870 val_loss=0.0668 val_BA=1.000 mejor_epoca=9
2026-09-26 17:26:54,925 INFO ICBHI/dn fold 3: config 16 (lr=0.001, dropout=0.4) epoca 10: train_loss=0.1260 val_loss=0.0485 val_BA=1.000 mejor_epoca=10
2026-09-26 17:27:10,679 INFO ICBHI/dn fold 3: config 16 (lr=0.001, dropout=0.4) epoca 17: train_loss=0.0178 val_loss=0.0435 val_BA=1.000 mejor_epoca=17
2026-09-26 17:27:12,935 INFO ICBHI/dn fold 3: config 16 (lr=0.001, dropout=0.4) epoca 18: train_loss=0.0196 val_loss=0.0151 val_BA=1.000 mejor_epoca=18
2026-09-26 17:27:17,426 INFO ICBHI/dn fold 3: config 16 (lr=0.001, dropout=0.4) epoca 20: train_loss=0.0620 val_loss=0.0242 val_BA=1.000 mejor_epoca=18
2026-09-26 17:27:39,625 INFO ICBHI/dn fold 3: config 16 (lr=0.001, dropout=0.4) epoca 30: train_loss=0.0463 val_loss=0.1969 val_BA=0.950 mejor_epoca=18
2026-09-26 17:27:46,320 INFO ICBHI/dn fold 3 config 16: OK val_BA=1.000 mejor_epoca=18 (1.2 min)
2026-09-26 17:27:48,541 INFO ICBHI/dn fold 3: config 17 (lr=0.001, dropout=0.5) epoca 1: train_loss=0.6187 val_loss=0.2757 val_BA=0.625 mejor_epoca=1
2026-09-26 17:27:50,508 INFO ICBHI/dn fold 3: config 17 (lr=0.001, dropout=0.5) epoca 2: train_loss=0.3538 val_loss=0.2056 val_BA=0.900 mejor_epoca=2
2026-09-26 17:27:54,444 INFO ICBHI/dn fold 3: config 17 (lr=0.001, dropout=0.5) epoca 4: train_loss=0.1753 val_loss=0.2649 val_BA=0.950 mejor_epoca=4
2026-09-26 17:28:06,297 INFO ICBHI/dn fold 3: config 17 (lr=0.001, dropout=0.5) epoca 10: train_loss=0.0659 val_loss=0.2138 val_BA=0.950 mejor_epoca=10
2026-09-26 17:28:12,175 INFO ICBHI/dn fold 3: config 17 (lr=0.001, dropout=0.5) epoca 13: train_loss=0.0210 val_loss=0.1265 val_BA=0.950 mejor_epoca=13
2026-09-26 17:28:16,094 INFO ICBHI/dn fold 3: config 17 (lr=0.001, dropout=0.5) epoca 15: train_loss=0.0275 val_loss=0.0657 val_BA=1.000 mejor_epoca=15
2026-09-26 17:28:20,023 INFO ICBHI/dn fold 3: config 17 (lr=0.001, dropout=0.5) epoca 17: train_loss=0.0094 val_loss=0.0448 val_BA=1.000 mejor_epoca=17
2026-09-26 17:28:25,912 INFO ICBHI/dn fold 3: config 17 (lr=0.001, dropout=0.5) epoca 20: train_loss=0.0106 val_loss=0.7796 val_BA=0.900 mejor_epoca=17
2026-09-26 17:28:45,558 INFO ICBHI/dn fold 3: config 17 (lr=0.001, dropout=0.5) epoca 30: train_loss=0.0014 val_loss=0.2214 val_BA=0.950 mejor_epoca=17
2026-09-26 17:28:49,529 INFO ICBHI/dn fold 3 config 17: OK val_BA=1.000 mejor_epoca=17 (1.1 min)
2026-09-26 17:28:51,687 INFO ICBHI/dn fold 3: config 18 (lr=0.001, dropout=0.5) epoca 1: train_loss=0.5780 val_loss=0.3017 val_BA=0.625 mejor_epoca=1
2026-09-26 17:28:53,581 INFO ICBHI/dn fold 3: config 18 (lr=0.001, dropout=0.5) epoca 2: train_loss=0.3341 val_loss=0.8746 val_BA=0.750 mejor_epoca=2
2026-09-26 17:28:55,473 INFO ICBHI/dn fold 3: config 18 (lr=0.001, dropout=0.5) epoca 3: train_loss=0.2257 val_loss=0.2768 val_BA=0.850 mejor_epoca=3
2026-09-26 17:28:57,368 INFO ICBHI/dn fold 3: config 18 (lr=0.001, dropout=0.5) epoca 4: train_loss=0.1588 val_loss=0.5573 val_BA=0.900 mejor_epoca=4
2026-09-26 17:29:01,145 INFO ICBHI/dn fold 3: config 18 (lr=0.001, dropout=0.5) epoca 6: train_loss=0.0968 val_loss=0.2302 val_BA=0.950 mejor_epoca=6
2026-09-26 17:29:08,702 INFO ICBHI/dn fold 3: config 18 (lr=0.001, dropout=0.5) epoca 10: train_loss=0.0352 val_loss=0.1350 val_BA=0.950 mejor_epoca=10
2026-09-26 17:29:27,557 INFO ICBHI/dn fold 3: config 18 (lr=0.001, dropout=0.5) epoca 20: train_loss=0.0064 val_loss=0.2089 val_BA=0.950 mejor_epoca=10
2026-09-26 17:29:36,999 INFO ICBHI/dn fold 3 config 18: OK val_BA=0.950 mejor_epoca=10 (0.8 min)
2026-09-26 17:29:39,146 INFO ICBHI/dn fold 3: config 19 (lr=0.001, dropout=0.5) epoca 1: train_loss=0.7085 val_loss=1.0901 val_BA=0.550 mejor_epoca=1
2026-09-26 17:29:41,033 INFO ICBHI/dn fold 3: config 19 (lr=0.001, dropout=0.5) epoca 2: train_loss=0.4203 val_loss=0.2478 val_BA=0.725 mejor_epoca=2
2026-09-26 17:29:44,802 INFO ICBHI/dn fold 3: config 19 (lr=0.001, dropout=0.5) epoca 4: train_loss=0.1456 val_loss=0.5828 val_BA=0.950 mejor_epoca=4
2026-09-26 17:29:52,342 INFO ICBHI/dn fold 3: config 19 (lr=0.001, dropout=0.5) epoca 8: train_loss=0.0334 val_loss=0.1205 val_BA=0.950 mejor_epoca=8
2026-09-26 17:29:54,231 INFO ICBHI/dn fold 3: config 19 (lr=0.001, dropout=0.5) epoca 9: train_loss=0.0330 val_loss=0.1131 val_BA=0.950 mejor_epoca=9
2026-09-26 17:29:56,115 INFO ICBHI/dn fold 3: config 19 (lr=0.001, dropout=0.5) epoca 10: train_loss=0.0267 val_loss=0.2544 val_BA=0.950 mejor_epoca=9
2026-09-26 17:29:57,999 INFO ICBHI/dn fold 3: config 19 (lr=0.001, dropout=0.5) epoca 11: train_loss=0.0204 val_loss=0.1120 val_BA=0.950 mejor_epoca=11
2026-09-26 17:30:14,966 INFO ICBHI/dn fold 3: config 19 (lr=0.001, dropout=0.5) epoca 20: train_loss=0.0016 val_loss=0.1597 val_BA=0.950 mejor_epoca=11
2026-09-26 17:30:16,849 INFO ICBHI/dn fold 3: config 19 (lr=0.001, dropout=0.5) epoca 21: train_loss=0.0012 val_loss=0.0987 val_BA=0.950 mejor_epoca=21
2026-09-26 17:30:33,811 INFO ICBHI/dn fold 3: config 19 (lr=0.001, dropout=0.5) epoca 30: train_loss=0.0025 val_loss=0.2115 val_BA=0.950 mejor_epoca=21
2026-09-26 17:30:37,594 INFO ICBHI/dn fold 3: config 19 (lr=0.001, dropout=0.5) epoca 32: train_loss=0.0265 val_loss=0.0956 val_BA=0.950 mejor_epoca=32
2026-09-26 17:30:39,479 INFO ICBHI/dn fold 3: config 19 (lr=0.001, dropout=0.5) epoca 33: train_loss=0.0044 val_loss=0.0886 val_BA=1.000 mejor_epoca=33
2026-09-26 17:30:52,669 INFO ICBHI/dn fold 3: config 19 (lr=0.001, dropout=0.5) epoca 40: train_loss=0.0007 val_loss=0.2176 val_BA=0.950 mejor_epoca=33
2026-09-26 17:31:07,725 INFO ICBHI/dn fold 3 config 19: OK val_BA=1.000 mejor_epoca=33 (1.5 min)
2026-09-26 17:31:08,541 INFO log-mel ICBHI/cv/fold_04/dn: 500/4715
2026-09-26 17:31:09,129 INFO log-mel ICBHI/cv/fold_04/dn: 1000/4715
2026-09-26 17:31:09,716 INFO log-mel ICBHI/cv/fold_04/dn: 1500/4715
2026-09-26 17:31:10,303 INFO log-mel ICBHI/cv/fold_04/dn: 2000/4715
2026-09-26 17:31:10,891 INFO log-mel ICBHI/cv/fold_04/dn: 2500/4715
2026-09-26 17:31:11,479 INFO log-mel ICBHI/cv/fold_04/dn: 3000/4715
2026-09-26 17:31:12,065 INFO log-mel ICBHI/cv/fold_04/dn: 3500/4715
2026-09-26 17:31:12,739 INFO log-mel ICBHI/cv/fold_04/dn: 4000/4715
2026-09-26 17:31:13,328 INFO log-mel ICBHI/cv/fold_04/dn: 4500/4715
2026-09-26 17:31:13,591 INFO log-mel ICBHI/cv/fold_04/dn: 4715/4715
2026-09-26 17:31:14,273 INFO ICBHI/dn fold 4: log-mel dn listo en 6.5 s, forma (4715, 1, 64, 309)
2026-09-26 17:31:14,287 INFO ICBHI/dn fold 4: 58/14 pacientes train/validation, 20 de 20 configuracion(es) por evaluar
2026-09-26 17:31:16,518 INFO ICBHI/dn fold 4: config 0 (lr=0.0001, dropout=0.3) epoca 1: train_loss=0.5134 val_loss=0.5407 val_BA=0.750 mejor_epoca=1
2026-09-26 17:31:18,520 INFO ICBHI/dn fold 4: config 0 (lr=0.0001, dropout=0.3) epoca 2: train_loss=0.2346 val_loss=0.6536 val_BA=0.950 mejor_epoca=2
2026-09-26 17:31:20,515 INFO ICBHI/dn fold 4: config 0 (lr=0.0001, dropout=0.3) epoca 3: train_loss=0.1361 val_loss=0.2972 val_BA=1.000 mejor_epoca=3
2026-09-26 17:31:22,537 INFO ICBHI/dn fold 4: config 0 (lr=0.0001, dropout=0.3) epoca 4: train_loss=0.0856 val_loss=0.1541 val_BA=1.000 mejor_epoca=4
2026-09-26 17:31:28,559 INFO ICBHI/dn fold 4: config 0 (lr=0.0001, dropout=0.3) epoca 7: train_loss=0.0381 val_loss=0.0299 val_BA=1.000 mejor_epoca=7
2026-09-26 17:31:34,528 INFO ICBHI/dn fold 4: config 0 (lr=0.0001, dropout=0.3) epoca 10: train_loss=0.0168 val_loss=0.0623 val_BA=1.000 mejor_epoca=7
2026-09-26 17:31:38,520 INFO ICBHI/dn fold 4: config 0 (lr=0.0001, dropout=0.3) epoca 12: train_loss=0.0103 val_loss=0.0278 val_BA=1.000 mejor_epoca=12
2026-09-26 17:31:54,311 INFO ICBHI/dn fold 4: config 0 (lr=0.0001, dropout=0.3) epoca 20: train_loss=0.0026 val_loss=0.0372 val_BA=1.000 mejor_epoca=12
2026-09-26 17:31:58,305 INFO ICBHI/dn fold 4: config 0 (lr=0.0001, dropout=0.3) epoca 22: train_loss=0.0053 val_loss=0.0093 val_BA=1.000 mejor_epoca=22
2026-09-26 17:32:14,124 INFO ICBHI/dn fold 4: config 0 (lr=0.0001, dropout=0.3) epoca 30: train_loss=0.0020 val_loss=0.0229 val_BA=1.000 mejor_epoca=22
2026-09-26 17:32:28,020 INFO ICBHI/dn fold 4 config 0: OK val_BA=1.000 mejor_epoca=22 (1.2 min)
2026-09-26 17:32:29,933 INFO ICBHI/dn fold 4: config 1 (lr=0.0001, dropout=0.3) epoca 1: train_loss=0.5397 val_loss=0.9462 val_BA=0.625 mejor_epoca=1
2026-09-26 17:32:31,629 INFO ICBHI/dn fold 4: config 1 (lr=0.0001, dropout=0.3) epoca 2: train_loss=0.3187 val_loss=0.5264 val_BA=0.825 mejor_epoca=2
2026-09-26 17:32:35,023 INFO ICBHI/dn fold 4: config 1 (lr=0.0001, dropout=0.3) epoca 4: train_loss=0.1489 val_loss=0.1694 val_BA=0.875 mejor_epoca=4
2026-09-26 17:32:36,723 INFO ICBHI/dn fold 4: config 1 (lr=0.0001, dropout=0.3) epoca 5: train_loss=0.1108 val_loss=0.6899 val_BA=0.900 mejor_epoca=5
2026-09-26 17:32:38,428 INFO ICBHI/dn fold 4: config 1 (lr=0.0001, dropout=0.3) epoca 6: train_loss=0.0817 val_loss=0.2534 val_BA=1.000 mejor_epoca=6
2026-09-26 17:32:41,814 INFO ICBHI/dn fold 4: config 1 (lr=0.0001, dropout=0.3) epoca 8: train_loss=0.0441 val_loss=0.1311 val_BA=1.000 mejor_epoca=8
2026-09-26 17:32:45,201 INFO ICBHI/dn fold 4: config 1 (lr=0.0001, dropout=0.3) epoca 10: train_loss=0.0302 val_loss=0.1142 val_BA=1.000 mejor_epoca=10
2026-09-26 17:32:48,589 INFO ICBHI/dn fold 4: config 1 (lr=0.0001, dropout=0.3) epoca 12: train_loss=0.0204 val_loss=0.1097 val_BA=1.000 mejor_epoca=12
2026-09-26 17:32:51,987 INFO ICBHI/dn fold 4: config 1 (lr=0.0001, dropout=0.3) epoca 14: train_loss=0.0135 val_loss=0.1027 val_BA=1.000 mejor_epoca=14
2026-09-26 17:32:57,087 INFO ICBHI/dn fold 4: config 1 (lr=0.0001, dropout=0.3) epoca 17: train_loss=0.0096 val_loss=0.0804 val_BA=1.000 mejor_epoca=17
2026-09-26 17:33:02,209 INFO ICBHI/dn fold 4: config 1 (lr=0.0001, dropout=0.3) epoca 20: train_loss=0.0087 val_loss=0.1761 val_BA=1.000 mejor_epoca=17
2026-09-26 17:33:03,914 INFO ICBHI/dn fold 4: config 1 (lr=0.0001, dropout=0.3) epoca 21: train_loss=0.0071 val_loss=0.0392 val_BA=1.000 mejor_epoca=21
2026-09-26 17:33:05,611 INFO ICBHI/dn fold 4: config 1 (lr=0.0001, dropout=0.3) epoca 22: train_loss=0.0079 val_loss=0.0348 val_BA=1.000 mejor_epoca=22
2026-09-26 17:33:19,192 INFO ICBHI/dn fold 4: config 1 (lr=0.0001, dropout=0.3) epoca 30: train_loss=0.0048 val_loss=0.0660 val_BA=1.000 mejor_epoca=22
2026-09-26 17:33:31,110 INFO ICBHI/dn fold 4 config 1: OK val_BA=1.000 mejor_epoca=22 (1.1 min)
2026-09-26 17:33:33,094 INFO ICBHI/dn fold 4: config 2 (lr=0.0001, dropout=0.4) epoca 1: train_loss=0.5742 val_loss=1.4611 val_BA=0.600 mejor_epoca=1
2026-09-26 17:33:34,843 INFO ICBHI/dn fold 4: config 2 (lr=0.0001, dropout=0.4) epoca 2: train_loss=0.3383 val_loss=1.0518 val_BA=0.700 mejor_epoca=2
2026-09-26 17:33:36,594 INFO ICBHI/dn fold 4: config 2 (lr=0.0001, dropout=0.4) epoca 3: train_loss=0.1930 val_loss=0.1710 val_BA=0.875 mejor_epoca=3
2026-09-26 17:33:38,338 INFO ICBHI/dn fold 4: config 2 (lr=0.0001, dropout=0.4) epoca 4: train_loss=0.1148 val_loss=0.1446 val_BA=0.875 mejor_epoca=4
2026-09-26 17:33:41,857 INFO ICBHI/dn fold 4: config 2 (lr=0.0001, dropout=0.4) epoca 6: train_loss=0.0543 val_loss=0.1065 val_BA=0.875 mejor_epoca=6
2026-09-26 17:33:43,618 INFO ICBHI/dn fold 4: config 2 (lr=0.0001, dropout=0.4) epoca 7: train_loss=0.0394 val_loss=0.1161 val_BA=1.000 mejor_epoca=7
2026-09-26 17:33:47,132 INFO ICBHI/dn fold 4: config 2 (lr=0.0001, dropout=0.4) epoca 9: train_loss=0.0275 val_loss=0.0934 val_BA=1.000 mejor_epoca=9
2026-09-26 17:33:48,889 INFO ICBHI/dn fold 4: config 2 (lr=0.0001, dropout=0.4) epoca 10: train_loss=0.0188 val_loss=0.0912 val_BA=1.000 mejor_epoca=10
2026-09-26 17:33:59,451 INFO ICBHI/dn fold 4: config 2 (lr=0.0001, dropout=0.4) epoca 16: train_loss=0.0077 val_loss=0.0696 val_BA=1.000 mejor_epoca=16
2026-09-26 17:34:04,703 INFO ICBHI/dn fold 4: config 2 (lr=0.0001, dropout=0.4) epoca 19: train_loss=0.0064 val_loss=0.0277 val_BA=1.000 mejor_epoca=19
2026-09-26 17:34:06,472 INFO ICBHI/dn fold 4: config 2 (lr=0.0001, dropout=0.4) epoca 20: train_loss=0.0071 val_loss=0.0601 val_BA=1.000 mejor_epoca=19
2026-09-26 17:34:20,531 INFO ICBHI/dn fold 4: config 2 (lr=0.0001, dropout=0.4) epoca 28: train_loss=0.0039 val_loss=0.0230 val_BA=1.000 mejor_epoca=28
2026-09-26 17:34:24,028 INFO ICBHI/dn fold 4: config 2 (lr=0.0001, dropout=0.4) epoca 30: train_loss=0.0026 val_loss=0.0279 val_BA=1.000 mejor_epoca=28
2026-09-26 17:34:36,271 INFO ICBHI/dn fold 4: config 2 (lr=0.0001, dropout=0.4) epoca 37: train_loss=0.0011 val_loss=0.0158 val_BA=1.000 mejor_epoca=37
2026-09-26 17:34:41,524 INFO ICBHI/dn fold 4: config 2 (lr=0.0001, dropout=0.4) epoca 40: train_loss=0.0018 val_loss=0.0342 val_BA=0.875 mejor_epoca=37
2026-09-26 17:34:53,799 INFO ICBHI/dn fold 4: config 2 (lr=0.0001, dropout=0.4) epoca 47: train_loss=0.0007 val_loss=0.0150 val_BA=1.000 mejor_epoca=47
2026-09-26 17:34:59,054 INFO ICBHI/dn fold 4: config 2 (lr=0.0001, dropout=0.4) epoca 50: train_loss=0.0005 val_loss=0.0162 val_BA=1.000 mejor_epoca=47
2026-09-26 17:35:02,566 INFO ICBHI/dn fold 4: config 2 (lr=0.0001, dropout=0.4) epoca 52: train_loss=0.0004 val_loss=0.0127 val_BA=1.000 mejor_epoca=52
2026-09-26 17:35:09,592 INFO ICBHI/dn fold 4: config 2 (lr=0.0001, dropout=0.4) epoca 56: train_loss=0.0005 val_loss=0.0118 val_BA=1.000 mejor_epoca=56
2026-09-26 17:35:16,651 INFO ICBHI/dn fold 4: config 2 (lr=0.0001, dropout=0.4) epoca 60: train_loss=0.0005 val_loss=0.0177 val_BA=1.000 mejor_epoca=56
2026-09-26 17:35:34,266 INFO ICBHI/dn fold 4: config 2 (lr=0.0001, dropout=0.4) epoca 70: train_loss=0.0002 val_loss=0.0120 val_BA=1.000 mejor_epoca=56
2026-09-26 17:35:36,053 INFO ICBHI/dn fold 4 config 2: OK val_BA=1.000 mejor_epoca=56 (2.1 min)
2026-09-26 17:35:38,268 INFO ICBHI/dn fold 4: config 3 (lr=0.0001, dropout=0.4) epoca 1: train_loss=0.6358 val_loss=0.4287 val_BA=0.750 mejor_epoca=1
2026-09-26 17:35:40,258 INFO ICBHI/dn fold 4: config 3 (lr=0.0001, dropout=0.4) epoca 2: train_loss=0.4044 val_loss=0.2181 val_BA=0.750 mejor_epoca=2
2026-09-26 17:35:44,280 INFO ICBHI/dn fold 4: config 3 (lr=0.0001, dropout=0.4) epoca 4: train_loss=0.1490 val_loss=0.2936 val_BA=1.000 mejor_epoca=4
2026-09-26 17:35:52,245 INFO ICBHI/dn fold 4: config 3 (lr=0.0001, dropout=0.4) epoca 8: train_loss=0.0406 val_loss=0.0829 val_BA=1.000 mejor_epoca=8
2026-09-26 17:35:56,224 INFO ICBHI/dn fold 4: config 3 (lr=0.0001, dropout=0.4) epoca 10: train_loss=0.0176 val_loss=0.0610 val_BA=0.875 mejor_epoca=8
2026-09-26 17:36:16,142 INFO ICBHI/dn fold 4: config 3 (lr=0.0001, dropout=0.4) epoca 20: train_loss=0.0064 val_loss=0.0371 val_BA=0.875 mejor_epoca=8
2026-09-26 17:36:18,135 INFO ICBHI/dn fold 4: config 3 (lr=0.0001, dropout=0.4) epoca 21: train_loss=0.0094 val_loss=0.0331 val_BA=1.000 mejor_epoca=21
2026-09-26 17:36:22,128 INFO ICBHI/dn fold 4: config 3 (lr=0.0001, dropout=0.4) epoca 23: train_loss=0.0034 val_loss=0.0305 val_BA=1.000 mejor_epoca=23
2026-09-26 17:36:24,113 INFO ICBHI/dn fold 4: config 3 (lr=0.0001, dropout=0.4) epoca 24: train_loss=0.0014 val_loss=0.0165 val_BA=1.000 mejor_epoca=24
2026-09-26 17:36:32,068 INFO ICBHI/dn fold 4: config 3 (lr=0.0001, dropout=0.4) epoca 28: train_loss=0.0011 val_loss=0.0085 val_BA=1.000 mejor_epoca=28
2026-09-26 17:36:36,049 INFO ICBHI/dn fold 4: config 3 (lr=0.0001, dropout=0.4) epoca 30: train_loss=0.0019 val_loss=0.0266 val_BA=1.000 mejor_epoca=28
2026-09-26 17:36:55,934 INFO ICBHI/dn fold 4: config 3 (lr=0.0001, dropout=0.4) epoca 40: train_loss=0.0031 val_loss=0.0322 val_BA=1.000 mejor_epoca=28
2026-09-26 17:37:01,934 INFO ICBHI/dn fold 4 config 3: OK val_BA=1.000 mejor_epoca=28 (1.4 min)
2026-09-26 17:37:03,920 INFO ICBHI/dn fold 4: config 4 (lr=0.0001, dropout=0.4) epoca 1: train_loss=0.5412 val_loss=0.7054 val_BA=0.550 mejor_epoca=1
2026-09-26 17:37:05,678 INFO ICBHI/dn fold 4: config 4 (lr=0.0001, dropout=0.4) epoca 2: train_loss=0.2580 val_loss=0.2743 val_BA=0.875 mejor_epoca=2
2026-09-26 17:37:07,446 INFO ICBHI/dn fold 4: config 4 (lr=0.0001, dropout=0.4) epoca 3: train_loss=0.1482 val_loss=0.2639 val_BA=0.875 mejor_epoca=3
2026-09-26 17:37:09,189 INFO ICBHI/dn fold 4: config 4 (lr=0.0001, dropout=0.4) epoca 4: train_loss=0.1009 val_loss=0.1139 val_BA=0.875 mejor_epoca=4
2026-09-26 17:37:10,947 INFO ICBHI/dn fold 4: config 4 (lr=0.0001, dropout=0.4) epoca 5: train_loss=0.0755 val_loss=0.0908 val_BA=0.875 mejor_epoca=5
2026-09-26 17:37:12,691 INFO ICBHI/dn fold 4: config 4 (lr=0.0001, dropout=0.4) epoca 6: train_loss=0.0588 val_loss=0.1238 val_BA=1.000 mejor_epoca=6
2026-09-26 17:37:16,209 INFO ICBHI/dn fold 4: config 4 (lr=0.0001, dropout=0.4) epoca 8: train_loss=0.0352 val_loss=0.0529 val_BA=1.000 mejor_epoca=8
2026-09-26 17:37:19,716 INFO ICBHI/dn fold 4: config 4 (lr=0.0001, dropout=0.4) epoca 10: train_loss=0.0186 val_loss=0.0489 val_BA=0.750 mejor_epoca=8
2026-09-26 17:37:26,794 INFO ICBHI/dn fold 4: config 4 (lr=0.0001, dropout=0.4) epoca 14: train_loss=0.0090 val_loss=0.0439 val_BA=1.000 mejor_epoca=14
2026-09-26 17:37:28,546 INFO ICBHI/dn fold 4: config 4 (lr=0.0001, dropout=0.4) epoca 15: train_loss=0.0078 val_loss=0.0342 val_BA=1.000 mejor_epoca=15
2026-09-26 17:37:33,835 INFO ICBHI/dn fold 4: config 4 (lr=0.0001, dropout=0.4) epoca 18: train_loss=0.0072 val_loss=0.0235 val_BA=1.000 mejor_epoca=18
2026-09-26 17:37:37,341 INFO ICBHI/dn fold 4: config 4 (lr=0.0001, dropout=0.4) epoca 20: train_loss=0.0055 val_loss=0.0469 val_BA=0.875 mejor_epoca=18
2026-09-26 17:37:54,874 INFO ICBHI/dn fold 4: config 4 (lr=0.0001, dropout=0.4) epoca 30: train_loss=0.0016 val_loss=0.0447 val_BA=1.000 mejor_epoca=18
2026-09-26 17:38:00,106 INFO ICBHI/dn fold 4 config 4: OK val_BA=1.000 mejor_epoca=18 (1.0 min)
2026-09-26 17:38:02,020 INFO ICBHI/dn fold 4: config 5 (lr=0.0001, dropout=0.4) epoca 1: train_loss=0.5982 val_loss=0.8324 val_BA=0.500 mejor_epoca=1
2026-09-26 17:38:03,727 INFO ICBHI/dn fold 4: config 5 (lr=0.0001, dropout=0.4) epoca 2: train_loss=0.3879 val_loss=0.7718 val_BA=0.900 mejor_epoca=2
2026-09-26 17:38:10,510 INFO ICBHI/dn fold 4: config 5 (lr=0.0001, dropout=0.4) epoca 6: train_loss=0.0799 val_loss=0.5663 val_BA=1.000 mejor_epoca=6
2026-09-26 17:38:17,388 INFO ICBHI/dn fold 4: config 5 (lr=0.0001, dropout=0.4) epoca 10: train_loss=0.0312 val_loss=0.0926 val_BA=0.750 mejor_epoca=6
2026-09-26 17:38:19,068 INFO ICBHI/dn fold 4: config 5 (lr=0.0001, dropout=0.4) epoca 11: train_loss=0.0263 val_loss=0.4090 val_BA=1.000 mejor_epoca=11
2026-09-26 17:38:22,432 INFO ICBHI/dn fold 4: config 5 (lr=0.0001, dropout=0.4) epoca 13: train_loss=0.0190 val_loss=0.2510 val_BA=1.000 mejor_epoca=13
2026-09-26 17:38:24,124 INFO ICBHI/dn fold 4: config 5 (lr=0.0001, dropout=0.4) epoca 14: train_loss=0.0156 val_loss=0.2041 val_BA=1.000 mejor_epoca=14
2026-09-26 17:38:30,862 INFO ICBHI/dn fold 4: config 5 (lr=0.0001, dropout=0.4) epoca 18: train_loss=0.0110 val_loss=0.1457 val_BA=1.000 mejor_epoca=18
2026-09-26 17:38:32,541 INFO ICBHI/dn fold 4: config 5 (lr=0.0001, dropout=0.4) epoca 19: train_loss=0.0093 val_loss=0.0874 val_BA=1.000 mejor_epoca=19
2026-09-26 17:38:34,220 INFO ICBHI/dn fold 4: config 5 (lr=0.0001, dropout=0.4) epoca 20: train_loss=0.0105 val_loss=0.1832 val_BA=1.000 mejor_epoca=19
2026-09-26 17:38:35,901 INFO ICBHI/dn fold 4: config 5 (lr=0.0001, dropout=0.4) epoca 21: train_loss=0.0084 val_loss=0.0809 val_BA=1.000 mejor_epoca=21
2026-09-26 17:38:44,305 INFO ICBHI/dn fold 4: config 5 (lr=0.0001, dropout=0.4) epoca 26: train_loss=0.0058 val_loss=0.0666 val_BA=1.000 mejor_epoca=26
2026-09-26 17:38:51,099 INFO ICBHI/dn fold 4: config 5 (lr=0.0001, dropout=0.4) epoca 30: train_loss=0.0055 val_loss=0.1550 val_BA=0.875 mejor_epoca=26
2026-09-26 17:38:54,509 INFO ICBHI/dn fold 4: config 5 (lr=0.0001, dropout=0.4) epoca 32: train_loss=0.0036 val_loss=0.0622 val_BA=1.000 mejor_epoca=32
2026-09-26 17:39:03,045 INFO ICBHI/dn fold 4: config 5 (lr=0.0001, dropout=0.4) epoca 37: train_loss=0.0033 val_loss=0.0595 val_BA=1.000 mejor_epoca=37
2026-09-26 17:39:08,170 INFO ICBHI/dn fold 4: config 5 (lr=0.0001, dropout=0.4) epoca 40: train_loss=0.0032 val_loss=0.2522 val_BA=1.000 mejor_epoca=37
2026-09-26 17:39:25,001 INFO ICBHI/dn fold 4: config 5 (lr=0.0001, dropout=0.4) epoca 50: train_loss=0.0015 val_loss=0.0753 val_BA=1.000 mejor_epoca=37
2026-09-26 17:39:28,391 INFO ICBHI/dn fold 4 config 5: OK val_BA=1.000 mejor_epoca=37 (1.5 min)
2026-09-26 17:39:30,583 INFO ICBHI/dn fold 4: config 6 (lr=0.0001, dropout=0.5) epoca 1: train_loss=0.5866 val_loss=0.1327 val_BA=0.500 mejor_epoca=1
2026-09-26 17:39:32,573 INFO ICBHI/dn fold 4: config 6 (lr=0.0001, dropout=0.5) epoca 2: train_loss=0.3400 val_loss=0.5784 val_BA=1.000 mejor_epoca=2
2026-09-26 17:39:34,549 INFO ICBHI/dn fold 4: config 6 (lr=0.0001, dropout=0.5) epoca 3: train_loss=0.1729 val_loss=0.4897 val_BA=1.000 mejor_epoca=3
2026-09-26 17:39:36,541 INFO ICBHI/dn fold 4: config 6 (lr=0.0001, dropout=0.5) epoca 4: train_loss=0.1253 val_loss=0.4206 val_BA=1.000 mejor_epoca=4
2026-09-26 17:39:38,516 INFO ICBHI/dn fold 4: config 6 (lr=0.0001, dropout=0.5) epoca 5: train_loss=0.0857 val_loss=0.2568 val_BA=1.000 mejor_epoca=5
2026-09-26 17:39:42,477 INFO ICBHI/dn fold 4: config 6 (lr=0.0001, dropout=0.5) epoca 7: train_loss=0.0476 val_loss=0.1163 val_BA=1.000 mejor_epoca=7
2026-09-26 17:39:48,424 INFO ICBHI/dn fold 4: config 6 (lr=0.0001, dropout=0.5) epoca 10: train_loss=0.0183 val_loss=0.0430 val_BA=0.750 mejor_epoca=7
2026-09-26 17:39:58,331 INFO ICBHI/dn fold 4: config 6 (lr=0.0001, dropout=0.5) epoca 15: train_loss=0.0102 val_loss=0.0576 val_BA=1.000 mejor_epoca=15
2026-09-26 17:40:04,264 INFO ICBHI/dn fold 4: config 6 (lr=0.0001, dropout=0.5) epoca 18: train_loss=0.0053 val_loss=0.0233 val_BA=1.000 mejor_epoca=18
2026-09-26 17:40:08,254 INFO ICBHI/dn fold 4: config 6 (lr=0.0001, dropout=0.5) epoca 20: train_loss=0.0084 val_loss=0.0307 val_BA=0.875 mejor_epoca=18
2026-09-26 17:40:22,161 INFO ICBHI/dn fold 4: config 6 (lr=0.0001, dropout=0.5) epoca 27: train_loss=0.0023 val_loss=0.0192 val_BA=1.000 mejor_epoca=27
2026-09-26 17:40:28,101 INFO ICBHI/dn fold 4: config 6 (lr=0.0001, dropout=0.5) epoca 30: train_loss=0.0018 val_loss=0.0462 val_BA=0.875 mejor_epoca=27
2026-09-26 17:40:47,976 INFO ICBHI/dn fold 4: config 6 (lr=0.0001, dropout=0.5) epoca 40: train_loss=0.0015 val_loss=0.0747 val_BA=0.625 mejor_epoca=27
2026-09-26 17:40:51,975 INFO ICBHI/dn fold 4 config 6: OK val_BA=1.000 mejor_epoca=27 (1.4 min)
2026-09-26 17:40:54,292 INFO ICBHI/dn fold 4: config 7 (lr=0.0001, dropout=0.5) epoca 1: train_loss=0.5976 val_loss=0.4762 val_BA=0.625 mejor_epoca=1
2026-09-26 17:40:55,993 INFO ICBHI/dn fold 4: config 7 (lr=0.0001, dropout=0.5) epoca 2: train_loss=0.4341 val_loss=0.5587 val_BA=0.700 mejor_epoca=2
2026-09-26 17:40:57,693 INFO ICBHI/dn fold 4: config 7 (lr=0.0001, dropout=0.5) epoca 3: train_loss=0.2632 val_loss=0.4712 val_BA=0.825 mejor_epoca=3
2026-09-26 17:40:59,394 INFO ICBHI/dn fold 4: config 7 (lr=0.0001, dropout=0.5) epoca 4: train_loss=0.1900 val_loss=0.8818 val_BA=0.850 mejor_epoca=4
2026-09-26 17:41:02,816 INFO ICBHI/dn fold 4: config 7 (lr=0.0001, dropout=0.5) epoca 6: train_loss=0.1104 val_loss=0.2216 val_BA=0.875 mejor_epoca=6
2026-09-26 17:41:04,533 INFO ICBHI/dn fold 4: config 7 (lr=0.0001, dropout=0.5) epoca 7: train_loss=0.0858 val_loss=0.2597 val_BA=1.000 mejor_epoca=7
2026-09-26 17:41:09,689 INFO ICBHI/dn fold 4: config 7 (lr=0.0001, dropout=0.5) epoca 10: train_loss=0.0402 val_loss=0.1034 val_BA=0.875 mejor_epoca=7
2026-09-26 17:41:11,406 INFO ICBHI/dn fold 4: config 7 (lr=0.0001, dropout=0.5) epoca 11: train_loss=0.0347 val_loss=0.2529 val_BA=1.000 mejor_epoca=11
2026-09-26 17:41:18,278 INFO ICBHI/dn fold 4: config 7 (lr=0.0001, dropout=0.5) epoca 15: train_loss=0.0207 val_loss=0.2034 val_BA=1.000 mejor_epoca=15
2026-09-26 17:41:23,450 INFO ICBHI/dn fold 4: config 7 (lr=0.0001, dropout=0.5) epoca 18: train_loss=0.0147 val_loss=0.1986 val_BA=1.000 mejor_epoca=18
2026-09-26 17:41:26,890 INFO ICBHI/dn fold 4: config 7 (lr=0.0001, dropout=0.5) epoca 20: train_loss=0.0192 val_loss=0.0715 val_BA=1.000 mejor_epoca=20
2026-09-26 17:41:35,500 INFO ICBHI/dn fold 4: config 7 (lr=0.0001, dropout=0.5) epoca 25: train_loss=0.0074 val_loss=0.0437 val_BA=1.000 mejor_epoca=25
2026-09-26 17:41:44,077 INFO ICBHI/dn fold 4: config 7 (lr=0.0001, dropout=0.5) epoca 30: train_loss=0.0055 val_loss=0.0606 val_BA=1.000 mejor_epoca=25
2026-09-26 17:41:52,600 INFO ICBHI/dn fold 4: config 7 (lr=0.0001, dropout=0.5) epoca 35: train_loss=0.0038 val_loss=0.0436 val_BA=1.000 mejor_epoca=35
2026-09-26 17:41:56,017 INFO ICBHI/dn fold 4: config 7 (lr=0.0001, dropout=0.5) epoca 37: train_loss=0.0048 val_loss=0.0356 val_BA=1.000 mejor_epoca=37
2026-09-26 17:42:01,123 INFO ICBHI/dn fold 4: config 7 (lr=0.0001, dropout=0.5) epoca 40: train_loss=0.0041 val_loss=0.0617 val_BA=0.875 mejor_epoca=37
2026-09-26 17:42:18,132 INFO ICBHI/dn fold 4: config 7 (lr=0.0001, dropout=0.5) epoca 50: train_loss=0.0026 val_loss=0.0561 val_BA=1.000 mejor_epoca=37
2026-09-26 17:42:21,554 INFO ICBHI/dn fold 4 config 7: OK val_BA=1.000 mejor_epoca=37 (1.5 min)
2026-09-26 17:42:23,472 INFO ICBHI/dn fold 4: config 8 (lr=0.0003, dropout=0.3) epoca 1: train_loss=0.5815 val_loss=0.5475 val_BA=0.825 mejor_epoca=1
2026-09-26 17:42:25,176 INFO ICBHI/dn fold 4: config 8 (lr=0.0003, dropout=0.3) epoca 2: train_loss=0.3130 val_loss=0.6328 val_BA=0.950 mejor_epoca=2
2026-09-26 17:42:33,686 INFO ICBHI/dn fold 4: config 8 (lr=0.0003, dropout=0.3) epoca 7: train_loss=0.0228 val_loss=0.0752 val_BA=1.000 mejor_epoca=7
2026-09-26 17:42:38,808 INFO ICBHI/dn fold 4: config 8 (lr=0.0003, dropout=0.3) epoca 10: train_loss=0.0144 val_loss=0.3141 val_BA=1.000 mejor_epoca=7
2026-09-26 17:42:45,624 INFO ICBHI/dn fold 4: config 8 (lr=0.0003, dropout=0.3) epoca 14: train_loss=0.0039 val_loss=0.0710 val_BA=1.000 mejor_epoca=14
2026-09-26 17:42:50,725 INFO ICBHI/dn fold 4: config 8 (lr=0.0003, dropout=0.3) epoca 17: train_loss=0.0038 val_loss=0.0586 val_BA=1.000 mejor_epoca=17
2026-09-26 17:42:52,417 INFO ICBHI/dn fold 4: config 8 (lr=0.0003, dropout=0.3) epoca 18: train_loss=0.0021 val_loss=0.0341 val_BA=1.000 mejor_epoca=18
2026-09-26 17:42:55,819 INFO ICBHI/dn fold 4: config 8 (lr=0.0003, dropout=0.3) epoca 20: train_loss=0.0043 val_loss=0.0660 val_BA=0.875 mejor_epoca=18
2026-09-26 17:43:12,798 INFO ICBHI/dn fold 4: config 8 (lr=0.0003, dropout=0.3) epoca 30: train_loss=0.0013 val_loss=0.0489 val_BA=0.875 mejor_epoca=18
2026-09-26 17:43:17,910 INFO ICBHI/dn fold 4 config 8: OK val_BA=1.000 mejor_epoca=18 (0.9 min)
2026-09-26 17:43:19,910 INFO ICBHI/dn fold 4: config 9 (lr=0.0003, dropout=0.4) epoca 1: train_loss=0.6027 val_loss=0.3131 val_BA=0.625 mejor_epoca=1
2026-09-26 17:43:21,676 INFO ICBHI/dn fold 4: config 9 (lr=0.0003, dropout=0.4) epoca 2: train_loss=0.3134 val_loss=0.1925 val_BA=0.750 mejor_epoca=2
2026-09-26 17:43:23,457 INFO ICBHI/dn fold 4: config 9 (lr=0.0003, dropout=0.4) epoca 3: train_loss=0.1750 val_loss=0.3115 val_BA=0.875 mejor_epoca=3
2026-09-26 17:43:25,226 INFO ICBHI/dn fold 4: config 9 (lr=0.0003, dropout=0.4) epoca 4: train_loss=0.0988 val_loss=0.2644 val_BA=1.000 mejor_epoca=4
2026-09-26 17:43:28,771 INFO ICBHI/dn fold 4: config 9 (lr=0.0003, dropout=0.4) epoca 6: train_loss=0.0438 val_loss=0.2416 val_BA=1.000 mejor_epoca=6
2026-09-26 17:43:30,537 INFO ICBHI/dn fold 4: config 9 (lr=0.0003, dropout=0.4) epoca 7: train_loss=0.0237 val_loss=0.0780 val_BA=1.000 mejor_epoca=7
2026-09-26 17:43:35,862 INFO ICBHI/dn fold 4: config 9 (lr=0.0003, dropout=0.4) epoca 10: train_loss=0.0142 val_loss=0.0934 val_BA=1.000 mejor_epoca=7
2026-09-26 17:43:53,626 INFO ICBHI/dn fold 4: config 9 (lr=0.0003, dropout=0.4) epoca 20: train_loss=0.0080 val_loss=0.1427 val_BA=0.875 mejor_epoca=7
2026-09-26 17:43:57,152 INFO ICBHI/dn fold 4: config 9 (lr=0.0003, dropout=0.4) epoca 22: train_loss=0.0021 val_loss=0.0315 val_BA=1.000 mejor_epoca=22
2026-09-26 17:44:09,563 INFO ICBHI/dn fold 4: config 9 (lr=0.0003, dropout=0.4) epoca 29: train_loss=0.0009 val_loss=0.0212 val_BA=1.000 mejor_epoca=29
2026-09-26 17:44:11,319 INFO ICBHI/dn fold 4: config 9 (lr=0.0003, dropout=0.4) epoca 30: train_loss=0.0006 val_loss=0.0150 val_BA=1.000 mejor_epoca=30
2026-09-26 17:44:28,986 INFO ICBHI/dn fold 4: config 9 (lr=0.0003, dropout=0.4) epoca 40: train_loss=0.0016 val_loss=0.0379 val_BA=0.875 mejor_epoca=30
2026-09-26 17:44:37,806 INFO ICBHI/dn fold 4 config 9: OK val_BA=1.000 mejor_epoca=30 (1.3 min)
2026-09-26 17:44:40,066 INFO ICBHI/dn fold 4: config 10 (lr=0.0003, dropout=0.4) epoca 1: train_loss=0.5597 val_loss=0.9765 val_BA=0.625 mejor_epoca=1
2026-09-26 17:44:42,063 INFO ICBHI/dn fold 4: config 10 (lr=0.0003, dropout=0.4) epoca 2: train_loss=0.2369 val_loss=0.2758 val_BA=1.000 mejor_epoca=2
2026-09-26 17:44:50,127 INFO ICBHI/dn fold 4: config 10 (lr=0.0003, dropout=0.4) epoca 6: train_loss=0.0477 val_loss=0.0402 val_BA=1.000 mejor_epoca=6
2026-09-26 17:44:58,368 INFO ICBHI/dn fold 4: config 10 (lr=0.0003, dropout=0.4) epoca 10: train_loss=0.0139 val_loss=0.0489 val_BA=0.875 mejor_epoca=6
2026-09-26 17:45:02,384 INFO ICBHI/dn fold 4: config 10 (lr=0.0003, dropout=0.4) epoca 12: train_loss=0.0105 val_loss=0.0210 val_BA=1.000 mejor_epoca=12
2026-09-26 17:45:08,399 INFO ICBHI/dn fold 4: config 10 (lr=0.0003, dropout=0.4) epoca 15: train_loss=0.0076 val_loss=0.0206 val_BA=1.000 mejor_epoca=15
2026-09-26 17:45:18,352 INFO ICBHI/dn fold 4: config 10 (lr=0.0003, dropout=0.4) epoca 20: train_loss=0.0135 val_loss=0.0343 val_BA=0.875 mejor_epoca=15
2026-09-26 17:45:38,243 INFO ICBHI/dn fold 4: config 10 (lr=0.0003, dropout=0.4) epoca 30: train_loss=0.0679 val_loss=0.0499 val_BA=1.000 mejor_epoca=15
2026-09-26 17:45:38,265 INFO ICBHI/dn fold 4 config 10: OK val_BA=1.000 mejor_epoca=15 (1.0 min)
2026-09-26 17:45:40,193 INFO ICBHI/dn fold 4: config 11 (lr=0.0003, dropout=0.5) epoca 1: train_loss=0.5662 val_loss=0.2415 val_BA=0.750 mejor_epoca=1
2026-09-26 17:45:43,584 INFO ICBHI/dn fold 4: config 11 (lr=0.0003, dropout=0.5) epoca 3: train_loss=0.1336 val_loss=0.1003 val_BA=0.875 mejor_epoca=3
2026-09-26 17:45:46,966 INFO ICBHI/dn fold 4: config 11 (lr=0.0003, dropout=0.5) epoca 5: train_loss=0.0550 val_loss=0.2019 val_BA=1.000 mejor_epoca=5
2026-09-26 17:45:48,660 INFO ICBHI/dn fold 4: config 11 (lr=0.0003, dropout=0.5) epoca 6: train_loss=0.0401 val_loss=0.1254 val_BA=1.000 mejor_epoca=6
2026-09-26 17:45:50,354 INFO ICBHI/dn fold 4: config 11 (lr=0.0003, dropout=0.5) epoca 7: train_loss=0.0238 val_loss=0.1115 val_BA=1.000 mejor_epoca=7
2026-09-26 17:45:55,437 INFO ICBHI/dn fold 4: config 11 (lr=0.0003, dropout=0.5) epoca 10: train_loss=0.0142 val_loss=0.0621 val_BA=0.875 mejor_epoca=7
2026-09-26 17:46:02,245 INFO ICBHI/dn fold 4: config 11 (lr=0.0003, dropout=0.5) epoca 14: train_loss=0.0124 val_loss=0.1103 val_BA=1.000 mejor_epoca=14
2026-09-26 17:46:03,948 INFO ICBHI/dn fold 4: config 11 (lr=0.0003, dropout=0.5) epoca 15: train_loss=0.0117 val_loss=0.0280 val_BA=1.000 mejor_epoca=15
2026-09-26 17:46:12,472 INFO ICBHI/dn fold 4: config 11 (lr=0.0003, dropout=0.5) epoca 20: train_loss=0.0070 val_loss=0.0312 val_BA=0.875 mejor_epoca=15
2026-09-26 17:46:15,891 INFO ICBHI/dn fold 4: config 11 (lr=0.0003, dropout=0.5) epoca 22: train_loss=0.0027 val_loss=0.0257 val_BA=1.000 mejor_epoca=22
2026-09-26 17:46:17,595 INFO ICBHI/dn fold 4: config 11 (lr=0.0003, dropout=0.5) epoca 23: train_loss=0.0016 val_loss=0.0197 val_BA=1.000 mejor_epoca=23
2026-09-26 17:46:24,401 INFO ICBHI/dn fold 4: config 11 (lr=0.0003, dropout=0.5) epoca 27: train_loss=0.0018 val_loss=0.0173 val_BA=1.000 mejor_epoca=27
2026-09-26 17:46:29,514 INFO ICBHI/dn fold 4: config 11 (lr=0.0003, dropout=0.5) epoca 30: train_loss=0.0013 val_loss=0.0303 val_BA=1.000 mejor_epoca=27
2026-09-26 17:46:46,534 INFO ICBHI/dn fold 4: config 11 (lr=0.0003, dropout=0.5) epoca 40: train_loss=0.0008 val_loss=0.0282 val_BA=1.000 mejor_epoca=27
2026-09-26 17:46:49,948 INFO ICBHI/dn fold 4 config 11: OK val_BA=1.000 mejor_epoca=27 (1.2 min)
2026-09-26 17:46:51,943 INFO ICBHI/dn fold 4: config 12 (lr=0.0003, dropout=0.5) epoca 1: train_loss=0.6323 val_loss=0.4132 val_BA=0.750 mejor_epoca=1
2026-09-26 17:46:53,697 INFO ICBHI/dn fold 4: config 12 (lr=0.0003, dropout=0.5) epoca 2: train_loss=0.3357 val_loss=0.3794 val_BA=1.000 mejor_epoca=2
2026-09-26 17:46:55,451 INFO ICBHI/dn fold 4: config 12 (lr=0.0003, dropout=0.5) epoca 3: train_loss=0.1880 val_loss=0.3678 val_BA=1.000 mejor_epoca=3
2026-09-26 17:46:57,194 INFO ICBHI/dn fold 4: config 12 (lr=0.0003, dropout=0.5) epoca 4: train_loss=0.1224 val_loss=0.1515 val_BA=1.000 mejor_epoca=4
2026-09-26 17:47:07,735 INFO ICBHI/dn fold 4: config 12 (lr=0.0003, dropout=0.5) epoca 10: train_loss=0.0199 val_loss=0.0466 val_BA=0.750 mejor_epoca=4
2026-09-26 17:47:09,486 INFO ICBHI/dn fold 4: config 12 (lr=0.0003, dropout=0.5) epoca 11: train_loss=0.0108 val_loss=0.0332 val_BA=1.000 mejor_epoca=11
2026-09-26 17:47:13,021 INFO ICBHI/dn fold 4: config 12 (lr=0.0003, dropout=0.5) epoca 13: train_loss=0.0056 val_loss=0.0295 val_BA=1.000 mejor_epoca=13
2026-09-26 17:47:16,529 INFO ICBHI/dn fold 4: config 12 (lr=0.0003, dropout=0.5) epoca 15: train_loss=0.0160 val_loss=0.0238 val_BA=1.000 mejor_epoca=15
2026-09-26 17:47:25,277 INFO ICBHI/dn fold 4: config 12 (lr=0.0003, dropout=0.5) epoca 20: train_loss=0.0070 val_loss=0.0408 val_BA=0.750 mejor_epoca=15
2026-09-26 17:47:42,869 INFO ICBHI/dn fold 4: config 12 (lr=0.0003, dropout=0.5) epoca 30: train_loss=0.0008 val_loss=0.0309 val_BA=0.875 mejor_epoca=15
2026-09-26 17:47:42,891 INFO ICBHI/dn fold 4 config 12: OK val_BA=1.000 mejor_epoca=15 (0.9 min)
2026-09-26 17:47:45,093 INFO ICBHI/dn fold 4: config 13 (lr=0.001, dropout=0.2) epoca 1: train_loss=0.8148 val_loss=0.3381 val_BA=0.500 mejor_epoca=1
2026-09-26 17:47:47,091 INFO ICBHI/dn fold 4: config 13 (lr=0.001, dropout=0.2) epoca 2: train_loss=0.6895 val_loss=0.2278 val_BA=0.500 mejor_epoca=2
2026-09-26 17:47:49,069 INFO ICBHI/dn fold 4: config 13 (lr=0.001, dropout=0.2) epoca 3: train_loss=0.4458 val_loss=0.3182 val_BA=0.875 mejor_epoca=3
2026-09-26 17:47:57,020 INFO ICBHI/dn fold 4: config 13 (lr=0.001, dropout=0.2) epoca 7: train_loss=0.2246 val_loss=0.1985 val_BA=1.000 mejor_epoca=7
2026-09-26 17:47:58,977 INFO ICBHI/dn fold 4: config 13 (lr=0.001, dropout=0.2) epoca 8: train_loss=0.1597 val_loss=0.1844 val_BA=1.000 mejor_epoca=8
2026-09-26 17:48:02,919 INFO ICBHI/dn fold 4: config 13 (lr=0.001, dropout=0.2) epoca 10: train_loss=0.0505 val_loss=0.1460 val_BA=0.750 mejor_epoca=8
2026-09-26 17:48:22,662 INFO ICBHI/dn fold 4: config 13 (lr=0.001, dropout=0.2) epoca 20: train_loss=0.0278 val_loss=0.3015 val_BA=0.750 mejor_epoca=8
2026-09-26 17:48:28,616 INFO ICBHI/dn fold 4 config 13: OK val_BA=1.000 mejor_epoca=8 (0.8 min)
2026-09-26 17:48:30,526 INFO ICBHI/dn fold 4: config 14 (lr=0.001, dropout=0.3) epoca 1: train_loss=0.6486 val_loss=0.2410 val_BA=0.625 mejor_epoca=1
2026-09-26 17:48:32,213 INFO ICBHI/dn fold 4: config 14 (lr=0.001, dropout=0.3) epoca 2: train_loss=0.3822 val_loss=0.3637 val_BA=0.875 mejor_epoca=2
2026-09-26 17:48:37,296 INFO ICBHI/dn fold 4: config 14 (lr=0.001, dropout=0.3) epoca 5: train_loss=0.1375 val_loss=0.3427 val_BA=0.875 mejor_epoca=5
2026-09-26 17:48:38,982 INFO ICBHI/dn fold 4: config 14 (lr=0.001, dropout=0.3) epoca 6: train_loss=0.1023 val_loss=0.3069 val_BA=1.000 mejor_epoca=6
2026-09-26 17:48:45,744 INFO ICBHI/dn fold 4: config 14 (lr=0.001, dropout=0.3) epoca 10: train_loss=0.0253 val_loss=0.5381 val_BA=1.000 mejor_epoca=6
2026-09-26 17:49:02,700 INFO ICBHI/dn fold 4: config 14 (lr=0.001, dropout=0.3) epoca 20: train_loss=0.0038 val_loss=0.2129 val_BA=0.875 mejor_epoca=6
2026-09-26 17:49:04,422 INFO ICBHI/dn fold 4 config 14: OK val_BA=1.000 mejor_epoca=6 (0.6 min)
2026-09-26 17:49:06,394 INFO ICBHI/dn fold 4: config 15 (lr=0.001, dropout=0.3) epoca 1: train_loss=0.6944 val_loss=0.2744 val_BA=0.500 mejor_epoca=1
2026-09-26 17:49:08,163 INFO ICBHI/dn fold 4: config 15 (lr=0.001, dropout=0.3) epoca 2: train_loss=0.5383 val_loss=0.8939 val_BA=0.725 mejor_epoca=2
2026-09-26 17:49:09,919 INFO ICBHI/dn fold 4: config 15 (lr=0.001, dropout=0.3) epoca 3: train_loss=0.3405 val_loss=0.6605 val_BA=0.750 mejor_epoca=3
2026-09-26 17:49:11,687 INFO ICBHI/dn fold 4: config 15 (lr=0.001, dropout=0.3) epoca 4: train_loss=0.2207 val_loss=0.4548 val_BA=0.750 mejor_epoca=4
2026-09-26 17:49:13,449 INFO ICBHI/dn fold 4: config 15 (lr=0.001, dropout=0.3) epoca 5: train_loss=0.1755 val_loss=1.0289 val_BA=0.900 mejor_epoca=5
2026-09-26 17:49:18,746 INFO ICBHI/dn fold 4: config 15 (lr=0.001, dropout=0.3) epoca 8: train_loss=0.0573 val_loss=0.2988 val_BA=1.000 mejor_epoca=8
2026-09-26 17:49:22,255 INFO ICBHI/dn fold 4: config 15 (lr=0.001, dropout=0.3) epoca 10: train_loss=0.0153 val_loss=0.0599 val_BA=0.750 mejor_epoca=8
2026-09-26 17:49:25,786 INFO ICBHI/dn fold 4: config 15 (lr=0.001, dropout=0.3) epoca 12: train_loss=0.0280 val_loss=0.1829 val_BA=1.000 mejor_epoca=12
2026-09-26 17:49:39,895 INFO ICBHI/dn fold 4: config 15 (lr=0.001, dropout=0.3) epoca 20: train_loss=0.0153 val_loss=0.1029 val_BA=0.750 mejor_epoca=12
2026-09-26 17:49:52,262 INFO ICBHI/dn fold 4 config 15: OK val_BA=1.000 mejor_epoca=12 (0.8 min)
2026-09-26 17:49:54,492 INFO ICBHI/dn fold 4: config 16 (lr=0.001, dropout=0.4) epoca 1: train_loss=0.8209 val_loss=0.3389 val_BA=0.500 mejor_epoca=1
2026-09-26 17:49:56,495 INFO ICBHI/dn fold 4: config 16 (lr=0.001, dropout=0.4) epoca 2: train_loss=0.7972 val_loss=0.3459 val_BA=0.625 mejor_epoca=2
2026-09-26 17:49:58,509 INFO ICBHI/dn fold 4: config 16 (lr=0.001, dropout=0.4) epoca 3: train_loss=0.4614 val_loss=0.3159 val_BA=0.750 mejor_epoca=3
2026-09-26 17:50:00,514 INFO ICBHI/dn fold 4: config 16 (lr=0.001, dropout=0.4) epoca 4: train_loss=0.2796 val_loss=0.3581 val_BA=1.000 mejor_epoca=4
2026-09-26 17:50:12,536 INFO ICBHI/dn fold 4: config 16 (lr=0.001, dropout=0.4) epoca 10: train_loss=0.0307 val_loss=0.1227 val_BA=0.750 mejor_epoca=4
2026-09-26 17:50:32,537 INFO ICBHI/dn fold 4: config 16 (lr=0.001, dropout=0.4) epoca 20: train_loss=0.0609 val_loss=0.1177 val_BA=0.750 mejor_epoca=4
2026-09-26 17:50:32,558 INFO ICBHI/dn fold 4 config 16: OK val_BA=1.000 mejor_epoca=4 (0.7 min)
2026-09-26 17:50:34,546 INFO ICBHI/dn fold 4: config 17 (lr=0.001, dropout=0.5) epoca 1: train_loss=0.6732 val_loss=0.6261 val_BA=0.775 mejor_epoca=1
2026-09-26 17:50:36,310 INFO ICBHI/dn fold 4: config 17 (lr=0.001, dropout=0.5) epoca 2: train_loss=0.5611 val_loss=1.0497 val_BA=0.850 mejor_epoca=2
2026-09-26 17:50:38,085 INFO ICBHI/dn fold 4: config 17 (lr=0.001, dropout=0.5) epoca 3: train_loss=0.2965 val_loss=0.9485 val_BA=0.950 mejor_epoca=3
2026-09-26 17:50:43,384 INFO ICBHI/dn fold 4: config 17 (lr=0.001, dropout=0.5) epoca 6: train_loss=0.1121 val_loss=0.8820 val_BA=0.950 mejor_epoca=6
2026-09-26 17:50:45,140 INFO ICBHI/dn fold 4: config 17 (lr=0.001, dropout=0.5) epoca 7: train_loss=0.0885 val_loss=0.5823 val_BA=1.000 mejor_epoca=7
2026-09-26 17:50:48,658 INFO ICBHI/dn fold 4: config 17 (lr=0.001, dropout=0.5) epoca 9: train_loss=0.0393 val_loss=0.1853 val_BA=1.000 mejor_epoca=9
2026-09-26 17:50:50,427 INFO ICBHI/dn fold 4: config 17 (lr=0.001, dropout=0.5) epoca 10: train_loss=0.0399 val_loss=0.0904 val_BA=0.875 mejor_epoca=9
2026-09-26 17:50:53,955 INFO ICBHI/dn fold 4: config 17 (lr=0.001, dropout=0.5) epoca 12: train_loss=0.0291 val_loss=0.1215 val_BA=1.000 mejor_epoca=12
2026-09-26 17:51:08,083 INFO ICBHI/dn fold 4: config 17 (lr=0.001, dropout=0.5) epoca 20: train_loss=0.0022 val_loss=0.0837 val_BA=0.875 mejor_epoca=12
2026-09-26 17:51:09,845 INFO ICBHI/dn fold 4: config 17 (lr=0.001, dropout=0.5) epoca 21: train_loss=0.0135 val_loss=0.0520 val_BA=1.000 mejor_epoca=21
2026-09-26 17:51:22,212 INFO ICBHI/dn fold 4: config 17 (lr=0.001, dropout=0.5) epoca 28: train_loss=0.0011 val_loss=0.0514 val_BA=1.000 mejor_epoca=28
2026-09-26 17:51:25,749 INFO ICBHI/dn fold 4: config 17 (lr=0.001, dropout=0.5) epoca 30: train_loss=0.0097 val_loss=0.0774 val_BA=0.875 mejor_epoca=28
2026-09-26 17:51:43,367 INFO ICBHI/dn fold 4: config 17 (lr=0.001, dropout=0.5) epoca 40: train_loss=0.0032 val_loss=0.0518 val_BA=0.875 mejor_epoca=28
2026-09-26 17:51:48,655 INFO ICBHI/dn fold 4 config 17: OK val_BA=1.000 mejor_epoca=28 (1.3 min)
2026-09-26 17:51:50,572 INFO ICBHI/dn fold 4: config 18 (lr=0.001, dropout=0.5) epoca 1: train_loss=0.6096 val_loss=0.6025 val_BA=0.750 mejor_epoca=1
2026-09-26 17:51:52,257 INFO ICBHI/dn fold 4: config 18 (lr=0.001, dropout=0.5) epoca 2: train_loss=0.3526 val_loss=0.2898 val_BA=0.750 mejor_epoca=2
2026-09-26 17:51:54,104 INFO ICBHI/dn fold 4: config 18 (lr=0.001, dropout=0.5) epoca 3: train_loss=0.2171 val_loss=0.2083 val_BA=1.000 mejor_epoca=3
2026-09-26 17:52:00,881 INFO ICBHI/dn fold 4: config 18 (lr=0.001, dropout=0.5) epoca 7: train_loss=0.0604 val_loss=0.1001 val_BA=1.000 mejor_epoca=7
2026-09-26 17:52:05,981 INFO ICBHI/dn fold 4: config 18 (lr=0.001, dropout=0.5) epoca 10: train_loss=0.0375 val_loss=0.2471 val_BA=1.000 mejor_epoca=7
2026-09-26 17:52:22,903 INFO ICBHI/dn fold 4: config 18 (lr=0.001, dropout=0.5) epoca 20: train_loss=0.0017 val_loss=0.1003 val_BA=0.875 mejor_epoca=7
2026-09-26 17:52:26,311 INFO ICBHI/dn fold 4 config 18: OK val_BA=1.000 mejor_epoca=7 (0.6 min)
2026-09-26 17:52:28,221 INFO ICBHI/dn fold 4: config 19 (lr=0.001, dropout=0.5) epoca 1: train_loss=0.6204 val_loss=0.4727 val_BA=0.750 mejor_epoca=1
2026-09-26 17:52:33,288 INFO ICBHI/dn fold 4: config 19 (lr=0.001, dropout=0.5) epoca 4: train_loss=0.1765 val_loss=0.5327 val_BA=1.000 mejor_epoca=4
2026-09-26 17:52:43,423 INFO ICBHI/dn fold 4: config 19 (lr=0.001, dropout=0.5) epoca 10: train_loss=0.0214 val_loss=0.1199 val_BA=0.750 mejor_epoca=4
2026-09-26 17:53:00,327 INFO ICBHI/dn fold 4: config 19 (lr=0.001, dropout=0.5) epoca 20: train_loss=0.0055 val_loss=0.1206 val_BA=0.750 mejor_epoca=4
2026-09-26 17:53:00,349 INFO ICBHI/dn fold 4 config 19: OK val_BA=1.000 mejor_epoca=4 (0.6 min)
2026-09-26 17:53:01,451 INFO ICBHI/dn: configuracion global 0 (decidida por config_order), BA folds=1.000±0.000 agrupada=1.000 [COMPLETED]
2026-09-26 17:53:01,461 INFO preparando FRAIWAN_Extended/no_dn (rama no_dn, augment=False, protocolo holdout_cv_v3)
2026-09-26 17:53:01,702 INFO log-mel FRAIWAN_Extended/cv/fold_00/no_dn: 187/187
2026-09-26 17:53:01,890 INFO FRAIWAN_Extended/no_dn fold 0: log-mel no_dn listo en 0.4 s, forma (187, 1, 64, 309)
2026-09-26 17:53:01,894 INFO FRAIWAN_Extended/no_dn fold 0: 27/7 pacientes train/validation, 20 de 20 configuracion(es) por evaluar
2026-09-26 17:53:02,027 INFO FRAIWAN_Extended/no_dn fold 0: config 0 (lr=0.0001, dropout=0.3) epoca 1: train_loss=0.6403 val_loss=0.6848 val_BA=0.500 mejor_epoca=1
2026-09-26 17:53:02,127 INFO FRAIWAN_Extended/no_dn fold 0: config 0 (lr=0.0001, dropout=0.3) epoca 2: train_loss=0.5135 val_loss=0.6345 val_BA=0.500 mejor_epoca=2
2026-09-26 17:53:02,226 INFO FRAIWAN_Extended/no_dn fold 0: config 0 (lr=0.0001, dropout=0.3) epoca 3: train_loss=0.4293 val_loss=0.5775 val_BA=0.500 mejor_epoca=3
2026-09-26 17:53:02,326 INFO FRAIWAN_Extended/no_dn fold 0: config 0 (lr=0.0001, dropout=0.3) epoca 4: train_loss=0.3883 val_loss=0.5738 val_BA=0.500 mejor_epoca=4
2026-09-26 17:53:02,425 INFO FRAIWAN_Extended/no_dn fold 0: config 0 (lr=0.0001, dropout=0.3) epoca 5: train_loss=0.3595 val_loss=0.6731 val_BA=0.650 mejor_epoca=5
2026-09-26 17:53:02,923 INFO FRAIWAN_Extended/no_dn fold 0: config 0 (lr=0.0001, dropout=0.3) epoca 10: train_loss=0.1698 val_loss=0.6485 val_BA=0.650 mejor_epoca=10
2026-09-26 17:53:03,619 INFO FRAIWAN_Extended/no_dn fold 0: config 0 (lr=0.0001, dropout=0.3) epoca 17: train_loss=0.1124 val_loss=0.6400 val_BA=0.650 mejor_epoca=17
2026-09-26 17:53:03,919 INFO FRAIWAN_Extended/no_dn fold 0: config 0 (lr=0.0001, dropout=0.3) epoca 20: train_loss=0.0797 val_loss=0.6524 val_BA=0.750 mejor_epoca=20
2026-09-26 17:53:04,941 INFO FRAIWAN_Extended/no_dn fold 0: config 0 (lr=0.0001, dropout=0.3) epoca 30: train_loss=0.0512 val_loss=1.2996 val_BA=0.600 mejor_epoca=20
2026-09-26 17:53:05,042 INFO FRAIWAN_Extended/no_dn fold 0: config 0 (lr=0.0001, dropout=0.3) epoca 31: train_loss=0.0442 val_loss=0.5673 val_BA=0.750 mejor_epoca=31
2026-09-26 17:53:05,344 INFO FRAIWAN_Extended/no_dn fold 0: config 0 (lr=0.0001, dropout=0.3) epoca 34: train_loss=0.0472 val_loss=0.5629 val_BA=0.750 mejor_epoca=34
2026-09-26 17:53:05,943 INFO FRAIWAN_Extended/no_dn fold 0: config 0 (lr=0.0001, dropout=0.3) epoca 40: train_loss=0.0381 val_loss=1.0517 val_BA=0.450 mejor_epoca=34
2026-09-26 17:53:06,889 INFO FRAIWAN_Extended/no_dn fold 0 config 0: OK val_BA=0.750 mejor_epoca=34 (0.1 min)
2026-09-26 17:53:06,993 INFO FRAIWAN_Extended/no_dn fold 0: config 1 (lr=0.0001, dropout=0.3) epoca 1: train_loss=0.7018 val_loss=0.6956 val_BA=0.500 mejor_epoca=1
2026-09-26 17:53:07,082 INFO FRAIWAN_Extended/no_dn fold 0: config 1 (lr=0.0001, dropout=0.3) epoca 2: train_loss=0.5065 val_loss=0.6696 val_BA=0.500 mejor_epoca=2
2026-09-26 17:53:07,169 INFO FRAIWAN_Extended/no_dn fold 0: config 1 (lr=0.0001, dropout=0.3) epoca 3: train_loss=0.4086 val_loss=0.6422 val_BA=0.500 mejor_epoca=3
2026-09-26 17:53:07,255 INFO FRAIWAN_Extended/no_dn fold 0: config 1 (lr=0.0001, dropout=0.3) epoca 4: train_loss=0.3648 val_loss=0.6167 val_BA=0.500 mejor_epoca=4
2026-09-26 17:53:07,342 INFO FRAIWAN_Extended/no_dn fold 0: config 1 (lr=0.0001, dropout=0.3) epoca 5: train_loss=0.3160 val_loss=0.5965 val_BA=0.500 mejor_epoca=5
2026-09-26 17:53:07,429 INFO FRAIWAN_Extended/no_dn fold 0: config 1 (lr=0.0001, dropout=0.3) epoca 6: train_loss=0.2805 val_loss=0.5812 val_BA=0.500 mejor_epoca=6
2026-09-26 17:53:07,515 INFO FRAIWAN_Extended/no_dn fold 0: config 1 (lr=0.0001, dropout=0.3) epoca 7: train_loss=0.2368 val_loss=0.5747 val_BA=0.500 mejor_epoca=7
2026-09-26 17:53:07,776 INFO FRAIWAN_Extended/no_dn fold 0: config 1 (lr=0.0001, dropout=0.3) epoca 10: train_loss=0.1826 val_loss=0.5852 val_BA=0.500 mejor_epoca=7
2026-09-26 17:53:07,866 INFO FRAIWAN_Extended/no_dn fold 0: config 1 (lr=0.0001, dropout=0.3) epoca 11: train_loss=0.1438 val_loss=0.5635 val_BA=0.500 mejor_epoca=11
2026-09-26 17:53:07,957 INFO FRAIWAN_Extended/no_dn fold 0: config 1 (lr=0.0001, dropout=0.3) epoca 12: train_loss=0.1307 val_loss=0.4996 val_BA=0.500 mejor_epoca=12
2026-09-26 17:53:08,136 INFO FRAIWAN_Extended/no_dn fold 0: config 1 (lr=0.0001, dropout=0.3) epoca 14: train_loss=0.1234 val_loss=0.4876 val_BA=0.500 mejor_epoca=14
2026-09-26 17:53:08,223 INFO FRAIWAN_Extended/no_dn fold 0: config 1 (lr=0.0001, dropout=0.3) epoca 15: train_loss=0.1077 val_loss=0.4749 val_BA=0.500 mejor_epoca=15
2026-09-26 17:53:08,397 INFO FRAIWAN_Extended/no_dn fold 0: config 1 (lr=0.0001, dropout=0.3) epoca 17: train_loss=0.0981 val_loss=0.5363 val_BA=0.650 mejor_epoca=17
2026-09-26 17:53:08,657 INFO FRAIWAN_Extended/no_dn fold 0: config 1 (lr=0.0001, dropout=0.3) epoca 20: train_loss=0.0876 val_loss=0.5570 val_BA=0.650 mejor_epoca=17
2026-09-26 17:53:08,745 INFO FRAIWAN_Extended/no_dn fold 0: config 1 (lr=0.0001, dropout=0.3) epoca 21: train_loss=0.0864 val_loss=0.6262 val_BA=0.750 mejor_epoca=21
2026-09-26 17:53:09,526 INFO FRAIWAN_Extended/no_dn fold 0: config 1 (lr=0.0001, dropout=0.3) epoca 30: train_loss=0.0766 val_loss=0.7073 val_BA=0.500 mejor_epoca=21
2026-09-26 17:53:10,063 INFO FRAIWAN_Extended/no_dn fold 0 config 1: OK val_BA=0.750 mejor_epoca=21 (0.1 min)
2026-09-26 17:53:10,170 INFO FRAIWAN_Extended/no_dn fold 0: config 2 (lr=0.0001, dropout=0.4) epoca 1: train_loss=0.6979 val_loss=0.7170 val_BA=0.500 mejor_epoca=1
2026-09-26 17:53:10,261 INFO FRAIWAN_Extended/no_dn fold 0: config 2 (lr=0.0001, dropout=0.4) epoca 2: train_loss=0.5105 val_loss=0.7113 val_BA=0.500 mejor_epoca=2
2026-09-26 17:53:10,349 INFO FRAIWAN_Extended/no_dn fold 0: config 2 (lr=0.0001, dropout=0.4) epoca 3: train_loss=0.4191 val_loss=0.6734 val_BA=0.500 mejor_epoca=3
2026-09-26 17:53:10,437 INFO FRAIWAN_Extended/no_dn fold 0: config 2 (lr=0.0001, dropout=0.4) epoca 4: train_loss=0.3640 val_loss=0.6396 val_BA=0.500 mejor_epoca=4
2026-09-26 17:53:10,526 INFO FRAIWAN_Extended/no_dn fold 0: config 2 (lr=0.0001, dropout=0.4) epoca 5: train_loss=0.3069 val_loss=0.5781 val_BA=0.500 mejor_epoca=5
2026-09-26 17:53:10,614 INFO FRAIWAN_Extended/no_dn fold 0: config 2 (lr=0.0001, dropout=0.4) epoca 6: train_loss=0.2668 val_loss=0.5576 val_BA=0.500 mejor_epoca=6
2026-09-26 17:53:10,703 INFO FRAIWAN_Extended/no_dn fold 0: config 2 (lr=0.0001, dropout=0.4) epoca 7: train_loss=0.2399 val_loss=0.5322 val_BA=0.500 mejor_epoca=7
2026-09-26 17:53:10,880 INFO FRAIWAN_Extended/no_dn fold 0: config 2 (lr=0.0001, dropout=0.4) epoca 9: train_loss=0.1804 val_loss=0.5526 val_BA=0.650 mejor_epoca=9
2026-09-26 17:53:10,968 INFO FRAIWAN_Extended/no_dn fold 0: config 2 (lr=0.0001, dropout=0.4) epoca 10: train_loss=0.1519 val_loss=0.6050 val_BA=0.500 mejor_epoca=9
2026-09-26 17:53:11,774 INFO FRAIWAN_Extended/no_dn fold 0: config 2 (lr=0.0001, dropout=0.4) epoca 19: train_loss=0.0736 val_loss=0.8199 val_BA=0.750 mejor_epoca=19
2026-09-26 17:53:11,868 INFO FRAIWAN_Extended/no_dn fold 0: config 2 (lr=0.0001, dropout=0.4) epoca 20: train_loss=0.0895 val_loss=1.7338 val_BA=0.500 mejor_epoca=19
2026-09-26 17:53:11,956 INFO FRAIWAN_Extended/no_dn fold 0: config 2 (lr=0.0001, dropout=0.4) epoca 21: train_loss=0.0749 val_loss=0.8146 val_BA=0.750 mejor_epoca=21
2026-09-26 17:53:12,045 INFO FRAIWAN_Extended/no_dn fold 0: config 2 (lr=0.0001, dropout=0.4) epoca 22: train_loss=0.0874 val_loss=0.6555 val_BA=0.750 mejor_epoca=22
2026-09-26 17:53:12,223 INFO FRAIWAN_Extended/no_dn fold 0: config 2 (lr=0.0001, dropout=0.4) epoca 24: train_loss=0.0625 val_loss=0.6472 val_BA=0.750 mejor_epoca=24
2026-09-26 17:53:12,756 INFO FRAIWAN_Extended/no_dn fold 0: config 2 (lr=0.0001, dropout=0.4) epoca 30: train_loss=0.0662 val_loss=1.7135 val_BA=0.500 mejor_epoca=24
2026-09-26 17:53:13,570 INFO FRAIWAN_Extended/no_dn fold 0 config 2: OK val_BA=0.750 mejor_epoca=24 (0.1 min)
2026-09-26 17:53:13,688 INFO FRAIWAN_Extended/no_dn fold 0: config 3 (lr=0.0001, dropout=0.4) epoca 1: train_loss=0.6634 val_loss=0.6356 val_BA=0.500 mejor_epoca=1
2026-09-26 17:53:13,787 INFO FRAIWAN_Extended/no_dn fold 0: config 3 (lr=0.0001, dropout=0.4) epoca 2: train_loss=0.5180 val_loss=0.5771 val_BA=0.500 mejor_epoca=2
2026-09-26 17:53:13,886 INFO FRAIWAN_Extended/no_dn fold 0: config 3 (lr=0.0001, dropout=0.4) epoca 3: train_loss=0.4585 val_loss=0.5433 val_BA=0.500 mejor_epoca=3
2026-09-26 17:53:13,985 INFO FRAIWAN_Extended/no_dn fold 0: config 3 (lr=0.0001, dropout=0.4) epoca 4: train_loss=0.4102 val_loss=0.4802 val_BA=0.500 mejor_epoca=4
2026-09-26 17:53:14,084 INFO FRAIWAN_Extended/no_dn fold 0: config 3 (lr=0.0001, dropout=0.4) epoca 5: train_loss=0.3688 val_loss=0.5915 val_BA=0.750 mejor_epoca=5
2026-09-26 17:53:14,381 INFO FRAIWAN_Extended/no_dn fold 0: config 3 (lr=0.0001, dropout=0.4) epoca 8: train_loss=0.2004 val_loss=0.5890 val_BA=0.750 mejor_epoca=8
2026-09-26 17:53:14,581 INFO FRAIWAN_Extended/no_dn fold 0: config 3 (lr=0.0001, dropout=0.4) epoca 10: train_loss=0.1792 val_loss=0.8207 val_BA=0.500 mejor_epoca=8
2026-09-26 17:53:15,581 INFO FRAIWAN_Extended/no_dn fold 0: config 3 (lr=0.0001, dropout=0.4) epoca 20: train_loss=0.0904 val_loss=1.2086 val_BA=0.500 mejor_epoca=8
2026-09-26 17:53:15,891 INFO FRAIWAN_Extended/no_dn fold 0: config 3 (lr=0.0001, dropout=0.4) epoca 23: train_loss=0.0601 val_loss=0.5549 val_BA=0.750 mejor_epoca=23
2026-09-26 17:53:16,589 INFO FRAIWAN_Extended/no_dn fold 0: config 3 (lr=0.0001, dropout=0.4) epoca 30: train_loss=0.0408 val_loss=0.6786 val_BA=0.650 mejor_epoca=23
2026-09-26 17:53:17,405 INFO FRAIWAN_Extended/no_dn fold 0 config 3: OK val_BA=0.750 mejor_epoca=23 (0.1 min)
2026-09-26 17:53:17,511 INFO FRAIWAN_Extended/no_dn fold 0: config 4 (lr=0.0001, dropout=0.4) epoca 1: train_loss=0.6696 val_loss=0.6976 val_BA=0.500 mejor_epoca=1
2026-09-26 17:53:17,600 INFO FRAIWAN_Extended/no_dn fold 0: config 4 (lr=0.0001, dropout=0.4) epoca 2: train_loss=0.4845 val_loss=0.6617 val_BA=0.500 mejor_epoca=2
2026-09-26 17:53:17,690 INFO FRAIWAN_Extended/no_dn fold 0: config 4 (lr=0.0001, dropout=0.4) epoca 3: train_loss=0.4057 val_loss=0.6157 val_BA=0.500 mejor_epoca=3
2026-09-26 17:53:17,778 INFO FRAIWAN_Extended/no_dn fold 0: config 4 (lr=0.0001, dropout=0.4) epoca 4: train_loss=0.3217 val_loss=0.5712 val_BA=0.500 mejor_epoca=4
2026-09-26 17:53:17,868 INFO FRAIWAN_Extended/no_dn fold 0: config 4 (lr=0.0001, dropout=0.4) epoca 5: train_loss=0.2638 val_loss=0.5657 val_BA=0.500 mejor_epoca=5
2026-09-26 17:53:17,957 INFO FRAIWAN_Extended/no_dn fold 0: config 4 (lr=0.0001, dropout=0.4) epoca 6: train_loss=0.2243 val_loss=0.5484 val_BA=0.500 mejor_epoca=6
2026-09-26 17:53:18,046 INFO FRAIWAN_Extended/no_dn fold 0: config 4 (lr=0.0001, dropout=0.4) epoca 7: train_loss=0.2050 val_loss=0.4729 val_BA=0.500 mejor_epoca=7
2026-09-26 17:53:18,135 INFO FRAIWAN_Extended/no_dn fold 0: config 4 (lr=0.0001, dropout=0.4) epoca 8: train_loss=0.1819 val_loss=0.4628 val_BA=0.500 mejor_epoca=8
2026-09-26 17:53:18,314 INFO FRAIWAN_Extended/no_dn fold 0: config 4 (lr=0.0001, dropout=0.4) epoca 10: train_loss=0.1476 val_loss=0.6353 val_BA=0.650 mejor_epoca=10
2026-09-26 17:53:18,403 INFO FRAIWAN_Extended/no_dn fold 0: config 4 (lr=0.0001, dropout=0.4) epoca 11: train_loss=0.1281 val_loss=0.9336 val_BA=0.700 mejor_epoca=11
2026-09-26 17:53:18,942 INFO FRAIWAN_Extended/no_dn fold 0: config 4 (lr=0.0001, dropout=0.4) epoca 17: train_loss=0.0974 val_loss=0.7796 val_BA=0.750 mejor_epoca=17
2026-09-26 17:53:19,210 INFO FRAIWAN_Extended/no_dn fold 0: config 4 (lr=0.0001, dropout=0.4) epoca 20: train_loss=0.0875 val_loss=0.7323 val_BA=0.550 mejor_epoca=17
2026-09-26 17:53:20,119 INFO FRAIWAN_Extended/no_dn fold 0: config 4 (lr=0.0001, dropout=0.4) epoca 30: train_loss=0.0554 val_loss=1.2101 val_BA=0.550 mejor_epoca=17
2026-09-26 17:53:20,315 INFO FRAIWAN_Extended/no_dn fold 0 config 4: OK val_BA=0.750 mejor_epoca=17 (0.0 min)
2026-09-26 17:53:20,419 INFO FRAIWAN_Extended/no_dn fold 0: config 5 (lr=0.0001, dropout=0.4) epoca 1: train_loss=0.6632 val_loss=0.6642 val_BA=0.500 mejor_epoca=1
2026-09-26 17:53:20,506 INFO FRAIWAN_Extended/no_dn fold 0: config 5 (lr=0.0001, dropout=0.4) epoca 2: train_loss=0.4733 val_loss=0.6408 val_BA=0.500 mejor_epoca=2
2026-09-26 17:53:20,594 INFO FRAIWAN_Extended/no_dn fold 0: config 5 (lr=0.0001, dropout=0.4) epoca 3: train_loss=0.3987 val_loss=0.6190 val_BA=0.500 mejor_epoca=3
2026-09-26 17:53:20,682 INFO FRAIWAN_Extended/no_dn fold 0: config 5 (lr=0.0001, dropout=0.4) epoca 4: train_loss=0.3275 val_loss=0.5997 val_BA=0.500 mejor_epoca=4
2026-09-26 17:53:20,769 INFO FRAIWAN_Extended/no_dn fold 0: config 5 (lr=0.0001, dropout=0.4) epoca 5: train_loss=0.2785 val_loss=0.5853 val_BA=0.500 mejor_epoca=5
2026-09-26 17:53:20,856 INFO FRAIWAN_Extended/no_dn fold 0: config 5 (lr=0.0001, dropout=0.4) epoca 6: train_loss=0.2544 val_loss=0.5770 val_BA=0.500 mejor_epoca=6
2026-09-26 17:53:21,203 INFO FRAIWAN_Extended/no_dn fold 0: config 5 (lr=0.0001, dropout=0.4) epoca 10: train_loss=0.1402 val_loss=0.5990 val_BA=0.500 mejor_epoca=6
2026-09-26 17:53:21,377 INFO FRAIWAN_Extended/no_dn fold 0: config 5 (lr=0.0001, dropout=0.4) epoca 12: train_loss=0.1176 val_loss=0.5370 val_BA=0.500 mejor_epoca=12
2026-09-26 17:53:21,464 INFO FRAIWAN_Extended/no_dn fold 0: config 5 (lr=0.0001, dropout=0.4) epoca 13: train_loss=0.1187 val_loss=0.4695 val_BA=0.500 mejor_epoca=13
2026-09-26 17:53:21,726 INFO FRAIWAN_Extended/no_dn fold 0: config 5 (lr=0.0001, dropout=0.4) epoca 16: train_loss=0.1036 val_loss=0.5624 val_BA=0.750 mejor_epoca=16
2026-09-26 17:53:22,078 INFO FRAIWAN_Extended/no_dn fold 0: config 5 (lr=0.0001, dropout=0.4) epoca 20: train_loss=0.0838 val_loss=0.7813 val_BA=0.650 mejor_epoca=16
2026-09-26 17:53:22,949 INFO FRAIWAN_Extended/no_dn fold 0: config 5 (lr=0.0001, dropout=0.4) epoca 30: train_loss=0.0620 val_loss=0.7598 val_BA=0.650 mejor_epoca=16
2026-09-26 17:53:23,060 INFO FRAIWAN_Extended/no_dn fold 0 config 5: OK val_BA=0.750 mejor_epoca=16 (0.0 min)
2026-09-26 17:53:23,186 INFO FRAIWAN_Extended/no_dn fold 0: config 6 (lr=0.0001, dropout=0.5) epoca 1: train_loss=0.6405 val_loss=0.6085 val_BA=0.500 mejor_epoca=1
2026-09-26 17:53:23,292 INFO FRAIWAN_Extended/no_dn fold 0: config 6 (lr=0.0001, dropout=0.5) epoca 2: train_loss=0.5205 val_loss=0.5724 val_BA=0.500 mejor_epoca=2
2026-09-26 17:53:23,392 INFO FRAIWAN_Extended/no_dn fold 0: config 6 (lr=0.0001, dropout=0.5) epoca 3: train_loss=0.4054 val_loss=0.4997 val_BA=0.500 mejor_epoca=3
2026-09-26 17:53:23,694 INFO FRAIWAN_Extended/no_dn fold 0: config 6 (lr=0.0001, dropout=0.5) epoca 6: train_loss=0.2311 val_loss=0.5891 val_BA=0.650 mejor_epoca=6
2026-09-26 17:53:23,895 INFO FRAIWAN_Extended/no_dn fold 0: config 6 (lr=0.0001, dropout=0.5) epoca 8: train_loss=0.2143 val_loss=1.0892 val_BA=0.700 mejor_epoca=8
2026-09-26 17:53:24,095 INFO FRAIWAN_Extended/no_dn fold 0: config 6 (lr=0.0001, dropout=0.5) epoca 10: train_loss=0.1671 val_loss=1.1471 val_BA=0.700 mejor_epoca=8
2026-09-26 17:53:24,697 INFO FRAIWAN_Extended/no_dn fold 0: config 6 (lr=0.0001, dropout=0.5) epoca 16: train_loss=0.1136 val_loss=0.6720 val_BA=0.800 mejor_epoca=16
2026-09-26 17:53:25,095 INFO FRAIWAN_Extended/no_dn fold 0: config 6 (lr=0.0001, dropout=0.5) epoca 20: train_loss=0.0792 val_loss=0.8616 val_BA=0.500 mejor_epoca=16
2026-09-26 17:53:26,092 INFO FRAIWAN_Extended/no_dn fold 0: config 6 (lr=0.0001, dropout=0.5) epoca 30: train_loss=0.0679 val_loss=1.1206 val_BA=0.450 mejor_epoca=16
2026-09-26 17:53:26,209 INFO FRAIWAN_Extended/no_dn fold 0 config 6: OK val_BA=0.800 mejor_epoca=16 (0.1 min)
2026-09-26 17:53:26,312 INFO FRAIWAN_Extended/no_dn fold 0: config 7 (lr=0.0001, dropout=0.5) epoca 1: train_loss=0.6825 val_loss=0.6686 val_BA=0.500 mejor_epoca=1
2026-09-26 17:53:26,399 INFO FRAIWAN_Extended/no_dn fold 0: config 7 (lr=0.0001, dropout=0.5) epoca 2: train_loss=0.5138 val_loss=0.6456 val_BA=0.500 mejor_epoca=2
2026-09-26 17:53:26,485 INFO FRAIWAN_Extended/no_dn fold 0: config 7 (lr=0.0001, dropout=0.5) epoca 3: train_loss=0.4624 val_loss=0.6222 val_BA=0.500 mejor_epoca=3
2026-09-26 17:53:26,573 INFO FRAIWAN_Extended/no_dn fold 0: config 7 (lr=0.0001, dropout=0.5) epoca 4: train_loss=0.3940 val_loss=0.5991 val_BA=0.500 mejor_epoca=4
2026-09-26 17:53:26,660 INFO FRAIWAN_Extended/no_dn fold 0: config 7 (lr=0.0001, dropout=0.5) epoca 5: train_loss=0.3495 val_loss=0.5850 val_BA=0.500 mejor_epoca=5
2026-09-26 17:53:26,747 INFO FRAIWAN_Extended/no_dn fold 0: config 7 (lr=0.0001, dropout=0.5) epoca 6: train_loss=0.3193 val_loss=0.5806 val_BA=0.500 mejor_epoca=6
2026-09-26 17:53:27,107 INFO FRAIWAN_Extended/no_dn fold 0: config 7 (lr=0.0001, dropout=0.5) epoca 10: train_loss=0.1987 val_loss=0.6205 val_BA=0.500 mejor_epoca=6
2026-09-26 17:53:27,370 INFO FRAIWAN_Extended/no_dn fold 0: config 7 (lr=0.0001, dropout=0.5) epoca 13: train_loss=0.1460 val_loss=0.5440 val_BA=0.500 mejor_epoca=13
2026-09-26 17:53:27,458 INFO FRAIWAN_Extended/no_dn fold 0: config 7 (lr=0.0001, dropout=0.5) epoca 14: train_loss=0.1623 val_loss=0.5484 val_BA=0.750 mejor_epoca=14
2026-09-26 17:53:27,982 INFO FRAIWAN_Extended/no_dn fold 0: config 7 (lr=0.0001, dropout=0.5) epoca 20: train_loss=0.0930 val_loss=0.9022 val_BA=0.450 mejor_epoca=14
2026-09-26 17:53:28,783 INFO FRAIWAN_Extended/no_dn fold 0 config 7: OK val_BA=0.750 mejor_epoca=14 (0.0 min)
2026-09-26 17:53:28,887 INFO FRAIWAN_Extended/no_dn fold 0: config 8 (lr=0.0003, dropout=0.3) epoca 1: train_loss=0.6632 val_loss=0.6761 val_BA=0.500 mejor_epoca=1
2026-09-26 17:53:28,974 INFO FRAIWAN_Extended/no_dn fold 0: config 8 (lr=0.0003, dropout=0.3) epoca 2: train_loss=0.4380 val_loss=0.6294 val_BA=0.500 mejor_epoca=2
2026-09-26 17:53:29,061 INFO FRAIWAN_Extended/no_dn fold 0: config 8 (lr=0.0003, dropout=0.3) epoca 3: train_loss=0.3586 val_loss=0.5883 val_BA=0.500 mejor_epoca=3
2026-09-26 17:53:29,148 INFO FRAIWAN_Extended/no_dn fold 0: config 8 (lr=0.0003, dropout=0.3) epoca 4: train_loss=0.3225 val_loss=0.5777 val_BA=0.500 mejor_epoca=4
2026-09-26 17:53:29,668 INFO FRAIWAN_Extended/no_dn fold 0: config 8 (lr=0.0003, dropout=0.3) epoca 10: train_loss=0.1052 val_loss=0.6343 val_BA=0.500 mejor_epoca=4
2026-09-26 17:53:29,930 INFO FRAIWAN_Extended/no_dn fold 0: config 8 (lr=0.0003, dropout=0.3) epoca 13: train_loss=0.0723 val_loss=0.4105 val_BA=1.000 mejor_epoca=13
2026-09-26 17:53:30,538 INFO FRAIWAN_Extended/no_dn fold 0: config 8 (lr=0.0003, dropout=0.3) epoca 20: train_loss=0.0477 val_loss=1.0336 val_BA=0.550 mejor_epoca=13
2026-09-26 17:53:31,264 INFO FRAIWAN_Extended/no_dn fold 0 config 8: OK val_BA=1.000 mejor_epoca=13 (0.0 min)
2026-09-26 17:53:31,371 INFO FRAIWAN_Extended/no_dn fold 0: config 9 (lr=0.0003, dropout=0.4) epoca 1: train_loss=0.6791 val_loss=0.6421 val_BA=0.500 mejor_epoca=1
2026-09-26 17:53:31,460 INFO FRAIWAN_Extended/no_dn fold 0: config 9 (lr=0.0003, dropout=0.4) epoca 2: train_loss=0.5574 val_loss=0.6089 val_BA=0.500 mejor_epoca=2
2026-09-26 17:53:31,550 INFO FRAIWAN_Extended/no_dn fold 0: config 9 (lr=0.0003, dropout=0.4) epoca 3: train_loss=0.4135 val_loss=0.5860 val_BA=0.500 mejor_epoca=3
2026-09-26 17:53:31,640 INFO FRAIWAN_Extended/no_dn fold 0: config 9 (lr=0.0003, dropout=0.4) epoca 4: train_loss=0.3216 val_loss=0.5710 val_BA=0.500 mejor_epoca=4
2026-09-26 17:53:31,819 INFO FRAIWAN_Extended/no_dn fold 0: config 9 (lr=0.0003, dropout=0.4) epoca 6: train_loss=0.2521 val_loss=0.5415 val_BA=0.500 mejor_epoca=6
2026-09-26 17:53:31,909 INFO FRAIWAN_Extended/no_dn fold 0: config 9 (lr=0.0003, dropout=0.4) epoca 7: train_loss=0.2220 val_loss=0.4140 val_BA=0.500 mejor_epoca=7
2026-09-26 17:53:32,088 INFO FRAIWAN_Extended/no_dn fold 0: config 9 (lr=0.0003, dropout=0.4) epoca 9: train_loss=0.1237 val_loss=0.5973 val_BA=0.750 mejor_epoca=9
2026-09-26 17:53:32,178 INFO FRAIWAN_Extended/no_dn fold 0: config 9 (lr=0.0003, dropout=0.4) epoca 10: train_loss=0.1164 val_loss=0.6816 val_BA=0.650 mejor_epoca=9
2026-09-26 17:53:33,070 INFO FRAIWAN_Extended/no_dn fold 0: config 9 (lr=0.0003, dropout=0.4) epoca 20: train_loss=0.0464 val_loss=1.4733 val_BA=0.550 mejor_epoca=9
2026-09-26 17:53:33,444 INFO FRAIWAN_Extended/no_dn fold 0 config 9: OK val_BA=0.750 mejor_epoca=9 (0.0 min)
2026-09-26 17:53:33,562 INFO FRAIWAN_Extended/no_dn fold 0: config 10 (lr=0.0003, dropout=0.4) epoca 1: train_loss=0.6556 val_loss=0.6259 val_BA=0.500 mejor_epoca=1
2026-09-26 17:53:33,663 INFO FRAIWAN_Extended/no_dn fold 0: config 10 (lr=0.0003, dropout=0.4) epoca 2: train_loss=0.5850 val_loss=0.5685 val_BA=0.500 mejor_epoca=2
2026-09-26 17:53:33,763 INFO FRAIWAN_Extended/no_dn fold 0: config 10 (lr=0.0003, dropout=0.4) epoca 3: train_loss=0.5124 val_loss=0.5182 val_BA=0.500 mejor_epoca=3
2026-09-26 17:53:33,962 INFO FRAIWAN_Extended/no_dn fold 0: config 10 (lr=0.0003, dropout=0.4) epoca 5: train_loss=0.2981 val_loss=0.8421 val_BA=0.650 mejor_epoca=5
2026-09-26 17:53:34,062 INFO FRAIWAN_Extended/no_dn fold 0: config 10 (lr=0.0003, dropout=0.4) epoca 6: train_loss=0.2160 val_loss=0.6589 val_BA=0.750 mejor_epoca=6
2026-09-26 17:53:34,478 INFO FRAIWAN_Extended/no_dn fold 0: config 10 (lr=0.0003, dropout=0.4) epoca 10: train_loss=0.1124 val_loss=1.7491 val_BA=0.600 mejor_epoca=6
2026-09-26 17:53:34,581 INFO FRAIWAN_Extended/no_dn fold 0: config 10 (lr=0.0003, dropout=0.4) epoca 11: train_loss=0.1121 val_loss=0.6068 val_BA=0.750 mejor_epoca=11
2026-09-26 17:53:35,486 INFO FRAIWAN_Extended/no_dn fold 0: config 10 (lr=0.0003, dropout=0.4) epoca 20: train_loss=0.0592 val_loss=0.5875 val_BA=0.750 mejor_epoca=20
2026-09-26 17:53:36,485 INFO FRAIWAN_Extended/no_dn fold 0: config 10 (lr=0.0003, dropout=0.4) epoca 30: train_loss=0.0564 val_loss=0.8431 val_BA=0.900 mejor_epoca=30
2026-09-26 17:53:37,494 INFO FRAIWAN_Extended/no_dn fold 0: config 10 (lr=0.0003, dropout=0.4) epoca 40: train_loss=0.0126 val_loss=1.2131 val_BA=0.500 mejor_epoca=30
2026-09-26 17:53:38,012 INFO FRAIWAN_Extended/no_dn fold 0 config 10: OK val_BA=0.900 mejor_epoca=30 (0.1 min)
2026-09-26 17:53:38,121 INFO FRAIWAN_Extended/no_dn fold 0: config 11 (lr=0.0003, dropout=0.5) epoca 1: train_loss=0.6773 val_loss=0.6735 val_BA=0.500 mejor_epoca=1
2026-09-26 17:53:38,212 INFO FRAIWAN_Extended/no_dn fold 0: config 11 (lr=0.0003, dropout=0.5) epoca 2: train_loss=0.4925 val_loss=0.6434 val_BA=0.500 mejor_epoca=2
2026-09-26 17:53:38,302 INFO FRAIWAN_Extended/no_dn fold 0: config 11 (lr=0.0003, dropout=0.5) epoca 3: train_loss=0.4335 val_loss=0.6039 val_BA=0.500 mejor_epoca=3
2026-09-26 17:53:38,390 INFO FRAIWAN_Extended/no_dn fold 0: config 11 (lr=0.0003, dropout=0.5) epoca 4: train_loss=0.3591 val_loss=0.5799 val_BA=0.500 mejor_epoca=4
2026-09-26 17:53:38,914 INFO FRAIWAN_Extended/no_dn fold 0: config 11 (lr=0.0003, dropout=0.5) epoca 10: train_loss=0.1123 val_loss=0.9742 val_BA=0.500 mejor_epoca=4
2026-09-26 17:53:39,264 INFO FRAIWAN_Extended/no_dn fold 0: config 11 (lr=0.0003, dropout=0.5) epoca 14: train_loss=0.0868 val_loss=0.3928 val_BA=0.750 mejor_epoca=14
2026-09-26 17:53:39,787 INFO FRAIWAN_Extended/no_dn fold 0: config 11 (lr=0.0003, dropout=0.5) epoca 20: train_loss=0.0585 val_loss=0.6980 val_BA=0.650 mejor_epoca=14
2026-09-26 17:53:40,585 INFO FRAIWAN_Extended/no_dn fold 0 config 11: OK val_BA=0.750 mejor_epoca=14 (0.0 min)
2026-09-26 17:53:40,692 INFO FRAIWAN_Extended/no_dn fold 0: config 12 (lr=0.0003, dropout=0.5) epoca 1: train_loss=0.6667 val_loss=0.6572 val_BA=0.500 mejor_epoca=1
2026-09-26 17:53:40,781 INFO FRAIWAN_Extended/no_dn fold 0: config 12 (lr=0.0003, dropout=0.5) epoca 2: train_loss=0.5230 val_loss=0.6146 val_BA=0.500 mejor_epoca=2
2026-09-26 17:53:40,871 INFO FRAIWAN_Extended/no_dn fold 0: config 12 (lr=0.0003, dropout=0.5) epoca 3: train_loss=0.4239 val_loss=0.5889 val_BA=0.500 mejor_epoca=3
2026-09-26 17:53:40,960 INFO FRAIWAN_Extended/no_dn fold 0: config 12 (lr=0.0003, dropout=0.5) epoca 4: train_loss=0.3755 val_loss=0.5773 val_BA=0.500 mejor_epoca=4
2026-09-26 17:53:41,139 INFO FRAIWAN_Extended/no_dn fold 0: config 12 (lr=0.0003, dropout=0.5) epoca 6: train_loss=0.2384 val_loss=0.5654 val_BA=0.500 mejor_epoca=6
2026-09-26 17:53:41,228 INFO FRAIWAN_Extended/no_dn fold 0: config 12 (lr=0.0003, dropout=0.5) epoca 7: train_loss=0.2237 val_loss=0.5509 val_BA=0.500 mejor_epoca=7
2026-09-26 17:53:41,495 INFO FRAIWAN_Extended/no_dn fold 0: config 12 (lr=0.0003, dropout=0.5) epoca 10: train_loss=0.1483 val_loss=0.5938 val_BA=0.750 mejor_epoca=10
2026-09-26 17:53:42,047 INFO FRAIWAN_Extended/no_dn fold 0: config 12 (lr=0.0003, dropout=0.5) epoca 16: train_loss=0.0838 val_loss=0.5320 val_BA=0.750 mejor_epoca=16
2026-09-26 17:53:42,408 INFO FRAIWAN_Extended/no_dn fold 0: config 12 (lr=0.0003, dropout=0.5) epoca 20: train_loss=0.0597 val_loss=0.8001 val_BA=0.650 mejor_epoca=16
2026-09-26 17:53:43,306 INFO FRAIWAN_Extended/no_dn fold 0: config 12 (lr=0.0003, dropout=0.5) epoca 30: train_loss=0.0341 val_loss=0.7227 val_BA=0.750 mejor_epoca=16
2026-09-26 17:53:43,413 INFO FRAIWAN_Extended/no_dn fold 0 config 12: OK val_BA=0.750 mejor_epoca=16 (0.0 min)
2026-09-26 17:53:43,531 INFO FRAIWAN_Extended/no_dn fold 0: config 13 (lr=0.001, dropout=0.2) epoca 1: train_loss=0.7014 val_loss=0.6283 val_BA=0.500 mejor_epoca=1
2026-09-26 17:53:43,631 INFO FRAIWAN_Extended/no_dn fold 0: config 13 (lr=0.001, dropout=0.2) epoca 2: train_loss=0.5352 val_loss=0.4986 val_BA=0.750 mejor_epoca=2
2026-09-26 17:53:44,426 INFO FRAIWAN_Extended/no_dn fold 0: config 13 (lr=0.001, dropout=0.2) epoca 10: train_loss=0.2481 val_loss=4.2231 val_BA=0.500 mejor_epoca=2
2026-09-26 17:53:45,433 INFO FRAIWAN_Extended/no_dn fold 0: config 13 (lr=0.001, dropout=0.2) epoca 20: train_loss=0.0268 val_loss=0.7372 val_BA=0.650 mejor_epoca=2
2026-09-26 17:53:45,450 INFO FRAIWAN_Extended/no_dn fold 0 config 13: OK val_BA=0.750 mejor_epoca=2 (0.0 min)
2026-09-26 17:53:45,554 INFO FRAIWAN_Extended/no_dn fold 0: config 14 (lr=0.001, dropout=0.3) epoca 1: train_loss=0.8271 val_loss=0.6729 val_BA=0.500 mejor_epoca=1
2026-09-26 17:53:45,646 INFO FRAIWAN_Extended/no_dn fold 0: config 14 (lr=0.001, dropout=0.3) epoca 2: train_loss=0.6391 val_loss=0.6547 val_BA=0.500 mejor_epoca=2
2026-09-26 17:53:45,739 INFO FRAIWAN_Extended/no_dn fold 0: config 14 (lr=0.001, dropout=0.3) epoca 3: train_loss=0.4355 val_loss=0.6004 val_BA=0.500 mejor_epoca=3
2026-09-26 17:53:45,828 INFO FRAIWAN_Extended/no_dn fold 0: config 14 (lr=0.001, dropout=0.3) epoca 4: train_loss=0.3714 val_loss=0.5799 val_BA=0.500 mejor_epoca=4
2026-09-26 17:53:45,915 INFO FRAIWAN_Extended/no_dn fold 0: config 14 (lr=0.001, dropout=0.3) epoca 5: train_loss=0.3242 val_loss=0.5672 val_BA=0.500 mejor_epoca=5
2026-09-26 17:53:46,266 INFO FRAIWAN_Extended/no_dn fold 0: config 14 (lr=0.001, dropout=0.3) epoca 9: train_loss=0.1790 val_loss=0.5485 val_BA=0.500 mejor_epoca=9
2026-09-26 17:53:46,353 INFO FRAIWAN_Extended/no_dn fold 0: config 14 (lr=0.001, dropout=0.3) epoca 10: train_loss=0.1474 val_loss=0.3341 val_BA=1.000 mejor_epoca=10
2026-09-26 17:53:47,226 INFO FRAIWAN_Extended/no_dn fold 0: config 14 (lr=0.001, dropout=0.3) epoca 20: train_loss=0.0378 val_loss=2.3961 val_BA=0.450 mejor_epoca=10
2026-09-26 17:53:47,679 INFO FRAIWAN_Extended/no_dn fold 0 config 14: OK val_BA=1.000 mejor_epoca=10 (0.0 min)
2026-09-26 17:53:47,787 INFO FRAIWAN_Extended/no_dn fold 0: config 15 (lr=0.001, dropout=0.3) epoca 1: train_loss=0.6815 val_loss=0.6223 val_BA=0.500 mejor_epoca=1
2026-09-26 17:53:48,147 INFO FRAIWAN_Extended/no_dn fold 0: config 15 (lr=0.001, dropout=0.3) epoca 5: train_loss=0.3094 val_loss=2.0896 val_BA=0.600 mejor_epoca=5
2026-09-26 17:53:48,414 INFO FRAIWAN_Extended/no_dn fold 0: config 15 (lr=0.001, dropout=0.3) epoca 8: train_loss=0.1526 val_loss=0.5967 val_BA=0.650 mejor_epoca=8
2026-09-26 17:53:48,504 INFO FRAIWAN_Extended/no_dn fold 0: config 15 (lr=0.001, dropout=0.3) epoca 9: train_loss=0.1261 val_loss=0.3985 val_BA=0.900 mejor_epoca=9
2026-09-26 17:53:48,593 INFO FRAIWAN_Extended/no_dn fold 0: config 15 (lr=0.001, dropout=0.3) epoca 10: train_loss=0.1058 val_loss=5.3285 val_BA=0.500 mejor_epoca=9
2026-09-26 17:53:49,494 INFO FRAIWAN_Extended/no_dn fold 0: config 15 (lr=0.001, dropout=0.3) epoca 20: train_loss=0.0181 val_loss=0.7289 val_BA=0.750 mejor_epoca=9
2026-09-26 17:53:49,878 INFO FRAIWAN_Extended/no_dn fold 0 config 15: OK val_BA=0.900 mejor_epoca=9 (0.0 min)
2026-09-26 17:53:49,997 INFO FRAIWAN_Extended/no_dn fold 0: config 16 (lr=0.001, dropout=0.4) epoca 1: train_loss=0.7343 val_loss=0.5824 val_BA=0.500 mejor_epoca=1
2026-09-26 17:53:50,099 INFO FRAIWAN_Extended/no_dn fold 0: config 16 (lr=0.001, dropout=0.4) epoca 2: train_loss=0.6085 val_loss=0.4975 val_BA=0.500 mejor_epoca=2
2026-09-26 17:53:50,303 INFO FRAIWAN_Extended/no_dn fold 0: config 16 (lr=0.001, dropout=0.4) epoca 4: train_loss=0.4306 val_loss=1.6169 val_BA=0.650 mejor_epoca=4
2026-09-26 17:53:50,619 INFO FRAIWAN_Extended/no_dn fold 0: config 16 (lr=0.001, dropout=0.4) epoca 7: train_loss=0.3400 val_loss=0.7669 val_BA=0.650 mejor_epoca=7
2026-09-26 17:53:50,721 INFO FRAIWAN_Extended/no_dn fold 0: config 16 (lr=0.001, dropout=0.4) epoca 8: train_loss=0.2407 val_loss=0.5703 val_BA=0.650 mejor_epoca=8
2026-09-26 17:53:50,921 INFO FRAIWAN_Extended/no_dn fold 0: config 16 (lr=0.001, dropout=0.4) epoca 10: train_loss=0.2291 val_loss=2.3124 val_BA=0.550 mejor_epoca=8
2026-09-26 17:53:51,020 INFO FRAIWAN_Extended/no_dn fold 0: config 16 (lr=0.001, dropout=0.4) epoca 11: train_loss=0.3610 val_loss=0.4791 val_BA=0.650 mejor_epoca=11
2026-09-26 17:53:51,120 INFO FRAIWAN_Extended/no_dn fold 0: config 16 (lr=0.001, dropout=0.4) epoca 12: train_loss=0.2471 val_loss=0.5758 val_BA=0.750 mejor_epoca=12
2026-09-26 17:53:51,220 INFO FRAIWAN_Extended/no_dn fold 0: config 16 (lr=0.001, dropout=0.4) epoca 13: train_loss=0.1754 val_loss=0.7729 val_BA=0.900 mejor_epoca=13
2026-09-26 17:53:51,920 INFO FRAIWAN_Extended/no_dn fold 0: config 16 (lr=0.001, dropout=0.4) epoca 20: train_loss=0.0779 val_loss=1.6862 val_BA=0.550 mejor_epoca=13
2026-09-26 17:53:52,736 INFO FRAIWAN_Extended/no_dn fold 0 config 16: OK val_BA=0.900 mejor_epoca=13 (0.0 min)
2026-09-26 17:53:52,841 INFO FRAIWAN_Extended/no_dn fold 0: config 17 (lr=0.001, dropout=0.5) epoca 1: train_loss=0.6485 val_loss=0.6526 val_BA=0.500 mejor_epoca=1
2026-09-26 17:53:52,930 INFO FRAIWAN_Extended/no_dn fold 0: config 17 (lr=0.001, dropout=0.5) epoca 2: train_loss=0.5250 val_loss=0.5694 val_BA=0.500 mejor_epoca=2
2026-09-26 17:53:53,107 INFO FRAIWAN_Extended/no_dn fold 0: config 17 (lr=0.001, dropout=0.5) epoca 4: train_loss=0.3765 val_loss=0.4523 val_BA=0.500 mejor_epoca=4
2026-09-26 17:53:53,203 INFO FRAIWAN_Extended/no_dn fold 0: config 17 (lr=0.001, dropout=0.5) epoca 5: train_loss=0.2975 val_loss=0.4041 val_BA=0.900 mejor_epoca=5
2026-09-26 17:53:53,657 INFO FRAIWAN_Extended/no_dn fold 0: config 17 (lr=0.001, dropout=0.5) epoca 10: train_loss=0.1322 val_loss=0.9853 val_BA=0.650 mejor_epoca=5
2026-09-26 17:53:54,548 INFO FRAIWAN_Extended/no_dn fold 0: config 17 (lr=0.001, dropout=0.5) epoca 20: train_loss=0.0224 val_loss=1.0800 val_BA=0.750 mejor_epoca=5
2026-09-26 17:53:54,566 INFO FRAIWAN_Extended/no_dn fold 0 config 17: OK val_BA=0.900 mejor_epoca=5 (0.0 min)
2026-09-26 17:53:54,670 INFO FRAIWAN_Extended/no_dn fold 0: config 18 (lr=0.001, dropout=0.5) epoca 1: train_loss=0.6944 val_loss=0.6487 val_BA=0.500 mejor_epoca=1
2026-09-26 17:53:54,756 INFO FRAIWAN_Extended/no_dn fold 0: config 18 (lr=0.001, dropout=0.5) epoca 2: train_loss=0.5535 val_loss=0.5942 val_BA=0.500 mejor_epoca=2
2026-09-26 17:53:54,843 INFO FRAIWAN_Extended/no_dn fold 0: config 18 (lr=0.001, dropout=0.5) epoca 3: train_loss=0.4526 val_loss=0.5777 val_BA=0.500 mejor_epoca=3
2026-09-26 17:53:55,102 INFO FRAIWAN_Extended/no_dn fold 0: config 18 (lr=0.001, dropout=0.5) epoca 6: train_loss=0.3919 val_loss=0.5011 val_BA=0.750 mejor_epoca=6
2026-09-26 17:53:55,362 INFO FRAIWAN_Extended/no_dn fold 0: config 18 (lr=0.001, dropout=0.5) epoca 9: train_loss=0.2147 val_loss=0.3696 val_BA=0.750 mejor_epoca=9
2026-09-26 17:53:55,449 INFO FRAIWAN_Extended/no_dn fold 0: config 18 (lr=0.001, dropout=0.5) epoca 10: train_loss=0.1900 val_loss=0.3258 val_BA=0.900 mejor_epoca=10
2026-09-26 17:53:56,316 INFO FRAIWAN_Extended/no_dn fold 0: config 18 (lr=0.001, dropout=0.5) epoca 20: train_loss=0.0376 val_loss=1.9574 val_BA=0.600 mejor_epoca=10
2026-09-26 17:53:56,766 INFO FRAIWAN_Extended/no_dn fold 0 config 18: OK val_BA=0.900 mejor_epoca=10 (0.0 min)
2026-09-26 17:53:56,870 INFO FRAIWAN_Extended/no_dn fold 0: config 19 (lr=0.001, dropout=0.5) epoca 1: train_loss=0.7686 val_loss=0.6765 val_BA=0.500 mejor_epoca=1
2026-09-26 17:53:56,962 INFO FRAIWAN_Extended/no_dn fold 0: config 19 (lr=0.001, dropout=0.5) epoca 2: train_loss=0.5959 val_loss=0.6069 val_BA=0.500 mejor_epoca=2
2026-09-26 17:53:57,055 INFO FRAIWAN_Extended/no_dn fold 0: config 19 (lr=0.001, dropout=0.5) epoca 3: train_loss=0.4702 val_loss=0.5804 val_BA=0.500 mejor_epoca=3
2026-09-26 17:53:57,576 INFO FRAIWAN_Extended/no_dn fold 0: config 19 (lr=0.001, dropout=0.5) epoca 9: train_loss=0.2460 val_loss=0.3836 val_BA=0.500 mejor_epoca=9
2026-09-26 17:53:57,663 INFO FRAIWAN_Extended/no_dn fold 0: config 19 (lr=0.001, dropout=0.5) epoca 10: train_loss=0.2126 val_loss=0.2939 val_BA=1.000 mejor_epoca=10
2026-09-26 17:53:58,530 INFO FRAIWAN_Extended/no_dn fold 0: config 19 (lr=0.001, dropout=0.5) epoca 20: train_loss=0.0486 val_loss=0.9980 val_BA=0.550 mejor_epoca=10
2026-09-26 17:53:58,980 INFO FRAIWAN_Extended/no_dn fold 0 config 19: OK val_BA=1.000 mejor_epoca=10 (0.0 min)
2026-09-26 17:53:59,227 INFO log-mel FRAIWAN_Extended/cv/fold_01/no_dn: 187/187
2026-09-26 17:53:59,408 INFO FRAIWAN_Extended/no_dn fold 1: log-mel no_dn listo en 0.4 s, forma (187, 1, 64, 309)
2026-09-26 17:53:59,413 INFO FRAIWAN_Extended/no_dn fold 1: 27/7 pacientes train/validation, 20 de 20 configuracion(es) por evaluar
2026-09-26 17:53:59,563 INFO FRAIWAN_Extended/no_dn fold 1: config 0 (lr=0.0001, dropout=0.3) epoca 1: train_loss=0.6893 val_loss=0.6900 val_BA=0.500 mejor_epoca=1
2026-09-26 17:53:59,657 INFO FRAIWAN_Extended/no_dn fold 1: config 0 (lr=0.0001, dropout=0.3) epoca 2: train_loss=0.5207 val_loss=0.6400 val_BA=0.500 mejor_epoca=2
2026-09-26 17:53:59,750 INFO FRAIWAN_Extended/no_dn fold 1: config 0 (lr=0.0001, dropout=0.3) epoca 3: train_loss=0.4126 val_loss=0.5890 val_BA=0.500 mejor_epoca=3
2026-09-26 17:53:59,844 INFO FRAIWAN_Extended/no_dn fold 1: config 0 (lr=0.0001, dropout=0.3) epoca 4: train_loss=0.3589 val_loss=0.5734 val_BA=0.500 mejor_epoca=4
2026-09-26 17:54:00,031 INFO FRAIWAN_Extended/no_dn fold 1: config 0 (lr=0.0001, dropout=0.3) epoca 6: train_loss=0.2514 val_loss=0.5464 val_BA=0.500 mejor_epoca=6
2026-09-26 17:54:00,124 INFO FRAIWAN_Extended/no_dn fold 1: config 0 (lr=0.0001, dropout=0.3) epoca 7: train_loss=0.2232 val_loss=0.5820 val_BA=0.550 mejor_epoca=7
2026-09-26 17:54:00,311 INFO FRAIWAN_Extended/no_dn fold 1: config 0 (lr=0.0001, dropout=0.3) epoca 9: train_loss=0.1800 val_loss=0.6554 val_BA=0.900 mejor_epoca=9
2026-09-26 17:54:00,404 INFO FRAIWAN_Extended/no_dn fold 1: config 0 (lr=0.0001, dropout=0.3) epoca 10: train_loss=0.2092 val_loss=0.5065 val_BA=0.400 mejor_epoca=9
2026-09-26 17:54:01,354 INFO FRAIWAN_Extended/no_dn fold 1: config 0 (lr=0.0001, dropout=0.3) epoca 20: train_loss=0.1123 val_loss=0.4808 val_BA=0.750 mejor_epoca=9
2026-09-26 17:54:01,748 INFO FRAIWAN_Extended/no_dn fold 1 config 0: OK val_BA=0.900 mejor_epoca=9 (0.0 min)
2026-09-26 17:54:01,847 INFO FRAIWAN_Extended/no_dn fold 1: config 1 (lr=0.0001, dropout=0.3) epoca 1: train_loss=0.5755 val_loss=0.6842 val_BA=0.500 mejor_epoca=1
2026-09-26 17:54:01,931 INFO FRAIWAN_Extended/no_dn fold 1: config 1 (lr=0.0001, dropout=0.3) epoca 2: train_loss=0.4768 val_loss=0.6712 val_BA=0.500 mejor_epoca=2
2026-09-26 17:54:02,014 INFO FRAIWAN_Extended/no_dn fold 1: config 1 (lr=0.0001, dropout=0.3) epoca 3: train_loss=0.4030 val_loss=0.6582 val_BA=0.500 mejor_epoca=3
2026-09-26 17:54:02,098 INFO FRAIWAN_Extended/no_dn fold 1: config 1 (lr=0.0001, dropout=0.3) epoca 4: train_loss=0.3494 val_loss=0.6449 val_BA=0.500 mejor_epoca=4
2026-09-26 17:54:02,182 INFO FRAIWAN_Extended/no_dn fold 1: config 1 (lr=0.0001, dropout=0.3) epoca 5: train_loss=0.3041 val_loss=0.6341 val_BA=0.500 mejor_epoca=5
2026-09-26 17:54:02,265 INFO FRAIWAN_Extended/no_dn fold 1: config 1 (lr=0.0001, dropout=0.3) epoca 6: train_loss=0.2636 val_loss=0.6249 val_BA=0.500 mejor_epoca=6
2026-09-26 17:54:02,349 INFO FRAIWAN_Extended/no_dn fold 1: config 1 (lr=0.0001, dropout=0.3) epoca 7: train_loss=0.2345 val_loss=0.6146 val_BA=0.500 mejor_epoca=7
2026-09-26 17:54:02,432 INFO FRAIWAN_Extended/no_dn fold 1: config 1 (lr=0.0001, dropout=0.3) epoca 8: train_loss=0.2159 val_loss=0.6085 val_BA=0.500 mejor_epoca=8
2026-09-26 17:54:02,515 INFO FRAIWAN_Extended/no_dn fold 1: config 1 (lr=0.0001, dropout=0.3) epoca 9: train_loss=0.1971 val_loss=0.5961 val_BA=0.500 mejor_epoca=9
2026-09-26 17:54:02,599 INFO FRAIWAN_Extended/no_dn fold 1: config 1 (lr=0.0001, dropout=0.3) epoca 10: train_loss=0.1743 val_loss=0.5883 val_BA=0.500 mejor_epoca=10
2026-09-26 17:54:02,682 INFO FRAIWAN_Extended/no_dn fold 1: config 1 (lr=0.0001, dropout=0.3) epoca 11: train_loss=0.1714 val_loss=0.5789 val_BA=0.500 mejor_epoca=11
2026-09-26 17:54:02,766 INFO FRAIWAN_Extended/no_dn fold 1: config 1 (lr=0.0001, dropout=0.3) epoca 12: train_loss=0.1499 val_loss=0.5598 val_BA=0.500 mejor_epoca=12
2026-09-26 17:54:02,850 INFO FRAIWAN_Extended/no_dn fold 1: config 1 (lr=0.0001, dropout=0.3) epoca 13: train_loss=0.1497 val_loss=0.5591 val_BA=0.500 mejor_epoca=13
2026-09-26 17:54:02,934 INFO FRAIWAN_Extended/no_dn fold 1: config 1 (lr=0.0001, dropout=0.3) epoca 14: train_loss=0.1394 val_loss=0.5271 val_BA=0.500 mejor_epoca=14
2026-09-26 17:54:03,018 INFO FRAIWAN_Extended/no_dn fold 1: config 1 (lr=0.0001, dropout=0.3) epoca 15: train_loss=0.1257 val_loss=0.5236 val_BA=0.500 mejor_epoca=15
2026-09-26 17:54:03,102 INFO FRAIWAN_Extended/no_dn fold 1: config 1 (lr=0.0001, dropout=0.3) epoca 16: train_loss=0.1315 val_loss=0.5232 val_BA=0.500 mejor_epoca=16
2026-09-26 17:54:03,186 INFO FRAIWAN_Extended/no_dn fold 1: config 1 (lr=0.0001, dropout=0.3) epoca 17: train_loss=0.1135 val_loss=0.5188 val_BA=0.500 mejor_epoca=17
2026-09-26 17:54:03,269 INFO FRAIWAN_Extended/no_dn fold 1: config 1 (lr=0.0001, dropout=0.3) epoca 18: train_loss=0.1142 val_loss=0.4963 val_BA=0.500 mejor_epoca=18
2026-09-26 17:54:03,352 INFO FRAIWAN_Extended/no_dn fold 1: config 1 (lr=0.0001, dropout=0.3) epoca 19: train_loss=0.1097 val_loss=0.4502 val_BA=0.650 mejor_epoca=19
2026-09-26 17:54:03,435 INFO FRAIWAN_Extended/no_dn fold 1: config 1 (lr=0.0001, dropout=0.3) epoca 20: train_loss=0.1184 val_loss=0.4628 val_BA=0.750 mejor_epoca=20
2026-09-26 17:54:03,686 INFO FRAIWAN_Extended/no_dn fold 1: config 1 (lr=0.0001, dropout=0.3) epoca 23: train_loss=0.1168 val_loss=0.4503 val_BA=0.750 mejor_epoca=23
2026-09-26 17:54:03,769 INFO FRAIWAN_Extended/no_dn fold 1: config 1 (lr=0.0001, dropout=0.3) epoca 24: train_loss=0.1000 val_loss=0.4969 val_BA=0.900 mejor_epoca=24
2026-09-26 17:54:04,270 INFO FRAIWAN_Extended/no_dn fold 1: config 1 (lr=0.0001, dropout=0.3) epoca 30: train_loss=0.1015 val_loss=0.5876 val_BA=0.500 mejor_epoca=24
2026-09-26 17:54:05,050 INFO FRAIWAN_Extended/no_dn fold 1 config 1: OK val_BA=0.900 mejor_epoca=24 (0.1 min)
2026-09-26 17:54:05,154 INFO FRAIWAN_Extended/no_dn fold 1: config 2 (lr=0.0001, dropout=0.4) epoca 1: train_loss=0.6359 val_loss=0.6647 val_BA=0.500 mejor_epoca=1
2026-09-26 17:54:05,241 INFO FRAIWAN_Extended/no_dn fold 1: config 2 (lr=0.0001, dropout=0.4) epoca 2: train_loss=0.4912 val_loss=0.6430 val_BA=0.500 mejor_epoca=2
2026-09-26 17:54:05,327 INFO FRAIWAN_Extended/no_dn fold 1: config 2 (lr=0.0001, dropout=0.4) epoca 3: train_loss=0.4807 val_loss=0.6219 val_BA=0.500 mejor_epoca=3
2026-09-26 17:54:05,413 INFO FRAIWAN_Extended/no_dn fold 1: config 2 (lr=0.0001, dropout=0.4) epoca 4: train_loss=0.3856 val_loss=0.6051 val_BA=0.500 mejor_epoca=4
2026-09-26 17:54:05,499 INFO FRAIWAN_Extended/no_dn fold 1: config 2 (lr=0.0001, dropout=0.4) epoca 5: train_loss=0.3236 val_loss=0.6005 val_BA=0.500 mejor_epoca=5
2026-09-26 17:54:05,845 INFO FRAIWAN_Extended/no_dn fold 1: config 2 (lr=0.0001, dropout=0.4) epoca 9: train_loss=0.2294 val_loss=0.5884 val_BA=0.500 mejor_epoca=9
2026-09-26 17:54:05,931 INFO FRAIWAN_Extended/no_dn fold 1: config 2 (lr=0.0001, dropout=0.4) epoca 10: train_loss=0.1751 val_loss=0.5868 val_BA=0.500 mejor_epoca=10
2026-09-26 17:54:06,017 INFO FRAIWAN_Extended/no_dn fold 1: config 2 (lr=0.0001, dropout=0.4) epoca 11: train_loss=0.1706 val_loss=0.5582 val_BA=0.500 mejor_epoca=11
2026-09-26 17:54:06,103 INFO FRAIWAN_Extended/no_dn fold 1: config 2 (lr=0.0001, dropout=0.4) epoca 12: train_loss=0.1638 val_loss=0.5227 val_BA=0.750 mejor_epoca=12
2026-09-26 17:54:06,189 INFO FRAIWAN_Extended/no_dn fold 1: config 2 (lr=0.0001, dropout=0.4) epoca 13: train_loss=0.1503 val_loss=0.4874 val_BA=0.750 mejor_epoca=13
2026-09-26 17:54:06,790 INFO FRAIWAN_Extended/no_dn fold 1: config 2 (lr=0.0001, dropout=0.4) epoca 20: train_loss=0.0948 val_loss=0.4709 val_BA=0.750 mejor_epoca=20
2026-09-26 17:54:07,391 INFO FRAIWAN_Extended/no_dn fold 1: config 2 (lr=0.0001, dropout=0.4) epoca 27: train_loss=0.0914 val_loss=0.4691 val_BA=0.750 mejor_epoca=27
2026-09-26 17:54:07,649 INFO FRAIWAN_Extended/no_dn fold 1: config 2 (lr=0.0001, dropout=0.4) epoca 30: train_loss=0.0992 val_loss=0.6185 val_BA=0.500 mejor_epoca=27
2026-09-26 17:54:07,997 INFO FRAIWAN_Extended/no_dn fold 1: config 2 (lr=0.0001, dropout=0.4) epoca 34: train_loss=0.0671 val_loss=0.4536 val_BA=0.750 mejor_epoca=34
2026-09-26 17:54:08,083 INFO FRAIWAN_Extended/no_dn fold 1: config 2 (lr=0.0001, dropout=0.4) epoca 35: train_loss=0.0616 val_loss=0.4250 val_BA=0.900 mejor_epoca=35
2026-09-26 17:54:08,528 INFO FRAIWAN_Extended/no_dn fold 1: config 2 (lr=0.0001, dropout=0.4) epoca 40: train_loss=0.0579 val_loss=0.5814 val_BA=0.500 mejor_epoca=35
2026-09-26 17:54:09,389 INFO FRAIWAN_Extended/no_dn fold 1: config 2 (lr=0.0001, dropout=0.4) epoca 50: train_loss=0.0535 val_loss=0.4171 val_BA=0.750 mejor_epoca=35
2026-09-26 17:54:09,407 INFO FRAIWAN_Extended/no_dn fold 1 config 2: OK val_BA=0.900 mejor_epoca=35 (0.1 min)
2026-09-26 17:54:09,520 INFO FRAIWAN_Extended/no_dn fold 1: config 3 (lr=0.0001, dropout=0.4) epoca 1: train_loss=0.7064 val_loss=0.6320 val_BA=0.500 mejor_epoca=1
2026-09-26 17:54:09,614 INFO FRAIWAN_Extended/no_dn fold 1: config 3 (lr=0.0001, dropout=0.4) epoca 2: train_loss=0.4978 val_loss=0.6045 val_BA=0.500 mejor_epoca=2
2026-09-26 17:54:09,992 INFO FRAIWAN_Extended/no_dn fold 1: config 3 (lr=0.0001, dropout=0.4) epoca 6: train_loss=0.2762 val_loss=0.5841 val_BA=0.500 mejor_epoca=6
2026-09-26 17:54:10,178 INFO FRAIWAN_Extended/no_dn fold 1: config 3 (lr=0.0001, dropout=0.4) epoca 8: train_loss=0.1916 val_loss=0.5464 val_BA=0.500 mejor_epoca=8
2026-09-26 17:54:10,271 INFO FRAIWAN_Extended/no_dn fold 1: config 3 (lr=0.0001, dropout=0.4) epoca 9: train_loss=0.2047 val_loss=0.5286 val_BA=0.500 mejor_epoca=9
2026-09-26 17:54:10,364 INFO FRAIWAN_Extended/no_dn fold 1: config 3 (lr=0.0001, dropout=0.4) epoca 10: train_loss=0.1606 val_loss=0.5151 val_BA=0.500 mejor_epoca=10
2026-09-26 17:54:11,113 INFO FRAIWAN_Extended/no_dn fold 1: config 3 (lr=0.0001, dropout=0.4) epoca 18: train_loss=0.0836 val_loss=0.4842 val_BA=0.500 mejor_epoca=18
2026-09-26 17:54:11,302 INFO FRAIWAN_Extended/no_dn fold 1: config 3 (lr=0.0001, dropout=0.4) epoca 20: train_loss=0.0896 val_loss=0.7043 val_BA=0.500 mejor_epoca=18
2026-09-26 17:54:12,264 INFO FRAIWAN_Extended/no_dn fold 1: config 3 (lr=0.0001, dropout=0.4) epoca 30: train_loss=0.0890 val_loss=0.4536 val_BA=0.750 mejor_epoca=30
2026-09-26 17:54:13,210 INFO FRAIWAN_Extended/no_dn fold 1: config 3 (lr=0.0001, dropout=0.4) epoca 40: train_loss=0.0909 val_loss=0.4955 val_BA=0.500 mejor_epoca=30
2026-09-26 17:54:13,699 INFO FRAIWAN_Extended/no_dn fold 1 config 3: OK val_BA=0.750 mejor_epoca=30 (0.1 min)
2026-09-26 17:54:13,801 INFO FRAIWAN_Extended/no_dn fold 1: config 4 (lr=0.0001, dropout=0.4) epoca 1: train_loss=0.8031 val_loss=0.6441 val_BA=0.500 mejor_epoca=1
2026-09-26 17:54:13,887 INFO FRAIWAN_Extended/no_dn fold 1: config 4 (lr=0.0001, dropout=0.4) epoca 2: train_loss=0.5294 val_loss=0.6070 val_BA=0.500 mejor_epoca=2
2026-09-26 17:54:14,569 INFO FRAIWAN_Extended/no_dn fold 1: config 4 (lr=0.0001, dropout=0.4) epoca 10: train_loss=0.1180 val_loss=0.6605 val_BA=0.500 mejor_epoca=2
2026-09-26 17:54:14,826 INFO FRAIWAN_Extended/no_dn fold 1: config 4 (lr=0.0001, dropout=0.4) epoca 13: train_loss=0.0898 val_loss=0.4668 val_BA=0.750 mejor_epoca=13
2026-09-26 17:54:15,343 INFO FRAIWAN_Extended/no_dn fold 1: config 4 (lr=0.0001, dropout=0.4) epoca 19: train_loss=0.0754 val_loss=0.5917 val_BA=0.900 mejor_epoca=19
2026-09-26 17:54:15,430 INFO FRAIWAN_Extended/no_dn fold 1: config 4 (lr=0.0001, dropout=0.4) epoca 20: train_loss=0.0733 val_loss=0.6982 val_BA=0.500 mejor_epoca=19
2026-09-26 17:54:16,311 INFO FRAIWAN_Extended/no_dn fold 1: config 4 (lr=0.0001, dropout=0.4) epoca 30: train_loss=0.0581 val_loss=0.4837 val_BA=0.750 mejor_epoca=19
2026-09-26 17:54:16,679 INFO FRAIWAN_Extended/no_dn fold 1 config 4: OK val_BA=0.900 mejor_epoca=19 (0.0 min)
2026-09-26 17:54:16,779 INFO FRAIWAN_Extended/no_dn fold 1: config 5 (lr=0.0001, dropout=0.4) epoca 1: train_loss=0.7617 val_loss=0.7249 val_BA=0.500 mejor_epoca=1
2026-09-26 17:54:17,277 INFO FRAIWAN_Extended/no_dn fold 1: config 5 (lr=0.0001, dropout=0.4) epoca 7: train_loss=0.2906 val_loss=0.7076 val_BA=0.500 mejor_epoca=7
2026-09-26 17:54:17,361 INFO FRAIWAN_Extended/no_dn fold 1: config 5 (lr=0.0001, dropout=0.4) epoca 8: train_loss=0.2587 val_loss=0.6854 val_BA=0.750 mejor_epoca=8
2026-09-26 17:54:17,528 INFO FRAIWAN_Extended/no_dn fold 1: config 5 (lr=0.0001, dropout=0.4) epoca 10: train_loss=0.2118 val_loss=0.6414 val_BA=0.500 mejor_epoca=8
2026-09-26 17:54:18,358 INFO FRAIWAN_Extended/no_dn fold 1: config 5 (lr=0.0001, dropout=0.4) epoca 20: train_loss=0.1268 val_loss=0.5182 val_BA=0.500 mejor_epoca=8
2026-09-26 17:54:18,625 INFO FRAIWAN_Extended/no_dn fold 1 config 5: OK val_BA=0.750 mejor_epoca=8 (0.0 min)
2026-09-26 17:54:18,736 INFO FRAIWAN_Extended/no_dn fold 1: config 6 (lr=0.0001, dropout=0.5) epoca 1: train_loss=0.5961 val_loss=0.6446 val_BA=0.500 mejor_epoca=1
2026-09-26 17:54:18,830 INFO FRAIWAN_Extended/no_dn fold 1: config 6 (lr=0.0001, dropout=0.5) epoca 2: train_loss=0.5134 val_loss=0.6008 val_BA=0.500 mejor_epoca=2
2026-09-26 17:54:19,112 INFO FRAIWAN_Extended/no_dn fold 1: config 6 (lr=0.0001, dropout=0.5) epoca 5: train_loss=0.3471 val_loss=0.5871 val_BA=0.500 mejor_epoca=5
2026-09-26 17:54:19,206 INFO FRAIWAN_Extended/no_dn fold 1: config 6 (lr=0.0001, dropout=0.5) epoca 6: train_loss=0.3261 val_loss=0.5770 val_BA=0.500 mejor_epoca=6
2026-09-26 17:54:19,301 INFO FRAIWAN_Extended/no_dn fold 1: config 6 (lr=0.0001, dropout=0.5) epoca 7: train_loss=0.2763 val_loss=0.5366 val_BA=0.500 mejor_epoca=7
2026-09-26 17:54:19,402 INFO FRAIWAN_Extended/no_dn fold 1: config 6 (lr=0.0001, dropout=0.5) epoca 8: train_loss=0.2123 val_loss=0.6425 val_BA=0.900 mejor_epoca=8
2026-09-26 17:54:19,602 INFO FRAIWAN_Extended/no_dn fold 1: config 6 (lr=0.0001, dropout=0.5) epoca 10: train_loss=0.2462 val_loss=0.5250 val_BA=0.650 mejor_epoca=8
2026-09-26 17:54:20,548 INFO FRAIWAN_Extended/no_dn fold 1: config 6 (lr=0.0001, dropout=0.5) epoca 20: train_loss=0.0950 val_loss=0.8210 val_BA=0.500 mejor_epoca=8
2026-09-26 17:54:20,643 INFO FRAIWAN_Extended/no_dn fold 1: config 6 (lr=0.0001, dropout=0.5) epoca 21: train_loss=0.0979 val_loss=0.4608 val_BA=0.900 mejor_epoca=21
2026-09-26 17:54:21,489 INFO FRAIWAN_Extended/no_dn fold 1: config 6 (lr=0.0001, dropout=0.5) epoca 30: train_loss=0.0626 val_loss=0.5415 val_BA=0.500 mejor_epoca=21
2026-09-26 17:54:22,070 INFO FRAIWAN_Extended/no_dn fold 1 config 6: OK val_BA=0.900 mejor_epoca=21 (0.1 min)
2026-09-26 17:54:22,169 INFO FRAIWAN_Extended/no_dn fold 1: config 7 (lr=0.0001, dropout=0.5) epoca 1: train_loss=0.6377 val_loss=0.6790 val_BA=0.500 mejor_epoca=1
2026-09-26 17:54:22,252 INFO FRAIWAN_Extended/no_dn fold 1: config 7 (lr=0.0001, dropout=0.5) epoca 2: train_loss=0.5055 val_loss=0.6700 val_BA=0.500 mejor_epoca=2
2026-09-26 17:54:22,336 INFO FRAIWAN_Extended/no_dn fold 1: config 7 (lr=0.0001, dropout=0.5) epoca 3: train_loss=0.4313 val_loss=0.6562 val_BA=0.500 mejor_epoca=3
2026-09-26 17:54:22,419 INFO FRAIWAN_Extended/no_dn fold 1: config 7 (lr=0.0001, dropout=0.5) epoca 4: train_loss=0.3932 val_loss=0.6415 val_BA=0.500 mejor_epoca=4
2026-09-26 17:54:22,502 INFO FRAIWAN_Extended/no_dn fold 1: config 7 (lr=0.0001, dropout=0.5) epoca 5: train_loss=0.3244 val_loss=0.6245 val_BA=0.500 mejor_epoca=5
2026-09-26 17:54:22,586 INFO FRAIWAN_Extended/no_dn fold 1: config 7 (lr=0.0001, dropout=0.5) epoca 6: train_loss=0.2959 val_loss=0.6158 val_BA=0.500 mejor_epoca=6
2026-09-26 17:54:22,669 INFO FRAIWAN_Extended/no_dn fold 1: config 7 (lr=0.0001, dropout=0.5) epoca 7: train_loss=0.2650 val_loss=0.6018 val_BA=0.500 mejor_epoca=7
2026-09-26 17:54:22,753 INFO FRAIWAN_Extended/no_dn fold 1: config 7 (lr=0.0001, dropout=0.5) epoca 8: train_loss=0.2669 val_loss=0.5918 val_BA=0.500 mejor_epoca=8
2026-09-26 17:54:22,922 INFO FRAIWAN_Extended/no_dn fold 1: config 7 (lr=0.0001, dropout=0.5) epoca 10: train_loss=0.2491 val_loss=0.5851 val_BA=0.500 mejor_epoca=10
2026-09-26 17:54:23,523 INFO FRAIWAN_Extended/no_dn fold 1: config 7 (lr=0.0001, dropout=0.5) epoca 17: train_loss=0.1302 val_loss=0.5726 val_BA=0.500 mejor_epoca=17
2026-09-26 17:54:23,607 INFO FRAIWAN_Extended/no_dn fold 1: config 7 (lr=0.0001, dropout=0.5) epoca 18: train_loss=0.1290 val_loss=0.5666 val_BA=0.500 mejor_epoca=18
2026-09-26 17:54:23,774 INFO FRAIWAN_Extended/no_dn fold 1: config 7 (lr=0.0001, dropout=0.5) epoca 20: train_loss=0.1216 val_loss=0.6095 val_BA=0.500 mejor_epoca=18
2026-09-26 17:54:23,858 INFO FRAIWAN_Extended/no_dn fold 1: config 7 (lr=0.0001, dropout=0.5) epoca 21: train_loss=0.1201 val_loss=0.5424 val_BA=0.650 mejor_epoca=21
2026-09-26 17:54:24,609 INFO FRAIWAN_Extended/no_dn fold 1: config 7 (lr=0.0001, dropout=0.5) epoca 30: train_loss=0.0882 val_loss=0.5722 val_BA=0.500 mejor_epoca=21
2026-09-26 17:54:25,129 INFO FRAIWAN_Extended/no_dn fold 1 config 7: OK val_BA=0.650 mejor_epoca=21 (0.1 min)
2026-09-26 17:54:25,230 INFO FRAIWAN_Extended/no_dn fold 1: config 8 (lr=0.0003, dropout=0.3) epoca 1: train_loss=0.6625 val_loss=0.6829 val_BA=0.500 mejor_epoca=1
2026-09-26 17:54:25,314 INFO FRAIWAN_Extended/no_dn fold 1: config 8 (lr=0.0003, dropout=0.3) epoca 2: train_loss=0.5346 val_loss=0.6542 val_BA=0.500 mejor_epoca=2
2026-09-26 17:54:25,397 INFO FRAIWAN_Extended/no_dn fold 1: config 8 (lr=0.0003, dropout=0.3) epoca 3: train_loss=0.4101 val_loss=0.6264 val_BA=0.500 mejor_epoca=3
2026-09-26 17:54:25,481 INFO FRAIWAN_Extended/no_dn fold 1: config 8 (lr=0.0003, dropout=0.3) epoca 4: train_loss=0.3395 val_loss=0.6068 val_BA=0.500 mejor_epoca=4
2026-09-26 17:54:25,564 INFO FRAIWAN_Extended/no_dn fold 1: config 8 (lr=0.0003, dropout=0.3) epoca 5: train_loss=0.2659 val_loss=0.6010 val_BA=0.500 mejor_epoca=5
2026-09-26 17:54:25,982 INFO FRAIWAN_Extended/no_dn fold 1: config 8 (lr=0.0003, dropout=0.3) epoca 10: train_loss=0.1285 val_loss=0.7363 val_BA=0.500 mejor_epoca=5
2026-09-26 17:54:26,647 INFO FRAIWAN_Extended/no_dn fold 1: config 8 (lr=0.0003, dropout=0.3) epoca 18: train_loss=0.0608 val_loss=0.5459 val_BA=0.500 mejor_epoca=18
2026-09-26 17:54:26,813 INFO FRAIWAN_Extended/no_dn fold 1: config 8 (lr=0.0003, dropout=0.3) epoca 20: train_loss=0.0579 val_loss=0.6634 val_BA=0.500 mejor_epoca=18
2026-09-26 17:54:27,160 INFO FRAIWAN_Extended/no_dn fold 1: config 8 (lr=0.0003, dropout=0.3) epoca 24: train_loss=0.0466 val_loss=0.4528 val_BA=0.750 mejor_epoca=24
2026-09-26 17:54:27,664 INFO FRAIWAN_Extended/no_dn fold 1: config 8 (lr=0.0003, dropout=0.3) epoca 30: train_loss=0.0435 val_loss=0.7988 val_BA=0.400 mejor_epoca=24
2026-09-26 17:54:27,915 INFO FRAIWAN_Extended/no_dn fold 1: config 8 (lr=0.0003, dropout=0.3) epoca 33: train_loss=0.0482 val_loss=0.4517 val_BA=0.750 mejor_epoca=33
2026-09-26 17:54:28,500 INFO FRAIWAN_Extended/no_dn fold 1: config 8 (lr=0.0003, dropout=0.3) epoca 40: train_loss=0.0269 val_loss=0.7781 val_BA=0.500 mejor_epoca=33
2026-09-26 17:54:29,189 INFO FRAIWAN_Extended/no_dn fold 1 config 8: OK val_BA=0.750 mejor_epoca=33 (0.1 min)
2026-09-26 17:54:29,291 INFO FRAIWAN_Extended/no_dn fold 1: config 9 (lr=0.0003, dropout=0.4) epoca 1: train_loss=0.6324 val_loss=0.6759 val_BA=0.500 mejor_epoca=1
2026-09-26 17:54:29,378 INFO FRAIWAN_Extended/no_dn fold 1: config 9 (lr=0.0003, dropout=0.4) epoca 2: train_loss=0.4391 val_loss=0.6379 val_BA=0.500 mejor_epoca=2
2026-09-26 17:54:29,465 INFO FRAIWAN_Extended/no_dn fold 1: config 9 (lr=0.0003, dropout=0.4) epoca 3: train_loss=0.3538 val_loss=0.6202 val_BA=0.500 mejor_epoca=3
2026-09-26 17:54:29,552 INFO FRAIWAN_Extended/no_dn fold 1: config 9 (lr=0.0003, dropout=0.4) epoca 4: train_loss=0.2871 val_loss=0.5837 val_BA=0.500 mejor_epoca=4
2026-09-26 17:54:29,638 INFO FRAIWAN_Extended/no_dn fold 1: config 9 (lr=0.0003, dropout=0.4) epoca 5: train_loss=0.2572 val_loss=0.5816 val_BA=0.500 mejor_epoca=5
2026-09-26 17:54:29,809 INFO FRAIWAN_Extended/no_dn fold 1: config 9 (lr=0.0003, dropout=0.4) epoca 7: train_loss=0.1790 val_loss=0.5799 val_BA=0.500 mejor_epoca=7
2026-09-26 17:54:29,895 INFO FRAIWAN_Extended/no_dn fold 1: config 9 (lr=0.0003, dropout=0.4) epoca 8: train_loss=0.1574 val_loss=0.5433 val_BA=0.500 mejor_epoca=8
2026-09-26 17:54:30,067 INFO FRAIWAN_Extended/no_dn fold 1: config 9 (lr=0.0003, dropout=0.4) epoca 10: train_loss=0.1187 val_loss=0.4917 val_BA=0.750 mejor_epoca=10
2026-09-26 17:54:30,411 INFO FRAIWAN_Extended/no_dn fold 1: config 9 (lr=0.0003, dropout=0.4) epoca 14: train_loss=0.0847 val_loss=0.4350 val_BA=0.750 mejor_epoca=14
2026-09-26 17:54:30,674 INFO FRAIWAN_Extended/no_dn fold 1: config 9 (lr=0.0003, dropout=0.4) epoca 17: train_loss=0.0630 val_loss=0.4352 val_BA=0.900 mejor_epoca=17
2026-09-26 17:54:30,938 INFO FRAIWAN_Extended/no_dn fold 1: config 9 (lr=0.0003, dropout=0.4) epoca 20: train_loss=0.0632 val_loss=0.6028 val_BA=0.500 mejor_epoca=17
2026-09-26 17:54:31,794 INFO FRAIWAN_Extended/no_dn fold 1: config 9 (lr=0.0003, dropout=0.4) epoca 30: train_loss=0.0314 val_loss=0.4702 val_BA=0.500 mejor_epoca=17
2026-09-26 17:54:31,983 INFO FRAIWAN_Extended/no_dn fold 1 config 9: OK val_BA=0.900 mejor_epoca=17 (0.0 min)
2026-09-26 17:54:32,095 INFO FRAIWAN_Extended/no_dn fold 1: config 10 (lr=0.0003, dropout=0.4) epoca 1: train_loss=0.6577 val_loss=0.6163 val_BA=0.500 mejor_epoca=1
2026-09-26 17:54:32,189 INFO FRAIWAN_Extended/no_dn fold 1: config 10 (lr=0.0003, dropout=0.4) epoca 2: train_loss=0.5664 val_loss=0.5910 val_BA=0.500 mejor_epoca=2
2026-09-26 17:54:32,283 INFO FRAIWAN_Extended/no_dn fold 1: config 10 (lr=0.0003, dropout=0.4) epoca 3: train_loss=0.4371 val_loss=0.5600 val_BA=0.500 mejor_epoca=3
2026-09-26 17:54:32,564 INFO FRAIWAN_Extended/no_dn fold 1: config 10 (lr=0.0003, dropout=0.4) epoca 6: train_loss=0.1917 val_loss=0.5634 val_BA=0.750 mejor_epoca=6
2026-09-26 17:54:32,940 INFO FRAIWAN_Extended/no_dn fold 1: config 10 (lr=0.0003, dropout=0.4) epoca 10: train_loss=0.1337 val_loss=0.6178 val_BA=0.500 mejor_epoca=6
2026-09-26 17:54:33,034 INFO FRAIWAN_Extended/no_dn fold 1: config 10 (lr=0.0003, dropout=0.4) epoca 11: train_loss=0.1571 val_loss=0.5391 val_BA=0.900 mejor_epoca=11
2026-09-26 17:54:33,879 INFO FRAIWAN_Extended/no_dn fold 1: config 10 (lr=0.0003, dropout=0.4) epoca 20: train_loss=0.0510 val_loss=0.4772 val_BA=0.650 mejor_epoca=11
2026-09-26 17:54:34,482 INFO FRAIWAN_Extended/no_dn fold 1 config 10: OK val_BA=0.900 mejor_epoca=11 (0.0 min)
2026-09-26 17:54:34,587 INFO FRAIWAN_Extended/no_dn fold 1: config 11 (lr=0.0003, dropout=0.5) epoca 1: train_loss=0.6311 val_loss=0.6754 val_BA=0.500 mejor_epoca=1
2026-09-26 17:54:34,673 INFO FRAIWAN_Extended/no_dn fold 1: config 11 (lr=0.0003, dropout=0.5) epoca 2: train_loss=0.4757 val_loss=0.6448 val_BA=0.500 mejor_epoca=2
2026-09-26 17:54:34,757 INFO FRAIWAN_Extended/no_dn fold 1: config 11 (lr=0.0003, dropout=0.5) epoca 3: train_loss=0.3596 val_loss=0.6191 val_BA=0.500 mejor_epoca=3
2026-09-26 17:54:34,842 INFO FRAIWAN_Extended/no_dn fold 1: config 11 (lr=0.0003, dropout=0.5) epoca 4: train_loss=0.2706 val_loss=0.6012 val_BA=0.500 mejor_epoca=4
2026-09-26 17:54:35,346 INFO FRAIWAN_Extended/no_dn fold 1: config 11 (lr=0.0003, dropout=0.5) epoca 10: train_loss=0.1244 val_loss=0.7278 val_BA=0.500 mejor_epoca=4
2026-09-26 17:54:35,850 INFO FRAIWAN_Extended/no_dn fold 1: config 11 (lr=0.0003, dropout=0.5) epoca 16: train_loss=0.0804 val_loss=0.5273 val_BA=0.500 mejor_epoca=16
2026-09-26 17:54:36,018 INFO FRAIWAN_Extended/no_dn fold 1: config 11 (lr=0.0003, dropout=0.5) epoca 18: train_loss=0.0761 val_loss=0.4678 val_BA=0.750 mejor_epoca=18
2026-09-26 17:54:36,102 INFO FRAIWAN_Extended/no_dn fold 1: config 11 (lr=0.0003, dropout=0.5) epoca 19: train_loss=0.0716 val_loss=0.4542 val_BA=0.750 mejor_epoca=19
2026-09-26 17:54:36,186 INFO FRAIWAN_Extended/no_dn fold 1: config 11 (lr=0.0003, dropout=0.5) epoca 20: train_loss=0.0620 val_loss=0.5147 val_BA=0.500 mejor_epoca=19
2026-09-26 17:54:37,026 INFO FRAIWAN_Extended/no_dn fold 1: config 11 (lr=0.0003, dropout=0.5) epoca 30: train_loss=0.0427 val_loss=0.6811 val_BA=0.500 mejor_epoca=19
2026-09-26 17:54:37,379 INFO FRAIWAN_Extended/no_dn fold 1 config 11: OK val_BA=0.750 mejor_epoca=19 (0.0 min)
2026-09-26 17:54:37,482 INFO FRAIWAN_Extended/no_dn fold 1: config 12 (lr=0.0003, dropout=0.5) epoca 1: train_loss=0.6906 val_loss=0.6474 val_BA=0.500 mejor_epoca=1
2026-09-26 17:54:37,569 INFO FRAIWAN_Extended/no_dn fold 1: config 12 (lr=0.0003, dropout=0.5) epoca 2: train_loss=0.5211 val_loss=0.6135 val_BA=0.500 mejor_epoca=2
2026-09-26 17:54:37,655 INFO FRAIWAN_Extended/no_dn fold 1: config 12 (lr=0.0003, dropout=0.5) epoca 3: train_loss=0.4206 val_loss=0.6011 val_BA=0.500 mejor_epoca=3
2026-09-26 17:54:38,276 INFO FRAIWAN_Extended/no_dn fold 1: config 12 (lr=0.0003, dropout=0.5) epoca 10: train_loss=0.1075 val_loss=0.5636 val_BA=0.500 mejor_epoca=10
2026-09-26 17:54:38,540 INFO FRAIWAN_Extended/no_dn fold 1: config 12 (lr=0.0003, dropout=0.5) epoca 13: train_loss=0.0710 val_loss=0.6247 val_BA=0.900 mejor_epoca=13
2026-09-26 17:54:38,630 INFO FRAIWAN_Extended/no_dn fold 1: config 12 (lr=0.0003, dropout=0.5) epoca 14: train_loss=0.0754 val_loss=0.3475 val_BA=0.900 mejor_epoca=14
2026-09-26 17:54:39,156 INFO FRAIWAN_Extended/no_dn fold 1: config 12 (lr=0.0003, dropout=0.5) epoca 20: train_loss=0.0568 val_loss=0.4144 val_BA=0.750 mejor_epoca=14
2026-09-26 17:54:39,954 INFO FRAIWAN_Extended/no_dn fold 1 config 12: OK val_BA=0.900 mejor_epoca=14 (0.0 min)
2026-09-26 17:54:40,067 INFO FRAIWAN_Extended/no_dn fold 1: config 13 (lr=0.001, dropout=0.2) epoca 1: train_loss=0.6801 val_loss=0.7301 val_BA=0.250 mejor_epoca=1
2026-09-26 17:54:40,163 INFO FRAIWAN_Extended/no_dn fold 1: config 13 (lr=0.001, dropout=0.2) epoca 2: train_loss=0.6283 val_loss=0.6349 val_BA=0.500 mejor_epoca=2
2026-09-26 17:54:40,259 INFO FRAIWAN_Extended/no_dn fold 1: config 13 (lr=0.001, dropout=0.2) epoca 3: train_loss=0.4586 val_loss=0.5978 val_BA=0.500 mejor_epoca=3
2026-09-26 17:54:40,449 INFO FRAIWAN_Extended/no_dn fold 1: config 13 (lr=0.001, dropout=0.2) epoca 5: train_loss=0.2996 val_loss=1.0653 val_BA=0.700 mejor_epoca=5
2026-09-26 17:54:40,544 INFO FRAIWAN_Extended/no_dn fold 1: config 13 (lr=0.001, dropout=0.2) epoca 6: train_loss=0.3281 val_loss=0.5784 val_BA=0.750 mejor_epoca=6
2026-09-26 17:54:40,639 INFO FRAIWAN_Extended/no_dn fold 1: config 13 (lr=0.001, dropout=0.2) epoca 7: train_loss=0.2587 val_loss=0.4455 val_BA=0.750 mejor_epoca=7
2026-09-26 17:54:40,923 INFO FRAIWAN_Extended/no_dn fold 1: config 13 (lr=0.001, dropout=0.2) epoca 10: train_loss=0.1813 val_loss=0.4629 val_BA=0.650 mejor_epoca=7
2026-09-26 17:54:41,585 INFO FRAIWAN_Extended/no_dn fold 1: config 13 (lr=0.001, dropout=0.2) epoca 17: train_loss=0.0802 val_loss=0.4061 val_BA=0.750 mejor_epoca=17
2026-09-26 17:54:41,874 INFO FRAIWAN_Extended/no_dn fold 1: config 13 (lr=0.001, dropout=0.2) epoca 20: train_loss=0.0545 val_loss=0.7794 val_BA=0.750 mejor_epoca=17
2026-09-26 17:54:41,975 INFO FRAIWAN_Extended/no_dn fold 1: config 13 (lr=0.001, dropout=0.2) epoca 21: train_loss=0.0374 val_loss=0.1900 val_BA=1.000 mejor_epoca=21
2026-09-26 17:54:42,839 INFO FRAIWAN_Extended/no_dn fold 1: config 13 (lr=0.001, dropout=0.2) epoca 30: train_loss=0.0355 val_loss=0.6350 val_BA=0.750 mejor_epoca=21
2026-09-26 17:54:43,426 INFO FRAIWAN_Extended/no_dn fold 1 config 13: OK val_BA=1.000 mejor_epoca=21 (0.1 min)
2026-09-26 17:54:43,526 INFO FRAIWAN_Extended/no_dn fold 1: config 14 (lr=0.001, dropout=0.3) epoca 1: train_loss=0.6244 val_loss=0.6689 val_BA=0.500 mejor_epoca=1
2026-09-26 17:54:43,613 INFO FRAIWAN_Extended/no_dn fold 1: config 14 (lr=0.001, dropout=0.3) epoca 2: train_loss=0.6187 val_loss=0.6375 val_BA=0.500 mejor_epoca=2
2026-09-26 17:54:44,038 INFO FRAIWAN_Extended/no_dn fold 1: config 14 (lr=0.001, dropout=0.3) epoca 7: train_loss=0.2324 val_loss=0.6018 val_BA=0.500 mejor_epoca=7
2026-09-26 17:54:44,122 INFO FRAIWAN_Extended/no_dn fold 1: config 14 (lr=0.001, dropout=0.3) epoca 8: train_loss=0.1807 val_loss=0.5944 val_BA=0.500 mejor_epoca=8
2026-09-26 17:54:44,206 INFO FRAIWAN_Extended/no_dn fold 1: config 14 (lr=0.001, dropout=0.3) epoca 9: train_loss=0.1506 val_loss=0.5859 val_BA=0.500 mejor_epoca=9
2026-09-26 17:54:44,291 INFO FRAIWAN_Extended/no_dn fold 1: config 14 (lr=0.001, dropout=0.3) epoca 10: train_loss=0.1357 val_loss=0.6441 val_BA=0.550 mejor_epoca=10
2026-09-26 17:54:44,375 INFO FRAIWAN_Extended/no_dn fold 1: config 14 (lr=0.001, dropout=0.3) epoca 11: train_loss=0.1395 val_loss=0.5666 val_BA=0.650 mejor_epoca=11
2026-09-26 17:54:44,459 INFO FRAIWAN_Extended/no_dn fold 1: config 14 (lr=0.001, dropout=0.3) epoca 12: train_loss=0.1127 val_loss=0.5224 val_BA=0.900 mejor_epoca=12
2026-09-26 17:54:45,128 INFO FRAIWAN_Extended/no_dn fold 1: config 14 (lr=0.001, dropout=0.3) epoca 20: train_loss=0.0374 val_loss=0.6002 val_BA=0.500 mejor_epoca=12
2026-09-26 17:54:45,741 INFO FRAIWAN_Extended/no_dn fold 1 config 14: OK val_BA=0.900 mejor_epoca=12 (0.0 min)
2026-09-26 17:54:45,850 INFO FRAIWAN_Extended/no_dn fold 1: config 15 (lr=0.001, dropout=0.3) epoca 1: train_loss=0.7217 val_loss=0.6400 val_BA=0.500 mejor_epoca=1
2026-09-26 17:54:45,937 INFO FRAIWAN_Extended/no_dn fold 1: config 15 (lr=0.001, dropout=0.3) epoca 2: train_loss=0.6269 val_loss=0.6079 val_BA=0.500 mejor_epoca=2
2026-09-26 17:54:46,023 INFO FRAIWAN_Extended/no_dn fold 1: config 15 (lr=0.001, dropout=0.3) epoca 3: train_loss=0.5083 val_loss=0.5983 val_BA=0.500 mejor_epoca=3
2026-09-26 17:54:46,110 INFO FRAIWAN_Extended/no_dn fold 1: config 15 (lr=0.001, dropout=0.3) epoca 4: train_loss=0.4004 val_loss=0.5974 val_BA=0.500 mejor_epoca=4
2026-09-26 17:54:46,197 INFO FRAIWAN_Extended/no_dn fold 1: config 15 (lr=0.001, dropout=0.3) epoca 5: train_loss=0.3085 val_loss=0.5503 val_BA=0.500 mejor_epoca=5
2026-09-26 17:54:46,283 INFO FRAIWAN_Extended/no_dn fold 1: config 15 (lr=0.001, dropout=0.3) epoca 6: train_loss=0.2347 val_loss=0.5487 val_BA=0.500 mejor_epoca=6
2026-09-26 17:54:46,369 INFO FRAIWAN_Extended/no_dn fold 1: config 15 (lr=0.001, dropout=0.3) epoca 7: train_loss=0.1738 val_loss=0.5185 val_BA=0.750 mejor_epoca=7
2026-09-26 17:54:46,626 INFO FRAIWAN_Extended/no_dn fold 1: config 15 (lr=0.001, dropout=0.3) epoca 10: train_loss=0.1156 val_loss=0.6211 val_BA=0.900 mejor_epoca=10
2026-09-26 17:54:47,487 INFO FRAIWAN_Extended/no_dn fold 1: config 15 (lr=0.001, dropout=0.3) epoca 20: train_loss=0.0224 val_loss=0.6337 val_BA=0.500 mejor_epoca=10
2026-09-26 17:54:47,931 INFO FRAIWAN_Extended/no_dn fold 1 config 15: OK val_BA=0.900 mejor_epoca=10 (0.0 min)
2026-09-26 17:54:48,042 INFO FRAIWAN_Extended/no_dn fold 1: config 16 (lr=0.001, dropout=0.4) epoca 1: train_loss=0.7004 val_loss=0.6953 val_BA=0.500 mejor_epoca=1
2026-09-26 17:54:48,136 INFO FRAIWAN_Extended/no_dn fold 1: config 16 (lr=0.001, dropout=0.4) epoca 2: train_loss=0.6863 val_loss=0.6926 val_BA=0.550 mejor_epoca=2
2026-09-26 17:54:48,416 INFO FRAIWAN_Extended/no_dn fold 1: config 16 (lr=0.001, dropout=0.4) epoca 5: train_loss=0.4496 val_loss=0.5005 val_BA=0.750 mejor_epoca=5
2026-09-26 17:54:48,509 INFO FRAIWAN_Extended/no_dn fold 1: config 16 (lr=0.001, dropout=0.4) epoca 6: train_loss=0.4303 val_loss=0.5520 val_BA=0.900 mejor_epoca=6
2026-09-26 17:54:48,883 INFO FRAIWAN_Extended/no_dn fold 1: config 16 (lr=0.001, dropout=0.4) epoca 10: train_loss=0.1986 val_loss=0.7010 val_BA=0.500 mejor_epoca=6
2026-09-26 17:54:49,844 INFO FRAIWAN_Extended/no_dn fold 1: config 16 (lr=0.001, dropout=0.4) epoca 20: train_loss=0.0521 val_loss=0.6744 val_BA=0.650 mejor_epoca=6
2026-09-26 17:54:49,955 INFO FRAIWAN_Extended/no_dn fold 1 config 16: OK val_BA=0.900 mejor_epoca=6 (0.0 min)
2026-09-26 17:54:50,057 INFO FRAIWAN_Extended/no_dn fold 1: config 17 (lr=0.001, dropout=0.5) epoca 1: train_loss=0.6464 val_loss=0.6570 val_BA=0.500 mejor_epoca=1
2026-09-26 17:54:50,143 INFO FRAIWAN_Extended/no_dn fold 1: config 17 (lr=0.001, dropout=0.5) epoca 2: train_loss=0.4756 val_loss=0.6092 val_BA=0.500 mejor_epoca=2
2026-09-26 17:54:50,229 INFO FRAIWAN_Extended/no_dn fold 1: config 17 (lr=0.001, dropout=0.5) epoca 3: train_loss=0.3962 val_loss=0.6041 val_BA=0.500 mejor_epoca=3
2026-09-26 17:54:50,660 INFO FRAIWAN_Extended/no_dn fold 1: config 17 (lr=0.001, dropout=0.5) epoca 8: train_loss=0.1212 val_loss=0.5781 val_BA=0.500 mejor_epoca=8
2026-09-26 17:54:50,834 INFO FRAIWAN_Extended/no_dn fold 1: config 17 (lr=0.001, dropout=0.5) epoca 10: train_loss=0.0977 val_loss=0.7253 val_BA=0.500 mejor_epoca=8
2026-09-26 17:54:51,093 INFO FRAIWAN_Extended/no_dn fold 1: config 17 (lr=0.001, dropout=0.5) epoca 13: train_loss=0.0509 val_loss=0.6148 val_BA=0.750 mejor_epoca=13
2026-09-26 17:54:51,351 INFO FRAIWAN_Extended/no_dn fold 1: config 17 (lr=0.001, dropout=0.5) epoca 16: train_loss=0.0355 val_loss=0.5421 val_BA=0.750 mejor_epoca=16
2026-09-26 17:54:51,437 INFO FRAIWAN_Extended/no_dn fold 1: config 17 (lr=0.001, dropout=0.5) epoca 17: train_loss=0.0273 val_loss=0.4891 val_BA=0.750 mejor_epoca=17
2026-09-26 17:54:51,694 INFO FRAIWAN_Extended/no_dn fold 1: config 17 (lr=0.001, dropout=0.5) epoca 20: train_loss=0.0529 val_loss=0.6460 val_BA=0.500 mejor_epoca=17
2026-09-26 17:54:51,865 INFO FRAIWAN_Extended/no_dn fold 1: config 17 (lr=0.001, dropout=0.5) epoca 22: train_loss=0.0176 val_loss=0.3010 val_BA=0.750 mejor_epoca=22
2026-09-26 17:54:52,549 INFO FRAIWAN_Extended/no_dn fold 1: config 17 (lr=0.001, dropout=0.5) epoca 30: train_loss=0.0446 val_loss=1.1577 val_BA=0.500 mejor_epoca=22
2026-09-26 17:54:52,635 INFO FRAIWAN_Extended/no_dn fold 1: config 17 (lr=0.001, dropout=0.5) epoca 31: train_loss=0.0124 val_loss=0.2778 val_BA=1.000 mejor_epoca=31
2026-09-26 17:54:53,417 INFO FRAIWAN_Extended/no_dn fold 1: config 17 (lr=0.001, dropout=0.5) epoca 40: train_loss=0.0204 val_loss=1.3237 val_BA=0.700 mejor_epoca=31
2026-09-26 17:54:53,957 INFO FRAIWAN_Extended/no_dn fold 1 config 17: OK val_BA=1.000 mejor_epoca=31 (0.1 min)
2026-09-26 17:54:54,057 INFO FRAIWAN_Extended/no_dn fold 1: config 18 (lr=0.001, dropout=0.5) epoca 1: train_loss=0.8035 val_loss=0.6805 val_BA=0.500 mejor_epoca=1
2026-09-26 17:54:54,141 INFO FRAIWAN_Extended/no_dn fold 1: config 18 (lr=0.001, dropout=0.5) epoca 2: train_loss=0.6477 val_loss=0.6485 val_BA=0.500 mejor_epoca=2
2026-09-26 17:54:54,226 INFO FRAIWAN_Extended/no_dn fold 1: config 18 (lr=0.001, dropout=0.5) epoca 3: train_loss=0.5625 val_loss=0.6116 val_BA=0.500 mejor_epoca=3
2026-09-26 17:54:54,309 INFO FRAIWAN_Extended/no_dn fold 1: config 18 (lr=0.001, dropout=0.5) epoca 4: train_loss=0.4333 val_loss=0.5969 val_BA=0.500 mejor_epoca=4
2026-09-26 17:54:54,393 INFO FRAIWAN_Extended/no_dn fold 1: config 18 (lr=0.001, dropout=0.5) epoca 5: train_loss=0.3423 val_loss=0.5860 val_BA=0.500 mejor_epoca=5
2026-09-26 17:54:54,811 INFO FRAIWAN_Extended/no_dn fold 1: config 18 (lr=0.001, dropout=0.5) epoca 10: train_loss=0.1595 val_loss=0.7033 val_BA=0.500 mejor_epoca=5
2026-09-26 17:54:55,638 INFO FRAIWAN_Extended/no_dn fold 1: config 18 (lr=0.001, dropout=0.5) epoca 20: train_loss=0.0695 val_loss=0.5775 val_BA=0.750 mejor_epoca=20
2026-09-26 17:54:56,468 INFO FRAIWAN_Extended/no_dn fold 1: config 18 (lr=0.001, dropout=0.5) epoca 30: train_loss=0.0203 val_loss=0.8284 val_BA=0.500 mejor_epoca=20
2026-09-26 17:54:56,716 INFO FRAIWAN_Extended/no_dn fold 1: config 18 (lr=0.001, dropout=0.5) epoca 33: train_loss=0.0169 val_loss=0.9562 val_BA=0.900 mejor_epoca=33
2026-09-26 17:54:56,799 INFO FRAIWAN_Extended/no_dn fold 1: config 18 (lr=0.001, dropout=0.5) epoca 34: train_loss=0.0207 val_loss=0.9513 val_BA=0.900 mejor_epoca=34
2026-09-26 17:54:57,310 INFO FRAIWAN_Extended/no_dn fold 1: config 18 (lr=0.001, dropout=0.5) epoca 40: train_loss=0.0187 val_loss=1.2607 val_BA=0.500 mejor_epoca=34
2026-09-26 17:54:58,076 INFO FRAIWAN_Extended/no_dn fold 1 config 18: OK val_BA=0.900 mejor_epoca=34 (0.1 min)
2026-09-26 17:54:58,176 INFO FRAIWAN_Extended/no_dn fold 1: config 19 (lr=0.001, dropout=0.5) epoca 1: train_loss=0.5880 val_loss=0.6608 val_BA=0.500 mejor_epoca=1
2026-09-26 17:54:58,259 INFO FRAIWAN_Extended/no_dn fold 1: config 19 (lr=0.001, dropout=0.5) epoca 2: train_loss=0.5807 val_loss=0.6149 val_BA=0.500 mejor_epoca=2
2026-09-26 17:54:58,342 INFO FRAIWAN_Extended/no_dn fold 1: config 19 (lr=0.001, dropout=0.5) epoca 3: train_loss=0.4772 val_loss=0.6045 val_BA=0.500 mejor_epoca=3
2026-09-26 17:54:58,924 INFO FRAIWAN_Extended/no_dn fold 1: config 19 (lr=0.001, dropout=0.5) epoca 10: train_loss=0.1242 val_loss=0.8148 val_BA=0.500 mejor_epoca=3
2026-09-26 17:54:59,338 INFO FRAIWAN_Extended/no_dn fold 1: config 19 (lr=0.001, dropout=0.5) epoca 15: train_loss=0.0612 val_loss=0.5401 val_BA=0.750 mejor_epoca=15
2026-09-26 17:54:59,422 INFO FRAIWAN_Extended/no_dn fold 1: config 19 (lr=0.001, dropout=0.5) epoca 16: train_loss=0.0528 val_loss=0.5309 val_BA=0.750 mejor_epoca=16
2026-09-26 17:54:59,506 INFO FRAIWAN_Extended/no_dn fold 1: config 19 (lr=0.001, dropout=0.5) epoca 17: train_loss=0.0555 val_loss=0.4442 val_BA=0.750 mejor_epoca=17
2026-09-26 17:54:59,755 INFO FRAIWAN_Extended/no_dn fold 1: config 19 (lr=0.001, dropout=0.5) epoca 20: train_loss=0.0481 val_loss=0.6753 val_BA=0.500 mejor_epoca=17
2026-09-26 17:54:59,921 INFO FRAIWAN_Extended/no_dn fold 1: config 19 (lr=0.001, dropout=0.5) epoca 22: train_loss=0.0418 val_loss=0.4294 val_BA=0.750 mejor_epoca=22
2026-09-26 17:55:00,589 INFO FRAIWAN_Extended/no_dn fold 1: config 19 (lr=0.001, dropout=0.5) epoca 30: train_loss=0.0179 val_loss=0.6031 val_BA=0.750 mejor_epoca=22
2026-09-26 17:55:01,184 INFO FRAIWAN_Extended/no_dn fold 1: config 19 (lr=0.001, dropout=0.5) epoca 37: train_loss=0.0308 val_loss=0.4106 val_BA=0.750 mejor_epoca=37
2026-09-26 17:55:01,434 INFO FRAIWAN_Extended/no_dn fold 1: config 19 (lr=0.001, dropout=0.5) epoca 40: train_loss=0.0330 val_loss=0.8956 val_BA=0.750 mejor_epoca=37
2026-09-26 17:55:02,269 INFO FRAIWAN_Extended/no_dn fold 1: config 19 (lr=0.001, dropout=0.5) epoca 50: train_loss=0.0142 val_loss=0.8468 val_BA=0.500 mejor_epoca=37
2026-09-26 17:55:02,453 INFO FRAIWAN_Extended/no_dn fold 1 config 19: OK val_BA=0.750 mejor_epoca=37 (0.1 min)
2026-09-26 17:55:02,698 INFO log-mel FRAIWAN_Extended/cv/fold_02/no_dn: 187/187
2026-09-26 17:55:02,869 INFO FRAIWAN_Extended/no_dn fold 2: log-mel no_dn listo en 0.4 s, forma (187, 1, 64, 309)
2026-09-26 17:55:02,874 INFO FRAIWAN_Extended/no_dn fold 2: 27/7 pacientes train/validation, 20 de 20 configuracion(es) por evaluar
2026-09-26 17:55:03,029 INFO FRAIWAN_Extended/no_dn fold 2: config 0 (lr=0.0001, dropout=0.3) epoca 1: train_loss=0.6421 val_loss=0.6517 val_BA=0.500 mejor_epoca=1
2026-09-26 17:55:03,123 INFO FRAIWAN_Extended/no_dn fold 2: config 0 (lr=0.0001, dropout=0.3) epoca 2: train_loss=0.4821 val_loss=0.6108 val_BA=0.500 mejor_epoca=2
2026-09-26 17:55:03,218 INFO FRAIWAN_Extended/no_dn fold 2: config 0 (lr=0.0001, dropout=0.3) epoca 3: train_loss=0.4318 val_loss=0.5742 val_BA=0.500 mejor_epoca=3
2026-09-26 17:55:03,406 INFO FRAIWAN_Extended/no_dn fold 2: config 0 (lr=0.0001, dropout=0.3) epoca 5: train_loss=0.3250 val_loss=0.5453 val_BA=0.500 mejor_epoca=5
2026-09-26 17:55:03,689 INFO FRAIWAN_Extended/no_dn fold 2: config 0 (lr=0.0001, dropout=0.3) epoca 8: train_loss=0.1898 val_loss=0.4257 val_BA=0.500 mejor_epoca=8
2026-09-26 17:55:03,878 INFO FRAIWAN_Extended/no_dn fold 2: config 0 (lr=0.0001, dropout=0.3) epoca 10: train_loss=0.1745 val_loss=1.7723 val_BA=0.083 mejor_epoca=8
2026-09-26 17:55:03,972 INFO FRAIWAN_Extended/no_dn fold 2: config 0 (lr=0.0001, dropout=0.3) epoca 11: train_loss=0.1524 val_loss=0.3689 val_BA=0.500 mejor_epoca=11
2026-09-26 17:55:04,843 INFO FRAIWAN_Extended/no_dn fold 2: config 0 (lr=0.0001, dropout=0.3) epoca 20: train_loss=0.0663 val_loss=2.7765 val_BA=0.583 mejor_epoca=20
2026-09-26 17:55:05,790 INFO FRAIWAN_Extended/no_dn fold 2: config 0 (lr=0.0001, dropout=0.3) epoca 30: train_loss=0.0430 val_loss=1.7813 val_BA=0.083 mejor_epoca=20
2026-09-26 17:55:06,278 INFO FRAIWAN_Extended/no_dn fold 2 config 0: OK val_BA=0.583 mejor_epoca=20 (0.1 min)
2026-09-26 17:55:06,378 INFO FRAIWAN_Extended/no_dn fold 2: config 1 (lr=0.0001, dropout=0.3) epoca 1: train_loss=0.6795 val_loss=0.6495 val_BA=0.500 mejor_epoca=1
2026-09-26 17:55:06,462 INFO FRAIWAN_Extended/no_dn fold 2: config 1 (lr=0.0001, dropout=0.3) epoca 2: train_loss=0.4966 val_loss=0.6149 val_BA=0.500 mejor_epoca=2
2026-09-26 17:55:06,545 INFO FRAIWAN_Extended/no_dn fold 2: config 1 (lr=0.0001, dropout=0.3) epoca 3: train_loss=0.4182 val_loss=0.5756 val_BA=0.500 mejor_epoca=3
2026-09-26 17:55:06,628 INFO FRAIWAN_Extended/no_dn fold 2: config 1 (lr=0.0001, dropout=0.3) epoca 4: train_loss=0.3676 val_loss=0.5390 val_BA=0.500 mejor_epoca=4
2026-09-26 17:55:06,711 INFO FRAIWAN_Extended/no_dn fold 2: config 1 (lr=0.0001, dropout=0.3) epoca 5: train_loss=0.3161 val_loss=0.5024 val_BA=0.500 mejor_epoca=5
2026-09-26 17:55:06,795 INFO FRAIWAN_Extended/no_dn fold 2: config 1 (lr=0.0001, dropout=0.3) epoca 6: train_loss=0.2833 val_loss=0.4691 val_BA=0.500 mejor_epoca=6
2026-09-26 17:55:06,878 INFO FRAIWAN_Extended/no_dn fold 2: config 1 (lr=0.0001, dropout=0.3) epoca 7: train_loss=0.2558 val_loss=0.4481 val_BA=0.500 mejor_epoca=7
2026-09-26 17:55:06,962 INFO FRAIWAN_Extended/no_dn fold 2: config 1 (lr=0.0001, dropout=0.3) epoca 8: train_loss=0.2035 val_loss=0.4272 val_BA=0.500 mejor_epoca=8
2026-09-26 17:55:07,045 INFO FRAIWAN_Extended/no_dn fold 2: config 1 (lr=0.0001, dropout=0.3) epoca 9: train_loss=0.1866 val_loss=0.4237 val_BA=0.500 mejor_epoca=9
2026-09-26 17:55:07,129 INFO FRAIWAN_Extended/no_dn fold 2: config 1 (lr=0.0001, dropout=0.3) epoca 10: train_loss=0.1537 val_loss=0.4537 val_BA=0.500 mejor_epoca=9
2026-09-26 17:55:07,961 INFO FRAIWAN_Extended/no_dn fold 2: config 1 (lr=0.0001, dropout=0.3) epoca 20: train_loss=0.0875 val_loss=1.4946 val_BA=0.083 mejor_epoca=9
2026-09-26 17:55:08,323 INFO FRAIWAN_Extended/no_dn fold 2 config 1: OK val_BA=0.500 mejor_epoca=9 (0.0 min)
2026-09-26 17:55:08,427 INFO FRAIWAN_Extended/no_dn fold 2: config 2 (lr=0.0001, dropout=0.4) epoca 1: train_loss=0.6869 val_loss=0.6983 val_BA=0.500 mejor_epoca=1
2026-09-26 17:55:08,514 INFO FRAIWAN_Extended/no_dn fold 2: config 2 (lr=0.0001, dropout=0.4) epoca 2: train_loss=0.5445 val_loss=0.6798 val_BA=0.500 mejor_epoca=2
2026-09-26 17:55:08,601 INFO FRAIWAN_Extended/no_dn fold 2: config 2 (lr=0.0001, dropout=0.4) epoca 3: train_loss=0.4814 val_loss=0.6340 val_BA=0.500 mejor_epoca=3
2026-09-26 17:55:08,688 INFO FRAIWAN_Extended/no_dn fold 2: config 2 (lr=0.0001, dropout=0.4) epoca 4: train_loss=0.4326 val_loss=0.5997 val_BA=0.500 mejor_epoca=4
2026-09-26 17:55:08,774 INFO FRAIWAN_Extended/no_dn fold 2: config 2 (lr=0.0001, dropout=0.4) epoca 5: train_loss=0.3763 val_loss=0.5950 val_BA=0.500 mejor_epoca=5
2026-09-26 17:55:09,213 INFO FRAIWAN_Extended/no_dn fold 2: config 2 (lr=0.0001, dropout=0.4) epoca 10: train_loss=0.1997 val_loss=1.4962 val_BA=0.167 mejor_epoca=5
2026-09-26 17:55:10,085 INFO FRAIWAN_Extended/no_dn fold 2: config 2 (lr=0.0001, dropout=0.4) epoca 20: train_loss=0.1033 val_loss=3.6584 val_BA=0.083 mejor_epoca=5
2026-09-26 17:55:10,104 INFO FRAIWAN_Extended/no_dn fold 2 config 2: OK val_BA=0.500 mejor_epoca=5 (0.0 min)
2026-09-26 17:55:10,216 INFO FRAIWAN_Extended/no_dn fold 2: config 3 (lr=0.0001, dropout=0.4) epoca 1: train_loss=0.6890 val_loss=0.7592 val_BA=0.500 mejor_epoca=1
2026-09-26 17:55:10,311 INFO FRAIWAN_Extended/no_dn fold 2: config 3 (lr=0.0001, dropout=0.4) epoca 2: train_loss=0.5419 val_loss=0.7332 val_BA=0.500 mejor_epoca=2
2026-09-26 17:55:11,064 INFO FRAIWAN_Extended/no_dn fold 2: config 3 (lr=0.0001, dropout=0.4) epoca 10: train_loss=0.1508 val_loss=0.8513 val_BA=0.250 mejor_epoca=2
2026-09-26 17:55:12,024 INFO FRAIWAN_Extended/no_dn fold 2: config 3 (lr=0.0001, dropout=0.4) epoca 20: train_loss=0.0894 val_loss=0.4994 val_BA=0.417 mejor_epoca=2
2026-09-26 17:55:12,041 INFO FRAIWAN_Extended/no_dn fold 2 config 3: OK val_BA=0.500 mejor_epoca=2 (0.0 min)
2026-09-26 17:55:12,146 INFO FRAIWAN_Extended/no_dn fold 2: config 4 (lr=0.0001, dropout=0.4) epoca 1: train_loss=0.6385 val_loss=0.6731 val_BA=0.500 mejor_epoca=1
2026-09-26 17:55:12,232 INFO FRAIWAN_Extended/no_dn fold 2: config 4 (lr=0.0001, dropout=0.4) epoca 2: train_loss=0.5052 val_loss=0.6296 val_BA=0.500 mejor_epoca=2
2026-09-26 17:55:12,318 INFO FRAIWAN_Extended/no_dn fold 2: config 4 (lr=0.0001, dropout=0.4) epoca 3: train_loss=0.4243 val_loss=0.5893 val_BA=0.500 mejor_epoca=3
2026-09-26 17:55:12,405 INFO FRAIWAN_Extended/no_dn fold 2: config 4 (lr=0.0001, dropout=0.4) epoca 4: train_loss=0.3869 val_loss=0.5329 val_BA=0.500 mejor_epoca=4
2026-09-26 17:55:12,492 INFO FRAIWAN_Extended/no_dn fold 2: config 4 (lr=0.0001, dropout=0.4) epoca 5: train_loss=0.3385 val_loss=0.4780 val_BA=0.500 mejor_epoca=5
2026-09-26 17:55:12,578 INFO FRAIWAN_Extended/no_dn fold 2: config 4 (lr=0.0001, dropout=0.4) epoca 6: train_loss=0.3045 val_loss=0.4604 val_BA=0.500 mejor_epoca=6
2026-09-26 17:55:12,925 INFO FRAIWAN_Extended/no_dn fold 2: config 4 (lr=0.0001, dropout=0.4) epoca 10: train_loss=0.1521 val_loss=1.2431 val_BA=0.083 mejor_epoca=6
2026-09-26 17:55:13,097 INFO FRAIWAN_Extended/no_dn fold 2: config 4 (lr=0.0001, dropout=0.4) epoca 12: train_loss=0.1308 val_loss=1.9669 val_BA=0.583 mejor_epoca=12
2026-09-26 17:55:13,787 INFO FRAIWAN_Extended/no_dn fold 2: config 4 (lr=0.0001, dropout=0.4) epoca 20: train_loss=0.0776 val_loss=0.5718 val_BA=0.333 mejor_epoca=12
2026-09-26 17:55:14,217 INFO FRAIWAN_Extended/no_dn fold 2: config 4 (lr=0.0001, dropout=0.4) epoca 25: train_loss=0.0678 val_loss=1.5087 val_BA=0.583 mejor_epoca=25
2026-09-26 17:55:14,648 INFO FRAIWAN_Extended/no_dn fold 2: config 4 (lr=0.0001, dropout=0.4) epoca 30: train_loss=0.0612 val_loss=1.1049 val_BA=0.167 mejor_epoca=25
2026-09-26 17:55:15,510 INFO FRAIWAN_Extended/no_dn fold 2: config 4 (lr=0.0001, dropout=0.4) epoca 40: train_loss=0.0577 val_loss=1.6358 val_BA=0.083 mejor_epoca=25
2026-09-26 17:55:15,534 INFO FRAIWAN_Extended/no_dn fold 2 config 4: OK val_BA=0.583 mejor_epoca=25 (0.1 min)
2026-09-26 17:55:15,644 INFO FRAIWAN_Extended/no_dn fold 2: config 5 (lr=0.0001, dropout=0.4) epoca 1: train_loss=0.7579 val_loss=0.6386 val_BA=0.500 mejor_epoca=1
2026-09-26 17:55:15,731 INFO FRAIWAN_Extended/no_dn fold 2: config 5 (lr=0.0001, dropout=0.4) epoca 2: train_loss=0.5045 val_loss=0.6177 val_BA=0.500 mejor_epoca=2
2026-09-26 17:55:15,816 INFO FRAIWAN_Extended/no_dn fold 2: config 5 (lr=0.0001, dropout=0.4) epoca 3: train_loss=0.4068 val_loss=0.5926 val_BA=0.500 mejor_epoca=3
2026-09-26 17:55:15,901 INFO FRAIWAN_Extended/no_dn fold 2: config 5 (lr=0.0001, dropout=0.4) epoca 4: train_loss=0.3514 val_loss=0.5690 val_BA=0.500 mejor_epoca=4
2026-09-26 17:55:15,986 INFO FRAIWAN_Extended/no_dn fold 2: config 5 (lr=0.0001, dropout=0.4) epoca 5: train_loss=0.3152 val_loss=0.5506 val_BA=0.500 mejor_epoca=5
2026-09-26 17:55:16,070 INFO FRAIWAN_Extended/no_dn fold 2: config 5 (lr=0.0001, dropout=0.4) epoca 6: train_loss=0.2599 val_loss=0.5364 val_BA=0.500 mejor_epoca=6
2026-09-26 17:55:16,155 INFO FRAIWAN_Extended/no_dn fold 2: config 5 (lr=0.0001, dropout=0.4) epoca 7: train_loss=0.2171 val_loss=0.5359 val_BA=0.500 mejor_epoca=7
2026-09-26 17:55:16,239 INFO FRAIWAN_Extended/no_dn fold 2: config 5 (lr=0.0001, dropout=0.4) epoca 8: train_loss=0.1693 val_loss=0.5272 val_BA=0.500 mejor_epoca=8
2026-09-26 17:55:16,408 INFO FRAIWAN_Extended/no_dn fold 2: config 5 (lr=0.0001, dropout=0.4) epoca 10: train_loss=0.1390 val_loss=0.5808 val_BA=0.500 mejor_epoca=8
2026-09-26 17:55:17,247 INFO FRAIWAN_Extended/no_dn fold 2: config 5 (lr=0.0001, dropout=0.4) epoca 20: train_loss=0.0625 val_loss=0.8087 val_BA=0.250 mejor_epoca=8
2026-09-26 17:55:17,517 INFO FRAIWAN_Extended/no_dn fold 2 config 5: OK val_BA=0.500 mejor_epoca=8 (0.0 min)
2026-09-26 17:55:17,630 INFO FRAIWAN_Extended/no_dn fold 2: config 6 (lr=0.0001, dropout=0.5) epoca 1: train_loss=0.7174 val_loss=0.7186 val_BA=0.500 mejor_epoca=1
2026-09-26 17:55:18,007 INFO FRAIWAN_Extended/no_dn fold 2: config 6 (lr=0.0001, dropout=0.5) epoca 5: train_loss=0.4532 val_loss=1.0626 val_BA=0.583 mejor_epoca=5
2026-09-26 17:55:18,480 INFO FRAIWAN_Extended/no_dn fold 2: config 6 (lr=0.0001, dropout=0.5) epoca 10: train_loss=0.2717 val_loss=0.9664 val_BA=0.167 mejor_epoca=5
2026-09-26 17:55:19,439 INFO FRAIWAN_Extended/no_dn fold 2: config 6 (lr=0.0001, dropout=0.5) epoca 20: train_loss=0.1063 val_loss=0.4048 val_BA=0.500 mejor_epoca=5
2026-09-26 17:55:19,459 INFO FRAIWAN_Extended/no_dn fold 2 config 6: OK val_BA=0.583 mejor_epoca=5 (0.0 min)
2026-09-26 17:55:19,560 INFO FRAIWAN_Extended/no_dn fold 2: config 7 (lr=0.0001, dropout=0.5) epoca 1: train_loss=0.6382 val_loss=0.7095 val_BA=0.500 mejor_epoca=1
2026-09-26 17:55:19,644 INFO FRAIWAN_Extended/no_dn fold 2: config 7 (lr=0.0001, dropout=0.5) epoca 2: train_loss=0.4973 val_loss=0.6972 val_BA=0.500 mejor_epoca=2
2026-09-26 17:55:19,728 INFO FRAIWAN_Extended/no_dn fold 2: config 7 (lr=0.0001, dropout=0.5) epoca 3: train_loss=0.4612 val_loss=0.6783 val_BA=0.500 mejor_epoca=3
2026-09-26 17:55:19,812 INFO FRAIWAN_Extended/no_dn fold 2: config 7 (lr=0.0001, dropout=0.5) epoca 4: train_loss=0.4142 val_loss=0.6600 val_BA=0.500 mejor_epoca=4
2026-09-26 17:55:19,896 INFO FRAIWAN_Extended/no_dn fold 2: config 7 (lr=0.0001, dropout=0.5) epoca 5: train_loss=0.3620 val_loss=0.6451 val_BA=0.500 mejor_epoca=5
2026-09-26 17:55:19,980 INFO FRAIWAN_Extended/no_dn fold 2: config 7 (lr=0.0001, dropout=0.5) epoca 6: train_loss=0.3744 val_loss=0.6218 val_BA=0.500 mejor_epoca=6
2026-09-26 17:55:20,064 INFO FRAIWAN_Extended/no_dn fold 2: config 7 (lr=0.0001, dropout=0.5) epoca 7: train_loss=0.2989 val_loss=0.5909 val_BA=0.500 mejor_epoca=7
2026-09-26 17:55:20,148 INFO FRAIWAN_Extended/no_dn fold 2: config 7 (lr=0.0001, dropout=0.5) epoca 8: train_loss=0.2776 val_loss=0.5555 val_BA=0.500 mejor_epoca=8
2026-09-26 17:55:20,232 INFO FRAIWAN_Extended/no_dn fold 2: config 7 (lr=0.0001, dropout=0.5) epoca 9: train_loss=0.2679 val_loss=0.5216 val_BA=0.500 mejor_epoca=9
2026-09-26 17:55:20,316 INFO FRAIWAN_Extended/no_dn fold 2: config 7 (lr=0.0001, dropout=0.5) epoca 10: train_loss=0.2320 val_loss=0.5312 val_BA=0.500 mejor_epoca=9
2026-09-26 17:55:21,158 INFO FRAIWAN_Extended/no_dn fold 2: config 7 (lr=0.0001, dropout=0.5) epoca 20: train_loss=0.1116 val_loss=1.6418 val_BA=0.583 mejor_epoca=20
2026-09-26 17:55:21,994 INFO FRAIWAN_Extended/no_dn fold 2: config 7 (lr=0.0001, dropout=0.5) epoca 30: train_loss=0.0858 val_loss=0.8881 val_BA=0.167 mejor_epoca=20
2026-09-26 17:55:22,430 INFO FRAIWAN_Extended/no_dn fold 2 config 7: OK val_BA=0.583 mejor_epoca=20 (0.0 min)
2026-09-26 17:55:22,531 INFO FRAIWAN_Extended/no_dn fold 2: config 8 (lr=0.0003, dropout=0.3) epoca 1: train_loss=0.6909 val_loss=0.7032 val_BA=0.500 mejor_epoca=1
2026-09-26 17:55:22,615 INFO FRAIWAN_Extended/no_dn fold 2: config 8 (lr=0.0003, dropout=0.3) epoca 2: train_loss=0.5620 val_loss=0.6696 val_BA=0.500 mejor_epoca=2
2026-09-26 17:55:22,699 INFO FRAIWAN_Extended/no_dn fold 2: config 8 (lr=0.0003, dropout=0.3) epoca 3: train_loss=0.4382 val_loss=0.6107 val_BA=0.500 mejor_epoca=3
2026-09-26 17:55:22,783 INFO FRAIWAN_Extended/no_dn fold 2: config 8 (lr=0.0003, dropout=0.3) epoca 4: train_loss=0.3617 val_loss=0.5386 val_BA=0.500 mejor_epoca=4
2026-09-26 17:55:22,866 INFO FRAIWAN_Extended/no_dn fold 2: config 8 (lr=0.0003, dropout=0.3) epoca 5: train_loss=0.2995 val_loss=0.5011 val_BA=0.500 mejor_epoca=5
2026-09-26 17:55:23,037 INFO FRAIWAN_Extended/no_dn fold 2: config 8 (lr=0.0003, dropout=0.3) epoca 7: train_loss=0.2200 val_loss=0.4652 val_BA=0.500 mejor_epoca=7
2026-09-26 17:55:23,299 INFO FRAIWAN_Extended/no_dn fold 2: config 8 (lr=0.0003, dropout=0.3) epoca 10: train_loss=0.1477 val_loss=0.8612 val_BA=0.167 mejor_epoca=7
2026-09-26 17:55:23,971 INFO FRAIWAN_Extended/no_dn fold 2: config 8 (lr=0.0003, dropout=0.3) epoca 18: train_loss=0.0686 val_loss=0.4280 val_BA=0.500 mejor_epoca=18
2026-09-26 17:55:24,139 INFO FRAIWAN_Extended/no_dn fold 2: config 8 (lr=0.0003, dropout=0.3) epoca 20: train_loss=0.0614 val_loss=2.5795 val_BA=0.083 mejor_epoca=18
2026-09-26 17:55:24,988 INFO FRAIWAN_Extended/no_dn fold 2: config 8 (lr=0.0003, dropout=0.3) epoca 30: train_loss=0.0468 val_loss=2.0387 val_BA=0.167 mejor_epoca=18
2026-09-26 17:55:25,257 INFO FRAIWAN_Extended/no_dn fold 2 config 8: OK val_BA=0.500 mejor_epoca=18 (0.0 min)
2026-09-26 17:55:25,360 INFO FRAIWAN_Extended/no_dn fold 2: config 9 (lr=0.0003, dropout=0.4) epoca 1: train_loss=0.6091 val_loss=0.6172 val_BA=0.500 mejor_epoca=1
2026-09-26 17:55:25,446 INFO FRAIWAN_Extended/no_dn fold 2: config 9 (lr=0.0003, dropout=0.4) epoca 2: train_loss=0.5146 val_loss=0.5109 val_BA=0.500 mejor_epoca=2
2026-09-26 17:55:25,532 INFO FRAIWAN_Extended/no_dn fold 2: config 9 (lr=0.0003, dropout=0.4) epoca 3: train_loss=0.4347 val_loss=0.4416 val_BA=0.500 mejor_epoca=3
2026-09-26 17:55:25,618 INFO FRAIWAN_Extended/no_dn fold 2: config 9 (lr=0.0003, dropout=0.4) epoca 4: train_loss=0.3595 val_loss=0.4227 val_BA=0.500 mejor_epoca=4
2026-09-26 17:55:25,789 INFO FRAIWAN_Extended/no_dn fold 2: config 9 (lr=0.0003, dropout=0.4) epoca 6: train_loss=0.2331 val_loss=0.4093 val_BA=0.500 mejor_epoca=6
2026-09-26 17:55:25,961 INFO FRAIWAN_Extended/no_dn fold 2: config 9 (lr=0.0003, dropout=0.4) epoca 8: train_loss=0.1631 val_loss=0.4052 val_BA=0.500 mejor_epoca=8
2026-09-26 17:55:26,134 INFO FRAIWAN_Extended/no_dn fold 2: config 9 (lr=0.0003, dropout=0.4) epoca 10: train_loss=0.1195 val_loss=0.4089 val_BA=0.500 mejor_epoca=8
2026-09-26 17:55:26,476 INFO FRAIWAN_Extended/no_dn fold 2: config 9 (lr=0.0003, dropout=0.4) epoca 14: train_loss=0.0620 val_loss=3.3817 val_BA=0.583 mejor_epoca=14
2026-09-26 17:55:27,006 INFO FRAIWAN_Extended/no_dn fold 2: config 9 (lr=0.0003, dropout=0.4) epoca 20: train_loss=0.0477 val_loss=2.4171 val_BA=0.083 mejor_epoca=14
2026-09-26 17:55:27,807 INFO FRAIWAN_Extended/no_dn fold 2 config 9: OK val_BA=0.583 mejor_epoca=14 (0.0 min)
2026-09-26 17:55:27,919 INFO FRAIWAN_Extended/no_dn fold 2: config 10 (lr=0.0003, dropout=0.4) epoca 1: train_loss=0.5733 val_loss=0.5517 val_BA=0.500 mejor_epoca=1
2026-09-26 17:55:28,014 INFO FRAIWAN_Extended/no_dn fold 2: config 10 (lr=0.0003, dropout=0.4) epoca 2: train_loss=0.4324 val_loss=0.4177 val_BA=0.500 mejor_epoca=2
2026-09-26 17:55:28,489 INFO FRAIWAN_Extended/no_dn fold 2: config 10 (lr=0.0003, dropout=0.4) epoca 7: train_loss=0.1800 val_loss=0.3560 val_BA=0.500 mejor_epoca=7
2026-09-26 17:55:28,772 INFO FRAIWAN_Extended/no_dn fold 2: config 10 (lr=0.0003, dropout=0.4) epoca 10: train_loss=0.0644 val_loss=1.6514 val_BA=0.167 mejor_epoca=7
2026-09-26 17:55:29,711 INFO FRAIWAN_Extended/no_dn fold 2: config 10 (lr=0.0003, dropout=0.4) epoca 20: train_loss=0.0330 val_loss=1.3692 val_BA=0.333 mejor_epoca=7
2026-09-26 17:55:29,920 INFO FRAIWAN_Extended/no_dn fold 2 config 10: OK val_BA=0.500 mejor_epoca=7 (0.0 min)
2026-09-26 17:55:30,022 INFO FRAIWAN_Extended/no_dn fold 2: config 11 (lr=0.0003, dropout=0.5) epoca 1: train_loss=0.7455 val_loss=0.7155 val_BA=0.500 mejor_epoca=1
2026-09-26 17:55:30,526 INFO FRAIWAN_Extended/no_dn fold 2: config 11 (lr=0.0003, dropout=0.5) epoca 7: train_loss=0.2871 val_loss=0.5876 val_BA=0.500 mejor_epoca=7
2026-09-26 17:55:30,614 INFO FRAIWAN_Extended/no_dn fold 2: config 11 (lr=0.0003, dropout=0.5) epoca 8: train_loss=0.2447 val_loss=0.4984 val_BA=0.500 mejor_epoca=8
2026-09-26 17:55:30,702 INFO FRAIWAN_Extended/no_dn fold 2: config 11 (lr=0.0003, dropout=0.5) epoca 9: train_loss=0.2018 val_loss=0.4710 val_BA=0.500 mejor_epoca=9
2026-09-26 17:55:30,788 INFO FRAIWAN_Extended/no_dn fold 2: config 11 (lr=0.0003, dropout=0.5) epoca 10: train_loss=0.1591 val_loss=0.4067 val_BA=0.500 mejor_epoca=10
2026-09-26 17:55:31,627 INFO FRAIWAN_Extended/no_dn fold 2: config 11 (lr=0.0003, dropout=0.5) epoca 20: train_loss=0.0766 val_loss=2.7270 val_BA=0.083 mejor_epoca=10
2026-09-26 17:55:32,047 INFO FRAIWAN_Extended/no_dn fold 2: config 11 (lr=0.0003, dropout=0.5) epoca 25: train_loss=0.0618 val_loss=0.4066 val_BA=0.500 mejor_epoca=25
2026-09-26 17:55:32,465 INFO FRAIWAN_Extended/no_dn fold 2: config 11 (lr=0.0003, dropout=0.5) epoca 30: train_loss=0.0901 val_loss=3.7898 val_BA=0.500 mejor_epoca=25
2026-09-26 17:55:33,302 INFO FRAIWAN_Extended/no_dn fold 2: config 11 (lr=0.0003, dropout=0.5) epoca 40: train_loss=0.0448 val_loss=2.0834 val_BA=0.083 mejor_epoca=25
2026-09-26 17:55:33,320 INFO FRAIWAN_Extended/no_dn fold 2 config 11: OK val_BA=0.500 mejor_epoca=25 (0.1 min)
2026-09-26 17:55:33,424 INFO FRAIWAN_Extended/no_dn fold 2: config 12 (lr=0.0003, dropout=0.5) epoca 1: train_loss=0.7151 val_loss=0.6263 val_BA=0.500 mejor_epoca=1
2026-09-26 17:55:33,510 INFO FRAIWAN_Extended/no_dn fold 2: config 12 (lr=0.0003, dropout=0.5) epoca 2: train_loss=0.5881 val_loss=0.5201 val_BA=0.500 mejor_epoca=2
2026-09-26 17:55:33,596 INFO FRAIWAN_Extended/no_dn fold 2: config 12 (lr=0.0003, dropout=0.5) epoca 3: train_loss=0.5089 val_loss=0.4708 val_BA=0.500 mejor_epoca=3
2026-09-26 17:55:34,114 INFO FRAIWAN_Extended/no_dn fold 2: config 12 (lr=0.0003, dropout=0.5) epoca 9: train_loss=0.1352 val_loss=0.4677 val_BA=0.500 mejor_epoca=9
2026-09-26 17:55:34,200 INFO FRAIWAN_Extended/no_dn fold 2: config 12 (lr=0.0003, dropout=0.5) epoca 10: train_loss=0.1235 val_loss=2.4476 val_BA=0.083 mejor_epoca=9
2026-09-26 17:55:34,819 INFO FRAIWAN_Extended/no_dn fold 2: config 12 (lr=0.0003, dropout=0.5) epoca 17: train_loss=0.0724 val_loss=0.3633 val_BA=0.500 mejor_epoca=17
2026-09-26 17:55:35,080 INFO FRAIWAN_Extended/no_dn fold 2: config 12 (lr=0.0003, dropout=0.5) epoca 20: train_loss=0.0516 val_loss=0.9889 val_BA=0.250 mejor_epoca=17
2026-09-26 17:55:35,943 INFO FRAIWAN_Extended/no_dn fold 2: config 12 (lr=0.0003, dropout=0.5) epoca 30: train_loss=0.0340 val_loss=2.4762 val_BA=0.083 mejor_epoca=17
2026-09-26 17:55:36,132 INFO FRAIWAN_Extended/no_dn fold 2 config 12: OK val_BA=0.500 mejor_epoca=17 (0.0 min)
2026-09-26 17:55:36,245 INFO FRAIWAN_Extended/no_dn fold 2: config 13 (lr=0.001, dropout=0.2) epoca 1: train_loss=0.6067 val_loss=0.4244 val_BA=0.500 mejor_epoca=1
2026-09-26 17:55:36,433 INFO FRAIWAN_Extended/no_dn fold 2: config 13 (lr=0.001, dropout=0.2) epoca 3: train_loss=0.3744 val_loss=1.9099 val_BA=0.583 mejor_epoca=3
2026-09-26 17:55:37,091 INFO FRAIWAN_Extended/no_dn fold 2: config 13 (lr=0.001, dropout=0.2) epoca 10: train_loss=0.0984 val_loss=0.9188 val_BA=0.417 mejor_epoca=3
2026-09-26 17:55:38,036 INFO FRAIWAN_Extended/no_dn fold 2: config 13 (lr=0.001, dropout=0.2) epoca 20: train_loss=0.0511 val_loss=1.5131 val_BA=0.333 mejor_epoca=3
2026-09-26 17:55:38,058 INFO FRAIWAN_Extended/no_dn fold 2 config 13: OK val_BA=0.583 mejor_epoca=3 (0.0 min)
2026-09-26 17:55:38,167 INFO FRAIWAN_Extended/no_dn fold 2: config 14 (lr=0.001, dropout=0.3) epoca 1: train_loss=0.6843 val_loss=0.6967 val_BA=0.500 mejor_epoca=1
2026-09-26 17:55:38,252 INFO FRAIWAN_Extended/no_dn fold 2: config 14 (lr=0.001, dropout=0.3) epoca 2: train_loss=0.6084 val_loss=0.6619 val_BA=0.500 mejor_epoca=2
2026-09-26 17:55:38,336 INFO FRAIWAN_Extended/no_dn fold 2: config 14 (lr=0.001, dropout=0.3) epoca 3: train_loss=0.6040 val_loss=0.5709 val_BA=0.500 mejor_epoca=3
2026-09-26 17:55:38,502 INFO FRAIWAN_Extended/no_dn fold 2: config 14 (lr=0.001, dropout=0.3) epoca 5: train_loss=0.3207 val_loss=0.5116 val_BA=0.500 mejor_epoca=5
2026-09-26 17:55:38,752 INFO FRAIWAN_Extended/no_dn fold 2: config 14 (lr=0.001, dropout=0.3) epoca 8: train_loss=0.1984 val_loss=1.8261 val_BA=0.583 mejor_epoca=8
2026-09-26 17:55:38,836 INFO FRAIWAN_Extended/no_dn fold 2: config 14 (lr=0.001, dropout=0.3) epoca 9: train_loss=0.1866 val_loss=1.1884 val_BA=0.583 mejor_epoca=9
2026-09-26 17:55:38,918 INFO FRAIWAN_Extended/no_dn fold 2: config 14 (lr=0.001, dropout=0.3) epoca 10: train_loss=0.1810 val_loss=1.3040 val_BA=0.167 mejor_epoca=9
2026-09-26 17:55:39,750 INFO FRAIWAN_Extended/no_dn fold 2: config 14 (lr=0.001, dropout=0.3) epoca 20: train_loss=0.0399 val_loss=1.6139 val_BA=0.083 mejor_epoca=9
2026-09-26 17:55:40,106 INFO FRAIWAN_Extended/no_dn fold 2 config 14: OK val_BA=0.583 mejor_epoca=9 (0.0 min)
2026-09-26 17:55:40,210 INFO FRAIWAN_Extended/no_dn fold 2: config 15 (lr=0.001, dropout=0.3) epoca 1: train_loss=0.6319 val_loss=0.6125 val_BA=0.500 mejor_epoca=1
2026-09-26 17:55:40,296 INFO FRAIWAN_Extended/no_dn fold 2: config 15 (lr=0.001, dropout=0.3) epoca 2: train_loss=0.5293 val_loss=0.4576 val_BA=0.500 mejor_epoca=2
2026-09-26 17:55:40,467 INFO FRAIWAN_Extended/no_dn fold 2: config 15 (lr=0.001, dropout=0.3) epoca 4: train_loss=0.3307 val_loss=0.3734 val_BA=0.500 mejor_epoca=4
2026-09-26 17:55:40,639 INFO FRAIWAN_Extended/no_dn fold 2: config 15 (lr=0.001, dropout=0.3) epoca 6: train_loss=0.2146 val_loss=1.0463 val_BA=0.667 mejor_epoca=6
2026-09-26 17:55:40,982 INFO FRAIWAN_Extended/no_dn fold 2: config 15 (lr=0.001, dropout=0.3) epoca 10: train_loss=0.0905 val_loss=1.2538 val_BA=0.250 mejor_epoca=6
2026-09-26 17:55:41,849 INFO FRAIWAN_Extended/no_dn fold 2: config 15 (lr=0.001, dropout=0.3) epoca 20: train_loss=0.0142 val_loss=3.0897 val_BA=0.083 mejor_epoca=6
2026-09-26 17:55:41,957 INFO FRAIWAN_Extended/no_dn fold 2 config 15: OK val_BA=0.667 mejor_epoca=6 (0.0 min)
2026-09-26 17:55:42,069 INFO FRAIWAN_Extended/no_dn fold 2: config 16 (lr=0.001, dropout=0.4) epoca 1: train_loss=0.7091 val_loss=0.5443 val_BA=0.500 mejor_epoca=1
2026-09-26 17:55:42,164 INFO FRAIWAN_Extended/no_dn fold 2: config 16 (lr=0.001, dropout=0.4) epoca 2: train_loss=0.5067 val_loss=0.3723 val_BA=0.500 mejor_epoca=2
2026-09-26 17:55:42,916 INFO FRAIWAN_Extended/no_dn fold 2: config 16 (lr=0.001, dropout=0.4) epoca 10: train_loss=0.1247 val_loss=0.9827 val_BA=0.417 mejor_epoca=2
2026-09-26 17:55:43,858 INFO FRAIWAN_Extended/no_dn fold 2: config 16 (lr=0.001, dropout=0.4) epoca 20: train_loss=0.0184 val_loss=1.9639 val_BA=0.250 mejor_epoca=2
2026-09-26 17:55:43,876 INFO FRAIWAN_Extended/no_dn fold 2 config 16: OK val_BA=0.500 mejor_epoca=2 (0.0 min)
2026-09-26 17:55:43,978 INFO FRAIWAN_Extended/no_dn fold 2: config 17 (lr=0.001, dropout=0.5) epoca 1: train_loss=0.7271 val_loss=0.6322 val_BA=0.500 mejor_epoca=1
2026-09-26 17:55:44,064 INFO FRAIWAN_Extended/no_dn fold 2: config 17 (lr=0.001, dropout=0.5) epoca 2: train_loss=0.6217 val_loss=0.5056 val_BA=0.500 mejor_epoca=2
2026-09-26 17:55:44,322 INFO FRAIWAN_Extended/no_dn fold 2: config 17 (lr=0.001, dropout=0.5) epoca 5: train_loss=0.3584 val_loss=0.3655 val_BA=0.500 mejor_epoca=5
2026-09-26 17:55:44,493 INFO FRAIWAN_Extended/no_dn fold 2: config 17 (lr=0.001, dropout=0.5) epoca 7: train_loss=0.2046 val_loss=0.3650 val_BA=0.500 mejor_epoca=7
2026-09-26 17:55:44,751 INFO FRAIWAN_Extended/no_dn fold 2: config 17 (lr=0.001, dropout=0.5) epoca 10: train_loss=0.1354 val_loss=3.2849 val_BA=0.083 mejor_epoca=7
2026-09-26 17:55:45,441 INFO FRAIWAN_Extended/no_dn fold 2: config 17 (lr=0.001, dropout=0.5) epoca 18: train_loss=0.0347 val_loss=2.6277 val_BA=0.583 mejor_epoca=18
2026-09-26 17:55:45,625 INFO FRAIWAN_Extended/no_dn fold 2: config 17 (lr=0.001, dropout=0.5) epoca 20: train_loss=0.0386 val_loss=0.8185 val_BA=0.417 mejor_epoca=18
2026-09-26 17:55:46,486 INFO FRAIWAN_Extended/no_dn fold 2: config 17 (lr=0.001, dropout=0.5) epoca 30: train_loss=0.0201 val_loss=4.9823 val_BA=0.583 mejor_epoca=18
2026-09-26 17:55:46,759 INFO FRAIWAN_Extended/no_dn fold 2 config 17: OK val_BA=0.583 mejor_epoca=18 (0.0 min)
2026-09-26 17:55:46,859 INFO FRAIWAN_Extended/no_dn fold 2: config 18 (lr=0.001, dropout=0.5) epoca 1: train_loss=0.6843 val_loss=0.6434 val_BA=0.500 mejor_epoca=1
2026-09-26 17:55:46,942 INFO FRAIWAN_Extended/no_dn fold 2: config 18 (lr=0.001, dropout=0.5) epoca 2: train_loss=0.5408 val_loss=0.5677 val_BA=0.500 mejor_epoca=2
2026-09-26 17:55:47,025 INFO FRAIWAN_Extended/no_dn fold 2: config 18 (lr=0.001, dropout=0.5) epoca 3: train_loss=0.4948 val_loss=0.4986 val_BA=0.500 mejor_epoca=3
2026-09-26 17:55:47,357 INFO FRAIWAN_Extended/no_dn fold 2: config 18 (lr=0.001, dropout=0.5) epoca 7: train_loss=0.2972 val_loss=0.4074 val_BA=0.500 mejor_epoca=7
2026-09-26 17:55:47,439 INFO FRAIWAN_Extended/no_dn fold 2: config 18 (lr=0.001, dropout=0.5) epoca 8: train_loss=0.2306 val_loss=0.3641 val_BA=0.500 mejor_epoca=8
2026-09-26 17:55:47,524 INFO FRAIWAN_Extended/no_dn fold 2: config 18 (lr=0.001, dropout=0.5) epoca 9: train_loss=0.1997 val_loss=0.3268 val_BA=0.500 mejor_epoca=9
2026-09-26 17:55:47,608 INFO FRAIWAN_Extended/no_dn fold 2: config 18 (lr=0.001, dropout=0.5) epoca 10: train_loss=0.1532 val_loss=1.4603 val_BA=0.167 mejor_epoca=9
2026-09-26 17:55:47,692 INFO FRAIWAN_Extended/no_dn fold 2: config 18 (lr=0.001, dropout=0.5) epoca 11: train_loss=0.1148 val_loss=2.9625 val_BA=0.583 mejor_epoca=11
2026-09-26 17:55:48,354 INFO FRAIWAN_Extended/no_dn fold 2: config 18 (lr=0.001, dropout=0.5) epoca 19: train_loss=0.0488 val_loss=1.2854 val_BA=0.667 mejor_epoca=19
2026-09-26 17:55:48,436 INFO FRAIWAN_Extended/no_dn fold 2: config 18 (lr=0.001, dropout=0.5) epoca 20: train_loss=0.0566 val_loss=1.8367 val_BA=0.667 mejor_epoca=19
2026-09-26 17:55:49,271 INFO FRAIWAN_Extended/no_dn fold 2: config 18 (lr=0.001, dropout=0.5) epoca 30: train_loss=0.0323 val_loss=3.7887 val_BA=0.083 mejor_epoca=19
2026-09-26 17:55:49,628 INFO FRAIWAN_Extended/no_dn fold 2 config 18: OK val_BA=0.667 mejor_epoca=19 (0.0 min)
2026-09-26 17:55:49,728 INFO FRAIWAN_Extended/no_dn fold 2: config 19 (lr=0.001, dropout=0.5) epoca 1: train_loss=0.6729 val_loss=0.7132 val_BA=0.500 mejor_epoca=1
2026-09-26 17:55:49,812 INFO FRAIWAN_Extended/no_dn fold 2: config 19 (lr=0.001, dropout=0.5) epoca 2: train_loss=0.6806 val_loss=0.6604 val_BA=0.500 mejor_epoca=2
2026-09-26 17:55:49,894 INFO FRAIWAN_Extended/no_dn fold 2: config 19 (lr=0.001, dropout=0.5) epoca 3: train_loss=0.5675 val_loss=0.6016 val_BA=0.500 mejor_epoca=3
2026-09-26 17:55:49,977 INFO FRAIWAN_Extended/no_dn fold 2: config 19 (lr=0.001, dropout=0.5) epoca 4: train_loss=0.4820 val_loss=0.5106 val_BA=0.500 mejor_epoca=4
2026-09-26 17:55:50,477 INFO FRAIWAN_Extended/no_dn fold 2: config 19 (lr=0.001, dropout=0.5) epoca 10: train_loss=0.1679 val_loss=1.5140 val_BA=0.167 mejor_epoca=4
2026-09-26 17:55:51,221 INFO FRAIWAN_Extended/no_dn fold 2: config 19 (lr=0.001, dropout=0.5) epoca 19: train_loss=0.0501 val_loss=3.5525 val_BA=0.583 mejor_epoca=19
2026-09-26 17:55:51,303 INFO FRAIWAN_Extended/no_dn fold 2: config 19 (lr=0.001, dropout=0.5) epoca 20: train_loss=0.0568 val_loss=3.3067 val_BA=0.667 mejor_epoca=20
2026-09-26 17:55:52,133 INFO FRAIWAN_Extended/no_dn fold 2: config 19 (lr=0.001, dropout=0.5) epoca 30: train_loss=0.0244 val_loss=3.9007 val_BA=0.583 mejor_epoca=20
2026-09-26 17:55:52,566 INFO FRAIWAN_Extended/no_dn fold 2 config 19: OK val_BA=0.667 mejor_epoca=20 (0.0 min)
2026-09-26 17:55:52,808 INFO log-mel FRAIWAN_Extended/cv/fold_03/no_dn: 187/187
2026-09-26 17:55:52,995 INFO FRAIWAN_Extended/no_dn fold 3: log-mel no_dn listo en 0.4 s, forma (187, 1, 64, 309)
2026-09-26 17:55:53,000 INFO FRAIWAN_Extended/no_dn fold 3: 27/7 pacientes train/validation, 20 de 20 configuracion(es) por evaluar
2026-09-26 17:55:53,135 INFO FRAIWAN_Extended/no_dn fold 3: config 0 (lr=0.0001, dropout=0.3) epoca 1: train_loss=0.7904 val_loss=0.6154 val_BA=0.500 mejor_epoca=1
2026-09-26 17:55:53,229 INFO FRAIWAN_Extended/no_dn fold 3: config 0 (lr=0.0001, dropout=0.3) epoca 2: train_loss=0.5581 val_loss=0.4807 val_BA=0.500 mejor_epoca=2
2026-09-26 17:55:53,322 INFO FRAIWAN_Extended/no_dn fold 3: config 0 (lr=0.0001, dropout=0.3) epoca 3: train_loss=0.5184 val_loss=0.3818 val_BA=0.500 mejor_epoca=3
2026-09-26 17:55:53,415 INFO FRAIWAN_Extended/no_dn fold 3: config 0 (lr=0.0001, dropout=0.3) epoca 4: train_loss=0.4271 val_loss=0.3599 val_BA=0.500 mejor_epoca=4
2026-09-26 17:55:53,508 INFO FRAIWAN_Extended/no_dn fold 3: config 0 (lr=0.0001, dropout=0.3) epoca 5: train_loss=0.3952 val_loss=0.2821 val_BA=0.500 mejor_epoca=5
2026-09-26 17:55:53,601 INFO FRAIWAN_Extended/no_dn fold 3: config 0 (lr=0.0001, dropout=0.3) epoca 6: train_loss=0.2970 val_loss=0.6114 val_BA=0.833 mejor_epoca=6
2026-09-26 17:55:53,695 INFO FRAIWAN_Extended/no_dn fold 3: config 0 (lr=0.0001, dropout=0.3) epoca 7: train_loss=0.2324 val_loss=0.6488 val_BA=0.917 mejor_epoca=7
2026-09-26 17:55:53,788 INFO FRAIWAN_Extended/no_dn fold 3: config 0 (lr=0.0001, dropout=0.3) epoca 8: train_loss=0.1921 val_loss=0.5580 val_BA=0.917 mejor_epoca=8
2026-09-26 17:55:53,881 INFO FRAIWAN_Extended/no_dn fold 3: config 0 (lr=0.0001, dropout=0.3) epoca 9: train_loss=0.1731 val_loss=0.3352 val_BA=1.000 mejor_epoca=9
2026-09-26 17:55:53,974 INFO FRAIWAN_Extended/no_dn fold 3: config 0 (lr=0.0001, dropout=0.3) epoca 10: train_loss=0.1483 val_loss=0.4583 val_BA=1.000 mejor_epoca=9
2026-09-26 17:55:54,905 INFO FRAIWAN_Extended/no_dn fold 3: config 0 (lr=0.0001, dropout=0.3) epoca 20: train_loss=0.0602 val_loss=0.2390 val_BA=0.500 mejor_epoca=9
2026-09-26 17:55:55,299 INFO FRAIWAN_Extended/no_dn fold 3 config 0: OK val_BA=1.000 mejor_epoca=9 (0.0 min)
2026-09-26 17:55:55,428 INFO FRAIWAN_Extended/no_dn fold 3: config 1 (lr=0.0001, dropout=0.3) epoca 1: train_loss=0.7519 val_loss=0.7079 val_BA=0.500 mejor_epoca=1
2026-09-26 17:55:55,761 INFO FRAIWAN_Extended/no_dn fold 3: config 1 (lr=0.0001, dropout=0.3) epoca 5: train_loss=0.4033 val_loss=0.6930 val_BA=0.750 mejor_epoca=5
2026-09-26 17:55:56,177 INFO FRAIWAN_Extended/no_dn fold 3: config 1 (lr=0.0001, dropout=0.3) epoca 10: train_loss=0.2259 val_loss=0.4461 val_BA=0.500 mejor_epoca=5
2026-09-26 17:55:56,594 INFO FRAIWAN_Extended/no_dn fold 3: config 1 (lr=0.0001, dropout=0.3) epoca 15: train_loss=0.1507 val_loss=0.4178 val_BA=0.917 mejor_epoca=15
2026-09-26 17:55:56,767 INFO FRAIWAN_Extended/no_dn fold 3: config 1 (lr=0.0001, dropout=0.3) epoca 17: train_loss=0.1647 val_loss=0.4032 val_BA=1.000 mejor_epoca=17
2026-09-26 17:55:57,022 INFO FRAIWAN_Extended/no_dn fold 3: config 1 (lr=0.0001, dropout=0.3) epoca 20: train_loss=0.1188 val_loss=0.3617 val_BA=0.917 mejor_epoca=17
2026-09-26 17:55:57,106 INFO FRAIWAN_Extended/no_dn fold 3: config 1 (lr=0.0001, dropout=0.3) epoca 21: train_loss=0.1202 val_loss=0.3562 val_BA=1.000 mejor_epoca=21
2026-09-26 17:55:57,858 INFO FRAIWAN_Extended/no_dn fold 3: config 1 (lr=0.0001, dropout=0.3) epoca 30: train_loss=0.1019 val_loss=0.5097 val_BA=0.917 mejor_epoca=21
2026-09-26 17:55:58,377 INFO FRAIWAN_Extended/no_dn fold 3 config 1: OK val_BA=1.000 mejor_epoca=21 (0.1 min)
2026-09-26 17:55:58,481 INFO FRAIWAN_Extended/no_dn fold 3: config 2 (lr=0.0001, dropout=0.4) epoca 1: train_loss=0.6754 val_loss=0.6582 val_BA=0.500 mejor_epoca=1
2026-09-26 17:55:58,567 INFO FRAIWAN_Extended/no_dn fold 3: config 2 (lr=0.0001, dropout=0.4) epoca 2: train_loss=0.5449 val_loss=0.6238 val_BA=0.500 mejor_epoca=2
2026-09-26 17:55:58,653 INFO FRAIWAN_Extended/no_dn fold 3: config 2 (lr=0.0001, dropout=0.4) epoca 3: train_loss=0.4711 val_loss=0.5987 val_BA=0.500 mejor_epoca=3
2026-09-26 17:55:58,739 INFO FRAIWAN_Extended/no_dn fold 3: config 2 (lr=0.0001, dropout=0.4) epoca 4: train_loss=0.3973 val_loss=0.5675 val_BA=0.500 mejor_epoca=4
2026-09-26 17:55:58,825 INFO FRAIWAN_Extended/no_dn fold 3: config 2 (lr=0.0001, dropout=0.4) epoca 5: train_loss=0.3950 val_loss=0.5049 val_BA=0.500 mejor_epoca=5
2026-09-26 17:55:58,911 INFO FRAIWAN_Extended/no_dn fold 3: config 2 (lr=0.0001, dropout=0.4) epoca 6: train_loss=0.3470 val_loss=0.4455 val_BA=0.500 mejor_epoca=6
2026-09-26 17:55:58,997 INFO FRAIWAN_Extended/no_dn fold 3: config 2 (lr=0.0001, dropout=0.4) epoca 7: train_loss=0.3003 val_loss=0.3988 val_BA=0.500 mejor_epoca=7
2026-09-26 17:55:59,168 INFO FRAIWAN_Extended/no_dn fold 3: config 2 (lr=0.0001, dropout=0.4) epoca 9: train_loss=0.2176 val_loss=0.3500 val_BA=0.500 mejor_epoca=9
2026-09-26 17:55:59,254 INFO FRAIWAN_Extended/no_dn fold 3: config 2 (lr=0.0001, dropout=0.4) epoca 10: train_loss=0.1917 val_loss=0.4244 val_BA=1.000 mejor_epoca=10
2026-09-26 17:56:00,116 INFO FRAIWAN_Extended/no_dn fold 3: config 2 (lr=0.0001, dropout=0.4) epoca 20: train_loss=0.1049 val_loss=0.5465 val_BA=0.917 mejor_epoca=10
2026-09-26 17:56:00,576 INFO FRAIWAN_Extended/no_dn fold 3 config 2: OK val_BA=1.000 mejor_epoca=10 (0.0 min)
2026-09-26 17:56:00,687 INFO FRAIWAN_Extended/no_dn fold 3: config 3 (lr=0.0001, dropout=0.4) epoca 1: train_loss=0.6762 val_loss=0.6592 val_BA=0.500 mejor_epoca=1
2026-09-26 17:56:00,781 INFO FRAIWAN_Extended/no_dn fold 3: config 3 (lr=0.0001, dropout=0.4) epoca 2: train_loss=0.5456 val_loss=0.5444 val_BA=0.500 mejor_epoca=2
2026-09-26 17:56:00,876 INFO FRAIWAN_Extended/no_dn fold 3: config 3 (lr=0.0001, dropout=0.4) epoca 3: train_loss=0.4369 val_loss=0.4099 val_BA=0.500 mejor_epoca=3
2026-09-26 17:56:00,970 INFO FRAIWAN_Extended/no_dn fold 3: config 3 (lr=0.0001, dropout=0.4) epoca 4: train_loss=0.3662 val_loss=0.3437 val_BA=0.500 mejor_epoca=4
2026-09-26 17:56:01,063 INFO FRAIWAN_Extended/no_dn fold 3: config 3 (lr=0.0001, dropout=0.4) epoca 5: train_loss=0.3536 val_loss=0.5384 val_BA=0.917 mejor_epoca=5
2026-09-26 17:56:01,157 INFO FRAIWAN_Extended/no_dn fold 3: config 3 (lr=0.0001, dropout=0.4) epoca 6: train_loss=0.3168 val_loss=0.3297 val_BA=1.000 mejor_epoca=6
2026-09-26 17:56:01,440 INFO FRAIWAN_Extended/no_dn fold 3: config 3 (lr=0.0001, dropout=0.4) epoca 9: train_loss=0.1981 val_loss=0.2357 val_BA=1.000 mejor_epoca=9
2026-09-26 17:56:01,535 INFO FRAIWAN_Extended/no_dn fold 3: config 3 (lr=0.0001, dropout=0.4) epoca 10: train_loss=0.1681 val_loss=0.4562 val_BA=0.833 mejor_epoca=9
2026-09-26 17:56:02,469 INFO FRAIWAN_Extended/no_dn fold 3: config 3 (lr=0.0001, dropout=0.4) epoca 20: train_loss=0.0768 val_loss=0.2847 val_BA=1.000 mejor_epoca=9
2026-09-26 17:56:02,860 INFO FRAIWAN_Extended/no_dn fold 3 config 3: OK val_BA=1.000 mejor_epoca=9 (0.0 min)
2026-09-26 17:56:02,962 INFO FRAIWAN_Extended/no_dn fold 3: config 4 (lr=0.0001, dropout=0.4) epoca 1: train_loss=0.7365 val_loss=0.7483 val_BA=0.500 mejor_epoca=1
2026-09-26 17:56:03,047 INFO FRAIWAN_Extended/no_dn fold 3: config 4 (lr=0.0001, dropout=0.4) epoca 2: train_loss=0.5818 val_loss=0.7297 val_BA=0.500 mejor_epoca=2
2026-09-26 17:56:03,132 INFO FRAIWAN_Extended/no_dn fold 3: config 4 (lr=0.0001, dropout=0.4) epoca 3: train_loss=0.4562 val_loss=0.6381 val_BA=0.500 mejor_epoca=3
2026-09-26 17:56:03,217 INFO FRAIWAN_Extended/no_dn fold 3: config 4 (lr=0.0001, dropout=0.4) epoca 4: train_loss=0.4281 val_loss=0.5199 val_BA=0.500 mejor_epoca=4
2026-09-26 17:56:03,302 INFO FRAIWAN_Extended/no_dn fold 3: config 4 (lr=0.0001, dropout=0.4) epoca 5: train_loss=0.3673 val_loss=0.4314 val_BA=0.500 mejor_epoca=5
2026-09-26 17:56:03,388 INFO FRAIWAN_Extended/no_dn fold 3: config 4 (lr=0.0001, dropout=0.4) epoca 6: train_loss=0.3406 val_loss=0.3860 val_BA=0.500 mejor_epoca=6
2026-09-26 17:56:03,473 INFO FRAIWAN_Extended/no_dn fold 3: config 4 (lr=0.0001, dropout=0.4) epoca 7: train_loss=0.2947 val_loss=0.3661 val_BA=0.500 mejor_epoca=7
2026-09-26 17:56:03,558 INFO FRAIWAN_Extended/no_dn fold 3: config 4 (lr=0.0001, dropout=0.4) epoca 8: train_loss=0.2392 val_loss=0.3633 val_BA=1.000 mejor_epoca=8
2026-09-26 17:56:03,729 INFO FRAIWAN_Extended/no_dn fold 3: config 4 (lr=0.0001, dropout=0.4) epoca 10: train_loss=0.2067 val_loss=0.4862 val_BA=0.917 mejor_epoca=8
2026-09-26 17:56:04,606 INFO FRAIWAN_Extended/no_dn fold 3: config 4 (lr=0.0001, dropout=0.4) epoca 20: train_loss=0.0940 val_loss=1.3535 val_BA=0.667 mejor_epoca=8
2026-09-26 17:56:04,882 INFO FRAIWAN_Extended/no_dn fold 3 config 4: OK val_BA=1.000 mejor_epoca=8 (0.0 min)
2026-09-26 17:56:04,983 INFO FRAIWAN_Extended/no_dn fold 3: config 5 (lr=0.0001, dropout=0.4) epoca 1: train_loss=0.6861 val_loss=0.6693 val_BA=0.500 mejor_epoca=1
2026-09-26 17:56:05,067 INFO FRAIWAN_Extended/no_dn fold 3: config 5 (lr=0.0001, dropout=0.4) epoca 2: train_loss=0.5504 val_loss=0.6632 val_BA=0.500 mejor_epoca=2
2026-09-26 17:56:05,150 INFO FRAIWAN_Extended/no_dn fold 3: config 5 (lr=0.0001, dropout=0.4) epoca 3: train_loss=0.4494 val_loss=0.6509 val_BA=0.500 mejor_epoca=3
2026-09-26 17:56:05,235 INFO FRAIWAN_Extended/no_dn fold 3: config 5 (lr=0.0001, dropout=0.4) epoca 4: train_loss=0.4055 val_loss=0.6284 val_BA=0.500 mejor_epoca=4
2026-09-26 17:56:05,319 INFO FRAIWAN_Extended/no_dn fold 3: config 5 (lr=0.0001, dropout=0.4) epoca 5: train_loss=0.3734 val_loss=0.5817 val_BA=0.500 mejor_epoca=5
2026-09-26 17:56:05,403 INFO FRAIWAN_Extended/no_dn fold 3: config 5 (lr=0.0001, dropout=0.4) epoca 6: train_loss=0.3096 val_loss=0.5254 val_BA=0.500 mejor_epoca=6
2026-09-26 17:56:05,488 INFO FRAIWAN_Extended/no_dn fold 3: config 5 (lr=0.0001, dropout=0.4) epoca 7: train_loss=0.2756 val_loss=0.4736 val_BA=0.500 mejor_epoca=7
2026-09-26 17:56:05,572 INFO FRAIWAN_Extended/no_dn fold 3: config 5 (lr=0.0001, dropout=0.4) epoca 8: train_loss=0.2650 val_loss=0.4236 val_BA=0.500 mejor_epoca=8
2026-09-26 17:56:05,655 INFO FRAIWAN_Extended/no_dn fold 3: config 5 (lr=0.0001, dropout=0.4) epoca 9: train_loss=0.2292 val_loss=0.3778 val_BA=0.500 mejor_epoca=9
2026-09-26 17:56:05,739 INFO FRAIWAN_Extended/no_dn fold 3: config 5 (lr=0.0001, dropout=0.4) epoca 10: train_loss=0.1910 val_loss=0.3703 val_BA=0.500 mejor_epoca=10
2026-09-26 17:56:05,822 INFO FRAIWAN_Extended/no_dn fold 3: config 5 (lr=0.0001, dropout=0.4) epoca 11: train_loss=0.1923 val_loss=0.3648 val_BA=0.500 mejor_epoca=11
2026-09-26 17:56:05,906 INFO FRAIWAN_Extended/no_dn fold 3: config 5 (lr=0.0001, dropout=0.4) epoca 12: train_loss=0.1661 val_loss=0.3356 val_BA=0.500 mejor_epoca=12
2026-09-26 17:56:05,989 INFO FRAIWAN_Extended/no_dn fold 3: config 5 (lr=0.0001, dropout=0.4) epoca 13: train_loss=0.1636 val_loss=0.3218 val_BA=0.500 mejor_epoca=13
2026-09-26 17:56:06,156 INFO FRAIWAN_Extended/no_dn fold 3: config 5 (lr=0.0001, dropout=0.4) epoca 15: train_loss=0.1312 val_loss=0.6246 val_BA=0.917 mejor_epoca=15
2026-09-26 17:56:06,573 INFO FRAIWAN_Extended/no_dn fold 3: config 5 (lr=0.0001, dropout=0.4) epoca 20: train_loss=0.0890 val_loss=0.3450 val_BA=1.000 mejor_epoca=20
2026-09-26 17:56:07,407 INFO FRAIWAN_Extended/no_dn fold 3: config 5 (lr=0.0001, dropout=0.4) epoca 30: train_loss=0.0695 val_loss=0.4085 val_BA=1.000 mejor_epoca=20
2026-09-26 17:56:07,844 INFO FRAIWAN_Extended/no_dn fold 3 config 5: OK val_BA=1.000 mejor_epoca=20 (0.0 min)
2026-09-26 17:56:07,964 INFO FRAIWAN_Extended/no_dn fold 3: config 6 (lr=0.0001, dropout=0.5) epoca 1: train_loss=0.6102 val_loss=0.6179 val_BA=0.500 mejor_epoca=1
2026-09-26 17:56:08,063 INFO FRAIWAN_Extended/no_dn fold 3: config 6 (lr=0.0001, dropout=0.5) epoca 2: train_loss=0.5395 val_loss=0.4916 val_BA=0.500 mejor_epoca=2
2026-09-26 17:56:08,157 INFO FRAIWAN_Extended/no_dn fold 3: config 6 (lr=0.0001, dropout=0.5) epoca 3: train_loss=0.4663 val_loss=0.4202 val_BA=0.500 mejor_epoca=3
2026-09-26 17:56:08,251 INFO FRAIWAN_Extended/no_dn fold 3: config 6 (lr=0.0001, dropout=0.5) epoca 4: train_loss=0.3869 val_loss=0.3384 val_BA=0.500 mejor_epoca=4
2026-09-26 17:56:08,344 INFO FRAIWAN_Extended/no_dn fold 3: config 6 (lr=0.0001, dropout=0.5) epoca 5: train_loss=0.3258 val_loss=0.4723 val_BA=0.917 mejor_epoca=5
2026-09-26 17:56:08,532 INFO FRAIWAN_Extended/no_dn fold 3: config 6 (lr=0.0001, dropout=0.5) epoca 7: train_loss=0.2293 val_loss=0.2687 val_BA=1.000 mejor_epoca=7
2026-09-26 17:56:08,813 INFO FRAIWAN_Extended/no_dn fold 3: config 6 (lr=0.0001, dropout=0.5) epoca 10: train_loss=0.2019 val_loss=0.9209 val_BA=0.667 mejor_epoca=7
2026-09-26 17:56:09,755 INFO FRAIWAN_Extended/no_dn fold 3: config 6 (lr=0.0001, dropout=0.5) epoca 20: train_loss=0.1148 val_loss=3.3417 val_BA=0.583 mejor_epoca=7
2026-09-26 17:56:09,962 INFO FRAIWAN_Extended/no_dn fold 3 config 6: OK val_BA=1.000 mejor_epoca=7 (0.0 min)
2026-09-26 17:56:10,063 INFO FRAIWAN_Extended/no_dn fold 3: config 7 (lr=0.0001, dropout=0.5) epoca 1: train_loss=0.6551 val_loss=0.6704 val_BA=0.500 mejor_epoca=1
2026-09-26 17:56:10,148 INFO FRAIWAN_Extended/no_dn fold 3: config 7 (lr=0.0001, dropout=0.5) epoca 2: train_loss=0.5413 val_loss=0.6249 val_BA=0.500 mejor_epoca=2
2026-09-26 17:56:10,232 INFO FRAIWAN_Extended/no_dn fold 3: config 7 (lr=0.0001, dropout=0.5) epoca 3: train_loss=0.4699 val_loss=0.5812 val_BA=0.500 mejor_epoca=3
2026-09-26 17:56:10,316 INFO FRAIWAN_Extended/no_dn fold 3: config 7 (lr=0.0001, dropout=0.5) epoca 4: train_loss=0.4157 val_loss=0.5435 val_BA=0.500 mejor_epoca=4
2026-09-26 17:56:10,400 INFO FRAIWAN_Extended/no_dn fold 3: config 7 (lr=0.0001, dropout=0.5) epoca 5: train_loss=0.3719 val_loss=0.5092 val_BA=0.500 mejor_epoca=5
2026-09-26 17:56:10,485 INFO FRAIWAN_Extended/no_dn fold 3: config 7 (lr=0.0001, dropout=0.5) epoca 6: train_loss=0.3356 val_loss=0.4849 val_BA=0.500 mejor_epoca=6
2026-09-26 17:56:10,570 INFO FRAIWAN_Extended/no_dn fold 3: config 7 (lr=0.0001, dropout=0.5) epoca 7: train_loss=0.2966 val_loss=0.4589 val_BA=0.500 mejor_epoca=7
2026-09-26 17:56:10,656 INFO FRAIWAN_Extended/no_dn fold 3: config 7 (lr=0.0001, dropout=0.5) epoca 8: train_loss=0.2681 val_loss=0.4404 val_BA=0.500 mejor_epoca=8
2026-09-26 17:56:10,741 INFO FRAIWAN_Extended/no_dn fold 3: config 7 (lr=0.0001, dropout=0.5) epoca 9: train_loss=0.2362 val_loss=0.4279 val_BA=0.500 mejor_epoca=9
2026-09-26 17:56:10,826 INFO FRAIWAN_Extended/no_dn fold 3: config 7 (lr=0.0001, dropout=0.5) epoca 10: train_loss=0.2048 val_loss=0.4248 val_BA=0.500 mejor_epoca=10
2026-09-26 17:56:11,163 INFO FRAIWAN_Extended/no_dn fold 3: config 7 (lr=0.0001, dropout=0.5) epoca 14: train_loss=0.1366 val_loss=0.4175 val_BA=0.500 mejor_epoca=14
2026-09-26 17:56:11,247 INFO FRAIWAN_Extended/no_dn fold 3: config 7 (lr=0.0001, dropout=0.5) epoca 15: train_loss=0.1275 val_loss=0.4872 val_BA=1.000 mejor_epoca=15
2026-09-26 17:56:11,674 INFO FRAIWAN_Extended/no_dn fold 3: config 7 (lr=0.0001, dropout=0.5) epoca 20: train_loss=0.1053 val_loss=2.0191 val_BA=0.500 mejor_epoca=15
2026-09-26 17:56:11,847 INFO FRAIWAN_Extended/no_dn fold 3: config 7 (lr=0.0001, dropout=0.5) epoca 22: train_loss=0.0904 val_loss=0.3958 val_BA=1.000 mejor_epoca=22
2026-09-26 17:56:12,523 INFO FRAIWAN_Extended/no_dn fold 3: config 7 (lr=0.0001, dropout=0.5) epoca 30: train_loss=0.0835 val_loss=0.9734 val_BA=0.750 mejor_epoca=22
2026-09-26 17:56:13,132 INFO FRAIWAN_Extended/no_dn fold 3 config 7: OK val_BA=1.000 mejor_epoca=22 (0.1 min)
2026-09-26 17:56:13,233 INFO FRAIWAN_Extended/no_dn fold 3: config 8 (lr=0.0003, dropout=0.3) epoca 1: train_loss=0.6581 val_loss=0.6779 val_BA=0.500 mejor_epoca=1
2026-09-26 17:56:13,317 INFO FRAIWAN_Extended/no_dn fold 3: config 8 (lr=0.0003, dropout=0.3) epoca 2: train_loss=0.4993 val_loss=0.6148 val_BA=0.500 mejor_epoca=2
2026-09-26 17:56:13,402 INFO FRAIWAN_Extended/no_dn fold 3: config 8 (lr=0.0003, dropout=0.3) epoca 3: train_loss=0.4346 val_loss=0.5486 val_BA=0.500 mejor_epoca=3
2026-09-26 17:56:13,486 INFO FRAIWAN_Extended/no_dn fold 3: config 8 (lr=0.0003, dropout=0.3) epoca 4: train_loss=0.4053 val_loss=0.4931 val_BA=0.500 mejor_epoca=4
2026-09-26 17:56:13,569 INFO FRAIWAN_Extended/no_dn fold 3: config 8 (lr=0.0003, dropout=0.3) epoca 5: train_loss=0.3515 val_loss=0.4418 val_BA=0.500 mejor_epoca=5
2026-09-26 17:56:13,653 INFO FRAIWAN_Extended/no_dn fold 3: config 8 (lr=0.0003, dropout=0.3) epoca 6: train_loss=0.2631 val_loss=0.3889 val_BA=0.500 mejor_epoca=6
2026-09-26 17:56:13,737 INFO FRAIWAN_Extended/no_dn fold 3: config 8 (lr=0.0003, dropout=0.3) epoca 7: train_loss=0.2241 val_loss=0.3585 val_BA=0.500 mejor_epoca=7
2026-09-26 17:56:13,821 INFO FRAIWAN_Extended/no_dn fold 3: config 8 (lr=0.0003, dropout=0.3) epoca 8: train_loss=0.1820 val_loss=0.3519 val_BA=0.500 mejor_epoca=8
2026-09-26 17:56:13,989 INFO FRAIWAN_Extended/no_dn fold 3: config 8 (lr=0.0003, dropout=0.3) epoca 10: train_loss=0.1198 val_loss=0.3330 val_BA=0.500 mejor_epoca=10
2026-09-26 17:56:14,241 INFO FRAIWAN_Extended/no_dn fold 3: config 8 (lr=0.0003, dropout=0.3) epoca 13: train_loss=0.1050 val_loss=0.6103 val_BA=0.917 mejor_epoca=13
2026-09-26 17:56:14,828 INFO FRAIWAN_Extended/no_dn fold 3: config 8 (lr=0.0003, dropout=0.3) epoca 20: train_loss=0.0603 val_loss=1.0655 val_BA=0.750 mejor_epoca=13
2026-09-26 17:56:15,080 INFO FRAIWAN_Extended/no_dn fold 3: config 8 (lr=0.0003, dropout=0.3) epoca 23: train_loss=0.0499 val_loss=0.3729 val_BA=1.000 mejor_epoca=23
2026-09-26 17:56:15,247 INFO FRAIWAN_Extended/no_dn fold 3: config 8 (lr=0.0003, dropout=0.3) epoca 25: train_loss=0.0484 val_loss=0.2192 val_BA=1.000 mejor_epoca=25
2026-09-26 17:56:15,676 INFO FRAIWAN_Extended/no_dn fold 3: config 8 (lr=0.0003, dropout=0.3) epoca 30: train_loss=0.0377 val_loss=0.6133 val_BA=0.917 mejor_epoca=25
2026-09-26 17:56:16,515 INFO FRAIWAN_Extended/no_dn fold 3: config 8 (lr=0.0003, dropout=0.3) epoca 40: train_loss=0.0263 val_loss=0.6125 val_BA=0.917 mejor_epoca=25
2026-09-26 17:56:16,533 INFO FRAIWAN_Extended/no_dn fold 3 config 8: OK val_BA=1.000 mejor_epoca=25 (0.1 min)
2026-09-26 17:56:16,638 INFO FRAIWAN_Extended/no_dn fold 3: config 9 (lr=0.0003, dropout=0.4) epoca 1: train_loss=0.7293 val_loss=0.7334 val_BA=0.500 mejor_epoca=1
2026-09-26 17:56:16,902 INFO FRAIWAN_Extended/no_dn fold 3: config 9 (lr=0.0003, dropout=0.4) epoca 4: train_loss=0.5263 val_loss=0.7378 val_BA=0.667 mejor_epoca=4
2026-09-26 17:56:16,989 INFO FRAIWAN_Extended/no_dn fold 3: config 9 (lr=0.0003, dropout=0.4) epoca 5: train_loss=0.4752 val_loss=0.6662 val_BA=0.750 mejor_epoca=5
2026-09-26 17:56:17,076 INFO FRAIWAN_Extended/no_dn fold 3: config 9 (lr=0.0003, dropout=0.4) epoca 6: train_loss=0.4334 val_loss=0.5772 val_BA=0.833 mejor_epoca=6
2026-09-26 17:56:17,423 INFO FRAIWAN_Extended/no_dn fold 3: config 9 (lr=0.0003, dropout=0.4) epoca 10: train_loss=0.1818 val_loss=1.4266 val_BA=0.500 mejor_epoca=6
2026-09-26 17:56:17,596 INFO FRAIWAN_Extended/no_dn fold 3: config 9 (lr=0.0003, dropout=0.4) epoca 12: train_loss=0.1355 val_loss=0.5376 val_BA=1.000 mejor_epoca=12
2026-09-26 17:56:18,289 INFO FRAIWAN_Extended/no_dn fold 3: config 9 (lr=0.0003, dropout=0.4) epoca 20: train_loss=0.0847 val_loss=0.4070 val_BA=1.000 mejor_epoca=20
2026-09-26 17:56:18,548 INFO FRAIWAN_Extended/no_dn fold 3: config 9 (lr=0.0003, dropout=0.4) epoca 23: train_loss=0.0659 val_loss=0.3002 val_BA=1.000 mejor_epoca=23
2026-09-26 17:56:19,152 INFO FRAIWAN_Extended/no_dn fold 3: config 9 (lr=0.0003, dropout=0.4) epoca 30: train_loss=0.0512 val_loss=1.6074 val_BA=0.750 mejor_epoca=23
2026-09-26 17:56:19,334 INFO FRAIWAN_Extended/no_dn fold 3: config 9 (lr=0.0003, dropout=0.4) epoca 32: train_loss=0.0445 val_loss=0.2637 val_BA=1.000 mejor_epoca=32
2026-09-26 17:56:20,035 INFO FRAIWAN_Extended/no_dn fold 3: config 9 (lr=0.0003, dropout=0.4) epoca 40: train_loss=0.0355 val_loss=0.9225 val_BA=0.750 mejor_epoca=32
2026-09-26 17:56:20,553 INFO FRAIWAN_Extended/no_dn fold 3: config 9 (lr=0.0003, dropout=0.4) epoca 46: train_loss=0.0280 val_loss=0.2314 val_BA=1.000 mejor_epoca=46
2026-09-26 17:56:20,901 INFO FRAIWAN_Extended/no_dn fold 3: config 9 (lr=0.0003, dropout=0.4) epoca 50: train_loss=0.0251 val_loss=0.6300 val_BA=0.750 mejor_epoca=46
2026-09-26 17:56:21,769 INFO FRAIWAN_Extended/no_dn fold 3: config 9 (lr=0.0003, dropout=0.4) epoca 60: train_loss=0.0264 val_loss=1.6579 val_BA=0.667 mejor_epoca=46
2026-09-26 17:56:21,874 INFO FRAIWAN_Extended/no_dn fold 3 config 9: OK val_BA=1.000 mejor_epoca=46 (0.1 min)
2026-09-26 17:56:21,986 INFO FRAIWAN_Extended/no_dn fold 3: config 10 (lr=0.0003, dropout=0.4) epoca 1: train_loss=0.7104 val_loss=0.6590 val_BA=0.500 mejor_epoca=1
2026-09-26 17:56:22,080 INFO FRAIWAN_Extended/no_dn fold 3: config 10 (lr=0.0003, dropout=0.4) epoca 2: train_loss=0.5536 val_loss=0.5570 val_BA=0.500 mejor_epoca=2
2026-09-26 17:56:22,173 INFO FRAIWAN_Extended/no_dn fold 3: config 10 (lr=0.0003, dropout=0.4) epoca 3: train_loss=0.5258 val_loss=0.4468 val_BA=0.500 mejor_epoca=3
2026-09-26 17:56:22,267 INFO FRAIWAN_Extended/no_dn fold 3: config 10 (lr=0.0003, dropout=0.4) epoca 4: train_loss=0.4405 val_loss=0.4457 val_BA=1.000 mejor_epoca=4
2026-09-26 17:56:22,828 INFO FRAIWAN_Extended/no_dn fold 3: config 10 (lr=0.0003, dropout=0.4) epoca 10: train_loss=0.1552 val_loss=0.6167 val_BA=0.833 mejor_epoca=4
2026-09-26 17:56:23,220 INFO FRAIWAN_Extended/no_dn fold 3: config 10 (lr=0.0003, dropout=0.4) epoca 14: train_loss=0.0884 val_loss=0.3078 val_BA=1.000 mejor_epoca=14
2026-09-26 17:56:23,501 INFO FRAIWAN_Extended/no_dn fold 3: config 10 (lr=0.0003, dropout=0.4) epoca 17: train_loss=0.0627 val_loss=0.2695 val_BA=1.000 mejor_epoca=17
2026-09-26 17:56:23,788 INFO FRAIWAN_Extended/no_dn fold 3: config 10 (lr=0.0003, dropout=0.4) epoca 20: train_loss=0.0470 val_loss=2.7617 val_BA=0.500 mejor_epoca=17
2026-09-26 17:56:24,634 INFO FRAIWAN_Extended/no_dn fold 3: config 10 (lr=0.0003, dropout=0.4) epoca 29: train_loss=0.0312 val_loss=0.2164 val_BA=1.000 mejor_epoca=29
2026-09-26 17:56:24,730 INFO FRAIWAN_Extended/no_dn fold 3: config 10 (lr=0.0003, dropout=0.4) epoca 30: train_loss=0.0453 val_loss=0.3490 val_BA=1.000 mejor_epoca=29
2026-09-26 17:56:25,206 INFO FRAIWAN_Extended/no_dn fold 3: config 10 (lr=0.0003, dropout=0.4) epoca 35: train_loss=0.0182 val_loss=0.1744 val_BA=1.000 mejor_epoca=35
2026-09-26 17:56:25,586 INFO FRAIWAN_Extended/no_dn fold 3: config 10 (lr=0.0003, dropout=0.4) epoca 39: train_loss=0.0466 val_loss=0.1507 val_BA=1.000 mejor_epoca=39
2026-09-26 17:56:25,683 INFO FRAIWAN_Extended/no_dn fold 3: config 10 (lr=0.0003, dropout=0.4) epoca 40: train_loss=0.0182 val_loss=0.1530 val_BA=1.000 mejor_epoca=39
2026-09-26 17:56:26,647 INFO FRAIWAN_Extended/no_dn fold 3: config 10 (lr=0.0003, dropout=0.4) epoca 50: train_loss=0.0112 val_loss=0.2218 val_BA=1.000 mejor_epoca=39
2026-09-26 17:56:27,059 INFO FRAIWAN_Extended/no_dn fold 3 config 10: OK val_BA=1.000 mejor_epoca=39 (0.1 min)
2026-09-26 17:56:27,161 INFO FRAIWAN_Extended/no_dn fold 3: config 11 (lr=0.0003, dropout=0.5) epoca 1: train_loss=0.6390 val_loss=0.6655 val_BA=0.500 mejor_epoca=1
2026-09-26 17:56:27,246 INFO FRAIWAN_Extended/no_dn fold 3: config 11 (lr=0.0003, dropout=0.5) epoca 2: train_loss=0.5587 val_loss=0.6007 val_BA=0.500 mejor_epoca=2
2026-09-26 17:56:27,331 INFO FRAIWAN_Extended/no_dn fold 3: config 11 (lr=0.0003, dropout=0.5) epoca 3: train_loss=0.4890 val_loss=0.5458 val_BA=0.500 mejor_epoca=3
2026-09-26 17:56:27,415 INFO FRAIWAN_Extended/no_dn fold 3: config 11 (lr=0.0003, dropout=0.5) epoca 4: train_loss=0.4110 val_loss=0.4963 val_BA=0.500 mejor_epoca=4
2026-09-26 17:56:27,500 INFO FRAIWAN_Extended/no_dn fold 3: config 11 (lr=0.0003, dropout=0.5) epoca 5: train_loss=0.3572 val_loss=0.4333 val_BA=0.500 mejor_epoca=5
2026-09-26 17:56:27,584 INFO FRAIWAN_Extended/no_dn fold 3: config 11 (lr=0.0003, dropout=0.5) epoca 6: train_loss=0.3071 val_loss=0.3801 val_BA=0.500 mejor_epoca=6
2026-09-26 17:56:27,669 INFO FRAIWAN_Extended/no_dn fold 3: config 11 (lr=0.0003, dropout=0.5) epoca 7: train_loss=0.2333 val_loss=0.3539 val_BA=0.500 mejor_epoca=7
2026-09-26 17:56:27,754 INFO FRAIWAN_Extended/no_dn fold 3: config 11 (lr=0.0003, dropout=0.5) epoca 8: train_loss=0.2007 val_loss=0.3511 val_BA=0.500 mejor_epoca=8
2026-09-26 17:56:27,839 INFO FRAIWAN_Extended/no_dn fold 3: config 11 (lr=0.0003, dropout=0.5) epoca 9: train_loss=0.1736 val_loss=0.3482 val_BA=0.500 mejor_epoca=9
2026-09-26 17:56:27,923 INFO FRAIWAN_Extended/no_dn fold 3: config 11 (lr=0.0003, dropout=0.5) epoca 10: train_loss=0.1742 val_loss=0.3504 val_BA=0.500 mejor_epoca=9
2026-09-26 17:56:28,007 INFO FRAIWAN_Extended/no_dn fold 3: config 11 (lr=0.0003, dropout=0.5) epoca 11: train_loss=0.1475 val_loss=0.3424 val_BA=0.500 mejor_epoca=11
2026-09-26 17:56:28,092 INFO FRAIWAN_Extended/no_dn fold 3: config 11 (lr=0.0003, dropout=0.5) epoca 12: train_loss=0.1173 val_loss=0.3200 val_BA=0.500 mejor_epoca=12
2026-09-26 17:56:28,431 INFO FRAIWAN_Extended/no_dn fold 3: config 11 (lr=0.0003, dropout=0.5) epoca 16: train_loss=0.1004 val_loss=0.3138 val_BA=0.500 mejor_epoca=16
2026-09-26 17:56:28,516 INFO FRAIWAN_Extended/no_dn fold 3: config 11 (lr=0.0003, dropout=0.5) epoca 17: train_loss=0.0851 val_loss=0.5241 val_BA=0.833 mejor_epoca=17
2026-09-26 17:56:28,769 INFO FRAIWAN_Extended/no_dn fold 3: config 11 (lr=0.0003, dropout=0.5) epoca 20: train_loss=0.0766 val_loss=0.3266 val_BA=1.000 mejor_epoca=20
2026-09-26 17:56:29,523 INFO FRAIWAN_Extended/no_dn fold 3: config 11 (lr=0.0003, dropout=0.5) epoca 29: train_loss=0.0514 val_loss=0.2218 val_BA=1.000 mejor_epoca=29
2026-09-26 17:56:29,607 INFO FRAIWAN_Extended/no_dn fold 3: config 11 (lr=0.0003, dropout=0.5) epoca 30: train_loss=0.0505 val_loss=0.4656 val_BA=1.000 mejor_epoca=29
2026-09-26 17:56:30,444 INFO FRAIWAN_Extended/no_dn fold 3: config 11 (lr=0.0003, dropout=0.5) epoca 40: train_loss=0.0391 val_loss=1.4200 val_BA=0.583 mejor_epoca=29
2026-09-26 17:56:30,808 INFO FRAIWAN_Extended/no_dn fold 3 config 11: OK val_BA=1.000 mejor_epoca=29 (0.1 min)
2026-09-26 17:56:30,915 INFO FRAIWAN_Extended/no_dn fold 3: config 12 (lr=0.0003, dropout=0.5) epoca 1: train_loss=0.6443 val_loss=0.6117 val_BA=0.500 mejor_epoca=1
2026-09-26 17:56:31,005 INFO FRAIWAN_Extended/no_dn fold 3: config 12 (lr=0.0003, dropout=0.5) epoca 2: train_loss=0.4934 val_loss=0.4966 val_BA=0.500 mejor_epoca=2
2026-09-26 17:56:31,094 INFO FRAIWAN_Extended/no_dn fold 3: config 12 (lr=0.0003, dropout=0.5) epoca 3: train_loss=0.4144 val_loss=0.4005 val_BA=0.500 mejor_epoca=3
2026-09-26 17:56:31,182 INFO FRAIWAN_Extended/no_dn fold 3: config 12 (lr=0.0003, dropout=0.5) epoca 4: train_loss=0.3584 val_loss=0.3642 val_BA=0.500 mejor_epoca=4
2026-09-26 17:56:31,446 INFO FRAIWAN_Extended/no_dn fold 3: config 12 (lr=0.0003, dropout=0.5) epoca 7: train_loss=0.1681 val_loss=0.2847 val_BA=0.500 mejor_epoca=7
2026-09-26 17:56:31,618 INFO FRAIWAN_Extended/no_dn fold 3: config 12 (lr=0.0003, dropout=0.5) epoca 9: train_loss=0.1104 val_loss=0.2823 val_BA=0.500 mejor_epoca=9
2026-09-26 17:56:31,705 INFO FRAIWAN_Extended/no_dn fold 3: config 12 (lr=0.0003, dropout=0.5) epoca 10: train_loss=0.0918 val_loss=0.3839 val_BA=0.833 mejor_epoca=10
2026-09-26 17:56:31,791 INFO FRAIWAN_Extended/no_dn fold 3: config 12 (lr=0.0003, dropout=0.5) epoca 11: train_loss=0.0734 val_loss=0.2489 val_BA=1.000 mejor_epoca=11
2026-09-26 17:56:32,567 INFO FRAIWAN_Extended/no_dn fold 3: config 12 (lr=0.0003, dropout=0.5) epoca 20: train_loss=0.0416 val_loss=0.2122 val_BA=1.000 mejor_epoca=20
2026-09-26 17:56:33,257 INFO FRAIWAN_Extended/no_dn fold 3: config 12 (lr=0.0003, dropout=0.5) epoca 28: train_loss=0.0292 val_loss=0.1932 val_BA=1.000 mejor_epoca=28
2026-09-26 17:56:33,430 INFO FRAIWAN_Extended/no_dn fold 3: config 12 (lr=0.0003, dropout=0.5) epoca 30: train_loss=0.0300 val_loss=0.1512 val_BA=1.000 mejor_epoca=30
2026-09-26 17:56:33,947 INFO FRAIWAN_Extended/no_dn fold 3: config 12 (lr=0.0003, dropout=0.5) epoca 36: train_loss=0.0191 val_loss=0.1288 val_BA=1.000 mejor_epoca=36
2026-09-26 17:56:34,294 INFO FRAIWAN_Extended/no_dn fold 3: config 12 (lr=0.0003, dropout=0.5) epoca 40: train_loss=0.0150 val_loss=0.3970 val_BA=1.000 mejor_epoca=36
2026-09-26 17:56:34,656 INFO FRAIWAN_Extended/no_dn fold 3: config 12 (lr=0.0003, dropout=0.5) epoca 44: train_loss=0.0234 val_loss=0.1278 val_BA=1.000 mejor_epoca=44
2026-09-26 17:56:35,179 INFO FRAIWAN_Extended/no_dn fold 3: config 12 (lr=0.0003, dropout=0.5) epoca 50: train_loss=0.0124 val_loss=2.7476 val_BA=0.667 mejor_epoca=44
2026-09-26 17:56:35,981 INFO FRAIWAN_Extended/no_dn fold 3 config 12: OK val_BA=1.000 mejor_epoca=44 (0.1 min)
2026-09-26 17:56:36,094 INFO FRAIWAN_Extended/no_dn fold 3: config 13 (lr=0.001, dropout=0.2) epoca 1: train_loss=0.6520 val_loss=0.5243 val_BA=0.500 mejor_epoca=1
2026-09-26 17:56:36,282 INFO FRAIWAN_Extended/no_dn fold 3: config 13 (lr=0.001, dropout=0.2) epoca 3: train_loss=0.5873 val_loss=0.4164 val_BA=0.500 mejor_epoca=3
2026-09-26 17:56:36,377 INFO FRAIWAN_Extended/no_dn fold 3: config 13 (lr=0.001, dropout=0.2) epoca 4: train_loss=0.4984 val_loss=0.8638 val_BA=0.750 mejor_epoca=4
2026-09-26 17:56:36,941 INFO FRAIWAN_Extended/no_dn fold 3: config 13 (lr=0.001, dropout=0.2) epoca 10: train_loss=0.3231 val_loss=12.7620 val_BA=0.500 mejor_epoca=4
2026-09-26 17:56:37,224 INFO FRAIWAN_Extended/no_dn fold 3: config 13 (lr=0.001, dropout=0.2) epoca 13: train_loss=0.1701 val_loss=0.8963 val_BA=0.833 mejor_epoca=13
2026-09-26 17:56:37,413 INFO FRAIWAN_Extended/no_dn fold 3: config 13 (lr=0.001, dropout=0.2) epoca 15: train_loss=0.0747 val_loss=0.7300 val_BA=0.833 mejor_epoca=15
2026-09-26 17:56:37,508 INFO FRAIWAN_Extended/no_dn fold 3: config 13 (lr=0.001, dropout=0.2) epoca 16: train_loss=0.1051 val_loss=0.7212 val_BA=0.833 mejor_epoca=16
2026-09-26 17:56:37,602 INFO FRAIWAN_Extended/no_dn fold 3: config 13 (lr=0.001, dropout=0.2) epoca 17: train_loss=0.1057 val_loss=0.1515 val_BA=1.000 mejor_epoca=17
2026-09-26 17:56:37,884 INFO FRAIWAN_Extended/no_dn fold 3: config 13 (lr=0.001, dropout=0.2) epoca 20: train_loss=0.0707 val_loss=0.2999 val_BA=0.500 mejor_epoca=17
2026-09-26 17:56:38,845 INFO FRAIWAN_Extended/no_dn fold 3: config 13 (lr=0.001, dropout=0.2) epoca 30: train_loss=0.0157 val_loss=0.2661 val_BA=1.000 mejor_epoca=17
2026-09-26 17:56:39,053 INFO FRAIWAN_Extended/no_dn fold 3 config 13: OK val_BA=1.000 mejor_epoca=17 (0.1 min)
2026-09-26 17:56:39,154 INFO FRAIWAN_Extended/no_dn fold 3: config 14 (lr=0.001, dropout=0.3) epoca 1: train_loss=0.6961 val_loss=0.6458 val_BA=0.500 mejor_epoca=1
2026-09-26 17:56:39,238 INFO FRAIWAN_Extended/no_dn fold 3: config 14 (lr=0.001, dropout=0.3) epoca 2: train_loss=0.6212 val_loss=0.5549 val_BA=0.500 mejor_epoca=2
2026-09-26 17:56:39,322 INFO FRAIWAN_Extended/no_dn fold 3: config 14 (lr=0.001, dropout=0.3) epoca 3: train_loss=0.5197 val_loss=0.5312 val_BA=0.500 mejor_epoca=3
2026-09-26 17:56:39,406 INFO FRAIWAN_Extended/no_dn fold 3: config 14 (lr=0.001, dropout=0.3) epoca 4: train_loss=0.4438 val_loss=0.3868 val_BA=0.500 mejor_epoca=4
2026-09-26 17:56:39,491 INFO FRAIWAN_Extended/no_dn fold 3: config 14 (lr=0.001, dropout=0.3) epoca 5: train_loss=0.4010 val_loss=0.3782 val_BA=0.500 mejor_epoca=5
2026-09-26 17:56:39,660 INFO FRAIWAN_Extended/no_dn fold 3: config 14 (lr=0.001, dropout=0.3) epoca 7: train_loss=0.2778 val_loss=0.9676 val_BA=0.583 mejor_epoca=7
2026-09-26 17:56:39,827 INFO FRAIWAN_Extended/no_dn fold 3: config 14 (lr=0.001, dropout=0.3) epoca 9: train_loss=0.2033 val_loss=1.0531 val_BA=0.667 mejor_epoca=9
2026-09-26 17:56:39,911 INFO FRAIWAN_Extended/no_dn fold 3: config 14 (lr=0.001, dropout=0.3) epoca 10: train_loss=0.1695 val_loss=1.6977 val_BA=0.583 mejor_epoca=9
2026-09-26 17:56:40,161 INFO FRAIWAN_Extended/no_dn fold 3: config 14 (lr=0.001, dropout=0.3) epoca 13: train_loss=0.0962 val_loss=0.7435 val_BA=0.833 mejor_epoca=13
2026-09-26 17:56:40,747 INFO FRAIWAN_Extended/no_dn fold 3: config 14 (lr=0.001, dropout=0.3) epoca 20: train_loss=0.0422 val_loss=3.2021 val_BA=0.667 mejor_epoca=13
2026-09-26 17:56:41,435 INFO FRAIWAN_Extended/no_dn fold 3 config 14: OK val_BA=0.833 mejor_epoca=13 (0.0 min)
2026-09-26 17:56:41,539 INFO FRAIWAN_Extended/no_dn fold 3: config 15 (lr=0.001, dropout=0.3) epoca 1: train_loss=0.6866 val_loss=0.5905 val_BA=0.500 mejor_epoca=1
2026-09-26 17:56:41,626 INFO FRAIWAN_Extended/no_dn fold 3: config 15 (lr=0.001, dropout=0.3) epoca 2: train_loss=0.5777 val_loss=0.3933 val_BA=0.500 mejor_epoca=2
2026-09-26 17:56:41,713 INFO FRAIWAN_Extended/no_dn fold 3: config 15 (lr=0.001, dropout=0.3) epoca 3: train_loss=0.5758 val_loss=0.3482 val_BA=0.500 mejor_epoca=3
2026-09-26 17:56:41,891 INFO FRAIWAN_Extended/no_dn fold 3: config 15 (lr=0.001, dropout=0.3) epoca 5: train_loss=0.4089 val_loss=0.3725 val_BA=1.000 mejor_epoca=5
2026-09-26 17:56:42,335 INFO FRAIWAN_Extended/no_dn fold 3: config 15 (lr=0.001, dropout=0.3) epoca 10: train_loss=0.2540 val_loss=3.0749 val_BA=0.500 mejor_epoca=5
2026-09-26 17:56:43,200 INFO FRAIWAN_Extended/no_dn fold 3: config 15 (lr=0.001, dropout=0.3) epoca 20: train_loss=0.1058 val_loss=0.4420 val_BA=0.917 mejor_epoca=5
2026-09-26 17:56:43,218 INFO FRAIWAN_Extended/no_dn fold 3 config 15: OK val_BA=1.000 mejor_epoca=5 (0.0 min)
2026-09-26 17:56:43,330 INFO FRAIWAN_Extended/no_dn fold 3: config 16 (lr=0.001, dropout=0.4) epoca 1: train_loss=0.7475 val_loss=0.4758 val_BA=0.500 mejor_epoca=1
2026-09-26 17:56:43,424 INFO FRAIWAN_Extended/no_dn fold 3: config 16 (lr=0.001, dropout=0.4) epoca 2: train_loss=0.6594 val_loss=0.3209 val_BA=0.500 mejor_epoca=2
2026-09-26 17:56:43,518 INFO FRAIWAN_Extended/no_dn fold 3: config 16 (lr=0.001, dropout=0.4) epoca 3: train_loss=0.5590 val_loss=0.9469 val_BA=0.667 mejor_epoca=3
2026-09-26 17:56:43,612 INFO FRAIWAN_Extended/no_dn fold 3: config 16 (lr=0.001, dropout=0.4) epoca 4: train_loss=0.5585 val_loss=0.3645 val_BA=1.000 mejor_epoca=4
2026-09-26 17:56:44,174 INFO FRAIWAN_Extended/no_dn fold 3: config 16 (lr=0.001, dropout=0.4) epoca 10: train_loss=0.3646 val_loss=0.3976 val_BA=1.000 mejor_epoca=4
2026-09-26 17:56:45,017 INFO FRAIWAN_Extended/no_dn fold 3: config 16 (lr=0.001, dropout=0.4) epoca 19: train_loss=0.1083 val_loss=0.2731 val_BA=1.000 mejor_epoca=19
2026-09-26 17:56:45,110 INFO FRAIWAN_Extended/no_dn fold 3: config 16 (lr=0.001, dropout=0.4) epoca 20: train_loss=0.0601 val_loss=4.8033 val_BA=0.500 mejor_epoca=19
2026-09-26 17:56:45,970 INFO FRAIWAN_Extended/no_dn fold 3: config 16 (lr=0.001, dropout=0.4) epoca 29: train_loss=0.0708 val_loss=0.2711 val_BA=1.000 mejor_epoca=29
2026-09-26 17:56:46,066 INFO FRAIWAN_Extended/no_dn fold 3: config 16 (lr=0.001, dropout=0.4) epoca 30: train_loss=0.0913 val_loss=4.1830 val_BA=0.583 mejor_epoca=29
2026-09-26 17:56:47,013 INFO FRAIWAN_Extended/no_dn fold 3: config 16 (lr=0.001, dropout=0.4) epoca 40: train_loss=0.0178 val_loss=0.3187 val_BA=1.000 mejor_epoca=29
2026-09-26 17:56:47,403 INFO FRAIWAN_Extended/no_dn fold 3 config 16: OK val_BA=1.000 mejor_epoca=29 (0.1 min)
2026-09-26 17:56:47,507 INFO FRAIWAN_Extended/no_dn fold 3: config 17 (lr=0.001, dropout=0.5) epoca 1: train_loss=0.7230 val_loss=0.6228 val_BA=0.500 mejor_epoca=1
2026-09-26 17:56:47,593 INFO FRAIWAN_Extended/no_dn fold 3: config 17 (lr=0.001, dropout=0.5) epoca 2: train_loss=0.6721 val_loss=0.4827 val_BA=0.500 mejor_epoca=2
2026-09-26 17:56:47,679 INFO FRAIWAN_Extended/no_dn fold 3: config 17 (lr=0.001, dropout=0.5) epoca 3: train_loss=0.5634 val_loss=0.4186 val_BA=0.500 mejor_epoca=3
2026-09-26 17:56:47,765 INFO FRAIWAN_Extended/no_dn fold 3: config 17 (lr=0.001, dropout=0.5) epoca 4: train_loss=0.4456 val_loss=0.5520 val_BA=1.000 mejor_epoca=4
2026-09-26 17:56:48,282 INFO FRAIWAN_Extended/no_dn fold 3: config 17 (lr=0.001, dropout=0.5) epoca 10: train_loss=0.1584 val_loss=5.3992 val_BA=0.500 mejor_epoca=4
2026-09-26 17:56:48,455 INFO FRAIWAN_Extended/no_dn fold 3: config 17 (lr=0.001, dropout=0.5) epoca 12: train_loss=0.1095 val_loss=0.5205 val_BA=1.000 mejor_epoca=12
2026-09-26 17:56:49,142 INFO FRAIWAN_Extended/no_dn fold 3: config 17 (lr=0.001, dropout=0.5) epoca 20: train_loss=0.0437 val_loss=0.2635 val_BA=0.500 mejor_epoca=12
2026-09-26 17:56:49,777 INFO FRAIWAN_Extended/no_dn fold 3 config 17: OK val_BA=1.000 mejor_epoca=12 (0.0 min)
2026-09-26 17:56:49,877 INFO FRAIWAN_Extended/no_dn fold 3: config 18 (lr=0.001, dropout=0.5) epoca 1: train_loss=0.6987 val_loss=0.6362 val_BA=0.500 mejor_epoca=1
2026-09-26 17:56:49,960 INFO FRAIWAN_Extended/no_dn fold 3: config 18 (lr=0.001, dropout=0.5) epoca 2: train_loss=0.6130 val_loss=0.5983 val_BA=0.500 mejor_epoca=2
2026-09-26 17:56:50,128 INFO FRAIWAN_Extended/no_dn fold 3: config 18 (lr=0.001, dropout=0.5) epoca 4: train_loss=0.4957 val_loss=0.4715 val_BA=0.500 mejor_epoca=4
2026-09-26 17:56:50,212 INFO FRAIWAN_Extended/no_dn fold 3: config 18 (lr=0.001, dropout=0.5) epoca 5: train_loss=0.4709 val_loss=0.3970 val_BA=0.500 mejor_epoca=5
2026-09-26 17:56:50,295 INFO FRAIWAN_Extended/no_dn fold 3: config 18 (lr=0.001, dropout=0.5) epoca 6: train_loss=0.3943 val_loss=0.3939 val_BA=0.500 mejor_epoca=6
2026-09-26 17:56:50,462 INFO FRAIWAN_Extended/no_dn fold 3: config 18 (lr=0.001, dropout=0.5) epoca 8: train_loss=0.2910 val_loss=0.8883 val_BA=0.750 mejor_epoca=8
2026-09-26 17:56:50,630 INFO FRAIWAN_Extended/no_dn fold 3: config 18 (lr=0.001, dropout=0.5) epoca 10: train_loss=0.2057 val_loss=2.0351 val_BA=0.500 mejor_epoca=8
2026-09-26 17:56:50,714 INFO FRAIWAN_Extended/no_dn fold 3: config 18 (lr=0.001, dropout=0.5) epoca 11: train_loss=0.1786 val_loss=0.6423 val_BA=0.750 mejor_epoca=11
2026-09-26 17:56:51,215 INFO FRAIWAN_Extended/no_dn fold 3: config 18 (lr=0.001, dropout=0.5) epoca 17: train_loss=0.0689 val_loss=0.7866 val_BA=0.917 mejor_epoca=17
2026-09-26 17:56:51,469 INFO FRAIWAN_Extended/no_dn fold 3: config 18 (lr=0.001, dropout=0.5) epoca 20: train_loss=0.0434 val_loss=1.8929 val_BA=0.667 mejor_epoca=17
2026-09-26 17:56:51,804 INFO FRAIWAN_Extended/no_dn fold 3: config 18 (lr=0.001, dropout=0.5) epoca 24: train_loss=0.0386 val_loss=0.6598 val_BA=0.917 mejor_epoca=24
2026-09-26 17:56:52,055 INFO FRAIWAN_Extended/no_dn fold 3: config 18 (lr=0.001, dropout=0.5) epoca 27: train_loss=0.0381 val_loss=0.4811 val_BA=0.917 mejor_epoca=27
2026-09-26 17:56:52,139 INFO FRAIWAN_Extended/no_dn fold 3: config 18 (lr=0.001, dropout=0.5) epoca 28: train_loss=0.0298 val_loss=0.4302 val_BA=0.917 mejor_epoca=28
2026-09-26 17:56:52,307 INFO FRAIWAN_Extended/no_dn fold 3: config 18 (lr=0.001, dropout=0.5) epoca 30: train_loss=0.0258 val_loss=0.8431 val_BA=0.833 mejor_epoca=28
2026-09-26 17:56:53,153 INFO FRAIWAN_Extended/no_dn fold 3: config 18 (lr=0.001, dropout=0.5) epoca 40: train_loss=0.0160 val_loss=4.9510 val_BA=0.583 mejor_epoca=28
2026-09-26 17:56:53,239 INFO FRAIWAN_Extended/no_dn fold 3: config 18 (lr=0.001, dropout=0.5) epoca 41: train_loss=0.0152 val_loss=0.2212 val_BA=1.000 mejor_epoca=41
2026-09-26 17:56:53,323 INFO FRAIWAN_Extended/no_dn fold 3: config 18 (lr=0.001, dropout=0.5) epoca 42: train_loss=0.0177 val_loss=0.1009 val_BA=1.000 mejor_epoca=42
2026-09-26 17:56:53,995 INFO FRAIWAN_Extended/no_dn fold 3: config 18 (lr=0.001, dropout=0.5) epoca 50: train_loss=0.0150 val_loss=1.7320 val_BA=0.667 mejor_epoca=42
2026-09-26 17:56:54,599 INFO FRAIWAN_Extended/no_dn fold 3 config 18: OK val_BA=1.000 mejor_epoca=42 (0.1 min)
2026-09-26 17:56:54,700 INFO FRAIWAN_Extended/no_dn fold 3: config 19 (lr=0.001, dropout=0.5) epoca 1: train_loss=0.6651 val_loss=0.6082 val_BA=0.500 mejor_epoca=1
2026-09-26 17:56:54,784 INFO FRAIWAN_Extended/no_dn fold 3: config 19 (lr=0.001, dropout=0.5) epoca 2: train_loss=0.7439 val_loss=0.4903 val_BA=0.500 mejor_epoca=2
2026-09-26 17:56:54,868 INFO FRAIWAN_Extended/no_dn fold 3: config 19 (lr=0.001, dropout=0.5) epoca 3: train_loss=0.5718 val_loss=0.4199 val_BA=0.500 mejor_epoca=3
2026-09-26 17:56:54,952 INFO FRAIWAN_Extended/no_dn fold 3: config 19 (lr=0.001, dropout=0.5) epoca 4: train_loss=0.4946 val_loss=0.3665 val_BA=0.500 mejor_epoca=4
2026-09-26 17:56:55,036 INFO FRAIWAN_Extended/no_dn fold 3: config 19 (lr=0.001, dropout=0.5) epoca 5: train_loss=0.3939 val_loss=0.3428 val_BA=0.500 mejor_epoca=5
2026-09-26 17:56:55,119 INFO FRAIWAN_Extended/no_dn fold 3: config 19 (lr=0.001, dropout=0.5) epoca 6: train_loss=0.3436 val_loss=0.3309 val_BA=0.500 mejor_epoca=6
2026-09-26 17:56:55,203 INFO FRAIWAN_Extended/no_dn fold 3: config 19 (lr=0.001, dropout=0.5) epoca 7: train_loss=0.2799 val_loss=0.3107 val_BA=0.500 mejor_epoca=7
2026-09-26 17:56:55,370 INFO FRAIWAN_Extended/no_dn fold 3: config 19 (lr=0.001, dropout=0.5) epoca 9: train_loss=0.1679 val_loss=0.2785 val_BA=0.500 mejor_epoca=9
2026-09-26 17:56:55,454 INFO FRAIWAN_Extended/no_dn fold 3: config 19 (lr=0.001, dropout=0.5) epoca 10: train_loss=0.1804 val_loss=0.2626 val_BA=1.000 mejor_epoca=10
2026-09-26 17:56:56,290 INFO FRAIWAN_Extended/no_dn fold 3: config 19 (lr=0.001, dropout=0.5) epoca 20: train_loss=0.0461 val_loss=0.9073 val_BA=0.750 mejor_epoca=10
2026-09-26 17:56:56,727 INFO FRAIWAN_Extended/no_dn fold 3 config 19: OK val_BA=1.000 mejor_epoca=10 (0.0 min)
2026-09-26 17:56:56,986 INFO log-mel FRAIWAN_Extended/cv/fold_04/no_dn: 187/187
2026-09-26 17:56:57,157 INFO FRAIWAN_Extended/no_dn fold 4: log-mel no_dn listo en 0.4 s, forma (187, 1, 64, 309)
2026-09-26 17:56:57,162 INFO FRAIWAN_Extended/no_dn fold 4: 28/6 pacientes train/validation, 20 de 20 configuracion(es) por evaluar
2026-09-26 17:56:57,295 INFO FRAIWAN_Extended/no_dn fold 4: config 0 (lr=0.0001, dropout=0.3) epoca 1: train_loss=0.6560 val_loss=0.5923 val_BA=0.500 mejor_epoca=1
2026-09-26 17:56:57,395 INFO FRAIWAN_Extended/no_dn fold 4: config 0 (lr=0.0001, dropout=0.3) epoca 2: train_loss=0.5539 val_loss=0.4687 val_BA=0.500 mejor_epoca=2
2026-09-26 17:56:57,495 INFO FRAIWAN_Extended/no_dn fold 4: config 0 (lr=0.0001, dropout=0.3) epoca 3: train_loss=0.4718 val_loss=0.3974 val_BA=0.500 mejor_epoca=3
2026-09-26 17:56:57,594 INFO FRAIWAN_Extended/no_dn fold 4: config 0 (lr=0.0001, dropout=0.3) epoca 4: train_loss=0.4372 val_loss=0.3692 val_BA=0.500 mejor_epoca=4
2026-09-26 17:56:57,694 INFO FRAIWAN_Extended/no_dn fold 4: config 0 (lr=0.0001, dropout=0.3) epoca 5: train_loss=0.3928 val_loss=0.4199 val_BA=0.900 mejor_epoca=5
2026-09-26 17:56:57,894 INFO FRAIWAN_Extended/no_dn fold 4: config 0 (lr=0.0001, dropout=0.3) epoca 7: train_loss=0.2852 val_loss=0.4083 val_BA=0.900 mejor_epoca=7
2026-09-26 17:56:58,193 INFO FRAIWAN_Extended/no_dn fold 4: config 0 (lr=0.0001, dropout=0.3) epoca 10: train_loss=0.1765 val_loss=0.9521 val_BA=0.700 mejor_epoca=7
2026-09-26 17:56:58,292 INFO FRAIWAN_Extended/no_dn fold 4: config 0 (lr=0.0001, dropout=0.3) epoca 11: train_loss=0.1414 val_loss=0.3055 val_BA=1.000 mejor_epoca=11
2026-09-26 17:56:59,188 INFO FRAIWAN_Extended/no_dn fold 4: config 0 (lr=0.0001, dropout=0.3) epoca 20: train_loss=0.0754 val_loss=0.3245 val_BA=0.900 mejor_epoca=11
2026-09-26 17:56:59,388 INFO FRAIWAN_Extended/no_dn fold 4: config 0 (lr=0.0001, dropout=0.3) epoca 22: train_loss=0.0813 val_loss=0.2334 val_BA=1.000 mejor_epoca=22
2026-09-26 17:56:59,587 INFO FRAIWAN_Extended/no_dn fold 4: config 0 (lr=0.0001, dropout=0.3) epoca 24: train_loss=0.0787 val_loss=0.1431 val_BA=1.000 mejor_epoca=24
2026-09-26 17:57:00,187 INFO FRAIWAN_Extended/no_dn fold 4: config 0 (lr=0.0001, dropout=0.3) epoca 30: train_loss=0.0541 val_loss=1.7649 val_BA=0.600 mejor_epoca=24
2026-09-26 17:57:01,121 INFO FRAIWAN_Extended/no_dn fold 4 config 0: OK val_BA=1.000 mejor_epoca=24 (0.1 min)
2026-09-26 17:57:01,249 INFO FRAIWAN_Extended/no_dn fold 4: config 1 (lr=0.0001, dropout=0.3) epoca 1: train_loss=0.6857 val_loss=0.6671 val_BA=0.500 mejor_epoca=1
2026-09-26 17:57:01,337 INFO FRAIWAN_Extended/no_dn fold 4: config 1 (lr=0.0001, dropout=0.3) epoca 2: train_loss=0.5431 val_loss=0.6516 val_BA=0.500 mejor_epoca=2
2026-09-26 17:57:01,425 INFO FRAIWAN_Extended/no_dn fold 4: config 1 (lr=0.0001, dropout=0.3) epoca 3: train_loss=0.4695 val_loss=0.6265 val_BA=0.500 mejor_epoca=3
2026-09-26 17:57:01,513 INFO FRAIWAN_Extended/no_dn fold 4: config 1 (lr=0.0001, dropout=0.3) epoca 4: train_loss=0.3818 val_loss=0.6004 val_BA=0.500 mejor_epoca=4
2026-09-26 17:57:01,601 INFO FRAIWAN_Extended/no_dn fold 4: config 1 (lr=0.0001, dropout=0.3) epoca 5: train_loss=0.3572 val_loss=0.5724 val_BA=0.500 mejor_epoca=5
2026-09-26 17:57:01,690 INFO FRAIWAN_Extended/no_dn fold 4: config 1 (lr=0.0001, dropout=0.3) epoca 6: train_loss=0.3035 val_loss=0.5332 val_BA=0.500 mejor_epoca=6
2026-09-26 17:57:01,778 INFO FRAIWAN_Extended/no_dn fold 4: config 1 (lr=0.0001, dropout=0.3) epoca 7: train_loss=0.2805 val_loss=0.4984 val_BA=0.500 mejor_epoca=7
2026-09-26 17:57:01,866 INFO FRAIWAN_Extended/no_dn fold 4: config 1 (lr=0.0001, dropout=0.3) epoca 8: train_loss=0.2511 val_loss=0.4719 val_BA=0.500 mejor_epoca=8
2026-09-26 17:57:01,954 INFO FRAIWAN_Extended/no_dn fold 4: config 1 (lr=0.0001, dropout=0.3) epoca 9: train_loss=0.1992 val_loss=0.4548 val_BA=0.500 mejor_epoca=9
2026-09-26 17:57:02,042 INFO FRAIWAN_Extended/no_dn fold 4: config 1 (lr=0.0001, dropout=0.3) epoca 10: train_loss=0.1871 val_loss=0.4362 val_BA=0.500 mejor_epoca=10
2026-09-26 17:57:02,131 INFO FRAIWAN_Extended/no_dn fold 4: config 1 (lr=0.0001, dropout=0.3) epoca 11: train_loss=0.1596 val_loss=0.4080 val_BA=0.500 mejor_epoca=11
2026-09-26 17:57:02,219 INFO FRAIWAN_Extended/no_dn fold 4: config 1 (lr=0.0001, dropout=0.3) epoca 12: train_loss=0.1500 val_loss=0.3849 val_BA=0.500 mejor_epoca=12
2026-09-26 17:57:02,311 INFO FRAIWAN_Extended/no_dn fold 4: config 1 (lr=0.0001, dropout=0.3) epoca 13: train_loss=0.1365 val_loss=0.3787 val_BA=1.000 mejor_epoca=13
2026-09-26 17:57:02,931 INFO FRAIWAN_Extended/no_dn fold 4: config 1 (lr=0.0001, dropout=0.3) epoca 20: train_loss=0.0905 val_loss=1.2976 val_BA=0.700 mejor_epoca=13
2026-09-26 17:57:03,653 INFO FRAIWAN_Extended/no_dn fold 4 config 1: OK val_BA=1.000 mejor_epoca=13 (0.0 min)
2026-09-26 17:57:03,759 INFO FRAIWAN_Extended/no_dn fold 4: config 2 (lr=0.0001, dropout=0.4) epoca 1: train_loss=0.7240 val_loss=0.7272 val_BA=0.500 mejor_epoca=1
2026-09-26 17:57:04,026 INFO FRAIWAN_Extended/no_dn fold 4: config 2 (lr=0.0001, dropout=0.4) epoca 4: train_loss=0.4730 val_loss=0.6914 val_BA=0.800 mejor_epoca=4
2026-09-26 17:57:04,396 INFO FRAIWAN_Extended/no_dn fold 4: config 2 (lr=0.0001, dropout=0.4) epoca 8: train_loss=0.2820 val_loss=0.6027 val_BA=0.800 mejor_epoca=8
2026-09-26 17:57:04,577 INFO FRAIWAN_Extended/no_dn fold 4: config 2 (lr=0.0001, dropout=0.4) epoca 10: train_loss=0.2138 val_loss=0.6981 val_BA=0.700 mejor_epoca=8
2026-09-26 17:57:04,667 INFO FRAIWAN_Extended/no_dn fold 4: config 2 (lr=0.0001, dropout=0.4) epoca 11: train_loss=0.1949 val_loss=0.5203 val_BA=0.800 mejor_epoca=11
2026-09-26 17:57:04,937 INFO FRAIWAN_Extended/no_dn fold 4: config 2 (lr=0.0001, dropout=0.4) epoca 14: train_loss=0.1579 val_loss=0.4388 val_BA=0.900 mejor_epoca=14
2026-09-26 17:57:05,476 INFO FRAIWAN_Extended/no_dn fold 4: config 2 (lr=0.0001, dropout=0.4) epoca 20: train_loss=0.1161 val_loss=1.3382 val_BA=0.700 mejor_epoca=14
2026-09-26 17:57:05,925 INFO FRAIWAN_Extended/no_dn fold 4: config 2 (lr=0.0001, dropout=0.4) epoca 25: train_loss=0.0910 val_loss=0.2836 val_BA=1.000 mejor_epoca=25
2026-09-26 17:57:06,373 INFO FRAIWAN_Extended/no_dn fold 4: config 2 (lr=0.0001, dropout=0.4) epoca 30: train_loss=0.0859 val_loss=2.6027 val_BA=0.600 mejor_epoca=25
2026-09-26 17:57:07,274 INFO FRAIWAN_Extended/no_dn fold 4: config 2 (lr=0.0001, dropout=0.4) epoca 40: train_loss=0.0680 val_loss=0.7065 val_BA=0.800 mejor_epoca=25
2026-09-26 17:57:07,292 INFO FRAIWAN_Extended/no_dn fold 4 config 2: OK val_BA=1.000 mejor_epoca=25 (0.1 min)
2026-09-26 17:57:07,411 INFO FRAIWAN_Extended/no_dn fold 4: config 3 (lr=0.0001, dropout=0.4) epoca 1: train_loss=0.7342 val_loss=0.6803 val_BA=0.500 mejor_epoca=1
2026-09-26 17:57:07,511 INFO FRAIWAN_Extended/no_dn fold 4: config 3 (lr=0.0001, dropout=0.4) epoca 2: train_loss=0.5787 val_loss=0.6169 val_BA=0.500 mejor_epoca=2
2026-09-26 17:57:07,611 INFO FRAIWAN_Extended/no_dn fold 4: config 3 (lr=0.0001, dropout=0.4) epoca 3: train_loss=0.4971 val_loss=0.4967 val_BA=0.500 mejor_epoca=3
2026-09-26 17:57:07,711 INFO FRAIWAN_Extended/no_dn fold 4: config 3 (lr=0.0001, dropout=0.4) epoca 4: train_loss=0.4724 val_loss=0.5076 val_BA=0.900 mejor_epoca=4
2026-09-26 17:57:08,021 INFO FRAIWAN_Extended/no_dn fold 4: config 3 (lr=0.0001, dropout=0.4) epoca 7: train_loss=0.3330 val_loss=0.4142 val_BA=1.000 mejor_epoca=7
2026-09-26 17:57:08,332 INFO FRAIWAN_Extended/no_dn fold 4: config 3 (lr=0.0001, dropout=0.4) epoca 10: train_loss=0.1979 val_loss=2.1538 val_BA=0.500 mejor_epoca=7
2026-09-26 17:57:08,434 INFO FRAIWAN_Extended/no_dn fold 4: config 3 (lr=0.0001, dropout=0.4) epoca 11: train_loss=0.2167 val_loss=0.2919 val_BA=1.000 mejor_epoca=11
2026-09-26 17:57:09,040 INFO FRAIWAN_Extended/no_dn fold 4: config 3 (lr=0.0001, dropout=0.4) epoca 17: train_loss=0.0965 val_loss=0.1911 val_BA=1.000 mejor_epoca=17
2026-09-26 17:57:09,344 INFO FRAIWAN_Extended/no_dn fold 4: config 3 (lr=0.0001, dropout=0.4) epoca 20: train_loss=0.0990 val_loss=1.6744 val_BA=0.700 mejor_epoca=17
2026-09-26 17:57:10,348 INFO FRAIWAN_Extended/no_dn fold 4: config 3 (lr=0.0001, dropout=0.4) epoca 30: train_loss=0.0518 val_loss=0.2757 val_BA=0.900 mejor_epoca=17
2026-09-26 17:57:10,565 INFO FRAIWAN_Extended/no_dn fold 4 config 3: OK val_BA=1.000 mejor_epoca=17 (0.1 min)
2026-09-26 17:57:10,671 INFO FRAIWAN_Extended/no_dn fold 4: config 4 (lr=0.0001, dropout=0.4) epoca 1: train_loss=0.6204 val_loss=0.6435 val_BA=0.500 mejor_epoca=1
2026-09-26 17:57:10,761 INFO FRAIWAN_Extended/no_dn fold 4: config 4 (lr=0.0001, dropout=0.4) epoca 2: train_loss=0.4967 val_loss=0.5912 val_BA=0.500 mejor_epoca=2
2026-09-26 17:57:10,850 INFO FRAIWAN_Extended/no_dn fold 4: config 4 (lr=0.0001, dropout=0.4) epoca 3: train_loss=0.4309 val_loss=0.5448 val_BA=0.500 mejor_epoca=3
2026-09-26 17:57:10,939 INFO FRAIWAN_Extended/no_dn fold 4: config 4 (lr=0.0001, dropout=0.4) epoca 4: train_loss=0.3743 val_loss=0.5072 val_BA=0.500 mejor_epoca=4
2026-09-26 17:57:11,029 INFO FRAIWAN_Extended/no_dn fold 4: config 4 (lr=0.0001, dropout=0.4) epoca 5: train_loss=0.3380 val_loss=0.4979 val_BA=0.500 mejor_epoca=5
2026-09-26 17:57:11,208 INFO FRAIWAN_Extended/no_dn fold 4: config 4 (lr=0.0001, dropout=0.4) epoca 7: train_loss=0.2295 val_loss=0.4996 val_BA=0.900 mejor_epoca=7
2026-09-26 17:57:11,478 INFO FRAIWAN_Extended/no_dn fold 4: config 4 (lr=0.0001, dropout=0.4) epoca 10: train_loss=0.1477 val_loss=1.1778 val_BA=0.700 mejor_epoca=7
2026-09-26 17:57:12,314 INFO FRAIWAN_Extended/no_dn fold 4: config 4 (lr=0.0001, dropout=0.4) epoca 19: train_loss=0.0808 val_loss=0.2406 val_BA=1.000 mejor_epoca=19
2026-09-26 17:57:12,406 INFO FRAIWAN_Extended/no_dn fold 4: config 4 (lr=0.0001, dropout=0.4) epoca 20: train_loss=0.0834 val_loss=1.0303 val_BA=0.700 mejor_epoca=19
2026-09-26 17:57:13,316 INFO FRAIWAN_Extended/no_dn fold 4: config 4 (lr=0.0001, dropout=0.4) epoca 30: train_loss=0.0605 val_loss=0.5335 val_BA=0.800 mejor_epoca=19
2026-09-26 17:57:13,694 INFO FRAIWAN_Extended/no_dn fold 4 config 4: OK val_BA=1.000 mejor_epoca=19 (0.1 min)
2026-09-26 17:57:13,799 INFO FRAIWAN_Extended/no_dn fold 4: config 5 (lr=0.0001, dropout=0.4) epoca 1: train_loss=0.7398 val_loss=0.7094 val_BA=0.500 mejor_epoca=1
2026-09-26 17:57:13,888 INFO FRAIWAN_Extended/no_dn fold 4: config 5 (lr=0.0001, dropout=0.4) epoca 2: train_loss=0.5808 val_loss=0.7081 val_BA=0.500 mejor_epoca=2
2026-09-26 17:57:13,976 INFO FRAIWAN_Extended/no_dn fold 4: config 5 (lr=0.0001, dropout=0.4) epoca 3: train_loss=0.4823 val_loss=0.6956 val_BA=0.500 mejor_epoca=3
2026-09-26 17:57:14,064 INFO FRAIWAN_Extended/no_dn fold 4: config 5 (lr=0.0001, dropout=0.4) epoca 4: train_loss=0.4169 val_loss=0.6668 val_BA=0.500 mejor_epoca=4
2026-09-26 17:57:14,151 INFO FRAIWAN_Extended/no_dn fold 4: config 5 (lr=0.0001, dropout=0.4) epoca 5: train_loss=0.3746 val_loss=0.6229 val_BA=0.500 mejor_epoca=5
2026-09-26 17:57:14,240 INFO FRAIWAN_Extended/no_dn fold 4: config 5 (lr=0.0001, dropout=0.4) epoca 6: train_loss=0.3374 val_loss=0.5708 val_BA=0.500 mejor_epoca=6
2026-09-26 17:57:14,328 INFO FRAIWAN_Extended/no_dn fold 4: config 5 (lr=0.0001, dropout=0.4) epoca 7: train_loss=0.2931 val_loss=0.5231 val_BA=0.500 mejor_epoca=7
2026-09-26 17:57:14,415 INFO FRAIWAN_Extended/no_dn fold 4: config 5 (lr=0.0001, dropout=0.4) epoca 8: train_loss=0.2640 val_loss=0.4903 val_BA=0.500 mejor_epoca=8
2026-09-26 17:57:14,503 INFO FRAIWAN_Extended/no_dn fold 4: config 5 (lr=0.0001, dropout=0.4) epoca 9: train_loss=0.2230 val_loss=0.4558 val_BA=0.500 mejor_epoca=9
2026-09-26 17:57:14,591 INFO FRAIWAN_Extended/no_dn fold 4: config 5 (lr=0.0001, dropout=0.4) epoca 10: train_loss=0.2053 val_loss=0.4130 val_BA=0.500 mejor_epoca=10
2026-09-26 17:57:14,679 INFO FRAIWAN_Extended/no_dn fold 4: config 5 (lr=0.0001, dropout=0.4) epoca 11: train_loss=0.1947 val_loss=0.3893 val_BA=0.500 mejor_epoca=11
2026-09-26 17:57:14,768 INFO FRAIWAN_Extended/no_dn fold 4: config 5 (lr=0.0001, dropout=0.4) epoca 12: train_loss=0.1715 val_loss=0.3866 val_BA=1.000 mejor_epoca=12
2026-09-26 17:57:15,030 INFO FRAIWAN_Extended/no_dn fold 4: config 5 (lr=0.0001, dropout=0.4) epoca 15: train_loss=0.1285 val_loss=0.3011 val_BA=1.000 mejor_epoca=15
2026-09-26 17:57:15,474 INFO FRAIWAN_Extended/no_dn fold 4: config 5 (lr=0.0001, dropout=0.4) epoca 20: train_loss=0.1070 val_loss=0.9526 val_BA=0.700 mejor_epoca=15
2026-09-26 17:57:16,371 INFO FRAIWAN_Extended/no_dn fold 4: config 5 (lr=0.0001, dropout=0.4) epoca 30: train_loss=0.0832 val_loss=0.5105 val_BA=0.800 mejor_epoca=15
2026-09-26 17:57:16,391 INFO FRAIWAN_Extended/no_dn fold 4 config 5: OK val_BA=1.000 mejor_epoca=15 (0.0 min)
2026-09-26 17:57:16,510 INFO FRAIWAN_Extended/no_dn fold 4: config 6 (lr=0.0001, dropout=0.5) epoca 1: train_loss=0.6930 val_loss=0.7953 val_BA=0.500 mejor_epoca=1
2026-09-26 17:57:16,611 INFO FRAIWAN_Extended/no_dn fold 4: config 6 (lr=0.0001, dropout=0.5) epoca 2: train_loss=0.6167 val_loss=0.7076 val_BA=0.500 mejor_epoca=2
2026-09-26 17:57:16,711 INFO FRAIWAN_Extended/no_dn fold 4: config 6 (lr=0.0001, dropout=0.5) epoca 3: train_loss=0.5335 val_loss=0.6209 val_BA=0.900 mejor_epoca=3
2026-09-26 17:57:17,415 INFO FRAIWAN_Extended/no_dn fold 4: config 6 (lr=0.0001, dropout=0.5) epoca 10: train_loss=0.2411 val_loss=1.1449 val_BA=0.700 mejor_epoca=3
2026-09-26 17:57:18,014 INFO FRAIWAN_Extended/no_dn fold 4: config 6 (lr=0.0001, dropout=0.5) epoca 16: train_loss=0.1312 val_loss=0.3694 val_BA=0.900 mejor_epoca=16
2026-09-26 17:57:18,411 INFO FRAIWAN_Extended/no_dn fold 4: config 6 (lr=0.0001, dropout=0.5) epoca 20: train_loss=0.1363 val_loss=0.5643 val_BA=0.700 mejor_epoca=16
2026-09-26 17:57:19,426 INFO FRAIWAN_Extended/no_dn fold 4: config 6 (lr=0.0001, dropout=0.5) epoca 30: train_loss=0.0577 val_loss=0.1462 val_BA=1.000 mejor_epoca=30
2026-09-26 17:57:20,436 INFO FRAIWAN_Extended/no_dn fold 4: config 6 (lr=0.0001, dropout=0.5) epoca 40: train_loss=0.0526 val_loss=0.3960 val_BA=0.800 mejor_epoca=30
2026-09-26 17:57:20,954 INFO FRAIWAN_Extended/no_dn fold 4 config 6: OK val_BA=1.000 mejor_epoca=30 (0.1 min)
2026-09-26 17:57:21,059 INFO FRAIWAN_Extended/no_dn fold 4: config 7 (lr=0.0001, dropout=0.5) epoca 1: train_loss=0.6930 val_loss=0.7010 val_BA=0.500 mejor_epoca=1
2026-09-26 17:57:21,147 INFO FRAIWAN_Extended/no_dn fold 4: config 7 (lr=0.0001, dropout=0.5) epoca 2: train_loss=0.5577 val_loss=0.6829 val_BA=0.500 mejor_epoca=2
2026-09-26 17:57:21,234 INFO FRAIWAN_Extended/no_dn fold 4: config 7 (lr=0.0001, dropout=0.5) epoca 3: train_loss=0.5057 val_loss=0.6568 val_BA=0.500 mejor_epoca=3
2026-09-26 17:57:21,322 INFO FRAIWAN_Extended/no_dn fold 4: config 7 (lr=0.0001, dropout=0.5) epoca 4: train_loss=0.4429 val_loss=0.6217 val_BA=0.500 mejor_epoca=4
2026-09-26 17:57:21,410 INFO FRAIWAN_Extended/no_dn fold 4: config 7 (lr=0.0001, dropout=0.5) epoca 5: train_loss=0.3684 val_loss=0.5876 val_BA=0.500 mejor_epoca=5
2026-09-26 17:57:21,497 INFO FRAIWAN_Extended/no_dn fold 4: config 7 (lr=0.0001, dropout=0.5) epoca 6: train_loss=0.3544 val_loss=0.5583 val_BA=0.500 mejor_epoca=6
2026-09-26 17:57:21,586 INFO FRAIWAN_Extended/no_dn fold 4: config 7 (lr=0.0001, dropout=0.5) epoca 7: train_loss=0.3114 val_loss=0.5326 val_BA=0.500 mejor_epoca=7
2026-09-26 17:57:21,674 INFO FRAIWAN_Extended/no_dn fold 4: config 7 (lr=0.0001, dropout=0.5) epoca 8: train_loss=0.2856 val_loss=0.5019 val_BA=0.500 mejor_epoca=8
2026-09-26 17:57:21,762 INFO FRAIWAN_Extended/no_dn fold 4: config 7 (lr=0.0001, dropout=0.5) epoca 9: train_loss=0.2370 val_loss=0.4654 val_BA=0.500 mejor_epoca=9
2026-09-26 17:57:21,861 INFO FRAIWAN_Extended/no_dn fold 4: config 7 (lr=0.0001, dropout=0.5) epoca 10: train_loss=0.2211 val_loss=0.4496 val_BA=0.500 mejor_epoca=10
2026-09-26 17:57:22,039 INFO FRAIWAN_Extended/no_dn fold 4: config 7 (lr=0.0001, dropout=0.5) epoca 12: train_loss=0.2065 val_loss=0.4406 val_BA=0.900 mejor_epoca=12
2026-09-26 17:57:22,127 INFO FRAIWAN_Extended/no_dn fold 4: config 7 (lr=0.0001, dropout=0.5) epoca 13: train_loss=0.1738 val_loss=0.4399 val_BA=1.000 mejor_epoca=13
2026-09-26 17:57:22,745 INFO FRAIWAN_Extended/no_dn fold 4: config 7 (lr=0.0001, dropout=0.5) epoca 20: train_loss=0.1056 val_loss=1.4152 val_BA=0.700 mejor_epoca=13
2026-09-26 17:57:23,482 INFO FRAIWAN_Extended/no_dn fold 4 config 7: OK val_BA=1.000 mejor_epoca=13 (0.0 min)
2026-09-26 17:57:23,588 INFO FRAIWAN_Extended/no_dn fold 4: config 8 (lr=0.0003, dropout=0.3) epoca 1: train_loss=0.6856 val_loss=0.7207 val_BA=0.500 mejor_epoca=1
2026-09-26 17:57:23,766 INFO FRAIWAN_Extended/no_dn fold 4: config 8 (lr=0.0003, dropout=0.3) epoca 3: train_loss=0.4585 val_loss=0.7007 val_BA=0.500 mejor_epoca=3
2026-09-26 17:57:23,853 INFO FRAIWAN_Extended/no_dn fold 4: config 8 (lr=0.0003, dropout=0.3) epoca 4: train_loss=0.3997 val_loss=0.6596 val_BA=0.500 mejor_epoca=4
2026-09-26 17:57:23,941 INFO FRAIWAN_Extended/no_dn fold 4: config 8 (lr=0.0003, dropout=0.3) epoca 5: train_loss=0.3500 val_loss=0.6044 val_BA=0.500 mejor_epoca=5
2026-09-26 17:57:24,029 INFO FRAIWAN_Extended/no_dn fold 4: config 8 (lr=0.0003, dropout=0.3) epoca 6: train_loss=0.2661 val_loss=0.5536 val_BA=0.500 mejor_epoca=6
2026-09-26 17:57:24,117 INFO FRAIWAN_Extended/no_dn fold 4: config 8 (lr=0.0003, dropout=0.3) epoca 7: train_loss=0.2647 val_loss=0.4827 val_BA=0.500 mejor_epoca=7
2026-09-26 17:57:24,205 INFO FRAIWAN_Extended/no_dn fold 4: config 8 (lr=0.0003, dropout=0.3) epoca 8: train_loss=0.1967 val_loss=0.4481 val_BA=0.500 mejor_epoca=8
2026-09-26 17:57:24,293 INFO FRAIWAN_Extended/no_dn fold 4: config 8 (lr=0.0003, dropout=0.3) epoca 9: train_loss=0.1667 val_loss=0.4097 val_BA=0.500 mejor_epoca=9
2026-09-26 17:57:24,381 INFO FRAIWAN_Extended/no_dn fold 4: config 8 (lr=0.0003, dropout=0.3) epoca 10: train_loss=0.1486 val_loss=0.3977 val_BA=0.500 mejor_epoca=10
2026-09-26 17:57:24,468 INFO FRAIWAN_Extended/no_dn fold 4: config 8 (lr=0.0003, dropout=0.3) epoca 11: train_loss=0.1364 val_loss=0.5514 val_BA=0.900 mejor_epoca=11
2026-09-26 17:57:24,644 INFO FRAIWAN_Extended/no_dn fold 4: config 8 (lr=0.0003, dropout=0.3) epoca 13: train_loss=0.1311 val_loss=0.4210 val_BA=0.900 mejor_epoca=13
2026-09-26 17:57:25,261 INFO FRAIWAN_Extended/no_dn fold 4: config 8 (lr=0.0003, dropout=0.3) epoca 20: train_loss=0.0780 val_loss=0.3110 val_BA=1.000 mejor_epoca=20
2026-09-26 17:57:25,437 INFO FRAIWAN_Extended/no_dn fold 4: config 8 (lr=0.0003, dropout=0.3) epoca 22: train_loss=0.0576 val_loss=0.2125 val_BA=1.000 mejor_epoca=22
2026-09-26 17:57:26,142 INFO FRAIWAN_Extended/no_dn fold 4: config 8 (lr=0.0003, dropout=0.3) epoca 30: train_loss=0.0481 val_loss=1.0573 val_BA=0.800 mejor_epoca=22
2026-09-26 17:57:26,793 INFO FRAIWAN_Extended/no_dn fold 4 config 8: OK val_BA=1.000 mejor_epoca=22 (0.1 min)
2026-09-26 17:57:26,903 INFO FRAIWAN_Extended/no_dn fold 4: config 9 (lr=0.0003, dropout=0.4) epoca 1: train_loss=0.6948 val_loss=0.6491 val_BA=0.500 mejor_epoca=1
2026-09-26 17:57:26,995 INFO FRAIWAN_Extended/no_dn fold 4: config 9 (lr=0.0003, dropout=0.4) epoca 2: train_loss=0.5758 val_loss=0.5761 val_BA=0.500 mejor_epoca=2
2026-09-26 17:57:27,086 INFO FRAIWAN_Extended/no_dn fold 4: config 9 (lr=0.0003, dropout=0.4) epoca 3: train_loss=0.4777 val_loss=0.4751 val_BA=0.500 mejor_epoca=3
2026-09-26 17:57:27,176 INFO FRAIWAN_Extended/no_dn fold 4: config 9 (lr=0.0003, dropout=0.4) epoca 4: train_loss=0.4390 val_loss=0.4289 val_BA=0.500 mejor_epoca=4
2026-09-26 17:57:27,267 INFO FRAIWAN_Extended/no_dn fold 4: config 9 (lr=0.0003, dropout=0.4) epoca 5: train_loss=0.3651 val_loss=0.3937 val_BA=0.500 mejor_epoca=5
2026-09-26 17:57:27,360 INFO FRAIWAN_Extended/no_dn fold 4: config 9 (lr=0.0003, dropout=0.4) epoca 6: train_loss=0.2866 val_loss=0.3165 val_BA=0.500 mejor_epoca=6
2026-09-26 17:57:27,452 INFO FRAIWAN_Extended/no_dn fold 4: config 9 (lr=0.0003, dropout=0.4) epoca 7: train_loss=0.2538 val_loss=0.2390 val_BA=1.000 mejor_epoca=7
2026-09-26 17:57:27,725 INFO FRAIWAN_Extended/no_dn fold 4: config 9 (lr=0.0003, dropout=0.4) epoca 10: train_loss=0.1413 val_loss=0.7387 val_BA=0.800 mejor_epoca=7
2026-09-26 17:57:28,629 INFO FRAIWAN_Extended/no_dn fold 4: config 9 (lr=0.0003, dropout=0.4) epoca 20: train_loss=0.0563 val_loss=0.4702 val_BA=0.900 mejor_epoca=7
2026-09-26 17:57:28,720 INFO FRAIWAN_Extended/no_dn fold 4: config 9 (lr=0.0003, dropout=0.4) epoca 21: train_loss=0.0490 val_loss=0.1354 val_BA=1.000 mejor_epoca=21
2026-09-26 17:57:29,523 INFO FRAIWAN_Extended/no_dn fold 4: config 9 (lr=0.0003, dropout=0.4) epoca 30: train_loss=0.0414 val_loss=0.3830 val_BA=0.900 mejor_epoca=21
2026-09-26 17:57:30,076 INFO FRAIWAN_Extended/no_dn fold 4 config 9: OK val_BA=1.000 mejor_epoca=21 (0.1 min)
2026-09-26 17:57:30,194 INFO FRAIWAN_Extended/no_dn fold 4: config 10 (lr=0.0003, dropout=0.4) epoca 1: train_loss=0.6526 val_loss=0.7546 val_BA=0.500 mejor_epoca=1
2026-09-26 17:57:30,515 INFO FRAIWAN_Extended/no_dn fold 4: config 10 (lr=0.0003, dropout=0.4) epoca 4: train_loss=0.4225 val_loss=0.6313 val_BA=0.800 mejor_epoca=4
2026-09-26 17:57:30,722 INFO FRAIWAN_Extended/no_dn fold 4: config 10 (lr=0.0003, dropout=0.4) epoca 6: train_loss=0.3205 val_loss=0.5692 val_BA=0.800 mejor_epoca=6
2026-09-26 17:57:31,133 INFO FRAIWAN_Extended/no_dn fold 4: config 10 (lr=0.0003, dropout=0.4) epoca 10: train_loss=0.1256 val_loss=0.7297 val_BA=0.800 mejor_epoca=6
2026-09-26 17:57:32,149 INFO FRAIWAN_Extended/no_dn fold 4: config 10 (lr=0.0003, dropout=0.4) epoca 20: train_loss=0.1328 val_loss=0.2152 val_BA=1.000 mejor_epoca=20
2026-09-26 17:57:33,159 INFO FRAIWAN_Extended/no_dn fold 4: config 10 (lr=0.0003, dropout=0.4) epoca 30: train_loss=0.0247 val_loss=5.1169 val_BA=0.500 mejor_epoca=20
2026-09-26 17:57:33,678 INFO FRAIWAN_Extended/no_dn fold 4 config 10: OK val_BA=1.000 mejor_epoca=20 (0.1 min)
2026-09-26 17:57:33,783 INFO FRAIWAN_Extended/no_dn fold 4: config 11 (lr=0.0003, dropout=0.5) epoca 1: train_loss=0.7120 val_loss=0.7353 val_BA=0.500 mejor_epoca=1
2026-09-26 17:57:33,961 INFO FRAIWAN_Extended/no_dn fold 4: config 11 (lr=0.0003, dropout=0.5) epoca 3: train_loss=0.5201 val_loss=0.7256 val_BA=0.500 mejor_epoca=3
2026-09-26 17:57:34,142 INFO FRAIWAN_Extended/no_dn fold 4: config 11 (lr=0.0003, dropout=0.5) epoca 5: train_loss=0.4218 val_loss=0.7170 val_BA=0.500 mejor_epoca=5
2026-09-26 17:57:34,326 INFO FRAIWAN_Extended/no_dn fold 4: config 11 (lr=0.0003, dropout=0.5) epoca 7: train_loss=0.3289 val_loss=0.6424 val_BA=0.900 mejor_epoca=7
2026-09-26 17:57:34,508 INFO FRAIWAN_Extended/no_dn fold 4: config 11 (lr=0.0003, dropout=0.5) epoca 9: train_loss=0.2682 val_loss=0.5554 val_BA=0.900 mejor_epoca=9
2026-09-26 17:57:34,597 INFO FRAIWAN_Extended/no_dn fold 4: config 11 (lr=0.0003, dropout=0.5) epoca 10: train_loss=0.2284 val_loss=0.6499 val_BA=0.700 mejor_epoca=9
2026-09-26 17:57:35,483 INFO FRAIWAN_Extended/no_dn fold 4: config 11 (lr=0.0003, dropout=0.5) epoca 20: train_loss=0.0912 val_loss=1.3801 val_BA=0.700 mejor_epoca=9
2026-09-26 17:57:35,855 INFO FRAIWAN_Extended/no_dn fold 4 config 11: OK val_BA=0.900 mejor_epoca=9 (0.0 min)
2026-09-26 17:57:35,962 INFO FRAIWAN_Extended/no_dn fold 4: config 12 (lr=0.0003, dropout=0.5) epoca 1: train_loss=0.7771 val_loss=0.7112 val_BA=0.500 mejor_epoca=1
2026-09-26 17:57:36,053 INFO FRAIWAN_Extended/no_dn fold 4: config 12 (lr=0.0003, dropout=0.5) epoca 2: train_loss=0.5604 val_loss=0.6850 val_BA=0.500 mejor_epoca=2
2026-09-26 17:57:36,143 INFO FRAIWAN_Extended/no_dn fold 4: config 12 (lr=0.0003, dropout=0.5) epoca 3: train_loss=0.5267 val_loss=0.7004 val_BA=0.600 mejor_epoca=3
2026-09-26 17:57:36,324 INFO FRAIWAN_Extended/no_dn fold 4: config 12 (lr=0.0003, dropout=0.5) epoca 5: train_loss=0.3834 val_loss=0.6770 val_BA=0.700 mejor_epoca=5
2026-09-26 17:57:36,415 INFO FRAIWAN_Extended/no_dn fold 4: config 12 (lr=0.0003, dropout=0.5) epoca 6: train_loss=0.3185 val_loss=0.5911 val_BA=0.800 mejor_epoca=6
2026-09-26 17:57:36,686 INFO FRAIWAN_Extended/no_dn fold 4: config 12 (lr=0.0003, dropout=0.5) epoca 9: train_loss=0.1752 val_loss=0.5148 val_BA=0.800 mejor_epoca=9
2026-09-26 17:57:36,777 INFO FRAIWAN_Extended/no_dn fold 4: config 12 (lr=0.0003, dropout=0.5) epoca 10: train_loss=0.1427 val_loss=2.1977 val_BA=0.600 mejor_epoca=9
2026-09-26 17:57:37,501 INFO FRAIWAN_Extended/no_dn fold 4: config 12 (lr=0.0003, dropout=0.5) epoca 18: train_loss=0.0674 val_loss=0.2491 val_BA=1.000 mejor_epoca=18
2026-09-26 17:57:37,680 INFO FRAIWAN_Extended/no_dn fold 4: config 12 (lr=0.0003, dropout=0.5) epoca 20: train_loss=0.0632 val_loss=0.2851 val_BA=0.900 mejor_epoca=18
2026-09-26 17:57:38,142 INFO FRAIWAN_Extended/no_dn fold 4: config 12 (lr=0.0003, dropout=0.5) epoca 25: train_loss=0.0410 val_loss=0.1683 val_BA=1.000 mejor_epoca=25
2026-09-26 17:57:38,232 INFO FRAIWAN_Extended/no_dn fold 4: config 12 (lr=0.0003, dropout=0.5) epoca 26: train_loss=0.0497 val_loss=0.1598 val_BA=1.000 mejor_epoca=26
2026-09-26 17:57:38,594 INFO FRAIWAN_Extended/no_dn fold 4: config 12 (lr=0.0003, dropout=0.5) epoca 30: train_loss=0.0411 val_loss=2.9360 val_BA=0.700 mejor_epoca=26
2026-09-26 17:57:39,506 INFO FRAIWAN_Extended/no_dn fold 4: config 12 (lr=0.0003, dropout=0.5) epoca 40: train_loss=0.0228 val_loss=1.4299 val_BA=0.700 mejor_epoca=26
2026-09-26 17:57:39,615 INFO FRAIWAN_Extended/no_dn fold 4 config 12: OK val_BA=1.000 mejor_epoca=26 (0.1 min)
2026-09-26 17:57:39,734 INFO FRAIWAN_Extended/no_dn fold 4: config 13 (lr=0.001, dropout=0.2) epoca 1: train_loss=0.7326 val_loss=0.5728 val_BA=0.500 mejor_epoca=1
2026-09-26 17:57:39,834 INFO FRAIWAN_Extended/no_dn fold 4: config 13 (lr=0.001, dropout=0.2) epoca 2: train_loss=0.6120 val_loss=0.4407 val_BA=0.500 mejor_epoca=2
2026-09-26 17:57:39,937 INFO FRAIWAN_Extended/no_dn fold 4: config 13 (lr=0.001, dropout=0.2) epoca 3: train_loss=0.5632 val_loss=0.9079 val_BA=0.600 mejor_epoca=3
2026-09-26 17:57:40,138 INFO FRAIWAN_Extended/no_dn fold 4: config 13 (lr=0.001, dropout=0.2) epoca 5: train_loss=0.3677 val_loss=1.0941 val_BA=0.700 mejor_epoca=5
2026-09-26 17:57:40,338 INFO FRAIWAN_Extended/no_dn fold 4: config 13 (lr=0.001, dropout=0.2) epoca 7: train_loss=0.1992 val_loss=0.1441 val_BA=1.000 mejor_epoca=7
2026-09-26 17:57:40,640 INFO FRAIWAN_Extended/no_dn fold 4: config 13 (lr=0.001, dropout=0.2) epoca 10: train_loss=0.1721 val_loss=7.7381 val_BA=0.500 mejor_epoca=7
2026-09-26 17:57:40,842 INFO FRAIWAN_Extended/no_dn fold 4: config 13 (lr=0.001, dropout=0.2) epoca 12: train_loss=0.1205 val_loss=0.0935 val_BA=1.000 mejor_epoca=12
2026-09-26 17:57:41,648 INFO FRAIWAN_Extended/no_dn fold 4: config 13 (lr=0.001, dropout=0.2) epoca 20: train_loss=0.0413 val_loss=0.8809 val_BA=0.300 mejor_epoca=12
2026-09-26 17:57:42,386 INFO FRAIWAN_Extended/no_dn fold 4 config 13: OK val_BA=1.000 mejor_epoca=12 (0.0 min)
2026-09-26 17:57:42,491 INFO FRAIWAN_Extended/no_dn fold 4: config 14 (lr=0.001, dropout=0.3) epoca 1: train_loss=0.7651 val_loss=0.6277 val_BA=0.500 mejor_epoca=1
2026-09-26 17:57:42,670 INFO FRAIWAN_Extended/no_dn fold 4: config 14 (lr=0.001, dropout=0.3) epoca 3: train_loss=0.5736 val_loss=0.6250 val_BA=0.500 mejor_epoca=3
2026-09-26 17:57:42,759 INFO FRAIWAN_Extended/no_dn fold 4: config 14 (lr=0.001, dropout=0.3) epoca 4: train_loss=0.4744 val_loss=0.5842 val_BA=0.500 mejor_epoca=4
2026-09-26 17:57:42,938 INFO FRAIWAN_Extended/no_dn fold 4: config 14 (lr=0.001, dropout=0.3) epoca 6: train_loss=0.3430 val_loss=0.5441 val_BA=0.900 mejor_epoca=6
2026-09-26 17:57:43,294 INFO FRAIWAN_Extended/no_dn fold 4: config 14 (lr=0.001, dropout=0.3) epoca 10: train_loss=0.1821 val_loss=0.4262 val_BA=0.800 mejor_epoca=6
2026-09-26 17:57:43,737 INFO FRAIWAN_Extended/no_dn fold 4: config 14 (lr=0.001, dropout=0.3) epoca 15: train_loss=0.0674 val_loss=0.2979 val_BA=0.900 mejor_epoca=15
2026-09-26 17:57:44,180 INFO FRAIWAN_Extended/no_dn fold 4: config 14 (lr=0.001, dropout=0.3) epoca 20: train_loss=0.0409 val_loss=2.0408 val_BA=0.700 mejor_epoca=15
2026-09-26 17:57:44,888 INFO FRAIWAN_Extended/no_dn fold 4: config 14 (lr=0.001, dropout=0.3) epoca 28: train_loss=0.0245 val_loss=0.2795 val_BA=0.900 mejor_epoca=28
2026-09-26 17:57:44,977 INFO FRAIWAN_Extended/no_dn fold 4: config 14 (lr=0.001, dropout=0.3) epoca 29: train_loss=0.0198 val_loss=0.2537 val_BA=0.900 mejor_epoca=29
2026-09-26 17:57:45,065 INFO FRAIWAN_Extended/no_dn fold 4: config 14 (lr=0.001, dropout=0.3) epoca 30: train_loss=0.0152 val_loss=0.5993 val_BA=0.900 mejor_epoca=29
2026-09-26 17:57:45,959 INFO FRAIWAN_Extended/no_dn fold 4: config 14 (lr=0.001, dropout=0.3) epoca 40: train_loss=0.0095 val_loss=0.6425 val_BA=0.800 mejor_epoca=29
2026-09-26 17:57:46,332 INFO FRAIWAN_Extended/no_dn fold 4 config 14: OK val_BA=0.900 mejor_epoca=29 (0.1 min)
2026-09-26 17:57:46,440 INFO FRAIWAN_Extended/no_dn fold 4: config 15 (lr=0.001, dropout=0.3) epoca 1: train_loss=0.7075 val_loss=0.6149 val_BA=0.500 mejor_epoca=1
2026-09-26 17:57:46,531 INFO FRAIWAN_Extended/no_dn fold 4: config 15 (lr=0.001, dropout=0.3) epoca 2: train_loss=0.5951 val_loss=0.4571 val_BA=0.500 mejor_epoca=2
2026-09-26 17:57:46,622 INFO FRAIWAN_Extended/no_dn fold 4: config 15 (lr=0.001, dropout=0.3) epoca 3: train_loss=0.6175 val_loss=0.4073 val_BA=0.500 mejor_epoca=3
2026-09-26 17:57:46,713 INFO FRAIWAN_Extended/no_dn fold 4: config 15 (lr=0.001, dropout=0.3) epoca 4: train_loss=0.4326 val_loss=0.3819 val_BA=0.500 mejor_epoca=4
2026-09-26 17:57:46,804 INFO FRAIWAN_Extended/no_dn fold 4: config 15 (lr=0.001, dropout=0.3) epoca 5: train_loss=0.4213 val_loss=0.3210 val_BA=1.000 mejor_epoca=5
2026-09-26 17:57:47,259 INFO FRAIWAN_Extended/no_dn fold 4: config 15 (lr=0.001, dropout=0.3) epoca 10: train_loss=0.1321 val_loss=2.1706 val_BA=0.500 mejor_epoca=5
2026-09-26 17:57:48,173 INFO FRAIWAN_Extended/no_dn fold 4: config 15 (lr=0.001, dropout=0.3) epoca 20: train_loss=0.0281 val_loss=0.9220 val_BA=0.800 mejor_epoca=5
2026-09-26 17:57:48,190 INFO FRAIWAN_Extended/no_dn fold 4 config 15: OK val_BA=1.000 mejor_epoca=5 (0.0 min)
2026-09-26 17:57:48,309 INFO FRAIWAN_Extended/no_dn fold 4: config 16 (lr=0.001, dropout=0.4) epoca 1: train_loss=0.7429 val_loss=0.6572 val_BA=0.500 mejor_epoca=1
2026-09-26 17:57:48,409 INFO FRAIWAN_Extended/no_dn fold 4: config 16 (lr=0.001, dropout=0.4) epoca 2: train_loss=0.6608 val_loss=0.3909 val_BA=0.500 mejor_epoca=2
2026-09-26 17:57:48,713 INFO FRAIWAN_Extended/no_dn fold 4: config 16 (lr=0.001, dropout=0.4) epoca 5: train_loss=0.4897 val_loss=0.5226 val_BA=0.800 mejor_epoca=5
2026-09-26 17:57:49,226 INFO FRAIWAN_Extended/no_dn fold 4: config 16 (lr=0.001, dropout=0.4) epoca 10: train_loss=0.3774 val_loss=1.0441 val_BA=0.600 mejor_epoca=5
2026-09-26 17:57:49,433 INFO FRAIWAN_Extended/no_dn fold 4: config 16 (lr=0.001, dropout=0.4) epoca 12: train_loss=0.1907 val_loss=0.6558 val_BA=0.900 mejor_epoca=12
2026-09-26 17:57:50,239 INFO FRAIWAN_Extended/no_dn fold 4: config 16 (lr=0.001, dropout=0.4) epoca 20: train_loss=0.0523 val_loss=1.0310 val_BA=0.900 mejor_epoca=12
2026-09-26 17:57:50,442 INFO FRAIWAN_Extended/no_dn fold 4: config 16 (lr=0.001, dropout=0.4) epoca 22: train_loss=0.0428 val_loss=0.2523 val_BA=1.000 mejor_epoca=22
2026-09-26 17:57:51,244 INFO FRAIWAN_Extended/no_dn fold 4: config 16 (lr=0.001, dropout=0.4) epoca 30: train_loss=0.0364 val_loss=0.8457 val_BA=0.400 mejor_epoca=22
2026-09-26 17:57:51,963 INFO FRAIWAN_Extended/no_dn fold 4 config 16: OK val_BA=1.000 mejor_epoca=22 (0.1 min)
2026-09-26 17:57:52,069 INFO FRAIWAN_Extended/no_dn fold 4: config 17 (lr=0.001, dropout=0.5) epoca 1: train_loss=0.6945 val_loss=0.6853 val_BA=0.500 mejor_epoca=1
2026-09-26 17:57:52,160 INFO FRAIWAN_Extended/no_dn fold 4: config 17 (lr=0.001, dropout=0.5) epoca 2: train_loss=0.5725 val_loss=0.6036 val_BA=0.500 mejor_epoca=2
2026-09-26 17:57:52,249 INFO FRAIWAN_Extended/no_dn fold 4: config 17 (lr=0.001, dropout=0.5) epoca 3: train_loss=0.5655 val_loss=0.4459 val_BA=0.500 mejor_epoca=3
2026-09-26 17:57:52,430 INFO FRAIWAN_Extended/no_dn fold 4: config 17 (lr=0.001, dropout=0.5) epoca 5: train_loss=0.4580 val_loss=0.4756 val_BA=1.000 mejor_epoca=5
2026-09-26 17:57:52,888 INFO FRAIWAN_Extended/no_dn fold 4: config 17 (lr=0.001, dropout=0.5) epoca 10: train_loss=0.1846 val_loss=6.6250 val_BA=0.500 mejor_epoca=5
2026-09-26 17:57:53,800 INFO FRAIWAN_Extended/no_dn fold 4: config 17 (lr=0.001, dropout=0.5) epoca 20: train_loss=0.0303 val_loss=0.4651 val_BA=0.800 mejor_epoca=5
2026-09-26 17:57:53,818 INFO FRAIWAN_Extended/no_dn fold 4 config 17: OK val_BA=1.000 mejor_epoca=5 (0.0 min)
2026-09-26 17:57:53,923 INFO FRAIWAN_Extended/no_dn fold 4: config 18 (lr=0.001, dropout=0.5) epoca 1: train_loss=0.7025 val_loss=0.7101 val_BA=0.500 mejor_epoca=1
2026-09-26 17:57:54,011 INFO FRAIWAN_Extended/no_dn fold 4: config 18 (lr=0.001, dropout=0.5) epoca 2: train_loss=0.6323 val_loss=0.6164 val_BA=0.500 mejor_epoca=2
2026-09-26 17:57:54,099 INFO FRAIWAN_Extended/no_dn fold 4: config 18 (lr=0.001, dropout=0.5) epoca 3: train_loss=0.6067 val_loss=0.5529 val_BA=0.500 mejor_epoca=3
2026-09-26 17:57:54,188 INFO FRAIWAN_Extended/no_dn fold 4: config 18 (lr=0.001, dropout=0.5) epoca 4: train_loss=0.5525 val_loss=0.4990 val_BA=0.500 mejor_epoca=4
2026-09-26 17:57:54,276 INFO FRAIWAN_Extended/no_dn fold 4: config 18 (lr=0.001, dropout=0.5) epoca 5: train_loss=0.5100 val_loss=0.4981 val_BA=0.500 mejor_epoca=5
2026-09-26 17:57:54,452 INFO FRAIWAN_Extended/no_dn fold 4: config 18 (lr=0.001, dropout=0.5) epoca 7: train_loss=0.3652 val_loss=0.7035 val_BA=0.700 mejor_epoca=7
2026-09-26 17:57:54,628 INFO FRAIWAN_Extended/no_dn fold 4: config 18 (lr=0.001, dropout=0.5) epoca 9: train_loss=0.2524 val_loss=0.5997 val_BA=0.700 mejor_epoca=9
2026-09-26 17:57:54,716 INFO FRAIWAN_Extended/no_dn fold 4: config 18 (lr=0.001, dropout=0.5) epoca 10: train_loss=0.2305 val_loss=0.9573 val_BA=0.700 mejor_epoca=9
2026-09-26 17:57:55,243 INFO FRAIWAN_Extended/no_dn fold 4: config 18 (lr=0.001, dropout=0.5) epoca 16: train_loss=0.0928 val_loss=0.3005 val_BA=0.900 mejor_epoca=16
2026-09-26 17:57:55,596 INFO FRAIWAN_Extended/no_dn fold 4: config 18 (lr=0.001, dropout=0.5) epoca 20: train_loss=0.0462 val_loss=3.6748 val_BA=0.500 mejor_epoca=16
2026-09-26 17:57:55,859 INFO FRAIWAN_Extended/no_dn fold 4: config 18 (lr=0.001, dropout=0.5) epoca 23: train_loss=0.0440 val_loss=0.1123 val_BA=1.000 mejor_epoca=23
2026-09-26 17:57:55,948 INFO FRAIWAN_Extended/no_dn fold 4: config 18 (lr=0.001, dropout=0.5) epoca 24: train_loss=0.0376 val_loss=0.0854 val_BA=1.000 mejor_epoca=24
2026-09-26 17:57:56,299 INFO FRAIWAN_Extended/no_dn fold 4: config 18 (lr=0.001, dropout=0.5) epoca 28: train_loss=0.0278 val_loss=0.0774 val_BA=1.000 mejor_epoca=28
2026-09-26 17:57:56,387 INFO FRAIWAN_Extended/no_dn fold 4: config 18 (lr=0.001, dropout=0.5) epoca 29: train_loss=0.0210 val_loss=0.0658 val_BA=1.000 mejor_epoca=29
2026-09-26 17:57:56,476 INFO FRAIWAN_Extended/no_dn fold 4: config 18 (lr=0.001, dropout=0.5) epoca 30: train_loss=0.0211 val_loss=0.3058 val_BA=0.900 mejor_epoca=29
2026-09-26 17:57:57,370 INFO FRAIWAN_Extended/no_dn fold 4: config 18 (lr=0.001, dropout=0.5) epoca 40: train_loss=0.0199 val_loss=4.8281 val_BA=0.500 mejor_epoca=29
2026-09-26 17:57:57,741 INFO FRAIWAN_Extended/no_dn fold 4 config 18: OK val_BA=1.000 mejor_epoca=29 (0.1 min)
2026-09-26 17:57:57,846 INFO FRAIWAN_Extended/no_dn fold 4: config 19 (lr=0.001, dropout=0.5) epoca 1: train_loss=0.6897 val_loss=0.6831 val_BA=0.500 mejor_epoca=1
2026-09-26 17:57:57,935 INFO FRAIWAN_Extended/no_dn fold 4: config 19 (lr=0.001, dropout=0.5) epoca 2: train_loss=0.5896 val_loss=0.6721 val_BA=0.500 mejor_epoca=2
2026-09-26 17:57:58,023 INFO FRAIWAN_Extended/no_dn fold 4: config 19 (lr=0.001, dropout=0.5) epoca 3: train_loss=0.5477 val_loss=0.6437 val_BA=0.500 mejor_epoca=3
2026-09-26 17:57:58,113 INFO FRAIWAN_Extended/no_dn fold 4: config 19 (lr=0.001, dropout=0.5) epoca 4: train_loss=0.4050 val_loss=0.6650 val_BA=0.800 mejor_epoca=4
2026-09-26 17:57:58,202 INFO FRAIWAN_Extended/no_dn fold 4: config 19 (lr=0.001, dropout=0.5) epoca 5: train_loss=0.3503 val_loss=0.5684 val_BA=0.900 mejor_epoca=5
2026-09-26 17:57:58,290 INFO FRAIWAN_Extended/no_dn fold 4: config 19 (lr=0.001, dropout=0.5) epoca 6: train_loss=0.2741 val_loss=0.4576 val_BA=0.900 mejor_epoca=6
2026-09-26 17:57:58,643 INFO FRAIWAN_Extended/no_dn fold 4: config 19 (lr=0.001, dropout=0.5) epoca 10: train_loss=0.1560 val_loss=0.2889 val_BA=0.900 mejor_epoca=10
2026-09-26 17:57:59,350 INFO FRAIWAN_Extended/no_dn fold 4: config 19 (lr=0.001, dropout=0.5) epoca 18: train_loss=0.0372 val_loss=0.2008 val_BA=1.000 mejor_epoca=18
2026-09-26 17:57:59,438 INFO FRAIWAN_Extended/no_dn fold 4: config 19 (lr=0.001, dropout=0.5) epoca 19: train_loss=0.0342 val_loss=0.1798 val_BA=1.000 mejor_epoca=19
2026-09-26 17:57:59,526 INFO FRAIWAN_Extended/no_dn fold 4: config 19 (lr=0.001, dropout=0.5) epoca 20: train_loss=0.0336 val_loss=1.9082 val_BA=0.700 mejor_epoca=19
2026-09-26 17:58:00,411 INFO FRAIWAN_Extended/no_dn fold 4: config 19 (lr=0.001, dropout=0.5) epoca 30: train_loss=0.0161 val_loss=0.0641 val_BA=1.000 mejor_epoca=30
2026-09-26 17:58:01,302 INFO FRAIWAN_Extended/no_dn fold 4: config 19 (lr=0.001, dropout=0.5) epoca 40: train_loss=0.0098 val_loss=0.2998 val_BA=0.900 mejor_epoca=30
2026-09-26 17:58:01,762 INFO FRAIWAN_Extended/no_dn fold 4 config 19: OK val_BA=1.000 mejor_epoca=30 (0.1 min)
2026-09-26 17:58:02,837 INFO FRAIWAN_Extended/no_dn: configuracion global 17 (decidida por balanced_accuracy_mean), BA folds=0.897±0.180 agrupada=0.889 [COMPLETED]
2026-09-26 17:58:02,846 INFO preparando FRAIWAN_Extended/dn (rama dn, augment=False, protocolo holdout_cv_v3)
2026-09-26 17:58:03,087 INFO log-mel FRAIWAN_Extended/cv/fold_00/dn: 187/187
2026-09-26 17:58:03,275 INFO FRAIWAN_Extended/dn fold 0: log-mel dn listo en 0.4 s, forma (187, 1, 64, 309)
2026-09-26 17:58:03,279 INFO FRAIWAN_Extended/dn fold 0: 27/7 pacientes train/validation, 20 de 20 configuracion(es) por evaluar
2026-09-26 17:58:03,404 INFO FRAIWAN_Extended/dn fold 0: config 0 (lr=0.0001, dropout=0.3) epoca 1: train_loss=0.6382 val_loss=0.6976 val_BA=0.500 mejor_epoca=1
2026-09-26 17:58:03,504 INFO FRAIWAN_Extended/dn fold 0: config 0 (lr=0.0001, dropout=0.3) epoca 2: train_loss=0.5043 val_loss=0.6667 val_BA=0.500 mejor_epoca=2
2026-09-26 17:58:03,908 INFO FRAIWAN_Extended/dn fold 0: config 0 (lr=0.0001, dropout=0.3) epoca 6: train_loss=0.2699 val_loss=1.1463 val_BA=0.600 mejor_epoca=6
2026-09-26 17:58:04,323 INFO FRAIWAN_Extended/dn fold 0: config 0 (lr=0.0001, dropout=0.3) epoca 10: train_loss=0.1887 val_loss=0.8491 val_BA=0.700 mejor_epoca=10
2026-09-26 17:58:05,328 INFO FRAIWAN_Extended/dn fold 0: config 0 (lr=0.0001, dropout=0.3) epoca 20: train_loss=0.0837 val_loss=0.8856 val_BA=0.500 mejor_epoca=10
2026-09-26 17:58:05,845 INFO FRAIWAN_Extended/dn fold 0 config 0: OK val_BA=0.700 mejor_epoca=10 (0.0 min)
2026-09-26 17:58:05,949 INFO FRAIWAN_Extended/dn fold 0: config 1 (lr=0.0001, dropout=0.3) epoca 1: train_loss=0.7081 val_loss=0.6964 val_BA=0.500 mejor_epoca=1
2026-09-26 17:58:06,036 INFO FRAIWAN_Extended/dn fold 0: config 1 (lr=0.0001, dropout=0.3) epoca 2: train_loss=0.5285 val_loss=0.6686 val_BA=0.500 mejor_epoca=2
2026-09-26 17:58:06,124 INFO FRAIWAN_Extended/dn fold 0: config 1 (lr=0.0001, dropout=0.3) epoca 3: train_loss=0.4329 val_loss=0.6372 val_BA=0.500 mejor_epoca=3
2026-09-26 17:58:06,212 INFO FRAIWAN_Extended/dn fold 0: config 1 (lr=0.0001, dropout=0.3) epoca 4: train_loss=0.3762 val_loss=0.6094 val_BA=0.500 mejor_epoca=4
2026-09-26 17:58:06,299 INFO FRAIWAN_Extended/dn fold 0: config 1 (lr=0.0001, dropout=0.3) epoca 5: train_loss=0.3346 val_loss=0.5894 val_BA=0.500 mejor_epoca=5
2026-09-26 17:58:06,387 INFO FRAIWAN_Extended/dn fold 0: config 1 (lr=0.0001, dropout=0.3) epoca 6: train_loss=0.2902 val_loss=0.5792 val_BA=0.500 mejor_epoca=6
2026-09-26 17:58:06,737 INFO FRAIWAN_Extended/dn fold 0: config 1 (lr=0.0001, dropout=0.3) epoca 10: train_loss=0.1861 val_loss=0.5919 val_BA=0.500 mejor_epoca=6
2026-09-26 17:58:06,824 INFO FRAIWAN_Extended/dn fold 0: config 1 (lr=0.0001, dropout=0.3) epoca 11: train_loss=0.1473 val_loss=0.5500 val_BA=0.500 mejor_epoca=11
2026-09-26 17:58:06,912 INFO FRAIWAN_Extended/dn fold 0: config 1 (lr=0.0001, dropout=0.3) epoca 12: train_loss=0.1354 val_loss=0.5417 val_BA=0.500 mejor_epoca=12
2026-09-26 17:58:07,000 INFO FRAIWAN_Extended/dn fold 0: config 1 (lr=0.0001, dropout=0.3) epoca 13: train_loss=0.1303 val_loss=0.5085 val_BA=0.500 mejor_epoca=13
2026-09-26 17:58:07,525 INFO FRAIWAN_Extended/dn fold 0: config 1 (lr=0.0001, dropout=0.3) epoca 19: train_loss=0.0909 val_loss=0.9203 val_BA=0.550 mejor_epoca=19
2026-09-26 17:58:07,613 INFO FRAIWAN_Extended/dn fold 0: config 1 (lr=0.0001, dropout=0.3) epoca 20: train_loss=0.0900 val_loss=0.8211 val_BA=0.500 mejor_epoca=19
2026-09-26 17:58:08,506 INFO FRAIWAN_Extended/dn fold 0: config 1 (lr=0.0001, dropout=0.3) epoca 30: train_loss=0.0739 val_loss=0.9492 val_BA=0.500 mejor_epoca=19
2026-09-26 17:58:08,771 INFO FRAIWAN_Extended/dn fold 0: config 1 (lr=0.0001, dropout=0.3) epoca 33: train_loss=0.0679 val_loss=1.5344 val_BA=0.600 mejor_epoca=33
2026-09-26 17:58:09,122 INFO FRAIWAN_Extended/dn fold 0: config 1 (lr=0.0001, dropout=0.3) epoca 37: train_loss=0.0682 val_loss=1.5075 val_BA=0.600 mejor_epoca=37
2026-09-26 17:58:09,386 INFO FRAIWAN_Extended/dn fold 0: config 1 (lr=0.0001, dropout=0.3) epoca 40: train_loss=0.0650 val_loss=1.5100 val_BA=0.600 mejor_epoca=37
2026-09-26 17:58:09,824 INFO FRAIWAN_Extended/dn fold 0: config 1 (lr=0.0001, dropout=0.3) epoca 45: train_loss=0.0567 val_loss=1.5077 val_BA=0.700 mejor_epoca=45
2026-09-26 17:58:10,261 INFO FRAIWAN_Extended/dn fold 0: config 1 (lr=0.0001, dropout=0.3) epoca 50: train_loss=0.0572 val_loss=1.2944 val_BA=0.450 mejor_epoca=45
2026-09-26 17:58:11,135 INFO FRAIWAN_Extended/dn fold 0: config 1 (lr=0.0001, dropout=0.3) epoca 60: train_loss=0.0485 val_loss=1.0135 val_BA=0.550 mejor_epoca=45
2026-09-26 17:58:11,154 INFO FRAIWAN_Extended/dn fold 0 config 1: OK val_BA=0.700 mejor_epoca=45 (0.1 min)
2026-09-26 17:58:11,261 INFO FRAIWAN_Extended/dn fold 0: config 2 (lr=0.0001, dropout=0.4) epoca 1: train_loss=0.7064 val_loss=0.7187 val_BA=0.500 mejor_epoca=1
2026-09-26 17:58:11,352 INFO FRAIWAN_Extended/dn fold 0: config 2 (lr=0.0001, dropout=0.4) epoca 2: train_loss=0.5095 val_loss=0.7066 val_BA=0.500 mejor_epoca=2
2026-09-26 17:58:11,441 INFO FRAIWAN_Extended/dn fold 0: config 2 (lr=0.0001, dropout=0.4) epoca 3: train_loss=0.4265 val_loss=0.6511 val_BA=0.500 mejor_epoca=3
2026-09-26 17:58:11,532 INFO FRAIWAN_Extended/dn fold 0: config 2 (lr=0.0001, dropout=0.4) epoca 4: train_loss=0.3649 val_loss=0.5971 val_BA=0.500 mejor_epoca=4
2026-09-26 17:58:11,627 INFO FRAIWAN_Extended/dn fold 0: config 2 (lr=0.0001, dropout=0.4) epoca 5: train_loss=0.3174 val_loss=0.5640 val_BA=0.500 mejor_epoca=5
2026-09-26 17:58:11,723 INFO FRAIWAN_Extended/dn fold 0: config 2 (lr=0.0001, dropout=0.4) epoca 6: train_loss=0.2788 val_loss=0.5591 val_BA=0.500 mejor_epoca=6
2026-09-26 17:58:11,814 INFO FRAIWAN_Extended/dn fold 0: config 2 (lr=0.0001, dropout=0.4) epoca 7: train_loss=0.2387 val_loss=0.5328 val_BA=0.500 mejor_epoca=7
2026-09-26 17:58:11,904 INFO FRAIWAN_Extended/dn fold 0: config 2 (lr=0.0001, dropout=0.4) epoca 8: train_loss=0.1951 val_loss=0.5022 val_BA=0.500 mejor_epoca=8
2026-09-26 17:58:11,994 INFO FRAIWAN_Extended/dn fold 0: config 2 (lr=0.0001, dropout=0.4) epoca 9: train_loss=0.1832 val_loss=0.5364 val_BA=0.650 mejor_epoca=9
2026-09-26 17:58:12,084 INFO FRAIWAN_Extended/dn fold 0: config 2 (lr=0.0001, dropout=0.4) epoca 10: train_loss=0.1744 val_loss=0.5816 val_BA=0.400 mejor_epoca=9
2026-09-26 17:58:12,987 INFO FRAIWAN_Extended/dn fold 0: config 2 (lr=0.0001, dropout=0.4) epoca 20: train_loss=0.0860 val_loss=0.7208 val_BA=0.750 mejor_epoca=20
2026-09-26 17:58:13,895 INFO FRAIWAN_Extended/dn fold 0: config 2 (lr=0.0001, dropout=0.4) epoca 30: train_loss=0.0771 val_loss=2.1201 val_BA=0.500 mejor_epoca=20
2026-09-26 17:58:14,363 INFO FRAIWAN_Extended/dn fold 0 config 2: OK val_BA=0.750 mejor_epoca=20 (0.1 min)
2026-09-26 17:58:14,481 INFO FRAIWAN_Extended/dn fold 0: config 3 (lr=0.0001, dropout=0.4) epoca 1: train_loss=0.6753 val_loss=0.6437 val_BA=0.500 mejor_epoca=1
2026-09-26 17:58:14,582 INFO FRAIWAN_Extended/dn fold 0: config 3 (lr=0.0001, dropout=0.4) epoca 2: train_loss=0.5439 val_loss=0.5877 val_BA=0.500 mejor_epoca=2
2026-09-26 17:58:14,682 INFO FRAIWAN_Extended/dn fold 0: config 3 (lr=0.0001, dropout=0.4) epoca 3: train_loss=0.4914 val_loss=0.5771 val_BA=0.500 mejor_epoca=3
2026-09-26 17:58:14,783 INFO FRAIWAN_Extended/dn fold 0: config 3 (lr=0.0001, dropout=0.4) epoca 4: train_loss=0.4470 val_loss=0.5358 val_BA=0.500 mejor_epoca=4
2026-09-26 17:58:14,983 INFO FRAIWAN_Extended/dn fold 0: config 3 (lr=0.0001, dropout=0.4) epoca 6: train_loss=0.3452 val_loss=0.8018 val_BA=0.600 mejor_epoca=6
2026-09-26 17:58:15,393 INFO FRAIWAN_Extended/dn fold 0: config 3 (lr=0.0001, dropout=0.4) epoca 10: train_loss=0.1764 val_loss=1.4259 val_BA=0.500 mejor_epoca=6
2026-09-26 17:58:15,500 INFO FRAIWAN_Extended/dn fold 0: config 3 (lr=0.0001, dropout=0.4) epoca 11: train_loss=0.1369 val_loss=0.9095 val_BA=0.750 mejor_epoca=11
2026-09-26 17:58:16,403 INFO FRAIWAN_Extended/dn fold 0: config 3 (lr=0.0001, dropout=0.4) epoca 20: train_loss=0.0898 val_loss=1.0728 val_BA=0.500 mejor_epoca=11
2026-09-26 17:58:17,023 INFO FRAIWAN_Extended/dn fold 0 config 3: OK val_BA=0.750 mejor_epoca=11 (0.0 min)
2026-09-26 17:58:17,129 INFO FRAIWAN_Extended/dn fold 0: config 4 (lr=0.0001, dropout=0.4) epoca 1: train_loss=0.7151 val_loss=0.7007 val_BA=0.500 mejor_epoca=1
2026-09-26 17:58:17,220 INFO FRAIWAN_Extended/dn fold 0: config 4 (lr=0.0001, dropout=0.4) epoca 2: train_loss=0.5188 val_loss=0.6667 val_BA=0.500 mejor_epoca=2
2026-09-26 17:58:17,310 INFO FRAIWAN_Extended/dn fold 0: config 4 (lr=0.0001, dropout=0.4) epoca 3: train_loss=0.4682 val_loss=0.6070 val_BA=0.500 mejor_epoca=3
2026-09-26 17:58:17,400 INFO FRAIWAN_Extended/dn fold 0: config 4 (lr=0.0001, dropout=0.4) epoca 4: train_loss=0.3617 val_loss=0.5755 val_BA=0.500 mejor_epoca=4
2026-09-26 17:58:17,580 INFO FRAIWAN_Extended/dn fold 0: config 4 (lr=0.0001, dropout=0.4) epoca 6: train_loss=0.2360 val_loss=0.5345 val_BA=0.500 mejor_epoca=6
2026-09-26 17:58:17,671 INFO FRAIWAN_Extended/dn fold 0: config 4 (lr=0.0001, dropout=0.4) epoca 7: train_loss=0.2161 val_loss=0.4733 val_BA=0.750 mejor_epoca=7
2026-09-26 17:58:17,941 INFO FRAIWAN_Extended/dn fold 0: config 4 (lr=0.0001, dropout=0.4) epoca 10: train_loss=0.1633 val_loss=0.7506 val_BA=0.700 mejor_epoca=7
2026-09-26 17:58:18,842 INFO FRAIWAN_Extended/dn fold 0: config 4 (lr=0.0001, dropout=0.4) epoca 20: train_loss=0.0867 val_loss=1.3776 val_BA=0.700 mejor_epoca=7
2026-09-26 17:58:19,045 INFO FRAIWAN_Extended/dn fold 0 config 4: OK val_BA=0.750 mejor_epoca=7 (0.0 min)
2026-09-26 17:58:19,159 INFO FRAIWAN_Extended/dn fold 0: config 5 (lr=0.0001, dropout=0.4) epoca 1: train_loss=0.6937 val_loss=0.6651 val_BA=0.500 mejor_epoca=1
2026-09-26 17:58:19,248 INFO FRAIWAN_Extended/dn fold 0: config 5 (lr=0.0001, dropout=0.4) epoca 2: train_loss=0.4981 val_loss=0.6439 val_BA=0.500 mejor_epoca=2
2026-09-26 17:58:19,338 INFO FRAIWAN_Extended/dn fold 0: config 5 (lr=0.0001, dropout=0.4) epoca 3: train_loss=0.4339 val_loss=0.6219 val_BA=0.500 mejor_epoca=3
2026-09-26 17:58:19,426 INFO FRAIWAN_Extended/dn fold 0: config 5 (lr=0.0001, dropout=0.4) epoca 4: train_loss=0.3606 val_loss=0.6013 val_BA=0.500 mejor_epoca=4
2026-09-26 17:58:19,514 INFO FRAIWAN_Extended/dn fold 0: config 5 (lr=0.0001, dropout=0.4) epoca 5: train_loss=0.2971 val_loss=0.5871 val_BA=0.500 mejor_epoca=5
2026-09-26 17:58:19,602 INFO FRAIWAN_Extended/dn fold 0: config 5 (lr=0.0001, dropout=0.4) epoca 6: train_loss=0.2660 val_loss=0.5804 val_BA=0.500 mejor_epoca=6
2026-09-26 17:58:19,954 INFO FRAIWAN_Extended/dn fold 0: config 5 (lr=0.0001, dropout=0.4) epoca 10: train_loss=0.1615 val_loss=0.5785 val_BA=0.500 mejor_epoca=10
2026-09-26 17:58:20,042 INFO FRAIWAN_Extended/dn fold 0: config 5 (lr=0.0001, dropout=0.4) epoca 11: train_loss=0.1520 val_loss=0.5745 val_BA=0.500 mejor_epoca=11
2026-09-26 17:58:20,130 INFO FRAIWAN_Extended/dn fold 0: config 5 (lr=0.0001, dropout=0.4) epoca 12: train_loss=0.1298 val_loss=0.5376 val_BA=0.500 mejor_epoca=12
2026-09-26 17:58:20,393 INFO FRAIWAN_Extended/dn fold 0: config 5 (lr=0.0001, dropout=0.4) epoca 15: train_loss=0.1187 val_loss=0.5595 val_BA=0.750 mejor_epoca=15
2026-09-26 17:58:20,830 INFO FRAIWAN_Extended/dn fold 0: config 5 (lr=0.0001, dropout=0.4) epoca 20: train_loss=0.0886 val_loss=0.7278 val_BA=0.650 mejor_epoca=15
2026-09-26 17:58:21,705 INFO FRAIWAN_Extended/dn fold 0: config 5 (lr=0.0001, dropout=0.4) epoca 30: train_loss=0.0634 val_loss=1.1144 val_BA=0.300 mejor_epoca=15
2026-09-26 17:58:21,723 INFO FRAIWAN_Extended/dn fold 0 config 5: OK val_BA=0.750 mejor_epoca=15 (0.0 min)
2026-09-26 17:58:21,842 INFO FRAIWAN_Extended/dn fold 0: config 6 (lr=0.0001, dropout=0.5) epoca 1: train_loss=0.6763 val_loss=0.6162 val_BA=0.500 mejor_epoca=1
2026-09-26 17:58:21,941 INFO FRAIWAN_Extended/dn fold 0: config 6 (lr=0.0001, dropout=0.5) epoca 2: train_loss=0.6053 val_loss=0.5734 val_BA=0.500 mejor_epoca=2
2026-09-26 17:58:22,042 INFO FRAIWAN_Extended/dn fold 0: config 6 (lr=0.0001, dropout=0.5) epoca 3: train_loss=0.4526 val_loss=0.5304 val_BA=0.500 mejor_epoca=3
2026-09-26 17:58:22,142 INFO FRAIWAN_Extended/dn fold 0: config 6 (lr=0.0001, dropout=0.5) epoca 4: train_loss=0.3857 val_loss=0.5089 val_BA=0.500 mejor_epoca=4
2026-09-26 17:58:22,743 INFO FRAIWAN_Extended/dn fold 0: config 6 (lr=0.0001, dropout=0.5) epoca 10: train_loss=0.1621 val_loss=1.7813 val_BA=0.500 mejor_epoca=4
2026-09-26 17:58:23,767 INFO FRAIWAN_Extended/dn fold 0: config 6 (lr=0.0001, dropout=0.5) epoca 20: train_loss=0.0828 val_loss=0.8467 val_BA=0.550 mejor_epoca=20
2026-09-26 17:58:24,479 INFO FRAIWAN_Extended/dn fold 0: config 6 (lr=0.0001, dropout=0.5) epoca 27: train_loss=0.0497 val_loss=1.1034 val_BA=0.700 mejor_epoca=27
2026-09-26 17:58:24,782 INFO FRAIWAN_Extended/dn fold 0: config 6 (lr=0.0001, dropout=0.5) epoca 30: train_loss=0.0715 val_loss=1.0891 val_BA=0.500 mejor_epoca=27
2026-09-26 17:58:25,786 INFO FRAIWAN_Extended/dn fold 0: config 6 (lr=0.0001, dropout=0.5) epoca 40: train_loss=0.0399 val_loss=1.0893 val_BA=0.500 mejor_epoca=27
2026-09-26 17:58:26,004 INFO FRAIWAN_Extended/dn fold 0 config 6: OK val_BA=0.700 mejor_epoca=27 (0.1 min)
2026-09-26 17:58:26,108 INFO FRAIWAN_Extended/dn fold 0: config 7 (lr=0.0001, dropout=0.5) epoca 1: train_loss=0.7012 val_loss=0.6728 val_BA=0.500 mejor_epoca=1
2026-09-26 17:58:26,196 INFO FRAIWAN_Extended/dn fold 0: config 7 (lr=0.0001, dropout=0.5) epoca 2: train_loss=0.5563 val_loss=0.6579 val_BA=0.500 mejor_epoca=2
2026-09-26 17:58:26,284 INFO FRAIWAN_Extended/dn fold 0: config 7 (lr=0.0001, dropout=0.5) epoca 3: train_loss=0.4565 val_loss=0.6423 val_BA=0.500 mejor_epoca=3
2026-09-26 17:58:26,371 INFO FRAIWAN_Extended/dn fold 0: config 7 (lr=0.0001, dropout=0.5) epoca 4: train_loss=0.4116 val_loss=0.6245 val_BA=0.500 mejor_epoca=4
2026-09-26 17:58:26,459 INFO FRAIWAN_Extended/dn fold 0: config 7 (lr=0.0001, dropout=0.5) epoca 5: train_loss=0.3629 val_loss=0.6069 val_BA=0.500 mejor_epoca=5
2026-09-26 17:58:26,548 INFO FRAIWAN_Extended/dn fold 0: config 7 (lr=0.0001, dropout=0.5) epoca 6: train_loss=0.3036 val_loss=0.5910 val_BA=0.500 mejor_epoca=6
2026-09-26 17:58:26,641 INFO FRAIWAN_Extended/dn fold 0: config 7 (lr=0.0001, dropout=0.5) epoca 7: train_loss=0.2961 val_loss=0.5758 val_BA=0.500 mejor_epoca=7
2026-09-26 17:58:26,733 INFO FRAIWAN_Extended/dn fold 0: config 7 (lr=0.0001, dropout=0.5) epoca 8: train_loss=0.2480 val_loss=0.5621 val_BA=0.500 mejor_epoca=8
2026-09-26 17:58:26,824 INFO FRAIWAN_Extended/dn fold 0: config 7 (lr=0.0001, dropout=0.5) epoca 9: train_loss=0.2289 val_loss=0.5471 val_BA=0.500 mejor_epoca=9
2026-09-26 17:58:26,913 INFO FRAIWAN_Extended/dn fold 0: config 7 (lr=0.0001, dropout=0.5) epoca 10: train_loss=0.2117 val_loss=0.5361 val_BA=0.500 mejor_epoca=10
2026-09-26 17:58:27,002 INFO FRAIWAN_Extended/dn fold 0: config 7 (lr=0.0001, dropout=0.5) epoca 11: train_loss=0.1851 val_loss=0.5304 val_BA=0.500 mejor_epoca=11
2026-09-26 17:58:27,089 INFO FRAIWAN_Extended/dn fold 0: config 7 (lr=0.0001, dropout=0.5) epoca 12: train_loss=0.1658 val_loss=0.5212 val_BA=0.500 mejor_epoca=12
2026-09-26 17:58:27,264 INFO FRAIWAN_Extended/dn fold 0: config 7 (lr=0.0001, dropout=0.5) epoca 14: train_loss=0.1720 val_loss=0.5396 val_BA=0.750 mejor_epoca=14
2026-09-26 17:58:27,787 INFO FRAIWAN_Extended/dn fold 0: config 7 (lr=0.0001, dropout=0.5) epoca 20: train_loss=0.1000 val_loss=0.9987 val_BA=0.550 mejor_epoca=14
2026-09-26 17:58:28,590 INFO FRAIWAN_Extended/dn fold 0 config 7: OK val_BA=0.750 mejor_epoca=14 (0.0 min)
2026-09-26 17:58:28,694 INFO FRAIWAN_Extended/dn fold 0: config 8 (lr=0.0003, dropout=0.3) epoca 1: train_loss=0.6348 val_loss=0.6808 val_BA=0.500 mejor_epoca=1
2026-09-26 17:58:28,783 INFO FRAIWAN_Extended/dn fold 0: config 8 (lr=0.0003, dropout=0.3) epoca 2: train_loss=0.4344 val_loss=0.6441 val_BA=0.500 mejor_epoca=2
2026-09-26 17:58:28,870 INFO FRAIWAN_Extended/dn fold 0: config 8 (lr=0.0003, dropout=0.3) epoca 3: train_loss=0.3729 val_loss=0.6107 val_BA=0.500 mejor_epoca=3
2026-09-26 17:58:28,957 INFO FRAIWAN_Extended/dn fold 0: config 8 (lr=0.0003, dropout=0.3) epoca 4: train_loss=0.3352 val_loss=0.5820 val_BA=0.500 mejor_epoca=4
2026-09-26 17:58:29,044 INFO FRAIWAN_Extended/dn fold 0: config 8 (lr=0.0003, dropout=0.3) epoca 5: train_loss=0.2358 val_loss=0.5755 val_BA=0.500 mejor_epoca=5
2026-09-26 17:58:29,478 INFO FRAIWAN_Extended/dn fold 0: config 8 (lr=0.0003, dropout=0.3) epoca 10: train_loss=0.1069 val_loss=0.6323 val_BA=0.500 mejor_epoca=5
2026-09-26 17:58:29,565 INFO FRAIWAN_Extended/dn fold 0: config 8 (lr=0.0003, dropout=0.3) epoca 11: train_loss=0.1132 val_loss=0.5067 val_BA=0.500 mejor_epoca=11
2026-09-26 17:58:29,826 INFO FRAIWAN_Extended/dn fold 0: config 8 (lr=0.0003, dropout=0.3) epoca 14: train_loss=0.0674 val_loss=0.4460 val_BA=0.900 mejor_epoca=14
2026-09-26 17:58:30,349 INFO FRAIWAN_Extended/dn fold 0: config 8 (lr=0.0003, dropout=0.3) epoca 20: train_loss=0.0500 val_loss=0.8394 val_BA=0.500 mejor_epoca=14
2026-09-26 17:58:31,159 INFO FRAIWAN_Extended/dn fold 0 config 8: OK val_BA=0.900 mejor_epoca=14 (0.0 min)
2026-09-26 17:58:31,266 INFO FRAIWAN_Extended/dn fold 0: config 9 (lr=0.0003, dropout=0.4) epoca 1: train_loss=0.6680 val_loss=0.6344 val_BA=0.500 mejor_epoca=1
2026-09-26 17:58:31,355 INFO FRAIWAN_Extended/dn fold 0: config 9 (lr=0.0003, dropout=0.4) epoca 2: train_loss=0.4980 val_loss=0.5901 val_BA=0.500 mejor_epoca=2
2026-09-26 17:58:31,446 INFO FRAIWAN_Extended/dn fold 0: config 9 (lr=0.0003, dropout=0.4) epoca 3: train_loss=0.3802 val_loss=0.5821 val_BA=0.500 mejor_epoca=3
2026-09-26 17:58:31,718 INFO FRAIWAN_Extended/dn fold 0: config 9 (lr=0.0003, dropout=0.4) epoca 6: train_loss=0.2632 val_loss=0.5516 val_BA=0.500 mejor_epoca=6
2026-09-26 17:58:31,808 INFO FRAIWAN_Extended/dn fold 0: config 9 (lr=0.0003, dropout=0.4) epoca 7: train_loss=0.2135 val_loss=0.4519 val_BA=0.800 mejor_epoca=7
2026-09-26 17:58:32,076 INFO FRAIWAN_Extended/dn fold 0: config 9 (lr=0.0003, dropout=0.4) epoca 10: train_loss=0.1200 val_loss=1.6024 val_BA=0.450 mejor_epoca=7
2026-09-26 17:58:32,967 INFO FRAIWAN_Extended/dn fold 0: config 9 (lr=0.0003, dropout=0.4) epoca 20: train_loss=0.0432 val_loss=1.1452 val_BA=0.650 mejor_epoca=7
2026-09-26 17:58:33,163 INFO FRAIWAN_Extended/dn fold 0 config 9: OK val_BA=0.800 mejor_epoca=7 (0.0 min)
2026-09-26 17:58:33,280 INFO FRAIWAN_Extended/dn fold 0: config 10 (lr=0.0003, dropout=0.4) epoca 1: train_loss=0.6809 val_loss=0.6328 val_BA=0.500 mejor_epoca=1
2026-09-26 17:58:33,380 INFO FRAIWAN_Extended/dn fold 0: config 10 (lr=0.0003, dropout=0.4) epoca 2: train_loss=0.5849 val_loss=0.5868 val_BA=0.500 mejor_epoca=2
2026-09-26 17:58:33,480 INFO FRAIWAN_Extended/dn fold 0: config 10 (lr=0.0003, dropout=0.4) epoca 3: train_loss=0.5302 val_loss=0.5130 val_BA=0.750 mejor_epoca=3
2026-09-26 17:58:34,182 INFO FRAIWAN_Extended/dn fold 0: config 10 (lr=0.0003, dropout=0.4) epoca 10: train_loss=0.1218 val_loss=2.7624 val_BA=0.600 mejor_epoca=3
2026-09-26 17:58:35,185 INFO FRAIWAN_Extended/dn fold 0: config 10 (lr=0.0003, dropout=0.4) epoca 20: train_loss=0.0529 val_loss=0.8893 val_BA=0.650 mejor_epoca=3
2026-09-26 17:58:35,202 INFO FRAIWAN_Extended/dn fold 0 config 10: OK val_BA=0.750 mejor_epoca=3 (0.0 min)
2026-09-26 17:58:35,306 INFO FRAIWAN_Extended/dn fold 0: config 11 (lr=0.0003, dropout=0.5) epoca 1: train_loss=0.6836 val_loss=0.6790 val_BA=0.500 mejor_epoca=1
2026-09-26 17:58:35,393 INFO FRAIWAN_Extended/dn fold 0: config 11 (lr=0.0003, dropout=0.5) epoca 2: train_loss=0.5027 val_loss=0.6608 val_BA=0.500 mejor_epoca=2
2026-09-26 17:58:35,481 INFO FRAIWAN_Extended/dn fold 0: config 11 (lr=0.0003, dropout=0.5) epoca 3: train_loss=0.4594 val_loss=0.6250 val_BA=0.500 mejor_epoca=3
2026-09-26 17:58:35,568 INFO FRAIWAN_Extended/dn fold 0: config 11 (lr=0.0003, dropout=0.5) epoca 4: train_loss=0.3985 val_loss=0.5923 val_BA=0.500 mejor_epoca=4
2026-09-26 17:58:35,655 INFO FRAIWAN_Extended/dn fold 0: config 11 (lr=0.0003, dropout=0.5) epoca 5: train_loss=0.3670 val_loss=0.5811 val_BA=0.500 mejor_epoca=5
2026-09-26 17:58:36,089 INFO FRAIWAN_Extended/dn fold 0: config 11 (lr=0.0003, dropout=0.5) epoca 10: train_loss=0.1427 val_loss=0.8973 val_BA=0.500 mejor_epoca=5
2026-09-26 17:58:36,263 INFO FRAIWAN_Extended/dn fold 0: config 11 (lr=0.0003, dropout=0.5) epoca 12: train_loss=0.1415 val_loss=0.4440 val_BA=0.750 mejor_epoca=12
2026-09-26 17:58:36,959 INFO FRAIWAN_Extended/dn fold 0: config 11 (lr=0.0003, dropout=0.5) epoca 20: train_loss=0.0639 val_loss=1.2367 val_BA=0.450 mejor_epoca=12
2026-09-26 17:58:37,584 INFO FRAIWAN_Extended/dn fold 0 config 11: OK val_BA=0.750 mejor_epoca=12 (0.0 min)
2026-09-26 17:58:37,690 INFO FRAIWAN_Extended/dn fold 0: config 12 (lr=0.0003, dropout=0.5) epoca 1: train_loss=0.6759 val_loss=0.6667 val_BA=0.500 mejor_epoca=1
2026-09-26 17:58:37,779 INFO FRAIWAN_Extended/dn fold 0: config 12 (lr=0.0003, dropout=0.5) epoca 2: train_loss=0.5542 val_loss=0.6232 val_BA=0.500 mejor_epoca=2
2026-09-26 17:58:37,874 INFO FRAIWAN_Extended/dn fold 0: config 12 (lr=0.0003, dropout=0.5) epoca 3: train_loss=0.4204 val_loss=0.6038 val_BA=0.500 mejor_epoca=3
2026-09-26 17:58:37,967 INFO FRAIWAN_Extended/dn fold 0: config 12 (lr=0.0003, dropout=0.5) epoca 4: train_loss=0.3879 val_loss=0.5810 val_BA=0.500 mejor_epoca=4
2026-09-26 17:58:38,061 INFO FRAIWAN_Extended/dn fold 0: config 12 (lr=0.0003, dropout=0.5) epoca 5: train_loss=0.2845 val_loss=0.5678 val_BA=0.500 mejor_epoca=5
2026-09-26 17:58:38,240 INFO FRAIWAN_Extended/dn fold 0: config 12 (lr=0.0003, dropout=0.5) epoca 7: train_loss=0.2460 val_loss=0.6248 val_BA=0.700 mejor_epoca=7
2026-09-26 17:58:38,507 INFO FRAIWAN_Extended/dn fold 0: config 12 (lr=0.0003, dropout=0.5) epoca 10: train_loss=0.1227 val_loss=0.6138 val_BA=0.750 mejor_epoca=10
2026-09-26 17:58:39,401 INFO FRAIWAN_Extended/dn fold 0: config 12 (lr=0.0003, dropout=0.5) epoca 20: train_loss=0.0602 val_loss=1.2690 val_BA=0.450 mejor_epoca=10
2026-09-26 17:58:39,863 INFO FRAIWAN_Extended/dn fold 0 config 12: OK val_BA=0.750 mejor_epoca=10 (0.0 min)
2026-09-26 17:58:39,980 INFO FRAIWAN_Extended/dn fold 0: config 13 (lr=0.001, dropout=0.2) epoca 1: train_loss=0.7143 val_loss=0.7554 val_BA=0.500 mejor_epoca=1
2026-09-26 17:58:40,079 INFO FRAIWAN_Extended/dn fold 0: config 13 (lr=0.001, dropout=0.2) epoca 2: train_loss=0.5766 val_loss=0.5976 val_BA=0.700 mejor_epoca=2
2026-09-26 17:58:40,873 INFO FRAIWAN_Extended/dn fold 0: config 13 (lr=0.001, dropout=0.2) epoca 10: train_loss=0.2170 val_loss=1.3217 val_BA=0.500 mejor_epoca=2
2026-09-26 17:58:41,878 INFO FRAIWAN_Extended/dn fold 0: config 13 (lr=0.001, dropout=0.2) epoca 20: train_loss=0.0778 val_loss=1.6786 val_BA=0.500 mejor_epoca=2
2026-09-26 17:58:41,895 INFO FRAIWAN_Extended/dn fold 0 config 13: OK val_BA=0.700 mejor_epoca=2 (0.0 min)
2026-09-26 17:58:41,999 INFO FRAIWAN_Extended/dn fold 0: config 14 (lr=0.001, dropout=0.3) epoca 1: train_loss=0.8081 val_loss=0.6674 val_BA=0.500 mejor_epoca=1
2026-09-26 17:58:42,086 INFO FRAIWAN_Extended/dn fold 0: config 14 (lr=0.001, dropout=0.3) epoca 2: train_loss=0.6975 val_loss=0.6341 val_BA=0.500 mejor_epoca=2
2026-09-26 17:58:42,173 INFO FRAIWAN_Extended/dn fold 0: config 14 (lr=0.001, dropout=0.3) epoca 3: train_loss=0.4913 val_loss=0.6199 val_BA=0.500 mejor_epoca=3
2026-09-26 17:58:42,261 INFO FRAIWAN_Extended/dn fold 0: config 14 (lr=0.001, dropout=0.3) epoca 4: train_loss=0.4224 val_loss=0.5753 val_BA=0.500 mejor_epoca=4
2026-09-26 17:58:42,435 INFO FRAIWAN_Extended/dn fold 0: config 14 (lr=0.001, dropout=0.3) epoca 6: train_loss=0.3007 val_loss=0.5654 val_BA=0.500 mejor_epoca=6
2026-09-26 17:58:42,522 INFO FRAIWAN_Extended/dn fold 0: config 14 (lr=0.001, dropout=0.3) epoca 7: train_loss=0.2894 val_loss=0.4681 val_BA=0.750 mejor_epoca=7
2026-09-26 17:58:42,784 INFO FRAIWAN_Extended/dn fold 0: config 14 (lr=0.001, dropout=0.3) epoca 10: train_loss=0.1760 val_loss=0.9002 val_BA=0.600 mejor_epoca=7
2026-09-26 17:58:42,871 INFO FRAIWAN_Extended/dn fold 0: config 14 (lr=0.001, dropout=0.3) epoca 11: train_loss=0.1369 val_loss=0.5383 val_BA=0.900 mejor_epoca=11
2026-09-26 17:58:43,652 INFO FRAIWAN_Extended/dn fold 0: config 14 (lr=0.001, dropout=0.3) epoca 20: train_loss=0.0472 val_loss=0.9245 val_BA=0.650 mejor_epoca=11
2026-09-26 17:58:44,195 INFO FRAIWAN_Extended/dn fold 0 config 14: OK val_BA=0.900 mejor_epoca=11 (0.0 min)
2026-09-26 17:58:44,304 INFO FRAIWAN_Extended/dn fold 0: config 15 (lr=0.001, dropout=0.3) epoca 1: train_loss=0.6498 val_loss=0.6410 val_BA=0.500 mejor_epoca=1
2026-09-26 17:58:44,395 INFO FRAIWAN_Extended/dn fold 0: config 15 (lr=0.001, dropout=0.3) epoca 2: train_loss=0.5006 val_loss=0.6395 val_BA=0.500 mejor_epoca=2
2026-09-26 17:58:44,663 INFO FRAIWAN_Extended/dn fold 0: config 15 (lr=0.001, dropout=0.3) epoca 5: train_loss=0.3222 val_loss=0.4729 val_BA=0.650 mejor_epoca=5
2026-09-26 17:58:45,107 INFO FRAIWAN_Extended/dn fold 0: config 15 (lr=0.001, dropout=0.3) epoca 10: train_loss=0.1629 val_loss=2.2094 val_BA=0.550 mejor_epoca=5
2026-09-26 17:58:45,670 INFO FRAIWAN_Extended/dn fold 0: config 15 (lr=0.001, dropout=0.3) epoca 16: train_loss=0.0583 val_loss=1.5457 val_BA=0.700 mejor_epoca=16
2026-09-26 17:58:46,029 INFO FRAIWAN_Extended/dn fold 0: config 15 (lr=0.001, dropout=0.3) epoca 20: train_loss=0.0325 val_loss=2.5377 val_BA=0.700 mejor_epoca=16
2026-09-26 17:58:46,656 INFO FRAIWAN_Extended/dn fold 0: config 15 (lr=0.001, dropout=0.3) epoca 27: train_loss=0.0115 val_loss=0.9240 val_BA=0.750 mejor_epoca=27
2026-09-26 17:58:46,746 INFO FRAIWAN_Extended/dn fold 0: config 15 (lr=0.001, dropout=0.3) epoca 28: train_loss=0.0099 val_loss=0.8993 val_BA=0.750 mejor_epoca=28
2026-09-26 17:58:46,926 INFO FRAIWAN_Extended/dn fold 0: config 15 (lr=0.001, dropout=0.3) epoca 30: train_loss=0.0071 val_loss=1.0440 val_BA=0.750 mejor_epoca=28
2026-09-26 17:58:47,820 INFO FRAIWAN_Extended/dn fold 0: config 15 (lr=0.001, dropout=0.3) epoca 40: train_loss=0.0053 val_loss=0.9952 val_BA=0.650 mejor_epoca=28
2026-09-26 17:58:48,106 INFO FRAIWAN_Extended/dn fold 0 config 15: OK val_BA=0.750 mejor_epoca=28 (0.1 min)
2026-09-26 17:58:48,224 INFO FRAIWAN_Extended/dn fold 0: config 16 (lr=0.001, dropout=0.4) epoca 1: train_loss=0.6918 val_loss=0.5600 val_BA=0.500 mejor_epoca=1
2026-09-26 17:58:48,533 INFO FRAIWAN_Extended/dn fold 0: config 16 (lr=0.001, dropout=0.4) epoca 4: train_loss=0.4864 val_loss=0.5371 val_BA=0.650 mejor_epoca=4
2026-09-26 17:58:48,834 INFO FRAIWAN_Extended/dn fold 0: config 16 (lr=0.001, dropout=0.4) epoca 7: train_loss=0.2893 val_loss=1.0560 val_BA=0.700 mejor_epoca=7
2026-09-26 17:58:49,133 INFO FRAIWAN_Extended/dn fold 0: config 16 (lr=0.001, dropout=0.4) epoca 10: train_loss=0.2000 val_loss=1.9845 val_BA=0.550 mejor_epoca=7
2026-09-26 17:58:50,149 INFO FRAIWAN_Extended/dn fold 0: config 16 (lr=0.001, dropout=0.4) epoca 20: train_loss=0.0738 val_loss=1.6026 val_BA=0.500 mejor_epoca=7
2026-09-26 17:58:50,365 INFO FRAIWAN_Extended/dn fold 0 config 16: OK val_BA=0.700 mejor_epoca=7 (0.0 min)
2026-09-26 17:58:50,471 INFO FRAIWAN_Extended/dn fold 0: config 17 (lr=0.001, dropout=0.5) epoca 1: train_loss=0.6567 val_loss=0.6510 val_BA=0.500 mejor_epoca=1
2026-09-26 17:58:50,561 INFO FRAIWAN_Extended/dn fold 0: config 17 (lr=0.001, dropout=0.5) epoca 2: train_loss=0.5047 val_loss=0.5803 val_BA=0.500 mejor_epoca=2
2026-09-26 17:58:50,830 INFO FRAIWAN_Extended/dn fold 0: config 17 (lr=0.001, dropout=0.5) epoca 5: train_loss=0.2809 val_loss=0.5446 val_BA=0.500 mejor_epoca=5
2026-09-26 17:58:50,920 INFO FRAIWAN_Extended/dn fold 0: config 17 (lr=0.001, dropout=0.5) epoca 6: train_loss=0.2317 val_loss=0.6172 val_BA=0.650 mejor_epoca=6
2026-09-26 17:58:51,280 INFO FRAIWAN_Extended/dn fold 0: config 17 (lr=0.001, dropout=0.5) epoca 10: train_loss=0.1740 val_loss=2.0210 val_BA=0.500 mejor_epoca=6
2026-09-26 17:58:52,175 INFO FRAIWAN_Extended/dn fold 0: config 17 (lr=0.001, dropout=0.5) epoca 20: train_loss=0.0355 val_loss=0.7331 val_BA=0.750 mejor_epoca=20
2026-09-26 17:58:52,713 INFO FRAIWAN_Extended/dn fold 0: config 17 (lr=0.001, dropout=0.5) epoca 26: train_loss=0.0238 val_loss=1.7796 val_BA=0.800 mejor_epoca=26
2026-09-26 17:58:53,085 INFO FRAIWAN_Extended/dn fold 0: config 17 (lr=0.001, dropout=0.5) epoca 30: train_loss=0.0134 val_loss=0.9048 val_BA=0.550 mejor_epoca=26
2026-09-26 17:58:53,986 INFO FRAIWAN_Extended/dn fold 0: config 17 (lr=0.001, dropout=0.5) epoca 40: train_loss=0.0065 val_loss=1.8144 val_BA=0.800 mejor_epoca=26
2026-09-26 17:58:54,094 INFO FRAIWAN_Extended/dn fold 0 config 17: OK val_BA=0.800 mejor_epoca=26 (0.1 min)
2026-09-26 17:58:54,199 INFO FRAIWAN_Extended/dn fold 0: config 18 (lr=0.001, dropout=0.5) epoca 1: train_loss=0.6878 val_loss=0.6519 val_BA=0.500 mejor_epoca=1
2026-09-26 17:58:54,286 INFO FRAIWAN_Extended/dn fold 0: config 18 (lr=0.001, dropout=0.5) epoca 2: train_loss=0.5827 val_loss=0.5850 val_BA=0.500 mejor_epoca=2
2026-09-26 17:58:54,722 INFO FRAIWAN_Extended/dn fold 0: config 18 (lr=0.001, dropout=0.5) epoca 7: train_loss=0.2412 val_loss=0.5733 val_BA=0.500 mejor_epoca=7
2026-09-26 17:58:54,809 INFO FRAIWAN_Extended/dn fold 0: config 18 (lr=0.001, dropout=0.5) epoca 8: train_loss=0.1901 val_loss=0.4267 val_BA=0.650 mejor_epoca=8
2026-09-26 17:58:54,984 INFO FRAIWAN_Extended/dn fold 0: config 18 (lr=0.001, dropout=0.5) epoca 10: train_loss=0.1507 val_loss=0.3974 val_BA=0.750 mejor_epoca=10
2026-09-26 17:58:55,856 INFO FRAIWAN_Extended/dn fold 0: config 18 (lr=0.001, dropout=0.5) epoca 20: train_loss=0.0405 val_loss=1.5972 val_BA=0.500 mejor_epoca=10
2026-09-26 17:58:56,310 INFO FRAIWAN_Extended/dn fold 0 config 18: OK val_BA=0.750 mejor_epoca=10 (0.0 min)
2026-09-26 17:58:56,415 INFO FRAIWAN_Extended/dn fold 0: config 19 (lr=0.001, dropout=0.5) epoca 1: train_loss=0.7553 val_loss=0.6890 val_BA=0.500 mejor_epoca=1
2026-09-26 17:58:56,502 INFO FRAIWAN_Extended/dn fold 0: config 19 (lr=0.001, dropout=0.5) epoca 2: train_loss=0.5804 val_loss=0.6412 val_BA=0.500 mejor_epoca=2
2026-09-26 17:58:56,589 INFO FRAIWAN_Extended/dn fold 0: config 19 (lr=0.001, dropout=0.5) epoca 3: train_loss=0.4537 val_loss=0.5887 val_BA=0.500 mejor_epoca=3
2026-09-26 17:58:56,948 INFO FRAIWAN_Extended/dn fold 0: config 19 (lr=0.001, dropout=0.5) epoca 7: train_loss=0.2302 val_loss=0.5524 val_BA=0.500 mejor_epoca=7
2026-09-26 17:58:57,122 INFO FRAIWAN_Extended/dn fold 0: config 19 (lr=0.001, dropout=0.5) epoca 9: train_loss=0.2001 val_loss=0.5706 val_BA=0.550 mejor_epoca=9
2026-09-26 17:58:57,209 INFO FRAIWAN_Extended/dn fold 0: config 19 (lr=0.001, dropout=0.5) epoca 10: train_loss=0.1534 val_loss=0.9401 val_BA=0.600 mejor_epoca=10
2026-09-26 17:58:57,297 INFO FRAIWAN_Extended/dn fold 0: config 19 (lr=0.001, dropout=0.5) epoca 11: train_loss=0.1446 val_loss=0.6489 val_BA=0.600 mejor_epoca=11
2026-09-26 17:58:57,994 INFO FRAIWAN_Extended/dn fold 0: config 19 (lr=0.001, dropout=0.5) epoca 19: train_loss=0.0437 val_loss=2.6284 val_BA=0.700 mejor_epoca=19
2026-09-26 17:58:58,080 INFO FRAIWAN_Extended/dn fold 0: config 19 (lr=0.001, dropout=0.5) epoca 20: train_loss=0.0427 val_loss=1.9769 val_BA=0.700 mejor_epoca=20
2026-09-26 17:58:58,950 INFO FRAIWAN_Extended/dn fold 0: config 19 (lr=0.001, dropout=0.5) epoca 30: train_loss=0.0157 val_loss=1.0171 val_BA=0.650 mejor_epoca=20
2026-09-26 17:58:59,037 INFO FRAIWAN_Extended/dn fold 0: config 19 (lr=0.001, dropout=0.5) epoca 31: train_loss=0.0208 val_loss=0.7238 val_BA=0.750 mejor_epoca=31
2026-09-26 17:58:59,821 INFO FRAIWAN_Extended/dn fold 0: config 19 (lr=0.001, dropout=0.5) epoca 40: train_loss=0.0110 val_loss=1.0512 val_BA=0.550 mejor_epoca=31
2026-09-26 17:59:00,362 INFO FRAIWAN_Extended/dn fold 0 config 19: OK val_BA=0.750 mejor_epoca=31 (0.1 min)
2026-09-26 17:59:00,615 INFO log-mel FRAIWAN_Extended/cv/fold_01/dn: 187/187
2026-09-26 17:59:00,790 INFO FRAIWAN_Extended/dn fold 1: log-mel dn listo en 0.4 s, forma (187, 1, 64, 309)
2026-09-26 17:59:00,795 INFO FRAIWAN_Extended/dn fold 1: 27/7 pacientes train/validation, 20 de 20 configuracion(es) por evaluar
2026-09-26 17:59:00,910 INFO FRAIWAN_Extended/dn fold 1: config 0 (lr=0.0001, dropout=0.3) epoca 1: train_loss=0.7313 val_loss=0.6982 val_BA=0.500 mejor_epoca=1
2026-09-26 17:59:01,004 INFO FRAIWAN_Extended/dn fold 1: config 0 (lr=0.0001, dropout=0.3) epoca 2: train_loss=0.5311 val_loss=0.6682 val_BA=0.500 mejor_epoca=2
2026-09-26 17:59:01,098 INFO FRAIWAN_Extended/dn fold 1: config 0 (lr=0.0001, dropout=0.3) epoca 3: train_loss=0.4754 val_loss=0.6022 val_BA=0.500 mejor_epoca=3
2026-09-26 17:59:01,193 INFO FRAIWAN_Extended/dn fold 1: config 0 (lr=0.0001, dropout=0.3) epoca 4: train_loss=0.4408 val_loss=0.5449 val_BA=0.500 mejor_epoca=4
2026-09-26 17:59:01,475 INFO FRAIWAN_Extended/dn fold 1: config 0 (lr=0.0001, dropout=0.3) epoca 7: train_loss=0.2471 val_loss=0.9599 val_BA=0.600 mejor_epoca=7
2026-09-26 17:59:01,664 INFO FRAIWAN_Extended/dn fold 1: config 0 (lr=0.0001, dropout=0.3) epoca 9: train_loss=0.1907 val_loss=0.5229 val_BA=0.900 mejor_epoca=9
2026-09-26 17:59:01,759 INFO FRAIWAN_Extended/dn fold 1: config 0 (lr=0.0001, dropout=0.3) epoca 10: train_loss=0.1737 val_loss=0.7348 val_BA=0.900 mejor_epoca=9
2026-09-26 17:59:02,699 INFO FRAIWAN_Extended/dn fold 1: config 0 (lr=0.0001, dropout=0.3) epoca 20: train_loss=0.1110 val_loss=0.6115 val_BA=0.500 mejor_epoca=9
2026-09-26 17:59:03,092 INFO FRAIWAN_Extended/dn fold 1 config 0: OK val_BA=0.900 mejor_epoca=9 (0.0 min)
2026-09-26 17:59:03,191 INFO FRAIWAN_Extended/dn fold 1: config 1 (lr=0.0001, dropout=0.3) epoca 1: train_loss=0.6343 val_loss=0.6844 val_BA=0.500 mejor_epoca=1
2026-09-26 17:59:03,275 INFO FRAIWAN_Extended/dn fold 1: config 1 (lr=0.0001, dropout=0.3) epoca 2: train_loss=0.5277 val_loss=0.6709 val_BA=0.500 mejor_epoca=2
2026-09-26 17:59:03,358 INFO FRAIWAN_Extended/dn fold 1: config 1 (lr=0.0001, dropout=0.3) epoca 3: train_loss=0.4363 val_loss=0.6572 val_BA=0.500 mejor_epoca=3
2026-09-26 17:59:03,442 INFO FRAIWAN_Extended/dn fold 1: config 1 (lr=0.0001, dropout=0.3) epoca 4: train_loss=0.3789 val_loss=0.6419 val_BA=0.500 mejor_epoca=4
2026-09-26 17:59:03,526 INFO FRAIWAN_Extended/dn fold 1: config 1 (lr=0.0001, dropout=0.3) epoca 5: train_loss=0.3275 val_loss=0.6304 val_BA=0.500 mejor_epoca=5
2026-09-26 17:59:03,610 INFO FRAIWAN_Extended/dn fold 1: config 1 (lr=0.0001, dropout=0.3) epoca 6: train_loss=0.2787 val_loss=0.6211 val_BA=0.500 mejor_epoca=6
2026-09-26 17:59:03,694 INFO FRAIWAN_Extended/dn fold 1: config 1 (lr=0.0001, dropout=0.3) epoca 7: train_loss=0.2386 val_loss=0.6090 val_BA=0.500 mejor_epoca=7
2026-09-26 17:59:03,777 INFO FRAIWAN_Extended/dn fold 1: config 1 (lr=0.0001, dropout=0.3) epoca 8: train_loss=0.2291 val_loss=0.6049 val_BA=0.500 mejor_epoca=8
2026-09-26 17:59:03,860 INFO FRAIWAN_Extended/dn fold 1: config 1 (lr=0.0001, dropout=0.3) epoca 9: train_loss=0.2077 val_loss=0.5987 val_BA=0.500 mejor_epoca=9
2026-09-26 17:59:03,944 INFO FRAIWAN_Extended/dn fold 1: config 1 (lr=0.0001, dropout=0.3) epoca 10: train_loss=0.1749 val_loss=0.5958 val_BA=0.500 mejor_epoca=10
2026-09-26 17:59:04,028 INFO FRAIWAN_Extended/dn fold 1: config 1 (lr=0.0001, dropout=0.3) epoca 11: train_loss=0.1689 val_loss=0.5898 val_BA=0.500 mejor_epoca=11
2026-09-26 17:59:04,196 INFO FRAIWAN_Extended/dn fold 1: config 1 (lr=0.0001, dropout=0.3) epoca 13: train_loss=0.1455 val_loss=0.5627 val_BA=0.500 mejor_epoca=13
2026-09-26 17:59:04,372 INFO FRAIWAN_Extended/dn fold 1: config 1 (lr=0.0001, dropout=0.3) epoca 15: train_loss=0.1272 val_loss=0.5529 val_BA=0.650 mejor_epoca=15
2026-09-26 17:59:04,623 INFO FRAIWAN_Extended/dn fold 1: config 1 (lr=0.0001, dropout=0.3) epoca 18: train_loss=0.1218 val_loss=0.5311 val_BA=0.900 mejor_epoca=18
2026-09-26 17:59:04,708 INFO FRAIWAN_Extended/dn fold 1: config 1 (lr=0.0001, dropout=0.3) epoca 19: train_loss=0.1120 val_loss=0.4652 val_BA=0.900 mejor_epoca=19
2026-09-26 17:59:04,793 INFO FRAIWAN_Extended/dn fold 1: config 1 (lr=0.0001, dropout=0.3) epoca 20: train_loss=0.1077 val_loss=0.5438 val_BA=0.500 mejor_epoca=19
2026-09-26 17:59:05,212 INFO FRAIWAN_Extended/dn fold 1: config 1 (lr=0.0001, dropout=0.3) epoca 25: train_loss=0.1013 val_loss=0.4649 val_BA=0.900 mejor_epoca=25
2026-09-26 17:59:05,630 INFO FRAIWAN_Extended/dn fold 1: config 1 (lr=0.0001, dropout=0.3) epoca 30: train_loss=0.1038 val_loss=0.5660 val_BA=0.500 mejor_epoca=25
2026-09-26 17:59:06,465 INFO FRAIWAN_Extended/dn fold 1: config 1 (lr=0.0001, dropout=0.3) epoca 40: train_loss=0.0787 val_loss=0.6116 val_BA=0.500 mejor_epoca=25
2026-09-26 17:59:06,484 INFO FRAIWAN_Extended/dn fold 1 config 1: OK val_BA=0.900 mejor_epoca=25 (0.1 min)
2026-09-26 17:59:06,586 INFO FRAIWAN_Extended/dn fold 1: config 2 (lr=0.0001, dropout=0.4) epoca 1: train_loss=0.6494 val_loss=0.6691 val_BA=0.500 mejor_epoca=1
2026-09-26 17:59:06,672 INFO FRAIWAN_Extended/dn fold 1: config 2 (lr=0.0001, dropout=0.4) epoca 2: train_loss=0.5023 val_loss=0.6527 val_BA=0.500 mejor_epoca=2
2026-09-26 17:59:06,758 INFO FRAIWAN_Extended/dn fold 1: config 2 (lr=0.0001, dropout=0.4) epoca 3: train_loss=0.4904 val_loss=0.6348 val_BA=0.500 mejor_epoca=3
2026-09-26 17:59:06,844 INFO FRAIWAN_Extended/dn fold 1: config 2 (lr=0.0001, dropout=0.4) epoca 4: train_loss=0.3969 val_loss=0.6163 val_BA=0.500 mejor_epoca=4
2026-09-26 17:59:06,931 INFO FRAIWAN_Extended/dn fold 1: config 2 (lr=0.0001, dropout=0.4) epoca 5: train_loss=0.3342 val_loss=0.5987 val_BA=0.500 mejor_epoca=5
2026-09-26 17:59:07,017 INFO FRAIWAN_Extended/dn fold 1: config 2 (lr=0.0001, dropout=0.4) epoca 6: train_loss=0.3197 val_loss=0.5920 val_BA=0.500 mejor_epoca=6
2026-09-26 17:59:07,103 INFO FRAIWAN_Extended/dn fold 1: config 2 (lr=0.0001, dropout=0.4) epoca 7: train_loss=0.2481 val_loss=0.5841 val_BA=0.500 mejor_epoca=7
2026-09-26 17:59:07,276 INFO FRAIWAN_Extended/dn fold 1: config 2 (lr=0.0001, dropout=0.4) epoca 9: train_loss=0.2374 val_loss=0.5621 val_BA=0.500 mejor_epoca=9
2026-09-26 17:59:07,362 INFO FRAIWAN_Extended/dn fold 1: config 2 (lr=0.0001, dropout=0.4) epoca 10: train_loss=0.1777 val_loss=0.5436 val_BA=0.500 mejor_epoca=10
2026-09-26 17:59:07,448 INFO FRAIWAN_Extended/dn fold 1: config 2 (lr=0.0001, dropout=0.4) epoca 11: train_loss=0.1685 val_loss=0.4727 val_BA=0.650 mejor_epoca=11
2026-09-26 17:59:07,794 INFO FRAIWAN_Extended/dn fold 1: config 2 (lr=0.0001, dropout=0.4) epoca 15: train_loss=0.1250 val_loss=0.5049 val_BA=0.750 mejor_epoca=15
2026-09-26 17:59:08,152 INFO FRAIWAN_Extended/dn fold 1: config 2 (lr=0.0001, dropout=0.4) epoca 19: train_loss=0.1040 val_loss=0.6158 val_BA=0.900 mejor_epoca=19
2026-09-26 17:59:08,238 INFO FRAIWAN_Extended/dn fold 1: config 2 (lr=0.0001, dropout=0.4) epoca 20: train_loss=0.0947 val_loss=0.5626 val_BA=0.500 mejor_epoca=19
2026-09-26 17:59:08,844 INFO FRAIWAN_Extended/dn fold 1: config 2 (lr=0.0001, dropout=0.4) epoca 27: train_loss=0.0926 val_loss=0.5109 val_BA=0.900 mejor_epoca=27
2026-09-26 17:59:09,106 INFO FRAIWAN_Extended/dn fold 1: config 2 (lr=0.0001, dropout=0.4) epoca 30: train_loss=0.0938 val_loss=0.6272 val_BA=0.500 mejor_epoca=27
2026-09-26 17:59:09,970 INFO FRAIWAN_Extended/dn fold 1: config 2 (lr=0.0001, dropout=0.4) epoca 40: train_loss=0.0568 val_loss=0.6221 val_BA=0.500 mejor_epoca=27
2026-09-26 17:59:10,159 INFO FRAIWAN_Extended/dn fold 1 config 2: OK val_BA=0.900 mejor_epoca=27 (0.1 min)
2026-09-26 17:59:10,270 INFO FRAIWAN_Extended/dn fold 1: config 3 (lr=0.0001, dropout=0.4) epoca 1: train_loss=0.6948 val_loss=0.6344 val_BA=0.500 mejor_epoca=1
2026-09-26 17:59:10,363 INFO FRAIWAN_Extended/dn fold 1: config 3 (lr=0.0001, dropout=0.4) epoca 2: train_loss=0.5225 val_loss=0.6006 val_BA=0.500 mejor_epoca=2
2026-09-26 17:59:10,644 INFO FRAIWAN_Extended/dn fold 1: config 3 (lr=0.0001, dropout=0.4) epoca 5: train_loss=0.3480 val_loss=0.5978 val_BA=0.500 mejor_epoca=5
2026-09-26 17:59:10,738 INFO FRAIWAN_Extended/dn fold 1: config 3 (lr=0.0001, dropout=0.4) epoca 6: train_loss=0.2871 val_loss=0.5635 val_BA=0.500 mejor_epoca=6
2026-09-26 17:59:10,924 INFO FRAIWAN_Extended/dn fold 1: config 3 (lr=0.0001, dropout=0.4) epoca 8: train_loss=0.2012 val_loss=0.5429 val_BA=0.500 mejor_epoca=8
2026-09-26 17:59:11,018 INFO FRAIWAN_Extended/dn fold 1: config 3 (lr=0.0001, dropout=0.4) epoca 9: train_loss=0.2105 val_loss=0.5088 val_BA=0.500 mejor_epoca=9
2026-09-26 17:59:11,112 INFO FRAIWAN_Extended/dn fold 1: config 3 (lr=0.0001, dropout=0.4) epoca 10: train_loss=0.1739 val_loss=0.5570 val_BA=0.900 mejor_epoca=10
2026-09-26 17:59:12,064 INFO FRAIWAN_Extended/dn fold 1: config 3 (lr=0.0001, dropout=0.4) epoca 20: train_loss=0.0999 val_loss=0.6605 val_BA=0.500 mejor_epoca=10
2026-09-26 17:59:12,550 INFO FRAIWAN_Extended/dn fold 1 config 3: OK val_BA=0.900 mejor_epoca=10 (0.0 min)
2026-09-26 17:59:12,652 INFO FRAIWAN_Extended/dn fold 1: config 4 (lr=0.0001, dropout=0.4) epoca 1: train_loss=0.8425 val_loss=0.6418 val_BA=0.500 mejor_epoca=1
2026-09-26 17:59:12,739 INFO FRAIWAN_Extended/dn fold 1: config 4 (lr=0.0001, dropout=0.4) epoca 2: train_loss=0.6061 val_loss=0.6048 val_BA=0.500 mejor_epoca=2
2026-09-26 17:59:13,425 INFO FRAIWAN_Extended/dn fold 1: config 4 (lr=0.0001, dropout=0.4) epoca 10: train_loss=0.1452 val_loss=0.5978 val_BA=0.500 mejor_epoca=10
2026-09-26 17:59:13,596 INFO FRAIWAN_Extended/dn fold 1: config 4 (lr=0.0001, dropout=0.4) epoca 12: train_loss=0.1113 val_loss=0.5295 val_BA=0.500 mejor_epoca=12
2026-09-26 17:59:13,767 INFO FRAIWAN_Extended/dn fold 1: config 4 (lr=0.0001, dropout=0.4) epoca 14: train_loss=0.0952 val_loss=0.5212 val_BA=0.500 mejor_epoca=14
2026-09-26 17:59:13,938 INFO FRAIWAN_Extended/dn fold 1: config 4 (lr=0.0001, dropout=0.4) epoca 16: train_loss=0.0770 val_loss=0.5847 val_BA=0.900 mejor_epoca=16
2026-09-26 17:59:14,284 INFO FRAIWAN_Extended/dn fold 1: config 4 (lr=0.0001, dropout=0.4) epoca 20: train_loss=0.0833 val_loss=0.8746 val_BA=0.500 mejor_epoca=16
2026-09-26 17:59:15,147 INFO FRAIWAN_Extended/dn fold 1: config 4 (lr=0.0001, dropout=0.4) epoca 30: train_loss=0.0589 val_loss=0.5919 val_BA=0.500 mejor_epoca=16
2026-09-26 17:59:15,251 INFO FRAIWAN_Extended/dn fold 1 config 4: OK val_BA=0.900 mejor_epoca=16 (0.0 min)
2026-09-26 17:59:15,351 INFO FRAIWAN_Extended/dn fold 1: config 5 (lr=0.0001, dropout=0.4) epoca 1: train_loss=0.7545 val_loss=0.7244 val_BA=0.500 mejor_epoca=1
2026-09-26 17:59:15,779 INFO FRAIWAN_Extended/dn fold 1: config 5 (lr=0.0001, dropout=0.4) epoca 6: train_loss=0.3692 val_loss=0.7203 val_BA=0.500 mejor_epoca=6
2026-09-26 17:59:15,863 INFO FRAIWAN_Extended/dn fold 1: config 5 (lr=0.0001, dropout=0.4) epoca 7: train_loss=0.3077 val_loss=0.6830 val_BA=0.500 mejor_epoca=7
2026-09-26 17:59:15,947 INFO FRAIWAN_Extended/dn fold 1: config 5 (lr=0.0001, dropout=0.4) epoca 8: train_loss=0.2830 val_loss=0.6762 val_BA=0.500 mejor_epoca=8
2026-09-26 17:59:16,031 INFO FRAIWAN_Extended/dn fold 1: config 5 (lr=0.0001, dropout=0.4) epoca 9: train_loss=0.2602 val_loss=0.6664 val_BA=0.500 mejor_epoca=9
2026-09-26 17:59:16,115 INFO FRAIWAN_Extended/dn fold 1: config 5 (lr=0.0001, dropout=0.4) epoca 10: train_loss=0.2299 val_loss=0.6432 val_BA=0.500 mejor_epoca=10
2026-09-26 17:59:16,282 INFO FRAIWAN_Extended/dn fold 1: config 5 (lr=0.0001, dropout=0.4) epoca 12: train_loss=0.1875 val_loss=0.6819 val_BA=0.900 mejor_epoca=12
2026-09-26 17:59:16,618 INFO FRAIWAN_Extended/dn fold 1: config 5 (lr=0.0001, dropout=0.4) epoca 16: train_loss=0.1549 val_loss=0.6443 val_BA=0.900 mejor_epoca=16
2026-09-26 17:59:16,951 INFO FRAIWAN_Extended/dn fold 1: config 5 (lr=0.0001, dropout=0.4) epoca 20: train_loss=0.1338 val_loss=0.7610 val_BA=0.600 mejor_epoca=16
2026-09-26 17:59:17,784 INFO FRAIWAN_Extended/dn fold 1: config 5 (lr=0.0001, dropout=0.4) epoca 30: train_loss=0.0899 val_loss=0.5555 val_BA=0.400 mejor_epoca=16
2026-09-26 17:59:17,885 INFO FRAIWAN_Extended/dn fold 1 config 5: OK val_BA=0.900 mejor_epoca=16 (0.0 min)
2026-09-26 17:59:17,996 INFO FRAIWAN_Extended/dn fold 1: config 6 (lr=0.0001, dropout=0.5) epoca 1: train_loss=0.6276 val_loss=0.6507 val_BA=0.500 mejor_epoca=1
2026-09-26 17:59:18,090 INFO FRAIWAN_Extended/dn fold 1: config 6 (lr=0.0001, dropout=0.5) epoca 2: train_loss=0.5950 val_loss=0.6172 val_BA=0.500 mejor_epoca=2
2026-09-26 17:59:18,183 INFO FRAIWAN_Extended/dn fold 1: config 6 (lr=0.0001, dropout=0.5) epoca 3: train_loss=0.5204 val_loss=0.6043 val_BA=0.500 mejor_epoca=3
2026-09-26 17:59:18,277 INFO FRAIWAN_Extended/dn fold 1: config 6 (lr=0.0001, dropout=0.5) epoca 4: train_loss=0.4700 val_loss=0.6025 val_BA=0.500 mejor_epoca=4
2026-09-26 17:59:18,371 INFO FRAIWAN_Extended/dn fold 1: config 6 (lr=0.0001, dropout=0.5) epoca 5: train_loss=0.4204 val_loss=0.5406 val_BA=0.500 mejor_epoca=5
2026-09-26 17:59:18,464 INFO FRAIWAN_Extended/dn fold 1: config 6 (lr=0.0001, dropout=0.5) epoca 6: train_loss=0.3853 val_loss=0.5285 val_BA=0.500 mejor_epoca=6
2026-09-26 17:59:18,652 INFO FRAIWAN_Extended/dn fold 1: config 6 (lr=0.0001, dropout=0.5) epoca 8: train_loss=0.2582 val_loss=0.7389 val_BA=0.700 mejor_epoca=8
2026-09-26 17:59:18,751 INFO FRAIWAN_Extended/dn fold 1: config 6 (lr=0.0001, dropout=0.5) epoca 9: train_loss=0.2762 val_loss=0.6163 val_BA=0.900 mejor_epoca=9
2026-09-26 17:59:18,848 INFO FRAIWAN_Extended/dn fold 1: config 6 (lr=0.0001, dropout=0.5) epoca 10: train_loss=0.2568 val_loss=0.5251 val_BA=0.650 mejor_epoca=9
2026-09-26 17:59:19,800 INFO FRAIWAN_Extended/dn fold 1: config 6 (lr=0.0001, dropout=0.5) epoca 20: train_loss=0.1133 val_loss=0.5782 val_BA=0.500 mejor_epoca=9
2026-09-26 17:59:20,195 INFO FRAIWAN_Extended/dn fold 1 config 6: OK val_BA=0.900 mejor_epoca=9 (0.0 min)
2026-09-26 17:59:20,295 INFO FRAIWAN_Extended/dn fold 1: config 7 (lr=0.0001, dropout=0.5) epoca 1: train_loss=0.6511 val_loss=0.6790 val_BA=0.500 mejor_epoca=1
2026-09-26 17:59:20,378 INFO FRAIWAN_Extended/dn fold 1: config 7 (lr=0.0001, dropout=0.5) epoca 2: train_loss=0.5541 val_loss=0.6714 val_BA=0.500 mejor_epoca=2
2026-09-26 17:59:20,462 INFO FRAIWAN_Extended/dn fold 1: config 7 (lr=0.0001, dropout=0.5) epoca 3: train_loss=0.4694 val_loss=0.6571 val_BA=0.500 mejor_epoca=3
2026-09-26 17:59:20,546 INFO FRAIWAN_Extended/dn fold 1: config 7 (lr=0.0001, dropout=0.5) epoca 4: train_loss=0.4226 val_loss=0.6419 val_BA=0.500 mejor_epoca=4
2026-09-26 17:59:20,629 INFO FRAIWAN_Extended/dn fold 1: config 7 (lr=0.0001, dropout=0.5) epoca 5: train_loss=0.3956 val_loss=0.6293 val_BA=0.500 mejor_epoca=5
2026-09-26 17:59:20,713 INFO FRAIWAN_Extended/dn fold 1: config 7 (lr=0.0001, dropout=0.5) epoca 6: train_loss=0.3413 val_loss=0.6201 val_BA=0.500 mejor_epoca=6
2026-09-26 17:59:20,796 INFO FRAIWAN_Extended/dn fold 1: config 7 (lr=0.0001, dropout=0.5) epoca 7: train_loss=0.3016 val_loss=0.6089 val_BA=0.500 mejor_epoca=7
2026-09-26 17:59:20,879 INFO FRAIWAN_Extended/dn fold 1: config 7 (lr=0.0001, dropout=0.5) epoca 8: train_loss=0.2811 val_loss=0.6028 val_BA=0.500 mejor_epoca=8
2026-09-26 17:59:21,046 INFO FRAIWAN_Extended/dn fold 1: config 7 (lr=0.0001, dropout=0.5) epoca 10: train_loss=0.2607 val_loss=0.5999 val_BA=0.500 mejor_epoca=10
2026-09-26 17:59:21,212 INFO FRAIWAN_Extended/dn fold 1: config 7 (lr=0.0001, dropout=0.5) epoca 12: train_loss=0.1845 val_loss=0.5882 val_BA=0.500 mejor_epoca=12
2026-09-26 17:59:21,296 INFO FRAIWAN_Extended/dn fold 1: config 7 (lr=0.0001, dropout=0.5) epoca 13: train_loss=0.1609 val_loss=0.5852 val_BA=0.500 mejor_epoca=13
2026-09-26 17:59:21,880 INFO FRAIWAN_Extended/dn fold 1: config 7 (lr=0.0001, dropout=0.5) epoca 20: train_loss=0.1309 val_loss=0.5568 val_BA=0.650 mejor_epoca=20
2026-09-26 17:59:22,046 INFO FRAIWAN_Extended/dn fold 1: config 7 (lr=0.0001, dropout=0.5) epoca 22: train_loss=0.1153 val_loss=0.5197 val_BA=0.650 mejor_epoca=22
2026-09-26 17:59:22,129 INFO FRAIWAN_Extended/dn fold 1: config 7 (lr=0.0001, dropout=0.5) epoca 23: train_loss=0.1076 val_loss=0.5352 val_BA=0.900 mejor_epoca=23
2026-09-26 17:59:22,714 INFO FRAIWAN_Extended/dn fold 1: config 7 (lr=0.0001, dropout=0.5) epoca 30: train_loss=0.0881 val_loss=0.5355 val_BA=0.500 mejor_epoca=23
2026-09-26 17:59:23,410 INFO FRAIWAN_Extended/dn fold 1 config 7: OK val_BA=0.900 mejor_epoca=23 (0.1 min)
2026-09-26 17:59:23,509 INFO FRAIWAN_Extended/dn fold 1: config 8 (lr=0.0003, dropout=0.3) epoca 1: train_loss=0.6655 val_loss=0.6857 val_BA=0.500 mejor_epoca=1
2026-09-26 17:59:23,593 INFO FRAIWAN_Extended/dn fold 1: config 8 (lr=0.0003, dropout=0.3) epoca 2: train_loss=0.5491 val_loss=0.6633 val_BA=0.500 mejor_epoca=2
2026-09-26 17:59:23,677 INFO FRAIWAN_Extended/dn fold 1: config 8 (lr=0.0003, dropout=0.3) epoca 3: train_loss=0.5035 val_loss=0.6451 val_BA=0.500 mejor_epoca=3
2026-09-26 17:59:23,761 INFO FRAIWAN_Extended/dn fold 1: config 8 (lr=0.0003, dropout=0.3) epoca 4: train_loss=0.4331 val_loss=0.6233 val_BA=0.500 mejor_epoca=4
2026-09-26 17:59:23,844 INFO FRAIWAN_Extended/dn fold 1: config 8 (lr=0.0003, dropout=0.3) epoca 5: train_loss=0.3267 val_loss=0.6088 val_BA=0.500 mejor_epoca=5
2026-09-26 17:59:23,928 INFO FRAIWAN_Extended/dn fold 1: config 8 (lr=0.0003, dropout=0.3) epoca 6: train_loss=0.2736 val_loss=0.6009 val_BA=0.500 mejor_epoca=6
2026-09-26 17:59:24,262 INFO FRAIWAN_Extended/dn fold 1: config 8 (lr=0.0003, dropout=0.3) epoca 10: train_loss=0.1778 val_loss=0.6832 val_BA=0.500 mejor_epoca=6
2026-09-26 17:59:24,846 INFO FRAIWAN_Extended/dn fold 1: config 8 (lr=0.0003, dropout=0.3) epoca 17: train_loss=0.0792 val_loss=0.5428 val_BA=0.500 mejor_epoca=17
2026-09-26 17:59:24,930 INFO FRAIWAN_Extended/dn fold 1: config 8 (lr=0.0003, dropout=0.3) epoca 18: train_loss=0.0727 val_loss=0.4934 val_BA=0.650 mejor_epoca=18
2026-09-26 17:59:25,097 INFO FRAIWAN_Extended/dn fold 1: config 8 (lr=0.0003, dropout=0.3) epoca 20: train_loss=0.0657 val_loss=0.8034 val_BA=0.500 mejor_epoca=18
2026-09-26 17:59:25,597 INFO FRAIWAN_Extended/dn fold 1: config 8 (lr=0.0003, dropout=0.3) epoca 26: train_loss=0.0659 val_loss=0.5694 val_BA=0.900 mejor_epoca=26
2026-09-26 17:59:25,931 INFO FRAIWAN_Extended/dn fold 1: config 8 (lr=0.0003, dropout=0.3) epoca 30: train_loss=0.0532 val_loss=0.6405 val_BA=0.500 mejor_epoca=26
2026-09-26 17:59:26,014 INFO FRAIWAN_Extended/dn fold 1: config 8 (lr=0.0003, dropout=0.3) epoca 31: train_loss=0.0424 val_loss=0.5615 val_BA=0.900 mejor_epoca=31
2026-09-26 17:59:26,097 INFO FRAIWAN_Extended/dn fold 1: config 8 (lr=0.0003, dropout=0.3) epoca 32: train_loss=0.0393 val_loss=0.5441 val_BA=0.900 mejor_epoca=32
2026-09-26 17:59:26,772 INFO FRAIWAN_Extended/dn fold 1: config 8 (lr=0.0003, dropout=0.3) epoca 40: train_loss=0.0287 val_loss=1.0421 val_BA=0.500 mejor_epoca=32
2026-09-26 17:59:27,376 INFO FRAIWAN_Extended/dn fold 1 config 8: OK val_BA=0.900 mejor_epoca=32 (0.1 min)
2026-09-26 17:59:27,478 INFO FRAIWAN_Extended/dn fold 1: config 9 (lr=0.0003, dropout=0.4) epoca 1: train_loss=0.7036 val_loss=0.6807 val_BA=0.500 mejor_epoca=1
2026-09-26 17:59:27,564 INFO FRAIWAN_Extended/dn fold 1: config 9 (lr=0.0003, dropout=0.4) epoca 2: train_loss=0.5090 val_loss=0.6254 val_BA=0.500 mejor_epoca=2
2026-09-26 17:59:27,650 INFO FRAIWAN_Extended/dn fold 1: config 9 (lr=0.0003, dropout=0.4) epoca 3: train_loss=0.4495 val_loss=0.6026 val_BA=0.500 mejor_epoca=3
2026-09-26 17:59:27,735 INFO FRAIWAN_Extended/dn fold 1: config 9 (lr=0.0003, dropout=0.4) epoca 4: train_loss=0.3403 val_loss=0.6022 val_BA=0.500 mejor_epoca=4
2026-09-26 17:59:28,251 INFO FRAIWAN_Extended/dn fold 1: config 9 (lr=0.0003, dropout=0.4) epoca 10: train_loss=0.1296 val_loss=0.6159 val_BA=0.500 mejor_epoca=4
2026-09-26 17:59:28,336 INFO FRAIWAN_Extended/dn fold 1: config 9 (lr=0.0003, dropout=0.4) epoca 11: train_loss=0.1147 val_loss=0.4952 val_BA=0.750 mejor_epoca=11
2026-09-26 17:59:28,764 INFO FRAIWAN_Extended/dn fold 1: config 9 (lr=0.0003, dropout=0.4) epoca 16: train_loss=0.0633 val_loss=0.9696 val_BA=0.900 mejor_epoca=16
2026-09-26 17:59:29,107 INFO FRAIWAN_Extended/dn fold 1: config 9 (lr=0.0003, dropout=0.4) epoca 20: train_loss=0.0609 val_loss=0.8859 val_BA=0.500 mejor_epoca=16
2026-09-26 17:59:29,963 INFO FRAIWAN_Extended/dn fold 1: config 9 (lr=0.0003, dropout=0.4) epoca 30: train_loss=0.0340 val_loss=0.6305 val_BA=0.500 mejor_epoca=16
2026-09-26 17:59:30,066 INFO FRAIWAN_Extended/dn fold 1 config 9: OK val_BA=0.900 mejor_epoca=16 (0.0 min)
2026-09-26 17:59:30,177 INFO FRAIWAN_Extended/dn fold 1: config 10 (lr=0.0003, dropout=0.4) epoca 1: train_loss=0.6181 val_loss=0.6217 val_BA=0.500 mejor_epoca=1
2026-09-26 17:59:30,272 INFO FRAIWAN_Extended/dn fold 1: config 10 (lr=0.0003, dropout=0.4) epoca 2: train_loss=0.5586 val_loss=0.5873 val_BA=0.500 mejor_epoca=2
2026-09-26 17:59:30,369 INFO FRAIWAN_Extended/dn fold 1: config 10 (lr=0.0003, dropout=0.4) epoca 3: train_loss=0.4902 val_loss=0.5579 val_BA=0.500 mejor_epoca=3
2026-09-26 17:59:30,467 INFO FRAIWAN_Extended/dn fold 1: config 10 (lr=0.0003, dropout=0.4) epoca 4: train_loss=0.4123 val_loss=0.4416 val_BA=0.900 mejor_epoca=4
2026-09-26 17:59:31,034 INFO FRAIWAN_Extended/dn fold 1: config 10 (lr=0.0003, dropout=0.4) epoca 10: train_loss=0.1858 val_loss=0.7440 val_BA=0.500 mejor_epoca=4
2026-09-26 17:59:31,975 INFO FRAIWAN_Extended/dn fold 1: config 10 (lr=0.0003, dropout=0.4) epoca 20: train_loss=0.0464 val_loss=0.8703 val_BA=0.500 mejor_epoca=4
2026-09-26 17:59:31,993 INFO FRAIWAN_Extended/dn fold 1 config 10: OK val_BA=0.900 mejor_epoca=4 (0.0 min)
2026-09-26 17:59:32,094 INFO FRAIWAN_Extended/dn fold 1: config 11 (lr=0.0003, dropout=0.5) epoca 1: train_loss=0.6421 val_loss=0.6734 val_BA=0.500 mejor_epoca=1
2026-09-26 17:59:32,177 INFO FRAIWAN_Extended/dn fold 1: config 11 (lr=0.0003, dropout=0.5) epoca 2: train_loss=0.4671 val_loss=0.6391 val_BA=0.500 mejor_epoca=2
2026-09-26 17:59:32,261 INFO FRAIWAN_Extended/dn fold 1: config 11 (lr=0.0003, dropout=0.5) epoca 3: train_loss=0.3553 val_loss=0.6127 val_BA=0.500 mejor_epoca=3
2026-09-26 17:59:32,344 INFO FRAIWAN_Extended/dn fold 1: config 11 (lr=0.0003, dropout=0.5) epoca 4: train_loss=0.2891 val_loss=0.6008 val_BA=0.500 mejor_epoca=4
2026-09-26 17:59:32,843 INFO FRAIWAN_Extended/dn fold 1: config 11 (lr=0.0003, dropout=0.5) epoca 10: train_loss=0.1367 val_loss=0.7582 val_BA=0.500 mejor_epoca=4
2026-09-26 17:59:33,424 INFO FRAIWAN_Extended/dn fold 1: config 11 (lr=0.0003, dropout=0.5) epoca 17: train_loss=0.0739 val_loss=0.5623 val_BA=0.500 mejor_epoca=17
2026-09-26 17:59:33,507 INFO FRAIWAN_Extended/dn fold 1: config 11 (lr=0.0003, dropout=0.5) epoca 18: train_loss=0.0795 val_loss=0.5290 val_BA=0.500 mejor_epoca=18
2026-09-26 17:59:33,590 INFO FRAIWAN_Extended/dn fold 1: config 11 (lr=0.0003, dropout=0.5) epoca 19: train_loss=0.0746 val_loss=0.4894 val_BA=0.750 mejor_epoca=19
2026-09-26 17:59:33,674 INFO FRAIWAN_Extended/dn fold 1: config 11 (lr=0.0003, dropout=0.5) epoca 20: train_loss=0.0685 val_loss=0.4535 val_BA=0.750 mejor_epoca=20
2026-09-26 17:59:34,267 INFO FRAIWAN_Extended/dn fold 1: config 11 (lr=0.0003, dropout=0.5) epoca 27: train_loss=0.0514 val_loss=0.5217 val_BA=0.900 mejor_epoca=27
2026-09-26 17:59:34,519 INFO FRAIWAN_Extended/dn fold 1: config 11 (lr=0.0003, dropout=0.5) epoca 30: train_loss=0.0420 val_loss=0.8734 val_BA=0.500 mejor_epoca=27
2026-09-26 17:59:35,356 INFO FRAIWAN_Extended/dn fold 1: config 11 (lr=0.0003, dropout=0.5) epoca 40: train_loss=0.0337 val_loss=0.4803 val_BA=0.500 mejor_epoca=27
2026-09-26 17:59:35,541 INFO FRAIWAN_Extended/dn fold 1 config 11: OK val_BA=0.900 mejor_epoca=27 (0.1 min)
2026-09-26 17:59:35,644 INFO FRAIWAN_Extended/dn fold 1: config 12 (lr=0.0003, dropout=0.5) epoca 1: train_loss=0.6584 val_loss=0.6538 val_BA=0.500 mejor_epoca=1
2026-09-26 17:59:35,730 INFO FRAIWAN_Extended/dn fold 1: config 12 (lr=0.0003, dropout=0.5) epoca 2: train_loss=0.5065 val_loss=0.6179 val_BA=0.500 mejor_epoca=2
2026-09-26 17:59:35,815 INFO FRAIWAN_Extended/dn fold 1: config 12 (lr=0.0003, dropout=0.5) epoca 3: train_loss=0.4704 val_loss=0.6019 val_BA=0.500 mejor_epoca=3
2026-09-26 17:59:35,900 INFO FRAIWAN_Extended/dn fold 1: config 12 (lr=0.0003, dropout=0.5) epoca 4: train_loss=0.3928 val_loss=0.5950 val_BA=0.500 mejor_epoca=4
2026-09-26 17:59:35,986 INFO FRAIWAN_Extended/dn fold 1: config 12 (lr=0.0003, dropout=0.5) epoca 5: train_loss=0.2971 val_loss=0.5935 val_BA=0.500 mejor_epoca=5
2026-09-26 17:59:36,328 INFO FRAIWAN_Extended/dn fold 1: config 12 (lr=0.0003, dropout=0.5) epoca 9: train_loss=0.1704 val_loss=0.5299 val_BA=0.650 mejor_epoca=9
2026-09-26 17:59:36,414 INFO FRAIWAN_Extended/dn fold 1: config 12 (lr=0.0003, dropout=0.5) epoca 10: train_loss=0.1340 val_loss=0.6099 val_BA=0.500 mejor_epoca=9
2026-09-26 17:59:37,184 INFO FRAIWAN_Extended/dn fold 1: config 12 (lr=0.0003, dropout=0.5) epoca 19: train_loss=0.0483 val_loss=0.4501 val_BA=0.650 mejor_epoca=19
2026-09-26 17:59:37,269 INFO FRAIWAN_Extended/dn fold 1: config 12 (lr=0.0003, dropout=0.5) epoca 20: train_loss=0.0637 val_loss=0.6595 val_BA=0.500 mejor_epoca=19
2026-09-26 17:59:37,526 INFO FRAIWAN_Extended/dn fold 1: config 12 (lr=0.0003, dropout=0.5) epoca 23: train_loss=0.0449 val_loss=0.4375 val_BA=0.650 mejor_epoca=23
2026-09-26 17:59:38,138 INFO FRAIWAN_Extended/dn fold 1: config 12 (lr=0.0003, dropout=0.5) epoca 30: train_loss=0.0374 val_loss=0.8671 val_BA=0.500 mejor_epoca=23
2026-09-26 17:59:38,395 INFO FRAIWAN_Extended/dn fold 1: config 12 (lr=0.0003, dropout=0.5) epoca 33: train_loss=0.0289 val_loss=0.7152 val_BA=0.800 mejor_epoca=33
2026-09-26 17:59:38,996 INFO FRAIWAN_Extended/dn fold 1: config 12 (lr=0.0003, dropout=0.5) epoca 40: train_loss=0.0238 val_loss=0.6369 val_BA=0.500 mejor_epoca=33
2026-09-26 17:59:39,698 INFO FRAIWAN_Extended/dn fold 1 config 12: OK val_BA=0.800 mejor_epoca=33 (0.1 min)
2026-09-26 17:59:39,810 INFO FRAIWAN_Extended/dn fold 1: config 13 (lr=0.001, dropout=0.2) epoca 1: train_loss=0.7028 val_loss=0.6000 val_BA=0.500 mejor_epoca=1
2026-09-26 17:59:40,277 INFO FRAIWAN_Extended/dn fold 1: config 13 (lr=0.001, dropout=0.2) epoca 6: train_loss=0.2949 val_loss=0.5174 val_BA=0.500 mejor_epoca=6
2026-09-26 17:59:40,371 INFO FRAIWAN_Extended/dn fold 1: config 13 (lr=0.001, dropout=0.2) epoca 7: train_loss=0.2670 val_loss=0.6258 val_BA=0.750 mejor_epoca=7
2026-09-26 17:59:40,465 INFO FRAIWAN_Extended/dn fold 1: config 13 (lr=0.001, dropout=0.2) epoca 8: train_loss=0.2613 val_loss=0.8285 val_BA=0.800 mejor_epoca=8
2026-09-26 17:59:40,653 INFO FRAIWAN_Extended/dn fold 1: config 13 (lr=0.001, dropout=0.2) epoca 10: train_loss=0.1851 val_loss=0.9626 val_BA=0.500 mejor_epoca=8
2026-09-26 17:59:41,587 INFO FRAIWAN_Extended/dn fold 1: config 13 (lr=0.001, dropout=0.2) epoca 20: train_loss=0.0251 val_loss=0.9571 val_BA=0.500 mejor_epoca=8
2026-09-26 17:59:41,900 INFO FRAIWAN_Extended/dn fold 1 config 13: OK val_BA=0.800 mejor_epoca=8 (0.0 min)
2026-09-26 17:59:42,000 INFO FRAIWAN_Extended/dn fold 1: config 14 (lr=0.001, dropout=0.3) epoca 1: train_loss=0.6152 val_loss=0.6806 val_BA=0.500 mejor_epoca=1
2026-09-26 17:59:42,083 INFO FRAIWAN_Extended/dn fold 1: config 14 (lr=0.001, dropout=0.3) epoca 2: train_loss=0.5246 val_loss=0.6560 val_BA=0.500 mejor_epoca=2
2026-09-26 17:59:42,167 INFO FRAIWAN_Extended/dn fold 1: config 14 (lr=0.001, dropout=0.3) epoca 3: train_loss=0.4531 val_loss=0.6520 val_BA=0.500 mejor_epoca=3
2026-09-26 17:59:42,251 INFO FRAIWAN_Extended/dn fold 1: config 14 (lr=0.001, dropout=0.3) epoca 4: train_loss=0.3900 val_loss=0.6795 val_BA=0.550 mejor_epoca=4
2026-09-26 17:59:42,501 INFO FRAIWAN_Extended/dn fold 1: config 14 (lr=0.001, dropout=0.3) epoca 7: train_loss=0.2185 val_loss=0.6560 val_BA=0.800 mejor_epoca=7
2026-09-26 17:59:42,584 INFO FRAIWAN_Extended/dn fold 1: config 14 (lr=0.001, dropout=0.3) epoca 8: train_loss=0.1996 val_loss=0.5897 val_BA=0.900 mejor_epoca=8
2026-09-26 17:59:42,752 INFO FRAIWAN_Extended/dn fold 1: config 14 (lr=0.001, dropout=0.3) epoca 10: train_loss=0.1385 val_loss=1.7363 val_BA=0.500 mejor_epoca=8
2026-09-26 17:59:43,002 INFO FRAIWAN_Extended/dn fold 1: config 14 (lr=0.001, dropout=0.3) epoca 13: train_loss=0.0851 val_loss=0.5841 val_BA=0.900 mejor_epoca=13
2026-09-26 17:59:43,502 INFO FRAIWAN_Extended/dn fold 1: config 14 (lr=0.001, dropout=0.3) epoca 19: train_loss=0.0504 val_loss=0.5188 val_BA=0.900 mejor_epoca=19
2026-09-26 17:59:43,585 INFO FRAIWAN_Extended/dn fold 1: config 14 (lr=0.001, dropout=0.3) epoca 20: train_loss=0.0429 val_loss=0.6417 val_BA=0.500 mejor_epoca=19
2026-09-26 17:59:44,417 INFO FRAIWAN_Extended/dn fold 1: config 14 (lr=0.001, dropout=0.3) epoca 30: train_loss=0.0237 val_loss=0.9517 val_BA=0.500 mejor_epoca=19
2026-09-26 17:59:44,767 INFO FRAIWAN_Extended/dn fold 1 config 14: OK val_BA=0.900 mejor_epoca=19 (0.0 min)
2026-09-26 17:59:44,869 INFO FRAIWAN_Extended/dn fold 1: config 15 (lr=0.001, dropout=0.3) epoca 1: train_loss=0.7623 val_loss=0.6381 val_BA=0.500 mejor_epoca=1
2026-09-26 17:59:44,954 INFO FRAIWAN_Extended/dn fold 1: config 15 (lr=0.001, dropout=0.3) epoca 2: train_loss=0.6316 val_loss=0.6049 val_BA=0.500 mejor_epoca=2
2026-09-26 17:59:45,210 INFO FRAIWAN_Extended/dn fold 1: config 15 (lr=0.001, dropout=0.3) epoca 5: train_loss=0.4943 val_loss=0.5552 val_BA=0.500 mejor_epoca=5
2026-09-26 17:59:45,297 INFO FRAIWAN_Extended/dn fold 1: config 15 (lr=0.001, dropout=0.3) epoca 6: train_loss=0.3813 val_loss=0.5718 val_BA=0.650 mejor_epoca=6
2026-09-26 17:59:45,658 INFO FRAIWAN_Extended/dn fold 1: config 15 (lr=0.001, dropout=0.3) epoca 10: train_loss=0.2413 val_loss=0.8372 val_BA=0.600 mejor_epoca=6
2026-09-26 17:59:46,261 INFO FRAIWAN_Extended/dn fold 1: config 15 (lr=0.001, dropout=0.3) epoca 17: train_loss=0.0878 val_loss=0.5266 val_BA=0.750 mejor_epoca=17
2026-09-26 17:59:46,517 INFO FRAIWAN_Extended/dn fold 1: config 15 (lr=0.001, dropout=0.3) epoca 20: train_loss=0.0444 val_loss=0.9506 val_BA=0.500 mejor_epoca=17
2026-09-26 17:59:46,603 INFO FRAIWAN_Extended/dn fold 1: config 15 (lr=0.001, dropout=0.3) epoca 21: train_loss=0.0721 val_loss=0.4987 val_BA=0.900 mejor_epoca=21
2026-09-26 17:59:47,369 INFO FRAIWAN_Extended/dn fold 1: config 15 (lr=0.001, dropout=0.3) epoca 30: train_loss=0.0307 val_loss=0.8755 val_BA=0.400 mejor_epoca=21
2026-09-26 17:59:47,897 INFO FRAIWAN_Extended/dn fold 1 config 15: OK val_BA=0.900 mejor_epoca=21 (0.1 min)
2026-09-26 17:59:48,006 INFO FRAIWAN_Extended/dn fold 1: config 16 (lr=0.001, dropout=0.4) epoca 1: train_loss=0.7058 val_loss=0.6580 val_BA=0.500 mejor_epoca=1
2026-09-26 17:59:48,098 INFO FRAIWAN_Extended/dn fold 1: config 16 (lr=0.001, dropout=0.4) epoca 2: train_loss=0.6806 val_loss=0.6542 val_BA=0.500 mejor_epoca=2
2026-09-26 17:59:48,191 INFO FRAIWAN_Extended/dn fold 1: config 16 (lr=0.001, dropout=0.4) epoca 3: train_loss=0.5479 val_loss=0.6255 val_BA=0.500 mejor_epoca=3
2026-09-26 17:59:48,377 INFO FRAIWAN_Extended/dn fold 1: config 16 (lr=0.001, dropout=0.4) epoca 5: train_loss=0.4641 val_loss=1.6846 val_BA=0.600 mejor_epoca=5
2026-09-26 17:59:48,470 INFO FRAIWAN_Extended/dn fold 1: config 16 (lr=0.001, dropout=0.4) epoca 6: train_loss=0.4039 val_loss=0.8275 val_BA=0.700 mejor_epoca=6
2026-09-26 17:59:48,656 INFO FRAIWAN_Extended/dn fold 1: config 16 (lr=0.001, dropout=0.4) epoca 8: train_loss=0.2117 val_loss=0.6440 val_BA=0.750 mejor_epoca=8
2026-09-26 17:59:48,842 INFO FRAIWAN_Extended/dn fold 1: config 16 (lr=0.001, dropout=0.4) epoca 10: train_loss=0.1850 val_loss=0.5997 val_BA=0.500 mejor_epoca=8
2026-09-26 17:59:49,792 INFO FRAIWAN_Extended/dn fold 1: config 16 (lr=0.001, dropout=0.4) epoca 20: train_loss=0.0531 val_loss=0.7753 val_BA=0.500 mejor_epoca=8
2026-09-26 17:59:50,090 INFO FRAIWAN_Extended/dn fold 1 config 16: OK val_BA=0.750 mejor_epoca=8 (0.0 min)
2026-09-26 17:59:50,193 INFO FRAIWAN_Extended/dn fold 1: config 17 (lr=0.001, dropout=0.5) epoca 1: train_loss=0.7588 val_loss=0.6823 val_BA=0.500 mejor_epoca=1
2026-09-26 17:59:50,454 INFO FRAIWAN_Extended/dn fold 1: config 17 (lr=0.001, dropout=0.5) epoca 4: train_loss=0.4155 val_loss=0.6430 val_BA=0.500 mejor_epoca=4
2026-09-26 17:59:50,711 INFO FRAIWAN_Extended/dn fold 1: config 17 (lr=0.001, dropout=0.5) epoca 7: train_loss=0.2578 val_loss=0.6462 val_BA=0.750 mejor_epoca=7
2026-09-26 17:59:50,967 INFO FRAIWAN_Extended/dn fold 1: config 17 (lr=0.001, dropout=0.5) epoca 10: train_loss=0.1538 val_loss=0.6213 val_BA=0.900 mejor_epoca=10
2026-09-26 17:59:51,821 INFO FRAIWAN_Extended/dn fold 1: config 17 (lr=0.001, dropout=0.5) epoca 20: train_loss=0.0267 val_loss=0.8773 val_BA=0.400 mejor_epoca=10
2026-09-26 17:59:52,266 INFO FRAIWAN_Extended/dn fold 1 config 17: OK val_BA=0.900 mejor_epoca=10 (0.0 min)
2026-09-26 17:59:52,365 INFO FRAIWAN_Extended/dn fold 1: config 18 (lr=0.001, dropout=0.5) epoca 1: train_loss=0.7884 val_loss=0.6753 val_BA=0.500 mejor_epoca=1
2026-09-26 17:59:52,449 INFO FRAIWAN_Extended/dn fold 1: config 18 (lr=0.001, dropout=0.5) epoca 2: train_loss=0.6578 val_loss=0.6345 val_BA=0.500 mejor_epoca=2
2026-09-26 17:59:52,533 INFO FRAIWAN_Extended/dn fold 1: config 18 (lr=0.001, dropout=0.5) epoca 3: train_loss=0.6445 val_loss=0.6091 val_BA=0.500 mejor_epoca=3
2026-09-26 17:59:52,616 INFO FRAIWAN_Extended/dn fold 1: config 18 (lr=0.001, dropout=0.5) epoca 4: train_loss=0.5389 val_loss=0.5973 val_BA=0.500 mejor_epoca=4
2026-09-26 17:59:52,958 INFO FRAIWAN_Extended/dn fold 1: config 18 (lr=0.001, dropout=0.5) epoca 8: train_loss=0.2593 val_loss=0.9936 val_BA=0.600 mejor_epoca=8
2026-09-26 17:59:53,041 INFO FRAIWAN_Extended/dn fold 1: config 18 (lr=0.001, dropout=0.5) epoca 9: train_loss=0.2305 val_loss=0.7233 val_BA=0.650 mejor_epoca=9
2026-09-26 17:59:53,125 INFO FRAIWAN_Extended/dn fold 1: config 18 (lr=0.001, dropout=0.5) epoca 10: train_loss=0.2081 val_loss=0.9918 val_BA=0.600 mejor_epoca=9
2026-09-26 17:59:53,792 INFO FRAIWAN_Extended/dn fold 1: config 18 (lr=0.001, dropout=0.5) epoca 18: train_loss=0.1110 val_loss=0.5956 val_BA=0.650 mejor_epoca=18
2026-09-26 17:59:53,876 INFO FRAIWAN_Extended/dn fold 1: config 18 (lr=0.001, dropout=0.5) epoca 19: train_loss=0.1107 val_loss=0.6623 val_BA=0.900 mejor_epoca=19
2026-09-26 17:59:53,959 INFO FRAIWAN_Extended/dn fold 1: config 18 (lr=0.001, dropout=0.5) epoca 20: train_loss=0.0726 val_loss=0.5839 val_BA=0.900 mejor_epoca=20
2026-09-26 17:59:54,791 INFO FRAIWAN_Extended/dn fold 1: config 18 (lr=0.001, dropout=0.5) epoca 30: train_loss=0.0387 val_loss=0.8078 val_BA=0.400 mejor_epoca=20
2026-09-26 17:59:55,225 INFO FRAIWAN_Extended/dn fold 1 config 18: OK val_BA=0.900 mejor_epoca=20 (0.0 min)
2026-09-26 17:59:55,325 INFO FRAIWAN_Extended/dn fold 1: config 19 (lr=0.001, dropout=0.5) epoca 1: train_loss=0.6220 val_loss=0.6788 val_BA=0.500 mejor_epoca=1
2026-09-26 17:59:55,409 INFO FRAIWAN_Extended/dn fold 1: config 19 (lr=0.001, dropout=0.5) epoca 2: train_loss=0.6658 val_loss=0.6417 val_BA=0.500 mejor_epoca=2
2026-09-26 17:59:55,492 INFO FRAIWAN_Extended/dn fold 1: config 19 (lr=0.001, dropout=0.5) epoca 3: train_loss=0.6038 val_loss=0.6021 val_BA=0.500 mejor_epoca=3
2026-09-26 17:59:55,825 INFO FRAIWAN_Extended/dn fold 1: config 19 (lr=0.001, dropout=0.5) epoca 7: train_loss=0.2099 val_loss=0.5498 val_BA=0.500 mejor_epoca=7
2026-09-26 17:59:55,909 INFO FRAIWAN_Extended/dn fold 1: config 19 (lr=0.001, dropout=0.5) epoca 8: train_loss=0.2052 val_loss=0.5435 val_BA=0.500 mejor_epoca=8
2026-09-26 17:59:56,075 INFO FRAIWAN_Extended/dn fold 1: config 19 (lr=0.001, dropout=0.5) epoca 10: train_loss=0.1548 val_loss=0.5687 val_BA=0.400 mejor_epoca=8
2026-09-26 17:59:56,490 INFO FRAIWAN_Extended/dn fold 1: config 19 (lr=0.001, dropout=0.5) epoca 15: train_loss=0.0646 val_loss=0.5981 val_BA=0.650 mejor_epoca=15
2026-09-26 17:59:56,915 INFO FRAIWAN_Extended/dn fold 1: config 19 (lr=0.001, dropout=0.5) epoca 20: train_loss=0.0408 val_loss=0.8732 val_BA=0.400 mejor_epoca=15
2026-09-26 17:59:57,749 INFO FRAIWAN_Extended/dn fold 1: config 19 (lr=0.001, dropout=0.5) epoca 30: train_loss=0.0239 val_loss=1.0493 val_BA=0.500 mejor_epoca=15
2026-09-26 17:59:57,767 INFO FRAIWAN_Extended/dn fold 1 config 19: OK val_BA=0.650 mejor_epoca=15 (0.0 min)
2026-09-26 17:59:57,999 INFO log-mel FRAIWAN_Extended/cv/fold_02/dn: 187/187
2026-09-26 17:59:58,167 INFO FRAIWAN_Extended/dn fold 2: log-mel dn listo en 0.4 s, forma (187, 1, 64, 309)
2026-09-26 17:59:58,172 INFO FRAIWAN_Extended/dn fold 2: 27/7 pacientes train/validation, 20 de 20 configuracion(es) por evaluar
2026-09-26 17:59:58,283 INFO FRAIWAN_Extended/dn fold 2: config 0 (lr=0.0001, dropout=0.3) epoca 1: train_loss=0.7066 val_loss=0.6338 val_BA=0.500 mejor_epoca=1
2026-09-26 17:59:58,378 INFO FRAIWAN_Extended/dn fold 2: config 0 (lr=0.0001, dropout=0.3) epoca 2: train_loss=0.5093 val_loss=0.5314 val_BA=0.500 mejor_epoca=2
2026-09-26 17:59:58,471 INFO FRAIWAN_Extended/dn fold 2: config 0 (lr=0.0001, dropout=0.3) epoca 3: train_loss=0.4701 val_loss=0.4775 val_BA=0.500 mejor_epoca=3
2026-09-26 17:59:58,751 INFO FRAIWAN_Extended/dn fold 2: config 0 (lr=0.0001, dropout=0.3) epoca 6: train_loss=0.3041 val_loss=0.9413 val_BA=0.667 mejor_epoca=6
2026-09-26 17:59:59,124 INFO FRAIWAN_Extended/dn fold 2: config 0 (lr=0.0001, dropout=0.3) epoca 10: train_loss=0.2027 val_loss=0.7663 val_BA=0.333 mejor_epoca=6
2026-09-26 18:00:00,058 INFO FRAIWAN_Extended/dn fold 2: config 0 (lr=0.0001, dropout=0.3) epoca 20: train_loss=0.0751 val_loss=2.2924 val_BA=0.083 mejor_epoca=6
2026-09-26 18:00:00,169 INFO FRAIWAN_Extended/dn fold 2 config 0: OK val_BA=0.667 mejor_epoca=6 (0.0 min)
2026-09-26 18:00:00,273 INFO FRAIWAN_Extended/dn fold 2: config 1 (lr=0.0001, dropout=0.3) epoca 1: train_loss=0.6905 val_loss=0.6498 val_BA=0.500 mejor_epoca=1
2026-09-26 18:00:00,360 INFO FRAIWAN_Extended/dn fold 2: config 1 (lr=0.0001, dropout=0.3) epoca 2: train_loss=0.5177 val_loss=0.6185 val_BA=0.500 mejor_epoca=2
2026-09-26 18:00:00,446 INFO FRAIWAN_Extended/dn fold 2: config 1 (lr=0.0001, dropout=0.3) epoca 3: train_loss=0.4412 val_loss=0.5840 val_BA=0.500 mejor_epoca=3
2026-09-26 18:00:00,530 INFO FRAIWAN_Extended/dn fold 2: config 1 (lr=0.0001, dropout=0.3) epoca 4: train_loss=0.3959 val_loss=0.5541 val_BA=0.500 mejor_epoca=4
2026-09-26 18:00:00,614 INFO FRAIWAN_Extended/dn fold 2: config 1 (lr=0.0001, dropout=0.3) epoca 5: train_loss=0.3435 val_loss=0.5303 val_BA=0.500 mejor_epoca=5
2026-09-26 18:00:00,697 INFO FRAIWAN_Extended/dn fold 2: config 1 (lr=0.0001, dropout=0.3) epoca 6: train_loss=0.3021 val_loss=0.5142 val_BA=0.500 mejor_epoca=6
2026-09-26 18:00:00,781 INFO FRAIWAN_Extended/dn fold 2: config 1 (lr=0.0001, dropout=0.3) epoca 7: train_loss=0.2749 val_loss=0.4989 val_BA=0.500 mejor_epoca=7
2026-09-26 18:00:00,866 INFO FRAIWAN_Extended/dn fold 2: config 1 (lr=0.0001, dropout=0.3) epoca 8: train_loss=0.2260 val_loss=0.4775 val_BA=0.500 mejor_epoca=8
2026-09-26 18:00:00,952 INFO FRAIWAN_Extended/dn fold 2: config 1 (lr=0.0001, dropout=0.3) epoca 9: train_loss=0.2059 val_loss=0.4688 val_BA=0.500 mejor_epoca=9
2026-09-26 18:00:01,036 INFO FRAIWAN_Extended/dn fold 2: config 1 (lr=0.0001, dropout=0.3) epoca 10: train_loss=0.1678 val_loss=0.4664 val_BA=0.500 mejor_epoca=10
2026-09-26 18:00:01,122 INFO FRAIWAN_Extended/dn fold 2: config 1 (lr=0.0001, dropout=0.3) epoca 11: train_loss=0.1634 val_loss=0.4442 val_BA=0.500 mejor_epoca=11
2026-09-26 18:00:01,373 INFO FRAIWAN_Extended/dn fold 2: config 1 (lr=0.0001, dropout=0.3) epoca 14: train_loss=0.1252 val_loss=0.3914 val_BA=0.500 mejor_epoca=14
2026-09-26 18:00:01,789 INFO FRAIWAN_Extended/dn fold 2: config 1 (lr=0.0001, dropout=0.3) epoca 19: train_loss=0.0980 val_loss=1.9732 val_BA=0.583 mejor_epoca=19
2026-09-26 18:00:01,872 INFO FRAIWAN_Extended/dn fold 2: config 1 (lr=0.0001, dropout=0.3) epoca 20: train_loss=0.0987 val_loss=1.3519 val_BA=0.083 mejor_epoca=19
2026-09-26 18:00:02,704 INFO FRAIWAN_Extended/dn fold 2: config 1 (lr=0.0001, dropout=0.3) epoca 30: train_loss=0.0716 val_loss=2.6350 val_BA=0.083 mejor_epoca=19
2026-09-26 18:00:03,054 INFO FRAIWAN_Extended/dn fold 2 config 1: OK val_BA=0.583 mejor_epoca=19 (0.0 min)
2026-09-26 18:00:03,156 INFO FRAIWAN_Extended/dn fold 2: config 2 (lr=0.0001, dropout=0.4) epoca 1: train_loss=0.7242 val_loss=0.6962 val_BA=0.500 mejor_epoca=1
2026-09-26 18:00:03,242 INFO FRAIWAN_Extended/dn fold 2: config 2 (lr=0.0001, dropout=0.4) epoca 2: train_loss=0.5760 val_loss=0.6711 val_BA=0.500 mejor_epoca=2
2026-09-26 18:00:03,327 INFO FRAIWAN_Extended/dn fold 2: config 2 (lr=0.0001, dropout=0.4) epoca 3: train_loss=0.5337 val_loss=0.6428 val_BA=0.500 mejor_epoca=3
2026-09-26 18:00:03,413 INFO FRAIWAN_Extended/dn fold 2: config 2 (lr=0.0001, dropout=0.4) epoca 4: train_loss=0.4728 val_loss=0.6164 val_BA=0.500 mejor_epoca=4
2026-09-26 18:00:03,498 INFO FRAIWAN_Extended/dn fold 2: config 2 (lr=0.0001, dropout=0.4) epoca 5: train_loss=0.4129 val_loss=0.6011 val_BA=0.500 mejor_epoca=5
2026-09-26 18:00:03,669 INFO FRAIWAN_Extended/dn fold 2: config 2 (lr=0.0001, dropout=0.4) epoca 7: train_loss=0.2980 val_loss=0.5889 val_BA=0.500 mejor_epoca=7
2026-09-26 18:00:03,924 INFO FRAIWAN_Extended/dn fold 2: config 2 (lr=0.0001, dropout=0.4) epoca 10: train_loss=0.2215 val_loss=0.7030 val_BA=0.417 mejor_epoca=7
2026-09-26 18:00:04,195 INFO FRAIWAN_Extended/dn fold 2: config 2 (lr=0.0001, dropout=0.4) epoca 13: train_loss=0.1683 val_loss=0.9823 val_BA=0.750 mejor_epoca=13
2026-09-26 18:00:04,796 INFO FRAIWAN_Extended/dn fold 2: config 2 (lr=0.0001, dropout=0.4) epoca 20: train_loss=0.1112 val_loss=1.0822 val_BA=0.250 mejor_epoca=13
2026-09-26 18:00:05,496 INFO FRAIWAN_Extended/dn fold 2 config 2: OK val_BA=0.750 mejor_epoca=13 (0.0 min)
2026-09-26 18:00:05,609 INFO FRAIWAN_Extended/dn fold 2: config 3 (lr=0.0001, dropout=0.4) epoca 1: train_loss=0.7058 val_loss=0.7809 val_BA=0.500 mejor_epoca=1
2026-09-26 18:00:05,706 INFO FRAIWAN_Extended/dn fold 2: config 3 (lr=0.0001, dropout=0.4) epoca 2: train_loss=0.5633 val_loss=0.7328 val_BA=0.500 mejor_epoca=2
2026-09-26 18:00:06,086 INFO FRAIWAN_Extended/dn fold 2: config 3 (lr=0.0001, dropout=0.4) epoca 6: train_loss=0.3124 val_loss=1.0721 val_BA=0.583 mejor_epoca=6
2026-09-26 18:00:06,463 INFO FRAIWAN_Extended/dn fold 2: config 3 (lr=0.0001, dropout=0.4) epoca 10: train_loss=0.1714 val_loss=0.7937 val_BA=0.417 mejor_epoca=6
2026-09-26 18:00:07,210 INFO FRAIWAN_Extended/dn fold 2: config 3 (lr=0.0001, dropout=0.4) epoca 18: train_loss=0.0904 val_loss=0.7863 val_BA=0.750 mejor_epoca=18
2026-09-26 18:00:07,397 INFO FRAIWAN_Extended/dn fold 2: config 3 (lr=0.0001, dropout=0.4) epoca 20: train_loss=0.0962 val_loss=0.3848 val_BA=0.500 mejor_epoca=18
2026-09-26 18:00:08,352 INFO FRAIWAN_Extended/dn fold 2: config 3 (lr=0.0001, dropout=0.4) epoca 30: train_loss=0.0601 val_loss=1.2608 val_BA=0.250 mejor_epoca=18
2026-09-26 18:00:08,651 INFO FRAIWAN_Extended/dn fold 2 config 3: OK val_BA=0.750 mejor_epoca=18 (0.1 min)
2026-09-26 18:00:08,752 INFO FRAIWAN_Extended/dn fold 2: config 4 (lr=0.0001, dropout=0.4) epoca 1: train_loss=0.6634 val_loss=0.6754 val_BA=0.500 mejor_epoca=1
2026-09-26 18:00:08,838 INFO FRAIWAN_Extended/dn fold 2: config 4 (lr=0.0001, dropout=0.4) epoca 2: train_loss=0.5209 val_loss=0.6194 val_BA=0.500 mejor_epoca=2
2026-09-26 18:00:08,923 INFO FRAIWAN_Extended/dn fold 2: config 4 (lr=0.0001, dropout=0.4) epoca 3: train_loss=0.4570 val_loss=0.5529 val_BA=0.500 mejor_epoca=3
2026-09-26 18:00:09,009 INFO FRAIWAN_Extended/dn fold 2: config 4 (lr=0.0001, dropout=0.4) epoca 4: train_loss=0.4247 val_loss=0.5072 val_BA=0.500 mejor_epoca=4
2026-09-26 18:00:09,094 INFO FRAIWAN_Extended/dn fold 2: config 4 (lr=0.0001, dropout=0.4) epoca 5: train_loss=0.3747 val_loss=0.4800 val_BA=0.500 mejor_epoca=5
2026-09-26 18:00:09,521 INFO FRAIWAN_Extended/dn fold 2: config 4 (lr=0.0001, dropout=0.4) epoca 10: train_loss=0.1727 val_loss=1.3172 val_BA=0.083 mejor_epoca=5
2026-09-26 18:00:09,606 INFO FRAIWAN_Extended/dn fold 2: config 4 (lr=0.0001, dropout=0.4) epoca 11: train_loss=0.1498 val_loss=1.8747 val_BA=0.583 mejor_epoca=11
2026-09-26 18:00:09,863 INFO FRAIWAN_Extended/dn fold 2: config 4 (lr=0.0001, dropout=0.4) epoca 14: train_loss=0.1645 val_loss=1.5046 val_BA=0.583 mejor_epoca=14
2026-09-26 18:00:10,122 INFO FRAIWAN_Extended/dn fold 2: config 4 (lr=0.0001, dropout=0.4) epoca 17: train_loss=0.1157 val_loss=1.1427 val_BA=0.667 mejor_epoca=17
2026-09-26 18:00:10,381 INFO FRAIWAN_Extended/dn fold 2: config 4 (lr=0.0001, dropout=0.4) epoca 20: train_loss=0.0814 val_loss=0.3688 val_BA=0.500 mejor_epoca=17
2026-09-26 18:00:11,235 INFO FRAIWAN_Extended/dn fold 2: config 4 (lr=0.0001, dropout=0.4) epoca 30: train_loss=0.0616 val_loss=1.1431 val_BA=0.250 mejor_epoca=17
2026-09-26 18:00:11,424 INFO FRAIWAN_Extended/dn fold 2 config 4: OK val_BA=0.667 mejor_epoca=17 (0.0 min)
2026-09-26 18:00:11,528 INFO FRAIWAN_Extended/dn fold 2: config 5 (lr=0.0001, dropout=0.4) epoca 1: train_loss=0.7653 val_loss=0.6389 val_BA=0.500 mejor_epoca=1
2026-09-26 18:00:11,615 INFO FRAIWAN_Extended/dn fold 2: config 5 (lr=0.0001, dropout=0.4) epoca 2: train_loss=0.5561 val_loss=0.6174 val_BA=0.500 mejor_epoca=2
2026-09-26 18:00:11,702 INFO FRAIWAN_Extended/dn fold 2: config 5 (lr=0.0001, dropout=0.4) epoca 3: train_loss=0.4499 val_loss=0.5875 val_BA=0.500 mejor_epoca=3
2026-09-26 18:00:11,785 INFO FRAIWAN_Extended/dn fold 2: config 5 (lr=0.0001, dropout=0.4) epoca 4: train_loss=0.3972 val_loss=0.5510 val_BA=0.500 mejor_epoca=4
2026-09-26 18:00:11,869 INFO FRAIWAN_Extended/dn fold 2: config 5 (lr=0.0001, dropout=0.4) epoca 5: train_loss=0.3550 val_loss=0.5160 val_BA=0.500 mejor_epoca=5
2026-09-26 18:00:11,952 INFO FRAIWAN_Extended/dn fold 2: config 5 (lr=0.0001, dropout=0.4) epoca 6: train_loss=0.3069 val_loss=0.4930 val_BA=0.500 mejor_epoca=6
2026-09-26 18:00:12,035 INFO FRAIWAN_Extended/dn fold 2: config 5 (lr=0.0001, dropout=0.4) epoca 7: train_loss=0.2631 val_loss=0.4804 val_BA=0.500 mejor_epoca=7
2026-09-26 18:00:12,119 INFO FRAIWAN_Extended/dn fold 2: config 5 (lr=0.0001, dropout=0.4) epoca 8: train_loss=0.2059 val_loss=0.4752 val_BA=0.500 mejor_epoca=8
2026-09-26 18:00:12,287 INFO FRAIWAN_Extended/dn fold 2: config 5 (lr=0.0001, dropout=0.4) epoca 10: train_loss=0.1739 val_loss=0.5622 val_BA=0.500 mejor_epoca=8
2026-09-26 18:00:12,951 INFO FRAIWAN_Extended/dn fold 2: config 5 (lr=0.0001, dropout=0.4) epoca 18: train_loss=0.0815 val_loss=0.4273 val_BA=0.500 mejor_epoca=18
2026-09-26 18:00:13,116 INFO FRAIWAN_Extended/dn fold 2: config 5 (lr=0.0001, dropout=0.4) epoca 20: train_loss=0.0663 val_loss=1.3193 val_BA=0.083 mejor_epoca=18
2026-09-26 18:00:13,198 INFO FRAIWAN_Extended/dn fold 2: config 5 (lr=0.0001, dropout=0.4) epoca 21: train_loss=0.0640 val_loss=0.3640 val_BA=0.500 mejor_epoca=21
2026-09-26 18:00:13,529 INFO FRAIWAN_Extended/dn fold 2: config 5 (lr=0.0001, dropout=0.4) epoca 25: train_loss=0.0600 val_loss=2.6273 val_BA=0.583 mejor_epoca=25
2026-09-26 18:00:13,941 INFO FRAIWAN_Extended/dn fold 2: config 5 (lr=0.0001, dropout=0.4) epoca 30: train_loss=0.0555 val_loss=1.7694 val_BA=0.083 mejor_epoca=25
2026-09-26 18:00:14,107 INFO FRAIWAN_Extended/dn fold 2: config 5 (lr=0.0001, dropout=0.4) epoca 32: train_loss=0.0551 val_loss=1.4920 val_BA=0.583 mejor_epoca=32
2026-09-26 18:00:14,771 INFO FRAIWAN_Extended/dn fold 2: config 5 (lr=0.0001, dropout=0.4) epoca 40: train_loss=0.0408 val_loss=0.6146 val_BA=0.417 mejor_epoca=32
2026-09-26 18:00:15,385 INFO FRAIWAN_Extended/dn fold 2 config 5: OK val_BA=0.583 mejor_epoca=32 (0.1 min)
2026-09-26 18:00:15,498 INFO FRAIWAN_Extended/dn fold 2: config 6 (lr=0.0001, dropout=0.5) epoca 1: train_loss=0.7261 val_loss=0.7101 val_BA=0.500 mejor_epoca=1
2026-09-26 18:00:15,968 INFO FRAIWAN_Extended/dn fold 2: config 6 (lr=0.0001, dropout=0.5) epoca 6: train_loss=0.4252 val_loss=1.2503 val_BA=0.583 mejor_epoca=6
2026-09-26 18:00:16,346 INFO FRAIWAN_Extended/dn fold 2: config 6 (lr=0.0001, dropout=0.5) epoca 10: train_loss=0.3248 val_loss=0.3588 val_BA=0.500 mejor_epoca=6
2026-09-26 18:00:17,285 INFO FRAIWAN_Extended/dn fold 2: config 6 (lr=0.0001, dropout=0.5) epoca 20: train_loss=0.1251 val_loss=2.5816 val_BA=0.583 mejor_epoca=6
2026-09-26 18:00:17,396 INFO FRAIWAN_Extended/dn fold 2 config 6: OK val_BA=0.583 mejor_epoca=6 (0.0 min)
2026-09-26 18:00:17,495 INFO FRAIWAN_Extended/dn fold 2: config 7 (lr=0.0001, dropout=0.5) epoca 1: train_loss=0.6454 val_loss=0.7109 val_BA=0.500 mejor_epoca=1
2026-09-26 18:00:17,577 INFO FRAIWAN_Extended/dn fold 2: config 7 (lr=0.0001, dropout=0.5) epoca 2: train_loss=0.5564 val_loss=0.6964 val_BA=0.500 mejor_epoca=2
2026-09-26 18:00:17,661 INFO FRAIWAN_Extended/dn fold 2: config 7 (lr=0.0001, dropout=0.5) epoca 3: train_loss=0.5104 val_loss=0.6710 val_BA=0.500 mejor_epoca=3
2026-09-26 18:00:17,744 INFO FRAIWAN_Extended/dn fold 2: config 7 (lr=0.0001, dropout=0.5) epoca 4: train_loss=0.4423 val_loss=0.6404 val_BA=0.500 mejor_epoca=4
2026-09-26 18:00:17,827 INFO FRAIWAN_Extended/dn fold 2: config 7 (lr=0.0001, dropout=0.5) epoca 5: train_loss=0.3955 val_loss=0.6051 val_BA=0.500 mejor_epoca=5
2026-09-26 18:00:17,910 INFO FRAIWAN_Extended/dn fold 2: config 7 (lr=0.0001, dropout=0.5) epoca 6: train_loss=0.4048 val_loss=0.5745 val_BA=0.500 mejor_epoca=6
2026-09-26 18:00:17,995 INFO FRAIWAN_Extended/dn fold 2: config 7 (lr=0.0001, dropout=0.5) epoca 7: train_loss=0.3343 val_loss=0.5513 val_BA=0.500 mejor_epoca=7
2026-09-26 18:00:18,078 INFO FRAIWAN_Extended/dn fold 2: config 7 (lr=0.0001, dropout=0.5) epoca 8: train_loss=0.3057 val_loss=0.5350 val_BA=0.500 mejor_epoca=8
2026-09-26 18:00:18,162 INFO FRAIWAN_Extended/dn fold 2: config 7 (lr=0.0001, dropout=0.5) epoca 9: train_loss=0.2951 val_loss=0.5224 val_BA=0.500 mejor_epoca=9
2026-09-26 18:00:18,246 INFO FRAIWAN_Extended/dn fold 2: config 7 (lr=0.0001, dropout=0.5) epoca 10: train_loss=0.2571 val_loss=0.5578 val_BA=0.500 mejor_epoca=9
2026-09-26 18:00:18,831 INFO FRAIWAN_Extended/dn fold 2: config 7 (lr=0.0001, dropout=0.5) epoca 17: train_loss=0.1372 val_loss=1.5165 val_BA=0.583 mejor_epoca=17
2026-09-26 18:00:19,088 INFO FRAIWAN_Extended/dn fold 2: config 7 (lr=0.0001, dropout=0.5) epoca 20: train_loss=0.1186 val_loss=2.0013 val_BA=0.083 mejor_epoca=17
2026-09-26 18:00:19,932 INFO FRAIWAN_Extended/dn fold 2: config 7 (lr=0.0001, dropout=0.5) epoca 30: train_loss=0.0886 val_loss=0.8321 val_BA=0.250 mejor_epoca=17
2026-09-26 18:00:20,116 INFO FRAIWAN_Extended/dn fold 2 config 7: OK val_BA=0.583 mejor_epoca=17 (0.0 min)
2026-09-26 18:00:20,216 INFO FRAIWAN_Extended/dn fold 2: config 8 (lr=0.0003, dropout=0.3) epoca 1: train_loss=0.6868 val_loss=0.7046 val_BA=0.500 mejor_epoca=1
2026-09-26 18:00:20,300 INFO FRAIWAN_Extended/dn fold 2: config 8 (lr=0.0003, dropout=0.3) epoca 2: train_loss=0.5743 val_loss=0.6513 val_BA=0.500 mejor_epoca=2
2026-09-26 18:00:20,383 INFO FRAIWAN_Extended/dn fold 2: config 8 (lr=0.0003, dropout=0.3) epoca 3: train_loss=0.4582 val_loss=0.5744 val_BA=0.500 mejor_epoca=3
2026-09-26 18:00:20,467 INFO FRAIWAN_Extended/dn fold 2: config 8 (lr=0.0003, dropout=0.3) epoca 4: train_loss=0.4052 val_loss=0.4919 val_BA=0.500 mejor_epoca=4
2026-09-26 18:00:20,550 INFO FRAIWAN_Extended/dn fold 2: config 8 (lr=0.0003, dropout=0.3) epoca 5: train_loss=0.3428 val_loss=0.4326 val_BA=0.500 mejor_epoca=5
2026-09-26 18:00:20,643 INFO FRAIWAN_Extended/dn fold 2: config 8 (lr=0.0003, dropout=0.3) epoca 6: train_loss=0.3121 val_loss=0.4131 val_BA=0.500 mejor_epoca=6
2026-09-26 18:00:20,728 INFO FRAIWAN_Extended/dn fold 2: config 8 (lr=0.0003, dropout=0.3) epoca 7: train_loss=0.2506 val_loss=0.3739 val_BA=0.500 mejor_epoca=7
2026-09-26 18:00:20,981 INFO FRAIWAN_Extended/dn fold 2: config 8 (lr=0.0003, dropout=0.3) epoca 10: train_loss=0.1936 val_loss=0.4287 val_BA=0.500 mejor_epoca=7
2026-09-26 18:00:21,818 INFO FRAIWAN_Extended/dn fold 2: config 8 (lr=0.0003, dropout=0.3) epoca 20: train_loss=0.0671 val_loss=0.6945 val_BA=0.333 mejor_epoca=7
2026-09-26 18:00:22,003 INFO FRAIWAN_Extended/dn fold 2 config 8: OK val_BA=0.500 mejor_epoca=7 (0.0 min)
2026-09-26 18:00:22,104 INFO FRAIWAN_Extended/dn fold 2: config 9 (lr=0.0003, dropout=0.4) epoca 1: train_loss=0.6481 val_loss=0.6126 val_BA=0.500 mejor_epoca=1
2026-09-26 18:00:22,189 INFO FRAIWAN_Extended/dn fold 2: config 9 (lr=0.0003, dropout=0.4) epoca 2: train_loss=0.5282 val_loss=0.4541 val_BA=0.500 mejor_epoca=2
2026-09-26 18:00:22,274 INFO FRAIWAN_Extended/dn fold 2: config 9 (lr=0.0003, dropout=0.4) epoca 3: train_loss=0.4480 val_loss=0.3875 val_BA=0.500 mejor_epoca=3
2026-09-26 18:00:22,359 INFO FRAIWAN_Extended/dn fold 2: config 9 (lr=0.0003, dropout=0.4) epoca 4: train_loss=0.4248 val_loss=0.3751 val_BA=0.500 mejor_epoca=4
2026-09-26 18:00:22,884 INFO FRAIWAN_Extended/dn fold 2: config 9 (lr=0.0003, dropout=0.4) epoca 10: train_loss=0.1585 val_loss=0.5184 val_BA=0.500 mejor_epoca=4
2026-09-26 18:00:22,970 INFO FRAIWAN_Extended/dn fold 2: config 9 (lr=0.0003, dropout=0.4) epoca 11: train_loss=0.1449 val_loss=4.9951 val_BA=0.583 mejor_epoca=11
2026-09-26 18:00:23,740 INFO FRAIWAN_Extended/dn fold 2: config 9 (lr=0.0003, dropout=0.4) epoca 20: train_loss=0.0502 val_loss=1.6118 val_BA=0.167 mejor_epoca=11
2026-09-26 18:00:24,272 INFO FRAIWAN_Extended/dn fold 2 config 9: OK val_BA=0.583 mejor_epoca=11 (0.0 min)
2026-09-26 18:00:24,384 INFO FRAIWAN_Extended/dn fold 2: config 10 (lr=0.0003, dropout=0.4) epoca 1: train_loss=0.6377 val_loss=0.5505 val_BA=0.500 mejor_epoca=1
2026-09-26 18:00:24,478 INFO FRAIWAN_Extended/dn fold 2: config 10 (lr=0.0003, dropout=0.4) epoca 2: train_loss=0.4647 val_loss=0.4321 val_BA=0.500 mejor_epoca=2
2026-09-26 18:00:24,857 INFO FRAIWAN_Extended/dn fold 2: config 10 (lr=0.0003, dropout=0.4) epoca 6: train_loss=0.2120 val_loss=3.0606 val_BA=0.583 mejor_epoca=6
2026-09-26 18:00:25,231 INFO FRAIWAN_Extended/dn fold 2: config 10 (lr=0.0003, dropout=0.4) epoca 10: train_loss=0.0727 val_loss=1.8822 val_BA=0.083 mejor_epoca=6
2026-09-26 18:00:25,886 INFO FRAIWAN_Extended/dn fold 2: config 10 (lr=0.0003, dropout=0.4) epoca 17: train_loss=0.0709 val_loss=2.9304 val_BA=0.583 mejor_epoca=17
2026-09-26 18:00:26,171 INFO FRAIWAN_Extended/dn fold 2: config 10 (lr=0.0003, dropout=0.4) epoca 20: train_loss=0.0405 val_loss=0.4259 val_BA=0.500 mejor_epoca=17
2026-09-26 18:00:27,126 INFO FRAIWAN_Extended/dn fold 2: config 10 (lr=0.0003, dropout=0.4) epoca 30: train_loss=0.0167 val_loss=3.9258 val_BA=0.583 mejor_epoca=17
2026-09-26 18:00:27,332 INFO FRAIWAN_Extended/dn fold 2 config 10: OK val_BA=0.583 mejor_epoca=17 (0.1 min)
2026-09-26 18:00:27,432 INFO FRAIWAN_Extended/dn fold 2: config 11 (lr=0.0003, dropout=0.5) epoca 1: train_loss=0.7470 val_loss=0.7151 val_BA=0.500 mejor_epoca=1
2026-09-26 18:00:27,848 INFO FRAIWAN_Extended/dn fold 2: config 11 (lr=0.0003, dropout=0.5) epoca 6: train_loss=0.3343 val_loss=0.6496 val_BA=0.500 mejor_epoca=6
2026-09-26 18:00:27,931 INFO FRAIWAN_Extended/dn fold 2: config 11 (lr=0.0003, dropout=0.5) epoca 7: train_loss=0.2502 val_loss=0.5814 val_BA=0.500 mejor_epoca=7
2026-09-26 18:00:28,181 INFO FRAIWAN_Extended/dn fold 2: config 11 (lr=0.0003, dropout=0.5) epoca 10: train_loss=0.1832 val_loss=0.5669 val_BA=0.500 mejor_epoca=10
2026-09-26 18:00:28,429 INFO FRAIWAN_Extended/dn fold 2: config 11 (lr=0.0003, dropout=0.5) epoca 13: train_loss=0.1310 val_loss=0.5037 val_BA=0.500 mejor_epoca=13
2026-09-26 18:00:28,677 INFO FRAIWAN_Extended/dn fold 2: config 11 (lr=0.0003, dropout=0.5) epoca 16: train_loss=0.0974 val_loss=0.3917 val_BA=0.500 mejor_epoca=16
2026-09-26 18:00:29,007 INFO FRAIWAN_Extended/dn fold 2: config 11 (lr=0.0003, dropout=0.5) epoca 20: train_loss=0.0794 val_loss=1.5446 val_BA=0.250 mejor_epoca=16
2026-09-26 18:00:29,339 INFO FRAIWAN_Extended/dn fold 2: config 11 (lr=0.0003, dropout=0.5) epoca 24: train_loss=0.0806 val_loss=0.3589 val_BA=0.500 mejor_epoca=24
2026-09-26 18:00:29,505 INFO FRAIWAN_Extended/dn fold 2: config 11 (lr=0.0003, dropout=0.5) epoca 26: train_loss=0.1113 val_loss=5.8732 val_BA=0.583 mejor_epoca=26
2026-09-26 18:00:29,753 INFO FRAIWAN_Extended/dn fold 2: config 11 (lr=0.0003, dropout=0.5) epoca 29: train_loss=0.0549 val_loss=4.0545 val_BA=0.583 mejor_epoca=29
2026-09-26 18:00:29,836 INFO FRAIWAN_Extended/dn fold 2: config 11 (lr=0.0003, dropout=0.5) epoca 30: train_loss=0.1020 val_loss=1.4093 val_BA=0.167 mejor_epoca=29
2026-09-26 18:00:30,172 INFO FRAIWAN_Extended/dn fold 2: config 11 (lr=0.0003, dropout=0.5) epoca 34: train_loss=0.0546 val_loss=4.0422 val_BA=0.583 mejor_epoca=34
2026-09-26 18:00:30,682 INFO FRAIWAN_Extended/dn fold 2: config 11 (lr=0.0003, dropout=0.5) epoca 40: train_loss=0.0431 val_loss=1.7115 val_BA=0.083 mejor_epoca=34
2026-09-26 18:00:31,451 INFO FRAIWAN_Extended/dn fold 2 config 11: OK val_BA=0.583 mejor_epoca=34 (0.1 min)
2026-09-26 18:00:31,555 INFO FRAIWAN_Extended/dn fold 2: config 12 (lr=0.0003, dropout=0.5) epoca 1: train_loss=0.6961 val_loss=0.6164 val_BA=0.500 mejor_epoca=1
2026-09-26 18:00:31,644 INFO FRAIWAN_Extended/dn fold 2: config 12 (lr=0.0003, dropout=0.5) epoca 2: train_loss=0.5991 val_loss=0.5000 val_BA=0.500 mejor_epoca=2
2026-09-26 18:00:31,732 INFO FRAIWAN_Extended/dn fold 2: config 12 (lr=0.0003, dropout=0.5) epoca 3: train_loss=0.5203 val_loss=0.4290 val_BA=0.500 mejor_epoca=3
2026-09-26 18:00:31,820 INFO FRAIWAN_Extended/dn fold 2: config 12 (lr=0.0003, dropout=0.5) epoca 4: train_loss=0.4408 val_loss=0.3923 val_BA=0.500 mejor_epoca=4
2026-09-26 18:00:32,340 INFO FRAIWAN_Extended/dn fold 2: config 12 (lr=0.0003, dropout=0.5) epoca 10: train_loss=0.1250 val_loss=4.1867 val_BA=0.583 mejor_epoca=10
2026-09-26 18:00:33,206 INFO FRAIWAN_Extended/dn fold 2: config 12 (lr=0.0003, dropout=0.5) epoca 20: train_loss=0.0575 val_loss=0.4157 val_BA=0.500 mejor_epoca=10
2026-09-26 18:00:33,654 INFO FRAIWAN_Extended/dn fold 2 config 12: OK val_BA=0.583 mejor_epoca=10 (0.0 min)
2026-09-26 18:00:33,766 INFO FRAIWAN_Extended/dn fold 2: config 13 (lr=0.001, dropout=0.2) epoca 1: train_loss=0.6444 val_loss=0.4419 val_BA=0.500 mejor_epoca=1
2026-09-26 18:00:33,862 INFO FRAIWAN_Extended/dn fold 2: config 13 (lr=0.001, dropout=0.2) epoca 2: train_loss=0.5972 val_loss=0.3580 val_BA=0.500 mejor_epoca=2
2026-09-26 18:00:34,067 INFO FRAIWAN_Extended/dn fold 2: config 13 (lr=0.001, dropout=0.2) epoca 4: train_loss=0.4777 val_loss=4.5075 val_BA=0.583 mejor_epoca=4
2026-09-26 18:00:34,637 INFO FRAIWAN_Extended/dn fold 2: config 13 (lr=0.001, dropout=0.2) epoca 10: train_loss=0.2720 val_loss=0.4964 val_BA=0.500 mejor_epoca=4
2026-09-26 18:00:34,733 INFO FRAIWAN_Extended/dn fold 2: config 13 (lr=0.001, dropout=0.2) epoca 11: train_loss=0.1467 val_loss=3.7088 val_BA=0.583 mejor_epoca=11
2026-09-26 18:00:35,591 INFO FRAIWAN_Extended/dn fold 2: config 13 (lr=0.001, dropout=0.2) epoca 20: train_loss=0.1161 val_loss=0.5941 val_BA=0.500 mejor_epoca=11
2026-09-26 18:00:36,174 INFO FRAIWAN_Extended/dn fold 2 config 13: OK val_BA=0.583 mejor_epoca=11 (0.0 min)
2026-09-26 18:00:36,274 INFO FRAIWAN_Extended/dn fold 2: config 14 (lr=0.001, dropout=0.3) epoca 1: train_loss=0.6736 val_loss=0.6960 val_BA=0.500 mejor_epoca=1
2026-09-26 18:00:36,357 INFO FRAIWAN_Extended/dn fold 2: config 14 (lr=0.001, dropout=0.3) epoca 2: train_loss=0.6133 val_loss=0.6328 val_BA=0.500 mejor_epoca=2
2026-09-26 18:00:36,441 INFO FRAIWAN_Extended/dn fold 2: config 14 (lr=0.001, dropout=0.3) epoca 3: train_loss=0.5149 val_loss=0.5999 val_BA=0.500 mejor_epoca=3
2026-09-26 18:00:37,021 INFO FRAIWAN_Extended/dn fold 2: config 14 (lr=0.001, dropout=0.3) epoca 10: train_loss=0.1840 val_loss=2.8432 val_BA=0.083 mejor_epoca=3
2026-09-26 18:00:37,519 INFO FRAIWAN_Extended/dn fold 2: config 14 (lr=0.001, dropout=0.3) epoca 16: train_loss=0.0828 val_loss=5.8703 val_BA=0.583 mejor_epoca=16
2026-09-26 18:00:37,864 INFO FRAIWAN_Extended/dn fold 2: config 14 (lr=0.001, dropout=0.3) epoca 20: train_loss=0.0751 val_loss=1.2710 val_BA=0.083 mejor_epoca=16
2026-09-26 18:00:38,697 INFO FRAIWAN_Extended/dn fold 2: config 14 (lr=0.001, dropout=0.3) epoca 30: train_loss=0.0297 val_loss=0.7437 val_BA=0.500 mejor_epoca=16
2026-09-26 18:00:38,798 INFO FRAIWAN_Extended/dn fold 2 config 14: OK val_BA=0.583 mejor_epoca=16 (0.0 min)
2026-09-26 18:00:38,900 INFO FRAIWAN_Extended/dn fold 2: config 15 (lr=0.001, dropout=0.3) epoca 1: train_loss=0.6766 val_loss=0.5982 val_BA=0.500 mejor_epoca=1
2026-09-26 18:00:38,986 INFO FRAIWAN_Extended/dn fold 2: config 15 (lr=0.001, dropout=0.3) epoca 2: train_loss=0.5917 val_loss=0.3689 val_BA=0.500 mejor_epoca=2
2026-09-26 18:00:39,667 INFO FRAIWAN_Extended/dn fold 2: config 15 (lr=0.001, dropout=0.3) epoca 10: train_loss=0.1574 val_loss=8.0842 val_BA=0.583 mejor_epoca=10
2026-09-26 18:00:39,922 INFO FRAIWAN_Extended/dn fold 2: config 15 (lr=0.001, dropout=0.3) epoca 13: train_loss=0.1263 val_loss=4.7457 val_BA=0.583 mejor_epoca=13
2026-09-26 18:00:40,433 INFO FRAIWAN_Extended/dn fold 2: config 15 (lr=0.001, dropout=0.3) epoca 19: train_loss=0.0435 val_loss=2.7843 val_BA=0.583 mejor_epoca=19
2026-09-26 18:00:40,518 INFO FRAIWAN_Extended/dn fold 2: config 15 (lr=0.001, dropout=0.3) epoca 20: train_loss=0.0403 val_loss=1.7993 val_BA=0.167 mejor_epoca=19
2026-09-26 18:00:41,376 INFO FRAIWAN_Extended/dn fold 2: config 15 (lr=0.001, dropout=0.3) epoca 30: train_loss=0.0102 val_loss=4.4479 val_BA=0.083 mejor_epoca=19
2026-09-26 18:00:41,738 INFO FRAIWAN_Extended/dn fold 2 config 15: OK val_BA=0.583 mejor_epoca=19 (0.0 min)
2026-09-26 18:00:41,849 INFO FRAIWAN_Extended/dn fold 2: config 16 (lr=0.001, dropout=0.4) epoca 1: train_loss=0.7546 val_loss=0.6678 val_BA=0.500 mejor_epoca=1
2026-09-26 18:00:41,943 INFO FRAIWAN_Extended/dn fold 2: config 16 (lr=0.001, dropout=0.4) epoca 2: train_loss=0.6104 val_loss=0.6374 val_BA=0.833 mejor_epoca=2
2026-09-26 18:00:42,707 INFO FRAIWAN_Extended/dn fold 2: config 16 (lr=0.001, dropout=0.4) epoca 10: train_loss=0.1359 val_loss=1.8067 val_BA=0.167 mejor_epoca=2
2026-09-26 18:00:43,649 INFO FRAIWAN_Extended/dn fold 2: config 16 (lr=0.001, dropout=0.4) epoca 20: train_loss=0.0305 val_loss=0.6525 val_BA=0.500 mejor_epoca=2
2026-09-26 18:00:43,667 INFO FRAIWAN_Extended/dn fold 2 config 16: OK val_BA=0.833 mejor_epoca=2 (0.0 min)
2026-09-26 18:00:43,768 INFO FRAIWAN_Extended/dn fold 2: config 17 (lr=0.001, dropout=0.5) epoca 1: train_loss=0.7229 val_loss=0.6916 val_BA=0.417 mejor_epoca=1
2026-09-26 18:00:43,854 INFO FRAIWAN_Extended/dn fold 2: config 17 (lr=0.001, dropout=0.5) epoca 2: train_loss=0.6444 val_loss=0.9276 val_BA=0.500 mejor_epoca=2
2026-09-26 18:00:44,024 INFO FRAIWAN_Extended/dn fold 2: config 17 (lr=0.001, dropout=0.5) epoca 4: train_loss=0.5591 val_loss=0.4568 val_BA=1.000 mejor_epoca=4
2026-09-26 18:00:44,538 INFO FRAIWAN_Extended/dn fold 2: config 17 (lr=0.001, dropout=0.5) epoca 10: train_loss=0.2276 val_loss=0.6646 val_BA=0.500 mejor_epoca=4
2026-09-26 18:00:45,391 INFO FRAIWAN_Extended/dn fold 2: config 17 (lr=0.001, dropout=0.5) epoca 20: train_loss=0.0552 val_loss=1.4474 val_BA=0.083 mejor_epoca=4
2026-09-26 18:00:45,408 INFO FRAIWAN_Extended/dn fold 2 config 17: OK val_BA=1.000 mejor_epoca=4 (0.0 min)
2026-09-26 18:00:45,508 INFO FRAIWAN_Extended/dn fold 2: config 18 (lr=0.001, dropout=0.5) epoca 1: train_loss=0.6964 val_loss=0.6494 val_BA=0.500 mejor_epoca=1
2026-09-26 18:00:45,591 INFO FRAIWAN_Extended/dn fold 2: config 18 (lr=0.001, dropout=0.5) epoca 2: train_loss=0.6434 val_loss=0.6428 val_BA=0.500 mejor_epoca=2
2026-09-26 18:00:45,675 INFO FRAIWAN_Extended/dn fold 2: config 18 (lr=0.001, dropout=0.5) epoca 3: train_loss=0.6405 val_loss=0.5524 val_BA=0.500 mejor_epoca=3
2026-09-26 18:00:45,758 INFO FRAIWAN_Extended/dn fold 2: config 18 (lr=0.001, dropout=0.5) epoca 4: train_loss=0.5464 val_loss=0.4002 val_BA=0.500 mejor_epoca=4
2026-09-26 18:00:46,090 INFO FRAIWAN_Extended/dn fold 2: config 18 (lr=0.001, dropout=0.5) epoca 8: train_loss=0.3388 val_loss=1.0675 val_BA=0.667 mejor_epoca=8
2026-09-26 18:00:46,259 INFO FRAIWAN_Extended/dn fold 2: config 18 (lr=0.001, dropout=0.5) epoca 10: train_loss=0.2298 val_loss=1.7317 val_BA=0.667 mejor_epoca=8
2026-09-26 18:00:47,123 INFO FRAIWAN_Extended/dn fold 2: config 18 (lr=0.001, dropout=0.5) epoca 20: train_loss=0.0592 val_loss=0.3390 val_BA=0.500 mejor_epoca=8
2026-09-26 18:00:47,403 INFO FRAIWAN_Extended/dn fold 2 config 18: OK val_BA=0.667 mejor_epoca=8 (0.0 min)
2026-09-26 18:00:47,506 INFO FRAIWAN_Extended/dn fold 2: config 19 (lr=0.001, dropout=0.5) epoca 1: train_loss=0.6691 val_loss=0.7058 val_BA=0.500 mejor_epoca=1
2026-09-26 18:00:48,182 INFO FRAIWAN_Extended/dn fold 2: config 19 (lr=0.001, dropout=0.5) epoca 9: train_loss=0.2891 val_loss=0.5688 val_BA=0.500 mejor_epoca=9
2026-09-26 18:00:48,269 INFO FRAIWAN_Extended/dn fold 2: config 19 (lr=0.001, dropout=0.5) epoca 10: train_loss=0.2954 val_loss=1.7024 val_BA=0.500 mejor_epoca=9
2026-09-26 18:00:48,612 INFO FRAIWAN_Extended/dn fold 2: config 19 (lr=0.001, dropout=0.5) epoca 14: train_loss=0.1532 val_loss=1.5977 val_BA=0.583 mejor_epoca=14
2026-09-26 18:00:48,697 INFO FRAIWAN_Extended/dn fold 2: config 19 (lr=0.001, dropout=0.5) epoca 15: train_loss=0.1567 val_loss=1.1259 val_BA=0.583 mejor_epoca=15
2026-09-26 18:00:49,116 INFO FRAIWAN_Extended/dn fold 2: config 19 (lr=0.001, dropout=0.5) epoca 20: train_loss=0.0668 val_loss=1.8411 val_BA=0.083 mejor_epoca=15
2026-09-26 18:00:49,972 INFO FRAIWAN_Extended/dn fold 2: config 19 (lr=0.001, dropout=0.5) epoca 30: train_loss=0.0303 val_loss=1.9542 val_BA=0.167 mejor_epoca=15
2026-09-26 18:00:49,993 INFO FRAIWAN_Extended/dn fold 2 config 19: OK val_BA=0.583 mejor_epoca=15 (0.0 min)
2026-09-26 18:00:50,231 INFO log-mel FRAIWAN_Extended/cv/fold_03/dn: 187/187
2026-09-26 18:00:50,400 INFO FRAIWAN_Extended/dn fold 3: log-mel dn listo en 0.4 s, forma (187, 1, 64, 309)
2026-09-26 18:00:50,405 INFO FRAIWAN_Extended/dn fold 3: 27/7 pacientes train/validation, 20 de 20 configuracion(es) por evaluar
2026-09-26 18:00:50,519 INFO FRAIWAN_Extended/dn fold 3: config 0 (lr=0.0001, dropout=0.3) epoca 1: train_loss=0.7991 val_loss=0.6331 val_BA=0.500 mejor_epoca=1
2026-09-26 18:00:50,615 INFO FRAIWAN_Extended/dn fold 3: config 0 (lr=0.0001, dropout=0.3) epoca 2: train_loss=0.5727 val_loss=0.4813 val_BA=0.500 mejor_epoca=2
2026-09-26 18:00:50,711 INFO FRAIWAN_Extended/dn fold 3: config 0 (lr=0.0001, dropout=0.3) epoca 3: train_loss=0.5318 val_loss=0.3667 val_BA=0.500 mejor_epoca=3
2026-09-26 18:00:50,901 INFO FRAIWAN_Extended/dn fold 3: config 0 (lr=0.0001, dropout=0.3) epoca 5: train_loss=0.4396 val_loss=0.2885 val_BA=0.500 mejor_epoca=5
2026-09-26 18:00:51,100 INFO FRAIWAN_Extended/dn fold 3: config 0 (lr=0.0001, dropout=0.3) epoca 7: train_loss=0.2562 val_loss=1.0112 val_BA=0.833 mejor_epoca=7
2026-09-26 18:00:51,199 INFO FRAIWAN_Extended/dn fold 3: config 0 (lr=0.0001, dropout=0.3) epoca 8: train_loss=0.2282 val_loss=0.5223 val_BA=0.917 mejor_epoca=8
2026-09-26 18:00:51,401 INFO FRAIWAN_Extended/dn fold 3: config 0 (lr=0.0001, dropout=0.3) epoca 10: train_loss=0.1387 val_loss=0.3437 val_BA=0.500 mejor_epoca=8
2026-09-26 18:00:52,387 INFO FRAIWAN_Extended/dn fold 3: config 0 (lr=0.0001, dropout=0.3) epoca 20: train_loss=0.0627 val_loss=0.6305 val_BA=0.750 mejor_epoca=8
2026-09-26 18:00:52,703 INFO FRAIWAN_Extended/dn fold 3 config 0: OK val_BA=0.917 mejor_epoca=8 (0.0 min)
2026-09-26 18:00:52,809 INFO FRAIWAN_Extended/dn fold 3: config 1 (lr=0.0001, dropout=0.3) epoca 1: train_loss=0.7313 val_loss=0.7093 val_BA=0.500 mejor_epoca=1
2026-09-26 18:00:53,242 INFO FRAIWAN_Extended/dn fold 3: config 1 (lr=0.0001, dropout=0.3) epoca 6: train_loss=0.3548 val_loss=0.6820 val_BA=0.500 mejor_epoca=6
2026-09-26 18:00:53,328 INFO FRAIWAN_Extended/dn fold 3: config 1 (lr=0.0001, dropout=0.3) epoca 7: train_loss=0.3096 val_loss=0.6372 val_BA=0.500 mejor_epoca=7
2026-09-26 18:00:53,413 INFO FRAIWAN_Extended/dn fold 3: config 1 (lr=0.0001, dropout=0.3) epoca 8: train_loss=0.2723 val_loss=0.5999 val_BA=0.500 mejor_epoca=8
2026-09-26 18:00:53,499 INFO FRAIWAN_Extended/dn fold 3: config 1 (lr=0.0001, dropout=0.3) epoca 9: train_loss=0.2427 val_loss=0.5417 val_BA=0.500 mejor_epoca=9
2026-09-26 18:00:53,584 INFO FRAIWAN_Extended/dn fold 3: config 1 (lr=0.0001, dropout=0.3) epoca 10: train_loss=0.2217 val_loss=0.5229 val_BA=0.500 mejor_epoca=10
2026-09-26 18:00:53,669 INFO FRAIWAN_Extended/dn fold 3: config 1 (lr=0.0001, dropout=0.3) epoca 11: train_loss=0.1910 val_loss=0.4823 val_BA=0.500 mejor_epoca=11
2026-09-26 18:00:53,754 INFO FRAIWAN_Extended/dn fold 3: config 1 (lr=0.0001, dropout=0.3) epoca 12: train_loss=0.1868 val_loss=0.4753 val_BA=0.500 mejor_epoca=12
2026-09-26 18:00:53,838 INFO FRAIWAN_Extended/dn fold 3: config 1 (lr=0.0001, dropout=0.3) epoca 13: train_loss=0.1626 val_loss=0.6854 val_BA=0.833 mejor_epoca=13
2026-09-26 18:00:53,925 INFO FRAIWAN_Extended/dn fold 3: config 1 (lr=0.0001, dropout=0.3) epoca 14: train_loss=0.1599 val_loss=0.5554 val_BA=0.917 mejor_epoca=14
2026-09-26 18:00:54,436 INFO FRAIWAN_Extended/dn fold 3: config 1 (lr=0.0001, dropout=0.3) epoca 20: train_loss=0.1221 val_loss=0.7346 val_BA=0.917 mejor_epoca=14
2026-09-26 18:00:55,200 INFO FRAIWAN_Extended/dn fold 3: config 1 (lr=0.0001, dropout=0.3) epoca 29: train_loss=0.1080 val_loss=0.3886 val_BA=0.917 mejor_epoca=29
2026-09-26 18:00:55,285 INFO FRAIWAN_Extended/dn fold 3: config 1 (lr=0.0001, dropout=0.3) epoca 30: train_loss=0.1022 val_loss=1.0905 val_BA=0.667 mejor_epoca=29
2026-09-26 18:00:56,133 INFO FRAIWAN_Extended/dn fold 3: config 1 (lr=0.0001, dropout=0.3) epoca 40: train_loss=0.0914 val_loss=1.8135 val_BA=0.500 mejor_epoca=29
2026-09-26 18:00:56,491 INFO FRAIWAN_Extended/dn fold 3 config 1: OK val_BA=0.917 mejor_epoca=29 (0.1 min)
2026-09-26 18:00:56,595 INFO FRAIWAN_Extended/dn fold 3: config 2 (lr=0.0001, dropout=0.4) epoca 1: train_loss=0.6411 val_loss=0.6642 val_BA=0.500 mejor_epoca=1
2026-09-26 18:00:56,683 INFO FRAIWAN_Extended/dn fold 3: config 2 (lr=0.0001, dropout=0.4) epoca 2: train_loss=0.5197 val_loss=0.6448 val_BA=0.500 mejor_epoca=2
2026-09-26 18:00:56,770 INFO FRAIWAN_Extended/dn fold 3: config 2 (lr=0.0001, dropout=0.4) epoca 3: train_loss=0.4617 val_loss=0.6350 val_BA=0.500 mejor_epoca=3
2026-09-26 18:00:56,858 INFO FRAIWAN_Extended/dn fold 3: config 2 (lr=0.0001, dropout=0.4) epoca 4: train_loss=0.3923 val_loss=0.6010 val_BA=0.500 mejor_epoca=4
2026-09-26 18:00:56,945 INFO FRAIWAN_Extended/dn fold 3: config 2 (lr=0.0001, dropout=0.4) epoca 5: train_loss=0.3901 val_loss=0.5449 val_BA=0.500 mejor_epoca=5
2026-09-26 18:00:57,032 INFO FRAIWAN_Extended/dn fold 3: config 2 (lr=0.0001, dropout=0.4) epoca 6: train_loss=0.3380 val_loss=0.4914 val_BA=0.500 mejor_epoca=6
2026-09-26 18:00:57,119 INFO FRAIWAN_Extended/dn fold 3: config 2 (lr=0.0001, dropout=0.4) epoca 7: train_loss=0.2980 val_loss=0.4393 val_BA=0.500 mejor_epoca=7
2026-09-26 18:00:57,206 INFO FRAIWAN_Extended/dn fold 3: config 2 (lr=0.0001, dropout=0.4) epoca 8: train_loss=0.2572 val_loss=0.5336 val_BA=0.917 mejor_epoca=8
2026-09-26 18:00:57,381 INFO FRAIWAN_Extended/dn fold 3: config 2 (lr=0.0001, dropout=0.4) epoca 10: train_loss=0.1936 val_loss=0.4939 val_BA=0.500 mejor_epoca=8
2026-09-26 18:00:58,253 INFO FRAIWAN_Extended/dn fold 3: config 2 (lr=0.0001, dropout=0.4) epoca 20: train_loss=0.0986 val_loss=1.4076 val_BA=0.583 mejor_epoca=8
2026-09-26 18:00:58,531 INFO FRAIWAN_Extended/dn fold 3 config 2: OK val_BA=0.917 mejor_epoca=8 (0.0 min)
2026-09-26 18:00:58,643 INFO FRAIWAN_Extended/dn fold 3: config 3 (lr=0.0001, dropout=0.4) epoca 1: train_loss=0.6665 val_loss=0.6640 val_BA=0.500 mejor_epoca=1
2026-09-26 18:00:58,740 INFO FRAIWAN_Extended/dn fold 3: config 3 (lr=0.0001, dropout=0.4) epoca 2: train_loss=0.5753 val_loss=0.5551 val_BA=0.500 mejor_epoca=2
2026-09-26 18:00:58,837 INFO FRAIWAN_Extended/dn fold 3: config 3 (lr=0.0001, dropout=0.4) epoca 3: train_loss=0.4801 val_loss=0.4133 val_BA=0.500 mejor_epoca=3
2026-09-26 18:00:58,933 INFO FRAIWAN_Extended/dn fold 3: config 3 (lr=0.0001, dropout=0.4) epoca 4: train_loss=0.3976 val_loss=0.3423 val_BA=0.500 mejor_epoca=4
2026-09-26 18:00:59,123 INFO FRAIWAN_Extended/dn fold 3: config 3 (lr=0.0001, dropout=0.4) epoca 6: train_loss=0.3312 val_loss=0.4540 val_BA=0.917 mejor_epoca=6
2026-09-26 18:00:59,503 INFO FRAIWAN_Extended/dn fold 3: config 3 (lr=0.0001, dropout=0.4) epoca 10: train_loss=0.1560 val_loss=0.5418 val_BA=0.833 mejor_epoca=6
2026-09-26 18:00:59,598 INFO FRAIWAN_Extended/dn fold 3: config 3 (lr=0.0001, dropout=0.4) epoca 11: train_loss=0.1739 val_loss=0.4041 val_BA=0.917 mejor_epoca=11
2026-09-26 18:00:59,984 INFO FRAIWAN_Extended/dn fold 3: config 3 (lr=0.0001, dropout=0.4) epoca 15: train_loss=0.0907 val_loss=0.3651 val_BA=1.000 mejor_epoca=15
2026-09-26 18:01:00,462 INFO FRAIWAN_Extended/dn fold 3: config 3 (lr=0.0001, dropout=0.4) epoca 20: train_loss=0.0736 val_loss=1.1208 val_BA=0.750 mejor_epoca=15
2026-09-26 18:01:00,651 INFO FRAIWAN_Extended/dn fold 3: config 3 (lr=0.0001, dropout=0.4) epoca 22: train_loss=0.1407 val_loss=0.3111 val_BA=1.000 mejor_epoca=22
2026-09-26 18:01:01,411 INFO FRAIWAN_Extended/dn fold 3: config 3 (lr=0.0001, dropout=0.4) epoca 30: train_loss=0.0435 val_loss=0.3117 val_BA=1.000 mejor_epoca=22
2026-09-26 18:01:02,090 INFO FRAIWAN_Extended/dn fold 3 config 3: OK val_BA=1.000 mejor_epoca=22 (0.1 min)
2026-09-26 18:01:02,194 INFO FRAIWAN_Extended/dn fold 3: config 4 (lr=0.0001, dropout=0.4) epoca 1: train_loss=0.7337 val_loss=0.7539 val_BA=0.500 mejor_epoca=1
2026-09-26 18:01:02,283 INFO FRAIWAN_Extended/dn fold 3: config 4 (lr=0.0001, dropout=0.4) epoca 2: train_loss=0.5891 val_loss=0.7515 val_BA=0.500 mejor_epoca=2
2026-09-26 18:01:02,372 INFO FRAIWAN_Extended/dn fold 3: config 4 (lr=0.0001, dropout=0.4) epoca 3: train_loss=0.4806 val_loss=0.7110 val_BA=0.500 mejor_epoca=3
2026-09-26 18:01:02,460 INFO FRAIWAN_Extended/dn fold 3: config 4 (lr=0.0001, dropout=0.4) epoca 4: train_loss=0.4437 val_loss=0.6185 val_BA=0.500 mejor_epoca=4
2026-09-26 18:01:02,550 INFO FRAIWAN_Extended/dn fold 3: config 4 (lr=0.0001, dropout=0.4) epoca 5: train_loss=0.3942 val_loss=0.5230 val_BA=0.500 mejor_epoca=5
2026-09-26 18:01:02,639 INFO FRAIWAN_Extended/dn fold 3: config 4 (lr=0.0001, dropout=0.4) epoca 6: train_loss=0.3546 val_loss=0.4426 val_BA=0.500 mejor_epoca=6
2026-09-26 18:01:02,728 INFO FRAIWAN_Extended/dn fold 3: config 4 (lr=0.0001, dropout=0.4) epoca 7: train_loss=0.2998 val_loss=0.4185 val_BA=0.500 mejor_epoca=7
2026-09-26 18:01:02,816 INFO FRAIWAN_Extended/dn fold 3: config 4 (lr=0.0001, dropout=0.4) epoca 8: train_loss=0.2321 val_loss=0.4535 val_BA=1.000 mejor_epoca=8
2026-09-26 18:01:02,903 INFO FRAIWAN_Extended/dn fold 3: config 4 (lr=0.0001, dropout=0.4) epoca 9: train_loss=0.2929 val_loss=0.4169 val_BA=1.000 mejor_epoca=9
2026-09-26 18:01:02,990 INFO FRAIWAN_Extended/dn fold 3: config 4 (lr=0.0001, dropout=0.4) epoca 10: train_loss=0.1911 val_loss=0.9186 val_BA=0.583 mejor_epoca=9
2026-09-26 18:01:03,511 INFO FRAIWAN_Extended/dn fold 3: config 4 (lr=0.0001, dropout=0.4) epoca 16: train_loss=0.1187 val_loss=0.3328 val_BA=1.000 mejor_epoca=16
2026-09-26 18:01:03,859 INFO FRAIWAN_Extended/dn fold 3: config 4 (lr=0.0001, dropout=0.4) epoca 20: train_loss=0.0946 val_loss=0.5755 val_BA=0.833 mejor_epoca=16
2026-09-26 18:01:04,212 INFO FRAIWAN_Extended/dn fold 3: config 4 (lr=0.0001, dropout=0.4) epoca 24: train_loss=0.0806 val_loss=0.2709 val_BA=1.000 mejor_epoca=24
2026-09-26 18:01:04,734 INFO FRAIWAN_Extended/dn fold 3: config 4 (lr=0.0001, dropout=0.4) epoca 30: train_loss=0.0677 val_loss=0.4825 val_BA=0.917 mejor_epoca=24
2026-09-26 18:01:05,534 INFO FRAIWAN_Extended/dn fold 3 config 4: OK val_BA=1.000 mejor_epoca=24 (0.1 min)
2026-09-26 18:01:05,635 INFO FRAIWAN_Extended/dn fold 3: config 5 (lr=0.0001, dropout=0.4) epoca 1: train_loss=0.6972 val_loss=0.6678 val_BA=0.500 mejor_epoca=1
2026-09-26 18:01:05,720 INFO FRAIWAN_Extended/dn fold 3: config 5 (lr=0.0001, dropout=0.4) epoca 2: train_loss=0.5459 val_loss=0.6650 val_BA=0.500 mejor_epoca=2
2026-09-26 18:01:05,804 INFO FRAIWAN_Extended/dn fold 3: config 5 (lr=0.0001, dropout=0.4) epoca 3: train_loss=0.4334 val_loss=0.6573 val_BA=0.500 mejor_epoca=3
2026-09-26 18:01:05,889 INFO FRAIWAN_Extended/dn fold 3: config 5 (lr=0.0001, dropout=0.4) epoca 4: train_loss=0.4192 val_loss=0.6373 val_BA=0.500 mejor_epoca=4
2026-09-26 18:01:05,974 INFO FRAIWAN_Extended/dn fold 3: config 5 (lr=0.0001, dropout=0.4) epoca 5: train_loss=0.3701 val_loss=0.6038 val_BA=0.500 mejor_epoca=5
2026-09-26 18:01:06,059 INFO FRAIWAN_Extended/dn fold 3: config 5 (lr=0.0001, dropout=0.4) epoca 6: train_loss=0.3262 val_loss=0.5511 val_BA=0.500 mejor_epoca=6
2026-09-26 18:01:06,144 INFO FRAIWAN_Extended/dn fold 3: config 5 (lr=0.0001, dropout=0.4) epoca 7: train_loss=0.2871 val_loss=0.5038 val_BA=0.500 mejor_epoca=7
2026-09-26 18:01:06,229 INFO FRAIWAN_Extended/dn fold 3: config 5 (lr=0.0001, dropout=0.4) epoca 8: train_loss=0.2789 val_loss=0.4611 val_BA=0.500 mejor_epoca=8
2026-09-26 18:01:06,314 INFO FRAIWAN_Extended/dn fold 3: config 5 (lr=0.0001, dropout=0.4) epoca 9: train_loss=0.2279 val_loss=0.4123 val_BA=0.500 mejor_epoca=9
2026-09-26 18:01:06,398 INFO FRAIWAN_Extended/dn fold 3: config 5 (lr=0.0001, dropout=0.4) epoca 10: train_loss=0.2053 val_loss=0.3911 val_BA=0.500 mejor_epoca=10
2026-09-26 18:01:06,654 INFO FRAIWAN_Extended/dn fold 3: config 5 (lr=0.0001, dropout=0.4) epoca 13: train_loss=0.1646 val_loss=0.3896 val_BA=0.500 mejor_epoca=13
2026-09-26 18:01:06,823 INFO FRAIWAN_Extended/dn fold 3: config 5 (lr=0.0001, dropout=0.4) epoca 15: train_loss=0.1251 val_loss=0.6250 val_BA=0.917 mejor_epoca=15
2026-09-26 18:01:06,994 INFO FRAIWAN_Extended/dn fold 3: config 5 (lr=0.0001, dropout=0.4) epoca 17: train_loss=0.1101 val_loss=0.6016 val_BA=0.917 mejor_epoca=17
2026-09-26 18:01:07,162 INFO FRAIWAN_Extended/dn fold 3: config 5 (lr=0.0001, dropout=0.4) epoca 19: train_loss=0.0969 val_loss=0.5970 val_BA=0.917 mejor_epoca=19
2026-09-26 18:01:07,246 INFO FRAIWAN_Extended/dn fold 3: config 5 (lr=0.0001, dropout=0.4) epoca 20: train_loss=0.1025 val_loss=1.2314 val_BA=0.667 mejor_epoca=19
2026-09-26 18:01:07,331 INFO FRAIWAN_Extended/dn fold 3: config 5 (lr=0.0001, dropout=0.4) epoca 21: train_loss=0.0916 val_loss=0.4128 val_BA=0.917 mejor_epoca=21
2026-09-26 18:01:07,585 INFO FRAIWAN_Extended/dn fold 3: config 5 (lr=0.0001, dropout=0.4) epoca 24: train_loss=0.0765 val_loss=0.2839 val_BA=1.000 mejor_epoca=24
2026-09-26 18:01:08,095 INFO FRAIWAN_Extended/dn fold 3: config 5 (lr=0.0001, dropout=0.4) epoca 30: train_loss=0.0687 val_loss=0.7675 val_BA=0.333 mejor_epoca=24
2026-09-26 18:01:08,873 INFO FRAIWAN_Extended/dn fold 3 config 5: OK val_BA=1.000 mejor_epoca=24 (0.1 min)
2026-09-26 18:01:08,985 INFO FRAIWAN_Extended/dn fold 3: config 6 (lr=0.0001, dropout=0.5) epoca 1: train_loss=0.6069 val_loss=0.6230 val_BA=0.500 mejor_epoca=1
2026-09-26 18:01:09,079 INFO FRAIWAN_Extended/dn fold 3: config 6 (lr=0.0001, dropout=0.5) epoca 2: train_loss=0.5180 val_loss=0.5398 val_BA=0.500 mejor_epoca=2
2026-09-26 18:01:09,173 INFO FRAIWAN_Extended/dn fold 3: config 6 (lr=0.0001, dropout=0.5) epoca 3: train_loss=0.4645 val_loss=0.4811 val_BA=0.500 mejor_epoca=3
2026-09-26 18:01:09,361 INFO FRAIWAN_Extended/dn fold 3: config 6 (lr=0.0001, dropout=0.5) epoca 5: train_loss=0.3397 val_loss=0.4240 val_BA=0.917 mejor_epoca=5
2026-09-26 18:01:09,833 INFO FRAIWAN_Extended/dn fold 3: config 6 (lr=0.0001, dropout=0.5) epoca 10: train_loss=0.1724 val_loss=0.5258 val_BA=0.917 mejor_epoca=5
2026-09-26 18:01:10,774 INFO FRAIWAN_Extended/dn fold 3: config 6 (lr=0.0001, dropout=0.5) epoca 20: train_loss=0.1041 val_loss=0.8767 val_BA=0.750 mejor_epoca=5
2026-09-26 18:01:10,791 INFO FRAIWAN_Extended/dn fold 3 config 6: OK val_BA=0.917 mejor_epoca=5 (0.0 min)
2026-09-26 18:01:10,892 INFO FRAIWAN_Extended/dn fold 3: config 7 (lr=0.0001, dropout=0.5) epoca 1: train_loss=0.6655 val_loss=0.6737 val_BA=0.500 mejor_epoca=1
2026-09-26 18:01:10,975 INFO FRAIWAN_Extended/dn fold 3: config 7 (lr=0.0001, dropout=0.5) epoca 2: train_loss=0.5538 val_loss=0.6359 val_BA=0.500 mejor_epoca=2
2026-09-26 18:01:11,060 INFO FRAIWAN_Extended/dn fold 3: config 7 (lr=0.0001, dropout=0.5) epoca 3: train_loss=0.4783 val_loss=0.6093 val_BA=0.500 mejor_epoca=3
2026-09-26 18:01:11,145 INFO FRAIWAN_Extended/dn fold 3: config 7 (lr=0.0001, dropout=0.5) epoca 4: train_loss=0.4387 val_loss=0.5865 val_BA=0.500 mejor_epoca=4
2026-09-26 18:01:11,230 INFO FRAIWAN_Extended/dn fold 3: config 7 (lr=0.0001, dropout=0.5) epoca 5: train_loss=0.3760 val_loss=0.5589 val_BA=0.500 mejor_epoca=5
2026-09-26 18:01:11,316 INFO FRAIWAN_Extended/dn fold 3: config 7 (lr=0.0001, dropout=0.5) epoca 6: train_loss=0.3338 val_loss=0.5327 val_BA=0.500 mejor_epoca=6
2026-09-26 18:01:11,402 INFO FRAIWAN_Extended/dn fold 3: config 7 (lr=0.0001, dropout=0.5) epoca 7: train_loss=0.3269 val_loss=0.5118 val_BA=0.500 mejor_epoca=7
2026-09-26 18:01:11,487 INFO FRAIWAN_Extended/dn fold 3: config 7 (lr=0.0001, dropout=0.5) epoca 8: train_loss=0.2771 val_loss=0.4898 val_BA=0.500 mejor_epoca=8
2026-09-26 18:01:11,571 INFO FRAIWAN_Extended/dn fold 3: config 7 (lr=0.0001, dropout=0.5) epoca 9: train_loss=0.2533 val_loss=0.4722 val_BA=0.500 mejor_epoca=9
2026-09-26 18:01:11,656 INFO FRAIWAN_Extended/dn fold 3: config 7 (lr=0.0001, dropout=0.5) epoca 10: train_loss=0.2221 val_loss=0.4719 val_BA=0.500 mejor_epoca=10
2026-09-26 18:01:11,741 INFO FRAIWAN_Extended/dn fold 3: config 7 (lr=0.0001, dropout=0.5) epoca 11: train_loss=0.1919 val_loss=0.4652 val_BA=0.500 mejor_epoca=11
2026-09-26 18:01:11,825 INFO FRAIWAN_Extended/dn fold 3: config 7 (lr=0.0001, dropout=0.5) epoca 12: train_loss=0.1941 val_loss=0.4487 val_BA=0.500 mejor_epoca=12
2026-09-26 18:01:11,911 INFO FRAIWAN_Extended/dn fold 3: config 7 (lr=0.0001, dropout=0.5) epoca 13: train_loss=0.1642 val_loss=0.5420 val_BA=0.917 mejor_epoca=13
2026-09-26 18:01:12,249 INFO FRAIWAN_Extended/dn fold 3: config 7 (lr=0.0001, dropout=0.5) epoca 17: train_loss=0.1150 val_loss=0.4776 val_BA=0.917 mejor_epoca=17
2026-09-26 18:01:12,499 INFO FRAIWAN_Extended/dn fold 3: config 7 (lr=0.0001, dropout=0.5) epoca 20: train_loss=0.1089 val_loss=1.1894 val_BA=0.667 mejor_epoca=17
2026-09-26 18:01:13,337 INFO FRAIWAN_Extended/dn fold 3: config 7 (lr=0.0001, dropout=0.5) epoca 30: train_loss=0.0878 val_loss=2.3514 val_BA=0.500 mejor_epoca=17
2026-09-26 18:01:13,421 INFO FRAIWAN_Extended/dn fold 3: config 7 (lr=0.0001, dropout=0.5) epoca 31: train_loss=0.0848 val_loss=0.3877 val_BA=1.000 mejor_epoca=31
2026-09-26 18:01:14,173 INFO FRAIWAN_Extended/dn fold 3: config 7 (lr=0.0001, dropout=0.5) epoca 40: train_loss=0.0727 val_loss=1.0165 val_BA=0.750 mejor_epoca=31
2026-09-26 18:01:14,696 INFO FRAIWAN_Extended/dn fold 3 config 7: OK val_BA=1.000 mejor_epoca=31 (0.1 min)
2026-09-26 18:01:14,796 INFO FRAIWAN_Extended/dn fold 3: config 8 (lr=0.0003, dropout=0.3) epoca 1: train_loss=0.6819 val_loss=0.6857 val_BA=0.500 mejor_epoca=1
2026-09-26 18:01:14,880 INFO FRAIWAN_Extended/dn fold 3: config 8 (lr=0.0003, dropout=0.3) epoca 2: train_loss=0.5116 val_loss=0.6315 val_BA=0.500 mejor_epoca=2
2026-09-26 18:01:14,964 INFO FRAIWAN_Extended/dn fold 3: config 8 (lr=0.0003, dropout=0.3) epoca 3: train_loss=0.4486 val_loss=0.5676 val_BA=0.500 mejor_epoca=3
2026-09-26 18:01:15,049 INFO FRAIWAN_Extended/dn fold 3: config 8 (lr=0.0003, dropout=0.3) epoca 4: train_loss=0.4459 val_loss=0.5178 val_BA=0.500 mejor_epoca=4
2026-09-26 18:01:15,132 INFO FRAIWAN_Extended/dn fold 3: config 8 (lr=0.0003, dropout=0.3) epoca 5: train_loss=0.3870 val_loss=0.4696 val_BA=0.500 mejor_epoca=5
2026-09-26 18:01:15,216 INFO FRAIWAN_Extended/dn fold 3: config 8 (lr=0.0003, dropout=0.3) epoca 6: train_loss=0.2866 val_loss=0.4174 val_BA=0.500 mejor_epoca=6
2026-09-26 18:01:15,300 INFO FRAIWAN_Extended/dn fold 3: config 8 (lr=0.0003, dropout=0.3) epoca 7: train_loss=0.2649 val_loss=0.3863 val_BA=0.500 mejor_epoca=7
2026-09-26 18:01:15,385 INFO FRAIWAN_Extended/dn fold 3: config 8 (lr=0.0003, dropout=0.3) epoca 8: train_loss=0.1895 val_loss=0.3791 val_BA=0.500 mejor_epoca=8
2026-09-26 18:01:15,469 INFO FRAIWAN_Extended/dn fold 3: config 8 (lr=0.0003, dropout=0.3) epoca 9: train_loss=0.1753 val_loss=0.3547 val_BA=0.500 mejor_epoca=9
2026-09-26 18:01:15,552 INFO FRAIWAN_Extended/dn fold 3: config 8 (lr=0.0003, dropout=0.3) epoca 10: train_loss=0.1363 val_loss=0.3692 val_BA=0.500 mejor_epoca=9
2026-09-26 18:01:15,636 INFO FRAIWAN_Extended/dn fold 3: config 8 (lr=0.0003, dropout=0.3) epoca 11: train_loss=0.1362 val_loss=0.3402 val_BA=0.500 mejor_epoca=11
2026-09-26 18:01:15,720 INFO FRAIWAN_Extended/dn fold 3: config 8 (lr=0.0003, dropout=0.3) epoca 12: train_loss=0.1051 val_loss=0.3391 val_BA=0.500 mejor_epoca=12
2026-09-26 18:01:15,804 INFO FRAIWAN_Extended/dn fold 3: config 8 (lr=0.0003, dropout=0.3) epoca 13: train_loss=0.0988 val_loss=0.5037 val_BA=0.917 mejor_epoca=13
2026-09-26 18:01:16,139 INFO FRAIWAN_Extended/dn fold 3: config 8 (lr=0.0003, dropout=0.3) epoca 17: train_loss=0.0697 val_loss=0.5005 val_BA=0.917 mejor_epoca=17
2026-09-26 18:01:16,390 INFO FRAIWAN_Extended/dn fold 3: config 8 (lr=0.0003, dropout=0.3) epoca 20: train_loss=0.0740 val_loss=0.4675 val_BA=0.417 mejor_epoca=17
2026-09-26 18:01:16,811 INFO FRAIWAN_Extended/dn fold 3: config 8 (lr=0.0003, dropout=0.3) epoca 25: train_loss=0.0489 val_loss=0.3912 val_BA=0.917 mejor_epoca=25
2026-09-26 18:01:17,230 INFO FRAIWAN_Extended/dn fold 3: config 8 (lr=0.0003, dropout=0.3) epoca 30: train_loss=0.0371 val_loss=0.3195 val_BA=1.000 mejor_epoca=30
2026-09-26 18:01:17,649 INFO FRAIWAN_Extended/dn fold 3: config 8 (lr=0.0003, dropout=0.3) epoca 35: train_loss=0.0314 val_loss=0.2845 val_BA=1.000 mejor_epoca=35
2026-09-26 18:01:18,073 INFO FRAIWAN_Extended/dn fold 3: config 8 (lr=0.0003, dropout=0.3) epoca 40: train_loss=0.0272 val_loss=1.3133 val_BA=0.500 mejor_epoca=35
2026-09-26 18:01:18,912 INFO FRAIWAN_Extended/dn fold 3: config 8 (lr=0.0003, dropout=0.3) epoca 50: train_loss=0.0253 val_loss=0.4496 val_BA=0.417 mejor_epoca=35
2026-09-26 18:01:18,930 INFO FRAIWAN_Extended/dn fold 3 config 8: OK val_BA=1.000 mejor_epoca=35 (0.1 min)
2026-09-26 18:01:19,034 INFO FRAIWAN_Extended/dn fold 3: config 9 (lr=0.0003, dropout=0.4) epoca 1: train_loss=0.7671 val_loss=0.7301 val_BA=0.500 mejor_epoca=1
2026-09-26 18:01:19,120 INFO FRAIWAN_Extended/dn fold 3: config 9 (lr=0.0003, dropout=0.4) epoca 2: train_loss=0.6492 val_loss=0.7168 val_BA=0.500 mejor_epoca=2
2026-09-26 18:01:19,207 INFO FRAIWAN_Extended/dn fold 3: config 9 (lr=0.0003, dropout=0.4) epoca 3: train_loss=0.6004 val_loss=0.6787 val_BA=0.500 mejor_epoca=3
2026-09-26 18:01:19,293 INFO FRAIWAN_Extended/dn fold 3: config 9 (lr=0.0003, dropout=0.4) epoca 4: train_loss=0.4686 val_loss=0.6841 val_BA=0.750 mejor_epoca=4
2026-09-26 18:01:19,721 INFO FRAIWAN_Extended/dn fold 3: config 9 (lr=0.0003, dropout=0.4) epoca 9: train_loss=0.2144 val_loss=0.4675 val_BA=1.000 mejor_epoca=9
2026-09-26 18:01:19,807 INFO FRAIWAN_Extended/dn fold 3: config 9 (lr=0.0003, dropout=0.4) epoca 10: train_loss=0.1754 val_loss=0.4036 val_BA=0.500 mejor_epoca=9
2026-09-26 18:01:20,669 INFO FRAIWAN_Extended/dn fold 3: config 9 (lr=0.0003, dropout=0.4) epoca 20: train_loss=0.0865 val_loss=0.8179 val_BA=0.333 mejor_epoca=9
2026-09-26 18:01:20,926 INFO FRAIWAN_Extended/dn fold 3: config 9 (lr=0.0003, dropout=0.4) epoca 23: train_loss=0.0682 val_loss=0.4282 val_BA=1.000 mejor_epoca=23
2026-09-26 18:01:21,535 INFO FRAIWAN_Extended/dn fold 3: config 9 (lr=0.0003, dropout=0.4) epoca 30: train_loss=0.0518 val_loss=4.7706 val_BA=0.500 mejor_epoca=23
2026-09-26 18:01:22,243 INFO FRAIWAN_Extended/dn fold 3 config 9: OK val_BA=1.000 mejor_epoca=23 (0.1 min)
2026-09-26 18:01:22,354 INFO FRAIWAN_Extended/dn fold 3: config 10 (lr=0.0003, dropout=0.4) epoca 1: train_loss=0.7215 val_loss=0.6628 val_BA=0.500 mejor_epoca=1
2026-09-26 18:01:22,448 INFO FRAIWAN_Extended/dn fold 3: config 10 (lr=0.0003, dropout=0.4) epoca 2: train_loss=0.5815 val_loss=0.6024 val_BA=0.500 mejor_epoca=2
2026-09-26 18:01:22,542 INFO FRAIWAN_Extended/dn fold 3: config 10 (lr=0.0003, dropout=0.4) epoca 3: train_loss=0.5283 val_loss=0.6199 val_BA=0.917 mejor_epoca=3
2026-09-26 18:01:22,730 INFO FRAIWAN_Extended/dn fold 3: config 10 (lr=0.0003, dropout=0.4) epoca 5: train_loss=0.4500 val_loss=0.3157 val_BA=1.000 mejor_epoca=5
2026-09-26 18:01:23,197 INFO FRAIWAN_Extended/dn fold 3: config 10 (lr=0.0003, dropout=0.4) epoca 10: train_loss=0.2142 val_loss=0.3243 val_BA=0.500 mejor_epoca=5
2026-09-26 18:01:24,132 INFO FRAIWAN_Extended/dn fold 3: config 10 (lr=0.0003, dropout=0.4) epoca 20: train_loss=0.0408 val_loss=0.3541 val_BA=0.500 mejor_epoca=5
2026-09-26 18:01:24,149 INFO FRAIWAN_Extended/dn fold 3 config 10: OK val_BA=1.000 mejor_epoca=5 (0.0 min)
2026-09-26 18:01:24,249 INFO FRAIWAN_Extended/dn fold 3: config 11 (lr=0.0003, dropout=0.5) epoca 1: train_loss=0.6489 val_loss=0.6674 val_BA=0.500 mejor_epoca=1
2026-09-26 18:01:24,332 INFO FRAIWAN_Extended/dn fold 3: config 11 (lr=0.0003, dropout=0.5) epoca 2: train_loss=0.5852 val_loss=0.6142 val_BA=0.500 mejor_epoca=2
2026-09-26 18:01:24,416 INFO FRAIWAN_Extended/dn fold 3: config 11 (lr=0.0003, dropout=0.5) epoca 3: train_loss=0.5346 val_loss=0.5565 val_BA=0.500 mejor_epoca=3
2026-09-26 18:01:24,500 INFO FRAIWAN_Extended/dn fold 3: config 11 (lr=0.0003, dropout=0.5) epoca 4: train_loss=0.4659 val_loss=0.5007 val_BA=0.500 mejor_epoca=4
2026-09-26 18:01:24,584 INFO FRAIWAN_Extended/dn fold 3: config 11 (lr=0.0003, dropout=0.5) epoca 5: train_loss=0.4088 val_loss=0.4392 val_BA=0.500 mejor_epoca=5
2026-09-26 18:01:24,668 INFO FRAIWAN_Extended/dn fold 3: config 11 (lr=0.0003, dropout=0.5) epoca 6: train_loss=0.3547 val_loss=0.3905 val_BA=0.500 mejor_epoca=6
2026-09-26 18:01:24,751 INFO FRAIWAN_Extended/dn fold 3: config 11 (lr=0.0003, dropout=0.5) epoca 7: train_loss=0.3141 val_loss=0.3852 val_BA=0.500 mejor_epoca=7
2026-09-26 18:01:24,835 INFO FRAIWAN_Extended/dn fold 3: config 11 (lr=0.0003, dropout=0.5) epoca 8: train_loss=0.2817 val_loss=0.3646 val_BA=0.500 mejor_epoca=8
2026-09-26 18:01:25,003 INFO FRAIWAN_Extended/dn fold 3: config 11 (lr=0.0003, dropout=0.5) epoca 10: train_loss=0.2572 val_loss=0.3381 val_BA=0.500 mejor_epoca=10
2026-09-26 18:01:25,090 INFO FRAIWAN_Extended/dn fold 3: config 11 (lr=0.0003, dropout=0.5) epoca 11: train_loss=0.1926 val_loss=0.2908 val_BA=0.500 mejor_epoca=11
2026-09-26 18:01:25,595 INFO FRAIWAN_Extended/dn fold 3: config 11 (lr=0.0003, dropout=0.5) epoca 17: train_loss=0.0983 val_loss=0.8043 val_BA=0.750 mejor_epoca=17
2026-09-26 18:01:25,763 INFO FRAIWAN_Extended/dn fold 3: config 11 (lr=0.0003, dropout=0.5) epoca 19: train_loss=0.0858 val_loss=0.6999 val_BA=0.833 mejor_epoca=19
2026-09-26 18:01:25,848 INFO FRAIWAN_Extended/dn fold 3: config 11 (lr=0.0003, dropout=0.5) epoca 20: train_loss=0.0776 val_loss=0.6293 val_BA=0.333 mejor_epoca=19
2026-09-26 18:01:25,931 INFO FRAIWAN_Extended/dn fold 3: config 11 (lr=0.0003, dropout=0.5) epoca 21: train_loss=0.0811 val_loss=0.7211 val_BA=0.917 mejor_epoca=21
2026-09-26 18:01:26,436 INFO FRAIWAN_Extended/dn fold 3: config 11 (lr=0.0003, dropout=0.5) epoca 27: train_loss=0.0589 val_loss=0.5682 val_BA=0.917 mejor_epoca=27
2026-09-26 18:01:26,604 INFO FRAIWAN_Extended/dn fold 3: config 11 (lr=0.0003, dropout=0.5) epoca 29: train_loss=0.0545 val_loss=0.3849 val_BA=0.917 mejor_epoca=29
2026-09-26 18:01:26,688 INFO FRAIWAN_Extended/dn fold 3: config 11 (lr=0.0003, dropout=0.5) epoca 30: train_loss=0.0510 val_loss=1.9397 val_BA=0.583 mejor_epoca=29
2026-09-26 18:01:27,276 INFO FRAIWAN_Extended/dn fold 3: config 11 (lr=0.0003, dropout=0.5) epoca 37: train_loss=0.0395 val_loss=0.1775 val_BA=1.000 mejor_epoca=37
2026-09-26 18:01:27,528 INFO FRAIWAN_Extended/dn fold 3: config 11 (lr=0.0003, dropout=0.5) epoca 40: train_loss=0.0444 val_loss=0.3701 val_BA=0.500 mejor_epoca=37
2026-09-26 18:01:28,364 INFO FRAIWAN_Extended/dn fold 3: config 11 (lr=0.0003, dropout=0.5) epoca 50: train_loss=0.0293 val_loss=0.8265 val_BA=0.833 mejor_epoca=37
2026-09-26 18:01:28,549 INFO FRAIWAN_Extended/dn fold 3 config 11: OK val_BA=1.000 mejor_epoca=37 (0.1 min)
2026-09-26 18:01:28,659 INFO FRAIWAN_Extended/dn fold 3: config 12 (lr=0.0003, dropout=0.5) epoca 1: train_loss=0.6708 val_loss=0.6229 val_BA=0.500 mejor_epoca=1
2026-09-26 18:01:28,746 INFO FRAIWAN_Extended/dn fold 3: config 12 (lr=0.0003, dropout=0.5) epoca 2: train_loss=0.5333 val_loss=0.5072 val_BA=0.500 mejor_epoca=2
2026-09-26 18:01:28,832 INFO FRAIWAN_Extended/dn fold 3: config 12 (lr=0.0003, dropout=0.5) epoca 3: train_loss=0.4329 val_loss=0.4182 val_BA=0.500 mejor_epoca=3
2026-09-26 18:01:28,918 INFO FRAIWAN_Extended/dn fold 3: config 12 (lr=0.0003, dropout=0.5) epoca 4: train_loss=0.3823 val_loss=0.3720 val_BA=0.500 mejor_epoca=4
2026-09-26 18:01:29,177 INFO FRAIWAN_Extended/dn fold 3: config 12 (lr=0.0003, dropout=0.5) epoca 7: train_loss=0.1923 val_loss=0.3454 val_BA=0.500 mejor_epoca=7
2026-09-26 18:01:29,263 INFO FRAIWAN_Extended/dn fold 3: config 12 (lr=0.0003, dropout=0.5) epoca 8: train_loss=0.1938 val_loss=0.7876 val_BA=0.750 mejor_epoca=8
2026-09-26 18:01:29,435 INFO FRAIWAN_Extended/dn fold 3: config 12 (lr=0.0003, dropout=0.5) epoca 10: train_loss=0.1663 val_loss=0.5807 val_BA=0.833 mejor_epoca=10
2026-09-26 18:01:29,695 INFO FRAIWAN_Extended/dn fold 3: config 12 (lr=0.0003, dropout=0.5) epoca 13: train_loss=0.0960 val_loss=0.3291 val_BA=1.000 mejor_epoca=13
2026-09-26 18:01:30,211 INFO FRAIWAN_Extended/dn fold 3: config 12 (lr=0.0003, dropout=0.5) epoca 19: train_loss=0.0622 val_loss=0.2975 val_BA=1.000 mejor_epoca=19
2026-09-26 18:01:30,297 INFO FRAIWAN_Extended/dn fold 3: config 12 (lr=0.0003, dropout=0.5) epoca 20: train_loss=0.0535 val_loss=0.6402 val_BA=0.833 mejor_epoca=19
2026-09-26 18:01:30,811 INFO FRAIWAN_Extended/dn fold 3: config 12 (lr=0.0003, dropout=0.5) epoca 26: train_loss=0.0291 val_loss=0.1539 val_BA=1.000 mejor_epoca=26
2026-09-26 18:01:31,154 INFO FRAIWAN_Extended/dn fold 3: config 12 (lr=0.0003, dropout=0.5) epoca 30: train_loss=0.0260 val_loss=0.8682 val_BA=0.750 mejor_epoca=26
2026-09-26 18:01:31,240 INFO FRAIWAN_Extended/dn fold 3: config 12 (lr=0.0003, dropout=0.5) epoca 31: train_loss=0.0252 val_loss=0.1526 val_BA=1.000 mejor_epoca=31
2026-09-26 18:01:31,583 INFO FRAIWAN_Extended/dn fold 3: config 12 (lr=0.0003, dropout=0.5) epoca 35: train_loss=0.0204 val_loss=0.1520 val_BA=1.000 mejor_epoca=35
2026-09-26 18:01:32,016 INFO FRAIWAN_Extended/dn fold 3: config 12 (lr=0.0003, dropout=0.5) epoca 40: train_loss=0.0167 val_loss=0.6050 val_BA=0.750 mejor_epoca=35
2026-09-26 18:01:32,891 INFO FRAIWAN_Extended/dn fold 3: config 12 (lr=0.0003, dropout=0.5) epoca 50: train_loss=0.0116 val_loss=0.7009 val_BA=0.917 mejor_epoca=35
2026-09-26 18:01:32,909 INFO FRAIWAN_Extended/dn fold 3 config 12: OK val_BA=1.000 mejor_epoca=35 (0.1 min)
2026-09-26 18:01:33,021 INFO FRAIWAN_Extended/dn fold 3: config 13 (lr=0.001, dropout=0.2) epoca 1: train_loss=0.6477 val_loss=0.6533 val_BA=0.917 mejor_epoca=1
2026-09-26 18:01:33,209 INFO FRAIWAN_Extended/dn fold 3: config 13 (lr=0.001, dropout=0.2) epoca 3: train_loss=0.5234 val_loss=0.4499 val_BA=0.917 mejor_epoca=3
2026-09-26 18:01:33,397 INFO FRAIWAN_Extended/dn fold 3: config 13 (lr=0.001, dropout=0.2) epoca 5: train_loss=0.4255 val_loss=0.3536 val_BA=1.000 mejor_epoca=5
2026-09-26 18:01:33,863 INFO FRAIWAN_Extended/dn fold 3: config 13 (lr=0.001, dropout=0.2) epoca 10: train_loss=0.2528 val_loss=9.0575 val_BA=0.500 mejor_epoca=5
2026-09-26 18:01:34,793 INFO FRAIWAN_Extended/dn fold 3: config 13 (lr=0.001, dropout=0.2) epoca 20: train_loss=0.0860 val_loss=0.3996 val_BA=0.500 mejor_epoca=5
2026-09-26 18:01:34,810 INFO FRAIWAN_Extended/dn fold 3 config 13: OK val_BA=1.000 mejor_epoca=5 (0.0 min)
2026-09-26 18:01:34,910 INFO FRAIWAN_Extended/dn fold 3: config 14 (lr=0.001, dropout=0.3) epoca 1: train_loss=0.7016 val_loss=0.6733 val_BA=0.500 mejor_epoca=1
2026-09-26 18:01:34,993 INFO FRAIWAN_Extended/dn fold 3: config 14 (lr=0.001, dropout=0.3) epoca 2: train_loss=0.6015 val_loss=0.6638 val_BA=0.500 mejor_epoca=2
2026-09-26 18:01:35,077 INFO FRAIWAN_Extended/dn fold 3: config 14 (lr=0.001, dropout=0.3) epoca 3: train_loss=0.5954 val_loss=0.6377 val_BA=0.500 mejor_epoca=3
2026-09-26 18:01:35,245 INFO FRAIWAN_Extended/dn fold 3: config 14 (lr=0.001, dropout=0.3) epoca 5: train_loss=0.4719 val_loss=0.4932 val_BA=0.500 mejor_epoca=5
2026-09-26 18:01:35,329 INFO FRAIWAN_Extended/dn fold 3: config 14 (lr=0.001, dropout=0.3) epoca 6: train_loss=0.4355 val_loss=0.4690 val_BA=0.500 mejor_epoca=6
2026-09-26 18:01:35,414 INFO FRAIWAN_Extended/dn fold 3: config 14 (lr=0.001, dropout=0.3) epoca 7: train_loss=0.3629 val_loss=0.4668 val_BA=0.500 mejor_epoca=7
2026-09-26 18:01:35,498 INFO FRAIWAN_Extended/dn fold 3: config 14 (lr=0.001, dropout=0.3) epoca 8: train_loss=0.3148 val_loss=0.8268 val_BA=0.667 mejor_epoca=8
2026-09-26 18:01:35,666 INFO FRAIWAN_Extended/dn fold 3: config 14 (lr=0.001, dropout=0.3) epoca 10: train_loss=0.1846 val_loss=0.3405 val_BA=0.500 mejor_epoca=8
2026-09-26 18:01:36,430 INFO FRAIWAN_Extended/dn fold 3: config 14 (lr=0.001, dropout=0.3) epoca 19: train_loss=0.0651 val_loss=0.4192 val_BA=1.000 mejor_epoca=19
2026-09-26 18:01:36,514 INFO FRAIWAN_Extended/dn fold 3: config 14 (lr=0.001, dropout=0.3) epoca 20: train_loss=0.0527 val_loss=5.4117 val_BA=0.500 mejor_epoca=19
2026-09-26 18:01:36,765 INFO FRAIWAN_Extended/dn fold 3: config 14 (lr=0.001, dropout=0.3) epoca 23: train_loss=0.0397 val_loss=0.1563 val_BA=1.000 mejor_epoca=23
2026-09-26 18:01:37,354 INFO FRAIWAN_Extended/dn fold 3: config 14 (lr=0.001, dropout=0.3) epoca 30: train_loss=0.0300 val_loss=0.3842 val_BA=0.500 mejor_epoca=23
2026-09-26 18:01:38,040 INFO FRAIWAN_Extended/dn fold 3 config 14: OK val_BA=1.000 mejor_epoca=23 (0.1 min)
2026-09-26 18:01:38,143 INFO FRAIWAN_Extended/dn fold 3: config 15 (lr=0.001, dropout=0.3) epoca 1: train_loss=0.7125 val_loss=0.6432 val_BA=0.500 mejor_epoca=1
2026-09-26 18:01:38,229 INFO FRAIWAN_Extended/dn fold 3: config 15 (lr=0.001, dropout=0.3) epoca 2: train_loss=0.5717 val_loss=0.4222 val_BA=0.500 mejor_epoca=2
2026-09-26 18:01:38,400 INFO FRAIWAN_Extended/dn fold 3: config 15 (lr=0.001, dropout=0.3) epoca 4: train_loss=0.5262 val_loss=1.6095 val_BA=0.583 mejor_epoca=4
2026-09-26 18:01:38,485 INFO FRAIWAN_Extended/dn fold 3: config 15 (lr=0.001, dropout=0.3) epoca 5: train_loss=0.4421 val_loss=0.4450 val_BA=1.000 mejor_epoca=5
2026-09-26 18:01:38,913 INFO FRAIWAN_Extended/dn fold 3: config 15 (lr=0.001, dropout=0.3) epoca 10: train_loss=0.1740 val_loss=0.4905 val_BA=0.917 mejor_epoca=5
2026-09-26 18:01:39,779 INFO FRAIWAN_Extended/dn fold 3: config 15 (lr=0.001, dropout=0.3) epoca 20: train_loss=0.1064 val_loss=1.1938 val_BA=0.667 mejor_epoca=5
2026-09-26 18:01:39,796 INFO FRAIWAN_Extended/dn fold 3 config 15: OK val_BA=1.000 mejor_epoca=5 (0.0 min)
2026-09-26 18:01:39,908 INFO FRAIWAN_Extended/dn fold 3: config 16 (lr=0.001, dropout=0.4) epoca 1: train_loss=0.7498 val_loss=0.5302 val_BA=0.500 mejor_epoca=1
2026-09-26 18:01:40,095 INFO FRAIWAN_Extended/dn fold 3: config 16 (lr=0.001, dropout=0.4) epoca 3: train_loss=0.5677 val_loss=0.6557 val_BA=0.917 mejor_epoca=3
2026-09-26 18:01:40,657 INFO FRAIWAN_Extended/dn fold 3: config 16 (lr=0.001, dropout=0.4) epoca 9: train_loss=0.4448 val_loss=0.2533 val_BA=1.000 mejor_epoca=9
2026-09-26 18:01:40,750 INFO FRAIWAN_Extended/dn fold 3: config 16 (lr=0.001, dropout=0.4) epoca 10: train_loss=0.4390 val_loss=1.0020 val_BA=0.667 mejor_epoca=9
2026-09-26 18:01:41,683 INFO FRAIWAN_Extended/dn fold 3: config 16 (lr=0.001, dropout=0.4) epoca 20: train_loss=0.1663 val_loss=0.3585 val_BA=0.500 mejor_epoca=9
2026-09-26 18:01:41,776 INFO FRAIWAN_Extended/dn fold 3: config 16 (lr=0.001, dropout=0.4) epoca 21: train_loss=0.1297 val_loss=0.2397 val_BA=1.000 mejor_epoca=21
2026-09-26 18:01:42,615 INFO FRAIWAN_Extended/dn fold 3: config 16 (lr=0.001, dropout=0.4) epoca 30: train_loss=0.0954 val_loss=2.5703 val_BA=0.583 mejor_epoca=21
2026-09-26 18:01:43,207 INFO FRAIWAN_Extended/dn fold 3 config 16: OK val_BA=1.000 mejor_epoca=21 (0.1 min)
2026-09-26 18:01:43,310 INFO FRAIWAN_Extended/dn fold 3: config 17 (lr=0.001, dropout=0.5) epoca 1: train_loss=0.7270 val_loss=0.5802 val_BA=0.500 mejor_epoca=1
2026-09-26 18:01:43,396 INFO FRAIWAN_Extended/dn fold 3: config 17 (lr=0.001, dropout=0.5) epoca 2: train_loss=0.7784 val_loss=0.4654 val_BA=0.500 mejor_epoca=2
2026-09-26 18:01:43,482 INFO FRAIWAN_Extended/dn fold 3: config 17 (lr=0.001, dropout=0.5) epoca 3: train_loss=0.6257 val_loss=0.3900 val_BA=0.500 mejor_epoca=3
2026-09-26 18:01:43,568 INFO FRAIWAN_Extended/dn fold 3: config 17 (lr=0.001, dropout=0.5) epoca 4: train_loss=0.5787 val_loss=0.3674 val_BA=0.500 mejor_epoca=4
2026-09-26 18:01:43,655 INFO FRAIWAN_Extended/dn fold 3: config 17 (lr=0.001, dropout=0.5) epoca 5: train_loss=0.4873 val_loss=0.3519 val_BA=0.500 mejor_epoca=5
2026-09-26 18:01:43,912 INFO FRAIWAN_Extended/dn fold 3: config 17 (lr=0.001, dropout=0.5) epoca 8: train_loss=0.4060 val_loss=1.2209 val_BA=0.833 mejor_epoca=8
2026-09-26 18:01:43,998 INFO FRAIWAN_Extended/dn fold 3: config 17 (lr=0.001, dropout=0.5) epoca 9: train_loss=0.3711 val_loss=0.6976 val_BA=0.917 mejor_epoca=9
2026-09-26 18:01:44,084 INFO FRAIWAN_Extended/dn fold 3: config 17 (lr=0.001, dropout=0.5) epoca 10: train_loss=0.3402 val_loss=1.1012 val_BA=0.417 mejor_epoca=9
2026-09-26 18:01:44,256 INFO FRAIWAN_Extended/dn fold 3: config 17 (lr=0.001, dropout=0.5) epoca 12: train_loss=0.3054 val_loss=0.1458 val_BA=1.000 mejor_epoca=12
2026-09-26 18:01:44,943 INFO FRAIWAN_Extended/dn fold 3: config 17 (lr=0.001, dropout=0.5) epoca 20: train_loss=0.0646 val_loss=0.7001 val_BA=0.417 mejor_epoca=12
2026-09-26 18:01:45,562 INFO FRAIWAN_Extended/dn fold 3 config 17: OK val_BA=1.000 mejor_epoca=12 (0.0 min)
2026-09-26 18:01:45,662 INFO FRAIWAN_Extended/dn fold 3: config 18 (lr=0.001, dropout=0.5) epoca 1: train_loss=0.7269 val_loss=0.6421 val_BA=0.500 mejor_epoca=1
2026-09-26 18:01:45,745 INFO FRAIWAN_Extended/dn fold 3: config 18 (lr=0.001, dropout=0.5) epoca 2: train_loss=0.6133 val_loss=0.6241 val_BA=0.500 mejor_epoca=2
2026-09-26 18:01:45,829 INFO FRAIWAN_Extended/dn fold 3: config 18 (lr=0.001, dropout=0.5) epoca 3: train_loss=0.6127 val_loss=0.6233 val_BA=0.500 mejor_epoca=3
2026-09-26 18:01:45,912 INFO FRAIWAN_Extended/dn fold 3: config 18 (lr=0.001, dropout=0.5) epoca 4: train_loss=0.5092 val_loss=0.4720 val_BA=0.500 mejor_epoca=4
2026-09-26 18:01:45,996 INFO FRAIWAN_Extended/dn fold 3: config 18 (lr=0.001, dropout=0.5) epoca 5: train_loss=0.4831 val_loss=0.4187 val_BA=0.500 mejor_epoca=5
2026-09-26 18:01:46,080 INFO FRAIWAN_Extended/dn fold 3: config 18 (lr=0.001, dropout=0.5) epoca 6: train_loss=0.4413 val_loss=0.3636 val_BA=0.500 mejor_epoca=6
2026-09-26 18:01:46,247 INFO FRAIWAN_Extended/dn fold 3: config 18 (lr=0.001, dropout=0.5) epoca 8: train_loss=0.3594 val_loss=0.7317 val_BA=0.750 mejor_epoca=8
2026-09-26 18:01:46,330 INFO FRAIWAN_Extended/dn fold 3: config 18 (lr=0.001, dropout=0.5) epoca 9: train_loss=0.3627 val_loss=0.7312 val_BA=0.833 mejor_epoca=9
2026-09-26 18:01:46,414 INFO FRAIWAN_Extended/dn fold 3: config 18 (lr=0.001, dropout=0.5) epoca 10: train_loss=0.3105 val_loss=0.6593 val_BA=0.833 mejor_epoca=10
2026-09-26 18:01:46,752 INFO FRAIWAN_Extended/dn fold 3: config 18 (lr=0.001, dropout=0.5) epoca 14: train_loss=0.1438 val_loss=0.5418 val_BA=0.917 mejor_epoca=14
2026-09-26 18:01:47,013 INFO FRAIWAN_Extended/dn fold 3: config 18 (lr=0.001, dropout=0.5) epoca 17: train_loss=0.1050 val_loss=0.4107 val_BA=1.000 mejor_epoca=17
2026-09-26 18:01:47,265 INFO FRAIWAN_Extended/dn fold 3: config 18 (lr=0.001, dropout=0.5) epoca 20: train_loss=0.0682 val_loss=10.5605 val_BA=0.500 mejor_epoca=17
2026-09-26 18:01:47,771 INFO FRAIWAN_Extended/dn fold 3: config 18 (lr=0.001, dropout=0.5) epoca 26: train_loss=0.0365 val_loss=0.2858 val_BA=1.000 mejor_epoca=26
2026-09-26 18:01:48,106 INFO FRAIWAN_Extended/dn fold 3: config 18 (lr=0.001, dropout=0.5) epoca 30: train_loss=0.0320 val_loss=0.7075 val_BA=0.417 mejor_epoca=26
2026-09-26 18:01:48,943 INFO FRAIWAN_Extended/dn fold 3: config 18 (lr=0.001, dropout=0.5) epoca 40: train_loss=0.0137 val_loss=0.4804 val_BA=0.917 mejor_epoca=26
2026-09-26 18:01:49,043 INFO FRAIWAN_Extended/dn fold 3 config 18: OK val_BA=1.000 mejor_epoca=26 (0.1 min)
2026-09-26 18:01:49,143 INFO FRAIWAN_Extended/dn fold 3: config 19 (lr=0.001, dropout=0.5) epoca 1: train_loss=0.6846 val_loss=0.6445 val_BA=0.500 mejor_epoca=1
2026-09-26 18:01:49,227 INFO FRAIWAN_Extended/dn fold 3: config 19 (lr=0.001, dropout=0.5) epoca 2: train_loss=0.6907 val_loss=0.5213 val_BA=0.500 mejor_epoca=2
2026-09-26 18:01:49,310 INFO FRAIWAN_Extended/dn fold 3: config 19 (lr=0.001, dropout=0.5) epoca 3: train_loss=0.7458 val_loss=0.4906 val_BA=0.500 mejor_epoca=3
2026-09-26 18:01:49,478 INFO FRAIWAN_Extended/dn fold 3: config 19 (lr=0.001, dropout=0.5) epoca 5: train_loss=0.5480 val_loss=0.4302 val_BA=0.500 mejor_epoca=5
2026-09-26 18:01:49,562 INFO FRAIWAN_Extended/dn fold 3: config 19 (lr=0.001, dropout=0.5) epoca 6: train_loss=0.4826 val_loss=0.3524 val_BA=0.500 mejor_epoca=6
2026-09-26 18:01:49,645 INFO FRAIWAN_Extended/dn fold 3: config 19 (lr=0.001, dropout=0.5) epoca 7: train_loss=0.4288 val_loss=0.3088 val_BA=0.500 mejor_epoca=7
2026-09-26 18:01:49,812 INFO FRAIWAN_Extended/dn fold 3: config 19 (lr=0.001, dropout=0.5) epoca 9: train_loss=0.3295 val_loss=0.4215 val_BA=0.917 mejor_epoca=9
2026-09-26 18:01:49,896 INFO FRAIWAN_Extended/dn fold 3: config 19 (lr=0.001, dropout=0.5) epoca 10: train_loss=0.3039 val_loss=0.3569 val_BA=0.917 mejor_epoca=10
2026-09-26 18:01:49,979 INFO FRAIWAN_Extended/dn fold 3: config 19 (lr=0.001, dropout=0.5) epoca 11: train_loss=0.2381 val_loss=0.3537 val_BA=0.917 mejor_epoca=11
2026-09-26 18:01:50,145 INFO FRAIWAN_Extended/dn fold 3: config 19 (lr=0.001, dropout=0.5) epoca 13: train_loss=0.2294 val_loss=0.1247 val_BA=1.000 mejor_epoca=13
2026-09-26 18:01:50,744 INFO FRAIWAN_Extended/dn fold 3: config 19 (lr=0.001, dropout=0.5) epoca 20: train_loss=0.0644 val_loss=1.5708 val_BA=0.583 mejor_epoca=13
2026-09-26 18:01:51,432 INFO FRAIWAN_Extended/dn fold 3 config 19: OK val_BA=1.000 mejor_epoca=13 (0.0 min)
2026-09-26 18:01:51,667 INFO log-mel FRAIWAN_Extended/cv/fold_04/dn: 187/187
2026-09-26 18:01:51,843 INFO FRAIWAN_Extended/dn fold 4: log-mel dn listo en 0.4 s, forma (187, 1, 64, 309)
2026-09-26 18:01:51,847 INFO FRAIWAN_Extended/dn fold 4: 28/6 pacientes train/validation, 20 de 20 configuracion(es) por evaluar
2026-09-26 18:01:51,967 INFO FRAIWAN_Extended/dn fold 4: config 0 (lr=0.0001, dropout=0.3) epoca 1: train_loss=0.6834 val_loss=0.5901 val_BA=0.500 mejor_epoca=1
2026-09-26 18:01:52,067 INFO FRAIWAN_Extended/dn fold 4: config 0 (lr=0.0001, dropout=0.3) epoca 2: train_loss=0.5733 val_loss=0.4530 val_BA=0.500 mejor_epoca=2
2026-09-26 18:01:52,169 INFO FRAIWAN_Extended/dn fold 4: config 0 (lr=0.0001, dropout=0.3) epoca 3: train_loss=0.4749 val_loss=0.4081 val_BA=0.500 mejor_epoca=3
2026-09-26 18:01:52,270 INFO FRAIWAN_Extended/dn fold 4: config 0 (lr=0.0001, dropout=0.3) epoca 4: train_loss=0.4432 val_loss=0.4054 val_BA=0.500 mejor_epoca=4
2026-09-26 18:01:52,369 INFO FRAIWAN_Extended/dn fold 4: config 0 (lr=0.0001, dropout=0.3) epoca 5: train_loss=0.4497 val_loss=0.4844 val_BA=1.000 mejor_epoca=5
2026-09-26 18:01:52,867 INFO FRAIWAN_Extended/dn fold 4: config 0 (lr=0.0001, dropout=0.3) epoca 10: train_loss=0.2065 val_loss=0.4129 val_BA=0.900 mejor_epoca=5
2026-09-26 18:01:53,871 INFO FRAIWAN_Extended/dn fold 4: config 0 (lr=0.0001, dropout=0.3) epoca 20: train_loss=0.0817 val_loss=0.7530 val_BA=0.700 mejor_epoca=5
2026-09-26 18:01:53,888 INFO FRAIWAN_Extended/dn fold 4 config 0: OK val_BA=1.000 mejor_epoca=5 (0.0 min)
2026-09-26 18:01:53,993 INFO FRAIWAN_Extended/dn fold 4: config 1 (lr=0.0001, dropout=0.3) epoca 1: train_loss=0.7018 val_loss=0.6682 val_BA=0.500 mejor_epoca=1
2026-09-26 18:01:54,082 INFO FRAIWAN_Extended/dn fold 4: config 1 (lr=0.0001, dropout=0.3) epoca 2: train_loss=0.5630 val_loss=0.6619 val_BA=0.500 mejor_epoca=2
2026-09-26 18:01:54,173 INFO FRAIWAN_Extended/dn fold 4: config 1 (lr=0.0001, dropout=0.3) epoca 3: train_loss=0.4847 val_loss=0.6521 val_BA=0.500 mejor_epoca=3
2026-09-26 18:01:54,266 INFO FRAIWAN_Extended/dn fold 4: config 1 (lr=0.0001, dropout=0.3) epoca 4: train_loss=0.4236 val_loss=0.6373 val_BA=0.500 mejor_epoca=4
2026-09-26 18:01:54,359 INFO FRAIWAN_Extended/dn fold 4: config 1 (lr=0.0001, dropout=0.3) epoca 5: train_loss=0.4058 val_loss=0.6093 val_BA=0.500 mejor_epoca=5
2026-09-26 18:01:54,448 INFO FRAIWAN_Extended/dn fold 4: config 1 (lr=0.0001, dropout=0.3) epoca 6: train_loss=0.3350 val_loss=0.5719 val_BA=0.500 mejor_epoca=6
2026-09-26 18:01:54,537 INFO FRAIWAN_Extended/dn fold 4: config 1 (lr=0.0001, dropout=0.3) epoca 7: train_loss=0.3098 val_loss=0.5464 val_BA=0.500 mejor_epoca=7
2026-09-26 18:01:54,626 INFO FRAIWAN_Extended/dn fold 4: config 1 (lr=0.0001, dropout=0.3) epoca 8: train_loss=0.2687 val_loss=0.5248 val_BA=0.500 mejor_epoca=8
2026-09-26 18:01:54,715 INFO FRAIWAN_Extended/dn fold 4: config 1 (lr=0.0001, dropout=0.3) epoca 9: train_loss=0.2272 val_loss=0.5185 val_BA=0.500 mejor_epoca=9
2026-09-26 18:01:54,804 INFO FRAIWAN_Extended/dn fold 4: config 1 (lr=0.0001, dropout=0.3) epoca 10: train_loss=0.2053 val_loss=0.5138 val_BA=0.500 mejor_epoca=10
2026-09-26 18:01:54,982 INFO FRAIWAN_Extended/dn fold 4: config 1 (lr=0.0001, dropout=0.3) epoca 12: train_loss=0.1668 val_loss=0.5134 val_BA=0.500 mejor_epoca=12
2026-09-26 18:01:55,071 INFO FRAIWAN_Extended/dn fold 4: config 1 (lr=0.0001, dropout=0.3) epoca 13: train_loss=0.1519 val_loss=0.6533 val_BA=0.700 mejor_epoca=13
2026-09-26 18:01:55,693 INFO FRAIWAN_Extended/dn fold 4: config 1 (lr=0.0001, dropout=0.3) epoca 20: train_loss=0.1005 val_loss=0.6241 val_BA=0.900 mejor_epoca=20
2026-09-26 18:01:56,047 INFO FRAIWAN_Extended/dn fold 4: config 1 (lr=0.0001, dropout=0.3) epoca 24: train_loss=0.0915 val_loss=0.3480 val_BA=0.900 mejor_epoca=24
2026-09-26 18:01:56,575 INFO FRAIWAN_Extended/dn fold 4: config 1 (lr=0.0001, dropout=0.3) epoca 30: train_loss=0.0776 val_loss=0.5851 val_BA=0.900 mejor_epoca=24
2026-09-26 18:01:57,385 INFO FRAIWAN_Extended/dn fold 4 config 1: OK val_BA=0.900 mejor_epoca=24 (0.1 min)
2026-09-26 18:01:57,493 INFO FRAIWAN_Extended/dn fold 4: config 2 (lr=0.0001, dropout=0.4) epoca 1: train_loss=0.7207 val_loss=0.7248 val_BA=0.500 mejor_epoca=1
2026-09-26 18:01:57,673 INFO FRAIWAN_Extended/dn fold 4: config 2 (lr=0.0001, dropout=0.4) epoca 3: train_loss=0.5553 val_loss=0.7020 val_BA=0.500 mejor_epoca=3
2026-09-26 18:01:57,763 INFO FRAIWAN_Extended/dn fold 4: config 2 (lr=0.0001, dropout=0.4) epoca 4: train_loss=0.4843 val_loss=0.6472 val_BA=0.500 mejor_epoca=4
2026-09-26 18:01:57,854 INFO FRAIWAN_Extended/dn fold 4: config 2 (lr=0.0001, dropout=0.4) epoca 5: train_loss=0.4131 val_loss=0.5411 val_BA=0.500 mejor_epoca=5
2026-09-26 18:01:57,949 INFO FRAIWAN_Extended/dn fold 4: config 2 (lr=0.0001, dropout=0.4) epoca 6: train_loss=0.3702 val_loss=0.4852 val_BA=0.500 mejor_epoca=6
2026-09-26 18:01:58,140 INFO FRAIWAN_Extended/dn fold 4: config 2 (lr=0.0001, dropout=0.4) epoca 8: train_loss=0.2734 val_loss=0.6292 val_BA=0.800 mejor_epoca=8
2026-09-26 18:01:58,320 INFO FRAIWAN_Extended/dn fold 4: config 2 (lr=0.0001, dropout=0.4) epoca 10: train_loss=0.2303 val_loss=1.6161 val_BA=0.700 mejor_epoca=8
2026-09-26 18:01:58,410 INFO FRAIWAN_Extended/dn fold 4: config 2 (lr=0.0001, dropout=0.4) epoca 11: train_loss=0.2121 val_loss=0.6013 val_BA=0.800 mejor_epoca=11
2026-09-26 18:01:58,953 INFO FRAIWAN_Extended/dn fold 4: config 2 (lr=0.0001, dropout=0.4) epoca 17: train_loss=0.1767 val_loss=0.6745 val_BA=0.900 mejor_epoca=17
2026-09-26 18:01:59,043 INFO FRAIWAN_Extended/dn fold 4: config 2 (lr=0.0001, dropout=0.4) epoca 18: train_loss=0.1820 val_loss=0.5869 val_BA=0.900 mejor_epoca=18
2026-09-26 18:01:59,224 INFO FRAIWAN_Extended/dn fold 4: config 2 (lr=0.0001, dropout=0.4) epoca 20: train_loss=0.1247 val_loss=0.8474 val_BA=0.700 mejor_epoca=18
2026-09-26 18:02:00,125 INFO FRAIWAN_Extended/dn fold 4: config 2 (lr=0.0001, dropout=0.4) epoca 30: train_loss=0.0846 val_loss=0.4491 val_BA=0.900 mejor_epoca=30
2026-09-26 18:02:01,023 INFO FRAIWAN_Extended/dn fold 4: config 2 (lr=0.0001, dropout=0.4) epoca 40: train_loss=0.0681 val_loss=1.0567 val_BA=0.700 mejor_epoca=30
2026-09-26 18:02:01,292 INFO FRAIWAN_Extended/dn fold 4: config 2 (lr=0.0001, dropout=0.4) epoca 43: train_loss=0.0650 val_loss=0.3154 val_BA=1.000 mejor_epoca=43
2026-09-26 18:02:01,937 INFO FRAIWAN_Extended/dn fold 4: config 2 (lr=0.0001, dropout=0.4) epoca 50: train_loss=0.0560 val_loss=0.6137 val_BA=0.900 mejor_epoca=43
2026-09-26 18:02:02,676 INFO FRAIWAN_Extended/dn fold 4 config 2: OK val_BA=1.000 mejor_epoca=43 (0.1 min)
2026-09-26 18:02:02,794 INFO FRAIWAN_Extended/dn fold 4: config 3 (lr=0.0001, dropout=0.4) epoca 1: train_loss=0.6978 val_loss=0.7067 val_BA=0.500 mejor_epoca=1
2026-09-26 18:02:02,893 INFO FRAIWAN_Extended/dn fold 4: config 3 (lr=0.0001, dropout=0.4) epoca 2: train_loss=0.5878 val_loss=0.6076 val_BA=0.500 mejor_epoca=2
2026-09-26 18:02:03,093 INFO FRAIWAN_Extended/dn fold 4: config 3 (lr=0.0001, dropout=0.4) epoca 4: train_loss=0.4635 val_loss=0.6552 val_BA=0.700 mejor_epoca=4
2026-09-26 18:02:03,391 INFO FRAIWAN_Extended/dn fold 4: config 3 (lr=0.0001, dropout=0.4) epoca 7: train_loss=0.3313 val_loss=0.6670 val_BA=0.800 mejor_epoca=7
2026-09-26 18:02:03,691 INFO FRAIWAN_Extended/dn fold 4: config 3 (lr=0.0001, dropout=0.4) epoca 10: train_loss=0.1918 val_loss=0.8777 val_BA=0.700 mejor_epoca=7
2026-09-26 18:02:03,792 INFO FRAIWAN_Extended/dn fold 4: config 3 (lr=0.0001, dropout=0.4) epoca 11: train_loss=0.1998 val_loss=0.4935 val_BA=0.900 mejor_epoca=11
2026-09-26 18:02:04,495 INFO FRAIWAN_Extended/dn fold 4: config 3 (lr=0.0001, dropout=0.4) epoca 18: train_loss=0.0924 val_loss=0.3940 val_BA=0.900 mejor_epoca=18
2026-09-26 18:02:04,695 INFO FRAIWAN_Extended/dn fold 4: config 3 (lr=0.0001, dropout=0.4) epoca 20: train_loss=0.0946 val_loss=2.5683 val_BA=0.500 mejor_epoca=18
2026-09-26 18:02:05,715 INFO FRAIWAN_Extended/dn fold 4: config 3 (lr=0.0001, dropout=0.4) epoca 30: train_loss=0.0547 val_loss=0.6438 val_BA=0.800 mejor_epoca=18
2026-09-26 18:02:05,815 INFO FRAIWAN_Extended/dn fold 4: config 3 (lr=0.0001, dropout=0.4) epoca 31: train_loss=0.0774 val_loss=0.3900 val_BA=0.900 mejor_epoca=31
2026-09-26 18:02:05,916 INFO FRAIWAN_Extended/dn fold 4: config 3 (lr=0.0001, dropout=0.4) epoca 32: train_loss=0.0450 val_loss=0.2387 val_BA=0.900 mejor_epoca=32
2026-09-26 18:02:06,720 INFO FRAIWAN_Extended/dn fold 4: config 3 (lr=0.0001, dropout=0.4) epoca 40: train_loss=0.0386 val_loss=0.3527 val_BA=0.900 mejor_epoca=32
2026-09-26 18:02:07,022 INFO FRAIWAN_Extended/dn fold 4: config 3 (lr=0.0001, dropout=0.4) epoca 43: train_loss=0.0329 val_loss=0.2081 val_BA=1.000 mejor_epoca=43
2026-09-26 18:02:07,727 INFO FRAIWAN_Extended/dn fold 4: config 3 (lr=0.0001, dropout=0.4) epoca 50: train_loss=0.0572 val_loss=1.1162 val_BA=0.700 mejor_epoca=43
2026-09-26 18:02:08,550 INFO FRAIWAN_Extended/dn fold 4 config 3: OK val_BA=1.000 mejor_epoca=43 (0.1 min)
2026-09-26 18:02:08,658 INFO FRAIWAN_Extended/dn fold 4: config 4 (lr=0.0001, dropout=0.4) epoca 1: train_loss=0.6677 val_loss=0.6512 val_BA=0.500 mejor_epoca=1
2026-09-26 18:02:08,748 INFO FRAIWAN_Extended/dn fold 4: config 4 (lr=0.0001, dropout=0.4) epoca 2: train_loss=0.5316 val_loss=0.6209 val_BA=0.500 mejor_epoca=2
2026-09-26 18:02:08,838 INFO FRAIWAN_Extended/dn fold 4: config 4 (lr=0.0001, dropout=0.4) epoca 3: train_loss=0.4468 val_loss=0.5779 val_BA=0.500 mejor_epoca=3
2026-09-26 18:02:08,929 INFO FRAIWAN_Extended/dn fold 4: config 4 (lr=0.0001, dropout=0.4) epoca 4: train_loss=0.3864 val_loss=0.5161 val_BA=0.500 mejor_epoca=4
2026-09-26 18:02:09,019 INFO FRAIWAN_Extended/dn fold 4: config 4 (lr=0.0001, dropout=0.4) epoca 5: train_loss=0.3591 val_loss=0.4754 val_BA=0.500 mejor_epoca=5
2026-09-26 18:02:09,207 INFO FRAIWAN_Extended/dn fold 4: config 4 (lr=0.0001, dropout=0.4) epoca 7: train_loss=0.2486 val_loss=0.6842 val_BA=0.700 mejor_epoca=7
2026-09-26 18:02:09,484 INFO FRAIWAN_Extended/dn fold 4: config 4 (lr=0.0001, dropout=0.4) epoca 10: train_loss=0.1615 val_loss=3.0831 val_BA=0.500 mejor_epoca=7
2026-09-26 18:02:10,119 INFO FRAIWAN_Extended/dn fold 4: config 4 (lr=0.0001, dropout=0.4) epoca 17: train_loss=0.0863 val_loss=0.6334 val_BA=0.900 mejor_epoca=17
2026-09-26 18:02:10,392 INFO FRAIWAN_Extended/dn fold 4: config 4 (lr=0.0001, dropout=0.4) epoca 20: train_loss=0.0817 val_loss=2.9145 val_BA=0.500 mejor_epoca=17
2026-09-26 18:02:10,483 INFO FRAIWAN_Extended/dn fold 4: config 4 (lr=0.0001, dropout=0.4) epoca 21: train_loss=0.0851 val_loss=0.4835 val_BA=0.900 mejor_epoca=21
2026-09-26 18:02:10,664 INFO FRAIWAN_Extended/dn fold 4: config 4 (lr=0.0001, dropout=0.4) epoca 23: train_loss=0.0663 val_loss=0.4141 val_BA=0.900 mejor_epoca=23
2026-09-26 18:02:11,296 INFO FRAIWAN_Extended/dn fold 4: config 4 (lr=0.0001, dropout=0.4) epoca 30: train_loss=0.0603 val_loss=1.3719 val_BA=0.700 mejor_epoca=23
2026-09-26 18:02:11,385 INFO FRAIWAN_Extended/dn fold 4: config 4 (lr=0.0001, dropout=0.4) epoca 31: train_loss=0.0571 val_loss=0.2718 val_BA=1.000 mejor_epoca=31
2026-09-26 18:02:12,198 INFO FRAIWAN_Extended/dn fold 4: config 4 (lr=0.0001, dropout=0.4) epoca 40: train_loss=0.0513 val_loss=0.4582 val_BA=0.900 mejor_epoca=31
2026-09-26 18:02:12,768 INFO FRAIWAN_Extended/dn fold 4 config 4: OK val_BA=1.000 mejor_epoca=31 (0.1 min)
2026-09-26 18:02:12,876 INFO FRAIWAN_Extended/dn fold 4: config 5 (lr=0.0001, dropout=0.4) epoca 1: train_loss=0.7280 val_loss=0.7089 val_BA=0.500 mejor_epoca=1
2026-09-26 18:02:12,969 INFO FRAIWAN_Extended/dn fold 4: config 5 (lr=0.0001, dropout=0.4) epoca 2: train_loss=0.5975 val_loss=0.7085 val_BA=0.500 mejor_epoca=2
2026-09-26 18:02:13,060 INFO FRAIWAN_Extended/dn fold 4: config 5 (lr=0.0001, dropout=0.4) epoca 3: train_loss=0.5018 val_loss=0.6947 val_BA=0.500 mejor_epoca=3
2026-09-26 18:02:13,149 INFO FRAIWAN_Extended/dn fold 4: config 5 (lr=0.0001, dropout=0.4) epoca 4: train_loss=0.4404 val_loss=0.6685 val_BA=0.500 mejor_epoca=4
2026-09-26 18:02:13,238 INFO FRAIWAN_Extended/dn fold 4: config 5 (lr=0.0001, dropout=0.4) epoca 5: train_loss=0.4048 val_loss=0.6236 val_BA=0.500 mejor_epoca=5
2026-09-26 18:02:13,327 INFO FRAIWAN_Extended/dn fold 4: config 5 (lr=0.0001, dropout=0.4) epoca 6: train_loss=0.3656 val_loss=0.5692 val_BA=0.500 mejor_epoca=6
2026-09-26 18:02:13,416 INFO FRAIWAN_Extended/dn fold 4: config 5 (lr=0.0001, dropout=0.4) epoca 7: train_loss=0.3242 val_loss=0.5265 val_BA=0.500 mejor_epoca=7
2026-09-26 18:02:13,505 INFO FRAIWAN_Extended/dn fold 4: config 5 (lr=0.0001, dropout=0.4) epoca 8: train_loss=0.2906 val_loss=0.4981 val_BA=0.500 mejor_epoca=8
2026-09-26 18:02:13,594 INFO FRAIWAN_Extended/dn fold 4: config 5 (lr=0.0001, dropout=0.4) epoca 9: train_loss=0.2423 val_loss=0.4700 val_BA=0.500 mejor_epoca=9
2026-09-26 18:02:13,683 INFO FRAIWAN_Extended/dn fold 4: config 5 (lr=0.0001, dropout=0.4) epoca 10: train_loss=0.2220 val_loss=0.4388 val_BA=0.500 mejor_epoca=10
2026-09-26 18:02:13,772 INFO FRAIWAN_Extended/dn fold 4: config 5 (lr=0.0001, dropout=0.4) epoca 11: train_loss=0.2188 val_loss=0.4249 val_BA=0.500 mejor_epoca=11
2026-09-26 18:02:13,861 INFO FRAIWAN_Extended/dn fold 4: config 5 (lr=0.0001, dropout=0.4) epoca 12: train_loss=0.1844 val_loss=0.4375 val_BA=1.000 mejor_epoca=12
2026-09-26 18:02:14,572 INFO FRAIWAN_Extended/dn fold 4: config 5 (lr=0.0001, dropout=0.4) epoca 20: train_loss=0.1102 val_loss=2.2825 val_BA=0.700 mejor_epoca=12
2026-09-26 18:02:15,209 INFO FRAIWAN_Extended/dn fold 4 config 5: OK val_BA=1.000 mejor_epoca=12 (0.0 min)
2026-09-26 18:02:15,329 INFO FRAIWAN_Extended/dn fold 4: config 6 (lr=0.0001, dropout=0.5) epoca 1: train_loss=0.7133 val_loss=0.7936 val_BA=0.500 mejor_epoca=1
2026-09-26 18:02:15,430 INFO FRAIWAN_Extended/dn fold 4: config 6 (lr=0.0001, dropout=0.5) epoca 2: train_loss=0.6036 val_loss=0.6963 val_BA=0.500 mejor_epoca=2
2026-09-26 18:02:15,531 INFO FRAIWAN_Extended/dn fold 4: config 6 (lr=0.0001, dropout=0.5) epoca 3: train_loss=0.5544 val_loss=0.5840 val_BA=0.500 mejor_epoca=3
2026-09-26 18:02:15,631 INFO FRAIWAN_Extended/dn fold 4: config 6 (lr=0.0001, dropout=0.5) epoca 4: train_loss=0.5597 val_loss=0.7516 val_BA=0.700 mejor_epoca=4
2026-09-26 18:02:15,732 INFO FRAIWAN_Extended/dn fold 4: config 6 (lr=0.0001, dropout=0.5) epoca 5: train_loss=0.4850 val_loss=0.5738 val_BA=0.800 mejor_epoca=5
2026-09-26 18:02:15,833 INFO FRAIWAN_Extended/dn fold 4: config 6 (lr=0.0001, dropout=0.5) epoca 6: train_loss=0.4299 val_loss=0.5306 val_BA=0.900 mejor_epoca=6
2026-09-26 18:02:16,235 INFO FRAIWAN_Extended/dn fold 4: config 6 (lr=0.0001, dropout=0.5) epoca 10: train_loss=0.2556 val_loss=1.1363 val_BA=0.700 mejor_epoca=6
2026-09-26 18:02:16,436 INFO FRAIWAN_Extended/dn fold 4: config 6 (lr=0.0001, dropout=0.5) epoca 12: train_loss=0.2672 val_loss=0.4203 val_BA=1.000 mejor_epoca=12
2026-09-26 18:02:17,057 INFO FRAIWAN_Extended/dn fold 4: config 6 (lr=0.0001, dropout=0.5) epoca 18: train_loss=0.1475 val_loss=0.2311 val_BA=1.000 mejor_epoca=18
2026-09-26 18:02:17,259 INFO FRAIWAN_Extended/dn fold 4: config 6 (lr=0.0001, dropout=0.5) epoca 20: train_loss=0.1519 val_loss=0.6979 val_BA=0.900 mejor_epoca=18
2026-09-26 18:02:17,766 INFO FRAIWAN_Extended/dn fold 4: config 6 (lr=0.0001, dropout=0.5) epoca 25: train_loss=0.0948 val_loss=0.1805 val_BA=1.000 mejor_epoca=25
2026-09-26 18:02:18,277 INFO FRAIWAN_Extended/dn fold 4: config 6 (lr=0.0001, dropout=0.5) epoca 30: train_loss=0.0638 val_loss=0.2031 val_BA=0.500 mejor_epoca=25
2026-09-26 18:02:19,287 INFO FRAIWAN_Extended/dn fold 4: config 6 (lr=0.0001, dropout=0.5) epoca 40: train_loss=0.0497 val_loss=1.7939 val_BA=0.700 mejor_epoca=25
2026-09-26 18:02:19,305 INFO FRAIWAN_Extended/dn fold 4 config 6: OK val_BA=1.000 mejor_epoca=25 (0.1 min)
2026-09-26 18:02:19,411 INFO FRAIWAN_Extended/dn fold 4: config 7 (lr=0.0001, dropout=0.5) epoca 1: train_loss=0.6756 val_loss=0.6994 val_BA=0.500 mejor_epoca=1
2026-09-26 18:02:19,499 INFO FRAIWAN_Extended/dn fold 4: config 7 (lr=0.0001, dropout=0.5) epoca 2: train_loss=0.5558 val_loss=0.6794 val_BA=0.500 mejor_epoca=2
2026-09-26 18:02:19,588 INFO FRAIWAN_Extended/dn fold 4: config 7 (lr=0.0001, dropout=0.5) epoca 3: train_loss=0.5185 val_loss=0.6585 val_BA=0.500 mejor_epoca=3
2026-09-26 18:02:19,677 INFO FRAIWAN_Extended/dn fold 4: config 7 (lr=0.0001, dropout=0.5) epoca 4: train_loss=0.4541 val_loss=0.6310 val_BA=0.500 mejor_epoca=4
2026-09-26 18:02:19,766 INFO FRAIWAN_Extended/dn fold 4: config 7 (lr=0.0001, dropout=0.5) epoca 5: train_loss=0.3851 val_loss=0.5918 val_BA=0.500 mejor_epoca=5
2026-09-26 18:02:19,854 INFO FRAIWAN_Extended/dn fold 4: config 7 (lr=0.0001, dropout=0.5) epoca 6: train_loss=0.3546 val_loss=0.5509 val_BA=0.500 mejor_epoca=6
2026-09-26 18:02:19,943 INFO FRAIWAN_Extended/dn fold 4: config 7 (lr=0.0001, dropout=0.5) epoca 7: train_loss=0.3371 val_loss=0.5170 val_BA=0.500 mejor_epoca=7
2026-09-26 18:02:20,031 INFO FRAIWAN_Extended/dn fold 4: config 7 (lr=0.0001, dropout=0.5) epoca 8: train_loss=0.3056 val_loss=0.4836 val_BA=0.500 mejor_epoca=8
2026-09-26 18:02:20,119 INFO FRAIWAN_Extended/dn fold 4: config 7 (lr=0.0001, dropout=0.5) epoca 9: train_loss=0.2687 val_loss=0.4634 val_BA=0.500 mejor_epoca=9
2026-09-26 18:02:20,209 INFO FRAIWAN_Extended/dn fold 4: config 7 (lr=0.0001, dropout=0.5) epoca 10: train_loss=0.2233 val_loss=0.4570 val_BA=0.500 mejor_epoca=10
2026-09-26 18:02:20,391 INFO FRAIWAN_Extended/dn fold 4: config 7 (lr=0.0001, dropout=0.5) epoca 12: train_loss=0.2186 val_loss=0.5539 val_BA=0.800 mejor_epoca=12
2026-09-26 18:02:21,110 INFO FRAIWAN_Extended/dn fold 4: config 7 (lr=0.0001, dropout=0.5) epoca 20: train_loss=0.1019 val_loss=3.0531 val_BA=0.500 mejor_epoca=12
2026-09-26 18:02:21,732 INFO FRAIWAN_Extended/dn fold 4: config 7 (lr=0.0001, dropout=0.5) epoca 27: train_loss=0.1040 val_loss=0.6605 val_BA=0.900 mejor_epoca=27
2026-09-26 18:02:21,998 INFO FRAIWAN_Extended/dn fold 4: config 7 (lr=0.0001, dropout=0.5) epoca 30: train_loss=0.0884 val_loss=1.1561 val_BA=0.700 mejor_epoca=27
2026-09-26 18:02:22,087 INFO FRAIWAN_Extended/dn fold 4: config 7 (lr=0.0001, dropout=0.5) epoca 31: train_loss=0.0877 val_loss=0.5446 val_BA=0.900 mejor_epoca=31
2026-09-26 18:02:22,354 INFO FRAIWAN_Extended/dn fold 4: config 7 (lr=0.0001, dropout=0.5) epoca 34: train_loss=0.0751 val_loss=0.4509 val_BA=0.900 mejor_epoca=34
2026-09-26 18:02:22,531 INFO FRAIWAN_Extended/dn fold 4: config 7 (lr=0.0001, dropout=0.5) epoca 36: train_loss=0.0762 val_loss=0.3841 val_BA=0.900 mejor_epoca=36
2026-09-26 18:02:22,885 INFO FRAIWAN_Extended/dn fold 4: config 7 (lr=0.0001, dropout=0.5) epoca 40: train_loss=0.0788 val_loss=0.5833 val_BA=0.900 mejor_epoca=36
2026-09-26 18:02:23,767 INFO FRAIWAN_Extended/dn fold 4: config 7 (lr=0.0001, dropout=0.5) epoca 50: train_loss=0.0613 val_loss=0.5977 val_BA=0.900 mejor_epoca=36
2026-09-26 18:02:23,874 INFO FRAIWAN_Extended/dn fold 4 config 7: OK val_BA=0.900 mejor_epoca=36 (0.1 min)
2026-09-26 18:02:23,979 INFO FRAIWAN_Extended/dn fold 4: config 8 (lr=0.0003, dropout=0.3) epoca 1: train_loss=0.7109 val_loss=0.7216 val_BA=0.500 mejor_epoca=1
2026-09-26 18:02:24,070 INFO FRAIWAN_Extended/dn fold 4: config 8 (lr=0.0003, dropout=0.3) epoca 2: train_loss=0.5682 val_loss=0.7193 val_BA=0.500 mejor_epoca=2
2026-09-26 18:02:24,164 INFO FRAIWAN_Extended/dn fold 4: config 8 (lr=0.0003, dropout=0.3) epoca 3: train_loss=0.4727 val_loss=0.6860 val_BA=0.500 mejor_epoca=3
2026-09-26 18:02:24,256 INFO FRAIWAN_Extended/dn fold 4: config 8 (lr=0.0003, dropout=0.3) epoca 4: train_loss=0.3797 val_loss=0.6377 val_BA=0.500 mejor_epoca=4
2026-09-26 18:02:24,344 INFO FRAIWAN_Extended/dn fold 4: config 8 (lr=0.0003, dropout=0.3) epoca 5: train_loss=0.3290 val_loss=0.5635 val_BA=0.500 mejor_epoca=5
2026-09-26 18:02:24,433 INFO FRAIWAN_Extended/dn fold 4: config 8 (lr=0.0003, dropout=0.3) epoca 6: train_loss=0.2962 val_loss=0.4946 val_BA=0.500 mejor_epoca=6
2026-09-26 18:02:24,522 INFO FRAIWAN_Extended/dn fold 4: config 8 (lr=0.0003, dropout=0.3) epoca 7: train_loss=0.2389 val_loss=0.4540 val_BA=0.500 mejor_epoca=7
2026-09-26 18:02:24,611 INFO FRAIWAN_Extended/dn fold 4: config 8 (lr=0.0003, dropout=0.3) epoca 8: train_loss=0.2202 val_loss=0.4320 val_BA=0.500 mejor_epoca=8
2026-09-26 18:02:24,700 INFO FRAIWAN_Extended/dn fold 4: config 8 (lr=0.0003, dropout=0.3) epoca 9: train_loss=0.2223 val_loss=0.4271 val_BA=0.500 mejor_epoca=9
2026-09-26 18:02:24,789 INFO FRAIWAN_Extended/dn fold 4: config 8 (lr=0.0003, dropout=0.3) epoca 10: train_loss=0.1816 val_loss=0.3973 val_BA=0.500 mejor_epoca=10
2026-09-26 18:02:24,878 INFO FRAIWAN_Extended/dn fold 4: config 8 (lr=0.0003, dropout=0.3) epoca 11: train_loss=0.1518 val_loss=0.3937 val_BA=0.500 mejor_epoca=11
2026-09-26 18:02:24,967 INFO FRAIWAN_Extended/dn fold 4: config 8 (lr=0.0003, dropout=0.3) epoca 12: train_loss=0.1327 val_loss=0.5941 val_BA=0.700 mejor_epoca=12
2026-09-26 18:02:25,144 INFO FRAIWAN_Extended/dn fold 4: config 8 (lr=0.0003, dropout=0.3) epoca 14: train_loss=0.1024 val_loss=0.4178 val_BA=1.000 mejor_epoca=14
2026-09-26 18:02:25,499 INFO FRAIWAN_Extended/dn fold 4: config 8 (lr=0.0003, dropout=0.3) epoca 18: train_loss=0.0885 val_loss=0.2951 val_BA=1.000 mejor_epoca=18
2026-09-26 18:02:25,677 INFO FRAIWAN_Extended/dn fold 4: config 8 (lr=0.0003, dropout=0.3) epoca 20: train_loss=0.0747 val_loss=0.6354 val_BA=0.900 mejor_epoca=18
2026-09-26 18:02:26,560 INFO FRAIWAN_Extended/dn fold 4: config 8 (lr=0.0003, dropout=0.3) epoca 30: train_loss=0.0459 val_loss=1.4589 val_BA=0.700 mejor_epoca=18
2026-09-26 18:02:26,843 INFO FRAIWAN_Extended/dn fold 4 config 8: OK val_BA=1.000 mejor_epoca=18 (0.0 min)
2026-09-26 18:02:26,951 INFO FRAIWAN_Extended/dn fold 4: config 9 (lr=0.0003, dropout=0.4) epoca 1: train_loss=0.6951 val_loss=0.6404 val_BA=0.500 mejor_epoca=1
2026-09-26 18:02:27,041 INFO FRAIWAN_Extended/dn fold 4: config 9 (lr=0.0003, dropout=0.4) epoca 2: train_loss=0.5714 val_loss=0.5432 val_BA=0.500 mejor_epoca=2
2026-09-26 18:02:27,132 INFO FRAIWAN_Extended/dn fold 4: config 9 (lr=0.0003, dropout=0.4) epoca 3: train_loss=0.4674 val_loss=0.4449 val_BA=0.500 mejor_epoca=3
2026-09-26 18:02:27,222 INFO FRAIWAN_Extended/dn fold 4: config 9 (lr=0.0003, dropout=0.4) epoca 4: train_loss=0.4449 val_loss=0.4161 val_BA=0.500 mejor_epoca=4
2026-09-26 18:02:27,312 INFO FRAIWAN_Extended/dn fold 4: config 9 (lr=0.0003, dropout=0.4) epoca 5: train_loss=0.3503 val_loss=0.3922 val_BA=0.500 mejor_epoca=5
2026-09-26 18:02:27,402 INFO FRAIWAN_Extended/dn fold 4: config 9 (lr=0.0003, dropout=0.4) epoca 6: train_loss=0.2984 val_loss=0.3248 val_BA=0.500 mejor_epoca=6
2026-09-26 18:02:27,493 INFO FRAIWAN_Extended/dn fold 4: config 9 (lr=0.0003, dropout=0.4) epoca 7: train_loss=0.2644 val_loss=0.2824 val_BA=0.500 mejor_epoca=7
2026-09-26 18:02:27,583 INFO FRAIWAN_Extended/dn fold 4: config 9 (lr=0.0003, dropout=0.4) epoca 8: train_loss=0.2354 val_loss=0.3054 val_BA=1.000 mejor_epoca=8
2026-09-26 18:02:27,765 INFO FRAIWAN_Extended/dn fold 4: config 9 (lr=0.0003, dropout=0.4) epoca 10: train_loss=0.1448 val_loss=2.0121 val_BA=0.600 mejor_epoca=8
2026-09-26 18:02:28,237 INFO FRAIWAN_Extended/dn fold 4: config 9 (lr=0.0003, dropout=0.4) epoca 15: train_loss=0.0948 val_loss=0.2587 val_BA=1.000 mejor_epoca=15
2026-09-26 18:02:28,691 INFO FRAIWAN_Extended/dn fold 4: config 9 (lr=0.0003, dropout=0.4) epoca 20: train_loss=0.0645 val_loss=1.7309 val_BA=0.700 mejor_epoca=15
2026-09-26 18:02:29,596 INFO FRAIWAN_Extended/dn fold 4: config 9 (lr=0.0003, dropout=0.4) epoca 30: train_loss=0.0696 val_loss=0.2473 val_BA=0.900 mejor_epoca=15
2026-09-26 18:02:29,615 INFO FRAIWAN_Extended/dn fold 4 config 9: OK val_BA=1.000 mejor_epoca=15 (0.0 min)
2026-09-26 18:02:29,734 INFO FRAIWAN_Extended/dn fold 4: config 10 (lr=0.0003, dropout=0.4) epoca 1: train_loss=0.6596 val_loss=0.7095 val_BA=0.500 mejor_epoca=1
2026-09-26 18:02:29,935 INFO FRAIWAN_Extended/dn fold 4: config 10 (lr=0.0003, dropout=0.4) epoca 3: train_loss=0.5265 val_loss=0.8055 val_BA=0.700 mejor_epoca=3
2026-09-26 18:02:30,638 INFO FRAIWAN_Extended/dn fold 4: config 10 (lr=0.0003, dropout=0.4) epoca 10: train_loss=0.1837 val_loss=0.6372 val_BA=0.400 mejor_epoca=3
2026-09-26 18:02:30,939 INFO FRAIWAN_Extended/dn fold 4: config 10 (lr=0.0003, dropout=0.4) epoca 13: train_loss=0.1498 val_loss=0.7926 val_BA=0.900 mejor_epoca=13
2026-09-26 18:02:31,240 INFO FRAIWAN_Extended/dn fold 4: config 10 (lr=0.0003, dropout=0.4) epoca 16: train_loss=0.0610 val_loss=0.5090 val_BA=0.900 mejor_epoca=16
2026-09-26 18:02:31,651 INFO FRAIWAN_Extended/dn fold 4: config 10 (lr=0.0003, dropout=0.4) epoca 20: train_loss=0.1179 val_loss=2.8516 val_BA=0.500 mejor_epoca=16
2026-09-26 18:02:31,855 INFO FRAIWAN_Extended/dn fold 4: config 10 (lr=0.0003, dropout=0.4) epoca 22: train_loss=0.0421 val_loss=0.3682 val_BA=0.900 mejor_epoca=22
2026-09-26 18:02:31,955 INFO FRAIWAN_Extended/dn fold 4: config 10 (lr=0.0003, dropout=0.4) epoca 23: train_loss=0.0379 val_loss=0.1321 val_BA=1.000 mejor_epoca=23
2026-09-26 18:02:32,657 INFO FRAIWAN_Extended/dn fold 4: config 10 (lr=0.0003, dropout=0.4) epoca 30: train_loss=0.0230 val_loss=0.2992 val_BA=0.900 mejor_epoca=23
2026-09-26 18:02:33,487 INFO FRAIWAN_Extended/dn fold 4 config 10: OK val_BA=1.000 mejor_epoca=23 (0.1 min)
2026-09-26 18:02:33,591 INFO FRAIWAN_Extended/dn fold 4: config 11 (lr=0.0003, dropout=0.5) epoca 1: train_loss=0.7605 val_loss=0.7332 val_BA=0.500 mejor_epoca=1
2026-09-26 18:02:34,379 INFO FRAIWAN_Extended/dn fold 4: config 11 (lr=0.0003, dropout=0.5) epoca 10: train_loss=0.3001 val_loss=1.1021 val_BA=0.500 mejor_epoca=1
2026-09-26 18:02:35,169 INFO FRAIWAN_Extended/dn fold 4: config 11 (lr=0.0003, dropout=0.5) epoca 19: train_loss=0.1037 val_loss=0.6588 val_BA=0.800 mejor_epoca=19
2026-09-26 18:02:35,260 INFO FRAIWAN_Extended/dn fold 4: config 11 (lr=0.0003, dropout=0.5) epoca 20: train_loss=0.0900 val_loss=1.4461 val_BA=0.700 mejor_epoca=19
2026-09-26 18:02:35,531 INFO FRAIWAN_Extended/dn fold 4: config 11 (lr=0.0003, dropout=0.5) epoca 23: train_loss=0.0807 val_loss=0.5258 val_BA=0.900 mejor_epoca=23
2026-09-26 18:02:36,147 INFO FRAIWAN_Extended/dn fold 4: config 11 (lr=0.0003, dropout=0.5) epoca 30: train_loss=0.0551 val_loss=0.6222 val_BA=0.900 mejor_epoca=23
2026-09-26 18:02:36,849 INFO FRAIWAN_Extended/dn fold 4: config 11 (lr=0.0003, dropout=0.5) epoca 38: train_loss=0.0489 val_loss=0.5037 val_BA=0.900 mejor_epoca=38
2026-09-26 18:02:37,025 INFO FRAIWAN_Extended/dn fold 4: config 11 (lr=0.0003, dropout=0.5) epoca 40: train_loss=0.0377 val_loss=0.3788 val_BA=0.900 mejor_epoca=40
2026-09-26 18:02:37,200 INFO FRAIWAN_Extended/dn fold 4: config 11 (lr=0.0003, dropout=0.5) epoca 42: train_loss=0.0366 val_loss=0.2976 val_BA=1.000 mejor_epoca=42
2026-09-26 18:02:37,900 INFO FRAIWAN_Extended/dn fold 4: config 11 (lr=0.0003, dropout=0.5) epoca 50: train_loss=0.0300 val_loss=1.3402 val_BA=0.700 mejor_epoca=42
2026-09-26 18:02:38,533 INFO FRAIWAN_Extended/dn fold 4 config 11: OK val_BA=1.000 mejor_epoca=42 (0.1 min)
2026-09-26 18:02:38,639 INFO FRAIWAN_Extended/dn fold 4: config 12 (lr=0.0003, dropout=0.5) epoca 1: train_loss=0.7748 val_loss=0.7234 val_BA=0.500 mejor_epoca=1
2026-09-26 18:02:38,728 INFO FRAIWAN_Extended/dn fold 4: config 12 (lr=0.0003, dropout=0.5) epoca 2: train_loss=0.5832 val_loss=0.6962 val_BA=0.500 mejor_epoca=2
2026-09-26 18:02:38,818 INFO FRAIWAN_Extended/dn fold 4: config 12 (lr=0.0003, dropout=0.5) epoca 3: train_loss=0.5000 val_loss=0.6951 val_BA=0.700 mejor_epoca=3
2026-09-26 18:02:39,098 INFO FRAIWAN_Extended/dn fold 4: config 12 (lr=0.0003, dropout=0.5) epoca 6: train_loss=0.3436 val_loss=0.6451 val_BA=0.700 mejor_epoca=6
2026-09-26 18:02:39,456 INFO FRAIWAN_Extended/dn fold 4: config 12 (lr=0.0003, dropout=0.5) epoca 10: train_loss=0.1661 val_loss=2.3005 val_BA=0.700 mejor_epoca=6
2026-09-26 18:02:39,545 INFO FRAIWAN_Extended/dn fold 4: config 12 (lr=0.0003, dropout=0.5) epoca 11: train_loss=0.1428 val_loss=0.2541 val_BA=1.000 mejor_epoca=11
2026-09-26 18:02:40,347 INFO FRAIWAN_Extended/dn fold 4: config 12 (lr=0.0003, dropout=0.5) epoca 20: train_loss=0.0677 val_loss=4.1191 val_BA=0.500 mejor_epoca=11
2026-09-26 18:02:40,898 INFO FRAIWAN_Extended/dn fold 4 config 12: OK val_BA=1.000 mejor_epoca=11 (0.0 min)
2026-09-26 18:02:41,015 INFO FRAIWAN_Extended/dn fold 4: config 13 (lr=0.001, dropout=0.2) epoca 1: train_loss=0.7227 val_loss=0.6958 val_BA=0.200 mejor_epoca=1
2026-09-26 18:02:41,114 INFO FRAIWAN_Extended/dn fold 4: config 13 (lr=0.001, dropout=0.2) epoca 2: train_loss=0.7097 val_loss=0.5943 val_BA=0.500 mejor_epoca=2
2026-09-26 18:02:41,213 INFO FRAIWAN_Extended/dn fold 4: config 13 (lr=0.001, dropout=0.2) epoca 3: train_loss=0.5562 val_loss=0.3515 val_BA=0.500 mejor_epoca=3
2026-09-26 18:02:41,411 INFO FRAIWAN_Extended/dn fold 4: config 13 (lr=0.001, dropout=0.2) epoca 5: train_loss=0.4290 val_loss=0.3221 val_BA=1.000 mejor_epoca=5
2026-09-26 18:02:41,907 INFO FRAIWAN_Extended/dn fold 4: config 13 (lr=0.001, dropout=0.2) epoca 10: train_loss=0.4070 val_loss=0.4939 val_BA=0.800 mejor_epoca=5
2026-09-26 18:02:42,916 INFO FRAIWAN_Extended/dn fold 4: config 13 (lr=0.001, dropout=0.2) epoca 20: train_loss=0.0780 val_loss=0.6291 val_BA=0.900 mejor_epoca=5
2026-09-26 18:02:42,933 INFO FRAIWAN_Extended/dn fold 4 config 13: OK val_BA=1.000 mejor_epoca=5 (0.0 min)
2026-09-26 18:02:43,037 INFO FRAIWAN_Extended/dn fold 4: config 14 (lr=0.001, dropout=0.3) epoca 1: train_loss=0.7259 val_loss=0.6416 val_BA=0.500 mejor_epoca=1
2026-09-26 18:02:43,126 INFO FRAIWAN_Extended/dn fold 4: config 14 (lr=0.001, dropout=0.3) epoca 2: train_loss=0.5779 val_loss=0.6198 val_BA=0.500 mejor_epoca=2
2026-09-26 18:02:43,214 INFO FRAIWAN_Extended/dn fold 4: config 14 (lr=0.001, dropout=0.3) epoca 3: train_loss=0.4633 val_loss=0.5937 val_BA=0.500 mejor_epoca=3
2026-09-26 18:02:43,302 INFO FRAIWAN_Extended/dn fold 4: config 14 (lr=0.001, dropout=0.3) epoca 4: train_loss=0.3963 val_loss=0.4725 val_BA=0.500 mejor_epoca=4
2026-09-26 18:02:43,390 INFO FRAIWAN_Extended/dn fold 4: config 14 (lr=0.001, dropout=0.3) epoca 5: train_loss=0.3436 val_loss=0.3819 val_BA=0.500 mejor_epoca=5
2026-09-26 18:02:43,566 INFO FRAIWAN_Extended/dn fold 4: config 14 (lr=0.001, dropout=0.3) epoca 7: train_loss=0.2323 val_loss=0.3092 val_BA=0.500 mejor_epoca=7
2026-09-26 18:02:43,654 INFO FRAIWAN_Extended/dn fold 4: config 14 (lr=0.001, dropout=0.3) epoca 8: train_loss=0.2026 val_loss=0.2929 val_BA=0.500 mejor_epoca=8
2026-09-26 18:02:43,830 INFO FRAIWAN_Extended/dn fold 4: config 14 (lr=0.001, dropout=0.3) epoca 10: train_loss=0.1283 val_loss=0.4430 val_BA=0.800 mejor_epoca=10
2026-09-26 18:02:43,918 INFO FRAIWAN_Extended/dn fold 4: config 14 (lr=0.001, dropout=0.3) epoca 11: train_loss=0.1085 val_loss=0.3333 val_BA=0.900 mejor_epoca=11
2026-09-26 18:02:44,708 INFO FRAIWAN_Extended/dn fold 4: config 14 (lr=0.001, dropout=0.3) epoca 20: train_loss=0.0310 val_loss=1.0682 val_BA=0.700 mejor_epoca=11
2026-09-26 18:02:45,249 INFO FRAIWAN_Extended/dn fold 4 config 14: OK val_BA=0.900 mejor_epoca=11 (0.0 min)
2026-09-26 18:02:45,356 INFO FRAIWAN_Extended/dn fold 4: config 15 (lr=0.001, dropout=0.3) epoca 1: train_loss=0.6858 val_loss=0.5937 val_BA=0.500 mejor_epoca=1
2026-09-26 18:02:45,445 INFO FRAIWAN_Extended/dn fold 4: config 15 (lr=0.001, dropout=0.3) epoca 2: train_loss=0.6521 val_loss=0.4344 val_BA=0.500 mejor_epoca=2
2026-09-26 18:02:45,535 INFO FRAIWAN_Extended/dn fold 4: config 15 (lr=0.001, dropout=0.3) epoca 3: train_loss=0.6102 val_loss=0.3552 val_BA=0.500 mejor_epoca=3
2026-09-26 18:02:45,802 INFO FRAIWAN_Extended/dn fold 4: config 15 (lr=0.001, dropout=0.3) epoca 6: train_loss=0.4171 val_loss=0.4131 val_BA=0.900 mejor_epoca=6
2026-09-26 18:02:46,156 INFO FRAIWAN_Extended/dn fold 4: config 15 (lr=0.001, dropout=0.3) epoca 10: train_loss=0.1662 val_loss=1.6033 val_BA=0.700 mejor_epoca=6
2026-09-26 18:02:46,335 INFO FRAIWAN_Extended/dn fold 4: config 15 (lr=0.001, dropout=0.3) epoca 12: train_loss=0.0845 val_loss=0.2214 val_BA=1.000 mejor_epoca=12
2026-09-26 18:02:47,063 INFO FRAIWAN_Extended/dn fold 4: config 15 (lr=0.001, dropout=0.3) epoca 20: train_loss=0.0276 val_loss=0.9862 val_BA=0.900 mejor_epoca=12
2026-09-26 18:02:47,706 INFO FRAIWAN_Extended/dn fold 4 config 15: OK val_BA=1.000 mejor_epoca=12 (0.0 min)
2026-09-26 18:02:47,825 INFO FRAIWAN_Extended/dn fold 4: config 16 (lr=0.001, dropout=0.4) epoca 1: train_loss=0.7847 val_loss=0.7528 val_BA=0.500 mejor_epoca=1
2026-09-26 18:02:47,925 INFO FRAIWAN_Extended/dn fold 4: config 16 (lr=0.001, dropout=0.4) epoca 2: train_loss=0.6519 val_loss=0.4658 val_BA=0.500 mejor_epoca=2
2026-09-26 18:02:48,025 INFO FRAIWAN_Extended/dn fold 4: config 16 (lr=0.001, dropout=0.4) epoca 3: train_loss=0.6526 val_loss=0.4079 val_BA=0.500 mejor_epoca=3
2026-09-26 18:02:48,125 INFO FRAIWAN_Extended/dn fold 4: config 16 (lr=0.001, dropout=0.4) epoca 4: train_loss=0.5966 val_loss=0.6284 val_BA=0.800 mejor_epoca=4
2026-09-26 18:02:48,225 INFO FRAIWAN_Extended/dn fold 4: config 16 (lr=0.001, dropout=0.4) epoca 5: train_loss=0.5223 val_loss=0.5206 val_BA=0.900 mejor_epoca=5
2026-09-26 18:02:48,732 INFO FRAIWAN_Extended/dn fold 4: config 16 (lr=0.001, dropout=0.4) epoca 10: train_loss=0.3490 val_loss=4.3066 val_BA=0.500 mejor_epoca=5
2026-09-26 18:02:49,130 INFO FRAIWAN_Extended/dn fold 4: config 16 (lr=0.001, dropout=0.4) epoca 14: train_loss=0.1559 val_loss=0.4112 val_BA=0.900 mejor_epoca=14
2026-09-26 18:02:49,727 INFO FRAIWAN_Extended/dn fold 4: config 16 (lr=0.001, dropout=0.4) epoca 20: train_loss=0.1502 val_loss=0.1796 val_BA=1.000 mejor_epoca=20
2026-09-26 18:02:50,741 INFO FRAIWAN_Extended/dn fold 4: config 16 (lr=0.001, dropout=0.4) epoca 30: train_loss=0.0355 val_loss=0.6870 val_BA=0.900 mejor_epoca=20
2026-09-26 18:02:51,254 INFO FRAIWAN_Extended/dn fold 4 config 16: OK val_BA=1.000 mejor_epoca=20 (0.1 min)
2026-09-26 18:02:51,361 INFO FRAIWAN_Extended/dn fold 4: config 17 (lr=0.001, dropout=0.5) epoca 1: train_loss=0.7118 val_loss=0.6434 val_BA=0.500 mejor_epoca=1
2026-09-26 18:02:51,451 INFO FRAIWAN_Extended/dn fold 4: config 17 (lr=0.001, dropout=0.5) epoca 2: train_loss=0.6833 val_loss=0.5827 val_BA=0.500 mejor_epoca=2
2026-09-26 18:02:51,540 INFO FRAIWAN_Extended/dn fold 4: config 17 (lr=0.001, dropout=0.5) epoca 3: train_loss=0.5952 val_loss=0.4738 val_BA=0.500 mejor_epoca=3
2026-09-26 18:02:51,629 INFO FRAIWAN_Extended/dn fold 4: config 17 (lr=0.001, dropout=0.5) epoca 4: train_loss=0.5634 val_loss=0.3810 val_BA=0.500 mejor_epoca=4
2026-09-26 18:02:51,984 INFO FRAIWAN_Extended/dn fold 4: config 17 (lr=0.001, dropout=0.5) epoca 8: train_loss=0.3385 val_loss=0.5643 val_BA=0.900 mejor_epoca=8
2026-09-26 18:02:52,161 INFO FRAIWAN_Extended/dn fold 4: config 17 (lr=0.001, dropout=0.5) epoca 10: train_loss=0.2476 val_loss=2.0109 val_BA=0.500 mejor_epoca=8
2026-09-26 18:02:52,609 INFO FRAIWAN_Extended/dn fold 4: config 17 (lr=0.001, dropout=0.5) epoca 15: train_loss=0.2085 val_loss=0.2718 val_BA=1.000 mejor_epoca=15
2026-09-26 18:02:53,053 INFO FRAIWAN_Extended/dn fold 4: config 17 (lr=0.001, dropout=0.5) epoca 20: train_loss=0.0577 val_loss=0.6813 val_BA=0.900 mejor_epoca=15
2026-09-26 18:02:53,953 INFO FRAIWAN_Extended/dn fold 4: config 17 (lr=0.001, dropout=0.5) epoca 30: train_loss=0.0208 val_loss=0.9575 val_BA=0.900 mejor_epoca=15
2026-09-26 18:02:53,973 INFO FRAIWAN_Extended/dn fold 4 config 17: OK val_BA=1.000 mejor_epoca=15 (0.0 min)
2026-09-26 18:02:54,084 INFO FRAIWAN_Extended/dn fold 4: config 18 (lr=0.001, dropout=0.5) epoca 1: train_loss=0.6964 val_loss=0.7114 val_BA=0.500 mejor_epoca=1
2026-09-26 18:02:54,171 INFO FRAIWAN_Extended/dn fold 4: config 18 (lr=0.001, dropout=0.5) epoca 2: train_loss=0.5806 val_loss=0.5952 val_BA=0.500 mejor_epoca=2
2026-09-26 18:02:54,259 INFO FRAIWAN_Extended/dn fold 4: config 18 (lr=0.001, dropout=0.5) epoca 3: train_loss=0.5356 val_loss=0.5364 val_BA=0.500 mejor_epoca=3
2026-09-26 18:02:54,346 INFO FRAIWAN_Extended/dn fold 4: config 18 (lr=0.001, dropout=0.5) epoca 4: train_loss=0.5203 val_loss=0.4243 val_BA=0.500 mejor_epoca=4
2026-09-26 18:02:54,434 INFO FRAIWAN_Extended/dn fold 4: config 18 (lr=0.001, dropout=0.5) epoca 5: train_loss=0.4149 val_loss=0.3668 val_BA=0.500 mejor_epoca=5
2026-09-26 18:02:54,522 INFO FRAIWAN_Extended/dn fold 4: config 18 (lr=0.001, dropout=0.5) epoca 6: train_loss=0.4208 val_loss=0.3235 val_BA=0.500 mejor_epoca=6
2026-09-26 18:02:54,609 INFO FRAIWAN_Extended/dn fold 4: config 18 (lr=0.001, dropout=0.5) epoca 7: train_loss=0.3439 val_loss=0.3204 val_BA=0.500 mejor_epoca=7
2026-09-26 18:02:54,698 INFO FRAIWAN_Extended/dn fold 4: config 18 (lr=0.001, dropout=0.5) epoca 8: train_loss=0.2932 val_loss=0.3100 val_BA=0.500 mejor_epoca=8
2026-09-26 18:02:54,785 INFO FRAIWAN_Extended/dn fold 4: config 18 (lr=0.001, dropout=0.5) epoca 9: train_loss=0.2410 val_loss=0.2600 val_BA=1.000 mejor_epoca=9
2026-09-26 18:02:54,873 INFO FRAIWAN_Extended/dn fold 4: config 18 (lr=0.001, dropout=0.5) epoca 10: train_loss=0.2278 val_loss=0.4318 val_BA=0.800 mejor_epoca=9
2026-09-26 18:02:55,748 INFO FRAIWAN_Extended/dn fold 4: config 18 (lr=0.001, dropout=0.5) epoca 20: train_loss=0.0685 val_loss=0.4103 val_BA=0.900 mejor_epoca=9
2026-09-26 18:02:56,115 INFO FRAIWAN_Extended/dn fold 4 config 18: OK val_BA=1.000 mejor_epoca=9 (0.0 min)
2026-09-26 18:02:56,219 INFO FRAIWAN_Extended/dn fold 4: config 19 (lr=0.001, dropout=0.5) epoca 1: train_loss=0.7041 val_loss=0.6867 val_BA=0.500 mejor_epoca=1
2026-09-26 18:02:56,307 INFO FRAIWAN_Extended/dn fold 4: config 19 (lr=0.001, dropout=0.5) epoca 2: train_loss=0.6379 val_loss=0.6761 val_BA=0.500 mejor_epoca=2
2026-09-26 18:02:56,394 INFO FRAIWAN_Extended/dn fold 4: config 19 (lr=0.001, dropout=0.5) epoca 3: train_loss=0.5772 val_loss=0.6561 val_BA=0.500 mejor_epoca=3
2026-09-26 18:02:56,482 INFO FRAIWAN_Extended/dn fold 4: config 19 (lr=0.001, dropout=0.5) epoca 4: train_loss=0.4986 val_loss=0.6302 val_BA=0.500 mejor_epoca=4
2026-09-26 18:02:56,569 INFO FRAIWAN_Extended/dn fold 4: config 19 (lr=0.001, dropout=0.5) epoca 5: train_loss=0.4380 val_loss=0.5591 val_BA=0.500 mejor_epoca=5
2026-09-26 18:02:56,744 INFO FRAIWAN_Extended/dn fold 4: config 19 (lr=0.001, dropout=0.5) epoca 7: train_loss=0.2788 val_loss=0.4142 val_BA=0.500 mejor_epoca=7
2026-09-26 18:02:56,831 INFO FRAIWAN_Extended/dn fold 4: config 19 (lr=0.001, dropout=0.5) epoca 8: train_loss=0.2172 val_loss=0.3866 val_BA=0.500 mejor_epoca=8
2026-09-26 18:02:56,919 INFO FRAIWAN_Extended/dn fold 4: config 19 (lr=0.001, dropout=0.5) epoca 9: train_loss=0.2031 val_loss=0.4667 val_BA=0.800 mejor_epoca=9
2026-09-26 18:02:57,007 INFO FRAIWAN_Extended/dn fold 4: config 19 (lr=0.001, dropout=0.5) epoca 10: train_loss=0.1539 val_loss=0.2740 val_BA=1.000 mejor_epoca=10
2026-09-26 18:02:57,443 INFO FRAIWAN_Extended/dn fold 4: config 19 (lr=0.001, dropout=0.5) epoca 15: train_loss=0.0858 val_loss=0.2654 val_BA=1.000 mejor_epoca=15
2026-09-26 18:02:57,530 INFO FRAIWAN_Extended/dn fold 4: config 19 (lr=0.001, dropout=0.5) epoca 16: train_loss=0.0741 val_loss=0.1509 val_BA=1.000 mejor_epoca=16
2026-09-26 18:02:57,891 INFO FRAIWAN_Extended/dn fold 4: config 19 (lr=0.001, dropout=0.5) epoca 20: train_loss=0.0460 val_loss=1.4912 val_BA=0.800 mejor_epoca=16
2026-09-26 18:02:58,769 INFO FRAIWAN_Extended/dn fold 4: config 19 (lr=0.001, dropout=0.5) epoca 30: train_loss=0.0189 val_loss=0.2207 val_BA=1.000 mejor_epoca=16
2026-09-26 18:02:58,875 INFO FRAIWAN_Extended/dn fold 4 config 19: OK val_BA=1.000 mejor_epoca=16 (0.0 min)
2026-09-26 18:02:59,927 INFO FRAIWAN_Extended/dn: configuracion global 17 (decidida por balanced_accuracy_mean), BA folds=0.940±0.089 agrupada=0.944 [COMPLETED]
2026-09-26 18:02:59,936 INFO preparando ICBHI/no_dn_aug (rama no_dn, augment=True, protocolo holdout_cv_v3)
2026-09-26 18:03:00,405 INFO ICBHI/no_dn_aug fold 0: log-mel no_dn listo en 0.5 s, forma (4715, 1, 64, 309)
2026-09-26 18:03:00,418 INFO ICBHI/no_dn_aug fold 0: 57/15 pacientes train/validation, 1 de 1 configuracion(es) por evaluar
2026-09-26 18:03:02,548 INFO ICBHI/no_dn_aug fold 0: config 1 (lr=0.0001, dropout=0.3) epoca 1: train_loss=0.5903 val_loss=0.4915 val_BA=0.700 mejor_epoca=1
2026-09-26 18:03:04,367 INFO ICBHI/no_dn_aug fold 0: config 1 (lr=0.0001, dropout=0.3) epoca 2: train_loss=0.4408 val_loss=0.2319 val_BA=0.700 mejor_epoca=2
2026-09-26 18:03:06,200 INFO ICBHI/no_dn_aug fold 0: config 1 (lr=0.0001, dropout=0.3) epoca 3: train_loss=0.2650 val_loss=0.4072 val_BA=0.800 mejor_epoca=3
2026-09-26 18:03:08,020 INFO ICBHI/no_dn_aug fold 0: config 1 (lr=0.0001, dropout=0.3) epoca 4: train_loss=0.1980 val_loss=0.3026 val_BA=1.000 mejor_epoca=4
2026-09-26 18:03:09,853 INFO ICBHI/no_dn_aug fold 0: config 1 (lr=0.0001, dropout=0.3) epoca 5: train_loss=0.1412 val_loss=0.1901 val_BA=1.000 mejor_epoca=5
2026-09-26 18:03:13,490 INFO ICBHI/no_dn_aug fold 0: config 1 (lr=0.0001, dropout=0.3) epoca 7: train_loss=0.0835 val_loss=0.1854 val_BA=1.000 mejor_epoca=7
2026-09-26 18:03:18,962 INFO ICBHI/no_dn_aug fold 0: config 1 (lr=0.0001, dropout=0.3) epoca 10: train_loss=0.0391 val_loss=0.5540 val_BA=0.950 mejor_epoca=7
2026-09-26 18:03:26,281 INFO ICBHI/no_dn_aug fold 0: config 1 (lr=0.0001, dropout=0.3) epoca 14: train_loss=0.0280 val_loss=0.1174 val_BA=1.000 mejor_epoca=14
2026-09-26 18:03:37,235 INFO ICBHI/no_dn_aug fold 0: config 1 (lr=0.0001, dropout=0.3) epoca 20: train_loss=0.0206 val_loss=0.1149 val_BA=0.800 mejor_epoca=14
2026-09-26 18:03:53,683 INFO ICBHI/no_dn_aug fold 0 config 1: OK val_BA=1.000 mejor_epoca=14 (0.9 min)
2026-09-26 18:03:54,160 INFO ICBHI/no_dn_aug fold 1: log-mel no_dn listo en 0.5 s, forma (4715, 1, 64, 309)
2026-09-26 18:03:54,172 INFO ICBHI/no_dn_aug fold 1: 57/15 pacientes train/validation, 1 de 1 configuracion(es) por evaluar
2026-09-26 18:03:56,246 INFO ICBHI/no_dn_aug fold 1: config 1 (lr=0.0001, dropout=0.3) epoca 1: train_loss=0.5672 val_loss=0.6713 val_BA=0.784 mejor_epoca=1
2026-09-26 18:03:58,064 INFO ICBHI/no_dn_aug fold 1: config 1 (lr=0.0001, dropout=0.3) epoca 2: train_loss=0.3556 val_loss=0.4195 val_BA=0.875 mejor_epoca=2
2026-09-26 18:04:01,737 INFO ICBHI/no_dn_aug fold 1: config 1 (lr=0.0001, dropout=0.3) epoca 4: train_loss=0.1353 val_loss=0.3164 val_BA=0.875 mejor_epoca=4
2026-09-26 18:04:07,241 INFO ICBHI/no_dn_aug fold 1: config 1 (lr=0.0001, dropout=0.3) epoca 7: train_loss=0.0628 val_loss=0.1532 val_BA=0.875 mejor_epoca=7
2026-09-26 18:04:10,889 INFO ICBHI/no_dn_aug fold 1: config 1 (lr=0.0001, dropout=0.3) epoca 9: train_loss=0.0415 val_loss=0.1178 val_BA=0.875 mejor_epoca=9
2026-09-26 18:04:12,694 INFO ICBHI/no_dn_aug fold 1: config 1 (lr=0.0001, dropout=0.3) epoca 10: train_loss=0.0406 val_loss=0.1106 val_BA=0.875 mejor_epoca=10
2026-09-26 18:04:27,242 INFO ICBHI/no_dn_aug fold 1: config 1 (lr=0.0001, dropout=0.3) epoca 18: train_loss=0.0174 val_loss=0.1037 val_BA=0.875 mejor_epoca=18
2026-09-26 18:04:30,880 INFO ICBHI/no_dn_aug fold 1: config 1 (lr=0.0001, dropout=0.3) epoca 20: train_loss=0.0115 val_loss=0.1974 val_BA=0.875 mejor_epoca=18
2026-09-26 18:04:45,523 INFO ICBHI/no_dn_aug fold 1: config 1 (lr=0.0001, dropout=0.3) epoca 28: train_loss=0.0120 val_loss=0.0918 val_BA=0.875 mejor_epoca=28
2026-09-26 18:04:47,370 INFO ICBHI/no_dn_aug fold 1: config 1 (lr=0.0001, dropout=0.3) epoca 29: train_loss=0.0061 val_loss=0.0773 val_BA=0.875 mejor_epoca=29
2026-09-26 18:04:49,199 INFO ICBHI/no_dn_aug fold 1: config 1 (lr=0.0001, dropout=0.3) epoca 30: train_loss=0.0044 val_loss=0.0773 val_BA=0.750 mejor_epoca=29
2026-09-26 18:05:00,210 INFO ICBHI/no_dn_aug fold 1: config 1 (lr=0.0001, dropout=0.3) epoca 36: train_loss=0.0054 val_loss=0.0665 val_BA=0.875 mejor_epoca=36
2026-09-26 18:05:07,720 INFO ICBHI/no_dn_aug fold 1: config 1 (lr=0.0001, dropout=0.3) epoca 40: train_loss=0.0029 val_loss=0.0917 val_BA=0.625 mejor_epoca=36
2026-09-26 18:05:26,085 INFO ICBHI/no_dn_aug fold 1: config 1 (lr=0.0001, dropout=0.3) epoca 50: train_loss=0.0029 val_loss=0.0887 val_BA=0.625 mejor_epoca=36
2026-09-26 18:05:27,936 INFO ICBHI/no_dn_aug fold 1 config 1: OK val_BA=0.875 mejor_epoca=36 (1.6 min)
2026-09-26 18:05:28,420 INFO ICBHI/no_dn_aug fold 2: log-mel no_dn listo en 0.5 s, forma (4715, 1, 64, 309)
2026-09-26 18:05:28,433 INFO ICBHI/no_dn_aug fold 2: 58/14 pacientes train/validation, 1 de 1 configuracion(es) por evaluar
2026-09-26 18:05:30,430 INFO ICBHI/no_dn_aug fold 2: config 1 (lr=0.0001, dropout=0.3) epoca 1: train_loss=0.5583 val_loss=0.7162 val_BA=0.850 mejor_epoca=1
2026-09-26 18:05:33,979 INFO ICBHI/no_dn_aug fold 2: config 1 (lr=0.0001, dropout=0.3) epoca 3: train_loss=0.2345 val_loss=0.7023 val_BA=0.900 mejor_epoca=3
2026-09-26 18:05:35,759 INFO ICBHI/no_dn_aug fold 2: config 1 (lr=0.0001, dropout=0.3) epoca 4: train_loss=0.1508 val_loss=0.3461 val_BA=1.000 mejor_epoca=4
2026-09-26 18:05:42,879 INFO ICBHI/no_dn_aug fold 2: config 1 (lr=0.0001, dropout=0.3) epoca 8: train_loss=0.0533 val_loss=0.2749 val_BA=1.000 mejor_epoca=8
2026-09-26 18:05:46,427 INFO ICBHI/no_dn_aug fold 2: config 1 (lr=0.0001, dropout=0.3) epoca 10: train_loss=0.0351 val_loss=0.1492 val_BA=0.875 mejor_epoca=8
2026-09-26 18:05:51,748 INFO ICBHI/no_dn_aug fold 2: config 1 (lr=0.0001, dropout=0.3) epoca 13: train_loss=0.0237 val_loss=0.1974 val_BA=1.000 mejor_epoca=13
2026-09-26 18:05:57,101 INFO ICBHI/no_dn_aug fold 2: config 1 (lr=0.0001, dropout=0.3) epoca 16: train_loss=0.0154 val_loss=0.1725 val_BA=1.000 mejor_epoca=16
2026-09-26 18:05:58,882 INFO ICBHI/no_dn_aug fold 2: config 1 (lr=0.0001, dropout=0.3) epoca 17: train_loss=0.0141 val_loss=0.1602 val_BA=1.000 mejor_epoca=17
2026-09-26 18:06:04,225 INFO ICBHI/no_dn_aug fold 2: config 1 (lr=0.0001, dropout=0.3) epoca 20: train_loss=0.0106 val_loss=0.0534 val_BA=0.875 mejor_epoca=17
2026-09-26 18:06:09,563 INFO ICBHI/no_dn_aug fold 2: config 1 (lr=0.0001, dropout=0.3) epoca 23: train_loss=0.0194 val_loss=0.1143 val_BA=1.000 mejor_epoca=23
2026-09-26 18:06:11,344 INFO ICBHI/no_dn_aug fold 2: config 1 (lr=0.0001, dropout=0.3) epoca 24: train_loss=0.0162 val_loss=0.1075 val_BA=1.000 mejor_epoca=24
2026-09-26 18:06:13,119 INFO ICBHI/no_dn_aug fold 2: config 1 (lr=0.0001, dropout=0.3) epoca 25: train_loss=0.0063 val_loss=0.0619 val_BA=1.000 mejor_epoca=25
2026-09-26 18:06:21,996 INFO ICBHI/no_dn_aug fold 2: config 1 (lr=0.0001, dropout=0.3) epoca 30: train_loss=0.0060 val_loss=0.0686 val_BA=0.875 mejor_epoca=25
2026-09-26 18:06:39,749 INFO ICBHI/no_dn_aug fold 2: config 1 (lr=0.0001, dropout=0.3) epoca 40: train_loss=0.0044 val_loss=0.1035 val_BA=0.750 mejor_epoca=25
2026-09-26 18:06:39,771 INFO ICBHI/no_dn_aug fold 2 config 1: OK val_BA=1.000 mejor_epoca=25 (1.2 min)
2026-09-26 18:06:40,271 INFO ICBHI/no_dn_aug fold 3: log-mel no_dn listo en 0.5 s, forma (4715, 1, 64, 309)
2026-09-26 18:06:40,284 INFO ICBHI/no_dn_aug fold 3: 58/14 pacientes train/validation, 1 de 1 configuracion(es) por evaluar
2026-09-26 18:06:42,479 INFO ICBHI/no_dn_aug fold 3: config 1 (lr=0.0001, dropout=0.3) epoca 1: train_loss=0.5541 val_loss=0.8566 val_BA=0.575 mejor_epoca=1
2026-09-26 18:06:44,429 INFO ICBHI/no_dn_aug fold 3: config 1 (lr=0.0001, dropout=0.3) epoca 2: train_loss=0.3576 val_loss=0.9499 val_BA=0.650 mejor_epoca=2
2026-09-26 18:06:46,378 INFO ICBHI/no_dn_aug fold 3: config 1 (lr=0.0001, dropout=0.3) epoca 3: train_loss=0.2561 val_loss=0.2916 val_BA=0.825 mejor_epoca=3
2026-09-26 18:06:50,278 INFO ICBHI/no_dn_aug fold 3: config 1 (lr=0.0001, dropout=0.3) epoca 5: train_loss=0.1444 val_loss=0.5556 val_BA=0.900 mejor_epoca=5
2026-09-26 18:06:52,219 INFO ICBHI/no_dn_aug fold 3: config 1 (lr=0.0001, dropout=0.3) epoca 6: train_loss=0.1176 val_loss=0.3065 val_BA=0.950 mejor_epoca=6
2026-09-26 18:06:54,176 INFO ICBHI/no_dn_aug fold 3: config 1 (lr=0.0001, dropout=0.3) epoca 7: train_loss=0.0874 val_loss=0.2899 val_BA=0.950 mejor_epoca=7
2026-09-26 18:06:58,072 INFO ICBHI/no_dn_aug fold 3: config 1 (lr=0.0001, dropout=0.3) epoca 9: train_loss=0.0575 val_loss=0.1804 val_BA=0.950 mejor_epoca=9
2026-09-26 18:07:00,008 INFO ICBHI/no_dn_aug fold 3: config 1 (lr=0.0001, dropout=0.3) epoca 10: train_loss=0.0404 val_loss=0.3870 val_BA=0.950 mejor_epoca=9
2026-09-26 18:07:03,884 INFO ICBHI/no_dn_aug fold 3: config 1 (lr=0.0001, dropout=0.3) epoca 12: train_loss=0.0305 val_loss=0.0485 val_BA=1.000 mejor_epoca=12
2026-09-26 18:07:19,391 INFO ICBHI/no_dn_aug fold 3: config 1 (lr=0.0001, dropout=0.3) epoca 20: train_loss=0.0100 val_loss=0.1276 val_BA=0.950 mejor_epoca=12
2026-09-26 18:07:33,037 INFO ICBHI/no_dn_aug fold 3 config 1: OK val_BA=1.000 mejor_epoca=12 (0.9 min)
2026-09-26 18:07:33,522 INFO ICBHI/no_dn_aug fold 4: log-mel no_dn listo en 0.5 s, forma (4715, 1, 64, 309)
2026-09-26 18:07:33,536 INFO ICBHI/no_dn_aug fold 4: 58/14 pacientes train/validation, 1 de 1 configuracion(es) por evaluar
2026-09-26 18:07:35,530 INFO ICBHI/no_dn_aug fold 4: config 1 (lr=0.0001, dropout=0.3) epoca 1: train_loss=0.5550 val_loss=0.4520 val_BA=0.700 mejor_epoca=1
2026-09-26 18:07:40,868 INFO ICBHI/no_dn_aug fold 4: config 1 (lr=0.0001, dropout=0.3) epoca 4: train_loss=0.1612 val_loss=0.3317 val_BA=0.875 mejor_epoca=4
2026-09-26 18:07:42,621 INFO ICBHI/no_dn_aug fold 4: config 1 (lr=0.0001, dropout=0.3) epoca 5: train_loss=0.1349 val_loss=0.2469 val_BA=0.875 mejor_epoca=5
2026-09-26 18:07:44,367 INFO ICBHI/no_dn_aug fold 4: config 1 (lr=0.0001, dropout=0.3) epoca 6: train_loss=0.0988 val_loss=0.2339 val_BA=1.000 mejor_epoca=6
2026-09-26 18:07:51,345 INFO ICBHI/no_dn_aug fold 4: config 1 (lr=0.0001, dropout=0.3) epoca 10: train_loss=0.0408 val_loss=0.1245 val_BA=0.875 mejor_epoca=6
2026-09-26 18:07:53,089 INFO ICBHI/no_dn_aug fold 4: config 1 (lr=0.0001, dropout=0.3) epoca 11: train_loss=0.0306 val_loss=0.1650 val_BA=1.000 mejor_epoca=11
2026-09-26 18:07:56,595 INFO ICBHI/no_dn_aug fold 4: config 1 (lr=0.0001, dropout=0.3) epoca 13: train_loss=0.0248 val_loss=0.1539 val_BA=1.000 mejor_epoca=13
2026-09-26 18:07:58,347 INFO ICBHI/no_dn_aug fold 4: config 1 (lr=0.0001, dropout=0.3) epoca 14: train_loss=0.0202 val_loss=0.1106 val_BA=1.000 mejor_epoca=14
2026-09-26 18:08:00,098 INFO ICBHI/no_dn_aug fold 4: config 1 (lr=0.0001, dropout=0.3) epoca 15: train_loss=0.0166 val_loss=0.1069 val_BA=1.000 mejor_epoca=15
2026-09-26 18:08:01,855 INFO ICBHI/no_dn_aug fold 4: config 1 (lr=0.0001, dropout=0.3) epoca 16: train_loss=0.0133 val_loss=0.1025 val_BA=1.000 mejor_epoca=16
2026-09-26 18:08:08,859 INFO ICBHI/no_dn_aug fold 4: config 1 (lr=0.0001, dropout=0.3) epoca 20: train_loss=0.0130 val_loss=0.0513 val_BA=0.875 mejor_epoca=16
2026-09-26 18:08:10,610 INFO ICBHI/no_dn_aug fold 4: config 1 (lr=0.0001, dropout=0.3) epoca 21: train_loss=0.0087 val_loss=0.0584 val_BA=1.000 mejor_epoca=21
2026-09-26 18:08:26,338 INFO ICBHI/no_dn_aug fold 4: config 1 (lr=0.0001, dropout=0.3) epoca 30: train_loss=0.0277 val_loss=0.0532 val_BA=1.000 mejor_epoca=30
2026-09-26 18:08:43,832 INFO ICBHI/no_dn_aug fold 4: config 1 (lr=0.0001, dropout=0.3) epoca 40: train_loss=0.0026 val_loss=0.0340 val_BA=0.875 mejor_epoca=30
2026-09-26 18:08:45,588 INFO ICBHI/no_dn_aug fold 4: config 1 (lr=0.0001, dropout=0.3) epoca 41: train_loss=0.0042 val_loss=0.0340 val_BA=1.000 mejor_epoca=41
2026-09-26 18:09:01,351 INFO ICBHI/no_dn_aug fold 4: config 1 (lr=0.0001, dropout=0.3) epoca 50: train_loss=0.0020 val_loss=0.0239 val_BA=0.875 mejor_epoca=41
2026-09-26 18:09:11,827 INFO ICBHI/no_dn_aug fold 4 config 1: OK val_BA=1.000 mejor_epoca=41 (1.6 min)
2026-09-26 18:09:12,878 INFO ICBHI/no_dn_aug: configuracion global 1 (decidida por reused_from:no_dn), BA folds=0.975±0.056 agrupada=0.976 [COMPLETED]
2026-09-26 18:09:12,887 INFO preparando FRAIWAN_Extended/no_dn_aug (rama no_dn, augment=True, protocolo holdout_cv_v3)
2026-09-26 18:09:12,917 INFO FRAIWAN_Extended/no_dn_aug fold 0: log-mel no_dn listo en 0.0 s, forma (187, 1, 64, 309)
2026-09-26 18:09:12,921 INFO FRAIWAN_Extended/no_dn_aug fold 0: 27/7 pacientes train/validation, 1 de 1 configuracion(es) por evaluar
2026-09-26 18:09:13,035 INFO FRAIWAN_Extended/no_dn_aug fold 0: config 17 (lr=0.001, dropout=0.5) epoca 1: train_loss=0.6459 val_loss=0.6494 val_BA=0.500 mejor_epoca=1
2026-09-26 18:09:13,126 INFO FRAIWAN_Extended/no_dn_aug fold 0: config 17 (lr=0.001, dropout=0.5) epoca 2: train_loss=0.5774 val_loss=0.5933 val_BA=0.500 mejor_epoca=2
2026-09-26 18:09:13,309 INFO FRAIWAN_Extended/no_dn_aug fold 0: config 17 (lr=0.001, dropout=0.5) epoca 4: train_loss=0.3816 val_loss=0.5194 val_BA=0.500 mejor_epoca=4
2026-09-26 18:09:13,401 INFO FRAIWAN_Extended/no_dn_aug fold 0: config 17 (lr=0.001, dropout=0.5) epoca 5: train_loss=0.3241 val_loss=0.4971 val_BA=0.700 mejor_epoca=5
2026-09-26 18:09:13,492 INFO FRAIWAN_Extended/no_dn_aug fold 0: config 17 (lr=0.001, dropout=0.5) epoca 6: train_loss=0.2907 val_loss=0.4237 val_BA=0.700 mejor_epoca=6
2026-09-26 18:09:13,677 INFO FRAIWAN_Extended/no_dn_aug fold 0: config 17 (lr=0.001, dropout=0.5) epoca 8: train_loss=0.2490 val_loss=0.9148 val_BA=0.750 mejor_epoca=8
2026-09-26 18:09:13,865 INFO FRAIWAN_Extended/no_dn_aug fold 0: config 17 (lr=0.001, dropout=0.5) epoca 10: train_loss=0.1492 val_loss=0.7477 val_BA=0.650 mejor_epoca=8
2026-09-26 18:09:13,957 INFO FRAIWAN_Extended/no_dn_aug fold 0: config 17 (lr=0.001, dropout=0.5) epoca 11: train_loss=0.1135 val_loss=1.4885 val_BA=0.800 mejor_epoca=11
2026-09-26 18:09:14,141 INFO FRAIWAN_Extended/no_dn_aug fold 0: config 17 (lr=0.001, dropout=0.5) epoca 13: train_loss=0.0955 val_loss=0.3893 val_BA=0.900 mejor_epoca=13
2026-09-26 18:09:14,233 INFO FRAIWAN_Extended/no_dn_aug fold 0: config 17 (lr=0.001, dropout=0.5) epoca 14: train_loss=0.0712 val_loss=0.2084 val_BA=1.000 mejor_epoca=14
2026-09-26 18:09:14,784 INFO FRAIWAN_Extended/no_dn_aug fold 0: config 17 (lr=0.001, dropout=0.5) epoca 20: train_loss=0.0245 val_loss=0.9212 val_BA=0.650 mejor_epoca=14
2026-09-26 18:09:15,631 INFO FRAIWAN_Extended/no_dn_aug fold 0 config 17: OK val_BA=1.000 mejor_epoca=14 (0.0 min)
2026-09-26 18:09:15,667 INFO FRAIWAN_Extended/no_dn_aug fold 1: log-mel no_dn listo en 0.0 s, forma (187, 1, 64, 309)
2026-09-26 18:09:15,671 INFO FRAIWAN_Extended/no_dn_aug fold 1: 27/7 pacientes train/validation, 1 de 1 configuracion(es) por evaluar
2026-09-26 18:09:15,782 INFO FRAIWAN_Extended/no_dn_aug fold 1: config 17 (lr=0.001, dropout=0.5) epoca 1: train_loss=0.6293 val_loss=0.6764 val_BA=0.500 mejor_epoca=1
2026-09-26 18:09:15,870 INFO FRAIWAN_Extended/no_dn_aug fold 1: config 17 (lr=0.001, dropout=0.5) epoca 2: train_loss=0.5414 val_loss=0.6214 val_BA=0.500 mejor_epoca=2
2026-09-26 18:09:15,959 INFO FRAIWAN_Extended/no_dn_aug fold 1: config 17 (lr=0.001, dropout=0.5) epoca 3: train_loss=0.4715 val_loss=0.5962 val_BA=0.500 mejor_epoca=3
2026-09-26 18:09:16,400 INFO FRAIWAN_Extended/no_dn_aug fold 1: config 17 (lr=0.001, dropout=0.5) epoca 8: train_loss=0.2123 val_loss=1.4007 val_BA=0.600 mejor_epoca=8
2026-09-26 18:09:16,488 INFO FRAIWAN_Extended/no_dn_aug fold 1: config 17 (lr=0.001, dropout=0.5) epoca 9: train_loss=0.1737 val_loss=0.5031 val_BA=0.750 mejor_epoca=9
2026-09-26 18:09:16,577 INFO FRAIWAN_Extended/no_dn_aug fold 1: config 17 (lr=0.001, dropout=0.5) epoca 10: train_loss=0.1604 val_loss=0.5979 val_BA=0.500 mejor_epoca=9
2026-09-26 18:09:17,106 INFO FRAIWAN_Extended/no_dn_aug fold 1: config 17 (lr=0.001, dropout=0.5) epoca 16: train_loss=0.0528 val_loss=0.9709 val_BA=0.900 mejor_epoca=16
2026-09-26 18:09:17,459 INFO FRAIWAN_Extended/no_dn_aug fold 1: config 17 (lr=0.001, dropout=0.5) epoca 20: train_loss=0.0428 val_loss=0.9072 val_BA=0.650 mejor_epoca=16
2026-09-26 18:09:18,347 INFO FRAIWAN_Extended/no_dn_aug fold 1: config 17 (lr=0.001, dropout=0.5) epoca 30: train_loss=0.0523 val_loss=0.8376 val_BA=0.700 mejor_epoca=16
2026-09-26 18:09:18,453 INFO FRAIWAN_Extended/no_dn_aug fold 1 config 17: OK val_BA=0.900 mejor_epoca=16 (0.0 min)
2026-09-26 18:09:18,488 INFO FRAIWAN_Extended/no_dn_aug fold 2: log-mel no_dn listo en 0.0 s, forma (187, 1, 64, 309)
2026-09-26 18:09:18,492 INFO FRAIWAN_Extended/no_dn_aug fold 2: 27/7 pacientes train/validation, 1 de 1 configuracion(es) por evaluar
2026-09-26 18:09:18,604 INFO FRAIWAN_Extended/no_dn_aug fold 2: config 17 (lr=0.001, dropout=0.5) epoca 1: train_loss=0.7350 val_loss=0.7010 val_BA=0.083 mejor_epoca=1
2026-09-26 18:09:18,963 INFO FRAIWAN_Extended/no_dn_aug fold 2: config 17 (lr=0.001, dropout=0.5) epoca 5: train_loss=0.3970 val_loss=0.5460 val_BA=0.500 mejor_epoca=5
2026-09-26 18:09:19,052 INFO FRAIWAN_Extended/no_dn_aug fold 2: config 17 (lr=0.001, dropout=0.5) epoca 6: train_loss=0.2900 val_loss=0.9251 val_BA=0.583 mejor_epoca=6
2026-09-26 18:09:19,411 INFO FRAIWAN_Extended/no_dn_aug fold 2: config 17 (lr=0.001, dropout=0.5) epoca 10: train_loss=0.2007 val_loss=2.0799 val_BA=0.083 mejor_epoca=6
2026-09-26 18:09:20,299 INFO FRAIWAN_Extended/no_dn_aug fold 2: config 17 (lr=0.001, dropout=0.5) epoca 20: train_loss=0.0616 val_loss=1.0317 val_BA=0.417 mejor_epoca=6
2026-09-26 18:09:20,406 INFO FRAIWAN_Extended/no_dn_aug fold 2 config 17: OK val_BA=0.583 mejor_epoca=6 (0.0 min)
2026-09-26 18:09:20,441 INFO FRAIWAN_Extended/no_dn_aug fold 3: log-mel no_dn listo en 0.0 s, forma (187, 1, 64, 309)
2026-09-26 18:09:20,445 INFO FRAIWAN_Extended/no_dn_aug fold 3: 27/7 pacientes train/validation, 1 de 1 configuracion(es) por evaluar
2026-09-26 18:09:20,558 INFO FRAIWAN_Extended/no_dn_aug fold 3: config 17 (lr=0.001, dropout=0.5) epoca 1: train_loss=0.7149 val_loss=0.6311 val_BA=0.500 mejor_epoca=1
2026-09-26 18:09:20,648 INFO FRAIWAN_Extended/no_dn_aug fold 3: config 17 (lr=0.001, dropout=0.5) epoca 2: train_loss=0.6868 val_loss=0.4330 val_BA=0.500 mejor_epoca=2
2026-09-26 18:09:20,829 INFO FRAIWAN_Extended/no_dn_aug fold 3: config 17 (lr=0.001, dropout=0.5) epoca 4: train_loss=0.4813 val_loss=0.3267 val_BA=0.500 mejor_epoca=4
2026-09-26 18:09:21,289 INFO FRAIWAN_Extended/no_dn_aug fold 3: config 17 (lr=0.001, dropout=0.5) epoca 9: train_loss=0.2576 val_loss=0.8739 val_BA=0.833 mejor_epoca=9
2026-09-26 18:09:21,379 INFO FRAIWAN_Extended/no_dn_aug fold 3: config 17 (lr=0.001, dropout=0.5) epoca 10: train_loss=0.3413 val_loss=12.7866 val_BA=0.500 mejor_epoca=9
2026-09-26 18:09:21,469 INFO FRAIWAN_Extended/no_dn_aug fold 3: config 17 (lr=0.001, dropout=0.5) epoca 11: train_loss=0.2089 val_loss=0.5691 val_BA=0.833 mejor_epoca=11
2026-09-26 18:09:22,005 INFO FRAIWAN_Extended/no_dn_aug fold 3: config 17 (lr=0.001, dropout=0.5) epoca 17: train_loss=0.0878 val_loss=0.1658 val_BA=1.000 mejor_epoca=17
2026-09-26 18:09:22,274 INFO FRAIWAN_Extended/no_dn_aug fold 3: config 17 (lr=0.001, dropout=0.5) epoca 20: train_loss=0.0520 val_loss=0.2690 val_BA=0.500 mejor_epoca=17
2026-09-26 18:09:22,453 INFO FRAIWAN_Extended/no_dn_aug fold 3: config 17 (lr=0.001, dropout=0.5) epoca 22: train_loss=0.0500 val_loss=0.1486 val_BA=1.000 mejor_epoca=22
2026-09-26 18:09:22,542 INFO FRAIWAN_Extended/no_dn_aug fold 3: config 17 (lr=0.001, dropout=0.5) epoca 23: train_loss=0.0534 val_loss=0.1135 val_BA=1.000 mejor_epoca=23
2026-09-26 18:09:23,168 INFO FRAIWAN_Extended/no_dn_aug fold 3: config 17 (lr=0.001, dropout=0.5) epoca 30: train_loss=0.0552 val_loss=4.6787 val_BA=0.500 mejor_epoca=23
2026-09-26 18:09:23,901 INFO FRAIWAN_Extended/no_dn_aug fold 3 config 17: OK val_BA=1.000 mejor_epoca=23 (0.1 min)
2026-09-26 18:09:23,936 INFO FRAIWAN_Extended/no_dn_aug fold 4: log-mel no_dn listo en 0.0 s, forma (187, 1, 64, 309)
2026-09-26 18:09:23,940 INFO FRAIWAN_Extended/no_dn_aug fold 4: 28/6 pacientes train/validation, 1 de 1 configuracion(es) por evaluar
2026-09-26 18:09:24,056 INFO FRAIWAN_Extended/no_dn_aug fold 4: config 17 (lr=0.001, dropout=0.5) epoca 1: train_loss=0.6974 val_loss=0.6836 val_BA=0.500 mejor_epoca=1
2026-09-26 18:09:24,149 INFO FRAIWAN_Extended/no_dn_aug fold 4: config 17 (lr=0.001, dropout=0.5) epoca 2: train_loss=0.6246 val_loss=0.6491 val_BA=0.500 mejor_epoca=2
2026-09-26 18:09:24,242 INFO FRAIWAN_Extended/no_dn_aug fold 4: config 17 (lr=0.001, dropout=0.5) epoca 3: train_loss=0.5555 val_loss=0.3236 val_BA=0.500 mejor_epoca=3
2026-09-26 18:09:24,336 INFO FRAIWAN_Extended/no_dn_aug fold 4: config 17 (lr=0.001, dropout=0.5) epoca 4: train_loss=0.5206 val_loss=0.9504 val_BA=0.700 mejor_epoca=4
2026-09-26 18:09:24,800 INFO FRAIWAN_Extended/no_dn_aug fold 4: config 17 (lr=0.001, dropout=0.5) epoca 9: train_loss=0.2329 val_loss=1.1193 val_BA=0.800 mejor_epoca=9
2026-09-26 18:09:24,893 INFO FRAIWAN_Extended/no_dn_aug fold 4: config 17 (lr=0.001, dropout=0.5) epoca 10: train_loss=0.1960 val_loss=0.7464 val_BA=0.800 mejor_epoca=10
2026-09-26 18:09:24,985 INFO FRAIWAN_Extended/no_dn_aug fold 4: config 17 (lr=0.001, dropout=0.5) epoca 11: train_loss=0.1845 val_loss=0.1869 val_BA=1.000 mejor_epoca=11
2026-09-26 18:09:25,828 INFO FRAIWAN_Extended/no_dn_aug fold 4: config 17 (lr=0.001, dropout=0.5) epoca 20: train_loss=0.0516 val_loss=7.1342 val_BA=0.500 mejor_epoca=11
2026-09-26 18:09:26,394 INFO FRAIWAN_Extended/no_dn_aug fold 4: config 17 (lr=0.001, dropout=0.5) epoca 26: train_loss=0.0427 val_loss=0.1573 val_BA=1.000 mejor_epoca=26
2026-09-26 18:09:26,487 INFO FRAIWAN_Extended/no_dn_aug fold 4: config 17 (lr=0.001, dropout=0.5) epoca 27: train_loss=0.0457 val_loss=0.0335 val_BA=1.000 mejor_epoca=27
2026-09-26 18:09:26,766 INFO FRAIWAN_Extended/no_dn_aug fold 4: config 17 (lr=0.001, dropout=0.5) epoca 30: train_loss=0.0199 val_loss=1.8577 val_BA=0.700 mejor_epoca=27
2026-09-26 18:09:27,702 INFO FRAIWAN_Extended/no_dn_aug fold 4: config 17 (lr=0.001, dropout=0.5) epoca 40: train_loss=0.0141 val_loss=1.4085 val_BA=0.700 mejor_epoca=27
2026-09-26 18:09:27,906 INFO FRAIWAN_Extended/no_dn_aug fold 4 config 17: OK val_BA=1.000 mejor_epoca=27 (0.1 min)
2026-09-26 18:09:28,972 INFO FRAIWAN_Extended/no_dn_aug: configuracion global 17 (decidida por reused_from:no_dn), BA folds=0.897±0.180 agrupada=0.889 [COMPLETED]
2026-09-26 18:09:28,982 INFO ejecucion 20260926T193325Z_141939 finalizada con estado COMPLETED
