2026-09-27 01:57:35,384 INFO run_id=20260927T065735Z_d671d4 protocolo=holdout_cv_v3 model=crnn dataset=all experiment=all device=cuda:0 NVIDIA RTX A5500, 23.3 GiB libres de 23.5 GiB num_workers=0 smoke_test=False resume=False parametros=1192482
2026-09-27 01:57:35,397 INFO preparando COMBINED/no_dn (rama no_dn, augment=False, protocolo holdout_cv_v3)
2026-09-27 01:57:35,955 INFO COMBINED/no_dn fold 0: log-mel no_dn listo en 0.5 s, forma (4902, 1, 64, 309)
2026-09-27 01:57:35,969 INFO COMBINED/no_dn fold 0: 84/22 pacientes train/validation, 20 de 20 configuracion(es) por evaluar
2026-09-27 01:57:40,437 INFO COMBINED/no_dn fold 0: config 0 (lr=0.0001, dropout=0.3) epoca 1: train_loss=0.5609 val_loss=0.6799 val_BA=0.958 mejor_epoca=1
2026-09-27 01:57:57,650 INFO COMBINED/no_dn fold 0: config 0 (lr=0.0001, dropout=0.3) epoca 6: train_loss=0.0957 val_loss=0.0880 val_BA=1.000 mejor_epoca=6
2026-09-27 01:58:11,543 INFO COMBINED/no_dn fold 0: config 0 (lr=0.0001, dropout=0.3) epoca 10: train_loss=0.0425 val_loss=0.2063 val_BA=0.800 mejor_epoca=6
2026-09-27 01:58:45,502 INFO COMBINED/no_dn fold 0: config 0 (lr=0.0001, dropout=0.3) epoca 20: train_loss=0.0821 val_loss=0.2287 val_BA=0.900 mejor_epoca=6
2026-09-27 01:58:48,829 INFO COMBINED/no_dn fold 0 config 0: OK val_BA=1.000 mejor_epoca=6 (1.2 min)
2026-09-27 01:58:51,301 INFO COMBINED/no_dn fold 0: config 1 (lr=0.0001, dropout=0.3) epoca 1: train_loss=0.5526 val_loss=0.5439 val_BA=0.775 mejor_epoca=1
2026-09-27 01:58:53,439 INFO COMBINED/no_dn fold 0: config 1 (lr=0.0001, dropout=0.3) epoca 2: train_loss=0.4068 val_loss=0.4567 val_BA=0.875 mejor_epoca=2
2026-09-27 01:58:55,543 INFO COMBINED/no_dn fold 0: config 1 (lr=0.0001, dropout=0.3) epoca 3: train_loss=0.2911 val_loss=0.3446 val_BA=0.958 mejor_epoca=3
2026-09-27 01:58:59,810 INFO COMBINED/no_dn fold 0: config 1 (lr=0.0001, dropout=0.3) epoca 5: train_loss=0.1316 val_loss=0.2375 val_BA=0.958 mejor_epoca=5
2026-09-27 01:59:10,459 INFO COMBINED/no_dn fold 0: config 1 (lr=0.0001, dropout=0.3) epoca 10: train_loss=0.0196 val_loss=0.1194 val_BA=0.900 mejor_epoca=5
2026-09-27 01:59:31,864 INFO COMBINED/no_dn fold 0: config 1 (lr=0.0001, dropout=0.3) epoca 20: train_loss=0.0059 val_loss=0.1937 val_BA=0.700 mejor_epoca=5
2026-09-27 01:59:31,888 INFO COMBINED/no_dn fold 0 config 1: OK val_BA=0.958 mejor_epoca=5 (0.7 min)
2026-09-27 01:59:34,584 INFO COMBINED/no_dn fold 0: config 2 (lr=0.0001, dropout=0.4) epoca 1: train_loss=0.5426 val_loss=0.4189 val_BA=0.550 mejor_epoca=1
2026-09-27 01:59:37,056 INFO COMBINED/no_dn fold 0: config 2 (lr=0.0001, dropout=0.4) epoca 2: train_loss=0.3012 val_loss=0.4089 val_BA=0.908 mejor_epoca=2
2026-09-27 01:59:44,446 INFO COMBINED/no_dn fold 0: config 2 (lr=0.0001, dropout=0.4) epoca 5: train_loss=0.1602 val_loss=0.5545 val_BA=0.958 mejor_epoca=5
2026-09-27 01:59:56,704 INFO COMBINED/no_dn fold 0: config 2 (lr=0.0001, dropout=0.4) epoca 10: train_loss=0.0128 val_loss=0.1494 val_BA=0.808 mejor_epoca=5
2026-09-27 02:00:21,598 INFO COMBINED/no_dn fold 0: config 2 (lr=0.0001, dropout=0.4) epoca 20: train_loss=0.0698 val_loss=0.1862 val_BA=0.858 mejor_epoca=5
2026-09-27 02:00:21,622 INFO COMBINED/no_dn fold 0 config 2: OK val_BA=0.958 mejor_epoca=5 (0.8 min)
2026-09-27 02:00:25,251 INFO COMBINED/no_dn fold 0: config 3 (lr=0.0001, dropout=0.4) epoca 1: train_loss=0.5984 val_loss=0.3185 val_BA=0.900 mejor_epoca=1
2026-09-27 02:00:32,300 INFO COMBINED/no_dn fold 0: config 3 (lr=0.0001, dropout=0.4) epoca 3: train_loss=0.3466 val_loss=0.2013 val_BA=0.958 mejor_epoca=3
2026-09-27 02:00:39,193 INFO COMBINED/no_dn fold 0: config 3 (lr=0.0001, dropout=0.4) epoca 5: train_loss=0.1763 val_loss=0.1403 val_BA=0.958 mejor_epoca=5
2026-09-27 02:00:57,036 INFO COMBINED/no_dn fold 0: config 3 (lr=0.0001, dropout=0.4) epoca 10: train_loss=0.0661 val_loss=0.1432 val_BA=0.908 mejor_epoca=5
2026-09-27 02:01:32,178 INFO COMBINED/no_dn fold 0: config 3 (lr=0.0001, dropout=0.4) epoca 20: train_loss=0.0689 val_loss=0.2442 val_BA=0.950 mejor_epoca=5
2026-09-27 02:01:32,201 INFO COMBINED/no_dn fold 0 config 3: OK val_BA=0.958 mejor_epoca=5 (1.2 min)
2026-09-27 02:01:34,903 INFO COMBINED/no_dn fold 0: config 4 (lr=0.0001, dropout=0.4) epoca 1: train_loss=0.5798 val_loss=0.3043 val_BA=0.750 mejor_epoca=1
2026-09-27 02:01:37,388 INFO COMBINED/no_dn fold 0: config 4 (lr=0.0001, dropout=0.4) epoca 2: train_loss=0.4015 val_loss=0.3716 val_BA=1.000 mejor_epoca=2
2026-09-27 02:01:57,884 INFO COMBINED/no_dn fold 0: config 4 (lr=0.0001, dropout=0.4) epoca 10: train_loss=0.0868 val_loss=0.1632 val_BA=0.900 mejor_epoca=2
2026-09-27 02:02:22,443 INFO COMBINED/no_dn fold 0: config 4 (lr=0.0001, dropout=0.4) epoca 20: train_loss=0.0038 val_loss=0.2015 val_BA=0.858 mejor_epoca=2
2026-09-27 02:02:22,467 INFO COMBINED/no_dn fold 0 config 4: OK val_BA=1.000 mejor_epoca=2 (0.8 min)
2026-09-27 02:02:24,932 INFO COMBINED/no_dn fold 0: config 5 (lr=0.0001, dropout=0.4) epoca 1: train_loss=0.4859 val_loss=0.2282 val_BA=0.750 mejor_epoca=1
2026-09-27 02:02:27,129 INFO COMBINED/no_dn fold 0: config 5 (lr=0.0001, dropout=0.4) epoca 2: train_loss=0.3209 val_loss=0.3264 val_BA=0.917 mejor_epoca=2
2026-09-27 02:02:35,750 INFO COMBINED/no_dn fold 0: config 5 (lr=0.0001, dropout=0.4) epoca 6: train_loss=0.0784 val_loss=0.2462 val_BA=0.958 mejor_epoca=6
2026-09-27 02:02:44,333 INFO COMBINED/no_dn fold 0: config 5 (lr=0.0001, dropout=0.4) epoca 10: train_loss=0.0175 val_loss=0.1439 val_BA=0.858 mejor_epoca=6
2026-09-27 02:02:48,633 INFO COMBINED/no_dn fold 0: config 5 (lr=0.0001, dropout=0.4) epoca 12: train_loss=0.0141 val_loss=0.1932 val_BA=0.958 mejor_epoca=12
2026-09-27 02:02:57,153 INFO COMBINED/no_dn fold 0: config 5 (lr=0.0001, dropout=0.4) epoca 16: train_loss=0.0172 val_loss=0.1879 val_BA=0.958 mejor_epoca=16
2026-09-27 02:03:05,720 INFO COMBINED/no_dn fold 0: config 5 (lr=0.0001, dropout=0.4) epoca 20: train_loss=0.0098 val_loss=0.1927 val_BA=0.850 mejor_epoca=16
2026-09-27 02:03:27,214 INFO COMBINED/no_dn fold 0: config 5 (lr=0.0001, dropout=0.4) epoca 30: train_loss=0.0213 val_loss=0.2343 val_BA=0.850 mejor_epoca=16
2026-09-27 02:03:29,353 INFO COMBINED/no_dn fold 0 config 5: OK val_BA=0.958 mejor_epoca=16 (1.1 min)
2026-09-27 02:03:33,126 INFO COMBINED/no_dn fold 0: config 6 (lr=0.0001, dropout=0.5) epoca 1: train_loss=0.5375 val_loss=0.2964 val_BA=0.900 mejor_epoca=1
2026-09-27 02:03:36,623 INFO COMBINED/no_dn fold 0: config 6 (lr=0.0001, dropout=0.5) epoca 2: train_loss=0.3292 val_loss=0.2396 val_BA=0.958 mejor_epoca=2
2026-09-27 02:04:03,487 INFO COMBINED/no_dn fold 0: config 6 (lr=0.0001, dropout=0.5) epoca 10: train_loss=0.0807 val_loss=0.2415 val_BA=0.858 mejor_epoca=2
2026-09-27 02:04:16,796 INFO COMBINED/no_dn fold 0: config 6 (lr=0.0001, dropout=0.5) epoca 14: train_loss=0.0978 val_loss=0.1815 val_BA=1.000 mejor_epoca=14
2026-09-27 02:04:36,559 INFO COMBINED/no_dn fold 0: config 6 (lr=0.0001, dropout=0.5) epoca 20: train_loss=0.1442 val_loss=0.3338 val_BA=0.950 mejor_epoca=14
2026-09-27 02:05:04,068 INFO COMBINED/no_dn fold 0: config 6 (lr=0.0001, dropout=0.5) epoca 28: train_loss=0.1235 val_loss=0.1627 val_BA=1.000 mejor_epoca=28
2026-09-27 02:05:10,952 INFO COMBINED/no_dn fold 0: config 6 (lr=0.0001, dropout=0.5) epoca 30: train_loss=0.0454 val_loss=0.2656 val_BA=1.000 mejor_epoca=28
2026-09-27 02:05:45,359 INFO COMBINED/no_dn fold 0: config 6 (lr=0.0001, dropout=0.5) epoca 40: train_loss=0.0136 val_loss=0.4470 val_BA=1.000 mejor_epoca=28
2026-09-27 02:05:55,651 INFO COMBINED/no_dn fold 0 config 6: OK val_BA=1.000 mejor_epoca=28 (2.4 min)
2026-09-27 02:05:58,079 INFO COMBINED/no_dn fold 0: config 7 (lr=0.0001, dropout=0.5) epoca 1: train_loss=0.5558 val_loss=0.4364 val_BA=0.867 mejor_epoca=1
2026-09-27 02:06:00,181 INFO COMBINED/no_dn fold 0: config 7 (lr=0.0001, dropout=0.5) epoca 2: train_loss=0.3818 val_loss=0.2821 val_BA=1.000 mejor_epoca=2
2026-09-27 02:06:17,175 INFO COMBINED/no_dn fold 0: config 7 (lr=0.0001, dropout=0.5) epoca 10: train_loss=0.0243 val_loss=0.1443 val_BA=0.850 mejor_epoca=2
2026-09-27 02:06:38,600 INFO COMBINED/no_dn fold 0: config 7 (lr=0.0001, dropout=0.5) epoca 20: train_loss=0.0186 val_loss=0.1962 val_BA=0.850 mejor_epoca=2
2026-09-27 02:06:38,624 INFO COMBINED/no_dn fold 0 config 7: OK val_BA=1.000 mejor_epoca=2 (0.7 min)
2026-09-27 02:06:41,052 INFO COMBINED/no_dn fold 0: config 8 (lr=0.0003, dropout=0.3) epoca 1: train_loss=0.5628 val_loss=0.3182 val_BA=0.700 mejor_epoca=1
2026-09-27 02:06:43,163 INFO COMBINED/no_dn fold 0: config 8 (lr=0.0003, dropout=0.3) epoca 2: train_loss=0.3943 val_loss=0.2956 val_BA=0.800 mejor_epoca=2
2026-09-27 02:06:45,265 INFO COMBINED/no_dn fold 0: config 8 (lr=0.0003, dropout=0.3) epoca 3: train_loss=0.2832 val_loss=0.2165 val_BA=0.800 mejor_epoca=3
2026-09-27 02:06:49,470 INFO COMBINED/no_dn fold 0: config 8 (lr=0.0003, dropout=0.3) epoca 5: train_loss=0.2117 val_loss=0.1785 val_BA=0.850 mejor_epoca=5
2026-09-27 02:06:53,707 INFO COMBINED/no_dn fold 0: config 8 (lr=0.0003, dropout=0.3) epoca 7: train_loss=0.1077 val_loss=0.3100 val_BA=0.858 mejor_epoca=7
2026-09-27 02:06:55,781 INFO COMBINED/no_dn fold 0: config 8 (lr=0.0003, dropout=0.3) epoca 8: train_loss=0.0650 val_loss=0.1566 val_BA=0.900 mejor_epoca=8
2026-09-27 02:06:59,935 INFO COMBINED/no_dn fold 0: config 8 (lr=0.0003, dropout=0.3) epoca 10: train_loss=0.0608 val_loss=0.2408 val_BA=1.000 mejor_epoca=10
2026-09-27 02:07:14,607 INFO COMBINED/no_dn fold 0: config 8 (lr=0.0003, dropout=0.3) epoca 17: train_loss=0.0231 val_loss=0.2278 val_BA=1.000 mejor_epoca=17
2026-09-27 02:07:20,844 INFO COMBINED/no_dn fold 0: config 8 (lr=0.0003, dropout=0.3) epoca 20: train_loss=0.0357 val_loss=0.1726 val_BA=0.950 mejor_epoca=17
2026-09-27 02:07:42,032 INFO COMBINED/no_dn fold 0: config 8 (lr=0.0003, dropout=0.3) epoca 30: train_loss=0.0280 val_loss=0.2635 val_BA=0.858 mejor_epoca=17
2026-09-27 02:07:44,156 INFO COMBINED/no_dn fold 0: config 8 (lr=0.0003, dropout=0.3) epoca 31: train_loss=0.0012 val_loss=0.2261 val_BA=1.000 mejor_epoca=31
2026-09-27 02:08:03,074 INFO COMBINED/no_dn fold 0: config 8 (lr=0.0003, dropout=0.3) epoca 40: train_loss=0.0005 val_loss=0.2497 val_BA=0.850 mejor_epoca=31
2026-09-27 02:08:16,048 INFO COMBINED/no_dn fold 0 config 8: OK val_BA=1.000 mejor_epoca=31 (1.6 min)
2026-09-27 02:08:18,962 INFO COMBINED/no_dn fold 0: config 9 (lr=0.0003, dropout=0.4) epoca 1: train_loss=0.5822 val_loss=0.3398 val_BA=0.500 mejor_epoca=1
2026-09-27 02:08:21,487 INFO COMBINED/no_dn fold 0: config 9 (lr=0.0003, dropout=0.4) epoca 2: train_loss=0.4638 val_loss=0.1645 val_BA=0.950 mejor_epoca=2
2026-09-27 02:08:26,381 INFO COMBINED/no_dn fold 0: config 9 (lr=0.0003, dropout=0.4) epoca 4: train_loss=0.2624 val_loss=0.1804 val_BA=0.958 mejor_epoca=4
2026-09-27 02:08:41,194 INFO COMBINED/no_dn fold 0: config 9 (lr=0.0003, dropout=0.4) epoca 10: train_loss=0.0815 val_loss=0.2081 val_BA=0.950 mejor_epoca=4
2026-09-27 02:09:05,789 INFO COMBINED/no_dn fold 0: config 9 (lr=0.0003, dropout=0.4) epoca 20: train_loss=0.0251 val_loss=0.2811 val_BA=0.858 mejor_epoca=4
2026-09-27 02:09:05,812 INFO COMBINED/no_dn fold 0 config 9: OK val_BA=0.958 mejor_epoca=4 (0.8 min)
2026-09-27 02:09:09,447 INFO COMBINED/no_dn fold 0: config 10 (lr=0.0003, dropout=0.4) epoca 1: train_loss=0.5766 val_loss=0.2928 val_BA=0.908 mejor_epoca=1
2026-09-27 02:09:19,569 INFO COMBINED/no_dn fold 0: config 10 (lr=0.0003, dropout=0.4) epoca 4: train_loss=0.3703 val_loss=0.2050 val_BA=0.950 mejor_epoca=4
2026-09-27 02:09:29,627 INFO COMBINED/no_dn fold 0: config 10 (lr=0.0003, dropout=0.4) epoca 7: train_loss=0.2491 val_loss=0.1463 val_BA=1.000 mejor_epoca=7
2026-09-27 02:09:39,834 INFO COMBINED/no_dn fold 0: config 10 (lr=0.0003, dropout=0.4) epoca 10: train_loss=0.2231 val_loss=0.1712 val_BA=0.950 mejor_epoca=7
2026-09-27 02:10:13,746 INFO COMBINED/no_dn fold 0: config 10 (lr=0.0003, dropout=0.4) epoca 20: train_loss=0.0624 val_loss=0.1778 val_BA=1.000 mejor_epoca=7
2026-09-27 02:10:20,260 INFO COMBINED/no_dn fold 0 config 10: OK val_BA=1.000 mejor_epoca=7 (1.2 min)
2026-09-27 02:10:22,660 INFO COMBINED/no_dn fold 0: config 11 (lr=0.0003, dropout=0.5) epoca 1: train_loss=0.5708 val_loss=0.2282 val_BA=0.700 mejor_epoca=1
2026-09-27 02:10:24,731 INFO COMBINED/no_dn fold 0: config 11 (lr=0.0003, dropout=0.5) epoca 2: train_loss=0.3612 val_loss=0.1664 val_BA=0.900 mejor_epoca=2
2026-09-27 02:10:26,796 INFO COMBINED/no_dn fold 0: config 11 (lr=0.0003, dropout=0.5) epoca 3: train_loss=0.3154 val_loss=0.7620 val_BA=0.958 mejor_epoca=3
2026-09-27 02:10:41,525 INFO COMBINED/no_dn fold 0: config 11 (lr=0.0003, dropout=0.5) epoca 10: train_loss=0.0381 val_loss=0.1629 val_BA=0.900 mejor_epoca=3
2026-09-27 02:11:02,526 INFO COMBINED/no_dn fold 0: config 11 (lr=0.0003, dropout=0.5) epoca 20: train_loss=0.0472 val_loss=0.2621 val_BA=0.858 mejor_epoca=3
2026-09-27 02:11:02,549 INFO COMBINED/no_dn fold 0 config 11: OK val_BA=0.958 mejor_epoca=3 (0.7 min)
2026-09-27 02:11:05,219 INFO COMBINED/no_dn fold 0: config 12 (lr=0.0003, dropout=0.5) epoca 1: train_loss=0.5914 val_loss=0.2787 val_BA=0.650 mejor_epoca=1
2026-09-27 02:11:07,576 INFO COMBINED/no_dn fold 0: config 12 (lr=0.0003, dropout=0.5) epoca 2: train_loss=0.3755 val_loss=0.2135 val_BA=1.000 mejor_epoca=2
2026-09-27 02:11:26,587 INFO COMBINED/no_dn fold 0: config 12 (lr=0.0003, dropout=0.5) epoca 10: train_loss=0.0303 val_loss=0.2369 val_BA=0.908 mejor_epoca=2
2026-09-27 02:11:50,655 INFO COMBINED/no_dn fold 0: config 12 (lr=0.0003, dropout=0.5) epoca 20: train_loss=0.0424 val_loss=0.2746 val_BA=0.908 mejor_epoca=2
2026-09-27 02:11:50,678 INFO COMBINED/no_dn fold 0 config 12: OK val_BA=1.000 mejor_epoca=2 (0.8 min)
2026-09-27 02:11:54,429 INFO COMBINED/no_dn fold 0: config 13 (lr=0.001, dropout=0.2) epoca 1: train_loss=0.7327 val_loss=0.3933 val_BA=0.500 mejor_epoca=1
2026-09-27 02:11:57,876 INFO COMBINED/no_dn fold 0: config 13 (lr=0.001, dropout=0.2) epoca 2: train_loss=0.7358 val_loss=0.3708 val_BA=0.600 mejor_epoca=2
2026-09-27 02:12:01,092 INFO COMBINED/no_dn fold 0: config 13 (lr=0.001, dropout=0.2) epoca 3: train_loss=0.6546 val_loss=0.4625 val_BA=0.867 mejor_epoca=3
2026-09-27 02:12:24,724 INFO COMBINED/no_dn fold 0: config 13 (lr=0.001, dropout=0.2) epoca 10: train_loss=0.5762 val_loss=0.2192 val_BA=0.808 mejor_epoca=3
2026-09-27 02:12:35,231 INFO COMBINED/no_dn fold 0: config 13 (lr=0.001, dropout=0.2) epoca 13: train_loss=0.3711 val_loss=0.1727 val_BA=0.900 mejor_epoca=13
2026-09-27 02:12:38,678 INFO COMBINED/no_dn fold 0: config 13 (lr=0.001, dropout=0.2) epoca 14: train_loss=0.3180 val_loss=0.1410 val_BA=0.917 mejor_epoca=14
2026-09-27 02:12:45,602 INFO COMBINED/no_dn fold 0: config 13 (lr=0.001, dropout=0.2) epoca 16: train_loss=0.3067 val_loss=0.1548 val_BA=0.950 mejor_epoca=16
2026-09-27 02:12:58,854 INFO COMBINED/no_dn fold 0: config 13 (lr=0.001, dropout=0.2) epoca 20: train_loss=0.2856 val_loss=0.1651 val_BA=0.850 mejor_epoca=16
2026-09-27 02:13:32,943 INFO COMBINED/no_dn fold 0: config 13 (lr=0.001, dropout=0.2) epoca 30: train_loss=0.0549 val_loss=0.3163 val_BA=0.850 mejor_epoca=16
2026-09-27 02:13:36,409 INFO COMBINED/no_dn fold 0 config 13: OK val_BA=0.950 mejor_epoca=16 (1.8 min)
2026-09-27 02:13:38,864 INFO COMBINED/no_dn fold 0: config 14 (lr=0.001, dropout=0.3) epoca 1: train_loss=0.5832 val_loss=0.4292 val_BA=0.767 mejor_epoca=1
2026-09-27 02:13:41,067 INFO COMBINED/no_dn fold 0: config 14 (lr=0.001, dropout=0.3) epoca 2: train_loss=0.4537 val_loss=0.3029 val_BA=0.950 mejor_epoca=2
2026-09-27 02:13:53,821 INFO COMBINED/no_dn fold 0: config 14 (lr=0.001, dropout=0.3) epoca 8: train_loss=0.1483 val_loss=0.1503 val_BA=0.950 mejor_epoca=8
2026-09-27 02:13:58,074 INFO COMBINED/no_dn fold 0: config 14 (lr=0.001, dropout=0.3) epoca 10: train_loss=0.1014 val_loss=0.5341 val_BA=0.950 mejor_epoca=8
2026-09-27 02:14:19,789 INFO COMBINED/no_dn fold 0: config 14 (lr=0.001, dropout=0.3) epoca 20: train_loss=0.0235 val_loss=0.2232 val_BA=0.850 mejor_epoca=8
2026-09-27 02:14:26,228 INFO COMBINED/no_dn fold 0 config 14: OK val_BA=0.950 mejor_epoca=8 (0.8 min)
2026-09-27 02:14:28,988 INFO COMBINED/no_dn fold 0: config 15 (lr=0.001, dropout=0.3) epoca 1: train_loss=0.6393 val_loss=0.2624 val_BA=0.900 mejor_epoca=1
2026-09-27 02:14:36,341 INFO COMBINED/no_dn fold 0: config 15 (lr=0.001, dropout=0.3) epoca 4: train_loss=0.2898 val_loss=0.1418 val_BA=0.900 mejor_epoca=4
2026-09-27 02:14:41,192 INFO COMBINED/no_dn fold 0: config 15 (lr=0.001, dropout=0.3) epoca 6: train_loss=0.2246 val_loss=0.2871 val_BA=0.950 mejor_epoca=6
2026-09-27 02:14:51,028 INFO COMBINED/no_dn fold 0: config 15 (lr=0.001, dropout=0.3) epoca 10: train_loss=0.1542 val_loss=0.1781 val_BA=0.900 mejor_epoca=6
2026-09-27 02:14:55,957 INFO COMBINED/no_dn fold 0: config 15 (lr=0.001, dropout=0.3) epoca 12: train_loss=0.0780 val_loss=0.3197 val_BA=1.000 mejor_epoca=12
2026-09-27 02:15:15,400 INFO COMBINED/no_dn fold 0: config 15 (lr=0.001, dropout=0.3) epoca 20: train_loss=0.0340 val_loss=0.2008 val_BA=0.900 mejor_epoca=12
2026-09-27 02:15:32,066 INFO COMBINED/no_dn fold 0 config 15: OK val_BA=1.000 mejor_epoca=12 (1.1 min)
2026-09-27 02:15:35,748 INFO COMBINED/no_dn fold 0: config 16 (lr=0.001, dropout=0.4) epoca 1: train_loss=0.6284 val_loss=0.1633 val_BA=0.817 mejor_epoca=1
2026-09-27 02:15:39,092 INFO COMBINED/no_dn fold 0: config 16 (lr=0.001, dropout=0.4) epoca 2: train_loss=0.5332 val_loss=0.1148 val_BA=0.850 mejor_epoca=2
2026-09-27 02:15:42,422 INFO COMBINED/no_dn fold 0: config 16 (lr=0.001, dropout=0.4) epoca 3: train_loss=0.4824 val_loss=0.3577 val_BA=0.908 mejor_epoca=3
2026-09-27 02:15:49,103 INFO COMBINED/no_dn fold 0: config 16 (lr=0.001, dropout=0.4) epoca 5: train_loss=0.4278 val_loss=0.1305 val_BA=0.950 mejor_epoca=5
2026-09-27 02:16:05,891 INFO COMBINED/no_dn fold 0: config 16 (lr=0.001, dropout=0.4) epoca 10: train_loss=0.2704 val_loss=0.2165 val_BA=1.000 mejor_epoca=10
2026-09-27 02:16:39,554 INFO COMBINED/no_dn fold 0: config 16 (lr=0.001, dropout=0.4) epoca 20: train_loss=0.1445 val_loss=0.1762 val_BA=0.900 mejor_epoca=10
2026-09-27 02:16:55,965 INFO COMBINED/no_dn fold 0 config 16: OK val_BA=1.000 mejor_epoca=10 (1.4 min)
2026-09-27 02:16:58,618 INFO COMBINED/no_dn fold 0: config 17 (lr=0.001, dropout=0.5) epoca 1: train_loss=0.6439 val_loss=0.5713 val_BA=0.958 mejor_epoca=1
2026-09-27 02:17:20,794 INFO COMBINED/no_dn fold 0: config 17 (lr=0.001, dropout=0.5) epoca 10: train_loss=0.2747 val_loss=0.1030 val_BA=0.950 mejor_epoca=1
2026-09-27 02:17:45,076 INFO COMBINED/no_dn fold 0: config 17 (lr=0.001, dropout=0.5) epoca 20: train_loss=0.1164 val_loss=0.2173 val_BA=0.850 mejor_epoca=1
2026-09-27 02:17:45,101 INFO COMBINED/no_dn fold 0 config 17: OK val_BA=0.958 mejor_epoca=1 (0.8 min)
2026-09-27 02:17:47,595 INFO COMBINED/no_dn fold 0: config 18 (lr=0.001, dropout=0.5) epoca 1: train_loss=0.5555 val_loss=0.2067 val_BA=0.800 mejor_epoca=1
2026-09-27 02:17:53,976 INFO COMBINED/no_dn fold 0: config 18 (lr=0.001, dropout=0.5) epoca 4: train_loss=0.3086 val_loss=0.4323 val_BA=0.908 mejor_epoca=4
2026-09-27 02:17:56,092 INFO COMBINED/no_dn fold 0: config 18 (lr=0.001, dropout=0.5) epoca 5: train_loss=0.3055 val_loss=0.3482 val_BA=0.908 mejor_epoca=5
2026-09-27 02:17:58,229 INFO COMBINED/no_dn fold 0: config 18 (lr=0.001, dropout=0.5) epoca 6: train_loss=0.2839 val_loss=0.6222 val_BA=1.000 mejor_epoca=6
2026-09-27 02:18:06,782 INFO COMBINED/no_dn fold 0: config 18 (lr=0.001, dropout=0.5) epoca 10: train_loss=0.1549 val_loss=0.1721 val_BA=0.950 mejor_epoca=6
2026-09-27 02:18:28,351 INFO COMBINED/no_dn fold 0: config 18 (lr=0.001, dropout=0.5) epoca 20: train_loss=0.0174 val_loss=0.5736 val_BA=0.908 mejor_epoca=6
2026-09-27 02:18:30,604 INFO COMBINED/no_dn fold 0 config 18: OK val_BA=1.000 mejor_epoca=6 (0.8 min)
2026-09-27 02:18:33,076 INFO COMBINED/no_dn fold 0: config 19 (lr=0.001, dropout=0.5) epoca 1: train_loss=0.5295 val_loss=0.2711 val_BA=0.700 mejor_epoca=1
2026-09-27 02:18:37,434 INFO COMBINED/no_dn fold 0: config 19 (lr=0.001, dropout=0.5) epoca 3: train_loss=0.4176 val_loss=0.2102 val_BA=0.850 mejor_epoca=3
2026-09-27 02:18:46,039 INFO COMBINED/no_dn fold 0: config 19 (lr=0.001, dropout=0.5) epoca 7: train_loss=0.1804 val_loss=0.2462 val_BA=0.900 mejor_epoca=7
2026-09-27 02:18:48,188 INFO COMBINED/no_dn fold 0: config 19 (lr=0.001, dropout=0.5) epoca 8: train_loss=0.1658 val_loss=0.5623 val_BA=0.950 mejor_epoca=8
2026-09-27 02:18:52,449 INFO COMBINED/no_dn fold 0: config 19 (lr=0.001, dropout=0.5) epoca 10: train_loss=0.1163 val_loss=0.6914 val_BA=0.958 mejor_epoca=10
2026-09-27 02:19:14,324 INFO COMBINED/no_dn fold 0: config 19 (lr=0.001, dropout=0.5) epoca 20: train_loss=0.0580 val_loss=0.1778 val_BA=0.700 mejor_epoca=10
2026-09-27 02:19:25,347 INFO COMBINED/no_dn fold 0 config 19: OK val_BA=0.958 mejor_epoca=10 (0.9 min)
2026-09-27 02:19:25,914 INFO COMBINED/no_dn fold 1: log-mel no_dn listo en 0.5 s, forma (4902, 1, 64, 309)
2026-09-27 02:19:25,929 INFO COMBINED/no_dn fold 1: 84/22 pacientes train/validation, 20 de 20 configuracion(es) por evaluar
2026-09-27 02:19:29,733 INFO COMBINED/no_dn fold 1: config 0 (lr=0.0001, dropout=0.3) epoca 1: train_loss=0.4758 val_loss=0.3110 val_BA=0.833 mejor_epoca=1
2026-09-27 02:20:00,484 INFO COMBINED/no_dn fold 1: config 0 (lr=0.0001, dropout=0.3) epoca 10: train_loss=0.0204 val_loss=0.6058 val_BA=0.756 mejor_epoca=1
2026-09-27 02:20:24,057 INFO COMBINED/no_dn fold 1: config 0 (lr=0.0001, dropout=0.3) epoca 17: train_loss=0.0240 val_loss=0.6747 val_BA=0.868 mejor_epoca=17
2026-09-27 02:20:34,287 INFO COMBINED/no_dn fold 1: config 0 (lr=0.0001, dropout=0.3) epoca 20: train_loss=0.0710 val_loss=0.7863 val_BA=0.812 mejor_epoca=17
2026-09-27 02:21:09,306 INFO COMBINED/no_dn fold 1: config 0 (lr=0.0001, dropout=0.3) epoca 30: train_loss=0.0093 val_loss=0.7624 val_BA=0.701 mejor_epoca=17
2026-09-27 02:21:16,217 INFO COMBINED/no_dn fold 1 config 0: OK val_BA=0.868 mejor_epoca=17 (1.8 min)
2026-09-27 02:21:18,687 INFO COMBINED/no_dn fold 1: config 1 (lr=0.0001, dropout=0.3) epoca 1: train_loss=0.5433 val_loss=0.7418 val_BA=0.846 mejor_epoca=1
2026-09-27 02:21:25,214 INFO COMBINED/no_dn fold 1: config 1 (lr=0.0001, dropout=0.3) epoca 4: train_loss=0.1202 val_loss=0.3662 val_BA=0.868 mejor_epoca=4
2026-09-27 02:21:38,115 INFO COMBINED/no_dn fold 1: config 1 (lr=0.0001, dropout=0.3) epoca 10: train_loss=0.0184 val_loss=0.4131 val_BA=0.701 mejor_epoca=4
2026-09-27 02:21:59,857 INFO COMBINED/no_dn fold 1: config 1 (lr=0.0001, dropout=0.3) epoca 20: train_loss=0.0047 val_loss=0.4114 val_BA=0.812 mejor_epoca=4
2026-09-27 02:21:59,881 INFO COMBINED/no_dn fold 1 config 1: OK val_BA=0.868 mejor_epoca=4 (0.7 min)
2026-09-27 02:22:02,682 INFO COMBINED/no_dn fold 1: config 2 (lr=0.0001, dropout=0.4) epoca 1: train_loss=0.4948 val_loss=0.4271 val_BA=0.829 mejor_epoca=1
2026-09-27 02:22:05,167 INFO COMBINED/no_dn fold 1: config 2 (lr=0.0001, dropout=0.4) epoca 2: train_loss=0.2720 val_loss=0.4825 val_BA=0.868 mejor_epoca=2
2026-09-27 02:22:10,173 INFO COMBINED/no_dn fold 1: config 2 (lr=0.0001, dropout=0.4) epoca 4: train_loss=0.1121 val_loss=0.3860 val_BA=0.868 mejor_epoca=4
2026-09-27 02:22:25,000 INFO COMBINED/no_dn fold 1: config 2 (lr=0.0001, dropout=0.4) epoca 10: train_loss=0.0172 val_loss=0.4056 val_BA=0.756 mejor_epoca=4
2026-09-27 02:22:49,290 INFO COMBINED/no_dn fold 1: config 2 (lr=0.0001, dropout=0.4) epoca 20: train_loss=0.0148 val_loss=0.5402 val_BA=0.756 mejor_epoca=4
2026-09-27 02:22:49,313 INFO COMBINED/no_dn fold 1 config 2: OK val_BA=0.868 mejor_epoca=4 (0.8 min)
2026-09-27 02:22:53,144 INFO COMBINED/no_dn fold 1: config 3 (lr=0.0001, dropout=0.4) epoca 1: train_loss=0.4706 val_loss=0.6673 val_BA=0.829 mejor_epoca=1
2026-09-27 02:23:23,798 INFO COMBINED/no_dn fold 1: config 3 (lr=0.0001, dropout=0.4) epoca 10: train_loss=0.0372 val_loss=0.4608 val_BA=0.756 mejor_epoca=1
2026-09-27 02:23:57,734 INFO COMBINED/no_dn fold 1: config 3 (lr=0.0001, dropout=0.4) epoca 20: train_loss=0.0627 val_loss=0.5491 val_BA=0.756 mejor_epoca=1
2026-09-27 02:23:57,757 INFO COMBINED/no_dn fold 1 config 3: OK val_BA=0.829 mejor_epoca=1 (1.1 min)
2026-09-27 02:24:00,543 INFO COMBINED/no_dn fold 1: config 4 (lr=0.0001, dropout=0.4) epoca 1: train_loss=0.6119 val_loss=0.6187 val_BA=0.791 mejor_epoca=1
2026-09-27 02:24:03,037 INFO COMBINED/no_dn fold 1: config 4 (lr=0.0001, dropout=0.4) epoca 2: train_loss=0.3350 val_loss=0.4016 val_BA=0.868 mejor_epoca=2
2026-09-27 02:24:22,202 INFO COMBINED/no_dn fold 1: config 4 (lr=0.0001, dropout=0.4) epoca 10: train_loss=0.0117 val_loss=0.4462 val_BA=0.756 mejor_epoca=2
2026-09-27 02:24:46,359 INFO COMBINED/no_dn fold 1: config 4 (lr=0.0001, dropout=0.4) epoca 20: train_loss=0.0209 val_loss=0.4940 val_BA=0.756 mejor_epoca=2
2026-09-27 02:24:46,384 INFO COMBINED/no_dn fold 1 config 4: OK val_BA=0.868 mejor_epoca=2 (0.8 min)
2026-09-27 02:24:48,855 INFO COMBINED/no_dn fold 1: config 5 (lr=0.0001, dropout=0.4) epoca 1: train_loss=0.5721 val_loss=0.5068 val_BA=0.868 mejor_epoca=1
2026-09-27 02:24:57,583 INFO COMBINED/no_dn fold 1: config 5 (lr=0.0001, dropout=0.4) epoca 5: train_loss=0.1051 val_loss=0.3736 val_BA=0.868 mejor_epoca=5
2026-09-27 02:25:08,394 INFO COMBINED/no_dn fold 1: config 5 (lr=0.0001, dropout=0.4) epoca 10: train_loss=0.0267 val_loss=0.2563 val_BA=0.812 mejor_epoca=5
2026-09-27 02:25:29,635 INFO COMBINED/no_dn fold 1: config 5 (lr=0.0001, dropout=0.4) epoca 20: train_loss=0.0240 val_loss=0.3256 val_BA=0.812 mejor_epoca=5
2026-09-27 02:25:29,659 INFO COMBINED/no_dn fold 1 config 5: OK val_BA=0.868 mejor_epoca=5 (0.7 min)
2026-09-27 02:25:33,480 INFO COMBINED/no_dn fold 1: config 6 (lr=0.0001, dropout=0.5) epoca 1: train_loss=0.5190 val_loss=0.5549 val_BA=0.829 mejor_epoca=1
2026-09-27 02:25:43,610 INFO COMBINED/no_dn fold 1: config 6 (lr=0.0001, dropout=0.5) epoca 4: train_loss=0.1122 val_loss=0.2111 val_BA=0.850 mejor_epoca=4
2026-09-27 02:26:04,198 INFO COMBINED/no_dn fold 1: config 6 (lr=0.0001, dropout=0.5) epoca 10: train_loss=0.0427 val_loss=0.4260 val_BA=0.795 mejor_epoca=4
2026-09-27 02:26:38,313 INFO COMBINED/no_dn fold 1: config 6 (lr=0.0001, dropout=0.5) epoca 20: train_loss=0.0490 val_loss=0.8840 val_BA=0.756 mejor_epoca=4
2026-09-27 02:26:38,336 INFO COMBINED/no_dn fold 1 config 6: OK val_BA=0.850 mejor_epoca=4 (1.1 min)
2026-09-27 02:26:40,767 INFO COMBINED/no_dn fold 1: config 7 (lr=0.0001, dropout=0.5) epoca 1: train_loss=0.5302 val_loss=0.6680 val_BA=0.675 mejor_epoca=1
2026-09-27 02:26:42,880 INFO COMBINED/no_dn fold 1: config 7 (lr=0.0001, dropout=0.5) epoca 2: train_loss=0.3459 val_loss=0.6366 val_BA=0.735 mejor_epoca=2
2026-09-27 02:26:44,988 INFO COMBINED/no_dn fold 1: config 7 (lr=0.0001, dropout=0.5) epoca 3: train_loss=0.2219 val_loss=0.4605 val_BA=0.868 mejor_epoca=3
2026-09-27 02:27:00,021 INFO COMBINED/no_dn fold 1: config 7 (lr=0.0001, dropout=0.5) epoca 10: train_loss=0.0215 val_loss=0.2779 val_BA=0.795 mejor_epoca=3
2026-09-27 02:27:21,328 INFO COMBINED/no_dn fold 1: config 7 (lr=0.0001, dropout=0.5) epoca 20: train_loss=0.0220 val_loss=0.2636 val_BA=0.756 mejor_epoca=3
2026-09-27 02:27:21,352 INFO COMBINED/no_dn fold 1 config 7: OK val_BA=0.868 mejor_epoca=3 (0.7 min)
2026-09-27 02:27:23,734 INFO COMBINED/no_dn fold 1: config 8 (lr=0.0003, dropout=0.3) epoca 1: train_loss=0.4736 val_loss=0.3276 val_BA=0.756 mejor_epoca=1
2026-09-27 02:27:27,978 INFO COMBINED/no_dn fold 1: config 8 (lr=0.0003, dropout=0.3) epoca 3: train_loss=0.1146 val_loss=0.7752 val_BA=0.829 mejor_epoca=3
2026-09-27 02:27:42,868 INFO COMBINED/no_dn fold 1: config 8 (lr=0.0003, dropout=0.3) epoca 10: train_loss=0.0203 val_loss=0.5320 val_BA=0.756 mejor_epoca=3
2026-09-27 02:27:49,209 INFO COMBINED/no_dn fold 1: config 8 (lr=0.0003, dropout=0.3) epoca 13: train_loss=0.0244 val_loss=0.5252 val_BA=0.868 mejor_epoca=13
2026-09-27 02:28:04,002 INFO COMBINED/no_dn fold 1: config 8 (lr=0.0003, dropout=0.3) epoca 20: train_loss=0.0440 val_loss=0.5443 val_BA=0.868 mejor_epoca=13
2026-09-27 02:28:20,946 INFO COMBINED/no_dn fold 1 config 8: OK val_BA=0.868 mejor_epoca=13 (1.0 min)
2026-09-27 02:28:23,745 INFO COMBINED/no_dn fold 1: config 9 (lr=0.0003, dropout=0.4) epoca 1: train_loss=0.5096 val_loss=0.4368 val_BA=0.662 mejor_epoca=1
2026-09-27 02:28:26,281 INFO COMBINED/no_dn fold 1: config 9 (lr=0.0003, dropout=0.4) epoca 2: train_loss=0.2869 val_loss=0.3353 val_BA=0.812 mejor_epoca=2
2026-09-27 02:28:45,709 INFO COMBINED/no_dn fold 1: config 9 (lr=0.0003, dropout=0.4) epoca 10: train_loss=0.0762 val_loss=0.5161 val_BA=0.756 mejor_epoca=2
2026-09-27 02:29:10,070 INFO COMBINED/no_dn fold 1: config 9 (lr=0.0003, dropout=0.4) epoca 20: train_loss=0.0774 val_loss=0.5868 val_BA=0.756 mejor_epoca=2
2026-09-27 02:29:10,092 INFO COMBINED/no_dn fold 1 config 9: OK val_BA=0.812 mejor_epoca=2 (0.8 min)
2026-09-27 02:29:13,705 INFO COMBINED/no_dn fold 1: config 10 (lr=0.0003, dropout=0.4) epoca 1: train_loss=0.5748 val_loss=0.6164 val_BA=0.658 mejor_epoca=1
2026-09-27 02:29:20,462 INFO COMBINED/no_dn fold 1: config 10 (lr=0.0003, dropout=0.4) epoca 3: train_loss=0.2959 val_loss=0.3872 val_BA=0.756 mejor_epoca=3
2026-09-27 02:29:30,294 INFO COMBINED/no_dn fold 1: config 10 (lr=0.0003, dropout=0.4) epoca 6: train_loss=0.1333 val_loss=0.4229 val_BA=0.812 mejor_epoca=6
2026-09-27 02:29:33,711 INFO COMBINED/no_dn fold 1: config 10 (lr=0.0003, dropout=0.4) epoca 7: train_loss=0.1701 val_loss=0.4181 val_BA=0.812 mejor_epoca=7
2026-09-27 02:29:43,559 INFO COMBINED/no_dn fold 1: config 10 (lr=0.0003, dropout=0.4) epoca 10: train_loss=0.1090 val_loss=0.4109 val_BA=0.701 mejor_epoca=7
2026-09-27 02:30:13,365 INFO COMBINED/no_dn fold 1: config 10 (lr=0.0003, dropout=0.4) epoca 19: train_loss=0.1393 val_loss=0.4475 val_BA=0.850 mejor_epoca=19
2026-09-27 02:30:16,794 INFO COMBINED/no_dn fold 1: config 10 (lr=0.0003, dropout=0.4) epoca 20: train_loss=0.0485 val_loss=0.6018 val_BA=0.812 mejor_epoca=19
2026-09-27 02:30:49,949 INFO COMBINED/no_dn fold 1: config 10 (lr=0.0003, dropout=0.4) epoca 30: train_loss=0.0305 val_loss=0.6295 val_BA=0.812 mejor_epoca=19
2026-09-27 02:31:03,406 INFO COMBINED/no_dn fold 1 config 10: OK val_BA=0.850 mejor_epoca=19 (1.9 min)
2026-09-27 02:31:05,818 INFO COMBINED/no_dn fold 1: config 11 (lr=0.0003, dropout=0.5) epoca 1: train_loss=0.4838 val_loss=0.2192 val_BA=0.739 mejor_epoca=1
2026-09-27 02:31:10,154 INFO COMBINED/no_dn fold 1: config 11 (lr=0.0003, dropout=0.5) epoca 3: train_loss=0.1772 val_loss=0.4593 val_BA=0.812 mejor_epoca=3
2026-09-27 02:31:12,241 INFO COMBINED/no_dn fold 1: config 11 (lr=0.0003, dropout=0.5) epoca 4: train_loss=0.1237 val_loss=0.3451 val_BA=0.812 mejor_epoca=4
2026-09-27 02:31:24,847 INFO COMBINED/no_dn fold 1: config 11 (lr=0.0003, dropout=0.5) epoca 10: train_loss=0.0445 val_loss=0.5338 val_BA=0.701 mejor_epoca=4
2026-09-27 02:31:29,142 INFO COMBINED/no_dn fold 1: config 11 (lr=0.0003, dropout=0.5) epoca 12: train_loss=0.0103 val_loss=0.8651 val_BA=0.868 mejor_epoca=12
2026-09-27 02:31:46,512 INFO COMBINED/no_dn fold 1: config 11 (lr=0.0003, dropout=0.5) epoca 20: train_loss=0.0041 val_loss=0.3291 val_BA=0.701 mejor_epoca=12
2026-09-27 02:32:01,500 INFO COMBINED/no_dn fold 1 config 11: OK val_BA=0.868 mejor_epoca=12 (1.0 min)
2026-09-27 02:32:04,212 INFO COMBINED/no_dn fold 1: config 12 (lr=0.0003, dropout=0.5) epoca 1: train_loss=0.6126 val_loss=0.5429 val_BA=0.774 mejor_epoca=1
2026-09-27 02:32:16,576 INFO COMBINED/no_dn fold 1: config 12 (lr=0.0003, dropout=0.5) epoca 6: train_loss=0.0857 val_loss=0.3644 val_BA=0.812 mejor_epoca=6
2026-09-27 02:32:26,326 INFO COMBINED/no_dn fold 1: config 12 (lr=0.0003, dropout=0.5) epoca 10: train_loss=0.0447 val_loss=0.4297 val_BA=0.812 mejor_epoca=6
2026-09-27 02:32:50,890 INFO COMBINED/no_dn fold 1: config 12 (lr=0.0003, dropout=0.5) epoca 20: train_loss=0.0311 val_loss=0.4132 val_BA=0.756 mejor_epoca=6
2026-09-27 02:32:53,364 INFO COMBINED/no_dn fold 1 config 12: OK val_BA=0.812 mejor_epoca=6 (0.9 min)
2026-09-27 02:32:57,082 INFO COMBINED/no_dn fold 1: config 13 (lr=0.001, dropout=0.2) epoca 1: train_loss=0.5750 val_loss=0.7033 val_BA=0.641 mejor_epoca=1
2026-09-27 02:33:00,500 INFO COMBINED/no_dn fold 1: config 13 (lr=0.001, dropout=0.2) epoca 2: train_loss=0.4939 val_loss=0.2650 val_BA=0.701 mejor_epoca=2
2026-09-27 02:33:03,901 INFO COMBINED/no_dn fold 1: config 13 (lr=0.001, dropout=0.2) epoca 3: train_loss=0.4081 val_loss=0.3175 val_BA=0.756 mejor_epoca=3
2026-09-27 02:33:10,821 INFO COMBINED/no_dn fold 1: config 13 (lr=0.001, dropout=0.2) epoca 5: train_loss=0.3327 val_loss=0.2746 val_BA=0.756 mejor_epoca=5
2026-09-27 02:33:17,538 INFO COMBINED/no_dn fold 1: config 13 (lr=0.001, dropout=0.2) epoca 7: train_loss=0.2047 val_loss=0.4290 val_BA=0.812 mejor_epoca=7
2026-09-27 02:33:27,548 INFO COMBINED/no_dn fold 1: config 13 (lr=0.001, dropout=0.2) epoca 10: train_loss=0.1245 val_loss=0.5974 val_BA=0.756 mejor_epoca=7
2026-09-27 02:34:01,592 INFO COMBINED/no_dn fold 1: config 13 (lr=0.001, dropout=0.2) epoca 20: train_loss=0.0426 val_loss=0.7238 val_BA=0.756 mejor_epoca=7
2026-09-27 02:34:08,501 INFO COMBINED/no_dn fold 1 config 13: OK val_BA=0.812 mejor_epoca=7 (1.3 min)
2026-09-27 02:34:10,883 INFO COMBINED/no_dn fold 1: config 14 (lr=0.001, dropout=0.3) epoca 1: train_loss=0.4976 val_loss=0.2468 val_BA=0.645 mejor_epoca=1
2026-09-27 02:34:12,978 INFO COMBINED/no_dn fold 1: config 14 (lr=0.001, dropout=0.3) epoca 2: train_loss=0.4257 val_loss=0.4718 val_BA=0.739 mejor_epoca=2
2026-09-27 02:34:15,094 INFO COMBINED/no_dn fold 1: config 14 (lr=0.001, dropout=0.3) epoca 3: train_loss=0.3200 val_loss=0.3313 val_BA=0.756 mejor_epoca=3
2026-09-27 02:34:17,233 INFO COMBINED/no_dn fold 1: config 14 (lr=0.001, dropout=0.3) epoca 4: train_loss=0.2338 val_loss=0.2562 val_BA=0.756 mejor_epoca=4
2026-09-27 02:34:19,353 INFO COMBINED/no_dn fold 1: config 14 (lr=0.001, dropout=0.3) epoca 5: train_loss=0.1718 val_loss=0.5013 val_BA=0.812 mejor_epoca=5
2026-09-27 02:34:30,044 INFO COMBINED/no_dn fold 1: config 14 (lr=0.001, dropout=0.3) epoca 10: train_loss=0.0890 val_loss=0.6049 val_BA=0.812 mejor_epoca=5
2026-09-27 02:34:38,575 INFO COMBINED/no_dn fold 1: config 14 (lr=0.001, dropout=0.3) epoca 14: train_loss=0.0194 val_loss=0.3997 val_BA=0.812 mejor_epoca=14
2026-09-27 02:34:44,974 INFO COMBINED/no_dn fold 1: config 14 (lr=0.001, dropout=0.3) epoca 17: train_loss=0.0548 val_loss=0.3108 val_BA=0.850 mejor_epoca=17
2026-09-27 02:34:51,477 INFO COMBINED/no_dn fold 1: config 14 (lr=0.001, dropout=0.3) epoca 20: train_loss=0.0445 val_loss=0.3551 val_BA=0.812 mejor_epoca=17
2026-09-27 02:35:12,684 INFO COMBINED/no_dn fold 1: config 14 (lr=0.001, dropout=0.3) epoca 30: train_loss=0.0167 val_loss=0.6563 val_BA=0.812 mejor_epoca=17
2026-09-27 02:35:16,947 INFO COMBINED/no_dn fold 1 config 14: OK val_BA=0.850 mejor_epoca=17 (1.1 min)
2026-09-27 02:35:19,632 INFO COMBINED/no_dn fold 1: config 15 (lr=0.001, dropout=0.3) epoca 1: train_loss=0.6474 val_loss=0.7392 val_BA=0.675 mejor_epoca=1
2026-09-27 02:35:22,056 INFO COMBINED/no_dn fold 1: config 15 (lr=0.001, dropout=0.3) epoca 2: train_loss=0.4525 val_loss=0.8145 val_BA=0.752 mejor_epoca=2
2026-09-27 02:35:29,203 INFO COMBINED/no_dn fold 1: config 15 (lr=0.001, dropout=0.3) epoca 5: train_loss=0.2040 val_loss=0.3427 val_BA=0.812 mejor_epoca=5
2026-09-27 02:35:31,622 INFO COMBINED/no_dn fold 1: config 15 (lr=0.001, dropout=0.3) epoca 6: train_loss=0.1823 val_loss=0.3025 val_BA=0.812 mejor_epoca=6
2026-09-27 02:35:34,180 INFO COMBINED/no_dn fold 1: config 15 (lr=0.001, dropout=0.3) epoca 7: train_loss=0.1480 val_loss=0.2376 val_BA=0.850 mejor_epoca=7
2026-09-27 02:35:41,481 INFO COMBINED/no_dn fold 1: config 15 (lr=0.001, dropout=0.3) epoca 10: train_loss=0.1049 val_loss=0.2927 val_BA=0.812 mejor_epoca=7
2026-09-27 02:35:53,684 INFO COMBINED/no_dn fold 1: config 15 (lr=0.001, dropout=0.3) epoca 15: train_loss=0.0511 val_loss=0.3515 val_BA=0.868 mejor_epoca=15
2026-09-27 02:36:05,772 INFO COMBINED/no_dn fold 1: config 15 (lr=0.001, dropout=0.3) epoca 20: train_loss=0.0254 val_loss=0.4352 val_BA=0.812 mejor_epoca=15
2026-09-27 02:36:30,634 INFO COMBINED/no_dn fold 1: config 15 (lr=0.001, dropout=0.3) epoca 30: train_loss=0.0199 val_loss=0.5145 val_BA=0.756 mejor_epoca=15
2026-09-27 02:36:30,659 INFO COMBINED/no_dn fold 1 config 15: OK val_BA=0.868 mejor_epoca=15 (1.2 min)
2026-09-27 02:36:34,284 INFO COMBINED/no_dn fold 1: config 16 (lr=0.001, dropout=0.4) epoca 1: train_loss=0.7113 val_loss=0.4559 val_BA=0.500 mejor_epoca=1
2026-09-27 02:36:37,595 INFO COMBINED/no_dn fold 1: config 16 (lr=0.001, dropout=0.4) epoca 2: train_loss=0.7263 val_loss=0.3388 val_BA=0.500 mejor_epoca=2
2026-09-27 02:36:41,030 INFO COMBINED/no_dn fold 1: config 16 (lr=0.001, dropout=0.4) epoca 3: train_loss=0.6212 val_loss=0.4778 val_BA=0.868 mejor_epoca=3
2026-09-27 02:36:47,923 INFO COMBINED/no_dn fold 1: config 16 (lr=0.001, dropout=0.4) epoca 5: train_loss=0.3518 val_loss=0.3209 val_BA=0.868 mejor_epoca=5
2026-09-27 02:37:04,914 INFO COMBINED/no_dn fold 1: config 16 (lr=0.001, dropout=0.4) epoca 10: train_loss=0.1383 val_loss=0.5555 val_BA=0.756 mejor_epoca=5
2026-09-27 02:37:39,660 INFO COMBINED/no_dn fold 1: config 16 (lr=0.001, dropout=0.4) epoca 20: train_loss=0.1121 val_loss=0.4446 val_BA=0.756 mejor_epoca=5
2026-09-27 02:37:39,683 INFO COMBINED/no_dn fold 1 config 16: OK val_BA=0.868 mejor_epoca=5 (1.2 min)
2026-09-27 02:37:42,566 INFO COMBINED/no_dn fold 1: config 17 (lr=0.001, dropout=0.5) epoca 1: train_loss=0.6416 val_loss=0.2878 val_BA=0.500 mejor_epoca=1
2026-09-27 02:37:45,151 INFO COMBINED/no_dn fold 1: config 17 (lr=0.001, dropout=0.5) epoca 2: train_loss=0.5059 val_loss=0.2070 val_BA=0.500 mejor_epoca=2
2026-09-27 02:37:47,583 INFO COMBINED/no_dn fold 1: config 17 (lr=0.001, dropout=0.5) epoca 3: train_loss=0.3425 val_loss=0.5401 val_BA=0.829 mejor_epoca=3
2026-09-27 02:37:54,911 INFO COMBINED/no_dn fold 1: config 17 (lr=0.001, dropout=0.5) epoca 6: train_loss=0.1884 val_loss=0.3755 val_BA=0.868 mejor_epoca=6
2026-09-27 02:38:04,596 INFO COMBINED/no_dn fold 1: config 17 (lr=0.001, dropout=0.5) epoca 10: train_loss=0.0896 val_loss=0.2910 val_BA=0.868 mejor_epoca=10
2026-09-27 02:38:28,885 INFO COMBINED/no_dn fold 1: config 17 (lr=0.001, dropout=0.5) epoca 20: train_loss=0.0539 val_loss=0.3260 val_BA=0.812 mejor_epoca=10
2026-09-27 02:38:41,077 INFO COMBINED/no_dn fold 1 config 17: OK val_BA=0.868 mejor_epoca=10 (1.0 min)
2026-09-27 02:38:43,461 INFO COMBINED/no_dn fold 1: config 18 (lr=0.001, dropout=0.5) epoca 1: train_loss=0.5338 val_loss=0.7549 val_BA=0.774 mejor_epoca=1
2026-09-27 02:38:47,661 INFO COMBINED/no_dn fold 1: config 18 (lr=0.001, dropout=0.5) epoca 3: train_loss=0.2545 val_loss=0.6315 val_BA=0.791 mejor_epoca=3
2026-09-27 02:38:52,036 INFO COMBINED/no_dn fold 1: config 18 (lr=0.001, dropout=0.5) epoca 5: train_loss=0.1747 val_loss=0.4894 val_BA=0.868 mejor_epoca=5
2026-09-27 02:39:02,732 INFO COMBINED/no_dn fold 1: config 18 (lr=0.001, dropout=0.5) epoca 10: train_loss=0.0484 val_loss=0.2840 val_BA=0.684 mejor_epoca=5
2026-09-27 02:39:23,981 INFO COMBINED/no_dn fold 1: config 18 (lr=0.001, dropout=0.5) epoca 20: train_loss=0.0521 val_loss=0.4344 val_BA=0.701 mejor_epoca=5
2026-09-27 02:39:24,007 INFO COMBINED/no_dn fold 1 config 18: OK val_BA=0.868 mejor_epoca=5 (0.7 min)
2026-09-27 02:39:26,456 INFO COMBINED/no_dn fold 1: config 19 (lr=0.001, dropout=0.5) epoca 1: train_loss=0.5228 val_loss=0.1896 val_BA=0.645 mejor_epoca=1
2026-09-27 02:39:28,561 INFO COMBINED/no_dn fold 1: config 19 (lr=0.001, dropout=0.5) epoca 2: train_loss=0.3335 val_loss=0.5889 val_BA=0.791 mejor_epoca=2
2026-09-27 02:39:30,679 INFO COMBINED/no_dn fold 1: config 19 (lr=0.001, dropout=0.5) epoca 3: train_loss=0.2296 val_loss=0.4397 val_BA=0.906 mejor_epoca=3
2026-09-27 02:39:45,637 INFO COMBINED/no_dn fold 1: config 19 (lr=0.001, dropout=0.5) epoca 10: train_loss=0.0305 val_loss=0.3386 val_BA=0.701 mejor_epoca=3
2026-09-27 02:40:06,456 INFO COMBINED/no_dn fold 1: config 19 (lr=0.001, dropout=0.5) epoca 20: train_loss=0.0091 val_loss=0.5053 val_BA=0.812 mejor_epoca=3
2026-09-27 02:40:06,478 INFO COMBINED/no_dn fold 1 config 19: OK val_BA=0.906 mejor_epoca=3 (0.7 min)
2026-09-27 02:40:07,013 INFO COMBINED/no_dn fold 2: log-mel no_dn listo en 0.5 s, forma (4902, 1, 64, 309)
2026-09-27 02:40:07,027 INFO COMBINED/no_dn fold 2: 85/21 pacientes train/validation, 20 de 20 configuracion(es) por evaluar
2026-09-27 02:40:10,222 INFO COMBINED/no_dn fold 2: config 0 (lr=0.0001, dropout=0.3) epoca 1: train_loss=0.4905 val_loss=0.3582 val_BA=0.759 mejor_epoca=1
2026-09-27 02:40:13,350 INFO COMBINED/no_dn fold 2: config 0 (lr=0.0001, dropout=0.3) epoca 2: train_loss=0.3105 val_loss=0.3158 val_BA=0.805 mejor_epoca=2
2026-09-27 02:40:19,499 INFO COMBINED/no_dn fold 2: config 0 (lr=0.0001, dropout=0.3) epoca 4: train_loss=0.1870 val_loss=0.2963 val_BA=0.855 mejor_epoca=4
2026-09-27 02:40:37,221 INFO COMBINED/no_dn fold 2: config 0 (lr=0.0001, dropout=0.3) epoca 10: train_loss=0.0361 val_loss=0.2334 val_BA=0.850 mejor_epoca=4
2026-09-27 02:40:46,356 INFO COMBINED/no_dn fold 2: config 0 (lr=0.0001, dropout=0.3) epoca 13: train_loss=0.0420 val_loss=0.2502 val_BA=0.900 mejor_epoca=13
2026-09-27 02:41:07,882 INFO COMBINED/no_dn fold 2: config 0 (lr=0.0001, dropout=0.3) epoca 20: train_loss=0.0615 val_loss=0.3926 val_BA=0.805 mejor_epoca=13
2026-09-27 02:41:31,951 INFO COMBINED/no_dn fold 2 config 0: OK val_BA=0.900 mejor_epoca=13 (1.4 min)
2026-09-27 02:41:34,204 INFO COMBINED/no_dn fold 2: config 1 (lr=0.0001, dropout=0.3) epoca 1: train_loss=0.5691 val_loss=0.4187 val_BA=0.614 mejor_epoca=1
2026-09-27 02:41:36,195 INFO COMBINED/no_dn fold 2: config 1 (lr=0.0001, dropout=0.3) epoca 2: train_loss=0.3600 val_loss=0.2527 val_BA=0.650 mejor_epoca=2
2026-09-27 02:41:40,216 INFO COMBINED/no_dn fold 2: config 1 (lr=0.0001, dropout=0.3) epoca 4: train_loss=0.2010 val_loss=0.5978 val_BA=0.814 mejor_epoca=4
2026-09-27 02:41:52,150 INFO COMBINED/no_dn fold 2: config 1 (lr=0.0001, dropout=0.3) epoca 10: train_loss=0.0258 val_loss=0.2078 val_BA=0.755 mejor_epoca=4
2026-09-27 02:42:12,301 INFO COMBINED/no_dn fold 2: config 1 (lr=0.0001, dropout=0.3) epoca 20: train_loss=0.0108 val_loss=0.1811 val_BA=0.705 mejor_epoca=4
2026-09-27 02:42:12,324 INFO COMBINED/no_dn fold 2 config 1: OK val_BA=0.814 mejor_epoca=4 (0.7 min)
2026-09-27 02:42:14,982 INFO COMBINED/no_dn fold 2: config 2 (lr=0.0001, dropout=0.4) epoca 1: train_loss=0.5239 val_loss=0.4737 val_BA=0.805 mejor_epoca=1
2026-09-27 02:42:17,345 INFO COMBINED/no_dn fold 2: config 2 (lr=0.0001, dropout=0.4) epoca 2: train_loss=0.2927 val_loss=0.4725 val_BA=0.855 mejor_epoca=2
2026-09-27 02:42:22,021 INFO COMBINED/no_dn fold 2: config 2 (lr=0.0001, dropout=0.4) epoca 4: train_loss=0.1625 val_loss=0.4605 val_BA=0.855 mejor_epoca=4
2026-09-27 02:42:26,670 INFO COMBINED/no_dn fold 2: config 2 (lr=0.0001, dropout=0.4) epoca 6: train_loss=0.0767 val_loss=0.2442 val_BA=0.855 mejor_epoca=6
2026-09-27 02:42:33,484 INFO COMBINED/no_dn fold 2: config 2 (lr=0.0001, dropout=0.4) epoca 9: train_loss=0.0625 val_loss=0.5139 val_BA=0.859 mejor_epoca=9
2026-09-27 02:42:35,721 INFO COMBINED/no_dn fold 2: config 2 (lr=0.0001, dropout=0.4) epoca 10: train_loss=0.0259 val_loss=0.2295 val_BA=0.655 mejor_epoca=9
2026-09-27 02:42:59,139 INFO COMBINED/no_dn fold 2: config 2 (lr=0.0001, dropout=0.4) epoca 20: train_loss=0.0201 val_loss=0.2833 val_BA=0.805 mejor_epoca=9
2026-09-27 02:43:08,619 INFO COMBINED/no_dn fold 2 config 2: OK val_BA=0.859 mejor_epoca=9 (0.9 min)
2026-09-27 02:43:11,963 INFO COMBINED/no_dn fold 2: config 3 (lr=0.0001, dropout=0.4) epoca 1: train_loss=0.5521 val_loss=0.5069 val_BA=0.809 mejor_epoca=1
2026-09-27 02:43:30,861 INFO COMBINED/no_dn fold 2: config 3 (lr=0.0001, dropout=0.4) epoca 7: train_loss=0.1128 val_loss=0.2750 val_BA=0.850 mejor_epoca=7
2026-09-27 02:43:34,112 INFO COMBINED/no_dn fold 2: config 3 (lr=0.0001, dropout=0.4) epoca 8: train_loss=0.0761 val_loss=0.3508 val_BA=0.855 mejor_epoca=8
2026-09-27 02:43:40,138 INFO COMBINED/no_dn fold 2: config 3 (lr=0.0001, dropout=0.4) epoca 10: train_loss=0.0164 val_loss=0.2933 val_BA=0.855 mejor_epoca=10
2026-09-27 02:44:10,910 INFO COMBINED/no_dn fold 2: config 3 (lr=0.0001, dropout=0.4) epoca 20: train_loss=0.1090 val_loss=0.4938 val_BA=0.905 mejor_epoca=20
2026-09-27 02:44:42,531 INFO COMBINED/no_dn fold 2: config 3 (lr=0.0001, dropout=0.4) epoca 30: train_loss=0.0064 val_loss=0.4780 val_BA=0.805 mejor_epoca=20
2026-09-27 02:44:58,042 INFO COMBINED/no_dn fold 2 config 3: OK val_BA=0.905 mejor_epoca=20 (1.8 min)
2026-09-27 02:45:00,583 INFO COMBINED/no_dn fold 2: config 4 (lr=0.0001, dropout=0.4) epoca 1: train_loss=0.5349 val_loss=0.6111 val_BA=0.809 mejor_epoca=1
2026-09-27 02:45:09,868 INFO COMBINED/no_dn fold 2: config 4 (lr=0.0001, dropout=0.4) epoca 5: train_loss=0.1274 val_loss=0.2105 val_BA=0.855 mejor_epoca=5
2026-09-27 02:45:21,649 INFO COMBINED/no_dn fold 2: config 4 (lr=0.0001, dropout=0.4) epoca 10: train_loss=0.0133 val_loss=0.1783 val_BA=0.805 mejor_epoca=5
2026-09-27 02:45:45,980 INFO COMBINED/no_dn fold 2: config 4 (lr=0.0001, dropout=0.4) epoca 20: train_loss=0.0115 val_loss=0.1908 val_BA=0.850 mejor_epoca=5
2026-09-27 02:45:46,004 INFO COMBINED/no_dn fold 2 config 4: OK val_BA=0.855 mejor_epoca=5 (0.8 min)
2026-09-27 02:45:48,390 INFO COMBINED/no_dn fold 2: config 5 (lr=0.0001, dropout=0.4) epoca 1: train_loss=0.5052 val_loss=0.4790 val_BA=0.605 mejor_epoca=1
2026-09-27 02:45:50,487 INFO COMBINED/no_dn fold 2: config 5 (lr=0.0001, dropout=0.4) epoca 2: train_loss=0.2848 val_loss=0.5134 val_BA=0.805 mejor_epoca=2
2026-09-27 02:45:52,632 INFO COMBINED/no_dn fold 2: config 5 (lr=0.0001, dropout=0.4) epoca 3: train_loss=0.2065 val_loss=0.4695 val_BA=0.805 mejor_epoca=3
2026-09-27 02:46:01,084 INFO COMBINED/no_dn fold 2: config 5 (lr=0.0001, dropout=0.4) epoca 7: train_loss=0.0506 val_loss=0.2671 val_BA=0.805 mejor_epoca=7
2026-09-27 02:46:03,160 INFO COMBINED/no_dn fold 2: config 5 (lr=0.0001, dropout=0.4) epoca 8: train_loss=0.0383 val_loss=0.3287 val_BA=0.809 mejor_epoca=8
2026-09-27 02:46:05,219 INFO COMBINED/no_dn fold 2: config 5 (lr=0.0001, dropout=0.4) epoca 9: train_loss=0.0276 val_loss=0.3351 val_BA=0.855 mejor_epoca=9
2026-09-27 02:46:07,336 INFO COMBINED/no_dn fold 2: config 5 (lr=0.0001, dropout=0.4) epoca 10: train_loss=0.0240 val_loss=0.2080 val_BA=0.750 mejor_epoca=9
2026-09-27 02:46:09,463 INFO COMBINED/no_dn fold 2: config 5 (lr=0.0001, dropout=0.4) epoca 11: train_loss=0.0154 val_loss=0.2160 val_BA=0.900 mejor_epoca=11
2026-09-27 02:46:28,637 INFO COMBINED/no_dn fold 2: config 5 (lr=0.0001, dropout=0.4) epoca 20: train_loss=0.0049 val_loss=0.1995 val_BA=0.750 mejor_epoca=11
2026-09-27 02:46:41,034 INFO COMBINED/no_dn fold 2 config 5: OK val_BA=0.900 mejor_epoca=11 (0.9 min)
2026-09-27 02:46:44,701 INFO COMBINED/no_dn fold 2: config 6 (lr=0.0001, dropout=0.5) epoca 1: train_loss=0.5598 val_loss=0.8200 val_BA=0.727 mejor_epoca=1
2026-09-27 02:46:48,173 INFO COMBINED/no_dn fold 2: config 6 (lr=0.0001, dropout=0.5) epoca 2: train_loss=0.3626 val_loss=0.5983 val_BA=0.905 mejor_epoca=2
2026-09-27 02:47:13,719 INFO COMBINED/no_dn fold 2: config 6 (lr=0.0001, dropout=0.5) epoca 10: train_loss=0.0515 val_loss=0.3895 val_BA=0.700 mejor_epoca=2
2026-09-27 02:47:46,082 INFO COMBINED/no_dn fold 2: config 6 (lr=0.0001, dropout=0.5) epoca 20: train_loss=0.0730 val_loss=0.3457 val_BA=0.800 mejor_epoca=2
2026-09-27 02:47:46,105 INFO COMBINED/no_dn fold 2 config 6: OK val_BA=0.905 mejor_epoca=2 (1.1 min)
2026-09-27 02:47:48,427 INFO COMBINED/no_dn fold 2: config 7 (lr=0.0001, dropout=0.5) epoca 1: train_loss=0.5553 val_loss=0.4778 val_BA=0.705 mejor_epoca=1
2026-09-27 02:47:52,586 INFO COMBINED/no_dn fold 2: config 7 (lr=0.0001, dropout=0.5) epoca 3: train_loss=0.2607 val_loss=0.5784 val_BA=0.709 mejor_epoca=3
2026-09-27 02:47:54,634 INFO COMBINED/no_dn fold 2: config 7 (lr=0.0001, dropout=0.5) epoca 4: train_loss=0.1832 val_loss=0.2784 val_BA=0.755 mejor_epoca=4
2026-09-27 02:47:58,781 INFO COMBINED/no_dn fold 2: config 7 (lr=0.0001, dropout=0.5) epoca 6: train_loss=0.0889 val_loss=0.2532 val_BA=0.755 mejor_epoca=6
2026-09-27 02:48:00,844 INFO COMBINED/no_dn fold 2: config 7 (lr=0.0001, dropout=0.5) epoca 7: train_loss=0.0620 val_loss=0.1878 val_BA=0.850 mejor_epoca=7
2026-09-27 02:48:07,090 INFO COMBINED/no_dn fold 2: config 7 (lr=0.0001, dropout=0.5) epoca 10: train_loss=0.0242 val_loss=0.1847 val_BA=0.655 mejor_epoca=7
2026-09-27 02:48:27,535 INFO COMBINED/no_dn fold 2: config 7 (lr=0.0001, dropout=0.5) epoca 20: train_loss=0.0074 val_loss=0.1587 val_BA=0.850 mejor_epoca=20
2026-09-27 02:48:43,957 INFO COMBINED/no_dn fold 2: config 7 (lr=0.0001, dropout=0.5) epoca 28: train_loss=0.0459 val_loss=0.3740 val_BA=0.855 mejor_epoca=28
2026-09-27 02:48:48,053 INFO COMBINED/no_dn fold 2: config 7 (lr=0.0001, dropout=0.5) epoca 30: train_loss=0.0066 val_loss=0.2080 val_BA=0.700 mejor_epoca=28
2026-09-27 02:49:08,612 INFO COMBINED/no_dn fold 2: config 7 (lr=0.0001, dropout=0.5) epoca 40: train_loss=0.0035 val_loss=0.2617 val_BA=0.855 mejor_epoca=40
2026-09-27 02:49:18,989 INFO COMBINED/no_dn fold 2: config 7 (lr=0.0001, dropout=0.5) epoca 45: train_loss=0.0017 val_loss=0.5509 val_BA=0.905 mejor_epoca=45
2026-09-27 02:49:25,158 INFO COMBINED/no_dn fold 2: config 7 (lr=0.0001, dropout=0.5) epoca 48: train_loss=0.0144 val_loss=0.3686 val_BA=0.905 mejor_epoca=48
2026-09-27 02:49:29,249 INFO COMBINED/no_dn fold 2: config 7 (lr=0.0001, dropout=0.5) epoca 50: train_loss=0.0621 val_loss=0.4559 val_BA=0.855 mejor_epoca=48
2026-09-27 02:49:50,051 INFO COMBINED/no_dn fold 2: config 7 (lr=0.0001, dropout=0.5) epoca 60: train_loss=0.0009 val_loss=0.3390 val_BA=0.755 mejor_epoca=48
2026-09-27 02:49:56,165 INFO COMBINED/no_dn fold 2 config 7: OK val_BA=0.905 mejor_epoca=48 (2.2 min)
2026-09-27 02:49:58,498 INFO COMBINED/no_dn fold 2: config 8 (lr=0.0003, dropout=0.3) epoca 1: train_loss=0.5367 val_loss=0.7757 val_BA=0.768 mejor_epoca=1
2026-09-27 02:50:00,533 INFO COMBINED/no_dn fold 2: config 8 (lr=0.0003, dropout=0.3) epoca 2: train_loss=0.2916 val_loss=0.5648 val_BA=0.855 mejor_epoca=2
2026-09-27 02:50:16,809 INFO COMBINED/no_dn fold 2: config 8 (lr=0.0003, dropout=0.3) epoca 10: train_loss=0.0924 val_loss=0.3732 val_BA=0.755 mejor_epoca=2
2026-09-27 02:50:37,167 INFO COMBINED/no_dn fold 2: config 8 (lr=0.0003, dropout=0.3) epoca 20: train_loss=0.0106 val_loss=0.3623 val_BA=0.805 mejor_epoca=2
2026-09-27 02:50:37,191 INFO COMBINED/no_dn fold 2 config 8: OK val_BA=0.855 mejor_epoca=2 (0.7 min)
2026-09-27 02:50:39,760 INFO COMBINED/no_dn fold 2: config 9 (lr=0.0003, dropout=0.4) epoca 1: train_loss=0.5037 val_loss=0.4078 val_BA=0.750 mejor_epoca=1
2026-09-27 02:50:42,209 INFO COMBINED/no_dn fold 2: config 9 (lr=0.0003, dropout=0.4) epoca 2: train_loss=0.3381 val_loss=0.3209 val_BA=0.805 mejor_epoca=2
2026-09-27 02:50:44,672 INFO COMBINED/no_dn fold 2: config 9 (lr=0.0003, dropout=0.4) epoca 3: train_loss=0.2687 val_loss=0.3479 val_BA=0.850 mejor_epoca=3
2026-09-27 02:50:49,473 INFO COMBINED/no_dn fold 2: config 9 (lr=0.0003, dropout=0.4) epoca 5: train_loss=0.1883 val_loss=0.3024 val_BA=0.900 mejor_epoca=5
2026-09-27 02:51:01,192 INFO COMBINED/no_dn fold 2: config 9 (lr=0.0003, dropout=0.4) epoca 10: train_loss=0.0936 val_loss=0.2954 val_BA=0.750 mejor_epoca=5
2026-09-27 02:51:24,841 INFO COMBINED/no_dn fold 2: config 9 (lr=0.0003, dropout=0.4) epoca 20: train_loss=0.0058 val_loss=0.4328 val_BA=0.850 mejor_epoca=5
2026-09-27 02:51:24,865 INFO COMBINED/no_dn fold 2 config 9: OK val_BA=0.900 mejor_epoca=5 (0.8 min)
2026-09-27 02:51:28,356 INFO COMBINED/no_dn fold 2: config 10 (lr=0.0003, dropout=0.4) epoca 1: train_loss=0.5476 val_loss=0.4313 val_BA=0.805 mejor_epoca=1
2026-09-27 02:51:31,575 INFO COMBINED/no_dn fold 2: config 10 (lr=0.0003, dropout=0.4) epoca 2: train_loss=0.4011 val_loss=0.6054 val_BA=0.905 mejor_epoca=2
2026-09-27 02:51:57,214 INFO COMBINED/no_dn fold 2: config 10 (lr=0.0003, dropout=0.4) epoca 10: train_loss=0.1859 val_loss=0.4139 val_BA=0.805 mejor_epoca=2
2026-09-27 02:52:29,974 INFO COMBINED/no_dn fold 2: config 10 (lr=0.0003, dropout=0.4) epoca 20: train_loss=0.0844 val_loss=0.4306 val_BA=0.850 mejor_epoca=2
2026-09-27 02:52:29,996 INFO COMBINED/no_dn fold 2 config 10: OK val_BA=0.905 mejor_epoca=2 (1.1 min)
2026-09-27 02:52:32,316 INFO COMBINED/no_dn fold 2: config 11 (lr=0.0003, dropout=0.5) epoca 1: train_loss=0.5326 val_loss=0.3395 val_BA=0.900 mejor_epoca=1
2026-09-27 02:52:50,824 INFO COMBINED/no_dn fold 2: config 11 (lr=0.0003, dropout=0.5) epoca 10: train_loss=0.0650 val_loss=0.1870 val_BA=0.850 mejor_epoca=1
2026-09-27 02:52:52,883 INFO COMBINED/no_dn fold 2: config 11 (lr=0.0003, dropout=0.5) epoca 11: train_loss=0.0157 val_loss=0.3130 val_BA=0.905 mejor_epoca=11
2026-09-27 02:53:11,228 INFO COMBINED/no_dn fold 2: config 11 (lr=0.0003, dropout=0.5) epoca 20: train_loss=0.0185 val_loss=0.3901 val_BA=0.805 mejor_epoca=11
2026-09-27 02:53:23,495 INFO COMBINED/no_dn fold 2 config 11: OK val_BA=0.905 mejor_epoca=11 (0.9 min)
2026-09-27 02:53:26,071 INFO COMBINED/no_dn fold 2: config 12 (lr=0.0003, dropout=0.5) epoca 1: train_loss=0.4920 val_loss=0.3643 val_BA=0.850 mejor_epoca=1
2026-09-27 02:53:33,231 INFO COMBINED/no_dn fold 2: config 12 (lr=0.0003, dropout=0.5) epoca 4: train_loss=0.2226 val_loss=0.5800 val_BA=0.859 mejor_epoca=4
2026-09-27 02:53:47,587 INFO COMBINED/no_dn fold 2: config 12 (lr=0.0003, dropout=0.5) epoca 10: train_loss=0.0738 val_loss=0.2954 val_BA=0.705 mejor_epoca=4
2026-09-27 02:54:11,153 INFO COMBINED/no_dn fold 2: config 12 (lr=0.0003, dropout=0.5) epoca 20: train_loss=0.0073 val_loss=0.3767 val_BA=0.705 mejor_epoca=4
2026-09-27 02:54:11,178 INFO COMBINED/no_dn fold 2 config 12: OK val_BA=0.859 mejor_epoca=4 (0.8 min)
2026-09-27 02:54:14,835 INFO COMBINED/no_dn fold 2: config 13 (lr=0.001, dropout=0.2) epoca 1: train_loss=0.7395 val_loss=0.4472 val_BA=0.500 mejor_epoca=1
2026-09-27 02:54:18,146 INFO COMBINED/no_dn fold 2: config 13 (lr=0.001, dropout=0.2) epoca 2: train_loss=0.7107 val_loss=0.4488 val_BA=0.600 mejor_epoca=2
2026-09-27 02:54:24,781 INFO COMBINED/no_dn fold 2: config 13 (lr=0.001, dropout=0.2) epoca 4: train_loss=0.7769 val_loss=0.2825 val_BA=0.600 mejor_epoca=4
2026-09-27 02:54:34,476 INFO COMBINED/no_dn fold 2: config 13 (lr=0.001, dropout=0.2) epoca 7: train_loss=0.6218 val_loss=0.4717 val_BA=0.809 mejor_epoca=7
2026-09-27 02:54:44,292 INFO COMBINED/no_dn fold 2: config 13 (lr=0.001, dropout=0.2) epoca 10: train_loss=0.5364 val_loss=0.3670 val_BA=0.805 mejor_epoca=7
2026-09-27 02:54:47,607 INFO COMBINED/no_dn fold 2: config 13 (lr=0.001, dropout=0.2) epoca 11: train_loss=0.4812 val_loss=0.6283 val_BA=0.950 mejor_epoca=11
2026-09-27 02:55:10,628 INFO COMBINED/no_dn fold 2: config 13 (lr=0.001, dropout=0.2) epoca 18: train_loss=0.2675 val_loss=0.4378 val_BA=0.950 mejor_epoca=18
2026-09-27 02:55:17,473 INFO COMBINED/no_dn fold 2: config 13 (lr=0.001, dropout=0.2) epoca 20: train_loss=0.1723 val_loss=0.4583 val_BA=0.850 mejor_epoca=18
2026-09-27 02:55:33,674 INFO COMBINED/no_dn fold 2: config 13 (lr=0.001, dropout=0.2) epoca 25: train_loss=0.1759 val_loss=0.1784 val_BA=0.950 mejor_epoca=25
2026-09-27 02:55:49,858 INFO COMBINED/no_dn fold 2: config 13 (lr=0.001, dropout=0.2) epoca 30: train_loss=0.1286 val_loss=0.3184 val_BA=0.700 mejor_epoca=25
2026-09-27 02:56:22,630 INFO COMBINED/no_dn fold 2: config 13 (lr=0.001, dropout=0.2) epoca 40: train_loss=0.0684 val_loss=0.5076 val_BA=0.755 mejor_epoca=25
2026-09-27 02:56:22,654 INFO COMBINED/no_dn fold 2 config 13: OK val_BA=0.950 mejor_epoca=25 (2.2 min)
2026-09-27 02:56:25,001 INFO COMBINED/no_dn fold 2: config 14 (lr=0.001, dropout=0.3) epoca 1: train_loss=0.6713 val_loss=0.2200 val_BA=0.500 mejor_epoca=1
2026-09-27 02:56:27,080 INFO COMBINED/no_dn fold 2: config 14 (lr=0.001, dropout=0.3) epoca 2: train_loss=0.4983 val_loss=0.4746 val_BA=0.705 mejor_epoca=2
2026-09-27 02:56:33,292 INFO COMBINED/no_dn fold 2: config 14 (lr=0.001, dropout=0.3) epoca 5: train_loss=0.2243 val_loss=0.3830 val_BA=0.855 mejor_epoca=5
2026-09-27 02:56:39,470 INFO COMBINED/no_dn fold 2: config 14 (lr=0.001, dropout=0.3) epoca 8: train_loss=0.2057 val_loss=0.6115 val_BA=0.905 mejor_epoca=8
2026-09-27 02:56:43,589 INFO COMBINED/no_dn fold 2: config 14 (lr=0.001, dropout=0.3) epoca 10: train_loss=0.1430 val_loss=0.5324 val_BA=0.855 mejor_epoca=8
2026-09-27 02:57:04,191 INFO COMBINED/no_dn fold 2: config 14 (lr=0.001, dropout=0.3) epoca 20: train_loss=0.0537 val_loss=0.2846 val_BA=0.655 mejor_epoca=8
2026-09-27 02:57:10,385 INFO COMBINED/no_dn fold 2 config 14: OK val_BA=0.905 mejor_epoca=8 (0.8 min)
2026-09-27 02:57:12,943 INFO COMBINED/no_dn fold 2: config 15 (lr=0.001, dropout=0.3) epoca 1: train_loss=0.6495 val_loss=0.6263 val_BA=0.809 mejor_epoca=1
2026-09-27 02:57:17,627 INFO COMBINED/no_dn fold 2: config 15 (lr=0.001, dropout=0.3) epoca 3: train_loss=0.3852 val_loss=0.4950 val_BA=0.859 mejor_epoca=3
2026-09-27 02:57:19,967 INFO COMBINED/no_dn fold 2: config 15 (lr=0.001, dropout=0.3) epoca 4: train_loss=0.3030 val_loss=0.4468 val_BA=0.859 mejor_epoca=4
2026-09-27 02:57:34,133 INFO COMBINED/no_dn fold 2: config 15 (lr=0.001, dropout=0.3) epoca 10: train_loss=0.1852 val_loss=0.5444 val_BA=0.905 mejor_epoca=10
2026-09-27 02:57:57,844 INFO COMBINED/no_dn fold 2: config 15 (lr=0.001, dropout=0.3) epoca 20: train_loss=0.0667 val_loss=0.2666 val_BA=0.805 mejor_epoca=10
2026-09-27 02:58:09,603 INFO COMBINED/no_dn fold 2 config 15: OK val_BA=0.905 mejor_epoca=10 (1.0 min)
2026-09-27 02:58:13,194 INFO COMBINED/no_dn fold 2: config 16 (lr=0.001, dropout=0.4) epoca 1: train_loss=0.6914 val_loss=0.3389 val_BA=0.705 mejor_epoca=1
2026-09-27 02:58:16,461 INFO COMBINED/no_dn fold 2: config 16 (lr=0.001, dropout=0.4) epoca 2: train_loss=0.5356 val_loss=0.4297 val_BA=0.800 mejor_epoca=2
2026-09-27 02:58:19,684 INFO COMBINED/no_dn fold 2: config 16 (lr=0.001, dropout=0.4) epoca 3: train_loss=0.5225 val_loss=0.3475 val_BA=0.950 mejor_epoca=3
2026-09-27 02:58:42,594 INFO COMBINED/no_dn fold 2: config 16 (lr=0.001, dropout=0.4) epoca 10: train_loss=0.2764 val_loss=0.4046 val_BA=0.800 mejor_epoca=3
2026-09-27 02:59:15,133 INFO COMBINED/no_dn fold 2: config 16 (lr=0.001, dropout=0.4) epoca 20: train_loss=0.1410 val_loss=0.5800 val_BA=0.805 mejor_epoca=3
2026-09-27 02:59:15,158 INFO COMBINED/no_dn fold 2 config 16: OK val_BA=0.950 mejor_epoca=3 (1.1 min)
2026-09-27 02:59:17,962 INFO COMBINED/no_dn fold 2: config 17 (lr=0.001, dropout=0.5) epoca 1: train_loss=0.5982 val_loss=0.3619 val_BA=0.900 mejor_epoca=1
2026-09-27 02:59:20,277 INFO COMBINED/no_dn fold 2: config 17 (lr=0.001, dropout=0.5) epoca 2: train_loss=0.4752 val_loss=0.4961 val_BA=0.905 mejor_epoca=2
2026-09-27 02:59:38,994 INFO COMBINED/no_dn fold 2: config 17 (lr=0.001, dropout=0.5) epoca 10: train_loss=0.1462 val_loss=0.2491 val_BA=0.800 mejor_epoca=2
2026-09-27 03:00:02,196 INFO COMBINED/no_dn fold 2: config 17 (lr=0.001, dropout=0.5) epoca 20: train_loss=0.0461 val_loss=0.3288 val_BA=0.700 mejor_epoca=2
2026-09-27 03:00:02,222 INFO COMBINED/no_dn fold 2 config 17: OK val_BA=0.905 mejor_epoca=2 (0.8 min)
2026-09-27 03:00:04,561 INFO COMBINED/no_dn fold 2: config 18 (lr=0.001, dropout=0.5) epoca 1: train_loss=0.5955 val_loss=0.4833 val_BA=0.905 mejor_epoca=1
2026-09-27 03:00:23,303 INFO COMBINED/no_dn fold 2: config 18 (lr=0.001, dropout=0.5) epoca 10: train_loss=0.1243 val_loss=0.4792 val_BA=0.805 mejor_epoca=1
2026-09-27 03:00:44,085 INFO COMBINED/no_dn fold 2: config 18 (lr=0.001, dropout=0.5) epoca 20: train_loss=0.0169 val_loss=0.2355 val_BA=0.750 mejor_epoca=1
2026-09-27 03:00:44,109 INFO COMBINED/no_dn fold 2 config 18: OK val_BA=0.905 mejor_epoca=1 (0.7 min)
2026-09-27 03:00:46,464 INFO COMBINED/no_dn fold 2: config 19 (lr=0.001, dropout=0.5) epoca 1: train_loss=0.5498 val_loss=0.3329 val_BA=0.650 mejor_epoca=1
2026-09-27 03:00:48,610 INFO COMBINED/no_dn fold 2: config 19 (lr=0.001, dropout=0.5) epoca 2: train_loss=0.3998 val_loss=0.2211 val_BA=0.750 mejor_epoca=2
2026-09-27 03:00:50,745 INFO COMBINED/no_dn fold 2: config 19 (lr=0.001, dropout=0.5) epoca 3: train_loss=0.3035 val_loss=0.5713 val_BA=0.950 mejor_epoca=3
2026-09-27 03:01:05,095 INFO COMBINED/no_dn fold 2: config 19 (lr=0.001, dropout=0.5) epoca 10: train_loss=0.1182 val_loss=0.3671 val_BA=0.705 mejor_epoca=3
2026-09-27 03:01:25,095 INFO COMBINED/no_dn fold 2: config 19 (lr=0.001, dropout=0.5) epoca 20: train_loss=0.0075 val_loss=0.3521 val_BA=0.705 mejor_epoca=3
2026-09-27 03:01:25,118 INFO COMBINED/no_dn fold 2 config 19: OK val_BA=0.950 mejor_epoca=3 (0.7 min)
2026-09-27 03:01:25,685 INFO COMBINED/no_dn fold 3: log-mel no_dn listo en 0.5 s, forma (4902, 1, 64, 309)
2026-09-27 03:01:25,699 INFO COMBINED/no_dn fold 3: 85/21 pacientes train/validation, 20 de 20 configuracion(es) por evaluar
2026-09-27 03:01:29,397 INFO COMBINED/no_dn fold 3: config 0 (lr=0.0001, dropout=0.3) epoca 1: train_loss=0.5485 val_loss=0.3819 val_BA=0.550 mejor_epoca=1
2026-09-27 03:01:32,925 INFO COMBINED/no_dn fold 3: config 0 (lr=0.0001, dropout=0.3) epoca 2: train_loss=0.3334 val_loss=0.1244 val_BA=0.950 mejor_epoca=2
2026-09-27 03:01:56,827 INFO COMBINED/no_dn fold 3: config 0 (lr=0.0001, dropout=0.3) epoca 9: train_loss=0.0390 val_loss=0.1145 val_BA=1.000 mejor_epoca=9
2026-09-27 03:02:00,269 INFO COMBINED/no_dn fold 3: config 0 (lr=0.0001, dropout=0.3) epoca 10: train_loss=0.0876 val_loss=0.3118 val_BA=0.855 mejor_epoca=9
2026-09-27 03:02:33,777 INFO COMBINED/no_dn fold 3: config 0 (lr=0.0001, dropout=0.3) epoca 20: train_loss=0.0684 val_loss=0.3083 val_BA=0.955 mejor_epoca=9
2026-09-27 03:02:48,243 INFO COMBINED/no_dn fold 3 config 0: OK val_BA=1.000 mejor_epoca=9 (1.4 min)
2026-09-27 03:02:50,789 INFO COMBINED/no_dn fold 3: config 1 (lr=0.0001, dropout=0.3) epoca 1: train_loss=0.6022 val_loss=0.4736 val_BA=0.650 mejor_epoca=1
2026-09-27 03:02:53,030 INFO COMBINED/no_dn fold 3: config 1 (lr=0.0001, dropout=0.3) epoca 2: train_loss=0.4184 val_loss=0.5909 val_BA=0.773 mejor_epoca=2
2026-09-27 03:02:55,267 INFO COMBINED/no_dn fold 3: config 1 (lr=0.0001, dropout=0.3) epoca 3: train_loss=0.3012 val_loss=0.2268 val_BA=0.955 mejor_epoca=3
2026-09-27 03:03:06,384 INFO COMBINED/no_dn fold 3: config 1 (lr=0.0001, dropout=0.3) epoca 8: train_loss=0.0481 val_loss=0.1495 val_BA=0.955 mejor_epoca=8
2026-09-27 03:03:10,848 INFO COMBINED/no_dn fold 3: config 1 (lr=0.0001, dropout=0.3) epoca 10: train_loss=0.0285 val_loss=0.1632 val_BA=0.855 mejor_epoca=8
2026-09-27 03:03:26,423 INFO COMBINED/no_dn fold 3: config 1 (lr=0.0001, dropout=0.3) epoca 17: train_loss=0.0155 val_loss=0.1387 val_BA=1.000 mejor_epoca=17
2026-09-27 03:03:33,195 INFO COMBINED/no_dn fold 3: config 1 (lr=0.0001, dropout=0.3) epoca 20: train_loss=0.0109 val_loss=0.2179 val_BA=0.905 mejor_epoca=17
2026-09-27 03:03:55,516 INFO COMBINED/no_dn fold 3: config 1 (lr=0.0001, dropout=0.3) epoca 30: train_loss=0.0031 val_loss=0.1353 val_BA=0.950 mejor_epoca=17
2026-09-27 03:03:59,967 INFO COMBINED/no_dn fold 3 config 1: OK val_BA=1.000 mejor_epoca=17 (1.2 min)
2026-09-27 03:04:02,816 INFO COMBINED/no_dn fold 3: config 2 (lr=0.0001, dropout=0.4) epoca 1: train_loss=0.5687 val_loss=0.5653 val_BA=0.768 mejor_epoca=1
2026-09-27 03:04:05,405 INFO COMBINED/no_dn fold 3: config 2 (lr=0.0001, dropout=0.4) epoca 2: train_loss=0.3486 val_loss=0.3098 val_BA=0.905 mejor_epoca=2
2026-09-27 03:04:18,441 INFO COMBINED/no_dn fold 3: config 2 (lr=0.0001, dropout=0.4) epoca 7: train_loss=0.0509 val_loss=0.1706 val_BA=0.905 mejor_epoca=7
2026-09-27 03:04:26,442 INFO COMBINED/no_dn fold 3: config 2 (lr=0.0001, dropout=0.4) epoca 10: train_loss=0.0298 val_loss=0.1080 val_BA=0.950 mejor_epoca=10
2026-09-27 03:04:28,991 INFO COMBINED/no_dn fold 3: config 2 (lr=0.0001, dropout=0.4) epoca 11: train_loss=0.0404 val_loss=0.1907 val_BA=0.955 mejor_epoca=11
2026-09-27 03:04:39,252 INFO COMBINED/no_dn fold 3: config 2 (lr=0.0001, dropout=0.4) epoca 15: train_loss=0.0613 val_loss=0.1363 val_BA=0.955 mejor_epoca=15
2026-09-27 03:04:52,328 INFO COMBINED/no_dn fold 3: config 2 (lr=0.0001, dropout=0.4) epoca 20: train_loss=0.0025 val_loss=0.1339 val_BA=0.950 mejor_epoca=15
2026-09-27 03:05:03,207 INFO COMBINED/no_dn fold 3: config 2 (lr=0.0001, dropout=0.4) epoca 24: train_loss=0.0155 val_loss=0.1589 val_BA=1.000 mejor_epoca=24
2026-09-27 03:05:18,630 INFO COMBINED/no_dn fold 3: config 2 (lr=0.0001, dropout=0.4) epoca 30: train_loss=0.0456 val_loss=0.5061 val_BA=0.700 mejor_epoca=24
2026-09-27 03:05:41,551 INFO COMBINED/no_dn fold 3 config 2: OK val_BA=1.000 mejor_epoca=24 (1.7 min)
2026-09-27 03:05:45,356 INFO COMBINED/no_dn fold 3: config 3 (lr=0.0001, dropout=0.4) epoca 1: train_loss=0.5845 val_loss=0.9052 val_BA=0.773 mejor_epoca=1
2026-09-27 03:05:52,303 INFO COMBINED/no_dn fold 3: config 3 (lr=0.0001, dropout=0.4) epoca 3: train_loss=0.2829 val_loss=0.1947 val_BA=0.855 mejor_epoca=3
2026-09-27 03:05:55,758 INFO COMBINED/no_dn fold 3: config 3 (lr=0.0001, dropout=0.4) epoca 4: train_loss=0.2606 val_loss=0.1385 val_BA=0.905 mejor_epoca=4
2026-09-27 03:06:05,920 INFO COMBINED/no_dn fold 3: config 3 (lr=0.0001, dropout=0.4) epoca 7: train_loss=0.1282 val_loss=0.1831 val_BA=0.955 mejor_epoca=7
2026-09-27 03:06:16,348 INFO COMBINED/no_dn fold 3: config 3 (lr=0.0001, dropout=0.4) epoca 10: train_loss=0.1035 val_loss=0.1885 val_BA=0.900 mejor_epoca=7
2026-09-27 03:06:49,967 INFO COMBINED/no_dn fold 3: config 3 (lr=0.0001, dropout=0.4) epoca 20: train_loss=0.0415 val_loss=0.2888 val_BA=0.905 mejor_epoca=7
2026-09-27 03:06:56,817 INFO COMBINED/no_dn fold 3 config 3: OK val_BA=0.955 mejor_epoca=7 (1.3 min)
2026-09-27 03:06:59,711 INFO COMBINED/no_dn fold 3: config 4 (lr=0.0001, dropout=0.4) epoca 1: train_loss=0.5744 val_loss=0.3203 val_BA=0.909 mejor_epoca=1
2026-09-27 03:07:07,506 INFO COMBINED/no_dn fold 3: config 4 (lr=0.0001, dropout=0.4) epoca 4: train_loss=0.2039 val_loss=0.2224 val_BA=0.955 mejor_epoca=4
2026-09-27 03:07:10,183 INFO COMBINED/no_dn fold 3: config 4 (lr=0.0001, dropout=0.4) epoca 5: train_loss=0.1290 val_loss=0.2102 val_BA=0.955 mejor_epoca=5
2026-09-27 03:07:15,362 INFO COMBINED/no_dn fold 3: config 4 (lr=0.0001, dropout=0.4) epoca 7: train_loss=0.0501 val_loss=0.2048 val_BA=0.955 mejor_epoca=7
2026-09-27 03:07:23,000 INFO COMBINED/no_dn fold 3: config 4 (lr=0.0001, dropout=0.4) epoca 10: train_loss=0.0144 val_loss=0.2020 val_BA=0.955 mejor_epoca=10
2026-09-27 03:07:25,561 INFO COMBINED/no_dn fold 3: config 4 (lr=0.0001, dropout=0.4) epoca 11: train_loss=0.0180 val_loss=0.1957 val_BA=0.955 mejor_epoca=11
2026-09-27 03:07:30,676 INFO COMBINED/no_dn fold 3: config 4 (lr=0.0001, dropout=0.4) epoca 13: train_loss=0.0219 val_loss=0.1864 val_BA=0.955 mejor_epoca=13
2026-09-27 03:07:35,819 INFO COMBINED/no_dn fold 3: config 4 (lr=0.0001, dropout=0.4) epoca 15: train_loss=0.0206 val_loss=0.1520 val_BA=1.000 mejor_epoca=15
2026-09-27 03:07:40,915 INFO COMBINED/no_dn fold 3: config 4 (lr=0.0001, dropout=0.4) epoca 17: train_loss=0.0236 val_loss=0.1501 val_BA=1.000 mejor_epoca=17
2026-09-27 03:07:48,704 INFO COMBINED/no_dn fold 3: config 4 (lr=0.0001, dropout=0.4) epoca 20: train_loss=0.0128 val_loss=0.2090 val_BA=0.955 mejor_epoca=17
2026-09-27 03:07:51,302 INFO COMBINED/no_dn fold 3: config 4 (lr=0.0001, dropout=0.4) epoca 21: train_loss=0.0765 val_loss=0.1349 val_BA=1.000 mejor_epoca=21
2026-09-27 03:08:14,984 INFO COMBINED/no_dn fold 3: config 4 (lr=0.0001, dropout=0.4) epoca 30: train_loss=0.0154 val_loss=0.1851 val_BA=0.955 mejor_epoca=21
2026-09-27 03:08:30,635 INFO COMBINED/no_dn fold 3 config 4: OK val_BA=1.000 mejor_epoca=21 (1.6 min)
2026-09-27 03:08:33,228 INFO COMBINED/no_dn fold 3: config 5 (lr=0.0001, dropout=0.4) epoca 1: train_loss=0.5494 val_loss=0.3480 val_BA=0.550 mejor_epoca=1
2026-09-27 03:08:35,502 INFO COMBINED/no_dn fold 3: config 5 (lr=0.0001, dropout=0.4) epoca 2: train_loss=0.3612 val_loss=0.4817 val_BA=0.659 mejor_epoca=2
2026-09-27 03:08:40,000 INFO COMBINED/no_dn fold 3: config 5 (lr=0.0001, dropout=0.4) epoca 4: train_loss=0.2141 val_loss=0.1603 val_BA=0.955 mejor_epoca=4
2026-09-27 03:08:53,503 INFO COMBINED/no_dn fold 3: config 5 (lr=0.0001, dropout=0.4) epoca 10: train_loss=0.0233 val_loss=0.1116 val_BA=0.950 mejor_epoca=4
2026-09-27 03:09:16,059 INFO COMBINED/no_dn fold 3: config 5 (lr=0.0001, dropout=0.4) epoca 20: train_loss=0.0074 val_loss=0.1706 val_BA=0.950 mejor_epoca=4
2026-09-27 03:09:16,082 INFO COMBINED/no_dn fold 3 config 5: OK val_BA=0.955 mejor_epoca=4 (0.8 min)
2026-09-27 03:09:19,985 INFO COMBINED/no_dn fold 3: config 6 (lr=0.0001, dropout=0.5) epoca 1: train_loss=0.5525 val_loss=0.2912 val_BA=0.809 mejor_epoca=1
2026-09-27 03:09:27,397 INFO COMBINED/no_dn fold 3: config 6 (lr=0.0001, dropout=0.5) epoca 3: train_loss=0.2797 val_loss=0.2146 val_BA=0.955 mejor_epoca=3
2026-09-27 03:09:34,618 INFO COMBINED/no_dn fold 3: config 6 (lr=0.0001, dropout=0.5) epoca 5: train_loss=0.1726 val_loss=0.1005 val_BA=0.955 mejor_epoca=5
2026-09-27 03:09:53,045 INFO COMBINED/no_dn fold 3: config 6 (lr=0.0001, dropout=0.5) epoca 10: train_loss=0.0961 val_loss=0.3086 val_BA=0.755 mejor_epoca=5
2026-09-27 03:10:29,185 INFO COMBINED/no_dn fold 3: config 6 (lr=0.0001, dropout=0.5) epoca 20: train_loss=0.0945 val_loss=0.1945 val_BA=0.950 mejor_epoca=5
2026-09-27 03:10:29,207 INFO COMBINED/no_dn fold 3 config 6: OK val_BA=0.955 mejor_epoca=5 (1.2 min)
2026-09-27 03:10:31,773 INFO COMBINED/no_dn fold 3: config 7 (lr=0.0001, dropout=0.5) epoca 1: train_loss=0.5741 val_loss=0.3344 val_BA=0.650 mejor_epoca=1
2026-09-27 03:10:34,017 INFO COMBINED/no_dn fold 3: config 7 (lr=0.0001, dropout=0.5) epoca 2: train_loss=0.3972 val_loss=0.2677 val_BA=0.855 mejor_epoca=2
2026-09-27 03:10:38,521 INFO COMBINED/no_dn fold 3: config 7 (lr=0.0001, dropout=0.5) epoca 4: train_loss=0.2096 val_loss=0.3728 val_BA=0.955 mejor_epoca=4
2026-09-27 03:10:51,963 INFO COMBINED/no_dn fold 3: config 7 (lr=0.0001, dropout=0.5) epoca 10: train_loss=0.0216 val_loss=0.1517 val_BA=0.850 mejor_epoca=4
2026-09-27 03:11:07,543 INFO COMBINED/no_dn fold 3: config 7 (lr=0.0001, dropout=0.5) epoca 17: train_loss=0.0170 val_loss=0.3223 val_BA=0.955 mejor_epoca=17
2026-09-27 03:11:09,781 INFO COMBINED/no_dn fold 3: config 7 (lr=0.0001, dropout=0.5) epoca 18: train_loss=0.0222 val_loss=0.3170 val_BA=0.955 mejor_epoca=18
2026-09-27 03:11:14,309 INFO COMBINED/no_dn fold 3: config 7 (lr=0.0001, dropout=0.5) epoca 20: train_loss=0.0088 val_loss=0.4005 val_BA=0.905 mejor_epoca=18
2026-09-27 03:11:36,554 INFO COMBINED/no_dn fold 3: config 7 (lr=0.0001, dropout=0.5) epoca 30: train_loss=0.0202 val_loss=0.3520 val_BA=0.855 mejor_epoca=18
2026-09-27 03:11:43,303 INFO COMBINED/no_dn fold 3 config 7: OK val_BA=0.955 mejor_epoca=18 (1.2 min)
2026-09-27 03:11:45,852 INFO COMBINED/no_dn fold 3: config 8 (lr=0.0003, dropout=0.3) epoca 1: train_loss=0.5154 val_loss=0.2544 val_BA=0.850 mejor_epoca=1
2026-09-27 03:11:50,472 INFO COMBINED/no_dn fold 3: config 8 (lr=0.0003, dropout=0.3) epoca 3: train_loss=0.2050 val_loss=0.1357 val_BA=0.900 mejor_epoca=3
2026-09-27 03:11:59,568 INFO COMBINED/no_dn fold 3: config 8 (lr=0.0003, dropout=0.3) epoca 7: train_loss=0.0798 val_loss=0.1174 val_BA=0.900 mejor_epoca=7
2026-09-27 03:12:04,072 INFO COMBINED/no_dn fold 3: config 8 (lr=0.0003, dropout=0.3) epoca 9: train_loss=0.0755 val_loss=0.1653 val_BA=0.905 mejor_epoca=9
2026-09-27 03:12:06,315 INFO COMBINED/no_dn fold 3: config 8 (lr=0.0003, dropout=0.3) epoca 10: train_loss=0.0421 val_loss=0.2241 val_BA=0.855 mejor_epoca=9
2026-09-27 03:12:28,778 INFO COMBINED/no_dn fold 3: config 8 (lr=0.0003, dropout=0.3) epoca 20: train_loss=0.0521 val_loss=0.2620 val_BA=0.800 mejor_epoca=9
2026-09-27 03:12:37,758 INFO COMBINED/no_dn fold 3: config 8 (lr=0.0003, dropout=0.3) epoca 24: train_loss=0.0135 val_loss=0.1454 val_BA=0.950 mejor_epoca=24
2026-09-27 03:12:51,130 INFO COMBINED/no_dn fold 3: config 8 (lr=0.0003, dropout=0.3) epoca 30: train_loss=0.0217 val_loss=0.3815 val_BA=0.855 mejor_epoca=24
2026-09-27 03:13:11,219 INFO COMBINED/no_dn fold 3 config 8: OK val_BA=0.950 mejor_epoca=24 (1.5 min)
2026-09-27 03:13:14,059 INFO COMBINED/no_dn fold 3: config 9 (lr=0.0003, dropout=0.4) epoca 1: train_loss=0.6014 val_loss=0.4618 val_BA=0.805 mejor_epoca=1
2026-09-27 03:13:21,804 INFO COMBINED/no_dn fold 3: config 9 (lr=0.0003, dropout=0.4) epoca 4: train_loss=0.2984 val_loss=0.0978 val_BA=0.950 mejor_epoca=4
2026-09-27 03:13:27,204 INFO COMBINED/no_dn fold 3: config 9 (lr=0.0003, dropout=0.4) epoca 6: train_loss=0.2101 val_loss=0.0795 val_BA=1.000 mejor_epoca=6
2026-09-27 03:13:37,507 INFO COMBINED/no_dn fold 3: config 9 (lr=0.0003, dropout=0.4) epoca 10: train_loss=0.1538 val_loss=0.0694 val_BA=1.000 mejor_epoca=10
2026-09-27 03:14:02,899 INFO COMBINED/no_dn fold 3: config 9 (lr=0.0003, dropout=0.4) epoca 20: train_loss=0.0257 val_loss=0.2374 val_BA=0.850 mejor_epoca=10
2026-09-27 03:14:15,606 INFO COMBINED/no_dn fold 3 config 9: OK val_BA=1.000 mejor_epoca=10 (1.1 min)
2026-09-27 03:14:19,551 INFO COMBINED/no_dn fold 3: config 10 (lr=0.0003, dropout=0.4) epoca 1: train_loss=0.5479 val_loss=0.2253 val_BA=0.905 mejor_epoca=1
2026-09-27 03:14:26,803 INFO COMBINED/no_dn fold 3: config 10 (lr=0.0003, dropout=0.4) epoca 3: train_loss=0.4166 val_loss=0.0740 val_BA=0.950 mejor_epoca=3
2026-09-27 03:14:30,470 INFO COMBINED/no_dn fold 3: config 10 (lr=0.0003, dropout=0.4) epoca 4: train_loss=0.3492 val_loss=0.1735 val_BA=0.955 mejor_epoca=4
2026-09-27 03:14:41,531 INFO COMBINED/no_dn fold 3: config 10 (lr=0.0003, dropout=0.4) epoca 7: train_loss=0.2276 val_loss=0.1719 val_BA=0.955 mejor_epoca=7
2026-09-27 03:14:52,456 INFO COMBINED/no_dn fold 3: config 10 (lr=0.0003, dropout=0.4) epoca 10: train_loss=0.1745 val_loss=0.1907 val_BA=0.905 mejor_epoca=7
2026-09-27 03:15:20,273 INFO COMBINED/no_dn fold 3: config 10 (lr=0.0003, dropout=0.4) epoca 18: train_loss=0.1289 val_loss=0.1391 val_BA=1.000 mejor_epoca=18
2026-09-27 03:15:27,448 INFO COMBINED/no_dn fold 3: config 10 (lr=0.0003, dropout=0.4) epoca 20: train_loss=0.0915 val_loss=0.3765 val_BA=0.955 mejor_epoca=18
2026-09-27 03:16:02,303 INFO COMBINED/no_dn fold 3: config 10 (lr=0.0003, dropout=0.4) epoca 30: train_loss=0.1056 val_loss=0.5750 val_BA=0.655 mejor_epoca=18
2026-09-27 03:16:12,348 INFO COMBINED/no_dn fold 3 config 10: OK val_BA=1.000 mejor_epoca=18 (1.9 min)
2026-09-27 03:16:14,890 INFO COMBINED/no_dn fold 3: config 11 (lr=0.0003, dropout=0.5) epoca 1: train_loss=0.5356 val_loss=0.4995 val_BA=0.909 mejor_epoca=1
2026-09-27 03:16:19,250 INFO COMBINED/no_dn fold 3: config 11 (lr=0.0003, dropout=0.5) epoca 3: train_loss=0.2959 val_loss=0.1858 val_BA=0.955 mejor_epoca=3
2026-09-27 03:16:32,488 INFO COMBINED/no_dn fold 3: config 11 (lr=0.0003, dropout=0.5) epoca 9: train_loss=0.0429 val_loss=0.1766 val_BA=0.955 mejor_epoca=9
2026-09-27 03:16:34,713 INFO COMBINED/no_dn fold 3: config 11 (lr=0.0003, dropout=0.5) epoca 10: train_loss=0.0434 val_loss=0.3228 val_BA=0.700 mejor_epoca=9
2026-09-27 03:16:56,961 INFO COMBINED/no_dn fold 3: config 11 (lr=0.0003, dropout=0.5) epoca 20: train_loss=0.0060 val_loss=0.1547 val_BA=0.905 mejor_epoca=9
2026-09-27 03:17:05,859 INFO COMBINED/no_dn fold 3 config 11: OK val_BA=0.955 mejor_epoca=9 (0.9 min)
2026-09-27 03:17:08,737 INFO COMBINED/no_dn fold 3: config 12 (lr=0.0003, dropout=0.5) epoca 1: train_loss=0.5597 val_loss=0.5536 val_BA=0.768 mejor_epoca=1
2026-09-27 03:17:11,295 INFO COMBINED/no_dn fold 3: config 12 (lr=0.0003, dropout=0.5) epoca 2: train_loss=0.3761 val_loss=0.2151 val_BA=0.809 mejor_epoca=2
2026-09-27 03:17:13,866 INFO COMBINED/no_dn fold 3: config 12 (lr=0.0003, dropout=0.5) epoca 3: train_loss=0.3240 val_loss=0.3259 val_BA=0.864 mejor_epoca=3
2026-09-27 03:17:16,425 INFO COMBINED/no_dn fold 3: config 12 (lr=0.0003, dropout=0.5) epoca 4: train_loss=0.2637 val_loss=0.1847 val_BA=0.909 mejor_epoca=4
2026-09-27 03:17:31,868 INFO COMBINED/no_dn fold 3: config 12 (lr=0.0003, dropout=0.5) epoca 10: train_loss=0.1799 val_loss=0.1963 val_BA=0.905 mejor_epoca=4
2026-09-27 03:17:37,015 INFO COMBINED/no_dn fold 3: config 12 (lr=0.0003, dropout=0.5) epoca 12: train_loss=0.0577 val_loss=0.1672 val_BA=0.955 mejor_epoca=12
2026-09-27 03:17:57,425 INFO COMBINED/no_dn fold 3: config 12 (lr=0.0003, dropout=0.5) epoca 20: train_loss=0.0298 val_loss=0.1684 val_BA=0.800 mejor_epoca=12
2026-09-27 03:18:15,242 INFO COMBINED/no_dn fold 3 config 12: OK val_BA=0.955 mejor_epoca=12 (1.2 min)
2026-09-27 03:18:19,079 INFO COMBINED/no_dn fold 3: config 13 (lr=0.001, dropout=0.2) epoca 1: train_loss=0.7330 val_loss=0.5733 val_BA=0.550 mejor_epoca=1
2026-09-27 03:18:22,627 INFO COMBINED/no_dn fold 3: config 13 (lr=0.001, dropout=0.2) epoca 2: train_loss=0.7317 val_loss=0.6291 val_BA=0.623 mejor_epoca=2
2026-09-27 03:18:36,854 INFO COMBINED/no_dn fold 3: config 13 (lr=0.001, dropout=0.2) epoca 6: train_loss=0.6478 val_loss=0.4953 val_BA=0.805 mejor_epoca=6
2026-09-27 03:18:47,306 INFO COMBINED/no_dn fold 3: config 13 (lr=0.001, dropout=0.2) epoca 9: train_loss=0.4723 val_loss=0.3995 val_BA=0.818 mejor_epoca=9
2026-09-27 03:18:50,835 INFO COMBINED/no_dn fold 3: config 13 (lr=0.001, dropout=0.2) epoca 10: train_loss=0.3299 val_loss=0.0718 val_BA=0.955 mejor_epoca=10
2026-09-27 03:19:26,357 INFO COMBINED/no_dn fold 3: config 13 (lr=0.001, dropout=0.2) epoca 20: train_loss=0.1623 val_loss=0.2239 val_BA=0.909 mejor_epoca=10
2026-09-27 03:19:43,936 INFO COMBINED/no_dn fold 3 config 13: OK val_BA=0.955 mejor_epoca=10 (1.5 min)
2026-09-27 03:19:46,490 INFO COMBINED/no_dn fold 3: config 14 (lr=0.001, dropout=0.3) epoca 1: train_loss=0.5497 val_loss=0.2127 val_BA=0.855 mejor_epoca=1
2026-09-27 03:19:51,005 INFO COMBINED/no_dn fold 3: config 14 (lr=0.001, dropout=0.3) epoca 3: train_loss=0.3471 val_loss=0.2718 val_BA=0.859 mejor_epoca=3
2026-09-27 03:19:53,280 INFO COMBINED/no_dn fold 3: config 14 (lr=0.001, dropout=0.3) epoca 4: train_loss=0.2892 val_loss=0.2583 val_BA=0.864 mejor_epoca=4
2026-09-27 03:20:04,670 INFO COMBINED/no_dn fold 3: config 14 (lr=0.001, dropout=0.3) epoca 9: train_loss=0.1932 val_loss=0.1088 val_BA=0.900 mejor_epoca=9
2026-09-27 03:20:06,915 INFO COMBINED/no_dn fold 3: config 14 (lr=0.001, dropout=0.3) epoca 10: train_loss=0.1554 val_loss=0.0872 val_BA=0.950 mejor_epoca=10
2026-09-27 03:20:13,583 INFO COMBINED/no_dn fold 3: config 14 (lr=0.001, dropout=0.3) epoca 13: train_loss=0.1382 val_loss=0.0735 val_BA=0.950 mejor_epoca=13
2026-09-27 03:20:29,245 INFO COMBINED/no_dn fold 3: config 14 (lr=0.001, dropout=0.3) epoca 20: train_loss=0.0598 val_loss=0.1277 val_BA=0.900 mejor_epoca=13
2026-09-27 03:20:47,138 INFO COMBINED/no_dn fold 3 config 14: OK val_BA=0.950 mejor_epoca=13 (1.1 min)
2026-09-27 03:20:50,047 INFO COMBINED/no_dn fold 3: config 15 (lr=0.001, dropout=0.3) epoca 1: train_loss=0.5618 val_loss=0.2264 val_BA=0.909 mejor_epoca=1
2026-09-27 03:20:57,734 INFO COMBINED/no_dn fold 3: config 15 (lr=0.001, dropout=0.3) epoca 4: train_loss=0.3129 val_loss=0.1773 val_BA=0.909 mejor_epoca=4
2026-09-27 03:21:00,326 INFO COMBINED/no_dn fold 3: config 15 (lr=0.001, dropout=0.3) epoca 5: train_loss=0.2905 val_loss=0.0784 val_BA=0.950 mejor_epoca=5
2026-09-27 03:21:13,063 INFO COMBINED/no_dn fold 3: config 15 (lr=0.001, dropout=0.3) epoca 10: train_loss=0.2042 val_loss=0.0951 val_BA=0.950 mejor_epoca=5
2026-09-27 03:21:18,067 INFO COMBINED/no_dn fold 3: config 15 (lr=0.001, dropout=0.3) epoca 12: train_loss=0.1990 val_loss=0.0556 val_BA=1.000 mejor_epoca=12
2026-09-27 03:21:38,105 INFO COMBINED/no_dn fold 3: config 15 (lr=0.001, dropout=0.3) epoca 20: train_loss=0.0310 val_loss=0.1223 val_BA=0.950 mejor_epoca=12
2026-09-27 03:21:56,186 INFO COMBINED/no_dn fold 3 config 15: OK val_BA=1.000 mejor_epoca=12 (1.2 min)
2026-09-27 03:21:59,741 INFO COMBINED/no_dn fold 3: config 16 (lr=0.001, dropout=0.4) epoca 1: train_loss=0.7376 val_loss=0.7251 val_BA=0.591 mejor_epoca=1
2026-09-27 03:22:06,344 INFO COMBINED/no_dn fold 3: config 16 (lr=0.001, dropout=0.4) epoca 3: train_loss=0.7657 val_loss=0.6806 val_BA=0.723 mejor_epoca=3
2026-09-27 03:22:13,053 INFO COMBINED/no_dn fold 3: config 16 (lr=0.001, dropout=0.4) epoca 5: train_loss=0.5883 val_loss=0.1894 val_BA=0.759 mejor_epoca=5
2026-09-27 03:22:16,469 INFO COMBINED/no_dn fold 3: config 16 (lr=0.001, dropout=0.4) epoca 6: train_loss=0.4882 val_loss=0.2259 val_BA=0.805 mejor_epoca=6
2026-09-27 03:22:19,835 INFO COMBINED/no_dn fold 3: config 16 (lr=0.001, dropout=0.4) epoca 7: train_loss=0.4550 val_loss=0.2930 val_BA=0.855 mejor_epoca=7
2026-09-27 03:22:26,500 INFO COMBINED/no_dn fold 3: config 16 (lr=0.001, dropout=0.4) epoca 9: train_loss=0.3483 val_loss=0.3050 val_BA=0.859 mejor_epoca=9
2026-09-27 03:22:29,983 INFO COMBINED/no_dn fold 3: config 16 (lr=0.001, dropout=0.4) epoca 10: train_loss=0.2952 val_loss=0.2047 val_BA=0.859 mejor_epoca=10
2026-09-27 03:22:40,699 INFO COMBINED/no_dn fold 3: config 16 (lr=0.001, dropout=0.4) epoca 13: train_loss=0.2228 val_loss=0.1701 val_BA=0.900 mejor_epoca=13
2026-09-27 03:22:44,417 INFO COMBINED/no_dn fold 3: config 16 (lr=0.001, dropout=0.4) epoca 14: train_loss=0.2242 val_loss=0.2245 val_BA=0.905 mejor_epoca=14
2026-09-27 03:22:59,147 INFO COMBINED/no_dn fold 3: config 16 (lr=0.001, dropout=0.4) epoca 18: train_loss=0.1595 val_loss=0.2226 val_BA=0.905 mejor_epoca=18
2026-09-27 03:23:05,947 INFO COMBINED/no_dn fold 3: config 16 (lr=0.001, dropout=0.4) epoca 20: train_loss=0.1433 val_loss=0.1594 val_BA=0.900 mejor_epoca=18
2026-09-27 03:23:12,417 INFO COMBINED/no_dn fold 3: config 16 (lr=0.001, dropout=0.4) epoca 22: train_loss=0.0811 val_loss=0.1422 val_BA=0.950 mejor_epoca=22
2026-09-27 03:23:22,366 INFO COMBINED/no_dn fold 3: config 16 (lr=0.001, dropout=0.4) epoca 25: train_loss=0.1239 val_loss=0.1356 val_BA=0.950 mejor_epoca=25
2026-09-27 03:23:39,146 INFO COMBINED/no_dn fold 3: config 16 (lr=0.001, dropout=0.4) epoca 30: train_loss=0.1098 val_loss=0.3089 val_BA=0.855 mejor_epoca=25
2026-09-27 03:23:49,073 INFO COMBINED/no_dn fold 3: config 16 (lr=0.001, dropout=0.4) epoca 33: train_loss=0.0524 val_loss=0.0933 val_BA=1.000 mejor_epoca=33
2026-09-27 03:24:12,797 INFO COMBINED/no_dn fold 3: config 16 (lr=0.001, dropout=0.4) epoca 40: train_loss=0.0536 val_loss=0.3381 val_BA=0.905 mejor_epoca=33
2026-09-27 03:24:41,450 INFO COMBINED/no_dn fold 3 config 16: OK val_BA=1.000 mejor_epoca=33 (2.8 min)
2026-09-27 03:24:44,298 INFO COMBINED/no_dn fold 3: config 17 (lr=0.001, dropout=0.5) epoca 1: train_loss=0.5861 val_loss=0.7672 val_BA=0.723 mejor_epoca=1
2026-09-27 03:24:46,848 INFO COMBINED/no_dn fold 3: config 17 (lr=0.001, dropout=0.5) epoca 2: train_loss=0.4608 val_loss=0.6753 val_BA=0.727 mejor_epoca=2
2026-09-27 03:24:49,413 INFO COMBINED/no_dn fold 3: config 17 (lr=0.001, dropout=0.5) epoca 3: train_loss=0.4166 val_loss=0.2629 val_BA=0.905 mejor_epoca=3
2026-09-27 03:24:52,033 INFO COMBINED/no_dn fold 3: config 17 (lr=0.001, dropout=0.5) epoca 4: train_loss=0.3257 val_loss=0.4790 val_BA=0.909 mejor_epoca=4
2026-09-27 03:24:57,273 INFO COMBINED/no_dn fold 3: config 17 (lr=0.001, dropout=0.5) epoca 6: train_loss=0.2857 val_loss=0.0711 val_BA=0.950 mejor_epoca=6
2026-09-27 03:24:59,879 INFO COMBINED/no_dn fold 3: config 17 (lr=0.001, dropout=0.5) epoca 7: train_loss=0.2823 val_loss=0.1246 val_BA=0.955 mejor_epoca=7
2026-09-27 03:25:07,654 INFO COMBINED/no_dn fold 3: config 17 (lr=0.001, dropout=0.5) epoca 10: train_loss=0.2248 val_loss=0.0793 val_BA=0.950 mejor_epoca=7
2026-09-27 03:25:33,482 INFO COMBINED/no_dn fold 3: config 17 (lr=0.001, dropout=0.5) epoca 20: train_loss=0.1088 val_loss=0.1428 val_BA=0.950 mejor_epoca=7
2026-09-27 03:25:38,624 INFO COMBINED/no_dn fold 3 config 17: OK val_BA=0.955 mejor_epoca=7 (1.0 min)
2026-09-27 03:25:41,176 INFO COMBINED/no_dn fold 3: config 18 (lr=0.001, dropout=0.5) epoca 1: train_loss=0.5194 val_loss=0.1968 val_BA=0.855 mejor_epoca=1
2026-09-27 03:25:52,443 INFO COMBINED/no_dn fold 3: config 18 (lr=0.001, dropout=0.5) epoca 6: train_loss=0.2044 val_loss=0.2161 val_BA=0.900 mejor_epoca=6
2026-09-27 03:25:54,651 INFO COMBINED/no_dn fold 3: config 18 (lr=0.001, dropout=0.5) epoca 7: train_loss=0.1991 val_loss=0.1321 val_BA=1.000 mejor_epoca=7
2026-09-27 03:26:01,353 INFO COMBINED/no_dn fold 3: config 18 (lr=0.001, dropout=0.5) epoca 10: train_loss=0.1485 val_loss=0.0827 val_BA=0.900 mejor_epoca=7
2026-09-27 03:26:23,755 INFO COMBINED/no_dn fold 3: config 18 (lr=0.001, dropout=0.5) epoca 20: train_loss=0.0911 val_loss=0.3157 val_BA=0.850 mejor_epoca=7
2026-09-27 03:26:28,218 INFO COMBINED/no_dn fold 3 config 18: OK val_BA=1.000 mejor_epoca=7 (0.8 min)
2026-09-27 03:26:30,736 INFO COMBINED/no_dn fold 3: config 19 (lr=0.001, dropout=0.5) epoca 1: train_loss=0.5244 val_loss=0.1641 val_BA=0.850 mejor_epoca=1
2026-09-27 03:26:37,456 INFO COMBINED/no_dn fold 3: config 19 (lr=0.001, dropout=0.5) epoca 4: train_loss=0.3472 val_loss=0.1492 val_BA=0.905 mejor_epoca=4
2026-09-27 03:26:41,902 INFO COMBINED/no_dn fold 3: config 19 (lr=0.001, dropout=0.5) epoca 6: train_loss=0.2434 val_loss=0.0682 val_BA=0.950 mejor_epoca=6
2026-09-27 03:26:48,599 INFO COMBINED/no_dn fold 3: config 19 (lr=0.001, dropout=0.5) epoca 9: train_loss=0.2236 val_loss=0.2006 val_BA=0.955 mejor_epoca=9
2026-09-27 03:26:50,825 INFO COMBINED/no_dn fold 3: config 19 (lr=0.001, dropout=0.5) epoca 10: train_loss=0.1769 val_loss=0.2887 val_BA=0.859 mejor_epoca=9
2026-09-27 03:27:13,401 INFO COMBINED/no_dn fold 3: config 19 (lr=0.001, dropout=0.5) epoca 20: train_loss=0.0264 val_loss=0.3462 val_BA=0.950 mejor_epoca=9
2026-09-27 03:27:22,205 INFO COMBINED/no_dn fold 3 config 19: OK val_BA=0.955 mejor_epoca=9 (0.9 min)
2026-09-27 03:27:22,738 INFO COMBINED/no_dn fold 4: log-mel no_dn listo en 0.5 s, forma (4902, 1, 64, 309)
2026-09-27 03:27:22,752 INFO COMBINED/no_dn fold 4: 86/20 pacientes train/validation, 20 de 20 configuracion(es) por evaluar
2026-09-27 03:27:26,238 INFO COMBINED/no_dn fold 4: config 0 (lr=0.0001, dropout=0.3) epoca 1: train_loss=0.5492 val_loss=0.7091 val_BA=0.798 mejor_epoca=1
2026-09-27 03:27:29,378 INFO COMBINED/no_dn fold 4: config 0 (lr=0.0001, dropout=0.3) epoca 2: train_loss=0.3425 val_loss=0.3863 val_BA=0.889 mejor_epoca=2
2026-09-27 03:27:54,481 INFO COMBINED/no_dn fold 4: config 0 (lr=0.0001, dropout=0.3) epoca 10: train_loss=0.1246 val_loss=0.1694 val_BA=0.722 mejor_epoca=2
2026-09-27 03:28:25,695 INFO COMBINED/no_dn fold 4: config 0 (lr=0.0001, dropout=0.3) epoca 20: train_loss=0.0572 val_loss=0.2280 val_BA=0.788 mejor_epoca=2
2026-09-27 03:28:25,718 INFO COMBINED/no_dn fold 4 config 0: OK val_BA=0.889 mejor_epoca=2 (1.0 min)
2026-09-27 03:28:27,975 INFO COMBINED/no_dn fold 4: config 1 (lr=0.0001, dropout=0.3) epoca 1: train_loss=0.5384 val_loss=0.4616 val_BA=0.944 mejor_epoca=1
2026-09-27 03:28:32,002 INFO COMBINED/no_dn fold 4: config 1 (lr=0.0001, dropout=0.3) epoca 3: train_loss=0.2346 val_loss=0.4582 val_BA=0.944 mejor_epoca=3
2026-09-27 03:28:33,994 INFO COMBINED/no_dn fold 4: config 1 (lr=0.0001, dropout=0.3) epoca 4: train_loss=0.1317 val_loss=0.2447 val_BA=0.944 mejor_epoca=4
2026-09-27 03:28:46,131 INFO COMBINED/no_dn fold 4: config 1 (lr=0.0001, dropout=0.3) epoca 10: train_loss=0.0204 val_loss=0.1184 val_BA=0.889 mejor_epoca=4
2026-09-27 03:29:06,311 INFO COMBINED/no_dn fold 4: config 1 (lr=0.0001, dropout=0.3) epoca 20: train_loss=0.0323 val_loss=0.1057 val_BA=0.778 mejor_epoca=4
2026-09-27 03:29:06,334 INFO COMBINED/no_dn fold 4 config 1: OK val_BA=0.944 mejor_epoca=4 (0.7 min)
2026-09-27 03:29:08,827 INFO COMBINED/no_dn fold 4: config 2 (lr=0.0001, dropout=0.4) epoca 1: train_loss=0.5230 val_loss=0.4979 val_BA=0.955 mejor_epoca=1
2026-09-27 03:29:28,988 INFO COMBINED/no_dn fold 4: config 2 (lr=0.0001, dropout=0.4) epoca 10: train_loss=0.0125 val_loss=0.1270 val_BA=0.889 mejor_epoca=1
2026-09-27 03:29:51,495 INFO COMBINED/no_dn fold 4: config 2 (lr=0.0001, dropout=0.4) epoca 20: train_loss=0.0329 val_loss=0.2087 val_BA=0.889 mejor_epoca=1
2026-09-27 03:29:51,517 INFO COMBINED/no_dn fold 4 config 2: OK val_BA=0.955 mejor_epoca=1 (0.8 min)
2026-09-27 03:29:54,700 INFO COMBINED/no_dn fold 4: config 3 (lr=0.0001, dropout=0.4) epoca 1: train_loss=0.5304 val_loss=0.4774 val_BA=0.732 mejor_epoca=1
2026-09-27 03:29:57,719 INFO COMBINED/no_dn fold 4: config 3 (lr=0.0001, dropout=0.4) epoca 2: train_loss=0.3522 val_loss=0.2938 val_BA=0.778 mejor_epoca=2
2026-09-27 03:30:00,604 INFO COMBINED/no_dn fold 4: config 3 (lr=0.0001, dropout=0.4) epoca 3: train_loss=0.2649 val_loss=0.2125 val_BA=0.778 mejor_epoca=3
2026-09-27 03:30:03,508 INFO COMBINED/no_dn fold 4: config 3 (lr=0.0001, dropout=0.4) epoca 4: train_loss=0.1804 val_loss=0.1611 val_BA=0.778 mejor_epoca=4
2026-09-27 03:30:06,352 INFO COMBINED/no_dn fold 4: config 3 (lr=0.0001, dropout=0.4) epoca 5: train_loss=0.1609 val_loss=0.1391 val_BA=0.833 mejor_epoca=5
2026-09-27 03:30:17,804 INFO COMBINED/no_dn fold 4: config 3 (lr=0.0001, dropout=0.4) epoca 9: train_loss=0.1362 val_loss=0.1650 val_BA=0.889 mejor_epoca=9
2026-09-27 03:30:20,607 INFO COMBINED/no_dn fold 4: config 3 (lr=0.0001, dropout=0.4) epoca 10: train_loss=0.0827 val_loss=0.1247 val_BA=0.778 mejor_epoca=9
2026-09-27 03:30:49,958 INFO COMBINED/no_dn fold 4: config 3 (lr=0.0001, dropout=0.4) epoca 20: train_loss=0.0738 val_loss=0.2442 val_BA=0.722 mejor_epoca=9
2026-09-27 03:31:02,340 INFO COMBINED/no_dn fold 4 config 3: OK val_BA=0.889 mejor_epoca=9 (1.2 min)
2026-09-27 03:31:04,796 INFO COMBINED/no_dn fold 4: config 4 (lr=0.0001, dropout=0.4) epoca 1: train_loss=0.5770 val_loss=0.6983 val_BA=0.818 mejor_epoca=1
2026-09-27 03:31:09,298 INFO COMBINED/no_dn fold 4: config 4 (lr=0.0001, dropout=0.4) epoca 3: train_loss=0.2648 val_loss=0.3695 val_BA=0.944 mejor_epoca=3
2026-09-27 03:31:24,912 INFO COMBINED/no_dn fold 4: config 4 (lr=0.0001, dropout=0.4) epoca 10: train_loss=0.0546 val_loss=0.1027 val_BA=0.833 mejor_epoca=3
2026-09-27 03:31:47,026 INFO COMBINED/no_dn fold 4: config 4 (lr=0.0001, dropout=0.4) epoca 20: train_loss=0.0287 val_loss=0.1596 val_BA=0.833 mejor_epoca=3
2026-09-27 03:31:47,048 INFO COMBINED/no_dn fold 4 config 4: OK val_BA=0.944 mejor_epoca=3 (0.7 min)
2026-09-27 03:31:49,257 INFO COMBINED/no_dn fold 4: config 5 (lr=0.0001, dropout=0.4) epoca 1: train_loss=0.5513 val_loss=0.6374 val_BA=0.818 mejor_epoca=1
2026-09-27 03:31:51,225 INFO COMBINED/no_dn fold 4: config 5 (lr=0.0001, dropout=0.4) epoca 2: train_loss=0.3818 val_loss=0.2405 val_BA=0.944 mejor_epoca=2
2026-09-27 03:32:07,304 INFO COMBINED/no_dn fold 4: config 5 (lr=0.0001, dropout=0.4) epoca 10: train_loss=0.0185 val_loss=0.1694 val_BA=0.778 mejor_epoca=2
2026-09-27 03:32:27,231 INFO COMBINED/no_dn fold 4: config 5 (lr=0.0001, dropout=0.4) epoca 20: train_loss=0.0064 val_loss=0.1684 val_BA=0.833 mejor_epoca=2
2026-09-27 03:32:27,253 INFO COMBINED/no_dn fold 4 config 5: OK val_BA=0.944 mejor_epoca=2 (0.7 min)
2026-09-27 03:32:30,413 INFO COMBINED/no_dn fold 4: config 6 (lr=0.0001, dropout=0.5) epoca 1: train_loss=0.5969 val_loss=0.5461 val_BA=0.854 mejor_epoca=1
2026-09-27 03:32:39,258 INFO COMBINED/no_dn fold 4: config 6 (lr=0.0001, dropout=0.5) epoca 4: train_loss=0.2228 val_loss=0.1324 val_BA=0.889 mejor_epoca=4
2026-09-27 03:32:57,313 INFO COMBINED/no_dn fold 4: config 6 (lr=0.0001, dropout=0.5) epoca 10: train_loss=0.0706 val_loss=0.1434 val_BA=0.722 mejor_epoca=4
2026-09-27 03:33:26,054 INFO COMBINED/no_dn fold 4: config 6 (lr=0.0001, dropout=0.5) epoca 20: train_loss=0.0653 val_loss=0.1725 val_BA=0.778 mejor_epoca=4
2026-09-27 03:33:26,076 INFO COMBINED/no_dn fold 4 config 6: OK val_BA=0.889 mejor_epoca=4 (1.0 min)
2026-09-27 03:33:28,245 INFO COMBINED/no_dn fold 4: config 7 (lr=0.0001, dropout=0.5) epoca 1: train_loss=0.5915 val_loss=0.4510 val_BA=0.899 mejor_epoca=1
2026-09-27 03:33:34,108 INFO COMBINED/no_dn fold 4: config 7 (lr=0.0001, dropout=0.5) epoca 4: train_loss=0.2120 val_loss=0.2954 val_BA=0.944 mejor_epoca=4
2026-09-27 03:33:45,908 INFO COMBINED/no_dn fold 4: config 7 (lr=0.0001, dropout=0.5) epoca 10: train_loss=0.0303 val_loss=0.1665 val_BA=0.722 mejor_epoca=4
2026-09-27 03:34:05,741 INFO COMBINED/no_dn fold 4: config 7 (lr=0.0001, dropout=0.5) epoca 20: train_loss=0.0076 val_loss=0.1263 val_BA=0.778 mejor_epoca=4
2026-09-27 03:34:05,764 INFO COMBINED/no_dn fold 4 config 7: OK val_BA=0.944 mejor_epoca=4 (0.7 min)
2026-09-27 03:34:07,917 INFO COMBINED/no_dn fold 4: config 8 (lr=0.0003, dropout=0.3) epoca 1: train_loss=0.5542 val_loss=0.3489 val_BA=0.778 mejor_epoca=1
2026-09-27 03:34:13,857 INFO COMBINED/no_dn fold 4: config 8 (lr=0.0003, dropout=0.3) epoca 4: train_loss=0.1463 val_loss=0.1876 val_BA=0.889 mejor_epoca=4
2026-09-27 03:34:25,881 INFO COMBINED/no_dn fold 4: config 8 (lr=0.0003, dropout=0.3) epoca 10: train_loss=0.0692 val_loss=0.1152 val_BA=0.833 mejor_epoca=4
2026-09-27 03:34:45,600 INFO COMBINED/no_dn fold 4: config 8 (lr=0.0003, dropout=0.3) epoca 20: train_loss=0.0528 val_loss=0.2360 val_BA=0.833 mejor_epoca=4
2026-09-27 03:34:45,624 INFO COMBINED/no_dn fold 4 config 8: OK val_BA=0.889 mejor_epoca=4 (0.7 min)
2026-09-27 03:34:48,062 INFO COMBINED/no_dn fold 4: config 9 (lr=0.0003, dropout=0.4) epoca 1: train_loss=0.5333 val_loss=0.4084 val_BA=0.889 mejor_epoca=1
2026-09-27 03:35:08,247 INFO COMBINED/no_dn fold 4: config 9 (lr=0.0003, dropout=0.4) epoca 10: train_loss=0.0548 val_loss=0.1220 val_BA=0.833 mejor_epoca=1
2026-09-27 03:35:31,174 INFO COMBINED/no_dn fold 4: config 9 (lr=0.0003, dropout=0.4) epoca 20: train_loss=0.0175 val_loss=0.1191 val_BA=0.833 mejor_epoca=1
2026-09-27 03:35:31,198 INFO COMBINED/no_dn fold 4 config 9: OK val_BA=0.889 mejor_epoca=1 (0.8 min)
2026-09-27 03:35:34,457 INFO COMBINED/no_dn fold 4: config 10 (lr=0.0003, dropout=0.4) epoca 1: train_loss=0.5766 val_loss=0.6822 val_BA=0.788 mejor_epoca=1
2026-09-27 03:35:37,685 INFO COMBINED/no_dn fold 4: config 10 (lr=0.0003, dropout=0.4) epoca 2: train_loss=0.4203 val_loss=0.1549 val_BA=0.833 mejor_epoca=2
2026-09-27 03:36:02,942 INFO COMBINED/no_dn fold 4: config 10 (lr=0.0003, dropout=0.4) epoca 10: train_loss=0.1072 val_loss=0.1534 val_BA=0.778 mejor_epoca=2
2026-09-27 03:36:34,793 INFO COMBINED/no_dn fold 4: config 10 (lr=0.0003, dropout=0.4) epoca 20: train_loss=0.0468 val_loss=0.1768 val_BA=0.778 mejor_epoca=2
2026-09-27 03:36:34,816 INFO COMBINED/no_dn fold 4 config 10: OK val_BA=0.833 mejor_epoca=2 (1.1 min)
2026-09-27 03:36:37,076 INFO COMBINED/no_dn fold 4: config 11 (lr=0.0003, dropout=0.5) epoca 1: train_loss=0.5793 val_loss=0.3638 val_BA=0.889 mejor_epoca=1
2026-09-27 03:36:39,129 INFO COMBINED/no_dn fold 4: config 11 (lr=0.0003, dropout=0.5) epoca 2: train_loss=0.3139 val_loss=0.2750 val_BA=0.889 mejor_epoca=2
2026-09-27 03:36:53,477 INFO COMBINED/no_dn fold 4: config 11 (lr=0.0003, dropout=0.5) epoca 9: train_loss=0.0505 val_loss=0.1331 val_BA=0.889 mejor_epoca=9
2026-09-27 03:36:55,510 INFO COMBINED/no_dn fold 4: config 11 (lr=0.0003, dropout=0.5) epoca 10: train_loss=0.0381 val_loss=0.1566 val_BA=0.611 mejor_epoca=9
2026-09-27 03:37:16,226 INFO COMBINED/no_dn fold 4: config 11 (lr=0.0003, dropout=0.5) epoca 20: train_loss=0.0029 val_loss=0.1325 val_BA=0.833 mejor_epoca=9
2026-09-27 03:37:24,441 INFO COMBINED/no_dn fold 4 config 11: OK val_BA=0.889 mejor_epoca=9 (0.8 min)
2026-09-27 03:37:26,976 INFO COMBINED/no_dn fold 4: config 12 (lr=0.0003, dropout=0.5) epoca 1: train_loss=0.5187 val_loss=0.1837 val_BA=0.722 mejor_epoca=1
2026-09-27 03:37:29,424 INFO COMBINED/no_dn fold 4: config 12 (lr=0.0003, dropout=0.5) epoca 2: train_loss=0.2922 val_loss=0.0995 val_BA=0.778 mejor_epoca=2
2026-09-27 03:37:31,864 INFO COMBINED/no_dn fold 4: config 12 (lr=0.0003, dropout=0.5) epoca 3: train_loss=0.2491 val_loss=0.3886 val_BA=0.843 mejor_epoca=3
2026-09-27 03:37:48,213 INFO COMBINED/no_dn fold 4: config 12 (lr=0.0003, dropout=0.5) epoca 10: train_loss=0.0555 val_loss=0.1381 val_BA=0.722 mejor_epoca=3
2026-09-27 03:38:11,826 INFO COMBINED/no_dn fold 4: config 12 (lr=0.0003, dropout=0.5) epoca 20: train_loss=0.0237 val_loss=0.1109 val_BA=0.833 mejor_epoca=3
2026-09-27 03:38:11,850 INFO COMBINED/no_dn fold 4 config 12: OK val_BA=0.843 mejor_epoca=3 (0.8 min)
2026-09-27 03:38:15,344 INFO COMBINED/no_dn fold 4: config 13 (lr=0.001, dropout=0.2) epoca 1: train_loss=0.6347 val_loss=0.2024 val_BA=0.556 mejor_epoca=1
2026-09-27 03:38:18,549 INFO COMBINED/no_dn fold 4: config 13 (lr=0.001, dropout=0.2) epoca 2: train_loss=0.5049 val_loss=0.7156 val_BA=0.742 mejor_epoca=2
2026-09-27 03:38:21,789 INFO COMBINED/no_dn fold 4: config 13 (lr=0.001, dropout=0.2) epoca 3: train_loss=0.4464 val_loss=0.3761 val_BA=0.843 mejor_epoca=3
2026-09-27 03:38:25,035 INFO COMBINED/no_dn fold 4: config 13 (lr=0.001, dropout=0.2) epoca 4: train_loss=0.4233 val_loss=0.9397 val_BA=0.854 mejor_epoca=4
2026-09-27 03:38:44,483 INFO COMBINED/no_dn fold 4: config 13 (lr=0.001, dropout=0.2) epoca 10: train_loss=0.2802 val_loss=0.1518 val_BA=0.778 mejor_epoca=4
2026-09-27 03:39:17,261 INFO COMBINED/no_dn fold 4: config 13 (lr=0.001, dropout=0.2) epoca 20: train_loss=0.1091 val_loss=0.1889 val_BA=0.788 mejor_epoca=4
2026-09-27 03:39:17,285 INFO COMBINED/no_dn fold 4 config 13: OK val_BA=0.854 mejor_epoca=4 (1.1 min)
2026-09-27 03:39:19,552 INFO COMBINED/no_dn fold 4: config 14 (lr=0.001, dropout=0.3) epoca 1: train_loss=0.5478 val_loss=0.1273 val_BA=0.611 mejor_epoca=1
2026-09-27 03:39:23,716 INFO COMBINED/no_dn fold 4: config 14 (lr=0.001, dropout=0.3) epoca 3: train_loss=0.3099 val_loss=0.1873 val_BA=0.778 mejor_epoca=3
2026-09-27 03:39:32,090 INFO COMBINED/no_dn fold 4: config 14 (lr=0.001, dropout=0.3) epoca 7: train_loss=0.1805 val_loss=0.4199 val_BA=0.788 mejor_epoca=7
2026-09-27 03:39:36,206 INFO COMBINED/no_dn fold 4: config 14 (lr=0.001, dropout=0.3) epoca 9: train_loss=0.0921 val_loss=0.3411 val_BA=0.843 mejor_epoca=9
2026-09-27 03:39:38,264 INFO COMBINED/no_dn fold 4: config 14 (lr=0.001, dropout=0.3) epoca 10: train_loss=0.0936 val_loss=0.2707 val_BA=0.833 mejor_epoca=9
2026-09-27 03:39:46,456 INFO COMBINED/no_dn fold 4: config 14 (lr=0.001, dropout=0.3) epoca 14: train_loss=0.0359 val_loss=0.1562 val_BA=0.889 mejor_epoca=14
2026-09-27 03:39:58,700 INFO COMBINED/no_dn fold 4: config 14 (lr=0.001, dropout=0.3) epoca 20: train_loss=0.0193 val_loss=0.1320 val_BA=0.722 mejor_epoca=14
2026-09-27 03:40:17,027 INFO COMBINED/no_dn fold 4 config 14: OK val_BA=0.889 mejor_epoca=14 (1.0 min)
2026-09-27 03:40:19,649 INFO COMBINED/no_dn fold 4: config 15 (lr=0.001, dropout=0.3) epoca 1: train_loss=0.6873 val_loss=0.6528 val_BA=0.662 mejor_epoca=1
2026-09-27 03:40:24,591 INFO COMBINED/no_dn fold 4: config 15 (lr=0.001, dropout=0.3) epoca 3: train_loss=0.4449 val_loss=0.3738 val_BA=0.843 mejor_epoca=3
2026-09-27 03:40:34,343 INFO COMBINED/no_dn fold 4: config 15 (lr=0.001, dropout=0.3) epoca 7: train_loss=0.2960 val_loss=0.3717 val_BA=0.843 mejor_epoca=7
2026-09-27 03:40:41,355 INFO COMBINED/no_dn fold 4: config 15 (lr=0.001, dropout=0.3) epoca 10: train_loss=0.2539 val_loss=0.2538 val_BA=0.889 mejor_epoca=10
2026-09-27 03:40:46,038 INFO COMBINED/no_dn fold 4: config 15 (lr=0.001, dropout=0.3) epoca 12: train_loss=0.2355 val_loss=0.2272 val_BA=0.889 mejor_epoca=12
2026-09-27 03:41:04,606 INFO COMBINED/no_dn fold 4: config 15 (lr=0.001, dropout=0.3) epoca 20: train_loss=0.1335 val_loss=0.2131 val_BA=0.833 mejor_epoca=12
2026-09-27 03:41:20,912 INFO COMBINED/no_dn fold 4 config 15: OK val_BA=0.889 mejor_epoca=12 (1.1 min)
2026-09-27 03:41:24,435 INFO COMBINED/no_dn fold 4: config 16 (lr=0.001, dropout=0.4) epoca 1: train_loss=0.7307 val_loss=0.3636 val_BA=0.500 mejor_epoca=1
2026-09-27 03:41:27,748 INFO COMBINED/no_dn fold 4: config 16 (lr=0.001, dropout=0.4) epoca 2: train_loss=0.6576 val_loss=0.6827 val_BA=0.641 mejor_epoca=2
2026-09-27 03:41:30,995 INFO COMBINED/no_dn fold 4: config 16 (lr=0.001, dropout=0.4) epoca 3: train_loss=0.5601 val_loss=0.9021 val_BA=0.717 mejor_epoca=3
2026-09-27 03:41:34,256 INFO COMBINED/no_dn fold 4: config 16 (lr=0.001, dropout=0.4) epoca 4: train_loss=0.4679 val_loss=0.1920 val_BA=0.778 mejor_epoca=4
2026-09-27 03:41:44,079 INFO COMBINED/no_dn fold 4: config 16 (lr=0.001, dropout=0.4) epoca 7: train_loss=0.2960 val_loss=0.3121 val_BA=0.788 mejor_epoca=7
2026-09-27 03:41:47,361 INFO COMBINED/no_dn fold 4: config 16 (lr=0.001, dropout=0.4) epoca 8: train_loss=0.2745 val_loss=0.3982 val_BA=0.833 mejor_epoca=8
2026-09-27 03:41:50,669 INFO COMBINED/no_dn fold 4: config 16 (lr=0.001, dropout=0.4) epoca 9: train_loss=0.2821 val_loss=0.2574 val_BA=0.833 mejor_epoca=9
2026-09-27 03:41:53,967 INFO COMBINED/no_dn fold 4: config 16 (lr=0.001, dropout=0.4) epoca 10: train_loss=0.2576 val_loss=0.1528 val_BA=0.778 mejor_epoca=9
2026-09-27 03:42:26,853 INFO COMBINED/no_dn fold 4: config 16 (lr=0.001, dropout=0.4) epoca 20: train_loss=0.0973 val_loss=0.2614 val_BA=0.778 mejor_epoca=9
2026-09-27 03:42:39,739 INFO COMBINED/no_dn fold 4 config 16: OK val_BA=0.833 mejor_epoca=9 (1.3 min)
2026-09-27 03:42:42,318 INFO COMBINED/no_dn fold 4: config 17 (lr=0.001, dropout=0.5) epoca 1: train_loss=0.5348 val_loss=0.1952 val_BA=0.611 mejor_epoca=1
2026-09-27 03:42:44,663 INFO COMBINED/no_dn fold 4: config 17 (lr=0.001, dropout=0.5) epoca 2: train_loss=0.4638 val_loss=0.4302 val_BA=0.843 mejor_epoca=2
2026-09-27 03:43:03,188 INFO COMBINED/no_dn fold 4: config 17 (lr=0.001, dropout=0.5) epoca 10: train_loss=0.1598 val_loss=0.3278 val_BA=0.899 mejor_epoca=10
2026-09-27 03:43:26,268 INFO COMBINED/no_dn fold 4: config 17 (lr=0.001, dropout=0.5) epoca 20: train_loss=0.0622 val_loss=0.2814 val_BA=0.778 mejor_epoca=10
2026-09-27 03:43:37,652 INFO COMBINED/no_dn fold 4 config 17: OK val_BA=0.899 mejor_epoca=10 (1.0 min)
2026-09-27 03:43:39,853 INFO COMBINED/no_dn fold 4: config 18 (lr=0.001, dropout=0.5) epoca 1: train_loss=0.6229 val_loss=0.6570 val_BA=0.697 mejor_epoca=1
2026-09-27 03:43:41,856 INFO COMBINED/no_dn fold 4: config 18 (lr=0.001, dropout=0.5) epoca 2: train_loss=0.3854 val_loss=0.2861 val_BA=0.722 mejor_epoca=2
2026-09-27 03:43:45,859 INFO COMBINED/no_dn fold 4: config 18 (lr=0.001, dropout=0.5) epoca 4: train_loss=0.2736 val_loss=0.3755 val_BA=0.732 mejor_epoca=4
2026-09-27 03:43:47,859 INFO COMBINED/no_dn fold 4: config 18 (lr=0.001, dropout=0.5) epoca 5: train_loss=0.2495 val_loss=0.2170 val_BA=0.778 mejor_epoca=5
2026-09-27 03:43:49,856 INFO COMBINED/no_dn fold 4: config 18 (lr=0.001, dropout=0.5) epoca 6: train_loss=0.2270 val_loss=0.2123 val_BA=0.778 mejor_epoca=6
2026-09-27 03:43:53,875 INFO COMBINED/no_dn fold 4: config 18 (lr=0.001, dropout=0.5) epoca 8: train_loss=0.1455 val_loss=0.3237 val_BA=0.843 mejor_epoca=8
2026-09-27 03:43:57,875 INFO COMBINED/no_dn fold 4: config 18 (lr=0.001, dropout=0.5) epoca 10: train_loss=0.1437 val_loss=0.2247 val_BA=0.722 mejor_epoca=8
2026-09-27 03:44:18,055 INFO COMBINED/no_dn fold 4: config 18 (lr=0.001, dropout=0.5) epoca 20: train_loss=0.0463 val_loss=0.2227 val_BA=0.778 mejor_epoca=8
2026-09-27 03:44:24,140 INFO COMBINED/no_dn fold 4 config 18: OK val_BA=0.843 mejor_epoca=8 (0.8 min)
2026-09-27 03:44:26,369 INFO COMBINED/no_dn fold 4: config 19 (lr=0.001, dropout=0.5) epoca 1: train_loss=0.6710 val_loss=0.3442 val_BA=0.510 mejor_epoca=1
2026-09-27 03:44:28,391 INFO COMBINED/no_dn fold 4: config 19 (lr=0.001, dropout=0.5) epoca 2: train_loss=0.4858 val_loss=1.3056 val_BA=0.662 mejor_epoca=2
2026-09-27 03:44:30,415 INFO COMBINED/no_dn fold 4: config 19 (lr=0.001, dropout=0.5) epoca 3: train_loss=0.3808 val_loss=0.3104 val_BA=0.778 mejor_epoca=3
2026-09-27 03:44:34,455 INFO COMBINED/no_dn fold 4: config 19 (lr=0.001, dropout=0.5) epoca 5: train_loss=0.3056 val_loss=0.4665 val_BA=0.788 mejor_epoca=5
2026-09-27 03:44:42,573 INFO COMBINED/no_dn fold 4: config 19 (lr=0.001, dropout=0.5) epoca 9: train_loss=0.2096 val_loss=0.4571 val_BA=0.843 mejor_epoca=9
2026-09-27 03:44:44,615 INFO COMBINED/no_dn fold 4: config 19 (lr=0.001, dropout=0.5) epoca 10: train_loss=0.1764 val_loss=0.2026 val_BA=0.722 mejor_epoca=9
2026-09-27 03:44:46,633 INFO COMBINED/no_dn fold 4: config 19 (lr=0.001, dropout=0.5) epoca 11: train_loss=0.2394 val_loss=0.3517 val_BA=0.889 mejor_epoca=11
2026-09-27 03:45:04,906 INFO COMBINED/no_dn fold 4: config 19 (lr=0.001, dropout=0.5) epoca 20: train_loss=0.0962 val_loss=0.3735 val_BA=0.732 mejor_epoca=11
2026-09-27 03:45:17,239 INFO COMBINED/no_dn fold 4 config 19: OK val_BA=0.889 mejor_epoca=11 (0.9 min)
2026-09-27 03:45:18,502 INFO COMBINED/no_dn: configuracion global 7 (decidida por balanced_accuracy_mean), BA folds=0.934±0.050 agrupada=0.934 [COMPLETED]
2026-09-27 03:45:18,511 INFO preparando COMBINED/dn (rama dn, augment=False, protocolo holdout_cv_v3)
2026-09-27 03:45:19,053 INFO COMBINED/dn fold 0: log-mel dn listo en 0.5 s, forma (4902, 1, 64, 309)
2026-09-27 03:45:19,067 INFO COMBINED/dn fold 0: 84/22 pacientes train/validation, 20 de 20 configuracion(es) por evaluar
2026-09-27 03:45:22,779 INFO COMBINED/dn fold 0: config 0 (lr=0.0001, dropout=0.3) epoca 1: train_loss=0.5608 val_loss=0.2823 val_BA=0.950 mejor_epoca=1
2026-09-27 03:45:26,213 INFO COMBINED/dn fold 0: config 0 (lr=0.0001, dropout=0.3) epoca 2: train_loss=0.3587 val_loss=0.2003 val_BA=1.000 mejor_epoca=2
2026-09-27 03:45:39,902 INFO COMBINED/dn fold 0: config 0 (lr=0.0001, dropout=0.3) epoca 6: train_loss=0.1230 val_loss=0.0847 val_BA=1.000 mejor_epoca=6
2026-09-27 03:45:53,389 INFO COMBINED/dn fold 0: config 0 (lr=0.0001, dropout=0.3) epoca 10: train_loss=0.0632 val_loss=0.2284 val_BA=0.700 mejor_epoca=6
2026-09-27 03:46:26,747 INFO COMBINED/dn fold 0: config 0 (lr=0.0001, dropout=0.3) epoca 20: train_loss=0.0074 val_loss=0.1658 val_BA=0.900 mejor_epoca=6
2026-09-27 03:46:30,133 INFO COMBINED/dn fold 0 config 0: OK val_BA=1.000 mejor_epoca=6 (1.2 min)
2026-09-27 03:46:32,504 INFO COMBINED/dn fold 0: config 1 (lr=0.0001, dropout=0.3) epoca 1: train_loss=0.5667 val_loss=0.5122 val_BA=0.908 mejor_epoca=1
2026-09-27 03:46:34,619 INFO COMBINED/dn fold 0: config 1 (lr=0.0001, dropout=0.3) epoca 2: train_loss=0.4039 val_loss=0.3257 val_BA=1.000 mejor_epoca=2
2026-09-27 03:46:38,849 INFO COMBINED/dn fold 0: config 1 (lr=0.0001, dropout=0.3) epoca 4: train_loss=0.2093 val_loss=0.1850 val_BA=1.000 mejor_epoca=4
2026-09-27 03:46:47,388 INFO COMBINED/dn fold 0: config 1 (lr=0.0001, dropout=0.3) epoca 8: train_loss=0.0424 val_loss=0.1059 val_BA=1.000 mejor_epoca=8
2026-09-27 03:46:51,617 INFO COMBINED/dn fold 0: config 1 (lr=0.0001, dropout=0.3) epoca 10: train_loss=0.0219 val_loss=0.1159 val_BA=0.900 mejor_epoca=8
2026-09-27 03:47:12,728 INFO COMBINED/dn fold 0: config 1 (lr=0.0001, dropout=0.3) epoca 20: train_loss=0.0083 val_loss=0.1378 val_BA=0.750 mejor_epoca=8
2026-09-27 03:47:16,932 INFO COMBINED/dn fold 0: config 1 (lr=0.0001, dropout=0.3) epoca 22: train_loss=0.0064 val_loss=0.0903 val_BA=1.000 mejor_epoca=22
2026-09-27 03:47:21,219 INFO COMBINED/dn fold 0: config 1 (lr=0.0001, dropout=0.3) epoca 24: train_loss=0.0050 val_loss=0.0836 val_BA=1.000 mejor_epoca=24
2026-09-27 03:47:34,245 INFO COMBINED/dn fold 0: config 1 (lr=0.0001, dropout=0.3) epoca 30: train_loss=0.0035 val_loss=0.1889 val_BA=0.850 mejor_epoca=24
2026-09-27 03:47:53,516 INFO COMBINED/dn fold 0 config 1: OK val_BA=1.000 mejor_epoca=24 (1.4 min)
2026-09-27 03:47:56,222 INFO COMBINED/dn fold 0: config 2 (lr=0.0001, dropout=0.4) epoca 1: train_loss=0.5688 val_loss=0.3412 val_BA=0.900 mejor_epoca=1
2026-09-27 03:47:58,632 INFO COMBINED/dn fold 0: config 2 (lr=0.0001, dropout=0.4) epoca 2: train_loss=0.3092 val_loss=0.2781 val_BA=0.950 mejor_epoca=2
2026-09-27 03:48:03,479 INFO COMBINED/dn fold 0: config 2 (lr=0.0001, dropout=0.4) epoca 4: train_loss=0.2018 val_loss=0.2518 val_BA=1.000 mejor_epoca=4
2026-09-27 03:48:08,285 INFO COMBINED/dn fold 0: config 2 (lr=0.0001, dropout=0.4) epoca 6: train_loss=0.0733 val_loss=0.1012 val_BA=1.000 mejor_epoca=6
2026-09-27 03:48:17,734 INFO COMBINED/dn fold 0: config 2 (lr=0.0001, dropout=0.4) epoca 10: train_loss=0.0325 val_loss=0.0961 val_BA=0.900 mejor_epoca=6
2026-09-27 03:48:41,806 INFO COMBINED/dn fold 0: config 2 (lr=0.0001, dropout=0.4) epoca 20: train_loss=0.0501 val_loss=0.1264 val_BA=1.000 mejor_epoca=6
2026-09-27 03:48:44,258 INFO COMBINED/dn fold 0 config 2: OK val_BA=1.000 mejor_epoca=6 (0.8 min)
2026-09-27 03:48:47,801 INFO COMBINED/dn fold 0: config 3 (lr=0.0001, dropout=0.4) epoca 1: train_loss=0.6080 val_loss=0.4952 val_BA=0.958 mejor_epoca=1
2026-09-27 03:49:18,291 INFO COMBINED/dn fold 0: config 3 (lr=0.0001, dropout=0.4) epoca 10: train_loss=0.1131 val_loss=0.1357 val_BA=0.900 mejor_epoca=1
2026-09-27 03:49:21,607 INFO COMBINED/dn fold 0: config 3 (lr=0.0001, dropout=0.4) epoca 11: train_loss=0.0964 val_loss=0.0942 val_BA=1.000 mejor_epoca=11
2026-09-27 03:49:51,526 INFO COMBINED/dn fold 0: config 3 (lr=0.0001, dropout=0.4) epoca 20: train_loss=0.0280 val_loss=0.1414 val_BA=0.900 mejor_epoca=11
2026-09-27 03:50:11,709 INFO COMBINED/dn fold 0 config 3: OK val_BA=1.000 mejor_epoca=11 (1.5 min)
2026-09-27 03:50:14,377 INFO COMBINED/dn fold 0: config 4 (lr=0.0001, dropout=0.4) epoca 1: train_loss=0.5759 val_loss=0.3232 val_BA=0.900 mejor_epoca=1
2026-09-27 03:50:16,779 INFO COMBINED/dn fold 0: config 4 (lr=0.0001, dropout=0.4) epoca 2: train_loss=0.4193 val_loss=0.2654 val_BA=0.958 mejor_epoca=2
2026-09-27 03:50:21,587 INFO COMBINED/dn fold 0: config 4 (lr=0.0001, dropout=0.4) epoca 4: train_loss=0.2005 val_loss=0.1344 val_BA=1.000 mejor_epoca=4
2026-09-27 03:50:28,791 INFO COMBINED/dn fold 0: config 4 (lr=0.0001, dropout=0.4) epoca 7: train_loss=0.0966 val_loss=0.0902 val_BA=1.000 mejor_epoca=7
2026-09-27 03:50:36,121 INFO COMBINED/dn fold 0: config 4 (lr=0.0001, dropout=0.4) epoca 10: train_loss=0.0637 val_loss=0.1015 val_BA=0.950 mejor_epoca=7
2026-09-27 03:51:00,360 INFO COMBINED/dn fold 0: config 4 (lr=0.0001, dropout=0.4) epoca 20: train_loss=0.1515 val_loss=0.1756 val_BA=0.850 mejor_epoca=7
2026-09-27 03:51:05,233 INFO COMBINED/dn fold 0: config 4 (lr=0.0001, dropout=0.4) epoca 22: train_loss=0.0343 val_loss=0.0744 val_BA=1.000 mejor_epoca=22
2026-09-27 03:51:24,329 INFO COMBINED/dn fold 0: config 4 (lr=0.0001, dropout=0.4) epoca 30: train_loss=0.0014 val_loss=0.1046 val_BA=1.000 mejor_epoca=22
2026-09-27 03:51:40,923 INFO COMBINED/dn fold 0 config 4: OK val_BA=1.000 mejor_epoca=22 (1.5 min)
2026-09-27 03:51:43,252 INFO COMBINED/dn fold 0: config 5 (lr=0.0001, dropout=0.4) epoca 1: train_loss=0.5039 val_loss=0.2080 val_BA=0.900 mejor_epoca=1
2026-09-27 03:51:45,323 INFO COMBINED/dn fold 0: config 5 (lr=0.0001, dropout=0.4) epoca 2: train_loss=0.3602 val_loss=0.2862 val_BA=0.958 mejor_epoca=2
2026-09-27 03:51:47,388 INFO COMBINED/dn fold 0: config 5 (lr=0.0001, dropout=0.4) epoca 3: train_loss=0.2831 val_loss=0.1606 val_BA=1.000 mejor_epoca=3
2026-09-27 03:51:57,879 INFO COMBINED/dn fold 0: config 5 (lr=0.0001, dropout=0.4) epoca 8: train_loss=0.0303 val_loss=0.0920 val_BA=1.000 mejor_epoca=8
2026-09-27 03:52:02,029 INFO COMBINED/dn fold 0: config 5 (lr=0.0001, dropout=0.4) epoca 10: train_loss=0.0219 val_loss=0.0835 val_BA=0.950 mejor_epoca=8
2026-09-27 03:52:04,119 INFO COMBINED/dn fold 0: config 5 (lr=0.0001, dropout=0.4) epoca 11: train_loss=0.0192 val_loss=0.0735 val_BA=1.000 mejor_epoca=11
2026-09-27 03:52:08,369 INFO COMBINED/dn fold 0: config 5 (lr=0.0001, dropout=0.4) epoca 13: train_loss=0.0103 val_loss=0.0576 val_BA=1.000 mejor_epoca=13
2026-09-27 03:52:10,464 INFO COMBINED/dn fold 0: config 5 (lr=0.0001, dropout=0.4) epoca 14: train_loss=0.0085 val_loss=0.0575 val_BA=1.000 mejor_epoca=14
2026-09-27 03:52:14,647 INFO COMBINED/dn fold 0: config 5 (lr=0.0001, dropout=0.4) epoca 16: train_loss=0.0078 val_loss=0.0468 val_BA=1.000 mejor_epoca=16
2026-09-27 03:52:23,073 INFO COMBINED/dn fold 0: config 5 (lr=0.0001, dropout=0.4) epoca 20: train_loss=0.0230 val_loss=0.0927 val_BA=1.000 mejor_epoca=16
2026-09-27 03:52:44,018 INFO COMBINED/dn fold 0: config 5 (lr=0.0001, dropout=0.4) epoca 30: train_loss=0.0156 val_loss=0.0694 val_BA=1.000 mejor_epoca=16
2026-09-27 03:52:46,118 INFO COMBINED/dn fold 0 config 5: OK val_BA=1.000 mejor_epoca=16 (1.1 min)
2026-09-27 03:52:49,461 INFO COMBINED/dn fold 0: config 6 (lr=0.0001, dropout=0.5) epoca 1: train_loss=0.5845 val_loss=0.3022 val_BA=0.600 mejor_epoca=1
2026-09-27 03:52:52,624 INFO COMBINED/dn fold 0: config 6 (lr=0.0001, dropout=0.5) epoca 2: train_loss=0.3802 val_loss=0.2463 val_BA=0.858 mejor_epoca=2
2026-09-27 03:52:55,761 INFO COMBINED/dn fold 0: config 6 (lr=0.0001, dropout=0.5) epoca 3: train_loss=0.2874 val_loss=0.1332 val_BA=0.950 mejor_epoca=3
2026-09-27 03:53:02,139 INFO COMBINED/dn fold 0: config 6 (lr=0.0001, dropout=0.5) epoca 5: train_loss=0.1702 val_loss=0.0827 val_BA=0.950 mejor_epoca=5
2026-09-27 03:53:19,329 INFO COMBINED/dn fold 0: config 6 (lr=0.0001, dropout=0.5) epoca 10: train_loss=0.0944 val_loss=0.1177 val_BA=0.900 mejor_epoca=5
2026-09-27 03:53:53,116 INFO COMBINED/dn fold 0: config 6 (lr=0.0001, dropout=0.5) epoca 20: train_loss=0.0674 val_loss=0.1325 val_BA=0.900 mejor_epoca=5
2026-09-27 03:53:53,139 INFO COMBINED/dn fold 0 config 6: OK val_BA=0.950 mejor_epoca=5 (1.1 min)
2026-09-27 03:53:55,557 INFO COMBINED/dn fold 0: config 7 (lr=0.0001, dropout=0.5) epoca 1: train_loss=0.6235 val_loss=0.5962 val_BA=0.917 mejor_epoca=1
2026-09-27 03:54:08,357 INFO COMBINED/dn fold 0: config 7 (lr=0.0001, dropout=0.5) epoca 7: train_loss=0.0761 val_loss=0.1851 val_BA=1.000 mejor_epoca=7
2026-09-27 03:54:14,772 INFO COMBINED/dn fold 0: config 7 (lr=0.0001, dropout=0.5) epoca 10: train_loss=0.0299 val_loss=0.1321 val_BA=0.950 mejor_epoca=7
2026-09-27 03:54:35,926 INFO COMBINED/dn fold 0: config 7 (lr=0.0001, dropout=0.5) epoca 20: train_loss=0.0071 val_loss=0.1650 val_BA=0.850 mejor_epoca=7
2026-09-27 03:54:40,243 INFO COMBINED/dn fold 0 config 7: OK val_BA=1.000 mejor_epoca=7 (0.8 min)
2026-09-27 03:54:42,714 INFO COMBINED/dn fold 0: config 8 (lr=0.0003, dropout=0.3) epoca 1: train_loss=0.5688 val_loss=0.2311 val_BA=0.600 mejor_epoca=1
2026-09-27 03:54:44,842 INFO COMBINED/dn fold 0: config 8 (lr=0.0003, dropout=0.3) epoca 2: train_loss=0.4117 val_loss=0.1747 val_BA=0.950 mejor_epoca=2
2026-09-27 03:54:51,163 INFO COMBINED/dn fold 0: config 8 (lr=0.0003, dropout=0.3) epoca 5: train_loss=0.1702 val_loss=0.0937 val_BA=1.000 mejor_epoca=5
2026-09-27 03:55:01,703 INFO COMBINED/dn fold 0: config 8 (lr=0.0003, dropout=0.3) epoca 10: train_loss=0.0355 val_loss=0.1371 val_BA=0.958 mejor_epoca=5
2026-09-27 03:55:23,044 INFO COMBINED/dn fold 0: config 8 (lr=0.0003, dropout=0.3) epoca 20: train_loss=0.0060 val_loss=0.1204 val_BA=0.958 mejor_epoca=5
2026-09-27 03:55:23,067 INFO COMBINED/dn fold 0 config 8: OK val_BA=1.000 mejor_epoca=5 (0.7 min)
2026-09-27 03:55:25,823 INFO COMBINED/dn fold 0: config 9 (lr=0.0003, dropout=0.4) epoca 1: train_loss=0.5956 val_loss=0.3751 val_BA=0.550 mejor_epoca=1
2026-09-27 03:55:28,284 INFO COMBINED/dn fold 0: config 9 (lr=0.0003, dropout=0.4) epoca 2: train_loss=0.4617 val_loss=0.1671 val_BA=1.000 mejor_epoca=2
2026-09-27 03:55:40,504 INFO COMBINED/dn fold 0: config 9 (lr=0.0003, dropout=0.4) epoca 7: train_loss=0.2106 val_loss=0.1248 val_BA=1.000 mejor_epoca=7
2026-09-27 03:55:48,074 INFO COMBINED/dn fold 0: config 9 (lr=0.0003, dropout=0.4) epoca 10: train_loss=0.1211 val_loss=0.1556 val_BA=0.900 mejor_epoca=7
2026-09-27 03:56:12,566 INFO COMBINED/dn fold 0: config 9 (lr=0.0003, dropout=0.4) epoca 20: train_loss=0.0326 val_loss=0.1721 val_BA=1.000 mejor_epoca=7
2026-09-27 03:56:17,615 INFO COMBINED/dn fold 0 config 9: OK val_BA=1.000 mejor_epoca=7 (0.9 min)
2026-09-27 03:56:21,279 INFO COMBINED/dn fold 0: config 10 (lr=0.0003, dropout=0.4) epoca 1: train_loss=0.5867 val_loss=0.2536 val_BA=0.750 mejor_epoca=1
2026-09-27 03:56:24,548 INFO COMBINED/dn fold 0: config 10 (lr=0.0003, dropout=0.4) epoca 2: train_loss=0.4020 val_loss=0.2002 val_BA=0.750 mejor_epoca=2
2026-09-27 03:56:31,184 INFO COMBINED/dn fold 0: config 10 (lr=0.0003, dropout=0.4) epoca 4: train_loss=0.3766 val_loss=0.1404 val_BA=1.000 mejor_epoca=4
2026-09-27 03:56:51,565 INFO COMBINED/dn fold 0: config 10 (lr=0.0003, dropout=0.4) epoca 10: train_loss=0.2033 val_loss=0.1103 val_BA=0.850 mejor_epoca=4
2026-09-27 03:57:25,231 INFO COMBINED/dn fold 0: config 10 (lr=0.0003, dropout=0.4) epoca 20: train_loss=0.0829 val_loss=0.1929 val_BA=0.950 mejor_epoca=4
2026-09-27 03:57:25,254 INFO COMBINED/dn fold 0 config 10: OK val_BA=1.000 mejor_epoca=4 (1.1 min)
2026-09-27 03:57:27,648 INFO COMBINED/dn fold 0: config 11 (lr=0.0003, dropout=0.5) epoca 1: train_loss=0.5753 val_loss=0.1880 val_BA=0.950 mejor_epoca=1
2026-09-27 03:57:31,901 INFO COMBINED/dn fold 0: config 11 (lr=0.0003, dropout=0.5) epoca 3: train_loss=0.3835 val_loss=0.5174 val_BA=1.000 mejor_epoca=3
2026-09-27 03:57:36,210 INFO COMBINED/dn fold 0: config 11 (lr=0.0003, dropout=0.5) epoca 5: train_loss=0.2250 val_loss=0.1593 val_BA=1.000 mejor_epoca=5
2026-09-27 03:57:42,635 INFO COMBINED/dn fold 0: config 11 (lr=0.0003, dropout=0.5) epoca 8: train_loss=0.1249 val_loss=0.1470 val_BA=1.000 mejor_epoca=8
2026-09-27 03:57:46,914 INFO COMBINED/dn fold 0: config 11 (lr=0.0003, dropout=0.5) epoca 10: train_loss=0.1076 val_loss=0.5425 val_BA=0.958 mejor_epoca=8
2026-09-27 03:58:08,252 INFO COMBINED/dn fold 0: config 11 (lr=0.0003, dropout=0.5) epoca 20: train_loss=0.0492 val_loss=0.1799 val_BA=0.900 mejor_epoca=8
2026-09-27 03:58:14,608 INFO COMBINED/dn fold 0 config 11: OK val_BA=1.000 mejor_epoca=8 (0.8 min)
2026-09-27 03:58:17,281 INFO COMBINED/dn fold 0: config 12 (lr=0.0003, dropout=0.5) epoca 1: train_loss=0.6037 val_loss=0.3980 val_BA=0.500 mejor_epoca=1
2026-09-27 03:58:19,713 INFO COMBINED/dn fold 0: config 12 (lr=0.0003, dropout=0.5) epoca 2: train_loss=0.3915 val_loss=0.1273 val_BA=0.950 mejor_epoca=2
2026-09-27 03:58:31,877 INFO COMBINED/dn fold 0: config 12 (lr=0.0003, dropout=0.5) epoca 7: train_loss=0.1793 val_loss=0.1578 val_BA=1.000 mejor_epoca=7
2026-09-27 03:58:39,205 INFO COMBINED/dn fold 0: config 12 (lr=0.0003, dropout=0.5) epoca 10: train_loss=0.1289 val_loss=0.1582 val_BA=0.900 mejor_epoca=7
2026-09-27 03:58:49,351 INFO COMBINED/dn fold 0: config 12 (lr=0.0003, dropout=0.5) epoca 14: train_loss=0.1002 val_loss=0.0801 val_BA=1.000 mejor_epoca=14
2026-09-27 03:59:03,999 INFO COMBINED/dn fold 0: config 12 (lr=0.0003, dropout=0.5) epoca 20: train_loss=0.0386 val_loss=0.2160 val_BA=1.000 mejor_epoca=14
2026-09-27 03:59:25,611 INFO COMBINED/dn fold 0 config 12: OK val_BA=1.000 mejor_epoca=14 (1.2 min)
2026-09-27 03:59:29,187 INFO COMBINED/dn fold 0: config 13 (lr=0.001, dropout=0.2) epoca 1: train_loss=0.7083 val_loss=0.2832 val_BA=0.433 mejor_epoca=1
2026-09-27 03:59:32,497 INFO COMBINED/dn fold 0: config 13 (lr=0.001, dropout=0.2) epoca 2: train_loss=0.7196 val_loss=0.4520 val_BA=0.500 mejor_epoca=2
2026-09-27 03:59:35,944 INFO COMBINED/dn fold 0: config 13 (lr=0.001, dropout=0.2) epoca 3: train_loss=0.6484 val_loss=0.2042 val_BA=0.500 mejor_epoca=3
2026-09-27 03:59:39,382 INFO COMBINED/dn fold 0: config 13 (lr=0.001, dropout=0.2) epoca 4: train_loss=0.5876 val_loss=0.1873 val_BA=0.500 mejor_epoca=4
2026-09-27 03:59:42,825 INFO COMBINED/dn fold 0: config 13 (lr=0.001, dropout=0.2) epoca 5: train_loss=0.5961 val_loss=0.1257 val_BA=0.850 mejor_epoca=5
2026-09-27 03:59:46,243 INFO COMBINED/dn fold 0: config 13 (lr=0.001, dropout=0.2) epoca 6: train_loss=0.4958 val_loss=0.0781 val_BA=0.850 mejor_epoca=6
2026-09-27 03:59:49,708 INFO COMBINED/dn fold 0: config 13 (lr=0.001, dropout=0.2) epoca 7: train_loss=0.4960 val_loss=0.2378 val_BA=0.858 mejor_epoca=7
2026-09-27 03:59:53,127 INFO COMBINED/dn fold 0: config 13 (lr=0.001, dropout=0.2) epoca 8: train_loss=0.4146 val_loss=0.3014 val_BA=1.000 mejor_epoca=8
2026-09-27 03:59:59,972 INFO COMBINED/dn fold 0: config 13 (lr=0.001, dropout=0.2) epoca 10: train_loss=0.3619 val_loss=0.3070 val_BA=0.917 mejor_epoca=8
2026-09-27 04:00:33,864 INFO COMBINED/dn fold 0: config 13 (lr=0.001, dropout=0.2) epoca 20: train_loss=0.1740 val_loss=0.2345 val_BA=0.950 mejor_epoca=8
2026-09-27 04:00:43,950 INFO COMBINED/dn fold 0 config 13: OK val_BA=1.000 mejor_epoca=8 (1.3 min)
2026-09-27 04:00:46,355 INFO COMBINED/dn fold 0: config 14 (lr=0.001, dropout=0.3) epoca 1: train_loss=0.5809 val_loss=0.4297 val_BA=0.958 mejor_epoca=1
2026-09-27 04:00:57,010 INFO COMBINED/dn fold 0: config 14 (lr=0.001, dropout=0.3) epoca 6: train_loss=0.4388 val_loss=0.1132 val_BA=1.000 mejor_epoca=6
2026-09-27 04:01:05,529 INFO COMBINED/dn fold 0: config 14 (lr=0.001, dropout=0.3) epoca 10: train_loss=0.1931 val_loss=0.2074 val_BA=1.000 mejor_epoca=6
2026-09-27 04:01:26,774 INFO COMBINED/dn fold 0: config 14 (lr=0.001, dropout=0.3) epoca 20: train_loss=0.0977 val_loss=0.1812 val_BA=1.000 mejor_epoca=6
2026-09-27 04:01:28,907 INFO COMBINED/dn fold 0 config 14: OK val_BA=1.000 mejor_epoca=6 (0.7 min)
2026-09-27 04:01:31,609 INFO COMBINED/dn fold 0: config 15 (lr=0.001, dropout=0.3) epoca 1: train_loss=0.5912 val_loss=0.8833 val_BA=0.667 mejor_epoca=1
2026-09-27 04:01:34,037 INFO COMBINED/dn fold 0: config 15 (lr=0.001, dropout=0.3) epoca 2: train_loss=0.5300 val_loss=0.6655 val_BA=0.867 mejor_epoca=2
2026-09-27 04:01:38,897 INFO COMBINED/dn fold 0: config 15 (lr=0.001, dropout=0.3) epoca 4: train_loss=0.3674 val_loss=0.1311 val_BA=0.900 mejor_epoca=4
2026-09-27 04:01:48,567 INFO COMBINED/dn fold 0: config 15 (lr=0.001, dropout=0.3) epoca 8: train_loss=0.2732 val_loss=0.2182 val_BA=1.000 mejor_epoca=8
2026-09-27 04:01:53,410 INFO COMBINED/dn fold 0: config 15 (lr=0.001, dropout=0.3) epoca 10: train_loss=0.2546 val_loss=0.1640 val_BA=0.900 mejor_epoca=8
2026-09-27 04:02:17,702 INFO COMBINED/dn fold 0: config 15 (lr=0.001, dropout=0.3) epoca 20: train_loss=0.2059 val_loss=0.0786 val_BA=0.850 mejor_epoca=8
2026-09-27 04:02:24,982 INFO COMBINED/dn fold 0: config 15 (lr=0.001, dropout=0.3) epoca 23: train_loss=0.0967 val_loss=0.1272 val_BA=1.000 mejor_epoca=23
2026-09-27 04:02:41,825 INFO COMBINED/dn fold 0: config 15 (lr=0.001, dropout=0.3) epoca 30: train_loss=0.0861 val_loss=0.2190 val_BA=0.808 mejor_epoca=23
2026-09-27 04:03:01,142 INFO COMBINED/dn fold 0 config 15: OK val_BA=1.000 mejor_epoca=23 (1.5 min)
2026-09-27 04:03:04,847 INFO COMBINED/dn fold 0: config 16 (lr=0.001, dropout=0.4) epoca 1: train_loss=0.7353 val_loss=0.6545 val_BA=0.667 mejor_epoca=1
2026-09-27 04:03:08,205 INFO COMBINED/dn fold 0: config 16 (lr=0.001, dropout=0.4) epoca 2: train_loss=0.6410 val_loss=0.6888 val_BA=0.750 mejor_epoca=2
2026-09-27 04:03:11,510 INFO COMBINED/dn fold 0: config 16 (lr=0.001, dropout=0.4) epoca 3: train_loss=0.5713 val_loss=0.3588 val_BA=0.900 mejor_epoca=3
2026-09-27 04:03:14,809 INFO COMBINED/dn fold 0: config 16 (lr=0.001, dropout=0.4) epoca 4: train_loss=0.5764 val_loss=0.2164 val_BA=0.950 mejor_epoca=4
2026-09-27 04:03:27,986 INFO COMBINED/dn fold 0: config 16 (lr=0.001, dropout=0.4) epoca 8: train_loss=0.3870 val_loss=0.2232 val_BA=1.000 mejor_epoca=8
2026-09-27 04:03:34,572 INFO COMBINED/dn fold 0: config 16 (lr=0.001, dropout=0.4) epoca 10: train_loss=0.3549 val_loss=0.3139 val_BA=0.958 mejor_epoca=8
2026-09-27 04:03:41,103 INFO COMBINED/dn fold 0: config 16 (lr=0.001, dropout=0.4) epoca 12: train_loss=0.2558 val_loss=0.1734 val_BA=1.000 mejor_epoca=12
2026-09-27 04:04:07,840 INFO COMBINED/dn fold 0: config 16 (lr=0.001, dropout=0.4) epoca 20: train_loss=0.2095 val_loss=0.0814 val_BA=0.850 mejor_epoca=12
2026-09-27 04:04:31,435 INFO COMBINED/dn fold 0 config 16: OK val_BA=1.000 mejor_epoca=12 (1.5 min)
2026-09-27 04:04:34,069 INFO COMBINED/dn fold 0: config 17 (lr=0.001, dropout=0.5) epoca 1: train_loss=0.6017 val_loss=0.1892 val_BA=0.750 mejor_epoca=1
2026-09-27 04:04:36,473 INFO COMBINED/dn fold 0: config 17 (lr=0.001, dropout=0.5) epoca 2: train_loss=0.4611 val_loss=0.3100 val_BA=0.900 mejor_epoca=2
2026-09-27 04:04:43,565 INFO COMBINED/dn fold 0: config 17 (lr=0.001, dropout=0.5) epoca 5: train_loss=0.3567 val_loss=0.2518 val_BA=1.000 mejor_epoca=5
2026-09-27 04:04:55,574 INFO COMBINED/dn fold 0: config 17 (lr=0.001, dropout=0.5) epoca 10: train_loss=0.2482 val_loss=0.1468 val_BA=0.750 mejor_epoca=5
2026-09-27 04:05:02,816 INFO COMBINED/dn fold 0: config 17 (lr=0.001, dropout=0.5) epoca 13: train_loss=0.1836 val_loss=0.2028 val_BA=1.000 mejor_epoca=13
2026-09-27 04:05:19,712 INFO COMBINED/dn fold 0: config 17 (lr=0.001, dropout=0.5) epoca 20: train_loss=0.1567 val_loss=0.2200 val_BA=0.758 mejor_epoca=13
2026-09-27 04:05:38,745 INFO COMBINED/dn fold 0 config 17: OK val_BA=1.000 mejor_epoca=13 (1.1 min)
2026-09-27 04:05:41,101 INFO COMBINED/dn fold 0: config 18 (lr=0.001, dropout=0.5) epoca 1: train_loss=0.5921 val_loss=0.2642 val_BA=0.550 mejor_epoca=1
2026-09-27 04:05:43,204 INFO COMBINED/dn fold 0: config 18 (lr=0.001, dropout=0.5) epoca 2: train_loss=0.4572 val_loss=0.2350 val_BA=0.900 mejor_epoca=2
2026-09-27 04:05:47,407 INFO COMBINED/dn fold 0: config 18 (lr=0.001, dropout=0.5) epoca 4: train_loss=0.3258 val_loss=0.1924 val_BA=0.950 mejor_epoca=4
2026-09-27 04:05:53,730 INFO COMBINED/dn fold 0: config 18 (lr=0.001, dropout=0.5) epoca 7: train_loss=0.2938 val_loss=0.2625 val_BA=1.000 mejor_epoca=7
2026-09-27 04:06:00,062 INFO COMBINED/dn fold 0: config 18 (lr=0.001, dropout=0.5) epoca 10: train_loss=0.1852 val_loss=0.2146 val_BA=0.850 mejor_epoca=7
2026-09-27 04:06:10,580 INFO COMBINED/dn fold 0: config 18 (lr=0.001, dropout=0.5) epoca 15: train_loss=0.0742 val_loss=0.1739 val_BA=1.000 mejor_epoca=15
2026-09-27 04:06:21,132 INFO COMBINED/dn fold 0: config 18 (lr=0.001, dropout=0.5) epoca 20: train_loss=0.0359 val_loss=0.2656 val_BA=0.950 mejor_epoca=15
2026-09-27 04:06:42,172 INFO COMBINED/dn fold 0: config 18 (lr=0.001, dropout=0.5) epoca 30: train_loss=0.0050 val_loss=0.2258 val_BA=0.950 mejor_epoca=15
2026-09-27 04:06:42,197 INFO COMBINED/dn fold 0 config 18: OK val_BA=1.000 mejor_epoca=15 (1.1 min)
2026-09-27 04:06:44,577 INFO COMBINED/dn fold 0: config 19 (lr=0.001, dropout=0.5) epoca 1: train_loss=0.5187 val_loss=0.2469 val_BA=0.550 mejor_epoca=1
2026-09-27 04:06:46,701 INFO COMBINED/dn fold 0: config 19 (lr=0.001, dropout=0.5) epoca 2: train_loss=0.4316 val_loss=0.2526 val_BA=0.850 mejor_epoca=2
2026-09-27 04:06:50,929 INFO COMBINED/dn fold 0: config 19 (lr=0.001, dropout=0.5) epoca 4: train_loss=0.3800 val_loss=0.2005 val_BA=0.850 mejor_epoca=4
2026-09-27 04:06:53,048 INFO COMBINED/dn fold 0: config 19 (lr=0.001, dropout=0.5) epoca 5: train_loss=0.2776 val_loss=0.1416 val_BA=1.000 mejor_epoca=5
2026-09-27 04:07:03,585 INFO COMBINED/dn fold 0: config 19 (lr=0.001, dropout=0.5) epoca 10: train_loss=0.1617 val_loss=0.1909 val_BA=0.800 mejor_epoca=5
2026-09-27 04:07:24,718 INFO COMBINED/dn fold 0: config 19 (lr=0.001, dropout=0.5) epoca 20: train_loss=0.0761 val_loss=0.1838 val_BA=0.850 mejor_epoca=5
2026-09-27 04:07:24,742 INFO COMBINED/dn fold 0 config 19: OK val_BA=1.000 mejor_epoca=5 (0.7 min)
2026-09-27 04:07:25,285 INFO COMBINED/dn fold 1: log-mel dn listo en 0.5 s, forma (4902, 1, 64, 309)
2026-09-27 04:07:25,301 INFO COMBINED/dn fold 1: 84/22 pacientes train/validation, 20 de 20 configuracion(es) por evaluar
2026-09-27 04:07:28,866 INFO COMBINED/dn fold 1: config 0 (lr=0.0001, dropout=0.3) epoca 1: train_loss=0.4708 val_loss=0.5748 val_BA=0.868 mejor_epoca=1
2026-09-27 04:07:58,229 INFO COMBINED/dn fold 1: config 0 (lr=0.0001, dropout=0.3) epoca 10: train_loss=0.0295 val_loss=1.0031 val_BA=0.812 mejor_epoca=1
2026-09-27 04:08:31,629 INFO COMBINED/dn fold 1: config 0 (lr=0.0001, dropout=0.3) epoca 20: train_loss=0.0241 val_loss=0.6068 val_BA=0.684 mejor_epoca=1
2026-09-27 04:08:31,653 INFO COMBINED/dn fold 1 config 0: OK val_BA=0.868 mejor_epoca=1 (1.1 min)
2026-09-27 04:08:34,150 INFO COMBINED/dn fold 1: config 1 (lr=0.0001, dropout=0.3) epoca 1: train_loss=0.5703 val_loss=1.2173 val_BA=0.577 mejor_epoca=1
2026-09-27 04:08:36,251 INFO COMBINED/dn fold 1: config 1 (lr=0.0001, dropout=0.3) epoca 2: train_loss=0.3664 val_loss=0.3199 val_BA=0.868 mejor_epoca=2
2026-09-27 04:08:38,381 INFO COMBINED/dn fold 1: config 1 (lr=0.0001, dropout=0.3) epoca 3: train_loss=0.2219 val_loss=0.5401 val_BA=0.885 mejor_epoca=3
2026-09-27 04:08:53,238 INFO COMBINED/dn fold 1: config 1 (lr=0.0001, dropout=0.3) epoca 10: train_loss=0.0201 val_loss=0.3885 val_BA=0.812 mejor_epoca=3
2026-09-27 04:09:14,277 INFO COMBINED/dn fold 1: config 1 (lr=0.0001, dropout=0.3) epoca 20: train_loss=0.0097 val_loss=0.4744 val_BA=0.756 mejor_epoca=3
2026-09-27 04:09:14,299 INFO COMBINED/dn fold 1 config 1: OK val_BA=0.885 mejor_epoca=3 (0.7 min)
2026-09-27 04:09:16,894 INFO COMBINED/dn fold 1: config 2 (lr=0.0001, dropout=0.4) epoca 1: train_loss=0.5217 val_loss=0.4492 val_BA=0.774 mejor_epoca=1
2026-09-27 04:09:21,545 INFO COMBINED/dn fold 1: config 2 (lr=0.0001, dropout=0.4) epoca 3: train_loss=0.1657 val_loss=0.4372 val_BA=0.812 mejor_epoca=3
2026-09-27 04:09:23,992 INFO COMBINED/dn fold 1: config 2 (lr=0.0001, dropout=0.4) epoca 4: train_loss=0.1118 val_loss=0.3808 val_BA=0.812 mejor_epoca=4
2026-09-27 04:09:26,366 INFO COMBINED/dn fold 1: config 2 (lr=0.0001, dropout=0.4) epoca 5: train_loss=0.0922 val_loss=0.2517 val_BA=0.812 mejor_epoca=5
2026-09-27 04:09:38,709 INFO COMBINED/dn fold 1: config 2 (lr=0.0001, dropout=0.4) epoca 10: train_loss=0.0337 val_loss=0.4457 val_BA=0.756 mejor_epoca=5
2026-09-27 04:10:02,448 INFO COMBINED/dn fold 1: config 2 (lr=0.0001, dropout=0.4) epoca 20: train_loss=0.0102 val_loss=0.5730 val_BA=0.756 mejor_epoca=5
2026-09-27 04:10:02,472 INFO COMBINED/dn fold 1 config 2: OK val_BA=0.812 mejor_epoca=5 (0.8 min)
2026-09-27 04:10:06,035 INFO COMBINED/dn fold 1: config 3 (lr=0.0001, dropout=0.4) epoca 1: train_loss=0.4985 val_loss=0.6343 val_BA=0.885 mejor_epoca=1
2026-09-27 04:10:35,992 INFO COMBINED/dn fold 1: config 3 (lr=0.0001, dropout=0.4) epoca 10: train_loss=0.0804 val_loss=0.4545 val_BA=0.756 mejor_epoca=1
2026-09-27 04:11:08,925 INFO COMBINED/dn fold 1: config 3 (lr=0.0001, dropout=0.4) epoca 20: train_loss=0.0116 val_loss=0.4494 val_BA=0.756 mejor_epoca=1
2026-09-27 04:11:08,947 INFO COMBINED/dn fold 1 config 3: OK val_BA=0.885 mejor_epoca=1 (1.1 min)
2026-09-27 04:11:11,611 INFO COMBINED/dn fold 1: config 4 (lr=0.0001, dropout=0.4) epoca 1: train_loss=0.5966 val_loss=0.3900 val_BA=0.812 mejor_epoca=1
2026-09-27 04:11:14,006 INFO COMBINED/dn fold 1: config 4 (lr=0.0001, dropout=0.4) epoca 2: train_loss=0.3342 val_loss=0.4102 val_BA=0.868 mejor_epoca=2
2026-09-27 04:11:33,253 INFO COMBINED/dn fold 1: config 4 (lr=0.0001, dropout=0.4) epoca 10: train_loss=0.0434 val_loss=0.3011 val_BA=0.756 mejor_epoca=2
2026-09-27 04:11:57,246 INFO COMBINED/dn fold 1: config 4 (lr=0.0001, dropout=0.4) epoca 20: train_loss=0.0056 val_loss=0.4698 val_BA=0.701 mejor_epoca=2
2026-09-27 04:11:57,269 INFO COMBINED/dn fold 1 config 4: OK val_BA=0.868 mejor_epoca=2 (0.8 min)
2026-09-27 04:11:59,650 INFO COMBINED/dn fold 1: config 5 (lr=0.0001, dropout=0.4) epoca 1: train_loss=0.6063 val_loss=0.6225 val_BA=0.791 mejor_epoca=1
2026-09-27 04:12:03,802 INFO COMBINED/dn fold 1: config 5 (lr=0.0001, dropout=0.4) epoca 3: train_loss=0.2645 val_loss=0.5941 val_BA=0.829 mejor_epoca=3
2026-09-27 04:12:05,891 INFO COMBINED/dn fold 1: config 5 (lr=0.0001, dropout=0.4) epoca 4: train_loss=0.1820 val_loss=0.9157 val_BA=0.846 mejor_epoca=4
2026-09-27 04:12:08,004 INFO COMBINED/dn fold 1: config 5 (lr=0.0001, dropout=0.4) epoca 5: train_loss=0.1198 val_loss=0.3742 val_BA=0.868 mejor_epoca=5
2026-09-27 04:12:18,527 INFO COMBINED/dn fold 1: config 5 (lr=0.0001, dropout=0.4) epoca 10: train_loss=0.0280 val_loss=0.3356 val_BA=0.756 mejor_epoca=5
2026-09-27 04:12:39,735 INFO COMBINED/dn fold 1: config 5 (lr=0.0001, dropout=0.4) epoca 20: train_loss=0.0187 val_loss=0.3024 val_BA=0.795 mejor_epoca=5
2026-09-27 04:12:39,759 INFO COMBINED/dn fold 1 config 5: OK val_BA=0.868 mejor_epoca=5 (0.7 min)
2026-09-27 04:12:43,354 INFO COMBINED/dn fold 1: config 6 (lr=0.0001, dropout=0.5) epoca 1: train_loss=0.5084 val_loss=0.5879 val_BA=0.829 mejor_epoca=1
2026-09-27 04:13:12,968 INFO COMBINED/dn fold 1: config 6 (lr=0.0001, dropout=0.5) epoca 10: train_loss=0.0499 val_loss=0.4672 val_BA=0.756 mejor_epoca=1
2026-09-27 04:13:36,645 INFO COMBINED/dn fold 1: config 6 (lr=0.0001, dropout=0.5) epoca 17: train_loss=0.0459 val_loss=0.4862 val_BA=0.868 mejor_epoca=17
2026-09-27 04:13:46,705 INFO COMBINED/dn fold 1: config 6 (lr=0.0001, dropout=0.5) epoca 20: train_loss=0.1376 val_loss=0.5811 val_BA=0.812 mejor_epoca=17
2026-09-27 04:14:20,831 INFO COMBINED/dn fold 1: config 6 (lr=0.0001, dropout=0.5) epoca 30: train_loss=0.0165 val_loss=0.6661 val_BA=0.701 mejor_epoca=17
2026-09-27 04:14:27,626 INFO COMBINED/dn fold 1 config 6: OK val_BA=0.868 mejor_epoca=17 (1.8 min)
2026-09-27 04:14:29,998 INFO COMBINED/dn fold 1: config 7 (lr=0.0001, dropout=0.5) epoca 1: train_loss=0.5436 val_loss=0.7614 val_BA=0.675 mejor_epoca=1
2026-09-27 04:14:32,103 INFO COMBINED/dn fold 1: config 7 (lr=0.0001, dropout=0.5) epoca 2: train_loss=0.3615 val_loss=0.6314 val_BA=0.679 mejor_epoca=2
2026-09-27 04:14:34,203 INFO COMBINED/dn fold 1: config 7 (lr=0.0001, dropout=0.5) epoca 3: train_loss=0.2497 val_loss=0.5868 val_BA=0.791 mejor_epoca=3
2026-09-27 04:14:36,298 INFO COMBINED/dn fold 1: config 7 (lr=0.0001, dropout=0.5) epoca 4: train_loss=0.1582 val_loss=0.3148 val_BA=0.812 mejor_epoca=4
2026-09-27 04:14:40,507 INFO COMBINED/dn fold 1: config 7 (lr=0.0001, dropout=0.5) epoca 6: train_loss=0.0792 val_loss=0.6967 val_BA=0.829 mejor_epoca=6
2026-09-27 04:14:49,078 INFO COMBINED/dn fold 1: config 7 (lr=0.0001, dropout=0.5) epoca 10: train_loss=0.0228 val_loss=0.3363 val_BA=0.812 mejor_epoca=6
2026-09-27 04:15:10,614 INFO COMBINED/dn fold 1: config 7 (lr=0.0001, dropout=0.5) epoca 20: train_loss=0.0202 val_loss=0.4096 val_BA=0.812 mejor_epoca=6
2026-09-27 04:15:12,825 INFO COMBINED/dn fold 1 config 7: OK val_BA=0.829 mejor_epoca=6 (0.8 min)
2026-09-27 04:15:15,293 INFO COMBINED/dn fold 1: config 8 (lr=0.0003, dropout=0.3) epoca 1: train_loss=0.5050 val_loss=0.5728 val_BA=0.679 mejor_epoca=1
2026-09-27 04:15:17,487 INFO COMBINED/dn fold 1: config 8 (lr=0.0003, dropout=0.3) epoca 2: train_loss=0.2661 val_loss=0.4759 val_BA=0.756 mejor_epoca=2
2026-09-27 04:15:19,676 INFO COMBINED/dn fold 1: config 8 (lr=0.0003, dropout=0.3) epoca 3: train_loss=0.1744 val_loss=0.3957 val_BA=0.868 mejor_epoca=3
2026-09-27 04:15:34,914 INFO COMBINED/dn fold 1: config 8 (lr=0.0003, dropout=0.3) epoca 10: train_loss=0.0826 val_loss=0.3078 val_BA=0.739 mejor_epoca=3
2026-09-27 04:15:55,971 INFO COMBINED/dn fold 1: config 8 (lr=0.0003, dropout=0.3) epoca 20: train_loss=0.0014 val_loss=0.5383 val_BA=0.812 mejor_epoca=3
2026-09-27 04:15:55,994 INFO COMBINED/dn fold 1 config 8: OK val_BA=0.868 mejor_epoca=3 (0.7 min)
2026-09-27 04:15:58,575 INFO COMBINED/dn fold 1: config 9 (lr=0.0003, dropout=0.4) epoca 1: train_loss=0.5083 val_loss=0.4118 val_BA=0.812 mejor_epoca=1
2026-09-27 04:16:03,229 INFO COMBINED/dn fold 1: config 9 (lr=0.0003, dropout=0.4) epoca 3: train_loss=0.1831 val_loss=0.4540 val_BA=0.868 mejor_epoca=3
2026-09-27 04:16:19,581 INFO COMBINED/dn fold 1: config 9 (lr=0.0003, dropout=0.4) epoca 10: train_loss=0.0851 val_loss=0.4343 val_BA=0.812 mejor_epoca=3
2026-09-27 04:16:43,797 INFO COMBINED/dn fold 1: config 9 (lr=0.0003, dropout=0.4) epoca 20: train_loss=0.0060 val_loss=0.4919 val_BA=0.756 mejor_epoca=3
2026-09-27 04:16:43,820 INFO COMBINED/dn fold 1 config 9: OK val_BA=0.868 mejor_epoca=3 (0.8 min)
2026-09-27 04:16:47,454 INFO COMBINED/dn fold 1: config 10 (lr=0.0003, dropout=0.4) epoca 1: train_loss=0.6050 val_loss=0.4004 val_BA=0.701 mejor_epoca=1
2026-09-27 04:16:50,725 INFO COMBINED/dn fold 1: config 10 (lr=0.0003, dropout=0.4) epoca 2: train_loss=0.4258 val_loss=0.3456 val_BA=0.756 mejor_epoca=2
2026-09-27 04:16:57,136 INFO COMBINED/dn fold 1: config 10 (lr=0.0003, dropout=0.4) epoca 4: train_loss=0.3334 val_loss=0.5114 val_BA=0.812 mejor_epoca=4
2026-09-27 04:17:00,459 INFO COMBINED/dn fold 1: config 10 (lr=0.0003, dropout=0.4) epoca 5: train_loss=0.2288 val_loss=0.4365 val_BA=0.812 mejor_epoca=5
2026-09-27 04:17:16,906 INFO COMBINED/dn fold 1: config 10 (lr=0.0003, dropout=0.4) epoca 10: train_loss=0.1478 val_loss=0.3376 val_BA=0.812 mejor_epoca=10
2026-09-27 04:17:49,630 INFO COMBINED/dn fold 1: config 10 (lr=0.0003, dropout=0.4) epoca 20: train_loss=0.0961 val_loss=0.8987 val_BA=0.756 mejor_epoca=10
2026-09-27 04:18:06,291 INFO COMBINED/dn fold 1 config 10: OK val_BA=0.812 mejor_epoca=10 (1.4 min)
2026-09-27 04:18:08,667 INFO COMBINED/dn fold 1: config 11 (lr=0.0003, dropout=0.5) epoca 1: train_loss=0.5286 val_loss=0.3298 val_BA=0.573 mejor_epoca=1
2026-09-27 04:18:10,755 INFO COMBINED/dn fold 1: config 11 (lr=0.0003, dropout=0.5) epoca 2: train_loss=0.3069 val_loss=0.4727 val_BA=0.829 mejor_epoca=2
2026-09-27 04:18:14,909 INFO COMBINED/dn fold 1: config 11 (lr=0.0003, dropout=0.5) epoca 4: train_loss=0.1359 val_loss=0.4571 val_BA=0.923 mejor_epoca=4
2026-09-27 04:18:27,711 INFO COMBINED/dn fold 1: config 11 (lr=0.0003, dropout=0.5) epoca 10: train_loss=0.0140 val_loss=0.3489 val_BA=0.812 mejor_epoca=4
2026-09-27 04:18:48,938 INFO COMBINED/dn fold 1: config 11 (lr=0.0003, dropout=0.5) epoca 20: train_loss=0.0074 val_loss=0.3566 val_BA=0.812 mejor_epoca=4
2026-09-27 04:18:48,961 INFO COMBINED/dn fold 1 config 11: OK val_BA=0.923 mejor_epoca=4 (0.7 min)
2026-09-27 04:18:51,627 INFO COMBINED/dn fold 1: config 12 (lr=0.0003, dropout=0.5) epoca 1: train_loss=0.6035 val_loss=0.5429 val_BA=0.624 mejor_epoca=1
2026-09-27 04:18:54,037 INFO COMBINED/dn fold 1: config 12 (lr=0.0003, dropout=0.5) epoca 2: train_loss=0.3916 val_loss=0.2562 val_BA=0.795 mejor_epoca=2
2026-09-27 04:18:56,398 INFO COMBINED/dn fold 1: config 12 (lr=0.0003, dropout=0.5) epoca 3: train_loss=0.1909 val_loss=0.3684 val_BA=0.868 mejor_epoca=3
2026-09-27 04:19:13,017 INFO COMBINED/dn fold 1: config 12 (lr=0.0003, dropout=0.5) epoca 10: train_loss=0.0236 val_loss=0.3522 val_BA=0.756 mejor_epoca=3
2026-09-27 04:19:36,685 INFO COMBINED/dn fold 1: config 12 (lr=0.0003, dropout=0.5) epoca 20: train_loss=0.0345 val_loss=0.4645 val_BA=0.756 mejor_epoca=3
2026-09-27 04:19:36,708 INFO COMBINED/dn fold 1 config 12: OK val_BA=0.868 mejor_epoca=3 (0.8 min)
2026-09-27 04:19:40,219 INFO COMBINED/dn fold 1: config 13 (lr=0.001, dropout=0.2) epoca 1: train_loss=0.5494 val_loss=0.2501 val_BA=0.739 mejor_epoca=1
2026-09-27 04:19:43,560 INFO COMBINED/dn fold 1: config 13 (lr=0.001, dropout=0.2) epoca 2: train_loss=0.4960 val_loss=0.5223 val_BA=0.868 mejor_epoca=2
2026-09-27 04:20:09,212 INFO COMBINED/dn fold 1: config 13 (lr=0.001, dropout=0.2) epoca 10: train_loss=0.1933 val_loss=0.4595 val_BA=0.868 mejor_epoca=10
2026-09-27 04:20:41,423 INFO COMBINED/dn fold 1: config 13 (lr=0.001, dropout=0.2) epoca 20: train_loss=0.0740 val_loss=0.5727 val_BA=0.756 mejor_epoca=10
2026-09-27 04:20:57,380 INFO COMBINED/dn fold 1 config 13: OK val_BA=0.868 mejor_epoca=10 (1.3 min)
2026-09-27 04:20:59,707 INFO COMBINED/dn fold 1: config 14 (lr=0.001, dropout=0.3) epoca 1: train_loss=0.4925 val_loss=0.3460 val_BA=0.701 mejor_epoca=1
2026-09-27 04:21:01,768 INFO COMBINED/dn fold 1: config 14 (lr=0.001, dropout=0.3) epoca 2: train_loss=0.3887 val_loss=0.5008 val_BA=0.812 mejor_epoca=2
2026-09-27 04:21:09,990 INFO COMBINED/dn fold 1: config 14 (lr=0.001, dropout=0.3) epoca 6: train_loss=0.1565 val_loss=0.3871 val_BA=0.868 mejor_epoca=6
2026-09-27 04:21:18,218 INFO COMBINED/dn fold 1: config 14 (lr=0.001, dropout=0.3) epoca 10: train_loss=0.0977 val_loss=0.3906 val_BA=0.756 mejor_epoca=6
2026-09-27 04:21:38,980 INFO COMBINED/dn fold 1: config 14 (lr=0.001, dropout=0.3) epoca 20: train_loss=0.0279 val_loss=0.5129 val_BA=0.701 mejor_epoca=6
2026-09-27 04:21:41,078 INFO COMBINED/dn fold 1 config 14: OK val_BA=0.868 mejor_epoca=6 (0.7 min)
2026-09-27 04:21:43,658 INFO COMBINED/dn fold 1: config 15 (lr=0.001, dropout=0.3) epoca 1: train_loss=0.6604 val_loss=0.4647 val_BA=0.547 mejor_epoca=1
2026-09-27 04:21:46,015 INFO COMBINED/dn fold 1: config 15 (lr=0.001, dropout=0.3) epoca 2: train_loss=0.5132 val_loss=0.4969 val_BA=0.718 mejor_epoca=2
2026-09-27 04:21:48,367 INFO COMBINED/dn fold 1: config 15 (lr=0.001, dropout=0.3) epoca 3: train_loss=0.3218 val_loss=0.4897 val_BA=0.756 mejor_epoca=3
2026-09-27 04:21:53,095 INFO COMBINED/dn fold 1: config 15 (lr=0.001, dropout=0.3) epoca 5: train_loss=0.2903 val_loss=0.2948 val_BA=0.756 mejor_epoca=5
2026-09-27 04:21:57,802 INFO COMBINED/dn fold 1: config 15 (lr=0.001, dropout=0.3) epoca 7: train_loss=0.2030 val_loss=0.5437 val_BA=0.812 mejor_epoca=7
2026-09-27 04:22:00,153 INFO COMBINED/dn fold 1: config 15 (lr=0.001, dropout=0.3) epoca 8: train_loss=0.2181 val_loss=0.4239 val_BA=0.812 mejor_epoca=8
2026-09-27 04:22:04,872 INFO COMBINED/dn fold 1: config 15 (lr=0.001, dropout=0.3) epoca 10: train_loss=0.2042 val_loss=0.5831 val_BA=0.829 mejor_epoca=10
2026-09-27 04:22:09,585 INFO COMBINED/dn fold 1: config 15 (lr=0.001, dropout=0.3) epoca 12: train_loss=0.1229 val_loss=0.3459 val_BA=0.868 mejor_epoca=12
2026-09-27 04:22:28,438 INFO COMBINED/dn fold 1: config 15 (lr=0.001, dropout=0.3) epoca 20: train_loss=0.0528 val_loss=0.5676 val_BA=0.701 mejor_epoca=12
2026-09-27 04:22:44,936 INFO COMBINED/dn fold 1 config 15: OK val_BA=0.868 mejor_epoca=12 (1.1 min)
2026-09-27 04:22:48,419 INFO COMBINED/dn fold 1: config 16 (lr=0.001, dropout=0.4) epoca 1: train_loss=0.7007 val_loss=0.3828 val_BA=0.722 mejor_epoca=1
2026-09-27 04:23:17,067 INFO COMBINED/dn fold 1: config 16 (lr=0.001, dropout=0.4) epoca 10: train_loss=0.4640 val_loss=0.3905 val_BA=0.812 mejor_epoca=10
2026-09-27 04:23:20,305 INFO COMBINED/dn fold 1: config 16 (lr=0.001, dropout=0.4) epoca 11: train_loss=0.3456 val_loss=0.2906 val_BA=0.868 mejor_epoca=11
2026-09-27 04:23:49,597 INFO COMBINED/dn fold 1: config 16 (lr=0.001, dropout=0.4) epoca 20: train_loss=0.0881 val_loss=0.4422 val_BA=0.739 mejor_epoca=11
2026-09-27 04:24:09,167 INFO COMBINED/dn fold 1 config 16: OK val_BA=0.868 mejor_epoca=11 (1.4 min)
2026-09-27 04:24:11,833 INFO COMBINED/dn fold 1: config 17 (lr=0.001, dropout=0.5) epoca 1: train_loss=0.6594 val_loss=0.6876 val_BA=0.791 mejor_epoca=1
2026-09-27 04:24:16,765 INFO COMBINED/dn fold 1: config 17 (lr=0.001, dropout=0.5) epoca 3: train_loss=0.3198 val_loss=0.3147 val_BA=0.795 mejor_epoca=3
2026-09-27 04:24:19,148 INFO COMBINED/dn fold 1: config 17 (lr=0.001, dropout=0.5) epoca 4: train_loss=0.2437 val_loss=0.3772 val_BA=0.868 mejor_epoca=4
2026-09-27 04:24:23,921 INFO COMBINED/dn fold 1: config 17 (lr=0.001, dropout=0.5) epoca 6: train_loss=0.2079 val_loss=0.2876 val_BA=0.868 mejor_epoca=6
2026-09-27 04:24:33,455 INFO COMBINED/dn fold 1: config 17 (lr=0.001, dropout=0.5) epoca 10: train_loss=0.1317 val_loss=0.3162 val_BA=0.756 mejor_epoca=6
2026-09-27 04:24:43,156 INFO COMBINED/dn fold 1: config 17 (lr=0.001, dropout=0.5) epoca 14: train_loss=0.1065 val_loss=0.1479 val_BA=0.906 mejor_epoca=14
2026-09-27 04:24:57,332 INFO COMBINED/dn fold 1: config 17 (lr=0.001, dropout=0.5) epoca 20: train_loss=0.0345 val_loss=0.2667 val_BA=0.756 mejor_epoca=14
2026-09-27 04:25:18,959 INFO COMBINED/dn fold 1 config 17: OK val_BA=0.906 mejor_epoca=14 (1.2 min)
2026-09-27 04:25:21,402 INFO COMBINED/dn fold 1: config 18 (lr=0.001, dropout=0.5) epoca 1: train_loss=0.5300 val_loss=0.2591 val_BA=0.684 mejor_epoca=1
2026-09-27 04:25:23,547 INFO COMBINED/dn fold 1: config 18 (lr=0.001, dropout=0.5) epoca 2: train_loss=0.3793 val_loss=0.1665 val_BA=0.684 mejor_epoca=2
2026-09-27 04:25:27,870 INFO COMBINED/dn fold 1: config 18 (lr=0.001, dropout=0.5) epoca 4: train_loss=0.2269 val_loss=0.3088 val_BA=0.812 mejor_epoca=4
2026-09-27 04:25:30,026 INFO COMBINED/dn fold 1: config 18 (lr=0.001, dropout=0.5) epoca 5: train_loss=0.1636 val_loss=0.2944 val_BA=0.812 mejor_epoca=5
2026-09-27 04:25:32,188 INFO COMBINED/dn fold 1: config 18 (lr=0.001, dropout=0.5) epoca 6: train_loss=0.1714 val_loss=0.3076 val_BA=0.923 mejor_epoca=6
2026-09-27 04:25:40,810 INFO COMBINED/dn fold 1: config 18 (lr=0.001, dropout=0.5) epoca 10: train_loss=0.1047 val_loss=0.2948 val_BA=0.701 mejor_epoca=6
2026-09-27 04:26:01,718 INFO COMBINED/dn fold 1: config 18 (lr=0.001, dropout=0.5) epoca 20: train_loss=0.0110 val_loss=0.5253 val_BA=0.756 mejor_epoca=6
2026-09-27 04:26:03,829 INFO COMBINED/dn fold 1 config 18: OK val_BA=0.923 mejor_epoca=6 (0.7 min)
2026-09-27 04:26:06,207 INFO COMBINED/dn fold 1: config 19 (lr=0.001, dropout=0.5) epoca 1: train_loss=0.5295 val_loss=0.2838 val_BA=0.701 mejor_epoca=1
2026-09-27 04:26:08,297 INFO COMBINED/dn fold 1: config 19 (lr=0.001, dropout=0.5) epoca 2: train_loss=0.3802 val_loss=0.3858 val_BA=0.756 mejor_epoca=2
2026-09-27 04:26:12,492 INFO COMBINED/dn fold 1: config 19 (lr=0.001, dropout=0.5) epoca 4: train_loss=0.2707 val_loss=0.3789 val_BA=0.756 mejor_epoca=4
2026-09-27 04:26:14,577 INFO COMBINED/dn fold 1: config 19 (lr=0.001, dropout=0.5) epoca 5: train_loss=0.2298 val_loss=1.0254 val_BA=0.829 mejor_epoca=5
2026-09-27 04:26:25,044 INFO COMBINED/dn fold 1: config 19 (lr=0.001, dropout=0.5) epoca 10: train_loss=0.0981 val_loss=0.3945 val_BA=0.701 mejor_epoca=5
2026-09-27 04:26:46,068 INFO COMBINED/dn fold 1: config 19 (lr=0.001, dropout=0.5) epoca 20: train_loss=0.0392 val_loss=0.3765 val_BA=0.812 mejor_epoca=5
2026-09-27 04:26:46,091 INFO COMBINED/dn fold 1 config 19: OK val_BA=0.829 mejor_epoca=5 (0.7 min)
2026-09-27 04:26:46,620 INFO COMBINED/dn fold 2: log-mel dn listo en 0.5 s, forma (4902, 1, 64, 309)
2026-09-27 04:26:46,635 INFO COMBINED/dn fold 2: 85/21 pacientes train/validation, 20 de 20 configuracion(es) por evaluar
2026-09-27 04:26:50,113 INFO COMBINED/dn fold 2: config 0 (lr=0.0001, dropout=0.3) epoca 1: train_loss=0.5464 val_loss=0.4256 val_BA=0.855 mejor_epoca=1
2026-09-27 04:27:08,572 INFO COMBINED/dn fold 2: config 0 (lr=0.0001, dropout=0.3) epoca 7: train_loss=0.0983 val_loss=0.2864 val_BA=0.900 mejor_epoca=7
2026-09-27 04:27:17,944 INFO COMBINED/dn fold 2: config 0 (lr=0.0001, dropout=0.3) epoca 10: train_loss=0.1188 val_loss=0.2766 val_BA=0.850 mejor_epoca=7
2026-09-27 04:27:23,993 INFO COMBINED/dn fold 2: config 0 (lr=0.0001, dropout=0.3) epoca 12: train_loss=0.0458 val_loss=0.2769 val_BA=0.900 mejor_epoca=12
2026-09-27 04:27:48,383 INFO COMBINED/dn fold 2: config 0 (lr=0.0001, dropout=0.3) epoca 20: train_loss=0.0318 val_loss=0.4233 val_BA=0.850 mejor_epoca=12
2026-09-27 04:28:10,147 INFO COMBINED/dn fold 2 config 0: OK val_BA=0.900 mejor_epoca=12 (1.4 min)
2026-09-27 04:28:12,374 INFO COMBINED/dn fold 2: config 1 (lr=0.0001, dropout=0.3) epoca 1: train_loss=0.5719 val_loss=0.4061 val_BA=0.750 mejor_epoca=1
2026-09-27 04:28:18,583 INFO COMBINED/dn fold 2: config 1 (lr=0.0001, dropout=0.3) epoca 4: train_loss=0.2040 val_loss=0.5707 val_BA=0.859 mejor_epoca=4
2026-09-27 04:28:26,740 INFO COMBINED/dn fold 2: config 1 (lr=0.0001, dropout=0.3) epoca 8: train_loss=0.0423 val_loss=0.4235 val_BA=0.859 mejor_epoca=8
2026-09-27 04:28:30,786 INFO COMBINED/dn fold 2: config 1 (lr=0.0001, dropout=0.3) epoca 10: train_loss=0.0255 val_loss=0.2097 val_BA=0.755 mejor_epoca=8
2026-09-27 04:28:50,961 INFO COMBINED/dn fold 2: config 1 (lr=0.0001, dropout=0.3) epoca 20: train_loss=0.0065 val_loss=0.2427 val_BA=0.755 mejor_epoca=8
2026-09-27 04:28:57,043 INFO COMBINED/dn fold 2 config 1: OK val_BA=0.859 mejor_epoca=8 (0.8 min)
2026-09-27 04:28:59,527 INFO COMBINED/dn fold 2: config 2 (lr=0.0001, dropout=0.4) epoca 1: train_loss=0.5194 val_loss=0.6692 val_BA=0.664 mejor_epoca=1
2026-09-27 04:29:01,806 INFO COMBINED/dn fold 2: config 2 (lr=0.0001, dropout=0.4) epoca 2: train_loss=0.2972 val_loss=0.3286 val_BA=0.755 mejor_epoca=2
2026-09-27 04:29:04,108 INFO COMBINED/dn fold 2: config 2 (lr=0.0001, dropout=0.4) epoca 3: train_loss=0.2176 val_loss=0.5231 val_BA=0.905 mejor_epoca=3
2026-09-27 04:29:20,521 INFO COMBINED/dn fold 2: config 2 (lr=0.0001, dropout=0.4) epoca 10: train_loss=0.0302 val_loss=0.1613 val_BA=0.850 mejor_epoca=3
2026-09-27 04:29:44,168 INFO COMBINED/dn fold 2: config 2 (lr=0.0001, dropout=0.4) epoca 20: train_loss=0.0294 val_loss=0.2523 val_BA=0.800 mejor_epoca=3
2026-09-27 04:29:44,192 INFO COMBINED/dn fold 2 config 2: OK val_BA=0.905 mejor_epoca=3 (0.8 min)
2026-09-27 04:29:47,477 INFO COMBINED/dn fold 2: config 3 (lr=0.0001, dropout=0.4) epoca 1: train_loss=0.5930 val_loss=0.6483 val_BA=0.809 mejor_epoca=1
2026-09-27 04:29:57,056 INFO COMBINED/dn fold 2: config 3 (lr=0.0001, dropout=0.4) epoca 4: train_loss=0.2406 val_loss=0.2743 val_BA=0.900 mejor_epoca=4
2026-09-27 04:30:03,557 INFO COMBINED/dn fold 2: config 3 (lr=0.0001, dropout=0.4) epoca 6: train_loss=0.1886 val_loss=0.2519 val_BA=0.900 mejor_epoca=6
2026-09-27 04:30:12,989 INFO COMBINED/dn fold 2: config 3 (lr=0.0001, dropout=0.4) epoca 9: train_loss=0.0891 val_loss=0.2223 val_BA=0.900 mejor_epoca=9
2026-09-27 04:30:16,108 INFO COMBINED/dn fold 2: config 3 (lr=0.0001, dropout=0.4) epoca 10: train_loss=0.0805 val_loss=0.3010 val_BA=0.855 mejor_epoca=9
2026-09-27 04:30:46,687 INFO COMBINED/dn fold 2: config 3 (lr=0.0001, dropout=0.4) epoca 20: train_loss=0.0708 val_loss=0.4463 val_BA=0.850 mejor_epoca=9
2026-09-27 04:30:49,726 INFO COMBINED/dn fold 2: config 3 (lr=0.0001, dropout=0.4) epoca 21: train_loss=0.2906 val_loss=0.4583 val_BA=0.950 mejor_epoca=21
2026-09-27 04:31:16,988 INFO COMBINED/dn fold 2: config 3 (lr=0.0001, dropout=0.4) epoca 30: train_loss=0.0141 val_loss=0.3806 val_BA=0.855 mejor_epoca=21
2026-09-27 04:31:34,894 INFO COMBINED/dn fold 2 config 3: OK val_BA=0.950 mejor_epoca=21 (1.8 min)
2026-09-27 04:31:37,322 INFO COMBINED/dn fold 2: config 4 (lr=0.0001, dropout=0.4) epoca 1: train_loss=0.5597 val_loss=0.6509 val_BA=0.809 mejor_epoca=1
2026-09-27 04:31:46,576 INFO COMBINED/dn fold 2: config 4 (lr=0.0001, dropout=0.4) epoca 5: train_loss=0.1176 val_loss=0.3050 val_BA=0.859 mejor_epoca=5
2026-09-27 04:31:57,817 INFO COMBINED/dn fold 2: config 4 (lr=0.0001, dropout=0.4) epoca 10: train_loss=0.0204 val_loss=0.2002 val_BA=0.855 mejor_epoca=5
2026-09-27 04:32:18,228 INFO COMBINED/dn fold 2: config 4 (lr=0.0001, dropout=0.4) epoca 19: train_loss=0.0095 val_loss=0.3364 val_BA=0.905 mejor_epoca=19
2026-09-27 04:32:20,499 INFO COMBINED/dn fold 2: config 4 (lr=0.0001, dropout=0.4) epoca 20: train_loss=0.0490 val_loss=0.2087 val_BA=0.800 mejor_epoca=19
2026-09-27 04:32:43,273 INFO COMBINED/dn fold 2: config 4 (lr=0.0001, dropout=0.4) epoca 30: train_loss=0.0012 val_loss=0.2547 val_BA=0.805 mejor_epoca=19
2026-09-27 04:32:52,461 INFO COMBINED/dn fold 2 config 4: OK val_BA=0.905 mejor_epoca=19 (1.3 min)
2026-09-27 04:32:54,676 INFO COMBINED/dn fold 2: config 5 (lr=0.0001, dropout=0.4) epoca 1: train_loss=0.5152 val_loss=0.3735 val_BA=0.600 mejor_epoca=1
2026-09-27 04:32:56,698 INFO COMBINED/dn fold 2: config 5 (lr=0.0001, dropout=0.4) epoca 2: train_loss=0.2865 val_loss=0.3082 val_BA=0.655 mejor_epoca=2
2026-09-27 04:32:58,732 INFO COMBINED/dn fold 2: config 5 (lr=0.0001, dropout=0.4) epoca 3: train_loss=0.2134 val_loss=0.3444 val_BA=0.755 mejor_epoca=3
2026-09-27 04:33:00,792 INFO COMBINED/dn fold 2: config 5 (lr=0.0001, dropout=0.4) epoca 4: train_loss=0.1577 val_loss=0.4331 val_BA=0.809 mejor_epoca=4
2026-09-27 04:33:08,933 INFO COMBINED/dn fold 2: config 5 (lr=0.0001, dropout=0.4) epoca 8: train_loss=0.0335 val_loss=0.1700 val_BA=0.850 mejor_epoca=8
2026-09-27 04:33:10,960 INFO COMBINED/dn fold 2: config 5 (lr=0.0001, dropout=0.4) epoca 9: train_loss=0.0282 val_loss=0.6223 val_BA=0.909 mejor_epoca=9
2026-09-27 04:33:12,970 INFO COMBINED/dn fold 2: config 5 (lr=0.0001, dropout=0.4) epoca 10: train_loss=0.0242 val_loss=0.1653 val_BA=0.755 mejor_epoca=9
2026-09-27 04:33:33,278 INFO COMBINED/dn fold 2: config 5 (lr=0.0001, dropout=0.4) epoca 20: train_loss=0.0061 val_loss=0.1667 val_BA=0.750 mejor_epoca=9
2026-09-27 04:33:41,362 INFO COMBINED/dn fold 2 config 5: OK val_BA=0.909 mejor_epoca=9 (0.8 min)
2026-09-27 04:33:44,568 INFO COMBINED/dn fold 2: config 6 (lr=0.0001, dropout=0.5) epoca 1: train_loss=0.5614 val_loss=0.8309 val_BA=0.773 mejor_epoca=1
2026-09-27 04:33:47,615 INFO COMBINED/dn fold 2: config 6 (lr=0.0001, dropout=0.5) epoca 2: train_loss=0.3514 val_loss=0.6665 val_BA=0.809 mejor_epoca=2
2026-09-27 04:34:11,861 INFO COMBINED/dn fold 2: config 6 (lr=0.0001, dropout=0.5) epoca 10: train_loss=0.0796 val_loss=0.4580 val_BA=0.900 mejor_epoca=10
2026-09-27 04:34:42,322 INFO COMBINED/dn fold 2: config 6 (lr=0.0001, dropout=0.5) epoca 20: train_loss=0.1031 val_loss=0.4166 val_BA=0.800 mejor_epoca=10
2026-09-27 04:34:57,573 INFO COMBINED/dn fold 2 config 6: OK val_BA=0.900 mejor_epoca=10 (1.3 min)
2026-09-27 04:34:59,790 INFO COMBINED/dn fold 2: config 7 (lr=0.0001, dropout=0.5) epoca 1: train_loss=0.6026 val_loss=0.6499 val_BA=0.809 mejor_epoca=1
2026-09-27 04:35:05,915 INFO COMBINED/dn fold 2: config 7 (lr=0.0001, dropout=0.5) epoca 4: train_loss=0.1804 val_loss=0.6562 val_BA=0.814 mejor_epoca=4
2026-09-27 04:35:18,186 INFO COMBINED/dn fold 2: config 7 (lr=0.0001, dropout=0.5) epoca 10: train_loss=0.0247 val_loss=0.3096 val_BA=0.855 mejor_epoca=10
2026-09-27 04:35:34,318 INFO COMBINED/dn fold 2: config 7 (lr=0.0001, dropout=0.5) epoca 18: train_loss=0.0146 val_loss=0.8198 val_BA=0.909 mejor_epoca=18
2026-09-27 04:35:38,283 INFO COMBINED/dn fold 2: config 7 (lr=0.0001, dropout=0.5) epoca 20: train_loss=0.0201 val_loss=0.1734 val_BA=0.800 mejor_epoca=18
2026-09-27 04:35:58,346 INFO COMBINED/dn fold 2: config 7 (lr=0.0001, dropout=0.5) epoca 30: train_loss=0.0203 val_loss=0.2615 val_BA=0.850 mejor_epoca=18
2026-09-27 04:36:04,396 INFO COMBINED/dn fold 2 config 7: OK val_BA=0.909 mejor_epoca=18 (1.1 min)
2026-09-27 04:36:06,612 INFO COMBINED/dn fold 2: config 8 (lr=0.0003, dropout=0.3) epoca 1: train_loss=0.5084 val_loss=0.4351 val_BA=0.905 mejor_epoca=1
2026-09-27 04:36:24,763 INFO COMBINED/dn fold 2: config 8 (lr=0.0003, dropout=0.3) epoca 10: train_loss=0.0306 val_loss=0.2353 val_BA=0.855 mejor_epoca=1
2026-09-27 04:36:44,841 INFO COMBINED/dn fold 2: config 8 (lr=0.0003, dropout=0.3) epoca 20: train_loss=0.0021 val_loss=0.3068 val_BA=0.855 mejor_epoca=1
2026-09-27 04:36:44,863 INFO COMBINED/dn fold 2 config 8: OK val_BA=0.905 mejor_epoca=1 (0.7 min)
2026-09-27 04:36:47,304 INFO COMBINED/dn fold 2: config 9 (lr=0.0003, dropout=0.4) epoca 1: train_loss=0.5311 val_loss=0.2897 val_BA=0.700 mejor_epoca=1
2026-09-27 04:36:49,580 INFO COMBINED/dn fold 2: config 9 (lr=0.0003, dropout=0.4) epoca 2: train_loss=0.3773 val_loss=0.2462 val_BA=0.800 mejor_epoca=2
2026-09-27 04:36:51,850 INFO COMBINED/dn fold 2: config 9 (lr=0.0003, dropout=0.4) epoca 3: train_loss=0.2927 val_loss=0.4037 val_BA=0.850 mejor_epoca=3
2026-09-27 04:36:58,641 INFO COMBINED/dn fold 2: config 9 (lr=0.0003, dropout=0.4) epoca 6: train_loss=0.1788 val_loss=0.2098 val_BA=0.900 mejor_epoca=6
2026-09-27 04:37:00,909 INFO COMBINED/dn fold 2: config 9 (lr=0.0003, dropout=0.4) epoca 7: train_loss=0.1148 val_loss=0.1838 val_BA=0.900 mejor_epoca=7
2026-09-27 04:37:07,771 INFO COMBINED/dn fold 2: config 9 (lr=0.0003, dropout=0.4) epoca 10: train_loss=0.1001 val_loss=0.4253 val_BA=0.905 mejor_epoca=10
2026-09-27 04:37:30,353 INFO COMBINED/dn fold 2: config 9 (lr=0.0003, dropout=0.4) epoca 20: train_loss=0.1016 val_loss=0.6666 val_BA=1.000 mejor_epoca=20
2026-09-27 04:37:53,746 INFO COMBINED/dn fold 2: config 9 (lr=0.0003, dropout=0.4) epoca 30: train_loss=0.0138 val_loss=0.3070 val_BA=0.850 mejor_epoca=20
2026-09-27 04:38:05,347 INFO COMBINED/dn fold 2 config 9: OK val_BA=1.000 mejor_epoca=20 (1.3 min)
2026-09-27 04:38:08,756 INFO COMBINED/dn fold 2: config 10 (lr=0.0003, dropout=0.4) epoca 1: train_loss=0.5916 val_loss=0.3399 val_BA=0.600 mejor_epoca=1
2026-09-27 04:38:14,853 INFO COMBINED/dn fold 2: config 10 (lr=0.0003, dropout=0.4) epoca 3: train_loss=0.4234 val_loss=0.4336 val_BA=0.759 mejor_epoca=3
2026-09-27 04:38:20,927 INFO COMBINED/dn fold 2: config 10 (lr=0.0003, dropout=0.4) epoca 5: train_loss=0.2649 val_loss=0.2447 val_BA=0.805 mejor_epoca=5
2026-09-27 04:38:24,024 INFO COMBINED/dn fold 2: config 10 (lr=0.0003, dropout=0.4) epoca 6: train_loss=0.2855 val_loss=0.5430 val_BA=0.900 mejor_epoca=6
2026-09-27 04:38:36,342 INFO COMBINED/dn fold 2: config 10 (lr=0.0003, dropout=0.4) epoca 10: train_loss=0.1203 val_loss=0.3299 val_BA=0.750 mejor_epoca=6
2026-09-27 04:38:42,621 INFO COMBINED/dn fold 2: config 10 (lr=0.0003, dropout=0.4) epoca 12: train_loss=0.1572 val_loss=0.4616 val_BA=0.900 mejor_epoca=12
2026-09-27 04:38:45,822 INFO COMBINED/dn fold 2: config 10 (lr=0.0003, dropout=0.4) epoca 13: train_loss=0.1165 val_loss=0.7558 val_BA=0.950 mejor_epoca=13
2026-09-27 04:39:08,018 INFO COMBINED/dn fold 2: config 10 (lr=0.0003, dropout=0.4) epoca 20: train_loss=0.0859 val_loss=0.4681 val_BA=0.800 mejor_epoca=13
2026-09-27 04:39:33,000 INFO COMBINED/dn fold 2 config 10: OK val_BA=0.950 mejor_epoca=13 (1.5 min)
2026-09-27 04:39:35,205 INFO COMBINED/dn fold 2: config 11 (lr=0.0003, dropout=0.5) epoca 1: train_loss=0.5338 val_loss=0.3451 val_BA=0.850 mejor_epoca=1
2026-09-27 04:39:37,232 INFO COMBINED/dn fold 2: config 11 (lr=0.0003, dropout=0.5) epoca 2: train_loss=0.3093 val_loss=0.9170 val_BA=0.864 mejor_epoca=2
2026-09-27 04:39:53,313 INFO COMBINED/dn fold 2: config 11 (lr=0.0003, dropout=0.5) epoca 10: train_loss=0.0460 val_loss=0.1994 val_BA=0.605 mejor_epoca=2
2026-09-27 04:39:55,383 INFO COMBINED/dn fold 2: config 11 (lr=0.0003, dropout=0.5) epoca 11: train_loss=0.0742 val_loss=1.4065 val_BA=0.905 mejor_epoca=11
2026-09-27 04:40:13,624 INFO COMBINED/dn fold 2: config 11 (lr=0.0003, dropout=0.5) epoca 20: train_loss=0.0483 val_loss=0.3078 val_BA=0.850 mejor_epoca=11
2026-09-27 04:40:25,755 INFO COMBINED/dn fold 2 config 11: OK val_BA=0.905 mejor_epoca=11 (0.9 min)
2026-09-27 04:40:28,249 INFO COMBINED/dn fold 2: config 12 (lr=0.0003, dropout=0.5) epoca 1: train_loss=0.5291 val_loss=0.2860 val_BA=0.800 mejor_epoca=1
2026-09-27 04:40:35,134 INFO COMBINED/dn fold 2: config 12 (lr=0.0003, dropout=0.5) epoca 4: train_loss=0.2252 val_loss=0.2477 val_BA=0.805 mejor_epoca=4
2026-09-27 04:40:42,020 INFO COMBINED/dn fold 2: config 12 (lr=0.0003, dropout=0.5) epoca 7: train_loss=0.0748 val_loss=0.2543 val_BA=0.950 mejor_epoca=7
2026-09-27 04:40:48,879 INFO COMBINED/dn fold 2: config 12 (lr=0.0003, dropout=0.5) epoca 10: train_loss=0.0474 val_loss=0.1957 val_BA=0.800 mejor_epoca=7
2026-09-27 04:41:11,579 INFO COMBINED/dn fold 2: config 12 (lr=0.0003, dropout=0.5) epoca 20: train_loss=0.0670 val_loss=0.3234 val_BA=0.850 mejor_epoca=7
2026-09-27 04:41:16,065 INFO COMBINED/dn fold 2 config 12: OK val_BA=0.950 mejor_epoca=7 (0.8 min)
2026-09-27 04:41:19,238 INFO COMBINED/dn fold 2: config 13 (lr=0.001, dropout=0.2) epoca 1: train_loss=0.6805 val_loss=1.1603 val_BA=0.727 mejor_epoca=1
2026-09-27 04:41:22,185 INFO COMBINED/dn fold 2: config 13 (lr=0.001, dropout=0.2) epoca 2: train_loss=0.5817 val_loss=0.3564 val_BA=0.755 mejor_epoca=2
2026-09-27 04:41:40,072 INFO COMBINED/dn fold 2: config 13 (lr=0.001, dropout=0.2) epoca 8: train_loss=0.3445 val_loss=0.4610 val_BA=0.805 mejor_epoca=8
2026-09-27 04:41:43,130 INFO COMBINED/dn fold 2: config 13 (lr=0.001, dropout=0.2) epoca 9: train_loss=0.4165 val_loss=0.3050 val_BA=0.805 mejor_epoca=9
2026-09-27 04:41:46,343 INFO COMBINED/dn fold 2: config 13 (lr=0.001, dropout=0.2) epoca 10: train_loss=0.3535 val_loss=0.2943 val_BA=0.800 mejor_epoca=9
2026-09-27 04:41:49,423 INFO COMBINED/dn fold 2: config 13 (lr=0.001, dropout=0.2) epoca 11: train_loss=0.2834 val_loss=0.5561 val_BA=0.859 mejor_epoca=11
2026-09-27 04:42:17,118 INFO COMBINED/dn fold 2: config 13 (lr=0.001, dropout=0.2) epoca 20: train_loss=0.1953 val_loss=0.3654 val_BA=0.805 mejor_epoca=11
2026-09-27 04:42:35,593 INFO COMBINED/dn fold 2 config 13: OK val_BA=0.859 mejor_epoca=11 (1.3 min)
2026-09-27 04:42:37,780 INFO COMBINED/dn fold 2: config 14 (lr=0.001, dropout=0.3) epoca 1: train_loss=0.6139 val_loss=0.4716 val_BA=0.955 mejor_epoca=1
2026-09-27 04:42:55,762 INFO COMBINED/dn fold 2: config 14 (lr=0.001, dropout=0.3) epoca 10: train_loss=0.1667 val_loss=0.9916 val_BA=0.909 mejor_epoca=1
2026-09-27 04:43:15,822 INFO COMBINED/dn fold 2: config 14 (lr=0.001, dropout=0.3) epoca 20: train_loss=0.0260 val_loss=0.2453 val_BA=0.855 mejor_epoca=1
2026-09-27 04:43:15,846 INFO COMBINED/dn fold 2 config 14: OK val_BA=0.955 mejor_epoca=1 (0.7 min)
2026-09-27 04:43:18,321 INFO COMBINED/dn fold 2: config 15 (lr=0.001, dropout=0.3) epoca 1: train_loss=0.6770 val_loss=0.3358 val_BA=0.705 mejor_epoca=1
2026-09-27 04:43:22,884 INFO COMBINED/dn fold 2: config 15 (lr=0.001, dropout=0.3) epoca 3: train_loss=0.5196 val_loss=0.4325 val_BA=0.900 mejor_epoca=3
2026-09-27 04:43:38,883 INFO COMBINED/dn fold 2: config 15 (lr=0.001, dropout=0.3) epoca 10: train_loss=0.2059 val_loss=0.4501 val_BA=0.855 mejor_epoca=3
2026-09-27 04:43:50,304 INFO COMBINED/dn fold 2: config 15 (lr=0.001, dropout=0.3) epoca 15: train_loss=0.1500 val_loss=0.5276 val_BA=0.905 mejor_epoca=15
2026-09-27 04:44:01,651 INFO COMBINED/dn fold 2: config 15 (lr=0.001, dropout=0.3) epoca 20: train_loss=0.0576 val_loss=0.3546 val_BA=0.705 mejor_epoca=15
2026-09-27 04:44:03,933 INFO COMBINED/dn fold 2: config 15 (lr=0.001, dropout=0.3) epoca 21: train_loss=0.0881 val_loss=0.7556 val_BA=0.955 mejor_epoca=21
2026-09-27 04:44:24,461 INFO COMBINED/dn fold 2: config 15 (lr=0.001, dropout=0.3) epoca 30: train_loss=0.0816 val_loss=0.3674 val_BA=0.900 mejor_epoca=21
2026-09-27 04:44:38,459 INFO COMBINED/dn fold 2 config 15: OK val_BA=0.955 mejor_epoca=21 (1.4 min)
2026-09-27 04:44:41,759 INFO COMBINED/dn fold 2: config 16 (lr=0.001, dropout=0.4) epoca 1: train_loss=0.6990 val_loss=0.3003 val_BA=0.650 mejor_epoca=1
2026-09-27 04:44:50,911 INFO COMBINED/dn fold 2: config 16 (lr=0.001, dropout=0.4) epoca 4: train_loss=0.4389 val_loss=0.3490 val_BA=0.705 mejor_epoca=4
2026-09-27 04:44:53,914 INFO COMBINED/dn fold 2: config 16 (lr=0.001, dropout=0.4) epoca 5: train_loss=0.4149 val_loss=0.3168 val_BA=0.755 mejor_epoca=5
2026-09-27 04:44:56,951 INFO COMBINED/dn fold 2: config 16 (lr=0.001, dropout=0.4) epoca 6: train_loss=0.3973 val_loss=0.4097 val_BA=0.855 mejor_epoca=6
2026-09-27 04:45:09,639 INFO COMBINED/dn fold 2: config 16 (lr=0.001, dropout=0.4) epoca 10: train_loss=0.3197 val_loss=0.3453 val_BA=0.855 mejor_epoca=10
2026-09-27 04:45:12,772 INFO COMBINED/dn fold 2: config 16 (lr=0.001, dropout=0.4) epoca 11: train_loss=0.2667 val_loss=0.2720 val_BA=0.955 mejor_epoca=11
2026-09-27 04:45:40,795 INFO COMBINED/dn fold 2: config 16 (lr=0.001, dropout=0.4) epoca 20: train_loss=0.2307 val_loss=0.1963 val_BA=0.750 mejor_epoca=11
2026-09-27 04:45:59,305 INFO COMBINED/dn fold 2 config 16: OK val_BA=0.955 mejor_epoca=11 (1.3 min)
2026-09-27 04:46:01,777 INFO COMBINED/dn fold 2: config 17 (lr=0.001, dropout=0.5) epoca 1: train_loss=0.6420 val_loss=0.8570 val_BA=0.727 mejor_epoca=1
2026-09-27 04:46:04,083 INFO COMBINED/dn fold 2: config 17 (lr=0.001, dropout=0.5) epoca 2: train_loss=0.5393 val_loss=0.3998 val_BA=0.755 mejor_epoca=2
2026-09-27 04:46:06,414 INFO COMBINED/dn fold 2: config 17 (lr=0.001, dropout=0.5) epoca 3: train_loss=0.4827 val_loss=0.5358 val_BA=0.805 mejor_epoca=3
2026-09-27 04:46:08,819 INFO COMBINED/dn fold 2: config 17 (lr=0.001, dropout=0.5) epoca 4: train_loss=0.4500 val_loss=0.2765 val_BA=0.805 mejor_epoca=4
2026-09-27 04:46:11,217 INFO COMBINED/dn fold 2: config 17 (lr=0.001, dropout=0.5) epoca 5: train_loss=0.3415 val_loss=0.6894 val_BA=0.909 mejor_epoca=5
2026-09-27 04:46:22,970 INFO COMBINED/dn fold 2: config 17 (lr=0.001, dropout=0.5) epoca 10: train_loss=0.3040 val_loss=0.3092 val_BA=0.850 mejor_epoca=5
2026-09-27 04:46:45,643 INFO COMBINED/dn fold 2: config 17 (lr=0.001, dropout=0.5) epoca 20: train_loss=0.0896 val_loss=0.7158 val_BA=0.855 mejor_epoca=5
2026-09-27 04:46:45,666 INFO COMBINED/dn fold 2 config 17: OK val_BA=0.909 mejor_epoca=5 (0.8 min)
2026-09-27 04:46:47,882 INFO COMBINED/dn fold 2: config 18 (lr=0.001, dropout=0.5) epoca 1: train_loss=0.6060 val_loss=0.2655 val_BA=0.500 mejor_epoca=1
2026-09-27 04:46:49,902 INFO COMBINED/dn fold 2: config 18 (lr=0.001, dropout=0.5) epoca 2: train_loss=0.4531 val_loss=0.2318 val_BA=0.705 mejor_epoca=2
2026-09-27 04:46:51,918 INFO COMBINED/dn fold 2: config 18 (lr=0.001, dropout=0.5) epoca 3: train_loss=0.3267 val_loss=0.2719 val_BA=0.750 mejor_epoca=3
2026-09-27 04:46:53,930 INFO COMBINED/dn fold 2: config 18 (lr=0.001, dropout=0.5) epoca 4: train_loss=0.3529 val_loss=0.4757 val_BA=0.759 mejor_epoca=4
2026-09-27 04:46:57,916 INFO COMBINED/dn fold 2: config 18 (lr=0.001, dropout=0.5) epoca 6: train_loss=0.2401 val_loss=0.5132 val_BA=0.809 mejor_epoca=6
2026-09-27 04:47:05,914 INFO COMBINED/dn fold 2: config 18 (lr=0.001, dropout=0.5) epoca 10: train_loss=0.1207 val_loss=0.3024 val_BA=0.805 mejor_epoca=6
2026-09-27 04:47:07,895 INFO COMBINED/dn fold 2: config 18 (lr=0.001, dropout=0.5) epoca 11: train_loss=0.1086 val_loss=0.6650 val_BA=0.855 mejor_epoca=11
2026-09-27 04:47:09,880 INFO COMBINED/dn fold 2: config 18 (lr=0.001, dropout=0.5) epoca 12: train_loss=0.1125 val_loss=0.2169 val_BA=0.855 mejor_epoca=12
2026-09-27 04:47:26,018 INFO COMBINED/dn fold 2: config 18 (lr=0.001, dropout=0.5) epoca 20: train_loss=0.0510 val_loss=0.2271 val_BA=0.705 mejor_epoca=12
2026-09-27 04:47:40,203 INFO COMBINED/dn fold 2 config 18: OK val_BA=0.855 mejor_epoca=12 (0.9 min)
2026-09-27 04:47:42,466 INFO COMBINED/dn fold 2: config 19 (lr=0.001, dropout=0.5) epoca 1: train_loss=0.5788 val_loss=0.2983 val_BA=0.700 mejor_epoca=1
2026-09-27 04:47:44,528 INFO COMBINED/dn fold 2: config 19 (lr=0.001, dropout=0.5) epoca 2: train_loss=0.3859 val_loss=0.3745 val_BA=0.900 mejor_epoca=2
2026-09-27 04:47:54,766 INFO COMBINED/dn fold 2: config 19 (lr=0.001, dropout=0.5) epoca 7: train_loss=0.1944 val_loss=0.3588 val_BA=0.905 mejor_epoca=7
2026-09-27 04:48:00,764 INFO COMBINED/dn fold 2: config 19 (lr=0.001, dropout=0.5) epoca 10: train_loss=0.1494 val_loss=0.3569 val_BA=0.755 mejor_epoca=7
2026-09-27 04:48:20,716 INFO COMBINED/dn fold 2: config 19 (lr=0.001, dropout=0.5) epoca 20: train_loss=0.0334 val_loss=0.2705 val_BA=0.705 mejor_epoca=7
2026-09-27 04:48:24,720 INFO COMBINED/dn fold 2 config 19: OK val_BA=0.905 mejor_epoca=7 (0.7 min)
2026-09-27 04:48:25,245 INFO COMBINED/dn fold 3: log-mel dn listo en 0.5 s, forma (4902, 1, 64, 309)
2026-09-27 04:48:25,259 INFO COMBINED/dn fold 3: 85/21 pacientes train/validation, 20 de 20 configuracion(es) por evaluar
2026-09-27 04:48:28,890 INFO COMBINED/dn fold 3: config 0 (lr=0.0001, dropout=0.3) epoca 1: train_loss=0.5561 val_loss=0.3062 val_BA=0.600 mejor_epoca=1
2026-09-27 04:48:32,221 INFO COMBINED/dn fold 3: config 0 (lr=0.0001, dropout=0.3) epoca 2: train_loss=0.3352 val_loss=0.2110 val_BA=0.864 mejor_epoca=2
2026-09-27 04:48:42,135 INFO COMBINED/dn fold 3: config 0 (lr=0.0001, dropout=0.3) epoca 5: train_loss=0.1657 val_loss=0.1652 val_BA=0.905 mejor_epoca=5
2026-09-27 04:48:45,520 INFO COMBINED/dn fold 3: config 0 (lr=0.0001, dropout=0.3) epoca 6: train_loss=0.1232 val_loss=0.1533 val_BA=0.955 mejor_epoca=6
2026-09-27 04:48:59,557 INFO COMBINED/dn fold 3: config 0 (lr=0.0001, dropout=0.3) epoca 10: train_loss=0.0845 val_loss=0.2004 val_BA=0.905 mejor_epoca=6
2026-09-27 04:49:35,174 INFO COMBINED/dn fold 3: config 0 (lr=0.0001, dropout=0.3) epoca 20: train_loss=0.0892 val_loss=0.6516 val_BA=0.605 mejor_epoca=6
2026-09-27 04:49:38,740 INFO COMBINED/dn fold 3 config 0: OK val_BA=0.955 mejor_epoca=6 (1.2 min)
2026-09-27 04:49:41,379 INFO COMBINED/dn fold 3: config 1 (lr=0.0001, dropout=0.3) epoca 1: train_loss=0.6145 val_loss=0.5492 val_BA=0.618 mejor_epoca=1
2026-09-27 04:49:43,590 INFO COMBINED/dn fold 3: config 1 (lr=0.0001, dropout=0.3) epoca 2: train_loss=0.4272 val_loss=0.6818 val_BA=0.773 mejor_epoca=2
2026-09-27 04:49:45,797 INFO COMBINED/dn fold 3: config 1 (lr=0.0001, dropout=0.3) epoca 3: train_loss=0.3269 val_loss=0.3960 val_BA=0.855 mejor_epoca=3
2026-09-27 04:49:48,040 INFO COMBINED/dn fold 3: config 1 (lr=0.0001, dropout=0.3) epoca 4: train_loss=0.2460 val_loss=0.2600 val_BA=0.955 mejor_epoca=4
2026-09-27 04:50:01,468 INFO COMBINED/dn fold 3: config 1 (lr=0.0001, dropout=0.3) epoca 10: train_loss=0.0589 val_loss=0.1600 val_BA=0.900 mejor_epoca=4
2026-09-27 04:50:23,555 INFO COMBINED/dn fold 3: config 1 (lr=0.0001, dropout=0.3) epoca 20: train_loss=0.0065 val_loss=0.1752 val_BA=0.955 mejor_epoca=20
2026-09-27 04:50:45,593 INFO COMBINED/dn fold 3: config 1 (lr=0.0001, dropout=0.3) epoca 30: train_loss=0.0123 val_loss=0.1856 val_BA=0.905 mejor_epoca=20
2026-09-27 04:50:56,624 INFO COMBINED/dn fold 3 config 1: OK val_BA=0.955 mejor_epoca=20 (1.3 min)
2026-09-27 04:50:59,434 INFO COMBINED/dn fold 3: config 2 (lr=0.0001, dropout=0.4) epoca 1: train_loss=0.5672 val_loss=0.3833 val_BA=0.859 mejor_epoca=1
2026-09-27 04:51:02,008 INFO COMBINED/dn fold 3: config 2 (lr=0.0001, dropout=0.4) epoca 2: train_loss=0.3532 val_loss=0.2882 val_BA=0.909 mejor_epoca=2
2026-09-27 04:51:22,591 INFO COMBINED/dn fold 3: config 2 (lr=0.0001, dropout=0.4) epoca 10: train_loss=0.0325 val_loss=0.1796 val_BA=0.905 mejor_epoca=2
2026-09-27 04:51:35,391 INFO COMBINED/dn fold 3: config 2 (lr=0.0001, dropout=0.4) epoca 15: train_loss=0.0432 val_loss=0.1445 val_BA=0.950 mejor_epoca=15
2026-09-27 04:51:48,049 INFO COMBINED/dn fold 3: config 2 (lr=0.0001, dropout=0.4) epoca 20: train_loss=0.0032 val_loss=0.1891 val_BA=0.950 mejor_epoca=15
2026-09-27 04:51:58,263 INFO COMBINED/dn fold 3: config 2 (lr=0.0001, dropout=0.4) epoca 24: train_loss=0.0294 val_loss=0.1302 val_BA=1.000 mejor_epoca=24
2026-09-27 04:52:08,479 INFO COMBINED/dn fold 3: config 2 (lr=0.0001, dropout=0.4) epoca 28: train_loss=0.0363 val_loss=0.1250 val_BA=1.000 mejor_epoca=28
2026-09-27 04:52:13,811 INFO COMBINED/dn fold 3: config 2 (lr=0.0001, dropout=0.4) epoca 30: train_loss=0.1117 val_loss=0.2181 val_BA=0.905 mejor_epoca=28
2026-09-27 04:52:39,697 INFO COMBINED/dn fold 3: config 2 (lr=0.0001, dropout=0.4) epoca 40: train_loss=0.0372 val_loss=0.1890 val_BA=0.900 mejor_epoca=28
2026-09-27 04:52:47,379 INFO COMBINED/dn fold 3 config 2: OK val_BA=1.000 mejor_epoca=28 (1.8 min)
2026-09-27 04:52:51,226 INFO COMBINED/dn fold 3: config 3 (lr=0.0001, dropout=0.4) epoca 1: train_loss=0.5841 val_loss=0.5065 val_BA=0.864 mejor_epoca=1
2026-09-27 04:52:54,774 INFO COMBINED/dn fold 3: config 3 (lr=0.0001, dropout=0.4) epoca 2: train_loss=0.4095 val_loss=0.3561 val_BA=0.864 mejor_epoca=2
2026-09-27 04:52:58,359 INFO COMBINED/dn fold 3: config 3 (lr=0.0001, dropout=0.4) epoca 3: train_loss=0.2548 val_loss=0.1860 val_BA=0.900 mejor_epoca=3
2026-09-27 04:53:01,872 INFO COMBINED/dn fold 3: config 3 (lr=0.0001, dropout=0.4) epoca 4: train_loss=0.2417 val_loss=0.2035 val_BA=0.905 mejor_epoca=4
2026-09-27 04:53:05,482 INFO COMBINED/dn fold 3: config 3 (lr=0.0001, dropout=0.4) epoca 5: train_loss=0.1438 val_loss=0.1715 val_BA=0.905 mejor_epoca=5
2026-09-27 04:53:12,594 INFO COMBINED/dn fold 3: config 3 (lr=0.0001, dropout=0.4) epoca 7: train_loss=0.1058 val_loss=0.1858 val_BA=0.955 mejor_epoca=7
2026-09-27 04:53:23,546 INFO COMBINED/dn fold 3: config 3 (lr=0.0001, dropout=0.4) epoca 10: train_loss=0.0974 val_loss=0.2774 val_BA=0.750 mejor_epoca=7
2026-09-27 04:53:59,577 INFO COMBINED/dn fold 3: config 3 (lr=0.0001, dropout=0.4) epoca 20: train_loss=0.0568 val_loss=0.3935 val_BA=0.859 mejor_epoca=7
2026-09-27 04:54:06,610 INFO COMBINED/dn fold 3 config 3: OK val_BA=0.955 mejor_epoca=7 (1.3 min)
2026-09-27 04:54:09,496 INFO COMBINED/dn fold 3: config 4 (lr=0.0001, dropout=0.4) epoca 1: train_loss=0.5651 val_loss=0.2399 val_BA=0.805 mejor_epoca=1
2026-09-27 04:54:12,154 INFO COMBINED/dn fold 3: config 4 (lr=0.0001, dropout=0.4) epoca 2: train_loss=0.3615 val_loss=0.3139 val_BA=0.955 mejor_epoca=2
2026-09-27 04:54:33,177 INFO COMBINED/dn fold 3: config 4 (lr=0.0001, dropout=0.4) epoca 10: train_loss=0.0265 val_loss=0.2208 val_BA=0.855 mejor_epoca=2
2026-09-27 04:54:45,899 INFO COMBINED/dn fold 3: config 4 (lr=0.0001, dropout=0.4) epoca 15: train_loss=0.0310 val_loss=0.2032 val_BA=0.955 mejor_epoca=15
2026-09-27 04:54:53,952 INFO COMBINED/dn fold 3: config 4 (lr=0.0001, dropout=0.4) epoca 18: train_loss=0.0192 val_loss=0.2385 val_BA=1.000 mejor_epoca=18
2026-09-27 04:54:59,144 INFO COMBINED/dn fold 3: config 4 (lr=0.0001, dropout=0.4) epoca 20: train_loss=0.0248 val_loss=0.2716 val_BA=0.905 mejor_epoca=18
2026-09-27 04:55:25,170 INFO COMBINED/dn fold 3: config 4 (lr=0.0001, dropout=0.4) epoca 30: train_loss=0.0071 val_loss=0.2477 val_BA=1.000 mejor_epoca=18
2026-09-27 04:55:33,410 INFO COMBINED/dn fold 3 config 4: OK val_BA=1.000 mejor_epoca=18 (1.4 min)
2026-09-27 04:55:36,014 INFO COMBINED/dn fold 3: config 5 (lr=0.0001, dropout=0.4) epoca 1: train_loss=0.5742 val_loss=0.3068 val_BA=0.550 mejor_epoca=1
2026-09-27 04:55:38,270 INFO COMBINED/dn fold 3: config 5 (lr=0.0001, dropout=0.4) epoca 2: train_loss=0.3751 val_loss=0.5100 val_BA=0.818 mejor_epoca=2
2026-09-27 04:55:42,850 INFO COMBINED/dn fold 3: config 5 (lr=0.0001, dropout=0.4) epoca 4: train_loss=0.2241 val_loss=0.3728 val_BA=0.909 mejor_epoca=4
2026-09-27 04:55:54,026 INFO COMBINED/dn fold 3: config 5 (lr=0.0001, dropout=0.4) epoca 9: train_loss=0.0373 val_loss=0.1135 val_BA=0.950 mejor_epoca=9
2026-09-27 04:55:56,291 INFO COMBINED/dn fold 3: config 5 (lr=0.0001, dropout=0.4) epoca 10: train_loss=0.0216 val_loss=0.1795 val_BA=0.955 mejor_epoca=10
2026-09-27 04:56:07,471 INFO COMBINED/dn fold 3: config 5 (lr=0.0001, dropout=0.4) epoca 15: train_loss=0.0083 val_loss=0.1538 val_BA=0.955 mejor_epoca=15
2026-09-27 04:56:18,713 INFO COMBINED/dn fold 3: config 5 (lr=0.0001, dropout=0.4) epoca 20: train_loss=0.0162 val_loss=0.2139 val_BA=0.850 mejor_epoca=15
2026-09-27 04:56:25,533 INFO COMBINED/dn fold 3: config 5 (lr=0.0001, dropout=0.4) epoca 23: train_loss=0.0148 val_loss=0.1516 val_BA=0.955 mejor_epoca=23
2026-09-27 04:56:41,668 INFO COMBINED/dn fold 3: config 5 (lr=0.0001, dropout=0.4) epoca 30: train_loss=0.0091 val_loss=0.1860 val_BA=0.900 mejor_epoca=23
2026-09-27 04:56:48,503 INFO COMBINED/dn fold 3: config 5 (lr=0.0001, dropout=0.4) epoca 33: train_loss=0.0019 val_loss=0.1494 val_BA=0.955 mejor_epoca=33
2026-09-27 04:56:50,772 INFO COMBINED/dn fold 3: config 5 (lr=0.0001, dropout=0.4) epoca 34: train_loss=0.0018 val_loss=0.1353 val_BA=1.000 mejor_epoca=34
2026-09-27 04:57:04,246 INFO COMBINED/dn fold 3: config 5 (lr=0.0001, dropout=0.4) epoca 40: train_loss=0.0144 val_loss=0.2060 val_BA=0.900 mejor_epoca=34
2026-09-27 04:57:24,437 INFO COMBINED/dn fold 3 config 5: OK val_BA=1.000 mejor_epoca=34 (1.9 min)
2026-09-27 04:57:28,300 INFO COMBINED/dn fold 3: config 6 (lr=0.0001, dropout=0.5) epoca 1: train_loss=0.5565 val_loss=0.2623 val_BA=0.859 mejor_epoca=1
2026-09-27 04:57:31,862 INFO COMBINED/dn fold 3: config 6 (lr=0.0001, dropout=0.5) epoca 2: train_loss=0.3837 val_loss=0.1676 val_BA=0.900 mejor_epoca=2
2026-09-27 04:57:35,445 INFO COMBINED/dn fold 3: config 6 (lr=0.0001, dropout=0.5) epoca 3: train_loss=0.2804 val_loss=0.1813 val_BA=0.909 mejor_epoca=3
2026-09-27 04:57:42,373 INFO COMBINED/dn fold 3: config 6 (lr=0.0001, dropout=0.5) epoca 5: train_loss=0.2029 val_loss=0.1423 val_BA=0.955 mejor_epoca=5
2026-09-27 04:57:56,744 INFO COMBINED/dn fold 3: config 6 (lr=0.0001, dropout=0.5) epoca 9: train_loss=0.0840 val_loss=0.1019 val_BA=1.000 mejor_epoca=9
2026-09-27 04:58:00,282 INFO COMBINED/dn fold 3: config 6 (lr=0.0001, dropout=0.5) epoca 10: train_loss=0.0447 val_loss=0.2874 val_BA=0.750 mejor_epoca=9
2026-09-27 04:58:35,731 INFO COMBINED/dn fold 3: config 6 (lr=0.0001, dropout=0.5) epoca 20: train_loss=0.0825 val_loss=0.3909 val_BA=0.850 mejor_epoca=9
2026-09-27 04:58:50,031 INFO COMBINED/dn fold 3 config 6: OK val_BA=1.000 mejor_epoca=9 (1.4 min)
2026-09-27 04:58:52,560 INFO COMBINED/dn fold 3: config 7 (lr=0.0001, dropout=0.5) epoca 1: train_loss=0.5964 val_loss=0.2803 val_BA=0.750 mejor_epoca=1
2026-09-27 04:58:54,799 INFO COMBINED/dn fold 3: config 7 (lr=0.0001, dropout=0.5) epoca 2: train_loss=0.3960 val_loss=0.3181 val_BA=0.909 mejor_epoca=2
2026-09-27 04:59:01,559 INFO COMBINED/dn fold 3: config 7 (lr=0.0001, dropout=0.5) epoca 5: train_loss=0.1570 val_loss=0.2834 val_BA=0.955 mejor_epoca=5
2026-09-27 04:59:12,692 INFO COMBINED/dn fold 3: config 7 (lr=0.0001, dropout=0.5) epoca 10: train_loss=0.0255 val_loss=0.1326 val_BA=0.900 mejor_epoca=5
2026-09-27 04:59:35,165 INFO COMBINED/dn fold 3: config 7 (lr=0.0001, dropout=0.5) epoca 20: train_loss=0.0096 val_loss=0.2441 val_BA=0.955 mejor_epoca=20
2026-09-27 04:59:57,394 INFO COMBINED/dn fold 3: config 7 (lr=0.0001, dropout=0.5) epoca 30: train_loss=0.0055 val_loss=0.3204 val_BA=0.855 mejor_epoca=20
2026-09-27 05:00:08,554 INFO COMBINED/dn fold 3 config 7: OK val_BA=0.955 mejor_epoca=20 (1.3 min)
2026-09-27 05:00:11,089 INFO COMBINED/dn fold 3: config 8 (lr=0.0003, dropout=0.3) epoca 1: train_loss=0.5458 val_loss=0.4060 val_BA=0.818 mejor_epoca=1
2026-09-27 05:00:15,455 INFO COMBINED/dn fold 3: config 8 (lr=0.0003, dropout=0.3) epoca 3: train_loss=0.2496 val_loss=0.1468 val_BA=0.900 mejor_epoca=3
2026-09-27 05:00:24,056 INFO COMBINED/dn fold 3: config 8 (lr=0.0003, dropout=0.3) epoca 7: train_loss=0.0943 val_loss=0.2960 val_BA=0.905 mejor_epoca=7
2026-09-27 05:00:26,200 INFO COMBINED/dn fold 3: config 8 (lr=0.0003, dropout=0.3) epoca 8: train_loss=0.0543 val_loss=0.2201 val_BA=0.905 mejor_epoca=8
2026-09-27 05:00:30,483 INFO COMBINED/dn fold 3: config 8 (lr=0.0003, dropout=0.3) epoca 10: train_loss=0.0739 val_loss=0.1762 val_BA=0.905 mejor_epoca=10
2026-09-27 05:00:32,624 INFO COMBINED/dn fold 3: config 8 (lr=0.0003, dropout=0.3) epoca 11: train_loss=0.0479 val_loss=0.1624 val_BA=0.950 mejor_epoca=11
2026-09-27 05:00:43,709 INFO COMBINED/dn fold 3: config 8 (lr=0.0003, dropout=0.3) epoca 16: train_loss=0.0638 val_loss=0.1617 val_BA=0.950 mejor_epoca=16
2026-09-27 05:00:52,732 INFO COMBINED/dn fold 3: config 8 (lr=0.0003, dropout=0.3) epoca 20: train_loss=0.0194 val_loss=0.2120 val_BA=0.905 mejor_epoca=16
2026-09-27 05:01:14,556 INFO COMBINED/dn fold 3: config 8 (lr=0.0003, dropout=0.3) epoca 30: train_loss=0.0442 val_loss=0.1905 val_BA=0.900 mejor_epoca=16
2026-09-27 05:01:16,761 INFO COMBINED/dn fold 3 config 8: OK val_BA=0.950 mejor_epoca=16 (1.1 min)
2026-09-27 05:01:19,548 INFO COMBINED/dn fold 3: config 9 (lr=0.0003, dropout=0.4) epoca 1: train_loss=0.6103 val_loss=0.3812 val_BA=0.818 mejor_epoca=1
2026-09-27 05:01:22,044 INFO COMBINED/dn fold 3: config 9 (lr=0.0003, dropout=0.4) epoca 2: train_loss=0.3931 val_loss=0.2587 val_BA=0.909 mejor_epoca=2
2026-09-27 05:01:27,040 INFO COMBINED/dn fold 3: config 9 (lr=0.0003, dropout=0.4) epoca 4: train_loss=0.3357 val_loss=0.2038 val_BA=0.909 mejor_epoca=4
2026-09-27 05:01:39,573 INFO COMBINED/dn fold 3: config 9 (lr=0.0003, dropout=0.4) epoca 9: train_loss=0.1852 val_loss=0.2065 val_BA=0.955 mejor_epoca=9
2026-09-27 05:01:42,078 INFO COMBINED/dn fold 3: config 9 (lr=0.0003, dropout=0.4) epoca 10: train_loss=0.1451 val_loss=0.1494 val_BA=0.859 mejor_epoca=9
2026-09-27 05:02:07,218 INFO COMBINED/dn fold 3: config 9 (lr=0.0003, dropout=0.4) epoca 20: train_loss=0.0437 val_loss=0.2443 val_BA=0.905 mejor_epoca=9
2026-09-27 05:02:17,390 INFO COMBINED/dn fold 3 config 9: OK val_BA=0.955 mejor_epoca=9 (1.0 min)
2026-09-27 05:02:21,214 INFO COMBINED/dn fold 3: config 10 (lr=0.0003, dropout=0.4) epoca 1: train_loss=0.5429 val_loss=0.3042 val_BA=0.859 mejor_epoca=1
2026-09-27 05:02:24,720 INFO COMBINED/dn fold 3: config 10 (lr=0.0003, dropout=0.4) epoca 2: train_loss=0.4444 val_loss=0.1196 val_BA=0.900 mejor_epoca=2
2026-09-27 05:02:31,892 INFO COMBINED/dn fold 3: config 10 (lr=0.0003, dropout=0.4) epoca 4: train_loss=0.3951 val_loss=0.1947 val_BA=0.909 mejor_epoca=4
2026-09-27 05:02:53,177 INFO COMBINED/dn fold 3: config 10 (lr=0.0003, dropout=0.4) epoca 10: train_loss=0.2255 val_loss=0.2955 val_BA=0.755 mejor_epoca=4
2026-09-27 05:03:17,499 INFO COMBINED/dn fold 3: config 10 (lr=0.0003, dropout=0.4) epoca 17: train_loss=0.0566 val_loss=0.2484 val_BA=0.955 mejor_epoca=17
2026-09-27 05:03:24,578 INFO COMBINED/dn fold 3: config 10 (lr=0.0003, dropout=0.4) epoca 19: train_loss=0.2043 val_loss=0.2170 val_BA=0.955 mejor_epoca=19
2026-09-27 05:03:28,135 INFO COMBINED/dn fold 3: config 10 (lr=0.0003, dropout=0.4) epoca 20: train_loss=0.0901 val_loss=0.2952 val_BA=0.905 mejor_epoca=19
2026-09-27 05:04:02,415 INFO COMBINED/dn fold 3: config 10 (lr=0.0003, dropout=0.4) epoca 30: train_loss=0.0510 val_loss=0.4142 val_BA=0.805 mejor_epoca=19
2026-09-27 05:04:16,212 INFO COMBINED/dn fold 3 config 10: OK val_BA=0.955 mejor_epoca=19 (2.0 min)
2026-09-27 05:04:18,709 INFO COMBINED/dn fold 3: config 11 (lr=0.0003, dropout=0.5) epoca 1: train_loss=0.5429 val_loss=0.3792 val_BA=0.909 mejor_epoca=1
2026-09-27 05:04:38,450 INFO COMBINED/dn fold 3: config 11 (lr=0.0003, dropout=0.5) epoca 10: train_loss=0.0841 val_loss=0.4043 val_BA=0.600 mejor_epoca=1
2026-09-27 05:05:00,717 INFO COMBINED/dn fold 3: config 11 (lr=0.0003, dropout=0.5) epoca 20: train_loss=0.0144 val_loss=0.2263 val_BA=0.905 mejor_epoca=1
2026-09-27 05:05:00,738 INFO COMBINED/dn fold 3 config 11: OK val_BA=0.909 mejor_epoca=1 (0.7 min)
2026-09-27 05:05:03,522 INFO COMBINED/dn fold 3: config 12 (lr=0.0003, dropout=0.5) epoca 1: train_loss=0.5484 val_loss=0.3339 val_BA=0.864 mejor_epoca=1
2026-09-27 05:05:08,477 INFO COMBINED/dn fold 3: config 12 (lr=0.0003, dropout=0.5) epoca 3: train_loss=0.3073 val_loss=0.2223 val_BA=0.864 mejor_epoca=3
2026-09-27 05:05:18,645 INFO COMBINED/dn fold 3: config 12 (lr=0.0003, dropout=0.5) epoca 7: train_loss=0.1317 val_loss=0.1146 val_BA=0.955 mejor_epoca=7
2026-09-27 05:05:26,325 INFO COMBINED/dn fold 3: config 12 (lr=0.0003, dropout=0.5) epoca 10: train_loss=0.0888 val_loss=0.2376 val_BA=0.955 mejor_epoca=7
2026-09-27 05:05:51,873 INFO COMBINED/dn fold 3: config 12 (lr=0.0003, dropout=0.5) epoca 20: train_loss=0.0820 val_loss=0.3744 val_BA=0.855 mejor_epoca=7
2026-09-27 05:05:56,918 INFO COMBINED/dn fold 3 config 12: OK val_BA=0.955 mejor_epoca=7 (0.9 min)
2026-09-27 05:06:00,847 INFO COMBINED/dn fold 3: config 13 (lr=0.001, dropout=0.2) epoca 1: train_loss=0.8308 val_loss=0.3442 val_BA=0.550 mejor_epoca=1
2026-09-27 05:06:04,277 INFO COMBINED/dn fold 3: config 13 (lr=0.001, dropout=0.2) epoca 2: train_loss=0.5962 val_loss=0.7813 val_BA=0.682 mejor_epoca=2
2026-09-27 05:06:07,734 INFO COMBINED/dn fold 3: config 13 (lr=0.001, dropout=0.2) epoca 3: train_loss=0.5759 val_loss=0.2208 val_BA=0.814 mejor_epoca=3
2026-09-27 05:06:14,621 INFO COMBINED/dn fold 3: config 13 (lr=0.001, dropout=0.2) epoca 5: train_loss=0.4971 val_loss=0.2327 val_BA=0.900 mejor_epoca=5
2026-09-27 05:06:25,454 INFO COMBINED/dn fold 3: config 13 (lr=0.001, dropout=0.2) epoca 8: train_loss=0.4156 val_loss=0.2693 val_BA=0.909 mejor_epoca=8
2026-09-27 05:06:32,703 INFO COMBINED/dn fold 3: config 13 (lr=0.001, dropout=0.2) epoca 10: train_loss=0.3733 val_loss=0.1511 val_BA=0.955 mejor_epoca=10
2026-09-27 05:07:08,674 INFO COMBINED/dn fold 3: config 13 (lr=0.001, dropout=0.2) epoca 20: train_loss=0.2335 val_loss=0.2633 val_BA=0.855 mejor_epoca=10
2026-09-27 05:07:27,051 INFO COMBINED/dn fold 3 config 13: OK val_BA=0.955 mejor_epoca=10 (1.5 min)
2026-09-27 05:07:29,580 INFO COMBINED/dn fold 3: config 14 (lr=0.001, dropout=0.3) epoca 1: train_loss=0.5514 val_loss=0.2296 val_BA=0.805 mejor_epoca=1
2026-09-27 05:07:31,821 INFO COMBINED/dn fold 3: config 14 (lr=0.001, dropout=0.3) epoca 2: train_loss=0.4107 val_loss=0.2100 val_BA=0.814 mejor_epoca=2
2026-09-27 05:07:34,059 INFO COMBINED/dn fold 3: config 14 (lr=0.001, dropout=0.3) epoca 3: train_loss=0.3840 val_loss=0.3096 val_BA=0.818 mejor_epoca=3
2026-09-27 05:07:47,373 INFO COMBINED/dn fold 3: config 14 (lr=0.001, dropout=0.3) epoca 9: train_loss=0.1844 val_loss=0.1964 val_BA=0.859 mejor_epoca=9
2026-09-27 05:07:49,588 INFO COMBINED/dn fold 3: config 14 (lr=0.001, dropout=0.3) epoca 10: train_loss=0.1793 val_loss=0.3018 val_BA=0.859 mejor_epoca=9
2026-09-27 05:07:58,532 INFO COMBINED/dn fold 3: config 14 (lr=0.001, dropout=0.3) epoca 14: train_loss=0.1433 val_loss=0.1587 val_BA=0.955 mejor_epoca=14
2026-09-27 05:08:12,024 INFO COMBINED/dn fold 3: config 14 (lr=0.001, dropout=0.3) epoca 20: train_loss=0.0553 val_loss=0.1646 val_BA=0.850 mejor_epoca=14
2026-09-27 05:08:14,286 INFO COMBINED/dn fold 3: config 14 (lr=0.001, dropout=0.3) epoca 21: train_loss=0.0470 val_loss=0.1644 val_BA=1.000 mejor_epoca=21
2026-09-27 05:08:32,134 INFO COMBINED/dn fold 3: config 14 (lr=0.001, dropout=0.3) epoca 29: train_loss=0.0097 val_loss=0.1573 val_BA=1.000 mejor_epoca=29
2026-09-27 05:08:34,370 INFO COMBINED/dn fold 3: config 14 (lr=0.001, dropout=0.3) epoca 30: train_loss=0.0043 val_loss=0.2154 val_BA=0.909 mejor_epoca=29
2026-09-27 05:08:47,810 INFO COMBINED/dn fold 3: config 14 (lr=0.001, dropout=0.3) epoca 36: train_loss=0.0064 val_loss=0.1545 val_BA=1.000 mejor_epoca=36
2026-09-27 05:08:56,792 INFO COMBINED/dn fold 3: config 14 (lr=0.001, dropout=0.3) epoca 40: train_loss=0.0107 val_loss=0.3917 val_BA=0.800 mejor_epoca=36
2026-09-27 05:09:19,196 INFO COMBINED/dn fold 3: config 14 (lr=0.001, dropout=0.3) epoca 50: train_loss=0.0013 val_loss=0.1966 val_BA=0.950 mejor_epoca=36
2026-09-27 05:09:21,427 INFO COMBINED/dn fold 3 config 14: OK val_BA=1.000 mejor_epoca=36 (1.9 min)
2026-09-27 05:09:24,269 INFO COMBINED/dn fold 3: config 15 (lr=0.001, dropout=0.3) epoca 1: train_loss=0.6861 val_loss=0.3338 val_BA=0.500 mejor_epoca=1
2026-09-27 05:09:26,782 INFO COMBINED/dn fold 3: config 15 (lr=0.001, dropout=0.3) epoca 2: train_loss=0.6160 val_loss=1.0790 val_BA=0.591 mejor_epoca=2
2026-09-27 05:09:29,324 INFO COMBINED/dn fold 3: config 15 (lr=0.001, dropout=0.3) epoca 3: train_loss=0.5391 val_loss=0.3509 val_BA=0.605 mejor_epoca=3
2026-09-27 05:09:31,908 INFO COMBINED/dn fold 3: config 15 (lr=0.001, dropout=0.3) epoca 4: train_loss=0.4172 val_loss=0.7144 val_BA=0.818 mejor_epoca=4
2026-09-27 05:09:42,240 INFO COMBINED/dn fold 3: config 15 (lr=0.001, dropout=0.3) epoca 8: train_loss=0.3009 val_loss=0.2146 val_BA=0.859 mejor_epoca=8
2026-09-27 05:09:47,449 INFO COMBINED/dn fold 3: config 15 (lr=0.001, dropout=0.3) epoca 10: train_loss=0.2498 val_loss=0.1519 val_BA=0.855 mejor_epoca=8
2026-09-27 05:09:50,052 INFO COMBINED/dn fold 3: config 15 (lr=0.001, dropout=0.3) epoca 11: train_loss=0.2197 val_loss=0.2856 val_BA=0.905 mejor_epoca=11
2026-09-27 05:09:55,361 INFO COMBINED/dn fold 3: config 15 (lr=0.001, dropout=0.3) epoca 13: train_loss=0.1305 val_loss=0.1645 val_BA=0.905 mejor_epoca=13
2026-09-27 05:10:11,006 INFO COMBINED/dn fold 3: config 15 (lr=0.001, dropout=0.3) epoca 19: train_loss=0.0923 val_loss=0.1628 val_BA=0.905 mejor_epoca=19
2026-09-27 05:10:13,615 INFO COMBINED/dn fold 3: config 15 (lr=0.001, dropout=0.3) epoca 20: train_loss=0.0666 val_loss=0.1796 val_BA=0.859 mejor_epoca=19
2026-09-27 05:10:23,929 INFO COMBINED/dn fold 3: config 15 (lr=0.001, dropout=0.3) epoca 24: train_loss=0.0355 val_loss=0.2623 val_BA=0.955 mejor_epoca=24
2026-09-27 05:10:26,545 INFO COMBINED/dn fold 3: config 15 (lr=0.001, dropout=0.3) epoca 25: train_loss=0.0635 val_loss=0.1875 val_BA=0.955 mejor_epoca=25
2026-09-27 05:10:39,514 INFO COMBINED/dn fold 3: config 15 (lr=0.001, dropout=0.3) epoca 30: train_loss=0.0040 val_loss=0.2666 val_BA=0.855 mejor_epoca=25
2026-09-27 05:11:05,605 INFO COMBINED/dn fold 3: config 15 (lr=0.001, dropout=0.3) epoca 40: train_loss=0.0343 val_loss=0.3796 val_BA=0.855 mejor_epoca=25
2026-09-27 05:11:05,629 INFO COMBINED/dn fold 3 config 15: OK val_BA=0.955 mejor_epoca=25 (1.7 min)
2026-09-27 05:11:09,766 INFO COMBINED/dn fold 3: config 16 (lr=0.001, dropout=0.4) epoca 1: train_loss=0.8265 val_loss=0.4174 val_BA=0.500 mejor_epoca=1
2026-09-27 05:11:17,243 INFO COMBINED/dn fold 3: config 16 (lr=0.001, dropout=0.4) epoca 3: train_loss=0.7102 val_loss=0.7480 val_BA=0.677 mejor_epoca=3
2026-09-27 05:11:28,493 INFO COMBINED/dn fold 3: config 16 (lr=0.001, dropout=0.4) epoca 6: train_loss=0.6023 val_loss=0.3295 val_BA=0.759 mejor_epoca=6
2026-09-27 05:11:32,266 INFO COMBINED/dn fold 3: config 16 (lr=0.001, dropout=0.4) epoca 7: train_loss=0.4870 val_loss=0.3045 val_BA=0.809 mejor_epoca=7
2026-09-27 05:11:43,391 INFO COMBINED/dn fold 3: config 16 (lr=0.001, dropout=0.4) epoca 10: train_loss=0.3491 val_loss=0.2874 val_BA=0.764 mejor_epoca=7
2026-09-27 05:11:50,771 INFO COMBINED/dn fold 3: config 16 (lr=0.001, dropout=0.4) epoca 12: train_loss=0.2586 val_loss=0.1710 val_BA=0.809 mejor_epoca=12
2026-09-27 05:11:54,471 INFO COMBINED/dn fold 3: config 16 (lr=0.001, dropout=0.4) epoca 13: train_loss=0.2046 val_loss=0.1794 val_BA=0.900 mejor_epoca=13
2026-09-27 05:12:12,896 INFO COMBINED/dn fold 3: config 16 (lr=0.001, dropout=0.4) epoca 18: train_loss=0.1497 val_loss=0.1433 val_BA=0.900 mejor_epoca=18
2026-09-27 05:12:20,360 INFO COMBINED/dn fold 3: config 16 (lr=0.001, dropout=0.4) epoca 20: train_loss=0.1441 val_loss=0.2820 val_BA=0.814 mejor_epoca=18
2026-09-27 05:12:24,118 INFO COMBINED/dn fold 3: config 16 (lr=0.001, dropout=0.4) epoca 21: train_loss=0.1633 val_loss=0.1635 val_BA=0.905 mejor_epoca=21
2026-09-27 05:12:57,641 INFO COMBINED/dn fold 3: config 16 (lr=0.001, dropout=0.4) epoca 30: train_loss=0.1145 val_loss=0.2894 val_BA=0.855 mejor_epoca=21
2026-09-27 05:13:12,821 INFO COMBINED/dn fold 3: config 16 (lr=0.001, dropout=0.4) epoca 34: train_loss=0.0794 val_loss=0.1356 val_BA=0.950 mejor_epoca=34
2026-09-27 05:13:34,895 INFO COMBINED/dn fold 3: config 16 (lr=0.001, dropout=0.4) epoca 40: train_loss=0.0430 val_loss=0.3848 val_BA=0.805 mejor_epoca=34
2026-09-27 05:14:08,231 INFO COMBINED/dn fold 3 config 16: OK val_BA=0.950 mejor_epoca=34 (3.0 min)
2026-09-27 05:14:11,113 INFO COMBINED/dn fold 3: config 17 (lr=0.001, dropout=0.5) epoca 1: train_loss=0.6382 val_loss=0.7334 val_BA=0.773 mejor_epoca=1
2026-09-27 05:14:13,716 INFO COMBINED/dn fold 3: config 17 (lr=0.001, dropout=0.5) epoca 2: train_loss=0.4657 val_loss=0.4950 val_BA=0.864 mejor_epoca=2
2026-09-27 05:14:16,287 INFO COMBINED/dn fold 3: config 17 (lr=0.001, dropout=0.5) epoca 3: train_loss=0.4006 val_loss=0.2393 val_BA=0.905 mejor_epoca=3
2026-09-27 05:14:18,862 INFO COMBINED/dn fold 3: config 17 (lr=0.001, dropout=0.5) epoca 4: train_loss=0.3434 val_loss=0.3875 val_BA=0.909 mejor_epoca=4
2026-09-27 05:14:21,447 INFO COMBINED/dn fold 3: config 17 (lr=0.001, dropout=0.5) epoca 5: train_loss=0.3069 val_loss=0.2406 val_BA=0.909 mejor_epoca=5
2026-09-27 05:14:26,601 INFO COMBINED/dn fold 3: config 17 (lr=0.001, dropout=0.5) epoca 7: train_loss=0.2333 val_loss=0.1878 val_BA=0.955 mejor_epoca=7
2026-09-27 05:14:34,732 INFO COMBINED/dn fold 3: config 17 (lr=0.001, dropout=0.5) epoca 10: train_loss=0.2094 val_loss=0.2015 val_BA=0.859 mejor_epoca=7
2026-09-27 05:15:01,196 INFO COMBINED/dn fold 3: config 17 (lr=0.001, dropout=0.5) epoca 20: train_loss=0.0926 val_loss=0.1995 val_BA=0.855 mejor_epoca=7
2026-09-27 05:15:06,438 INFO COMBINED/dn fold 3 config 17: OK val_BA=0.955 mejor_epoca=7 (1.0 min)
2026-09-27 05:15:08,998 INFO COMBINED/dn fold 3: config 18 (lr=0.001, dropout=0.5) epoca 1: train_loss=0.5408 val_loss=0.2199 val_BA=0.750 mejor_epoca=1
2026-09-27 05:15:11,261 INFO COMBINED/dn fold 3: config 18 (lr=0.001, dropout=0.5) epoca 2: train_loss=0.4620 val_loss=0.1532 val_BA=0.905 mejor_epoca=2
2026-09-27 05:15:15,780 INFO COMBINED/dn fold 3: config 18 (lr=0.001, dropout=0.5) epoca 4: train_loss=0.3111 val_loss=0.1532 val_BA=0.955 mejor_epoca=4
2026-09-27 05:15:20,315 INFO COMBINED/dn fold 3: config 18 (lr=0.001, dropout=0.5) epoca 6: train_loss=0.2300 val_loss=0.1197 val_BA=0.955 mejor_epoca=6
2026-09-27 05:15:22,588 INFO COMBINED/dn fold 3: config 18 (lr=0.001, dropout=0.5) epoca 7: train_loss=0.1990 val_loss=0.1041 val_BA=0.955 mejor_epoca=7
2026-09-27 05:15:29,408 INFO COMBINED/dn fold 3: config 18 (lr=0.001, dropout=0.5) epoca 10: train_loss=0.1577 val_loss=0.1054 val_BA=0.859 mejor_epoca=7
2026-09-27 05:15:52,163 INFO COMBINED/dn fold 3: config 18 (lr=0.001, dropout=0.5) epoca 20: train_loss=0.0733 val_loss=0.1621 val_BA=0.900 mejor_epoca=7
2026-09-27 05:15:56,736 INFO COMBINED/dn fold 3 config 18: OK val_BA=0.955 mejor_epoca=7 (0.8 min)
2026-09-27 05:15:59,334 INFO COMBINED/dn fold 3: config 19 (lr=0.001, dropout=0.5) epoca 1: train_loss=0.5399 val_loss=0.2278 val_BA=0.650 mejor_epoca=1
2026-09-27 05:16:01,577 INFO COMBINED/dn fold 3: config 19 (lr=0.001, dropout=0.5) epoca 2: train_loss=0.4374 val_loss=0.2823 val_BA=0.859 mejor_epoca=2
2026-09-27 05:16:03,832 INFO COMBINED/dn fold 3: config 19 (lr=0.001, dropout=0.5) epoca 3: train_loss=0.3787 val_loss=0.2403 val_BA=0.909 mejor_epoca=3
2026-09-27 05:16:06,139 INFO COMBINED/dn fold 3: config 19 (lr=0.001, dropout=0.5) epoca 4: train_loss=0.3065 val_loss=0.1326 val_BA=0.909 mejor_epoca=4
2026-09-27 05:16:19,824 INFO COMBINED/dn fold 3: config 19 (lr=0.001, dropout=0.5) epoca 10: train_loss=0.1658 val_loss=0.6963 val_BA=0.814 mejor_epoca=4
2026-09-27 05:16:42,327 INFO COMBINED/dn fold 3: config 19 (lr=0.001, dropout=0.5) epoca 20: train_loss=0.0396 val_loss=0.1037 val_BA=1.000 mejor_epoca=20
2026-09-27 05:17:04,940 INFO COMBINED/dn fold 3: config 19 (lr=0.001, dropout=0.5) epoca 30: train_loss=0.0044 val_loss=0.1956 val_BA=0.950 mejor_epoca=20
2026-09-27 05:17:16,185 INFO COMBINED/dn fold 3 config 19: OK val_BA=1.000 mejor_epoca=20 (1.3 min)
2026-09-27 05:17:16,738 INFO COMBINED/dn fold 4: log-mel dn listo en 0.5 s, forma (4902, 1, 64, 309)
2026-09-27 05:17:16,753 INFO COMBINED/dn fold 4: 86/20 pacientes train/validation, 20 de 20 configuracion(es) por evaluar
2026-09-27 05:17:20,205 INFO COMBINED/dn fold 4: config 0 (lr=0.0001, dropout=0.3) epoca 1: train_loss=0.5743 val_loss=0.8610 val_BA=0.662 mejor_epoca=1
2026-09-27 05:17:23,478 INFO COMBINED/dn fold 4: config 0 (lr=0.0001, dropout=0.3) epoca 2: train_loss=0.3378 val_loss=0.2639 val_BA=0.889 mejor_epoca=2
2026-09-27 05:17:50,067 INFO COMBINED/dn fold 4: config 0 (lr=0.0001, dropout=0.3) epoca 10: train_loss=0.0805 val_loss=0.1655 val_BA=0.889 mejor_epoca=10
2026-09-27 05:18:23,349 INFO COMBINED/dn fold 4: config 0 (lr=0.0001, dropout=0.3) epoca 20: train_loss=0.0988 val_loss=0.2197 val_BA=0.722 mejor_epoca=10
2026-09-27 05:18:40,222 INFO COMBINED/dn fold 4 config 0: OK val_BA=0.889 mejor_epoca=10 (1.4 min)
2026-09-27 05:18:42,510 INFO COMBINED/dn fold 4: config 1 (lr=0.0001, dropout=0.3) epoca 1: train_loss=0.5601 val_loss=0.9874 val_BA=0.545 mejor_epoca=1
2026-09-27 05:18:44,583 INFO COMBINED/dn fold 4: config 1 (lr=0.0001, dropout=0.3) epoca 2: train_loss=0.3568 val_loss=0.4383 val_BA=1.000 mejor_epoca=2
2026-09-27 05:19:01,122 INFO COMBINED/dn fold 4: config 1 (lr=0.0001, dropout=0.3) epoca 10: train_loss=0.0196 val_loss=0.1346 val_BA=0.833 mejor_epoca=2
2026-09-27 05:19:21,729 INFO COMBINED/dn fold 4: config 1 (lr=0.0001, dropout=0.3) epoca 20: train_loss=0.0109 val_loss=0.1238 val_BA=0.833 mejor_epoca=2
2026-09-27 05:19:21,755 INFO COMBINED/dn fold 4 config 1: OK val_BA=1.000 mejor_epoca=2 (0.7 min)
2026-09-27 05:19:24,401 INFO COMBINED/dn fold 4: config 2 (lr=0.0001, dropout=0.4) epoca 1: train_loss=0.5756 val_loss=0.3266 val_BA=0.889 mejor_epoca=1
2026-09-27 05:19:45,763 INFO COMBINED/dn fold 4: config 2 (lr=0.0001, dropout=0.4) epoca 10: train_loss=0.0456 val_loss=0.1525 val_BA=0.833 mejor_epoca=1
2026-09-27 05:20:09,376 INFO COMBINED/dn fold 4: config 2 (lr=0.0001, dropout=0.4) epoca 20: train_loss=0.0256 val_loss=0.2244 val_BA=0.722 mejor_epoca=1
2026-09-27 05:20:09,401 INFO COMBINED/dn fold 4 config 2: OK val_BA=0.889 mejor_epoca=1 (0.8 min)
2026-09-27 05:20:12,915 INFO COMBINED/dn fold 4: config 3 (lr=0.0001, dropout=0.4) epoca 1: train_loss=0.5475 val_loss=0.5862 val_BA=0.788 mejor_epoca=1
2026-09-27 05:20:16,239 INFO COMBINED/dn fold 4: config 3 (lr=0.0001, dropout=0.4) epoca 2: train_loss=0.3629 val_loss=0.3569 val_BA=0.833 mejor_epoca=2
2026-09-27 05:20:19,734 INFO COMBINED/dn fold 4: config 3 (lr=0.0001, dropout=0.4) epoca 3: train_loss=0.2342 val_loss=0.1790 val_BA=0.833 mejor_epoca=3
2026-09-27 05:20:42,518 INFO COMBINED/dn fold 4: config 3 (lr=0.0001, dropout=0.4) epoca 10: train_loss=0.0739 val_loss=0.1765 val_BA=0.667 mejor_epoca=3
2026-09-27 05:20:45,715 INFO COMBINED/dn fold 4: config 3 (lr=0.0001, dropout=0.4) epoca 11: train_loss=0.1141 val_loss=0.2456 val_BA=0.889 mejor_epoca=11
2026-09-27 05:21:14,242 INFO COMBINED/dn fold 4: config 3 (lr=0.0001, dropout=0.4) epoca 20: train_loss=0.0594 val_loss=0.1981 val_BA=0.722 mejor_epoca=11
2026-09-27 05:21:33,768 INFO COMBINED/dn fold 4 config 3: OK val_BA=0.889 mejor_epoca=11 (1.4 min)
2026-09-27 05:21:36,387 INFO COMBINED/dn fold 4: config 4 (lr=0.0001, dropout=0.4) epoca 1: train_loss=0.5981 val_loss=0.6166 val_BA=0.854 mejor_epoca=1
2026-09-27 05:21:38,768 INFO COMBINED/dn fold 4: config 4 (lr=0.0001, dropout=0.4) epoca 2: train_loss=0.4063 val_loss=0.5152 val_BA=1.000 mejor_epoca=2
2026-09-27 05:21:57,937 INFO COMBINED/dn fold 4: config 4 (lr=0.0001, dropout=0.4) epoca 10: train_loss=0.0242 val_loss=0.1584 val_BA=0.833 mejor_epoca=2
2026-09-27 05:22:21,732 INFO COMBINED/dn fold 4: config 4 (lr=0.0001, dropout=0.4) epoca 20: train_loss=0.0059 val_loss=0.1600 val_BA=0.722 mejor_epoca=2
2026-09-27 05:22:21,756 INFO COMBINED/dn fold 4 config 4: OK val_BA=1.000 mejor_epoca=2 (0.8 min)
2026-09-27 05:22:24,027 INFO COMBINED/dn fold 4: config 5 (lr=0.0001, dropout=0.4) epoca 1: train_loss=0.5861 val_loss=0.5387 val_BA=0.899 mejor_epoca=1
2026-09-27 05:22:26,081 INFO COMBINED/dn fold 4: config 5 (lr=0.0001, dropout=0.4) epoca 2: train_loss=0.4380 val_loss=0.3858 val_BA=1.000 mejor_epoca=2
2026-09-27 05:22:28,131 INFO COMBINED/dn fold 4: config 5 (lr=0.0001, dropout=0.4) epoca 3: train_loss=0.2759 val_loss=0.3257 val_BA=1.000 mejor_epoca=3
2026-09-27 05:22:42,561 INFO COMBINED/dn fold 4: config 5 (lr=0.0001, dropout=0.4) epoca 10: train_loss=0.0197 val_loss=0.1436 val_BA=0.833 mejor_epoca=3
2026-09-27 05:23:03,258 INFO COMBINED/dn fold 4: config 5 (lr=0.0001, dropout=0.4) epoca 20: train_loss=0.0054 val_loss=0.1029 val_BA=0.833 mejor_epoca=3
2026-09-27 05:23:03,287 INFO COMBINED/dn fold 4 config 5: OK val_BA=1.000 mejor_epoca=3 (0.7 min)
2026-09-27 05:23:06,762 INFO COMBINED/dn fold 4: config 6 (lr=0.0001, dropout=0.5) epoca 1: train_loss=0.6131 val_loss=0.6316 val_BA=0.909 mejor_epoca=1
2026-09-27 05:23:36,354 INFO COMBINED/dn fold 4: config 6 (lr=0.0001, dropout=0.5) epoca 10: train_loss=0.0631 val_loss=0.1411 val_BA=0.722 mejor_epoca=1
2026-09-27 05:24:09,147 INFO COMBINED/dn fold 4: config 6 (lr=0.0001, dropout=0.5) epoca 20: train_loss=0.0919 val_loss=0.2250 val_BA=0.722 mejor_epoca=1
2026-09-27 05:24:09,172 INFO COMBINED/dn fold 4 config 6: OK val_BA=0.909 mejor_epoca=1 (1.1 min)
2026-09-27 05:24:11,463 INFO COMBINED/dn fold 4: config 7 (lr=0.0001, dropout=0.5) epoca 1: train_loss=0.6148 val_loss=0.4822 val_BA=0.944 mejor_epoca=1
2026-09-27 05:24:15,573 INFO COMBINED/dn fold 4: config 7 (lr=0.0001, dropout=0.5) epoca 3: train_loss=0.3627 val_loss=0.5112 val_BA=1.000 mejor_epoca=3
2026-09-27 05:24:30,027 INFO COMBINED/dn fold 4: config 7 (lr=0.0001, dropout=0.5) epoca 10: train_loss=0.0287 val_loss=0.2373 val_BA=0.833 mejor_epoca=3
2026-09-27 05:24:50,559 INFO COMBINED/dn fold 4: config 7 (lr=0.0001, dropout=0.5) epoca 20: train_loss=0.0085 val_loss=0.1405 val_BA=0.778 mejor_epoca=3
2026-09-27 05:24:50,583 INFO COMBINED/dn fold 4 config 7: OK val_BA=1.000 mejor_epoca=3 (0.7 min)
2026-09-27 05:24:52,856 INFO COMBINED/dn fold 4: config 8 (lr=0.0003, dropout=0.3) epoca 1: train_loss=0.5697 val_loss=0.4173 val_BA=0.944 mejor_epoca=1
2026-09-27 05:25:11,380 INFO COMBINED/dn fold 4: config 8 (lr=0.0003, dropout=0.3) epoca 10: train_loss=0.0370 val_loss=0.1612 val_BA=0.778 mejor_epoca=1
2026-09-27 05:25:31,848 INFO COMBINED/dn fold 4: config 8 (lr=0.0003, dropout=0.3) epoca 20: train_loss=0.0321 val_loss=0.1298 val_BA=0.722 mejor_epoca=1
2026-09-27 05:25:31,872 INFO COMBINED/dn fold 4 config 8: OK val_BA=0.944 mejor_epoca=1 (0.7 min)
2026-09-27 05:25:34,377 INFO COMBINED/dn fold 4: config 9 (lr=0.0003, dropout=0.4) epoca 1: train_loss=0.5663 val_loss=0.3677 val_BA=0.944 mejor_epoca=1
2026-09-27 05:25:36,700 INFO COMBINED/dn fold 4: config 9 (lr=0.0003, dropout=0.4) epoca 2: train_loss=0.4001 val_loss=0.1927 val_BA=0.944 mejor_epoca=2
2026-09-27 05:25:55,319 INFO COMBINED/dn fold 4: config 9 (lr=0.0003, dropout=0.4) epoca 10: train_loss=0.0821 val_loss=0.0915 val_BA=0.778 mejor_epoca=2
2026-09-27 05:26:18,785 INFO COMBINED/dn fold 4: config 9 (lr=0.0003, dropout=0.4) epoca 20: train_loss=0.0401 val_loss=0.1868 val_BA=0.778 mejor_epoca=2
2026-09-27 05:26:18,809 INFO COMBINED/dn fold 4 config 9: OK val_BA=0.944 mejor_epoca=2 (0.8 min)
2026-09-27 05:26:22,445 INFO COMBINED/dn fold 4: config 10 (lr=0.0003, dropout=0.4) epoca 1: train_loss=0.5918 val_loss=0.4269 val_BA=0.788 mejor_epoca=1
2026-09-27 05:26:25,771 INFO COMBINED/dn fold 4: config 10 (lr=0.0003, dropout=0.4) epoca 2: train_loss=0.5052 val_loss=0.4166 val_BA=0.833 mejor_epoca=2
2026-09-27 05:26:32,363 INFO COMBINED/dn fold 4: config 10 (lr=0.0003, dropout=0.4) epoca 4: train_loss=0.3198 val_loss=0.1991 val_BA=0.833 mejor_epoca=4
2026-09-27 05:26:38,946 INFO COMBINED/dn fold 4: config 10 (lr=0.0003, dropout=0.4) epoca 6: train_loss=0.2244 val_loss=0.1598 val_BA=0.833 mejor_epoca=6
2026-09-27 05:26:51,859 INFO COMBINED/dn fold 4: config 10 (lr=0.0003, dropout=0.4) epoca 10: train_loss=0.1514 val_loss=0.1296 val_BA=0.722 mejor_epoca=6
2026-09-27 05:27:18,112 INFO COMBINED/dn fold 4: config 10 (lr=0.0003, dropout=0.4) epoca 18: train_loss=0.0808 val_loss=0.2485 val_BA=0.889 mejor_epoca=18
2026-09-27 05:27:24,753 INFO COMBINED/dn fold 4: config 10 (lr=0.0003, dropout=0.4) epoca 20: train_loss=0.0594 val_loss=0.1580 val_BA=0.778 mejor_epoca=18
2026-09-27 05:27:56,611 INFO COMBINED/dn fold 4: config 10 (lr=0.0003, dropout=0.4) epoca 30: train_loss=0.0811 val_loss=0.2206 val_BA=0.788 mejor_epoca=18
2026-09-27 05:27:59,761 INFO COMBINED/dn fold 4: config 10 (lr=0.0003, dropout=0.4) epoca 31: train_loss=0.1205 val_loss=0.2025 val_BA=0.889 mejor_epoca=31
2026-09-27 05:28:28,903 INFO COMBINED/dn fold 4: config 10 (lr=0.0003, dropout=0.4) epoca 40: train_loss=0.0280 val_loss=0.2541 val_BA=0.722 mejor_epoca=31
2026-09-27 05:28:48,120 INFO COMBINED/dn fold 4 config 10: OK val_BA=0.889 mejor_epoca=31 (2.5 min)
2026-09-27 05:28:50,358 INFO COMBINED/dn fold 4: config 11 (lr=0.0003, dropout=0.5) epoca 1: train_loss=0.5742 val_loss=0.3440 val_BA=0.833 mejor_epoca=1
2026-09-27 05:28:54,403 INFO COMBINED/dn fold 4: config 11 (lr=0.0003, dropout=0.5) epoca 3: train_loss=0.2305 val_loss=0.6197 val_BA=1.000 mejor_epoca=3
2026-09-27 05:29:08,731 INFO COMBINED/dn fold 4: config 11 (lr=0.0003, dropout=0.5) epoca 10: train_loss=0.0443 val_loss=0.1426 val_BA=0.722 mejor_epoca=3
2026-09-27 05:29:29,162 INFO COMBINED/dn fold 4: config 11 (lr=0.0003, dropout=0.5) epoca 20: train_loss=0.0581 val_loss=0.1262 val_BA=0.722 mejor_epoca=3
2026-09-27 05:29:29,187 INFO COMBINED/dn fold 4 config 11: OK val_BA=1.000 mejor_epoca=3 (0.7 min)
2026-09-27 05:29:31,788 INFO COMBINED/dn fold 4: config 12 (lr=0.0003, dropout=0.5) epoca 1: train_loss=0.5271 val_loss=0.1854 val_BA=0.611 mejor_epoca=1
2026-09-27 05:29:34,136 INFO COMBINED/dn fold 4: config 12 (lr=0.0003, dropout=0.5) epoca 2: train_loss=0.3422 val_loss=0.3912 val_BA=0.833 mejor_epoca=2
2026-09-27 05:29:38,839 INFO COMBINED/dn fold 4: config 12 (lr=0.0003, dropout=0.5) epoca 4: train_loss=0.2656 val_loss=0.3552 val_BA=0.833 mejor_epoca=4
2026-09-27 05:29:41,197 INFO COMBINED/dn fold 4: config 12 (lr=0.0003, dropout=0.5) epoca 5: train_loss=0.1823 val_loss=0.2375 val_BA=0.833 mejor_epoca=5
2026-09-27 05:29:45,947 INFO COMBINED/dn fold 4: config 12 (lr=0.0003, dropout=0.5) epoca 7: train_loss=0.1682 val_loss=0.1310 val_BA=0.833 mejor_epoca=7
2026-09-27 05:29:48,395 INFO COMBINED/dn fold 4: config 12 (lr=0.0003, dropout=0.5) epoca 8: train_loss=0.1205 val_loss=0.1034 val_BA=0.889 mejor_epoca=8
2026-09-27 05:29:53,094 INFO COMBINED/dn fold 4: config 12 (lr=0.0003, dropout=0.5) epoca 10: train_loss=0.0760 val_loss=0.1426 val_BA=0.722 mejor_epoca=8
2026-09-27 05:30:16,738 INFO COMBINED/dn fold 4: config 12 (lr=0.0003, dropout=0.5) epoca 20: train_loss=0.0351 val_loss=0.1787 val_BA=0.778 mejor_epoca=8
2026-09-27 05:30:23,732 INFO COMBINED/dn fold 4 config 12: OK val_BA=0.889 mejor_epoca=8 (0.9 min)
2026-09-27 05:30:27,273 INFO COMBINED/dn fold 4: config 13 (lr=0.001, dropout=0.2) epoca 1: train_loss=0.7324 val_loss=0.6838 val_BA=0.707 mejor_epoca=1
2026-09-27 05:30:30,478 INFO COMBINED/dn fold 4: config 13 (lr=0.001, dropout=0.2) epoca 2: train_loss=0.6675 val_loss=0.2991 val_BA=0.722 mejor_epoca=2
2026-09-27 05:30:40,401 INFO COMBINED/dn fold 4: config 13 (lr=0.001, dropout=0.2) epoca 5: train_loss=0.4580 val_loss=0.2294 val_BA=0.889 mejor_epoca=5
2026-09-27 05:30:56,573 INFO COMBINED/dn fold 4: config 13 (lr=0.001, dropout=0.2) epoca 10: train_loss=0.2986 val_loss=0.3577 val_BA=0.833 mejor_epoca=5
2026-09-27 05:31:29,162 INFO COMBINED/dn fold 4: config 13 (lr=0.001, dropout=0.2) epoca 20: train_loss=0.1067 val_loss=0.2110 val_BA=0.833 mejor_epoca=5
2026-09-27 05:31:29,187 INFO COMBINED/dn fold 4 config 13: OK val_BA=0.889 mejor_epoca=5 (1.1 min)
2026-09-27 05:31:31,458 INFO COMBINED/dn fold 4: config 14 (lr=0.001, dropout=0.3) epoca 1: train_loss=0.5651 val_loss=0.1319 val_BA=0.556 mejor_epoca=1
2026-09-27 05:31:33,518 INFO COMBINED/dn fold 4: config 14 (lr=0.001, dropout=0.3) epoca 2: train_loss=0.3615 val_loss=0.1528 val_BA=0.722 mejor_epoca=2
2026-09-27 05:31:35,557 INFO COMBINED/dn fold 4: config 14 (lr=0.001, dropout=0.3) epoca 3: train_loss=0.3101 val_loss=0.3014 val_BA=0.778 mejor_epoca=3
2026-09-27 05:31:39,635 INFO COMBINED/dn fold 4: config 14 (lr=0.001, dropout=0.3) epoca 5: train_loss=0.2137 val_loss=0.1565 val_BA=0.778 mejor_epoca=5
2026-09-27 05:31:41,684 INFO COMBINED/dn fold 4: config 14 (lr=0.001, dropout=0.3) epoca 6: train_loss=0.1622 val_loss=0.1874 val_BA=0.833 mejor_epoca=6
2026-09-27 05:31:49,827 INFO COMBINED/dn fold 4: config 14 (lr=0.001, dropout=0.3) epoca 10: train_loss=0.1197 val_loss=0.2753 val_BA=0.788 mejor_epoca=6
2026-09-27 05:31:55,966 INFO COMBINED/dn fold 4: config 14 (lr=0.001, dropout=0.3) epoca 13: train_loss=0.0990 val_loss=0.1341 val_BA=0.833 mejor_epoca=13
2026-09-27 05:31:58,018 INFO COMBINED/dn fold 4: config 14 (lr=0.001, dropout=0.3) epoca 14: train_loss=0.0426 val_loss=0.1271 val_BA=0.833 mejor_epoca=14
2026-09-27 05:32:10,375 INFO COMBINED/dn fold 4: config 14 (lr=0.001, dropout=0.3) epoca 20: train_loss=0.0295 val_loss=0.1413 val_BA=0.833 mejor_epoca=14
2026-09-27 05:32:28,966 INFO COMBINED/dn fold 4 config 14: OK val_BA=0.833 mejor_epoca=14 (1.0 min)
2026-09-27 05:32:31,535 INFO COMBINED/dn fold 4: config 15 (lr=0.001, dropout=0.3) epoca 1: train_loss=0.6661 val_loss=0.8702 val_BA=0.626 mejor_epoca=1
2026-09-27 05:32:33,936 INFO COMBINED/dn fold 4: config 15 (lr=0.001, dropout=0.3) epoca 2: train_loss=0.4638 val_loss=0.1766 val_BA=0.889 mejor_epoca=2
2026-09-27 05:32:52,925 INFO COMBINED/dn fold 4: config 15 (lr=0.001, dropout=0.3) epoca 10: train_loss=0.2568 val_loss=0.2573 val_BA=0.889 mejor_epoca=2
2026-09-27 05:33:14,181 INFO COMBINED/dn fold 4: config 15 (lr=0.001, dropout=0.3) epoca 19: train_loss=0.1454 val_loss=0.1199 val_BA=0.889 mejor_epoca=19
2026-09-27 05:33:16,492 INFO COMBINED/dn fold 4: config 15 (lr=0.001, dropout=0.3) epoca 20: train_loss=0.1036 val_loss=0.1111 val_BA=0.722 mejor_epoca=19
2026-09-27 05:33:39,591 INFO COMBINED/dn fold 4: config 15 (lr=0.001, dropout=0.3) epoca 30: train_loss=0.0330 val_loss=0.1286 val_BA=0.778 mejor_epoca=19
2026-09-27 05:33:48,732 INFO COMBINED/dn fold 4 config 15: OK val_BA=0.889 mejor_epoca=19 (1.3 min)
2026-09-27 05:33:52,198 INFO COMBINED/dn fold 4: config 16 (lr=0.001, dropout=0.4) epoca 1: train_loss=0.7190 val_loss=0.2500 val_BA=0.500 mejor_epoca=1
2026-09-27 05:33:55,387 INFO COMBINED/dn fold 4: config 16 (lr=0.001, dropout=0.4) epoca 2: train_loss=0.5328 val_loss=0.4375 val_BA=0.843 mejor_epoca=2
2026-09-27 05:34:08,694 INFO COMBINED/dn fold 4: config 16 (lr=0.001, dropout=0.4) epoca 6: train_loss=0.4412 val_loss=0.4675 val_BA=0.899 mejor_epoca=6
2026-09-27 05:34:21,713 INFO COMBINED/dn fold 4: config 16 (lr=0.001, dropout=0.4) epoca 10: train_loss=0.3559 val_loss=0.2401 val_BA=0.778 mejor_epoca=6
2026-09-27 05:34:54,179 INFO COMBINED/dn fold 4: config 16 (lr=0.001, dropout=0.4) epoca 20: train_loss=0.1738 val_loss=0.1553 val_BA=0.833 mejor_epoca=6
2026-09-27 05:34:57,341 INFO COMBINED/dn fold 4 config 16: OK val_BA=0.899 mejor_epoca=6 (1.1 min)
2026-09-27 05:34:59,836 INFO COMBINED/dn fold 4: config 17 (lr=0.001, dropout=0.5) epoca 1: train_loss=0.7278 val_loss=0.6428 val_BA=0.944 mejor_epoca=1
2026-09-27 05:35:20,916 INFO COMBINED/dn fold 4: config 17 (lr=0.001, dropout=0.5) epoca 10: train_loss=0.2529 val_loss=0.1887 val_BA=0.778 mejor_epoca=1
2026-09-27 05:35:44,393 INFO COMBINED/dn fold 4: config 17 (lr=0.001, dropout=0.5) epoca 20: train_loss=0.0889 val_loss=0.2664 val_BA=0.788 mejor_epoca=1
2026-09-27 05:35:44,417 INFO COMBINED/dn fold 4 config 17: OK val_BA=0.944 mejor_epoca=1 (0.8 min)
2026-09-27 05:35:46,821 INFO COMBINED/dn fold 4: config 18 (lr=0.001, dropout=0.5) epoca 1: train_loss=0.6940 val_loss=0.2029 val_BA=0.556 mejor_epoca=1
2026-09-27 05:35:48,872 INFO COMBINED/dn fold 4: config 18 (lr=0.001, dropout=0.5) epoca 2: train_loss=0.4292 val_loss=0.3310 val_BA=0.788 mejor_epoca=2
2026-09-27 05:35:55,009 INFO COMBINED/dn fold 4: config 18 (lr=0.001, dropout=0.5) epoca 5: train_loss=0.2892 val_loss=0.3296 val_BA=0.788 mejor_epoca=5
2026-09-27 05:36:05,243 INFO COMBINED/dn fold 4: config 18 (lr=0.001, dropout=0.5) epoca 10: train_loss=0.1676 val_loss=0.1728 val_BA=0.833 mejor_epoca=10
2026-09-27 05:36:07,303 INFO COMBINED/dn fold 4: config 18 (lr=0.001, dropout=0.5) epoca 11: train_loss=0.1481 val_loss=0.3820 val_BA=0.944 mejor_epoca=11
2026-09-27 05:36:25,651 INFO COMBINED/dn fold 4: config 18 (lr=0.001, dropout=0.5) epoca 20: train_loss=0.0550 val_loss=0.1859 val_BA=0.778 mejor_epoca=11
2026-09-27 05:36:37,963 INFO COMBINED/dn fold 4 config 18: OK val_BA=0.944 mejor_epoca=11 (0.9 min)
2026-09-27 05:36:40,212 INFO COMBINED/dn fold 4: config 19 (lr=0.001, dropout=0.5) epoca 1: train_loss=0.6673 val_loss=0.4354 val_BA=0.944 mejor_epoca=1
2026-09-27 05:36:58,645 INFO COMBINED/dn fold 4: config 19 (lr=0.001, dropout=0.5) epoca 10: train_loss=0.1460 val_loss=0.5877 val_BA=0.889 mejor_epoca=1
2026-09-27 05:37:18,719 INFO COMBINED/dn fold 4: config 19 (lr=0.001, dropout=0.5) epoca 20: train_loss=0.0536 val_loss=0.1827 val_BA=0.944 mejor_epoca=20
2026-09-27 05:37:38,716 INFO COMBINED/dn fold 4: config 19 (lr=0.001, dropout=0.5) epoca 30: train_loss=0.0337 val_loss=0.1405 val_BA=0.722 mejor_epoca=20
2026-09-27 05:37:48,792 INFO COMBINED/dn fold 4 config 19: OK val_BA=0.944 mejor_epoca=20 (1.2 min)
2026-09-27 05:37:49,961 INFO COMBINED/dn: configuracion global 5 (decidida por balanced_accuracy_mean), BA folds=0.955±0.063 agrupada=0.955 [COMPLETED]
2026-09-27 05:37:49,970 INFO preparando COMBINED/no_dn_aug (rama no_dn, augment=True, protocolo holdout_cv_v3)
2026-09-27 05:37:50,520 INFO COMBINED/no_dn_aug fold 0: log-mel no_dn listo en 0.5 s, forma (4902, 1, 64, 309)
2026-09-27 05:37:50,535 INFO COMBINED/no_dn_aug fold 0: 84/22 pacientes train/validation, 1 de 1 configuracion(es) por evaluar
2026-09-27 05:37:53,046 INFO COMBINED/no_dn_aug fold 0: config 7 (lr=0.0001, dropout=0.5) epoca 1: train_loss=0.5757 val_loss=0.4362 val_BA=0.833 mejor_epoca=1
2026-09-27 05:37:55,262 INFO COMBINED/no_dn_aug fold 0: config 7 (lr=0.0001, dropout=0.5) epoca 2: train_loss=0.4104 val_loss=0.4206 val_BA=0.958 mejor_epoca=2
2026-09-27 05:38:12,842 INFO COMBINED/no_dn_aug fold 0: config 7 (lr=0.0001, dropout=0.5) epoca 10: train_loss=0.0672 val_loss=0.1520 val_BA=0.850 mejor_epoca=2
2026-09-27 05:38:34,911 INFO COMBINED/no_dn_aug fold 0: config 7 (lr=0.0001, dropout=0.5) epoca 20: train_loss=0.0161 val_loss=0.1473 val_BA=0.858 mejor_epoca=2
2026-09-27 05:38:34,936 INFO COMBINED/no_dn_aug fold 0 config 7: OK val_BA=0.958 mejor_epoca=2 (0.7 min)
2026-09-27 05:38:35,492 INFO COMBINED/no_dn_aug fold 1: log-mel no_dn listo en 0.5 s, forma (4902, 1, 64, 309)
2026-09-27 05:38:35,507 INFO COMBINED/no_dn_aug fold 1: 84/22 pacientes train/validation, 1 de 1 configuracion(es) por evaluar
2026-09-27 05:38:37,978 INFO COMBINED/no_dn_aug fold 1: config 7 (lr=0.0001, dropout=0.5) epoca 1: train_loss=0.5341 val_loss=0.5144 val_BA=0.774 mejor_epoca=1
2026-09-27 05:38:42,380 INFO COMBINED/no_dn_aug fold 1: config 7 (lr=0.0001, dropout=0.5) epoca 3: train_loss=0.2414 val_loss=0.5201 val_BA=0.868 mejor_epoca=3
2026-09-27 05:38:53,357 INFO COMBINED/no_dn_aug fold 1: config 7 (lr=0.0001, dropout=0.5) epoca 8: train_loss=0.0560 val_loss=0.3186 val_BA=0.868 mejor_epoca=8
2026-09-27 05:38:57,729 INFO COMBINED/no_dn_aug fold 1: config 7 (lr=0.0001, dropout=0.5) epoca 10: train_loss=0.0323 val_loss=0.2937 val_BA=0.812 mejor_epoca=8
2026-09-27 05:39:19,706 INFO COMBINED/no_dn_aug fold 1: config 7 (lr=0.0001, dropout=0.5) epoca 20: train_loss=0.0319 val_loss=0.3910 val_BA=0.812 mejor_epoca=8
2026-09-27 05:39:26,291 INFO COMBINED/no_dn_aug fold 1 config 7: OK val_BA=0.868 mejor_epoca=8 (0.8 min)
2026-09-27 05:39:26,844 INFO COMBINED/no_dn_aug fold 2: log-mel no_dn listo en 0.5 s, forma (4902, 1, 64, 309)
2026-09-27 05:39:26,859 INFO COMBINED/no_dn_aug fold 2: 85/21 pacientes train/validation, 1 de 1 configuracion(es) por evaluar
2026-09-27 05:39:29,228 INFO COMBINED/no_dn_aug fold 2: config 7 (lr=0.0001, dropout=0.5) epoca 1: train_loss=0.5759 val_loss=0.4560 val_BA=0.655 mejor_epoca=1
2026-09-27 05:39:31,347 INFO COMBINED/no_dn_aug fold 2: config 7 (lr=0.0001, dropout=0.5) epoca 2: train_loss=0.4208 val_loss=0.6701 val_BA=0.714 mejor_epoca=2
2026-09-27 05:39:44,058 INFO COMBINED/no_dn_aug fold 2: config 7 (lr=0.0001, dropout=0.5) epoca 8: train_loss=0.0923 val_loss=0.3269 val_BA=0.805 mejor_epoca=8
2026-09-27 05:39:48,302 INFO COMBINED/no_dn_aug fold 2: config 7 (lr=0.0001, dropout=0.5) epoca 10: train_loss=0.0519 val_loss=0.2017 val_BA=0.755 mejor_epoca=8
2026-09-27 05:39:50,428 INFO COMBINED/no_dn_aug fold 2: config 7 (lr=0.0001, dropout=0.5) epoca 11: train_loss=0.0526 val_loss=0.4207 val_BA=0.955 mejor_epoca=11
2026-09-27 05:39:58,892 INFO COMBINED/no_dn_aug fold 2: config 7 (lr=0.0001, dropout=0.5) epoca 15: train_loss=0.0212 val_loss=0.4151 val_BA=0.955 mejor_epoca=15
2026-09-27 05:40:09,374 INFO COMBINED/no_dn_aug fold 2: config 7 (lr=0.0001, dropout=0.5) epoca 20: train_loss=0.0125 val_loss=0.1745 val_BA=0.850 mejor_epoca=15
2026-09-27 05:40:30,431 INFO COMBINED/no_dn_aug fold 2: config 7 (lr=0.0001, dropout=0.5) epoca 30: train_loss=0.0161 val_loss=0.2217 val_BA=0.750 mejor_epoca=15
2026-09-27 05:40:30,456 INFO COMBINED/no_dn_aug fold 2 config 7: OK val_BA=0.955 mejor_epoca=15 (1.1 min)
2026-09-27 05:40:31,006 INFO COMBINED/no_dn_aug fold 3: log-mel no_dn listo en 0.5 s, forma (4902, 1, 64, 309)
2026-09-27 05:40:31,021 INFO COMBINED/no_dn_aug fold 3: 85/21 pacientes train/validation, 1 de 1 configuracion(es) por evaluar
2026-09-27 05:40:33,618 INFO COMBINED/no_dn_aug fold 3: config 7 (lr=0.0001, dropout=0.5) epoca 1: train_loss=0.5740 val_loss=0.4661 val_BA=0.714 mejor_epoca=1
2026-09-27 05:40:35,959 INFO COMBINED/no_dn_aug fold 3: config 7 (lr=0.0001, dropout=0.5) epoca 2: train_loss=0.4152 val_loss=0.3097 val_BA=0.859 mejor_epoca=2
2026-09-27 05:40:38,299 INFO COMBINED/no_dn_aug fold 3: config 7 (lr=0.0001, dropout=0.5) epoca 3: train_loss=0.3331 val_loss=0.2526 val_BA=0.859 mejor_epoca=3
2026-09-27 05:40:40,644 INFO COMBINED/no_dn_aug fold 3: config 7 (lr=0.0001, dropout=0.5) epoca 4: train_loss=0.2404 val_loss=0.2991 val_BA=0.955 mejor_epoca=4
2026-09-27 05:40:52,318 INFO COMBINED/no_dn_aug fold 3: config 7 (lr=0.0001, dropout=0.5) epoca 9: train_loss=0.0941 val_loss=0.1621 val_BA=0.955 mejor_epoca=9
2026-09-27 05:40:54,642 INFO COMBINED/no_dn_aug fold 3: config 7 (lr=0.0001, dropout=0.5) epoca 10: train_loss=0.0697 val_loss=0.1439 val_BA=0.850 mejor_epoca=9
2026-09-27 05:40:56,970 INFO COMBINED/no_dn_aug fold 3: config 7 (lr=0.0001, dropout=0.5) epoca 11: train_loss=0.0464 val_loss=0.0979 val_BA=1.000 mejor_epoca=11
2026-09-27 05:41:08,602 INFO COMBINED/no_dn_aug fold 3: config 7 (lr=0.0001, dropout=0.5) epoca 16: train_loss=0.0282 val_loss=0.0875 val_BA=1.000 mejor_epoca=16
2026-09-27 05:41:17,925 INFO COMBINED/no_dn_aug fold 3: config 7 (lr=0.0001, dropout=0.5) epoca 20: train_loss=0.0279 val_loss=0.1848 val_BA=0.900 mejor_epoca=16
2026-09-27 05:41:41,260 INFO COMBINED/no_dn_aug fold 3: config 7 (lr=0.0001, dropout=0.5) epoca 30: train_loss=0.0450 val_loss=0.1698 val_BA=0.955 mejor_epoca=16
2026-09-27 05:41:43,628 INFO COMBINED/no_dn_aug fold 3 config 7: OK val_BA=1.000 mejor_epoca=16 (1.2 min)
2026-09-27 05:41:44,166 INFO COMBINED/no_dn_aug fold 4: log-mel no_dn listo en 0.5 s, forma (4902, 1, 64, 309)
2026-09-27 05:41:44,182 INFO COMBINED/no_dn_aug fold 4: 86/20 pacientes train/validation, 1 de 1 configuracion(es) por evaluar
2026-09-27 05:41:46,516 INFO COMBINED/no_dn_aug fold 4: config 7 (lr=0.0001, dropout=0.5) epoca 1: train_loss=0.6118 val_loss=0.4198 val_BA=0.899 mejor_epoca=1
2026-09-27 05:41:52,848 INFO COMBINED/no_dn_aug fold 4: config 7 (lr=0.0001, dropout=0.5) epoca 4: train_loss=0.2613 val_loss=0.3357 val_BA=0.944 mejor_epoca=4
2026-09-27 05:42:05,325 INFO COMBINED/no_dn_aug fold 4: config 7 (lr=0.0001, dropout=0.5) epoca 10: train_loss=0.0539 val_loss=0.1592 val_BA=0.833 mejor_epoca=4
2026-09-27 05:42:26,519 INFO COMBINED/no_dn_aug fold 4: config 7 (lr=0.0001, dropout=0.5) epoca 20: train_loss=0.0323 val_loss=0.1675 val_BA=0.611 mejor_epoca=4
2026-09-27 05:42:26,544 INFO COMBINED/no_dn_aug fold 4 config 7: OK val_BA=0.944 mejor_epoca=4 (0.7 min)
2026-09-27 05:42:27,690 INFO COMBINED/no_dn_aug: configuracion global 7 (decidida por reused_from:no_dn), BA folds=0.945±0.048 agrupada=0.945 [COMPLETED]
2026-09-27 05:42:27,701 INFO ejecucion 20260927T065735Z_d671d4 finalizada con estado COMPLETED
