segment_id,audio_id,patient_uid,target_label,source_dataset,device,score,fold
ICBHI_110_1b1_PR_000,ICBHI_110_1b1_PR,ICBHI_110,1,ICBHI,Meditron,0.9559813501370537,0
ICBHI_110_1b1_PR_001,ICBHI_110_1b1_PR,ICBHI_110,1,ICBHI,Meditron,0.9655114724420828,0
ICBHI_110_1b1_PR_002,ICBHI_110_1b1_PR,ICBHI_110,1,ICBHI,Meditron,0.9672250161000436,0
ICBHI_110_1b1_PR_003,ICBHI_110_1b1_PR,ICBHI_110,1,ICBHI,Meditron,0.9386884633979417,0
ICBHI_110_1b1_PR_004,ICBHI_110_1b1_PR,ICBHI_110,1,ICBHI,Meditron,0.9231777955470524,0
ICBHI_110_1b1_PR_005,ICBHI_110_1b1_PR,ICBHI_110,1,ICBHI,Meditron,0.9553191297273498,0
ICBHI_110_1b1_PR_006,ICBHI_110_1b1_PR,ICBHI_110,1,ICBHI,Meditron,0.973794586550466,0
ICBHI_110_1b1_PR_007,ICBHI_110_1b1_PR,ICBHI_110,1,ICBHI,Meditron,0.964921323357116,0
ICBHI_110_1b1_PR_008,ICBHI_110_1b1_PR,ICBHI_110,1,ICBHI,Meditron,0.9643885866370536,0
ICBHI_110_1b1_PR_009,ICBHI_110_1b1_PR,ICBHI_110,1,ICBHI,Meditron,0.9612438064128052,0
ICBHI_110_1b1_PR_010,ICBHI_110_1b1_PR,ICBHI_110,1,ICBHI,Meditron,0.9516839297321508,0
ICBHI_110_1b1_PR_011,ICBHI_110_1b1_PR,ICBHI_110,1,ICBHI,Meditron,0.9526622845323623,0
ICBHI_110_1b1_PR_012,ICBHI_110_1b1_PR,ICBHI_110,1,ICBHI,Meditron,0.9537942509646804,0
ICBHI_110_1b1_PR_013,ICBHI_110_1b1_PR,ICBHI_110,1,ICBHI,Meditron,0.940898453289248,0
ICBHI_110_1b1_PR_014,ICBHI_110_1b1_PR,ICBHI_110,1,ICBHI,Meditron,0.9515940425962788,0
ICBHI_110_1b1_PR_015,ICBHI_110_1b1_PR,ICBHI_110,1,ICBHI,Meditron,0.9515940425962788,0
ICBHI_110_1b1_PR_016,ICBHI_110_1b1_PR,ICBHI_110,1,ICBHI,Meditron,0.9192084564299288,0
ICBHI_110_1b1_PR_017,ICBHI_110_1b1_PR,ICBHI_110,1,ICBHI,Meditron,0.922621893697362,0
ICBHI_110_1b1_PR_018,ICBHI_110_1b1_PR,ICBHI_110,1,ICBHI,Meditron,0.949482330277519,0
ICBHI_110_1b1_PR_019,ICBHI_110_1b1_PR,ICBHI_110,1,ICBHI,Meditron,0.9362850057480346,0
ICBHI_110_1b1_PR_020,ICBHI_110_1b1_PR,ICBHI_110,1,ICBHI,Meditron,0.9276259821794456,0
ICBHI_110_1b1_PR_021,ICBHI_110_1b1_PR,ICBHI_110,1,ICBHI,Meditron,0.970576420036356,0
ICBHI_110_1b1_PR_022,ICBHI_110_1b1_PR,ICBHI_110,1,ICBHI,Meditron,0.9724670607386878,0
ICBHI_110_1b1_PR_023,ICBHI_110_1b1_PR,ICBHI_110,1,ICBHI,Meditron,0.9646559219424472,0
ICBHI_110_1b1_PR_024,ICBHI_110_1b1_PR,ICBHI_110,1,ICBHI,Meditron,0.9671630439727548,0
ICBHI_110_1b1_PR_025,ICBHI_110_1b1_PR,ICBHI_110,1,ICBHI,Meditron,0.9676556676188428,0
ICBHI_110_1b1_PR_026,ICBHI_110_1b1_PR,ICBHI_110,1,ICBHI,Meditron,0.9644556024735852,0
ICBHI_110_1p1_AL_000,ICBHI_110_1p1_AL,ICBHI_110,1,ICBHI,Meditron,0.8610715739709943,0
ICBHI_110_1p1_AL_001,ICBHI_110_1p1_AL,ICBHI_110,1,ICBHI,Meditron,0.9087799382901208,0
ICBHI_110_1p1_AL_002,ICBHI_110_1p1_AL,ICBHI_110,1,ICBHI,Meditron,0.9492005402963102,0
ICBHI_110_1p1_AL_003,ICBHI_110_1p1_AL,ICBHI_110,1,ICBHI,Meditron,0.920932012086084,0
ICBHI_110_1p1_AL_004,ICBHI_110_1p1_AL,ICBHI_110,1,ICBHI,Meditron,0.9315870896477918,0
ICBHI_110_1p1_AL_005,ICBHI_110_1p1_AL,ICBHI_110,1,ICBHI,Meditron,0.8231863045672491,0
ICBHI_110_1p1_AL_006,ICBHI_110_1p1_AL,ICBHI_110,1,ICBHI,Meditron,0.7579735664426586,0
ICBHI_110_1p1_AL_007,ICBHI_110_1p1_AL,ICBHI_110,1,ICBHI,Meditron,0.8596637505099167,0
ICBHI_110_1p1_AL_008,ICBHI_110_1p1_AL,ICBHI_110,1,ICBHI,Meditron,0.8766343756272444,0
ICBHI_110_1p1_AL_009,ICBHI_110_1p1_AL,ICBHI_110,1,ICBHI,Meditron,0.893495410982761,0
ICBHI_110_1p1_AL_010,ICBHI_110_1p1_AL,ICBHI_110,1,ICBHI,Meditron,0.8221891305219503,0
ICBHI_110_1p1_LL_000,ICBHI_110_1p1_LL,ICBHI_110,1,ICBHI,Meditron,0.9114953379300658,0
ICBHI_110_1p1_LL_001,ICBHI_110_1p1_LL,ICBHI_110,1,ICBHI,Meditron,0.872456082633875,0
ICBHI_110_1p1_LL_002,ICBHI_110_1p1_LL,ICBHI_110,1,ICBHI,Meditron,0.8646536750380953,0
ICBHI_110_1p1_LL_003,ICBHI_110_1p1_LL,ICBHI_110,1,ICBHI,Meditron,0.944587205618231,0
ICBHI_110_1p1_LL_004,ICBHI_110_1p1_LL,ICBHI_110,1,ICBHI,Meditron,0.9171543753982088,0
ICBHI_110_1p1_LL_005,ICBHI_110_1p1_LL,ICBHI_110,1,ICBHI,Meditron,0.8844391260585168,0
ICBHI_110_1p1_LL_006,ICBHI_110_1p1_LL,ICBHI_110,1,ICBHI,Meditron,0.9286679988850832,0
ICBHI_110_1p1_LL_007,ICBHI_110_1p1_LL,ICBHI_110,1,ICBHI,Meditron,0.9347534342381864,0
ICBHI_110_1p1_LL_008,ICBHI_110_1p1_LL,ICBHI_110,1,ICBHI,Meditron,0.8850366449469483,0
ICBHI_110_1p1_LL_009,ICBHI_110_1p1_LL,ICBHI_110,1,ICBHI,Meditron,0.8870089915514326,0
ICBHI_110_1p1_LL_010,ICBHI_110_1p1_LL,ICBHI_110,1,ICBHI,Meditron,0.943347574692026,0
ICBHI_110_1p1_LR_000,ICBHI_110_1p1_LR,ICBHI_110,1,ICBHI,Meditron,0.9677777030339422,0
ICBHI_110_1p1_LR_001,ICBHI_110_1p1_LR,ICBHI_110,1,ICBHI,Meditron,0.9031234594061358,0
ICBHI_110_1p1_LR_002,ICBHI_110_1p1_LR,ICBHI_110,1,ICBHI,Meditron,0.8632763869273821,0
ICBHI_110_1p1_LR_003,ICBHI_110_1p1_LR,ICBHI_110,1,ICBHI,Meditron,0.9322068610768112,0
ICBHI_110_1p1_LR_004,ICBHI_110_1p1_LR,ICBHI_110,1,ICBHI,Meditron,0.944994711706546,0
ICBHI_110_1p1_LR_005,ICBHI_110_1p1_LR,ICBHI_110,1,ICBHI,Meditron,0.9145963319978376,0
ICBHI_110_1p1_LR_006,ICBHI_110_1p1_LR,ICBHI_110,1,ICBHI,Meditron,0.9366336567966383,0
ICBHI_110_1p1_LR_007,ICBHI_110_1p1_LR,ICBHI_110,1,ICBHI,Meditron,0.9186263633876088,0
ICBHI_110_1p1_LR_008,ICBHI_110_1p1_LR,ICBHI_110,1,ICBHI,Meditron,0.9346342130197336,0
ICBHI_110_1p1_LR_009,ICBHI_110_1p1_LR,ICBHI_110,1,ICBHI,Meditron,0.9657706774216144,0
ICBHI_110_1p1_LR_010,ICBHI_110_1p1_LR,ICBHI_110,1,ICBHI,Meditron,0.977197364031994,0
ICBHI_110_1p1_PR_000,ICBHI_110_1p1_PR,ICBHI_110,1,ICBHI,Meditron,0.8597815235746459,0
ICBHI_110_1p1_PR_001,ICBHI_110_1p1_PR,ICBHI_110,1,ICBHI,Meditron,0.8856314738181876,0
ICBHI_110_1p1_PR_002,ICBHI_110_1p1_PR,ICBHI_110,1,ICBHI,Meditron,0.8810019911062638,0
ICBHI_110_1p1_PR_003,ICBHI_110_1p1_PR,ICBHI_110,1,ICBHI,Meditron,0.9094255214176163,0
ICBHI_110_1p1_PR_004,ICBHI_110_1p1_PR,ICBHI_110,1,ICBHI,Meditron,0.929696150018054,0
ICBHI_110_1p1_PR_005,ICBHI_110_1p1_PR,ICBHI_110,1,ICBHI,Meditron,0.940789749258714,0
ICBHI_110_1p1_PR_006,ICBHI_110_1p1_PR,ICBHI_110,1,ICBHI,Meditron,0.9305845275935024,0
ICBHI_110_1p1_PR_007,ICBHI_110_1p1_PR,ICBHI_110,1,ICBHI,Meditron,0.9196425311777928,0
ICBHI_110_1p1_PR_008,ICBHI_110_1p1_PR,ICBHI_110,1,ICBHI,Meditron,0.9322068610768112,0
ICBHI_110_1p1_PR_009,ICBHI_110_1p1_PR,ICBHI_110,1,ICBHI,Meditron,0.9405717789263596,0
ICBHI_110_1p1_PR_010,ICBHI_110_1p1_PR,ICBHI_110,1,ICBHI,Meditron,0.93183562573443,0
ICBHI_110_1p1_PR_011,ICBHI_110_1p1_PR,ICBHI_110,1,ICBHI,Meditron,0.9337939759583312,0
ICBHI_110_1p1_PR_012,ICBHI_110_1p1_PR,ICBHI_110,1,ICBHI,Meditron,0.9287972729281414,0
ICBHI_110_1p1_PR_013,ICBHI_110_1p1_PR,ICBHI_110,1,ICBHI,Meditron,0.9269676128492204,0
ICBHI_110_1p1_PR_014,ICBHI_110_1p1_PR,ICBHI_110,1,ICBHI,Meditron,0.9145963319978376,0
ICBHI_110_1p1_PR_015,ICBHI_110_1p1_PR,ICBHI_110,1,ICBHI,Meditron,0.9267027235112548,0
ICBHI_110_1p1_PR_016,ICBHI_110_1p1_PR,ICBHI_110,1,ICBHI,Meditron,0.9683812327313543,0
ICBHI_110_1p1_PR_017,ICBHI_110_1p1_PR,ICBHI_110,1,ICBHI,Meditron,0.6502452005719263,0
ICBHI_110_1p1_PR_018,ICBHI_110_1p1_PR,ICBHI_110,1,ICBHI,Meditron,0.4462533794337169,0
ICBHI_110_1p1_PR_019,ICBHI_110_1p1_PR,ICBHI_110,1,ICBHI,Meditron,0.4988412877798441,0
ICBHI_110_1p1_PR_020,ICBHI_110_1p1_PR,ICBHI_110,1,ICBHI,Meditron,0.7289413014988066,0
ICBHI_110_1p1_PR_021,ICBHI_110_1p1_PR,ICBHI_110,1,ICBHI,Meditron,0.3390612353550873,0
ICBHI_110_1p1_PR_022,ICBHI_110_1p1_PR,ICBHI_110,1,ICBHI,Meditron,0.290075059549068,0
ICBHI_110_1p1_PR_023,ICBHI_110_1p1_PR,ICBHI_110,1,ICBHI,Meditron,0.8938665640830568,0
ICBHI_110_1p1_PR_024,ICBHI_110_1p1_PR,ICBHI_110,1,ICBHI,Meditron,0.9460011610004748,0
ICBHI_110_1p1_PR_025,ICBHI_110_1p1_PR,ICBHI_110,1,ICBHI,Meditron,0.9382372910349688,0
ICBHI_110_1p1_PR_026,ICBHI_110_1p1_PR,ICBHI_110,1,ICBHI,Meditron,0.8247444122290134,0
ICBHI_110_1p1_PR_027,ICBHI_110_1p1_PR,ICBHI_110,1,ICBHI,Meditron,0.7103269854795666,0
ICBHI_110_1p1_PR_028,ICBHI_110_1p1_PR,ICBHI_110,1,ICBHI,Meditron,0.9246876936763764,0
ICBHI_117_1b2_TC_000,ICBHI_117_1b2_TC,ICBHI_117,1,ICBHI,LittC2SE,0.9488225055941706,0
ICBHI_117_1b2_TC_001,ICBHI_117_1b2_TC,ICBHI_117,1,ICBHI,LittC2SE,0.9551520965667056,0
ICBHI_117_1b2_TC_002,ICBHI_117_1b2_TC,ICBHI_117,1,ICBHI,LittC2SE,0.9701834588562,0
ICBHI_117_1b2_TC_003,ICBHI_117_1b2_TC,ICBHI_117,1,ICBHI,LittC2SE,0.977197364031994,0
ICBHI_117_1b2_TC_004,ICBHI_117_1b2_TC,ICBHI_117,1,ICBHI,LittC2SE,0.9434518650712324,0
ICBHI_117_1b2_TC_005,ICBHI_117_1b2_TC,ICBHI_117,1,ICBHI,LittC2SE,0.9553191297273498,0
ICBHI_117_1b2_TC_006,ICBHI_117_1b2_TC,ICBHI_117,1,ICBHI,LittC2SE,0.9571177628369032,0
ICBHI_117_1b3_TC_000,ICBHI_117_1b3_TC,ICBHI_117,1,ICBHI,LittC2SE,0.9540517926508258,0
ICBHI_117_1b3_TC_001,ICBHI_117_1b3_TC,ICBHI_117,1,ICBHI,LittC2SE,0.9558990874315896,0
ICBHI_117_1b3_TC_002,ICBHI_117_1b3_TC,ICBHI_117,1,ICBHI,LittC2SE,0.931711462472208,0
ICBHI_117_1b3_TC_003,ICBHI_117_1b3_TC,ICBHI_117,1,ICBHI,LittC2SE,0.9263037302939516,0
ICBHI_117_1b3_TC_004,ICBHI_117_1b3_TC,ICBHI_117,1,ICBHI,LittC2SE,0.9253649611035,0
ICBHI_117_1b3_TC_005,ICBHI_117_1b3_TC,ICBHI_117,1,ICBHI,LittC2SE,0.9281487332504804,0
ICBHI_117_1b3_TC_006,ICBHI_117_1b3_TC,ICBHI_117,1,ICBHI,LittC2SE,0.9549004305956024,0
ICBHI_133_2p2_AL_000,ICBHI_133_2p2_AL,ICBHI_133,1,ICBHI,AKGC417L,0.9394706097974612,0
ICBHI_133_2p2_AL_001,ICBHI_133_2p2_AL,ICBHI_133,1,ICBHI,AKGC417L,0.9277569977504976,0
ICBHI_133_2p2_AL_002,ICBHI_133_2p2_AL,ICBHI_133,1,ICBHI,AKGC417L,0.9531879687361164,0
ICBHI_133_2p2_AL_003,ICBHI_133_2p2_AL,ICBHI_133,1,ICBHI,AKGC417L,0.9044819293520492,0
ICBHI_133_2p2_AL_004,ICBHI_133_2p2_AL,ICBHI_133,1,ICBHI,AKGC417L,0.9187722440021828,0
ICBHI_133_2p2_AL_005,ICBHI_133_2p2_AL,ICBHI_133,1,ICBHI,AKGC417L,0.9145963319978376,0
ICBHI_133_2p2_AL_006,ICBHI_133_2p2_AL,ICBHI_133,1,ICBHI,AKGC417L,0.9029524430206696,0
ICBHI_133_2p2_AR_000,ICBHI_133_2p2_AR,ICBHI_133,1,ICBHI,AKGC417L,0.9366336567966383,0
ICBHI_133_2p2_AR_001,ICBHI_133_2p2_AR,ICBHI_133,1,ICBHI,AKGC417L,0.9162595947543866,0
ICBHI_133_2p2_AR_002,ICBHI_133_2p2_AR,ICBHI_133,1,ICBHI,AKGC417L,0.9450961463787158,0
ICBHI_133_2p2_AR_003,ICBHI_133_2p2_AR,ICBHI_133,1,ICBHI,AKGC417L,0.9193533851235516,0
ICBHI_133_2p2_AR_004,ICBHI_133_2p2_AR,ICBHI_133,1,ICBHI,AKGC417L,0.8929365379204537,0
ICBHI_133_2p2_AR_005,ICBHI_133_2p2_AR,ICBHI_133,1,ICBHI,AKGC417L,0.9187722440021828,0
ICBHI_133_2p2_AR_006,ICBHI_133_2p2_AR,ICBHI_133,1,ICBHI,AKGC417L,0.9402434135995512,0
ICBHI_133_2p2_PL_000,ICBHI_133_2p2_PL,ICBHI_133,1,ICBHI,AKGC417L,0.9835338249524974,0
ICBHI_133_2p2_PL_001,ICBHI_133_2p2_PL,ICBHI_133,1,ICBHI,AKGC417L,0.9802052211384412,0
ICBHI_133_2p2_PL_002,ICBHI_133_2p2_PL,ICBHI_133,1,ICBHI,AKGC417L,0.9760379759604948,0
ICBHI_133_2p2_PL_003,ICBHI_133_2p2_PL,ICBHI_133,1,ICBHI,AKGC417L,0.9763105287006256,0
ICBHI_133_2p2_PL_004,ICBHI_133_2p2_PL,ICBHI_133,1,ICBHI,AKGC417L,0.9819446650265006,0
ICBHI_133_2p2_PL_005,ICBHI_133_2p2_PL,ICBHI_133,1,ICBHI,AKGC417L,0.9861513897844354,0
ICBHI_133_2p2_PL_006,ICBHI_133_2p2_PL,ICBHI_133,1,ICBHI,AKGC417L,0.98636316471857,0
ICBHI_133_2p2_TC_000,ICBHI_133_2p2_TC,ICBHI_133,1,ICBHI,AKGC417L,0.8370879625470882,0
ICBHI_133_2p2_TC_001,ICBHI_133_2p2_TC,ICBHI_133,1,ICBHI,AKGC417L,0.8424747345956373,0
ICBHI_133_2p2_TC_002,ICBHI_133_2p2_TC,ICBHI_133,1,ICBHI,AKGC417L,0.8856314738181876,0
ICBHI_133_2p2_TC_003,ICBHI_133_2p2_TC,ICBHI_133,1,ICBHI,AKGC417L,0.8356177224241854,0
ICBHI_133_2p2_TC_004,ICBHI_133_2p2_TC,ICBHI_133,1,ICBHI,AKGC417L,0.8953397977385916,0
ICBHI_133_2p2_TC_005,ICBHI_133_2p2_TC,ICBHI_133,1,ICBHI,AKGC417L,0.8925625233915799,0
ICBHI_133_2p2_TC_006,ICBHI_133_2p2_TC,ICBHI_133,1,ICBHI,AKGC417L,0.8806945070445152,0
ICBHI_133_2p3_AL_000,ICBHI_133_2p3_AL,ICBHI_133,1,ICBHI,AKGC417L,0.96557645058735,0
ICBHI_133_2p3_AL_001,ICBHI_133_2p3_AL,ICBHI_133,1,ICBHI,AKGC417L,0.949482330277519,0
ICBHI_133_2p3_AL_002,ICBHI_133_2p3_AL,ICBHI_133,1,ICBHI,AKGC417L,0.949482330277519,0
ICBHI_133_2p3_AL_003,ICBHI_133_2p3_AL,ICBHI_133,1,ICBHI,AKGC417L,0.8826303497723418,0
ICBHI_133_2p3_AL_004,ICBHI_133_2p3_AL,ICBHI_133,1,ICBHI,AKGC417L,0.9365176378735216,0
ICBHI_133_2p3_AL_005,ICBHI_133_2p3_AL,ICBHI_133,1,ICBHI,AKGC417L,0.953621794005189,0
ICBHI_133_2p3_AL_006,ICBHI_133_2p3_AL,ICBHI_133,1,ICBHI,AKGC417L,0.9506864014093018,0
ICBHI_133_2p3_AR_000,ICBHI_133_2p3_AR,ICBHI_133,1,ICBHI,AKGC417L,0.9253649611035,0
ICBHI_133_2p3_AR_001,ICBHI_133_2p3_AR,ICBHI_133,1,ICBHI,AKGC417L,0.9048188745508808,0
ICBHI_133_2p3_AR_002,ICBHI_133_2p3_AR,ICBHI_133,1,ICBHI,AKGC417L,0.9061560406079822,0
ICBHI_133_2p3_AR_003,ICBHI_133_2p3_AR,ICBHI_133,1,ICBHI,AKGC417L,0.8788351489496328,0
ICBHI_133_2p3_AR_004,ICBHI_133_2p3_AR,ICBHI_133,1,ICBHI,AKGC417L,0.9164093322460584,0
ICBHI_133_2p3_AR_005,ICBHI_133_2p3_AR,ICBHI_133,1,ICBHI,AKGC417L,0.9389128927122936,0
ICBHI_133_2p3_AR_006,ICBHI_133_2p3_AR,ICBHI_133,1,ICBHI,AKGC417L,0.929823701560032,0
ICBHI_133_2p3_PL_000,ICBHI_133_2p3_PL,ICBHI_133,1,ICBHI,AKGC417L,0.9756234030788976,0
ICBHI_133_2p3_PL_001,ICBHI_133_2p3_PL,ICBHI_133,1,ICBHI,AKGC417L,0.9778834111979204,0
ICBHI_133_2p3_PL_002,ICBHI_133_2p3_PL,ICBHI_133,1,ICBHI,AKGC417L,0.9826243354907804,0
ICBHI_133_2p3_PL_003,ICBHI_133_2p3_PL,ICBHI_133,1,ICBHI,AKGC417L,0.9813464782682386,0
ICBHI_133_2p3_PL_004,ICBHI_133_2p3_PL,ICBHI_133,1,ICBHI,AKGC417L,0.9770664357676162,0
ICBHI_133_2p3_PL_005,ICBHI_133_2p3_PL,ICBHI_133,1,ICBHI,AKGC417L,0.9793540692607816,0
ICBHI_133_2p3_PL_006,ICBHI_133_2p3_PL,ICBHI_133,1,ICBHI,AKGC417L,0.9785492708245106,0
ICBHI_133_2p3_PR_000,ICBHI_133_2p3_PR,ICBHI_133,1,ICBHI,AKGC417L,0.9543079676184154,0
ICBHI_133_2p3_PR_001,ICBHI_133_2p3_PR,ICBHI_133,1,ICBHI,AKGC417L,0.9594592615365182,0
ICBHI_133_2p3_PR_002,ICBHI_133_2p3_PR,ICBHI_133,1,ICBHI,AKGC417L,0.9622497251475316,0
ICBHI_133_2p3_PR_003,ICBHI_133_2p3_PR,ICBHI_133,1,ICBHI,AKGC417L,0.9623913644941934,0
ICBHI_133_2p3_PR_004,ICBHI_133_2p3_PR,ICBHI_133,1,ICBHI,AKGC417L,0.9616780264794544,0
ICBHI_133_2p3_PR_005,ICBHI_133_2p3_PR,ICBHI_133,1,ICBHI,AKGC417L,0.9641193044741588,0
ICBHI_133_2p3_PR_006,ICBHI_133_2p3_PR,ICBHI_133,1,ICBHI,AKGC417L,0.9651848037780948,0
ICBHI_133_2p3_TC_000,ICBHI_133_2p3_TC,ICBHI_133,1,ICBHI,AKGC417L,0.7563575624625937,0
ICBHI_133_2p3_TC_001,ICBHI_133_2p3_TC,ICBHI_133,1,ICBHI,AKGC417L,0.7027341005928283,0
ICBHI_133_2p3_TC_002,ICBHI_133_2p3_TC,ICBHI_133,1,ICBHI,AKGC417L,0.7561775556934376,0
ICBHI_133_2p3_TC_003,ICBHI_133_2p3_TC,ICBHI_133,1,ICBHI,AKGC417L,0.7879311956428947,0
ICBHI_133_2p3_TC_004,ICBHI_133_2p3_TC,ICBHI_133,1,ICBHI,AKGC417L,0.8289388083214156,0
ICBHI_133_2p3_TC_005,ICBHI_133_2p3_TC,ICBHI_133,1,ICBHI,AKGC417L,0.865678946226571,0
ICBHI_133_2p3_TC_006,ICBHI_133_2p3_TC,ICBHI_133,1,ICBHI,AKGC417L,0.861305056347204,0
ICBHI_133_2p4_AL_000,ICBHI_133_2p4_AL,ICBHI_133,1,ICBHI,AKGC417L,0.8788351489496328,0
ICBHI_133_2p4_AL_001,ICBHI_133_2p4_AL,ICBHI_133,1,ICBHI,AKGC417L,0.7118317107464548,0
ICBHI_133_2p4_AL_002,ICBHI_133_2p4_AL,ICBHI_133,1,ICBHI,AKGC417L,0.8227594829327498,0
ICBHI_133_2p4_AL_003,ICBHI_133_2p4_AL,ICBHI_133,1,ICBHI,AKGC417L,0.7422349234739593,0
ICBHI_133_2p4_AL_004,ICBHI_133_2p4_AL,ICBHI_133,1,ICBHI,AKGC417L,0.5027656273124761,0
ICBHI_133_2p4_AL_005,ICBHI_133_2p4_AL,ICBHI_133,1,ICBHI,AKGC417L,0.7242856140011491,0
ICBHI_133_2p4_AL_006,ICBHI_133_2p4_AL,ICBHI_133,1,ICBHI,AKGC417L,0.870156561979502,0
ICBHI_133_2p4_AR_000,ICBHI_133_2p4_AR,ICBHI_133,1,ICBHI,AKGC417L,0.9295683842009757,0
ICBHI_133_2p4_AR_001,ICBHI_133_2p4_AR,ICBHI_133,1,ICBHI,AKGC417L,0.8603691485725568,0
ICBHI_133_2p4_AR_002,ICBHI_133_2p4_AR,ICBHI_133,1,ICBHI,AKGC417L,0.8047130321052022,0
ICBHI_133_2p4_AR_003,ICBHI_133_2p4_AR,ICBHI_133,1,ICBHI,AKGC417L,0.8237541440584596,0
ICBHI_133_2p4_AR_004,ICBHI_133_2p4_AR,ICBHI_133,1,ICBHI,AKGC417L,0.8810019911062638,0
ICBHI_133_2p4_AR_005,ICBHI_133_2p4_AR,ICBHI_133,1,ICBHI,AKGC417L,0.8639664995920113,0
ICBHI_133_2p4_AR_006,ICBHI_133_2p4_AR,ICBHI_133,1,ICBHI,AKGC417L,0.7813306233160979,0
ICBHI_133_2p4_PL_000,ICBHI_133_2p4_PL,ICBHI_133,1,ICBHI,AKGC417L,0.9803562393224404,0
ICBHI_133_2p4_PL_001,ICBHI_133_2p4_PL,ICBHI_133,1,ICBHI,AKGC417L,0.9826243354907804,0
ICBHI_133_2p4_PL_002,ICBHI_133_2p4_PL,ICBHI_133,1,ICBHI,AKGC417L,0.9845754479181588,0
ICBHI_133_2p4_PL_003,ICBHI_133_2p4_PL,ICBHI_133,1,ICBHI,AKGC417L,0.9853279650847626,0
ICBHI_133_2p4_PL_004,ICBHI_133_2p4_PL,ICBHI_133,1,ICBHI,AKGC417L,0.9843964652097964,0
ICBHI_133_2p4_PL_005,ICBHI_133_2p4_PL,ICBHI_133,1,ICBHI,AKGC417L,0.986415607486941,0
ICBHI_133_2p4_PL_006,ICBHI_133_2p4_PL,ICBHI_133,1,ICBHI,AKGC417L,0.9837849698906836,0
ICBHI_133_2p4_PR_000,ICBHI_133_2p4_PR,ICBHI_133,1,ICBHI,AKGC417L,0.9582261192116938,0
ICBHI_133_2p4_PR_001,ICBHI_133_2p4_PR,ICBHI_133,1,ICBHI,AKGC417L,0.964788863578424,0
ICBHI_133_2p4_PR_002,ICBHI_133_2p4_PR,ICBHI_133,1,ICBHI,AKGC417L,0.9649873730532592,0
ICBHI_133_2p4_PR_003,ICBHI_133_2p4_PR,ICBHI_133,1,ICBHI,AKGC417L,0.9653811611608242,0
ICBHI_133_2p4_PR_004,ICBHI_133_2p4_PR,ICBHI_133,1,ICBHI,AKGC417L,0.9669140216112958,0
ICBHI_133_2p4_PR_005,ICBHI_133_2p4_PR,ICBHI_133,1,ICBHI,AKGC417L,0.9645224968348788,0
ICBHI_133_2p4_PR_006,ICBHI_133_2p4_PR,ICBHI_133,1,ICBHI,AKGC417L,0.9651191130633208,0
ICBHI_133_2p4_TC_000,ICBHI_133_2p4_TC,ICBHI_133,1,ICBHI,AKGC417L,0.907312221360624,0
ICBHI_133_2p4_TC_001,ICBHI_133_2p4_TC,ICBHI_133,1,ICBHI,AKGC417L,0.8947894632969136,0
ICBHI_133_2p4_TC_002,ICBHI_133_2p4_TC,ICBHI_133,1,ICBHI,AKGC417L,0.9008791448995754,0
ICBHI_133_2p4_TC_003,ICBHI_133_2p4_TC,ICBHI_133,1,ICBHI,AKGC417L,0.8848377712685633,0
ICBHI_133_2p4_TC_004,ICBHI_133_2p4_TC,ICBHI_133,1,ICBHI,AKGC417L,0.8350804533361768,0
ICBHI_133_2p4_TC_005,ICBHI_133_2p4_TC,ICBHI_133,1,ICBHI,AKGC417L,0.8609547092195301,0
ICBHI_133_2p4_TC_006,ICBHI_133_2p4_TC,ICBHI_133,1,ICBHI,AKGC417L,0.8842393539373058,0
ICBHI_133_3p2_AL_000,ICBHI_133_3p2_AL,ICBHI_133,1,ICBHI,AKGC417L,0.9505947548144924,0
ICBHI_133_3p2_AL_001,ICBHI_133_3p2_AL,ICBHI_133,1,ICBHI,AKGC417L,0.8454326716299558,0
ICBHI_133_3p2_AL_002,ICBHI_133_3p2_AL,ICBHI_133,1,ICBHI,AKGC417L,0.6015935593881796,0
ICBHI_133_3p2_AL_003,ICBHI_133_3p2_AL,ICBHI_133,1,ICBHI,AKGC417L,0.8279672966770677,0
ICBHI_133_3p2_AL_004,ICBHI_133_3p2_AL,ICBHI_133,1,ICBHI,AKGC417L,0.8495971982174474,0
ICBHI_133_3p2_AL_005,ICBHI_133_3p2_AL,ICBHI_133,1,ICBHI,AKGC417L,0.8946054517822124,0
ICBHI_133_3p2_AL_006,ICBHI_133_3p2_AL,ICBHI_133,1,ICBHI,AKGC417L,0.9448931005611606,0
ICBHI_133_3p2_AR_000,ICBHI_133_3p2_AR,ICBHI_133,1,ICBHI,AKGC417L,0.5457094225914554,0
ICBHI_133_3p2_AR_001,ICBHI_133_3p2_AR,ICBHI_133,1,ICBHI,AKGC417L,0.3583530558457152,0
ICBHI_133_3p2_AR_002,ICBHI_133_3p2_AR,ICBHI_133,1,ICBHI,AKGC417L,0.313104637245345,0
ICBHI_133_3p2_AR_003,ICBHI_133_3p2_AR,ICBHI_133,1,ICBHI,AKGC417L,0.4916160812846365,0
ICBHI_133_3p2_AR_004,ICBHI_133_3p2_AR,ICBHI_133,1,ICBHI,AKGC417L,0.583322042053565,0
ICBHI_133_3p2_AR_005,ICBHI_133_3p2_AR,ICBHI_133,1,ICBHI,AKGC417L,0.591723240531882,0
ICBHI_133_3p2_AR_006,ICBHI_133_3p2_AR,ICBHI_133,1,ICBHI,AKGC417L,0.5357664436534293,0
ICBHI_133_3p2_PL_000,ICBHI_133_3p2_PL,ICBHI_133,1,ICBHI,AKGC417L,0.9793145407099588,0
ICBHI_133_3p2_PL_001,ICBHI_133_3p2_PL,ICBHI_133,1,ICBHI,AKGC417L,0.9803562393224404,0
ICBHI_133_3p2_PL_002,ICBHI_133_3p2_PL,ICBHI_133,1,ICBHI,AKGC417L,0.9761746325522288,0
ICBHI_133_3p2_PL_003,ICBHI_133_3p2_PL,ICBHI_133,1,ICBHI,AKGC417L,0.9789151588631022,0
ICBHI_133_3p2_PL_004,ICBHI_133_3p2_PL,ICBHI_133,1,ICBHI,AKGC417L,0.979706514428458,0
ICBHI_133_3p2_PL_005,ICBHI_133_3p2_PL,ICBHI_133,1,ICBHI,AKGC417L,0.982423116732664,0
ICBHI_133_3p2_PL_006,ICBHI_133_3p2_PL,ICBHI_133,1,ICBHI,AKGC417L,0.9766246849598732,0
ICBHI_133_3p2_PR_000,ICBHI_133_3p2_PR,ICBHI_133,1,ICBHI,AKGC417L,0.956308939359532,0
ICBHI_133_3p2_PR_001,ICBHI_133_3p2_PR,ICBHI_133,1,ICBHI,AKGC417L,0.9496693674025232,0
ICBHI_133_3p2_PR_002,ICBHI_133_3p2_PR,ICBHI_133,1,ICBHI,AKGC417L,0.9507778868028012,0
ICBHI_133_3p2_PR_003,ICBHI_133_3p2_PR,ICBHI_133,1,ICBHI,AKGC417L,0.913522352543118,0
ICBHI_133_3p2_PR_004,ICBHI_133_3p2_PR,ICBHI_133,1,ICBHI,AKGC417L,0.9464978508046772,0
ICBHI_133_3p2_PR_005,ICBHI_133_3p2_PR,ICBHI_133,1,ICBHI,AKGC417L,0.9587699726751936,0
ICBHI_133_3p2_PR_006,ICBHI_133_3p2_PR,ICBHI_133,1,ICBHI,AKGC417L,0.9531879687361164,0
ICBHI_133_3p4_TC_000,ICBHI_133_3p4_TC,ICBHI_133,1,ICBHI,AKGC417L,0.9299510391228232,0
ICBHI_133_3p4_TC_001,ICBHI_133_3p4_TC,ICBHI_133,1,ICBHI,AKGC417L,0.8872045937171068,0
ICBHI_133_3p4_TC_002,ICBHI_133_3p4_TC,ICBHI_133,1,ICBHI,AKGC417L,0.8590736431530852,0
ICBHI_133_3p4_TC_003,ICBHI_133_3p4_TC,ICBHI_133,1,ICBHI,AKGC417L,0.8772666496637572,0
ICBHI_133_3p4_TC_004,ICBHI_133_3p4_TC,ICBHI_133,1,ICBHI,AKGC417L,0.8704872113355656,0
ICBHI_133_3p4_TC_005,ICBHI_133_3p4_TC,ICBHI_133,1,ICBHI,AKGC417L,0.8292155820981656,0
ICBHI_133_3p4_TC_006,ICBHI_133_3p4_TC,ICBHI_133,1,ICBHI,AKGC417L,0.8436376325170074,0
ICBHI_138_1p2_AL_000,ICBHI_138_1p2_AL,ICBHI_138,1,ICBHI,AKGC417L,0.9210741144349998,0
ICBHI_138_1p2_AL_001,ICBHI_138_1p2_AL,ICBHI_138,1,ICBHI,AKGC417L,0.8830344094536157,0
ICBHI_138_1p2_AL_002,ICBHI_138_1p2_AL,ICBHI_138,1,ICBHI,AKGC417L,0.9008791448995754,0
ICBHI_138_1p2_AL_003,ICBHI_138_1p2_AL,ICBHI_138,1,ICBHI,AKGC417L,0.9346342130197336,0
ICBHI_138_1p2_AL_004,ICBHI_138_1p2_AL,ICBHI_138,1,ICBHI,AKGC417L,0.9241418199787566,0
ICBHI_138_1p2_AL_005,ICBHI_138_1p2_AL,ICBHI_138,1,ICBHI,AKGC417L,0.9421883900868302,0
ICBHI_138_1p2_AL_006,ICBHI_138_1p2_AL,ICBHI_138,1,ICBHI,AKGC417L,0.9267027235112548,0
ICBHI_138_1p2_AR_000,ICBHI_138_1p2_AR,ICBHI_138,1,ICBHI,AKGC417L,0.978631112244824,0
ICBHI_138_1p2_AR_001,ICBHI_138_1p2_AR,ICBHI_138,1,ICBHI,AKGC417L,0.9805434250177092,0
ICBHI_138_1p2_AR_002,ICBHI_138_1p2_AR,ICBHI_138,1,ICBHI,AKGC417L,0.9794329046535716,0
ICBHI_138_1p2_AR_003,ICBHI_138_1p2_AR,ICBHI_138,1,ICBHI,AKGC417L,0.979155684383481,0
ICBHI_138_1p2_AR_004,ICBHI_138_1p2_AR,ICBHI_138,1,ICBHI,AKGC417L,0.9763105287006256,0
ICBHI_138_1p2_AR_005,ICBHI_138_1p2_AR,ICBHI_138,1,ICBHI,AKGC417L,0.9780097803027992,0
ICBHI_138_1p2_AR_006,ICBHI_138_1p2_AR,ICBHI_138,1,ICBHI,AKGC417L,0.979899764423248,0
ICBHI_138_1p2_LL_000,ICBHI_138_1p2_LL,ICBHI_138,1,ICBHI,AKGC417L,0.9207896758909756,0
ICBHI_138_1p2_LL_001,ICBHI_138_1p2_LL,ICBHI_138,1,ICBHI,AKGC417L,0.7959754680393245,0
ICBHI_138_1p2_LL_002,ICBHI_138_1p2_LL,ICBHI_138,1,ICBHI,AKGC417L,0.7844841966977555,0
ICBHI_138_1p2_LL_003,ICBHI_138_1p2_LL,ICBHI_138,1,ICBHI,AKGC417L,0.9340350623884196,0
ICBHI_138_1p2_LL_004,ICBHI_138_1p2_LL,ICBHI_138,1,ICBHI,AKGC417L,0.8902942261220291,0
ICBHI_138_1p2_LL_005,ICBHI_138_1p2_LL,ICBHI_138,1,ICBHI,AKGC417L,0.6765130508657318,0
ICBHI_138_1p2_LL_006,ICBHI_138_1p2_LL,ICBHI_138,1,ICBHI,AKGC417L,0.3110081860706927,0
ICBHI_138_1p2_LR_000,ICBHI_138_1p2_LR,ICBHI_138,1,ICBHI,AKGC417L,0.9707987097542188,0
ICBHI_138_1p2_LR_001,ICBHI_138_1p2_LR,ICBHI_138,1,ICBHI,AKGC417L,0.9715099574136776,0
ICBHI_138_1p2_LR_002,ICBHI_138_1p2_LR,ICBHI_138,1,ICBHI,AKGC417L,0.9711838031967466,0
ICBHI_138_1p2_LR_003,ICBHI_138_1p2_LR,ICBHI_138,1,ICBHI,AKGC417L,0.97085402718101,0
ICBHI_138_1p2_LR_004,ICBHI_138_1p2_LR,ICBHI_138,1,ICBHI,AKGC417L,0.9685601495215692,0
ICBHI_138_1p2_LR_005,ICBHI_138_1p2_LR,ICBHI_138,1,ICBHI,AKGC417L,0.9672868752253,0
ICBHI_138_1p2_LR_006,ICBHI_138_1p2_LR,ICBHI_138,1,ICBHI,AKGC417L,0.9664738375071954,0
ICBHI_138_1p2_PL_000,ICBHI_138_1p2_PL,ICBHI_138,1,ICBHI,AKGC417L,0.9483462190807312,0
ICBHI_138_1p2_PL_001,ICBHI_138_1p2_PL,ICBHI_138,1,ICBHI,AKGC417L,0.9285385081933416,0
ICBHI_138_1p2_PL_002,ICBHI_138_1p2_PL,ICBHI_138,1,ICBHI,AKGC417L,0.9124361604769414,0
ICBHI_138_1p2_PL_003,ICBHI_138_1p2_PL,ICBHI_138,1,ICBHI,AKGC417L,0.9372107914029488,0
ICBHI_138_1p2_PL_004,ICBHI_138_1p2_PL,ICBHI_138,1,ICBHI,AKGC417L,0.940898453289248,0
ICBHI_138_1p2_PL_005,ICBHI_138_1p2_PL,ICBHI_138,1,ICBHI,AKGC417L,0.9607312480728336,0
ICBHI_138_1p2_PL_006,ICBHI_138_1p2_PL,ICBHI_138,1,ICBHI,AKGC417L,0.9663470356814964,0
ICBHI_138_1p2_PR_000,ICBHI_138_1p2_PR,ICBHI_138,1,ICBHI,AKGC417L,0.9839708526340988,0
ICBHI_138_1p2_PR_001,ICBHI_138_1p2_PR,ICBHI_138,1,ICBHI,AKGC417L,0.97982268167713,0
ICBHI_138_1p2_PR_002,ICBHI_138_1p2_PR,ICBHI_138,1,ICBHI,AKGC417L,0.9763105287006256,0
ICBHI_138_1p2_PR_003,ICBHI_138_1p2_PR,ICBHI_138,1,ICBHI,AKGC417L,0.9869292152258128,0
ICBHI_138_1p2_PR_004,ICBHI_138_1p2_PR,ICBHI_138,1,ICBHI,AKGC417L,0.9842154389261902,0
ICBHI_138_1p2_PR_005,ICBHI_138_1p2_PR,ICBHI_138,1,ICBHI,AKGC417L,0.9805806518175514,0
ICBHI_138_1p2_PR_006,ICBHI_138_1p2_PR,ICBHI_138,1,ICBHI,AKGC417L,0.9834068220804096,0
ICBHI_138_1p2_TC_000,ICBHI_138_1p2_TC,ICBHI_138,1,ICBHI,AKGC417L,0.69668108357302,0
ICBHI_138_1p2_TC_001,ICBHI_138_1p2_TC,ICBHI_138,1,ICBHI,AKGC417L,0.6694207585844202,0
ICBHI_138_1p2_TC_002,ICBHI_138_1p2_TC,ICBHI_138,1,ICBHI,AKGC417L,0.8661325122464822,0
ICBHI_138_1p2_TC_003,ICBHI_138_1p2_TC,ICBHI_138,1,ICBHI,AKGC417L,0.85256760954532,0
ICBHI_138_1p2_TC_004,ICBHI_138_1p2_TC,ICBHI_138,1,ICBHI,AKGC417L,0.9127477534452756,0
ICBHI_138_1p2_TC_005,ICBHI_138_1p2_TC,ICBHI_138,1,ICBHI,AKGC417L,0.8047130321052022,0
ICBHI_138_1p2_TC_006,ICBHI_138_1p2_TC,ICBHI_138,1,ICBHI,AKGC417L,0.8382829937935015,0
ICBHI_138_1p3_AL_000,ICBHI_138_1p3_AL,ICBHI_138,1,ICBHI,AKGC417L,0.9359345675826196,0
ICBHI_138_1p3_AL_001,ICBHI_138_1p3_AL,ICBHI_138,1,ICBHI,AKGC417L,0.9559813501370537,0
ICBHI_138_1p3_AL_002,ICBHI_138_1p3_AL,ICBHI_138,1,ICBHI,AKGC417L,0.9369805284248848,0
ICBHI_138_1p3_AL_003,ICBHI_138_1p3_AL,ICBHI_138,1,ICBHI,AKGC417L,0.9417613746890242,0
ICBHI_138_1p3_AL_004,ICBHI_138_1p3_AL,ICBHI_138,1,ICBHI,AKGC417L,0.93789687838626,0
ICBHI_138_1p3_AL_005,ICBHI_138_1p3_AL,ICBHI_138,1,ICBHI,AKGC417L,0.9385759599453296,0
ICBHI_138_1p3_AL_006,ICBHI_138_1p3_AL,ICBHI_138,1,ICBHI,AKGC417L,0.9492005402963102,0
ICBHI_138_1p3_AR_000,ICBHI_138_1p3_AR,ICBHI_138,1,ICBHI,AKGC417L,0.9087799382901208,0
ICBHI_138_1p3_AR_001,ICBHI_138_1p3_AR,ICBHI_138,1,ICBHI,AKGC417L,0.755276170890018,0
ICBHI_138_1p3_AR_002,ICBHI_138_1p3_AR,ICBHI_138,1,ICBHI,AKGC417L,0.7711548724998493,0
ICBHI_138_1p3_AR_003,ICBHI_138_1p3_AR,ICBHI_138,1,ICBHI,AKGC417L,0.8134607872557665,0
ICBHI_138_1p3_AR_004,ICBHI_138_1p3_AR,ICBHI_138,1,ICBHI,AKGC417L,0.7063930178525605,0
ICBHI_138_1p3_AR_005,ICBHI_138_1p3_AR,ICBHI_138,1,ICBHI,AKGC417L,0.7862948141960816,0
ICBHI_138_1p3_AR_006,ICBHI_138_1p3_AR,ICBHI_138,1,ICBHI,AKGC417L,0.8086723228520697,0
ICBHI_138_1p3_LL_000,ICBHI_138_1p3_LL,ICBHI_138,1,ICBHI,AKGC417L,0.6670392375967459,0
ICBHI_138_1p3_LL_001,ICBHI_138_1p3_LL,ICBHI_138,1,ICBHI,AKGC417L,0.7967672836747012,0
ICBHI_138_1p3_LL_002,ICBHI_138_1p3_LL,ICBHI_138,1,ICBHI,AKGC417L,0.8949731912576617,0
ICBHI_138_1p3_LL_003,ICBHI_138_1p3_LL,ICBHI_138,1,ICBHI,AKGC417L,0.8923750854700477,0
ICBHI_138_1p3_LL_004,ICBHI_138_1p3_LL,ICBHI_138,1,ICBHI,AKGC417L,0.9476723731536068,0
ICBHI_138_1p3_LL_005,ICBHI_138_1p3_LL,ICBHI_138,1,ICBHI,AKGC417L,0.9623913644941934,0
ICBHI_138_1p3_LL_006,ICBHI_138_1p3_LL,ICBHI_138,1,ICBHI,AKGC417L,0.9650533028884728,0
ICBHI_138_1p3_LR_000,ICBHI_138_1p3_LR,ICBHI_138,1,ICBHI,AKGC417L,0.957357608127398,0
ICBHI_138_1p3_LR_001,ICBHI_138_1p3_LR,ICBHI_138,1,ICBHI,AKGC417L,0.9563904724343744,0
ICBHI_138_1p3_LR_002,ICBHI_138_1p3_LR,ICBHI_138,1,ICBHI,AKGC417L,0.9530133603823692,0
ICBHI_138_1p3_LR_003,ICBHI_138_1p3_LR,ICBHI_138,1,ICBHI,AKGC417L,0.9588471107825552,0
ICBHI_138_1p3_LR_004,ICBHI_138_1p3_LR,ICBHI_138,1,ICBHI,AKGC417L,0.9643214491222696,0
ICBHI_138_1p3_LR_005,ICBHI_138_1p3_LR,ICBHI_138,1,ICBHI,AKGC417L,0.961389068531974,0
ICBHI_138_1p3_LR_006,ICBHI_138_1p3_LR,ICBHI_138,1,ICBHI,AKGC417L,0.9591542840900508,0
ICBHI_138_1p3_PL_000,ICBHI_138_1p3_PL,ICBHI_138,1,ICBHI,AKGC417L,0.9695556515673754,0
ICBHI_138_1p3_PL_001,ICBHI_138_1p3_PL,ICBHI_138,1,ICBHI,AKGC417L,0.9766246849598732,0
ICBHI_138_1p3_PL_002,ICBHI_138_1p3_PL,ICBHI_138,1,ICBHI,AKGC417L,0.9776285401622384,0
ICBHI_138_1p3_PL_003,ICBHI_138_1p3_PL,ICBHI_138,1,ICBHI,AKGC417L,0.9462996942374736,0
ICBHI_138_1p3_PL_004,ICBHI_138_1p3_PL,ICBHI_138,1,ICBHI,AKGC417L,0.965250375232816,0
ICBHI_138_1p3_PL_005,ICBHI_138_1p3_PL,ICBHI_138,1,ICBHI,AKGC417L,0.975390071374038,0
ICBHI_138_1p3_PL_006,ICBHI_138_1p3_PL,ICBHI_138,1,ICBHI,AKGC417L,0.9665370653480092,0
ICBHI_138_1p3_PR_000,ICBHI_138_1p3_PR,ICBHI_138,1,ICBHI,AKGC417L,0.9732915354985552,0
ICBHI_138_1p3_PR_001,ICBHI_138_1p3_PR,ICBHI_138,1,ICBHI,AKGC417L,0.9781354435078864,0
ICBHI_138_1p3_PR_002,ICBHI_138_1p3_PR,ICBHI_138,1,ICBHI,AKGC417L,0.9740426428022032,0
ICBHI_138_1p3_PR_003,ICBHI_138_1p3_PR,ICBHI_138,1,ICBHI,AKGC417L,0.9677777030339422,0
ICBHI_138_1p3_PR_004,ICBHI_138_1p3_PR,ICBHI_138,1,ICBHI,AKGC417L,0.9669764476633728,0
ICBHI_138_1p3_PR_005,ICBHI_138_1p3_PR,ICBHI_138,1,ICBHI,AKGC417L,0.9723622781264188,0
ICBHI_138_1p3_PR_006,ICBHI_138_1p3_PR,ICBHI_138,1,ICBHI,AKGC417L,0.9716716880201136,0
ICBHI_138_1p3_TC_000,ICBHI_138_1p3_TC,ICBHI_138,1,ICBHI,AKGC417L,0.9334308110294984,0
ICBHI_138_1p3_TC_001,ICBHI_138_1p3_TC,ICBHI_138,1,ICBHI,AKGC417L,0.9162595947543866,0
ICBHI_138_1p3_TC_002,ICBHI_138_1p3_TC,ICBHI_138,1,ICBHI,AKGC417L,0.9456006819553416,0
ICBHI_138_1p3_TC_003,ICBHI_138_1p3_TC,ICBHI_138,1,ICBHI,AKGC417L,0.9720456005228716,0
ICBHI_138_1p3_TC_004,ICBHI_138_1p3_TC,ICBHI_138,1,ICBHI,AKGC417L,0.9510513782831764,0
ICBHI_138_1p3_TC_005,ICBHI_138_1p3_TC,ICBHI_138,1,ICBHI,AKGC417L,0.9472835978632692,0
ICBHI_138_1p3_TC_006,ICBHI_138_1p3_TC,ICBHI_138,1,ICBHI,AKGC417L,0.9666001780666844,0
ICBHI_138_1p4_AR_000,ICBHI_138_1p4_AR,ICBHI_138,1,ICBHI,AKGC417L,0.7742421779165404,0
ICBHI_138_1p4_AR_001,ICBHI_138_1p4_AR,ICBHI_138,1,ICBHI,AKGC417L,0.8806945070445152,0
ICBHI_138_1p4_AR_002,ICBHI_138_1p4_AR,ICBHI_138,1,ICBHI,AKGC417L,0.5710491189132763,0
ICBHI_138_1p4_AR_003,ICBHI_138_1p4_AR,ICBHI_138,1,ICBHI,AKGC417L,0.5246230103220356,0
ICBHI_138_1p4_AR_004,ICBHI_138_1p4_AR,ICBHI_138,1,ICBHI,AKGC417L,0.8153795421936566,0
ICBHI_138_1p4_AR_005,ICBHI_138_1p4_AR,ICBHI_138,1,ICBHI,AKGC417L,0.7911764288611264,0
ICBHI_138_1p4_AR_006,ICBHI_138_1p4_AR,ICBHI_138,1,ICBHI,AKGC417L,0.8704872113355656,0
ICBHI_138_1p4_LL_000,ICBHI_138_1p4_LL,ICBHI_138,1,ICBHI,AKGC417L,0.9605095953512194,0
ICBHI_138_1p4_LL_001,ICBHI_138_1p4_LL,ICBHI_138,1,ICBHI,AKGC417L,0.9528381329658232,0
ICBHI_138_1p4_LL_002,ICBHI_138_1p4_LL,ICBHI_138,1,ICBHI,AKGC417L,0.9245515644711388,0
ICBHI_138_1p4_LL_003,ICBHI_138_1p4_LL,ICBHI_138,1,ICBHI,AKGC417L,0.9400235602628372,0
ICBHI_138_1p4_LL_004,ICBHI_138_1p4_LL,ICBHI_138,1,ICBHI,AKGC417L,0.9711838031967466,0
ICBHI_138_1p4_LL_005,ICBHI_138_1p4_LL,ICBHI_138,1,ICBHI,AKGC417L,0.959686562165167,0
ICBHI_138_1p4_LL_006,ICBHI_138_1p4_LL,ICBHI_138,1,ICBHI,AKGC417L,0.9122799870400568,0
ICBHI_138_1p4_LR_000,ICBHI_138_1p4_LR,ICBHI_138,1,ICBHI,AKGC417L,0.9617499409068964,0
ICBHI_138_1p4_LR_001,ICBHI_138_1p4_LR,ICBHI_138,1,ICBHI,AKGC417L,0.9616059822423816,0
ICBHI_138_1p4_LR_002,ICBHI_138_1p4_LR,ICBHI_138,1,ICBHI,AKGC417L,0.9600626857930734,0
ICBHI_138_1p4_LR_003,ICBHI_138_1p4_LR,ICBHI_138,1,ICBHI,AKGC417L,0.9633686333603796,0
ICBHI_138_1p4_LR_004,ICBHI_138_1p4_LR,ICBHI_138,1,ICBHI,AKGC417L,0.964788863578424,0
ICBHI_138_1p4_LR_005,ICBHI_138_1p4_LR,ICBHI_138,1,ICBHI,AKGC417L,0.9621787134186344,0
ICBHI_138_1p4_LR_006,ICBHI_138_1p4_LR,ICBHI_138,1,ICBHI,AKGC417L,0.9623206087688784,0
ICBHI_138_1p4_PL_000,ICBHI_138_1p4_PL,ICBHI_138,1,ICBHI,AKGC417L,0.9455001256588014,0
ICBHI_138_1p4_PL_001,ICBHI_138_1p4_PL,ICBHI_138,1,ICBHI,AKGC417L,0.9559813501370537,0
ICBHI_138_1p4_PL_002,ICBHI_138_1p4_PL,ICBHI_138,1,ICBHI,AKGC417L,0.9340350623884196,0
ICBHI_138_1p4_PL_003,ICBHI_138_1p4_PL,ICBHI_138,1,ICBHI,AKGC417L,0.9486324916130384,0
ICBHI_138_1p4_PL_004,ICBHI_138_1p4_PL,ICBHI_138,1,ICBHI,AKGC417L,0.9731898041004328,0
ICBHI_138_1p4_PL_005,ICBHI_138_1p4_PL,ICBHI_138,1,ICBHI,AKGC417L,0.9689738206081602,0
ICBHI_138_1p4_PL_006,ICBHI_138_1p4_PL,ICBHI_138,1,ICBHI,AKGC417L,0.9538802504524166,0
ICBHI_138_1p4_PR_000,ICBHI_138_1p4_PR,ICBHI_138,1,ICBHI,AKGC417L,0.9325762208953988,0
ICBHI_138_1p4_PR_001,ICBHI_138_1p4_PR,ICBHI_138,1,ICBHI,AKGC417L,0.9709643572583984,0
ICBHI_138_1p4_PR_002,ICBHI_138_1p4_PR,ICBHI_138,1,ICBHI,AKGC417L,0.9653158276272332,0
ICBHI_138_1p4_PR_003,ICBHI_138_1p4_PR,ICBHI_138,1,ICBHI,AKGC417L,0.9669764476633728,0
ICBHI_138_1p4_PR_004,ICBHI_138_1p4_PR,ICBHI_138,1,ICBHI,AKGC417L,0.96621977103159,0
ICBHI_138_1p4_PR_005,ICBHI_138_1p4_PR,ICBHI_138,1,ICBHI,AKGC417L,0.9789151588631022,0
ICBHI_138_1p4_PR_006,ICBHI_138_1p4_PR,ICBHI_138,1,ICBHI,AKGC417L,0.9800148480052566,0
ICBHI_138_1p4_TC_000,ICBHI_138_1p4_TC,ICBHI_138,1,ICBHI,AKGC417L,0.9637117023352416,0
ICBHI_138_1p4_TC_001,ICBHI_138_1p4_TC,ICBHI_138,1,ICBHI,AKGC417L,0.9628830911922404,0
ICBHI_138_1p4_TC_002,ICBHI_138_1p4_TC,ICBHI_138,1,ICBHI,AKGC417L,0.9551520965667056,0
ICBHI_138_1p4_TC_003,ICBHI_138_1p4_TC,ICBHI_138,1,ICBHI,AKGC417L,0.9772408443444812,0
ICBHI_138_1p4_TC_004,ICBHI_138_1p4_TC,ICBHI_138,1,ICBHI,AKGC417L,0.9310874968619292,0
ICBHI_138_1p4_TC_005,ICBHI_138_1p4_TC,ICBHI_138,1,ICBHI,AKGC417L,0.8543993677396563,0
ICBHI_138_1p4_TC_006,ICBHI_138_1p4_TC,ICBHI_138,1,ICBHI,AKGC417L,0.9381240142763572,0
ICBHI_138_2p2_AL_000,ICBHI_138_2p2_AL,ICBHI_138,1,ICBHI,AKGC417L,0.9396923600249308,0
ICBHI_138_2p2_AL_001,ICBHI_138_2p2_AL,ICBHI_138,1,ICBHI,AKGC417L,0.9518632288833652,0
ICBHI_138_2p2_AL_002,ICBHI_138_2p2_AL,ICBHI_138,1,ICBHI,AKGC417L,0.9524858131235034,0
ICBHI_138_2p2_AL_003,ICBHI_138_2p2_AL,ICBHI_138,1,ICBHI,AKGC417L,0.9359345675826196,0
ICBHI_138_2p2_AL_004,ICBHI_138_2p2_AL,ICBHI_138,1,ICBHI,AKGC417L,0.9440738263146948,0
ICBHI_138_2p2_AL_005,ICBHI_138_2p2_AL,ICBHI_138,1,ICBHI,AKGC417L,0.9422946838534368,0
ICBHI_138_2p2_AL_006,ICBHI_138_2p2_AL,ICBHI_138,1,ICBHI,AKGC417L,0.9501340950202012,0
ICBHI_138_2p2_AR_000,ICBHI_138_2p2_AR,ICBHI_138,1,ICBHI,AKGC417L,0.9369805284248848,0
ICBHI_138_2p2_AR_001,ICBHI_138_2p2_AR,ICBHI_138,1,ICBHI,AKGC417L,0.954137335843458,0
ICBHI_138_2p2_AR_002,ICBHI_138_2p2_AR,ICBHI_138,1,ICBHI,AKGC417L,0.9325762208953988,0
ICBHI_138_2p2_AR_003,ICBHI_138_2p2_AR,ICBHI_138,1,ICBHI,AKGC417L,0.9177460552422908,0
ICBHI_138_2p2_AR_004,ICBHI_138_2p2_AR,ICBHI_138,1,ICBHI,AKGC417L,0.9158089190054228,0
ICBHI_138_2p2_AR_005,ICBHI_138_2p2_AR,ICBHI_138,1,ICBHI,AKGC417L,0.9285385081933416,0
ICBHI_138_2p2_AR_006,ICBHI_138_2p2_AR,ICBHI_138,1,ICBHI,AKGC417L,0.940462512071434,0
ICBHI_138_2p2_LL_000,ICBHI_138_2p2_LL,ICBHI_138,1,ICBHI,AKGC417L,0.9655114724420828,0
ICBHI_138_2p2_LL_001,ICBHI_138_2p2_LL,ICBHI_138,1,ICBHI,AKGC417L,0.959686562165167,0
ICBHI_138_2p2_LL_002,ICBHI_138_2p2_LL,ICBHI_138,1,ICBHI,AKGC417L,0.9579122720843812,0
ICBHI_138_2p2_LL_003,ICBHI_138_2p2_LL,ICBHI_138,1,ICBHI,AKGC417L,0.9696132500732396,0
ICBHI_138_2p2_LL_004,ICBHI_138_2p2_LL,ICBHI_138,1,ICBHI,AKGC417L,0.9764007056485348,0
ICBHI_138_2p2_LL_005,ICBHI_138_2p2_LL,ICBHI_138,1,ICBHI,AKGC417L,0.9796287059913455,0
ICBHI_138_2p2_LL_006,ICBHI_138_2p2_LL,ICBHI_138,1,ICBHI,AKGC417L,0.9764456684220548,0
ICBHI_138_2p2_LR_000,ICBHI_138_2p2_LR,ICBHI_138,1,ICBHI,AKGC417L,0.956553103139948,0
ICBHI_138_2p2_LR_001,ICBHI_138_2p2_LR,ICBHI_138,1,ICBHI,AKGC417L,0.9392480969124416,0
ICBHI_138_2p2_LR_002,ICBHI_138_2p2_LR,ICBHI_138,1,ICBHI,AKGC417L,0.9510513782831764,0
ICBHI_138_2p2_LR_003,ICBHI_138_2p2_LR,ICBHI_138,1,ICBHI,AKGC417L,0.9677777030339422,0
ICBHI_138_2p2_LR_004,ICBHI_138_2p2_LR,ICBHI_138,1,ICBHI,AKGC417L,0.9315870896477918,0
ICBHI_138_2p2_LR_005,ICBHI_138_2p2_LR,ICBHI_138,1,ICBHI,AKGC417L,0.910386183348348,0
ICBHI_138_2p2_LR_006,ICBHI_138_2p2_LR,ICBHI_138,1,ICBHI,AKGC417L,0.9260366251748192,0
ICBHI_138_2p2_PL_000,ICBHI_138_2p2_PL,ICBHI_138,1,ICBHI,AKGC417L,0.9442797128028252,0
ICBHI_138_2p2_PL_001,ICBHI_138_2p2_PL,ICBHI_138,1,ICBHI,AKGC417L,0.9531007418201308,0
ICBHI_138_2p2_PL_002,ICBHI_138_2p2_PL,ICBHI_138,1,ICBHI,AKGC417L,0.9582261192116938,0
ICBHI_138_2p2_PL_003,ICBHI_138_2p2_PL,ICBHI_138,1,ICBHI,AKGC417L,0.9370957582019432,0
ICBHI_138_2p2_PL_004,ICBHI_138_2p2_PL,ICBHI_138,1,ICBHI,AKGC417L,0.9330657967976504,0
ICBHI_138_2p2_PL_005,ICBHI_138_2p2_PL,ICBHI_138,1,ICBHI,AKGC417L,0.9509603749892346,0
ICBHI_138_2p2_PL_006,ICBHI_138_2p2_PL,ICBHI_138,1,ICBHI,AKGC417L,0.955402423772614,0
ICBHI_138_2p2_PR_000,ICBHI_138_2p2_PR,ICBHI_138,1,ICBHI,AKGC417L,0.9762200155633391,0
ICBHI_138_2p2_PR_001,ICBHI_138_2p2_PR,ICBHI_138,1,ICBHI,AKGC417L,0.96036116089903,0
ICBHI_138_2p2_PR_002,ICBHI_138_2p2_PR,ICBHI_138,1,ICBHI,AKGC417L,0.9705205917252118,0
ICBHI_138_2p2_PR_003,ICBHI_138_2p2_PR,ICBHI_138,1,ICBHI,AKGC417L,0.9813106915732508,0
ICBHI_138_2p2_PR_004,ICBHI_138_2p2_PR,ICBHI_138,1,ICBHI,AKGC417L,0.9878058669624096,0
ICBHI_138_2p2_PR_005,ICBHI_138_2p2_PR,ICBHI_138,1,ICBHI,AKGC417L,0.9830200077626816,0
ICBHI_138_2p2_PR_006,ICBHI_138_2p2_PR,ICBHI_138,1,ICBHI,AKGC417L,0.97671369455574,0
ICBHI_138_2p2_TC_000,ICBHI_138_2p2_TC,ICBHI_138,1,ICBHI,AKGC417L,0.9194980766039684,0
ICBHI_138_2p2_TC_001,ICBHI_138_2p2_TC,ICBHI_138,1,ICBHI,AKGC417L,0.8456877265587688,0
ICBHI_138_2p2_TC_002,ICBHI_138_2p2_TC,ICBHI_138,1,ICBHI,AKGC417L,0.8626990443164568,0
ICBHI_138_2p2_TC_003,ICBHI_138_2p2_TC,ICBHI_138,1,ICBHI,AKGC417L,0.7617157879641979,0
ICBHI_138_2p2_TC_004,ICBHI_138_2p2_TC,ICBHI_138,1,ICBHI,AKGC417L,0.7588681879577549,0
ICBHI_138_2p2_TC_005,ICBHI_138_2p2_TC,ICBHI_138,1,ICBHI,AKGC417L,0.8113772884396903,0
ICBHI_138_2p2_TC_006,ICBHI_138_2p2_TC,ICBHI_138,1,ICBHI,AKGC417L,0.8670357598021706,0
ICBHI_139_1b1_AL_000,ICBHI_139_1b1_AL,ICBHI_139,1,ICBHI,Litt3200,0.9676556676188428,0
ICBHI_139_1b1_AL_001,ICBHI_139_1b1_AL,ICBHI_139,1,ICBHI,Litt3200,0.9745319170136324,0
ICBHI_139_1b1_AL_002,ICBHI_139_1b1_AL,ICBHI_139,1,ICBHI,Litt3200,0.9733422603160212,0
ICBHI_139_1b1_AL_003,ICBHI_139_1b1_AL,ICBHI_139,1,ICBHI,Litt3200,0.975900554890232,0
ICBHI_139_1b1_AL_004,ICBHI_139_1b1_AL,ICBHI_139,1,ICBHI,Litt3200,0.9757161305979632,0
ICBHI_139_1b1_AL_005,ICBHI_139_1b1_AL,ICBHI_139,1,ICBHI,Litt3200,0.9787533019806788,0
ICBHI_139_1b1_AR_000,ICBHI_139_1b1_AR,ICBHI_139,1,ICBHI,Litt3200,0.9571978541000364,0
ICBHI_139_1b1_AR_001,ICBHI_139_1b1_AR,ICBHI_139,1,ICBHI,Litt3200,0.9475754340373932,0
ICBHI_139_1b1_AR_002,ICBHI_139_1b1_AR,ICBHI_139,1,ICBHI,Litt3200,0.9184802440252812,0
ICBHI_139_1b1_AR_003,ICBHI_139_1b1_AR,ICBHI_139,1,ICBHI,Litt3200,0.9455001256588014,0
ICBHI_139_1b1_AR_004,ICBHI_139_1b1_AR,ICBHI_139,1,ICBHI,Litt3200,0.9750122054090996,0
ICBHI_139_1b1_LL_000,ICBHI_139_1b1_LL,ICBHI_139,1,ICBHI,Litt3200,0.9773275621685958,0
ICBHI_139_1b1_LL_001,ICBHI_139_1b1_LL,ICBHI_139,1,ICBHI,Litt3200,0.970743290501902,0
ICBHI_139_1b1_LL_002,ICBHI_139_1b1_LL,ICBHI_139,1,ICBHI,Litt3200,0.961389068531974,0
ICBHI_139_1b1_LL_003,ICBHI_139_1b1_LL,ICBHI_139,1,ICBHI,Litt3200,0.9569571506599678,0
ICBHI_139_1b1_LL_004,ICBHI_139_1b1_LL,ICBHI_139,1,ICBHI,Litt3200,0.947185978662759,0
ICBHI_139_1b1_LL_005,ICBHI_139_1b1_LL,ICBHI_139,1,ICBHI,Litt3200,0.9680808472695964,0
ICBHI_139_1b1_LL_006,ICBHI_139_1b1_LL,ICBHI_139,1,ICBHI,Litt3200,0.965641310666991,0
ICBHI_139_1b1_LR_000,ICBHI_139_1b1_LR,ICBHI_139,1,ICBHI,Litt3200,0.9746286885255978,0
ICBHI_139_1b1_LR_001,ICBHI_139_1b1_LR,ICBHI_139,1,ICBHI,Litt3200,0.9727790975901732,0
ICBHI_139_1b1_LR_002,ICBHI_139_1b1_LR,ICBHI_139,1,ICBHI,Litt3200,0.9676556676188428,0
ICBHI_139_1b1_LR_003,ICBHI_139_1b1_LR,ICBHI_139,1,ICBHI,Litt3200,0.97364464715388,0
ICBHI_139_1b1_PL_000,ICBHI_139_1b1_PL,ICBHI_139,1,ICBHI,Litt3200,0.980949100414177,0
ICBHI_139_1b1_PL_001,ICBHI_139_1b1_PL,ICBHI_139,1,ICBHI,Litt3200,0.982889110788156,0
ICBHI_139_1b1_PL_002,ICBHI_139_1b1_PL,ICBHI_139,1,ICBHI,Litt3200,0.9841546388118628,0
ICBHI_139_1b1_PL_003,ICBHI_139_1b1_PL,ICBHI_139,1,ICBHI,Litt3200,0.9852145923076094,0
ICBHI_139_1b1_PR_000,ICBHI_139_1b1_PR,ICBHI_139,1,ICBHI,Litt3200,0.9772842436755208,0
ICBHI_139_1b1_PR_001,ICBHI_139_1b1_PR,ICBHI_139,1,ICBHI,Litt3200,0.9799381975595722,0
ICBHI_139_1b1_PR_002,ICBHI_139_1b1_PR,ICBHI_139,1,ICBHI,Litt3200,0.9784259335698816,0
ICBHI_139_1b1_PR_003,ICBHI_139_1b1_PR,ICBHI_139,1,ICBHI,Litt3200,0.979706514428458,0
ICBHI_139_1b1_PR_004,ICBHI_139_1b1_PR,ICBHI_139,1,ICBHI,Litt3200,0.9839091258071756,0
ICBHI_144_1b1_AL_000,ICBHI_144_1b1_AL,ICBHI_144,0,ICBHI,Meditron,0.0034698907323152,0
ICBHI_144_1b1_AL_001,ICBHI_144_1b1_AL,ICBHI_144,0,ICBHI,Meditron,0.0077555367808475,0
ICBHI_144_1b1_AL_002,ICBHI_144_1b1_AL,ICBHI_144,0,ICBHI,Meditron,0.0196814090405329,0
ICBHI_144_1b1_AL_003,ICBHI_144_1b1_AL,ICBHI_144,0,ICBHI,Meditron,0.0247038696732291,0
ICBHI_144_1b1_AL_004,ICBHI_144_1b1_AL,ICBHI_144,0,ICBHI,Meditron,0.0992953977826455,0
ICBHI_144_1b1_AL_005,ICBHI_144_1b1_AL,ICBHI_144,0,ICBHI,Meditron,0.0547015126313711,0
ICBHI_144_1b1_TC_000,ICBHI_144_1b1_TC,ICBHI_144,0,ICBHI,Meditron,0.7568970420586438,0
ICBHI_144_1b1_TC_001,ICBHI_144_1b1_TC,ICBHI_144,0,ICBHI,Meditron,0.1917813724492648,0
ICBHI_144_1b1_TC_002,ICBHI_144_1b1_TC,ICBHI_144,0,ICBHI,Meditron,0.2634098761865284,0
ICBHI_144_1b1_TC_003,ICBHI_144_1b1_TC,ICBHI_144,0,ICBHI,Meditron,0.0640654324173803,0
ICBHI_144_1b1_TC_004,ICBHI_144_1b1_TC,ICBHI_144,0,ICBHI,Meditron,0.0466380400231876,0
ICBHI_144_1b1_TC_005,ICBHI_144_1b1_TC,ICBHI_144,0,ICBHI,Meditron,0.2372223384883484,0
ICBHI_144_1b1_TC_006,ICBHI_144_1b1_TC,ICBHI_144,0,ICBHI,Meditron,0.0017752605321058,0
ICBHI_153_1b1_AL_000,ICBHI_153_1b1_AL,ICBHI_153,0,ICBHI,Meditron,0.0076066721645232,0
ICBHI_153_1b1_AL_001,ICBHI_153_1b1_AL,ICBHI_153,0,ICBHI,Meditron,0.0251788417006018,0
ICBHI_153_1b1_AL_002,ICBHI_153_1b1_AL,ICBHI_153,0,ICBHI,Meditron,0.0173756645092195,0
ICBHI_153_1b1_AL_003,ICBHI_153_1b1_AL,ICBHI_153,0,ICBHI,Meditron,0.0252268253792879,0
ICBHI_153_1b1_AL_004,ICBHI_153_1b1_AL,ICBHI_153,0,ICBHI,Meditron,0.1669468600644051,0
ICBHI_153_1b1_AL_005,ICBHI_153_1b1_AL,ICBHI_153,0,ICBHI,Meditron,0.3572310989857258,0
ICBHI_153_1b1_AL_006,ICBHI_153_1b1_AL,ICBHI_153,0,ICBHI,Meditron,0.0094490813190554,0
ICBHI_171_1b1_AL_000,ICBHI_171_1b1_AL,ICBHI_171,0,ICBHI,Meditron,0.2076964108861831,0
ICBHI_171_1b1_AL_001,ICBHI_171_1b1_AL,ICBHI_171,0,ICBHI,Meditron,0.4471283286498576,0
ICBHI_171_1b1_AL_002,ICBHI_171_1b1_AL,ICBHI_171,0,ICBHI,Meditron,0.1322901951396476,0
ICBHI_171_1b1_AL_003,ICBHI_171_1b1_AL,ICBHI_171,0,ICBHI,Meditron,0.2365162364457076,0
ICBHI_171_1b1_AL_004,ICBHI_171_1b1_AL,ICBHI_171,0,ICBHI,Meditron,0.3181672877465323,0
ICBHI_171_1b1_AL_005,ICBHI_171_1b1_AL,ICBHI_171,0,ICBHI,Meditron,0.3317689259588373,0
ICBHI_171_1b1_AL_006,ICBHI_171_1b1_AL,ICBHI_171,0,ICBHI,Meditron,0.4609561157521573,0
ICBHI_174_1p2_AR_000,ICBHI_174_1p2_AR,ICBHI_174,1,ICBHI,AKGC417L,0.8877896276377429,0
ICBHI_174_1p2_AR_001,ICBHI_174_1p2_AR,ICBHI_174,1,ICBHI,AKGC417L,0.8925625233915799,0
ICBHI_174_1p2_AR_002,ICBHI_174_1p2_AR,ICBHI_174,1,ICBHI,AKGC417L,0.909103245693355,0
ICBHI_174_1p2_AR_003,ICBHI_174_1p2_AR,ICBHI_174,1,ICBHI,AKGC417L,0.8537908888084864,0
ICBHI_174_1p2_AR_004,ICBHI_174_1p2_AR,ICBHI_174,1,ICBHI,AKGC417L,0.8962513731336202,0
ICBHI_174_1p2_AR_005,ICBHI_174_1p2_AR,ICBHI_174,1,ICBHI,AKGC417L,0.8862236206549613,0
ICBHI_174_1p2_AR_006,ICBHI_174_1p2_AR,ICBHI_174,1,ICBHI,AKGC417L,0.8272706871360163,0
ICBHI_174_1p2_LL_000,ICBHI_174_1p2_LL,ICBHI_174,1,ICBHI,AKGC417L,0.9623206087688784,0
ICBHI_174_1p2_LL_001,ICBHI_174_1p2_LL,ICBHI_174,1,ICBHI,AKGC417L,0.965641310666991,0
ICBHI_174_1p2_LL_002,ICBHI_174_1p2_LL,ICBHI_174,1,ICBHI,AKGC417L,0.9681411443139596,0
ICBHI_174_1p2_LL_003,ICBHI_174_1p2_LL,ICBHI_174,1,ICBHI,AKGC417L,0.967100958652035,0
ICBHI_174_1p2_LL_004,ICBHI_174_1p2_LL,ICBHI_174,1,ICBHI,AKGC417L,0.9591542840900508,0
ICBHI_174_1p2_LL_005,ICBHI_174_1p2_LL,ICBHI_174,1,ICBHI,AKGC417L,0.9604354448677628,0
ICBHI_174_1p2_LL_006,ICBHI_174_1p2_LL,ICBHI_174,1,ICBHI,AKGC417L,0.9645224968348788,0
ICBHI_174_1p2_LR_000,ICBHI_174_1p2_LR,ICBHI_174,1,ICBHI,AKGC417L,0.957357608127398,0
ICBHI_174_1p2_LR_001,ICBHI_174_1p2_LR,ICBHI_174,1,ICBHI,AKGC417L,0.9648551535992068,0
ICBHI_174_1p2_LR_002,ICBHI_174_1p2_LR,ICBHI_174,1,ICBHI,AKGC417L,0.9643885866370536,0
ICBHI_174_1p2_LR_003,ICBHI_174_1p2_LR,ICBHI_174,1,ICBHI,AKGC417L,0.964254189725945,0
ICBHI_174_1p2_LR_004,ICBHI_174_1p2_LR,ICBHI_174,1,ICBHI,AKGC417L,0.9640516782107568,0
ICBHI_174_1p2_LR_005,ICBHI_174_1p2_LR,ICBHI_174,1,ICBHI,AKGC417L,0.9635062337709722,0
ICBHI_174_1p2_LR_006,ICBHI_174_1p2_LR,ICBHI_174,1,ICBHI,AKGC417L,0.9643885866370536,0
ICBHI_174_1p2_PL_000,ICBHI_174_1p2_PL,ICBHI_174,1,ICBHI,AKGC417L,0.9697281305754024,0
ICBHI_174_1p2_PL_001,ICBHI_174_1p2_PL,ICBHI_174,1,ICBHI,AKGC417L,0.9663470356814964,0
ICBHI_174_1p2_PL_002,ICBHI_174_1p2_PL,ICBHI_174,1,ICBHI,AKGC417L,0.9667888274293096,0
ICBHI_174_1p2_PL_003,ICBHI_174_1p2_PL,ICBHI_174,1,ICBHI,AKGC417L,0.9734434290045008,0
ICBHI_174_1p2_PL_004,ICBHI_174_1p2_PL,ICBHI_174,1,ICBHI,AKGC417L,0.9694979473172858,0
ICBHI_174_1p2_PL_005,ICBHI_174_1p2_PL,ICBHI_174,1,ICBHI,AKGC417L,0.967100958652035,0
ICBHI_174_1p2_PL_006,ICBHI_174_1p2_PL,ICBHI_174,1,ICBHI,AKGC417L,0.9639839292499328,0
ICBHI_174_1p2_PR_000,ICBHI_174_1p2_PR,ICBHI_174,1,ICBHI,AKGC417L,0.9639160573870332,0
ICBHI_174_1p2_PR_001,ICBHI_174_1p2_PR,ICBHI_174,1,ICBHI,AKGC417L,0.9412234441519332,0
ICBHI_174_1p2_PR_002,ICBHI_174_1p2_PR,ICBHI_174,1,ICBHI,AKGC417L,0.916708077443256,0
ICBHI_174_1p2_PR_003,ICBHI_174_1p2_PR,ICBHI_174,1,ICBHI,AKGC417L,0.9210741144349998,0
ICBHI_174_1p2_PR_004,ICBHI_174_1p2_PR,ICBHI_174,1,ICBHI,AKGC417L,0.8927496741072254,0
ICBHI_174_1p2_PR_005,ICBHI_174_1p2_PR,ICBHI_174,1,ICBHI,AKGC417L,0.927099726575378,0
ICBHI_174_1p2_PR_006,ICBHI_174_1p2_PR,ICBHI_174,1,ICBHI,AKGC417L,0.95938322225612,0
ICBHI_174_1p2_TC_000,ICBHI_174_1p2_TC,ICBHI_174,1,ICBHI,AKGC417L,0.9076402020521152,0
ICBHI_174_1p2_TC_001,ICBHI_174_1p2_TC,ICBHI_174,1,ICBHI,AKGC417L,0.8976952921073469,0
ICBHI_174_1p2_TC_002,ICBHI_174_1p2_TC,ICBHI_174,1,ICBHI,AKGC417L,0.922202551391991,0
ICBHI_174_1p2_TC_003,ICBHI_174_1p2_TC,ICBHI_174,1,ICBHI,AKGC417L,0.9241418199787566,0
ICBHI_174_1p2_TC_004,ICBHI_174_1p2_TC,ICBHI_174,1,ICBHI,AKGC417L,0.9323301890181837,0
ICBHI_174_1p2_TC_005,ICBHI_174_1p2_TC,ICBHI_174,1,ICBHI,AKGC417L,0.9376689641180752,0
ICBHI_174_1p2_TC_006,ICBHI_174_1p2_TC,ICBHI_174,1,ICBHI,AKGC417L,0.9237300338193294,0
ICBHI_174_1p3_AR_000,ICBHI_174_1p3_AR,ICBHI_174,1,ICBHI,AKGC417L,0.8707072458481652,0
ICBHI_174_1p3_AR_001,ICBHI_174_1p3_AR,ICBHI_174,1,ICBHI,AKGC417L,0.9142907207192192,0
ICBHI_174_1p3_AR_002,ICBHI_174_1p3_AR,ICBHI_174,1,ICBHI,AKGC417L,0.9412234441519332,0
ICBHI_174_1p3_AR_003,ICBHI_174_1p3_AR,ICBHI_174,1,ICBHI,AKGC417L,0.8097277575071378,0
ICBHI_174_1p3_AR_004,ICBHI_174_1p3_AR,ICBHI_174,1,ICBHI,AKGC417L,0.7781439548098582,0
ICBHI_174_1p3_AR_005,ICBHI_174_1p3_AR,ICBHI_174,1,ICBHI,AKGC417L,0.9036348952750146,0
ICBHI_174_1p3_AR_006,ICBHI_174_1p3_AR,ICBHI_174,1,ICBHI,AKGC417L,0.8879840490799963,0
ICBHI_174_1p3_LL_000,ICBHI_174_1p3_LL,ICBHI_174,1,ICBHI,AKGC417L,0.9728307684643188,0
ICBHI_174_1p3_LL_001,ICBHI_174_1p3_LL,ICBHI_174,1,ICBHI,AKGC417L,0.9706321458187712,0
ICBHI_174_1p3_LL_002,ICBHI_174_1p3_LL,ICBHI_174,1,ICBHI,AKGC417L,0.9674102552339746,0
ICBHI_174_1p3_LL_003,ICBHI_174_1p3_LL,ICBHI_174,1,ICBHI,AKGC417L,0.9680204398748076,0
ICBHI_174_1p3_LL_004,ICBHI_174_1p3_LL,ICBHI_174,1,ICBHI,AKGC417L,0.9633686333603796,0
ICBHI_174_1p3_LL_005,ICBHI_174_1p3_LL,ICBHI_174,1,ICBHI,AKGC417L,0.966410494349896,0
ICBHI_174_1p3_LL_006,ICBHI_174_1p3_LL,ICBHI_174,1,ICBHI,AKGC417L,0.971401639453534,0
ICBHI_174_1p3_LR_000,ICBHI_174_1p3_LR,ICBHI_174,1,ICBHI,AKGC417L,0.9728823439906924,0
ICBHI_174_1p3_LR_001,ICBHI_174_1p3_LR,ICBHI_174,1,ICBHI,AKGC417L,0.9709092429574352,0
ICBHI_174_1p3_LR_002,ICBHI_174_1p3_LR,ICBHI_174,1,ICBHI,AKGC417L,0.9660920419951724,0
ICBHI_174_1p3_LR_003,ICBHI_174_1p3_LR,ICBHI_174,1,ICBHI,AKGC417L,0.9617499409068964,0
ICBHI_174_1p3_LR_004,ICBHI_174_1p3_LR,ICBHI_174,1,ICBHI,AKGC417L,0.9625324931014264,0
ICBHI_174_1p3_LR_005,ICBHI_174_1p3_LR,ICBHI_174,1,ICBHI,AKGC417L,0.9613165029135924,0
ICBHI_174_1p3_LR_006,ICBHI_174_1p3_LR,ICBHI_174,1,ICBHI,AKGC417L,0.96621977103159,0
ICBHI_174_1p3_PL_000,ICBHI_174_1p3_PL,ICBHI_174,1,ICBHI,AKGC417L,0.9745803476190712,0
ICBHI_174_1p3_PL_001,ICBHI_174_1p3_PL,ICBHI_174,1,ICBHI,AKGC417L,0.9694401371418672,0
ICBHI_174_1p3_PL_002,ICBHI_174_1p3_PL,ICBHI_174,1,ICBHI,AKGC417L,0.9665370653480092,0
ICBHI_174_1p3_PL_003,ICBHI_174_1p3_PL,ICBHI_174,1,ICBHI,AKGC417L,0.9737446992106472,0
ICBHI_174_1p3_PL_004,ICBHI_174_1p3_PL,ICBHI_174,1,ICBHI,AKGC417L,0.9723097416304984,0
ICBHI_174_1p3_PL_005,ICBHI_174_1p3_PL,ICBHI_174,1,ICBHI,AKGC417L,0.9664738375071954,0
ICBHI_174_1p3_PL_006,ICBHI_174_1p3_PL,ICBHI_174,1,ICBHI,AKGC417L,0.9726235112216486,0
ICBHI_174_1p3_PR_000,ICBHI_174_1p3_PR,ICBHI_174,1,ICBHI,AKGC417L,0.9667888274293096,0
ICBHI_174_1p3_PR_001,ICBHI_174_1p3_PR,ICBHI_174,1,ICBHI,AKGC417L,0.9677777030339422,0
ICBHI_174_1p3_PR_002,ICBHI_174_1p3_PR,ICBHI_174,1,ICBHI,AKGC417L,0.9596109312691484,0
ICBHI_174_1p3_PR_003,ICBHI_174_1p3_PR,ICBHI_174,1,ICBHI,AKGC417L,0.9705205917252118,0
ICBHI_174_1p3_PR_004,ICBHI_174_1p3_PR,ICBHI_174,1,ICBHI,AKGC417L,0.9711838031967466,0
ICBHI_174_1p3_PR_005,ICBHI_174_1p3_PR,ICBHI_174,1,ICBHI,AKGC417L,0.9523087167764016,0
ICBHI_174_1p3_PR_006,ICBHI_174_1p3_PR,ICBHI_174,1,ICBHI,AKGC417L,0.929823701560032,0
ICBHI_174_1p3_TC_000,ICBHI_174_1p3_TC,ICBHI_174,1,ICBHI,AKGC417L,0.8766343756272444,0
ICBHI_174_1p3_TC_001,ICBHI_174_1p3_TC,ICBHI_174,1,ICBHI,AKGC417L,0.8973359904266346,0
ICBHI_174_1p3_TC_002,ICBHI_174_1p3_TC,ICBHI_174,1,ICBHI,AKGC417L,0.93789687838626,0
ICBHI_174_1p3_TC_003,ICBHI_174_1p3_TC,ICBHI_174,1,ICBHI,AKGC417L,0.9008791448995754,0
ICBHI_174_1p3_TC_004,ICBHI_174_1p3_TC,ICBHI_174,1,ICBHI,AKGC417L,0.9066531214804244,0
ICBHI_174_1p3_TC_005,ICBHI_174_1p3_TC,ICBHI_174,1,ICBHI,AKGC417L,0.8875949114621223,0
ICBHI_174_1p3_TC_006,ICBHI_174_1p3_TC,ICBHI_174,1,ICBHI,AKGC417L,0.8938665640830568,0
ICBHI_174_1p4_AR_000,ICBHI_174_1p4_AR,ICBHI_174,1,ICBHI,AKGC417L,0.951323427968294,0
ICBHI_174_1p4_AR_001,ICBHI_174_1p4_AR,ICBHI_174,1,ICBHI,AKGC417L,0.896975571673783,0
ICBHI_174_1p4_AR_002,ICBHI_174_1p4_AR,ICBHI_174,1,ICBHI,AKGC417L,0.888758793492457,0
ICBHI_174_1p4_AR_003,ICBHI_174_1p4_AR,ICBHI_174,1,ICBHI,AKGC417L,0.9178933729531492,0
ICBHI_174_1p4_AR_004,ICBHI_174_1p4_AR,ICBHI_174,1,ICBHI,AKGC417L,0.9459013026311742,0
ICBHI_174_1p4_AR_005,ICBHI_174_1p4_AR,ICBHI_174,1,ICBHI,AKGC417L,0.952925824178976,0
ICBHI_174_1p4_AR_006,ICBHI_174_1p4_AR,ICBHI_174,1,ICBHI,AKGC417L,0.9394706097974612,0
ICBHI_174_1p4_LL_000,ICBHI_174_1p4_LL,ICBHI_174,1,ICBHI,AKGC417L,0.9629528313309248,0
ICBHI_174_1p4_LL_001,ICBHI_174_1p4_LL,ICBHI_174,1,ICBHI,AKGC417L,0.9643214491222696,0
ICBHI_174_1p4_LL_002,ICBHI_174_1p4_LL,ICBHI_174,1,ICBHI,AKGC417L,0.9678385537098224,0
ICBHI_174_1p4_LL_003,ICBHI_174_1p4_LL,ICBHI_174,1,ICBHI,AKGC417L,0.9696132500732396,0
ICBHI_174_1p4_LL_004,ICBHI_174_1p4_LL,ICBHI_174,1,ICBHI,AKGC417L,0.9667888274293096,0
ICBHI_174_1p4_LL_005,ICBHI_174_1p4_LL,ICBHI_174,1,ICBHI,AKGC417L,0.9639839292499328,0
ICBHI_174_1p4_LL_006,ICBHI_174_1p4_LL,ICBHI_174,1,ICBHI,AKGC417L,0.9651848037780948,0
ICBHI_174_1p4_LR_000,ICBHI_174_1p4_LR,ICBHI_174,1,ICBHI,AKGC417L,0.9623913644941934,0
ICBHI_174_1p4_LR_001,ICBHI_174_1p4_LR,ICBHI_174,1,ICBHI,AKGC417L,0.9685601495215692,0
ICBHI_174_1p4_LR_002,ICBHI_174_1p4_LR,ICBHI_174,1,ICBHI,AKGC417L,0.9694979473172858,0
ICBHI_174_1p4_LR_003,ICBHI_174_1p4_LR,ICBHI_174,1,ICBHI,AKGC417L,0.9734434290045008,0
ICBHI_174_1p4_LR_004,ICBHI_174_1p4_LR,ICBHI_174,1,ICBHI,AKGC417L,0.9723097416304984,0
ICBHI_174_1p4_LR_005,ICBHI_174_1p4_LR,ICBHI_174,1,ICBHI,AKGC417L,0.963299646124226,0
ICBHI_174_1p4_LR_006,ICBHI_174_1p4_LR,ICBHI_174,1,ICBHI,AKGC417L,0.9570375284337568,0
ICBHI_174_1p4_PL_000,ICBHI_174_1p4_PL,ICBHI_174,1,ICBHI,AKGC417L,0.9722571081173828,0
ICBHI_174_1p4_PL_001,ICBHI_174_1p4_PL,ICBHI_174,1,ICBHI,AKGC417L,0.9735442241838218,0
ICBHI_174_1p4_PL_002,ICBHI_174_1p4_PL,ICBHI_174,1,ICBHI,AKGC417L,0.975854577282535,0
ICBHI_174_1p4_PL_003,ICBHI_174_1p4_PL,ICBHI_174,1,ICBHI,AKGC417L,0.9770664357676162,0
ICBHI_174_1p4_PL_004,ICBHI_174_1p4_PL,ICBHI_174,1,ICBHI,AKGC417L,0.9791955100493928,0
ICBHI_174_1p4_PL_005,ICBHI_174_1p4_PL,ICBHI_174,1,ICBHI,AKGC417L,0.9681411443139596,0
ICBHI_174_1p4_PL_006,ICBHI_174_1p4_PL,ICBHI_174,1,ICBHI,AKGC417L,0.961893381187516,0
ICBHI_174_1p4_PR_000,ICBHI_174_1p4_PR,ICBHI_174,1,ICBHI,AKGC417L,0.95953516446685,0
ICBHI_174_1p4_PR_001,ICBHI_174_1p4_PR,ICBHI_174,1,ICBHI,AKGC417L,0.9632305339244012,0
ICBHI_174_1p4_PR_002,ICBHI_174_1p4_PR,ICBHI_174,1,ICBHI,AKGC417L,0.9575961713681532,0
ICBHI_174_1p4_PR_003,ICBHI_174_1p4_PR,ICBHI_174,1,ICBHI,AKGC417L,0.9616780264794544,0
ICBHI_174_1p4_PR_004,ICBHI_174_1p4_PR,ICBHI_174,1,ICBHI,AKGC417L,0.9605836125678284,0
ICBHI_174_1p4_PR_005,ICBHI_174_1p4_PR,ICBHI_174,1,ICBHI,AKGC417L,0.9455001256588014,0
ICBHI_174_1p4_PR_006,ICBHI_174_1p4_PR,ICBHI_174,1,ICBHI,AKGC417L,0.9339146213324512,0
ICBHI_174_1p4_TC_000,ICBHI_174_1p4_TC,ICBHI_174,1,ICBHI,AKGC417L,0.8960696214948621,0
ICBHI_174_1p4_TC_001,ICBHI_174_1p4_TC,ICBHI_174,1,ICBHI,AKGC417L,0.8678218637325634,0
ICBHI_174_1p4_TC_002,ICBHI_174_1p4_TC,ICBHI_174,1,ICBHI,AKGC417L,0.8891444050747391,0
ICBHI_174_1p4_TC_003,ICBHI_174_1p4_TC,ICBHI_174,1,ICBHI,AKGC417L,0.8854334959262264,0
ICBHI_174_1p4_TC_004,ICBHI_174_1p4_TC,ICBHI_174,1,ICBHI,AKGC417L,0.90648769084615,0
ICBHI_174_1p4_TC_005,ICBHI_174_1p4_TC,ICBHI_174,1,ICBHI,AKGC417L,0.8786270185919375,0
ICBHI_174_1p4_TC_006,ICBHI_174_1p4_TC,ICBHI_174,1,ICBHI,AKGC417L,0.855005744409101,0
ICBHI_174_2p3_AL_000,ICBHI_174_2p3_AL,ICBHI_174,1,ICBHI,AKGC417L,0.8589553730585133,0
ICBHI_174_2p3_AL_001,ICBHI_174_2p3_AL,ICBHI_174,1,ICBHI,AKGC417L,0.905656588171878,0
ICBHI_174_2p3_AL_002,ICBHI_174_2p3_AL,ICBHI_174,1,ICBHI,AKGC417L,0.8688267762381844,0
ICBHI_174_2p3_AL_003,ICBHI_174_2p3_AL,ICBHI_174,1,ICBHI,AKGC417L,0.6975059041053338,0
ICBHI_174_2p3_AL_004,ICBHI_174_2p3_AL,ICBHI_174,1,ICBHI,AKGC417L,0.7255514089837269,0
ICBHI_174_2p3_AL_005,ICBHI_174_2p3_AL,ICBHI_174,1,ICBHI,AKGC417L,0.8220463178605846,0
ICBHI_174_2p3_AL_006,ICBHI_174_2p3_AL,ICBHI_174,1,ICBHI,AKGC417L,0.8059378442492656,0
ICBHI_174_2p3_AR_000,ICBHI_174_2p3_AR,ICBHI_174,1,ICBHI,AKGC417L,0.9735442241838218,0
ICBHI_174_2p3_AR_001,ICBHI_174_2p3_AR,ICBHI_174,1,ICBHI,AKGC417L,0.9720986237904434,0
ICBHI_174_2p3_AR_002,ICBHI_174_2p3_AR,ICBHI_174,1,ICBHI,AKGC417L,0.9706321458187712,0
ICBHI_174_2p3_AR_003,ICBHI_174_2p3_AR,ICBHI_174,1,ICBHI,AKGC417L,0.9758085141318648,0
ICBHI_174_2p3_AR_004,ICBHI_174_2p3_AR,ICBHI_174,1,ICBHI,AKGC417L,0.9735944821139187,0
ICBHI_174_2p3_AR_005,ICBHI_174_2p3_AR,ICBHI_174,1,ICBHI,AKGC417L,0.9695556515673754,0
ICBHI_174_2p3_AR_006,ICBHI_174_2p3_AR,ICBHI_174,1,ICBHI,AKGC417L,0.972151549366048,0
ICBHI_174_2p3_PL_000,ICBHI_174_2p3_PL,ICBHI_174,1,ICBHI,AKGC417L,0.955402423772614,0
ICBHI_174_2p3_PL_001,ICBHI_174_2p3_PL,ICBHI_174,1,ICBHI,AKGC417L,0.9599877311118368,0
ICBHI_174_2p3_PL_002,ICBHI_174_2p3_PL,ICBHI_174,1,ICBHI,AKGC417L,0.95275028649851,0
ICBHI_174_2p3_PL_003,ICBHI_174_2p3_PL,ICBHI_174,1,ICBHI,AKGC417L,0.9531007418201308,0
ICBHI_174_2p3_PL_004,ICBHI_174_2p3_PL,ICBHI_174,1,ICBHI,AKGC417L,0.9511422213778252,0
ICBHI_174_2p3_PL_005,ICBHI_174_2p3_PL,ICBHI_174,1,ICBHI,AKGC417L,0.9508692112458992,0
ICBHI_174_2p3_PL_006,ICBHI_174_2p3_PL,ICBHI_174,1,ICBHI,AKGC417L,0.9540517926508258,0
ICBHI_174_2p3_PR_000,ICBHI_174_2p3_PR,ICBHI_174,1,ICBHI,AKGC417L,0.9530133603823692,0
ICBHI_174_2p3_PR_001,ICBHI_174_2p3_PR,ICBHI_174,1,ICBHI,AKGC417L,0.9559813501370537,0
ICBHI_174_2p3_PR_002,ICBHI_174_2p3_PR,ICBHI_174,1,ICBHI,AKGC417L,0.9504109770159684,0
ICBHI_174_2p3_PR_003,ICBHI_174_2p3_PR,ICBHI_174,1,ICBHI,AKGC417L,0.9549004305956024,0
ICBHI_174_2p3_PR_004,ICBHI_174_2p3_PR,ICBHI_174,1,ICBHI,AKGC417L,0.9555685679752156,0
ICBHI_174_2p3_PR_005,ICBHI_174_2p3_PR,ICBHI_174,1,ICBHI,AKGC417L,0.9496693674025232,0
ICBHI_174_2p3_PR_006,ICBHI_174_2p3_PR,ICBHI_174,1,ICBHI,AKGC417L,0.9365176378735216,0
ICBHI_174_2p3_TC_000,ICBHI_174_2p3_TC,ICBHI_174,1,ICBHI,AKGC417L,0.8604864257250425,0
ICBHI_174_2p3_TC_001,ICBHI_174_2p3_TC,ICBHI_174,1,ICBHI,AKGC417L,0.7543725361962167,0
ICBHI_174_2p3_TC_002,ICBHI_174_2p3_TC,ICBHI_174,1,ICBHI,AKGC417L,0.8590736431530852,0
ICBHI_174_2p3_TC_003,ICBHI_174_2p3_TC,ICBHI_174,1,ICBHI,AKGC417L,0.9149009549929796,0
ICBHI_174_2p3_TC_004,ICBHI_174_2p3_TC,ICBHI_174,1,ICBHI,AKGC417L,0.9238675232288402,0
ICBHI_174_2p3_TC_005,ICBHI_174_2p3_TC,ICBHI_174,1,ICBHI,AKGC417L,0.9155072460249908,0
ICBHI_174_2p3_TC_006,ICBHI_174_2p3_TC,ICBHI_174,1,ICBHI,AKGC417L,0.8756807181474986,0
ICBHI_177_1b2_AL_000,ICBHI_177_1b2_AL,ICBHI_177,1,ICBHI,AKGC417L,0.9560634664484896,0
ICBHI_177_1b2_AL_001,ICBHI_177_1b2_AL,ICBHI_177,1,ICBHI,AKGC417L,0.9326989254151,0
ICBHI_177_1b2_AL_002,ICBHI_177_1b2_AL,ICBHI_177,1,ICBHI,AKGC417L,0.943243103543508,0
ICBHI_177_1b2_AL_003,ICBHI_177_1b2_AL,ICBHI_177,1,ICBHI,AKGC417L,0.9717790128704672,0
ICBHI_177_1b2_AL_004,ICBHI_177_1b2_AL,ICBHI_177,1,ICBHI,AKGC417L,0.9594592615365182,0
ICBHI_177_1b2_AL_005,ICBHI_177_1b2_AL,ICBHI_177,1,ICBHI,AKGC417L,0.9726754691350322,0
ICBHI_177_1b2_AL_006,ICBHI_177_1b2_AL,ICBHI_177,1,ICBHI,AKGC417L,0.9657706774216144,0
ICBHI_177_1b2_AR_000,ICBHI_177_1b2_AR,ICBHI_177,1,ICBHI,AKGC417L,0.9496693674025232,0
ICBHI_177_1b2_AR_001,ICBHI_177_1b2_AR,ICBHI_177,1,ICBHI,AKGC417L,0.9253649611035,0
ICBHI_177_1b2_AR_002,ICBHI_177_1b2_AR,ICBHI_177,1,ICBHI,AKGC417L,0.9263037302939516,0
ICBHI_177_1b2_AR_003,ICBHI_177_1b2_AR,ICBHI_177,1,ICBHI,AKGC417L,0.9744347860767304,0
ICBHI_177_1b2_AR_004,ICBHI_177_1b2_AR,ICBHI_177,1,ICBHI,AKGC417L,0.9715099574136776,0
ICBHI_177_1b2_AR_005,ICBHI_177_1b2_AR,ICBHI_177,1,ICBHI,AKGC417L,0.9677777030339422,0
ICBHI_177_1b2_AR_006,ICBHI_177_1b2_AR,ICBHI_177,1,ICBHI,AKGC417L,0.9796287059913455,0
ICBHI_177_1b2_LR_000,ICBHI_177_1b2_LR,ICBHI_177,1,ICBHI,AKGC417L,0.9740919790859393,0
ICBHI_177_1b2_LR_001,ICBHI_177_1b2_LR,ICBHI_177,1,ICBHI,AKGC417L,0.9538802504524166,0
ICBHI_177_1b2_LR_002,ICBHI_177_1b2_LR,ICBHI_177,1,ICBHI,AKGC417L,0.9486324916130384,0
ICBHI_177_1b2_LR_003,ICBHI_177_1b2_LR,ICBHI_177,1,ICBHI,AKGC417L,0.9815597909507104,0
ICBHI_177_1b2_LR_004,ICBHI_177_1b2_LR,ICBHI_177,1,ICBHI,AKGC417L,0.9800148480052566,0
ICBHI_177_1b2_LR_005,ICBHI_177_1b2_LR,ICBHI_177,1,ICBHI,AKGC417L,0.9815244057904552,0
ICBHI_177_1b2_LR_006,ICBHI_177_1b2_LR,ICBHI_177,1,ICBHI,AKGC417L,0.9787938797980108,0
ICBHI_177_1b2_PL_000,ICBHI_177_1b2_PL,ICBHI_177,1,ICBHI,AKGC417L,0.9809125661798574,0
ICBHI_177_1b2_PL_001,ICBHI_177_1b2_PL,ICBHI_177,1,ICBHI,AKGC417L,0.953621794005189,0
ICBHI_177_1b2_PL_002,ICBHI_177_1b2_PL,ICBHI_177,1,ICBHI,AKGC417L,0.9535353360498288,0
ICBHI_177_1b2_PL_003,ICBHI_177_1b2_PL,ICBHI_177,1,ICBHI,AKGC417L,0.9734434290045008,0
ICBHI_177_1b2_PL_004,ICBHI_177_1b2_PL,ICBHI_177,1,ICBHI,AKGC417L,0.966410494349896,0
ICBHI_177_1b2_PL_005,ICBHI_177_1b2_PL,ICBHI_177,1,ICBHI,AKGC417L,0.9723097416304984,0
ICBHI_177_1b2_PL_006,ICBHI_177_1b2_PL,ICBHI_177,1,ICBHI,AKGC417L,0.9806178087982642,0
ICBHI_177_1b2_PR_000,ICBHI_177_1b2_PR,ICBHI_177,1,ICBHI,AKGC417L,0.9581478679075386,0
ICBHI_177_1b2_PR_001,ICBHI_177_1b2_PR,ICBHI_177,1,ICBHI,AKGC417L,0.9388007742267246,0
ICBHI_177_1b2_PR_002,ICBHI_177_1b2_PR,ICBHI_177,1,ICBHI,AKGC417L,0.9633686333603796,0
ICBHI_177_1b2_PR_003,ICBHI_177_1b2_PR,ICBHI_177,1,ICBHI,AKGC417L,0.9800148480052566,0
ICBHI_177_1b2_PR_004,ICBHI_177_1b2_PR,ICBHI_177,1,ICBHI,AKGC417L,0.9764456684220548,0
ICBHI_177_1b2_PR_005,ICBHI_177_1b2_PR,ICBHI_177,1,ICBHI,AKGC417L,0.9748690530618772,0
ICBHI_177_1b2_PR_006,ICBHI_177_1b2_PR,ICBHI_177,1,ICBHI,AKGC417L,0.9781771750265408,0
ICBHI_177_1b2_TC_000,ICBHI_177_1b2_TC,ICBHI_177,1,ICBHI,AKGC417L,0.9741412240872888,0
ICBHI_177_1b2_TC_001,ICBHI_177_1b2_TC,ICBHI_177,1,ICBHI,AKGC417L,0.974773174620712,0
ICBHI_177_1b2_TC_002,ICBHI_177_1b2_TC,ICBHI_177,1,ICBHI,AKGC417L,0.9623206087688784,0
ICBHI_177_1b2_TC_003,ICBHI_177_1b2_TC,ICBHI_177,1,ICBHI,AKGC417L,0.9546474194456936,0
ICBHI_177_1b2_TC_004,ICBHI_177_1b2_TC,ICBHI_177,1,ICBHI,AKGC417L,0.975946447105574,0
ICBHI_177_1b2_TC_005,ICBHI_177_1b2_TC,ICBHI_177,1,ICBHI,AKGC417L,0.9766246849598732,0
ICBHI_177_1b2_TC_006,ICBHI_177_1b2_TC,ICBHI_177,1,ICBHI,AKGC417L,0.9639160573870332,0
ICBHI_177_1b4_AL_000,ICBHI_177_1b4_AL,ICBHI_177,1,ICBHI,AKGC417L,0.4640210329070965,0
ICBHI_177_1b4_AL_001,ICBHI_177_1b4_AL,ICBHI_177,1,ICBHI,AKGC417L,0.4259036764123496,0
ICBHI_177_1b4_AL_002,ICBHI_177_1b4_AL,ICBHI_177,1,ICBHI,AKGC417L,0.7394224220868858,0
ICBHI_177_1b4_AL_003,ICBHI_177_1b4_AL,ICBHI_177,1,ICBHI,AKGC417L,0.9613165029135924,0
ICBHI_177_1b4_AL_004,ICBHI_177_1b4_AL,ICBHI_177,1,ICBHI,AKGC417L,0.9788748081040518,0
ICBHI_177_1b4_AL_005,ICBHI_177_1b4_AL,ICBHI_177,1,ICBHI,AKGC417L,0.9661559646595076,0
ICBHI_177_1b4_AL_006,ICBHI_177_1b4_AL,ICBHI_177,1,ICBHI,AKGC417L,0.9657706774216144,0
ICBHI_177_1b4_AR_000,ICBHI_177_1b4_AR,ICBHI_177,1,ICBHI,AKGC417L,0.9521309935238556,0
ICBHI_177_1b4_AR_001,ICBHI_177_1b4_AR,ICBHI_177,1,ICBHI,AKGC417L,0.9402434135995512,0
ICBHI_177_1b4_AR_002,ICBHI_177_1b4_AR,ICBHI_177,1,ICBHI,AKGC417L,0.9395815801038564,0
ICBHI_177_1b4_AR_003,ICBHI_177_1b4_AR,ICBHI_177,1,ICBHI,AKGC417L,0.9492946352021694,0
ICBHI_177_1b4_AR_004,ICBHI_177_1b4_AR,ICBHI_177,1,ICBHI,AKGC417L,0.9746286885255978,0
ICBHI_177_1b4_AR_005,ICBHI_177_1b4_AR,ICBHI_177,1,ICBHI,AKGC417L,0.9733422603160212,0
ICBHI_177_1b4_AR_006,ICBHI_177_1b4_AR,ICBHI_177,1,ICBHI,AKGC417L,0.9579122720843812,0
ICBHI_177_1b4_LR_000,ICBHI_177_1b4_LR,ICBHI_177,1,ICBHI,AKGC417L,0.9521309935238556,0
ICBHI_177_1b4_LR_001,ICBHI_177_1b4_LR,ICBHI_177,1,ICBHI,AKGC417L,0.9364014209523384,0
ICBHI_177_1b4_LR_002,ICBHI_177_1b4_LR,ICBHI_177,1,ICBHI,AKGC417L,0.8540345328871686,0
ICBHI_177_1b4_LR_003,ICBHI_177_1b4_LR,ICBHI_177,1,ICBHI,AKGC417L,0.870156561979502,0
ICBHI_177_1b4_LR_004,ICBHI_177_1b4_LR,ICBHI_177,1,ICBHI,AKGC417L,0.9223425628560776,0
ICBHI_177_1b4_LR_005,ICBHI_177_1b4_LR,ICBHI_177,1,ICBHI,AKGC417L,0.9110215117615452,0
ICBHI_177_1b4_LR_006,ICBHI_177_1b4_LR,ICBHI_177,1,ICBHI,AKGC417L,0.9305845275935024,0
ICBHI_177_1b4_PL_000,ICBHI_177_1b4_PL,ICBHI_177,1,ICBHI,AKGC417L,0.9774139572136528,0
ICBHI_177_1b4_PL_001,ICBHI_177_1b4_PL,ICBHI_177,1,ICBHI,AKGC417L,0.9491062801381662,0
ICBHI_177_1b4_PL_002,ICBHI_177_1b4_PL,ICBHI_177,1,ICBHI,AKGC417L,0.9448931005611606,0
ICBHI_177_1b4_PL_003,ICBHI_177_1b4_PL,ICBHI_177,1,ICBHI,AKGC417L,0.969670743015721,0
ICBHI_177_1b4_PL_004,ICBHI_177_1b4_PL,ICBHI_177,1,ICBHI,AKGC417L,0.9774139572136528,0
ICBHI_177_1b4_PL_005,ICBHI_177_1b4_PL,ICBHI_177,1,ICBHI,AKGC417L,0.9778834111979204,0
ICBHI_177_1b4_PL_006,ICBHI_177_1b4_PL,ICBHI_177,1,ICBHI,AKGC417L,0.977110159887611,0
ICBHI_177_1b4_PR_000,ICBHI_177_1b4_PR,ICBHI_177,1,ICBHI,AKGC417L,0.9820826552325288,0
ICBHI_177_1b4_PR_001,ICBHI_177_1b4_PR,ICBHI_177,1,ICBHI,AKGC417L,0.9840936082881852,0
ICBHI_177_1b4_PR_002,ICBHI_177_1b4_PR,ICBHI_177,1,ICBHI,AKGC417L,0.9837849698906836,0
ICBHI_177_1b4_PR_003,ICBHI_177_1b4_PR,ICBHI_177,1,ICBHI,AKGC417L,0.9851003567309808,0
ICBHI_177_1b4_PR_004,ICBHI_177_1b4_PR,ICBHI_177,1,ICBHI,AKGC417L,0.9877587247081928,0
ICBHI_177_1b4_PR_005,ICBHI_177_1b4_PR,ICBHI_177,1,ICBHI,AKGC417L,0.9839091258071756,0
ICBHI_177_1b4_PR_006,ICBHI_177_1b4_PR,ICBHI_177,1,ICBHI,AKGC417L,0.9844563520692292,0
ICBHI_177_1b4_TC_000,ICBHI_177_1b4_TC,ICBHI_177,1,ICBHI,AKGC417L,0.9791157841059936,0
ICBHI_177_1b4_TC_001,ICBHI_177_1b4_TC,ICBHI_177,1,ICBHI,AKGC417L,0.980949100414177,0
ICBHI_177_1b4_TC_002,ICBHI_177_1b4_TC,ICBHI_177,1,ICBHI,AKGC417L,0.9782188286685004,0
ICBHI_177_1b4_TC_003,ICBHI_177_1b4_TC,ICBHI_177,1,ICBHI,AKGC417L,0.9756234030788976,0
ICBHI_177_1b4_TC_004,ICBHI_177_1b4_TC,ICBHI_177,1,ICBHI,AKGC417L,0.972151549366048,0
ICBHI_177_1b4_TC_005,ICBHI_177_1b4_TC,ICBHI_177,1,ICBHI,AKGC417L,0.9753431444580398,0
ICBHI_177_1b4_TC_006,ICBHI_177_1b4_TC,ICBHI_177,1,ICBHI,AKGC417L,0.975154563105731,0
ICBHI_177_2b4_AL_000,ICBHI_177_2b4_AL,ICBHI_177,1,ICBHI,AKGC417L,0.969785412932606,0
ICBHI_177_2b4_AL_001,ICBHI_177_2b4_AL,ICBHI_177,1,ICBHI,AKGC417L,0.9769787427100676,0
ICBHI_177_2b4_AL_002,ICBHI_177_2b4_AL,ICBHI_177,1,ICBHI,AKGC417L,0.9799765587105448,0
ICBHI_177_2b4_AL_003,ICBHI_177_2b4_AL,ICBHI_177,1,ICBHI,AKGC417L,0.9760836129001416,0
ICBHI_177_2b4_AL_004,ICBHI_177_2b4_AL,ICBHI_177,1,ICBHI,AKGC417L,0.9688561694652216,0
ICBHI_177_2b4_AL_005,ICBHI_177_2b4_AL,ICBHI_177,1,ICBHI,AKGC417L,0.9791157841059936,0
ICBHI_177_2b4_AL_006,ICBHI_177_2b4_AL,ICBHI_177,1,ICBHI,AKGC417L,0.9791157841059936,0
ICBHI_177_2b4_LR_000,ICBHI_177_2b4_LR,ICBHI_177,1,ICBHI,AKGC417L,0.958382202225562,0
ICBHI_177_2b4_LR_001,ICBHI_177_2b4_LR,ICBHI_177,1,ICBHI,AKGC417L,0.9613165029135924,0
ICBHI_177_2b4_LR_002,ICBHI_177_2b4_LR,ICBHI_177,1,ICBHI,AKGC417L,0.9637117023352416,0
ICBHI_177_2b4_LR_003,ICBHI_177_2b4_LR,ICBHI_177,1,ICBHI,AKGC417L,0.9579122720843812,0
ICBHI_177_2b4_LR_004,ICBHI_177_2b4_LR,ICBHI_177,1,ICBHI,AKGC417L,0.9630224454648544,0
ICBHI_177_2b4_LR_005,ICBHI_177_2b4_LR,ICBHI_177,1,ICBHI,AKGC417L,0.9631612965532385,0
ICBHI_177_2b4_LR_006,ICBHI_177_2b4_LR,ICBHI_177,1,ICBHI,AKGC417L,0.9558990874315896,0
ICBHI_177_2b4_PL_000,ICBHI_177_2b4_PL,ICBHI_177,1,ICBHI,AKGC417L,0.9729852096621656,0
ICBHI_177_2b4_PL_001,ICBHI_177_2b4_PL,ICBHI_177,1,ICBHI,AKGC417L,0.9744347860767304,0
ICBHI_177_2b4_PL_002,ICBHI_177_2b4_PL,ICBHI_177,1,ICBHI,AKGC417L,0.9740919790859393,0
ICBHI_177_2b4_PL_003,ICBHI_177_2b4_PL,ICBHI_177,1,ICBHI,AKGC417L,0.97241471777321,0
ICBHI_177_2b4_PL_004,ICBHI_177_2b4_PL,ICBHI_177,1,ICBHI,AKGC417L,0.9734938732014706,0
ICBHI_177_2b4_PL_005,ICBHI_177_2b4_PL,ICBHI_177,1,ICBHI,AKGC417L,0.9643885866370536,0
ICBHI_177_2b4_PL_006,ICBHI_177_2b4_PL,ICBHI_177,1,ICBHI,AKGC417L,0.9722571081173828,0
ICBHI_177_2b4_PR_000,ICBHI_177_2b4_PR,ICBHI_177,1,ICBHI,AKGC417L,0.9706321458187712,0
ICBHI_177_2b4_PR_001,ICBHI_177_2b4_PR,ICBHI_177,1,ICBHI,AKGC417L,0.9733928914303028,0
ICBHI_177_2b4_PR_002,ICBHI_177_2b4_PR,ICBHI_177,1,ICBHI,AKGC417L,0.9761746325522288,0
ICBHI_177_2b4_PR_003,ICBHI_177_2b4_PR,ICBHI_177,1,ICBHI,AKGC417L,0.9757623652873698,0
ICBHI_177_2b4_PR_004,ICBHI_177_2b4_PR,ICBHI_177,1,ICBHI,AKGC417L,0.9727790975901732,0
ICBHI_177_2b4_PR_005,ICBHI_177_2b4_PR,ICBHI_177,1,ICBHI,AKGC417L,0.9740426428022032,0
ICBHI_177_2b4_PR_006,ICBHI_177_2b4_PR,ICBHI_177,1,ICBHI,AKGC417L,0.976355659124078,0
ICBHI_177_2b4_TC_000,ICBHI_177_2b4_TC,ICBHI_177,1,ICBHI,AKGC417L,0.9632305339244012,0
ICBHI_177_2b4_TC_001,ICBHI_177_2b4_TC,ICBHI_177,1,ICBHI,AKGC417L,0.9637117023352416,0
ICBHI_177_2b4_TC_002,ICBHI_177_2b4_TC,ICBHI_177,1,ICBHI,AKGC417L,0.9373256283116482,0
ICBHI_177_2b4_TC_003,ICBHI_177_2b4_TC,ICBHI_177,1,ICBHI,AKGC417L,0.9498557486112288,0
ICBHI_177_2b4_TC_004,ICBHI_177_2b4_TC,ICBHI_177,1,ICBHI,AKGC417L,0.964788863578424,0
ICBHI_177_2b4_TC_005,ICBHI_177_2b4_TC,ICBHI_177,1,ICBHI,AKGC417L,0.9500414759334156,0
ICBHI_177_2b4_TC_006,ICBHI_177_2b4_TC,ICBHI_177,1,ICBHI,AKGC417L,0.9710193702585468,0
ICBHI_182_1b1_TC_000,ICBHI_182_1b1_TC,ICBHI_182,0,ICBHI,Meditron,0.1316190483557701,0
ICBHI_182_1b1_TC_001,ICBHI_182_1b1_TC,ICBHI_182,0,ICBHI,Meditron,0.0319795601251923,0
ICBHI_182_1b1_TC_002,ICBHI_182_1b1_TC,ICBHI_182,0,ICBHI,Meditron,0.080357468822207,0
ICBHI_182_1b1_TC_003,ICBHI_182_1b1_TC,ICBHI_182,0,ICBHI,Meditron,0.1758209177336658,0
ICBHI_182_1b1_TC_004,ICBHI_182_1b1_TC,ICBHI_182,0,ICBHI,Meditron,0.0475141868764967,0
ICBHI_182_1b1_TC_005,ICBHI_182_1b1_TC,ICBHI_182,0,ICBHI,Meditron,0.0772387863170602,0
ICBHI_182_1b1_TC_006,ICBHI_182_1b1_TC,ICBHI_182,0,ICBHI,Meditron,0.0315590191705739,0
ICBHI_199_2b1_LL_000,ICBHI_199_2b1_LL,ICBHI_199,1,ICBHI,LittC2SE,0.8140528050985784,0
ICBHI_199_2b1_LL_001,ICBHI_199_2b1_LL,ICBHI_199,1,ICBHI,LittC2SE,0.8798711899461571,0
ICBHI_199_2b1_LL_002,ICBHI_199_2b1_LL,ICBHI_199,1,ICBHI,LittC2SE,0.7006900417898682,0
ICBHI_199_2b1_LL_003,ICBHI_199_2b1_LL,ICBHI_199,1,ICBHI,LittC2SE,0.4595308588469862,0
ICBHI_199_2b1_LL_004,ICBHI_199_2b1_LL,ICBHI_199,1,ICBHI,LittC2SE,0.116562738188093,0
ICBHI_199_2b1_LL_005,ICBHI_199_2b1_LL,ICBHI_199,1,ICBHI,LittC2SE,0.0889784882384548,0
ICBHI_199_2b1_LL_006,ICBHI_199_2b1_LL,ICBHI_199,1,ICBHI,LittC2SE,0.0812277559978169,0
ICBHI_199_2b3_LL_000,ICBHI_199_2b3_LL,ICBHI_199,1,ICBHI,LittC2SE,0.3068385127579907,0
ICBHI_199_2b3_LL_001,ICBHI_199_2b3_LL,ICBHI_199,1,ICBHI,LittC2SE,0.2575782826015912,0
ICBHI_199_2b3_LL_002,ICBHI_199_2b3_LL,ICBHI_199,1,ICBHI,LittC2SE,0.0984254123665623,0
ICBHI_199_2b3_LL_003,ICBHI_199_2b3_LL,ICBHI_199,1,ICBHI,LittC2SE,0.0332111725706902,0
ICBHI_199_2b3_LL_004,ICBHI_199_2b3_LL,ICBHI_199,1,ICBHI,LittC2SE,0.0157845610738097,0
ICBHI_199_2b3_LL_005,ICBHI_199_2b3_LL,ICBHI_199,1,ICBHI,LittC2SE,0.0721122054129305,0
ICBHI_199_2b3_LL_006,ICBHI_199_2b3_LL,ICBHI_199,1,ICBHI,LittC2SE,0.3382956948102392,0
ICBHI_213_1p2_AL_000,ICBHI_213_1p2_AL,ICBHI_213,1,ICBHI,AKGC417L,0.9053222982086732,0
ICBHI_213_1p2_AL_001,ICBHI_213_1p2_AL,ICBHI_213,1,ICBHI,AKGC417L,0.9186263633876088,0
ICBHI_213_1p2_AL_002,ICBHI_213_1p2_AL,ICBHI_213,1,ICBHI,AKGC417L,0.943659904602972,0
ICBHI_213_1p2_AL_003,ICBHI_213_1p2_AL,ICBHI_213,1,ICBHI,AKGC417L,0.90894172110682,0
ICBHI_213_1p2_AL_004,ICBHI_213_1p2_AL,ICBHI_213,1,ICBHI,AKGC417L,0.8860265358862826,0
ICBHI_213_1p2_AL_005,ICBHI_213_1p2_AL,ICBHI_213,1,ICBHI,AKGC417L,0.8801805072395273,0
ICBHI_213_1p2_AL_006,ICBHI_213_1p2_AL,ICBHI_213,1,ICBHI,AKGC417L,0.8899121189857752,0
ICBHI_213_1p2_AR_000,ICBHI_213_1p2_AR,ICBHI_213,1,ICBHI,AKGC417L,0.7893960929828403,0
ICBHI_213_1p2_AR_001,ICBHI_213_1p2_AR,ICBHI_213,1,ICBHI,AKGC417L,0.8181563569443524,0
ICBHI_213_1p2_AR_002,ICBHI_213_1p2_AR,ICBHI_213,1,ICBHI,AKGC417L,0.8353492638301185,0
ICBHI_213_1p2_AR_003,ICBHI_213_1p2_AR,ICBHI_213,1,ICBHI,AKGC417L,0.699459749912564,0
ICBHI_213_1p2_AR_004,ICBHI_213_1p2_AR,ICBHI_213,1,ICBHI,AKGC417L,0.80852118219021,0
ICBHI_213_1p2_AR_005,ICBHI_213_1p2_AR,ICBHI_213,1,ICBHI,AKGC417L,0.7489036181181575,0
ICBHI_213_1p2_AR_006,ICBHI_213_1p2_AR,ICBHI_213,1,ICBHI,AKGC417L,0.7396105391269793,0
ICBHI_213_1p2_LR_000,ICBHI_213_1p2_LR,ICBHI_213,1,ICBHI,AKGC417L,0.9299510391228232,0
ICBHI_213_1p2_LR_001,ICBHI_213_1p2_LR,ICBHI_213,1,ICBHI,AKGC417L,0.922621893697362,0
ICBHI_213_1p2_LR_002,ICBHI_213_1p2_LR,ICBHI_213,1,ICBHI,AKGC417L,0.9164093322460584,0
ICBHI_213_1p2_LR_003,ICBHI_213_1p2_LR,ICBHI_213,1,ICBHI,AKGC417L,0.909586273176162,0
ICBHI_213_1p2_LR_004,ICBHI_213_1p2_LR,ICBHI_213,1,ICBHI,AKGC417L,0.8571713508894407,0
ICBHI_213_1p2_LR_005,ICBHI_213_1p2_LR,ICBHI_213,1,ICBHI,AKGC417L,0.8750414377695188,0
ICBHI_213_1p2_LR_006,ICBHI_213_1p2_LR,ICBHI_213,1,ICBHI,AKGC417L,0.9345147892167924,0
ICBHI_213_1p2_PL_000,ICBHI_213_1p2_PL,ICBHI_213,1,ICBHI,AKGC417L,0.9147487668762402,0
ICBHI_213_1p2_PL_001,ICBHI_213_1p2_PL,ICBHI_213,1,ICBHI,AKGC417L,0.9086178969328288,0
ICBHI_213_1p2_PL_002,ICBHI_213_1p2_PL,ICBHI_213,1,ICBHI,AKGC417L,0.8268516511988573,0
ICBHI_213_1p2_PL_003,ICBHI_213_1p2_PL,ICBHI_213,1,ICBHI,AKGC417L,0.7727022250064034,0
ICBHI_213_1p2_PL_004,ICBHI_213_1p2_PL,ICBHI_213,1,ICBHI,AKGC417L,0.8376199633332891,0
ICBHI_213_1p2_PL_005,ICBHI_213_1p2_PL,ICBHI_213,1,ICBHI,AKGC417L,0.7711548724998493,0
ICBHI_213_1p2_PL_006,ICBHI_213_1p2_PL,ICBHI_213,1,ICBHI,AKGC417L,0.8098781697309154,0
ICBHI_213_1p2_PR_000,ICBHI_213_1p2_PR,ICBHI_213,1,ICBHI,AKGC417L,0.9155072460249908,0
ICBHI_213_1p2_PR_001,ICBHI_213_1p2_PR,ICBHI_213,1,ICBHI,AKGC417L,0.8971559208377049,0
ICBHI_213_1p2_PR_002,ICBHI_213_1p2_PR,ICBHI_213,1,ICBHI,AKGC417L,0.871255939743716,0
ICBHI_213_1p2_PR_003,ICBHI_213_1p2_PR,ICBHI_213,1,ICBHI,AKGC417L,0.8531803039554275,0
ICBHI_213_1p2_PR_004,ICBHI_213_1p2_PR,ICBHI_213,1,ICBHI,AKGC417L,0.8464508271169839,0
ICBHI_213_1p2_PR_005,ICBHI_213_1p2_PR,ICBHI_213,1,ICBHI,AKGC417L,0.769773241471674,0
ICBHI_213_1p2_PR_006,ICBHI_213_1p2_PR,ICBHI_213,1,ICBHI,AKGC417L,0.7978719760520335,0
ICBHI_213_1p2_TC_000,ICBHI_213_1p2_TC,ICBHI_213,1,ICBHI,AKGC417L,0.7324004807547139,0
ICBHI_213_1p2_TC_001,ICBHI_213_1p2_TC,ICBHI_213,1,ICBHI,AKGC417L,0.7897206162890315,0
ICBHI_213_1p2_TC_002,ICBHI_213_1p2_TC,ICBHI_213,1,ICBHI,AKGC417L,0.6145096787362616,0
ICBHI_213_1p2_TC_003,ICBHI_213_1p2_TC,ICBHI_213,1,ICBHI,AKGC417L,0.5373448738938922,0
ICBHI_213_1p2_TC_004,ICBHI_213_1p2_TC,ICBHI_213,1,ICBHI,AKGC417L,0.7024280055200729,0
ICBHI_213_1p2_TC_005,ICBHI_213_1p2_TC,ICBHI_213,1,ICBHI,AKGC417L,0.7023259334689647,0
ICBHI_213_1p2_TC_006,ICBHI_213_1p2_TC,ICBHI_213,1,ICBHI,AKGC417L,0.7024280055200729,0
ICBHI_213_1p3_AL_000,ICBHI_213_1p3_AL,ICBHI_213,1,ICBHI,AKGC417L,0.9534487247878658,0
ICBHI_213_1p3_AL_001,ICBHI_213_1p3_AL,ICBHI_213,1,ICBHI,AKGC417L,0.9696132500732396,0
ICBHI_213_1p3_AL_002,ICBHI_213_1p3_AL,ICBHI_213,1,ICBHI,AKGC417L,0.9520418961921002,0
ICBHI_213_1p3_AL_003,ICBHI_213_1p3_AL,ICBHI_213,1,ICBHI,AKGC417L,0.9237300338193294,0
ICBHI_213_1p3_AL_004,ICBHI_213_1p3_AL,ICBHI_213,1,ICBHI,AKGC417L,0.9365176378735216,0
ICBHI_213_1p3_AL_005,ICBHI_213_1p3_AL,ICBHI_213,1,ICBHI,AKGC417L,0.9129031735964698,0
ICBHI_213_1p3_AL_006,ICBHI_213_1p3_AL,ICBHI_213,1,ICBHI,AKGC417L,0.8902942261220291,0
ICBHI_213_1p3_AR_000,ICBHI_213_1p3_AR,ICBHI_213,1,ICBHI,AKGC417L,0.957357608127398,0
ICBHI_213_1p3_AR_001,ICBHI_213_1p3_AR,ICBHI_213,1,ICBHI,AKGC417L,0.9524858131235034,0
ICBHI_213_1p3_AR_002,ICBHI_213_1p3_AR,ICBHI_213,1,ICBHI,AKGC417L,0.951323427968294,0
ICBHI_213_1p3_AR_003,ICBHI_213_1p3_AR,ICBHI_213,1,ICBHI,AKGC417L,0.9499486938814428,0
ICBHI_213_1p3_AR_004,ICBHI_213_1p3_AR,ICBHI_213,1,ICBHI,AKGC417L,0.9401335814280748,0
ICBHI_213_1p3_AR_005,ICBHI_213_1p3_AR,ICBHI_213,1,ICBHI,AKGC417L,0.9476723731536068,0
ICBHI_213_1p3_AR_006,ICBHI_213_1p3_AR,ICBHI_213,1,ICBHI,AKGC417L,0.9364014209523384,0
ICBHI_213_1p3_PL_000,ICBHI_213_1p3_PL,ICBHI_213,1,ICBHI,AKGC417L,0.9468920959838324,0
ICBHI_213_1p3_PL_001,ICBHI_213_1p3_PL,ICBHI_213,1,ICBHI,AKGC417L,0.9531007418201308,0
ICBHI_213_1p3_PL_002,ICBHI_213_1p3_PL,ICBHI_213,1,ICBHI,AKGC417L,0.963299646124226,0
ICBHI_213_1p3_PL_003,ICBHI_213_1p3_PL,ICBHI_213,1,ICBHI,AKGC417L,0.9669764476633728,0
ICBHI_213_1p3_PL_004,ICBHI_213_1p3_PL,ICBHI_213,1,ICBHI,AKGC417L,0.9571177628369032,0
ICBHI_213_1p3_PL_005,ICBHI_213_1p3_PL,ICBHI_213,1,ICBHI,AKGC417L,0.9628830911922404,0
ICBHI_213_1p3_PL_006,ICBHI_213_1p3_PL,ICBHI_213,1,ICBHI,AKGC417L,0.9623206087688784,0
ICBHI_213_1p3_PR_000,ICBHI_213_1p3_PR,ICBHI_213,1,ICBHI,AKGC417L,0.8514594320170558,0
ICBHI_213_1p3_PR_001,ICBHI_213_1p3_PR,ICBHI_213,1,ICBHI,AKGC417L,0.8488469420448777,0
ICBHI_213_1p3_PR_002,ICBHI_213_1p3_PR,ICBHI_213,1,ICBHI,AKGC417L,0.8947894632969136,0
ICBHI_213_1p3_PR_003,ICBHI_213_1p3_PR,ICBHI_213,1,ICBHI,AKGC417L,0.9550683569776216,0
ICBHI_213_1p3_PR_004,ICBHI_213_1p3_PR,ICBHI_213,1,ICBHI,AKGC417L,0.9506864014093018,0
ICBHI_213_1p3_PR_005,ICBHI_213_1p3_PR,ICBHI_213,1,ICBHI,AKGC417L,0.9339146213324512,0
ICBHI_213_1p3_PR_006,ICBHI_213_1p3_PR,ICBHI_213,1,ICBHI,AKGC417L,0.923592316649553,0
ICBHI_213_1p5_AL_000,ICBHI_213_1p5_AL,ICBHI_213,1,ICBHI,AKGC417L,0.8648820820120467,0
ICBHI_213_1p5_AL_001,ICBHI_213_1p5_AL,ICBHI_213,1,ICBHI,AKGC417L,0.5648187291695154,0
ICBHI_213_1p5_AL_002,ICBHI_213_1p5_AL,ICBHI_213,1,ICBHI,AKGC417L,0.4683042775692008,0
ICBHI_213_1p5_AL_003,ICBHI_213_1p5_AL,ICBHI_213,1,ICBHI,AKGC417L,0.7241880955287983,0
ICBHI_213_1p5_AL_004,ICBHI_213_1p5_AL,ICBHI_213,1,ICBHI,AKGC417L,0.8279672966770677,0
ICBHI_213_1p5_AL_005,ICBHI_213_1p5_AL,ICBHI_213,1,ICBHI,AKGC417L,0.8025555428951934,0
ICBHI_213_1p5_AL_006,ICBHI_213_1p5_AL,ICBHI_213,1,ICBHI,AKGC417L,0.6707161287687373,0
ICBHI_213_1p5_AR_000,ICBHI_213_1p5_AR,ICBHI_213,1,ICBHI,AKGC417L,0.9500414759334156,0
ICBHI_213_1p5_AR_001,ICBHI_213_1p5_AR,ICBHI_213,1,ICBHI,AKGC417L,0.9457010633730656,0
ICBHI_213_1p5_AR_002,ICBHI_213_1p5_AR,ICBHI_213,1,ICBHI,AKGC417L,0.9637117023352416,0
ICBHI_213_1p5_AR_003,ICBHI_213_1p5_AR,ICBHI_213,1,ICBHI,AKGC417L,0.9549844683997676,0
ICBHI_213_1p5_AR_004,ICBHI_213_1p5_AR,ICBHI_213,1,ICBHI,AKGC417L,0.9175984969391424,0
ICBHI_213_1p5_AR_005,ICBHI_213_1p5_AR,ICBHI_213,1,ICBHI,AKGC417L,0.935582334586506,0
ICBHI_213_1p5_AR_006,ICBHI_213_1p5_AR,ICBHI_213,1,ICBHI,AKGC417L,0.9561454366001264,0
ICBHI_213_1p5_PL_000,ICBHI_213_1p5_PL,ICBHI_213,1,ICBHI,AKGC417L,0.9515039967560432,0
ICBHI_213_1p5_PL_001,ICBHI_213_1p5_PL,ICBHI_213,1,ICBHI,AKGC417L,0.955402423772614,0
ICBHI_213_1p5_PL_002,ICBHI_213_1p5_PL,ICBHI_213,1,ICBHI,AKGC417L,0.95953516446685,0
ICBHI_213_1p5_PL_003,ICBHI_213_1p5_PL,ICBHI_213,1,ICBHI,AKGC417L,0.9628830911922404,0
ICBHI_213_1p5_PL_004,ICBHI_213_1p5_PL,ICBHI_213,1,ICBHI,AKGC417L,0.9609517072737735,0
ICBHI_213_1p5_PL_005,ICBHI_213_1p5_PL,ICBHI_213,1,ICBHI,AKGC417L,0.9585377272885904,0
ICBHI_213_1p5_PL_006,ICBHI_213_1p5_PL,ICBHI_213,1,ICBHI,AKGC417L,0.9442797128028252,0
ICBHI_213_1p5_PR_000,ICBHI_213_1p5_PR,ICBHI_213,1,ICBHI,AKGC417L,0.7588681879577549,0
ICBHI_213_1p5_PR_001,ICBHI_213_1p5_PR,ICBHI_213,1,ICBHI,AKGC417L,0.7757747251300824,0
ICBHI_213_1p5_PR_002,ICBHI_213_1p5_PR,ICBHI_213,1,ICBHI,AKGC417L,0.8051730214343621,0
ICBHI_213_1p5_PR_003,ICBHI_213_1p5_PR,ICBHI_213,1,ICBHI,AKGC417L,0.7711548724998493,0
ICBHI_213_1p5_PR_004,ICBHI_213_1p5_PR,ICBHI_213,1,ICBHI,AKGC417L,0.713930489967053,0
ICBHI_213_1p5_PR_005,ICBHI_213_1p5_PR,ICBHI_213,1,ICBHI,AKGC417L,0.7303860346988154,0
ICBHI_213_1p5_PR_006,ICBHI_213_1p5_PR,ICBHI_213,1,ICBHI,AKGC417L,0.7973990863126809,0
ICBHI_213_1p5_TC_000,ICBHI_213_1p5_TC,ICBHI_213,1,ICBHI,AKGC417L,0.954477994846878,0
ICBHI_213_1p5_TC_001,ICBHI_213_1p5_TC,ICBHI_213,1,ICBHI,AKGC417L,0.8365545588915281,0
ICBHI_213_1p5_TC_002,ICBHI_213_1p5_TC,ICBHI_213,1,ICBHI,AKGC417L,0.8104789086703224,0
ICBHI_213_1p5_TC_003,ICBHI_213_1p5_TC,ICBHI_213,1,ICBHI,AKGC417L,0.8494723686970466,0
ICBHI_213_1p5_TC_004,ICBHI_213_1p5_TC,ICBHI_213,1,ICBHI,AKGC417L,0.843379816636549,0
ICBHI_213_1p5_TC_005,ICBHI_213_1p5_TC,ICBHI_213,1,ICBHI,AKGC417L,0.8500956645233594,0
ICBHI_213_1p5_TC_006,ICBHI_213_1p5_TC,ICBHI_213,1,ICBHI,AKGC417L,0.8488469420448777,0
ICBHI_213_2p2_AL_000,ICBHI_213_2p2_AL,ICBHI_213,1,ICBHI,AKGC417L,0.9851575827657516,0
ICBHI_213_2p2_AL_001,ICBHI_213_2p2_AL,ICBHI_213,1,ICBHI,AKGC417L,0.9869292152258128,0
ICBHI_213_2p2_AL_002,ICBHI_213_2p2_AL,ICBHI_213,1,ICBHI,AKGC417L,0.9873750507184356,0
ICBHI_213_2p2_AL_003,ICBHI_213_2p2_AL,ICBHI_213,1,ICBHI,AKGC417L,0.9853279650847626,0
ICBHI_213_2p2_AL_004,ICBHI_213_2p2_AL,ICBHI_213,1,ICBHI,AKGC417L,0.9848692716928064,0
ICBHI_213_2p2_AL_005,ICBHI_213_2p2_AL,ICBHI_213,1,ICBHI,AKGC417L,0.985772953896821,0
ICBHI_213_2p2_AL_006,ICBHI_213_2p2_AL,ICBHI_213,1,ICBHI,AKGC417L,0.9853279650847626,0
ICBHI_213_2p2_AR_000,ICBHI_213_2p2_AR,ICBHI_213,1,ICBHI,AKGC417L,0.8625833300945107,0
ICBHI_213_2p2_AR_001,ICBHI_213_2p2_AR,ICBHI_213,1,ICBHI,AKGC417L,0.863851684976284,0
ICBHI_213_2p2_AR_002,ICBHI_213_2p2_AR,ICBHI_213,1,ICBHI,AKGC417L,0.825026539966124,0
ICBHI_213_2p2_AR_003,ICBHI_213_2p2_AR,ICBHI_213,1,ICBHI,AKGC417L,0.728844813233821,0
ICBHI_213_2p2_AR_004,ICBHI_213_2p2_AR,ICBHI_213,1,ICBHI,AKGC417L,0.7606506526772884,0
ICBHI_213_2p2_AR_005,ICBHI_213_2p2_AR,ICBHI_213,1,ICBHI,AKGC417L,0.8264318119779059,0
ICBHI_213_2p2_AR_006,ICBHI_213_2p2_AR,ICBHI_213,1,ICBHI,AKGC417L,0.7708100121686987,0
ICBHI_213_2p2_PL_000,ICBHI_213_2p2_PL,ICBHI_213,1,ICBHI,AKGC417L,0.7997552900393888,0
ICBHI_213_2p2_PL_001,ICBHI_213_2p2_PL,ICBHI_213,1,ICBHI,AKGC417L,0.7459539724039508,0
ICBHI_213_2p2_PL_002,ICBHI_213_2p2_PL,ICBHI_213,1,ICBHI,AKGC417L,0.7452130011262696,0
ICBHI_213_2p2_PL_003,ICBHI_213_2p2_PL,ICBHI_213,1,ICBHI,AKGC417L,0.5871147995308118,0
ICBHI_213_2p2_PL_004,ICBHI_213_2p2_PL,ICBHI_213,1,ICBHI,AKGC417L,0.5515435383727473,0
ICBHI_213_2p2_PL_005,ICBHI_213_2p2_PL,ICBHI_213,1,ICBHI,AKGC417L,0.5404388233459775,0
ICBHI_213_2p2_PL_006,ICBHI_213_2p2_PL,ICBHI_213,1,ICBHI,AKGC417L,0.7950222638482464,0
ICBHI_213_2p2_PR_000,ICBHI_213_2p2_PR,ICBHI_213,1,ICBHI,AKGC417L,0.9007046022173545,0
ICBHI_213_2p2_PR_001,ICBHI_213_2p2_PR,ICBHI_213,1,ICBHI,AKGC417L,0.90548957556435,0
ICBHI_213_2p2_PR_002,ICBHI_213_2p2_PR,ICBHI_213,1,ICBHI,AKGC417L,0.9401335814280748,0
ICBHI_213_2p2_PR_003,ICBHI_213_2p2_PR,ICBHI_213,1,ICBHI,AKGC417L,0.9549844683997676,0
ICBHI_213_2p2_PR_004,ICBHI_213_2p2_PR,ICBHI_213,1,ICBHI,AKGC417L,0.9464978508046772,0
ICBHI_213_2p2_PR_005,ICBHI_213_2p2_PR,ICBHI_213,1,ICBHI,AKGC417L,0.9602121916306376,0
ICBHI_213_2p2_PR_006,ICBHI_213_2p2_PR,ICBHI_213,1,ICBHI,AKGC417L,0.9563904724343744,0
ICBHI_213_2p2_TC_000,ICBHI_213_2p2_TC,ICBHI_213,1,ICBHI,AKGC417L,0.8807970779778823,0
ICBHI_213_2p2_TC_001,ICBHI_213_2p2_TC,ICBHI_213,1,ICBHI,AKGC417L,0.9081302185130296,0
ICBHI_213_2p2_TC_002,ICBHI_213_2p2_TC,ICBHI_213,1,ICBHI,AKGC417L,0.9319595797274408,0
ICBHI_213_2p2_TC_003,ICBHI_213_2p2_TC,ICBHI_213,1,ICBHI,AKGC417L,0.9164093322460584,0
ICBHI_213_2p2_TC_004,ICBHI_213_2p2_TC,ICBHI_213,1,ICBHI,AKGC417L,0.9219218348550492,0
ICBHI_213_2p2_TC_005,ICBHI_213_2p2_TC,ICBHI_213,1,ICBHI,AKGC417L,0.9453993942183476,0
ICBHI_213_2p2_TC_006,ICBHI_213_2p2_TC,ICBHI_213,1,ICBHI,AKGC417L,0.9450961463787158,0
ICBHI_214_1b1_AR_000,ICBHI_214_1b1_AR,ICBHI_214,0,ICBHI,Meditron,0.0057080339191134,0
ICBHI_214_1b1_AR_001,ICBHI_214_1b1_AR,ICBHI_214,0,ICBHI,Meditron,0.0155436479307706,0
ICBHI_214_1b1_AR_002,ICBHI_214_1b1_AR,ICBHI_214,0,ICBHI,Meditron,0.0303292569842789,0
ICBHI_214_1b1_AR_003,ICBHI_214_1b1_AR,ICBHI_214,0,ICBHI,Meditron,0.1272182676684862,0
ICBHI_214_1b1_AR_004,ICBHI_214_1b1_AR,ICBHI_214,0,ICBHI,Meditron,0.7749242246347193,0
ICBHI_214_1b1_AR_005,ICBHI_214_1b1_AR,ICBHI_214,0,ICBHI,Meditron,0.0302718694245976,0
ICBHI_221_2b1_AL_000,ICBHI_221_2b1_AL,ICBHI_221,1,ICBHI,LittC2SE,0.9713473306904064,0
ICBHI_221_2b1_AL_001,ICBHI_221_2b1_AL,ICBHI_221,1,ICBHI,LittC2SE,0.957357608127398,0
ICBHI_221_2b1_AL_002,ICBHI_221_2b1_AL,ICBHI_221,1,ICBHI,LittC2SE,0.9549004305956024,0
ICBHI_221_2b1_AL_003,ICBHI_221_2b1_AL,ICBHI_221,1,ICBHI,LittC2SE,0.9566342012360932,0
ICBHI_221_2b1_AL_004,ICBHI_221_2b1_AL,ICBHI_221,1,ICBHI,LittC2SE,0.9620363047907357,0
ICBHI_221_2b1_AL_005,ICBHI_221_2b1_AL,ICBHI_221,1,ICBHI,LittC2SE,0.9580694764363312,0
ICBHI_221_2b1_AL_006,ICBHI_221_2b1_AL,ICBHI_221,1,ICBHI,LittC2SE,0.9657706774216144,0
ICBHI_221_2b1_AR_000,ICBHI_221_2b1_AR,ICBHI_221,1,ICBHI,LittC2SE,0.9622497251475316,0
ICBHI_221_2b1_AR_001,ICBHI_221_2b1_AR,ICBHI_221,1,ICBHI,LittC2SE,0.9361683919753396,0
ICBHI_221_2b1_AR_002,ICBHI_221_2b1_AR,ICBHI_221,1,ICBHI,LittC2SE,0.9078038011721642,0
ICBHI_221_2b1_AR_003,ICBHI_221_2b1_AR,ICBHI_221,1,ICBHI,LittC2SE,0.9066531214804244,0
ICBHI_221_2b1_AR_004,ICBHI_221_2b1_AR,ICBHI_221,1,ICBHI,LittC2SE,0.9348724531603766,0
ICBHI_221_2b1_AR_005,ICBHI_221_2b1_AR,ICBHI_221,1,ICBHI,LittC2SE,0.943347574692026,0
ICBHI_221_2b1_AR_006,ICBHI_221_2b1_AR,ICBHI_221,1,ICBHI,LittC2SE,0.93183562573443,0
ICBHI_221_2b1_LR_000,ICBHI_221_2b1_LR,ICBHI_221,1,ICBHI,LittC2SE,0.967100958652035,0
ICBHI_221_2b1_LR_001,ICBHI_221_2b1_LR,ICBHI_221,1,ICBHI,LittC2SE,0.9681411443139596,0
ICBHI_221_2b1_LR_002,ICBHI_221_2b1_LR,ICBHI_221,1,ICBHI,LittC2SE,0.9715639669551474,0
ICBHI_221_2b1_LR_003,ICBHI_221_2b1_LR,ICBHI_221,1,ICBHI,LittC2SE,0.9498557486112288,0
ICBHI_221_2b1_LR_004,ICBHI_221_2b1_LR,ICBHI_221,1,ICBHI,LittC2SE,0.9566342012360932,0
ICBHI_221_2b1_LR_005,ICBHI_221_2b1_LR,ICBHI_221,1,ICBHI,LittC2SE,0.97129292184185,0
ICBHI_221_2b1_LR_006,ICBHI_221_2b1_LR,ICBHI_221,1,ICBHI,LittC2SE,0.9660920419951724,0
ICBHI_221_2b1_PL_000,ICBHI_221_2b1_PL,ICBHI_221,1,ICBHI,LittC2SE,0.8694931085969142,0
ICBHI_221_2b1_PL_001,ICBHI_221_2b1_PL,ICBHI_221,1,ICBHI,LittC2SE,0.8162599581075679,0
ICBHI_221_2b1_PL_002,ICBHI_221_2b1_PL,ICBHI_221,1,ICBHI,LittC2SE,0.8059378442492656,0
ICBHI_221_2b1_PL_003,ICBHI_221_2b1_PL,ICBHI_221,1,ICBHI,LittC2SE,0.8958875884420037,0
ICBHI_221_2b1_PL_004,ICBHI_221_2b1_PL,ICBHI_221,1,ICBHI,LittC2SE,0.9145963319978376,0
ICBHI_221_2b1_PL_005,ICBHI_221_2b1_PL,ICBHI_221,1,ICBHI,LittC2SE,0.8402589766446108,0
ICBHI_221_2b1_PL_006,ICBHI_221_2b1_PL,ICBHI_221,1,ICBHI,LittC2SE,0.8975157807475012,0
ICBHI_221_2b2_AL_000,ICBHI_221_2b2_AL,ICBHI_221,1,ICBHI,LittC2SE,0.9431384513550536,0
ICBHI_221_2b2_AL_001,ICBHI_221_2b2_AL,ICBHI_221,1,ICBHI,LittC2SE,0.8687154404337947,0
ICBHI_221_2b2_AL_002,ICBHI_221_2b2_AL,ICBHI_221,1,ICBHI,LittC2SE,0.8588370200175164,0
ICBHI_221_2b2_AL_003,ICBHI_221_2b2_AL,ICBHI_221,1,ICBHI,LittC2SE,0.921640191475818,0
ICBHI_221_2b2_AL_004,ICBHI_221_2b2_AL,ICBHI_221,1,ICBHI,LittC2SE,0.8929365379204537,0
ICBHI_221_2b2_AL_005,ICBHI_221_2b2_AL,ICBHI_221,1,ICBHI,LittC2SE,0.8996515935589441,0
ICBHI_221_2b2_AL_006,ICBHI_221_2b2_AL,ICBHI_221,1,ICBHI,LittC2SE,0.9246876936763764,0
ICBHI_221_2b2_AR_000,ICBHI_221_2b2_AR,ICBHI_221,1,ICBHI,LittC2SE,0.944994711706546,0
ICBHI_221_2b2_AR_001,ICBHI_221_2b2_AR,ICBHI_221,1,ICBHI,LittC2SE,0.95275028649851,0
ICBHI_221_2b2_AR_002,ICBHI_221_2b2_AR,ICBHI_221,1,ICBHI,LittC2SE,0.962743232064167,0
ICBHI_221_2b2_AR_003,ICBHI_221_2b2_AR,ICBHI_221,1,ICBHI,LittC2SE,0.9349912700743233,0
ICBHI_221_2b2_AR_004,ICBHI_221_2b2_AR,ICBHI_221,1,ICBHI,LittC2SE,0.9538802504524166,0
ICBHI_221_2b2_AR_005,ICBHI_221_2b2_AR,ICBHI_221,1,ICBHI,LittC2SE,0.9621787134186344,0
ICBHI_221_2b2_AR_006,ICBHI_221_2b2_AR,ICBHI_221,1,ICBHI,LittC2SE,0.93183562573443,0
ICBHI_221_2b2_LR_000,ICBHI_221_2b2_LR,ICBHI_221,1,ICBHI,LittC2SE,0.9558990874315896,0
ICBHI_221_2b2_LR_001,ICBHI_221_2b2_LR,ICBHI_221,1,ICBHI,LittC2SE,0.9496693674025232,0
ICBHI_221_2b2_LR_002,ICBHI_221_2b2_LR,ICBHI_221,1,ICBHI,LittC2SE,0.8478418186787678,0
ICBHI_221_2b2_LR_003,ICBHI_221_2b2_LR,ICBHI_221,1,ICBHI,LittC2SE,0.7970833682925155,0
ICBHI_221_2b2_LR_004,ICBHI_221_2b2_LR,ICBHI_221,1,ICBHI,LittC2SE,0.8836382359770631,0
ICBHI_221_2b2_LR_005,ICBHI_221_2b2_LR,ICBHI_221,1,ICBHI,LittC2SE,0.90648769084615,0
ICBHI_221_2b2_LR_006,ICBHI_221_2b2_LR,ICBHI_221,1,ICBHI,LittC2SE,0.9276259821794456,0
ICBHI_221_2b2_PL_000,ICBHI_221_2b2_PL,ICBHI_221,1,ICBHI,LittC2SE,0.9523087167764016,0
ICBHI_221_2b2_PL_001,ICBHI_221_2b2_PL,ICBHI_221,1,ICBHI,LittC2SE,0.9272316200722835,0
ICBHI_221_2b2_PL_002,ICBHI_221_2b2_PL,ICBHI_221,1,ICBHI,LittC2SE,0.918917886176106,0
ICBHI_221_2b2_PL_003,ICBHI_221_2b2_PL,ICBHI_221,1,ICBHI,LittC2SE,0.9464978508046772,0
ICBHI_221_2b2_PL_004,ICBHI_221_2b2_PL,ICBHI_221,1,ICBHI,LittC2SE,0.9340350623884196,0
ICBHI_221_2b2_PL_005,ICBHI_221_2b2_PL,ICBHI_221,1,ICBHI,LittC2SE,0.8854334959262264,0
ICBHI_221_2b2_PL_006,ICBHI_221_2b2_PL,ICBHI_221,1,ICBHI,LittC2SE,0.9071478391683364,0
ICBHI_221_2b3_AL_000,ICBHI_221_2b3_AL,ICBHI_221,1,ICBHI,LittC2SE,0.9442797128028252,0
ICBHI_221_2b3_AL_001,ICBHI_221_2b3_AL,ICBHI_221,1,ICBHI,LittC2SE,0.929183798137365,0
ICBHI_221_2b3_AL_002,ICBHI_221_2b3_AL,ICBHI_221,1,ICBHI,LittC2SE,0.9358173563909802,0
ICBHI_221_2b3_AL_003,ICBHI_221_2b3_AL,ICBHI_221,1,ICBHI,LittC2SE,0.929696150018054,0
ICBHI_221_2b3_AL_004,ICBHI_221_2b3_AL,ICBHI_221,1,ICBHI,LittC2SE,0.9223425628560776,0
ICBHI_221_2b3_AL_005,ICBHI_221_2b3_AL,ICBHI_221,1,ICBHI,LittC2SE,0.939359448826736,0
ICBHI_221_2b3_AL_006,ICBHI_221_2b3_AL,ICBHI_221,1,ICBHI,LittC2SE,0.93183562573443,0
ICBHI_221_2b3_AR_000,ICBHI_221_2b3_AR,ICBHI_221,1,ICBHI,LittC2SE,0.9682013311953048,0
ICBHI_221_2b3_AR_001,ICBHI_221_2b3_AR,ICBHI_221,1,ICBHI,LittC2SE,0.9579909445710464,0
ICBHI_221_2b3_AR_002,ICBHI_221_2b3_AR,ICBHI_221,1,ICBHI,LittC2SE,0.9421883900868302,0
ICBHI_221_2b3_AR_003,ICBHI_221_2b3_AR,ICBHI_221,1,ICBHI,LittC2SE,0.8523219402958387,0
ICBHI_221_2b3_AR_004,ICBHI_221_2b3_AR,ICBHI_221,1,ICBHI,LittC2SE,0.900003694229084,0
ICBHI_221_2b3_AR_005,ICBHI_221_2b3_AR,ICBHI_221,1,ICBHI,LittC2SE,0.9496693674025232,0
ICBHI_221_2b3_AR_006,ICBHI_221_2b3_AR,ICBHI_221,1,ICBHI,LittC2SE,0.9415467589589032,0
ICBHI_221_2b3_LR_000,ICBHI_221_2b3_LR,ICBHI_221,1,ICBHI,LittC2SE,0.9540517926508258,0
ICBHI_221_2b3_LR_001,ICBHI_221_2b3_LR,ICBHI_221,1,ICBHI,LittC2SE,0.8738621049648146,0
ICBHI_221_2b3_LR_002,ICBHI_221_2b3_LR,ICBHI_221,1,ICBHI,LittC2SE,0.9237300338193294,0
ICBHI_221_2b3_LR_003,ICBHI_221_2b3_LR,ICBHI_221,1,ICBHI,LittC2SE,0.9386884633979417,0
ICBHI_221_2b3_LR_004,ICBHI_221_2b3_LR,ICBHI_221,1,ICBHI,LittC2SE,0.9238675232288402,0
ICBHI_221_2b3_LR_005,ICBHI_221_2b3_LR,ICBHI_221,1,ICBHI,LittC2SE,0.9458012701768144,0
ICBHI_221_2b3_LR_006,ICBHI_221_2b3_LR,ICBHI_221,1,ICBHI,LittC2SE,0.933187674170474,0
ICBHI_221_2b3_PR_000,ICBHI_221_2b3_PR,ICBHI_221,1,ICBHI,LittC2SE,0.9674102552339746,0
ICBHI_221_2b3_PR_001,ICBHI_221_2b3_PR,ICBHI_221,1,ICBHI,LittC2SE,0.941439173126251,0
ICBHI_221_2b3_PR_002,ICBHI_221_2b3_PR,ICBHI_221,1,ICBHI,LittC2SE,0.935582334586506,0
ICBHI_221_2b3_PR_003,ICBHI_221_2b3_PR,ICBHI_221,1,ICBHI,LittC2SE,0.93096207182521,0
ICBHI_221_2b3_PR_004,ICBHI_221_2b3_PR,ICBHI_221,1,ICBHI,LittC2SE,0.9458012701768144,0
ICBHI_221_2b3_PR_005,ICBHI_221_2b3_PR,ICBHI_221,1,ICBHI,LittC2SE,0.936865101787808,0
ICBHI_221_2b3_PR_006,ICBHI_221_2b3_PR,ICBHI_221,1,ICBHI,LittC2SE,0.935109885267838,0
ICBHI_102_1b1_AR_000,ICBHI_102_1b1_AR,ICBHI_102,0,ICBHI,Meditron,0.8946054517822124,1
ICBHI_102_1b1_AR_001,ICBHI_102_1b1_AR,ICBHI_102,0,ICBHI,Meditron,0.6295468846647942,1
ICBHI_102_1b1_AR_002,ICBHI_102_1b1_AR,ICBHI_102,0,ICBHI,Meditron,0.930078163002164,1
ICBHI_102_1b1_AR_003,ICBHI_102_1b1_AR,ICBHI_102,0,ICBHI,Meditron,0.269037434120925,1
ICBHI_102_1b1_AR_004,ICBHI_102_1b1_AR,ICBHI_102,0,ICBHI,Meditron,0.0063883209097212,1
ICBHI_102_1b1_AR_005,ICBHI_102_1b1_AR,ICBHI_102,0,ICBHI,Meditron,0.0086777167049892,1
ICBHI_102_1b1_AR_006,ICBHI_102_1b1_AR,ICBHI_102,0,ICBHI,Meditron,0.3929772725392964,1
ICBHI_124_1b1_AL_000,ICBHI_124_1b1_AL,ICBHI_124,1,ICBHI,Litt3200,0.9876638995791304,1
ICBHI_124_1b1_AL_001,ICBHI_124_1b1_AL,ICBHI_124,1,ICBHI,Litt3200,0.9876638995791304,1
ICBHI_124_1b1_AL_002,ICBHI_124_1b1_AL,ICBHI_124,1,ICBHI,Litt3200,0.9876638995791304,1
ICBHI_124_1b1_AL_003,ICBHI_124_1b1_AL,ICBHI_124,1,ICBHI,Litt3200,0.9837225390872864,1
ICBHI_124_1b1_AR_000,ICBHI_124_1b1_AR,ICBHI_124,1,ICBHI,Litt3200,0.9894702878753826,1
ICBHI_124_1b1_AR_001,ICBHI_124_1b1_AR,ICBHI_124,1,ICBHI,Litt3200,0.9903290072365528,1
ICBHI_124_1b1_AR_002,ICBHI_124_1b1_AR,ICBHI_124,1,ICBHI,Litt3200,0.985772953896821,1
ICBHI_124_1b1_LL_000,ICBHI_124_1b1_LL,ICBHI_124,1,ICBHI,Litt3200,0.9884918509356968,1
ICBHI_124_1b1_LL_001,ICBHI_124_1b1_LL,ICBHI_124,1,ICBHI,Litt3200,0.9898303422461272,1
ICBHI_124_1b1_LL_002,ICBHI_124_1b1_LL,ICBHI_124,1,ICBHI,Litt3200,0.988084978032852,1
ICBHI_124_1b1_LL_003,ICBHI_124_1b1_LL,ICBHI_124,1,ICBHI,Litt3200,0.9844563520692292,1
ICBHI_124_1b1_LL_004,ICBHI_124_1b1_LL,ICBHI_124,1,ICBHI,Litt3200,0.9824904426504252,1
ICBHI_124_1b1_LL_005,ICBHI_124_1b1_LL,ICBHI_124,1,ICBHI,Litt3200,0.9845754479181588,1
ICBHI_124_1b1_LR_000,ICBHI_124_1b1_LR,ICBHI_124,1,ICBHI,Litt3200,0.9883127420043056,1
ICBHI_124_1b1_LR_001,ICBHI_124_1b1_LR,ICBHI_124,1,ICBHI,Litt3200,0.9884473296647792,1
ICBHI_124_1b1_LR_002,ICBHI_124_1b1_LR,ICBHI_124,1,ICBHI,Litt3200,0.9845754479181588,1
ICBHI_124_1b1_LR_003,ICBHI_124_1b1_LR,ICBHI_124,1,ICBHI,Litt3200,0.9861513897844354,1
ICBHI_124_1b1_LR_004,ICBHI_124_1b1_LR,ICBHI_124,1,ICBHI,Litt3200,0.985496420308618,1
ICBHI_124_1b1_PL_000,ICBHI_124_1b1_PL,ICBHI_124,1,ICBHI,Litt3200,0.9845160126963748,1
ICBHI_124_1b1_PL_001,ICBHI_124_1b1_PL,ICBHI_124,1,ICBHI,Litt3200,0.9878528299001949,1
ICBHI_124_1b1_PR_000,ICBHI_124_1b1_PR,ICBHI_124,1,ICBHI,Litt3200,0.9860979413749408,1
ICBHI_124_1b1_PR_001,ICBHI_124_1b1_PR,ICBHI_124,1,ICBHI,Litt3200,0.9827572224423472,1
ICBHI_126_1b1_AL_000,ICBHI_126_1b1_AL,ICBHI_126,0,ICBHI,Meditron,0.0001088969100265,1
ICBHI_126_1b1_AL_001,ICBHI_126_1b1_AL,ICBHI_126,0,ICBHI,Meditron,0.0001063745841626,1
ICBHI_126_1b1_AL_002,ICBHI_126_1b1_AL,ICBHI_126,0,ICBHI,Meditron,0.0001097509053403,1
ICBHI_126_1b1_AL_003,ICBHI_126_1b1_AL,ICBHI_126,0,ICBHI,Meditron,0.0001253375142564,1
ICBHI_126_1b1_AL_004,ICBHI_126_1b1_AL,ICBHI_126,0,ICBHI,Meditron,0.0001233945759862,1
ICBHI_126_1b1_AL_005,ICBHI_126_1b1_AL,ICBHI_126,0,ICBHI,Meditron,0.0001123532806387,1
ICBHI_126_1b1_AL_006,ICBHI_126_1b1_AL,ICBHI_126,0,ICBHI,Meditron,0.0001106115971463,1
ICBHI_132_2b1_LR_000,ICBHI_132_2b1_LR,ICBHI_132,1,ICBHI,LittC2SE,0.9205043007398608,1
ICBHI_132_2b1_LR_001,ICBHI_132_2b1_LR,ICBHI_132,1,ICBHI,LittC2SE,0.956308939359532,1
ICBHI_132_2b1_LR_002,ICBHI_132_2b1_LR,ICBHI_132,1,ICBHI,LittC2SE,0.9733422603160212,1
ICBHI_132_2b1_LR_003,ICBHI_132_2b1_LR,ICBHI_132,1,ICBHI,LittC2SE,0.9815597909507104,1
ICBHI_132_2b1_LR_004,ICBHI_132_2b1_LR,ICBHI_132,1,ICBHI,LittC2SE,0.9724670607386878,1
ICBHI_132_2b1_LR_005,ICBHI_132_2b1_LR,ICBHI_132,1,ICBHI,LittC2SE,0.9608783531246672,1
ICBHI_132_2b1_LR_006,ICBHI_132_2b1_LR,ICBHI_132,1,ICBHI,LittC2SE,0.9619649074673172,1
ICBHI_132_2b2_LR_000,ICBHI_132_2b2_LR,ICBHI_132,1,ICBHI,LittC2SE,0.9810219632882344,1
ICBHI_132_2b2_LR_001,ICBHI_132_2b2_LR,ICBHI_132,1,ICBHI,LittC2SE,0.9774570340514706,1
ICBHI_132_2b2_LR_002,ICBHI_132_2b2_LR,ICBHI_132,1,ICBHI,LittC2SE,0.9759922540789444,1
ICBHI_132_2b2_LR_003,ICBHI_132_2b2_LR,ICBHI_132,1,ICBHI,LittC2SE,0.9780097803027992,1
ICBHI_132_2b2_LR_004,ICBHI_132_2b2_LR,ICBHI_132,1,ICBHI,LittC2SE,0.979784031808104,1
ICBHI_132_2b2_LR_005,ICBHI_132_2b2_LR,ICBHI_132,1,ICBHI,LittC2SE,0.988536202622004,1
ICBHI_132_2b2_LR_006,ICBHI_132_2b2_LR,ICBHI_132,1,ICBHI,LittC2SE,0.983596967483837,1
ICBHI_136_1b1_AR_000,ICBHI_136_1b1_AR,ICBHI_136,0,ICBHI,Meditron,0.0001055468579543,1
ICBHI_136_1b1_AR_001,ICBHI_136_1b1_AR,ICBHI_136,0,ICBHI,Meditron,0.0001106115971463,1
ICBHI_136_1b1_AR_002,ICBHI_136_1b1_AR,ICBHI_136,0,ICBHI,Meditron,0.000115017355457,1
ICBHI_136_1b1_AR_003,ICBHI_136_1b1_AR,ICBHI_136,0,ICBHI,Meditron,0.0001243622512831,1
ICBHI_136_1b1_AR_004,ICBHI_136_1b1_AR,ICBHI_136,0,ICBHI,Meditron,0.0001572034524892,1
ICBHI_136_1b1_AR_005,ICBHI_136_1b1_AR,ICBHI_136,0,ICBHI,Meditron,0.0001420236402299,1
ICBHI_136_1b1_AR_006,ICBHI_136_1b1_AR,ICBHI_136,0,ICBHI,Meditron,0.0001323818655974,1
ICBHI_142_1b1_PL_000,ICBHI_142_1b1_PL,ICBHI_142,1,ICBHI,LittC2SE,0.9823555365894354,1
ICBHI_142_1b1_PL_001,ICBHI_142_1b1_PL,ICBHI_142,1,ICBHI,LittC2SE,0.983278856294558,1
ICBHI_142_1b1_PL_002,ICBHI_142_1b1_PL,ICBHI_142,1,ICBHI,LittC2SE,0.9846346585586978,1
ICBHI_142_1b1_PL_003,ICBHI_142_1b1_PL,ICBHI_142,1,ICBHI,LittC2SE,0.9863105223037256,1
ICBHI_142_1b1_PL_004,ICBHI_142_1b1_PL,ICBHI_142,1,ICBHI,LittC2SE,0.9823555365894354,1
ICBHI_142_1b1_PL_005,ICBHI_142_1b1_PL,ICBHI_142,1,ICBHI,LittC2SE,0.9847524093785004,1
ICBHI_142_1b1_PL_006,ICBHI_142_1b1_PL,ICBHI_142,1,ICBHI,LittC2SE,0.9863105223037256,1
ICBHI_151_2p2_AL_000,ICBHI_151_2p2_AL,ICBHI_151,1,ICBHI,AKGC417L,0.9528381329658232,1
ICBHI_151_2p2_AL_001,ICBHI_151_2p2_AL,ICBHI_151,1,ICBHI,AKGC417L,0.8707072458481652,1
ICBHI_151_2p2_AL_002,ICBHI_151_2p2_AL,ICBHI_151,1,ICBHI,AKGC417L,0.9688561694652216,1
ICBHI_151_2p2_AL_003,ICBHI_151_2p2_AL,ICBHI_151,1,ICBHI,AKGC417L,0.9629528313309248,1
ICBHI_151_2p2_AL_004,ICBHI_151_2p2_AL,ICBHI_151,1,ICBHI,AKGC417L,0.9749168590639716,1
ICBHI_151_2p2_AL_005,ICBHI_151_2p2_AL,ICBHI_151,1,ICBHI,AKGC417L,0.984810951192016,1
ICBHI_151_2p2_AL_006,ICBHI_151_2p2_AL,ICBHI_151,1,ICBHI,AKGC417L,0.9388007742267246,1
ICBHI_151_2p2_AR_000,ICBHI_151_2p2_AR,ICBHI_151,1,ICBHI,AKGC417L,0.9180404503793634,1
ICBHI_151_2p2_AR_001,ICBHI_151_2p2_AR,ICBHI_151,1,ICBHI,AKGC417L,0.9608783531246672,1
ICBHI_151_2p2_AR_002,ICBHI_151_2p2_AR,ICBHI_151,1,ICBHI,AKGC417L,0.9792749380796176,1
ICBHI_151_2p2_AR_003,ICBHI_151_2p2_AR,ICBHI_151,1,ICBHI,AKGC417L,0.9737446992106472,1
ICBHI_151_2p2_AR_004,ICBHI_151_2p2_AR,ICBHI_151,1,ICBHI,AKGC417L,0.9361683919753396,1
ICBHI_151_2p2_AR_005,ICBHI_151_2p2_AR,ICBHI_151,1,ICBHI,AKGC417L,0.982889110788156,1
ICBHI_151_2p2_AR_006,ICBHI_151_2p2_AR,ICBHI_151,1,ICBHI,AKGC417L,0.9782188286685004,1
ICBHI_151_2p2_LL_000,ICBHI_151_2p2_LL,ICBHI_151,1,ICBHI,AKGC417L,0.9599126416289347,1
ICBHI_151_2p2_LL_001,ICBHI_151_2p2_LL,ICBHI_151,1,ICBHI,AKGC417L,0.9666631758572982,1
ICBHI_151_2p2_LL_002,ICBHI_151_2p2_LL,ICBHI_151,1,ICBHI,AKGC417L,0.977542947070584,1
ICBHI_151_2p2_LL_003,ICBHI_151_2p2_LL,ICBHI_151,1,ICBHI,AKGC417L,0.9831499205521024,1
ICBHI_151_2p2_LL_004,ICBHI_151_2p2_LL,ICBHI_151,1,ICBHI,AKGC417L,0.9904406006529084,1
ICBHI_151_2p2_LL_005,ICBHI_151_2p2_LL,ICBHI_151,1,ICBHI,AKGC417L,0.9919067101026268,1
ICBHI_151_2p2_LL_006,ICBHI_151_2p2_LL,ICBHI_151,1,ICBHI,AKGC417L,0.9575167923553374,1
ICBHI_151_2p2_LR_000,ICBHI_151_2p2_LR,ICBHI_151,1,ICBHI,AKGC417L,0.9600626857930734,1
ICBHI_151_2p2_LR_001,ICBHI_151_2p2_LR,ICBHI_151,1,ICBHI,AKGC417L,0.9836598719063984,1
ICBHI_151_2p2_LR_002,ICBHI_151_2p2_LR,ICBHI_151,1,ICBHI,AKGC417L,0.9918437513730266,1
ICBHI_151_2p2_LR_003,ICBHI_151_2p2_LR,ICBHI_151,1,ICBHI,AKGC417L,0.9909797204985978,1
ICBHI_151_2p2_LR_004,ICBHI_151_2p2_LR,ICBHI_151,1,ICBHI,AKGC417L,0.9919380084717284,1
ICBHI_151_2p2_LR_005,ICBHI_151_2p2_LR,ICBHI_151,1,ICBHI,AKGC417L,0.9943799635999728,1
ICBHI_151_2p2_LR_006,ICBHI_151_2p2_LR,ICBHI_151,1,ICBHI,AKGC417L,0.9848692716928064,1
ICBHI_151_2p2_PL_000,ICBHI_151_2p2_PL,ICBHI_151,1,ICBHI,AKGC417L,0.9820826552325288,1
ICBHI_151_2p2_PL_001,ICBHI_151_2p2_PL,ICBHI_151,1,ICBHI,AKGC417L,0.9800148480052566,1
ICBHI_151_2p2_PL_002,ICBHI_151_2p2_PL,ICBHI_151,1,ICBHI,AKGC417L,0.9796287059913455,1
ICBHI_151_2p2_PL_003,ICBHI_151_2p2_PL,ICBHI_151,1,ICBHI,AKGC417L,0.97364464715388,1
ICBHI_151_2p2_PL_004,ICBHI_151_2p2_PL,ICBHI_151,1,ICBHI,AKGC417L,0.9245515644711388,1
ICBHI_151_2p2_PL_005,ICBHI_151_2p2_PL,ICBHI_151,1,ICBHI,AKGC417L,0.8341368428246111,1
ICBHI_151_2p2_PL_006,ICBHI_151_2p2_PL,ICBHI_151,1,ICBHI,AKGC417L,0.9339146213324512,1
ICBHI_151_2p2_PR_000,ICBHI_151_2p2_PR,ICBHI_151,1,ICBHI,AKGC417L,0.9746286885255978,1
ICBHI_151_2p2_PR_001,ICBHI_151_2p2_PR,ICBHI_151,1,ICBHI,AKGC417L,0.977585783536363,1
ICBHI_151_2p2_PR_002,ICBHI_151_2p2_PR,ICBHI_151,1,ICBHI,AKGC417L,0.9703524898536864,1
ICBHI_151_2p2_PR_003,ICBHI_151_2p2_PR,ICBHI_151,1,ICBHI,AKGC417L,0.8449215283934065,1
ICBHI_151_2p2_PR_004,ICBHI_151_2p2_PR,ICBHI_151,1,ICBHI,AKGC417L,0.9543930566810525,1
ICBHI_151_2p2_PR_005,ICBHI_151_2p2_PR,ICBHI_151,1,ICBHI,AKGC417L,0.9809125661798574,1
ICBHI_151_2p2_PR_006,ICBHI_151_2p2_PR,ICBHI_151,1,ICBHI,AKGC417L,0.98905542259902,1
ICBHI_151_2p2_TC_000,ICBHI_151_2p2_TC,ICBHI_151,1,ICBHI,AKGC417L,0.9868280501184434,1
ICBHI_151_2p2_TC_001,ICBHI_151_2p2_TC,ICBHI_151,1,ICBHI,AKGC417L,0.9832145101099364,1
ICBHI_151_2p2_TC_002,ICBHI_151_2p2_TC,ICBHI_151,1,ICBHI,AKGC417L,0.9831499205521024,1
ICBHI_151_2p2_TC_003,ICBHI_151_2p2_TC,ICBHI_151,1,ICBHI,AKGC417L,0.9734434290045008,1
ICBHI_151_2p2_TC_004,ICBHI_151_2p2_TC,ICBHI_151,1,ICBHI,AKGC417L,0.9808759632491112,1
ICBHI_151_2p2_TC_005,ICBHI_151_2p2_TC,ICBHI_151,1,ICBHI,AKGC417L,0.9787533019806788,1
ICBHI_151_2p2_TC_006,ICBHI_151_2p2_TC,ICBHI_151,1,ICBHI,AKGC417L,0.9864678513445928,1
ICBHI_151_2p3_AL_000,ICBHI_151_2p3_AL,ICBHI_151,1,ICBHI,AKGC417L,0.8678218637325634,1
ICBHI_151_2p3_AL_001,ICBHI_151_2p3_AL,ICBHI_151,1,ICBHI,AKGC417L,0.9705205917252118,1
ICBHI_151_2p3_AL_002,ICBHI_151_2p3_AL,ICBHI_151,1,ICBHI,AKGC417L,0.970576420036356,1
ICBHI_151_2p3_AL_003,ICBHI_151_2p3_AL,ICBHI_151,1,ICBHI,AKGC417L,0.916708077443256,1
ICBHI_151_2p3_AL_004,ICBHI_151_2p3_AL,ICBHI_151,1,ICBHI,AKGC417L,0.9550683569776216,1
ICBHI_151_2p3_AL_005,ICBHI_151_2p3_AL,ICBHI_151,1,ICBHI,AKGC417L,0.9673486215396556,1
ICBHI_151_2p3_AL_006,ICBHI_151_2p3_AL,ICBHI_151,1,ICBHI,AKGC417L,0.965963847005629,1
ICBHI_151_2p3_AR_000,ICBHI_151_2p3_AR,ICBHI_151,1,ICBHI,AKGC417L,0.9361683919753396,1
ICBHI_151_2p3_AR_001,ICBHI_151_2p3_AR,ICBHI_151,1,ICBHI,AKGC417L,0.9589241107536092,1
ICBHI_151_2p3_AR_002,ICBHI_151_2p3_AR,ICBHI_151,1,ICBHI,AKGC417L,0.9707987097542188,1
ICBHI_151_2p3_AR_003,ICBHI_151_2p3_AR,ICBHI_151,1,ICBHI,AKGC417L,0.8862236206549613,1
ICBHI_151_2p3_AR_004,ICBHI_151_2p3_AR,ICBHI_151,1,ICBHI,AKGC417L,0.9202179865359068,1
ICBHI_151_2p3_AR_005,ICBHI_151_2p3_AR,ICBHI_151,1,ICBHI,AKGC417L,0.954477994846878,1
ICBHI_151_2p3_AR_006,ICBHI_151_2p3_AR,ICBHI_151,1,ICBHI,AKGC417L,0.9689738206081602,1
ICBHI_151_2p3_LL_000,ICBHI_151_2p3_LL,ICBHI_151,1,ICBHI,AKGC417L,0.932083324744034,1
ICBHI_151_2p3_LL_001,ICBHI_151_2p3_LL,ICBHI_151,1,ICBHI,AKGC417L,0.954137335843458,1
ICBHI_151_2p3_LL_002,ICBHI_151_2p3_LL,ICBHI_151,1,ICBHI,AKGC417L,0.9630224454648544,1
ICBHI_151_2p3_LL_003,ICBHI_151_2p3_LL,ICBHI_151,1,ICBHI,AKGC417L,0.9458012701768144,1
ICBHI_151_2p3_LL_004,ICBHI_151_2p3_LL,ICBHI_151,1,ICBHI,AKGC417L,0.9677777030339422,1
ICBHI_151_2p3_LL_005,ICBHI_151_2p3_LL,ICBHI_151,1,ICBHI,AKGC417L,0.9587699726751936,1
ICBHI_151_2p3_LL_006,ICBHI_151_2p3_LL,ICBHI_151,1,ICBHI,AKGC417L,0.9800148480052566,1
ICBHI_151_2p3_LR_000,ICBHI_151_2p3_LR,ICBHI_151,1,ICBHI,AKGC417L,0.965963847005629,1
ICBHI_151_2p3_LR_001,ICBHI_151_2p3_LR,ICBHI_151,1,ICBHI,AKGC417L,0.9807288620802312,1
ICBHI_151_2p3_LR_002,ICBHI_151_2p3_LR,ICBHI_151,1,ICBHI,AKGC417L,0.9858276338086984,1
ICBHI_151_2p3_LR_003,ICBHI_151_2p3_LR,ICBHI_151,1,ICBHI,AKGC417L,0.9519526413943112,1
ICBHI_151_2p3_LR_004,ICBHI_151_2p3_LR,ICBHI_151,1,ICBHI,AKGC417L,0.980765741038007,1
ICBHI_151_2p3_LR_005,ICBHI_151_2p3_LR,ICBHI_151,1,ICBHI,AKGC417L,0.9887987866239216,1
ICBHI_151_2p3_LR_006,ICBHI_151_2p3_LR,ICBHI_151,1,ICBHI,AKGC417L,0.9823555365894354,1
ICBHI_151_2p3_PL_000,ICBHI_151_2p3_PL,ICBHI_151,1,ICBHI,AKGC417L,0.9756234030788976,1
ICBHI_151_2p3_PL_001,ICBHI_151_2p3_PL,ICBHI_151,1,ICBHI,AKGC417L,0.9818056317790944,1
ICBHI_151_2p3_PL_002,ICBHI_151_2p3_PL,ICBHI_151,1,ICBHI,AKGC417L,0.9813106915732508,1
ICBHI_151_2p3_PL_003,ICBHI_151_2p3_PL,ICBHI_151,1,ICBHI,AKGC417L,0.978467122853792,1
ICBHI_151_2p3_PL_004,ICBHI_151_2p3_PL,ICBHI_151,1,ICBHI,AKGC417L,0.9781354435078864,1
ICBHI_151_2p3_PL_005,ICBHI_151_2p3_PL,ICBHI_151,1,ICBHI,AKGC417L,0.9675331855246276,1
ICBHI_151_2p3_PL_006,ICBHI_151_2p3_PL,ICBHI_151,1,ICBHI,AKGC417L,0.9748690530618772,1
ICBHI_151_2p3_PR_000,ICBHI_151_2p3_PR,ICBHI_151,1,ICBHI,AKGC417L,0.9793540692607816,1
ICBHI_151_2p3_PR_001,ICBHI_151_2p3_PR,ICBHI_151,1,ICBHI,AKGC417L,0.9766246849598732,1
ICBHI_151_2p3_PR_002,ICBHI_151_2p3_PR,ICBHI_151,1,ICBHI,AKGC417L,0.9604354448677628,1
ICBHI_151_2p3_PR_003,ICBHI_151_2p3_PR,ICBHI_151,1,ICBHI,AKGC417L,0.9689738206081602,1
ICBHI_151_2p3_PR_004,ICBHI_151_2p3_PR,ICBHI_151,1,ICBHI,AKGC417L,0.9727273312024342,1
ICBHI_151_2p3_PR_005,ICBHI_151_2p3_PR,ICBHI_151,1,ICBHI,AKGC417L,0.9413314016155964,1
ICBHI_151_2p3_PR_006,ICBHI_151_2p3_PR,ICBHI_151,1,ICBHI,AKGC417L,0.9638480624171308,1
ICBHI_151_2p3_TC_000,ICBHI_151_2p3_TC,ICBHI_151,1,ICBHI,AKGC417L,0.9887119261007692,1
ICBHI_151_2p3_TC_001,ICBHI_151_2p3_TC,ICBHI_151,1,ICBHI,AKGC417L,0.9831499205521024,1
ICBHI_151_2p3_TC_002,ICBHI_151_2p3_TC,ICBHI_151,1,ICBHI,AKGC417L,0.9846346585586978,1
ICBHI_151_2p3_TC_003,ICBHI_151_2p3_TC,ICBHI_151,1,ICBHI,AKGC417L,0.9815597909507104,1
ICBHI_151_2p3_TC_004,ICBHI_151_2p3_TC,ICBHI_151,1,ICBHI,AKGC417L,0.9820826552325288,1
ICBHI_151_2p3_TC_005,ICBHI_151_2p3_TC,ICBHI_151,1,ICBHI,AKGC417L,0.9813106915732508,1
ICBHI_151_2p3_TC_006,ICBHI_151_2p3_TC,ICBHI_151,1,ICBHI,AKGC417L,0.9764456684220548,1
ICBHI_151_2p4_AL_000,ICBHI_151_2p4_AL,ICBHI_151,1,ICBHI,AKGC417L,0.8976952921073469,1
ICBHI_151_2p4_AL_001,ICBHI_151_2p4_AL,ICBHI_151,1,ICBHI,AKGC417L,0.90548957556435,1
ICBHI_151_2p4_AL_002,ICBHI_151_2p4_AL,ICBHI_151,1,ICBHI,AKGC417L,0.9183338856080048,1
ICBHI_151_2p4_AL_003,ICBHI_151_2p4_AL,ICBHI_151,1,ICBHI,AKGC417L,0.2285006322511583,1
ICBHI_151_2p4_AL_004,ICBHI_151_2p4_AL,ICBHI_151,1,ICBHI,AKGC417L,0.2208461552340498,1
ICBHI_151_2p4_AL_005,ICBHI_151_2p4_AL,ICBHI_151,1,ICBHI,AKGC417L,0.9584600343879384,1
ICBHI_151_2p4_AL_006,ICBHI_151_2p4_AL,ICBHI_151,1,ICBHI,AKGC417L,0.9790357591818724,1
ICBHI_151_2p4_AR_000,ICBHI_151_2p4_AR,ICBHI_151,1,ICBHI,AKGC417L,0.935109885267838,1
ICBHI_151_2p4_AR_001,ICBHI_151_2p4_AR,ICBHI_151,1,ICBHI,AKGC417L,0.9173026573249612,1
ICBHI_151_2p4_AR_002,ICBHI_151_2p4_AR,ICBHI_151,1,ICBHI,AKGC417L,0.5247143402008536,1
ICBHI_151_2p4_AR_003,ICBHI_151_2p4_AR,ICBHI_151,1,ICBHI,AKGC417L,0.6995623843522852,1
ICBHI_151_2p4_AR_004,ICBHI_151_2p4_AR,ICBHI_151,1,ICBHI,AKGC417L,0.6028801912496309,1
ICBHI_151_2p4_AR_005,ICBHI_151_2p4_AR,ICBHI_151,1,ICBHI,AKGC417L,0.4030968239593021,1
ICBHI_151_2p4_AR_006,ICBHI_151_2p4_AR,ICBHI_151,1,ICBHI,AKGC417L,0.4769450709868852,1
ICBHI_151_2p4_LL_000,ICBHI_151_2p4_LL,ICBHI_151,1,ICBHI,AKGC417L,0.9428234058401228,1
ICBHI_151_2p4_LL_001,ICBHI_151_2p4_LL,ICBHI_151,1,ICBHI,AKGC417L,0.941654159388319,1
ICBHI_151_2p4_LL_002,ICBHI_151_2p4_LL,ICBHI_151,1,ICBHI,AKGC417L,0.9293122085569836,1
ICBHI_151_2p4_LL_003,ICBHI_151_2p4_LL,ICBHI_151,1,ICBHI,AKGC417L,0.9534487247878658,1
ICBHI_151_2p4_LL_004,ICBHI_151_2p4_LL,ICBHI_151,1,ICBHI,AKGC417L,0.356110705296086,1
ICBHI_151_2p4_LL_005,ICBHI_151_2p4_LL,ICBHI_151,1,ICBHI,AKGC417L,0.8929365379204537,1
ICBHI_151_2p4_LL_006,ICBHI_151_2p4_LL,ICBHI_151,1,ICBHI,AKGC417L,0.9245515644711388,1
ICBHI_151_2p4_LR_000,ICBHI_151_2p4_LR,ICBHI_151,1,ICBHI,AKGC417L,0.9703524898536864,1
ICBHI_151_2p4_LR_001,ICBHI_151_2p4_LR,ICBHI_151,1,ICBHI,AKGC417L,0.9510513782831764,1
ICBHI_151_2p4_LR_002,ICBHI_151_2p4_LR,ICBHI_151,1,ICBHI,AKGC417L,0.9646559219424472,1
ICBHI_151_2p4_LR_003,ICBHI_151_2p4_LR,ICBHI_151,1,ICBHI,AKGC417L,0.9779256128989756,1
ICBHI_151_2p4_LR_004,ICBHI_151_2p4_LR,ICBHI_151,1,ICBHI,AKGC417L,0.9715639669551474,1
ICBHI_151_2p4_LR_005,ICBHI_151_2p4_LR,ICBHI_151,1,ICBHI,AKGC417L,0.7714993677488416,1
ICBHI_151_2p4_LR_006,ICBHI_151_2p4_LR,ICBHI_151,1,ICBHI,AKGC417L,0.898588675245352,1
ICBHI_151_2p4_PL_000,ICBHI_151_2p4_PL,ICBHI_151,1,ICBHI,AKGC417L,0.9773275621685958,1
ICBHI_151_2p4_PL_001,ICBHI_151_2p4_PL,ICBHI_151,1,ICBHI,AKGC417L,0.979745309435261,1
ICBHI_151_2p4_PL_002,ICBHI_151_2p4_PL,ICBHI_151,1,ICBHI,AKGC417L,0.9787126482065488,1
ICBHI_151_2p4_PL_003,ICBHI_151_2p4_PL,ICBHI_151,1,ICBHI,AKGC417L,0.968915048912056,1
ICBHI_151_2p4_PL_004,ICBHI_151_2p4_PL,ICBHI_151,1,ICBHI,AKGC417L,0.9688561694652216,1
ICBHI_151_2p4_PL_005,ICBHI_151_2p4_PL,ICBHI_151,1,ICBHI,AKGC417L,0.9758085141318648,1
ICBHI_151_2p4_PL_006,ICBHI_151_2p4_PL,ICBHI_151,1,ICBHI,AKGC417L,0.9476723731536068,1
ICBHI_151_2p4_PR_000,ICBHI_151_2p4_PR,ICBHI_151,1,ICBHI,AKGC417L,0.975154563105731,1
ICBHI_151_2p4_PR_001,ICBHI_151_2p4_PR,ICBHI_151,1,ICBHI,AKGC417L,0.9621787134186344,1
ICBHI_151_2p4_PR_002,ICBHI_151_2p4_PR,ICBHI_151,1,ICBHI,AKGC417L,0.9677167410666156,1
ICBHI_151_2p4_PR_003,ICBHI_151_2p4_PR,ICBHI_151,1,ICBHI,AKGC417L,0.9525741268224334,1
ICBHI_151_2p4_PR_004,ICBHI_151_2p4_PR,ICBHI_151,1,ICBHI,AKGC417L,0.8394709400397776,1
ICBHI_151_2p4_PR_005,ICBHI_151_2p4_PR,ICBHI_151,1,ICBHI,AKGC417L,0.7608284015956692,1
ICBHI_151_2p4_PR_006,ICBHI_151_2p4_PR,ICBHI_151,1,ICBHI,AKGC417L,0.7816641373754407,1
ICBHI_151_2p4_TC_000,ICBHI_151_2p4_TC,ICBHI_151,1,ICBHI,AKGC417L,0.9865198970247336,1
ICBHI_151_2p4_TC_001,ICBHI_151_2p4_TC,ICBHI_151,1,ICBHI,AKGC417L,0.9864678513445928,1
ICBHI_151_2p4_TC_002,ICBHI_151_2p4_TC,ICBHI_151,1,ICBHI,AKGC417L,0.9867771782476948,1
ICBHI_151_2p4_TC_003,ICBHI_151_2p4_TC,ICBHI_151,1,ICBHI,AKGC417L,0.97369471946558,1
ICBHI_151_2p4_TC_004,ICBHI_151_2p4_TC,ICBHI_151,1,ICBHI,AKGC417L,0.9547319063567952,1
ICBHI_151_2p4_TC_005,ICBHI_151_2p4_TC,ICBHI_151,1,ICBHI,AKGC417L,0.9348724531603766,1
ICBHI_151_2p4_TC_006,ICBHI_151_2p4_TC,ICBHI_151,1,ICBHI,AKGC417L,0.9716178771000952,1
ICBHI_151_3p2_AL_000,ICBHI_151_3p2_AL,ICBHI_151,1,ICBHI,AKGC417L,0.8125700385367505,1
ICBHI_151_3p2_AL_001,ICBHI_151_3p2_AL,ICBHI_151,1,ICBHI,AKGC417L,0.9124361604769414,1
ICBHI_151_3p2_AL_002,ICBHI_151_3p2_AL,ICBHI_151,1,ICBHI,AKGC417L,0.909103245693355,1
ICBHI_151_3p2_AL_003,ICBHI_151_3p2_AL,ICBHI_151,1,ICBHI,AKGC417L,0.7689067580749571,1
ICBHI_151_3p2_AL_004,ICBHI_151_3p2_AL,ICBHI_151,1,ICBHI,AKGC417L,0.8763171902779356,1
ICBHI_151_3p2_AL_005,ICBHI_151_3p2_AL,ICBHI_151,1,ICBHI,AKGC417L,0.8068526199774353,1
ICBHI_151_3p2_AL_006,ICBHI_151_3p2_AL,ICBHI_151,1,ICBHI,AKGC417L,0.7923035891138168,1
ICBHI_151_3p2_AR_000,ICBHI_151_3p2_AR,ICBHI_151,1,ICBHI,AKGC417L,0.9061560406079822,1
ICBHI_151_3p2_AR_001,ICBHI_151_3p2_AR,ICBHI_151,1,ICBHI,AKGC417L,0.840520958372224,1
ICBHI_151_3p2_AR_002,ICBHI_151_3p2_AR,ICBHI_151,1,ICBHI,AKGC417L,0.9187722440021828,1
ICBHI_151_3p2_AR_003,ICBHI_151_3p2_AR,ICBHI_151,1,ICBHI,AKGC417L,0.944791312675938,1
ICBHI_151_3p2_AR_004,ICBHI_151_3p2_AR,ICBHI_151,1,ICBHI,AKGC417L,0.9305845275935024,1
ICBHI_151_3p2_AR_005,ICBHI_151_3p2_AR,ICBHI_151,1,ICBHI,AKGC417L,0.8852352197343663,1
ICBHI_151_3p2_AR_006,ICBHI_151_3p2_AR,ICBHI_151,1,ICBHI,AKGC417L,0.941006970264362,1
ICBHI_151_3p2_LR_000,ICBHI_151_3p2_LR,ICBHI_151,1,ICBHI,AKGC417L,0.9834704434423458,1
ICBHI_151_3p2_LR_001,ICBHI_151_3p2_LR,ICBHI_151,1,ICBHI,AKGC417L,0.9746286885255978,1
ICBHI_151_3p2_LR_002,ICBHI_151_3p2_LR,ICBHI_151,1,ICBHI,AKGC417L,0.9671630439727548,1
ICBHI_151_3p2_LR_003,ICBHI_151_3p2_LR,ICBHI_151,1,ICBHI,AKGC417L,0.978343323718742,1
ICBHI_151_3p2_LR_004,ICBHI_151_3p2_LR,ICBHI_151,1,ICBHI,AKGC417L,0.9694979473172858,1
ICBHI_151_3p2_LR_005,ICBHI_151_3p2_LR,ICBHI_151,1,ICBHI,AKGC417L,0.975900554890232,1
ICBHI_151_3p2_LR_006,ICBHI_151_3p2_LR,ICBHI_151,1,ICBHI,AKGC417L,0.9826909042463318,1
ICBHI_151_3p2_PL_000,ICBHI_151_3p2_PL,ICBHI_151,1,ICBHI,AKGC417L,0.9583042305755448,1
ICBHI_151_3p2_PL_001,ICBHI_151_3p2_PL,ICBHI_151,1,ICBHI,AKGC417L,0.9428234058401228,1
ICBHI_151_3p2_PL_002,ICBHI_151_3p2_PL,ICBHI_151,1,ICBHI,AKGC417L,0.9669764476633728,1
ICBHI_151_3p2_PL_003,ICBHI_151_3p2_PL,ICBHI_151,1,ICBHI,AKGC417L,0.9791955100493928,1
ICBHI_151_3p2_PL_004,ICBHI_151_3p2_PL,ICBHI_151,1,ICBHI,AKGC417L,0.9832145101099364,1
ICBHI_151_3p2_PL_005,ICBHI_151_3p2_PL,ICBHI_151,1,ICBHI,AKGC417L,0.9675331855246276,1
ICBHI_151_3p2_PL_006,ICBHI_151_3p2_PL,ICBHI_151,1,ICBHI,AKGC417L,0.9731387971923422,1
ICBHI_151_3p2_PR_000,ICBHI_151_3p2_PR,ICBHI_151,1,ICBHI,AKGC417L,0.983342959990771,1
ICBHI_151_3p2_PR_001,ICBHI_151_3p2_PR,ICBHI_151,1,ICBHI,AKGC417L,0.968797182083676,1
ICBHI_151_3p2_PR_002,ICBHI_151_3p2_PR,ICBHI_151,1,ICBHI,AKGC417L,0.969324198289326,1
ICBHI_151_3p2_PR_003,ICBHI_151_3p2_PR,ICBHI_151,1,ICBHI,AKGC417L,0.9672250161000436,1
ICBHI_151_3p2_PR_004,ICBHI_151_3p2_PR,ICBHI_151,1,ICBHI,AKGC417L,0.9616059822423816,1
ICBHI_151_3p2_PR_005,ICBHI_151_3p2_PR,ICBHI_151,1,ICBHI,AKGC417L,0.9688561694652216,1
ICBHI_151_3p2_PR_006,ICBHI_151_3p2_PR,ICBHI_151,1,ICBHI,AKGC417L,0.9400235602628372,1
ICBHI_151_3p2_TC_000,ICBHI_151_3p2_TC,ICBHI_151,1,ICBHI,AKGC417L,0.9645224968348788,1
ICBHI_151_3p2_TC_001,ICBHI_151_3p2_TC,ICBHI_151,1,ICBHI,AKGC417L,0.9605095953512194,1
ICBHI_151_3p2_TC_002,ICBHI_151_3p2_TC,ICBHI_151,1,ICBHI,AKGC417L,0.9451974048440384,1
ICBHI_151_3p2_TC_003,ICBHI_151_3p2_TC,ICBHI_151,1,ICBHI,AKGC417L,0.9781771750265408,1
ICBHI_151_3p2_TC_004,ICBHI_151_3p2_TC,ICBHI_151,1,ICBHI,AKGC417L,0.96621977103159,1
ICBHI_151_3p2_TC_005,ICBHI_151_3p2_TC,ICBHI_151,1,ICBHI,AKGC417L,0.9741412240872888,1
ICBHI_151_3p2_TC_006,ICBHI_151_3p2_TC,ICBHI_151,1,ICBHI,AKGC417L,0.9818752792555312,1
ICBHI_151_3p3_LL_000,ICBHI_151_3p3_LL,ICBHI_151,1,ICBHI,AKGC417L,0.9692078335557076,1
ICBHI_151_3p3_LL_001,ICBHI_151_3p3_LL,ICBHI_151,1,ICBHI,AKGC417L,0.97982268167713,1
ICBHI_151_3p3_LL_002,ICBHI_151_3p3_LL,ICBHI_151,1,ICBHI,AKGC417L,0.9795506054513976,1
ICBHI_151_3p3_LL_003,ICBHI_151_3p3_LL,ICBHI_151,1,ICBHI,AKGC417L,0.8814109034236719,1
ICBHI_151_3p3_LL_004,ICBHI_151_3p3_LL,ICBHI_151,1,ICBHI,AKGC417L,0.8925625233915799,1
ICBHI_151_3p3_LL_005,ICBHI_151_3p3_LL,ICBHI_151,1,ICBHI,AKGC417L,0.4403489228850985,1
ICBHI_151_3p3_LL_006,ICBHI_151_3p3_LL,ICBHI_151,1,ICBHI,AKGC417L,0.3446639834618105,1
ICBHI_157_1b1_AL_000,ICBHI_157_1b1_AL,ICBHI_157,1,ICBHI,Meditron,0.5595006555364362,1
ICBHI_157_1b1_AL_001,ICBHI_157_1b1_AL,ICBHI_157,1,ICBHI,Meditron,0.9839091258071756,1
ICBHI_157_1b1_AL_002,ICBHI_157_1b1_AL,ICBHI_157,1,ICBHI,Meditron,0.9890130573694068,1
ICBHI_157_1b1_AL_003,ICBHI_157_1b1_AL,ICBHI_157,1,ICBHI,Meditron,0.986415607486941,1
ICBHI_157_1b1_AL_004,ICBHI_157_1b1_AL,ICBHI_157,1,ICBHI,Meditron,0.98636316471857,1
ICBHI_157_1b1_AL_005,ICBHI_157_1b1_AL,ICBHI_157,1,ICBHI,Meditron,0.9865717452580314,1
ICBHI_157_1b1_AL_006,ICBHI_157_1b1_AL,ICBHI_157,1,ICBHI,Meditron,0.9875203002546722,1
ICBHI_157_1b1_AL_007,ICBHI_157_1b1_AL,ICBHI_157,1,ICBHI,Meditron,0.987568349146814,1
ICBHI_157_1b1_AL_008,ICBHI_157_1b1_AL,ICBHI_157,1,ICBHI,Meditron,0.9722571081173828,1
ICBHI_157_1b1_AL_009,ICBHI_157_1b1_AL,ICBHI_157,1,ICBHI,Meditron,0.9764007056485348,1
ICBHI_157_1b1_AL_010,ICBHI_157_1b1_AL,ICBHI_157,1,ICBHI,Meditron,0.9793145407099588,1
ICBHI_157_1b1_AL_011,ICBHI_157_1b1_AL,ICBHI_157,1,ICBHI,Meditron,0.9725714572957164,1
ICBHI_157_1b1_AL_012,ICBHI_157_1b1_AL,ICBHI_157,1,ICBHI,Meditron,0.9500414759334156,1
ICBHI_157_1b1_AL_013,ICBHI_157_1b1_AL,ICBHI_157,1,ICBHI,Meditron,0.9487275818697054,1
ICBHI_157_1b1_AL_014,ICBHI_157_1b1_AL,ICBHI_157,1,ICBHI,Meditron,0.9775000306229962,1
ICBHI_157_1b1_AL_015,ICBHI_157_1b1_AL,ICBHI_157,1,ICBHI,Meditron,0.9865198970247336,1
ICBHI_157_1b1_AL_016,ICBHI_157_1b1_AL,ICBHI_157,1,ICBHI,Meditron,0.9871787857334058,1
ICBHI_157_1b1_AL_017,ICBHI_157_1b1_AL,ICBHI_157,1,ICBHI,Meditron,0.9806548960854106,1
ICBHI_157_1b1_AL_018,ICBHI_157_1b1_AL,ICBHI_157,1,ICBHI,Meditron,0.9872772918000768,1
ICBHI_157_1b1_AL_019,ICBHI_157_1b1_AL,ICBHI_157,1,ICBHI,Meditron,0.9812029269218638,1
ICBHI_157_1b1_AL_020,ICBHI_157_1b1_AL,ICBHI_157,1,ICBHI,Meditron,0.965641310666991,1
ICBHI_157_1b1_AL_021,ICBHI_157_1b1_AL,ICBHI_157,1,ICBHI,Meditron,0.9827572224423472,1
ICBHI_157_1b1_AL_022,ICBHI_157_1b1_AL,ICBHI_157,1,ICBHI,Meditron,0.9808025508024198,1
ICBHI_157_1b1_AL_023,ICBHI_157_1b1_AL,ICBHI_157,1,ICBHI,Meditron,0.9837225390872864,1
ICBHI_157_1b1_AL_024,ICBHI_157_1b1_AL,ICBHI_157,1,ICBHI,Meditron,0.9851003567309808,1
ICBHI_157_1b1_AR_000,ICBHI_157_1b1_AR,ICBHI_157,1,ICBHI,Meditron,0.9711838031967466,1
ICBHI_157_1b1_AR_001,ICBHI_157_1b1_AR,ICBHI_157,1,ICBHI,Meditron,0.9626731126558706,1
ICBHI_157_1b1_AR_002,ICBHI_157_1b1_AR,ICBHI_157,1,ICBHI,Meditron,0.9730365001376664,1
ICBHI_157_1b1_AR_003,ICBHI_157_1b1_AR,ICBHI_157,1,ICBHI,Meditron,0.9695556515673754,1
ICBHI_157_1b1_AR_004,ICBHI_157_1b1_AR,ICBHI_157,1,ICBHI,Meditron,0.9616059822423816,1
ICBHI_157_1b1_AR_005,ICBHI_157_1b1_AR,ICBHI_157,1,ICBHI,Meditron,0.9702962496606208,1
ICBHI_157_1b1_AR_006,ICBHI_157_1b1_AR,ICBHI_157,1,ICBHI,Meditron,0.9750122054090996,1
ICBHI_157_1b1_AR_007,ICBHI_157_1b1_AR,ICBHI_157,1,ICBHI,Meditron,0.9281487332504804,1
ICBHI_157_1b1_AR_008,ICBHI_157_1b1_AR,ICBHI_157,1,ICBHI,Meditron,0.9561454366001264,1
ICBHI_157_1b1_AR_009,ICBHI_157_1b1_AR,ICBHI_157,1,ICBHI,Meditron,0.9806178087982642,1
ICBHI_157_1b1_AR_010,ICBHI_157_1b1_AR,ICBHI_157,1,ICBHI,Meditron,0.9785492708245106,1
ICBHI_157_1b1_AR_011,ICBHI_157_1b1_AR,ICBHI_157,1,ICBHI,Meditron,0.9676556676188428,1
ICBHI_157_1b1_AR_012,ICBHI_157_1b1_AR,ICBHI_157,1,ICBHI,Meditron,0.90548957556435,1
ICBHI_157_1b1_AR_013,ICBHI_157_1b1_AR,ICBHI_157,1,ICBHI,Meditron,0.9543930566810525,1
ICBHI_157_1b1_AR_014,ICBHI_157_1b1_AR,ICBHI_157,1,ICBHI,Meditron,0.9514137919629646,1
ICBHI_157_1b1_AR_015,ICBHI_157_1b1_AR,ICBHI_157,1,ICBHI,Meditron,0.9479621753121426,1
ICBHI_157_1b1_AR_016,ICBHI_157_1b1_AR,ICBHI_157,1,ICBHI,Meditron,0.9839708526340988,1
ICBHI_157_1b1_AR_017,ICBHI_157_1b1_AR,ICBHI_157,1,ICBHI,Meditron,0.955816678097593,1
ICBHI_157_1b1_AR_018,ICBHI_157_1b1_AR,ICBHI_157,1,ICBHI,Meditron,0.8369547432098816,1
ICBHI_157_1b1_AR_019,ICBHI_157_1b1_AR,ICBHI_157,1,ICBHI,Meditron,0.9039745112122062,1
ICBHI_157_1b1_AR_020,ICBHI_157_1b1_AR,ICBHI_157,1,ICBHI,Meditron,0.9210741144349998,1
ICBHI_157_1b1_AR_021,ICBHI_157_1b1_AR,ICBHI_157,1,ICBHI,Meditron,0.8482193811152776,1
ICBHI_157_1b1_AR_022,ICBHI_157_1b1_AR,ICBHI_157,1,ICBHI,Meditron,0.9280183729876292,1
ICBHI_157_1b1_AR_023,ICBHI_157_1b1_AR,ICBHI_157,1,ICBHI,Meditron,0.9637117023352416,1
ICBHI_157_1b1_AR_024,ICBHI_157_1b1_AR,ICBHI_157,1,ICBHI,Meditron,0.9557341219002828,1
ICBHI_157_1b1_LR_000,ICBHI_157_1b1_LR,ICBHI_157,1,ICBHI,Meditron,0.9626731126558706,1
ICBHI_157_1b1_LR_001,ICBHI_157_1b1_LR,ICBHI_157,1,ICBHI,Meditron,0.9731898041004328,1
ICBHI_157_1b1_LR_002,ICBHI_157_1b1_LR,ICBHI_157,1,ICBHI,Meditron,0.978671918339908,1
ICBHI_157_1b1_LR_003,ICBHI_157_1b1_LR,ICBHI_157,1,ICBHI,Meditron,0.9818056317790944,1
ICBHI_157_1b1_LR_004,ICBHI_157_1b1_LR,ICBHI_157,1,ICBHI,Meditron,0.9898695883364156,1
ICBHI_157_1b1_LR_005,ICBHI_157_1b1_LR,ICBHI_157,1,ICBHI,Meditron,0.9834704434423458,1
ICBHI_157_1b1_LR_006,ICBHI_157_1b1_LR,ICBHI_157,1,ICBHI,Meditron,0.9782188286685004,1
ICBHI_157_1b1_LR_007,ICBHI_157_1b1_LR,ICBHI_157,1,ICBHI,Meditron,0.9756234030788976,1
ICBHI_157_1b1_LR_008,ICBHI_157_1b1_LR,ICBHI_157,1,ICBHI,Meditron,0.9731898041004328,1
ICBHI_157_1b1_LR_009,ICBHI_157_1b1_LR,ICBHI_157,1,ICBHI,Meditron,0.9733928914303028,1
ICBHI_157_1b1_LR_010,ICBHI_157_1b1_LR,ICBHI_157,1,ICBHI,Meditron,0.9799381975595722,1
ICBHI_157_1b1_LR_011,ICBHI_157_1b1_LR,ICBHI_157,1,ICBHI,Meditron,0.978343323718742,1
ICBHI_157_1b1_LR_012,ICBHI_157_1b1_LR,ICBHI_157,1,ICBHI,Meditron,0.992710922416408,1
ICBHI_157_1b1_LR_013,ICBHI_157_1b1_LR,ICBHI_157,1,ICBHI,Meditron,0.9945094367975008,1
ICBHI_157_1b1_LR_014,ICBHI_157_1b1_LR,ICBHI_157,1,ICBHI,Meditron,0.9894702878753826,1
ICBHI_157_1b1_LR_015,ICBHI_157_1b1_LR,ICBHI_157,1,ICBHI,Meditron,0.9885803853543514,1
ICBHI_157_1b1_LR_016,ICBHI_157_1b1_LR,ICBHI_157,1,ICBHI,Meditron,0.9817006677897864,1
ICBHI_157_1b1_LR_017,ICBHI_157_1b1_LR,ICBHI_157,1,ICBHI,Meditron,0.9849273716910544,1
ICBHI_157_1b1_LR_018,ICBHI_157_1b1_LR,ICBHI_157,1,ICBHI,Meditron,0.9926256346917622,1
ICBHI_157_1b1_LR_019,ICBHI_157_1b1_LR,ICBHI_157,1,ICBHI,Meditron,0.9884026381763672,1
ICBHI_157_1b1_LR_020,ICBHI_157_1b1_LR,ICBHI_157,1,ICBHI,Meditron,0.9891396689867225,1
ICBHI_157_1b1_LR_021,ICBHI_157_1b1_LR,ICBHI_157,1,ICBHI,Meditron,0.9912548183179648,1
ICBHI_157_1b1_LR_022,ICBHI_157_1b1_LR,ICBHI_157,1,ICBHI,Meditron,0.9927391335017144,1
ICBHI_157_1b1_LR_023,ICBHI_157_1b1_LR,ICBHI_157,1,ICBHI,Meditron,0.9901019362839764,1
ICBHI_157_1b1_LR_024,ICBHI_157_1b1_LR,ICBHI_157,1,ICBHI,Meditron,0.9808025508024198,1
ICBHI_157_1b1_PL_000,ICBHI_157_1b1_PL,ICBHI_157,1,ICBHI,Meditron,0.9938070098421448,1
ICBHI_157_1b1_PL_001,ICBHI_157_1b1_PL,ICBHI_157,1,ICBHI,Meditron,0.9918120900983038,1
ICBHI_157_1b1_PL_002,ICBHI_157_1b1_PL,ICBHI_157,1,ICBHI,Meditron,0.9909096166863416,1
ICBHI_157_1b1_PL_003,ICBHI_157_1b1_PL,ICBHI_157,1,ICBHI,Meditron,0.9905142868292048,1
ICBHI_157_1b1_PL_004,ICBHI_157_1b1_PL,ICBHI_157,1,ICBHI,Meditron,0.9916519461902168,1
ICBHI_157_1b1_PL_005,ICBHI_157_1b1_PL,ICBHI_157,1,ICBHI,Meditron,0.994180040415741,1
ICBHI_157_1b1_PL_006,ICBHI_157_1b1_PL,ICBHI_157,1,ICBHI,Meditron,0.9919067101026268,1
ICBHI_157_1b1_PL_007,ICBHI_157_1b1_PL,ICBHI_157,1,ICBHI,Meditron,0.9897116988662836,1
ICBHI_157_1b1_PL_008,ICBHI_157_1b1_PL,ICBHI_157,1,ICBHI,Meditron,0.9887119261007692,1
ICBHI_157_1b1_PL_009,ICBHI_157_1b1_PL,ICBHI_157,1,ICBHI,Meditron,0.988084978032852,1
ICBHI_157_1b1_PL_010,ICBHI_157_1b1_PL,ICBHI_157,1,ICBHI,Meditron,0.9892648373909092,1
ICBHI_157_1b1_PL_011,ICBHI_157_1b1_PL,ICBHI_157,1,ICBHI,Meditron,0.9826909042463318,1
ICBHI_157_1b1_PL_012,ICBHI_157_1b1_PL,ICBHI_157,1,ICBHI,Meditron,0.991875291221819,1
ICBHI_157_1b1_PL_013,ICBHI_157_1b1_PL,ICBHI_157,1,ICBHI,Meditron,0.9927391335017144,1
ICBHI_157_1b1_PL_014,ICBHI_157_1b1_PL,ICBHI_157,1,ICBHI,Meditron,0.9795506054513976,1
ICBHI_157_1b1_PL_015,ICBHI_157_1b1_PL,ICBHI_157,1,ICBHI,Meditron,0.9834068220804096,1
ICBHI_157_1b1_PL_016,ICBHI_157_1b1_PL,ICBHI_157,1,ICBHI,Meditron,0.9914886969734374,1
ICBHI_157_1b1_PL_017,ICBHI_157_1b1_PL,ICBHI_157,1,ICBHI,Meditron,0.9939260655591138,1
ICBHI_157_1b1_PL_018,ICBHI_157_1b1_PL,ICBHI_157,1,ICBHI,Meditron,0.9939730484115986,1
ICBHI_157_1b1_PL_019,ICBHI_157_1b1_PL,ICBHI_157,1,ICBHI,Meditron,0.9923933278354768,1
ICBHI_157_1b1_PL_020,ICBHI_157_1b1_PL,ICBHI_157,1,ICBHI,Meditron,0.9909797204985978,1
ICBHI_157_1b1_PL_021,ICBHI_157_1b1_PL,ICBHI_157,1,ICBHI,Meditron,0.990659975614946,1
ICBHI_157_1b1_PL_022,ICBHI_157_1b1_PL,ICBHI_157,1,ICBHI,Meditron,0.9923933278354768,1
ICBHI_157_1b1_PL_023,ICBHI_157_1b1_PL,ICBHI_157,1,ICBHI,Meditron,0.992481281938568,1
ICBHI_157_1b1_PR_000,ICBHI_157_1b1_PR,ICBHI_157,1,ICBHI,Meditron,0.9778411306440228,1
ICBHI_157_1b1_PR_001,ICBHI_157_1b1_PR,ICBHI_157,1,ICBHI,Meditron,0.9780097803027992,1
ICBHI_157_1b1_PR_002,ICBHI_157_1b1_PR,ICBHI_157,1,ICBHI,Meditron,0.9738443816461771,1
ICBHI_157_1b1_PR_003,ICBHI_157_1b1_PR,ICBHI_157,1,ICBHI,Meditron,0.975946447105574,1
ICBHI_157_1b1_PR_004,ICBHI_157_1b1_PR,ICBHI_157,1,ICBHI,Meditron,0.976129165047569,1
ICBHI_157_1b1_PR_005,ICBHI_157_1b1_PR,ICBHI_157,1,ICBHI,Meditron,0.9768907222638488,1
ICBHI_157_1b1_PR_006,ICBHI_157_1b1_PR,ICBHI_157,1,ICBHI,Meditron,0.9755303303612836,1
ICBHI_157_1b1_PR_007,ICBHI_157_1b1_PR,ICBHI_157,1,ICBHI,Meditron,0.9778411306440228,1
ICBHI_157_1b1_PR_008,ICBHI_157_1b1_PR,ICBHI_157,1,ICBHI,Meditron,0.973894084658676,1
ICBHI_157_1b1_PR_009,ICBHI_157_1b1_PR,ICBHI_157,1,ICBHI,Meditron,0.9731898041004328,1
ICBHI_157_1b1_PR_010,ICBHI_157_1b1_PR,ICBHI_157,1,ICBHI,Meditron,0.9686195704870232,1
ICBHI_157_1b1_PR_011,ICBHI_157_1b1_PR,ICBHI_157,1,ICBHI,Meditron,0.9741903779656884,1
ICBHI_157_1b1_PR_012,ICBHI_157_1b1_PR,ICBHI_157,1,ICBHI,Meditron,0.9894295113796924,1
ICBHI_157_1b1_PR_013,ICBHI_157_1b1_PR,ICBHI_157,1,ICBHI,Meditron,0.9870795269609208,1
ICBHI_157_1b1_PR_014,ICBHI_157_1b1_PR,ICBHI_157,1,ICBHI,Meditron,0.9855521474663976,1
ICBHI_157_1b1_PR_015,ICBHI_157_1b1_PR,ICBHI_157,1,ICBHI,Meditron,0.9780517462851324,1
ICBHI_157_1b1_PR_016,ICBHI_157_1b1_PR,ICBHI_157,1,ICBHI,Meditron,0.9732407168145568,1
ICBHI_157_1b1_PR_017,ICBHI_157_1b1_PR,ICBHI_157,1,ICBHI,Meditron,0.99058741041239,1
ICBHI_157_1b1_PR_018,ICBHI_157_1b1_PR,ICBHI_157,1,ICBHI,Meditron,0.9884918509356968,1
ICBHI_157_1b1_PR_019,ICBHI_157_1b1_PR,ICBHI_157,1,ICBHI,Meditron,0.9851003567309808,1
ICBHI_157_1b1_PR_020,ICBHI_157_1b1_PR,ICBHI_157,1,ICBHI,Meditron,0.9704646607088953,1
ICBHI_157_1b1_PR_021,ICBHI_157_1b1_PR,ICBHI_157,1,ICBHI,Meditron,0.9661559646595076,1
ICBHI_157_1b1_PR_022,ICBHI_157_1b1_PR,ICBHI_157,1,ICBHI,Meditron,0.9687380865831756,1
ICBHI_157_1b1_PR_023,ICBHI_157_1b1_PR,ICBHI_157,1,ICBHI,Meditron,0.968915048912056,1
ICBHI_163_2b2_AL_000,ICBHI_163_2b2_AL,ICBHI_163,1,ICBHI,AKGC417L,0.9936116790902788,1
ICBHI_163_2b2_AL_001,ICBHI_163_2b2_AL,ICBHI_163,1,ICBHI,AKGC417L,0.9900250791759212,1
ICBHI_163_2b2_AL_002,ICBHI_163_2b2_AL,ICBHI_163,1,ICBHI,AKGC417L,0.9841546388118628,1
ICBHI_163_2b2_AL_003,ICBHI_163_2b2_AL,ICBHI_163,1,ICBHI,AKGC417L,0.9881308789536604,1
ICBHI_163_2b2_AL_004,ICBHI_163_2b2_AL,ICBHI_163,1,ICBHI,AKGC417L,0.9849273716910544,1
ICBHI_163_2b2_AL_005,ICBHI_163_2b2_AL,ICBHI_163,1,ICBHI,AKGC417L,0.961389068531974,1
ICBHI_163_2b2_AL_006,ICBHI_163_2b2_AL,ICBHI_163,1,ICBHI,AKGC417L,0.9796287059913455,1
ICBHI_163_2b2_AR_000,ICBHI_163_2b2_AR,ICBHI_163,1,ICBHI,AKGC417L,0.9523973431900808,1
ICBHI_163_2b2_AR_001,ICBHI_163_2b2_AR,ICBHI_163,1,ICBHI,AKGC417L,0.9199307308316192,1
ICBHI_163_2b2_AR_002,ICBHI_163_2b2_AR,ICBHI_163,1,ICBHI,AKGC417L,0.9383503740450254,1
ICBHI_163_2b2_AR_003,ICBHI_163_2b2_AR,ICBHI_163,1,ICBHI,AKGC417L,0.9334308110294984,1
ICBHI_163_2b2_AR_004,ICBHI_163_2b2_AR,ICBHI_163,1,ICBHI,AKGC417L,0.9419752510012038,1
ICBHI_163_2b2_AR_005,ICBHI_163_2b2_AR,ICBHI_163,1,ICBHI,AKGC417L,0.9504109770159684,1
ICBHI_163_2b2_AR_006,ICBHI_163_2b2_AR,ICBHI_163,1,ICBHI,AKGC417L,0.9411153004600163,1
ICBHI_163_2b2_LL_000,ICBHI_163_2b2_LL,ICBHI_163,1,ICBHI,AKGC417L,0.9620363047907357,1
ICBHI_163_2b2_LL_001,ICBHI_163_2b2_LL,ICBHI_163,1,ICBHI,AKGC417L,0.9489172630429474,1
ICBHI_163_2b2_LL_002,ICBHI_163_2b2_LL,ICBHI_163,1,ICBHI,AKGC417L,0.9567959640765576,1
ICBHI_163_2b2_LL_003,ICBHI_163_2b2_LL,ICBHI_163,1,ICBHI,AKGC417L,0.9495759309565864,1
ICBHI_163_2b2_LL_004,ICBHI_163_2b2_LL,ICBHI_163,1,ICBHI,AKGC417L,0.962743232064167,1
ICBHI_163_2b2_LL_005,ICBHI_163_2b2_LL,ICBHI_163,1,ICBHI,AKGC417L,0.9628830911922404,1
ICBHI_163_2b2_LL_006,ICBHI_163_2b2_LL,ICBHI_163,1,ICBHI,AKGC417L,0.9588471107825552,1
ICBHI_163_2b2_LR_000,ICBHI_163_2b2_LR,ICBHI_163,1,ICBHI,AKGC417L,0.9610249294607884,1
ICBHI_163_2b2_LR_001,ICBHI_163_2b2_LR,ICBHI_163,1,ICBHI,AKGC417L,0.9719924793940118,1
ICBHI_163_2b2_LR_002,ICBHI_163_2b2_LR,ICBHI_163,1,ICBHI,AKGC417L,0.9692078335557076,1
ICBHI_163_2b2_LR_003,ICBHI_163_2b2_LR,ICBHI_163,1,ICBHI,AKGC417L,0.9789956342674913,1
ICBHI_163_2b2_LR_004,ICBHI_163_2b2_LR,ICBHI_163,1,ICBHI,AKGC417L,0.9776285401622384,1
ICBHI_163_2b2_LR_005,ICBHI_163_2b2_LR,ICBHI_163,1,ICBHI,AKGC417L,0.9601375058927356,1
ICBHI_163_2b2_LR_006,ICBHI_163_2b2_LR,ICBHI_163,1,ICBHI,AKGC417L,0.9647224530933884,1
ICBHI_163_2b2_PL_000,ICBHI_163_2b2_PL,ICBHI_163,1,ICBHI,AKGC417L,0.9941573948247951,1
ICBHI_163_2b2_PL_001,ICBHI_163_2b2_PL,ICBHI_163,1,ICBHI,AKGC417L,0.9905509186809448,1
ICBHI_163_2b2_PL_002,ICBHI_163_2b2_PL,ICBHI_163,1,ICBHI,AKGC417L,0.9859363729567544,1
ICBHI_163_2b2_PL_003,ICBHI_163_2b2_PL,ICBHI_163,1,ICBHI,AKGC417L,0.9905509186809448,1
ICBHI_163_2b2_PL_004,ICBHI_163_2b2_PL,ICBHI_163,1,ICBHI,AKGC417L,0.988536202622004,1
ICBHI_163_2b2_PL_005,ICBHI_163_2b2_PL,ICBHI_163,1,ICBHI,AKGC417L,0.9915870224290224,1
ICBHI_163_2b2_PL_006,ICBHI_163_2b2_PL,ICBHI_163,1,ICBHI,AKGC417L,0.99440175138534,1
ICBHI_163_2b2_PR_000,ICBHI_163_2b2_PR,ICBHI_163,1,ICBHI,AKGC417L,0.979393523864564,1
ICBHI_163_2b2_PR_001,ICBHI_163_2b2_PR,ICBHI_163,1,ICBHI,AKGC417L,0.9723622781264188,1
ICBHI_163_2b2_PR_002,ICBHI_163_2b2_PR,ICBHI_163,1,ICBHI,AKGC417L,0.9713473306904064,1
ICBHI_163_2b2_PR_003,ICBHI_163_2b2_PR,ICBHI_163,1,ICBHI,AKGC417L,0.9720986237904434,1
ICBHI_163_2b2_PR_004,ICBHI_163_2b2_PR,ICBHI_163,1,ICBHI,AKGC417L,0.971401639453534,1
ICBHI_163_2b2_PR_005,ICBHI_163_2b2_PR,ICBHI_163,1,ICBHI,AKGC417L,0.970576420036356,1
ICBHI_163_2b2_PR_006,ICBHI_163_2b2_PR,ICBHI_163,1,ICBHI,AKGC417L,0.9713473306904064,1
ICBHI_163_2b2_TC_000,ICBHI_163_2b2_TC,ICBHI_163,1,ICBHI,AKGC417L,0.969785412932606,1
ICBHI_163_2b2_TC_001,ICBHI_163_2b2_TC,ICBHI_163,1,ICBHI,AKGC417L,0.9718325271427216,1
ICBHI_163_2b2_TC_002,ICBHI_163_2b2_TC,ICBHI_163,1,ICBHI,AKGC417L,0.9584600343879384,1
ICBHI_163_2b2_TC_003,ICBHI_163_2b2_TC,ICBHI_163,1,ICBHI,AKGC417L,0.9533619599768124,1
ICBHI_163_2b2_TC_004,ICBHI_163_2b2_TC,ICBHI_163,1,ICBHI,AKGC417L,0.9744347860767304,1
ICBHI_163_2b2_TC_005,ICBHI_163_2b2_TC,ICBHI_163,1,ICBHI,AKGC417L,0.9540517926508258,1
ICBHI_163_2b2_TC_006,ICBHI_163_2b2_TC,ICBHI_163,1,ICBHI,AKGC417L,0.9500414759334156,1
ICBHI_163_8b3_AL_000,ICBHI_163_8b3_AL,ICBHI_163,1,ICBHI,AKGC417L,0.9868280501184434,1
ICBHI_163_8b3_AL_001,ICBHI_163_8b3_AL,ICBHI_163,1,ICBHI,AKGC417L,0.9925103751011916,1
ICBHI_163_8b3_AL_002,ICBHI_163_8b3_AL,ICBHI_163,1,ICBHI,AKGC417L,0.9929061381210884,1
ICBHI_163_8b3_AL_003,ICBHI_163_8b3_AL,ICBHI_163,1,ICBHI,AKGC417L,0.9919067101026268,1
ICBHI_163_8b3_AL_004,ICBHI_163_8b3_AL,ICBHI_163,1,ICBHI,AKGC417L,0.9839091258071756,1
ICBHI_163_8b3_AL_005,ICBHI_163_8b3_AL,ICBHI_163,1,ICBHI,AKGC417L,0.9799765587105448,1
ICBHI_163_8b3_AL_006,ICBHI_163_8b3_AL,ICBHI_163,1,ICBHI,AKGC417L,0.9831499205521024,1
ICBHI_163_8b3_AR_000,ICBHI_163_8b3_AR,ICBHI_163,1,ICBHI,AKGC417L,0.9837225390872864,1
ICBHI_163_8b3_AR_001,ICBHI_163_8b3_AR,ICBHI_163,1,ICBHI,AKGC417L,0.975946447105574,1
ICBHI_163_8b3_AR_002,ICBHI_163_8b3_AR,ICBHI_163,1,ICBHI,AKGC417L,0.9764456684220548,1
ICBHI_163_8b3_AR_003,ICBHI_163_8b3_AR,ICBHI_163,1,ICBHI,AKGC417L,0.9758085141318648,1
ICBHI_163_8b3_AR_004,ICBHI_163_8b3_AR,ICBHI_163,1,ICBHI,AKGC417L,0.9773707999669629,1
ICBHI_163_8b3_AR_005,ICBHI_163_8b3_AR,ICBHI_163,1,ICBHI,AKGC417L,0.9811668701095654,1
ICBHI_163_8b3_AR_006,ICBHI_163_8b3_AR,ICBHI_163,1,ICBHI,AKGC417L,0.9744347860767304,1
ICBHI_163_8b3_LL_000,ICBHI_163_8b3_LL,ICBHI_163,1,ICBHI,AKGC417L,0.9919380084717284,1
ICBHI_163_8b3_LL_001,ICBHI_163_8b3_LL,ICBHI_163,1,ICBHI,AKGC417L,0.987568349146814,1
ICBHI_163_8b3_LL_002,ICBHI_163_8b3_LL,ICBHI_163,1,ICBHI,AKGC417L,0.9820137900379085,1
ICBHI_163_8b3_LL_003,ICBHI_163_8b3_LL,ICBHI_163,1,ICBHI,AKGC417L,0.9860979413749408,1
ICBHI_163_8b3_LL_004,ICBHI_163_8b3_LL,ICBHI_163,1,ICBHI,AKGC417L,0.9908743626108194,1
ICBHI_163_8b3_LL_005,ICBHI_163_8b3_LL,ICBHI_163,1,ICBHI,AKGC417L,0.9844563520692292,1
ICBHI_163_8b3_LL_006,ICBHI_163_8b3_LL,ICBHI_163,1,ICBHI,AKGC417L,0.9755769099458927,1
ICBHI_163_8b3_LR_000,ICBHI_163_8b3_LR,ICBHI_163,1,ICBHI,AKGC417L,0.9817707096048712,1
ICBHI_163_8b3_LR_001,ICBHI_163_8b3_LR,ICBHI_163,1,ICBHI,AKGC417L,0.982423116732664,1
ICBHI_163_8b3_LR_002,ICBHI_163_8b3_LR,ICBHI_163,1,ICBHI,AKGC417L,0.9791157841059936,1
ICBHI_163_8b3_LR_003,ICBHI_163_8b3_LR,ICBHI_163,1,ICBHI,AKGC417L,0.978631112244824,1
ICBHI_163_8b3_LR_004,ICBHI_163_8b3_LR,ICBHI_163,1,ICBHI,AKGC417L,0.9825575152637948,1
ICBHI_163_8b3_LR_005,ICBHI_163_8b3_LR,ICBHI_163,1,ICBHI,AKGC417L,0.9809855660757952,1
ICBHI_163_8b3_LR_006,ICBHI_163_8b3_LR,ICBHI_163,1,ICBHI,AKGC417L,0.9776712170898904,1
ICBHI_163_8b3_PL_000,ICBHI_163_8b3_PL,ICBHI_163,1,ICBHI,AKGC417L,0.9844563520692292,1
ICBHI_163_8b3_PL_001,ICBHI_163_8b3_PL,ICBHI_163,1,ICBHI,AKGC417L,0.9787126482065488,1
ICBHI_163_8b3_PL_002,ICBHI_163_8b3_PL,ICBHI_163,1,ICBHI,AKGC417L,0.981979260068153,1
ICBHI_163_8b3_PL_003,ICBHI_163_8b3_PL,ICBHI_163,1,ICBHI,AKGC417L,0.9804313244446876,1
ICBHI_163_8b3_PL_004,ICBHI_163_8b3_PL,ICBHI_163,1,ICBHI,AKGC417L,0.978467122853792,1
ICBHI_163_8b3_PL_005,ICBHI_163_8b3_PL,ICBHI_163,1,ICBHI,AKGC417L,0.980949100414177,1
ICBHI_163_8b3_PL_006,ICBHI_163_8b3_PL,ICBHI_163,1,ICBHI,AKGC417L,0.9826909042463318,1
ICBHI_163_8b3_PR_000,ICBHI_163_8b3_PR,ICBHI_163,1,ICBHI,AKGC417L,0.9675944825013576,1
ICBHI_163_8b3_PR_001,ICBHI_163_8b3_PR,ICBHI_163,1,ICBHI,AKGC417L,0.982423116732664,1
ICBHI_163_8b3_PR_002,ICBHI_163_8b3_PR,ICBHI_163,1,ICBHI,AKGC417L,0.986415607486941,1
ICBHI_163_8b3_PR_003,ICBHI_163_8b3_PR,ICBHI_163,1,ICBHI,AKGC417L,0.9876162153627396,1
ICBHI_163_8b3_PR_004,ICBHI_163_8b3_PR,ICBHI_163,1,ICBHI,AKGC417L,0.985496420308618,1
ICBHI_163_8b3_PR_005,ICBHI_163_8b3_PR,ICBHI_163,1,ICBHI,AKGC417L,0.9813464782682386,1
ICBHI_163_8b3_PR_006,ICBHI_163_8b3_PR,ICBHI_163,1,ICBHI,AKGC417L,0.9808025508024198,1
ICBHI_172_1b3_AL_000,ICBHI_172_1b3_AL,ICBHI_172,1,ICBHI,AKGC417L,0.9873262643069668,1
ICBHI_172_1b3_AL_001,ICBHI_172_1b3_AL,ICBHI_172,1,ICBHI,AKGC417L,0.9693822208597556,1
ICBHI_172_1b3_AL_002,ICBHI_172_1b3_AL,ICBHI_172,1,ICBHI,AKGC417L,0.9794329046535716,1
ICBHI_172_1b3_AL_003,ICBHI_172_1b3_AL,ICBHI_172,1,ICBHI,AKGC417L,0.9831499205521024,1
ICBHI_172_1b3_AL_004,ICBHI_172_1b3_AL,ICBHI_172,1,ICBHI,AKGC417L,0.982423116732664,1
ICBHI_172_1b3_AL_005,ICBHI_172_1b3_AL,ICBHI_172,1,ICBHI,AKGC417L,0.9828232909876816,1
ICBHI_172_1b3_AL_006,ICBHI_172_1b3_AL,ICBHI_172,1,ICBHI,AKGC417L,0.9728823439906924,1
ICBHI_172_1b3_AR_000,ICBHI_172_1b3_AR,ICBHI_172,1,ICBHI,AKGC417L,0.9136765234137296,1
ICBHI_172_1b3_AR_001,ICBHI_172_1b3_AR,ICBHI_172,1,ICBHI,AKGC417L,0.9570375284337568,1
ICBHI_172_1b3_AR_002,ICBHI_172_1b3_AR,ICBHI_172,1,ICBHI,AKGC417L,0.9549004305956024,1
ICBHI_172_1b3_AR_003,ICBHI_172_1b3_AR,ICBHI_172,1,ICBHI,AKGC417L,0.9728823439906924,1
ICBHI_172_1b3_AR_004,ICBHI_172_1b3_AR,ICBHI_172,1,ICBHI,AKGC417L,0.9744833965520197,1
ICBHI_172_1b3_AR_005,ICBHI_172_1b3_AR,ICBHI_172,1,ICBHI,AKGC417L,0.9716716880201136,1
ICBHI_172_1b3_AR_006,ICBHI_172_1b3_AR,ICBHI_172,1,ICBHI,AKGC417L,0.9740919790859393,1
ICBHI_172_1b3_LL_000,ICBHI_172_1b3_LL,ICBHI_172,1,ICBHI,AKGC417L,0.9631612965532385,1
ICBHI_172_1b3_LL_001,ICBHI_172_1b3_LL,ICBHI_172,1,ICBHI,AKGC417L,0.9716716880201136,1
ICBHI_172_1b3_LL_002,ICBHI_172_1b3_LL,ICBHI_172,1,ICBHI,AKGC417L,0.9474783252902632,1
ICBHI_172_1b3_LL_003,ICBHI_172_1b3_LL,ICBHI_172,1,ICBHI,AKGC417L,0.9444848859112394,1
ICBHI_172_1b3_LL_004,ICBHI_172_1b3_LL,ICBHI_172,1,ICBHI,AKGC417L,0.9667888274293096,1
ICBHI_172_1b3_LL_005,ICBHI_172_1b3_LL,ICBHI_172,1,ICBHI,AKGC417L,0.9650533028884728,1
ICBHI_172_1b3_LL_006,ICBHI_172_1b3_LL,ICBHI_172,1,ICBHI,AKGC417L,0.9724670607386878,1
ICBHI_172_1b3_LR_000,ICBHI_172_1b3_LR,ICBHI_172,1,ICBHI,AKGC417L,0.9764905475924672,1
ICBHI_172_1b3_LR_001,ICBHI_172_1b3_LR,ICBHI_172,1,ICBHI,AKGC417L,0.9794329046535716,1
ICBHI_172_1b3_LR_002,ICBHI_172_1b3_LR,ICBHI_172,1,ICBHI,AKGC417L,0.9824904426504252,1
ICBHI_172_1b3_LR_003,ICBHI_172_1b3_LR,ICBHI_172,1,ICBHI,AKGC417L,0.975900554890232,1
ICBHI_172_1b3_LR_004,ICBHI_172_1b3_LR,ICBHI_172,1,ICBHI,AKGC417L,0.9657060528791284,1
ICBHI_172_1b3_LR_005,ICBHI_172_1b3_LR,ICBHI_172,1,ICBHI,AKGC417L,0.9738443816461771,1
ICBHI_172_1b3_LR_006,ICBHI_172_1b3_LR,ICBHI_172,1,ICBHI,AKGC417L,0.9647224530933884,1
ICBHI_172_1b3_PL_000,ICBHI_172_1b3_PL,ICBHI_172,1,ICBHI,AKGC417L,0.9862046355788148,1
ICBHI_172_1b3_PL_001,ICBHI_172_1b3_PL,ICBHI_172,1,ICBHI,AKGC417L,0.9776712170898904,1
ICBHI_172_1b3_PL_002,ICBHI_172_1b3_PL,ICBHI_172,1,ICBHI,AKGC417L,0.9870296135626316,1
ICBHI_172_1b3_PL_003,ICBHI_172_1b3_PL,ICBHI_172,1,ICBHI,AKGC417L,0.9932811299991624,1
ICBHI_172_1b3_PL_004,ICBHI_172_1b3_PL,ICBHI_172,1,ICBHI,AKGC417L,0.9912208911330882,1
ICBHI_172_1b3_PL_005,ICBHI_172_1b3_PL,ICBHI_172,1,ICBHI,AKGC417L,0.9867261125456144,1
ICBHI_172_1b3_PL_006,ICBHI_172_1b3_PL,ICBHI_172,1,ICBHI,AKGC417L,0.985882106574795,1
ICBHI_172_1b3_PR_000,ICBHI_172_1b3_PR,ICBHI_172,1,ICBHI,AKGC417L,0.9710193702585468,1
ICBHI_172_1b3_PR_001,ICBHI_172_1b3_PR,ICBHI_172,1,ICBHI,AKGC417L,0.9735944821139187,1
ICBHI_172_1b3_PR_002,ICBHI_172_1b3_PR,ICBHI_172,1,ICBHI,AKGC417L,0.9713473306904064,1
ICBHI_172_1b3_PR_003,ICBHI_172_1b3_PR,ICBHI_172,1,ICBHI,AKGC417L,0.9608048667967016,1
ICBHI_172_1b3_PR_004,ICBHI_172_1b3_PR,ICBHI_172,1,ICBHI,AKGC417L,0.9674717764988552,1
ICBHI_172_1b3_PR_005,ICBHI_172_1b3_PR,ICBHI_172,1,ICBHI,AKGC417L,0.9649873730532592,1
ICBHI_172_1b3_PR_006,ICBHI_172_1b3_PR,ICBHI_172,1,ICBHI,AKGC417L,0.9612438064128052,1
ICBHI_172_1b3_TC_000,ICBHI_172_1b3_TC,ICBHI_172,1,ICBHI,AKGC417L,0.987992649452366,1
ICBHI_172_1b3_TC_001,ICBHI_172_1b3_TC,ICBHI_172,1,ICBHI,AKGC417L,0.9893885786697612,1
ICBHI_172_1b3_TC_002,ICBHI_172_1b3_TC,ICBHI_172,1,ICBHI,AKGC417L,0.9907677855954636,1
ICBHI_172_1b3_TC_003,ICBHI_172_1b3_TC,ICBHI_172,1,ICBHI,AKGC417L,0.9915215980653224,1
ICBHI_172_1b3_TC_004,ICBHI_172_1b3_TC,ICBHI_172,1,ICBHI,AKGC417L,0.9919380084717284,1
ICBHI_172_1b3_TC_005,ICBHI_172_1b3_TC,ICBHI_172,1,ICBHI,AKGC417L,0.993734466224161,1
ICBHI_172_1b3_TC_006,ICBHI_172_1b3_TC,ICBHI_172,1,ICBHI,AKGC417L,0.9931228923417692,1
ICBHI_172_1b4_AL_000,ICBHI_172_1b4_AL,ICBHI_172,1,ICBHI,AKGC417L,0.904313056994317,1
ICBHI_172_1b4_AL_001,ICBHI_172_1b4_AL,ICBHI_172,1,ICBHI,AKGC417L,0.9622497251475316,1
ICBHI_172_1b4_AL_002,ICBHI_172_1b4_AL,ICBHI_172,1,ICBHI,AKGC417L,0.9687380865831756,1
ICBHI_172_1b4_AL_003,ICBHI_172_1b4_AL,ICBHI_172,1,ICBHI,AKGC417L,0.9753431444580398,1
ICBHI_172_1b4_AL_004,ICBHI_172_1b4_AL,ICBHI_172,1,ICBHI,AKGC417L,0.9643885866370536,1
ICBHI_172_1b4_AL_005,ICBHI_172_1b4_AL,ICBHI_172,1,ICBHI,AKGC417L,0.9560634664484896,1
ICBHI_172_1b4_AL_006,ICBHI_172_1b4_AL,ICBHI_172,1,ICBHI,AKGC417L,0.981979260068153,1
ICBHI_172_1b4_AR_000,ICBHI_172_1b4_AR,ICBHI_172,1,ICBHI,AKGC417L,0.8464508271169839,1
ICBHI_172_1b4_AR_001,ICBHI_172_1b4_AR,ICBHI_172,1,ICBHI,AKGC417L,0.9246876936763764,1
ICBHI_172_1b4_AR_002,ICBHI_172_1b4_AR,ICBHI_172,1,ICBHI,AKGC417L,0.9698996627595704,1
ICBHI_172_1b4_AR_003,ICBHI_172_1b4_AR,ICBHI_172,1,ICBHI,AKGC417L,0.9657706774216144,1
ICBHI_172_1b4_AR_004,ICBHI_172_1b4_AR,ICBHI_172,1,ICBHI,AKGC417L,0.9567151548042914,1
ICBHI_172_1b4_AR_005,ICBHI_172_1b4_AR,ICBHI_172,1,ICBHI,AKGC417L,0.9673486215396556,1
ICBHI_172_1b4_AR_006,ICBHI_172_1b4_AR,ICBHI_172,1,ICBHI,AKGC417L,0.968797182083676,1
ICBHI_172_1b4_LL_000,ICBHI_172_1b4_LL,ICBHI_172,1,ICBHI,AKGC417L,0.90648769084615,1
ICBHI_172_1b4_LL_001,ICBHI_172_1b4_LL,ICBHI_172,1,ICBHI,AKGC417L,0.9224823435231172,1
ICBHI_172_1b4_LL_002,ICBHI_172_1b4_LL,ICBHI_172,1,ICBHI,AKGC417L,0.9882221573114804,1
ICBHI_172_1b4_LL_003,ICBHI_172_1b4_LL,ICBHI_172,1,ICBHI,AKGC417L,0.9873262643069668,1
ICBHI_172_1b4_LL_004,ICBHI_172_1b4_LL,ICBHI_172,1,ICBHI,AKGC417L,0.985882106574795,1
ICBHI_172_1b4_LL_005,ICBHI_172_1b4_LL,ICBHI_172,1,ICBHI,AKGC417L,0.9750597460625842,1
ICBHI_172_1b4_LL_006,ICBHI_172_1b4_LL,ICBHI_172,1,ICBHI,AKGC417L,0.9531879687361164,1
ICBHI_172_1b4_LR_000,ICBHI_172_1b4_LR,ICBHI_172,1,ICBHI,AKGC417L,0.8889517457525925,1
ICBHI_172_1b4_LR_001,ICBHI_172_1b4_LR,ICBHI_172,1,ICBHI,AKGC417L,0.9537080988961596,1
ICBHI_172_1b4_LR_002,ICBHI_172_1b4_LR,ICBHI_172,1,ICBHI,AKGC417L,0.975154563105731,1
ICBHI_172_1b4_LR_003,ICBHI_172_1b4_LR,ICBHI_172,1,ICBHI,AKGC417L,0.9766246849598732,1
ICBHI_172_1b4_LR_004,ICBHI_172_1b4_LR,ICBHI_172,1,ICBHI,AKGC417L,0.9752961303267708,1
ICBHI_172_1b4_LR_005,ICBHI_172_1b4_LR,ICBHI_172,1,ICBHI,AKGC417L,0.9746286885255978,1
ICBHI_172_1b4_LR_006,ICBHI_172_1b4_LR,ICBHI_172,1,ICBHI,AKGC417L,0.9796676466573412,1
ICBHI_172_1b4_PL_000,ICBHI_172_1b4_PL,ICBHI_172,1,ICBHI,AKGC417L,0.8419556382496595,1
ICBHI_172_1b4_PL_001,ICBHI_172_1b4_PL,ICBHI_172,1,ICBHI,AKGC417L,0.9548162433273092,1
ICBHI_172_1b4_PL_002,ICBHI_172_1b4_PL,ICBHI_172,1,ICBHI,AKGC417L,0.969670743015721,1
ICBHI_172_1b4_PL_003,ICBHI_172_1b4_PL,ICBHI_172,1,ICBHI,AKGC417L,0.960657496735742,1
ICBHI_172_1b4_PL_004,ICBHI_172_1b4_PL,ICBHI_172,1,ICBHI,AKGC417L,0.9717790128704672,1
ICBHI_172_1b4_PL_005,ICBHI_172_1b4_PL,ICBHI_172,1,ICBHI,AKGC417L,0.9808759632491112,1
ICBHI_172_1b4_PL_006,ICBHI_172_1b4_PL,ICBHI_172,1,ICBHI,AKGC417L,0.978508235226327,1
ICBHI_172_1b4_PR_000,ICBHI_172_1b4_PR,ICBHI_172,1,ICBHI,AKGC417L,0.8577681049901036,1
ICBHI_172_1b4_PR_001,ICBHI_172_1b4_PR,ICBHI_172,1,ICBHI,AKGC417L,0.8257302934982732,1
ICBHI_172_1b4_PR_002,ICBHI_172_1b4_PR,ICBHI_172,1,ICBHI,AKGC417L,0.9477691428985744,1
ICBHI_172_1b4_PR_003,ICBHI_172_1b4_PR,ICBHI_172,1,ICBHI,AKGC417L,0.9692078335557076,1
ICBHI_172_1b4_PR_004,ICBHI_172_1b4_PR,ICBHI_172,1,ICBHI,AKGC417L,0.9725714572957164,1
ICBHI_172_1b4_PR_005,ICBHI_172_1b4_PR,ICBHI_172,1,ICBHI,AKGC417L,0.951323427968294,1
ICBHI_172_1b4_PR_006,ICBHI_172_1b4_PR,ICBHI_172,1,ICBHI,AKGC417L,0.9451974048440384,1
ICBHI_172_1b4_TC_000,ICBHI_172_1b4_TC,ICBHI_172,1,ICBHI,AKGC417L,0.9678385537098224,1
ICBHI_172_1b4_TC_001,ICBHI_172_1b4_TC,ICBHI_172,1,ICBHI,AKGC417L,0.9660920419951724,1
ICBHI_172_1b4_TC_002,ICBHI_172_1b4_TC,ICBHI_172,1,ICBHI,AKGC417L,0.9752961303267708,1
ICBHI_172_1b4_TC_003,ICBHI_172_1b4_TC,ICBHI_172,1,ICBHI,AKGC417L,0.97129292184185,1
ICBHI_172_1b4_TC_004,ICBHI_172_1b4_TC,ICBHI_172,1,ICBHI,AKGC417L,0.9683812327313543,1
ICBHI_172_1b4_TC_005,ICBHI_172_1b4_TC,ICBHI_172,1,ICBHI,AKGC417L,0.9745319170136324,1
ICBHI_172_1b4_TC_006,ICBHI_172_1b4_TC,ICBHI_172,1,ICBHI,AKGC417L,0.9548162433273092,1
ICBHI_172_1b5_AL_000,ICBHI_172_1b5_AL,ICBHI_172,1,ICBHI,AKGC417L,0.8630456954548857,1
ICBHI_172_1b5_AL_001,ICBHI_172_1b5_AL,ICBHI_172,1,ICBHI,AKGC417L,0.9571978541000364,1
ICBHI_172_1b5_AL_002,ICBHI_172_1b5_AL,ICBHI_172,1,ICBHI,AKGC417L,0.9506864014093018,1
ICBHI_172_1b5_AL_003,ICBHI_172_1b5_AL,ICBHI_172,1,ICBHI,AKGC417L,0.9580694764363312,1
ICBHI_172_1b5_AL_004,ICBHI_172_1b5_AL,ICBHI_172,1,ICBHI,AKGC417L,0.9633686333603796,1
ICBHI_172_1b5_AL_005,ICBHI_172_1b5_AL,ICBHI_172,1,ICBHI,AKGC417L,0.9700702529745588,1
ICBHI_172_1b5_AL_006,ICBHI_172_1b5_AL,ICBHI_172,1,ICBHI,AKGC417L,0.9605836125678284,1
ICBHI_172_1b5_AR_000,ICBHI_172_1b5_AR,ICBHI_172,1,ICBHI,AKGC417L,0.9285385081933416,1
ICBHI_172_1b5_AR_001,ICBHI_172_1b5_AR,ICBHI_172,1,ICBHI,AKGC417L,0.9581478679075386,1
ICBHI_172_1b5_AR_002,ICBHI_172_1b5_AR,ICBHI_172,1,ICBHI,AKGC417L,0.9588471107825552,1
ICBHI_172_1b5_AR_003,ICBHI_172_1b5_AR,ICBHI_172,1,ICBHI,AKGC417L,0.8530579339538515,1
ICBHI_172_1b5_AR_004,ICBHI_172_1b5_AR,ICBHI_172,1,ICBHI,AKGC417L,0.9605095953512194,1
ICBHI_172_1b5_AR_005,ICBHI_172_1b5_AR,ICBHI_172,1,ICBHI,AKGC417L,0.9622497251475316,1
ICBHI_172_1b5_AR_006,ICBHI_172_1b5_AR,ICBHI_172,1,ICBHI,AKGC417L,0.9196425311777928,1
ICBHI_172_1b5_LL_000,ICBHI_172_1b5_LL,ICBHI_172,1,ICBHI,AKGC417L,0.8639664995920113,1
ICBHI_172_1b5_LL_001,ICBHI_172_1b5_LL,ICBHI_172,1,ICBHI,AKGC417L,0.9562272608259156,1
ICBHI_172_1b5_LL_002,ICBHI_172_1b5_LL,ICBHI_172,1,ICBHI,AKGC417L,0.9657060528791284,1
ICBHI_172_1b5_LL_003,ICBHI_172_1b5_LL,ICBHI_172,1,ICBHI,AKGC417L,0.935346511643776,1
ICBHI_172_1b5_LL_004,ICBHI_172_1b5_LL,ICBHI_172,1,ICBHI,AKGC417L,0.926170288898672,1
ICBHI_172_1b5_LL_005,ICBHI_172_1b5_LL,ICBHI_172,1,ICBHI,AKGC417L,0.861654662567155,1
ICBHI_172_1b5_LL_006,ICBHI_172_1b5_LL,ICBHI_172,1,ICBHI,AKGC417L,0.9244152093213264,1
ICBHI_172_1b5_LR_000,ICBHI_172_1b5_LR,ICBHI_172,1,ICBHI,AKGC417L,0.9864678513445928,1
ICBHI_172_1b5_LR_001,ICBHI_172_1b5_LR,ICBHI_172,1,ICBHI,AKGC417L,0.9615338079816756,1
ICBHI_172_1b5_LR_002,ICBHI_172_1b5_LR,ICBHI_172,1,ICBHI,AKGC417L,0.9464978508046772,1
ICBHI_172_1b5_LR_003,ICBHI_172_1b5_LR,ICBHI_172,1,ICBHI,AKGC417L,0.9531007418201308,1
ICBHI_172_1b5_LR_004,ICBHI_172_1b5_LR,ICBHI_172,1,ICBHI,AKGC417L,0.974821158299398,1
ICBHI_172_1b5_LR_005,ICBHI_172_1b5_LR,ICBHI_172,1,ICBHI,AKGC417L,0.983278856294558,1
ICBHI_172_1b5_LR_006,ICBHI_172_1b5_LR,ICBHI_172,1,ICBHI,AKGC417L,0.984032346511204,1
ICBHI_172_1b5_PL_000,ICBHI_172_1b5_PL,ICBHI_172,1,ICBHI,AKGC417L,0.9804313244446876,1
ICBHI_172_1b5_PL_001,ICBHI_172_1b5_PL,ICBHI_172,1,ICBHI,AKGC417L,0.986415607486941,1
ICBHI_172_1b5_PL_002,ICBHI_172_1b5_PL,ICBHI_172,1,ICBHI,AKGC417L,0.983596967483837,1
ICBHI_172_1b5_PL_003,ICBHI_172_1b5_PL,ICBHI_172,1,ICBHI,AKGC417L,0.9804313244446876,1
ICBHI_172_1b5_PL_004,ICBHI_172_1b5_PL,ICBHI_172,1,ICBHI,AKGC417L,0.9756698099123244,1
ICBHI_172_1b5_PL_005,ICBHI_172_1b5_PL,ICBHI_172,1,ICBHI,AKGC417L,0.9714558483038396,1
ICBHI_172_1b5_PL_006,ICBHI_172_1b5_PL,ICBHI_172,1,ICBHI,AKGC417L,0.9893885786697612,1
ICBHI_172_1b5_PR_000,ICBHI_172_1b5_PR,ICBHI_172,1,ICBHI,AKGC417L,0.9625324931014264,1
ICBHI_172_1b5_PR_001,ICBHI_172_1b5_PR,ICBHI_172,1,ICBHI,AKGC417L,0.9683812327313543,1
ICBHI_172_1b5_PR_002,ICBHI_172_1b5_PR,ICBHI_172,1,ICBHI,AKGC417L,0.9704086268107062,1
ICBHI_172_1b5_PR_003,ICBHI_172_1b5_PR,ICBHI_172,1,ICBHI,AKGC417L,0.9665370653480092,1
ICBHI_172_1b5_PR_004,ICBHI_172_1b5_PR,ICBHI_172,1,ICBHI,AKGC417L,0.9683812327313543,1
ICBHI_172_1b5_PR_005,ICBHI_172_1b5_PR,ICBHI_172,1,ICBHI,AKGC417L,0.9571978541000364,1
ICBHI_172_1b5_PR_006,ICBHI_172_1b5_PR,ICBHI_172,1,ICBHI,AKGC417L,0.9190632902163844,1
ICBHI_172_1b5_TC_000,ICBHI_172_1b5_TC,ICBHI_172,1,ICBHI,AKGC417L,0.9814178501043472,1
ICBHI_172_1b5_TC_001,ICBHI_172_1b5_TC,ICBHI_172,1,ICBHI,AKGC417L,0.9815951096107584,1
ICBHI_172_1b5_TC_002,ICBHI_172_1b5_TC,ICBHI_172,1,ICBHI,AKGC417L,0.9855521474663976,1
ICBHI_172_1b5_TC_003,ICBHI_172_1b5_TC,ICBHI_172,1,ICBHI,AKGC417L,0.9682013311953048,1
ICBHI_172_1b5_TC_004,ICBHI_172_1b5_TC,ICBHI_172,1,ICBHI,AKGC417L,0.9841546388118628,1
ICBHI_172_1b5_TC_005,ICBHI_172_1b5_TC,ICBHI_172,1,ICBHI,AKGC417L,0.9726754691350322,1
ICBHI_172_1b5_TC_006,ICBHI_172_1b5_TC,ICBHI_172,1,ICBHI,AKGC417L,0.9743372944539102,1
ICBHI_172_2b5_AL_000,ICBHI_172_2b5_AL,ICBHI_172,1,ICBHI,AKGC417L,0.2161769619577029,1
ICBHI_172_2b5_AL_001,ICBHI_172_2b5_AL,ICBHI_172,1,ICBHI,AKGC417L,0.9310874968619292,1
ICBHI_172_2b5_AL_002,ICBHI_172_2b5_AL,ICBHI_172,1,ICBHI,AKGC417L,0.5820753681322123,1
ICBHI_172_2b5_AL_003,ICBHI_172_2b5_AL,ICBHI_172,1,ICBHI,AKGC417L,0.9518632288833652,1
ICBHI_172_2b5_AL_004,ICBHI_172_2b5_AL,ICBHI_172,1,ICBHI,AKGC417L,0.9470881887900422,1
ICBHI_172_2b5_AL_005,ICBHI_172_2b5_AL,ICBHI_172,1,ICBHI,AKGC417L,0.9609517072737735,1
ICBHI_172_2b5_AL_006,ICBHI_172_2b5_AL,ICBHI_172,1,ICBHI,AKGC417L,0.9425067211996144,1
ICBHI_172_2b5_AR_000,ICBHI_172_2b5_AR,ICBHI_172,1,ICBHI,AKGC417L,0.9017477678631268,1
ICBHI_172_2b5_AR_001,ICBHI_172_2b5_AR,ICBHI_172,1,ICBHI,AKGC417L,0.1772405170672502,1
ICBHI_172_2b5_AR_002,ICBHI_172_2b5_AR,ICBHI_172,1,ICBHI,AKGC417L,0.3668165253251579,1
ICBHI_172_2b5_AR_003,ICBHI_172_2b5_AR,ICBHI_172,1,ICBHI,AKGC417L,0.4841666725720351,1
ICBHI_172_2b5_AR_004,ICBHI_172_2b5_AR,ICBHI_172,1,ICBHI,AKGC417L,0.8310059485710378,1
ICBHI_172_2b5_AR_005,ICBHI_172_2b5_AR,ICBHI_172,1,ICBHI,AKGC417L,0.8564524932892094,1
ICBHI_172_2b5_AR_006,ICBHI_172_2b5_AR,ICBHI_172,1,ICBHI,AKGC417L,0.433321900233323,1
ICBHI_172_2b5_LR_000,ICBHI_172_2b5_LR,ICBHI_172,1,ICBHI,AKGC417L,0.9774139572136528,1
ICBHI_172_2b5_LR_001,ICBHI_172_2b5_LR,ICBHI_172,1,ICBHI,AKGC417L,0.9799765587105448,1
ICBHI_172_2b5_LR_002,ICBHI_172_2b5_LR,ICBHI_172,1,ICBHI,AKGC417L,0.9366336567966383,1
ICBHI_172_2b5_LR_003,ICBHI_172_2b5_LR,ICBHI_172,1,ICBHI,AKGC417L,0.9071478391683364,1
ICBHI_172_2b5_LR_004,ICBHI_172_2b5_LR,ICBHI_172,1,ICBHI,AKGC417L,0.9464978508046772,1
ICBHI_172_2b5_LR_005,ICBHI_172_2b5_LR,ICBHI_172,1,ICBHI,AKGC417L,0.9362850057480346,1
ICBHI_172_2b5_LR_006,ICBHI_172_2b5_LR,ICBHI_172,1,ICBHI,AKGC417L,0.9118099551992372,1
ICBHI_172_2b5_PL_000,ICBHI_172_2b5_PL,ICBHI_172,1,ICBHI,AKGC417L,0.9851575827657516,1
ICBHI_172_2b5_PL_001,ICBHI_172_2b5_PL,ICBHI_172,1,ICBHI,AKGC417L,0.975900554890232,1
ICBHI_172_2b5_PL_002,ICBHI_172_2b5_PL,ICBHI_172,1,ICBHI,AKGC417L,0.9853279650847626,1
ICBHI_172_2b5_PL_003,ICBHI_172_2b5_PL,ICBHI_172,1,ICBHI,AKGC417L,0.98636316471857,1
ICBHI_172_2b5_PL_004,ICBHI_172_2b5_PL,ICBHI_172,1,ICBHI,AKGC417L,0.9792749380796176,1
ICBHI_172_2b5_PL_005,ICBHI_172_2b5_PL,ICBHI_172,1,ICBHI,AKGC417L,0.917450697735972,1
ICBHI_172_2b5_PL_006,ICBHI_172_2b5_PL,ICBHI_172,1,ICBHI,AKGC417L,0.9782188286685004,1
ICBHI_172_2b5_PR_000,ICBHI_172_2b5_PR,ICBHI_172,1,ICBHI,AKGC417L,0.9793540692607816,1
ICBHI_172_2b5_PR_001,ICBHI_172_2b5_PR,ICBHI_172,1,ICBHI,AKGC417L,0.9826909042463318,1
ICBHI_172_2b5_PR_002,ICBHI_172_2b5_PR,ICBHI_172,1,ICBHI,AKGC417L,0.9839091258071756,1
ICBHI_172_2b5_PR_003,ICBHI_172_2b5_PR,ICBHI_172,1,ICBHI,AKGC417L,0.9774570340514706,1
ICBHI_172_2b5_PR_004,ICBHI_172_2b5_PR,ICBHI_172,1,ICBHI,AKGC417L,0.979589692299694,1
ICBHI_172_2b5_PR_005,ICBHI_172_2b5_PR,ICBHI_172,1,ICBHI,AKGC417L,0.9651191130633208,1
ICBHI_172_2b5_PR_006,ICBHI_172_2b5_PR,ICBHI_172,1,ICBHI,AKGC417L,0.941439173126251,1
ICBHI_172_2b5_TC_000,ICBHI_172_2b5_TC,ICBHI_172,1,ICBHI,AKGC417L,0.961893381187516,1
ICBHI_172_2b5_TC_001,ICBHI_172_2b5_TC,ICBHI_172,1,ICBHI,AKGC417L,0.95938322225612,1
ICBHI_172_2b5_TC_002,ICBHI_172_2b5_TC,ICBHI_172,1,ICBHI,AKGC417L,0.9737446992106472,1
ICBHI_172_2b5_TC_003,ICBHI_172_2b5_TC,ICBHI_172,1,ICBHI,AKGC417L,0.9694979473172858,1
ICBHI_172_2b5_TC_004,ICBHI_172_2b5_TC,ICBHI_172,1,ICBHI,AKGC417L,0.9685601495215692,1
ICBHI_172_2b5_TC_005,ICBHI_172_2b5_TC,ICBHI_172,1,ICBHI,AKGC417L,0.97693477348305,1
ICBHI_172_2b5_TC_006,ICBHI_172_2b5_TC,ICBHI_172,1,ICBHI,AKGC417L,0.982889110788156,1
ICBHI_180_1b4_AL_000,ICBHI_180_1b4_AL,ICBHI_180,1,ICBHI,AKGC417L,0.9894702878753826,1
ICBHI_180_1b4_AL_001,ICBHI_180_1b4_AL,ICBHI_180,1,ICBHI,AKGC417L,0.9873750507184356,1
ICBHI_180_1b4_AL_002,ICBHI_180_1b4_AL,ICBHI_180,1,ICBHI,AKGC417L,0.9871787857334058,1
ICBHI_180_1b4_AL_003,ICBHI_180_1b4_AL,ICBHI_180,1,ICBHI,AKGC417L,0.9810582921748148,1
ICBHI_180_1b4_AL_004,ICBHI_180_1b4_AL,ICBHI_180,1,ICBHI,AKGC417L,0.9840936082881852,1
ICBHI_180_1b4_AL_005,ICBHI_180_1b4_AL,ICBHI_180,1,ICBHI,AKGC417L,0.9861513897844354,1
ICBHI_180_1b4_AL_006,ICBHI_180_1b4_AL,ICBHI_180,1,ICBHI,AKGC417L,0.9894702878753826,1
ICBHI_180_1b4_AR_000,ICBHI_180_1b4_AR,ICBHI_180,1,ICBHI,AKGC417L,0.9783019028763682,1
ICBHI_180_1b4_AR_001,ICBHI_180_1b4_AR,ICBHI_180,1,ICBHI,AKGC417L,0.9867771782476948,1
ICBHI_180_1b4_AR_002,ICBHI_180_1b4_AR,ICBHI_180,1,ICBHI,AKGC417L,0.985772953896821,1
ICBHI_180_1b4_AR_003,ICBHI_180_1b4_AR,ICBHI_180,1,ICBHI,AKGC417L,0.9865198970247336,1
ICBHI_180_1b4_AR_004,ICBHI_180_1b4_AR,ICBHI_180,1,ICBHI,AKGC417L,0.9866233967726228,1
ICBHI_180_1b4_AR_005,ICBHI_180_1b4_AR,ICBHI_180,1,ICBHI,AKGC417L,0.9846346585586978,1
ICBHI_180_1b4_AR_006,ICBHI_180_1b4_AR,ICBHI_180,1,ICBHI,AKGC417L,0.9835338249524974,1
ICBHI_180_1b4_LR_000,ICBHI_180_1b4_LR,ICBHI_180,1,ICBHI,AKGC417L,0.9943140930647724,1
ICBHI_180_1b4_LR_001,ICBHI_180_1b4_LR,ICBHI_180,1,ICBHI,AKGC417L,0.993636426303936,1
ICBHI_180_1b4_LR_002,ICBHI_180_1b4_LR,ICBHI_180,1,ICBHI,AKGC417L,0.991118324899153,1
ICBHI_180_1b4_LR_003,ICBHI_180_1b4_LR,ICBHI_180,1,ICBHI,AKGC417L,0.995354442450284,1
ICBHI_180_1b4_LR_004,ICBHI_180_1b4_LR,ICBHI_180,1,ICBHI,AKGC417L,0.9935368622818452,1
ICBHI_180_1b4_LR_005,ICBHI_180_1b4_LR,ICBHI_180,1,ICBHI,AKGC417L,0.99440175138534,1
ICBHI_180_1b4_LR_006,ICBHI_180_1b4_LR,ICBHI_180,1,ICBHI,AKGC417L,0.9919067101026268,1
ICBHI_180_1b4_PL_000,ICBHI_180_1b4_PL,ICBHI_180,1,ICBHI,AKGC417L,0.987568349146814,1
ICBHI_180_1b4_PL_001,ICBHI_180_1b4_PL,ICBHI_180,1,ICBHI,AKGC417L,0.9822877012965884,1
ICBHI_180_1b4_PL_002,ICBHI_180_1b4_PL,ICBHI_180,1,ICBHI,AKGC417L,0.9844563520692292,1
ICBHI_180_1b4_PL_003,ICBHI_180_1b4_PL,ICBHI_180,1,ICBHI,AKGC417L,0.9673486215396556,1
ICBHI_180_1b4_PL_004,ICBHI_180_1b4_PL,ICBHI_180,1,ICBHI,AKGC417L,0.9638480624171308,1
ICBHI_180_1b4_PL_005,ICBHI_180_1b4_PL,ICBHI_180,1,ICBHI,AKGC417L,0.9775000306229962,1
ICBHI_180_1b4_PL_006,ICBHI_180_1b4_PL,ICBHI_180,1,ICBHI,AKGC417L,0.9872772918000768,1
ICBHI_180_1b4_PR_000,ICBHI_180_1b4_PR,ICBHI_180,1,ICBHI,AKGC417L,0.9710193702585468,1
ICBHI_180_1b4_PR_001,ICBHI_180_1b4_PR,ICBHI_180,1,ICBHI,AKGC417L,0.980949100414177,1
ICBHI_180_1b4_PR_002,ICBHI_180_1b4_PR,ICBHI_180,1,ICBHI,AKGC417L,0.9898695883364156,1
ICBHI_180_1b4_PR_003,ICBHI_180_1b4_PR,ICBHI_180,1,ICBHI,AKGC417L,0.9630224454648544,1
ICBHI_180_1b4_PR_004,ICBHI_180_1b4_PR,ICBHI_180,1,ICBHI,AKGC417L,0.953621794005189,1
ICBHI_180_1b4_PR_005,ICBHI_180_1b4_PR,ICBHI_180,1,ICBHI,AKGC417L,0.9701269078891236,1
ICBHI_180_1b4_PR_006,ICBHI_180_1b4_PR,ICBHI_180,1,ICBHI,AKGC417L,0.9596109312691484,1
ICBHI_181_1b1_AR_000,ICBHI_181_1b1_AR,ICBHI_181,1,ICBHI,LittC2SE,0.8923750854700477,1
ICBHI_181_1b1_AR_001,ICBHI_181_1b1_AR,ICBHI_181,1,ICBHI,LittC2SE,0.9605836125678284,1
ICBHI_181_1b1_AR_002,ICBHI_181_1b1_AR,ICBHI_181,1,ICBHI,LittC2SE,0.964921323357116,1
ICBHI_181_1b1_AR_003,ICBHI_181_1b1_AR,ICBHI_181,1,ICBHI,LittC2SE,0.9614615034830584,1
ICBHI_181_1b1_AR_004,ICBHI_181_1b1_AR,ICBHI_181,1,ICBHI,LittC2SE,0.987711402470298,1
ICBHI_181_1b1_AR_005,ICBHI_181_1b1_AR,ICBHI_181,1,ICBHI,LittC2SE,0.991186833496954,1
ICBHI_181_1b1_AR_006,ICBHI_181_1b1_AR,ICBHI_181,1,ICBHI,LittC2SE,0.988841968751916,1
ICBHI_181_1b1_TC_000,ICBHI_181_1b1_TC,ICBHI_181,1,ICBHI,LittC2SE,0.994269753485008,1
ICBHI_181_1b1_TC_001,ICBHI_181_1b1_TC,ICBHI_181,1,ICBHI,LittC2SE,0.9963357796692156,1
ICBHI_181_1b1_TC_002,ICBHI_181_1b1_TC,ICBHI_181,1,ICBHI,LittC2SE,0.9310874968619292,1
ICBHI_181_1b1_TC_003,ICBHI_181_1b1_TC,ICBHI_181,1,ICBHI,LittC2SE,0.8601343465140441,1
ICBHI_181_1b1_TC_004,ICBHI_181_1b1_TC,ICBHI_181,1,ICBHI,LittC2SE,0.9177460552422908,1
ICBHI_181_1b1_TC_005,ICBHI_181_1b1_TC,ICBHI_181,1,ICBHI,LittC2SE,0.8183016013879783,1
ICBHI_181_1b1_TC_006,ICBHI_181_1b1_TC,ICBHI_181,1,ICBHI,LittC2SE,0.7083134657715047,1
ICBHI_181_1b2_AR_000,ICBHI_181_1b2_AR,ICBHI_181,1,ICBHI,LittC2SE,0.961389068531974,1
ICBHI_181_1b2_AR_001,ICBHI_181_1b2_AR,ICBHI_181,1,ICBHI,LittC2SE,0.982151261550011,1
ICBHI_181_1b2_AR_002,ICBHI_181_1b2_AR,ICBHI_181,1,ICBHI,LittC2SE,0.979155684383481,1
ICBHI_181_1b2_AR_003,ICBHI_181_1b2_AR,ICBHI_181,1,ICBHI,LittC2SE,0.8597815235746459,1
ICBHI_181_1b2_AR_004,ICBHI_181_1b2_AR,ICBHI_181,1,ICBHI,LittC2SE,0.9758085141318648,1
ICBHI_181_1b2_AR_005,ICBHI_181_1b2_AR,ICBHI_181,1,ICBHI,LittC2SE,0.988755439279336,1
ICBHI_181_1b2_AR_006,ICBHI_181_1b2_AR,ICBHI_181,1,ICBHI,LittC2SE,0.9897909456811916,1
ICBHI_181_1b3_TC_000,ICBHI_181_1b3_TC,ICBHI_181,1,ICBHI,LittC2SE,0.9864678513445928,1
ICBHI_181_1b3_TC_001,ICBHI_181_1b3_TC,ICBHI_181,1,ICBHI,LittC2SE,0.8870089915514326,1
ICBHI_181_1b3_TC_002,ICBHI_181_1b3_TC,ICBHI_181,1,ICBHI,LittC2SE,0.9852145923076094,1
ICBHI_181_1b3_TC_003,ICBHI_181_1b3_TC,ICBHI_181,1,ICBHI,LittC2SE,0.9670387599462188,1
ICBHI_181_1b3_TC_004,ICBHI_181_1b3_TC,ICBHI_181,1,ICBHI,LittC2SE,0.7007924358101316,1
ICBHI_181_1b3_TC_005,ICBHI_181_1b3_TC,ICBHI_181,1,ICBHI,LittC2SE,0.9843363512883316,1
ICBHI_181_1b3_TC_006,ICBHI_181_1b3_TC,ICBHI_181,1,ICBHI,LittC2SE,0.9929335990367508,1
ICBHI_183_1b1_PL_000,ICBHI_183_1b1_PL,ICBHI_183,0,ICBHI,Meditron,0.8384153373831053,1
ICBHI_183_1b1_PL_001,ICBHI_183_1b1_PL,ICBHI_183,0,ICBHI,Meditron,0.6548947290421275,1
ICBHI_183_1b1_PL_002,ICBHI_183_1b1_PL,ICBHI_183,0,ICBHI,Meditron,0.9440738263146948,1
ICBHI_183_1b1_PL_003,ICBHI_183_1b1_PL,ICBHI_183,0,ICBHI,Meditron,0.9439706148821184,1
ICBHI_183_1b1_PL_004,ICBHI_183_1b1_PL,ICBHI_183,0,ICBHI,Meditron,0.6390605663565305,1
ICBHI_183_1b1_PL_005,ICBHI_183_1b1_PL,ICBHI_183,0,ICBHI,Meditron,0.8597815235746459,1
ICBHI_183_1b1_PL_006,ICBHI_183_1b1_PL,ICBHI_183,0,ICBHI,Meditron,0.844280659604721,1
ICBHI_183_1b1_TC_000,ICBHI_183_1b1_TC,ICBHI_183,0,ICBHI,Meditron,0.0005484792388673,1
ICBHI_183_1b1_TC_001,ICBHI_183_1b1_TC,ICBHI_183,0,ICBHI,Meditron,0.001116014259843,1
ICBHI_183_1b1_TC_002,ICBHI_183_1b1_TC,ICBHI_183,0,ICBHI,Meditron,0.0002050221485061,1
ICBHI_183_1b1_TC_003,ICBHI_183_1b1_TC,ICBHI_183,0,ICBHI,Meditron,0.0002115288734611,1
ICBHI_183_1b1_TC_004,ICBHI_183_1b1_TC,ICBHI_183,0,ICBHI,Meditron,0.0001609308249869,1
ICBHI_183_1b1_TC_005,ICBHI_183_1b1_TC,ICBHI_183,0,ICBHI,Meditron,0.0002511867884907,1
ICBHI_183_1b1_TC_006,ICBHI_183_1b1_TC,ICBHI_183,0,ICBHI,Meditron,0.0001535623976496,1
ICBHI_185_1b1_AL_000,ICBHI_185_1b1_AL,ICBHI_185,1,ICBHI,Litt3200,0.9899864293768268,1
ICBHI_185_1b1_AL_001,ICBHI_185_1b1_AL,ICBHI_185,1,ICBHI,Litt3200,0.9895916858989277,1
ICBHI_185_1b1_AL_002,ICBHI_185_1b1_AL,ICBHI_185,1,ICBHI,Litt3200,0.989908684514805,1
ICBHI_185_1b1_AL_003,ICBHI_185_1b1_AL,ICBHI_185,1,ICBHI,Litt3200,0.9873750507184356,1
ICBHI_185_1b1_AL_004,ICBHI_185_1b1_AL,ICBHI_185,1,ICBHI,Litt3200,0.9884473296647792,1
ICBHI_185_1b1_AL_005,ICBHI_185_1b1_AL,ICBHI_185,1,ICBHI,Litt3200,0.985882106574795,1
ICBHI_185_1b1_AR_000,ICBHI_185_1b1_AR,ICBHI_185,1,ICBHI,Litt3200,0.9852145923076094,1
ICBHI_185_1b1_AR_001,ICBHI_185_1b1_AR,ICBHI_185,1,ICBHI,Litt3200,0.9861513897844354,1
ICBHI_185_1b1_AR_002,ICBHI_185_1b1_AR,ICBHI_185,1,ICBHI,Litt3200,0.9869795098861572,1
ICBHI_185_1b1_AR_003,ICBHI_185_1b1_AR,ICBHI_185,1,ICBHI,Litt3200,0.9866233967726228,1
ICBHI_185_1b1_AR_004,ICBHI_185_1b1_AR,ICBHI_185,1,ICBHI,Litt3200,0.9841546388118628,1
ICBHI_185_1b1_AR_005,ICBHI_185_1b1_AR,ICBHI_185,1,ICBHI,Litt3200,0.975946447105574,1
ICBHI_185_1b1_AR_006,ICBHI_185_1b1_AR,ICBHI_185,1,ICBHI,Litt3200,0.9784259335698816,1
ICBHI_185_1b1_AR_007,ICBHI_185_1b1_AR,ICBHI_185,1,ICBHI,Litt3200,0.9764007056485348,1
ICBHI_185_1b1_LL_000,ICBHI_185_1b1_LL,ICBHI_185,1,ICBHI,Litt3200,0.98922327394992,1
ICBHI_185_1b1_LL_001,ICBHI_185_1b1_LL,ICBHI_185,1,ICBHI,Litt3200,0.990253895947446,1
ICBHI_185_1b1_LL_002,ICBHI_185_1b1_LL,ICBHI_185,1,ICBHI,Litt3200,0.991186833496954,1
ICBHI_185_1b1_LL_003,ICBHI_185_1b1_LL,ICBHI_185,1,ICBHI,Litt3200,0.9901782070803068,1
ICBHI_185_1b1_LL_004,ICBHI_185_1b1_LL,ICBHI_185,1,ICBHI,Litt3200,0.9871292507842532,1
ICBHI_185_1b1_LL_005,ICBHI_185_1b1_LL,ICBHI_185,1,ICBHI,Litt3200,0.9882675360436518,1
ICBHI_185_1b1_LR_000,ICBHI_185_1b1_LR,ICBHI_185,1,ICBHI,Litt3200,0.9882221573114804,1
ICBHI_185_1b1_LR_001,ICBHI_185_1b1_LR,ICBHI_185,1,ICBHI,Litt3200,0.98905542259902,1
ICBHI_185_1b1_LR_002,ICBHI_185_1b1_LR,ICBHI_185,1,ICBHI,Litt3200,0.9892648373909092,1
ICBHI_185_1b1_LR_003,ICBHI_185_1b1_LR,ICBHI_185,1,ICBHI,Litt3200,0.9872772918000768,1
ICBHI_185_1b1_LR_004,ICBHI_185_1b1_LR,ICBHI_185,1,ICBHI,Litt3200,0.9873262643069668,1
ICBHI_185_1b1_LR_005,ICBHI_185_1b1_LR,ICBHI_185,1,ICBHI,Litt3200,0.9871292507842532,1
ICBHI_185_1b1_PL_000,ICBHI_185_1b1_PL,ICBHI_185,1,ICBHI,Litt3200,0.9875203002546722,1
ICBHI_185_1b1_PL_001,ICBHI_185_1b1_PL,ICBHI_185,1,ICBHI,Litt3200,0.9881308789536604,1
ICBHI_185_1b1_PL_002,ICBHI_185_1b1_PL,ICBHI_185,1,ICBHI,Litt3200,0.9888849862785224,1
ICBHI_185_1b1_PL_003,ICBHI_185_1b1_PL,ICBHI_185,1,ICBHI,Litt3200,0.988536202622004,1
ICBHI_185_1b1_PL_004,ICBHI_185_1b1_PL,ICBHI_185,1,ICBHI,Litt3200,0.9860979413749408,1
ICBHI_185_1b1_PL_005,ICBHI_185_1b1_PL,ICBHI_185,1,ICBHI,Litt3200,0.983596967483837,1
ICBHI_185_1b1_PR_000,ICBHI_185_1b1_PR,ICBHI_185,1,ICBHI,Litt3200,0.9867261125456144,1
ICBHI_185_1b1_PR_001,ICBHI_185_1b1_PR,ICBHI_185,1,ICBHI,Litt3200,0.9873750507184356,1
ICBHI_185_1b1_PR_002,ICBHI_185_1b1_PR,ICBHI_185,1,ICBHI,Litt3200,0.9867261125456144,1
ICBHI_185_1b1_PR_003,ICBHI_185_1b1_PR,ICBHI_185,1,ICBHI,Litt3200,0.9889278398167658,1
ICBHI_185_1b1_PR_004,ICBHI_185_1b1_PR,ICBHI_185,1,ICBHI,Litt3200,0.9884026381763672,1
ICBHI_185_1b1_PR_005,ICBHI_185_1b1_PR,ICBHI_185,1,ICBHI,Litt3200,0.9901019362839764,1
ICBHI_185_1b1_PR_006,ICBHI_185_1b1_PR,ICBHI_185,1,ICBHI,Litt3200,0.9828232909876816,1
ICBHI_185_1b1_PR_007,ICBHI_185_1b1_PR,ICBHI_185,1,ICBHI,Litt3200,0.975390071374038,1
ICBHI_204_2b5_AL_000,ICBHI_204_2b5_AL,ICBHI_204,1,ICBHI,AKGC417L,0.9427180267807428,1
ICBHI_204_2b5_AL_001,ICBHI_204_2b5_AL,ICBHI_204,1,ICBHI,AKGC417L,0.9249592754615028,1
ICBHI_204_2b5_AL_002,ICBHI_204_2b5_AL,ICBHI_204,1,ICBHI,AKGC417L,0.9521309935238556,1
ICBHI_204_2b5_AL_003,ICBHI_204_2b5_AL,ICBHI_204,1,ICBHI,AKGC417L,0.9540517926508258,1
ICBHI_204_2b5_AL_004,ICBHI_204_2b5_AL,ICBHI_204,1,ICBHI,AKGC417L,0.9611709788142287,1
ICBHI_204_2b5_AL_005,ICBHI_204_2b5_AL,ICBHI_204,1,ICBHI,AKGC417L,0.9799381975595722,1
ICBHI_204_2b5_AL_006,ICBHI_204_2b5_AL,ICBHI_204,1,ICBHI,AKGC417L,0.978467122853792,1
ICBHI_204_2b5_AR_000,ICBHI_204_2b5_AR,ICBHI_204,1,ICBHI,AKGC417L,0.984810951192016,1
ICBHI_204_2b5_AR_001,ICBHI_204_2b5_AR,ICBHI_204,1,ICBHI,AKGC417L,0.9887987866239216,1
ICBHI_204_2b5_AR_002,ICBHI_204_2b5_AR,ICBHI_204,1,ICBHI,AKGC417L,0.9884026381763672,1
ICBHI_204_2b5_AR_003,ICBHI_204_2b5_AR,ICBHI_204,1,ICBHI,AKGC417L,0.988084978032852,1
ICBHI_204_2b5_AR_004,ICBHI_204_2b5_AR,ICBHI_204,1,ICBHI,AKGC417L,0.9883127420043056,1
ICBHI_204_2b5_AR_005,ICBHI_204_2b5_AR,ICBHI_204,1,ICBHI,AKGC417L,0.9897909456811916,1
ICBHI_204_2b5_AR_006,ICBHI_204_2b5_AR,ICBHI_204,1,ICBHI,AKGC417L,0.9523973431900808,1
ICBHI_204_2b5_LL_000,ICBHI_204_2b5_LL,ICBHI_204,1,ICBHI,AKGC417L,0.9769787427100676,1
ICBHI_204_2b5_LL_001,ICBHI_204_2b5_LL,ICBHI_204,1,ICBHI,AKGC417L,0.9661559646595076,1
ICBHI_204_2b5_LL_002,ICBHI_204_2b5_LL,ICBHI_204,1,ICBHI,AKGC417L,0.9660280028426234,1
ICBHI_204_2b5_LL_003,ICBHI_204_2b5_LL,ICBHI_204,1,ICBHI,AKGC417L,0.9796676466573412,1
ICBHI_204_2b5_LL_004,ICBHI_204_2b5_LL,ICBHI_204,1,ICBHI,AKGC417L,0.9715639669551474,1
ICBHI_204_2b5_LL_005,ICBHI_204_2b5_LL,ICBHI_204,1,ICBHI,AKGC417L,0.974964576461264,1
ICBHI_204_2b5_LL_006,ICBHI_204_2b5_LL,ICBHI_204,1,ICBHI,AKGC417L,0.9804313244446876,1
ICBHI_204_7p5_AL_000,ICBHI_204_7p5_AL,ICBHI_204,1,ICBHI,AKGC417L,0.9343951625409306,1
ICBHI_204_7p5_AL_001,ICBHI_204_7p5_AL,ICBHI_204,1,ICBHI,AKGC417L,0.9429286027746024,1
ICBHI_204_7p5_AL_002,ICBHI_204_7p5_AL,ICBHI_204,1,ICBHI,AKGC417L,0.9620363047907357,1
ICBHI_204_7p5_AL_003,ICBHI_204_7p5_AL,ICBHI_204,1,ICBHI,AKGC417L,0.9711290930537122,1
ICBHI_204_7p5_AL_004,ICBHI_204_7p5_AL,ICBHI_204,1,ICBHI,AKGC417L,0.9681411443139596,1
ICBHI_204_7p5_AL_005,ICBHI_204_7p5_AL,ICBHI_204,1,ICBHI,AKGC417L,0.9560634664484896,1
ICBHI_204_7p5_AL_006,ICBHI_204_7p5_AL,ICBHI_204,1,ICBHI,AKGC417L,0.965963847005629,1
ICBHI_204_7p5_AR_000,ICBHI_204_7p5_AR,ICBHI_204,1,ICBHI,AKGC417L,0.9170058516477309,1
ICBHI_204_7p5_AR_001,ICBHI_204_7p5_AR,ICBHI_204,1,ICBHI,AKGC417L,0.935109885267838,1
ICBHI_204_7p5_AR_002,ICBHI_204_7p5_AR,ICBHI_204,1,ICBHI,AKGC417L,0.9586926962069956,1
ICBHI_204_7p5_AR_003,ICBHI_204_7p5_AR,ICBHI_204,1,ICBHI,AKGC417L,0.9658995742876884,1
ICBHI_204_7p5_AR_004,ICBHI_204_7p5_AR,ICBHI_204,1,ICBHI,AKGC417L,0.9583042305755448,1
ICBHI_204_7p5_AR_005,ICBHI_204_7p5_AR,ICBHI_204,1,ICBHI,AKGC417L,0.9563904724343744,1
ICBHI_204_7p5_AR_006,ICBHI_204_7p5_AR,ICBHI_204,1,ICBHI,AKGC417L,0.9588471107825552,1
ICBHI_204_7p5_LL_000,ICBHI_204_7p5_LL,ICBHI_204,1,ICBHI,AKGC417L,0.96621977103159,1
ICBHI_204_7p5_LL_001,ICBHI_204_7p5_LL,ICBHI_204,1,ICBHI,AKGC417L,0.9562272608259156,1
ICBHI_204_7p5_LL_002,ICBHI_204_7p5_LL,ICBHI_204,1,ICBHI,AKGC417L,0.9653811611608242,1
ICBHI_204_7p5_LL_003,ICBHI_204_7p5_LL,ICBHI_204,1,ICBHI,AKGC417L,0.965641310666991,1
ICBHI_204_7p5_LL_004,ICBHI_204_7p5_LL,ICBHI_204,1,ICBHI,AKGC417L,0.9515039967560432,1
ICBHI_204_7p5_LL_005,ICBHI_204_7p5_LL,ICBHI_204,1,ICBHI,AKGC417L,0.9495759309565864,1
ICBHI_204_7p5_LL_006,ICBHI_204_7p5_LL,ICBHI_204,1,ICBHI,AKGC417L,0.9444848859112394,1
ICBHI_204_7p5_LR_000,ICBHI_204_7p5_LR,ICBHI_204,1,ICBHI,AKGC417L,0.9564718602835648,1
ICBHI_204_7p5_LR_001,ICBHI_204_7p5_LR,ICBHI_204,1,ICBHI,AKGC417L,0.9572778024535096,1
ICBHI_204_7p5_LR_002,ICBHI_204_7p5_LR,ICBHI_204,1,ICBHI,AKGC417L,0.9610980199022024,1
ICBHI_204_7p5_LR_003,ICBHI_204_7p5_LR,ICBHI_204,1,ICBHI,AKGC417L,0.9493885651109318,1
ICBHI_204_7p5_LR_004,ICBHI_204_7p5_LR,ICBHI_204,1,ICBHI,AKGC417L,0.9059898203834276,1
ICBHI_204_7p5_LR_005,ICBHI_204_7p5_LR,ICBHI_204,1,ICBHI,AKGC417L,0.9254997409810218,1
ICBHI_204_7p5_LR_006,ICBHI_204_7p5_LR,ICBHI_204,1,ICBHI,AKGC417L,0.9489172630429474,1
ICBHI_204_7p5_PR_000,ICBHI_204_7p5_PR,ICBHI_204,1,ICBHI,AKGC417L,0.9898695883364156,1
ICBHI_204_7p5_PR_001,ICBHI_204_7p5_PR,ICBHI_204,1,ICBHI,AKGC417L,0.976355659124078,1
ICBHI_204_7p5_PR_002,ICBHI_204_7p5_PR,ICBHI_204,1,ICBHI,AKGC417L,0.9645224968348788,1
ICBHI_204_7p5_PR_003,ICBHI_204_7p5_PR,ICBHI_204,1,ICBHI,AKGC417L,0.9504109770159684,1
ICBHI_204_7p5_PR_004,ICBHI_204_7p5_PR,ICBHI_204,1,ICBHI,AKGC417L,0.9551520965667056,1
ICBHI_204_7p5_PR_005,ICBHI_204_7p5_PR,ICBHI_204,1,ICBHI,AKGC417L,0.9714558483038396,1
ICBHI_204_7p5_PR_006,ICBHI_204_7p5_PR,ICBHI_204,1,ICBHI,AKGC417L,0.9805061282729682,1
ICBHI_204_7p5_TC_000,ICBHI_204_7p5_TC,ICBHI_204,1,ICBHI,AKGC417L,0.9498557486112288,1
ICBHI_204_7p5_TC_001,ICBHI_204_7p5_TC,ICBHI_204,1,ICBHI,AKGC417L,0.9675944825013576,1
ICBHI_204_7p5_TC_002,ICBHI_204_7p5_TC,ICBHI_204,1,ICBHI,AKGC417L,0.975390071374038,1
ICBHI_204_7p5_TC_003,ICBHI_204_7p5_TC,ICBHI_204,1,ICBHI,AKGC417L,0.9682013311953048,1
ICBHI_204_7p5_TC_004,ICBHI_204_7p5_TC,ICBHI_204,1,ICBHI,AKGC417L,0.968797182083676,1
ICBHI_204_7p5_TC_005,ICBHI_204_7p5_TC,ICBHI_204,1,ICBHI,AKGC417L,0.975854577282535,1
ICBHI_204_7p5_TC_006,ICBHI_204_7p5_TC,ICBHI_204,1,ICBHI,AKGC417L,0.97364464715388,1
ICBHI_109_1b1_AL_000,ICBHI_109_1b1_AL,ICBHI_109,1,ICBHI,Litt3200,0.993461175022765,2
ICBHI_109_1b1_AL_001,ICBHI_109_1b1_AL,ICBHI_109,1,ICBHI,Litt3200,0.9925969859111274,2
ICBHI_109_1b1_AL_002,ICBHI_109_1b1_AL,ICBHI_109,1,ICBHI,Litt3200,0.9931228923417692,2
ICBHI_109_1b1_AL_003,ICBHI_109_1b1_AL,ICBHI_109,1,ICBHI,Litt3200,0.9928508980334536,2
ICBHI_109_1b1_AL_004,ICBHI_109_1b1_AL,ICBHI_109,1,ICBHI,Litt3200,0.9920311850466846,2
ICBHI_109_1b1_AL_005,ICBHI_109_1b1_AL,ICBHI_109,1,ICBHI,Litt3200,0.9925969859111274,2
ICBHI_109_1b1_AL_006,ICBHI_109_1b1_AL,ICBHI_109,1,ICBHI,Litt3200,0.9957020611205928,2
ICBHI_109_1b1_AR_000,ICBHI_109_1b1_AR,ICBHI_109,1,ICBHI,Litt3200,0.9883127420043056,2
ICBHI_109_1b1_AR_001,ICBHI_109_1b1_AR,ICBHI_109,1,ICBHI,Litt3200,0.9929609544025984,2
ICBHI_109_1b1_AR_002,ICBHI_109_1b1_AR,ICBHI_109,1,ICBHI,Litt3200,0.9930153500828656,2
ICBHI_109_1b1_AR_003,ICBHI_109_1b1_AR,ICBHI_109,1,ICBHI,Litt3200,0.993734466224161,2
ICBHI_109_1b1_AR_004,ICBHI_109_1b1_AR,ICBHI_109,1,ICBHI,Litt3200,0.9943580914999768,2
ICBHI_109_1b1_AR_005,ICBHI_109_1b1_AR,ICBHI_109,1,ICBHI,Litt3200,0.9937829218577496,2
ICBHI_109_1b1_LL_000,ICBHI_109_1b1_LL,ICBHI_109,1,ICBHI,Litt3200,0.9906960501316064,2
ICBHI_109_1b1_LL_001,ICBHI_109_1b1_LL,ICBHI_109,1,ICBHI,Litt3200,0.994225070146556,2
ICBHI_109_1b1_LL_002,ICBHI_109_1b1_LL,ICBHI_109,1,ICBHI,Litt3200,0.9929061381210884,2
ICBHI_109_1b1_LL_003,ICBHI_109_1b1_LL,ICBHI_109,1,ICBHI,Litt3200,0.9936856353291036,2
ICBHI_109_1b1_LL_004,ICBHI_109_1b1_LL,ICBHI_109,1,ICBHI,Litt3200,0.9955489587731128,2
ICBHI_109_1b1_LR_000,ICBHI_109_1b1_LR,ICBHI_109,1,ICBHI,Litt3200,0.992000245491622,2
ICBHI_109_1b1_LR_001,ICBHI_109_1b1_LR,ICBHI_109,1,ICBHI,Litt3200,0.9946774645488872,2
ICBHI_109_1b1_LR_002,ICBHI_109_1b1_LR,ICBHI_109,1,ICBHI,Litt3200,0.995336345047618,2
ICBHI_109_1b1_LR_003,ICBHI_109_1b1_LR,ICBHI_109,1,ICBHI,Litt3200,0.9949788500523676,2
ICBHI_109_1b1_LR_004,ICBHI_109_1b1_LR,ICBHI_109,1,ICBHI,Litt3200,0.996378314521325,2
ICBHI_109_1b1_PL_000,ICBHI_109_1b1_PL,ICBHI_109,1,ICBHI,Litt3200,0.9924227587321393,2
ICBHI_109_1b1_PL_001,ICBHI_109_1b1_PL,ICBHI_109,1,ICBHI,Litt3200,0.9939964042034284,2
ICBHI_109_1b1_PL_002,ICBHI_109_1b1_PL,ICBHI_109,1,ICBHI,Litt3200,0.9943140930647724,2
ICBHI_109_1b1_PL_003,ICBHI_109_1b1_PL,ICBHI_109,1,ICBHI,Litt3200,0.9960392124697902,2
ICBHI_109_1b1_PL_004,ICBHI_109_1b1_PL,ICBHI_109,1,ICBHI,Litt3200,0.9964756590195628,2
ICBHI_109_1b1_PL_005,ICBHI_109_1b1_PL,ICBHI_109,1,ICBHI,Litt3200,0.9962492111110448,2
ICBHI_109_1b1_PR_000,ICBHI_109_1b1_PR,ICBHI_109,1,ICBHI,Litt3200,0.9939260655591138,2
ICBHI_109_1b1_PR_001,ICBHI_109_1b1_PR,ICBHI_109,1,ICBHI,Litt3200,0.9939024378074248,2
ICBHI_109_1b1_PR_002,ICBHI_109_1b1_PR,ICBHI_109,1,ICBHI,Litt3200,0.9954967275829107,2
ICBHI_109_1b1_PR_003,ICBHI_109_1b1_PR,ICBHI_109,1,ICBHI,Litt3200,0.9954083163222202,2
ICBHI_109_1b1_PR_004,ICBHI_109_1b1_PR,ICBHI_109,1,ICBHI,Litt3200,0.9945094367975008,2
ICBHI_109_1b1_PR_005,ICBHI_109_1b1_PR,ICBHI_109,1,ICBHI,Litt3200,0.9922444632191524,2
ICBHI_109_1b1_PR_006,ICBHI_109_1b1_PR,ICBHI_109,1,ICBHI,Litt3200,0.9924520766240994,2
ICBHI_109_1b1_PR_007,ICBHI_109_1b1_PR,ICBHI_109,1,ICBHI,Litt3200,0.9954438862855456,2
ICBHI_109_1b1_PR_008,ICBHI_109_1b1_PR,ICBHI_109,1,ICBHI,Litt3200,0.9965969946412504,2
ICBHI_109_1b1_PR_009,ICBHI_109_1b1_PR,ICBHI_109,1,ICBHI,Litt3200,0.9959770900642708,2
ICBHI_109_1b1_PR_010,ICBHI_109_1b1_PR,ICBHI_109,1,ICBHI,Litt3200,0.995354442450284,2
ICBHI_114_1b4_AL_000,ICBHI_114_1b4_AL,ICBHI_114,1,ICBHI,AKGC417L,0.979589692299694,2
ICBHI_114_1b4_AL_001,ICBHI_114_1b4_AL,ICBHI_114,1,ICBHI,AKGC417L,0.9428234058401228,2
ICBHI_114_1b4_AL_002,ICBHI_114_1b4_AL,ICBHI_114,1,ICBHI,AKGC417L,0.9419752510012038,2
ICBHI_114_1b4_AL_003,ICBHI_114_1b4_AL,ICBHI_114,1,ICBHI,AKGC417L,0.9523973431900808,2
ICBHI_114_1b4_AL_004,ICBHI_114_1b4_AL,ICBHI_114,1,ICBHI,AKGC417L,0.9629528313309248,2
ICBHI_114_1b4_AL_005,ICBHI_114_1b4_AL,ICBHI_114,1,ICBHI,AKGC417L,0.9817357216481428,2
ICBHI_114_1b4_AL_006,ICBHI_114_1b4_AL,ICBHI_114,1,ICBHI,AKGC417L,0.95275028649851,2
ICBHI_114_1b4_AR_000,ICBHI_114_1b4_AR,ICBHI_114,1,ICBHI,AKGC417L,0.930078163002164,2
ICBHI_114_1b4_AR_001,ICBHI_114_1b4_AR,ICBHI_114,1,ICBHI,AKGC417L,0.9711838031967466,2
ICBHI_114_1b4_AR_002,ICBHI_114_1b4_AR,ICBHI_114,1,ICBHI,AKGC417L,0.9523087167764016,2
ICBHI_114_1b4_AR_003,ICBHI_114_1b4_AR,ICBHI_114,1,ICBHI,AKGC417L,0.9651191130633208,2
ICBHI_114_1b4_AR_004,ICBHI_114_1b4_AR,ICBHI_114,1,ICBHI,AKGC417L,0.9674717764988552,2
ICBHI_114_1b4_AR_005,ICBHI_114_1b4_AR,ICBHI_114,1,ICBHI,AKGC417L,0.9636433368120324,2
ICBHI_114_1b4_AR_006,ICBHI_114_1b4_AR,ICBHI_114,1,ICBHI,AKGC417L,0.959686562165167,2
ICBHI_114_1b4_LR_000,ICBHI_114_1b4_LR,ICBHI_114,1,ICBHI,AKGC417L,0.9600626857930734,2
ICBHI_114_1b4_LR_001,ICBHI_114_1b4_LR,ICBHI_114,1,ICBHI,AKGC417L,0.8946054517822124,2
ICBHI_114_1b4_LR_002,ICBHI_114_1b4_LR,ICBHI_114,1,ICBHI,AKGC417L,0.9110215117615452,2
ICBHI_114_1b4_LR_003,ICBHI_114_1b4_LR,ICBHI_114,1,ICBHI,AKGC417L,0.9214990214584188,2
ICBHI_114_1b4_LR_004,ICBHI_114_1b4_LR,ICBHI_114,1,ICBHI,AKGC417L,0.9358173563909802,2
ICBHI_114_1b4_LR_005,ICBHI_114_1b4_LR,ICBHI_114,1,ICBHI,AKGC417L,0.9345147892167924,2
ICBHI_114_1b4_LR_006,ICBHI_114_1b4_LR,ICBHI_114,1,ICBHI,AKGC417L,0.9486324916130384,2
ICBHI_114_1b4_PL_000,ICBHI_114_1b4_PL,ICBHI_114,1,ICBHI,AKGC417L,0.9824904426504252,2
ICBHI_114_1b4_PL_001,ICBHI_114_1b4_PL,ICBHI_114,1,ICBHI,AKGC417L,0.9840936082881852,2
ICBHI_114_1b4_PL_002,ICBHI_114_1b4_PL,ICBHI_114,1,ICBHI,AKGC417L,0.98504291340685,2
ICBHI_114_1b4_PL_003,ICBHI_114_1b4_PL,ICBHI_114,1,ICBHI,AKGC417L,0.979899764423248,2
ICBHI_114_1b4_PL_004,ICBHI_114_1b4_PL,ICBHI_114,1,ICBHI,AKGC417L,0.9831499205521024,2
ICBHI_114_1b4_PL_005,ICBHI_114_1b4_PL,ICBHI_114,1,ICBHI,AKGC417L,0.9878058669624096,2
ICBHI_114_1b4_PL_006,ICBHI_114_1b4_PL,ICBHI_114,1,ICBHI,AKGC417L,0.9879462204837636,2
ICBHI_114_1b4_PR_000,ICBHI_114_1b4_PR,ICBHI_114,1,ICBHI,AKGC417L,0.9765800557141248,2
ICBHI_114_1b4_PR_001,ICBHI_114_1b4_PR,ICBHI_114,1,ICBHI,AKGC417L,0.9679599219419188,2
ICBHI_114_1b4_PR_002,ICBHI_114_1b4_PR,ICBHI_114,1,ICBHI,AKGC417L,0.974773174620712,2
ICBHI_114_1b4_PR_003,ICBHI_114_1b4_PR,ICBHI_114,1,ICBHI,AKGC417L,0.974773174620712,2
ICBHI_114_1b4_PR_004,ICBHI_114_1b4_PR,ICBHI_114,1,ICBHI,AKGC417L,0.9602121916306376,2
ICBHI_114_1b4_PR_005,ICBHI_114_1b4_PR,ICBHI_114,1,ICBHI,AKGC417L,0.97364464715388,2
ICBHI_114_1b4_PR_006,ICBHI_114_1b4_PR,ICBHI_114,1,ICBHI,AKGC417L,0.985384329899364,2
ICBHI_118_1b1_AL_000,ICBHI_118_1b1_AL,ICBHI_118,1,ICBHI,Litt3200,0.9909797204985978,2
ICBHI_118_1b1_AL_001,ICBHI_118_1b1_AL,ICBHI_118,1,ICBHI,Litt3200,0.9851575827657516,2
ICBHI_118_1b1_AL_002,ICBHI_118_1b1_AL,ICBHI_118,1,ICBHI,Litt3200,0.9896718474806948,2
ICBHI_118_1b1_AL_003,ICBHI_118_1b1_AL,ICBHI_118,1,ICBHI,Litt3200,0.9860442896017269,2
ICBHI_118_1b1_AL_004,ICBHI_118_1b1_AL,ICBHI_118,1,ICBHI,Litt3200,0.9817357216481428,2
ICBHI_118_1b1_AR_000,ICBHI_118_1b1_AR,ICBHI_118,1,ICBHI,Litt3200,0.9904775143296634,2
ICBHI_118_1b1_AR_001,ICBHI_118_1b1_AR,ICBHI_118,1,ICBHI,Litt3200,0.9912548183179648,2
ICBHI_118_1b1_AR_002,ICBHI_118_1b1_AR,ICBHI_118,1,ICBHI,Litt3200,0.9929335990367508,2
ICBHI_118_1b1_AR_003,ICBHI_118_1b1_AR,ICBHI_118,1,ICBHI,Litt3200,0.994202598745566,2
ICBHI_118_1b1_AR_004,ICBHI_118_1b1_AR,ICBHI_118,1,ICBHI,Litt3200,0.9906237625491514,2
ICBHI_118_1b1_AR_005,ICBHI_118_1b1_AR,ICBHI_118,1,ICBHI,Litt3200,0.973794586550466,2
ICBHI_118_1b1_LL_000,ICBHI_118_1b1_LL,ICBHI_118,1,ICBHI,Litt3200,0.9929335990367508,2
ICBHI_118_1b1_LL_001,ICBHI_118_1b1_LL,ICBHI_118,1,ICBHI,Litt3200,0.9930153500828656,2
ICBHI_118_1b1_LL_002,ICBHI_118_1b1_LL,ICBHI_118,1,ICBHI,Litt3200,0.994880323761938,2
ICBHI_118_1b1_LL_003,ICBHI_118_1b1_LL,ICBHI_118,1,ICBHI,Litt3200,0.9939730484115986,2
ICBHI_118_1b1_LR_000,ICBHI_118_1b1_LR,ICBHI_118,1,ICBHI,Litt3200,0.9930423911926236,2
ICBHI_118_1b1_LR_001,ICBHI_118_1b1_LR,ICBHI_118,1,ICBHI,Litt3200,0.995207683326861,2
ICBHI_118_1b1_LR_002,ICBHI_118_1b1_LR,ICBHI_118,1,ICBHI,Litt3200,0.9922744656025764,2
ICBHI_118_1b1_LR_003,ICBHI_118_1b1_LR,ICBHI_118,1,ICBHI,Litt3200,0.990253895947446,2
ICBHI_118_1b1_LR_004,ICBHI_118_1b1_LR,ICBHI_118,1,ICBHI,Litt3200,0.992481281938568,2
ICBHI_118_1b1_LR_005,ICBHI_118_1b1_LR,ICBHI_118,1,ICBHI,Litt3200,0.9921841112107114,2
ICBHI_118_1b1_LR_006,ICBHI_118_1b1_LR,ICBHI_118,1,ICBHI,Litt3200,0.993636426303936,2
ICBHI_118_1b1_PL_000,ICBHI_118_1b1_PL,ICBHI_118,1,ICBHI,Litt3200,0.98922327394992,2
ICBHI_118_1b1_PL_001,ICBHI_118_1b1_PL,ICBHI_118,1,ICBHI,Litt3200,0.991780306938032,2
ICBHI_118_1b1_PL_002,ICBHI_118_1b1_PL,ICBHI_118,1,ICBHI,Litt3200,0.9941346616392028,2
ICBHI_118_1b1_PR_000,ICBHI_118_1b1_PR,ICBHI_118,1,ICBHI,Litt3200,0.993255010457908,2
ICBHI_118_1b1_PR_001,ICBHI_118_1b1_PR,ICBHI_118,1,ICBHI,Litt3200,0.995094594294278,2
ICBHI_118_1b1_PR_002,ICBHI_118_1b1_PR,ICBHI_118,1,ICBHI,Litt3200,0.9922444632191524,2
ICBHI_125_1b1_TC_000,ICBHI_125_1b1_TC,ICBHI_125,0,ICBHI,Meditron,0.46317107058412,2
ICBHI_125_1b1_TC_001,ICBHI_125_1b1_TC,ICBHI_125,0,ICBHI,Meditron,0.1159607182539667,2
ICBHI_125_1b1_TC_002,ICBHI_125_1b1_TC,ICBHI_125,0,ICBHI,Meditron,0.0004288792182518,2
ICBHI_125_1b1_TC_003,ICBHI_125_1b1_TC,ICBHI_125,0,ICBHI,Meditron,0.0004765613104188,2
ICBHI_125_1b1_TC_004,ICBHI_125_1b1_TC,ICBHI_125,0,ICBHI,Meditron,0.0008899654984705,2
ICBHI_125_1b1_TC_005,ICBHI_125_1b1_TC,ICBHI_125,0,ICBHI,Meditron,0.0003275842978596,2
ICBHI_125_1b1_TC_006,ICBHI_125_1b1_TC,ICBHI_125,0,ICBHI,Meditron,0.0006287840192903,2
ICBHI_134_2b1_AL_000,ICBHI_134_2b1_AL,ICBHI_134,1,ICBHI,LittC2SE,0.9816303618907108,2
ICBHI_134_2b1_AL_001,ICBHI_134_2b1_AL,ICBHI_134,1,ICBHI,LittC2SE,0.9867771782476948,2
ICBHI_134_2b1_AL_002,ICBHI_134_2b1_AL,ICBHI_134,1,ICBHI,LittC2SE,0.9856629695759892,2
ICBHI_134_2b1_AL_003,ICBHI_134_2b1_AL,ICBHI_134,1,ICBHI,LittC2SE,0.9852713861502774,2
ICBHI_134_2b1_AL_004,ICBHI_134_2b1_AL,ICBHI_134,1,ICBHI,LittC2SE,0.9834704434423458,2
ICBHI_134_2b1_AL_005,ICBHI_134_2b1_AL,ICBHI_134,1,ICBHI,LittC2SE,0.9869292152258128,2
ICBHI_134_2b1_AL_006,ICBHI_134_2b1_AL,ICBHI_134,1,ICBHI,LittC2SE,0.9844563520692292,2
ICBHI_134_2b1_AR_000,ICBHI_134_2b1_AR,ICBHI_134,1,ICBHI,LittC2SE,0.9873750507184356,2
ICBHI_134_2b1_AR_001,ICBHI_134_2b1_AR,ICBHI_134,1,ICBHI,LittC2SE,0.99058741041239,2
ICBHI_134_2b1_AR_002,ICBHI_134_2b1_AR,ICBHI_134,1,ICBHI,LittC2SE,0.9862046355788148,2
ICBHI_134_2b1_AR_003,ICBHI_134_2b1_AR,ICBHI_134,1,ICBHI,LittC2SE,0.9846936454393052,2
ICBHI_134_2b1_AR_004,ICBHI_134_2b1_AR,ICBHI_134,1,ICBHI,LittC2SE,0.9845160126963748,2
ICBHI_134_2b1_AR_005,ICBHI_134_2b1_AR,ICBHI_134,1,ICBHI,LittC2SE,0.989510908740062,2
ICBHI_134_2b1_AR_006,ICBHI_134_2b1_AR,ICBHI_134,1,ICBHI,LittC2SE,0.9901782070803068,2
ICBHI_134_2b2_AL_000,ICBHI_134_2b2_AL,ICBHI_134,1,ICBHI,LittC2SE,0.9700702529745588,2
ICBHI_134_2b2_AL_001,ICBHI_134_2b2_AL,ICBHI_134,1,ICBHI,LittC2SE,0.9692660692486924,2
ICBHI_134_2b2_AL_002,ICBHI_134_2b2_AL,ICBHI_134,1,ICBHI,LittC2SE,0.9815244057904552,2
ICBHI_134_2b2_AL_003,ICBHI_134_2b2_AL,ICBHI_134,1,ICBHI,LittC2SE,0.9778411306440228,2
ICBHI_134_2b2_AL_004,ICBHI_134_2b2_AL,ICBHI_134,1,ICBHI,LittC2SE,0.974676939890233,2
ICBHI_134_2b2_AL_005,ICBHI_134_2b2_AL,ICBHI_134,1,ICBHI,LittC2SE,0.9785902297851472,2
ICBHI_134_2b2_AL_006,ICBHI_134_2b2_AL,ICBHI_134,1,ICBHI,LittC2SE,0.9853279650847626,2
ICBHI_134_2b2_AR_000,ICBHI_134_2b2_AR,ICBHI_134,1,ICBHI,LittC2SE,0.9867261125456144,2
ICBHI_134_2b2_AR_001,ICBHI_134_2b2_AR,ICBHI_134,1,ICBHI,LittC2SE,0.9866233967726228,2
ICBHI_134_2b2_AR_002,ICBHI_134_2b2_AR,ICBHI_134,1,ICBHI,LittC2SE,0.9839708526340988,2
ICBHI_134_2b2_AR_003,ICBHI_134_2b2_AR,ICBHI_134,1,ICBHI,LittC2SE,0.9826909042463318,2
ICBHI_134_2b2_AR_004,ICBHI_134_2b2_AR,ICBHI_134,1,ICBHI,LittC2SE,0.9865717452580314,2
ICBHI_134_2b2_AR_005,ICBHI_134_2b2_AR,ICBHI_134,1,ICBHI,LittC2SE,0.9876638995791304,2
ICBHI_134_2b2_AR_006,ICBHI_134_2b2_AR,ICBHI_134,1,ICBHI,LittC2SE,0.9878058669624096,2
ICBHI_134_2b3_AR_000,ICBHI_134_2b3_AR,ICBHI_134,1,ICBHI,LittC2SE,0.9815244057904552,2
ICBHI_134_2b3_AR_001,ICBHI_134_2b3_AR,ICBHI_134,1,ICBHI,LittC2SE,0.9831499205521024,2
ICBHI_134_2b3_AR_002,ICBHI_134_2b3_AR,ICBHI_134,1,ICBHI,LittC2SE,0.9860442896017269,2
ICBHI_134_2b3_AR_003,ICBHI_134_2b3_AR,ICBHI_134,1,ICBHI,LittC2SE,0.9863105223037256,2
ICBHI_134_2b3_AR_004,ICBHI_134_2b3_AR,ICBHI_134,1,ICBHI,LittC2SE,0.9835338249524974,2
ICBHI_134_2b3_AR_005,ICBHI_134_2b3_AR,ICBHI_134,1,ICBHI,LittC2SE,0.98504291340685,2
ICBHI_134_2b3_AR_006,ICBHI_134_2b3_AR,ICBHI_134,1,ICBHI,LittC2SE,0.9864678513445928,2
ICBHI_156_2b3_AL_000,ICBHI_156_2b3_AL,ICBHI_156,1,ICBHI,AKGC417L,0.9520418961921002,2
ICBHI_156_2b3_AL_001,ICBHI_156_2b3_AL,ICBHI_156,1,ICBHI,AKGC417L,0.964254189725945,2
ICBHI_156_2b3_AL_002,ICBHI_156_2b3_AL,ICBHI_156,1,ICBHI,AKGC417L,0.9617499409068964,2
ICBHI_156_2b3_AL_003,ICBHI_156_2b3_AL,ICBHI_156,1,ICBHI,AKGC417L,0.9678992932829918,2
ICBHI_156_2b3_AL_004,ICBHI_156_2b3_AL,ICBHI_156,1,ICBHI,AKGC417L,0.9531007418201308,2
ICBHI_156_2b3_AL_005,ICBHI_156_2b3_AL,ICBHI_156,1,ICBHI,AKGC417L,0.948058438498774,2
ICBHI_156_2b3_AL_006,ICBHI_156_2b3_AL,ICBHI_156,1,ICBHI,AKGC417L,0.958615281153156,2
ICBHI_156_2b3_AR_000,ICBHI_156_2b3_AR,ICBHI_156,1,ICBHI,AKGC417L,0.9917163731139697,2
ICBHI_156_2b3_AR_001,ICBHI_156_2b3_AR,ICBHI_156,1,ICBHI,AKGC417L,0.9896718474806948,2
ICBHI_156_2b3_AR_002,ICBHI_156_2b3_AR,ICBHI_156,1,ICBHI,AKGC417L,0.9870795269609208,2
ICBHI_156_2b3_AR_003,ICBHI_156_2b3_AR,ICBHI_156,1,ICBHI,AKGC417L,0.9840936082881852,2
ICBHI_156_2b3_AR_004,ICBHI_156_2b3_AR,ICBHI_156,1,ICBHI,AKGC417L,0.9876162153627396,2
ICBHI_156_2b3_AR_005,ICBHI_156_2b3_AR,ICBHI_156,1,ICBHI,AKGC417L,0.989947631342032,2
ICBHI_156_2b3_AR_006,ICBHI_156_2b3_AR,ICBHI_156,1,ICBHI,AKGC417L,0.988084978032852,2
ICBHI_156_2b3_LL_000,ICBHI_156_2b3_LL,ICBHI_156,1,ICBHI,AKGC417L,0.9739436957486152,2
ICBHI_156_2b3_LL_001,ICBHI_156_2b3_LL,ICBHI_156,1,ICBHI,AKGC417L,0.9852145923076094,2
ICBHI_156_2b3_LL_002,ICBHI_156_2b3_LL,ICBHI_156,1,ICBHI,AKGC417L,0.9804313244446876,2
ICBHI_156_2b3_LL_003,ICBHI_156_2b3_LL,ICBHI_156,1,ICBHI,AKGC417L,0.980949100414177,2
ICBHI_156_2b3_LL_004,ICBHI_156_2b3_LL,ICBHI_156,1,ICBHI,AKGC417L,0.9871292507842532,2
ICBHI_156_2b3_LL_005,ICBHI_156_2b3_LL,ICBHI_156,1,ICBHI,AKGC417L,0.9874720680072552,2
ICBHI_156_2b3_LL_006,ICBHI_156_2b3_LL,ICBHI_156,1,ICBHI,AKGC417L,0.9852145923076094,2
ICBHI_156_2b3_LR_000,ICBHI_156_2b3_LR,ICBHI_156,1,ICBHI,AKGC417L,0.967100958652035,2
ICBHI_156_2b3_LR_001,ICBHI_156_2b3_LR,ICBHI_156,1,ICBHI,AKGC417L,0.9685006196975564,2
ICBHI_156_2b3_LR_002,ICBHI_156_2b3_LR,ICBHI_156,1,ICBHI,AKGC417L,0.9459013026311742,2
ICBHI_156_2b3_LR_003,ICBHI_156_2b3_LR,ICBHI_156,1,ICBHI,AKGC417L,0.9383503740450254,2
ICBHI_156_2b3_LR_004,ICBHI_156_2b3_LR,ICBHI_156,1,ICBHI,AKGC417L,0.9531879687361164,2
ICBHI_156_2b3_LR_005,ICBHI_156_2b3_LR,ICBHI_156,1,ICBHI,AKGC417L,0.9630919338027948,2
ICBHI_156_2b3_LR_006,ICBHI_156_2b3_LR,ICBHI_156,1,ICBHI,AKGC417L,0.9635062337709722,2
ICBHI_156_2b3_PL_000,ICBHI_156_2b3_PL,ICBHI_156,1,ICBHI,AKGC417L,0.9872281325067136,2
ICBHI_156_2b3_PL_001,ICBHI_156_2b3_PL,ICBHI_156,1,ICBHI,AKGC417L,0.9886243997611625,2
ICBHI_156_2b3_PL_002,ICBHI_156_2b3_PL,ICBHI_156,1,ICBHI,AKGC417L,0.9877587247081928,2
ICBHI_156_2b3_PL_003,ICBHI_156_2b3_PL,ICBHI_156,1,ICBHI,AKGC417L,0.9890130573694068,2
ICBHI_156_2b3_PL_004,ICBHI_156_2b3_PL,ICBHI_156,1,ICBHI,AKGC417L,0.9897513980768414,2
ICBHI_156_2b3_PL_005,ICBHI_156_2b3_PL,ICBHI_156,1,ICBHI,AKGC417L,0.9882221573114804,2
ICBHI_156_2b3_PL_006,ICBHI_156_2b3_PL,ICBHI_156,1,ICBHI,AKGC417L,0.9863105223037256,2
ICBHI_156_2b3_PR_000,ICBHI_156_2b3_PR,ICBHI_156,1,ICBHI,AKGC417L,0.9780517462851324,2
ICBHI_156_2b3_PR_001,ICBHI_156_2b3_PR,ICBHI_156,1,ICBHI,AKGC417L,0.9730876959261984,2
ICBHI_156_2b3_PR_002,ICBHI_156_2b3_PR,ICBHI_156,1,ICBHI,AKGC417L,0.9825575152637948,2
ICBHI_156_2b3_PR_003,ICBHI_156_2b3_PR,ICBHI_156,1,ICBHI,AKGC417L,0.9829546827465642,2
ICBHI_156_2b3_PR_004,ICBHI_156_2b3_PR,ICBHI_156,1,ICBHI,AKGC417L,0.985772953896821,2
ICBHI_156_2b3_PR_005,ICBHI_156_2b3_PR,ICBHI_156,1,ICBHI,AKGC417L,0.9857180660748888,2
ICBHI_156_2b3_PR_006,ICBHI_156_2b3_PR,ICBHI_156,1,ICBHI,AKGC417L,0.9735442241838218,2
ICBHI_156_5b3_AL_000,ICBHI_156_5b3_AL,ICBHI_156,1,ICBHI,AKGC417L,0.9862576795040976,2
ICBHI_156_5b3_AL_001,ICBHI_156_5b3_AL,ICBHI_156,1,ICBHI,AKGC417L,0.9862576795040976,2
ICBHI_156_5b3_AL_002,ICBHI_156_5b3_AL,ICBHI_156,1,ICBHI,AKGC417L,0.985496420308618,2
ICBHI_156_5b3_AL_003,ICBHI_156_5b3_AL,ICBHI_156,1,ICBHI,AKGC417L,0.9873750507184356,2
ICBHI_156_5b3_AL_004,ICBHI_156_5b3_AL,ICBHI_156,1,ICBHI,AKGC417L,0.9896718474806948,2
ICBHI_156_5b3_AL_005,ICBHI_156_5b3_AL,ICBHI_156,1,ICBHI,AKGC417L,0.990216123982345,2
ICBHI_156_5b3_AL_006,ICBHI_156_5b3_AL,ICBHI_156,1,ICBHI,AKGC417L,0.9892648373909092,2
ICBHI_156_5b3_AR_000,ICBHI_156_5b3_AR,ICBHI_156,1,ICBHI,AKGC417L,0.9675331855246276,2
ICBHI_156_5b3_AR_001,ICBHI_156_5b3_AR,ICBHI_156,1,ICBHI,AKGC417L,0.95938322225612,2
ICBHI_156_5b3_AR_002,ICBHI_156_5b3_AR,ICBHI_156,1,ICBHI,AKGC417L,0.9567151548042914,2
ICBHI_156_5b3_AR_003,ICBHI_156_5b3_AR,ICBHI_156,1,ICBHI,AKGC417L,0.9582261192116938,2
ICBHI_156_5b3_AR_004,ICBHI_156_5b3_AR,ICBHI_156,1,ICBHI,AKGC417L,0.9715639669551474,2
ICBHI_156_5b3_AR_005,ICBHI_156_5b3_AR,ICBHI_156,1,ICBHI,AKGC417L,0.9664738375071954,2
ICBHI_156_5b3_AR_006,ICBHI_156_5b3_AR,ICBHI_156,1,ICBHI,AKGC417L,0.9733928914303028,2
ICBHI_156_5b3_LL_000,ICBHI_156_5b3_LL,ICBHI_156,1,ICBHI,AKGC417L,0.9773275621685958,2
ICBHI_156_5b3_LL_001,ICBHI_156_5b3_LL,ICBHI_156,1,ICBHI,AKGC417L,0.9776285401622384,2
ICBHI_156_5b3_LL_002,ICBHI_156_5b3_LL,ICBHI_156,1,ICBHI,AKGC417L,0.979155684383481,2
ICBHI_156_5b3_LL_003,ICBHI_156_5b3_LL,ICBHI_156,1,ICBHI,AKGC417L,0.978631112244824,2
ICBHI_156_5b3_LL_004,ICBHI_156_5b3_LL,ICBHI_156,1,ICBHI,AKGC417L,0.9819446650265006,2
ICBHI_156_5b3_LL_005,ICBHI_156_5b3_LL,ICBHI_156,1,ICBHI,AKGC417L,0.9837849698906836,2
ICBHI_156_5b3_LL_006,ICBHI_156_5b3_LL,ICBHI_156,1,ICBHI,AKGC417L,0.983847165177859,2
ICBHI_156_5b3_LR_000,ICBHI_156_5b3_LR,ICBHI_156,1,ICBHI,AKGC417L,0.9202179865359068,2
ICBHI_156_5b3_LR_001,ICBHI_156_5b3_LR,ICBHI_156,1,ICBHI,AKGC417L,0.9424007941334204,2
ICBHI_156_5b3_LR_002,ICBHI_156_5b3_LR,ICBHI_156,1,ICBHI,AKGC417L,0.9145963319978376,2
ICBHI_156_5b3_LR_003,ICBHI_156_5b3_LR,ICBHI_156,1,ICBHI,AKGC417L,0.9475754340373932,2
ICBHI_156_5b3_LR_004,ICBHI_156_5b3_LR,ICBHI_156,1,ICBHI,AKGC417L,0.9535353360498288,2
ICBHI_156_5b3_LR_005,ICBHI_156_5b3_LR,ICBHI_156,1,ICBHI,AKGC417L,0.9609517072737735,2
ICBHI_156_5b3_LR_006,ICBHI_156_5b3_LR,ICBHI_156,1,ICBHI,AKGC417L,0.9591542840900508,2
ICBHI_156_5b3_PL_000,ICBHI_156_5b3_PL,ICBHI_156,1,ICBHI,AKGC417L,0.9945519319148104,2
ICBHI_156_5b3_PL_001,ICBHI_156_5b3_PL,ICBHI_156,1,ICBHI,AKGC417L,0.9801672891959912,2
ICBHI_156_5b3_PL_002,ICBHI_156_5b3_PL,ICBHI_156,1,ICBHI,AKGC417L,0.9830200077626816,2
ICBHI_156_5b3_PL_003,ICBHI_156_5b3_PL,ICBHI_156,1,ICBHI,AKGC417L,0.975390071374038,2
ICBHI_156_5b3_PL_004,ICBHI_156_5b3_PL,ICBHI_156,1,ICBHI,AKGC417L,0.975154563105731,2
ICBHI_156_5b3_PL_005,ICBHI_156_5b3_PL,ICBHI_156,1,ICBHI,AKGC417L,0.9951136252099114,2
ICBHI_156_5b3_PL_006,ICBHI_156_5b3_PL,ICBHI_156,1,ICBHI,AKGC417L,0.994225070146556,2
ICBHI_156_5b3_PR_000,ICBHI_156_5b3_PR,ICBHI_156,1,ICBHI,AKGC417L,0.9860442896017269,2
ICBHI_156_5b3_PR_001,ICBHI_156_5b3_PR,ICBHI_156,1,ICBHI,AKGC417L,0.976129165047569,2
ICBHI_156_5b3_PR_002,ICBHI_156_5b3_PR,ICBHI_156,1,ICBHI,AKGC417L,0.976129165047569,2
ICBHI_156_5b3_PR_003,ICBHI_156_5b3_PR,ICBHI_156,1,ICBHI,AKGC417L,0.9871787857334058,2
ICBHI_156_5b3_PR_004,ICBHI_156_5b3_PR,ICBHI_156,1,ICBHI,AKGC417L,0.9871292507842532,2
ICBHI_156_5b3_PR_005,ICBHI_156_5b3_PR,ICBHI_156,1,ICBHI,AKGC417L,0.9780097803027992,2
ICBHI_156_5b3_PR_006,ICBHI_156_5b3_PR,ICBHI_156,1,ICBHI,AKGC417L,0.9846936454393052,2
ICBHI_156_8b3_AL_000,ICBHI_156_8b3_AL,ICBHI_156,1,ICBHI,AKGC417L,0.9835338249524974,2
ICBHI_156_8b3_AL_001,ICBHI_156_8b3_AL,ICBHI_156,1,ICBHI,AKGC417L,0.9840936082881852,2
ICBHI_156_8b3_AL_002,ICBHI_156_8b3_AL,ICBHI_156,1,ICBHI,AKGC417L,0.9673486215396556,2
ICBHI_156_8b3_AL_003,ICBHI_156_8b3_AL,ICBHI_156,1,ICBHI,AKGC417L,0.9735944821139187,2
ICBHI_156_8b3_AL_004,ICBHI_156_8b3_AL,ICBHI_156,1,ICBHI,AKGC417L,0.978093633973752,2
ICBHI_156_8b3_AL_005,ICBHI_156_8b3_AL,ICBHI_156,1,ICBHI,AKGC417L,0.9782604045723282,2
ICBHI_156_8b3_AL_006,ICBHI_156_8b3_AL,ICBHI_156,1,ICBHI,AKGC417L,0.9578334587487554,2
ICBHI_156_8b3_AR_000,ICBHI_156_8b3_AR,ICBHI_156,1,ICBHI,AKGC417L,0.9867261125456144,2
ICBHI_156_8b3_AR_001,ICBHI_156_8b3_AR,ICBHI_156,1,ICBHI,AKGC417L,0.985882106574795,2
ICBHI_156_8b3_AR_002,ICBHI_156_8b3_AR,ICBHI_156,1,ICBHI,AKGC417L,0.9884473296647792,2
ICBHI_156_8b3_AR_003,ICBHI_156_8b3_AR,ICBHI_156,1,ICBHI,AKGC417L,0.9889278398167658,2
ICBHI_156_8b3_AR_004,ICBHI_156_8b3_AR,ICBHI_156,1,ICBHI,AKGC417L,0.9865198970247336,2
ICBHI_156_8b3_AR_005,ICBHI_156_8b3_AR,ICBHI_156,1,ICBHI,AKGC417L,0.985990433713597,2
ICBHI_156_8b3_AR_006,ICBHI_156_8b3_AR,ICBHI_156,1,ICBHI,AKGC417L,0.9866233967726228,2
ICBHI_156_8b3_LL_000,ICBHI_156_8b3_LL,ICBHI_156,1,ICBHI,AKGC417L,0.9723097416304984,2
ICBHI_156_8b3_LL_001,ICBHI_156_8b3_LL,ICBHI_156,1,ICBHI,AKGC417L,0.9791157841059936,2
ICBHI_156_8b3_LL_002,ICBHI_156_8b3_LL,ICBHI_156,1,ICBHI,AKGC417L,0.9816303618907108,2
ICBHI_156_8b3_LL_003,ICBHI_156_8b3_LL,ICBHI_156,1,ICBHI,AKGC417L,0.979899764423248,2
ICBHI_156_8b3_LL_004,ICBHI_156_8b3_LL,ICBHI_156,1,ICBHI,AKGC417L,0.9818752792555312,2
ICBHI_156_8b3_LL_005,ICBHI_156_8b3_LL,ICBHI_156,1,ICBHI,AKGC417L,0.9808392914980092,2
ICBHI_156_8b3_LL_006,ICBHI_156_8b3_LL,ICBHI_156,1,ICBHI,AKGC417L,0.9810582921748148,2
ICBHI_156_8b3_LR_000,ICBHI_156_8b3_LR,ICBHI_156,1,ICBHI,AKGC417L,0.9873262643069668,2
ICBHI_156_8b3_LR_001,ICBHI_156_8b3_LR,ICBHI_156,1,ICBHI,AKGC417L,0.986878728873449,2
ICBHI_156_8b3_LR_002,ICBHI_156_8b3_LR,ICBHI_156,1,ICBHI,AKGC417L,0.9880389017501904,2
ICBHI_156_8b3_LR_003,ICBHI_156_8b3_LR,ICBHI_156,1,ICBHI,AKGC417L,0.988084978032852,2
ICBHI_156_8b3_LR_004,ICBHI_156_8b3_LR,ICBHI_156,1,ICBHI,AKGC417L,0.9881308789536604,2
ICBHI_156_8b3_LR_005,ICBHI_156_8b3_LR,ICBHI_156,1,ICBHI,AKGC417L,0.988357775835334,2
ICBHI_156_8b3_LR_006,ICBHI_156_8b3_LR,ICBHI_156,1,ICBHI,AKGC417L,0.985990433713597,2
ICBHI_156_8b3_PL_000,ICBHI_156_8b3_PL,ICBHI_156,1,ICBHI,AKGC417L,0.9852145923076094,2
ICBHI_156_8b3_PL_001,ICBHI_156_8b3_PL,ICBHI_156,1,ICBHI,AKGC417L,0.9848692716928064,2
ICBHI_156_8b3_PL_002,ICBHI_156_8b3_PL,ICBHI_156,1,ICBHI,AKGC417L,0.9842154389261902,2
ICBHI_156_8b3_PL_003,ICBHI_156_8b3_PL,ICBHI_156,1,ICBHI,AKGC417L,0.9852145923076094,2
ICBHI_156_8b3_PL_004,ICBHI_156_8b3_PL,ICBHI_156,1,ICBHI,AKGC417L,0.9837849698906836,2
ICBHI_156_8b3_PL_005,ICBHI_156_8b3_PL,ICBHI_156,1,ICBHI,AKGC417L,0.9866233967726228,2
ICBHI_156_8b3_PL_006,ICBHI_156_8b3_PL,ICBHI_156,1,ICBHI,AKGC417L,0.9895513745548832,2
ICBHI_159_1b1_AL_000,ICBHI_159_1b1_AL,ICBHI_159,0,ICBHI,Meditron,0.0002846224015752,2
ICBHI_159_1b1_AL_001,ICBHI_159_1b1_AL,ICBHI_159,0,ICBHI,Meditron,0.0005770345289316,2
ICBHI_159_1b1_AL_002,ICBHI_159_1b1_AL,ICBHI_159,0,ICBHI,Meditron,0.00138852327569,2
ICBHI_159_1b1_AL_003,ICBHI_159_1b1_AL,ICBHI_159,0,ICBHI,Meditron,0.0006986756664856,2
ICBHI_159_1b1_AL_004,ICBHI_159_1b1_AL,ICBHI_159,0,ICBHI,Meditron,0.0043146879563626,2
ICBHI_159_1b1_AL_005,ICBHI_159_1b1_AL,ICBHI_159,0,ICBHI,Meditron,0.0022343624199449,2
ICBHI_159_1b1_AL_006,ICBHI_159_1b1_AL,ICBHI_159,0,ICBHI,Meditron,0.0008103873490573,2
ICBHI_159_1b1_AR_000,ICBHI_159_1b1_AR,ICBHI_159,0,ICBHI,Meditron,0.0810821138238939,2
ICBHI_159_1b1_AR_001,ICBHI_159_1b1_AR,ICBHI_159,0,ICBHI,Meditron,0.0059340668393836,2
ICBHI_159_1b1_AR_002,ICBHI_159_1b1_AR,ICBHI_159,0,ICBHI,Meditron,0.0006436856044842,2
ICBHI_159_1b1_AR_003,ICBHI_159_1b1_AR,ICBHI_159,0,ICBHI,Meditron,0.0004189484041041,2
ICBHI_159_1b1_AR_004,ICBHI_159_1b1_AR,ICBHI_159,0,ICBHI,Meditron,0.0003541936514549,2
ICBHI_159_1b1_AR_005,ICBHI_159_1b1_AR,ICBHI_159,0,ICBHI,Meditron,0.0016743993037101,2
ICBHI_159_1b1_AR_006,ICBHI_159_1b1_AR,ICBHI_159,0,ICBHI,Meditron,0.0022256708541151,2
ICBHI_159_1b1_LL_000,ICBHI_159_1b1_LL,ICBHI_159,0,ICBHI,Meditron,0.4536853946375325,2
ICBHI_159_1b1_LL_001,ICBHI_159_1b1_LL,ICBHI_159,0,ICBHI,Meditron,0.8137569775733345,2
ICBHI_159_1b1_LL_002,ICBHI_159_1b1_LL,ICBHI_159,0,ICBHI,Meditron,0.1021254751866758,2
ICBHI_159_1b1_LL_003,ICBHI_159_1b1_LL,ICBHI_159,0,ICBHI,Meditron,0.0162150301093162,2
ICBHI_159_1b1_LL_004,ICBHI_159_1b1_LL,ICBHI_159,0,ICBHI,Meditron,0.2910816142890706,2
ICBHI_159_1b1_LL_005,ICBHI_159_1b1_LL,ICBHI_159,0,ICBHI,Meditron,0.9739436957486152,2
ICBHI_159_1b1_LL_006,ICBHI_159_1b1_LL,ICBHI_159,0,ICBHI,Meditron,0.984810951192016,2
ICBHI_159_1b1_PR_000,ICBHI_159_1b1_PR,ICBHI_159,0,ICBHI,Meditron,0.1118218239124238,2
ICBHI_159_1b1_PR_001,ICBHI_159_1b1_PR,ICBHI_159,0,ICBHI,Meditron,0.0184048903892417,2
ICBHI_159_1b1_PR_002,ICBHI_159_1b1_PR,ICBHI_159,0,ICBHI,Meditron,0.0053225354511127,2
ICBHI_159_1b1_PR_003,ICBHI_159_1b1_PR,ICBHI_159,0,ICBHI,Meditron,0.0609751808649648,2
ICBHI_159_1b1_PR_004,ICBHI_159_1b1_PR,ICBHI_159,0,ICBHI,Meditron,0.6006569437713151,2
ICBHI_159_1b1_PR_005,ICBHI_159_1b1_PR,ICBHI_159,0,ICBHI,Meditron,0.8796645955620203,2
ICBHI_159_1b1_PR_006,ICBHI_159_1b1_PR,ICBHI_159,0,ICBHI,Meditron,0.9039745112122062,2
ICBHI_202_1b1_AR_000,ICBHI_202_1b1_AR,ICBHI_202,0,ICBHI,Meditron,0.0004029052092766,2
ICBHI_202_1b1_AR_001,ICBHI_202_1b1_AR,ICBHI_202,0,ICBHI,Meditron,0.0057749298534441,2
ICBHI_202_1b1_AR_002,ICBHI_202_1b1_AR,ICBHI_202,0,ICBHI,Meditron,0.0001866782155793,2
ICBHI_202_1b1_AR_003,ICBHI_202_1b1_AR,ICBHI_202,0,ICBHI,Meditron,0.0002182420552708,2
ICBHI_202_1b1_AR_004,ICBHI_202_1b1_AR,ICBHI_202,0,ICBHI,Meditron,0.0007350448316939,2
ICBHI_202_1b1_AR_005,ICBHI_202_1b1_AR,ICBHI_202,0,ICBHI,Meditron,0.0033766123817395,2
ICBHI_207_2b2_AL_000,ICBHI_207_2b2_AL,ICBHI_207,1,ICBHI,AKGC417L,0.9709643572583984,2
ICBHI_207_2b2_AL_001,ICBHI_207_2b2_AL,ICBHI_207,1,ICBHI,AKGC417L,0.9729852096621656,2
ICBHI_207_2b2_AL_002,ICBHI_207_2b2_AL,ICBHI_207,1,ICBHI,AKGC417L,0.9742394408803317,2
ICBHI_207_2b2_AL_003,ICBHI_207_2b2_AL,ICBHI_207,1,ICBHI,AKGC417L,0.9826243354907804,2
ICBHI_207_2b2_AL_004,ICBHI_207_2b2_AL,ICBHI_207,1,ICBHI,AKGC417L,0.9863105223037256,2
ICBHI_207_2b2_AL_005,ICBHI_207_2b2_AL,ICBHI_207,1,ICBHI,AKGC417L,0.971238412735002,2
ICBHI_207_2b2_AL_006,ICBHI_207_2b2_AL,ICBHI_207,1,ICBHI,AKGC417L,0.9871787857334058,2
ICBHI_207_2b2_AR_000,ICBHI_207_2b2_AR,ICBHI_207,1,ICBHI,AKGC417L,0.9844563520692292,2
ICBHI_207_2b2_AR_001,ICBHI_207_2b2_AR,ICBHI_207,1,ICBHI,AKGC417L,0.9846346585586978,2
ICBHI_207_2b2_AR_002,ICBHI_207_2b2_AR,ICBHI_207,1,ICBHI,AKGC417L,0.9812029269218638,2
ICBHI_207_2b2_AR_003,ICBHI_207_2b2_AR,ICBHI_207,1,ICBHI,AKGC417L,0.9732915354985552,2
ICBHI_207_2b2_AR_004,ICBHI_207_2b2_AR,ICBHI_207,1,ICBHI,AKGC417L,0.9858276338086984,2
ICBHI_207_2b2_AR_005,ICBHI_207_2b2_AR,ICBHI_207,1,ICBHI,AKGC417L,0.965250375232816,2
ICBHI_207_2b2_AR_006,ICBHI_207_2b2_AR,ICBHI_207,1,ICBHI,AKGC417L,0.964788863578424,2
ICBHI_207_2b2_PL_000,ICBHI_207_2b2_PL,ICBHI_207,1,ICBHI,AKGC417L,0.9683812327313543,2
ICBHI_207_2b2_PL_001,ICBHI_207_2b2_PL,ICBHI_207,1,ICBHI,AKGC417L,0.9667888274293096,2
ICBHI_207_2b2_PL_002,ICBHI_207_2b2_PL,ICBHI_207,1,ICBHI,AKGC417L,0.9514137919629646,2
ICBHI_207_2b2_PL_003,ICBHI_207_2b2_PL,ICBHI_207,1,ICBHI,AKGC417L,0.9591542840900508,2
ICBHI_207_2b2_PL_004,ICBHI_207_2b2_PL,ICBHI_207,1,ICBHI,AKGC417L,0.9718325271427216,2
ICBHI_207_2b2_PL_005,ICBHI_207_2b2_PL,ICBHI_207,1,ICBHI,AKGC417L,0.9564718602835648,2
ICBHI_207_2b2_PL_006,ICBHI_207_2b2_PL,ICBHI_207,1,ICBHI,AKGC417L,0.9482504601248406,2
ICBHI_207_2b2_PR_000,ICBHI_207_2b2_PR,ICBHI_207,1,ICBHI,AKGC417L,0.983278856294558,2
ICBHI_207_2b2_PR_001,ICBHI_207_2b2_PR,ICBHI_207,1,ICBHI,AKGC417L,0.9845754479181588,2
ICBHI_207_2b2_PR_002,ICBHI_207_2b2_PR,ICBHI_207,1,ICBHI,AKGC417L,0.985384329899364,2
ICBHI_207_2b2_PR_003,ICBHI_207_2b2_PR,ICBHI_207,1,ICBHI,AKGC417L,0.983278856294558,2
ICBHI_207_2b2_PR_004,ICBHI_207_2b2_PR,ICBHI_207,1,ICBHI,AKGC417L,0.9829546827465642,2
ICBHI_207_2b2_PR_005,ICBHI_207_2b2_PR,ICBHI_207,1,ICBHI,AKGC417L,0.983342959990771,2
ICBHI_207_2b2_PR_006,ICBHI_207_2b2_PR,ICBHI_207,1,ICBHI,AKGC417L,0.9790357591818724,2
ICBHI_207_2b2_TC_000,ICBHI_207_2b2_TC,ICBHI_207,1,ICBHI,AKGC417L,0.983342959990771,2
ICBHI_207_2b2_TC_001,ICBHI_207_2b2_TC,ICBHI_207,1,ICBHI,AKGC417L,0.9820826552325288,2
ICBHI_207_2b2_TC_002,ICBHI_207_2b2_TC,ICBHI_207,1,ICBHI,AKGC417L,0.9832145101099364,2
ICBHI_207_2b2_TC_003,ICBHI_207_2b2_TC,ICBHI_207,1,ICBHI,AKGC417L,0.9832145101099364,2
ICBHI_207_2b2_TC_004,ICBHI_207_2b2_TC,ICBHI_207,1,ICBHI,AKGC417L,0.9832145101099364,2
ICBHI_207_2b2_TC_005,ICBHI_207_2b2_TC,ICBHI_207,1,ICBHI,AKGC417L,0.9851003567309808,2
ICBHI_207_2b2_TC_006,ICBHI_207_2b2_TC,ICBHI_207,1,ICBHI,AKGC417L,0.9260366251748192,2
ICBHI_207_2b3_AL_000,ICBHI_207_2b3_AL,ICBHI_207,1,ICBHI,AKGC417L,0.9559813501370537,2
ICBHI_207_2b3_AL_001,ICBHI_207_2b3_AL,ICBHI_207,1,ICBHI,AKGC417L,0.9574372713515004,2
ICBHI_207_2b3_AL_002,ICBHI_207_2b3_AL,ICBHI_207,1,ICBHI,AKGC417L,0.9689738206081602,2
ICBHI_207_2b3_AL_003,ICBHI_207_2b3_AL,ICBHI_207,1,ICBHI,AKGC417L,0.9669140216112958,2
ICBHI_207_2b3_AL_004,ICBHI_207_2b3_AL,ICBHI_207,1,ICBHI,AKGC417L,0.9502265513945876,2
ICBHI_207_2b3_AL_005,ICBHI_207_2b3_AL,ICBHI_207,1,ICBHI,AKGC417L,0.9312127108687196,2
ICBHI_207_2b3_AL_006,ICBHI_207_2b3_AL,ICBHI_207,1,ICBHI,AKGC417L,0.9753431444580398,2
ICBHI_207_2b3_AR_000,ICBHI_207_2b3_AR,ICBHI_207,1,ICBHI,AKGC417L,0.9389128927122936,2
ICBHI_207_2b3_AR_001,ICBHI_207_2b3_AR,ICBHI_207,1,ICBHI,AKGC417L,0.9602121916306376,2
ICBHI_207_2b3_AR_002,ICBHI_207_2b3_AR,ICBHI_207,1,ICBHI,AKGC417L,0.98504291340685,2
ICBHI_207_2b3_AR_003,ICBHI_207_2b3_AR,ICBHI_207,1,ICBHI,AKGC417L,0.9808759632491112,2
ICBHI_207_2b3_AR_004,ICBHI_207_2b3_AR,ICBHI_207,1,ICBHI,AKGC417L,0.9702962496606208,2
ICBHI_207_2b3_AR_005,ICBHI_207_2b3_AR,ICBHI_207,1,ICBHI,AKGC417L,0.9594592615365182,2
ICBHI_207_2b3_AR_006,ICBHI_207_2b3_AR,ICBHI_207,1,ICBHI,AKGC417L,0.9624619925347202,2
ICBHI_207_2b3_PL_000,ICBHI_207_2b3_PL,ICBHI_207,1,ICBHI,AKGC417L,0.9788748081040518,2
ICBHI_207_2b3_PL_001,ICBHI_207_2b3_PL,ICBHI_207,1,ICBHI,AKGC417L,0.9829546827465642,2
ICBHI_207_2b3_PL_002,ICBHI_207_2b3_PL,ICBHI_207,1,ICBHI,AKGC417L,0.9852713861502774,2
ICBHI_207_2b3_PL_003,ICBHI_207_2b3_PL,ICBHI_207,1,ICBHI,AKGC417L,0.9873750507184356,2
ICBHI_207_2b3_PL_004,ICBHI_207_2b3_PL,ICBHI_207,1,ICBHI,AKGC417L,0.9881308789536604,2
ICBHI_207_2b3_PL_005,ICBHI_207_2b3_PL,ICBHI_207,1,ICBHI,AKGC417L,0.9867771782476948,2
ICBHI_207_2b3_PL_006,ICBHI_207_2b3_PL,ICBHI_207,1,ICBHI,AKGC417L,0.9728823439906924,2
ICBHI_207_2b3_PR_000,ICBHI_207_2b3_PR,ICBHI_207,1,ICBHI,AKGC417L,0.9823555365894354,2
ICBHI_207_2b3_PR_001,ICBHI_207_2b3_PR,ICBHI_207,1,ICBHI,AKGC417L,0.9816303618907108,2
ICBHI_207_2b3_PR_002,ICBHI_207_2b3_PR,ICBHI_207,1,ICBHI,AKGC417L,0.9822196099268892,2
ICBHI_207_2b3_PR_003,ICBHI_207_2b3_PR,ICBHI_207,1,ICBHI,AKGC417L,0.9843363512883316,2
ICBHI_207_2b3_PR_004,ICBHI_207_2b3_PR,ICBHI_207,1,ICBHI,AKGC417L,0.9816655479104816,2
ICBHI_207_2b3_PR_005,ICBHI_207_2b3_PR,ICBHI_207,1,ICBHI,AKGC417L,0.9823555365894354,2
ICBHI_207_2b3_PR_006,ICBHI_207_2b3_PR,ICBHI_207,1,ICBHI,AKGC417L,0.9727273312024342,2
ICBHI_207_2b3_TC_000,ICBHI_207_2b3_TC,ICBHI_207,1,ICBHI,AKGC417L,0.9711290930537122,2
ICBHI_207_2b3_TC_001,ICBHI_207_2b3_TC,ICBHI_207,1,ICBHI,AKGC417L,0.944791312675938,2
ICBHI_207_2b3_TC_002,ICBHI_207_2b3_TC,ICBHI_207,1,ICBHI,AKGC417L,0.9705205917252118,2
ICBHI_207_2b3_TC_003,ICBHI_207_2b3_TC,ICBHI_207,1,ICBHI,AKGC417L,0.983596967483837,2
ICBHI_207_2b3_TC_004,ICBHI_207_2b3_TC,ICBHI_207,1,ICBHI,AKGC417L,0.9826909042463318,2
ICBHI_207_2b3_TC_005,ICBHI_207_2b3_TC,ICBHI_207,1,ICBHI,AKGC417L,0.9796287059913455,2
ICBHI_207_2b3_TC_006,ICBHI_207_2b3_TC,ICBHI_207,1,ICBHI,AKGC417L,0.9492946352021694,2
ICBHI_207_2b4_AL_000,ICBHI_207_2b4_AL,ICBHI_207,1,ICBHI,AKGC417L,0.9847524093785004,2
ICBHI_207_2b4_AL_001,ICBHI_207_2b4_AL,ICBHI_207,1,ICBHI,AKGC417L,0.9864678513445928,2
ICBHI_207_2b4_AL_002,ICBHI_207_2b4_AL,ICBHI_207,1,ICBHI,AKGC417L,0.98905542259902,2
ICBHI_207_2b4_AL_003,ICBHI_207_2b4_AL,ICBHI_207,1,ICBHI,AKGC417L,0.978343323718742,2
ICBHI_207_2b4_AL_004,ICBHI_207_2b4_AL,ICBHI_207,1,ICBHI,AKGC417L,0.9806919138043484,2
ICBHI_207_2b4_AL_005,ICBHI_207_2b4_AL,ICBHI_207,1,ICBHI,AKGC417L,0.9853279650847626,2
ICBHI_207_2b4_AL_006,ICBHI_207_2b4_AL,ICBHI_207,1,ICBHI,AKGC417L,0.9752961303267708,2
ICBHI_207_2b4_AR_000,ICBHI_207_2b4_AR,ICBHI_207,1,ICBHI,AKGC417L,0.9768023732674584,2
ICBHI_207_2b4_AR_001,ICBHI_207_2b4_AR,ICBHI_207,1,ICBHI,AKGC417L,0.9832145101099364,2
ICBHI_207_2b4_AR_002,ICBHI_207_2b4_AR,ICBHI_207,1,ICBHI,AKGC417L,0.9872281325067136,2
ICBHI_207_2b4_AR_003,ICBHI_207_2b4_AR,ICBHI_207,1,ICBHI,AKGC417L,0.9820137900379085,2
ICBHI_207_2b4_AR_004,ICBHI_207_2b4_AR,ICBHI_207,1,ICBHI,AKGC417L,0.9826909042463318,2
ICBHI_207_2b4_AR_005,ICBHI_207_2b4_AR,ICBHI_207,1,ICBHI,AKGC417L,0.9851575827657516,2
ICBHI_207_2b4_AR_006,ICBHI_207_2b4_AR,ICBHI_207,1,ICBHI,AKGC417L,0.9826243354907804,2
ICBHI_207_2b4_PL_000,ICBHI_207_2b4_PL,ICBHI_207,1,ICBHI,AKGC417L,0.9837849698906836,2
ICBHI_207_2b4_PL_001,ICBHI_207_2b4_PL,ICBHI_207,1,ICBHI,AKGC417L,0.9810219632882344,2
ICBHI_207_2b4_PL_002,ICBHI_207_2b4_PL,ICBHI_207,1,ICBHI,AKGC417L,0.9813821977381684,2
ICBHI_207_2b4_PL_003,ICBHI_207_2b4_PL,ICBHI_207,1,ICBHI,AKGC417L,0.9861513897844354,2
ICBHI_207_2b4_PL_004,ICBHI_207_2b4_PL,ICBHI_207,1,ICBHI,AKGC417L,0.9830850867332734,2
ICBHI_207_2b4_PL_005,ICBHI_207_2b4_PL,ICBHI_207,1,ICBHI,AKGC417L,0.979589692299694,2
ICBHI_207_2b4_PL_006,ICBHI_207_2b4_PL,ICBHI_207,1,ICBHI,AKGC417L,0.982423116732664,2
ICBHI_207_2b4_PR_000,ICBHI_207_2b4_PR,ICBHI_207,1,ICBHI,AKGC417L,0.9764905475924672,2
ICBHI_207_2b4_PR_001,ICBHI_207_2b4_PR,ICBHI_207,1,ICBHI,AKGC417L,0.9768465889071616,2
ICBHI_207_2b4_PR_002,ICBHI_207_2b4_PR,ICBHI_207,1,ICBHI,AKGC417L,0.978671918339908,2
ICBHI_207_2b4_PR_003,ICBHI_207_2b4_PR,ICBHI_207,1,ICBHI,AKGC417L,0.9793540692607816,2
ICBHI_207_2b4_PR_004,ICBHI_207_2b4_PR,ICBHI_207,1,ICBHI,AKGC417L,0.979745309435261,2
ICBHI_207_2b4_PR_005,ICBHI_207_2b4_PR,ICBHI_207,1,ICBHI,AKGC417L,0.977756332416123,2
ICBHI_207_2b4_PR_006,ICBHI_207_2b4_PR,ICBHI_207,1,ICBHI,AKGC417L,0.9780517462851324,2
ICBHI_207_2b4_TC_000,ICBHI_207_2b4_TC,ICBHI_207,1,ICBHI,AKGC417L,0.9643214491222696,2
ICBHI_207_2b4_TC_001,ICBHI_207_2b4_TC,ICBHI_207,1,ICBHI,AKGC417L,0.9609517072737735,2
ICBHI_207_2b4_TC_002,ICBHI_207_2b4_TC,ICBHI_207,1,ICBHI,AKGC417L,0.944587205618231,2
ICBHI_207_2b4_TC_003,ICBHI_207_2b4_TC,ICBHI_207,1,ICBHI,AKGC417L,0.9581478679075386,2
ICBHI_207_2b4_TC_004,ICBHI_207_2b4_TC,ICBHI_207,1,ICBHI,AKGC417L,0.9533619599768124,2
ICBHI_207_2b4_TC_005,ICBHI_207_2b4_TC,ICBHI_207,1,ICBHI,AKGC417L,0.975946447105574,2
ICBHI_207_2b4_TC_006,ICBHI_207_2b4_TC,ICBHI_207,1,ICBHI,AKGC417L,0.9801672891959912,2
ICBHI_207_3b2_AL_000,ICBHI_207_3b2_AL,ICBHI_207,1,ICBHI,AKGC417L,0.965250375232816,2
ICBHI_207_3b2_AL_001,ICBHI_207_3b2_AL,ICBHI_207,1,ICBHI,AKGC417L,0.9623206087688784,2
ICBHI_207_3b2_AL_002,ICBHI_207_3b2_AL,ICBHI_207,1,ICBHI,AKGC417L,0.972519307190418,2
ICBHI_207_3b2_AL_003,ICBHI_207_3b2_AL,ICBHI_207,1,ICBHI,AKGC417L,0.9757623652873698,2
ICBHI_207_3b2_AL_004,ICBHI_207_3b2_AL,ICBHI_207,1,ICBHI,AKGC417L,0.9718325271427216,2
ICBHI_207_3b2_AL_005,ICBHI_207_3b2_AL,ICBHI_207,1,ICBHI,AKGC417L,0.9650533028884728,2
ICBHI_207_3b2_AL_006,ICBHI_207_3b2_AL,ICBHI_207,1,ICBHI,AKGC417L,0.9755769099458927,2
ICBHI_207_3b2_AR_000,ICBHI_207_3b2_AR,ICBHI_207,1,ICBHI,AKGC417L,0.9767580751989804,2
ICBHI_207_3b2_AR_001,ICBHI_207_3b2_AR,ICBHI_207,1,ICBHI,AKGC417L,0.9704646607088953,2
ICBHI_207_3b2_AR_002,ICBHI_207_3b2_AR,ICBHI_207,1,ICBHI,AKGC417L,0.9686788827792144,2
ICBHI_207_3b2_AR_003,ICBHI_207_3b2_AR,ICBHI_207,1,ICBHI,AKGC417L,0.9763105287006256,2
ICBHI_207_3b2_AR_004,ICBHI_207_3b2_AR,ICBHI_207,1,ICBHI,AKGC417L,0.9596109312691484,2
ICBHI_207_3b2_AR_005,ICBHI_207_3b2_AR,ICBHI_207,1,ICBHI,AKGC417L,0.960657496735742,2
ICBHI_207_3b2_AR_006,ICBHI_207_3b2_AR,ICBHI_207,1,ICBHI,AKGC417L,0.96036116089903,2
ICBHI_207_3b2_LR_000,ICBHI_207_3b2_LR,ICBHI_207,1,ICBHI,AKGC417L,0.977967735887304,2
ICBHI_207_3b2_LR_001,ICBHI_207_3b2_LR,ICBHI_207,1,ICBHI,AKGC417L,0.9795506054513976,2
ICBHI_207_3b2_LR_002,ICBHI_207_3b2_LR,ICBHI_207,1,ICBHI,AKGC417L,0.9787938797980108,2
ICBHI_207_3b2_LR_003,ICBHI_207_3b2_LR,ICBHI_207,1,ICBHI,AKGC417L,0.9783846672373524,2
ICBHI_207_3b2_LR_004,ICBHI_207_3b2_LR,ICBHI_207,1,ICBHI,AKGC417L,0.978508235226327,2
ICBHI_207_3b2_LR_005,ICBHI_207_3b2_LR,ICBHI_207,1,ICBHI,AKGC417L,0.9792352612370644,2
ICBHI_207_3b2_LR_006,ICBHI_207_3b2_LR,ICBHI_207,1,ICBHI,AKGC417L,0.9790357591818724,2
ICBHI_207_3b2_PL_000,ICBHI_207_3b2_PL,ICBHI_207,1,ICBHI,AKGC417L,0.9796676466573412,2
ICBHI_207_3b2_PL_001,ICBHI_207_3b2_PL,ICBHI_207,1,ICBHI,AKGC417L,0.980318590959467,2
ICBHI_207_3b2_PL_002,ICBHI_207_3b2_PL,ICBHI_207,1,ICBHI,AKGC417L,0.9726754691350322,2
ICBHI_207_3b2_PL_003,ICBHI_207_3b2_PL,ICBHI_207,1,ICBHI,AKGC417L,0.9810945528586532,2
ICBHI_207_3b2_PL_004,ICBHI_207_3b2_PL,ICBHI_207,1,ICBHI,AKGC417L,0.9825575152637948,2
ICBHI_207_3b2_PL_005,ICBHI_207_3b2_PL,ICBHI_207,1,ICBHI,AKGC417L,0.9734434290045008,2
ICBHI_207_3b2_PL_006,ICBHI_207_3b2_PL,ICBHI_207,1,ICBHI,AKGC417L,0.9703524898536864,2
ICBHI_207_3b2_PR_000,ICBHI_207_3b2_PR,ICBHI_207,1,ICBHI,AKGC417L,0.9783019028763682,2
ICBHI_207_3b2_PR_001,ICBHI_207_3b2_PR,ICBHI_207,1,ICBHI,AKGC417L,0.9787126482065488,2
ICBHI_207_3b2_PR_002,ICBHI_207_3b2_PR,ICBHI_207,1,ICBHI,AKGC417L,0.9766692311915196,2
ICBHI_207_3b2_PR_003,ICBHI_207_3b2_PR,ICBHI_207,1,ICBHI,AKGC417L,0.975946447105574,2
ICBHI_207_3b2_PR_004,ICBHI_207_3b2_PR,ICBHI_207,1,ICBHI,AKGC417L,0.9772842436755208,2
ICBHI_207_3b2_PR_005,ICBHI_207_3b2_PR,ICBHI_207,1,ICBHI,AKGC417L,0.978834381794042,2
ICBHI_207_3b2_PR_006,ICBHI_207_3b2_PR,ICBHI_207,1,ICBHI,AKGC417L,0.977967735887304,2
ICBHI_207_3b2_TC_000,ICBHI_207_3b2_TC,ICBHI_207,1,ICBHI,AKGC417L,0.985496420308618,2
ICBHI_207_3b2_TC_001,ICBHI_207_3b2_TC,ICBHI_207,1,ICBHI,AKGC417L,0.985384329899364,2
ICBHI_207_3b2_TC_002,ICBHI_207_3b2_TC,ICBHI_207,1,ICBHI,AKGC417L,0.9805806518175514,2
ICBHI_207_3b2_TC_003,ICBHI_207_3b2_TC,ICBHI_207,1,ICBHI,AKGC417L,0.9858276338086984,2
ICBHI_207_3b2_TC_004,ICBHI_207_3b2_TC,ICBHI_207,1,ICBHI,AKGC417L,0.988357775835334,2
ICBHI_207_3b2_TC_005,ICBHI_207_3b2_TC,ICBHI_207,1,ICBHI,AKGC417L,0.984810951192016,2
ICBHI_207_3b2_TC_006,ICBHI_207_3b2_TC,ICBHI_207,1,ICBHI,AKGC417L,0.978093633973752,2
ICBHI_209_1b1_TC_000,ICBHI_209_1b1_TC,ICBHI_209,0,ICBHI,Meditron,0.0006641048094249,2
ICBHI_209_1b1_TC_001,ICBHI_209_1b1_TC,ICBHI_209,0,ICBHI,Meditron,0.0007733057081242,2
ICBHI_209_1b1_TC_002,ICBHI_209_1b1_TC,ICBHI_209,0,ICBHI,Meditron,0.0002694791555588,2
ICBHI_209_1b1_TC_003,ICBHI_209_1b1_TC,ICBHI_209,0,ICBHI,Meditron,0.0007824140590241,2
ICBHI_209_1b1_TC_004,ICBHI_209_1b1_TC,ICBHI_209,0,ICBHI,Meditron,0.0002824080779931,2
ICBHI_209_1b1_TC_005,ICBHI_209_1b1_TC,ICBHI_209,0,ICBHI,Meditron,0.0002002737667181,2
ICBHI_209_1b1_TC_006,ICBHI_209_1b1_TC,ICBHI_209,0,ICBHI,Meditron,0.0003697388703718,2
ICBHI_211_1p2_AR_000,ICBHI_211_1p2_AR,ICBHI_211,1,ICBHI,AKGC417L,0.979393523864564,2
ICBHI_211_1p2_AR_001,ICBHI_211_1p2_AR,ICBHI_211,1,ICBHI,AKGC417L,0.9581478679075386,2
ICBHI_211_1p2_AR_002,ICBHI_211_1p2_AR,ICBHI_211,1,ICBHI,AKGC417L,0.9543930566810525,2
ICBHI_211_1p2_AR_003,ICBHI_211_1p2_AR,ICBHI_211,1,ICBHI,AKGC417L,0.8902942261220291,2
ICBHI_211_1p2_AR_004,ICBHI_211_1p2_AR,ICBHI_211,1,ICBHI,AKGC417L,0.8936811302242426,2
ICBHI_211_1p2_AR_005,ICBHI_211_1p2_AR,ICBHI_211,1,ICBHI,AKGC417L,0.8775817402641964,2
ICBHI_211_1p2_AR_006,ICBHI_211_1p2_AR,ICBHI_211,1,ICBHI,AKGC417L,0.8178655971938159,2
ICBHI_211_1p2_PL_000,ICBHI_211_1p2_PL,ICBHI_211,1,ICBHI,AKGC417L,0.985882106574795,2
ICBHI_211_1p2_PL_001,ICBHI_211_1p2_PL,ICBHI_211,1,ICBHI,AKGC417L,0.9881308789536604,2
ICBHI_211_1p2_PL_002,ICBHI_211_1p2_PL,ICBHI_211,1,ICBHI,AKGC417L,0.9895916858989277,2
ICBHI_211_1p2_PL_003,ICBHI_211_1p2_PL,ICBHI_211,1,ICBHI,AKGC417L,0.9839091258071756,2
ICBHI_211_1p2_PL_004,ICBHI_211_1p2_PL,ICBHI_211,1,ICBHI,AKGC417L,0.9814534354878828,2
ICBHI_211_1p2_PL_005,ICBHI_211_1p2_PL,ICBHI_211,1,ICBHI,AKGC417L,0.9893474891602738,2
ICBHI_211_1p2_PL_006,ICBHI_211_1p2_PL,ICBHI_211,1,ICBHI,AKGC417L,0.9839708526340988,2
ICBHI_211_1p2_PR_000,ICBHI_211_1p2_PR,ICBHI_211,1,ICBHI,AKGC417L,0.9815951096107584,2
ICBHI_211_1p2_PR_001,ICBHI_211_1p2_PR,ICBHI_211,1,ICBHI,AKGC417L,0.9707987097542188,2
ICBHI_211_1p2_PR_002,ICBHI_211_1p2_PR,ICBHI_211,1,ICBHI,AKGC417L,0.9694979473172858,2
ICBHI_211_1p2_PR_003,ICBHI_211_1p2_PR,ICBHI_211,1,ICBHI,AKGC417L,0.980949100414177,2
ICBHI_211_1p2_PR_004,ICBHI_211_1p2_PR,ICBHI_211,1,ICBHI,AKGC417L,0.9782604045723282,2
ICBHI_211_1p2_PR_005,ICBHI_211_1p2_PR,ICBHI_211,1,ICBHI,AKGC417L,0.979745309435261,2
ICBHI_211_1p2_PR_006,ICBHI_211_1p2_PR,ICBHI_211,1,ICBHI,AKGC417L,0.9641193044741588,2
ICBHI_211_1p3_AR_000,ICBHI_211_1p3_AR,ICBHI_211,1,ICBHI,AKGC417L,0.9701834588562,2
ICBHI_211_1p3_AR_001,ICBHI_211_1p3_AR,ICBHI_211,1,ICBHI,AKGC417L,0.967100958652035,2
ICBHI_211_1p3_AR_002,ICBHI_211_1p3_AR,ICBHI_211,1,ICBHI,AKGC417L,0.6606104176951485,2
ICBHI_211_1p3_AR_003,ICBHI_211_1p3_AR,ICBHI_211,1,ICBHI,AKGC417L,0.7980294227064512,2
ICBHI_211_1p3_AR_004,ICBHI_211_1p3_AR,ICBHI_211,1,ICBHI,AKGC417L,0.956308939359532,2
ICBHI_211_1p3_AR_005,ICBHI_211_1p3_AR,ICBHI_211,1,ICBHI,AKGC417L,0.9760379759604948,2
ICBHI_211_1p3_AR_006,ICBHI_211_1p3_AR,ICBHI_211,1,ICBHI,AKGC417L,0.974964576461264,2
ICBHI_211_1p5_AR_000,ICBHI_211_1p5_AR,ICBHI_211,1,ICBHI,AKGC417L,0.97241471777321,2
ICBHI_211_1p5_AR_001,ICBHI_211_1p5_AR,ICBHI_211,1,ICBHI,AKGC417L,0.9768907222638488,2
ICBHI_211_1p5_AR_002,ICBHI_211_1p5_AR,ICBHI_211,1,ICBHI,AKGC417L,0.962602866405004,2
ICBHI_211_1p5_AR_003,ICBHI_211_1p5_AR,ICBHI_211,1,ICBHI,AKGC417L,0.9646559219424472,2
ICBHI_211_1p5_AR_004,ICBHI_211_1p5_AR,ICBHI_211,1,ICBHI,AKGC417L,0.9502265513945876,2
ICBHI_211_1p5_AR_005,ICBHI_211_1p5_AR,ICBHI_211,1,ICBHI,AKGC417L,0.968915048912056,2
ICBHI_211_1p5_AR_006,ICBHI_211_1p5_AR,ICBHI_211,1,ICBHI,AKGC417L,0.9591542840900508,2
ICBHI_211_2p2_TC_000,ICBHI_211_2p2_TC,ICBHI_211,1,ICBHI,AKGC417L,0.9559813501370537,2
ICBHI_211_2p2_TC_001,ICBHI_211_2p2_TC,ICBHI_211,1,ICBHI,AKGC417L,0.9566342012360932,2
ICBHI_211_2p2_TC_002,ICBHI_211_2p2_TC,ICBHI_211,1,ICBHI,AKGC417L,0.9801672891959912,2
ICBHI_211_2p2_TC_003,ICBHI_211_2p2_TC,ICBHI_211,1,ICBHI,AKGC417L,0.9808025508024198,2
ICBHI_211_2p2_TC_004,ICBHI_211_2p2_TC,ICBHI_211,1,ICBHI,AKGC417L,0.9285385081933416,2
ICBHI_211_2p2_TC_005,ICBHI_211_2p2_TC,ICBHI_211,1,ICBHI,AKGC417L,0.9024377762417778,2
ICBHI_211_2p2_TC_006,ICBHI_211_2p2_TC,ICBHI_211,1,ICBHI,AKGC417L,0.9438672242987702,2
ICBHI_211_2p3_TC_000,ICBHI_211_2p3_TC,ICBHI_211,1,ICBHI,AKGC417L,0.9912886155422944,2
ICBHI_211_2p3_TC_001,ICBHI_211_2p3_TC,ICBHI_211,1,ICBHI,AKGC417L,0.989510908740062,2
ICBHI_211_2p3_TC_002,ICBHI_211_2p3_TC,ICBHI_211,1,ICBHI,AKGC417L,0.8513358776401587,2
ICBHI_211_2p3_TC_003,ICBHI_211_2p3_TC,ICBHI_211,1,ICBHI,AKGC417L,0.9111797075998822,2
ICBHI_211_2p3_TC_004,ICBHI_211_2p3_TC,ICBHI_211,1,ICBHI,AKGC417L,0.8938665640830568,2
ICBHI_211_2p3_TC_005,ICBHI_211_2p3_TC,ICBHI_211,1,ICBHI,AKGC417L,0.8957052736689574,2
ICBHI_211_2p3_TC_006,ICBHI_211_2p3_TC,ICBHI_211,1,ICBHI,AKGC417L,0.9136765234137296,2
ICBHI_211_2p4_TC_000,ICBHI_211_2p4_TC,ICBHI_211,1,ICBHI,AKGC417L,0.943347574692026,2
ICBHI_211_2p4_TC_001,ICBHI_211_2p4_TC,ICBHI_211,1,ICBHI,AKGC417L,0.9773275621685958,2
ICBHI_211_2p4_TC_002,ICBHI_211_2p4_TC,ICBHI_211,1,ICBHI,AKGC417L,0.9815244057904552,2
ICBHI_211_2p4_TC_003,ICBHI_211_2p4_TC,ICBHI_211,1,ICBHI,AKGC417L,0.9804687614573544,2
ICBHI_211_2p4_TC_004,ICBHI_211_2p4_TC,ICBHI_211,1,ICBHI,AKGC417L,0.9806178087982642,2
ICBHI_211_2p4_TC_005,ICBHI_211_2p4_TC,ICBHI_211,1,ICBHI,AKGC417L,0.8964328436644923,2
ICBHI_211_2p4_TC_006,ICBHI_211_2p4_TC,ICBHI_211,1,ICBHI,AKGC417L,0.9528381329658232,2
ICBHI_212_2b2_TC_000,ICBHI_212_2b2_TC,ICBHI_212,1,ICBHI,LittC2SE,0.9895513745548832,2
ICBHI_212_2b2_TC_001,ICBHI_212_2b2_TC,ICBHI_212,1,ICBHI,LittC2SE,0.9886682464686384,2
ICBHI_212_2b2_TC_002,ICBHI_212_2b2_TC,ICBHI_212,1,ICBHI,LittC2SE,0.991049288563118,2
ICBHI_212_2b2_TC_003,ICBHI_212_2b2_TC,ICBHI_212,1,ICBHI,LittC2SE,0.9889705299774982,2
ICBHI_212_2b2_TC_004,ICBHI_212_2b2_TC,ICBHI_212,1,ICBHI,LittC2SE,0.988755439279336,2
ICBHI_212_2b2_TC_005,ICBHI_212_2b2_TC,ICBHI_212,1,ICBHI,LittC2SE,0.989908684514805,2
ICBHI_212_2b2_TC_006,ICBHI_212_2b2_TC,ICBHI_212,1,ICBHI,LittC2SE,0.98504291340685,2
ICBHI_220_1b1_TC_000,ICBHI_220_1b1_TC,ICBHI_220,1,ICBHI,LittC2SE,0.9861513897844354,2
ICBHI_220_1b1_TC_001,ICBHI_220_1b1_TC,ICBHI_220,1,ICBHI,LittC2SE,0.9874720680072552,2
ICBHI_220_1b1_TC_002,ICBHI_220_1b1_TC,ICBHI_220,1,ICBHI,LittC2SE,0.9859363729567544,2
ICBHI_220_1b1_TC_003,ICBHI_220_1b1_TC,ICBHI_220,1,ICBHI,LittC2SE,0.984810951192016,2
ICBHI_220_1b1_TC_004,ICBHI_220_1b1_TC,ICBHI_220,1,ICBHI,LittC2SE,0.9894295113796924,2
ICBHI_220_1b1_TC_005,ICBHI_220_1b1_TC,ICBHI_220,1,ICBHI,LittC2SE,0.9930153500828656,2
ICBHI_220_1b1_TC_006,ICBHI_220_1b1_TC,ICBHI_220,1,ICBHI,LittC2SE,0.9917163731139697,2
ICBHI_220_1b2_AL_000,ICBHI_220_1b2_AL,ICBHI_220,1,ICBHI,LittC2SE,0.99101457124744,2
ICBHI_220_1b2_AL_001,ICBHI_220_1b2_AL,ICBHI_220,1,ICBHI,LittC2SE,0.9861513897844354,2
ICBHI_220_1b2_AL_002,ICBHI_220_1b2_AL,ICBHI_220,1,ICBHI,LittC2SE,0.9813464782682386,2
ICBHI_220_1b2_AL_003,ICBHI_220_1b2_AL,ICBHI_220,1,ICBHI,LittC2SE,0.9839091258071756,2
ICBHI_220_1b2_AL_004,ICBHI_220_1b2_AL,ICBHI_220,1,ICBHI,LittC2SE,0.9868280501184434,2
ICBHI_220_1b2_AL_005,ICBHI_220_1b2_AL,ICBHI_220,1,ICBHI,LittC2SE,0.9878058669624096,2
ICBHI_220_1b2_AL_006,ICBHI_220_1b2_AL,ICBHI_220,1,ICBHI,LittC2SE,0.987992649452366,2
ICBHI_223_1b1_AL_000,ICBHI_223_1b1_AL,ICBHI_223,1,ICBHI,Meditron,0.9823555365894354,2
ICBHI_223_1b1_AL_001,ICBHI_223_1b1_AL,ICBHI_223,1,ICBHI,Meditron,0.9740919790859393,2
ICBHI_223_1b1_AL_002,ICBHI_223_1b1_AL,ICBHI_223,1,ICBHI,Meditron,0.9365176378735216,2
ICBHI_223_1b1_AL_003,ICBHI_223_1b1_AL,ICBHI_223,1,ICBHI,Meditron,0.9649873730532592,2
ICBHI_223_1b1_AL_004,ICBHI_223_1b1_AL,ICBHI_223,1,ICBHI,Meditron,0.9715099574136776,2
ICBHI_223_1b1_AL_005,ICBHI_223_1b1_AL,ICBHI_223,1,ICBHI,Meditron,0.9866233967726228,2
ICBHI_223_1b1_AL_006,ICBHI_223_1b1_AL,ICBHI_223,1,ICBHI,Meditron,0.982423116732664,2
ICBHI_223_1b1_AL_007,ICBHI_223_1b1_AL,ICBHI_223,1,ICBHI,Meditron,0.9803938171085806,2
ICBHI_223_1b1_AL_008,ICBHI_223_1b1_AL,ICBHI_223,1,ICBHI,Meditron,0.9795114453152562,2
ICBHI_223_1b1_AL_009,ICBHI_223_1b1_AL,ICBHI_223,1,ICBHI,Meditron,0.9653811611608242,2
ICBHI_223_1b1_AL_010,ICBHI_223_1b1_AL,ICBHI_223,1,ICBHI,Meditron,0.9567151548042914,2
ICBHI_223_1b1_AL_011,ICBHI_223_1b1_AL,ICBHI_223,1,ICBHI,Meditron,0.9843363512883316,2
ICBHI_223_1b1_AR_000,ICBHI_223_1b1_AR,ICBHI_223,1,ICBHI,Meditron,0.9880389017501904,2
ICBHI_223_1b1_AR_001,ICBHI_223_1b1_AR,ICBHI_223,1,ICBHI,Meditron,0.9789151588631022,2
ICBHI_223_1b1_AR_002,ICBHI_223_1b1_AR,ICBHI_223,1,ICBHI,Meditron,0.9743372944539102,2
ICBHI_223_1b1_AR_003,ICBHI_223_1b1_AR,ICBHI_223,1,ICBHI,Meditron,0.974676939890233,2
ICBHI_223_1b1_AR_004,ICBHI_223_1b1_AR,ICBHI_223,1,ICBHI,Meditron,0.9743372944539102,2
ICBHI_223_1b1_AR_005,ICBHI_223_1b1_AR,ICBHI_223,1,ICBHI,Meditron,0.9697281305754024,2
ICBHI_223_1b1_AR_006,ICBHI_223_1b1_AR,ICBHI_223,1,ICBHI,Meditron,0.984810951192016,2
ICBHI_223_1b1_AR_007,ICBHI_223_1b1_AR,ICBHI_223,1,ICBHI,Meditron,0.9826909042463318,2
ICBHI_223_1b1_AR_008,ICBHI_223_1b1_AR,ICBHI_223,1,ICBHI,Meditron,0.9832145101099364,2
ICBHI_223_1b1_AR_009,ICBHI_223_1b1_AR,ICBHI_223,1,ICBHI,Meditron,0.9860979413749408,2
ICBHI_223_1b1_AR_010,ICBHI_223_1b1_AR,ICBHI_223,1,ICBHI,Meditron,0.985990433713597,2
ICBHI_223_1b1_AR_011,ICBHI_223_1b1_AR,ICBHI_223,1,ICBHI,Meditron,0.9912208911330882,2
ICBHI_223_1b1_LL_000,ICBHI_223_1b1_LL,ICBHI_223,1,ICBHI,Meditron,0.9948403768236574,2
ICBHI_223_1b1_LL_001,ICBHI_223_1b1_LL,ICBHI_223,1,ICBHI,Meditron,0.9907319866190856,2
ICBHI_223_1b1_LL_002,ICBHI_223_1b1_LL,ICBHI_223,1,ICBHI,Meditron,0.972151549366048,2
ICBHI_223_1b1_LL_003,ICBHI_223_1b1_LL,ICBHI_223,1,ICBHI,Meditron,0.9860442896017269,2
ICBHI_223_1b1_LL_004,ICBHI_223_1b1_LL,ICBHI_223,1,ICBHI,Meditron,0.9924227587321393,2
ICBHI_223_1b1_LL_005,ICBHI_223_1b1_LL,ICBHI_223,1,ICBHI,Meditron,0.9926826025287876,2
ICBHI_223_1b1_LL_006,ICBHI_223_1b1_LL,ICBHI_223,1,ICBHI,Meditron,0.9567151548042914,2
ICBHI_223_1b1_LL_007,ICBHI_223_1b1_LL,ICBHI_223,1,ICBHI,Meditron,0.939802949839461,2
ICBHI_223_1b1_LL_008,ICBHI_223_1b1_LL,ICBHI_223,1,ICBHI,Meditron,0.965250375232816,2
ICBHI_223_1b1_LL_009,ICBHI_223_1b1_LL,ICBHI_223,1,ICBHI,Meditron,0.9380105434874444,2
ICBHI_223_1b1_LL_010,ICBHI_223_1b1_LL,ICBHI_223,1,ICBHI,Meditron,0.7431680086124811,2
ICBHI_223_1b1_LL_011,ICBHI_223_1b1_LL,ICBHI_223,1,ICBHI,Meditron,0.8856314738181876,2
ICBHI_223_1b1_LR_000,ICBHI_223_1b1_LR,ICBHI_223,1,ICBHI,Meditron,0.9879462204837636,2
ICBHI_223_1b1_LR_001,ICBHI_223_1b1_LR,ICBHI_223,1,ICBHI,Meditron,0.9915870224290224,2
ICBHI_223_1b1_LR_002,ICBHI_223_1b1_LR,ICBHI_223,1,ICBHI,Meditron,0.9907677855954636,2
ICBHI_223_1b1_LR_003,ICBHI_223_1b1_LR,ICBHI_223,1,ICBHI,Meditron,0.988841968751916,2
ICBHI_223_1b1_LR_004,ICBHI_223_1b1_LR,ICBHI_223,1,ICBHI,Meditron,0.9890976262707148,2
ICBHI_223_1b1_LR_005,ICBHI_223_1b1_LR,ICBHI_223,1,ICBHI,Meditron,0.9914886969734374,2
ICBHI_223_1b1_LR_006,ICBHI_223_1b1_LR,ICBHI_223,1,ICBHI,Meditron,0.9909096166863416,2
ICBHI_223_1b1_LR_007,ICBHI_223_1b1_LR,ICBHI_223,1,ICBHI,Meditron,0.9906960501316064,2
ICBHI_223_1b1_LR_008,ICBHI_223_1b1_LR,ICBHI_223,1,ICBHI,Meditron,0.9905142868292048,2
ICBHI_223_1b1_LR_009,ICBHI_223_1b1_LR,ICBHI_223,1,ICBHI,Meditron,0.9900635812940538,2
ICBHI_223_1b1_LR_010,ICBHI_223_1b1_LR,ICBHI_223,1,ICBHI,Meditron,0.9890976262707148,2
ICBHI_223_1b1_LR_011,ICBHI_223_1b1_LR,ICBHI_223,1,ICBHI,Meditron,0.983278856294558,2
ICBHI_223_1b1_PL_000,ICBHI_223_1b1_PL,ICBHI_223,1,ICBHI,Meditron,0.974386085430022,2
ICBHI_223_1b1_PL_001,ICBHI_223_1b1_PL,ICBHI_223,1,ICBHI,Meditron,0.9879462204837636,2
ICBHI_223_1b1_PL_002,ICBHI_223_1b1_PL,ICBHI_223,1,ICBHI,Meditron,0.9747251018697572,2
ICBHI_223_1b1_PL_003,ICBHI_223_1b1_PL,ICBHI_223,1,ICBHI,Meditron,0.9628132248397596,2
ICBHI_223_1b1_PL_004,ICBHI_223_1b1_PL,ICBHI_223,1,ICBHI,Meditron,0.9694401371418672,2
ICBHI_223_1b1_PL_005,ICBHI_223_1b1_PL,ICBHI_223,1,ICBHI,Meditron,0.9853279650847626,2
ICBHI_223_1b1_PL_006,ICBHI_223_1b1_PL,ICBHI_223,1,ICBHI,Meditron,0.9820826552325288,2
ICBHI_223_1b1_PL_007,ICBHI_223_1b1_PL,ICBHI_223,1,ICBHI,Meditron,0.9897513980768414,2
ICBHI_223_1b1_PL_008,ICBHI_223_1b1_PL,ICBHI_223,1,ICBHI,Meditron,0.9923933278354768,2
ICBHI_223_1b1_PL_009,ICBHI_223_1b1_PL,ICBHI_223,1,ICBHI,Meditron,0.9928785712542648,2
ICBHI_223_1b1_PL_010,ICBHI_223_1b1_PL,ICBHI_223,1,ICBHI,Meditron,0.9908743626108194,2
ICBHI_223_1b1_PL_011,ICBHI_223_1b1_PL,ICBHI_223,1,ICBHI,Meditron,0.9925103751011916,2
ICBHI_223_1b1_PR_000,ICBHI_223_1b1_PR,ICBHI_223,1,ICBHI,Meditron,0.9897909456811916,2
ICBHI_223_1b1_PR_001,ICBHI_223_1b1_PR,ICBHI_223,1,ICBHI,Meditron,0.9918437513730266,2
ICBHI_223_1b1_PR_002,ICBHI_223_1b1_PR,ICBHI_223,1,ICBHI,Meditron,0.9901782070803068,2
ICBHI_223_1b1_PR_003,ICBHI_223_1b1_PR,ICBHI_223,1,ICBHI,Meditron,0.98905542259902,2
ICBHI_223_1b1_PR_004,ICBHI_223_1b1_PR,ICBHI_223,1,ICBHI,Meditron,0.9913222832950108,2
ICBHI_223_1b1_PR_005,ICBHI_223_1b1_PR,ICBHI_223,1,ICBHI,Meditron,0.990659975614946,2
ICBHI_223_1b1_PR_006,ICBHI_223_1b1_PR,ICBHI_223,1,ICBHI,Meditron,0.9906960501316064,2
ICBHI_223_1b1_PR_007,ICBHI_223_1b1_PR,ICBHI_223,1,ICBHI,Meditron,0.990253895947446,2
ICBHI_223_1b1_PR_008,ICBHI_223_1b1_PR,ICBHI_223,1,ICBHI,Meditron,0.9893885786697612,2
ICBHI_223_1b1_PR_009,ICBHI_223_1b1_PR,ICBHI_223,1,ICBHI,Meditron,0.9898303422461272,2
ICBHI_223_1b1_PR_010,ICBHI_223_1b1_PR,ICBHI_223,1,ICBHI,Meditron,0.9881308789536604,2
ICBHI_223_1b1_PR_011,ICBHI_223_1b1_PR,ICBHI_223,1,ICBHI,Meditron,0.9893062422638244,2
ICBHI_104_1b1_AL_000,ICBHI_104_1b1_AL,ICBHI_104,1,ICBHI,Litt3200,0.9969721649754316,3
ICBHI_104_1b1_AL_001,ICBHI_104_1b1_AL,ICBHI_104,1,ICBHI,Litt3200,0.9973580531566688,3
ICBHI_104_1b1_AL_002,ICBHI_104_1b1_AL,ICBHI_104,1,ICBHI,Litt3200,0.9971990730328788,3
ICBHI_104_1b1_AL_003,ICBHI_104_1b1_AL,ICBHI_104,1,ICBHI,Litt3200,0.9979007265703336,3
ICBHI_104_1b1_AL_004,ICBHI_104_1b1_AL,ICBHI_104,1,ICBHI,Litt3200,0.9980581831133134,3
ICBHI_104_1b1_AR_000,ICBHI_104_1b1_AR,ICBHI_104,1,ICBHI,Litt3200,0.9969956569837995,3
ICBHI_104_1b1_AR_001,ICBHI_104_1b1_AR,ICBHI_104,1,ICBHI,Litt3200,0.9964619139429116,3
ICBHI_104_1b1_AR_002,ICBHI_104_1b1_AR,ICBHI_104,1,ICBHI,Litt3200,0.9968641641227172,3
ICBHI_104_1b1_AR_003,ICBHI_104_1b1_AR,ICBHI_104,1,ICBHI,Litt3200,0.9973269939672114,3
ICBHI_104_1b1_AR_004,ICBHI_104_1b1_AR,ICBHI_104,1,ICBHI,Litt3200,0.9974787316789544,3
ICBHI_104_1b1_AR_005,ICBHI_104_1b1_AR,ICBHI_104,1,ICBHI,Litt3200,0.9969484898370652,3
ICBHI_104_1b1_AR_006,ICBHI_104_1b1_AR,ICBHI_104,1,ICBHI,Litt3200,0.9973683260251156,3
ICBHI_104_1b1_AR_007,ICBHI_104_1b1_AR,ICBHI_104,1,ICBHI,Litt3200,0.9979007265703336,3
ICBHI_104_1b1_AR_008,ICBHI_104_1b1_AR,ICBHI_104,1,ICBHI,Litt3200,0.997649517139974,3
ICBHI_104_1b1_LL_000,ICBHI_104_1b1_LL,ICBHI_104,1,ICBHI,Litt3200,0.9963214910711244,3
ICBHI_104_1b1_LL_001,ICBHI_104_1b1_LL,ICBHI_104,1,ICBHI,Litt3200,0.99594566591324,3
ICBHI_104_1b1_LL_002,ICBHI_104_1b1_LL,ICBHI_104,1,ICBHI,Litt3200,0.9960392124697902,3
ICBHI_104_1b1_LL_003,ICBHI_104_1b1_LL,ICBHI_104,1,ICBHI,Litt3200,0.9959770900642708,3
ICBHI_104_1b1_LL_004,ICBHI_104_1b1_LL,ICBHI_104,1,ICBHI,Litt3200,0.9963071469612744,3
ICBHI_104_1b1_LL_005,ICBHI_104_1b1_LL,ICBHI_104,1,ICBHI,Litt3200,0.9976677660824128,3
ICBHI_104_1b1_LR_000,ICBHI_104_1b1_LR,ICBHI_104,1,ICBHI,Litt3200,0.995354442450284,3
ICBHI_104_1b1_LR_001,ICBHI_104_1b1_LR,ICBHI_104,1,ICBHI,Litt3200,0.9945940999219732,3
ICBHI_104_1b1_LR_002,ICBHI_104_1b1_LR,ICBHI_104,1,ICBHI,Litt3200,0.9952816307449724,3
ICBHI_104_1b1_LR_003,ICBHI_104_1b1_LR,ICBHI_104,1,ICBHI,Litt3200,0.9974885364861902,3
ICBHI_104_1b1_LR_004,ICBHI_104_1b1_LR,ICBHI_104,1,ICBHI,Litt3200,0.9980732653366724,3
ICBHI_104_1b1_PL_000,ICBHI_104_1b1_PL,ICBHI_104,1,ICBHI,Litt3200,0.9974885364861902,3
ICBHI_104_1b1_PL_001,ICBHI_104_1b1_PL,ICBHI_104,1,ICBHI,Litt3200,0.9976768374773688,3
ICBHI_104_1b1_PL_002,ICBHI_104_1b1_PL,ICBHI_104,1,ICBHI,Litt3200,0.9977038409935028,3
ICBHI_104_1b1_PL_003,ICBHI_104_1b1_PL,ICBHI_104,1,ICBHI,Litt3200,0.9977916112039098,3
ICBHI_104_1b1_PL_004,ICBHI_104_1b1_PL,ICBHI_104,1,ICBHI,Litt3200,0.9978842965994068,3
ICBHI_104_1b1_PL_005,ICBHI_104_1b1_PL,ICBHI_104,1,ICBHI,Litt3200,0.9974885364861902,3
ICBHI_104_1b1_PL_006,ICBHI_104_1b1_PL,ICBHI_104,1,ICBHI,Litt3200,0.9974490875787134,3
ICBHI_104_1b1_PL_007,ICBHI_104_1b1_PL,ICBHI_104,1,ICBHI,Litt3200,0.9976586593489524,3
ICBHI_104_1b1_PR_000,ICBHI_104_1b1_PR,ICBHI_104,1,ICBHI,Litt3200,0.9929061381210884,3
ICBHI_104_1b1_PR_001,ICBHI_104_1b1_PR,ICBHI_104,1,ICBHI,Litt3200,0.995668497979436,3
ICBHI_104_1b1_PR_002,ICBHI_104_1b1_PR,ICBHI_104,1,ICBHI,Litt3200,0.9968763514001466,3
ICBHI_104_1b1_PR_003,ICBHI_104_1b1_PR,ICBHI_104,1,ICBHI,Litt3200,0.9968641641227172,3
ICBHI_104_1b1_PR_004,ICBHI_104_1b1_PR,ICBHI_104,1,ICBHI,Litt3200,0.9975656179914948,3
ICBHI_104_1b1_PR_005,ICBHI_104_1b1_PR,ICBHI_104,1,ICBHI,Litt3200,0.9972208094414864,3
ICBHI_104_1b1_PR_006,ICBHI_104_1b1_PR,ICBHI_104,1,ICBHI,Litt3200,0.9970878217168856,3
ICBHI_104_1b1_PR_007,ICBHI_104_1b1_PR,ICBHI_104,1,ICBHI,Litt3200,0.9976403393179368,3
ICBHI_106_2b1_PL_000,ICBHI_106_2b1_PL,ICBHI_106,1,ICBHI,LittC2SE,0.9969005844844906,3
ICBHI_106_2b1_PL_001,ICBHI_106_2b1_PL,ICBHI_106,1,ICBHI,LittC2SE,0.9971104189822264,3
ICBHI_106_2b1_PL_002,ICBHI_106_2b1_PL,ICBHI_106,1,ICBHI,LittC2SE,0.9958820823560408,3
ICBHI_106_2b1_PL_003,ICBHI_106_2b1_PL,ICBHI_106,1,ICBHI,LittC2SE,0.9957353653078126,3
ICBHI_106_2b1_PL_004,ICBHI_106_2b1_PL,ICBHI_106,1,ICBHI,LittC2SE,0.9976125907901376,3
ICBHI_106_2b1_PL_005,ICBHI_106_2b1_PL,ICBHI_106,1,ICBHI,LittC2SE,0.9966884809397304,3
ICBHI_106_2b1_PL_006,ICBHI_106_2b1_PL,ICBHI_106,1,ICBHI,LittC2SE,0.9969126306542908,3
ICBHI_106_2b1_PR_000,ICBHI_106_2b1_PR,ICBHI_106,1,ICBHI,LittC2SE,0.990838973077906,3
ICBHI_106_2b1_PR_001,ICBHI_106_2b1_PR,ICBHI_106,1,ICBHI,LittC2SE,0.9892648373909092,3
ICBHI_106_2b1_PR_002,ICBHI_106_2b1_PR,ICBHI_106,1,ICBHI,LittC2SE,0.9939964042034284,3
ICBHI_106_2b1_PR_003,ICBHI_106_2b1_PR,ICBHI_106,1,ICBHI,LittC2SE,0.994698105130598,3
ICBHI_106_2b1_PR_004,ICBHI_106_2b1_PR,ICBHI_106,1,ICBHI,LittC2SE,0.9922444632191524,3
ICBHI_106_2b1_PR_005,ICBHI_106_2b1_PR,ICBHI_106,1,ICBHI,LittC2SE,0.9921232932834126,3
ICBHI_106_2b1_PR_006,ICBHI_106_2b1_PR,ICBHI_106,1,ICBHI,LittC2SE,0.993734466224161,3
ICBHI_120_1b1_AL_000,ICBHI_120_1b1_AL,ICBHI_120,1,ICBHI,Meditron,0.9908743626108194,3
ICBHI_120_1b1_AL_001,ICBHI_120_1b1_AL,ICBHI_120,1,ICBHI,Meditron,0.9923043528216078,3
ICBHI_120_1b1_AL_002,ICBHI_120_1b1_AL,ICBHI_120,1,ICBHI,Meditron,0.9904406006529084,3
ICBHI_120_1b1_AL_003,ICBHI_120_1b1_AL,ICBHI_120,1,ICBHI,Meditron,0.9939024378074248,3
ICBHI_120_1b1_AL_004,ICBHI_120_1b1_AL,ICBHI_120,1,ICBHI,Meditron,0.9951136252099114,3
ICBHI_120_1b1_AL_005,ICBHI_120_1b1_AL,ICBHI_120,1,ICBHI,Meditron,0.9935117304033434,3
ICBHI_120_1b1_AL_006,ICBHI_120_1b1_AL,ICBHI_120,1,ICBHI,Meditron,0.993461175022765,3
ICBHI_120_1b1_AL_007,ICBHI_120_1b1_AL,ICBHI_120,1,ICBHI,Meditron,0.9932024684496268,3
ICBHI_120_1b1_AL_008,ICBHI_120_1b1_AL,ICBHI_120,1,ICBHI,Meditron,0.9923043528216078,3
ICBHI_120_1b1_AL_009,ICBHI_120_1b1_AL,ICBHI_120,1,ICBHI,Meditron,0.989908684514805,3
ICBHI_120_1b1_AL_010,ICBHI_120_1b1_AL,ICBHI_120,1,ICBHI,Meditron,0.9928231180543432,3
ICBHI_120_1b1_AL_011,ICBHI_120_1b1_AL,ICBHI_120,1,ICBHI,Meditron,0.993461175022765,3
ICBHI_120_1b1_AL_012,ICBHI_120_1b1_AL,ICBHI_120,1,ICBHI,Meditron,0.9896318433492118,3
ICBHI_120_1b1_AL_013,ICBHI_120_1b1_AL,ICBHI_120,1,ICBHI,Meditron,0.9908034475769532,3
ICBHI_120_1b1_AL_014,ICBHI_120_1b1_AL,ICBHI_120,1,ICBHI,Meditron,0.9939964042034284,3
ICBHI_120_1b1_AL_015,ICBHI_120_1b1_AL,ICBHI_120,1,ICBHI,Meditron,0.9935368622818452,3
ICBHI_120_1b1_AL_016,ICBHI_120_1b1_AL,ICBHI_120,1,ICBHI,Meditron,0.9937100978631076,3
ICBHI_120_1b1_AL_017,ICBHI_120_1b1_AL,ICBHI_120,1,ICBHI,Meditron,0.9898303422461272,3
ICBHI_120_1b1_AL_018,ICBHI_120_1b1_AL,ICBHI_120,1,ICBHI,Meditron,0.9891396689867225,3
ICBHI_120_1b1_AL_019,ICBHI_120_1b1_AL,ICBHI_120,1,ICBHI,Meditron,0.9829546827465642,3
ICBHI_120_1b1_AL_020,ICBHI_120_1b1_AL,ICBHI_120,1,ICBHI,Meditron,0.9806548960854106,3
ICBHI_120_1b1_AL_021,ICBHI_120_1b1_AL,ICBHI_120,1,ICBHI,Meditron,0.9715639669551474,3
ICBHI_120_1b1_AL_022,ICBHI_120_1b1_AL,ICBHI_120,1,ICBHI,Meditron,0.9793540692607816,3
ICBHI_120_1b1_AL_023,ICBHI_120_1b1_AL,ICBHI_120,1,ICBHI,Meditron,0.9763105287006256,3
ICBHI_120_1b1_AL_024,ICBHI_120_1b1_AL,ICBHI_120,1,ICBHI,Meditron,0.9734434290045008,3
ICBHI_120_1b1_AR_000,ICBHI_120_1b1_AR,ICBHI_120,1,ICBHI,Meditron,0.9912208911330882,3
ICBHI_120_1b1_AR_001,ICBHI_120_1b1_AR,ICBHI_120,1,ICBHI,Meditron,0.9868280501184434,3
ICBHI_120_1b1_AR_002,ICBHI_120_1b1_AR,ICBHI_120,1,ICBHI,Meditron,0.9886243997611625,3
ICBHI_120_1b1_AR_003,ICBHI_120_1b1_AR,ICBHI_120,1,ICBHI,Meditron,0.9893474891602738,3
ICBHI_120_1b1_AR_004,ICBHI_120_1b1_AR,ICBHI_120,1,ICBHI,Meditron,0.99058741041239,3
ICBHI_120_1b1_AR_005,ICBHI_120_1b1_AR,ICBHI_120,1,ICBHI,Meditron,0.9922444632191524,3
ICBHI_120_1b1_AR_006,ICBHI_120_1b1_AR,ICBHI_120,1,ICBHI,Meditron,0.9923637835053328,3
ICBHI_120_1b1_AR_007,ICBHI_120_1b1_AR,ICBHI_120,1,ICBHI,Meditron,0.991118324899153,3
ICBHI_120_1b1_AR_008,ICBHI_120_1b1_AR,ICBHI_120,1,ICBHI,Meditron,0.9898695883364156,3
ICBHI_120_1b1_AR_009,ICBHI_120_1b1_AR,ICBHI_120,1,ICBHI,Meditron,0.9904406006529084,3
ICBHI_120_1b1_AR_010,ICBHI_120_1b1_AR,ICBHI_120,1,ICBHI,Meditron,0.9905142868292048,3
ICBHI_120_1b1_AR_011,ICBHI_120_1b1_AR,ICBHI_120,1,ICBHI,Meditron,0.9893062422638244,3
ICBHI_120_1b1_AR_012,ICBHI_120_1b1_AR,ICBHI_120,1,ICBHI,Meditron,0.9862046355788148,3
ICBHI_120_1b1_AR_013,ICBHI_120_1b1_AR,ICBHI_120,1,ICBHI,Meditron,0.9839708526340988,3
ICBHI_120_1b1_AR_014,ICBHI_120_1b1_AR,ICBHI_120,1,ICBHI,Meditron,0.9870296135626316,3
ICBHI_120_1b1_AR_015,ICBHI_120_1b1_AR,ICBHI_120,1,ICBHI,Meditron,0.9876638995791304,3
ICBHI_120_1b1_AR_016,ICBHI_120_1b1_AR,ICBHI_120,1,ICBHI,Meditron,0.9887119261007692,3
ICBHI_120_1b1_AR_017,ICBHI_120_1b1_AR,ICBHI_120,1,ICBHI,Meditron,0.98636316471857,3
ICBHI_120_1b1_AR_018,ICBHI_120_1b1_AR,ICBHI_120,1,ICBHI,Meditron,0.990216123982345,3
ICBHI_120_1b1_AR_019,ICBHI_120_1b1_AR,ICBHI_120,1,ICBHI,Meditron,0.9893062422638244,3
ICBHI_120_1b1_AR_020,ICBHI_120_1b1_AR,ICBHI_120,1,ICBHI,Meditron,0.9886682464686384,3
ICBHI_120_1b1_AR_021,ICBHI_120_1b1_AR,ICBHI_120,1,ICBHI,Meditron,0.9874236517231209,3
ICBHI_120_1b1_AR_022,ICBHI_120_1b1_AR,ICBHI_120,1,ICBHI,Meditron,0.9903663476405536,3
ICBHI_120_1b1_AR_023,ICBHI_120_1b1_AR,ICBHI_120,1,ICBHI,Meditron,0.9935368622818452,3
ICBHI_120_1b1_AR_024,ICBHI_120_1b1_AR,ICBHI_120,1,ICBHI,Meditron,0.9946567440438504,3
ICBHI_120_1b1_LR_000,ICBHI_120_1b1_LR,ICBHI_120,1,ICBHI,Meditron,0.99058741041239,3
ICBHI_120_1b1_LR_001,ICBHI_120_1b1_LR,ICBHI_120,1,ICBHI,Meditron,0.9924227587321393,3
ICBHI_120_1b1_LR_002,ICBHI_120_1b1_LR,ICBHI_120,1,ICBHI,Meditron,0.990291523518526,3
ICBHI_120_1b1_LR_003,ICBHI_120_1b1_LR,ICBHI_120,1,ICBHI,Meditron,0.993461175022765,3
ICBHI_120_1b1_LR_004,ICBHI_120_1b1_LR,ICBHI_120,1,ICBHI,Meditron,0.9930423911926236,3
ICBHI_120_1b1_LR_005,ICBHI_120_1b1_LR,ICBHI_120,1,ICBHI,Meditron,0.9915870224290224,3
ICBHI_120_1b1_LR_006,ICBHI_120_1b1_LR,ICBHI_120,1,ICBHI,Meditron,0.9935368622818452,3
ICBHI_120_1b1_LR_007,ICBHI_120_1b1_LR,ICBHI_120,1,ICBHI,Meditron,0.994202598745566,3
ICBHI_120_1b1_LR_008,ICBHI_120_1b1_LR,ICBHI_120,1,ICBHI,Meditron,0.9937587407701782,3
ICBHI_120_1b1_LR_009,ICBHI_120_1b1_LR,ICBHI_120,1,ICBHI,Meditron,0.9925682266657088,3
ICBHI_120_1b1_LR_010,ICBHI_120_1b1_LR,ICBHI_120,1,ICBHI,Meditron,0.9927391335017144,3
ICBHI_120_1b1_LR_011,ICBHI_120_1b1_LR,ICBHI_120,1,ICBHI,Meditron,0.9925969859111274,3
ICBHI_120_1b1_LR_012,ICBHI_120_1b1_LR,ICBHI_120,1,ICBHI,Meditron,0.9906237625491514,3
ICBHI_120_1b1_LR_013,ICBHI_120_1b1_LR,ICBHI_120,1,ICBHI,Meditron,0.9591542840900508,3
ICBHI_120_1b1_LR_014,ICBHI_120_1b1_LR,ICBHI_120,1,ICBHI,Meditron,0.9748690530618772,3
ICBHI_120_1b1_LR_015,ICBHI_120_1b1_LR,ICBHI_120,1,ICBHI,Meditron,0.9752961303267708,3
ICBHI_120_1b1_LR_016,ICBHI_120_1b1_LR,ICBHI_120,1,ICBHI,Meditron,0.9800912115412156,3
ICBHI_120_1b1_LR_017,ICBHI_120_1b1_LR,ICBHI_120,1,ICBHI,Meditron,0.9837225390872864,3
ICBHI_120_1b1_LR_018,ICBHI_120_1b1_LR,ICBHI_120,1,ICBHI,Meditron,0.991554373058874,3
ICBHI_120_1b1_LR_019,ICBHI_120_1b1_LR,ICBHI_120,1,ICBHI,Meditron,0.9921537607074792,3
ICBHI_120_1b1_LR_020,ICBHI_120_1b1_LR,ICBHI_120,1,ICBHI,Meditron,0.9800148480052566,3
ICBHI_120_1b1_LR_021,ICBHI_120_1b1_LR,ICBHI_120,1,ICBHI,Meditron,0.9893885786697612,3
ICBHI_120_1b1_LR_022,ICBHI_120_1b1_LR,ICBHI_120,1,ICBHI,Meditron,0.9945730566510748,3
ICBHI_120_1b1_LR_023,ICBHI_120_1b1_LR,ICBHI_120,1,ICBHI,Meditron,0.9933071490757152,3
ICBHI_120_1b1_LR_024,ICBHI_120_1b1_LR,ICBHI_120,1,ICBHI,Meditron,0.976129165047569,3
ICBHI_120_1b1_LR_025,ICBHI_120_1b1_LR,ICBHI_120,1,ICBHI,Meditron,0.9842760094722643,3
ICBHI_120_1b1_LR_026,ICBHI_120_1b1_LR,ICBHI_120,1,ICBHI,Meditron,0.987568349146814,3
ICBHI_120_1b1_LR_027,ICBHI_120_1b1_LR,ICBHI_120,1,ICBHI,Meditron,0.9925103751011916,3
ICBHI_120_1b1_LR_028,ICBHI_120_1b1_LR,ICBHI_120,1,ICBHI,Meditron,0.9940428462362504,3
ICBHI_120_1b1_LR_029,ICBHI_120_1b1_LR,ICBHI_120,1,ICBHI,Meditron,0.9945307254013008,3
ICBHI_120_1b1_LR_030,ICBHI_120_1b1_LR,ICBHI_120,1,ICBHI,Meditron,0.9893885786697612,3
ICBHI_120_1b1_LR_031,ICBHI_120_1b1_LR,ICBHI_120,1,ICBHI,Meditron,0.990403545267618,3
ICBHI_120_1b1_LR_032,ICBHI_120_1b1_LR,ICBHI_120,1,ICBHI,Meditron,0.9828232909876816,3
ICBHI_120_1b1_PL_000,ICBHI_120_1b1_PL,ICBHI_120,1,ICBHI,Meditron,0.9939260655591138,3
ICBHI_120_1b1_PL_001,ICBHI_120_1b1_PL,ICBHI_120,1,ICBHI,Meditron,0.994202598745566,3
ICBHI_120_1b1_PL_002,ICBHI_120_1b1_PL,ICBHI_120,1,ICBHI,Meditron,0.990659975614946,3
ICBHI_120_1b1_PL_003,ICBHI_120_1b1_PL,ICBHI_120,1,ICBHI,Meditron,0.9933588873579224,3
ICBHI_120_1b1_PL_004,ICBHI_120_1b1_PL,ICBHI_120,1,ICBHI,Meditron,0.9945730566510748,3
ICBHI_120_1b1_PL_005,ICBHI_120_1b1_PL,ICBHI_120,1,ICBHI,Meditron,0.99440175138534,3
ICBHI_120_1b1_PL_006,ICBHI_120_1b1_PL,ICBHI_120,1,ICBHI,Meditron,0.9946567440438504,3
ICBHI_120_1b1_PL_007,ICBHI_120_1b1_PL,ICBHI_120,1,ICBHI,Meditron,0.9944234551774076,3
ICBHI_120_1b1_PL_008,ICBHI_120_1b1_PL,ICBHI_120,1,ICBHI,Meditron,0.994225070146556,3
ICBHI_120_1b1_PL_009,ICBHI_120_1b1_PL,ICBHI_120,1,ICBHI,Meditron,0.9927952309111312,3
ICBHI_120_1b1_PL_010,ICBHI_120_1b1_PL,ICBHI_120,1,ICBHI,Meditron,0.9947391477427644,3
ICBHI_120_1b1_PL_011,ICBHI_120_1b1_PL,ICBHI_120,1,ICBHI,Meditron,0.9953724699521328,3
ICBHI_120_1b1_PL_012,ICBHI_120_1b1_PL,ICBHI_120,1,ICBHI,Meditron,0.984032346511204,3
ICBHI_120_1b1_PL_013,ICBHI_120_1b1_PL,ICBHI_120,1,ICBHI,Meditron,0.965250375232816,3
ICBHI_120_1b1_PL_014,ICBHI_120_1b1_PL,ICBHI_120,1,ICBHI,Meditron,0.9754836641728089,3
ICBHI_120_1b1_PL_015,ICBHI_120_1b1_PL,ICBHI_120,1,ICBHI,Meditron,0.956308939359532,3
ICBHI_120_1b1_PL_016,ICBHI_120_1b1_PL,ICBHI_120,1,ICBHI,Meditron,0.9796287059913455,3
ICBHI_120_1b1_PL_017,ICBHI_120_1b1_PL,ICBHI_120,1,ICBHI,Meditron,0.9779256128989756,3
ICBHI_120_1b1_PL_018,ICBHI_120_1b1_PL,ICBHI_120,1,ICBHI,Meditron,0.9585377272885904,3
ICBHI_120_1b1_PL_019,ICBHI_120_1b1_PL,ICBHI_120,1,ICBHI,Meditron,0.978671918339908,3
ICBHI_120_1b1_PL_020,ICBHI_120_1b1_PL,ICBHI_120,1,ICBHI,Meditron,0.9740919790859393,3
ICBHI_120_1b1_PL_021,ICBHI_120_1b1_PL,ICBHI_120,1,ICBHI,Meditron,0.9741903779656884,3
ICBHI_120_1b1_PL_022,ICBHI_120_1b1_PL,ICBHI_120,1,ICBHI,Meditron,0.979155684383481,3
ICBHI_120_1b1_PL_023,ICBHI_120_1b1_PL,ICBHI_120,1,ICBHI,Meditron,0.9745319170136324,3
ICBHI_120_1b1_PL_024,ICBHI_120_1b1_PL,ICBHI_120,1,ICBHI,Meditron,0.977197364031994,3
ICBHI_120_1b1_PR_000,ICBHI_120_1b1_PR,ICBHI_120,1,ICBHI,Meditron,0.95938322225612,3
ICBHI_120_1b1_PR_001,ICBHI_120_1b1_PR,ICBHI_120,1,ICBHI,Meditron,0.9741903779656884,3
ICBHI_120_1b1_PR_002,ICBHI_120_1b1_PR,ICBHI_120,1,ICBHI,Meditron,0.7567173056632309,3
ICBHI_120_1b1_PR_003,ICBHI_120_1b1_PR,ICBHI_120,1,ICBHI,Meditron,0.9280183729876292,3
ICBHI_120_1b1_PR_004,ICBHI_120_1b1_PR,ICBHI_120,1,ICBHI,Meditron,0.967100958652035,3
ICBHI_120_1b1_PR_005,ICBHI_120_1b1_PR,ICBHI_120,1,ICBHI,Meditron,0.915356041864219,3
ICBHI_120_1b1_PR_006,ICBHI_120_1b1_PR,ICBHI_120,1,ICBHI,Meditron,0.9293122085569836,3
ICBHI_120_1b1_PR_007,ICBHI_120_1b1_PR,ICBHI_120,1,ICBHI,Meditron,0.961893381187516,3
ICBHI_120_1b1_PR_008,ICBHI_120_1b1_PR,ICBHI_120,1,ICBHI,Meditron,0.9460011610004748,3
ICBHI_120_1b1_PR_009,ICBHI_120_1b1_PR,ICBHI_120,1,ICBHI,Meditron,0.906983195331138,3
ICBHI_120_1b1_PR_010,ICBHI_120_1b1_PR,ICBHI_120,1,ICBHI,Meditron,0.9516839297321508,3
ICBHI_120_1b1_PR_011,ICBHI_120_1b1_PR,ICBHI_120,1,ICBHI,Meditron,0.8842393539373058,3
ICBHI_120_1b1_PR_012,ICBHI_120_1b1_PR,ICBHI_120,1,ICBHI,Meditron,0.5760054410355633,3
ICBHI_120_1b1_PR_013,ICBHI_120_1b1_PR,ICBHI_120,1,ICBHI,Meditron,0.9827572224423472,3
ICBHI_120_1b1_PR_014,ICBHI_120_1b1_PR,ICBHI_120,1,ICBHI,Meditron,0.9884473296647792,3
ICBHI_120_1b1_PR_015,ICBHI_120_1b1_PR,ICBHI_120,1,ICBHI,Meditron,0.9824904426504252,3
ICBHI_120_1b1_PR_016,ICBHI_120_1b1_PR,ICBHI_120,1,ICBHI,Meditron,0.9650533028884728,3
ICBHI_120_1b1_PR_017,ICBHI_120_1b1_PR,ICBHI_120,1,ICBHI,Meditron,0.9789151588631022,3
ICBHI_120_1b1_PR_018,ICBHI_120_1b1_PR,ICBHI_120,1,ICBHI,Meditron,0.9726754691350322,3
ICBHI_120_1b1_PR_019,ICBHI_120_1b1_PR,ICBHI_120,1,ICBHI,Meditron,0.97369471946558,3
ICBHI_120_1b1_PR_020,ICBHI_120_1b1_PR,ICBHI_120,1,ICBHI,Meditron,0.9764456684220548,3
ICBHI_120_1b1_PR_021,ICBHI_120_1b1_PR,ICBHI_120,1,ICBHI,Meditron,0.9664738375071954,3
ICBHI_120_1b1_PR_022,ICBHI_120_1b1_PR,ICBHI_120,1,ICBHI,Meditron,0.9669140216112958,3
ICBHI_120_1b1_PR_023,ICBHI_120_1b1_PR,ICBHI_120,1,ICBHI,Meditron,0.9722571081173828,3
ICBHI_120_1b1_PR_024,ICBHI_120_1b1_PR,ICBHI_120,1,ICBHI,Meditron,0.9685006196975564,3
ICBHI_127_1b1_AR_000,ICBHI_127_1b1_AR,ICBHI_127,0,ICBHI,Meditron,2.732141252083673e-05,3
ICBHI_127_1b1_AR_001,ICBHI_127_1b1_AR,ICBHI_127,0,ICBHI,Meditron,2.468290440760729e-05,3
ICBHI_127_1b1_AR_002,ICBHI_127_1b1_AR,ICBHI_127,0,ICBHI,Meditron,3.120191139396651e-05,3
ICBHI_127_1b1_AR_003,ICBHI_127_1b1_AR,ICBHI_127,0,ICBHI,Meditron,5.144221374220898e-05,3
ICBHI_127_1b1_AR_004,ICBHI_127_1b1_AR,ICBHI_127,0,ICBHI,Meditron,5.144221374220898e-05,3
ICBHI_127_1b1_AR_005,ICBHI_127_1b1_AR,ICBHI_127,0,ICBHI,Meditron,2.931153855960119e-05,3
ICBHI_141_1b1_PR_000,ICBHI_141_1b1_PR,ICBHI_141,1,ICBHI,LittC2SE,0.9914886969734374,3
ICBHI_141_1b1_PR_001,ICBHI_141_1b1_PR,ICBHI_141,1,ICBHI,LittC2SE,0.992710922416408,3
ICBHI_141_1b1_PR_002,ICBHI_141_1b1_PR,ICBHI_141,1,ICBHI,LittC2SE,0.9927391335017144,3
ICBHI_141_1b1_PR_003,ICBHI_141_1b1_PR,ICBHI_141,1,ICBHI,LittC2SE,0.9929609544025984,3
ICBHI_141_1b1_PR_004,ICBHI_141_1b1_PR,ICBHI_141,1,ICBHI,LittC2SE,0.9925969859111274,3
ICBHI_141_1b1_PR_005,ICBHI_141_1b1_PR,ICBHI_141,1,ICBHI,LittC2SE,0.991118324899153,3
ICBHI_141_1b1_PR_006,ICBHI_141_1b1_PR,ICBHI_141,1,ICBHI,LittC2SE,0.9923637835053328,3
ICBHI_141_1b2_AR_000,ICBHI_141_1b2_AR,ICBHI_141,1,ICBHI,LittC2SE,0.9874720680072552,3
ICBHI_141_1b2_AR_001,ICBHI_141_1b2_AR,ICBHI_141,1,ICBHI,LittC2SE,0.9957187454592984,3
ICBHI_141_1b2_AR_002,ICBHI_141_1b2_AR,ICBHI_141,1,ICBHI,LittC2SE,0.9917163731139697,3
ICBHI_141_1b2_AR_003,ICBHI_141_1b2_AR,ICBHI_141,1,ICBHI,LittC2SE,0.9915870224290224,3
ICBHI_141_1b2_AR_004,ICBHI_141_1b2_AR,ICBHI_141,1,ICBHI,LittC2SE,0.996115523451234,3
ICBHI_141_1b2_AR_005,ICBHI_141_1b2_AR,ICBHI_141,1,ICBHI,LittC2SE,0.994269753485008,3
ICBHI_141_1b2_AR_006,ICBHI_141_1b2_AR,ICBHI_141,1,ICBHI,LittC2SE,0.9917484014309144,3
ICBHI_141_1b2_LR_000,ICBHI_141_1b2_LR,ICBHI_141,1,ICBHI,LittC2SE,0.9961755163553628,3
ICBHI_141_1b2_LR_001,ICBHI_141_1b2_LR,ICBHI_141,1,ICBHI,LittC2SE,0.9973060857980208,3
ICBHI_141_1b2_LR_002,ICBHI_141_1b2_LR,ICBHI_141,1,ICBHI,LittC2SE,0.997556113374818,3
ICBHI_141_1b2_LR_003,ICBHI_141_1b2_LR,ICBHI_141,1,ICBHI,LittC2SE,0.9972099623456692,3
ICBHI_141_1b2_LR_004,ICBHI_141_1b2_LR,ICBHI_141,1,ICBHI,LittC2SE,0.9976218762818836,3
ICBHI_141_1b2_LR_005,ICBHI_141_1b2_LR,ICBHI_141,1,ICBHI,LittC2SE,0.9956176633592692,3
ICBHI_141_1b2_LR_006,ICBHI_141_1b2_LR,ICBHI_141,1,ICBHI,LittC2SE,0.99771277239413,3
ICBHI_141_1b2_PR_000,ICBHI_141_1b2_PR,ICBHI_141,1,ICBHI,LittC2SE,0.9917484014309144,3
ICBHI_141_1b2_PR_001,ICBHI_141_1b2_PR,ICBHI_141,1,ICBHI,LittC2SE,0.9931760452132232,3
ICBHI_141_1b2_PR_002,ICBHI_141_1b2_PR,ICBHI_141,1,ICBHI,LittC2SE,0.9926256346917622,3
ICBHI_141_1b2_PR_003,ICBHI_141_1b2_PR,ICBHI_141,1,ICBHI,LittC2SE,0.9920620058985926,3
ICBHI_141_1b2_PR_004,ICBHI_141_1b2_PR,ICBHI_141,1,ICBHI,LittC2SE,0.9933071490757152,3
ICBHI_141_1b2_PR_005,ICBHI_141_1b2_PR,ICBHI_141,1,ICBHI,LittC2SE,0.9940428462362504,3
ICBHI_141_1b2_PR_006,ICBHI_141_1b2_PR,ICBHI_141,1,ICBHI,LittC2SE,0.9930423911926236,3
ICBHI_141_1b2_TC_000,ICBHI_141_1b2_TC,ICBHI_141,1,ICBHI,LittC2SE,0.9820826552325288,3
ICBHI_141_1b2_TC_001,ICBHI_141_1b2_TC,ICBHI_141,1,ICBHI,LittC2SE,0.9808759632491112,3
ICBHI_141_1b2_TC_002,ICBHI_141_1b2_TC,ICBHI_141,1,ICBHI,LittC2SE,0.9925682266657088,3
ICBHI_141_1b2_TC_003,ICBHI_141_1b2_TC,ICBHI_141,1,ICBHI,LittC2SE,0.9855521474663976,3
ICBHI_141_1b2_TC_004,ICBHI_141_1b2_TC,ICBHI_141,1,ICBHI,LittC2SE,0.982423116732664,3
ICBHI_141_1b2_TC_005,ICBHI_141_1b2_TC,ICBHI_141,1,ICBHI,LittC2SE,0.9908034475769532,3
ICBHI_141_1b2_TC_006,ICBHI_141_1b2_TC,ICBHI_141,1,ICBHI,LittC2SE,0.9905509186809448,3
ICBHI_141_1b3_AL_000,ICBHI_141_1b3_AL,ICBHI_141,1,ICBHI,LittC2SE,0.9871292507842532,3
ICBHI_141_1b3_AL_001,ICBHI_141_1b3_AL,ICBHI_141,1,ICBHI,LittC2SE,0.9969365831511966,3
ICBHI_141_1b3_AL_002,ICBHI_141_1b3_AL,ICBHI_141,1,ICBHI,LittC2SE,0.9952999394649492,3
ICBHI_141_1b3_AL_003,ICBHI_141_1b3_AL,ICBHI_141,1,ICBHI,LittC2SE,0.9965837211562298,3
ICBHI_141_1b3_AL_004,ICBHI_141_1b3_AL,ICBHI_141,1,ICBHI,LittC2SE,0.9959770900642708,3
ICBHI_141_1b3_AL_005,ICBHI_141_1b3_AL,ICBHI_141,1,ICBHI,LittC2SE,0.9958337438789612,3
ICBHI_141_1b3_AL_006,ICBHI_141_1b3_AL,ICBHI_141,1,ICBHI,LittC2SE,0.9961755163553628,3
ICBHI_141_1b3_AR_000,ICBHI_141_1b3_AR,ICBHI_141,1,ICBHI,LittC2SE,0.9840936082881852,3
ICBHI_141_1b3_AR_001,ICBHI_141_1b3_AR,ICBHI_141,1,ICBHI,LittC2SE,0.997556113374818,3
ICBHI_141_1b3_AR_002,ICBHI_141_1b3_AR,ICBHI_141,1,ICBHI,LittC2SE,0.9975080321463846,3
ICBHI_141_1b3_AR_003,ICBHI_141_1b3_AR,ICBHI_141,1,ICBHI,LittC2SE,0.9968763514001466,3
ICBHI_141_1b3_AR_004,ICBHI_141_1b3_AR,ICBHI_141,1,ICBHI,LittC2SE,0.9952262776092428,3
ICBHI_141_1b3_AR_005,ICBHI_141_1b3_AR,ICBHI_141,1,ICBHI,LittC2SE,0.9965837211562298,3
ICBHI_141_1b3_AR_006,ICBHI_141_1b3_AR,ICBHI_141,1,ICBHI,LittC2SE,0.9964063974185798,3
ICBHI_141_1b3_PR_000,ICBHI_141_1b3_PR,ICBHI_141,1,ICBHI,LittC2SE,0.9942474549497629,3
ICBHI_141_1b3_PR_001,ICBHI_141_1b3_PR,ICBHI_141,1,ICBHI,LittC2SE,0.9929609544025984,3
ICBHI_141_1b3_PR_002,ICBHI_141_1b3_PR,ICBHI_141,1,ICBHI,LittC2SE,0.9913892323324892,3
ICBHI_141_1b3_PR_003,ICBHI_141_1b3_PR,ICBHI_141,1,ICBHI,LittC2SE,0.9931228923417692,3
ICBHI_141_1b3_PR_004,ICBHI_141_1b3_PR,ICBHI_141,1,ICBHI,LittC2SE,0.9920311850466846,3
ICBHI_141_1b3_PR_005,ICBHI_141_1b3_PR,ICBHI_141,1,ICBHI,LittC2SE,0.993096161928778,3
ICBHI_141_1b3_PR_006,ICBHI_141_1b3_PR,ICBHI_141,1,ICBHI,LittC2SE,0.995336345047618,3
ICBHI_145_2b2_AL_000,ICBHI_145_2b2_AL,ICBHI_145,1,ICBHI,AKGC417L,0.9816655479104816,3
ICBHI_145_2b2_AL_001,ICBHI_145_2b2_AL,ICBHI_145,1,ICBHI,AKGC417L,0.9768465889071616,3
ICBHI_145_2b2_AL_002,ICBHI_145_2b2_AL,ICBHI_145,1,ICBHI,AKGC417L,0.9810219632882344,3
ICBHI_145_2b2_AL_003,ICBHI_145_2b2_AL,ICBHI_145,1,ICBHI,AKGC417L,0.988084978032852,3
ICBHI_145_2b2_AL_004,ICBHI_145_2b2_AL,ICBHI_145,1,ICBHI,AKGC417L,0.9868280501184434,3
ICBHI_145_2b2_AL_005,ICBHI_145_2b2_AL,ICBHI_145,1,ICBHI,AKGC417L,0.971401639453534,3
ICBHI_145_2b2_AL_006,ICBHI_145_2b2_AL,ICBHI_145,1,ICBHI,AKGC417L,0.9826243354907804,3
ICBHI_145_2b2_AR_000,ICBHI_145_2b2_AR,ICBHI_145,1,ICBHI,AKGC417L,0.9657706774216144,3
ICBHI_145_2b2_AR_001,ICBHI_145_2b2_AR,ICBHI_145,1,ICBHI,AKGC417L,0.9768465889071616,3
ICBHI_145_2b2_AR_002,ICBHI_145_2b2_AR,ICBHI_145,1,ICBHI,AKGC417L,0.9809125661798574,3
ICBHI_145_2b2_AR_003,ICBHI_145_2b2_AR,ICBHI_145,1,ICBHI,AKGC417L,0.979745309435261,3
ICBHI_145_2b2_AR_004,ICBHI_145_2b2_AR,ICBHI_145,1,ICBHI,AKGC417L,0.9846936454393052,3
ICBHI_145_2b2_AR_005,ICBHI_145_2b2_AR,ICBHI_145,1,ICBHI,AKGC417L,0.9837225390872864,3
ICBHI_145_2b2_AR_006,ICBHI_145_2b2_AR,ICBHI_145,1,ICBHI,AKGC417L,0.9884026381763672,3
ICBHI_145_2b2_LR_000,ICBHI_145_2b2_LR,ICBHI_145,1,ICBHI,AKGC417L,0.969670743015721,3
ICBHI_145_2b2_LR_001,ICBHI_145_2b2_LR,ICBHI_145,1,ICBHI,AKGC417L,0.9744347860767304,3
ICBHI_145_2b2_LR_002,ICBHI_145_2b2_LR,ICBHI_145,1,ICBHI,AKGC417L,0.971238412735002,3
ICBHI_145_2b2_LR_003,ICBHI_145_2b2_LR,ICBHI_145,1,ICBHI,AKGC417L,0.974386085430022,3
ICBHI_145_2b2_LR_004,ICBHI_145_2b2_LR,ICBHI_145,1,ICBHI,AKGC417L,0.9777987710969442,3
ICBHI_145_2b2_LR_005,ICBHI_145_2b2_LR,ICBHI_145,1,ICBHI,AKGC417L,0.981840488289738,3
ICBHI_145_2b2_LR_006,ICBHI_145_2b2_LR,ICBHI_145,1,ICBHI,AKGC417L,0.9773275621685958,3
ICBHI_145_2b2_PR_000,ICBHI_145_2b2_PR,ICBHI_145,1,ICBHI,AKGC417L,0.9830200077626816,3
ICBHI_145_2b2_PR_001,ICBHI_145_2b2_PR,ICBHI_145,1,ICBHI,AKGC417L,0.979745309435261,3
ICBHI_145_2b2_PR_002,ICBHI_145_2b2_PR,ICBHI_145,1,ICBHI,AKGC417L,0.9822196099268892,3
ICBHI_145_2b2_PR_003,ICBHI_145_2b2_PR,ICBHI_145,1,ICBHI,AKGC417L,0.9825575152637948,3
ICBHI_145_2b2_PR_004,ICBHI_145_2b2_PR,ICBHI_145,1,ICBHI,AKGC417L,0.9839091258071756,3
ICBHI_145_2b2_PR_005,ICBHI_145_2b2_PR,ICBHI_145,1,ICBHI,AKGC417L,0.983596967483837,3
ICBHI_145_2b2_PR_006,ICBHI_145_2b2_PR,ICBHI_145,1,ICBHI,AKGC417L,0.9823555365894354,3
ICBHI_145_3b2_AR_000,ICBHI_145_3b2_AR,ICBHI_145,1,ICBHI,AKGC417L,0.0255652139232695,3
ICBHI_145_3b2_AR_001,ICBHI_145_3b2_AR,ICBHI_145,1,ICBHI,AKGC417L,0.9577545043363116,3
ICBHI_145_3b2_AR_002,ICBHI_145_3b2_AR,ICBHI_145,1,ICBHI,AKGC417L,0.4855844405607753,3
ICBHI_145_3b2_AR_003,ICBHI_145_3b2_AR,ICBHI_145,1,ICBHI,AKGC417L,0.2225311369610065,3
ICBHI_145_3b2_AR_004,ICBHI_145_3b2_AR,ICBHI_145,1,ICBHI,AKGC417L,0.8914335771643437,3
ICBHI_145_3b2_AR_005,ICBHI_145_3b2_AR,ICBHI_145,1,ICBHI,AKGC417L,0.6456786481189632,3
ICBHI_145_3b2_AR_006,ICBHI_145_3b2_AR,ICBHI_145,1,ICBHI,AKGC417L,0.8891444050747391,3
ICBHI_145_3b2_LR_000,ICBHI_145_3b2_LR,ICBHI_145,1,ICBHI,AKGC417L,0.985772953896821,3
ICBHI_145_3b2_LR_001,ICBHI_145_3b2_LR,ICBHI_145,1,ICBHI,AKGC417L,0.9947391477427644,3
ICBHI_145_3b2_LR_002,ICBHI_145_3b2_LR,ICBHI_145,1,ICBHI,AKGC417L,0.9965837211562298,3
ICBHI_145_3b2_LR_003,ICBHI_145_3b2_LR,ICBHI_145,1,ICBHI,AKGC417L,0.9971990730328788,3
ICBHI_145_3b2_LR_004,ICBHI_145_3b2_LR,ICBHI_145,1,ICBHI,AKGC417L,0.9971990730328788,3
ICBHI_145_3b2_LR_005,ICBHI_145_3b2_LR,ICBHI_145,1,ICBHI,AKGC417L,0.9971550903350206,3
ICBHI_145_3b2_LR_006,ICBHI_145_3b2_LR,ICBHI_145,1,ICBHI,AKGC417L,0.9969126306542908,3
ICBHI_145_3b4_PL_000,ICBHI_145_3b4_PL,ICBHI_145,1,ICBHI,AKGC417L,0.979861259172271,3
ICBHI_145_3b4_PL_001,ICBHI_145_3b4_PL,ICBHI_145,1,ICBHI,AKGC417L,0.9841546388118628,3
ICBHI_145_3b4_PL_002,ICBHI_145_3b4_PL,ICBHI_145,1,ICBHI,AKGC417L,0.9831499205521024,3
ICBHI_145_3b4_PL_003,ICBHI_145_3b4_PL,ICBHI_145,1,ICBHI,AKGC417L,0.9796676466573412,3
ICBHI_145_3b4_PL_004,ICBHI_145_3b4_PL,ICBHI_145,1,ICBHI,AKGC417L,0.9818056317790944,3
ICBHI_145_3b4_PL_005,ICBHI_145_3b4_PL,ICBHI_145,1,ICBHI,AKGC417L,0.981840488289738,3
ICBHI_145_3b4_PL_006,ICBHI_145_3b4_PL,ICBHI_145,1,ICBHI,AKGC417L,0.9762200155633391,3
ICBHI_152_1b1_AL_000,ICBHI_152_1b1_AL,ICBHI_152,0,ICBHI,Meditron,0.0445975762273862,3
ICBHI_152_1b1_AL_001,ICBHI_152_1b1_AL,ICBHI_152,0,ICBHI,Meditron,0.0214917647736729,3
ICBHI_152_1b1_AL_002,ICBHI_152_1b1_AL,ICBHI_152,0,ICBHI,Meditron,0.172450401589645,3
ICBHI_152_1b1_AL_003,ICBHI_152_1b1_AL,ICBHI_152,0,ICBHI,Meditron,0.1254934465375634,3
ICBHI_152_1b1_AL_004,ICBHI_152_1b1_AL,ICBHI_152,0,ICBHI,Meditron,0.0038244836446372,3
ICBHI_152_1b1_AL_005,ICBHI_152_1b1_AL,ICBHI_152,0,ICBHI,Meditron,0.0708162018626349,3
ICBHI_152_1b1_AL_006,ICBHI_152_1b1_AL,ICBHI_152,0,ICBHI,Meditron,0.4406196895942805,3
ICBHI_154_1b3_AL_000,ICBHI_154_1b3_AL,ICBHI_154,1,ICBHI,AKGC417L,0.9921232932834126,3
ICBHI_154_1b3_AL_001,ICBHI_154_1b3_AL,ICBHI_154,1,ICBHI,AKGC417L,0.9886243997611625,3
ICBHI_154_1b3_AL_002,ICBHI_154_1b3_AL,ICBHI_154,1,ICBHI,AKGC417L,0.9884918509356968,3
ICBHI_154_1b3_AL_003,ICBHI_154_1b3_AL,ICBHI_154,1,ICBHI,AKGC417L,0.9924227587321393,3
ICBHI_154_1b3_AL_004,ICBHI_154_1b3_AL,ICBHI_154,1,ICBHI,AKGC417L,0.9947186660939475,3
ICBHI_154_1b3_AL_005,ICBHI_154_1b3_AL,ICBHI_154,1,ICBHI,AKGC417L,0.9940196700308718,3
ICBHI_154_1b3_AL_006,ICBHI_154_1b3_AL,ICBHI_154,1,ICBHI,AKGC417L,0.9914886969734374,3
ICBHI_154_1b3_AR_000,ICBHI_154_1b3_AR,ICBHI_154,1,ICBHI,AKGC417L,0.9954967275829107,3
ICBHI_154_1b3_AR_001,ICBHI_154_1b3_AR,ICBHI_154,1,ICBHI,AKGC417L,0.9957519209132611,3
ICBHI_154_1b3_AR_002,ICBHI_154_1b3_AR,ICBHI_154,1,ICBHI,AKGC417L,0.9960699144254948,3
ICBHI_154_1b3_AR_003,ICBHI_154_1b3_AR,ICBHI_154,1,ICBHI,AKGC417L,0.9963071469612744,3
ICBHI_154_1b3_AR_004,ICBHI_154_1b3_AR,ICBHI_154,1,ICBHI,AKGC417L,0.9958980707421328,3
ICBHI_154_1b3_AR_005,ICBHI_154_1b3_AR,ICBHI_154,1,ICBHI,AKGC417L,0.9967523235008112,3
ICBHI_154_1b3_AR_006,ICBHI_154_1b3_AR,ICBHI_154,1,ICBHI,AKGC417L,0.997042097231751,3
ICBHI_154_1b3_LL_000,ICBHI_154_1b3_LL,ICBHI_154,1,ICBHI,AKGC417L,0.990659975614946,3
ICBHI_154_1b3_LL_001,ICBHI_154_1b3_LL,ICBHI_154,1,ICBHI,AKGC417L,0.991083872947128,3
ICBHI_154_1b3_LL_002,ICBHI_154_1b3_LL,ICBHI_154,1,ICBHI,AKGC417L,0.9928508980334536,3
ICBHI_154_1b3_LL_003,ICBHI_154_1b3_LL,ICBHI_154,1,ICBHI,AKGC417L,0.9931228923417692,3
ICBHI_154_1b3_LL_004,ICBHI_154_1b3_LL,ICBHI_154,1,ICBHI,AKGC417L,0.994615062038222,3
ICBHI_154_1b3_LL_005,ICBHI_154_1b3_LL,ICBHI_154,1,ICBHI,AKGC417L,0.9942919660808864,3
ICBHI_154_1b3_LL_006,ICBHI_154_1b3_LL,ICBHI_154,1,ICBHI,AKGC417L,0.992767236196521,3
ICBHI_154_1b3_LR_000,ICBHI_154_1b3_LR,ICBHI_154,1,ICBHI,AKGC417L,0.9908743626108194,3
ICBHI_154_1b3_LR_001,ICBHI_154_1b3_LR,ICBHI_154,1,ICBHI,AKGC417L,0.9941573948247951,3
ICBHI_154_1b3_LR_002,ICBHI_154_1b3_LR,ICBHI_154,1,ICBHI,AKGC417L,0.9939024378074248,3
ICBHI_154_1b3_LR_003,ICBHI_154_1b3_LR,ICBHI_154,1,ICBHI,AKGC417L,0.9949001816970466,3
ICBHI_154_1b3_LR_004,ICBHI_154_1b3_LR,ICBHI_154,1,ICBHI,AKGC417L,0.9928508980334536,3
ICBHI_154_1b3_LR_005,ICBHI_154_1b3_LR,ICBHI_154,1,ICBHI,AKGC417L,0.9933071490757152,3
ICBHI_154_1b3_LR_006,ICBHI_154_1b3_LR,ICBHI_154,1,ICBHI,AKGC417L,0.9913222832950108,3
ICBHI_154_1b3_PL_000,ICBHI_154_1b3_PL,ICBHI_154,1,ICBHI,AKGC417L,0.9865717452580314,3
ICBHI_154_1b3_PL_001,ICBHI_154_1b3_PL,ICBHI_154,1,ICBHI,AKGC417L,0.9766692311915196,3
ICBHI_154_1b3_PL_002,ICBHI_154_1b3_PL,ICBHI_154,1,ICBHI,AKGC417L,0.9757623652873698,3
ICBHI_154_1b3_PL_003,ICBHI_154_1b3_PL,ICBHI_154,1,ICBHI,AKGC417L,0.9865717452580314,3
ICBHI_154_1b3_PL_004,ICBHI_154_1b3_PL,ICBHI_154,1,ICBHI,AKGC417L,0.9906237625491514,3
ICBHI_154_1b3_PL_005,ICBHI_154_1b3_PL,ICBHI_154,1,ICBHI,AKGC417L,0.9945730566510748,3
ICBHI_154_1b3_PL_006,ICBHI_154_1b3_PL,ICBHI_154,1,ICBHI,AKGC417L,0.9948603889024312,3
ICBHI_154_1b3_PR_000,ICBHI_154_1b3_PR,ICBHI_154,1,ICBHI,AKGC417L,0.9964342633376392,3
ICBHI_154_1b3_PR_001,ICBHI_154_1b3_PR,ICBHI_154,1,ICBHI,AKGC417L,0.990403545267618,3
ICBHI_154_1b3_PR_002,ICBHI_154_1b3_PR,ICBHI_154,1,ICBHI,AKGC417L,0.9928508980334536,3
ICBHI_154_1b3_PR_003,ICBHI_154_1b3_PR,ICBHI_154,1,ICBHI,AKGC417L,0.9951514669095514,3
ICBHI_154_1b3_PR_004,ICBHI_154_1b3_PR,ICBHI_154,1,ICBHI,AKGC417L,0.994615062038222,3
ICBHI_154_1b3_PR_005,ICBHI_154_1b3_PR,ICBHI_154,1,ICBHI,AKGC417L,0.9937829218577496,3
ICBHI_154_1b3_PR_006,ICBHI_154_1b3_PR,ICBHI_154,1,ICBHI,AKGC417L,0.9913892323324892,3
ICBHI_154_1b3_TC_000,ICBHI_154_1b3_TC,ICBHI_154,1,ICBHI,AKGC417L,0.988357775835334,3
ICBHI_154_1b3_TC_001,ICBHI_154_1b3_TC,ICBHI_154,1,ICBHI,AKGC417L,0.9873262643069668,3
ICBHI_154_1b3_TC_002,ICBHI_154_1b3_TC,ICBHI_154,1,ICBHI,AKGC417L,0.9890130573694068,3
ICBHI_154_1b3_TC_003,ICBHI_154_1b3_TC,ICBHI_154,1,ICBHI,AKGC417L,0.9893885786697612,3
ICBHI_154_1b3_TC_004,ICBHI_154_1b3_TC,ICBHI_154,1,ICBHI,AKGC417L,0.9919691867837398,3
ICBHI_154_1b3_TC_005,ICBHI_154_1b3_TC,ICBHI_154,1,ICBHI,AKGC417L,0.9906237625491514,3
ICBHI_154_1b3_TC_006,ICBHI_154_1b3_TC,ICBHI_154,1,ICBHI,AKGC417L,0.9925682266657088,3
ICBHI_154_2b4_AL_000,ICBHI_154_2b4_AL,ICBHI_154,1,ICBHI,AKGC417L,0.96557645058735,3
ICBHI_154_2b4_AL_001,ICBHI_154_2b4_AL,ICBHI_154,1,ICBHI,AKGC417L,0.983847165177859,3
ICBHI_154_2b4_AL_002,ICBHI_154_2b4_AL,ICBHI_154,1,ICBHI,AKGC417L,0.9877587247081928,3
ICBHI_154_2b4_AL_003,ICBHI_154_2b4_AL,ICBHI_154,1,ICBHI,AKGC417L,0.9827572224423472,3
ICBHI_154_2b4_AL_004,ICBHI_154_2b4_AL,ICBHI_154,1,ICBHI,AKGC417L,0.9841546388118628,3
ICBHI_154_2b4_AL_005,ICBHI_154_2b4_AL,ICBHI_154,1,ICBHI,AKGC417L,0.9828232909876816,3
ICBHI_154_2b4_AL_006,ICBHI_154_2b4_AL,ICBHI_154,1,ICBHI,AKGC417L,0.9895916858989277,3
ICBHI_154_2b4_AR_000,ICBHI_154_2b4_AR,ICBHI_154,1,ICBHI,AKGC417L,0.9919067101026268,3
ICBHI_154_2b4_AR_001,ICBHI_154_2b4_AR,ICBHI_154,1,ICBHI,AKGC417L,0.9928231180543432,3
ICBHI_154_2b4_AR_002,ICBHI_154_2b4_AR,ICBHI_154,1,ICBHI,AKGC417L,0.9938070098421448,3
ICBHI_154_2b4_AR_003,ICBHI_154_2b4_AR,ICBHI_154,1,ICBHI,AKGC417L,0.994202598745566,3
ICBHI_154_2b4_AR_004,ICBHI_154_2b4_AR,ICBHI_154,1,ICBHI,AKGC417L,0.9937587407701782,3
ICBHI_154_2b4_AR_005,ICBHI_154_2b4_AR,ICBHI_154,1,ICBHI,AKGC417L,0.9851575827657516,3
ICBHI_154_2b4_AR_006,ICBHI_154_2b4_AR,ICBHI_154,1,ICBHI,AKGC417L,0.9899864293768268,3
ICBHI_154_2b4_LL_000,ICBHI_154_2b4_LL,ICBHI_154,1,ICBHI,AKGC417L,0.9781354435078864,3
ICBHI_154_2b4_LL_001,ICBHI_154_2b4_LL,ICBHI_154,1,ICBHI,AKGC417L,0.9851003567309808,3
ICBHI_154_2b4_LL_002,ICBHI_154_2b4_LL,ICBHI_154,1,ICBHI,AKGC417L,0.985772953896821,3
ICBHI_154_2b4_LL_003,ICBHI_154_2b4_LL,ICBHI_154,1,ICBHI,AKGC417L,0.9873262643069668,3
ICBHI_154_2b4_LL_004,ICBHI_154_2b4_LL,ICBHI_154,1,ICBHI,AKGC417L,0.9872281325067136,3
ICBHI_154_2b4_LL_005,ICBHI_154_2b4_LL,ICBHI_154,1,ICBHI,AKGC417L,0.9829546827465642,3
ICBHI_154_2b4_LL_006,ICBHI_154_2b4_LL,ICBHI_154,1,ICBHI,AKGC417L,0.9830200077626816,3
ICBHI_154_2b4_LR_000,ICBHI_154_2b4_LR,ICBHI_154,1,ICBHI,AKGC417L,0.9630224454648544,3
ICBHI_154_2b4_LR_001,ICBHI_154_2b4_LR,ICBHI_154,1,ICBHI,AKGC417L,0.9841546388118628,3
ICBHI_154_2b4_LR_002,ICBHI_154_2b4_LR,ICBHI_154,1,ICBHI,AKGC417L,0.9876638995791304,3
ICBHI_154_2b4_LR_003,ICBHI_154_2b4_LR,ICBHI_154,1,ICBHI,AKGC417L,0.9898695883364156,3
ICBHI_154_2b4_LR_004,ICBHI_154_2b4_LR,ICBHI_154,1,ICBHI,AKGC417L,0.9827572224423472,3
ICBHI_154_2b4_LR_005,ICBHI_154_2b4_LR,ICBHI_154,1,ICBHI,AKGC417L,0.9832145101099364,3
ICBHI_154_2b4_LR_006,ICBHI_154_2b4_LR,ICBHI_154,1,ICBHI,AKGC417L,0.9887987866239216,3
ICBHI_154_2b4_PL_000,ICBHI_154_2b4_PL,ICBHI_154,1,ICBHI,AKGC417L,0.978671918339908,3
ICBHI_154_2b4_PL_001,ICBHI_154_2b4_PL,ICBHI_154,1,ICBHI,AKGC417L,0.96036116089903,3
ICBHI_154_2b4_PL_002,ICBHI_154_2b4_PL,ICBHI_154,1,ICBHI,AKGC417L,0.9852145923076094,3
ICBHI_154_2b4_PL_003,ICBHI_154_2b4_PL,ICBHI_154,1,ICBHI,AKGC417L,0.993384607321672,3
ICBHI_154_2b4_PL_004,ICBHI_154_2b4_PL,ICBHI_154,1,ICBHI,AKGC417L,0.9928508980334536,3
ICBHI_154_2b4_PL_005,ICBHI_154_2b4_PL,ICBHI_154,1,ICBHI,AKGC417L,0.9420819125605256,3
ICBHI_154_2b4_PL_006,ICBHI_154_2b4_PL,ICBHI_154,1,ICBHI,AKGC417L,0.941654159388319,3
ICBHI_154_2b4_PR_000,ICBHI_154_2b4_PR,ICBHI_154,1,ICBHI,AKGC417L,0.9579122720843812,3
ICBHI_154_2b4_PR_001,ICBHI_154_2b4_PR,ICBHI_154,1,ICBHI,AKGC417L,0.9543930566810525,3
ICBHI_154_2b4_PR_002,ICBHI_154_2b4_PR,ICBHI_154,1,ICBHI,AKGC417L,0.9714558483038396,3
ICBHI_154_2b4_PR_003,ICBHI_154_2b4_PR,ICBHI_154,1,ICBHI,AKGC417L,0.9830200077626816,3
ICBHI_154_2b4_PR_004,ICBHI_154_2b4_PR,ICBHI_154,1,ICBHI,AKGC417L,0.9812389160218716,3
ICBHI_154_2b4_PR_005,ICBHI_154_2b4_PR,ICBHI_154,1,ICBHI,AKGC417L,0.9524858131235034,3
ICBHI_154_2b4_PR_006,ICBHI_154_2b4_PR,ICBHI_154,1,ICBHI,AKGC417L,0.4063907233281731,3
ICBHI_154_2b4_TC_000,ICBHI_154_2b4_TC,ICBHI_154,1,ICBHI,AKGC417L,0.9890976262707148,3
ICBHI_154_2b4_TC_001,ICBHI_154_2b4_TC,ICBHI_154,1,ICBHI,AKGC417L,0.990659975614946,3
ICBHI_154_2b4_TC_002,ICBHI_154_2b4_TC,ICBHI_154,1,ICBHI,AKGC417L,0.9918120900983038,3
ICBHI_154_2b4_TC_003,ICBHI_154_2b4_TC,ICBHI_154,1,ICBHI,AKGC417L,0.9939260655591138,3
ICBHI_154_2b4_TC_004,ICBHI_154_2b4_TC,ICBHI_154,1,ICBHI,AKGC417L,0.9938070098421448,3
ICBHI_154_2b4_TC_005,ICBHI_154_2b4_TC,ICBHI_154,1,ICBHI,AKGC417L,0.993636426303936,3
ICBHI_154_2b4_TC_006,ICBHI_154_2b4_TC,ICBHI_154,1,ICBHI,AKGC417L,0.9928508980334536,3
ICBHI_154_3b3_AL_000,ICBHI_154_3b3_AL,ICBHI_154,1,ICBHI,AKGC417L,0.9711290930537122,3
ICBHI_154_3b3_AL_001,ICBHI_154_3b3_AL,ICBHI_154,1,ICBHI,AKGC417L,0.977585783536363,3
ICBHI_154_3b3_AL_002,ICBHI_154_3b3_AL,ICBHI_154,1,ICBHI,AKGC417L,0.959077697183522,3
ICBHI_154_3b3_AL_003,ICBHI_154_3b3_AL,ICBHI_154,1,ICBHI,AKGC417L,0.9800912115412156,3
ICBHI_154_3b3_AL_004,ICBHI_154_3b3_AL,ICBHI_154,1,ICBHI,AKGC417L,0.9866748522941186,3
ICBHI_154_3b3_AL_005,ICBHI_154_3b3_AL,ICBHI_154,1,ICBHI,AKGC417L,0.9827572224423472,3
ICBHI_154_3b3_AL_006,ICBHI_154_3b3_AL,ICBHI_154,1,ICBHI,AKGC417L,0.9864678513445928,3
ICBHI_154_3b3_AR_000,ICBHI_154_3b3_AR,ICBHI_154,1,ICBHI,AKGC417L,0.994488065789193,3
ICBHI_154_3b3_AR_001,ICBHI_154_3b3_AR,ICBHI_154,1,ICBHI,AKGC417L,0.9957684125218388,3
ICBHI_154_3b3_AR_002,ICBHI_154_3b3_AR,ICBHI_154,1,ICBHI,AKGC417L,0.996100379327422,3
ICBHI_154_3b3_AR_003,ICBHI_154_3b3_AR,ICBHI_154,1,ICBHI,AKGC417L,0.9967900386241352,3
ICBHI_154_3b3_AR_004,ICBHI_154_3b3_AR,ICBHI_154,1,ICBHI,AKGC417L,0.9878058669624096,3
ICBHI_154_3b3_AR_005,ICBHI_154_3b3_AR,ICBHI_154,1,ICBHI,AKGC417L,0.9874720680072552,3
ICBHI_154_3b3_AR_006,ICBHI_154_3b3_AR,ICBHI_154,1,ICBHI,AKGC417L,0.9929335990367508,3
ICBHI_154_3b3_LL_000,ICBHI_154_3b3_LL,ICBHI_154,1,ICBHI,AKGC417L,0.985384329899364,3
ICBHI_154_3b3_LL_001,ICBHI_154_3b3_LL,ICBHI_154,1,ICBHI,AKGC417L,0.9878996141864552,3
ICBHI_154_3b3_LL_002,ICBHI_154_3b3_LL,ICBHI_154,1,ICBHI,AKGC417L,0.9877587247081928,3
ICBHI_154_3b3_LL_003,ICBHI_154_3b3_LL,ICBHI_154,1,ICBHI,AKGC417L,0.9878528299001949,3
ICBHI_154_3b3_LL_004,ICBHI_154_3b3_LL,ICBHI_154,1,ICBHI,AKGC417L,0.9883127420043056,3
ICBHI_154_3b3_LL_005,ICBHI_154_3b3_LL,ICBHI_154,1,ICBHI,AKGC417L,0.9868280501184434,3
ICBHI_154_3b3_LL_006,ICBHI_154_3b3_LL,ICBHI_154,1,ICBHI,AKGC417L,0.9878058669624096,3
ICBHI_154_4b4_AL_000,ICBHI_154_4b4_AL,ICBHI_154,1,ICBHI,AKGC417L,0.935109885267838,3
ICBHI_154_4b4_AL_001,ICBHI_154_4b4_AL,ICBHI_154,1,ICBHI,AKGC417L,0.9678992932829918,3
ICBHI_154_4b4_AL_002,ICBHI_154_4b4_AL,ICBHI_154,1,ICBHI,AKGC417L,0.9571177628369032,3
ICBHI_154_4b4_AL_003,ICBHI_154_4b4_AL,ICBHI_154,1,ICBHI,AKGC417L,0.9780097803027992,3
ICBHI_154_4b4_AL_004,ICBHI_154_4b4_AL,ICBHI_154,1,ICBHI,AKGC417L,0.9746286885255978,3
ICBHI_154_4b4_AL_005,ICBHI_154_4b4_AL,ICBHI_154,1,ICBHI,AKGC417L,0.9873750507184356,3
ICBHI_154_4b4_AL_006,ICBHI_154_4b4_AL,ICBHI_154,1,ICBHI,AKGC417L,0.968797182083676,3
ICBHI_154_4b4_AR_000,ICBHI_154_4b4_AR,ICBHI_154,1,ICBHI,AKGC417L,0.9905142868292048,3
ICBHI_154_4b4_AR_001,ICBHI_154_4b4_AR,ICBHI_154,1,ICBHI,AKGC417L,0.9878528299001949,3
ICBHI_154_4b4_AR_002,ICBHI_154_4b4_AR,ICBHI_154,1,ICBHI,AKGC417L,0.9812389160218716,3
ICBHI_154_4b4_AR_003,ICBHI_154_4b4_AR,ICBHI_154,1,ICBHI,AKGC417L,0.991422514586288,3
ICBHI_154_4b4_AR_004,ICBHI_154_4b4_AR,ICBHI_154,1,ICBHI,AKGC417L,0.9719392602342918,3
ICBHI_154_4b4_AR_005,ICBHI_154_4b4_AR,ICBHI_154,1,ICBHI,AKGC417L,0.9805806518175514,3
ICBHI_154_4b4_AR_006,ICBHI_154_4b4_AR,ICBHI_154,1,ICBHI,AKGC417L,0.9928508980334536,3
ICBHI_154_4b4_LL_000,ICBHI_154_4b4_LL,ICBHI_154,1,ICBHI,AKGC417L,0.991554373058874,3
ICBHI_154_4b4_LL_001,ICBHI_154_4b4_LL,ICBHI_154,1,ICBHI,AKGC417L,0.9898695883364156,3
ICBHI_154_4b4_LL_002,ICBHI_154_4b4_LL,ICBHI_154,1,ICBHI,AKGC417L,0.9881308789536604,3
ICBHI_154_4b4_LL_003,ICBHI_154_4b4_LL,ICBHI_154,1,ICBHI,AKGC417L,0.9890976262707148,3
ICBHI_154_4b4_LL_004,ICBHI_154_4b4_LL,ICBHI_154,1,ICBHI,AKGC417L,0.988755439279336,3
ICBHI_154_4b4_LL_005,ICBHI_154_4b4_LL,ICBHI_154,1,ICBHI,AKGC417L,0.9900635812940538,3
ICBHI_154_4b4_LL_006,ICBHI_154_4b4_LL,ICBHI_154,1,ICBHI,AKGC417L,0.9907319866190856,3
ICBHI_154_4b4_LR_000,ICBHI_154_4b4_LR,ICBHI_154,1,ICBHI,AKGC417L,0.0116872579956944,3
ICBHI_154_4b4_LR_001,ICBHI_154_4b4_LR,ICBHI_154,1,ICBHI,AKGC417L,0.0149570865931499,3
ICBHI_154_4b4_LR_002,ICBHI_154_4b4_LR,ICBHI_154,1,ICBHI,AKGC417L,0.0150726283089456,3
ICBHI_154_4b4_LR_003,ICBHI_154_4b4_LR,ICBHI_154,1,ICBHI,AKGC417L,0.1026640095733654,3
ICBHI_154_4b4_LR_004,ICBHI_154_4b4_LR,ICBHI_154,1,ICBHI,AKGC417L,0.1319542599129362,3
ICBHI_154_4b4_LR_005,ICBHI_154_4b4_LR,ICBHI_154,1,ICBHI,AKGC417L,0.0484960032439568,3
ICBHI_154_4b4_LR_006,ICBHI_154_4b4_LR,ICBHI_154,1,ICBHI,AKGC417L,0.0936780026745507,3
ICBHI_154_4b4_PL_000,ICBHI_154_4b4_PL,ICBHI_154,1,ICBHI,AKGC417L,0.98504291340685,3
ICBHI_154_4b4_PL_001,ICBHI_154_4b4_PL,ICBHI_154,1,ICBHI,AKGC417L,0.9860442896017269,3
ICBHI_154_4b4_PL_002,ICBHI_154_4b4_PL,ICBHI_154,1,ICBHI,AKGC417L,0.9800148480052566,3
ICBHI_154_4b4_PL_003,ICBHI_154_4b4_PL,ICBHI_154,1,ICBHI,AKGC417L,0.9822196099268892,3
ICBHI_154_4b4_PL_004,ICBHI_154_4b4_PL,ICBHI_154,1,ICBHI,AKGC417L,0.982151261550011,3
ICBHI_154_4b4_PL_005,ICBHI_154_4b4_PL,ICBHI_154,1,ICBHI,AKGC417L,0.9800148480052566,3
ICBHI_154_4b4_PL_006,ICBHI_154_4b4_PL,ICBHI_154,1,ICBHI,AKGC417L,0.9824904426504252,3
ICBHI_154_4b4_PR_000,ICBHI_154_4b4_PR,ICBHI_154,1,ICBHI,AKGC417L,0.976129165047569,3
ICBHI_154_4b4_PR_001,ICBHI_154_4b4_PR,ICBHI_154,1,ICBHI,AKGC417L,0.9837849698906836,3
ICBHI_154_4b4_PR_002,ICBHI_154_4b4_PR,ICBHI_154,1,ICBHI,AKGC417L,0.9862576795040976,3
ICBHI_154_4b4_PR_003,ICBHI_154_4b4_PR,ICBHI_154,1,ICBHI,AKGC417L,0.98504291340685,3
ICBHI_154_4b4_PR_004,ICBHI_154_4b4_PR,ICBHI_154,1,ICBHI,AKGC417L,0.983847165177859,3
ICBHI_154_4b4_PR_005,ICBHI_154_4b4_PR,ICBHI_154,1,ICBHI,AKGC417L,0.978093633973752,3
ICBHI_154_4b4_PR_006,ICBHI_154_4b4_PR,ICBHI_154,1,ICBHI,AKGC417L,0.9801672891959912,3
ICBHI_158_1b3_AR_000,ICBHI_158_1b3_AR,ICBHI_158,1,ICBHI,LittC2SE,0.6336369935948285,3
ICBHI_158_1b3_AR_001,ICBHI_158_1b3_AR,ICBHI_158,1,ICBHI,LittC2SE,0.8957052736689574,3
ICBHI_158_1b3_AR_002,ICBHI_158_1b3_AR,ICBHI_158,1,ICBHI,LittC2SE,0.3322020726462596,3
ICBHI_158_1b3_AR_003,ICBHI_158_1b3_AR,ICBHI_158,1,ICBHI,LittC2SE,0.0889784882384548,3
ICBHI_158_1b3_AR_004,ICBHI_158_1b3_AR,ICBHI_158,1,ICBHI,LittC2SE,0.9315870896477918,3
ICBHI_158_1b3_AR_005,ICBHI_158_1b3_AR,ICBHI_158,1,ICBHI,LittC2SE,0.9908743626108194,3
ICBHI_158_1b3_AR_006,ICBHI_158_1b3_AR,ICBHI_158,1,ICBHI,LittC2SE,0.9914886969734374,3
ICBHI_158_1p2_AL_000,ICBHI_158_1p2_AL,ICBHI_158,1,ICBHI,AKGC417L,0.9846936454393052,3
ICBHI_158_1p2_AL_001,ICBHI_158_1p2_AL,ICBHI_158,1,ICBHI,AKGC417L,0.975390071374038,3
ICBHI_158_1p2_AL_002,ICBHI_158_1p2_AL,ICBHI_158,1,ICBHI,AKGC417L,0.9722571081173828,3
ICBHI_158_1p2_AL_003,ICBHI_158_1p2_AL,ICBHI_158,1,ICBHI,AKGC417L,0.972151549366048,3
ICBHI_158_1p2_AL_004,ICBHI_158_1p2_AL,ICBHI_158,1,ICBHI,AKGC417L,0.96621977103159,3
ICBHI_158_1p2_AL_005,ICBHI_158_1p2_AL,ICBHI_158,1,ICBHI,AKGC417L,0.9889278398167658,3
ICBHI_158_1p2_AL_006,ICBHI_158_1p2_AL,ICBHI_158,1,ICBHI,AKGC417L,0.9883127420043056,3
ICBHI_158_1p2_AR_000,ICBHI_158_1p2_AR,ICBHI_158,1,ICBHI,AKGC417L,0.9571177628369032,3
ICBHI_158_1p2_AR_001,ICBHI_158_1p2_AR,ICBHI_158,1,ICBHI,AKGC417L,0.8814109034236719,3
ICBHI_158_1p2_AR_002,ICBHI_158_1p2_AR,ICBHI_158,1,ICBHI,AKGC417L,0.9171543753982088,3
ICBHI_158_1p2_AR_003,ICBHI_158_1p2_AR,ICBHI_158,1,ICBHI,AKGC417L,0.9477691428985744,3
ICBHI_158_1p2_AR_004,ICBHI_158_1p2_AR,ICBHI_158,1,ICBHI,AKGC417L,0.9105453978311192,3
ICBHI_158_1p2_AR_005,ICBHI_158_1p2_AR,ICBHI_158,1,ICBHI,AKGC417L,0.9672250161000436,3
ICBHI_158_1p2_AR_006,ICBHI_158_1p2_AR,ICBHI_158,1,ICBHI,AKGC417L,0.9809855660757952,3
ICBHI_158_1p2_LL_000,ICBHI_158_1p2_LL,ICBHI_158,1,ICBHI,AKGC417L,0.9740919790859393,3
ICBHI_158_1p2_LL_001,ICBHI_158_1p2_LL,ICBHI_158,1,ICBHI,AKGC417L,0.9417613746890242,3
ICBHI_158_1p2_LL_002,ICBHI_158_1p2_LL,ICBHI_158,1,ICBHI,AKGC417L,0.9937587407701782,3
ICBHI_158_1p2_LL_003,ICBHI_158_1p2_LL,ICBHI_158,1,ICBHI,AKGC417L,0.9916519461902168,3
ICBHI_158_1p2_LL_004,ICBHI_158_1p2_LL,ICBHI_158,1,ICBHI,AKGC417L,0.9932811299991624,3
ICBHI_158_1p2_LL_005,ICBHI_158_1p2_LL,ICBHI_158,1,ICBHI,AKGC417L,0.776453478633872,3
ICBHI_158_1p2_LL_006,ICBHI_158_1p2_LL,ICBHI_158,1,ICBHI,AKGC417L,0.6232622297017018,3
ICBHI_158_1p2_LR_000,ICBHI_158_1p2_LR,ICBHI_158,1,ICBHI,AKGC417L,0.9664738375071954,3
ICBHI_158_1p2_LR_001,ICBHI_158_1p2_LR,ICBHI_158,1,ICBHI,AKGC417L,0.9650533028884728,3
ICBHI_158_1p2_LR_002,ICBHI_158_1p2_LR,ICBHI_158,1,ICBHI,AKGC417L,0.939359448826736,3
ICBHI_158_1p2_LR_003,ICBHI_158_1p2_LR,ICBHI_158,1,ICBHI,AKGC417L,0.8951566359697456,3
ICBHI_158_1p2_LR_004,ICBHI_158_1p2_LR,ICBHI_158,1,ICBHI,AKGC417L,0.3474263981883621,3
ICBHI_158_1p2_LR_005,ICBHI_158_1p2_LR,ICBHI_158,1,ICBHI,AKGC417L,0.7967672836747012,3
ICBHI_158_1p2_LR_006,ICBHI_158_1p2_LR,ICBHI_158,1,ICBHI,AKGC417L,0.9726235112216486,3
ICBHI_158_1p2_PL_000,ICBHI_158_1p2_PL,ICBHI_158,1,ICBHI,AKGC417L,0.9772408443444812,3
ICBHI_158_1p2_PL_001,ICBHI_158_1p2_PL,ICBHI_158,1,ICBHI,AKGC417L,0.8548846370796298,3
ICBHI_158_1p2_PL_002,ICBHI_158_1p2_PL,ICBHI_158,1,ICBHI,AKGC417L,0.9370957582019432,3
ICBHI_158_1p2_PL_003,ICBHI_158_1p2_PL,ICBHI_158,1,ICBHI,AKGC417L,0.9873750507184356,3
ICBHI_158_1p2_PL_004,ICBHI_158_1p2_PL,ICBHI_158,1,ICBHI,AKGC417L,0.9538802504524166,3
ICBHI_158_1p2_PL_005,ICBHI_158_1p2_PL,ICBHI_158,1,ICBHI,AKGC417L,0.9394706097974612,3
ICBHI_158_1p2_PL_006,ICBHI_158_1p2_PL,ICBHI_158,1,ICBHI,AKGC417L,0.9588471107825552,3
ICBHI_158_1p2_PR_000,ICBHI_158_1p2_PR,ICBHI_158,1,ICBHI,AKGC417L,0.964921323357116,3
ICBHI_158_1p2_PR_001,ICBHI_158_1p2_PR,ICBHI_158,1,ICBHI,AKGC417L,0.9741412240872888,3
ICBHI_158_1p2_PR_002,ICBHI_158_1p2_PR,ICBHI_158,1,ICBHI,AKGC417L,0.9884473296647792,3
ICBHI_158_1p2_PR_003,ICBHI_158_1p2_PR,ICBHI_158,1,ICBHI,AKGC417L,0.9843964652097964,3
ICBHI_158_1p2_PR_004,ICBHI_158_1p2_PR,ICBHI_158,1,ICBHI,AKGC417L,0.9674717764988552,3
ICBHI_158_1p2_PR_005,ICBHI_158_1p2_PR,ICBHI_158,1,ICBHI,AKGC417L,0.975854577282535,3
ICBHI_158_1p2_PR_006,ICBHI_158_1p2_PR,ICBHI_158,1,ICBHI,AKGC417L,0.9876162153627396,3
ICBHI_158_1p2_TC_000,ICBHI_158_1p2_TC,ICBHI_158,1,ICBHI,AKGC417L,0.993461175022765,3
ICBHI_158_1p2_TC_001,ICBHI_158_1p2_TC,ICBHI_158,1,ICBHI,AKGC417L,0.991118324899153,3
ICBHI_158_1p2_TC_002,ICBHI_158_1p2_TC,ICBHI_158,1,ICBHI,AKGC417L,0.9794329046535716,3
ICBHI_158_1p2_TC_003,ICBHI_158_1p2_TC,ICBHI_158,1,ICBHI,AKGC417L,0.8394709400397776,3
ICBHI_158_1p2_TC_004,ICBHI_158_1p2_TC,ICBHI_158,1,ICBHI,AKGC417L,0.4686082387319545,3
ICBHI_158_1p2_TC_005,ICBHI_158_1p2_TC,ICBHI_158,1,ICBHI,AKGC417L,0.972519307190418,3
ICBHI_158_1p2_TC_006,ICBHI_158_1p2_TC,ICBHI_158,1,ICBHI,AKGC417L,0.9899864293768268,3
ICBHI_158_1p3_AL_000,ICBHI_158_1p3_AL,ICBHI_158,1,ICBHI,AKGC417L,0.9878996141864552,3
ICBHI_158_1p3_AL_001,ICBHI_158_1p3_AL,ICBHI_158,1,ICBHI,AKGC417L,0.9669140216112958,3
ICBHI_158_1p3_AL_002,ICBHI_158_1p3_AL,ICBHI_158,1,ICBHI,AKGC417L,0.9812748375316978,3
ICBHI_158_1p3_AL_003,ICBHI_158_1p3_AL,ICBHI_158,1,ICBHI,AKGC417L,0.9916519461902168,3
ICBHI_158_1p3_AL_004,ICBHI_158_1p3_AL,ICBHI_158,1,ICBHI,AKGC417L,0.990838973077906,3
ICBHI_158_1p3_AL_005,ICBHI_158_1p3_AL,ICBHI_158,1,ICBHI,AKGC417L,0.979861259172271,3
ICBHI_158_1p3_AL_006,ICBHI_158_1p3_AL,ICBHI_158,1,ICBHI,AKGC417L,0.983342959990771,3
ICBHI_158_1p3_AR_000,ICBHI_158_1p3_AR,ICBHI_158,1,ICBHI,AKGC417L,0.9812748375316978,3
ICBHI_158_1p3_AR_001,ICBHI_158_1p3_AR,ICBHI_158,1,ICBHI,AKGC417L,0.9773707999669629,3
ICBHI_158_1p3_AR_002,ICBHI_158_1p3_AR,ICBHI_158,1,ICBHI,AKGC417L,0.96621977103159,3
ICBHI_158_1p3_AR_003,ICBHI_158_1p3_AR,ICBHI_158,1,ICBHI,AKGC417L,0.9609517072737735,3
ICBHI_158_1p3_AR_004,ICBHI_158_1p3_AR,ICBHI_158,1,ICBHI,AKGC417L,0.9616059822423816,3
ICBHI_158_1p3_AR_005,ICBHI_158_1p3_AR,ICBHI_158,1,ICBHI,AKGC417L,0.9690324847372525,3
ICBHI_158_1p3_AR_006,ICBHI_158_1p3_AR,ICBHI_158,1,ICBHI,AKGC417L,0.9483462190807312,3
ICBHI_158_1p3_LL_000,ICBHI_158_1p3_LL,ICBHI_158,1,ICBHI,AKGC417L,0.9865717452580314,3
ICBHI_158_1p3_LL_001,ICBHI_158_1p3_LL,ICBHI_158,1,ICBHI,AKGC417L,0.9851003567309808,3
ICBHI_158_1p3_LL_002,ICBHI_158_1p3_LL,ICBHI_158,1,ICBHI,AKGC417L,0.9884473296647792,3
ICBHI_158_1p3_LL_003,ICBHI_158_1p3_LL,ICBHI_158,1,ICBHI,AKGC417L,0.9587699726751936,3
ICBHI_158_1p3_LL_004,ICBHI_158_1p3_LL,ICBHI_158,1,ICBHI,AKGC417L,0.9277569977504976,3
ICBHI_158_1p3_LL_005,ICBHI_158_1p3_LL,ICBHI_158,1,ICBHI,AKGC417L,0.9855521474663976,3
ICBHI_158_1p3_LL_006,ICBHI_158_1p3_LL,ICBHI_158,1,ICBHI,AKGC417L,0.9671630439727548,3
ICBHI_158_1p3_LR_000,ICBHI_158_1p3_LR,ICBHI_158,1,ICBHI,AKGC417L,0.9722571081173828,3
ICBHI_158_1p3_LR_001,ICBHI_158_1p3_LR,ICBHI_158,1,ICBHI,AKGC417L,0.977110159887611,3
ICBHI_158_1p3_LR_002,ICBHI_158_1p3_LR,ICBHI_158,1,ICBHI,AKGC417L,0.9753431444580398,3
ICBHI_158_1p3_LR_003,ICBHI_158_1p3_LR,ICBHI_158,1,ICBHI,AKGC417L,0.9759922540789444,3
ICBHI_158_1p3_LR_004,ICBHI_158_1p3_LR,ICBHI_158,1,ICBHI,AKGC417L,0.9599126416289347,3
ICBHI_158_1p3_LR_005,ICBHI_158_1p3_LR,ICBHI_158,1,ICBHI,AKGC417L,0.9602867432263156,3
ICBHI_158_1p3_LR_006,ICBHI_158_1p3_LR,ICBHI_158,1,ICBHI,AKGC417L,0.9856076636305632,3
ICBHI_158_1p3_PL_000,ICBHI_158_1p3_PL,ICBHI_158,1,ICBHI,AKGC417L,0.9818752792555312,3
ICBHI_158_1p3_PL_001,ICBHI_158_1p3_PL,ICBHI_158,1,ICBHI,AKGC417L,0.981979260068153,3
ICBHI_158_1p3_PL_002,ICBHI_158_1p3_PL,ICBHI_158,1,ICBHI,AKGC417L,0.9896318433492118,3
ICBHI_158_1p3_PL_003,ICBHI_158_1p3_PL,ICBHI_158,1,ICBHI,AKGC417L,0.991083872947128,3
ICBHI_158_1p3_PL_004,ICBHI_158_1p3_PL,ICBHI_158,1,ICBHI,AKGC417L,0.9887119261007692,3
ICBHI_158_1p3_PL_005,ICBHI_158_1p3_PL,ICBHI_158,1,ICBHI,AKGC417L,0.9861513897844354,3
ICBHI_158_1p3_PL_006,ICBHI_158_1p3_PL,ICBHI_158,1,ICBHI,AKGC417L,0.9893474891602738,3
ICBHI_158_1p3_PR_000,ICBHI_158_1p3_PR,ICBHI_158,1,ICBHI,AKGC417L,0.989908684514805,3
ICBHI_158_1p3_PR_001,ICBHI_158_1p3_PR,ICBHI_158,1,ICBHI,AKGC417L,0.9898695883364156,3
ICBHI_158_1p3_PR_002,ICBHI_158_1p3_PR,ICBHI_158,1,ICBHI,AKGC417L,0.987568349146814,3
ICBHI_158_1p3_PR_003,ICBHI_158_1p3_PR,ICBHI_158,1,ICBHI,AKGC417L,0.9835338249524974,3
ICBHI_158_1p3_PR_004,ICBHI_158_1p3_PR,ICBHI_158,1,ICBHI,AKGC417L,0.9871787857334058,3
ICBHI_158_1p3_PR_005,ICBHI_158_1p3_PR,ICBHI_158,1,ICBHI,AKGC417L,0.9885803853543514,3
ICBHI_158_1p3_PR_006,ICBHI_158_1p3_PR,ICBHI_158,1,ICBHI,AKGC417L,0.9890976262707148,3
ICBHI_158_1p3_TC_000,ICBHI_158_1p3_TC,ICBHI_158,1,ICBHI,AKGC417L,0.9907319866190856,3
ICBHI_158_1p3_TC_001,ICBHI_158_1p3_TC,ICBHI_158,1,ICBHI,AKGC417L,0.9775000306229962,3
ICBHI_158_1p3_TC_002,ICBHI_158_1p3_TC,ICBHI_158,1,ICBHI,AKGC417L,0.9892648373909092,3
ICBHI_158_1p3_TC_003,ICBHI_158_1p3_TC,ICBHI_158,1,ICBHI,AKGC417L,0.9897513980768414,3
ICBHI_158_1p3_TC_004,ICBHI_158_1p3_TC,ICBHI_158,1,ICBHI,AKGC417L,0.9927391335017144,3
ICBHI_158_1p3_TC_005,ICBHI_158_1p3_TC,ICBHI_158,1,ICBHI,AKGC417L,0.9908034475769532,3
ICBHI_158_1p3_TC_006,ICBHI_158_1p3_TC,ICBHI_158,1,ICBHI,AKGC417L,0.991118324899153,3
ICBHI_158_1p4_AL_000,ICBHI_158_1p4_AL,ICBHI_158,1,ICBHI,AKGC417L,0.9814889540096828,3
ICBHI_158_1p4_AL_001,ICBHI_158_1p4_AL,ICBHI_158,1,ICBHI,AKGC417L,0.9761746325522288,3
ICBHI_158_1p4_AL_002,ICBHI_158_1p4_AL,ICBHI_158,1,ICBHI,AKGC417L,0.9307105874853784,3
ICBHI_158_1p4_AL_003,ICBHI_158_1p4_AL,ICBHI_158,1,ICBHI,AKGC417L,0.969324198289326,3
ICBHI_158_1p4_AL_004,ICBHI_158_1p4_AL,ICBHI_158,1,ICBHI,AKGC417L,0.97671369455574,3
ICBHI_158_1p4_AL_005,ICBHI_158_1p4_AL,ICBHI_158,1,ICBHI,AKGC417L,0.9818056317790944,3
ICBHI_158_1p4_AL_006,ICBHI_158_1p4_AL,ICBHI_158,1,ICBHI,AKGC417L,0.9862576795040976,3
ICBHI_158_1p4_AR_000,ICBHI_158_1p4_AR,ICBHI_158,1,ICBHI,AKGC417L,0.9897909456811916,3
ICBHI_158_1p4_AR_001,ICBHI_158_1p4_AR,ICBHI_158,1,ICBHI,AKGC417L,0.9710742821322724,3
ICBHI_158_1p4_AR_002,ICBHI_158_1p4_AR,ICBHI_158,1,ICBHI,AKGC417L,0.977967735887304,3
ICBHI_158_1p4_AR_003,ICBHI_158_1p4_AR,ICBHI_158,1,ICBHI,AKGC417L,0.9789151588631022,3
ICBHI_158_1p4_AR_004,ICBHI_158_1p4_AR,ICBHI_158,1,ICBHI,AKGC417L,0.9807288620802312,3
ICBHI_158_1p4_AR_005,ICBHI_158_1p4_AR,ICBHI_158,1,ICBHI,AKGC417L,0.8984105540811842,3
ICBHI_158_1p4_AR_006,ICBHI_158_1p4_AR,ICBHI_158,1,ICBHI,AKGC417L,0.954137335843458,3
ICBHI_158_1p4_LR_000,ICBHI_158_1p4_LR,ICBHI_158,1,ICBHI,AKGC417L,0.9142907207192192,3
ICBHI_158_1p4_LR_001,ICBHI_158_1p4_LR,ICBHI_158,1,ICBHI,AKGC417L,0.9441768588653856,3
ICBHI_158_1p4_LR_002,ICBHI_158_1p4_LR,ICBHI_158,1,ICBHI,AKGC417L,0.5017080240567738,3
ICBHI_158_1p4_LR_003,ICBHI_158_1p4_LR,ICBHI_158,1,ICBHI,AKGC417L,0.3301471645924304,3
ICBHI_158_1p4_LR_004,ICBHI_158_1p4_LR,ICBHI_158,1,ICBHI,AKGC417L,0.3168975297706384,3
ICBHI_158_1p4_LR_005,ICBHI_158_1p4_LR,ICBHI_158,1,ICBHI,AKGC417L,0.1355750575170207,3
ICBHI_158_1p4_LR_006,ICBHI_158_1p4_LR,ICBHI_158,1,ICBHI,AKGC417L,0.9402434135995512,3
ICBHI_158_1p4_PL_000,ICBHI_158_1p4_PL,ICBHI_158,1,ICBHI,AKGC417L,0.98504291340685,3
ICBHI_158_1p4_PL_001,ICBHI_158_1p4_PL,ICBHI_158,1,ICBHI,AKGC417L,0.979155684383481,3
ICBHI_158_1p4_PL_002,ICBHI_158_1p4_PL,ICBHI_158,1,ICBHI,AKGC417L,0.9653811611608242,3
ICBHI_158_1p4_PL_003,ICBHI_158_1p4_PL,ICBHI_158,1,ICBHI,AKGC417L,0.9812389160218716,3
ICBHI_158_1p4_PL_004,ICBHI_158_1p4_PL,ICBHI_158,1,ICBHI,AKGC417L,0.9819446650265006,3
ICBHI_158_1p4_PL_005,ICBHI_158_1p4_PL,ICBHI_158,1,ICBHI,AKGC417L,0.959230733755612,3
ICBHI_158_1p4_PL_006,ICBHI_158_1p4_PL,ICBHI_158,1,ICBHI,AKGC417L,0.9847524093785004,3
ICBHI_158_1p4_PR_000,ICBHI_158_1p4_PR,ICBHI_158,1,ICBHI,AKGC417L,0.9873262643069668,3
ICBHI_158_1p4_PR_001,ICBHI_158_1p4_PR,ICBHI_158,1,ICBHI,AKGC417L,0.9806178087982642,3
ICBHI_158_1p4_PR_002,ICBHI_158_1p4_PR,ICBHI_158,1,ICBHI,AKGC417L,0.9845754479181588,3
ICBHI_158_1p4_PR_003,ICBHI_158_1p4_PR,ICBHI_158,1,ICBHI,AKGC417L,0.9878058669624096,3
ICBHI_158_1p4_PR_004,ICBHI_158_1p4_PR,ICBHI_158,1,ICBHI,AKGC417L,0.9883127420043056,3
ICBHI_158_1p4_PR_005,ICBHI_158_1p4_PR,ICBHI_158,1,ICBHI,AKGC417L,0.9802430819947856,3
ICBHI_158_1p4_PR_006,ICBHI_158_1p4_PR,ICBHI_158,1,ICBHI,AKGC417L,0.9760836129001416,3
ICBHI_158_1p4_TC_000,ICBHI_158_1p4_TC,ICBHI_158,1,ICBHI,AKGC417L,0.991049288563118,3
ICBHI_158_1p4_TC_001,ICBHI_158_1p4_TC,ICBHI_158,1,ICBHI,AKGC417L,0.985384329899364,3
ICBHI_158_1p4_TC_002,ICBHI_158_1p4_TC,ICBHI_158,1,ICBHI,AKGC417L,0.8237541440584596,3
ICBHI_158_1p4_TC_003,ICBHI_158_1p4_TC,ICBHI_158,1,ICBHI,AKGC417L,0.9152045921779318,3
ICBHI_158_1p4_TC_004,ICBHI_158_1p4_TC,ICBHI_158,1,ICBHI,AKGC417L,0.9814534354878828,3
ICBHI_158_1p4_TC_005,ICBHI_158_1p4_TC,ICBHI_158,1,ICBHI,AKGC417L,0.98922327394992,3
ICBHI_158_1p4_TC_006,ICBHI_158_1p4_TC,ICBHI_158,1,ICBHI,AKGC417L,0.9915870224290224,3
ICBHI_158_2p2_AR_000,ICBHI_158_2p2_AR,ICBHI_158,1,ICBHI,AKGC417L,0.1579144575419215,3
ICBHI_158_2p2_AR_001,ICBHI_158_2p2_AR,ICBHI_158,1,ICBHI,AKGC417L,0.8763171902779356,3
ICBHI_158_2p2_AR_002,ICBHI_158_2p2_AR,ICBHI_158,1,ICBHI,AKGC417L,0.9700134939339984,3
ICBHI_158_2p2_AR_003,ICBHI_158_2p2_AR,ICBHI_158,1,ICBHI,AKGC417L,0.9170058516477309,3
ICBHI_158_2p2_AR_004,ICBHI_158_2p2_AR,ICBHI_158,1,ICBHI,AKGC417L,0.068288537527792,3
ICBHI_158_2p2_AR_005,ICBHI_158_2p2_AR,ICBHI_158,1,ICBHI,AKGC417L,0.2812081725489567,3
ICBHI_158_2p2_AR_006,ICBHI_158_2p2_AR,ICBHI_158,1,ICBHI,AKGC417L,0.941439173126251,3
ICBHI_158_2p3_LR_000,ICBHI_158_2p3_LR,ICBHI_158,1,ICBHI,AKGC417L,0.9571978541000364,3
ICBHI_158_2p3_LR_001,ICBHI_158_2p3_LR,ICBHI_158,1,ICBHI,AKGC417L,0.9756698099123244,3
ICBHI_158_2p3_LR_002,ICBHI_158_2p3_LR,ICBHI_158,1,ICBHI,AKGC417L,0.9425067211996144,3
ICBHI_158_2p3_LR_003,ICBHI_158_2p3_LR,ICBHI_158,1,ICBHI,AKGC417L,0.9676556676188428,3
ICBHI_158_2p3_LR_004,ICBHI_158_2p3_LR,ICBHI_158,1,ICBHI,AKGC417L,0.9692078335557076,3
ICBHI_158_2p3_LR_005,ICBHI_158_2p3_LR,ICBHI_158,1,ICBHI,AKGC417L,0.734119526900183,3
ICBHI_158_2p3_LR_006,ICBHI_158_2p3_LR,ICBHI_158,1,ICBHI,AKGC417L,0.8897206284139089,3
ICBHI_158_2p3_TC_000,ICBHI_158_2p3_TC,ICBHI_158,1,ICBHI,AKGC417L,0.9962199045112876,3
ICBHI_158_2p3_TC_001,ICBHI_158_2p3_TC,ICBHI_158,1,ICBHI,AKGC417L,0.9957020611205928,3
ICBHI_158_2p3_TC_002,ICBHI_158_2p3_TC,ICBHI_158,1,ICBHI,AKGC417L,0.99507548962592,3
ICBHI_158_2p3_TC_003,ICBHI_158_2p3_TC,ICBHI_158,1,ICBHI,AKGC417L,0.994466612060986,3
ICBHI_158_2p3_TC_004,ICBHI_158_2p3_TC,ICBHI_158,1,ICBHI,AKGC417L,0.9959927110540886,3
ICBHI_158_2p3_TC_005,ICBHI_158_2p3_TC,ICBHI_158,1,ICBHI,AKGC417L,0.9969956569837995,3
ICBHI_158_2p3_TC_006,ICBHI_158_2p3_TC,ICBHI_158,1,ICBHI,AKGC417L,0.9971328414066062,3
ICBHI_175_1b1_AL_000,ICBHI_175_1b1_AL,ICBHI_175,1,ICBHI,Litt3200,0.9972530990515592,3
ICBHI_175_1b1_AL_001,ICBHI_175_1b1_AL,ICBHI_175,1,ICBHI,Litt3200,0.9966102167293752,3
ICBHI_175_1b1_AL_002,ICBHI_175_1b1_AL,ICBHI_175,1,ICBHI,Litt3200,0.9962199045112876,3
ICBHI_175_1b1_AL_003,ICBHI_175_1b1_AL,ICBHI_175,1,ICBHI,Litt3200,0.9965165758069192,3
ICBHI_175_1b1_AL_004,ICBHI_175_1b1_AL,ICBHI_175,1,ICBHI,Litt3200,0.9967523235008112,3
ICBHI_175_1b1_AL_005,ICBHI_175_1b1_AL,ICBHI_175,1,ICBHI,Litt3200,0.9969365831511966,3
ICBHI_175_1b1_AR_000,ICBHI_175_1b1_AR,ICBHI_175,1,ICBHI,Litt3200,0.9749168590639716,3
ICBHI_175_1b1_AR_001,ICBHI_175_1b1_AR,ICBHI_175,1,ICBHI,Litt3200,0.015967653488796,3
ICBHI_175_1b1_AR_002,ICBHI_175_1b1_AR,ICBHI_175,1,ICBHI,Litt3200,0.3857795310066222,3
ICBHI_175_1b1_AR_003,ICBHI_175_1b1_AR,ICBHI_175,1,ICBHI,Litt3200,0.9743372944539102,3
ICBHI_175_1b1_AR_004,ICBHI_175_1b1_AR,ICBHI_175,1,ICBHI,Litt3200,0.9923933278354768,3
ICBHI_175_1b1_LL_000,ICBHI_175_1b1_LL,ICBHI_175,1,ICBHI,Litt3200,0.9968763514001466,3
ICBHI_175_1b1_LL_001,ICBHI_175_1b1_LL,ICBHI_175,1,ICBHI,Litt3200,0.9970073347546454,3
ICBHI_175_1b1_LL_002,ICBHI_175_1b1_LL,ICBHI_175,1,ICBHI,Litt3200,0.9977743291458848,3
ICBHI_175_1b1_LL_003,ICBHI_175_1b1_LL,ICBHI_175,1,ICBHI,Litt3200,0.9978002019563084,3
ICBHI_175_1b1_LL_004,ICBHI_175_1b1_LL,ICBHI_175,1,ICBHI,Litt3200,0.9971104189822264,3
ICBHI_175_1b1_LL_005,ICBHI_175_1b1_LL,ICBHI_175,1,ICBHI,Litt3200,0.9975750857332448,3
ICBHI_175_1b1_LR_000,ICBHI_175_1b1_LR,ICBHI_175,1,ICBHI,Litt3200,0.9965570192011142,3
ICBHI_175_1b1_LR_001,ICBHI_175_1b1_LR,ICBHI_175,1,ICBHI,Litt3200,0.9956516186780524,3
ICBHI_175_1b1_LR_002,ICBHI_175_1b1_LR,ICBHI_175,1,ICBHI,Litt3200,0.9967013487421672,3
ICBHI_175_1b1_LR_003,ICBHI_175_1b1_LR,ICBHI_175,1,ICBHI,Litt3200,0.9964893508862251,3
ICBHI_175_1b1_LR_004,ICBHI_175_1b1_LR,ICBHI_175,1,ICBHI,Litt3200,0.9967013487421672,3
ICBHI_175_1b1_PL_000,ICBHI_175_1b1_PL,ICBHI_175,1,ICBHI,Litt3200,0.995929862284104,3
ICBHI_175_1b1_PL_001,ICBHI_175_1b1_PL,ICBHI_175,1,ICBHI,Litt3200,0.9962782913492784,3
ICBHI_175_1b1_PL_002,ICBHI_175_1b1_PL,ICBHI_175,1,ICBHI,Litt3200,0.9966233876182606,3
ICBHI_175_1b1_PL_003,ICBHI_175_1b1_PL,ICBHI_175,1,ICBHI,Litt3200,0.9968884914601416,3
ICBHI_175_1b1_PL_004,ICBHI_175_1b1_PL,ICBHI_175,1,ICBHI,Litt3200,0.9966102167293752,3
ICBHI_175_1b1_PL_005,ICBHI_175_1b1_PL,ICBHI_175,1,ICBHI,Litt3200,0.9969603503859163,3
ICBHI_175_1b1_PL_006,ICBHI_175_1b1_PL,ICBHI_175,1,ICBHI,Litt3200,0.9966102167293752,3
ICBHI_175_1b1_PR_000,ICBHI_175_1b1_PR,ICBHI_175,1,ICBHI,Litt3200,0.9955142054229602,3
ICBHI_175_1b1_PR_001,ICBHI_175_1b1_PR,ICBHI_175,1,ICBHI,Litt3200,0.9951325826547208,3
ICBHI_175_1b1_PR_002,ICBHI_175_1b1_PR,ICBHI_175,1,ICBHI,Litt3200,0.9944234551774076,3
ICBHI_175_1b1_PR_003,ICBHI_175_1b1_PR,ICBHI_175,1,ICBHI,Litt3200,0.9948603889024312,3
ICBHI_175_1b1_PR_004,ICBHI_175_1b1_PR,ICBHI_175,1,ICBHI,Litt3200,0.99594566591324,3
ICBHI_179_1b1_AL_000,ICBHI_179_1b1_AL,ICBHI_179,0,ICBHI,Meditron,0.0005658799865413,3
ICBHI_179_1b1_AL_001,ICBHI_179_1b1_AL,ICBHI_179,0,ICBHI,Meditron,0.7937461896031696,3
ICBHI_179_1b1_AL_002,ICBHI_179_1b1_AL,ICBHI_179,0,ICBHI,Meditron,0.2937082628220903,3
ICBHI_179_1b1_AL_003,ICBHI_179_1b1_AL,ICBHI_179,0,ICBHI,Meditron,0.0410758892463907,3
ICBHI_179_1b1_AL_004,ICBHI_179_1b1_AL,ICBHI_179,0,ICBHI,Meditron,0.0140095662864031,3
ICBHI_179_1b1_AL_005,ICBHI_179_1b1_AL,ICBHI_179,0,ICBHI,Meditron,0.078218870826925,3
ICBHI_179_1b1_AL_006,ICBHI_179_1b1_AL,ICBHI_179,0,ICBHI,Meditron,0.0894546021688806,3
ICBHI_179_1b1_TC_000,ICBHI_179_1b1_TC,ICBHI_179,0,ICBHI,Meditron,4.298194204721344e-05,3
ICBHI_179_1b1_TC_001,ICBHI_179_1b1_TC,ICBHI_179,0,ICBHI,Meditron,4.61127481426412e-05,3
ICBHI_179_1b1_TC_002,ICBHI_179_1b1_TC,ICBHI_179,0,ICBHI,Meditron,0.0002653023768982,3
ICBHI_179_1b1_TC_003,ICBHI_179_1b1_TC,ICBHI_179,0,ICBHI,Meditron,7.602479448313689e-05,3
ICBHI_179_1b1_TC_004,ICBHI_179_1b1_TC,ICBHI_179,0,ICBHI,Meditron,5.87484228651632e-05,3
ICBHI_179_1b1_TC_005,ICBHI_179_1b1_TC,ICBHI_179,0,ICBHI,Meditron,8.415109250079664e-05,3
ICBHI_179_1b1_TC_006,ICBHI_179_1b1_TC,ICBHI_179,0,ICBHI,Meditron,0.000115017355457,3
ICBHI_194_1b1_LR_000,ICBHI_194_1b1_LR,ICBHI_194,0,ICBHI,Meditron,0.0007321812616608,3
ICBHI_194_1b1_LR_001,ICBHI_194_1b1_LR,ICBHI_194,0,ICBHI,Meditron,0.0091610269220938,3
ICBHI_194_1b1_LR_002,ICBHI_194_1b1_LR,ICBHI_194,0,ICBHI,Meditron,0.0056638652371788,3
ICBHI_194_1b1_LR_003,ICBHI_194_1b1_LR,ICBHI_194,0,ICBHI,Meditron,0.0421665412512446,3
ICBHI_194_1b1_LR_004,ICBHI_194_1b1_LR,ICBHI_194,0,ICBHI,Meditron,0.0002251682418562,3
ICBHI_194_1b1_LR_005,ICBHI_194_1b1_LR,ICBHI_194,0,ICBHI,Meditron,0.0005072812826992,3
ICBHI_194_1b1_LR_006,ICBHI_194_1b1_LR,ICBHI_194,0,ICBHI,Meditron,8.029784284533197e-05,3
ICBHI_194_1b1_PR_000,ICBHI_194_1b1_PR,ICBHI_194,0,ICBHI,Meditron,0.0261059153413239,3
ICBHI_194_1b1_PR_001,ICBHI_194_1b1_PR,ICBHI_194,0,ICBHI,Meditron,0.0001303297424923,3
ICBHI_194_1b1_PR_002,ICBHI_194_1b1_PR,ICBHI_194,0,ICBHI,Meditron,0.0013564017974613,3
ICBHI_194_1b1_PR_003,ICBHI_194_1b1_PR,ICBHI_194,0,ICBHI,Meditron,0.0151890488079839,3
ICBHI_194_1b1_PR_004,ICBHI_194_1b1_PR,ICBHI_194,0,ICBHI,Meditron,0.0719816270123707,3
ICBHI_194_1b1_PR_005,ICBHI_194_1b1_PR,ICBHI_194,0,ICBHI,Meditron,0.0180899952049931,3
ICBHI_194_1b1_PR_006,ICBHI_194_1b1_PR,ICBHI_194,0,ICBHI,Meditron,0.001225567448383,3
ICBHI_198_1b5_AL_000,ICBHI_198_1b5_AL,ICBHI_198,1,ICBHI,AKGC417L,0.9951325826547208,3
ICBHI_198_1b5_AL_001,ICBHI_198_1b5_AL,ICBHI_198,1,ICBHI,AKGC417L,0.9945519319148104,3
ICBHI_198_1b5_AL_002,ICBHI_198_1b5_AL,ICBHI_198,1,ICBHI,AKGC417L,0.9942919660808864,3
ICBHI_198_1b5_AL_003,ICBHI_198_1b5_AL,ICBHI_198,1,ICBHI,AKGC417L,0.9914886969734374,3
ICBHI_198_1b5_AL_004,ICBHI_198_1b5_AL,ICBHI_198,1,ICBHI,AKGC417L,0.9930693283432538,3
ICBHI_198_1b5_AL_005,ICBHI_198_1b5_AL,ICBHI_198,1,ICBHI,AKGC417L,0.990216123982345,3
ICBHI_198_1b5_AL_006,ICBHI_198_1b5_AL,ICBHI_198,1,ICBHI,AKGC417L,0.9908743626108194,3
ICBHI_198_1b5_AR_000,ICBHI_198_1b5_AR,ICBHI_198,1,ICBHI,AKGC417L,0.9914556693065582,3
ICBHI_198_1b5_AR_001,ICBHI_198_1b5_AR,ICBHI_198,1,ICBHI,AKGC417L,0.990291523518526,3
ICBHI_198_1b5_AR_002,ICBHI_198_1b5_AR,ICBHI_198,1,ICBHI,AKGC417L,0.9886243997611625,3
ICBHI_198_1b5_AR_003,ICBHI_198_1b5_AR,ICBHI_198,1,ICBHI,AKGC417L,0.9901782070803068,3
ICBHI_198_1b5_AR_004,ICBHI_198_1b5_AR,ICBHI_198,1,ICBHI,AKGC417L,0.9905509186809448,3
ICBHI_198_1b5_AR_005,ICBHI_198_1b5_AR,ICBHI_198,1,ICBHI,AKGC417L,0.9901782070803068,3
ICBHI_198_1b5_AR_006,ICBHI_198_1b5_AR,ICBHI_198,1,ICBHI,AKGC417L,0.9888849862785224,3
ICBHI_198_1b5_LL_000,ICBHI_198_1b5_LL,ICBHI_198,1,ICBHI,AKGC417L,0.9870296135626316,3
ICBHI_198_1b5_LL_001,ICBHI_198_1b5_LL,ICBHI_198,1,ICBHI,AKGC417L,0.9808759632491112,3
ICBHI_198_1b5_LL_002,ICBHI_198_1b5_LL,ICBHI_198,1,ICBHI,AKGC417L,0.9892648373909092,3
ICBHI_198_1b5_LL_003,ICBHI_198_1b5_LL,ICBHI_198,1,ICBHI,AKGC417L,0.991619546648974,3
ICBHI_198_1b5_LL_004,ICBHI_198_1b5_LL,ICBHI_198,1,ICBHI,AKGC417L,0.9936116790902788,3
ICBHI_198_1b5_LL_005,ICBHI_198_1b5_LL,ICBHI_198,1,ICBHI,AKGC417L,0.9936610782629056,3
ICBHI_198_1b5_LL_006,ICBHI_198_1b5_LL,ICBHI_198,1,ICBHI,AKGC417L,0.995634673888606,3
ICBHI_198_1b5_LR_000,ICBHI_198_1b5_LR,ICBHI_198,1,ICBHI,AKGC417L,0.9927391335017144,3
ICBHI_198_1b5_LR_001,ICBHI_198_1b5_LR,ICBHI_198,1,ICBHI,AKGC417L,0.9919067101026268,3
ICBHI_198_1b5_LR_002,ICBHI_198_1b5_LR,ICBHI_198,1,ICBHI,AKGC417L,0.9908034475769532,3
ICBHI_198_1b5_LR_003,ICBHI_198_1b5_LR,ICBHI_198,1,ICBHI,AKGC417L,0.9897116988662836,3
ICBHI_198_1b5_LR_004,ICBHI_198_1b5_LR,ICBHI_198,1,ICBHI,AKGC417L,0.9841546388118628,3
ICBHI_198_1b5_LR_005,ICBHI_198_1b5_LR,ICBHI_198,1,ICBHI,AKGC417L,0.979861259172271,3
ICBHI_198_1b5_LR_006,ICBHI_198_1b5_LR,ICBHI_198,1,ICBHI,AKGC417L,0.985772953896821,3
ICBHI_198_1b5_PL_000,ICBHI_198_1b5_PL,ICBHI_198,1,ICBHI,AKGC417L,0.9829546827465642,3
ICBHI_198_1b5_PL_001,ICBHI_198_1b5_PL,ICBHI_198,1,ICBHI,AKGC417L,0.9819446650265006,3
ICBHI_198_1b5_PL_002,ICBHI_198_1b5_PL,ICBHI_198,1,ICBHI,AKGC417L,0.9881766051636294,3
ICBHI_198_1b5_PL_003,ICBHI_198_1b5_PL,ICBHI_198,1,ICBHI,AKGC417L,0.9770226300899744,3
ICBHI_198_1b5_PL_004,ICBHI_198_1b5_PL,ICBHI_198,1,ICBHI,AKGC417L,0.9766692311915196,3
ICBHI_198_1b5_PL_005,ICBHI_198_1b5_PL,ICBHI_198,1,ICBHI,AKGC417L,0.984810951192016,3
ICBHI_198_1b5_PL_006,ICBHI_198_1b5_PL,ICBHI_198,1,ICBHI,AKGC417L,0.992767236196521,3
ICBHI_198_1b5_PR_000,ICBHI_198_1b5_PR,ICBHI_198,1,ICBHI,AKGC417L,0.9939024378074248,3
ICBHI_198_1b5_PR_001,ICBHI_198_1b5_PR,ICBHI_198,1,ICBHI,AKGC417L,0.9907677855954636,3
ICBHI_198_1b5_PR_002,ICBHI_198_1b5_PR,ICBHI_198,1,ICBHI,AKGC417L,0.9865717452580314,3
ICBHI_198_1b5_PR_003,ICBHI_198_1b5_PR,ICBHI_198,1,ICBHI,AKGC417L,0.9936116790902788,3
ICBHI_198_1b5_PR_004,ICBHI_198_1b5_PR,ICBHI_198,1,ICBHI,AKGC417L,0.994615062038222,3
ICBHI_198_1b5_PR_005,ICBHI_198_1b5_PR,ICBHI_198,1,ICBHI,AKGC417L,0.99463594330938,3
ICBHI_198_1b5_PR_006,ICBHI_198_1b5_PR,ICBHI_198,1,ICBHI,AKGC417L,0.9950370578981272,3
ICBHI_198_1b5_TC_000,ICBHI_198_1b5_TC,ICBHI_198,1,ICBHI,AKGC417L,0.9880389017501904,3
ICBHI_198_1b5_TC_001,ICBHI_198_1b5_TC,ICBHI_198,1,ICBHI,AKGC417L,0.9852713861502774,3
ICBHI_198_1b5_TC_002,ICBHI_198_1b5_TC,ICBHI_198,1,ICBHI,AKGC417L,0.9784259335698816,3
ICBHI_198_1b5_TC_003,ICBHI_198_1b5_TC,ICBHI_198,1,ICBHI,AKGC417L,0.9706877692486436,3
ICBHI_198_1b5_TC_004,ICBHI_198_1b5_TC,ICBHI_198,1,ICBHI,AKGC417L,0.9764456684220548,3
ICBHI_198_1b5_TC_005,ICBHI_198_1b5_TC,ICBHI_198,1,ICBHI,AKGC417L,0.9842154389261902,3
ICBHI_198_1b5_TC_006,ICBHI_198_1b5_TC,ICBHI_198,1,ICBHI,AKGC417L,0.9814178501043472,3
ICBHI_198_6p1_AL_000,ICBHI_198_6p1_AL,ICBHI_198,1,ICBHI,AKGC417L,0.9829546827465642,3
ICBHI_198_6p1_AL_001,ICBHI_198_6p1_AL,ICBHI_198,1,ICBHI,AKGC417L,0.9881766051636294,3
ICBHI_198_6p1_AL_002,ICBHI_198_6p1_AL,ICBHI_198,1,ICBHI,AKGC417L,0.9865198970247336,3
ICBHI_198_6p1_AL_003,ICBHI_198_6p1_AL,ICBHI_198,1,ICBHI,AKGC417L,0.98922327394992,3
ICBHI_198_6p1_AL_004,ICBHI_198_6p1_AL,ICBHI_198,1,ICBHI,AKGC417L,0.988755439279336,3
ICBHI_198_6p1_AL_005,ICBHI_198_6p1_AL,ICBHI_198,1,ICBHI,AKGC417L,0.988841968751916,3
ICBHI_198_6p1_AL_006,ICBHI_198_6p1_AL,ICBHI_198,1,ICBHI,AKGC417L,0.946200356539936,3
ICBHI_198_6p1_AR_000,ICBHI_198_6p1_AR,ICBHI_198,1,ICBHI,AKGC417L,0.0001795279693467,3
ICBHI_198_6p1_AR_001,ICBHI_198_6p1_AR,ICBHI_198,1,ICBHI,AKGC417L,0.0001214817528055,3
ICBHI_198_6p1_AR_002,ICBHI_198_6p1_AR,ICBHI_198,1,ICBHI,AKGC417L,0.0172427775576529,3
ICBHI_198_6p1_AR_003,ICBHI_198_6p1_AR,ICBHI_198,1,ICBHI,AKGC417L,0.0047367489557766,3
ICBHI_198_6p1_AR_004,ICBHI_198_6p1_AR,ICBHI_198,1,ICBHI,AKGC417L,0.0012497093922085,3
ICBHI_198_6p1_AR_005,ICBHI_198_6p1_AR,ICBHI_198,1,ICBHI,AKGC417L,0.0481367711166348,3
ICBHI_198_6p1_AR_006,ICBHI_198_6p1_AR,ICBHI_198,1,ICBHI,AKGC417L,0.4369223353818409,3
ICBHI_198_6p1_LL_000,ICBHI_198_6p1_LL,ICBHI_198,1,ICBHI,AKGC417L,0.233182095312107,3
ICBHI_198_6p1_LL_001,ICBHI_198_6p1_LL,ICBHI_198,1,ICBHI,AKGC417L,0.3046619534787151,3
ICBHI_198_6p1_LL_002,ICBHI_198_6p1_LL,ICBHI_198,1,ICBHI,AKGC417L,0.090413726823838,3
ICBHI_198_6p1_LL_003,ICBHI_198_6p1_LL,ICBHI_198,1,ICBHI,AKGC417L,0.0071214287457351,3
ICBHI_198_6p1_LL_004,ICBHI_198_6p1_LL,ICBHI_198,1,ICBHI,AKGC417L,0.7592254042296177,3
ICBHI_198_6p1_LL_005,ICBHI_198_6p1_LL,ICBHI_198,1,ICBHI,AKGC417L,0.9710193702585468,3
ICBHI_198_6p1_LL_006,ICBHI_198_6p1_LL,ICBHI_198,1,ICBHI,AKGC417L,0.8294920001731195,3
ICBHI_198_6p1_LR_000,ICBHI_198_6p1_LR,ICBHI_198,1,ICBHI,AKGC417L,0.9945940999219732,3
ICBHI_198_6p1_LR_001,ICBHI_198_6p1_LR,ICBHI_198,1,ICBHI,AKGC417L,0.995390427820626,3
ICBHI_198_6p1_LR_002,ICBHI_198_6p1_LR,ICBHI_198,1,ICBHI,AKGC417L,0.988841968751916,3
ICBHI_198_6p1_LR_003,ICBHI_198_6p1_LR,ICBHI_198,1,ICBHI,AKGC417L,0.9897909456811916,3
ICBHI_198_6p1_LR_004,ICBHI_198_6p1_LR,ICBHI_198,1,ICBHI,AKGC417L,0.9891815513471368,3
ICBHI_198_6p1_LR_005,ICBHI_198_6p1_LR,ICBHI_198,1,ICBHI,AKGC417L,0.990659975614946,3
ICBHI_198_6p1_LR_006,ICBHI_198_6p1_LR,ICBHI_198,1,ICBHI,AKGC417L,0.9922744656025764,3
ICBHI_198_6p1_PL_000,ICBHI_198_6p1_PL,ICBHI_198,1,ICBHI,AKGC417L,0.964254189725945,3
ICBHI_198_6p1_PL_001,ICBHI_198_6p1_PL,ICBHI_198,1,ICBHI,AKGC417L,0.974821158299398,3
ICBHI_198_6p1_PL_002,ICBHI_198_6p1_PL,ICBHI_198,1,ICBHI,AKGC417L,0.9804687614573544,3
ICBHI_198_6p1_PL_003,ICBHI_198_6p1_PL,ICBHI_198,1,ICBHI,AKGC417L,0.9059898203834276,3
ICBHI_198_6p1_PL_004,ICBHI_198_6p1_PL,ICBHI_198,1,ICBHI,AKGC417L,0.9695556515673754,3
ICBHI_198_6p1_PL_005,ICBHI_198_6p1_PL,ICBHI_198,1,ICBHI,AKGC417L,0.1692685160124552,3
ICBHI_198_6p1_PL_006,ICBHI_198_6p1_PL,ICBHI_198,1,ICBHI,AKGC417L,0.8520759327094793,3
ICBHI_198_6p1_PR_000,ICBHI_198_6p1_PR,ICBHI_198,1,ICBHI,AKGC417L,0.2492644529334142,3
ICBHI_198_6p1_PR_001,ICBHI_198_6p1_PR,ICBHI_198,1,ICBHI,AKGC417L,0.0719816270123707,3
ICBHI_198_6p1_PR_002,ICBHI_198_6p1_PR,ICBHI_198,1,ICBHI,AKGC417L,0.8720207761598445,3
ICBHI_198_6p1_PR_003,ICBHI_198_6p1_PR,ICBHI_198,1,ICBHI,AKGC417L,0.8674854455595564,3
ICBHI_198_6p1_PR_004,ICBHI_198_6p1_PR,ICBHI_198,1,ICBHI,AKGC417L,0.4522335176533724,3
ICBHI_198_6p1_PR_005,ICBHI_198_6p1_PR,ICBHI_198,1,ICBHI,AKGC417L,0.9774139572136528,3
ICBHI_198_6p1_PR_006,ICBHI_198_6p1_PR,ICBHI_198,1,ICBHI,AKGC417L,0.9816655479104816,3
ICBHI_198_6p1_TC_000,ICBHI_198_6p1_TC,ICBHI_198,1,ICBHI,AKGC417L,0.985496420308618,3
ICBHI_198_6p1_TC_001,ICBHI_198_6p1_TC,ICBHI_198,1,ICBHI,AKGC417L,0.9856076636305632,3
ICBHI_198_6p1_TC_002,ICBHI_198_6p1_TC,ICBHI_198,1,ICBHI,AKGC417L,0.977756332416123,3
ICBHI_198_6p1_TC_003,ICBHI_198_6p1_TC,ICBHI_198,1,ICBHI,AKGC417L,0.9730876959261984,3
ICBHI_198_6p1_TC_004,ICBHI_198_6p1_TC,ICBHI_198,1,ICBHI,AKGC417L,0.9789554342060388,3
ICBHI_198_6p1_TC_005,ICBHI_198_6p1_TC,ICBHI_198,1,ICBHI,AKGC417L,0.9812748375316978,3
ICBHI_198_6p1_TC_006,ICBHI_198_6p1_TC,ICBHI_198,1,ICBHI,AKGC417L,0.9925103751011916,3
ICBHI_205_1b3_AL_000,ICBHI_205_1b3_AL,ICBHI_205,1,ICBHI,AKGC417L,0.9681411443139596,3
ICBHI_205_1b3_AL_001,ICBHI_205_1b3_AL,ICBHI_205,1,ICBHI,AKGC417L,0.9869795098861572,3
ICBHI_205_1b3_AL_002,ICBHI_205_1b3_AL,ICBHI_205,1,ICBHI,AKGC417L,0.9945730566510748,3
ICBHI_205_1b3_AL_003,ICBHI_205_1b3_AL,ICBHI_205,1,ICBHI,AKGC417L,0.9952999394649492,3
ICBHI_205_1b3_AL_004,ICBHI_205_1b3_AL,ICBHI_205,1,ICBHI,AKGC417L,0.9861513897844354,3
ICBHI_205_1b3_AL_005,ICBHI_205_1b3_AL,ICBHI_205,1,ICBHI,AKGC417L,0.9884473296647792,3
ICBHI_205_1b3_AL_006,ICBHI_205_1b3_AL,ICBHI_205,1,ICBHI,AKGC417L,0.9918120900983038,3
ICBHI_205_1b3_AR_000,ICBHI_205_1b3_AR,ICBHI_205,1,ICBHI,AKGC417L,0.2846754250737697,3
ICBHI_205_1b3_AR_001,ICBHI_205_1b3_AR,ICBHI_205,1,ICBHI,AKGC417L,0.9716716880201136,3
ICBHI_205_1b3_AR_002,ICBHI_205_1b3_AR,ICBHI_205,1,ICBHI,AKGC417L,0.9843363512883316,3
ICBHI_205_1b3_AR_003,ICBHI_205_1b3_AR,ICBHI_205,1,ICBHI,AKGC417L,0.9766246849598732,3
ICBHI_205_1b3_AR_004,ICBHI_205_1b3_AR,ICBHI_205,1,ICBHI,AKGC417L,0.9510513782831764,3
ICBHI_205_1b3_AR_005,ICBHI_205_1b3_AR,ICBHI_205,1,ICBHI,AKGC417L,0.9754836641728089,3
ICBHI_205_1b3_AR_006,ICBHI_205_1b3_AR,ICBHI_205,1,ICBHI,AKGC417L,0.976535343307368,3
ICBHI_205_1b3_LL_000,ICBHI_205_1b3_LL,ICBHI_205,1,ICBHI,AKGC417L,0.9207896758909756,3
ICBHI_205_1b3_LL_001,ICBHI_205_1b3_LL,ICBHI_205,1,ICBHI,AKGC417L,0.7377254126465677,3
ICBHI_205_1b3_LL_002,ICBHI_205_1b3_LL,ICBHI_205,1,ICBHI,AKGC417L,0.9472835978632692,3
ICBHI_205_1b3_LL_003,ICBHI_205_1b3_LL,ICBHI_205,1,ICBHI,AKGC417L,0.8921873600393251,3
ICBHI_205_1b3_LL_004,ICBHI_205_1b3_LL,ICBHI_205,1,ICBHI,AKGC417L,0.1830088500239483,3
ICBHI_205_1b3_LL_005,ICBHI_205_1b3_LL,ICBHI_205,1,ICBHI,AKGC417L,0.8936811302242426,3
ICBHI_205_1b3_LL_006,ICBHI_205_1b3_LL,ICBHI_205,1,ICBHI,AKGC417L,0.5929023333890825,3
ICBHI_205_1b3_LR_000,ICBHI_205_1b3_LR,ICBHI_205,1,ICBHI,AKGC417L,0.9905142868292048,3
ICBHI_205_1b3_LR_001,ICBHI_205_1b3_LR,ICBHI_205,1,ICBHI,AKGC417L,0.990291523518526,3
ICBHI_205_1b3_LR_002,ICBHI_205_1b3_LR,ICBHI_205,1,ICBHI,AKGC417L,0.993149519973355,3
ICBHI_205_1b3_LR_003,ICBHI_205_1b3_LR,ICBHI_205,1,ICBHI,AKGC417L,0.9931760452132232,3
ICBHI_205_1b3_LR_004,ICBHI_205_1b3_LR,ICBHI_205,1,ICBHI,AKGC417L,0.9932024684496268,3
ICBHI_205_1b3_LR_005,ICBHI_205_1b3_LR,ICBHI_205,1,ICBHI,AKGC417L,0.9913892323324892,3
ICBHI_205_1b3_LR_006,ICBHI_205_1b3_LR,ICBHI_205,1,ICBHI,AKGC417L,0.991554373058874,3
ICBHI_205_1b3_PL_000,ICBHI_205_1b3_PL,ICBHI_205,1,ICBHI,AKGC417L,0.9641193044741588,3
ICBHI_205_1b3_PL_001,ICBHI_205_1b3_PL,ICBHI_205,1,ICBHI,AKGC417L,0.9522199336364292,3
ICBHI_205_1b3_PL_002,ICBHI_205_1b3_PL,ICBHI_205,1,ICBHI,AKGC417L,0.9830850867332734,3
ICBHI_205_1b3_PL_003,ICBHI_205_1b3_PL,ICBHI_205,1,ICBHI,AKGC417L,0.9760836129001416,3
ICBHI_205_1b3_PL_004,ICBHI_205_1b3_PL,ICBHI_205,1,ICBHI,AKGC417L,0.9772408443444812,3
ICBHI_205_1b3_PL_005,ICBHI_205_1b3_PL,ICBHI_205,1,ICBHI,AKGC417L,0.9783846672373524,3
ICBHI_205_1b3_PL_006,ICBHI_205_1b3_PL,ICBHI_205,1,ICBHI,AKGC417L,0.9709092429574352,3
ICBHI_205_1b3_PR_000,ICBHI_205_1b3_PR,ICBHI_205,1,ICBHI,AKGC417L,0.9876638995791304,3
ICBHI_205_1b3_PR_001,ICBHI_205_1b3_PR,ICBHI_205,1,ICBHI,AKGC417L,0.9884918509356968,3
ICBHI_205_1b3_PR_002,ICBHI_205_1b3_PR,ICBHI_205,1,ICBHI,AKGC417L,0.9825575152637948,3
ICBHI_205_1b3_PR_003,ICBHI_205_1b3_PR,ICBHI_205,1,ICBHI,AKGC417L,0.9781771750265408,3
ICBHI_205_1b3_PR_004,ICBHI_205_1b3_PR,ICBHI_205,1,ICBHI,AKGC417L,0.9891396689867225,3
ICBHI_205_1b3_PR_005,ICBHI_205_1b3_PR,ICBHI_205,1,ICBHI,AKGC417L,0.9853279650847626,3
ICBHI_205_1b3_PR_006,ICBHI_205_1b3_PR,ICBHI_205,1,ICBHI,AKGC417L,0.9862046355788148,3
ICBHI_205_2b2_PR_000,ICBHI_205_2b2_PR,ICBHI_205,1,ICBHI,AKGC417L,0.9881308789536604,3
ICBHI_205_2b2_PR_001,ICBHI_205_2b2_PR,ICBHI_205,1,ICBHI,AKGC417L,0.983596967483837,3
ICBHI_205_2b2_PR_002,ICBHI_205_2b2_PR,ICBHI_205,1,ICBHI,AKGC417L,0.987992649452366,3
ICBHI_205_2b2_PR_003,ICBHI_205_2b2_PR,ICBHI_205,1,ICBHI,AKGC417L,0.9889278398167658,3
ICBHI_205_2b2_PR_004,ICBHI_205_2b2_PR,ICBHI_205,1,ICBHI,AKGC417L,0.982423116732664,3
ICBHI_205_2b2_PR_005,ICBHI_205_2b2_PR,ICBHI_205,1,ICBHI,AKGC417L,0.983342959990771,3
ICBHI_205_2b2_PR_006,ICBHI_205_2b2_PR,ICBHI_205,1,ICBHI,AKGC417L,0.9893885786697612,3
ICBHI_205_2b3_AL_000,ICBHI_205_2b3_AL,ICBHI_205,1,ICBHI,AKGC417L,0.9876162153627396,3
ICBHI_205_2b3_AL_001,ICBHI_205_2b3_AL,ICBHI_205,1,ICBHI,AKGC417L,0.9886243997611625,3
ICBHI_205_2b3_AL_002,ICBHI_205_2b3_AL,ICBHI_205,1,ICBHI,AKGC417L,0.9897116988662836,3
ICBHI_205_2b3_AL_003,ICBHI_205_2b3_AL,ICBHI_205,1,ICBHI,AKGC417L,0.9904775143296634,3
ICBHI_205_2b3_AL_004,ICBHI_205_2b3_AL,ICBHI_205,1,ICBHI,AKGC417L,0.9897513980768414,3
ICBHI_205_2b3_AL_005,ICBHI_205_2b3_AL,ICBHI_205,1,ICBHI,AKGC417L,0.9881766051636294,3
ICBHI_205_2b3_AL_006,ICBHI_205_2b3_AL,ICBHI_205,1,ICBHI,AKGC417L,0.9831499205521024,3
ICBHI_205_2b3_AR_000,ICBHI_205_2b3_AR,ICBHI_205,1,ICBHI,AKGC417L,0.9696132500732396,3
ICBHI_205_2b3_AR_001,ICBHI_205_2b3_AR,ICBHI_205,1,ICBHI,AKGC417L,0.9548162433273092,3
ICBHI_205_2b3_AR_002,ICBHI_205_2b3_AR,ICBHI_205,1,ICBHI,AKGC417L,0.9740919790859393,3
ICBHI_205_2b3_AR_003,ICBHI_205_2b3_AR,ICBHI_205,1,ICBHI,AKGC417L,0.9750122054090996,3
ICBHI_205_2b3_AR_004,ICBHI_205_2b3_AR,ICBHI_205,1,ICBHI,AKGC417L,0.961389068531974,3
ICBHI_205_2b3_AR_005,ICBHI_205_2b3_AR,ICBHI_205,1,ICBHI,AKGC417L,0.9105453978311192,3
ICBHI_205_2b3_AR_006,ICBHI_205_2b3_AR,ICBHI_205,1,ICBHI,AKGC417L,0.9818752792555312,3
ICBHI_205_2b3_LL_000,ICBHI_205_2b3_LL,ICBHI_205,1,ICBHI,AKGC417L,0.944689347784004,3
ICBHI_205_2b3_LL_001,ICBHI_205_2b3_LL,ICBHI_205,1,ICBHI,AKGC417L,0.9686195704870232,3
ICBHI_205_2b3_LL_002,ICBHI_205_2b3_LL,ICBHI_205,1,ICBHI,AKGC417L,0.4860342122241161,3
ICBHI_205_2b3_LL_003,ICBHI_205_2b3_LL,ICBHI_205,1,ICBHI,AKGC417L,0.1095151567114641,3
ICBHI_205_2b3_LL_004,ICBHI_205_2b3_LL,ICBHI_205,1,ICBHI,AKGC417L,0.3520903859453057,3
ICBHI_205_2b3_LL_005,ICBHI_205_2b3_LL,ICBHI_205,1,ICBHI,AKGC417L,0.6943026711575786,3
ICBHI_205_2b3_LL_006,ICBHI_205_2b3_LL,ICBHI_205,1,ICBHI,AKGC417L,0.3778275814179487,3
ICBHI_205_2b4_PL_000,ICBHI_205_2b4_PL,ICBHI_205,1,ICBHI,AKGC417L,0.9860979413749408,3
ICBHI_205_2b4_PL_001,ICBHI_205_2b4_PL,ICBHI_205,1,ICBHI,AKGC417L,0.9904775143296634,3
ICBHI_205_2b4_PL_002,ICBHI_205_2b4_PL,ICBHI_205,1,ICBHI,AKGC417L,0.990944735813278,3
ICBHI_205_2b4_PL_003,ICBHI_205_2b4_PL,ICBHI_205,1,ICBHI,AKGC417L,0.9905509186809448,3
ICBHI_205_2b4_PL_004,ICBHI_205_2b4_PL,ICBHI_205,1,ICBHI,AKGC417L,0.9907677855954636,3
ICBHI_205_2b4_PL_005,ICBHI_205_2b4_PL,ICBHI_205,1,ICBHI,AKGC417L,0.9878528299001949,3
ICBHI_205_2b4_PL_006,ICBHI_205_2b4_PL,ICBHI_205,1,ICBHI,AKGC417L,0.9924227587321393,3
ICBHI_205_3b4_AL_000,ICBHI_205_3b4_AL,ICBHI_205,1,ICBHI,AKGC417L,0.9901019362839764,3
ICBHI_205_3b4_AL_001,ICBHI_205_3b4_AL,ICBHI_205,1,ICBHI,AKGC417L,0.9896318433492118,3
ICBHI_205_3b4_AL_002,ICBHI_205_3b4_AL,ICBHI_205,1,ICBHI,AKGC417L,0.9887987866239216,3
ICBHI_205_3b4_AL_003,ICBHI_205_3b4_AL,ICBHI_205,1,ICBHI,AKGC417L,0.9897909456811916,3
ICBHI_205_3b4_AL_004,ICBHI_205_3b4_AL,ICBHI_205,1,ICBHI,AKGC417L,0.987992649452366,3
ICBHI_205_3b4_AL_005,ICBHI_205_3b4_AL,ICBHI_205,1,ICBHI,AKGC417L,0.989947631342032,3
ICBHI_205_3b4_AL_006,ICBHI_205_3b4_AL,ICBHI_205,1,ICBHI,AKGC417L,0.9908743626108194,3
ICBHI_205_3b4_AR_000,ICBHI_205_3b4_AR,ICBHI_205,1,ICBHI,AKGC417L,0.9970650482552862,3
ICBHI_205_3b4_AR_001,ICBHI_205_3b4_AR,ICBHI_205,1,ICBHI,AKGC417L,0.997556113374818,3
ICBHI_205_3b4_AR_002,ICBHI_205_3b4_AR,ICBHI_205,1,ICBHI,AKGC417L,0.9962782913492784,3
ICBHI_205_3b4_AR_003,ICBHI_205_3b4_AR,ICBHI_205,1,ICBHI,AKGC417L,0.9881308789536604,3
ICBHI_205_3b4_AR_004,ICBHI_205_3b4_AR,ICBHI_205,1,ICBHI,AKGC417L,0.9889705299774982,3
ICBHI_205_3b4_AR_005,ICBHI_205_3b4_AR,ICBHI_205,1,ICBHI,AKGC417L,0.9895916858989277,3
ICBHI_205_3b4_AR_006,ICBHI_205_3b4_AR,ICBHI_205,1,ICBHI,AKGC417L,0.9514137919629646,3
ICBHI_205_3b4_PL_000,ICBHI_205_3b4_PL,ICBHI_205,1,ICBHI,AKGC417L,0.9789151588631022,3
ICBHI_205_3b4_PL_001,ICBHI_205_3b4_PL,ICBHI_205,1,ICBHI,AKGC417L,0.983596967483837,3
ICBHI_205_3b4_PL_002,ICBHI_205_3b4_PL,ICBHI_205,1,ICBHI,AKGC417L,0.9860442896017269,3
ICBHI_205_3b4_PL_003,ICBHI_205_3b4_PL,ICBHI_205,1,ICBHI,AKGC417L,0.9873750507184356,3
ICBHI_205_3b4_PL_004,ICBHI_205_3b4_PL,ICBHI_205,1,ICBHI,AKGC417L,0.9874236517231209,3
ICBHI_205_3b4_PL_005,ICBHI_205_3b4_PL,ICBHI_205,1,ICBHI,AKGC417L,0.9859363729567544,3
ICBHI_205_3b4_PL_006,ICBHI_205_3b4_PL,ICBHI_205,1,ICBHI,AKGC417L,0.9886682464686384,3
ICBHI_205_3b4_PR_000,ICBHI_205_3b4_PR,ICBHI_205,1,ICBHI,AKGC417L,0.0933468785195754,3
ICBHI_205_3b4_PR_001,ICBHI_205_3b4_PR,ICBHI_205,1,ICBHI,AKGC417L,0.7498206999089312,3
ICBHI_205_3b4_PR_002,ICBHI_205_3b4_PR,ICBHI_205,1,ICBHI,AKGC417L,0.6485776524541271,3
ICBHI_205_3b4_PR_003,ICBHI_205_3b4_PR,ICBHI_205,1,ICBHI,AKGC417L,0.9744347860767304,3
ICBHI_205_3b4_PR_004,ICBHI_205_3b4_PR,ICBHI_205,1,ICBHI,AKGC417L,0.7947037955528609,3
ICBHI_205_3b4_PR_005,ICBHI_205_3b4_PR,ICBHI_205,1,ICBHI,AKGC417L,0.3432316508792632,3
ICBHI_205_3b4_PR_006,ICBHI_205_3b4_PR,ICBHI_205,1,ICBHI,AKGC417L,0.54595151200866,3
ICBHI_205_4b2_AL_000,ICBHI_205_4b2_AL,ICBHI_205,1,ICBHI,AKGC417L,0.9791157841059936,3
ICBHI_205_4b2_AL_001,ICBHI_205_4b2_AL,ICBHI_205,1,ICBHI,AKGC417L,0.9862046355788148,3
ICBHI_205_4b2_AL_002,ICBHI_205_4b2_AL,ICBHI_205,1,ICBHI,AKGC417L,0.9869292152258128,3
ICBHI_205_4b2_AL_003,ICBHI_205_4b2_AL,ICBHI_205,1,ICBHI,AKGC417L,0.9852713861502774,3
ICBHI_205_4b2_AL_004,ICBHI_205_4b2_AL,ICBHI_205,1,ICBHI,AKGC417L,0.984810951192016,3
ICBHI_205_4b2_AL_005,ICBHI_205_4b2_AL,ICBHI_205,1,ICBHI,AKGC417L,0.9851003567309808,3
ICBHI_205_4b2_AL_006,ICBHI_205_4b2_AL,ICBHI_205,1,ICBHI,AKGC417L,0.9861513897844354,3
ICBHI_205_4b2_AR_000,ICBHI_205_4b2_AR,ICBHI_205,1,ICBHI,AKGC417L,0.9803562393224404,3
ICBHI_205_4b2_AR_001,ICBHI_205_4b2_AR,ICBHI_205,1,ICBHI,AKGC417L,0.9651848037780948,3
ICBHI_205_4b2_AR_002,ICBHI_205_4b2_AR,ICBHI_205,1,ICBHI,AKGC417L,0.9676556676188428,3
ICBHI_205_4b2_AR_003,ICBHI_205_4b2_AR,ICBHI_205,1,ICBHI,AKGC417L,0.9948202872296428,3
ICBHI_205_4b2_AR_004,ICBHI_205_4b2_AR,ICBHI_205,1,ICBHI,AKGC417L,0.998012225787616,3
ICBHI_205_4b2_AR_005,ICBHI_205_4b2_AR,ICBHI_205,1,ICBHI,AKGC417L,0.9979332055218498,3
ICBHI_205_4b2_AR_006,ICBHI_205_4b2_AR,ICBHI_205,1,ICBHI,AKGC417L,0.9968396471849288,3
ICBHI_205_4b2_LR_000,ICBHI_205_4b2_LR,ICBHI_205,1,ICBHI,AKGC417L,0.0028009269671209,3
ICBHI_205_4b2_LR_001,ICBHI_205_4b2_LR,ICBHI_205,1,ICBHI,AKGC417L,0.1637126694723767,3
ICBHI_205_4b2_LR_002,ICBHI_205_4b2_LR,ICBHI_205,1,ICBHI,AKGC417L,0.4238753137960776,3
ICBHI_205_4b2_LR_003,ICBHI_205_4b2_LR,ICBHI_205,1,ICBHI,AKGC417L,0.0940101796165722,3
ICBHI_205_4b2_LR_004,ICBHI_205_4b2_LR,ICBHI_205,1,ICBHI,AKGC417L,0.3393895823048514,3
ICBHI_205_4b2_LR_005,ICBHI_205_4b2_LR,ICBHI_205,1,ICBHI,AKGC417L,0.6794977974847524,3
ICBHI_205_4b2_LR_006,ICBHI_205_4b2_LR,ICBHI_205,1,ICBHI,AKGC417L,0.0093039498683936,3
ICBHI_205_4b2_PL_000,ICBHI_205_4b2_PL,ICBHI_205,1,ICBHI,AKGC417L,0.9826909042463318,3
ICBHI_205_4b2_PL_001,ICBHI_205_4b2_PL,ICBHI_205,1,ICBHI,AKGC417L,0.9824904426504252,3
ICBHI_205_4b2_PL_002,ICBHI_205_4b2_PL,ICBHI_205,1,ICBHI,AKGC417L,0.980765741038007,3
ICBHI_205_4b2_PL_003,ICBHI_205_4b2_PL,ICBHI_205,1,ICBHI,AKGC417L,0.977967735887304,3
ICBHI_205_4b2_PL_004,ICBHI_205_4b2_PL,ICBHI_205,1,ICBHI,AKGC417L,0.979472211759856,3
ICBHI_205_4b2_PL_005,ICBHI_205_4b2_PL,ICBHI_205,1,ICBHI,AKGC417L,0.9816303618907108,3
ICBHI_205_4b2_PL_006,ICBHI_205_4b2_PL,ICBHI_205,1,ICBHI,AKGC417L,0.9848692716928064,3
ICBHI_205_4b2_PR_000,ICBHI_205_4b2_PR,ICBHI_205,1,ICBHI,AKGC417L,0.996100379327422,3
ICBHI_205_4b2_PR_001,ICBHI_205_4b2_PR,ICBHI_205,1,ICBHI,AKGC417L,0.99507548962592,3
ICBHI_205_4b2_PR_002,ICBHI_205_4b2_PR,ICBHI_205,1,ICBHI,AKGC417L,0.9934102283369194,3
ICBHI_205_4b2_PR_003,ICBHI_205_4b2_PR,ICBHI_205,1,ICBHI,AKGC417L,0.99463594330938,3
ICBHI_205_4b2_PR_004,ICBHI_205_4b2_PR,ICBHI_205,1,ICBHI,AKGC417L,0.99635001296879,3
ICBHI_205_4b2_PR_005,ICBHI_205_4b2_PR,ICBHI_205,1,ICBHI,AKGC417L,0.9955142054229602,3
ICBHI_205_4b2_PR_006,ICBHI_205_4b2_PR,ICBHI_205,1,ICBHI,AKGC417L,0.99507548962592,3
ICBHI_113_1b1_AL_000,ICBHI_113_1b1_AL,ICBHI_113,1,ICBHI,Litt3200,0.9990960322532406,4
ICBHI_113_1b1_AL_001,ICBHI_113_1b1_AL,ICBHI_113,1,ICBHI,Litt3200,0.9990415351561638,4
ICBHI_113_1b1_AL_002,ICBHI_113_1b1_AL,ICBHI_113,1,ICBHI,Litt3200,0.9989224974113308,4
ICBHI_113_1b1_AL_003,ICBHI_113_1b1_AL,ICBHI_113,1,ICBHI,Litt3200,0.9990526910317415,4
ICBHI_113_1b1_AR_000,ICBHI_113_1b1_AR,ICBHI_113,1,ICBHI,Litt3200,0.9989224974113308,4
ICBHI_113_1b1_AR_001,ICBHI_113_1b1_AR,ICBHI_113,1,ICBHI,Litt3200,0.9988486004343228,4
ICBHI_113_1b1_AR_002,ICBHI_113_1b1_AR,ICBHI_113,1,ICBHI,Litt3200,0.9987056319645456,4
ICBHI_113_1b1_AR_003,ICBHI_113_1b1_AR,ICBHI_113,1,ICBHI,Litt3200,0.9989224974113308,4
ICBHI_113_1b1_AR_004,ICBHI_113_1b1_AR,ICBHI_113,1,ICBHI,Litt3200,0.9990452682889194,4
ICBHI_113_1b1_LL_000,ICBHI_113_1b1_LL,ICBHI_113,1,ICBHI,Litt3200,0.9990709966240232,4
ICBHI_113_1b1_LL_001,ICBHI_113_1b1_LL,ICBHI_113,1,ICBHI,Litt3200,0.9990226496068572,4
ICBHI_113_1b1_LL_002,ICBHI_113_1b1_LL,ICBHI_113,1,ICBHI,Litt3200,0.9991340190143472,4
ICBHI_113_1b1_LL_003,ICBHI_113_1b1_LL,ICBHI_113,1,ICBHI,Litt3200,0.9991736424007212,4
ICBHI_113_1b1_LL_004,ICBHI_113_1b1_LL,ICBHI_113,1,ICBHI,Litt3200,0.9991169541522156,4
ICBHI_113_1b1_LL_005,ICBHI_113_1b1_LL,ICBHI_113,1,ICBHI,Litt3200,0.9990340250847796,4
ICBHI_113_1b1_LL_006,ICBHI_113_1b1_LL,ICBHI_113,1,ICBHI,Litt3200,0.9988167202304988,4
ICBHI_113_1b1_LR_000,ICBHI_113_1b1_LR,ICBHI_113,1,ICBHI,Litt3200,0.9992445943672704,4
ICBHI_113_1b1_LR_001,ICBHI_113_1b1_LR,ICBHI_113,1,ICBHI,Litt3200,0.9991306326071938,4
ICBHI_113_1b1_LR_002,ICBHI_113_1b1_LR,ICBHI_113,1,ICBHI,Litt3200,0.9991065543871268,4
ICBHI_113_1b1_LR_003,ICBHI_113_1b1_LR,ICBHI_113,1,ICBHI,Litt3200,0.9991573576912436,4
ICBHI_113_1b1_PL_000,ICBHI_113_1b1_PL,ICBHI_113,1,ICBHI,Litt3200,0.9990889488055994,4
ICBHI_113_1b1_PL_001,ICBHI_113_1b1_PL,ICBHI_113,1,ICBHI,Litt3200,0.9991507543783068,4
ICBHI_113_1b1_PL_002,ICBHI_113_1b1_PL,ICBHI_113,1,ICBHI,Litt3200,0.998930873638171,4
ICBHI_113_1b1_PL_003,ICBHI_113_1b1_PL,ICBHI_113,1,ICBHI,Litt3200,0.999018828118793,4
ICBHI_113_1b1_PL_004,ICBHI_113_1b1_PL,ICBHI_113,1,ICBHI,Litt3200,0.9989757936215702,4
ICBHI_113_1b1_PL_005,ICBHI_113_1b1_PL,ICBHI_113,1,ICBHI,Litt3200,0.9988440991928482,4
ICBHI_113_1b1_PR_000,ICBHI_113_1b1_PR,ICBHI_113,1,ICBHI,Litt3200,0.9990782195215828,4
ICBHI_113_1b1_PR_001,ICBHI_113_1b1_PR,ICBHI_113,1,ICBHI,Litt3200,0.9990264562254172,4
ICBHI_113_1b1_PR_002,ICBHI_113_1b1_PR,ICBHI_113,1,ICBHI,Litt3200,0.9991065543871268,4
ICBHI_113_1b1_PR_003,ICBHI_113_1b1_PR,ICBHI_113,1,ICBHI,Litt3200,0.998983755958932,4
ICBHI_113_1b1_PR_004,ICBHI_113_1b1_PR,ICBHI_113,1,ICBHI,Litt3200,0.9991169541522156,4
ICBHI_113_1b1_PR_005,ICBHI_113_1b1_PR,ICBHI_113,1,ICBHI,Litt3200,0.9988883318306347,4
ICBHI_113_1b1_PR_006,ICBHI_113_1b1_PR,ICBHI_113,1,ICBHI,Litt3200,0.9990818099034152,4
ICBHI_123_1b1_AL_000,ICBHI_123_1b1_AL,ICBHI_123,0,ICBHI,Meditron,0.0007643033095615,4
ICBHI_123_1b1_AL_001,ICBHI_123_1b1_AL,ICBHI_123,0,ICBHI,Meditron,0.0002715921327471,4
ICBHI_123_1b1_AL_002,ICBHI_123_1b1_AL,ICBHI_123,0,ICBHI,Meditron,0.000704151589057,4
ICBHI_123_1b1_AL_003,ICBHI_123_1b1_AL,ICBHI_123,0,ICBHI,Meditron,0.0100523686579681,4
ICBHI_123_1b1_AL_004,ICBHI_123_1b1_AL,ICBHI_123,0,ICBHI,Meditron,0.0081562486269734,4
ICBHI_123_1b1_AL_005,ICBHI_123_1b1_AL,ICBHI_123,0,ICBHI,Meditron,0.0009811718812071,4
ICBHI_123_1b1_AL_006,ICBHI_123_1b1_AL,ICBHI_123,0,ICBHI,Meditron,0.0002737216731838,4
ICBHI_130_1p2_AL_000,ICBHI_130_1p2_AL,ICBHI_130,1,ICBHI,AKGC417L,0.8927496741072254,4
ICBHI_130_1p2_AL_001,ICBHI_130_1p2_AL,ICBHI_130,1,ICBHI,AKGC417L,0.0513675083869614,4
ICBHI_130_1p2_AL_002,ICBHI_130_1p2_AL,ICBHI_130,1,ICBHI,AKGC417L,0.2501793000910687,4
ICBHI_130_1p2_AL_003,ICBHI_130_1p2_AL,ICBHI_130,1,ICBHI,AKGC417L,0.6785400001155409,4
ICBHI_130_1p2_AL_004,ICBHI_130_1p2_AL,ICBHI_130,1,ICBHI,AKGC417L,0.9857180660748888,4
ICBHI_130_1p2_AL_005,ICBHI_130_1p2_AL,ICBHI_130,1,ICBHI,AKGC417L,0.9830200077626816,4
ICBHI_130_1p2_AL_006,ICBHI_130_1p2_AL,ICBHI_130,1,ICBHI,AKGC417L,0.9830200077626816,4
ICBHI_130_1p2_AR_000,ICBHI_130_1p2_AR,ICBHI_130,1,ICBHI,AKGC417L,0.9962927471256138,4
ICBHI_130_1p2_AR_001,ICBHI_130_1p2_AR,ICBHI_130,1,ICBHI,AKGC417L,0.9775000306229962,4
ICBHI_130_1p2_AR_002,ICBHI_130_1p2_AR,ICBHI_130,1,ICBHI,AKGC417L,0.9701834588562,4
ICBHI_130_1p2_AR_003,ICBHI_130_1p2_AR,ICBHI_130,1,ICBHI,AKGC417L,0.9782604045723282,4
ICBHI_130_1p2_AR_004,ICBHI_130_1p2_AR,ICBHI_130,1,ICBHI,AKGC417L,0.993734466224161,4
ICBHI_130_1p2_AR_005,ICBHI_130_1p2_AR,ICBHI_130,1,ICBHI,AKGC417L,0.9970189672701452,4
ICBHI_130_1p2_AR_006,ICBHI_130_1p2_AR,ICBHI_130,1,ICBHI,AKGC417L,0.9974885364861902,4
ICBHI_130_1p2_LL_000,ICBHI_130_1p2_LL,ICBHI_130,1,ICBHI,AKGC417L,0.9901401446964612,4
ICBHI_130_1p2_LL_001,ICBHI_130_1p2_LL,ICBHI_130,1,ICBHI,AKGC417L,0.9952632510442234,4
ICBHI_130_1p2_LL_002,ICBHI_130_1p2_LL,ICBHI_130,1,ICBHI,AKGC417L,0.9941118405241954,4
ICBHI_130_1p2_LL_003,ICBHI_130_1p2_LL,ICBHI_130,1,ICBHI,AKGC417L,0.9871292507842532,4
ICBHI_130_1p2_LL_004,ICBHI_130_1p2_LL,ICBHI_130,1,ICBHI,AKGC417L,0.9959614084284945,4
ICBHI_130_1p2_LL_005,ICBHI_130_1p2_LL,ICBHI_130,1,ICBHI,AKGC417L,0.9966495765851902,4
ICBHI_130_1p2_LL_006,ICBHI_130_1p2_LL,ICBHI_130,1,ICBHI,AKGC417L,0.9917484014309144,4
ICBHI_130_1p2_LR_000,ICBHI_130_1p2_LR,ICBHI_130,1,ICBHI,AKGC417L,0.9963641911822828,4
ICBHI_130_1p2_LR_001,ICBHI_130_1p2_LR,ICBHI_130,1,ICBHI,AKGC417L,0.9962927471256138,4
ICBHI_130_1p2_LR_002,ICBHI_130_1p2_LR,ICBHI_130,1,ICBHI,AKGC417L,0.9963071469612744,4
ICBHI_130_1p2_LR_003,ICBHI_130_1p2_LR,ICBHI_130,1,ICBHI,AKGC417L,0.996205165779956,4
ICBHI_130_1p2_LR_004,ICBHI_130_1p2_LR,ICBHI_130,1,ICBHI,AKGC417L,0.9959770900642708,4
ICBHI_130_1p2_LR_005,ICBHI_130_1p2_LR,ICBHI_130,1,ICBHI,AKGC417L,0.9954261357223732,4
ICBHI_130_1p2_LR_006,ICBHI_130_1p2_LR,ICBHI_130,1,ICBHI,AKGC417L,0.9929061381210884,4
ICBHI_130_1p2_PL_000,ICBHI_130_1p2_PL,ICBHI_130,1,ICBHI,AKGC417L,0.9921537607074792,4
ICBHI_130_1p2_PL_001,ICBHI_130_1p2_PL,ICBHI_130,1,ICBHI,AKGC417L,0.9893885786697612,4
ICBHI_130_1p2_PL_002,ICBHI_130_1p2_PL,ICBHI_130,1,ICBHI,AKGC417L,0.990216123982345,4
ICBHI_130_1p2_PL_003,ICBHI_130_1p2_PL,ICBHI_130,1,ICBHI,AKGC417L,0.991875291221819,4
ICBHI_130_1p2_PL_004,ICBHI_130_1p2_PL,ICBHI_130,1,ICBHI,AKGC417L,0.9882221573114804,4
ICBHI_130_1p2_PL_005,ICBHI_130_1p2_PL,ICBHI_130,1,ICBHI,AKGC417L,0.987568349146814,4
ICBHI_130_1p2_PL_006,ICBHI_130_1p2_PL,ICBHI_130,1,ICBHI,AKGC417L,0.9895513745548832,4
ICBHI_130_1p2_PR_000,ICBHI_130_1p2_PR,ICBHI_130,1,ICBHI,AKGC417L,0.9973785590538324,4
ICBHI_130_1p2_PR_001,ICBHI_130_1p2_PR,ICBHI_130,1,ICBHI,AKGC417L,0.9961456361730884,4
ICBHI_130_1p2_PR_002,ICBHI_130_1p2_PR,ICBHI_130,1,ICBHI,AKGC417L,0.9932811299991624,4
ICBHI_130_1p2_PR_003,ICBHI_130_1p2_PR,ICBHI_130,1,ICBHI,AKGC417L,0.9925393565360598,4
ICBHI_130_1p2_PR_004,ICBHI_130_1p2_PR,ICBHI_130,1,ICBHI,AKGC417L,0.994466612060986,4
ICBHI_130_1p2_PR_005,ICBHI_130_1p2_PR,ICBHI_130,1,ICBHI,AKGC417L,0.9944234551774076,4
ICBHI_130_1p2_PR_006,ICBHI_130_1p2_PR,ICBHI_130,1,ICBHI,AKGC417L,0.994269753485008,4
ICBHI_130_1p2_TC_000,ICBHI_130_1p2_TC,ICBHI_130,1,ICBHI,AKGC417L,0.9272316200722835,4
ICBHI_130_1p2_TC_001,ICBHI_130_1p2_TC,ICBHI_130,1,ICBHI,AKGC417L,0.9196425311777928,4
ICBHI_130_1p2_TC_002,ICBHI_130_1p2_TC,ICBHI_130,1,ICBHI,AKGC417L,0.0643000545122775,4
ICBHI_130_1p2_TC_003,ICBHI_130_1p2_TC,ICBHI_130,1,ICBHI,AKGC417L,0.9683213752172553,4
ICBHI_130_1p2_TC_004,ICBHI_130_1p2_TC,ICBHI_130,1,ICBHI,AKGC417L,0.979899764423248,4
ICBHI_130_1p2_TC_005,ICBHI_130_1p2_TC,ICBHI_130,1,ICBHI,AKGC417L,0.9885803853543514,4
ICBHI_130_1p2_TC_006,ICBHI_130_1p2_TC,ICBHI_130,1,ICBHI,AKGC417L,0.9925103751011916,4
ICBHI_130_1p3_AL_000,ICBHI_130_1p3_AL,ICBHI_130,1,ICBHI,AKGC417L,0.9202179865359068,4
ICBHI_130_1p3_AL_001,ICBHI_130_1p3_AL,ICBHI_130,1,ICBHI,AKGC417L,0.9099070060380482,4
ICBHI_130_1p3_AL_002,ICBHI_130_1p3_AL,ICBHI_130,1,ICBHI,AKGC417L,0.8510885144206358,4
ICBHI_130_1p3_AL_003,ICBHI_130_1p3_AL,ICBHI_130,1,ICBHI,AKGC417L,0.9394706097974612,4
ICBHI_130_1p3_AL_004,ICBHI_130_1p3_AL,ICBHI_130,1,ICBHI,AKGC417L,0.9571978541000364,4
ICBHI_130_1p3_AL_005,ICBHI_130_1p3_AL,ICBHI_130,1,ICBHI,AKGC417L,0.9860442896017269,4
ICBHI_130_1p3_AL_006,ICBHI_130_1p3_AL,ICBHI_130,1,ICBHI,AKGC417L,0.976355659124078,4
ICBHI_130_1p3_AR_000,ICBHI_130_1p3_AR,ICBHI_130,1,ICBHI,AKGC417L,0.995634673888606,4
ICBHI_130_1p3_AR_001,ICBHI_130_1p3_AR,ICBHI_130,1,ICBHI,AKGC417L,0.995634673888606,4
ICBHI_130_1p3_AR_002,ICBHI_130_1p3_AR,ICBHI_130,1,ICBHI,AKGC417L,0.9926541734255228,4
ICBHI_130_1p3_AR_003,ICBHI_130_1p3_AR,ICBHI_130,1,ICBHI,AKGC417L,0.9963641911822828,4
ICBHI_130_1p3_AR_004,ICBHI_130_1p3_AR,ICBHI_130,1,ICBHI,AKGC417L,0.9961903698015272,4
ICBHI_130_1p3_AR_005,ICBHI_130_1p3_AR,ICBHI_130,1,ICBHI,AKGC417L,0.995801204728528,4
ICBHI_130_1p3_AR_006,ICBHI_130_1p3_AR,ICBHI_130,1,ICBHI,AKGC417L,0.9889705299774982,4
ICBHI_130_1p3_LL_000,ICBHI_130_1p3_LL,ICBHI_130,1,ICBHI,AKGC417L,0.9894295113796924,4
ICBHI_130_1p3_LL_001,ICBHI_130_1p3_LL,ICBHI_130,1,ICBHI,AKGC417L,0.9532750413739076,4
ICBHI_130_1p3_LL_002,ICBHI_130_1p3_LL,ICBHI_130,1,ICBHI,AKGC417L,0.9834704434423458,4
ICBHI_130_1p3_LL_003,ICBHI_130_1p3_LL,ICBHI_130,1,ICBHI,AKGC417L,0.9889278398167658,4
ICBHI_130_1p3_LL_004,ICBHI_130_1p3_LL,ICBHI_130,1,ICBHI,AKGC417L,0.9793145407099588,4
ICBHI_130_1p3_LL_005,ICBHI_130_1p3_LL,ICBHI_130,1,ICBHI,AKGC417L,0.9729338243348664,4
ICBHI_130_1p3_LL_006,ICBHI_130_1p3_LL,ICBHI_130,1,ICBHI,AKGC417L,0.9141375437004452,4
ICBHI_130_1p3_LR_000,ICBHI_130_1p3_LR,ICBHI_130,1,ICBHI,AKGC417L,0.9912548183179648,4
ICBHI_130_1p3_LR_001,ICBHI_130_1p3_LR,ICBHI_130,1,ICBHI,AKGC417L,0.9849273716910544,4
ICBHI_130_1p3_LR_002,ICBHI_130_1p3_LR,ICBHI_130,1,ICBHI,AKGC417L,0.9818056317790944,4
ICBHI_130_1p3_LR_003,ICBHI_130_1p3_LR,ICBHI_130,1,ICBHI,AKGC417L,0.9926256346917622,4
ICBHI_130_1p3_LR_004,ICBHI_130_1p3_LR,ICBHI_130,1,ICBHI,AKGC417L,0.9930423911926236,4
ICBHI_130_1p3_LR_005,ICBHI_130_1p3_LR,ICBHI_130,1,ICBHI,AKGC417L,0.982151261550011,4
ICBHI_130_1p3_LR_006,ICBHI_130_1p3_LR,ICBHI_130,1,ICBHI,AKGC417L,0.9754369112279712,4
ICBHI_130_1p3_PL_000,ICBHI_130_1p3_PL,ICBHI_130,1,ICBHI,AKGC417L,0.9639160573870332,4
ICBHI_130_1p3_PL_001,ICBHI_130_1p3_PL,ICBHI_130,1,ICBHI,AKGC417L,0.977756332416123,4
ICBHI_130_1p3_PL_002,ICBHI_130_1p3_PL,ICBHI_130,1,ICBHI,AKGC417L,0.9823555365894354,4
ICBHI_130_1p3_PL_003,ICBHI_130_1p3_PL,ICBHI_130,1,ICBHI,AKGC417L,0.9753431444580398,4
ICBHI_130_1p3_PL_004,ICBHI_130_1p3_PL,ICBHI_130,1,ICBHI,AKGC417L,0.9674717764988552,4
ICBHI_130_1p3_PL_005,ICBHI_130_1p3_PL,ICBHI_130,1,ICBHI,AKGC417L,0.9884026381763672,4
ICBHI_130_1p3_PL_006,ICBHI_130_1p3_PL,ICBHI_130,1,ICBHI,AKGC417L,0.9830200077626816,4
ICBHI_130_1p3_PR_000,ICBHI_130_1p3_PR,ICBHI_130,1,ICBHI,AKGC417L,0.9930693283432538,4
ICBHI_130_1p3_PR_001,ICBHI_130_1p3_PR,ICBHI_130,1,ICBHI,AKGC417L,0.9928785712542648,4
ICBHI_130_1p3_PR_002,ICBHI_130_1p3_PR,ICBHI_130,1,ICBHI,AKGC417L,0.9935618974445168,4
ICBHI_130_1p3_PR_003,ICBHI_130_1p3_PR,ICBHI_130,1,ICBHI,AKGC417L,0.9879462204837636,4
ICBHI_130_1p3_PR_004,ICBHI_130_1p3_PR,ICBHI_130,1,ICBHI,AKGC417L,0.9869292152258128,4
ICBHI_130_1p3_PR_005,ICBHI_130_1p3_PR,ICBHI_130,1,ICBHI,AKGC417L,0.992481281938568,4
ICBHI_130_1p3_PR_006,ICBHI_130_1p3_PR,ICBHI_130,1,ICBHI,AKGC417L,0.9927952309111312,4
ICBHI_130_1p3_TC_000,ICBHI_130_1p3_TC,ICBHI_130,1,ICBHI,AKGC417L,0.9463988589047058,4
ICBHI_130_1p3_TC_001,ICBHI_130_1p3_TC,ICBHI_130,1,ICBHI,AKGC417L,0.9591542840900508,4
ICBHI_130_1p3_TC_002,ICBHI_130_1p3_TC,ICBHI_130,1,ICBHI,AKGC417L,0.9476723731536068,4
ICBHI_130_1p3_TC_003,ICBHI_130_1p3_TC,ICBHI_130,1,ICBHI,AKGC417L,0.9498557486112288,4
ICBHI_130_1p3_TC_004,ICBHI_130_1p3_TC,ICBHI_130,1,ICBHI,AKGC417L,0.979784031808104,4
ICBHI_130_1p3_TC_005,ICBHI_130_1p3_TC,ICBHI_130,1,ICBHI,AKGC417L,0.9516839297321508,4
ICBHI_130_1p3_TC_006,ICBHI_130_1p3_TC,ICBHI_130,1,ICBHI,AKGC417L,0.9623206087688784,4
ICBHI_130_1p4_AL_000,ICBHI_130_1p4_AL,ICBHI_130,1,ICBHI,AKGC417L,0.9658995742876884,4
ICBHI_130_1p4_AL_001,ICBHI_130_1p4_AL,ICBHI_130,1,ICBHI,AKGC417L,0.9442797128028252,4
ICBHI_130_1p4_AL_002,ICBHI_130_1p4_AL,ICBHI_130,1,ICBHI,AKGC417L,0.9479621753121426,4
ICBHI_130_1p4_AL_003,ICBHI_130_1p4_AL,ICBHI_130,1,ICBHI,AKGC417L,0.9175984969391424,4
ICBHI_130_1p4_AL_004,ICBHI_130_1p4_AL,ICBHI_130,1,ICBHI,AKGC417L,0.7505527565366589,4
ICBHI_130_1p4_AL_005,ICBHI_130_1p4_AL,ICBHI_130,1,ICBHI,AKGC417L,0.8693822533293992,4
ICBHI_130_1p4_AL_006,ICBHI_130_1p4_AL,ICBHI_130,1,ICBHI,AKGC417L,0.8728901242892064,4
ICBHI_130_1p4_AR_000,ICBHI_130_1p4_AR,ICBHI_130,1,ICBHI,AKGC417L,0.9830200077626816,4
ICBHI_130_1p4_AR_001,ICBHI_130_1p4_AR,ICBHI_130,1,ICBHI,AKGC417L,0.990944735813278,4
ICBHI_130_1p4_AR_002,ICBHI_130_1p4_AR,ICBHI_130,1,ICBHI,AKGC417L,0.9889278398167658,4
ICBHI_130_1p4_AR_003,ICBHI_130_1p4_AR,ICBHI_130,1,ICBHI,AKGC417L,0.9653158276272332,4
ICBHI_130_1p4_AR_004,ICBHI_130_1p4_AR,ICBHI_130,1,ICBHI,AKGC417L,0.9074763422184106,4
ICBHI_130_1p4_AR_005,ICBHI_130_1p4_AR,ICBHI_130,1,ICBHI,AKGC417L,0.9312127108687196,4
ICBHI_130_1p4_AR_006,ICBHI_130_1p4_AR,ICBHI_130,1,ICBHI,AKGC417L,0.9187722440021828,4
ICBHI_130_1p4_LL_000,ICBHI_130_1p4_LL,ICBHI_130,1,ICBHI,AKGC417L,0.9822877012965884,4
ICBHI_130_1p4_LL_001,ICBHI_130_1p4_LL,ICBHI_130,1,ICBHI,AKGC417L,0.927363293639213,4
ICBHI_130_1p4_LL_002,ICBHI_130_1p4_LL,ICBHI_130,1,ICBHI,AKGC417L,0.9607312480728336,4
ICBHI_130_1p4_LL_003,ICBHI_130_1p4_LL,ICBHI_130,1,ICBHI,AKGC417L,0.9893474891602738,4
ICBHI_130_1p4_LL_004,ICBHI_130_1p4_LL,ICBHI_130,1,ICBHI,AKGC417L,0.992334125311354,4
ICBHI_130_1p4_LL_005,ICBHI_130_1p4_LL,ICBHI_130,1,ICBHI,AKGC417L,0.989947631342032,4
ICBHI_130_1p4_LL_006,ICBHI_130_1p4_LL,ICBHI_130,1,ICBHI,AKGC417L,0.9856076636305632,4
ICBHI_130_1p4_LR_000,ICBHI_130_1p4_LR,ICBHI_130,1,ICBHI,AKGC417L,0.992214345234632,4
ICBHI_130_1p4_LR_001,ICBHI_130_1p4_LR,ICBHI_130,1,ICBHI,AKGC417L,0.9746286885255978,4
ICBHI_130_1p4_LR_002,ICBHI_130_1p4_LR,ICBHI_130,1,ICBHI,AKGC417L,0.9819446650265006,4
ICBHI_130_1p4_LR_003,ICBHI_130_1p4_LR,ICBHI_130,1,ICBHI,AKGC417L,0.9923043528216078,4
ICBHI_130_1p4_LR_004,ICBHI_130_1p4_LR,ICBHI_130,1,ICBHI,AKGC417L,0.9930423911926236,4
ICBHI_130_1p4_LR_005,ICBHI_130_1p4_LR,ICBHI_130,1,ICBHI,AKGC417L,0.9937829218577496,4
ICBHI_130_1p4_LR_006,ICBHI_130_1p4_LR,ICBHI_130,1,ICBHI,AKGC417L,0.9935368622818452,4
ICBHI_130_1p4_PL_000,ICBHI_130_1p4_PL,ICBHI_130,1,ICBHI,AKGC417L,0.9883127420043056,4
ICBHI_130_1p4_PL_001,ICBHI_130_1p4_PL,ICBHI_130,1,ICBHI,AKGC417L,0.9836598719063984,4
ICBHI_130_1p4_PL_002,ICBHI_130_1p4_PL,ICBHI_130,1,ICBHI,AKGC417L,0.9904775143296634,4
ICBHI_130_1p4_PL_003,ICBHI_130_1p4_PL,ICBHI_130,1,ICBHI,AKGC417L,0.985384329899364,4
ICBHI_130_1p4_PL_004,ICBHI_130_1p4_PL,ICBHI_130,1,ICBHI,AKGC417L,0.9846936454393052,4
ICBHI_130_1p4_PL_005,ICBHI_130_1p4_PL,ICBHI_130,1,ICBHI,AKGC417L,0.991619546648974,4
ICBHI_130_1p4_PL_006,ICBHI_130_1p4_PL,ICBHI_130,1,ICBHI,AKGC417L,0.9937829218577496,4
ICBHI_130_1p4_PR_000,ICBHI_130_1p4_PR,ICBHI_130,1,ICBHI,AKGC417L,0.9876162153627396,4
ICBHI_130_1p4_PR_001,ICBHI_130_1p4_PR,ICBHI_130,1,ICBHI,AKGC417L,0.9925682266657088,4
ICBHI_130_1p4_PR_002,ICBHI_130_1p4_PR,ICBHI_130,1,ICBHI,AKGC417L,0.9896718474806948,4
ICBHI_130_1p4_PR_003,ICBHI_130_1p4_PR,ICBHI_130,1,ICBHI,AKGC417L,0.9881766051636294,4
ICBHI_130_1p4_PR_004,ICBHI_130_1p4_PR,ICBHI_130,1,ICBHI,AKGC417L,0.9845754479181588,4
ICBHI_130_1p4_PR_005,ICBHI_130_1p4_PR,ICBHI_130,1,ICBHI,AKGC417L,0.991780306938032,4
ICBHI_130_1p4_PR_006,ICBHI_130_1p4_PR,ICBHI_130,1,ICBHI,AKGC417L,0.9913892323324892,4
ICBHI_130_1p4_TC_000,ICBHI_130_1p4_TC,ICBHI_130,1,ICBHI,AKGC417L,0.9876638995791304,4
ICBHI_130_1p4_TC_001,ICBHI_130_1p4_TC,ICBHI_130,1,ICBHI,AKGC417L,0.988536202622004,4
ICBHI_130_1p4_TC_002,ICBHI_130_1p4_TC,ICBHI_130,1,ICBHI,AKGC417L,0.9865198970247336,4
ICBHI_130_1p4_TC_003,ICBHI_130_1p4_TC,ICBHI_130,1,ICBHI,AKGC417L,0.9878996141864552,4
ICBHI_130_1p4_TC_004,ICBHI_130_1p4_TC,ICBHI_130,1,ICBHI,AKGC417L,0.9931760452132232,4
ICBHI_130_1p4_TC_005,ICBHI_130_1p4_TC,ICBHI_130,1,ICBHI,AKGC417L,0.9948202872296428,4
ICBHI_130_1p4_TC_006,ICBHI_130_1p4_TC,ICBHI_130,1,ICBHI,AKGC417L,0.9947186660939475,4
ICBHI_130_2b2_AL_000,ICBHI_130_2b2_AL,ICBHI_130,1,ICBHI,AKGC417L,0.9682013311953048,4
ICBHI_130_2b2_AL_001,ICBHI_130_2b2_AL,ICBHI_130,1,ICBHI,AKGC417L,0.9546474194456936,4
ICBHI_130_2b2_AL_002,ICBHI_130_2b2_AL,ICBHI_130,1,ICBHI,AKGC417L,0.976535343307368,4
ICBHI_130_2b2_AL_003,ICBHI_130_2b2_AL,ICBHI_130,1,ICBHI,AKGC417L,0.9612438064128052,4
ICBHI_130_2b2_AL_004,ICBHI_130_2b2_AL,ICBHI_130,1,ICBHI,AKGC417L,0.96557645058735,4
ICBHI_130_2b2_AL_005,ICBHI_130_2b2_AL,ICBHI_130,1,ICBHI,AKGC417L,0.9766692311915196,4
ICBHI_130_2b2_AL_006,ICBHI_130_2b2_AL,ICBHI_130,1,ICBHI,AKGC417L,0.9750597460625842,4
ICBHI_130_2b2_AR_000,ICBHI_130_2b2_AR,ICBHI_130,1,ICBHI,AKGC417L,0.9637117023352416,4
ICBHI_130_2b2_AR_001,ICBHI_130_2b2_AR,ICBHI_130,1,ICBHI,AKGC417L,0.9760836129001416,4
ICBHI_130_2b2_AR_002,ICBHI_130_2b2_AR,ICBHI_130,1,ICBHI,AKGC417L,0.9856076636305632,4
ICBHI_130_2b2_AR_003,ICBHI_130_2b2_AR,ICBHI_130,1,ICBHI,AKGC417L,0.9896718474806948,4
ICBHI_130_2b2_AR_004,ICBHI_130_2b2_AR,ICBHI_130,1,ICBHI,AKGC417L,0.9839708526340988,4
ICBHI_130_2b2_AR_005,ICBHI_130_2b2_AR,ICBHI_130,1,ICBHI,AKGC417L,0.9668514815975204,4
ICBHI_130_2b2_AR_006,ICBHI_130_2b2_AR,ICBHI_130,1,ICBHI,AKGC417L,0.9851575827657516,4
ICBHI_130_2b2_LL_000,ICBHI_130_2b2_LL,ICBHI_130,1,ICBHI,AKGC417L,0.992000245491622,4
ICBHI_130_2b2_LL_001,ICBHI_130_2b2_LL,ICBHI_130,1,ICBHI,AKGC417L,0.9929609544025984,4
ICBHI_130_2b2_LL_002,ICBHI_130_2b2_LL,ICBHI_130,1,ICBHI,AKGC417L,0.79881528176072,4
ICBHI_130_2b2_LL_003,ICBHI_130_2b2_LL,ICBHI_130,1,ICBHI,AKGC417L,0.3302551569521561,4
ICBHI_130_2b2_LL_004,ICBHI_130_2b2_LL,ICBHI_130,1,ICBHI,AKGC417L,0.7577943712746406,4
ICBHI_130_2b2_LL_005,ICBHI_130_2b2_LL,ICBHI_130,1,ICBHI,AKGC417L,0.9905509186809448,4
ICBHI_130_2b2_LL_006,ICBHI_130_2b2_LL,ICBHI_130,1,ICBHI,AKGC417L,0.9716178771000952,4
ICBHI_130_2b2_LR_000,ICBHI_130_2b2_LR,ICBHI_130,1,ICBHI,AKGC417L,0.9849273716910544,4
ICBHI_130_2b2_LR_001,ICBHI_130_2b2_LR,ICBHI_130,1,ICBHI,AKGC417L,0.8964328436644923,4
ICBHI_130_2b2_LR_002,ICBHI_130_2b2_LR,ICBHI_130,1,ICBHI,AKGC417L,0.97982268167713,4
ICBHI_130_2b2_LR_003,ICBHI_130_2b2_LR,ICBHI_130,1,ICBHI,AKGC417L,0.9915215980653224,4
ICBHI_130_2b2_LR_004,ICBHI_130_2b2_LR,ICBHI_130,1,ICBHI,AKGC417L,0.989947631342032,4
ICBHI_130_2b2_LR_005,ICBHI_130_2b2_LR,ICBHI_130,1,ICBHI,AKGC417L,0.9921841112107114,4
ICBHI_130_2b2_LR_006,ICBHI_130_2b2_LR,ICBHI_130,1,ICBHI,AKGC417L,0.9881308789536604,4
ICBHI_130_2b2_PL_000,ICBHI_130_2b2_PL,ICBHI_130,1,ICBHI,AKGC417L,0.9901782070803068,4
ICBHI_130_2b2_PL_001,ICBHI_130_2b2_PL,ICBHI_130,1,ICBHI,AKGC417L,0.9883127420043056,4
ICBHI_130_2b2_PL_002,ICBHI_130_2b2_PL,ICBHI_130,1,ICBHI,AKGC417L,0.9881308789536604,4
ICBHI_130_2b2_PL_003,ICBHI_130_2b2_PL,ICBHI_130,1,ICBHI,AKGC417L,0.9882675360436518,4
ICBHI_130_2b2_PL_004,ICBHI_130_2b2_PL,ICBHI_130,1,ICBHI,AKGC417L,0.991118324899153,4
ICBHI_130_2b2_PL_005,ICBHI_130_2b2_PL,ICBHI_130,1,ICBHI,AKGC417L,0.9912208911330882,4
ICBHI_130_2b2_PL_006,ICBHI_130_2b2_PL,ICBHI_130,1,ICBHI,AKGC417L,0.9884026381763672,4
ICBHI_130_2b2_PR_000,ICBHI_130_2b2_PR,ICBHI_130,1,ICBHI,AKGC417L,0.994445075296309,4
ICBHI_130_2b2_PR_001,ICBHI_130_2b2_PR,ICBHI_130,1,ICBHI,AKGC417L,0.9891815513471368,4
ICBHI_130_2b2_PR_002,ICBHI_130_2b2_PR,ICBHI_130,1,ICBHI,AKGC417L,0.9904775143296634,4
ICBHI_130_2b2_PR_003,ICBHI_130_2b2_PR,ICBHI_130,1,ICBHI,AKGC417L,0.994939667968034,4
ICBHI_130_2b2_PR_004,ICBHI_130_2b2_PR,ICBHI_130,1,ICBHI,AKGC417L,0.9919691867837398,4
ICBHI_130_2b2_PR_005,ICBHI_130_2b2_PR,ICBHI_130,1,ICBHI,AKGC417L,0.9885803853543514,4
ICBHI_130_2b2_PR_006,ICBHI_130_2b2_PR,ICBHI_130,1,ICBHI,AKGC417L,0.992334125311354,4
ICBHI_130_2b2_TC_000,ICBHI_130_2b2_TC,ICBHI_130,1,ICBHI,AKGC417L,0.9799765587105448,4
ICBHI_130_2b2_TC_001,ICBHI_130_2b2_TC,ICBHI_130,1,ICBHI,AKGC417L,0.959230733755612,4
ICBHI_130_2b2_TC_002,ICBHI_130_2b2_TC,ICBHI_130,1,ICBHI,AKGC417L,0.977197364031994,4
ICBHI_130_2b2_TC_003,ICBHI_130_2b2_TC,ICBHI_130,1,ICBHI,AKGC417L,0.9294404038127072,4
ICBHI_130_2b2_TC_004,ICBHI_130_2b2_TC,ICBHI_130,1,ICBHI,AKGC417L,0.910386183348348,4
ICBHI_130_2b2_TC_005,ICBHI_130_2b2_TC,ICBHI_130,1,ICBHI,AKGC417L,0.8234704036870838,4
ICBHI_130_2b2_TC_006,ICBHI_130_2b2_TC,ICBHI_130,1,ICBHI,AKGC417L,0.9502265513945876,4
ICBHI_130_2b3_AL_000,ICBHI_130_2b3_AL,ICBHI_130,1,ICBHI,AKGC417L,0.0276377218735811,4
ICBHI_130_2b3_AL_001,ICBHI_130_2b3_AL,ICBHI_130,1,ICBHI,AKGC417L,0.0051196762380618,4
ICBHI_130_2b3_AL_002,ICBHI_130_2b3_AL,ICBHI_130,1,ICBHI,AKGC417L,0.9276259821794456,4
ICBHI_130_2b3_AL_003,ICBHI_130_2b3_AL,ICBHI_130,1,ICBHI,AKGC417L,0.9745803476190712,4
ICBHI_130_2b3_AL_004,ICBHI_130_2b3_AL,ICBHI_130,1,ICBHI,AKGC417L,0.9777987710969442,4
ICBHI_130_2b3_AL_005,ICBHI_130_2b3_AL,ICBHI_130,1,ICBHI,AKGC417L,0.9878058669624096,4
ICBHI_130_2b3_AL_006,ICBHI_130_2b3_AL,ICBHI_130,1,ICBHI,AKGC417L,0.978343323718742,4
ICBHI_130_2b3_AR_000,ICBHI_130_2b3_AR,ICBHI_130,1,ICBHI,AKGC417L,0.974386085430022,4
ICBHI_130_2b3_AR_001,ICBHI_130_2b3_AR,ICBHI_130,1,ICBHI,AKGC417L,0.9790758090833794,4
ICBHI_130_2b3_AR_002,ICBHI_130_2b3_AR,ICBHI_130,1,ICBHI,AKGC417L,0.9829546827465642,4
ICBHI_130_2b3_AR_003,ICBHI_130_2b3_AR,ICBHI_130,1,ICBHI,AKGC417L,0.9812748375316978,4
ICBHI_130_2b3_AR_004,ICBHI_130_2b3_AR,ICBHI_130,1,ICBHI,AKGC417L,0.9846346585586978,4
ICBHI_130_2b3_AR_005,ICBHI_130_2b3_AR,ICBHI_130,1,ICBHI,AKGC417L,0.9772408443444812,4
ICBHI_130_2b3_AR_006,ICBHI_130_2b3_AR,ICBHI_130,1,ICBHI,AKGC417L,0.9836598719063984,4
ICBHI_130_2b3_LL_000,ICBHI_130_2b3_LL,ICBHI_130,1,ICBHI,AKGC417L,0.940789749258714,4
ICBHI_130_2b3_LL_001,ICBHI_130_2b3_LL,ICBHI_130,1,ICBHI,AKGC417L,0.7364006023908275,4
ICBHI_130_2b3_LL_002,ICBHI_130_2b3_LL,ICBHI_130,1,ICBHI,AKGC417L,0.9846346585586978,4
ICBHI_130_2b3_LL_003,ICBHI_130_2b3_LL,ICBHI_130,1,ICBHI,AKGC417L,0.9663470356814964,4
ICBHI_130_2b3_LL_004,ICBHI_130_2b3_LL,ICBHI_130,1,ICBHI,AKGC417L,0.97129292184185,4
ICBHI_130_2b3_LL_005,ICBHI_130_2b3_LL,ICBHI_130,1,ICBHI,AKGC417L,0.9715639669551474,4
ICBHI_130_2b3_LL_006,ICBHI_130_2b3_LL,ICBHI_130,1,ICBHI,AKGC417L,0.98636316471857,4
ICBHI_130_2b3_LR_000,ICBHI_130_2b3_LR,ICBHI_130,1,ICBHI,AKGC417L,0.996115523451234,4
ICBHI_130_2b3_LR_001,ICBHI_130_2b3_LR,ICBHI_130,1,ICBHI,AKGC417L,0.9928508980334536,4
ICBHI_130_2b3_LR_002,ICBHI_130_2b3_LR,ICBHI_130,1,ICBHI,AKGC417L,0.994998327750071,4
ICBHI_130_2b3_LR_003,ICBHI_130_2b3_LR,ICBHI_130,1,ICBHI,AKGC417L,0.9961606052199882,4
ICBHI_130_2b3_LR_004,ICBHI_130_2b3_LR,ICBHI_130,1,ICBHI,AKGC417L,0.99709914228914,4
ICBHI_130_2b3_LR_005,ICBHI_130_2b3_LR,ICBHI_130,1,ICBHI,AKGC417L,0.9968641641227172,4
ICBHI_130_2b3_LR_006,ICBHI_130_2b3_LR,ICBHI_130,1,ICBHI,AKGC417L,0.9948603889024312,4
ICBHI_130_2b3_PL_000,ICBHI_130_2b3_PL,ICBHI_130,1,ICBHI,AKGC417L,0.9901401446964612,4
ICBHI_130_2b3_PL_001,ICBHI_130_2b3_PL,ICBHI_130,1,ICBHI,AKGC417L,0.9914886969734374,4
ICBHI_130_2b3_PL_002,ICBHI_130_2b3_PL,ICBHI_130,1,ICBHI,AKGC417L,0.9888849862785224,4
ICBHI_130_2b3_PL_003,ICBHI_130_2b3_PL,ICBHI_130,1,ICBHI,AKGC417L,0.9917484014309144,4
ICBHI_130_2b3_PL_004,ICBHI_130_2b3_PL,ICBHI_130,1,ICBHI,AKGC417L,0.9946567440438504,4
ICBHI_130_2b3_PL_005,ICBHI_130_2b3_PL,ICBHI_130,1,ICBHI,AKGC417L,0.9934357507792256,4
ICBHI_130_2b3_PL_006,ICBHI_130_2b3_PL,ICBHI_130,1,ICBHI,AKGC417L,0.9921841112107114,4
ICBHI_130_2b3_PR_000,ICBHI_130_2b3_PR,ICBHI_130,1,ICBHI,AKGC417L,0.995354442450284,4
ICBHI_130_2b3_PR_001,ICBHI_130_2b3_PR,ICBHI_130,1,ICBHI,AKGC417L,0.9927952309111312,4
ICBHI_130_2b3_PR_002,ICBHI_130_2b3_PR,ICBHI_130,1,ICBHI,AKGC417L,0.9929335990367508,4
ICBHI_130_2b3_PR_003,ICBHI_130_2b3_PR,ICBHI_130,1,ICBHI,AKGC417L,0.9906960501316064,4
ICBHI_130_2b3_PR_004,ICBHI_130_2b3_PR,ICBHI_130,1,ICBHI,AKGC417L,0.994998327750071,4
ICBHI_130_2b3_PR_005,ICBHI_130_2b3_PR,ICBHI_130,1,ICBHI,AKGC417L,0.9960082716305864,4
ICBHI_130_2b3_PR_006,ICBHI_130_2b3_PR,ICBHI_130,1,ICBHI,AKGC417L,0.9898695883364156,4
ICBHI_130_2b3_TC_000,ICBHI_130_2b3_TC,ICBHI_130,1,ICBHI,AKGC417L,0.9881766051636294,4
ICBHI_130_2b3_TC_001,ICBHI_130_2b3_TC,ICBHI_130,1,ICBHI,AKGC417L,0.9857180660748888,4
ICBHI_130_2b3_TC_002,ICBHI_130_2b3_TC,ICBHI_130,1,ICBHI,AKGC417L,0.9901401446964612,4
ICBHI_130_2b3_TC_003,ICBHI_130_2b3_TC,ICBHI_130,1,ICBHI,AKGC417L,0.9907677855954636,4
ICBHI_130_2b3_TC_004,ICBHI_130_2b3_TC,ICBHI_130,1,ICBHI,AKGC417L,0.9887119261007692,4
ICBHI_130_2b3_TC_005,ICBHI_130_2b3_TC,ICBHI_130,1,ICBHI,AKGC417L,0.9867261125456144,4
ICBHI_130_2b3_TC_006,ICBHI_130_2b3_TC,ICBHI_130,1,ICBHI,AKGC417L,0.9720986237904434,4
ICBHI_130_2b4_AL_000,ICBHI_130_2b4_AL,ICBHI_130,1,ICBHI,AKGC417L,0.9440738263146948,4
ICBHI_130_2b4_AL_001,ICBHI_130_2b4_AL,ICBHI_130,1,ICBHI,AKGC417L,0.9760379759604948,4
ICBHI_130_2b4_AL_002,ICBHI_130_2b4_AL,ICBHI_130,1,ICBHI,AKGC417L,0.979472211759856,4
ICBHI_130_2b4_AL_003,ICBHI_130_2b4_AL,ICBHI_130,1,ICBHI,AKGC417L,0.9862046355788148,4
ICBHI_130_2b4_AL_004,ICBHI_130_2b4_AL,ICBHI_130,1,ICBHI,AKGC417L,0.9754369112279712,4
ICBHI_130_2b4_AL_005,ICBHI_130_2b4_AL,ICBHI_130,1,ICBHI,AKGC417L,0.9673486215396556,4
ICBHI_130_2b4_AL_006,ICBHI_130_2b4_AL,ICBHI_130,1,ICBHI,AKGC417L,0.9750122054090996,4
ICBHI_130_2b4_AR_000,ICBHI_130_2b4_AR,ICBHI_130,1,ICBHI,AKGC417L,0.9438672242987702,4
ICBHI_130_2b4_AR_001,ICBHI_130_2b4_AR,ICBHI_130,1,ICBHI,AKGC417L,0.966283461307112,4
ICBHI_130_2b4_AR_002,ICBHI_130_2b4_AR,ICBHI_130,1,ICBHI,AKGC417L,0.962743232064167,4
ICBHI_130_2b4_AR_003,ICBHI_130_2b4_AR,ICBHI_130,1,ICBHI,AKGC417L,0.9770226300899744,4
ICBHI_130_2b4_AR_004,ICBHI_130_2b4_AR,ICBHI_130,1,ICBHI,AKGC417L,0.9766692311915196,4
ICBHI_130_2b4_AR_005,ICBHI_130_2b4_AR,ICBHI_130,1,ICBHI,AKGC417L,0.9602121916306376,4
ICBHI_130_2b4_AR_006,ICBHI_130_2b4_AR,ICBHI_130,1,ICBHI,AKGC417L,0.9561454366001264,4
ICBHI_130_2b4_LL_000,ICBHI_130_2b4_LL,ICBHI_130,1,ICBHI,AKGC417L,0.964788863578424,4
ICBHI_130_2b4_LL_001,ICBHI_130_2b4_LL,ICBHI_130,1,ICBHI,AKGC417L,0.978671918339908,4
ICBHI_130_2b4_LL_002,ICBHI_130_2b4_LL,ICBHI_130,1,ICBHI,AKGC417L,0.9957684125218388,4
ICBHI_130_2b4_LL_003,ICBHI_130_2b4_LL,ICBHI_130,1,ICBHI,AKGC417L,0.9945519319148104,4
ICBHI_130_2b4_LL_004,ICBHI_130_2b4_LL,ICBHI_130,1,ICBHI,AKGC417L,0.992214345234632,4
ICBHI_130_2b4_LL_005,ICBHI_130_2b4_LL,ICBHI_130,1,ICBHI,AKGC417L,0.9884918509356968,4
ICBHI_130_2b4_LL_006,ICBHI_130_2b4_LL,ICBHI_130,1,ICBHI,AKGC417L,0.9909797204985978,4
ICBHI_130_2b4_LR_000,ICBHI_130_2b4_LR,ICBHI_130,1,ICBHI,AKGC417L,0.9945940999219732,4
ICBHI_130_2b4_LR_001,ICBHI_130_2b4_LR,ICBHI_130,1,ICBHI,AKGC417L,0.9968149391785504,4
ICBHI_130_2b4_LR_002,ICBHI_130_2b4_LR,ICBHI_130,1,ICBHI,AKGC417L,0.99440175138534,4
ICBHI_130_2b4_LR_003,ICBHI_130_2b4_LR,ICBHI_130,1,ICBHI,AKGC417L,0.9851003567309808,4
ICBHI_130_2b4_LR_004,ICBHI_130_2b4_LR,ICBHI_130,1,ICBHI,AKGC417L,0.9960237720255248,4
ICBHI_130_2b4_LR_005,ICBHI_130_2b4_LR,ICBHI_130,1,ICBHI,AKGC417L,0.994939667968034,4
ICBHI_130_2b4_LR_006,ICBHI_130_2b4_LR,ICBHI_130,1,ICBHI,AKGC417L,0.9926826025287876,4
ICBHI_130_2b4_PL_000,ICBHI_130_2b4_PL,ICBHI_130,1,ICBHI,AKGC417L,0.9879462204837636,4
ICBHI_130_2b4_PL_001,ICBHI_130_2b4_PL,ICBHI_130,1,ICBHI,AKGC417L,0.9849852519941804,4
ICBHI_130_2b4_PL_002,ICBHI_130_2b4_PL,ICBHI_130,1,ICBHI,AKGC417L,0.9803562393224404,4
ICBHI_130_2b4_PL_003,ICBHI_130_2b4_PL,ICBHI_130,1,ICBHI,AKGC417L,0.989947631342032,4
ICBHI_130_2b4_PL_004,ICBHI_130_2b4_PL,ICBHI_130,1,ICBHI,AKGC417L,0.991875291221819,4
ICBHI_130_2b4_PL_005,ICBHI_130_2b4_PL,ICBHI_130,1,ICBHI,AKGC417L,0.9870296135626316,4
ICBHI_130_2b4_PL_006,ICBHI_130_2b4_PL,ICBHI_130,1,ICBHI,AKGC417L,0.991875291221819,4
ICBHI_130_2p3_PL_000,ICBHI_130_2p3_PL,ICBHI_130,1,ICBHI,AKGC417L,0.9951514669095514,4
ICBHI_130_2p3_PL_001,ICBHI_130_2p3_PL,ICBHI_130,1,ICBHI,AKGC417L,0.99463594330938,4
ICBHI_130_2p3_PL_002,ICBHI_130_2p3_PL,ICBHI_130,1,ICBHI,AKGC417L,0.9933330680687192,4
ICBHI_130_2p3_PL_003,ICBHI_130_2p3_PL,ICBHI_130,1,ICBHI,AKGC417L,0.9938310050773188,4
ICBHI_130_2p3_PL_004,ICBHI_130_2p3_PL,ICBHI_130,1,ICBHI,AKGC417L,0.9939496023117854,4
ICBHI_130_2p3_PL_005,ICBHI_130_2p3_PL,ICBHI_130,1,ICBHI,AKGC417L,0.9927952309111312,4
ICBHI_130_2p3_PL_006,ICBHI_130_2p3_PL,ICBHI_130,1,ICBHI,AKGC417L,0.9926826025287876,4
ICBHI_130_2p5_AL_000,ICBHI_130_2p5_AL,ICBHI_130,1,ICBHI,AKGC417L,0.978834381794042,4
ICBHI_130_2p5_AL_001,ICBHI_130_2p5_AL,ICBHI_130,1,ICBHI,AKGC417L,0.9473810466522864,4
ICBHI_130_2p5_AL_002,ICBHI_130_2p5_AL,ICBHI_130,1,ICBHI,AKGC417L,0.7358315130862205,4
ICBHI_130_2p5_AL_003,ICBHI_130_2p5_AL,ICBHI_130,1,ICBHI,AKGC417L,0.9762653142298868,4
ICBHI_130_2p5_AL_004,ICBHI_130_2p5_AL,ICBHI_130,1,ICBHI,AKGC417L,0.9843363512883316,4
ICBHI_130_2p5_AL_005,ICBHI_130_2p5_AL,ICBHI_130,1,ICBHI,AKGC417L,0.956553103139948,4
ICBHI_130_2p5_AL_006,ICBHI_130_2p5_AL,ICBHI_130,1,ICBHI,AKGC417L,0.977197364031994,4
ICBHI_130_2p5_AR_000,ICBHI_130_2p5_AR,ICBHI_130,1,ICBHI,AKGC417L,0.9802430819947856,4
ICBHI_130_2p5_AR_001,ICBHI_130_2p5_AR,ICBHI_130,1,ICBHI,AKGC417L,0.9772408443444812,4
ICBHI_130_2p5_AR_002,ICBHI_130_2p5_AR,ICBHI_130,1,ICBHI,AKGC417L,0.9779256128989756,4
ICBHI_130_2p5_AR_003,ICBHI_130_2p5_AR,ICBHI_130,1,ICBHI,AKGC417L,0.9782604045723282,4
ICBHI_130_2p5_AR_004,ICBHI_130_2p5_AR,ICBHI_130,1,ICBHI,AKGC417L,0.9699566305886772,4
ICBHI_130_2p5_AR_005,ICBHI_130_2p5_AR,ICBHI_130,1,ICBHI,AKGC417L,0.9381240142763572,4
ICBHI_130_2p5_AR_006,ICBHI_130_2p5_AR,ICBHI_130,1,ICBHI,AKGC417L,0.939136553775108,4
ICBHI_130_2p5_LR_000,ICBHI_130_2p5_LR,ICBHI_130,1,ICBHI,AKGC417L,0.9878058669624096,4
ICBHI_130_2p5_LR_001,ICBHI_130_2p5_LR,ICBHI_130,1,ICBHI,AKGC417L,0.9885803853543514,4
ICBHI_130_2p5_LR_002,ICBHI_130_2p5_LR,ICBHI_130,1,ICBHI,AKGC417L,0.9927391335017144,4
ICBHI_130_2p5_LR_003,ICBHI_130_2p5_LR,ICBHI_130,1,ICBHI,AKGC417L,0.992000245491622,4
ICBHI_130_2p5_LR_004,ICBHI_130_2p5_LR,ICBHI_130,1,ICBHI,AKGC417L,0.990838973077906,4
ICBHI_130_2p5_LR_005,ICBHI_130_2p5_LR,ICBHI_130,1,ICBHI,AKGC417L,0.992481281938568,4
ICBHI_130_2p5_LR_006,ICBHI_130_2p5_LR,ICBHI_130,1,ICBHI,AKGC417L,0.9937587407701782,4
ICBHI_130_2p5_PL_000,ICBHI_130_2p5_PL,ICBHI_130,1,ICBHI,AKGC417L,0.9871787857334058,4
ICBHI_130_2p5_PL_001,ICBHI_130_2p5_PL,ICBHI_130,1,ICBHI,AKGC417L,0.989510908740062,4
ICBHI_130_2p5_PL_002,ICBHI_130_2p5_PL,ICBHI_130,1,ICBHI,AKGC417L,0.9799765587105448,4
ICBHI_130_2p5_PL_003,ICBHI_130_2p5_PL,ICBHI_130,1,ICBHI,AKGC417L,0.9826909042463318,4
ICBHI_130_2p5_PL_004,ICBHI_130_2p5_PL,ICBHI_130,1,ICBHI,AKGC417L,0.9739932150764022,4
ICBHI_130_2p5_PL_005,ICBHI_130_2p5_PL,ICBHI_130,1,ICBHI,AKGC417L,0.0371867751602401,4
ICBHI_130_2p5_PL_006,ICBHI_130_2p5_PL,ICBHI_130,1,ICBHI,AKGC417L,0.9032942067038784,4
ICBHI_130_2p5_PR_000,ICBHI_130_2p5_PR,ICBHI_130,1,ICBHI,AKGC417L,0.9932811299991624,4
ICBHI_130_2p5_PR_001,ICBHI_130_2p5_PR,ICBHI_130,1,ICBHI,AKGC417L,0.9925682266657088,4
ICBHI_130_2p5_PR_002,ICBHI_130_2p5_PR,ICBHI_130,1,ICBHI,AKGC417L,0.990403545267618,4
ICBHI_130_2p5_PR_003,ICBHI_130_2p5_PR,ICBHI_130,1,ICBHI,AKGC417L,0.9921537607074792,4
ICBHI_130_2p5_PR_004,ICBHI_130_2p5_PR,ICBHI_130,1,ICBHI,AKGC417L,0.9932287900693888,4
ICBHI_130_2p5_PR_005,ICBHI_130_2p5_PR,ICBHI_130,1,ICBHI,AKGC417L,0.992710922416408,4
ICBHI_130_2p5_PR_006,ICBHI_130_2p5_PR,ICBHI_130,1,ICBHI,AKGC417L,0.9925103751011916,4
ICBHI_130_2p5_TC_000,ICBHI_130_2p5_TC,ICBHI_130,1,ICBHI,AKGC417L,0.992214345234632,4
ICBHI_130_2p5_TC_001,ICBHI_130_2p5_TC,ICBHI_130,1,ICBHI,AKGC417L,0.993096161928778,4
ICBHI_130_2p5_TC_002,ICBHI_130_2p5_TC,ICBHI_130,1,ICBHI,AKGC417L,0.9926826025287876,4
ICBHI_130_2p5_TC_003,ICBHI_130_2p5_TC,ICBHI_130,1,ICBHI,AKGC417L,0.9919067101026268,4
ICBHI_130_2p5_TC_004,ICBHI_130_2p5_TC,ICBHI_130,1,ICBHI,AKGC417L,0.9924520766240994,4
ICBHI_130_2p5_TC_005,ICBHI_130_2p5_TC,ICBHI_130,1,ICBHI,AKGC417L,0.9929609544025984,4
ICBHI_130_2p5_TC_006,ICBHI_130_2p5_TC,ICBHI_130,1,ICBHI,AKGC417L,0.992988204618503,4
ICBHI_130_3b3_LL_000,ICBHI_130_3b3_LL,ICBHI_130,1,ICBHI,AKGC417L,0.991118324899153,4
ICBHI_130_3b3_LL_001,ICBHI_130_3b3_LL,ICBHI_130,1,ICBHI,AKGC417L,0.9920620058985926,4
ICBHI_130_3b3_LL_002,ICBHI_130_3b3_LL,ICBHI_130,1,ICBHI,AKGC417L,0.994488065789193,4
ICBHI_130_3b3_LL_003,ICBHI_130_3b3_LL,ICBHI_130,1,ICBHI,AKGC417L,0.9947391477427644,4
ICBHI_130_3b3_LL_004,ICBHI_130_3b3_LL,ICBHI_130,1,ICBHI,AKGC417L,0.9939024378074248,4
ICBHI_130_3b3_LL_005,ICBHI_130_3b3_LL,ICBHI_130,1,ICBHI,AKGC417L,0.9923043528216078,4
ICBHI_130_3b3_LL_006,ICBHI_130_3b3_LL,ICBHI_130,1,ICBHI,AKGC417L,0.9936856353291036,4
ICBHI_130_3b4_AL_000,ICBHI_130_3b4_AL,ICBHI_130,1,ICBHI,AKGC417L,0.9889278398167658,4
ICBHI_130_3b4_AL_001,ICBHI_130_3b4_AL,ICBHI_130,1,ICBHI,AKGC417L,0.9945519319148104,4
ICBHI_130_3b4_AL_002,ICBHI_130_3b4_AL,ICBHI_130,1,ICBHI,AKGC417L,0.9935368622818452,4
ICBHI_130_3b4_AL_003,ICBHI_130_3b4_AL,ICBHI_130,1,ICBHI,AKGC417L,0.9699566305886772,4
ICBHI_130_3b4_AL_004,ICBHI_130_3b4_AL,ICBHI_130,1,ICBHI,AKGC417L,0.9667888274293096,4
ICBHI_130_3b4_AL_005,ICBHI_130_3b4_AL,ICBHI_130,1,ICBHI,AKGC417L,0.8666976481785291,4
ICBHI_130_3b4_AL_006,ICBHI_130_3b4_AL,ICBHI_130,1,ICBHI,AKGC417L,0.615665707479458,4
ICBHI_130_3b4_AR_000,ICBHI_130_3b4_AR,ICBHI_130,1,ICBHI,AKGC417L,0.9945307254013008,4
ICBHI_130_3b4_AR_001,ICBHI_130_3b4_AR,ICBHI_130,1,ICBHI,AKGC417L,0.9969365831511966,4
ICBHI_130_3b4_AR_002,ICBHI_130_3b4_AR,ICBHI_130,1,ICBHI,AKGC417L,0.9978002019563084,4
ICBHI_130_3b4_AR_003,ICBHI_130_3b4_AR,ICBHI_130,1,ICBHI,AKGC417L,0.9973989062062492,4
ICBHI_130_3b4_AR_004,ICBHI_130_3b4_AR,ICBHI_130,1,ICBHI,AKGC417L,0.9962199045112876,4
ICBHI_130_3b4_AR_005,ICBHI_130_3b4_AR,ICBHI_130,1,ICBHI,AKGC417L,0.9954615682752046,4
ICBHI_130_3b4_AR_006,ICBHI_130_3b4_AR,ICBHI_130,1,ICBHI,AKGC417L,0.994225070146556,4
ICBHI_130_3b4_LR_000,ICBHI_130_3b4_LR,ICBHI_130,1,ICBHI,AKGC417L,0.9941118405241954,4
ICBHI_130_3b4_LR_001,ICBHI_130_3b4_LR,ICBHI_130,1,ICBHI,AKGC417L,0.9940889311437562,4
ICBHI_130_3b4_LR_002,ICBHI_130_3b4_LR,ICBHI_130,1,ICBHI,AKGC417L,0.9932811299991624,4
ICBHI_130_3b4_LR_003,ICBHI_130_3b4_LR,ICBHI_130,1,ICBHI,AKGC417L,0.9926541734255228,4
ICBHI_130_3b4_LR_004,ICBHI_130_3b4_LR,ICBHI_130,1,ICBHI,AKGC417L,0.994225070146556,4
ICBHI_130_3b4_LR_005,ICBHI_130_3b4_LR,ICBHI_130,1,ICBHI,AKGC417L,0.994180040415741,4
ICBHI_130_3b4_LR_006,ICBHI_130_3b4_LR,ICBHI_130,1,ICBHI,AKGC417L,0.9947186660939475,4
ICBHI_130_3b4_PL_000,ICBHI_130_3b4_PL,ICBHI_130,1,ICBHI,AKGC417L,0.9756234030788976,4
ICBHI_130_3b4_PL_001,ICBHI_130_3b4_PL,ICBHI_130,1,ICBHI,AKGC417L,0.984032346511204,4
ICBHI_130_3b4_PL_002,ICBHI_130_3b4_PL,ICBHI_130,1,ICBHI,AKGC417L,0.9824904426504252,4
ICBHI_130_3b4_PL_003,ICBHI_130_3b4_PL,ICBHI_130,1,ICBHI,AKGC417L,0.988084978032852,4
ICBHI_130_3b4_PL_004,ICBHI_130_3b4_PL,ICBHI_130,1,ICBHI,AKGC417L,0.9778411306440228,4
ICBHI_130_3b4_PL_005,ICBHI_130_3b4_PL,ICBHI_130,1,ICBHI,AKGC417L,0.964788863578424,4
ICBHI_130_3b4_PL_006,ICBHI_130_3b4_PL,ICBHI_130,1,ICBHI,AKGC417L,0.9865198970247336,4
ICBHI_130_3b4_PR_000,ICBHI_130_3b4_PR,ICBHI_130,1,ICBHI,AKGC417L,0.9665370653480092,4
ICBHI_130_3b4_PR_001,ICBHI_130_3b4_PR,ICBHI_130,1,ICBHI,AKGC417L,0.944689347784004,4
ICBHI_130_3b4_PR_002,ICBHI_130_3b4_PR,ICBHI_130,1,ICBHI,AKGC417L,0.9044819293520492,4
ICBHI_130_3b4_PR_003,ICBHI_130_3b4_PR,ICBHI_130,1,ICBHI,AKGC417L,0.8904848432885359,4
ICBHI_130_3b4_PR_004,ICBHI_130_3b4_PR,ICBHI_130,1,ICBHI,AKGC417L,0.1479240672905206,4
ICBHI_130_3b4_PR_005,ICBHI_130_3b4_PR,ICBHI_130,1,ICBHI,AKGC417L,0.0083157784774741,4
ICBHI_130_3b4_PR_006,ICBHI_130_3b4_PR,ICBHI_130,1,ICBHI,AKGC417L,0.9248235972391684,4
ICBHI_130_3p2_AL_000,ICBHI_130_3p2_AL,ICBHI_130,1,ICBHI,AKGC417L,0.994488065789193,4
ICBHI_130_3p2_AL_001,ICBHI_130_3p2_AL,ICBHI_130,1,ICBHI,AKGC417L,0.995634673888606,4
ICBHI_130_3p2_AL_002,ICBHI_130_3p2_AL,ICBHI_130,1,ICBHI,AKGC417L,0.9951136252099114,4
ICBHI_130_3p2_AL_003,ICBHI_130_3p2_AL,ICBHI_130,1,ICBHI,AKGC417L,0.9936116790902788,4
ICBHI_130_3p2_AL_004,ICBHI_130_3p2_AL,ICBHI_130,1,ICBHI,AKGC417L,0.9948202872296428,4
ICBHI_130_3p2_AL_005,ICBHI_130_3p2_AL,ICBHI_130,1,ICBHI,AKGC417L,0.994880323761938,4
ICBHI_130_3p2_AL_006,ICBHI_130_3p2_AL,ICBHI_130,1,ICBHI,AKGC417L,0.9938310050773188,4
ICBHI_130_3p2_AR_000,ICBHI_130_3p2_AR,ICBHI_130,1,ICBHI,AKGC417L,0.9438672242987702,4
ICBHI_130_3p2_AR_001,ICBHI_130_3p2_AR,ICBHI_130,1,ICBHI,AKGC417L,0.9599126416289347,4
ICBHI_130_3p2_AR_002,ICBHI_130_3p2_AR,ICBHI_130,1,ICBHI,AKGC417L,0.9768465889071616,4
ICBHI_130_3p2_AR_003,ICBHI_130_3p2_AR,ICBHI_130,1,ICBHI,AKGC417L,0.9941118405241954,4
ICBHI_130_3p2_AR_004,ICBHI_130_3p2_AR,ICBHI_130,1,ICBHI,AKGC417L,0.9913558220632764,4
ICBHI_130_3p2_AR_005,ICBHI_130_3p2_AR,ICBHI_130,1,ICBHI,AKGC417L,0.994880323761938,4
ICBHI_130_3p2_AR_006,ICBHI_130_3p2_AR,ICBHI_130,1,ICBHI,AKGC417L,0.9968149391785504,4
ICBHI_130_3p2_PL_000,ICBHI_130_3p2_PL,ICBHI_130,1,ICBHI,AKGC417L,0.985990433713597,4
ICBHI_130_3p2_PL_001,ICBHI_130_3p2_PL,ICBHI_130,1,ICBHI,AKGC417L,0.9852713861502774,4
ICBHI_130_3p2_PL_002,ICBHI_130_3p2_PL,ICBHI_130,1,ICBHI,AKGC417L,0.9896318433492118,4
ICBHI_130_3p2_PL_003,ICBHI_130_3p2_PL,ICBHI_130,1,ICBHI,AKGC417L,0.9814178501043472,4
ICBHI_130_3p2_PL_004,ICBHI_130_3p2_PL,ICBHI_130,1,ICBHI,AKGC417L,0.9584600343879384,4
ICBHI_130_3p2_PL_005,ICBHI_130_3p2_PL,ICBHI_130,1,ICBHI,AKGC417L,0.6515766011172324,4
ICBHI_130_3p2_PL_006,ICBHI_130_3p2_PL,ICBHI_130,1,ICBHI,AKGC417L,0.9473810466522864,4
ICBHI_130_3p2_PR_000,ICBHI_130_3p2_PR,ICBHI_130,1,ICBHI,AKGC417L,0.9930693283432538,4
ICBHI_130_3p2_PR_001,ICBHI_130_3p2_PR,ICBHI_130,1,ICBHI,AKGC417L,0.9929609544025984,4
ICBHI_130_3p2_PR_002,ICBHI_130_3p2_PR,ICBHI_130,1,ICBHI,AKGC417L,0.9928508980334536,4
ICBHI_130_3p2_PR_003,ICBHI_130_3p2_PR,ICBHI_130,1,ICBHI,AKGC417L,0.9930153500828656,4
ICBHI_130_3p2_PR_004,ICBHI_130_3p2_PR,ICBHI_130,1,ICBHI,AKGC417L,0.9926826025287876,4
ICBHI_130_3p2_PR_005,ICBHI_130_3p2_PR,ICBHI_130,1,ICBHI,AKGC417L,0.992988204618503,4
ICBHI_130_3p2_PR_006,ICBHI_130_3p2_PR,ICBHI_130,1,ICBHI,AKGC417L,0.9926256346917622,4
ICBHI_130_3p2_TC_000,ICBHI_130_3p2_TC,ICBHI_130,1,ICBHI,AKGC417L,0.9935368622818452,4
ICBHI_130_3p2_TC_001,ICBHI_130_3p2_TC,ICBHI_130,1,ICBHI,AKGC417L,0.993486501440332,4
ICBHI_130_3p2_TC_002,ICBHI_130_3p2_TC,ICBHI_130,1,ICBHI,AKGC417L,0.9934357507792256,4
ICBHI_130_3p2_TC_003,ICBHI_130_3p2_TC,ICBHI_130,1,ICBHI,AKGC417L,0.9925103751011916,4
ICBHI_130_3p2_TC_004,ICBHI_130_3p2_TC,ICBHI_130,1,ICBHI,AKGC417L,0.9926826025287876,4
ICBHI_130_3p2_TC_005,ICBHI_130_3p2_TC,ICBHI_130,1,ICBHI,AKGC417L,0.992988204618503,4
ICBHI_130_3p2_TC_006,ICBHI_130_3p2_TC,ICBHI_130,1,ICBHI,AKGC417L,0.992988204618503,4
ICBHI_130_3p3_AL_000,ICBHI_130_3p3_AL,ICBHI_130,1,ICBHI,AKGC417L,0.992767236196521,4
ICBHI_130_3p3_AL_001,ICBHI_130_3p3_AL,ICBHI_130,1,ICBHI,AKGC417L,0.99440175138534,4
ICBHI_130_3p3_AL_002,ICBHI_130_3p3_AL,ICBHI_130,1,ICBHI,AKGC417L,0.9945940999219732,4
ICBHI_130_3p3_AL_003,ICBHI_130_3p3_AL,ICBHI_130,1,ICBHI,AKGC417L,0.9943361347628212,4
ICBHI_130_3p3_AL_004,ICBHI_130_3p3_AL,ICBHI_130,1,ICBHI,AKGC417L,0.9939964042034284,4
ICBHI_130_3p3_AL_005,ICBHI_130_3p3_AL,ICBHI_130,1,ICBHI,AKGC417L,0.9940889311437562,4
ICBHI_130_3p3_AL_006,ICBHI_130_3p3_AL,ICBHI_130,1,ICBHI,AKGC417L,0.994269753485008,4
ICBHI_130_3p3_PL_000,ICBHI_130_3p3_PL,ICBHI_130,1,ICBHI,AKGC417L,0.9907677855954636,4
ICBHI_130_3p3_PL_001,ICBHI_130_3p3_PL,ICBHI_130,1,ICBHI,AKGC417L,0.9868280501184434,4
ICBHI_130_3p3_PL_002,ICBHI_130_3p3_PL,ICBHI_130,1,ICBHI,AKGC417L,0.9897909456811916,4
ICBHI_130_3p3_PL_003,ICBHI_130_3p3_PL,ICBHI_130,1,ICBHI,AKGC417L,0.9890130573694068,4
ICBHI_130_3p3_PL_004,ICBHI_130_3p3_PL,ICBHI_130,1,ICBHI,AKGC417L,0.9924227587321393,4
ICBHI_130_3p3_PL_005,ICBHI_130_3p3_PL,ICBHI_130,1,ICBHI,AKGC417L,0.9943361347628212,4
ICBHI_130_3p3_PL_006,ICBHI_130_3p3_PL,ICBHI_130,1,ICBHI,AKGC417L,0.988755439279336,4
ICBHI_130_3p3_PR_000,ICBHI_130_3p3_PR,ICBHI_130,1,ICBHI,AKGC417L,0.9935618974445168,4
ICBHI_130_3p3_PR_001,ICBHI_130_3p3_PR,ICBHI_130,1,ICBHI,AKGC417L,0.9933330680687192,4
ICBHI_130_3p3_PR_002,ICBHI_130_3p3_PR,ICBHI_130,1,ICBHI,AKGC417L,0.9927952309111312,4
ICBHI_130_3p3_PR_003,ICBHI_130_3p3_PR,ICBHI_130,1,ICBHI,AKGC417L,0.9927952309111312,4
ICBHI_130_3p3_PR_004,ICBHI_130_3p3_PR,ICBHI_130,1,ICBHI,AKGC417L,0.9938549079159148,4
ICBHI_130_3p3_PR_005,ICBHI_130_3p3_PR,ICBHI_130,1,ICBHI,AKGC417L,0.9946774645488872,4
ICBHI_130_3p3_PR_006,ICBHI_130_3p3_PR,ICBHI_130,1,ICBHI,AKGC417L,0.9945094367975008,4
ICBHI_130_3p3_TC_000,ICBHI_130_3p3_TC,ICBHI_130,1,ICBHI,AKGC417L,0.991619546648974,4
ICBHI_130_3p3_TC_001,ICBHI_130_3p3_TC,ICBHI_130,1,ICBHI,AKGC417L,0.990944735813278,4
ICBHI_130_3p3_TC_002,ICBHI_130_3p3_TC,ICBHI_130,1,ICBHI,AKGC417L,0.9929335990367508,4
ICBHI_130_3p3_TC_003,ICBHI_130_3p3_TC,ICBHI_130,1,ICBHI,AKGC417L,0.9928231180543432,4
ICBHI_130_3p3_TC_004,ICBHI_130_3p3_TC,ICBHI_130,1,ICBHI,AKGC417L,0.9940196700308718,4
ICBHI_130_3p3_TC_005,ICBHI_130_3p3_TC,ICBHI_130,1,ICBHI,AKGC417L,0.9942474549497629,4
ICBHI_130_3p3_TC_006,ICBHI_130_3p3_TC,ICBHI_130,1,ICBHI,AKGC417L,0.9936610782629056,4
ICBHI_130_3p4_AL_000,ICBHI_130_3p4_AL,ICBHI_130,1,ICBHI,AKGC417L,0.993461175022765,4
ICBHI_130_3p4_AL_001,ICBHI_130_3p4_AL,ICBHI_130,1,ICBHI,AKGC417L,0.9943140930647724,4
ICBHI_130_3p4_AL_002,ICBHI_130_3p4_AL,ICBHI_130,1,ICBHI,AKGC417L,0.9944234551774076,4
ICBHI_130_3p4_AL_003,ICBHI_130_3p4_AL,ICBHI_130,1,ICBHI,AKGC417L,0.9943140930647724,4
ICBHI_130_3p4_AL_004,ICBHI_130_3p4_AL,ICBHI_130,1,ICBHI,AKGC417L,0.993636426303936,4
ICBHI_130_3p4_AL_005,ICBHI_130_3p4_AL,ICBHI_130,1,ICBHI,AKGC417L,0.99440175138534,4
ICBHI_130_3p4_AL_006,ICBHI_130_3p4_AL,ICBHI_130,1,ICBHI,AKGC417L,0.9938549079159148,4
ICBHI_130_3p4_PL_000,ICBHI_130_3p4_PL,ICBHI_130,1,ICBHI,AKGC417L,0.9917484014309144,4
ICBHI_130_3p4_PL_001,ICBHI_130_3p4_PL,ICBHI_130,1,ICBHI,AKGC417L,0.9855521474663976,4
ICBHI_130_3p4_PL_002,ICBHI_130_3p4_PL,ICBHI_130,1,ICBHI,AKGC417L,0.988755439279336,4
ICBHI_130_3p4_PL_003,ICBHI_130_3p4_PL,ICBHI_130,1,ICBHI,AKGC417L,0.9903290072365528,4
ICBHI_130_3p4_PL_004,ICBHI_130_3p4_PL,ICBHI_130,1,ICBHI,AKGC417L,0.9874720680072552,4
ICBHI_130_3p4_PL_005,ICBHI_130_3p4_PL,ICBHI_130,1,ICBHI,AKGC417L,0.9822877012965884,4
ICBHI_130_3p4_PL_006,ICBHI_130_3p4_PL,ICBHI_130,1,ICBHI,AKGC417L,0.9874720680072552,4
ICBHI_130_3p4_PR_000,ICBHI_130_3p4_PR,ICBHI_130,1,ICBHI,AKGC417L,0.9939964042034284,4
ICBHI_130_3p4_PR_001,ICBHI_130_3p4_PR,ICBHI_130,1,ICBHI,AKGC417L,0.9936856353291036,4
ICBHI_130_3p4_PR_002,ICBHI_130_3p4_PR,ICBHI_130,1,ICBHI,AKGC417L,0.9930153500828656,4
ICBHI_130_3p4_PR_003,ICBHI_130_3p4_PR,ICBHI_130,1,ICBHI,AKGC417L,0.9927952309111312,4
ICBHI_130_3p4_PR_004,ICBHI_130_3p4_PR,ICBHI_130,1,ICBHI,AKGC417L,0.9932287900693888,4
ICBHI_130_3p4_PR_005,ICBHI_130_3p4_PR,ICBHI_130,1,ICBHI,AKGC417L,0.9935117304033434,4
ICBHI_130_3p4_PR_006,ICBHI_130_3p4_PR,ICBHI_130,1,ICBHI,AKGC417L,0.9929609544025984,4
ICBHI_130_3p4_TC_000,ICBHI_130_3p4_TC,ICBHI_130,1,ICBHI,AKGC417L,0.994466612060986,4
ICBHI_130_3p4_TC_001,ICBHI_130_3p4_TC,ICBHI_130,1,ICBHI,AKGC417L,0.993149519973355,4
ICBHI_130_3p4_TC_002,ICBHI_130_3p4_TC,ICBHI_130,1,ICBHI,AKGC417L,0.9929609544025984,4
ICBHI_130_3p4_TC_003,ICBHI_130_3p4_TC,ICBHI_130,1,ICBHI,AKGC417L,0.992988204618503,4
ICBHI_130_3p4_TC_004,ICBHI_130_3p4_TC,ICBHI_130,1,ICBHI,AKGC417L,0.9927952309111312,4
ICBHI_130_3p4_TC_005,ICBHI_130_3p4_TC,ICBHI_130,1,ICBHI,AKGC417L,0.9937100978631076,4
ICBHI_130_3p4_TC_006,ICBHI_130_3p4_TC,ICBHI_130,1,ICBHI,AKGC417L,0.9937587407701782,4
ICBHI_146_2b2_PL_000,ICBHI_146_2b2_PL,ICBHI_146,1,ICBHI,AKGC417L,0.994445075296309,4
ICBHI_146_2b2_PL_001,ICBHI_146_2b2_PL,ICBHI_146,1,ICBHI,AKGC417L,0.996205165779956,4
ICBHI_146_2b2_PL_002,ICBHI_146_2b2_PL,ICBHI_146,1,ICBHI,AKGC417L,0.9960699144254948,4
ICBHI_146_2b2_PL_003,ICBHI_146_2b2_PL,ICBHI_146,1,ICBHI,AKGC417L,0.99635001296879,4
ICBHI_146_2b2_PL_004,ICBHI_146_2b2_PL,ICBHI_146,1,ICBHI,AKGC417L,0.9957519209132611,4
ICBHI_146_2b2_PL_005,ICBHI_146_2b2_PL,ICBHI_146,1,ICBHI,AKGC417L,0.991619546648974,4
ICBHI_146_2b2_PL_006,ICBHI_146_2b2_PL,ICBHI_146,1,ICBHI,AKGC417L,0.9946567440438504,4
ICBHI_146_2b4_AL_000,ICBHI_146_2b4_AL,ICBHI_146,1,ICBHI,AKGC417L,0.9957187454592984,4
ICBHI_146_2b4_AL_001,ICBHI_146_2b4_AL,ICBHI_146,1,ICBHI,AKGC417L,0.9958337438789612,4
ICBHI_146_2b4_AL_002,ICBHI_146_2b4_AL,ICBHI_146,1,ICBHI,AKGC417L,0.99635001296879,4
ICBHI_146_2b4_AL_003,ICBHI_146_2b4_AL,ICBHI_146,1,ICBHI,AKGC417L,0.995336345047618,4
ICBHI_146_2b4_AL_004,ICBHI_146_2b4_AL,ICBHI_146,1,ICBHI,AKGC417L,0.9956176633592692,4
ICBHI_146_2b4_AL_005,ICBHI_146_2b4_AL,ICBHI_146,1,ICBHI,AKGC417L,0.9961306089915052,4
ICBHI_146_2b4_AL_006,ICBHI_146_2b4_AL,ICBHI_146,1,ICBHI,AKGC417L,0.9955316157335088,4
ICBHI_146_2b4_AR_000,ICBHI_146_2b4_AR,ICBHI_146,1,ICBHI,AKGC417L,0.9955489587731128,4
ICBHI_146_2b4_AR_001,ICBHI_146_2b4_AR,ICBHI_146,1,ICBHI,AKGC417L,0.9959770900642708,4
ICBHI_146_2b4_AR_002,ICBHI_146_2b4_AR,ICBHI_146,1,ICBHI,AKGC417L,0.9954261357223732,4
ICBHI_146_2b4_AR_003,ICBHI_146_2b4_AR,ICBHI_146,1,ICBHI,AKGC417L,0.9949788500523676,4
ICBHI_146_2b4_AR_004,ICBHI_146_2b4_AR,ICBHI_146,1,ICBHI,AKGC417L,0.9954615682752046,4
ICBHI_146_2b4_AR_005,ICBHI_146_2b4_AR,ICBHI_146,1,ICBHI,AKGC417L,0.99584991916378,4
ICBHI_146_2b4_AR_006,ICBHI_146_2b4_AR,ICBHI_146,1,ICBHI,AKGC417L,0.9950370578981272,4
ICBHI_146_2b4_LL_000,ICBHI_146_2b4_LL,ICBHI_146,1,ICBHI,AKGC417L,0.9941118405241954,4
ICBHI_146_2b4_LL_001,ICBHI_146_2b4_LL,ICBHI_146,1,ICBHI,AKGC417L,0.9943799635999728,4
ICBHI_146_2b4_LL_002,ICBHI_146_2b4_LL,ICBHI_146,1,ICBHI,AKGC417L,0.9939260655591138,4
ICBHI_146_2b4_LL_003,ICBHI_146_2b4_LL,ICBHI_146,1,ICBHI,AKGC417L,0.9932811299991624,4
ICBHI_146_2b4_LL_004,ICBHI_146_2b4_LL,ICBHI_146,1,ICBHI,AKGC417L,0.9937829218577496,4
ICBHI_146_2b4_LL_005,ICBHI_146_2b4_LL,ICBHI_146,1,ICBHI,AKGC417L,0.9940428462362504,4
ICBHI_146_2b4_LL_006,ICBHI_146_2b4_LL,ICBHI_146,1,ICBHI,AKGC417L,0.9939964042034284,4
ICBHI_146_2b4_LR_000,ICBHI_146_2b4_LR,ICBHI_146,1,ICBHI,AKGC417L,0.994445075296309,4
ICBHI_146_2b4_LR_001,ICBHI_146_2b4_LR,ICBHI_146,1,ICBHI,AKGC417L,0.99507548962592,4
ICBHI_146_2b4_LR_002,ICBHI_146_2b4_LR,ICBHI_146,1,ICBHI,AKGC417L,0.9948403768236574,4
ICBHI_146_2b4_LR_003,ICBHI_146_2b4_LR,ICBHI_146,1,ICBHI,AKGC417L,0.9954083163222202,4
ICBHI_146_2b4_LR_004,ICBHI_146_2b4_LR,ICBHI_146,1,ICBHI,AKGC417L,0.9951702782541956,4
ICBHI_146_2b4_LR_005,ICBHI_146_2b4_LR,ICBHI_146,1,ICBHI,AKGC417L,0.994998327750071,4
ICBHI_146_2b4_LR_006,ICBHI_146_2b4_LR,ICBHI_146,1,ICBHI,AKGC417L,0.9954261357223732,4
ICBHI_146_2b4_PR_000,ICBHI_146_2b4_PR,ICBHI_146,1,ICBHI,AKGC417L,0.9962199045112876,4
ICBHI_146_2b4_PR_001,ICBHI_146_2b4_PR,ICBHI_146,1,ICBHI,AKGC417L,0.9963923831967464,4
ICBHI_146_2b4_PR_002,ICBHI_146_2b4_PR,ICBHI_146,1,ICBHI,AKGC417L,0.9964756590195628,4
ICBHI_146_2b4_PR_003,ICBHI_146_2b4_PR,ICBHI_146,1,ICBHI,AKGC417L,0.99635001296879,4
ICBHI_146_2b4_PR_004,ICBHI_146_2b4_PR,ICBHI_146,1,ICBHI,AKGC417L,0.9957684125218388,4
ICBHI_146_2b4_PR_005,ICBHI_146_2b4_PR,ICBHI_146,1,ICBHI,AKGC417L,0.9966365075048124,4
ICBHI_146_2b4_PR_006,ICBHI_146_2b4_PR,ICBHI_146,1,ICBHI,AKGC417L,0.9967775156759976,4
ICBHI_146_8p3_AL_000,ICBHI_146_8p3_AL,ICBHI_146,1,ICBHI,AKGC417L,0.9946774645488872,4
ICBHI_146_8p3_AL_001,ICBHI_146_8p3_AL,ICBHI_146,1,ICBHI,AKGC417L,0.995801204728528,4
ICBHI_146_8p3_AL_002,ICBHI_146_8p3_AL,ICBHI_146,1,ICBHI,AKGC417L,0.9958820823560408,4
ICBHI_146_8p3_AL_003,ICBHI_146_8p3_AL,ICBHI_146,1,ICBHI,AKGC417L,0.9955316157335088,4
ICBHI_146_8p3_AL_004,ICBHI_146_8p3_AL,ICBHI_146,1,ICBHI,AKGC417L,0.9894295113796924,4
ICBHI_146_8p3_AL_005,ICBHI_146_8p3_AL,ICBHI_146,1,ICBHI,AKGC417L,0.9901401446964612,4
ICBHI_146_8p3_AL_006,ICBHI_146_8p3_AL,ICBHI_146,1,ICBHI,AKGC417L,0.9959927110540886,4
ICBHI_146_8p3_AR_000,ICBHI_146_8p3_AR,ICBHI_146,1,ICBHI,AKGC417L,0.9954791819538288,4
ICBHI_146_8p3_AR_001,ICBHI_146_8p3_AR,ICBHI_146,1,ICBHI,AKGC417L,0.996115523451234,4
ICBHI_146_8p3_AR_002,ICBHI_146_8p3_AR,ICBHI_146,1,ICBHI,AKGC417L,0.9963641911822828,4
ICBHI_146_8p3_AR_003,ICBHI_146_8p3_AR,ICBHI_146,1,ICBHI,AKGC417L,0.996054593193398,4
ICBHI_146_8p3_AR_004,ICBHI_146_8p3_AR,ICBHI_146,1,ICBHI,AKGC417L,0.9955489587731128,4
ICBHI_146_8p3_AR_005,ICBHI_146_8p3_AR,ICBHI_146,1,ICBHI,AKGC417L,0.9954791819538288,4
ICBHI_146_8p3_AR_006,ICBHI_146_8p3_AR,ICBHI_146,1,ICBHI,AKGC417L,0.99463594330938,4
ICBHI_146_8p3_LR_000,ICBHI_146_8p3_LR,ICBHI_146,1,ICBHI,AKGC417L,0.9931228923417692,4
ICBHI_146_8p3_LR_001,ICBHI_146_8p3_LR,ICBHI_146,1,ICBHI,AKGC417L,0.9923637835053328,4
ICBHI_146_8p3_LR_002,ICBHI_146_8p3_LR,ICBHI_146,1,ICBHI,AKGC417L,0.992988204618503,4
ICBHI_146_8p3_LR_003,ICBHI_146_8p3_LR,ICBHI_146,1,ICBHI,AKGC417L,0.9934102283369194,4
ICBHI_146_8p3_LR_004,ICBHI_146_8p3_LR,ICBHI_146,1,ICBHI,AKGC417L,0.9927391335017144,4
ICBHI_146_8p3_LR_005,ICBHI_146_8p3_LR,ICBHI_146,1,ICBHI,AKGC417L,0.992710922416408,4
ICBHI_146_8p3_LR_006,ICBHI_146_8p3_LR,ICBHI_146,1,ICBHI,AKGC417L,0.9930693283432538,4
ICBHI_146_8p3_PL_000,ICBHI_146_8p3_PL,ICBHI_146,1,ICBHI,AKGC417L,0.9932024684496268,4
ICBHI_146_8p3_PL_001,ICBHI_146_8p3_PL,ICBHI_146,1,ICBHI,AKGC417L,0.9937587407701782,4
ICBHI_146_8p3_PL_002,ICBHI_146_8p3_PL,ICBHI_146,1,ICBHI,AKGC417L,0.9935368622818452,4
ICBHI_146_8p3_PL_003,ICBHI_146_8p3_PL,ICBHI_146,1,ICBHI,AKGC417L,0.9934102283369194,4
ICBHI_146_8p3_PL_004,ICBHI_146_8p3_PL,ICBHI_146,1,ICBHI,AKGC417L,0.9937100978631076,4
ICBHI_146_8p3_PL_005,ICBHI_146_8p3_PL,ICBHI_146,1,ICBHI,AKGC417L,0.9937100978631076,4
ICBHI_146_8p3_PL_006,ICBHI_146_8p3_PL,ICBHI_146,1,ICBHI,AKGC417L,0.9936856353291036,4
ICBHI_146_8p3_PR_000,ICBHI_146_8p3_PR,ICBHI_146,1,ICBHI,AKGC417L,0.9937587407701782,4
ICBHI_146_8p3_PR_001,ICBHI_146_8p3_PR,ICBHI_146,1,ICBHI,AKGC417L,0.993486501440332,4
ICBHI_146_8p3_PR_002,ICBHI_146_8p3_PR,ICBHI_146,1,ICBHI,AKGC417L,0.99440175138534,4
ICBHI_146_8p3_PR_003,ICBHI_146_8p3_PR,ICBHI_146,1,ICBHI,AKGC417L,0.993734466224161,4
ICBHI_146_8p3_PR_004,ICBHI_146_8p3_PR,ICBHI_146,1,ICBHI,AKGC417L,0.994202598745566,4
ICBHI_146_8p3_PR_005,ICBHI_146_8p3_PR,ICBHI_146,1,ICBHI,AKGC417L,0.994615062038222,4
ICBHI_146_8p3_PR_006,ICBHI_146_8p3_PR,ICBHI_146,1,ICBHI,AKGC417L,0.994759550379741,4
ICBHI_155_2b1_AL_000,ICBHI_155_2b1_AL,ICBHI_155,1,ICBHI,LittC2SE,0.9973373872828826,4
ICBHI_155_2b1_AL_001,ICBHI_155_2b1_AL,ICBHI_155,1,ICBHI,LittC2SE,0.99751772329237,4
ICBHI_155_2b1_AL_002,ICBHI_155_2b1_AL,ICBHI_155,1,ICBHI,LittC2SE,0.9969126306542908,4
ICBHI_155_2b1_AL_003,ICBHI_155_2b1_AL,ICBHI_155,1,ICBHI,LittC2SE,0.9965703960759056,4
ICBHI_155_2b1_AL_004,ICBHI_155_2b1_AL,ICBHI_155,1,ICBHI,LittC2SE,0.9971881413397368,4
ICBHI_155_2b1_AL_005,ICBHI_155_2b1_AL,ICBHI_155,1,ICBHI,LittC2SE,0.9973060857980208,4
ICBHI_155_2b1_AL_006,ICBHI_155_2b1_AL,ICBHI_155,1,ICBHI,LittC2SE,0.9971550903350206,4
ICBHI_170_1b2_AL_000,ICBHI_170_1b2_AL,ICBHI_170,1,ICBHI,AKGC417L,0.9939496023117854,4
ICBHI_170_1b2_AL_001,ICBHI_170_1b2_AL,ICBHI_170,1,ICBHI,AKGC417L,0.994759550379741,4
ICBHI_170_1b2_AL_002,ICBHI_170_1b2_AL,ICBHI_170,1,ICBHI,AKGC417L,0.994998327750071,4
ICBHI_170_1b2_AL_003,ICBHI_170_1b2_AL,ICBHI_170,1,ICBHI,AKGC417L,0.994615062038222,4
ICBHI_170_1b2_AL_004,ICBHI_170_1b2_AL,ICBHI_170,1,ICBHI,AKGC417L,0.9933071490757152,4
ICBHI_170_1b2_AL_005,ICBHI_170_1b2_AL,ICBHI_170,1,ICBHI,AKGC417L,0.9929335990367508,4
ICBHI_170_1b2_AL_006,ICBHI_170_1b2_AL,ICBHI_170,1,ICBHI,AKGC417L,0.9939730484115986,4
ICBHI_170_1b2_AR_000,ICBHI_170_1b2_AR,ICBHI_170,1,ICBHI,AKGC417L,0.9566342012360932,4
ICBHI_170_1b2_AR_001,ICBHI_170_1b2_AR,ICBHI_170,1,ICBHI,AKGC417L,0.9887119261007692,4
ICBHI_170_1b2_AR_002,ICBHI_170_1b2_AR,ICBHI_170,1,ICBHI,AKGC417L,0.9893885786697612,4
ICBHI_170_1b2_AR_003,ICBHI_170_1b2_AR,ICBHI_170,1,ICBHI,AKGC417L,0.9808392914980092,4
ICBHI_170_1b2_AR_004,ICBHI_170_1b2_AR,ICBHI_170,1,ICBHI,AKGC417L,0.9196425311777928,4
ICBHI_170_1b2_AR_005,ICBHI_170_1b2_AR,ICBHI_170,1,ICBHI,AKGC417L,0.96036116089903,4
ICBHI_170_1b2_AR_006,ICBHI_170_1b2_AR,ICBHI_170,1,ICBHI,AKGC417L,0.994466612060986,4
ICBHI_170_1b2_LR_000,ICBHI_170_1b2_LR,ICBHI_170,1,ICBHI,AKGC417L,0.9935368622818452,4
ICBHI_170_1b2_LR_001,ICBHI_170_1b2_LR,ICBHI_170,1,ICBHI,AKGC417L,0.9940659331606164,4
ICBHI_170_1b2_LR_002,ICBHI_170_1b2_LR,ICBHI_170,1,ICBHI,AKGC417L,0.994225070146556,4
ICBHI_170_1b2_LR_003,ICBHI_170_1b2_LR,ICBHI_170,1,ICBHI,AKGC417L,0.993636426303936,4
ICBHI_170_1b2_LR_004,ICBHI_170_1b2_LR,ICBHI_170,1,ICBHI,AKGC417L,0.9937829218577496,4
ICBHI_170_1b2_LR_005,ICBHI_170_1b2_LR,ICBHI_170,1,ICBHI,AKGC417L,0.9940196700308718,4
ICBHI_170_1b2_LR_006,ICBHI_170_1b2_LR,ICBHI_170,1,ICBHI,AKGC417L,0.9937100978631076,4
ICBHI_170_1b2_PL_000,ICBHI_170_1b2_PL,ICBHI_170,1,ICBHI,AKGC417L,0.994202598745566,4
ICBHI_170_1b2_PL_001,ICBHI_170_1b2_PL,ICBHI_170,1,ICBHI,AKGC417L,0.9959927110540886,4
ICBHI_170_1b2_PL_002,ICBHI_170_1b2_PL,ICBHI_170,1,ICBHI,AKGC417L,0.9957684125218388,4
ICBHI_170_1b2_PL_003,ICBHI_170_1b2_PL,ICBHI_170,1,ICBHI,AKGC417L,0.994615062038222,4
ICBHI_170_1b2_PL_004,ICBHI_170_1b2_PL,ICBHI_170,1,ICBHI,AKGC417L,0.9957353653078126,4
ICBHI_170_1b2_PL_005,ICBHI_170_1b2_PL,ICBHI_170,1,ICBHI,AKGC417L,0.996100379327422,4
ICBHI_170_1b2_PL_006,ICBHI_170_1b2_PL,ICBHI_170,1,ICBHI,AKGC417L,0.996764944030931,4
ICBHI_170_1b2_PR_000,ICBHI_170_1b2_PR,ICBHI_170,1,ICBHI,AKGC417L,0.9925969859111274,4
ICBHI_170_1b2_PR_001,ICBHI_170_1b2_PR,ICBHI_170,1,ICBHI,AKGC417L,0.993734466224161,4
ICBHI_170_1b2_PR_002,ICBHI_170_1b2_PR,ICBHI_170,1,ICBHI,AKGC417L,0.9935368622818452,4
ICBHI_170_1b2_PR_003,ICBHI_170_1b2_PR,ICBHI_170,1,ICBHI,AKGC417L,0.9932811299991624,4
ICBHI_170_1b2_PR_004,ICBHI_170_1b2_PR,ICBHI_170,1,ICBHI,AKGC417L,0.9939260655591138,4
ICBHI_170_1b2_PR_005,ICBHI_170_1b2_PR,ICBHI_170,1,ICBHI,AKGC417L,0.9940428462362504,4
ICBHI_170_1b2_PR_006,ICBHI_170_1b2_PR,ICBHI_170,1,ICBHI,AKGC417L,0.9937100978631076,4
ICBHI_170_1b2_TC_000,ICBHI_170_1b2_TC,ICBHI_170,1,ICBHI,AKGC417L,0.974676939890233,4
ICBHI_170_1b2_TC_001,ICBHI_170_1b2_TC,ICBHI_170,1,ICBHI,AKGC417L,0.9891815513471368,4
ICBHI_170_1b2_TC_002,ICBHI_170_1b2_TC,ICBHI_170,1,ICBHI,AKGC417L,0.9845160126963748,4
ICBHI_170_1b2_TC_003,ICBHI_170_1b2_TC,ICBHI_170,1,ICBHI,AKGC417L,0.9895916858989277,4
ICBHI_170_1b2_TC_004,ICBHI_170_1b2_TC,ICBHI_170,1,ICBHI,AKGC417L,0.9922744656025764,4
ICBHI_170_1b2_TC_005,ICBHI_170_1b2_TC,ICBHI_170,1,ICBHI,AKGC417L,0.9669764476633728,4
ICBHI_170_1b2_TC_006,ICBHI_170_1b2_TC,ICBHI_170,1,ICBHI,AKGC417L,0.965641310666991,4
ICBHI_170_1b3_AL_000,ICBHI_170_1b3_AL,ICBHI_170,1,ICBHI,AKGC417L,0.9952262776092428,4
ICBHI_170_1b3_AL_001,ICBHI_170_1b3_AL,ICBHI_170,1,ICBHI,AKGC417L,0.9952448000901668,4
ICBHI_170_1b3_AL_002,ICBHI_170_1b3_AL,ICBHI_170,1,ICBHI,AKGC417L,0.9952632510442234,4
ICBHI_170_1b3_AL_003,ICBHI_170_1b3_AL,ICBHI_170,1,ICBHI,AKGC417L,0.9951136252099114,4
ICBHI_170_1b3_AL_004,ICBHI_170_1b3_AL,ICBHI_170,1,ICBHI,AKGC417L,0.9945519319148104,4
ICBHI_170_1b3_AL_005,ICBHI_170_1b3_AL,ICBHI_170,1,ICBHI,AKGC417L,0.9949592968881544,4
ICBHI_170_1b3_AL_006,ICBHI_170_1b3_AL,ICBHI_170,1,ICBHI,AKGC417L,0.9951702782541956,4
ICBHI_170_1b3_AR_000,ICBHI_170_1b3_AR,ICBHI_170,1,ICBHI,AKGC417L,0.9893885786697612,4
ICBHI_170_1b3_AR_001,ICBHI_170_1b3_AR,ICBHI_170,1,ICBHI,AKGC417L,0.9635748473593744,4
ICBHI_170_1b3_AR_002,ICBHI_170_1b3_AR,ICBHI_170,1,ICBHI,AKGC417L,0.9628830911922404,4
ICBHI_170_1b3_AR_003,ICBHI_170_1b3_AR,ICBHI_170,1,ICBHI,AKGC417L,0.7463239247320766,4
ICBHI_170_1b3_AR_004,ICBHI_170_1b3_AR,ICBHI_170,1,ICBHI,AKGC417L,0.5542292090130277,4
ICBHI_170_1b3_AR_005,ICBHI_170_1b3_AR,ICBHI_170,1,ICBHI,AKGC417L,0.3309034867781901,4
ICBHI_170_1b3_AR_006,ICBHI_170_1b3_AR,ICBHI_170,1,ICBHI,AKGC417L,0.6237207254690718,4
ICBHI_170_1b3_LL_000,ICBHI_170_1b3_LL,ICBHI_170,1,ICBHI,AKGC417L,0.994202598745566,4
ICBHI_170_1b3_LL_001,ICBHI_170_1b3_LL,ICBHI_170,1,ICBHI,AKGC417L,0.9943140930647724,4
ICBHI_170_1b3_LL_002,ICBHI_170_1b3_LL,ICBHI_170,1,ICBHI,AKGC417L,0.99440175138534,4
ICBHI_170_1b3_LL_003,ICBHI_170_1b3_LL,ICBHI_170,1,ICBHI,AKGC417L,0.9943140930647724,4
ICBHI_170_1b3_LL_004,ICBHI_170_1b3_LL,ICBHI_170,1,ICBHI,AKGC417L,0.9943361347628212,4
ICBHI_170_1b3_LL_005,ICBHI_170_1b3_LL,ICBHI_170,1,ICBHI,AKGC417L,0.9949001816970466,4
ICBHI_170_1b3_LL_006,ICBHI_170_1b3_LL,ICBHI_170,1,ICBHI,AKGC417L,0.9953181774756662,4
ICBHI_170_1b3_LR_000,ICBHI_170_1b3_LR,ICBHI_170,1,ICBHI,AKGC417L,0.9939730484115986,4
ICBHI_170_1b3_LR_001,ICBHI_170_1b3_LR,ICBHI_170,1,ICBHI,AKGC417L,0.9937100978631076,4
ICBHI_170_1b3_LR_002,ICBHI_170_1b3_LR,ICBHI_170,1,ICBHI,AKGC417L,0.994225070146556,4
ICBHI_170_1b3_LR_003,ICBHI_170_1b3_LR,ICBHI_170,1,ICBHI,AKGC417L,0.9941346616392028,4
ICBHI_170_1b3_LR_004,ICBHI_170_1b3_LR,ICBHI_170,1,ICBHI,AKGC417L,0.9938070098421448,4
ICBHI_170_1b3_LR_005,ICBHI_170_1b3_LR,ICBHI_170,1,ICBHI,AKGC417L,0.9941573948247951,4
ICBHI_170_1b3_LR_006,ICBHI_170_1b3_LR,ICBHI_170,1,ICBHI,AKGC417L,0.9944234551774076,4
ICBHI_170_1b3_PL_000,ICBHI_170_1b3_PL,ICBHI_170,1,ICBHI,AKGC417L,0.995354442450284,4
ICBHI_170_1b3_PL_001,ICBHI_170_1b3_PL,ICBHI_170,1,ICBHI,AKGC417L,0.9963214910711244,4
ICBHI_170_1b3_PL_002,ICBHI_170_1b3_PL,ICBHI_170,1,ICBHI,AKGC417L,0.9965435903319344,4
ICBHI_170_1b3_PL_003,ICBHI_170_1b3_PL,ICBHI_170,1,ICBHI,AKGC417L,0.99635001296879,4
ICBHI_170_1b3_PL_004,ICBHI_170_1b3_PL,ICBHI_170,1,ICBHI,AKGC417L,0.9964203573960624,4
ICBHI_170_1b3_PL_005,ICBHI_170_1b3_PL,ICBHI_170,1,ICBHI,AKGC417L,0.9968884914601416,4
ICBHI_170_1b3_PL_006,ICBHI_170_1b3_PL,ICBHI_170,1,ICBHI,AKGC417L,0.9968025130627536,4
ICBHI_170_1b3_PR_000,ICBHI_170_1b3_PR,ICBHI_170,1,ICBHI,AKGC417L,0.9935618974445168,4
ICBHI_170_1b3_PR_001,ICBHI_170_1b3_PR,ICBHI_170,1,ICBHI,AKGC417L,0.9935618974445168,4
ICBHI_170_1b3_PR_002,ICBHI_170_1b3_PR,ICBHI_170,1,ICBHI,AKGC417L,0.994466612060986,4
ICBHI_170_1b3_PR_003,ICBHI_170_1b3_PR,ICBHI_170,1,ICBHI,AKGC417L,0.9939964042034284,4
ICBHI_170_1b3_PR_004,ICBHI_170_1b3_PR,ICBHI_170,1,ICBHI,AKGC417L,0.9936610782629056,4
ICBHI_170_1b3_PR_005,ICBHI_170_1b3_PR,ICBHI_170,1,ICBHI,AKGC417L,0.9943140930647724,4
ICBHI_170_1b3_PR_006,ICBHI_170_1b3_PR,ICBHI_170,1,ICBHI,AKGC417L,0.994202598745566,4
ICBHI_170_1b3_TC_000,ICBHI_170_1b3_TC,ICBHI_170,1,ICBHI,AKGC417L,0.9913892323324892,4
ICBHI_170_1b3_TC_001,ICBHI_170_1b3_TC,ICBHI_170,1,ICBHI,AKGC417L,0.9734938732014706,4
ICBHI_170_1b3_TC_002,ICBHI_170_1b3_TC,ICBHI_170,1,ICBHI,AKGC417L,0.9796287059913455,4
ICBHI_170_1b3_TC_003,ICBHI_170_1b3_TC,ICBHI_170,1,ICBHI,AKGC417L,0.9901782070803068,4
ICBHI_170_1b3_TC_004,ICBHI_170_1b3_TC,ICBHI_170,1,ICBHI,AKGC417L,0.9884918509356968,4
ICBHI_170_1b3_TC_005,ICBHI_170_1b3_TC,ICBHI_170,1,ICBHI,AKGC417L,0.9837225390872864,4
ICBHI_170_1b3_TC_006,ICBHI_170_1b3_TC,ICBHI_170,1,ICBHI,AKGC417L,0.9893885786697612,4
ICBHI_170_1b4_AL_000,ICBHI_170_1b4_AL,ICBHI_170,1,ICBHI,AKGC417L,0.9941118405241954,4
ICBHI_170_1b4_AL_001,ICBHI_170_1b4_AL,ICBHI_170,1,ICBHI,AKGC417L,0.9947186660939475,4
ICBHI_170_1b4_AL_002,ICBHI_170_1b4_AL,ICBHI_170,1,ICBHI,AKGC417L,0.994998327750071,4
ICBHI_170_1b4_AL_003,ICBHI_170_1b4_AL,ICBHI_170,1,ICBHI,AKGC417L,0.995094594294278,4
ICBHI_170_1b4_AL_004,ICBHI_170_1b4_AL,ICBHI_170,1,ICBHI,AKGC417L,0.9955489587731128,4
ICBHI_170_1b4_AL_005,ICBHI_170_1b4_AL,ICBHI_170,1,ICBHI,AKGC417L,0.9952816307449724,4
ICBHI_170_1b4_AL_006,ICBHI_170_1b4_AL,ICBHI_170,1,ICBHI,AKGC417L,0.9947798743064415,4
ICBHI_170_1b4_AR_000,ICBHI_170_1b4_AR,ICBHI_170,1,ICBHI,AKGC417L,0.9772842436755208,4
ICBHI_170_1b4_AR_001,ICBHI_170_1b4_AR,ICBHI_170,1,ICBHI,AKGC417L,0.9881308789536604,4
ICBHI_170_1b4_AR_002,ICBHI_170_1b4_AR,ICBHI_170,1,ICBHI,AKGC417L,0.9808025508024198,4
ICBHI_170_1b4_AR_003,ICBHI_170_1b4_AR,ICBHI_170,1,ICBHI,AKGC417L,0.9333093454842049,4
ICBHI_170_1b4_AR_004,ICBHI_170_1b4_AR,ICBHI_170,1,ICBHI,AKGC417L,0.9764456684220548,4
ICBHI_170_1b4_AR_005,ICBHI_170_1b4_AR,ICBHI_170,1,ICBHI,AKGC417L,0.987711402470298,4
ICBHI_170_1b4_AR_006,ICBHI_170_1b4_AR,ICBHI_170,1,ICBHI,AKGC417L,0.9879462204837636,4
ICBHI_170_1b4_LR_000,ICBHI_170_1b4_LR,ICBHI_170,1,ICBHI,AKGC417L,0.9936856353291036,4
ICBHI_170_1b4_LR_001,ICBHI_170_1b4_LR,ICBHI_170,1,ICBHI,AKGC417L,0.9945730566510748,4
ICBHI_170_1b4_LR_002,ICBHI_170_1b4_LR,ICBHI_170,1,ICBHI,AKGC417L,0.9940196700308718,4
ICBHI_170_1b4_LR_003,ICBHI_170_1b4_LR,ICBHI_170,1,ICBHI,AKGC417L,0.99463594330938,4
ICBHI_170_1b4_LR_004,ICBHI_170_1b4_LR,ICBHI_170,1,ICBHI,AKGC417L,0.994998327750071,4
ICBHI_170_1b4_LR_005,ICBHI_170_1b4_LR,ICBHI_170,1,ICBHI,AKGC417L,0.9939964042034284,4
ICBHI_170_1b4_LR_006,ICBHI_170_1b4_LR,ICBHI_170,1,ICBHI,AKGC417L,0.9942919660808864,4
ICBHI_170_1b4_PL_000,ICBHI_170_1b4_PL,ICBHI_170,1,ICBHI,AKGC417L,0.99594566591324,4
ICBHI_170_1b4_PL_001,ICBHI_170_1b4_PL,ICBHI_170,1,ICBHI,AKGC417L,0.9967269350293284,4
ICBHI_170_1b4_PL_002,ICBHI_170_1b4_PL,ICBHI_170,1,ICBHI,AKGC417L,0.9972316144830862,4
ICBHI_170_1b4_PL_003,ICBHI_170_1b4_PL,ICBHI_170,1,ICBHI,AKGC417L,0.997030554704626,4
ICBHI_170_1b4_PL_004,ICBHI_170_1b4_PL,ICBHI_170,1,ICBHI,AKGC417L,0.9965837211562298,4
ICBHI_170_1b4_PL_005,ICBHI_170_1b4_PL,ICBHI_170,1,ICBHI,AKGC417L,0.9961456361730884,4
ICBHI_170_1b4_PL_006,ICBHI_170_1b4_PL,ICBHI_170,1,ICBHI,AKGC417L,0.995801204728528,4
ICBHI_170_1b4_PR_000,ICBHI_170_1b4_PR,ICBHI_170,1,ICBHI,AKGC417L,0.9942919660808864,4
ICBHI_170_1b4_PR_001,ICBHI_170_1b4_PR,ICBHI_170,1,ICBHI,AKGC417L,0.9939260655591138,4
ICBHI_170_1b4_PR_002,ICBHI_170_1b4_PR,ICBHI_170,1,ICBHI,AKGC417L,0.994445075296309,4
ICBHI_170_1b4_PR_003,ICBHI_170_1b4_PR,ICBHI_170,1,ICBHI,AKGC417L,0.9948603889024312,4
ICBHI_170_1b4_PR_004,ICBHI_170_1b4_PR,ICBHI_170,1,ICBHI,AKGC417L,0.9945307254013008,4
ICBHI_170_1b4_PR_005,ICBHI_170_1b4_PR,ICBHI_170,1,ICBHI,AKGC417L,0.9943361347628212,4
ICBHI_170_1b4_PR_006,ICBHI_170_1b4_PR,ICBHI_170,1,ICBHI,AKGC417L,0.9940889311437562,4
ICBHI_170_1b4_TC_000,ICBHI_170_1b4_TC,ICBHI_170,1,ICBHI,AKGC417L,0.9885803853543514,4
ICBHI_170_1b4_TC_001,ICBHI_170_1b4_TC,ICBHI_170,1,ICBHI,AKGC417L,0.9835338249524974,4
ICBHI_170_1b4_TC_002,ICBHI_170_1b4_TC,ICBHI_170,1,ICBHI,AKGC417L,0.9912548183179648,4
ICBHI_170_1b4_TC_003,ICBHI_170_1b4_TC,ICBHI_170,1,ICBHI,AKGC417L,0.9870296135626316,4
ICBHI_170_1b4_TC_004,ICBHI_170_1b4_TC,ICBHI_170,1,ICBHI,AKGC417L,0.9878996141864552,4
ICBHI_170_1b4_TC_005,ICBHI_170_1b4_TC,ICBHI_170,1,ICBHI,AKGC417L,0.9920620058985926,4
ICBHI_170_1b4_TC_006,ICBHI_170_1b4_TC,ICBHI_170,1,ICBHI,AKGC417L,0.9858276338086984,4
ICBHI_170_2b2_AL_000,ICBHI_170_2b2_AL,ICBHI_170,1,ICBHI,AKGC417L,0.995336345047618,4
ICBHI_170_2b2_AL_001,ICBHI_170_2b2_AL,ICBHI_170,1,ICBHI,AKGC417L,0.995354442450284,4
ICBHI_170_2b2_AL_002,ICBHI_170_2b2_AL,ICBHI_170,1,ICBHI,AKGC417L,0.9960082716305864,4
ICBHI_170_2b2_AL_003,ICBHI_170_2b2_AL,ICBHI_170,1,ICBHI,AKGC417L,0.9961606052199882,4
ICBHI_170_2b2_AL_004,ICBHI_170_2b2_AL,ICBHI_170,1,ICBHI,AKGC417L,0.9954967275829107,4
ICBHI_170_2b2_AL_005,ICBHI_170_2b2_AL,ICBHI_170,1,ICBHI,AKGC417L,0.9945094367975008,4
ICBHI_170_2b2_AL_006,ICBHI_170_2b2_AL,ICBHI_170,1,ICBHI,AKGC417L,0.9952262776092428,4
ICBHI_170_2b2_AR_000,ICBHI_170_2b2_AR,ICBHI_170,1,ICBHI,AKGC417L,0.9962637794165884,4
ICBHI_170_2b2_AR_001,ICBHI_170_2b2_AR,ICBHI_170,1,ICBHI,AKGC417L,0.9963214910711244,4
ICBHI_170_2b2_AR_002,ICBHI_170_2b2_AR,ICBHI_170,1,ICBHI,AKGC417L,0.9960392124697902,4
ICBHI_170_2b2_AR_003,ICBHI_170_2b2_AR,ICBHI_170,1,ICBHI,AKGC417L,0.9952999394649492,4
ICBHI_170_2b2_AR_004,ICBHI_170_2b2_AR,ICBHI_170,1,ICBHI,AKGC417L,0.9952999394649492,4
ICBHI_170_2b2_AR_005,ICBHI_170_2b2_AR,ICBHI_170,1,ICBHI,AKGC417L,0.9957353653078126,4
ICBHI_170_2b2_AR_006,ICBHI_170_2b2_AR,ICBHI_170,1,ICBHI,AKGC417L,0.9953724699521328,4
ICBHI_170_2b2_LR_000,ICBHI_170_2b2_LR,ICBHI_170,1,ICBHI,AKGC417L,0.9946567440438504,4
ICBHI_170_2b2_LR_001,ICBHI_170_2b2_LR,ICBHI_170,1,ICBHI,AKGC417L,0.994445075296309,4
ICBHI_170_2b2_LR_002,ICBHI_170_2b2_LR,ICBHI_170,1,ICBHI,AKGC417L,0.9936610782629056,4
ICBHI_170_2b2_LR_003,ICBHI_170_2b2_LR,ICBHI_170,1,ICBHI,AKGC417L,0.9941346616392028,4
ICBHI_170_2b2_LR_004,ICBHI_170_2b2_LR,ICBHI_170,1,ICBHI,AKGC417L,0.9948001198233036,4
ICBHI_170_2b2_LR_005,ICBHI_170_2b2_LR,ICBHI_170,1,ICBHI,AKGC417L,0.9944234551774076,4
ICBHI_170_2b2_LR_006,ICBHI_170_2b2_LR,ICBHI_170,1,ICBHI,AKGC417L,0.994225070146556,4
ICBHI_170_2b2_PL_000,ICBHI_170_2b2_PL,ICBHI_170,1,ICBHI,AKGC417L,0.9961606052199882,4
ICBHI_170_2b2_PL_001,ICBHI_170_2b2_PL,ICBHI_170,1,ICBHI,AKGC417L,0.9964893508862251,4
ICBHI_170_2b2_PL_002,ICBHI_170_2b2_PL,ICBHI_170,1,ICBHI,AKGC417L,0.9969246301499518,4
ICBHI_170_2b2_PL_003,ICBHI_170_2b2_PL,ICBHI_170,1,ICBHI,AKGC417L,0.9961903698015272,4
ICBHI_170_2b2_PL_004,ICBHI_170_2b2_PL,ICBHI_170,1,ICBHI,AKGC417L,0.995929862284104,4
ICBHI_170_2b2_PL_005,ICBHI_170_2b2_PL,ICBHI_170,1,ICBHI,AKGC417L,0.9964619139429116,4
ICBHI_170_2b2_PL_006,ICBHI_170_2b2_PL,ICBHI_170,1,ICBHI,AKGC417L,0.9964063974185798,4
ICBHI_170_2b2_PR_000,ICBHI_170_2b2_PR,ICBHI_170,1,ICBHI,AKGC417L,0.994488065789193,4
ICBHI_170_2b2_PR_001,ICBHI_170_2b2_PR,ICBHI_170,1,ICBHI,AKGC417L,0.9940196700308718,4
ICBHI_170_2b2_PR_002,ICBHI_170_2b2_PR,ICBHI_170,1,ICBHI,AKGC417L,0.9940428462362504,4
ICBHI_170_2b2_PR_003,ICBHI_170_2b2_PR,ICBHI_170,1,ICBHI,AKGC417L,0.9941118405241954,4
ICBHI_170_2b2_PR_004,ICBHI_170_2b2_PR,ICBHI_170,1,ICBHI,AKGC417L,0.9940659331606164,4
ICBHI_170_2b2_PR_005,ICBHI_170_2b2_PR,ICBHI_170,1,ICBHI,AKGC417L,0.9947186660939475,4
ICBHI_170_2b2_PR_006,ICBHI_170_2b2_PR,ICBHI_170,1,ICBHI,AKGC417L,0.994488065789193,4
ICBHI_170_2b2_TC_000,ICBHI_170_2b2_TC,ICBHI_170,1,ICBHI,AKGC417L,0.9503188453090928,4
ICBHI_170_2b2_TC_001,ICBHI_170_2b2_TC,ICBHI_170,1,ICBHI,AKGC417L,0.9352282990285242,4
ICBHI_170_2b2_TC_002,ICBHI_170_2b2_TC,ICBHI_170,1,ICBHI,AKGC417L,0.9459013026311742,4
ICBHI_170_2b2_TC_003,ICBHI_170_2b2_TC,ICBHI_170,1,ICBHI,AKGC417L,0.9683213752172553,4
ICBHI_170_2b2_TC_004,ICBHI_170_2b2_TC,ICBHI_170,1,ICBHI,AKGC417L,0.9455001256588014,4
ICBHI_170_2b2_TC_005,ICBHI_170_2b2_TC,ICBHI_170,1,ICBHI,AKGC417L,0.9683812327313543,4
ICBHI_170_2b2_TC_006,ICBHI_170_2b2_TC,ICBHI_170,1,ICBHI,AKGC417L,0.9851575827657516,4
ICBHI_184_1b1_AR_000,ICBHI_184_1b1_AR,ICBHI_184,0,ICBHI,Meditron,1.1300808333434097e-05,4
ICBHI_184_1b1_AR_001,ICBHI_184_1b1_AR,ICBHI_184,0,ICBHI,Meditron,9.223470110117275e-06,4
ICBHI_184_1b1_AR_002,ICBHI_184_1b1_AR,ICBHI_184,0,ICBHI,Meditron,9.223470110117275e-06,4
ICBHI_184_1b1_AR_003,ICBHI_184_1b1_AR,ICBHI_184,0,ICBHI,Meditron,8.203532501718773e-06,4
ICBHI_184_1b1_AR_004,ICBHI_184_1b1_AR,ICBHI_184,0,ICBHI,Meditron,8.203532501718773e-06,4
ICBHI_184_1b1_AR_005,ICBHI_184_1b1_AR,ICBHI_184,0,ICBHI,Meditron,1.8631746484712008e-05,4
ICBHI_184_1b1_AR_006,ICBHI_184_1b1_AR,ICBHI_184,0,ICBHI,Meditron,1.983336706028361e-05,4
ICBHI_186_2b2_AL_000,ICBHI_186_2b2_AL,ICBHI_186,1,ICBHI,AKGC417L,0.9942474549497629,4
ICBHI_186_2b2_AL_001,ICBHI_186_2b2_AL,ICBHI_186,1,ICBHI,AKGC417L,0.9948403768236574,4
ICBHI_186_2b2_AL_002,ICBHI_186_2b2_AL,ICBHI_186,1,ICBHI,AKGC417L,0.9943361347628212,4
ICBHI_186_2b2_AL_003,ICBHI_186_2b2_AL,ICBHI_186,1,ICBHI,AKGC417L,0.9938549079159148,4
ICBHI_186_2b2_AL_004,ICBHI_186_2b2_AL,ICBHI_186,1,ICBHI,AKGC417L,0.9951514669095514,4
ICBHI_186_2b2_AL_005,ICBHI_186_2b2_AL,ICBHI_186,1,ICBHI,AKGC417L,0.9952816307449724,4
ICBHI_186_2b2_AL_006,ICBHI_186_2b2_AL,ICBHI_186,1,ICBHI,AKGC417L,0.9948603889024312,4
ICBHI_186_2b2_AR_000,ICBHI_186_2b2_AR,ICBHI_186,1,ICBHI,AKGC417L,0.996234586215326,4
ICBHI_186_2b2_AR_001,ICBHI_186_2b2_AR,ICBHI_186,1,ICBHI,AKGC417L,0.9963641911822828,4
ICBHI_186_2b2_AR_002,ICBHI_186_2b2_AR,ICBHI_186,1,ICBHI,AKGC417L,0.9958980707421328,4
ICBHI_186_2b2_AR_003,ICBHI_186_2b2_AR,ICBHI_186,1,ICBHI,AKGC417L,0.9964342633376392,4
ICBHI_186_2b2_AR_004,ICBHI_186_2b2_AR,ICBHI_186,1,ICBHI,AKGC417L,0.9964893508862251,4
ICBHI_186_2b2_AR_005,ICBHI_186_2b2_AR,ICBHI_186,1,ICBHI,AKGC417L,0.9965301092676848,4
ICBHI_186_2b2_AR_006,ICBHI_186_2b2_AR,ICBHI_186,1,ICBHI,AKGC417L,0.9966755631083444,4
ICBHI_186_2b2_LR_000,ICBHI_186_2b2_LR,ICBHI_186,1,ICBHI,AKGC417L,0.9899864293768268,4
ICBHI_186_2b2_LR_001,ICBHI_186_2b2_LR,ICBHI_186,1,ICBHI,AKGC417L,0.9917163731139697,4
ICBHI_186_2b2_LR_002,ICBHI_186_2b2_LR,ICBHI_186,1,ICBHI,AKGC417L,0.9918437513730266,4
ICBHI_186_2b2_LR_003,ICBHI_186_2b2_LR,ICBHI_186,1,ICBHI,AKGC417L,0.9917163731139697,4
ICBHI_186_2b2_LR_004,ICBHI_186_2b2_LR,ICBHI_186,1,ICBHI,AKGC417L,0.9927952309111312,4
ICBHI_186_2b2_LR_005,ICBHI_186_2b2_LR,ICBHI_186,1,ICBHI,AKGC417L,0.991619546648974,4
ICBHI_186_2b2_LR_006,ICBHI_186_2b2_LR,ICBHI_186,1,ICBHI,AKGC417L,0.9921232932834126,4
ICBHI_186_2b2_PL_000,ICBHI_186_2b2_PL,ICBHI_186,1,ICBHI,AKGC417L,0.9929335990367508,4
ICBHI_186_2b2_PL_001,ICBHI_186_2b2_PL,ICBHI_186,1,ICBHI,AKGC417L,0.9935368622818452,4
ICBHI_186_2b2_PL_002,ICBHI_186_2b2_PL,ICBHI_186,1,ICBHI,AKGC417L,0.993384607321672,4
ICBHI_186_2b2_PL_003,ICBHI_186_2b2_PL,ICBHI_186,1,ICBHI,AKGC417L,0.993255010457908,4
ICBHI_186_2b2_PL_004,ICBHI_186_2b2_PL,ICBHI_186,1,ICBHI,AKGC417L,0.9935368622818452,4
ICBHI_186_2b2_PL_005,ICBHI_186_2b2_PL,ICBHI_186,1,ICBHI,AKGC417L,0.9938310050773188,4
ICBHI_186_2b2_PL_006,ICBHI_186_2b2_PL,ICBHI_186,1,ICBHI,AKGC417L,0.9935117304033434,4
ICBHI_186_2b2_PR_000,ICBHI_186_2b2_PR,ICBHI_186,1,ICBHI,AKGC417L,0.9921841112107114,4
ICBHI_186_2b2_PR_001,ICBHI_186_2b2_PR,ICBHI_186,1,ICBHI,AKGC417L,0.9924227587321393,4
ICBHI_186_2b2_PR_002,ICBHI_186_2b2_PR,ICBHI_186,1,ICBHI,AKGC417L,0.992481281938568,4
ICBHI_186_2b2_PR_003,ICBHI_186_2b2_PR,ICBHI_186,1,ICBHI,AKGC417L,0.9925393565360598,4
ICBHI_186_2b2_PR_004,ICBHI_186_2b2_PR,ICBHI_186,1,ICBHI,AKGC417L,0.992710922416408,4
ICBHI_186_2b2_PR_005,ICBHI_186_2b2_PR,ICBHI_186,1,ICBHI,AKGC417L,0.993461175022765,4
ICBHI_186_2b2_PR_006,ICBHI_186_2b2_PR,ICBHI_186,1,ICBHI,AKGC417L,0.9930153500828656,4
ICBHI_186_2b2_TC_000,ICBHI_186_2b2_TC,ICBHI_186,1,ICBHI,AKGC417L,0.993255010457908,4
ICBHI_186_2b2_TC_001,ICBHI_186_2b2_TC,ICBHI_186,1,ICBHI,AKGC417L,0.7588681879577549,4
ICBHI_186_2b2_TC_002,ICBHI_186_2b2_TC,ICBHI_186,1,ICBHI,AKGC417L,0.9581478679075386,4
ICBHI_186_2b2_TC_003,ICBHI_186_2b2_TC,ICBHI_186,1,ICBHI,AKGC417L,0.988536202622004,4
ICBHI_186_2b2_TC_004,ICBHI_186_2b2_TC,ICBHI_186,1,ICBHI,AKGC417L,0.9508692112458992,4
ICBHI_186_2b2_TC_005,ICBHI_186_2b2_TC,ICBHI_186,1,ICBHI,AKGC417L,0.918917886176106,4
ICBHI_186_2b2_TC_006,ICBHI_186_2b2_TC,ICBHI_186,1,ICBHI,AKGC417L,0.8604864257250425,4
ICBHI_186_2b3_AL_000,ICBHI_186_2b3_AL,ICBHI_186,1,ICBHI,AKGC417L,0.9943140930647724,4
ICBHI_186_2b3_AL_001,ICBHI_186_2b3_AL,ICBHI_186,1,ICBHI,AKGC417L,0.994202598745566,4
ICBHI_186_2b3_AL_002,ICBHI_186_2b3_AL,ICBHI_186,1,ICBHI,AKGC417L,0.9942474549497629,4
ICBHI_186_2b3_AL_003,ICBHI_186_2b3_AL,ICBHI_186,1,ICBHI,AKGC417L,0.994939667968034,4
ICBHI_186_2b3_AL_004,ICBHI_186_2b3_AL,ICBHI_186,1,ICBHI,AKGC417L,0.9950370578981272,4
ICBHI_186_2b3_AL_005,ICBHI_186_2b3_AL,ICBHI_186,1,ICBHI,AKGC417L,0.9945307254013008,4
ICBHI_186_2b3_AL_006,ICBHI_186_2b3_AL,ICBHI_186,1,ICBHI,AKGC417L,0.994698105130598,4
ICBHI_186_2b3_AR_000,ICBHI_186_2b3_AR,ICBHI_186,1,ICBHI,AKGC417L,0.9967396538967972,4
ICBHI_186_2b3_AR_001,ICBHI_186_2b3_AR,ICBHI_186,1,ICBHI,AKGC417L,0.996205165779956,4
ICBHI_186_2b3_AR_002,ICBHI_186_2b3_AR,ICBHI_186,1,ICBHI,AKGC417L,0.996205165779956,4
ICBHI_186_2b3_AR_003,ICBHI_186_2b3_AR,ICBHI_186,1,ICBHI,AKGC417L,0.9970535950245228,4
ICBHI_186_2b3_AR_004,ICBHI_186_2b3_AR,ICBHI_186,1,ICBHI,AKGC417L,0.9966365075048124,4
ICBHI_186_2b3_AR_005,ICBHI_186_2b3_AR,ICBHI_186,1,ICBHI,AKGC417L,0.9958820823560408,4
ICBHI_186_2b3_AR_006,ICBHI_186_2b3_AR,ICBHI_186,1,ICBHI,AKGC417L,0.9972208094414864,4
ICBHI_186_2b3_LR_000,ICBHI_186_2b3_LR,ICBHI_186,1,ICBHI,AKGC417L,0.9916519461902168,4
ICBHI_186_2b3_LR_001,ICBHI_186_2b3_LR,ICBHI_186,1,ICBHI,AKGC417L,0.990838973077906,4
ICBHI_186_2b3_LR_002,ICBHI_186_2b3_LR,ICBHI_186,1,ICBHI,AKGC417L,0.9909797204985978,4
ICBHI_186_2b3_LR_003,ICBHI_186_2b3_LR,ICBHI_186,1,ICBHI,AKGC417L,0.99101457124744,4
ICBHI_186_2b3_LR_004,ICBHI_186_2b3_LR,ICBHI_186,1,ICBHI,AKGC417L,0.992000245491622,4
ICBHI_186_2b3_LR_005,ICBHI_186_2b3_LR,ICBHI_186,1,ICBHI,AKGC417L,0.9912886155422944,4
ICBHI_186_2b3_LR_006,ICBHI_186_2b3_LR,ICBHI_186,1,ICBHI,AKGC417L,0.9918120900983038,4
ICBHI_186_2b3_PL_000,ICBHI_186_2b3_PL,ICBHI_186,1,ICBHI,AKGC417L,0.9934357507792256,4
ICBHI_186_2b3_PL_001,ICBHI_186_2b3_PL,ICBHI_186,1,ICBHI,AKGC417L,0.9919691867837398,4
ICBHI_186_2b3_PL_002,ICBHI_186_2b3_PL,ICBHI_186,1,ICBHI,AKGC417L,0.9932287900693888,4
ICBHI_186_2b3_PL_003,ICBHI_186_2b3_PL,ICBHI_186,1,ICBHI,AKGC417L,0.9931760452132232,4
ICBHI_186_2b3_PL_004,ICBHI_186_2b3_PL,ICBHI_186,1,ICBHI,AKGC417L,0.9919691867837398,4
ICBHI_186_2b3_PL_005,ICBHI_186_2b3_PL,ICBHI_186,1,ICBHI,AKGC417L,0.9926826025287876,4
ICBHI_186_2b3_PL_006,ICBHI_186_2b3_PL,ICBHI_186,1,ICBHI,AKGC417L,0.9925969859111274,4
ICBHI_186_2b3_PR_000,ICBHI_186_2b3_PR,ICBHI_186,1,ICBHI,AKGC417L,0.992988204618503,4
ICBHI_186_2b3_PR_001,ICBHI_186_2b3_PR,ICBHI_186,1,ICBHI,AKGC417L,0.9918120900983038,4
ICBHI_186_2b3_PR_002,ICBHI_186_2b3_PR,ICBHI_186,1,ICBHI,AKGC417L,0.9924520766240994,4
ICBHI_186_2b3_PR_003,ICBHI_186_2b3_PR,ICBHI_186,1,ICBHI,AKGC417L,0.9928508980334536,4
ICBHI_186_2b3_PR_004,ICBHI_186_2b3_PR,ICBHI_186,1,ICBHI,AKGC417L,0.9933588873579224,4
ICBHI_186_2b3_PR_005,ICBHI_186_2b3_PR,ICBHI_186,1,ICBHI,AKGC417L,0.9921537607074792,4
ICBHI_186_2b3_PR_006,ICBHI_186_2b3_PR,ICBHI_186,1,ICBHI,AKGC417L,0.9926541734255228,4
ICBHI_186_2b3_TC_000,ICBHI_186_2b3_TC,ICBHI_186,1,ICBHI,AKGC417L,0.679178699175393,4
ICBHI_186_2b3_TC_001,ICBHI_186_2b3_TC,ICBHI_186,1,ICBHI,AKGC417L,0.9442797128028252,4
ICBHI_186_2b3_TC_002,ICBHI_186_2b3_TC,ICBHI_186,1,ICBHI,AKGC417L,0.9280183729876292,4
ICBHI_186_2b3_TC_003,ICBHI_186_2b3_TC,ICBHI_186,1,ICBHI,AKGC417L,0.9608048667967016,4
ICBHI_186_2b3_TC_004,ICBHI_186_2b3_TC,ICBHI_186,1,ICBHI,AKGC417L,0.9431384513550536,4
ICBHI_186_2b3_TC_005,ICBHI_186_2b3_TC,ICBHI_186,1,ICBHI,AKGC417L,0.977110159887611,4
ICBHI_186_2b3_TC_006,ICBHI_186_2b3_TC,ICBHI_186,1,ICBHI,AKGC417L,0.9635062337709722,4
ICBHI_186_2b4_AL_000,ICBHI_186_2b4_AL,ICBHI_186,1,ICBHI,AKGC417L,0.9950370578981272,4
ICBHI_186_2b4_AL_001,ICBHI_186_2b4_AL,ICBHI_186,1,ICBHI,AKGC417L,0.9945094367975008,4
ICBHI_186_2b4_AL_002,ICBHI_186_2b4_AL,ICBHI_186,1,ICBHI,AKGC417L,0.994466612060986,4
ICBHI_186_2b4_AL_003,ICBHI_186_2b4_AL,ICBHI_186,1,ICBHI,AKGC417L,0.9945940999219732,4
ICBHI_186_2b4_AL_004,ICBHI_186_2b4_AL,ICBHI_186,1,ICBHI,AKGC417L,0.995094594294278,4
ICBHI_186_2b4_AL_005,ICBHI_186_2b4_AL,ICBHI_186,1,ICBHI,AKGC417L,0.9947391477427644,4
ICBHI_186_2b4_AL_006,ICBHI_186_2b4_AL,ICBHI_186,1,ICBHI,AKGC417L,0.994466612060986,4
ICBHI_186_2b4_AR_000,ICBHI_186_2b4_AR,ICBHI_186,1,ICBHI,AKGC417L,0.9966884809397304,4
ICBHI_186_2b4_AR_001,ICBHI_186_2b4_AR,ICBHI_186,1,ICBHI,AKGC417L,0.9971439874741472,4
ICBHI_186_2b4_AR_002,ICBHI_186_2b4_AR,ICBHI_186,1,ICBHI,AKGC417L,0.9961456361730884,4
ICBHI_186_2b4_AR_003,ICBHI_186_2b4_AR,ICBHI_186,1,ICBHI,AKGC417L,0.9965165758069192,4
ICBHI_186_2b4_AR_004,ICBHI_186_2b4_AR,ICBHI_186,1,ICBHI,AKGC417L,0.9971990730328788,4
ICBHI_186_2b4_AR_005,ICBHI_186_2b4_AR,ICBHI_186,1,ICBHI,AKGC417L,0.9967900386241352,4
ICBHI_186_2b4_AR_006,ICBHI_186_2b4_AR,ICBHI_186,1,ICBHI,AKGC417L,0.9970073347546454,4
ICBHI_186_2b4_LR_000,ICBHI_186_2b4_LR,ICBHI_186,1,ICBHI,AKGC417L,0.992481281938568,4
ICBHI_186_2b4_LR_001,ICBHI_186_2b4_LR,ICBHI_186,1,ICBHI,AKGC417L,0.992988204618503,4
ICBHI_186_2b4_LR_002,ICBHI_186_2b4_LR,ICBHI_186,1,ICBHI,AKGC417L,0.991780306938032,4
ICBHI_186_2b4_LR_003,ICBHI_186_2b4_LR,ICBHI_186,1,ICBHI,AKGC417L,0.991186833496954,4
ICBHI_186_2b4_LR_004,ICBHI_186_2b4_LR,ICBHI_186,1,ICBHI,AKGC417L,0.9937829218577496,4
ICBHI_186_2b4_LR_005,ICBHI_186_2b4_LR,ICBHI_186,1,ICBHI,AKGC417L,0.992481281938568,4
ICBHI_186_2b4_LR_006,ICBHI_186_2b4_LR,ICBHI_186,1,ICBHI,AKGC417L,0.9933071490757152,4
ICBHI_186_2b4_PL_000,ICBHI_186_2b4_PL,ICBHI_186,1,ICBHI,AKGC417L,0.9939730484115986,4
ICBHI_186_2b4_PL_001,ICBHI_186_2b4_PL,ICBHI_186,1,ICBHI,AKGC417L,0.9930153500828656,4
ICBHI_186_2b4_PL_002,ICBHI_186_2b4_PL,ICBHI_186,1,ICBHI,AKGC417L,0.9914556693065582,4
ICBHI_186_2b4_PL_003,ICBHI_186_2b4_PL,ICBHI_186,1,ICBHI,AKGC417L,0.992214345234632,4
ICBHI_186_2b4_PL_004,ICBHI_186_2b4_PL,ICBHI_186,1,ICBHI,AKGC417L,0.9932024684496268,4
ICBHI_186_2b4_PL_005,ICBHI_186_2b4_PL,ICBHI_186,1,ICBHI,AKGC417L,0.9933588873579224,4
ICBHI_186_2b4_PL_006,ICBHI_186_2b4_PL,ICBHI_186,1,ICBHI,AKGC417L,0.9935868362586746,4
ICBHI_186_2b4_PR_000,ICBHI_186_2b4_PR,ICBHI_186,1,ICBHI,AKGC417L,0.993255010457908,4
ICBHI_186_2b4_PR_001,ICBHI_186_2b4_PR,ICBHI_186,1,ICBHI,AKGC417L,0.992988204618503,4
ICBHI_186_2b4_PR_002,ICBHI_186_2b4_PR,ICBHI_186,1,ICBHI,AKGC417L,0.9934102283369194,4
ICBHI_186_2b4_PR_003,ICBHI_186_2b4_PR,ICBHI_186,1,ICBHI,AKGC417L,0.9930423911926236,4
ICBHI_186_2b4_PR_004,ICBHI_186_2b4_PR,ICBHI_186,1,ICBHI,AKGC417L,0.9925103751011916,4
ICBHI_186_2b4_PR_005,ICBHI_186_2b4_PR,ICBHI_186,1,ICBHI,AKGC417L,0.9936610782629056,4
ICBHI_186_2b4_PR_006,ICBHI_186_2b4_PR,ICBHI_186,1,ICBHI,AKGC417L,0.9933330680687192,4
ICBHI_186_2b4_TC_000,ICBHI_186_2b4_TC,ICBHI_186,1,ICBHI,AKGC417L,0.987711402470298,4
ICBHI_186_2b4_TC_001,ICBHI_186_2b4_TC,ICBHI_186,1,ICBHI,AKGC417L,0.9886243997611625,4
ICBHI_186_2b4_TC_002,ICBHI_186_2b4_TC,ICBHI_186,1,ICBHI,AKGC417L,0.9916519461902168,4
ICBHI_186_2b4_TC_003,ICBHI_186_2b4_TC,ICBHI_186,1,ICBHI,AKGC417L,0.9939024378074248,4
ICBHI_186_2b4_TC_004,ICBHI_186_2b4_TC,ICBHI_186,1,ICBHI,AKGC417L,0.9853279650847626,4
ICBHI_186_2b4_TC_005,ICBHI_186_2b4_TC,ICBHI_186,1,ICBHI,AKGC417L,0.977110159887611,4
ICBHI_186_2b4_TC_006,ICBHI_186_2b4_TC,ICBHI_186,1,ICBHI,AKGC417L,0.8296300758720911,4
ICBHI_186_3b3_AL_000,ICBHI_186_3b3_AL,ICBHI_186,1,ICBHI,AKGC417L,0.996100379327422,4
ICBHI_186_3b3_AL_001,ICBHI_186_3b3_AL,ICBHI_186,1,ICBHI,AKGC417L,0.9964481154509656,4
ICBHI_186_3b3_AL_002,ICBHI_186_3b3_AL,ICBHI_186,1,ICBHI,AKGC417L,0.9961903698015272,4
ICBHI_186_3b3_AL_003,ICBHI_186_3b3_AL,ICBHI_186,1,ICBHI,AKGC417L,0.9961755163553628,4
ICBHI_186_3b3_AL_004,ICBHI_186_3b3_AL,ICBHI_186,1,ICBHI,AKGC417L,0.9964342633376392,4
ICBHI_186_3b3_AL_005,ICBHI_186_3b3_AL,ICBHI_186,1,ICBHI,AKGC417L,0.9958820823560408,4
ICBHI_186_3b3_AL_006,ICBHI_186_3b3_AL,ICBHI_186,1,ICBHI,AKGC417L,0.9955662347993564,4
ICBHI_186_3b3_AR_000,ICBHI_186_3b3_AR,ICBHI_186,1,ICBHI,AKGC417L,0.9972423776326046,4
ICBHI_186_3b3_AR_001,ICBHI_186_3b3_AR,ICBHI_186,1,ICBHI,AKGC417L,0.997263778900852,4
ICBHI_186_3b3_AR_002,ICBHI_186_3b3_AR,ICBHI_186,1,ICBHI,AKGC417L,0.996205165779956,4
ICBHI_186_3b3_AR_003,ICBHI_186_3b3_AR,ICBHI_186,1,ICBHI,AKGC417L,0.9965435903319344,4
ICBHI_186_3b3_AR_004,ICBHI_186_3b3_AR,ICBHI_186,1,ICBHI,AKGC417L,0.9973165601911425,4
ICBHI_186_3b3_AR_005,ICBHI_186_3b3_AR,ICBHI_186,1,ICBHI,AKGC417L,0.9972955706305906,4
ICBHI_186_3b3_AR_006,ICBHI_186_3b3_AR,ICBHI_186,1,ICBHI,AKGC417L,0.9971216519652336,4
ICBHI_186_3b3_LR_000,ICBHI_186_3b3_LR,ICBHI_186,1,ICBHI,AKGC417L,0.9926541734255228,4
ICBHI_186_3b3_LR_001,ICBHI_186_3b3_LR,ICBHI_186,1,ICBHI,AKGC417L,0.993096161928778,4
ICBHI_186_3b3_LR_002,ICBHI_186_3b3_LR,ICBHI_186,1,ICBHI,AKGC417L,0.9925682266657088,4
ICBHI_186_3b3_LR_003,ICBHI_186_3b3_LR,ICBHI_186,1,ICBHI,AKGC417L,0.991875291221819,4
ICBHI_186_3b3_LR_004,ICBHI_186_3b3_LR,ICBHI_186,1,ICBHI,AKGC417L,0.9929609544025984,4
ICBHI_186_3b3_LR_005,ICBHI_186_3b3_LR,ICBHI_186,1,ICBHI,AKGC417L,0.9913222832950108,4
ICBHI_186_3b3_LR_006,ICBHI_186_3b3_LR,ICBHI_186,1,ICBHI,AKGC417L,0.9907319866190856,4
ICBHI_186_3b3_PL_000,ICBHI_186_3b3_PL,ICBHI_186,1,ICBHI,AKGC417L,0.9928508980334536,4
ICBHI_186_3b3_PL_001,ICBHI_186_3b3_PL,ICBHI_186,1,ICBHI,AKGC417L,0.9927391335017144,4
ICBHI_186_3b3_PL_002,ICBHI_186_3b3_PL,ICBHI_186,1,ICBHI,AKGC417L,0.992481281938568,4
ICBHI_186_3b3_PL_003,ICBHI_186_3b3_PL,ICBHI_186,1,ICBHI,AKGC417L,0.992481281938568,4
ICBHI_186_3b3_PL_004,ICBHI_186_3b3_PL,ICBHI_186,1,ICBHI,AKGC417L,0.9915215980653224,4
ICBHI_186_3b3_PL_005,ICBHI_186_3b3_PL,ICBHI_186,1,ICBHI,AKGC417L,0.9919691867837398,4
ICBHI_186_3b3_PL_006,ICBHI_186_3b3_PL,ICBHI_186,1,ICBHI,AKGC417L,0.9919691867837398,4
ICBHI_186_3b3_PR_000,ICBHI_186_3b3_PR,ICBHI_186,1,ICBHI,AKGC417L,0.9929609544025984,4
ICBHI_186_3b3_PR_001,ICBHI_186_3b3_PR,ICBHI_186,1,ICBHI,AKGC417L,0.992710922416408,4
ICBHI_186_3b3_PR_002,ICBHI_186_3b3_PR,ICBHI_186,1,ICBHI,AKGC417L,0.9923637835053328,4
ICBHI_186_3b3_PR_003,ICBHI_186_3b3_PR,ICBHI_186,1,ICBHI,AKGC417L,0.992481281938568,4
ICBHI_186_3b3_PR_004,ICBHI_186_3b3_PR,ICBHI_186,1,ICBHI,AKGC417L,0.9918120900983038,4
ICBHI_186_3b3_PR_005,ICBHI_186_3b3_PR,ICBHI_186,1,ICBHI,AKGC417L,0.9915870224290224,4
ICBHI_186_3b3_PR_006,ICBHI_186_3b3_PR,ICBHI_186,1,ICBHI,AKGC417L,0.9920620058985926,4
ICBHI_186_3b3_TC_000,ICBHI_186_3b3_TC,ICBHI_186,1,ICBHI,AKGC417L,0.9893062422638244,4
ICBHI_186_3b3_TC_001,ICBHI_186_3b3_TC,ICBHI_186,1,ICBHI,AKGC417L,0.4092207951316077,4
ICBHI_186_3b3_TC_002,ICBHI_186_3b3_TC,ICBHI_186,1,ICBHI,AKGC417L,0.9660280028426234,4
ICBHI_186_3b3_TC_003,ICBHI_186_3b3_TC,ICBHI_186,1,ICBHI,AKGC417L,0.9780097803027992,4
ICBHI_186_3b3_TC_004,ICBHI_186_3b3_TC,ICBHI_186,1,ICBHI,AKGC417L,0.9906960501316064,4
ICBHI_186_3b3_TC_005,ICBHI_186_3b3_TC,ICBHI_186,1,ICBHI,AKGC417L,0.9750122054090996,4
ICBHI_186_3b3_TC_006,ICBHI_186_3b3_TC,ICBHI_186,1,ICBHI,AKGC417L,0.9709643572583984,4
ICBHI_189_1b2_LR_000,ICBHI_189_1b2_LR,ICBHI_189,1,ICBHI,LittC2SE,0.9980581831133134,4
ICBHI_189_1b2_LR_001,ICBHI_189_1b2_LR,ICBHI_189,1,ICBHI,LittC2SE,0.9984207405711988,4
ICBHI_189_1b2_LR_002,ICBHI_189_1b2_LR,ICBHI_189,1,ICBHI,LittC2SE,0.9966625950548096,4
ICBHI_189_1b2_LR_003,ICBHI_189_1b2_LR,ICBHI_189,1,ICBHI,LittC2SE,0.9965969946412504,4
ICBHI_189_1b2_LR_004,ICBHI_189_1b2_LR,ICBHI_189,1,ICBHI,LittC2SE,0.9963641911822828,4
ICBHI_189_1b2_LR_005,ICBHI_189_1b2_LR,ICBHI_189,1,ICBHI,LittC2SE,0.9978677383140172,4
ICBHI_189_1b2_LR_006,ICBHI_189_1b2_LR,ICBHI_189,1,ICBHI,LittC2SE,0.9967523235008112,4
ICBHI_192_2b1_AL_000,ICBHI_192_2b1_AL,ICBHI_192,1,ICBHI,LittC2SE,0.9927391335017144,4
ICBHI_192_2b1_AL_001,ICBHI_192_2b1_AL,ICBHI_192,1,ICBHI,LittC2SE,0.9940659331606164,4
ICBHI_192_2b1_AL_002,ICBHI_192_2b1_AL,ICBHI_192,1,ICBHI,LittC2SE,0.9932287900693888,4
ICBHI_192_2b1_AL_003,ICBHI_192_2b1_AL,ICBHI_192,1,ICBHI,LittC2SE,0.993461175022765,4
ICBHI_192_2b1_AL_004,ICBHI_192_2b1_AL,ICBHI_192,1,ICBHI,LittC2SE,0.9939496023117854,4
ICBHI_192_2b1_AL_005,ICBHI_192_2b1_AL,ICBHI_192,1,ICBHI,LittC2SE,0.9913558220632764,4
ICBHI_192_2b1_AL_006,ICBHI_192_2b1_AL,ICBHI_192,1,ICBHI,LittC2SE,0.9940196700308718,4
ICBHI_192_2b1_AR_000,ICBHI_192_2b1_AR,ICBHI_192,1,ICBHI,LittC2SE,0.9988530841674524,4
ICBHI_192_2b1_AR_001,ICBHI_192_2b1_AR,ICBHI_192,1,ICBHI,LittC2SE,0.9987696417179502,4
ICBHI_192_2b1_AR_002,ICBHI_192_2b1_AR,ICBHI_192,1,ICBHI,LittC2SE,0.9987306355296328,4
ICBHI_192_2b1_AR_003,ICBHI_192_2b1_AR,ICBHI_192,1,ICBHI,LittC2SE,0.99883958037482,4
ICBHI_192_2b1_AR_004,ICBHI_192_2b1_AR,ICBHI_192,1,ICBHI,LittC2SE,0.9986903943451748,4
ICBHI_192_2b1_AR_005,ICBHI_192_2b1_AR,ICBHI_192,1,ICBHI,LittC2SE,0.9980657388967296,4
ICBHI_192_2b1_AR_006,ICBHI_192_2b1_AR,ICBHI_192,1,ICBHI,LittC2SE,0.9983515170581486,4
ICBHI_192_2b2_AL_000,ICBHI_192_2b2_AL,ICBHI_192,1,ICBHI,LittC2SE,0.995801204728528,4
ICBHI_192_2b2_AL_001,ICBHI_192_2b2_AL,ICBHI_192,1,ICBHI,LittC2SE,0.9939964042034284,4
ICBHI_192_2b2_AL_002,ICBHI_192_2b2_AL,ICBHI_192,1,ICBHI,LittC2SE,0.9953181774756662,4
ICBHI_192_2b2_AL_003,ICBHI_192_2b2_AL,ICBHI_192,1,ICBHI,LittC2SE,0.9952262776092428,4
ICBHI_192_2b2_AL_004,ICBHI_192_2b2_AL,ICBHI_192,1,ICBHI,LittC2SE,0.9948603889024312,4
ICBHI_192_2b2_AL_005,ICBHI_192_2b2_AL,ICBHI_192,1,ICBHI,LittC2SE,0.9956176633592692,4
ICBHI_192_2b2_AL_006,ICBHI_192_2b2_AL,ICBHI_192,1,ICBHI,LittC2SE,0.9955662347993564,4
ICBHI_192_2b2_AR_000,ICBHI_192_2b2_AR,ICBHI_192,1,ICBHI,LittC2SE,0.998224739467894,4
ICBHI_192_2b2_AR_001,ICBHI_192_2b2_AR,ICBHI_192,1,ICBHI,LittC2SE,0.9983058968441496,4
ICBHI_192_2b2_AR_002,ICBHI_192_2b2_AR,ICBHI_192,1,ICBHI,LittC2SE,0.9983896426295432,4
ICBHI_192_2b2_AR_003,ICBHI_192_2b2_AR,ICBHI_192,1,ICBHI,LittC2SE,0.9986954933533844,4
ICBHI_192_2b2_AR_004,ICBHI_192_2b2_AR,ICBHI_192,1,ICBHI,LittC2SE,0.99843301120745,4
ICBHI_192_2b2_AR_005,ICBHI_192_2b2_AR,ICBHI_192,1,ICBHI,LittC2SE,0.9979492564600826,4
ICBHI_192_2b2_AR_006,ICBHI_192_2b2_AR,ICBHI_192,1,ICBHI,LittC2SE,0.9981030799255212,4
ICBHI_192_2b3_AL_000,ICBHI_192_2b3_AL,ICBHI_192,1,ICBHI,LittC2SE,0.9961606052199882,4
ICBHI_192_2b3_AL_001,ICBHI_192_2b3_AL,ICBHI_192,1,ICBHI,LittC2SE,0.995801204728528,4
ICBHI_192_2b3_AL_002,ICBHI_192_2b3_AL,ICBHI_192,1,ICBHI,LittC2SE,0.9955662347993564,4
ICBHI_192_2b3_AL_003,ICBHI_192_2b3_AL,ICBHI_192,1,ICBHI,LittC2SE,0.9955489587731128,4
ICBHI_192_2b3_AL_004,ICBHI_192_2b3_AL,ICBHI_192,1,ICBHI,LittC2SE,0.996234586215326,4
ICBHI_192_2b3_AL_005,ICBHI_192_2b3_AL,ICBHI_192,1,ICBHI,LittC2SE,0.9948001198233036,4
ICBHI_192_2b3_AL_006,ICBHI_192_2b3_AL,ICBHI_192,1,ICBHI,LittC2SE,0.9949001816970466,4
ICBHI_192_2b3_AR_000,ICBHI_192_2b3_AR,ICBHI_192,1,ICBHI,LittC2SE,0.998481149158622,4
ICBHI_192_2b3_AR_001,ICBHI_192_2b3_AR,ICBHI_192,1,ICBHI,LittC2SE,0.998238530319926,4
ICBHI_192_2b3_AR_002,ICBHI_192_2b3_AR,ICBHI_192,1,ICBHI,LittC2SE,0.9985046615466896,4
ICBHI_192_2b3_AR_003,ICBHI_192_2b3_AR,ICBHI_192,1,ICBHI,LittC2SE,0.9983959107471776,4
ICBHI_192_2b3_AR_004,ICBHI_192_2b3_AR,ICBHI_192,1,ICBHI,LittC2SE,0.998516281097091,4
ICBHI_192_2b3_AR_005,ICBHI_192_2b3_AR,ICBHI_192,1,ICBHI,LittC2SE,0.9987256737086126,4
ICBHI_192_2b3_AR_006,ICBHI_192_2b3_AR,ICBHI_192,1,ICBHI,LittC2SE,0.9985104826352892,4
ICBHI_203_1p2_AL_000,ICBHI_203_1p2_AL,ICBHI_203,1,ICBHI,AKGC417L,0.994759550379741,4
ICBHI_203_1p2_AL_001,ICBHI_203_1p2_AL,ICBHI_203,1,ICBHI,AKGC417L,0.9943580914999768,4
ICBHI_203_1p2_AL_002,ICBHI_203_1p2_AL,ICBHI_203,1,ICBHI,AKGC417L,0.9939496023117854,4
ICBHI_203_1p2_AL_003,ICBHI_203_1p2_AL,ICBHI_203,1,ICBHI,AKGC417L,0.9925682266657088,4
ICBHI_203_1p2_AL_004,ICBHI_203_1p2_AL,ICBHI_203,1,ICBHI,AKGC417L,0.9934357507792256,4
ICBHI_203_1p2_AL_005,ICBHI_203_1p2_AL,ICBHI_203,1,ICBHI,AKGC417L,0.991422514586288,4
ICBHI_203_1p2_AL_006,ICBHI_203_1p2_AL,ICBHI_203,1,ICBHI,AKGC417L,0.992481281938568,4
ICBHI_203_1p2_AR_000,ICBHI_203_1p2_AR,ICBHI_203,1,ICBHI,AKGC417L,0.9930423911926236,4
ICBHI_203_1p2_AR_001,ICBHI_203_1p2_AR,ICBHI_203,1,ICBHI,AKGC417L,0.993255010457908,4
ICBHI_203_1p2_AR_002,ICBHI_203_1p2_AR,ICBHI_203,1,ICBHI,AKGC417L,0.994225070146556,4
ICBHI_203_1p2_AR_003,ICBHI_203_1p2_AR,ICBHI_203,1,ICBHI,AKGC417L,0.9943361347628212,4
ICBHI_203_1p2_AR_004,ICBHI_203_1p2_AR,ICBHI_203,1,ICBHI,AKGC417L,0.995207683326861,4
ICBHI_203_1p2_AR_005,ICBHI_203_1p2_AR,ICBHI_203,1,ICBHI,AKGC417L,0.994445075296309,4
ICBHI_203_1p2_AR_006,ICBHI_203_1p2_AR,ICBHI_203,1,ICBHI,AKGC417L,0.9951325826547208,4
ICBHI_203_1p2_LR_000,ICBHI_203_1p2_LR,ICBHI_203,1,ICBHI,AKGC417L,0.9940428462362504,4
ICBHI_203_1p2_LR_001,ICBHI_203_1p2_LR,ICBHI_203,1,ICBHI,AKGC417L,0.9935368622818452,4
ICBHI_203_1p2_LR_002,ICBHI_203_1p2_LR,ICBHI_203,1,ICBHI,AKGC417L,0.9914886969734374,4
ICBHI_203_1p2_LR_003,ICBHI_203_1p2_LR,ICBHI_203,1,ICBHI,AKGC417L,0.9873262643069668,4
ICBHI_203_1p2_LR_004,ICBHI_203_1p2_LR,ICBHI_203,1,ICBHI,AKGC417L,0.9875203002546722,4
ICBHI_203_1p2_LR_005,ICBHI_203_1p2_LR,ICBHI_203,1,ICBHI,AKGC417L,0.9917484014309144,4
ICBHI_203_1p2_LR_006,ICBHI_203_1p2_LR,ICBHI_203,1,ICBHI,AKGC417L,0.991780306938032,4
ICBHI_203_1p2_PL_000,ICBHI_203_1p2_PL,ICBHI_203,1,ICBHI,AKGC417L,0.9918120900983038,4
ICBHI_203_1p2_PL_001,ICBHI_203_1p2_PL,ICBHI_203,1,ICBHI,AKGC417L,0.992767236196521,4
ICBHI_203_1p2_PL_002,ICBHI_203_1p2_PL,ICBHI_203,1,ICBHI,AKGC417L,0.9957684125218388,4
ICBHI_203_1p2_PL_003,ICBHI_203_1p2_PL,ICBHI_203,1,ICBHI,AKGC417L,0.9950563109218776,4
ICBHI_203_1p2_PL_004,ICBHI_203_1p2_PL,ICBHI_203,1,ICBHI,AKGC417L,0.9929335990367508,4
ICBHI_203_1p2_PL_005,ICBHI_203_1p2_PL,ICBHI_203,1,ICBHI,AKGC417L,0.9942919660808864,4
ICBHI_203_1p2_PL_006,ICBHI_203_1p2_PL,ICBHI_203,1,ICBHI,AKGC417L,0.9958660319095476,4
ICBHI_203_1p2_PR_000,ICBHI_203_1p2_PR,ICBHI_203,1,ICBHI,AKGC417L,0.9938549079159148,4
ICBHI_203_1p2_PR_001,ICBHI_203_1p2_PR,ICBHI_203,1,ICBHI,AKGC417L,0.995207683326861,4
ICBHI_203_1p2_PR_002,ICBHI_203_1p2_PR,ICBHI_203,1,ICBHI,AKGC417L,0.9950370578981272,4
ICBHI_203_1p2_PR_003,ICBHI_203_1p2_PR,ICBHI_203,1,ICBHI,AKGC417L,0.9924520766240994,4
ICBHI_203_1p2_PR_004,ICBHI_203_1p2_PR,ICBHI_203,1,ICBHI,AKGC417L,0.9771538025943493,4
ICBHI_203_1p2_PR_005,ICBHI_203_1p2_PR,ICBHI_203,1,ICBHI,AKGC417L,0.9936116790902788,4
ICBHI_203_1p2_PR_006,ICBHI_203_1p2_PR,ICBHI_203,1,ICBHI,AKGC417L,0.9937829218577496,4
ICBHI_203_1p2_TC_000,ICBHI_203_1p2_TC,ICBHI_203,1,ICBHI,AKGC417L,0.991186833496954,4
ICBHI_203_1p2_TC_001,ICBHI_203_1p2_TC,ICBHI_203,1,ICBHI,AKGC417L,0.9890130573694068,4
ICBHI_203_1p2_TC_002,ICBHI_203_1p2_TC,ICBHI_203,1,ICBHI,AKGC417L,0.9904775143296634,4
ICBHI_203_1p2_TC_003,ICBHI_203_1p2_TC,ICBHI_203,1,ICBHI,AKGC417L,0.9953181774756662,4
ICBHI_203_1p2_TC_004,ICBHI_203_1p2_TC,ICBHI_203,1,ICBHI,AKGC417L,0.9936116790902788,4
ICBHI_203_1p2_TC_005,ICBHI_203_1p2_TC,ICBHI_203,1,ICBHI,AKGC417L,0.9914886969734374,4
ICBHI_203_1p2_TC_006,ICBHI_203_1p2_TC,ICBHI_203,1,ICBHI,AKGC417L,0.9878058669624096,4
ICBHI_203_1p3_AL_000,ICBHI_203_1p3_AL,ICBHI_203,1,ICBHI,AKGC417L,0.9766692311915196,4
ICBHI_203_1p3_AL_001,ICBHI_203_1p3_AL,ICBHI_203,1,ICBHI,AKGC417L,0.9849273716910544,4
ICBHI_203_1p3_AL_002,ICBHI_203_1p3_AL,ICBHI_203,1,ICBHI,AKGC417L,0.9848692716928064,4
ICBHI_203_1p3_AL_003,ICBHI_203_1p3_AL,ICBHI_203,1,ICBHI,AKGC417L,0.989510908740062,4
ICBHI_203_1p3_AL_004,ICBHI_203_1p3_AL,ICBHI_203,1,ICBHI,AKGC417L,0.9869795098861572,4
ICBHI_203_1p3_AL_005,ICBHI_203_1p3_AL,ICBHI_203,1,ICBHI,AKGC417L,0.9909797204985978,4
ICBHI_203_1p3_AL_006,ICBHI_203_1p3_AL,ICBHI_203,1,ICBHI,AKGC417L,0.9888849862785224,4
ICBHI_203_1p3_AR_000,ICBHI_203_1p3_AR,ICBHI_203,1,ICBHI,AKGC417L,0.9845160126963748,4
ICBHI_203_1p3_AR_001,ICBHI_203_1p3_AR,ICBHI_203,1,ICBHI,AKGC417L,0.977197364031994,4
ICBHI_203_1p3_AR_002,ICBHI_203_1p3_AR,ICBHI_203,1,ICBHI,AKGC417L,0.9881308789536604,4
ICBHI_203_1p3_AR_003,ICBHI_203_1p3_AR,ICBHI_203,1,ICBHI,AKGC417L,0.9963923831967464,4
ICBHI_203_1p3_AR_004,ICBHI_203_1p3_AR,ICBHI_203,1,ICBHI,AKGC417L,0.9938787187092716,4
ICBHI_203_1p3_AR_005,ICBHI_203_1p3_AR,ICBHI_203,1,ICBHI,AKGC417L,0.9875203002546722,4
ICBHI_203_1p3_AR_006,ICBHI_203_1p3_AR,ICBHI_203,1,ICBHI,AKGC417L,0.982423116732664,4
ICBHI_203_1p3_PL_000,ICBHI_203_1p3_PL,ICBHI_203,1,ICBHI,AKGC417L,0.9976403393179368,4
ICBHI_203_1p3_PL_001,ICBHI_203_1p3_PL,ICBHI_203,1,ICBHI,AKGC417L,0.9978002019563084,4
ICBHI_203_1p3_PL_002,ICBHI_203_1p3_PL,ICBHI_203,1,ICBHI,AKGC417L,0.9926256346917622,4
ICBHI_203_1p3_PL_003,ICBHI_203_1p3_PL,ICBHI_203,1,ICBHI,AKGC417L,0.984032346511204,4
ICBHI_203_1p3_PL_004,ICBHI_203_1p3_PL,ICBHI_203,1,ICBHI,AKGC417L,0.9973785590538324,4
ICBHI_203_1p3_PL_005,ICBHI_203_1p3_PL,ICBHI_203,1,ICBHI,AKGC417L,0.9978677383140172,4
ICBHI_203_1p3_PL_006,ICBHI_203_1p3_PL,ICBHI_203,1,ICBHI,AKGC417L,0.9961456361730884,4
ICBHI_203_1p3_PR_000,ICBHI_203_1p3_PR,ICBHI_203,1,ICBHI,AKGC417L,0.9960851763943628,4
ICBHI_203_1p3_PR_001,ICBHI_203_1p3_PR,ICBHI_203,1,ICBHI,AKGC417L,0.996378314521325,4
ICBHI_203_1p3_PR_002,ICBHI_203_1p3_PR,ICBHI_203,1,ICBHI,AKGC417L,0.9959927110540886,4
ICBHI_203_1p3_PR_003,ICBHI_203_1p3_PR,ICBHI_203,1,ICBHI,AKGC417L,0.9936610782629056,4
ICBHI_203_1p3_PR_004,ICBHI_203_1p3_PR,ICBHI_203,1,ICBHI,AKGC417L,0.9805434250177092,4
ICBHI_203_1p3_PR_005,ICBHI_203_1p3_PR,ICBHI_203,1,ICBHI,AKGC417L,0.990838973077906,4
ICBHI_203_1p3_PR_006,ICBHI_203_1p3_PR,ICBHI_203,1,ICBHI,AKGC417L,0.9913892323324892,4
ICBHI_203_1p3_TC_000,ICBHI_203_1p3_TC,ICBHI_203,1,ICBHI,AKGC417L,0.9914556693065582,4
ICBHI_203_1p3_TC_001,ICBHI_203_1p3_TC,ICBHI_203,1,ICBHI,AKGC417L,0.9888849862785224,4
ICBHI_203_1p3_TC_002,ICBHI_203_1p3_TC,ICBHI_203,1,ICBHI,AKGC417L,0.9870795269609208,4
ICBHI_203_1p3_TC_003,ICBHI_203_1p3_TC,ICBHI_203,1,ICBHI,AKGC417L,0.9898303422461272,4
ICBHI_203_1p3_TC_004,ICBHI_203_1p3_TC,ICBHI_203,1,ICBHI,AKGC417L,0.9715099574136776,4
ICBHI_203_1p3_TC_005,ICBHI_203_1p3_TC,ICBHI_203,1,ICBHI,AKGC417L,0.979589692299694,4
ICBHI_203_1p3_TC_006,ICBHI_203_1p3_TC,ICBHI_203,1,ICBHI,AKGC417L,0.9876638995791304,4
ICBHI_203_1p4_AL_000,ICBHI_203_1p4_AL,ICBHI_203,1,ICBHI,AKGC417L,0.9930153500828656,4
ICBHI_203_1p4_AL_001,ICBHI_203_1p4_AL,ICBHI_203,1,ICBHI,AKGC417L,0.9921232932834126,4
ICBHI_203_1p4_AL_002,ICBHI_203_1p4_AL,ICBHI_203,1,ICBHI,AKGC417L,0.9881766051636294,4
ICBHI_203_1p4_AL_003,ICBHI_203_1p4_AL,ICBHI_203,1,ICBHI,AKGC417L,0.9886243997611625,4
ICBHI_203_1p4_AL_004,ICBHI_203_1p4_AL,ICBHI_203,1,ICBHI,AKGC417L,0.992334125311354,4
ICBHI_203_1p4_AL_005,ICBHI_203_1p4_AL,ICBHI_203,1,ICBHI,AKGC417L,0.9927391335017144,4
ICBHI_203_1p4_AL_006,ICBHI_203_1p4_AL,ICBHI_203,1,ICBHI,AKGC417L,0.9929609544025984,4
ICBHI_203_1p4_AR_000,ICBHI_203_1p4_AR,ICBHI_203,1,ICBHI,AKGC417L,0.9896718474806948,4
ICBHI_203_1p4_AR_001,ICBHI_203_1p4_AR,ICBHI_203,1,ICBHI,AKGC417L,0.9660920419951724,4
ICBHI_203_1p4_AR_002,ICBHI_203_1p4_AR,ICBHI_203,1,ICBHI,AKGC417L,0.9852713861502774,4
ICBHI_203_1p4_AR_003,ICBHI_203_1p4_AR,ICBHI_203,1,ICBHI,AKGC417L,0.9735442241838218,4
ICBHI_203_1p4_AR_004,ICBHI_203_1p4_AR,ICBHI_203,1,ICBHI,AKGC417L,0.9334308110294984,4
ICBHI_203_1p4_AR_005,ICBHI_203_1p4_AR,ICBHI_203,1,ICBHI,AKGC417L,0.9832145101099364,4
ICBHI_203_1p4_AR_006,ICBHI_203_1p4_AR,ICBHI_203,1,ICBHI,AKGC417L,0.9679599219419188,4
ICBHI_203_1p4_PL_000,ICBHI_203_1p4_PL,ICBHI_203,1,ICBHI,AKGC417L,0.990944735813278,4
ICBHI_203_1p4_PL_001,ICBHI_203_1p4_PL,ICBHI_203,1,ICBHI,AKGC417L,0.9893474891602738,4
ICBHI_203_1p4_PL_002,ICBHI_203_1p4_PL,ICBHI_203,1,ICBHI,AKGC417L,0.9927391335017144,4
ICBHI_203_1p4_PL_003,ICBHI_203_1p4_PL,ICBHI_203,1,ICBHI,AKGC417L,0.9964756590195628,4
ICBHI_203_1p4_PL_004,ICBHI_203_1p4_PL,ICBHI_203,1,ICBHI,AKGC417L,0.9921537607074792,4
ICBHI_203_1p4_PL_005,ICBHI_203_1p4_PL,ICBHI_203,1,ICBHI,AKGC417L,0.9883127420043056,4
ICBHI_203_1p4_PL_006,ICBHI_203_1p4_PL,ICBHI_203,1,ICBHI,AKGC417L,0.9877587247081928,4
ICBHI_203_1p4_PR_000,ICBHI_203_1p4_PR,ICBHI_203,1,ICBHI,AKGC417L,0.9961755163553628,4
ICBHI_203_1p4_PR_001,ICBHI_203_1p4_PR,ICBHI_203,1,ICBHI,AKGC417L,0.9958660319095476,4
ICBHI_203_1p4_PR_002,ICBHI_203_1p4_PR,ICBHI_203,1,ICBHI,AKGC417L,0.9957684125218388,4
ICBHI_203_1p4_PR_003,ICBHI_203_1p4_PR,ICBHI_203,1,ICBHI,AKGC417L,0.9957353653078126,4
ICBHI_203_1p4_PR_004,ICBHI_203_1p4_PR,ICBHI_203,1,ICBHI,AKGC417L,0.9951136252099114,4
ICBHI_203_1p4_PR_005,ICBHI_203_1p4_PR,ICBHI_203,1,ICBHI,AKGC417L,0.9939496023117854,4
ICBHI_203_1p4_PR_006,ICBHI_203_1p4_PR,ICBHI_203,1,ICBHI,AKGC417L,0.9934357507792256,4
ICBHI_203_1p4_TC_000,ICBHI_203_1p4_TC,ICBHI_203,1,ICBHI,AKGC417L,0.9917484014309144,4
ICBHI_203_1p4_TC_001,ICBHI_203_1p4_TC,ICBHI_203,1,ICBHI,AKGC417L,0.994202598745566,4
ICBHI_203_1p4_TC_002,ICBHI_203_1p4_TC,ICBHI_203,1,ICBHI,AKGC417L,0.9929609544025984,4
ICBHI_203_1p4_TC_003,ICBHI_203_1p4_TC,ICBHI_203,1,ICBHI,AKGC417L,0.991083872947128,4
ICBHI_203_1p4_TC_004,ICBHI_203_1p4_TC,ICBHI_203,1,ICBHI,AKGC417L,0.991780306938032,4
ICBHI_203_1p4_TC_005,ICBHI_203_1p4_TC,ICBHI_203,1,ICBHI,AKGC417L,0.99058741041239,4
ICBHI_203_1p4_TC_006,ICBHI_203_1p4_TC,ICBHI_203,1,ICBHI,AKGC417L,0.9945519319148104,4
ICBHI_203_2p3_AL_000,ICBHI_203_2p3_AL,ICBHI_203,1,ICBHI,AKGC417L,0.9919380084717284,4
ICBHI_203_2p3_AL_001,ICBHI_203_2p3_AL,ICBHI_203,1,ICBHI,AKGC417L,0.985772953896821,4
ICBHI_203_2p3_AL_002,ICBHI_203_2p3_AL,ICBHI_203,1,ICBHI,AKGC417L,0.2637890065578331,4
ICBHI_203_2p3_AL_003,ICBHI_203_2p3_AL,ICBHI_203,1,ICBHI,AKGC417L,0.9787938797980108,4
ICBHI_203_2p3_AL_004,ICBHI_203_2p3_AL,ICBHI_203,1,ICBHI,AKGC417L,0.9862046355788148,4
ICBHI_203_2p3_AL_005,ICBHI_203_2p3_AL,ICBHI_203,1,ICBHI,AKGC417L,0.8960696214948621,4
ICBHI_203_2p3_AL_006,ICBHI_203_2p3_AL,ICBHI_203,1,ICBHI,AKGC417L,0.991619546648974,4
ICBHI_203_2p3_AR_000,ICBHI_203_2p3_AR,ICBHI_203,1,ICBHI,AKGC417L,0.8551267677954196,4
ICBHI_203_2p3_AR_001,ICBHI_203_2p3_AR,ICBHI_203,1,ICBHI,AKGC417L,0.9429286027746024,4
ICBHI_203_2p3_AR_002,ICBHI_203_2p3_AR,ICBHI_203,1,ICBHI,AKGC417L,0.0033244368916556,4
ICBHI_203_2p3_AR_003,ICBHI_203_2p3_AR,ICBHI_203,1,ICBHI,AKGC417L,0.005533387939014,4
ICBHI_203_2p3_AR_004,ICBHI_203_2p3_AR,ICBHI_203,1,ICBHI,AKGC417L,0.8872045937171068,4
ICBHI_203_2p3_AR_005,ICBHI_203_2p3_AR,ICBHI_203,1,ICBHI,AKGC417L,0.0146156701006359,4
ICBHI_203_2p3_AR_006,ICBHI_203_2p3_AR,ICBHI_203,1,ICBHI,AKGC417L,0.4383343411387402,4
ICBHI_203_2p3_PL_000,ICBHI_203_2p3_PL,ICBHI_203,1,ICBHI,AKGC417L,0.9958337438789612,4
ICBHI_203_2p3_PL_001,ICBHI_203_2p3_PL,ICBHI_203,1,ICBHI,AKGC417L,0.995207683326861,4
ICBHI_203_2p3_PL_002,ICBHI_203_2p3_PL,ICBHI_203,1,ICBHI,AKGC417L,0.991422514586288,4
ICBHI_203_2p3_PL_003,ICBHI_203_2p3_PL,ICBHI_203,1,ICBHI,AKGC417L,0.986878728873449,4
ICBHI_203_2p3_PL_004,ICBHI_203_2p3_PL,ICBHI_203,1,ICBHI,AKGC417L,0.9962199045112876,4
ICBHI_203_2p3_PL_005,ICBHI_203_2p3_PL,ICBHI_203,1,ICBHI,AKGC417L,0.9943140930647724,4
ICBHI_203_2p3_PL_006,ICBHI_203_2p3_PL,ICBHI_203,1,ICBHI,AKGC417L,0.9913222832950108,4
ICBHI_203_2p3_PR_000,ICBHI_203_2p3_PR,ICBHI_203,1,ICBHI,AKGC417L,0.9948001198233036,4
ICBHI_203_2p3_PR_001,ICBHI_203_2p3_PR,ICBHI_203,1,ICBHI,AKGC417L,0.9948403768236574,4
ICBHI_203_2p3_PR_002,ICBHI_203_2p3_PR,ICBHI_203,1,ICBHI,AKGC417L,0.9939496023117854,4
ICBHI_203_2p3_PR_003,ICBHI_203_2p3_PR,ICBHI_203,1,ICBHI,AKGC417L,0.9928785712542648,4
ICBHI_203_2p3_PR_004,ICBHI_203_2p3_PR,ICBHI_203,1,ICBHI,AKGC417L,0.9933071490757152,4
ICBHI_203_2p3_PR_005,ICBHI_203_2p3_PR,ICBHI_203,1,ICBHI,AKGC417L,0.993149519973355,4
ICBHI_203_2p3_PR_006,ICBHI_203_2p3_PR,ICBHI_203,1,ICBHI,AKGC417L,0.9941573948247951,4
ICBHI_203_2p3_TC_000,ICBHI_203_2p3_TC,ICBHI_203,1,ICBHI,AKGC417L,0.9879462204837636,4
ICBHI_203_2p3_TC_001,ICBHI_203_2p3_TC,ICBHI_203,1,ICBHI,AKGC417L,0.9970535950245228,4
ICBHI_203_2p3_TC_002,ICBHI_203_2p3_TC,ICBHI_203,1,ICBHI,AKGC417L,0.9971550903350206,4
ICBHI_203_2p3_TC_003,ICBHI_203_2p3_TC,ICBHI_203,1,ICBHI,AKGC417L,0.9964342633376392,4
ICBHI_203_2p3_TC_004,ICBHI_203_2p3_TC,ICBHI_203,1,ICBHI,AKGC417L,0.9954615682752046,4
ICBHI_203_2p3_TC_005,ICBHI_203_2p3_TC,ICBHI_203,1,ICBHI,AKGC417L,0.9972423776326046,4
ICBHI_203_2p3_TC_006,ICBHI_203_2p3_TC,ICBHI_203,1,ICBHI,AKGC417L,0.9973580531566688,4
ICBHI_217_1b1_TC_000,ICBHI_217_1b1_TC,ICBHI_217,0,ICBHI,Meditron,0.0002148592528014,4
ICBHI_217_1b1_TC_001,ICBHI_217_1b1_TC,ICBHI_217,0,ICBHI,Meditron,3.4001820101013285e-05,4
ICBHI_217_1b1_TC_002,ICBHI_217_1b1_TC,ICBHI_217,0,ICBHI,Meditron,1.1659530314852966e-05,4
ICBHI_217_1b1_TC_003,ICBHI_217_1b1_TC,ICBHI_217,0,ICBHI,Meditron,1.4174348445529376e-05,4
ICBHI_217_1b1_TC_004,ICBHI_217_1b1_TC,ICBHI_217,0,ICBHI,Meditron,1.606161070132327e-05,4
ICBHI_217_1b1_TC_005,ICBHI_217_1b1_TC,ICBHI_217,0,ICBHI,Meditron,1.4064044342149066e-05,4
ICBHI_217_1b1_TC_006,ICBHI_217_1b1_TC,ICBHI_217,0,ICBHI,Meditron,2.5071593847983196e-05,4
ICBHI_218_1b1_AL_000,ICBHI_218_1b1_AL,ICBHI_218,1,ICBHI,Meditron,0.612483523052732,4
ICBHI_218_1b1_AL_001,ICBHI_218_1b1_AL,ICBHI_218,1,ICBHI,Meditron,0.7592254042296177,4
ICBHI_218_1b1_AL_002,ICBHI_218_1b1_AL,ICBHI_218,1,ICBHI,Meditron,0.975390071374038,4
ICBHI_218_1b1_AL_003,ICBHI_218_1b1_AL,ICBHI_218,1,ICBHI,Meditron,0.9763105287006256,4
ICBHI_218_1b1_AL_004,ICBHI_218_1b1_AL,ICBHI_218,1,ICBHI,Meditron,0.9823555365894354,4
ICBHI_218_1b1_AL_005,ICBHI_218_1b1_AL,ICBHI_218,1,ICBHI,Meditron,0.9965029897474263,4
ICBHI_218_1b1_AL_006,ICBHI_218_1b1_AL,ICBHI_218,1,ICBHI,Meditron,0.9973580531566688,4
ICBHI_218_1b1_AL_007,ICBHI_218_1b1_AL,ICBHI_218,1,ICBHI,Meditron,0.9978842965994068,4
ICBHI_218_1b1_AL_008,ICBHI_218_1b1_AL,ICBHI_218,1,ICBHI,Meditron,0.9962637794165884,4
ICBHI_218_1b1_AL_009,ICBHI_218_1b1_AL,ICBHI_218,1,ICBHI,Meditron,0.9945094367975008,4
ICBHI_218_1b1_AL_010,ICBHI_218_1b1_AL,ICBHI_218,1,ICBHI,Meditron,0.9975845167424336,4
ICBHI_218_1b1_AL_011,ICBHI_218_1b1_AL,ICBHI_218,1,ICBHI,Meditron,0.9944234551774076,4
ICBHI_218_1b1_AL_012,ICBHI_218_1b1_AL,ICBHI_218,1,ICBHI,Meditron,0.9919691867837398,4
ICBHI_218_1b1_AL_013,ICBHI_218_1b1_AL,ICBHI_218,1,ICBHI,Meditron,0.9943799635999728,4
ICBHI_218_1b1_AL_014,ICBHI_218_1b1_AL,ICBHI_218,1,ICBHI,Meditron,0.9906237625491514,4
ICBHI_218_1b1_AL_015,ICBHI_218_1b1_AL,ICBHI_218,1,ICBHI,Meditron,0.9908034475769532,4
ICBHI_218_1b1_AL_016,ICBHI_218_1b1_AL,ICBHI_218,1,ICBHI,Meditron,0.991186833496954,4
ICBHI_218_1b1_AL_017,ICBHI_218_1b1_AL,ICBHI_218,1,ICBHI,Meditron,0.993255010457908,4
ICBHI_218_1b1_AL_018,ICBHI_218_1b1_AL,ICBHI_218,1,ICBHI,Meditron,0.9958175058144084,4
ICBHI_218_1b1_AL_019,ICBHI_218_1b1_AL,ICBHI_218,1,ICBHI,Meditron,0.9938549079159148,4
ICBHI_218_1b1_AL_020,ICBHI_218_1b1_AL,ICBHI_218,1,ICBHI,Meditron,0.9954615682752046,4
ICBHI_218_1b1_AL_021,ICBHI_218_1b1_AL,ICBHI_218,1,ICBHI,Meditron,0.9956176633592692,4
ICBHI_218_1b1_AL_022,ICBHI_218_1b1_AL,ICBHI_218,1,ICBHI,Meditron,0.9933071490757152,4
ICBHI_218_1b1_AL_023,ICBHI_218_1b1_AL,ICBHI_218,1,ICBHI,Meditron,0.9951325826547208,4
ICBHI_218_1b1_AL_024,ICBHI_218_1b1_AL,ICBHI_218,1,ICBHI,Meditron,0.9955662347993564,4
ICBHI_218_1b1_AL_025,ICBHI_218_1b1_AL,ICBHI_218,1,ICBHI,Meditron,0.9952999394649492,4
ICBHI_218_1b1_AL_026,ICBHI_218_1b1_AL,ICBHI_218,1,ICBHI,Meditron,0.988841968751916,4
ICBHI_218_1b1_AR_000,ICBHI_218_1b1_AR,ICBHI_218,1,ICBHI,Meditron,0.998896973358602,4
ICBHI_218_1b1_AR_001,ICBHI_218_1b1_AR,ICBHI_218,1,ICBHI,Meditron,0.9988796226776032,4
ICBHI_218_1b1_AR_002,ICBHI_218_1b1_AR,ICBHI_218,1,ICBHI,Meditron,0.9987106717209964,4
ICBHI_218_1b1_AR_003,ICBHI_218_1b1_AR,ICBHI_218,1,ICBHI,Meditron,0.9985674634052898,4
ICBHI_218_1b1_AR_004,ICBHI_218_1b1_AR,ICBHI_218,1,ICBHI,Meditron,0.997263778900852,4
ICBHI_218_1b1_AR_005,ICBHI_218_1b1_AR,ICBHI_218,1,ICBHI,Meditron,0.9967013487421672,4
ICBHI_218_1b1_AR_006,ICBHI_218_1b1_AR,ICBHI_218,1,ICBHI,Meditron,0.9980732653366724,4
ICBHI_218_1b1_AR_007,ICBHI_218_1b1_AR,ICBHI_218,1,ICBHI,Meditron,0.9987502906077916,4
ICBHI_218_1b1_AR_008,ICBHI_218_1b1_AR,ICBHI_218,1,ICBHI,Meditron,0.9982453855899006,4
ICBHI_218_1b1_AR_009,ICBHI_218_1b1_AR,ICBHI_218,1,ICBHI,Meditron,0.9978426581115474,4
ICBHI_218_1b1_AR_010,ICBHI_218_1b1_AR,ICBHI_218,1,ICBHI,Meditron,0.9984451866509576,4
ICBHI_218_1b1_AR_011,ICBHI_218_1b1_AR,ICBHI_218,1,ICBHI,Meditron,0.998196833592204,4
ICBHI_218_1b1_AR_012,ICBHI_218_1b1_AR,ICBHI_218,1,ICBHI,Meditron,0.997965182999252,4
ICBHI_218_1b1_AR_013,ICBHI_218_1b1_AR,ICBHI_218,1,ICBHI,Meditron,0.995784840378813,4
ICBHI_218_1b1_AR_014,ICBHI_218_1b1_AR,ICBHI_218,1,ICBHI,Meditron,0.9966233876182606,4
ICBHI_218_1b1_AR_015,ICBHI_218_1b1_AR,ICBHI_218,1,ICBHI,Meditron,0.996234586215326,4
ICBHI_218_1b1_AR_016,ICBHI_218_1b1_AR,ICBHI_218,1,ICBHI,Meditron,0.9869292152258128,4
ICBHI_218_1b1_AR_017,ICBHI_218_1b1_AR,ICBHI_218,1,ICBHI,Meditron,0.988755439279336,4
ICBHI_218_1b1_AR_018,ICBHI_218_1b1_AR,ICBHI_218,1,ICBHI,Meditron,0.990291523518526,4
ICBHI_218_1b1_AR_019,ICBHI_218_1b1_AR,ICBHI_218,1,ICBHI,Meditron,0.991422514586288,4
ICBHI_218_1b1_AR_020,ICBHI_218_1b1_AR,ICBHI_218,1,ICBHI,Meditron,0.9922444632191524,4
ICBHI_218_1b1_AR_021,ICBHI_218_1b1_AR,ICBHI_218,1,ICBHI,Meditron,0.995207683326861,4
ICBHI_218_1b1_AR_022,ICBHI_218_1b1_AR,ICBHI_218,1,ICBHI,Meditron,0.9955316157335088,4
ICBHI_218_1b1_AR_023,ICBHI_218_1b1_AR,ICBHI_218,1,ICBHI,Meditron,0.995094594294278,4
ICBHI_218_1b1_AR_024,ICBHI_218_1b1_AR,ICBHI_218,1,ICBHI,Meditron,0.9965570192011142,4
ICBHI_218_1b1_AR_025,ICBHI_218_1b1_AR,ICBHI_218,1,ICBHI,Meditron,0.9964342633376392,4
ICBHI_218_1b1_AR_026,ICBHI_218_1b1_AR,ICBHI_218,1,ICBHI,Meditron,0.9899864293768268,4
ICBHI_218_1b1_LR_000,ICBHI_218_1b1_LR,ICBHI_218,1,ICBHI,Meditron,0.989947631342032,4
ICBHI_218_1b1_LR_001,ICBHI_218_1b1_LR,ICBHI_218,1,ICBHI,Meditron,0.9681411443139596,4
ICBHI_218_1b1_LR_002,ICBHI_218_1b1_LR,ICBHI_218,1,ICBHI,Meditron,0.9733928914303028,4
ICBHI_218_1b1_LR_003,ICBHI_218_1b1_LR,ICBHI_218,1,ICBHI,Meditron,0.0052813339060522,4
ICBHI_218_1b1_LR_004,ICBHI_218_1b1_LR,ICBHI_218,1,ICBHI,Meditron,0.0019418168866865,4
ICBHI_218_1b1_LR_005,ICBHI_218_1b1_LR,ICBHI_218,1,ICBHI,Meditron,0.9854404813796804,4
ICBHI_218_1b1_LR_006,ICBHI_218_1b1_LR,ICBHI_218,1,ICBHI,Meditron,0.9941118405241954,4
ICBHI_218_1b1_LR_007,ICBHI_218_1b1_LR,ICBHI_218,1,ICBHI,Meditron,0.9444848859112394,4
ICBHI_218_1b1_LR_008,ICBHI_218_1b1_LR,ICBHI_218,1,ICBHI,Meditron,0.6099308322486785,4
ICBHI_218_1b1_LR_009,ICBHI_218_1b1_LR,ICBHI_218,1,ICBHI,Meditron,0.7020195963216984,4
ICBHI_218_1b1_LR_010,ICBHI_218_1b1_LR,ICBHI_218,1,ICBHI,Meditron,0.9811307454626658,4
ICBHI_218_1b1_LR_011,ICBHI_218_1b1_LR,ICBHI_218,1,ICBHI,Meditron,0.9930423911926236,4
ICBHI_218_1b1_LR_012,ICBHI_218_1b1_LR,ICBHI_218,1,ICBHI,Meditron,0.9463988589047058,4
ICBHI_218_1b1_LR_013,ICBHI_218_1b1_LR,ICBHI_218,1,ICBHI,Meditron,0.975946447105574,4
ICBHI_218_1b1_LR_014,ICBHI_218_1b1_LR,ICBHI_218,1,ICBHI,Meditron,0.977756332416123,4
ICBHI_218_1b1_LR_015,ICBHI_218_1b1_LR,ICBHI_218,1,ICBHI,Meditron,0.9510513782831764,4
ICBHI_218_1b1_LR_016,ICBHI_218_1b1_LR,ICBHI_218,1,ICBHI,Meditron,0.9783019028763682,4
ICBHI_218_1b1_LR_017,ICBHI_218_1b1_LR,ICBHI_218,1,ICBHI,Meditron,0.9183338856080048,4
ICBHI_218_1b1_LR_018,ICBHI_218_1b1_LR,ICBHI_218,1,ICBHI,Meditron,0.9943799635999728,4
ICBHI_218_1b1_LR_019,ICBHI_218_1b1_LR,ICBHI_218,1,ICBHI,Meditron,0.9965029897474263,4
ICBHI_218_1b1_LR_020,ICBHI_218_1b1_LR,ICBHI_218,1,ICBHI,Meditron,0.991619546648974,4
ICBHI_218_1b1_LR_021,ICBHI_218_1b1_LR,ICBHI_218,1,ICBHI,Meditron,0.9958660319095476,4
ICBHI_218_1b1_LR_022,ICBHI_218_1b1_LR,ICBHI_218,1,ICBHI,Meditron,0.9951702782541956,4
ICBHI_218_1b1_LR_023,ICBHI_218_1b1_LR,ICBHI_218,1,ICBHI,Meditron,0.9963641911822828,4
ICBHI_218_1b1_LR_024,ICBHI_218_1b1_LR,ICBHI_218,1,ICBHI,Meditron,0.9979332055218498,4
ICBHI_218_1b1_LR_025,ICBHI_218_1b1_LR,ICBHI_218,1,ICBHI,Meditron,0.9967141667081212,4
ICBHI_218_1b1_LR_026,ICBHI_218_1b1_LR,ICBHI_218,1,ICBHI,Meditron,0.9782604045723282,4
ICBHI_218_1b1_LR_027,ICBHI_218_1b1_LR,ICBHI_218,1,ICBHI,Meditron,0.995583444068856,4
ICBHI_218_1b1_LR_028,ICBHI_218_1b1_LR,ICBHI_218,1,ICBHI,Meditron,0.9985951322454564,4
ICBHI_218_1b1_LR_029,ICBHI_218_1b1_LR,ICBHI_218,1,ICBHI,Meditron,0.9981324340221068,4
ICBHI_218_1b1_LR_030,ICBHI_218_1b1_LR,ICBHI_218,1,ICBHI,Meditron,0.994466612060986,4
ICBHI_218_1b1_LR_031,ICBHI_218_1b1_LR,ICBHI_218,1,ICBHI,Meditron,0.9783019028763682,4
ICBHI_218_1b1_PL_000,ICBHI_218_1b1_PL,ICBHI_218,1,ICBHI,Meditron,0.9295683842009757,4
ICBHI_218_1b1_PL_001,ICBHI_218_1b1_PL,ICBHI_218,1,ICBHI,Meditron,0.9849852519941804,4
ICBHI_218_1b1_PL_002,ICBHI_218_1b1_PL,ICBHI_218,1,ICBHI,Meditron,0.9801672891959912,4
ICBHI_218_1b1_PL_003,ICBHI_218_1b1_PL,ICBHI_218,1,ICBHI,Meditron,0.9347534342381864,4
ICBHI_218_1b1_PL_004,ICBHI_218_1b1_PL,ICBHI_218,1,ICBHI,Meditron,0.9812748375316978,4
ICBHI_218_1b1_PL_005,ICBHI_218_1b1_PL,ICBHI_218,1,ICBHI,Meditron,0.9846936454393052,4
ICBHI_218_1b1_PL_006,ICBHI_218_1b1_PL,ICBHI_218,1,ICBHI,Meditron,0.9872281325067136,4
ICBHI_218_1b1_PL_007,ICBHI_218_1b1_PL,ICBHI_218,1,ICBHI,Meditron,0.0592102507412859,4
ICBHI_218_1b1_PL_008,ICBHI_218_1b1_PL,ICBHI_218,1,ICBHI,Meditron,0.5703313371401575,4
ICBHI_218_1b1_PL_009,ICBHI_218_1b1_PL,ICBHI_218,1,ICBHI,Meditron,0.975900554890232,4
ICBHI_218_1b1_PL_010,ICBHI_218_1b1_PL,ICBHI_218,1,ICBHI,Meditron,0.9562272608259156,4
ICBHI_218_1b1_PL_011,ICBHI_218_1b1_PL,ICBHI_218,1,ICBHI,Meditron,0.9496693674025232,4
ICBHI_218_1b1_PL_012,ICBHI_218_1b1_PL,ICBHI_218,1,ICBHI,Meditron,0.9359345675826196,4
ICBHI_218_1b1_PL_013,ICBHI_218_1b1_PL,ICBHI_218,1,ICBHI,Meditron,0.984810951192016,4
ICBHI_218_1b1_PL_014,ICBHI_218_1b1_PL,ICBHI_218,1,ICBHI,Meditron,0.6566582705381819,4
ICBHI_218_1b1_PL_015,ICBHI_218_1b1_PL,ICBHI_218,1,ICBHI,Meditron,0.1957477792349831,4
ICBHI_218_1b1_PL_016,ICBHI_218_1b1_PL,ICBHI_218,1,ICBHI,Meditron,0.8079157084225214,4
ICBHI_218_1b1_PL_017,ICBHI_218_1b1_PL,ICBHI_218,1,ICBHI,Meditron,0.9734938732014706,4
ICBHI_218_1b1_PL_018,ICBHI_218_1b1_PL,ICBHI_218,1,ICBHI,Meditron,0.9484418104757254,4
ICBHI_218_1b1_PL_019,ICBHI_218_1b1_PL,ICBHI_218,1,ICBHI,Meditron,0.2073751908359181,4
ICBHI_218_1b1_PL_020,ICBHI_218_1b1_PL,ICBHI_218,1,ICBHI,Meditron,0.0108603310132775,4
ICBHI_218_1b1_PL_021,ICBHI_218_1b1_PL,ICBHI_218,1,ICBHI,Meditron,0.9892648373909092,4
ICBHI_218_1b1_PL_022,ICBHI_218_1b1_PL,ICBHI_218,1,ICBHI,Meditron,0.9749168590639716,4
ICBHI_218_1b1_PL_023,ICBHI_218_1b1_PL,ICBHI_218,1,ICBHI,Meditron,0.7947037955528609,4
ICBHI_218_1b1_PL_024,ICBHI_218_1b1_PL,ICBHI_218,1,ICBHI,Meditron,0.98636316471857,4
ICBHI_218_1b1_PL_025,ICBHI_218_1b1_PL,ICBHI_218,1,ICBHI,Meditron,0.991554373058874,4
ICBHI_218_1b1_PR_000,ICBHI_218_1b1_PR,ICBHI_218,1,ICBHI,Meditron,0.014899643269019,4
ICBHI_218_1b1_PR_001,ICBHI_218_1b1_PR,ICBHI_218,1,ICBHI,Meditron,0.0059571537637496,4
ICBHI_218_1b1_PR_002,ICBHI_218_1b1_PR,ICBHI_218,1,ICBHI,Meditron,0.715125670492384,4
ICBHI_218_1b1_PR_003,ICBHI_218_1b1_PR,ICBHI_218,1,ICBHI,Meditron,0.9719392602342918,4
ICBHI_218_1b1_PR_004,ICBHI_218_1b1_PR,ICBHI_218,1,ICBHI,Meditron,0.9809125661798574,4
ICBHI_218_1b1_PR_005,ICBHI_218_1b1_PR,ICBHI_218,1,ICBHI,Meditron,0.9735442241838218,4
ICBHI_218_1b1_PR_006,ICBHI_218_1b1_PR,ICBHI_218,1,ICBHI,Meditron,0.6500230719240829,4
ICBHI_218_1b1_PR_007,ICBHI_218_1b1_PR,ICBHI_218,1,ICBHI,Meditron,0.4659342051083992,4
ICBHI_218_1b1_PR_008,ICBHI_218_1b1_PR,ICBHI_218,1,ICBHI,Meditron,0.9860979413749408,4
ICBHI_218_1b1_PR_009,ICBHI_218_1b1_PR,ICBHI_218,1,ICBHI,Meditron,0.9859363729567544,4
ICBHI_218_1b1_PR_010,ICBHI_218_1b1_PR,ICBHI_218,1,ICBHI,Meditron,0.946793792527612,4
ICBHI_218_1b1_PR_011,ICBHI_218_1b1_PR,ICBHI_218,1,ICBHI,Meditron,0.9852145923076094,4
ICBHI_218_1b1_PR_012,ICBHI_218_1b1_PR,ICBHI_218,1,ICBHI,Meditron,0.8998277813740775,4
ICBHI_218_1b1_PR_013,ICBHI_218_1b1_PR,ICBHI_218,1,ICBHI,Meditron,0.8973359904266346,4
ICBHI_218_1b1_PR_014,ICBHI_218_1b1_PR,ICBHI_218,1,ICBHI,Meditron,0.9267027235112548,4
ICBHI_218_1b1_PR_015,ICBHI_218_1b1_PR,ICBHI_218,1,ICBHI,Meditron,0.1562335892466744,4
ICBHI_218_1b1_PR_016,ICBHI_218_1b1_PR,ICBHI_218,1,ICBHI,Meditron,0.3176378920053574,4
ICBHI_218_1b1_PR_017,ICBHI_218_1b1_PR,ICBHI_218,1,ICBHI,Meditron,0.3642120353152366,4
ICBHI_218_1b1_PR_018,ICBHI_218_1b1_PR,ICBHI_218,1,ICBHI,Meditron,0.0095593993470915,4
ICBHI_218_1b1_PR_019,ICBHI_218_1b1_PR,ICBHI_218,1,ICBHI,Meditron,0.0119150219671482,4
ICBHI_218_1b1_PR_020,ICBHI_218_1b1_PR,ICBHI_218,1,ICBHI,Meditron,0.0153063545606948,4
ICBHI_218_1b1_PR_021,ICBHI_218_1b1_PR,ICBHI_218,1,ICBHI,Meditron,0.9862576795040976,4
ICBHI_218_1b1_PR_022,ICBHI_218_1b1_PR,ICBHI_218,1,ICBHI,Meditron,0.885829153706156,4
ICBHI_218_1b1_PR_023,ICBHI_218_1b1_PR,ICBHI_218,1,ICBHI,Meditron,0.8543993677396563,4
ICBHI_218_1b1_PR_024,ICBHI_218_1b1_PR,ICBHI_218,1,ICBHI,Meditron,0.977197364031994,4
ICBHI_218_1b1_PR_025,ICBHI_218_1b1_PR,ICBHI_218,1,ICBHI,Meditron,0.976355659124078,4
ICBHI_218_1p1_AR_000,ICBHI_218_1p1_AR,ICBHI_218,1,ICBHI,Litt3200,0.9989757936215702,4
ICBHI_218_1p1_AR_001,ICBHI_218_1p1_AR,ICBHI_218,1,ICBHI,Litt3200,0.9991135010723542,4
ICBHI_218_1p1_AR_002,ICBHI_218_1p1_AR,ICBHI_218,1,ICBHI,Litt3200,0.999103060676328,4
ICBHI_218_1p1_AR_003,ICBHI_218_1p1_AR,ICBHI_218,1,ICBHI,Litt3200,0.9988575504601824,4
ICBHI_218_1p1_AR_004,ICBHI_218_1p1_AR,ICBHI_218,1,ICBHI,Litt3200,0.9988350439117648,4
ICBHI_218_1p1_AR_005,ICBHI_218_1p1_AR,ICBHI_218,1,ICBHI,Litt3200,0.99894331617583,4
ICBHI_218_1p1_AR_006,ICBHI_218_1p1_AR,ICBHI_218,1,ICBHI,Litt3200,0.9989556140581076,4
ICBHI_218_1p1_AR_007,ICBHI_218_1p1_AR,ICBHI_218,1,ICBHI,Litt3200,0.9986593795769002,4
ICBHI_218_1p1_AR_008,ICBHI_218_1p1_AR,ICBHI_218,1,ICBHI,Litt3200,0.9983706911746074,4
ICBHI_218_1p1_AR_009,ICBHI_218_1p1_AR,ICBHI_218,1,ICBHI,Litt3200,0.9988796226776032,4
ICBHI_218_1p1_PL_000,ICBHI_218_1p1_PL,ICBHI_218,1,ICBHI,Litt3200,0.998481149158622,4
ICBHI_218_1p1_PL_001,ICBHI_218_1p1_PL,ICBHI_218,1,ICBHI,Litt3200,0.9989955836687396,4
ICBHI_218_1p1_PL_002,ICBHI_218_1p1_PL,ICBHI_218,1,ICBHI,Litt3200,0.9990340250847796,4
ICBHI_218_1p1_PL_003,ICBHI_218_1p1_PL,ICBHI_218,1,ICBHI,Litt3200,0.9990782195215828,4
ICBHI_218_1p1_PL_004,ICBHI_218_1p1_PL,ICBHI_218,1,ICBHI,Litt3200,0.9991340190143472,4
ICBHI_218_1p1_PL_005,ICBHI_218_1p1_PL,ICBHI_218,1,ICBHI,Litt3200,0.9990709966240232,4
ICBHI_218_1p1_PL_006,ICBHI_218_1p1_PL,ICBHI_218,1,ICBHI,Litt3200,0.9990149917032548,4
ICBHI_218_1p1_PL_007,ICBHI_218_1p1_PL,ICBHI_218,1,ICBHI,Litt3200,0.9990924974342854,4
ICBHI_218_1p1_PL_008,ICBHI_218_1p1_PL,ICBHI_218,1,ICBHI,Litt3200,0.999264955168306,4
ICBHI_218_1p1_PL_009,ICBHI_218_1p1_PL,ICBHI_218,1,ICBHI,Litt3200,0.9992021665183656,4
ICBHI_218_1p1_PL_010,ICBHI_218_1p1_PL,ICBHI_218,1,ICBHI,Litt3200,0.999217585940976,4
ICBHI_218_1p1_PR_000,ICBHI_218_1p1_PR,ICBHI_218,1,ICBHI,Litt3200,0.9988120945058836,4
ICBHI_218_1p1_PR_001,ICBHI_218_1p1_PR,ICBHI_218,1,ICBHI,Litt3200,0.9988839857401568,4
ICBHI_218_1p1_PR_002,ICBHI_218_1p1_PR,ICBHI_218,1,ICBHI,Litt3200,0.9990673639986946,4
ICBHI_218_1p1_PR_003,ICBHI_218_1p1_PR,ICBHI_218,1,ICBHI,Litt3200,0.9991704108116408,4
ICBHI_218_1p1_PR_004,ICBHI_218_1p1_PR,ICBHI_218,1,ICBHI,Litt3200,0.9990489868953062,4
ICBHI_218_1p1_PR_005,ICBHI_218_1p1_PR,ICBHI_218,1,ICBHI,Litt3200,0.998451238905712,4
ICBHI_218_1p1_PR_006,ICBHI_218_1p1_PR,ICBHI_218,1,ICBHI,Litt3200,0.9981541516631836,4
ICBHI_218_1p1_PR_007,ICBHI_218_1p1_PR,ICBHI_218,1,ICBHI,Litt3200,0.9987696417179502,4
ICBHI_218_1p1_PR_008,ICBHI_218_1p1_PR,ICBHI_218,1,ICBHI,Litt3200,0.9986488791671222,4
ICBHI_218_1p1_PR_009,ICBHI_218_1p1_PR,ICBHI_218,1,ICBHI,Litt3200,0.998715691879866,4
ICBHI_224_1b1_TC_000,ICBHI_224_1b1_TC,ICBHI_224,0,ICBHI,Meditron,0.0067975315503733,4
ICBHI_224_1b1_TC_001,ICBHI_224_1b1_TC,ICBHI_224,0,ICBHI,Meditron,0.0481367711166348,4
ICBHI_224_1b1_TC_002,ICBHI_224_1b1_TC,ICBHI_224,0,ICBHI,Meditron,0.9774570340514706,4
ICBHI_224_1b1_TC_003,ICBHI_224_1b1_TC,ICBHI_224,0,ICBHI,Meditron,0.9889705299774982,4
ICBHI_224_1b1_TC_004,ICBHI_224_1b1_TC,ICBHI_224,0,ICBHI,Meditron,0.9871787857334058,4
ICBHI_224_1b1_TC_005,ICBHI_224_1b1_TC,ICBHI_224,0,ICBHI,Meditron,0.953621794005189,4
ICBHI_224_1b1_TC_006,ICBHI_224_1b1_TC,ICBHI_224,0,ICBHI,Meditron,0.412234346993158,4
ICBHI_224_1b2_AL_000,ICBHI_224_1b2_AL,ICBHI_224,0,ICBHI,Meditron,0.4557738425108903,4
ICBHI_224_1b2_AL_001,ICBHI_224_1b2_AL,ICBHI_224,0,ICBHI,Meditron,0.0230212572899324,4
ICBHI_224_1b2_AL_002,ICBHI_224_1b2_AL,ICBHI_224,0,ICBHI,Meditron,0.004905405705722,4
ICBHI_224_1b2_AL_003,ICBHI_224_1b2_AL,ICBHI_224,0,ICBHI,Meditron,0.0018458483368165,4
ICBHI_224_1b2_AL_004,ICBHI_224_1b2_AL,ICBHI_224,0,ICBHI,Meditron,0.0001852257432653,4
ICBHI_224_1b2_AL_005,ICBHI_224_1b2_AL,ICBHI_224,0,ICBHI,Meditron,0.0001387341225792,4
ICBHI_224_1b2_AL_006,ICBHI_224_1b2_AL,ICBHI_224,0,ICBHI,Meditron,7.905303859378796e-05,4
