2026-09-26 18:09:36,267 INFO run_id=20260926T230936Z_f18f5a protocolo=holdout_cv_v3 model=cnn dataset=all experiment=all device=cuda:0 NVIDIA RTX A5500, 23.3 GiB libres de 23.5 GiB num_workers=0 smoke_test=False resume=False parametros=1205921
2026-09-26 18:09:36,280 INFO preparando COMBINED/no_dn (rama no_dn, augment=False, protocolo holdout_cv_v3)
2026-09-26 18:09:37,834 INFO log-mel COMBINED/cv/fold_00/no_dn: 500/4902
2026-09-26 18:09:38,411 INFO log-mel COMBINED/cv/fold_00/no_dn: 1000/4902
2026-09-26 18:09:38,989 INFO log-mel COMBINED/cv/fold_00/no_dn: 1500/4902
2026-09-26 18:09:39,568 INFO log-mel COMBINED/cv/fold_00/no_dn: 2000/4902
2026-09-26 18:09:40,147 INFO log-mel COMBINED/cv/fold_00/no_dn: 2500/4902
2026-09-26 18:09:40,725 INFO log-mel COMBINED/cv/fold_00/no_dn: 3000/4902
2026-09-26 18:09:41,380 INFO log-mel COMBINED/cv/fold_00/no_dn: 3500/4902
2026-09-26 18:09:41,960 INFO log-mel COMBINED/cv/fold_00/no_dn: 4000/4902
2026-09-26 18:09:42,538 INFO log-mel COMBINED/cv/fold_00/no_dn: 4500/4902
2026-09-26 18:09:43,003 INFO log-mel COMBINED/cv/fold_00/no_dn: 4902/4902
2026-09-26 18:09:43,699 INFO COMBINED/no_dn fold 0: log-mel no_dn listo en 7.4 s, forma (4902, 1, 64, 309)
2026-09-26 18:09:43,714 INFO COMBINED/no_dn fold 0: 84/22 pacientes train/validation, 20 de 20 configuracion(es) por evaluar
2026-09-26 18:09:46,772 INFO COMBINED/no_dn fold 0: config 0 (lr=0.0001, dropout=0.3) epoca 1: train_loss=0.5524 val_loss=0.4463 val_BA=0.908 mejor_epoca=1
2026-09-26 18:09:48,938 INFO COMBINED/no_dn fold 0: config 0 (lr=0.0001, dropout=0.3) epoca 2: train_loss=0.3555 val_loss=0.2220 val_BA=0.958 mejor_epoca=2
2026-09-26 18:10:06,302 INFO COMBINED/no_dn fold 0: config 0 (lr=0.0001, dropout=0.3) epoca 10: train_loss=0.0359 val_loss=0.1345 val_BA=0.908 mejor_epoca=2
2026-09-26 18:10:28,030 INFO COMBINED/no_dn fold 0: config 0 (lr=0.0001, dropout=0.3) epoca 20: train_loss=0.0027 val_loss=0.1801 val_BA=0.808 mejor_epoca=2
2026-09-26 18:10:28,051 INFO COMBINED/no_dn fold 0 config 0: OK val_BA=0.958 mejor_epoca=2 (0.7 min)
2026-09-26 18:10:30,195 INFO COMBINED/no_dn fold 0: config 1 (lr=0.0001, dropout=0.3) epoca 1: train_loss=0.5794 val_loss=0.5558 val_BA=0.867 mejor_epoca=1
2026-09-26 18:10:35,724 INFO COMBINED/no_dn fold 0: config 1 (lr=0.0001, dropout=0.3) epoca 4: train_loss=0.2374 val_loss=0.3936 val_BA=0.958 mejor_epoca=4
2026-09-26 18:10:46,787 INFO COMBINED/no_dn fold 0: config 1 (lr=0.0001, dropout=0.3) epoca 10: train_loss=0.0510 val_loss=0.2117 val_BA=0.700 mejor_epoca=4
2026-09-26 18:10:50,487 INFO COMBINED/no_dn fold 0: config 1 (lr=0.0001, dropout=0.3) epoca 12: train_loss=0.0248 val_loss=0.3849 val_BA=0.958 mejor_epoca=12
2026-09-26 18:10:52,326 INFO COMBINED/no_dn fold 0: config 1 (lr=0.0001, dropout=0.3) epoca 13: train_loss=0.0262 val_loss=0.2416 val_BA=0.958 mejor_epoca=13
2026-09-26 18:11:05,173 INFO COMBINED/no_dn fold 0: config 1 (lr=0.0001, dropout=0.3) epoca 20: train_loss=0.0086 val_loss=0.1840 val_BA=0.858 mejor_epoca=13
2026-09-26 18:11:12,511 INFO COMBINED/no_dn fold 0: config 1 (lr=0.0001, dropout=0.3) epoca 24: train_loss=0.0045 val_loss=0.1687 val_BA=0.958 mejor_epoca=24
2026-09-26 18:11:23,534 INFO COMBINED/no_dn fold 0: config 1 (lr=0.0001, dropout=0.3) epoca 30: train_loss=0.0078 val_loss=0.1809 val_BA=0.808 mejor_epoca=24
2026-09-26 18:11:29,055 INFO COMBINED/no_dn fold 0: config 1 (lr=0.0001, dropout=0.3) epoca 33: train_loss=0.0026 val_loss=0.1400 val_BA=0.958 mejor_epoca=33
2026-09-26 18:11:41,924 INFO COMBINED/no_dn fold 0: config 1 (lr=0.0001, dropout=0.3) epoca 40: train_loss=0.0028 val_loss=0.2532 val_BA=0.908 mejor_epoca=33
2026-09-26 18:11:56,720 INFO COMBINED/no_dn fold 0 config 1: OK val_BA=0.958 mejor_epoca=33 (1.5 min)
2026-09-26 18:11:58,938 INFO COMBINED/no_dn fold 0: config 2 (lr=0.0001, dropout=0.4) epoca 1: train_loss=0.5430 val_loss=0.3971 val_BA=0.550 mejor_epoca=1
2026-09-26 18:12:00,851 INFO COMBINED/no_dn fold 0: config 2 (lr=0.0001, dropout=0.4) epoca 2: train_loss=0.3608 val_loss=0.3257 val_BA=0.958 mejor_epoca=2
2026-09-26 18:12:10,432 INFO COMBINED/no_dn fold 0: config 2 (lr=0.0001, dropout=0.4) epoca 7: train_loss=0.0765 val_loss=0.2470 val_BA=0.958 mejor_epoca=7
2026-09-26 18:12:16,185 INFO COMBINED/no_dn fold 0: config 2 (lr=0.0001, dropout=0.4) epoca 10: train_loss=0.0260 val_loss=0.1279 val_BA=0.908 mejor_epoca=7
2026-09-26 18:12:35,397 INFO COMBINED/no_dn fold 0: config 2 (lr=0.0001, dropout=0.4) epoca 20: train_loss=0.0051 val_loss=0.1256 val_BA=0.908 mejor_epoca=7
2026-09-26 18:12:39,252 INFO COMBINED/no_dn fold 0 config 2: OK val_BA=0.958 mejor_epoca=7 (0.7 min)
2026-09-26 18:12:41,692 INFO COMBINED/no_dn fold 0: config 3 (lr=0.0001, dropout=0.4) epoca 1: train_loss=0.5776 val_loss=0.3700 val_BA=0.900 mejor_epoca=1
2026-09-26 18:12:48,228 INFO COMBINED/no_dn fold 0: config 3 (lr=0.0001, dropout=0.4) epoca 4: train_loss=0.2229 val_loss=0.2968 val_BA=0.908 mejor_epoca=4
2026-09-26 18:12:50,409 INFO COMBINED/no_dn fold 0: config 3 (lr=0.0001, dropout=0.4) epoca 5: train_loss=0.1778 val_loss=0.2438 val_BA=0.958 mejor_epoca=5
2026-09-26 18:12:56,932 INFO COMBINED/no_dn fold 0: config 3 (lr=0.0001, dropout=0.4) epoca 8: train_loss=0.1121 val_loss=0.1080 val_BA=0.958 mejor_epoca=8
2026-09-26 18:13:01,306 INFO COMBINED/no_dn fold 0: config 3 (lr=0.0001, dropout=0.4) epoca 10: train_loss=0.0740 val_loss=0.1463 val_BA=0.808 mejor_epoca=8
2026-09-26 18:13:23,137 INFO COMBINED/no_dn fold 0: config 3 (lr=0.0001, dropout=0.4) epoca 20: train_loss=0.0056 val_loss=0.1700 val_BA=0.858 mejor_epoca=8
2026-09-26 18:13:29,714 INFO COMBINED/no_dn fold 0 config 3: OK val_BA=0.958 mejor_epoca=8 (0.8 min)
2026-09-26 18:13:31,906 INFO COMBINED/no_dn fold 0: config 4 (lr=0.0001, dropout=0.4) epoca 1: train_loss=0.5691 val_loss=0.6595 val_BA=0.833 mejor_epoca=1
2026-09-26 18:13:33,830 INFO COMBINED/no_dn fold 0: config 4 (lr=0.0001, dropout=0.4) epoca 2: train_loss=0.4082 val_loss=0.6120 val_BA=0.958 mejor_epoca=2
2026-09-26 18:13:37,688 INFO COMBINED/no_dn fold 0: config 4 (lr=0.0001, dropout=0.4) epoca 4: train_loss=0.2426 val_loss=0.1968 val_BA=1.000 mejor_epoca=4
2026-09-26 18:13:49,223 INFO COMBINED/no_dn fold 0: config 4 (lr=0.0001, dropout=0.4) epoca 10: train_loss=0.0619 val_loss=0.1043 val_BA=0.908 mejor_epoca=4
2026-09-26 18:14:08,341 INFO COMBINED/no_dn fold 0: config 4 (lr=0.0001, dropout=0.4) epoca 20: train_loss=0.0056 val_loss=0.2024 val_BA=0.858 mejor_epoca=4
2026-09-26 18:14:08,362 INFO COMBINED/no_dn fold 0 config 4: OK val_BA=1.000 mejor_epoca=4 (0.6 min)
2026-09-26 18:14:10,456 INFO COMBINED/no_dn fold 0: config 5 (lr=0.0001, dropout=0.4) epoca 1: train_loss=0.5685 val_loss=0.4176 val_BA=0.850 mejor_epoca=1
2026-09-26 18:14:12,303 INFO COMBINED/no_dn fold 0: config 5 (lr=0.0001, dropout=0.4) epoca 2: train_loss=0.4364 val_loss=0.3423 val_BA=1.000 mejor_epoca=2
2026-09-26 18:14:27,058 INFO COMBINED/no_dn fold 0: config 5 (lr=0.0001, dropout=0.4) epoca 10: train_loss=0.0372 val_loss=0.2555 val_BA=0.958 mejor_epoca=2
2026-09-26 18:14:45,541 INFO COMBINED/no_dn fold 0: config 5 (lr=0.0001, dropout=0.4) epoca 20: train_loss=0.0080 val_loss=0.1346 val_BA=0.908 mejor_epoca=2
2026-09-26 18:14:45,562 INFO COMBINED/no_dn fold 0 config 5: OK val_BA=1.000 mejor_epoca=2 (0.6 min)
2026-09-26 18:14:48,025 INFO COMBINED/no_dn fold 0: config 6 (lr=0.0001, dropout=0.5) epoca 1: train_loss=0.5610 val_loss=0.2499 val_BA=0.750 mejor_epoca=1
2026-09-26 18:14:50,216 INFO COMBINED/no_dn fold 0: config 6 (lr=0.0001, dropout=0.5) epoca 2: train_loss=0.3571 val_loss=0.4225 val_BA=0.917 mejor_epoca=2
2026-09-26 18:14:52,426 INFO COMBINED/no_dn fold 0: config 6 (lr=0.0001, dropout=0.5) epoca 3: train_loss=0.2701 val_loss=0.3332 val_BA=0.917 mejor_epoca=3
2026-09-26 18:14:54,630 INFO COMBINED/no_dn fold 0: config 6 (lr=0.0001, dropout=0.5) epoca 4: train_loss=0.2017 val_loss=0.2722 val_BA=0.950 mejor_epoca=4
2026-09-26 18:15:07,727 INFO COMBINED/no_dn fold 0: config 6 (lr=0.0001, dropout=0.5) epoca 10: train_loss=0.0600 val_loss=0.1582 val_BA=0.908 mejor_epoca=4
2026-09-26 18:15:29,540 INFO COMBINED/no_dn fold 0: config 6 (lr=0.0001, dropout=0.5) epoca 20: train_loss=0.0125 val_loss=0.2700 val_BA=0.758 mejor_epoca=4
2026-09-26 18:15:29,560 INFO COMBINED/no_dn fold 0 config 6: OK val_BA=0.950 mejor_epoca=4 (0.7 min)
2026-09-26 18:15:31,680 INFO COMBINED/no_dn fold 0: config 7 (lr=0.0001, dropout=0.5) epoca 1: train_loss=0.6087 val_loss=0.4541 val_BA=0.833 mejor_epoca=1
2026-09-26 18:15:33,532 INFO COMBINED/no_dn fold 0: config 7 (lr=0.0001, dropout=0.5) epoca 2: train_loss=0.4280 val_loss=0.4287 val_BA=0.917 mejor_epoca=2
2026-09-26 18:15:44,679 INFO COMBINED/no_dn fold 0: config 7 (lr=0.0001, dropout=0.5) epoca 8: train_loss=0.1188 val_loss=0.4985 val_BA=0.958 mejor_epoca=8
2026-09-26 18:15:48,396 INFO COMBINED/no_dn fold 0: config 7 (lr=0.0001, dropout=0.5) epoca 10: train_loss=0.0477 val_loss=1.2931 val_BA=0.667 mejor_epoca=8
2026-09-26 18:15:59,505 INFO COMBINED/no_dn fold 0: config 7 (lr=0.0001, dropout=0.5) epoca 16: train_loss=0.0171 val_loss=0.1738 val_BA=0.958 mejor_epoca=16
2026-09-26 18:16:06,899 INFO COMBINED/no_dn fold 0: config 7 (lr=0.0001, dropout=0.5) epoca 20: train_loss=0.0093 val_loss=0.1866 val_BA=0.858 mejor_epoca=16
2026-09-26 18:16:25,489 INFO COMBINED/no_dn fold 0: config 7 (lr=0.0001, dropout=0.5) epoca 30: train_loss=0.0051 val_loss=0.1513 val_BA=0.858 mejor_epoca=16
2026-09-26 18:16:27,361 INFO COMBINED/no_dn fold 0 config 7: OK val_BA=0.958 mejor_epoca=16 (1.0 min)
2026-09-26 18:16:29,486 INFO COMBINED/no_dn fold 0: config 8 (lr=0.0003, dropout=0.3) epoca 1: train_loss=0.5358 val_loss=0.3138 val_BA=0.900 mejor_epoca=1
2026-09-26 18:16:33,209 INFO COMBINED/no_dn fold 0: config 8 (lr=0.0003, dropout=0.3) epoca 3: train_loss=0.2674 val_loss=0.1764 val_BA=0.900 mejor_epoca=3
2026-09-26 18:16:35,065 INFO COMBINED/no_dn fold 0: config 8 (lr=0.0003, dropout=0.3) epoca 4: train_loss=0.2023 val_loss=0.1523 val_BA=1.000 mejor_epoca=4
2026-09-26 18:16:46,217 INFO COMBINED/no_dn fold 0: config 8 (lr=0.0003, dropout=0.3) epoca 10: train_loss=0.0169 val_loss=0.2906 val_BA=0.908 mejor_epoca=4
2026-09-26 18:17:04,758 INFO COMBINED/no_dn fold 0: config 8 (lr=0.0003, dropout=0.3) epoca 20: train_loss=0.0023 val_loss=0.2673 val_BA=0.917 mejor_epoca=4
2026-09-26 18:17:04,779 INFO COMBINED/no_dn fold 0 config 8: OK val_BA=1.000 mejor_epoca=4 (0.6 min)
2026-09-26 18:17:06,999 INFO COMBINED/no_dn fold 0: config 9 (lr=0.0003, dropout=0.4) epoca 1: train_loss=0.5756 val_loss=0.2894 val_BA=0.700 mejor_epoca=1
2026-09-26 18:17:10,912 INFO COMBINED/no_dn fold 0: config 9 (lr=0.0003, dropout=0.4) epoca 3: train_loss=0.3045 val_loss=0.3340 val_BA=0.750 mejor_epoca=3
2026-09-26 18:17:12,856 INFO COMBINED/no_dn fold 0: config 9 (lr=0.0003, dropout=0.4) epoca 4: train_loss=0.2879 val_loss=0.1663 val_BA=0.958 mejor_epoca=4
2026-09-26 18:17:24,602 INFO COMBINED/no_dn fold 0: config 9 (lr=0.0003, dropout=0.4) epoca 10: train_loss=0.0428 val_loss=0.1875 val_BA=0.867 mejor_epoca=4
2026-09-26 18:17:44,138 INFO COMBINED/no_dn fold 0: config 9 (lr=0.0003, dropout=0.4) epoca 20: train_loss=0.0105 val_loss=0.1297 val_BA=0.917 mejor_epoca=4
2026-09-26 18:17:44,160 INFO COMBINED/no_dn fold 0 config 9: OK val_BA=0.958 mejor_epoca=4 (0.7 min)
2026-09-26 18:17:46,633 INFO COMBINED/no_dn fold 0: config 10 (lr=0.0003, dropout=0.4) epoca 1: train_loss=0.5323 val_loss=0.4250 val_BA=0.908 mejor_epoca=1
2026-09-26 18:17:48,837 INFO COMBINED/no_dn fold 0: config 10 (lr=0.0003, dropout=0.4) epoca 2: train_loss=0.3740 val_loss=0.3417 val_BA=0.917 mejor_epoca=2
2026-09-26 18:17:53,409 INFO COMBINED/no_dn fold 0: config 10 (lr=0.0003, dropout=0.4) epoca 4: train_loss=0.2546 val_loss=0.1335 val_BA=0.958 mejor_epoca=4
2026-09-26 18:17:57,894 INFO COMBINED/no_dn fold 0: config 10 (lr=0.0003, dropout=0.4) epoca 6: train_loss=0.1448 val_loss=0.1252 val_BA=0.958 mejor_epoca=6
2026-09-26 18:18:06,773 INFO COMBINED/no_dn fold 0: config 10 (lr=0.0003, dropout=0.4) epoca 10: train_loss=0.1069 val_loss=0.1267 val_BA=0.908 mejor_epoca=6
2026-09-26 18:18:28,935 INFO COMBINED/no_dn fold 0: config 10 (lr=0.0003, dropout=0.4) epoca 20: train_loss=0.0331 val_loss=0.2191 val_BA=0.958 mejor_epoca=6
2026-09-26 18:18:31,180 INFO COMBINED/no_dn fold 0 config 10: OK val_BA=0.958 mejor_epoca=6 (0.8 min)
2026-09-26 18:18:33,319 INFO COMBINED/no_dn fold 0: config 11 (lr=0.0003, dropout=0.5) epoca 1: train_loss=0.5653 val_loss=0.2971 val_BA=0.950 mejor_epoca=1
2026-09-26 18:18:40,903 INFO COMBINED/no_dn fold 0: config 11 (lr=0.0003, dropout=0.5) epoca 5: train_loss=0.2025 val_loss=0.1795 val_BA=0.950 mejor_epoca=5
2026-09-26 18:18:50,483 INFO COMBINED/no_dn fold 0: config 11 (lr=0.0003, dropout=0.5) epoca 10: train_loss=0.0480 val_loss=0.1196 val_BA=0.858 mejor_epoca=5
2026-09-26 18:18:52,360 INFO COMBINED/no_dn fold 0: config 11 (lr=0.0003, dropout=0.5) epoca 11: train_loss=0.0327 val_loss=0.4124 val_BA=0.958 mejor_epoca=11
2026-09-26 18:19:09,579 INFO COMBINED/no_dn fold 0: config 11 (lr=0.0003, dropout=0.5) epoca 20: train_loss=0.0080 val_loss=0.2104 val_BA=0.908 mejor_epoca=11
2026-09-26 18:19:13,426 INFO COMBINED/no_dn fold 0: config 11 (lr=0.0003, dropout=0.5) epoca 22: train_loss=0.0077 val_loss=0.2511 val_BA=0.958 mejor_epoca=22
2026-09-26 18:19:28,725 INFO COMBINED/no_dn fold 0: config 11 (lr=0.0003, dropout=0.5) epoca 30: train_loss=0.0018 val_loss=0.1620 val_BA=0.908 mejor_epoca=22
2026-09-26 18:19:42,017 INFO COMBINED/no_dn fold 0 config 11: OK val_BA=0.958 mejor_epoca=22 (1.2 min)
2026-09-26 18:19:44,477 INFO COMBINED/no_dn fold 0: config 12 (lr=0.0003, dropout=0.5) epoca 1: train_loss=0.5861 val_loss=0.5406 val_BA=0.600 mejor_epoca=1
2026-09-26 18:19:46,480 INFO COMBINED/no_dn fold 0: config 12 (lr=0.0003, dropout=0.5) epoca 2: train_loss=0.3777 val_loss=0.2510 val_BA=0.858 mejor_epoca=2
2026-09-26 18:19:50,424 INFO COMBINED/no_dn fold 0: config 12 (lr=0.0003, dropout=0.5) epoca 4: train_loss=0.2456 val_loss=0.1609 val_BA=1.000 mejor_epoca=4
2026-09-26 18:20:02,197 INFO COMBINED/no_dn fold 0: config 12 (lr=0.0003, dropout=0.5) epoca 10: train_loss=0.0467 val_loss=0.4775 val_BA=0.808 mejor_epoca=4
2026-09-26 18:20:21,652 INFO COMBINED/no_dn fold 0: config 12 (lr=0.0003, dropout=0.5) epoca 20: train_loss=0.0065 val_loss=0.2295 val_BA=0.708 mejor_epoca=4
2026-09-26 18:20:21,673 INFO COMBINED/no_dn fold 0 config 12: OK val_BA=1.000 mejor_epoca=4 (0.7 min)
2026-09-26 18:20:24,144 INFO COMBINED/no_dn fold 0: config 13 (lr=0.001, dropout=0.2) epoca 1: train_loss=0.6915 val_loss=0.2055 val_BA=0.650 mejor_epoca=1
2026-09-26 18:20:28,558 INFO COMBINED/no_dn fold 0: config 13 (lr=0.001, dropout=0.2) epoca 3: train_loss=0.4366 val_loss=0.4771 val_BA=0.800 mejor_epoca=3
2026-09-26 18:20:30,750 INFO COMBINED/no_dn fold 0: config 13 (lr=0.001, dropout=0.2) epoca 4: train_loss=0.3506 val_loss=0.4205 val_BA=0.958 mejor_epoca=4
2026-09-26 18:20:32,961 INFO COMBINED/no_dn fold 0: config 13 (lr=0.001, dropout=0.2) epoca 5: train_loss=0.3336 val_loss=0.1902 val_BA=1.000 mejor_epoca=5
2026-09-26 18:20:43,968 INFO COMBINED/no_dn fold 0: config 13 (lr=0.001, dropout=0.2) epoca 10: train_loss=0.2341 val_loss=0.3725 val_BA=1.000 mejor_epoca=5
2026-09-26 18:21:06,620 INFO COMBINED/no_dn fold 0: config 13 (lr=0.001, dropout=0.2) epoca 20: train_loss=0.0819 val_loss=0.3950 val_BA=0.908 mejor_epoca=5
2026-09-26 18:21:06,642 INFO COMBINED/no_dn fold 0 config 13: OK val_BA=1.000 mejor_epoca=5 (0.7 min)
2026-09-26 18:21:08,843 INFO COMBINED/no_dn fold 0: config 14 (lr=0.001, dropout=0.3) epoca 1: train_loss=0.5384 val_loss=0.5349 val_BA=0.800 mejor_epoca=1
2026-09-26 18:21:10,747 INFO COMBINED/no_dn fold 0: config 14 (lr=0.001, dropout=0.3) epoca 2: train_loss=0.4579 val_loss=0.4067 val_BA=1.000 mejor_epoca=2
2026-09-26 18:21:25,997 INFO COMBINED/no_dn fold 0: config 14 (lr=0.001, dropout=0.3) epoca 10: train_loss=0.1232 val_loss=0.1938 val_BA=0.650 mejor_epoca=2
2026-09-26 18:21:45,033 INFO COMBINED/no_dn fold 0: config 14 (lr=0.001, dropout=0.3) epoca 20: train_loss=0.0073 val_loss=0.2612 val_BA=0.808 mejor_epoca=2
2026-09-26 18:21:45,058 INFO COMBINED/no_dn fold 0 config 14: OK val_BA=1.000 mejor_epoca=2 (0.6 min)
2026-09-26 18:21:47,421 INFO COMBINED/no_dn fold 0: config 15 (lr=0.001, dropout=0.3) epoca 1: train_loss=0.5622 val_loss=0.5871 val_BA=0.850 mejor_epoca=1
2026-09-26 18:21:49,472 INFO COMBINED/no_dn fold 0: config 15 (lr=0.001, dropout=0.3) epoca 2: train_loss=0.4048 val_loss=0.3982 val_BA=0.950 mejor_epoca=2
2026-09-26 18:21:55,639 INFO COMBINED/no_dn fold 0: config 15 (lr=0.001, dropout=0.3) epoca 5: train_loss=0.2504 val_loss=0.1659 val_BA=0.950 mejor_epoca=5
2026-09-26 18:22:01,805 INFO COMBINED/no_dn fold 0: config 15 (lr=0.001, dropout=0.3) epoca 8: train_loss=0.1727 val_loss=0.4567 val_BA=0.958 mejor_epoca=8
2026-09-26 18:22:03,869 INFO COMBINED/no_dn fold 0: config 15 (lr=0.001, dropout=0.3) epoca 9: train_loss=0.1730 val_loss=0.1663 val_BA=0.958 mejor_epoca=9
2026-09-26 18:22:05,913 INFO COMBINED/no_dn fold 0: config 15 (lr=0.001, dropout=0.3) epoca 10: train_loss=0.1112 val_loss=0.2059 val_BA=0.917 mejor_epoca=9
2026-09-26 18:22:26,107 INFO COMBINED/no_dn fold 0: config 15 (lr=0.001, dropout=0.3) epoca 20: train_loss=0.0262 val_loss=0.2935 val_BA=0.858 mejor_epoca=9
2026-09-26 18:22:34,164 INFO COMBINED/no_dn fold 0 config 15: OK val_BA=0.958 mejor_epoca=9 (0.8 min)
2026-09-26 18:22:36,796 INFO COMBINED/no_dn fold 0: config 16 (lr=0.001, dropout=0.4) epoca 1: train_loss=0.6275 val_loss=0.1792 val_BA=0.850 mejor_epoca=1
2026-09-26 18:22:43,765 INFO COMBINED/no_dn fold 0: config 16 (lr=0.001, dropout=0.4) epoca 4: train_loss=0.3772 val_loss=0.1128 val_BA=0.900 mejor_epoca=4
2026-09-26 18:22:50,745 INFO COMBINED/no_dn fold 0: config 16 (lr=0.001, dropout=0.4) epoca 7: train_loss=0.2201 val_loss=0.0941 val_BA=0.950 mejor_epoca=7
2026-09-26 18:22:53,068 INFO COMBINED/no_dn fold 0: config 16 (lr=0.001, dropout=0.4) epoca 8: train_loss=0.2377 val_loss=0.1371 val_BA=1.000 mejor_epoca=8
2026-09-26 18:22:57,783 INFO COMBINED/no_dn fold 0: config 16 (lr=0.001, dropout=0.4) epoca 10: train_loss=0.1492 val_loss=0.1614 val_BA=0.958 mejor_epoca=8
2026-09-26 18:23:20,919 INFO COMBINED/no_dn fold 0: config 16 (lr=0.001, dropout=0.4) epoca 20: train_loss=0.0576 val_loss=0.1522 val_BA=0.858 mejor_epoca=8
2026-09-26 18:23:23,236 INFO COMBINED/no_dn fold 0: config 16 (lr=0.001, dropout=0.4) epoca 21: train_loss=0.0215 val_loss=0.1272 val_BA=1.000 mejor_epoca=21
2026-09-26 18:23:44,429 INFO COMBINED/no_dn fold 0: config 16 (lr=0.001, dropout=0.4) epoca 30: train_loss=0.0164 val_loss=0.3713 val_BA=0.850 mejor_epoca=21
2026-09-26 18:23:58,748 INFO COMBINED/no_dn fold 0 config 16: OK val_BA=1.000 mejor_epoca=21 (1.4 min)
2026-09-26 18:24:01,017 INFO COMBINED/no_dn fold 0: config 17 (lr=0.001, dropout=0.5) epoca 1: train_loss=0.5740 val_loss=0.3761 val_BA=0.958 mejor_epoca=1
2026-09-26 18:24:08,975 INFO COMBINED/no_dn fold 0: config 17 (lr=0.001, dropout=0.5) epoca 5: train_loss=0.3203 val_loss=0.3074 val_BA=1.000 mejor_epoca=5
2026-09-26 18:24:16,949 INFO COMBINED/no_dn fold 0: config 17 (lr=0.001, dropout=0.5) epoca 9: train_loss=0.1919 val_loss=0.1840 val_BA=1.000 mejor_epoca=9
2026-09-26 18:24:18,937 INFO COMBINED/no_dn fold 0: config 17 (lr=0.001, dropout=0.5) epoca 10: train_loss=0.1687 val_loss=0.3919 val_BA=0.908 mejor_epoca=9
2026-09-26 18:24:38,886 INFO COMBINED/no_dn fold 0: config 17 (lr=0.001, dropout=0.5) epoca 20: train_loss=0.0513 val_loss=0.2398 val_BA=0.908 mejor_epoca=9
2026-09-26 18:24:46,961 INFO COMBINED/no_dn fold 0 config 17: OK val_BA=1.000 mejor_epoca=9 (0.8 min)
2026-09-26 18:24:49,163 INFO COMBINED/no_dn fold 0: config 18 (lr=0.001, dropout=0.5) epoca 1: train_loss=0.5782 val_loss=0.0918 val_BA=0.850 mejor_epoca=1
2026-09-26 18:24:51,068 INFO COMBINED/no_dn fold 0: config 18 (lr=0.001, dropout=0.5) epoca 2: train_loss=0.4089 val_loss=0.3399 val_BA=0.950 mejor_epoca=2
2026-09-26 18:25:00,653 INFO COMBINED/no_dn fold 0: config 18 (lr=0.001, dropout=0.5) epoca 7: train_loss=0.1842 val_loss=0.3347 val_BA=0.958 mejor_epoca=7
2026-09-26 18:25:02,567 INFO COMBINED/no_dn fold 0: config 18 (lr=0.001, dropout=0.5) epoca 8: train_loss=0.1758 val_loss=0.2602 val_BA=1.000 mejor_epoca=8
2026-09-26 18:25:06,401 INFO COMBINED/no_dn fold 0: config 18 (lr=0.001, dropout=0.5) epoca 10: train_loss=0.1244 val_loss=0.2096 val_BA=0.950 mejor_epoca=8
2026-09-26 18:25:25,430 INFO COMBINED/no_dn fold 0: config 18 (lr=0.001, dropout=0.5) epoca 20: train_loss=0.0117 val_loss=0.1591 val_BA=0.908 mejor_epoca=8
2026-09-26 18:25:31,165 INFO COMBINED/no_dn fold 0 config 18: OK val_BA=1.000 mejor_epoca=8 (0.7 min)
2026-09-26 18:25:33,362 INFO COMBINED/no_dn fold 0: config 19 (lr=0.001, dropout=0.5) epoca 1: train_loss=0.5147 val_loss=0.1513 val_BA=0.900 mejor_epoca=1
2026-09-26 18:25:41,091 INFO COMBINED/no_dn fold 0: config 19 (lr=0.001, dropout=0.5) epoca 5: train_loss=0.2892 val_loss=0.1344 val_BA=1.000 mejor_epoca=5
2026-09-26 18:25:50,911 INFO COMBINED/no_dn fold 0: config 19 (lr=0.001, dropout=0.5) epoca 10: train_loss=0.1531 val_loss=0.3699 val_BA=0.875 mejor_epoca=5
2026-09-26 18:26:10,542 INFO COMBINED/no_dn fold 0: config 19 (lr=0.001, dropout=0.5) epoca 20: train_loss=0.0133 val_loss=0.8114 val_BA=0.908 mejor_epoca=5
2026-09-26 18:26:10,569 INFO COMBINED/no_dn fold 0 config 19: OK val_BA=1.000 mejor_epoca=5 (0.7 min)
2026-09-26 18:26:11,516 INFO log-mel COMBINED/cv/fold_01/no_dn: 500/4902
2026-09-26 18:26:12,182 INFO log-mel COMBINED/cv/fold_01/no_dn: 1000/4902
2026-09-26 18:26:12,857 INFO log-mel COMBINED/cv/fold_01/no_dn: 1500/4902
2026-09-26 18:26:13,573 INFO log-mel COMBINED/cv/fold_01/no_dn: 2000/4902
2026-09-26 18:26:14,238 INFO log-mel COMBINED/cv/fold_01/no_dn: 2500/4902
2026-09-26 18:26:14,918 INFO log-mel COMBINED/cv/fold_01/no_dn: 3000/4902
2026-09-26 18:26:15,561 INFO log-mel COMBINED/cv/fold_01/no_dn: 3500/4902
2026-09-26 18:26:16,237 INFO log-mel COMBINED/cv/fold_01/no_dn: 4000/4902
2026-09-26 18:26:16,887 INFO log-mel COMBINED/cv/fold_01/no_dn: 4500/4902
2026-09-26 18:26:17,433 INFO log-mel COMBINED/cv/fold_01/no_dn: 4902/4902
2026-09-26 18:26:18,240 INFO COMBINED/no_dn fold 1: log-mel no_dn listo en 7.7 s, forma (4902, 1, 64, 309)
2026-09-26 18:26:18,257 INFO COMBINED/no_dn fold 1: 84/22 pacientes train/validation, 20 de 20 configuracion(es) por evaluar
2026-09-26 18:26:21,163 INFO COMBINED/no_dn fold 1: config 0 (lr=0.0001, dropout=0.3) epoca 1: train_loss=0.5506 val_loss=0.4171 val_BA=0.868 mejor_epoca=1
2026-09-26 18:26:43,576 INFO COMBINED/no_dn fold 1: config 0 (lr=0.0001, dropout=0.3) epoca 10: train_loss=0.0204 val_loss=0.4172 val_BA=0.701 mejor_epoca=1
2026-09-26 18:27:06,807 INFO COMBINED/no_dn fold 1: config 0 (lr=0.0001, dropout=0.3) epoca 20: train_loss=0.0019 val_loss=0.4596 val_BA=0.756 mejor_epoca=1
2026-09-26 18:27:06,829 INFO COMBINED/no_dn fold 1 config 0: OK val_BA=0.868 mejor_epoca=1 (0.8 min)
2026-09-26 18:27:09,050 INFO COMBINED/no_dn fold 1: config 1 (lr=0.0001, dropout=0.3) epoca 1: train_loss=0.5419 val_loss=0.5762 val_BA=0.679 mejor_epoca=1
2026-09-26 18:27:10,953 INFO COMBINED/no_dn fold 1: config 1 (lr=0.0001, dropout=0.3) epoca 2: train_loss=0.3784 val_loss=0.5001 val_BA=0.735 mejor_epoca=2
2026-09-26 18:27:12,846 INFO COMBINED/no_dn fold 1: config 1 (lr=0.0001, dropout=0.3) epoca 3: train_loss=0.2590 val_loss=0.7536 val_BA=0.846 mejor_epoca=3
2026-09-26 18:27:14,745 INFO COMBINED/no_dn fold 1: config 1 (lr=0.0001, dropout=0.3) epoca 4: train_loss=0.1556 val_loss=0.2924 val_BA=0.868 mejor_epoca=4
2026-09-26 18:27:26,161 INFO COMBINED/no_dn fold 1: config 1 (lr=0.0001, dropout=0.3) epoca 10: train_loss=0.0323 val_loss=0.3012 val_BA=0.756 mejor_epoca=4
2026-09-26 18:27:39,579 INFO COMBINED/no_dn fold 1: config 1 (lr=0.0001, dropout=0.3) epoca 17: train_loss=0.0075 val_loss=0.4376 val_BA=0.923 mejor_epoca=17
2026-09-26 18:27:45,381 INFO COMBINED/no_dn fold 1: config 1 (lr=0.0001, dropout=0.3) epoca 20: train_loss=0.0055 val_loss=0.3541 val_BA=0.701 mejor_epoca=17
2026-09-26 18:28:04,660 INFO COMBINED/no_dn fold 1: config 1 (lr=0.0001, dropout=0.3) epoca 30: train_loss=0.0022 val_loss=0.4139 val_BA=0.756 mejor_epoca=17
2026-09-26 18:28:08,541 INFO COMBINED/no_dn fold 1 config 1: OK val_BA=0.923 mejor_epoca=17 (1.0 min)
2026-09-26 18:28:10,947 INFO COMBINED/no_dn fold 1: config 2 (lr=0.0001, dropout=0.4) epoca 1: train_loss=0.5237 val_loss=0.3840 val_BA=0.701 mejor_epoca=1
2026-09-26 18:28:12,986 INFO COMBINED/no_dn fold 1: config 2 (lr=0.0001, dropout=0.4) epoca 2: train_loss=0.3338 val_loss=0.5944 val_BA=0.791 mejor_epoca=2
2026-09-26 18:28:15,042 INFO COMBINED/no_dn fold 1: config 2 (lr=0.0001, dropout=0.4) epoca 3: train_loss=0.2085 val_loss=0.3891 val_BA=0.868 mejor_epoca=3
2026-09-26 18:28:29,379 INFO COMBINED/no_dn fold 1: config 2 (lr=0.0001, dropout=0.4) epoca 10: train_loss=0.0287 val_loss=0.3657 val_BA=0.868 mejor_epoca=10
2026-09-26 18:28:39,705 INFO COMBINED/no_dn fold 1: config 2 (lr=0.0001, dropout=0.4) epoca 15: train_loss=0.0148 val_loss=0.3653 val_BA=0.868 mejor_epoca=15
2026-09-26 18:28:49,996 INFO COMBINED/no_dn fold 1: config 2 (lr=0.0001, dropout=0.4) epoca 20: train_loss=0.0041 val_loss=0.4099 val_BA=0.812 mejor_epoca=15
2026-09-26 18:29:10,521 INFO COMBINED/no_dn fold 1: config 2 (lr=0.0001, dropout=0.4) epoca 30: train_loss=0.0011 val_loss=0.4059 val_BA=0.756 mejor_epoca=15
2026-09-26 18:29:10,551 INFO COMBINED/no_dn fold 1 config 2: OK val_BA=0.868 mejor_epoca=15 (1.0 min)
2026-09-26 18:29:13,338 INFO COMBINED/no_dn fold 1: config 3 (lr=0.0001, dropout=0.4) epoca 1: train_loss=0.5202 val_loss=0.5718 val_BA=0.791 mejor_epoca=1
2026-09-26 18:29:15,757 INFO COMBINED/no_dn fold 1: config 3 (lr=0.0001, dropout=0.4) epoca 2: train_loss=0.3042 val_loss=0.4419 val_BA=0.829 mejor_epoca=2
2026-09-26 18:29:18,180 INFO COMBINED/no_dn fold 1: config 3 (lr=0.0001, dropout=0.4) epoca 3: train_loss=0.2265 val_loss=0.4579 val_BA=0.885 mejor_epoca=3
2026-09-26 18:29:35,054 INFO COMBINED/no_dn fold 1: config 3 (lr=0.0001, dropout=0.4) epoca 10: train_loss=0.0238 val_loss=0.2678 val_BA=0.812 mejor_epoca=3
2026-09-26 18:29:59,647 INFO COMBINED/no_dn fold 1: config 3 (lr=0.0001, dropout=0.4) epoca 20: train_loss=0.0038 val_loss=0.3577 val_BA=0.701 mejor_epoca=3
2026-09-26 18:29:59,669 INFO COMBINED/no_dn fold 1 config 3: OK val_BA=0.885 mejor_epoca=3 (0.8 min)
2026-09-26 18:30:02,004 INFO COMBINED/no_dn fold 1: config 4 (lr=0.0001, dropout=0.4) epoca 1: train_loss=0.5719 val_loss=0.4862 val_BA=0.735 mejor_epoca=1
2026-09-26 18:30:04,054 INFO COMBINED/no_dn fold 1: config 4 (lr=0.0001, dropout=0.4) epoca 2: train_loss=0.3802 val_loss=0.6651 val_BA=0.846 mejor_epoca=2
2026-09-26 18:30:16,240 INFO COMBINED/no_dn fold 1: config 4 (lr=0.0001, dropout=0.4) epoca 8: train_loss=0.0498 val_loss=0.4797 val_BA=0.923 mejor_epoca=8
2026-09-26 18:30:20,303 INFO COMBINED/no_dn fold 1: config 4 (lr=0.0001, dropout=0.4) epoca 10: train_loss=0.0273 val_loss=0.2743 val_BA=0.756 mejor_epoca=8
2026-09-26 18:30:40,493 INFO COMBINED/no_dn fold 1: config 4 (lr=0.0001, dropout=0.4) epoca 20: train_loss=0.0080 val_loss=0.3937 val_BA=0.645 mejor_epoca=8
2026-09-26 18:30:46,573 INFO COMBINED/no_dn fold 1 config 4: OK val_BA=0.923 mejor_epoca=8 (0.8 min)
2026-09-26 18:30:48,793 INFO COMBINED/no_dn fold 1: config 5 (lr=0.0001, dropout=0.4) epoca 1: train_loss=0.6259 val_loss=0.4380 val_BA=0.756 mejor_epoca=1
2026-09-26 18:30:50,719 INFO COMBINED/no_dn fold 1: config 5 (lr=0.0001, dropout=0.4) epoca 2: train_loss=0.4797 val_loss=0.7403 val_BA=0.846 mejor_epoca=2
2026-09-26 18:30:56,458 INFO COMBINED/no_dn fold 1: config 5 (lr=0.0001, dropout=0.4) epoca 5: train_loss=0.1912 val_loss=0.4735 val_BA=0.868 mejor_epoca=5
2026-09-26 18:31:05,978 INFO COMBINED/no_dn fold 1: config 5 (lr=0.0001, dropout=0.4) epoca 10: train_loss=0.0769 val_loss=0.3248 val_BA=0.868 mejor_epoca=10
2026-09-26 18:31:25,175 INFO COMBINED/no_dn fold 1: config 5 (lr=0.0001, dropout=0.4) epoca 20: train_loss=0.0106 val_loss=0.3265 val_BA=0.701 mejor_epoca=10
2026-09-26 18:31:34,820 INFO COMBINED/no_dn fold 1 config 5: OK val_BA=0.868 mejor_epoca=10 (0.8 min)
2026-09-26 18:31:37,513 INFO COMBINED/no_dn fold 1: config 6 (lr=0.0001, dropout=0.5) epoca 1: train_loss=0.5021 val_loss=0.2940 val_BA=0.812 mejor_epoca=1
2026-09-26 18:31:39,910 INFO COMBINED/no_dn fold 1: config 6 (lr=0.0001, dropout=0.5) epoca 2: train_loss=0.3099 val_loss=0.5782 val_BA=0.885 mejor_epoca=2
2026-09-26 18:31:59,159 INFO COMBINED/no_dn fold 1: config 6 (lr=0.0001, dropout=0.5) epoca 10: train_loss=0.0205 val_loss=0.3566 val_BA=0.756 mejor_epoca=2
2026-09-26 18:32:23,179 INFO COMBINED/no_dn fold 1: config 6 (lr=0.0001, dropout=0.5) epoca 20: train_loss=0.0257 val_loss=0.4527 val_BA=0.701 mejor_epoca=2
2026-09-26 18:32:23,203 INFO COMBINED/no_dn fold 1 config 6: OK val_BA=0.885 mejor_epoca=2 (0.8 min)
2026-09-26 18:32:25,432 INFO COMBINED/no_dn fold 1: config 7 (lr=0.0001, dropout=0.5) epoca 1: train_loss=0.5865 val_loss=0.9121 val_BA=0.752 mejor_epoca=1
2026-09-26 18:32:27,354 INFO COMBINED/no_dn fold 1: config 7 (lr=0.0001, dropout=0.5) epoca 2: train_loss=0.4225 val_loss=0.4164 val_BA=0.812 mejor_epoca=2
2026-09-26 18:32:29,287 INFO COMBINED/no_dn fold 1: config 7 (lr=0.0001, dropout=0.5) epoca 3: train_loss=0.2997 val_loss=0.5267 val_BA=0.868 mejor_epoca=3
2026-09-26 18:32:42,802 INFO COMBINED/no_dn fold 1: config 7 (lr=0.0001, dropout=0.5) epoca 10: train_loss=0.0402 val_loss=0.2885 val_BA=0.812 mejor_epoca=3
2026-09-26 18:32:54,404 INFO COMBINED/no_dn fold 1: config 7 (lr=0.0001, dropout=0.5) epoca 16: train_loss=0.0148 val_loss=0.3978 val_BA=0.868 mejor_epoca=16
2026-09-26 18:33:02,116 INFO COMBINED/no_dn fold 1: config 7 (lr=0.0001, dropout=0.5) epoca 20: train_loss=0.0111 val_loss=0.7357 val_BA=0.829 mejor_epoca=16
2026-09-26 18:33:21,495 INFO COMBINED/no_dn fold 1: config 7 (lr=0.0001, dropout=0.5) epoca 30: train_loss=0.0045 val_loss=0.3692 val_BA=0.701 mejor_epoca=16
2026-09-26 18:33:23,504 INFO COMBINED/no_dn fold 1 config 7: OK val_BA=0.868 mejor_epoca=16 (1.0 min)
2026-09-26 18:33:25,791 INFO COMBINED/no_dn fold 1: config 8 (lr=0.0003, dropout=0.3) epoca 1: train_loss=0.5238 val_loss=0.2948 val_BA=0.756 mejor_epoca=1
2026-09-26 18:33:27,746 INFO COMBINED/no_dn fold 1: config 8 (lr=0.0003, dropout=0.3) epoca 2: train_loss=0.2961 val_loss=0.6113 val_BA=0.791 mejor_epoca=2
2026-09-26 18:33:31,651 INFO COMBINED/no_dn fold 1: config 8 (lr=0.0003, dropout=0.3) epoca 4: train_loss=0.1333 val_loss=0.1724 val_BA=0.795 mejor_epoca=4
2026-09-26 18:33:33,573 INFO COMBINED/no_dn fold 1: config 8 (lr=0.0003, dropout=0.3) epoca 5: train_loss=0.0761 val_loss=0.4376 val_BA=0.829 mejor_epoca=5
2026-09-26 18:33:37,447 INFO COMBINED/no_dn fold 1: config 8 (lr=0.0003, dropout=0.3) epoca 7: train_loss=0.0567 val_loss=0.4566 val_BA=0.868 mejor_epoca=7
2026-09-26 18:33:43,261 INFO COMBINED/no_dn fold 1: config 8 (lr=0.0003, dropout=0.3) epoca 10: train_loss=0.0154 val_loss=0.2388 val_BA=0.868 mejor_epoca=10
2026-09-26 18:33:45,247 INFO COMBINED/no_dn fold 1: config 8 (lr=0.0003, dropout=0.3) epoca 11: train_loss=0.0190 val_loss=0.5311 val_BA=0.923 mejor_epoca=11
2026-09-26 18:34:02,930 INFO COMBINED/no_dn fold 1: config 8 (lr=0.0003, dropout=0.3) epoca 20: train_loss=0.0020 val_loss=0.5196 val_BA=0.868 mejor_epoca=11
2026-09-26 18:34:14,603 INFO COMBINED/no_dn fold 1 config 8: OK val_BA=0.923 mejor_epoca=11 (0.9 min)
2026-09-26 18:34:17,007 INFO COMBINED/no_dn fold 1: config 9 (lr=0.0003, dropout=0.4) epoca 1: train_loss=0.5269 val_loss=0.3284 val_BA=0.590 mejor_epoca=1
2026-09-26 18:34:19,068 INFO COMBINED/no_dn fold 1: config 9 (lr=0.0003, dropout=0.4) epoca 2: train_loss=0.2737 val_loss=0.2531 val_BA=0.756 mejor_epoca=2
2026-09-26 18:34:21,122 INFO COMBINED/no_dn fold 1: config 9 (lr=0.0003, dropout=0.4) epoca 3: train_loss=0.1700 val_loss=0.2536 val_BA=0.868 mejor_epoca=3
2026-09-26 18:34:35,597 INFO COMBINED/no_dn fold 1: config 9 (lr=0.0003, dropout=0.4) epoca 10: train_loss=0.0177 val_loss=0.2654 val_BA=0.756 mejor_epoca=3
2026-09-26 18:34:55,463 INFO COMBINED/no_dn fold 1: config 9 (lr=0.0003, dropout=0.4) epoca 20: train_loss=0.0042 val_loss=0.4320 val_BA=0.756 mejor_epoca=3
2026-09-26 18:34:55,484 INFO COMBINED/no_dn fold 1 config 9: OK val_BA=0.868 mejor_epoca=3 (0.7 min)
2026-09-26 18:34:58,130 INFO COMBINED/no_dn fold 1: config 10 (lr=0.0003, dropout=0.4) epoca 1: train_loss=0.5950 val_loss=0.5487 val_BA=0.829 mejor_epoca=1
2026-09-26 18:35:07,342 INFO COMBINED/no_dn fold 1: config 10 (lr=0.0003, dropout=0.4) epoca 5: train_loss=0.1326 val_loss=0.3054 val_BA=0.868 mejor_epoca=5
2026-09-26 18:35:18,715 INFO COMBINED/no_dn fold 1: config 10 (lr=0.0003, dropout=0.4) epoca 10: train_loss=0.0308 val_loss=0.1843 val_BA=0.795 mejor_epoca=5
2026-09-26 18:35:25,885 INFO COMBINED/no_dn fold 1: config 10 (lr=0.0003, dropout=0.4) epoca 13: train_loss=0.0184 val_loss=0.4121 val_BA=0.923 mejor_epoca=13
2026-09-26 18:35:42,121 INFO COMBINED/no_dn fold 1: config 10 (lr=0.0003, dropout=0.4) epoca 20: train_loss=0.0151 val_loss=0.3710 val_BA=0.645 mejor_epoca=13
2026-09-26 18:36:00,462 INFO COMBINED/no_dn fold 1 config 10: OK val_BA=0.923 mejor_epoca=13 (1.1 min)
2026-09-26 18:36:02,658 INFO COMBINED/no_dn fold 1: config 11 (lr=0.0003, dropout=0.5) epoca 1: train_loss=0.5325 val_loss=0.7889 val_BA=0.791 mejor_epoca=1
2026-09-26 18:36:04,564 INFO COMBINED/no_dn fold 1: config 11 (lr=0.0003, dropout=0.5) epoca 2: train_loss=0.3407 val_loss=0.6174 val_BA=0.791 mejor_epoca=2
2026-09-26 18:36:06,483 INFO COMBINED/no_dn fold 1: config 11 (lr=0.0003, dropout=0.5) epoca 3: train_loss=0.2311 val_loss=0.3981 val_BA=0.829 mejor_epoca=3
2026-09-26 18:36:15,990 INFO COMBINED/no_dn fold 1: config 11 (lr=0.0003, dropout=0.5) epoca 8: train_loss=0.0330 val_loss=0.4244 val_BA=0.868 mejor_epoca=8
2026-09-26 18:36:17,881 INFO COMBINED/no_dn fold 1: config 11 (lr=0.0003, dropout=0.5) epoca 9: train_loss=0.0210 val_loss=0.3662 val_BA=0.868 mejor_epoca=9
2026-09-26 18:36:19,772 INFO COMBINED/no_dn fold 1: config 11 (lr=0.0003, dropout=0.5) epoca 10: train_loss=0.0146 val_loss=0.6388 val_BA=0.829 mejor_epoca=9
2026-09-26 18:36:38,643 INFO COMBINED/no_dn fold 1: config 11 (lr=0.0003, dropout=0.5) epoca 20: train_loss=0.0031 val_loss=0.3396 val_BA=0.701 mejor_epoca=9
2026-09-26 18:36:46,401 INFO COMBINED/no_dn fold 1 config 11: OK val_BA=0.868 mejor_epoca=9 (0.8 min)
2026-09-26 18:36:48,807 INFO COMBINED/no_dn fold 1: config 12 (lr=0.0003, dropout=0.5) epoca 1: train_loss=0.6236 val_loss=0.3078 val_BA=0.628 mejor_epoca=1
2026-09-26 18:36:50,872 INFO COMBINED/no_dn fold 1: config 12 (lr=0.0003, dropout=0.5) epoca 2: train_loss=0.3849 val_loss=0.2999 val_BA=0.868 mejor_epoca=2
2026-09-26 18:36:52,955 INFO COMBINED/no_dn fold 1: config 12 (lr=0.0003, dropout=0.5) epoca 3: train_loss=0.2260 val_loss=0.7357 val_BA=0.885 mejor_epoca=3
2026-09-26 18:36:59,217 INFO COMBINED/no_dn fold 1: config 12 (lr=0.0003, dropout=0.5) epoca 6: train_loss=0.0866 val_loss=0.3487 val_BA=0.906 mejor_epoca=6
2026-09-26 18:37:07,407 INFO COMBINED/no_dn fold 1: config 12 (lr=0.0003, dropout=0.5) epoca 10: train_loss=0.0287 val_loss=0.6652 val_BA=0.829 mejor_epoca=6
2026-09-26 18:37:28,070 INFO COMBINED/no_dn fold 1: config 12 (lr=0.0003, dropout=0.5) epoca 20: train_loss=0.0056 val_loss=0.3984 val_BA=0.756 mejor_epoca=6
2026-09-26 18:37:30,156 INFO COMBINED/no_dn fold 1 config 12: OK val_BA=0.906 mejor_epoca=6 (0.7 min)
2026-09-26 18:37:32,957 INFO COMBINED/no_dn fold 1: config 13 (lr=0.001, dropout=0.2) epoca 1: train_loss=0.6738 val_loss=0.3456 val_BA=0.701 mejor_epoca=1
2026-09-26 18:37:38,010 INFO COMBINED/no_dn fold 1: config 13 (lr=0.001, dropout=0.2) epoca 3: train_loss=0.3223 val_loss=0.5408 val_BA=0.774 mejor_epoca=3
2026-09-26 18:37:50,472 INFO COMBINED/no_dn fold 1: config 13 (lr=0.001, dropout=0.2) epoca 8: train_loss=0.1613 val_loss=0.5388 val_BA=0.812 mejor_epoca=8
2026-09-26 18:37:52,825 INFO COMBINED/no_dn fold 1: config 13 (lr=0.001, dropout=0.2) epoca 9: train_loss=0.1861 val_loss=0.3749 val_BA=0.812 mejor_epoca=9
2026-09-26 18:37:55,208 INFO COMBINED/no_dn fold 1: config 13 (lr=0.001, dropout=0.2) epoca 10: train_loss=0.1199 val_loss=0.4742 val_BA=0.812 mejor_epoca=9
2026-09-26 18:38:04,768 INFO COMBINED/no_dn fold 1: config 13 (lr=0.001, dropout=0.2) epoca 14: train_loss=0.0694 val_loss=0.3643 val_BA=0.812 mejor_epoca=14
2026-09-26 18:38:19,646 INFO COMBINED/no_dn fold 1: config 13 (lr=0.001, dropout=0.2) epoca 20: train_loss=0.0429 val_loss=0.5764 val_BA=0.812 mejor_epoca=14
2026-09-26 18:38:41,692 INFO COMBINED/no_dn fold 1 config 13: OK val_BA=0.812 mejor_epoca=14 (1.2 min)
2026-09-26 18:38:44,000 INFO COMBINED/no_dn fold 1: config 14 (lr=0.001, dropout=0.3) epoca 1: train_loss=0.4762 val_loss=0.3249 val_BA=0.795 mejor_epoca=1
2026-09-26 18:38:47,914 INFO COMBINED/no_dn fold 1: config 14 (lr=0.001, dropout=0.3) epoca 3: train_loss=0.2273 val_loss=0.3545 val_BA=0.868 mejor_epoca=3
2026-09-26 18:39:01,504 INFO COMBINED/no_dn fold 1: config 14 (lr=0.001, dropout=0.3) epoca 10: train_loss=0.0449 val_loss=0.3539 val_BA=0.812 mejor_epoca=3
2026-09-26 18:39:05,378 INFO COMBINED/no_dn fold 1: config 14 (lr=0.001, dropout=0.3) epoca 12: train_loss=0.0257 val_loss=0.3306 val_BA=0.868 mejor_epoca=12
2026-09-26 18:39:20,900 INFO COMBINED/no_dn fold 1: config 14 (lr=0.001, dropout=0.3) epoca 20: train_loss=0.0190 val_loss=0.3937 val_BA=0.812 mejor_epoca=12
2026-09-26 18:39:34,573 INFO COMBINED/no_dn fold 1 config 14: OK val_BA=0.868 mejor_epoca=12 (0.9 min)
2026-09-26 18:39:36,946 INFO COMBINED/no_dn fold 1: config 15 (lr=0.001, dropout=0.3) epoca 1: train_loss=0.6308 val_loss=2.1523 val_BA=0.564 mejor_epoca=1
2026-09-26 18:39:39,057 INFO COMBINED/no_dn fold 1: config 15 (lr=0.001, dropout=0.3) epoca 2: train_loss=0.5887 val_loss=2.8924 val_BA=0.675 mejor_epoca=2
2026-09-26 18:39:41,139 INFO COMBINED/no_dn fold 1: config 15 (lr=0.001, dropout=0.3) epoca 3: train_loss=0.3700 val_loss=0.5999 val_BA=0.791 mejor_epoca=3
2026-09-26 18:39:49,386 INFO COMBINED/no_dn fold 1: config 15 (lr=0.001, dropout=0.3) epoca 7: train_loss=0.1666 val_loss=0.2302 val_BA=0.850 mejor_epoca=7
2026-09-26 18:39:55,700 INFO COMBINED/no_dn fold 1: config 15 (lr=0.001, dropout=0.3) epoca 10: train_loss=0.0983 val_loss=0.3946 val_BA=0.812 mejor_epoca=7
2026-09-26 18:40:16,246 INFO COMBINED/no_dn fold 1: config 15 (lr=0.001, dropout=0.3) epoca 20: train_loss=0.0103 val_loss=0.3830 val_BA=0.812 mejor_epoca=7
2026-09-26 18:40:20,356 INFO COMBINED/no_dn fold 1 config 15: OK val_BA=0.850 mejor_epoca=7 (0.8 min)
2026-09-26 18:40:23,011 INFO COMBINED/no_dn fold 1: config 16 (lr=0.001, dropout=0.4) epoca 1: train_loss=0.7148 val_loss=0.4146 val_BA=0.457 mejor_epoca=1
2026-09-26 18:40:25,359 INFO COMBINED/no_dn fold 1: config 16 (lr=0.001, dropout=0.4) epoca 2: train_loss=0.6250 val_loss=0.3882 val_BA=0.556 mejor_epoca=2
2026-09-26 18:40:27,783 INFO COMBINED/no_dn fold 1: config 16 (lr=0.001, dropout=0.4) epoca 3: train_loss=0.5980 val_loss=0.4977 val_BA=0.564 mejor_epoca=3
2026-09-26 18:40:30,163 INFO COMBINED/no_dn fold 1: config 16 (lr=0.001, dropout=0.4) epoca 4: train_loss=0.5494 val_loss=0.4211 val_BA=0.607 mejor_epoca=4
2026-09-26 18:40:32,555 INFO COMBINED/no_dn fold 1: config 16 (lr=0.001, dropout=0.4) epoca 5: train_loss=0.4827 val_loss=0.4317 val_BA=0.812 mejor_epoca=5
2026-09-26 18:40:37,260 INFO COMBINED/no_dn fold 1: config 16 (lr=0.001, dropout=0.4) epoca 7: train_loss=0.2374 val_loss=0.4094 val_BA=0.812 mejor_epoca=7
2026-09-26 18:40:44,339 INFO COMBINED/no_dn fold 1: config 16 (lr=0.001, dropout=0.4) epoca 10: train_loss=0.1261 val_loss=0.4962 val_BA=0.756 mejor_epoca=7
2026-09-26 18:41:08,780 INFO COMBINED/no_dn fold 1: config 16 (lr=0.001, dropout=0.4) epoca 20: train_loss=0.0599 val_loss=0.3846 val_BA=0.701 mejor_epoca=7
2026-09-26 18:41:13,791 INFO COMBINED/no_dn fold 1 config 16: OK val_BA=0.812 mejor_epoca=7 (0.9 min)
2026-09-26 18:41:16,193 INFO COMBINED/no_dn fold 1: config 17 (lr=0.001, dropout=0.5) epoca 1: train_loss=0.6562 val_loss=0.5116 val_BA=0.611 mejor_epoca=1
2026-09-26 18:41:18,313 INFO COMBINED/no_dn fold 1: config 17 (lr=0.001, dropout=0.5) epoca 2: train_loss=0.5897 val_loss=0.5852 val_BA=0.735 mejor_epoca=2
2026-09-26 18:41:20,408 INFO COMBINED/no_dn fold 1: config 17 (lr=0.001, dropout=0.5) epoca 3: train_loss=0.3557 val_loss=0.1888 val_BA=0.739 mejor_epoca=3
2026-09-26 18:41:22,514 INFO COMBINED/no_dn fold 1: config 17 (lr=0.001, dropout=0.5) epoca 4: train_loss=0.3224 val_loss=0.3634 val_BA=0.756 mejor_epoca=4
2026-09-26 18:41:24,593 INFO COMBINED/no_dn fold 1: config 17 (lr=0.001, dropout=0.5) epoca 5: train_loss=0.2177 val_loss=0.4565 val_BA=0.923 mejor_epoca=5
2026-09-26 18:41:35,044 INFO COMBINED/no_dn fold 1: config 17 (lr=0.001, dropout=0.5) epoca 10: train_loss=0.1129 val_loss=0.3465 val_BA=0.868 mejor_epoca=5
2026-09-26 18:41:55,935 INFO COMBINED/no_dn fold 1: config 17 (lr=0.001, dropout=0.5) epoca 20: train_loss=0.0217 val_loss=0.4882 val_BA=0.812 mejor_epoca=5
2026-09-26 18:41:55,960 INFO COMBINED/no_dn fold 1 config 17: OK val_BA=0.923 mejor_epoca=5 (0.7 min)
2026-09-26 18:41:58,245 INFO COMBINED/no_dn fold 1: config 18 (lr=0.001, dropout=0.5) epoca 1: train_loss=0.5246 val_loss=1.0501 val_BA=0.692 mejor_epoca=1
2026-09-26 18:42:02,149 INFO COMBINED/no_dn fold 1: config 18 (lr=0.001, dropout=0.5) epoca 3: train_loss=0.2302 val_loss=0.3382 val_BA=0.868 mejor_epoca=3
2026-09-26 18:42:04,104 INFO COMBINED/no_dn fold 1: config 18 (lr=0.001, dropout=0.5) epoca 4: train_loss=0.2187 val_loss=0.1644 val_BA=0.889 mejor_epoca=4
2026-09-26 18:42:15,775 INFO COMBINED/no_dn fold 1: config 18 (lr=0.001, dropout=0.5) epoca 10: train_loss=0.0655 val_loss=0.3270 val_BA=0.701 mejor_epoca=4
2026-09-26 18:42:35,038 INFO COMBINED/no_dn fold 1: config 18 (lr=0.001, dropout=0.5) epoca 20: train_loss=0.0068 val_loss=0.4182 val_BA=0.701 mejor_epoca=4
2026-09-26 18:42:35,063 INFO COMBINED/no_dn fold 1 config 18: OK val_BA=0.889 mejor_epoca=4 (0.7 min)
2026-09-26 18:42:37,325 INFO COMBINED/no_dn fold 1: config 19 (lr=0.001, dropout=0.5) epoca 1: train_loss=0.5871 val_loss=0.3879 val_BA=0.500 mejor_epoca=1
2026-09-26 18:42:39,263 INFO COMBINED/no_dn fold 1: config 19 (lr=0.001, dropout=0.5) epoca 2: train_loss=0.3879 val_loss=0.2572 val_BA=0.590 mejor_epoca=2
2026-09-26 18:42:41,218 INFO COMBINED/no_dn fold 1: config 19 (lr=0.001, dropout=0.5) epoca 3: train_loss=0.2971 val_loss=0.3576 val_BA=0.868 mejor_epoca=3
2026-09-26 18:42:54,882 INFO COMBINED/no_dn fold 1: config 19 (lr=0.001, dropout=0.5) epoca 10: train_loss=0.0665 val_loss=0.2305 val_BA=0.701 mejor_epoca=3
2026-09-26 18:43:14,073 INFO COMBINED/no_dn fold 1: config 19 (lr=0.001, dropout=0.5) epoca 20: train_loss=0.0167 val_loss=0.3308 val_BA=0.812 mejor_epoca=3
2026-09-26 18:43:14,097 INFO COMBINED/no_dn fold 1 config 19: OK val_BA=0.868 mejor_epoca=3 (0.7 min)
2026-09-26 18:43:14,963 INFO log-mel COMBINED/cv/fold_02/no_dn: 500/4902
2026-09-26 18:43:15,571 INFO log-mel COMBINED/cv/fold_02/no_dn: 1000/4902
2026-09-26 18:43:16,180 INFO log-mel COMBINED/cv/fold_02/no_dn: 1500/4902
2026-09-26 18:43:16,788 INFO log-mel COMBINED/cv/fold_02/no_dn: 2000/4902
2026-09-26 18:43:17,404 INFO log-mel COMBINED/cv/fold_02/no_dn: 2500/4902
2026-09-26 18:43:18,078 INFO log-mel COMBINED/cv/fold_02/no_dn: 3000/4902
2026-09-26 18:43:18,689 INFO log-mel COMBINED/cv/fold_02/no_dn: 3500/4902
2026-09-26 18:43:19,301 INFO log-mel COMBINED/cv/fold_02/no_dn: 4000/4902
2026-09-26 18:43:19,918 INFO log-mel COMBINED/cv/fold_02/no_dn: 4500/4902
2026-09-26 18:43:20,414 INFO log-mel COMBINED/cv/fold_02/no_dn: 4902/4902
2026-09-26 18:43:21,187 INFO COMBINED/no_dn fold 2: log-mel no_dn listo en 7.1 s, forma (4902, 1, 64, 309)
2026-09-26 18:43:21,204 INFO COMBINED/no_dn fold 2: 85/21 pacientes train/validation, 20 de 20 configuracion(es) por evaluar
2026-09-26 18:43:23,742 INFO COMBINED/no_dn fold 2: config 0 (lr=0.0001, dropout=0.3) epoca 1: train_loss=0.5668 val_loss=0.7347 val_BA=0.814 mejor_epoca=1
2026-09-26 18:43:25,983 INFO COMBINED/no_dn fold 2: config 0 (lr=0.0001, dropout=0.3) epoca 2: train_loss=0.3618 val_loss=0.5131 val_BA=0.814 mejor_epoca=2
2026-09-26 18:43:30,574 INFO COMBINED/no_dn fold 2: config 0 (lr=0.0001, dropout=0.3) epoca 4: train_loss=0.1997 val_loss=0.3162 val_BA=0.855 mejor_epoca=4
2026-09-26 18:43:35,270 INFO COMBINED/no_dn fold 2: config 0 (lr=0.0001, dropout=0.3) epoca 6: train_loss=0.0989 val_loss=0.2438 val_BA=0.855 mejor_epoca=6
2026-09-26 18:43:39,973 INFO COMBINED/no_dn fold 2: config 0 (lr=0.0001, dropout=0.3) epoca 8: train_loss=0.0505 val_loss=0.1244 val_BA=0.855 mejor_epoca=8
2026-09-26 18:43:44,769 INFO COMBINED/no_dn fold 2: config 0 (lr=0.0001, dropout=0.3) epoca 10: train_loss=0.0354 val_loss=0.1648 val_BA=0.855 mejor_epoca=8
2026-09-26 18:43:47,113 INFO COMBINED/no_dn fold 2: config 0 (lr=0.0001, dropout=0.3) epoca 11: train_loss=0.0250 val_loss=0.1121 val_BA=0.855 mejor_epoca=11
2026-09-26 18:44:08,522 INFO COMBINED/no_dn fold 2: config 0 (lr=0.0001, dropout=0.3) epoca 20: train_loss=0.0088 val_loss=0.2807 val_BA=0.655 mejor_epoca=11
2026-09-26 18:44:22,607 INFO COMBINED/no_dn fold 2 config 0: OK val_BA=0.855 mejor_epoca=11 (1.0 min)
2026-09-26 18:44:24,779 INFO COMBINED/no_dn fold 2: config 1 (lr=0.0001, dropout=0.3) epoca 1: train_loss=0.5265 val_loss=0.3186 val_BA=0.655 mejor_epoca=1
2026-09-26 18:44:30,375 INFO COMBINED/no_dn fold 2: config 1 (lr=0.0001, dropout=0.3) epoca 4: train_loss=0.2101 val_loss=1.0259 val_BA=0.818 mejor_epoca=4
2026-09-26 18:44:41,676 INFO COMBINED/no_dn fold 2: config 1 (lr=0.0001, dropout=0.3) epoca 10: train_loss=0.0420 val_loss=2.3044 val_BA=0.591 mejor_epoca=4
2026-09-26 18:44:45,495 INFO COMBINED/no_dn fold 2: config 1 (lr=0.0001, dropout=0.3) epoca 12: train_loss=0.0270 val_loss=0.7983 val_BA=0.864 mejor_epoca=12
2026-09-26 18:45:00,472 INFO COMBINED/no_dn fold 2: config 1 (lr=0.0001, dropout=0.3) epoca 20: train_loss=0.0067 val_loss=0.1560 val_BA=0.755 mejor_epoca=12
2026-09-26 18:45:13,752 INFO COMBINED/no_dn fold 2 config 1: OK val_BA=0.864 mejor_epoca=12 (0.9 min)
2026-09-26 18:45:16,101 INFO COMBINED/no_dn fold 2: config 2 (lr=0.0001, dropout=0.4) epoca 1: train_loss=0.5804 val_loss=0.9089 val_BA=0.723 mejor_epoca=1
2026-09-26 18:45:20,224 INFO COMBINED/no_dn fold 2: config 2 (lr=0.0001, dropout=0.4) epoca 3: train_loss=0.2605 val_loss=1.2245 val_BA=0.773 mejor_epoca=3
2026-09-26 18:45:22,303 INFO COMBINED/no_dn fold 2: config 2 (lr=0.0001, dropout=0.4) epoca 4: train_loss=0.2122 val_loss=0.5678 val_BA=0.909 mejor_epoca=4
2026-09-26 18:45:35,062 INFO COMBINED/no_dn fold 2: config 2 (lr=0.0001, dropout=0.4) epoca 10: train_loss=0.0471 val_loss=0.1513 val_BA=0.805 mejor_epoca=4
2026-09-26 18:45:56,148 INFO COMBINED/no_dn fold 2: config 2 (lr=0.0001, dropout=0.4) epoca 20: train_loss=0.0113 val_loss=0.2114 val_BA=0.855 mejor_epoca=4
2026-09-26 18:45:56,173 INFO COMBINED/no_dn fold 2 config 2: OK val_BA=0.909 mejor_epoca=4 (0.7 min)
2026-09-26 18:45:58,944 INFO COMBINED/no_dn fold 2: config 3 (lr=0.0001, dropout=0.4) epoca 1: train_loss=0.5904 val_loss=0.5625 val_BA=0.709 mejor_epoca=1
2026-09-26 18:46:06,274 INFO COMBINED/no_dn fold 2: config 3 (lr=0.0001, dropout=0.4) epoca 4: train_loss=0.2028 val_loss=0.3640 val_BA=0.759 mejor_epoca=4
2026-09-26 18:46:08,630 INFO COMBINED/no_dn fold 2: config 3 (lr=0.0001, dropout=0.4) epoca 5: train_loss=0.1895 val_loss=0.2742 val_BA=0.805 mejor_epoca=5
2026-09-26 18:46:13,338 INFO COMBINED/no_dn fold 2: config 3 (lr=0.0001, dropout=0.4) epoca 7: train_loss=0.1301 val_loss=0.2155 val_BA=0.805 mejor_epoca=7
2026-09-26 18:46:18,085 INFO COMBINED/no_dn fold 2: config 3 (lr=0.0001, dropout=0.4) epoca 9: train_loss=0.0566 val_loss=0.1130 val_BA=0.805 mejor_epoca=9
2026-09-26 18:46:20,453 INFO COMBINED/no_dn fold 2: config 3 (lr=0.0001, dropout=0.4) epoca 10: train_loss=0.0556 val_loss=0.1555 val_BA=0.655 mejor_epoca=9
2026-09-26 18:46:25,247 INFO COMBINED/no_dn fold 2: config 3 (lr=0.0001, dropout=0.4) epoca 12: train_loss=0.0266 val_loss=0.1895 val_BA=0.855 mejor_epoca=12
2026-09-26 18:46:34,555 INFO COMBINED/no_dn fold 2: config 3 (lr=0.0001, dropout=0.4) epoca 16: train_loss=0.0132 val_loss=0.1812 val_BA=0.855 mejor_epoca=16
2026-09-26 18:46:44,041 INFO COMBINED/no_dn fold 2: config 3 (lr=0.0001, dropout=0.4) epoca 20: train_loss=0.0080 val_loss=0.1551 val_BA=0.755 mejor_epoca=16
2026-09-26 18:47:07,492 INFO COMBINED/no_dn fold 2: config 3 (lr=0.0001, dropout=0.4) epoca 30: train_loss=0.0166 val_loss=0.2583 val_BA=0.705 mejor_epoca=16
2026-09-26 18:47:09,842 INFO COMBINED/no_dn fold 2 config 3: OK val_BA=0.855 mejor_epoca=16 (1.2 min)
2026-09-26 18:47:12,137 INFO COMBINED/no_dn fold 2: config 4 (lr=0.0001, dropout=0.4) epoca 1: train_loss=0.5759 val_loss=0.9827 val_BA=0.682 mejor_epoca=1
2026-09-26 18:47:14,119 INFO COMBINED/no_dn fold 2: config 4 (lr=0.0001, dropout=0.4) epoca 2: train_loss=0.4423 val_loss=0.3560 val_BA=0.755 mejor_epoca=2
2026-09-26 18:47:18,115 INFO COMBINED/no_dn fold 2: config 4 (lr=0.0001, dropout=0.4) epoca 4: train_loss=0.2774 val_loss=0.4137 val_BA=0.809 mejor_epoca=4
2026-09-26 18:47:30,088 INFO COMBINED/no_dn fold 2: config 4 (lr=0.0001, dropout=0.4) epoca 10: train_loss=0.0502 val_loss=0.2657 val_BA=0.905 mejor_epoca=10
2026-09-26 18:47:49,904 INFO COMBINED/no_dn fold 2: config 4 (lr=0.0001, dropout=0.4) epoca 20: train_loss=0.0062 val_loss=0.1579 val_BA=0.755 mejor_epoca=10
2026-09-26 18:47:59,773 INFO COMBINED/no_dn fold 2 config 4: OK val_BA=0.905 mejor_epoca=10 (0.8 min)
2026-09-26 18:48:01,916 INFO COMBINED/no_dn fold 2: config 5 (lr=0.0001, dropout=0.4) epoca 1: train_loss=0.5345 val_loss=0.5516 val_BA=0.755 mejor_epoca=1
2026-09-26 18:48:03,775 INFO COMBINED/no_dn fold 2: config 5 (lr=0.0001, dropout=0.4) epoca 2: train_loss=0.3481 val_loss=0.5641 val_BA=0.809 mejor_epoca=2
2026-09-26 18:48:09,364 INFO COMBINED/no_dn fold 2: config 5 (lr=0.0001, dropout=0.4) epoca 5: train_loss=0.1509 val_loss=0.4386 val_BA=0.859 mejor_epoca=5
2026-09-26 18:48:18,540 INFO COMBINED/no_dn fold 2: config 5 (lr=0.0001, dropout=0.4) epoca 10: train_loss=0.0351 val_loss=0.1544 val_BA=0.750 mejor_epoca=5
2026-09-26 18:48:22,141 INFO COMBINED/no_dn fold 2: config 5 (lr=0.0001, dropout=0.4) epoca 12: train_loss=0.0263 val_loss=0.2647 val_BA=0.905 mejor_epoca=12
2026-09-26 18:48:36,499 INFO COMBINED/no_dn fold 2: config 5 (lr=0.0001, dropout=0.4) epoca 20: train_loss=0.0063 val_loss=0.1306 val_BA=0.805 mejor_epoca=12
2026-09-26 18:48:49,245 INFO COMBINED/no_dn fold 2 config 5: OK val_BA=0.905 mejor_epoca=12 (0.8 min)
2026-09-26 18:48:51,791 INFO COMBINED/no_dn fold 2: config 6 (lr=0.0001, dropout=0.5) epoca 1: train_loss=0.5779 val_loss=0.8095 val_BA=0.727 mejor_epoca=1
2026-09-26 18:48:58,711 INFO COMBINED/no_dn fold 2: config 6 (lr=0.0001, dropout=0.5) epoca 4: train_loss=0.2087 val_loss=0.2758 val_BA=0.805 mejor_epoca=4
2026-09-26 18:49:03,520 INFO COMBINED/no_dn fold 2: config 6 (lr=0.0001, dropout=0.5) epoca 6: train_loss=0.1467 val_loss=0.8857 val_BA=0.814 mejor_epoca=6
2026-09-26 18:49:13,354 INFO COMBINED/no_dn fold 2: config 6 (lr=0.0001, dropout=0.5) epoca 10: train_loss=0.0743 val_loss=0.2619 val_BA=0.600 mejor_epoca=6
2026-09-26 18:49:20,569 INFO COMBINED/no_dn fold 2: config 6 (lr=0.0001, dropout=0.5) epoca 13: train_loss=0.0279 val_loss=0.2678 val_BA=0.855 mejor_epoca=13
2026-09-26 18:49:34,815 INFO COMBINED/no_dn fold 2: config 6 (lr=0.0001, dropout=0.5) epoca 19: train_loss=0.0115 val_loss=0.4221 val_BA=0.909 mejor_epoca=19
2026-09-26 18:49:37,106 INFO COMBINED/no_dn fold 2: config 6 (lr=0.0001, dropout=0.5) epoca 20: train_loss=0.0130 val_loss=0.2160 val_BA=0.705 mejor_epoca=19
2026-09-26 18:50:00,146 INFO COMBINED/no_dn fold 2: config 6 (lr=0.0001, dropout=0.5) epoca 30: train_loss=0.0406 val_loss=0.1731 val_BA=0.805 mejor_epoca=19
2026-09-26 18:50:09,471 INFO COMBINED/no_dn fold 2 config 6: OK val_BA=0.909 mejor_epoca=19 (1.3 min)
2026-09-26 18:50:11,640 INFO COMBINED/no_dn fold 2: config 7 (lr=0.0001, dropout=0.5) epoca 1: train_loss=0.5418 val_loss=0.6862 val_BA=0.864 mejor_epoca=1
2026-09-26 18:50:28,391 INFO COMBINED/no_dn fold 2: config 7 (lr=0.0001, dropout=0.5) epoca 10: train_loss=0.0453 val_loss=0.3970 val_BA=0.809 mejor_epoca=1
2026-09-26 18:50:47,009 INFO COMBINED/no_dn fold 2: config 7 (lr=0.0001, dropout=0.5) epoca 20: train_loss=0.0086 val_loss=0.2675 val_BA=0.855 mejor_epoca=1
2026-09-26 18:50:47,032 INFO COMBINED/no_dn fold 2 config 7: OK val_BA=0.864 mejor_epoca=1 (0.6 min)
2026-09-26 18:50:49,183 INFO COMBINED/no_dn fold 2: config 8 (lr=0.0003, dropout=0.3) epoca 1: train_loss=0.4948 val_loss=1.6892 val_BA=0.632 mejor_epoca=1
2026-09-26 18:50:51,027 INFO COMBINED/no_dn fold 2: config 8 (lr=0.0003, dropout=0.3) epoca 2: train_loss=0.3025 val_loss=0.3245 val_BA=0.655 mejor_epoca=2
2026-09-26 18:50:52,866 INFO COMBINED/no_dn fold 2: config 8 (lr=0.0003, dropout=0.3) epoca 3: train_loss=0.1920 val_loss=0.5145 val_BA=0.859 mejor_epoca=3
2026-09-26 18:51:05,920 INFO COMBINED/no_dn fold 2: config 8 (lr=0.0003, dropout=0.3) epoca 10: train_loss=0.0247 val_loss=0.3876 val_BA=0.855 mejor_epoca=3
2026-09-26 18:51:24,383 INFO COMBINED/no_dn fold 2: config 8 (lr=0.0003, dropout=0.3) epoca 20: train_loss=0.0031 val_loss=0.1861 val_BA=0.855 mejor_epoca=3
2026-09-26 18:51:24,407 INFO COMBINED/no_dn fold 2 config 8: OK val_BA=0.859 mejor_epoca=3 (0.6 min)
2026-09-26 18:51:26,691 INFO COMBINED/no_dn fold 2: config 9 (lr=0.0003, dropout=0.4) epoca 1: train_loss=0.4857 val_loss=0.3878 val_BA=0.805 mejor_epoca=1
2026-09-26 18:51:32,595 INFO COMBINED/no_dn fold 2: config 9 (lr=0.0003, dropout=0.4) epoca 4: train_loss=0.1876 val_loss=0.4233 val_BA=0.809 mejor_epoca=4
2026-09-26 18:51:34,558 INFO COMBINED/no_dn fold 2: config 9 (lr=0.0003, dropout=0.4) epoca 5: train_loss=0.1602 val_loss=0.1250 val_BA=0.855 mejor_epoca=5
2026-09-26 18:51:44,479 INFO COMBINED/no_dn fold 2: config 9 (lr=0.0003, dropout=0.4) epoca 10: train_loss=0.0277 val_loss=0.2139 val_BA=0.755 mejor_epoca=5
2026-09-26 18:51:46,487 INFO COMBINED/no_dn fold 2: config 9 (lr=0.0003, dropout=0.4) epoca 11: train_loss=0.0160 val_loss=0.8087 val_BA=0.859 mejor_epoca=11
2026-09-26 18:52:04,594 INFO COMBINED/no_dn fold 2: config 9 (lr=0.0003, dropout=0.4) epoca 20: train_loss=0.0055 val_loss=0.1155 val_BA=0.905 mejor_epoca=20
2026-09-26 18:52:24,249 INFO COMBINED/no_dn fold 2: config 9 (lr=0.0003, dropout=0.4) epoca 30: train_loss=0.0032 val_loss=0.1405 val_BA=0.905 mejor_epoca=20
2026-09-26 18:52:33,757 INFO COMBINED/no_dn fold 2 config 9: OK val_BA=0.905 mejor_epoca=20 (1.2 min)
2026-09-26 18:52:36,169 INFO COMBINED/no_dn fold 2: config 10 (lr=0.0003, dropout=0.4) epoca 1: train_loss=0.5254 val_loss=0.4134 val_BA=0.809 mejor_epoca=1
2026-09-26 18:52:46,824 INFO COMBINED/no_dn fold 2: config 10 (lr=0.0003, dropout=0.4) epoca 6: train_loss=0.1317 val_loss=0.3813 val_BA=0.905 mejor_epoca=6
2026-09-26 18:52:51,089 INFO COMBINED/no_dn fold 2: config 10 (lr=0.0003, dropout=0.4) epoca 8: train_loss=0.1164 val_loss=0.2701 val_BA=0.905 mejor_epoca=8
2026-09-26 18:52:55,352 INFO COMBINED/no_dn fold 2: config 10 (lr=0.0003, dropout=0.4) epoca 10: train_loss=0.0759 val_loss=0.1379 val_BA=0.855 mejor_epoca=8
2026-09-26 18:53:14,540 INFO COMBINED/no_dn fold 2: config 10 (lr=0.0003, dropout=0.4) epoca 19: train_loss=0.0243 val_loss=0.2353 val_BA=0.905 mejor_epoca=19
2026-09-26 18:53:16,661 INFO COMBINED/no_dn fold 2: config 10 (lr=0.0003, dropout=0.4) epoca 20: train_loss=0.0193 val_loss=0.3698 val_BA=0.905 mejor_epoca=19
2026-09-26 18:53:38,059 INFO COMBINED/no_dn fold 2: config 10 (lr=0.0003, dropout=0.4) epoca 30: train_loss=0.0085 val_loss=0.1922 val_BA=0.905 mejor_epoca=30
2026-09-26 18:53:49,203 INFO COMBINED/no_dn fold 2: config 10 (lr=0.0003, dropout=0.4) epoca 35: train_loss=0.0028 val_loss=0.1286 val_BA=0.905 mejor_epoca=35
2026-09-26 18:54:00,396 INFO COMBINED/no_dn fold 2: config 10 (lr=0.0003, dropout=0.4) epoca 40: train_loss=0.0027 val_loss=0.1817 val_BA=0.855 mejor_epoca=35
2026-09-26 18:54:23,761 INFO COMBINED/no_dn fold 2: config 10 (lr=0.0003, dropout=0.4) epoca 50: train_loss=0.0008 val_loss=0.3533 val_BA=0.755 mejor_epoca=35
2026-09-26 18:54:23,784 INFO COMBINED/no_dn fold 2 config 10: OK val_BA=0.905 mejor_epoca=35 (1.8 min)
2026-09-26 18:54:25,934 INFO COMBINED/no_dn fold 2: config 11 (lr=0.0003, dropout=0.5) epoca 1: train_loss=0.5271 val_loss=0.4691 val_BA=0.909 mejor_epoca=1
2026-09-26 18:54:42,531 INFO COMBINED/no_dn fold 2: config 11 (lr=0.0003, dropout=0.5) epoca 10: train_loss=0.0284 val_loss=0.1931 val_BA=0.805 mejor_epoca=1
2026-09-26 18:55:00,982 INFO COMBINED/no_dn fold 2: config 11 (lr=0.0003, dropout=0.5) epoca 20: train_loss=0.0068 val_loss=0.1338 val_BA=0.855 mejor_epoca=1
2026-09-26 18:55:01,005 INFO COMBINED/no_dn fold 2 config 11: OK val_BA=0.909 mejor_epoca=1 (0.6 min)
2026-09-26 18:55:03,211 INFO COMBINED/no_dn fold 2: config 12 (lr=0.0003, dropout=0.5) epoca 1: train_loss=0.5208 val_loss=0.6778 val_BA=0.864 mejor_epoca=1
2026-09-26 18:55:14,767 INFO COMBINED/no_dn fold 2: config 12 (lr=0.0003, dropout=0.5) epoca 7: train_loss=0.0734 val_loss=0.5655 val_BA=0.905 mejor_epoca=7
2026-09-26 18:55:20,533 INFO COMBINED/no_dn fold 2: config 12 (lr=0.0003, dropout=0.5) epoca 10: train_loss=0.0529 val_loss=0.2228 val_BA=0.605 mejor_epoca=7
2026-09-26 18:55:35,938 INFO COMBINED/no_dn fold 2: config 12 (lr=0.0003, dropout=0.5) epoca 18: train_loss=0.0092 val_loss=0.1969 val_BA=0.905 mejor_epoca=18
2026-09-26 18:55:39,801 INFO COMBINED/no_dn fold 2: config 12 (lr=0.0003, dropout=0.5) epoca 20: train_loss=0.0061 val_loss=0.1944 val_BA=0.805 mejor_epoca=18
2026-09-26 18:55:59,144 INFO COMBINED/no_dn fold 2: config 12 (lr=0.0003, dropout=0.5) epoca 30: train_loss=0.0032 val_loss=0.2546 val_BA=0.855 mejor_epoca=18
2026-09-26 18:56:04,945 INFO COMBINED/no_dn fold 2 config 12: OK val_BA=0.905 mejor_epoca=18 (1.1 min)
2026-09-26 18:56:07,434 INFO COMBINED/no_dn fold 2: config 13 (lr=0.001, dropout=0.2) epoca 1: train_loss=0.7290 val_loss=0.7376 val_BA=0.668 mejor_epoca=1
2026-09-26 18:56:14,042 INFO COMBINED/no_dn fold 2: config 13 (lr=0.001, dropout=0.2) epoca 4: train_loss=0.4130 val_loss=1.5748 val_BA=0.773 mejor_epoca=4
2026-09-26 18:56:18,431 INFO COMBINED/no_dn fold 2: config 13 (lr=0.001, dropout=0.2) epoca 6: train_loss=0.2998 val_loss=0.3722 val_BA=0.805 mejor_epoca=6
2026-09-26 18:56:20,634 INFO COMBINED/no_dn fold 2: config 13 (lr=0.001, dropout=0.2) epoca 7: train_loss=0.2483 val_loss=0.2574 val_BA=0.805 mejor_epoca=7
2026-09-26 18:56:27,299 INFO COMBINED/no_dn fold 2: config 13 (lr=0.001, dropout=0.2) epoca 10: train_loss=0.2082 val_loss=0.3697 val_BA=0.859 mejor_epoca=10
2026-09-26 18:56:49,390 INFO COMBINED/no_dn fold 2: config 13 (lr=0.001, dropout=0.2) epoca 20: train_loss=0.0407 val_loss=0.3735 val_BA=0.805 mejor_epoca=10
2026-09-26 18:57:00,376 INFO COMBINED/no_dn fold 2 config 13: OK val_BA=0.859 mejor_epoca=10 (0.9 min)
2026-09-26 18:57:02,489 INFO COMBINED/no_dn fold 2: config 14 (lr=0.001, dropout=0.3) epoca 1: train_loss=0.6261 val_loss=0.3842 val_BA=0.650 mejor_epoca=1
2026-09-26 18:57:04,321 INFO COMBINED/no_dn fold 2: config 14 (lr=0.001, dropout=0.3) epoca 2: train_loss=0.4835 val_loss=0.2263 val_BA=0.750 mejor_epoca=2
2026-09-26 18:57:09,822 INFO COMBINED/no_dn fold 2: config 14 (lr=0.001, dropout=0.3) epoca 5: train_loss=0.2119 val_loss=0.3502 val_BA=0.809 mejor_epoca=5
2026-09-26 18:57:19,009 INFO COMBINED/no_dn fold 2: config 14 (lr=0.001, dropout=0.3) epoca 10: train_loss=0.1225 val_loss=0.4098 val_BA=0.809 mejor_epoca=5
2026-09-26 18:57:22,667 INFO COMBINED/no_dn fold 2: config 14 (lr=0.001, dropout=0.3) epoca 12: train_loss=0.0814 val_loss=0.4519 val_BA=0.909 mejor_epoca=12
2026-09-26 18:57:37,058 INFO COMBINED/no_dn fold 2: config 14 (lr=0.001, dropout=0.3) epoca 20: train_loss=0.0294 val_loss=0.2181 val_BA=0.755 mejor_epoca=12
2026-09-26 18:57:49,668 INFO COMBINED/no_dn fold 2 config 14: OK val_BA=0.909 mejor_epoca=12 (0.8 min)
2026-09-26 18:57:51,809 INFO COMBINED/no_dn fold 2: config 15 (lr=0.001, dropout=0.3) epoca 1: train_loss=0.5505 val_loss=0.2572 val_BA=0.500 mejor_epoca=1
2026-09-26 18:57:53,733 INFO COMBINED/no_dn fold 2: config 15 (lr=0.001, dropout=0.3) epoca 2: train_loss=0.4040 val_loss=0.1977 val_BA=0.750 mejor_epoca=2
2026-09-26 18:57:55,680 INFO COMBINED/no_dn fold 2: config 15 (lr=0.001, dropout=0.3) epoca 3: train_loss=0.2948 val_loss=0.9393 val_BA=0.773 mejor_epoca=3
2026-09-26 18:57:59,603 INFO COMBINED/no_dn fold 2: config 15 (lr=0.001, dropout=0.3) epoca 5: train_loss=0.1908 val_loss=0.5341 val_BA=0.855 mejor_epoca=5
2026-09-26 18:58:07,416 INFO COMBINED/no_dn fold 2: config 15 (lr=0.001, dropout=0.3) epoca 9: train_loss=0.1564 val_loss=0.4118 val_BA=0.855 mejor_epoca=9
2026-09-26 18:58:09,345 INFO COMBINED/no_dn fold 2: config 15 (lr=0.001, dropout=0.3) epoca 10: train_loss=0.0967 val_loss=0.6322 val_BA=0.759 mejor_epoca=9
2026-09-26 18:58:28,721 INFO COMBINED/no_dn fold 2: config 15 (lr=0.001, dropout=0.3) epoca 20: train_loss=0.0099 val_loss=0.3548 val_BA=0.755 mejor_epoca=9
2026-09-26 18:58:36,425 INFO COMBINED/no_dn fold 2 config 15: OK val_BA=0.855 mejor_epoca=9 (0.8 min)
2026-09-26 18:58:38,895 INFO COMBINED/no_dn fold 2: config 16 (lr=0.001, dropout=0.4) epoca 1: train_loss=0.6403 val_loss=0.3444 val_BA=0.705 mejor_epoca=1
2026-09-26 18:58:41,059 INFO COMBINED/no_dn fold 2: config 16 (lr=0.001, dropout=0.4) epoca 2: train_loss=0.4783 val_loss=0.3593 val_BA=0.755 mejor_epoca=2
2026-09-26 18:58:43,318 INFO COMBINED/no_dn fold 2: config 16 (lr=0.001, dropout=0.4) epoca 3: train_loss=0.4001 val_loss=0.3872 val_BA=0.805 mejor_epoca=3
2026-09-26 18:58:52,331 INFO COMBINED/no_dn fold 2: config 16 (lr=0.001, dropout=0.4) epoca 7: train_loss=0.3060 val_loss=0.5298 val_BA=0.809 mejor_epoca=7
2026-09-26 18:58:56,925 INFO COMBINED/no_dn fold 2: config 16 (lr=0.001, dropout=0.4) epoca 9: train_loss=0.2412 val_loss=0.5054 val_BA=0.855 mejor_epoca=9
2026-09-26 18:58:59,247 INFO COMBINED/no_dn fold 2: config 16 (lr=0.001, dropout=0.4) epoca 10: train_loss=0.2116 val_loss=0.2124 val_BA=0.755 mejor_epoca=9
2026-09-26 18:59:15,250 INFO COMBINED/no_dn fold 2: config 16 (lr=0.001, dropout=0.4) epoca 17: train_loss=0.0659 val_loss=0.4434 val_BA=0.855 mejor_epoca=17
2026-09-26 18:59:21,876 INFO COMBINED/no_dn fold 2: config 16 (lr=0.001, dropout=0.4) epoca 20: train_loss=0.0693 val_loss=0.4554 val_BA=0.755 mejor_epoca=17
2026-09-26 18:59:43,521 INFO COMBINED/no_dn fold 2: config 16 (lr=0.001, dropout=0.4) epoca 30: train_loss=0.0176 val_loss=0.3886 val_BA=0.755 mejor_epoca=17
2026-09-26 18:59:47,831 INFO COMBINED/no_dn fold 2 config 16: OK val_BA=0.855 mejor_epoca=17 (1.2 min)
2026-09-26 18:59:49,994 INFO COMBINED/no_dn fold 2: config 17 (lr=0.001, dropout=0.5) epoca 1: train_loss=0.5849 val_loss=0.2417 val_BA=0.700 mejor_epoca=1
2026-09-26 18:59:53,766 INFO COMBINED/no_dn fold 2: config 17 (lr=0.001, dropout=0.5) epoca 3: train_loss=0.3144 val_loss=0.2954 val_BA=0.805 mejor_epoca=3
2026-09-26 18:59:57,551 INFO COMBINED/no_dn fold 2: config 17 (lr=0.001, dropout=0.5) epoca 5: train_loss=0.2180 val_loss=0.3393 val_BA=0.855 mejor_epoca=5
2026-09-26 19:00:06,983 INFO COMBINED/no_dn fold 2: config 17 (lr=0.001, dropout=0.5) epoca 10: train_loss=0.1472 val_loss=0.4853 val_BA=0.805 mejor_epoca=5
2026-09-26 19:00:12,612 INFO COMBINED/no_dn fold 2: config 17 (lr=0.001, dropout=0.5) epoca 13: train_loss=0.0509 val_loss=0.3111 val_BA=0.855 mejor_epoca=13
2026-09-26 19:00:18,219 INFO COMBINED/no_dn fold 2: config 17 (lr=0.001, dropout=0.5) epoca 16: train_loss=0.0423 val_loss=0.2815 val_BA=0.855 mejor_epoca=16
2026-09-26 19:00:25,720 INFO COMBINED/no_dn fold 2: config 17 (lr=0.001, dropout=0.5) epoca 20: train_loss=0.0084 val_loss=0.2329 val_BA=0.755 mejor_epoca=16
2026-09-26 19:00:27,587 INFO COMBINED/no_dn fold 2: config 17 (lr=0.001, dropout=0.5) epoca 21: train_loss=0.0175 val_loss=0.4263 val_BA=0.905 mejor_epoca=21
2026-09-26 19:00:33,217 INFO COMBINED/no_dn fold 2: config 17 (lr=0.001, dropout=0.5) epoca 24: train_loss=0.0182 val_loss=0.2526 val_BA=0.905 mejor_epoca=24
2026-09-26 19:00:44,381 INFO COMBINED/no_dn fold 2: config 17 (lr=0.001, dropout=0.5) epoca 30: train_loss=0.0084 val_loss=0.2984 val_BA=0.805 mejor_epoca=24
2026-09-26 19:00:50,005 INFO COMBINED/no_dn fold 2: config 17 (lr=0.001, dropout=0.5) epoca 33: train_loss=0.0059 val_loss=0.2407 val_BA=0.905 mejor_epoca=33
2026-09-26 19:00:51,883 INFO COMBINED/no_dn fold 2: config 17 (lr=0.001, dropout=0.5) epoca 34: train_loss=0.0049 val_loss=0.1774 val_BA=0.905 mejor_epoca=34
2026-09-26 19:01:03,413 INFO COMBINED/no_dn fold 2: config 17 (lr=0.001, dropout=0.5) epoca 40: train_loss=0.0228 val_loss=0.3107 val_BA=0.855 mejor_epoca=34
2026-09-26 19:01:20,921 INFO COMBINED/no_dn fold 2 config 17: OK val_BA=0.905 mejor_epoca=34 (1.6 min)
2026-09-26 19:01:23,067 INFO COMBINED/no_dn fold 2: config 18 (lr=0.001, dropout=0.5) epoca 1: train_loss=0.6280 val_loss=0.3620 val_BA=0.600 mejor_epoca=1
2026-09-26 19:01:24,913 INFO COMBINED/no_dn fold 2: config 18 (lr=0.001, dropout=0.5) epoca 2: train_loss=0.4447 val_loss=0.5986 val_BA=0.859 mejor_epoca=2
2026-09-26 19:01:32,327 INFO COMBINED/no_dn fold 2: config 18 (lr=0.001, dropout=0.5) epoca 6: train_loss=0.2349 val_loss=0.7854 val_BA=0.909 mejor_epoca=6
2026-09-26 19:01:39,703 INFO COMBINED/no_dn fold 2: config 18 (lr=0.001, dropout=0.5) epoca 10: train_loss=0.1327 val_loss=0.5269 val_BA=0.609 mejor_epoca=6
2026-09-26 19:01:57,933 INFO COMBINED/no_dn fold 2: config 18 (lr=0.001, dropout=0.5) epoca 20: train_loss=0.0282 val_loss=1.1300 val_BA=0.714 mejor_epoca=6
2026-09-26 19:01:59,756 INFO COMBINED/no_dn fold 2 config 18: OK val_BA=0.909 mejor_epoca=6 (0.6 min)
2026-09-26 19:02:01,852 INFO COMBINED/no_dn fold 2: config 19 (lr=0.001, dropout=0.5) epoca 1: train_loss=0.5533 val_loss=0.6181 val_BA=0.814 mejor_epoca=1
2026-09-26 19:02:14,738 INFO COMBINED/no_dn fold 2: config 19 (lr=0.001, dropout=0.5) epoca 8: train_loss=0.1163 val_loss=0.6159 val_BA=0.859 mejor_epoca=8
2026-09-26 19:02:18,395 INFO COMBINED/no_dn fold 2: config 19 (lr=0.001, dropout=0.5) epoca 10: train_loss=0.1396 val_loss=0.4485 val_BA=0.905 mejor_epoca=10
2026-09-26 19:02:36,706 INFO COMBINED/no_dn fold 2: config 19 (lr=0.001, dropout=0.5) epoca 20: train_loss=0.0134 val_loss=0.2875 val_BA=0.905 mejor_epoca=20
2026-09-26 19:02:54,989 INFO COMBINED/no_dn fold 2: config 19 (lr=0.001, dropout=0.5) epoca 30: train_loss=0.0144 val_loss=0.2994 val_BA=0.855 mejor_epoca=20
2026-09-26 19:03:04,118 INFO COMBINED/no_dn fold 2 config 19: OK val_BA=0.905 mejor_epoca=20 (1.1 min)
2026-09-26 19:03:04,958 INFO log-mel COMBINED/cv/fold_03/no_dn: 500/4902
2026-09-26 19:03:05,544 INFO log-mel COMBINED/cv/fold_03/no_dn: 1000/4902
2026-09-26 19:03:06,148 INFO log-mel COMBINED/cv/fold_03/no_dn: 1500/4902
2026-09-26 19:03:06,757 INFO log-mel COMBINED/cv/fold_03/no_dn: 2000/4902
2026-09-26 19:03:07,440 INFO log-mel COMBINED/cv/fold_03/no_dn: 2500/4902
2026-09-26 19:03:08,031 INFO log-mel COMBINED/cv/fold_03/no_dn: 3000/4902
2026-09-26 19:03:08,622 INFO log-mel COMBINED/cv/fold_03/no_dn: 3500/4902
2026-09-26 19:03:09,210 INFO log-mel COMBINED/cv/fold_03/no_dn: 4000/4902
2026-09-26 19:03:09,797 INFO log-mel COMBINED/cv/fold_03/no_dn: 4500/4902
2026-09-26 19:03:10,270 INFO log-mel COMBINED/cv/fold_03/no_dn: 4902/4902
2026-09-26 19:03:10,923 INFO COMBINED/no_dn fold 3: log-mel no_dn listo en 6.8 s, forma (4902, 1, 64, 309)
2026-09-26 19:03:10,938 INFO COMBINED/no_dn fold 3: 85/21 pacientes train/validation, 20 de 20 configuracion(es) por evaluar
2026-09-26 19:03:13,687 INFO COMBINED/no_dn fold 3: config 0 (lr=0.0001, dropout=0.3) epoca 1: train_loss=0.5471 val_loss=0.3070 val_BA=0.500 mejor_epoca=1
2026-09-26 19:03:16,147 INFO COMBINED/no_dn fold 3: config 0 (lr=0.0001, dropout=0.3) epoca 2: train_loss=0.3419 val_loss=0.4298 val_BA=0.864 mejor_epoca=2
2026-09-26 19:03:18,561 INFO COMBINED/no_dn fold 3: config 0 (lr=0.0001, dropout=0.3) epoca 3: train_loss=0.2598 val_loss=0.1868 val_BA=0.909 mejor_epoca=3
2026-09-26 19:03:23,467 INFO COMBINED/no_dn fold 3: config 0 (lr=0.0001, dropout=0.3) epoca 5: train_loss=0.1882 val_loss=0.0907 val_BA=1.000 mejor_epoca=5
2026-09-26 19:03:35,547 INFO COMBINED/no_dn fold 3: config 0 (lr=0.0001, dropout=0.3) epoca 10: train_loss=0.0402 val_loss=0.0756 val_BA=1.000 mejor_epoca=10
2026-09-26 19:04:00,546 INFO COMBINED/no_dn fold 3: config 0 (lr=0.0001, dropout=0.3) epoca 20: train_loss=0.0058 val_loss=0.0549 val_BA=1.000 mejor_epoca=20
2026-09-26 19:04:03,044 INFO COMBINED/no_dn fold 3: config 0 (lr=0.0001, dropout=0.3) epoca 21: train_loss=0.0041 val_loss=0.0236 val_BA=1.000 mejor_epoca=21
2026-09-26 19:04:13,150 INFO COMBINED/no_dn fold 3: config 0 (lr=0.0001, dropout=0.3) epoca 25: train_loss=0.0031 val_loss=0.0180 val_BA=1.000 mejor_epoca=25
2026-09-26 19:04:25,656 INFO COMBINED/no_dn fold 3: config 0 (lr=0.0001, dropout=0.3) epoca 30: train_loss=0.0098 val_loss=0.1153 val_BA=0.955 mejor_epoca=25
2026-09-26 19:04:51,048 INFO COMBINED/no_dn fold 3: config 0 (lr=0.0001, dropout=0.3) epoca 40: train_loss=0.0009 val_loss=0.1366 val_BA=0.850 mejor_epoca=25
2026-09-26 19:04:51,069 INFO COMBINED/no_dn fold 3 config 0: OK val_BA=1.000 mejor_epoca=25 (1.7 min)
2026-09-26 19:04:53,437 INFO COMBINED/no_dn fold 3: config 1 (lr=0.0001, dropout=0.3) epoca 1: train_loss=0.5594 val_loss=0.5920 val_BA=0.714 mejor_epoca=1
2026-09-26 19:04:55,450 INFO COMBINED/no_dn fold 3: config 1 (lr=0.0001, dropout=0.3) epoca 2: train_loss=0.4144 val_loss=0.4841 val_BA=0.864 mejor_epoca=2
2026-09-26 19:04:57,486 INFO COMBINED/no_dn fold 3: config 1 (lr=0.0001, dropout=0.3) epoca 3: train_loss=0.3178 val_loss=0.3687 val_BA=0.955 mejor_epoca=3
2026-09-26 19:04:59,502 INFO COMBINED/no_dn fold 3: config 1 (lr=0.0001, dropout=0.3) epoca 4: train_loss=0.2650 val_loss=0.1684 val_BA=0.955 mejor_epoca=4
2026-09-26 19:05:09,628 INFO COMBINED/no_dn fold 3: config 1 (lr=0.0001, dropout=0.3) epoca 9: train_loss=0.0577 val_loss=0.1353 val_BA=0.955 mejor_epoca=9
2026-09-26 19:05:11,645 INFO COMBINED/no_dn fold 3: config 1 (lr=0.0001, dropout=0.3) epoca 10: train_loss=0.0483 val_loss=0.1520 val_BA=0.800 mejor_epoca=9
2026-09-26 19:05:27,804 INFO COMBINED/no_dn fold 3: config 1 (lr=0.0001, dropout=0.3) epoca 18: train_loss=0.0104 val_loss=0.1265 val_BA=0.955 mejor_epoca=18
2026-09-26 19:05:31,841 INFO COMBINED/no_dn fold 3: config 1 (lr=0.0001, dropout=0.3) epoca 20: train_loss=0.0072 val_loss=0.2308 val_BA=0.905 mejor_epoca=18
2026-09-26 19:05:41,956 INFO COMBINED/no_dn fold 3: config 1 (lr=0.0001, dropout=0.3) epoca 25: train_loss=0.0049 val_loss=0.0699 val_BA=1.000 mejor_epoca=25
2026-09-26 19:05:52,004 INFO COMBINED/no_dn fold 3: config 1 (lr=0.0001, dropout=0.3) epoca 30: train_loss=0.0039 val_loss=0.0948 val_BA=0.900 mejor_epoca=25
2026-09-26 19:06:12,149 INFO COMBINED/no_dn fold 3: config 1 (lr=0.0001, dropout=0.3) epoca 40: train_loss=0.0014 val_loss=0.0887 val_BA=0.955 mejor_epoca=25
2026-09-26 19:06:12,173 INFO COMBINED/no_dn fold 3 config 1: OK val_BA=1.000 mejor_epoca=25 (1.4 min)
2026-09-26 19:06:14,648 INFO COMBINED/no_dn fold 3: config 2 (lr=0.0001, dropout=0.4) epoca 1: train_loss=0.5916 val_loss=0.5053 val_BA=0.814 mejor_epoca=1
2026-09-26 19:06:16,776 INFO COMBINED/no_dn fold 3: config 2 (lr=0.0001, dropout=0.4) epoca 2: train_loss=0.4069 val_loss=0.3322 val_BA=0.909 mejor_epoca=2
2026-09-26 19:06:18,926 INFO COMBINED/no_dn fold 3: config 2 (lr=0.0001, dropout=0.4) epoca 3: train_loss=0.3105 val_loss=0.1949 val_BA=1.000 mejor_epoca=3
2026-09-26 19:06:33,878 INFO COMBINED/no_dn fold 3: config 2 (lr=0.0001, dropout=0.4) epoca 10: train_loss=0.0440 val_loss=0.2599 val_BA=0.955 mejor_epoca=3
2026-09-26 19:06:44,223 INFO COMBINED/no_dn fold 3: config 2 (lr=0.0001, dropout=0.4) epoca 15: train_loss=0.0123 val_loss=0.0448 val_BA=1.000 mejor_epoca=15
2026-09-26 19:06:54,897 INFO COMBINED/no_dn fold 3: config 2 (lr=0.0001, dropout=0.4) epoca 20: train_loss=0.0041 val_loss=0.0736 val_BA=0.955 mejor_epoca=15
2026-09-26 19:07:17,343 INFO COMBINED/no_dn fold 3: config 2 (lr=0.0001, dropout=0.4) epoca 30: train_loss=0.0021 val_loss=0.0649 val_BA=0.955 mejor_epoca=15
2026-09-26 19:07:17,366 INFO COMBINED/no_dn fold 3 config 2: OK val_BA=1.000 mejor_epoca=15 (1.1 min)
2026-09-26 19:07:20,533 INFO COMBINED/no_dn fold 3: config 3 (lr=0.0001, dropout=0.4) epoca 1: train_loss=0.5520 val_loss=0.4116 val_BA=0.905 mejor_epoca=1
2026-09-26 19:07:25,904 INFO COMBINED/no_dn fold 3: config 3 (lr=0.0001, dropout=0.4) epoca 3: train_loss=0.2593 val_loss=0.1796 val_BA=0.955 mejor_epoca=3
2026-09-26 19:07:33,699 INFO COMBINED/no_dn fold 3: config 3 (lr=0.0001, dropout=0.4) epoca 6: train_loss=0.1837 val_loss=0.1026 val_BA=0.955 mejor_epoca=6
2026-09-26 19:07:44,053 INFO COMBINED/no_dn fold 3: config 3 (lr=0.0001, dropout=0.4) epoca 10: train_loss=0.0576 val_loss=0.2376 val_BA=0.800 mejor_epoca=6
2026-09-26 19:07:54,004 INFO COMBINED/no_dn fold 3: config 3 (lr=0.0001, dropout=0.4) epoca 14: train_loss=0.0454 val_loss=0.0416 val_BA=1.000 mejor_epoca=14
2026-09-26 19:07:58,961 INFO COMBINED/no_dn fold 3: config 3 (lr=0.0001, dropout=0.4) epoca 16: train_loss=0.0157 val_loss=0.0382 val_BA=1.000 mejor_epoca=16
2026-09-26 19:08:08,746 INFO COMBINED/no_dn fold 3: config 3 (lr=0.0001, dropout=0.4) epoca 20: train_loss=0.0071 val_loss=0.1400 val_BA=0.955 mejor_epoca=16
2026-09-26 19:08:33,439 INFO COMBINED/no_dn fold 3: config 3 (lr=0.0001, dropout=0.4) epoca 30: train_loss=0.0040 val_loss=0.1581 val_BA=0.955 mejor_epoca=16
2026-09-26 19:08:35,962 INFO COMBINED/no_dn fold 3 config 3: OK val_BA=1.000 mejor_epoca=16 (1.3 min)
2026-09-26 19:08:38,413 INFO COMBINED/no_dn fold 3: config 4 (lr=0.0001, dropout=0.4) epoca 1: train_loss=0.5887 val_loss=0.3474 val_BA=0.500 mejor_epoca=1
2026-09-26 19:08:40,544 INFO COMBINED/no_dn fold 3: config 4 (lr=0.0001, dropout=0.4) epoca 2: train_loss=0.4158 val_loss=0.7008 val_BA=0.773 mejor_epoca=2
2026-09-26 19:08:42,692 INFO COMBINED/no_dn fold 3: config 4 (lr=0.0001, dropout=0.4) epoca 3: train_loss=0.3010 val_loss=0.3389 val_BA=0.909 mejor_epoca=3
2026-09-26 19:08:44,822 INFO COMBINED/no_dn fold 3: config 4 (lr=0.0001, dropout=0.4) epoca 4: train_loss=0.2643 val_loss=0.2072 val_BA=0.909 mejor_epoca=4
2026-09-26 19:08:46,949 INFO COMBINED/no_dn fold 3: config 4 (lr=0.0001, dropout=0.4) epoca 5: train_loss=0.2329 val_loss=0.1607 val_BA=0.955 mejor_epoca=5
2026-09-26 19:08:57,653 INFO COMBINED/no_dn fold 3: config 4 (lr=0.0001, dropout=0.4) epoca 10: train_loss=0.0526 val_loss=0.1572 val_BA=0.909 mejor_epoca=5
2026-09-26 19:09:08,253 INFO COMBINED/no_dn fold 3: config 4 (lr=0.0001, dropout=0.4) epoca 15: train_loss=0.0137 val_loss=0.1192 val_BA=0.955 mejor_epoca=15
2026-09-26 19:09:14,653 INFO COMBINED/no_dn fold 3: config 4 (lr=0.0001, dropout=0.4) epoca 18: train_loss=0.0065 val_loss=0.0751 val_BA=1.000 mejor_epoca=18
2026-09-26 19:09:18,896 INFO COMBINED/no_dn fold 3: config 4 (lr=0.0001, dropout=0.4) epoca 20: train_loss=0.0052 val_loss=0.1438 val_BA=0.955 mejor_epoca=18
2026-09-26 19:09:33,775 INFO COMBINED/no_dn fold 3: config 4 (lr=0.0001, dropout=0.4) epoca 27: train_loss=0.0029 val_loss=0.0615 val_BA=1.000 mejor_epoca=27
2026-09-26 19:09:40,138 INFO COMBINED/no_dn fold 3: config 4 (lr=0.0001, dropout=0.4) epoca 30: train_loss=0.0072 val_loss=0.0638 val_BA=0.955 mejor_epoca=27
2026-09-26 19:09:44,401 INFO COMBINED/no_dn fold 3: config 4 (lr=0.0001, dropout=0.4) epoca 32: train_loss=0.0019 val_loss=0.0402 val_BA=1.000 mejor_epoca=32
2026-09-26 19:10:01,427 INFO COMBINED/no_dn fold 3: config 4 (lr=0.0001, dropout=0.4) epoca 40: train_loss=0.0013 val_loss=0.1890 val_BA=0.859 mejor_epoca=32
2026-09-26 19:10:16,413 INFO COMBINED/no_dn fold 3 config 4: OK val_BA=1.000 mejor_epoca=32 (1.7 min)
2026-09-26 19:10:18,734 INFO COMBINED/no_dn fold 3: config 5 (lr=0.0001, dropout=0.4) epoca 1: train_loss=0.5390 val_loss=0.2505 val_BA=0.855 mejor_epoca=1
2026-09-26 19:10:26,750 INFO COMBINED/no_dn fold 3: config 5 (lr=0.0001, dropout=0.4) epoca 5: train_loss=0.2241 val_loss=0.2344 val_BA=0.955 mejor_epoca=5
2026-09-26 19:10:34,813 INFO COMBINED/no_dn fold 3: config 5 (lr=0.0001, dropout=0.4) epoca 9: train_loss=0.0762 val_loss=0.1532 val_BA=1.000 mejor_epoca=9
2026-09-26 19:10:36,838 INFO COMBINED/no_dn fold 3: config 5 (lr=0.0001, dropout=0.4) epoca 10: train_loss=0.0497 val_loss=0.2469 val_BA=0.955 mejor_epoca=9
2026-09-26 19:10:57,085 INFO COMBINED/no_dn fold 3: config 5 (lr=0.0001, dropout=0.4) epoca 20: train_loss=0.0081 val_loss=0.0847 val_BA=0.955 mejor_epoca=9
2026-09-26 19:11:05,144 INFO COMBINED/no_dn fold 3: config 5 (lr=0.0001, dropout=0.4) epoca 24: train_loss=0.0056 val_loss=0.0344 val_BA=1.000 mejor_epoca=24
2026-09-26 19:11:17,216 INFO COMBINED/no_dn fold 3: config 5 (lr=0.0001, dropout=0.4) epoca 30: train_loss=0.0082 val_loss=0.1488 val_BA=0.955 mejor_epoca=24
2026-09-26 19:11:35,397 INFO COMBINED/no_dn fold 3 config 5: OK val_BA=1.000 mejor_epoca=24 (1.3 min)
2026-09-26 19:11:38,165 INFO COMBINED/no_dn fold 3: config 6 (lr=0.0001, dropout=0.5) epoca 1: train_loss=0.5787 val_loss=0.4542 val_BA=0.859 mejor_epoca=1
2026-09-26 19:11:40,664 INFO COMBINED/no_dn fold 3: config 6 (lr=0.0001, dropout=0.5) epoca 2: train_loss=0.4174 val_loss=0.3042 val_BA=0.909 mejor_epoca=2
2026-09-26 19:11:43,125 INFO COMBINED/no_dn fold 3: config 6 (lr=0.0001, dropout=0.5) epoca 3: train_loss=0.3154 val_loss=0.1191 val_BA=0.950 mejor_epoca=3
2026-09-26 19:11:58,026 INFO COMBINED/no_dn fold 3: config 6 (lr=0.0001, dropout=0.5) epoca 9: train_loss=0.1018 val_loss=0.0977 val_BA=0.955 mejor_epoca=9
2026-09-26 19:12:00,514 INFO COMBINED/no_dn fold 3: config 6 (lr=0.0001, dropout=0.5) epoca 10: train_loss=0.0458 val_loss=0.1912 val_BA=0.909 mejor_epoca=9
2026-09-26 19:12:10,483 INFO COMBINED/no_dn fold 3: config 6 (lr=0.0001, dropout=0.5) epoca 14: train_loss=0.0668 val_loss=0.0498 val_BA=1.000 mejor_epoca=14
2026-09-26 19:12:25,109 INFO COMBINED/no_dn fold 3: config 6 (lr=0.0001, dropout=0.5) epoca 20: train_loss=0.0042 val_loss=0.0890 val_BA=0.955 mejor_epoca=14
2026-09-26 19:12:47,556 INFO COMBINED/no_dn fold 3 config 6: OK val_BA=1.000 mejor_epoca=14 (1.2 min)
2026-09-26 19:12:49,979 INFO COMBINED/no_dn fold 3: config 7 (lr=0.0001, dropout=0.5) epoca 1: train_loss=0.5607 val_loss=0.4080 val_BA=0.809 mejor_epoca=1
2026-09-26 19:12:52,008 INFO COMBINED/no_dn fold 3: config 7 (lr=0.0001, dropout=0.5) epoca 2: train_loss=0.4064 val_loss=0.2944 val_BA=0.859 mejor_epoca=2
2026-09-26 19:12:54,066 INFO COMBINED/no_dn fold 3: config 7 (lr=0.0001, dropout=0.5) epoca 3: train_loss=0.3344 val_loss=0.6412 val_BA=0.864 mejor_epoca=3
2026-09-26 19:12:58,145 INFO COMBINED/no_dn fold 3: config 7 (lr=0.0001, dropout=0.5) epoca 5: train_loss=0.2081 val_loss=0.1267 val_BA=0.955 mejor_epoca=5
2026-09-26 19:13:00,184 INFO COMBINED/no_dn fold 3: config 7 (lr=0.0001, dropout=0.5) epoca 6: train_loss=0.1472 val_loss=0.1080 val_BA=1.000 mejor_epoca=6
2026-09-26 19:13:04,220 INFO COMBINED/no_dn fold 3: config 7 (lr=0.0001, dropout=0.5) epoca 8: train_loss=0.0951 val_loss=0.0914 val_BA=1.000 mejor_epoca=8
2026-09-26 19:13:08,248 INFO COMBINED/no_dn fold 3: config 7 (lr=0.0001, dropout=0.5) epoca 10: train_loss=0.0419 val_loss=0.1854 val_BA=0.650 mejor_epoca=8
2026-09-26 19:13:28,555 INFO COMBINED/no_dn fold 3: config 7 (lr=0.0001, dropout=0.5) epoca 20: train_loss=0.0067 val_loss=0.4073 val_BA=0.909 mejor_epoca=8
2026-09-26 19:13:32,606 INFO COMBINED/no_dn fold 3: config 7 (lr=0.0001, dropout=0.5) epoca 22: train_loss=0.0066 val_loss=0.0470 val_BA=1.000 mejor_epoca=22
2026-09-26 19:13:34,639 INFO COMBINED/no_dn fold 3: config 7 (lr=0.0001, dropout=0.5) epoca 23: train_loss=0.0070 val_loss=0.0410 val_BA=1.000 mejor_epoca=23
2026-09-26 19:13:48,840 INFO COMBINED/no_dn fold 3: config 7 (lr=0.0001, dropout=0.5) epoca 30: train_loss=0.0055 val_loss=0.2067 val_BA=0.909 mejor_epoca=23
2026-09-26 19:14:05,101 INFO COMBINED/no_dn fold 3 config 7: OK val_BA=1.000 mejor_epoca=23 (1.3 min)
2026-09-26 19:14:07,465 INFO COMBINED/no_dn fold 3: config 8 (lr=0.0003, dropout=0.3) epoca 1: train_loss=0.5749 val_loss=0.3519 val_BA=0.814 mejor_epoca=1
2026-09-26 19:14:11,571 INFO COMBINED/no_dn fold 3: config 8 (lr=0.0003, dropout=0.3) epoca 3: train_loss=0.2848 val_loss=0.1690 val_BA=0.955 mejor_epoca=3
2026-09-26 19:14:17,677 INFO COMBINED/no_dn fold 3: config 8 (lr=0.0003, dropout=0.3) epoca 6: train_loss=0.1957 val_loss=0.1500 val_BA=0.955 mejor_epoca=6
2026-09-26 19:14:21,703 INFO COMBINED/no_dn fold 3: config 8 (lr=0.0003, dropout=0.3) epoca 8: train_loss=0.0757 val_loss=0.2725 val_BA=1.000 mejor_epoca=8
2026-09-26 19:14:23,723 INFO COMBINED/no_dn fold 3: config 8 (lr=0.0003, dropout=0.3) epoca 9: train_loss=0.0571 val_loss=0.0872 val_BA=1.000 mejor_epoca=9
2026-09-26 19:14:25,734 INFO COMBINED/no_dn fold 3: config 8 (lr=0.0003, dropout=0.3) epoca 10: train_loss=0.0491 val_loss=0.1175 val_BA=1.000 mejor_epoca=9
2026-09-26 19:14:37,804 INFO COMBINED/no_dn fold 3: config 8 (lr=0.0003, dropout=0.3) epoca 16: train_loss=0.0098 val_loss=0.0622 val_BA=1.000 mejor_epoca=16
2026-09-26 19:14:39,811 INFO COMBINED/no_dn fold 3: config 8 (lr=0.0003, dropout=0.3) epoca 17: train_loss=0.0068 val_loss=0.0557 val_BA=1.000 mejor_epoca=17
2026-09-26 19:14:41,861 INFO COMBINED/no_dn fold 3: config 8 (lr=0.0003, dropout=0.3) epoca 18: train_loss=0.0031 val_loss=0.0463 val_BA=1.000 mejor_epoca=18
2026-09-26 19:14:46,003 INFO COMBINED/no_dn fold 3: config 8 (lr=0.0003, dropout=0.3) epoca 20: train_loss=0.0139 val_loss=0.0646 val_BA=1.000 mejor_epoca=18
2026-09-26 19:14:52,195 INFO COMBINED/no_dn fold 3: config 8 (lr=0.0003, dropout=0.3) epoca 23: train_loss=0.0043 val_loss=0.0426 val_BA=1.000 mejor_epoca=23
2026-09-26 19:15:06,516 INFO COMBINED/no_dn fold 3: config 8 (lr=0.0003, dropout=0.3) epoca 30: train_loss=0.0017 val_loss=0.0481 val_BA=1.000 mejor_epoca=23
2026-09-26 19:15:22,798 INFO COMBINED/no_dn fold 3 config 8: OK val_BA=1.000 mejor_epoca=23 (1.3 min)
2026-09-26 19:15:25,320 INFO COMBINED/no_dn fold 3: config 9 (lr=0.0003, dropout=0.4) epoca 1: train_loss=0.6096 val_loss=0.7163 val_BA=0.518 mejor_epoca=1
2026-09-26 19:15:27,475 INFO COMBINED/no_dn fold 3: config 9 (lr=0.0003, dropout=0.4) epoca 2: train_loss=0.4771 val_loss=0.2970 val_BA=0.809 mejor_epoca=2
2026-09-26 19:15:29,653 INFO COMBINED/no_dn fold 3: config 9 (lr=0.0003, dropout=0.4) epoca 3: train_loss=0.3229 val_loss=0.3219 val_BA=0.818 mejor_epoca=3
2026-09-26 19:15:31,796 INFO COMBINED/no_dn fold 3: config 9 (lr=0.0003, dropout=0.4) epoca 4: train_loss=0.3110 val_loss=0.3213 val_BA=0.909 mejor_epoca=4
2026-09-26 19:15:33,913 INFO COMBINED/no_dn fold 3: config 9 (lr=0.0003, dropout=0.4) epoca 5: train_loss=0.2158 val_loss=0.1115 val_BA=0.955 mejor_epoca=5
2026-09-26 19:15:44,561 INFO COMBINED/no_dn fold 3: config 9 (lr=0.0003, dropout=0.4) epoca 10: train_loss=0.0582 val_loss=0.1031 val_BA=1.000 mejor_epoca=10
2026-09-26 19:15:55,173 INFO COMBINED/no_dn fold 3: config 9 (lr=0.0003, dropout=0.4) epoca 15: train_loss=0.0424 val_loss=0.0777 val_BA=1.000 mejor_epoca=15
2026-09-26 19:16:05,762 INFO COMBINED/no_dn fold 3: config 9 (lr=0.0003, dropout=0.4) epoca 20: train_loss=0.0035 val_loss=0.1993 val_BA=0.955 mejor_epoca=15
2026-09-26 19:16:27,368 INFO COMBINED/no_dn fold 3: config 9 (lr=0.0003, dropout=0.4) epoca 30: train_loss=0.0105 val_loss=0.1061 val_BA=0.955 mejor_epoca=15
2026-09-26 19:16:27,390 INFO COMBINED/no_dn fold 3 config 9: OK val_BA=1.000 mejor_epoca=15 (1.1 min)
2026-09-26 19:16:30,353 INFO COMBINED/no_dn fold 3: config 10 (lr=0.0003, dropout=0.4) epoca 1: train_loss=0.5606 val_loss=0.8976 val_BA=0.727 mejor_epoca=1
2026-09-26 19:16:32,849 INFO COMBINED/no_dn fold 3: config 10 (lr=0.0003, dropout=0.4) epoca 2: train_loss=0.3751 val_loss=0.1451 val_BA=0.950 mejor_epoca=2
2026-09-26 19:16:45,367 INFO COMBINED/no_dn fold 3: config 10 (lr=0.0003, dropout=0.4) epoca 7: train_loss=0.1402 val_loss=0.2591 val_BA=0.955 mejor_epoca=7
2026-09-26 19:16:52,994 INFO COMBINED/no_dn fold 3: config 10 (lr=0.0003, dropout=0.4) epoca 10: train_loss=0.0740 val_loss=0.1620 val_BA=0.905 mejor_epoca=7
2026-09-26 19:17:03,091 INFO COMBINED/no_dn fold 3: config 10 (lr=0.0003, dropout=0.4) epoca 14: train_loss=0.0175 val_loss=0.2492 val_BA=0.955 mejor_epoca=14
2026-09-26 19:17:15,705 INFO COMBINED/no_dn fold 3: config 10 (lr=0.0003, dropout=0.4) epoca 19: train_loss=0.0165 val_loss=0.1151 val_BA=0.955 mejor_epoca=19
2026-09-26 19:17:18,269 INFO COMBINED/no_dn fold 3: config 10 (lr=0.0003, dropout=0.4) epoca 20: train_loss=0.0064 val_loss=0.5874 val_BA=0.818 mejor_epoca=19
2026-09-26 19:17:28,243 INFO COMBINED/no_dn fold 3: config 10 (lr=0.0003, dropout=0.4) epoca 24: train_loss=0.0092 val_loss=0.0604 val_BA=1.000 mejor_epoca=24
2026-09-26 19:17:43,390 INFO COMBINED/no_dn fold 3: config 10 (lr=0.0003, dropout=0.4) epoca 30: train_loss=0.0043 val_loss=0.2843 val_BA=0.955 mejor_epoca=24
2026-09-26 19:18:06,383 INFO COMBINED/no_dn fold 3 config 10: OK val_BA=1.000 mejor_epoca=24 (1.6 min)
2026-09-26 19:18:08,766 INFO COMBINED/no_dn fold 3: config 11 (lr=0.0003, dropout=0.5) epoca 1: train_loss=0.6072 val_loss=0.4928 val_BA=0.773 mejor_epoca=1
2026-09-26 19:18:10,805 INFO COMBINED/no_dn fold 3: config 11 (lr=0.0003, dropout=0.5) epoca 2: train_loss=0.3879 val_loss=0.5024 val_BA=0.909 mejor_epoca=2
2026-09-26 19:18:12,853 INFO COMBINED/no_dn fold 3: config 11 (lr=0.0003, dropout=0.5) epoca 3: train_loss=0.3101 val_loss=0.4773 val_BA=0.909 mejor_epoca=3
2026-09-26 19:18:14,841 INFO COMBINED/no_dn fold 3: config 11 (lr=0.0003, dropout=0.5) epoca 4: train_loss=0.2558 val_loss=0.1847 val_BA=0.909 mejor_epoca=4
2026-09-26 19:18:22,835 INFO COMBINED/no_dn fold 3: config 11 (lr=0.0003, dropout=0.5) epoca 8: train_loss=0.0809 val_loss=0.2365 val_BA=0.955 mejor_epoca=8
2026-09-26 19:18:26,872 INFO COMBINED/no_dn fold 3: config 11 (lr=0.0003, dropout=0.5) epoca 10: train_loss=0.0551 val_loss=0.1234 val_BA=0.850 mejor_epoca=8
2026-09-26 19:18:30,881 INFO COMBINED/no_dn fold 3: config 11 (lr=0.0003, dropout=0.5) epoca 12: train_loss=0.0354 val_loss=0.0950 val_BA=0.955 mejor_epoca=12
2026-09-26 19:18:42,898 INFO COMBINED/no_dn fold 3: config 11 (lr=0.0003, dropout=0.5) epoca 18: train_loss=0.0047 val_loss=0.0736 val_BA=1.000 mejor_epoca=18
2026-09-26 19:18:44,892 INFO COMBINED/no_dn fold 3: config 11 (lr=0.0003, dropout=0.5) epoca 19: train_loss=0.0102 val_loss=0.0397 val_BA=1.000 mejor_epoca=19
2026-09-26 19:18:46,890 INFO COMBINED/no_dn fold 3: config 11 (lr=0.0003, dropout=0.5) epoca 20: train_loss=0.0084 val_loss=0.0758 val_BA=0.950 mejor_epoca=19
2026-09-26 19:19:07,166 INFO COMBINED/no_dn fold 3: config 11 (lr=0.0003, dropout=0.5) epoca 30: train_loss=0.0080 val_loss=0.4112 val_BA=0.550 mejor_epoca=19
2026-09-26 19:19:15,438 INFO COMBINED/no_dn fold 3 config 11: OK val_BA=1.000 mejor_epoca=19 (1.2 min)
2026-09-26 19:19:17,975 INFO COMBINED/no_dn fold 3: config 12 (lr=0.0003, dropout=0.5) epoca 1: train_loss=0.5822 val_loss=0.9321 val_BA=0.627 mejor_epoca=1
2026-09-26 19:19:20,178 INFO COMBINED/no_dn fold 3: config 12 (lr=0.0003, dropout=0.5) epoca 2: train_loss=0.3856 val_loss=0.6866 val_BA=0.818 mejor_epoca=2
2026-09-26 19:19:22,368 INFO COMBINED/no_dn fold 3: config 12 (lr=0.0003, dropout=0.5) epoca 3: train_loss=0.3076 val_loss=0.1366 val_BA=0.909 mejor_epoca=3
2026-09-26 19:19:26,737 INFO COMBINED/no_dn fold 3: config 12 (lr=0.0003, dropout=0.5) epoca 5: train_loss=0.2324 val_loss=0.2276 val_BA=0.955 mejor_epoca=5
2026-09-26 19:19:31,106 INFO COMBINED/no_dn fold 3: config 12 (lr=0.0003, dropout=0.5) epoca 7: train_loss=0.1641 val_loss=0.0942 val_BA=0.955 mejor_epoca=7
2026-09-26 19:19:33,302 INFO COMBINED/no_dn fold 3: config 12 (lr=0.0003, dropout=0.5) epoca 8: train_loss=0.1170 val_loss=0.1364 val_BA=1.000 mejor_epoca=8
2026-09-26 19:19:35,509 INFO COMBINED/no_dn fold 3: config 12 (lr=0.0003, dropout=0.5) epoca 9: train_loss=0.0763 val_loss=0.1060 val_BA=1.000 mejor_epoca=9
2026-09-26 19:19:37,697 INFO COMBINED/no_dn fold 3: config 12 (lr=0.0003, dropout=0.5) epoca 10: train_loss=0.0486 val_loss=0.4558 val_BA=0.909 mejor_epoca=9
2026-09-26 19:19:55,298 INFO COMBINED/no_dn fold 3: config 12 (lr=0.0003, dropout=0.5) epoca 18: train_loss=0.0063 val_loss=0.0604 val_BA=1.000 mejor_epoca=18
2026-09-26 19:19:59,675 INFO COMBINED/no_dn fold 3: config 12 (lr=0.0003, dropout=0.5) epoca 20: train_loss=0.0084 val_loss=0.0598 val_BA=1.000 mejor_epoca=20
2026-09-26 19:20:06,247 INFO COMBINED/no_dn fold 3: config 12 (lr=0.0003, dropout=0.5) epoca 23: train_loss=0.0039 val_loss=0.0573 val_BA=1.000 mejor_epoca=23
2026-09-26 19:20:19,278 INFO COMBINED/no_dn fold 3: config 12 (lr=0.0003, dropout=0.5) epoca 29: train_loss=0.0021 val_loss=0.0562 val_BA=1.000 mejor_epoca=29
2026-09-26 19:20:21,470 INFO COMBINED/no_dn fold 3: config 12 (lr=0.0003, dropout=0.5) epoca 30: train_loss=0.0017 val_loss=0.1021 val_BA=0.955 mejor_epoca=29
2026-09-26 19:20:23,641 INFO COMBINED/no_dn fold 3: config 12 (lr=0.0003, dropout=0.5) epoca 31: train_loss=0.0008 val_loss=0.0345 val_BA=1.000 mejor_epoca=31
2026-09-26 19:20:42,905 INFO COMBINED/no_dn fold 3: config 12 (lr=0.0003, dropout=0.5) epoca 40: train_loss=0.0009 val_loss=0.1737 val_BA=0.900 mejor_epoca=31
2026-09-26 19:20:55,638 INFO COMBINED/no_dn fold 3 config 12: OK val_BA=1.000 mejor_epoca=31 (1.7 min)
2026-09-26 19:20:58,493 INFO COMBINED/no_dn fold 3: config 13 (lr=0.001, dropout=0.2) epoca 1: train_loss=0.7117 val_loss=0.4670 val_BA=0.550 mejor_epoca=1
2026-09-26 19:21:06,029 INFO COMBINED/no_dn fold 3: config 13 (lr=0.001, dropout=0.2) epoca 4: train_loss=0.4730 val_loss=0.4191 val_BA=0.550 mejor_epoca=4
2026-09-26 19:21:08,564 INFO COMBINED/no_dn fold 3: config 13 (lr=0.001, dropout=0.2) epoca 5: train_loss=0.4400 val_loss=0.3574 val_BA=0.864 mejor_epoca=5
2026-09-26 19:21:11,095 INFO COMBINED/no_dn fold 3: config 13 (lr=0.001, dropout=0.2) epoca 6: train_loss=0.3476 val_loss=0.1368 val_BA=0.950 mejor_epoca=6
2026-09-26 19:21:21,197 INFO COMBINED/no_dn fold 3: config 13 (lr=0.001, dropout=0.2) epoca 10: train_loss=0.2207 val_loss=0.0542 val_BA=1.000 mejor_epoca=10
2026-09-26 19:21:23,697 INFO COMBINED/no_dn fold 3: config 13 (lr=0.001, dropout=0.2) epoca 11: train_loss=0.2209 val_loss=0.0494 val_BA=1.000 mejor_epoca=11
2026-09-26 19:21:41,083 INFO COMBINED/no_dn fold 3: config 13 (lr=0.001, dropout=0.2) epoca 18: train_loss=0.1430 val_loss=0.0400 val_BA=1.000 mejor_epoca=18
2026-09-26 19:21:46,084 INFO COMBINED/no_dn fold 3: config 13 (lr=0.001, dropout=0.2) epoca 20: train_loss=0.1350 val_loss=0.1243 val_BA=0.905 mejor_epoca=18
2026-09-26 19:22:10,664 INFO COMBINED/no_dn fold 3: config 13 (lr=0.001, dropout=0.2) epoca 30: train_loss=0.0254 val_loss=0.2134 val_BA=0.855 mejor_epoca=18
2026-09-26 19:22:18,066 INFO COMBINED/no_dn fold 3 config 13: OK val_BA=1.000 mejor_epoca=18 (1.4 min)
2026-09-26 19:22:20,397 INFO COMBINED/no_dn fold 3: config 14 (lr=0.001, dropout=0.3) epoca 1: train_loss=0.5437 val_loss=0.6297 val_BA=0.455 mejor_epoca=1
2026-09-26 19:22:22,412 INFO COMBINED/no_dn fold 3: config 14 (lr=0.001, dropout=0.3) epoca 2: train_loss=0.4450 val_loss=0.7231 val_BA=0.773 mejor_epoca=2
2026-09-26 19:22:24,420 INFO COMBINED/no_dn fold 3: config 14 (lr=0.001, dropout=0.3) epoca 3: train_loss=0.3456 val_loss=0.1581 val_BA=0.900 mejor_epoca=3
2026-09-26 19:22:38,451 INFO COMBINED/no_dn fold 3: config 14 (lr=0.001, dropout=0.3) epoca 10: train_loss=0.1351 val_loss=0.1836 val_BA=0.805 mejor_epoca=3
2026-09-26 19:22:42,476 INFO COMBINED/no_dn fold 3: config 14 (lr=0.001, dropout=0.3) epoca 12: train_loss=0.0744 val_loss=0.1946 val_BA=0.950 mejor_epoca=12
2026-09-26 19:22:44,481 INFO COMBINED/no_dn fold 3: config 14 (lr=0.001, dropout=0.3) epoca 13: train_loss=0.1198 val_loss=0.1994 val_BA=0.955 mejor_epoca=13
2026-09-26 19:22:54,522 INFO COMBINED/no_dn fold 3: config 14 (lr=0.001, dropout=0.3) epoca 18: train_loss=0.0196 val_loss=0.1396 val_BA=0.955 mejor_epoca=18
2026-09-26 19:22:58,519 INFO COMBINED/no_dn fold 3: config 14 (lr=0.001, dropout=0.3) epoca 20: train_loss=0.0092 val_loss=0.1595 val_BA=0.955 mejor_epoca=18
2026-09-26 19:23:18,438 INFO COMBINED/no_dn fold 3: config 14 (lr=0.001, dropout=0.3) epoca 30: train_loss=0.0084 val_loss=0.1402 val_BA=0.900 mejor_epoca=18
2026-09-26 19:23:24,458 INFO COMBINED/no_dn fold 3 config 14: OK val_BA=0.955 mejor_epoca=18 (1.1 min)
2026-09-26 19:23:26,916 INFO COMBINED/no_dn fold 3: config 15 (lr=0.001, dropout=0.3) epoca 1: train_loss=0.6115 val_loss=0.8273 val_BA=0.677 mejor_epoca=1
2026-09-26 19:23:33,260 INFO COMBINED/no_dn fold 3: config 15 (lr=0.001, dropout=0.3) epoca 4: train_loss=0.4380 val_loss=0.2608 val_BA=0.909 mejor_epoca=4
2026-09-26 19:23:39,622 INFO COMBINED/no_dn fold 3: config 15 (lr=0.001, dropout=0.3) epoca 7: train_loss=0.2516 val_loss=0.1376 val_BA=0.955 mejor_epoca=7
2026-09-26 19:23:45,984 INFO COMBINED/no_dn fold 3: config 15 (lr=0.001, dropout=0.3) epoca 10: train_loss=0.1862 val_loss=0.1367 val_BA=0.909 mejor_epoca=7
2026-09-26 19:24:07,181 INFO COMBINED/no_dn fold 3: config 15 (lr=0.001, dropout=0.3) epoca 20: train_loss=0.0671 val_loss=0.2317 val_BA=0.955 mejor_epoca=7
2026-09-26 19:24:11,407 INFO COMBINED/no_dn fold 3 config 15: OK val_BA=0.955 mejor_epoca=7 (0.8 min)
2026-09-26 19:24:14,145 INFO COMBINED/no_dn fold 3: config 16 (lr=0.001, dropout=0.4) epoca 1: train_loss=0.7383 val_loss=0.2775 val_BA=0.614 mejor_epoca=1
2026-09-26 19:24:16,565 INFO COMBINED/no_dn fold 3: config 16 (lr=0.001, dropout=0.4) epoca 2: train_loss=0.6130 val_loss=0.2441 val_BA=0.755 mejor_epoca=2
2026-09-26 19:24:18,971 INFO COMBINED/no_dn fold 3: config 16 (lr=0.001, dropout=0.4) epoca 3: train_loss=0.4564 val_loss=0.2662 val_BA=0.864 mejor_epoca=3
2026-09-26 19:24:23,932 INFO COMBINED/no_dn fold 3: config 16 (lr=0.001, dropout=0.4) epoca 5: train_loss=0.4295 val_loss=0.1580 val_BA=0.905 mejor_epoca=5
2026-09-26 19:24:26,368 INFO COMBINED/no_dn fold 3: config 16 (lr=0.001, dropout=0.4) epoca 6: train_loss=0.3649 val_loss=0.1961 val_BA=0.955 mejor_epoca=6
2026-09-26 19:24:36,175 INFO COMBINED/no_dn fold 3: config 16 (lr=0.001, dropout=0.4) epoca 10: train_loss=0.1639 val_loss=0.0835 val_BA=0.955 mejor_epoca=10
2026-09-26 19:24:38,694 INFO COMBINED/no_dn fold 3: config 16 (lr=0.001, dropout=0.4) epoca 11: train_loss=0.1701 val_loss=0.0258 val_BA=1.000 mejor_epoca=11
2026-09-26 19:25:01,067 INFO COMBINED/no_dn fold 3: config 16 (lr=0.001, dropout=0.4) epoca 20: train_loss=0.0525 val_loss=0.1027 val_BA=0.905 mejor_epoca=11
2026-09-26 19:25:16,324 INFO COMBINED/no_dn fold 3 config 16: OK val_BA=1.000 mejor_epoca=11 (1.1 min)
2026-09-26 19:25:18,821 INFO COMBINED/no_dn fold 3: config 17 (lr=0.001, dropout=0.5) epoca 1: train_loss=0.6381 val_loss=0.7733 val_BA=0.727 mejor_epoca=1
2026-09-26 19:25:20,979 INFO COMBINED/no_dn fold 3: config 17 (lr=0.001, dropout=0.5) epoca 2: train_loss=0.4188 val_loss=0.2035 val_BA=0.909 mejor_epoca=2
2026-09-26 19:25:33,813 INFO COMBINED/no_dn fold 3: config 17 (lr=0.001, dropout=0.5) epoca 8: train_loss=0.2243 val_loss=0.1569 val_BA=0.950 mejor_epoca=8
2026-09-26 19:25:35,924 INFO COMBINED/no_dn fold 3: config 17 (lr=0.001, dropout=0.5) epoca 9: train_loss=0.1892 val_loss=0.1115 val_BA=0.950 mejor_epoca=9
2026-09-26 19:25:38,028 INFO COMBINED/no_dn fold 3: config 17 (lr=0.001, dropout=0.5) epoca 10: train_loss=0.1503 val_loss=0.0972 val_BA=0.850 mejor_epoca=9
2026-09-26 19:25:40,164 INFO COMBINED/no_dn fold 3: config 17 (lr=0.001, dropout=0.5) epoca 11: train_loss=0.1288 val_loss=0.0822 val_BA=1.000 mejor_epoca=11
2026-09-26 19:25:58,982 INFO COMBINED/no_dn fold 3: config 17 (lr=0.001, dropout=0.5) epoca 20: train_loss=0.0265 val_loss=0.1809 val_BA=0.905 mejor_epoca=11
2026-09-26 19:26:11,558 INFO COMBINED/no_dn fold 3 config 17: OK val_BA=1.000 mejor_epoca=11 (0.9 min)
2026-09-26 19:26:13,871 INFO COMBINED/no_dn fold 3: config 18 (lr=0.001, dropout=0.5) epoca 1: train_loss=0.5853 val_loss=0.2896 val_BA=0.600 mejor_epoca=1
2026-09-26 19:26:15,853 INFO COMBINED/no_dn fold 3: config 18 (lr=0.001, dropout=0.5) epoca 2: train_loss=0.4671 val_loss=0.3055 val_BA=0.818 mejor_epoca=2
2026-09-26 19:26:17,843 INFO COMBINED/no_dn fold 3: config 18 (lr=0.001, dropout=0.5) epoca 3: train_loss=0.3691 val_loss=0.1339 val_BA=0.955 mejor_epoca=3
2026-09-26 19:26:21,821 INFO COMBINED/no_dn fold 3: config 18 (lr=0.001, dropout=0.5) epoca 5: train_loss=0.2686 val_loss=0.1046 val_BA=0.955 mejor_epoca=5
2026-09-26 19:26:31,830 INFO COMBINED/no_dn fold 3: config 18 (lr=0.001, dropout=0.5) epoca 10: train_loss=0.1926 val_loss=0.1114 val_BA=0.850 mejor_epoca=5
2026-09-26 19:26:37,787 INFO COMBINED/no_dn fold 3: config 18 (lr=0.001, dropout=0.5) epoca 13: train_loss=0.1353 val_loss=0.1091 val_BA=1.000 mejor_epoca=13
2026-09-26 19:26:43,727 INFO COMBINED/no_dn fold 3: config 18 (lr=0.001, dropout=0.5) epoca 16: train_loss=0.0587 val_loss=0.0519 val_BA=1.000 mejor_epoca=16
2026-09-26 19:26:51,629 INFO COMBINED/no_dn fold 3: config 18 (lr=0.001, dropout=0.5) epoca 20: train_loss=0.0543 val_loss=0.2163 val_BA=1.000 mejor_epoca=16
2026-09-26 19:27:11,576 INFO COMBINED/no_dn fold 3: config 18 (lr=0.001, dropout=0.5) epoca 30: train_loss=0.0090 val_loss=0.0778 val_BA=1.000 mejor_epoca=16
2026-09-26 19:27:13,596 INFO COMBINED/no_dn fold 3 config 18: OK val_BA=1.000 mejor_epoca=16 (1.0 min)
2026-09-26 19:27:15,939 INFO COMBINED/no_dn fold 3: config 19 (lr=0.001, dropout=0.5) epoca 1: train_loss=0.5285 val_loss=0.1743 val_BA=0.800 mejor_epoca=1
2026-09-26 19:27:19,957 INFO COMBINED/no_dn fold 3: config 19 (lr=0.001, dropout=0.5) epoca 3: train_loss=0.3200 val_loss=0.3596 val_BA=0.909 mejor_epoca=3
2026-09-26 19:27:28,088 INFO COMBINED/no_dn fold 3: config 19 (lr=0.001, dropout=0.5) epoca 7: train_loss=0.2108 val_loss=0.0956 val_BA=0.950 mejor_epoca=7
2026-09-26 19:27:34,188 INFO COMBINED/no_dn fold 3: config 19 (lr=0.001, dropout=0.5) epoca 10: train_loss=0.1605 val_loss=0.1268 val_BA=0.955 mejor_epoca=10
2026-09-26 19:27:38,252 INFO COMBINED/no_dn fold 3: config 19 (lr=0.001, dropout=0.5) epoca 12: train_loss=0.0904 val_loss=0.0998 val_BA=0.955 mejor_epoca=12
2026-09-26 19:27:40,290 INFO COMBINED/no_dn fold 3: config 19 (lr=0.001, dropout=0.5) epoca 13: train_loss=0.1047 val_loss=0.0787 val_BA=1.000 mejor_epoca=13
2026-09-26 19:27:48,516 INFO COMBINED/no_dn fold 3: config 19 (lr=0.001, dropout=0.5) epoca 17: train_loss=0.0351 val_loss=0.0382 val_BA=1.000 mejor_epoca=17
2026-09-26 19:27:54,662 INFO COMBINED/no_dn fold 3: config 19 (lr=0.001, dropout=0.5) epoca 20: train_loss=0.0199 val_loss=0.3342 val_BA=0.955 mejor_epoca=17
2026-09-26 19:28:15,085 INFO COMBINED/no_dn fold 3: config 19 (lr=0.001, dropout=0.5) epoca 30: train_loss=0.0120 val_loss=0.2031 val_BA=0.955 mejor_epoca=17
2026-09-26 19:28:19,191 INFO COMBINED/no_dn fold 3 config 19: OK val_BA=1.000 mejor_epoca=17 (1.1 min)
2026-09-26 19:28:20,085 INFO log-mel COMBINED/cv/fold_04/no_dn: 500/4902
2026-09-26 19:28:20,723 INFO log-mel COMBINED/cv/fold_04/no_dn: 1000/4902
2026-09-26 19:28:21,361 INFO log-mel COMBINED/cv/fold_04/no_dn: 1500/4902
2026-09-26 19:28:21,962 INFO log-mel COMBINED/cv/fold_04/no_dn: 2000/4902
2026-09-26 19:28:22,572 INFO log-mel COMBINED/cv/fold_04/no_dn: 2500/4902
2026-09-26 19:28:23,200 INFO log-mel COMBINED/cv/fold_04/no_dn: 3000/4902
2026-09-26 19:28:23,888 INFO log-mel COMBINED/cv/fold_04/no_dn: 3500/4902
2026-09-26 19:28:24,503 INFO log-mel COMBINED/cv/fold_04/no_dn: 4000/4902
2026-09-26 19:28:25,112 INFO log-mel COMBINED/cv/fold_04/no_dn: 4500/4902
2026-09-26 19:28:25,617 INFO log-mel COMBINED/cv/fold_04/no_dn: 4902/4902
2026-09-26 19:28:26,322 INFO COMBINED/no_dn fold 4: log-mel no_dn listo en 7.1 s, forma (4902, 1, 64, 309)
2026-09-26 19:28:26,339 INFO COMBINED/no_dn fold 4: 86/20 pacientes train/validation, 20 de 20 configuracion(es) por evaluar
2026-09-26 19:28:29,005 INFO COMBINED/no_dn fold 4: config 0 (lr=0.0001, dropout=0.3) epoca 1: train_loss=0.5338 val_loss=0.8273 val_BA=0.727 mejor_epoca=1
2026-09-26 19:28:31,304 INFO COMBINED/no_dn fold 4: config 0 (lr=0.0001, dropout=0.3) epoca 2: train_loss=0.3334 val_loss=0.3443 val_BA=1.000 mejor_epoca=2
2026-09-26 19:28:49,493 INFO COMBINED/no_dn fold 4: config 0 (lr=0.0001, dropout=0.3) epoca 10: train_loss=0.0336 val_loss=0.0571 val_BA=0.944 mejor_epoca=2
2026-09-26 19:29:10,364 INFO COMBINED/no_dn fold 4: config 0 (lr=0.0001, dropout=0.3) epoca 19: train_loss=0.0039 val_loss=0.0233 val_BA=1.000 mejor_epoca=19
2026-09-26 19:29:12,659 INFO COMBINED/no_dn fold 4: config 0 (lr=0.0001, dropout=0.3) epoca 20: train_loss=0.0036 val_loss=0.1030 val_BA=0.944 mejor_epoca=19
2026-09-26 19:29:35,212 INFO COMBINED/no_dn fold 4: config 0 (lr=0.0001, dropout=0.3) epoca 30: train_loss=0.0067 val_loss=0.0858 val_BA=0.833 mejor_epoca=19
2026-09-26 19:29:44,306 INFO COMBINED/no_dn fold 4 config 0: OK val_BA=1.000 mejor_epoca=19 (1.3 min)
2026-09-26 19:29:46,407 INFO COMBINED/no_dn fold 4: config 1 (lr=0.0001, dropout=0.3) epoca 1: train_loss=0.5746 val_loss=0.8018 val_BA=0.682 mejor_epoca=1
2026-09-26 19:29:50,093 INFO COMBINED/no_dn fold 4: config 1 (lr=0.0001, dropout=0.3) epoca 3: train_loss=0.3102 val_loss=0.5719 val_BA=1.000 mejor_epoca=3
2026-09-26 19:29:59,315 INFO COMBINED/no_dn fold 4: config 1 (lr=0.0001, dropout=0.3) epoca 8: train_loss=0.0609 val_loss=0.2019 val_BA=1.000 mejor_epoca=8
2026-09-26 19:30:03,002 INFO COMBINED/no_dn fold 4: config 1 (lr=0.0001, dropout=0.3) epoca 10: train_loss=0.0341 val_loss=0.2730 val_BA=0.944 mejor_epoca=8
2026-09-26 19:30:04,872 INFO COMBINED/no_dn fold 4: config 1 (lr=0.0001, dropout=0.3) epoca 11: train_loss=0.0284 val_loss=0.1622 val_BA=1.000 mejor_epoca=11
2026-09-26 19:30:21,431 INFO COMBINED/no_dn fold 4: config 1 (lr=0.0001, dropout=0.3) epoca 20: train_loss=0.0071 val_loss=0.0532 val_BA=0.889 mejor_epoca=11
2026-09-26 19:30:32,427 INFO COMBINED/no_dn fold 4 config 1: OK val_BA=1.000 mejor_epoca=11 (0.8 min)
2026-09-26 19:30:34,585 INFO COMBINED/no_dn fold 4: config 2 (lr=0.0001, dropout=0.4) epoca 1: train_loss=0.6349 val_loss=0.5094 val_BA=1.000 mejor_epoca=1
2026-09-26 19:30:46,136 INFO COMBINED/no_dn fold 4: config 2 (lr=0.0001, dropout=0.4) epoca 7: train_loss=0.1263 val_loss=0.3537 val_BA=1.000 mejor_epoca=7
2026-09-26 19:30:48,063 INFO COMBINED/no_dn fold 4: config 2 (lr=0.0001, dropout=0.4) epoca 8: train_loss=0.0848 val_loss=0.1779 val_BA=1.000 mejor_epoca=8
2026-09-26 19:30:51,899 INFO COMBINED/no_dn fold 4: config 2 (lr=0.0001, dropout=0.4) epoca 10: train_loss=0.0555 val_loss=0.0836 val_BA=0.722 mejor_epoca=8
2026-09-26 19:31:05,380 INFO COMBINED/no_dn fold 4: config 2 (lr=0.0001, dropout=0.4) epoca 17: train_loss=0.0102 val_loss=0.1667 val_BA=1.000 mejor_epoca=17
2026-09-26 19:31:11,171 INFO COMBINED/no_dn fold 4: config 2 (lr=0.0001, dropout=0.4) epoca 20: train_loss=0.0053 val_loss=0.0619 val_BA=0.889 mejor_epoca=17
2026-09-26 19:31:20,719 INFO COMBINED/no_dn fold 4: config 2 (lr=0.0001, dropout=0.4) epoca 25: train_loss=0.0042 val_loss=0.1376 val_BA=1.000 mejor_epoca=25
2026-09-26 19:31:30,269 INFO COMBINED/no_dn fold 4: config 2 (lr=0.0001, dropout=0.4) epoca 30: train_loss=0.0063 val_loss=0.0666 val_BA=0.889 mejor_epoca=25
2026-09-26 19:31:43,632 INFO COMBINED/no_dn fold 4: config 2 (lr=0.0001, dropout=0.4) epoca 37: train_loss=0.0015 val_loss=0.1286 val_BA=1.000 mejor_epoca=37
2026-09-26 19:31:49,359 INFO COMBINED/no_dn fold 4: config 2 (lr=0.0001, dropout=0.4) epoca 40: train_loss=0.0019 val_loss=0.0366 val_BA=0.944 mejor_epoca=37
2026-09-26 19:32:08,476 INFO COMBINED/no_dn fold 4: config 2 (lr=0.0001, dropout=0.4) epoca 50: train_loss=0.0014 val_loss=0.0547 val_BA=0.889 mejor_epoca=37
2026-09-26 19:32:12,380 INFO COMBINED/no_dn fold 4 config 2: OK val_BA=1.000 mejor_epoca=37 (1.7 min)
2026-09-26 19:32:14,798 INFO COMBINED/no_dn fold 4: config 3 (lr=0.0001, dropout=0.4) epoca 1: train_loss=0.5862 val_loss=0.5074 val_BA=0.889 mejor_epoca=1
2026-09-26 19:32:17,026 INFO COMBINED/no_dn fold 4: config 3 (lr=0.0001, dropout=0.4) epoca 2: train_loss=0.3671 val_loss=0.4634 val_BA=0.944 mejor_epoca=2
2026-09-26 19:32:19,234 INFO COMBINED/no_dn fold 4: config 3 (lr=0.0001, dropout=0.4) epoca 3: train_loss=0.2930 val_loss=0.2460 val_BA=0.944 mejor_epoca=3
2026-09-26 19:32:21,587 INFO COMBINED/no_dn fold 4: config 3 (lr=0.0001, dropout=0.4) epoca 4: train_loss=0.2156 val_loss=0.2803 val_BA=1.000 mejor_epoca=4
2026-09-26 19:32:34,856 INFO COMBINED/no_dn fold 4: config 3 (lr=0.0001, dropout=0.4) epoca 9: train_loss=0.0594 val_loss=0.1127 val_BA=1.000 mejor_epoca=9
2026-09-26 19:32:37,362 INFO COMBINED/no_dn fold 4: config 3 (lr=0.0001, dropout=0.4) epoca 10: train_loss=0.0510 val_loss=0.0666 val_BA=0.944 mejor_epoca=9
2026-09-26 19:32:52,205 INFO COMBINED/no_dn fold 4: config 3 (lr=0.0001, dropout=0.4) epoca 16: train_loss=0.0184 val_loss=0.1043 val_BA=1.000 mejor_epoca=16
2026-09-26 19:33:01,567 INFO COMBINED/no_dn fold 4: config 3 (lr=0.0001, dropout=0.4) epoca 20: train_loss=0.0083 val_loss=0.0596 val_BA=0.944 mejor_epoca=16
2026-09-26 19:33:03,831 INFO COMBINED/no_dn fold 4: config 3 (lr=0.0001, dropout=0.4) epoca 21: train_loss=0.0257 val_loss=0.0276 val_BA=1.000 mejor_epoca=21
2026-09-26 19:33:25,391 INFO COMBINED/no_dn fold 4: config 3 (lr=0.0001, dropout=0.4) epoca 30: train_loss=0.0117 val_loss=0.0614 val_BA=0.833 mejor_epoca=21
2026-09-26 19:33:39,605 INFO COMBINED/no_dn fold 4 config 3: OK val_BA=1.000 mejor_epoca=21 (1.5 min)
2026-09-26 19:33:41,756 INFO COMBINED/no_dn fold 4: config 4 (lr=0.0001, dropout=0.4) epoca 1: train_loss=0.5962 val_loss=0.6361 val_BA=0.909 mejor_epoca=1
2026-09-26 19:33:47,574 INFO COMBINED/no_dn fold 4: config 4 (lr=0.0001, dropout=0.4) epoca 4: train_loss=0.2543 val_loss=0.2954 val_BA=0.944 mejor_epoca=4
2026-09-26 19:33:51,488 INFO COMBINED/no_dn fold 4: config 4 (lr=0.0001, dropout=0.4) epoca 6: train_loss=0.1511 val_loss=0.3692 val_BA=0.955 mejor_epoca=6
2026-09-26 19:33:53,422 INFO COMBINED/no_dn fold 4: config 4 (lr=0.0001, dropout=0.4) epoca 7: train_loss=0.1220 val_loss=0.2752 val_BA=0.955 mejor_epoca=7
2026-09-26 19:33:59,216 INFO COMBINED/no_dn fold 4: config 4 (lr=0.0001, dropout=0.4) epoca 10: train_loss=0.0407 val_loss=0.0781 val_BA=0.722 mejor_epoca=7
2026-09-26 19:34:06,905 INFO COMBINED/no_dn fold 4: config 4 (lr=0.0001, dropout=0.4) epoca 14: train_loss=0.0174 val_loss=0.0689 val_BA=1.000 mejor_epoca=14
2026-09-26 19:34:10,717 INFO COMBINED/no_dn fold 4: config 4 (lr=0.0001, dropout=0.4) epoca 16: train_loss=0.0103 val_loss=0.0604 val_BA=1.000 mejor_epoca=16
2026-09-26 19:34:18,314 INFO COMBINED/no_dn fold 4: config 4 (lr=0.0001, dropout=0.4) epoca 20: train_loss=0.0061 val_loss=0.0601 val_BA=0.889 mejor_epoca=16
2026-09-26 19:34:24,027 INFO COMBINED/no_dn fold 4: config 4 (lr=0.0001, dropout=0.4) epoca 23: train_loss=0.0050 val_loss=0.0435 val_BA=1.000 mejor_epoca=23
2026-09-26 19:34:37,391 INFO COMBINED/no_dn fold 4: config 4 (lr=0.0001, dropout=0.4) epoca 30: train_loss=0.0023 val_loss=0.0643 val_BA=0.889 mejor_epoca=23
2026-09-26 19:34:52,670 INFO COMBINED/no_dn fold 4 config 4: OK val_BA=1.000 mejor_epoca=23 (1.2 min)
2026-09-26 19:34:54,697 INFO COMBINED/no_dn fold 4: config 5 (lr=0.0001, dropout=0.4) epoca 1: train_loss=0.5578 val_loss=0.8225 val_BA=0.773 mejor_epoca=1
2026-09-26 19:34:56,500 INFO COMBINED/no_dn fold 4: config 5 (lr=0.0001, dropout=0.4) epoca 2: train_loss=0.4260 val_loss=0.4282 val_BA=1.000 mejor_epoca=2
2026-09-26 19:35:01,950 INFO COMBINED/no_dn fold 4: config 5 (lr=0.0001, dropout=0.4) epoca 5: train_loss=0.2010 val_loss=0.3993 val_BA=1.000 mejor_epoca=5
2026-09-26 19:35:11,037 INFO COMBINED/no_dn fold 4: config 5 (lr=0.0001, dropout=0.4) epoca 10: train_loss=0.0328 val_loss=0.1149 val_BA=0.722 mejor_epoca=5
2026-09-26 19:35:25,732 INFO COMBINED/no_dn fold 4: config 5 (lr=0.0001, dropout=0.4) epoca 18: train_loss=0.0095 val_loss=0.1535 val_BA=1.000 mejor_epoca=18
2026-09-26 19:35:29,412 INFO COMBINED/no_dn fold 4: config 5 (lr=0.0001, dropout=0.4) epoca 20: train_loss=0.0066 val_loss=0.0689 val_BA=0.833 mejor_epoca=18
2026-09-26 19:35:47,731 INFO COMBINED/no_dn fold 4: config 5 (lr=0.0001, dropout=0.4) epoca 30: train_loss=0.0045 val_loss=0.3438 val_BA=1.000 mejor_epoca=18
2026-09-26 19:35:53,158 INFO COMBINED/no_dn fold 4 config 5: OK val_BA=1.000 mejor_epoca=18 (1.0 min)
2026-09-26 19:35:55,533 INFO COMBINED/no_dn fold 4: config 6 (lr=0.0001, dropout=0.5) epoca 1: train_loss=0.6191 val_loss=1.4316 val_BA=0.591 mejor_epoca=1
2026-09-26 19:35:57,683 INFO COMBINED/no_dn fold 4: config 6 (lr=0.0001, dropout=0.5) epoca 2: train_loss=0.4338 val_loss=0.3112 val_BA=0.778 mejor_epoca=2
2026-09-26 19:36:04,101 INFO COMBINED/no_dn fold 4: config 6 (lr=0.0001, dropout=0.5) epoca 5: train_loss=0.2248 val_loss=0.1315 val_BA=0.889 mejor_epoca=5
2026-09-26 19:36:08,439 INFO COMBINED/no_dn fold 4: config 6 (lr=0.0001, dropout=0.5) epoca 7: train_loss=0.1568 val_loss=0.1208 val_BA=0.944 mejor_epoca=7
2026-09-26 19:36:14,941 INFO COMBINED/no_dn fold 4: config 6 (lr=0.0001, dropout=0.5) epoca 10: train_loss=0.0465 val_loss=0.0763 val_BA=0.778 mejor_epoca=7
2026-09-26 19:36:17,092 INFO COMBINED/no_dn fold 4: config 6 (lr=0.0001, dropout=0.5) epoca 11: train_loss=0.0489 val_loss=0.1054 val_BA=1.000 mejor_epoca=11
2026-09-26 19:36:36,466 INFO COMBINED/no_dn fold 4: config 6 (lr=0.0001, dropout=0.5) epoca 20: train_loss=0.0147 val_loss=0.0523 val_BA=0.889 mejor_epoca=11
2026-09-26 19:36:49,269 INFO COMBINED/no_dn fold 4 config 6: OK val_BA=1.000 mejor_epoca=11 (0.9 min)
2026-09-26 19:36:51,301 INFO COMBINED/no_dn fold 4: config 7 (lr=0.0001, dropout=0.5) epoca 1: train_loss=0.5793 val_loss=0.2650 val_BA=0.556 mejor_epoca=1
2026-09-26 19:36:53,140 INFO COMBINED/no_dn fold 4: config 7 (lr=0.0001, dropout=0.5) epoca 2: train_loss=0.4461 val_loss=0.6072 val_BA=0.707 mejor_epoca=2
2026-09-26 19:36:54,975 INFO COMBINED/no_dn fold 4: config 7 (lr=0.0001, dropout=0.5) epoca 3: train_loss=0.3364 val_loss=0.3075 val_BA=1.000 mejor_epoca=3
2026-09-26 19:37:07,761 INFO COMBINED/no_dn fold 4: config 7 (lr=0.0001, dropout=0.5) epoca 10: train_loss=0.0423 val_loss=0.0836 val_BA=0.944 mejor_epoca=3
2026-09-26 19:37:15,061 INFO COMBINED/no_dn fold 4: config 7 (lr=0.0001, dropout=0.5) epoca 14: train_loss=0.0203 val_loss=0.2024 val_BA=1.000 mejor_epoca=14
2026-09-26 19:37:18,730 INFO COMBINED/no_dn fold 4: config 7 (lr=0.0001, dropout=0.5) epoca 16: train_loss=0.0134 val_loss=0.1242 val_BA=1.000 mejor_epoca=16
2026-09-26 19:37:26,020 INFO COMBINED/no_dn fold 4: config 7 (lr=0.0001, dropout=0.5) epoca 20: train_loss=0.0078 val_loss=0.1811 val_BA=1.000 mejor_epoca=16
2026-09-26 19:37:44,235 INFO COMBINED/no_dn fold 4: config 7 (lr=0.0001, dropout=0.5) epoca 30: train_loss=0.0048 val_loss=0.1062 val_BA=1.000 mejor_epoca=30
2026-09-26 19:38:02,522 INFO COMBINED/no_dn fold 4: config 7 (lr=0.0001, dropout=0.5) epoca 40: train_loss=0.0023 val_loss=0.0456 val_BA=0.944 mejor_epoca=30
2026-09-26 19:38:09,839 INFO COMBINED/no_dn fold 4: config 7 (lr=0.0001, dropout=0.5) epoca 44: train_loss=0.0018 val_loss=0.0965 val_BA=1.000 mejor_epoca=44
2026-09-26 19:38:20,799 INFO COMBINED/no_dn fold 4: config 7 (lr=0.0001, dropout=0.5) epoca 50: train_loss=0.0012 val_loss=0.0414 val_BA=0.889 mejor_epoca=44
2026-09-26 19:38:37,334 INFO COMBINED/no_dn fold 4 config 7: OK val_BA=1.000 mejor_epoca=44 (1.8 min)
2026-09-26 19:38:39,686 INFO COMBINED/no_dn fold 4: config 8 (lr=0.0003, dropout=0.3) epoca 1: train_loss=0.5346 val_loss=0.2847 val_BA=0.889 mejor_epoca=1
2026-09-26 19:38:45,193 INFO COMBINED/no_dn fold 4: config 8 (lr=0.0003, dropout=0.3) epoca 4: train_loss=0.2023 val_loss=0.4618 val_BA=1.000 mejor_epoca=4
2026-09-26 19:38:52,538 INFO COMBINED/no_dn fold 4: config 8 (lr=0.0003, dropout=0.3) epoca 8: train_loss=0.0708 val_loss=0.1902 val_BA=1.000 mejor_epoca=8
2026-09-26 19:38:56,214 INFO COMBINED/no_dn fold 4: config 8 (lr=0.0003, dropout=0.3) epoca 10: train_loss=0.0356 val_loss=0.0479 val_BA=0.944 mejor_epoca=8
2026-09-26 19:39:05,311 INFO COMBINED/no_dn fold 4: config 8 (lr=0.0003, dropout=0.3) epoca 15: train_loss=0.0081 val_loss=0.1442 val_BA=1.000 mejor_epoca=15
2026-09-26 19:39:14,333 INFO COMBINED/no_dn fold 4: config 8 (lr=0.0003, dropout=0.3) epoca 20: train_loss=0.0029 val_loss=0.0864 val_BA=0.778 mejor_epoca=15
2026-09-26 19:39:32,287 INFO COMBINED/no_dn fold 4: config 8 (lr=0.0003, dropout=0.3) epoca 30: train_loss=0.0016 val_loss=0.0652 val_BA=0.889 mejor_epoca=15
2026-09-26 19:39:32,310 INFO COMBINED/no_dn fold 4 config 8: OK val_BA=1.000 mejor_epoca=15 (0.9 min)
2026-09-26 19:39:34,422 INFO COMBINED/no_dn fold 4: config 9 (lr=0.0003, dropout=0.4) epoca 1: train_loss=0.5821 val_loss=0.4984 val_BA=0.944 mejor_epoca=1
2026-09-26 19:39:38,198 INFO COMBINED/no_dn fold 4: config 9 (lr=0.0003, dropout=0.4) epoca 3: train_loss=0.2640 val_loss=0.3542 val_BA=0.944 mejor_epoca=3
2026-09-26 19:39:41,957 INFO COMBINED/no_dn fold 4: config 9 (lr=0.0003, dropout=0.4) epoca 5: train_loss=0.1845 val_loss=0.2827 val_BA=0.944 mejor_epoca=5
2026-09-26 19:39:45,711 INFO COMBINED/no_dn fold 4: config 9 (lr=0.0003, dropout=0.4) epoca 7: train_loss=0.1049 val_loss=0.1215 val_BA=0.944 mejor_epoca=7
2026-09-26 19:39:47,590 INFO COMBINED/no_dn fold 4: config 9 (lr=0.0003, dropout=0.4) epoca 8: train_loss=0.0834 val_loss=0.0998 val_BA=0.944 mejor_epoca=8
2026-09-26 19:39:49,483 INFO COMBINED/no_dn fold 4: config 9 (lr=0.0003, dropout=0.4) epoca 9: train_loss=0.0629 val_loss=0.2287 val_BA=1.000 mejor_epoca=9
2026-09-26 19:39:51,376 INFO COMBINED/no_dn fold 4: config 9 (lr=0.0003, dropout=0.4) epoca 10: train_loss=0.0332 val_loss=0.0974 val_BA=1.000 mejor_epoca=10
2026-09-26 19:40:02,785 INFO COMBINED/no_dn fold 4: config 9 (lr=0.0003, dropout=0.4) epoca 16: train_loss=0.0104 val_loss=0.0835 val_BA=1.000 mejor_epoca=16
2026-09-26 19:40:10,372 INFO COMBINED/no_dn fold 4: config 9 (lr=0.0003, dropout=0.4) epoca 20: train_loss=0.0073 val_loss=0.0621 val_BA=0.889 mejor_epoca=16
2026-09-26 19:40:29,389 INFO COMBINED/no_dn fold 4: config 9 (lr=0.0003, dropout=0.4) epoca 30: train_loss=0.0022 val_loss=0.1037 val_BA=0.944 mejor_epoca=16
2026-09-26 19:40:31,323 INFO COMBINED/no_dn fold 4 config 9: OK val_BA=1.000 mejor_epoca=16 (1.0 min)
2026-09-26 19:40:33,695 INFO COMBINED/no_dn fold 4: config 10 (lr=0.0003, dropout=0.4) epoca 1: train_loss=0.5807 val_loss=0.3819 val_BA=0.899 mejor_epoca=1
2026-09-26 19:40:35,844 INFO COMBINED/no_dn fold 4: config 10 (lr=0.0003, dropout=0.4) epoca 2: train_loss=0.3869 val_loss=0.3243 val_BA=0.944 mejor_epoca=2
2026-09-26 19:40:46,606 INFO COMBINED/no_dn fold 4: config 10 (lr=0.0003, dropout=0.4) epoca 7: train_loss=0.1051 val_loss=0.0697 val_BA=0.944 mejor_epoca=7
2026-09-26 19:40:48,783 INFO COMBINED/no_dn fold 4: config 10 (lr=0.0003, dropout=0.4) epoca 8: train_loss=0.1230 val_loss=0.1822 val_BA=1.000 mejor_epoca=8
2026-09-26 19:40:53,195 INFO COMBINED/no_dn fold 4: config 10 (lr=0.0003, dropout=0.4) epoca 10: train_loss=0.0441 val_loss=0.0504 val_BA=0.944 mejor_epoca=8
2026-09-26 19:40:59,729 INFO COMBINED/no_dn fold 4: config 10 (lr=0.0003, dropout=0.4) epoca 13: train_loss=0.0416 val_loss=0.0474 val_BA=1.000 mejor_epoca=13
2026-09-26 19:41:15,226 INFO COMBINED/no_dn fold 4: config 10 (lr=0.0003, dropout=0.4) epoca 20: train_loss=0.0091 val_loss=0.0463 val_BA=0.833 mejor_epoca=13
2026-09-26 19:41:19,843 INFO COMBINED/no_dn fold 4: config 10 (lr=0.0003, dropout=0.4) epoca 22: train_loss=0.0154 val_loss=0.0325 val_BA=1.000 mejor_epoca=22
2026-09-26 19:41:38,310 INFO COMBINED/no_dn fold 4: config 10 (lr=0.0003, dropout=0.4) epoca 30: train_loss=0.0510 val_loss=0.0522 val_BA=0.833 mejor_epoca=22
2026-09-26 19:41:54,369 INFO COMBINED/no_dn fold 4 config 10: OK val_BA=1.000 mejor_epoca=22 (1.4 min)
2026-09-26 19:41:56,449 INFO COMBINED/no_dn fold 4: config 11 (lr=0.0003, dropout=0.5) epoca 1: train_loss=0.5991 val_loss=0.3355 val_BA=0.944 mejor_epoca=1
2026-09-26 19:42:05,751 INFO COMBINED/no_dn fold 4: config 11 (lr=0.0003, dropout=0.5) epoca 6: train_loss=0.1414 val_loss=0.1423 val_BA=0.944 mejor_epoca=6
2026-09-26 19:42:09,442 INFO COMBINED/no_dn fold 4: config 11 (lr=0.0003, dropout=0.5) epoca 8: train_loss=0.0842 val_loss=0.3626 val_BA=0.955 mejor_epoca=8
2026-09-26 19:42:11,285 INFO COMBINED/no_dn fold 4: config 11 (lr=0.0003, dropout=0.5) epoca 9: train_loss=0.0579 val_loss=0.1460 val_BA=1.000 mejor_epoca=9
2026-09-26 19:42:13,119 INFO COMBINED/no_dn fold 4: config 11 (lr=0.0003, dropout=0.5) epoca 10: train_loss=0.0322 val_loss=0.1013 val_BA=0.833 mejor_epoca=9
2026-09-26 19:42:29,995 INFO COMBINED/no_dn fold 4: config 11 (lr=0.0003, dropout=0.5) epoca 19: train_loss=0.0075 val_loss=0.1287 val_BA=1.000 mejor_epoca=19
2026-09-26 19:42:31,891 INFO COMBINED/no_dn fold 4: config 11 (lr=0.0003, dropout=0.5) epoca 20: train_loss=0.0043 val_loss=0.1035 val_BA=0.944 mejor_epoca=19
2026-09-26 19:42:50,735 INFO COMBINED/no_dn fold 4: config 11 (lr=0.0003, dropout=0.5) epoca 30: train_loss=0.0024 val_loss=0.0451 val_BA=0.889 mejor_epoca=19
2026-09-26 19:42:58,161 INFO COMBINED/no_dn fold 4 config 11: OK val_BA=1.000 mejor_epoca=19 (1.1 min)
2026-09-26 19:43:00,570 INFO COMBINED/no_dn fold 4: config 12 (lr=0.0003, dropout=0.5) epoca 1: train_loss=0.5283 val_loss=0.6781 val_BA=0.606 mejor_epoca=1
2026-09-26 19:43:02,533 INFO COMBINED/no_dn fold 4: config 12 (lr=0.0003, dropout=0.5) epoca 2: train_loss=0.3068 val_loss=0.3242 val_BA=0.611 mejor_epoca=2
2026-09-26 19:43:04,507 INFO COMBINED/no_dn fold 4: config 12 (lr=0.0003, dropout=0.5) epoca 3: train_loss=0.3164 val_loss=0.8285 val_BA=0.818 mejor_epoca=3
2026-09-26 19:43:06,470 INFO COMBINED/no_dn fold 4: config 12 (lr=0.0003, dropout=0.5) epoca 4: train_loss=0.2202 val_loss=0.2463 val_BA=0.944 mejor_epoca=4
2026-09-26 19:43:18,359 INFO COMBINED/no_dn fold 4: config 12 (lr=0.0003, dropout=0.5) epoca 10: train_loss=0.0319 val_loss=0.1917 val_BA=0.889 mejor_epoca=4
2026-09-26 19:43:22,331 INFO COMBINED/no_dn fold 4: config 12 (lr=0.0003, dropout=0.5) epoca 12: train_loss=0.0151 val_loss=0.0853 val_BA=0.944 mejor_epoca=12
2026-09-26 19:43:26,311 INFO COMBINED/no_dn fold 4: config 12 (lr=0.0003, dropout=0.5) epoca 14: train_loss=0.0147 val_loss=0.0793 val_BA=0.944 mejor_epoca=14
2026-09-26 19:43:28,267 INFO COMBINED/no_dn fold 4: config 12 (lr=0.0003, dropout=0.5) epoca 15: train_loss=0.0123 val_loss=0.0768 val_BA=0.944 mejor_epoca=15
2026-09-26 19:43:38,126 INFO COMBINED/no_dn fold 4: config 12 (lr=0.0003, dropout=0.5) epoca 20: train_loss=0.0108 val_loss=0.0442 val_BA=0.944 mejor_epoca=20
2026-09-26 19:43:57,585 INFO COMBINED/no_dn fold 4: config 12 (lr=0.0003, dropout=0.5) epoca 30: train_loss=0.0111 val_loss=0.0500 val_BA=0.944 mejor_epoca=20
2026-09-26 19:44:07,331 INFO COMBINED/no_dn fold 4 config 12: OK val_BA=0.944 mejor_epoca=20 (1.2 min)
2026-09-26 19:44:09,803 INFO COMBINED/no_dn fold 4: config 13 (lr=0.001, dropout=0.2) epoca 1: train_loss=0.7587 val_loss=0.3166 val_BA=0.944 mejor_epoca=1
2026-09-26 19:44:21,153 INFO COMBINED/no_dn fold 4: config 13 (lr=0.001, dropout=0.2) epoca 6: train_loss=0.2618 val_loss=0.2348 val_BA=0.944 mejor_epoca=6
2026-09-26 19:44:30,198 INFO COMBINED/no_dn fold 4: config 13 (lr=0.001, dropout=0.2) epoca 10: train_loss=0.1762 val_loss=0.1356 val_BA=0.778 mejor_epoca=6
2026-09-26 19:44:42,029 INFO COMBINED/no_dn fold 4: config 13 (lr=0.001, dropout=0.2) epoca 15: train_loss=0.0878 val_loss=0.0805 val_BA=0.944 mejor_epoca=15
2026-09-26 19:44:53,813 INFO COMBINED/no_dn fold 4: config 13 (lr=0.001, dropout=0.2) epoca 20: train_loss=0.0544 val_loss=0.0954 val_BA=0.833 mejor_epoca=15
2026-09-26 19:45:09,767 INFO COMBINED/no_dn fold 4: config 13 (lr=0.001, dropout=0.2) epoca 27: train_loss=0.0136 val_loss=0.1495 val_BA=1.000 mejor_epoca=27
2026-09-26 19:45:16,530 INFO COMBINED/no_dn fold 4: config 13 (lr=0.001, dropout=0.2) epoca 30: train_loss=0.0289 val_loss=0.1217 val_BA=0.833 mejor_epoca=27
2026-09-26 19:45:39,880 INFO COMBINED/no_dn fold 4: config 13 (lr=0.001, dropout=0.2) epoca 40: train_loss=0.0118 val_loss=0.1896 val_BA=0.833 mejor_epoca=27
2026-09-26 19:45:44,355 INFO COMBINED/no_dn fold 4 config 13: OK val_BA=1.000 mejor_epoca=27 (1.6 min)
2026-09-26 19:45:46,399 INFO COMBINED/no_dn fold 4: config 14 (lr=0.001, dropout=0.3) epoca 1: train_loss=0.4985 val_loss=0.1361 val_BA=0.611 mejor_epoca=1
2026-09-26 19:45:48,228 INFO COMBINED/no_dn fold 4: config 14 (lr=0.001, dropout=0.3) epoca 2: train_loss=0.3565 val_loss=0.1769 val_BA=0.778 mejor_epoca=2
2026-09-26 19:45:50,063 INFO COMBINED/no_dn fold 4: config 14 (lr=0.001, dropout=0.3) epoca 3: train_loss=0.3210 val_loss=0.1697 val_BA=0.833 mejor_epoca=3
2026-09-26 19:45:53,721 INFO COMBINED/no_dn fold 4: config 14 (lr=0.001, dropout=0.3) epoca 5: train_loss=0.2397 val_loss=0.4542 val_BA=0.843 mejor_epoca=5
2026-09-26 19:45:55,548 INFO COMBINED/no_dn fold 4: config 14 (lr=0.001, dropout=0.3) epoca 6: train_loss=0.1759 val_loss=0.1432 val_BA=0.944 mejor_epoca=6
2026-09-26 19:46:02,936 INFO COMBINED/no_dn fold 4: config 14 (lr=0.001, dropout=0.3) epoca 10: train_loss=0.1207 val_loss=0.1303 val_BA=0.778 mejor_epoca=6
2026-09-26 19:46:21,421 INFO COMBINED/no_dn fold 4: config 14 (lr=0.001, dropout=0.3) epoca 20: train_loss=0.0170 val_loss=0.1390 val_BA=0.833 mejor_epoca=6
2026-09-26 19:46:23,284 INFO COMBINED/no_dn fold 4 config 14: OK val_BA=0.944 mejor_epoca=6 (0.6 min)
2026-09-26 19:46:25,470 INFO COMBINED/no_dn fold 4: config 15 (lr=0.001, dropout=0.3) epoca 1: train_loss=0.5835 val_loss=0.1779 val_BA=0.833 mejor_epoca=1
2026-09-26 19:46:31,240 INFO COMBINED/no_dn fold 4: config 15 (lr=0.001, dropout=0.3) epoca 4: train_loss=0.2385 val_loss=0.1430 val_BA=0.889 mejor_epoca=4
2026-09-26 19:46:33,154 INFO COMBINED/no_dn fold 4: config 15 (lr=0.001, dropout=0.3) epoca 5: train_loss=0.2774 val_loss=0.8202 val_BA=0.899 mejor_epoca=5
2026-09-26 19:46:37,050 INFO COMBINED/no_dn fold 4: config 15 (lr=0.001, dropout=0.3) epoca 7: train_loss=0.1728 val_loss=0.3273 val_BA=1.000 mejor_epoca=7
2026-09-26 19:46:42,875 INFO COMBINED/no_dn fold 4: config 15 (lr=0.001, dropout=0.3) epoca 10: train_loss=0.1322 val_loss=0.0668 val_BA=0.833 mejor_epoca=7
2026-09-26 19:46:46,775 INFO COMBINED/no_dn fold 4: config 15 (lr=0.001, dropout=0.3) epoca 12: train_loss=0.0634 val_loss=0.2141 val_BA=1.000 mejor_epoca=12
2026-09-26 19:46:52,524 INFO COMBINED/no_dn fold 4: config 15 (lr=0.001, dropout=0.3) epoca 15: train_loss=0.0849 val_loss=0.1338 val_BA=1.000 mejor_epoca=15
2026-09-26 19:47:00,056 INFO COMBINED/no_dn fold 4: config 15 (lr=0.001, dropout=0.3) epoca 19: train_loss=0.0142 val_loss=0.1231 val_BA=1.000 mejor_epoca=19
2026-09-26 19:47:01,969 INFO COMBINED/no_dn fold 4: config 15 (lr=0.001, dropout=0.3) epoca 20: train_loss=0.0220 val_loss=0.1057 val_BA=0.889 mejor_epoca=19
2026-09-26 19:47:03,997 INFO COMBINED/no_dn fold 4: config 15 (lr=0.001, dropout=0.3) epoca 21: train_loss=0.0139 val_loss=0.0781 val_BA=1.000 mejor_epoca=21
2026-09-26 19:47:21,444 INFO COMBINED/no_dn fold 4: config 15 (lr=0.001, dropout=0.3) epoca 30: train_loss=0.0146 val_loss=0.0868 val_BA=0.944 mejor_epoca=21
2026-09-26 19:47:33,004 INFO COMBINED/no_dn fold 4 config 15: OK val_BA=1.000 mejor_epoca=21 (1.2 min)
2026-09-26 19:47:35,417 INFO COMBINED/no_dn fold 4: config 16 (lr=0.001, dropout=0.4) epoca 1: train_loss=0.6320 val_loss=0.2418 val_BA=0.500 mejor_epoca=1
2026-09-26 19:47:37,630 INFO COMBINED/no_dn fold 4: config 16 (lr=0.001, dropout=0.4) epoca 2: train_loss=0.4448 val_loss=0.1405 val_BA=0.778 mejor_epoca=2
2026-09-26 19:47:42,108 INFO COMBINED/no_dn fold 4: config 16 (lr=0.001, dropout=0.4) epoca 4: train_loss=0.3526 val_loss=0.3117 val_BA=0.788 mejor_epoca=4
2026-09-26 19:47:46,597 INFO COMBINED/no_dn fold 4: config 16 (lr=0.001, dropout=0.4) epoca 6: train_loss=0.3281 val_loss=0.4346 val_BA=0.899 mejor_epoca=6
2026-09-26 19:47:55,383 INFO COMBINED/no_dn fold 4: config 16 (lr=0.001, dropout=0.4) epoca 10: train_loss=0.1572 val_loss=0.2446 val_BA=0.833 mejor_epoca=6
2026-09-26 19:48:17,354 INFO COMBINED/no_dn fold 4: config 16 (lr=0.001, dropout=0.4) epoca 20: train_loss=0.0630 val_loss=0.2228 val_BA=0.889 mejor_epoca=6
2026-09-26 19:48:19,494 INFO COMBINED/no_dn fold 4: config 16 (lr=0.001, dropout=0.4) epoca 21: train_loss=0.0308 val_loss=0.0834 val_BA=1.000 mejor_epoca=21
2026-09-26 19:48:39,031 INFO COMBINED/no_dn fold 4: config 16 (lr=0.001, dropout=0.4) epoca 30: train_loss=0.0303 val_loss=0.1845 val_BA=0.833 mejor_epoca=21
2026-09-26 19:48:52,189 INFO COMBINED/no_dn fold 4 config 16: OK val_BA=1.000 mejor_epoca=21 (1.3 min)
2026-09-26 19:48:54,367 INFO COMBINED/no_dn fold 4: config 17 (lr=0.001, dropout=0.5) epoca 1: train_loss=0.6107 val_loss=0.2915 val_BA=0.889 mejor_epoca=1
2026-09-26 19:48:56,329 INFO COMBINED/no_dn fold 4: config 17 (lr=0.001, dropout=0.5) epoca 2: train_loss=0.4028 val_loss=0.1955 val_BA=0.944 mejor_epoca=2
2026-09-26 19:49:12,126 INFO COMBINED/no_dn fold 4: config 17 (lr=0.001, dropout=0.5) epoca 10: train_loss=0.1817 val_loss=0.2706 val_BA=0.944 mejor_epoca=2
2026-09-26 19:49:21,984 INFO COMBINED/no_dn fold 4: config 17 (lr=0.001, dropout=0.5) epoca 15: train_loss=0.0921 val_loss=0.1671 val_BA=0.944 mejor_epoca=15
2026-09-26 19:49:31,807 INFO COMBINED/no_dn fold 4: config 17 (lr=0.001, dropout=0.5) epoca 20: train_loss=0.0426 val_loss=0.2525 val_BA=0.889 mejor_epoca=15
2026-09-26 19:49:41,714 INFO COMBINED/no_dn fold 4: config 17 (lr=0.001, dropout=0.5) epoca 25: train_loss=0.0193 val_loss=0.1029 val_BA=0.944 mejor_epoca=25
2026-09-26 19:49:51,625 INFO COMBINED/no_dn fold 4: config 17 (lr=0.001, dropout=0.5) epoca 30: train_loss=0.0060 val_loss=0.2210 val_BA=0.889 mejor_epoca=25
2026-09-26 19:50:10,969 INFO COMBINED/no_dn fold 4: config 17 (lr=0.001, dropout=0.5) epoca 40: train_loss=0.0068 val_loss=0.1769 val_BA=0.889 mejor_epoca=25
2026-09-26 19:50:10,994 INFO COMBINED/no_dn fold 4 config 17: OK val_BA=0.944 mejor_epoca=25 (1.3 min)
2026-09-26 19:50:13,047 INFO COMBINED/no_dn fold 4: config 18 (lr=0.001, dropout=0.5) epoca 1: train_loss=0.6398 val_loss=0.4397 val_BA=0.611 mejor_epoca=1
2026-09-26 19:50:14,887 INFO COMBINED/no_dn fold 4: config 18 (lr=0.001, dropout=0.5) epoca 2: train_loss=0.4606 val_loss=0.4080 val_BA=1.000 mejor_epoca=2
2026-09-26 19:50:25,873 INFO COMBINED/no_dn fold 4: config 18 (lr=0.001, dropout=0.5) epoca 8: train_loss=0.1604 val_loss=0.3848 val_BA=1.000 mejor_epoca=8
2026-09-26 19:50:29,529 INFO COMBINED/no_dn fold 4: config 18 (lr=0.001, dropout=0.5) epoca 10: train_loss=0.1285 val_loss=0.5501 val_BA=0.944 mejor_epoca=8
2026-09-26 19:50:36,880 INFO COMBINED/no_dn fold 4: config 18 (lr=0.001, dropout=0.5) epoca 14: train_loss=0.0656 val_loss=0.0233 val_BA=1.000 mejor_epoca=14
2026-09-26 19:50:48,033 INFO COMBINED/no_dn fold 4: config 18 (lr=0.001, dropout=0.5) epoca 20: train_loss=0.0202 val_loss=0.0406 val_BA=0.944 mejor_epoca=14
2026-09-26 19:51:04,413 INFO COMBINED/no_dn fold 4 config 18: OK val_BA=1.000 mejor_epoca=14 (0.9 min)
2026-09-26 19:51:06,474 INFO COMBINED/no_dn fold 4: config 19 (lr=0.001, dropout=0.5) epoca 1: train_loss=0.6540 val_loss=0.2232 val_BA=0.500 mejor_epoca=1
2026-09-26 19:51:08,318 INFO COMBINED/no_dn fold 4: config 19 (lr=0.001, dropout=0.5) epoca 2: train_loss=0.4690 val_loss=0.1933 val_BA=0.944 mejor_epoca=2
2026-09-26 19:51:13,874 INFO COMBINED/no_dn fold 4: config 19 (lr=0.001, dropout=0.5) epoca 5: train_loss=0.2399 val_loss=0.4212 val_BA=1.000 mejor_epoca=5
2026-09-26 19:51:19,393 INFO COMBINED/no_dn fold 4: config 19 (lr=0.001, dropout=0.5) epoca 8: train_loss=0.1727 val_loss=0.3145 val_BA=1.000 mejor_epoca=8
2026-09-26 19:51:23,067 INFO COMBINED/no_dn fold 4: config 19 (lr=0.001, dropout=0.5) epoca 10: train_loss=0.1085 val_loss=0.7445 val_BA=1.000 mejor_epoca=8
2026-09-26 19:51:41,485 INFO COMBINED/no_dn fold 4: config 19 (lr=0.001, dropout=0.5) epoca 20: train_loss=0.0104 val_loss=0.1182 val_BA=0.833 mejor_epoca=8
2026-09-26 19:51:47,027 INFO COMBINED/no_dn fold 4 config 19: OK val_BA=1.000 mejor_epoca=8 (0.7 min)
2026-09-26 19:51:48,281 INFO COMBINED/no_dn: configuracion global 4 (decidida por balanced_accuracy_mean), BA folds=0.966±0.048 agrupada=0.964 [COMPLETED]
2026-09-26 19:51:48,291 INFO preparando COMBINED/dn (rama dn, augment=False, protocolo holdout_cv_v3)
2026-09-26 19:51:49,168 INFO log-mel COMBINED/cv/fold_00/dn: 500/4902
2026-09-26 19:51:49,779 INFO log-mel COMBINED/cv/fold_00/dn: 1000/4902
2026-09-26 19:51:50,385 INFO log-mel COMBINED/cv/fold_00/dn: 1500/4902
2026-09-26 19:51:50,994 INFO log-mel COMBINED/cv/fold_00/dn: 2000/4902
2026-09-26 19:51:51,610 INFO log-mel COMBINED/cv/fold_00/dn: 2500/4902
2026-09-26 19:51:52,218 INFO log-mel COMBINED/cv/fold_00/dn: 3000/4902
2026-09-26 19:51:52,821 INFO log-mel COMBINED/cv/fold_00/dn: 3500/4902
2026-09-26 19:51:53,424 INFO log-mel COMBINED/cv/fold_00/dn: 4000/4902
2026-09-26 19:51:54,034 INFO log-mel COMBINED/cv/fold_00/dn: 4500/4902
2026-09-26 19:51:54,521 INFO log-mel COMBINED/cv/fold_00/dn: 4902/4902
2026-09-26 19:51:55,468 INFO COMBINED/dn fold 0: log-mel dn listo en 7.1 s, forma (4902, 1, 64, 309)
2026-09-26 19:51:55,483 INFO COMBINED/dn fold 0: 84/22 pacientes train/validation, 20 de 20 configuracion(es) por evaluar
2026-09-26 19:51:58,248 INFO COMBINED/dn fold 0: config 0 (lr=0.0001, dropout=0.3) epoca 1: train_loss=0.5479 val_loss=0.3831 val_BA=0.750 mejor_epoca=1
2026-09-26 19:52:00,728 INFO COMBINED/dn fold 0: config 0 (lr=0.0001, dropout=0.3) epoca 2: train_loss=0.3793 val_loss=0.1446 val_BA=0.850 mejor_epoca=2
2026-09-26 19:52:18,117 INFO COMBINED/dn fold 0: config 0 (lr=0.0001, dropout=0.3) epoca 9: train_loss=0.0561 val_loss=0.1182 val_BA=0.867 mejor_epoca=9
2026-09-26 19:52:20,646 INFO COMBINED/dn fold 0: config 0 (lr=0.0001, dropout=0.3) epoca 10: train_loss=0.0411 val_loss=0.1489 val_BA=0.908 mejor_epoca=10
2026-09-26 19:52:43,077 INFO COMBINED/dn fold 0: config 0 (lr=0.0001, dropout=0.3) epoca 19: train_loss=0.0066 val_loss=0.1285 val_BA=0.908 mejor_epoca=19
2026-09-26 19:52:45,665 INFO COMBINED/dn fold 0: config 0 (lr=0.0001, dropout=0.3) epoca 20: train_loss=0.0020 val_loss=0.2114 val_BA=0.858 mejor_epoca=19
2026-09-26 19:53:11,387 INFO COMBINED/dn fold 0: config 0 (lr=0.0001, dropout=0.3) epoca 30: train_loss=0.0017 val_loss=0.1788 val_BA=0.808 mejor_epoca=19
2026-09-26 19:53:21,593 INFO COMBINED/dn fold 0 config 0: OK val_BA=0.908 mejor_epoca=19 (1.4 min)
2026-09-26 19:53:23,850 INFO COMBINED/dn fold 0: config 1 (lr=0.0001, dropout=0.3) epoca 1: train_loss=0.6039 val_loss=0.6059 val_BA=0.750 mejor_epoca=1
2026-09-26 19:53:29,780 INFO COMBINED/dn fold 0: config 1 (lr=0.0001, dropout=0.3) epoca 4: train_loss=0.2880 val_loss=0.4254 val_BA=0.950 mejor_epoca=4
2026-09-26 19:53:31,767 INFO COMBINED/dn fold 0: config 1 (lr=0.0001, dropout=0.3) epoca 5: train_loss=0.2159 val_loss=0.3949 val_BA=1.000 mejor_epoca=5
2026-09-26 19:53:41,641 INFO COMBINED/dn fold 0: config 1 (lr=0.0001, dropout=0.3) epoca 10: train_loss=0.0585 val_loss=0.2317 val_BA=0.550 mejor_epoca=5
2026-09-26 19:54:01,371 INFO COMBINED/dn fold 0: config 1 (lr=0.0001, dropout=0.3) epoca 20: train_loss=0.0108 val_loss=0.1477 val_BA=0.858 mejor_epoca=5
2026-09-26 19:54:01,397 INFO COMBINED/dn fold 0 config 1: OK val_BA=1.000 mejor_epoca=5 (0.7 min)
2026-09-26 19:54:03,825 INFO COMBINED/dn fold 0: config 2 (lr=0.0001, dropout=0.4) epoca 1: train_loss=0.5682 val_loss=0.4200 val_BA=0.758 mejor_epoca=1
2026-09-26 19:54:05,944 INFO COMBINED/dn fold 0: config 2 (lr=0.0001, dropout=0.4) epoca 2: train_loss=0.4140 val_loss=0.4057 val_BA=0.875 mejor_epoca=2
2026-09-26 19:54:20,814 INFO COMBINED/dn fold 0: config 2 (lr=0.0001, dropout=0.4) epoca 9: train_loss=0.0444 val_loss=0.1418 val_BA=0.908 mejor_epoca=9
2026-09-26 19:54:22,949 INFO COMBINED/dn fold 0: config 2 (lr=0.0001, dropout=0.4) epoca 10: train_loss=0.0287 val_loss=0.1839 val_BA=0.808 mejor_epoca=9
2026-09-26 19:54:35,683 INFO COMBINED/dn fold 0: config 2 (lr=0.0001, dropout=0.4) epoca 16: train_loss=0.0092 val_loss=0.3010 val_BA=0.958 mejor_epoca=16
2026-09-26 19:54:42,069 INFO COMBINED/dn fold 0: config 2 (lr=0.0001, dropout=0.4) epoca 19: train_loss=0.0064 val_loss=0.1815 val_BA=0.958 mejor_epoca=19
2026-09-26 19:54:44,163 INFO COMBINED/dn fold 0: config 2 (lr=0.0001, dropout=0.4) epoca 20: train_loss=0.0060 val_loss=0.3056 val_BA=0.858 mejor_epoca=19
2026-09-26 19:55:04,179 INFO COMBINED/dn fold 0: config 2 (lr=0.0001, dropout=0.4) epoca 30: train_loss=0.0035 val_loss=0.1845 val_BA=0.908 mejor_epoca=19
2026-09-26 19:55:12,113 INFO COMBINED/dn fold 0 config 2: OK val_BA=0.958 mejor_epoca=19 (1.2 min)
2026-09-26 19:55:14,604 INFO COMBINED/dn fold 0: config 3 (lr=0.0001, dropout=0.4) epoca 1: train_loss=0.6345 val_loss=0.3021 val_BA=0.800 mejor_epoca=1
2026-09-26 19:55:19,141 INFO COMBINED/dn fold 0: config 3 (lr=0.0001, dropout=0.4) epoca 3: train_loss=0.3610 val_loss=0.2510 val_BA=0.908 mejor_epoca=3
2026-09-26 19:55:23,685 INFO COMBINED/dn fold 0: config 3 (lr=0.0001, dropout=0.4) epoca 5: train_loss=0.2095 val_loss=0.6786 val_BA=0.917 mejor_epoca=5
2026-09-26 19:55:35,092 INFO COMBINED/dn fold 0: config 3 (lr=0.0001, dropout=0.4) epoca 10: train_loss=0.1013 val_loss=0.1720 val_BA=0.908 mejor_epoca=5
2026-09-26 19:55:37,443 INFO COMBINED/dn fold 0: config 3 (lr=0.0001, dropout=0.4) epoca 11: train_loss=0.0334 val_loss=0.1804 val_BA=0.958 mejor_epoca=11
2026-09-26 19:55:58,378 INFO COMBINED/dn fold 0: config 3 (lr=0.0001, dropout=0.4) epoca 20: train_loss=0.0080 val_loss=0.1952 val_BA=0.708 mejor_epoca=11
2026-09-26 19:56:05,339 INFO COMBINED/dn fold 0: config 3 (lr=0.0001, dropout=0.4) epoca 23: train_loss=0.0032 val_loss=0.1369 val_BA=0.958 mejor_epoca=23
2026-09-26 19:56:21,410 INFO COMBINED/dn fold 0: config 3 (lr=0.0001, dropout=0.4) epoca 30: train_loss=0.0060 val_loss=0.2112 val_BA=0.917 mejor_epoca=23
2026-09-26 19:56:39,799 INFO COMBINED/dn fold 0 config 3: OK val_BA=0.958 mejor_epoca=23 (1.5 min)
2026-09-26 19:56:42,023 INFO COMBINED/dn fold 0: config 4 (lr=0.0001, dropout=0.4) epoca 1: train_loss=0.5794 val_loss=0.5146 val_BA=0.917 mejor_epoca=1
2026-09-26 19:57:00,073 INFO COMBINED/dn fold 0: config 4 (lr=0.0001, dropout=0.4) epoca 10: train_loss=0.0430 val_loss=0.1151 val_BA=0.767 mejor_epoca=1
2026-09-26 19:57:10,088 INFO COMBINED/dn fold 0: config 4 (lr=0.0001, dropout=0.4) epoca 15: train_loss=0.0186 val_loss=0.1196 val_BA=0.917 mejor_epoca=15
2026-09-26 19:57:20,169 INFO COMBINED/dn fold 0: config 4 (lr=0.0001, dropout=0.4) epoca 20: train_loss=0.0071 val_loss=0.1739 val_BA=0.917 mejor_epoca=15
2026-09-26 19:57:26,286 INFO COMBINED/dn fold 0: config 4 (lr=0.0001, dropout=0.4) epoca 23: train_loss=0.0042 val_loss=0.1544 val_BA=0.958 mejor_epoca=23
2026-09-26 19:57:40,560 INFO COMBINED/dn fold 0: config 4 (lr=0.0001, dropout=0.4) epoca 30: train_loss=0.0021 val_loss=0.1262 val_BA=0.908 mejor_epoca=23
2026-09-26 19:57:56,805 INFO COMBINED/dn fold 0 config 4: OK val_BA=0.958 mejor_epoca=23 (1.3 min)
2026-09-26 19:57:59,281 INFO COMBINED/dn fold 0: config 5 (lr=0.0001, dropout=0.4) epoca 1: train_loss=0.5853 val_loss=0.3360 val_BA=0.800 mejor_epoca=1
2026-09-26 19:58:03,094 INFO COMBINED/dn fold 0: config 5 (lr=0.0001, dropout=0.4) epoca 3: train_loss=0.3568 val_loss=0.4093 val_BA=0.950 mejor_epoca=3
2026-09-26 19:58:12,722 INFO COMBINED/dn fold 0: config 5 (lr=0.0001, dropout=0.4) epoca 8: train_loss=0.0619 val_loss=0.2318 val_BA=0.958 mejor_epoca=8
2026-09-26 19:58:16,593 INFO COMBINED/dn fold 0: config 5 (lr=0.0001, dropout=0.4) epoca 10: train_loss=0.0350 val_loss=0.2147 val_BA=0.958 mejor_epoca=10
2026-09-26 19:58:20,491 INFO COMBINED/dn fold 0: config 5 (lr=0.0001, dropout=0.4) epoca 12: train_loss=0.0219 val_loss=0.1711 val_BA=0.958 mejor_epoca=12
2026-09-26 19:58:36,224 INFO COMBINED/dn fold 0: config 5 (lr=0.0001, dropout=0.4) epoca 20: train_loss=0.0072 val_loss=0.1775 val_BA=0.908 mejor_epoca=12
2026-09-26 19:58:40,135 INFO COMBINED/dn fold 0: config 5 (lr=0.0001, dropout=0.4) epoca 22: train_loss=0.0058 val_loss=0.1645 val_BA=0.958 mejor_epoca=22
2026-09-26 19:58:42,092 INFO COMBINED/dn fold 0: config 5 (lr=0.0001, dropout=0.4) epoca 23: train_loss=0.0053 val_loss=0.1487 val_BA=0.958 mejor_epoca=23
2026-09-26 19:58:55,863 INFO COMBINED/dn fold 0: config 5 (lr=0.0001, dropout=0.4) epoca 30: train_loss=0.0041 val_loss=0.1381 val_BA=0.858 mejor_epoca=23
2026-09-26 19:59:11,578 INFO COMBINED/dn fold 0 config 5: OK val_BA=0.958 mejor_epoca=23 (1.2 min)
2026-09-26 19:59:14,330 INFO COMBINED/dn fold 0: config 6 (lr=0.0001, dropout=0.5) epoca 1: train_loss=0.6029 val_loss=0.2204 val_BA=0.500 mejor_epoca=1
2026-09-26 19:59:16,828 INFO COMBINED/dn fold 0: config 6 (lr=0.0001, dropout=0.5) epoca 2: train_loss=0.4066 val_loss=0.3888 val_BA=0.833 mejor_epoca=2
2026-09-26 19:59:19,326 INFO COMBINED/dn fold 0: config 6 (lr=0.0001, dropout=0.5) epoca 3: train_loss=0.3247 val_loss=0.1692 val_BA=0.908 mejor_epoca=3
2026-09-26 19:59:24,355 INFO COMBINED/dn fold 0: config 6 (lr=0.0001, dropout=0.5) epoca 5: train_loss=0.2102 val_loss=0.3687 val_BA=0.917 mejor_epoca=5
2026-09-26 19:59:36,670 INFO COMBINED/dn fold 0: config 6 (lr=0.0001, dropout=0.5) epoca 10: train_loss=0.0558 val_loss=0.1573 val_BA=0.758 mejor_epoca=5
2026-09-26 19:59:41,670 INFO COMBINED/dn fold 0: config 6 (lr=0.0001, dropout=0.5) epoca 12: train_loss=0.0360 val_loss=0.1007 val_BA=0.958 mejor_epoca=12
2026-09-26 20:00:02,211 INFO COMBINED/dn fold 0: config 6 (lr=0.0001, dropout=0.5) epoca 20: train_loss=0.0079 val_loss=0.1923 val_BA=0.758 mejor_epoca=12
2026-09-26 20:00:20,017 INFO COMBINED/dn fold 0 config 6: OK val_BA=0.958 mejor_epoca=12 (1.1 min)
2026-09-26 20:00:22,315 INFO COMBINED/dn fold 0: config 7 (lr=0.0001, dropout=0.5) epoca 1: train_loss=0.6301 val_loss=0.5040 val_BA=0.783 mejor_epoca=1
2026-09-26 20:00:24,290 INFO COMBINED/dn fold 0: config 7 (lr=0.0001, dropout=0.5) epoca 2: train_loss=0.4867 val_loss=0.5717 val_BA=0.825 mejor_epoca=2
2026-09-26 20:00:38,496 INFO COMBINED/dn fold 0: config 7 (lr=0.0001, dropout=0.5) epoca 9: train_loss=0.0831 val_loss=0.2592 val_BA=0.908 mejor_epoca=9
2026-09-26 20:00:40,515 INFO COMBINED/dn fold 0: config 7 (lr=0.0001, dropout=0.5) epoca 10: train_loss=0.0603 val_loss=0.2312 val_BA=0.650 mejor_epoca=9
2026-09-26 20:00:50,773 INFO COMBINED/dn fold 0: config 7 (lr=0.0001, dropout=0.5) epoca 15: train_loss=0.0199 val_loss=0.2005 val_BA=0.908 mejor_epoca=15
2026-09-26 20:01:00,992 INFO COMBINED/dn fold 0: config 7 (lr=0.0001, dropout=0.5) epoca 20: train_loss=0.0096 val_loss=0.1709 val_BA=0.808 mejor_epoca=15
2026-09-26 20:01:11,151 INFO COMBINED/dn fold 0: config 7 (lr=0.0001, dropout=0.5) epoca 25: train_loss=0.0061 val_loss=0.1948 val_BA=0.908 mejor_epoca=25
2026-09-26 20:01:15,215 INFO COMBINED/dn fold 0: config 7 (lr=0.0001, dropout=0.5) epoca 27: train_loss=0.0053 val_loss=0.2541 val_BA=0.958 mejor_epoca=27
2026-09-26 20:01:21,289 INFO COMBINED/dn fold 0: config 7 (lr=0.0001, dropout=0.5) epoca 30: train_loss=0.0050 val_loss=0.1823 val_BA=0.708 mejor_epoca=27
2026-09-26 20:01:41,792 INFO COMBINED/dn fold 0: config 7 (lr=0.0001, dropout=0.5) epoca 40: train_loss=0.0043 val_loss=0.2114 val_BA=0.758 mejor_epoca=27
2026-09-26 20:01:45,889 INFO COMBINED/dn fold 0: config 7 (lr=0.0001, dropout=0.5) epoca 42: train_loss=0.0030 val_loss=0.1976 val_BA=0.958 mejor_epoca=42
2026-09-26 20:02:01,821 INFO COMBINED/dn fold 0: config 7 (lr=0.0001, dropout=0.5) epoca 50: train_loss=0.0026 val_loss=0.4307 val_BA=0.500 mejor_epoca=42
2026-09-26 20:02:15,848 INFO COMBINED/dn fold 0 config 7: OK val_BA=0.958 mejor_epoca=42 (1.9 min)
2026-09-26 20:02:18,158 INFO COMBINED/dn fold 0: config 8 (lr=0.0003, dropout=0.3) epoca 1: train_loss=0.5331 val_loss=0.3138 val_BA=0.900 mejor_epoca=1
2026-09-26 20:02:22,053 INFO COMBINED/dn fold 0: config 8 (lr=0.0003, dropout=0.3) epoca 3: train_loss=0.2737 val_loss=0.2812 val_BA=0.950 mejor_epoca=3
2026-09-26 20:02:35,519 INFO COMBINED/dn fold 0: config 8 (lr=0.0003, dropout=0.3) epoca 10: train_loss=0.0349 val_loss=0.1843 val_BA=0.917 mejor_epoca=3
2026-09-26 20:02:54,688 INFO COMBINED/dn fold 0: config 8 (lr=0.0003, dropout=0.3) epoca 20: train_loss=0.0055 val_loss=0.3350 val_BA=0.917 mejor_epoca=3
2026-09-26 20:02:54,712 INFO COMBINED/dn fold 0 config 8: OK val_BA=0.950 mejor_epoca=3 (0.6 min)
2026-09-26 20:02:57,025 INFO COMBINED/dn fold 0: config 9 (lr=0.0003, dropout=0.4) epoca 1: train_loss=0.5830 val_loss=0.2685 val_BA=0.900 mejor_epoca=1
2026-09-26 20:02:59,052 INFO COMBINED/dn fold 0: config 9 (lr=0.0003, dropout=0.4) epoca 2: train_loss=0.4237 val_loss=0.2969 val_BA=0.917 mejor_epoca=2
2026-09-26 20:03:03,124 INFO COMBINED/dn fold 0: config 9 (lr=0.0003, dropout=0.4) epoca 4: train_loss=0.2540 val_loss=0.2407 val_BA=0.917 mejor_epoca=4
2026-09-26 20:03:15,529 INFO COMBINED/dn fold 0: config 9 (lr=0.0003, dropout=0.4) epoca 10: train_loss=0.0492 val_loss=0.2431 val_BA=0.958 mejor_epoca=10
2026-09-26 20:03:19,543 INFO COMBINED/dn fold 0: config 9 (lr=0.0003, dropout=0.4) epoca 12: train_loss=0.0182 val_loss=0.1797 val_BA=0.958 mejor_epoca=12
2026-09-26 20:03:29,397 INFO COMBINED/dn fold 0: config 9 (lr=0.0003, dropout=0.4) epoca 17: train_loss=0.0068 val_loss=0.1275 val_BA=1.000 mejor_epoca=17
2026-09-26 20:03:35,301 INFO COMBINED/dn fold 0: config 9 (lr=0.0003, dropout=0.4) epoca 20: train_loss=0.0046 val_loss=0.1971 val_BA=0.958 mejor_epoca=17
2026-09-26 20:03:55,061 INFO COMBINED/dn fold 0: config 9 (lr=0.0003, dropout=0.4) epoca 30: train_loss=0.0044 val_loss=0.1678 val_BA=0.800 mejor_epoca=17
2026-09-26 20:03:59,032 INFO COMBINED/dn fold 0 config 9: OK val_BA=1.000 mejor_epoca=17 (1.1 min)
2026-09-26 20:04:01,562 INFO COMBINED/dn fold 0: config 10 (lr=0.0003, dropout=0.4) epoca 1: train_loss=0.5759 val_loss=0.6351 val_BA=0.917 mejor_epoca=1
2026-09-26 20:04:03,835 INFO COMBINED/dn fold 0: config 10 (lr=0.0003, dropout=0.4) epoca 2: train_loss=0.4189 val_loss=0.3096 val_BA=1.000 mejor_epoca=2
2026-09-26 20:04:19,938 INFO COMBINED/dn fold 0: config 10 (lr=0.0003, dropout=0.4) epoca 9: train_loss=0.1024 val_loss=0.1602 val_BA=1.000 mejor_epoca=9
2026-09-26 20:04:22,259 INFO COMBINED/dn fold 0: config 10 (lr=0.0003, dropout=0.4) epoca 10: train_loss=0.1078 val_loss=0.1431 val_BA=0.800 mejor_epoca=9
2026-09-26 20:04:45,918 INFO COMBINED/dn fold 0: config 10 (lr=0.0003, dropout=0.4) epoca 20: train_loss=0.0350 val_loss=0.2764 val_BA=0.858 mejor_epoca=9
2026-09-26 20:04:55,058 INFO COMBINED/dn fold 0 config 10: OK val_BA=1.000 mejor_epoca=9 (0.9 min)
2026-09-26 20:04:57,180 INFO COMBINED/dn fold 0: config 11 (lr=0.0003, dropout=0.5) epoca 1: train_loss=0.5980 val_loss=0.3284 val_BA=0.725 mejor_epoca=1
2026-09-26 20:04:59,062 INFO COMBINED/dn fold 0: config 11 (lr=0.0003, dropout=0.5) epoca 2: train_loss=0.4236 val_loss=0.6016 val_BA=0.775 mejor_epoca=2
2026-09-26 20:05:02,807 INFO COMBINED/dn fold 0: config 11 (lr=0.0003, dropout=0.5) epoca 4: train_loss=0.2598 val_loss=0.3472 val_BA=0.958 mejor_epoca=4
2026-09-26 20:05:14,040 INFO COMBINED/dn fold 0: config 11 (lr=0.0003, dropout=0.5) epoca 10: train_loss=0.0665 val_loss=0.1558 val_BA=0.850 mejor_epoca=4
2026-09-26 20:05:30,823 INFO COMBINED/dn fold 0: config 11 (lr=0.0003, dropout=0.5) epoca 19: train_loss=0.0061 val_loss=0.2467 val_BA=0.958 mejor_epoca=19
2026-09-26 20:05:32,682 INFO COMBINED/dn fold 0: config 11 (lr=0.0003, dropout=0.5) epoca 20: train_loss=0.0078 val_loss=0.1632 val_BA=0.858 mejor_epoca=19
2026-09-26 20:05:51,272 INFO COMBINED/dn fold 0: config 11 (lr=0.0003, dropout=0.5) epoca 30: train_loss=0.0016 val_loss=0.2298 val_BA=0.758 mejor_epoca=19
2026-09-26 20:05:58,663 INFO COMBINED/dn fold 0 config 11: OK val_BA=0.958 mejor_epoca=19 (1.1 min)
2026-09-26 20:06:00,779 INFO COMBINED/dn fold 0: config 12 (lr=0.0003, dropout=0.5) epoca 1: train_loss=0.6290 val_loss=0.4994 val_BA=0.733 mejor_epoca=1
2026-09-26 20:06:02,696 INFO COMBINED/dn fold 0: config 12 (lr=0.0003, dropout=0.5) epoca 2: train_loss=0.4643 val_loss=0.2769 val_BA=0.858 mejor_epoca=2
2026-09-26 20:06:06,536 INFO COMBINED/dn fold 0: config 12 (lr=0.0003, dropout=0.5) epoca 4: train_loss=0.2712 val_loss=0.1939 val_BA=0.917 mejor_epoca=4
2026-09-26 20:06:18,078 INFO COMBINED/dn fold 0: config 12 (lr=0.0003, dropout=0.5) epoca 10: train_loss=0.0719 val_loss=0.4401 val_BA=0.708 mejor_epoca=4
2026-09-26 20:06:27,661 INFO COMBINED/dn fold 0: config 12 (lr=0.0003, dropout=0.5) epoca 15: train_loss=0.0136 val_loss=0.2449 val_BA=0.958 mejor_epoca=15
2026-09-26 20:06:37,224 INFO COMBINED/dn fold 0: config 12 (lr=0.0003, dropout=0.5) epoca 20: train_loss=0.0056 val_loss=0.1874 val_BA=0.917 mejor_epoca=15
2026-09-26 20:06:52,534 INFO COMBINED/dn fold 0: config 12 (lr=0.0003, dropout=0.5) epoca 28: train_loss=0.0042 val_loss=0.1255 val_BA=1.000 mejor_epoca=28
2026-09-26 20:06:56,377 INFO COMBINED/dn fold 0: config 12 (lr=0.0003, dropout=0.5) epoca 30: train_loss=0.0030 val_loss=0.3791 val_BA=0.750 mejor_epoca=28
2026-09-26 20:07:15,489 INFO COMBINED/dn fold 0: config 12 (lr=0.0003, dropout=0.5) epoca 40: train_loss=0.0123 val_loss=0.3545 val_BA=0.917 mejor_epoca=28
2026-09-26 20:07:21,224 INFO COMBINED/dn fold 0 config 12: OK val_BA=1.000 mejor_epoca=28 (1.4 min)
2026-09-26 20:07:23,585 INFO COMBINED/dn fold 0: config 13 (lr=0.001, dropout=0.2) epoca 1: train_loss=0.7423 val_loss=0.4946 val_BA=0.717 mejor_epoca=1
2026-09-26 20:07:25,757 INFO COMBINED/dn fold 0: config 13 (lr=0.001, dropout=0.2) epoca 2: train_loss=0.5629 val_loss=0.3664 val_BA=0.817 mejor_epoca=2
2026-09-26 20:07:27,942 INFO COMBINED/dn fold 0: config 13 (lr=0.001, dropout=0.2) epoca 3: train_loss=0.3799 val_loss=0.4567 val_BA=0.958 mejor_epoca=3
2026-09-26 20:07:32,325 INFO COMBINED/dn fold 0: config 13 (lr=0.001, dropout=0.2) epoca 5: train_loss=0.3984 val_loss=0.3187 val_BA=0.958 mejor_epoca=5
2026-09-26 20:07:43,213 INFO COMBINED/dn fold 0: config 13 (lr=0.001, dropout=0.2) epoca 10: train_loss=0.2180 val_loss=0.4338 val_BA=0.958 mejor_epoca=5
2026-09-26 20:08:00,557 INFO COMBINED/dn fold 0: config 13 (lr=0.001, dropout=0.2) epoca 18: train_loss=0.1285 val_loss=0.3039 val_BA=1.000 mejor_epoca=18
2026-09-26 20:08:04,883 INFO COMBINED/dn fold 0: config 13 (lr=0.001, dropout=0.2) epoca 20: train_loss=0.0706 val_loss=0.1485 val_BA=0.950 mejor_epoca=18
2026-09-26 20:08:26,749 INFO COMBINED/dn fold 0: config 13 (lr=0.001, dropout=0.2) epoca 30: train_loss=0.0144 val_loss=0.1816 val_BA=0.950 mejor_epoca=18
2026-09-26 20:08:33,290 INFO COMBINED/dn fold 0 config 13: OK val_BA=1.000 mejor_epoca=18 (1.2 min)
2026-09-26 20:08:35,325 INFO COMBINED/dn fold 0: config 14 (lr=0.001, dropout=0.3) epoca 1: train_loss=0.5742 val_loss=0.4343 val_BA=0.958 mejor_epoca=1
2026-09-26 20:08:40,833 INFO COMBINED/dn fold 0: config 14 (lr=0.001, dropout=0.3) epoca 4: train_loss=0.3679 val_loss=0.3338 val_BA=1.000 mejor_epoca=4
2026-09-26 20:08:51,840 INFO COMBINED/dn fold 0: config 14 (lr=0.001, dropout=0.3) epoca 10: train_loss=0.1580 val_loss=0.2325 val_BA=0.700 mejor_epoca=4
2026-09-26 20:08:53,674 INFO COMBINED/dn fold 0: config 14 (lr=0.001, dropout=0.3) epoca 11: train_loss=0.1412 val_loss=0.1690 val_BA=1.000 mejor_epoca=11
2026-09-26 20:09:10,217 INFO COMBINED/dn fold 0: config 14 (lr=0.001, dropout=0.3) epoca 20: train_loss=0.0196 val_loss=0.2612 val_BA=0.908 mejor_epoca=11
2026-09-26 20:09:21,262 INFO COMBINED/dn fold 0 config 14: OK val_BA=1.000 mejor_epoca=11 (0.8 min)
2026-09-26 20:09:23,385 INFO COMBINED/dn fold 0: config 15 (lr=0.001, dropout=0.3) epoca 1: train_loss=0.5990 val_loss=1.1582 val_BA=0.500 mejor_epoca=1
2026-09-26 20:09:25,299 INFO COMBINED/dn fold 0: config 15 (lr=0.001, dropout=0.3) epoca 2: train_loss=0.4641 val_loss=0.4363 val_BA=0.908 mejor_epoca=2
2026-09-26 20:09:29,151 INFO COMBINED/dn fold 0: config 15 (lr=0.001, dropout=0.3) epoca 4: train_loss=0.3767 val_loss=0.2071 val_BA=1.000 mejor_epoca=4
2026-09-26 20:09:40,688 INFO COMBINED/dn fold 0: config 15 (lr=0.001, dropout=0.3) epoca 10: train_loss=0.1597 val_loss=0.1293 val_BA=0.900 mejor_epoca=4
2026-09-26 20:09:42,606 INFO COMBINED/dn fold 0: config 15 (lr=0.001, dropout=0.3) epoca 11: train_loss=0.1252 val_loss=0.2007 val_BA=1.000 mejor_epoca=11
2026-09-26 20:09:59,892 INFO COMBINED/dn fold 0: config 15 (lr=0.001, dropout=0.3) epoca 20: train_loss=0.0271 val_loss=0.1804 val_BA=0.950 mejor_epoca=11
2026-09-26 20:10:11,365 INFO COMBINED/dn fold 0 config 15: OK val_BA=1.000 mejor_epoca=11 (0.8 min)
2026-09-26 20:10:13,764 INFO COMBINED/dn fold 0: config 16 (lr=0.001, dropout=0.4) epoca 1: train_loss=0.6052 val_loss=0.3534 val_BA=0.950 mejor_epoca=1
2026-09-26 20:10:15,945 INFO COMBINED/dn fold 0: config 16 (lr=0.001, dropout=0.4) epoca 2: train_loss=0.4407 val_loss=0.0776 val_BA=0.950 mejor_epoca=2
2026-09-26 20:10:29,199 INFO COMBINED/dn fold 0: config 16 (lr=0.001, dropout=0.4) epoca 8: train_loss=0.2432 val_loss=0.1405 val_BA=1.000 mejor_epoca=8
2026-09-26 20:10:33,542 INFO COMBINED/dn fold 0: config 16 (lr=0.001, dropout=0.4) epoca 10: train_loss=0.1990 val_loss=0.0920 val_BA=0.950 mejor_epoca=8
2026-09-26 20:10:55,121 INFO COMBINED/dn fold 0: config 16 (lr=0.001, dropout=0.4) epoca 20: train_loss=0.0189 val_loss=0.1425 val_BA=0.800 mejor_epoca=8
2026-09-26 20:11:01,682 INFO COMBINED/dn fold 0 config 16: OK val_BA=1.000 mejor_epoca=8 (0.8 min)
2026-09-26 20:11:03,803 INFO COMBINED/dn fold 0: config 17 (lr=0.001, dropout=0.5) epoca 1: train_loss=0.6905 val_loss=0.2506 val_BA=0.850 mejor_epoca=1
2026-09-26 20:11:13,408 INFO COMBINED/dn fold 0: config 17 (lr=0.001, dropout=0.5) epoca 6: train_loss=0.2533 val_loss=0.3221 val_BA=0.908 mejor_epoca=6
2026-09-26 20:11:17,252 INFO COMBINED/dn fold 0: config 17 (lr=0.001, dropout=0.5) epoca 8: train_loss=0.2136 val_loss=0.0723 val_BA=1.000 mejor_epoca=8
2026-09-26 20:11:21,102 INFO COMBINED/dn fold 0: config 17 (lr=0.001, dropout=0.5) epoca 10: train_loss=0.1533 val_loss=0.1527 val_BA=0.958 mejor_epoca=8
2026-09-26 20:11:40,280 INFO COMBINED/dn fold 0: config 17 (lr=0.001, dropout=0.5) epoca 20: train_loss=0.0324 val_loss=0.2257 val_BA=0.950 mejor_epoca=8
2026-09-26 20:11:46,040 INFO COMBINED/dn fold 0 config 17: OK val_BA=1.000 mejor_epoca=8 (0.7 min)
2026-09-26 20:11:48,077 INFO COMBINED/dn fold 0: config 18 (lr=0.001, dropout=0.5) epoca 1: train_loss=0.5645 val_loss=0.1497 val_BA=0.800 mejor_epoca=1
2026-09-26 20:11:51,761 INFO COMBINED/dn fold 0: config 18 (lr=0.001, dropout=0.5) epoca 3: train_loss=0.3317 val_loss=0.4083 val_BA=1.000 mejor_epoca=3
2026-09-26 20:12:04,670 INFO COMBINED/dn fold 0: config 18 (lr=0.001, dropout=0.5) epoca 10: train_loss=0.1300 val_loss=0.1560 val_BA=0.750 mejor_epoca=3
2026-09-26 20:12:23,058 INFO COMBINED/dn fold 0: config 18 (lr=0.001, dropout=0.5) epoca 20: train_loss=0.0246 val_loss=0.6393 val_BA=0.600 mejor_epoca=3
2026-09-26 20:12:23,079 INFO COMBINED/dn fold 0 config 18: OK val_BA=1.000 mejor_epoca=3 (0.6 min)
2026-09-26 20:12:25,358 INFO COMBINED/dn fold 0: config 19 (lr=0.001, dropout=0.5) epoca 1: train_loss=0.5641 val_loss=0.6133 val_BA=0.833 mejor_epoca=1
2026-09-26 20:12:27,183 INFO COMBINED/dn fold 0: config 19 (lr=0.001, dropout=0.5) epoca 2: train_loss=0.3949 val_loss=0.5230 val_BA=0.858 mejor_epoca=2
2026-09-26 20:12:32,672 INFO COMBINED/dn fold 0: config 19 (lr=0.001, dropout=0.5) epoca 5: train_loss=0.2833 val_loss=0.5219 val_BA=0.950 mejor_epoca=5
2026-09-26 20:12:41,844 INFO COMBINED/dn fold 0: config 19 (lr=0.001, dropout=0.5) epoca 10: train_loss=0.1034 val_loss=0.3641 val_BA=0.917 mejor_epoca=5
2026-09-26 20:12:45,519 INFO COMBINED/dn fold 0: config 19 (lr=0.001, dropout=0.5) epoca 12: train_loss=0.1374 val_loss=0.1121 val_BA=0.950 mejor_epoca=12
2026-09-26 20:13:00,189 INFO COMBINED/dn fold 0: config 19 (lr=0.001, dropout=0.5) epoca 20: train_loss=0.0422 val_loss=0.3339 val_BA=0.858 mejor_epoca=12
2026-09-26 20:13:13,041 INFO COMBINED/dn fold 0 config 19: OK val_BA=0.950 mejor_epoca=12 (0.8 min)
2026-09-26 20:13:13,849 INFO log-mel COMBINED/cv/fold_01/dn: 500/4902
2026-09-26 20:13:14,421 INFO log-mel COMBINED/cv/fold_01/dn: 1000/4902
2026-09-26 20:13:14,997 INFO log-mel COMBINED/cv/fold_01/dn: 1500/4902
2026-09-26 20:13:15,614 INFO log-mel COMBINED/cv/fold_01/dn: 2000/4902
2026-09-26 20:13:16,188 INFO log-mel COMBINED/cv/fold_01/dn: 2500/4902
2026-09-26 20:13:16,764 INFO log-mel COMBINED/cv/fold_01/dn: 3000/4902
2026-09-26 20:13:17,338 INFO log-mel COMBINED/cv/fold_01/dn: 3500/4902
2026-09-26 20:13:17,910 INFO log-mel COMBINED/cv/fold_01/dn: 4000/4902
2026-09-26 20:13:18,486 INFO log-mel COMBINED/cv/fold_01/dn: 4500/4902
2026-09-26 20:13:18,951 INFO log-mel COMBINED/cv/fold_01/dn: 4902/4902
2026-09-26 20:13:20,081 INFO COMBINED/dn fold 1: log-mel dn listo en 7.0 s, forma (4902, 1, 64, 309)
2026-09-26 20:13:20,095 INFO COMBINED/dn fold 1: 84/22 pacientes train/validation, 20 de 20 configuracion(es) por evaluar
2026-09-26 20:13:22,554 INFO COMBINED/dn fold 1: config 0 (lr=0.0001, dropout=0.3) epoca 1: train_loss=0.5679 val_loss=0.4755 val_BA=0.701 mejor_epoca=1
2026-09-26 20:13:24,731 INFO COMBINED/dn fold 1: config 0 (lr=0.0001, dropout=0.3) epoca 2: train_loss=0.3426 val_loss=0.8700 val_BA=0.846 mejor_epoca=2
2026-09-26 20:13:33,430 INFO COMBINED/dn fold 1: config 0 (lr=0.0001, dropout=0.3) epoca 6: train_loss=0.0901 val_loss=0.3677 val_BA=0.868 mejor_epoca=6
2026-09-26 20:13:42,100 INFO COMBINED/dn fold 1: config 0 (lr=0.0001, dropout=0.3) epoca 10: train_loss=0.0142 val_loss=0.4873 val_BA=0.812 mejor_epoca=6
2026-09-26 20:14:03,780 INFO COMBINED/dn fold 1: config 0 (lr=0.0001, dropout=0.3) epoca 20: train_loss=0.0046 val_loss=0.2645 val_BA=0.812 mejor_epoca=6
2026-09-26 20:14:05,996 INFO COMBINED/dn fold 1 config 0: OK val_BA=0.868 mejor_epoca=6 (0.8 min)
2026-09-26 20:14:08,031 INFO COMBINED/dn fold 1: config 1 (lr=0.0001, dropout=0.3) epoca 1: train_loss=0.5678 val_loss=0.7735 val_BA=0.564 mejor_epoca=1
2026-09-26 20:14:09,858 INFO COMBINED/dn fold 1: config 1 (lr=0.0001, dropout=0.3) epoca 2: train_loss=0.4125 val_loss=0.3323 val_BA=0.701 mejor_epoca=2
2026-09-26 20:14:11,683 INFO COMBINED/dn fold 1: config 1 (lr=0.0001, dropout=0.3) epoca 3: train_loss=0.3149 val_loss=0.4444 val_BA=0.923 mejor_epoca=3
2026-09-26 20:14:24,544 INFO COMBINED/dn fold 1: config 1 (lr=0.0001, dropout=0.3) epoca 10: train_loss=0.0366 val_loss=1.0322 val_BA=0.769 mejor_epoca=3
2026-09-26 20:14:37,393 INFO COMBINED/dn fold 1: config 1 (lr=0.0001, dropout=0.3) epoca 17: train_loss=0.0084 val_loss=0.3656 val_BA=0.923 mejor_epoca=17
2026-09-26 20:14:42,899 INFO COMBINED/dn fold 1: config 1 (lr=0.0001, dropout=0.3) epoca 20: train_loss=0.0060 val_loss=0.3962 val_BA=0.812 mejor_epoca=17
2026-09-26 20:15:01,270 INFO COMBINED/dn fold 1: config 1 (lr=0.0001, dropout=0.3) epoca 30: train_loss=0.0025 val_loss=0.3659 val_BA=0.812 mejor_epoca=17
2026-09-26 20:15:04,957 INFO COMBINED/dn fold 1 config 1: OK val_BA=0.923 mejor_epoca=17 (1.0 min)
2026-09-26 20:15:07,088 INFO COMBINED/dn fold 1: config 2 (lr=0.0001, dropout=0.4) epoca 1: train_loss=0.5438 val_loss=0.3880 val_BA=0.662 mejor_epoca=1
2026-09-26 20:15:09,023 INFO COMBINED/dn fold 1: config 2 (lr=0.0001, dropout=0.4) epoca 2: train_loss=0.3537 val_loss=0.8469 val_BA=0.846 mejor_epoca=2
2026-09-26 20:15:16,748 INFO COMBINED/dn fold 1: config 2 (lr=0.0001, dropout=0.4) epoca 6: train_loss=0.0954 val_loss=0.6554 val_BA=0.885 mejor_epoca=6
2026-09-26 20:15:24,473 INFO COMBINED/dn fold 1: config 2 (lr=0.0001, dropout=0.4) epoca 10: train_loss=0.0278 val_loss=0.3657 val_BA=0.868 mejor_epoca=6
2026-09-26 20:15:43,627 INFO COMBINED/dn fold 1: config 2 (lr=0.0001, dropout=0.4) epoca 20: train_loss=0.0055 val_loss=0.2752 val_BA=0.812 mejor_epoca=6
2026-09-26 20:15:45,571 INFO COMBINED/dn fold 1 config 2: OK val_BA=0.885 mejor_epoca=6 (0.7 min)
2026-09-26 20:15:47,987 INFO COMBINED/dn fold 1: config 3 (lr=0.0001, dropout=0.4) epoca 1: train_loss=0.5086 val_loss=0.5390 val_BA=0.829 mejor_epoca=1
2026-09-26 20:15:52,345 INFO COMBINED/dn fold 1: config 3 (lr=0.0001, dropout=0.4) epoca 3: train_loss=0.2447 val_loss=0.4400 val_BA=0.885 mejor_epoca=3
2026-09-26 20:16:07,606 INFO COMBINED/dn fold 1: config 3 (lr=0.0001, dropout=0.4) epoca 10: train_loss=0.0268 val_loss=0.2419 val_BA=0.812 mejor_epoca=3
2026-09-26 20:16:29,505 INFO COMBINED/dn fold 1: config 3 (lr=0.0001, dropout=0.4) epoca 20: train_loss=0.0063 val_loss=0.4424 val_BA=0.812 mejor_epoca=3
2026-09-26 20:16:29,527 INFO COMBINED/dn fold 1 config 3: OK val_BA=0.885 mejor_epoca=3 (0.7 min)
2026-09-26 20:16:31,677 INFO COMBINED/dn fold 1: config 4 (lr=0.0001, dropout=0.4) epoca 1: train_loss=0.5803 val_loss=0.5804 val_BA=0.791 mejor_epoca=1
2026-09-26 20:16:37,567 INFO COMBINED/dn fold 1: config 4 (lr=0.0001, dropout=0.4) epoca 4: train_loss=0.1979 val_loss=0.3060 val_BA=0.812 mejor_epoca=4
2026-09-26 20:16:39,544 INFO COMBINED/dn fold 1: config 4 (lr=0.0001, dropout=0.4) epoca 5: train_loss=0.1328 val_loss=0.6895 val_BA=0.885 mejor_epoca=5
2026-09-26 20:16:49,282 INFO COMBINED/dn fold 1: config 4 (lr=0.0001, dropout=0.4) epoca 10: train_loss=0.0303 val_loss=0.2387 val_BA=0.756 mejor_epoca=5
2026-09-26 20:17:08,611 INFO COMBINED/dn fold 1: config 4 (lr=0.0001, dropout=0.4) epoca 20: train_loss=0.0138 val_loss=0.3409 val_BA=0.812 mejor_epoca=5
2026-09-26 20:17:08,632 INFO COMBINED/dn fold 1 config 4: OK val_BA=0.885 mejor_epoca=5 (0.7 min)
2026-09-26 20:17:10,682 INFO COMBINED/dn fold 1: config 5 (lr=0.0001, dropout=0.4) epoca 1: train_loss=0.6257 val_loss=0.5537 val_BA=0.791 mejor_epoca=1
2026-09-26 20:17:12,531 INFO COMBINED/dn fold 1: config 5 (lr=0.0001, dropout=0.4) epoca 2: train_loss=0.4883 val_loss=1.0699 val_BA=0.808 mejor_epoca=2
2026-09-26 20:17:18,083 INFO COMBINED/dn fold 1: config 5 (lr=0.0001, dropout=0.4) epoca 5: train_loss=0.1998 val_loss=0.4852 val_BA=0.829 mejor_epoca=5
2026-09-26 20:17:19,939 INFO COMBINED/dn fold 1: config 5 (lr=0.0001, dropout=0.4) epoca 6: train_loss=0.1589 val_loss=0.4177 val_BA=0.923 mejor_epoca=6
2026-09-26 20:17:27,363 INFO COMBINED/dn fold 1: config 5 (lr=0.0001, dropout=0.4) epoca 10: train_loss=0.0633 val_loss=0.1720 val_BA=0.684 mejor_epoca=6
2026-09-26 20:17:45,879 INFO COMBINED/dn fold 1: config 5 (lr=0.0001, dropout=0.4) epoca 20: train_loss=0.0103 val_loss=0.3108 val_BA=0.756 mejor_epoca=6
2026-09-26 20:17:47,751 INFO COMBINED/dn fold 1 config 5: OK val_BA=0.923 mejor_epoca=6 (0.7 min)
2026-09-26 20:17:50,166 INFO COMBINED/dn fold 1: config 6 (lr=0.0001, dropout=0.5) epoca 1: train_loss=0.5084 val_loss=0.2550 val_BA=0.645 mejor_epoca=1
2026-09-26 20:17:52,359 INFO COMBINED/dn fold 1: config 6 (lr=0.0001, dropout=0.5) epoca 2: train_loss=0.3318 val_loss=0.3136 val_BA=0.756 mejor_epoca=2
2026-09-26 20:17:54,564 INFO COMBINED/dn fold 1: config 6 (lr=0.0001, dropout=0.5) epoca 3: train_loss=0.2397 val_loss=0.4217 val_BA=0.829 mejor_epoca=3
2026-09-26 20:18:03,496 INFO COMBINED/dn fold 1: config 6 (lr=0.0001, dropout=0.5) epoca 7: train_loss=0.0962 val_loss=0.3896 val_BA=0.868 mejor_epoca=7
2026-09-26 20:18:10,202 INFO COMBINED/dn fold 1: config 6 (lr=0.0001, dropout=0.5) epoca 10: train_loss=0.0264 val_loss=0.3332 val_BA=0.812 mejor_epoca=7
2026-09-26 20:18:32,401 INFO COMBINED/dn fold 1: config 6 (lr=0.0001, dropout=0.5) epoca 20: train_loss=0.0085 val_loss=0.4719 val_BA=0.812 mejor_epoca=7
2026-09-26 20:18:36,830 INFO COMBINED/dn fold 1 config 6: OK val_BA=0.868 mejor_epoca=7 (0.8 min)
2026-09-26 20:18:38,884 INFO COMBINED/dn fold 1: config 7 (lr=0.0001, dropout=0.5) epoca 1: train_loss=0.6180 val_loss=0.6543 val_BA=0.752 mejor_epoca=1
2026-09-26 20:18:42,601 INFO COMBINED/dn fold 1: config 7 (lr=0.0001, dropout=0.5) epoca 3: train_loss=0.3194 val_loss=0.3202 val_BA=0.850 mejor_epoca=3
2026-09-26 20:18:46,317 INFO COMBINED/dn fold 1: config 7 (lr=0.0001, dropout=0.5) epoca 5: train_loss=0.2002 val_loss=0.4380 val_BA=0.868 mejor_epoca=5
2026-09-26 20:18:51,885 INFO COMBINED/dn fold 1: config 7 (lr=0.0001, dropout=0.5) epoca 8: train_loss=0.0970 val_loss=0.2461 val_BA=0.868 mejor_epoca=8
2026-09-26 20:18:55,603 INFO COMBINED/dn fold 1: config 7 (lr=0.0001, dropout=0.5) epoca 10: train_loss=0.0452 val_loss=0.4429 val_BA=0.868 mejor_epoca=8
2026-09-26 20:19:14,225 INFO COMBINED/dn fold 1: config 7 (lr=0.0001, dropout=0.5) epoca 20: train_loss=0.0138 val_loss=0.2352 val_BA=0.756 mejor_epoca=8
2026-09-26 20:19:19,814 INFO COMBINED/dn fold 1 config 7: OK val_BA=0.868 mejor_epoca=8 (0.7 min)
2026-09-26 20:19:21,881 INFO COMBINED/dn fold 1: config 8 (lr=0.0003, dropout=0.3) epoca 1: train_loss=0.5031 val_loss=0.5355 val_BA=0.735 mejor_epoca=1
2026-09-26 20:19:23,740 INFO COMBINED/dn fold 1: config 8 (lr=0.0003, dropout=0.3) epoca 2: train_loss=0.3258 val_loss=0.6828 val_BA=0.752 mejor_epoca=2
2026-09-26 20:19:29,320 INFO COMBINED/dn fold 1: config 8 (lr=0.0003, dropout=0.3) epoca 5: train_loss=0.0826 val_loss=0.1941 val_BA=0.868 mejor_epoca=5
2026-09-26 20:19:38,606 INFO COMBINED/dn fold 1: config 8 (lr=0.0003, dropout=0.3) epoca 10: train_loss=0.0172 val_loss=0.2978 val_BA=0.812 mejor_epoca=5
2026-09-26 20:19:40,463 INFO COMBINED/dn fold 1: config 8 (lr=0.0003, dropout=0.3) epoca 11: train_loss=0.0104 val_loss=0.4491 val_BA=0.923 mejor_epoca=11
2026-09-26 20:19:57,216 INFO COMBINED/dn fold 1: config 8 (lr=0.0003, dropout=0.3) epoca 20: train_loss=0.0020 val_loss=0.4354 val_BA=0.812 mejor_epoca=11
2026-09-26 20:20:08,383 INFO COMBINED/dn fold 1 config 8: OK val_BA=0.923 mejor_epoca=11 (0.8 min)
2026-09-26 20:20:10,682 INFO COMBINED/dn fold 1: config 9 (lr=0.0003, dropout=0.4) epoca 1: train_loss=0.5382 val_loss=0.8279 val_BA=0.769 mejor_epoca=1
2026-09-26 20:20:14,588 INFO COMBINED/dn fold 1: config 9 (lr=0.0003, dropout=0.4) epoca 3: train_loss=0.2125 val_loss=0.2979 val_BA=0.868 mejor_epoca=3
2026-09-26 20:20:28,261 INFO COMBINED/dn fold 1: config 9 (lr=0.0003, dropout=0.4) epoca 10: train_loss=0.0212 val_loss=0.2938 val_BA=0.868 mejor_epoca=10
2026-09-26 20:20:47,779 INFO COMBINED/dn fold 1: config 9 (lr=0.0003, dropout=0.4) epoca 20: train_loss=0.0023 val_loss=0.3673 val_BA=0.868 mejor_epoca=10
2026-09-26 20:20:57,507 INFO COMBINED/dn fold 1 config 9: OK val_BA=0.868 mejor_epoca=10 (0.8 min)
2026-09-26 20:20:59,918 INFO COMBINED/dn fold 1: config 10 (lr=0.0003, dropout=0.4) epoca 1: train_loss=0.5752 val_loss=0.3174 val_BA=0.718 mejor_epoca=1
2026-09-26 20:21:02,167 INFO COMBINED/dn fold 1: config 10 (lr=0.0003, dropout=0.4) epoca 2: train_loss=0.4548 val_loss=0.2721 val_BA=0.795 mejor_epoca=2
2026-09-26 20:21:08,806 INFO COMBINED/dn fold 1: config 10 (lr=0.0003, dropout=0.4) epoca 5: train_loss=0.1459 val_loss=0.2749 val_BA=0.812 mejor_epoca=5
2026-09-26 20:21:13,170 INFO COMBINED/dn fold 1: config 10 (lr=0.0003, dropout=0.4) epoca 7: train_loss=0.0732 val_loss=0.3511 val_BA=0.923 mejor_epoca=7
2026-09-26 20:21:19,752 INFO COMBINED/dn fold 1: config 10 (lr=0.0003, dropout=0.4) epoca 10: train_loss=0.0388 val_loss=0.3512 val_BA=0.756 mejor_epoca=7
2026-09-26 20:21:41,880 INFO COMBINED/dn fold 1: config 10 (lr=0.0003, dropout=0.4) epoca 20: train_loss=0.0054 val_loss=0.4143 val_BA=0.701 mejor_epoca=7
2026-09-26 20:21:46,330 INFO COMBINED/dn fold 1 config 10: OK val_BA=0.923 mejor_epoca=7 (0.8 min)
2026-09-26 20:21:48,393 INFO COMBINED/dn fold 1: config 11 (lr=0.0003, dropout=0.5) epoca 1: train_loss=0.5670 val_loss=0.3773 val_BA=0.795 mejor_epoca=1
2026-09-26 20:21:52,113 INFO COMBINED/dn fold 1: config 11 (lr=0.0003, dropout=0.5) epoca 3: train_loss=0.2431 val_loss=0.5633 val_BA=0.885 mejor_epoca=3
2026-09-26 20:21:53,968 INFO COMBINED/dn fold 1: config 11 (lr=0.0003, dropout=0.5) epoca 4: train_loss=0.1680 val_loss=0.3029 val_BA=0.923 mejor_epoca=4
2026-09-26 20:22:05,255 INFO COMBINED/dn fold 1: config 11 (lr=0.0003, dropout=0.5) epoca 10: train_loss=0.0218 val_loss=0.7616 val_BA=0.829 mejor_epoca=4
2026-09-26 20:22:23,776 INFO COMBINED/dn fold 1: config 11 (lr=0.0003, dropout=0.5) epoca 20: train_loss=0.0046 val_loss=0.3369 val_BA=0.812 mejor_epoca=4
2026-09-26 20:22:23,798 INFO COMBINED/dn fold 1 config 11: OK val_BA=0.923 mejor_epoca=4 (0.6 min)
2026-09-26 20:22:26,094 INFO COMBINED/dn fold 1: config 12 (lr=0.0003, dropout=0.5) epoca 1: train_loss=0.6027 val_loss=0.4731 val_BA=0.701 mejor_epoca=1
2026-09-26 20:22:28,055 INFO COMBINED/dn fold 1: config 12 (lr=0.0003, dropout=0.5) epoca 2: train_loss=0.3983 val_loss=0.3417 val_BA=0.756 mejor_epoca=2
2026-09-26 20:22:30,018 INFO COMBINED/dn fold 1: config 12 (lr=0.0003, dropout=0.5) epoca 3: train_loss=0.2956 val_loss=0.2316 val_BA=0.756 mejor_epoca=3
2026-09-26 20:22:31,971 INFO COMBINED/dn fold 1: config 12 (lr=0.0003, dropout=0.5) epoca 4: train_loss=0.2153 val_loss=0.3890 val_BA=0.868 mejor_epoca=4
2026-09-26 20:22:43,702 INFO COMBINED/dn fold 1: config 12 (lr=0.0003, dropout=0.5) epoca 10: train_loss=0.0266 val_loss=0.4101 val_BA=0.756 mejor_epoca=4
2026-09-26 20:23:03,252 INFO COMBINED/dn fold 1: config 12 (lr=0.0003, dropout=0.5) epoca 20: train_loss=0.0141 val_loss=0.3763 val_BA=0.812 mejor_epoca=4
2026-09-26 20:23:03,273 INFO COMBINED/dn fold 1 config 12: OK val_BA=0.868 mejor_epoca=4 (0.7 min)
2026-09-26 20:23:05,700 INFO COMBINED/dn fold 1: config 13 (lr=0.001, dropout=0.2) epoca 1: train_loss=0.7035 val_loss=0.3692 val_BA=0.462 mejor_epoca=1
2026-09-26 20:23:07,911 INFO COMBINED/dn fold 1: config 13 (lr=0.001, dropout=0.2) epoca 2: train_loss=0.5431 val_loss=0.3918 val_BA=0.756 mejor_epoca=2
2026-09-26 20:23:12,320 INFO COMBINED/dn fold 1: config 13 (lr=0.001, dropout=0.2) epoca 4: train_loss=0.3178 val_loss=0.3732 val_BA=0.756 mejor_epoca=4
2026-09-26 20:23:14,537 INFO COMBINED/dn fold 1: config 13 (lr=0.001, dropout=0.2) epoca 5: train_loss=0.3384 val_loss=0.5464 val_BA=0.774 mejor_epoca=5
2026-09-26 20:23:21,174 INFO COMBINED/dn fold 1: config 13 (lr=0.001, dropout=0.2) epoca 8: train_loss=0.1757 val_loss=0.4338 val_BA=0.812 mejor_epoca=8
2026-09-26 20:23:23,381 INFO COMBINED/dn fold 1: config 13 (lr=0.001, dropout=0.2) epoca 9: train_loss=0.1405 val_loss=0.2466 val_BA=0.812 mejor_epoca=9
2026-09-26 20:23:25,604 INFO COMBINED/dn fold 1: config 13 (lr=0.001, dropout=0.2) epoca 10: train_loss=0.1169 val_loss=0.6091 val_BA=0.774 mejor_epoca=9
2026-09-26 20:23:47,709 INFO COMBINED/dn fold 1: config 13 (lr=0.001, dropout=0.2) epoca 20: train_loss=0.0251 val_loss=0.6572 val_BA=0.812 mejor_epoca=9
2026-09-26 20:23:56,525 INFO COMBINED/dn fold 1 config 13: OK val_BA=0.812 mejor_epoca=9 (0.9 min)
2026-09-26 20:23:58,576 INFO COMBINED/dn fold 1: config 14 (lr=0.001, dropout=0.3) epoca 1: train_loss=0.5126 val_loss=0.3670 val_BA=0.500 mejor_epoca=1
2026-09-26 20:24:00,421 INFO COMBINED/dn fold 1: config 14 (lr=0.001, dropout=0.3) epoca 2: train_loss=0.3277 val_loss=0.7669 val_BA=0.846 mejor_epoca=2
2026-09-26 20:24:11,534 INFO COMBINED/dn fold 1: config 14 (lr=0.001, dropout=0.3) epoca 8: train_loss=0.0694 val_loss=0.1823 val_BA=0.868 mejor_epoca=8
2026-09-26 20:24:15,242 INFO COMBINED/dn fold 1: config 14 (lr=0.001, dropout=0.3) epoca 10: train_loss=0.0668 val_loss=0.4237 val_BA=0.756 mejor_epoca=8
2026-09-26 20:24:30,017 INFO COMBINED/dn fold 1: config 14 (lr=0.001, dropout=0.3) epoca 18: train_loss=0.0110 val_loss=0.5386 val_BA=0.885 mejor_epoca=18
2026-09-26 20:24:33,727 INFO COMBINED/dn fold 1: config 14 (lr=0.001, dropout=0.3) epoca 20: train_loss=0.0097 val_loss=0.3330 val_BA=0.701 mejor_epoca=18
2026-09-26 20:24:52,296 INFO COMBINED/dn fold 1: config 14 (lr=0.001, dropout=0.3) epoca 30: train_loss=0.0007 val_loss=0.5093 val_BA=0.756 mejor_epoca=18
2026-09-26 20:24:57,895 INFO COMBINED/dn fold 1 config 14: OK val_BA=0.885 mejor_epoca=18 (1.0 min)
2026-09-26 20:25:00,215 INFO COMBINED/dn fold 1: config 15 (lr=0.001, dropout=0.3) epoca 1: train_loss=0.6481 val_loss=1.0405 val_BA=0.564 mejor_epoca=1
2026-09-26 20:25:02,172 INFO COMBINED/dn fold 1: config 15 (lr=0.001, dropout=0.3) epoca 2: train_loss=0.4711 val_loss=0.3165 val_BA=0.701 mejor_epoca=2
2026-09-26 20:25:06,083 INFO COMBINED/dn fold 1: config 15 (lr=0.001, dropout=0.3) epoca 4: train_loss=0.2106 val_loss=0.2770 val_BA=0.850 mejor_epoca=4
2026-09-26 20:25:11,969 INFO COMBINED/dn fold 1: config 15 (lr=0.001, dropout=0.3) epoca 7: train_loss=0.1459 val_loss=0.2724 val_BA=0.923 mejor_epoca=7
2026-09-26 20:25:17,815 INFO COMBINED/dn fold 1: config 15 (lr=0.001, dropout=0.3) epoca 10: train_loss=0.0696 val_loss=0.2749 val_BA=0.812 mejor_epoca=7
2026-09-26 20:25:37,213 INFO COMBINED/dn fold 1: config 15 (lr=0.001, dropout=0.3) epoca 20: train_loss=0.0042 val_loss=0.4023 val_BA=0.868 mejor_epoca=7
2026-09-26 20:25:41,100 INFO COMBINED/dn fold 1 config 15: OK val_BA=0.923 mejor_epoca=7 (0.7 min)
2026-09-26 20:25:43,765 INFO COMBINED/dn fold 1: config 16 (lr=0.001, dropout=0.4) epoca 1: train_loss=0.7083 val_loss=0.3071 val_BA=0.500 mejor_epoca=1
2026-09-26 20:25:45,942 INFO COMBINED/dn fold 1: config 16 (lr=0.001, dropout=0.4) epoca 2: train_loss=0.6410 val_loss=0.5891 val_BA=0.564 mejor_epoca=2
2026-09-26 20:25:48,107 INFO COMBINED/dn fold 1: config 16 (lr=0.001, dropout=0.4) epoca 3: train_loss=0.4563 val_loss=0.6774 val_BA=0.679 mejor_epoca=3
2026-09-26 20:25:50,288 INFO COMBINED/dn fold 1: config 16 (lr=0.001, dropout=0.4) epoca 4: train_loss=0.3326 val_loss=0.3709 val_BA=0.868 mejor_epoca=4
2026-09-26 20:25:52,467 INFO COMBINED/dn fold 1: config 16 (lr=0.001, dropout=0.4) epoca 5: train_loss=0.2363 val_loss=0.6239 val_BA=0.885 mejor_epoca=5
2026-09-26 20:26:03,362 INFO COMBINED/dn fold 1: config 16 (lr=0.001, dropout=0.4) epoca 10: train_loss=0.1416 val_loss=0.3640 val_BA=0.756 mejor_epoca=5
2026-09-26 20:26:25,317 INFO COMBINED/dn fold 1: config 16 (lr=0.001, dropout=0.4) epoca 20: train_loss=0.0271 val_loss=0.4423 val_BA=0.756 mejor_epoca=5
2026-09-26 20:26:25,339 INFO COMBINED/dn fold 1 config 16: OK val_BA=0.885 mejor_epoca=5 (0.7 min)
2026-09-26 20:26:27,730 INFO COMBINED/dn fold 1: config 17 (lr=0.001, dropout=0.5) epoca 1: train_loss=0.6402 val_loss=0.3751 val_BA=0.701 mejor_epoca=1
2026-09-26 20:26:29,681 INFO COMBINED/dn fold 1: config 17 (lr=0.001, dropout=0.5) epoca 2: train_loss=0.4641 val_loss=0.4736 val_BA=0.885 mejor_epoca=2
2026-09-26 20:26:45,206 INFO COMBINED/dn fold 1: config 17 (lr=0.001, dropout=0.5) epoca 10: train_loss=0.1194 val_loss=0.4245 val_BA=0.756 mejor_epoca=2
2026-09-26 20:27:04,692 INFO COMBINED/dn fold 1: config 17 (lr=0.001, dropout=0.5) epoca 20: train_loss=0.0115 val_loss=0.4638 val_BA=0.756 mejor_epoca=2
2026-09-26 20:27:04,714 INFO COMBINED/dn fold 1 config 17: OK val_BA=0.885 mejor_epoca=2 (0.7 min)
2026-09-26 20:27:06,772 INFO COMBINED/dn fold 1: config 18 (lr=0.001, dropout=0.5) epoca 1: train_loss=0.5080 val_loss=0.3188 val_BA=0.517 mejor_epoca=1
2026-09-26 20:27:08,620 INFO COMBINED/dn fold 1: config 18 (lr=0.001, dropout=0.5) epoca 2: train_loss=0.3397 val_loss=0.4432 val_BA=0.906 mejor_epoca=2
2026-09-26 20:27:23,451 INFO COMBINED/dn fold 1: config 18 (lr=0.001, dropout=0.5) epoca 10: train_loss=0.1129 val_loss=0.5347 val_BA=0.923 mejor_epoca=10
2026-09-26 20:27:42,013 INFO COMBINED/dn fold 1: config 18 (lr=0.001, dropout=0.5) epoca 20: train_loss=0.0310 val_loss=0.7083 val_BA=0.829 mejor_epoca=10
2026-09-26 20:27:51,389 INFO COMBINED/dn fold 1 config 18: OK val_BA=0.923 mejor_epoca=10 (0.8 min)
2026-09-26 20:27:53,478 INFO COMBINED/dn fold 1: config 19 (lr=0.001, dropout=0.5) epoca 1: train_loss=0.5672 val_loss=1.1133 val_BA=0.731 mejor_epoca=1
2026-09-26 20:27:55,333 INFO COMBINED/dn fold 1: config 19 (lr=0.001, dropout=0.5) epoca 2: train_loss=0.3416 val_loss=0.3132 val_BA=0.756 mejor_epoca=2
2026-09-26 20:27:59,010 INFO COMBINED/dn fold 1: config 19 (lr=0.001, dropout=0.5) epoca 4: train_loss=0.2029 val_loss=0.4491 val_BA=0.868 mejor_epoca=4
2026-09-26 20:28:00,845 INFO COMBINED/dn fold 1: config 19 (lr=0.001, dropout=0.5) epoca 5: train_loss=0.1617 val_loss=0.8417 val_BA=0.923 mejor_epoca=5
2026-09-26 20:28:04,503 INFO COMBINED/dn fold 1: config 19 (lr=0.001, dropout=0.5) epoca 7: train_loss=0.1064 val_loss=0.4338 val_BA=0.923 mejor_epoca=7
2026-09-26 20:28:10,033 INFO COMBINED/dn fold 1: config 19 (lr=0.001, dropout=0.5) epoca 10: train_loss=0.0617 val_loss=0.2218 val_BA=0.756 mejor_epoca=7
2026-09-26 20:28:28,478 INFO COMBINED/dn fold 1: config 19 (lr=0.001, dropout=0.5) epoca 20: train_loss=0.0120 val_loss=0.2154 val_BA=0.684 mejor_epoca=7
2026-09-26 20:28:32,166 INFO COMBINED/dn fold 1 config 19: OK val_BA=0.923 mejor_epoca=7 (0.7 min)
2026-09-26 20:28:32,986 INFO log-mel COMBINED/cv/fold_02/dn: 500/4902
2026-09-26 20:28:33,566 INFO log-mel COMBINED/cv/fold_02/dn: 1000/4902
2026-09-26 20:28:34,177 INFO log-mel COMBINED/cv/fold_02/dn: 1500/4902
2026-09-26 20:28:34,760 INFO log-mel COMBINED/cv/fold_02/dn: 2000/4902
2026-09-26 20:28:35,340 INFO log-mel COMBINED/cv/fold_02/dn: 2500/4902
2026-09-26 20:28:35,919 INFO log-mel COMBINED/cv/fold_02/dn: 3000/4902
2026-09-26 20:28:36,496 INFO log-mel COMBINED/cv/fold_02/dn: 3500/4902
2026-09-26 20:28:37,078 INFO log-mel COMBINED/cv/fold_02/dn: 4000/4902
2026-09-26 20:28:37,657 INFO log-mel COMBINED/cv/fold_02/dn: 4500/4902
2026-09-26 20:28:38,124 INFO log-mel COMBINED/cv/fold_02/dn: 4902/4902
2026-09-26 20:28:38,814 INFO COMBINED/dn fold 2: log-mel dn listo en 6.6 s, forma (4902, 1, 64, 309)
2026-09-26 20:28:38,830 INFO COMBINED/dn fold 2: 85/21 pacientes train/validation, 20 de 20 configuracion(es) por evaluar
2026-09-26 20:28:41,257 INFO COMBINED/dn fold 2: config 0 (lr=0.0001, dropout=0.3) epoca 1: train_loss=0.5937 val_loss=1.4281 val_BA=0.727 mejor_epoca=1
2026-09-26 20:28:47,522 INFO COMBINED/dn fold 2: config 0 (lr=0.0001, dropout=0.3) epoca 4: train_loss=0.2262 val_loss=0.3560 val_BA=0.859 mejor_epoca=4
2026-09-26 20:28:53,819 INFO COMBINED/dn fold 2: config 0 (lr=0.0001, dropout=0.3) epoca 7: train_loss=0.0895 val_loss=0.3380 val_BA=0.859 mejor_epoca=7
2026-09-26 20:29:00,100 INFO COMBINED/dn fold 2: config 0 (lr=0.0001, dropout=0.3) epoca 10: train_loss=0.0440 val_loss=0.1742 val_BA=0.855 mejor_epoca=7
2026-09-26 20:29:10,691 INFO COMBINED/dn fold 2: config 0 (lr=0.0001, dropout=0.3) epoca 15: train_loss=0.0101 val_loss=0.2159 val_BA=0.905 mejor_epoca=15
2026-09-26 20:29:21,355 INFO COMBINED/dn fold 2: config 0 (lr=0.0001, dropout=0.3) epoca 20: train_loss=0.0045 val_loss=0.2596 val_BA=0.655 mejor_epoca=15
2026-09-26 20:29:42,613 INFO COMBINED/dn fold 2: config 0 (lr=0.0001, dropout=0.3) epoca 30: train_loss=0.0007 val_loss=0.2206 val_BA=0.855 mejor_epoca=15
2026-09-26 20:29:42,635 INFO COMBINED/dn fold 2 config 0: OK val_BA=0.905 mejor_epoca=15 (1.1 min)
2026-09-26 20:29:44,610 INFO COMBINED/dn fold 2: config 1 (lr=0.0001, dropout=0.3) epoca 1: train_loss=0.5426 val_loss=0.2481 val_BA=0.600 mejor_epoca=1
2026-09-26 20:29:49,934 INFO COMBINED/dn fold 2: config 1 (lr=0.0001, dropout=0.3) epoca 4: train_loss=0.2333 val_loss=1.1034 val_BA=0.773 mejor_epoca=4
2026-09-26 20:29:53,488 INFO COMBINED/dn fold 2: config 1 (lr=0.0001, dropout=0.3) epoca 6: train_loss=0.1599 val_loss=0.6082 val_BA=0.909 mejor_epoca=6
2026-09-26 20:30:00,596 INFO COMBINED/dn fold 2: config 1 (lr=0.0001, dropout=0.3) epoca 10: train_loss=0.0395 val_loss=1.4967 val_BA=0.773 mejor_epoca=6
2026-09-26 20:30:18,452 INFO COMBINED/dn fold 2: config 1 (lr=0.0001, dropout=0.3) epoca 20: train_loss=0.0066 val_loss=0.1377 val_BA=0.755 mejor_epoca=6
2026-09-26 20:30:20,249 INFO COMBINED/dn fold 2 config 1: OK val_BA=0.909 mejor_epoca=6 (0.6 min)
2026-09-26 20:30:22,278 INFO COMBINED/dn fold 2: config 2 (lr=0.0001, dropout=0.4) epoca 1: train_loss=0.5891 val_loss=1.0608 val_BA=0.682 mejor_epoca=1
2026-09-26 20:30:24,134 INFO COMBINED/dn fold 2: config 2 (lr=0.0001, dropout=0.4) epoca 2: train_loss=0.4402 val_loss=0.7825 val_BA=0.818 mejor_epoca=2
2026-09-26 20:30:27,836 INFO COMBINED/dn fold 2: config 2 (lr=0.0001, dropout=0.4) epoca 4: train_loss=0.2352 val_loss=0.4649 val_BA=0.855 mejor_epoca=4
2026-09-26 20:30:31,538 INFO COMBINED/dn fold 2: config 2 (lr=0.0001, dropout=0.4) epoca 6: train_loss=0.1559 val_loss=0.5616 val_BA=0.864 mejor_epoca=6
2026-09-26 20:30:39,021 INFO COMBINED/dn fold 2: config 2 (lr=0.0001, dropout=0.4) epoca 10: train_loss=0.0496 val_loss=1.0658 val_BA=0.768 mejor_epoca=6
2026-09-26 20:30:44,571 INFO COMBINED/dn fold 2: config 2 (lr=0.0001, dropout=0.4) epoca 13: train_loss=0.0236 val_loss=0.2958 val_BA=0.905 mejor_epoca=13
2026-09-26 20:30:50,094 INFO COMBINED/dn fold 2: config 2 (lr=0.0001, dropout=0.4) epoca 16: train_loss=0.0153 val_loss=0.2490 val_BA=0.955 mejor_epoca=16
2026-09-26 20:30:57,465 INFO COMBINED/dn fold 2: config 2 (lr=0.0001, dropout=0.4) epoca 20: train_loss=0.0086 val_loss=0.3769 val_BA=0.955 mejor_epoca=16
2026-09-26 20:31:15,950 INFO COMBINED/dn fold 2: config 2 (lr=0.0001, dropout=0.4) epoca 30: train_loss=0.0026 val_loss=0.1530 val_BA=0.655 mejor_epoca=16
2026-09-26 20:31:17,807 INFO COMBINED/dn fold 2 config 2: OK val_BA=0.955 mejor_epoca=16 (1.0 min)
2026-09-26 20:31:20,092 INFO COMBINED/dn fold 2: config 3 (lr=0.0001, dropout=0.4) epoca 1: train_loss=0.6085 val_loss=0.8986 val_BA=0.727 mejor_epoca=1
2026-09-26 20:31:22,200 INFO COMBINED/dn fold 2: config 3 (lr=0.0001, dropout=0.4) epoca 2: train_loss=0.4100 val_loss=0.5316 val_BA=0.855 mejor_epoca=2
2026-09-26 20:31:26,401 INFO COMBINED/dn fold 2: config 3 (lr=0.0001, dropout=0.4) epoca 4: train_loss=0.2153 val_loss=0.6215 val_BA=0.909 mejor_epoca=4
2026-09-26 20:31:32,688 INFO COMBINED/dn fold 2: config 3 (lr=0.0001, dropout=0.4) epoca 7: train_loss=0.1166 val_loss=0.6261 val_BA=0.955 mejor_epoca=7
2026-09-26 20:31:38,943 INFO COMBINED/dn fold 2: config 3 (lr=0.0001, dropout=0.4) epoca 10: train_loss=0.0445 val_loss=0.1486 val_BA=0.855 mejor_epoca=7
2026-09-26 20:31:59,958 INFO COMBINED/dn fold 2: config 3 (lr=0.0001, dropout=0.4) epoca 20: train_loss=0.0067 val_loss=0.1639 val_BA=0.605 mejor_epoca=7
2026-09-26 20:32:04,170 INFO COMBINED/dn fold 2 config 3: OK val_BA=0.955 mejor_epoca=7 (0.8 min)
2026-09-26 20:32:06,323 INFO COMBINED/dn fold 2: config 4 (lr=0.0001, dropout=0.4) epoca 1: train_loss=0.5933 val_loss=1.3617 val_BA=0.682 mejor_epoca=1
2026-09-26 20:32:08,174 INFO COMBINED/dn fold 2: config 4 (lr=0.0001, dropout=0.4) epoca 2: train_loss=0.4347 val_loss=0.4588 val_BA=0.755 mejor_epoca=2
2026-09-26 20:32:11,888 INFO COMBINED/dn fold 2: config 4 (lr=0.0001, dropout=0.4) epoca 4: train_loss=0.2679 val_loss=0.6591 val_BA=0.859 mejor_epoca=4
2026-09-26 20:32:15,613 INFO COMBINED/dn fold 2: config 4 (lr=0.0001, dropout=0.4) epoca 6: train_loss=0.1365 val_loss=0.4199 val_BA=0.859 mejor_epoca=6
2026-09-26 20:32:21,198 INFO COMBINED/dn fold 2: config 4 (lr=0.0001, dropout=0.4) epoca 9: train_loss=0.0757 val_loss=0.2529 val_BA=0.905 mejor_epoca=9
2026-09-26 20:32:23,094 INFO COMBINED/dn fold 2: config 4 (lr=0.0001, dropout=0.4) epoca 10: train_loss=0.0431 val_loss=0.5677 val_BA=0.859 mejor_epoca=9
2026-09-26 20:32:28,762 INFO COMBINED/dn fold 2: config 4 (lr=0.0001, dropout=0.4) epoca 13: train_loss=0.0177 val_loss=0.6848 val_BA=0.955 mejor_epoca=13
2026-09-26 20:32:41,772 INFO COMBINED/dn fold 2: config 4 (lr=0.0001, dropout=0.4) epoca 20: train_loss=0.0091 val_loss=0.1338 val_BA=0.755 mejor_epoca=13
2026-09-26 20:32:56,631 INFO COMBINED/dn fold 2 config 4: OK val_BA=0.955 mejor_epoca=13 (0.9 min)
2026-09-26 20:32:58,600 INFO COMBINED/dn fold 2: config 5 (lr=0.0001, dropout=0.4) epoca 1: train_loss=0.5486 val_loss=0.3471 val_BA=0.700 mejor_epoca=1
2026-09-26 20:33:00,381 INFO COMBINED/dn fold 2: config 5 (lr=0.0001, dropout=0.4) epoca 2: train_loss=0.3672 val_loss=0.8744 val_BA=0.818 mejor_epoca=2
2026-09-26 20:33:07,492 INFO COMBINED/dn fold 2: config 5 (lr=0.0001, dropout=0.4) epoca 6: train_loss=0.1182 val_loss=0.6991 val_BA=0.818 mejor_epoca=6
2026-09-26 20:33:09,266 INFO COMBINED/dn fold 2: config 5 (lr=0.0001, dropout=0.4) epoca 7: train_loss=0.0844 val_loss=0.5478 val_BA=0.909 mejor_epoca=7
2026-09-26 20:33:14,585 INFO COMBINED/dn fold 2: config 5 (lr=0.0001, dropout=0.4) epoca 10: train_loss=0.0381 val_loss=0.1794 val_BA=0.755 mejor_epoca=7
2026-09-26 20:33:18,128 INFO COMBINED/dn fold 2: config 5 (lr=0.0001, dropout=0.4) epoca 12: train_loss=0.0244 val_loss=0.4709 val_BA=0.909 mejor_epoca=12
2026-09-26 20:33:32,285 INFO COMBINED/dn fold 2: config 5 (lr=0.0001, dropout=0.4) epoca 20: train_loss=0.0062 val_loss=0.1439 val_BA=0.855 mejor_epoca=12
2026-09-26 20:33:44,681 INFO COMBINED/dn fold 2 config 5: OK val_BA=0.909 mejor_epoca=12 (0.8 min)
2026-09-26 20:33:46,976 INFO COMBINED/dn fold 2: config 6 (lr=0.0001, dropout=0.5) epoca 1: train_loss=0.6148 val_loss=0.5792 val_BA=0.714 mejor_epoca=1
2026-09-26 20:33:49,086 INFO COMBINED/dn fold 2: config 6 (lr=0.0001, dropout=0.5) epoca 2: train_loss=0.4327 val_loss=0.6898 val_BA=0.818 mejor_epoca=2
2026-09-26 20:33:59,652 INFO COMBINED/dn fold 2: config 6 (lr=0.0001, dropout=0.5) epoca 7: train_loss=0.1180 val_loss=0.5815 val_BA=0.859 mejor_epoca=7
2026-09-26 20:34:05,975 INFO COMBINED/dn fold 2: config 6 (lr=0.0001, dropout=0.5) epoca 10: train_loss=0.0520 val_loss=0.2032 val_BA=0.605 mejor_epoca=7
2026-09-26 20:34:24,872 INFO COMBINED/dn fold 2: config 6 (lr=0.0001, dropout=0.5) epoca 19: train_loss=0.0113 val_loss=0.7303 val_BA=0.909 mejor_epoca=19
2026-09-26 20:34:26,958 INFO COMBINED/dn fold 2: config 6 (lr=0.0001, dropout=0.5) epoca 20: train_loss=0.0057 val_loss=0.1778 val_BA=0.605 mejor_epoca=19
2026-09-26 20:34:47,917 INFO COMBINED/dn fold 2: config 6 (lr=0.0001, dropout=0.5) epoca 30: train_loss=0.0111 val_loss=0.1169 val_BA=0.805 mejor_epoca=19
2026-09-26 20:34:56,350 INFO COMBINED/dn fold 2 config 6: OK val_BA=0.909 mejor_epoca=19 (1.2 min)
2026-09-26 20:34:58,310 INFO COMBINED/dn fold 2: config 7 (lr=0.0001, dropout=0.5) epoca 1: train_loss=0.5482 val_loss=0.5394 val_BA=0.759 mejor_epoca=1
2026-09-26 20:35:03,623 INFO COMBINED/dn fold 2: config 7 (lr=0.0001, dropout=0.5) epoca 4: train_loss=0.2590 val_loss=0.5856 val_BA=0.809 mejor_epoca=4
2026-09-26 20:35:05,400 INFO COMBINED/dn fold 2: config 7 (lr=0.0001, dropout=0.5) epoca 5: train_loss=0.2094 val_loss=0.3991 val_BA=0.809 mejor_epoca=5
2026-09-26 20:35:07,167 INFO COMBINED/dn fold 2: config 7 (lr=0.0001, dropout=0.5) epoca 6: train_loss=0.1511 val_loss=0.3520 val_BA=0.809 mejor_epoca=6
2026-09-26 20:35:14,264 INFO COMBINED/dn fold 2: config 7 (lr=0.0001, dropout=0.5) epoca 10: train_loss=0.0492 val_loss=0.1859 val_BA=0.600 mejor_epoca=6
2026-09-26 20:35:17,812 INFO COMBINED/dn fold 2: config 7 (lr=0.0001, dropout=0.5) epoca 12: train_loss=0.0344 val_loss=0.7840 val_BA=0.909 mejor_epoca=12
2026-09-26 20:35:23,131 INFO COMBINED/dn fold 2: config 7 (lr=0.0001, dropout=0.5) epoca 15: train_loss=0.0157 val_loss=0.4582 val_BA=0.909 mejor_epoca=15
2026-09-26 20:35:28,456 INFO COMBINED/dn fold 2: config 7 (lr=0.0001, dropout=0.5) epoca 18: train_loss=0.0108 val_loss=0.4516 val_BA=0.955 mejor_epoca=18
2026-09-26 20:35:32,026 INFO COMBINED/dn fold 2: config 7 (lr=0.0001, dropout=0.5) epoca 20: train_loss=0.0098 val_loss=0.1515 val_BA=0.705 mejor_epoca=18
2026-09-26 20:35:49,839 INFO COMBINED/dn fold 2: config 7 (lr=0.0001, dropout=0.5) epoca 30: train_loss=0.0039 val_loss=0.2535 val_BA=0.855 mejor_epoca=18
2026-09-26 20:35:55,188 INFO COMBINED/dn fold 2 config 7: OK val_BA=0.955 mejor_epoca=18 (1.0 min)
2026-09-26 20:35:57,311 INFO COMBINED/dn fold 2: config 8 (lr=0.0003, dropout=0.3) epoca 1: train_loss=0.5286 val_loss=0.2852 val_BA=0.600 mejor_epoca=1
2026-09-26 20:36:00,876 INFO COMBINED/dn fold 2: config 8 (lr=0.0003, dropout=0.3) epoca 3: train_loss=0.2473 val_loss=0.4597 val_BA=0.709 mejor_epoca=3
2026-09-26 20:36:02,649 INFO COMBINED/dn fold 2: config 8 (lr=0.0003, dropout=0.3) epoca 4: train_loss=0.2230 val_loss=0.4183 val_BA=0.859 mejor_epoca=4
2026-09-26 20:36:13,328 INFO COMBINED/dn fold 2: config 8 (lr=0.0003, dropout=0.3) epoca 10: train_loss=0.0376 val_loss=0.2488 val_BA=0.655 mejor_epoca=4
2026-09-26 20:36:18,650 INFO COMBINED/dn fold 2: config 8 (lr=0.0003, dropout=0.3) epoca 13: train_loss=0.0129 val_loss=0.3242 val_BA=0.955 mejor_epoca=13
2026-09-26 20:36:31,066 INFO COMBINED/dn fold 2: config 8 (lr=0.0003, dropout=0.3) epoca 20: train_loss=0.0057 val_loss=0.4463 val_BA=0.905 mejor_epoca=13
2026-09-26 20:36:41,661 INFO COMBINED/dn fold 2: config 8 (lr=0.0003, dropout=0.3) epoca 26: train_loss=0.0127 val_loss=0.3146 val_BA=0.955 mejor_epoca=26
2026-09-26 20:36:48,707 INFO COMBINED/dn fold 2: config 8 (lr=0.0003, dropout=0.3) epoca 30: train_loss=0.0010 val_loss=0.2286 val_BA=0.905 mejor_epoca=26
2026-09-26 20:37:06,377 INFO COMBINED/dn fold 2: config 8 (lr=0.0003, dropout=0.3) epoca 40: train_loss=0.0017 val_loss=0.1456 val_BA=0.755 mejor_epoca=26
2026-09-26 20:37:08,173 INFO COMBINED/dn fold 2 config 8: OK val_BA=0.955 mejor_epoca=26 (1.2 min)
2026-09-26 20:37:10,282 INFO COMBINED/dn fold 2: config 9 (lr=0.0003, dropout=0.4) epoca 1: train_loss=0.4869 val_loss=0.2923 val_BA=0.755 mejor_epoca=1
2026-09-26 20:37:12,130 INFO COMBINED/dn fold 2: config 9 (lr=0.0003, dropout=0.4) epoca 2: train_loss=0.2911 val_loss=0.3829 val_BA=0.759 mejor_epoca=2
2026-09-26 20:37:17,678 INFO COMBINED/dn fold 2: config 9 (lr=0.0003, dropout=0.4) epoca 5: train_loss=0.1234 val_loss=0.2864 val_BA=0.905 mejor_epoca=5
2026-09-26 20:37:26,887 INFO COMBINED/dn fold 2: config 9 (lr=0.0003, dropout=0.4) epoca 10: train_loss=0.0307 val_loss=0.2005 val_BA=0.705 mejor_epoca=5
2026-09-26 20:37:37,975 INFO COMBINED/dn fold 2: config 9 (lr=0.0003, dropout=0.4) epoca 16: train_loss=0.0053 val_loss=0.2044 val_BA=0.905 mejor_epoca=16
2026-09-26 20:37:45,339 INFO COMBINED/dn fold 2: config 9 (lr=0.0003, dropout=0.4) epoca 20: train_loss=0.0028 val_loss=0.1275 val_BA=0.755 mejor_epoca=16
2026-09-26 20:38:00,962 INFO COMBINED/dn fold 2: config 9 (lr=0.0003, dropout=0.4) epoca 28: train_loss=0.0055 val_loss=0.8997 val_BA=0.955 mejor_epoca=28
2026-09-26 20:38:05,040 INFO COMBINED/dn fold 2: config 9 (lr=0.0003, dropout=0.4) epoca 30: train_loss=0.0185 val_loss=0.2746 val_BA=0.755 mejor_epoca=28
2026-09-26 20:38:19,631 INFO COMBINED/dn fold 2: config 9 (lr=0.0003, dropout=0.4) epoca 37: train_loss=0.0037 val_loss=0.1533 val_BA=0.955 mejor_epoca=37
2026-09-26 20:38:25,841 INFO COMBINED/dn fold 2: config 9 (lr=0.0003, dropout=0.4) epoca 40: train_loss=0.0004 val_loss=0.2428 val_BA=0.805 mejor_epoca=37
2026-09-26 20:38:45,711 INFO COMBINED/dn fold 2: config 9 (lr=0.0003, dropout=0.4) epoca 50: train_loss=0.0003 val_loss=0.1886 val_BA=0.905 mejor_epoca=37
2026-09-26 20:38:49,713 INFO COMBINED/dn fold 2 config 9: OK val_BA=0.955 mejor_epoca=37 (1.7 min)
2026-09-26 20:38:52,274 INFO COMBINED/dn fold 2: config 10 (lr=0.0003, dropout=0.4) epoca 1: train_loss=0.5509 val_loss=0.6081 val_BA=0.809 mejor_epoca=1
2026-09-26 20:38:57,048 INFO COMBINED/dn fold 2: config 10 (lr=0.0003, dropout=0.4) epoca 3: train_loss=0.3547 val_loss=0.2482 val_BA=0.855 mejor_epoca=3
2026-09-26 20:39:06,586 INFO COMBINED/dn fold 2: config 10 (lr=0.0003, dropout=0.4) epoca 7: train_loss=0.1403 val_loss=0.4150 val_BA=0.905 mejor_epoca=7
2026-09-26 20:39:13,871 INFO COMBINED/dn fold 2: config 10 (lr=0.0003, dropout=0.4) epoca 10: train_loss=0.0750 val_loss=0.2002 val_BA=0.805 mejor_epoca=7
2026-09-26 20:39:38,560 INFO COMBINED/dn fold 2: config 10 (lr=0.0003, dropout=0.4) epoca 20: train_loss=0.0528 val_loss=0.2043 val_BA=0.755 mejor_epoca=7
2026-09-26 20:39:43,698 INFO COMBINED/dn fold 2: config 10 (lr=0.0003, dropout=0.4) epoca 22: train_loss=0.0048 val_loss=0.2656 val_BA=0.905 mejor_epoca=22
2026-09-26 20:40:03,103 INFO COMBINED/dn fold 2: config 10 (lr=0.0003, dropout=0.4) epoca 30: train_loss=0.0140 val_loss=0.1689 val_BA=0.855 mejor_epoca=22
2026-09-26 20:40:20,379 INFO COMBINED/dn fold 2 config 10: OK val_BA=0.905 mejor_epoca=22 (1.5 min)
2026-09-26 20:40:22,490 INFO COMBINED/dn fold 2: config 11 (lr=0.0003, dropout=0.5) epoca 1: train_loss=0.5448 val_loss=0.2921 val_BA=0.705 mejor_epoca=1
2026-09-26 20:40:26,262 INFO COMBINED/dn fold 2: config 11 (lr=0.0003, dropout=0.5) epoca 3: train_loss=0.2864 val_loss=0.4057 val_BA=0.805 mejor_epoca=3
2026-09-26 20:40:30,022 INFO COMBINED/dn fold 2: config 11 (lr=0.0003, dropout=0.5) epoca 5: train_loss=0.1635 val_loss=0.4504 val_BA=0.859 mejor_epoca=5
2026-09-26 20:40:39,346 INFO COMBINED/dn fold 2: config 11 (lr=0.0003, dropout=0.5) epoca 10: train_loss=0.0583 val_loss=0.2009 val_BA=0.655 mejor_epoca=5
2026-09-26 20:40:41,204 INFO COMBINED/dn fold 2: config 11 (lr=0.0003, dropout=0.5) epoca 11: train_loss=0.0458 val_loss=0.7581 val_BA=0.909 mejor_epoca=11
2026-09-26 20:40:58,224 INFO COMBINED/dn fold 2: config 11 (lr=0.0003, dropout=0.5) epoca 20: train_loss=0.0098 val_loss=0.2535 val_BA=0.905 mejor_epoca=11
2026-09-26 20:41:09,685 INFO COMBINED/dn fold 2 config 11: OK val_BA=0.909 mejor_epoca=11 (0.8 min)
2026-09-26 20:41:11,975 INFO COMBINED/dn fold 2: config 12 (lr=0.0003, dropout=0.5) epoca 1: train_loss=0.5243 val_loss=0.3923 val_BA=0.809 mejor_epoca=1
2026-09-26 20:41:14,066 INFO COMBINED/dn fold 2: config 12 (lr=0.0003, dropout=0.5) epoca 2: train_loss=0.3352 val_loss=0.6029 val_BA=0.859 mejor_epoca=2
2026-09-26 20:41:26,156 INFO COMBINED/dn fold 2: config 12 (lr=0.0003, dropout=0.5) epoca 8: train_loss=0.0561 val_loss=0.4480 val_BA=0.905 mejor_epoca=8
2026-09-26 20:41:30,113 INFO COMBINED/dn fold 2: config 12 (lr=0.0003, dropout=0.5) epoca 10: train_loss=0.0233 val_loss=0.1865 val_BA=0.605 mejor_epoca=8
2026-09-26 20:41:32,077 INFO COMBINED/dn fold 2: config 12 (lr=0.0003, dropout=0.5) epoca 11: train_loss=0.0193 val_loss=0.3210 val_BA=0.955 mejor_epoca=11
2026-09-26 20:41:50,110 INFO COMBINED/dn fold 2: config 12 (lr=0.0003, dropout=0.5) epoca 20: train_loss=0.0074 val_loss=0.1915 val_BA=0.755 mejor_epoca=11
2026-09-26 20:42:01,988 INFO COMBINED/dn fold 2 config 12: OK val_BA=0.955 mejor_epoca=11 (0.9 min)
2026-09-26 20:42:04,622 INFO COMBINED/dn fold 2: config 13 (lr=0.001, dropout=0.2) epoca 1: train_loss=0.5677 val_loss=0.6534 val_BA=0.818 mejor_epoca=1
2026-09-26 20:42:16,286 INFO COMBINED/dn fold 2: config 13 (lr=0.001, dropout=0.2) epoca 6: train_loss=0.1967 val_loss=0.3543 val_BA=0.855 mejor_epoca=6
2026-09-26 20:42:23,199 INFO COMBINED/dn fold 2: config 13 (lr=0.001, dropout=0.2) epoca 9: train_loss=0.2045 val_loss=0.3305 val_BA=0.855 mejor_epoca=9
2026-09-26 20:42:25,612 INFO COMBINED/dn fold 2: config 13 (lr=0.001, dropout=0.2) epoca 10: train_loss=0.1824 val_loss=0.3706 val_BA=0.855 mejor_epoca=9
2026-09-26 20:42:32,700 INFO COMBINED/dn fold 2: config 13 (lr=0.001, dropout=0.2) epoca 13: train_loss=0.0971 val_loss=0.8973 val_BA=0.905 mejor_epoca=13
2026-09-26 20:42:49,569 INFO COMBINED/dn fold 2: config 13 (lr=0.001, dropout=0.2) epoca 20: train_loss=0.0348 val_loss=0.2309 val_BA=0.805 mejor_epoca=13
2026-09-26 20:42:54,613 INFO COMBINED/dn fold 2: config 13 (lr=0.001, dropout=0.2) epoca 22: train_loss=0.0190 val_loss=0.3041 val_BA=0.905 mejor_epoca=22
2026-09-26 20:43:13,962 INFO COMBINED/dn fold 2: config 13 (lr=0.001, dropout=0.2) epoca 30: train_loss=0.0288 val_loss=0.3930 val_BA=0.605 mejor_epoca=22
2026-09-26 20:43:30,763 INFO COMBINED/dn fold 2 config 13: OK val_BA=0.905 mejor_epoca=22 (1.5 min)
2026-09-26 20:43:33,148 INFO COMBINED/dn fold 2: config 14 (lr=0.001, dropout=0.3) epoca 1: train_loss=0.6065 val_loss=0.4246 val_BA=0.700 mejor_epoca=1
2026-09-26 20:43:35,043 INFO COMBINED/dn fold 2: config 14 (lr=0.001, dropout=0.3) epoca 2: train_loss=0.4129 val_loss=0.3085 val_BA=0.755 mejor_epoca=2
2026-09-26 20:43:40,710 INFO COMBINED/dn fold 2: config 14 (lr=0.001, dropout=0.3) epoca 5: train_loss=0.2342 val_loss=0.2813 val_BA=0.755 mejor_epoca=5
2026-09-26 20:43:44,494 INFO COMBINED/dn fold 2: config 14 (lr=0.001, dropout=0.3) epoca 7: train_loss=0.1521 val_loss=0.4950 val_BA=0.759 mejor_epoca=7
2026-09-26 20:43:48,306 INFO COMBINED/dn fold 2: config 14 (lr=0.001, dropout=0.3) epoca 9: train_loss=0.2069 val_loss=0.5799 val_BA=0.859 mejor_epoca=9
2026-09-26 20:43:50,220 INFO COMBINED/dn fold 2: config 14 (lr=0.001, dropout=0.3) epoca 10: train_loss=0.0784 val_loss=0.6086 val_BA=0.859 mejor_epoca=9
2026-09-26 20:43:59,469 INFO COMBINED/dn fold 2: config 14 (lr=0.001, dropout=0.3) epoca 15: train_loss=0.0265 val_loss=0.1862 val_BA=0.905 mejor_epoca=15
2026-09-26 20:44:08,791 INFO COMBINED/dn fold 2: config 14 (lr=0.001, dropout=0.3) epoca 20: train_loss=0.0138 val_loss=0.3008 val_BA=0.600 mejor_epoca=15
2026-09-26 20:44:27,533 INFO COMBINED/dn fold 2: config 14 (lr=0.001, dropout=0.3) epoca 30: train_loss=0.0110 val_loss=0.3705 val_BA=0.650 mejor_epoca=15
2026-09-26 20:44:27,560 INFO COMBINED/dn fold 2 config 14: OK val_BA=0.905 mejor_epoca=15 (0.9 min)
2026-09-26 20:44:29,898 INFO COMBINED/dn fold 2: config 15 (lr=0.001, dropout=0.3) epoca 1: train_loss=0.5105 val_loss=0.3587 val_BA=0.755 mejor_epoca=1
2026-09-26 20:44:32,063 INFO COMBINED/dn fold 2: config 15 (lr=0.001, dropout=0.3) epoca 2: train_loss=0.4223 val_loss=0.4821 val_BA=0.955 mejor_epoca=2
2026-09-26 20:44:49,223 INFO COMBINED/dn fold 2: config 15 (lr=0.001, dropout=0.3) epoca 10: train_loss=0.0733 val_loss=0.2487 val_BA=0.750 mejor_epoca=2
2026-09-26 20:45:09,687 INFO COMBINED/dn fold 2: config 15 (lr=0.001, dropout=0.3) epoca 20: train_loss=0.0164 val_loss=0.5214 val_BA=0.905 mejor_epoca=2
2026-09-26 20:45:09,724 INFO COMBINED/dn fold 2 config 15: OK val_BA=0.955 mejor_epoca=2 (0.7 min)
2026-09-26 20:45:12,570 INFO COMBINED/dn fold 2: config 16 (lr=0.001, dropout=0.4) epoca 1: train_loss=0.7514 val_loss=0.3792 val_BA=0.800 mejor_epoca=1
2026-09-26 20:45:18,048 INFO COMBINED/dn fold 2: config 16 (lr=0.001, dropout=0.4) epoca 3: train_loss=0.4317 val_loss=0.5023 val_BA=0.809 mejor_epoca=3
2026-09-26 20:45:20,787 INFO COMBINED/dn fold 2: config 16 (lr=0.001, dropout=0.4) epoca 4: train_loss=0.3533 val_loss=0.7607 val_BA=0.864 mejor_epoca=4
2026-09-26 20:45:31,646 INFO COMBINED/dn fold 2: config 16 (lr=0.001, dropout=0.4) epoca 8: train_loss=0.2443 val_loss=0.2258 val_BA=0.905 mejor_epoca=8
2026-09-26 20:45:34,423 INFO COMBINED/dn fold 2: config 16 (lr=0.001, dropout=0.4) epoca 9: train_loss=0.2139 val_loss=0.5592 val_BA=0.955 mejor_epoca=9
2026-09-26 20:45:37,294 INFO COMBINED/dn fold 2: config 16 (lr=0.001, dropout=0.4) epoca 10: train_loss=0.1678 val_loss=0.2769 val_BA=0.655 mejor_epoca=9
2026-09-26 20:46:00,193 INFO COMBINED/dn fold 2: config 16 (lr=0.001, dropout=0.4) epoca 20: train_loss=0.0456 val_loss=0.1848 val_BA=0.755 mejor_epoca=9
2026-09-26 20:46:09,392 INFO COMBINED/dn fold 2 config 16: OK val_BA=0.955 mejor_epoca=9 (1.0 min)
2026-09-26 20:46:11,589 INFO COMBINED/dn fold 2: config 17 (lr=0.001, dropout=0.5) epoca 1: train_loss=0.6542 val_loss=0.3991 val_BA=0.705 mejor_epoca=1
2026-09-26 20:46:13,595 INFO COMBINED/dn fold 2: config 17 (lr=0.001, dropout=0.5) epoca 2: train_loss=0.4679 val_loss=0.5301 val_BA=0.809 mejor_epoca=2
2026-09-26 20:46:17,577 INFO COMBINED/dn fold 2: config 17 (lr=0.001, dropout=0.5) epoca 4: train_loss=0.3313 val_loss=0.3743 val_BA=0.855 mejor_epoca=4
2026-09-26 20:46:29,782 INFO COMBINED/dn fold 2: config 17 (lr=0.001, dropout=0.5) epoca 10: train_loss=0.2028 val_loss=0.3361 val_BA=0.805 mejor_epoca=4
2026-09-26 20:46:31,817 INFO COMBINED/dn fold 2: config 17 (lr=0.001, dropout=0.5) epoca 11: train_loss=0.1000 val_loss=0.3102 val_BA=0.905 mejor_epoca=11
2026-09-26 20:46:49,743 INFO COMBINED/dn fold 2: config 17 (lr=0.001, dropout=0.5) epoca 20: train_loss=0.0192 val_loss=0.4142 val_BA=0.905 mejor_epoca=11
2026-09-26 20:47:02,029 INFO COMBINED/dn fold 2 config 17: OK val_BA=0.905 mejor_epoca=11 (0.9 min)
2026-09-26 20:47:04,258 INFO COMBINED/dn fold 2: config 18 (lr=0.001, dropout=0.5) epoca 1: train_loss=0.6221 val_loss=0.2704 val_BA=0.600 mejor_epoca=1
2026-09-26 20:47:06,223 INFO COMBINED/dn fold 2: config 18 (lr=0.001, dropout=0.5) epoca 2: train_loss=0.5006 val_loss=0.1915 val_BA=0.650 mejor_epoca=2
2026-09-26 20:47:08,182 INFO COMBINED/dn fold 2: config 18 (lr=0.001, dropout=0.5) epoca 3: train_loss=0.3430 val_loss=0.5493 val_BA=0.905 mejor_epoca=3
2026-09-26 20:47:21,678 INFO COMBINED/dn fold 2: config 18 (lr=0.001, dropout=0.5) epoca 10: train_loss=0.1372 val_loss=0.2962 val_BA=0.705 mejor_epoca=3
2026-09-26 20:47:40,908 INFO COMBINED/dn fold 2: config 18 (lr=0.001, dropout=0.5) epoca 20: train_loss=0.0373 val_loss=0.2537 val_BA=0.655 mejor_epoca=3
2026-09-26 20:47:40,936 INFO COMBINED/dn fold 2 config 18: OK val_BA=0.905 mejor_epoca=3 (0.6 min)
2026-09-26 20:47:43,115 INFO COMBINED/dn fold 2: config 19 (lr=0.001, dropout=0.5) epoca 1: train_loss=0.5931 val_loss=0.2708 val_BA=0.700 mejor_epoca=1
2026-09-26 20:47:48,846 INFO COMBINED/dn fold 2: config 19 (lr=0.001, dropout=0.5) epoca 4: train_loss=0.3108 val_loss=0.9459 val_BA=0.818 mejor_epoca=4
2026-09-26 20:47:50,761 INFO COMBINED/dn fold 2: config 19 (lr=0.001, dropout=0.5) epoca 5: train_loss=0.3046 val_loss=0.2905 val_BA=0.855 mejor_epoca=5
2026-09-26 20:47:54,553 INFO COMBINED/dn fold 2: config 19 (lr=0.001, dropout=0.5) epoca 7: train_loss=0.1722 val_loss=0.2951 val_BA=0.905 mejor_epoca=7
2026-09-26 20:48:00,179 INFO COMBINED/dn fold 2: config 19 (lr=0.001, dropout=0.5) epoca 10: train_loss=0.1548 val_loss=0.3711 val_BA=0.855 mejor_epoca=7
2026-09-26 20:48:19,019 INFO COMBINED/dn fold 2: config 19 (lr=0.001, dropout=0.5) epoca 20: train_loss=0.0307 val_loss=0.3583 val_BA=0.905 mejor_epoca=7
2026-09-26 20:48:22,859 INFO COMBINED/dn fold 2 config 19: OK val_BA=0.905 mejor_epoca=7 (0.7 min)
2026-09-26 20:48:23,751 INFO log-mel COMBINED/cv/fold_03/dn: 500/4902
2026-09-26 20:48:24,391 INFO log-mel COMBINED/cv/fold_03/dn: 1000/4902
2026-09-26 20:48:25,046 INFO log-mel COMBINED/cv/fold_03/dn: 1500/4902
2026-09-26 20:48:25,725 INFO log-mel COMBINED/cv/fold_03/dn: 2000/4902
2026-09-26 20:48:26,398 INFO log-mel COMBINED/cv/fold_03/dn: 2500/4902
2026-09-26 20:48:27,037 INFO log-mel COMBINED/cv/fold_03/dn: 3000/4902
2026-09-26 20:48:27,694 INFO log-mel COMBINED/cv/fold_03/dn: 3500/4902
2026-09-26 20:48:28,472 INFO log-mel COMBINED/cv/fold_03/dn: 4000/4902
2026-09-26 20:48:29,119 INFO log-mel COMBINED/cv/fold_03/dn: 4500/4902
2026-09-26 20:48:29,640 INFO log-mel COMBINED/cv/fold_03/dn: 4902/4902
2026-09-26 20:48:30,417 INFO COMBINED/dn fold 3: log-mel dn listo en 7.5 s, forma (4902, 1, 64, 309)
2026-09-26 20:48:30,435 INFO COMBINED/dn fold 3: 85/21 pacientes train/validation, 20 de 20 configuracion(es) por evaluar
2026-09-26 20:48:33,464 INFO COMBINED/dn fold 3: config 0 (lr=0.0001, dropout=0.3) epoca 1: train_loss=0.5680 val_loss=0.3829 val_BA=0.500 mejor_epoca=1
2026-09-26 20:48:36,436 INFO COMBINED/dn fold 3: config 0 (lr=0.0001, dropout=0.3) epoca 2: train_loss=0.3751 val_loss=0.4175 val_BA=0.864 mejor_epoca=2
2026-09-26 20:48:39,287 INFO COMBINED/dn fold 3: config 0 (lr=0.0001, dropout=0.3) epoca 3: train_loss=0.2903 val_loss=0.2671 val_BA=0.909 mejor_epoca=3
2026-09-26 20:48:47,586 INFO COMBINED/dn fold 3: config 0 (lr=0.0001, dropout=0.3) epoca 6: train_loss=0.1741 val_loss=0.0853 val_BA=0.950 mejor_epoca=6
2026-09-26 20:48:50,354 INFO COMBINED/dn fold 3: config 0 (lr=0.0001, dropout=0.3) epoca 7: train_loss=0.1561 val_loss=0.0710 val_BA=1.000 mejor_epoca=7
2026-09-26 20:48:58,989 INFO COMBINED/dn fold 3: config 0 (lr=0.0001, dropout=0.3) epoca 10: train_loss=0.0442 val_loss=0.0654 val_BA=0.955 mejor_epoca=7
2026-09-26 20:49:02,005 INFO COMBINED/dn fold 3: config 0 (lr=0.0001, dropout=0.3) epoca 11: train_loss=0.0268 val_loss=0.0673 val_BA=1.000 mejor_epoca=11
2026-09-26 20:49:27,092 INFO COMBINED/dn fold 3: config 0 (lr=0.0001, dropout=0.3) epoca 20: train_loss=0.0067 val_loss=0.0683 val_BA=0.905 mejor_epoca=11
2026-09-26 20:49:44,212 INFO COMBINED/dn fold 3 config 0: OK val_BA=1.000 mejor_epoca=11 (1.2 min)
2026-09-26 20:49:46,754 INFO COMBINED/dn fold 3: config 1 (lr=0.0001, dropout=0.3) epoca 1: train_loss=0.5671 val_loss=0.5311 val_BA=0.600 mejor_epoca=1
2026-09-26 20:49:48,904 INFO COMBINED/dn fold 3: config 1 (lr=0.0001, dropout=0.3) epoca 2: train_loss=0.4289 val_loss=0.6776 val_BA=0.773 mejor_epoca=2
2026-09-26 20:49:51,089 INFO COMBINED/dn fold 3: config 1 (lr=0.0001, dropout=0.3) epoca 3: train_loss=0.3277 val_loss=0.3478 val_BA=0.955 mejor_epoca=3
2026-09-26 20:49:53,208 INFO COMBINED/dn fold 3: config 1 (lr=0.0001, dropout=0.3) epoca 4: train_loss=0.2769 val_loss=0.1859 val_BA=0.955 mejor_epoca=4
2026-09-26 20:49:59,424 INFO COMBINED/dn fold 3: config 1 (lr=0.0001, dropout=0.3) epoca 7: train_loss=0.1371 val_loss=0.3530 val_BA=1.000 mejor_epoca=7
2026-09-26 20:50:05,621 INFO COMBINED/dn fold 3: config 1 (lr=0.0001, dropout=0.3) epoca 10: train_loss=0.0452 val_loss=0.0725 val_BA=1.000 mejor_epoca=10
2026-09-26 20:50:14,012 INFO COMBINED/dn fold 3: config 1 (lr=0.0001, dropout=0.3) epoca 14: train_loss=0.0159 val_loss=0.0487 val_BA=1.000 mejor_epoca=14
2026-09-26 20:50:26,941 INFO COMBINED/dn fold 3: config 1 (lr=0.0001, dropout=0.3) epoca 20: train_loss=0.0077 val_loss=0.1322 val_BA=0.955 mejor_epoca=14
2026-09-26 20:50:37,295 INFO COMBINED/dn fold 3: config 1 (lr=0.0001, dropout=0.3) epoca 25: train_loss=0.0048 val_loss=0.0481 val_BA=1.000 mejor_epoca=25
2026-09-26 20:50:47,976 INFO COMBINED/dn fold 3: config 1 (lr=0.0001, dropout=0.3) epoca 30: train_loss=0.0036 val_loss=0.0844 val_BA=0.955 mejor_epoca=25
2026-09-26 20:51:09,192 INFO COMBINED/dn fold 3: config 1 (lr=0.0001, dropout=0.3) epoca 40: train_loss=0.0014 val_loss=0.1006 val_BA=0.955 mejor_epoca=25
2026-09-26 20:51:09,215 INFO COMBINED/dn fold 3 config 1: OK val_BA=1.000 mejor_epoca=25 (1.4 min)
2026-09-26 20:51:11,850 INFO COMBINED/dn fold 3: config 2 (lr=0.0001, dropout=0.4) epoca 1: train_loss=0.6096 val_loss=0.4703 val_BA=0.500 mejor_epoca=1
2026-09-26 20:51:14,051 INFO COMBINED/dn fold 3: config 2 (lr=0.0001, dropout=0.4) epoca 2: train_loss=0.4188 val_loss=0.7094 val_BA=0.773 mejor_epoca=2
2026-09-26 20:51:16,262 INFO COMBINED/dn fold 3: config 2 (lr=0.0001, dropout=0.4) epoca 3: train_loss=0.3195 val_loss=0.2249 val_BA=0.950 mejor_epoca=3
2026-09-26 20:51:22,897 INFO COMBINED/dn fold 3: config 2 (lr=0.0001, dropout=0.4) epoca 6: train_loss=0.1739 val_loss=0.2391 val_BA=0.955 mejor_epoca=6
2026-09-26 20:51:31,745 INFO COMBINED/dn fold 3: config 2 (lr=0.0001, dropout=0.4) epoca 10: train_loss=0.0305 val_loss=0.1074 val_BA=0.950 mejor_epoca=6
2026-09-26 20:51:38,461 INFO COMBINED/dn fold 3: config 2 (lr=0.0001, dropout=0.4) epoca 13: train_loss=0.0161 val_loss=0.1973 val_BA=0.955 mejor_epoca=13
2026-09-26 20:51:49,519 INFO COMBINED/dn fold 3: config 2 (lr=0.0001, dropout=0.4) epoca 18: train_loss=0.0080 val_loss=0.0864 val_BA=0.955 mejor_epoca=18
2026-09-26 20:51:53,728 INFO COMBINED/dn fold 3: config 2 (lr=0.0001, dropout=0.4) epoca 20: train_loss=0.0042 val_loss=0.0733 val_BA=0.900 mejor_epoca=18
2026-09-26 20:52:00,085 INFO COMBINED/dn fold 3: config 2 (lr=0.0001, dropout=0.4) epoca 23: train_loss=0.0122 val_loss=0.0649 val_BA=0.955 mejor_epoca=23
2026-09-26 20:52:15,583 INFO COMBINED/dn fold 3: config 2 (lr=0.0001, dropout=0.4) epoca 30: train_loss=0.0016 val_loss=0.1311 val_BA=0.905 mejor_epoca=23
2026-09-26 20:52:33,555 INFO COMBINED/dn fold 3 config 2: OK val_BA=0.955 mejor_epoca=23 (1.4 min)
2026-09-26 20:52:36,872 INFO COMBINED/dn fold 3: config 3 (lr=0.0001, dropout=0.4) epoca 1: train_loss=0.5617 val_loss=0.6098 val_BA=0.773 mejor_epoca=1
2026-09-26 20:52:39,614 INFO COMBINED/dn fold 3: config 3 (lr=0.0001, dropout=0.4) epoca 2: train_loss=0.3964 val_loss=0.3869 val_BA=0.909 mejor_epoca=2
2026-09-26 20:52:42,262 INFO COMBINED/dn fold 3: config 3 (lr=0.0001, dropout=0.4) epoca 3: train_loss=0.2750 val_loss=0.2655 val_BA=0.909 mejor_epoca=3
2026-09-26 20:52:44,939 INFO COMBINED/dn fold 3: config 3 (lr=0.0001, dropout=0.4) epoca 4: train_loss=0.2467 val_loss=0.1316 val_BA=0.955 mejor_epoca=4
2026-09-26 20:52:58,350 INFO COMBINED/dn fold 3: config 3 (lr=0.0001, dropout=0.4) epoca 9: train_loss=0.0641 val_loss=0.0590 val_BA=1.000 mejor_epoca=9
2026-09-26 20:53:01,330 INFO COMBINED/dn fold 3: config 3 (lr=0.0001, dropout=0.4) epoca 10: train_loss=0.0396 val_loss=0.1128 val_BA=0.900 mejor_epoca=9
2026-09-26 20:53:32,903 INFO COMBINED/dn fold 3: config 3 (lr=0.0001, dropout=0.4) epoca 20: train_loss=0.0028 val_loss=0.0484 val_BA=1.000 mejor_epoca=20
2026-09-26 20:53:52,294 INFO COMBINED/dn fold 3: config 3 (lr=0.0001, dropout=0.4) epoca 27: train_loss=0.0030 val_loss=0.0349 val_BA=1.000 mejor_epoca=27
2026-09-26 20:54:00,557 INFO COMBINED/dn fold 3: config 3 (lr=0.0001, dropout=0.4) epoca 30: train_loss=0.0259 val_loss=0.0659 val_BA=1.000 mejor_epoca=27
2026-09-26 20:54:27,180 INFO COMBINED/dn fold 3: config 3 (lr=0.0001, dropout=0.4) epoca 40: train_loss=0.0016 val_loss=0.1323 val_BA=0.909 mejor_epoca=27
2026-09-26 20:54:32,565 INFO COMBINED/dn fold 3 config 3: OK val_BA=1.000 mejor_epoca=27 (2.0 min)
2026-09-26 20:54:35,239 INFO COMBINED/dn fold 3: config 4 (lr=0.0001, dropout=0.4) epoca 1: train_loss=0.6045 val_loss=0.4605 val_BA=0.709 mejor_epoca=1
2026-09-26 20:54:37,591 INFO COMBINED/dn fold 3: config 4 (lr=0.0001, dropout=0.4) epoca 2: train_loss=0.4312 val_loss=0.6584 val_BA=0.818 mejor_epoca=2
2026-09-26 20:54:39,954 INFO COMBINED/dn fold 3: config 4 (lr=0.0001, dropout=0.4) epoca 3: train_loss=0.3037 val_loss=0.4270 val_BA=0.909 mejor_epoca=3
2026-09-26 20:54:42,245 INFO COMBINED/dn fold 3: config 4 (lr=0.0001, dropout=0.4) epoca 4: train_loss=0.2496 val_loss=0.2165 val_BA=0.955 mejor_epoca=4
2026-09-26 20:54:44,605 INFO COMBINED/dn fold 3: config 4 (lr=0.0001, dropout=0.4) epoca 5: train_loss=0.2000 val_loss=0.1691 val_BA=0.955 mejor_epoca=5
2026-09-26 20:54:46,990 INFO COMBINED/dn fold 3: config 4 (lr=0.0001, dropout=0.4) epoca 6: train_loss=0.1544 val_loss=0.1147 val_BA=0.955 mejor_epoca=6
2026-09-26 20:54:56,393 INFO COMBINED/dn fold 3: config 4 (lr=0.0001, dropout=0.4) epoca 10: train_loss=0.0430 val_loss=0.3950 val_BA=0.818 mejor_epoca=6
2026-09-26 20:55:12,521 INFO COMBINED/dn fold 3: config 4 (lr=0.0001, dropout=0.4) epoca 17: train_loss=0.0090 val_loss=0.1013 val_BA=0.955 mejor_epoca=17
2026-09-26 20:55:19,686 INFO COMBINED/dn fold 3: config 4 (lr=0.0001, dropout=0.4) epoca 20: train_loss=0.0068 val_loss=0.3910 val_BA=0.909 mejor_epoca=17
2026-09-26 20:55:42,398 INFO COMBINED/dn fold 3: config 4 (lr=0.0001, dropout=0.4) epoca 30: train_loss=0.0038 val_loss=0.0766 val_BA=0.950 mejor_epoca=17
2026-09-26 20:55:46,761 INFO COMBINED/dn fold 3: config 4 (lr=0.0001, dropout=0.4) epoca 32: train_loss=0.0028 val_loss=0.0922 val_BA=1.000 mejor_epoca=32
2026-09-26 20:56:05,360 INFO COMBINED/dn fold 3: config 4 (lr=0.0001, dropout=0.4) epoca 40: train_loss=0.0039 val_loss=0.1599 val_BA=0.900 mejor_epoca=32
2026-09-26 20:56:21,745 INFO COMBINED/dn fold 3 config 4: OK val_BA=1.000 mejor_epoca=32 (1.8 min)
2026-09-26 20:56:24,154 INFO COMBINED/dn fold 3: config 5 (lr=0.0001, dropout=0.4) epoca 1: train_loss=0.5677 val_loss=0.3449 val_BA=0.659 mejor_epoca=1
2026-09-26 20:56:30,323 INFO COMBINED/dn fold 3: config 5 (lr=0.0001, dropout=0.4) epoca 4: train_loss=0.2800 val_loss=0.6258 val_BA=0.773 mejor_epoca=4
2026-09-26 20:56:32,423 INFO COMBINED/dn fold 3: config 5 (lr=0.0001, dropout=0.4) epoca 5: train_loss=0.2320 val_loss=0.3464 val_BA=0.909 mejor_epoca=5
2026-09-26 20:56:43,150 INFO COMBINED/dn fold 3: config 5 (lr=0.0001, dropout=0.4) epoca 10: train_loss=0.0495 val_loss=0.0936 val_BA=1.000 mejor_epoca=10
2026-09-26 20:57:03,764 INFO COMBINED/dn fold 3: config 5 (lr=0.0001, dropout=0.4) epoca 20: train_loss=0.0091 val_loss=0.0625 val_BA=1.000 mejor_epoca=20
2026-09-26 20:57:09,870 INFO COMBINED/dn fold 3: config 5 (lr=0.0001, dropout=0.4) epoca 23: train_loss=0.0048 val_loss=0.0508 val_BA=1.000 mejor_epoca=23
2026-09-26 20:57:11,961 INFO COMBINED/dn fold 3: config 5 (lr=0.0001, dropout=0.4) epoca 24: train_loss=0.0049 val_loss=0.0471 val_BA=1.000 mejor_epoca=24
2026-09-26 20:57:24,419 INFO COMBINED/dn fold 3: config 5 (lr=0.0001, dropout=0.4) epoca 30: train_loss=0.0055 val_loss=0.0882 val_BA=0.950 mejor_epoca=24
2026-09-26 20:57:43,432 INFO COMBINED/dn fold 3 config 5: OK val_BA=1.000 mejor_epoca=24 (1.4 min)
2026-09-26 20:57:46,587 INFO COMBINED/dn fold 3: config 6 (lr=0.0001, dropout=0.5) epoca 1: train_loss=0.6413 val_loss=0.9907 val_BA=0.727 mejor_epoca=1
2026-09-26 20:57:49,281 INFO COMBINED/dn fold 3: config 6 (lr=0.0001, dropout=0.5) epoca 2: train_loss=0.4426 val_loss=0.2220 val_BA=0.805 mejor_epoca=2
2026-09-26 20:57:52,008 INFO COMBINED/dn fold 3: config 6 (lr=0.0001, dropout=0.5) epoca 3: train_loss=0.3301 val_loss=0.2583 val_BA=0.859 mejor_epoca=3
2026-09-26 20:57:57,568 INFO COMBINED/dn fold 3: config 6 (lr=0.0001, dropout=0.5) epoca 5: train_loss=0.2401 val_loss=0.1987 val_BA=0.864 mejor_epoca=5
2026-09-26 20:58:00,469 INFO COMBINED/dn fold 3: config 6 (lr=0.0001, dropout=0.5) epoca 6: train_loss=0.1854 val_loss=0.2878 val_BA=0.909 mejor_epoca=6
2026-09-26 20:58:06,060 INFO COMBINED/dn fold 3: config 6 (lr=0.0001, dropout=0.5) epoca 8: train_loss=0.1239 val_loss=0.2511 val_BA=0.909 mejor_epoca=8
2026-09-26 20:58:08,785 INFO COMBINED/dn fold 3: config 6 (lr=0.0001, dropout=0.5) epoca 9: train_loss=0.0819 val_loss=0.0627 val_BA=1.000 mejor_epoca=9
2026-09-26 20:58:11,516 INFO COMBINED/dn fold 3: config 6 (lr=0.0001, dropout=0.5) epoca 10: train_loss=0.0510 val_loss=0.7091 val_BA=0.864 mejor_epoca=9
2026-09-26 20:58:37,418 INFO COMBINED/dn fold 3: config 6 (lr=0.0001, dropout=0.5) epoca 20: train_loss=0.0035 val_loss=0.1318 val_BA=0.850 mejor_epoca=9
2026-09-26 20:58:47,770 INFO COMBINED/dn fold 3 config 6: OK val_BA=1.000 mejor_epoca=9 (1.1 min)
2026-09-26 20:58:50,196 INFO COMBINED/dn fold 3: config 7 (lr=0.0001, dropout=0.5) epoca 1: train_loss=0.5989 val_loss=0.2420 val_BA=0.750 mejor_epoca=1
2026-09-26 20:58:52,266 INFO COMBINED/dn fold 3: config 7 (lr=0.0001, dropout=0.5) epoca 2: train_loss=0.4267 val_loss=0.3790 val_BA=0.909 mejor_epoca=2
2026-09-26 20:58:58,500 INFO COMBINED/dn fold 3: config 7 (lr=0.0001, dropout=0.5) epoca 5: train_loss=0.2252 val_loss=0.2519 val_BA=0.955 mejor_epoca=5
2026-09-26 20:59:08,796 INFO COMBINED/dn fold 3: config 7 (lr=0.0001, dropout=0.5) epoca 10: train_loss=0.0419 val_loss=0.3218 val_BA=0.909 mejor_epoca=5
2026-09-26 20:59:15,014 INFO COMBINED/dn fold 3: config 7 (lr=0.0001, dropout=0.5) epoca 13: train_loss=0.0219 val_loss=0.1224 val_BA=0.955 mejor_epoca=13
2026-09-26 20:59:17,139 INFO COMBINED/dn fold 3: config 7 (lr=0.0001, dropout=0.5) epoca 14: train_loss=0.0189 val_loss=0.0967 val_BA=0.955 mejor_epoca=14
2026-09-26 20:59:23,523 INFO COMBINED/dn fold 3: config 7 (lr=0.0001, dropout=0.5) epoca 17: train_loss=0.0121 val_loss=0.0748 val_BA=1.000 mejor_epoca=17
2026-09-26 20:59:29,888 INFO COMBINED/dn fold 3: config 7 (lr=0.0001, dropout=0.5) epoca 20: train_loss=0.0068 val_loss=0.3099 val_BA=0.909 mejor_epoca=17
2026-09-26 20:59:50,761 INFO COMBINED/dn fold 3: config 7 (lr=0.0001, dropout=0.5) epoca 30: train_loss=0.0059 val_loss=0.0995 val_BA=0.900 mejor_epoca=17
2026-09-26 20:59:54,999 INFO COMBINED/dn fold 3 config 7: OK val_BA=1.000 mejor_epoca=17 (1.1 min)
2026-09-26 20:59:57,501 INFO COMBINED/dn fold 3: config 8 (lr=0.0003, dropout=0.3) epoca 1: train_loss=0.5491 val_loss=0.8480 val_BA=0.682 mejor_epoca=1
2026-09-26 21:00:01,780 INFO COMBINED/dn fold 3: config 8 (lr=0.0003, dropout=0.3) epoca 3: train_loss=0.2814 val_loss=0.1147 val_BA=0.950 mejor_epoca=3
2026-09-26 21:00:06,099 INFO COMBINED/dn fold 3: config 8 (lr=0.0003, dropout=0.3) epoca 5: train_loss=0.1895 val_loss=0.1088 val_BA=0.950 mejor_epoca=5
2026-09-26 21:00:12,468 INFO COMBINED/dn fold 3: config 8 (lr=0.0003, dropout=0.3) epoca 8: train_loss=0.0785 val_loss=0.0456 val_BA=1.000 mejor_epoca=8
2026-09-26 21:00:16,669 INFO COMBINED/dn fold 3: config 8 (lr=0.0003, dropout=0.3) epoca 10: train_loss=0.0550 val_loss=0.0660 val_BA=1.000 mejor_epoca=8
2026-09-26 21:00:38,089 INFO COMBINED/dn fold 3: config 8 (lr=0.0003, dropout=0.3) epoca 20: train_loss=0.0073 val_loss=0.3523 val_BA=0.600 mejor_epoca=8
2026-09-26 21:00:44,492 INFO COMBINED/dn fold 3 config 8: OK val_BA=1.000 mejor_epoca=8 (0.8 min)
2026-09-26 21:00:47,235 INFO COMBINED/dn fold 3: config 9 (lr=0.0003, dropout=0.4) epoca 1: train_loss=0.6279 val_loss=0.3802 val_BA=0.755 mejor_epoca=1
2026-09-26 21:00:49,583 INFO COMBINED/dn fold 3: config 9 (lr=0.0003, dropout=0.4) epoca 2: train_loss=0.4360 val_loss=0.3278 val_BA=0.864 mejor_epoca=2
2026-09-26 21:00:54,205 INFO COMBINED/dn fold 3: config 9 (lr=0.0003, dropout=0.4) epoca 4: train_loss=0.2699 val_loss=0.1323 val_BA=0.909 mejor_epoca=4
2026-09-26 21:00:56,452 INFO COMBINED/dn fold 3: config 9 (lr=0.0003, dropout=0.4) epoca 5: train_loss=0.2542 val_loss=0.1298 val_BA=0.950 mejor_epoca=5
2026-09-26 21:01:07,848 INFO COMBINED/dn fold 3: config 9 (lr=0.0003, dropout=0.4) epoca 10: train_loss=0.0710 val_loss=0.0639 val_BA=1.000 mejor_epoca=10
2026-09-26 21:01:19,136 INFO COMBINED/dn fold 3: config 9 (lr=0.0003, dropout=0.4) epoca 15: train_loss=0.0351 val_loss=0.0574 val_BA=1.000 mejor_epoca=15
2026-09-26 21:01:30,322 INFO COMBINED/dn fold 3: config 9 (lr=0.0003, dropout=0.4) epoca 20: train_loss=0.0151 val_loss=0.2777 val_BA=0.700 mejor_epoca=15
2026-09-26 21:01:52,537 INFO COMBINED/dn fold 3: config 9 (lr=0.0003, dropout=0.4) epoca 30: train_loss=0.0289 val_loss=0.1054 val_BA=0.955 mejor_epoca=15
2026-09-26 21:01:52,559 INFO COMBINED/dn fold 3 config 9: OK val_BA=1.000 mejor_epoca=15 (1.1 min)
2026-09-26 21:01:55,417 INFO COMBINED/dn fold 3: config 10 (lr=0.0003, dropout=0.4) epoca 1: train_loss=0.6034 val_loss=0.2775 val_BA=0.755 mejor_epoca=1
2026-09-26 21:01:57,975 INFO COMBINED/dn fold 3: config 10 (lr=0.0003, dropout=0.4) epoca 2: train_loss=0.4261 val_loss=0.1622 val_BA=0.905 mejor_epoca=2
2026-09-26 21:02:13,752 INFO COMBINED/dn fold 3: config 10 (lr=0.0003, dropout=0.4) epoca 8: train_loss=0.1786 val_loss=0.0578 val_BA=0.950 mejor_epoca=8
2026-09-26 21:02:19,487 INFO COMBINED/dn fold 3: config 10 (lr=0.0003, dropout=0.4) epoca 10: train_loss=0.1041 val_loss=0.0554 val_BA=0.900 mejor_epoca=8
2026-09-26 21:02:38,076 INFO COMBINED/dn fold 3: config 10 (lr=0.0003, dropout=0.4) epoca 17: train_loss=0.0227 val_loss=0.1684 val_BA=0.955 mejor_epoca=17
2026-09-26 21:02:45,995 INFO COMBINED/dn fold 3: config 10 (lr=0.0003, dropout=0.4) epoca 20: train_loss=0.0126 val_loss=0.1036 val_BA=0.900 mejor_epoca=17
2026-09-26 21:02:53,857 INFO COMBINED/dn fold 3: config 10 (lr=0.0003, dropout=0.4) epoca 23: train_loss=0.0121 val_loss=0.0791 val_BA=1.000 mejor_epoca=23
2026-09-26 21:03:09,244 INFO COMBINED/dn fold 3: config 10 (lr=0.0003, dropout=0.4) epoca 29: train_loss=0.0011 val_loss=0.0759 val_BA=1.000 mejor_epoca=29
2026-09-26 21:03:11,691 INFO COMBINED/dn fold 3: config 10 (lr=0.0003, dropout=0.4) epoca 30: train_loss=0.0021 val_loss=0.3024 val_BA=0.750 mejor_epoca=29
2026-09-26 21:03:36,752 INFO COMBINED/dn fold 3: config 10 (lr=0.0003, dropout=0.4) epoca 40: train_loss=0.0025 val_loss=0.1435 val_BA=0.855 mejor_epoca=29
2026-09-26 21:03:47,053 INFO COMBINED/dn fold 3 config 10: OK val_BA=1.000 mejor_epoca=29 (1.9 min)
2026-09-26 21:03:49,447 INFO COMBINED/dn fold 3: config 11 (lr=0.0003, dropout=0.5) epoca 1: train_loss=0.6015 val_loss=0.2786 val_BA=0.809 mejor_epoca=1
2026-09-26 21:03:53,533 INFO COMBINED/dn fold 3: config 11 (lr=0.0003, dropout=0.5) epoca 3: train_loss=0.3389 val_loss=0.7692 val_BA=0.818 mejor_epoca=3
2026-09-26 21:03:57,569 INFO COMBINED/dn fold 3: config 11 (lr=0.0003, dropout=0.5) epoca 5: train_loss=0.2407 val_loss=0.3040 val_BA=0.909 mejor_epoca=5
2026-09-26 21:04:01,602 INFO COMBINED/dn fold 3: config 11 (lr=0.0003, dropout=0.5) epoca 7: train_loss=0.1399 val_loss=0.1607 val_BA=1.000 mejor_epoca=7
2026-09-26 21:04:07,745 INFO COMBINED/dn fold 3: config 11 (lr=0.0003, dropout=0.5) epoca 10: train_loss=0.0653 val_loss=0.4019 val_BA=0.909 mejor_epoca=7
2026-09-26 21:04:11,809 INFO COMBINED/dn fold 3: config 11 (lr=0.0003, dropout=0.5) epoca 12: train_loss=0.0370 val_loss=0.0851 val_BA=1.000 mejor_epoca=12
2026-09-26 21:04:15,894 INFO COMBINED/dn fold 3: config 11 (lr=0.0003, dropout=0.5) epoca 14: train_loss=0.0173 val_loss=0.0440 val_BA=1.000 mejor_epoca=14
2026-09-26 21:04:28,332 INFO COMBINED/dn fold 3: config 11 (lr=0.0003, dropout=0.5) epoca 20: train_loss=0.0047 val_loss=0.0622 val_BA=0.950 mejor_epoca=14
2026-09-26 21:04:46,813 INFO COMBINED/dn fold 3: config 11 (lr=0.0003, dropout=0.5) epoca 29: train_loss=0.0020 val_loss=0.0426 val_BA=1.000 mejor_epoca=29
2026-09-26 21:04:48,885 INFO COMBINED/dn fold 3: config 11 (lr=0.0003, dropout=0.5) epoca 30: train_loss=0.0043 val_loss=0.0950 val_BA=0.909 mejor_epoca=29
2026-09-26 21:05:09,444 INFO COMBINED/dn fold 3: config 11 (lr=0.0003, dropout=0.5) epoca 40: train_loss=0.0007 val_loss=0.0803 val_BA=0.950 mejor_epoca=29
2026-09-26 21:05:17,634 INFO COMBINED/dn fold 3 config 11: OK val_BA=1.000 mejor_epoca=29 (1.5 min)
2026-09-26 21:05:20,196 INFO COMBINED/dn fold 3: config 12 (lr=0.0003, dropout=0.5) epoca 1: train_loss=0.5958 val_loss=1.5542 val_BA=0.636 mejor_epoca=1
2026-09-26 21:05:22,399 INFO COMBINED/dn fold 3: config 12 (lr=0.0003, dropout=0.5) epoca 2: train_loss=0.3707 val_loss=0.9130 val_BA=0.727 mejor_epoca=2
2026-09-26 21:05:24,608 INFO COMBINED/dn fold 3: config 12 (lr=0.0003, dropout=0.5) epoca 3: train_loss=0.3342 val_loss=0.2991 val_BA=0.859 mejor_epoca=3
2026-09-26 21:05:26,878 INFO COMBINED/dn fold 3: config 12 (lr=0.0003, dropout=0.5) epoca 4: train_loss=0.2880 val_loss=0.1372 val_BA=0.909 mejor_epoca=4
2026-09-26 21:05:40,267 INFO COMBINED/dn fold 3: config 12 (lr=0.0003, dropout=0.5) epoca 10: train_loss=0.0657 val_loss=0.1106 val_BA=0.955 mejor_epoca=10
2026-09-26 21:05:55,514 INFO COMBINED/dn fold 3: config 12 (lr=0.0003, dropout=0.5) epoca 17: train_loss=0.0077 val_loss=0.0901 val_BA=1.000 mejor_epoca=17
2026-09-26 21:06:02,120 INFO COMBINED/dn fold 3: config 12 (lr=0.0003, dropout=0.5) epoca 20: train_loss=0.0078 val_loss=0.2092 val_BA=0.750 mejor_epoca=17
2026-09-26 21:06:25,396 INFO COMBINED/dn fold 3: config 12 (lr=0.0003, dropout=0.5) epoca 30: train_loss=0.0045 val_loss=0.3272 val_BA=0.700 mejor_epoca=17
2026-09-26 21:06:30,261 INFO COMBINED/dn fold 3 config 12: OK val_BA=1.000 mejor_epoca=17 (1.2 min)
2026-09-26 21:06:33,779 INFO COMBINED/dn fold 3: config 13 (lr=0.001, dropout=0.2) epoca 1: train_loss=0.7530 val_loss=0.2839 val_BA=0.455 mejor_epoca=1
2026-09-26 21:06:36,475 INFO COMBINED/dn fold 3: config 13 (lr=0.001, dropout=0.2) epoca 2: train_loss=0.5447 val_loss=0.2069 val_BA=0.814 mejor_epoca=2
2026-09-26 21:06:39,325 INFO COMBINED/dn fold 3: config 13 (lr=0.001, dropout=0.2) epoca 3: train_loss=0.4645 val_loss=0.2870 val_BA=0.859 mejor_epoca=3
2026-09-26 21:06:42,191 INFO COMBINED/dn fold 3: config 13 (lr=0.001, dropout=0.2) epoca 4: train_loss=0.4091 val_loss=0.5316 val_BA=0.864 mejor_epoca=4
2026-09-26 21:06:47,841 INFO COMBINED/dn fold 3: config 13 (lr=0.001, dropout=0.2) epoca 6: train_loss=0.2975 val_loss=0.2339 val_BA=0.909 mejor_epoca=6
2026-09-26 21:06:50,635 INFO COMBINED/dn fold 3: config 13 (lr=0.001, dropout=0.2) epoca 7: train_loss=0.2538 val_loss=0.0766 val_BA=0.950 mejor_epoca=7
2026-09-26 21:06:55,913 INFO COMBINED/dn fold 3: config 13 (lr=0.001, dropout=0.2) epoca 9: train_loss=0.2159 val_loss=0.0661 val_BA=1.000 mejor_epoca=9
2026-09-26 21:06:58,511 INFO COMBINED/dn fold 3: config 13 (lr=0.001, dropout=0.2) epoca 10: train_loss=0.2150 val_loss=0.2306 val_BA=0.800 mejor_epoca=9
2026-09-26 21:07:06,441 INFO COMBINED/dn fold 3: config 13 (lr=0.001, dropout=0.2) epoca 13: train_loss=0.2402 val_loss=0.0570 val_BA=1.000 mejor_epoca=13
2026-09-26 21:07:25,544 INFO COMBINED/dn fold 3: config 13 (lr=0.001, dropout=0.2) epoca 20: train_loss=0.0948 val_loss=0.0934 val_BA=1.000 mejor_epoca=13
2026-09-26 21:07:34,108 INFO COMBINED/dn fold 3: config 13 (lr=0.001, dropout=0.2) epoca 23: train_loss=0.0630 val_loss=0.0454 val_BA=1.000 mejor_epoca=23
2026-09-26 21:07:53,251 INFO COMBINED/dn fold 3: config 13 (lr=0.001, dropout=0.2) epoca 30: train_loss=0.0416 val_loss=0.0505 val_BA=1.000 mejor_epoca=23
2026-09-26 21:08:15,365 INFO COMBINED/dn fold 3 config 13: OK val_BA=1.000 mejor_epoca=23 (1.8 min)
2026-09-26 21:08:17,849 INFO COMBINED/dn fold 3: config 14 (lr=0.001, dropout=0.3) epoca 1: train_loss=0.5794 val_loss=0.2366 val_BA=0.455 mejor_epoca=1
2026-09-26 21:08:20,005 INFO COMBINED/dn fold 3: config 14 (lr=0.001, dropout=0.3) epoca 2: train_loss=0.3886 val_loss=0.5131 val_BA=0.818 mejor_epoca=2
2026-09-26 21:08:22,184 INFO COMBINED/dn fold 3: config 14 (lr=0.001, dropout=0.3) epoca 3: train_loss=0.3153 val_loss=0.3844 val_BA=0.909 mejor_epoca=3
2026-09-26 21:08:37,234 INFO COMBINED/dn fold 3: config 14 (lr=0.001, dropout=0.3) epoca 10: train_loss=0.1556 val_loss=0.1734 val_BA=0.859 mejor_epoca=3
2026-09-26 21:08:41,519 INFO COMBINED/dn fold 3: config 14 (lr=0.001, dropout=0.3) epoca 12: train_loss=0.1042 val_loss=0.1437 val_BA=0.950 mejor_epoca=12
2026-09-26 21:08:58,807 INFO COMBINED/dn fold 3: config 14 (lr=0.001, dropout=0.3) epoca 20: train_loss=0.0267 val_loss=0.3441 val_BA=0.859 mejor_epoca=12
2026-09-26 21:09:13,653 INFO COMBINED/dn fold 3: config 14 (lr=0.001, dropout=0.3) epoca 27: train_loss=0.0016 val_loss=0.1358 val_BA=0.950 mejor_epoca=27
2026-09-26 21:09:15,717 INFO COMBINED/dn fold 3: config 14 (lr=0.001, dropout=0.3) epoca 28: train_loss=0.0024 val_loss=0.1321 val_BA=0.950 mejor_epoca=28
2026-09-26 21:09:19,851 INFO COMBINED/dn fold 3: config 14 (lr=0.001, dropout=0.3) epoca 30: train_loss=0.0039 val_loss=0.3745 val_BA=0.859 mejor_epoca=28
2026-09-26 21:09:28,176 INFO COMBINED/dn fold 3: config 14 (lr=0.001, dropout=0.3) epoca 34: train_loss=0.0014 val_loss=0.0942 val_BA=1.000 mejor_epoca=34
2026-09-26 21:09:40,861 INFO COMBINED/dn fold 3: config 14 (lr=0.001, dropout=0.3) epoca 40: train_loss=0.0055 val_loss=0.3458 val_BA=0.905 mejor_epoca=34
2026-09-26 21:09:59,788 INFO COMBINED/dn fold 3 config 14: OK val_BA=1.000 mejor_epoca=34 (1.7 min)
2026-09-26 21:10:02,598 INFO COMBINED/dn fold 3: config 15 (lr=0.001, dropout=0.3) epoca 1: train_loss=0.6361 val_loss=0.7668 val_BA=0.677 mejor_epoca=1
2026-09-26 21:10:07,244 INFO COMBINED/dn fold 3: config 15 (lr=0.001, dropout=0.3) epoca 3: train_loss=0.4999 val_loss=0.5413 val_BA=0.864 mejor_epoca=3
2026-09-26 21:10:11,862 INFO COMBINED/dn fold 3: config 15 (lr=0.001, dropout=0.3) epoca 5: train_loss=0.2999 val_loss=0.5594 val_BA=0.909 mejor_epoca=5
2026-09-26 21:10:14,157 INFO COMBINED/dn fold 3: config 15 (lr=0.001, dropout=0.3) epoca 6: train_loss=0.2872 val_loss=0.1679 val_BA=0.909 mejor_epoca=6
2026-09-26 21:10:23,560 INFO COMBINED/dn fold 3: config 15 (lr=0.001, dropout=0.3) epoca 10: train_loss=0.2129 val_loss=0.1018 val_BA=0.900 mejor_epoca=6
2026-09-26 21:10:32,618 INFO COMBINED/dn fold 3: config 15 (lr=0.001, dropout=0.3) epoca 14: train_loss=0.1256 val_loss=0.1518 val_BA=0.955 mejor_epoca=14
2026-09-26 21:10:46,719 INFO COMBINED/dn fold 3: config 15 (lr=0.001, dropout=0.3) epoca 20: train_loss=0.0675 val_loss=0.2050 val_BA=0.955 mejor_epoca=14
2026-09-26 21:10:49,188 INFO COMBINED/dn fold 3: config 15 (lr=0.001, dropout=0.3) epoca 21: train_loss=0.0361 val_loss=0.1488 val_BA=0.955 mejor_epoca=21
2026-09-26 21:11:10,076 INFO COMBINED/dn fold 3: config 15 (lr=0.001, dropout=0.3) epoca 30: train_loss=0.0417 val_loss=0.1622 val_BA=0.905 mejor_epoca=21
2026-09-26 21:11:23,545 INFO COMBINED/dn fold 3 config 15: OK val_BA=0.955 mejor_epoca=21 (1.4 min)
2026-09-26 21:11:26,629 INFO COMBINED/dn fold 3: config 16 (lr=0.001, dropout=0.4) epoca 1: train_loss=0.6598 val_loss=0.7423 val_BA=0.818 mejor_epoca=1
2026-09-26 21:11:31,789 INFO COMBINED/dn fold 3: config 16 (lr=0.001, dropout=0.4) epoca 3: train_loss=0.4218 val_loss=0.1588 val_BA=0.855 mejor_epoca=3
2026-09-26 21:11:34,331 INFO COMBINED/dn fold 3: config 16 (lr=0.001, dropout=0.4) epoca 4: train_loss=0.3687 val_loss=0.2301 val_BA=0.859 mejor_epoca=4
2026-09-26 21:11:42,031 INFO COMBINED/dn fold 3: config 16 (lr=0.001, dropout=0.4) epoca 7: train_loss=0.3167 val_loss=0.1546 val_BA=0.955 mejor_epoca=7
2026-09-26 21:11:49,689 INFO COMBINED/dn fold 3: config 16 (lr=0.001, dropout=0.4) epoca 10: train_loss=0.2168 val_loss=0.1595 val_BA=0.909 mejor_epoca=7
2026-09-26 21:12:05,315 INFO COMBINED/dn fold 3: config 16 (lr=0.001, dropout=0.4) epoca 16: train_loss=0.0898 val_loss=0.0802 val_BA=0.955 mejor_epoca=16
2026-09-26 21:12:13,310 INFO COMBINED/dn fold 3: config 16 (lr=0.001, dropout=0.4) epoca 19: train_loss=0.0435 val_loss=0.0809 val_BA=1.000 mejor_epoca=19
2026-09-26 21:12:16,050 INFO COMBINED/dn fold 3: config 16 (lr=0.001, dropout=0.4) epoca 20: train_loss=0.0591 val_loss=0.2445 val_BA=0.800 mejor_epoca=19
2026-09-26 21:12:41,698 INFO COMBINED/dn fold 3: config 16 (lr=0.001, dropout=0.4) epoca 29: train_loss=0.0175 val_loss=0.0371 val_BA=1.000 mejor_epoca=29
2026-09-26 21:12:44,494 INFO COMBINED/dn fold 3: config 16 (lr=0.001, dropout=0.4) epoca 30: train_loss=0.0113 val_loss=0.0255 val_BA=1.000 mejor_epoca=30
2026-09-26 21:13:11,291 INFO COMBINED/dn fold 3: config 16 (lr=0.001, dropout=0.4) epoca 40: train_loss=0.0184 val_loss=0.0571 val_BA=1.000 mejor_epoca=30
2026-09-26 21:13:24,510 INFO COMBINED/dn fold 3 config 16: OK val_BA=1.000 mejor_epoca=30 (2.0 min)
2026-09-26 21:13:27,125 INFO COMBINED/dn fold 3: config 17 (lr=0.001, dropout=0.5) epoca 1: train_loss=0.6585 val_loss=2.0013 val_BA=0.500 mejor_epoca=1
2026-09-26 21:13:29,362 INFO COMBINED/dn fold 3: config 17 (lr=0.001, dropout=0.5) epoca 2: train_loss=0.4330 val_loss=0.2583 val_BA=0.859 mejor_epoca=2
2026-09-26 21:13:36,010 INFO COMBINED/dn fold 3: config 17 (lr=0.001, dropout=0.5) epoca 5: train_loss=0.3046 val_loss=0.2136 val_BA=0.859 mejor_epoca=5
2026-09-26 21:13:38,244 INFO COMBINED/dn fold 3: config 17 (lr=0.001, dropout=0.5) epoca 6: train_loss=0.2354 val_loss=0.2049 val_BA=0.859 mejor_epoca=6
2026-09-26 21:13:42,724 INFO COMBINED/dn fold 3: config 17 (lr=0.001, dropout=0.5) epoca 8: train_loss=0.2463 val_loss=0.2043 val_BA=0.859 mejor_epoca=8
2026-09-26 21:13:44,930 INFO COMBINED/dn fold 3: config 17 (lr=0.001, dropout=0.5) epoca 9: train_loss=0.2038 val_loss=0.1340 val_BA=0.905 mejor_epoca=9
2026-09-26 21:13:47,134 INFO COMBINED/dn fold 3: config 17 (lr=0.001, dropout=0.5) epoca 10: train_loss=0.1248 val_loss=0.0966 val_BA=0.950 mejor_epoca=10
2026-09-26 21:14:09,547 INFO COMBINED/dn fold 3: config 17 (lr=0.001, dropout=0.5) epoca 20: train_loss=0.0265 val_loss=0.2438 val_BA=0.905 mejor_epoca=10
2026-09-26 21:14:20,993 INFO COMBINED/dn fold 3 config 17: OK val_BA=0.950 mejor_epoca=10 (0.9 min)
2026-09-26 21:14:23,563 INFO COMBINED/dn fold 3: config 18 (lr=0.001, dropout=0.5) epoca 1: train_loss=0.5580 val_loss=0.1794 val_BA=0.855 mejor_epoca=1
2026-09-26 21:14:25,783 INFO COMBINED/dn fold 3: config 18 (lr=0.001, dropout=0.5) epoca 2: train_loss=0.4586 val_loss=0.1803 val_BA=0.905 mejor_epoca=2
2026-09-26 21:14:34,179 INFO COMBINED/dn fold 3: config 18 (lr=0.001, dropout=0.5) epoca 6: train_loss=0.2398 val_loss=0.2947 val_BA=0.909 mejor_epoca=6
2026-09-26 21:14:42,490 INFO COMBINED/dn fold 3: config 18 (lr=0.001, dropout=0.5) epoca 10: train_loss=0.1380 val_loss=0.1961 val_BA=0.859 mejor_epoca=6
2026-09-26 21:14:44,522 INFO COMBINED/dn fold 3: config 18 (lr=0.001, dropout=0.5) epoca 11: train_loss=0.1654 val_loss=0.2557 val_BA=0.909 mejor_epoca=11
2026-09-26 21:14:46,551 INFO COMBINED/dn fold 3: config 18 (lr=0.001, dropout=0.5) epoca 12: train_loss=0.0911 val_loss=0.2545 val_BA=0.909 mejor_epoca=12
2026-09-26 21:14:54,994 INFO COMBINED/dn fold 3: config 18 (lr=0.001, dropout=0.5) epoca 16: train_loss=0.0305 val_loss=0.1174 val_BA=0.950 mejor_epoca=16
2026-09-26 21:15:01,372 INFO COMBINED/dn fold 3: config 18 (lr=0.001, dropout=0.5) epoca 19: train_loss=0.0201 val_loss=0.3316 val_BA=0.955 mejor_epoca=19
2026-09-26 21:15:03,467 INFO COMBINED/dn fold 3: config 18 (lr=0.001, dropout=0.5) epoca 20: train_loss=0.0283 val_loss=0.1409 val_BA=0.850 mejor_epoca=19
2026-09-26 21:15:11,864 INFO COMBINED/dn fold 3: config 18 (lr=0.001, dropout=0.5) epoca 24: train_loss=0.0077 val_loss=0.1395 val_BA=0.955 mejor_epoca=24
2026-09-26 21:15:24,454 INFO COMBINED/dn fold 3: config 18 (lr=0.001, dropout=0.5) epoca 30: train_loss=0.0109 val_loss=0.1755 val_BA=0.905 mejor_epoca=24
2026-09-26 21:15:43,373 INFO COMBINED/dn fold 3 config 18: OK val_BA=0.955 mejor_epoca=24 (1.4 min)
2026-09-26 21:15:45,961 INFO COMBINED/dn fold 3: config 19 (lr=0.001, dropout=0.5) epoca 1: train_loss=0.6101 val_loss=0.6403 val_BA=0.768 mejor_epoca=1
2026-09-26 21:15:54,425 INFO COMBINED/dn fold 3: config 19 (lr=0.001, dropout=0.5) epoca 5: train_loss=0.3327 val_loss=0.4049 val_BA=0.864 mejor_epoca=5
2026-09-26 21:15:58,638 INFO COMBINED/dn fold 3: config 19 (lr=0.001, dropout=0.5) epoca 7: train_loss=0.2570 val_loss=0.2394 val_BA=0.909 mejor_epoca=7
2026-09-26 21:16:04,992 INFO COMBINED/dn fold 3: config 19 (lr=0.001, dropout=0.5) epoca 10: train_loss=0.1541 val_loss=0.1767 val_BA=0.955 mejor_epoca=10
2026-09-26 21:16:25,860 INFO COMBINED/dn fold 3: config 19 (lr=0.001, dropout=0.5) epoca 20: train_loss=0.0202 val_loss=0.1115 val_BA=0.950 mejor_epoca=10
2026-09-26 21:16:36,054 INFO COMBINED/dn fold 3 config 19: OK val_BA=0.955 mejor_epoca=10 (0.9 min)
2026-09-26 21:16:36,894 INFO log-mel COMBINED/cv/fold_04/dn: 500/4902
2026-09-26 21:16:37,491 INFO log-mel COMBINED/cv/fold_04/dn: 1000/4902
2026-09-26 21:16:38,088 INFO log-mel COMBINED/cv/fold_04/dn: 1500/4902
2026-09-26 21:16:38,685 INFO log-mel COMBINED/cv/fold_04/dn: 2000/4902
2026-09-26 21:16:39,282 INFO log-mel COMBINED/cv/fold_04/dn: 2500/4902
2026-09-26 21:16:39,878 INFO log-mel COMBINED/cv/fold_04/dn: 3000/4902
2026-09-26 21:16:40,482 INFO log-mel COMBINED/cv/fold_04/dn: 3500/4902
2026-09-26 21:16:41,166 INFO log-mel COMBINED/cv/fold_04/dn: 4000/4902
2026-09-26 21:16:41,766 INFO log-mel COMBINED/cv/fold_04/dn: 4500/4902
2026-09-26 21:16:42,254 INFO log-mel COMBINED/cv/fold_04/dn: 4902/4902
2026-09-26 21:16:43,003 INFO COMBINED/dn fold 4: log-mel dn listo en 6.9 s, forma (4902, 1, 64, 309)
2026-09-26 21:16:43,019 INFO COMBINED/dn fold 4: 86/20 pacientes train/validation, 20 de 20 configuracion(es) por evaluar
2026-09-26 21:16:45,721 INFO COMBINED/dn fold 4: config 0 (lr=0.0001, dropout=0.3) epoca 1: train_loss=0.5735 val_loss=0.9318 val_BA=0.571 mejor_epoca=1
2026-09-26 21:16:47,991 INFO COMBINED/dn fold 4: config 0 (lr=0.0001, dropout=0.3) epoca 2: train_loss=0.3737 val_loss=0.3863 val_BA=0.944 mejor_epoca=2
2026-09-26 21:16:50,383 INFO COMBINED/dn fold 4: config 0 (lr=0.0001, dropout=0.3) epoca 3: train_loss=0.2691 val_loss=0.1785 val_BA=0.944 mejor_epoca=3
2026-09-26 21:17:06,143 INFO COMBINED/dn fold 4: config 0 (lr=0.0001, dropout=0.3) epoca 10: train_loss=0.0491 val_loss=0.1760 val_BA=0.944 mejor_epoca=10
2026-09-26 21:17:21,972 INFO COMBINED/dn fold 4: config 0 (lr=0.0001, dropout=0.3) epoca 17: train_loss=0.0100 val_loss=0.1450 val_BA=0.944 mejor_epoca=17
2026-09-26 21:17:28,956 INFO COMBINED/dn fold 4: config 0 (lr=0.0001, dropout=0.3) epoca 20: train_loss=0.0130 val_loss=0.4897 val_BA=0.944 mejor_epoca=17
2026-09-26 21:17:45,576 INFO COMBINED/dn fold 4: config 0 (lr=0.0001, dropout=0.3) epoca 27: train_loss=0.0119 val_loss=0.4822 val_BA=1.000 mejor_epoca=27
2026-09-26 21:17:52,578 INFO COMBINED/dn fold 4: config 0 (lr=0.0001, dropout=0.3) epoca 30: train_loss=0.0035 val_loss=0.0967 val_BA=0.722 mejor_epoca=27
2026-09-26 21:18:17,287 INFO COMBINED/dn fold 4: config 0 (lr=0.0001, dropout=0.3) epoca 40: train_loss=0.0076 val_loss=0.0935 val_BA=0.833 mejor_epoca=27
2026-09-26 21:18:22,206 INFO COMBINED/dn fold 4 config 0: OK val_BA=1.000 mejor_epoca=27 (1.7 min)
2026-09-26 21:18:24,355 INFO COMBINED/dn fold 4: config 1 (lr=0.0001, dropout=0.3) epoca 1: train_loss=0.5952 val_loss=1.3580 val_BA=0.500 mejor_epoca=1
2026-09-26 21:18:26,255 INFO COMBINED/dn fold 4: config 1 (lr=0.0001, dropout=0.3) epoca 2: train_loss=0.4488 val_loss=0.4574 val_BA=0.899 mejor_epoca=2
2026-09-26 21:18:37,719 INFO COMBINED/dn fold 4: config 1 (lr=0.0001, dropout=0.3) epoca 8: train_loss=0.0654 val_loss=0.2339 val_BA=1.000 mejor_epoca=8
2026-09-26 21:18:41,640 INFO COMBINED/dn fold 4: config 1 (lr=0.0001, dropout=0.3) epoca 10: train_loss=0.0353 val_loss=0.4138 val_BA=1.000 mejor_epoca=8
2026-09-26 21:18:51,240 INFO COMBINED/dn fold 4: config 1 (lr=0.0001, dropout=0.3) epoca 15: train_loss=0.0133 val_loss=0.2063 val_BA=1.000 mejor_epoca=15
2026-09-26 21:19:00,533 INFO COMBINED/dn fold 4: config 1 (lr=0.0001, dropout=0.3) epoca 20: train_loss=0.0069 val_loss=0.0608 val_BA=0.944 mejor_epoca=15
2026-09-26 21:19:13,819 INFO COMBINED/dn fold 4: config 1 (lr=0.0001, dropout=0.3) epoca 27: train_loss=0.0050 val_loss=0.1792 val_BA=1.000 mejor_epoca=27
2026-09-26 21:19:19,521 INFO COMBINED/dn fold 4: config 1 (lr=0.0001, dropout=0.3) epoca 30: train_loss=0.0032 val_loss=0.0478 val_BA=0.944 mejor_epoca=27
2026-09-26 21:19:38,634 INFO COMBINED/dn fold 4: config 1 (lr=0.0001, dropout=0.3) epoca 40: train_loss=0.0027 val_loss=0.0384 val_BA=0.944 mejor_epoca=27
2026-09-26 21:19:42,470 INFO COMBINED/dn fold 4 config 1: OK val_BA=1.000 mejor_epoca=27 (1.3 min)
2026-09-26 21:19:44,738 INFO COMBINED/dn fold 4: config 2 (lr=0.0001, dropout=0.4) epoca 1: train_loss=0.6503 val_loss=0.6092 val_BA=0.899 mejor_epoca=1
2026-09-26 21:19:46,748 INFO COMBINED/dn fold 4: config 2 (lr=0.0001, dropout=0.4) epoca 2: train_loss=0.4931 val_loss=0.3529 val_BA=0.944 mejor_epoca=2
2026-09-26 21:19:52,977 INFO COMBINED/dn fold 4: config 2 (lr=0.0001, dropout=0.4) epoca 5: train_loss=0.1952 val_loss=0.4836 val_BA=1.000 mejor_epoca=5
2026-09-26 21:19:55,017 INFO COMBINED/dn fold 4: config 2 (lr=0.0001, dropout=0.4) epoca 6: train_loss=0.1648 val_loss=0.2918 val_BA=1.000 mejor_epoca=6
2026-09-26 21:20:03,123 INFO COMBINED/dn fold 4: config 2 (lr=0.0001, dropout=0.4) epoca 10: train_loss=0.0493 val_loss=0.3508 val_BA=0.944 mejor_epoca=6
2026-09-26 21:20:07,161 INFO COMBINED/dn fold 4: config 2 (lr=0.0001, dropout=0.4) epoca 12: train_loss=0.0174 val_loss=0.1497 val_BA=1.000 mejor_epoca=12
2026-09-26 21:20:17,217 INFO COMBINED/dn fold 4: config 2 (lr=0.0001, dropout=0.4) epoca 17: train_loss=0.0106 val_loss=0.1076 val_BA=1.000 mejor_epoca=17
2026-09-26 21:20:23,357 INFO COMBINED/dn fold 4: config 2 (lr=0.0001, dropout=0.4) epoca 20: train_loss=0.0059 val_loss=0.0589 val_BA=0.944 mejor_epoca=17
2026-09-26 21:20:43,568 INFO COMBINED/dn fold 4: config 2 (lr=0.0001, dropout=0.4) epoca 30: train_loss=0.0028 val_loss=0.0800 val_BA=0.833 mejor_epoca=17
2026-09-26 21:20:47,610 INFO COMBINED/dn fold 4 config 2: OK val_BA=1.000 mejor_epoca=17 (1.1 min)
2026-09-26 21:20:50,141 INFO COMBINED/dn fold 4: config 3 (lr=0.0001, dropout=0.4) epoca 1: train_loss=0.6275 val_loss=0.3184 val_BA=0.556 mejor_epoca=1
2026-09-26 21:20:52,473 INFO COMBINED/dn fold 4: config 3 (lr=0.0001, dropout=0.4) epoca 2: train_loss=0.4275 val_loss=0.4540 val_BA=0.889 mejor_epoca=2
2026-09-26 21:20:54,869 INFO COMBINED/dn fold 4: config 3 (lr=0.0001, dropout=0.4) epoca 3: train_loss=0.3325 val_loss=0.3888 val_BA=0.944 mejor_epoca=3
2026-09-26 21:20:57,282 INFO COMBINED/dn fold 4: config 3 (lr=0.0001, dropout=0.4) epoca 4: train_loss=0.2516 val_loss=0.2521 val_BA=1.000 mejor_epoca=4
2026-09-26 21:21:06,610 INFO COMBINED/dn fold 4: config 3 (lr=0.0001, dropout=0.4) epoca 8: train_loss=0.1208 val_loss=0.1519 val_BA=1.000 mejor_epoca=8
2026-09-26 21:21:11,433 INFO COMBINED/dn fold 4: config 3 (lr=0.0001, dropout=0.4) epoca 10: train_loss=0.0510 val_loss=0.0732 val_BA=0.778 mejor_epoca=8
2026-09-26 21:21:26,608 INFO COMBINED/dn fold 4: config 3 (lr=0.0001, dropout=0.4) epoca 16: train_loss=0.0148 val_loss=0.1210 val_BA=1.000 mejor_epoca=16
2026-09-26 21:21:33,527 INFO COMBINED/dn fold 4: config 3 (lr=0.0001, dropout=0.4) epoca 19: train_loss=0.0069 val_loss=0.1074 val_BA=1.000 mejor_epoca=19
2026-09-26 21:21:36,193 INFO COMBINED/dn fold 4: config 3 (lr=0.0001, dropout=0.4) epoca 20: train_loss=0.0127 val_loss=0.0551 val_BA=0.889 mejor_epoca=19
2026-09-26 21:22:00,001 INFO COMBINED/dn fold 4: config 3 (lr=0.0001, dropout=0.4) epoca 30: train_loss=0.0053 val_loss=0.1081 val_BA=0.778 mejor_epoca=19
2026-09-26 21:22:09,261 INFO COMBINED/dn fold 4 config 3: OK val_BA=1.000 mejor_epoca=19 (1.4 min)
2026-09-26 21:22:11,486 INFO COMBINED/dn fold 4: config 4 (lr=0.0001, dropout=0.4) epoca 1: train_loss=0.6322 val_loss=0.9139 val_BA=0.535 mejor_epoca=1
2026-09-26 21:22:13,463 INFO COMBINED/dn fold 4: config 4 (lr=0.0001, dropout=0.4) epoca 2: train_loss=0.4412 val_loss=0.6733 val_BA=0.864 mejor_epoca=2
2026-09-26 21:22:15,396 INFO COMBINED/dn fold 4: config 4 (lr=0.0001, dropout=0.4) epoca 3: train_loss=0.3352 val_loss=0.2595 val_BA=0.944 mejor_epoca=3
2026-09-26 21:22:21,159 INFO COMBINED/dn fold 4: config 4 (lr=0.0001, dropout=0.4) epoca 6: train_loss=0.1542 val_loss=0.6427 val_BA=0.955 mejor_epoca=6
2026-09-26 21:22:23,040 INFO COMBINED/dn fold 4: config 4 (lr=0.0001, dropout=0.4) epoca 7: train_loss=0.1096 val_loss=0.5233 val_BA=1.000 mejor_epoca=7
2026-09-26 21:22:28,770 INFO COMBINED/dn fold 4: config 4 (lr=0.0001, dropout=0.4) epoca 10: train_loss=0.0382 val_loss=0.0976 val_BA=0.667 mejor_epoca=7
2026-09-26 21:22:30,666 INFO COMBINED/dn fold 4: config 4 (lr=0.0001, dropout=0.4) epoca 11: train_loss=0.0300 val_loss=0.2489 val_BA=1.000 mejor_epoca=11
2026-09-26 21:22:44,381 INFO COMBINED/dn fold 4: config 4 (lr=0.0001, dropout=0.4) epoca 18: train_loss=0.0083 val_loss=0.2045 val_BA=1.000 mejor_epoca=18
2026-09-26 21:22:48,217 INFO COMBINED/dn fold 4: config 4 (lr=0.0001, dropout=0.4) epoca 20: train_loss=0.0081 val_loss=0.1224 val_BA=1.000 mejor_epoca=20
2026-09-26 21:23:07,691 INFO COMBINED/dn fold 4: config 4 (lr=0.0001, dropout=0.4) epoca 30: train_loss=0.0034 val_loss=0.0612 val_BA=0.778 mejor_epoca=20
2026-09-26 21:23:17,637 INFO COMBINED/dn fold 4 config 4: OK val_BA=1.000 mejor_epoca=20 (1.1 min)
2026-09-26 21:23:19,714 INFO COMBINED/dn fold 4: config 5 (lr=0.0001, dropout=0.4) epoca 1: train_loss=0.5921 val_loss=0.8967 val_BA=0.682 mejor_epoca=1
2026-09-26 21:23:21,562 INFO COMBINED/dn fold 4: config 5 (lr=0.0001, dropout=0.4) epoca 2: train_loss=0.4550 val_loss=0.5711 val_BA=0.899 mejor_epoca=2
2026-09-26 21:23:30,862 INFO COMBINED/dn fold 4: config 5 (lr=0.0001, dropout=0.4) epoca 7: train_loss=0.0891 val_loss=0.4210 val_BA=0.955 mejor_epoca=7
2026-09-26 21:23:36,468 INFO COMBINED/dn fold 4: config 5 (lr=0.0001, dropout=0.4) epoca 10: train_loss=0.0335 val_loss=0.2788 val_BA=0.889 mejor_epoca=7
2026-09-26 21:23:41,935 INFO COMBINED/dn fold 4: config 5 (lr=0.0001, dropout=0.4) epoca 13: train_loss=0.0160 val_loss=0.3995 val_BA=1.000 mejor_epoca=13
2026-09-26 21:23:45,557 INFO COMBINED/dn fold 4: config 5 (lr=0.0001, dropout=0.4) epoca 15: train_loss=0.0125 val_loss=0.3532 val_BA=1.000 mejor_epoca=15
2026-09-26 21:23:54,613 INFO COMBINED/dn fold 4: config 5 (lr=0.0001, dropout=0.4) epoca 20: train_loss=0.0064 val_loss=0.0651 val_BA=0.889 mejor_epoca=15
2026-09-26 21:23:56,462 INFO COMBINED/dn fold 4: config 5 (lr=0.0001, dropout=0.4) epoca 21: train_loss=0.0061 val_loss=0.1433 val_BA=1.000 mejor_epoca=21
2026-09-26 21:24:12,697 INFO COMBINED/dn fold 4: config 5 (lr=0.0001, dropout=0.4) epoca 30: train_loss=0.0044 val_loss=0.1549 val_BA=0.944 mejor_epoca=21
2026-09-26 21:24:23,984 INFO COMBINED/dn fold 4 config 5: OK val_BA=1.000 mejor_epoca=21 (1.1 min)
2026-09-26 21:24:27,408 INFO COMBINED/dn fold 4: config 6 (lr=0.0001, dropout=0.5) epoca 1: train_loss=0.6850 val_loss=1.4291 val_BA=0.500 mejor_epoca=1
2026-09-26 21:24:30,083 INFO COMBINED/dn fold 4: config 6 (lr=0.0001, dropout=0.5) epoca 2: train_loss=0.4839 val_loss=0.3642 val_BA=0.722 mejor_epoca=2
2026-09-26 21:24:32,667 INFO COMBINED/dn fold 4: config 6 (lr=0.0001, dropout=0.5) epoca 3: train_loss=0.3434 val_loss=0.3990 val_BA=0.944 mejor_epoca=3
2026-09-26 21:24:43,262 INFO COMBINED/dn fold 4: config 6 (lr=0.0001, dropout=0.5) epoca 7: train_loss=0.1690 val_loss=0.4554 val_BA=1.000 mejor_epoca=7
2026-09-26 21:24:51,357 INFO COMBINED/dn fold 4: config 6 (lr=0.0001, dropout=0.5) epoca 10: train_loss=0.0606 val_loss=0.0901 val_BA=0.778 mejor_epoca=7
2026-09-26 21:25:18,267 INFO COMBINED/dn fold 4: config 6 (lr=0.0001, dropout=0.5) epoca 20: train_loss=0.0195 val_loss=0.0536 val_BA=0.944 mejor_epoca=7
2026-09-26 21:25:23,388 INFO COMBINED/dn fold 4 config 6: OK val_BA=1.000 mejor_epoca=7 (1.0 min)
2026-09-26 21:25:25,598 INFO COMBINED/dn fold 4: config 7 (lr=0.0001, dropout=0.5) epoca 1: train_loss=0.6324 val_loss=0.4249 val_BA=0.889 mejor_epoca=1
2026-09-26 21:25:29,468 INFO COMBINED/dn fold 4: config 7 (lr=0.0001, dropout=0.5) epoca 3: train_loss=0.3778 val_loss=0.3682 val_BA=0.889 mejor_epoca=3
2026-09-26 21:25:39,071 INFO COMBINED/dn fold 4: config 7 (lr=0.0001, dropout=0.5) epoca 8: train_loss=0.0961 val_loss=0.2988 val_BA=0.889 mejor_epoca=8
2026-09-26 21:25:41,022 INFO COMBINED/dn fold 4: config 7 (lr=0.0001, dropout=0.5) epoca 9: train_loss=0.0696 val_loss=0.2590 val_BA=1.000 mejor_epoca=9
2026-09-26 21:25:42,972 INFO COMBINED/dn fold 4: config 7 (lr=0.0001, dropout=0.5) epoca 10: train_loss=0.0462 val_loss=0.1392 val_BA=0.889 mejor_epoca=9
2026-09-26 21:25:56,613 INFO COMBINED/dn fold 4: config 7 (lr=0.0001, dropout=0.5) epoca 17: train_loss=0.0133 val_loss=0.2122 val_BA=1.000 mejor_epoca=17
2026-09-26 21:26:02,439 INFO COMBINED/dn fold 4: config 7 (lr=0.0001, dropout=0.5) epoca 20: train_loss=0.0082 val_loss=0.0856 val_BA=0.722 mejor_epoca=17
2026-09-26 21:26:08,261 INFO COMBINED/dn fold 4: config 7 (lr=0.0001, dropout=0.5) epoca 23: train_loss=0.0064 val_loss=0.1859 val_BA=1.000 mejor_epoca=23
2026-09-26 21:26:10,235 INFO COMBINED/dn fold 4: config 7 (lr=0.0001, dropout=0.5) epoca 24: train_loss=0.0054 val_loss=0.1269 val_BA=1.000 mejor_epoca=24
2026-09-26 21:26:18,204 INFO COMBINED/dn fold 4: config 7 (lr=0.0001, dropout=0.5) epoca 28: train_loss=0.0046 val_loss=0.1244 val_BA=1.000 mejor_epoca=28
2026-09-26 21:26:22,225 INFO COMBINED/dn fold 4: config 7 (lr=0.0001, dropout=0.5) epoca 30: train_loss=0.0041 val_loss=0.1218 val_BA=1.000 mejor_epoca=30
2026-09-26 21:26:38,106 INFO COMBINED/dn fold 4: config 7 (lr=0.0001, dropout=0.5) epoca 38: train_loss=0.0023 val_loss=0.1085 val_BA=1.000 mejor_epoca=38
2026-09-26 21:26:41,879 INFO COMBINED/dn fold 4: config 7 (lr=0.0001, dropout=0.5) epoca 40: train_loss=0.0024 val_loss=0.0730 val_BA=1.000 mejor_epoca=40
2026-09-26 21:27:00,701 INFO COMBINED/dn fold 4: config 7 (lr=0.0001, dropout=0.5) epoca 50: train_loss=0.0013 val_loss=0.0839 val_BA=0.722 mejor_epoca=40
2026-09-26 21:27:06,361 INFO COMBINED/dn fold 4: config 7 (lr=0.0001, dropout=0.5) epoca 53: train_loss=0.0012 val_loss=0.0701 val_BA=1.000 mejor_epoca=53
2026-09-26 21:27:19,984 INFO COMBINED/dn fold 4: config 7 (lr=0.0001, dropout=0.5) epoca 60: train_loss=0.0009 val_loss=0.0585 val_BA=0.944 mejor_epoca=53
2026-09-26 21:27:35,439 INFO COMBINED/dn fold 4 config 7: OK val_BA=1.000 mejor_epoca=53 (2.2 min)
2026-09-26 21:27:37,611 INFO COMBINED/dn fold 4: config 8 (lr=0.0003, dropout=0.3) epoca 1: train_loss=0.5537 val_loss=0.2954 val_BA=0.667 mejor_epoca=1
2026-09-26 21:27:39,503 INFO COMBINED/dn fold 4: config 8 (lr=0.0003, dropout=0.3) epoca 2: train_loss=0.3871 val_loss=0.1949 val_BA=0.667 mejor_epoca=2
2026-09-26 21:27:41,347 INFO COMBINED/dn fold 4: config 8 (lr=0.0003, dropout=0.3) epoca 3: train_loss=0.2828 val_loss=0.1106 val_BA=0.944 mejor_epoca=3
2026-09-26 21:27:45,083 INFO COMBINED/dn fold 4: config 8 (lr=0.0003, dropout=0.3) epoca 5: train_loss=0.1727 val_loss=0.0852 val_BA=0.944 mejor_epoca=5
2026-09-26 21:27:52,491 INFO COMBINED/dn fold 4: config 8 (lr=0.0003, dropout=0.3) epoca 9: train_loss=0.0583 val_loss=0.4785 val_BA=1.000 mejor_epoca=9
2026-09-26 21:27:54,363 INFO COMBINED/dn fold 4: config 8 (lr=0.0003, dropout=0.3) epoca 10: train_loss=0.0320 val_loss=0.3487 val_BA=1.000 mejor_epoca=10
2026-09-26 21:28:12,820 INFO COMBINED/dn fold 4: config 8 (lr=0.0003, dropout=0.3) epoca 20: train_loss=0.0020 val_loss=0.0561 val_BA=0.889 mejor_epoca=10
2026-09-26 21:28:22,139 INFO COMBINED/dn fold 4 config 8: OK val_BA=1.000 mejor_epoca=10 (0.8 min)
2026-09-26 21:28:24,321 INFO COMBINED/dn fold 4: config 9 (lr=0.0003, dropout=0.4) epoca 1: train_loss=0.5847 val_loss=0.2712 val_BA=0.944 mejor_epoca=1
2026-09-26 21:28:26,347 INFO COMBINED/dn fold 4: config 9 (lr=0.0003, dropout=0.4) epoca 2: train_loss=0.3549 val_loss=0.6799 val_BA=1.000 mejor_epoca=2
2026-09-26 21:28:34,429 INFO COMBINED/dn fold 4: config 9 (lr=0.0003, dropout=0.4) epoca 6: train_loss=0.1343 val_loss=0.6133 val_BA=1.000 mejor_epoca=6
2026-09-26 21:28:36,451 INFO COMBINED/dn fold 4: config 9 (lr=0.0003, dropout=0.4) epoca 7: train_loss=0.1200 val_loss=0.3922 val_BA=1.000 mejor_epoca=7
2026-09-26 21:28:42,511 INFO COMBINED/dn fold 4: config 9 (lr=0.0003, dropout=0.4) epoca 10: train_loss=0.0676 val_loss=0.1460 val_BA=0.833 mejor_epoca=7
2026-09-26 21:29:02,929 INFO COMBINED/dn fold 4: config 9 (lr=0.0003, dropout=0.4) epoca 20: train_loss=0.0124 val_loss=0.0858 val_BA=0.833 mejor_epoca=7
2026-09-26 21:29:07,174 INFO COMBINED/dn fold 4 config 9: OK val_BA=1.000 mejor_epoca=7 (0.8 min)
2026-09-26 21:29:10,094 INFO COMBINED/dn fold 4: config 10 (lr=0.0003, dropout=0.4) epoca 1: train_loss=0.6729 val_loss=0.2491 val_BA=0.778 mejor_epoca=1
2026-09-26 21:29:12,662 INFO COMBINED/dn fold 4: config 10 (lr=0.0003, dropout=0.4) epoca 2: train_loss=0.4161 val_loss=0.3859 val_BA=0.944 mejor_epoca=2
2026-09-26 21:29:26,160 INFO COMBINED/dn fold 4: config 10 (lr=0.0003, dropout=0.4) epoca 7: train_loss=0.1396 val_loss=0.1323 val_BA=0.944 mejor_epoca=7
2026-09-26 21:29:34,300 INFO COMBINED/dn fold 4: config 10 (lr=0.0003, dropout=0.4) epoca 10: train_loss=0.0739 val_loss=0.1768 val_BA=0.889 mejor_epoca=7
2026-09-26 21:29:50,644 INFO COMBINED/dn fold 4: config 10 (lr=0.0003, dropout=0.4) epoca 16: train_loss=0.0333 val_loss=0.0827 val_BA=0.944 mejor_epoca=16
2026-09-26 21:29:55,846 INFO COMBINED/dn fold 4: config 10 (lr=0.0003, dropout=0.4) epoca 18: train_loss=0.0101 val_loss=0.0637 val_BA=0.944 mejor_epoca=18
2026-09-26 21:30:00,939 INFO COMBINED/dn fold 4: config 10 (lr=0.0003, dropout=0.4) epoca 20: train_loss=0.0258 val_loss=0.0696 val_BA=0.944 mejor_epoca=18
2026-09-26 21:30:25,243 INFO COMBINED/dn fold 4: config 10 (lr=0.0003, dropout=0.4) epoca 30: train_loss=0.0238 val_loss=0.1790 val_BA=0.722 mejor_epoca=18
2026-09-26 21:30:32,713 INFO COMBINED/dn fold 4 config 10: OK val_BA=0.944 mejor_epoca=18 (1.4 min)
2026-09-26 21:30:34,813 INFO COMBINED/dn fold 4: config 11 (lr=0.0003, dropout=0.5) epoca 1: train_loss=0.6545 val_loss=0.8598 val_BA=0.864 mejor_epoca=1
2026-09-26 21:30:36,692 INFO COMBINED/dn fold 4: config 11 (lr=0.0003, dropout=0.5) epoca 2: train_loss=0.4439 val_loss=0.5215 val_BA=0.944 mejor_epoca=2
2026-09-26 21:30:40,450 INFO COMBINED/dn fold 4: config 11 (lr=0.0003, dropout=0.5) epoca 4: train_loss=0.2548 val_loss=0.2051 val_BA=0.944 mejor_epoca=4
2026-09-26 21:30:47,981 INFO COMBINED/dn fold 4: config 11 (lr=0.0003, dropout=0.5) epoca 8: train_loss=0.0913 val_loss=0.7470 val_BA=0.955 mejor_epoca=8
2026-09-26 21:30:51,704 INFO COMBINED/dn fold 4: config 11 (lr=0.0003, dropout=0.5) epoca 10: train_loss=0.0458 val_loss=0.1619 val_BA=0.778 mejor_epoca=8
2026-09-26 21:30:53,580 INFO COMBINED/dn fold 4: config 11 (lr=0.0003, dropout=0.5) epoca 11: train_loss=0.0348 val_loss=0.1105 val_BA=1.000 mejor_epoca=11
2026-09-26 21:31:10,432 INFO COMBINED/dn fold 4: config 11 (lr=0.0003, dropout=0.5) epoca 20: train_loss=0.0029 val_loss=0.0824 val_BA=0.778 mejor_epoca=11
2026-09-26 21:31:21,678 INFO COMBINED/dn fold 4 config 11: OK val_BA=1.000 mejor_epoca=11 (0.8 min)
2026-09-26 21:31:23,901 INFO COMBINED/dn fold 4: config 12 (lr=0.0003, dropout=0.5) epoca 1: train_loss=0.5873 val_loss=0.6650 val_BA=0.818 mejor_epoca=1
2026-09-26 21:31:30,283 INFO COMBINED/dn fold 4: config 12 (lr=0.0003, dropout=0.5) epoca 4: train_loss=0.2738 val_loss=0.5769 val_BA=0.944 mejor_epoca=4
2026-09-26 21:31:34,572 INFO COMBINED/dn fold 4: config 12 (lr=0.0003, dropout=0.5) epoca 6: train_loss=0.1967 val_loss=0.4455 val_BA=0.955 mejor_epoca=6
2026-09-26 21:31:42,952 INFO COMBINED/dn fold 4: config 12 (lr=0.0003, dropout=0.5) epoca 10: train_loss=0.0735 val_loss=0.2443 val_BA=0.833 mejor_epoca=6
2026-09-26 21:32:04,836 INFO COMBINED/dn fold 4: config 12 (lr=0.0003, dropout=0.5) epoca 20: train_loss=0.0276 val_loss=0.1061 val_BA=0.833 mejor_epoca=6
2026-09-26 21:32:07,035 INFO COMBINED/dn fold 4 config 12: OK val_BA=0.955 mejor_epoca=6 (0.8 min)
2026-09-26 21:32:10,177 INFO COMBINED/dn fold 4: config 13 (lr=0.001, dropout=0.2) epoca 1: train_loss=0.7303 val_loss=0.4603 val_BA=0.722 mejor_epoca=1
2026-09-26 21:32:12,729 INFO COMBINED/dn fold 4: config 13 (lr=0.001, dropout=0.2) epoca 2: train_loss=0.5371 val_loss=0.9667 val_BA=0.727 mejor_epoca=2
2026-09-26 21:32:15,026 INFO COMBINED/dn fold 4: config 13 (lr=0.001, dropout=0.2) epoca 3: train_loss=0.4434 val_loss=0.2346 val_BA=0.778 mejor_epoca=3
2026-09-26 21:32:17,328 INFO COMBINED/dn fold 4: config 13 (lr=0.001, dropout=0.2) epoca 4: train_loss=0.3469 val_loss=0.4579 val_BA=0.843 mejor_epoca=4
2026-09-26 21:32:19,615 INFO COMBINED/dn fold 4: config 13 (lr=0.001, dropout=0.2) epoca 5: train_loss=0.3389 val_loss=0.2506 val_BA=0.889 mejor_epoca=5
2026-09-26 21:32:21,919 INFO COMBINED/dn fold 4: config 13 (lr=0.001, dropout=0.2) epoca 6: train_loss=0.2947 val_loss=0.2251 val_BA=0.944 mejor_epoca=6
2026-09-26 21:32:31,491 INFO COMBINED/dn fold 4: config 13 (lr=0.001, dropout=0.2) epoca 10: train_loss=0.2036 val_loss=0.2617 val_BA=0.889 mejor_epoca=6
2026-09-26 21:32:57,086 INFO COMBINED/dn fold 4: config 13 (lr=0.001, dropout=0.2) epoca 20: train_loss=0.0708 val_loss=0.1657 val_BA=0.833 mejor_epoca=6
2026-09-26 21:32:59,733 INFO COMBINED/dn fold 4 config 13: OK val_BA=0.944 mejor_epoca=6 (0.9 min)
2026-09-26 21:33:01,993 INFO COMBINED/dn fold 4: config 14 (lr=0.001, dropout=0.3) epoca 1: train_loss=0.6206 val_loss=0.1993 val_BA=0.778 mejor_epoca=1
2026-09-26 21:33:03,930 INFO COMBINED/dn fold 4: config 14 (lr=0.001, dropout=0.3) epoca 2: train_loss=0.4534 val_loss=0.1994 val_BA=0.889 mejor_epoca=2
2026-09-26 21:33:17,747 INFO COMBINED/dn fold 4: config 14 (lr=0.001, dropout=0.3) epoca 9: train_loss=0.1460 val_loss=0.1749 val_BA=0.889 mejor_epoca=9
2026-09-26 21:33:19,690 INFO COMBINED/dn fold 4: config 14 (lr=0.001, dropout=0.3) epoca 10: train_loss=0.1428 val_loss=0.1174 val_BA=0.833 mejor_epoca=9
2026-09-26 21:33:21,677 INFO COMBINED/dn fold 4: config 14 (lr=0.001, dropout=0.3) epoca 11: train_loss=0.0807 val_loss=0.1596 val_BA=0.889 mejor_epoca=11
2026-09-26 21:33:25,606 INFO COMBINED/dn fold 4: config 14 (lr=0.001, dropout=0.3) epoca 13: train_loss=0.0899 val_loss=0.0916 val_BA=0.889 mejor_epoca=13
2026-09-26 21:33:35,501 INFO COMBINED/dn fold 4: config 14 (lr=0.001, dropout=0.3) epoca 18: train_loss=0.0183 val_loss=0.0799 val_BA=0.889 mejor_epoca=18
2026-09-26 21:33:39,418 INFO COMBINED/dn fold 4: config 14 (lr=0.001, dropout=0.3) epoca 20: train_loss=0.0175 val_loss=0.3628 val_BA=0.833 mejor_epoca=18
2026-09-26 21:33:45,168 INFO COMBINED/dn fold 4: config 14 (lr=0.001, dropout=0.3) epoca 23: train_loss=0.0096 val_loss=0.1035 val_BA=0.944 mejor_epoca=23
2026-09-26 21:33:47,056 INFO COMBINED/dn fold 4: config 14 (lr=0.001, dropout=0.3) epoca 24: train_loss=0.0043 val_loss=0.1027 val_BA=0.944 mejor_epoca=24
2026-09-26 21:33:58,189 INFO COMBINED/dn fold 4: config 14 (lr=0.001, dropout=0.3) epoca 30: train_loss=0.0360 val_loss=0.1730 val_BA=0.889 mejor_epoca=24
2026-09-26 21:34:15,174 INFO COMBINED/dn fold 4 config 14: OK val_BA=0.944 mejor_epoca=24 (1.3 min)
2026-09-26 21:34:17,488 INFO COMBINED/dn fold 4: config 15 (lr=0.001, dropout=0.3) epoca 1: train_loss=0.6682 val_loss=0.3864 val_BA=0.944 mejor_epoca=1
2026-09-26 21:34:23,566 INFO COMBINED/dn fold 4: config 15 (lr=0.001, dropout=0.3) epoca 4: train_loss=0.3735 val_loss=0.6637 val_BA=0.955 mejor_epoca=4
2026-09-26 21:34:35,821 INFO COMBINED/dn fold 4: config 15 (lr=0.001, dropout=0.3) epoca 10: train_loss=0.2118 val_loss=0.1891 val_BA=0.833 mejor_epoca=4
2026-09-26 21:34:56,383 INFO COMBINED/dn fold 4: config 15 (lr=0.001, dropout=0.3) epoca 20: train_loss=0.0613 val_loss=0.1200 val_BA=0.889 mejor_epoca=4
2026-09-26 21:34:56,428 INFO COMBINED/dn fold 4 config 15: OK val_BA=0.955 mejor_epoca=4 (0.7 min)
2026-09-26 21:34:59,323 INFO COMBINED/dn fold 4: config 16 (lr=0.001, dropout=0.4) epoca 1: train_loss=0.7199 val_loss=0.3224 val_BA=0.556 mejor_epoca=1
2026-09-26 21:35:04,618 INFO COMBINED/dn fold 4: config 16 (lr=0.001, dropout=0.4) epoca 3: train_loss=0.6726 val_loss=0.8167 val_BA=0.662 mejor_epoca=3
2026-09-26 21:35:07,293 INFO COMBINED/dn fold 4: config 16 (lr=0.001, dropout=0.4) epoca 4: train_loss=0.5830 val_loss=0.2436 val_BA=0.722 mejor_epoca=4
2026-09-26 21:35:09,885 INFO COMBINED/dn fold 4: config 16 (lr=0.001, dropout=0.4) epoca 5: train_loss=0.4528 val_loss=0.5217 val_BA=0.833 mejor_epoca=5
2026-09-26 21:35:12,552 INFO COMBINED/dn fold 4: config 16 (lr=0.001, dropout=0.4) epoca 6: train_loss=0.4202 val_loss=0.4442 val_BA=0.944 mejor_epoca=6
2026-09-26 21:35:22,381 INFO COMBINED/dn fold 4: config 16 (lr=0.001, dropout=0.4) epoca 10: train_loss=0.2419 val_loss=0.2948 val_BA=0.889 mejor_epoca=6
2026-09-26 21:35:46,733 INFO COMBINED/dn fold 4: config 16 (lr=0.001, dropout=0.4) epoca 20: train_loss=0.0665 val_loss=0.1374 val_BA=0.889 mejor_epoca=6
2026-09-26 21:35:49,311 INFO COMBINED/dn fold 4: config 16 (lr=0.001, dropout=0.4) epoca 21: train_loss=0.0936 val_loss=0.1205 val_BA=0.944 mejor_epoca=21
2026-09-26 21:36:10,031 INFO COMBINED/dn fold 4: config 16 (lr=0.001, dropout=0.4) epoca 29: train_loss=0.0310 val_loss=0.0882 val_BA=0.944 mejor_epoca=29
2026-09-26 21:36:12,762 INFO COMBINED/dn fold 4: config 16 (lr=0.001, dropout=0.4) epoca 30: train_loss=0.0387 val_loss=0.4714 val_BA=0.944 mejor_epoca=29
2026-09-26 21:36:38,156 INFO COMBINED/dn fold 4: config 16 (lr=0.001, dropout=0.4) epoca 40: train_loss=0.0119 val_loss=0.1964 val_BA=0.889 mejor_epoca=29
2026-09-26 21:36:47,710 INFO COMBINED/dn fold 4 config 16: OK val_BA=0.944 mejor_epoca=29 (1.9 min)
2026-09-26 21:36:49,835 INFO COMBINED/dn fold 4: config 17 (lr=0.001, dropout=0.5) epoca 1: train_loss=0.5541 val_loss=0.2204 val_BA=0.722 mejor_epoca=1
2026-09-26 21:36:51,729 INFO COMBINED/dn fold 4: config 17 (lr=0.001, dropout=0.5) epoca 2: train_loss=0.3868 val_loss=0.2192 val_BA=0.833 mejor_epoca=2
2026-09-26 21:36:55,650 INFO COMBINED/dn fold 4: config 17 (lr=0.001, dropout=0.5) epoca 4: train_loss=0.3143 val_loss=0.4099 val_BA=0.889 mejor_epoca=4
2026-09-26 21:37:02,136 INFO COMBINED/dn fold 4: config 17 (lr=0.001, dropout=0.5) epoca 7: train_loss=0.1924 val_loss=0.2582 val_BA=0.944 mejor_epoca=7
2026-09-26 21:37:08,664 INFO COMBINED/dn fold 4: config 17 (lr=0.001, dropout=0.5) epoca 10: train_loss=0.1423 val_loss=0.3500 val_BA=0.833 mejor_epoca=7
2026-09-26 21:37:17,003 INFO COMBINED/dn fold 4: config 17 (lr=0.001, dropout=0.5) epoca 14: train_loss=0.0758 val_loss=0.1798 val_BA=0.944 mejor_epoca=14
2026-09-26 21:37:29,019 INFO COMBINED/dn fold 4: config 17 (lr=0.001, dropout=0.5) epoca 20: train_loss=0.0321 val_loss=0.1743 val_BA=0.778 mejor_epoca=14
2026-09-26 21:37:46,644 INFO COMBINED/dn fold 4: config 17 (lr=0.001, dropout=0.5) epoca 29: train_loss=0.0082 val_loss=0.1198 val_BA=0.944 mejor_epoca=29
2026-09-26 21:37:48,555 INFO COMBINED/dn fold 4: config 17 (lr=0.001, dropout=0.5) epoca 30: train_loss=0.0024 val_loss=0.1676 val_BA=0.944 mejor_epoca=29
2026-09-26 21:38:08,273 INFO COMBINED/dn fold 4: config 17 (lr=0.001, dropout=0.5) epoca 40: train_loss=0.0012 val_loss=0.1615 val_BA=0.833 mejor_epoca=29
2026-09-26 21:38:16,333 INFO COMBINED/dn fold 4 config 17: OK val_BA=0.944 mejor_epoca=29 (1.5 min)
2026-09-26 21:38:18,417 INFO COMBINED/dn fold 4: config 18 (lr=0.001, dropout=0.5) epoca 1: train_loss=0.6793 val_loss=0.1386 val_BA=0.500 mejor_epoca=1
2026-09-26 21:38:22,151 INFO COMBINED/dn fold 4: config 18 (lr=0.001, dropout=0.5) epoca 3: train_loss=0.3968 val_loss=0.1357 val_BA=0.667 mejor_epoca=3
2026-09-26 21:38:24,010 INFO COMBINED/dn fold 4: config 18 (lr=0.001, dropout=0.5) epoca 4: train_loss=0.3280 val_loss=0.2231 val_BA=0.889 mejor_epoca=4
2026-09-26 21:38:25,893 INFO COMBINED/dn fold 4: config 18 (lr=0.001, dropout=0.5) epoca 5: train_loss=0.2587 val_loss=0.2603 val_BA=0.944 mejor_epoca=5
2026-09-26 21:38:27,765 INFO COMBINED/dn fold 4: config 18 (lr=0.001, dropout=0.5) epoca 6: train_loss=0.2076 val_loss=0.2176 val_BA=0.944 mejor_epoca=6
2026-09-26 21:38:31,501 INFO COMBINED/dn fold 4: config 18 (lr=0.001, dropout=0.5) epoca 8: train_loss=0.1847 val_loss=0.8817 val_BA=0.955 mejor_epoca=8
2026-09-26 21:38:35,263 INFO COMBINED/dn fold 4: config 18 (lr=0.001, dropout=0.5) epoca 10: train_loss=0.1468 val_loss=0.1586 val_BA=0.889 mejor_epoca=8
2026-09-26 21:38:40,918 INFO COMBINED/dn fold 4: config 18 (lr=0.001, dropout=0.5) epoca 13: train_loss=0.0703 val_loss=0.7735 val_BA=1.000 mejor_epoca=13
2026-09-26 21:38:54,067 INFO COMBINED/dn fold 4: config 18 (lr=0.001, dropout=0.5) epoca 20: train_loss=0.0353 val_loss=0.1062 val_BA=0.889 mejor_epoca=13
2026-09-26 21:38:55,940 INFO COMBINED/dn fold 4: config 18 (lr=0.001, dropout=0.5) epoca 21: train_loss=0.0213 val_loss=0.2600 val_BA=1.000 mejor_epoca=21
2026-09-26 21:39:09,422 INFO COMBINED/dn fold 4: config 18 (lr=0.001, dropout=0.5) epoca 28: train_loss=0.0086 val_loss=0.1834 val_BA=1.000 mejor_epoca=28
2026-09-26 21:39:13,269 INFO COMBINED/dn fold 4: config 18 (lr=0.001, dropout=0.5) epoca 30: train_loss=0.0050 val_loss=0.1072 val_BA=0.889 mejor_epoca=28
2026-09-26 21:39:32,148 INFO COMBINED/dn fold 4: config 18 (lr=0.001, dropout=0.5) epoca 40: train_loss=0.0023 val_loss=0.1423 val_BA=0.889 mejor_epoca=28
2026-09-26 21:39:37,797 INFO COMBINED/dn fold 4 config 18: OK val_BA=1.000 mejor_epoca=28 (1.4 min)
2026-09-26 21:39:39,898 INFO COMBINED/dn fold 4: config 19 (lr=0.001, dropout=0.5) epoca 1: train_loss=0.6365 val_loss=0.2126 val_BA=0.500 mejor_epoca=1
2026-09-26 21:39:41,746 INFO COMBINED/dn fold 4: config 19 (lr=0.001, dropout=0.5) epoca 2: train_loss=0.4387 val_loss=0.7359 val_BA=0.864 mejor_epoca=2
2026-09-26 21:39:47,295 INFO COMBINED/dn fold 4: config 19 (lr=0.001, dropout=0.5) epoca 5: train_loss=0.2685 val_loss=0.4650 val_BA=0.944 mejor_epoca=5
2026-09-26 21:39:49,170 INFO COMBINED/dn fold 4: config 19 (lr=0.001, dropout=0.5) epoca 6: train_loss=0.2431 val_loss=0.0873 val_BA=0.944 mejor_epoca=6
2026-09-26 21:39:52,895 INFO COMBINED/dn fold 4: config 19 (lr=0.001, dropout=0.5) epoca 8: train_loss=0.1459 val_loss=0.8035 val_BA=0.955 mejor_epoca=8
2026-09-26 21:39:56,585 INFO COMBINED/dn fold 4: config 19 (lr=0.001, dropout=0.5) epoca 10: train_loss=0.1387 val_loss=0.3478 val_BA=0.944 mejor_epoca=8
2026-09-26 21:40:15,418 INFO COMBINED/dn fold 4: config 19 (lr=0.001, dropout=0.5) epoca 20: train_loss=0.0171 val_loss=0.1670 val_BA=0.833 mejor_epoca=8
2026-09-26 21:40:21,140 INFO COMBINED/dn fold 4 config 19: OK val_BA=0.955 mejor_epoca=8 (0.7 min)
2026-09-26 21:40:22,534 INFO COMBINED/dn: configuracion global 1 (decidida por balanced_accuracy_mean), BA folds=0.966±0.046 agrupada=0.966 [COMPLETED]
2026-09-26 21:40:22,546 INFO preparando COMBINED/no_dn_aug (rama no_dn, augment=True, protocolo holdout_cv_v3)
2026-09-26 21:40:23,115 INFO COMBINED/no_dn_aug fold 0: log-mel no_dn listo en 0.5 s, forma (4902, 1, 64, 309)
2026-09-26 21:40:23,130 INFO COMBINED/no_dn_aug fold 0: 84/22 pacientes train/validation, 1 de 1 configuracion(es) por evaluar
2026-09-26 21:40:25,677 INFO COMBINED/no_dn_aug fold 0: config 4 (lr=0.0001, dropout=0.4) epoca 1: train_loss=0.5871 val_loss=0.4608 val_BA=0.908 mejor_epoca=1
2026-09-26 21:40:30,055 INFO COMBINED/no_dn_aug fold 0: config 4 (lr=0.0001, dropout=0.4) epoca 3: train_loss=0.3320 val_loss=0.4595 val_BA=0.917 mejor_epoca=3
2026-09-26 21:40:32,255 INFO COMBINED/no_dn_aug fold 0: config 4 (lr=0.0001, dropout=0.4) epoca 4: train_loss=0.2755 val_loss=0.3520 val_BA=0.958 mejor_epoca=4
2026-09-26 21:40:45,210 INFO COMBINED/no_dn_aug fold 0: config 4 (lr=0.0001, dropout=0.4) epoca 10: train_loss=0.1144 val_loss=0.1993 val_BA=0.750 mejor_epoca=4
2026-09-26 21:40:47,392 INFO COMBINED/no_dn_aug fold 0: config 4 (lr=0.0001, dropout=0.4) epoca 11: train_loss=0.0677 val_loss=0.1830 val_BA=0.958 mejor_epoca=11
2026-09-26 21:41:07,193 INFO COMBINED/no_dn_aug fold 0: config 4 (lr=0.0001, dropout=0.4) epoca 20: train_loss=0.0132 val_loss=0.1860 val_BA=0.858 mejor_epoca=11
2026-09-26 21:41:15,631 INFO COMBINED/no_dn_aug fold 0: config 4 (lr=0.0001, dropout=0.4) epoca 24: train_loss=0.0127 val_loss=0.1522 val_BA=0.958 mejor_epoca=24
2026-09-26 21:41:28,621 INFO COMBINED/no_dn_aug fold 0: config 4 (lr=0.0001, dropout=0.4) epoca 30: train_loss=0.0048 val_loss=0.1880 val_BA=0.858 mejor_epoca=24
2026-09-26 21:41:48,260 INFO COMBINED/no_dn_aug fold 0 config 4: OK val_BA=0.958 mejor_epoca=24 (1.4 min)
2026-09-26 21:41:48,812 INFO COMBINED/no_dn_aug fold 1: log-mel no_dn listo en 0.5 s, forma (4902, 1, 64, 309)
2026-09-26 21:41:48,827 INFO COMBINED/no_dn_aug fold 1: 84/22 pacientes train/validation, 1 de 1 configuracion(es) por evaluar
2026-09-26 21:41:51,258 INFO COMBINED/no_dn_aug fold 1: config 4 (lr=0.0001, dropout=0.4) epoca 1: train_loss=0.5981 val_loss=0.7203 val_BA=0.791 mejor_epoca=1
2026-09-26 21:41:53,376 INFO COMBINED/no_dn_aug fold 1: config 4 (lr=0.0001, dropout=0.4) epoca 2: train_loss=0.3959 val_loss=0.5539 val_BA=0.829 mejor_epoca=2
2026-09-26 21:41:59,725 INFO COMBINED/no_dn_aug fold 1: config 4 (lr=0.0001, dropout=0.4) epoca 5: train_loss=0.1788 val_loss=0.8266 val_BA=0.846 mejor_epoca=5
2026-09-26 21:42:05,998 INFO COMBINED/no_dn_aug fold 1: config 4 (lr=0.0001, dropout=0.4) epoca 8: train_loss=0.0912 val_loss=0.5405 val_BA=0.885 mejor_epoca=8
2026-09-26 21:42:08,133 INFO COMBINED/no_dn_aug fold 1: config 4 (lr=0.0001, dropout=0.4) epoca 9: train_loss=0.0537 val_loss=0.5509 val_BA=0.923 mejor_epoca=9
2026-09-26 21:42:10,260 INFO COMBINED/no_dn_aug fold 1: config 4 (lr=0.0001, dropout=0.4) epoca 10: train_loss=0.0487 val_loss=0.3448 val_BA=0.812 mejor_epoca=9
2026-09-26 21:42:31,493 INFO COMBINED/no_dn_aug fold 1: config 4 (lr=0.0001, dropout=0.4) epoca 20: train_loss=0.0128 val_loss=0.3573 val_BA=0.756 mejor_epoca=9
2026-09-26 21:42:40,028 INFO COMBINED/no_dn_aug fold 1 config 4: OK val_BA=0.923 mejor_epoca=9 (0.9 min)
2026-09-26 21:42:40,614 INFO COMBINED/no_dn_aug fold 2: log-mel no_dn listo en 0.6 s, forma (4902, 1, 64, 309)
2026-09-26 21:42:40,629 INFO COMBINED/no_dn_aug fold 2: 85/21 pacientes train/validation, 1 de 1 configuracion(es) por evaluar
2026-09-26 21:42:43,046 INFO COMBINED/no_dn_aug fold 2: config 4 (lr=0.0001, dropout=0.4) epoca 1: train_loss=0.5981 val_loss=0.7913 val_BA=0.718 mejor_epoca=1
2026-09-26 21:42:49,563 INFO COMBINED/no_dn_aug fold 2: config 4 (lr=0.0001, dropout=0.4) epoca 4: train_loss=0.3344 val_loss=0.5177 val_BA=0.809 mejor_epoca=4
2026-09-26 21:42:55,965 INFO COMBINED/no_dn_aug fold 2: config 4 (lr=0.0001, dropout=0.4) epoca 7: train_loss=0.1890 val_loss=0.6594 val_BA=0.859 mejor_epoca=7
2026-09-26 21:43:02,473 INFO COMBINED/no_dn_aug fold 2: config 4 (lr=0.0001, dropout=0.4) epoca 10: train_loss=0.0918 val_loss=0.4244 val_BA=0.859 mejor_epoca=10
2026-09-26 21:43:06,775 INFO COMBINED/no_dn_aug fold 2: config 4 (lr=0.0001, dropout=0.4) epoca 12: train_loss=0.0687 val_loss=0.6839 val_BA=0.909 mejor_epoca=12
2026-09-26 21:43:23,895 INFO COMBINED/no_dn_aug fold 2: config 4 (lr=0.0001, dropout=0.4) epoca 20: train_loss=0.0199 val_loss=0.1523 val_BA=0.805 mejor_epoca=12
2026-09-26 21:43:38,732 INFO COMBINED/no_dn_aug fold 2 config 4: OK val_BA=0.909 mejor_epoca=12 (1.0 min)
2026-09-26 21:43:39,339 INFO COMBINED/no_dn_aug fold 3: log-mel no_dn listo en 0.6 s, forma (4902, 1, 64, 309)
2026-09-26 21:43:39,355 INFO COMBINED/no_dn_aug fold 3: 85/21 pacientes train/validation, 1 de 1 configuracion(es) por evaluar
2026-09-26 21:43:42,013 INFO COMBINED/no_dn_aug fold 3: config 4 (lr=0.0001, dropout=0.4) epoca 1: train_loss=0.5979 val_loss=0.4474 val_BA=0.764 mejor_epoca=1
2026-09-26 21:43:44,425 INFO COMBINED/no_dn_aug fold 3: config 4 (lr=0.0001, dropout=0.4) epoca 2: train_loss=0.4390 val_loss=0.5777 val_BA=0.818 mejor_epoca=2
2026-09-26 21:43:46,771 INFO COMBINED/no_dn_aug fold 3: config 4 (lr=0.0001, dropout=0.4) epoca 3: train_loss=0.3346 val_loss=0.2887 val_BA=0.955 mejor_epoca=3
2026-09-26 21:43:51,715 INFO COMBINED/no_dn_aug fold 3: config 4 (lr=0.0001, dropout=0.4) epoca 5: train_loss=0.2645 val_loss=0.2252 val_BA=0.955 mejor_epoca=5
2026-09-26 21:44:03,885 INFO COMBINED/no_dn_aug fold 3: config 4 (lr=0.0001, dropout=0.4) epoca 10: train_loss=0.0954 val_loss=0.2324 val_BA=0.955 mejor_epoca=5
2026-09-26 21:44:08,710 INFO COMBINED/no_dn_aug fold 3: config 4 (lr=0.0001, dropout=0.4) epoca 12: train_loss=0.0519 val_loss=0.1619 val_BA=0.955 mejor_epoca=12
2026-09-26 21:44:18,489 INFO COMBINED/no_dn_aug fold 3: config 4 (lr=0.0001, dropout=0.4) epoca 16: train_loss=0.0189 val_loss=0.1044 val_BA=0.955 mejor_epoca=16
2026-09-26 21:44:28,077 INFO COMBINED/no_dn_aug fold 3: config 4 (lr=0.0001, dropout=0.4) epoca 20: train_loss=0.0093 val_loss=0.2839 val_BA=0.909 mejor_epoca=16
2026-09-26 21:44:50,237 INFO COMBINED/no_dn_aug fold 3: config 4 (lr=0.0001, dropout=0.4) epoca 29: train_loss=0.0051 val_loss=0.1000 val_BA=0.955 mejor_epoca=29
2026-09-26 21:44:52,693 INFO COMBINED/no_dn_aug fold 3: config 4 (lr=0.0001, dropout=0.4) epoca 30: train_loss=0.0100 val_loss=0.1716 val_BA=0.909 mejor_epoca=29
2026-09-26 21:45:17,256 INFO COMBINED/no_dn_aug fold 3: config 4 (lr=0.0001, dropout=0.4) epoca 40: train_loss=0.0169 val_loss=0.1688 val_BA=0.800 mejor_epoca=29
2026-09-26 21:45:26,802 INFO COMBINED/no_dn_aug fold 3 config 4: OK val_BA=0.955 mejor_epoca=29 (1.8 min)
2026-09-26 21:45:27,369 INFO COMBINED/no_dn_aug fold 4: log-mel no_dn listo en 0.5 s, forma (4902, 1, 64, 309)
2026-09-26 21:45:27,385 INFO COMBINED/no_dn_aug fold 4: 86/20 pacientes train/validation, 1 de 1 configuracion(es) por evaluar
2026-09-26 21:45:29,790 INFO COMBINED/no_dn_aug fold 4: config 4 (lr=0.0001, dropout=0.4) epoca 1: train_loss=0.6146 val_loss=0.5482 val_BA=0.899 mejor_epoca=1
2026-09-26 21:45:31,918 INFO COMBINED/no_dn_aug fold 4: config 4 (lr=0.0001, dropout=0.4) epoca 2: train_loss=0.4578 val_loss=0.6712 val_BA=0.909 mejor_epoca=2
2026-09-26 21:45:34,120 INFO COMBINED/no_dn_aug fold 4: config 4 (lr=0.0001, dropout=0.4) epoca 3: train_loss=0.3305 val_loss=0.4228 val_BA=1.000 mejor_epoca=3
2026-09-26 21:45:36,294 INFO COMBINED/no_dn_aug fold 4: config 4 (lr=0.0001, dropout=0.4) epoca 4: train_loss=0.2700 val_loss=0.3780 val_BA=1.000 mejor_epoca=4
2026-09-26 21:45:42,778 INFO COMBINED/no_dn_aug fold 4: config 4 (lr=0.0001, dropout=0.4) epoca 7: train_loss=0.1529 val_loss=0.1605 val_BA=1.000 mejor_epoca=7
2026-09-26 21:45:49,534 INFO COMBINED/no_dn_aug fold 4: config 4 (lr=0.0001, dropout=0.4) epoca 10: train_loss=0.0686 val_loss=0.0835 val_BA=0.667 mejor_epoca=7
2026-09-26 21:46:00,462 INFO COMBINED/no_dn_aug fold 4: config 4 (lr=0.0001, dropout=0.4) epoca 15: train_loss=0.0274 val_loss=0.1536 val_BA=1.000 mejor_epoca=15
2026-09-26 21:46:11,440 INFO COMBINED/no_dn_aug fold 4: config 4 (lr=0.0001, dropout=0.4) epoca 20: train_loss=0.0263 val_loss=0.1816 val_BA=0.611 mejor_epoca=15
2026-09-26 21:46:31,217 INFO COMBINED/no_dn_aug fold 4: config 4 (lr=0.0001, dropout=0.4) epoca 29: train_loss=0.0087 val_loss=0.1069 val_BA=1.000 mejor_epoca=29
2026-09-26 21:46:33,457 INFO COMBINED/no_dn_aug fold 4: config 4 (lr=0.0001, dropout=0.4) epoca 30: train_loss=0.0067 val_loss=0.0855 val_BA=0.833 mejor_epoca=29
2026-09-26 21:46:55,892 INFO COMBINED/no_dn_aug fold 4: config 4 (lr=0.0001, dropout=0.4) epoca 40: train_loss=0.0051 val_loss=0.2066 val_BA=0.611 mejor_epoca=29
2026-09-26 21:47:04,195 INFO COMBINED/no_dn_aug fold 4 config 4: OK val_BA=1.000 mejor_epoca=29 (1.6 min)
2026-09-26 21:47:05,382 INFO COMBINED/no_dn_aug: configuracion global 4 (decidida por reused_from:no_dn), BA folds=0.949±0.035 agrupada=0.948 [COMPLETED]
2026-09-26 21:47:05,394 INFO ejecucion 20260926T230936Z_f18f5a finalizada con estado COMPLETED
