segment_id,audio_id,patient_uid,target_label,source_dataset,device,score,fold
ICBHI_110_1b1_PR_000,ICBHI_110_1b1_PR,ICBHI_110,1,ICBHI,Meditron,0.417627708975105,0
ICBHI_110_1b1_PR_001,ICBHI_110_1b1_PR,ICBHI_110,1,ICBHI,Meditron,0.6509111951655322,0
ICBHI_110_1b1_PR_002,ICBHI_110_1b1_PR,ICBHI_110,1,ICBHI,Meditron,0.6580879750862543,0
ICBHI_110_1b1_PR_003,ICBHI_110_1b1_PR,ICBHI_110,1,ICBHI,Meditron,0.6919138562366626,0
ICBHI_110_1b1_PR_004,ICBHI_110_1b1_PR,ICBHI_110,1,ICBHI,Meditron,0.8027102434082559,0
ICBHI_110_1b1_PR_005,ICBHI_110_1b1_PR,ICBHI_110,1,ICBHI,Meditron,0.7727022250064034,0
ICBHI_110_1b1_PR_006,ICBHI_110_1b1_PR,ICBHI_110,1,ICBHI,Meditron,0.5185614127117849,0
ICBHI_110_1b1_PR_007,ICBHI_110_1b1_PR,ICBHI_110,1,ICBHI,Meditron,0.4439921363787601,0
ICBHI_110_1b1_PR_008,ICBHI_110_1b1_PR,ICBHI_110,1,ICBHI,Meditron,0.5786862914188315,0
ICBHI_110_1b1_PR_009,ICBHI_110_1b1_PR,ICBHI_110,1,ICBHI,Meditron,0.6120198520821877,0
ICBHI_110_1b1_PR_010,ICBHI_110_1b1_PR,ICBHI_110,1,ICBHI,Meditron,0.6115559781753017,0
ICBHI_110_1b1_PR_011,ICBHI_110_1b1_PR,ICBHI_110,1,ICBHI,Meditron,0.6419836947437564,0
ICBHI_110_1b1_PR_012,ICBHI_110_1b1_PR,ICBHI_110,1,ICBHI,Meditron,0.713830756042477,0
ICBHI_110_1b1_PR_013,ICBHI_110_1b1_PR,ICBHI_110,1,ICBHI,Meditron,0.6377079320019303,0
ICBHI_110_1b1_PR_014,ICBHI_110_1b1_PR,ICBHI_110,1,ICBHI,Meditron,0.6379335232532979,0
ICBHI_110_1b1_PR_015,ICBHI_110_1b1_PR,ICBHI_110,1,ICBHI,Meditron,0.718396873379401,0
ICBHI_110_1b1_PR_016,ICBHI_110_1b1_PR,ICBHI_110,1,ICBHI,Meditron,0.7163178417646674,0
ICBHI_110_1b1_PR_017,ICBHI_110_1b1_PR,ICBHI_110,1,ICBHI,Meditron,0.699459749912564,0
ICBHI_110_1b1_PR_018,ICBHI_110_1b1_PR,ICBHI_110,1,ICBHI,Meditron,0.5769591534384853,0
ICBHI_110_1b1_PR_019,ICBHI_110_1b1_PR,ICBHI_110,1,ICBHI,Meditron,0.5244099008765905,0
ICBHI_110_1b1_PR_020,ICBHI_110_1b1_PR,ICBHI_110,1,ICBHI,Meditron,0.6822562665108842,0
ICBHI_110_1b1_PR_021,ICBHI_110_1b1_PR,ICBHI_110,1,ICBHI,Meditron,0.7407373920575276,0
ICBHI_110_1b1_PR_022,ICBHI_110_1b1_PR,ICBHI_110,1,ICBHI,Meditron,0.5159247878240204,0
ICBHI_110_1b1_PR_023,ICBHI_110_1b1_PR,ICBHI_110,1,ICBHI,Meditron,0.4548656261916389,0
ICBHI_110_1b1_PR_024,ICBHI_110_1b1_PR,ICBHI_110,1,ICBHI,Meditron,0.7414868640815749,0
ICBHI_110_1b1_PR_025,ICBHI_110_1b1_PR,ICBHI_110,1,ICBHI,Meditron,0.8127187235801289,0
ICBHI_110_1b1_PR_026,ICBHI_110_1b1_PR,ICBHI_110,1,ICBHI,Meditron,0.580946520203585,0
ICBHI_110_1p1_AL_000,ICBHI_110_1p1_AL,ICBHI_110,1,ICBHI,Meditron,0.7690802370707283,0
ICBHI_110_1p1_AL_001,ICBHI_110_1p1_AL,ICBHI_110,1,ICBHI,Meditron,0.6870003678787455,0
ICBHI_110_1p1_AL_002,ICBHI_110_1p1_AL,ICBHI_110,1,ICBHI,Meditron,0.8231863045672491,0
ICBHI_110_1p1_AL_003,ICBHI_110_1p1_AL,ICBHI_110,1,ICBHI,Meditron,0.811676021090197,0
ICBHI_110_1p1_AL_004,ICBHI_110_1p1_AL,ICBHI_110,1,ICBHI,Meditron,0.8502200682951725,0
ICBHI_110_1p1_AL_005,ICBHI_110_1p1_AL,ICBHI_110,1,ICBHI,Meditron,0.8254490604196459,0
ICBHI_110_1p1_AL_006,ICBHI_110_1p1_AL,ICBHI_110,1,ICBHI,Meditron,0.4995808602361177,0
ICBHI_110_1p1_AL_007,ICBHI_110_1p1_AL,ICBHI_110,1,ICBHI,Meditron,0.4923139904943191,0
ICBHI_110_1p1_AL_008,ICBHI_110_1p1_AL,ICBHI_110,1,ICBHI,Meditron,0.4502989497144983,0
ICBHI_110_1p1_AL_009,ICBHI_110_1p1_AL,ICBHI_110,1,ICBHI,Meditron,0.4711928266066894,0
ICBHI_110_1p1_AL_010,ICBHI_110_1p1_AL,ICBHI_110,1,ICBHI,Meditron,0.5893618976069925,0
ICBHI_110_1p1_LL_000,ICBHI_110_1p1_LL,ICBHI_110,1,ICBHI,Meditron,0.6828910325506992,0
ICBHI_110_1p1_LL_001,ICBHI_110_1p1_LL,ICBHI_110,1,ICBHI,Meditron,0.719186444117276,0
ICBHI_110_1p1_LL_002,ICBHI_110_1p1_LL,ICBHI_110,1,ICBHI,Meditron,0.5342176713198858,0
ICBHI_110_1p1_LL_003,ICBHI_110_1p1_LL,ICBHI_110,1,ICBHI,Meditron,0.5875881778440903,0
ICBHI_110_1p1_LL_004,ICBHI_110_1p1_LL,ICBHI_110,1,ICBHI,Meditron,0.7106283025898368,0
ICBHI_110_1p1_LL_005,ICBHI_110_1p1_LL,ICBHI_110,1,ICBHI,Meditron,0.6697448430478439,0
ICBHI_110_1p1_LL_006,ICBHI_110_1p1_LL,ICBHI_110,1,ICBHI,Meditron,0.7392342170585756,0
ICBHI_110_1p1_LL_007,ICBHI_110_1p1_LL,ICBHI_110,1,ICBHI,Meditron,0.6986379551640148,0
ICBHI_110_1p1_LL_008,ICBHI_110_1p1_LL,ICBHI_110,1,ICBHI,Meditron,0.728844813233821,0
ICBHI_110_1p1_LL_009,ICBHI_110_1p1_LL,ICBHI_110,1,ICBHI,Meditron,0.74963746223359,0
ICBHI_110_1p1_LL_010,ICBHI_110_1p1_LL,ICBHI_110,1,ICBHI,Meditron,0.781163728765951,0
ICBHI_110_1p1_LR_000,ICBHI_110_1p1_LR,ICBHI_110,1,ICBHI,Meditron,0.6906634161702949,0
ICBHI_110_1p1_LR_001,ICBHI_110_1p1_LR,ICBHI_110,1,ICBHI,Meditron,0.4602888933099986,0
ICBHI_110_1p1_LR_002,ICBHI_110_1p1_LR,ICBHI_110,1,ICBHI,Meditron,0.5431359100346661,0
ICBHI_110_1p1_LR_003,ICBHI_110_1p1_LR,ICBHI_110,1,ICBHI,Meditron,0.6724392593575347,0
ICBHI_110_1p1_LR_004,ICBHI_110_1p1_LR,ICBHI_110,1,ICBHI,Meditron,0.7162186093168913,0
ICBHI_110_1p1_LR_005,ICBHI_110_1p1_LR,ICBHI_110,1,ICBHI,Meditron,0.7176059543071744,0
ICBHI_110_1p1_LR_006,ICBHI_110_1p1_LR,ICBHI_110,1,ICBHI,Meditron,0.7082125739194518,0
ICBHI_110_1p1_LR_007,ICBHI_110_1p1_LR,ICBHI_110,1,ICBHI,Meditron,0.7075057568117196,0
ICBHI_110_1p1_LR_008,ICBHI_110_1p1_LR,ICBHI_110,1,ICBHI,Meditron,0.7626009092335494,0
ICBHI_110_1p1_LR_009,ICBHI_110_1p1_LR,ICBHI_110,1,ICBHI,Meditron,0.7501869070811205,0
ICBHI_110_1p1_LR_010,ICBHI_110_1p1_LR,ICBHI_110,1,ICBHI,Meditron,0.6993570954792558,0
ICBHI_110_1p1_PR_000,ICBHI_110_1p1_PR,ICBHI_110,1,ICBHI,Meditron,0.0386109314680259,0
ICBHI_110_1p1_PR_001,ICBHI_110_1p1_PR,ICBHI_110,1,ICBHI,Meditron,0.034749624767184,0
ICBHI_110_1p1_PR_002,ICBHI_110_1p1_PR,ICBHI_110,1,ICBHI,Meditron,0.042882237163097,0
ICBHI_110_1p1_PR_003,ICBHI_110_1p1_PR,ICBHI_110,1,ICBHI,Meditron,0.1392792675672532,0
ICBHI_110_1p1_PR_004,ICBHI_110_1p1_PR,ICBHI_110,1,ICBHI,Meditron,0.3320937593276961,0
ICBHI_110_1p1_PR_005,ICBHI_110_1p1_PR,ICBHI_110,1,ICBHI,Meditron,0.1857994171537973,0
ICBHI_110_1p1_PR_006,ICBHI_110_1p1_PR,ICBHI_110,1,ICBHI,Meditron,0.0374675068985735,0
ICBHI_110_1p1_PR_007,ICBHI_110_1p1_PR,ICBHI_110,1,ICBHI,Meditron,0.0302718694245976,0
ICBHI_110_1p1_PR_008,ICBHI_110_1p1_PR,ICBHI_110,1,ICBHI,Meditron,0.0547015126313711,0
ICBHI_110_1p1_PR_009,ICBHI_110_1p1_PR,ICBHI_110,1,ICBHI,Meditron,0.1872812764198712,0
ICBHI_110_1p1_PR_010,ICBHI_110_1p1_PR,ICBHI_110,1,ICBHI,Meditron,0.2319620037311096,0
ICBHI_110_1p1_PR_011,ICBHI_110_1p1_PR,ICBHI_110,1,ICBHI,Meditron,0.4257842912150993,0
ICBHI_110_1p1_PR_012,ICBHI_110_1p1_PR,ICBHI_110,1,ICBHI,Meditron,0.3198645093887836,0
ICBHI_110_1p1_PR_013,ICBHI_110_1p1_PR,ICBHI_110,1,ICBHI,Meditron,0.6218280104737495,0
ICBHI_110_1p1_PR_014,ICBHI_110_1p1_PR,ICBHI_110,1,ICBHI,Meditron,0.8407825918539462,0
ICBHI_110_1p1_PR_015,ICBHI_110_1p1_PR,ICBHI_110,1,ICBHI,Meditron,0.7567173056632309,0
ICBHI_110_1p1_PR_016,ICBHI_110_1p1_PR,ICBHI_110,1,ICBHI,Meditron,0.8079157084225214,0
ICBHI_110_1p1_PR_017,ICBHI_110_1p1_PR,ICBHI_110,1,ICBHI,Meditron,0.7064942781155733,0
ICBHI_110_1p1_PR_018,ICBHI_110_1p1_PR,ICBHI_110,1,ICBHI,Meditron,0.4522032787717254,0
ICBHI_110_1p1_PR_019,ICBHI_110_1p1_PR,ICBHI_110,1,ICBHI,Meditron,0.5362825493200397,0
ICBHI_110_1p1_PR_020,ICBHI_110_1p1_PR,ICBHI_110,1,ICBHI,Meditron,0.4727291165838567,0
ICBHI_110_1p1_PR_021,ICBHI_110_1p1_PR,ICBHI_110,1,ICBHI,Meditron,0.5010328278156618,0
ICBHI_110_1p1_PR_022,ICBHI_110_1p1_PR,ICBHI_110,1,ICBHI,Meditron,0.4583183945507322,0
ICBHI_110_1p1_PR_023,ICBHI_110_1p1_PR,ICBHI_110,1,ICBHI,Meditron,0.1213729814080624,0
ICBHI_110_1p1_PR_024,ICBHI_110_1p1_PR,ICBHI_110,1,ICBHI,Meditron,0.1571368534705856,0
ICBHI_110_1p1_PR_025,ICBHI_110_1p1_PR,ICBHI_110,1,ICBHI,Meditron,0.4250084989259593,0
ICBHI_110_1p1_PR_026,ICBHI_110_1p1_PR,ICBHI_110,1,ICBHI,Meditron,0.5859898818298976,0
ICBHI_110_1p1_PR_027,ICBHI_110_1p1_PR,ICBHI_110,1,ICBHI,Meditron,0.712832272116407,0
ICBHI_110_1p1_PR_028,ICBHI_110_1p1_PR,ICBHI_110,1,ICBHI,Meditron,0.6230328989674405,0
ICBHI_117_1b2_TC_000,ICBHI_117_1b2_TC,ICBHI_117,0,ICBHI,LittC2SE,0.607837771761364,0
ICBHI_117_1b2_TC_001,ICBHI_117_1b2_TC,ICBHI_117,0,ICBHI,LittC2SE,0.5490664329228548,0
ICBHI_117_1b2_TC_002,ICBHI_117_1b2_TC,ICBHI_117,0,ICBHI,LittC2SE,0.5659585631475035,0
ICBHI_117_1b2_TC_003,ICBHI_117_1b2_TC,ICBHI_117,0,ICBHI,LittC2SE,0.5831440106128533,0
ICBHI_117_1b2_TC_004,ICBHI_117_1b2_TC,ICBHI_117,0,ICBHI,LittC2SE,0.5135236173085082,0
ICBHI_117_1b2_TC_005,ICBHI_117_1b2_TC,ICBHI_117,0,ICBHI,LittC2SE,0.5690146375756765,0
ICBHI_117_1b2_TC_006,ICBHI_117_1b2_TC,ICBHI_117,0,ICBHI,LittC2SE,0.5349769577482901,0
ICBHI_117_1b3_TC_000,ICBHI_117_1b3_TC,ICBHI_117,0,ICBHI,LittC2SE,0.5772570713228701,0
ICBHI_117_1b3_TC_001,ICBHI_117_1b3_TC,ICBHI_117,0,ICBHI,LittC2SE,0.5435296587327039,0
ICBHI_117_1b3_TC_002,ICBHI_117_1b3_TC,ICBHI_117,0,ICBHI,LittC2SE,0.578150487031857,0
ICBHI_117_1b3_TC_003,ICBHI_117_1b3_TC,ICBHI_117,0,ICBHI,LittC2SE,0.6180314738709893,0
ICBHI_117_1b3_TC_004,ICBHI_117_1b3_TC,ICBHI_117,0,ICBHI,LittC2SE,0.630457429001085,0
ICBHI_117_1b3_TC_005,ICBHI_117_1b3_TC,ICBHI_117,0,ICBHI,LittC2SE,0.609117340619001,0
ICBHI_117_1b3_TC_006,ICBHI_117_1b3_TC,ICBHI_117,0,ICBHI,LittC2SE,0.5983121948770795,0
ICBHI_133_2p2_AL_000,ICBHI_133_2p2_AL,ICBHI_133,1,ICBHI,AKGC417L,0.4687298297326051,0
ICBHI_133_2p2_AL_001,ICBHI_133_2p2_AL,ICBHI_133,1,ICBHI,AKGC417L,0.4978618752155647,0
ICBHI_133_2p2_AL_002,ICBHI_133_2p2_AL,ICBHI_133,1,ICBHI,AKGC417L,0.4793818157740089,0
ICBHI_133_2p2_AL_003,ICBHI_133_2p2_AL,ICBHI_133,1,ICBHI,AKGC417L,0.5572430357907625,0
ICBHI_133_2p2_AL_004,ICBHI_133_2p2_AL,ICBHI_133,1,ICBHI,AKGC417L,0.5189575827417161,0
ICBHI_133_2p2_AL_005,ICBHI_133_2p2_AL,ICBHI_133,1,ICBHI,AKGC417L,0.48754377659248,0
ICBHI_133_2p2_AL_006,ICBHI_133_2p2_AL,ICBHI_133,1,ICBHI,AKGC417L,0.4712688679688,0
ICBHI_133_2p2_AR_000,ICBHI_133_2p2_AR,ICBHI_133,1,ICBHI,AKGC417L,0.5038356028595143,0
ICBHI_133_2p2_AR_001,ICBHI_133_2p2_AR,ICBHI_133,1,ICBHI,AKGC417L,0.5825504161144173,0
ICBHI_133_2p2_AR_002,ICBHI_133_2p2_AR,ICBHI_133,1,ICBHI,AKGC417L,0.5268448885458938,0
ICBHI_133_2p2_AR_003,ICBHI_133_2p2_AR,ICBHI_133,1,ICBHI,AKGC417L,0.5414391516114734,0
ICBHI_133_2p2_AR_004,ICBHI_133_2p2_AR,ICBHI_133,1,ICBHI,AKGC417L,0.5546513900842032,0
ICBHI_133_2p2_AR_005,ICBHI_133_2p2_AR,ICBHI_133,1,ICBHI,AKGC417L,0.5877064971521543,0
ICBHI_133_2p2_AR_006,ICBHI_133_2p2_AR,ICBHI_133,1,ICBHI,AKGC417L,0.5367075192125471,0
ICBHI_133_2p2_PL_000,ICBHI_133_2p2_PL,ICBHI_133,1,ICBHI,AKGC417L,0.744284789133903,0
ICBHI_133_2p2_PL_001,ICBHI_133_2p2_PL,ICBHI_133,1,ICBHI,AKGC417L,0.7709824879646954,0
ICBHI_133_2p2_PL_002,ICBHI_133_2p2_PL,ICBHI_133,1,ICBHI,AKGC417L,0.689410179082794,0
ICBHI_133_2p2_PL_003,ICBHI_133_2p2_PL,ICBHI_133,1,ICBHI,AKGC417L,0.6897237499113223,0
ICBHI_133_2p2_PL_004,ICBHI_133_2p2_PL,ICBHI_133,1,ICBHI,AKGC417L,0.7972412731250682,0
ICBHI_133_2p2_PL_005,ICBHI_133_2p2_PL,ICBHI_133,1,ICBHI,AKGC417L,0.8048664532049786,0
ICBHI_133_2p2_PL_006,ICBHI_133_2p2_PL,ICBHI_133,1,ICBHI,AKGC417L,0.7783124988012587,0
ICBHI_133_2p2_TC_000,ICBHI_133_2p2_TC,ICBHI_133,1,ICBHI,AKGC417L,0.3250918718866066,0
ICBHI_133_2p2_TC_001,ICBHI_133_2p2_TC,ICBHI_133,1,ICBHI,AKGC417L,0.3835258482178421,0
ICBHI_133_2p2_TC_002,ICBHI_133_2p2_TC,ICBHI_133,1,ICBHI,AKGC417L,0.3726193431682749,0
ICBHI_133_2p2_TC_003,ICBHI_133_2p2_TC,ICBHI_133,1,ICBHI,AKGC417L,0.3763938777322063,0
ICBHI_133_2p2_TC_004,ICBHI_133_2p2_TC,ICBHI_133,1,ICBHI,AKGC417L,0.3168975297706384,0
ICBHI_133_2p2_TC_005,ICBHI_133_2p2_TC,ICBHI_133,1,ICBHI,AKGC417L,0.3485342589087777,0
ICBHI_133_2p2_TC_006,ICBHI_133_2p2_TC,ICBHI_133,1,ICBHI,AKGC417L,0.383179568827562,0
ICBHI_133_2p3_AL_000,ICBHI_133_2p3_AL,ICBHI_133,1,ICBHI,AKGC417L,0.4235772396859328,0
ICBHI_133_2p3_AL_001,ICBHI_133_2p3_AL,ICBHI_133,1,ICBHI,AKGC417L,0.502563454101855,0
ICBHI_133_2p3_AL_002,ICBHI_133_2p3_AL,ICBHI_133,1,ICBHI,AKGC417L,0.4966717257952561,0
ICBHI_133_2p3_AL_003,ICBHI_133_2p3_AL,ICBHI_133,1,ICBHI,AKGC417L,0.4813471613455247,0
ICBHI_133_2p3_AL_004,ICBHI_133_2p3_AL,ICBHI_133,1,ICBHI,AKGC417L,0.4837703519278277,0
ICBHI_133_2p3_AL_005,ICBHI_133_2p3_AL,ICBHI_133,1,ICBHI,AKGC417L,0.4572275981623292,0
ICBHI_133_2p3_AL_006,ICBHI_133_2p3_AL,ICBHI_133,1,ICBHI,AKGC417L,0.4902737490551656,0
ICBHI_133_2p3_AR_000,ICBHI_133_2p3_AR,ICBHI_133,1,ICBHI,AKGC417L,0.528700715112785,0
ICBHI_133_2p3_AR_001,ICBHI_133_2p3_AR,ICBHI_133,1,ICBHI,AKGC417L,0.6411977259892904,0
ICBHI_133_2p3_AR_002,ICBHI_133_2p3_AR,ICBHI_133,1,ICBHI,AKGC417L,0.6093498289183676,0
ICBHI_133_2p3_AR_003,ICBHI_133_2p3_AR,ICBHI_133,1,ICBHI,AKGC417L,0.526388422110167,0
ICBHI_133_2p3_AR_004,ICBHI_133_2p3_AR,ICBHI_133,1,ICBHI,AKGC417L,0.5073160671666328,0
ICBHI_133_2p3_AR_005,ICBHI_133_2p3_AR,ICBHI_133,1,ICBHI,AKGC417L,0.5247143402008536,0
ICBHI_133_2p3_AR_006,ICBHI_133_2p3_AR,ICBHI_133,1,ICBHI,AKGC417L,0.5724240297877585,0
ICBHI_133_2p3_PL_000,ICBHI_133_2p3_PL,ICBHI_133,1,ICBHI,AKGC417L,0.6147409883333945,0
ICBHI_133_2p3_PL_001,ICBHI_133_2p3_PL,ICBHI_133,1,ICBHI,AKGC417L,0.6865802324109352,0
ICBHI_133_2p3_PL_002,ICBHI_133_2p3_PL,ICBHI_133,1,ICBHI,AKGC417L,0.7369689039619506,0
ICBHI_133_2p3_PL_003,ICBHI_133_2p3_PL,ICBHI_133,1,ICBHI,AKGC417L,0.7446563401437933,0
ICBHI_133_2p3_PL_004,ICBHI_133_2p3_PL,ICBHI_133,1,ICBHI,AKGC417L,0.744284789133903,0
ICBHI_133_2p3_PL_005,ICBHI_133_2p3_PL,ICBHI_133,1,ICBHI,AKGC417L,0.7299049970975119,0
ICBHI_133_2p3_PL_006,ICBHI_133_2p3_PL,ICBHI_133,1,ICBHI,AKGC417L,0.7345005791918268,0
ICBHI_133_2p3_PR_000,ICBHI_133_2p3_PR,ICBHI_133,1,ICBHI,AKGC417L,0.3938511961188558,0
ICBHI_133_2p3_PR_001,ICBHI_133_2p3_PR,ICBHI_133,1,ICBHI,AKGC417L,0.480966233431423,0
ICBHI_133_2p3_PR_002,ICBHI_133_2p3_PR,ICBHI_133,1,ICBHI,AKGC417L,0.4562280613818145,0
ICBHI_133_2p3_PR_003,ICBHI_133_2p3_PR,ICBHI_133,1,ICBHI,AKGC417L,0.4464645437947745,0
ICBHI_133_2p3_PR_004,ICBHI_133_2p3_PR,ICBHI_133,1,ICBHI,AKGC417L,0.4748746958902883,0
ICBHI_133_2p3_PR_005,ICBHI_133_2p3_PR,ICBHI_133,1,ICBHI,AKGC417L,0.4848145470536862,0
ICBHI_133_2p3_PR_006,ICBHI_133_2p3_PR,ICBHI_133,1,ICBHI,AKGC417L,0.4607741320177991,0
ICBHI_133_2p3_TC_000,ICBHI_133_2p3_TC,ICBHI_133,1,ICBHI,AKGC417L,0.3353508453162657,0
ICBHI_133_2p3_TC_001,ICBHI_133_2p3_TC,ICBHI_133,1,ICBHI,AKGC417L,0.3912314847124747,0
ICBHI_133_2p3_TC_002,ICBHI_133_2p3_TC,ICBHI_133,1,ICBHI,AKGC417L,0.395542704557803,0
ICBHI_133_2p3_TC_003,ICBHI_133_2p3_TC,ICBHI_133,1,ICBHI,AKGC417L,0.4056841676914739,0
ICBHI_133_2p3_TC_004,ICBHI_133_2p3_TC,ICBHI_133,1,ICBHI,AKGC417L,0.4150173847989836,0
ICBHI_133_2p3_TC_005,ICBHI_133_2p3_TC,ICBHI_133,1,ICBHI,AKGC417L,0.3603764850096888,0
ICBHI_133_2p3_TC_006,ICBHI_133_2p3_TC,ICBHI_133,1,ICBHI,AKGC417L,0.3215665147678535,0
ICBHI_133_2p4_AL_000,ICBHI_133_2p4_AL,ICBHI_133,1,ICBHI,AKGC417L,0.3793783841197297,0
ICBHI_133_2p4_AL_001,ICBHI_133_2p4_AL,ICBHI_133,1,ICBHI,AKGC417L,0.4891679548543757,0
ICBHI_133_2p4_AL_002,ICBHI_133_2p4_AL,ICBHI_133,1,ICBHI,AKGC417L,0.5372841786727461,0
ICBHI_133_2p4_AL_003,ICBHI_133_2p4_AL,ICBHI_133,1,ICBHI,AKGC417L,0.4881003919517233,0
ICBHI_133_2p4_AL_004,ICBHI_133_2p4_AL,ICBHI_133,1,ICBHI,AKGC417L,0.4656608321036025,0
ICBHI_133_2p4_AL_005,ICBHI_133_2p4_AL,ICBHI_133,1,ICBHI,AKGC417L,0.4657519541548071,0
ICBHI_133_2p4_AL_006,ICBHI_133_2p4_AL,ICBHI_133,1,ICBHI,AKGC417L,0.46317107058412,0
ICBHI_133_2p4_AR_000,ICBHI_133_2p4_AR,ICBHI_133,1,ICBHI,AKGC417L,0.443118405440769,0
ICBHI_133_2p4_AR_001,ICBHI_133_2p4_AR,ICBHI_133,1,ICBHI,AKGC417L,0.5520869554602934,0
ICBHI_133_2p4_AR_002,ICBHI_133_2p4_AR,ICBHI_133,1,ICBHI,AKGC417L,0.5974904630158353,0
ICBHI_133_2p4_AR_003,ICBHI_133_2p4_AR,ICBHI_133,1,ICBHI,AKGC417L,0.5632578476003665,0
ICBHI_133_2p4_AR_004,ICBHI_133_2p4_AR,ICBHI_133,1,ICBHI,AKGC417L,0.517601366439391,0
ICBHI_133_2p4_AR_005,ICBHI_133_2p4_AR,ICBHI_133,1,ICBHI,AKGC417L,0.5554352309883238,0
ICBHI_133_2p4_AR_006,ICBHI_133_2p4_AR,ICBHI_133,1,ICBHI,AKGC417L,0.5971968543686228,0
ICBHI_133_2p4_PL_000,ICBHI_133_2p4_PL,ICBHI_133,1,ICBHI,AKGC417L,0.6748009865693079,0
ICBHI_133_2p4_PL_001,ICBHI_133_2p4_PL,ICBHI_133,1,ICBHI,AKGC417L,0.7702920373143224,0
ICBHI_133_2p4_PL_002,ICBHI_133_2p4_PL,ICBHI_133,1,ICBHI,AKGC417L,0.7953403653424583,0
ICBHI_133_2p4_PL_003,ICBHI_133_2p4_PL,ICBHI_133,1,ICBHI,AKGC417L,0.7995988509311733,0
ICBHI_133_2p4_PL_004,ICBHI_133_2p4_PL,ICBHI_133,1,ICBHI,AKGC417L,0.7831604117298325,0
ICBHI_133_2p4_PL_005,ICBHI_133_2p4_PL,ICBHI_133,1,ICBHI,AKGC417L,0.7848142256042111,0
ICBHI_133_2p4_PL_006,ICBHI_133_2p4_PL,ICBHI_133,1,ICBHI,AKGC417L,0.7774688630389935,0
ICBHI_133_2p4_PR_000,ICBHI_133_2p4_PR,ICBHI_133,1,ICBHI,AKGC417L,0.4595914947603807,0
ICBHI_133_2p4_PR_001,ICBHI_133_2p4_PR,ICBHI_133,1,ICBHI,AKGC417L,0.4795646126355286,0
ICBHI_133_2p4_PR_002,ICBHI_133_2p4_PR,ICBHI_133,1,ICBHI,AKGC417L,0.4541090083131938,0
ICBHI_133_2p4_PR_003,ICBHI_133_2p4_PR,ICBHI_133,1,ICBHI,AKGC417L,0.4666632993880664,0
ICBHI_133_2p4_PR_004,ICBHI_133_2p4_PR,ICBHI_133,1,ICBHI,AKGC417L,0.4451375489135643,0
ICBHI_133_2p4_PR_005,ICBHI_133_2p4_PR,ICBHI_133,1,ICBHI,AKGC417L,0.4461327227877301,0
ICBHI_133_2p4_PR_006,ICBHI_133_2p4_PR,ICBHI_133,1,ICBHI,AKGC417L,0.4654482229069349,0
ICBHI_133_2p4_TC_000,ICBHI_133_2p4_TC,ICBHI_133,1,ICBHI,AKGC417L,0.4549261646729465,0
ICBHI_133_2p4_TC_001,ICBHI_133_2p4_TC,ICBHI_133,1,ICBHI,AKGC417L,0.4602888933099986,0
ICBHI_133_2p4_TC_002,ICBHI_133_2p4_TC,ICBHI_133,1,ICBHI,AKGC417L,0.4309853624243235,0
ICBHI_133_2p4_TC_003,ICBHI_133_2p4_TC,ICBHI_133,1,ICBHI,AKGC417L,0.3937929133445389,0
ICBHI_133_2p4_TC_004,ICBHI_133_2p4_TC,ICBHI_133,1,ICBHI,AKGC417L,0.4271577400186339,0
ICBHI_133_2p4_TC_005,ICBHI_133_2p4_TC,ICBHI_133,1,ICBHI,AKGC417L,0.4488188081546586,0
ICBHI_133_2p4_TC_006,ICBHI_133_2p4_TC,ICBHI_133,1,ICBHI,AKGC417L,0.3978214328075098,0
ICBHI_133_3p2_AL_000,ICBHI_133_3p2_AL,ICBHI_133,1,ICBHI,AKGC417L,0.496770903659094,0
ICBHI_133_3p2_AL_001,ICBHI_133_3p2_AL,ICBHI_133,1,ICBHI,AKGC417L,0.6154346057647613,0
ICBHI_133_3p2_AL_002,ICBHI_133_3p2_AL,ICBHI_133,1,ICBHI,AKGC417L,0.5941981000707334,0
ICBHI_133_3p2_AL_003,ICBHI_133_3p2_AL,ICBHI_133,1,ICBHI,AKGC417L,0.5184090333815948,0
ICBHI_133_3p2_AL_004,ICBHI_133_3p2_AL,ICBHI_133,1,ICBHI,AKGC417L,0.4973736050886723,0
ICBHI_133_3p2_AL_005,ICBHI_133_3p2_AL,ICBHI_133,1,ICBHI,AKGC417L,0.5121359826395174,0
ICBHI_133_3p2_AL_006,ICBHI_133_3p2_AL,ICBHI_133,1,ICBHI,AKGC417L,0.4929814180708258,0
ICBHI_133_3p2_AR_000,ICBHI_133_3p2_AR,ICBHI_133,1,ICBHI,AKGC417L,0.4700523685759637,0
ICBHI_133_3p2_AR_001,ICBHI_133_3p2_AR,ICBHI_133,1,ICBHI,AKGC417L,0.5153226542286913,0
ICBHI_133_3p2_AR_002,ICBHI_133_3p2_AR,ICBHI_133,1,ICBHI,AKGC417L,0.4769298446612549,0
ICBHI_133_3p2_AR_003,ICBHI_133_3p2_AR,ICBHI_133,1,ICBHI,AKGC417L,0.4728508253793019,0
ICBHI_133_3p2_AR_004,ICBHI_133_3p2_AR,ICBHI_133,1,ICBHI,AKGC417L,0.4742507048410244,0
ICBHI_133_3p2_AR_005,ICBHI_133_3p2_AR,ICBHI_133,1,ICBHI,AKGC417L,0.5092839060060246,0
ICBHI_133_3p2_AR_006,ICBHI_133_3p2_AR,ICBHI_133,1,ICBHI,AKGC417L,0.5183633189135128,0
ICBHI_133_3p2_PL_000,ICBHI_133_3p2_PL,ICBHI_133,1,ICBHI,AKGC417L,0.740924892403682,0
ICBHI_133_3p2_PL_001,ICBHI_133_3p2_PL,ICBHI_133,1,ICBHI,AKGC417L,0.8146433721849758,0
ICBHI_133_3p2_PL_002,ICBHI_133_3p2_PL,ICBHI_133,1,ICBHI,AKGC417L,0.7864588652693653,0
ICBHI_133_3p2_PL_003,ICBHI_133_3p2_PL,ICBHI_133,1,ICBHI,AKGC417L,0.7869504679291749,0
ICBHI_133_3p2_PL_004,ICBHI_133_3p2_PL,ICBHI_133,1,ICBHI,AKGC417L,0.7631308939755528,0
ICBHI_133_3p2_PL_005,ICBHI_133_3p2_PL,ICBHI_133,1,ICBHI,AKGC417L,0.7659436805244414,0
ICBHI_133_3p2_PL_006,ICBHI_133_3p2_PL,ICBHI_133,1,ICBHI,AKGC417L,0.7597605507205911,0
ICBHI_133_3p2_PR_000,ICBHI_133_3p2_PR,ICBHI_133,1,ICBHI,AKGC417L,0.3970613591283595,0
ICBHI_133_3p2_PR_001,ICBHI_133_3p2_PR,ICBHI_133,1,ICBHI,AKGC417L,0.4379136381588249,0
ICBHI_133_3p2_PR_002,ICBHI_133_3p2_PR,ICBHI_133,1,ICBHI,AKGC417L,0.3901272540785718,0
ICBHI_133_3p2_PR_003,ICBHI_133_3p2_PR,ICBHI_133,1,ICBHI,AKGC417L,0.4150173847989836,0
ICBHI_133_3p2_PR_004,ICBHI_133_3p2_PR,ICBHI_133,1,ICBHI,AKGC417L,0.4256052296464035,0
ICBHI_133_3p2_PR_005,ICBHI_133_3p2_PR,ICBHI_133,1,ICBHI,AKGC417L,0.4028618757287128,0
ICBHI_133_3p2_PR_006,ICBHI_133_3p2_PR,ICBHI_133,1,ICBHI,AKGC417L,0.4695050590454965,0
ICBHI_133_3p4_TC_000,ICBHI_133_3p4_TC,ICBHI_133,1,ICBHI,AKGC417L,0.3593641451601019,0
ICBHI_133_3p4_TC_001,ICBHI_133_3p4_TC,ICBHI_133,1,ICBHI,AKGC417L,0.4758336636569095,0
ICBHI_133_3p4_TC_002,ICBHI_133_3p4_TC,ICBHI_133,1,ICBHI,AKGC417L,0.4850965790774836,0
ICBHI_133_3p4_TC_003,ICBHI_133_3p4_TC,ICBHI_133,1,ICBHI,AKGC417L,0.433321900233323,0
ICBHI_133_3p4_TC_004,ICBHI_133_3p4_TC,ICBHI_133,1,ICBHI,AKGC417L,0.4323629557869881,0
ICBHI_133_3p4_TC_005,ICBHI_133_3p4_TC,ICBHI_133,1,ICBHI,AKGC417L,0.4251278276459549,0
ICBHI_133_3p4_TC_006,ICBHI_133_3p4_TC,ICBHI_133,1,ICBHI,AKGC417L,0.435421323635886,0
ICBHI_138_1p2_AL_000,ICBHI_138_1p2_AL,ICBHI_138,1,ICBHI,AKGC417L,0.5613651024037952,0
ICBHI_138_1p2_AL_001,ICBHI_138_1p2_AL,ICBHI_138,1,ICBHI,AKGC417L,0.6069644871365678,0
ICBHI_138_1p2_AL_002,ICBHI_138_1p2_AL,ICBHI_138,1,ICBHI,AKGC417L,0.6365790671593003,0
ICBHI_138_1p2_AL_003,ICBHI_138_1p2_AL,ICBHI_138,1,ICBHI,AKGC417L,0.6307986442894107,0
ICBHI_138_1p2_AL_004,ICBHI_138_1p2_AL,ICBHI_138,1,ICBHI,AKGC417L,0.6302298796590904,0
ICBHI_138_1p2_AL_005,ICBHI_138_1p2_AL,ICBHI_138,1,ICBHI,AKGC417L,0.6483550374749418,0
ICBHI_138_1p2_AL_006,ICBHI_138_1p2_AL,ICBHI_138,1,ICBHI,AKGC417L,0.6589663697837479,0
ICBHI_138_1p2_AR_000,ICBHI_138_1p2_AR,ICBHI_138,1,ICBHI,AKGC417L,0.7422349234739593,0
ICBHI_138_1p2_AR_001,ICBHI_138_1p2_AR,ICBHI_138,1,ICBHI,AKGC417L,0.7858021104335594,0
ICBHI_138_1p2_AR_002,ICBHI_138_1p2_AR,ICBHI_138,1,ICBHI,AKGC417L,0.81077873232179,0
ICBHI_138_1p2_AR_003,ICBHI_138_1p2_AR,ICBHI_138,1,ICBHI,AKGC417L,0.7898827402935596,0
ICBHI_138_1p2_AR_004,ICBHI_138_1p2_AR,ICBHI_138,1,ICBHI,AKGC417L,0.7253569066240022,0
ICBHI_138_1p2_AR_005,ICBHI_138_1p2_AR,ICBHI_138,1,ICBHI,AKGC417L,0.7465087674839027,0
ICBHI_138_1p2_AR_006,ICBHI_138_1p2_AR,ICBHI_138,1,ICBHI,AKGC417L,0.7745833841649233,0
ICBHI_138_1p2_LL_000,ICBHI_138_1p2_LL,ICBHI_138,1,ICBHI,AKGC417L,0.6055074943148079,0
ICBHI_138_1p2_LL_001,ICBHI_138_1p2_LL,ICBHI_138,1,ICBHI,AKGC417L,0.5897163644997935,0
ICBHI_138_1p2_LL_002,ICBHI_138_1p2_LL,ICBHI_138,1,ICBHI,AKGC417L,0.5948454930122904,0
ICBHI_138_1p2_LL_003,ICBHI_138_1p2_LL,ICBHI_138,1,ICBHI,AKGC417L,0.6460137001902271,0
ICBHI_138_1p2_LL_004,ICBHI_138_1p2_LL,ICBHI_138,1,ICBHI,AKGC417L,0.5557969109314933,0
ICBHI_138_1p2_LL_005,ICBHI_138_1p2_LL,ICBHI_138,1,ICBHI,AKGC417L,0.4783003822781964,0
ICBHI_138_1p2_LL_006,ICBHI_138_1p2_LL,ICBHI_138,1,ICBHI,AKGC417L,0.5356753581981566,0
ICBHI_138_1p2_LR_000,ICBHI_138_1p2_LR,ICBHI_138,1,ICBHI,AKGC417L,0.4247698677149885,0
ICBHI_138_1p2_LR_001,ICBHI_138_1p2_LR,ICBHI_138,1,ICBHI,AKGC417L,0.4463438760750394,0
ICBHI_138_1p2_LR_002,ICBHI_138_1p2_LR,ICBHI_138,1,ICBHI,AKGC417L,0.39700291244413,0
ICBHI_138_1p2_LR_003,ICBHI_138_1p2_LR,ICBHI_138,1,ICBHI,AKGC417L,0.4298481546439914,0
ICBHI_138_1p2_LR_004,ICBHI_138_1p2_LR,ICBHI_138,1,ICBHI,AKGC417L,0.4136547834899365,0
ICBHI_138_1p2_LR_005,ICBHI_138_1p2_LR,ICBHI_138,1,ICBHI,AKGC417L,0.4298481546439914,0
ICBHI_138_1p2_LR_006,ICBHI_138_1p2_LR,ICBHI_138,1,ICBHI,AKGC417L,0.4709495032497546,0
ICBHI_138_1p2_PL_000,ICBHI_138_1p2_PL,ICBHI_138,1,ICBHI,AKGC417L,0.5009860979646664,0
ICBHI_138_1p2_PL_001,ICBHI_138_1p2_PL,ICBHI_138,1,ICBHI,AKGC417L,0.4686994316337784,0
ICBHI_138_1p2_PL_002,ICBHI_138_1p2_PL,ICBHI_138,1,ICBHI,AKGC417L,0.5428329897109421,0
ICBHI_138_1p2_PL_003,ICBHI_138_1p2_PL,ICBHI_138,1,ICBHI,AKGC417L,0.6695288046278388,0
ICBHI_138_1p2_PL_004,ICBHI_138_1p2_PL,ICBHI_138,1,ICBHI,AKGC417L,0.581243668125398,0
ICBHI_138_1p2_PL_005,ICBHI_138_1p2_PL,ICBHI_138,1,ICBHI,AKGC417L,0.585871417024147,0
ICBHI_138_1p2_PL_006,ICBHI_138_1p2_PL,ICBHI_138,1,ICBHI,AKGC417L,0.5564297083545388,0
ICBHI_138_1p2_PR_000,ICBHI_138_1p2_PR,ICBHI_138,1,ICBHI,AKGC417L,0.712832272116407,0
ICBHI_138_1p2_PR_001,ICBHI_138_1p2_PR,ICBHI_138,1,ICBHI,AKGC417L,0.769773241471674,0
ICBHI_138_1p2_PR_002,ICBHI_138_1p2_PR,ICBHI_138,1,ICBHI,AKGC417L,0.7003827393355376,0
ICBHI_138_1p2_PR_003,ICBHI_138_1p2_PR,ICBHI_138,1,ICBHI,AKGC417L,0.748719933847045,0
ICBHI_138_1p2_PR_004,ICBHI_138_1p2_PR,ICBHI_138,1,ICBHI,AKGC417L,0.719186444117276,0
ICBHI_138_1p2_PR_005,ICBHI_138_1p2_PR,ICBHI_138,1,ICBHI,AKGC417L,0.6451199102918683,0
ICBHI_138_1p2_PR_006,ICBHI_138_1p2_PR,ICBHI_138,1,ICBHI,AKGC417L,0.6961649264326446,0
ICBHI_138_1p2_TC_000,ICBHI_138_1p2_TC,ICBHI_138,1,ICBHI,AKGC417L,0.6729767884135878,0
ICBHI_138_1p2_TC_001,ICBHI_138_1p2_TC,ICBHI_138,1,ICBHI,AKGC417L,0.7290377681937931,0
ICBHI_138_1p2_TC_002,ICBHI_138_1p2_TC,ICBHI_138,1,ICBHI,AKGC417L,0.755276170890018,0
ICBHI_138_1p2_TC_003,ICBHI_138_1p2_TC,ICBHI_138,1,ICBHI,AKGC417L,0.7331653714055038,0
ICBHI_138_1p2_TC_004,ICBHI_138_1p2_TC,ICBHI_138,1,ICBHI,AKGC417L,0.7003827393355376,0
ICBHI_138_1p2_TC_005,ICBHI_138_1p2_TC,ICBHI_138,1,ICBHI,AKGC417L,0.6796041263180436,0
ICBHI_138_1p2_TC_006,ICBHI_138_1p2_TC,ICBHI_138,1,ICBHI,AKGC417L,0.7099249404509319,0
ICBHI_138_1p3_AL_000,ICBHI_138_1p3_AL,ICBHI_138,1,ICBHI,AKGC417L,0.4646890073631879,0
ICBHI_138_1p3_AL_001,ICBHI_138_1p3_AL,ICBHI_138,1,ICBHI,AKGC417L,0.4370424666225324,0
ICBHI_138_1p3_AL_002,ICBHI_138_1p3_AL,ICBHI_138,1,ICBHI,AKGC417L,0.4374629840412083,0
ICBHI_138_1p3_AL_003,ICBHI_138_1p3_AL,ICBHI_138,1,ICBHI,AKGC417L,0.5161077054097464,0
ICBHI_138_1p3_AL_004,ICBHI_138_1p3_AL,ICBHI_138,1,ICBHI,AKGC417L,0.49745180428851,0
ICBHI_138_1p3_AL_005,ICBHI_138_1p3_AL,ICBHI_138,1,ICBHI,AKGC417L,0.5230092497792251,0
ICBHI_138_1p3_AL_006,ICBHI_138_1p3_AL,ICBHI_138,1,ICBHI,AKGC417L,0.5046461675342994,0
ICBHI_138_1p3_AR_000,ICBHI_138_1p3_AR,ICBHI_138,1,ICBHI,AKGC417L,0.5651787513651496,0
ICBHI_138_1p3_AR_001,ICBHI_138_1p3_AR,ICBHI_138,1,ICBHI,AKGC417L,0.5300540584039208,0
ICBHI_138_1p3_AR_002,ICBHI_138_1p3_AR,ICBHI_138,1,ICBHI,AKGC417L,0.4968357508617896,0
ICBHI_138_1p3_AR_003,ICBHI_138_1p3_AR,ICBHI_138,1,ICBHI,AKGC417L,0.5087881573663283,0
ICBHI_138_1p3_AR_004,ICBHI_138_1p3_AR,ICBHI_138,1,ICBHI,AKGC417L,0.4530198517116797,0
ICBHI_138_1p3_AR_005,ICBHI_138_1p3_AR,ICBHI_138,1,ICBHI,AKGC417L,0.4506313482958715,0
ICBHI_138_1p3_AR_006,ICBHI_138_1p3_AR,ICBHI_138,1,ICBHI,AKGC417L,0.4801892095698217,0
ICBHI_138_1p3_LL_000,ICBHI_138_1p3_LL,ICBHI_138,1,ICBHI,AKGC417L,0.2745458314902352,0
ICBHI_138_1p3_LL_001,ICBHI_138_1p3_LL,ICBHI_138,1,ICBHI,AKGC417L,0.4932865362958828,0
ICBHI_138_1p3_LL_002,ICBHI_138_1p3_LL,ICBHI_138,1,ICBHI,AKGC417L,0.6334102636778401,0
ICBHI_138_1p3_LL_003,ICBHI_138_1p3_LL,ICBHI_138,1,ICBHI,AKGC417L,0.5950219975882318,0
ICBHI_138_1p3_LL_004,ICBHI_138_1p3_LL,ICBHI_138,1,ICBHI,AKGC417L,0.597725299633198,0
ICBHI_138_1p3_LL_005,ICBHI_138_1p3_LL,ICBHI_138,1,ICBHI,AKGC417L,0.633863664340824,0
ICBHI_138_1p3_LL_006,ICBHI_138_1p3_LL,ICBHI_138,1,ICBHI,AKGC417L,0.6182619829970489,0
ICBHI_138_1p3_LR_000,ICBHI_138_1p3_LR,ICBHI_138,1,ICBHI,AKGC417L,0.3218861707585663,0
ICBHI_138_1p3_LR_001,ICBHI_138_1p3_LR,ICBHI_138,1,ICBHI,AKGC417L,0.2716379514913759,0
ICBHI_138_1p3_LR_002,ICBHI_138_1p3_LR,ICBHI_138,1,ICBHI,AKGC417L,0.3102762500886776,0
ICBHI_138_1p3_LR_003,ICBHI_138_1p3_LR,ICBHI_138,1,ICBHI,AKGC417L,0.3380771241500058,0
ICBHI_138_1p3_LR_004,ICBHI_138_1p3_LR,ICBHI_138,1,ICBHI,AKGC417L,0.3530935289036874,0
ICBHI_138_1p3_LR_005,ICBHI_138_1p3_LR,ICBHI_138,1,ICBHI,AKGC417L,0.3723910764954917,0
ICBHI_138_1p3_LR_006,ICBHI_138_1p3_LR,ICBHI_138,1,ICBHI,AKGC417L,0.3205022025152475,0
ICBHI_138_1p3_PL_000,ICBHI_138_1p3_PL,ICBHI_138,1,ICBHI,AKGC417L,0.5749318378055371,0
ICBHI_138_1p3_PL_001,ICBHI_138_1p3_PL,ICBHI_138,1,ICBHI,AKGC417L,0.6726543253717006,0
ICBHI_138_1p3_PL_002,ICBHI_138_1p3_PL,ICBHI_138,1,ICBHI,AKGC417L,0.6531269142203084,0
ICBHI_138_1p3_PL_003,ICBHI_138_1p3_PL,ICBHI_138,1,ICBHI,AKGC417L,0.4597430897742489,0
ICBHI_138_1p3_PL_004,ICBHI_138_1p3_PL,ICBHI_138,1,ICBHI,AKGC417L,0.5161686769816395,0
ICBHI_138_1p3_PL_005,ICBHI_138_1p3_PL,ICBHI_138,1,ICBHI,AKGC417L,0.6199890982106309,0
ICBHI_138_1p3_PL_006,ICBHI_138_1p3_PL,ICBHI_138,1,ICBHI,AKGC417L,0.5421664538000399,0
ICBHI_138_1p3_PR_000,ICBHI_138_1p3_PR,ICBHI_138,1,ICBHI,AKGC417L,0.5849233420098303,0
ICBHI_138_1p3_PR_001,ICBHI_138_1p3_PR,ICBHI_138,1,ICBHI,AKGC417L,0.570869701365027,0
ICBHI_138_1p3_PR_002,ICBHI_138_1p3_PR,ICBHI_138,1,ICBHI,AKGC417L,0.6177432627383693,0
ICBHI_138_1p3_PR_003,ICBHI_138_1p3_PR,ICBHI_138,1,ICBHI,AKGC417L,0.7129322140836937,0
ICBHI_138_1p3_PR_004,ICBHI_138_1p3_PR,ICBHI_138,1,ICBHI,AKGC417L,0.6278371332920717,0
ICBHI_138_1p3_PR_005,ICBHI_138_1p3_PR,ICBHI_138,1,ICBHI,AKGC417L,0.6018860996698246,0
ICBHI_138_1p3_PR_006,ICBHI_138_1p3_PR,ICBHI_138,1,ICBHI,AKGC417L,0.6360140690870971,0
ICBHI_138_1p3_TC_000,ICBHI_138_1p3_TC,ICBHI_138,1,ICBHI,AKGC417L,0.7126323258637807,0
ICBHI_138_1p3_TC_001,ICBHI_138_1p3_TC,ICBHI_138,1,ICBHI,AKGC417L,0.6888871743462827,0
ICBHI_138_1p3_TC_002,ICBHI_138_1p3_TC,ICBHI_138,1,ICBHI,AKGC417L,0.6901415732701115,0
ICBHI_138_1p3_TC_003,ICBHI_138_1p3_TC,ICBHI_138,1,ICBHI,AKGC417L,0.6983294529100605,0
ICBHI_138_1p3_TC_004,ICBHI_138_1p3_TC,ICBHI_138,1,ICBHI,AKGC417L,0.6548947290421275,0
ICBHI_138_1p3_TC_005,ICBHI_138_1p3_TC,ICBHI_138,1,ICBHI,AKGC417L,0.687734866468537,0
ICBHI_138_1p3_TC_006,ICBHI_138_1p3_TC,ICBHI_138,1,ICBHI,AKGC417L,0.6870003678787455,0
ICBHI_138_1p4_AR_000,ICBHI_138_1p4_AR,ICBHI_138,1,ICBHI,AKGC417L,0.3722769644855854,0
ICBHI_138_1p4_AR_001,ICBHI_138_1p4_AR,ICBHI_138,1,ICBHI,AKGC417L,0.3820838006273038,0
ICBHI_138_1p4_AR_002,ICBHI_138_1p4_AR,ICBHI_138,1,ICBHI,AKGC417L,0.5251861847708956,0
ICBHI_138_1p4_AR_003,ICBHI_138_1p4_AR,ICBHI_138,1,ICBHI,AKGC417L,0.4823529140684564,0
ICBHI_138_1p4_AR_004,ICBHI_138_1p4_AR,ICBHI_138,1,ICBHI,AKGC417L,0.4856301789977187,0
ICBHI_138_1p4_AR_005,ICBHI_138_1p4_AR,ICBHI_138,1,ICBHI,AKGC417L,0.384334292520542,0
ICBHI_138_1p4_AR_006,ICBHI_138_1p4_AR,ICBHI_138,1,ICBHI,AKGC417L,0.3513110642731893,0
ICBHI_138_1p4_LL_000,ICBHI_138_1p4_LL,ICBHI_138,1,ICBHI,AKGC417L,0.4420643715805511,0
ICBHI_138_1p4_LL_001,ICBHI_138_1p4_LL,ICBHI_138,1,ICBHI,AKGC417L,0.4470378013803466,0
ICBHI_138_1p4_LL_002,ICBHI_138_1p4_LL,ICBHI_138,1,ICBHI,AKGC417L,0.4593489583029286,0
ICBHI_138_1p4_LL_003,ICBHI_138_1p4_LL,ICBHI_138,1,ICBHI,AKGC417L,0.4248891789445496,0
ICBHI_138_1p4_LL_004,ICBHI_138_1p4_LL,ICBHI_138,1,ICBHI,AKGC417L,0.4705237206639063,0
ICBHI_138_1p4_LL_005,ICBHI_138_1p4_LL,ICBHI_138,1,ICBHI,AKGC417L,0.5473431010760916,0
ICBHI_138_1p4_LL_006,ICBHI_138_1p4_LL,ICBHI_138,1,ICBHI,AKGC417L,0.5133863876544549,0
ICBHI_138_1p4_LR_000,ICBHI_138_1p4_LR,ICBHI_138,1,ICBHI,AKGC417L,0.3984649573824325,0
ICBHI_138_1p4_LR_001,ICBHI_138_1p4_LR,ICBHI_138,1,ICBHI,AKGC417L,0.4091027539131153,0
ICBHI_138_1p4_LR_002,ICBHI_138_1p4_LR,ICBHI_138,1,ICBHI,AKGC417L,0.4568640899653339,0
ICBHI_138_1p4_LR_003,ICBHI_138_1p4_LR,ICBHI_138,1,ICBHI,AKGC417L,0.4495134572206964,0
ICBHI_138_1p4_LR_004,ICBHI_138_1p4_LR,ICBHI_138,1,ICBHI,AKGC417L,0.4222068182142455,0
ICBHI_138_1p4_LR_005,ICBHI_138_1p4_LR,ICBHI_138,1,ICBHI,AKGC417L,0.3629692055196168,0
ICBHI_138_1p4_LR_006,ICBHI_138_1p4_LR,ICBHI_138,1,ICBHI,AKGC417L,0.3774259277549709,0
ICBHI_138_1p4_PL_000,ICBHI_138_1p4_PL,ICBHI_138,1,ICBHI,AKGC417L,0.4574093693674105,0
ICBHI_138_1p4_PL_001,ICBHI_138_1p4_PL,ICBHI_138,1,ICBHI,AKGC417L,0.6025294319093685,0
ICBHI_138_1p4_PL_002,ICBHI_138_1p4_PL,ICBHI_138,1,ICBHI,AKGC417L,0.5110150632167917,0
ICBHI_138_1p4_PL_003,ICBHI_138_1p4_PL,ICBHI_138,1,ICBHI,AKGC417L,0.5000168383121427,0
ICBHI_138_1p4_PL_004,ICBHI_138_1p4_PL,ICBHI_138,1,ICBHI,AKGC417L,0.5448316680955425,0
ICBHI_138_1p4_PL_005,ICBHI_138_1p4_PL,ICBHI_138,1,ICBHI,AKGC417L,0.5095660932930498,0
ICBHI_138_1p4_PL_006,ICBHI_138_1p4_PL,ICBHI_138,1,ICBHI,AKGC417L,0.5998368004635455,0
ICBHI_138_1p4_PR_000,ICBHI_138_1p4_PR,ICBHI_138,1,ICBHI,AKGC417L,0.5092152649536875,0
ICBHI_138_1p4_PR_001,ICBHI_138_1p4_PR,ICBHI_138,1,ICBHI,AKGC417L,0.626352755201065,0
ICBHI_138_1p4_PR_002,ICBHI_138_1p4_PR,ICBHI_138,1,ICBHI,AKGC417L,0.6414223660920466,0
ICBHI_138_1p4_PR_003,ICBHI_138_1p4_PR,ICBHI_138,1,ICBHI,AKGC417L,0.5749318378055371,0
ICBHI_138_1p4_PR_004,ICBHI_138_1p4_PR,ICBHI_138,1,ICBHI,AKGC417L,0.5452251790282437,0
ICBHI_138_1p4_PR_005,ICBHI_138_1p4_PR,ICBHI_138,1,ICBHI,AKGC417L,0.522826529002218,0
ICBHI_138_1p4_PR_006,ICBHI_138_1p4_PR,ICBHI_138,1,ICBHI,AKGC417L,0.5074571801600534,0
ICBHI_138_1p4_TC_000,ICBHI_138_1p4_TC,ICBHI_138,1,ICBHI,AKGC417L,0.6997675932254099,0
ICBHI_138_1p4_TC_001,ICBHI_138_1p4_TC,ICBHI_138,1,ICBHI,AKGC417L,0.7034476153351108,0
ICBHI_138_1p4_TC_002,ICBHI_138_1p4_TC,ICBHI_138,1,ICBHI,AKGC417L,0.7225270183691288,0
ICBHI_138_1p4_TC_003,ICBHI_138_1p4_TC,ICBHI_138,1,ICBHI,AKGC417L,0.7898827402935596,0
ICBHI_138_1p4_TC_004,ICBHI_138_1p4_TC,ICBHI_138,1,ICBHI,AKGC417L,0.7050747791309708,0
ICBHI_138_1p4_TC_005,ICBHI_138_1p4_TC,ICBHI_138,1,ICBHI,AKGC417L,0.636240113432218,0
ICBHI_138_1p4_TC_006,ICBHI_138_1p4_TC,ICBHI_138,1,ICBHI,AKGC417L,0.7489036181181575,0
ICBHI_138_2p2_AL_000,ICBHI_138_2p2_AL,ICBHI_138,1,ICBHI,AKGC417L,0.252568353832764,0
ICBHI_138_2p2_AL_001,ICBHI_138_2p2_AL,ICBHI_138,1,ICBHI,AKGC417L,0.2718312082214311,0
ICBHI_138_2p2_AL_002,ICBHI_138_2p2_AL,ICBHI_138,1,ICBHI,AKGC417L,0.2850733175321606,0
ICBHI_138_2p2_AL_003,ICBHI_138_2p2_AL,ICBHI_138,1,ICBHI,AKGC417L,0.289572554839911,0
ICBHI_138_2p2_AL_004,ICBHI_138_2p2_AL,ICBHI_138,1,ICBHI,AKGC417L,0.2581389295363072,0
ICBHI_138_2p2_AL_005,ICBHI_138_2p2_AL,ICBHI_138,1,ICBHI,AKGC417L,0.2509127868852724,0
ICBHI_138_2p2_AL_006,ICBHI_138_2p2_AL,ICBHI_138,1,ICBHI,AKGC417L,0.2755194131298318,0
ICBHI_138_2p2_AR_000,ICBHI_138_2p2_AR,ICBHI_138,1,ICBHI,AKGC417L,0.2976740665310353,0
ICBHI_138_2p2_AR_001,ICBHI_138_2p2_AR,ICBHI_138,1,ICBHI,AKGC417L,0.3059046401082834,0
ICBHI_138_2p2_AR_002,ICBHI_138_2p2_AR,ICBHI_138,1,ICBHI,AKGC417L,0.2807149544732462,0
ICBHI_138_2p2_AR_003,ICBHI_138_2p2_AR,ICBHI_138,1,ICBHI,AKGC417L,0.289572554839911,0
ICBHI_138_2p2_AR_004,ICBHI_138_2p2_AR,ICBHI_138,1,ICBHI,AKGC417L,0.2557152108660971,0
ICBHI_138_2p2_AR_005,ICBHI_138_2p2_AR,ICBHI_138,1,ICBHI,AKGC417L,0.2668346285944962,0
ICBHI_138_2p2_AR_006,ICBHI_138_2p2_AR,ICBHI_138,1,ICBHI,AKGC417L,0.2910816142890706,0
ICBHI_138_2p2_LL_000,ICBHI_138_2p2_LL,ICBHI_138,1,ICBHI,AKGC417L,0.5926665999540697,0
ICBHI_138_2p2_LL_001,ICBHI_138_2p2_LL,ICBHI_138,1,ICBHI,AKGC417L,0.6190107695157563,0
ICBHI_138_2p2_LL_002,ICBHI_138_2p2_LL,ICBHI_138,1,ICBHI,AKGC417L,0.6391731867145634,0
ICBHI_138_2p2_LL_003,ICBHI_138_2p2_LL,ICBHI_138,1,ICBHI,AKGC417L,0.5859306506696685,0
ICBHI_138_2p2_LL_004,ICBHI_138_2p2_LL,ICBHI_138,1,ICBHI,AKGC417L,0.3880381210735019,0
ICBHI_138_2p2_LL_005,ICBHI_138_2p2_LL,ICBHI_138,1,ICBHI,AKGC417L,0.4936793833429674,0
ICBHI_138_2p2_LL_006,ICBHI_138_2p2_LL,ICBHI_138,1,ICBHI,AKGC417L,0.5852789442319655,0
ICBHI_138_2p2_LR_000,ICBHI_138_2p2_LR,ICBHI_138,1,ICBHI,AKGC417L,0.7516481568828648,0
ICBHI_138_2p2_LR_001,ICBHI_138_2p2_LR,ICBHI_138,1,ICBHI,AKGC417L,0.8110781922144276,0
ICBHI_138_2p2_LR_002,ICBHI_138_2p2_LR,ICBHI_138,1,ICBHI,AKGC417L,0.7740714376449187,0
ICBHI_138_2p2_LR_003,ICBHI_138_2p2_LR,ICBHI_138,1,ICBHI,AKGC417L,0.7004851935462564,0
ICBHI_138_2p2_LR_004,ICBHI_138_2p2_LR,ICBHI_138,1,ICBHI,AKGC417L,0.707303624694514,0
ICBHI_138_2p2_LR_005,ICBHI_138_2p2_LR,ICBHI_138,1,ICBHI,AKGC417L,0.6611575766379749,0
ICBHI_138_2p2_LR_006,ICBHI_138_2p2_LR,ICBHI_138,1,ICBHI,AKGC417L,0.7411123045411034,0
ICBHI_138_2p2_PL_000,ICBHI_138_2p2_PL,ICBHI_138,1,ICBHI,AKGC417L,0.3835258482178421,0
ICBHI_138_2p2_PL_001,ICBHI_138_2p2_PL,ICBHI_138,1,ICBHI,AKGC417L,0.4018051616879325,0
ICBHI_138_2p2_PL_002,ICBHI_138_2p2_PL,ICBHI_138,1,ICBHI,AKGC417L,0.4765796510636759,0
ICBHI_138_2p2_PL_003,ICBHI_138_2p2_PL,ICBHI_138,1,ICBHI,AKGC417L,0.4985418361041149,0
ICBHI_138_2p2_PL_004,ICBHI_138_2p2_PL,ICBHI_138,1,ICBHI,AKGC417L,0.4211351482249243,0
ICBHI_138_2p2_PL_005,ICBHI_138_2p2_PL,ICBHI_138,1,ICBHI,AKGC417L,0.4290106848636991,0
ICBHI_138_2p2_PL_006,ICBHI_138_2p2_PL,ICBHI_138,1,ICBHI,AKGC417L,0.483816080200529,0
ICBHI_138_2p2_PR_000,ICBHI_138_2p2_PR,ICBHI_138,1,ICBHI,AKGC417L,0.4044486362509941,0
ICBHI_138_2p2_PR_001,ICBHI_138_2p2_PR,ICBHI_138,1,ICBHI,AKGC417L,0.3714785795312338,0
ICBHI_138_2p2_PR_002,ICBHI_138_2p2_PR,ICBHI_138,1,ICBHI,AKGC417L,0.323273271977356,0
ICBHI_138_2p2_PR_003,ICBHI_138_2p2_PR,ICBHI_138,1,ICBHI,AKGC417L,0.3542096519520121,0
ICBHI_138_2p2_PR_004,ICBHI_138_2p2_PR,ICBHI_138,1,ICBHI,AKGC417L,0.3042483554536494,0
ICBHI_138_2p2_PR_005,ICBHI_138_2p2_PR,ICBHI_138,1,ICBHI,AKGC417L,0.3019792286491274,0
ICBHI_138_2p2_PR_006,ICBHI_138_2p2_PR,ICBHI_138,1,ICBHI,AKGC417L,0.2809121784000196,0
ICBHI_138_2p2_TC_000,ICBHI_138_2p2_TC,ICBHI_138,1,ICBHI,AKGC417L,0.3911733394281674,0
ICBHI_138_2p2_TC_001,ICBHI_138_2p2_TC,ICBHI_138,1,ICBHI,AKGC417L,0.3419120249137458,0
ICBHI_138_2p2_TC_002,ICBHI_138_2p2_TC,ICBHI_138,1,ICBHI,AKGC417L,0.3789186284664433,0
ICBHI_138_2p2_TC_003,ICBHI_138_2p2_TC,ICBHI_138,1,ICBHI,AKGC417L,0.3203958736819564,0
ICBHI_138_2p2_TC_004,ICBHI_138_2p2_TC,ICBHI_138,1,ICBHI,AKGC417L,0.2397051166798774,0
ICBHI_138_2p2_TC_005,ICBHI_138_2p2_TC,ICBHI_138,1,ICBHI,AKGC417L,0.2598256379609837,0
ICBHI_138_2p2_TC_006,ICBHI_138_2p2_TC,ICBHI_138,1,ICBHI,AKGC417L,0.159348181368402,0
ICBHI_139_1b1_AL_000,ICBHI_139_1b1_AL,ICBHI_139,1,ICBHI,Litt3200,0.4216708909971368,0
ICBHI_139_1b1_AL_001,ICBHI_139_1b1_AL,ICBHI_139,1,ICBHI,Litt3200,0.263978703002682,0
ICBHI_139_1b1_AL_002,ICBHI_139_1b1_AL,ICBHI_139,1,ICBHI,Litt3200,0.2715413554405955,0
ICBHI_139_1b1_AL_003,ICBHI_139_1b1_AL,ICBHI_139,1,ICBHI,Litt3200,0.3557748935136303,0
ICBHI_139_1b1_AL_004,ICBHI_139_1b1_AL,ICBHI_139,1,ICBHI,Litt3200,0.2868679643269601,0
ICBHI_139_1b1_AL_005,ICBHI_139_1b1_AL,ICBHI_139,1,ICBHI,Litt3200,0.2609540759298918,0
ICBHI_139_1b1_AR_000,ICBHI_139_1b1_AR,ICBHI_139,1,ICBHI,Litt3200,0.5166259483023883,0
ICBHI_139_1b1_AR_001,ICBHI_139_1b1_AR,ICBHI_139,1,ICBHI,Litt3200,0.3460991434388347,0
ICBHI_139_1b1_AR_002,ICBHI_139_1b1_AR,ICBHI_139,1,ICBHI,Litt3200,0.1169655905463842,0
ICBHI_139_1b1_AR_003,ICBHI_139_1b1_AR,ICBHI_139,1,ICBHI,Litt3200,0.3722769644855854,0
ICBHI_139_1b1_AR_004,ICBHI_139_1b1_AR,ICBHI_139,1,ICBHI,Litt3200,0.3744475138841937,0
ICBHI_139_1b1_LL_000,ICBHI_139_1b1_LL,ICBHI_139,1,ICBHI,Litt3200,0.6015350426175675,0
ICBHI_139_1b1_LL_001,ICBHI_139_1b1_LL,ICBHI_139,1,ICBHI,Litt3200,0.3692013557105894,0
ICBHI_139_1b1_LL_002,ICBHI_139_1b1_LL,ICBHI_139,1,ICBHI,Litt3200,0.2005576797447963,0
ICBHI_139_1b1_LL_003,ICBHI_139_1b1_LL,ICBHI_139,1,ICBHI,Litt3200,0.1492831669974588,0
ICBHI_139_1b1_LL_004,ICBHI_139_1b1_LL,ICBHI_139,1,ICBHI,Litt3200,0.1932996145643538,0
ICBHI_139_1b1_LL_005,ICBHI_139_1b1_LL,ICBHI_139,1,ICBHI,Litt3200,0.2178362791958119,0
ICBHI_139_1b1_LL_006,ICBHI_139_1b1_LL,ICBHI_139,1,ICBHI,Litt3200,0.1572662374678776,0
ICBHI_139_1b1_LR_000,ICBHI_139_1b1_LR,ICBHI_139,1,ICBHI,Litt3200,0.3443331934745242,0
ICBHI_139_1b1_LR_001,ICBHI_139_1b1_LR,ICBHI_139,1,ICBHI,Litt3200,0.3163692664610594,0
ICBHI_139_1b1_LR_002,ICBHI_139_1b1_LR,ICBHI_139,1,ICBHI,Litt3200,0.2523840452764101,0
ICBHI_139_1b1_LR_003,ICBHI_139_1b1_LR,ICBHI_139,1,ICBHI,Litt3200,0.3652302460812573,0
ICBHI_139_1b1_PL_000,ICBHI_139_1b1_PL,ICBHI_139,1,ICBHI,Litt3200,0.2278127373044989,0
ICBHI_139_1b1_PL_001,ICBHI_139_1b1_PL,ICBHI_139,1,ICBHI,Litt3200,0.2276409918619913,0
ICBHI_139_1b1_PL_002,ICBHI_139_1b1_PL,ICBHI_139,1,ICBHI,Litt3200,0.2274693377553755,0
ICBHI_139_1b1_PL_003,ICBHI_139_1b1_PL,ICBHI_139,1,ICBHI,Litt3200,0.2723147268443466,0
ICBHI_139_1b1_PR_000,ICBHI_139_1b1_PR,ICBHI_139,1,ICBHI,Litt3200,0.3576796947150399,0
ICBHI_139_1b1_PR_001,ICBHI_139_1b1_PR,ICBHI_139,1,ICBHI,Litt3200,0.1550784716065935,0
ICBHI_139_1b1_PR_002,ICBHI_139_1b1_PR,ICBHI_139,1,ICBHI,Litt3200,0.1032050573719469,0
ICBHI_139_1b1_PR_003,ICBHI_139_1b1_PR,ICBHI_139,1,ICBHI,Litt3200,0.3087110134128659,0
ICBHI_139_1b1_PR_004,ICBHI_139_1b1_PR,ICBHI_139,1,ICBHI,Litt3200,0.4870863075842561,0
ICBHI_144_1b1_AL_000,ICBHI_144_1b1_AL,ICBHI_144,1,ICBHI,Meditron,0.2060939801101615,0
ICBHI_144_1b1_AL_001,ICBHI_144_1b1_AL,ICBHI_144,1,ICBHI,Meditron,0.3027001819340039,0
ICBHI_144_1b1_AL_002,ICBHI_144_1b1_AL,ICBHI_144,1,ICBHI,Meditron,0.4673925360971539,0
ICBHI_144_1b1_AL_003,ICBHI_144_1b1_AL,ICBHI_144,1,ICBHI,Meditron,0.4181622130339725,0
ICBHI_144_1b1_AL_004,ICBHI_144_1b1_AL,ICBHI_144,1,ICBHI,Meditron,0.3280987224822347,0
ICBHI_144_1b1_AL_005,ICBHI_144_1b1_AL,ICBHI_144,1,ICBHI,Meditron,0.2494472434633411,0
ICBHI_144_1b1_TC_000,ICBHI_144_1b1_TC,ICBHI_144,1,ICBHI,Meditron,0.8346765773924546,0
ICBHI_144_1b1_TC_001,ICBHI_144_1b1_TC,ICBHI_144,1,ICBHI,Meditron,0.7796575529570593,0
ICBHI_144_1b1_TC_002,ICBHI_144_1b1_TC,ICBHI_144,1,ICBHI,Meditron,0.4747833751791632,0
ICBHI_144_1b1_TC_003,ICBHI_144_1b1_TC,ICBHI_144,1,ICBHI,Meditron,0.4464947117109947,0
ICBHI_144_1b1_TC_004,ICBHI_144_1b1_TC,ICBHI_144,1,ICBHI,Meditron,0.3701115528626109,0
ICBHI_144_1b1_TC_005,ICBHI_144_1b1_TC,ICBHI_144,1,ICBHI,Meditron,0.3849699475690823,0
ICBHI_144_1b1_TC_006,ICBHI_144_1b1_TC,ICBHI_144,1,ICBHI,Meditron,0.5866412601032307,0
ICBHI_153_1b1_AL_000,ICBHI_153_1b1_AL,ICBHI_153,1,ICBHI,Meditron,0.3480909172953966,0
ICBHI_153_1b1_AL_001,ICBHI_153_1b1_AL,ICBHI_153,1,ICBHI,Meditron,0.3503102430790565,0
ICBHI_153_1b1_AL_002,ICBHI_153_1b1_AL,ICBHI_153,1,ICBHI,Meditron,0.2840792137370876,0
ICBHI_153_1b1_AL_003,ICBHI_153_1b1_AL,ICBHI_153,1,ICBHI,Meditron,0.2317880691634062,0
ICBHI_153_1b1_AL_004,ICBHI_153_1b1_AL,ICBHI_153,1,ICBHI,Meditron,0.3296074716331437,0
ICBHI_153_1b1_AL_005,ICBHI_153_1b1_AL,ICBHI_153,1,ICBHI,Meditron,0.3958929856419114,0
ICBHI_153_1b1_AL_006,ICBHI_153_1b1_AL,ICBHI_153,1,ICBHI,Meditron,0.3718206588777862,0
ICBHI_171_1b1_AL_000,ICBHI_171_1b1_AL,ICBHI_171,1,ICBHI,Meditron,0.5786862914188315,0
ICBHI_171_1b1_AL_001,ICBHI_171_1b1_AL,ICBHI_171,1,ICBHI,Meditron,0.4069208945969071,0
ICBHI_171_1b1_AL_002,ICBHI_171_1b1_AL,ICBHI_171,1,ICBHI,Meditron,0.4459819109072676,0
ICBHI_171_1b1_AL_003,ICBHI_171_1b1_AL,ICBHI_171,1,ICBHI,Meditron,0.4383343411387402,0
ICBHI_171_1b1_AL_004,ICBHI_171_1b1_AL,ICBHI_171,1,ICBHI,Meditron,0.4833130842750137,0
ICBHI_171_1b1_AL_005,ICBHI_171_1b1_AL,ICBHI_171,1,ICBHI,Meditron,0.6045156652115069,0
ICBHI_171_1b1_AL_006,ICBHI_171_1b1_AL,ICBHI_171,1,ICBHI,Meditron,0.2924942431882805,0
ICBHI_174_1p2_AR_000,ICBHI_174_1p2_AR,ICBHI_174,0,ICBHI,AKGC417L,0.6190683450976542,0
ICBHI_174_1p2_AR_001,ICBHI_174_1p2_AR,ICBHI_174,0,ICBHI,AKGC417L,0.6556668065254758,0
ICBHI_174_1p2_AR_002,ICBHI_174_1p2_AR,ICBHI_174,0,ICBHI,AKGC417L,0.7066967373831017,0
ICBHI_174_1p2_AR_003,ICBHI_174_1p2_AR,ICBHI_174,0,ICBHI,AKGC417L,0.6759785357704756,0
ICBHI_174_1p2_AR_004,ICBHI_174_1p2_AR,ICBHI_174,0,ICBHI,AKGC417L,0.682573734412324,0
ICBHI_174_1p2_AR_005,ICBHI_174_1p2_AR,ICBHI_174,0,ICBHI,AKGC417L,0.6947170576578352,0
ICBHI_174_1p2_AR_006,ICBHI_174_1p2_AR,ICBHI_174,0,ICBHI,AKGC417L,0.6575384268506705,0
ICBHI_174_1p2_LL_000,ICBHI_174_1p2_LL,ICBHI_174,0,ICBHI,AKGC417L,0.5544403093682972,0
ICBHI_174_1p2_LL_001,ICBHI_174_1p2_LL,ICBHI_174,0,ICBHI,AKGC417L,0.5561585317565847,0
ICBHI_174_1p2_LL_002,ICBHI_174_1p2_LL,ICBHI_174,0,ICBHI,AKGC417L,0.5998368004635455,0
ICBHI_174_1p2_LL_003,ICBHI_174_1p2_LL,ICBHI_174,0,ICBHI,AKGC417L,0.610975851558362,0
ICBHI_174_1p2_LL_004,ICBHI_174_1p2_LL,ICBHI_174,0,ICBHI,AKGC417L,0.583322042053565,0
ICBHI_174_1p2_LL_005,ICBHI_174_1p2_LL,ICBHI_174,0,ICBHI,AKGC417L,0.55416889102898,0
ICBHI_174_1p2_LL_006,ICBHI_174_1p2_LL,ICBHI_174,0,ICBHI,AKGC417L,0.5577549736941473,0
ICBHI_174_1p2_LR_000,ICBHI_174_1p2_LR,ICBHI_174,0,ICBHI,AKGC417L,0.4601979194040337,0
ICBHI_174_1p2_LR_001,ICBHI_174_1p2_LR,ICBHI_174,0,ICBHI,AKGC417L,0.5005593297532571,0
ICBHI_174_1p2_LR_002,ICBHI_174_1p2_LR,ICBHI_174,0,ICBHI,AKGC417L,0.5129823109197642,0
ICBHI_174_1p2_LR_003,ICBHI_174_1p2_LR,ICBHI_174,0,ICBHI,AKGC417L,0.4672709868857573,0
ICBHI_174_1p2_LR_004,ICBHI_174_1p2_LR,ICBHI_174,0,ICBHI,AKGC417L,0.4022747003668021,0
ICBHI_174_1p2_LR_005,ICBHI_174_1p2_LR,ICBHI_174,0,ICBHI,AKGC417L,0.4099883175692391,0
ICBHI_174_1p2_LR_006,ICBHI_174_1p2_LR,ICBHI_174,0,ICBHI,AKGC417L,0.3993430562286849,0
ICBHI_174_1p2_PL_000,ICBHI_174_1p2_PL,ICBHI_174,0,ICBHI,AKGC417L,0.3746762885695872,0
ICBHI_174_1p2_PL_001,ICBHI_174_1p2_PL,ICBHI_174,0,ICBHI,AKGC417L,0.468881823703307,0
ICBHI_174_1p2_PL_002,ICBHI_174_1p2_PL,ICBHI_174,0,ICBHI,AKGC417L,0.4413720042307835,0
ICBHI_174_1p2_PL_003,ICBHI_174_1p2_PL,ICBHI_174,0,ICBHI,AKGC417L,0.4443236424993339,0
ICBHI_174_1p2_PL_004,ICBHI_174_1p2_PL,ICBHI_174,0,ICBHI,AKGC417L,0.4623516666372739,0
ICBHI_174_1p2_PL_005,ICBHI_174_1p2_PL,ICBHI_174,0,ICBHI,AKGC417L,0.4338015602641066,0
ICBHI_174_1p2_PL_006,ICBHI_174_1p2_PL,ICBHI_174,0,ICBHI,AKGC417L,0.5339442892002618,0
ICBHI_174_1p2_PR_000,ICBHI_174_1p2_PR,ICBHI_174,0,ICBHI,AKGC417L,0.2562732024122395,0
ICBHI_174_1p2_PR_001,ICBHI_174_1p2_PR,ICBHI_174,0,ICBHI,AKGC417L,0.2602014318490933,0
ICBHI_174_1p2_PR_002,ICBHI_174_1p2_PR,ICBHI_174,0,ICBHI,AKGC417L,0.2379298916111697,0
ICBHI_174_1p2_PR_003,ICBHI_174_1p2_PR,ICBHI_174,0,ICBHI,AKGC417L,0.2971639080970202,0
ICBHI_174_1p2_PR_004,ICBHI_174_1p2_PR,ICBHI_174,0,ICBHI,AKGC417L,0.2305730783909247,0
ICBHI_174_1p2_PR_005,ICBHI_174_1p2_PR,ICBHI_174,0,ICBHI,AKGC417L,0.2150208975557437,0
ICBHI_174_1p2_PR_006,ICBHI_174_1p2_PR,ICBHI_174,0,ICBHI,AKGC417L,0.3047654023316783,0
ICBHI_174_1p2_TC_000,ICBHI_174_1p2_TC,ICBHI_174,0,ICBHI,AKGC417L,0.5780909418283288,0
ICBHI_174_1p2_TC_001,ICBHI_174_1p2_TC,ICBHI_174,0,ICBHI,AKGC417L,0.6250948807403324,0
ICBHI_174_1p2_TC_002,ICBHI_174_1p2_TC,ICBHI_174,0,ICBHI,AKGC417L,0.6971967452565021,0
ICBHI_174_1p2_TC_003,ICBHI_174_1p2_TC,ICBHI_174,0,ICBHI,AKGC417L,0.6777940064050145,0
ICBHI_174_1p2_TC_004,ICBHI_174_1p2_TC,ICBHI_174,0,ICBHI,AKGC417L,0.6847912449723865,0
ICBHI_174_1p2_TC_005,ICBHI_174_1p2_TC,ICBHI_174,0,ICBHI,AKGC417L,0.7012018110672338,0
ICBHI_174_1p2_TC_006,ICBHI_174_1p2_TC,ICBHI_174,0,ICBHI,AKGC417L,0.6477982179521103,0
ICBHI_174_1p3_AR_000,ICBHI_174_1p3_AR,ICBHI_174,0,ICBHI,AKGC417L,0.540711672807144,0
ICBHI_174_1p3_AR_001,ICBHI_174_1p3_AR,ICBHI_174,0,ICBHI,AKGC417L,0.6769403314374747,0
ICBHI_174_1p3_AR_002,ICBHI_174_1p3_AR,ICBHI_174,0,ICBHI,AKGC417L,0.7411123045411034,0
ICBHI_174_1p3_AR_003,ICBHI_174_1p3_AR,ICBHI_174,0,ICBHI,AKGC417L,0.6850020000826708,0
ICBHI_174_1p3_AR_004,ICBHI_174_1p3_AR,ICBHI_174,0,ICBHI,AKGC417L,0.6740504840647448,0
ICBHI_174_1p3_AR_005,ICBHI_174_1p3_AR,ICBHI_174,0,ICBHI,AKGC417L,0.6787529741649941,0
ICBHI_174_1p3_AR_006,ICBHI_174_1p3_AR,ICBHI_174,0,ICBHI,AKGC417L,0.591428301725868,0
ICBHI_174_1p3_LL_000,ICBHI_174_1p3_LL,ICBHI_174,0,ICBHI,AKGC417L,0.4611987769140609,0
ICBHI_174_1p3_LL_001,ICBHI_174_1p3_LL,ICBHI_174,0,ICBHI,AKGC417L,0.4481545479660694,0
ICBHI_174_1p3_LL_002,ICBHI_174_1p3_LL,ICBHI_174,0,ICBHI,AKGC417L,0.4483960758484621,0
ICBHI_174_1p3_LL_003,ICBHI_174_1p3_LL,ICBHI_174,0,ICBHI,AKGC417L,0.4950181702371521,0
ICBHI_174_1p3_LL_004,ICBHI_174_1p3_LL,ICBHI_174,0,ICBHI,AKGC417L,0.4510846900584314,0
ICBHI_174_1p3_LL_005,ICBHI_174_1p3_LL,ICBHI_174,0,ICBHI,AKGC417L,0.4033318166613417,0
ICBHI_174_1p3_LL_006,ICBHI_174_1p3_LL,ICBHI_174,0,ICBHI,AKGC417L,0.4334418035639181,0
ICBHI_174_1p3_LR_000,ICBHI_174_1p3_LR,ICBHI_174,0,ICBHI,AKGC417L,0.3429015162751263,0
ICBHI_174_1p3_LR_001,ICBHI_174_1p3_LR,ICBHI_174,0,ICBHI,AKGC417L,0.3890241484416381,0
ICBHI_174_1p3_LR_002,ICBHI_174_1p3_LR,ICBHI_174,0,ICBHI,AKGC417L,0.3990502844020601,0
ICBHI_174_1p3_LR_003,ICBHI_174_1p3_LR,ICBHI_174,0,ICBHI,AKGC417L,0.4097521099360781,0
ICBHI_174_1p3_LR_004,ICBHI_174_1p3_LR,ICBHI_174,0,ICBHI,AKGC417L,0.3790335470266427,0
ICBHI_174_1p3_LR_005,ICBHI_174_1p3_LR,ICBHI_174,0,ICBHI,AKGC417L,0.3034221082448726,0
ICBHI_174_1p3_LR_006,ICBHI_174_1p3_LR,ICBHI_174,0,ICBHI,AKGC417L,0.3404851868626199,0
ICBHI_174_1p3_PL_000,ICBHI_174_1p3_PL,ICBHI_174,0,ICBHI,AKGC417L,0.4002804086723378,0
ICBHI_174_1p3_PL_001,ICBHI_174_1p3_PL,ICBHI_174,0,ICBHI,AKGC417L,0.4427569642092374,0
ICBHI_174_1p3_PL_002,ICBHI_174_1p3_PL,ICBHI_174,0,ICBHI,AKGC417L,0.5227503935390998,0
ICBHI_174_1p3_PL_003,ICBHI_174_1p3_PL,ICBHI_174,0,ICBHI,AKGC417L,0.526738383696593,0
ICBHI_174_1p3_PL_004,ICBHI_174_1p3_PL,ICBHI_174,0,ICBHI,AKGC417L,0.5372538306476956,0
ICBHI_174_1p3_PL_005,ICBHI_174_1p3_PL,ICBHI_174,0,ICBHI,AKGC417L,0.4455295350395727,0
ICBHI_174_1p3_PL_006,ICBHI_174_1p3_PL,ICBHI_174,0,ICBHI,AKGC417L,0.4625337389858598,0
ICBHI_174_1p3_PR_000,ICBHI_174_1p3_PR,ICBHI_174,0,ICBHI,AKGC417L,0.2319620037311096,0
ICBHI_174_1p3_PR_001,ICBHI_174_1p3_PR,ICBHI_174,0,ICBHI,AKGC417L,0.251280066152955,0
ICBHI_174_1p3_PR_002,ICBHI_174_1p3_PR,ICBHI_174,0,ICBHI,AKGC417L,0.3257349953550519,0
ICBHI_174_1p3_PR_003,ICBHI_174_1p3_PR,ICBHI_174,0,ICBHI,AKGC417L,0.3802410094143601,0
ICBHI_174_1p3_PR_004,ICBHI_174_1p3_PR,ICBHI_174,0,ICBHI,AKGC417L,0.3301471645924304,0
ICBHI_174_1p3_PR_005,ICBHI_174_1p3_PR,ICBHI_174,0,ICBHI,AKGC417L,0.285471544184272,0
ICBHI_174_1p3_PR_006,ICBHI_174_1p3_PR,ICBHI_174,0,ICBHI,AKGC417L,0.2767882628132885,0
ICBHI_174_1p3_TC_000,ICBHI_174_1p3_TC,ICBHI_174,0,ICBHI,AKGC417L,0.4163219602930173,0
ICBHI_174_1p3_TC_001,ICBHI_174_1p3_TC,ICBHI_174,0,ICBHI,AKGC417L,0.5430147457207656,0
ICBHI_174_1p3_TC_002,ICBHI_174_1p3_TC,ICBHI_174,0,ICBHI,AKGC417L,0.5983121948770795,0
ICBHI_174_1p3_TC_003,ICBHI_174_1p3_TC,ICBHI_174,0,ICBHI,AKGC417L,0.5838560058321918,0
ICBHI_174_1p3_TC_004,ICBHI_174_1p3_TC,ICBHI_174,0,ICBHI,AKGC417L,0.5907201803339774,0
ICBHI_174_1p3_TC_005,ICBHI_174_1p3_TC,ICBHI_174,0,ICBHI,AKGC417L,0.5096118528239497,0
ICBHI_174_1p3_TC_006,ICBHI_174_1p3_TC,ICBHI_174,0,ICBHI,AKGC417L,0.5426815176557119,0
ICBHI_174_1p4_AR_000,ICBHI_174_1p4_AR,ICBHI_174,0,ICBHI,AKGC417L,0.6223445764360714,0
ICBHI_174_1p4_AR_001,ICBHI_174_1p4_AR,ICBHI_174,0,ICBHI,AKGC417L,0.6423203052849601,0
ICBHI_174_1p4_AR_002,ICBHI_174_1p4_AR,ICBHI_174,0,ICBHI,AKGC417L,0.6026463634142092,0
ICBHI_174_1p4_AR_003,ICBHI_174_1p4_AR,ICBHI_174,0,ICBHI,AKGC417L,0.6015350426175675,0
ICBHI_174_1p4_AR_004,ICBHI_174_1p4_AR,ICBHI_174,0,ICBHI,AKGC417L,0.5869964297463166,0
ICBHI_174_1p4_AR_005,ICBHI_174_1p4_AR,ICBHI_174,0,ICBHI,AKGC417L,0.6742650046449481,0
ICBHI_174_1p4_AR_006,ICBHI_174_1p4_AR,ICBHI_174,0,ICBHI,AKGC417L,0.6913931802337522,0
ICBHI_174_1p4_LL_000,ICBHI_174_1p4_LL,ICBHI_174,0,ICBHI,AKGC417L,0.5313005683662216,0
ICBHI_174_1p4_LL_001,ICBHI_174_1p4_LL,ICBHI_174,0,ICBHI,AKGC417L,0.4988241217357113,0
ICBHI_174_1p4_LL_002,ICBHI_174_1p4_LL,ICBHI_174,0,ICBHI,AKGC417L,0.5048101848470834,0
ICBHI_174_1p4_LL_003,ICBHI_174_1p4_LL,ICBHI_174,0,ICBHI,AKGC417L,0.5275447163330912,0
ICBHI_174_1p4_LL_004,ICBHI_174_1p4_LL,ICBHI_174,0,ICBHI,AKGC417L,0.5261145210255385,0
ICBHI_174_1p4_LL_005,ICBHI_174_1p4_LL,ICBHI_174,0,ICBHI,AKGC417L,0.5530527223776187,0
ICBHI_174_1p4_LL_006,ICBHI_174_1p4_LL,ICBHI_174,0,ICBHI,AKGC417L,0.5862267815857198,0
ICBHI_174_1p4_LR_000,ICBHI_174_1p4_LR,ICBHI_174,0,ICBHI,AKGC417L,0.451779971578559,0
ICBHI_174_1p4_LR_001,ICBHI_174_1p4_LR,ICBHI_174,0,ICBHI,AKGC417L,0.4298481546439914,0
ICBHI_174_1p4_LR_002,ICBHI_174_1p4_LR,ICBHI_174,0,ICBHI,AKGC417L,0.4146025414174146,0
ICBHI_174_1p4_LR_003,ICBHI_174_1p4_LR,ICBHI_174,0,ICBHI,AKGC417L,0.4698699239975065,0
ICBHI_174_1p4_LR_004,ICBHI_174_1p4_LR,ICBHI_174,0,ICBHI,AKGC417L,0.4623820113327223,0
ICBHI_174_1p4_LR_005,ICBHI_174_1p4_LR,ICBHI_174,0,ICBHI,AKGC417L,0.4593186425973457,0
ICBHI_174_1p4_LR_006,ICBHI_174_1p4_LR,ICBHI_174,0,ICBHI,AKGC417L,0.6033477058827573,0
ICBHI_174_1p4_PL_000,ICBHI_174_1p4_PL,ICBHI_174,0,ICBHI,AKGC417L,0.3634209328406997,0
ICBHI_174_1p4_PL_001,ICBHI_174_1p4_PL,ICBHI_174,0,ICBHI,AKGC417L,0.4364418845531071,0
ICBHI_174_1p4_PL_002,ICBHI_174_1p4_PL,ICBHI_174,0,ICBHI,AKGC417L,0.3644381996908633,0
ICBHI_174_1p4_PL_003,ICBHI_174_1p4_PL,ICBHI_174,0,ICBHI,AKGC417L,0.4248891789445496,0
ICBHI_174_1p4_PL_004,ICBHI_174_1p4_PL,ICBHI_174,0,ICBHI,AKGC417L,0.4707670197856931,0
ICBHI_174_1p4_PL_005,ICBHI_174_1p4_PL,ICBHI_174,0,ICBHI,AKGC417L,0.4468265847509692,0
ICBHI_174_1p4_PL_006,ICBHI_174_1p4_PL,ICBHI_174,0,ICBHI,AKGC417L,0.4389956247684208,0
ICBHI_174_1p4_PR_000,ICBHI_174_1p4_PR,ICBHI_174,0,ICBHI,AKGC417L,0.2579519588464172,0
ICBHI_174_1p4_PR_001,ICBHI_174_1p4_PR,ICBHI_174,0,ICBHI,AKGC417L,0.2342314371669467,0
ICBHI_174_1p4_PR_002,ICBHI_174_1p4_PR,ICBHI_174,0,ICBHI,AKGC417L,0.2316142256877077,0
ICBHI_174_1p4_PR_003,ICBHI_174_1p4_PR,ICBHI_174,0,ICBHI,AKGC417L,0.2557152108660971,0
ICBHI_174_1p4_PR_004,ICBHI_174_1p4_PR,ICBHI_174,0,ICBHI,AKGC417L,0.2510963818818426,0
ICBHI_174_1p4_PR_005,ICBHI_174_1p4_PR,ICBHI_174,0,ICBHI,AKGC417L,0.2210142412097528,0
ICBHI_174_1p4_PR_006,ICBHI_174_1p4_PR,ICBHI_174,0,ICBHI,AKGC417L,0.2344066457818812,0
ICBHI_174_1p4_TC_000,ICBHI_174_1p4_TC,ICBHI_174,0,ICBHI,AKGC417L,0.4487584132832496,0
ICBHI_174_1p4_TC_001,ICBHI_174_1p4_TC,ICBHI_174,0,ICBHI,AKGC417L,0.3842187612332352,0
ICBHI_174_1p4_TC_002,ICBHI_174_1p4_TC,ICBHI_174,0,ICBHI,AKGC417L,0.1336411906989577,0
ICBHI_174_1p4_TC_003,ICBHI_174_1p4_TC,ICBHI_174,0,ICBHI,AKGC417L,0.1108555949252608,0
ICBHI_174_1p4_TC_004,ICBHI_174_1p4_TC,ICBHI_174,0,ICBHI,AKGC417L,0.1501533983300969,0
ICBHI_174_1p4_TC_005,ICBHI_174_1p4_TC,ICBHI_174,0,ICBHI,AKGC417L,0.1339807577203886,0
ICBHI_174_1p4_TC_006,ICBHI_174_1p4_TC,ICBHI_174,0,ICBHI,AKGC417L,0.0696682291074515,0
ICBHI_174_2p3_AL_000,ICBHI_174_2p3_AL,ICBHI_174,0,ICBHI,AKGC417L,0.4028618757287128,0
ICBHI_174_2p3_AL_001,ICBHI_174_2p3_AL,ICBHI_174,0,ICBHI,AKGC417L,0.463383541296923,0
ICBHI_174_2p3_AL_002,ICBHI_174_2p3_AL,ICBHI_174,0,ICBHI,AKGC417L,0.4064496204999124,0
ICBHI_174_2p3_AL_003,ICBHI_174_2p3_AL,ICBHI_174,0,ICBHI,AKGC417L,0.3993430562286849,0
ICBHI_174_2p3_AL_004,ICBHI_174_2p3_AL,ICBHI_174,0,ICBHI,AKGC417L,0.3991088330017168,0
ICBHI_174_2p3_AL_005,ICBHI_174_2p3_AL,ICBHI_174,0,ICBHI,AKGC417L,0.4332619514949138,0
ICBHI_174_2p3_AL_006,ICBHI_174_2p3_AL,ICBHI_174,0,ICBHI,AKGC417L,0.4877191452870437,0
ICBHI_174_2p3_AR_000,ICBHI_174_2p3_AR,ICBHI_174,0,ICBHI,AKGC417L,0.5391348774190826,0
ICBHI_174_2p3_AR_001,ICBHI_174_2p3_AR,ICBHI_174,0,ICBHI,AKGC417L,0.5397414316196231,0
ICBHI_174_2p3_AR_002,ICBHI_174_2p3_AR,ICBHI_174,0,ICBHI,AKGC417L,0.4383643947519589,0
ICBHI_174_2p3_AR_003,ICBHI_174_2p3_AR,ICBHI_174,0,ICBHI,AKGC417L,0.478802995700357,0
ICBHI_174_2p3_AR_004,ICBHI_174_2p3_AR,ICBHI_174,0,ICBHI,AKGC417L,0.4942858322854067,0
ICBHI_174_2p3_AR_005,ICBHI_174_2p3_AR,ICBHI_174,0,ICBHI,AKGC417L,0.4903805206032061,0
ICBHI_174_2p3_AR_006,ICBHI_174_2p3_AR,ICBHI_174,0,ICBHI,AKGC417L,0.5471313847097466,0
ICBHI_174_2p3_PL_000,ICBHI_174_2p3_PL,ICBHI_174,0,ICBHI,AKGC417L,0.3376401902406976,0
ICBHI_174_2p3_PL_001,ICBHI_174_2p3_PL,ICBHI_174,0,ICBHI,AKGC417L,0.3806438272305297,0
ICBHI_174_2p3_PL_002,ICBHI_174_2p3_PL,ICBHI_174,0,ICBHI,AKGC417L,0.393967770728693,0
ICBHI_174_2p3_PL_003,ICBHI_174_2p3_PL,ICBHI_174,0,ICBHI,AKGC417L,0.4081588024256647,0
ICBHI_174_2p3_PL_004,ICBHI_174_2p3_PL,ICBHI_174,0,ICBHI,AKGC417L,0.4063907233281731,0
ICBHI_174_2p3_PL_005,ICBHI_174_2p3_PL,ICBHI_174,0,ICBHI,AKGC417L,0.3944341897636368,0
ICBHI_174_2p3_PL_006,ICBHI_174_2p3_PL,ICBHI_174,0,ICBHI,AKGC417L,0.4003976292228853,0
ICBHI_174_2p3_PR_000,ICBHI_174_2p3_PR,ICBHI_174,0,ICBHI,AKGC417L,0.3784590902141952,0
ICBHI_174_2p3_PR_001,ICBHI_174_2p3_PR,ICBHI_174,0,ICBHI,AKGC417L,0.3978214328075098,0
ICBHI_174_2p3_PR_002,ICBHI_174_2p3_PR,ICBHI_174,0,ICBHI,AKGC417L,0.4005734814242758,0
ICBHI_174_2p3_PR_003,ICBHI_174_2p3_PR,ICBHI_174,0,ICBHI,AKGC417L,0.3823720449257363,0
ICBHI_174_2p3_PR_004,ICBHI_174_2p3_PR,ICBHI_174,0,ICBHI,AKGC417L,0.3367671540610278,0
ICBHI_174_2p3_PR_005,ICBHI_174_2p3_PR,ICBHI_174,0,ICBHI,AKGC417L,0.3421317933873798,0
ICBHI_174_2p3_PR_006,ICBHI_174_2p3_PR,ICBHI_174,0,ICBHI,AKGC417L,0.3717066181384297,0
ICBHI_174_2p3_TC_000,ICBHI_174_2p3_TC,ICBHI_174,0,ICBHI,AKGC417L,0.5269361764726121,0
ICBHI_174_2p3_TC_001,ICBHI_174_2p3_TC,ICBHI_174,0,ICBHI,AKGC417L,0.4924894260429672,0
ICBHI_174_2p3_TC_002,ICBHI_174_2p3_TC,ICBHI_174,0,ICBHI,AKGC417L,0.5848640663607428,0
ICBHI_174_2p3_TC_003,ICBHI_174_2p3_TC,ICBHI_174,0,ICBHI,AKGC417L,0.555525656496007,0
ICBHI_174_2p3_TC_004,ICBHI_174_2p3_TC,ICBHI_174,0,ICBHI,AKGC417L,0.5493384314614705,0
ICBHI_174_2p3_TC_005,ICBHI_174_2p3_TC,ICBHI_174,0,ICBHI,AKGC417L,0.5808870835651947,0
ICBHI_174_2p3_TC_006,ICBHI_174_2p3_TC,ICBHI_174,0,ICBHI,AKGC417L,0.5427118126990107,0
ICBHI_177_1b2_AL_000,ICBHI_177_1b2_AL,ICBHI_177,1,ICBHI,AKGC417L,0.5391348774190826,0
ICBHI_177_1b2_AL_001,ICBHI_177_1b2_AL,ICBHI_177,1,ICBHI,AKGC417L,0.5984295401754633,0
ICBHI_177_1b2_AL_002,ICBHI_177_1b2_AL,ICBHI_177,1,ICBHI,AKGC417L,0.3571189891075337,0
ICBHI_177_1b2_AL_003,ICBHI_177_1b2_AL,ICBHI_177,1,ICBHI,AKGC417L,0.4585002330849052,0
ICBHI_177_1b2_AL_004,ICBHI_177_1b2_AL,ICBHI_177,1,ICBHI,AKGC417L,0.5429541616542553,0
ICBHI_177_1b2_AL_005,ICBHI_177_1b2_AL,ICBHI_177,1,ICBHI,AKGC417L,0.6076631698328917,0
ICBHI_177_1b2_AL_006,ICBHI_177_1b2_AL,ICBHI_177,1,ICBHI,AKGC417L,0.4649319387032035,0
ICBHI_177_1b2_AR_000,ICBHI_177_1b2_AR,ICBHI_177,1,ICBHI,AKGC417L,0.7034476153351108,0
ICBHI_177_1b2_AR_001,ICBHI_177_1b2_AR,ICBHI_177,1,ICBHI,AKGC417L,0.7121320969647079,0
ICBHI_177_1b2_AR_002,ICBHI_177_1b2_AR,ICBHI_177,1,ICBHI,AKGC417L,0.6732990880829703,0
ICBHI_177_1b2_AR_003,ICBHI_177_1b2_AR,ICBHI_177,1,ICBHI,AKGC417L,0.7158214700253839,0
ICBHI_177_1b2_AR_004,ICBHI_177_1b2_AR,ICBHI_177,1,ICBHI,AKGC417L,0.7000752564236576,0
ICBHI_177_1b2_AR_005,ICBHI_177_1b2_AR,ICBHI_177,1,ICBHI,AKGC417L,0.6924340445535716,0
ICBHI_177_1b2_AR_006,ICBHI_177_1b2_AR,ICBHI_177,1,ICBHI,AKGC417L,0.6523521613194672,0
ICBHI_177_1b2_LR_000,ICBHI_177_1b2_LR,ICBHI_177,1,ICBHI,AKGC417L,0.5771379108999857,0
ICBHI_177_1b2_LR_001,ICBHI_177_1b2_LR,ICBHI_177,1,ICBHI,AKGC417L,0.6343168279804076,0
ICBHI_177_1b2_LR_002,ICBHI_177_1b2_LR,ICBHI_177,1,ICBHI,AKGC417L,0.5158638143448011,0
ICBHI_177_1b2_LR_003,ICBHI_177_1b2_LR,ICBHI_177,1,ICBHI,AKGC417L,0.5184090333815948,0
ICBHI_177_1b2_LR_004,ICBHI_177_1b2_LR,ICBHI_177,1,ICBHI,AKGC417L,0.6535692664470906,0
ICBHI_177_1b2_LR_005,ICBHI_177_1b2_LR,ICBHI_177,1,ICBHI,AKGC417L,0.6476868057700992,0
ICBHI_177_1b2_LR_006,ICBHI_177_1b2_LR,ICBHI_177,1,ICBHI,AKGC417L,0.3160525356697572,0
ICBHI_177_1b2_PL_000,ICBHI_177_1b2_PL,ICBHI_177,1,ICBHI,AKGC417L,0.6823621079946426,0
ICBHI_177_1b2_PL_001,ICBHI_177_1b2_PL,ICBHI_177,1,ICBHI,AKGC417L,0.7131320356730398,0
ICBHI_177_1b2_PL_002,ICBHI_177_1b2_PL,ICBHI_177,1,ICBHI,AKGC417L,0.6327297197512531,0
ICBHI_177_1b2_PL_003,ICBHI_177_1b2_PL,ICBHI_177,1,ICBHI,AKGC417L,0.7049732336450086,0
ICBHI_177_1b2_PL_004,ICBHI_177_1b2_PL,ICBHI_177,1,ICBHI,AKGC417L,0.7318259004548959,0
ICBHI_177_1b2_PL_005,ICBHI_177_1b2_PL,ICBHI_177,1,ICBHI,AKGC417L,0.6801354906112164,0
ICBHI_177_1b2_PL_006,ICBHI_177_1b2_PL,ICBHI_177,1,ICBHI,AKGC417L,0.5531432426181732,0
ICBHI_177_1b2_PR_000,ICBHI_177_1b2_PR,ICBHI_177,1,ICBHI,AKGC417L,0.4083947270768668,0
ICBHI_177_1b2_PR_001,ICBHI_177_1b2_PR,ICBHI_177,1,ICBHI,AKGC417L,0.6542322972011442,0
ICBHI_177_1b2_PR_002,ICBHI_177_1b2_PR,ICBHI_177,1,ICBHI,AKGC417L,0.4038019350818632,0
ICBHI_177_1b2_PR_003,ICBHI_177_1b2_PR,ICBHI_177,1,ICBHI,AKGC417L,0.3257349953550519,0
ICBHI_177_1b2_PR_004,ICBHI_177_1b2_PR,ICBHI_177,1,ICBHI,AKGC417L,0.4704020763482886,0
ICBHI_177_1b2_PR_005,ICBHI_177_1b2_PR,ICBHI_177,1,ICBHI,AKGC417L,0.3982309077224409,0
ICBHI_177_1b2_PR_006,ICBHI_177_1b2_PR,ICBHI_177,1,ICBHI,AKGC417L,0.1946738314190089,0
ICBHI_177_1b2_TC_000,ICBHI_177_1b2_TC,ICBHI_177,1,ICBHI,AKGC417L,0.5035628669414468,0
ICBHI_177_1b2_TC_001,ICBHI_177_1b2_TC,ICBHI_177,1,ICBHI,AKGC417L,0.8419556382496595,0
ICBHI_177_1b2_TC_002,ICBHI_177_1b2_TC,ICBHI_177,1,ICBHI,AKGC417L,0.7844841966977555,0
ICBHI_177_1b2_TC_003,ICBHI_177_1b2_TC,ICBHI_177,1,ICBHI,AKGC417L,0.3465412967633661,0
ICBHI_177_1b2_TC_004,ICBHI_177_1b2_TC,ICBHI_177,1,ICBHI,AKGC417L,0.6579780993256591,0
ICBHI_177_1b2_TC_005,ICBHI_177_1b2_TC,ICBHI_177,1,ICBHI,AKGC417L,0.682573734412324,0
ICBHI_177_1b2_TC_006,ICBHI_177_1b2_TC,ICBHI_177,1,ICBHI,AKGC417L,0.3201832719667585,0
ICBHI_177_1b4_AL_000,ICBHI_177_1b4_AL,ICBHI_177,1,ICBHI,AKGC417L,0.4474301115007285,0
ICBHI_177_1b4_AL_001,ICBHI_177_1b4_AL,ICBHI_177,1,ICBHI,AKGC417L,0.4533828544586687,0
ICBHI_177_1b4_AL_002,ICBHI_177_1b4_AL,ICBHI_177,1,ICBHI,AKGC417L,0.4957734161056611,0
ICBHI_177_1b4_AL_003,ICBHI_177_1b4_AL,ICBHI_177,1,ICBHI,AKGC417L,0.539377513108639,0
ICBHI_177_1b4_AL_004,ICBHI_177_1b4_AL,ICBHI_177,1,ICBHI,AKGC417L,0.4401985122593704,0
ICBHI_177_1b4_AL_005,ICBHI_177_1b4_AL,ICBHI_177,1,ICBHI,AKGC417L,0.4657519541548071,0
ICBHI_177_1b4_AL_006,ICBHI_177_1b4_AL,ICBHI_177,1,ICBHI,AKGC417L,0.4883443971109389,0
ICBHI_177_1b4_AR_000,ICBHI_177_1b4_AR,ICBHI_177,1,ICBHI,AKGC417L,0.6320486463511595,0
ICBHI_177_1b4_AR_001,ICBHI_177_1b4_AR,ICBHI_177,1,ICBHI,AKGC417L,0.6816208222377966,0
ICBHI_177_1b4_AR_002,ICBHI_177_1b4_AR,ICBHI_177,1,ICBHI,AKGC417L,0.6739431964191891,0
ICBHI_177_1b4_AR_003,ICBHI_177_1b4_AR,ICBHI_177,1,ICBHI,AKGC417L,0.7000752564236576,0
ICBHI_177_1b4_AR_004,ICBHI_177_1b4_AR,ICBHI_177,1,ICBHI,AKGC417L,0.6946134905535751,0
ICBHI_177_1b4_AR_005,ICBHI_177_1b4_AR,ICBHI_177,1,ICBHI,AKGC417L,0.7214489262646838,0
ICBHI_177_1b4_AR_006,ICBHI_177_1b4_AR,ICBHI_177,1,ICBHI,AKGC417L,0.671362843927274,0
ICBHI_177_1b4_LR_000,ICBHI_177_1b4_LR,ICBHI_177,1,ICBHI,AKGC417L,0.6622506022306672,0
ICBHI_177_1b4_LR_001,ICBHI_177_1b4_LR,ICBHI_177,1,ICBHI,AKGC417L,0.6742650046449481,0
ICBHI_177_1b4_LR_002,ICBHI_177_1b4_LR,ICBHI_177,1,ICBHI,AKGC417L,0.6521306549250405,0
ICBHI_177_1b4_LR_003,ICBHI_177_1b4_LR,ICBHI_177,1,ICBHI,AKGC417L,0.6699608098558822,0
ICBHI_177_1b4_LR_004,ICBHI_177_1b4_LR,ICBHI_177,1,ICBHI,AKGC417L,0.7489036181181575,0
ICBHI_177_1b4_LR_005,ICBHI_177_1b4_LR,ICBHI_177,1,ICBHI,AKGC417L,0.6744794522230694,0
ICBHI_177_1b4_LR_006,ICBHI_177_1b4_LR,ICBHI_177,1,ICBHI,AKGC417L,0.5691942454174254,0
ICBHI_177_1b4_PL_000,ICBHI_177_1b4_PL,ICBHI_177,1,ICBHI,AKGC417L,0.520877136984304,0
ICBHI_177_1b4_PL_001,ICBHI_177_1b4_PL,ICBHI_177,1,ICBHI,AKGC417L,0.5305405467895498,0
ICBHI_177_1b4_PL_002,ICBHI_177_1b4_PL,ICBHI_177,1,ICBHI,AKGC417L,0.6183196019638635,0
ICBHI_177_1b4_PL_003,ICBHI_177_1b4_PL,ICBHI_177,1,ICBHI,AKGC417L,0.6939916747785091,0
ICBHI_177_1b4_PL_004,ICBHI_177_1b4_PL,ICBHI_177,1,ICBHI,AKGC417L,0.6448963041950554,0
ICBHI_177_1b4_PL_005,ICBHI_177_1b4_PL,ICBHI_177,1,ICBHI,AKGC417L,0.7143292172729856,0
ICBHI_177_1b4_PL_006,ICBHI_177_1b4_PL,ICBHI_177,1,ICBHI,AKGC417L,0.6806663877391372,0
ICBHI_177_1b4_PR_000,ICBHI_177_1b4_PR,ICBHI_177,1,ICBHI,AKGC417L,0.5970793913882744,0
ICBHI_177_1b4_PR_001,ICBHI_177_1b4_PR,ICBHI_177,1,ICBHI,AKGC417L,0.6226887995543804,0
ICBHI_177_1b4_PR_002,ICBHI_177_1b4_PR,ICBHI_177,1,ICBHI,AKGC417L,0.6199315763558614,0
ICBHI_177_1b4_PR_003,ICBHI_177_1b4_PR,ICBHI_177,1,ICBHI,AKGC417L,0.6143940045299212,0
ICBHI_177_1b4_PR_004,ICBHI_177_1b4_PR,ICBHI_177,1,ICBHI,AKGC417L,0.5657186556549475,0
ICBHI_177_1b4_PR_005,ICBHI_177_1b4_PR,ICBHI_177,1,ICBHI,AKGC417L,0.706190436097526,0
ICBHI_177_1b4_PR_006,ICBHI_177_1b4_PR,ICBHI_177,1,ICBHI,AKGC417L,0.6112659542640081,0
ICBHI_177_1b4_TC_000,ICBHI_177_1b4_TC,ICBHI_177,1,ICBHI,AKGC417L,0.8897206284139089,0
ICBHI_177_1b4_TC_001,ICBHI_177_1b4_TC,ICBHI_177,1,ICBHI,AKGC417L,0.8914335771643437,0
ICBHI_177_1b4_TC_002,ICBHI_177_1b4_TC,ICBHI_177,1,ICBHI,AKGC417L,0.8802834600060329,0
ICBHI_177_1b4_TC_003,ICBHI_177_1b4_TC,ICBHI_177,1,ICBHI,AKGC417L,0.852690317365545,0
ICBHI_177_1b4_TC_004,ICBHI_177_1b4_TC,ICBHI_177,1,ICBHI,AKGC417L,0.781163728765951,0
ICBHI_177_1b4_TC_005,ICBHI_177_1b4_TC,ICBHI_177,1,ICBHI,AKGC417L,0.854156228644121,0
ICBHI_177_1b4_TC_006,ICBHI_177_1b4_TC,ICBHI_177,1,ICBHI,AKGC417L,0.8735388200677939,0
ICBHI_177_2b4_AL_000,ICBHI_177_2b4_AL,ICBHI_177,1,ICBHI,AKGC417L,0.2566456398350909,0
ICBHI_177_2b4_AL_001,ICBHI_177_2b4_AL,ICBHI_177,1,ICBHI,AKGC417L,0.5487944050579585,0
ICBHI_177_2b4_AL_002,ICBHI_177_2b4_AL,ICBHI_177,1,ICBHI,AKGC417L,0.4450169515061989,0
ICBHI_177_2b4_AL_003,ICBHI_177_2b4_AL,ICBHI_177,1,ICBHI,AKGC417L,0.3807013860617926,0
ICBHI_177_2b4_AL_004,ICBHI_177_2b4_AL,ICBHI_177,1,ICBHI,AKGC417L,0.3576796947150399,0
ICBHI_177_2b4_AL_005,ICBHI_177_2b4_AL,ICBHI_177,1,ICBHI,AKGC417L,0.325306173265838,0
ICBHI_177_2b4_AL_006,ICBHI_177_2b4_AL,ICBHI_177,1,ICBHI,AKGC417L,0.3401563257405128,0
ICBHI_177_2b4_LR_000,ICBHI_177_2b4_LR,ICBHI_177,1,ICBHI,AKGC417L,0.5730214696543532,0
ICBHI_177_2b4_LR_001,ICBHI_177_2b4_LR,ICBHI_177,1,ICBHI,AKGC417L,0.5964919096875659,0
ICBHI_177_2b4_LR_002,ICBHI_177_2b4_LR,ICBHI_177,1,ICBHI,AKGC417L,0.5553146579344888,0
ICBHI_177_2b4_LR_003,ICBHI_177_2b4_LR,ICBHI_177,1,ICBHI,AKGC417L,0.5538974403825985,0
ICBHI_177_2b4_LR_004,ICBHI_177_2b4_LR,ICBHI_177,1,ICBHI,AKGC417L,0.5997781973232059,0
ICBHI_177_2b4_LR_005,ICBHI_177_2b4_LR,ICBHI_177,1,ICBHI,AKGC417L,0.5803520483765656,0
ICBHI_177_2b4_LR_006,ICBHI_177_2b4_LR,ICBHI_177,1,ICBHI,AKGC417L,0.5691343781572562,0
ICBHI_177_2b4_PL_000,ICBHI_177_2b4_PL,ICBHI_177,1,ICBHI,AKGC417L,0.379550848390854,0
ICBHI_177_2b4_PL_001,ICBHI_177_2b4_PL,ICBHI_177,1,ICBHI,AKGC417L,0.4620482350595942,0
ICBHI_177_2b4_PL_002,ICBHI_177_2b4_PL,ICBHI_177,1,ICBHI,AKGC417L,0.4099883175692391,0
ICBHI_177_2b4_PL_003,ICBHI_177_2b4_PL,ICBHI_177,1,ICBHI,AKGC417L,0.3936763568646183,0
ICBHI_177_2b4_PL_004,ICBHI_177_2b4_PL,ICBHI_177,1,ICBHI,AKGC417L,0.4642335563465707,0
ICBHI_177_2b4_PL_005,ICBHI_177_2b4_PL,ICBHI_177,1,ICBHI,AKGC417L,0.3546565469806469,0
ICBHI_177_2b4_PL_006,ICBHI_177_2b4_PL,ICBHI_177,1,ICBHI,AKGC417L,0.379205950318938,0
ICBHI_177_2b4_PR_000,ICBHI_177_2b4_PR,ICBHI_177,1,ICBHI,AKGC417L,0.3960097697643996,0
ICBHI_177_2b4_PR_001,ICBHI_177_2b4_PR,ICBHI_177,1,ICBHI,AKGC417L,0.5190032931438402,0
ICBHI_177_2b4_PR_002,ICBHI_177_2b4_PR,ICBHI_177,1,ICBHI,AKGC417L,0.5092533989147154,0
ICBHI_177_2b4_PR_003,ICBHI_177_2b4_PR,ICBHI_177,1,ICBHI,AKGC417L,0.4841056988564382,0
ICBHI_177_2b4_PR_004,ICBHI_177_2b4_PR,ICBHI_177,1,ICBHI,AKGC417L,0.5039290573075464,0
ICBHI_177_2b4_PR_005,ICBHI_177_2b4_PR,ICBHI_177,1,ICBHI,AKGC417L,0.4477923020323588,0
ICBHI_177_2b4_PR_006,ICBHI_177_2b4_PR,ICBHI_177,1,ICBHI,AKGC417L,0.4670582851224211,0
ICBHI_177_2b4_TC_000,ICBHI_177_2b4_TC,ICBHI_177,1,ICBHI,AKGC417L,0.3705669983201792,0
ICBHI_177_2b4_TC_001,ICBHI_177_2b4_TC,ICBHI_177,1,ICBHI,AKGC417L,0.4189346135687671,0
ICBHI_177_2b4_TC_002,ICBHI_177_2b4_TC,ICBHI_177,1,ICBHI,AKGC417L,0.3319854637679126,0
ICBHI_177_2b4_TC_003,ICBHI_177_2b4_TC,ICBHI_177,1,ICBHI,AKGC417L,0.4689426229098078,0
ICBHI_177_2b4_TC_004,ICBHI_177_2b4_TC,ICBHI_177,1,ICBHI,AKGC417L,0.510687153777336,0
ICBHI_177_2b4_TC_005,ICBHI_177_2b4_TC,ICBHI_177,1,ICBHI,AKGC417L,0.3867055433214176,0
ICBHI_177_2b4_TC_006,ICBHI_177_2b4_TC,ICBHI_177,1,ICBHI,AKGC417L,0.344994924021219,0
ICBHI_182_1b1_TC_000,ICBHI_182_1b1_TC,ICBHI_182,1,ICBHI,Meditron,0.1425896974688965,0
ICBHI_182_1b1_TC_001,ICBHI_182_1b1_TC,ICBHI_182,1,ICBHI,Meditron,0.0657246672964895,0
ICBHI_182_1b1_TC_002,ICBHI_182_1b1_TC,ICBHI_182,1,ICBHI,Meditron,0.0671785772888872,0
ICBHI_182_1b1_TC_003,ICBHI_182_1b1_TC,ICBHI_182,1,ICBHI,Meditron,0.0928521608316636,0
ICBHI_182_1b1_TC_004,ICBHI_182_1b1_TC,ICBHI_182,1,ICBHI,Meditron,0.3313360638213141,0
ICBHI_182_1b1_TC_005,ICBHI_182_1b1_TC,ICBHI_182,1,ICBHI,Meditron,0.3283140417663412,0
ICBHI_182_1b1_TC_006,ICBHI_182_1b1_TC,ICBHI_182,1,ICBHI,Meditron,0.2664527051646194,0
ICBHI_199_2b1_LL_000,ICBHI_199_2b1_LL,ICBHI_199,0,ICBHI,LittC2SE,0.0936780026745507,0
ICBHI_199_2b1_LL_001,ICBHI_199_2b1_LL,ICBHI_199,0,ICBHI,LittC2SE,0.3992844961007562,0
ICBHI_199_2b1_LL_002,ICBHI_199_2b1_LL,ICBHI_199,0,ICBHI,LittC2SE,0.2851728428777495,0
ICBHI_199_2b1_LL_003,ICBHI_199_2b1_LL,ICBHI_199,0,ICBHI,LittC2SE,0.0736962697060484,0
ICBHI_199_2b1_LL_004,ICBHI_199_2b1_LL,ICBHI_199,0,ICBHI,LittC2SE,0.3442229636494577,0
ICBHI_199_2b1_LL_005,ICBHI_199_2b1_LL,ICBHI_199,0,ICBHI,LittC2SE,0.2647383631435034,0
ICBHI_199_2b1_LL_006,ICBHI_199_2b1_LL,ICBHI_199,0,ICBHI,LittC2SE,0.055926173685305,0
ICBHI_199_2b3_LL_000,ICBHI_199_2b3_LL,ICBHI_199,0,ICBHI,LittC2SE,0.1860950633214102,0
ICBHI_199_2b3_LL_001,ICBHI_199_2b3_LL,ICBHI_199,0,ICBHI,LittC2SE,0.1631785638297854,0
ICBHI_199_2b3_LL_002,ICBHI_199_2b3_LL,ICBHI_199,0,ICBHI,LittC2SE,0.1614524064731903,0
ICBHI_199_2b3_LL_003,ICBHI_199_2b3_LL,ICBHI_199,0,ICBHI,LittC2SE,0.1752555877709867,0
ICBHI_199_2b3_LL_004,ICBHI_199_2b3_LL,ICBHI_199,0,ICBHI,LittC2SE,0.1355750575170207,0
ICBHI_199_2b3_LL_005,ICBHI_199_2b3_LL,ICBHI_199,0,ICBHI,LittC2SE,0.1289632992901026,0
ICBHI_199_2b3_LL_006,ICBHI_199_2b3_LL,ICBHI_199,0,ICBHI,LittC2SE,0.1030244283262171,0
ICBHI_213_1p2_AL_000,ICBHI_213_1p2_AL,ICBHI_213,1,ICBHI,AKGC417L,0.5748721723540451,0
ICBHI_213_1p2_AL_001,ICBHI_213_1p2_AL,ICBHI_213,1,ICBHI,AKGC417L,0.7337381259657038,0
ICBHI_213_1p2_AL_002,ICBHI_213_1p2_AL,ICBHI_213,1,ICBHI,AKGC417L,0.7381031407152041,0
ICBHI_213_1p2_AL_003,ICBHI_213_1p2_AL,ICBHI_213,1,ICBHI,AKGC417L,0.6631237771708208,0
ICBHI_213_1p2_AL_004,ICBHI_213_1p2_AL,ICBHI_213,1,ICBHI,AKGC417L,0.6886778372765373,0
ICBHI_213_1p2_AL_005,ICBHI_213_1p2_AL,ICBHI_213,1,ICBHI,AKGC417L,0.6807725110199542,0
ICBHI_213_1p2_AL_006,ICBHI_213_1p2_AL,ICBHI_213,1,ICBHI,AKGC417L,0.7019174436286362,0
ICBHI_213_1p2_AR_000,ICBHI_213_1p2_AR,ICBHI_213,1,ICBHI,AKGC417L,0.3849121444839334,0
ICBHI_213_1p2_AR_001,ICBHI_213_1p2_AR,ICBHI_213,1,ICBHI,AKGC417L,0.1819889777820885,0
ICBHI_213_1p2_AR_002,ICBHI_213_1p2_AR,ICBHI_213,1,ICBHI,AKGC417L,0.1694058813497232,0
ICBHI_213_1p2_AR_003,ICBHI_213_1p2_AR,ICBHI_213,1,ICBHI,AKGC417L,0.3199707449051344,0
ICBHI_213_1p2_AR_004,ICBHI_213_1p2_AR,ICBHI_213,1,ICBHI,AKGC417L,0.4810119436215602,0
ICBHI_213_1p2_AR_005,ICBHI_213_1p2_AR,ICBHI_213,1,ICBHI,AKGC417L,0.3689739514606106,0
ICBHI_213_1p2_AR_006,ICBHI_213_1p2_AR,ICBHI_213,1,ICBHI,AKGC417L,0.2898739957846976,0
ICBHI_213_1p2_LR_000,ICBHI_213_1p2_LR,ICBHI_213,1,ICBHI,AKGC417L,0.3467624728862202,0
ICBHI_213_1p2_LR_001,ICBHI_213_1p2_LR,ICBHI_213,1,ICBHI,AKGC417L,0.3164748812772355,0
ICBHI_213_1p2_LR_002,ICBHI_213_1p2_LR,ICBHI_213,1,ICBHI,AKGC417L,0.3589146173018334,0
ICBHI_213_1p2_LR_003,ICBHI_213_1p2_LR,ICBHI_213,1,ICBHI,AKGC417L,0.4065674229130777,0
ICBHI_213_1p2_LR_004,ICBHI_213_1p2_LR,ICBHI_213,1,ICBHI,AKGC417L,0.2361637298652219,0
ICBHI_213_1p2_LR_005,ICBHI_213_1p2_LR,ICBHI_213,1,ICBHI,AKGC417L,0.2405961232013842,0
ICBHI_213_1p2_LR_006,ICBHI_213_1p2_LR,ICBHI_213,1,ICBHI,AKGC417L,0.2291899878313013,0
ICBHI_213_1p2_PL_000,ICBHI_213_1p2_PL,ICBHI_213,1,ICBHI,AKGC417L,0.1549505565595355,0
ICBHI_213_1p2_PL_001,ICBHI_213_1p2_PL,ICBHI_213,1,ICBHI,AKGC417L,0.1588256104558099,0
ICBHI_213_1p2_PL_002,ICBHI_213_1p2_PL,ICBHI_213,1,ICBHI,AKGC417L,0.2618968592847959,0
ICBHI_213_1p2_PL_003,ICBHI_213_1p2_PL,ICBHI_213,1,ICBHI,AKGC417L,0.1730085809267543,0
ICBHI_213_1p2_PL_004,ICBHI_213_1p2_PL,ICBHI_213,1,ICBHI,AKGC417L,0.0643000545122775,0
ICBHI_213_1p2_PL_005,ICBHI_213_1p2_PL,ICBHI_213,1,ICBHI,AKGC417L,0.1279792238401554,0
ICBHI_213_1p2_PL_006,ICBHI_213_1p2_PL,ICBHI_213,1,ICBHI,AKGC417L,0.3943758768479453,0
ICBHI_213_1p2_PR_000,ICBHI_213_1p2_PR,ICBHI_213,1,ICBHI,AKGC417L,0.5042609136965007,0
ICBHI_213_1p2_PR_001,ICBHI_213_1p2_PR,ICBHI_213,1,ICBHI,AKGC417L,0.6050991988262561,0
ICBHI_213_1p2_PR_002,ICBHI_213_1p2_PR,ICBHI_213,1,ICBHI,AKGC417L,0.6199890982106309,0
ICBHI_213_1p2_PR_003,ICBHI_213_1p2_PR,ICBHI_213,1,ICBHI,AKGC417L,0.6420959138319301,0
ICBHI_213_1p2_PR_004,ICBHI_213_1p2_PR,ICBHI_213,1,ICBHI,AKGC417L,0.5808276445792696,0
ICBHI_213_1p2_PR_005,ICBHI_213_1p2_PR,ICBHI_213,1,ICBHI,AKGC417L,0.5579055203619558,0
ICBHI_213_1p2_PR_006,ICBHI_213_1p2_PR,ICBHI_213,1,ICBHI,AKGC417L,0.545043565586644,0
ICBHI_213_1p2_TC_000,ICBHI_213_1p2_TC,ICBHI_213,1,ICBHI,AKGC417L,0.4967422946334879,0
ICBHI_213_1p2_TC_001,ICBHI_213_1p2_TC,ICBHI_213,1,ICBHI,AKGC417L,0.5261753892972688,0
ICBHI_213_1p2_TC_002,ICBHI_213_1p2_TC,ICBHI_213,1,ICBHI,AKGC417L,0.3497547994280737,0
ICBHI_213_1p2_TC_003,ICBHI_213_1p2_TC,ICBHI_213,1,ICBHI,AKGC417L,0.3854903212637383,0
ICBHI_213_1p2_TC_004,ICBHI_213_1p2_TC,ICBHI_213,1,ICBHI,AKGC417L,0.3580163052562437,0
ICBHI_213_1p2_TC_005,ICBHI_213_1p2_TC,ICBHI_213,1,ICBHI,AKGC417L,0.4256649146701299,0
ICBHI_213_1p2_TC_006,ICBHI_213_1p2_TC,ICBHI_213,1,ICBHI,AKGC417L,0.4653571085183526,0
ICBHI_213_1p3_AL_000,ICBHI_213_1p3_AL,ICBHI_213,1,ICBHI,AKGC417L,0.7162186093168913,0
ICBHI_213_1p3_AL_001,ICBHI_213_1p3_AL,ICBHI_213,1,ICBHI,AKGC417L,0.7678639706205701,0
ICBHI_213_1p3_AL_002,ICBHI_213_1p3_AL,ICBHI_213,1,ICBHI,AKGC417L,0.7781439548098582,0
ICBHI_213_1p3_AL_003,ICBHI_213_1p3_AL,ICBHI_213,1,ICBHI,AKGC417L,0.7694269216090752,0
ICBHI_213_1p3_AL_004,ICBHI_213_1p3_AL,ICBHI_213,1,ICBHI,AKGC417L,0.796450832424286,0
ICBHI_213_1p3_AL_005,ICBHI_213_1p3_AL,ICBHI_213,1,ICBHI,AKGC417L,0.6933691518027039,0
ICBHI_213_1p3_AL_006,ICBHI_213_1p3_AL,ICBHI_213,1,ICBHI,AKGC417L,0.6545635881127179,0
ICBHI_213_1p3_AR_000,ICBHI_213_1p3_AR,ICBHI_213,1,ICBHI,AKGC417L,0.5885935680668106,0
ICBHI_213_1p3_AR_001,ICBHI_213_1p3_AR,ICBHI_213,1,ICBHI,AKGC417L,0.4185186559591877,0
ICBHI_213_1p3_AR_002,ICBHI_213_1p3_AR,ICBHI_213,1,ICBHI,AKGC417L,0.4978180070157839,0
ICBHI_213_1p3_AR_003,ICBHI_213_1p3_AR,ICBHI_213,1,ICBHI,AKGC417L,0.6569884557233275,0
ICBHI_213_1p3_AR_004,ICBHI_213_1p3_AR,ICBHI_213,1,ICBHI,AKGC417L,0.665410558746814,0
ICBHI_213_1p3_AR_005,ICBHI_213_1p3_AR,ICBHI_213,1,ICBHI,AKGC417L,0.6601723814146353,0
ICBHI_213_1p3_AR_006,ICBHI_213_1p3_AR,ICBHI_213,1,ICBHI,AKGC417L,0.6302298796590904,0
ICBHI_213_1p3_PL_000,ICBHI_213_1p3_PL,ICBHI_213,1,ICBHI,AKGC417L,0.3012592506271208,0
ICBHI_213_1p3_PL_001,ICBHI_213_1p3_PL,ICBHI_213,1,ICBHI,AKGC417L,0.2992075641898684,0
ICBHI_213_1p3_PL_002,ICBHI_213_1p3_PL,ICBHI_213,1,ICBHI,AKGC417L,0.3455468255389751,0
ICBHI_213_1p3_PL_003,ICBHI_213_1p3_PL,ICBHI_213,1,ICBHI,AKGC417L,0.3915222574266101,0
ICBHI_213_1p3_PL_004,ICBHI_213_1p3_PL,ICBHI_213,1,ICBHI,AKGC417L,0.3753629482994435,0
ICBHI_213_1p3_PL_005,ICBHI_213_1p3_PL,ICBHI_213,1,ICBHI,AKGC417L,0.3719347138931014,0
ICBHI_213_1p3_PL_006,ICBHI_213_1p3_PL,ICBHI_213,1,ICBHI,AKGC417L,0.3555510977875717,0
ICBHI_213_1p3_PR_000,ICBHI_213_1p3_PR,ICBHI_213,1,ICBHI,AKGC417L,0.4858817446828029,0
ICBHI_213_1p3_PR_001,ICBHI_213_1p3_PR,ICBHI_213,1,ICBHI,AKGC417L,0.6320486463511595,0
ICBHI_213_1p3_PR_002,ICBHI_213_1p3_PR,ICBHI_213,1,ICBHI,AKGC417L,0.6106856702424797,0
ICBHI_213_1p3_PR_003,ICBHI_213_1p3_PR,ICBHI_213,1,ICBHI,AKGC417L,0.5835593835010445,0
ICBHI_213_1p3_PR_004,ICBHI_213_1p3_PR,ICBHI_213,1,ICBHI,AKGC417L,0.5908382267865563,0
ICBHI_213_1p3_PR_005,ICBHI_213_1p3_PR,ICBHI_213,1,ICBHI,AKGC417L,0.5454370461674725,0
ICBHI_213_1p3_PR_006,ICBHI_213_1p3_PR,ICBHI_213,1,ICBHI,AKGC417L,0.5867596600196917,0
ICBHI_213_1p5_AL_000,ICBHI_213_1p5_AL,ICBHI_213,1,ICBHI,AKGC417L,0.6280652861068986,0
ICBHI_213_1p5_AL_001,ICBHI_213_1p5_AL,ICBHI_213,1,ICBHI,AKGC417L,0.6434413254540363,0
ICBHI_213_1p5_AL_002,ICBHI_213_1p5_AL,ICBHI_213,1,ICBHI,AKGC417L,0.6484663530335857,0
ICBHI_213_1p5_AL_003,ICBHI_213_1p5_AL,ICBHI_213,1,ICBHI,AKGC417L,0.6613763197684221,0
ICBHI_213_1p5_AL_004,ICBHI_213_1p5_AL,ICBHI_213,1,ICBHI,AKGC417L,0.6510221370914505,0
ICBHI_213_1p5_AL_005,ICBHI_213_1p5_AL,ICBHI_213,1,ICBHI,AKGC417L,0.6130049093876466,0
ICBHI_213_1p5_AL_006,ICBHI_213_1p5_AL,ICBHI_213,1,ICBHI,AKGC417L,0.652241416355273,0
ICBHI_213_1p5_AR_000,ICBHI_213_1p5_AR,ICBHI_213,1,ICBHI,AKGC417L,0.5280619109380863,0
ICBHI_213_1p5_AR_001,ICBHI_213_1p5_AR,ICBHI_213,1,ICBHI,AKGC417L,0.5735589834845489,0
ICBHI_213_1p5_AR_002,ICBHI_213_1p5_AR,ICBHI_213,1,ICBHI,AKGC417L,0.6053325285300185,0
ICBHI_213_1p5_AR_003,ICBHI_213_1p5_AR,ICBHI_213,1,ICBHI,AKGC417L,0.5458304700088153,0
ICBHI_213_1p5_AR_004,ICBHI_213_1p5_AR,ICBHI_213,1,ICBHI,AKGC417L,0.5316653273692435,0
ICBHI_213_1p5_AR_005,ICBHI_213_1p5_AR,ICBHI_213,1,ICBHI,AKGC417L,0.5285182091343684,0
ICBHI_213_1p5_AR_006,ICBHI_213_1p5_AR,ICBHI_213,1,ICBHI,AKGC417L,0.5483409605467279,0
ICBHI_213_1p5_PL_000,ICBHI_213_1p5_PL,ICBHI_213,1,ICBHI,AKGC417L,0.263978703002682,0
ICBHI_213_1p5_PL_001,ICBHI_213_1p5_PL,ICBHI_213,1,ICBHI,AKGC417L,0.3032157444273775,0
ICBHI_213_1p5_PL_002,ICBHI_213_1p5_PL,ICBHI_213,1,ICBHI,AKGC417L,0.2463519898839293,0
ICBHI_213_1p5_PL_003,ICBHI_213_1p5_PL,ICBHI_213,1,ICBHI,AKGC417L,0.2278127373044989,0
ICBHI_213_1p5_PL_004,ICBHI_213_1p5_PL,ICBHI_213,1,ICBHI,AKGC417L,0.2450850131323717,0
ICBHI_213_1p5_PL_005,ICBHI_213_1p5_PL,ICBHI_213,1,ICBHI,AKGC417L,0.2736714385900953,0
ICBHI_213_1p5_PL_006,ICBHI_213_1p5_PL,ICBHI_213,1,ICBHI,AKGC417L,0.3402659290191897,0
ICBHI_213_1p5_PR_000,ICBHI_213_1p5_PR,ICBHI_213,1,ICBHI,AKGC417L,0.3609394336434696,0
ICBHI_213_1p5_PR_001,ICBHI_213_1p5_PR,ICBHI_213,1,ICBHI,AKGC417L,0.482474833368709,0
ICBHI_213_1p5_PR_002,ICBHI_213_1p5_PR,ICBHI_213,1,ICBHI,AKGC417L,0.509749130447154,0
ICBHI_213_1p5_PR_003,ICBHI_213_1p5_PR,ICBHI_213,1,ICBHI,AKGC417L,0.4858055118957379,0
ICBHI_213_1p5_PR_004,ICBHI_213_1p5_PR,ICBHI_213,1,ICBHI,AKGC417L,0.4899076819727979,0
ICBHI_213_1p5_PR_005,ICBHI_213_1p5_PR,ICBHI_213,1,ICBHI,AKGC417L,0.5356449958505374,0
ICBHI_213_1p5_PR_006,ICBHI_213_1p5_PR,ICBHI_213,1,ICBHI,AKGC417L,0.5372234823466234,0
ICBHI_213_1p5_TC_000,ICBHI_213_1p5_TC,ICBHI_213,1,ICBHI,AKGC417L,0.457257892573596,0
ICBHI_213_1p5_TC_001,ICBHI_213_1p5_TC,ICBHI_213,1,ICBHI,AKGC417L,0.4704781036344311,0
ICBHI_213_1p5_TC_002,ICBHI_213_1p5_TC,ICBHI_213,1,ICBHI,AKGC417L,0.3992844961007562,0
ICBHI_213_1p5_TC_003,ICBHI_213_1p5_TC,ICBHI_213,1,ICBHI,AKGC417L,0.5300996691306218,0
ICBHI_213_1p5_TC_004,ICBHI_213_1p5_TC,ICBHI_213,1,ICBHI,AKGC417L,0.5604330921597399,0
ICBHI_213_1p5_TC_005,ICBHI_213_1p5_TC,ICBHI_213,1,ICBHI,AKGC417L,0.5266623073138226,0
ICBHI_213_1p5_TC_006,ICBHI_213_1p5_TC,ICBHI_213,1,ICBHI,AKGC417L,0.2837813906831087,0
ICBHI_213_2p2_AL_000,ICBHI_213_2p2_AL,ICBHI_213,1,ICBHI,AKGC417L,0.7633073741326739,0
ICBHI_213_2p2_AL_001,ICBHI_213_2p2_AL,ICBHI_213,1,ICBHI,AKGC417L,0.7913377270134009,0
ICBHI_213_2p2_AL_002,ICBHI_213_2p2_AL,ICBHI_213,1,ICBHI,AKGC417L,0.8474634859343486,0
ICBHI_213_2p2_AL_003,ICBHI_213_2p2_AL,ICBHI_213,1,ICBHI,AKGC417L,0.8416955694388458,0
ICBHI_213_2p2_AL_004,ICBHI_213_2p2_AL,ICBHI_213,1,ICBHI,AKGC417L,0.8384153373831053,0
ICBHI_213_2p2_AL_005,ICBHI_213_2p2_AL,ICBHI_213,1,ICBHI,AKGC417L,0.8475896824841331,0
ICBHI_213_2p2_AL_006,ICBHI_213_2p2_AL,ICBHI_213,1,ICBHI,AKGC417L,0.8602517888459638,0
ICBHI_213_2p2_AR_000,ICBHI_213_2p2_AR,ICBHI_213,1,ICBHI,AKGC417L,0.6108017521902684,0
ICBHI_213_2p2_AR_001,ICBHI_213_2p2_AR,ICBHI_213,1,ICBHI,AKGC417L,0.6935767379486811,0
ICBHI_213_2p2_AR_002,ICBHI_213_2p2_AR,ICBHI_213,1,ICBHI,AKGC417L,0.6555565599421781,0
ICBHI_213_2p2_AR_003,ICBHI_213_2p2_AR,ICBHI_213,1,ICBHI,AKGC417L,0.6306849203709737,0
ICBHI_213_2p2_AR_004,ICBHI_213_2p2_AR,ICBHI_213,1,ICBHI,AKGC417L,0.6428810108924662,0
ICBHI_213_2p2_AR_005,ICBHI_213_2p2_AR,ICBHI_213,1,ICBHI,AKGC417L,0.5961980649181368,0
ICBHI_213_2p2_AR_006,ICBHI_213_2p2_AR,ICBHI_213,1,ICBHI,AKGC417L,0.6073721054418175,0
ICBHI_213_2p2_PL_000,ICBHI_213_2p2_PL,ICBHI_213,1,ICBHI,AKGC417L,0.6264670230421525,0
ICBHI_213_2p2_PL_001,ICBHI_213_2p2_PL,ICBHI_213,1,ICBHI,AKGC417L,0.4506313482958715,0
ICBHI_213_2p2_PL_002,ICBHI_213_2p2_PL,ICBHI_213,1,ICBHI,AKGC417L,0.5710491189132763,0
ICBHI_213_2p2_PL_003,ICBHI_213_2p2_PL,ICBHI_213,1,ICBHI,AKGC417L,0.5509697979208309,0
ICBHI_213_2p2_PL_004,ICBHI_213_2p2_PL,ICBHI_213,1,ICBHI,AKGC417L,0.5301452793545665,0
ICBHI_213_2p2_PL_005,ICBHI_213_2p2_PL,ICBHI_213,1,ICBHI,AKGC417L,0.4909067644400915,0
ICBHI_213_2p2_PL_006,ICBHI_213_2p2_PL,ICBHI_213,1,ICBHI,AKGC417L,0.6476868057700992,0
ICBHI_213_2p2_PR_000,ICBHI_213_2p2_PR,ICBHI_213,1,ICBHI,AKGC417L,0.4169746890638247,0
ICBHI_213_2p2_PR_001,ICBHI_213_2p2_PR,ICBHI_213,1,ICBHI,AKGC417L,0.5170831917825521,0
ICBHI_213_2p2_PR_002,ICBHI_213_2p2_PR,ICBHI_213,1,ICBHI,AKGC417L,0.4906169464259411,0
ICBHI_213_2p2_PR_003,ICBHI_213_2p2_PR,ICBHI_213,1,ICBHI,AKGC417L,0.5224915250776933,0
ICBHI_213_2p2_PR_004,ICBHI_213_2p2_PR,ICBHI_213,1,ICBHI,AKGC417L,0.4879326416873443,0
ICBHI_213_2p2_PR_005,ICBHI_213_2p2_PR,ICBHI_213,1,ICBHI,AKGC417L,0.5034675042237374,0
ICBHI_213_2p2_PR_006,ICBHI_213_2p2_PR,ICBHI_213,1,ICBHI,AKGC417L,0.617512634163885,0
ICBHI_213_2p2_TC_000,ICBHI_213_2p2_TC,ICBHI_213,1,ICBHI,AKGC417L,0.4812252620325941,0
ICBHI_213_2p2_TC_001,ICBHI_213_2p2_TC,ICBHI_213,1,ICBHI,AKGC417L,0.6600628294854518,0
ICBHI_213_2p2_TC_002,ICBHI_213_2p2_TC,ICBHI_213,1,ICBHI,AKGC417L,0.7035494651117593,0
ICBHI_213_2p2_TC_003,ICBHI_213_2p2_TC,ICBHI_213,1,ICBHI,AKGC417L,0.6881541571642115,0
ICBHI_213_2p2_TC_004,ICBHI_213_2p2_TC,ICBHI_213,1,ICBHI,AKGC417L,0.6884684230494847,0
ICBHI_213_2p2_TC_005,ICBHI_213_2p2_TC,ICBHI_213,1,ICBHI,AKGC417L,0.6714705667356973,0
ICBHI_213_2p2_TC_006,ICBHI_213_2p2_TC,ICBHI_213,1,ICBHI,AKGC417L,0.6843695065725756,0
ICBHI_214_1b1_AR_000,ICBHI_214_1b1_AR,ICBHI_214,0,ICBHI,Meditron,0.4625337389858598,0
ICBHI_214_1b1_AR_001,ICBHI_214_1b1_AR,ICBHI_214,0,ICBHI,Meditron,0.4345212826333282,0
ICBHI_214_1b1_AR_002,ICBHI_214_1b1_AR,ICBHI_214,0,ICBHI,Meditron,0.4597734096718876,0
ICBHI_214_1b1_AR_003,ICBHI_214_1b1_AR,ICBHI_214,0,ICBHI,Meditron,0.4798388181726402,0
ICBHI_214_1b1_AR_004,ICBHI_214_1b1_AR,ICBHI_214,0,ICBHI,Meditron,0.4517195048031882,0
ICBHI_214_1b1_AR_005,ICBHI_214_1b1_AR,ICBHI_214,0,ICBHI,Meditron,0.554681542864643,0
ICBHI_221_2b1_AL_000,ICBHI_221_2b1_AL,ICBHI_221,0,ICBHI,LittC2SE,0.4830234958323939,0
ICBHI_221_2b1_AL_001,ICBHI_221_2b1_AL,ICBHI_221,0,ICBHI,LittC2SE,0.3889080979158358,0
ICBHI_221_2b1_AL_002,ICBHI_221_2b1_AL,ICBHI_221,0,ICBHI,LittC2SE,0.5070452795284057,0
ICBHI_221_2b1_AL_003,ICBHI_221_2b1_AL,ICBHI_221,0,ICBHI,LittC2SE,0.5184090333815948,0
ICBHI_221_2b1_AL_004,ICBHI_221_2b1_AL,ICBHI_221,0,ICBHI,LittC2SE,0.3918712863308499,0
ICBHI_221_2b1_AL_005,ICBHI_221_2b1_AL,ICBHI_221,0,ICBHI,LittC2SE,0.5364039746940884,0
ICBHI_221_2b1_AL_006,ICBHI_221_2b1_AL,ICBHI_221,0,ICBHI,LittC2SE,0.6765130508657318,0
ICBHI_221_2b1_AR_000,ICBHI_221_2b1_AR,ICBHI_221,0,ICBHI,LittC2SE,0.393152002635903,0
ICBHI_221_2b1_AR_001,ICBHI_221_2b1_AR,ICBHI_221,0,ICBHI,LittC2SE,0.4691858289380085,0
ICBHI_221_2b1_AR_002,ICBHI_221_2b1_AR,ICBHI_221,0,ICBHI,LittC2SE,0.4399879558350072,0
ICBHI_221_2b1_AR_003,ICBHI_221_2b1_AR,ICBHI_221,0,ICBHI,LittC2SE,0.3377493977693328,0
ICBHI_221_2b1_AR_004,ICBHI_221_2b1_AR,ICBHI_221,0,ICBHI,LittC2SE,0.3525360667929876,0
ICBHI_221_2b1_AR_005,ICBHI_221_2b1_AR,ICBHI_221,0,ICBHI,LittC2SE,0.475544432062622,0
ICBHI_221_2b1_AR_006,ICBHI_221_2b1_AR,ICBHI_221,0,ICBHI,LittC2SE,0.4124709856060847,0
ICBHI_221_2b1_LR_000,ICBHI_221_2b1_LR,ICBHI_221,0,ICBHI,LittC2SE,0.6711473442331096,0
ICBHI_221_2b1_LR_001,ICBHI_221_2b1_LR,ICBHI_221,0,ICBHI,LittC2SE,0.4625640853501105,0
ICBHI_221_2b1_LR_002,ICBHI_221_2b1_LR,ICBHI_221,0,ICBHI,LittC2SE,0.3996359000112058,0
ICBHI_221_2b1_LR_003,ICBHI_221_2b1_LR,ICBHI_221,0,ICBHI,LittC2SE,0.3771964868812999,0
ICBHI_221_2b1_LR_004,ICBHI_221_2b1_LR,ICBHI_221,0,ICBHI,LittC2SE,0.4205400962586016,0
ICBHI_221_2b1_LR_005,ICBHI_221_2b1_LR,ICBHI_221,0,ICBHI,LittC2SE,0.6157234747551527,0
ICBHI_221_2b1_LR_006,ICBHI_221_2b1_LR,ICBHI_221,0,ICBHI,LittC2SE,0.4734594174722513,0
ICBHI_221_2b1_PL_000,ICBHI_221_2b1_PL,ICBHI_221,0,ICBHI,LittC2SE,0.1890714922677261,0
ICBHI_221_2b1_PL_001,ICBHI_221_2b1_PL,ICBHI_221,0,ICBHI,LittC2SE,0.1796744476266455,0
ICBHI_221_2b1_PL_002,ICBHI_221_2b1_PL,ICBHI_221,0,ICBHI,LittC2SE,0.1720327033229324,0
ICBHI_221_2b1_PL_003,ICBHI_221_2b1_PL,ICBHI_221,0,ICBHI,LittC2SE,0.2252461498739951,0
ICBHI_221_2b1_PL_004,ICBHI_221_2b1_PL,ICBHI_221,0,ICBHI,LittC2SE,0.2191703353550801,0
ICBHI_221_2b1_PL_005,ICBHI_221_2b1_PL,ICBHI_221,0,ICBHI,LittC2SE,0.1710611916785843,0
ICBHI_221_2b1_PL_006,ICBHI_221_2b1_PL,ICBHI_221,0,ICBHI,LittC2SE,0.1661335534168026,0
ICBHI_221_2b2_AL_000,ICBHI_221_2b2_AL,ICBHI_221,0,ICBHI,LittC2SE,0.5297955881592813,0
ICBHI_221_2b2_AL_001,ICBHI_221_2b2_AL,ICBHI_221,0,ICBHI,LittC2SE,0.5396504559489663,0
ICBHI_221_2b2_AL_002,ICBHI_221_2b2_AL,ICBHI_221,0,ICBHI,LittC2SE,0.4467058981466327,0
ICBHI_221_2b2_AL_003,ICBHI_221_2b2_AL,ICBHI_221,0,ICBHI,LittC2SE,0.4166186189591657,0
ICBHI_221_2b2_AL_004,ICBHI_221_2b2_AL,ICBHI_221,0,ICBHI,LittC2SE,0.3668165253251579,0
ICBHI_221_2b2_AL_005,ICBHI_221_2b2_AL,ICBHI_221,0,ICBHI,LittC2SE,0.4476111998177913,0
ICBHI_221_2b2_AL_006,ICBHI_221_2b2_AL,ICBHI_221,0,ICBHI,LittC2SE,0.5826097863601577,0
ICBHI_221_2b2_AR_000,ICBHI_221_2b2_AR,ICBHI_221,0,ICBHI,LittC2SE,0.4242927105803405,0
ICBHI_221_2b2_AR_001,ICBHI_221_2b2_AR,ICBHI_221,0,ICBHI,LittC2SE,0.4086896922432875,0
ICBHI_221_2b2_AR_002,ICBHI_221_2b2_AR,ICBHI_221,0,ICBHI,LittC2SE,0.2523840452764101,0
ICBHI_221_2b2_AR_003,ICBHI_221_2b2_AR,ICBHI_221,0,ICBHI,LittC2SE,0.2171714517424569,0
ICBHI_221_2b2_AR_004,ICBHI_221_2b2_AR,ICBHI_221,0,ICBHI,LittC2SE,0.3429015162751263,0
ICBHI_221_2b2_AR_005,ICBHI_221_2b2_AR,ICBHI_221,0,ICBHI,LittC2SE,0.6221150257815661,0
ICBHI_221_2b2_AR_006,ICBHI_221_2b2_AR,ICBHI_221,0,ICBHI,LittC2SE,0.5916052729231331,0
ICBHI_221_2b2_LR_000,ICBHI_221_2b2_LR,ICBHI_221,0,ICBHI,LittC2SE,0.3542096519520121,0
ICBHI_221_2b2_LR_001,ICBHI_221_2b2_LR,ICBHI_221,0,ICBHI,LittC2SE,0.4005734814242758,0
ICBHI_221_2b2_LR_002,ICBHI_221_2b2_LR,ICBHI_221,0,ICBHI,LittC2SE,0.4170933983649918,0
ICBHI_221_2b2_LR_003,ICBHI_221_2b2_LR,ICBHI_221,0,ICBHI,LittC2SE,0.4996531010230678,0
ICBHI_221_2b2_LR_004,ICBHI_221_2b2_LR,ICBHI_221,0,ICBHI,LittC2SE,0.6081868928413321,0
ICBHI_221_2b2_LR_005,ICBHI_221_2b2_LR,ICBHI_221,0,ICBHI,LittC2SE,0.5487037226135992,0
ICBHI_221_2b2_LR_006,ICBHI_221_2b2_LR,ICBHI_221,0,ICBHI,LittC2SE,0.251280066152955,0
ICBHI_221_2b2_PL_000,ICBHI_221_2b2_PL,ICBHI_221,0,ICBHI,LittC2SE,0.4009252626266813,0
ICBHI_221_2b2_PL_001,ICBHI_221_2b2_PL,ICBHI_221,0,ICBHI,LittC2SE,0.4944345865494108,0
ICBHI_221_2b2_PL_002,ICBHI_221_2b2_PL,ICBHI_221,0,ICBHI,LittC2SE,0.4683954634585806,0
ICBHI_221_2b2_PL_003,ICBHI_221_2b2_PL,ICBHI_221,0,ICBHI,LittC2SE,0.5432267799214107,0
ICBHI_221_2b2_PL_004,ICBHI_221_2b2_PL,ICBHI_221,0,ICBHI,LittC2SE,0.6813028462770989,0
ICBHI_221_2b2_PL_005,ICBHI_221_2b2_PL,ICBHI_221,0,ICBHI,LittC2SE,0.4812100247753272,0
ICBHI_221_2b2_PL_006,ICBHI_221_2b2_PL,ICBHI_221,0,ICBHI,LittC2SE,0.3336117579383124,0
ICBHI_221_2b3_AL_000,ICBHI_221_2b3_AL,ICBHI_221,0,ICBHI,LittC2SE,0.5253383831443448,0
ICBHI_221_2b3_AL_001,ICBHI_221_2b3_AL,ICBHI_221,0,ICBHI,LittC2SE,0.6514657410912222,0
ICBHI_221_2b3_AL_002,ICBHI_221_2b3_AL,ICBHI_221,0,ICBHI,LittC2SE,0.494915183848771,0
ICBHI_221_2b3_AL_003,ICBHI_221_2b3_AL,ICBHI_221,0,ICBHI,LittC2SE,0.3846231778096627,0
ICBHI_221_2b3_AL_004,ICBHI_221_2b3_AL,ICBHI_221,0,ICBHI,LittC2SE,0.3826026999812996,0
ICBHI_221_2b3_AL_005,ICBHI_221_2b3_AL,ICBHI_221,0,ICBHI,LittC2SE,0.427815005419614,0
ICBHI_221_2b3_AL_006,ICBHI_221_2b3_AL,ICBHI_221,0,ICBHI,LittC2SE,0.5013141601818927,0
ICBHI_221_2b3_AR_000,ICBHI_221_2b3_AR,ICBHI_221,0,ICBHI,LittC2SE,0.4233984218990362,0
ICBHI_221_2b3_AR_001,ICBHI_221_2b3_AR,ICBHI_221,0,ICBHI,LittC2SE,0.3400467395692804,0
ICBHI_221_2b3_AR_002,ICBHI_221_2b3_AR,ICBHI_221,0,ICBHI,LittC2SE,0.2874676784106675,0
ICBHI_221_2b3_AR_003,ICBHI_221_2b3_AR,ICBHI_221,0,ICBHI,LittC2SE,0.2478053522529804,0
ICBHI_221_2b3_AR_004,ICBHI_221_2b3_AR,ICBHI_221,0,ICBHI,LittC2SE,0.2481695898684911,0
ICBHI_221_2b3_AR_005,ICBHI_221_2b3_AR,ICBHI_221,0,ICBHI,LittC2SE,0.3421317933873798,0
ICBHI_221_2b3_AR_006,ICBHI_221_2b3_AR,ICBHI_221,0,ICBHI,LittC2SE,0.411110869232168,0
ICBHI_221_2b3_LR_000,ICBHI_221_2b3_LR,ICBHI_221,0,ICBHI,LittC2SE,0.3400467395692804,0
ICBHI_221_2b3_LR_001,ICBHI_221_2b3_LR,ICBHI_221,0,ICBHI,LittC2SE,0.133754298757333,0
ICBHI_221_2b3_LR_002,ICBHI_221_2b3_LR,ICBHI_221,0,ICBHI,LittC2SE,0.1625129054251984,0
ICBHI_221_2b3_LR_003,ICBHI_221_2b3_LR,ICBHI_221,0,ICBHI,LittC2SE,0.2203424470429406,0
ICBHI_221_2b3_LR_004,ICBHI_221_2b3_LR,ICBHI_221,0,ICBHI,LittC2SE,0.251280066152955,0
ICBHI_221_2b3_LR_005,ICBHI_221_2b3_LR,ICBHI_221,0,ICBHI,LittC2SE,0.2780607131799606,0
ICBHI_221_2b3_LR_006,ICBHI_221_2b3_LR,ICBHI_221,0,ICBHI,LittC2SE,0.2133771754166049,0
ICBHI_221_2b3_PR_000,ICBHI_221_2b3_PR,ICBHI_221,0,ICBHI,LittC2SE,0.474448547047762,0
ICBHI_221_2b3_PR_001,ICBHI_221_2b3_PR,ICBHI_221,0,ICBHI,LittC2SE,0.3865897468164019,0
ICBHI_221_2b3_PR_002,ICBHI_221_2b3_PR,ICBHI_221,0,ICBHI,LittC2SE,0.316791839278009,0
ICBHI_221_2b3_PR_003,ICBHI_221_2b3_PR,ICBHI_221,0,ICBHI,LittC2SE,0.3338288976499604,0
ICBHI_221_2b3_PR_004,ICBHI_221_2b3_PR,ICBHI_221,0,ICBHI,LittC2SE,0.2272977749935966,0
ICBHI_221_2b3_PR_005,ICBHI_221_2b3_PR,ICBHI_221,0,ICBHI,LittC2SE,0.1926912236198515,0
ICBHI_221_2b3_PR_006,ICBHI_221_2b3_PR,ICBHI_221,0,ICBHI,LittC2SE,0.1917813724492648,0
ICBHI_102_1b1_AR_000,ICBHI_102_1b1_AR,ICBHI_102,1,ICBHI,Meditron,0.1522842066100875,1
ICBHI_102_1b1_AR_001,ICBHI_102_1b1_AR,ICBHI_102,1,ICBHI,Meditron,0.1530421572448962,1
ICBHI_102_1b1_AR_002,ICBHI_102_1b1_AR,ICBHI_102,1,ICBHI,Meditron,0.1305068914030857,1
ICBHI_102_1b1_AR_003,ICBHI_102_1b1_AR,ICBHI_102,1,ICBHI,Meditron,0.180684214164803,1
ICBHI_102_1b1_AR_004,ICBHI_102_1b1_AR,ICBHI_102,1,ICBHI,Meditron,0.1735681880220941,1
ICBHI_102_1b1_AR_005,ICBHI_102_1b1_AR,ICBHI_102,1,ICBHI,Meditron,0.1676270449615093,1
ICBHI_102_1b1_AR_006,ICBHI_102_1b1_AR,ICBHI_102,1,ICBHI,Meditron,0.1688569521416831,1
ICBHI_124_1b1_AL_000,ICBHI_124_1b1_AL,ICBHI_124,1,ICBHI,Litt3200,0.9456006819553416,1
ICBHI_124_1b1_AL_001,ICBHI_124_1b1_AL,ICBHI_124,1,ICBHI,Litt3200,0.9193533851235516,1
ICBHI_124_1b1_AL_002,ICBHI_124_1b1_AL,ICBHI_124,1,ICBHI,Litt3200,0.9190632902163844,1
ICBHI_124_1b1_AL_003,ICBHI_124_1b1_AL,ICBHI_124,1,ICBHI,Litt3200,0.90894172110682,1
ICBHI_124_1b1_AR_000,ICBHI_124_1b1_AR,ICBHI_124,1,ICBHI,Litt3200,0.9242786279246686,1
ICBHI_124_1b1_AR_001,ICBHI_124_1b1_AR,ICBHI_124,1,ICBHI,Litt3200,0.9022656804095373,1
ICBHI_124_1b1_AR_002,ICBHI_124_1b1_AR,ICBHI_124,1,ICBHI,Litt3200,0.9372107914029488,1
ICBHI_124_1b1_LL_000,ICBHI_124_1b1_LL,ICBHI_124,1,ICBHI,Litt3200,0.8960696214948621,1
ICBHI_124_1b1_LL_001,ICBHI_124_1b1_LL,ICBHI_124,1,ICBHI,Litt3200,0.8603691485725568,1
ICBHI_124_1b1_LL_002,ICBHI_124_1b1_LL,ICBHI_124,1,ICBHI,Litt3200,0.8348112907637162,1
ICBHI_124_1b1_LL_003,ICBHI_124_1b1_LL,ICBHI_124,1,ICBHI,Litt3200,0.8435087678199463,1
ICBHI_124_1b1_LL_004,ICBHI_124_1b1_LL,ICBHI_124,1,ICBHI,Litt3200,0.8814109034236719,1
ICBHI_124_1b1_LL_005,ICBHI_124_1b1_LL,ICBHI_124,1,ICBHI,Litt3200,0.7931059511841119,1
ICBHI_124_1b1_LR_000,ICBHI_124_1b1_LR,ICBHI_124,1,ICBHI,Litt3200,0.9248235972391684,1
ICBHI_124_1b1_LR_001,ICBHI_124_1b1_LR,ICBHI_124,1,ICBHI,Litt3200,0.8521989788091112,1
ICBHI_124_1b1_LR_002,ICBHI_124_1b1_LR,ICBHI_124,1,ICBHI,Litt3200,0.8973359904266346,1
ICBHI_124_1b1_LR_003,ICBHI_124_1b1_LR,ICBHI_124,1,ICBHI,Litt3200,0.9253649611035,1
ICBHI_124_1b1_LR_004,ICBHI_124_1b1_LR,ICBHI_124,1,ICBHI,Litt3200,0.9214990214584188,1
ICBHI_124_1b1_PL_000,ICBHI_124_1b1_PL,ICBHI_124,1,ICBHI,Litt3200,0.8558511469672594,1
ICBHI_124_1b1_PL_001,ICBHI_124_1b1_PL,ICBHI_124,1,ICBHI,Litt3200,0.8469578427551038,1
ICBHI_124_1b1_PR_000,ICBHI_124_1b1_PR,ICBHI_124,1,ICBHI,Litt3200,0.7914989334100753,1
ICBHI_124_1b1_PR_001,ICBHI_124_1b1_PR,ICBHI_124,1,ICBHI,Litt3200,0.7465087674839027,1
ICBHI_126_1b1_AL_000,ICBHI_126_1b1_AL,ICBHI_126,0,ICBHI,Meditron,0.2834837562262565,1
ICBHI_126_1b1_AL_001,ICBHI_126_1b1_AL,ICBHI_126,0,ICBHI,Meditron,0.4989824309092496,1
ICBHI_126_1b1_AL_002,ICBHI_126_1b1_AL,ICBHI_126,0,ICBHI,Meditron,0.6226887995543804,1
ICBHI_126_1b1_AL_003,ICBHI_126_1b1_AL,ICBHI_126,0,ICBHI,Meditron,0.4617751706702677,1
ICBHI_126_1b1_AL_004,ICBHI_126_1b1_AL,ICBHI_126,0,ICBHI,Meditron,0.3989917386883012,1
ICBHI_126_1b1_AL_005,ICBHI_126_1b1_AL,ICBHI_126,0,ICBHI,Meditron,0.4515683441049571,1
ICBHI_126_1b1_AL_006,ICBHI_126_1b1_AL,ICBHI_126,0,ICBHI,Meditron,0.5086584971387679,1
ICBHI_132_2b1_LR_000,ICBHI_132_2b1_LR,ICBHI_132,0,ICBHI,LittC2SE,0.4987096815142863,1
ICBHI_132_2b1_LR_001,ICBHI_132_2b1_LR,ICBHI_132,0,ICBHI,LittC2SE,0.6012424152771347,1
ICBHI_132_2b1_LR_002,ICBHI_132_2b1_LR,ICBHI_132,0,ICBHI,LittC2SE,0.6529056388166428,1
ICBHI_132_2b1_LR_003,ICBHI_132_2b1_LR,ICBHI_132,0,ICBHI,LittC2SE,0.5448013956982781,1
ICBHI_132_2b1_LR_004,ICBHI_132_2b1_LR,ICBHI_132,0,ICBHI,LittC2SE,0.8415654047865821,1
ICBHI_132_2b1_LR_005,ICBHI_132_2b1_LR,ICBHI_132,0,ICBHI,LittC2SE,0.7772998611746911,1
ICBHI_132_2b1_LR_006,ICBHI_132_2b1_LR,ICBHI_132,0,ICBHI,LittC2SE,0.507712706054735,1
ICBHI_132_2b2_LR_000,ICBHI_132_2b2_LR,ICBHI_132,0,ICBHI,LittC2SE,0.9535353360498288,1
ICBHI_132_2b2_LR_001,ICBHI_132_2b2_LR,ICBHI_132,0,ICBHI,LittC2SE,0.9383503740450254,1
ICBHI_132_2b2_LR_002,ICBHI_132_2b2_LR,ICBHI_132,0,ICBHI,LittC2SE,0.9621075733703928,1
ICBHI_132_2b2_LR_003,ICBHI_132_2b2_LR,ICBHI_132,0,ICBHI,LittC2SE,0.9658995742876884,1
ICBHI_132_2b2_LR_004,ICBHI_132_2b2_LR,ICBHI_132,0,ICBHI,LittC2SE,0.9667888274293096,1
ICBHI_132_2b2_LR_005,ICBHI_132_2b2_LR,ICBHI_132,0,ICBHI,LittC2SE,0.8254490604196459,1
ICBHI_132_2b2_LR_006,ICBHI_132_2b2_LR,ICBHI_132,0,ICBHI,LittC2SE,0.752922046874744,1
ICBHI_136_1b1_AR_000,ICBHI_136_1b1_AR,ICBHI_136,1,ICBHI,Meditron,0.8816149031928324,1
ICBHI_136_1b1_AR_001,ICBHI_136_1b1_AR,ICBHI_136,1,ICBHI,Meditron,0.8378854381136884,1
ICBHI_136_1b1_AR_002,ICBHI_136_1b1_AR,ICBHI_136,1,ICBHI,Meditron,0.8678218637325634,1
ICBHI_136_1b1_AR_003,ICBHI_136_1b1_AR,ICBHI_136,1,ICBHI,Meditron,0.8652240825770433,1
ICBHI_136_1b1_AR_004,ICBHI_136_1b1_AR,ICBHI_136,1,ICBHI,Meditron,0.8254490604196459,1
ICBHI_136_1b1_AR_005,ICBHI_136_1b1_AR,ICBHI_136,1,ICBHI,Meditron,0.8465777097883294,1
ICBHI_136_1b1_AR_006,ICBHI_136_1b1_AR,ICBHI_136,1,ICBHI,Meditron,0.7640123872657761,1
ICBHI_142_1b1_PL_000,ICBHI_142_1b1_PL,ICBHI_142,0,ICBHI,LittC2SE,0.3930937562294669,1
ICBHI_142_1b1_PL_001,ICBHI_142_1b1_PL,ICBHI_142,0,ICBHI,LittC2SE,0.3276683008207139,1
ICBHI_142_1b1_PL_002,ICBHI_142_1b1_PL,ICBHI_142,0,ICBHI,LittC2SE,0.3678378047443496,1
ICBHI_142_1b1_PL_003,ICBHI_142_1b1_PL,ICBHI_142,0,ICBHI,LittC2SE,0.4527778776120744,1
ICBHI_142_1b1_PL_004,ICBHI_142_1b1_PL,ICBHI_142,0,ICBHI,LittC2SE,0.3761646851752893,1
ICBHI_142_1b1_PL_005,ICBHI_142_1b1_PL,ICBHI_142,0,ICBHI,LittC2SE,0.3655699182240736,1
ICBHI_142_1b1_PL_006,ICBHI_142_1b1_PL,ICBHI_142,0,ICBHI,LittC2SE,0.5113505886422122,1
ICBHI_151_2p2_AL_000,ICBHI_151_2p2_AL,ICBHI_151,1,ICBHI,AKGC417L,0.4865221256839884,1
ICBHI_151_2p2_AL_001,ICBHI_151_2p2_AL,ICBHI_151,1,ICBHI,AKGC417L,0.4285323128325006,1
ICBHI_151_2p2_AL_002,ICBHI_151_2p2_AL,ICBHI_151,1,ICBHI,AKGC417L,0.4589245659048253,1
ICBHI_151_2p2_AL_003,ICBHI_151_2p2_AL,ICBHI_151,1,ICBHI,AKGC417L,0.4570458383457447,1
ICBHI_151_2p2_AL_004,ICBHI_151_2p2_AL,ICBHI_151,1,ICBHI,AKGC417L,0.324663488782487,1
ICBHI_151_2p2_AL_005,ICBHI_151_2p2_AL,ICBHI_151,1,ICBHI,AKGC417L,0.2628418373713166,1
ICBHI_151_2p2_AL_006,ICBHI_151_2p2_AL,ICBHI_151,1,ICBHI,AKGC417L,0.3528704959880419,1
ICBHI_151_2p2_AR_000,ICBHI_151_2p2_AR,ICBHI_151,1,ICBHI,AKGC417L,0.7921428414714122,1
ICBHI_151_2p2_AR_001,ICBHI_151_2p2_AR,ICBHI_151,1,ICBHI,AKGC417L,0.7690802370707283,1
ICBHI_151_2p2_AR_002,ICBHI_151_2p2_AR,ICBHI_151,1,ICBHI,AKGC417L,0.7232117371867114,1
ICBHI_151_2p2_AR_003,ICBHI_151_2p2_AR,ICBHI_151,1,ICBHI,AKGC417L,0.6007155038992438,1
ICBHI_151_2p2_AR_004,ICBHI_151_2p2_AR,ICBHI_151,1,ICBHI,AKGC417L,0.5083991732064486,1
ICBHI_151_2p2_AR_005,ICBHI_151_2p2_AR,ICBHI_151,1,ICBHI,AKGC417L,0.6184924388861628,1
ICBHI_151_2p2_AR_006,ICBHI_151_2p2_AR,ICBHI_151,1,ICBHI,AKGC417L,0.6970936525958563,1
ICBHI_151_2p2_LL_000,ICBHI_151_2p2_LL,ICBHI_151,1,ICBHI,AKGC417L,0.1996198690881979,1
ICBHI_151_2p2_LL_001,ICBHI_151_2p2_LL,ICBHI_151,1,ICBHI,AKGC417L,0.1306177466706007,1
ICBHI_151_2p2_LL_002,ICBHI_151_2p2_LL,ICBHI_151,1,ICBHI,AKGC417L,0.129402731591639,1
ICBHI_151_2p2_LL_003,ICBHI_151_2p2_LL,ICBHI_151,1,ICBHI,AKGC417L,0.1598721448723962,1
ICBHI_151_2p2_LL_004,ICBHI_151_2p2_LL,ICBHI_151,1,ICBHI,AKGC417L,0.1490352944786306,1
ICBHI_151_2p2_LL_005,ICBHI_151_2p2_LL,ICBHI_151,1,ICBHI,AKGC417L,0.1473096826344548,1
ICBHI_151_2p2_LL_006,ICBHI_151_2p2_LL,ICBHI_151,1,ICBHI,AKGC417L,0.1857994171537973,1
ICBHI_151_2p2_LR_000,ICBHI_151_2p2_LR,ICBHI_151,1,ICBHI,AKGC417L,0.8014700784725759,1
ICBHI_151_2p2_LR_001,ICBHI_151_2p2_LR,ICBHI_151,1,ICBHI,AKGC417L,0.8237541440584596,1
ICBHI_151_2p2_LR_002,ICBHI_151_2p2_LR,ICBHI_151,1,ICBHI,AKGC417L,0.8662457012426669,1
ICBHI_151_2p2_LR_003,ICBHI_151_2p2_LR,ICBHI_151,1,ICBHI,AKGC417L,0.7756048079953142,1
ICBHI_151_2p2_LR_004,ICBHI_151_2p2_LR,ICBHI_151,1,ICBHI,AKGC417L,0.7661187072796035,1
ICBHI_151_2p2_LR_005,ICBHI_151_2p2_LR,ICBHI_151,1,ICBHI,AKGC417L,0.8364209886066573,1
ICBHI_151_2p2_LR_006,ICBHI_151_2p2_LR,ICBHI_151,1,ICBHI,AKGC417L,0.8401278551276037,1
ICBHI_151_2p2_PL_000,ICBHI_151_2p2_PL,ICBHI_151,1,ICBHI,AKGC417L,0.6422081173490422,1
ICBHI_151_2p2_PL_001,ICBHI_151_2p2_PL,ICBHI_151,1,ICBHI,AKGC417L,0.8480936125142572,1
ICBHI_151_2p2_PL_002,ICBHI_151_2p2_PL,ICBHI_151,1,ICBHI,AKGC417L,0.9150528966571873,1
ICBHI_151_2p2_PL_003,ICBHI_151_2p2_PL,ICBHI_151,1,ICBHI,AKGC417L,0.8967949426280529,1
ICBHI_151_2p2_PL_004,ICBHI_151_2p2_PL,ICBHI_151,1,ICBHI,AKGC417L,0.9210741144349998,1
ICBHI_151_2p2_PL_005,ICBHI_151_2p2_PL,ICBHI_151,1,ICBHI,AKGC417L,0.9647224530933884,1
ICBHI_151_2p2_PL_006,ICBHI_151_2p2_PL,ICBHI_151,1,ICBHI,AKGC417L,0.9267027235112548,1
ICBHI_151_2p2_PR_000,ICBHI_151_2p2_PR,ICBHI_151,1,ICBHI,AKGC417L,0.8203255523733545,1
ICBHI_151_2p2_PR_001,ICBHI_151_2p2_PR,ICBHI_151,1,ICBHI,AKGC417L,0.8381505627344117,1
ICBHI_151_2p2_PR_002,ICBHI_151_2p2_PR,ICBHI_151,1,ICBHI,AKGC417L,0.8677098048603524,1
ICBHI_151_2p2_PR_003,ICBHI_151_2p2_PR,ICBHI_151,1,ICBHI,AKGC417L,0.8689380318690634,1
ICBHI_151_2p2_PR_004,ICBHI_151_2p2_PR,ICBHI_151,1,ICBHI,AKGC417L,0.8210441123099046,1
ICBHI_151_2p2_PR_005,ICBHI_151_2p2_PR,ICBHI_151,1,ICBHI,AKGC417L,0.8144958663763225,1
ICBHI_151_2p2_PR_006,ICBHI_151_2p2_PR,ICBHI_151,1,ICBHI,AKGC417L,0.8759993047687339,1
ICBHI_151_2p2_TC_000,ICBHI_151_2p2_TC,ICBHI_151,1,ICBHI,AKGC417L,0.4737333097543531,1
ICBHI_151_2p2_TC_001,ICBHI_151_2p2_TC,ICBHI_151,1,ICBHI,AKGC417L,0.2758119044712017,1
ICBHI_151_2p2_TC_002,ICBHI_151_2p2_TC,ICBHI_151,1,ICBHI,AKGC417L,0.3427915051523946,1
ICBHI_151_2p2_TC_003,ICBHI_151_2p2_TC,ICBHI_151,1,ICBHI,AKGC417L,0.3539862998097729,1
ICBHI_151_2p2_TC_004,ICBHI_151_2p2_TC,ICBHI_151,1,ICBHI,AKGC417L,0.2727019290193462,1
ICBHI_151_2p2_TC_005,ICBHI_151_2p2_TC,ICBHI_151,1,ICBHI,AKGC417L,0.2555293910089573,1
ICBHI_151_2p2_TC_006,ICBHI_151_2p2_TC,ICBHI_151,1,ICBHI,AKGC417L,0.307046255678764,1
ICBHI_151_2p3_AL_000,ICBHI_151_2p3_AL,ICBHI_151,1,ICBHI,AKGC417L,0.4369223353818409,1
ICBHI_151_2p3_AL_001,ICBHI_151_2p3_AL,ICBHI_151,1,ICBHI,AKGC417L,0.6381590537382538,1
ICBHI_151_2p3_AL_002,ICBHI_151_2p3_AL,ICBHI_151,1,ICBHI,AKGC417L,0.657758296956317,1
ICBHI_151_2p3_AL_003,ICBHI_151_2p3_AL,ICBHI_151,1,ICBHI,AKGC417L,0.6119618789264982,1
ICBHI_151_2p3_AL_004,ICBHI_151_2p3_AL,ICBHI_151,1,ICBHI,AKGC417L,0.449241614418284,1
ICBHI_151_2p3_AL_005,ICBHI_151_2p3_AL,ICBHI_151,1,ICBHI,AKGC417L,0.4880546416122057,1
ICBHI_151_2p3_AL_006,ICBHI_151_2p3_AL,ICBHI_151,1,ICBHI,AKGC417L,0.4641121127855538,1
ICBHI_151_2p3_AR_000,ICBHI_151_2p3_AR,ICBHI_151,1,ICBHI,AKGC417L,0.7650671829603317,1
ICBHI_151_2p3_AR_001,ICBHI_151_2p3_AR,ICBHI_151,1,ICBHI,AKGC417L,0.8210441123099046,1
ICBHI_151_2p3_AR_002,ICBHI_151_2p3_AR,ICBHI_151,1,ICBHI,AKGC417L,0.776453478633872,1
ICBHI_151_2p3_AR_003,ICBHI_151_2p3_AR,ICBHI_151,1,ICBHI,AKGC417L,0.7478001741652905,1
ICBHI_151_2p3_AR_004,ICBHI_151_2p3_AR,ICBHI_151,1,ICBHI,AKGC417L,0.6653018393493688,1
ICBHI_151_2p3_AR_005,ICBHI_151_2p3_AR,ICBHI_151,1,ICBHI,AKGC417L,0.567996518147506,1
ICBHI_151_2p3_AR_006,ICBHI_151_2p3_AR,ICBHI_151,1,ICBHI,AKGC417L,0.4872311704658784,1
ICBHI_151_2p3_LL_000,ICBHI_151_2p3_LL,ICBHI_151,1,ICBHI,AKGC417L,0.4723031614191667,1
ICBHI_151_2p3_LL_001,ICBHI_151_2p3_LL,ICBHI_151,1,ICBHI,AKGC417L,0.4458009497794614,1
ICBHI_151_2p3_LL_002,ICBHI_151_2p3_LL,ICBHI_151,1,ICBHI,AKGC417L,0.4587427016513141,1
ICBHI_151_2p3_LL_003,ICBHI_151_2p3_LL,ICBHI_151,1,ICBHI,AKGC417L,0.4308656218427439,1
ICBHI_151_2p3_LL_004,ICBHI_151_2p3_LL,ICBHI_151,1,ICBHI,AKGC417L,0.4064496204999124,1
ICBHI_151_2p3_LL_005,ICBHI_151_2p3_LL,ICBHI_151,1,ICBHI,AKGC417L,0.4285323128325006,1
ICBHI_151_2p3_LL_006,ICBHI_151_2p3_LL,ICBHI_151,1,ICBHI,AKGC417L,0.3603764850096888,1
ICBHI_151_2p3_LR_000,ICBHI_151_2p3_LR,ICBHI_151,1,ICBHI,AKGC417L,0.6352224414795979,1
ICBHI_151_2p3_LR_001,ICBHI_151_2p3_LR,ICBHI_151,1,ICBHI,AKGC417L,0.7405498035298201,1
ICBHI_151_2p3_LR_002,ICBHI_151_2p3_LR,ICBHI_151,1,ICBHI,AKGC417L,0.7937461896031696,1
ICBHI_151_2p3_LR_003,ICBHI_151_2p3_LR,ICBHI_151,1,ICBHI,AKGC417L,0.8286616786847617,1
ICBHI_151_2p3_LR_004,ICBHI_151_2p3_LR,ICBHI_151,1,ICBHI,AKGC417L,0.7740714376449187,1
ICBHI_151_2p3_LR_005,ICBHI_151_2p3_LR,ICBHI_151,1,ICBHI,AKGC417L,0.7934262538533098,1
ICBHI_151_2p3_LR_006,ICBHI_151_2p3_LR,ICBHI_151,1,ICBHI,AKGC417L,0.7588681879577549,1
ICBHI_151_2p3_PL_000,ICBHI_151_2p3_PL,ICBHI_151,1,ICBHI,AKGC417L,0.9119668847111934,1
ICBHI_151_2p3_PL_001,ICBHI_151_2p3_PL,ICBHI_151,1,ICBHI,AKGC417L,0.9076402020521152,1
ICBHI_151_2p3_PL_002,ICBHI_151_2p3_PL,ICBHI_151,1,ICBHI,AKGC417L,0.906983195331138,1
ICBHI_151_2p3_PL_003,ICBHI_151_2p3_PL,ICBHI_151,1,ICBHI,AKGC417L,0.820756958364011,1
ICBHI_151_2p3_PL_004,ICBHI_151_2p3_PL,ICBHI_151,1,ICBHI,AKGC417L,0.9144436500485807,1
ICBHI_151_2p3_PL_005,ICBHI_151_2p3_PL,ICBHI_151,1,ICBHI,AKGC417L,0.909746767946179,1
ICBHI_151_2p3_PL_006,ICBHI_151_2p3_PL,ICBHI_151,1,ICBHI,AKGC417L,0.9061560406079822,1
ICBHI_151_2p3_PR_000,ICBHI_151_2p3_PR,ICBHI_151,1,ICBHI,AKGC417L,0.7135314293191015,1
ICBHI_151_2p3_PR_001,ICBHI_151_2p3_PR,ICBHI_151,1,ICBHI,AKGC417L,0.7577943712746406,1
ICBHI_151_2p3_PR_002,ICBHI_151_2p3_PR,ICBHI_151,1,ICBHI,AKGC417L,0.8184467555636957,1
ICBHI_151_2p3_PR_003,ICBHI_151_2p3_PR,ICBHI_151,1,ICBHI,AKGC417L,0.8115267002059541,1
ICBHI_151_2p3_PR_004,ICBHI_151_2p3_PR,ICBHI_151,1,ICBHI,AKGC417L,0.75110085962349,1
ICBHI_151_2p3_PR_005,ICBHI_151_2p3_PR,ICBHI_151,1,ICBHI,AKGC417L,0.7783124988012587,1
ICBHI_151_2p3_PR_006,ICBHI_151_2p3_PR,ICBHI_151,1,ICBHI,AKGC417L,0.775264699264738,1
ICBHI_151_2p3_TC_000,ICBHI_151_2p3_TC,ICBHI_151,1,ICBHI,AKGC417L,0.2427437556497323,1
ICBHI_151_2p3_TC_001,ICBHI_151_2p3_TC,ICBHI_151,1,ICBHI,AKGC417L,0.3441127505919393,1
ICBHI_151_2p3_TC_002,ICBHI_151_2p3_TC,ICBHI_151,1,ICBHI,AKGC417L,0.3885020202945785,1
ICBHI_151_2p3_TC_003,ICBHI_151_2p3_TC,ICBHI_151,1,ICBHI,AKGC417L,0.4028031456313772,1
ICBHI_151_2p3_TC_004,ICBHI_151_2p3_TC,ICBHI_151,1,ICBHI,AKGC417L,0.251280066152955,1
ICBHI_151_2p3_TC_005,ICBHI_151_2p3_TC,ICBHI_151,1,ICBHI,AKGC417L,0.2494472434633411,1
ICBHI_151_2p3_TC_006,ICBHI_151_2p3_TC,ICBHI_151,1,ICBHI,AKGC417L,0.3806438272305297,1
ICBHI_151_2p4_AL_000,ICBHI_151_2p4_AL,ICBHI_151,1,ICBHI,AKGC417L,0.4867889642821617,1
ICBHI_151_2p4_AL_001,ICBHI_151_2p4_AL,ICBHI_151,1,ICBHI,AKGC417L,0.5212426982176857,1
ICBHI_151_2p4_AL_002,ICBHI_151_2p4_AL,ICBHI_151,1,ICBHI,AKGC417L,0.4532315972669758,1
ICBHI_151_2p4_AL_003,ICBHI_151_2p4_AL,ICBHI_151,1,ICBHI,AKGC417L,0.2878679030352921,1
ICBHI_151_2p4_AL_004,ICBHI_151_2p4_AL,ICBHI_151,1,ICBHI,AKGC417L,0.5314525553714766,1
ICBHI_151_2p4_AL_005,ICBHI_151_2p4_AL,ICBHI_151,1,ICBHI,AKGC417L,0.5295218963655688,1
ICBHI_151_2p4_AL_006,ICBHI_151_2p4_AL,ICBHI_151,1,ICBHI,AKGC417L,0.2266124375703747,1
ICBHI_151_2p4_AR_000,ICBHI_151_2p4_AR,ICBHI_151,1,ICBHI,AKGC417L,0.671362843927274,1
ICBHI_151_2p4_AR_001,ICBHI_151_2p4_AR,ICBHI_151,1,ICBHI,AKGC417L,0.7189891779798493,1
ICBHI_151_2p4_AR_002,ICBHI_151_2p4_AR,ICBHI_151,1,ICBHI,AKGC417L,0.7200730963256841,1
ICBHI_151_2p4_AR_003,ICBHI_151_2p4_AR,ICBHI_151,1,ICBHI,AKGC417L,0.6273806568317251,1
ICBHI_151_2p4_AR_004,ICBHI_151_2p4_AR,ICBHI_151,1,ICBHI,AKGC417L,0.7411123045411034,1
ICBHI_151_2p4_AR_005,ICBHI_151_2p4_AR,ICBHI_151,1,ICBHI,AKGC417L,0.6948206050703335,1
ICBHI_151_2p4_AR_006,ICBHI_151_2p4_AR,ICBHI_151,1,ICBHI,AKGC417L,0.4905635595791709,1
ICBHI_151_2p4_LL_000,ICBHI_151_2p4_LL,ICBHI_151,1,ICBHI,AKGC417L,0.2677909591785851,1
ICBHI_151_2p4_LL_001,ICBHI_151_2p4_LL,ICBHI_151,1,ICBHI,AKGC417L,0.2603894608730207,1
ICBHI_151_2p4_LL_002,ICBHI_151_2p4_LL,ICBHI_151,1,ICBHI,AKGC417L,0.2544163355294369,1
ICBHI_151_2p4_LL_003,ICBHI_151_2p4_LL,ICBHI_151,1,ICBHI,AKGC417L,0.2310932419250428,1
ICBHI_151_2p4_LL_004,ICBHI_151_2p4_LL,ICBHI_151,1,ICBHI,AKGC417L,0.4533223505475381,1
ICBHI_151_2p4_LL_005,ICBHI_151_2p4_LL,ICBHI_151,1,ICBHI,AKGC417L,0.3893723754377076,1
ICBHI_151_2p4_LL_006,ICBHI_151_2p4_LL,ICBHI_151,1,ICBHI,AKGC417L,0.2106039070171597,1
ICBHI_151_2p4_LR_000,ICBHI_151_2p4_LR,ICBHI_151,1,ICBHI,AKGC417L,0.7067979363758436,1
ICBHI_151_2p4_LR_001,ICBHI_151_2p4_LR,ICBHI_151,1,ICBHI,AKGC417L,0.5503657140662637,1
ICBHI_151_2p4_LR_002,ICBHI_151_2p4_LR,ICBHI_151,1,ICBHI,AKGC417L,0.6674728809308692,1
ICBHI_151_2p4_LR_003,ICBHI_151_2p4_LR,ICBHI_151,1,ICBHI,AKGC417L,0.7568970420586438,1
ICBHI_151_2p4_LR_004,ICBHI_151_2p4_LR,ICBHI_151,1,ICBHI,AKGC417L,0.7913377270134009,1
ICBHI_151_2p4_LR_005,ICBHI_151_2p4_LR,ICBHI_151,1,ICBHI,AKGC417L,0.6559974456887213,1
ICBHI_151_2p4_LR_006,ICBHI_151_2p4_LR,ICBHI_151,1,ICBHI,AKGC417L,0.5057980799317249,1
ICBHI_151_2p4_PL_000,ICBHI_151_2p4_PL,ICBHI_151,1,ICBHI,AKGC417L,0.9084555967245084,1
ICBHI_151_2p4_PL_001,ICBHI_151_2p4_PL,ICBHI_151,1,ICBHI,AKGC417L,0.8510885144206358,1
ICBHI_151_2p4_PL_002,ICBHI_151_2p4_PL,ICBHI_151,1,ICBHI,AKGC417L,0.8828325306746402,1
ICBHI_151_2p4_PL_003,ICBHI_151_2p4_PL,ICBHI_151,1,ICBHI,AKGC417L,0.9808759632491112,1
ICBHI_151_2p4_PL_004,ICBHI_151_2p4_PL,ICBHI_151,1,ICBHI,AKGC417L,0.981979260068153,1
ICBHI_151_2p4_PL_005,ICBHI_151_2p4_PL,ICBHI_151,1,ICBHI,AKGC417L,0.9796676466573412,1
ICBHI_151_2p4_PL_006,ICBHI_151_2p4_PL,ICBHI_151,1,ICBHI,AKGC417L,0.9752018398044144,1
ICBHI_151_2p4_PR_000,ICBHI_151_2p4_PR,ICBHI_151,1,ICBHI,AKGC417L,0.7995988509311733,1
ICBHI_151_2p4_PR_001,ICBHI_151_2p4_PR,ICBHI_151,1,ICBHI,AKGC417L,0.7750945076834656,1
ICBHI_151_2p4_PR_002,ICBHI_151_2p4_PR,ICBHI_151,1,ICBHI,AKGC417L,0.823895879756849,1
ICBHI_151_2p4_PR_003,ICBHI_151_2p4_PR,ICBHI_151,1,ICBHI,AKGC417L,0.6492451095313699,1
ICBHI_151_2p4_PR_004,ICBHI_151_2p4_PR,ICBHI_151,1,ICBHI,AKGC417L,0.5893028107588073,1
ICBHI_151_2p4_PR_005,ICBHI_151_2p4_PR,ICBHI_151,1,ICBHI,AKGC417L,0.4993476871376678,1
ICBHI_151_2p4_PR_006,ICBHI_151_2p4_PR,ICBHI_151,1,ICBHI,AKGC417L,0.4867737161579543,1
ICBHI_151_2p4_TC_000,ICBHI_151_2p4_TC,ICBHI_151,1,ICBHI,AKGC417L,0.4980592825121854,1
ICBHI_151_2p4_TC_001,ICBHI_151_2p4_TC,ICBHI_151,1,ICBHI,AKGC417L,0.4724248588072593,1
ICBHI_151_2p4_TC_002,ICBHI_151_2p4_TC,ICBHI_151,1,ICBHI,AKGC417L,0.4353613075915547,1
ICBHI_151_2p4_TC_003,ICBHI_151_2p4_TC,ICBHI_151,1,ICBHI,AKGC417L,0.2875677034432663,1
ICBHI_151_2p4_TC_004,ICBHI_151_2p4_TC,ICBHI_151,1,ICBHI,AKGC417L,0.2899745173571871,1
ICBHI_151_2p4_TC_005,ICBHI_151_2p4_TC,ICBHI_151,1,ICBHI,AKGC417L,0.3325271190691307,1
ICBHI_151_2p4_TC_006,ICBHI_151_2p4_TC,ICBHI_151,1,ICBHI,AKGC417L,0.3265935150371867,1
ICBHI_151_3p2_AL_000,ICBHI_151_3p2_AL,ICBHI_151,1,ICBHI,AKGC417L,0.5837373641748315,1
ICBHI_151_3p2_AL_001,ICBHI_151_3p2_AL,ICBHI_151,1,ICBHI,AKGC417L,0.5085440900876863,1
ICBHI_151_3p2_AL_002,ICBHI_151_3p2_AL,ICBHI_151,1,ICBHI,AKGC417L,0.5297347693033676,1
ICBHI_151_3p2_AL_003,ICBHI_151_3p2_AL,ICBHI_151,1,ICBHI,AKGC417L,0.5569719605289388,1
ICBHI_151_3p2_AL_004,ICBHI_151_3p2_AL,ICBHI_151,1,ICBHI,AKGC417L,0.5701518453560085,1
ICBHI_151_3p2_AL_005,ICBHI_151_3p2_AL,ICBHI_151,1,ICBHI,AKGC417L,0.6269239531810554,1
ICBHI_151_3p2_AL_006,ICBHI_151_3p2_AL,ICBHI_151,1,ICBHI,AKGC417L,0.5465868930691977,1
ICBHI_151_3p2_AR_000,ICBHI_151_3p2_AR,ICBHI_151,1,ICBHI,AKGC417L,0.7051763042826238,1
ICBHI_151_3p2_AR_001,ICBHI_151_3p2_AR,ICBHI_151,1,ICBHI,AKGC417L,0.686264929763046,1
ICBHI_151_3p2_AR_002,ICBHI_151_3p2_AR,ICBHI_151,1,ICBHI,AKGC417L,0.6513548646660542,1
ICBHI_151_3p2_AR_003,ICBHI_151_3p2_AR,ICBHI_151,1,ICBHI,AKGC417L,0.5839153230184654,1
ICBHI_151_3p2_AR_004,ICBHI_151_3p2_AR,ICBHI_151,1,ICBHI,AKGC417L,0.6592954869730118,1
ICBHI_151_3p2_AR_005,ICBHI_151_3p2_AR,ICBHI_151,1,ICBHI,AKGC417L,0.7980294227064512,1
ICBHI_151_3p2_AR_006,ICBHI_151_3p2_AR,ICBHI_151,1,ICBHI,AKGC417L,0.7680379962688904,1
ICBHI_151_3p2_LR_000,ICBHI_151_3p2_LR,ICBHI_151,1,ICBHI,AKGC417L,0.7124322965567338,1
ICBHI_151_3p2_LR_001,ICBHI_151_3p2_LR,ICBHI_151,1,ICBHI,AKGC417L,0.7440988805974809,1
ICBHI_151_3p2_LR_002,ICBHI_151_3p2_LR,ICBHI_151,1,ICBHI,AKGC417L,0.7554566279168844,1
ICBHI_151_3p2_LR_003,ICBHI_151_3p2_LR,ICBHI_151,1,ICBHI,AKGC417L,0.7759445507683053,1
ICBHI_151_3p2_LR_004,ICBHI_151_3p2_LR,ICBHI_151,1,ICBHI,AKGC417L,0.7052778090939756,1
ICBHI_151_3p2_LR_005,ICBHI_151_3p2_LR,ICBHI_151,1,ICBHI,AKGC417L,0.7714993677488416,1
ICBHI_151_3p2_LR_006,ICBHI_151_3p2_LR,ICBHI_151,1,ICBHI,AKGC417L,0.7951813604438017,1
ICBHI_151_3p2_PL_000,ICBHI_151_3p2_PL,ICBHI_151,1,ICBHI,AKGC417L,0.5336708866897778,1
ICBHI_151_3p2_PL_001,ICBHI_151_3p2_PL,ICBHI_151,1,ICBHI,AKGC417L,0.5446500287496117,1
ICBHI_151_3p2_PL_002,ICBHI_151_3p2_PL,ICBHI_151,1,ICBHI,AKGC417L,0.4423353594030606,1
ICBHI_151_3p2_PL_003,ICBHI_151_3p2_PL,ICBHI_151,1,ICBHI,AKGC417L,0.4770516564645718,1
ICBHI_151_3p2_PL_004,ICBHI_151_3p2_PL,ICBHI_151,1,ICBHI,AKGC417L,0.5381641503305545,1
ICBHI_151_3p2_PL_005,ICBHI_151_3p2_PL,ICBHI_151,1,ICBHI,AKGC417L,0.584211872461036,1
ICBHI_151_3p2_PL_006,ICBHI_151_3p2_PL,ICBHI_151,1,ICBHI,AKGC417L,0.5101762068900411,1
ICBHI_151_3p2_PR_000,ICBHI_151_3p2_PR,ICBHI_151,1,ICBHI,AKGC417L,0.5581764775304007,1
ICBHI_151_3p2_PR_001,ICBHI_151_3p2_PR,ICBHI_151,1,ICBHI,AKGC417L,0.6131207379015873,1
ICBHI_151_3p2_PR_002,ICBHI_151_3p2_PR,ICBHI_151,1,ICBHI,AKGC417L,0.6494674656774815,1
ICBHI_151_3p2_PR_003,ICBHI_151_3p2_PR,ICBHI_151,1,ICBHI,AKGC417L,0.6396235149903111,1
ICBHI_151_3p2_PR_004,ICBHI_151_3p2_PR,ICBHI_151,1,ICBHI,AKGC417L,0.7416740114308128,1
ICBHI_151_3p2_PR_005,ICBHI_151_3p2_PR,ICBHI_151,1,ICBHI,AKGC417L,0.753285208061513,1
ICBHI_151_3p2_PR_006,ICBHI_151_3p2_PR,ICBHI_151,1,ICBHI,AKGC417L,0.6302298796590904,1
ICBHI_151_3p2_TC_000,ICBHI_151_3p2_TC,ICBHI_151,1,ICBHI,AKGC417L,0.9894702878753826,1
ICBHI_151_3p2_TC_001,ICBHI_151_3p2_TC,ICBHI_151,1,ICBHI,AKGC417L,0.990659975614946,1
ICBHI_151_3p2_TC_002,ICBHI_151_3p2_TC,ICBHI_151,1,ICBHI,AKGC417L,0.9951136252099114,1
ICBHI_151_3p2_TC_003,ICBHI_151_3p2_TC,ICBHI_151,1,ICBHI,AKGC417L,0.9735442241838218,1
ICBHI_151_3p2_TC_004,ICBHI_151_3p2_TC,ICBHI_151,1,ICBHI,AKGC417L,0.958615281153156,1
ICBHI_151_3p2_TC_005,ICBHI_151_3p2_TC,ICBHI_151,1,ICBHI,AKGC417L,0.9836598719063984,1
ICBHI_151_3p2_TC_006,ICBHI_151_3p2_TC,ICBHI_151,1,ICBHI,AKGC417L,0.9631612965532385,1
ICBHI_151_3p3_LL_000,ICBHI_151_3p3_LL,ICBHI_151,1,ICBHI,AKGC417L,0.3711366289627291,1
ICBHI_151_3p3_LL_001,ICBHI_151_3p3_LL,ICBHI_151,1,ICBHI,AKGC417L,0.5654187279954855,1
ICBHI_151_3p3_LL_002,ICBHI_151_3p3_LL,ICBHI_151,1,ICBHI,AKGC417L,0.8137569775733345,1
ICBHI_151_3p3_LL_003,ICBHI_151_3p3_LL,ICBHI_151,1,ICBHI,AKGC417L,0.7107287003278533,1
ICBHI_151_3p3_LL_004,ICBHI_151_3p3_LL,ICBHI_151,1,ICBHI,AKGC417L,0.6193561727694702,1
ICBHI_151_3p3_LL_005,ICBHI_151_3p3_LL,ICBHI_151,1,ICBHI,AKGC417L,0.5101075705901358,1
ICBHI_151_3p3_LL_006,ICBHI_151_3p3_LL,ICBHI_151,1,ICBHI,AKGC417L,0.407215527988482,1
ICBHI_157_1b1_AL_000,ICBHI_157_1b1_AL,ICBHI_157,1,ICBHI,Meditron,0.4969864256518426,1
ICBHI_157_1b1_AL_001,ICBHI_157_1b1_AL,ICBHI_157,1,ICBHI,Meditron,0.3815075611138371,1
ICBHI_157_1b1_AL_002,ICBHI_157_1b1_AL,ICBHI_157,1,ICBHI,Meditron,0.4307458893450617,1
ICBHI_157_1b1_AL_003,ICBHI_157_1b1_AL,ICBHI_157,1,ICBHI,Meditron,0.5937859520288229,1
ICBHI_157_1b1_AL_004,ICBHI_157_1b1_AL,ICBHI_157,1,ICBHI,Meditron,0.644784477408059,1
ICBHI_157_1b1_AL_005,ICBHI_157_1b1_AL,ICBHI_157,1,ICBHI,Meditron,0.6505782713191418,1
ICBHI_157_1b1_AL_006,ICBHI_157_1b1_AL,ICBHI_157,1,ICBHI,Meditron,0.5607037199863354,1
ICBHI_157_1b1_AL_007,ICBHI_157_1b1_AL,ICBHI_157,1,ICBHI,Meditron,0.5079033944026038,1
ICBHI_157_1b1_AL_008,ICBHI_157_1b1_AL,ICBHI_157,1,ICBHI,Meditron,0.4789400795796606,1
ICBHI_157_1b1_AL_009,ICBHI_157_1b1_AL,ICBHI_157,1,ICBHI,Meditron,0.4451978500411283,1
ICBHI_157_1b1_AL_010,ICBHI_157_1b1_AL,ICBHI_157,1,ICBHI,Meditron,0.4977779534713924,1
ICBHI_157_1b1_AL_011,ICBHI_157_1b1_AL,ICBHI_157,1,ICBHI,Meditron,0.5433782233365617,1
ICBHI_157_1b1_AL_012,ICBHI_157_1b1_AL,ICBHI_157,1,ICBHI,Meditron,0.5893028107588073,1
ICBHI_157_1b1_AL_013,ICBHI_157_1b1_AL,ICBHI_157,1,ICBHI,Meditron,0.4225046348141882,1
ICBHI_157_1b1_AL_014,ICBHI_157_1b1_AL,ICBHI_157,1,ICBHI,Meditron,0.2971639080970202,1
ICBHI_157_1b1_AL_015,ICBHI_157_1b1_AL,ICBHI_157,1,ICBHI,Meditron,0.4365019344020803,1
ICBHI_157_1b1_AL_016,ICBHI_157_1b1_AL,ICBHI_157,1,ICBHI,Meditron,0.433621673168878,1
ICBHI_157_1b1_AL_017,ICBHI_157_1b1_AL,ICBHI_157,1,ICBHI,Meditron,0.4890306910260677,1
ICBHI_157_1b1_AL_018,ICBHI_157_1b1_AL,ICBHI_157,1,ICBHI,Meditron,0.4195884939160213,1
ICBHI_157_1b1_AL_019,ICBHI_157_1b1_AL,ICBHI_157,1,ICBHI,Meditron,0.3509773114397458,1
ICBHI_157_1b1_AL_020,ICBHI_157_1b1_AL,ICBHI_157,1,ICBHI,Meditron,0.4721510443145325,1
ICBHI_157_1b1_AL_021,ICBHI_157_1b1_AL,ICBHI_157,1,ICBHI,Meditron,0.4648408374946266,1
ICBHI_157_1b1_AL_022,ICBHI_157_1b1_AL,ICBHI_157,1,ICBHI,Meditron,0.4102836355002066,1
ICBHI_157_1b1_AL_023,ICBHI_157_1b1_AL,ICBHI_157,1,ICBHI,Meditron,0.4525056834306961,1
ICBHI_157_1b1_AL_024,ICBHI_157_1b1_AL,ICBHI_157,1,ICBHI,Meditron,0.4314045179262274,1
ICBHI_157_1b1_AR_000,ICBHI_157_1b1_AR,ICBHI_157,1,ICBHI,Meditron,0.7241880955287983,1
ICBHI_157_1b1_AR_001,ICBHI_157_1b1_AR,ICBHI_157,1,ICBHI,Meditron,0.7640123872657761,1
ICBHI_157_1b1_AR_002,ICBHI_157_1b1_AR,ICBHI_157,1,ICBHI,Meditron,0.7016108647045637,1
ICBHI_157_1b1_AR_003,ICBHI_157_1b1_AR,ICBHI_157,1,ICBHI,Meditron,0.643777325964941,1
ICBHI_157_1b1_AR_004,ICBHI_157_1b1_AR,ICBHI_157,1,ICBHI,Meditron,0.8047130321052022,1
ICBHI_157_1b1_AR_005,ICBHI_157_1b1_AR,ICBHI_157,1,ICBHI,Meditron,0.8251674695862236,1
ICBHI_157_1b1_AR_006,ICBHI_157_1b1_AR,ICBHI_157,1,ICBHI,Meditron,0.8743993415637574,1
ICBHI_157_1b1_AR_007,ICBHI_157_1b1_AR,ICBHI_157,1,ICBHI,Meditron,0.8639664995920113,1
ICBHI_157_1b1_AR_008,ICBHI_157_1b1_AR,ICBHI_157,1,ICBHI,Meditron,0.804405915893501,1
ICBHI_157_1b1_AR_009,ICBHI_157_1b1_AR,ICBHI_157,1,ICBHI,Meditron,0.7272012166848617,1
ICBHI_157_1b1_AR_010,ICBHI_157_1b1_AR,ICBHI_157,1,ICBHI,Meditron,0.7624240662773001,1
ICBHI_157_1b1_AR_011,ICBHI_157_1b1_AR,ICBHI_157,1,ICBHI,Meditron,0.7647159477410339,1
ICBHI_157_1b1_AR_012,ICBHI_157_1b1_AR,ICBHI_157,1,ICBHI,Meditron,0.5369199842036225,1
ICBHI_157_1b1_AR_013,ICBHI_157_1b1_AR,ICBHI_157,1,ICBHI,Meditron,0.449060402716219,1
ICBHI_157_1b1_AR_014,ICBHI_157_1b1_AR,ICBHI_157,1,ICBHI,Meditron,0.5813030906443133,1
ICBHI_157_1b1_AR_015,ICBHI_157_1b1_AR,ICBHI_157,1,ICBHI,Meditron,0.4504802525505403,1
ICBHI_157_1b1_AR_016,ICBHI_157_1b1_AR,ICBHI_157,1,ICBHI,Meditron,0.6399611000948526,1
ICBHI_157_1b1_AR_017,ICBHI_157_1b1_AR,ICBHI_157,1,ICBHI,Meditron,0.7261344019271646,1
ICBHI_157_1b1_AR_018,ICBHI_157_1b1_AR,ICBHI_157,1,ICBHI,Meditron,0.6511330626565769,1
ICBHI_157_1b1_AR_019,ICBHI_157_1b1_AR,ICBHI_157,1,ICBHI,Meditron,0.6134102531835981,1
ICBHI_157_1b1_AR_020,ICBHI_157_1b1_AR,ICBHI_157,1,ICBHI,Meditron,0.6895147220409511,1
ICBHI_157_1b1_AR_021,ICBHI_157_1b1_AR,ICBHI_157,1,ICBHI,Meditron,0.5453159812403523,1
ICBHI_157_1b1_AR_022,ICBHI_157_1b1_AR,ICBHI_157,1,ICBHI,Meditron,0.4554710707509261,1
ICBHI_157_1b1_AR_023,ICBHI_157_1b1_AR,ICBHI_157,1,ICBHI,Meditron,0.4351812708304846,1
ICBHI_157_1b1_AR_024,ICBHI_157_1b1_AR,ICBHI_157,1,ICBHI,Meditron,0.3376401902406976,1
ICBHI_157_1b1_LR_000,ICBHI_157_1b1_LR,ICBHI_157,1,ICBHI,Meditron,0.6760854755807713,1
ICBHI_157_1b1_LR_001,ICBHI_157_1b1_LR,ICBHI_157,1,ICBHI,Meditron,0.6978148841171741,1
ICBHI_157_1b1_LR_002,ICBHI_157_1b1_LR,ICBHI_157,1,ICBHI,Meditron,0.7331653714055038,1
ICBHI_157_1b1_LR_003,ICBHI_157_1b1_LR,ICBHI_157,1,ICBHI,Meditron,0.7784809512005694,1
ICBHI_157_1b1_LR_004,ICBHI_157_1b1_LR,ICBHI_157,1,ICBHI,Meditron,0.7291342133145163,1
ICBHI_157_1b1_LR_005,ICBHI_157_1b1_LR,ICBHI_157,1,ICBHI,Meditron,0.6886778372765373,1
ICBHI_157_1b1_LR_006,ICBHI_157_1b1_LR,ICBHI_157,1,ICBHI,Meditron,0.7682119308365938,1
ICBHI_157_1b1_LR_007,ICBHI_157_1b1_LR,ICBHI_157,1,ICBHI,Meditron,0.7991289841772278,1
ICBHI_157_1b1_LR_008,ICBHI_157_1b1_LR,ICBHI_157,1,ICBHI,Meditron,0.7923035891138168,1
ICBHI_157_1b1_LR_009,ICBHI_157_1b1_LR,ICBHI_157,1,ICBHI,Meditron,0.776622938216557,1
ICBHI_157_1b1_LR_010,ICBHI_157_1b1_LR,ICBHI_157,1,ICBHI,Meditron,0.8059378442492656,1
ICBHI_157_1b1_LR_011,ICBHI_157_1b1_LR,ICBHI_157,1,ICBHI,Meditron,0.6352224414795979,1
ICBHI_157_1b1_LR_012,ICBHI_157_1b1_LR,ICBHI_157,1,ICBHI,Meditron,0.4261424727105188,1
ICBHI_157_1b1_LR_013,ICBHI_157_1b1_LR,ICBHI_157,1,ICBHI,Meditron,0.6544531744610249,1
ICBHI_157_1b1_LR_014,ICBHI_157_1b1_LR,ICBHI_157,1,ICBHI,Meditron,0.51872902598619,1
ICBHI_157_1b1_LR_015,ICBHI_157_1b1_LR,ICBHI_157,1,ICBHI,Meditron,0.51094643178353,1
ICBHI_157_1b1_LR_016,ICBHI_157_1b1_LR,ICBHI_157,1,ICBHI,Meditron,0.5654787173666718,1
ICBHI_157_1b1_LR_017,ICBHI_157_1b1_LR,ICBHI_157,1,ICBHI,Meditron,0.6041070143580886,1
ICBHI_157_1b1_LR_018,ICBHI_157_1b1_LR,ICBHI_157,1,ICBHI,Meditron,0.6161854953324286,1
ICBHI_157_1b1_LR_019,ICBHI_157_1b1_LR,ICBHI_157,1,ICBHI,Meditron,0.6599532604307196,1
ICBHI_157_1b1_LR_020,ICBHI_157_1b1_LR,ICBHI_157,1,ICBHI,Meditron,0.6413100537906452,1
ICBHI_157_1b1_LR_021,ICBHI_157_1b1_LR,ICBHI_157,1,ICBHI,Meditron,0.657758296956317,1
ICBHI_157_1b1_LR_022,ICBHI_157_1b1_LR,ICBHI_157,1,ICBHI,Meditron,0.5897163644997935,1
ICBHI_157_1b1_LR_023,ICBHI_157_1b1_LR,ICBHI_157,1,ICBHI,Meditron,0.4916999812639051,1
ICBHI_157_1b1_LR_024,ICBHI_157_1b1_LR,ICBHI_157,1,ICBHI,Meditron,0.5811842432491588,1
ICBHI_157_1b1_PL_000,ICBHI_157_1b1_PL,ICBHI_157,1,ICBHI,Meditron,0.7116313496596886,1
ICBHI_157_1b1_PL_001,ICBHI_157_1b1_PL,ICBHI_157,1,ICBHI,Meditron,0.6490226885602542,1
ICBHI_157_1b1_PL_002,ICBHI_157_1b1_PL,ICBHI_157,1,ICBHI,Meditron,0.6844749696763718,1
ICBHI_157_1b1_PL_003,ICBHI_157_1b1_PL,ICBHI_157,1,ICBHI,Meditron,0.7017130778138413,1
ICBHI_157_1b1_PL_004,ICBHI_157_1b1_PL,ICBHI_157,1,ICBHI,Meditron,0.5429541616542553,1
ICBHI_157_1b1_PL_005,ICBHI_157_1b1_PL,ICBHI_157,1,ICBHI,Meditron,0.5988988084555054,1
ICBHI_157_1b1_PL_006,ICBHI_157_1b1_PL,ICBHI_157,1,ICBHI,Meditron,0.6224019555335879,1
ICBHI_157_1b1_PL_007,ICBHI_157_1b1_PL,ICBHI_157,1,ICBHI,Meditron,0.4747985951807227,1
ICBHI_157_1b1_PL_008,ICBHI_157_1b1_PL,ICBHI_157,1,ICBHI,Meditron,0.3554392235932392,1
ICBHI_157_1b1_PL_009,ICBHI_157_1b1_PL,ICBHI_157,1,ICBHI,Meditron,0.4660253339987369,1
ICBHI_157_1b1_PL_010,ICBHI_157_1b1_PL,ICBHI_157,1,ICBHI,Meditron,0.5740366277485736,1
ICBHI_157_1b1_PL_011,ICBHI_157_1b1_PL,ICBHI_157,1,ICBHI,Meditron,0.6601723814146353,1
ICBHI_157_1b1_PL_012,ICBHI_157_1b1_PL,ICBHI_157,1,ICBHI,Meditron,0.536100403196341,1
ICBHI_157_1b1_PL_013,ICBHI_157_1b1_PL,ICBHI_157,1,ICBHI,Meditron,0.3745618942207717,1
ICBHI_157_1b1_PL_014,ICBHI_157_1b1_PL,ICBHI_157,1,ICBHI,Meditron,0.2737685076075911,1
ICBHI_157_1b1_PL_015,ICBHI_157_1b1_PL,ICBHI_157,1,ICBHI,Meditron,0.2295352131664525,1
ICBHI_157_1b1_PL_016,ICBHI_157_1b1_PL,ICBHI_157,1,ICBHI,Meditron,0.3571189891075337,1
ICBHI_157_1b1_PL_017,ICBHI_157_1b1_PL,ICBHI_157,1,ICBHI,Meditron,0.3836413009593113,1
ICBHI_157_1b1_PL_018,ICBHI_157_1b1_PL,ICBHI_157,1,ICBHI,Meditron,0.368064917196833,1
ICBHI_157_1b1_PL_019,ICBHI_157_1b1_PL,ICBHI_157,1,ICBHI,Meditron,0.2613309256745103,1
ICBHI_157_1b1_PL_020,ICBHI_157_1b1_PL,ICBHI_157,1,ICBHI,Meditron,0.3270232115864122,1
ICBHI_157_1b1_PL_021,ICBHI_157_1b1_PL,ICBHI_157,1,ICBHI,Meditron,0.3046619534787151,1
ICBHI_157_1b1_PL_022,ICBHI_157_1b1_PL,ICBHI_157,1,ICBHI,Meditron,0.2914848120975131,1
ICBHI_157_1b1_PL_023,ICBHI_157_1b1_PL,ICBHI_157,1,ICBHI,Meditron,0.2853719562091067,1
ICBHI_157_1b1_PR_000,ICBHI_157_1b1_PR,ICBHI_157,1,ICBHI,Meditron,0.7100254826428127,1
ICBHI_157_1b1_PR_001,ICBHI_157_1b1_PR,ICBHI_157,1,ICBHI,Meditron,0.7481683456121876,1
ICBHI_157_1b1_PR_002,ICBHI_157_1b1_PR,ICBHI_157,1,ICBHI,Meditron,0.7520125737597972,1
ICBHI_157_1b1_PR_003,ICBHI_157_1b1_PR,ICBHI_157,1,ICBHI,Meditron,0.746693521262313,1
ICBHI_157_1b1_PR_004,ICBHI_157_1b1_PR,ICBHI_157,1,ICBHI,Meditron,0.6686639361786859,1
ICBHI_157_1b1_PR_005,ICBHI_157_1b1_PR,ICBHI_157,1,ICBHI,Meditron,0.5986641969228936,1
ICBHI_157_1b1_PR_006,ICBHI_157_1b1_PR,ICBHI_157,1,ICBHI,Meditron,0.6980207713508726,1
ICBHI_157_1b1_PR_007,ICBHI_157_1b1_PR,ICBHI_157,1,ICBHI,Meditron,0.7133317740992681,1
ICBHI_157_1b1_PR_008,ICBHI_157_1b1_PR,ICBHI_157,1,ICBHI,Meditron,0.7725306622446245,1
ICBHI_157_1b1_PR_009,ICBHI_157_1b1_PR,ICBHI_157,1,ICBHI,Meditron,0.8392075633860248,1
ICBHI_157_1b1_PR_010,ICBHI_157_1b1_PR,ICBHI_157,1,ICBHI,Meditron,0.825026539966124,1
ICBHI_157_1b1_PR_011,ICBHI_157_1b1_PR,ICBHI_157,1,ICBHI,Meditron,0.5804115060839786,1
ICBHI_157_1b1_PR_012,ICBHI_157_1b1_PR,ICBHI_157,1,ICBHI,Meditron,0.3619537039032359,1
ICBHI_157_1b1_PR_013,ICBHI_157_1b1_PR,ICBHI_157,1,ICBHI,Meditron,0.356334658496391,1
ICBHI_157_1b1_PR_014,ICBHI_157_1b1_PR,ICBHI_157,1,ICBHI,Meditron,0.3909989221190488,1
ICBHI_157_1b1_PR_015,ICBHI_157_1b1_PR,ICBHI_157,1,ICBHI,Meditron,0.5808276445792696,1
ICBHI_157_1b1_PR_016,ICBHI_157_1b1_PR,ICBHI_157,1,ICBHI,Meditron,0.6108017521902684,1
ICBHI_157_1b1_PR_017,ICBHI_157_1b1_PR,ICBHI_157,1,ICBHI,Meditron,0.4605315033125118,1
ICBHI_157_1b1_PR_018,ICBHI_157_1b1_PR,ICBHI_157,1,ICBHI,Meditron,0.4608044619153443,1
ICBHI_157_1b1_PR_019,ICBHI_157_1b1_PR,ICBHI_157,1,ICBHI,Meditron,0.4220281553886498,1
ICBHI_157_1b1_PR_020,ICBHI_157_1b1_PR,ICBHI_157,1,ICBHI,Meditron,0.4268590678765142,1
ICBHI_157_1b1_PR_021,ICBHI_157_1b1_PR,ICBHI_157,1,ICBHI,Meditron,0.4686994316337784,1
ICBHI_157_1b1_PR_022,ICBHI_157_1b1_PR,ICBHI_157,1,ICBHI,Meditron,0.5253536027232402,1
ICBHI_157_1b1_PR_023,ICBHI_157_1b1_PR,ICBHI_157,1,ICBHI,Meditron,0.4924856122068675,1
ICBHI_163_2b2_AL_000,ICBHI_163_2b2_AL,ICBHI_163,1,ICBHI,AKGC417L,0.6941990253536624,1
ICBHI_163_2b2_AL_001,ICBHI_163_2b2_AL,ICBHI_163,1,ICBHI,AKGC417L,0.6933691518027039,1
ICBHI_163_2b2_AL_002,ICBHI_163_2b2_AL,ICBHI_163,1,ICBHI,AKGC417L,0.585752942283663,1
ICBHI_163_2b2_AL_003,ICBHI_163_2b2_AL,ICBHI_163,1,ICBHI,AKGC417L,0.4665417737004776,1
ICBHI_163_2b2_AL_004,ICBHI_163_2b2_AL,ICBHI_163,1,ICBHI,AKGC417L,0.3652302460812573,1
ICBHI_163_2b2_AL_005,ICBHI_163_2b2_AL,ICBHI_163,1,ICBHI,AKGC417L,0.4526871430721413,1
ICBHI_163_2b2_AL_006,ICBHI_163_2b2_AL,ICBHI_163,1,ICBHI,AKGC417L,0.5066142991931848,1
ICBHI_163_2b2_AR_000,ICBHI_163_2b2_AR,ICBHI_163,1,ICBHI,AKGC417L,0.5240902200632737,1
ICBHI_163_2b2_AR_001,ICBHI_163_2b2_AR,ICBHI_163,1,ICBHI,AKGC417L,0.5956689705334842,1
ICBHI_163_2b2_AR_002,ICBHI_163_2b2_AR,ICBHI_163,1,ICBHI,AKGC417L,0.6214260456435846,1
ICBHI_163_2b2_AR_003,ICBHI_163_2b2_AR,ICBHI_163,1,ICBHI,AKGC417L,0.6550050759787809,1
ICBHI_163_2b2_AR_004,ICBHI_163_2b2_AR,ICBHI_163,1,ICBHI,AKGC417L,0.6473524728455617,1
ICBHI_163_2b2_AR_005,ICBHI_163_2b2_AR,ICBHI_163,1,ICBHI,AKGC417L,0.5379517649404059,1
ICBHI_163_2b2_AR_006,ICBHI_163_2b2_AR,ICBHI_163,1,ICBHI,AKGC417L,0.5208923691514835,1
ICBHI_163_2b2_LL_000,ICBHI_163_2b2_LL,ICBHI_163,1,ICBHI,AKGC417L,0.4680915187365114,1
ICBHI_163_2b2_LL_001,ICBHI_163_2b2_LL,ICBHI_163,1,ICBHI,AKGC417L,0.5220955852833841,1
ICBHI_163_2b2_LL_002,ICBHI_163_2b2_LL,ICBHI_163,1,ICBHI,AKGC417L,0.4941218223474795,1
ICBHI_163_2b2_LL_003,ICBHI_163_2b2_LL,ICBHI_163,1,ICBHI,AKGC417L,0.4955025932197865,1
ICBHI_163_2b2_LL_004,ICBHI_163_2b2_LL,ICBHI_163,1,ICBHI,AKGC417L,0.4935268204292994,1
ICBHI_163_2b2_LL_005,ICBHI_163_2b2_LL,ICBHI_163,1,ICBHI,AKGC417L,0.4494832509726885,1
ICBHI_163_2b2_LL_006,ICBHI_163_2b2_LL,ICBHI_163,1,ICBHI,AKGC417L,0.4416730056646255,1
ICBHI_163_2b2_LR_000,ICBHI_163_2b2_LR,ICBHI_163,1,ICBHI,AKGC417L,0.5122808547129563,1
ICBHI_163_2b2_LR_001,ICBHI_163_2b2_LR,ICBHI_163,1,ICBHI,AKGC417L,0.6233768743729451,1
ICBHI_163_2b2_LR_002,ICBHI_163_2b2_LR,ICBHI_163,1,ICBHI,AKGC417L,0.6635599478983865,1
ICBHI_163_2b2_LR_003,ICBHI_163_2b2_LR,ICBHI_163,1,ICBHI,AKGC417L,0.5880022510592984,1
ICBHI_163_2b2_LR_004,ICBHI_163_2b2_LR,ICBHI_163,1,ICBHI,AKGC417L,0.5634980655979197,1
ICBHI_163_2b2_LR_005,ICBHI_163_2b2_LR,ICBHI_163,1,ICBHI,AKGC417L,0.5339746660012631,1
ICBHI_163_2b2_LR_006,ICBHI_163_2b2_LR,ICBHI_163,1,ICBHI,AKGC417L,0.500809191951,1
ICBHI_163_2b2_PL_000,ICBHI_163_2b2_PL,ICBHI_163,1,ICBHI,AKGC417L,0.8290772396824191,1
ICBHI_163_2b2_PL_001,ICBHI_163_2b2_PL,ICBHI_163,1,ICBHI,AKGC417L,0.8729984373336678,1
ICBHI_163_2b2_PL_002,ICBHI_163_2b2_PL,ICBHI_163,1,ICBHI,AKGC417L,0.709220568239843,1
ICBHI_163_2b2_PL_003,ICBHI_163_2b2_PL,ICBHI_163,1,ICBHI,AKGC417L,0.6926419831347361,1
ICBHI_163_2b2_PL_004,ICBHI_163_2b2_PL,ICBHI_163,1,ICBHI,AKGC417L,0.6455669322978956,1
ICBHI_163_2b2_PL_005,ICBHI_163_2b2_PL,ICBHI_163,1,ICBHI,AKGC417L,0.7262314923924089,1
ICBHI_163_2b2_PL_006,ICBHI_163_2b2_PL,ICBHI_163,1,ICBHI,AKGC417L,0.867373145064478,1
ICBHI_163_2b2_PR_000,ICBHI_163_2b2_PR,ICBHI_163,1,ICBHI,AKGC417L,0.479092398720184,1
ICBHI_163_2b2_PR_001,ICBHI_163_2b2_PR,ICBHI_163,1,ICBHI,AKGC417L,0.5514831510741636,1
ICBHI_163_2b2_PR_002,ICBHI_163_2b2_PR,ICBHI_163,1,ICBHI,AKGC417L,0.4880088914728234,1
ICBHI_163_2b2_PR_003,ICBHI_163_2b2_PR,ICBHI_163,1,ICBHI,AKGC417L,0.5541085714495215,1
ICBHI_163_2b2_PR_004,ICBHI_163_2b2_PR,ICBHI_163,1,ICBHI,AKGC417L,0.5064998779574529,1
ICBHI_163_2b2_PR_005,ICBHI_163_2b2_PR,ICBHI_163,1,ICBHI,AKGC417L,0.4660253339987369,1
ICBHI_163_2b2_PR_006,ICBHI_163_2b2_PR,ICBHI_163,1,ICBHI,AKGC417L,0.4413118091068167,1
ICBHI_163_2b2_TC_000,ICBHI_163_2b2_TC,ICBHI_163,1,ICBHI,AKGC417L,0.4381840798637683,1
ICBHI_163_2b2_TC_001,ICBHI_163_2b2_TC,ICBHI_163,1,ICBHI,AKGC417L,0.607779574180872,1
ICBHI_163_2b2_TC_002,ICBHI_163_2b2_TC,ICBHI_163,1,ICBHI,AKGC417L,0.7229184140064098,1
ICBHI_163_2b2_TC_003,ICBHI_163_2b2_TC,ICBHI_163,1,ICBHI,AKGC417L,0.7095225656024904,1
ICBHI_163_2b2_TC_004,ICBHI_163_2b2_TC,ICBHI_163,1,ICBHI,AKGC417L,0.7059877727432149,1
ICBHI_163_2b2_TC_005,ICBHI_163_2b2_TC,ICBHI_163,1,ICBHI,AKGC417L,0.534521405117504,1
ICBHI_163_2b2_TC_006,ICBHI_163_2b2_TC,ICBHI_163,1,ICBHI,AKGC417L,0.5108854257185426,1
ICBHI_163_8b3_AL_000,ICBHI_163_8b3_AL,ICBHI_163,1,ICBHI,AKGC417L,0.8246032140761358,1
ICBHI_163_8b3_AL_001,ICBHI_163_8b3_AL,ICBHI_163,1,ICBHI,AKGC417L,0.8378854381136884,1
ICBHI_163_8b3_AL_002,ICBHI_163_8b3_AL,ICBHI_163,1,ICBHI,AKGC417L,0.80852118219021,1
ICBHI_163_8b3_AL_003,ICBHI_163_8b3_AL,ICBHI_163,1,ICBHI,AKGC417L,0.8059378442492656,1
ICBHI_163_8b3_AL_004,ICBHI_163_8b3_AL,ICBHI_163,1,ICBHI,AKGC417L,0.8080672135527632,1
ICBHI_163_8b3_AL_005,ICBHI_163_8b3_AL,ICBHI_163,1,ICBHI,AKGC417L,0.8104789086703224,1
ICBHI_163_8b3_AL_006,ICBHI_163_8b3_AL,ICBHI_163,1,ICBHI,AKGC417L,0.7967672836747012,1
ICBHI_163_8b3_AR_000,ICBHI_163_8b3_AR,ICBHI_163,1,ICBHI,AKGC417L,0.826011168968064,1
ICBHI_163_8b3_AR_001,ICBHI_163_8b3_AR,ICBHI_163,1,ICBHI,AKGC417L,0.7352616368564966,1
ICBHI_163_8b3_AR_002,ICBHI_163_8b3_AR,ICBHI_163,1,ICBHI,AKGC417L,0.7771307677539746,1
ICBHI_163_8b3_AR_003,ICBHI_163_8b3_AR,ICBHI_163,1,ICBHI,AKGC417L,0.7711548724998493,1
ICBHI_163_8b3_AR_004,ICBHI_163_8b3_AR,ICBHI_163,1,ICBHI,AKGC417L,0.7540104528799124,1
ICBHI_163_8b3_AR_005,ICBHI_163_8b3_AR,ICBHI_163,1,ICBHI,AKGC417L,0.7654180546924173,1
ICBHI_163_8b3_AR_006,ICBHI_163_8b3_AR,ICBHI_163,1,ICBHI,AKGC417L,0.8319637828217654,1
ICBHI_163_8b3_LL_000,ICBHI_163_8b3_LL,ICBHI_163,1,ICBHI,AKGC417L,0.8246032140761358,1
ICBHI_163_8b3_LL_001,ICBHI_163_8b3_LL,ICBHI_163,1,ICBHI,AKGC417L,0.8198933359135361,1
ICBHI_163_8b3_LL_002,ICBHI_163_8b3_LL,ICBHI_163,1,ICBHI,AKGC417L,0.7846492570213327,1
ICBHI_163_8b3_LL_003,ICBHI_163_8b3_LL,ICBHI_163,1,ICBHI,AKGC417L,0.7144288469746523,1
ICBHI_163_8b3_LL_004,ICBHI_163_8b3_LL,ICBHI_163,1,ICBHI,AKGC417L,0.6896192456528228,1
ICBHI_163_8b3_LL_005,ICBHI_163_8b3_LL,ICBHI_163,1,ICBHI,AKGC417L,0.7501869070811205,1
ICBHI_163_8b3_LL_006,ICBHI_163_8b3_LL,ICBHI_163,1,ICBHI,AKGC417L,0.8045595196708155,1
ICBHI_163_8b3_LR_000,ICBHI_163_8b3_LR,ICBHI_163,1,ICBHI,AKGC417L,0.9993094585307,1
ICBHI_163_8b3_LR_001,ICBHI_163_8b3_LR,ICBHI_163,1,ICBHI,AKGC417L,0.9987106717209964,1
ICBHI_163_8b3_LR_002,ICBHI_163_8b3_LR,ICBHI_163,1,ICBHI,AKGC417L,0.9989098099985672,1
ICBHI_163_8b3_LR_003,ICBHI_163_8b3_LR,ICBHI_163,1,ICBHI,AKGC417L,0.9987355780553608,1
ICBHI_163_8b3_LR_004,ICBHI_163_8b3_LR,ICBHI_163,1,ICBHI,AKGC417L,0.9983058968441496,1
ICBHI_163_8b3_LR_005,ICBHI_163_8b3_LR,ICBHI_163,1,ICBHI,AKGC417L,0.9981897889737974,1
ICBHI_163_8b3_LR_006,ICBHI_163_8b3_LR,ICBHI_163,1,ICBHI,AKGC417L,0.99894331617583,1
ICBHI_163_8b3_PL_000,ICBHI_163_8b3_PL,ICBHI_163,1,ICBHI,AKGC417L,0.6435533413299583,1
ICBHI_163_8b3_PL_001,ICBHI_163_8b3_PL,ICBHI_163,1,ICBHI,AKGC417L,0.6203341585192935,1
ICBHI_163_8b3_PL_002,ICBHI_163_8b3_PL,ICBHI_163,1,ICBHI,AKGC417L,0.5730214696543532,1
ICBHI_163_8b3_PL_003,ICBHI_163_8b3_PL,ICBHI_163,1,ICBHI,AKGC417L,0.5774953651858118,1
ICBHI_163_8b3_PL_004,ICBHI_163_8b3_PL,ICBHI_163,1,ICBHI,AKGC417L,0.5824316684451609,1
ICBHI_163_8b3_PL_005,ICBHI_163_8b3_PL,ICBHI_163,1,ICBHI,AKGC417L,0.5118614826130164,1
ICBHI_163_8b3_PL_006,ICBHI_163_8b3_PL,ICBHI_163,1,ICBHI,AKGC417L,0.5365861046569221,1
ICBHI_163_8b3_PR_000,ICBHI_163_8b3_PR,ICBHI_163,1,ICBHI,AKGC417L,0.8575296533208788,1
ICBHI_163_8b3_PR_001,ICBHI_163_8b3_PR,ICBHI_163,1,ICBHI,AKGC417L,0.8770562019377661,1
ICBHI_163_8b3_PR_002,ICBHI_163_8b3_PR,ICBHI_163,1,ICBHI,AKGC417L,0.8844391260585168,1
ICBHI_163_8b3_PR_003,ICBHI_163_8b3_PR,ICBHI_163,1,ICBHI,AKGC417L,0.8556100225016848,1
ICBHI_163_8b3_PR_004,ICBHI_163_8b3_PR,ICBHI_163,1,ICBHI,AKGC417L,0.7253569066240022,1
ICBHI_163_8b3_PR_005,ICBHI_163_8b3_PR,ICBHI_163,1,ICBHI,AKGC417L,0.7216451341817308,1
ICBHI_163_8b3_PR_006,ICBHI_163_8b3_PR,ICBHI_163,1,ICBHI,AKGC417L,0.8453050150325521,1
ICBHI_172_1b3_AL_000,ICBHI_172_1b3_AL,ICBHI_172,0,ICBHI,AKGC417L,0.7289413014988066,1
ICBHI_172_1b3_AL_001,ICBHI_172_1b3_AL,ICBHI_172,0,ICBHI,AKGC417L,0.794544423846451,1
ICBHI_172_1b3_AL_002,ICBHI_172_1b3_AL,ICBHI_172,0,ICBHI,AKGC417L,0.8641958840872618,1
ICBHI_172_1b3_AL_003,ICBHI_172_1b3_AL,ICBHI_172,0,ICBHI,AKGC417L,0.8792504866457316,1
ICBHI_172_1b3_AL_004,ICBHI_172_1b3_AL,ICBHI_172,0,ICBHI,AKGC417L,0.8611883563363985,1
ICBHI_172_1b3_AL_005,ICBHI_172_1b3_AL,ICBHI_172,0,ICBHI,AKGC417L,0.8297680627053342,1
ICBHI_172_1b3_AL_006,ICBHI_172_1b3_AL,ICBHI_172,0,ICBHI,AKGC417L,0.8460696636822582,1
ICBHI_172_1b3_AR_000,ICBHI_172_1b3_AR,ICBHI_172,0,ICBHI,AKGC417L,0.7997552900393888,1
ICBHI_172_1b3_AR_001,ICBHI_172_1b3_AR,ICBHI_172,0,ICBHI,AKGC417L,0.8749346174830964,1
ICBHI_172_1b3_AR_002,ICBHI_172_1b3_AR,ICBHI_172,0,ICBHI,AKGC417L,0.8723473746782093,1
ICBHI_172_1b3_AR_003,ICBHI_172_1b3_AR,ICBHI_172,0,ICBHI,AKGC417L,0.888758793492457,1
ICBHI_172_1b3_AR_004,ICBHI_172_1b3_AR,ICBHI_172,0,ICBHI,AKGC417L,0.8848377712685633,1
ICBHI_172_1b3_AR_005,ICBHI_172_1b3_AR,ICBHI_172,0,ICBHI,AKGC417L,0.8822250804291385,1
ICBHI_172_1b3_AR_006,ICBHI_172_1b3_AR,ICBHI_172,0,ICBHI,AKGC417L,0.8536689404283129,1
ICBHI_172_1b3_LL_000,ICBHI_172_1b3_LL,ICBHI_172,0,ICBHI,AKGC417L,0.3205022025152475,1
ICBHI_172_1b3_LL_001,ICBHI_172_1b3_LL,ICBHI_172,0,ICBHI,AKGC417L,0.4247698677149885,1
ICBHI_172_1b3_LL_002,ICBHI_172_1b3_LL,ICBHI_172,0,ICBHI,AKGC417L,0.3210341261275396,1
ICBHI_172_1b3_LL_003,ICBHI_172_1b3_LL,ICBHI_172,0,ICBHI,AKGC417L,0.2670257208309401,1
ICBHI_172_1b3_LL_004,ICBHI_172_1b3_LL,ICBHI_172,0,ICBHI,AKGC417L,0.2845760042165267,1
ICBHI_172_1b3_LL_005,ICBHI_172_1b3_LL,ICBHI_172,0,ICBHI,AKGC417L,0.4608347921031243,1
ICBHI_172_1b3_LL_006,ICBHI_172_1b3_LL,ICBHI_172,0,ICBHI,AKGC417L,0.4772039250559391,1
ICBHI_172_1b3_LR_000,ICBHI_172_1b3_LR,ICBHI_172,0,ICBHI,AKGC417L,0.6524628898080956,1
ICBHI_172_1b3_LR_001,ICBHI_172_1b3_LR,ICBHI_172,0,ICBHI,AKGC417L,0.6745866486160489,1
ICBHI_172_1b3_LR_002,ICBHI_172_1b3_LR,ICBHI_172,0,ICBHI,AKGC417L,0.5734992682825657,1
ICBHI_172_1b3_LR_003,ICBHI_172_1b3_LR,ICBHI_172,0,ICBHI,AKGC417L,0.587410679909284,1
ICBHI_172_1b3_LR_004,ICBHI_172_1b3_LR,ICBHI_172,0,ICBHI,AKGC417L,0.660829332847354,1
ICBHI_172_1b3_LR_005,ICBHI_172_1b3_LR,ICBHI_172,0,ICBHI,AKGC417L,0.5919591440378531,1
ICBHI_172_1b3_LR_006,ICBHI_172_1b3_LR,ICBHI_172,0,ICBHI,AKGC417L,0.6096984682475268,1
ICBHI_172_1b3_PL_000,ICBHI_172_1b3_PL,ICBHI_172,0,ICBHI,AKGC417L,0.575945815131361,1
ICBHI_172_1b3_PL_001,ICBHI_172_1b3_PL,ICBHI_172,0,ICBHI,AKGC417L,0.6426567755043247,1
ICBHI_172_1b3_PL_002,ICBHI_172_1b3_PL,ICBHI_172,0,ICBHI,AKGC417L,0.6740504840647448,1
ICBHI_172_1b3_PL_003,ICBHI_172_1b3_PL,ICBHI_172,0,ICBHI,AKGC417L,0.7013041046440932,1
ICBHI_172_1b3_PL_004,ICBHI_172_1b3_PL,ICBHI_172,0,ICBHI,AKGC417L,0.69997272204759,1
ICBHI_172_1b3_PL_005,ICBHI_172_1b3_PL,ICBHI_172,0,ICBHI,AKGC417L,0.7009971636160552,1
ICBHI_172_1b3_PL_006,ICBHI_172_1b3_PL,ICBHI_172,0,ICBHI,AKGC417L,0.5708098913740778,1
ICBHI_172_1b3_PR_000,ICBHI_172_1b3_PR,ICBHI_172,0,ICBHI,AKGC417L,0.4220281553886498,1
ICBHI_172_1b3_PR_001,ICBHI_172_1b3_PR,ICBHI_172,0,ICBHI,AKGC417L,0.4360215878856558,1
ICBHI_172_1b3_PR_002,ICBHI_172_1b3_PR,ICBHI_172,0,ICBHI,AKGC417L,0.4238753137960776,1
ICBHI_172_1b3_PR_003,ICBHI_172_1b3_PR,ICBHI_172,0,ICBHI,AKGC417L,0.4192317967525579,1
ICBHI_172_1b3_PR_004,ICBHI_172_1b3_PR,ICBHI_172,0,ICBHI,AKGC417L,0.3725052027267044,1
ICBHI_172_1b3_PR_005,ICBHI_172_1b3_PR,ICBHI_172,0,ICBHI,AKGC417L,0.3288526557668903,1
ICBHI_172_1b3_PR_006,ICBHI_172_1b3_PR,ICBHI_172,0,ICBHI,AKGC417L,0.3088152265252637,1
ICBHI_172_1b3_TC_000,ICBHI_172_1b3_TC,ICBHI_172,0,ICBHI,AKGC417L,0.3647775585204021,1
ICBHI_172_1b3_TC_001,ICBHI_172_1b3_TC,ICBHI_172,0,ICBHI,AKGC417L,0.4011011915444947,1
ICBHI_172_1b3_TC_002,ICBHI_172_1b3_TC,ICBHI_172,0,ICBHI,AKGC417L,0.3963601932456365,1
ICBHI_172_1b3_TC_003,ICBHI_172_1b3_TC,ICBHI_172,0,ICBHI,AKGC417L,0.4050368345429019,1
ICBHI_172_1b3_TC_004,ICBHI_172_1b3_TC,ICBHI_172,0,ICBHI,AKGC417L,0.4143062988080807,1
ICBHI_172_1b3_TC_005,ICBHI_172_1b3_TC,ICBHI_172,0,ICBHI,AKGC417L,0.449362429708209,1
ICBHI_172_1b3_TC_006,ICBHI_172_1b3_TC,ICBHI_172,0,ICBHI,AKGC417L,0.2705765808114238,1
ICBHI_172_1b4_AL_000,ICBHI_172_1b4_AL,ICBHI_172,0,ICBHI,AKGC417L,0.9618217257384336,1
ICBHI_172_1b4_AL_001,ICBHI_172_1b4_AL,ICBHI_172,0,ICBHI,AKGC417L,0.6613763197684221,1
ICBHI_172_1b4_AL_002,ICBHI_172_1b4_AL,ICBHI_172,0,ICBHI,AKGC417L,0.3665897363221599,1
ICBHI_172_1b4_AL_003,ICBHI_172_1b4_AL,ICBHI_172,0,ICBHI,AKGC417L,0.3500880168157823,1
ICBHI_172_1b4_AL_004,ICBHI_172_1b4_AL,ICBHI_172,0,ICBHI,AKGC417L,0.3538746476163824,1
ICBHI_172_1b4_AL_005,ICBHI_172_1b4_AL,ICBHI_172,0,ICBHI,AKGC417L,0.3184851509651125,1
ICBHI_172_1b4_AL_006,ICBHI_172_1b4_AL,ICBHI_172,0,ICBHI,AKGC417L,0.155976292053652,1
ICBHI_172_1b4_AR_000,ICBHI_172_1b4_AR,ICBHI_172,0,ICBHI,AKGC417L,0.9636433368120324,1
ICBHI_172_1b4_AR_001,ICBHI_172_1b4_AR,ICBHI_172,0,ICBHI,AKGC417L,0.8951566359697456,1
ICBHI_172_1b4_AR_002,ICBHI_172_1b4_AR,ICBHI_172,0,ICBHI,AKGC417L,0.7977144377714659,1
ICBHI_172_1b4_AR_003,ICBHI_172_1b4_AR,ICBHI_172,0,ICBHI,AKGC417L,0.7358315130862205,1
ICBHI_172_1b4_AR_004,ICBHI_172_1b4_AR,ICBHI_172,0,ICBHI,AKGC417L,0.6794977974847524,1
ICBHI_172_1b4_AR_005,ICBHI_172_1b4_AR,ICBHI_172,0,ICBHI,AKGC417L,0.6335236360273994,1
ICBHI_172_1b4_AR_006,ICBHI_172_1b4_AR,ICBHI_172,0,ICBHI,AKGC417L,0.7237001829732717,1
ICBHI_172_1b4_LL_000,ICBHI_172_1b4_LL,ICBHI_172,0,ICBHI,AKGC417L,0.7788175812005417,1
ICBHI_172_1b4_LL_001,ICBHI_172_1b4_LL,ICBHI_172,0,ICBHI,AKGC417L,0.3230596685625252,1
ICBHI_172_1b4_LL_002,ICBHI_172_1b4_LL,ICBHI_172,0,ICBHI,AKGC417L,0.2072147184240104,1
ICBHI_172_1b4_LL_003,ICBHI_172_1b4_LL,ICBHI_172,0,ICBHI,AKGC417L,0.203549167575714,1
ICBHI_172_1b4_LL_004,ICBHI_172_1b4_LL,ICBHI_172,0,ICBHI,AKGC417L,0.2345819453075826,1
ICBHI_172_1b4_LL_005,ICBHI_172_1b4_LL,ICBHI_172,0,ICBHI,AKGC417L,0.2068940488158881,1
ICBHI_172_1b4_LL_006,ICBHI_172_1b4_LL,ICBHI_172,0,ICBHI,AKGC417L,0.1567492210587299,1
ICBHI_172_1b4_LR_000,ICBHI_172_1b4_LR,ICBHI_172,0,ICBHI,AKGC417L,0.8164063773658039,1
ICBHI_172_1b4_LR_001,ICBHI_172_1b4_LR,ICBHI_172,0,ICBHI,AKGC417L,0.8067003854356462,1
ICBHI_172_1b4_LR_002,ICBHI_172_1b4_LR,ICBHI_172,0,ICBHI,AKGC417L,0.8881781760875761,1
ICBHI_172_1b4_LR_003,ICBHI_172_1b4_LR,ICBHI_172,0,ICBHI,AKGC417L,0.9207896758909756,1
ICBHI_172_1b4_LR_004,ICBHI_172_1b4_LR,ICBHI_172,0,ICBHI,AKGC417L,0.9114953379300658,1
ICBHI_172_1b4_LR_005,ICBHI_172_1b4_LR,ICBHI_172,0,ICBHI,AKGC417L,0.875148179838435,1
ICBHI_172_1b4_LR_006,ICBHI_172_1b4_LR,ICBHI_172,0,ICBHI,AKGC417L,0.8209005803310302,1
ICBHI_172_1b4_PL_000,ICBHI_172_1b4_PL,ICBHI_172,0,ICBHI,AKGC417L,0.6863700497784223,1
ICBHI_172_1b4_PL_001,ICBHI_172_1b4_PL,ICBHI_172,0,ICBHI,AKGC417L,0.4608347921031243,1
ICBHI_172_1b4_PL_002,ICBHI_172_1b4_PL,ICBHI_172,0,ICBHI,AKGC417L,0.5689547642576301,1
ICBHI_172_1b4_PL_003,ICBHI_172_1b4_PL,ICBHI_172,0,ICBHI,AKGC417L,0.5136379737969569,1
ICBHI_172_1b4_PL_004,ICBHI_172_1b4_PL,ICBHI_172,0,ICBHI,AKGC417L,0.4911355724627499,1
ICBHI_172_1b4_PL_005,ICBHI_172_1b4_PL,ICBHI_172,0,ICBHI,AKGC417L,0.5160314902707269,1
ICBHI_172_1b4_PL_006,ICBHI_172_1b4_PL,ICBHI_172,0,ICBHI,AKGC417L,0.3890821784218911,1
ICBHI_172_1b4_PR_000,ICBHI_172_1b4_PR,ICBHI_172,0,ICBHI,AKGC417L,0.6093498289183676,1
ICBHI_172_1b4_PR_001,ICBHI_172_1b4_PR,ICBHI_172,0,ICBHI,AKGC417L,0.2773751008003128,1
ICBHI_172_1b4_PR_002,ICBHI_172_1b4_PR,ICBHI_172,0,ICBHI,AKGC417L,0.2173375210470624,1
ICBHI_172_1b4_PR_003,ICBHI_172_1b4_PR,ICBHI_172,0,ICBHI,AKGC417L,0.2200070997458931,1
ICBHI_172_1b4_PR_004,ICBHI_172_1b4_PR,ICBHI_172,0,ICBHI,AKGC417L,0.2227001388253088,1
ICBHI_172_1b4_PR_005,ICBHI_172_1b4_PR,ICBHI_172,0,ICBHI,AKGC417L,0.2083399519473829,1
ICBHI_172_1b4_PR_006,ICBHI_172_1b4_PR,ICBHI_172,0,ICBHI,AKGC417L,0.1173696502276581,1
ICBHI_172_1b4_TC_000,ICBHI_172_1b4_TC,ICBHI_172,0,ICBHI,AKGC417L,0.9852145923076094,1
ICBHI_172_1b4_TC_001,ICBHI_172_1b4_TC,ICBHI_172,0,ICBHI,AKGC417L,0.8411743895441901,1
ICBHI_172_1b4_TC_002,ICBHI_172_1b4_TC,ICBHI_172,0,ICBHI,AKGC417L,0.4949876557072395,1
ICBHI_172_1b4_TC_003,ICBHI_172_1b4_TC,ICBHI_172,0,ICBHI,AKGC417L,0.5404388233459775,1
ICBHI_172_1b4_TC_004,ICBHI_172_1b4_TC,ICBHI_172,0,ICBHI,AKGC417L,0.5151016065900486,1
ICBHI_172_1b4_TC_005,ICBHI_172_1b4_TC,ICBHI_172,0,ICBHI,AKGC417L,0.51676312430446,1
ICBHI_172_1b4_TC_006,ICBHI_172_1b4_TC,ICBHI_172,0,ICBHI,AKGC417L,0.8334601905326321,1
ICBHI_172_1b5_AL_000,ICBHI_172_1b5_AL,ICBHI_172,0,ICBHI,AKGC417L,0.6716859582336587,1
ICBHI_172_1b5_AL_001,ICBHI_172_1b5_AL,ICBHI_172,0,ICBHI,AKGC417L,0.6512439718513098,1
ICBHI_172_1b5_AL_002,ICBHI_172_1b5_AL,ICBHI_172,0,ICBHI,AKGC417L,0.540074986377777,1
ICBHI_172_1b5_AL_003,ICBHI_172_1b5_AL,ICBHI_172,0,ICBHI,AKGC417L,0.68731526817782,1
ICBHI_172_1b5_AL_004,ICBHI_172_1b5_AL,ICBHI_172,0,ICBHI,AKGC417L,0.8276889202994314,1
ICBHI_172_1b5_AL_005,ICBHI_172_1b5_AL,ICBHI_172,0,ICBHI,AKGC417L,0.8224744863406726,1
ICBHI_172_1b5_AL_006,ICBHI_172_1b5_AL,ICBHI_172,0,ICBHI,AKGC417L,0.851829586557013,1
ICBHI_172_1b5_AR_000,ICBHI_172_1b5_AR,ICBHI_172,0,ICBHI,AKGC417L,0.744284789133903,1
ICBHI_172_1b5_AR_001,ICBHI_172_1b5_AR,ICBHI_172,0,ICBHI,AKGC417L,0.7701191965741129,1
ICBHI_172_1b5_AR_002,ICBHI_172_1b5_AR,ICBHI_172,0,ICBHI,AKGC417L,0.6912889865871341,1
ICBHI_172_1b5_AR_003,ICBHI_172_1b5_AR,ICBHI_172,0,ICBHI,AKGC417L,0.676406184653912,1
ICBHI_172_1b5_AR_004,ICBHI_172_1b5_AR,ICBHI_172,0,ICBHI,AKGC417L,0.6986379551640148,1
ICBHI_172_1b5_AR_005,ICBHI_172_1b5_AR,ICBHI_172,0,ICBHI,AKGC417L,0.5327290131142427,1
ICBHI_172_1b5_AR_006,ICBHI_172_1b5_AR,ICBHI_172,0,ICBHI,AKGC417L,0.6386099320772389,1
ICBHI_172_1b5_LL_000,ICBHI_172_1b5_LL,ICBHI_172,0,ICBHI,AKGC417L,0.2557152108660971,1
ICBHI_172_1b5_LL_001,ICBHI_172_1b5_LL,ICBHI_172,0,ICBHI,AKGC417L,0.3591393503126175,1
ICBHI_172_1b5_LL_002,ICBHI_172_1b5_LL,ICBHI_172,0,ICBHI,AKGC417L,0.3190152986247644,1
ICBHI_172_1b5_LL_003,ICBHI_172_1b5_LL,ICBHI_172,0,ICBHI,AKGC417L,0.218669376683902,1
ICBHI_172_1b5_LL_004,ICBHI_172_1b5_LL,ICBHI_172,0,ICBHI,AKGC417L,0.2407745957703822,1
ICBHI_172_1b5_LL_005,ICBHI_172_1b5_LL,ICBHI_172,0,ICBHI,AKGC417L,0.2656899033581004,1
ICBHI_172_1b5_LL_006,ICBHI_172_1b5_LL,ICBHI_172,0,ICBHI,AKGC417L,0.2701912752764588,1
ICBHI_172_1b5_LR_000,ICBHI_172_1b5_LR,ICBHI_172,0,ICBHI,AKGC417L,0.4563794838902035,1
ICBHI_172_1b5_LR_001,ICBHI_172_1b5_LR,ICBHI_172,0,ICBHI,AKGC417L,0.6451199102918683,1
ICBHI_172_1b5_LR_002,ICBHI_172_1b5_LR,ICBHI_172,0,ICBHI,AKGC417L,0.6163586990406885,1
ICBHI_172_1b5_LR_003,ICBHI_172_1b5_LR,ICBHI_172,0,ICBHI,AKGC417L,0.4432991486688928,1
ICBHI_172_1b5_LR_004,ICBHI_172_1b5_LR,ICBHI_172,0,ICBHI,AKGC417L,0.5246686754677117,1
ICBHI_172_1b5_LR_005,ICBHI_172_1b5_LR,ICBHI_172,0,ICBHI,AKGC417L,0.5679366107876933,1
ICBHI_172_1b5_LR_006,ICBHI_172_1b5_LR,ICBHI_172,0,ICBHI,AKGC417L,0.5620563145817888,1
ICBHI_172_1b5_PL_000,ICBHI_172_1b5_PL,ICBHI_172,0,ICBHI,AKGC417L,0.6508002368884301,1
ICBHI_172_1b5_PL_001,ICBHI_172_1b5_PL,ICBHI_172,0,ICBHI,AKGC417L,0.5828472433792979,1
ICBHI_172_1b5_PL_002,ICBHI_172_1b5_PL,ICBHI_172,0,ICBHI,AKGC417L,0.7559974588359422,1
ICBHI_172_1b5_PL_003,ICBHI_172_1b5_PL,ICBHI_172,0,ICBHI,AKGC417L,0.8772666496637572,1
ICBHI_172_1b5_PL_004,ICBHI_172_1b5_PL,ICBHI_172,0,ICBHI,AKGC417L,0.861654662567155,1
ICBHI_172_1b5_PL_005,ICBHI_172_1b5_PL,ICBHI_172,0,ICBHI,AKGC417L,0.7294234191885761,1
ICBHI_172_1b5_PL_006,ICBHI_172_1b5_PL,ICBHI_172,0,ICBHI,AKGC417L,0.7290377681937931,1
ICBHI_172_1b5_PR_000,ICBHI_172_1b5_PR,ICBHI_172,0,ICBHI,AKGC417L,0.3399371705145481,1
ICBHI_172_1b5_PR_001,ICBHI_172_1b5_PR,ICBHI_172,0,ICBHI,AKGC417L,0.3765084947679687,1
ICBHI_172_1b5_PR_002,ICBHI_172_1b5_PR,ICBHI_172,0,ICBHI,AKGC417L,0.3812771585530801,1
ICBHI_172_1b5_PR_003,ICBHI_172_1b5_PR,ICBHI_172,0,ICBHI,AKGC417L,0.4836179263193337,1
ICBHI_172_1b5_PR_004,ICBHI_172_1b5_PR,ICBHI_172,0,ICBHI,AKGC417L,0.5110913198777022,1
ICBHI_172_1b5_PR_005,ICBHI_172_1b5_PR,ICBHI_172,0,ICBHI,AKGC417L,0.5170679507898247,1
ICBHI_172_1b5_PR_006,ICBHI_172_1b5_PR,ICBHI_172,0,ICBHI,AKGC417L,0.4766862293020136,1
ICBHI_172_1b5_TC_000,ICBHI_172_1b5_TC,ICBHI_172,0,ICBHI,AKGC417L,0.6250948807403324,1
ICBHI_172_1b5_TC_001,ICBHI_172_1b5_TC,ICBHI_172,0,ICBHI,AKGC417L,0.4861256939983818,1
ICBHI_172_1b5_TC_002,ICBHI_172_1b5_TC,ICBHI_172,0,ICBHI,AKGC417L,0.4530803487103599,1
ICBHI_172_1b5_TC_003,ICBHI_172_1b5_TC,ICBHI_172,0,ICBHI,AKGC417L,0.5982535180021291,1
ICBHI_172_1b5_TC_004,ICBHI_172_1b5_TC,ICBHI_172,0,ICBHI,AKGC417L,0.5207400457362243,1
ICBHI_172_1b5_TC_005,ICBHI_172_1b5_TC,ICBHI_172,0,ICBHI,AKGC417L,0.652241416355273,1
ICBHI_172_1b5_TC_006,ICBHI_172_1b5_TC,ICBHI_172,0,ICBHI,AKGC417L,0.5553749452764364,1
ICBHI_172_2b5_AL_000,ICBHI_172_2b5_AL,ICBHI_172,0,ICBHI,AKGC417L,0.6270381503544469,1
ICBHI_172_2b5_AL_001,ICBHI_172_2b5_AL,ICBHI_172,0,ICBHI,AKGC417L,0.610975851558362,1
ICBHI_172_2b5_AL_002,ICBHI_172_2b5_AL,ICBHI_172,0,ICBHI,AKGC417L,0.6995623843522852,1
ICBHI_172_2b5_AL_003,ICBHI_172_2b5_AL,ICBHI_172,0,ICBHI,AKGC417L,0.8381505627344117,1
ICBHI_172_2b5_AL_004,ICBHI_172_2b5_AL,ICBHI_172,0,ICBHI,AKGC417L,0.8042522207650169,1
ICBHI_172_2b5_AL_005,ICBHI_172_2b5_AL,ICBHI_172,0,ICBHI,AKGC417L,0.7140302030577438,1
ICBHI_172_2b5_AL_006,ICBHI_172_2b5_AL,ICBHI_172,0,ICBHI,AKGC417L,0.83960249747165,1
ICBHI_172_2b5_AR_000,ICBHI_172_2b5_AR,ICBHI_172,0,ICBHI,AKGC417L,0.6386099320772389,1
ICBHI_172_2b5_AR_001,ICBHI_172_2b5_AR,ICBHI_172,0,ICBHI,AKGC417L,0.5768399705986108,1
ICBHI_172_2b5_AR_002,ICBHI_172_2b5_AR,ICBHI_172,0,ICBHI,AKGC417L,0.576363149934164,1
ICBHI_172_2b5_AR_003,ICBHI_172_2b5_AR,ICBHI_172,0,ICBHI,AKGC417L,0.5312397719364985,1
ICBHI_172_2b5_AR_004,ICBHI_172_2b5_AR,ICBHI_172,0,ICBHI,AKGC417L,0.5817189821347214,1
ICBHI_172_2b5_AR_005,ICBHI_172_2b5_AR,ICBHI_172,0,ICBHI,AKGC417L,0.5126239645074114,1
ICBHI_172_2b5_AR_006,ICBHI_172_2b5_AR,ICBHI_172,0,ICBHI,AKGC417L,0.5191708952242413,1
ICBHI_172_2b5_LR_000,ICBHI_172_2b5_LR,ICBHI_172,0,ICBHI,AKGC417L,0.5664982418472789,1
ICBHI_172_2b5_LR_001,ICBHI_172_2b5_LR,ICBHI_172,0,ICBHI,AKGC417L,0.4629889634708145,1
ICBHI_172_2b5_LR_002,ICBHI_172_2b5_LR,ICBHI_172,0,ICBHI,AKGC417L,0.50852883574633,1
ICBHI_172_2b5_LR_003,ICBHI_172_2b5_LR,ICBHI_172,0,ICBHI,AKGC417L,0.6541218336117602,1
ICBHI_172_2b5_LR_004,ICBHI_172_2b5_LR,ICBHI_172,0,ICBHI,AKGC417L,0.5891846293344347,1
ICBHI_172_2b5_LR_005,ICBHI_172_2b5_LR,ICBHI_172,0,ICBHI,AKGC417L,0.6002469423710768,1
ICBHI_172_2b5_LR_006,ICBHI_172_2b5_LR,ICBHI_172,0,ICBHI,AKGC417L,0.535948607399797,1
ICBHI_172_2b5_PL_000,ICBHI_172_2b5_PL,ICBHI_172,0,ICBHI,AKGC417L,0.6303436615712044,1
ICBHI_172_2b5_PL_001,ICBHI_172_2b5_PL,ICBHI_172,0,ICBHI,AKGC417L,0.6262384732594434,1
ICBHI_172_2b5_PL_002,ICBHI_172_2b5_PL,ICBHI_172,0,ICBHI,AKGC417L,0.5628373947506442,1
ICBHI_172_2b5_PL_003,ICBHI_172_2b5_PL,ICBHI_172,0,ICBHI,AKGC417L,0.6053908534601293,1
ICBHI_172_2b5_PL_004,ICBHI_172_2b5_PL,ICBHI_172,0,ICBHI,AKGC417L,0.5795193962695273,1
ICBHI_172_2b5_PL_005,ICBHI_172_2b5_PL,ICBHI_172,0,ICBHI,AKGC417L,0.5872923353229543,1
ICBHI_172_2b5_PL_006,ICBHI_172_2b5_PL,ICBHI_172,0,ICBHI,AKGC417L,0.6230328989674405,1
ICBHI_172_2b5_PR_000,ICBHI_172_2b5_PR,ICBHI_172,0,ICBHI,AKGC417L,0.4840599688801844,1
ICBHI_172_2b5_PR_001,ICBHI_172_2b5_PR,ICBHI_172,0,ICBHI,AKGC417L,0.4544721586616533,1
ICBHI_172_2b5_PR_002,ICBHI_172_2b5_PR,ICBHI_172,0,ICBHI,AKGC417L,0.4463137101324771,1
ICBHI_172_2b5_PR_003,ICBHI_172_2b5_PR,ICBHI_172,0,ICBHI,AKGC417L,0.4764274001397611,1
ICBHI_172_2b5_PR_004,ICBHI_172_2b5_PR,ICBHI_172,0,ICBHI,AKGC417L,0.4382441830146781,1
ICBHI_172_2b5_PR_005,ICBHI_172_2b5_PR,ICBHI_172,0,ICBHI,AKGC417L,0.3925114596341725,1
ICBHI_172_2b5_PR_006,ICBHI_172_2b5_PR,ICBHI_172,0,ICBHI,AKGC417L,0.4048015224022077,1
ICBHI_172_2b5_TC_000,ICBHI_172_2b5_TC,ICBHI_172,0,ICBHI,AKGC417L,0.5400143427194453,1
ICBHI_172_2b5_TC_001,ICBHI_172_2b5_TC,ICBHI_172,0,ICBHI,AKGC417L,0.5702116780024943,1
ICBHI_172_2b5_TC_002,ICBHI_172_2b5_TC,ICBHI_172,0,ICBHI,AKGC417L,0.5343391678963976,1
ICBHI_172_2b5_TC_003,ICBHI_172_2b5_TC,ICBHI_172,0,ICBHI,AKGC417L,0.597314306200055,1
ICBHI_172_2b5_TC_004,ICBHI_172_2b5_TC,ICBHI_172,0,ICBHI,AKGC417L,0.6382717961674019,1
ICBHI_172_2b5_TC_005,ICBHI_172_2b5_TC,ICBHI_172,0,ICBHI,AKGC417L,0.6510221370914505,1
ICBHI_172_2b5_TC_006,ICBHI_172_2b5_TC,ICBHI_172,0,ICBHI,AKGC417L,0.6041654019679065,1
ICBHI_180_1b4_AL_000,ICBHI_180_1b4_AL,ICBHI_180,1,ICBHI,AKGC417L,0.4989252107008368,1
ICBHI_180_1b4_AL_001,ICBHI_180_1b4_AL,ICBHI_180,1,ICBHI,AKGC417L,0.6422081173490422,1
ICBHI_180_1b4_AL_002,ICBHI_180_1b4_AL,ICBHI_180,1,ICBHI,AKGC417L,0.6172242740107606,1
ICBHI_180_1b4_AL_003,ICBHI_180_1b4_AL,ICBHI_180,1,ICBHI,AKGC417L,0.6408606496873825,1
ICBHI_180_1b4_AL_004,ICBHI_180_1b4_AL,ICBHI_180,1,ICBHI,AKGC417L,0.7085151879024869,1
ICBHI_180_1b4_AL_005,ICBHI_180_1b4_AL,ICBHI_180,1,ICBHI,AKGC417L,0.7044652014107812,1
ICBHI_180_1b4_AL_006,ICBHI_180_1b4_AL,ICBHI_180,1,ICBHI,AKGC417L,0.6100469955482225,1
ICBHI_180_1b4_AR_000,ICBHI_180_1b4_AR,ICBHI_180,1,ICBHI,AKGC417L,0.3634209328406997,1
ICBHI_180_1b4_AR_001,ICBHI_180_1b4_AR,ICBHI_180,1,ICBHI,AKGC417L,0.4716795142778686,1
ICBHI_180_1b4_AR_002,ICBHI_180_1b4_AR,ICBHI_180,1,ICBHI,AKGC417L,0.3951341787784442,1
ICBHI_180_1b4_AR_003,ICBHI_180_1b4_AR,ICBHI_180,1,ICBHI,AKGC417L,0.1763876812923297,1
ICBHI_180_1b4_AR_004,ICBHI_180_1b4_AR,ICBHI_180,1,ICBHI,AKGC417L,0.2843772252476749,1
ICBHI_180_1b4_AR_005,ICBHI_180_1b4_AR,ICBHI_180,1,ICBHI,AKGC417L,0.4348212486348504,1
ICBHI_180_1b4_AR_006,ICBHI_180_1b4_AR,ICBHI_180,1,ICBHI,AKGC417L,0.3516449625250581,1
ICBHI_180_1b4_LR_000,ICBHI_180_1b4_LR,ICBHI_180,1,ICBHI,AKGC417L,0.8564524932892094,1
ICBHI_180_1b4_LR_001,ICBHI_180_1b4_LR,ICBHI_180,1,ICBHI,AKGC417L,0.8713654401007822,1
ICBHI_180_1b4_LR_002,ICBHI_180_1b4_LR,ICBHI_180,1,ICBHI,AKGC417L,0.7225270183691288,1
ICBHI_180_1b4_LR_003,ICBHI_180_1b4_LR,ICBHI_180,1,ICBHI,AKGC417L,0.6939916747785091,1
ICBHI_180_1b4_LR_004,ICBHI_180_1b4_LR,ICBHI_180,1,ICBHI,AKGC417L,0.8757869916479466,1
ICBHI_180_1b4_LR_005,ICBHI_180_1b4_LR,ICBHI_180,1,ICBHI,AKGC417L,0.8587185839992991,1
ICBHI_180_1b4_LR_006,ICBHI_180_1b4_LR,ICBHI_180,1,ICBHI,AKGC417L,0.8678218637325634,1
ICBHI_180_1b4_PL_000,ICBHI_180_1b4_PL,ICBHI_180,1,ICBHI,AKGC417L,0.5332455537490869,1
ICBHI_180_1b4_PL_001,ICBHI_180_1b4_PL,ICBHI_180,1,ICBHI,AKGC417L,0.592489771870683,1
ICBHI_180_1b4_PL_002,ICBHI_180_1b4_PL,ICBHI_180,1,ICBHI,AKGC417L,0.5274078019359705,1
ICBHI_180_1b4_PL_003,ICBHI_180_1b4_PL,ICBHI_180,1,ICBHI,AKGC417L,0.477066883132228,1
ICBHI_180_1b4_PL_004,ICBHI_180_1b4_PL,ICBHI_180,1,ICBHI,AKGC417L,0.6730842398001611,1
ICBHI_180_1b4_PL_005,ICBHI_180_1b4_PL,ICBHI_180,1,ICBHI,AKGC417L,0.7411123045411034,1
ICBHI_180_1b4_PL_006,ICBHI_180_1b4_PL,ICBHI_180,1,ICBHI,AKGC417L,0.6228035131187,1
ICBHI_180_1b4_PR_000,ICBHI_180_1b4_PR,ICBHI_180,1,ICBHI,AKGC417L,0.7143292172729856,1
ICBHI_180_1b4_PR_001,ICBHI_180_1b4_PR,ICBHI_180,1,ICBHI,AKGC417L,0.7882573707551939,1
ICBHI_180_1b4_PR_002,ICBHI_180_1b4_PR,ICBHI_180,1,ICBHI,AKGC417L,0.7327830999605387,1
ICBHI_180_1b4_PR_003,ICBHI_180_1b4_PR,ICBHI_180,1,ICBHI,AKGC417L,0.6107437127856301,1
ICBHI_180_1b4_PR_004,ICBHI_180_1b4_PR,ICBHI_180,1,ICBHI,AKGC417L,0.7833262058913498,1
ICBHI_180_1b4_PR_005,ICBHI_180_1b4_PR,ICBHI_180,1,ICBHI,AKGC417L,0.7516481568828648,1
ICBHI_180_1b4_PR_006,ICBHI_180_1b4_PR,ICBHI_180,1,ICBHI,AKGC417L,0.800067893575815,1
ICBHI_181_1b1_AR_000,ICBHI_181_1b1_AR,ICBHI_181,1,ICBHI,LittC2SE,0.4757271027520969,1
ICBHI_181_1b1_AR_001,ICBHI_181_1b1_AR,ICBHI_181,1,ICBHI,LittC2SE,0.8110781922144276,1
ICBHI_181_1b1_AR_002,ICBHI_181_1b1_AR,ICBHI_181,1,ICBHI,LittC2SE,0.7671669574523438,1
ICBHI_181_1b1_AR_003,ICBHI_181_1b1_AR,ICBHI_181,1,ICBHI,LittC2SE,0.6245225595762177,1
ICBHI_181_1b1_AR_004,ICBHI_181_1b1_AR,ICBHI_181,1,ICBHI,LittC2SE,0.7185943925708561,1
ICBHI_181_1b1_AR_005,ICBHI_181_1b1_AR,ICBHI_181,1,ICBHI,LittC2SE,0.7134316121126845,1
ICBHI_181_1b1_AR_006,ICBHI_181_1b1_AR,ICBHI_181,1,ICBHI,LittC2SE,0.7346909745190238,1
ICBHI_181_1b1_TC_000,ICBHI_181_1b1_TC,ICBHI_181,1,ICBHI,LittC2SE,0.4309853624243235,1
ICBHI_181_1b1_TC_001,ICBHI_181_1b1_TC,ICBHI_181,1,ICBHI,LittC2SE,0.4946176700703586,1
ICBHI_181_1b1_TC_002,ICBHI_181_1b1_TC,ICBHI_181,1,ICBHI,LittC2SE,0.5277881094625835,1
ICBHI_181_1b1_TC_003,ICBHI_181_1b1_TC,ICBHI_181,1,ICBHI,LittC2SE,0.4166186189591657,1
ICBHI_181_1b1_TC_004,ICBHI_181_1b1_TC,ICBHI_181,1,ICBHI,LittC2SE,0.244723829109982,1
ICBHI_181_1b1_TC_005,ICBHI_181_1b1_TC,ICBHI_181,1,ICBHI,LittC2SE,0.4638388803564506,1
ICBHI_181_1b1_TC_006,ICBHI_181_1b1_TC,ICBHI_181,1,ICBHI,LittC2SE,0.4597430897742489,1
ICBHI_181_1b2_AR_000,ICBHI_181_1b2_AR,ICBHI_181,1,ICBHI,LittC2SE,0.5904250184736357,1
ICBHI_181_1b2_AR_001,ICBHI_181_1b2_AR,ICBHI_181,1,ICBHI,LittC2SE,0.7834919083324888,1
ICBHI_181_1b2_AR_002,ICBHI_181_1b2_AR,ICBHI_181,1,ICBHI,LittC2SE,0.8576489207970808,1
ICBHI_181_1b2_AR_003,ICBHI_181_1b2_AR,ICBHI_181,1,ICBHI,LittC2SE,0.7216451341817308,1
ICBHI_181_1b2_AR_004,ICBHI_181_1b2_AR,ICBHI_181,1,ICBHI,LittC2SE,0.8071568154401839,1
ICBHI_181_1b2_AR_005,ICBHI_181_1b2_AR,ICBHI_181,1,ICBHI,LittC2SE,0.7382918730797098,1
ICBHI_181_1b2_AR_006,ICBHI_181_1b2_AR,ICBHI_181,1,ICBHI,LittC2SE,0.8100284909481296,1
ICBHI_181_1b3_TC_000,ICBHI_181_1b3_TC,ICBHI_181,1,ICBHI,LittC2SE,0.2180027153123658,1
ICBHI_181_1b3_TC_001,ICBHI_181_1b3_TC,ICBHI_181,1,ICBHI,LittC2SE,0.4023334053232417,1
ICBHI_181_1b3_TC_002,ICBHI_181_1b3_TC,ICBHI_181,1,ICBHI,LittC2SE,0.383468126770641,1
ICBHI_181_1b3_TC_003,ICBHI_181_1b3_TC,ICBHI_181,1,ICBHI,LittC2SE,0.3741044570584383,1
ICBHI_181_1b3_TC_004,ICBHI_181_1b3_TC,ICBHI_181,1,ICBHI,LittC2SE,0.3443331934745242,1
ICBHI_181_1b3_TC_005,ICBHI_181_1b3_TC,ICBHI_181,1,ICBHI,LittC2SE,0.246714791938487,1
ICBHI_181_1b3_TC_006,ICBHI_181_1b3_TC,ICBHI_181,1,ICBHI,LittC2SE,0.3176378920053574,1
ICBHI_183_1b1_PL_000,ICBHI_183_1b1_PL,ICBHI_183,1,ICBHI,Meditron,0.5954925562405032,1
ICBHI_183_1b1_PL_001,ICBHI_183_1b1_PL,ICBHI_183,1,ICBHI,Meditron,0.5882979414307719,1
ICBHI_183_1b1_PL_002,ICBHI_183_1b1_PL,ICBHI_183,1,ICBHI,Meditron,0.4656912058663282,1
ICBHI_183_1b1_PL_003,ICBHI_183_1b1_PL,ICBHI_183,1,ICBHI,Meditron,0.6613763197684221,1
ICBHI_183_1b1_PL_004,ICBHI_183_1b1_PL,ICBHI_183,1,ICBHI,Meditron,0.6683393162733969,1
ICBHI_183_1b1_PL_005,ICBHI_183_1b1_PL,ICBHI_183,1,ICBHI,Meditron,0.5011100750804134,1
ICBHI_183_1b1_PL_006,ICBHI_183_1b1_PL,ICBHI_183,1,ICBHI,Meditron,0.6817267766465328,1
ICBHI_183_1b1_TC_000,ICBHI_183_1b1_TC,ICBHI_183,1,ICBHI,Meditron,0.9086178969328288,1
ICBHI_183_1b1_TC_001,ICBHI_183_1b1_TC,ICBHI_183,1,ICBHI,Meditron,0.9804313244446876,1
ICBHI_183_1b1_TC_002,ICBHI_183_1b1_TC,ICBHI_183,1,ICBHI,Meditron,0.8484706618201715,1
ICBHI_183_1b1_TC_003,ICBHI_183_1b1_TC,ICBHI_183,1,ICBHI,Meditron,0.694924132784345,1
ICBHI_183_1b1_TC_004,ICBHI_183_1b1_TC,ICBHI_183,1,ICBHI,Meditron,0.7418610704636929,1
ICBHI_183_1b1_TC_005,ICBHI_183_1b1_TC,ICBHI_183,1,ICBHI,Meditron,0.4722118905374166,1
ICBHI_183_1b1_TC_006,ICBHI_183_1b1_TC,ICBHI_183,1,ICBHI,Meditron,0.7008948097542927,1
ICBHI_185_1b1_AL_000,ICBHI_185_1b1_AL,ICBHI_185,1,ICBHI,Litt3200,0.7483522975713798,1
ICBHI_185_1b1_AL_001,ICBHI_185_1b1_AL,ICBHI_185,1,ICBHI,Litt3200,0.7796575529570593,1
ICBHI_185_1b1_AL_002,ICBHI_185_1b1_AL,ICBHI_185,1,ICBHI,Litt3200,0.7225270183691288,1
ICBHI_185_1b1_AL_003,ICBHI_185_1b1_AL,ICBHI_185,1,ICBHI,Litt3200,0.7166154133246849,1
ICBHI_185_1b1_AL_004,ICBHI_185_1b1_AL,ICBHI_185,1,ICBHI,Litt3200,0.849971175657575,1
ICBHI_185_1b1_AL_005,ICBHI_185_1b1_AL,ICBHI_185,1,ICBHI,Litt3200,0.8100284909481296,1
ICBHI_185_1b1_AR_000,ICBHI_185_1b1_AR,ICBHI_185,1,ICBHI,Litt3200,0.7958168298924412,1
ICBHI_185_1b1_AR_001,ICBHI_185_1b1_AR,ICBHI_185,1,ICBHI,Litt3200,0.8006920020959544,1
ICBHI_185_1b1_AR_002,ICBHI_185_1b1_AR,ICBHI_185,1,ICBHI,Litt3200,0.8598992139095175,1
ICBHI_185_1b1_AR_003,ICBHI_185_1b1_AR,ICBHI_185,1,ICBHI,Litt3200,0.8556100225016848,1
ICBHI_185_1b1_AR_004,ICBHI_185_1b1_AR,ICBHI_185,1,ICBHI,Litt3200,0.7465087674839027,1
ICBHI_185_1b1_AR_005,ICBHI_185_1b1_AR,ICBHI_185,1,ICBHI,Litt3200,0.7070002730499041,1
ICBHI_185_1b1_AR_006,ICBHI_185_1b1_AR,ICBHI_185,1,ICBHI,Litt3200,0.9005297861178929,1
ICBHI_185_1b1_AR_007,ICBHI_185_1b1_AR,ICBHI_185,1,ICBHI,Litt3200,0.7682119308365938,1
ICBHI_185_1b1_LL_000,ICBHI_185_1b1_LL,ICBHI_185,1,ICBHI,Litt3200,0.8852352197343663,1
ICBHI_185_1b1_LL_001,ICBHI_185_1b1_LL,ICBHI_185,1,ICBHI,Litt3200,0.7876046534649508,1
ICBHI_185_1b1_LL_002,ICBHI_185_1b1_LL,ICBHI_185,1,ICBHI,Litt3200,0.719186444117276,1
ICBHI_185_1b1_LL_003,ICBHI_185_1b1_LL,ICBHI_185,1,ICBHI,Litt3200,0.6819386290509806,1
ICBHI_185_1b1_LL_004,ICBHI_185_1b1_LL,ICBHI_185,1,ICBHI,Litt3200,0.6889918139293073,1
ICBHI_185_1b1_LL_005,ICBHI_185_1b1_LL,ICBHI_185,1,ICBHI,Litt3200,0.7846492570213327,1
ICBHI_185_1b1_LR_000,ICBHI_185_1b1_LR,ICBHI_185,1,ICBHI,Litt3200,0.7767923062684916,1
ICBHI_185_1b1_LR_001,ICBHI_185_1b1_LR,ICBHI_185,1,ICBHI,Litt3200,0.612483523052732,1
ICBHI_185_1b1_LR_002,ICBHI_185_1b1_LR,ICBHI_185,1,ICBHI,Litt3200,0.564158511159271,1
ICBHI_185_1b1_LR_003,ICBHI_185_1b1_LR,ICBHI_185,1,ICBHI,Litt3200,0.6357879646847634,1
ICBHI_185_1b1_LR_004,ICBHI_185_1b1_LR,ICBHI_185,1,ICBHI,Litt3200,0.5590493253529065,1
ICBHI_185_1b1_LR_005,ICBHI_185_1b1_LR,ICBHI_185,1,ICBHI,Litt3200,0.5986055369710652,1
ICBHI_185_1b1_PL_000,ICBHI_185_1b1_PL,ICBHI_185,1,ICBHI,Litt3200,0.6193561727694702,1
ICBHI_185_1b1_PL_001,ICBHI_185_1b1_PL,ICBHI_185,1,ICBHI,Litt3200,0.6488002028418868,1
ICBHI_185_1b1_PL_002,ICBHI_185_1b1_PL,ICBHI_185,1,ICBHI,Litt3200,0.6416469441542848,1
ICBHI_185_1b1_PL_003,ICBHI_185_1b1_PL,ICBHI_185,1,ICBHI,Litt3200,0.6632328459389722,1
ICBHI_185_1b1_PL_004,ICBHI_185_1b1_PL,ICBHI_185,1,ICBHI,Litt3200,0.5993092695423764,1
ICBHI_185_1b1_PL_005,ICBHI_185_1b1_PL,ICBHI_185,1,ICBHI,Litt3200,0.5989574542622662,1
ICBHI_185_1b1_PR_000,ICBHI_185_1b1_PR,ICBHI_185,1,ICBHI,Litt3200,0.8424747345956373,1
ICBHI_185_1b1_PR_001,ICBHI_185_1b1_PR,ICBHI_185,1,ICBHI,Litt3200,0.7659436805244414,1
ICBHI_185_1b1_PR_002,ICBHI_185_1b1_PR,ICBHI_185,1,ICBHI,Litt3200,0.7420480411535827,1
ICBHI_185_1b1_PR_003,ICBHI_185_1b1_PR,ICBHI_185,1,ICBHI,Litt3200,0.7001777707679018,1
ICBHI_185_1b1_PR_004,ICBHI_185_1b1_PR,ICBHI_185,1,ICBHI,Litt3200,0.6564380628568284,1
ICBHI_185_1b1_PR_005,ICBHI_185_1b1_PR,ICBHI_185,1,ICBHI,Litt3200,0.5964331462646254,1
ICBHI_185_1b1_PR_006,ICBHI_185_1b1_PR,ICBHI_185,1,ICBHI,Litt3200,0.7149266824678394,1
ICBHI_185_1b1_PR_007,ICBHI_185_1b1_PR,ICBHI_185,1,ICBHI,Litt3200,0.7153245749262304,1
ICBHI_204_2b5_AL_000,ICBHI_204_2b5_AL,ICBHI_204,1,ICBHI,AKGC417L,0.5948454930122904,1
ICBHI_204_2b5_AL_001,ICBHI_204_2b5_AL,ICBHI_204,1,ICBHI,AKGC417L,0.6743722375633308,1
ICBHI_204_2b5_AL_002,ICBHI_204_2b5_AL,ICBHI_204,1,ICBHI,AKGC417L,0.6814088570454407,1
ICBHI_204_2b5_AL_003,ICBHI_204_2b5_AL,ICBHI_204,1,ICBHI,AKGC417L,0.7626009092335494,1
ICBHI_204_2b5_AL_004,ICBHI_204_2b5_AL,ICBHI_204,1,ICBHI,AKGC417L,0.7545534430129951,1
ICBHI_204_2b5_AL_005,ICBHI_204_2b5_AL,ICBHI_204,1,ICBHI,AKGC417L,0.7243831111164736,1
ICBHI_204_2b5_AL_006,ICBHI_204_2b5_AL,ICBHI_204,1,ICBHI,AKGC417L,0.6897237499113223,1
ICBHI_204_2b5_AR_000,ICBHI_204_2b5_AR,ICBHI_204,1,ICBHI,AKGC417L,0.7867866921370192,1
ICBHI_204_2b5_AR_001,ICBHI_204_2b5_AR,ICBHI_204,1,ICBHI,AKGC417L,0.8370879625470882,1
ICBHI_204_2b5_AR_002,ICBHI_204_2b5_AR,ICBHI_204,1,ICBHI,AKGC417L,0.8588370200175164,1
ICBHI_204_2b5_AR_003,ICBHI_204_2b5_AR,ICBHI_204,1,ICBHI,AKGC417L,0.6707161287687373,1
ICBHI_204_2b5_AR_004,ICBHI_204_2b5_AR,ICBHI_204,1,ICBHI,AKGC417L,0.789071202610787,1
ICBHI_204_2b5_AR_005,ICBHI_204_2b5_AR,ICBHI_204,1,ICBHI,AKGC417L,0.8060905349808641,1
ICBHI_204_2b5_AR_006,ICBHI_204_2b5_AR,ICBHI_204,1,ICBHI,AKGC417L,0.6066732399173614,1
ICBHI_204_2b5_LL_000,ICBHI_204_2b5_LL,ICBHI_204,1,ICBHI,AKGC417L,0.3043517253385499,1
ICBHI_204_2b5_LL_001,ICBHI_204_2b5_LL,ICBHI_204,1,ICBHI,AKGC417L,0.3368762228291792,1
ICBHI_204_2b5_LL_002,ICBHI_204_2b5_LL,ICBHI_204,1,ICBHI,AKGC417L,0.4770973365953914,1
ICBHI_204_2b5_LL_003,ICBHI_204_2b5_LL,ICBHI_204,1,ICBHI,AKGC417L,0.443118405440769,1
ICBHI_204_2b5_LL_004,ICBHI_204_2b5_LL,ICBHI_204,1,ICBHI,AKGC417L,0.5130280563174127,1
ICBHI_204_2b5_LL_005,ICBHI_204_2b5_LL,ICBHI_204,1,ICBHI,AKGC417L,0.6311397288493975,1
ICBHI_204_2b5_LL_006,ICBHI_204_2b5_LL,ICBHI_204,1,ICBHI,AKGC417L,0.5946101154363115,1
ICBHI_204_7p5_AL_000,ICBHI_204_7p5_AL,ICBHI_204,1,ICBHI,AKGC417L,0.9954967275829107,1
ICBHI_204_7p5_AL_001,ICBHI_204_7p5_AL,ICBHI_204,1,ICBHI,AKGC417L,0.990403545267618,1
ICBHI_204_7p5_AL_002,ICBHI_204_7p5_AL,ICBHI_204,1,ICBHI,AKGC417L,0.9856076636305632,1
ICBHI_204_7p5_AL_003,ICBHI_204_7p5_AL,ICBHI_204,1,ICBHI,AKGC417L,0.9772408443444812,1
ICBHI_204_7p5_AL_004,ICBHI_204_7p5_AL,ICBHI_204,1,ICBHI,AKGC417L,0.9842154389261902,1
ICBHI_204_7p5_AL_005,ICBHI_204_7p5_AL,ICBHI_204,1,ICBHI,AKGC417L,0.9826243354907804,1
ICBHI_204_7p5_AL_006,ICBHI_204_7p5_AL,ICBHI_204,1,ICBHI,AKGC417L,0.9781354435078864,1
ICBHI_204_7p5_AR_000,ICBHI_204_7p5_AR,ICBHI_204,1,ICBHI,AKGC417L,0.9990415351561638,1
ICBHI_204_7p5_AR_001,ICBHI_204_7p5_AR,ICBHI_204,1,ICBHI,AKGC417L,0.99794124660115,1
ICBHI_204_7p5_AR_002,ICBHI_204_7p5_AR,ICBHI_204,1,ICBHI,AKGC417L,0.9971550903350206,1
ICBHI_204_7p5_AR_003,ICBHI_204_7p5_AR,ICBHI_204,1,ICBHI,AKGC417L,0.9958337438789612,1
ICBHI_204_7p5_AR_004,ICBHI_204_7p5_AR,ICBHI_204,1,ICBHI,AKGC417L,0.9970878217168856,1
ICBHI_204_7p5_AR_005,ICBHI_204_7p5_AR,ICBHI_204,1,ICBHI,AKGC417L,0.9965301092676848,1
ICBHI_204_7p5_AR_006,ICBHI_204_7p5_AR,ICBHI_204,1,ICBHI,AKGC417L,0.9956176633592692,1
ICBHI_204_7p5_LL_000,ICBHI_204_7p5_LL,ICBHI_204,1,ICBHI,AKGC417L,0.9811668701095654,1
ICBHI_204_7p5_LL_001,ICBHI_204_7p5_LL,ICBHI_204,1,ICBHI,AKGC417L,0.971401639453534,1
ICBHI_204_7p5_LL_002,ICBHI_204_7p5_LL,ICBHI_204,1,ICBHI,AKGC417L,0.9578334587487554,1
ICBHI_204_7p5_LL_003,ICBHI_204_7p5_LL,ICBHI_204,1,ICBHI,AKGC417L,0.941439173126251,1
ICBHI_204_7p5_LL_004,ICBHI_204_7p5_LL,ICBHI_204,1,ICBHI,AKGC417L,0.9639839292499328,1
ICBHI_204_7p5_LL_005,ICBHI_204_7p5_LL,ICBHI_204,1,ICBHI,AKGC417L,0.9647224530933884,1
ICBHI_204_7p5_LL_006,ICBHI_204_7p5_LL,ICBHI_204,1,ICBHI,AKGC417L,0.9537080988961596,1
ICBHI_204_7p5_LR_000,ICBHI_204_7p5_LR,ICBHI_204,1,ICBHI,AKGC417L,0.996378314521325,1
ICBHI_204_7p5_LR_001,ICBHI_204_7p5_LR,ICBHI_204,1,ICBHI,AKGC417L,0.99507548962592,1
ICBHI_204_7p5_LR_002,ICBHI_204_7p5_LR,ICBHI_204,1,ICBHI,AKGC417L,0.9939496023117854,1
ICBHI_204_7p5_LR_003,ICBHI_204_7p5_LR,ICBHI_204,1,ICBHI,AKGC417L,0.9897513980768414,1
ICBHI_204_7p5_LR_004,ICBHI_204_7p5_LR,ICBHI_204,1,ICBHI,AKGC417L,0.9940889311437562,1
ICBHI_204_7p5_LR_005,ICBHI_204_7p5_LR,ICBHI_204,1,ICBHI,AKGC417L,0.9950563109218776,1
ICBHI_204_7p5_LR_006,ICBHI_204_7p5_LR,ICBHI_204,1,ICBHI,AKGC417L,0.9939730484115986,1
ICBHI_204_7p5_PR_000,ICBHI_204_7p5_PR,ICBHI_204,1,ICBHI,AKGC417L,0.3380771241500058,1
ICBHI_204_7p5_PR_001,ICBHI_204_7p5_PR,ICBHI_204,1,ICBHI,AKGC417L,0.2909808662149067,1
ICBHI_204_7p5_PR_002,ICBHI_204_7p5_PR,ICBHI_204,1,ICBHI,AKGC417L,0.36534345524434,1
ICBHI_204_7p5_PR_003,ICBHI_204_7p5_PR,ICBHI_204,1,ICBHI,AKGC417L,0.404860346339858,1
ICBHI_204_7p5_PR_004,ICBHI_204_7p5_PR,ICBHI_204,1,ICBHI,AKGC417L,0.2879680110457833,1
ICBHI_204_7p5_PR_005,ICBHI_204_7p5_PR,ICBHI_204,1,ICBHI,AKGC417L,0.2745458314902352,1
ICBHI_204_7p5_PR_006,ICBHI_204_7p5_PR,ICBHI_204,1,ICBHI,AKGC417L,0.2758119044712017,1
ICBHI_204_7p5_TC_000,ICBHI_204_7p5_TC,ICBHI_204,1,ICBHI,AKGC417L,0.9900250791759212,1
ICBHI_204_7p5_TC_001,ICBHI_204_7p5_TC,ICBHI_204,1,ICBHI,AKGC417L,0.976355659124078,1
ICBHI_204_7p5_TC_002,ICBHI_204_7p5_TC,ICBHI_204,1,ICBHI,AKGC417L,0.9676556676188428,1
ICBHI_204_7p5_TC_003,ICBHI_204_7p5_TC,ICBHI_204,1,ICBHI,AKGC417L,0.9549004305956024,1
ICBHI_204_7p5_TC_004,ICBHI_204_7p5_TC,ICBHI_204,1,ICBHI,AKGC417L,0.9635062337709722,1
ICBHI_204_7p5_TC_005,ICBHI_204_7p5_TC,ICBHI_204,1,ICBHI,AKGC417L,0.959686562165167,1
ICBHI_204_7p5_TC_006,ICBHI_204_7p5_TC,ICBHI_204,1,ICBHI,AKGC417L,0.9448931005611606,1
ICBHI_109_1b1_AL_000,ICBHI_109_1b1_AL,ICBHI_109,1,ICBHI,Litt3200,0.8704872113355656,2
ICBHI_109_1b1_AL_001,ICBHI_109_1b1_AL,ICBHI_109,1,ICBHI,Litt3200,0.9219218348550492,2
ICBHI_109_1b1_AL_002,ICBHI_109_1b1_AL,ICBHI_109,1,ICBHI,Litt3200,0.8460696636822582,2
ICBHI_109_1b1_AL_003,ICBHI_109_1b1_AL,ICBHI_109,1,ICBHI,Litt3200,0.7565374791252202,2
ICBHI_109_1b1_AL_004,ICBHI_109_1b1_AL,ICBHI_109,1,ICBHI,Litt3200,0.9532750413739076,2
ICBHI_109_1b1_AL_005,ICBHI_109_1b1_AL,ICBHI_109,1,ICBHI,Litt3200,0.7784809512005694,2
ICBHI_109_1b1_AL_006,ICBHI_109_1b1_AL,ICBHI_109,1,ICBHI,Litt3200,0.0319191527304033,2
ICBHI_109_1b1_AR_000,ICBHI_109_1b1_AR,ICBHI_109,1,ICBHI,Litt3200,0.9749168590639716,2
ICBHI_109_1b1_AR_001,ICBHI_109_1b1_AR,ICBHI_109,1,ICBHI,Litt3200,0.9894295113796924,2
ICBHI_109_1b1_AR_002,ICBHI_109_1b1_AR,ICBHI_109,1,ICBHI,Litt3200,0.991875291221819,2
ICBHI_109_1b1_AR_003,ICBHI_109_1b1_AR,ICBHI_109,1,ICBHI,Litt3200,0.9942919660808864,2
ICBHI_109_1b1_AR_004,ICBHI_109_1b1_AR,ICBHI_109,1,ICBHI,Litt3200,0.9962927471256138,2
ICBHI_109_1b1_AR_005,ICBHI_109_1b1_AR,ICBHI_109,1,ICBHI,Litt3200,0.8497219425324707,2
ICBHI_109_1b1_LL_000,ICBHI_109_1b1_LL,ICBHI_109,1,ICBHI,Litt3200,0.9874236517231209,2
ICBHI_109_1b1_LL_001,ICBHI_109_1b1_LL,ICBHI_109,1,ICBHI,Litt3200,0.982423116732664,2
ICBHI_109_1b1_LL_002,ICBHI_109_1b1_LL,ICBHI_109,1,ICBHI,Litt3200,0.9818056317790944,2
ICBHI_109_1b1_LL_003,ICBHI_109_1b1_LL,ICBHI_109,1,ICBHI,Litt3200,0.9849852519941804,2
ICBHI_109_1b1_LL_004,ICBHI_109_1b1_LL,ICBHI_109,1,ICBHI,Litt3200,0.9231777955470524,2
ICBHI_109_1b1_LR_000,ICBHI_109_1b1_LR,ICBHI_109,1,ICBHI,Litt3200,0.979706514428458,2
ICBHI_109_1b1_LR_001,ICBHI_109_1b1_LR,ICBHI_109,1,ICBHI,Litt3200,0.9181872878284922,2
ICBHI_109_1b1_LR_002,ICBHI_109_1b1_LR,ICBHI_109,1,ICBHI,Litt3200,0.7039566617217692,2
ICBHI_109_1b1_LR_003,ICBHI_109_1b1_LR,ICBHI_109,1,ICBHI,Litt3200,0.8420855424580784,2
ICBHI_109_1b1_LR_004,ICBHI_109_1b1_LR,ICBHI_109,1,ICBHI,Litt3200,0.7118317107464548,2
ICBHI_109_1b1_PL_000,ICBHI_109_1b1_PL,ICBHI_109,1,ICBHI,Litt3200,0.9791157841059936,2
ICBHI_109_1b1_PL_001,ICBHI_109_1b1_PL,ICBHI_109,1,ICBHI,Litt3200,0.9880389017501904,2
ICBHI_109_1b1_PL_002,ICBHI_109_1b1_PL,ICBHI_109,1,ICBHI,Litt3200,0.9933330680687192,2
ICBHI_109_1b1_PL_003,ICBHI_109_1b1_PL,ICBHI_109,1,ICBHI,Litt3200,0.9519526413943112,2
ICBHI_109_1b1_PL_004,ICBHI_109_1b1_PL,ICBHI_109,1,ICBHI,Litt3200,0.6770471054717195,2
ICBHI_109_1b1_PL_005,ICBHI_109_1b1_PL,ICBHI_109,1,ICBHI,Litt3200,0.9289263306198166,2
ICBHI_109_1b1_PR_000,ICBHI_109_1b1_PR,ICBHI_109,1,ICBHI,Litt3200,0.9935618974445168,2
ICBHI_109_1b1_PR_001,ICBHI_109_1b1_PR,ICBHI_109,1,ICBHI,Litt3200,0.9834068220804096,2
ICBHI_109_1b1_PR_002,ICBHI_109_1b1_PR,ICBHI_109,1,ICBHI,Litt3200,0.9752018398044144,2
ICBHI_109_1b1_PR_003,ICBHI_109_1b1_PR,ICBHI_109,1,ICBHI,Litt3200,0.9512329045230108,2
ICBHI_109_1b1_PR_004,ICBHI_109_1b1_PR,ICBHI_109,1,ICBHI,Litt3200,0.971238412735002,2
ICBHI_109_1b1_PR_005,ICBHI_109_1b1_PR,ICBHI_109,1,ICBHI,Litt3200,0.9278877945870696,2
ICBHI_109_1b1_PR_006,ICBHI_109_1b1_PR,ICBHI_109,1,ICBHI,Litt3200,0.9005297861178929,2
ICBHI_109_1b1_PR_007,ICBHI_109_1b1_PR,ICBHI_109,1,ICBHI,Litt3200,0.9913892323324892,2
ICBHI_109_1b1_PR_008,ICBHI_109_1b1_PR,ICBHI_109,1,ICBHI,Litt3200,0.97129292184185,2
ICBHI_109_1b1_PR_009,ICBHI_109_1b1_PR,ICBHI_109,1,ICBHI,Litt3200,0.9294404038127072,2
ICBHI_109_1b1_PR_010,ICBHI_109_1b1_PR,ICBHI_109,1,ICBHI,Litt3200,0.9673486215396556,2
ICBHI_114_1b4_AL_000,ICBHI_114_1b4_AL,ICBHI_114,1,ICBHI,AKGC417L,0.9813106915732508,2
ICBHI_114_1b4_AL_001,ICBHI_114_1b4_AL,ICBHI_114,1,ICBHI,AKGC417L,0.975900554890232,2
ICBHI_114_1b4_AL_002,ICBHI_114_1b4_AL,ICBHI_114,1,ICBHI,AKGC417L,0.955235687404285,2
ICBHI_114_1b4_AL_003,ICBHI_114_1b4_AL,ICBHI_114,1,ICBHI,AKGC417L,0.9800530655725896,2
ICBHI_114_1b4_AL_004,ICBHI_114_1b4_AL,ICBHI_114,1,ICBHI,AKGC417L,0.991875291221819,2
ICBHI_114_1b4_AL_005,ICBHI_114_1b4_AL,ICBHI_114,1,ICBHI,AKGC417L,0.9936610782629056,2
ICBHI_114_1b4_AL_006,ICBHI_114_1b4_AL,ICBHI_114,1,ICBHI,AKGC417L,0.9893062422638244,2
ICBHI_114_1b4_AR_000,ICBHI_114_1b4_AR,ICBHI_114,1,ICBHI,AKGC417L,0.843379816636549,2
ICBHI_114_1b4_AR_001,ICBHI_114_1b4_AR,ICBHI_114,1,ICBHI,AKGC417L,0.6317079118195137,2
ICBHI_114_1b4_AR_002,ICBHI_114_1b4_AR,ICBHI_114,1,ICBHI,AKGC417L,0.6765130508657318,2
ICBHI_114_1b4_AR_003,ICBHI_114_1b4_AR,ICBHI_114,1,ICBHI,AKGC417L,0.8752548437248808,2
ICBHI_114_1b4_AR_004,ICBHI_114_1b4_AR,ICBHI_114,1,ICBHI,AKGC417L,0.9194980766039684,2
ICBHI_114_1b4_AR_005,ICBHI_114_1b4_AR,ICBHI_114,1,ICBHI,AKGC417L,0.2731864153747502,2
ICBHI_114_1b4_AR_006,ICBHI_114_1b4_AR,ICBHI_114,1,ICBHI,AKGC417L,0.1175721335455088,2
ICBHI_114_1b4_LR_000,ICBHI_114_1b4_LR,ICBHI_114,1,ICBHI,AKGC417L,0.9362850057480346,2
ICBHI_114_1b4_LR_001,ICBHI_114_1b4_LR,ICBHI_114,1,ICBHI,AKGC417L,0.8944211564084097,2
ICBHI_114_1b4_LR_002,ICBHI_114_1b4_LR,ICBHI_114,1,ICBHI,AKGC417L,0.90648769084615,2
ICBHI_114_1b4_LR_003,ICBHI_114_1b4_LR,ICBHI_114,1,ICBHI,AKGC417L,0.861654662567155,2
ICBHI_114_1b4_LR_004,ICBHI_114_1b4_LR,ICBHI_114,1,ICBHI,AKGC417L,0.961893381187516,2
ICBHI_114_1b4_LR_005,ICBHI_114_1b4_LR,ICBHI_114,1,ICBHI,AKGC417L,0.9674717764988552,2
ICBHI_114_1b4_LR_006,ICBHI_114_1b4_LR,ICBHI_114,1,ICBHI,AKGC417L,0.9238675232288402,2
ICBHI_114_1b4_PL_000,ICBHI_114_1b4_PL,ICBHI_114,1,ICBHI,AKGC417L,0.8668104328150339,2
ICBHI_114_1b4_PL_001,ICBHI_114_1b4_PL,ICBHI_114,1,ICBHI,AKGC417L,0.4635049591074219,2
ICBHI_114_1b4_PL_002,ICBHI_114_1b4_PL,ICBHI_114,1,ICBHI,AKGC417L,0.2361637298652219,2
ICBHI_114_1b4_PL_003,ICBHI_114_1b4_PL,ICBHI_114,1,ICBHI,AKGC417L,0.4662379768844541,2
ICBHI_114_1b4_PL_004,ICBHI_114_1b4_PL,ICBHI_114,1,ICBHI,AKGC417L,0.7636600622263221,2
ICBHI_114_1b4_PL_005,ICBHI_114_1b4_PL,ICBHI_114,1,ICBHI,AKGC417L,0.2488991403765098,2
ICBHI_114_1b4_PL_006,ICBHI_114_1b4_PL,ICBHI_114,1,ICBHI,AKGC417L,0.1570075560868728,2
ICBHI_114_1b4_PR_000,ICBHI_114_1b4_PR,ICBHI_114,1,ICBHI,AKGC417L,0.55416889102898,2
ICBHI_114_1b4_PR_001,ICBHI_114_1b4_PR,ICBHI_114,1,ICBHI,AKGC417L,0.1253863130312207,2
ICBHI_114_1b4_PR_002,ICBHI_114_1b4_PR,ICBHI_114,1,ICBHI,AKGC417L,0.3935598124863247,2
ICBHI_114_1b4_PR_003,ICBHI_114_1b4_PR,ICBHI_114,1,ICBHI,AKGC417L,0.623147571229474,2
ICBHI_114_1b4_PR_004,ICBHI_114_1b4_PR,ICBHI_114,1,ICBHI,AKGC417L,0.8588370200175164,2
ICBHI_114_1b4_PR_005,ICBHI_114_1b4_PR,ICBHI_114,1,ICBHI,AKGC417L,0.7024280055200729,2
ICBHI_114_1b4_PR_006,ICBHI_114_1b4_PR,ICBHI_114,1,ICBHI,AKGC417L,0.477143017109341,2
ICBHI_118_1b1_AL_000,ICBHI_118_1b1_AL,ICBHI_118,0,ICBHI,Litt3200,0.972151549366048,2
ICBHI_118_1b1_AL_001,ICBHI_118_1b1_AL,ICBHI_118,0,ICBHI,Litt3200,0.979589692299694,2
ICBHI_118_1b1_AL_002,ICBHI_118_1b1_AL,ICBHI_118,0,ICBHI,Litt3200,0.969324198289326,2
ICBHI_118_1b1_AL_003,ICBHI_118_1b1_AL,ICBHI_118,0,ICBHI,Litt3200,0.9702399060540357,2
ICBHI_118_1b1_AL_004,ICBHI_118_1b1_AL,ICBHI_118,0,ICBHI,Litt3200,0.9897116988662836,2
ICBHI_118_1b1_AR_000,ICBHI_118_1b1_AR,ICBHI_118,0,ICBHI,Litt3200,0.8691603027446185,2
ICBHI_118_1b1_AR_001,ICBHI_118_1b1_AR,ICBHI_118,0,ICBHI,Litt3200,0.2868679643269601,2
ICBHI_118_1b1_AR_002,ICBHI_118_1b1_AR,ICBHI_118,0,ICBHI,Litt3200,0.8902942261220291,2
ICBHI_118_1b1_AR_003,ICBHI_118_1b1_AR,ICBHI_118,0,ICBHI,Litt3200,0.7063930178525605,2
ICBHI_118_1b1_AR_004,ICBHI_118_1b1_AR,ICBHI_118,0,ICBHI,Litt3200,0.8797679310636178,2
ICBHI_118_1b1_AR_005,ICBHI_118_1b1_AR,ICBHI_118,0,ICBHI,Litt3200,0.9918437513730266,2
ICBHI_118_1b1_LL_000,ICBHI_118_1b1_LL,ICBHI_118,0,ICBHI,Litt3200,0.9110215117615452,2
ICBHI_118_1b1_LL_001,ICBHI_118_1b1_LL,ICBHI_118,0,ICBHI,Litt3200,0.9441768588653856,2
ICBHI_118_1b1_LL_002,ICBHI_118_1b1_LL,ICBHI_118,0,ICBHI,Litt3200,0.8103288604067668,2
ICBHI_118_1b1_LL_003,ICBHI_118_1b1_LL,ICBHI_118,0,ICBHI,Litt3200,0.5113277122301372,2
ICBHI_118_1b1_LR_000,ICBHI_118_1b1_LR,ICBHI_118,0,ICBHI,Litt3200,0.904986948012096,2
ICBHI_118_1b1_LR_001,ICBHI_118_1b1_LR,ICBHI_118,0,ICBHI,Litt3200,0.6382717961674019,2
ICBHI_118_1b1_LR_002,ICBHI_118_1b1_LR,ICBHI_118,0,ICBHI,Litt3200,0.9710742821322724,2
ICBHI_118_1b1_LR_003,ICBHI_118_1b1_LR,ICBHI_118,0,ICBHI,Litt3200,0.9370957582019432,2
ICBHI_118_1b1_LR_004,ICBHI_118_1b1_LR,ICBHI_118,0,ICBHI,Litt3200,0.9535353360498288,2
ICBHI_118_1b1_LR_005,ICBHI_118_1b1_LR,ICBHI_118,0,ICBHI,Litt3200,0.9785492708245106,2
ICBHI_118_1b1_LR_006,ICBHI_118_1b1_LR,ICBHI_118,0,ICBHI,Litt3200,0.9812748375316978,2
ICBHI_118_1b1_PL_000,ICBHI_118_1b1_PL,ICBHI_118,0,ICBHI,Litt3200,0.9613165029135924,2
ICBHI_118_1b1_PL_001,ICBHI_118_1b1_PL,ICBHI_118,0,ICBHI,Litt3200,0.9813821977381684,2
ICBHI_118_1b1_PL_002,ICBHI_118_1b1_PL,ICBHI_118,0,ICBHI,Litt3200,0.9879462204837636,2
ICBHI_118_1b1_PR_000,ICBHI_118_1b1_PR,ICBHI_118,0,ICBHI,Litt3200,0.9727790975901732,2
ICBHI_118_1b1_PR_001,ICBHI_118_1b1_PR,ICBHI_118,0,ICBHI,Litt3200,0.9403530570548788,2
ICBHI_118_1b1_PR_002,ICBHI_118_1b1_PR,ICBHI_118,0,ICBHI,Litt3200,0.9875203002546722,2
ICBHI_125_1b1_TC_000,ICBHI_125_1b1_TC,ICBHI_125,1,ICBHI,Meditron,0.983342959990771,2
ICBHI_125_1b1_TC_001,ICBHI_125_1b1_TC,ICBHI_125,1,ICBHI,Meditron,0.9680204398748076,2
ICBHI_125_1b1_TC_002,ICBHI_125_1b1_TC,ICBHI_125,1,ICBHI,Meditron,0.8914335771643437,2
ICBHI_125_1b1_TC_003,ICBHI_125_1b1_TC,ICBHI_125,1,ICBHI,Meditron,0.964589269923676,2
ICBHI_125_1b1_TC_004,ICBHI_125_1b1_TC,ICBHI_125,1,ICBHI,Meditron,0.9907319866190856,2
ICBHI_125_1b1_TC_005,ICBHI_125_1b1_TC,ICBHI_125,1,ICBHI,Meditron,0.9680808472695964,2
ICBHI_125_1b1_TC_006,ICBHI_125_1b1_TC,ICBHI_125,1,ICBHI,Meditron,0.9701834588562,2
ICBHI_134_2b1_AL_000,ICBHI_134_2b1_AL,ICBHI_134,1,ICBHI,LittC2SE,0.4670886703572909,2
ICBHI_134_2b1_AL_001,ICBHI_134_2b1_AL,ICBHI_134,1,ICBHI,LittC2SE,0.4927792801118468,2
ICBHI_134_2b1_AL_002,ICBHI_134_2b1_AL,ICBHI_134,1,ICBHI,LittC2SE,0.6273806568317251,2
ICBHI_134_2b1_AL_003,ICBHI_134_2b1_AL,ICBHI_134,1,ICBHI,LittC2SE,0.9227612136829396,2
ICBHI_134_2b1_AL_004,ICBHI_134_2b1_AL,ICBHI_134,1,ICBHI,LittC2SE,0.7490872131147275,2
ICBHI_134_2b1_AL_005,ICBHI_134_2b1_AL,ICBHI_134,1,ICBHI,LittC2SE,0.3635339023636925,2
ICBHI_134_2b1_AL_006,ICBHI_134_2b1_AL,ICBHI_134,1,ICBHI,LittC2SE,0.1609242558838068,2
ICBHI_134_2b1_AR_000,ICBHI_134_2b1_AR,ICBHI_134,1,ICBHI,LittC2SE,0.97129292184185,2
ICBHI_134_2b1_AR_001,ICBHI_134_2b1_AR,ICBHI_134,1,ICBHI,LittC2SE,0.9127477534452756,2
ICBHI_134_2b1_AR_002,ICBHI_134_2b1_AR,ICBHI_134,1,ICBHI,LittC2SE,0.8644249424829792,2
ICBHI_134_2b1_AR_003,ICBHI_134_2b1_AR,ICBHI_134,1,ICBHI,LittC2SE,0.9626731126558706,2
ICBHI_134_2b1_AR_004,ICBHI_134_2b1_AR,ICBHI_134,1,ICBHI,LittC2SE,0.989510908740062,2
ICBHI_134_2b1_AR_005,ICBHI_134_2b1_AR,ICBHI_134,1,ICBHI,LittC2SE,0.961893381187516,2
ICBHI_134_2b1_AR_006,ICBHI_134_2b1_AR,ICBHI_134,1,ICBHI,LittC2SE,0.929823701560032,2
ICBHI_134_2b2_AL_000,ICBHI_134_2b2_AL,ICBHI_134,1,ICBHI,LittC2SE,0.7082125739194518,2
ICBHI_134_2b2_AL_001,ICBHI_134_2b2_AL,ICBHI_134,1,ICBHI,LittC2SE,0.4074512827706604,2
ICBHI_134_2b2_AL_002,ICBHI_134_2b2_AL,ICBHI_134,1,ICBHI,LittC2SE,0.0948452442053536,2
ICBHI_134_2b2_AL_003,ICBHI_134_2b2_AL,ICBHI_134,1,ICBHI,LittC2SE,0.3914640967163951,2
ICBHI_134_2b2_AL_004,ICBHI_134_2b2_AL,ICBHI_134,1,ICBHI,LittC2SE,0.7932661483848841,2
ICBHI_134_2b2_AL_005,ICBHI_134_2b2_AL,ICBHI_134,1,ICBHI,LittC2SE,0.2708657866854836,2
ICBHI_134_2b2_AL_006,ICBHI_134_2b2_AL,ICBHI_134,1,ICBHI,LittC2SE,0.5028686208686749,2
ICBHI_134_2b2_AR_000,ICBHI_134_2b2_AR,ICBHI_134,1,ICBHI,LittC2SE,0.9871292507842532,2
ICBHI_134_2b2_AR_001,ICBHI_134_2b2_AR,ICBHI_134,1,ICBHI,LittC2SE,0.9354645234007783,2
ICBHI_134_2b2_AR_002,ICBHI_134_2b2_AR,ICBHI_134,1,ICBHI,LittC2SE,0.9510513782831764,2
ICBHI_134_2b2_AR_003,ICBHI_134_2b2_AR,ICBHI_134,1,ICBHI,LittC2SE,0.9876638995791304,2
ICBHI_134_2b2_AR_004,ICBHI_134_2b2_AR,ICBHI_134,1,ICBHI,LittC2SE,0.987992649452366,2
ICBHI_134_2b2_AR_005,ICBHI_134_2b2_AR,ICBHI_134,1,ICBHI,LittC2SE,0.9284088005554476,2
ICBHI_134_2b2_AR_006,ICBHI_134_2b2_AR,ICBHI_134,1,ICBHI,LittC2SE,0.7314424129709252,2
ICBHI_134_2b3_AR_000,ICBHI_134_2b3_AR,ICBHI_134,1,ICBHI,LittC2SE,0.8325091688411175,2
ICBHI_134_2b3_AR_001,ICBHI_134_2b3_AR,ICBHI_134,1,ICBHI,LittC2SE,0.9390248191350352,2
ICBHI_134_2b3_AR_002,ICBHI_134_2b3_AR,ICBHI_134,1,ICBHI,LittC2SE,0.9214990214584188,2
ICBHI_134_2b3_AR_003,ICBHI_134_2b3_AR,ICBHI_134,1,ICBHI,LittC2SE,0.972519307190418,2
ICBHI_134_2b3_AR_004,ICBHI_134_2b3_AR,ICBHI_134,1,ICBHI,LittC2SE,0.960657496735742,2
ICBHI_134_2b3_AR_005,ICBHI_134_2b3_AR,ICBHI_134,1,ICBHI,LittC2SE,0.9212159832431626,2
ICBHI_134_2b3_AR_006,ICBHI_134_2b3_AR,ICBHI_134,1,ICBHI,LittC2SE,0.9183338856080048,2
ICBHI_156_2b3_AL_000,ICBHI_156_2b3_AL,ICBHI_156,1,ICBHI,AKGC417L,0.9604354448677628,2
ICBHI_156_2b3_AL_001,ICBHI_156_2b3_AL,ICBHI_156,1,ICBHI,AKGC417L,0.896975571673783,2
ICBHI_156_2b3_AL_002,ICBHI_156_2b3_AL,ICBHI_156,1,ICBHI,AKGC417L,0.527483866000213,2
ICBHI_156_2b3_AL_003,ICBHI_156_2b3_AL,ICBHI_156,1,ICBHI,AKGC417L,0.5645786763641139,2
ICBHI_156_2b3_AL_004,ICBHI_156_2b3_AL,ICBHI_156,1,ICBHI,AKGC417L,0.9422946838534368,2
ICBHI_156_2b3_AL_005,ICBHI_156_2b3_AL,ICBHI_156,1,ICBHI,AKGC417L,0.8664718364545149,2
ICBHI_156_2b3_AL_006,ICBHI_156_2b3_AL,ICBHI_156,1,ICBHI,AKGC417L,0.8230441204335245,2
ICBHI_156_2b3_AR_000,ICBHI_156_2b3_AR,ICBHI_156,1,ICBHI,AKGC417L,0.7816641373754407,2
ICBHI_156_2b3_AR_001,ICBHI_156_2b3_AR,ICBHI_156,1,ICBHI,AKGC417L,0.8792504866457316,2
ICBHI_156_2b3_AR_002,ICBHI_156_2b3_AR,ICBHI_156,1,ICBHI,AKGC417L,0.076407683350447,2
ICBHI_156_2b3_AR_003,ICBHI_156_2b3_AR,ICBHI_156,1,ICBHI,AKGC417L,0.047074175821024,2
ICBHI_156_2b3_AR_004,ICBHI_156_2b3_AR,ICBHI_156,1,ICBHI,AKGC417L,0.101767844507177,2
ICBHI_156_2b3_AR_005,ICBHI_156_2b3_AR,ICBHI_156,1,ICBHI,AKGC417L,0.0805019233960317,2
ICBHI_156_2b3_AR_006,ICBHI_156_2b3_AR,ICBHI_156,1,ICBHI,AKGC417L,0.1328516977810555,2
ICBHI_156_2b3_LL_000,ICBHI_156_2b3_LL,ICBHI_156,1,ICBHI,AKGC417L,0.9197867491515396,2
ICBHI_156_2b3_LL_001,ICBHI_156_2b3_LL,ICBHI_156,1,ICBHI,AKGC417L,0.8216173406683573,2
ICBHI_156_2b3_LL_002,ICBHI_156_2b3_LL,ICBHI_156,1,ICBHI,AKGC417L,0.3867055433214176,2
ICBHI_156_2b3_LL_003,ICBHI_156_2b3_LL,ICBHI_156,1,ICBHI,AKGC417L,0.5745141338952292,2
ICBHI_156_2b3_LL_004,ICBHI_156_2b3_LL,ICBHI_156,1,ICBHI,AKGC417L,0.6265812767716958,2
ICBHI_156_2b3_LL_005,ICBHI_156_2b3_LL,ICBHI_156,1,ICBHI,AKGC417L,0.8609547092195301,2
ICBHI_156_2b3_LL_006,ICBHI_156_2b3_LL,ICBHI_156,1,ICBHI,AKGC417L,0.9071478391683364,2
ICBHI_156_2b3_LR_000,ICBHI_156_2b3_LR,ICBHI_156,1,ICBHI,AKGC417L,0.9465966702001756,2
ICBHI_156_2b3_LR_001,ICBHI_156_2b3_LR,ICBHI_156,1,ICBHI,AKGC417L,0.9005297861178929,2
ICBHI_156_2b3_LR_002,ICBHI_156_2b3_LR,ICBHI_156,1,ICBHI,AKGC417L,0.7049732336450086,2
ICBHI_156_2b3_LR_003,ICBHI_156_2b3_LR,ICBHI_156,1,ICBHI,AKGC417L,0.3636468869428737,2
ICBHI_156_2b3_LR_004,ICBHI_156_2b3_LR,ICBHI_156,1,ICBHI,AKGC417L,0.3995773255074303,2
ICBHI_156_2b3_LR_005,ICBHI_156_2b3_LR,ICBHI_156,1,ICBHI,AKGC417L,0.8557306266169674,2
ICBHI_156_2b3_LR_006,ICBHI_156_2b3_LR,ICBHI_156,1,ICBHI,AKGC417L,0.8407825918539462,2
ICBHI_156_2b3_PL_000,ICBHI_156_2b3_PL,ICBHI_156,1,ICBHI,AKGC417L,0.9649873730532592,2
ICBHI_156_2b3_PL_001,ICBHI_156_2b3_PL,ICBHI_156,1,ICBHI,AKGC417L,0.9735442241838218,2
ICBHI_156_2b3_PL_002,ICBHI_156_2b3_PL,ICBHI_156,1,ICBHI,AKGC417L,0.9381240142763572,2
ICBHI_156_2b3_PL_003,ICBHI_156_2b3_PL,ICBHI_156,1,ICBHI,AKGC417L,0.902093313941911,2
ICBHI_156_2b3_PL_004,ICBHI_156_2b3_PL,ICBHI_156,1,ICBHI,AKGC417L,0.9596109312691484,2
ICBHI_156_2b3_PL_005,ICBHI_156_2b3_PL,ICBHI_156,1,ICBHI,AKGC417L,0.962743232064167,2
ICBHI_156_2b3_PL_006,ICBHI_156_2b3_PL,ICBHI_156,1,ICBHI,AKGC417L,0.9729852096621656,2
ICBHI_156_2b3_PR_000,ICBHI_156_2b3_PR,ICBHI_156,1,ICBHI,AKGC417L,0.8086723228520697,2
ICBHI_156_2b3_PR_001,ICBHI_156_2b3_PR,ICBHI_156,1,ICBHI,AKGC417L,0.693680501599108,2
ICBHI_156_2b3_PR_002,ICBHI_156_2b3_PR,ICBHI_156,1,ICBHI,AKGC417L,0.5086813784405381,2
ICBHI_156_2b3_PR_003,ICBHI_156_2b3_PR,ICBHI_156,1,ICBHI,AKGC417L,0.815085345943733,2
ICBHI_156_2b3_PR_004,ICBHI_156_2b3_PR,ICBHI_156,1,ICBHI,AKGC417L,0.6765130508657318,2
ICBHI_156_2b3_PR_005,ICBHI_156_2b3_PR,ICBHI_156,1,ICBHI,AKGC417L,0.324663488782487,2
ICBHI_156_2b3_PR_006,ICBHI_156_2b3_PR,ICBHI_156,1,ICBHI,AKGC417L,0.3985819996257173,2
ICBHI_156_5b3_AL_000,ICBHI_156_5b3_AL,ICBHI_156,1,ICBHI,AKGC417L,0.9706321458187712,2
ICBHI_156_5b3_AL_001,ICBHI_156_5b3_AL,ICBHI_156,1,ICBHI,AKGC417L,0.9171543753982088,2
ICBHI_156_5b3_AL_002,ICBHI_156_5b3_AL,ICBHI_156,1,ICBHI,AKGC417L,0.6541218336117602,2
ICBHI_156_5b3_AL_003,ICBHI_156_5b3_AL,ICBHI_156,1,ICBHI,AKGC417L,0.8221891305219503,2
ICBHI_156_5b3_AL_004,ICBHI_156_5b3_AL,ICBHI_156,1,ICBHI,AKGC417L,0.9890130573694068,2
ICBHI_156_5b3_AL_005,ICBHI_156_5b3_AL,ICBHI_156,1,ICBHI,AKGC417L,0.993255010457908,2
ICBHI_156_5b3_AL_006,ICBHI_156_5b3_AL,ICBHI_156,1,ICBHI,AKGC417L,0.9900635812940538,2
ICBHI_156_5b3_AR_000,ICBHI_156_5b3_AR,ICBHI_156,1,ICBHI,AKGC417L,0.1541848750571675,2
ICBHI_156_5b3_AR_001,ICBHI_156_5b3_AR,ICBHI_156,1,ICBHI,AKGC417L,0.1803952588642227,2
ICBHI_156_5b3_AR_002,ICBHI_156_5b3_AR,ICBHI_156,1,ICBHI,AKGC417L,0.2735743910248094,2
ICBHI_156_5b3_AR_003,ICBHI_156_5b3_AR,ICBHI_156,1,ICBHI,AKGC417L,0.6064984551609598,2
ICBHI_156_5b3_AR_004,ICBHI_156_5b3_AR,ICBHI_156,1,ICBHI,AKGC417L,0.3171089674493008,2
ICBHI_156_5b3_AR_005,ICBHI_156_5b3_AR,ICBHI_156,1,ICBHI,AKGC417L,0.3537630113546831,2
ICBHI_156_5b3_AR_006,ICBHI_156_5b3_AR,ICBHI_156,1,ICBHI,AKGC417L,0.5404994586605069,2
ICBHI_156_5b3_LL_000,ICBHI_156_5b3_LL,ICBHI_156,1,ICBHI,AKGC417L,0.9441768588653856,2
ICBHI_156_5b3_LL_001,ICBHI_156_5b3_LL,ICBHI_156,1,ICBHI,AKGC417L,0.9692660692486924,2
ICBHI_156_5b3_LL_002,ICBHI_156_5b3_LL,ICBHI_156,1,ICBHI,AKGC417L,0.9439706148821184,2
ICBHI_156_5b3_LL_003,ICBHI_156_5b3_LL,ICBHI_156,1,ICBHI,AKGC417L,0.8502200682951725,2
ICBHI_156_5b3_LL_004,ICBHI_156_5b3_LL,ICBHI_156,1,ICBHI,AKGC417L,0.7579735664426586,2
ICBHI_156_5b3_LL_005,ICBHI_156_5b3_LL,ICBHI_156,1,ICBHI,AKGC417L,0.7446563401437933,2
ICBHI_156_5b3_LL_006,ICBHI_156_5b3_LL,ICBHI_156,1,ICBHI,AKGC417L,0.861654662567155,2
ICBHI_156_5b3_LR_000,ICBHI_156_5b3_LR,ICBHI_156,1,ICBHI,AKGC417L,0.2397051166798774,2
ICBHI_156_5b3_LR_001,ICBHI_156_5b3_LR,ICBHI_156,1,ICBHI,AKGC417L,0.1778108694780495,2
ICBHI_156_5b3_LR_002,ICBHI_156_5b3_LR,ICBHI_156,1,ICBHI,AKGC417L,0.6752294429184604,2
ICBHI_156_5b3_LR_003,ICBHI_156_5b3_LR,ICBHI_156,1,ICBHI,AKGC417L,0.9081302185130296,2
ICBHI_156_5b3_LR_004,ICBHI_156_5b3_LR,ICBHI_156,1,ICBHI,AKGC417L,0.8765287249141699,2
ICBHI_156_5b3_LR_005,ICBHI_156_5b3_LR,ICBHI_156,1,ICBHI,AKGC417L,0.384334292520542,2
ICBHI_156_5b3_LR_006,ICBHI_156_5b3_LR,ICBHI_156,1,ICBHI,AKGC417L,0.6435533413299583,2
ICBHI_156_5b3_PL_000,ICBHI_156_5b3_PL,ICBHI_156,1,ICBHI,AKGC417L,0.0615367364119526,2
ICBHI_156_5b3_PL_001,ICBHI_156_5b3_PL,ICBHI_156,1,ICBHI,AKGC417L,0.0079688149533152,2
ICBHI_156_5b3_PL_002,ICBHI_156_5b3_PL,ICBHI_156,1,ICBHI,AKGC417L,0.0062899021368924,2
ICBHI_156_5b3_PL_003,ICBHI_156_5b3_PL,ICBHI_156,1,ICBHI,AKGC417L,0.0109023737292852,2
ICBHI_156_5b3_PL_004,ICBHI_156_5b3_PL,ICBHI_156,1,ICBHI,AKGC417L,0.0464646639501712,2
ICBHI_156_5b3_PL_005,ICBHI_156_5b3_PL,ICBHI_156,1,ICBHI,AKGC417L,0.0556176116046015,2
ICBHI_156_5b3_PL_006,ICBHI_156_5b3_PL,ICBHI_156,1,ICBHI,AKGC417L,0.3401563257405128,2
ICBHI_156_5b3_PR_000,ICBHI_156_5b3_PR,ICBHI_156,1,ICBHI,AKGC417L,0.9269676128492204,2
ICBHI_156_5b3_PR_001,ICBHI_156_5b3_PR,ICBHI_156,1,ICBHI,AKGC417L,0.910386183348348,2
ICBHI_156_5b3_PR_002,ICBHI_156_5b3_PR,ICBHI_156,1,ICBHI,AKGC417L,0.9493885651109318,2
ICBHI_156_5b3_PR_003,ICBHI_156_5b3_PR,ICBHI_156,1,ICBHI,AKGC417L,0.936051579348768,2
ICBHI_156_5b3_PR_004,ICBHI_156_5b3_PR,ICBHI_156,1,ICBHI,AKGC417L,0.9334308110294984,2
ICBHI_156_5b3_PR_005,ICBHI_156_5b3_PR,ICBHI_156,1,ICBHI,AKGC417L,0.9487275818697054,2
ICBHI_156_5b3_PR_006,ICBHI_156_5b3_PR,ICBHI_156,1,ICBHI,AKGC417L,0.9133679324357356,2
ICBHI_156_8b3_AL_000,ICBHI_156_8b3_AL,ICBHI_156,1,ICBHI,AKGC417L,0.8633916099737806,2
ICBHI_156_8b3_AL_001,ICBHI_156_8b3_AL,ICBHI_156,1,ICBHI,AKGC417L,0.4405896026567978,2
ICBHI_156_8b3_AL_002,ICBHI_156_8b3_AL,ICBHI_156,1,ICBHI,AKGC417L,0.6270381503544469,2
ICBHI_156_8b3_AL_003,ICBHI_156_8b3_AL,ICBHI_156,1,ICBHI,AKGC417L,0.6462369886453169,2
ICBHI_156_8b3_AL_004,ICBHI_156_8b3_AL,ICBHI_156,1,ICBHI,AKGC417L,0.8728901242892064,2
ICBHI_156_8b3_AL_005,ICBHI_156_8b3_AL,ICBHI_156,1,ICBHI,AKGC417L,0.9646559219424472,2
ICBHI_156_8b3_AL_006,ICBHI_156_8b3_AL,ICBHI_156,1,ICBHI,AKGC417L,0.8746136869687793,2
ICBHI_156_8b3_AR_000,ICBHI_156_8b3_AR,ICBHI_156,1,ICBHI,AKGC417L,0.9742394408803317,2
ICBHI_156_8b3_AR_001,ICBHI_156_8b3_AR,ICBHI_156,1,ICBHI,AKGC417L,0.9754836641728089,2
ICBHI_156_8b3_AR_002,ICBHI_156_8b3_AR,ICBHI_156,1,ICBHI,AKGC417L,0.9706321458187712,2
ICBHI_156_8b3_AR_003,ICBHI_156_8b3_AR,ICBHI_156,1,ICBHI,AKGC417L,0.9582261192116938,2
ICBHI_156_8b3_AR_004,ICBHI_156_8b3_AR,ICBHI_156,1,ICBHI,AKGC417L,0.9537080988961596,2
ICBHI_156_8b3_AR_005,ICBHI_156_8b3_AR,ICBHI_156,1,ICBHI,AKGC417L,0.9698996627595704,2
ICBHI_156_8b3_AR_006,ICBHI_156_8b3_AR,ICBHI_156,1,ICBHI,AKGC417L,0.9770664357676162,2
ICBHI_156_8b3_LL_000,ICBHI_156_8b3_LL,ICBHI_156,1,ICBHI,AKGC417L,0.956553103139948,2
ICBHI_156_8b3_LL_001,ICBHI_156_8b3_LL,ICBHI_156,1,ICBHI,AKGC417L,0.8358858292978949,2
ICBHI_156_8b3_LL_002,ICBHI_156_8b3_LL,ICBHI_156,1,ICBHI,AKGC417L,0.9660280028426234,2
ICBHI_156_8b3_LL_003,ICBHI_156_8b3_LL,ICBHI_156,1,ICBHI,AKGC417L,0.9559813501370537,2
ICBHI_156_8b3_LL_004,ICBHI_156_8b3_LL,ICBHI_156,1,ICBHI,AKGC417L,0.8444090059229068,2
ICBHI_156_8b3_LL_005,ICBHI_156_8b3_LL,ICBHI_156,1,ICBHI,AKGC417L,0.9302050734936124,2
ICBHI_156_8b3_LL_006,ICBHI_156_8b3_LL,ICBHI_156,1,ICBHI,AKGC417L,0.9522199336364292,2
ICBHI_156_8b3_LR_000,ICBHI_156_8b3_LR,ICBHI_156,1,ICBHI,AKGC417L,0.9645224968348788,2
ICBHI_156_8b3_LR_001,ICBHI_156_8b3_LR,ICBHI_156,1,ICBHI,AKGC417L,0.9704646607088953,2
ICBHI_156_8b3_LR_002,ICBHI_156_8b3_LR,ICBHI_156,1,ICBHI,AKGC417L,0.9507778868028012,2
ICBHI_156_8b3_LR_003,ICBHI_156_8b3_LR,ICBHI_156,1,ICBHI,AKGC417L,0.9694979473172858,2
ICBHI_156_8b3_LR_004,ICBHI_156_8b3_LR,ICBHI_156,1,ICBHI,AKGC417L,0.9770664357676162,2
ICBHI_156_8b3_LR_005,ICBHI_156_8b3_LR,ICBHI_156,1,ICBHI,AKGC417L,0.9830850867332734,2
ICBHI_156_8b3_LR_006,ICBHI_156_8b3_LR,ICBHI_156,1,ICBHI,AKGC417L,0.9789554342060388,2
ICBHI_156_8b3_PL_000,ICBHI_156_8b3_PL,ICBHI_156,1,ICBHI,AKGC417L,0.95275028649851,2
ICBHI_156_8b3_PL_001,ICBHI_156_8b3_PL,ICBHI_156,1,ICBHI,AKGC417L,0.8624675338981391,2
ICBHI_156_8b3_PL_002,ICBHI_156_8b3_PL,ICBHI_156,1,ICBHI,AKGC417L,0.714528455815728,2
ICBHI_156_8b3_PL_003,ICBHI_156_8b3_PL,ICBHI_156,1,ICBHI,AKGC417L,0.6432172466355996,2
ICBHI_156_8b3_PL_004,ICBHI_156_8b3_PL,ICBHI_156,1,ICBHI,AKGC417L,0.8429924439131272,2
ICBHI_156_8b3_PL_005,ICBHI_156_8b3_PL,ICBHI_156,1,ICBHI,AKGC417L,0.9548162433273092,2
ICBHI_156_8b3_PL_006,ICBHI_156_8b3_PL,ICBHI_156,1,ICBHI,AKGC417L,0.9026096017480524,2
ICBHI_159_1b1_AL_000,ICBHI_159_1b1_AL,ICBHI_159,1,ICBHI,Meditron,0.0080619915282716,2
ICBHI_159_1b1_AL_001,ICBHI_159_1b1_AL,ICBHI_159,1,ICBHI,Meditron,0.0434468968600518,2
ICBHI_159_1b1_AL_002,ICBHI_159_1b1_AL,ICBHI_159,1,ICBHI,Meditron,0.7444706089910426,2
ICBHI_159_1b1_AL_003,ICBHI_159_1b1_AL,ICBHI_159,1,ICBHI,Meditron,0.5558873216946758,2
ICBHI_159_1b1_AL_004,ICBHI_159_1b1_AL,ICBHI_159,1,ICBHI,Meditron,0.0491307887541007,2
ICBHI_159_1b1_AL_005,ICBHI_159_1b1_AL,ICBHI_159,1,ICBHI,Meditron,0.0462057490353195,2
ICBHI_159_1b1_AL_006,ICBHI_159_1b1_AL,ICBHI_159,1,ICBHI,Meditron,0.0344885275579172,2
ICBHI_159_1b1_AR_000,ICBHI_159_1b1_AR,ICBHI_159,1,ICBHI,Meditron,0.9248235972391684,2
ICBHI_159_1b1_AR_001,ICBHI_159_1b1_AR,ICBHI_159,1,ICBHI,Meditron,0.5652987435060433,2
ICBHI_159_1b1_AR_002,ICBHI_159_1b1_AR,ICBHI_159,1,ICBHI,Meditron,0.5790433915043833,2
ICBHI_159_1b1_AR_003,ICBHI_159_1b1_AR,ICBHI_159,1,ICBHI,Meditron,0.7026320890881814,2
ICBHI_159_1b1_AR_004,ICBHI_159_1b1_AR,ICBHI_159,1,ICBHI,Meditron,0.5691942454174254,2
ICBHI_159_1b1_AR_005,ICBHI_159_1b1_AR,ICBHI_159,1,ICBHI,Meditron,0.2476233679274287,2
ICBHI_159_1b1_AR_006,ICBHI_159_1b1_AR,ICBHI_159,1,ICBHI,Meditron,0.9334308110294984,2
ICBHI_159_1b1_LL_000,ICBHI_159_1b1_LL,ICBHI_159,1,ICBHI,Meditron,0.427396715988617,2
ICBHI_159_1b1_LL_001,ICBHI_159_1b1_LL,ICBHI_159,1,ICBHI,Meditron,0.708716827897607,2
ICBHI_159_1b1_LL_002,ICBHI_159_1b1_LL,ICBHI_159,1,ICBHI,Meditron,0.766643241802435,2
ICBHI_159_1b1_LL_003,ICBHI_159_1b1_LL,ICBHI_159,1,ICBHI,Meditron,0.192843184559816,2
ICBHI_159_1b1_LL_004,ICBHI_159_1b1_LL,ICBHI_159,1,ICBHI,Meditron,0.9322068610768112,2
ICBHI_159_1b1_LL_005,ICBHI_159_1b1_LL,ICBHI_159,1,ICBHI,Meditron,0.9686195704870232,2
ICBHI_159_1b1_LL_006,ICBHI_159_1b1_LL,ICBHI_159,1,ICBHI,Meditron,0.95275028649851,2
ICBHI_159_1b1_PR_000,ICBHI_159_1b1_PR,ICBHI_159,1,ICBHI,Meditron,0.0015070488633593,2
ICBHI_159_1b1_PR_001,ICBHI_159_1b1_PR,ICBHI_159,1,ICBHI,Meditron,0.0004373344035182,2
ICBHI_159_1b1_PR_002,ICBHI_159_1b1_PR,ICBHI_159,1,ICBHI,Meditron,0.006744989542092,2
ICBHI_159_1b1_PR_003,ICBHI_159_1b1_PR,ICBHI_159,1,ICBHI,Meditron,0.7858021104335594,2
ICBHI_159_1b1_PR_004,ICBHI_159_1b1_PR,ICBHI_159,1,ICBHI,Meditron,0.7975568078599278,2
ICBHI_159_1b1_PR_005,ICBHI_159_1b1_PR,ICBHI_159,1,ICBHI,Meditron,0.9643214491222696,2
ICBHI_159_1b1_PR_006,ICBHI_159_1b1_PR,ICBHI_159,1,ICBHI,Meditron,0.964254189725945,2
ICBHI_202_1b1_AR_000,ICBHI_202_1b1_AR,ICBHI_202,0,ICBHI,Meditron,0.159086721936221,2
ICBHI_202_1b1_AR_001,ICBHI_202_1b1_AR,ICBHI_202,0,ICBHI,Meditron,0.1081889545620703,2
ICBHI_202_1b1_AR_002,ICBHI_202_1b1_AR,ICBHI_202,0,ICBHI,Meditron,0.0482263415881329,2
ICBHI_202_1b1_AR_003,ICBHI_202_1b1_AR,ICBHI_202,0,ICBHI,Meditron,0.0261059153413239,2
ICBHI_202_1b1_AR_004,ICBHI_202_1b1_AR,ICBHI_202,0,ICBHI,Meditron,0.1169655905463842,2
ICBHI_202_1b1_AR_005,ICBHI_202_1b1_AR,ICBHI_202,0,ICBHI,Meditron,0.7149266824678394,2
ICBHI_207_2b2_AL_000,ICBHI_207_2b2_AL,ICBHI_207,1,ICBHI,AKGC417L,0.5133330200205887,2
ICBHI_207_2b2_AL_001,ICBHI_207_2b2_AL,ICBHI_207,1,ICBHI,AKGC417L,0.2703838848445502,2
ICBHI_207_2b2_AL_002,ICBHI_207_2b2_AL,ICBHI_207,1,ICBHI,AKGC417L,0.1080006532037251,2
ICBHI_207_2b2_AL_003,ICBHI_207_2b2_AL,ICBHI_207,1,ICBHI,AKGC417L,0.2269549235398473,2
ICBHI_207_2b2_AL_004,ICBHI_207_2b2_AL,ICBHI_207,1,ICBHI,AKGC417L,0.4197074116636803,2
ICBHI_207_2b2_AL_005,ICBHI_207_2b2_AL,ICBHI_207,1,ICBHI,AKGC417L,0.1871326821624266,2
ICBHI_207_2b2_AL_006,ICBHI_207_2b2_AL,ICBHI_207,1,ICBHI,AKGC417L,0.2038659854923637,2
ICBHI_207_2b2_AR_000,ICBHI_207_2b2_AR,ICBHI_207,1,ICBHI,AKGC417L,0.694924132784345,2
ICBHI_207_2b2_AR_001,ICBHI_207_2b2_AR,ICBHI_207,1,ICBHI,AKGC417L,0.1901218302690845,2
ICBHI_207_2b2_AR_002,ICBHI_207_2b2_AR,ICBHI_207,1,ICBHI,AKGC417L,0.20817892905742,2
ICBHI_207_2b2_AR_003,ICBHI_207_2b2_AR,ICBHI_207,1,ICBHI,AKGC417L,0.0579180874394744,2
ICBHI_207_2b2_AR_004,ICBHI_207_2b2_AR,ICBHI_207,1,ICBHI,AKGC417L,0.0281674728572783,2
ICBHI_207_2b2_AR_005,ICBHI_207_2b2_AR,ICBHI_207,1,ICBHI,AKGC417L,0.0481367711166348,2
ICBHI_207_2b2_AR_006,ICBHI_207_2b2_AR,ICBHI_207,1,ICBHI,AKGC417L,0.0316187672686454,2
ICBHI_207_2b2_PL_000,ICBHI_207_2b2_PL,ICBHI_207,1,ICBHI,AKGC417L,0.9315870896477918,2
ICBHI_207_2b2_PL_001,ICBHI_207_2b2_PL,ICBHI_207,1,ICBHI,AKGC417L,0.9347534342381864,2
ICBHI_207_2b2_PL_002,ICBHI_207_2b2_PL,ICBHI_207,1,ICBHI,AKGC417L,0.2746430933759977,2
ICBHI_207_2b2_PL_003,ICBHI_207_2b2_PL,ICBHI_207,1,ICBHI,AKGC417L,0.2985936218865598,2
ICBHI_207_2b2_PL_004,ICBHI_207_2b2_PL,ICBHI_207,1,ICBHI,AKGC417L,0.8047130321052022,2
ICBHI_207_2b2_PL_005,ICBHI_207_2b2_PL,ICBHI_207,1,ICBHI,AKGC417L,0.2085010665899247,2
ICBHI_207_2b2_PL_006,ICBHI_207_2b2_PL,ICBHI_207,1,ICBHI,AKGC417L,0.024845436894269,2
ICBHI_207_2b2_PR_000,ICBHI_207_2b2_PR,ICBHI_207,1,ICBHI,AKGC417L,0.9200744765243404,2
ICBHI_207_2b2_PR_001,ICBHI_207_2b2_PR,ICBHI_207,1,ICBHI,AKGC417L,0.9127477534452756,2
ICBHI_207_2b2_PR_002,ICBHI_207_2b2_PR,ICBHI_207,1,ICBHI,AKGC417L,0.9486324916130384,2
ICBHI_207_2b2_PR_003,ICBHI_207_2b2_PR,ICBHI_207,1,ICBHI,AKGC417L,0.9602867432263156,2
ICBHI_207_2b2_PR_004,ICBHI_207_2b2_PR,ICBHI_207,1,ICBHI,AKGC417L,0.8209005803310302,2
ICBHI_207_2b2_PR_005,ICBHI_207_2b2_PR,ICBHI_207,1,ICBHI,AKGC417L,0.7978719760520335,2
ICBHI_207_2b2_PR_006,ICBHI_207_2b2_PR,ICBHI_207,1,ICBHI,AKGC417L,0.5267079532922733,2
ICBHI_207_2b2_TC_000,ICBHI_207_2b2_TC,ICBHI_207,1,ICBHI,AKGC417L,0.9575961713681532,2
ICBHI_207_2b2_TC_001,ICBHI_207_2b2_TC,ICBHI_207,1,ICBHI,AKGC417L,0.9111797075998822,2
ICBHI_207_2b2_TC_002,ICBHI_207_2b2_TC,ICBHI_207,1,ICBHI,AKGC417L,0.9194980766039684,2
ICBHI_207_2b2_TC_003,ICBHI_207_2b2_TC,ICBHI_207,1,ICBHI,AKGC417L,0.8895288461051276,2
ICBHI_207_2b2_TC_004,ICBHI_207_2b2_TC,ICBHI_207,1,ICBHI,AKGC417L,0.5080178063110586,2
ICBHI_207_2b2_TC_005,ICBHI_207_2b2_TC,ICBHI_207,1,ICBHI,AKGC417L,0.7141298953091939,2
ICBHI_207_2b2_TC_006,ICBHI_207_2b2_TC,ICBHI_207,1,ICBHI,AKGC417L,0.4253068370817751,2
ICBHI_207_2b3_AL_000,ICBHI_207_2b3_AL,ICBHI_207,1,ICBHI,AKGC417L,0.3388424233620251,2
ICBHI_207_2b3_AL_001,ICBHI_207_2b3_AL,ICBHI_207,1,ICBHI,AKGC417L,0.5979013976892245,2
ICBHI_207_2b3_AL_002,ICBHI_207_2b3_AL,ICBHI_207,1,ICBHI,AKGC417L,0.7648916107800069,2
ICBHI_207_2b3_AL_003,ICBHI_207_2b3_AL,ICBHI_207,1,ICBHI,AKGC417L,0.863851684976284,2
ICBHI_207_2b3_AL_004,ICBHI_207_2b3_AL,ICBHI_207,1,ICBHI,AKGC417L,0.5645186584272933,2
ICBHI_207_2b3_AL_005,ICBHI_207_2b3_AL,ICBHI_207,1,ICBHI,AKGC417L,0.5136684686198906,2
ICBHI_207_2b3_AL_006,ICBHI_207_2b3_AL,ICBHI_207,1,ICBHI,AKGC417L,0.8065480596743698,2
ICBHI_207_2b3_AR_000,ICBHI_207_2b3_AR,ICBHI_207,1,ICBHI,AKGC417L,0.1691312393790342,2
ICBHI_207_2b3_AR_001,ICBHI_207_2b3_AR,ICBHI_207,1,ICBHI,AKGC417L,0.4563794838902035,2
ICBHI_207_2b3_AR_002,ICBHI_207_2b3_AR,ICBHI_207,1,ICBHI,AKGC417L,0.4664506320397574,2
ICBHI_207_2b3_AR_003,ICBHI_207_2b3_AR,ICBHI_207,1,ICBHI,AKGC417L,0.230053735376872,2
ICBHI_207_2b3_AR_004,ICBHI_207_2b3_AR,ICBHI_207,1,ICBHI,AKGC417L,0.0875638395230586,2
ICBHI_207_2b3_AR_005,ICBHI_207_2b3_AR,ICBHI_207,1,ICBHI,AKGC417L,0.1231545559799236,2
ICBHI_207_2b3_AR_006,ICBHI_207_2b3_AR,ICBHI_207,1,ICBHI,AKGC417L,0.1037486268663797,2
ICBHI_207_2b3_PL_000,ICBHI_207_2b3_PL,ICBHI_207,1,ICBHI,AKGC417L,0.8683809516442299,2
ICBHI_207_2b3_PL_001,ICBHI_207_2b3_PL,ICBHI_207,1,ICBHI,AKGC417L,0.6365790671593003,2
ICBHI_207_2b3_PL_002,ICBHI_207_2b3_PL,ICBHI_207,1,ICBHI,AKGC417L,0.7327830999605387,2
ICBHI_207_2b3_PL_003,ICBHI_207_2b3_PL,ICBHI_207,1,ICBHI,AKGC417L,0.4239945589644366,2
ICBHI_207_2b3_PL_004,ICBHI_207_2b3_PL,ICBHI_207,1,ICBHI,AKGC417L,0.2393493473227116,2
ICBHI_207_2b3_PL_005,ICBHI_207_2b3_PL,ICBHI_207,1,ICBHI,AKGC417L,0.1473096826344548,2
ICBHI_207_2b3_PL_006,ICBHI_207_2b3_PL,ICBHI_207,1,ICBHI,AKGC417L,0.0575992058665795,2
ICBHI_207_2b3_PR_000,ICBHI_207_2b3_PR,ICBHI_207,1,ICBHI,AKGC417L,0.9806178087982642,2
ICBHI_207_2b3_PR_001,ICBHI_207_2b3_PR,ICBHI_207,1,ICBHI,AKGC417L,0.9333093454842049,2
ICBHI_207_2b3_PR_002,ICBHI_207_2b3_PR,ICBHI_207,1,ICBHI,AKGC417L,0.644784477408059,2
ICBHI_207_2b3_PR_003,ICBHI_207_2b3_PR,ICBHI_207,1,ICBHI,AKGC417L,0.8721297214755852,2
ICBHI_207_2b3_PR_004,ICBHI_207_2b3_PR,ICBHI_207,1,ICBHI,AKGC417L,0.7333563766381476,2
ICBHI_207_2b3_PR_005,ICBHI_207_2b3_PR,ICBHI_207,1,ICBHI,AKGC417L,0.959837417123999,2
ICBHI_207_2b3_PR_006,ICBHI_207_2b3_PR,ICBHI_207,1,ICBHI,AKGC417L,0.8980534791726937,2
ICBHI_207_2b3_TC_000,ICBHI_207_2b3_TC,ICBHI_207,1,ICBHI,AKGC417L,0.961389068531974,2
ICBHI_207_2b3_TC_001,ICBHI_207_2b3_TC,ICBHI_207,1,ICBHI,AKGC417L,0.9359345675826196,2
ICBHI_207_2b3_TC_002,ICBHI_207_2b3_TC,ICBHI_207,1,ICBHI,AKGC417L,0.8899121189857752,2
ICBHI_207_2b3_TC_003,ICBHI_207_2b3_TC,ICBHI_207,1,ICBHI,AKGC417L,0.9558990874315896,2
ICBHI_207_2b3_TC_004,ICBHI_207_2b3_TC,ICBHI_207,1,ICBHI,AKGC417L,0.95938322225612,2
ICBHI_207_2b3_TC_005,ICBHI_207_2b3_TC,ICBHI_207,1,ICBHI,AKGC417L,0.9676556676188428,2
ICBHI_207_2b3_TC_006,ICBHI_207_2b3_TC,ICBHI_207,1,ICBHI,AKGC417L,0.9457010633730656,2
ICBHI_207_2b4_AL_000,ICBHI_207_2b4_AL,ICBHI_207,1,ICBHI,AKGC417L,0.1904227457340858,2
ICBHI_207_2b4_AL_001,ICBHI_207_2b4_AL,ICBHI_207,1,ICBHI,AKGC417L,0.4970646241780841,2
ICBHI_207_2b4_AL_002,ICBHI_207_2b4_AL,ICBHI_207,1,ICBHI,AKGC417L,0.5681762282863395,2
ICBHI_207_2b4_AL_003,ICBHI_207_2b4_AL,ICBHI_207,1,ICBHI,AKGC417L,0.3478693450749595,2
ICBHI_207_2b4_AL_004,ICBHI_207_2b4_AL,ICBHI_207,1,ICBHI,AKGC417L,0.5716470422998096,2
ICBHI_207_2b4_AL_005,ICBHI_207_2b4_AL,ICBHI_207,1,ICBHI,AKGC417L,0.6790722958283981,2
ICBHI_207_2b4_AL_006,ICBHI_207_2b4_AL,ICBHI_207,1,ICBHI,AKGC417L,0.2037075306987091,2
ICBHI_207_2b4_AR_000,ICBHI_207_2b4_AR,ICBHI_207,1,ICBHI,AKGC417L,0.2056150395700177,2
ICBHI_207_2b4_AR_001,ICBHI_207_2b4_AR,ICBHI_207,1,ICBHI,AKGC417L,0.0171767090123184,2
ICBHI_207_2b4_AR_002,ICBHI_207_2b4_AR,ICBHI_207,1,ICBHI,AKGC417L,0.0355443975264148,2
ICBHI_207_2b4_AR_003,ICBHI_207_2b4_AR,ICBHI_207,1,ICBHI,AKGC417L,0.0815197559747189,2
ICBHI_207_2b4_AR_004,ICBHI_207_2b4_AR,ICBHI_207,1,ICBHI,AKGC417L,0.0846439581357809,2
ICBHI_207_2b4_AR_005,ICBHI_207_2b4_AR,ICBHI_207,1,ICBHI,AKGC417L,0.032040078058081,2
ICBHI_207_2b4_AR_006,ICBHI_207_2b4_AR,ICBHI_207,1,ICBHI,AKGC417L,0.0410758892463907,2
ICBHI_207_2b4_PL_000,ICBHI_207_2b4_PL,ICBHI_207,1,ICBHI,AKGC417L,0.0786423811841014,2
ICBHI_207_2b4_PL_001,ICBHI_207_2b4_PL,ICBHI_207,1,ICBHI,AKGC417L,0.0472497135014898,2
ICBHI_207_2b4_PL_002,ICBHI_207_2b4_PL,ICBHI_207,1,ICBHI,AKGC417L,0.4883138961598764,2
ICBHI_207_2b4_PL_003,ICBHI_207_2b4_PL,ICBHI_207,1,ICBHI,AKGC417L,0.0473377154676376,2
ICBHI_207_2b4_PL_004,ICBHI_207_2b4_PL,ICBHI_207,1,ICBHI,AKGC417L,0.0362882976647582,2
ICBHI_207_2b4_PL_005,ICBHI_207_2b4_PL,ICBHI_207,1,ICBHI,AKGC417L,0.6900371464958261,2
ICBHI_207_2b4_PL_006,ICBHI_207_2b4_PL,ICBHI_207,1,ICBHI,AKGC417L,0.113383100855251,2
ICBHI_207_2b4_PR_000,ICBHI_207_2b4_PR,ICBHI_207,1,ICBHI,AKGC417L,0.8556100225016848,2
ICBHI_207_2b4_PR_001,ICBHI_207_2b4_PR,ICBHI_207,1,ICBHI,AKGC417L,0.8505927693265921,2
ICBHI_207_2b4_PR_002,ICBHI_207_2b4_PR,ICBHI_207,1,ICBHI,AKGC417L,0.7558172719084016,2
ICBHI_207_2b4_PR_003,ICBHI_207_2b4_PR,ICBHI_207,1,ICBHI,AKGC417L,0.3592517400118766,2
ICBHI_207_2b4_PR_004,ICBHI_207_2b4_PR,ICBHI_207,1,ICBHI,AKGC417L,0.5381034702006227,2
ICBHI_207_2b4_PR_005,ICBHI_207_2b4_PR,ICBHI_207,1,ICBHI,AKGC417L,0.5136760923097325,2
ICBHI_207_2b4_PR_006,ICBHI_207_2b4_PR,ICBHI_207,1,ICBHI,AKGC417L,0.1489114855793642,2
ICBHI_207_2b4_TC_000,ICBHI_207_2b4_TC,ICBHI_207,1,ICBHI,AKGC417L,0.9197867491515396,2
ICBHI_207_2b4_TC_001,ICBHI_207_2b4_TC,ICBHI_207,1,ICBHI,AKGC417L,0.6040486237801486,2
ICBHI_207_2b4_TC_002,ICBHI_207_2b4_TC,ICBHI_207,1,ICBHI,AKGC417L,0.8201815702933557,2
ICBHI_207_2b4_TC_003,ICBHI_207_2b4_TC,ICBHI_207,1,ICBHI,AKGC417L,0.6278371332920717,2
ICBHI_207_2b4_TC_004,ICBHI_207_2b4_TC,ICBHI_207,1,ICBHI,AKGC417L,0.6222298079588998,2
ICBHI_207_2b4_TC_005,ICBHI_207_2b4_TC,ICBHI_207,1,ICBHI,AKGC417L,0.6676895962849432,2
ICBHI_207_2b4_TC_006,ICBHI_207_2b4_TC,ICBHI_207,1,ICBHI,AKGC417L,0.7754347993711259,2
ICBHI_207_3b2_AL_000,ICBHI_207_3b2_AL,ICBHI_207,1,ICBHI,AKGC417L,0.1606607046474303,2
ICBHI_207_3b2_AL_001,ICBHI_207_3b2_AL,ICBHI_207,1,ICBHI,AKGC417L,0.3468730857796916,2
ICBHI_207_3b2_AL_002,ICBHI_207_3b2_AL,ICBHI_207,1,ICBHI,AKGC417L,0.4440825422063568,2
ICBHI_207_3b2_AL_003,ICBHI_207_3b2_AL,ICBHI_207,1,ICBHI,AKGC417L,0.3373126715742041,2
ICBHI_207_3b2_AL_004,ICBHI_207_3b2_AL,ICBHI_207,1,ICBHI,AKGC417L,0.2011847182392799,2
ICBHI_207_3b2_AL_005,ICBHI_207_3b2_AL,ICBHI_207,1,ICBHI,AKGC417L,0.0681643742655699,2
ICBHI_207_3b2_AL_006,ICBHI_207_3b2_AL,ICBHI_207,1,ICBHI,AKGC417L,0.069541744505828,2
ICBHI_207_3b2_AR_000,ICBHI_207_3b2_AR,ICBHI_207,1,ICBHI,AKGC417L,0.689305616785446,2
ICBHI_207_3b2_AR_001,ICBHI_207_3b2_AR,ICBHI_207,1,ICBHI,AKGC417L,0.7781439548098582,2
ICBHI_207_3b2_AR_002,ICBHI_207_3b2_AR,ICBHI_207,1,ICBHI,AKGC417L,0.7064942781155733,2
ICBHI_207_3b2_AR_003,ICBHI_207_3b2_AR,ICBHI_207,1,ICBHI,AKGC417L,0.4341613867425302,2
ICBHI_207_3b2_AR_004,ICBHI_207_3b2_AR,ICBHI_207,1,ICBHI,AKGC417L,0.7212526334659422,2
ICBHI_207_3b2_AR_005,ICBHI_207_3b2_AR,ICBHI_207,1,ICBHI,AKGC417L,0.8906751699223611,2
ICBHI_207_3b2_AR_006,ICBHI_207_3b2_AR,ICBHI_207,1,ICBHI,AKGC417L,0.90894172110682,2
ICBHI_207_3b2_LR_000,ICBHI_207_3b2_LR,ICBHI_207,1,ICBHI,AKGC417L,0.9389128927122936,2
ICBHI_207_3b2_LR_001,ICBHI_207_3b2_LR,ICBHI_207,1,ICBHI,AKGC417L,0.9425067211996144,2
ICBHI_207_3b2_LR_002,ICBHI_207_3b2_LR,ICBHI_207,1,ICBHI,AKGC417L,0.927494747575282,2
ICBHI_207_3b2_LR_003,ICBHI_207_3b2_LR,ICBHI_207,1,ICBHI,AKGC417L,0.9551520965667056,2
ICBHI_207_3b2_LR_004,ICBHI_207_3b2_LR,ICBHI_207,1,ICBHI,AKGC417L,0.896975571673783,2
ICBHI_207_3b2_LR_005,ICBHI_207_3b2_LR,ICBHI_207,1,ICBHI,AKGC417L,0.8854334959262264,2
ICBHI_207_3b2_LR_006,ICBHI_207_3b2_LR,ICBHI_207,1,ICBHI,AKGC417L,0.8914335771643437,2
ICBHI_207_3b2_PL_000,ICBHI_207_3b2_PL,ICBHI_207,1,ICBHI,AKGC417L,0.3604890440845792,2
ICBHI_207_3b2_PL_001,ICBHI_207_3b2_PL,ICBHI_207,1,ICBHI,AKGC417L,0.6989462779382226,2
ICBHI_207_3b2_PL_002,ICBHI_207_3b2_PL,ICBHI_207,1,ICBHI,AKGC417L,0.3369853089734305,2
ICBHI_207_3b2_PL_003,ICBHI_207_3b2_PL,ICBHI_207,1,ICBHI,AKGC417L,0.5590192331954614,2
ICBHI_207_3b2_PL_004,ICBHI_207_3b2_PL,ICBHI_207,1,ICBHI,AKGC417L,0.5418331290822707,2
ICBHI_207_3b2_PL_005,ICBHI_207_3b2_PL,ICBHI_207,1,ICBHI,AKGC417L,0.3271306811254908,2
ICBHI_207_3b2_PL_006,ICBHI_207_3b2_PL,ICBHI_207,1,ICBHI,AKGC417L,0.1775255136593274,2
ICBHI_207_3b2_PR_000,ICBHI_207_3b2_PR,ICBHI_207,1,ICBHI,AKGC417L,0.9596109312691484,2
ICBHI_207_3b2_PR_001,ICBHI_207_3b2_PR,ICBHI_207,1,ICBHI,AKGC417L,0.959686562165167,2
ICBHI_207_3b2_PR_002,ICBHI_207_3b2_PR,ICBHI_207,1,ICBHI,AKGC417L,0.9476723731536068,2
ICBHI_207_3b2_PR_003,ICBHI_207_3b2_PR,ICBHI_207,1,ICBHI,AKGC417L,0.9059898203834276,2
ICBHI_207_3b2_PR_004,ICBHI_207_3b2_PR,ICBHI_207,1,ICBHI,AKGC417L,0.9168570857654618,2
ICBHI_207_3b2_PR_005,ICBHI_207_3b2_PR,ICBHI_207,1,ICBHI,AKGC417L,0.9223425628560776,2
ICBHI_207_3b2_PR_006,ICBHI_207_3b2_PR,ICBHI_207,1,ICBHI,AKGC417L,0.9133679324357356,2
ICBHI_207_3b2_TC_000,ICBHI_207_3b2_TC,ICBHI_207,1,ICBHI,AKGC417L,0.8493474539435246,2
ICBHI_207_3b2_TC_001,ICBHI_207_3b2_TC,ICBHI_207,1,ICBHI,AKGC417L,0.6199890982106309,2
ICBHI_207_3b2_TC_002,ICBHI_207_3b2_TC,ICBHI_207,1,ICBHI,AKGC417L,0.3208213008246069,2
ICBHI_207_3b2_TC_003,ICBHI_207_3b2_TC,ICBHI_207,1,ICBHI,AKGC417L,0.5828472433792979,2
ICBHI_207_3b2_TC_004,ICBHI_207_3b2_TC,ICBHI_207,1,ICBHI,AKGC417L,0.8360197508959527,2
ICBHI_207_3b2_TC_005,ICBHI_207_3b2_TC,ICBHI_207,1,ICBHI,AKGC417L,0.7181992699169054,2
ICBHI_207_3b2_TC_006,ICBHI_207_3b2_TC,ICBHI_207,1,ICBHI,AKGC417L,0.529035289443706,2
ICBHI_209_1b1_TC_000,ICBHI_209_1b1_TC,ICBHI_209,1,ICBHI,Meditron,0.9924227587321393,2
ICBHI_209_1b1_TC_001,ICBHI_209_1b1_TC,ICBHI_209,1,ICBHI,Meditron,0.9865198970247336,2
ICBHI_209_1b1_TC_002,ICBHI_209_1b1_TC,ICBHI_209,1,ICBHI,Meditron,0.990944735813278,2
ICBHI_209_1b1_TC_003,ICBHI_209_1b1_TC,ICBHI_209,1,ICBHI,Meditron,0.9913892323324892,2
ICBHI_209_1b1_TC_004,ICBHI_209_1b1_TC,ICBHI_209,1,ICBHI,Meditron,0.9935618974445168,2
ICBHI_209_1b1_TC_005,ICBHI_209_1b1_TC,ICBHI_209,1,ICBHI,Meditron,0.996378314521325,2
ICBHI_209_1b1_TC_006,ICBHI_209_1b1_TC,ICBHI_209,1,ICBHI,Meditron,0.9901019362839764,2
ICBHI_211_1p2_AR_000,ICBHI_211_1p2_AR,ICBHI_211,0,ICBHI,AKGC417L,0.3443331934745242,2
ICBHI_211_1p2_AR_001,ICBHI_211_1p2_AR,ICBHI_211,0,ICBHI,AKGC417L,0.5055043857736908,2
ICBHI_211_1p2_AR_002,ICBHI_211_1p2_AR,ICBHI_211,0,ICBHI,AKGC417L,0.1213729814080624,2
ICBHI_211_1p2_AR_003,ICBHI_211_1p2_AR,ICBHI_211,0,ICBHI,AKGC417L,0.0641826436090197,2
ICBHI_211_1p2_AR_004,ICBHI_211_1p2_AR,ICBHI_211,0,ICBHI,AKGC417L,0.2321360293794299,2
ICBHI_211_1p2_AR_005,ICBHI_211_1p2_AR,ICBHI_211,0,ICBHI,AKGC417L,0.413891663311956,2
ICBHI_211_1p2_AR_006,ICBHI_211_1p2_AR,ICBHI_211,0,ICBHI,AKGC417L,0.0546006057816523,2
ICBHI_211_1p2_PL_000,ICBHI_211_1p2_PL,ICBHI_211,0,ICBHI,AKGC417L,0.2835829467479876,2
ICBHI_211_1p2_PL_001,ICBHI_211_1p2_PL,ICBHI_211,0,ICBHI,AKGC417L,0.9616059822423816,2
ICBHI_211_1p2_PL_002,ICBHI_211_1p2_PL,ICBHI_211,0,ICBHI,AKGC417L,0.9547319063567952,2
ICBHI_211_1p2_PL_003,ICBHI_211_1p2_PL,ICBHI_211,0,ICBHI,AKGC417L,0.9340350623884196,2
ICBHI_211_1p2_PL_004,ICBHI_211_1p2_PL,ICBHI_211,0,ICBHI,AKGC417L,0.9715099574136776,2
ICBHI_211_1p2_PL_005,ICBHI_211_1p2_PL,ICBHI_211,0,ICBHI,AKGC417L,0.9578334587487554,2
ICBHI_211_1p2_PL_006,ICBHI_211_1p2_PL,ICBHI_211,0,ICBHI,AKGC417L,0.8275495984103548,2
ICBHI_211_1p2_PR_000,ICBHI_211_1p2_PR,ICBHI_211,0,ICBHI,AKGC417L,0.2989005026108704,2
ICBHI_211_1p2_PR_001,ICBHI_211_1p2_PR,ICBHI_211,0,ICBHI,AKGC417L,0.2837813906831087,2
ICBHI_211_1p2_PR_002,ICBHI_211_1p2_PR,ICBHI_211,0,ICBHI,AKGC417L,0.292595299011739,2
ICBHI_211_1p2_PR_003,ICBHI_211_1p2_PR,ICBHI_211,0,ICBHI,AKGC417L,0.8378854381136884,2
ICBHI_211_1p2_PR_004,ICBHI_211_1p2_PR,ICBHI_211,0,ICBHI,AKGC417L,0.9720456005228716,2
ICBHI_211_1p2_PR_005,ICBHI_211_1p2_PR,ICBHI_211,0,ICBHI,AKGC417L,0.9180404503793634,2
ICBHI_211_1p2_PR_006,ICBHI_211_1p2_PR,ICBHI_211,0,ICBHI,AKGC417L,0.8437664107533256,2
ICBHI_211_1p3_AR_000,ICBHI_211_1p3_AR,ICBHI_211,0,ICBHI,AKGC417L,0.480554856149454,2
ICBHI_211_1p3_AR_001,ICBHI_211_1p3_AR,ICBHI_211,0,ICBHI,AKGC417L,0.3893723754377076,2
ICBHI_211_1p3_AR_002,ICBHI_211_1p3_AR,ICBHI_211,0,ICBHI,AKGC417L,0.3890241484416381,2
ICBHI_211_1p3_AR_003,ICBHI_211_1p3_AR,ICBHI_211,0,ICBHI,AKGC417L,0.3336117579383124,2
ICBHI_211_1p3_AR_004,ICBHI_211_1p3_AR,ICBHI_211,0,ICBHI,AKGC417L,0.1855041336236774,2
ICBHI_211_1p3_AR_005,ICBHI_211_1p3_AR,ICBHI_211,0,ICBHI,AKGC417L,0.4571367168274948,2
ICBHI_211_1p3_AR_006,ICBHI_211_1p3_AR,ICBHI_211,0,ICBHI,AKGC417L,0.6114979797054215,2
ICBHI_211_1p5_AR_000,ICBHI_211_1p5_AR,ICBHI_211,0,ICBHI,AKGC417L,0.297878271136421,2
ICBHI_211_1p5_AR_001,ICBHI_211_1p5_AR,ICBHI_211,0,ICBHI,AKGC417L,0.2983891352954364,2
ICBHI_211_1p5_AR_002,ICBHI_211_1p5_AR,ICBHI_211,0,ICBHI,AKGC417L,0.0476912832235984,2
ICBHI_211_1p5_AR_003,ICBHI_211_1p5_AR,ICBHI_211,0,ICBHI,AKGC417L,0.0896138166516522,2
ICBHI_211_1p5_AR_004,ICBHI_211_1p5_AR,ICBHI_211,0,ICBHI,AKGC417L,0.6307986442894107,2
ICBHI_211_1p5_AR_005,ICBHI_211_1p5_AR,ICBHI_211,0,ICBHI,AKGC417L,0.0666906545157953,2
ICBHI_211_1p5_AR_006,ICBHI_211_1p5_AR,ICBHI_211,0,ICBHI,AKGC417L,0.1173696502276581,2
ICBHI_211_2p2_TC_000,ICBHI_211_2p2_TC,ICBHI_211,0,ICBHI,AKGC417L,0.926569947300106,2
ICBHI_211_2p2_TC_001,ICBHI_211_2p2_TC,ICBHI_211,0,ICBHI,AKGC417L,0.9561454366001264,2
ICBHI_211_2p2_TC_002,ICBHI_211_2p2_TC,ICBHI_211,0,ICBHI,AKGC417L,0.9709643572583984,2
ICBHI_211_2p2_TC_003,ICBHI_211_2p2_TC,ICBHI_211,0,ICBHI,AKGC417L,0.949762639869452,2
ICBHI_211_2p2_TC_004,ICBHI_211_2p2_TC,ICBHI_211,0,ICBHI,AKGC417L,0.9313377141395016,2
ICBHI_211_2p2_TC_005,ICBHI_211_2p2_TC,ICBHI_211,0,ICBHI,AKGC417L,0.9328214227111128,2
ICBHI_211_2p2_TC_006,ICBHI_211_2p2_TC,ICBHI_211,0,ICBHI,AKGC417L,0.8971559208377049,2
ICBHI_211_2p3_TC_000,ICBHI_211_2p3_TC,ICBHI_211,0,ICBHI,AKGC417L,0.9824904426504252,2
ICBHI_211_2p3_TC_001,ICBHI_211_2p3_TC,ICBHI_211,0,ICBHI,AKGC417L,0.9704646607088953,2
ICBHI_211_2p3_TC_002,ICBHI_211_2p3_TC,ICBHI_211,0,ICBHI,AKGC417L,0.9577545043363116,2
ICBHI_211_2p3_TC_003,ICBHI_211_2p3_TC,ICBHI_211,0,ICBHI,AKGC417L,0.9805806518175514,2
ICBHI_211_2p3_TC_004,ICBHI_211_2p3_TC,ICBHI_211,0,ICBHI,AKGC417L,0.9755303303612836,2
ICBHI_211_2p3_TC_005,ICBHI_211_2p3_TC,ICBHI_211,0,ICBHI,AKGC417L,0.9596109312691484,2
ICBHI_211_2p3_TC_006,ICBHI_211_2p3_TC,ICBHI_211,0,ICBHI,AKGC417L,0.9707987097542188,2
ICBHI_211_2p4_TC_000,ICBHI_211_2p4_TC,ICBHI_211,0,ICBHI,AKGC417L,0.958382202225562,2
ICBHI_211_2p4_TC_001,ICBHI_211_2p4_TC,ICBHI_211,0,ICBHI,AKGC417L,0.9402434135995512,2
ICBHI_211_2p4_TC_002,ICBHI_211_2p4_TC,ICBHI_211,0,ICBHI,AKGC417L,0.9479621753121426,2
ICBHI_211_2p4_TC_003,ICBHI_211_2p4_TC,ICBHI_211,0,ICBHI,AKGC417L,0.9253649611035,2
ICBHI_211_2p4_TC_004,ICBHI_211_2p4_TC,ICBHI_211,0,ICBHI,AKGC417L,0.8955226768697631,2
ICBHI_211_2p4_TC_005,ICBHI_211_2p4_TC,ICBHI_211,0,ICBHI,AKGC417L,0.8757869916479466,2
ICBHI_211_2p4_TC_006,ICBHI_211_2p4_TC,ICBHI_211,0,ICBHI,AKGC417L,0.9578334587487554,2
ICBHI_212_2b2_TC_000,ICBHI_212_2b2_TC,ICBHI_212,1,ICBHI,LittC2SE,0.922900303783852,2
ICBHI_212_2b2_TC_001,ICBHI_212_2b2_TC,ICBHI_212,1,ICBHI,LittC2SE,0.9289263306198166,2
ICBHI_212_2b2_TC_002,ICBHI_212_2b2_TC,ICBHI_212,1,ICBHI,LittC2SE,0.9223425628560776,2
ICBHI_212_2b2_TC_003,ICBHI_212_2b2_TC,ICBHI_212,1,ICBHI,LittC2SE,0.8445372659349166,2
ICBHI_212_2b2_TC_004,ICBHI_212_2b2_TC,ICBHI_212,1,ICBHI,LittC2SE,0.90648769084615,2
ICBHI_212_2b2_TC_005,ICBHI_212_2b2_TC,ICBHI_212,1,ICBHI,LittC2SE,0.8889517457525925,2
ICBHI_212_2b2_TC_006,ICBHI_212_2b2_TC,ICBHI_212,1,ICBHI,LittC2SE,0.956308939359532,2
ICBHI_220_1b1_TC_000,ICBHI_220_1b1_TC,ICBHI_220,0,ICBHI,LittC2SE,0.4151359336392571,2
ICBHI_220_1b1_TC_001,ICBHI_220_1b1_TC,ICBHI_220,0,ICBHI,LittC2SE,0.5234355742250567,2
ICBHI_220_1b1_TC_002,ICBHI_220_1b1_TC,ICBHI_220,0,ICBHI,LittC2SE,0.5062748475521017,2
ICBHI_220_1b1_TC_003,ICBHI_220_1b1_TC,ICBHI_220,0,ICBHI,LittC2SE,0.566917882992466,2
ICBHI_220_1b1_TC_004,ICBHI_220_1b1_TC,ICBHI_220,0,ICBHI,LittC2SE,0.5324555219472725,2
ICBHI_220_1b1_TC_005,ICBHI_220_1b1_TC,ICBHI_220,0,ICBHI,LittC2SE,0.7611836278339746,2
ICBHI_220_1b1_TC_006,ICBHI_220_1b1_TC,ICBHI_220,0,ICBHI,LittC2SE,0.6339769774981697,2
ICBHI_220_1b2_AL_000,ICBHI_220_1b2_AL,ICBHI_220,0,ICBHI,LittC2SE,0.0106525108397261,2
ICBHI_220_1b2_AL_001,ICBHI_220_1b2_AL,ICBHI_220,0,ICBHI,LittC2SE,0.024845436894269,2
ICBHI_220_1b2_AL_002,ICBHI_220_1b2_AL,ICBHI_220,0,ICBHI,LittC2SE,0.1367236130726179,2
ICBHI_220_1b2_AL_003,ICBHI_220_1b2_AL,ICBHI_220,0,ICBHI,LittC2SE,0.0047367489557766,2
ICBHI_220_1b2_AL_004,ICBHI_220_1b2_AL,ICBHI_220,0,ICBHI,LittC2SE,0.0042646346921872,2
ICBHI_220_1b2_AL_005,ICBHI_220_1b2_AL,ICBHI_220,0,ICBHI,LittC2SE,0.0413073037930042,2
ICBHI_220_1b2_AL_006,ICBHI_220_1b2_AL,ICBHI_220,0,ICBHI,LittC2SE,0.0341648155079693,2
ICBHI_223_1b1_AL_000,ICBHI_223_1b1_AL,ICBHI_223,1,ICBHI,Meditron,0.8082186275507353,2
ICBHI_223_1b1_AL_001,ICBHI_223_1b1_AL,ICBHI_223,1,ICBHI,Meditron,0.5998954007471432,2
ICBHI_223_1b1_AL_002,ICBHI_223_1b1_AL,ICBHI_223,1,ICBHI,Meditron,0.2743513719586293,2
ICBHI_223_1b1_AL_003,ICBHI_223_1b1_AL,ICBHI_223,1,ICBHI,Meditron,0.1028440791622949,2
ICBHI_223_1b1_AL_004,ICBHI_223_1b1_AL,ICBHI_223,1,ICBHI,Meditron,0.2674081661882255,2
ICBHI_223_1b1_AL_005,ICBHI_223_1b1_AL,ICBHI_223,1,ICBHI,Meditron,0.6708239596234855,2
ICBHI_223_1b1_AL_006,ICBHI_223_1b1_AL,ICBHI_223,1,ICBHI,Meditron,0.85256760954532,2
ICBHI_223_1b1_AL_007,ICBHI_223_1b1_AL,ICBHI_223,1,ICBHI,Meditron,0.6908720174126122,2
ICBHI_223_1b1_AL_008,ICBHI_223_1b1_AL,ICBHI_223,1,ICBHI,Meditron,0.395542704557803,2
ICBHI_223_1b1_AL_009,ICBHI_223_1b1_AL,ICBHI_223,1,ICBHI,Meditron,0.3643251100116372,2
ICBHI_223_1b1_AL_010,ICBHI_223_1b1_AL,ICBHI_223,1,ICBHI,Meditron,0.5902478900639219,2
ICBHI_223_1b1_AL_011,ICBHI_223_1b1_AL,ICBHI_223,1,ICBHI,Meditron,0.5712883132576986,2
ICBHI_223_1b1_AR_000,ICBHI_223_1b1_AR,ICBHI_223,1,ICBHI,Meditron,0.9785492708245106,2
ICBHI_223_1b1_AR_001,ICBHI_223_1b1_AR,ICBHI_223,1,ICBHI,Meditron,0.977756332416123,2
ICBHI_223_1b1_AR_002,ICBHI_223_1b1_AR,ICBHI_223,1,ICBHI,Meditron,0.9726754691350322,2
ICBHI_223_1b1_AR_003,ICBHI_223_1b1_AR,ICBHI_223,1,ICBHI,Meditron,0.9716178771000952,2
ICBHI_223_1b1_AR_004,ICBHI_223_1b1_AR,ICBHI_223,1,ICBHI,Meditron,0.9583042305755448,2
ICBHI_223_1b1_AR_005,ICBHI_223_1b1_AR,ICBHI_223,1,ICBHI,Meditron,0.9618217257384336,2
ICBHI_223_1b1_AR_006,ICBHI_223_1b1_AR,ICBHI_223,1,ICBHI,Meditron,0.9832145101099364,2
ICBHI_223_1b1_AR_007,ICBHI_223_1b1_AR,ICBHI_223,1,ICBHI,Meditron,0.9644556024735852,2
ICBHI_223_1b1_AR_008,ICBHI_223_1b1_AR,ICBHI_223,1,ICBHI,Meditron,0.9475754340373932,2
ICBHI_223_1b1_AR_009,ICBHI_223_1b1_AR,ICBHI_223,1,ICBHI,Meditron,0.9505947548144924,2
ICBHI_223_1b1_AR_010,ICBHI_223_1b1_AR,ICBHI_223,1,ICBHI,Meditron,0.9706877692486436,2
ICBHI_223_1b1_AR_011,ICBHI_223_1b1_AR,ICBHI_223,1,ICBHI,Meditron,0.968797182083676,2
ICBHI_223_1b1_LL_000,ICBHI_223_1b1_LL,ICBHI_223,1,ICBHI,Meditron,0.4572881873009892,2
ICBHI_223_1b1_LL_001,ICBHI_223_1b1_LL,ICBHI_223,1,ICBHI,Meditron,0.9574372713515004,2
ICBHI_223_1b1_LL_002,ICBHI_223_1b1_LL,ICBHI_223,1,ICBHI,Meditron,0.6669307825162067,2
ICBHI_223_1b1_LL_003,ICBHI_223_1b1_LL,ICBHI_223,1,ICBHI,Meditron,0.8271310977126684,2
ICBHI_223_1b1_LL_004,ICBHI_223_1b1_LL,ICBHI_223,1,ICBHI,Meditron,0.398816118877723,2
ICBHI_223_1b1_LL_005,ICBHI_223_1b1_LL,ICBHI_223,1,ICBHI,Meditron,0.7290377681937931,2
ICBHI_223_1b1_LL_006,ICBHI_223_1b1_LL,ICBHI_223,1,ICBHI,Meditron,0.7590468412771528,2
ICBHI_223_1b1_LL_007,ICBHI_223_1b1_LL,ICBHI_223,1,ICBHI,Meditron,0.452142802067228,2
ICBHI_223_1b1_LL_008,ICBHI_223_1b1_LL,ICBHI_223,1,ICBHI,Meditron,0.3237006999695134,2
ICBHI_223_1b1_LL_009,ICBHI_223_1b1_LL,ICBHI_223,1,ICBHI,Meditron,0.7638362701347781,2
ICBHI_223_1b1_LL_010,ICBHI_223_1b1_LL,ICBHI_223,1,ICBHI,Meditron,0.5092076381485986,2
ICBHI_223_1b1_LL_011,ICBHI_223_1b1_LL,ICBHI_223,1,ICBHI,Meditron,0.6302298796590904,2
ICBHI_223_1b1_LR_000,ICBHI_223_1b1_LR,ICBHI_223,1,ICBHI,Meditron,0.8966140333938164,2
ICBHI_223_1b1_LR_001,ICBHI_223_1b1_LR,ICBHI_223,1,ICBHI,Meditron,0.9441768588653856,2
ICBHI_223_1b1_LR_002,ICBHI_223_1b1_LR,ICBHI_223,1,ICBHI,Meditron,0.9697281305754024,2
ICBHI_223_1b1_LR_003,ICBHI_223_1b1_LR,ICBHI_223,1,ICBHI,Meditron,0.9608048667967016,2
ICBHI_223_1b1_LR_004,ICBHI_223_1b1_LR,ICBHI_223,1,ICBHI,Meditron,0.9396923600249308,2
ICBHI_223_1b1_LR_005,ICBHI_223_1b1_LR,ICBHI_223,1,ICBHI,Meditron,0.965641310666991,2
ICBHI_223_1b1_LR_006,ICBHI_223_1b1_LR,ICBHI_223,1,ICBHI,Meditron,0.9619649074673172,2
ICBHI_223_1b1_LR_007,ICBHI_223_1b1_LR,ICBHI_223,1,ICBHI,Meditron,0.965641310666991,2
ICBHI_223_1b1_LR_008,ICBHI_223_1b1_LR,ICBHI_223,1,ICBHI,Meditron,0.977110159887611,2
ICBHI_223_1b1_LR_009,ICBHI_223_1b1_LR,ICBHI_223,1,ICBHI,Meditron,0.9666631758572982,2
ICBHI_223_1b1_LR_010,ICBHI_223_1b1_LR,ICBHI_223,1,ICBHI,Meditron,0.9457010633730656,2
ICBHI_223_1b1_LR_011,ICBHI_223_1b1_LR,ICBHI_223,1,ICBHI,Meditron,0.9245515644711388,2
ICBHI_223_1b1_PL_000,ICBHI_223_1b1_PL,ICBHI_223,1,ICBHI,Meditron,0.5177080447946715,2
ICBHI_223_1b1_PL_001,ICBHI_223_1b1_PL,ICBHI_223,1,ICBHI,Meditron,0.0953494648991095,2
ICBHI_223_1b1_PL_002,ICBHI_223_1b1_PL,ICBHI_223,1,ICBHI,Meditron,0.6195288291311997,2
ICBHI_223_1b1_PL_003,ICBHI_223_1b1_PL,ICBHI_223,1,ICBHI,Meditron,0.9501340950202012,2
ICBHI_223_1b1_PL_004,ICBHI_223_1b1_PL,ICBHI_223,1,ICBHI,Meditron,0.9466953173537304,2
ICBHI_223_1b1_PL_005,ICBHI_223_1b1_PL,ICBHI_223,1,ICBHI,Meditron,0.4567732200785893,2
ICBHI_223_1b1_PL_006,ICBHI_223_1b1_PL,ICBHI_223,1,ICBHI,Meditron,0.5331544046668082,2
ICBHI_223_1b1_PL_007,ICBHI_223_1b1_PL,ICBHI_223,1,ICBHI,Meditron,0.2666436233618524,2
ICBHI_223_1b1_PL_008,ICBHI_223_1b1_PL,ICBHI_223,1,ICBHI,Meditron,0.3142609570123732,2
ICBHI_223_1b1_PL_009,ICBHI_223_1b1_PL,ICBHI_223,1,ICBHI,Meditron,0.2575782826015912,2
ICBHI_223_1b1_PL_010,ICBHI_223_1b1_PL,ICBHI_223,1,ICBHI,Meditron,0.3957762133919115,2
ICBHI_223_1b1_PL_011,ICBHI_223_1b1_PL,ICBHI_223,1,ICBHI,Meditron,0.5510905967087678,2
ICBHI_223_1b1_PR_000,ICBHI_223_1b1_PR,ICBHI_223,1,ICBHI,Meditron,0.9509603749892346,2
ICBHI_223_1b1_PR_001,ICBHI_223_1b1_PR,ICBHI_223,1,ICBHI,Meditron,0.8502200682951725,2
ICBHI_223_1b1_PR_002,ICBHI_223_1b1_PR,ICBHI_223,1,ICBHI,Meditron,0.8996515935589441,2
ICBHI_223_1b1_PR_003,ICBHI_223_1b1_PR,ICBHI_223,1,ICBHI,Meditron,0.9315870896477918,2
ICBHI_223_1b1_PR_004,ICBHI_223_1b1_PR,ICBHI_223,1,ICBHI,Meditron,0.9066531214804244,2
ICBHI_223_1b1_PR_005,ICBHI_223_1b1_PR,ICBHI_223,1,ICBHI,Meditron,0.8893367717588612,2
ICBHI_223_1b1_PR_006,ICBHI_223_1b1_PR,ICBHI_223,1,ICBHI,Meditron,0.9187722440021828,2
ICBHI_223_1b1_PR_007,ICBHI_223_1b1_PR,ICBHI_223,1,ICBHI,Meditron,0.8893367717588612,2
ICBHI_223_1b1_PR_008,ICBHI_223_1b1_PR,ICBHI_223,1,ICBHI,Meditron,0.7068991149334007,2
ICBHI_223_1b1_PR_009,ICBHI_223_1b1_PR,ICBHI_223,1,ICBHI,Meditron,0.8221891305219503,2
ICBHI_223_1b1_PR_010,ICBHI_223_1b1_PR,ICBHI_223,1,ICBHI,Meditron,0.8329172797367779,2
ICBHI_223_1b1_PR_011,ICBHI_223_1b1_PR,ICBHI_223,1,ICBHI,Meditron,0.7561775556934376,2
ICBHI_104_1b1_AL_000,ICBHI_104_1b1_AL,ICBHI_104,1,ICBHI,Litt3200,0.980129286039598,3
ICBHI_104_1b1_AL_001,ICBHI_104_1b1_AL,ICBHI_104,1,ICBHI,Litt3200,0.9924520766240994,3
ICBHI_104_1b1_AL_002,ICBHI_104_1b1_AL,ICBHI_104,1,ICBHI,Litt3200,0.992214345234632,3
ICBHI_104_1b1_AL_003,ICBHI_104_1b1_AL,ICBHI_104,1,ICBHI,Litt3200,0.975390071374038,3
ICBHI_104_1b1_AL_004,ICBHI_104_1b1_AL,ICBHI_104,1,ICBHI,Litt3200,0.9892648373909092,3
ICBHI_104_1b1_AR_000,ICBHI_104_1b1_AR,ICBHI_104,1,ICBHI,Litt3200,0.968440980829426,3
ICBHI_104_1b1_AR_001,ICBHI_104_1b1_AR,ICBHI_104,1,ICBHI,Litt3200,0.9156582049691224,3
ICBHI_104_1b1_AR_002,ICBHI_104_1b1_AR,ICBHI_104,1,ICBHI,Litt3200,0.9651848037780948,3
ICBHI_104_1b1_AR_003,ICBHI_104_1b1_AR,ICBHI_104,1,ICBHI,Litt3200,0.976355659124078,3
ICBHI_104_1b1_AR_004,ICBHI_104_1b1_AR,ICBHI_104,1,ICBHI,Litt3200,0.9770226300899744,3
ICBHI_104_1b1_AR_005,ICBHI_104_1b1_AR,ICBHI_104,1,ICBHI,Litt3200,0.9723097416304984,3
ICBHI_104_1b1_AR_006,ICBHI_104_1b1_AR,ICBHI_104,1,ICBHI,Litt3200,0.9742394408803317,3
ICBHI_104_1b1_AR_007,ICBHI_104_1b1_AR,ICBHI_104,1,ICBHI,Litt3200,0.9750597460625842,3
ICBHI_104_1b1_AR_008,ICBHI_104_1b1_AR,ICBHI_104,1,ICBHI,Litt3200,0.983847165177859,3
ICBHI_104_1b1_LL_000,ICBHI_104_1b1_LL,ICBHI_104,1,ICBHI,Litt3200,0.9563904724343744,3
ICBHI_104_1b1_LL_001,ICBHI_104_1b1_LL,ICBHI_104,1,ICBHI,Litt3200,0.9698996627595704,3
ICBHI_104_1b1_LL_002,ICBHI_104_1b1_LL,ICBHI_104,1,ICBHI,Litt3200,0.984032346511204,3
ICBHI_104_1b1_LL_003,ICBHI_104_1b1_LL,ICBHI_104,1,ICBHI,Litt3200,0.967100958652035,3
ICBHI_104_1b1_LL_004,ICBHI_104_1b1_LL,ICBHI_104,1,ICBHI,Litt3200,0.9589241107536092,3
ICBHI_104_1b1_LL_005,ICBHI_104_1b1_LL,ICBHI_104,1,ICBHI,Litt3200,0.9516839297321508,3
ICBHI_104_1b1_LR_000,ICBHI_104_1b1_LR,ICBHI_104,1,ICBHI,Litt3200,0.8282453166489447,3
ICBHI_104_1b1_LR_001,ICBHI_104_1b1_LR,ICBHI_104,1,ICBHI,Litt3200,0.6378207352182272,3
ICBHI_104_1b1_LR_002,ICBHI_104_1b1_LR,ICBHI_104,1,ICBHI,Litt3200,0.8949731912576617,3
ICBHI_104_1b1_LR_003,ICBHI_104_1b1_LR,ICBHI_104,1,ICBHI,Litt3200,0.9336731259764038,3
ICBHI_104_1b1_LR_004,ICBHI_104_1b1_LR,ICBHI_104,1,ICBHI,Litt3200,0.9571978541000364,3
ICBHI_104_1b1_PL_000,ICBHI_104_1b1_PL,ICBHI_104,1,ICBHI,Litt3200,0.9374402692115686,3
ICBHI_104_1b1_PL_001,ICBHI_104_1b1_PL,ICBHI_104,1,ICBHI,Litt3200,0.9492005402963102,3
ICBHI_104_1b1_PL_002,ICBHI_104_1b1_PL,ICBHI_104,1,ICBHI,Litt3200,0.9812748375316978,3
ICBHI_104_1b1_PL_003,ICBHI_104_1b1_PL,ICBHI_104,1,ICBHI,Litt3200,0.9898695883364156,3
ICBHI_104_1b1_PL_004,ICBHI_104_1b1_PL,ICBHI_104,1,ICBHI,Litt3200,0.9840936082881852,3
ICBHI_104_1b1_PL_005,ICBHI_104_1b1_PL,ICBHI_104,1,ICBHI,Litt3200,0.9740426428022032,3
ICBHI_104_1b1_PL_006,ICBHI_104_1b1_PL,ICBHI_104,1,ICBHI,Litt3200,0.959686562165167,3
ICBHI_104_1b1_PL_007,ICBHI_104_1b1_PL,ICBHI_104,1,ICBHI,Litt3200,0.9639839292499328,3
ICBHI_104_1b1_PR_000,ICBHI_104_1b1_PR,ICBHI_104,1,ICBHI,Litt3200,0.9503188453090928,3
ICBHI_104_1b1_PR_001,ICBHI_104_1b1_PR,ICBHI_104,1,ICBHI,Litt3200,0.9766246849598732,3
ICBHI_104_1b1_PR_002,ICBHI_104_1b1_PR,ICBHI_104,1,ICBHI,Litt3200,0.9618217257384336,3
ICBHI_104_1b1_PR_003,ICBHI_104_1b1_PR,ICBHI_104,1,ICBHI,Litt3200,0.9599877311118368,3
ICBHI_104_1b1_PR_004,ICBHI_104_1b1_PR,ICBHI_104,1,ICBHI,Litt3200,0.9768907222638488,3
ICBHI_104_1b1_PR_005,ICBHI_104_1b1_PR,ICBHI_104,1,ICBHI,Litt3200,0.974964576461264,3
ICBHI_104_1b1_PR_006,ICBHI_104_1b1_PR,ICBHI_104,1,ICBHI,Litt3200,0.9856076636305632,3
ICBHI_104_1b1_PR_007,ICBHI_104_1b1_PR,ICBHI_104,1,ICBHI,Litt3200,0.9922744656025764,3
ICBHI_106_2b1_PL_000,ICBHI_106_2b1_PL,ICBHI_106,0,ICBHI,LittC2SE,0.0561327757012297,3
ICBHI_106_2b1_PL_001,ICBHI_106_2b1_PL,ICBHI_106,0,ICBHI,LittC2SE,0.0725052524247181,3
ICBHI_106_2b1_PL_002,ICBHI_106_2b1_PL,ICBHI_106,0,ICBHI,LittC2SE,0.2692295245928376,3
ICBHI_106_2b1_PL_003,ICBHI_106_2b1_PL,ICBHI_106,0,ICBHI,LittC2SE,0.3021851158828259,3
ICBHI_106_2b1_PL_004,ICBHI_106_2b1_PL,ICBHI_106,0,ICBHI,LittC2SE,0.4988489171336712,3
ICBHI_106_2b1_PL_005,ICBHI_106_2b1_PL,ICBHI_106,0,ICBHI,LittC2SE,0.5880613942228418,3
ICBHI_106_2b1_PL_006,ICBHI_106_2b1_PL,ICBHI_106,0,ICBHI,LittC2SE,0.174550939580354,3
ICBHI_106_2b1_PR_000,ICBHI_106_2b1_PR,ICBHI_106,0,ICBHI,LittC2SE,0.0006667023092435,3
ICBHI_106_2b1_PR_001,ICBHI_106_2b1_PR,ICBHI_106,0,ICBHI,LittC2SE,0.0002591582466715,3
ICBHI_106_2b1_PR_002,ICBHI_106_2b1_PR,ICBHI_106,0,ICBHI,LittC2SE,0.0018243827852769,3
ICBHI_106_2b1_PR_003,ICBHI_106_2b1_PR,ICBHI_106,0,ICBHI,LittC2SE,0.0061212812907285,3
ICBHI_106_2b1_PR_004,ICBHI_106_2b1_PR,ICBHI_106,0,ICBHI,LittC2SE,0.0024822767076302,3
ICBHI_106_2b1_PR_005,ICBHI_106_2b1_PR,ICBHI_106,0,ICBHI,LittC2SE,0.0007916296072837,3
ICBHI_106_2b1_PR_006,ICBHI_106_2b1_PR,ICBHI_106,0,ICBHI,LittC2SE,0.0009110511944006,3
ICBHI_120_1b1_AL_000,ICBHI_120_1b1_AL,ICBHI_120,1,ICBHI,Meditron,0.5991920091374658,3
ICBHI_120_1b1_AL_001,ICBHI_120_1b1_AL,ICBHI_120,1,ICBHI,Meditron,0.326808326973978,3
ICBHI_120_1b1_AL_002,ICBHI_120_1b1_AL,ICBHI_120,1,ICBHI,Meditron,0.4178652425224909,3
ICBHI_120_1b1_AL_003,ICBHI_120_1b1_AL,ICBHI_120,1,ICBHI,Meditron,0.546193579699547,3
ICBHI_120_1b1_AL_004,ICBHI_120_1b1_AL,ICBHI_120,1,ICBHI,Meditron,0.6173396279866409,3
ICBHI_120_1b1_AL_005,ICBHI_120_1b1_AL,ICBHI_120,1,ICBHI,Meditron,0.7295197779697509,3
ICBHI_120_1b1_AL_006,ICBHI_120_1b1_AL,ICBHI_120,1,ICBHI,Meditron,0.3957178317228787,3
ICBHI_120_1b1_AL_007,ICBHI_120_1b1_AL,ICBHI_120,1,ICBHI,Meditron,0.4863467787788702,3
ICBHI_120_1b1_AL_008,ICBHI_120_1b1_AL,ICBHI_120,1,ICBHI,Meditron,0.5980774704927965,3
ICBHI_120_1b1_AL_009,ICBHI_120_1b1_AL,ICBHI_120,1,ICBHI,Meditron,0.4242330758414902,3
ICBHI_120_1b1_AL_010,ICBHI_120_1b1_AL,ICBHI_120,1,ICBHI,Meditron,0.5967856852423952,3
ICBHI_120_1b1_AL_011,ICBHI_120_1b1_AL,ICBHI_120,1,ICBHI,Meditron,0.9343951625409306,3
ICBHI_120_1b1_AL_012,ICBHI_120_1b1_AL,ICBHI_120,1,ICBHI,Meditron,0.8964328436644923,3
ICBHI_120_1b1_AL_013,ICBHI_120_1b1_AL,ICBHI_120,1,ICBHI,Meditron,0.870597268408361,3
ICBHI_120_1b1_AL_014,ICBHI_120_1b1_AL,ICBHI_120,1,ICBHI,Meditron,0.7969253718105298,3
ICBHI_120_1b1_AL_015,ICBHI_120_1b1_AL,ICBHI_120,1,ICBHI,Meditron,0.90648769084615,3
ICBHI_120_1b1_AL_016,ICBHI_120_1b1_AL,ICBHI_120,1,ICBHI,Meditron,0.9470881887900422,3
ICBHI_120_1b1_AL_017,ICBHI_120_1b1_AL,ICBHI_120,1,ICBHI,Meditron,0.9303317708925486,3
ICBHI_120_1b1_AL_018,ICBHI_120_1b1_AL,ICBHI_120,1,ICBHI,Meditron,0.8810019911062638,3
ICBHI_120_1b1_AL_019,ICBHI_120_1b1_AL,ICBHI_120,1,ICBHI,Meditron,0.8807970779778823,3
ICBHI_120_1b1_AL_020,ICBHI_120_1b1_AL,ICBHI_120,1,ICBHI,Meditron,0.8788351489496328,3
ICBHI_120_1b1_AL_021,ICBHI_120_1b1_AL,ICBHI_120,1,ICBHI,Meditron,0.7898827402935596,3
ICBHI_120_1b1_AL_022,ICBHI_120_1b1_AL,ICBHI_120,1,ICBHI,Meditron,0.8039445564219629,3
ICBHI_120_1b1_AL_023,ICBHI_120_1b1_AL,ICBHI_120,1,ICBHI,Meditron,0.7991289841772278,3
ICBHI_120_1b1_AL_024,ICBHI_120_1b1_AL,ICBHI_120,1,ICBHI,Meditron,0.6211962765061837,3
ICBHI_120_1b1_AR_000,ICBHI_120_1b1_AR,ICBHI_120,1,ICBHI,Meditron,0.9156582049691224,3
ICBHI_120_1b1_AR_001,ICBHI_120_1b1_AR,ICBHI_120,1,ICBHI,Meditron,0.8681575576360202,3
ICBHI_120_1b1_AR_002,ICBHI_120_1b1_AR,ICBHI_120,1,ICBHI,Meditron,0.8998277813740775,3
ICBHI_120_1b1_AR_003,ICBHI_120_1b1_AR,ICBHI_120,1,ICBHI,Meditron,0.9058233363414856,3
ICBHI_120_1b1_AR_004,ICBHI_120_1b1_AR,ICBHI_120,1,ICBHI,Meditron,0.8504686206687655,3
ICBHI_120_1b1_AR_005,ICBHI_120_1b1_AR,ICBHI_120,1,ICBHI,Meditron,0.8326452942108686,3
ICBHI_120_1b1_AR_006,ICBHI_120_1b1_AR,ICBHI_120,1,ICBHI,Meditron,0.8074606461386356,3
ICBHI_120_1b1_AR_007,ICBHI_120_1b1_AR,ICBHI_120,1,ICBHI,Meditron,0.75110085962349,3
ICBHI_120_1b1_AR_008,ICBHI_120_1b1_AR,ICBHI_120,1,ICBHI,Meditron,0.6448963041950554,3
ICBHI_120_1b1_AR_009,ICBHI_120_1b1_AR,ICBHI_120,1,ICBHI,Meditron,0.7727022250064034,3
ICBHI_120_1b1_AR_010,ICBHI_120_1b1_AR,ICBHI_120,1,ICBHI,Meditron,0.6956482746614501,3
ICBHI_120_1b1_AR_011,ICBHI_120_1b1_AR,ICBHI_120,1,ICBHI,Meditron,0.8183016013879783,3
ICBHI_120_1b1_AR_012,ICBHI_120_1b1_AR,ICBHI_120,1,ICBHI,Meditron,0.8980534791726937,3
ICBHI_120_1b1_AR_013,ICBHI_120_1b1_AR,ICBHI_120,1,ICBHI,Meditron,0.8576489207970808,3
ICBHI_120_1b1_AR_014,ICBHI_120_1b1_AR,ICBHI_120,1,ICBHI,Meditron,0.8327813311689884,3
ICBHI_120_1b1_AR_015,ICBHI_120_1b1_AR,ICBHI_120,1,ICBHI,Meditron,0.9336731259764038,3
ICBHI_120_1b1_AR_016,ICBHI_120_1b1_AR,ICBHI_120,1,ICBHI,Meditron,0.9489172630429474,3
ICBHI_120_1b1_AR_017,ICBHI_120_1b1_AR,ICBHI_120,1,ICBHI,Meditron,0.9569571506599678,3
ICBHI_120_1b1_AR_018,ICBHI_120_1b1_AR,ICBHI_120,1,ICBHI,Meditron,0.9402434135995512,3
ICBHI_120_1b1_AR_019,ICBHI_120_1b1_AR,ICBHI_120,1,ICBHI,Meditron,0.9661559646595076,3
ICBHI_120_1b1_AR_020,ICBHI_120_1b1_AR,ICBHI_120,1,ICBHI,Meditron,0.9760836129001416,3
ICBHI_120_1b1_AR_021,ICBHI_120_1b1_AR,ICBHI_120,1,ICBHI,Meditron,0.9733422603160212,3
ICBHI_120_1b1_AR_022,ICBHI_120_1b1_AR,ICBHI_120,1,ICBHI,Meditron,0.947185978662759,3
ICBHI_120_1b1_AR_023,ICBHI_120_1b1_AR,ICBHI_120,1,ICBHI,Meditron,0.8668104328150339,3
ICBHI_120_1b1_AR_024,ICBHI_120_1b1_AR,ICBHI_120,1,ICBHI,Meditron,0.9012274112476256,3
ICBHI_120_1b1_LR_000,ICBHI_120_1b1_LR,ICBHI_120,1,ICBHI,Meditron,0.8885655479945739,3
ICBHI_120_1b1_LR_001,ICBHI_120_1b1_LR,ICBHI_120,1,ICBHI,Meditron,0.940462512071434,3
ICBHI_120_1b1_LR_002,ICBHI_120_1b1_LR,ICBHI_120,1,ICBHI,Meditron,0.9312127108687196,3
ICBHI_120_1b1_LR_003,ICBHI_120_1b1_LR,ICBHI_120,1,ICBHI,Meditron,0.8646536750380953,3
ICBHI_120_1b1_LR_004,ICBHI_120_1b1_LR,ICBHI_120,1,ICBHI,Meditron,0.8690492073600069,3
ICBHI_120_1b1_LR_005,ICBHI_120_1b1_LR,ICBHI_120,1,ICBHI,Meditron,0.9008791448995754,3
ICBHI_120_1b1_LR_006,ICBHI_120_1b1_LR,ICBHI_120,1,ICBHI,Meditron,0.8958875884420037,3
ICBHI_120_1b1_LR_007,ICBHI_120_1b1_LR,ICBHI_120,1,ICBHI,Meditron,0.9121235618881308,3
ICBHI_120_1b1_LR_008,ICBHI_120_1b1_LR,ICBHI_120,1,ICBHI,Meditron,0.906983195331138,3
ICBHI_120_1b1_LR_009,ICBHI_120_1b1_LR,ICBHI_120,1,ICBHI,Meditron,0.902093313941911,3
ICBHI_120_1b1_LR_010,ICBHI_120_1b1_LR,ICBHI_120,1,ICBHI,Meditron,0.9450961463787158,3
ICBHI_120_1b1_LR_011,ICBHI_120_1b1_LR,ICBHI_120,1,ICBHI,Meditron,0.9524858131235034,3
ICBHI_120_1b1_LR_012,ICBHI_120_1b1_LR,ICBHI_120,1,ICBHI,Meditron,0.8946054517822124,3
ICBHI_120_1b1_LR_013,ICBHI_120_1b1_LR,ICBHI_120,1,ICBHI,Meditron,0.8070047633091264,3
ICBHI_120_1b1_LR_014,ICBHI_120_1b1_LR,ICBHI_120,1,ICBHI,Meditron,0.5549528997484712,3
ICBHI_120_1b1_LR_015,ICBHI_120_1b1_LR,ICBHI_120,1,ICBHI,Meditron,0.7966091038807018,3
ICBHI_120_1b1_LR_016,ICBHI_120_1b1_LR,ICBHI_120,1,ICBHI,Meditron,0.7023259334689647,3
ICBHI_120_1b1_LR_017,ICBHI_120_1b1_LR,ICBHI_120,1,ICBHI,Meditron,0.844023707946348,3
ICBHI_120_1b1_LR_018,ICBHI_120_1b1_LR,ICBHI_120,1,ICBHI,Meditron,0.9022656804095373,3
ICBHI_120_1b1_LR_019,ICBHI_120_1b1_LR,ICBHI_120,1,ICBHI,Meditron,0.8771614645569953,3
ICBHI_120_1b1_LR_020,ICBHI_120_1b1_LR,ICBHI_120,1,ICBHI,Meditron,0.8289388083214156,3
ICBHI_120_1b1_LR_021,ICBHI_120_1b1_LR,ICBHI_120,1,ICBHI,Meditron,0.8624675338981391,3
ICBHI_120_1b1_LR_022,ICBHI_120_1b1_LR,ICBHI_120,1,ICBHI,Meditron,0.9014011355313044,3
ICBHI_120_1b1_LR_023,ICBHI_120_1b1_LR,ICBHI_120,1,ICBHI,Meditron,0.9724670607386878,3
ICBHI_120_1b1_LR_024,ICBHI_120_1b1_LR,ICBHI_120,1,ICBHI,Meditron,0.9865198970247336,3
ICBHI_120_1b1_LR_025,ICBHI_120_1b1_LR,ICBHI_120,1,ICBHI,Meditron,0.95275028649851,3
ICBHI_120_1b1_LR_026,ICBHI_120_1b1_LR,ICBHI_120,1,ICBHI,Meditron,0.9008791448995754,3
ICBHI_120_1b1_LR_027,ICBHI_120_1b1_LR,ICBHI_120,1,ICBHI,Meditron,0.9152045921779318,3
ICBHI_120_1b1_LR_028,ICBHI_120_1b1_LR,ICBHI_120,1,ICBHI,Meditron,0.9299510391228232,3
ICBHI_120_1b1_LR_029,ICBHI_120_1b1_LR,ICBHI_120,1,ICBHI,Meditron,0.9314625069680096,3
ICBHI_120_1b1_LR_030,ICBHI_120_1b1_LR,ICBHI_120,1,ICBHI,Meditron,0.9422946838534368,3
ICBHI_120_1b1_LR_031,ICBHI_120_1b1_LR,ICBHI_120,1,ICBHI,Meditron,0.94815453335022,3
ICBHI_120_1b1_LR_032,ICBHI_120_1b1_LR,ICBHI_120,1,ICBHI,Meditron,0.9308364354644564,3
ICBHI_120_1b1_PL_000,ICBHI_120_1b1_PL,ICBHI_120,1,ICBHI,Meditron,0.9324533088603708,3
ICBHI_120_1b1_PL_001,ICBHI_120_1b1_PL,ICBHI_120,1,ICBHI,Meditron,0.9638480624171308,3
ICBHI_120_1b1_PL_002,ICBHI_120_1b1_PL,ICBHI_120,1,ICBHI,Meditron,0.9695556515673754,3
ICBHI_120_1b1_PL_003,ICBHI_120_1b1_PL,ICBHI_120,1,ICBHI,Meditron,0.9549004305956024,3
ICBHI_120_1b1_PL_004,ICBHI_120_1b1_PL,ICBHI_120,1,ICBHI,Meditron,0.91165277304222,3
ICBHI_120_1b1_PL_005,ICBHI_120_1b1_PL,ICBHI_120,1,ICBHI,Meditron,0.9709643572583984,3
ICBHI_120_1b1_PL_006,ICBHI_120_1b1_PL,ICBHI_120,1,ICBHI,Meditron,0.9716178771000952,3
ICBHI_120_1b1_PL_007,ICBHI_120_1b1_PL,ICBHI_120,1,ICBHI,Meditron,0.9543079676184154,3
ICBHI_120_1b1_PL_008,ICBHI_120_1b1_PL,ICBHI_120,1,ICBHI,Meditron,0.9505029467671968,3
ICBHI_120_1b1_PL_009,ICBHI_120_1b1_PL,ICBHI_120,1,ICBHI,Meditron,0.9702962496606208,3
ICBHI_120_1b1_PL_010,ICBHI_120_1b1_PL,ICBHI_120,1,ICBHI,Meditron,0.956553103139948,3
ICBHI_120_1b1_PL_011,ICBHI_120_1b1_PL,ICBHI_120,1,ICBHI,Meditron,0.9689738206081602,3
ICBHI_120_1b1_PL_012,ICBHI_120_1b1_PL,ICBHI_120,1,ICBHI,Meditron,0.8152324893520001,3
ICBHI_120_1b1_PL_013,ICBHI_120_1b1_PL,ICBHI_120,1,ICBHI,Meditron,0.8331889117868532,3
ICBHI_120_1b1_PL_014,ICBHI_120_1b1_PL,ICBHI_120,1,ICBHI,Meditron,0.8598992139095175,3
ICBHI_120_1b1_PL_015,ICBHI_120_1b1_PL,ICBHI_120,1,ICBHI,Meditron,0.9381240142763572,3
ICBHI_120_1b1_PL_016,ICBHI_120_1b1_PL,ICBHI_120,1,ICBHI,Meditron,0.9558990874315896,3
ICBHI_120_1b1_PL_017,ICBHI_120_1b1_PL,ICBHI_120,1,ICBHI,Meditron,0.9244152093213264,3
ICBHI_120_1b1_PL_018,ICBHI_120_1b1_PL,ICBHI_120,1,ICBHI,Meditron,0.9227612136829396,3
ICBHI_120_1b1_PL_019,ICBHI_120_1b1_PL,ICBHI_120,1,ICBHI,Meditron,0.8957052736689574,3
ICBHI_120_1b1_PL_020,ICBHI_120_1b1_PL,ICBHI_120,1,ICBHI,Meditron,0.8533025895746407,3
ICBHI_120_1b1_PL_021,ICBHI_120_1b1_PL,ICBHI_120,1,ICBHI,Meditron,0.840913278063779,3
ICBHI_120_1b1_PL_022,ICBHI_120_1b1_PL,ICBHI_120,1,ICBHI,Meditron,0.8301814902112838,3
ICBHI_120_1b1_PL_023,ICBHI_120_1b1_PL,ICBHI_120,1,ICBHI,Meditron,0.8322366527818007,3
ICBHI_120_1b1_PL_024,ICBHI_120_1b1_PL,ICBHI_120,1,ICBHI,Meditron,0.8601343465140441,3
ICBHI_120_1b1_PR_000,ICBHI_120_1b1_PR,ICBHI_120,1,ICBHI,Meditron,0.9834704434423458,3
ICBHI_120_1b1_PR_001,ICBHI_120_1b1_PR,ICBHI_120,1,ICBHI,Meditron,0.9842760094722643,3
ICBHI_120_1b1_PR_002,ICBHI_120_1b1_PR,ICBHI_120,1,ICBHI,Meditron,0.977542947070584,3
ICBHI_120_1b1_PR_003,ICBHI_120_1b1_PR,ICBHI_120,1,ICBHI,Meditron,0.976535343307368,3
ICBHI_120_1b1_PR_004,ICBHI_120_1b1_PR,ICBHI_120,1,ICBHI,Meditron,0.9773275621685958,3
ICBHI_120_1b1_PR_005,ICBHI_120_1b1_PR,ICBHI_120,1,ICBHI,Meditron,0.9773275621685958,3
ICBHI_120_1b1_PR_006,ICBHI_120_1b1_PR,ICBHI_120,1,ICBHI,Meditron,0.9754369112279712,3
ICBHI_120_1b1_PR_007,ICBHI_120_1b1_PR,ICBHI_120,1,ICBHI,Meditron,0.9589241107536092,3
ICBHI_120_1b1_PR_008,ICBHI_120_1b1_PR,ICBHI_120,1,ICBHI,Meditron,0.9602121916306376,3
ICBHI_120_1b1_PR_009,ICBHI_120_1b1_PR,ICBHI_120,1,ICBHI,Meditron,0.9756234030788976,3
ICBHI_120_1b1_PR_010,ICBHI_120_1b1_PR,ICBHI_120,1,ICBHI,Meditron,0.9730876959261984,3
ICBHI_120_1b1_PR_011,ICBHI_120_1b1_PR,ICBHI_120,1,ICBHI,Meditron,0.9752490288267888,3
ICBHI_120_1b1_PR_012,ICBHI_120_1b1_PR,ICBHI_120,1,ICBHI,Meditron,0.9293122085569836,3
ICBHI_120_1b1_PR_013,ICBHI_120_1b1_PR,ICBHI_120,1,ICBHI,Meditron,0.8596637505099167,3
ICBHI_120_1b1_PR_014,ICBHI_120_1b1_PR,ICBHI_120,1,ICBHI,Meditron,0.7784809512005694,3
ICBHI_120_1b1_PR_015,ICBHI_120_1b1_PR,ICBHI_120,1,ICBHI,Meditron,0.6312533946017395,3
ICBHI_120_1b1_PR_016,ICBHI_120_1b1_PR,ICBHI_120,1,ICBHI,Meditron,0.7293270388161539,3
ICBHI_120_1b1_PR_017,ICBHI_120_1b1_PR,ICBHI_120,1,ICBHI,Meditron,0.7631308939755528,3
ICBHI_120_1b1_PR_018,ICBHI_120_1b1_PR,ICBHI_120,1,ICBHI,Meditron,0.8137569775733345,3
ICBHI_120_1b1_PR_019,ICBHI_120_1b1_PR,ICBHI_120,1,ICBHI,Meditron,0.8226170295316071,3
ICBHI_120_1b1_PR_020,ICBHI_120_1b1_PR,ICBHI_120,1,ICBHI,Meditron,0.8893367717588612,3
ICBHI_120_1b1_PR_021,ICBHI_120_1b1_PR,ICBHI_120,1,ICBHI,Meditron,0.9444848859112394,3
ICBHI_120_1b1_PR_022,ICBHI_120_1b1_PR,ICBHI_120,1,ICBHI,Meditron,0.9442797128028252,3
ICBHI_120_1b1_PR_023,ICBHI_120_1b1_PR,ICBHI_120,1,ICBHI,Meditron,0.9158089190054228,3
ICBHI_120_1b1_PR_024,ICBHI_120_1b1_PR,ICBHI_120,1,ICBHI,Meditron,0.8980534791726937,3
ICBHI_127_1b1_AR_000,ICBHI_127_1b1_AR,ICBHI_127,0,ICBHI,Meditron,0.1948269785656378,3
ICBHI_127_1b1_AR_001,ICBHI_127_1b1_AR,ICBHI_127,0,ICBHI,Meditron,0.0705595961872929,3
ICBHI_127_1b1_AR_002,ICBHI_127_1b1_AR,ICBHI_127,0,ICBHI,Meditron,0.1866874439819975,3
ICBHI_127_1b1_AR_003,ICBHI_127_1b1_AR,ICBHI_127,0,ICBHI,Meditron,0.5889482356182837,3
ICBHI_127_1b1_AR_004,ICBHI_127_1b1_AR,ICBHI_127,0,ICBHI,Meditron,0.3138402093753312,3
ICBHI_127_1b1_AR_005,ICBHI_127_1b1_AR,ICBHI_127,0,ICBHI,Meditron,0.055926173685305,3
ICBHI_141_1b1_PR_000,ICBHI_141_1b1_PR,ICBHI_141,1,ICBHI,LittC2SE,0.8146433721849758,3
ICBHI_141_1b1_PR_001,ICBHI_141_1b1_PR,ICBHI_141,1,ICBHI,LittC2SE,0.8326452942108686,3
ICBHI_141_1b1_PR_002,ICBHI_141_1b1_PR,ICBHI_141,1,ICBHI,LittC2SE,0.8946054517822124,3
ICBHI_141_1b1_PR_003,ICBHI_141_1b1_PR,ICBHI_141,1,ICBHI,LittC2SE,0.7818307568768263,3
ICBHI_141_1b1_PR_004,ICBHI_141_1b1_PR,ICBHI_141,1,ICBHI,LittC2SE,0.8606036203346761,3
ICBHI_141_1b1_PR_005,ICBHI_141_1b1_PR,ICBHI_141,1,ICBHI,LittC2SE,0.8537908888084864,3
ICBHI_141_1b1_PR_006,ICBHI_141_1b1_PR,ICBHI_141,1,ICBHI,LittC2SE,0.8515829016098734,3
ICBHI_141_1b2_AR_000,ICBHI_141_1b2_AR,ICBHI_141,1,ICBHI,LittC2SE,0.9263037302939516,3
ICBHI_141_1b2_AR_001,ICBHI_141_1b2_AR,ICBHI_141,1,ICBHI,LittC2SE,0.9539660976007596,3
ICBHI_141_1b2_AR_002,ICBHI_141_1b2_AR,ICBHI_141,1,ICBHI,LittC2SE,0.9071478391683364,3
ICBHI_141_1b2_AR_003,ICBHI_141_1b2_AR,ICBHI_141,1,ICBHI,LittC2SE,0.922202551391991,3
ICBHI_141_1b2_AR_004,ICBHI_141_1b2_AR,ICBHI_141,1,ICBHI,LittC2SE,0.8678218637325634,3
ICBHI_141_1b2_AR_005,ICBHI_141_1b2_AR,ICBHI_141,1,ICBHI,LittC2SE,0.9007046022173545,3
ICBHI_141_1b2_AR_006,ICBHI_141_1b2_AR,ICBHI_141,1,ICBHI,LittC2SE,0.9001793324323768,3
ICBHI_141_1b2_LR_000,ICBHI_141_1b2_LR,ICBHI_141,1,ICBHI,LittC2SE,0.3086068197662479,3
ICBHI_141_1b2_LR_001,ICBHI_141_1b2_LR,ICBHI_141,1,ICBHI,LittC2SE,0.0793528944558774,3
ICBHI_141_1b2_LR_002,ICBHI_141_1b2_LR,ICBHI_141,1,ICBHI,LittC2SE,0.2568319913875188,3
ICBHI_141_1b2_LR_003,ICBHI_141_1b2_LR,ICBHI_141,1,ICBHI,LittC2SE,0.6969905400906166,3
ICBHI_141_1b2_LR_004,ICBHI_141_1b2_LR,ICBHI_141,1,ICBHI,LittC2SE,0.5578754118788195,3
ICBHI_141_1b2_LR_005,ICBHI_141_1b2_LR,ICBHI_141,1,ICBHI,LittC2SE,0.694924132784345,3
ICBHI_141_1b2_LR_006,ICBHI_141_1b2_LR,ICBHI_141,1,ICBHI,LittC2SE,0.725259623330965,3
ICBHI_141_1b2_PR_000,ICBHI_141_1b2_PR,ICBHI_141,1,ICBHI,LittC2SE,0.8403900110513648,3
ICBHI_141_1b2_PR_001,ICBHI_141_1b2_PR,ICBHI_141,1,ICBHI,LittC2SE,0.8327813311689884,3
ICBHI_141_1b2_PR_002,ICBHI_141_1b2_PR,ICBHI_141,1,ICBHI,LittC2SE,0.8795611834053839,3
ICBHI_141_1b2_PR_003,ICBHI_141_1b2_PR,ICBHI_141,1,ICBHI,LittC2SE,0.9587699726751936,3
ICBHI_141_1b2_PR_004,ICBHI_141_1b2_PR,ICBHI_141,1,ICBHI,LittC2SE,0.9752018398044144,3
ICBHI_141_1b2_PR_005,ICBHI_141_1b2_PR,ICBHI_141,1,ICBHI,LittC2SE,0.9548162433273092,3
ICBHI_141_1b2_PR_006,ICBHI_141_1b2_PR,ICBHI_141,1,ICBHI,LittC2SE,0.9039745112122062,3
ICBHI_141_1b2_TC_000,ICBHI_141_1b2_TC,ICBHI_141,1,ICBHI,LittC2SE,0.1491591882752572,3
ICBHI_141_1b2_TC_001,ICBHI_141_1b2_TC,ICBHI_141,1,ICBHI,LittC2SE,0.055926173685305,3
ICBHI_141_1b2_TC_002,ICBHI_141_1b2_TC,ICBHI_141,1,ICBHI,LittC2SE,0.0518454666497798,3
ICBHI_141_1b2_TC_003,ICBHI_141_1b2_TC,ICBHI_141,1,ICBHI,LittC2SE,0.5322124023087133,3
ICBHI_141_1b2_TC_004,ICBHI_141_1b2_TC,ICBHI_141,1,ICBHI,LittC2SE,0.5062862898382244,3
ICBHI_141_1b2_TC_005,ICBHI_141_1b2_TC,ICBHI_141,1,ICBHI,LittC2SE,0.631480682390426,3
ICBHI_141_1b2_TC_006,ICBHI_141_1b2_TC,ICBHI_141,1,ICBHI,LittC2SE,0.305490096235715,3
ICBHI_141_1b3_AL_000,ICBHI_141_1b3_AL,ICBHI_141,1,ICBHI,LittC2SE,0.3608268132854367,3
ICBHI_141_1b3_AL_001,ICBHI_141_1b3_AL,ICBHI_141,1,ICBHI,LittC2SE,0.1383453374328451,3
ICBHI_141_1b3_AL_002,ICBHI_141_1b3_AL,ICBHI_141,1,ICBHI,LittC2SE,0.0885046620699342,3
ICBHI_141_1b3_AL_003,ICBHI_141_1b3_AL,ICBHI_141,1,ICBHI,LittC2SE,0.2228692322460254,3
ICBHI_141_1b3_AL_004,ICBHI_141_1b3_AL,ICBHI_141,1,ICBHI,LittC2SE,0.3734187232283041,3
ICBHI_141_1b3_AL_005,ICBHI_141_1b3_AL,ICBHI_141,1,ICBHI,LittC2SE,0.1799625018546583,3
ICBHI_141_1b3_AL_006,ICBHI_141_1b3_AL,ICBHI_141,1,ICBHI,LittC2SE,0.2379298916111697,3
ICBHI_141_1b3_AR_000,ICBHI_141_1b3_AR,ICBHI_141,1,ICBHI,LittC2SE,0.8927496741072254,3
ICBHI_141_1b3_AR_001,ICBHI_141_1b3_AR,ICBHI_141,1,ICBHI,LittC2SE,0.9492946352021694,3
ICBHI_141_1b3_AR_002,ICBHI_141_1b3_AR,ICBHI_141,1,ICBHI,LittC2SE,0.954477994846878,3
ICBHI_141_1b3_AR_003,ICBHI_141_1b3_AR,ICBHI_141,1,ICBHI,LittC2SE,0.9439706148821184,3
ICBHI_141_1b3_AR_004,ICBHI_141_1b3_AR,ICBHI_141,1,ICBHI,LittC2SE,0.9501340950202012,3
ICBHI_141_1b3_AR_005,ICBHI_141_1b3_AR,ICBHI_141,1,ICBHI,LittC2SE,0.9686788827792144,3
ICBHI_141_1b3_AR_006,ICBHI_141_1b3_AR,ICBHI_141,1,ICBHI,LittC2SE,0.9637799441350252,3
ICBHI_141_1b3_PR_000,ICBHI_141_1b3_PR,ICBHI_141,1,ICBHI,LittC2SE,0.8478418186787678,3
ICBHI_141_1b3_PR_001,ICBHI_141_1b3_PR,ICBHI_141,1,ICBHI,LittC2SE,0.9370957582019432,3
ICBHI_141_1b3_PR_002,ICBHI_141_1b3_PR,ICBHI_141,1,ICBHI,LittC2SE,0.8558511469672594,3
ICBHI_141_1b3_PR_003,ICBHI_141_1b3_PR,ICBHI_141,1,ICBHI,LittC2SE,0.8826303497723418,3
ICBHI_141_1b3_PR_004,ICBHI_141_1b3_PR,ICBHI_141,1,ICBHI,LittC2SE,0.9492946352021694,3
ICBHI_141_1b3_PR_005,ICBHI_141_1b3_PR,ICBHI_141,1,ICBHI,LittC2SE,0.944587205618231,3
ICBHI_141_1b3_PR_006,ICBHI_141_1b3_PR,ICBHI_141,1,ICBHI,LittC2SE,0.9417613746890242,3
ICBHI_145_2b2_AL_000,ICBHI_145_2b2_AL,ICBHI_145,1,ICBHI,AKGC417L,0.8994751304753559,3
ICBHI_145_2b2_AL_001,ICBHI_145_2b2_AL,ICBHI_145,1,ICBHI,AKGC417L,0.922900303783852,3
ICBHI_145_2b2_AL_002,ICBHI_145_2b2_AL,ICBHI_145,1,ICBHI,AKGC417L,0.94815453335022,3
ICBHI_145_2b2_AL_003,ICBHI_145_2b2_AL,ICBHI_145,1,ICBHI,AKGC417L,0.9105453978311192,3
ICBHI_145_2b2_AL_004,ICBHI_145_2b2_AL,ICBHI_145,1,ICBHI,AKGC417L,0.904313056994317,3
ICBHI_145_2b2_AL_005,ICBHI_145_2b2_AL,ICBHI_145,1,ICBHI,AKGC417L,0.9323301890181837,3
ICBHI_145_2b2_AL_006,ICBHI_145_2b2_AL,ICBHI_145,1,ICBHI,AKGC417L,0.9372107914029488,3
ICBHI_145_2b2_AR_000,ICBHI_145_2b2_AR,ICBHI_145,1,ICBHI,AKGC417L,0.8244619263765707,3
ICBHI_145_2b2_AR_001,ICBHI_145_2b2_AR,ICBHI_145,1,ICBHI,AKGC417L,0.8838389091905732,3
ICBHI_145_2b2_AR_002,ICBHI_145_2b2_AR,ICBHI_145,1,ICBHI,AKGC417L,0.9012274112476256,3
ICBHI_145_2b2_AR_003,ICBHI_145_2b2_AR,ICBHI_145,1,ICBHI,AKGC417L,0.846196804090553,3
ICBHI_145_2b2_AR_004,ICBHI_145_2b2_AR,ICBHI_145,1,ICBHI,AKGC417L,0.8725647115383405,3
ICBHI_145_2b2_AR_005,ICBHI_145_2b2_AR,ICBHI_145,1,ICBHI,AKGC417L,0.9227612136829396,3
ICBHI_145_2b2_AR_006,ICBHI_145_2b2_AR,ICBHI_145,1,ICBHI,AKGC417L,0.9139841186828944,3
ICBHI_145_2b2_LR_000,ICBHI_145_2b2_LR,ICBHI_145,1,ICBHI,AKGC417L,0.8310059485710378,3
ICBHI_145_2b2_LR_001,ICBHI_145_2b2_LR,ICBHI_145,1,ICBHI,AKGC417L,0.8177200818572946,3
ICBHI_145_2b2_LR_002,ICBHI_145_2b2_LR,ICBHI_145,1,ICBHI,AKGC417L,0.7692536249190332,3
ICBHI_145_2b2_LR_003,ICBHI_145_2b2_LR,ICBHI_145,1,ICBHI,AKGC417L,0.8378854381136884,3
ICBHI_145_2b2_LR_004,ICBHI_145_2b2_LR,ICBHI_145,1,ICBHI,AKGC417L,0.7662936430859597,3
ICBHI_145_2b2_LR_005,ICBHI_145_2b2_LR,ICBHI_145,1,ICBHI,AKGC417L,0.6230328989674405,3
ICBHI_145_2b2_LR_006,ICBHI_145_2b2_LR,ICBHI_145,1,ICBHI,AKGC417L,0.7833262058913498,3
ICBHI_145_2b2_PR_000,ICBHI_145_2b2_PR,ICBHI_145,1,ICBHI,AKGC417L,0.8254490604196459,3
ICBHI_145_2b2_PR_001,ICBHI_145_2b2_PR,ICBHI_145,1,ICBHI,AKGC417L,0.7314424129709252,3
ICBHI_145_2b2_PR_002,ICBHI_145_2b2_PR,ICBHI_145,1,ICBHI,AKGC417L,0.7333563766381476,3
ICBHI_145_2b2_PR_003,ICBHI_145_2b2_PR,ICBHI_145,1,ICBHI,AKGC417L,0.7422349234739593,3
ICBHI_145_2b2_PR_004,ICBHI_145_2b2_PR,ICBHI_145,1,ICBHI,AKGC417L,0.7146280437908932,3
ICBHI_145_2b2_PR_005,ICBHI_145_2b2_PR,ICBHI_145,1,ICBHI,AKGC417L,0.6595148131373801,3
ICBHI_145_2b2_PR_006,ICBHI_145_2b2_PR,ICBHI_145,1,ICBHI,AKGC417L,0.6036398067543635,3
ICBHI_145_3b2_AR_000,ICBHI_145_3b2_AR,ICBHI_145,1,ICBHI,AKGC417L,0.8100284909481296,3
ICBHI_145_3b2_AR_001,ICBHI_145_3b2_AR,ICBHI_145,1,ICBHI,AKGC417L,0.8543993677396563,3
ICBHI_145_3b2_AR_002,ICBHI_145_3b2_AR,ICBHI_145,1,ICBHI,AKGC417L,0.3670433733290816,3
ICBHI_145_3b2_AR_003,ICBHI_145_3b2_AR,ICBHI_145,1,ICBHI,AKGC417L,0.4661772205189021,3
ICBHI_145_3b2_AR_004,ICBHI_145_3b2_AR,ICBHI_145,1,ICBHI,AKGC417L,0.8196047411357773,3
ICBHI_145_3b2_AR_005,ICBHI_145_3b2_AR,ICBHI_145,1,ICBHI,AKGC417L,0.5494290910965084,3
ICBHI_145_3b2_AR_006,ICBHI_145_3b2_AR,ICBHI_145,1,ICBHI,AKGC417L,0.7671669574523438,3
ICBHI_145_3b2_LR_000,ICBHI_145_3b2_LR,ICBHI_145,1,ICBHI,AKGC417L,0.5569117169677372,3
ICBHI_145_3b2_LR_001,ICBHI_145_3b2_LR,ICBHI_145,1,ICBHI,AKGC417L,0.8097277575071378,3
ICBHI_145_3b2_LR_002,ICBHI_145_3b2_LR,ICBHI_145,1,ICBHI,AKGC417L,0.8621196531439876,3
ICBHI_145_3b2_LR_003,ICBHI_145_3b2_LR,ICBHI_145,1,ICBHI,AKGC417L,0.8013146462095748,3
ICBHI_145_3b2_LR_004,ICBHI_145_3b2_LR,ICBHI_145,1,ICBHI,AKGC417L,0.644784477408059,3
ICBHI_145_3b2_LR_005,ICBHI_145_3b2_LR,ICBHI_145,1,ICBHI,AKGC417L,0.4081588024256647,3
ICBHI_145_3b2_LR_006,ICBHI_145_3b2_LR,ICBHI_145,1,ICBHI,AKGC417L,0.7202698976006762,3
ICBHI_145_3b4_PL_000,ICBHI_145_3b4_PL,ICBHI_145,1,ICBHI,AKGC417L,0.8984105540811842,3
ICBHI_145_3b4_PL_001,ICBHI_145_3b4_PL,ICBHI_145,1,ICBHI,AKGC417L,0.9212159832431626,3
ICBHI_145_3b4_PL_002,ICBHI_145_3b4_PL,ICBHI_145,1,ICBHI,AKGC417L,0.8794576945577478,3
ICBHI_145_3b4_PL_003,ICBHI_145_3b4_PL,ICBHI_145,1,ICBHI,AKGC417L,0.8736466603593868,3
ICBHI_145_3b4_PL_004,ICBHI_145_3b4_PL,ICBHI_145,1,ICBHI,AKGC417L,0.8674854455595564,3
ICBHI_145_3b4_PL_005,ICBHI_145_3b4_PL,ICBHI_145,1,ICBHI,AKGC417L,0.8468312175806475,3
ICBHI_145_3b4_PL_006,ICBHI_145_3b4_PL,ICBHI_145,1,ICBHI,AKGC417L,0.867373145064478,3
ICBHI_152_1b1_AL_000,ICBHI_152_1b1_AL,ICBHI_152,1,ICBHI,Meditron,0.5772570713228701,3
ICBHI_152_1b1_AL_001,ICBHI_152_1b1_AL,ICBHI_152,1,ICBHI,Meditron,0.4546537520250322,3
ICBHI_152_1b1_AL_002,ICBHI_152_1b1_AL,ICBHI_152,1,ICBHI,Meditron,0.6052158696717864,3
ICBHI_152_1b1_AL_003,ICBHI_152_1b1_AL,ICBHI_152,1,ICBHI,Meditron,0.6622506022306672,3
ICBHI_152_1b1_AL_004,ICBHI_152_1b1_AL,ICBHI_152,1,ICBHI,Meditron,0.8646536750380953,3
ICBHI_152_1b1_AL_005,ICBHI_152_1b1_AL,ICBHI_152,1,ICBHI,Meditron,0.785308580887758,3
ICBHI_152_1b1_AL_006,ICBHI_152_1b1_AL,ICBHI_152,1,ICBHI,Meditron,0.7207615303650544,3
ICBHI_154_1b3_AL_000,ICBHI_154_1b3_AL,ICBHI_154,1,ICBHI,AKGC417L,0.8597815235746459,3
ICBHI_154_1b3_AL_001,ICBHI_154_1b3_AL,ICBHI_154,1,ICBHI,AKGC417L,0.8868130934598374,3
ICBHI_154_1b3_AL_002,ICBHI_154_1b3_AL,ICBHI_154,1,ICBHI,AKGC417L,0.7297124307414513,3
ICBHI_154_1b3_AL_003,ICBHI_154_1b3_AL,ICBHI_154,1,ICBHI,AKGC417L,0.8862236206549613,3
ICBHI_154_1b3_AL_004,ICBHI_154_1b3_AL,ICBHI_154,1,ICBHI,AKGC417L,0.8893367717588612,3
ICBHI_154_1b3_AL_005,ICBHI_154_1b3_AL,ICBHI_154,1,ICBHI,AKGC417L,0.910226713428791,3
ICBHI_154_1b3_AL_006,ICBHI_154_1b3_AL,ICBHI_154,1,ICBHI,AKGC417L,0.8480936125142572,3
ICBHI_154_1b3_AR_000,ICBHI_154_1b3_AR,ICBHI_154,1,ICBHI,AKGC417L,0.5294914850673358,3
ICBHI_154_1b3_AR_001,ICBHI_154_1b3_AR,ICBHI_154,1,ICBHI,AKGC417L,0.7590468412771528,3
ICBHI_154_1b3_AR_002,ICBHI_154_1b3_AR,ICBHI_154,1,ICBHI,AKGC417L,0.6814088570454407,3
ICBHI_154_1b3_AR_003,ICBHI_154_1b3_AR,ICBHI_154,1,ICBHI,AKGC417L,0.5127612051122976,3
ICBHI_154_1b3_AR_004,ICBHI_154_1b3_AR,ICBHI_154,1,ICBHI,AKGC417L,0.6113819732941511,3
ICBHI_154_1b3_AR_005,ICBHI_154_1b3_AR,ICBHI_154,1,ICBHI,AKGC417L,0.7412996284427215,3
ICBHI_154_1b3_AR_006,ICBHI_154_1b3_AR,ICBHI_154,1,ICBHI,AKGC417L,0.4972114852100002,3
ICBHI_154_1b3_LL_000,ICBHI_154_1b3_LL,ICBHI_154,1,ICBHI,AKGC417L,0.8842393539373058,3
ICBHI_154_1b3_LL_001,ICBHI_154_1b3_LL,ICBHI_154,1,ICBHI,AKGC417L,0.8877896276377429,3
ICBHI_154_1b3_LL_002,ICBHI_154_1b3_LL,ICBHI_154,1,ICBHI,AKGC417L,0.622574072245029,3
ICBHI_154_1b3_LL_003,ICBHI_154_1b3_LL,ICBHI_154,1,ICBHI,AKGC417L,0.6922260278044772,3
ICBHI_154_1b3_LL_004,ICBHI_154_1b3_LL,ICBHI_154,1,ICBHI,AKGC417L,0.4763056025535824,3
ICBHI_154_1b3_LL_005,ICBHI_154_1b3_LL,ICBHI_154,1,ICBHI,AKGC417L,0.6814088570454407,3
ICBHI_154_1b3_LL_006,ICBHI_154_1b3_LL,ICBHI_154,1,ICBHI,AKGC417L,0.8104789086703224,3
ICBHI_154_1b3_LR_000,ICBHI_154_1b3_LR,ICBHI_154,1,ICBHI,AKGC417L,0.9147487668762402,3
ICBHI_154_1b3_LR_001,ICBHI_154_1b3_LR,ICBHI_154,1,ICBHI,AKGC417L,0.9477691428985744,3
ICBHI_154_1b3_LR_002,ICBHI_154_1b3_LR,ICBHI_154,1,ICBHI,AKGC417L,0.9334308110294984,3
ICBHI_154_1b3_LR_003,ICBHI_154_1b3_LR,ICBHI_154,1,ICBHI,AKGC417L,0.9512329045230108,3
ICBHI_154_1b3_LR_004,ICBHI_154_1b3_LR,ICBHI_154,1,ICBHI,AKGC417L,0.9438672242987702,3
ICBHI_154_1b3_LR_005,ICBHI_154_1b3_LR,ICBHI_154,1,ICBHI,AKGC417L,0.9745319170136324,3
ICBHI_154_1b3_LR_006,ICBHI_154_1b3_LR,ICBHI_154,1,ICBHI,AKGC417L,0.9574372713515004,3
ICBHI_154_1b3_PL_000,ICBHI_154_1b3_PL,ICBHI_154,1,ICBHI,AKGC417L,0.7390459240701083,3
ICBHI_154_1b3_PL_001,ICBHI_154_1b3_PL,ICBHI_154,1,ICBHI,AKGC417L,0.8671483022189443,3
ICBHI_154_1b3_PL_002,ICBHI_154_1b3_PL,ICBHI_154,1,ICBHI,AKGC417L,0.422266377016229,3
ICBHI_154_1b3_PL_003,ICBHI_154_1b3_PL,ICBHI_154,1,ICBHI,AKGC417L,0.4302071935043485,3
ICBHI_154_1b3_PL_004,ICBHI_154_1b3_PL,ICBHI_154,1,ICBHI,AKGC417L,0.5715872593448814,3
ICBHI_154_1b3_PL_005,ICBHI_154_1b3_PL,ICBHI_154,1,ICBHI,AKGC417L,0.6493562957124066,3
ICBHI_154_1b3_PL_006,ICBHI_154_1b3_PL,ICBHI_154,1,ICBHI,AKGC417L,0.8739697093481282,3
ICBHI_154_1b3_PR_000,ICBHI_154_1b3_PR,ICBHI_154,1,ICBHI,AKGC417L,0.9531879687361164,3
ICBHI_154_1b3_PR_001,ICBHI_154_1b3_PR,ICBHI_154,1,ICBHI,AKGC417L,0.9688561694652216,3
ICBHI_154_1b3_PR_002,ICBHI_154_1b3_PR,ICBHI_154,1,ICBHI,AKGC417L,0.9641193044741588,3
ICBHI_154_1b3_PR_003,ICBHI_154_1b3_PR,ICBHI_154,1,ICBHI,AKGC417L,0.9556514186046016,3
ICBHI_154_1b3_PR_004,ICBHI_154_1b3_PR,ICBHI_154,1,ICBHI,AKGC417L,0.9342753327035104,3
ICBHI_154_1b3_PR_005,ICBHI_154_1b3_PR,ICBHI_154,1,ICBHI,AKGC417L,0.9622497251475316,3
ICBHI_154_1b3_PR_006,ICBHI_154_1b3_PR,ICBHI_154,1,ICBHI,AKGC417L,0.9731387971923422,3
ICBHI_154_1b3_TC_000,ICBHI_154_1b3_TC,ICBHI_154,1,ICBHI,AKGC417L,0.849971175657575,3
ICBHI_154_1b3_TC_001,ICBHI_154_1b3_TC,ICBHI_154,1,ICBHI,AKGC417L,0.8227594829327498,3
ICBHI_154_1b3_TC_002,ICBHI_154_1b3_TC,ICBHI_154,1,ICBHI,AKGC417L,0.7125323215893324,3
ICBHI_154_1b3_TC_003,ICBHI_154_1b3_TC,ICBHI_154,1,ICBHI,AKGC417L,0.5817189821347214,3
ICBHI_154_1b3_TC_004,ICBHI_154_1b3_TC,ICBHI_154,1,ICBHI,AKGC417L,0.81611344837892,3
ICBHI_154_1b3_TC_005,ICBHI_154_1b3_TC,ICBHI_154,1,ICBHI,AKGC417L,0.9242786279246686,3
ICBHI_154_1b3_TC_006,ICBHI_154_1b3_TC,ICBHI_154,1,ICBHI,AKGC417L,0.8936811302242426,3
ICBHI_154_2b4_AL_000,ICBHI_154_2b4_AL,ICBHI_154,1,ICBHI,AKGC417L,0.8984105540811842,3
ICBHI_154_2b4_AL_001,ICBHI_154_2b4_AL,ICBHI_154,1,ICBHI,AKGC417L,0.9034646852235904,3
ICBHI_154_2b4_AL_002,ICBHI_154_2b4_AL,ICBHI_154,1,ICBHI,AKGC417L,0.9315870896477918,3
ICBHI_154_2b4_AL_003,ICBHI_154_2b4_AL,ICBHI_154,1,ICBHI,AKGC417L,0.9434518650712324,3
ICBHI_154_2b4_AL_004,ICBHI_154_2b4_AL,ICBHI_154,1,ICBHI,AKGC417L,0.9212159832431626,3
ICBHI_154_2b4_AL_005,ICBHI_154_2b4_AL,ICBHI_154,1,ICBHI,AKGC417L,0.9254997409810218,3
ICBHI_154_2b4_AL_006,ICBHI_154_2b4_AL,ICBHI_154,1,ICBHI,AKGC417L,0.8964328436644923,3
ICBHI_154_2b4_AR_000,ICBHI_154_2b4_AR,ICBHI_154,1,ICBHI,AKGC417L,0.7416740114308128,3
ICBHI_154_2b4_AR_001,ICBHI_154_2b4_AR,ICBHI_154,1,ICBHI,AKGC417L,0.7659436805244414,3
ICBHI_154_2b4_AR_002,ICBHI_154_2b4_AR,ICBHI_154,1,ICBHI,AKGC417L,0.6383845233738494,3
ICBHI_154_2b4_AR_003,ICBHI_154_2b4_AR,ICBHI_154,1,ICBHI,AKGC417L,0.5807682032474422,3
ICBHI_154_2b4_AR_004,ICBHI_154_2b4_AR,ICBHI_154,1,ICBHI,AKGC417L,0.5672175679438427,3
ICBHI_154_2b4_AR_005,ICBHI_154_2b4_AR,ICBHI_154,1,ICBHI,AKGC417L,0.5260688693122937,3
ICBHI_154_2b4_AR_006,ICBHI_154_2b4_AR,ICBHI_154,1,ICBHI,AKGC417L,0.3934432802216644,3
ICBHI_154_2b4_LL_000,ICBHI_154_2b4_LL,ICBHI_154,1,ICBHI,AKGC417L,0.8575296533208788,3
ICBHI_154_2b4_LL_001,ICBHI_154_2b4_LL,ICBHI_154,1,ICBHI,AKGC417L,0.7937461896031696,3
ICBHI_154_2b4_LL_002,ICBHI_154_2b4_LL,ICBHI_154,1,ICBHI,AKGC417L,0.8967949426280529,3
ICBHI_154_2b4_LL_003,ICBHI_154_2b4_LL,ICBHI_154,1,ICBHI,AKGC417L,0.9071478391683364,3
ICBHI_154_2b4_LL_004,ICBHI_154_2b4_LL,ICBHI_154,1,ICBHI,AKGC417L,0.8868130934598374,3
ICBHI_154_2b4_LL_005,ICBHI_154_2b4_LL,ICBHI_154,1,ICBHI,AKGC417L,0.6492451095313699,3
ICBHI_154_2b4_LL_006,ICBHI_154_2b4_LL,ICBHI_154,1,ICBHI,AKGC417L,0.7567173056632309,3
ICBHI_154_2b4_LR_000,ICBHI_154_2b4_LR,ICBHI_154,1,ICBHI,AKGC417L,0.4396270522433023,3
ICBHI_154_2b4_LR_001,ICBHI_154_2b4_LR,ICBHI_154,1,ICBHI,AKGC417L,0.7794897418544618,3
ICBHI_154_2b4_LR_002,ICBHI_154_2b4_LR,ICBHI_154,1,ICBHI,AKGC417L,0.8236123187076703,3
ICBHI_154_2b4_LR_003,ICBHI_154_2b4_LR,ICBHI_154,1,ICBHI,AKGC417L,0.582372291024895,3
ICBHI_154_2b4_LR_004,ICBHI_154_2b4_LR,ICBHI_154,1,ICBHI,AKGC417L,0.4352412811871552,3
ICBHI_154_2b4_LR_005,ICBHI_154_2b4_LR,ICBHI_154,1,ICBHI,AKGC417L,0.5616957120220218,3
ICBHI_154_2b4_LR_006,ICBHI_154_2b4_LR,ICBHI_154,1,ICBHI,AKGC417L,0.8757869916479466,3
ICBHI_154_2b4_PL_000,ICBHI_154_2b4_PL,ICBHI_154,1,ICBHI,AKGC417L,0.2766905310254353,3
ICBHI_154_2b4_PL_001,ICBHI_154_2b4_PL,ICBHI_154,1,ICBHI,AKGC417L,0.2345819453075826,3
ICBHI_154_2b4_PL_002,ICBHI_154_2b4_PL,ICBHI_154,1,ICBHI,AKGC417L,0.3864739631353936,3
ICBHI_154_2b4_PL_003,ICBHI_154_2b4_PL,ICBHI_154,1,ICBHI,AKGC417L,0.4925923999466337,3
ICBHI_154_2b4_PL_004,ICBHI_154_2b4_PL,ICBHI_154,1,ICBHI,AKGC417L,0.8418256472515684,3
ICBHI_154_2b4_PL_005,ICBHI_154_2b4_PL,ICBHI_154,1,ICBHI,AKGC417L,0.9130583432721084,3
ICBHI_154_2b4_PL_006,ICBHI_154_2b4_PL,ICBHI_154,1,ICBHI,AKGC417L,0.8645393494744094,3
ICBHI_154_2b4_PR_000,ICBHI_154_2b4_PR,ICBHI_154,1,ICBHI,AKGC417L,0.6551154062132463,3
ICBHI_154_2b4_PR_001,ICBHI_154_2b4_PR,ICBHI_154,1,ICBHI,AKGC417L,0.6531269142203084,3
ICBHI_154_2b4_PR_002,ICBHI_154_2b4_PR,ICBHI_154,1,ICBHI,AKGC417L,0.7205649407848504,3
ICBHI_154_2b4_PR_003,ICBHI_154_2b4_PR,ICBHI_154,1,ICBHI,AKGC417L,0.695441475642247,3
ICBHI_154_2b4_PR_004,ICBHI_154_2b4_PR,ICBHI_154,1,ICBHI,AKGC417L,0.4577426459969105,3
ICBHI_154_2b4_PR_005,ICBHI_154_2b4_PR,ICBHI_154,1,ICBHI,AKGC417L,0.4748290353242799,3
ICBHI_154_2b4_PR_006,ICBHI_154_2b4_PR,ICBHI_154,1,ICBHI,AKGC417L,0.5562187961202875,3
ICBHI_154_2b4_TC_000,ICBHI_154_2b4_TC,ICBHI_154,1,ICBHI,AKGC417L,0.652241416355273,3
ICBHI_154_2b4_TC_001,ICBHI_154_2b4_TC,ICBHI_154,1,ICBHI,AKGC417L,0.7611836278339746,3
ICBHI_154_2b4_TC_002,ICBHI_154_2b4_TC,ICBHI_154,1,ICBHI,AKGC417L,0.7745833841649233,3
ICBHI_154_2b4_TC_003,ICBHI_154_2b4_TC,ICBHI_154,1,ICBHI,AKGC417L,0.7804952338575972,3
ICBHI_154_2b4_TC_004,ICBHI_154_2b4_TC,ICBHI_154,1,ICBHI,AKGC417L,0.7407373920575276,3
ICBHI_154_2b4_TC_005,ICBHI_154_2b4_TC,ICBHI_154,1,ICBHI,AKGC417L,0.7343100966418995,3
ICBHI_154_2b4_TC_006,ICBHI_154_2b4_TC,ICBHI_154,1,ICBHI,AKGC417L,0.783823038042297,3
ICBHI_154_3b3_AL_000,ICBHI_154_3b3_AL,ICBHI_154,1,ICBHI,AKGC417L,0.689410179082794,3
ICBHI_154_3b3_AL_001,ICBHI_154_3b3_AL,ICBHI_154,1,ICBHI,AKGC417L,0.8177200818572946,3
ICBHI_154_3b3_AL_002,ICBHI_154_3b3_AL,ICBHI_154,1,ICBHI,AKGC417L,0.8453050150325521,3
ICBHI_154_3b3_AL_003,ICBHI_154_3b3_AL,ICBHI_154,1,ICBHI,AKGC417L,0.8206132463927409,3
ICBHI_154_3b3_AL_004,ICBHI_154_3b3_AL,ICBHI_154,1,ICBHI,AKGC417L,0.8574103025311034,3
ICBHI_154_3b3_AL_005,ICBHI_154_3b3_AL,ICBHI_154,1,ICBHI,AKGC417L,0.7164170532520124,3
ICBHI_154_3b3_AL_006,ICBHI_154_3b3_AL,ICBHI_154,1,ICBHI,AKGC417L,0.5715872593448814,3
ICBHI_154_3b3_AR_000,ICBHI_154_3b3_AR,ICBHI_154,1,ICBHI,AKGC417L,0.5948454930122904,3
ICBHI_154_3b3_AR_001,ICBHI_154_3b3_AR,ICBHI_154,1,ICBHI,AKGC417L,0.7365901238134714,3
ICBHI_154_3b3_AR_002,ICBHI_154_3b3_AR,ICBHI_154,1,ICBHI,AKGC417L,0.7189891779798493,3
ICBHI_154_3b3_AR_003,ICBHI_154_3b3_AR,ICBHI_154,1,ICBHI,AKGC417L,0.7296161151554498,3
ICBHI_154_3b3_AR_004,ICBHI_154_3b3_AR,ICBHI_154,1,ICBHI,AKGC417L,0.3986990534615587,3
ICBHI_154_3b3_AR_005,ICBHI_154_3b3_AR,ICBHI_154,1,ICBHI,AKGC417L,0.6687721071882967,3
ICBHI_154_3b3_AR_006,ICBHI_154_3b3_AR,ICBHI_154,1,ICBHI,AKGC417L,0.6018275974281085,3
ICBHI_154_3b3_LL_000,ICBHI_154_3b3_LL,ICBHI_154,1,ICBHI,AKGC417L,0.6444489022124282,3
ICBHI_154_3b3_LL_001,ICBHI_154_3b3_LL,ICBHI_154,1,ICBHI,AKGC417L,0.6810907684343358,3
ICBHI_154_3b3_LL_002,ICBHI_154_3b3_LL,ICBHI_154,1,ICBHI,AKGC417L,0.8091251983298455,3
ICBHI_154_3b3_LL_003,ICBHI_154_3b3_LL,ICBHI_154,1,ICBHI,AKGC417L,0.7234071794518184,3
ICBHI_154_3b3_LL_004,ICBHI_154_3b3_LL,ICBHI_154,1,ICBHI,AKGC417L,0.371250598158736,3
ICBHI_154_3b3_LL_005,ICBHI_154_3b3_LL,ICBHI_154,1,ICBHI,AKGC417L,0.2963487053551537,3
ICBHI_154_3b3_LL_006,ICBHI_154_3b3_LL,ICBHI_154,1,ICBHI,AKGC417L,0.5201459478287145,3
ICBHI_154_4b4_AL_000,ICBHI_154_4b4_AL,ICBHI_154,1,ICBHI,AKGC417L,0.1744102783307901,3
ICBHI_154_4b4_AL_001,ICBHI_154_4b4_AL,ICBHI_154,1,ICBHI,AKGC417L,0.5158180839253391,3
ICBHI_154_4b4_AL_002,ICBHI_154_4b4_AL,ICBHI_154,1,ICBHI,AKGC417L,0.6122517129814523,3
ICBHI_154_4b4_AL_003,ICBHI_154_4b4_AL,ICBHI_154,1,ICBHI,AKGC417L,0.7056836248167889,3
ICBHI_154_4b4_AL_004,ICBHI_154_4b4_AL,ICBHI_154,1,ICBHI,AKGC417L,0.4042134336691412,3
ICBHI_154_4b4_AL_005,ICBHI_154_4b4_AL,ICBHI_154,1,ICBHI,AKGC417L,0.4964237822986008,3
ICBHI_154_4b4_AL_006,ICBHI_154_4b4_AL,ICBHI_154,1,ICBHI,AKGC417L,0.6354486956575913,3
ICBHI_154_4b4_AR_000,ICBHI_154_4b4_AR,ICBHI_154,1,ICBHI,AKGC417L,0.1855041336236774,3
ICBHI_154_4b4_AR_001,ICBHI_154_4b4_AR,ICBHI_154,1,ICBHI,AKGC417L,0.4461327227877301,3
ICBHI_154_4b4_AR_002,ICBHI_154_4b4_AR,ICBHI_154,1,ICBHI,AKGC417L,0.6926419831347361,3
ICBHI_154_4b4_AR_003,ICBHI_154_4b4_AR,ICBHI_154,1,ICBHI,AKGC417L,0.5527509628718631,3
ICBHI_154_4b4_AR_004,ICBHI_154_4b4_AR,ICBHI_154,1,ICBHI,AKGC417L,0.5650587515863784,3
ICBHI_154_4b4_AR_005,ICBHI_154_4b4_AR,ICBHI_154,1,ICBHI,AKGC417L,0.3935598124863247,3
ICBHI_154_4b4_AR_006,ICBHI_154_4b4_AR,ICBHI_154,1,ICBHI,AKGC417L,0.4236964626684544,3
ICBHI_154_4b4_LL_000,ICBHI_154_4b4_LL,ICBHI_154,1,ICBHI,AKGC417L,0.2756168888835263,3
ICBHI_154_4b4_LL_001,ICBHI_154_4b4_LL,ICBHI_154,1,ICBHI,AKGC417L,0.2806163741765605,3
ICBHI_154_4b4_LL_002,ICBHI_154_4b4_LL,ICBHI_154,1,ICBHI,AKGC417L,0.3446639834618105,3
ICBHI_154_4b4_LL_003,ICBHI_154_4b4_LL,ICBHI_154,1,ICBHI,AKGC417L,0.2274693377553755,3
ICBHI_154_4b4_LL_004,ICBHI_154_4b4_LL,ICBHI_154,1,ICBHI,AKGC417L,0.2465333460097357,3
ICBHI_154_4b4_LL_005,ICBHI_154_4b4_LL,ICBHI_154,1,ICBHI,AKGC417L,0.4303867404899131,3
ICBHI_154_4b4_LL_006,ICBHI_154_4b4_LL,ICBHI_154,1,ICBHI,AKGC417L,0.4868880776876316,3
ICBHI_154_4b4_LR_000,ICBHI_154_4b4_LR,ICBHI_154,1,ICBHI,AKGC417L,0.569553406443815,3
ICBHI_154_4b4_LR_001,ICBHI_154_4b4_LR,ICBHI_154,1,ICBHI,AKGC417L,0.8475896824841331,3
ICBHI_154_4b4_LR_002,ICBHI_154_4b4_LR,ICBHI_154,1,ICBHI,AKGC417L,0.8832359864017768,3
ICBHI_154_4b4_LR_003,ICBHI_154_4b4_LR,ICBHI_154,1,ICBHI,AKGC417L,0.8615382094310357,3
ICBHI_154_4b4_LR_004,ICBHI_154_4b4_LR,ICBHI_154,1,ICBHI,AKGC417L,0.7150261869263117,3
ICBHI_154_4b4_LR_005,ICBHI_154_4b4_LR,ICBHI_154,1,ICBHI,AKGC417L,0.786130671364785,3
ICBHI_154_4b4_LR_006,ICBHI_154_4b4_LR,ICBHI_154,1,ICBHI,AKGC417L,0.8780007780454421,3
ICBHI_154_4b4_PL_000,ICBHI_154_4b4_PL,ICBHI_154,1,ICBHI,AKGC417L,0.5917822203746856,3
ICBHI_154_4b4_PL_001,ICBHI_154_4b4_PL,ICBHI_154,1,ICBHI,AKGC417L,0.3286371560727261,3
ICBHI_154_4b4_PL_002,ICBHI_154_4b4_PL,ICBHI_154,1,ICBHI,AKGC417L,0.2944177985735851,3
ICBHI_154_4b4_PL_003,ICBHI_154_4b4_PL,ICBHI_154,1,ICBHI,AKGC417L,0.4532315972669758,3
ICBHI_154_4b4_PL_004,ICBHI_154_4b4_PL,ICBHI_154,1,ICBHI,AKGC417L,0.6615949939645016,3
ICBHI_154_4b4_PL_005,ICBHI_154_4b4_PL,ICBHI_154,1,ICBHI,AKGC417L,0.3181672877465323,3
ICBHI_154_4b4_PL_006,ICBHI_154_4b4_PL,ICBHI_154,1,ICBHI,AKGC417L,0.3059046401082834,3
ICBHI_154_4b4_PR_000,ICBHI_154_4b4_PR,ICBHI_154,1,ICBHI,AKGC417L,0.7543725361962167,3
ICBHI_154_4b4_PR_001,ICBHI_154_4b4_PR,ICBHI_154,1,ICBHI,AKGC417L,0.7494541351946964,3
ICBHI_154_4b4_PR_002,ICBHI_154_4b4_PR,ICBHI_154,1,ICBHI,AKGC417L,0.7314424129709252,3
ICBHI_154_4b4_PR_003,ICBHI_154_4b4_PR,ICBHI_154,1,ICBHI,AKGC417L,0.8286616786847617,3
ICBHI_154_4b4_PR_004,ICBHI_154_4b4_PR,ICBHI_154,1,ICBHI,AKGC417L,0.6270381503544469,3
ICBHI_154_4b4_PR_005,ICBHI_154_4b4_PR,ICBHI_154,1,ICBHI,AKGC417L,0.7781439548098582,3
ICBHI_154_4b4_PR_006,ICBHI_154_4b4_PR,ICBHI_154,1,ICBHI,AKGC417L,0.8560919364922251,3
ICBHI_158_1b3_AR_000,ICBHI_158_1b3_AR,ICBHI_158,1,ICBHI,LittC2SE,0.2133771754166049,3
ICBHI_158_1b3_AR_001,ICBHI_158_1b3_AR,ICBHI_158,1,ICBHI,LittC2SE,0.0376793912311216,3
ICBHI_158_1b3_AR_002,ICBHI_158_1b3_AR,ICBHI_158,1,ICBHI,LittC2SE,0.0864776474568819,3
ICBHI_158_1b3_AR_003,ICBHI_158_1b3_AR,ICBHI_158,1,ICBHI,LittC2SE,0.0310261793918397,3
ICBHI_158_1b3_AR_004,ICBHI_158_1b3_AR,ICBHI_158,1,ICBHI,LittC2SE,0.0573875346753933,3
ICBHI_158_1b3_AR_005,ICBHI_158_1b3_AR,ICBHI_158,1,ICBHI,LittC2SE,0.2420264335573413,3
ICBHI_158_1b3_AR_006,ICBHI_158_1b3_AR,ICBHI_158,1,ICBHI,LittC2SE,0.0239620240395053,3
ICBHI_158_1p2_AL_000,ICBHI_158_1p2_AL,ICBHI_158,1,ICBHI,AKGC417L,0.7424217173984088,3
ICBHI_158_1p2_AL_001,ICBHI_158_1p2_AL,ICBHI_158,1,ICBHI,AKGC417L,0.7379143205612129,3
ICBHI_158_1p2_AL_002,ICBHI_158_1p2_AL,ICBHI_158,1,ICBHI,AKGC417L,0.3615027646527562,3
ICBHI_158_1p2_AL_003,ICBHI_158_1p2_AL,ICBHI_158,1,ICBHI,AKGC417L,0.6541218336117602,3
ICBHI_158_1p2_AL_004,ICBHI_158_1p2_AL,ICBHI_158,1,ICBHI,AKGC417L,0.6136418077099374,3
ICBHI_158_1p2_AL_005,ICBHI_158_1p2_AL,ICBHI_158,1,ICBHI,AKGC417L,0.3725052027267044,3
ICBHI_158_1p2_AL_006,ICBHI_158_1p2_AL,ICBHI_158,1,ICBHI,AKGC417L,0.7171109463369053,3
ICBHI_158_1p2_AR_000,ICBHI_158_1p2_AR,ICBHI_158,1,ICBHI,AKGC417L,0.7740714376449187,3
ICBHI_158_1p2_AR_001,ICBHI_158_1p2_AR,ICBHI_158,1,ICBHI,AKGC417L,0.8014700784725759,3
ICBHI_158_1p2_AR_002,ICBHI_158_1p2_AR,ICBHI_158,1,ICBHI,AKGC417L,0.7062917371779097,3
ICBHI_158_1p2_AR_003,ICBHI_158_1p2_AR,ICBHI_158,1,ICBHI,AKGC417L,0.5908382267865563,3
ICBHI_158_1p2_AR_004,ICBHI_158_1p2_AR,ICBHI_158,1,ICBHI,AKGC417L,0.2603894608730207,3
ICBHI_158_1p2_AR_005,ICBHI_158_1p2_AR,ICBHI_158,1,ICBHI,AKGC417L,0.2228692322460254,3
ICBHI_158_1p2_AR_006,ICBHI_158_1p2_AR,ICBHI_158,1,ICBHI,AKGC417L,0.6489114537896132,3
ICBHI_158_1p2_LL_000,ICBHI_158_1p2_LL,ICBHI_158,1,ICBHI,AKGC417L,0.58462693921766,3
ICBHI_158_1p2_LL_001,ICBHI_158_1p2_LL,ICBHI_158,1,ICBHI,AKGC417L,0.7474316461672359,3
ICBHI_158_1p2_LL_002,ICBHI_158_1p2_LL,ICBHI_158,1,ICBHI,AKGC417L,0.6590760925603991,3
ICBHI_158_1p2_LL_003,ICBHI_158_1p2_LL,ICBHI_158,1,ICBHI,AKGC417L,0.7327830999605387,3
ICBHI_158_1p2_LL_004,ICBHI_158_1p2_LL,ICBHI_158,1,ICBHI,AKGC417L,0.9142907207192192,3
ICBHI_158_1p2_LL_005,ICBHI_158_1p2_LL,ICBHI_158,1,ICBHI,AKGC417L,0.8464508271169839,3
ICBHI_158_1p2_LL_006,ICBHI_158_1p2_LL,ICBHI_158,1,ICBHI,AKGC417L,0.7170118817172945,3
ICBHI_158_1p2_LR_000,ICBHI_158_1p2_LR,ICBHI_158,1,ICBHI,AKGC417L,0.4130035702536833,3
ICBHI_158_1p2_LR_001,ICBHI_158_1p2_LR,ICBHI_158,1,ICBHI,AKGC417L,0.361728203832598,3
ICBHI_158_1p2_LR_002,ICBHI_158_1p2_LR,ICBHI_158,1,ICBHI,AKGC417L,0.4794579804648413,3
ICBHI_158_1p2_LR_003,ICBHI_158_1p2_LR,ICBHI_158,1,ICBHI,AKGC417L,0.4693378401460343,3
ICBHI_158_1p2_LR_004,ICBHI_158_1p2_LR,ICBHI_158,1,ICBHI,AKGC417L,0.1108555949252608,3
ICBHI_158_1p2_LR_005,ICBHI_158_1p2_LR,ICBHI_158,1,ICBHI,AKGC417L,0.3916967580356049,3
ICBHI_158_1p2_LR_006,ICBHI_158_1p2_LR,ICBHI_158,1,ICBHI,AKGC417L,0.5657786354194224,3
ICBHI_158_1p2_PL_000,ICBHI_158_1p2_PL,ICBHI_158,1,ICBHI,AKGC417L,0.3960097697643996,3
ICBHI_158_1p2_PL_001,ICBHI_158_1p2_PL,ICBHI_158,1,ICBHI,AKGC417L,0.324663488782487,3
ICBHI_158_1p2_PL_002,ICBHI_158_1p2_PL,ICBHI_158,1,ICBHI,AKGC417L,0.5366164587030771,3
ICBHI_158_1p2_PL_003,ICBHI_158_1p2_PL,ICBHI_158,1,ICBHI,AKGC417L,0.8531803039554275,3
ICBHI_158_1p2_PL_004,ICBHI_158_1p2_PL,ICBHI_158,1,ICBHI,AKGC417L,0.3692013557105894,3
ICBHI_158_1p2_PL_005,ICBHI_158_1p2_PL,ICBHI_158,1,ICBHI,AKGC417L,0.423756077492136,3
ICBHI_158_1p2_PL_006,ICBHI_158_1p2_PL,ICBHI_158,1,ICBHI,AKGC417L,0.834541775934969,3
ICBHI_158_1p2_PR_000,ICBHI_158_1p2_PR,ICBHI_158,1,ICBHI,AKGC417L,0.5749318378055371,3
ICBHI_158_1p2_PR_001,ICBHI_158_1p2_PR,ICBHI_158,1,ICBHI,AKGC417L,0.5008382789386954,3
ICBHI_158_1p2_PR_002,ICBHI_158_1p2_PR,ICBHI_158,1,ICBHI,AKGC417L,0.5950219975882318,3
ICBHI_158_1p2_PR_003,ICBHI_158_1p2_PR,ICBHI_158,1,ICBHI,AKGC417L,0.7098243776453041,3
ICBHI_158_1p2_PR_004,ICBHI_158_1p2_PR,ICBHI_158,1,ICBHI,AKGC417L,0.5748721723540451,3
ICBHI_158_1p2_PR_005,ICBHI_158_1p2_PR,ICBHI_158,1,ICBHI,AKGC417L,0.7396105391269793,3
ICBHI_158_1p2_PR_006,ICBHI_158_1p2_PR,ICBHI_158,1,ICBHI,AKGC417L,0.794544423846451,3
ICBHI_158_1p2_TC_000,ICBHI_158_1p2_TC,ICBHI_158,1,ICBHI,AKGC417L,0.5712883132576986,3
ICBHI_158_1p2_TC_001,ICBHI_158_1p2_TC,ICBHI_158,1,ICBHI,AKGC417L,0.6317079118195137,3
ICBHI_158_1p2_TC_002,ICBHI_158_1p2_TC,ICBHI_158,1,ICBHI,AKGC417L,0.3190152986247644,3
ICBHI_158_1p2_TC_003,ICBHI_158_1p2_TC,ICBHI_158,1,ICBHI,AKGC417L,0.1940621557507342,3
ICBHI_158_1p2_TC_004,ICBHI_158_1p2_TC,ICBHI_158,1,ICBHI,AKGC417L,0.1355750575170207,3
ICBHI_158_1p2_TC_005,ICBHI_158_1p2_TC,ICBHI_158,1,ICBHI,AKGC417L,0.1446314371429752,3
ICBHI_158_1p2_TC_006,ICBHI_158_1p2_TC,ICBHI_158,1,ICBHI,AKGC417L,0.2600134908691712,3
ICBHI_158_1p3_AL_000,ICBHI_158_1p3_AL,ICBHI_158,1,ICBHI,AKGC417L,0.8608377620505786,3
ICBHI_158_1p3_AL_001,ICBHI_158_1p3_AL,ICBHI_158,1,ICBHI,AKGC417L,0.8966140333938164,3
ICBHI_158_1p3_AL_002,ICBHI_158_1p3_AL,ICBHI_158,1,ICBHI,AKGC417L,0.804405915893501,3
ICBHI_158_1p3_AL_003,ICBHI_158_1p3_AL,ICBHI_158,1,ICBHI,AKGC417L,0.8398653506656495,3
ICBHI_158_1p3_AL_004,ICBHI_158_1p3_AL,ICBHI_158,1,ICBHI,AKGC417L,0.8791467675095294,3
ICBHI_158_1p3_AL_005,ICBHI_158_1p3_AL,ICBHI_158,1,ICBHI,AKGC417L,0.8919993467962748,3
ICBHI_158_1p3_AL_006,ICBHI_158_1p3_AL,ICBHI_158,1,ICBHI,AKGC417L,0.8231863045672491,3
ICBHI_158_1p3_AR_000,ICBHI_158_1p3_AR,ICBHI_158,1,ICBHI,AKGC417L,0.8070047633091264,3
ICBHI_158_1p3_AR_001,ICBHI_158_1p3_AR,ICBHI_158,1,ICBHI,AKGC417L,0.7661187072796035,3
ICBHI_158_1p3_AR_002,ICBHI_158_1p3_AR,ICBHI_158,1,ICBHI,AKGC417L,0.7683857743122923,3
ICBHI_158_1p3_AR_003,ICBHI_158_1p3_AR,ICBHI_158,1,ICBHI,AKGC417L,0.7448419825671565,3
ICBHI_158_1p3_AR_004,ICBHI_158_1p3_AR,ICBHI_158,1,ICBHI,AKGC417L,0.5534147821767303,3
ICBHI_158_1p3_AR_005,ICBHI_158_1p3_AR,ICBHI_158,1,ICBHI,AKGC417L,0.6396235149903111,3
ICBHI_158_1p3_AR_006,ICBHI_158_1p3_AR,ICBHI_158,1,ICBHI,AKGC417L,0.4929318368470849,3
ICBHI_158_1p3_LL_000,ICBHI_158_1p3_LL,ICBHI_158,1,ICBHI,AKGC417L,0.7793218391224057,3
ICBHI_158_1p3_LL_001,ICBHI_158_1p3_LL,ICBHI_158,1,ICBHI,AKGC417L,0.8303191217824987,3
ICBHI_158_1p3_LL_002,ICBHI_158_1p3_LL,ICBHI_158,1,ICBHI,AKGC417L,0.7829945258508844,3
ICBHI_158_1p3_LL_003,ICBHI_158_1p3_LL,ICBHI_158,1,ICBHI,AKGC417L,0.7783124988012587,3
ICBHI_158_1p3_LL_004,ICBHI_158_1p3_LL,ICBHI_158,1,ICBHI,AKGC417L,0.6091754673431612,3
ICBHI_158_1p3_LL_005,ICBHI_158_1p3_LL,ICBHI_158,1,ICBHI,AKGC417L,0.531178974579392,3
ICBHI_158_1p3_LL_006,ICBHI_158_1p3_LL,ICBHI_158,1,ICBHI,AKGC417L,0.502696964810747,3
ICBHI_158_1p3_LR_000,ICBHI_158_1p3_LR,ICBHI_158,1,ICBHI,AKGC417L,0.595845360105483,3
ICBHI_158_1p3_LR_001,ICBHI_158_1p3_LR,ICBHI_158,1,ICBHI,AKGC417L,0.5574839629624853,3
ICBHI_158_1p3_LR_002,ICBHI_158_1p3_LR,ICBHI_158,1,ICBHI,AKGC417L,0.3139453676293908,3
ICBHI_158_1p3_LR_003,ICBHI_158_1p3_LR,ICBHI_158,1,ICBHI,AKGC417L,0.3047654023316783,3
ICBHI_158_1p3_LR_004,ICBHI_158_1p3_LR,ICBHI_158,1,ICBHI,AKGC417L,0.3275607406424654,3
ICBHI_158_1p3_LR_005,ICBHI_158_1p3_LR,ICBHI_158,1,ICBHI,AKGC417L,0.062445285613984,3
ICBHI_158_1p3_LR_006,ICBHI_158_1p3_LR,ICBHI_158,1,ICBHI,AKGC417L,0.0593191421034372,3
ICBHI_158_1p3_PL_000,ICBHI_158_1p3_PL,ICBHI_158,1,ICBHI,AKGC417L,0.7839884653055251,3
ICBHI_158_1p3_PL_001,ICBHI_158_1p3_PL,ICBHI_158,1,ICBHI,AKGC417L,0.8283841930310485,3
ICBHI_158_1p3_PL_002,ICBHI_158_1p3_PL,ICBHI_158,1,ICBHI,AKGC417L,0.8958875884420037,3
ICBHI_158_1p3_PL_003,ICBHI_158_1p3_PL,ICBHI_158,1,ICBHI,AKGC417L,0.8984105540811842,3
ICBHI_158_1p3_PL_004,ICBHI_158_1p3_PL,ICBHI_158,1,ICBHI,AKGC417L,0.8830344094536157,3
ICBHI_158_1p3_PL_005,ICBHI_158_1p3_PL,ICBHI_158,1,ICBHI,AKGC417L,0.7622471326574958,3
ICBHI_158_1p3_PL_006,ICBHI_158_1p3_PL,ICBHI_158,1,ICBHI,AKGC417L,0.7943849604299823,3
ICBHI_158_1p3_PR_000,ICBHI_158_1p3_PR,ICBHI_158,1,ICBHI,AKGC417L,0.8743993415637574,3
ICBHI_158_1p3_PR_001,ICBHI_158_1p3_PR,ICBHI_158,1,ICBHI,AKGC417L,0.8944211564084097,3
ICBHI_158_1p3_PR_002,ICBHI_158_1p3_PR,ICBHI_158,1,ICBHI,AKGC417L,0.7563575624625937,3
ICBHI_158_1p3_PR_003,ICBHI_158_1p3_PR,ICBHI_158,1,ICBHI,AKGC417L,0.5915462851603492,3
ICBHI_158_1p3_PR_004,ICBHI_158_1p3_PR,ICBHI_158,1,ICBHI,AKGC417L,0.5470406438992439,3
ICBHI_158_1p3_PR_005,ICBHI_158_1p3_PR,ICBHI_158,1,ICBHI,AKGC417L,0.6030555313007994,3
ICBHI_158_1p3_PR_006,ICBHI_158_1p3_PR,ICBHI_158,1,ICBHI,AKGC417L,0.7981867777396212,3
ICBHI_158_1p3_TC_000,ICBHI_158_1p3_TC,ICBHI_158,1,ICBHI,AKGC417L,0.3660230225018303,3
ICBHI_158_1p3_TC_001,ICBHI_158_1p3_TC,ICBHI_158,1,ICBHI,AKGC417L,0.4851042016971623,3
ICBHI_158_1p3_TC_002,ICBHI_158_1p3_TC,ICBHI_158,1,ICBHI,AKGC417L,0.5374359146498895,3
ICBHI_158_1p3_TC_003,ICBHI_158_1p3_TC,ICBHI_158,1,ICBHI,AKGC417L,0.4594095906164888,3
ICBHI_158_1p3_TC_004,ICBHI_158_1p3_TC,ICBHI_158,1,ICBHI,AKGC417L,0.5323643538826168,3
ICBHI_158_1p3_TC_005,ICBHI_158_1p3_TC,ICBHI_158,1,ICBHI,AKGC417L,0.6285214204687661,3
ICBHI_158_1p3_TC_006,ICBHI_158_1p3_TC,ICBHI_158,1,ICBHI,AKGC417L,0.5344302876558423,3
ICBHI_158_1p4_AL_000,ICBHI_158_1p4_AL,ICBHI_158,1,ICBHI,AKGC417L,0.8255897216692099,3
ICBHI_158_1p4_AL_001,ICBHI_158_1p4_AL,ICBHI_158,1,ICBHI,AKGC417L,0.819315785835197,3
ICBHI_158_1p4_AL_002,ICBHI_158_1p4_AL,ICBHI_158,1,ICBHI,AKGC417L,0.6040486237801486,3
ICBHI_158_1p4_AL_003,ICBHI_158_1p4_AL,ICBHI_158,1,ICBHI,AKGC417L,0.7520125737597972,3
ICBHI_158_1p4_AL_004,ICBHI_158_1p4_AL,ICBHI_158,1,ICBHI,AKGC417L,0.695441475642247,3
ICBHI_158_1p4_AL_005,ICBHI_158_1p4_AL,ICBHI_158,1,ICBHI,AKGC417L,0.6463486089654296,3
ICBHI_158_1p4_AL_006,ICBHI_158_1p4_AL,ICBHI_158,1,ICBHI,AKGC417L,0.7048716678307363,3
ICBHI_158_1p4_AR_000,ICBHI_158_1p4_AR,ICBHI_158,1,ICBHI,AKGC417L,0.8830344094536157,3
ICBHI_158_1p4_AR_001,ICBHI_158_1p4_AR,ICBHI_158,1,ICBHI,AKGC417L,0.7411123045411034,3
ICBHI_158_1p4_AR_002,ICBHI_158_1p4_AR,ICBHI_158,1,ICBHI,AKGC417L,0.223377061783443,3
ICBHI_158_1p4_AR_003,ICBHI_158_1p4_AR,ICBHI_158,1,ICBHI,AKGC417L,0.5979600914316406,3
ICBHI_158_1p4_AR_004,ICBHI_158_1p4_AR,ICBHI_158,1,ICBHI,AKGC417L,0.5724240297877585,3
ICBHI_158_1p4_AR_005,ICBHI_158_1p4_AR,ICBHI_158,1,ICBHI,AKGC417L,0.4942705754945724,3
ICBHI_158_1p4_AR_006,ICBHI_158_1p4_AR,ICBHI_158,1,ICBHI,AKGC417L,0.4276357258485788,3
ICBHI_158_1p4_LR_000,ICBHI_158_1p4_LR,ICBHI_158,1,ICBHI,AKGC417L,0.6813028462770989,3
ICBHI_158_1p4_LR_001,ICBHI_158_1p4_LR,ICBHI_158,1,ICBHI,AKGC417L,0.4654178511875753,3
ICBHI_158_1p4_LR_002,ICBHI_158_1p4_LR,ICBHI_158,1,ICBHI,AKGC417L,0.1289632992901026,3
ICBHI_158_1p4_LR_003,ICBHI_158_1p4_LR,ICBHI_158,1,ICBHI,AKGC417L,0.3132096615361948,3
ICBHI_158_1p4_LR_004,ICBHI_158_1p4_LR,ICBHI_158,1,ICBHI,AKGC417L,0.5758861870160151,3
ICBHI_158_1p4_LR_005,ICBHI_158_1p4_LR,ICBHI_158,1,ICBHI,AKGC417L,0.1962094128087019,3
ICBHI_158_1p4_LR_006,ICBHI_158_1p4_LR,ICBHI_158,1,ICBHI,AKGC417L,0.233356758197565,3
ICBHI_158_1p4_PL_000,ICBHI_158_1p4_PL,ICBHI_158,1,ICBHI,AKGC417L,0.8862236206549613,3
ICBHI_158_1p4_PL_001,ICBHI_158_1p4_PL,ICBHI_158,1,ICBHI,AKGC417L,0.9136765234137296,3
ICBHI_158_1p4_PL_002,ICBHI_158_1p4_PL,ICBHI_158,1,ICBHI,AKGC417L,0.8080672135527632,3
ICBHI_158_1p4_PL_003,ICBHI_158_1p4_PL,ICBHI_158,1,ICBHI,AKGC417L,0.5269818197609871,3
ICBHI_158_1p4_PL_004,ICBHI_158_1p4_PL,ICBHI_158,1,ICBHI,AKGC417L,0.6334102636778401,3
ICBHI_158_1p4_PL_005,ICBHI_158_1p4_PL,ICBHI_158,1,ICBHI,AKGC417L,0.3783442397046543,3
ICBHI_158_1p4_PL_006,ICBHI_158_1p4_PL,ICBHI_158,1,ICBHI,AKGC417L,0.4181028141779312,3
ICBHI_158_1p4_PR_000,ICBHI_158_1p4_PR,ICBHI_158,1,ICBHI,AKGC417L,0.8419556382496595,3
ICBHI_158_1p4_PR_001,ICBHI_158_1p4_PR,ICBHI_158,1,ICBHI,AKGC417L,0.902093313941911,3
ICBHI_158_1p4_PR_002,ICBHI_158_1p4_PR,ICBHI_158,1,ICBHI,AKGC417L,0.8866168991447488,3
ICBHI_158_1p4_PR_003,ICBHI_158_1p4_PR,ICBHI_158,1,ICBHI,AKGC417L,0.8210441123099046,3
ICBHI_158_1p4_PR_004,ICBHI_158_1p4_PR,ICBHI_158,1,ICBHI,AKGC417L,0.6785400001155409,3
ICBHI_158_1p4_PR_005,ICBHI_158_1p4_PR,ICBHI_158,1,ICBHI,AKGC417L,0.6550050759787809,3
ICBHI_158_1p4_PR_006,ICBHI_158_1p4_PR,ICBHI_158,1,ICBHI,AKGC417L,0.6057407399598258,3
ICBHI_158_1p4_TC_000,ICBHI_158_1p4_TC,ICBHI_158,1,ICBHI,AKGC417L,0.7977144377714659,3
ICBHI_158_1p4_TC_001,ICBHI_158_1p4_TC,ICBHI_158,1,ICBHI,AKGC417L,0.5745738124098149,3
ICBHI_158_1p4_TC_002,ICBHI_158_1p4_TC,ICBHI_158,1,ICBHI,AKGC417L,0.2183358626245592,3
ICBHI_158_1p4_TC_003,ICBHI_158_1p4_TC,ICBHI_158,1,ICBHI,AKGC417L,0.4619572110582862,3
ICBHI_158_1p4_TC_004,ICBHI_158_1p4_TC,ICBHI_158,1,ICBHI,AKGC417L,0.1661335534168026,3
ICBHI_158_1p4_TC_005,ICBHI_158_1p4_TC,ICBHI_158,1,ICBHI,AKGC417L,0.1934519403256302,3
ICBHI_158_1p4_TC_006,ICBHI_158_1p4_TC,ICBHI_158,1,ICBHI,AKGC417L,0.5637382538055683,3
ICBHI_158_2p2_AR_000,ICBHI_158_2p2_AR,ICBHI_158,1,ICBHI,AKGC417L,0.5799357791969176,3
ICBHI_158_2p2_AR_001,ICBHI_158_2p2_AR,ICBHI_158,1,ICBHI,AKGC417L,0.2702875692585487,3
ICBHI_158_2p2_AR_002,ICBHI_158_2p2_AR,ICBHI_158,1,ICBHI,AKGC417L,0.2397051166798774,3
ICBHI_158_2p2_AR_003,ICBHI_158_2p2_AR,ICBHI_158,1,ICBHI,AKGC417L,0.398816118877723,3
ICBHI_158_2p2_AR_004,ICBHI_158_2p2_AR,ICBHI_158,1,ICBHI,AKGC417L,0.5075334569605032,3
ICBHI_158_2p2_AR_005,ICBHI_158_2p2_AR,ICBHI_158,1,ICBHI,AKGC417L,0.3882700453757224,3
ICBHI_158_2p2_AR_006,ICBHI_158_2p2_AR,ICBHI_158,1,ICBHI,AKGC417L,0.387516476947268,3
ICBHI_158_2p3_LR_000,ICBHI_158_2p3_LR,ICBHI_158,1,ICBHI,AKGC417L,0.8875949114621223,3
ICBHI_158_2p3_LR_001,ICBHI_158_2p3_LR,ICBHI_158,1,ICBHI,AKGC417L,0.8902942261220291,3
ICBHI_158_2p3_LR_002,ICBHI_158_2p3_LR,ICBHI_158,1,ICBHI,AKGC417L,0.8966140333938164,3
ICBHI_158_2p3_LR_003,ICBHI_158_2p3_LR,ICBHI_158,1,ICBHI,AKGC417L,0.9048188745508808,3
ICBHI_158_2p3_LR_004,ICBHI_158_2p3_LR,ICBHI_158,1,ICBHI,AKGC417L,0.9165588263728888,3
ICBHI_158_2p3_LR_005,ICBHI_158_2p3_LR,ICBHI_158,1,ICBHI,AKGC417L,0.7230162096979416,3
ICBHI_158_2p3_LR_006,ICBHI_158_2p3_LR,ICBHI_158,1,ICBHI,AKGC417L,0.1360335004079886,3
ICBHI_158_2p3_TC_000,ICBHI_158_2p3_TC,ICBHI_158,1,ICBHI,AKGC417L,0.1024842192524987,3
ICBHI_158_2p3_TC_001,ICBHI_158_2p3_TC,ICBHI_158,1,ICBHI,AKGC417L,0.0159063917118147,3
ICBHI_158_2p3_TC_002,ICBHI_158_2p3_TC,ICBHI_158,1,ICBHI,AKGC417L,0.0060975621925753,3
ICBHI_158_2p3_TC_003,ICBHI_158_2p3_TC,ICBHI_158,1,ICBHI,AKGC417L,0.0041500808362202,3
ICBHI_158_2p3_TC_004,ICBHI_158_2p3_TC,ICBHI_158,1,ICBHI,AKGC417L,0.0227157563244791,3
ICBHI_158_2p3_TC_005,ICBHI_158_2p3_TC,ICBHI_158,1,ICBHI,AKGC417L,0.0351448464007932,3
ICBHI_158_2p3_TC_006,ICBHI_158_2p3_TC,ICBHI_158,1,ICBHI,AKGC417L,0.0260563042513849,3
ICBHI_175_1b1_AL_000,ICBHI_175_1b1_AL,ICBHI_175,1,ICBHI,Litt3200,0.9735944821139187,3
ICBHI_175_1b1_AL_001,ICBHI_175_1b1_AL,ICBHI_175,1,ICBHI,Litt3200,0.9762200155633391,3
ICBHI_175_1b1_AL_002,ICBHI_175_1b1_AL,ICBHI_175,1,ICBHI,Litt3200,0.9832145101099364,3
ICBHI_175_1b1_AL_003,ICBHI_175_1b1_AL,ICBHI_175,1,ICBHI,Litt3200,0.9802430819947856,3
ICBHI_175_1b1_AL_004,ICBHI_175_1b1_AL,ICBHI_175,1,ICBHI,Litt3200,0.9870296135626316,3
ICBHI_175_1b1_AL_005,ICBHI_175_1b1_AL,ICBHI_175,1,ICBHI,Litt3200,0.992710922416408,3
ICBHI_175_1b1_AR_000,ICBHI_175_1b1_AR,ICBHI_175,1,ICBHI,Litt3200,0.4762599291845705,3
ICBHI_175_1b1_AR_001,ICBHI_175_1b1_AR,ICBHI_175,1,ICBHI,Litt3200,0.8873999002546609,3
ICBHI_175_1b1_AR_002,ICBHI_175_1b1_AR,ICBHI_175,1,ICBHI,Litt3200,0.7919820020816034,3
ICBHI_175_1b1_AR_003,ICBHI_175_1b1_AR,ICBHI_175,1,ICBHI,Litt3200,0.1288536400418638,3
ICBHI_175_1b1_AR_004,ICBHI_175_1b1_AR,ICBHI_175,1,ICBHI,Litt3200,0.0096336523594465,3
ICBHI_175_1b1_LL_000,ICBHI_175_1b1_LL,ICBHI_175,1,ICBHI,Litt3200,0.9865717452580314,3
ICBHI_175_1b1_LL_001,ICBHI_175_1b1_LL,ICBHI_175,1,ICBHI,Litt3200,0.9921232932834126,3
ICBHI_175_1b1_LL_002,ICBHI_175_1b1_LL,ICBHI_175,1,ICBHI,Litt3200,0.997030554704626,3
ICBHI_175_1b1_LL_003,ICBHI_175_1b1_LL,ICBHI_175,1,ICBHI,Litt3200,0.9923637835053328,3
ICBHI_175_1b1_LL_004,ICBHI_175_1b1_LL,ICBHI_175,1,ICBHI,Litt3200,0.9847524093785004,3
ICBHI_175_1b1_LL_005,ICBHI_175_1b1_LL,ICBHI_175,1,ICBHI,Litt3200,0.9859363729567544,3
ICBHI_175_1b1_LR_000,ICBHI_175_1b1_LR,ICBHI_175,1,ICBHI,Litt3200,0.9701269078891236,3
ICBHI_175_1b1_LR_001,ICBHI_175_1b1_LR,ICBHI_175,1,ICBHI,Litt3200,0.96557645058735,3
ICBHI_175_1b1_LR_002,ICBHI_175_1b1_LR,ICBHI_175,1,ICBHI,Litt3200,0.9702962496606208,3
ICBHI_175_1b1_LR_003,ICBHI_175_1b1_LR,ICBHI_175,1,ICBHI,Litt3200,0.9720986237904434,3
ICBHI_175_1b1_LR_004,ICBHI_175_1b1_LR,ICBHI_175,1,ICBHI,Litt3200,0.9881308789536604,3
ICBHI_175_1b1_PL_000,ICBHI_175_1b1_PL,ICBHI_175,1,ICBHI,Litt3200,0.8978745248133241,3
ICBHI_175_1b1_PL_001,ICBHI_175_1b1_PL,ICBHI_175,1,ICBHI,Litt3200,0.8008478003966318,3
ICBHI_175_1b1_PL_002,ICBHI_175_1b1_PL,ICBHI_175,1,ICBHI,Litt3200,0.955235687404285,3
ICBHI_175_1b1_PL_003,ICBHI_175_1b1_PL,ICBHI_175,1,ICBHI,Litt3200,0.9781771750265408,3
ICBHI_175_1b1_PL_004,ICBHI_175_1b1_PL,ICBHI_175,1,ICBHI,Litt3200,0.8776866156761532,3
ICBHI_175_1b1_PL_005,ICBHI_175_1b1_PL,ICBHI_175,1,ICBHI,Litt3200,0.9294404038127072,3
ICBHI_175_1b1_PL_006,ICBHI_175_1b1_PL,ICBHI_175,1,ICBHI,Litt3200,0.9866748522941186,3
ICBHI_175_1b1_PR_000,ICBHI_175_1b1_PR,ICBHI_175,1,ICBHI,Litt3200,0.772187262695501,3
ICBHI_175_1b1_PR_001,ICBHI_175_1b1_PR,ICBHI_175,1,ICBHI,Litt3200,0.7970833682925155,3
ICBHI_175_1b1_PR_002,ICBHI_175_1b1_PR,ICBHI_175,1,ICBHI,Litt3200,0.8810019911062638,3
ICBHI_175_1b1_PR_003,ICBHI_175_1b1_PR,ICBHI_175,1,ICBHI,Litt3200,0.9542227274192232,3
ICBHI_175_1b1_PR_004,ICBHI_175_1b1_PR,ICBHI_175,1,ICBHI,Litt3200,0.974676939890233,3
ICBHI_179_1b1_AL_000,ICBHI_179_1b1_AL,ICBHI_179,1,ICBHI,Meditron,0.978093633973752,3
ICBHI_179_1b1_AL_001,ICBHI_179_1b1_AL,ICBHI_179,1,ICBHI,Meditron,0.8757869916479466,3
ICBHI_179_1b1_AL_002,ICBHI_179_1b1_AL,ICBHI_179,1,ICBHI,Meditron,0.9865717452580314,3
ICBHI_179_1b1_AL_003,ICBHI_179_1b1_AL,ICBHI_179,1,ICBHI,Meditron,0.9852145923076094,3
ICBHI_179_1b1_AL_004,ICBHI_179_1b1_AL,ICBHI_179,1,ICBHI,Meditron,0.9639839292499328,3
ICBHI_179_1b1_AL_005,ICBHI_179_1b1_AL,ICBHI_179,1,ICBHI,Meditron,0.9770664357676162,3
ICBHI_179_1b1_AL_006,ICBHI_179_1b1_AL,ICBHI_179,1,ICBHI,Meditron,0.9470881887900422,3
ICBHI_179_1b1_TC_000,ICBHI_179_1b1_TC,ICBHI_179,1,ICBHI,Meditron,0.128744060256284,3
ICBHI_179_1b1_TC_001,ICBHI_179_1b1_TC,ICBHI_179,1,ICBHI,Meditron,0.1080006532037251,3
ICBHI_179_1b1_TC_002,ICBHI_179_1b1_TC,ICBHI_179,1,ICBHI,Meditron,0.1059482871363797,3
ICBHI_179_1b1_TC_003,ICBHI_179_1b1_TC,ICBHI_179,1,ICBHI,Meditron,0.1336411906989577,3
ICBHI_179_1b1_TC_004,ICBHI_179_1b1_TC,ICBHI_179,1,ICBHI,Meditron,0.0825493022640281,3
ICBHI_179_1b1_TC_005,ICBHI_179_1b1_TC,ICBHI_179,1,ICBHI,Meditron,0.3031125922526521,3
ICBHI_179_1b1_TC_006,ICBHI_179_1b1_TC,ICBHI_179,1,ICBHI,Meditron,0.4873455374151711,3
ICBHI_194_1b1_LR_000,ICBHI_194_1b1_LR,ICBHI_194,0,ICBHI,Meditron,0.6365790671593003,3
ICBHI_194_1b1_LR_001,ICBHI_194_1b1_LR,ICBHI_194,0,ICBHI,Meditron,0.5484618869631898,3
ICBHI_194_1b1_LR_002,ICBHI_194_1b1_LR,ICBHI_194,0,ICBHI,Meditron,0.2198395635610974,3
ICBHI_194_1b1_LR_003,ICBHI_194_1b1_LR,ICBHI_194,0,ICBHI,Meditron,0.2820972931967583,3
ICBHI_194_1b1_LR_004,ICBHI_194_1b1_LR,ICBHI_194,0,ICBHI,Meditron,0.4403188398828757,3
ICBHI_194_1b1_LR_005,ICBHI_194_1b1_LR,ICBHI_194,0,ICBHI,Meditron,0.3843920630588741,3
ICBHI_194_1b1_LR_006,ICBHI_194_1b1_LR,ICBHI_194,0,ICBHI,Meditron,0.2826909874340755,3
ICBHI_194_1b1_PR_000,ICBHI_194_1b1_PR,ICBHI_194,0,ICBHI,Meditron,0.2906787453909827,3
ICBHI_194_1b1_PR_001,ICBHI_194_1b1_PR,ICBHI_194,0,ICBHI,Meditron,0.3413629007182345,3
ICBHI_194_1b1_PR_002,ICBHI_194_1b1_PR,ICBHI_194,0,ICBHI,Meditron,0.7027341005928283,3
ICBHI_194_1b1_PR_003,ICBHI_194_1b1_PR,ICBHI_194,0,ICBHI,Meditron,0.5615153862748754,3
ICBHI_194_1b1_PR_004,ICBHI_194_1b1_PR,ICBHI_194,0,ICBHI,Meditron,0.3468730857796916,3
ICBHI_194_1b1_PR_005,ICBHI_194_1b1_PR,ICBHI_194,0,ICBHI,Meditron,0.8187367931713698,3
ICBHI_194_1b1_PR_006,ICBHI_194_1b1_PR,ICBHI_194,0,ICBHI,Meditron,0.1428286491105592,3
ICBHI_198_1b5_AL_000,ICBHI_198_1b5_AL,ICBHI_198,1,ICBHI,AKGC417L,0.8341368428246111,3
ICBHI_198_1b5_AL_001,ICBHI_198_1b5_AL,ICBHI_198,1,ICBHI,AKGC417L,0.7331653714055038,3
ICBHI_198_1b5_AL_002,ICBHI_198_1b5_AL,ICBHI_198,1,ICBHI,AKGC417L,0.4813471613455247,3
ICBHI_198_1b5_AL_003,ICBHI_198_1b5_AL,ICBHI_198,1,ICBHI,AKGC417L,0.6542322972011442,3
ICBHI_198_1b5_AL_004,ICBHI_198_1b5_AL,ICBHI_198,1,ICBHI,AKGC417L,0.538497870785318,3
ICBHI_198_1b5_AL_005,ICBHI_198_1b5_AL,ICBHI_198,1,ICBHI,AKGC417L,0.8507168330025411,3
ICBHI_198_1b5_AL_006,ICBHI_198_1b5_AL,ICBHI_198,1,ICBHI,AKGC417L,0.8401278551276037,3
ICBHI_198_1b5_AR_000,ICBHI_198_1b5_AR,ICBHI_198,1,ICBHI,AKGC417L,0.7129322140836937,3
ICBHI_198_1b5_AR_001,ICBHI_198_1b5_AR,ICBHI_198,1,ICBHI,AKGC417L,0.6013009465384413,3
ICBHI_198_1b5_AR_002,ICBHI_198_1b5_AR,ICBHI_198,1,ICBHI,AKGC417L,0.2907794317601571,3
ICBHI_198_1b5_AR_003,ICBHI_198_1b5_AR,ICBHI_198,1,ICBHI,AKGC417L,0.1208532324904706,3
ICBHI_198_1b5_AR_004,ICBHI_198_1b5_AR,ICBHI_198,1,ICBHI,AKGC417L,0.1917813724492648,3
ICBHI_198_1b5_AR_005,ICBHI_198_1b5_AR,ICBHI_198,1,ICBHI,AKGC417L,0.7452130011262696,3
ICBHI_198_1b5_AR_006,ICBHI_198_1b5_AR,ICBHI_198,1,ICBHI,AKGC417L,0.2632204423196185,3
ICBHI_198_1b5_LL_000,ICBHI_198_1b5_LL,ICBHI_198,1,ICBHI,AKGC417L,0.944994711706546,3
ICBHI_198_1b5_LL_001,ICBHI_198_1b5_LL,ICBHI_198,1,ICBHI,AKGC417L,0.9518632288833652,3
ICBHI_198_1b5_LL_002,ICBHI_198_1b5_LL,ICBHI_198,1,ICBHI,AKGC417L,0.6950276407931524,3
ICBHI_198_1b5_LL_003,ICBHI_198_1b5_LL,ICBHI_198,1,ICBHI,AKGC417L,0.707303624694514,3
ICBHI_198_1b5_LL_004,ICBHI_198_1b5_LL,ICBHI_198,1,ICBHI,AKGC417L,0.8067003854356462,3
ICBHI_198_1b5_LL_005,ICBHI_198_1b5_LL,ICBHI_198,1,ICBHI,AKGC417L,0.9346342130197336,3
ICBHI_198_1b5_LL_006,ICBHI_198_1b5_LL,ICBHI_198,1,ICBHI,AKGC417L,0.5461028068686584,3
ICBHI_198_1b5_LR_000,ICBHI_198_1b5_LR,ICBHI_198,1,ICBHI,AKGC417L,0.8519528019683106,3
ICBHI_198_1b5_LR_001,ICBHI_198_1b5_LR,ICBHI_198,1,ICBHI,AKGC417L,0.6390605663565305,3
ICBHI_198_1b5_LR_002,ICBHI_198_1b5_LR,ICBHI_198,1,ICBHI,AKGC417L,0.5740963235876503,3
ICBHI_198_1b5_LR_003,ICBHI_198_1b5_LR,ICBHI_198,1,ICBHI,AKGC417L,0.7401743620390163,3
ICBHI_198_1b5_LR_004,ICBHI_198_1b5_LR,ICBHI_198,1,ICBHI,AKGC417L,0.5581764775304007,3
ICBHI_198_1b5_LR_005,ICBHI_198_1b5_LR,ICBHI_198,1,ICBHI,AKGC417L,0.699459749912564,3
ICBHI_198_1b5_LR_006,ICBHI_198_1b5_LR,ICBHI_198,1,ICBHI,AKGC417L,0.4555921755176241,3
ICBHI_198_1b5_PL_000,ICBHI_198_1b5_PL,ICBHI_198,1,ICBHI,AKGC417L,0.8873999002546609,3
ICBHI_198_1b5_PL_001,ICBHI_198_1b5_PL,ICBHI_198,1,ICBHI,AKGC417L,0.888758793492457,3
ICBHI_198_1b5_PL_002,ICBHI_198_1b5_PL,ICBHI_198,1,ICBHI,AKGC417L,0.8326452942108686,3
ICBHI_198_1b5_PL_003,ICBHI_198_1b5_PL,ICBHI_198,1,ICBHI,AKGC417L,0.6323892490913283,3
ICBHI_198_1b5_PL_004,ICBHI_198_1b5_PL,ICBHI_198,1,ICBHI,AKGC417L,0.8067003854356462,3
ICBHI_198_1b5_PL_005,ICBHI_198_1b5_PL,ICBHI_198,1,ICBHI,AKGC417L,0.9303317708925486,3
ICBHI_198_1b5_PL_006,ICBHI_198_1b5_PL,ICBHI_198,1,ICBHI,AKGC417L,0.7237001829732717,3
ICBHI_198_1b5_PR_000,ICBHI_198_1b5_PR,ICBHI_198,1,ICBHI,AKGC417L,0.9690910414827888,3
ICBHI_198_1b5_PR_001,ICBHI_198_1b5_PR,ICBHI_198,1,ICBHI,AKGC417L,0.9233161978167048,3
ICBHI_198_1b5_PR_002,ICBHI_198_1b5_PR,ICBHI_198,1,ICBHI,AKGC417L,0.8742920512378466,3
ICBHI_198_1b5_PR_003,ICBHI_198_1b5_PR,ICBHI_198,1,ICBHI,AKGC417L,0.9550683569776216,3
ICBHI_198_1b5_PR_004,ICBHI_198_1b5_PR,ICBHI_198,1,ICBHI,AKGC417L,0.922900303783852,3
ICBHI_198_1b5_PR_005,ICBHI_198_1b5_PR,ICBHI_198,1,ICBHI,AKGC417L,0.9100669877621352,3
ICBHI_198_1b5_PR_006,ICBHI_198_1b5_PR,ICBHI_198,1,ICBHI,AKGC417L,0.8223318533430608,3
ICBHI_198_1b5_TC_000,ICBHI_198_1b5_TC,ICBHI_198,1,ICBHI,AKGC417L,0.758510610284809,3
ICBHI_198_1b5_TC_001,ICBHI_198_1b5_TC,ICBHI_198,1,ICBHI,AKGC417L,0.3618409462617462,3
ICBHI_198_1b5_TC_002,ICBHI_198_1b5_TC,ICBHI_198,1,ICBHI,AKGC417L,0.166404302529738,3
ICBHI_198_1b5_TC_003,ICBHI_198_1b5_TC,ICBHI_198,1,ICBHI,AKGC417L,0.4808748140077593,3
ICBHI_198_1b5_TC_004,ICBHI_198_1b5_TC,ICBHI_198,1,ICBHI,AKGC417L,0.3697701203409095,3
ICBHI_198_1b5_TC_005,ICBHI_198_1b5_TC,ICBHI_198,1,ICBHI,AKGC417L,0.3923950369316108,3
ICBHI_198_1b5_TC_006,ICBHI_198_1b5_TC,ICBHI_198,1,ICBHI,AKGC417L,0.3554392235932392,3
ICBHI_198_6p1_AL_000,ICBHI_198_6p1_AL,ICBHI_198,1,ICBHI,AKGC417L,0.2960433382782308,3
ICBHI_198_6p1_AL_001,ICBHI_198_6p1_AL,ICBHI_198,1,ICBHI,AKGC417L,0.1050268087423381,3
ICBHI_198_6p1_AL_002,ICBHI_198_6p1_AL,ICBHI_198,1,ICBHI,AKGC417L,0.0063389217370943,3
ICBHI_198_6p1_AL_003,ICBHI_198_6p1_AL,ICBHI_198,1,ICBHI,AKGC417L,0.0139020586250593,3
ICBHI_198_6p1_AL_004,ICBHI_198_6p1_AL,ICBHI_198,1,ICBHI,AKGC417L,0.0298165411438,3
ICBHI_198_6p1_AL_005,ICBHI_198_6p1_AL,ICBHI_198,1,ICBHI,AKGC417L,0.0019877742123839,3
ICBHI_198_6p1_AL_006,ICBHI_198_6p1_AL,ICBHI_198,1,ICBHI,AKGC417L,0.0004222328697668,3
ICBHI_198_6p1_AR_000,ICBHI_198_6p1_AR,ICBHI_198,1,ICBHI,AKGC417L,0.0315590191705739,3
ICBHI_198_6p1_AR_001,ICBHI_198_6p1_AR,ICBHI_198,1,ICBHI,AKGC417L,0.0151890488079839,3
ICBHI_198_6p1_AR_002,ICBHI_198_6p1_AR,ICBHI_198,1,ICBHI,AKGC417L,0.0072890775835919,3
ICBHI_198_6p1_AR_003,ICBHI_198_6p1_AR,ICBHI_198,1,ICBHI,AKGC417L,0.0079379941014073,3
ICBHI_198_6p1_AR_004,ICBHI_198_6p1_AR,ICBHI_198,1,ICBHI,AKGC417L,0.0210848411368978,3
ICBHI_198_6p1_AR_005,ICBHI_198_6p1_AR,ICBHI_198,1,ICBHI,AKGC417L,0.2123953465350491,3
ICBHI_198_6p1_AR_006,ICBHI_198_6p1_AR,ICBHI_198,1,ICBHI,AKGC417L,0.1236828097220643,3
ICBHI_198_6p1_LL_000,ICBHI_198_6p1_LL,ICBHI_198,1,ICBHI,AKGC417L,0.7399865091308289,3
ICBHI_198_6p1_LL_001,ICBHI_198_6p1_LL,ICBHI_198,1,ICBHI,AKGC417L,0.6554462966099726,3
ICBHI_198_6p1_LL_002,ICBHI_198_6p1_LL,ICBHI_198,1,ICBHI,AKGC417L,0.2002447099606112,3
ICBHI_198_6p1_LL_003,ICBHI_198_6p1_LL,ICBHI_198,1,ICBHI,AKGC417L,0.1003484064410559,3
ICBHI_198_6p1_LL_004,ICBHI_198_6p1_LL,ICBHI_198,1,ICBHI,AKGC417L,0.5445592046184614,3
ICBHI_198_6p1_LL_005,ICBHI_198_6p1_LL,ICBHI_198,1,ICBHI,AKGC417L,0.3731902581478581,3
ICBHI_198_6p1_LL_006,ICBHI_198_6p1_LL,ICBHI_198,1,ICBHI,AKGC417L,0.4534131069308023,3
ICBHI_198_6p1_LR_000,ICBHI_198_6p1_LR,ICBHI_198,1,ICBHI,AKGC417L,0.711731540560191,3
ICBHI_198_6p1_LR_001,ICBHI_198_6p1_LR,ICBHI_198,1,ICBHI,AKGC417L,0.1629120374529118,3
ICBHI_198_6p1_LR_002,ICBHI_198_6p1_LR,ICBHI_198,1,ICBHI,AKGC417L,0.0872522465547244,3
ICBHI_198_6p1_LR_003,ICBHI_198_6p1_LR,ICBHI_198,1,ICBHI,AKGC417L,0.0870968264035303,3
ICBHI_198_6p1_LR_004,ICBHI_198_6p1_LR,ICBHI_198,1,ICBHI,AKGC417L,0.2443630050707852,3
ICBHI_198_6p1_LR_005,ICBHI_198_6p1_LR,ICBHI_198,1,ICBHI,AKGC417L,0.2073751908359181,3
ICBHI_198_6p1_LR_006,ICBHI_198_6p1_LR,ICBHI_198,1,ICBHI,AKGC417L,0.7058864104811337,3
ICBHI_198_6p1_PL_000,ICBHI_198_6p1_PL,ICBHI_198,1,ICBHI,AKGC417L,0.9550683569776216,3
ICBHI_198_6p1_PL_001,ICBHI_198_6p1_PL,ICBHI_198,1,ICBHI,AKGC417L,0.9568766292846294,3
ICBHI_198_6p1_PL_002,ICBHI_198_6p1_PL,ICBHI_198,1,ICBHI,AKGC417L,0.929055172257238,3
ICBHI_198_6p1_PL_003,ICBHI_198_6p1_PL,ICBHI_198,1,ICBHI,AKGC417L,0.8916224556614933,3
ICBHI_198_6p1_PL_004,ICBHI_198_6p1_PL,ICBHI_198,1,ICBHI,AKGC417L,0.9303317708925486,3
ICBHI_198_6p1_PL_005,ICBHI_198_6p1_PL,ICBHI_198,1,ICBHI,AKGC417L,0.8657924593024567,3
ICBHI_198_6p1_PL_006,ICBHI_198_6p1_PL,ICBHI_198,1,ICBHI,AKGC417L,0.8315538139498254,3
ICBHI_198_6p1_PR_000,ICBHI_198_6p1_PR,ICBHI_198,1,ICBHI,AKGC417L,0.1971351475153745,3
ICBHI_198_6p1_PR_001,ICBHI_198_6p1_PR,ICBHI_198,1,ICBHI,AKGC417L,0.0896138166516522,3
ICBHI_198_6p1_PR_002,ICBHI_198_6p1_PR,ICBHI_198,1,ICBHI,AKGC417L,0.1887722142202807,3
ICBHI_198_6p1_PR_003,ICBHI_198_6p1_PR,ICBHI_198,1,ICBHI,AKGC417L,0.1192029220221175,3
ICBHI_198_6p1_PR_004,ICBHI_198_6p1_PR,ICBHI_198,1,ICBHI,AKGC417L,0.1769558795664754,3
ICBHI_198_6p1_PR_005,ICBHI_198_6p1_PR,ICBHI_198,1,ICBHI,AKGC417L,0.8016254192426442,3
ICBHI_198_6p1_PR_006,ICBHI_198_6p1_PR,ICBHI_198,1,ICBHI,AKGC417L,0.8925625233915799,3
ICBHI_198_6p1_TC_000,ICBHI_198_6p1_TC,ICBHI_198,1,ICBHI,AKGC417L,0.4010425457377338,3
ICBHI_198_6p1_TC_001,ICBHI_198_6p1_TC,ICBHI_198,1,ICBHI,AKGC417L,0.3539862998097729,3
ICBHI_198_6p1_TC_002,ICBHI_198_6p1_TC,ICBHI_198,1,ICBHI,AKGC417L,0.052134256468296,3
ICBHI_198_6p1_TC_003,ICBHI_198_6p1_TC,ICBHI_198,1,ICBHI,AKGC417L,0.0522308571014257,3
ICBHI_198_6p1_TC_004,ICBHI_198_6p1_TC,ICBHI_198,1,ICBHI,AKGC417L,0.0358806955258411,3
ICBHI_198_6p1_TC_005,ICBHI_198_6p1_TC,ICBHI_198,1,ICBHI,AKGC417L,0.0458626641565421,3
ICBHI_198_6p1_TC_006,ICBHI_198_6p1_TC,ICBHI_198,1,ICBHI,AKGC417L,0.508269509536558,3
ICBHI_205_1b3_AL_000,ICBHI_205_1b3_AL,ICBHI_205,1,ICBHI,AKGC417L,0.6992544210587585,3
ICBHI_205_1b3_AL_001,ICBHI_205_1b3_AL,ICBHI_205,1,ICBHI,AKGC417L,0.5393168559312083,3
ICBHI_205_1b3_AL_002,ICBHI_205_1b3_AL,ICBHI_205,1,ICBHI,AKGC417L,0.7913377270134009,3
ICBHI_205_1b3_AL_003,ICBHI_205_1b3_AL,ICBHI_205,1,ICBHI,AKGC417L,0.8530579339538515,3
ICBHI_205_1b3_AL_004,ICBHI_205_1b3_AL,ICBHI_205,1,ICBHI,AKGC417L,0.7951813604438017,3
ICBHI_205_1b3_AL_005,ICBHI_205_1b3_AL,ICBHI_205,1,ICBHI,AKGC417L,0.8219034153422714,3
ICBHI_205_1b3_AL_006,ICBHI_205_1b3_AL,ICBHI_205,1,ICBHI,AKGC417L,0.885829153706156,3
ICBHI_205_1b3_AR_000,ICBHI_205_1b3_AR,ICBHI_205,1,ICBHI,AKGC417L,0.4806005634445837,3
ICBHI_205_1b3_AR_001,ICBHI_205_1b3_AR,ICBHI_205,1,ICBHI,AKGC417L,0.269806315471258,3
ICBHI_205_1b3_AR_002,ICBHI_205_1b3_AR,ICBHI_205,1,ICBHI,AKGC417L,0.5813030906443133,3
ICBHI_205_1b3_AR_003,ICBHI_205_1b3_AR,ICBHI_205,1,ICBHI,AKGC417L,0.4860647060452014,3
ICBHI_205_1b3_AR_004,ICBHI_205_1b3_AR,ICBHI_205,1,ICBHI,AKGC417L,0.1937568655438218,3
ICBHI_205_1b3_AR_005,ICBHI_205_1b3_AR,ICBHI_205,1,ICBHI,AKGC417L,0.334480739416174,3
ICBHI_205_1b3_AR_006,ICBHI_205_1b3_AR,ICBHI_205,1,ICBHI,AKGC417L,0.3790910113985537,3
ICBHI_205_1b3_LL_000,ICBHI_205_1b3_LL,ICBHI_205,1,ICBHI,AKGC417L,0.766643241802435,3
ICBHI_205_1b3_LL_001,ICBHI_205_1b3_LL,ICBHI_205,1,ICBHI,AKGC417L,0.2093080161426896,3
ICBHI_205_1b3_LL_002,ICBHI_205_1b3_LL,ICBHI_205,1,ICBHI,AKGC417L,0.5081322173796736,3
ICBHI_205_1b3_LL_003,ICBHI_205_1b3_LL,ICBHI_205,1,ICBHI,AKGC417L,0.7858021104335594,3
ICBHI_205_1b3_LL_004,ICBHI_205_1b3_LL,ICBHI_205,1,ICBHI,AKGC417L,0.658417500561683,3
ICBHI_205_1b3_LL_005,ICBHI_205_1b3_LL,ICBHI_205,1,ICBHI,AKGC417L,0.6820445270314575,3
ICBHI_205_1b3_LL_006,ICBHI_205_1b3_LL,ICBHI_205,1,ICBHI,AKGC417L,0.6535692664470906,3
ICBHI_205_1b3_LR_000,ICBHI_205_1b3_LR,ICBHI_205,1,ICBHI,AKGC417L,0.5131042981614454,3
ICBHI_205_1b3_LR_001,ICBHI_205_1b3_LR,ICBHI_205,1,ICBHI,AKGC417L,0.2291899878313013,3
ICBHI_205_1b3_LR_002,ICBHI_205_1b3_LR,ICBHI_205,1,ICBHI,AKGC417L,0.3368762228291792,3
ICBHI_205_1b3_LR_003,ICBHI_205_1b3_LR,ICBHI_205,1,ICBHI,AKGC417L,0.2714447809383901,3
ICBHI_205_1b3_LR_004,ICBHI_205_1b3_LR,ICBHI_205,1,ICBHI,AKGC417L,0.2407745957703822,3
ICBHI_205_1b3_LR_005,ICBHI_205_1b3_LR,ICBHI_205,1,ICBHI,AKGC417L,0.6236061222677938,3
ICBHI_205_1b3_LR_006,ICBHI_205_1b3_LR,ICBHI_205,1,ICBHI,AKGC417L,0.4372226773283039,3
ICBHI_205_1b3_PL_000,ICBHI_205_1b3_PL,ICBHI_205,1,ICBHI,AKGC417L,0.708716827897607,3
ICBHI_205_1b3_PL_001,ICBHI_205_1b3_PL,ICBHI_205,1,ICBHI,AKGC417L,0.5370110365291855,3
ICBHI_205_1b3_PL_002,ICBHI_205_1b3_PL,ICBHI_205,1,ICBHI,AKGC417L,0.8288002879954212,3
ICBHI_205_1b3_PL_003,ICBHI_205_1b3_PL,ICBHI_205,1,ICBHI,AKGC417L,0.7819972846876342,3
ICBHI_205_1b3_PL_004,ICBHI_205_1b3_PL,ICBHI_205,1,ICBHI,AKGC417L,0.4482753088572279,3
ICBHI_205_1b3_PL_005,ICBHI_205_1b3_PL,ICBHI_205,1,ICBHI,AKGC417L,0.7626009092335494,3
ICBHI_205_1b3_PL_006,ICBHI_205_1b3_PL,ICBHI_205,1,ICBHI,AKGC417L,0.7953403653424583,3
ICBHI_205_1b3_PR_000,ICBHI_205_1b3_PR,ICBHI_205,1,ICBHI,AKGC417L,0.9509603749892346,3
ICBHI_205_1b3_PR_001,ICBHI_205_1b3_PR,ICBHI_205,1,ICBHI,AKGC417L,0.9547319063567952,3
ICBHI_205_1b3_PR_002,ICBHI_205_1b3_PR,ICBHI_205,1,ICBHI,AKGC417L,0.9559813501370537,3
ICBHI_205_1b3_PR_003,ICBHI_205_1b3_PR,ICBHI_205,1,ICBHI,AKGC417L,0.9575167923553374,3
ICBHI_205_1b3_PR_004,ICBHI_205_1b3_PR,ICBHI_205,1,ICBHI,AKGC417L,0.9666001780666844,3
ICBHI_205_1b3_PR_005,ICBHI_205_1b3_PR,ICBHI_205,1,ICBHI,AKGC417L,0.941006970264362,3
ICBHI_205_1b3_PR_006,ICBHI_205_1b3_PR,ICBHI_205,1,ICBHI,AKGC417L,0.9504109770159684,3
ICBHI_205_2b2_PR_000,ICBHI_205_2b2_PR,ICBHI_205,1,ICBHI,AKGC417L,0.61872284144692,3
ICBHI_205_2b2_PR_001,ICBHI_205_2b2_PR,ICBHI_205,1,ICBHI,AKGC417L,0.4172121172776658,3
ICBHI_205_2b2_PR_002,ICBHI_205_2b2_PR,ICBHI_205,1,ICBHI,AKGC417L,0.3519790059319447,3
ICBHI_205_2b2_PR_003,ICBHI_205_2b2_PR,ICBHI_205,1,ICBHI,AKGC417L,0.6055658102363631,3
ICBHI_205_2b2_PR_004,ICBHI_205_2b2_PR,ICBHI_205,1,ICBHI,AKGC417L,0.4020986023107756,3
ICBHI_205_2b2_PR_005,ICBHI_205_2b2_PR,ICBHI_205,1,ICBHI,AKGC417L,0.3405948414092276,3
ICBHI_205_2b2_PR_006,ICBHI_205_2b2_PR,ICBHI_205,1,ICBHI,AKGC417L,0.6387226135534951,3
ICBHI_205_2b3_AL_000,ICBHI_205_2b3_AL,ICBHI_205,1,ICBHI,AKGC417L,0.657758296956317,3
ICBHI_205_2b3_AL_001,ICBHI_205_2b3_AL,ICBHI_205,1,ICBHI,AKGC417L,0.69997272204759,3
ICBHI_205_2b3_AL_002,ICBHI_205_2b3_AL,ICBHI_205,1,ICBHI,AKGC417L,0.7126323258637807,3
ICBHI_205_2b3_AL_003,ICBHI_205_2b3_AL,ICBHI_205,1,ICBHI,AKGC417L,0.7898827402935596,3
ICBHI_205_2b3_AL_004,ICBHI_205_2b3_AL,ICBHI_205,1,ICBHI,AKGC417L,0.7905303186696747,3
ICBHI_205_2b3_AL_005,ICBHI_205_2b3_AL,ICBHI_205,1,ICBHI,AKGC417L,0.7450275362362425,3
ICBHI_205_2b3_AL_006,ICBHI_205_2b3_AL,ICBHI_205,1,ICBHI,AKGC417L,0.7514658140346812,3
ICBHI_205_2b3_AR_000,ICBHI_205_2b3_AR,ICBHI_205,1,ICBHI,AKGC417L,0.7182980821795145,3
ICBHI_205_2b3_AR_001,ICBHI_205_2b3_AR,ICBHI_205,1,ICBHI,AKGC417L,0.8653379202567106,3
ICBHI_205_2b3_AR_002,ICBHI_205_2b3_AR,ICBHI_205,1,ICBHI,AKGC417L,0.7730450764601526,3
ICBHI_205_2b3_AR_003,ICBHI_205_2b3_AR,ICBHI_205,1,ICBHI,AKGC417L,0.6905590864098664,3
ICBHI_205_2b3_AR_004,ICBHI_205_2b3_AR,ICBHI_205,1,ICBHI,AKGC417L,0.6624689999739651,3
ICBHI_205_2b3_AR_005,ICBHI_205_2b3_AR,ICBHI_205,1,ICBHI,AKGC417L,0.3127896794024151,3
ICBHI_205_2b3_AR_006,ICBHI_205_2b3_AR,ICBHI_205,1,ICBHI,AKGC417L,0.2086622729865989,3
ICBHI_205_2b3_LL_000,ICBHI_205_2b3_LL,ICBHI_205,1,ICBHI,AKGC417L,0.7472472485194995,3
ICBHI_205_2b3_LL_001,ICBHI_205_2b3_LL,ICBHI_205,1,ICBHI,AKGC417L,0.8631610820984377,3
ICBHI_205_2b3_LL_002,ICBHI_205_2b3_LL,ICBHI_205,1,ICBHI,AKGC417L,0.8621196531439876,3
ICBHI_205_2b3_LL_003,ICBHI_205_2b3_LL,ICBHI_205,1,ICBHI,AKGC417L,0.8143482699344362,3
ICBHI_205_2b3_LL_004,ICBHI_205_2b3_LL,ICBHI_205,1,ICBHI,AKGC417L,0.6993570954792558,3
ICBHI_205_2b3_LL_005,ICBHI_205_2b3_LL,ICBHI_205,1,ICBHI,AKGC417L,0.6546739850997214,3
ICBHI_205_2b3_LL_006,ICBHI_205_2b3_LL,ICBHI_205,1,ICBHI,AKGC417L,0.574693162918225,3
ICBHI_205_2b4_PL_000,ICBHI_205_2b4_PL,ICBHI_205,1,ICBHI,AKGC417L,0.927099726575378,3
ICBHI_205_2b4_PL_001,ICBHI_205_2b4_PL,ICBHI_205,1,ICBHI,AKGC417L,0.9428234058401228,3
ICBHI_205_2b4_PL_002,ICBHI_205_2b4_PL,ICBHI_205,1,ICBHI,AKGC417L,0.9572778024535096,3
ICBHI_205_2b4_PL_003,ICBHI_205_2b4_PL,ICBHI_205,1,ICBHI,AKGC417L,0.9535353360498288,3
ICBHI_205_2b4_PL_004,ICBHI_205_2b4_PL,ICBHI_205,1,ICBHI,AKGC417L,0.9412234441519332,3
ICBHI_205_2b4_PL_005,ICBHI_205_2b4_PL,ICBHI_205,1,ICBHI,AKGC417L,0.941439173126251,3
ICBHI_205_2b4_PL_006,ICBHI_205_2b4_PL,ICBHI_205,1,ICBHI,AKGC417L,0.954477994846878,3
ICBHI_205_3b4_AL_000,ICBHI_205_3b4_AL,ICBHI_205,1,ICBHI,AKGC417L,0.5711687202415311,3
ICBHI_205_3b4_AL_001,ICBHI_205_3b4_AL,ICBHI_205,1,ICBHI,AKGC417L,0.6270381503544469,3
ICBHI_205_3b4_AL_002,ICBHI_205_3b4_AL,ICBHI_205,1,ICBHI,AKGC417L,0.5634380138870771,3
ICBHI_205_3b4_AL_003,ICBHI_205_3b4_AL,ICBHI_205,1,ICBHI,AKGC417L,0.4793818157740089,3
ICBHI_205_3b4_AL_004,ICBHI_205_3b4_AL,ICBHI_205,1,ICBHI,AKGC417L,0.3910570581299683,3
ICBHI_205_3b4_AL_005,ICBHI_205_3b4_AL,ICBHI_205,1,ICBHI,AKGC417L,0.6639958400429198,3
ICBHI_205_3b4_AL_006,ICBHI_205_3b4_AL,ICBHI_205,1,ICBHI,AKGC417L,0.5730214696543532,3
ICBHI_205_3b4_AR_000,ICBHI_205_3b4_AR,ICBHI_205,1,ICBHI,AKGC417L,0.776622938216557,3
ICBHI_205_3b4_AR_001,ICBHI_205_3b4_AR,ICBHI_205,1,ICBHI,AKGC417L,0.7645401938566934,3
ICBHI_205_3b4_AR_002,ICBHI_205_3b4_AR,ICBHI_205,1,ICBHI,AKGC417L,0.6731916730260219,3
ICBHI_205_3b4_AR_003,ICBHI_205_3b4_AR,ICBHI_205,1,ICBHI,AKGC417L,0.2587003715572785,3
ICBHI_205_3b4_AR_004,ICBHI_205_3b4_AR,ICBHI_205,1,ICBHI,AKGC417L,0.5075525261059537,3
ICBHI_205_3b4_AR_005,ICBHI_205_3b4_AR,ICBHI_205,1,ICBHI,AKGC417L,0.4261424727105188,3
ICBHI_205_3b4_AR_006,ICBHI_205_3b4_AR,ICBHI_205,1,ICBHI,AKGC417L,0.3909407892022307,3
ICBHI_205_3b4_PL_000,ICBHI_205_3b4_PL,ICBHI_205,1,ICBHI,AKGC417L,0.8190264698879778,3
ICBHI_205_3b4_PL_001,ICBHI_205_3b4_PL,ICBHI_205,1,ICBHI,AKGC417L,0.8923750854700477,3
ICBHI_205_3b4_PL_002,ICBHI_205_3b4_PL,ICBHI_205,1,ICBHI,AKGC417L,0.9158089190054228,3
ICBHI_205_3b4_PL_003,ICBHI_205_3b4_PL,ICBHI_205,1,ICBHI,AKGC417L,0.8824278664544911,3
ICBHI_205_3b4_PL_004,ICBHI_205_3b4_PL,ICBHI_205,1,ICBHI,AKGC417L,0.9245515644711388,3
ICBHI_205_3b4_PL_005,ICBHI_205_3b4_PL,ICBHI_205,1,ICBHI,AKGC417L,0.9374402692115686,3
ICBHI_205_3b4_PL_006,ICBHI_205_3b4_PL,ICBHI_205,1,ICBHI,AKGC417L,0.943659904602972,3
ICBHI_205_3b4_PR_000,ICBHI_205_3b4_PR,ICBHI_205,1,ICBHI,AKGC417L,0.719186444117276,3
ICBHI_205_3b4_PR_001,ICBHI_205_3b4_PR,ICBHI_205,1,ICBHI,AKGC417L,0.6389479307034645,3
ICBHI_205_3b4_PR_002,ICBHI_205_3b4_PR,ICBHI_205,1,ICBHI,AKGC417L,0.494518499647531,3
ICBHI_205_3b4_PR_003,ICBHI_205_3b4_PR,ICBHI_205,1,ICBHI,AKGC417L,0.3739901328813332,3
ICBHI_205_3b4_PR_004,ICBHI_205_3b4_PR,ICBHI_205,1,ICBHI,AKGC417L,0.2806163741765605,3
ICBHI_205_3b4_PR_005,ICBHI_205_3b4_PR,ICBHI_205,1,ICBHI,AKGC417L,0.3967107231428788,3
ICBHI_205_3b4_PR_006,ICBHI_205_3b4_PR,ICBHI_205,1,ICBHI,AKGC417L,0.5030383689722172,3
ICBHI_205_4b2_AL_000,ICBHI_205_4b2_AL,ICBHI_205,1,ICBHI,AKGC417L,0.7788175812005417,3
ICBHI_205_4b2_AL_001,ICBHI_205_4b2_AL,ICBHI_205,1,ICBHI,AKGC417L,0.8255897216692099,3
ICBHI_205_4b2_AL_002,ICBHI_205_4b2_AL,ICBHI_205,1,ICBHI,AKGC417L,0.783823038042297,3
ICBHI_205_4b2_AL_003,ICBHI_205_4b2_AL,ICBHI_205,1,ICBHI,AKGC417L,0.7565374791252202,3
ICBHI_205_4b2_AL_004,ICBHI_205_4b2_AL,ICBHI_205,1,ICBHI,AKGC417L,0.7543725361962167,3
ICBHI_205_4b2_AL_005,ICBHI_205_4b2_AL,ICBHI_205,1,ICBHI,AKGC417L,0.8155265044822373,3
ICBHI_205_4b2_AL_006,ICBHI_205_4b2_AL,ICBHI_205,1,ICBHI,AKGC417L,0.7594038767986158,3
ICBHI_205_4b2_AR_000,ICBHI_205_4b2_AR,ICBHI_205,1,ICBHI,AKGC417L,0.7714993677488416,3
ICBHI_205_4b2_AR_001,ICBHI_205_4b2_AR,ICBHI_205,1,ICBHI,AKGC417L,0.5330632533711284,3
ICBHI_205_4b2_AR_002,ICBHI_205_4b2_AR,ICBHI_205,1,ICBHI,AKGC417L,0.7769615827831184,3
ICBHI_205_4b2_AR_003,ICBHI_205_4b2_AR,ICBHI_205,1,ICBHI,AKGC417L,0.9524858131235034,3
ICBHI_205_4b2_AR_004,ICBHI_205_4b2_AR,ICBHI_205,1,ICBHI,AKGC417L,0.954477994846878,3
ICBHI_205_4b2_AR_005,ICBHI_205_4b2_AR,ICBHI_205,1,ICBHI,AKGC417L,0.9337939759583312,3
ICBHI_205_4b2_AR_006,ICBHI_205_4b2_AR,ICBHI_205,1,ICBHI,AKGC417L,0.8840392817460332,3
ICBHI_205_4b2_LR_000,ICBHI_205_4b2_LR,ICBHI_205,1,ICBHI,AKGC417L,0.8852352197343663,3
ICBHI_205_4b2_LR_001,ICBHI_205_4b2_LR,ICBHI_205,1,ICBHI,AKGC417L,0.904313056994317,3
ICBHI_205_4b2_LR_002,ICBHI_205_4b2_LR,ICBHI_205,1,ICBHI,AKGC417L,0.821760422950383,3
ICBHI_205_4b2_LR_003,ICBHI_205_4b2_LR,ICBHI_205,1,ICBHI,AKGC417L,0.7919820020816034,3
ICBHI_205_4b2_LR_004,ICBHI_205_4b2_LR,ICBHI_205,1,ICBHI,AKGC417L,0.8553685628570248,3
ICBHI_205_4b2_LR_005,ICBHI_205_4b2_LR,ICBHI_205,1,ICBHI,AKGC417L,0.8584814629082023,3
ICBHI_205_4b2_LR_006,ICBHI_205_4b2_LR,ICBHI_205,1,ICBHI,AKGC417L,0.8051730214343621,3
ICBHI_205_4b2_PL_000,ICBHI_205_4b2_PL,ICBHI_205,1,ICBHI,AKGC417L,0.7536480101160706,3
ICBHI_205_4b2_PL_001,ICBHI_205_4b2_PL,ICBHI_205,1,ICBHI,AKGC417L,0.5906611531848972,3
ICBHI_205_4b2_PL_002,ICBHI_205_4b2_PL,ICBHI_205,1,ICBHI,AKGC417L,0.4050956694020703,3
ICBHI_205_4b2_PL_003,ICBHI_205_4b2_PL,ICBHI_205,1,ICBHI,AKGC417L,0.3223126382471959,3
ICBHI_205_4b2_PL_004,ICBHI_205_4b2_PL,ICBHI_205,1,ICBHI,AKGC417L,0.4890993227347405,3
ICBHI_205_4b2_PL_005,ICBHI_205_4b2_PL,ICBHI_205,1,ICBHI,AKGC417L,0.4369824000780677,3
ICBHI_205_4b2_PL_006,ICBHI_205_4b2_PL,ICBHI_205,1,ICBHI,AKGC417L,0.8034823745720369,3
ICBHI_205_4b2_PR_000,ICBHI_205_4b2_PR,ICBHI_205,1,ICBHI,AKGC417L,0.9448931005611606,3
ICBHI_205_4b2_PR_001,ICBHI_205_4b2_PR,ICBHI_205,1,ICBHI,AKGC417L,0.9614615034830584,3
ICBHI_205_4b2_PR_002,ICBHI_205_4b2_PR,ICBHI_205,1,ICBHI,AKGC417L,0.9287972729281414,3
ICBHI_205_4b2_PR_003,ICBHI_205_4b2_PR,ICBHI_205,1,ICBHI,AKGC417L,0.9422946838534368,3
ICBHI_205_4b2_PR_004,ICBHI_205_4b2_PR,ICBHI_205,1,ICBHI,AKGC417L,0.957357608127398,3
ICBHI_205_4b2_PR_005,ICBHI_205_4b2_PR,ICBHI_205,1,ICBHI,AKGC417L,0.95953516446685,3
ICBHI_205_4b2_PR_006,ICBHI_205_4b2_PR,ICBHI_205,1,ICBHI,AKGC417L,0.95938322225612,3
ICBHI_113_1b1_AL_000,ICBHI_113_1b1_AL,ICBHI_113,0,ICBHI,Litt3200,0.5170831917825521,4
ICBHI_113_1b1_AL_001,ICBHI_113_1b1_AL,ICBHI_113,0,ICBHI,Litt3200,0.4067441466834706,4
ICBHI_113_1b1_AL_002,ICBHI_113_1b1_AL,ICBHI_113,0,ICBHI,Litt3200,0.3126847318221801,4
ICBHI_113_1b1_AL_003,ICBHI_113_1b1_AL,ICBHI_113,0,ICBHI,Litt3200,0.5429541616542553,4
ICBHI_113_1b1_AR_000,ICBHI_113_1b1_AR,ICBHI_113,0,ICBHI,Litt3200,0.5971968543686228,4
ICBHI_113_1b1_AR_001,ICBHI_113_1b1_AR,ICBHI_113,0,ICBHI,Litt3200,0.422385501400497,4
ICBHI_113_1b1_AR_002,ICBHI_113_1b1_AR,ICBHI_113,0,ICBHI,Litt3200,0.3610520692965355,4
ICBHI_113_1b1_AR_003,ICBHI_113_1b1_AR,ICBHI_113,0,ICBHI,Litt3200,0.3904177324303893,4
ICBHI_113_1b1_AR_004,ICBHI_113_1b1_AR,ICBHI_113,0,ICBHI,Litt3200,0.6671476749870737,4
ICBHI_113_1b1_LL_000,ICBHI_113_1b1_LL,ICBHI_113,0,ICBHI,Litt3200,0.5590192331954614,4
ICBHI_113_1b1_LL_001,ICBHI_113_1b1_LL,ICBHI_113,0,ICBHI,Litt3200,0.4746768364816258,4
ICBHI_113_1b1_LL_002,ICBHI_113_1b1_LL,ICBHI_113,0,ICBHI,Litt3200,0.5108625483604772,4
ICBHI_113_1b1_LL_003,ICBHI_113_1b1_LL,ICBHI_113,0,ICBHI,Litt3200,0.5134778743160116,4
ICBHI_113_1b1_LL_004,ICBHI_113_1b1_LL,ICBHI_113,0,ICBHI,Litt3200,0.6039902302356004,4
ICBHI_113_1b1_LL_005,ICBHI_113_1b1_LL,ICBHI_113,0,ICBHI,Litt3200,0.3307953871270458,4
ICBHI_113_1b1_LL_006,ICBHI_113_1b1_LL,ICBHI_113,0,ICBHI,Litt3200,0.3340461078463715,4
ICBHI_113_1b1_LR_000,ICBHI_113_1b1_LR,ICBHI_113,0,ICBHI,Litt3200,0.7109294338222029,4
ICBHI_113_1b1_LR_001,ICBHI_113_1b1_LR,ICBHI_113,0,ICBHI,Litt3200,0.536495040892578,4
ICBHI_113_1b1_LR_002,ICBHI_113_1b1_LR,ICBHI_113,0,ICBHI,Litt3200,0.3408142017068116,4
ICBHI_113_1b1_LR_003,ICBHI_113_1b1_LR,ICBHI_113,0,ICBHI,Litt3200,0.4006907304576235,4
ICBHI_113_1b1_PL_000,ICBHI_113_1b1_PL,ICBHI_113,0,ICBHI,Litt3200,0.6218854203713478,4
ICBHI_113_1b1_PL_001,ICBHI_113_1b1_PL,ICBHI_113,0,ICBHI,Litt3200,0.4596218131658394,4
ICBHI_113_1b1_PL_002,ICBHI_113_1b1_PL,ICBHI_113,0,ICBHI,Litt3200,0.3132096615361948,4
ICBHI_113_1b1_PL_003,ICBHI_113_1b1_PL,ICBHI_113,0,ICBHI,Litt3200,0.3080861437633374,4
ICBHI_113_1b1_PL_004,ICBHI_113_1b1_PL,ICBHI_113,0,ICBHI,Litt3200,0.5245164567154269,4
ICBHI_113_1b1_PL_005,ICBHI_113_1b1_PL,ICBHI_113,0,ICBHI,Litt3200,0.6606104176951485,4
ICBHI_113_1b1_PR_000,ICBHI_113_1b1_PR,ICBHI_113,0,ICBHI,Litt3200,0.606906243770533,4
ICBHI_113_1b1_PR_001,ICBHI_113_1b1_PR,ICBHI_113,0,ICBHI,Litt3200,0.419053479796415,4
ICBHI_113_1b1_PR_002,ICBHI_113_1b1_PR,ICBHI_113,0,ICBHI,Litt3200,0.5939037221192671,4
ICBHI_113_1b1_PR_003,ICBHI_113_1b1_PR,ICBHI_113,0,ICBHI,Litt3200,0.470645368481158,4
ICBHI_113_1b1_PR_004,ICBHI_113_1b1_PR,ICBHI_113,0,ICBHI,Litt3200,0.460258568380377,4
ICBHI_113_1b1_PR_005,ICBHI_113_1b1_PR,ICBHI_113,0,ICBHI,Litt3200,0.4939158581751419,4
ICBHI_113_1b1_PR_006,ICBHI_113_1b1_PR,ICBHI_113,0,ICBHI,Litt3200,0.541893736370524,4
ICBHI_123_1b1_AL_000,ICBHI_123_1b1_AL,ICBHI_123,0,ICBHI,Meditron,0.6108017521902684,4
ICBHI_123_1b1_AL_001,ICBHI_123_1b1_AL,ICBHI_123,0,ICBHI,Meditron,0.4221472616745572,4
ICBHI_123_1b1_AL_002,ICBHI_123_1b1_AL,ICBHI_123,0,ICBHI,Meditron,0.4257246018602488,4
ICBHI_123_1b1_AL_003,ICBHI_123_1b1_AL,ICBHI_123,0,ICBHI,Meditron,0.459136754694554,4
ICBHI_123_1b1_AL_004,ICBHI_123_1b1_AL,ICBHI_123,0,ICBHI,Meditron,0.3366581026778238,4
ICBHI_123_1b1_AL_005,ICBHI_123_1b1_AL,ICBHI_123,0,ICBHI,Meditron,0.3101717651906301,4
ICBHI_123_1b1_AL_006,ICBHI_123_1b1_AL,ICBHI_123,0,ICBHI,Meditron,0.310589820917206,4
ICBHI_130_1p2_AL_000,ICBHI_130_1p2_AL,ICBHI_130,1,ICBHI,AKGC417L,0.943347574692026,4
ICBHI_130_1p2_AL_001,ICBHI_130_1p2_AL,ICBHI_130,1,ICBHI,AKGC417L,0.9538802504524166,4
ICBHI_130_1p2_AL_002,ICBHI_130_1p2_AL,ICBHI_130,1,ICBHI,AKGC417L,0.9510513782831764,4
ICBHI_130_1p2_AL_003,ICBHI_130_1p2_AL,ICBHI_130,1,ICBHI,AKGC417L,0.9621787134186344,4
ICBHI_130_1p2_AL_004,ICBHI_130_1p2_AL,ICBHI_130,1,ICBHI,AKGC417L,0.9709643572583984,4
ICBHI_130_1p2_AL_005,ICBHI_130_1p2_AL,ICBHI_130,1,ICBHI,AKGC417L,0.9571978541000364,4
ICBHI_130_1p2_AL_006,ICBHI_130_1p2_AL,ICBHI_130,1,ICBHI,AKGC417L,0.9618217257384336,4
ICBHI_130_1p2_AR_000,ICBHI_130_1p2_AR,ICBHI_130,1,ICBHI,AKGC417L,0.8626990443164568,4
ICBHI_130_1p2_AR_001,ICBHI_130_1p2_AR,ICBHI_130,1,ICBHI,AKGC417L,0.7887459451704715,4
ICBHI_130_1p2_AR_002,ICBHI_130_1p2_AR,ICBHI_130,1,ICBHI,AKGC417L,0.8271310977126684,4
ICBHI_130_1p2_AR_003,ICBHI_130_1p2_AR,ICBHI_130,1,ICBHI,AKGC417L,0.9197867491515396,4
ICBHI_130_1p2_AR_004,ICBHI_130_1p2_AR,ICBHI_130,1,ICBHI,AKGC417L,0.9514137919629646,4
ICBHI_130_1p2_AR_005,ICBHI_130_1p2_AR,ICBHI_130,1,ICBHI,AKGC417L,0.9203612611724168,4
ICBHI_130_1p2_AR_006,ICBHI_130_1p2_AR,ICBHI_130,1,ICBHI,AKGC417L,0.8749346174830964,4
ICBHI_130_1p2_LL_000,ICBHI_130_1p2_LL,ICBHI_130,1,ICBHI,AKGC417L,0.9110215117615452,4
ICBHI_130_1p2_LL_001,ICBHI_130_1p2_LL,ICBHI_130,1,ICBHI,AKGC417L,0.9164093322460584,4
ICBHI_130_1p2_LL_002,ICBHI_130_1p2_LL,ICBHI_130,1,ICBHI,AKGC417L,0.910386183348348,4
ICBHI_130_1p2_LL_003,ICBHI_130_1p2_LL,ICBHI_130,1,ICBHI,AKGC417L,0.917450697735972,4
ICBHI_130_1p2_LL_004,ICBHI_130_1p2_LL,ICBHI_130,1,ICBHI,AKGC417L,0.9250947286452256,4
ICBHI_130_1p2_LL_005,ICBHI_130_1p2_LL,ICBHI_130,1,ICBHI,AKGC417L,0.9026096017480524,4
ICBHI_130_1p2_LL_006,ICBHI_130_1p2_LL,ICBHI_130,1,ICBHI,AKGC417L,0.8832359864017768,4
ICBHI_130_1p2_LR_000,ICBHI_130_1p2_LR,ICBHI_130,1,ICBHI,AKGC417L,0.9451974048440384,4
ICBHI_130_1p2_LR_001,ICBHI_130_1p2_LR,ICBHI_130,1,ICBHI,AKGC417L,0.9415467589589032,4
ICBHI_130_1p2_LR_002,ICBHI_130_1p2_LR,ICBHI_130,1,ICBHI,AKGC417L,0.9230391643039738,4
ICBHI_130_1p2_LR_003,ICBHI_130_1p2_LR,ICBHI_130,1,ICBHI,AKGC417L,0.9299510391228232,4
ICBHI_130_1p2_LR_004,ICBHI_130_1p2_LR,ICBHI_130,1,ICBHI,AKGC417L,0.922621893697362,4
ICBHI_130_1p2_LR_005,ICBHI_130_1p2_LR,ICBHI_130,1,ICBHI,AKGC417L,0.8653379202567106,4
ICBHI_130_1p2_LR_006,ICBHI_130_1p2_LR,ICBHI_130,1,ICBHI,AKGC417L,0.8483450642081475,4
ICBHI_130_1p2_PL_000,ICBHI_130_1p2_PL,ICBHI_130,1,ICBHI,AKGC417L,0.9412234441519332,4
ICBHI_130_1p2_PL_001,ICBHI_130_1p2_PL,ICBHI_130,1,ICBHI,AKGC417L,0.96036116089903,4
ICBHI_130_1p2_PL_002,ICBHI_130_1p2_PL,ICBHI_130,1,ICBHI,AKGC417L,0.959307046403347,4
ICBHI_130_1p2_PL_003,ICBHI_130_1p2_PL,ICBHI_130,1,ICBHI,AKGC417L,0.952925824178976,4
ICBHI_130_1p2_PL_004,ICBHI_130_1p2_PL,ICBHI_130,1,ICBHI,AKGC417L,0.95275028649851,4
ICBHI_130_1p2_PL_005,ICBHI_130_1p2_PL,ICBHI_130,1,ICBHI,AKGC417L,0.9254997409810218,4
ICBHI_130_1p2_PL_006,ICBHI_130_1p2_PL,ICBHI_130,1,ICBHI,AKGC417L,0.9162595947543866,4
ICBHI_130_1p2_PR_000,ICBHI_130_1p2_PR,ICBHI_130,1,ICBHI,AKGC417L,0.7453983772125647,4
ICBHI_130_1p2_PR_001,ICBHI_130_1p2_PR,ICBHI_130,1,ICBHI,AKGC417L,0.8800774779980822,4
ICBHI_130_1p2_PR_002,ICBHI_130_1p2_PR,ICBHI_130,1,ICBHI,AKGC417L,0.9196425311777928,4
ICBHI_130_1p2_PR_003,ICBHI_130_1p2_PR,ICBHI_130,1,ICBHI,AKGC417L,0.9314625069680096,4
ICBHI_130_1p2_PR_004,ICBHI_130_1p2_PR,ICBHI_130,1,ICBHI,AKGC417L,0.9263037302939516,4
ICBHI_130_1p2_PR_005,ICBHI_130_1p2_PR,ICBHI_130,1,ICBHI,AKGC417L,0.8784185801792785,4
ICBHI_130_1p2_PR_006,ICBHI_130_1p2_PR,ICBHI_130,1,ICBHI,AKGC417L,0.8459424373085146,4
ICBHI_130_1p2_TC_000,ICBHI_130_1p2_TC,ICBHI_130,1,ICBHI,AKGC417L,0.7212526334659422,4
ICBHI_130_1p2_TC_001,ICBHI_130_1p2_TC,ICBHI_130,1,ICBHI,AKGC417L,0.7118317107464548,4
ICBHI_130_1p2_TC_002,ICBHI_130_1p2_TC,ICBHI_130,1,ICBHI,AKGC417L,0.8357518198148309,4
ICBHI_130_1p2_TC_003,ICBHI_130_1p2_TC,ICBHI_130,1,ICBHI,AKGC417L,0.8596637505099167,4
ICBHI_130_1p2_TC_004,ICBHI_130_1p2_TC,ICBHI_130,1,ICBHI,AKGC417L,0.8307314839875447,4
ICBHI_130_1p2_TC_005,ICBHI_130_1p2_TC,ICBHI_130,1,ICBHI,AKGC417L,0.7294234191885761,4
ICBHI_130_1p2_TC_006,ICBHI_130_1p2_TC,ICBHI_130,1,ICBHI,AKGC417L,0.6349961275385564,4
ICBHI_130_1p3_AL_000,ICBHI_130_1p3_AL,ICBHI_130,1,ICBHI,AKGC417L,0.9402434135995512,4
ICBHI_130_1p3_AL_001,ICBHI_130_1p3_AL,ICBHI_130,1,ICBHI,AKGC417L,0.9604354448677628,4
ICBHI_130_1p3_AL_002,ICBHI_130_1p3_AL,ICBHI_130,1,ICBHI,AKGC417L,0.9623913644941934,4
ICBHI_130_1p3_AL_003,ICBHI_130_1p3_AL,ICBHI_130,1,ICBHI,AKGC417L,0.9430336178557912,4
ICBHI_130_1p3_AL_004,ICBHI_130_1p3_AL,ICBHI_130,1,ICBHI,AKGC417L,0.9354645234007783,4
ICBHI_130_1p3_AL_005,ICBHI_130_1p3_AL,ICBHI_130,1,ICBHI,AKGC417L,0.8631610820984377,4
ICBHI_130_1p3_AL_006,ICBHI_130_1p3_AL,ICBHI_130,1,ICBHI,AKGC417L,0.9145963319978376,4
ICBHI_130_1p3_AR_000,ICBHI_130_1p3_AR,ICBHI_130,1,ICBHI,AKGC417L,0.9330657967976504,4
ICBHI_130_1p3_AR_001,ICBHI_130_1p3_AR,ICBHI_130,1,ICBHI,AKGC417L,0.90894172110682,4
ICBHI_130_1p3_AR_002,ICBHI_130_1p3_AR,ICBHI_130,1,ICBHI,AKGC417L,0.9192084564299288,4
ICBHI_130_1p3_AR_003,ICBHI_130_1p3_AR,ICBHI_130,1,ICBHI,AKGC417L,0.9155072460249908,4
ICBHI_130_1p3_AR_004,ICBHI_130_1p3_AR,ICBHI_130,1,ICBHI,AKGC417L,0.9244152093213264,4
ICBHI_130_1p3_AR_005,ICBHI_130_1p3_AR,ICBHI_130,1,ICBHI,AKGC417L,0.8621196531439876,4
ICBHI_130_1p3_AR_006,ICBHI_130_1p3_AR,ICBHI_130,1,ICBHI,AKGC417L,0.9277569977504976,4
ICBHI_130_1p3_LL_000,ICBHI_130_1p3_LL,ICBHI_130,1,ICBHI,AKGC417L,0.8329172797367779,4
ICBHI_130_1p3_LL_001,ICBHI_130_1p3_LL,ICBHI_130,1,ICBHI,AKGC417L,0.8233283989793668,4
ICBHI_130_1p3_LL_002,ICBHI_130_1p3_LL,ICBHI_130,1,ICBHI,AKGC417L,0.7958168298924412,4
ICBHI_130_1p3_LL_003,ICBHI_130_1p3_LL,ICBHI_130,1,ICBHI,AKGC417L,0.8368214361702145,4
ICBHI_130_1p3_LL_004,ICBHI_130_1p3_LL,ICBHI_130,1,ICBHI,AKGC417L,0.7798252724252321,4
ICBHI_130_1p3_LL_005,ICBHI_130_1p3_LL,ICBHI_130,1,ICBHI,AKGC417L,0.8257302934982732,4
ICBHI_130_1p3_LL_006,ICBHI_130_1p3_LL,ICBHI_130,1,ICBHI,AKGC417L,0.8801805072395273,4
ICBHI_130_1p3_LR_000,ICBHI_130_1p3_LR,ICBHI_130,1,ICBHI,AKGC417L,0.3943758768479453,4
ICBHI_130_1p3_LR_001,ICBHI_130_1p3_LR,ICBHI_130,1,ICBHI,AKGC417L,0.3800109017893691,4
ICBHI_130_1p3_LR_002,ICBHI_130_1p3_LR,ICBHI_130,1,ICBHI,AKGC417L,0.3694288180620623,4
ICBHI_130_1p3_LR_003,ICBHI_130_1p3_LR,ICBHI_130,1,ICBHI,AKGC417L,0.2666436233618524,4
ICBHI_130_1p3_LR_004,ICBHI_130_1p3_LR,ICBHI_130,1,ICBHI,AKGC417L,0.2546016227874352,4
ICBHI_130_1p3_LR_005,ICBHI_130_1p3_LR,ICBHI_130,1,ICBHI,AKGC417L,0.339170667152646,4
ICBHI_130_1p3_LR_006,ICBHI_130_1p3_LR,ICBHI_130,1,ICBHI,AKGC417L,0.3705669983201792,4
ICBHI_130_1p3_PL_000,ICBHI_130_1p3_PL,ICBHI_130,1,ICBHI,AKGC417L,0.3479801229616963,4
ICBHI_130_1p3_PL_001,ICBHI_130_1p3_PL,ICBHI_130,1,ICBHI,AKGC417L,0.41022456673231,4
ICBHI_130_1p3_PL_002,ICBHI_130_1p3_PL,ICBHI_130,1,ICBHI,AKGC417L,0.3916967580356049,4
ICBHI_130_1p3_PL_003,ICBHI_130_1p3_PL,ICBHI_130,1,ICBHI,AKGC417L,0.4794884466087573,4
ICBHI_130_1p3_PL_004,ICBHI_130_1p3_PL,ICBHI_130,1,ICBHI,AKGC417L,0.3932685045639872,4
ICBHI_130_1p3_PL_005,ICBHI_130_1p3_PL,ICBHI_130,1,ICBHI,AKGC417L,0.2413105557119396,4
ICBHI_130_1p3_PL_006,ICBHI_130_1p3_PL,ICBHI_130,1,ICBHI,AKGC417L,0.3257349953550519,4
ICBHI_130_1p3_PR_000,ICBHI_130_1p3_PR,ICBHI_130,1,ICBHI,AKGC417L,0.6335236360273994,4
ICBHI_130_1p3_PR_001,ICBHI_130_1p3_PR,ICBHI_130,1,ICBHI,AKGC417L,0.633296876556777,4
ICBHI_130_1p3_PR_002,ICBHI_130_1p3_PR,ICBHI_130,1,ICBHI,AKGC417L,0.5867004613145529,4
ICBHI_130_1p3_PR_003,ICBHI_130_1p3_PR,ICBHI_130,1,ICBHI,AKGC417L,0.6827852853797427,4
ICBHI_130_1p3_PR_004,ICBHI_130_1p3_PR,ICBHI_130,1,ICBHI,AKGC417L,0.7453983772125647,4
ICBHI_130_1p3_PR_005,ICBHI_130_1p3_PR,ICBHI_130,1,ICBHI,AKGC417L,0.3709087336056053,4
ICBHI_130_1p3_PR_006,ICBHI_130_1p3_PR,ICBHI_130,1,ICBHI,AKGC417L,0.3865318533721674,4
ICBHI_130_1p3_TC_000,ICBHI_130_1p3_TC,ICBHI_130,1,ICBHI,AKGC417L,0.8467045066006443,4
ICBHI_130_1p3_TC_001,ICBHI_130_1p3_TC,ICBHI_130,1,ICBHI,AKGC417L,0.8183016013879783,4
ICBHI_130_1p3_TC_002,ICBHI_130_1p3_TC,ICBHI_130,1,ICBHI,AKGC417L,0.7784809512005694,4
ICBHI_130_1p3_TC_003,ICBHI_130_1p3_TC,ICBHI_130,1,ICBHI,AKGC417L,0.8113772884396903,4
ICBHI_130_1p3_TC_004,ICBHI_130_1p3_TC,ICBHI_130,1,ICBHI,AKGC417L,0.885829153706156,4
ICBHI_130_1p3_TC_005,ICBHI_130_1p3_TC,ICBHI_130,1,ICBHI,AKGC417L,0.8299059606928785,4
ICBHI_130_1p3_TC_006,ICBHI_130_1p3_TC,ICBHI_130,1,ICBHI,AKGC417L,0.8411743895441901,4
ICBHI_130_1p4_AL_000,ICBHI_130_1p4_AL,ICBHI_130,1,ICBHI,AKGC417L,0.9249592754615028,4
ICBHI_130_1p4_AL_001,ICBHI_130_1p4_AL,ICBHI_130,1,ICBHI,AKGC417L,0.8881781760875761,4
ICBHI_130_1p4_AL_002,ICBHI_130_1p4_AL,ICBHI_130,1,ICBHI,AKGC417L,0.8577681049901036,4
ICBHI_130_1p4_AL_003,ICBHI_130_1p4_AL,ICBHI_130,1,ICBHI,AKGC417L,0.909103245693355,4
ICBHI_130_1p4_AL_004,ICBHI_130_1p4_AL,ICBHI_130,1,ICBHI,AKGC417L,0.9084555967245084,4
ICBHI_130_1p4_AL_005,ICBHI_130_1p4_AL,ICBHI_130,1,ICBHI,AKGC417L,0.8864204083088262,4
ICBHI_130_1p4_AL_006,ICBHI_130_1p4_AL,ICBHI_130,1,ICBHI,AKGC417L,0.8947894632969136,4
ICBHI_130_1p4_AR_000,ICBHI_130_1p4_AR,ICBHI_130,1,ICBHI,AKGC417L,0.9141375437004452,4
ICBHI_130_1p4_AR_001,ICBHI_130_1p4_AR,ICBHI_130,1,ICBHI,AKGC417L,0.8694931085969142,4
ICBHI_130_1p4_AR_002,ICBHI_130_1p4_AR,ICBHI_130,1,ICBHI,AKGC417L,0.8040984342771997,4
ICBHI_130_1p4_AR_003,ICBHI_130_1p4_AR,ICBHI_130,1,ICBHI,AKGC417L,0.8778961345311737,4
ICBHI_130_1p4_AR_004,ICBHI_130_1p4_AR,ICBHI_130,1,ICBHI,AKGC417L,0.8908652063250404,4
ICBHI_130_1p4_AR_005,ICBHI_130_1p4_AR,ICBHI_130,1,ICBHI,AKGC417L,0.90648769084615,4
ICBHI_130_1p4_AR_006,ICBHI_130_1p4_AR,ICBHI_130,1,ICBHI,AKGC417L,0.9048188745508808,4
ICBHI_130_1p4_LL_000,ICBHI_130_1p4_LL,ICBHI_130,1,ICBHI,AKGC417L,0.8181563569443524,4
ICBHI_130_1p4_LL_001,ICBHI_130_1p4_LL,ICBHI_130,1,ICBHI,AKGC417L,0.7839884653055251,4
ICBHI_130_1p4_LL_002,ICBHI_130_1p4_LL,ICBHI_130,1,ICBHI,AKGC417L,0.7594038767986158,4
ICBHI_130_1p4_LL_003,ICBHI_130_1p4_LL,ICBHI_130,1,ICBHI,AKGC417L,0.785637692336557,4
ICBHI_130_1p4_LL_004,ICBHI_130_1p4_LL,ICBHI_130,1,ICBHI,AKGC417L,0.7854731824873945,4
ICBHI_130_1p4_LL_005,ICBHI_130_1p4_LL,ICBHI_130,1,ICBHI,AKGC417L,0.7940657584546307,4
ICBHI_130_1p4_LL_006,ICBHI_130_1p4_LL,ICBHI_130,1,ICBHI,AKGC417L,0.7207615303650544,4
ICBHI_130_1p4_LR_000,ICBHI_130_1p4_LR,ICBHI_130,1,ICBHI,AKGC417L,0.7954992785477151,4
ICBHI_130_1p4_LR_001,ICBHI_130_1p4_LR,ICBHI_130,1,ICBHI,AKGC417L,0.8883720089593933,4
ICBHI_130_1p4_LR_002,ICBHI_130_1p4_LR,ICBHI_130,1,ICBHI,AKGC417L,0.8653379202567106,4
ICBHI_130_1p4_LR_003,ICBHI_130_1p4_LR,ICBHI_130,1,ICBHI,AKGC417L,0.9286679988850832,4
ICBHI_130_1p4_LR_004,ICBHI_130_1p4_LR,ICBHI_130,1,ICBHI,AKGC417L,0.8996515935589441,4
ICBHI_130_1p4_LR_005,ICBHI_130_1p4_LR,ICBHI_130,1,ICBHI,AKGC417L,0.8770562019377661,4
ICBHI_130_1p4_LR_006,ICBHI_130_1p4_LR,ICBHI_130,1,ICBHI,AKGC417L,0.8893367717588612,4
ICBHI_130_1p4_PL_000,ICBHI_130_1p4_PL,ICBHI_130,1,ICBHI,AKGC417L,0.7786493120021721,4
ICBHI_130_1p4_PL_001,ICBHI_130_1p4_PL,ICBHI_130,1,ICBHI,AKGC417L,0.9584600343879384,4
ICBHI_130_1p4_PL_002,ICBHI_130_1p4_PL,ICBHI_130,1,ICBHI,AKGC417L,0.9259027388218736,4
ICBHI_130_1p4_PL_003,ICBHI_130_1p4_PL,ICBHI_130,1,ICBHI,AKGC417L,0.8233283989793668,4
ICBHI_130_1p4_PL_004,ICBHI_130_1p4_PL,ICBHI_130,1,ICBHI,AKGC417L,0.5784481789341114,4
ICBHI_130_1p4_PL_005,ICBHI_130_1p4_PL,ICBHI_130,1,ICBHI,AKGC417L,0.8663588093010424,4
ICBHI_130_1p4_PL_006,ICBHI_130_1p4_PL,ICBHI_130,1,ICBHI,AKGC417L,0.9158089190054228,4
ICBHI_130_1p4_PR_000,ICBHI_130_1p4_PR,ICBHI_130,1,ICBHI,AKGC417L,0.3139453676293908,4
ICBHI_130_1p4_PR_001,ICBHI_130_1p4_PR,ICBHI_130,1,ICBHI,AKGC417L,0.5998368004635455,4
ICBHI_130_1p4_PR_002,ICBHI_130_1p4_PR,ICBHI_130,1,ICBHI,AKGC417L,0.6287494018412638,4
ICBHI_130_1p4_PR_003,ICBHI_130_1p4_PR,ICBHI_130,1,ICBHI,AKGC417L,0.4692922361849244,4
ICBHI_130_1p4_PR_004,ICBHI_130_1p4_PR,ICBHI_130,1,ICBHI,AKGC417L,0.5098559009164011,4
ICBHI_130_1p4_PR_005,ICBHI_130_1p4_PR,ICBHI_130,1,ICBHI,AKGC417L,0.5276664145418352,4
ICBHI_130_1p4_PR_006,ICBHI_130_1p4_PR,ICBHI_130,1,ICBHI,AKGC417L,0.6761923970034418,4
ICBHI_130_1p4_TC_000,ICBHI_130_1p4_TC,ICBHI_130,1,ICBHI,AKGC417L,0.87267326142606,4
ICBHI_130_1p4_TC_001,ICBHI_130_1p4_TC,ICBHI_130,1,ICBHI,AKGC417L,0.840520958372224,4
ICBHI_130_1p4_TC_002,ICBHI_130_1p4_TC,ICBHI_130,1,ICBHI,AKGC417L,0.79182107094258,4
ICBHI_130_1p4_TC_003,ICBHI_130_1p4_TC,ICBHI_130,1,ICBHI,AKGC417L,0.7791538447659502,4
ICBHI_130_1p4_TC_004,ICBHI_130_1p4_TC,ICBHI_130,1,ICBHI,AKGC417L,0.7685595266846963,4
ICBHI_130_1p4_TC_005,ICBHI_130_1p4_TC,ICBHI_130,1,ICBHI,AKGC417L,0.801935826331075,4
ICBHI_130_1p4_TC_006,ICBHI_130_1p4_TC,ICBHI_130,1,ICBHI,AKGC417L,0.8272706871360163,4
ICBHI_130_2b2_AL_000,ICBHI_130_2b2_AL,ICBHI_130,1,ICBHI,AKGC417L,0.9256342970258704,4
ICBHI_130_2b2_AL_001,ICBHI_130_2b2_AL,ICBHI_130,1,ICBHI,AKGC417L,0.9187722440021828,4
ICBHI_130_2b2_AL_002,ICBHI_130_2b2_AL,ICBHI_130,1,ICBHI,AKGC417L,0.9082930373547222,4
ICBHI_130_2b2_AL_003,ICBHI_130_2b2_AL,ICBHI_130,1,ICBHI,AKGC417L,0.9149009549929796,4
ICBHI_130_2b2_AL_004,ICBHI_130_2b2_AL,ICBHI_130,1,ICBHI,AKGC417L,0.93789687838626,4
ICBHI_130_2b2_AL_005,ICBHI_130_2b2_AL,ICBHI_130,1,ICBHI,AKGC417L,0.926170288898672,4
ICBHI_130_2b2_AL_006,ICBHI_130_2b2_AL,ICBHI_130,1,ICBHI,AKGC417L,0.929183798137365,4
ICBHI_130_2b2_AR_000,ICBHI_130_2b2_AR,ICBHI_130,1,ICBHI,AKGC417L,0.8393392953525697,4
ICBHI_130_2b2_AR_001,ICBHI_130_2b2_AR,ICBHI_130,1,ICBHI,AKGC417L,0.8321002620499169,4
ICBHI_130_2b2_AR_002,ICBHI_130_2b2_AR,ICBHI_130,1,ICBHI,AKGC417L,0.8086723228520697,4
ICBHI_130_2b2_AR_003,ICBHI_130_2b2_AR,ICBHI_130,1,ICBHI,AKGC417L,0.8294920001731195,4
ICBHI_130_2b2_AR_004,ICBHI_130_2b2_AR,ICBHI_130,1,ICBHI,AKGC417L,0.8411743895441901,4
ICBHI_130_2b2_AR_005,ICBHI_130_2b2_AR,ICBHI_130,1,ICBHI,AKGC417L,0.8350804533361768,4
ICBHI_130_2b2_AR_006,ICBHI_130_2b2_AR,ICBHI_130,1,ICBHI,AKGC417L,0.7994423202552038,4
ICBHI_130_2b2_LL_000,ICBHI_130_2b2_LL,ICBHI_130,1,ICBHI,AKGC417L,0.8368214361702145,4
ICBHI_130_2b2_LL_001,ICBHI_130_2b2_LL,ICBHI_130,1,ICBHI,AKGC417L,0.8465777097883294,4
ICBHI_130_2b2_LL_002,ICBHI_130_2b2_LL,ICBHI_130,1,ICBHI,AKGC417L,0.7871141519588875,4
ICBHI_130_2b2_LL_003,ICBHI_130_2b2_LL,ICBHI_130,1,ICBHI,AKGC417L,0.8010035071781575,4
ICBHI_130_2b2_LL_004,ICBHI_130_2b2_LL,ICBHI_130,1,ICBHI,AKGC417L,0.8275495984103548,4
ICBHI_130_2b2_LL_005,ICBHI_130_2b2_LL,ICBHI_130,1,ICBHI,AKGC417L,0.8564524932892094,4
ICBHI_130_2b2_LL_006,ICBHI_130_2b2_LL,ICBHI_130,1,ICBHI,AKGC417L,0.852690317365545,4
ICBHI_130_2b2_LR_000,ICBHI_130_2b2_LR,ICBHI_130,1,ICBHI,AKGC417L,0.9180404503793634,4
ICBHI_130_2b2_LR_001,ICBHI_130_2b2_LR,ICBHI_130,1,ICBHI,AKGC417L,0.9207896758909756,4
ICBHI_130_2b2_LR_002,ICBHI_130_2b2_LR,ICBHI_130,1,ICBHI,AKGC417L,0.8727817323315137,4
ICBHI_130_2b2_LR_003,ICBHI_130_2b2_LR,ICBHI_130,1,ICBHI,AKGC417L,0.8594279560667432,4
ICBHI_130_2b2_LR_004,ICBHI_130_2b2_LR,ICBHI_130,1,ICBHI,AKGC417L,0.8655653520487961,4
ICBHI_130_2b2_LR_005,ICBHI_130_2b2_LR,ICBHI_130,1,ICBHI,AKGC417L,0.8474634859343486,4
ICBHI_130_2b2_LR_006,ICBHI_130_2b2_LR,ICBHI_130,1,ICBHI,AKGC417L,0.8331889117868532,4
ICBHI_130_2b2_PL_000,ICBHI_130_2b2_PL,ICBHI_130,1,ICBHI,AKGC417L,0.8975157807475012,4
ICBHI_130_2b2_PL_001,ICBHI_130_2b2_PL,ICBHI_130,1,ICBHI,AKGC417L,0.8902942261220291,4
ICBHI_130_2b2_PL_002,ICBHI_130_2b2_PL,ICBHI_130,1,ICBHI,AKGC417L,0.8733229033333371,4
ICBHI_130_2b2_PL_003,ICBHI_130_2b2_PL,ICBHI_130,1,ICBHI,AKGC417L,0.8958875884420037,4
ICBHI_130_2b2_PL_004,ICBHI_130_2b2_PL,ICBHI_130,1,ICBHI,AKGC417L,0.8975157807475012,4
ICBHI_130_2b2_PL_005,ICBHI_130_2b2_PL,ICBHI_130,1,ICBHI,AKGC417L,0.8955226768697631,4
ICBHI_130_2b2_PL_006,ICBHI_130_2b2_PL,ICBHI_130,1,ICBHI,AKGC417L,0.8994751304753559,4
ICBHI_130_2b2_PR_000,ICBHI_130_2b2_PR,ICBHI_130,1,ICBHI,AKGC417L,0.921640191475818,4
ICBHI_130_2b2_PR_001,ICBHI_130_2b2_PR,ICBHI_130,1,ICBHI,AKGC417L,0.935582334586506,4
ICBHI_130_2b2_PR_002,ICBHI_130_2b2_PR,ICBHI_130,1,ICBHI,AKGC417L,0.9293122085569836,4
ICBHI_130_2b2_PR_003,ICBHI_130_2b2_PR,ICBHI_130,1,ICBHI,AKGC417L,0.9402434135995512,4
ICBHI_130_2b2_PR_004,ICBHI_130_2b2_PR,ICBHI_130,1,ICBHI,AKGC417L,0.9346342130197336,4
ICBHI_130_2b2_PR_005,ICBHI_130_2b2_PR,ICBHI_130,1,ICBHI,AKGC417L,0.9382372910349688,4
ICBHI_130_2b2_PR_006,ICBHI_130_2b2_PR,ICBHI_130,1,ICBHI,AKGC417L,0.9246876936763764,4
ICBHI_130_2b2_TC_000,ICBHI_130_2b2_TC,ICBHI_130,1,ICBHI,AKGC417L,0.3917549310597562,4
ICBHI_130_2b2_TC_001,ICBHI_130_2b2_TC,ICBHI_130,1,ICBHI,AKGC417L,0.4368022115409194,4
ICBHI_130_2b2_TC_002,ICBHI_130_2b2_TC,ICBHI_130,1,ICBHI,AKGC417L,0.6077213735375503,4
ICBHI_130_2b2_TC_003,ICBHI_130_2b2_TC,ICBHI_130,1,ICBHI,AKGC417L,0.4508126752077563,4
ICBHI_130_2b2_TC_004,ICBHI_130_2b2_TC,ICBHI_130,1,ICBHI,AKGC417L,0.6889918139293073,4
ICBHI_130_2b2_TC_005,ICBHI_130_2b2_TC,ICBHI_130,1,ICBHI,AKGC417L,0.7297124307414513,4
ICBHI_130_2b2_TC_006,ICBHI_130_2b2_TC,ICBHI_130,1,ICBHI,AKGC417L,0.7664684879310303,4
ICBHI_130_2b3_AL_000,ICBHI_130_2b3_AL,ICBHI_130,1,ICBHI,AKGC417L,0.951323427968294,4
ICBHI_130_2b3_AL_001,ICBHI_130_2b3_AL,ICBHI_130,1,ICBHI,AKGC417L,0.9362850057480346,4
ICBHI_130_2b3_AL_002,ICBHI_130_2b3_AL,ICBHI_130,1,ICBHI,AKGC417L,0.9256342970258704,4
ICBHI_130_2b3_AL_003,ICBHI_130_2b3_AL,ICBHI_130,1,ICBHI,AKGC417L,0.929823701560032,4
ICBHI_130_2b3_AL_004,ICBHI_130_2b3_AL,ICBHI_130,1,ICBHI,AKGC417L,0.9400235602628372,4
ICBHI_130_2b3_AL_005,ICBHI_130_2b3_AL,ICBHI_130,1,ICBHI,AKGC417L,0.9492005402963102,4
ICBHI_130_2b3_AL_006,ICBHI_130_2b3_AL,ICBHI_130,1,ICBHI,AKGC417L,0.9507778868028012,4
ICBHI_130_2b3_AR_000,ICBHI_130_2b3_AR,ICBHI_130,1,ICBHI,AKGC417L,0.8540345328871686,4
ICBHI_130_2b3_AR_001,ICBHI_130_2b3_AR,ICBHI_130,1,ICBHI,AKGC417L,0.8237541440584596,4
ICBHI_130_2b3_AR_002,ICBHI_130_2b3_AR,ICBHI_130,1,ICBHI,AKGC417L,0.8203255523733545,4
ICBHI_130_2b3_AR_003,ICBHI_130_2b3_AR,ICBHI_130,1,ICBHI,AKGC417L,0.81611344837892,4
ICBHI_130_2b3_AR_004,ICBHI_130_2b3_AR,ICBHI_130,1,ICBHI,AKGC417L,0.8077641121500181,4
ICBHI_130_2b3_AR_005,ICBHI_130_2b3_AR,ICBHI_130,1,ICBHI,AKGC417L,0.8731066714994528,4
ICBHI_130_2b3_AR_006,ICBHI_130_2b3_AR,ICBHI_130,1,ICBHI,AKGC417L,0.896975571673783,4
ICBHI_130_2b3_LL_000,ICBHI_130_2b3_LL,ICBHI_130,1,ICBHI,AKGC417L,0.8556100225016848,4
ICBHI_130_2b3_LL_001,ICBHI_130_2b3_LL,ICBHI_130,1,ICBHI,AKGC417L,0.7540104528799124,4
ICBHI_130_2b3_LL_002,ICBHI_130_2b3_LL,ICBHI_130,1,ICBHI,AKGC417L,0.772187262695501,4
ICBHI_130_2b3_LL_003,ICBHI_130_2b3_LL,ICBHI_130,1,ICBHI,AKGC417L,0.81684509245858,4
ICBHI_130_2b3_LL_004,ICBHI_130_2b3_LL,ICBHI_130,1,ICBHI,AKGC417L,0.7975568078599278,4
ICBHI_130_2b3_LL_005,ICBHI_130_2b3_LL,ICBHI_130,1,ICBHI,AKGC417L,0.7325918338117745,4
ICBHI_130_2b3_LL_006,ICBHI_130_2b3_LL,ICBHI_130,1,ICBHI,AKGC417L,0.7953403653424583,4
ICBHI_130_2b3_LR_000,ICBHI_130_2b3_LR,ICBHI_130,1,ICBHI,AKGC417L,0.9328214227111128,4
ICBHI_130_2b3_LR_001,ICBHI_130_2b3_LR,ICBHI_130,1,ICBHI,AKGC417L,0.8996515935589441,4
ICBHI_130_2b3_LR_002,ICBHI_130_2b3_LR,ICBHI_130,1,ICBHI,AKGC417L,0.9061560406079822,4
ICBHI_130_2b3_LR_003,ICBHI_130_2b3_LR,ICBHI_130,1,ICBHI,AKGC417L,0.9081302185130296,4
ICBHI_130_2b3_LR_004,ICBHI_130_2b3_LR,ICBHI_130,1,ICBHI,AKGC417L,0.9024377762417778,4
ICBHI_130_2b3_LR_005,ICBHI_130_2b3_LR,ICBHI_130,1,ICBHI,AKGC417L,0.9237300338193294,4
ICBHI_130_2b3_LR_006,ICBHI_130_2b3_LR,ICBHI_130,1,ICBHI,AKGC417L,0.9411153004600163,4
ICBHI_130_2b3_PL_000,ICBHI_130_2b3_PL,ICBHI_130,1,ICBHI,AKGC417L,0.9130583432721084,4
ICBHI_130_2b3_PL_001,ICBHI_130_2b3_PL,ICBHI_130,1,ICBHI,AKGC417L,0.9038048371679412,4
ICBHI_130_2b3_PL_002,ICBHI_130_2b3_PL,ICBHI_130,1,ICBHI,AKGC417L,0.8919993467962748,4
ICBHI_130_2b3_PL_003,ICBHI_130_2b3_PL,ICBHI_130,1,ICBHI,AKGC417L,0.8957052736689574,4
ICBHI_130_2b3_PL_004,ICBHI_130_2b3_PL,ICBHI_130,1,ICBHI,AKGC417L,0.8938665640830568,4
ICBHI_130_2b3_PL_005,ICBHI_130_2b3_PL,ICBHI_130,1,ICBHI,AKGC417L,0.8793541289831708,4
ICBHI_130_2b3_PL_006,ICBHI_130_2b3_PL,ICBHI_130,1,ICBHI,AKGC417L,0.8958875884420037,4
ICBHI_130_2b3_PR_000,ICBHI_130_2b3_PR,ICBHI_130,1,ICBHI,AKGC417L,0.9356999454877224,4
ICBHI_130_2b3_PR_001,ICBHI_130_2b3_PR,ICBHI_130,1,ICBHI,AKGC417L,0.9417613746890242,4
ICBHI_130_2b3_PR_002,ICBHI_130_2b3_PR,ICBHI_130,1,ICBHI,AKGC417L,0.9394706097974612,4
ICBHI_130_2b3_PR_003,ICBHI_130_2b3_PR,ICBHI_130,1,ICBHI,AKGC417L,0.9498557486112288,4
ICBHI_130_2b3_PR_004,ICBHI_130_2b3_PR,ICBHI_130,1,ICBHI,AKGC417L,0.9390248191350352,4
ICBHI_130_2b3_PR_005,ICBHI_130_2b3_PR,ICBHI_130,1,ICBHI,AKGC417L,0.9237300338193294,4
ICBHI_130_2b3_PR_006,ICBHI_130_2b3_PR,ICBHI_130,1,ICBHI,AKGC417L,0.95275028649851,4
ICBHI_130_2b3_TC_000,ICBHI_130_2b3_TC,ICBHI_130,1,ICBHI,AKGC417L,0.4483356915912064,4
ICBHI_130_2b3_TC_001,ICBHI_130_2b3_TC,ICBHI_130,1,ICBHI,AKGC417L,0.5229635701604297,4
ICBHI_130_2b3_TC_002,ICBHI_130_2b3_TC,ICBHI_130,1,ICBHI,AKGC417L,0.7392342170585756,4
ICBHI_130_2b3_TC_003,ICBHI_130_2b3_TC,ICBHI_130,1,ICBHI,AKGC417L,0.6990490122818257,4
ICBHI_130_2b3_TC_004,ICBHI_130_2b3_TC,ICBHI_130,1,ICBHI,AKGC417L,0.7136312257131276,4
ICBHI_130_2b3_TC_005,ICBHI_130_2b3_TC,ICBHI_130,1,ICBHI,AKGC417L,0.6606104176951485,4
ICBHI_130_2b3_TC_006,ICBHI_130_2b3_TC,ICBHI_130,1,ICBHI,AKGC417L,0.4722575257464728,4
ICBHI_130_2b4_AL_000,ICBHI_130_2b4_AL,ICBHI_130,1,ICBHI,AKGC417L,0.949762639869452,4
ICBHI_130_2b4_AL_001,ICBHI_130_2b4_AL,ICBHI_130,1,ICBHI,AKGC417L,0.9517736584118672,4
ICBHI_130_2b4_AL_002,ICBHI_130_2b4_AL,ICBHI_130,1,ICBHI,AKGC417L,0.946200356539936,4
ICBHI_130_2b4_AL_003,ICBHI_130_2b4_AL,ICBHI_130,1,ICBHI,AKGC417L,0.9349912700743233,4
ICBHI_130_2b4_AL_004,ICBHI_130_2b4_AL,ICBHI_130,1,ICBHI,AKGC417L,0.9193533851235516,4
ICBHI_130_2b4_AL_005,ICBHI_130_2b4_AL,ICBHI_130,1,ICBHI,AKGC417L,0.9238675232288402,4
ICBHI_130_2b4_AL_006,ICBHI_130_2b4_AL,ICBHI_130,1,ICBHI,AKGC417L,0.9253649611035,4
ICBHI_130_2b4_AR_000,ICBHI_130_2b4_AR,ICBHI_130,1,ICBHI,AKGC417L,0.8622356954546928,4
ICBHI_130_2b4_AR_001,ICBHI_130_2b4_AR,ICBHI_130,1,ICBHI,AKGC417L,0.8852352197343663,4
ICBHI_130_2b4_AR_002,ICBHI_130_2b4_AR,ICBHI_130,1,ICBHI,AKGC417L,0.8653379202567106,4
ICBHI_130_2b4_AR_003,ICBHI_130_2b4_AR,ICBHI_130,1,ICBHI,AKGC417L,0.8554893345916211,4
ICBHI_130_2b4_AR_004,ICBHI_130_2b4_AR,ICBHI_130,1,ICBHI,AKGC417L,0.7954992785477151,4
ICBHI_130_2b4_AR_005,ICBHI_130_2b4_AR,ICBHI_130,1,ICBHI,AKGC417L,0.8034823745720369,4
ICBHI_130_2b4_AR_006,ICBHI_130_2b4_AR,ICBHI_130,1,ICBHI,AKGC417L,0.8033281311678119,4
ICBHI_130_2b4_LL_000,ICBHI_130_2b4_LL,ICBHI_130,1,ICBHI,AKGC417L,0.8529354795409523,4
ICBHI_130_2b4_LL_001,ICBHI_130_2b4_LL,ICBHI_130,1,ICBHI,AKGC417L,0.8140528050985784,4
ICBHI_130_2b4_LL_002,ICBHI_130_2b4_LL,ICBHI_130,1,ICBHI,AKGC417L,0.8470843821508236,4
ICBHI_130_2b4_LL_003,ICBHI_130_2b4_LL,ICBHI_130,1,ICBHI,AKGC417L,0.8534247908404916,4
ICBHI_130_2b4_LL_004,ICBHI_130_2b4_LL,ICBHI_130,1,ICBHI,AKGC417L,0.8675976654804372,4
ICBHI_130_2b4_LL_005,ICBHI_130_2b4_LL,ICBHI_130,1,ICBHI,AKGC417L,0.8537908888084864,4
ICBHI_130_2b4_LL_006,ICBHI_130_2b4_LL,ICBHI_130,1,ICBHI,AKGC417L,0.8543993677396563,4
ICBHI_130_2b4_LR_000,ICBHI_130_2b4_LR,ICBHI_130,1,ICBHI,AKGC417L,0.8960696214948621,4
ICBHI_130_2b4_LR_001,ICBHI_130_2b4_LR,ICBHI_130,1,ICBHI,AKGC417L,0.8994751304753559,4
ICBHI_130_2b4_LR_002,ICBHI_130_2b4_LR,ICBHI_130,1,ICBHI,AKGC417L,0.8763171902779356,4
ICBHI_130_2b4_LR_003,ICBHI_130_2b4_LR,ICBHI_130,1,ICBHI,AKGC417L,0.872456082633875,4
ICBHI_130_2b4_LR_004,ICBHI_130_2b4_LR,ICBHI_130,1,ICBHI,AKGC417L,0.8747207421177045,4
ICBHI_130_2b4_LR_005,ICBHI_130_2b4_LR,ICBHI_130,1,ICBHI,AKGC417L,0.8883720089593933,4
ICBHI_130_2b4_LR_006,ICBHI_130_2b4_LR,ICBHI_130,1,ICBHI,AKGC417L,0.8904848432885359,4
ICBHI_130_2b4_PL_000,ICBHI_130_2b4_PL,ICBHI_130,1,ICBHI,AKGC417L,0.9227612136829396,4
ICBHI_130_2b4_PL_001,ICBHI_130_2b4_PL,ICBHI_130,1,ICBHI,AKGC417L,0.9181872878284922,4
ICBHI_130_2b4_PL_002,ICBHI_130_2b4_PL,ICBHI_130,1,ICBHI,AKGC417L,0.9171543753982088,4
ICBHI_130_2b4_PL_003,ICBHI_130_2b4_PL,ICBHI_130,1,ICBHI,AKGC417L,0.9139841186828944,4
ICBHI_130_2b4_PL_004,ICBHI_130_2b4_PL,ICBHI_130,1,ICBHI,AKGC417L,0.9142907207192192,4
ICBHI_130_2b4_PL_005,ICBHI_130_2b4_PL,ICBHI_130,1,ICBHI,AKGC417L,0.9192084564299288,4
ICBHI_130_2b4_PL_006,ICBHI_130_2b4_PL,ICBHI_130,1,ICBHI,AKGC417L,0.915959388442632,4
ICBHI_130_2p3_PL_000,ICBHI_130_2p3_PL,ICBHI_130,1,ICBHI,AKGC417L,0.8742920512378466,4
ICBHI_130_2p3_PL_001,ICBHI_130_2p3_PL,ICBHI_130,1,ICBHI,AKGC417L,0.8951566359697456,4
ICBHI_130_2p3_PL_002,ICBHI_130_2p3_PL,ICBHI_130,1,ICBHI,AKGC417L,0.846196804090553,4
ICBHI_130_2p3_PL_003,ICBHI_130_2p3_PL,ICBHI_130,1,ICBHI,AKGC417L,0.8940517128636203,4
ICBHI_130_2p3_PL_004,ICBHI_130_2p3_PL,ICBHI_130,1,ICBHI,AKGC417L,0.9149009549929796,4
ICBHI_130_2p3_PL_005,ICBHI_130_2p3_PL,ICBHI_130,1,ICBHI,AKGC417L,0.8181563569443524,4
ICBHI_130_2p3_PL_006,ICBHI_130_2p3_PL,ICBHI_130,1,ICBHI,AKGC417L,0.6744794522230694,4
ICBHI_130_2p5_AL_000,ICBHI_130_2p5_AL,ICBHI_130,1,ICBHI,AKGC417L,0.8966140333938164,4
ICBHI_130_2p5_AL_001,ICBHI_130_2p5_AL,ICBHI_130,1,ICBHI,AKGC417L,0.9307105874853784,4
ICBHI_130_2p5_AL_002,ICBHI_130_2p5_AL,ICBHI_130,1,ICBHI,AKGC417L,0.90648769084615,4
ICBHI_130_2p5_AL_003,ICBHI_130_2p5_AL,ICBHI_130,1,ICBHI,AKGC417L,0.8184467555636957,4
ICBHI_130_2p5_AL_004,ICBHI_130_2p5_AL,ICBHI_130,1,ICBHI,AKGC417L,0.8782098334256662,4
ICBHI_130_2p5_AL_005,ICBHI_130_2p5_AL,ICBHI_130,1,ICBHI,AKGC417L,0.9336731259764038,4
ICBHI_130_2p5_AL_006,ICBHI_130_2p5_AL,ICBHI_130,1,ICBHI,AKGC417L,0.9462996942374736,4
ICBHI_130_2p5_AR_000,ICBHI_130_2p5_AR,ICBHI_130,1,ICBHI,AKGC417L,0.4618358496694456,4
ICBHI_130_2p5_AR_001,ICBHI_130_2p5_AR,ICBHI_130,1,ICBHI,AKGC417L,0.5196432050251941,4
ICBHI_130_2p5_AR_002,ICBHI_130_2p5_AR,ICBHI_130,1,ICBHI,AKGC417L,0.6076049630683891,4
ICBHI_130_2p5_AR_003,ICBHI_130_2p5_AR,ICBHI_130,1,ICBHI,AKGC417L,0.5491268795825297,4
ICBHI_130_2p5_AR_004,ICBHI_130_2p5_AR,ICBHI_130,1,ICBHI,AKGC417L,0.5552543689642118,4
ICBHI_130_2p5_AR_005,ICBHI_130_2p5_AR,ICBHI_130,1,ICBHI,AKGC417L,0.484479170224089,4
ICBHI_130_2p5_AR_006,ICBHI_130_2p5_AR,ICBHI_130,1,ICBHI,AKGC417L,0.5755283719825773,4
ICBHI_130_2p5_LR_000,ICBHI_130_2p5_LR,ICBHI_130,1,ICBHI,AKGC417L,0.2664527051646194,4
ICBHI_130_2p5_LR_001,ICBHI_130_2p5_LR,ICBHI_130,1,ICBHI,AKGC417L,0.3135248493365132,4
ICBHI_130_2p5_LR_002,ICBHI_130_2p5_LR,ICBHI_130,1,ICBHI,AKGC417L,0.3099628535041738,4
ICBHI_130_2p5_LR_003,ICBHI_130_2p5_LR,ICBHI_130,1,ICBHI,AKGC417L,0.3082943556906752,4
ICBHI_130_2p5_LR_004,ICBHI_130_2p5_LR,ICBHI_130,1,ICBHI,AKGC417L,0.4164406164989555,4
ICBHI_130_2p5_LR_005,ICBHI_130_2p5_LR,ICBHI_130,1,ICBHI,AKGC417L,0.3699977275686275,4
ICBHI_130_2p5_LR_006,ICBHI_130_2p5_LR,ICBHI_130,1,ICBHI,AKGC417L,0.3613900679227612,4
ICBHI_130_2p5_PL_000,ICBHI_130_2p5_PL,ICBHI_130,1,ICBHI,AKGC417L,0.8621196531439876,4
ICBHI_130_2p5_PL_001,ICBHI_130_2p5_PL,ICBHI_130,1,ICBHI,AKGC417L,0.8374870945748015,4
ICBHI_130_2p5_PL_002,ICBHI_130_2p5_PL,ICBHI_130,1,ICBHI,AKGC417L,0.7599387520410151,4
ICBHI_130_2p5_PL_003,ICBHI_130_2p5_PL,ICBHI_130,1,ICBHI,AKGC417L,0.7991289841772278,4
ICBHI_130_2p5_PL_004,ICBHI_130_2p5_PL,ICBHI_130,1,ICBHI,AKGC417L,0.8895288461051276,4
ICBHI_130_2p5_PL_005,ICBHI_130_2p5_PL,ICBHI_130,1,ICBHI,AKGC417L,0.7481683456121876,4
ICBHI_130_2p5_PL_006,ICBHI_130_2p5_PL,ICBHI_130,1,ICBHI,AKGC417L,0.7170118817172945,4
ICBHI_130_2p5_PR_000,ICBHI_130_2p5_PR,ICBHI_130,1,ICBHI,AKGC417L,0.4130627589180413,4
ICBHI_130_2p5_PR_001,ICBHI_130_2p5_PR,ICBHI_130,1,ICBHI,AKGC417L,0.3519790059319447,4
ICBHI_130_2p5_PR_002,ICBHI_130_2p5_PR,ICBHI_130,1,ICBHI,AKGC417L,0.3240214642295244,4
ICBHI_130_2p5_PR_003,ICBHI_130_2p5_PR,ICBHI_130,1,ICBHI,AKGC417L,0.3496437595394133,4
ICBHI_130_2p5_PR_004,ICBHI_130_2p5_PR,ICBHI_130,1,ICBHI,AKGC417L,0.3529820044405297,4
ICBHI_130_2p5_PR_005,ICBHI_130_2p5_PR,ICBHI_130,1,ICBHI,AKGC417L,0.3377493977693328,4
ICBHI_130_2p5_PR_006,ICBHI_130_2p5_PR,ICBHI_130,1,ICBHI,AKGC417L,0.3647775585204021,4
ICBHI_130_2p5_TC_000,ICBHI_130_2p5_TC,ICBHI_130,1,ICBHI,AKGC417L,0.4967956981650628,4
ICBHI_130_2p5_TC_001,ICBHI_130_2p5_TC,ICBHI_130,1,ICBHI,AKGC417L,0.4711776184945934,4
ICBHI_130_2p5_TC_002,ICBHI_130_2p5_TC,ICBHI_130,1,ICBHI,AKGC417L,0.4702196164718148,4
ICBHI_130_2p5_TC_003,ICBHI_130_2p5_TC,ICBHI_130,1,ICBHI,AKGC417L,0.49664120958179,4
ICBHI_130_2p5_TC_004,ICBHI_130_2p5_TC,ICBHI_130,1,ICBHI,AKGC417L,0.4714361636543562,4
ICBHI_130_2p5_TC_005,ICBHI_130_2p5_TC,ICBHI_130,1,ICBHI,AKGC417L,0.477310515592751,4
ICBHI_130_2p5_TC_006,ICBHI_130_2p5_TC,ICBHI_130,1,ICBHI,AKGC417L,0.4695202611037292,4
ICBHI_130_3b3_LL_000,ICBHI_130_3b3_LL,ICBHI_130,1,ICBHI,AKGC417L,0.6058573447260825,4
ICBHI_130_3b3_LL_001,ICBHI_130_3b3_LL,ICBHI_130,1,ICBHI,AKGC417L,0.5111599504312495,4
ICBHI_130_3b3_LL_002,ICBHI_130_3b3_LL,ICBHI_130,1,ICBHI,AKGC417L,0.4860494591216764,4
ICBHI_130_3b3_LL_003,ICBHI_130_3b3_LL,ICBHI_130,1,ICBHI,AKGC417L,0.6107437127856301,4
ICBHI_130_3b3_LL_004,ICBHI_130_3b3_LL,ICBHI_130,1,ICBHI,AKGC417L,0.7029380630124772,4
ICBHI_130_3b3_LL_005,ICBHI_130_3b3_LL,ICBHI_130,1,ICBHI,AKGC417L,0.780662495082397,4
ICBHI_130_3b3_LL_006,ICBHI_130_3b3_LL,ICBHI_130,1,ICBHI,AKGC417L,0.7536480101160706,4
ICBHI_130_3b4_AL_000,ICBHI_130_3b4_AL,ICBHI_130,1,ICBHI,AKGC417L,0.7505527565366589,4
ICBHI_130_3b4_AL_001,ICBHI_130_3b4_AL,ICBHI_130,1,ICBHI,AKGC417L,0.6895147220409511,4
ICBHI_130_3b4_AL_002,ICBHI_130_3b4_AL,ICBHI_130,1,ICBHI,AKGC417L,0.6868953627546549,4
ICBHI_130_3b4_AL_003,ICBHI_130_3b4_AL,ICBHI_130,1,ICBHI,AKGC417L,0.6959583250334526,4
ICBHI_130_3b4_AL_004,ICBHI_130_3b4_AL,ICBHI_130,1,ICBHI,AKGC417L,0.775264699264738,4
ICBHI_130_3b4_AL_005,ICBHI_130_3b4_AL,ICBHI_130,1,ICBHI,AKGC417L,0.8013146462095748,4
ICBHI_130_3b4_AL_006,ICBHI_130_3b4_AL,ICBHI_130,1,ICBHI,AKGC417L,0.7728736964144969,4
ICBHI_130_3b4_AR_000,ICBHI_130_3b4_AR,ICBHI_130,1,ICBHI,AKGC417L,0.2643583582610753,4
ICBHI_130_3b4_AR_001,ICBHI_130_3b4_AR,ICBHI_130,1,ICBHI,AKGC417L,0.2033908961192982,4
ICBHI_130_3b4_AR_002,ICBHI_130_3b4_AR,ICBHI_130,1,ICBHI,AKGC417L,0.1618494372655883,4
ICBHI_130_3b4_AR_003,ICBHI_130_3b4_AR,ICBHI_130,1,ICBHI,AKGC417L,0.1379964712684035,4
ICBHI_130_3b4_AR_004,ICBHI_130_3b4_AR,ICBHI_130,1,ICBHI,AKGC417L,0.1485405679829443,4
ICBHI_130_3b4_AR_005,ICBHI_130_3b4_AR,ICBHI_130,1,ICBHI,AKGC417L,0.1499043354766407,4
ICBHI_130_3b4_AR_006,ICBHI_130_3b4_AR,ICBHI_130,1,ICBHI,AKGC417L,0.2051369244476233,4
ICBHI_130_3b4_LR_000,ICBHI_130_3b4_LR,ICBHI_130,1,ICBHI,AKGC417L,0.6294330016798207,4
ICBHI_130_3b4_LR_001,ICBHI_130_3b4_LR,ICBHI_130,1,ICBHI,AKGC417L,0.4676356461173832,4
ICBHI_130_3b4_LR_002,ICBHI_130_3b4_LR,ICBHI_130,1,ICBHI,AKGC417L,0.4768232615840607,4
ICBHI_130_3b4_LR_003,ICBHI_130_3b4_LR,ICBHI_130,1,ICBHI,AKGC417L,0.4162033137828925,4
ICBHI_130_3b4_LR_004,ICBHI_130_3b4_LR,ICBHI_130,1,ICBHI,AKGC417L,0.4358414888407291,4
ICBHI_130_3b4_LR_005,ICBHI_130_3b4_LR,ICBHI_130,1,ICBHI,AKGC417L,0.448607432719512,4
ICBHI_130_3b4_LR_006,ICBHI_130_3b4_LR,ICBHI_130,1,ICBHI,AKGC417L,0.2941135895188664,4
ICBHI_130_3b4_PL_000,ICBHI_130_3b4_PL,ICBHI_130,1,ICBHI,AKGC417L,0.9535353360498288,4
ICBHI_130_3b4_PL_001,ICBHI_130_3b4_PL,ICBHI_130,1,ICBHI,AKGC417L,0.9631612965532385,4
ICBHI_130_3b4_PL_002,ICBHI_130_3b4_PL,ICBHI_130,1,ICBHI,AKGC417L,0.9500414759334156,4
ICBHI_130_3b4_PL_003,ICBHI_130_3b4_PL,ICBHI_130,1,ICBHI,AKGC417L,0.9608783531246672,4
ICBHI_130_3b4_PL_004,ICBHI_130_3b4_PL,ICBHI_130,1,ICBHI,AKGC417L,0.9444848859112394,4
ICBHI_130_3b4_PL_005,ICBHI_130_3b4_PL,ICBHI_130,1,ICBHI,AKGC417L,0.9227612136829396,4
ICBHI_130_3b4_PL_006,ICBHI_130_3b4_PL,ICBHI_130,1,ICBHI,AKGC417L,0.940789749258714,4
ICBHI_130_3b4_PR_000,ICBHI_130_3b4_PR,ICBHI_130,1,ICBHI,AKGC417L,0.9061560406079822,4
ICBHI_130_3b4_PR_001,ICBHI_130_3b4_PR,ICBHI_130,1,ICBHI,AKGC417L,0.885829153706156,4
ICBHI_130_3b4_PR_002,ICBHI_130_3b4_PR,ICBHI_130,1,ICBHI,AKGC417L,0.8586000649731023,4
ICBHI_130_3b4_PR_003,ICBHI_130_3b4_PR,ICBHI_130,1,ICBHI,AKGC417L,0.8891444050747391,4
ICBHI_130_3b4_PR_004,ICBHI_130_3b4_PR,ICBHI_130,1,ICBHI,AKGC417L,0.9036348952750146,4
ICBHI_130_3b4_PR_005,ICBHI_130_3b4_PR,ICBHI_130,1,ICBHI,AKGC417L,0.8978745248133241,4
ICBHI_130_3b4_PR_006,ICBHI_130_3b4_PR,ICBHI_130,1,ICBHI,AKGC417L,0.9366336567966383,4
ICBHI_130_3p2_AL_000,ICBHI_130_3p2_AL,ICBHI_130,1,ICBHI,AKGC417L,0.5784481789341114,4
ICBHI_130_3p2_AL_001,ICBHI_130_3p2_AL,ICBHI_130,1,ICBHI,AKGC417L,0.5882388084489221,4
ICBHI_130_3p2_AL_002,ICBHI_130_3p2_AL,ICBHI_130,1,ICBHI,AKGC417L,0.5762439225078639,4
ICBHI_130_3p2_AL_003,ICBHI_130_3p2_AL,ICBHI_130,1,ICBHI,AKGC417L,0.5554050883362458,4
ICBHI_130_3p2_AL_004,ICBHI_130_3p2_AL,ICBHI_130,1,ICBHI,AKGC417L,0.4779044147166159,4
ICBHI_130_3p2_AL_005,ICBHI_130_3p2_AL,ICBHI_130,1,ICBHI,AKGC417L,0.4931911863026557,4
ICBHI_130_3p2_AL_006,ICBHI_130_3p2_AL,ICBHI_130,1,ICBHI,AKGC417L,0.5148729304022346,4
ICBHI_130_3p2_AR_000,ICBHI_130_3p2_AR,ICBHI_130,1,ICBHI,AKGC417L,0.5210599204203393,4
ICBHI_130_3p2_AR_001,ICBHI_130_3p2_AR,ICBHI_130,1,ICBHI,AKGC417L,0.6395109559154208,4
ICBHI_130_3p2_AR_002,ICBHI_130_3p2_AR,ICBHI_130,1,ICBHI,AKGC417L,0.6237207254690718,4
ICBHI_130_3p2_AR_003,ICBHI_130_3p2_AR,ICBHI_130,1,ICBHI,AKGC417L,0.5595006555364362,4
ICBHI_130_3p2_AR_004,ICBHI_130_3p2_AR,ICBHI_130,1,ICBHI,AKGC417L,0.4146025414174146,4
ICBHI_130_3p2_AR_005,ICBHI_130_3p2_AR,ICBHI_130,1,ICBHI,AKGC417L,0.2598256379609837,4
ICBHI_130_3p2_AR_006,ICBHI_130_3p2_AR,ICBHI_130,1,ICBHI,AKGC417L,0.2603894608730207,4
ICBHI_130_3p2_PL_000,ICBHI_130_3p2_PL,ICBHI_130,1,ICBHI,AKGC417L,0.922202551391991,4
ICBHI_130_3p2_PL_001,ICBHI_130_3p2_PL,ICBHI_130,1,ICBHI,AKGC417L,0.9094255214176163,4
ICBHI_130_3p2_PL_002,ICBHI_130_3p2_PL,ICBHI_130,1,ICBHI,AKGC417L,0.8921873600393251,4
ICBHI_130_3p2_PL_003,ICBHI_130_3p2_PL,ICBHI_130,1,ICBHI,AKGC417L,0.8846385984040539,4
ICBHI_130_3p2_PL_004,ICBHI_130_3p2_PL,ICBHI_130,1,ICBHI,AKGC417L,0.888758793492457,4
ICBHI_130_3p2_PL_005,ICBHI_130_3p2_PL,ICBHI_130,1,ICBHI,AKGC417L,0.8469578427551038,4
ICBHI_130_3p2_PL_006,ICBHI_130_3p2_PL,ICBHI_130,1,ICBHI,AKGC417L,0.9027811572378382,4
ICBHI_130_3p2_PR_000,ICBHI_130_3p2_PR,ICBHI_130,1,ICBHI,AKGC417L,0.9001793324323768,4
ICBHI_130_3p2_PR_001,ICBHI_130_3p2_PR,ICBHI_130,1,ICBHI,AKGC417L,0.9187722440021828,4
ICBHI_130_3p2_PR_002,ICBHI_130_3p2_PR,ICBHI_130,1,ICBHI,AKGC417L,0.9130583432721084,4
ICBHI_130_3p2_PR_003,ICBHI_130_3p2_PR,ICBHI_130,1,ICBHI,AKGC417L,0.8901033181214943,4
ICBHI_130_3p2_PR_004,ICBHI_130_3p2_PR,ICBHI_130,1,ICBHI,AKGC417L,0.9001793324323768,4
ICBHI_130_3p2_PR_005,ICBHI_130_3p2_PR,ICBHI_130,1,ICBHI,AKGC417L,0.9142907207192192,4
ICBHI_130_3p2_PR_006,ICBHI_130_3p2_PR,ICBHI_130,1,ICBHI,AKGC417L,0.8998277813740775,4
ICBHI_130_3p2_TC_000,ICBHI_130_3p2_TC,ICBHI_130,1,ICBHI,AKGC417L,0.3499769280759169,4
ICBHI_130_3p2_TC_001,ICBHI_130_3p2_TC,ICBHI_130,1,ICBHI,AKGC417L,0.310589820917206,4
ICBHI_130_3p2_TC_002,ICBHI_130_3p2_TC,ICBHI_130,1,ICBHI,AKGC417L,0.3419120249137458,4
ICBHI_130_3p2_TC_003,ICBHI_130_3p2_TC,ICBHI_130,1,ICBHI,AKGC417L,0.324556438814855,4
ICBHI_130_3p2_TC_004,ICBHI_130_3p2_TC,ICBHI_130,1,ICBHI,AKGC417L,0.2871677278835929,4
ICBHI_130_3p2_TC_005,ICBHI_130_3p2_TC,ICBHI_130,1,ICBHI,AKGC417L,0.2596378731521501,4
ICBHI_130_3p2_TC_006,ICBHI_130_3p2_TC,ICBHI_130,1,ICBHI,AKGC417L,0.2817019178204855,4
ICBHI_130_3p3_AL_000,ICBHI_130_3p3_AL,ICBHI_130,1,ICBHI,AKGC417L,0.6811968167375116,4
ICBHI_130_3p3_AL_001,ICBHI_130_3p3_AL,ICBHI_130,1,ICBHI,AKGC417L,0.6502452005719263,4
ICBHI_130_3p3_AL_002,ICBHI_130_3p3_AL,ICBHI_130,1,ICBHI,AKGC417L,0.6486889357268106,4
ICBHI_130_3p3_AL_003,ICBHI_130_3p3_AL,ICBHI_130,1,ICBHI,AKGC417L,0.625209303080424,4
ICBHI_130_3p3_AL_004,ICBHI_130_3p3_AL,ICBHI_130,1,ICBHI,AKGC417L,0.6132944566785825,4
ICBHI_130_3p3_AL_005,ICBHI_130_3p3_AL,ICBHI_130,1,ICBHI,AKGC417L,0.631935082803167,4
ICBHI_130_3p3_AL_006,ICBHI_130_3p3_AL,ICBHI_130,1,ICBHI,AKGC417L,0.6353355760442388,4
ICBHI_130_3p3_PL_000,ICBHI_130_3p3_PL,ICBHI_130,1,ICBHI,AKGC417L,0.8775817402641964,4
ICBHI_130_3p3_PL_001,ICBHI_130_3p3_PL,ICBHI_130,1,ICBHI,AKGC417L,0.8679338421303608,4
ICBHI_130_3p3_PL_002,ICBHI_130_3p3_PL,ICBHI_130,1,ICBHI,AKGC417L,0.8373541382064091,4
ICBHI_130_3p3_PL_003,ICBHI_130_3p3_PL,ICBHI_130,1,ICBHI,AKGC417L,0.7453983772125647,4
ICBHI_130_3p3_PL_004,ICBHI_130_3p3_PL,ICBHI_130,1,ICBHI,AKGC417L,0.8431216547086122,4
ICBHI_130_3p3_PL_005,ICBHI_130_3p3_PL,ICBHI_130,1,ICBHI,AKGC417L,0.9152045921779318,4
ICBHI_130_3p3_PL_006,ICBHI_130_3p3_PL,ICBHI_130,1,ICBHI,AKGC417L,0.9074763422184106,4
ICBHI_130_3p3_PR_000,ICBHI_130_3p3_PR,ICBHI_130,1,ICBHI,AKGC417L,0.947865743531704,4
ICBHI_130_3p3_PR_001,ICBHI_130_3p3_PR,ICBHI_130,1,ICBHI,AKGC417L,0.9470881887900422,4
ICBHI_130_3p3_PR_002,ICBHI_130_3p3_PR,ICBHI_130,1,ICBHI,AKGC417L,0.9376689641180752,4
ICBHI_130_3p3_PR_003,ICBHI_130_3p3_PR,ICBHI_130,1,ICBHI,AKGC417L,0.943243103543508,4
ICBHI_130_3p3_PR_004,ICBHI_130_3p3_PR,ICBHI_130,1,ICBHI,AKGC417L,0.9549844683997676,4
ICBHI_130_3p3_PR_005,ICBHI_130_3p3_PR,ICBHI_130,1,ICBHI,AKGC417L,0.9487275818697054,4
ICBHI_130_3p3_PR_006,ICBHI_130_3p3_PR,ICBHI_130,1,ICBHI,AKGC417L,0.953621794005189,4
ICBHI_130_3p3_TC_000,ICBHI_130_3p3_TC,ICBHI_130,1,ICBHI,AKGC417L,0.3462096568812011,4
ICBHI_130_3p3_TC_001,ICBHI_130_3p3_TC,ICBHI_130,1,ICBHI,AKGC417L,0.2770815859935903,4
ICBHI_130_3p3_TC_002,ICBHI_130_3p3_TC,ICBHI_130,1,ICBHI,AKGC417L,0.2452657400901575,4
ICBHI_130_3p3_TC_003,ICBHI_130_3p3_TC,ICBHI_130,1,ICBHI,AKGC417L,0.2479874262402027,4
ICBHI_130_3p3_TC_004,ICBHI_130_3p3_TC,ICBHI_130,1,ICBHI,AKGC417L,0.2637890065578331,4
ICBHI_130_3p3_TC_005,ICBHI_130_3p3_TC,ICBHI_130,1,ICBHI,AKGC417L,0.2404177410322837,4
ICBHI_130_3p3_TC_006,ICBHI_130_3p3_TC,ICBHI_130,1,ICBHI,AKGC417L,0.2583259885691872,4
ICBHI_130_3p4_AL_000,ICBHI_130_3p4_AL,ICBHI_130,1,ICBHI,AKGC417L,0.7107287003278533,4
ICBHI_130_3p4_AL_001,ICBHI_130_3p4_AL,ICBHI_130,1,ICBHI,AKGC417L,0.6058573447260825,4
ICBHI_130_3p4_AL_002,ICBHI_130_3p4_AL,ICBHI_130,1,ICBHI,AKGC417L,0.6132365536207203,4
ICBHI_130_3p4_AL_003,ICBHI_130_3p4_AL,ICBHI_130,1,ICBHI,AKGC417L,0.601183881122277,4
ICBHI_130_3p4_AL_004,ICBHI_130_3p4_AL,ICBHI_130,1,ICBHI,AKGC417L,0.5804115060839786,4
ICBHI_130_3p4_AL_005,ICBHI_130_3p4_AL,ICBHI_130,1,ICBHI,AKGC417L,0.5253383831443448,4
ICBHI_130_3p4_AL_006,ICBHI_130_3p4_AL,ICBHI_130,1,ICBHI,AKGC417L,0.5056874683050427,4
ICBHI_130_3p4_PL_000,ICBHI_130_3p4_PL,ICBHI_130,1,ICBHI,AKGC417L,0.8246032140761358,4
ICBHI_130_3p4_PL_001,ICBHI_130_3p4_PL,ICBHI_130,1,ICBHI,AKGC417L,0.8074606461386356,4
ICBHI_130_3p4_PL_002,ICBHI_130_3p4_PL,ICBHI_130,1,ICBHI,AKGC417L,0.7702920373143224,4
ICBHI_130_3p4_PL_003,ICBHI_130_3p4_PL,ICBHI_130,1,ICBHI,AKGC417L,0.7821637208041882,4
ICBHI_130_3p4_PL_004,ICBHI_130_3p4_PL,ICBHI_130,1,ICBHI,AKGC417L,0.7911764288611264,4
ICBHI_130_3p4_PL_005,ICBHI_130_3p4_PL,ICBHI_130,1,ICBHI,AKGC417L,0.8071568154401839,4
ICBHI_130_3p4_PL_006,ICBHI_130_3p4_PL,ICBHI_130,1,ICBHI,AKGC417L,0.766817904687893,4
ICBHI_130_3p4_PR_000,ICBHI_130_3p4_PR,ICBHI_130,1,ICBHI,AKGC417L,0.93789687838626,4
ICBHI_130_3p4_PR_001,ICBHI_130_3p4_PR,ICBHI_130,1,ICBHI,AKGC417L,0.9492946352021694,4
ICBHI_130_3p4_PR_002,ICBHI_130_3p4_PR,ICBHI_130,1,ICBHI,AKGC417L,0.9542227274192232,4
ICBHI_130_3p4_PR_003,ICBHI_130_3p4_PR,ICBHI_130,1,ICBHI,AKGC417L,0.9507778868028012,4
ICBHI_130_3p4_PR_004,ICBHI_130_3p4_PR,ICBHI_130,1,ICBHI,AKGC417L,0.9347534342381864,4
ICBHI_130_3p4_PR_005,ICBHI_130_3p4_PR,ICBHI_130,1,ICBHI,AKGC417L,0.935109885267838,4
ICBHI_130_3p4_PR_006,ICBHI_130_3p4_PR,ICBHI_130,1,ICBHI,AKGC417L,0.931711462472208,4
ICBHI_130_3p4_TC_000,ICBHI_130_3p4_TC,ICBHI_130,1,ICBHI,AKGC417L,0.3424615731493293,4
ICBHI_130_3p4_TC_001,ICBHI_130_3p4_TC,ICBHI_130,1,ICBHI,AKGC417L,0.2714447809383901,4
ICBHI_130_3p4_TC_002,ICBHI_130_3p4_TC,ICBHI_130,1,ICBHI,AKGC417L,0.2923932078409354,4
ICBHI_130_3p4_TC_003,ICBHI_130_3p4_TC,ICBHI_130,1,ICBHI,AKGC417L,0.3155250303236283,4
ICBHI_130_3p4_TC_004,ICBHI_130_3p4_TC,ICBHI_130,1,ICBHI,AKGC417L,0.2888699153628989,4
ICBHI_130_3p4_TC_005,ICBHI_130_3p4_TC,ICBHI_130,1,ICBHI,AKGC417L,0.2805178149976347,4
ICBHI_130_3p4_TC_006,ICBHI_130_3p4_TC,ICBHI_130,1,ICBHI,AKGC417L,0.2845760042165267,4
ICBHI_146_2b2_PL_000,ICBHI_146_2b2_PL,ICBHI_146,1,ICBHI,AKGC417L,0.7687331879426154,4
ICBHI_146_2b2_PL_001,ICBHI_146_2b2_PL,ICBHI_146,1,ICBHI,AKGC417L,0.7610060599864007,4
ICBHI_146_2b2_PL_002,ICBHI_146_2b2_PL,ICBHI_146,1,ICBHI,AKGC417L,0.772187262695501,4
ICBHI_146_2b2_PL_003,ICBHI_146_2b2_PL,ICBHI_146,1,ICBHI,AKGC417L,0.78082966464492,4
ICBHI_146_2b2_PL_004,ICBHI_146_2b2_PL,ICBHI_146,1,ICBHI,AKGC417L,0.8130158213214184,4
ICBHI_146_2b2_PL_005,ICBHI_146_2b2_PL,ICBHI_146,1,ICBHI,AKGC417L,0.81684509245858,4
ICBHI_146_2b2_PL_006,ICBHI_146_2b2_PL,ICBHI_146,1,ICBHI,AKGC417L,0.689932700339893,4
ICBHI_146_2b4_AL_000,ICBHI_146_2b4_AL,ICBHI_146,1,ICBHI,AKGC417L,0.936051579348768,4
ICBHI_146_2b4_AL_001,ICBHI_146_2b4_AL,ICBHI_146,1,ICBHI,AKGC417L,0.9219218348550492,4
ICBHI_146_2b4_AL_002,ICBHI_146_2b4_AL,ICBHI_146,1,ICBHI,AKGC417L,0.9147487668762402,4
ICBHI_146_2b4_AL_003,ICBHI_146_2b4_AL,ICBHI_146,1,ICBHI,AKGC417L,0.9203612611724168,4
ICBHI_146_2b4_AL_004,ICBHI_146_2b4_AL,ICBHI_146,1,ICBHI,AKGC417L,0.8765287249141699,4
ICBHI_146_2b4_AL_005,ICBHI_146_2b4_AL,ICBHI_146,1,ICBHI,AKGC417L,0.921781129173075,4
ICBHI_146_2b4_AL_006,ICBHI_146_2b4_AL,ICBHI_146,1,ICBHI,AKGC417L,0.940462512071434,4
ICBHI_146_2b4_AR_000,ICBHI_146_2b4_AR,ICBHI_146,1,ICBHI,AKGC417L,0.8424747345956373,4
ICBHI_146_2b4_AR_001,ICBHI_146_2b4_AR,ICBHI_146,1,ICBHI,AKGC417L,0.8672607639619987,4
ICBHI_146_2b4_AR_002,ICBHI_146_2b4_AR,ICBHI_146,1,ICBHI,AKGC417L,0.8964328436644923,4
ICBHI_146_2b4_AR_003,ICBHI_146_2b4_AR,ICBHI_146,1,ICBHI,AKGC417L,0.9144436500485807,4
ICBHI_146_2b4_AR_004,ICBHI_146_2b4_AR,ICBHI_146,1,ICBHI,AKGC417L,0.8624675338981391,4
ICBHI_146_2b4_AR_005,ICBHI_146_2b4_AR,ICBHI_146,1,ICBHI,AKGC417L,0.8868130934598374,4
ICBHI_146_2b4_AR_006,ICBHI_146_2b4_AR,ICBHI_146,1,ICBHI,AKGC417L,0.909586273176162,4
ICBHI_146_2b4_LL_000,ICBHI_146_2b4_LL,ICBHI_146,1,ICBHI,AKGC417L,0.0985988644686956,4
ICBHI_146_2b4_LL_001,ICBHI_146_2b4_LL,ICBHI_146,1,ICBHI,AKGC417L,0.1055788435915904,4
ICBHI_146_2b4_LL_002,ICBHI_146_2b4_LL,ICBHI_146,1,ICBHI,AKGC417L,0.1312845595662053,4
ICBHI_146_2b4_LL_003,ICBHI_146_2b4_LL,ICBHI_146,1,ICBHI,AKGC417L,0.0765456285835804,4
ICBHI_146_2b4_LL_004,ICBHI_146_2b4_LL,ICBHI_146,1,ICBHI,AKGC417L,0.0505176697224809,4
ICBHI_146_2b4_LL_005,ICBHI_146_2b4_LL,ICBHI_146,1,ICBHI,AKGC417L,0.0776574371439222,4
ICBHI_146_2b4_LL_006,ICBHI_146_2b4_LL,ICBHI_146,1,ICBHI,AKGC417L,0.1012334807069979,4
ICBHI_146_2b4_LR_000,ICBHI_146_2b4_LR,ICBHI_146,1,ICBHI,AKGC417L,0.2093080161426896,4
ICBHI_146_2b4_LR_001,ICBHI_146_2b4_LR,ICBHI_146,1,ICBHI,AKGC417L,0.2163424809496068,4
ICBHI_146_2b4_LR_002,ICBHI_146_2b4_LR,ICBHI_146,1,ICBHI,AKGC417L,0.1707844179018344,4
ICBHI_146_2b4_LR_003,ICBHI_146_2b4_LR,ICBHI_146,1,ICBHI,AKGC417L,0.1512783992888788,4
ICBHI_146_2b4_LR_004,ICBHI_146_2b4_LR,ICBHI_146,1,ICBHI,AKGC417L,0.1501533983300969,4
ICBHI_146_2b4_LR_005,ICBHI_146_2b4_LR,ICBHI_146,1,ICBHI,AKGC417L,0.1460872470482956,4
ICBHI_146_2b4_LR_006,ICBHI_146_2b4_LR,ICBHI_146,1,ICBHI,AKGC417L,0.1863910722300195,4
ICBHI_146_2b4_PR_000,ICBHI_146_2b4_PR,ICBHI_146,1,ICBHI,AKGC417L,0.916708077443256,4
ICBHI_146_2b4_PR_001,ICBHI_146_2b4_PR,ICBHI_146,1,ICBHI,AKGC417L,0.90796713988899,4
ICBHI_146_2b4_PR_002,ICBHI_146_2b4_PR,ICBHI_146,1,ICBHI,AKGC417L,0.8796645955620203,4
ICBHI_146_2b4_PR_003,ICBHI_146_2b4_PR,ICBHI_146,1,ICBHI,AKGC417L,0.8699357302881339,4
ICBHI_146_2b4_PR_004,ICBHI_146_2b4_PR,ICBHI_146,1,ICBHI,AKGC417L,0.8879840490799963,4
ICBHI_146_2b4_PR_005,ICBHI_146_2b4_PR,ICBHI_146,1,ICBHI,AKGC417L,0.8812065994915543,4
ICBHI_146_2b4_PR_006,ICBHI_146_2b4_PR,ICBHI_146,1,ICBHI,AKGC417L,0.8889517457525925,4
ICBHI_146_8p3_AL_000,ICBHI_146_8p3_AL,ICBHI_146,1,ICBHI,AKGC417L,0.854156228644121,4
ICBHI_146_8p3_AL_001,ICBHI_146_8p3_AL,ICBHI_146,1,ICBHI,AKGC417L,0.863851684976284,4
ICBHI_146_8p3_AL_002,ICBHI_146_8p3_AL,ICBHI_146,1,ICBHI,AKGC417L,0.8848377712685633,4
ICBHI_146_8p3_AL_003,ICBHI_146_8p3_AL,ICBHI_146,1,ICBHI,AKGC417L,0.8830344094536157,4
ICBHI_146_8p3_AL_004,ICBHI_146_8p3_AL,ICBHI_146,1,ICBHI,AKGC417L,0.870156561979502,4
ICBHI_146_8p3_AL_005,ICBHI_146_8p3_AL,ICBHI_146,1,ICBHI,AKGC417L,0.8848377712685633,4
ICBHI_146_8p3_AL_006,ICBHI_146_8p3_AL,ICBHI_146,1,ICBHI,AKGC417L,0.8617710334748616,4
ICBHI_146_8p3_AR_000,ICBHI_146_8p3_AR,ICBHI_146,1,ICBHI,AKGC417L,0.4781176246002196,4
ICBHI_146_8p3_AR_001,ICBHI_146_8p3_AR,ICBHI_146,1,ICBHI,AKGC417L,0.4991564758674003,4
ICBHI_146_8p3_AR_002,ICBHI_146_8p3_AR,ICBHI_146,1,ICBHI,AKGC417L,0.4856530483064984,4
ICBHI_146_8p3_AR_003,ICBHI_146_8p3_AR,ICBHI_146,1,ICBHI,AKGC417L,0.4436305502116631,4
ICBHI_146_8p3_AR_004,ICBHI_146_8p3_AR,ICBHI_146,1,ICBHI,AKGC417L,0.4401684314509133,4
ICBHI_146_8p3_AR_005,ICBHI_146_8p3_AR,ICBHI_146,1,ICBHI,AKGC417L,0.4295490119404391,4
ICBHI_146_8p3_AR_006,ICBHI_146_8p3_AR,ICBHI_146,1,ICBHI,AKGC417L,0.4019812176333194,4
ICBHI_146_8p3_LR_000,ICBHI_146_8p3_LR,ICBHI_146,1,ICBHI,AKGC417L,0.6751223562960453,4
ICBHI_146_8p3_LR_001,ICBHI_146_8p3_LR,ICBHI_146,1,ICBHI,AKGC417L,0.6352224414795979,4
ICBHI_146_8p3_LR_002,ICBHI_146_8p3_LR,ICBHI_146,1,ICBHI,AKGC417L,0.6262384732594434,4
ICBHI_146_8p3_LR_003,ICBHI_146_8p3_LR,ICBHI_146,1,ICBHI,AKGC417L,0.6736212241584463,4
ICBHI_146_8p3_LR_004,ICBHI_146_8p3_LR,ICBHI_146,1,ICBHI,AKGC417L,0.6661711023500395,4
ICBHI_146_8p3_LR_005,ICBHI_146_8p3_LR,ICBHI_146,1,ICBHI,AKGC417L,0.6620321352670996,4
ICBHI_146_8p3_LR_006,ICBHI_146_8p3_LR,ICBHI_146,1,ICBHI,AKGC417L,0.6661711023500395,4
ICBHI_146_8p3_PL_000,ICBHI_146_8p3_PL,ICBHI_146,1,ICBHI,AKGC417L,0.1052105367030863,4
ICBHI_146_8p3_PL_001,ICBHI_146_8p3_PL,ICBHI_146,1,ICBHI,AKGC417L,0.06903792817479,4
ICBHI_146_8p3_PL_002,ICBHI_146_8p3_PL,ICBHI_146,1,ICBHI,AKGC417L,0.0600866501740076,4
ICBHI_146_8p3_PL_003,ICBHI_146_8p3_PL,ICBHI_146,1,ICBHI,AKGC417L,0.0838903864105799,4
ICBHI_146_8p3_PL_004,ICBHI_146_8p3_PL,ICBHI_146,1,ICBHI,AKGC417L,0.1263533396406133,4
ICBHI_146_8p3_PL_005,ICBHI_146_8p3_PL,ICBHI_146,1,ICBHI,AKGC417L,0.0973903982519477,4
ICBHI_146_8p3_PL_006,ICBHI_146_8p3_PL,ICBHI_146,1,ICBHI,AKGC417L,0.0874079174912833,4
ICBHI_146_8p3_PR_000,ICBHI_146_8p3_PR,ICBHI_146,1,ICBHI,AKGC417L,0.5158943011435618,4
ICBHI_146_8p3_PR_001,ICBHI_146_8p3_PR,ICBHI_146,1,ICBHI,AKGC417L,0.5616656588612597,4
ICBHI_146_8p3_PR_002,ICBHI_146_8p3_PR,ICBHI_146,1,ICBHI,AKGC417L,0.4968491017697485,4
ICBHI_146_8p3_PR_003,ICBHI_146_8p3_PR,ICBHI_146,1,ICBHI,AKGC417L,0.43272250096023,4
ICBHI_146_8p3_PR_004,ICBHI_146_8p3_PR,ICBHI_146,1,ICBHI,AKGC417L,0.4393864852864024,4
ICBHI_146_8p3_PR_005,ICBHI_146_8p3_PR,ICBHI_146,1,ICBHI,AKGC417L,0.4981746754673085,4
ICBHI_146_8p3_PR_006,ICBHI_146_8p3_PR,ICBHI_146,1,ICBHI,AKGC417L,0.5229787967427485,4
ICBHI_155_2b1_AL_000,ICBHI_155_2b1_AL,ICBHI_155,1,ICBHI,LittC2SE,0.9259027388218736,4
ICBHI_155_2b1_AL_001,ICBHI_155_2b1_AL,ICBHI_155,1,ICBHI,LittC2SE,0.9183338856080048,4
ICBHI_155_2b1_AL_002,ICBHI_155_2b1_AL,ICBHI_155,1,ICBHI,LittC2SE,0.9158089190054228,4
ICBHI_155_2b1_AL_003,ICBHI_155_2b1_AL,ICBHI_155,1,ICBHI,LittC2SE,0.9238675232288402,4
ICBHI_155_2b1_AL_004,ICBHI_155_2b1_AL,ICBHI_155,1,ICBHI,LittC2SE,0.909264512360149,4
ICBHI_155_2b1_AL_005,ICBHI_155_2b1_AL,ICBHI_155,1,ICBHI,LittC2SE,0.9074763422184106,4
ICBHI_155_2b1_AL_006,ICBHI_155_2b1_AL,ICBHI_155,1,ICBHI,LittC2SE,0.896975571673783,4
ICBHI_170_1b2_AL_000,ICBHI_170_1b2_AL,ICBHI_170,1,ICBHI,AKGC417L,0.310589820917206,4
ICBHI_170_1b2_AL_001,ICBHI_170_1b2_AL,ICBHI_170,1,ICBHI,AKGC417L,0.1352320807935178,4
ICBHI_170_1b2_AL_002,ICBHI_170_1b2_AL,ICBHI_170,1,ICBHI,AKGC417L,0.0938439593920178,4
ICBHI_170_1b2_AL_003,ICBHI_170_1b2_AL,ICBHI_170,1,ICBHI,AKGC417L,0.1524103175158668,4
ICBHI_170_1b2_AL_004,ICBHI_170_1b2_AL,ICBHI_170,1,ICBHI,AKGC417L,0.2967561449244315,4
ICBHI_170_1b2_AL_005,ICBHI_170_1b2_AL,ICBHI_170,1,ICBHI,AKGC417L,0.2577650765260407,4
ICBHI_170_1b2_AL_006,ICBHI_170_1b2_AL,ICBHI_170,1,ICBHI,AKGC417L,0.1238946555405103,4
ICBHI_170_1b2_AR_000,ICBHI_170_1b2_AR,ICBHI_170,1,ICBHI,AKGC417L,0.5717666019337796,4
ICBHI_170_1b2_AR_001,ICBHI_170_1b2_AR,ICBHI_170,1,ICBHI,AKGC417L,0.6746938267341619,4
ICBHI_170_1b2_AR_002,ICBHI_170_1b2_AR,ICBHI_170,1,ICBHI,AKGC417L,0.7173090125659245,4
ICBHI_170_1b2_AR_003,ICBHI_170_1b2_AR,ICBHI_170,1,ICBHI,AKGC417L,0.7278787451770531,4
ICBHI_170_1b2_AR_004,ICBHI_170_1b2_AR,ICBHI_170,1,ICBHI,AKGC417L,0.6136418077099374,4
ICBHI_170_1b2_AR_005,ICBHI_170_1b2_AR,ICBHI_170,1,ICBHI,AKGC417L,0.6454552005947138,4
ICBHI_170_1b2_AR_006,ICBHI_170_1b2_AR,ICBHI_170,1,ICBHI,AKGC417L,0.688363687019853,4
ICBHI_170_1b2_LR_000,ICBHI_170_1b2_LR,ICBHI_170,1,ICBHI,AKGC417L,0.159086721936221,4
ICBHI_170_1b2_LR_001,ICBHI_170_1b2_LR,ICBHI_170,1,ICBHI,AKGC417L,0.0967057932961215,4
ICBHI_170_1b2_LR_002,ICBHI_170_1b2_LR,ICBHI_170,1,ICBHI,AKGC417L,0.1260302906518717,4
ICBHI_170_1b2_LR_003,ICBHI_170_1b2_LR,ICBHI_170,1,ICBHI,AKGC417L,0.1139734641137174,4
ICBHI_170_1b2_LR_004,ICBHI_170_1b2_LR,ICBHI_170,1,ICBHI,AKGC417L,0.164114170702105,4
ICBHI_170_1b2_LR_005,ICBHI_170_1b2_LR,ICBHI_170,1,ICBHI,AKGC417L,0.1511530579551223,4
ICBHI_170_1b2_LR_006,ICBHI_170_1b2_LR,ICBHI_170,1,ICBHI,AKGC417L,0.1379964712684035,4
ICBHI_170_1b2_PL_000,ICBHI_170_1b2_PL,ICBHI_170,1,ICBHI,AKGC417L,0.2033908961192982,4
ICBHI_170_1b2_PL_001,ICBHI_170_1b2_PL,ICBHI_170,1,ICBHI,AKGC417L,0.7216451341817308,4
ICBHI_170_1b2_PL_002,ICBHI_170_1b2_PL,ICBHI_170,1,ICBHI,AKGC417L,0.7645401938566934,4
ICBHI_170_1b2_PL_003,ICBHI_170_1b2_PL,ICBHI_170,1,ICBHI,AKGC417L,0.5125172204977212,4
ICBHI_170_1b2_PL_004,ICBHI_170_1b2_PL,ICBHI_170,1,ICBHI,AKGC417L,0.2314404733153036,4
ICBHI_170_1b2_PL_005,ICBHI_170_1b2_PL,ICBHI_170,1,ICBHI,AKGC417L,0.3958929856419114,4
ICBHI_170_1b2_PL_006,ICBHI_170_1b2_PL,ICBHI_170,1,ICBHI,AKGC417L,0.7437267975877605,4
ICBHI_170_1b2_PR_000,ICBHI_170_1b2_PR,ICBHI_170,1,ICBHI,AKGC417L,0.1575252654043627,4
ICBHI_170_1b2_PR_001,ICBHI_170_1b2_PR,ICBHI_170,1,ICBHI,AKGC417L,0.1676270449615093,4
ICBHI_170_1b2_PR_002,ICBHI_170_1b2_PR,ICBHI_170,1,ICBHI,AKGC417L,0.1517806188847223,4
ICBHI_170_1b2_PR_003,ICBHI_170_1b2_PR,ICBHI_170,1,ICBHI,AKGC417L,0.1110482542474074,4
ICBHI_170_1b2_PR_004,ICBHI_170_1b2_PR,ICBHI_170,1,ICBHI,AKGC417L,0.0899330122378645,4
ICBHI_170_1b2_PR_005,ICBHI_170_1b2_PR,ICBHI_170,1,ICBHI,AKGC417L,0.1126000997453391,4
ICBHI_170_1b2_PR_006,ICBHI_170_1b2_PR,ICBHI_170,1,ICBHI,AKGC417L,0.1495313793312345,4
ICBHI_170_1b2_TC_000,ICBHI_170_1b2_TC,ICBHI_170,1,ICBHI,AKGC417L,0.2496301234656827,4
ICBHI_170_1b2_TC_001,ICBHI_170_1b2_TC,ICBHI_170,1,ICBHI,AKGC417L,0.4767775837680018,4
ICBHI_170_1b2_TC_002,ICBHI_170_1b2_TC,ICBHI_170,1,ICBHI,AKGC417L,0.569553406443815,4
ICBHI_170_1b2_TC_003,ICBHI_170_1b2_TC,ICBHI_170,1,ICBHI,AKGC417L,0.4169153380216134,4
ICBHI_170_1b2_TC_004,ICBHI_170_1b2_TC,ICBHI_170,1,ICBHI,AKGC417L,0.2851728428777495,4
ICBHI_170_1b2_TC_005,ICBHI_170_1b2_TC,ICBHI_170,1,ICBHI,AKGC417L,0.3848543446469517,4
ICBHI_170_1b2_TC_006,ICBHI_170_1b2_TC,ICBHI_170,1,ICBHI,AKGC417L,0.3986990534615587,4
ICBHI_170_1b3_AL_000,ICBHI_170_1b3_AL,ICBHI_170,1,ICBHI,AKGC417L,0.2083399519473829,4
ICBHI_170_1b3_AL_001,ICBHI_170_1b3_AL,ICBHI_170,1,ICBHI,AKGC417L,0.236692625867326,4
ICBHI_170_1b3_AL_002,ICBHI_170_1b3_AL,ICBHI_170,1,ICBHI,AKGC417L,0.3664763639726007,4
ICBHI_170_1b3_AL_003,ICBHI_170_1b3_AL,ICBHI_170,1,ICBHI,AKGC417L,0.4098111579453789,4
ICBHI_170_1b3_AL_004,ICBHI_170_1b3_AL,ICBHI_170,1,ICBHI,AKGC417L,0.4015704598245367,4
ICBHI_170_1b3_AL_005,ICBHI_170_1b3_AL,ICBHI_170,1,ICBHI,AKGC417L,0.311636312980147,4
ICBHI_170_1b3_AL_006,ICBHI_170_1b3_AL,ICBHI_170,1,ICBHI,AKGC417L,0.2499961518012656,4
ICBHI_170_1b3_AR_000,ICBHI_170_1b3_AR,ICBHI_170,1,ICBHI,AKGC417L,0.6657366115417536,4
ICBHI_170_1b3_AR_001,ICBHI_170_1b3_AR,ICBHI_170,1,ICBHI,AKGC417L,0.7106283025898368,4
ICBHI_170_1b3_AR_002,ICBHI_170_1b3_AR,ICBHI_170,1,ICBHI,AKGC417L,0.7543725361962167,4
ICBHI_170_1b3_AR_003,ICBHI_170_1b3_AR,ICBHI_170,1,ICBHI,AKGC417L,0.7424217173984088,4
ICBHI_170_1b3_AR_004,ICBHI_170_1b3_AR,ICBHI_170,1,ICBHI,AKGC417L,0.6751223562960453,4
ICBHI_170_1b3_AR_005,ICBHI_170_1b3_AR,ICBHI_170,1,ICBHI,AKGC417L,0.7304821773361118,4
ICBHI_170_1b3_AR_006,ICBHI_170_1b3_AR,ICBHI_170,1,ICBHI,AKGC417L,0.7525585267159536,4
ICBHI_170_1b3_LL_000,ICBHI_170_1b3_LL,ICBHI_170,1,ICBHI,AKGC417L,0.0920328601110099,4
ICBHI_170_1b3_LL_001,ICBHI_170_1b3_LL,ICBHI_170,1,ICBHI,AKGC417L,0.0854036680021624,4
ICBHI_170_1b3_LL_002,ICBHI_170_1b3_LL,ICBHI_170,1,ICBHI,AKGC417L,0.1155608739414831,4
ICBHI_170_1b3_LL_003,ICBHI_170_1b3_LL,ICBHI_170,1,ICBHI,AKGC417L,0.133754298757333,4
ICBHI_170_1b3_LL_004,ICBHI_170_1b3_LL,ICBHI_170,1,ICBHI,AKGC417L,0.1510278019925509,4
ICBHI_170_1b3_LL_005,ICBHI_170_1b3_LL,ICBHI_170,1,ICBHI,AKGC417L,0.1479240672905206,4
ICBHI_170_1b3_LL_006,ICBHI_170_1b3_LL,ICBHI_170,1,ICBHI,AKGC417L,0.101767844507177,4
ICBHI_170_1b3_LR_000,ICBHI_170_1b3_LR,ICBHI_170,1,ICBHI,AKGC417L,0.153549172883016,4
ICBHI_170_1b3_LR_001,ICBHI_170_1b3_LR,ICBHI_170,1,ICBHI,AKGC417L,0.1621145618863116,4
ICBHI_170_1b3_LR_002,ICBHI_170_1b3_LR,ICBHI_170,1,ICBHI,AKGC417L,0.1647850974181823,4
ICBHI_170_1b3_LR_003,ICBHI_170_1b3_LR,ICBHI_170,1,ICBHI,AKGC417L,0.2242252748699176,4
ICBHI_170_1b3_LR_004,ICBHI_170_1b3_LR,ICBHI_170,1,ICBHI,AKGC417L,0.2151857743957889,4
ICBHI_170_1b3_LR_005,ICBHI_170_1b3_LR,ICBHI_170,1,ICBHI,AKGC417L,0.1939094650191358,4
ICBHI_170_1b3_LR_006,ICBHI_170_1b3_LR,ICBHI_170,1,ICBHI,AKGC417L,0.1803952588642227,4
ICBHI_170_1b3_PL_000,ICBHI_170_1b3_PL,ICBHI_170,1,ICBHI,AKGC417L,0.5940214814103535,4
ICBHI_170_1b3_PL_001,ICBHI_170_1b3_PL,ICBHI_170,1,ICBHI,AKGC417L,0.598781508347227,4
ICBHI_170_1b3_PL_002,ICBHI_170_1b3_PL,ICBHI_170,1,ICBHI,AKGC417L,0.4422751369139758,4
ICBHI_170_1b3_PL_003,ICBHI_170_1b3_PL,ICBHI_170,1,ICBHI,AKGC417L,0.3638729012279498,4
ICBHI_170_1b3_PL_004,ICBHI_170_1b3_PL,ICBHI_170,1,ICBHI,AKGC417L,0.3390612353550873,4
ICBHI_170_1b3_PL_005,ICBHI_170_1b3_PL,ICBHI_170,1,ICBHI,AKGC417L,0.3739901328813332,4
ICBHI_170_1b3_PL_006,ICBHI_170_1b3_PL,ICBHI_170,1,ICBHI,AKGC417L,0.4175683315548391,4
ICBHI_170_1b3_PR_000,ICBHI_170_1b3_PR,ICBHI_170,1,ICBHI,AKGC417L,0.1167640135982231,4
ICBHI_170_1b3_PR_001,ICBHI_170_1b3_PR,ICBHI_170,1,ICBHI,AKGC417L,0.1059482871363797,4
ICBHI_170_1b3_PR_002,ICBHI_170_1b3_PR,ICBHI_170,1,ICBHI,AKGC417L,0.1024842192524987,4
ICBHI_170_1b3_PR_003,ICBHI_170_1b3_PR,ICBHI_170,1,ICBHI,AKGC417L,0.1055788435915904,4
ICBHI_170_1b3_PR_004,ICBHI_170_1b3_PR,ICBHI_170,1,ICBHI,AKGC417L,0.0703038499819461,4
ICBHI_170_1b3_PR_005,ICBHI_170_1b3_PR,ICBHI_170,1,ICBHI,AKGC417L,0.1102793715860912,4
ICBHI_170_1b3_PR_006,ICBHI_170_1b3_PR,ICBHI_170,1,ICBHI,AKGC417L,0.159348181368402,4
ICBHI_170_1b3_TC_000,ICBHI_170_1b3_TC,ICBHI_170,1,ICBHI,AKGC417L,0.2775708837343748,4
ICBHI_170_1b3_TC_001,ICBHI_170_1b3_TC,ICBHI_170,1,ICBHI,AKGC417L,0.4778282702766993,4
ICBHI_170_1b3_TC_002,ICBHI_170_1b3_TC,ICBHI_170,1,ICBHI,AKGC417L,0.5213797778359722,4
ICBHI_170_1b3_TC_003,ICBHI_170_1b3_TC,ICBHI_170,1,ICBHI,AKGC417L,0.526738383696593,4
ICBHI_170_1b3_TC_004,ICBHI_170_1b3_TC,ICBHI_170,1,ICBHI,AKGC417L,0.4511451417791926,4
ICBHI_170_1b3_TC_005,ICBHI_170_1b3_TC,ICBHI_170,1,ICBHI,AKGC417L,0.3760501096764381,4
ICBHI_170_1b3_TC_006,ICBHI_170_1b3_TC,ICBHI_170,1,ICBHI,AKGC417L,0.3728476666386633,4
ICBHI_170_1b4_AL_000,ICBHI_170_1b4_AL,ICBHI_170,1,ICBHI,AKGC417L,0.4853786205936246,4
ICBHI_170_1b4_AL_001,ICBHI_170_1b4_AL,ICBHI_170,1,ICBHI,AKGC417L,0.4097521099360781,4
ICBHI_170_1b4_AL_002,ICBHI_170_1b4_AL,ICBHI_170,1,ICBHI,AKGC417L,0.3331776902459407,4
ICBHI_170_1b4_AL_003,ICBHI_170_1b4_AL,ICBHI_170,1,ICBHI,AKGC417L,0.3219927598427878,4
ICBHI_170_1b4_AL_004,ICBHI_170_1b4_AL,ICBHI_170,1,ICBHI,AKGC417L,0.3056973288424214,4
ICBHI_170_1b4_AL_005,ICBHI_170_1b4_AL,ICBHI_170,1,ICBHI,AKGC417L,0.3530935289036874,4
ICBHI_170_1b4_AL_006,ICBHI_170_1b4_AL,ICBHI_170,1,ICBHI,AKGC417L,0.269037434120925,4
ICBHI_170_1b4_AR_000,ICBHI_170_1b4_AR,ICBHI_170,1,ICBHI,AKGC417L,0.6472409964439338,4
ICBHI_170_1b4_AR_001,ICBHI_170_1b4_AR,ICBHI_170,1,ICBHI,AKGC417L,0.709220568239843,4
ICBHI_170_1b4_AR_002,ICBHI_170_1b4_AR,ICBHI_170,1,ICBHI,AKGC417L,0.7622471326574958,4
ICBHI_170_1b4_AR_003,ICBHI_170_1b4_AR,ICBHI_170,1,ICBHI,AKGC417L,0.7604728132468686,4
ICBHI_170_1b4_AR_004,ICBHI_170_1b4_AR,ICBHI_170,1,ICBHI,AKGC417L,0.8276889202994314,4
ICBHI_170_1b4_AR_005,ICBHI_170_1b4_AR,ICBHI_170,1,ICBHI,AKGC417L,0.8097277575071378,4
ICBHI_170_1b4_AR_006,ICBHI_170_1b4_AR,ICBHI_170,1,ICBHI,AKGC417L,0.8509647055213694,4
ICBHI_170_1b4_LR_000,ICBHI_170_1b4_LR,ICBHI_170,1,ICBHI,AKGC417L,0.2596378731521501,4
ICBHI_170_1b4_LR_001,ICBHI_170_1b4_LR,ICBHI_170,1,ICBHI,AKGC417L,0.1739888310319359,4
ICBHI_170_1b4_LR_002,ICBHI_170_1b4_LR,ICBHI_170,1,ICBHI,AKGC417L,0.1057634231295005,4
ICBHI_170_1b4_LR_003,ICBHI_170_1b4_LR,ICBHI_170,1,ICBHI,AKGC417L,0.1822799181427054,4
ICBHI_170_1b4_LR_004,ICBHI_170_1b4_LR,ICBHI_170,1,ICBHI,AKGC417L,0.2321360293794299,4
ICBHI_170_1b4_LR_005,ICBHI_170_1b4_LR,ICBHI_170,1,ICBHI,AKGC417L,0.1482937135529631,4
ICBHI_170_1b4_LR_006,ICBHI_170_1b4_LR,ICBHI_170,1,ICBHI,AKGC417L,0.1147647802656337,4
ICBHI_170_1b4_PL_000,ICBHI_170_1b4_PL,ICBHI_170,1,ICBHI,AKGC417L,0.1500288243424251,4
ICBHI_170_1b4_PL_001,ICBHI_170_1b4_PL,ICBHI_170,1,ICBHI,AKGC417L,0.230053735376872,4
ICBHI_170_1b4_PL_002,ICBHI_170_1b4_PL,ICBHI_170,1,ICBHI,AKGC417L,0.3847965480595856,4
ICBHI_170_1b4_PL_003,ICBHI_170_1b4_PL,ICBHI_170,1,ICBHI,AKGC417L,0.4118794651566409,4
ICBHI_170_1b4_PL_004,ICBHI_170_1b4_PL,ICBHI_170,1,ICBHI,AKGC417L,0.3421317933873798,4
ICBHI_170_1b4_PL_005,ICBHI_170_1b4_PL,ICBHI_170,1,ICBHI,AKGC417L,0.2481695898684911,4
ICBHI_170_1b4_PL_006,ICBHI_170_1b4_PL,ICBHI_170,1,ICBHI,AKGC417L,0.3444434400578218,4
ICBHI_170_1b4_PR_000,ICBHI_170_1b4_PR,ICBHI_170,1,ICBHI,AKGC417L,0.099996305770916,4
ICBHI_170_1b4_PR_001,ICBHI_170_1b4_PR,ICBHI_170,1,ICBHI,AKGC417L,0.1072503258927745,4
ICBHI_170_1b4_PR_002,ICBHI_170_1b4_PR,ICBHI_170,1,ICBHI,AKGC417L,0.0850990450070202,4
ICBHI_170_1b4_PR_003,ICBHI_170_1b4_PR,ICBHI_170,1,ICBHI,AKGC417L,0.1316190483557701,4
ICBHI_170_1b4_PR_004,ICBHI_170_1b4_PR,ICBHI_170,1,ICBHI,AKGC417L,0.1388116436636014,4
ICBHI_170_1b4_PR_005,ICBHI_170_1b4_PR,ICBHI_170,1,ICBHI,AKGC417L,0.0857092792807806,4
ICBHI_170_1b4_PR_006,ICBHI_170_1b4_PR,ICBHI_170,1,ICBHI,AKGC417L,0.0885046620699342,4
ICBHI_170_1b4_TC_000,ICBHI_170_1b4_TC,ICBHI_170,1,ICBHI,AKGC417L,0.4463740424127673,4
ICBHI_170_1b4_TC_001,ICBHI_170_1b4_TC,ICBHI_170,1,ICBHI,AKGC417L,0.3600388999051472,4
ICBHI_170_1b4_TC_002,ICBHI_170_1b4_TC,ICBHI_170,1,ICBHI,AKGC417L,0.3886180267058489,4
ICBHI_170_1b4_TC_003,ICBHI_170_1b4_TC,ICBHI_170,1,ICBHI,AKGC417L,0.5300388547167608,4
ICBHI_170_1b4_TC_004,ICBHI_170_1b4_TC,ICBHI_170,1,ICBHI,AKGC417L,0.495479706897439,4
ICBHI_170_1b4_TC_005,ICBHI_170_1b4_TC,ICBHI_170,1,ICBHI,AKGC417L,0.5245316787961203,4
ICBHI_170_1b4_TC_006,ICBHI_170_1b4_TC,ICBHI_170,1,ICBHI,AKGC417L,0.4016291310646271,4
ICBHI_170_2b2_AL_000,ICBHI_170_2b2_AL,ICBHI_170,1,ICBHI,AKGC417L,0.4460422344676648,4
ICBHI_170_2b2_AL_001,ICBHI_170_2b2_AL,ICBHI_170,1,ICBHI,AKGC417L,0.3873426528060958,4
ICBHI_170_2b2_AL_002,ICBHI_170_2b2_AL,ICBHI_170,1,ICBHI,AKGC417L,0.4200642208030825,4
ICBHI_170_2b2_AL_003,ICBHI_170_2b2_AL,ICBHI_170,1,ICBHI,AKGC417L,0.4484866550866793,4
ICBHI_170_2b2_AL_004,ICBHI_170_2b2_AL,ICBHI_170,1,ICBHI,AKGC417L,0.3424615731493293,4
ICBHI_170_2b2_AL_005,ICBHI_170_2b2_AL,ICBHI_170,1,ICBHI,AKGC417L,0.4539274514230754,4
ICBHI_170_2b2_AL_006,ICBHI_170_2b2_AL,ICBHI_170,1,ICBHI,AKGC417L,0.6024709617654932,4
ICBHI_170_2b2_AR_000,ICBHI_170_2b2_AR,ICBHI_170,1,ICBHI,AKGC417L,0.4488188081546586,4
ICBHI_170_2b2_AR_001,ICBHI_170_2b2_AR,ICBHI_170,1,ICBHI,AKGC417L,0.4382441830146781,4
ICBHI_170_2b2_AR_002,ICBHI_170_2b2_AR,ICBHI_170,1,ICBHI,AKGC417L,0.3981724025718913,4
ICBHI_170_2b2_AR_003,ICBHI_170_2b2_AR,ICBHI_170,1,ICBHI,AKGC417L,0.3110081860706927,4
ICBHI_170_2b2_AR_004,ICBHI_170_2b2_AR,ICBHI_170,1,ICBHI,AKGC417L,0.3472050236745848,4
ICBHI_170_2b2_AR_005,ICBHI_170_2b2_AR,ICBHI_170,1,ICBHI,AKGC417L,0.4845935016788623,4
ICBHI_170_2b2_AR_006,ICBHI_170_2b2_AR,ICBHI_170,1,ICBHI,AKGC417L,0.5770783273214597,4
ICBHI_170_2b2_LR_000,ICBHI_170_2b2_LR,ICBHI_170,1,ICBHI,AKGC417L,0.4084537148396506,4
ICBHI_170_2b2_LR_001,ICBHI_170_2b2_LR,ICBHI_170,1,ICBHI,AKGC417L,0.3665897363221599,4
ICBHI_170_2b2_LR_002,ICBHI_170_2b2_LR,ICBHI_170,1,ICBHI,AKGC417L,0.3845076139176684,4
ICBHI_170_2b2_LR_003,ICBHI_170_2b2_LR,ICBHI_170,1,ICBHI,AKGC417L,0.3736472447989348,4
ICBHI_170_2b2_LR_004,ICBHI_170_2b2_LR,ICBHI_170,1,ICBHI,AKGC417L,0.4473999314689957,4
ICBHI_170_2b2_LR_005,ICBHI_170_2b2_LR,ICBHI_170,1,ICBHI,AKGC417L,0.4930920228352273,4
ICBHI_170_2b2_LR_006,ICBHI_170_2b2_LR,ICBHI_170,1,ICBHI,AKGC417L,0.4677572068976017,4
ICBHI_170_2b2_PL_000,ICBHI_170_2b2_PL,ICBHI_170,1,ICBHI,AKGC417L,0.5976078869206849,4
ICBHI_170_2b2_PL_001,ICBHI_170_2b2_PL,ICBHI_170,1,ICBHI,AKGC417L,0.4191723554207304,4
ICBHI_170_2b2_PL_002,ICBHI_170_2b2_PL,ICBHI_170,1,ICBHI,AKGC417L,0.3547683104182449,4
ICBHI_170_2b2_PL_003,ICBHI_170_2b2_PL,ICBHI_170,1,ICBHI,AKGC417L,0.6492451095313699,4
ICBHI_170_2b2_PL_004,ICBHI_170_2b2_PL,ICBHI_170,1,ICBHI,AKGC417L,0.5996609824784523,4
ICBHI_170_2b2_PL_005,ICBHI_170_2b2_PL,ICBHI_170,1,ICBHI,AKGC417L,0.2547869988737303,4
ICBHI_170_2b2_PL_006,ICBHI_170_2b2_PL,ICBHI_170,1,ICBHI,AKGC417L,0.192843184559816,4
ICBHI_170_2b2_PR_000,ICBHI_170_2b2_PR,ICBHI_170,1,ICBHI,AKGC417L,0.1541848750571675,4
ICBHI_170_2b2_PR_001,ICBHI_170_2b2_PR,ICBHI_170,1,ICBHI,AKGC417L,0.1151622287314366,4
ICBHI_170_2b2_PR_002,ICBHI_170_2b2_PR,ICBHI_170,1,ICBHI,AKGC417L,0.0931817104613704,4
ICBHI_170_2b2_PR_003,ICBHI_170_2b2_PR,ICBHI_170,1,ICBHI,AKGC417L,0.1053945482177876,4
ICBHI_170_2b2_PR_004,ICBHI_170_2b2_PR,ICBHI_170,1,ICBHI,AKGC417L,0.1580443617503406,4
ICBHI_170_2b2_PR_005,ICBHI_170_2b2_PR,ICBHI_170,1,ICBHI,AKGC417L,0.1474323904546801,4
ICBHI_170_2b2_PR_006,ICBHI_170_2b2_PR,ICBHI_170,1,ICBHI,AKGC417L,0.1001722186259225,4
ICBHI_170_2b2_TC_000,ICBHI_170_2b2_TC,ICBHI_170,1,ICBHI,AKGC417L,0.4732616163034069,4
ICBHI_170_2b2_TC_001,ICBHI_170_2b2_TC,ICBHI_170,1,ICBHI,AKGC417L,0.4628675642105006,4
ICBHI_170_2b2_TC_002,ICBHI_170_2b2_TC,ICBHI_170,1,ICBHI,AKGC417L,0.4777825841071261,4
ICBHI_170_2b2_TC_003,ICBHI_170_2b2_TC,ICBHI_170,1,ICBHI,AKGC417L,0.4896407648596351,4
ICBHI_170_2b2_TC_004,ICBHI_170_2b2_TC,ICBHI_170,1,ICBHI,AKGC417L,0.5340354188471558,4
ICBHI_170_2b2_TC_005,ICBHI_170_2b2_TC,ICBHI_170,1,ICBHI,AKGC417L,0.5763035373315455,4
ICBHI_170_2b2_TC_006,ICBHI_170_2b2_TC,ICBHI_170,1,ICBHI,AKGC417L,0.5318476942060644,4
ICBHI_184_1b1_AR_000,ICBHI_184_1b1_AR,ICBHI_184,1,ICBHI,Meditron,0.7626009092335494,4
ICBHI_184_1b1_AR_001,ICBHI_184_1b1_AR,ICBHI_184,1,ICBHI,Meditron,0.6707161287687373,4
ICBHI_184_1b1_AR_002,ICBHI_184_1b1_AR,ICBHI_184,1,ICBHI,Meditron,0.6622506022306672,4
ICBHI_184_1b1_AR_003,ICBHI_184_1b1_AR,ICBHI_184,1,ICBHI,Meditron,0.7992856980057662,4
ICBHI_184_1b1_AR_004,ICBHI_184_1b1_AR,ICBHI_184,1,ICBHI,Meditron,0.8257302934982732,4
ICBHI_184_1b1_AR_005,ICBHI_184_1b1_AR,ICBHI_184,1,ICBHI,Meditron,0.7675156461281256,4
ICBHI_184_1b1_AR_006,ICBHI_184_1b1_AR,ICBHI_184,1,ICBHI,Meditron,0.7794897418544618,4
ICBHI_186_2b2_AL_000,ICBHI_186_2b2_AL,ICBHI_186,1,ICBHI,AKGC417L,0.3463201869223725,4
ICBHI_186_2b2_AL_001,ICBHI_186_2b2_AL,ICBHI_186,1,ICBHI,AKGC417L,0.2954331515218418,4
ICBHI_186_2b2_AL_002,ICBHI_186_2b2_AL,ICBHI_186,1,ICBHI,AKGC417L,0.2805178149976347,4
ICBHI_186_2b2_AL_003,ICBHI_186_2b2_AL,ICBHI_186,1,ICBHI,AKGC417L,0.3278834754782934,4
ICBHI_186_2b2_AL_004,ICBHI_186_2b2_AL,ICBHI_186,1,ICBHI,AKGC417L,0.3906501710816323,4
ICBHI_186_2b2_AL_005,ICBHI_186_2b2_AL,ICBHI_186,1,ICBHI,AKGC417L,0.3166861676932197,4
ICBHI_186_2b2_AL_006,ICBHI_186_2b2_AL,ICBHI_186,1,ICBHI,AKGC417L,0.3988746559246018,4
ICBHI_186_2b2_AR_000,ICBHI_186_2b2_AR,ICBHI_186,1,ICBHI,AKGC417L,0.9196425311777928,4
ICBHI_186_2b2_AR_001,ICBHI_186_2b2_AR,ICBHI_186,1,ICBHI,AKGC417L,0.9130583432721084,4
ICBHI_186_2b2_AR_002,ICBHI_186_2b2_AR,ICBHI_186,1,ICBHI,AKGC417L,0.8854334959262264,4
ICBHI_186_2b2_AR_003,ICBHI_186_2b2_AR,ICBHI_186,1,ICBHI,AKGC417L,0.8278281530486042,4
ICBHI_186_2b2_AR_004,ICBHI_186_2b2_AR,ICBHI_186,1,ICBHI,AKGC417L,0.734119526900183,4
ICBHI_186_2b2_AR_005,ICBHI_186_2b2_AR,ICBHI_186,1,ICBHI,AKGC417L,0.8013146462095748,4
ICBHI_186_2b2_AR_006,ICBHI_186_2b2_AR,ICBHI_186,1,ICBHI,AKGC417L,0.9081302185130296,4
ICBHI_186_2b2_LR_000,ICBHI_186_2b2_LR,ICBHI_186,1,ICBHI,AKGC417L,0.1837400418924321,4
ICBHI_186_2b2_LR_001,ICBHI_186_2b2_LR,ICBHI_186,1,ICBHI,AKGC417L,0.1758209177336658,4
ICBHI_186_2b2_LR_002,ICBHI_186_2b2_LR,ICBHI_186,1,ICBHI,AKGC417L,0.2278127373044989,4
ICBHI_186_2b2_LR_003,ICBHI_186_2b2_LR,ICBHI_186,1,ICBHI,AKGC417L,0.2867680847157487,4
ICBHI_186_2b2_LR_004,ICBHI_186_2b2_LR,ICBHI_186,1,ICBHI,AKGC417L,0.2553436598562066,4
ICBHI_186_2b2_LR_005,ICBHI_186_2b2_LR,ICBHI_186,1,ICBHI,AKGC417L,0.2938095639024741,4
ICBHI_186_2b2_LR_006,ICBHI_186_2b2_LR,ICBHI_186,1,ICBHI,AKGC417L,0.3036285513091451,4
ICBHI_186_2b2_PL_000,ICBHI_186_2b2_PL,ICBHI_186,1,ICBHI,AKGC417L,0.1003484064410559,4
ICBHI_186_2b2_PL_001,ICBHI_186_2b2_PL,ICBHI_186,1,ICBHI,AKGC417L,0.0700489608771767,4
ICBHI_186_2b2_PL_002,ICBHI_186_2b2_PL,ICBHI_186,1,ICBHI,AKGC417L,0.1030244283262171,4
ICBHI_186_2b2_PL_003,ICBHI_186_2b2_PL,ICBHI_186,1,ICBHI,AKGC417L,0.1300642697118661,4
ICBHI_186_2b2_PL_004,ICBHI_186_2b2_PL,ICBHI_186,1,ICBHI,AKGC417L,0.1345483232635927,4
ICBHI_186_2b2_PL_005,ICBHI_186_2b2_PL,ICBHI_186,1,ICBHI,AKGC417L,0.1395135742749575,4
ICBHI_186_2b2_PL_006,ICBHI_186_2b2_PL,ICBHI_186,1,ICBHI,AKGC417L,0.2045007214522849,4
ICBHI_186_2b2_PR_000,ICBHI_186_2b2_PR,ICBHI_186,1,ICBHI,AKGC417L,0.2572049600455828,4
ICBHI_186_2b2_PR_001,ICBHI_186_2b2_PR,ICBHI_186,1,ICBHI,AKGC417L,0.2213506879978279,4
ICBHI_186_2b2_PR_002,ICBHI_186_2b2_PR,ICBHI_186,1,ICBHI,AKGC417L,0.252568353832764,4
ICBHI_186_2b2_PR_003,ICBHI_186_2b2_PR,ICBHI_186,1,ICBHI,AKGC417L,0.2615194823739915,4
ICBHI_186_2b2_PR_004,ICBHI_186_2b2_PR,ICBHI_186,1,ICBHI,AKGC417L,0.2598256379609837,4
ICBHI_186_2b2_PR_005,ICBHI_186_2b2_PR,ICBHI_186,1,ICBHI,AKGC417L,0.2874676784106675,4
ICBHI_186_2b2_PR_006,ICBHI_186_2b2_PR,ICBHI_186,1,ICBHI,AKGC417L,0.368064917196833,4
ICBHI_186_2b2_TC_000,ICBHI_186_2b2_TC,ICBHI_186,1,ICBHI,AKGC417L,0.8053261685809909,4
ICBHI_186_2b2_TC_001,ICBHI_186_2b2_TC,ICBHI_186,1,ICBHI,AKGC417L,0.716020081560813,4
ICBHI_186_2b2_TC_002,ICBHI_186_2b2_TC,ICBHI_186,1,ICBHI,AKGC417L,0.8458151249428325,4
ICBHI_186_2b2_TC_003,ICBHI_186_2b2_TC,ICBHI_186,1,ICBHI,AKGC417L,0.9276259821794456,4
ICBHI_186_2b2_TC_004,ICBHI_186_2b2_TC,ICBHI_186,1,ICBHI,AKGC417L,0.8639664995920113,4
ICBHI_186_2b2_TC_005,ICBHI_186_2b2_TC,ICBHI_186,1,ICBHI,AKGC417L,0.8450494434404645,4
ICBHI_186_2b2_TC_006,ICBHI_186_2b2_TC,ICBHI_186,1,ICBHI,AKGC417L,0.935346511643776,4
ICBHI_186_2b3_AL_000,ICBHI_186_2b3_AL,ICBHI_186,1,ICBHI,AKGC417L,0.3096496313544574,4
ICBHI_186_2b3_AL_001,ICBHI_186_2b3_AL,ICBHI_186,1,ICBHI,AKGC417L,0.4018051616879325,4
ICBHI_186_2b3_AL_002,ICBHI_186_2b3_AL,ICBHI_186,1,ICBHI,AKGC417L,0.4501176600775964,4
ICBHI_186_2b3_AL_003,ICBHI_186_2b3_AL,ICBHI_186,1,ICBHI,AKGC417L,0.3090237111195067,4
ICBHI_186_2b3_AL_004,ICBHI_186_2b3_AL,ICBHI_186,1,ICBHI,AKGC417L,0.3514223475458728,4
ICBHI_186_2b3_AL_005,ICBHI_186_2b3_AL,ICBHI_186,1,ICBHI,AKGC417L,0.3523131942299007,4
ICBHI_186_2b3_AL_006,ICBHI_186_2b3_AL,ICBHI_186,1,ICBHI,AKGC417L,0.3440025543112786,4
ICBHI_186_2b3_AR_000,ICBHI_186_2b3_AR,ICBHI_186,1,ICBHI,AKGC417L,0.8980534791726937,4
ICBHI_186_2b3_AR_001,ICBHI_186_2b3_AR,ICBHI_186,1,ICBHI,AKGC417L,0.9024377762417778,4
ICBHI_186_2b3_AR_002,ICBHI_186_2b3_AR,ICBHI_186,1,ICBHI,AKGC417L,0.8748277189441549,4
ICBHI_186_2b3_AR_003,ICBHI_186_2b3_AR,ICBHI_186,1,ICBHI,AKGC417L,0.9122799870400568,4
ICBHI_186_2b3_AR_004,ICBHI_186_2b3_AR,ICBHI_186,1,ICBHI,AKGC417L,0.9183338856080048,4
ICBHI_186_2b3_AR_005,ICBHI_186_2b3_AR,ICBHI_186,1,ICBHI,AKGC417L,0.9099070060380482,4
ICBHI_186_2b3_AR_006,ICBHI_186_2b3_AR,ICBHI_186,1,ICBHI,AKGC417L,0.9472835978632692,4
ICBHI_186_2b3_LR_000,ICBHI_186_2b3_LR,ICBHI_186,1,ICBHI,AKGC417L,0.3397180837907719,4
ICBHI_186_2b3_LR_001,ICBHI_186_2b3_LR,ICBHI_186,1,ICBHI,AKGC417L,0.2902762057684191,4
ICBHI_186_2b3_LR_002,ICBHI_186_2b3_LR,ICBHI_186,1,ICBHI,AKGC417L,0.1919327864472368,4
ICBHI_186_2b3_LR_003,ICBHI_186_2b3_LR,ICBHI_186,1,ICBHI,AKGC417L,0.2252461498739951,4
ICBHI_186_2b3_LR_004,ICBHI_186_2b3_LR,ICBHI_186,1,ICBHI,AKGC417L,0.295941589780323,4
ICBHI_186_2b3_LR_005,ICBHI_186_2b3_LR,ICBHI_186,1,ICBHI,AKGC417L,0.2191703353550801,4
ICBHI_186_2b3_LR_006,ICBHI_186_2b3_LR,ICBHI_186,1,ICBHI,AKGC417L,0.2398831370871344,4
ICBHI_186_2b3_PL_000,ICBHI_186_2b3_PL,ICBHI_186,1,ICBHI,AKGC417L,0.0657246672964895,4
ICBHI_186_2b3_PL_001,ICBHI_186_2b3_PL,ICBHI_186,1,ICBHI,AKGC417L,0.090896754306645,4
ICBHI_186_2b3_PL_002,ICBHI_186_2b3_PL,ICBHI_186,1,ICBHI,AKGC417L,0.0913821030671713,4
ICBHI_186_2b3_PL_003,ICBHI_186_2b3_PL,ICBHI_186,1,ICBHI,AKGC417L,0.0840406115573681,4
ICBHI_186_2b3_PL_004,ICBHI_186_2b3_PL,ICBHI_186,1,ICBHI,AKGC417L,0.1445106654083788,4
ICBHI_186_2b3_PL_005,ICBHI_186_2b3_PL,ICBHI_186,1,ICBHI,AKGC417L,0.1564912321800536,4
ICBHI_186_2b3_PL_006,ICBHI_186_2b3_PL,ICBHI_186,1,ICBHI,AKGC417L,0.1475551828016634,4
ICBHI_186_2b3_PR_000,ICBHI_186_2b3_PR,ICBHI_186,1,ICBHI,AKGC417L,0.2952299183058398,4
ICBHI_186_2b3_PR_001,ICBHI_186_2b3_PR,ICBHI_186,1,ICBHI,AKGC417L,0.3000272779524099,4
ICBHI_186_2b3_PR_002,ICBHI_186_2b3_PR,ICBHI_186,1,ICBHI,AKGC417L,0.276495131386202,4
ICBHI_186_2b3_PR_003,ICBHI_186_2b3_PR,ICBHI_186,1,ICBHI,AKGC417L,0.2770815859935903,4
ICBHI_186_2b3_PR_004,ICBHI_186_2b3_PR,ICBHI_186,1,ICBHI,AKGC417L,0.338186400845429,4
ICBHI_186_2b3_PR_005,ICBHI_186_2b3_PR,ICBHI_186,1,ICBHI,AKGC417L,0.3152087550276135,4
ICBHI_186_2b3_PR_006,ICBHI_186_2b3_PR,ICBHI_186,1,ICBHI,AKGC417L,0.2715413554405955,4
ICBHI_186_2b3_TC_000,ICBHI_186_2b3_TC,ICBHI_186,1,ICBHI,AKGC417L,0.8174287801882275,4
ICBHI_186_2b3_TC_001,ICBHI_186_2b3_TC,ICBHI_186,1,ICBHI,AKGC417L,0.8365545588915281,4
ICBHI_186_2b3_TC_002,ICBHI_186_2b3_TC,ICBHI_186,1,ICBHI,AKGC417L,0.7871141519588875,4
ICBHI_186_2b3_TC_003,ICBHI_186_2b3_TC,ICBHI_186,1,ICBHI,AKGC417L,0.823895879756849,4
ICBHI_186_2b3_TC_004,ICBHI_186_2b3_TC,ICBHI_186,1,ICBHI,AKGC417L,0.7559974588359422,4
ICBHI_186_2b3_TC_005,ICBHI_186_2b3_TC,ICBHI_186,1,ICBHI,AKGC417L,0.7657685628330534,4
ICBHI_186_2b3_TC_006,ICBHI_186_2b3_TC,ICBHI_186,1,ICBHI,AKGC417L,0.8747207421177045,4
ICBHI_186_2b4_AL_000,ICBHI_186_2b4_AL,ICBHI_186,1,ICBHI,AKGC417L,0.3171089674493008,4
ICBHI_186_2b4_AL_001,ICBHI_186_2b4_AL,ICBHI_186,1,ICBHI,AKGC417L,0.3018763148840576,4
ICBHI_186_2b4_AL_002,ICBHI_186_2b4_AL,ICBHI_186,1,ICBHI,AKGC417L,0.2787473665340578,4
ICBHI_186_2b4_AL_003,ICBHI_186_2b4_AL,ICBHI_186,1,ICBHI,AKGC417L,0.3500880168157823,4
ICBHI_186_2b4_AL_004,ICBHI_186_2b4_AL,ICBHI_186,1,ICBHI,AKGC417L,0.3300391901441177,4
ICBHI_186_2b4_AL_005,ICBHI_186_2b4_AL,ICBHI_186,1,ICBHI,AKGC417L,0.2133771754166049,4
ICBHI_186_2b4_AL_006,ICBHI_186_2b4_AL,ICBHI_186,1,ICBHI,AKGC417L,0.2307463750809668,4
ICBHI_186_2b4_AR_000,ICBHI_186_2b4_AR,ICBHI_186,1,ICBHI,AKGC417L,0.9361683919753396,4
ICBHI_186_2b4_AR_001,ICBHI_186_2b4_AR,ICBHI_186,1,ICBHI,AKGC417L,0.9466953173537304,4
ICBHI_186_2b4_AR_002,ICBHI_186_2b4_AR,ICBHI_186,1,ICBHI,AKGC417L,0.948058438498774,4
ICBHI_186_2b4_AR_003,ICBHI_186_2b4_AR,ICBHI_186,1,ICBHI,AKGC417L,0.9596109312691484,4
ICBHI_186_2b4_AR_004,ICBHI_186_2b4_AR,ICBHI_186,1,ICBHI,AKGC417L,0.9533619599768124,4
ICBHI_186_2b4_AR_005,ICBHI_186_2b4_AR,ICBHI_186,1,ICBHI,AKGC417L,0.9337939759583312,4
ICBHI_186_2b4_AR_006,ICBHI_186_2b4_AR,ICBHI_186,1,ICBHI,AKGC417L,0.9505947548144924,4
ICBHI_186_2b4_LR_000,ICBHI_186_2b4_LR,ICBHI_186,1,ICBHI,AKGC417L,0.2487166183921197,4
ICBHI_186_2b4_LR_001,ICBHI_186_2b4_LR,ICBHI_186,1,ICBHI,AKGC417L,0.2450850131323717,4
ICBHI_186_2b4_LR_002,ICBHI_186_2b4_LR,ICBHI_186,1,ICBHI,AKGC417L,0.2520156955308248,4
ICBHI_186_2b4_LR_003,ICBHI_186_2b4_LR,ICBHI_186,1,ICBHI,AKGC417L,0.2523840452764101,4
ICBHI_186_2b4_LR_004,ICBHI_186_2b4_LR,ICBHI_186,1,ICBHI,AKGC417L,0.283979918439187,4
ICBHI_186_2b4_LR_005,ICBHI_186_2b4_LR,ICBHI_186,1,ICBHI,AKGC417L,0.2557152108660971,4
ICBHI_186_2b4_LR_006,ICBHI_186_2b4_LR,ICBHI_186,1,ICBHI,AKGC417L,0.2057745946996256,4
ICBHI_186_2b4_PL_000,ICBHI_186_2b4_PL,ICBHI_186,1,ICBHI,AKGC417L,0.181408180513521,4
ICBHI_186_2b4_PL_001,ICBHI_186_2b4_PL,ICBHI_186,1,ICBHI,AKGC417L,0.1236828097220643,4
ICBHI_186_2b4_PL_002,ICBHI_186_2b4_PL,ICBHI_186,1,ICBHI,AKGC417L,0.1242130083520534,4
ICBHI_186_2b4_PL_003,ICBHI_186_2b4_PL,ICBHI_186,1,ICBHI,AKGC417L,0.1475551828016634,4
ICBHI_186_2b4_PL_004,ICBHI_186_2b4_PL,ICBHI_186,1,ICBHI,AKGC417L,0.1439080635077748,4
ICBHI_186_2b4_PL_005,ICBHI_186_2b4_PL,ICBHI_186,1,ICBHI,AKGC417L,0.166539809467368,4
ICBHI_186_2b4_PL_006,ICBHI_186_2b4_PL,ICBHI_186,1,ICBHI,AKGC417L,0.1642481801851689,4
ICBHI_186_2b4_PR_000,ICBHI_186_2b4_PR,ICBHI_186,1,ICBHI,AKGC417L,0.2844766042727459,4
ICBHI_186_2b4_PR_001,ICBHI_186_2b4_PR,ICBHI_186,1,ICBHI,AKGC417L,0.2850733175321606,4
ICBHI_186_2b4_PR_002,ICBHI_186_2b4_PR,ICBHI_186,1,ICBHI,AKGC417L,0.3378586226030372,4
ICBHI_186_2b4_PR_003,ICBHI_186_2b4_PR,ICBHI_186,1,ICBHI,AKGC417L,0.3574553656272827,4
ICBHI_186_2b4_PR_004,ICBHI_186_2b4_PR,ICBHI_186,1,ICBHI,AKGC417L,0.2505458648053036,4
ICBHI_186_2b4_PR_005,ICBHI_186_2b4_PR,ICBHI_186,1,ICBHI,AKGC417L,0.2960433382782308,4
ICBHI_186_2b4_PR_006,ICBHI_186_2b4_PR,ICBHI_186,1,ICBHI,AKGC417L,0.3282063730934091,4
ICBHI_186_2b4_TC_000,ICBHI_186_2b4_TC,ICBHI_186,1,ICBHI,AKGC417L,0.8206132463927409,4
ICBHI_186_2b4_TC_001,ICBHI_186_2b4_TC,ICBHI_186,1,ICBHI,AKGC417L,0.8293538355884482,4
ICBHI_186_2b4_TC_002,ICBHI_186_2b4_TC,ICBHI_186,1,ICBHI,AKGC417L,0.7594038767986158,4
ICBHI_186_2b4_TC_003,ICBHI_186_2b4_TC,ICBHI_186,1,ICBHI,AKGC417L,0.821187554316805,4
ICBHI_186_2b4_TC_004,ICBHI_186_2b4_TC,ICBHI_186,1,ICBHI,AKGC417L,0.8594279560667432,4
ICBHI_186_2b4_TC_005,ICBHI_186_2b4_TC,ICBHI_186,1,ICBHI,AKGC417L,0.8533025895746407,4
ICBHI_186_2b4_TC_006,ICBHI_186_2b4_TC,ICBHI_186,1,ICBHI,AKGC417L,0.7714993677488416,4
ICBHI_186_3b3_AL_000,ICBHI_186_3b3_AL,ICBHI_186,1,ICBHI,AKGC417L,0.7781439548098582,4
ICBHI_186_3b3_AL_001,ICBHI_186_3b3_AL,ICBHI_186,1,ICBHI,AKGC417L,0.764364349140366,4
ICBHI_186_3b3_AL_002,ICBHI_186_3b3_AL,ICBHI_186,1,ICBHI,AKGC417L,0.798344041156527,4
ICBHI_186_3b3_AL_003,ICBHI_186_3b3_AL,ICBHI_186,1,ICBHI,AKGC417L,0.7723590081380087,4
ICBHI_186_3b3_AL_004,ICBHI_186_3b3_AL,ICBHI_186,1,ICBHI,AKGC417L,0.7905303186696747,4
ICBHI_186_3b3_AL_005,ICBHI_186_3b3_AL,ICBHI_186,1,ICBHI,AKGC417L,0.8574103025311034,4
ICBHI_186_3b3_AL_006,ICBHI_186_3b3_AL,ICBHI_186,1,ICBHI,AKGC417L,0.8264318119779059,4
ICBHI_186_3b3_AR_000,ICBHI_186_3b3_AR,ICBHI_186,1,ICBHI,AKGC417L,0.927494747575282,4
ICBHI_186_3b3_AR_001,ICBHI_186_3b3_AR,ICBHI_186,1,ICBHI,AKGC417L,0.9412234441519332,4
ICBHI_186_3b3_AR_002,ICBHI_186_3b3_AR,ICBHI_186,1,ICBHI,AKGC417L,0.9493885651109318,4
ICBHI_186_3b3_AR_003,ICBHI_186_3b3_AR,ICBHI_186,1,ICBHI,AKGC417L,0.940898453289248,4
ICBHI_186_3b3_AR_004,ICBHI_186_3b3_AR,ICBHI_186,1,ICBHI,AKGC417L,0.9505029467671968,4
ICBHI_186_3b3_AR_005,ICBHI_186_3b3_AR,ICBHI_186,1,ICBHI,AKGC417L,0.9556514186046016,4
ICBHI_186_3b3_AR_006,ICBHI_186_3b3_AR,ICBHI_186,1,ICBHI,AKGC417L,0.95275028649851,4
ICBHI_186_3b3_LR_000,ICBHI_186_3b3_LR,ICBHI_186,1,ICBHI,AKGC417L,0.1685830194729899,4
ICBHI_186_3b3_LR_001,ICBHI_186_3b3_LR,ICBHI_186,1,ICBHI,AKGC417L,0.1971351475153745,4
ICBHI_186_3b3_LR_002,ICBHI_186_3b3_LR,ICBHI_186,1,ICBHI,AKGC417L,0.174550939580354,4
ICBHI_186_3b3_LR_003,ICBHI_186_3b3_LR,ICBHI_186,1,ICBHI,AKGC417L,0.1515293381798285,4
ICBHI_186_3b3_LR_004,ICBHI_186_3b3_LR,ICBHI_186,1,ICBHI,AKGC417L,0.1654582240650308,4
ICBHI_186_3b3_LR_005,ICBHI_186_3b3_LR,ICBHI_186,1,ICBHI,AKGC417L,0.1822799181427054,4
ICBHI_186_3b3_LR_006,ICBHI_186_3b3_LR,ICBHI_186,1,ICBHI,AKGC417L,0.1778108694780495,4
ICBHI_186_3b3_PL_000,ICBHI_186_3b3_PL,ICBHI_186,1,ICBHI,AKGC417L,0.1454791888630786,4
ICBHI_186_3b3_PL_001,ICBHI_186_3b3_PL,ICBHI_186,1,ICBHI,AKGC417L,0.1061334359169432,4
ICBHI_186_3b3_PL_002,ICBHI_186_3b3_PL,ICBHI_186,1,ICBHI,AKGC417L,0.0855563499514192,4
ICBHI_186_3b3_PL_003,ICBHI_186_3b3_PL,ICBHI_186,1,ICBHI,AKGC417L,0.1097057738779707,4
ICBHI_186_3b3_PL_004,ICBHI_186_3b3_PL,ICBHI_186,1,ICBHI,AKGC417L,0.128415797333912,4
ICBHI_186_3b3_PL_005,ICBHI_186_3b3_PL,ICBHI_186,1,ICBHI,AKGC417L,0.102304707892653,4
ICBHI_186_3b3_PL_006,ICBHI_186_3b3_PL,ICBHI_186,1,ICBHI,AKGC417L,0.0825493022640281,4
ICBHI_186_3b3_PR_000,ICBHI_186_3b3_PR,ICBHI_186,1,ICBHI,AKGC417L,0.3079820670573864,4
ICBHI_186_3b3_PR_001,ICBHI_186_3b3_PR,ICBHI_186,1,ICBHI,AKGC417L,0.2670257208309401,4
ICBHI_186_3b3_PR_002,ICBHI_186_3b3_PR,ICBHI_186,1,ICBHI,AKGC417L,0.2658804730998169,4
ICBHI_186_3b3_PR_003,ICBHI_186_3b3_PR,ICBHI_186,1,ICBHI,AKGC417L,0.2509127868852724,4
ICBHI_186_3b3_PR_004,ICBHI_186_3b3_PR,ICBHI_186,1,ICBHI,AKGC417L,0.2718312082214311,4
ICBHI_186_3b3_PR_005,ICBHI_186_3b3_PR,ICBHI_186,1,ICBHI,AKGC417L,0.2607657829414243,4
ICBHI_186_3b3_PR_006,ICBHI_186_3b3_PR,ICBHI_186,1,ICBHI,AKGC417L,0.2600134908691712,4
ICBHI_186_3b3_TC_000,ICBHI_186_3b3_TC,ICBHI_186,1,ICBHI,AKGC417L,0.5702116780024943,4
ICBHI_186_3b3_TC_001,ICBHI_186_3b3_TC,ICBHI_186,1,ICBHI,AKGC417L,0.5714676871674993,4
ICBHI_186_3b3_TC_002,ICBHI_186_3b3_TC,ICBHI_186,1,ICBHI,AKGC417L,0.6556668065254758,4
ICBHI_186_3b3_TC_003,ICBHI_186_3b3_TC,ICBHI_186,1,ICBHI,AKGC417L,0.5780909418283288,4
ICBHI_186_3b3_TC_004,ICBHI_186_3b3_TC,ICBHI_186,1,ICBHI,AKGC417L,0.5193689648448834,4
ICBHI_186_3b3_TC_005,ICBHI_186_3b3_TC,ICBHI_186,1,ICBHI,AKGC417L,0.7567173056632309,4
ICBHI_186_3b3_TC_006,ICBHI_186_3b3_TC,ICBHI_186,1,ICBHI,AKGC417L,0.8223318533430608,4
ICBHI_189_1b2_LR_000,ICBHI_189_1b2_LR,ICBHI_189,0,ICBHI,LittC2SE,0.8720207761598445,4
ICBHI_189_1b2_LR_001,ICBHI_189_1b2_LR,ICBHI_189,0,ICBHI,LittC2SE,0.8866168991447488,4
ICBHI_189_1b2_LR_002,ICBHI_189_1b2_LR,ICBHI_189,0,ICBHI,LittC2SE,0.8989440865319087,4
ICBHI_189_1b2_LR_003,ICBHI_189_1b2_LR,ICBHI_189,0,ICBHI,LittC2SE,0.8767399486507546,4
ICBHI_189_1b2_LR_004,ICBHI_189_1b2_LR,ICBHI_189,0,ICBHI,LittC2SE,0.8697145792507666,4
ICBHI_189_1b2_LR_005,ICBHI_189_1b2_LR,ICBHI_189,0,ICBHI,LittC2SE,0.907312221360624,4
ICBHI_189_1b2_LR_006,ICBHI_189_1b2_LR,ICBHI_189,0,ICBHI,LittC2SE,0.9087799382901208,4
ICBHI_192_2b1_AL_000,ICBHI_192_2b1_AL,ICBHI_192,1,ICBHI,LittC2SE,0.7701191965741129,4
ICBHI_192_2b1_AL_001,ICBHI_192_2b1_AL,ICBHI_192,1,ICBHI,LittC2SE,0.8648820820120467,4
ICBHI_192_2b1_AL_002,ICBHI_192_2b1_AL,ICBHI_192,1,ICBHI,LittC2SE,0.875148179838435,4
ICBHI_192_2b1_AL_003,ICBHI_192_2b1_AL,ICBHI_192,1,ICBHI,LittC2SE,0.8338664465831974,4
ICBHI_192_2b1_AL_004,ICBHI_192_2b1_AL,ICBHI_192,1,ICBHI,LittC2SE,0.8274101873622409,4
ICBHI_192_2b1_AL_005,ICBHI_192_2b1_AL,ICBHI_192,1,ICBHI,LittC2SE,0.6968874077473479,4
ICBHI_192_2b1_AL_006,ICBHI_192_2b1_AL,ICBHI_192,1,ICBHI,LittC2SE,0.5877064971521543,4
ICBHI_192_2b1_AR_000,ICBHI_192_2b1_AR,ICBHI_192,1,ICBHI,LittC2SE,0.3446639834618105,4
ICBHI_192_2b1_AR_001,ICBHI_192_2b1_AR,ICBHI_192,1,ICBHI,LittC2SE,0.3782868195656582,4
ICBHI_192_2b1_AR_002,ICBHI_192_2b1_AR,ICBHI_192,1,ICBHI,LittC2SE,0.3064232620513188,4
ICBHI_192_2b1_AR_003,ICBHI_192_2b1_AR,ICBHI_192,1,ICBHI,LittC2SE,0.1672186688310116,4
ICBHI_192_2b1_AR_004,ICBHI_192_2b1_AR,ICBHI_192,1,ICBHI,LittC2SE,0.1649195466638232,4
ICBHI_192_2b1_AR_005,ICBHI_192_2b1_AR,ICBHI_192,1,ICBHI,LittC2SE,0.1564912321800536,4
ICBHI_192_2b1_AR_006,ICBHI_192_2b1_AR,ICBHI_192,1,ICBHI,LittC2SE,0.133754298757333,4
ICBHI_192_2b2_AL_000,ICBHI_192_2b2_AL,ICBHI_192,1,ICBHI,LittC2SE,0.8860265358862826,4
ICBHI_192_2b2_AL_001,ICBHI_192_2b2_AL,ICBHI_192,1,ICBHI,LittC2SE,0.8962513731336202,4
ICBHI_192_2b2_AL_002,ICBHI_192_2b2_AL,ICBHI_192,1,ICBHI,LittC2SE,0.8914335771643437,4
ICBHI_192_2b2_AL_003,ICBHI_192_2b2_AL,ICBHI_192,1,ICBHI,LittC2SE,0.9139841186828944,4
ICBHI_192_2b2_AL_004,ICBHI_192_2b2_AL,ICBHI_192,1,ICBHI,LittC2SE,0.9312127108687196,4
ICBHI_192_2b2_AL_005,ICBHI_192_2b2_AL,ICBHI_192,1,ICBHI,LittC2SE,0.9260366251748192,4
ICBHI_192_2b2_AL_006,ICBHI_192_2b2_AL,ICBHI_192,1,ICBHI,LittC2SE,0.9168570857654618,4
ICBHI_192_2b2_AR_000,ICBHI_192_2b2_AR,ICBHI_192,1,ICBHI,LittC2SE,0.205455576153549,4
ICBHI_192_2b2_AR_001,ICBHI_192_2b2_AR,ICBHI_192,1,ICBHI,LittC2SE,0.2449043761326728,4
ICBHI_192_2b2_AR_002,ICBHI_192_2b2_AR,ICBHI_192,1,ICBHI,LittC2SE,0.2190032574591532,4
ICBHI_192_2b2_AR_003,ICBHI_192_2b2_AR,ICBHI_192,1,ICBHI,LittC2SE,0.2395271867531315,4
ICBHI_192_2b2_AR_004,ICBHI_192_2b2_AR,ICBHI_192,1,ICBHI,LittC2SE,0.3936180831620176,4
ICBHI_192_2b2_AR_005,ICBHI_192_2b2_AR,ICBHI_192,1,ICBHI,LittC2SE,0.560192503916298,4
ICBHI_192_2b2_AR_006,ICBHI_192_2b2_AR,ICBHI_192,1,ICBHI,LittC2SE,0.431464405320423,4
ICBHI_192_2b3_AL_000,ICBHI_192_2b3_AL,ICBHI_192,1,ICBHI,LittC2SE,0.9132132627819568,4
ICBHI_192_2b3_AL_001,ICBHI_192_2b3_AL,ICBHI_192,1,ICBHI,LittC2SE,0.9068182895386296,4
ICBHI_192_2b3_AL_002,ICBHI_192_2b3_AL,ICBHI_192,1,ICBHI,LittC2SE,0.90648769084615,4
ICBHI_192_2b3_AL_003,ICBHI_192_2b3_AL,ICBHI_192,1,ICBHI,LittC2SE,0.920932012086084,4
ICBHI_192_2b3_AL_004,ICBHI_192_2b3_AL,ICBHI_192,1,ICBHI,LittC2SE,0.9206471055441224,4
ICBHI_192_2b3_AL_005,ICBHI_192_2b3_AL,ICBHI_192,1,ICBHI,LittC2SE,0.8918110454379297,4
ICBHI_192_2b3_AL_006,ICBHI_192_2b3_AL,ICBHI_192,1,ICBHI,LittC2SE,0.9036348952750146,4
ICBHI_192_2b3_AR_000,ICBHI_192_2b3_AR,ICBHI_192,1,ICBHI,LittC2SE,0.2173375210470624,4
ICBHI_192_2b3_AR_001,ICBHI_192_2b3_AR,ICBHI_192,1,ICBHI,LittC2SE,0.2309197629292718,4
ICBHI_192_2b3_AR_002,ICBHI_192_2b3_AR,ICBHI_192,1,ICBHI,LittC2SE,0.3141557414552482,4
ICBHI_192_2b3_AR_003,ICBHI_192_2b3_AR,ICBHI_192,1,ICBHI,LittC2SE,0.2881682892535452,4
ICBHI_192_2b3_AR_004,ICBHI_192_2b3_AR,ICBHI_192,1,ICBHI,LittC2SE,0.1908748016701545,4
ICBHI_192_2b3_AR_005,ICBHI_192_2b3_AR,ICBHI_192,1,ICBHI,LittC2SE,0.1481704134429869,4
ICBHI_192_2b3_AR_006,ICBHI_192_2b3_AR,ICBHI_192,1,ICBHI,LittC2SE,0.3079820670573864,4
ICBHI_203_1p2_AL_000,ICBHI_203_1p2_AL,ICBHI_203,1,ICBHI,AKGC417L,0.9136765234137296,4
ICBHI_203_1p2_AL_001,ICBHI_203_1p2_AL,ICBHI_203,1,ICBHI,AKGC417L,0.8635067512697274,4
ICBHI_203_1p2_AL_002,ICBHI_203_1p2_AL,ICBHI_203,1,ICBHI,AKGC417L,0.5883570718632035,4
ICBHI_203_1p2_AL_003,ICBHI_203_1p2_AL,ICBHI_203,1,ICBHI,AKGC417L,0.4917457450863229,4
ICBHI_203_1p2_AL_004,ICBHI_203_1p2_AL,ICBHI_203,1,ICBHI,AKGC417L,0.5754687284355577,4
ICBHI_203_1p2_AL_005,ICBHI_203_1p2_AL,ICBHI_203,1,ICBHI,AKGC417L,0.7045668484781581,4
ICBHI_203_1p2_AL_006,ICBHI_203_1p2_AL,ICBHI_203,1,ICBHI,AKGC417L,0.5234964749441433,4
ICBHI_203_1p2_AR_000,ICBHI_203_1p2_AR,ICBHI_203,1,ICBHI,AKGC417L,0.9696132500732396,4
ICBHI_203_1p2_AR_001,ICBHI_203_1p2_AR,ICBHI_203,1,ICBHI,AKGC417L,0.9678385537098224,4
ICBHI_203_1p2_AR_002,ICBHI_203_1p2_AR,ICBHI_203,1,ICBHI,AKGC417L,0.8729984373336678,4
ICBHI_203_1p2_AR_003,ICBHI_203_1p2_AR,ICBHI_203,1,ICBHI,AKGC417L,0.6220002299153026,4
ICBHI_203_1p2_AR_004,ICBHI_203_1p2_AR,ICBHI_203,1,ICBHI,AKGC417L,0.871255939743716,4
ICBHI_203_1p2_AR_005,ICBHI_203_1p2_AR,ICBHI_203,1,ICBHI,AKGC417L,0.936865101787808,4
ICBHI_203_1p2_AR_006,ICBHI_203_1p2_AR,ICBHI_203,1,ICBHI,AKGC417L,0.8172829938264785,4
ICBHI_203_1p2_LR_000,ICBHI_203_1p2_LR,ICBHI_203,1,ICBHI,AKGC417L,0.3442229636494577,4
ICBHI_203_1p2_LR_001,ICBHI_203_1p2_LR,ICBHI_203,1,ICBHI,AKGC417L,0.2622745873534323,4
ICBHI_203_1p2_LR_002,ICBHI_203_1p2_LR,ICBHI_203,1,ICBHI,AKGC417L,0.3996359000112058,4
ICBHI_203_1p2_LR_003,ICBHI_203_1p2_LR,ICBHI_203,1,ICBHI,AKGC417L,0.6228035131187,4
ICBHI_203_1p2_LR_004,ICBHI_203_1p2_LR,ICBHI_203,1,ICBHI,AKGC417L,0.5249730991929962,4
ICBHI_203_1p2_LR_005,ICBHI_203_1p2_LR,ICBHI_203,1,ICBHI,AKGC417L,0.4029206086117256,4
ICBHI_203_1p2_LR_006,ICBHI_203_1p2_LR,ICBHI_203,1,ICBHI,AKGC417L,0.5052984161638298,4
ICBHI_203_1p2_PL_000,ICBHI_203_1p2_PL,ICBHI_203,1,ICBHI,AKGC417L,0.7382918730797098,4
ICBHI_203_1p2_PL_001,ICBHI_203_1p2_PL,ICBHI_203,1,ICBHI,AKGC417L,0.8241790822663343,4
ICBHI_203_1p2_PL_002,ICBHI_203_1p2_PL,ICBHI_203,1,ICBHI,AKGC417L,0.8136089277699804,4
ICBHI_203_1p2_PL_003,ICBHI_203_1p2_PL,ICBHI_203,1,ICBHI,AKGC417L,0.7006900417898682,4
ICBHI_203_1p2_PL_004,ICBHI_203_1p2_PL,ICBHI_203,1,ICBHI,AKGC417L,0.7884203206608902,4
ICBHI_203_1p2_PL_005,ICBHI_203_1p2_PL,ICBHI_203,1,ICBHI,AKGC417L,0.8380180441823013,4
ICBHI_203_1p2_PL_006,ICBHI_203_1p2_PL,ICBHI_203,1,ICBHI,AKGC417L,0.7702920373143224,4
ICBHI_203_1p2_PR_000,ICBHI_203_1p2_PR,ICBHI_203,1,ICBHI,AKGC417L,0.8507168330025411,4
ICBHI_203_1p2_PR_001,ICBHI_203_1p2_PR,ICBHI_203,1,ICBHI,AKGC417L,0.8233283989793668,4
ICBHI_203_1p2_PR_002,ICBHI_203_1p2_PR,ICBHI_203,1,ICBHI,AKGC417L,0.5587483842922026,4
ICBHI_203_1p2_PR_003,ICBHI_203_1p2_PR,ICBHI_203,1,ICBHI,AKGC417L,0.3510885462103867,4
ICBHI_203_1p2_PR_004,ICBHI_203_1p2_PR,ICBHI_203,1,ICBHI,AKGC417L,0.6347697539187426,4
ICBHI_203_1p2_PR_005,ICBHI_203_1p2_PR,ICBHI_203,1,ICBHI,AKGC417L,0.7680379962688904,4
ICBHI_203_1p2_PR_006,ICBHI_203_1p2_PR,ICBHI_203,1,ICBHI,AKGC417L,0.4292499206848461,4
ICBHI_203_1p2_TC_000,ICBHI_203_1p2_TC,ICBHI_203,1,ICBHI,AKGC417L,0.4273369688147659,4
ICBHI_203_1p2_TC_001,ICBHI_203_1p2_TC,ICBHI_203,1,ICBHI,AKGC417L,0.4855768175114059,4
ICBHI_203_1p2_TC_002,ICBHI_203_1p2_TC,ICBHI_203,1,ICBHI,AKGC417L,0.5463751161421467,4
ICBHI_203_1p2_TC_003,ICBHI_203_1p2_TC,ICBHI_203,1,ICBHI,AKGC417L,0.5539879275113097,4
ICBHI_203_1p2_TC_004,ICBHI_203_1p2_TC,ICBHI_203,1,ICBHI,AKGC417L,0.4120568946456724,4
ICBHI_203_1p2_TC_005,ICBHI_203_1p2_TC,ICBHI_203,1,ICBHI,AKGC417L,0.4305064486551987,4
ICBHI_203_1p2_TC_006,ICBHI_203_1p2_TC,ICBHI_203,1,ICBHI,AKGC417L,0.4881766429602518,4
ICBHI_203_1p3_AL_000,ICBHI_203_1p3_AL,ICBHI_203,1,ICBHI,AKGC417L,0.7767923062684916,4
ICBHI_203_1p3_AL_001,ICBHI_203_1p3_AL,ICBHI_203,1,ICBHI,AKGC417L,0.7732163651347154,4
ICBHI_203_1p3_AL_002,ICBHI_203_1p3_AL,ICBHI_203,1,ICBHI,AKGC417L,0.7014063781134402,4
ICBHI_203_1p3_AL_003,ICBHI_203_1p3_AL,ICBHI_203,1,ICBHI,AKGC417L,0.5948454930122904,4
ICBHI_203_1p3_AL_004,ICBHI_203_1p3_AL,ICBHI_203,1,ICBHI,AKGC417L,0.670500413132056,4
ICBHI_203_1p3_AL_005,ICBHI_203_1p3_AL,ICBHI_203,1,ICBHI,AKGC417L,0.7634837635542924,4
ICBHI_203_1p3_AL_006,ICBHI_203_1p3_AL,ICBHI_203,1,ICBHI,AKGC417L,0.7012018110672338,4
ICBHI_203_1p3_AR_000,ICBHI_203_1p3_AR,ICBHI_203,1,ICBHI,AKGC417L,0.8632763869273821,4
ICBHI_203_1p3_AR_001,ICBHI_203_1p3_AR,ICBHI_203,1,ICBHI,AKGC417L,0.9036348952750146,4
ICBHI_203_1p3_AR_002,ICBHI_203_1p3_AR,ICBHI_203,1,ICBHI,AKGC417L,0.844152226954479,4
ICBHI_203_1p3_AR_003,ICBHI_203_1p3_AR,ICBHI_203,1,ICBHI,AKGC417L,0.8034823745720369,4
ICBHI_203_1p3_AR_004,ICBHI_203_1p3_AR,ICBHI_203,1,ICBHI,AKGC417L,0.8101787211697368,4
ICBHI_203_1p3_AR_005,ICBHI_203_1p3_AR,ICBHI_203,1,ICBHI,AKGC417L,0.8369547432098816,4
ICBHI_203_1p3_AR_006,ICBHI_203_1p3_AR,ICBHI_203,1,ICBHI,AKGC417L,0.8762113062841353,4
ICBHI_203_1p3_PL_000,ICBHI_203_1p3_PL,ICBHI_203,1,ICBHI,AKGC417L,0.5602526536332625,4
ICBHI_203_1p3_PL_001,ICBHI_203_1p3_PL,ICBHI_203,1,ICBHI,AKGC417L,0.6244080535283255,4
ICBHI_203_1p3_PL_002,ICBHI_203_1p3_PL,ICBHI_203,1,ICBHI,AKGC417L,0.7027341005928283,4
ICBHI_203_1p3_PL_003,ICBHI_203_1p3_PL,ICBHI_203,1,ICBHI,AKGC417L,0.6532375271137799,4
ICBHI_203_1p3_PL_004,ICBHI_203_1p3_PL,ICBHI_203,1,ICBHI,AKGC417L,0.5871739806477424,4
ICBHI_203_1p3_PL_005,ICBHI_203_1p3_PL,ICBHI_203,1,ICBHI,AKGC417L,0.7000752564236576,4
ICBHI_203_1p3_PL_006,ICBHI_203_1p3_PL,ICBHI_203,1,ICBHI,AKGC417L,0.6957516445463505,4
ICBHI_203_1p3_PR_000,ICBHI_203_1p3_PR,ICBHI_203,1,ICBHI,AKGC417L,0.7397985681509067,4
ICBHI_203_1p3_PR_001,ICBHI_203_1p3_PR,ICBHI_203,1,ICBHI,AKGC417L,0.8137569775733345,4
ICBHI_203_1p3_PR_002,ICBHI_203_1p3_PR,ICBHI_203,1,ICBHI,AKGC417L,0.8737544219801513,4
ICBHI_203_1p3_PR_003,ICBHI_203_1p3_PR,ICBHI_203,1,ICBHI,AKGC417L,0.8164063773658039,4
ICBHI_203_1p3_PR_004,ICBHI_203_1p3_PR,ICBHI_203,1,ICBHI,AKGC417L,0.7158214700253839,4
ICBHI_203_1p3_PR_005,ICBHI_203_1p3_PR,ICBHI_203,1,ICBHI,AKGC417L,0.8031737963569016,4
ICBHI_203_1p3_PR_006,ICBHI_203_1p3_PR,ICBHI_203,1,ICBHI,AKGC417L,0.8540345328871686,4
ICBHI_203_1p3_TC_000,ICBHI_203_1p3_TC,ICBHI_203,1,ICBHI,AKGC417L,0.3857795310066222,4
ICBHI_203_1p3_TC_001,ICBHI_203_1p3_TC,ICBHI_203,1,ICBHI,AKGC417L,0.3137350702369539,4
ICBHI_203_1p3_TC_002,ICBHI_203_1p3_TC,ICBHI_203,1,ICBHI,AKGC417L,0.2140335632231953,4
ICBHI_203_1p3_TC_003,ICBHI_203_1p3_TC,ICBHI_203,1,ICBHI,AKGC417L,0.2607657829414243,4
ICBHI_203_1p3_TC_004,ICBHI_203_1p3_TC,ICBHI_203,1,ICBHI,AKGC417L,0.2913839818300965,4
ICBHI_203_1p3_TC_005,ICBHI_203_1p3_TC,ICBHI_203,1,ICBHI,AKGC417L,0.2622745873534323,4
ICBHI_203_1p3_TC_006,ICBHI_203_1p3_TC,ICBHI_203,1,ICBHI,AKGC417L,0.2279845740738564,4
ICBHI_203_1p4_AL_000,ICBHI_203_1p4_AL,ICBHI_203,1,ICBHI,AKGC417L,0.6432172466355996,4
ICBHI_203_1p4_AL_001,ICBHI_203_1p4_AL,ICBHI_203,1,ICBHI,AKGC417L,0.8216173406683573,4
ICBHI_203_1p4_AL_002,ICBHI_203_1p4_AL,ICBHI_203,1,ICBHI,AKGC417L,0.8588370200175164,4
ICBHI_203_1p4_AL_003,ICBHI_203_1p4_AL,ICBHI_203,1,ICBHI,AKGC417L,0.8282453166489447,4
ICBHI_203_1p4_AL_004,ICBHI_203_1p4_AL,ICBHI_203,1,ICBHI,AKGC417L,0.8274101873622409,4
ICBHI_203_1p4_AL_005,ICBHI_203_1p4_AL,ICBHI_203,1,ICBHI,AKGC417L,0.7307704754071624,4
ICBHI_203_1p4_AL_006,ICBHI_203_1p4_AL,ICBHI_203,1,ICBHI,AKGC417L,0.8357518198148309,4
ICBHI_203_1p4_AR_000,ICBHI_203_1p4_AR,ICBHI_203,1,ICBHI,AKGC417L,0.8828325306746402,4
ICBHI_203_1p4_AR_001,ICBHI_203_1p4_AR,ICBHI_203,1,ICBHI,AKGC417L,0.8881781760875761,4
ICBHI_203_1p4_AR_002,ICBHI_203_1p4_AR,ICBHI_203,1,ICBHI,AKGC417L,0.8781053443317214,4
ICBHI_203_1p4_AR_003,ICBHI_203_1p4_AR,ICBHI_203,1,ICBHI,AKGC417L,0.8497219425324707,4
ICBHI_203_1p4_AR_004,ICBHI_203_1p4_AR,ICBHI_203,1,ICBHI,AKGC417L,0.8622356954546928,4
ICBHI_203_1p4_AR_005,ICBHI_203_1p4_AR,ICBHI_203,1,ICBHI,AKGC417L,0.8951566359697456,4
ICBHI_203_1p4_AR_006,ICBHI_203_1p4_AR,ICBHI_203,1,ICBHI,AKGC417L,0.926569947300106,4
ICBHI_203_1p4_PL_000,ICBHI_203_1p4_PL,ICBHI_203,1,ICBHI,AKGC417L,0.709623190215421,4
ICBHI_203_1p4_PL_001,ICBHI_203_1p4_PL,ICBHI_203,1,ICBHI,AKGC417L,0.7671669574523438,4
ICBHI_203_1p4_PL_002,ICBHI_203_1p4_PL,ICBHI_203,1,ICBHI,AKGC417L,0.7638362701347781,4
ICBHI_203_1p4_PL_003,ICBHI_203_1p4_PL,ICBHI_203,1,ICBHI,AKGC417L,0.7124322965567338,4
ICBHI_203_1p4_PL_004,ICBHI_203_1p4_PL,ICBHI_203,1,ICBHI,AKGC417L,0.746693521262313,4
ICBHI_203_1p4_PL_005,ICBHI_203_1p4_PL,ICBHI_203,1,ICBHI,AKGC417L,0.7858021104335594,4
ICBHI_203_1p4_PL_006,ICBHI_203_1p4_PL,ICBHI_203,1,ICBHI,AKGC417L,0.7534666539902642,4
ICBHI_203_1p4_PR_000,ICBHI_203_1p4_PR,ICBHI_203,1,ICBHI,AKGC417L,0.5540784110620551,4
ICBHI_203_1p4_PR_001,ICBHI_203_1p4_PR,ICBHI_203,1,ICBHI,AKGC417L,0.8684925281703223,4
ICBHI_203_1p4_PR_002,ICBHI_203_1p4_PR,ICBHI_203,1,ICBHI,AKGC417L,0.8716934649427494,4
ICBHI_203_1p4_PR_003,ICBHI_203_1p4_PR,ICBHI_203,1,ICBHI,AKGC417L,0.844280659604721,4
ICBHI_203_1p4_PR_004,ICBHI_203_1p4_PR,ICBHI_203,1,ICBHI,AKGC417L,0.8643104540313907,4
ICBHI_203_1p4_PR_005,ICBHI_203_1p4_PR,ICBHI_203,1,ICBHI,AKGC417L,0.8699357302881339,4
ICBHI_203_1p4_PR_006,ICBHI_203_1p4_PR,ICBHI_203,1,ICBHI,AKGC417L,0.8671483022189443,4
ICBHI_203_1p4_TC_000,ICBHI_203_1p4_TC,ICBHI_203,1,ICBHI,AKGC417L,0.5251405243451,4
ICBHI_203_1p4_TC_001,ICBHI_203_1p4_TC,ICBHI_203,1,ICBHI,AKGC417L,0.5027084085681691,4
ICBHI_203_1p4_TC_002,ICBHI_203_1p4_TC,ICBHI_203,1,ICBHI,AKGC417L,0.449060402716219,4
ICBHI_203_1p4_TC_003,ICBHI_203_1p4_TC,ICBHI_203,1,ICBHI,AKGC417L,0.4318237717136605,4
ICBHI_203_1p4_TC_004,ICBHI_203_1p4_TC,ICBHI_203,1,ICBHI,AKGC417L,0.4755900991234095,4
ICBHI_203_1p4_TC_005,ICBHI_203_1p4_TC,ICBHI_203,1,ICBHI,AKGC417L,0.4753922114847327,4
ICBHI_203_1p4_TC_006,ICBHI_203_1p4_TC,ICBHI_203,1,ICBHI,AKGC417L,0.4208970998439362,4
ICBHI_203_2p3_AL_000,ICBHI_203_2p3_AL,ICBHI_203,1,ICBHI,AKGC417L,0.8025555428951934,4
ICBHI_203_2p3_AL_001,ICBHI_203_2p3_AL,ICBHI_203,1,ICBHI,AKGC417L,0.7268135846252497,4
ICBHI_203_2p3_AL_002,ICBHI_203_2p3_AL,ICBHI_203,1,ICBHI,AKGC417L,0.7620701083888303,4
ICBHI_203_2p3_AL_003,ICBHI_203_2p3_AL,ICBHI_203,1,ICBHI,AKGC417L,0.796450832424286,4
ICBHI_203_2p3_AL_004,ICBHI_203_2p3_AL,ICBHI_203,1,ICBHI,AKGC417L,0.7995988509311733,4
ICBHI_203_2p3_AL_005,ICBHI_203_2p3_AL,ICBHI_203,1,ICBHI,AKGC417L,0.8204694444011801,4
ICBHI_203_2p3_AL_006,ICBHI_203_2p3_AL,ICBHI_203,1,ICBHI,AKGC417L,0.7032438550755685,4
ICBHI_203_2p3_AR_000,ICBHI_203_2p3_AR,ICBHI_203,1,ICBHI,AKGC417L,0.872456082633875,4
ICBHI_203_2p3_AR_001,ICBHI_203_2p3_AR,ICBHI_203,1,ICBHI,AKGC417L,0.8331889117868532,4
ICBHI_203_2p3_AR_002,ICBHI_203_2p3_AR,ICBHI_203,1,ICBHI,AKGC417L,0.6998701676460535,4
ICBHI_203_2p3_AR_003,ICBHI_203_2p3_AR,ICBHI_203,1,ICBHI,AKGC417L,0.7527403316567737,4
ICBHI_203_2p3_AR_004,ICBHI_203_2p3_AR,ICBHI_203,1,ICBHI,AKGC417L,0.7816641373754407,4
ICBHI_203_2p3_AR_005,ICBHI_203_2p3_AR,ICBHI_203,1,ICBHI,AKGC417L,0.5644586385996829,4
ICBHI_203_2p3_AR_006,ICBHI_203_2p3_AR,ICBHI_203,1,ICBHI,AKGC417L,0.6735138636573648,4
ICBHI_203_2p3_PL_000,ICBHI_203_2p3_PL,ICBHI_203,1,ICBHI,AKGC417L,0.8110781922144276,4
ICBHI_203_2p3_PL_001,ICBHI_203_2p3_PL,ICBHI_203,1,ICBHI,AKGC417L,0.7164170532520124,4
ICBHI_203_2p3_PL_002,ICBHI_203_2p3_PL,ICBHI_203,1,ICBHI,AKGC417L,0.7921428414714122,4
ICBHI_203_2p3_PL_003,ICBHI_203_2p3_PL,ICBHI_203,1,ICBHI,AKGC417L,0.8136089277699804,4
ICBHI_203_2p3_PL_004,ICBHI_203_2p3_PL,ICBHI_203,1,ICBHI,AKGC417L,0.7390459240701083,4
ICBHI_203_2p3_PL_005,ICBHI_203_2p3_PL,ICBHI_203,1,ICBHI,AKGC417L,0.7756048079953142,4
ICBHI_203_2p3_PL_006,ICBHI_203_2p3_PL,ICBHI_203,1,ICBHI,AKGC417L,0.7577943712746406,4
ICBHI_203_2p3_PR_000,ICBHI_203_2p3_PR,ICBHI_203,1,ICBHI,AKGC417L,0.4649319387032035,4
ICBHI_203_2p3_PR_001,ICBHI_203_2p3_PR,ICBHI_203,1,ICBHI,AKGC417L,0.3782294028390546,4
ICBHI_203_2p3_PR_002,ICBHI_203_2p3_PR,ICBHI_203,1,ICBHI,AKGC417L,0.6384972353472438,4
ICBHI_203_2p3_PR_003,ICBHI_203_2p3_PR,ICBHI_203,1,ICBHI,AKGC417L,0.6131786473612351,4
ICBHI_203_2p3_PR_004,ICBHI_203_2p3_PR,ICBHI_203,1,ICBHI,AKGC417L,0.4216708909971368,4
ICBHI_203_2p3_PR_005,ICBHI_203_2p3_PR,ICBHI_203,1,ICBHI,AKGC417L,0.5594404838442922,4
ICBHI_203_2p3_PR_006,ICBHI_203_2p3_PR,ICBHI_203,1,ICBHI,AKGC417L,0.6349961275385564,4
ICBHI_203_2p3_TC_000,ICBHI_203_2p3_TC,ICBHI_203,1,ICBHI,AKGC417L,0.4270980013339551,4
ICBHI_203_2p3_TC_001,ICBHI_203_2p3_TC,ICBHI_203,1,ICBHI,AKGC417L,0.4804939135957177,4
ICBHI_203_2p3_TC_002,ICBHI_203_2p3_TC,ICBHI_203,1,ICBHI,AKGC417L,0.5177385240286939,4
ICBHI_203_2p3_TC_003,ICBHI_203_2p3_TC,ICBHI_203,1,ICBHI,AKGC417L,0.5045508081695412,4
ICBHI_203_2p3_TC_004,ICBHI_203_2p3_TC,ICBHI_203,1,ICBHI,AKGC417L,0.5088949354902749,4
ICBHI_203_2p3_TC_005,ICBHI_203_2p3_TC,ICBHI_203,1,ICBHI,AKGC417L,0.5599819659961327,4
ICBHI_203_2p3_TC_006,ICBHI_203_2p3_TC,ICBHI_203,1,ICBHI,AKGC417L,0.5517246911427721,4
ICBHI_217_1b1_TC_000,ICBHI_217_1b1_TC,ICBHI_217,0,ICBHI,Meditron,0.3272381688088603,4
ICBHI_217_1b1_TC_001,ICBHI_217_1b1_TC,ICBHI_217,0,ICBHI,Meditron,0.522430613090373,4
ICBHI_217_1b1_TC_002,ICBHI_217_1b1_TC,ICBHI_217,0,ICBHI,Meditron,0.5541387314385687,4
ICBHI_217_1b1_TC_003,ICBHI_217_1b1_TC,ICBHI_217,0,ICBHI,Meditron,0.3890241484416381,4
ICBHI_217_1b1_TC_004,ICBHI_217_1b1_TC,ICBHI_217,0,ICBHI,Meditron,0.3606016184956938,4
ICBHI_217_1b1_TC_005,ICBHI_217_1b1_TC,ICBHI_217,0,ICBHI,Meditron,0.3930937562294669,4
ICBHI_217_1b1_TC_006,ICBHI_217_1b1_TC,ICBHI_217,0,ICBHI,Meditron,0.3310116042816617,4
ICBHI_218_1b1_AL_000,ICBHI_218_1b1_AL,ICBHI_218,1,ICBHI,Meditron,0.9252299570920388,4
ICBHI_218_1b1_AL_001,ICBHI_218_1b1_AL,ICBHI_218,1,ICBHI,Meditron,0.8854334959262264,4
ICBHI_218_1b1_AL_002,ICBHI_218_1b1_AL,ICBHI_218,1,ICBHI,Meditron,0.922900303783852,4
ICBHI_218_1b1_AL_003,ICBHI_218_1b1_AL,ICBHI_218,1,ICBHI,Meditron,0.9545627823553606,4
ICBHI_218_1b1_AL_004,ICBHI_218_1b1_AL,ICBHI_218,1,ICBHI,Meditron,0.939136553775108,4
ICBHI_218_1b1_AL_005,ICBHI_218_1b1_AL,ICBHI_218,1,ICBHI,Meditron,0.9343951625409306,4
ICBHI_218_1b1_AL_006,ICBHI_218_1b1_AL,ICBHI_218,1,ICBHI,Meditron,0.958615281153156,4
ICBHI_218_1b1_AL_007,ICBHI_218_1b1_AL,ICBHI_218,1,ICBHI,Meditron,0.9074763422184106,4
ICBHI_218_1b1_AL_008,ICBHI_218_1b1_AL,ICBHI_218,1,ICBHI,Meditron,0.909264512360149,4
ICBHI_218_1b1_AL_009,ICBHI_218_1b1_AL,ICBHI_218,1,ICBHI,Meditron,0.935582334586506,4
ICBHI_218_1b1_AL_010,ICBHI_218_1b1_AL,ICBHI_218,1,ICBHI,Meditron,0.9132132627819568,4
ICBHI_218_1b1_AL_011,ICBHI_218_1b1_AL,ICBHI_218,1,ICBHI,Meditron,0.8777914137532816,4
ICBHI_218_1b1_AL_012,ICBHI_218_1b1_AL,ICBHI_218,1,ICBHI,Meditron,0.9302050734936124,4
ICBHI_218_1b1_AL_013,ICBHI_218_1b1_AL,ICBHI_218,1,ICBHI,Meditron,0.968797182083676,4
ICBHI_218_1b1_AL_014,ICBHI_218_1b1_AL,ICBHI_218,1,ICBHI,Meditron,0.9286679988850832,4
ICBHI_218_1b1_AL_015,ICBHI_218_1b1_AL,ICBHI_218,1,ICBHI,Meditron,0.921781129173075,4
ICBHI_218_1b1_AL_016,ICBHI_218_1b1_AL,ICBHI_218,1,ICBHI,Meditron,0.8470843821508236,4
ICBHI_218_1b1_AL_017,ICBHI_218_1b1_AL,ICBHI_218,1,ICBHI,Meditron,0.8718026479277411,4
ICBHI_218_1b1_AL_018,ICBHI_218_1b1_AL,ICBHI_218,1,ICBHI,Meditron,0.965641310666991,4
ICBHI_218_1b1_AL_019,ICBHI_218_1b1_AL,ICBHI_218,1,ICBHI,Meditron,0.962602866405004,4
ICBHI_218_1b1_AL_020,ICBHI_218_1b1_AL,ICBHI_218,1,ICBHI,Meditron,0.8358858292978949,4
ICBHI_218_1b1_AL_021,ICBHI_218_1b1_AL,ICBHI_218,1,ICBHI,Meditron,0.4641728340349369,4
ICBHI_218_1b1_AL_022,ICBHI_218_1b1_AL,ICBHI_218,1,ICBHI,Meditron,0.8480936125142572,4
ICBHI_218_1b1_AL_023,ICBHI_218_1b1_AL,ICBHI_218,1,ICBHI,Meditron,0.951323427968294,4
ICBHI_218_1b1_AL_024,ICBHI_218_1b1_AL,ICBHI_218,1,ICBHI,Meditron,0.6024124886960115,4
ICBHI_218_1b1_AL_025,ICBHI_218_1b1_AL,ICBHI_218,1,ICBHI,Meditron,0.6792850839056447,4
ICBHI_218_1b1_AL_026,ICBHI_218_1b1_AL,ICBHI_218,1,ICBHI,Meditron,0.7206632461657958,4
ICBHI_218_1b1_AR_000,ICBHI_218_1b1_AR,ICBHI_218,1,ICBHI,Meditron,0.791660048052617,4
ICBHI_218_1b1_AR_001,ICBHI_218_1b1_AR,ICBHI_218,1,ICBHI,Meditron,0.5584474000648315,4
ICBHI_218_1b1_AR_002,ICBHI_218_1b1_AR,ICBHI_218,1,ICBHI,Meditron,0.6440012477104936,4
ICBHI_218_1b1_AR_003,ICBHI_218_1b1_AR,ICBHI_218,1,ICBHI,Meditron,0.7903685617203897,4
ICBHI_218_1b1_AR_004,ICBHI_218_1b1_AR,ICBHI_218,1,ICBHI,Meditron,0.8036365265772738,4
ICBHI_218_1b1_AR_005,ICBHI_218_1b1_AR,ICBHI_218,1,ICBHI,Meditron,0.7457688628758079,4
ICBHI_218_1b1_AR_006,ICBHI_218_1b1_AR,ICBHI_218,1,ICBHI,Meditron,0.9339146213324512,4
ICBHI_218_1b1_AR_007,ICBHI_218_1b1_AR,ICBHI_218,1,ICBHI,Meditron,0.8509647055213694,4
ICBHI_218_1b1_AR_008,ICBHI_218_1b1_AR,ICBHI_218,1,ICBHI,Meditron,0.8293538355884482,4
ICBHI_218_1b1_AR_009,ICBHI_218_1b1_AR,ICBHI_218,1,ICBHI,Meditron,0.8465777097883294,4
ICBHI_218_1b1_AR_010,ICBHI_218_1b1_AR,ICBHI_218,1,ICBHI,Meditron,0.8854334959262264,4
ICBHI_218_1b1_AR_011,ICBHI_218_1b1_AR,ICBHI_218,1,ICBHI,Meditron,0.9048188745508808,4
ICBHI_218_1b1_AR_012,ICBHI_218_1b1_AR,ICBHI_218,1,ICBHI,Meditron,0.9063219973254492,4
ICBHI_218_1b1_AR_013,ICBHI_218_1b1_AR,ICBHI_218,1,ICBHI,Meditron,0.9620363047907357,4
ICBHI_218_1b1_AR_014,ICBHI_218_1b1_AR,ICBHI_218,1,ICBHI,Meditron,0.9122799870400568,4
ICBHI_218_1b1_AR_015,ICBHI_218_1b1_AR,ICBHI_218,1,ICBHI,Meditron,0.8048664532049786,4
ICBHI_218_1b1_AR_016,ICBHI_218_1b1_AR,ICBHI_218,1,ICBHI,Meditron,0.7130321352710473,4
ICBHI_218_1b1_AR_017,ICBHI_218_1b1_AR,ICBHI_218,1,ICBHI,Meditron,0.712232184238947,4
ICBHI_218_1b1_AR_018,ICBHI_218_1b1_AR,ICBHI_218,1,ICBHI,Meditron,0.9336731259764038,4
ICBHI_218_1b1_AR_019,ICBHI_218_1b1_AR,ICBHI_218,1,ICBHI,Meditron,0.9615338079816756,4
ICBHI_218_1b1_AR_020,ICBHI_218_1b1_AR,ICBHI_218,1,ICBHI,Meditron,0.8834372618119071,4
ICBHI_218_1b1_AR_021,ICBHI_218_1b1_AR,ICBHI_218,1,ICBHI,Meditron,0.7701191965741129,4
ICBHI_218_1b1_AR_022,ICBHI_218_1b1_AR,ICBHI_218,1,ICBHI,Meditron,0.9620363047907357,4
ICBHI_218_1b1_AR_023,ICBHI_218_1b1_AR,ICBHI_218,1,ICBHI,Meditron,0.9601375058927356,4
ICBHI_218_1b1_AR_024,ICBHI_218_1b1_AR,ICBHI_218,1,ICBHI,Meditron,0.8671483022189443,4
ICBHI_218_1b1_AR_025,ICBHI_218_1b1_AR,ICBHI_218,1,ICBHI,Meditron,0.9281487332504804,4
ICBHI_218_1b1_AR_026,ICBHI_218_1b1_AR,ICBHI_218,1,ICBHI,Meditron,0.8584814629082023,4
ICBHI_218_1b1_LR_000,ICBHI_218_1b1_LR,ICBHI_218,1,ICBHI,Meditron,0.7608284015956692,4
ICBHI_218_1b1_LR_001,ICBHI_218_1b1_LR,ICBHI_218,1,ICBHI,Meditron,0.7594038767986158,4
ICBHI_218_1b1_LR_002,ICBHI_218_1b1_LR,ICBHI_218,1,ICBHI,Meditron,0.83141698052701,4
ICBHI_218_1b1_LR_003,ICBHI_218_1b1_LR,ICBHI_218,1,ICBHI,Meditron,0.9017477678631268,4
ICBHI_218_1b1_LR_004,ICBHI_218_1b1_LR,ICBHI_218,1,ICBHI,Meditron,0.9005297861178929,4
ICBHI_218_1b1_LR_005,ICBHI_218_1b1_LR,ICBHI_218,1,ICBHI,Meditron,0.9177460552422908,4
ICBHI_218_1b1_LR_006,ICBHI_218_1b1_LR,ICBHI_218,1,ICBHI,Meditron,0.9210741144349998,4
ICBHI_218_1b1_LR_007,ICBHI_218_1b1_LR,ICBHI_218,1,ICBHI,Meditron,0.9366336567966383,4
ICBHI_218_1b1_LR_008,ICBHI_218_1b1_LR,ICBHI_218,1,ICBHI,Meditron,0.9244152093213264,4
ICBHI_218_1b1_LR_009,ICBHI_218_1b1_LR,ICBHI_218,1,ICBHI,Meditron,0.8348112907637162,4
ICBHI_218_1b1_LR_010,ICBHI_218_1b1_LR,ICBHI_218,1,ICBHI,Meditron,0.8201815702933557,4
ICBHI_218_1b1_LR_011,ICBHI_218_1b1_LR,ICBHI_218,1,ICBHI,Meditron,0.7335472948353806,4
ICBHI_218_1b1_LR_012,ICBHI_218_1b1_LR,ICBHI_218,1,ICBHI,Meditron,0.9330657967976504,4
ICBHI_218_1b1_LR_013,ICBHI_218_1b1_LR,ICBHI_218,1,ICBHI,Meditron,0.932083324744034,4
ICBHI_218_1b1_LR_014,ICBHI_218_1b1_LR,ICBHI_218,1,ICBHI,Meditron,0.7809967425408467,4
ICBHI_218_1b1_LR_015,ICBHI_218_1b1_LR,ICBHI_218,1,ICBHI,Meditron,0.7732163651347154,4
ICBHI_218_1b1_LR_016,ICBHI_218_1b1_LR,ICBHI_218,1,ICBHI,Meditron,0.5187747379674058,4
ICBHI_218_1b1_LR_017,ICBHI_218_1b1_LR,ICBHI_218,1,ICBHI,Meditron,0.4024508236334726,4
ICBHI_218_1b1_LR_018,ICBHI_218_1b1_LR,ICBHI_218,1,ICBHI,Meditron,0.6610481792447818,4
ICBHI_218_1b1_LR_019,ICBHI_218_1b1_LR,ICBHI_218,1,ICBHI,Meditron,0.8848377712685633,4
ICBHI_218_1b1_LR_020,ICBHI_218_1b1_LR,ICBHI_218,1,ICBHI,Meditron,0.8681575576360202,4
ICBHI_218_1b1_LR_021,ICBHI_218_1b1_LR,ICBHI_218,1,ICBHI,Meditron,0.8444090059229068,4
ICBHI_218_1b1_LR_022,ICBHI_218_1b1_LR,ICBHI_218,1,ICBHI,Meditron,0.8798711899461571,4
ICBHI_218_1b1_LR_023,ICBHI_218_1b1_LR,ICBHI_218,1,ICBHI,Meditron,0.8697145792507666,4
ICBHI_218_1b1_LR_024,ICBHI_218_1b1_LR,ICBHI_218,1,ICBHI,Meditron,0.8514594320170558,4
ICBHI_218_1b1_LR_025,ICBHI_218_1b1_LR,ICBHI_218,1,ICBHI,Meditron,0.8631610820984377,4
ICBHI_218_1b1_LR_026,ICBHI_218_1b1_LR,ICBHI_218,1,ICBHI,Meditron,0.796450832424286,4
ICBHI_218_1b1_LR_027,ICBHI_218_1b1_LR,ICBHI_218,1,ICBHI,Meditron,0.7379143205612129,4
ICBHI_218_1b1_LR_028,ICBHI_218_1b1_LR,ICBHI_218,1,ICBHI,Meditron,0.6161854953324286,4
ICBHI_218_1b1_LR_029,ICBHI_218_1b1_LR,ICBHI_218,1,ICBHI,Meditron,0.6356748899883626,4
ICBHI_218_1b1_LR_030,ICBHI_218_1b1_LR,ICBHI_218,1,ICBHI,Meditron,0.7373473336511948,4
ICBHI_218_1b1_LR_031,ICBHI_218_1b1_LR,ICBHI_218,1,ICBHI,Meditron,0.909264512360149,4
ICBHI_218_1b1_PL_000,ICBHI_218_1b1_PL,ICBHI_218,1,ICBHI,Meditron,0.9561454366001264,4
ICBHI_218_1b1_PL_001,ICBHI_218_1b1_PL,ICBHI_218,1,ICBHI,Meditron,0.9381240142763572,4
ICBHI_218_1b1_PL_002,ICBHI_218_1b1_PL,ICBHI_218,1,ICBHI,Meditron,0.9448931005611606,4
ICBHI_218_1b1_PL_003,ICBHI_218_1b1_PL,ICBHI_218,1,ICBHI,Meditron,0.9515039967560432,4
ICBHI_218_1b1_PL_004,ICBHI_218_1b1_PL,ICBHI_218,1,ICBHI,Meditron,0.94815453335022,4
ICBHI_218_1b1_PL_005,ICBHI_218_1b1_PL,ICBHI_218,1,ICBHI,Meditron,0.9451974048440384,4
ICBHI_218_1b1_PL_006,ICBHI_218_1b1_PL,ICBHI_218,1,ICBHI,Meditron,0.9470881887900422,4
ICBHI_218_1b1_PL_007,ICBHI_218_1b1_PL,ICBHI_218,1,ICBHI,Meditron,0.9326989254151,4
ICBHI_218_1b1_PL_008,ICBHI_218_1b1_PL,ICBHI_218,1,ICBHI,Meditron,0.9329437130748804,4
ICBHI_218_1b1_PL_009,ICBHI_218_1b1_PL,ICBHI_218,1,ICBHI,Meditron,0.943659904602972,4
ICBHI_218_1b1_PL_010,ICBHI_218_1b1_PL,ICBHI_218,1,ICBHI,Meditron,0.9508692112458992,4
ICBHI_218_1b1_PL_011,ICBHI_218_1b1_PL,ICBHI_218,1,ICBHI,Meditron,0.9323301890181837,4
ICBHI_218_1b1_PL_012,ICBHI_218_1b1_PL,ICBHI_218,1,ICBHI,Meditron,0.7492707188143424,4
ICBHI_218_1b1_PL_013,ICBHI_218_1b1_PL,ICBHI_218,1,ICBHI,Meditron,0.5212883917802626,4
ICBHI_218_1b1_PL_014,ICBHI_218_1b1_PL,ICBHI_218,1,ICBHI,Meditron,0.6546739850997214,4
ICBHI_218_1b1_PL_015,ICBHI_218_1b1_PL,ICBHI_218,1,ICBHI,Meditron,0.6157812387667647,4
ICBHI_218_1b1_PL_016,ICBHI_218_1b1_PL,ICBHI_218,1,ICBHI,Meditron,0.4272174808281068,4
ICBHI_218_1b1_PL_017,ICBHI_218_1b1_PL,ICBHI_218,1,ICBHI,Meditron,0.3660230225018303,4
ICBHI_218_1b1_PL_018,ICBHI_218_1b1_PL,ICBHI_218,1,ICBHI,Meditron,0.4733224773104685,4
ICBHI_218_1b1_PL_019,ICBHI_218_1b1_PL,ICBHI_218,1,ICBHI,Meditron,0.6456786481189632,4
ICBHI_218_1b1_PL_020,ICBHI_218_1b1_PL,ICBHI_218,1,ICBHI,Meditron,0.79358626759188,4
ICBHI_218_1b1_PL_021,ICBHI_218_1b1_PL,ICBHI_218,1,ICBHI,Meditron,0.8844391260585168,4
ICBHI_218_1b1_PL_022,ICBHI_218_1b1_PL,ICBHI_218,1,ICBHI,Meditron,0.855005744409101,4
ICBHI_218_1b1_PL_023,ICBHI_218_1b1_PL,ICBHI_218,1,ICBHI,Meditron,0.7826624789529376,4
ICBHI_218_1b1_PL_024,ICBHI_218_1b1_PL,ICBHI_218,1,ICBHI,Meditron,0.7680379962688904,4
ICBHI_218_1b1_PL_025,ICBHI_218_1b1_PL,ICBHI_218,1,ICBHI,Meditron,0.4299079893400095,4
ICBHI_218_1b1_PR_000,ICBHI_218_1b1_PR,ICBHI_218,1,ICBHI,Meditron,0.9520418961921002,4
ICBHI_218_1b1_PR_001,ICBHI_218_1b1_PR,ICBHI_218,1,ICBHI,Meditron,0.9522199336364292,4
ICBHI_218_1b1_PR_002,ICBHI_218_1b1_PR,ICBHI_218,1,ICBHI,Meditron,0.9493885651109318,4
ICBHI_218_1b1_PR_003,ICBHI_218_1b1_PR,ICBHI_218,1,ICBHI,Meditron,0.947865743531704,4
ICBHI_218_1b1_PR_004,ICBHI_218_1b1_PR,ICBHI_218,1,ICBHI,Meditron,0.9512329045230108,4
ICBHI_218_1b1_PR_005,ICBHI_218_1b1_PR,ICBHI_218,1,ICBHI,Meditron,0.9510513782831764,4
ICBHI_218_1b1_PR_006,ICBHI_218_1b1_PR,ICBHI_218,1,ICBHI,Meditron,0.9475754340373932,4
ICBHI_218_1b1_PR_007,ICBHI_218_1b1_PR,ICBHI_218,1,ICBHI,Meditron,0.9324533088603708,4
ICBHI_218_1b1_PR_008,ICBHI_218_1b1_PR,ICBHI_218,1,ICBHI,Meditron,0.9324533088603708,4
ICBHI_218_1b1_PR_009,ICBHI_218_1b1_PR,ICBHI_218,1,ICBHI,Meditron,0.9507778868028012,4
ICBHI_218_1b1_PR_010,ICBHI_218_1b1_PR,ICBHI_218,1,ICBHI,Meditron,0.9490118544722848,4
ICBHI_218_1b1_PR_011,ICBHI_218_1b1_PR,ICBHI_218,1,ICBHI,Meditron,0.9111797075998822,4
ICBHI_218_1b1_PR_012,ICBHI_218_1b1_PR,ICBHI_218,1,ICBHI,Meditron,0.7010994973891295,4
ICBHI_218_1b1_PR_013,ICBHI_218_1b1_PR,ICBHI_218,1,ICBHI,Meditron,0.6504672640462058,4
ICBHI_218_1b1_PR_014,ICBHI_218_1b1_PR,ICBHI_218,1,ICBHI,Meditron,0.5723642741514212,4
ICBHI_218_1b1_PR_015,ICBHI_218_1b1_PR,ICBHI_218,1,ICBHI,Meditron,0.4413720042307835,4
ICBHI_218_1b1_PR_016,ICBHI_218_1b1_PR,ICBHI_218,1,ICBHI,Meditron,0.4676356461173832,4
ICBHI_218_1b1_PR_017,ICBHI_218_1b1_PR,ICBHI_218,1,ICBHI,Meditron,0.5058667351393562,4
ICBHI_218_1b1_PR_018,ICBHI_218_1b1_PR,ICBHI_218,1,ICBHI,Meditron,0.5027541835693619,4
ICBHI_218_1b1_PR_019,ICBHI_218_1b1_PR,ICBHI_218,1,ICBHI,Meditron,0.6195288291311997,4
ICBHI_218_1b1_PR_020,ICBHI_218_1b1_PR,ICBHI_218,1,ICBHI,Meditron,0.725259623330965,4
ICBHI_218_1b1_PR_021,ICBHI_218_1b1_PR,ICBHI_218,1,ICBHI,Meditron,0.8200374981453415,4
ICBHI_218_1b1_PR_022,ICBHI_218_1b1_PR,ICBHI_218,1,ICBHI,Meditron,0.8495971982174474,4
ICBHI_218_1b1_PR_023,ICBHI_218_1b1_PR,ICBHI_218,1,ICBHI,Meditron,0.8418256472515684,4
ICBHI_218_1b1_PR_024,ICBHI_218_1b1_PR,ICBHI_218,1,ICBHI,Meditron,0.7136312257131276,4
ICBHI_218_1b1_PR_025,ICBHI_218_1b1_PR,ICBHI_218,1,ICBHI,Meditron,0.5133025240932364,4
ICBHI_218_1p1_AR_000,ICBHI_218_1p1_AR,ICBHI_218,1,ICBHI,Litt3200,0.3684056955947133,4
ICBHI_218_1p1_AR_001,ICBHI_218_1p1_AR,ICBHI_218,1,ICBHI,Litt3200,0.3208213008246069,4
ICBHI_218_1p1_AR_002,ICBHI_218_1p1_AR,ICBHI_218,1,ICBHI,Litt3200,0.2746430933759977,4
ICBHI_218_1p1_AR_003,ICBHI_218_1p1_AR,ICBHI_218,1,ICBHI,Litt3200,0.4459215889379448,4
ICBHI_218_1p1_AR_004,ICBHI_218_1p1_AR,ICBHI_218,1,ICBHI,Litt3200,0.4766862293020136,4
ICBHI_218_1p1_AR_005,ICBHI_218_1p1_AR,ICBHI_218,1,ICBHI,Litt3200,0.4892442132439305,4
ICBHI_218_1p1_AR_006,ICBHI_218_1p1_AR,ICBHI_218,1,ICBHI,Litt3200,0.4945566420672312,4
ICBHI_218_1p1_AR_007,ICBHI_218_1p1_AR,ICBHI_218,1,ICBHI,Litt3200,0.3909989221190488,4
ICBHI_218_1p1_AR_008,ICBHI_218_1p1_AR,ICBHI_218,1,ICBHI,Litt3200,0.5038985415992827,4
ICBHI_218_1p1_AR_009,ICBHI_218_1p1_AR,ICBHI_218,1,ICBHI,Litt3200,0.5296131289442402,4
ICBHI_218_1p1_PL_000,ICBHI_218_1p1_PL,ICBHI_218,1,ICBHI,Litt3200,0.7602948833201225,4
ICBHI_218_1p1_PL_001,ICBHI_218_1p1_PL,ICBHI_218,1,ICBHI,Litt3200,0.7157221328534461,4
ICBHI_218_1p1_PL_002,ICBHI_218_1p1_PL,ICBHI_218,1,ICBHI,Litt3200,0.7534666539902642,4
ICBHI_218_1p1_PL_003,ICBHI_218_1p1_PL,ICBHI_218,1,ICBHI,Litt3200,0.6378207352182272,4
ICBHI_218_1p1_PL_004,ICBHI_218_1p1_PL,ICBHI_218,1,ICBHI,Litt3200,0.6152612452767166,4
ICBHI_218_1p1_PL_005,ICBHI_218_1p1_PL,ICBHI_218,1,ICBHI,Litt3200,0.6056241231520547,4
ICBHI_218_1p1_PL_006,ICBHI_218_1p1_PL,ICBHI_218,1,ICBHI,Litt3200,0.5630776646181591,4
ICBHI_218_1p1_PL_007,ICBHI_218_1p1_PL,ICBHI_218,1,ICBHI,Litt3200,0.6327297197512531,4
ICBHI_218_1p1_PL_008,ICBHI_218_1p1_PL,ICBHI_218,1,ICBHI,Litt3200,0.7664684879310303,4
ICBHI_218_1p1_PL_009,ICBHI_218_1p1_PL,ICBHI_218,1,ICBHI,Litt3200,0.7268135846252497,4
ICBHI_218_1p1_PL_010,ICBHI_218_1p1_PL,ICBHI_218,1,ICBHI,Litt3200,0.7450275362362425,4
ICBHI_218_1p1_PR_000,ICBHI_218_1p1_PR,ICBHI_218,1,ICBHI,Litt3200,0.5008306495654146,4
ICBHI_218_1p1_PR_001,ICBHI_218_1p1_PR,ICBHI_218,1,ICBHI,Litt3200,0.4182810178652786,4
ICBHI_218_1p1_PR_002,ICBHI_218_1p1_PR,ICBHI_218,1,ICBHI,Litt3200,0.5159247878240204,4
ICBHI_218_1p1_PR_003,ICBHI_218_1p1_PR,ICBHI_218,1,ICBHI,Litt3200,0.5908382267865563,4
ICBHI_218_1p1_PR_004,ICBHI_218_1p1_PR,ICBHI_218,1,ICBHI,Litt3200,0.6331834746748422,4
ICBHI_218_1p1_PR_005,ICBHI_218_1p1_PR,ICBHI_218,1,ICBHI,Litt3200,0.4493020213155547,4
ICBHI_218_1p1_PR_006,ICBHI_218_1p1_PR,ICBHI_218,1,ICBHI,Litt3200,0.4478828583365259,4
ICBHI_218_1p1_PR_007,ICBHI_218_1p1_PR,ICBHI_218,1,ICBHI,Litt3200,0.4603495440510337,4
ICBHI_218_1p1_PR_008,ICBHI_218_1p1_PR,ICBHI_218,1,ICBHI,Litt3200,0.5830846619783866,4
ICBHI_218_1p1_PR_009,ICBHI_218_1p1_PR,ICBHI_218,1,ICBHI,Litt3200,0.6176856105628171,4
ICBHI_224_1b1_TC_000,ICBHI_224_1b1_TC,ICBHI_224,0,ICBHI,Meditron,0.4449265076992867,4
ICBHI_224_1b1_TC_001,ICBHI_224_1b1_TC,ICBHI_224,0,ICBHI,Meditron,0.2078571585285878,4
ICBHI_224_1b1_TC_002,ICBHI_224_1b1_TC,ICBHI_224,0,ICBHI,Meditron,0.1106632282411388,4
ICBHI_224_1b1_TC_003,ICBHI_224_1b1_TC,ICBHI_224,0,ICBHI,Meditron,0.0794956992601391,4
ICBHI_224_1b1_TC_004,ICBHI_224_1b1_TC,ICBHI_224,0,ICBHI,Meditron,0.1074374766084201,4
ICBHI_224_1b1_TC_005,ICBHI_224_1b1_TC,ICBHI_224,0,ICBHI,Meditron,0.2982869221861587,4
ICBHI_224_1b1_TC_006,ICBHI_224_1b1_TC,ICBHI_224,0,ICBHI,Meditron,0.5267079532922733,4
ICBHI_224_1b2_AL_000,ICBHI_224_1b2_AL,ICBHI_224,0,ICBHI,Meditron,0.8370879625470882,4
ICBHI_224_1b2_AL_001,ICBHI_224_1b2_AL,ICBHI_224,0,ICBHI,Meditron,0.6986379551640148,4
ICBHI_224_1b2_AL_002,ICBHI_224_1b2_AL,ICBHI_224,0,ICBHI,Meditron,0.3789760860488021,4
ICBHI_224_1b2_AL_003,ICBHI_224_1b2_AL,ICBHI_224,0,ICBHI,Meditron,0.2237160724729116,4
ICBHI_224_1b2_AL_004,ICBHI_224_1b2_AL,ICBHI_224,0,ICBHI,Meditron,0.4561977778501357,4
ICBHI_224_1b2_AL_005,ICBHI_224_1b2_AL,ICBHI_224,0,ICBHI,Meditron,0.4990711222844205,4
ICBHI_224_1b2_AL_006,ICBHI_224_1b2_AL,ICBHI_224,0,ICBHI,Meditron,0.39940161923485,4
