2026-09-26 21:47:14,425 INFO run_id=20260927T024714Z_f0950f protocolo=holdout_cv_v3 model=crnn dataset=all experiment=all device=cuda:0 NVIDIA RTX A5500, 23.3 GiB libres de 23.5 GiB num_workers=0 smoke_test=False resume=False parametros=1192482
2026-09-26 21:47:14,447 INFO preparando ICBHI/no_dn (rama no_dn, augment=False, protocolo holdout_cv_v3)
2026-09-26 21:47:14,996 INFO ICBHI/no_dn fold 0: log-mel no_dn listo en 0.5 s, forma (4715, 1, 64, 309)
2026-09-26 21:47:15,010 INFO ICBHI/no_dn fold 0: 57/15 pacientes train/validation, 20 de 20 configuracion(es) por evaluar
2026-09-26 21:47:19,701 INFO ICBHI/no_dn fold 0: config 0 (lr=0.0001, dropout=0.3) epoca 1: train_loss=0.5317 val_loss=0.2213 val_BA=0.800 mejor_epoca=1
2026-09-26 21:47:23,333 INFO ICBHI/no_dn fold 0: config 0 (lr=0.0001, dropout=0.3) epoca 2: train_loss=0.2640 val_loss=0.1415 val_BA=0.800 mejor_epoca=2
2026-09-26 21:47:27,040 INFO ICBHI/no_dn fold 0: config 0 (lr=0.0001, dropout=0.3) epoca 3: train_loss=0.1940 val_loss=0.0851 val_BA=0.900 mejor_epoca=3
2026-09-26 21:47:30,780 INFO ICBHI/no_dn fold 0: config 0 (lr=0.0001, dropout=0.3) epoca 4: train_loss=0.1194 val_loss=0.0916 val_BA=1.000 mejor_epoca=4
2026-09-26 21:47:34,450 INFO ICBHI/no_dn fold 0: config 0 (lr=0.0001, dropout=0.3) epoca 5: train_loss=0.0621 val_loss=0.0425 val_BA=1.000 mejor_epoca=5
2026-09-26 21:47:52,787 INFO ICBHI/no_dn fold 0: config 0 (lr=0.0001, dropout=0.3) epoca 10: train_loss=0.0438 val_loss=0.1845 val_BA=0.900 mejor_epoca=5
2026-09-26 21:48:29,265 INFO ICBHI/no_dn fold 0: config 0 (lr=0.0001, dropout=0.3) epoca 20: train_loss=0.0290 val_loss=0.1515 val_BA=0.800 mejor_epoca=5
2026-09-26 21:48:29,303 INFO ICBHI/no_dn fold 0 config 0: OK val_BA=1.000 mejor_epoca=5 (1.2 min)
2026-09-26 21:48:31,857 INFO ICBHI/no_dn fold 0: config 1 (lr=0.0001, dropout=0.3) epoca 1: train_loss=0.5164 val_loss=0.3602 val_BA=0.900 mejor_epoca=1
2026-09-26 21:48:36,349 INFO ICBHI/no_dn fold 0: config 1 (lr=0.0001, dropout=0.3) epoca 3: train_loss=0.1649 val_loss=0.1794 val_BA=1.000 mejor_epoca=3
2026-09-26 21:48:52,101 INFO ICBHI/no_dn fold 0: config 1 (lr=0.0001, dropout=0.3) epoca 10: train_loss=0.0238 val_loss=0.1155 val_BA=0.900 mejor_epoca=3
2026-09-26 21:49:14,446 INFO ICBHI/no_dn fold 0: config 1 (lr=0.0001, dropout=0.3) epoca 20: train_loss=0.0076 val_loss=0.1082 val_BA=0.900 mejor_epoca=3
2026-09-26 21:49:14,472 INFO ICBHI/no_dn fold 0 config 1: OK val_BA=1.000 mejor_epoca=3 (0.8 min)
2026-09-26 21:49:17,357 INFO ICBHI/no_dn fold 0: config 2 (lr=0.0001, dropout=0.4) epoca 1: train_loss=0.5184 val_loss=0.2666 val_BA=0.700 mejor_epoca=1
2026-09-26 21:49:19,985 INFO ICBHI/no_dn fold 0: config 2 (lr=0.0001, dropout=0.4) epoca 2: train_loss=0.2476 val_loss=0.3944 val_BA=1.000 mejor_epoca=2
2026-09-26 21:49:28,028 INFO ICBHI/no_dn fold 0: config 2 (lr=0.0001, dropout=0.4) epoca 5: train_loss=0.0566 val_loss=0.0661 val_BA=1.000 mejor_epoca=5
2026-09-26 21:49:41,490 INFO ICBHI/no_dn fold 0: config 2 (lr=0.0001, dropout=0.4) epoca 10: train_loss=0.0200 val_loss=0.0876 val_BA=0.900 mejor_epoca=5
2026-09-26 21:50:07,617 INFO ICBHI/no_dn fold 0: config 2 (lr=0.0001, dropout=0.4) epoca 20: train_loss=0.0359 val_loss=0.1356 val_BA=0.900 mejor_epoca=5
2026-09-26 21:50:07,649 INFO ICBHI/no_dn fold 0 config 2: OK val_BA=1.000 mejor_epoca=5 (0.9 min)
2026-09-26 21:50:11,941 INFO ICBHI/no_dn fold 0: config 3 (lr=0.0001, dropout=0.4) epoca 1: train_loss=0.5590 val_loss=0.3832 val_BA=1.000 mejor_epoca=1
2026-09-26 21:50:15,432 INFO ICBHI/no_dn fold 0: config 3 (lr=0.0001, dropout=0.4) epoca 2: train_loss=0.2586 val_loss=0.1647 val_BA=1.000 mejor_epoca=2
2026-09-26 21:50:43,792 INFO ICBHI/no_dn fold 0: config 3 (lr=0.0001, dropout=0.4) epoca 10: train_loss=0.0632 val_loss=0.0764 val_BA=1.000 mejor_epoca=10
2026-09-26 21:51:11,789 INFO ICBHI/no_dn fold 0: config 3 (lr=0.0001, dropout=0.4) epoca 18: train_loss=0.0383 val_loss=0.0346 val_BA=1.000 mejor_epoca=18
2026-09-26 21:51:19,281 INFO ICBHI/no_dn fold 0: config 3 (lr=0.0001, dropout=0.4) epoca 20: train_loss=0.0013 val_loss=0.1447 val_BA=0.900 mejor_epoca=18
2026-09-26 21:51:56,284 INFO ICBHI/no_dn fold 0: config 3 (lr=0.0001, dropout=0.4) epoca 30: train_loss=0.0568 val_loss=0.2149 val_BA=0.800 mejor_epoca=18
2026-09-26 21:52:07,474 INFO ICBHI/no_dn fold 0 config 3: OK val_BA=1.000 mejor_epoca=18 (2.0 min)
2026-09-26 21:52:10,446 INFO ICBHI/no_dn fold 0: config 4 (lr=0.0001, dropout=0.4) epoca 1: train_loss=0.5020 val_loss=0.3852 val_BA=1.000 mejor_epoca=1
2026-09-26 21:52:15,741 INFO ICBHI/no_dn fold 0: config 4 (lr=0.0001, dropout=0.4) epoca 3: train_loss=0.1323 val_loss=0.2043 val_BA=1.000 mejor_epoca=3
2026-09-26 21:52:33,890 INFO ICBHI/no_dn fold 0: config 4 (lr=0.0001, dropout=0.4) epoca 10: train_loss=0.0149 val_loss=0.0985 val_BA=0.900 mejor_epoca=3
2026-09-26 21:52:48,942 INFO ICBHI/no_dn fold 0: config 4 (lr=0.0001, dropout=0.4) epoca 16: train_loss=0.0065 val_loss=0.0611 val_BA=1.000 mejor_epoca=16
2026-09-26 21:52:59,101 INFO ICBHI/no_dn fold 0: config 4 (lr=0.0001, dropout=0.4) epoca 20: train_loss=0.0026 val_loss=0.1310 val_BA=0.900 mejor_epoca=16
2026-09-26 21:53:24,742 INFO ICBHI/no_dn fold 0: config 4 (lr=0.0001, dropout=0.4) epoca 30: train_loss=0.0012 val_loss=0.1524 val_BA=0.800 mejor_epoca=16
2026-09-26 21:53:27,116 INFO ICBHI/no_dn fold 0 config 4: OK val_BA=1.000 mejor_epoca=16 (1.3 min)
2026-09-26 21:53:29,536 INFO ICBHI/no_dn fold 0: config 5 (lr=0.0001, dropout=0.4) epoca 1: train_loss=0.5398 val_loss=0.2771 val_BA=1.000 mejor_epoca=1
2026-09-26 21:53:33,846 INFO ICBHI/no_dn fold 0: config 5 (lr=0.0001, dropout=0.4) epoca 3: train_loss=0.1572 val_loss=0.2688 val_BA=1.000 mejor_epoca=3
2026-09-26 21:53:35,946 INFO ICBHI/no_dn fold 0: config 5 (lr=0.0001, dropout=0.4) epoca 4: train_loss=0.0936 val_loss=0.2343 val_BA=1.000 mejor_epoca=4
2026-09-26 21:53:48,595 INFO ICBHI/no_dn fold 0: config 5 (lr=0.0001, dropout=0.4) epoca 10: train_loss=0.0291 val_loss=0.0923 val_BA=0.900 mejor_epoca=4
2026-09-26 21:53:54,785 INFO ICBHI/no_dn fold 0: config 5 (lr=0.0001, dropout=0.4) epoca 13: train_loss=0.0173 val_loss=0.0835 val_BA=1.000 mejor_epoca=13
2026-09-26 21:54:09,389 INFO ICBHI/no_dn fold 0: config 5 (lr=0.0001, dropout=0.4) epoca 20: train_loss=0.0072 val_loss=0.1624 val_BA=0.900 mejor_epoca=13
2026-09-26 21:54:26,013 INFO ICBHI/no_dn fold 0 config 5: OK val_BA=1.000 mejor_epoca=13 (1.0 min)
2026-09-26 21:54:31,232 INFO ICBHI/no_dn fold 0: config 6 (lr=0.0001, dropout=0.5) epoca 1: train_loss=0.6306 val_loss=0.3174 val_BA=0.800 mejor_epoca=1
2026-09-26 21:54:35,892 INFO ICBHI/no_dn fold 0: config 6 (lr=0.0001, dropout=0.5) epoca 2: train_loss=0.3384 val_loss=0.1243 val_BA=0.800 mejor_epoca=2
2026-09-26 21:54:40,272 INFO ICBHI/no_dn fold 0: config 6 (lr=0.0001, dropout=0.5) epoca 3: train_loss=0.1862 val_loss=0.0990 val_BA=0.900 mejor_epoca=3
2026-09-26 21:54:47,988 INFO ICBHI/no_dn fold 0: config 6 (lr=0.0001, dropout=0.5) epoca 5: train_loss=0.0761 val_loss=0.0983 val_BA=0.900 mejor_epoca=5
2026-09-26 21:54:52,408 INFO ICBHI/no_dn fold 0: config 6 (lr=0.0001, dropout=0.5) epoca 6: train_loss=0.0369 val_loss=0.0802 val_BA=0.900 mejor_epoca=6
2026-09-26 21:55:03,914 INFO ICBHI/no_dn fold 0: config 6 (lr=0.0001, dropout=0.5) epoca 9: train_loss=0.0204 val_loss=0.0501 val_BA=0.900 mejor_epoca=9
2026-09-26 21:55:07,822 INFO ICBHI/no_dn fold 0: config 6 (lr=0.0001, dropout=0.5) epoca 10: train_loss=0.0328 val_loss=0.1356 val_BA=0.800 mejor_epoca=9
2026-09-26 21:55:28,264 INFO ICBHI/no_dn fold 0: config 6 (lr=0.0001, dropout=0.5) epoca 16: train_loss=0.0679 val_loss=0.0660 val_BA=1.000 mejor_epoca=16
2026-09-26 21:55:41,703 INFO ICBHI/no_dn fold 0: config 6 (lr=0.0001, dropout=0.5) epoca 20: train_loss=0.0446 val_loss=0.2441 val_BA=1.000 mejor_epoca=16
2026-09-26 21:56:15,841 INFO ICBHI/no_dn fold 0: config 6 (lr=0.0001, dropout=0.5) epoca 30: train_loss=0.0055 val_loss=0.1968 val_BA=0.900 mejor_epoca=16
2026-09-26 21:56:19,355 INFO ICBHI/no_dn fold 0 config 6: OK val_BA=1.000 mejor_epoca=16 (1.9 min)
2026-09-26 21:56:21,746 INFO ICBHI/no_dn fold 0: config 7 (lr=0.0001, dropout=0.5) epoca 1: train_loss=0.5472 val_loss=0.3347 val_BA=0.900 mejor_epoca=1
2026-09-26 21:56:23,822 INFO ICBHI/no_dn fold 0: config 7 (lr=0.0001, dropout=0.5) epoca 2: train_loss=0.2988 val_loss=0.2361 val_BA=1.000 mejor_epoca=2
2026-09-26 21:56:36,090 INFO ICBHI/no_dn fold 0: config 7 (lr=0.0001, dropout=0.5) epoca 8: train_loss=0.0359 val_loss=0.0859 val_BA=1.000 mejor_epoca=8
2026-09-26 21:56:40,095 INFO ICBHI/no_dn fold 0: config 7 (lr=0.0001, dropout=0.5) epoca 10: train_loss=0.0236 val_loss=0.1149 val_BA=0.800 mejor_epoca=8
2026-09-26 21:57:00,250 INFO ICBHI/no_dn fold 0: config 7 (lr=0.0001, dropout=0.5) epoca 20: train_loss=0.0657 val_loss=0.1724 val_BA=0.600 mejor_epoca=8
2026-09-26 21:57:06,341 INFO ICBHI/no_dn fold 0 config 7: OK val_BA=1.000 mejor_epoca=8 (0.8 min)
2026-09-26 21:57:08,637 INFO ICBHI/no_dn fold 0: config 8 (lr=0.0003, dropout=0.3) epoca 1: train_loss=0.4623 val_loss=0.1911 val_BA=0.700 mejor_epoca=1
2026-09-26 21:57:10,698 INFO ICBHI/no_dn fold 0: config 8 (lr=0.0003, dropout=0.3) epoca 2: train_loss=0.1710 val_loss=0.5269 val_BA=1.000 mejor_epoca=2
2026-09-26 21:57:27,267 INFO ICBHI/no_dn fold 0: config 8 (lr=0.0003, dropout=0.3) epoca 10: train_loss=0.0153 val_loss=0.0979 val_BA=0.900 mejor_epoca=2
2026-09-26 21:57:43,895 INFO ICBHI/no_dn fold 0: config 8 (lr=0.0003, dropout=0.3) epoca 18: train_loss=0.0134 val_loss=0.1220 val_BA=1.000 mejor_epoca=18
2026-09-26 21:57:47,964 INFO ICBHI/no_dn fold 0: config 8 (lr=0.0003, dropout=0.3) epoca 20: train_loss=0.0032 val_loss=0.2012 val_BA=0.800 mejor_epoca=18
2026-09-26 21:58:08,613 INFO ICBHI/no_dn fold 0: config 8 (lr=0.0003, dropout=0.3) epoca 30: train_loss=0.0213 val_loss=0.2439 val_BA=0.800 mejor_epoca=18
2026-09-26 21:58:10,667 INFO ICBHI/no_dn fold 0: config 8 (lr=0.0003, dropout=0.3) epoca 31: train_loss=0.0121 val_loss=0.0352 val_BA=1.000 mejor_epoca=31
2026-09-26 21:58:29,462 INFO ICBHI/no_dn fold 0: config 8 (lr=0.0003, dropout=0.3) epoca 40: train_loss=0.0007 val_loss=0.2967 val_BA=0.700 mejor_epoca=31
2026-09-26 21:58:41,825 INFO ICBHI/no_dn fold 0 config 8: OK val_BA=1.000 mejor_epoca=31 (1.6 min)
2026-09-26 21:58:44,515 INFO ICBHI/no_dn fold 0: config 9 (lr=0.0003, dropout=0.4) epoca 1: train_loss=0.4170 val_loss=0.4387 val_BA=1.000 mejor_epoca=1
2026-09-26 21:58:49,356 INFO ICBHI/no_dn fold 0: config 9 (lr=0.0003, dropout=0.4) epoca 3: train_loss=0.1582 val_loss=0.0688 val_BA=1.000 mejor_epoca=3
2026-09-26 21:59:05,776 INFO ICBHI/no_dn fold 0: config 9 (lr=0.0003, dropout=0.4) epoca 10: train_loss=0.0096 val_loss=0.1562 val_BA=0.800 mejor_epoca=3
2026-09-26 21:59:12,965 INFO ICBHI/no_dn fold 0: config 9 (lr=0.0003, dropout=0.4) epoca 13: train_loss=0.0188 val_loss=0.0655 val_BA=1.000 mejor_epoca=13
2026-09-26 21:59:29,463 INFO ICBHI/no_dn fold 0: config 9 (lr=0.0003, dropout=0.4) epoca 20: train_loss=0.0384 val_loss=0.1490 val_BA=0.900 mejor_epoca=13
2026-09-26 21:59:48,173 INFO ICBHI/no_dn fold 0 config 9: OK val_BA=1.000 mejor_epoca=13 (1.1 min)
2026-09-26 21:59:51,689 INFO ICBHI/no_dn fold 0: config 10 (lr=0.0003, dropout=0.4) epoca 1: train_loss=0.6425 val_loss=0.2867 val_BA=0.800 mejor_epoca=1
2026-09-26 21:59:54,926 INFO ICBHI/no_dn fold 0: config 10 (lr=0.0003, dropout=0.4) epoca 2: train_loss=0.5162 val_loss=0.1555 val_BA=0.900 mejor_epoca=2
2026-09-26 22:00:04,483 INFO ICBHI/no_dn fold 0: config 10 (lr=0.0003, dropout=0.4) epoca 5: train_loss=0.1965 val_loss=0.1400 val_BA=0.900 mejor_epoca=5
2026-09-26 22:00:13,418 INFO ICBHI/no_dn fold 0: config 10 (lr=0.0003, dropout=0.4) epoca 8: train_loss=0.0843 val_loss=0.0755 val_BA=0.900 mejor_epoca=8
2026-09-26 22:00:16,377 INFO ICBHI/no_dn fold 0: config 10 (lr=0.0003, dropout=0.4) epoca 9: train_loss=0.0472 val_loss=0.0962 val_BA=1.000 mejor_epoca=9
2026-09-26 22:00:19,344 INFO ICBHI/no_dn fold 0: config 10 (lr=0.0003, dropout=0.4) epoca 10: train_loss=0.0438 val_loss=0.1568 val_BA=0.800 mejor_epoca=9
2026-09-26 22:00:28,299 INFO ICBHI/no_dn fold 0: config 10 (lr=0.0003, dropout=0.4) epoca 13: train_loss=0.0784 val_loss=0.0932 val_BA=1.000 mejor_epoca=13
2026-09-26 22:00:40,231 INFO ICBHI/no_dn fold 0: config 10 (lr=0.0003, dropout=0.4) epoca 17: train_loss=0.1512 val_loss=0.0871 val_BA=1.000 mejor_epoca=17
2026-09-26 22:00:49,093 INFO ICBHI/no_dn fold 0: config 10 (lr=0.0003, dropout=0.4) epoca 20: train_loss=0.0025 val_loss=0.3046 val_BA=0.600 mejor_epoca=17
2026-09-26 22:00:52,042 INFO ICBHI/no_dn fold 0: config 10 (lr=0.0003, dropout=0.4) epoca 21: train_loss=0.0225 val_loss=0.0844 val_BA=1.000 mejor_epoca=21
2026-09-26 22:00:58,047 INFO ICBHI/no_dn fold 0: config 10 (lr=0.0003, dropout=0.4) epoca 23: train_loss=0.2174 val_loss=0.0260 val_BA=1.000 mejor_epoca=23
2026-09-26 22:01:19,408 INFO ICBHI/no_dn fold 0: config 10 (lr=0.0003, dropout=0.4) epoca 30: train_loss=0.0015 val_loss=0.2176 val_BA=1.000 mejor_epoca=23
2026-09-26 22:01:43,880 INFO ICBHI/no_dn fold 0 config 10: OK val_BA=1.000 mejor_epoca=23 (1.9 min)
2026-09-26 22:01:46,265 INFO ICBHI/no_dn fold 0: config 11 (lr=0.0003, dropout=0.5) epoca 1: train_loss=0.5049 val_loss=0.3542 val_BA=0.950 mejor_epoca=1
2026-09-26 22:01:48,420 INFO ICBHI/no_dn fold 0: config 11 (lr=0.0003, dropout=0.5) epoca 2: train_loss=0.2362 val_loss=0.1722 val_BA=1.000 mejor_epoca=2
2026-09-26 22:01:52,662 INFO ICBHI/no_dn fold 0: config 11 (lr=0.0003, dropout=0.5) epoca 4: train_loss=0.0675 val_loss=0.1239 val_BA=1.000 mejor_epoca=4
2026-09-26 22:02:05,358 INFO ICBHI/no_dn fold 0: config 11 (lr=0.0003, dropout=0.5) epoca 10: train_loss=0.0135 val_loss=0.1064 val_BA=0.800 mejor_epoca=4
2026-09-26 22:02:27,068 INFO ICBHI/no_dn fold 0: config 11 (lr=0.0003, dropout=0.5) epoca 20: train_loss=0.0094 val_loss=0.2008 val_BA=0.700 mejor_epoca=4
2026-09-26 22:02:27,092 INFO ICBHI/no_dn fold 0 config 11: OK val_BA=1.000 mejor_epoca=4 (0.7 min)
2026-09-26 22:02:29,889 INFO ICBHI/no_dn fold 0: config 12 (lr=0.0003, dropout=0.5) epoca 1: train_loss=0.5537 val_loss=0.2201 val_BA=0.900 mejor_epoca=1
2026-09-26 22:02:32,235 INFO ICBHI/no_dn fold 0: config 12 (lr=0.0003, dropout=0.5) epoca 2: train_loss=0.2644 val_loss=0.1807 val_BA=1.000 mejor_epoca=2
2026-09-26 22:02:39,328 INFO ICBHI/no_dn fold 0: config 12 (lr=0.0003, dropout=0.5) epoca 5: train_loss=0.0497 val_loss=0.1040 val_BA=1.000 mejor_epoca=5
2026-09-26 22:02:52,367 INFO ICBHI/no_dn fold 0: config 12 (lr=0.0003, dropout=0.5) epoca 10: train_loss=0.0236 val_loss=0.1417 val_BA=0.800 mejor_epoca=5
2026-09-26 22:03:17,100 INFO ICBHI/no_dn fold 0: config 12 (lr=0.0003, dropout=0.5) epoca 20: train_loss=0.0009 val_loss=0.1877 val_BA=0.800 mejor_epoca=5
2026-09-26 22:03:17,124 INFO ICBHI/no_dn fold 0 config 12: OK val_BA=1.000 mejor_epoca=5 (0.8 min)
2026-09-26 22:03:20,663 INFO ICBHI/no_dn fold 0: config 13 (lr=0.001, dropout=0.2) epoca 1: train_loss=0.9481 val_loss=0.2549 val_BA=0.500 mejor_epoca=1
2026-09-26 22:03:23,952 INFO ICBHI/no_dn fold 0: config 13 (lr=0.001, dropout=0.2) epoca 2: train_loss=0.8567 val_loss=0.3333 val_BA=0.800 mejor_epoca=2
2026-09-26 22:03:43,926 INFO ICBHI/no_dn fold 0: config 13 (lr=0.001, dropout=0.2) epoca 8: train_loss=0.6987 val_loss=0.1433 val_BA=0.800 mejor_epoca=8
2026-09-26 22:03:50,484 INFO ICBHI/no_dn fold 0: config 13 (lr=0.001, dropout=0.2) epoca 10: train_loss=0.4128 val_loss=0.0588 val_BA=0.900 mejor_epoca=10
2026-09-26 22:04:04,029 INFO ICBHI/no_dn fold 0: config 13 (lr=0.001, dropout=0.2) epoca 14: train_loss=0.1567 val_loss=0.0833 val_BA=1.000 mejor_epoca=14
2026-09-26 22:04:24,877 INFO ICBHI/no_dn fold 0: config 13 (lr=0.001, dropout=0.2) epoca 20: train_loss=0.0850 val_loss=0.1161 val_BA=0.900 mejor_epoca=14
2026-09-26 22:04:47,052 INFO ICBHI/no_dn fold 0: config 13 (lr=0.001, dropout=0.2) epoca 26: train_loss=0.0499 val_loss=0.0614 val_BA=1.000 mejor_epoca=26
2026-09-26 22:05:01,031 INFO ICBHI/no_dn fold 0: config 13 (lr=0.001, dropout=0.2) epoca 30: train_loss=0.0516 val_loss=0.1132 val_BA=0.900 mejor_epoca=26
2026-09-26 22:05:05,191 INFO ICBHI/no_dn fold 0: config 13 (lr=0.001, dropout=0.2) epoca 31: train_loss=0.0613 val_loss=0.0445 val_BA=1.000 mejor_epoca=31
2026-09-26 22:05:20,749 INFO ICBHI/no_dn fold 0: config 13 (lr=0.001, dropout=0.2) epoca 35: train_loss=0.0189 val_loss=0.0414 val_BA=1.000 mejor_epoca=35
2026-09-26 22:05:40,215 INFO ICBHI/no_dn fold 0: config 13 (lr=0.001, dropout=0.2) epoca 40: train_loss=0.0576 val_loss=0.0381 val_BA=1.000 mejor_epoca=40
2026-09-26 22:06:16,662 INFO ICBHI/no_dn fold 0: config 13 (lr=0.001, dropout=0.2) epoca 50: train_loss=0.0001 val_loss=0.1395 val_BA=1.000 mejor_epoca=40
2026-09-26 22:06:35,981 INFO ICBHI/no_dn fold 0 config 13: OK val_BA=1.000 mejor_epoca=40 (3.3 min)
2026-09-26 22:06:38,502 INFO ICBHI/no_dn fold 0: config 14 (lr=0.001, dropout=0.3) epoca 1: train_loss=0.6040 val_loss=0.4461 val_BA=0.600 mejor_epoca=1
2026-09-26 22:06:42,793 INFO ICBHI/no_dn fold 0: config 14 (lr=0.001, dropout=0.3) epoca 3: train_loss=0.2232 val_loss=0.1360 val_BA=0.700 mejor_epoca=3
2026-09-26 22:06:44,952 INFO ICBHI/no_dn fold 0: config 14 (lr=0.001, dropout=0.3) epoca 4: train_loss=0.1877 val_loss=0.1359 val_BA=0.900 mejor_epoca=4
2026-09-26 22:06:47,176 INFO ICBHI/no_dn fold 0: config 14 (lr=0.001, dropout=0.3) epoca 5: train_loss=0.1123 val_loss=0.2846 val_BA=1.000 mejor_epoca=5
2026-09-26 22:06:51,583 INFO ICBHI/no_dn fold 0: config 14 (lr=0.001, dropout=0.3) epoca 7: train_loss=0.0626 val_loss=0.1575 val_BA=1.000 mejor_epoca=7
2026-09-26 22:06:55,999 INFO ICBHI/no_dn fold 0: config 14 (lr=0.001, dropout=0.3) epoca 9: train_loss=0.0754 val_loss=0.1214 val_BA=1.000 mejor_epoca=9
2026-09-26 22:06:58,169 INFO ICBHI/no_dn fold 0: config 14 (lr=0.001, dropout=0.3) epoca 10: train_loss=0.0192 val_loss=0.0776 val_BA=1.000 mejor_epoca=10
2026-09-26 22:07:17,761 INFO ICBHI/no_dn fold 0: config 14 (lr=0.001, dropout=0.3) epoca 19: train_loss=0.0091 val_loss=0.0710 val_BA=1.000 mejor_epoca=19
2026-09-26 22:07:19,904 INFO ICBHI/no_dn fold 0: config 14 (lr=0.001, dropout=0.3) epoca 20: train_loss=0.0362 val_loss=0.0975 val_BA=0.900 mejor_epoca=19
2026-09-26 22:07:26,640 INFO ICBHI/no_dn fold 0: config 14 (lr=0.001, dropout=0.3) epoca 23: train_loss=0.0222 val_loss=0.0424 val_BA=1.000 mejor_epoca=23
2026-09-26 22:07:42,357 INFO ICBHI/no_dn fold 0: config 14 (lr=0.001, dropout=0.3) epoca 30: train_loss=0.0009 val_loss=0.1011 val_BA=1.000 mejor_epoca=23
2026-09-26 22:08:00,178 INFO ICBHI/no_dn fold 0 config 14: OK val_BA=1.000 mejor_epoca=23 (1.4 min)
2026-09-26 22:08:03,253 INFO ICBHI/no_dn fold 0: config 15 (lr=0.001, dropout=0.3) epoca 1: train_loss=0.5936 val_loss=0.1568 val_BA=0.500 mejor_epoca=1
2026-09-26 22:08:05,760 INFO ICBHI/no_dn fold 0: config 15 (lr=0.001, dropout=0.3) epoca 2: train_loss=0.3799 val_loss=0.0862 val_BA=0.800 mejor_epoca=2
2026-09-26 22:08:08,210 INFO ICBHI/no_dn fold 0: config 15 (lr=0.001, dropout=0.3) epoca 3: train_loss=0.4361 val_loss=0.1252 val_BA=0.900 mejor_epoca=3
2026-09-26 22:08:10,801 INFO ICBHI/no_dn fold 0: config 15 (lr=0.001, dropout=0.3) epoca 4: train_loss=0.2617 val_loss=0.0554 val_BA=0.900 mejor_epoca=4
2026-09-26 22:08:13,409 INFO ICBHI/no_dn fold 0: config 15 (lr=0.001, dropout=0.3) epoca 5: train_loss=0.2556 val_loss=0.0880 val_BA=1.000 mejor_epoca=5
2026-09-26 22:08:23,680 INFO ICBHI/no_dn fold 0: config 15 (lr=0.001, dropout=0.3) epoca 9: train_loss=0.1259 val_loss=0.0872 val_BA=1.000 mejor_epoca=9
2026-09-26 22:08:26,227 INFO ICBHI/no_dn fold 0: config 15 (lr=0.001, dropout=0.3) epoca 10: train_loss=0.0810 val_loss=0.0926 val_BA=0.800 mejor_epoca=9
2026-09-26 22:08:28,743 INFO ICBHI/no_dn fold 0: config 15 (lr=0.001, dropout=0.3) epoca 11: train_loss=0.0954 val_loss=0.0355 val_BA=1.000 mejor_epoca=11
2026-09-26 22:08:51,795 INFO ICBHI/no_dn fold 0: config 15 (lr=0.001, dropout=0.3) epoca 20: train_loss=0.0616 val_loss=0.2172 val_BA=1.000 mejor_epoca=11
2026-09-26 22:09:06,878 INFO ICBHI/no_dn fold 0 config 15: OK val_BA=1.000 mejor_epoca=11 (1.1 min)
2026-09-26 22:09:10,747 INFO ICBHI/no_dn fold 0: config 16 (lr=0.001, dropout=0.4) epoca 1: train_loss=1.0013 val_loss=0.3142 val_BA=0.500 mejor_epoca=1
2026-09-26 22:09:14,662 INFO ICBHI/no_dn fold 0: config 16 (lr=0.001, dropout=0.4) epoca 2: train_loss=0.9183 val_loss=0.2906 val_BA=0.500 mejor_epoca=2
2026-09-26 22:09:18,244 INFO ICBHI/no_dn fold 0: config 16 (lr=0.001, dropout=0.4) epoca 3: train_loss=0.7261 val_loss=0.1654 val_BA=0.500 mejor_epoca=3
2026-09-26 22:09:21,902 INFO ICBHI/no_dn fold 0: config 16 (lr=0.001, dropout=0.4) epoca 4: train_loss=0.6582 val_loss=0.4911 val_BA=0.800 mejor_epoca=4
2026-09-26 22:09:29,576 INFO ICBHI/no_dn fold 0: config 16 (lr=0.001, dropout=0.4) epoca 6: train_loss=0.5391 val_loss=0.0994 val_BA=0.800 mejor_epoca=6
2026-09-26 22:09:36,317 INFO ICBHI/no_dn fold 0: config 16 (lr=0.001, dropout=0.4) epoca 8: train_loss=0.4447 val_loss=0.0746 val_BA=0.800 mejor_epoca=8
2026-09-26 22:09:39,654 INFO ICBHI/no_dn fold 0: config 16 (lr=0.001, dropout=0.4) epoca 9: train_loss=0.3278 val_loss=0.0859 val_BA=1.000 mejor_epoca=9
2026-09-26 22:09:43,297 INFO ICBHI/no_dn fold 0: config 16 (lr=0.001, dropout=0.4) epoca 10: train_loss=0.2285 val_loss=0.0750 val_BA=0.800 mejor_epoca=9
2026-09-26 22:09:50,275 INFO ICBHI/no_dn fold 0: config 16 (lr=0.001, dropout=0.4) epoca 12: train_loss=0.1982 val_loss=0.0524 val_BA=1.000 mejor_epoca=12
2026-09-26 22:09:53,725 INFO ICBHI/no_dn fold 0: config 16 (lr=0.001, dropout=0.4) epoca 13: train_loss=0.1379 val_loss=0.0410 val_BA=1.000 mejor_epoca=13
2026-09-26 22:09:57,536 INFO ICBHI/no_dn fold 0: config 16 (lr=0.001, dropout=0.4) epoca 14: train_loss=0.1320 val_loss=0.0208 val_BA=1.000 mejor_epoca=14
2026-09-26 22:10:17,530 INFO ICBHI/no_dn fold 0: config 16 (lr=0.001, dropout=0.4) epoca 20: train_loss=0.1183 val_loss=0.1077 val_BA=1.000 mejor_epoca=14
2026-09-26 22:10:48,805 INFO ICBHI/no_dn fold 0 config 16: OK val_BA=1.000 mejor_epoca=14 (1.7 min)
2026-09-26 22:10:51,587 INFO ICBHI/no_dn fold 0: config 17 (lr=0.001, dropout=0.5) epoca 1: train_loss=0.6183 val_loss=0.2104 val_BA=0.500 mejor_epoca=1
2026-09-26 22:10:54,149 INFO ICBHI/no_dn fold 0: config 17 (lr=0.001, dropout=0.5) epoca 2: train_loss=0.4684 val_loss=0.1741 val_BA=0.600 mejor_epoca=2
2026-09-26 22:10:56,555 INFO ICBHI/no_dn fold 0: config 17 (lr=0.001, dropout=0.5) epoca 3: train_loss=0.3760 val_loss=0.0981 val_BA=0.700 mejor_epoca=3
2026-09-26 22:10:58,994 INFO ICBHI/no_dn fold 0: config 17 (lr=0.001, dropout=0.5) epoca 4: train_loss=0.2437 val_loss=0.0996 val_BA=1.000 mejor_epoca=4
2026-09-26 22:11:13,602 INFO ICBHI/no_dn fold 0: config 17 (lr=0.001, dropout=0.5) epoca 10: train_loss=0.0289 val_loss=0.0967 val_BA=0.900 mejor_epoca=4
2026-09-26 22:11:16,074 INFO ICBHI/no_dn fold 0: config 17 (lr=0.001, dropout=0.5) epoca 11: train_loss=0.1134 val_loss=0.0872 val_BA=1.000 mejor_epoca=11
2026-09-26 22:11:23,281 INFO ICBHI/no_dn fold 0: config 17 (lr=0.001, dropout=0.5) epoca 14: train_loss=0.0354 val_loss=0.0661 val_BA=1.000 mejor_epoca=14
2026-09-26 22:11:37,419 INFO ICBHI/no_dn fold 0: config 17 (lr=0.001, dropout=0.5) epoca 20: train_loss=0.0026 val_loss=0.1404 val_BA=0.800 mejor_epoca=14
2026-09-26 22:12:00,064 INFO ICBHI/no_dn fold 0 config 17: OK val_BA=1.000 mejor_epoca=14 (1.2 min)
2026-09-26 22:12:02,628 INFO ICBHI/no_dn fold 0: config 18 (lr=0.001, dropout=0.5) epoca 1: train_loss=0.5630 val_loss=0.1676 val_BA=0.600 mejor_epoca=1
2026-09-26 22:12:04,913 INFO ICBHI/no_dn fold 0: config 18 (lr=0.001, dropout=0.5) epoca 2: train_loss=0.4191 val_loss=0.1534 val_BA=0.900 mejor_epoca=2
2026-09-26 22:12:11,584 INFO ICBHI/no_dn fold 0: config 18 (lr=0.001, dropout=0.5) epoca 5: train_loss=0.1158 val_loss=0.0797 val_BA=1.000 mejor_epoca=5
2026-09-26 22:12:13,721 INFO ICBHI/no_dn fold 0: config 18 (lr=0.001, dropout=0.5) epoca 6: train_loss=0.0941 val_loss=0.0394 val_BA=1.000 mejor_epoca=6
2026-09-26 22:12:22,205 INFO ICBHI/no_dn fold 0: config 18 (lr=0.001, dropout=0.5) epoca 10: train_loss=0.0804 val_loss=0.0768 val_BA=1.000 mejor_epoca=6
2026-09-26 22:12:42,955 INFO ICBHI/no_dn fold 0: config 18 (lr=0.001, dropout=0.5) epoca 20: train_loss=0.0201 val_loss=0.1079 val_BA=0.900 mejor_epoca=6
2026-09-26 22:12:45,052 INFO ICBHI/no_dn fold 0 config 18: OK val_BA=1.000 mejor_epoca=6 (0.7 min)
2026-09-26 22:12:47,543 INFO ICBHI/no_dn fold 0: config 19 (lr=0.001, dropout=0.5) epoca 1: train_loss=0.6198 val_loss=0.2860 val_BA=0.700 mejor_epoca=1
2026-09-26 22:12:49,692 INFO ICBHI/no_dn fold 0: config 19 (lr=0.001, dropout=0.5) epoca 2: train_loss=0.4633 val_loss=0.1781 val_BA=0.800 mejor_epoca=2
2026-09-26 22:12:51,819 INFO ICBHI/no_dn fold 0: config 19 (lr=0.001, dropout=0.5) epoca 3: train_loss=0.2870 val_loss=0.8527 val_BA=0.850 mejor_epoca=3
2026-09-26 22:12:53,933 INFO ICBHI/no_dn fold 0: config 19 (lr=0.001, dropout=0.5) epoca 4: train_loss=0.2419 val_loss=0.3438 val_BA=0.900 mejor_epoca=4
2026-09-26 22:12:58,163 INFO ICBHI/no_dn fold 0: config 19 (lr=0.001, dropout=0.5) epoca 6: train_loss=0.1489 val_loss=0.1789 val_BA=1.000 mejor_epoca=6
2026-09-26 22:13:06,556 INFO ICBHI/no_dn fold 0: config 19 (lr=0.001, dropout=0.5) epoca 10: train_loss=0.0261 val_loss=0.1487 val_BA=0.900 mejor_epoca=6
2026-09-26 22:13:21,458 INFO ICBHI/no_dn fold 0: config 19 (lr=0.001, dropout=0.5) epoca 17: train_loss=0.0218 val_loss=0.1232 val_BA=1.000 mejor_epoca=17
2026-09-26 22:13:25,625 INFO ICBHI/no_dn fold 0: config 19 (lr=0.001, dropout=0.5) epoca 19: train_loss=0.0259 val_loss=0.0726 val_BA=1.000 mejor_epoca=19
2026-09-26 22:13:27,724 INFO ICBHI/no_dn fold 0: config 19 (lr=0.001, dropout=0.5) epoca 20: train_loss=0.0236 val_loss=0.1857 val_BA=1.000 mejor_epoca=19
2026-09-26 22:13:29,848 INFO ICBHI/no_dn fold 0: config 19 (lr=0.001, dropout=0.5) epoca 21: train_loss=0.0197 val_loss=0.0526 val_BA=1.000 mejor_epoca=21
2026-09-26 22:13:48,847 INFO ICBHI/no_dn fold 0: config 19 (lr=0.001, dropout=0.5) epoca 30: train_loss=0.0007 val_loss=0.1561 val_BA=0.900 mejor_epoca=21
2026-09-26 22:14:01,583 INFO ICBHI/no_dn fold 0 config 19: OK val_BA=1.000 mejor_epoca=21 (1.3 min)
2026-09-26 22:14:02,143 INFO ICBHI/no_dn fold 1: log-mel no_dn listo en 0.5 s, forma (4715, 1, 64, 309)
2026-09-26 22:14:02,158 INFO ICBHI/no_dn fold 1: 57/15 pacientes train/validation, 20 de 20 configuracion(es) por evaluar
2026-09-26 22:14:05,989 INFO ICBHI/no_dn fold 1: config 0 (lr=0.0001, dropout=0.3) epoca 1: train_loss=0.4769 val_loss=0.4004 val_BA=0.830 mejor_epoca=1
2026-09-26 22:14:09,369 INFO ICBHI/no_dn fold 1: config 0 (lr=0.0001, dropout=0.3) epoca 2: train_loss=0.2078 val_loss=0.2171 val_BA=0.875 mejor_epoca=2
2026-09-26 22:14:36,578 INFO ICBHI/no_dn fold 1: config 0 (lr=0.0001, dropout=0.3) epoca 10: train_loss=0.0093 val_loss=0.1482 val_BA=0.625 mejor_epoca=2
2026-09-26 22:15:13,034 INFO ICBHI/no_dn fold 1: config 0 (lr=0.0001, dropout=0.3) epoca 20: train_loss=0.0015 val_loss=0.1534 val_BA=0.625 mejor_epoca=2
2026-09-26 22:15:13,058 INFO ICBHI/no_dn fold 1 config 0: OK val_BA=0.875 mejor_epoca=2 (1.2 min)
2026-09-26 22:15:15,417 INFO ICBHI/no_dn fold 1: config 1 (lr=0.0001, dropout=0.3) epoca 1: train_loss=0.4673 val_loss=0.3993 val_BA=0.875 mejor_epoca=1
2026-09-26 22:15:19,557 INFO ICBHI/no_dn fold 1: config 1 (lr=0.0001, dropout=0.3) epoca 3: train_loss=0.1144 val_loss=0.3666 val_BA=0.875 mejor_epoca=3
2026-09-26 22:15:23,746 INFO ICBHI/no_dn fold 1: config 1 (lr=0.0001, dropout=0.3) epoca 5: train_loss=0.0520 val_loss=0.1807 val_BA=0.875 mejor_epoca=5
2026-09-26 22:15:30,370 INFO ICBHI/no_dn fold 1: config 1 (lr=0.0001, dropout=0.3) epoca 8: train_loss=0.0327 val_loss=0.1376 val_BA=0.875 mejor_epoca=8
2026-09-26 22:15:34,718 INFO ICBHI/no_dn fold 1: config 1 (lr=0.0001, dropout=0.3) epoca 10: train_loss=0.0236 val_loss=0.0949 val_BA=0.750 mejor_epoca=8
2026-09-26 22:15:56,440 INFO ICBHI/no_dn fold 1: config 1 (lr=0.0001, dropout=0.3) epoca 20: train_loss=0.0081 val_loss=0.1100 val_BA=0.500 mejor_epoca=8
2026-09-26 22:16:02,792 INFO ICBHI/no_dn fold 1 config 1: OK val_BA=0.875 mejor_epoca=8 (0.8 min)
2026-09-26 22:16:05,620 INFO ICBHI/no_dn fold 1: config 2 (lr=0.0001, dropout=0.4) epoca 1: train_loss=0.4702 val_loss=0.3552 val_BA=0.875 mejor_epoca=1
2026-09-26 22:16:08,126 INFO ICBHI/no_dn fold 1: config 2 (lr=0.0001, dropout=0.4) epoca 2: train_loss=0.1948 val_loss=0.2790 val_BA=0.875 mejor_epoca=2
2026-09-26 22:16:13,365 INFO ICBHI/no_dn fold 1: config 2 (lr=0.0001, dropout=0.4) epoca 4: train_loss=0.0702 val_loss=0.2680 val_BA=0.875 mejor_epoca=4
2026-09-26 22:16:21,154 INFO ICBHI/no_dn fold 1: config 2 (lr=0.0001, dropout=0.4) epoca 7: train_loss=0.0323 val_loss=0.1713 val_BA=0.875 mejor_epoca=7
2026-09-26 22:16:28,962 INFO ICBHI/no_dn fold 1: config 2 (lr=0.0001, dropout=0.4) epoca 10: train_loss=0.0165 val_loss=0.1245 val_BA=0.625 mejor_epoca=7
2026-09-26 22:16:49,636 INFO ICBHI/no_dn fold 1: config 2 (lr=0.0001, dropout=0.4) epoca 18: train_loss=0.0087 val_loss=0.1435 val_BA=1.000 mejor_epoca=18
2026-09-26 22:16:54,804 INFO ICBHI/no_dn fold 1: config 2 (lr=0.0001, dropout=0.4) epoca 20: train_loss=0.0054 val_loss=0.2898 val_BA=1.000 mejor_epoca=18
2026-09-26 22:17:20,371 INFO ICBHI/no_dn fold 1: config 2 (lr=0.0001, dropout=0.4) epoca 30: train_loss=0.0014 val_loss=0.2411 val_BA=0.625 mejor_epoca=18
2026-09-26 22:17:28,036 INFO ICBHI/no_dn fold 1 config 2: OK val_BA=1.000 mejor_epoca=18 (1.4 min)
2026-09-26 22:17:32,099 INFO ICBHI/no_dn fold 1: config 3 (lr=0.0001, dropout=0.4) epoca 1: train_loss=0.4507 val_loss=0.2033 val_BA=0.625 mejor_epoca=1
2026-09-26 22:17:35,511 INFO ICBHI/no_dn fold 1: config 3 (lr=0.0001, dropout=0.4) epoca 2: train_loss=0.1695 val_loss=0.1399 val_BA=0.875 mejor_epoca=2
2026-09-26 22:17:42,301 INFO ICBHI/no_dn fold 1: config 3 (lr=0.0001, dropout=0.4) epoca 4: train_loss=0.0711 val_loss=0.1116 val_BA=0.875 mejor_epoca=4
2026-09-26 22:17:49,094 INFO ICBHI/no_dn fold 1: config 3 (lr=0.0001, dropout=0.4) epoca 6: train_loss=0.0503 val_loss=0.0954 val_BA=0.875 mejor_epoca=6
2026-09-26 22:18:01,721 INFO ICBHI/no_dn fold 1: config 3 (lr=0.0001, dropout=0.4) epoca 10: train_loss=0.0579 val_loss=0.1447 val_BA=0.625 mejor_epoca=6
2026-09-26 22:18:36,503 INFO ICBHI/no_dn fold 1: config 3 (lr=0.0001, dropout=0.4) epoca 20: train_loss=0.0093 val_loss=0.1599 val_BA=0.750 mejor_epoca=6
2026-09-26 22:18:41,055 INFO ICBHI/no_dn fold 1 config 3: OK val_BA=0.875 mejor_epoca=6 (1.2 min)
2026-09-26 22:18:44,039 INFO ICBHI/no_dn fold 1: config 4 (lr=0.0001, dropout=0.4) epoca 1: train_loss=0.5106 val_loss=0.4038 val_BA=0.875 mejor_epoca=1
2026-09-26 22:18:46,717 INFO ICBHI/no_dn fold 1: config 4 (lr=0.0001, dropout=0.4) epoca 2: train_loss=0.2152 val_loss=0.5617 val_BA=1.000 mejor_epoca=2
2026-09-26 22:19:06,803 INFO ICBHI/no_dn fold 1: config 4 (lr=0.0001, dropout=0.4) epoca 10: train_loss=0.0143 val_loss=0.0944 val_BA=0.750 mejor_epoca=2
2026-09-26 22:19:32,607 INFO ICBHI/no_dn fold 1: config 4 (lr=0.0001, dropout=0.4) epoca 20: train_loss=0.0034 val_loss=0.1682 val_BA=0.625 mejor_epoca=2
2026-09-26 22:19:32,635 INFO ICBHI/no_dn fold 1 config 4: OK val_BA=1.000 mejor_epoca=2 (0.9 min)
2026-09-26 22:19:35,186 INFO ICBHI/no_dn fold 1: config 5 (lr=0.0001, dropout=0.4) epoca 1: train_loss=0.4957 val_loss=0.4907 val_BA=0.875 mejor_epoca=1
2026-09-26 22:19:39,588 INFO ICBHI/no_dn fold 1: config 5 (lr=0.0001, dropout=0.4) epoca 3: train_loss=0.1270 val_loss=0.3969 val_BA=0.875 mejor_epoca=3
2026-09-26 22:19:41,802 INFO ICBHI/no_dn fold 1: config 5 (lr=0.0001, dropout=0.4) epoca 4: train_loss=0.0927 val_loss=0.1932 val_BA=0.875 mejor_epoca=4
2026-09-26 22:19:46,206 INFO ICBHI/no_dn fold 1: config 5 (lr=0.0001, dropout=0.4) epoca 6: train_loss=0.0449 val_loss=0.1674 val_BA=0.875 mejor_epoca=6
2026-09-26 22:19:48,399 INFO ICBHI/no_dn fold 1: config 5 (lr=0.0001, dropout=0.4) epoca 7: train_loss=0.0383 val_loss=0.1239 val_BA=0.875 mejor_epoca=7
2026-09-26 22:19:54,829 INFO ICBHI/no_dn fold 1: config 5 (lr=0.0001, dropout=0.4) epoca 10: train_loss=0.0195 val_loss=0.1076 val_BA=0.875 mejor_epoca=10
2026-09-26 22:20:08,328 INFO ICBHI/no_dn fold 1: config 5 (lr=0.0001, dropout=0.4) epoca 16: train_loss=0.0191 val_loss=0.1932 val_BA=1.000 mejor_epoca=16
2026-09-26 22:20:17,380 INFO ICBHI/no_dn fold 1: config 5 (lr=0.0001, dropout=0.4) epoca 20: train_loss=0.0072 val_loss=0.1717 val_BA=0.625 mejor_epoca=16
2026-09-26 22:20:39,828 INFO ICBHI/no_dn fold 1: config 5 (lr=0.0001, dropout=0.4) epoca 30: train_loss=0.0146 val_loss=0.1251 val_BA=0.750 mejor_epoca=16
2026-09-26 22:20:42,028 INFO ICBHI/no_dn fold 1 config 5: OK val_BA=1.000 mejor_epoca=16 (1.2 min)
2026-09-26 22:20:45,938 INFO ICBHI/no_dn fold 1: config 6 (lr=0.0001, dropout=0.5) epoca 1: train_loss=0.4974 val_loss=0.3285 val_BA=0.750 mejor_epoca=1
2026-09-26 22:20:50,009 INFO ICBHI/no_dn fold 1: config 6 (lr=0.0001, dropout=0.5) epoca 2: train_loss=0.2215 val_loss=0.1555 val_BA=0.875 mejor_epoca=2
2026-09-26 22:21:21,762 INFO ICBHI/no_dn fold 1: config 6 (lr=0.0001, dropout=0.5) epoca 10: train_loss=0.0743 val_loss=0.1188 val_BA=0.625 mejor_epoca=2
2026-09-26 22:22:01,071 INFO ICBHI/no_dn fold 1: config 6 (lr=0.0001, dropout=0.5) epoca 20: train_loss=0.0010 val_loss=0.2370 val_BA=0.625 mejor_epoca=2
2026-09-26 22:22:01,096 INFO ICBHI/no_dn fold 1 config 6: OK val_BA=0.875 mejor_epoca=2 (1.3 min)
2026-09-26 22:22:03,531 INFO ICBHI/no_dn fold 1: config 7 (lr=0.0001, dropout=0.5) epoca 1: train_loss=0.4884 val_loss=0.5195 val_BA=0.830 mejor_epoca=1
2026-09-26 22:22:07,690 INFO ICBHI/no_dn fold 1: config 7 (lr=0.0001, dropout=0.5) epoca 3: train_loss=0.1297 val_loss=0.3592 val_BA=0.875 mejor_epoca=3
2026-09-26 22:22:23,248 INFO ICBHI/no_dn fold 1: config 7 (lr=0.0001, dropout=0.5) epoca 10: train_loss=0.0217 val_loss=0.1555 val_BA=0.625 mejor_epoca=3
2026-09-26 22:22:45,308 INFO ICBHI/no_dn fold 1: config 7 (lr=0.0001, dropout=0.5) epoca 20: train_loss=0.0068 val_loss=0.1315 val_BA=0.500 mejor_epoca=3
2026-09-26 22:22:45,338 INFO ICBHI/no_dn fold 1 config 7: OK val_BA=0.875 mejor_epoca=3 (0.7 min)
2026-09-26 22:22:47,886 INFO ICBHI/no_dn fold 1: config 8 (lr=0.0003, dropout=0.3) epoca 1: train_loss=0.3770 val_loss=0.2718 val_BA=0.500 mejor_epoca=1
2026-09-26 22:22:50,046 INFO ICBHI/no_dn fold 1: config 8 (lr=0.0003, dropout=0.3) epoca 2: train_loss=0.1597 val_loss=0.3011 val_BA=0.875 mejor_epoca=2
2026-09-26 22:22:52,204 INFO ICBHI/no_dn fold 1: config 8 (lr=0.0003, dropout=0.3) epoca 3: train_loss=0.0884 val_loss=0.1490 val_BA=0.875 mejor_epoca=3
2026-09-26 22:22:54,349 INFO ICBHI/no_dn fold 1: config 8 (lr=0.0003, dropout=0.3) epoca 4: train_loss=0.0505 val_loss=0.1010 val_BA=0.875 mejor_epoca=4
2026-09-26 22:23:06,986 INFO ICBHI/no_dn fold 1: config 8 (lr=0.0003, dropout=0.3) epoca 10: train_loss=0.0105 val_loss=0.1654 val_BA=0.625 mejor_epoca=4
2026-09-26 22:23:27,575 INFO ICBHI/no_dn fold 1: config 8 (lr=0.0003, dropout=0.3) epoca 20: train_loss=0.0088 val_loss=0.1505 val_BA=0.500 mejor_epoca=4
2026-09-26 22:23:27,598 INFO ICBHI/no_dn fold 1 config 8: OK val_BA=0.875 mejor_epoca=4 (0.7 min)
2026-09-26 22:23:30,356 INFO ICBHI/no_dn fold 1: config 9 (lr=0.0003, dropout=0.4) epoca 1: train_loss=0.4913 val_loss=0.2409 val_BA=0.750 mejor_epoca=1
2026-09-26 22:23:32,807 INFO ICBHI/no_dn fold 1: config 9 (lr=0.0003, dropout=0.4) epoca 2: train_loss=0.1773 val_loss=0.1698 val_BA=0.875 mejor_epoca=2
2026-09-26 22:23:37,919 INFO ICBHI/no_dn fold 1: config 9 (lr=0.0003, dropout=0.4) epoca 4: train_loss=0.0469 val_loss=0.1438 val_BA=0.875 mejor_epoca=4
2026-09-26 22:23:50,666 INFO ICBHI/no_dn fold 1: config 9 (lr=0.0003, dropout=0.4) epoca 9: train_loss=0.1041 val_loss=0.0785 val_BA=0.875 mejor_epoca=9
2026-09-26 22:23:53,100 INFO ICBHI/no_dn fold 1: config 9 (lr=0.0003, dropout=0.4) epoca 10: train_loss=0.0560 val_loss=0.2260 val_BA=0.875 mejor_epoca=9
2026-09-26 22:24:18,286 INFO ICBHI/no_dn fold 1: config 9 (lr=0.0003, dropout=0.4) epoca 20: train_loss=0.0017 val_loss=0.2083 val_BA=0.625 mejor_epoca=9
2026-09-26 22:24:28,389 INFO ICBHI/no_dn fold 1 config 9: OK val_BA=0.875 mejor_epoca=9 (1.0 min)
2026-09-26 22:24:32,146 INFO ICBHI/no_dn fold 1: config 10 (lr=0.0003, dropout=0.4) epoca 1: train_loss=0.5192 val_loss=0.1851 val_BA=0.625 mejor_epoca=1
2026-09-26 22:24:35,986 INFO ICBHI/no_dn fold 1: config 10 (lr=0.0003, dropout=0.4) epoca 2: train_loss=0.3673 val_loss=0.1448 val_BA=0.625 mejor_epoca=2
2026-09-26 22:24:39,378 INFO ICBHI/no_dn fold 1: config 10 (lr=0.0003, dropout=0.4) epoca 3: train_loss=0.2483 val_loss=0.1362 val_BA=0.750 mejor_epoca=3
2026-09-26 22:25:04,028 INFO ICBHI/no_dn fold 1: config 10 (lr=0.0003, dropout=0.4) epoca 10: train_loss=0.0832 val_loss=0.1868 val_BA=0.625 mejor_epoca=3
2026-09-26 22:25:07,637 INFO ICBHI/no_dn fold 1: config 10 (lr=0.0003, dropout=0.4) epoca 11: train_loss=0.0476 val_loss=0.6123 val_BA=0.875 mejor_epoca=11
2026-09-26 22:25:25,878 INFO ICBHI/no_dn fold 1: config 10 (lr=0.0003, dropout=0.4) epoca 16: train_loss=0.0745 val_loss=0.2164 val_BA=0.875 mejor_epoca=16
2026-09-26 22:25:35,784 INFO ICBHI/no_dn fold 1: config 10 (lr=0.0003, dropout=0.4) epoca 19: train_loss=0.1107 val_loss=0.1870 val_BA=0.875 mejor_epoca=19
2026-09-26 22:25:39,061 INFO ICBHI/no_dn fold 1: config 10 (lr=0.0003, dropout=0.4) epoca 20: train_loss=0.0145 val_loss=0.2523 val_BA=0.500 mejor_epoca=19
2026-09-26 22:26:09,920 INFO ICBHI/no_dn fold 1: config 10 (lr=0.0003, dropout=0.4) epoca 30: train_loss=0.1268 val_loss=0.2456 val_BA=0.875 mejor_epoca=19
2026-09-26 22:26:22,615 INFO ICBHI/no_dn fold 1 config 10: OK val_BA=0.875 mejor_epoca=19 (1.9 min)
2026-09-26 22:26:25,033 INFO ICBHI/no_dn fold 1: config 11 (lr=0.0003, dropout=0.5) epoca 1: train_loss=0.5334 val_loss=0.3398 val_BA=0.875 mejor_epoca=1
2026-09-26 22:26:29,245 INFO ICBHI/no_dn fold 1: config 11 (lr=0.0003, dropout=0.5) epoca 3: train_loss=0.1204 val_loss=0.1414 val_BA=0.875 mejor_epoca=3
2026-09-26 22:26:33,507 INFO ICBHI/no_dn fold 1: config 11 (lr=0.0003, dropout=0.5) epoca 5: train_loss=0.0789 val_loss=0.0856 val_BA=0.875 mejor_epoca=5
2026-09-26 22:26:44,329 INFO ICBHI/no_dn fold 1: config 11 (lr=0.0003, dropout=0.5) epoca 10: train_loss=0.0436 val_loss=0.1663 val_BA=0.750 mejor_epoca=5
2026-09-26 22:27:05,759 INFO ICBHI/no_dn fold 1: config 11 (lr=0.0003, dropout=0.5) epoca 20: train_loss=0.0019 val_loss=0.1433 val_BA=0.625 mejor_epoca=5
2026-09-26 22:27:05,783 INFO ICBHI/no_dn fold 1 config 11: OK val_BA=0.875 mejor_epoca=5 (0.7 min)
2026-09-26 22:27:08,550 INFO ICBHI/no_dn fold 1: config 12 (lr=0.0003, dropout=0.5) epoca 1: train_loss=0.4854 val_loss=0.2194 val_BA=0.625 mejor_epoca=1
2026-09-26 22:27:11,018 INFO ICBHI/no_dn fold 1: config 12 (lr=0.0003, dropout=0.5) epoca 2: train_loss=0.2545 val_loss=0.2122 val_BA=0.750 mejor_epoca=2
2026-09-26 22:27:13,690 INFO ICBHI/no_dn fold 1: config 12 (lr=0.0003, dropout=0.5) epoca 3: train_loss=0.1547 val_loss=0.1400 val_BA=0.875 mejor_epoca=3
2026-09-26 22:27:19,087 INFO ICBHI/no_dn fold 1: config 12 (lr=0.0003, dropout=0.5) epoca 5: train_loss=0.0466 val_loss=0.0834 val_BA=0.875 mejor_epoca=5
2026-09-26 22:27:32,156 INFO ICBHI/no_dn fold 1: config 12 (lr=0.0003, dropout=0.5) epoca 10: train_loss=0.0032 val_loss=0.1274 val_BA=0.750 mejor_epoca=5
2026-09-26 22:27:56,547 INFO ICBHI/no_dn fold 1: config 12 (lr=0.0003, dropout=0.5) epoca 20: train_loss=0.0010 val_loss=0.2138 val_BA=0.750 mejor_epoca=5
2026-09-26 22:27:56,569 INFO ICBHI/no_dn fold 1 config 12: OK val_BA=0.875 mejor_epoca=5 (0.8 min)
2026-09-26 22:28:00,335 INFO ICBHI/no_dn fold 1: config 13 (lr=0.001, dropout=0.2) epoca 1: train_loss=0.8308 val_loss=0.6818 val_BA=0.489 mejor_epoca=1
2026-09-26 22:28:03,840 INFO ICBHI/no_dn fold 1: config 13 (lr=0.001, dropout=0.2) epoca 2: train_loss=0.8324 val_loss=0.3974 val_BA=0.500 mejor_epoca=2
2026-09-26 22:28:06,977 INFO ICBHI/no_dn fold 1: config 13 (lr=0.001, dropout=0.2) epoca 3: train_loss=0.6439 val_loss=0.2480 val_BA=0.500 mejor_epoca=3
2026-09-26 22:28:10,337 INFO ICBHI/no_dn fold 1: config 13 (lr=0.001, dropout=0.2) epoca 4: train_loss=0.6115 val_loss=0.4821 val_BA=0.705 mejor_epoca=4
2026-09-26 22:28:13,758 INFO ICBHI/no_dn fold 1: config 13 (lr=0.001, dropout=0.2) epoca 5: train_loss=0.6271 val_loss=0.1663 val_BA=0.750 mejor_epoca=5
2026-09-26 22:28:20,288 INFO ICBHI/no_dn fold 1: config 13 (lr=0.001, dropout=0.2) epoca 7: train_loss=0.2139 val_loss=0.1325 val_BA=0.750 mejor_epoca=7
2026-09-26 22:28:30,397 INFO ICBHI/no_dn fold 1: config 13 (lr=0.001, dropout=0.2) epoca 10: train_loss=0.0922 val_loss=0.2213 val_BA=0.625 mejor_epoca=7
2026-09-26 22:29:05,959 INFO ICBHI/no_dn fold 1: config 13 (lr=0.001, dropout=0.2) epoca 20: train_loss=0.0866 val_loss=0.4907 val_BA=0.625 mejor_epoca=7
2026-09-26 22:29:12,302 INFO ICBHI/no_dn fold 1 config 13: OK val_BA=0.750 mejor_epoca=7 (1.3 min)
2026-09-26 22:29:14,638 INFO ICBHI/no_dn fold 1: config 14 (lr=0.001, dropout=0.3) epoca 1: train_loss=0.4515 val_loss=0.3739 val_BA=0.750 mejor_epoca=1
2026-09-26 22:29:24,529 INFO ICBHI/no_dn fold 1: config 14 (lr=0.001, dropout=0.3) epoca 6: train_loss=0.0652 val_loss=0.1261 val_BA=0.750 mejor_epoca=6
2026-09-26 22:29:32,432 INFO ICBHI/no_dn fold 1: config 14 (lr=0.001, dropout=0.3) epoca 10: train_loss=0.0186 val_loss=0.3141 val_BA=0.875 mejor_epoca=10
2026-09-26 22:29:52,406 INFO ICBHI/no_dn fold 1: config 14 (lr=0.001, dropout=0.3) epoca 20: train_loss=0.0016 val_loss=0.1895 val_BA=0.625 mejor_epoca=10
2026-09-26 22:30:02,328 INFO ICBHI/no_dn fold 1 config 14: OK val_BA=0.875 mejor_epoca=10 (0.8 min)
2026-09-26 22:30:04,852 INFO ICBHI/no_dn fold 1: config 15 (lr=0.001, dropout=0.3) epoca 1: train_loss=0.6222 val_loss=0.2333 val_BA=0.625 mejor_epoca=1
2026-09-26 22:30:09,559 INFO ICBHI/no_dn fold 1: config 15 (lr=0.001, dropout=0.3) epoca 3: train_loss=0.3037 val_loss=0.3120 val_BA=0.875 mejor_epoca=3
2026-09-26 22:30:25,884 INFO ICBHI/no_dn fold 1: config 15 (lr=0.001, dropout=0.3) epoca 10: train_loss=0.0940 val_loss=0.2920 val_BA=0.750 mejor_epoca=3
2026-09-26 22:30:28,230 INFO ICBHI/no_dn fold 1: config 15 (lr=0.001, dropout=0.3) epoca 11: train_loss=0.0830 val_loss=0.2904 val_BA=0.875 mejor_epoca=11
2026-09-26 22:30:42,251 INFO ICBHI/no_dn fold 1: config 15 (lr=0.001, dropout=0.3) epoca 17: train_loss=0.0207 val_loss=0.2882 val_BA=0.875 mejor_epoca=17
2026-09-26 22:30:49,350 INFO ICBHI/no_dn fold 1: config 15 (lr=0.001, dropout=0.3) epoca 20: train_loss=0.0237 val_loss=0.4561 val_BA=0.750 mejor_epoca=17
2026-09-26 22:30:56,346 INFO ICBHI/no_dn fold 1: config 15 (lr=0.001, dropout=0.3) epoca 23: train_loss=0.0537 val_loss=0.2189 val_BA=0.875 mejor_epoca=23
2026-09-26 22:31:12,527 INFO ICBHI/no_dn fold 1: config 15 (lr=0.001, dropout=0.3) epoca 30: train_loss=0.0043 val_loss=0.3367 val_BA=0.625 mejor_epoca=23
2026-09-26 22:31:31,574 INFO ICBHI/no_dn fold 1 config 15: OK val_BA=0.875 mejor_epoca=23 (1.5 min)
2026-09-26 22:31:35,118 INFO ICBHI/no_dn fold 1: config 16 (lr=0.001, dropout=0.4) epoca 1: train_loss=0.7428 val_loss=0.5537 val_BA=0.580 mejor_epoca=1
2026-09-26 22:32:01,239 INFO ICBHI/no_dn fold 1: config 16 (lr=0.001, dropout=0.4) epoca 9: train_loss=0.2877 val_loss=0.1956 val_BA=0.875 mejor_epoca=9
2026-09-26 22:32:04,632 INFO ICBHI/no_dn fold 1: config 16 (lr=0.001, dropout=0.4) epoca 10: train_loss=0.1994 val_loss=0.1743 val_BA=0.625 mejor_epoca=9
2026-09-26 22:32:36,056 INFO ICBHI/no_dn fold 1: config 16 (lr=0.001, dropout=0.4) epoca 20: train_loss=0.1729 val_loss=0.1980 val_BA=0.625 mejor_epoca=9
2026-09-26 22:32:48,356 INFO ICBHI/no_dn fold 1 config 16: OK val_BA=0.875 mejor_epoca=9 (1.3 min)
2026-09-26 22:32:50,837 INFO ICBHI/no_dn fold 1: config 17 (lr=0.001, dropout=0.5) epoca 1: train_loss=0.5725 val_loss=0.1555 val_BA=0.500 mejor_epoca=1
2026-09-26 22:32:53,095 INFO ICBHI/no_dn fold 1: config 17 (lr=0.001, dropout=0.5) epoca 2: train_loss=0.4330 val_loss=0.1735 val_BA=0.625 mejor_epoca=2
2026-09-26 22:32:55,576 INFO ICBHI/no_dn fold 1: config 17 (lr=0.001, dropout=0.5) epoca 3: train_loss=0.2824 val_loss=0.3517 val_BA=0.875 mejor_epoca=3
2026-09-26 22:33:02,981 INFO ICBHI/no_dn fold 1: config 17 (lr=0.001, dropout=0.5) epoca 6: train_loss=0.1210 val_loss=0.3053 val_BA=0.875 mejor_epoca=6
2026-09-26 22:33:12,443 INFO ICBHI/no_dn fold 1: config 17 (lr=0.001, dropout=0.5) epoca 10: train_loss=0.0372 val_loss=0.2978 val_BA=0.625 mejor_epoca=6
2026-09-26 22:33:36,052 INFO ICBHI/no_dn fold 1: config 17 (lr=0.001, dropout=0.5) epoca 20: train_loss=0.0310 val_loss=0.1981 val_BA=0.625 mejor_epoca=6
2026-09-26 22:33:38,438 INFO ICBHI/no_dn fold 1 config 17: OK val_BA=0.875 mejor_epoca=6 (0.8 min)
2026-09-26 22:33:40,792 INFO ICBHI/no_dn fold 1: config 18 (lr=0.001, dropout=0.5) epoca 1: train_loss=0.4624 val_loss=0.1716 val_BA=0.500 mejor_epoca=1
2026-09-26 22:33:42,881 INFO ICBHI/no_dn fold 1: config 18 (lr=0.001, dropout=0.5) epoca 2: train_loss=0.1752 val_loss=0.2874 val_BA=0.750 mejor_epoca=2
2026-09-26 22:33:47,069 INFO ICBHI/no_dn fold 1: config 18 (lr=0.001, dropout=0.5) epoca 4: train_loss=0.1006 val_loss=0.1901 val_BA=0.750 mejor_epoca=4
2026-09-26 22:33:57,447 INFO ICBHI/no_dn fold 1: config 18 (lr=0.001, dropout=0.5) epoca 9: train_loss=0.0363 val_loss=0.1702 val_BA=0.750 mejor_epoca=9
2026-09-26 22:33:59,423 INFO ICBHI/no_dn fold 1: config 18 (lr=0.001, dropout=0.5) epoca 10: train_loss=0.0910 val_loss=0.2428 val_BA=0.625 mejor_epoca=9
2026-09-26 22:34:05,349 INFO ICBHI/no_dn fold 1: config 18 (lr=0.001, dropout=0.5) epoca 13: train_loss=0.0489 val_loss=0.1269 val_BA=0.750 mejor_epoca=13
2026-09-26 22:34:19,164 INFO ICBHI/no_dn fold 1: config 18 (lr=0.001, dropout=0.5) epoca 20: train_loss=0.0036 val_loss=0.2528 val_BA=0.750 mejor_epoca=13
2026-09-26 22:34:27,090 INFO ICBHI/no_dn fold 1: config 18 (lr=0.001, dropout=0.5) epoca 24: train_loss=0.0694 val_loss=0.1896 val_BA=0.875 mejor_epoca=24
2026-09-26 22:34:38,985 INFO ICBHI/no_dn fold 1: config 18 (lr=0.001, dropout=0.5) epoca 30: train_loss=0.0004 val_loss=0.2728 val_BA=0.625 mejor_epoca=24
2026-09-26 22:34:56,801 INFO ICBHI/no_dn fold 1 config 18: OK val_BA=0.875 mejor_epoca=24 (1.3 min)
2026-09-26 22:34:59,103 INFO ICBHI/no_dn fold 1: config 19 (lr=0.001, dropout=0.5) epoca 1: train_loss=0.5315 val_loss=0.2833 val_BA=0.750 mejor_epoca=1
2026-09-26 22:35:09,088 INFO ICBHI/no_dn fold 1: config 19 (lr=0.001, dropout=0.5) epoca 6: train_loss=0.0864 val_loss=0.9263 val_BA=0.830 mejor_epoca=6
2026-09-26 22:35:17,049 INFO ICBHI/no_dn fold 1: config 19 (lr=0.001, dropout=0.5) epoca 10: train_loss=0.0643 val_loss=0.2994 val_BA=0.625 mejor_epoca=6
2026-09-26 22:35:23,076 INFO ICBHI/no_dn fold 1: config 19 (lr=0.001, dropout=0.5) epoca 13: train_loss=0.0092 val_loss=0.2173 val_BA=0.875 mejor_epoca=13
2026-09-26 22:35:37,190 INFO ICBHI/no_dn fold 1: config 19 (lr=0.001, dropout=0.5) epoca 20: train_loss=0.0028 val_loss=0.2824 val_BA=0.750 mejor_epoca=13
2026-09-26 22:35:53,943 INFO ICBHI/no_dn fold 1 config 19: OK val_BA=0.875 mejor_epoca=13 (1.0 min)
2026-09-26 22:35:54,499 INFO ICBHI/no_dn fold 2: log-mel no_dn listo en 0.5 s, forma (4715, 1, 64, 309)
2026-09-26 22:35:54,515 INFO ICBHI/no_dn fold 2: 58/14 pacientes train/validation, 20 de 20 configuracion(es) por evaluar
2026-09-26 22:35:57,967 INFO ICBHI/no_dn fold 2: config 0 (lr=0.0001, dropout=0.3) epoca 1: train_loss=0.4975 val_loss=0.3716 val_BA=0.875 mejor_epoca=1
2026-09-26 22:36:03,912 INFO ICBHI/no_dn fold 2: config 0 (lr=0.0001, dropout=0.3) epoca 3: train_loss=0.1192 val_loss=0.1874 val_BA=0.875 mejor_epoca=3
2026-09-26 22:36:06,838 INFO ICBHI/no_dn fold 2: config 0 (lr=0.0001, dropout=0.3) epoca 4: train_loss=0.0908 val_loss=0.0993 val_BA=0.875 mejor_epoca=4
2026-09-26 22:36:09,663 INFO ICBHI/no_dn fold 2: config 0 (lr=0.0001, dropout=0.3) epoca 5: train_loss=0.0558 val_loss=0.1416 val_BA=1.000 mejor_epoca=5
2026-09-26 22:36:23,797 INFO ICBHI/no_dn fold 2: config 0 (lr=0.0001, dropout=0.3) epoca 10: train_loss=0.0222 val_loss=0.1781 val_BA=0.750 mejor_epoca=5
2026-09-26 22:36:51,798 INFO ICBHI/no_dn fold 2: config 0 (lr=0.0001, dropout=0.3) epoca 20: train_loss=0.0176 val_loss=0.2078 val_BA=0.750 mejor_epoca=5
2026-09-26 22:36:51,820 INFO ICBHI/no_dn fold 2 config 0: OK val_BA=1.000 mejor_epoca=5 (1.0 min)
2026-09-26 22:36:53,967 INFO ICBHI/no_dn fold 2: config 1 (lr=0.0001, dropout=0.3) epoca 1: train_loss=0.4902 val_loss=0.4998 val_BA=0.750 mejor_epoca=1
2026-09-26 22:36:55,866 INFO ICBHI/no_dn fold 2: config 1 (lr=0.0001, dropout=0.3) epoca 2: train_loss=0.2541 val_loss=0.2911 val_BA=0.750 mejor_epoca=2
2026-09-26 22:36:59,775 INFO ICBHI/no_dn fold 2: config 1 (lr=0.0001, dropout=0.3) epoca 4: train_loss=0.1031 val_loss=0.2282 val_BA=0.750 mejor_epoca=4
2026-09-26 22:37:01,701 INFO ICBHI/no_dn fold 2: config 1 (lr=0.0001, dropout=0.3) epoca 5: train_loss=0.0825 val_loss=0.1781 val_BA=0.750 mejor_epoca=5
2026-09-26 22:37:07,492 INFO ICBHI/no_dn fold 2: config 1 (lr=0.0001, dropout=0.3) epoca 8: train_loss=0.0361 val_loss=0.1672 val_BA=0.750 mejor_epoca=8
2026-09-26 22:37:09,428 INFO ICBHI/no_dn fold 2: config 1 (lr=0.0001, dropout=0.3) epoca 9: train_loss=0.0331 val_loss=0.1515 val_BA=0.750 mejor_epoca=9
2026-09-26 22:37:11,357 INFO ICBHI/no_dn fold 2: config 1 (lr=0.0001, dropout=0.3) epoca 10: train_loss=0.0266 val_loss=0.1376 val_BA=1.000 mejor_epoca=10
2026-09-26 22:37:30,989 INFO ICBHI/no_dn fold 2: config 1 (lr=0.0001, dropout=0.3) epoca 20: train_loss=0.0091 val_loss=0.1316 val_BA=0.750 mejor_epoca=10
2026-09-26 22:37:40,682 INFO ICBHI/no_dn fold 2 config 1: OK val_BA=1.000 mejor_epoca=10 (0.8 min)
2026-09-26 22:37:43,101 INFO ICBHI/no_dn fold 2: config 2 (lr=0.0001, dropout=0.4) epoca 1: train_loss=0.4534 val_loss=1.8984 val_BA=0.650 mejor_epoca=1
2026-09-26 22:37:45,254 INFO ICBHI/no_dn fold 2: config 2 (lr=0.0001, dropout=0.4) epoca 2: train_loss=0.2129 val_loss=0.5785 val_BA=0.950 mejor_epoca=2
2026-09-26 22:38:00,737 INFO ICBHI/no_dn fold 2: config 2 (lr=0.0001, dropout=0.4) epoca 9: train_loss=0.0178 val_loss=0.0856 val_BA=1.000 mejor_epoca=9
2026-09-26 22:38:03,028 INFO ICBHI/no_dn fold 2: config 2 (lr=0.0001, dropout=0.4) epoca 10: train_loss=0.0186 val_loss=0.1311 val_BA=0.750 mejor_epoca=9
2026-09-26 22:38:25,572 INFO ICBHI/no_dn fold 2: config 2 (lr=0.0001, dropout=0.4) epoca 20: train_loss=0.0032 val_loss=0.1132 val_BA=0.750 mejor_epoca=9
2026-09-26 22:38:34,502 INFO ICBHI/no_dn fold 2 config 2: OK val_BA=1.000 mejor_epoca=9 (0.9 min)
2026-09-26 22:38:37,809 INFO ICBHI/no_dn fold 2: config 3 (lr=0.0001, dropout=0.4) epoca 1: train_loss=0.4676 val_loss=0.7949 val_BA=0.900 mejor_epoca=1
2026-09-26 22:38:59,117 INFO ICBHI/no_dn fold 2: config 3 (lr=0.0001, dropout=0.4) epoca 8: train_loss=0.0332 val_loss=0.1436 val_BA=1.000 mejor_epoca=8
2026-09-26 22:39:05,011 INFO ICBHI/no_dn fold 2: config 3 (lr=0.0001, dropout=0.4) epoca 10: train_loss=0.0335 val_loss=0.1690 val_BA=0.875 mejor_epoca=8
2026-09-26 22:39:35,954 INFO ICBHI/no_dn fold 2: config 3 (lr=0.0001, dropout=0.4) epoca 20: train_loss=0.0193 val_loss=0.0648 val_BA=0.875 mejor_epoca=8
2026-09-26 22:39:45,491 INFO ICBHI/no_dn fold 2 config 3: OK val_BA=1.000 mejor_epoca=8 (1.2 min)
2026-09-26 22:39:48,013 INFO ICBHI/no_dn fold 2: config 4 (lr=0.0001, dropout=0.4) epoca 1: train_loss=0.4964 val_loss=0.4673 val_BA=0.750 mejor_epoca=1
2026-09-26 22:39:50,277 INFO ICBHI/no_dn fold 2: config 4 (lr=0.0001, dropout=0.4) epoca 2: train_loss=0.2556 val_loss=0.3435 val_BA=0.875 mejor_epoca=2
2026-09-26 22:39:52,587 INFO ICBHI/no_dn fold 2: config 4 (lr=0.0001, dropout=0.4) epoca 3: train_loss=0.1672 val_loss=0.3195 val_BA=0.875 mejor_epoca=3
2026-09-26 22:39:54,843 INFO ICBHI/no_dn fold 2: config 4 (lr=0.0001, dropout=0.4) epoca 4: train_loss=0.1019 val_loss=0.1730 val_BA=0.875 mejor_epoca=4
2026-09-26 22:39:59,378 INFO ICBHI/no_dn fold 2: config 4 (lr=0.0001, dropout=0.4) epoca 6: train_loss=0.0378 val_loss=0.1124 val_BA=0.875 mejor_epoca=6
2026-09-26 22:40:01,642 INFO ICBHI/no_dn fold 2: config 4 (lr=0.0001, dropout=0.4) epoca 7: train_loss=0.0310 val_loss=0.1065 val_BA=0.875 mejor_epoca=7
2026-09-26 22:40:08,362 INFO ICBHI/no_dn fold 2: config 4 (lr=0.0001, dropout=0.4) epoca 10: train_loss=0.0195 val_loss=0.1417 val_BA=0.875 mejor_epoca=7
2026-09-26 22:40:22,235 INFO ICBHI/no_dn fold 2: config 4 (lr=0.0001, dropout=0.4) epoca 16: train_loss=0.0110 val_loss=0.0926 val_BA=0.875 mejor_epoca=16
2026-09-26 22:40:31,794 INFO ICBHI/no_dn fold 2: config 4 (lr=0.0001, dropout=0.4) epoca 20: train_loss=0.0032 val_loss=0.1334 val_BA=0.875 mejor_epoca=16
2026-09-26 22:40:55,207 INFO ICBHI/no_dn fold 2: config 4 (lr=0.0001, dropout=0.4) epoca 30: train_loss=0.0363 val_loss=0.1501 val_BA=0.750 mejor_epoca=16
2026-09-26 22:40:57,693 INFO ICBHI/no_dn fold 2 config 4: OK val_BA=0.875 mejor_epoca=16 (1.2 min)
2026-09-26 22:41:00,071 INFO ICBHI/no_dn fold 2: config 5 (lr=0.0001, dropout=0.4) epoca 1: train_loss=0.5198 val_loss=0.6937 val_BA=0.600 mejor_epoca=1
2026-09-26 22:41:02,122 INFO ICBHI/no_dn fold 2: config 5 (lr=0.0001, dropout=0.4) epoca 2: train_loss=0.2762 val_loss=0.5808 val_BA=0.950 mejor_epoca=2
2026-09-26 22:41:12,248 INFO ICBHI/no_dn fold 2: config 5 (lr=0.0001, dropout=0.4) epoca 7: train_loss=0.0546 val_loss=0.5403 val_BA=0.950 mejor_epoca=7
2026-09-26 22:41:18,482 INFO ICBHI/no_dn fold 2: config 5 (lr=0.0001, dropout=0.4) epoca 10: train_loss=0.0283 val_loss=0.1549 val_BA=0.750 mejor_epoca=7
2026-09-26 22:41:38,547 INFO ICBHI/no_dn fold 2: config 5 (lr=0.0001, dropout=0.4) epoca 20: train_loss=0.0213 val_loss=0.1837 val_BA=0.750 mejor_epoca=7
2026-09-26 22:41:42,580 INFO ICBHI/no_dn fold 2 config 5: OK val_BA=0.950 mejor_epoca=7 (0.7 min)
2026-09-26 22:41:46,027 INFO ICBHI/no_dn fold 2: config 6 (lr=0.0001, dropout=0.5) epoca 1: train_loss=0.5039 val_loss=0.3879 val_BA=0.875 mejor_epoca=1
2026-09-26 22:42:14,702 INFO ICBHI/no_dn fold 2: config 6 (lr=0.0001, dropout=0.5) epoca 10: train_loss=0.0242 val_loss=0.1654 val_BA=0.625 mejor_epoca=1
2026-09-26 22:42:33,116 INFO ICBHI/no_dn fold 2: config 6 (lr=0.0001, dropout=0.5) epoca 16: train_loss=0.0245 val_loss=0.2413 val_BA=0.875 mejor_epoca=16
2026-09-26 22:42:45,223 INFO ICBHI/no_dn fold 2: config 6 (lr=0.0001, dropout=0.5) epoca 20: train_loss=0.0074 val_loss=0.1897 val_BA=0.750 mejor_epoca=16
2026-09-26 22:43:13,792 INFO ICBHI/no_dn fold 2: config 6 (lr=0.0001, dropout=0.5) epoca 30: train_loss=0.1192 val_loss=0.2455 val_BA=0.750 mejor_epoca=16
2026-09-26 22:43:16,627 INFO ICBHI/no_dn fold 2 config 6: OK val_BA=0.875 mejor_epoca=16 (1.6 min)
2026-09-26 22:43:18,824 INFO ICBHI/no_dn fold 2: config 7 (lr=0.0001, dropout=0.5) epoca 1: train_loss=0.5222 val_loss=0.5173 val_BA=0.700 mejor_epoca=1
2026-09-26 22:43:20,745 INFO ICBHI/no_dn fold 2: config 7 (lr=0.0001, dropout=0.5) epoca 2: train_loss=0.3224 val_loss=0.3201 val_BA=0.750 mejor_epoca=2
2026-09-26 22:43:22,708 INFO ICBHI/no_dn fold 2: config 7 (lr=0.0001, dropout=0.5) epoca 3: train_loss=0.1768 val_loss=0.3418 val_BA=0.875 mejor_epoca=3
2026-09-26 22:43:24,680 INFO ICBHI/no_dn fold 2: config 7 (lr=0.0001, dropout=0.5) epoca 4: train_loss=0.1250 val_loss=0.2585 val_BA=0.875 mejor_epoca=4
2026-09-26 22:43:26,651 INFO ICBHI/no_dn fold 2: config 7 (lr=0.0001, dropout=0.5) epoca 5: train_loss=0.0849 val_loss=0.2012 val_BA=0.875 mejor_epoca=5
2026-09-26 22:43:30,517 INFO ICBHI/no_dn fold 2: config 7 (lr=0.0001, dropout=0.5) epoca 7: train_loss=0.0511 val_loss=0.1741 val_BA=0.875 mejor_epoca=7
2026-09-26 22:43:36,354 INFO ICBHI/no_dn fold 2: config 7 (lr=0.0001, dropout=0.5) epoca 10: train_loss=0.0309 val_loss=0.1948 val_BA=0.875 mejor_epoca=7
2026-09-26 22:43:38,244 INFO ICBHI/no_dn fold 2: config 7 (lr=0.0001, dropout=0.5) epoca 11: train_loss=0.0258 val_loss=0.1439 val_BA=0.875 mejor_epoca=11
2026-09-26 22:43:42,038 INFO ICBHI/no_dn fold 2: config 7 (lr=0.0001, dropout=0.5) epoca 13: train_loss=0.0209 val_loss=0.1018 val_BA=0.875 mejor_epoca=13
2026-09-26 22:43:55,446 INFO ICBHI/no_dn fold 2: config 7 (lr=0.0001, dropout=0.5) epoca 20: train_loss=0.0284 val_loss=0.1115 val_BA=0.875 mejor_epoca=13
2026-09-26 22:44:10,733 INFO ICBHI/no_dn fold 2 config 7: OK val_BA=0.875 mejor_epoca=13 (0.9 min)
2026-09-26 22:44:12,870 INFO ICBHI/no_dn fold 2: config 8 (lr=0.0003, dropout=0.3) epoca 1: train_loss=0.4814 val_loss=0.5051 val_BA=0.650 mejor_epoca=1
2026-09-26 22:44:14,779 INFO ICBHI/no_dn fold 2: config 8 (lr=0.0003, dropout=0.3) epoca 2: train_loss=0.2110 val_loss=0.1973 val_BA=0.750 mejor_epoca=2
2026-09-26 22:44:16,688 INFO ICBHI/no_dn fold 2: config 8 (lr=0.0003, dropout=0.3) epoca 3: train_loss=0.1104 val_loss=0.3465 val_BA=1.000 mejor_epoca=3
2026-09-26 22:44:20,507 INFO ICBHI/no_dn fold 2: config 8 (lr=0.0003, dropout=0.3) epoca 5: train_loss=0.0487 val_loss=0.2080 val_BA=1.000 mejor_epoca=5
2026-09-26 22:44:26,229 INFO ICBHI/no_dn fold 2: config 8 (lr=0.0003, dropout=0.3) epoca 8: train_loss=0.0181 val_loss=0.1283 val_BA=1.000 mejor_epoca=8
2026-09-26 22:44:30,046 INFO ICBHI/no_dn fold 2: config 8 (lr=0.0003, dropout=0.3) epoca 10: train_loss=0.0109 val_loss=0.0791 val_BA=1.000 mejor_epoca=10
2026-09-26 22:44:49,106 INFO ICBHI/no_dn fold 2: config 8 (lr=0.0003, dropout=0.3) epoca 20: train_loss=0.0243 val_loss=0.1781 val_BA=0.750 mejor_epoca=10
2026-09-26 22:44:58,594 INFO ICBHI/no_dn fold 2 config 8: OK val_BA=1.000 mejor_epoca=10 (0.8 min)
2026-09-26 22:45:00,935 INFO ICBHI/no_dn fold 2: config 9 (lr=0.0003, dropout=0.4) epoca 1: train_loss=0.4906 val_loss=0.4534 val_BA=0.700 mejor_epoca=1
2026-09-26 22:45:03,050 INFO ICBHI/no_dn fold 2: config 9 (lr=0.0003, dropout=0.4) epoca 2: train_loss=0.2736 val_loss=0.3468 val_BA=0.875 mejor_epoca=2
2026-09-26 22:45:09,512 INFO ICBHI/no_dn fold 2: config 9 (lr=0.0003, dropout=0.4) epoca 5: train_loss=0.1048 val_loss=0.1136 val_BA=0.875 mejor_epoca=5
2026-09-26 22:45:15,967 INFO ICBHI/no_dn fold 2: config 9 (lr=0.0003, dropout=0.4) epoca 8: train_loss=0.0172 val_loss=0.0820 val_BA=0.875 mejor_epoca=8
2026-09-26 22:45:20,280 INFO ICBHI/no_dn fold 2: config 9 (lr=0.0003, dropout=0.4) epoca 10: train_loss=0.0140 val_loss=0.1370 val_BA=0.750 mejor_epoca=8
2026-09-26 22:45:41,758 INFO ICBHI/no_dn fold 2: config 9 (lr=0.0003, dropout=0.4) epoca 20: train_loss=0.0009 val_loss=0.1739 val_BA=0.875 mejor_epoca=8
2026-09-26 22:45:48,180 INFO ICBHI/no_dn fold 2 config 9: OK val_BA=0.875 mejor_epoca=8 (0.8 min)
2026-09-26 22:45:51,265 INFO ICBHI/no_dn fold 2: config 10 (lr=0.0003, dropout=0.4) epoca 1: train_loss=0.4697 val_loss=0.2059 val_BA=0.750 mejor_epoca=1
2026-09-26 22:45:54,106 INFO ICBHI/no_dn fold 2: config 10 (lr=0.0003, dropout=0.4) epoca 2: train_loss=0.2936 val_loss=0.1532 val_BA=0.875 mejor_epoca=2
2026-09-26 22:46:08,668 INFO ICBHI/no_dn fold 2: config 10 (lr=0.0003, dropout=0.4) epoca 7: train_loss=0.1029 val_loss=0.0919 val_BA=0.875 mejor_epoca=7
2026-09-26 22:46:17,172 INFO ICBHI/no_dn fold 2: config 10 (lr=0.0003, dropout=0.4) epoca 10: train_loss=0.0827 val_loss=0.3479 val_BA=0.875 mejor_epoca=7
2026-09-26 22:46:46,155 INFO ICBHI/no_dn fold 2: config 10 (lr=0.0003, dropout=0.4) epoca 20: train_loss=0.1796 val_loss=0.1199 val_BA=0.750 mejor_epoca=7
2026-09-26 22:46:51,860 INFO ICBHI/no_dn fold 2 config 10: OK val_BA=0.875 mejor_epoca=7 (1.1 min)
2026-09-26 22:46:53,990 INFO ICBHI/no_dn fold 2: config 11 (lr=0.0003, dropout=0.5) epoca 1: train_loss=0.4232 val_loss=0.2711 val_BA=0.750 mejor_epoca=1
2026-09-26 22:46:55,887 INFO ICBHI/no_dn fold 2: config 11 (lr=0.0003, dropout=0.5) epoca 2: train_loss=0.2178 val_loss=0.1701 val_BA=0.875 mejor_epoca=2
2026-09-26 22:47:03,556 INFO ICBHI/no_dn fold 2: config 11 (lr=0.0003, dropout=0.5) epoca 6: train_loss=0.0325 val_loss=0.2419 val_BA=1.000 mejor_epoca=6
2026-09-26 22:47:11,267 INFO ICBHI/no_dn fold 2: config 11 (lr=0.0003, dropout=0.5) epoca 10: train_loss=0.0212 val_loss=0.1340 val_BA=0.625 mejor_epoca=6
2026-09-26 22:47:30,426 INFO ICBHI/no_dn fold 2: config 11 (lr=0.0003, dropout=0.5) epoca 20: train_loss=0.0225 val_loss=0.2261 val_BA=0.875 mejor_epoca=6
2026-09-26 22:47:32,365 INFO ICBHI/no_dn fold 2 config 11: OK val_BA=1.000 mejor_epoca=6 (0.7 min)
2026-09-26 22:47:34,753 INFO ICBHI/no_dn fold 2: config 12 (lr=0.0003, dropout=0.5) epoca 1: train_loss=0.4355 val_loss=0.3620 val_BA=1.000 mejor_epoca=1
2026-09-26 22:47:45,544 INFO ICBHI/no_dn fold 2: config 12 (lr=0.0003, dropout=0.5) epoca 6: train_loss=0.0460 val_loss=0.3101 val_BA=1.000 mejor_epoca=6
2026-09-26 22:47:54,175 INFO ICBHI/no_dn fold 2: config 12 (lr=0.0003, dropout=0.5) epoca 10: train_loss=0.0629 val_loss=0.0938 val_BA=0.750 mejor_epoca=6
2026-09-26 22:48:07,126 INFO ICBHI/no_dn fold 2: config 12 (lr=0.0003, dropout=0.5) epoca 16: train_loss=0.0317 val_loss=0.2394 val_BA=1.000 mejor_epoca=16
2026-09-26 22:48:11,426 INFO ICBHI/no_dn fold 2: config 12 (lr=0.0003, dropout=0.5) epoca 18: train_loss=0.1158 val_loss=0.1507 val_BA=1.000 mejor_epoca=18
2026-09-26 22:48:15,770 INFO ICBHI/no_dn fold 2: config 12 (lr=0.0003, dropout=0.5) epoca 20: train_loss=0.0050 val_loss=0.1349 val_BA=0.750 mejor_epoca=18
2026-09-26 22:48:37,204 INFO ICBHI/no_dn fold 2: config 12 (lr=0.0003, dropout=0.5) epoca 30: train_loss=0.0005 val_loss=0.2830 val_BA=0.750 mejor_epoca=18
2026-09-26 22:48:43,614 INFO ICBHI/no_dn fold 2 config 12: OK val_BA=1.000 mejor_epoca=18 (1.2 min)
2026-09-26 22:48:46,700 INFO ICBHI/no_dn fold 2: config 13 (lr=0.001, dropout=0.2) epoca 1: train_loss=0.9309 val_loss=0.4899 val_BA=0.625 mejor_epoca=1
2026-09-26 22:49:00,607 INFO ICBHI/no_dn fold 2: config 13 (lr=0.001, dropout=0.2) epoca 6: train_loss=0.5894 val_loss=0.3588 val_BA=0.750 mejor_epoca=6
2026-09-26 22:49:03,371 INFO ICBHI/no_dn fold 2: config 13 (lr=0.001, dropout=0.2) epoca 7: train_loss=0.4412 val_loss=0.2510 val_BA=0.750 mejor_epoca=7
2026-09-26 22:49:11,424 INFO ICBHI/no_dn fold 2: config 13 (lr=0.001, dropout=0.2) epoca 10: train_loss=0.3887 val_loss=0.2186 val_BA=0.500 mejor_epoca=7
2026-09-26 22:49:17,024 INFO ICBHI/no_dn fold 2: config 13 (lr=0.001, dropout=0.2) epoca 12: train_loss=0.2037 val_loss=0.3911 val_BA=0.875 mejor_epoca=12
2026-09-26 22:49:28,232 INFO ICBHI/no_dn fold 2: config 13 (lr=0.001, dropout=0.2) epoca 16: train_loss=0.2516 val_loss=0.3810 val_BA=0.875 mejor_epoca=16
2026-09-26 22:49:39,492 INFO ICBHI/no_dn fold 2: config 13 (lr=0.001, dropout=0.2) epoca 20: train_loss=0.1053 val_loss=0.2465 val_BA=0.750 mejor_epoca=16
2026-09-26 22:50:02,744 INFO ICBHI/no_dn fold 2: config 13 (lr=0.001, dropout=0.2) epoca 28: train_loss=0.0706 val_loss=0.2949 val_BA=0.875 mejor_epoca=28
2026-09-26 22:50:08,470 INFO ICBHI/no_dn fold 2: config 13 (lr=0.001, dropout=0.2) epoca 30: train_loss=0.0428 val_loss=0.2494 val_BA=0.750 mejor_epoca=28
2026-09-26 22:50:37,314 INFO ICBHI/no_dn fold 2: config 13 (lr=0.001, dropout=0.2) epoca 40: train_loss=0.0636 val_loss=0.2377 val_BA=0.750 mejor_epoca=28
2026-09-26 22:50:45,993 INFO ICBHI/no_dn fold 2 config 13: OK val_BA=0.875 mejor_epoca=28 (2.0 min)
2026-09-26 22:50:48,252 INFO ICBHI/no_dn fold 2: config 14 (lr=0.001, dropout=0.3) epoca 1: train_loss=0.4515 val_loss=0.7957 val_BA=0.950 mejor_epoca=1
2026-09-26 22:51:01,726 INFO ICBHI/no_dn fold 2: config 14 (lr=0.001, dropout=0.3) epoca 8: train_loss=0.0623 val_loss=0.6495 val_BA=1.000 mejor_epoca=8
2026-09-26 22:51:03,648 INFO ICBHI/no_dn fold 2: config 14 (lr=0.001, dropout=0.3) epoca 9: train_loss=0.0556 val_loss=0.5468 val_BA=1.000 mejor_epoca=9
2026-09-26 22:51:05,564 INFO ICBHI/no_dn fold 2: config 14 (lr=0.001, dropout=0.3) epoca 10: train_loss=0.0508 val_loss=0.1573 val_BA=0.750 mejor_epoca=9
2026-09-26 22:51:24,835 INFO ICBHI/no_dn fold 2: config 14 (lr=0.001, dropout=0.3) epoca 20: train_loss=0.0042 val_loss=0.1138 val_BA=0.875 mejor_epoca=9
2026-09-26 22:51:32,523 INFO ICBHI/no_dn fold 2 config 14: OK val_BA=1.000 mejor_epoca=9 (0.8 min)
2026-09-26 22:51:34,920 INFO ICBHI/no_dn fold 2: config 15 (lr=0.001, dropout=0.3) epoca 1: train_loss=0.6834 val_loss=0.2109 val_BA=0.500 mejor_epoca=1
2026-09-26 22:51:37,074 INFO ICBHI/no_dn fold 2: config 15 (lr=0.001, dropout=0.3) epoca 2: train_loss=0.5281 val_loss=0.4816 val_BA=1.000 mejor_epoca=2
2026-09-26 22:51:54,371 INFO ICBHI/no_dn fold 2: config 15 (lr=0.001, dropout=0.3) epoca 10: train_loss=0.0234 val_loss=0.1632 val_BA=1.000 mejor_epoca=10
2026-09-26 22:52:16,034 INFO ICBHI/no_dn fold 2: config 15 (lr=0.001, dropout=0.3) epoca 20: train_loss=0.0061 val_loss=0.1544 val_BA=0.750 mejor_epoca=10
2026-09-26 22:52:26,927 INFO ICBHI/no_dn fold 2 config 15: OK val_BA=1.000 mejor_epoca=10 (0.9 min)
2026-09-26 22:52:30,047 INFO ICBHI/no_dn fold 2: config 16 (lr=0.001, dropout=0.4) epoca 1: train_loss=0.8580 val_loss=0.2540 val_BA=0.500 mejor_epoca=1
2026-09-26 22:52:32,893 INFO ICBHI/no_dn fold 2: config 16 (lr=0.001, dropout=0.4) epoca 2: train_loss=0.9192 val_loss=0.2356 val_BA=0.500 mejor_epoca=2
2026-09-26 22:52:41,305 INFO ICBHI/no_dn fold 2: config 16 (lr=0.001, dropout=0.4) epoca 5: train_loss=0.6990 val_loss=0.1826 val_BA=0.500 mejor_epoca=5
2026-09-26 22:52:47,025 INFO ICBHI/no_dn fold 2: config 16 (lr=0.001, dropout=0.4) epoca 7: train_loss=0.4592 val_loss=0.2389 val_BA=0.875 mejor_epoca=7
2026-09-26 22:52:55,688 INFO ICBHI/no_dn fold 2: config 16 (lr=0.001, dropout=0.4) epoca 10: train_loss=0.1753 val_loss=0.1651 val_BA=0.750 mejor_epoca=7
2026-09-26 22:53:24,092 INFO ICBHI/no_dn fold 2: config 16 (lr=0.001, dropout=0.4) epoca 20: train_loss=0.0583 val_loss=0.1482 val_BA=0.750 mejor_epoca=7
2026-09-26 22:53:29,784 INFO ICBHI/no_dn fold 2 config 16: OK val_BA=0.875 mejor_epoca=7 (1.0 min)
2026-09-26 22:53:32,193 INFO ICBHI/no_dn fold 2: config 17 (lr=0.001, dropout=0.5) epoca 1: train_loss=0.5741 val_loss=0.3355 val_BA=0.625 mejor_epoca=1
2026-09-26 22:53:34,361 INFO ICBHI/no_dn fold 2: config 17 (lr=0.001, dropout=0.5) epoca 2: train_loss=0.3316 val_loss=0.4383 val_BA=1.000 mejor_epoca=2
2026-09-26 22:53:51,423 INFO ICBHI/no_dn fold 2: config 17 (lr=0.001, dropout=0.5) epoca 10: train_loss=0.0670 val_loss=0.4112 val_BA=0.875 mejor_epoca=2
2026-09-26 22:54:12,630 INFO ICBHI/no_dn fold 2: config 17 (lr=0.001, dropout=0.5) epoca 20: train_loss=0.0373 val_loss=0.1912 val_BA=0.750 mejor_epoca=2
2026-09-26 22:54:12,652 INFO ICBHI/no_dn fold 2 config 17: OK val_BA=1.000 mejor_epoca=2 (0.7 min)
2026-09-26 22:54:14,775 INFO ICBHI/no_dn fold 2: config 18 (lr=0.001, dropout=0.5) epoca 1: train_loss=0.5628 val_loss=0.4493 val_BA=0.625 mejor_epoca=1
2026-09-26 22:54:16,672 INFO ICBHI/no_dn fold 2: config 18 (lr=0.001, dropout=0.5) epoca 2: train_loss=0.4040 val_loss=0.2500 val_BA=0.875 mejor_epoca=2
2026-09-26 22:54:18,577 INFO ICBHI/no_dn fold 2: config 18 (lr=0.001, dropout=0.5) epoca 3: train_loss=0.3411 val_loss=0.3845 val_BA=1.000 mejor_epoca=3
2026-09-26 22:54:28,082 INFO ICBHI/no_dn fold 2: config 18 (lr=0.001, dropout=0.5) epoca 8: train_loss=0.0972 val_loss=0.3397 val_BA=1.000 mejor_epoca=8
2026-09-26 22:54:31,856 INFO ICBHI/no_dn fold 2: config 18 (lr=0.001, dropout=0.5) epoca 10: train_loss=0.0694 val_loss=0.2701 val_BA=1.000 mejor_epoca=10
2026-09-26 22:54:50,843 INFO ICBHI/no_dn fold 2: config 18 (lr=0.001, dropout=0.5) epoca 20: train_loss=0.0169 val_loss=0.1163 val_BA=0.875 mejor_epoca=10
2026-09-26 22:55:00,279 INFO ICBHI/no_dn fold 2 config 18: OK val_BA=1.000 mejor_epoca=10 (0.8 min)
2026-09-26 22:55:02,407 INFO ICBHI/no_dn fold 2: config 19 (lr=0.001, dropout=0.5) epoca 1: train_loss=0.5225 val_loss=0.2267 val_BA=0.625 mejor_epoca=1
2026-09-26 22:55:04,299 INFO ICBHI/no_dn fold 2: config 19 (lr=0.001, dropout=0.5) epoca 2: train_loss=0.2324 val_loss=0.1821 val_BA=0.750 mejor_epoca=2
2026-09-26 22:55:06,193 INFO ICBHI/no_dn fold 2: config 19 (lr=0.001, dropout=0.5) epoca 3: train_loss=0.1706 val_loss=0.1496 val_BA=0.750 mejor_epoca=3
2026-09-26 22:55:08,087 INFO ICBHI/no_dn fold 2: config 19 (lr=0.001, dropout=0.5) epoca 4: train_loss=0.1303 val_loss=0.3315 val_BA=1.000 mejor_epoca=4
2026-09-26 22:55:19,528 INFO ICBHI/no_dn fold 2: config 19 (lr=0.001, dropout=0.5) epoca 10: train_loss=0.0100 val_loss=0.1326 val_BA=0.750 mejor_epoca=4
2026-09-26 22:55:38,834 INFO ICBHI/no_dn fold 2: config 19 (lr=0.001, dropout=0.5) epoca 20: train_loss=0.0040 val_loss=0.9042 val_BA=0.825 mejor_epoca=4
2026-09-26 22:55:38,856 INFO ICBHI/no_dn fold 2 config 19: OK val_BA=1.000 mejor_epoca=4 (0.6 min)
2026-09-26 22:55:39,355 INFO ICBHI/no_dn fold 3: log-mel no_dn listo en 0.5 s, forma (4715, 1, 64, 309)
2026-09-26 22:55:39,368 INFO ICBHI/no_dn fold 3: 58/14 pacientes train/validation, 20 de 20 configuracion(es) por evaluar
2026-09-26 22:55:42,948 INFO ICBHI/no_dn fold 3: config 0 (lr=0.0001, dropout=0.3) epoca 1: train_loss=0.4083 val_loss=0.2268 val_BA=0.875 mejor_epoca=1
2026-09-26 22:55:46,079 INFO ICBHI/no_dn fold 3: config 0 (lr=0.0001, dropout=0.3) epoca 2: train_loss=0.2387 val_loss=0.1489 val_BA=0.950 mejor_epoca=2
2026-09-26 22:55:49,287 INFO ICBHI/no_dn fold 3: config 0 (lr=0.0001, dropout=0.3) epoca 3: train_loss=0.1447 val_loss=0.1349 val_BA=0.950 mejor_epoca=3
2026-09-26 22:56:02,232 INFO ICBHI/no_dn fold 3: config 0 (lr=0.0001, dropout=0.3) epoca 7: train_loss=0.0422 val_loss=0.1038 val_BA=0.950 mejor_epoca=7
2026-09-26 22:56:11,777 INFO ICBHI/no_dn fold 3: config 0 (lr=0.0001, dropout=0.3) epoca 10: train_loss=0.0108 val_loss=0.1756 val_BA=0.950 mejor_epoca=7
2026-09-26 22:56:27,605 INFO ICBHI/no_dn fold 3: config 0 (lr=0.0001, dropout=0.3) epoca 15: train_loss=0.1295 val_loss=0.0787 val_BA=1.000 mejor_epoca=15
2026-09-26 22:56:43,595 INFO ICBHI/no_dn fold 3: config 0 (lr=0.0001, dropout=0.3) epoca 20: train_loss=0.0582 val_loss=0.2947 val_BA=0.950 mejor_epoca=15
2026-09-26 22:57:15,885 INFO ICBHI/no_dn fold 3: config 0 (lr=0.0001, dropout=0.3) epoca 30: train_loss=0.0446 val_loss=0.4401 val_BA=0.950 mejor_epoca=15
2026-09-26 22:57:15,906 INFO ICBHI/no_dn fold 3 config 0: OK val_BA=1.000 mejor_epoca=15 (1.6 min)
2026-09-26 22:57:18,297 INFO ICBHI/no_dn fold 3: config 1 (lr=0.0001, dropout=0.3) epoca 1: train_loss=0.5159 val_loss=0.7663 val_BA=0.750 mejor_epoca=1
2026-09-26 22:57:20,409 INFO ICBHI/no_dn fold 3: config 1 (lr=0.0001, dropout=0.3) epoca 2: train_loss=0.2816 val_loss=0.2618 val_BA=1.000 mejor_epoca=2
2026-09-26 22:57:35,163 INFO ICBHI/no_dn fold 3: config 1 (lr=0.0001, dropout=0.3) epoca 9: train_loss=0.0403 val_loss=0.0807 val_BA=1.000 mejor_epoca=9
2026-09-26 22:57:37,250 INFO ICBHI/no_dn fold 3: config 1 (lr=0.0001, dropout=0.3) epoca 10: train_loss=0.0275 val_loss=0.1029 val_BA=0.875 mejor_epoca=9
2026-09-26 22:57:58,297 INFO ICBHI/no_dn fold 3: config 1 (lr=0.0001, dropout=0.3) epoca 20: train_loss=0.0079 val_loss=0.1958 val_BA=0.950 mejor_epoca=9
2026-09-26 22:58:06,691 INFO ICBHI/no_dn fold 3 config 1: OK val_BA=1.000 mejor_epoca=9 (0.8 min)
2026-09-26 22:58:09,326 INFO ICBHI/no_dn fold 3: config 2 (lr=0.0001, dropout=0.4) epoca 1: train_loss=0.4592 val_loss=0.2907 val_BA=0.950 mejor_epoca=1
2026-09-26 22:58:11,684 INFO ICBHI/no_dn fold 3: config 2 (lr=0.0001, dropout=0.4) epoca 2: train_loss=0.2018 val_loss=0.2223 val_BA=0.950 mejor_epoca=2
2026-09-26 22:58:16,407 INFO ICBHI/no_dn fold 3: config 2 (lr=0.0001, dropout=0.4) epoca 4: train_loss=0.0887 val_loss=0.2203 val_BA=0.950 mejor_epoca=4
2026-09-26 22:58:18,769 INFO ICBHI/no_dn fold 3: config 2 (lr=0.0001, dropout=0.4) epoca 5: train_loss=0.0584 val_loss=0.1140 val_BA=0.950 mejor_epoca=5
2026-09-26 22:58:30,700 INFO ICBHI/no_dn fold 3: config 2 (lr=0.0001, dropout=0.4) epoca 10: train_loss=0.0189 val_loss=0.1614 val_BA=0.950 mejor_epoca=5
2026-09-26 22:58:54,812 INFO ICBHI/no_dn fold 3: config 2 (lr=0.0001, dropout=0.4) epoca 20: train_loss=0.0368 val_loss=0.2238 val_BA=0.825 mejor_epoca=5
2026-09-26 22:58:54,833 INFO ICBHI/no_dn fold 3 config 2: OK val_BA=0.950 mejor_epoca=5 (0.8 min)
2026-09-26 22:58:58,374 INFO ICBHI/no_dn fold 3: config 3 (lr=0.0001, dropout=0.4) epoca 1: train_loss=0.4903 val_loss=0.5185 val_BA=0.950 mejor_epoca=1
2026-09-26 22:59:01,642 INFO ICBHI/no_dn fold 3: config 3 (lr=0.0001, dropout=0.4) epoca 2: train_loss=0.2333 val_loss=0.1698 val_BA=0.950 mejor_epoca=2
2026-09-26 22:59:11,591 INFO ICBHI/no_dn fold 3: config 3 (lr=0.0001, dropout=0.4) epoca 5: train_loss=0.0594 val_loss=0.1229 val_BA=0.950 mejor_epoca=5
2026-09-26 22:59:18,052 INFO ICBHI/no_dn fold 3: config 3 (lr=0.0001, dropout=0.4) epoca 7: train_loss=0.0849 val_loss=0.0318 val_BA=1.000 mejor_epoca=7
2026-09-26 22:59:27,668 INFO ICBHI/no_dn fold 3: config 3 (lr=0.0001, dropout=0.4) epoca 10: train_loss=0.0344 val_loss=0.1722 val_BA=0.950 mejor_epoca=7
2026-09-26 22:59:58,671 INFO ICBHI/no_dn fold 3: config 3 (lr=0.0001, dropout=0.4) epoca 20: train_loss=0.0009 val_loss=0.2649 val_BA=0.950 mejor_epoca=7
2026-09-26 23:00:04,965 INFO ICBHI/no_dn fold 3 config 3: OK val_BA=1.000 mejor_epoca=7 (1.2 min)
2026-09-26 23:00:07,594 INFO ICBHI/no_dn fold 3: config 4 (lr=0.0001, dropout=0.4) epoca 1: train_loss=0.4328 val_loss=0.7639 val_BA=0.800 mejor_epoca=1
2026-09-26 23:00:10,013 INFO ICBHI/no_dn fold 3: config 4 (lr=0.0001, dropout=0.4) epoca 2: train_loss=0.1835 val_loss=0.2981 val_BA=0.950 mejor_epoca=2
2026-09-26 23:00:12,370 INFO ICBHI/no_dn fold 3: config 4 (lr=0.0001, dropout=0.4) epoca 3: train_loss=0.1307 val_loss=0.1980 val_BA=0.950 mejor_epoca=3
2026-09-26 23:00:14,735 INFO ICBHI/no_dn fold 3: config 4 (lr=0.0001, dropout=0.4) epoca 4: train_loss=0.0790 val_loss=0.0845 val_BA=1.000 mejor_epoca=4
2026-09-26 23:00:21,828 INFO ICBHI/no_dn fold 3: config 4 (lr=0.0001, dropout=0.4) epoca 7: train_loss=0.0288 val_loss=0.0692 val_BA=1.000 mejor_epoca=7
2026-09-26 23:00:28,935 INFO ICBHI/no_dn fold 3: config 4 (lr=0.0001, dropout=0.4) epoca 10: train_loss=0.0155 val_loss=0.0962 val_BA=0.950 mejor_epoca=7
2026-09-26 23:00:35,974 INFO ICBHI/no_dn fold 3: config 4 (lr=0.0001, dropout=0.4) epoca 13: train_loss=0.0177 val_loss=0.0612 val_BA=1.000 mejor_epoca=13
2026-09-26 23:00:43,098 INFO ICBHI/no_dn fold 3: config 4 (lr=0.0001, dropout=0.4) epoca 16: train_loss=0.0134 val_loss=0.0565 val_BA=1.000 mejor_epoca=16
2026-09-26 23:00:52,799 INFO ICBHI/no_dn fold 3: config 4 (lr=0.0001, dropout=0.4) epoca 20: train_loss=0.0192 val_loss=0.2973 val_BA=0.950 mejor_epoca=16
2026-09-26 23:01:16,332 INFO ICBHI/no_dn fold 3: config 4 (lr=0.0001, dropout=0.4) epoca 30: train_loss=0.0010 val_loss=0.2442 val_BA=0.825 mejor_epoca=16
2026-09-26 23:01:18,647 INFO ICBHI/no_dn fold 3 config 4: OK val_BA=1.000 mejor_epoca=16 (1.2 min)
2026-09-26 23:01:21,011 INFO ICBHI/no_dn fold 3: config 5 (lr=0.0001, dropout=0.4) epoca 1: train_loss=0.4288 val_loss=0.2429 val_BA=0.825 mejor_epoca=1
2026-09-26 23:01:23,124 INFO ICBHI/no_dn fold 3: config 5 (lr=0.0001, dropout=0.4) epoca 2: train_loss=0.1779 val_loss=0.2543 val_BA=0.950 mejor_epoca=2
2026-09-26 23:01:25,268 INFO ICBHI/no_dn fold 3: config 5 (lr=0.0001, dropout=0.4) epoca 3: train_loss=0.1255 val_loss=0.2272 val_BA=0.950 mejor_epoca=3
2026-09-26 23:01:31,631 INFO ICBHI/no_dn fold 3: config 5 (lr=0.0001, dropout=0.4) epoca 6: train_loss=0.0356 val_loss=0.1766 val_BA=0.950 mejor_epoca=6
2026-09-26 23:01:35,817 INFO ICBHI/no_dn fold 3: config 5 (lr=0.0001, dropout=0.4) epoca 8: train_loss=0.0252 val_loss=0.1107 val_BA=0.950 mejor_epoca=8
2026-09-26 23:01:40,006 INFO ICBHI/no_dn fold 3: config 5 (lr=0.0001, dropout=0.4) epoca 10: train_loss=0.0186 val_loss=0.1788 val_BA=0.950 mejor_epoca=8
2026-09-26 23:01:48,367 INFO ICBHI/no_dn fold 3: config 5 (lr=0.0001, dropout=0.4) epoca 14: train_loss=0.0099 val_loss=0.0560 val_BA=1.000 mejor_epoca=14
2026-09-26 23:02:00,883 INFO ICBHI/no_dn fold 3: config 5 (lr=0.0001, dropout=0.4) epoca 20: train_loss=0.0054 val_loss=0.1533 val_BA=0.950 mejor_epoca=14
2026-09-26 23:02:19,692 INFO ICBHI/no_dn fold 3 config 5: OK val_BA=1.000 mejor_epoca=14 (1.0 min)
2026-09-26 23:02:23,380 INFO ICBHI/no_dn fold 3: config 6 (lr=0.0001, dropout=0.5) epoca 1: train_loss=0.4513 val_loss=0.3625 val_BA=0.875 mejor_epoca=1
2026-09-26 23:02:26,530 INFO ICBHI/no_dn fold 3: config 6 (lr=0.0001, dropout=0.5) epoca 2: train_loss=0.2586 val_loss=0.1275 val_BA=0.950 mejor_epoca=2
2026-09-26 23:02:29,788 INFO ICBHI/no_dn fold 3: config 6 (lr=0.0001, dropout=0.5) epoca 3: train_loss=0.1783 val_loss=0.1252 val_BA=0.950 mejor_epoca=3
2026-09-26 23:02:33,150 INFO ICBHI/no_dn fold 3: config 6 (lr=0.0001, dropout=0.5) epoca 4: train_loss=0.1196 val_loss=0.0842 val_BA=0.950 mejor_epoca=4
2026-09-26 23:02:53,583 INFO ICBHI/no_dn fold 3: config 6 (lr=0.0001, dropout=0.5) epoca 10: train_loss=0.0392 val_loss=0.0716 val_BA=1.000 mejor_epoca=10
2026-09-26 23:03:27,501 INFO ICBHI/no_dn fold 3: config 6 (lr=0.0001, dropout=0.5) epoca 20: train_loss=0.0117 val_loss=0.2372 val_BA=0.950 mejor_epoca=10
2026-09-26 23:03:30,885 INFO ICBHI/no_dn fold 3: config 6 (lr=0.0001, dropout=0.5) epoca 21: train_loss=0.0988 val_loss=0.0456 val_BA=1.000 mejor_epoca=21
2026-09-26 23:03:44,486 INFO ICBHI/no_dn fold 3: config 6 (lr=0.0001, dropout=0.5) epoca 25: train_loss=0.0484 val_loss=0.0138 val_BA=1.000 mejor_epoca=25
2026-09-26 23:04:01,358 INFO ICBHI/no_dn fold 3: config 6 (lr=0.0001, dropout=0.5) epoca 30: train_loss=0.0057 val_loss=0.2227 val_BA=0.950 mejor_epoca=25
2026-09-26 23:04:35,313 INFO ICBHI/no_dn fold 3: config 6 (lr=0.0001, dropout=0.5) epoca 40: train_loss=0.0002 val_loss=0.3060 val_BA=0.950 mejor_epoca=25
2026-09-26 23:04:35,333 INFO ICBHI/no_dn fold 3 config 6: OK val_BA=1.000 mejor_epoca=25 (2.3 min)
2026-09-26 23:04:37,726 INFO ICBHI/no_dn fold 3: config 7 (lr=0.0001, dropout=0.5) epoca 1: train_loss=0.4555 val_loss=0.2622 val_BA=0.700 mejor_epoca=1
2026-09-26 23:04:39,846 INFO ICBHI/no_dn fold 3: config 7 (lr=0.0001, dropout=0.5) epoca 2: train_loss=0.2298 val_loss=0.3192 val_BA=0.950 mejor_epoca=2
2026-09-26 23:04:46,258 INFO ICBHI/no_dn fold 3: config 7 (lr=0.0001, dropout=0.5) epoca 5: train_loss=0.0605 val_loss=0.2443 val_BA=0.950 mejor_epoca=5
2026-09-26 23:04:50,870 INFO ICBHI/no_dn fold 3: config 7 (lr=0.0001, dropout=0.5) epoca 7: train_loss=0.0415 val_loss=0.1679 val_BA=0.950 mejor_epoca=7
2026-09-26 23:04:55,531 INFO ICBHI/no_dn fold 3: config 7 (lr=0.0001, dropout=0.5) epoca 9: train_loss=0.0239 val_loss=0.1221 val_BA=0.950 mejor_epoca=9
2026-09-26 23:04:57,857 INFO ICBHI/no_dn fold 3: config 7 (lr=0.0001, dropout=0.5) epoca 10: train_loss=0.0268 val_loss=0.1820 val_BA=0.950 mejor_epoca=9
2026-09-26 23:05:00,089 INFO ICBHI/no_dn fold 3: config 7 (lr=0.0001, dropout=0.5) epoca 11: train_loss=0.0188 val_loss=0.1126 val_BA=0.950 mejor_epoca=11
2026-09-26 23:05:20,698 INFO ICBHI/no_dn fold 3: config 7 (lr=0.0001, dropout=0.5) epoca 20: train_loss=0.0277 val_loss=0.2816 val_BA=0.950 mejor_epoca=11
2026-09-26 23:05:32,211 INFO ICBHI/no_dn fold 3: config 7 (lr=0.0001, dropout=0.5) epoca 25: train_loss=0.0114 val_loss=0.0910 val_BA=0.950 mejor_epoca=25
2026-09-26 23:05:36,883 INFO ICBHI/no_dn fold 3: config 7 (lr=0.0001, dropout=0.5) epoca 27: train_loss=0.0087 val_loss=0.0647 val_BA=1.000 mejor_epoca=27
2026-09-26 23:05:43,746 INFO ICBHI/no_dn fold 3: config 7 (lr=0.0001, dropout=0.5) epoca 30: train_loss=0.0068 val_loss=0.2394 val_BA=0.950 mejor_epoca=27
2026-09-26 23:06:06,325 INFO ICBHI/no_dn fold 3: config 7 (lr=0.0001, dropout=0.5) epoca 40: train_loss=0.0016 val_loss=0.3167 val_BA=0.950 mejor_epoca=27
2026-09-26 23:06:10,846 INFO ICBHI/no_dn fold 3 config 7: OK val_BA=1.000 mejor_epoca=27 (1.6 min)
2026-09-26 23:06:13,420 INFO ICBHI/no_dn fold 3: config 8 (lr=0.0003, dropout=0.3) epoca 1: train_loss=0.3795 val_loss=0.2422 val_BA=0.825 mejor_epoca=1
2026-09-26 23:06:15,592 INFO ICBHI/no_dn fold 3: config 8 (lr=0.0003, dropout=0.3) epoca 2: train_loss=0.1581 val_loss=0.1259 val_BA=0.950 mejor_epoca=2
2026-09-26 23:06:33,451 INFO ICBHI/no_dn fold 3: config 8 (lr=0.0003, dropout=0.3) epoca 10: train_loss=0.0188 val_loss=0.1866 val_BA=0.950 mejor_epoca=2
2026-09-26 23:06:40,238 INFO ICBHI/no_dn fold 3: config 8 (lr=0.0003, dropout=0.3) epoca 13: train_loss=0.0359 val_loss=0.1157 val_BA=0.950 mejor_epoca=13
2026-09-26 23:06:55,621 INFO ICBHI/no_dn fold 3: config 8 (lr=0.0003, dropout=0.3) epoca 20: train_loss=0.0328 val_loss=0.0933 val_BA=0.875 mejor_epoca=13
2026-09-26 23:07:12,844 INFO ICBHI/no_dn fold 3 config 8: OK val_BA=0.950 mejor_epoca=13 (1.0 min)
2026-09-26 23:07:15,779 INFO ICBHI/no_dn fold 3: config 9 (lr=0.0003, dropout=0.4) epoca 1: train_loss=0.4134 val_loss=0.3583 val_BA=0.900 mejor_epoca=1
2026-09-26 23:07:18,260 INFO ICBHI/no_dn fold 3: config 9 (lr=0.0003, dropout=0.4) epoca 2: train_loss=0.2246 val_loss=0.1472 val_BA=0.950 mejor_epoca=2
2026-09-26 23:07:26,180 INFO ICBHI/no_dn fold 3: config 9 (lr=0.0003, dropout=0.4) epoca 5: train_loss=0.1255 val_loss=0.1460 val_BA=0.950 mejor_epoca=5
2026-09-26 23:07:31,276 INFO ICBHI/no_dn fold 3: config 9 (lr=0.0003, dropout=0.4) epoca 7: train_loss=0.0497 val_loss=0.1431 val_BA=0.950 mejor_epoca=7
2026-09-26 23:07:36,277 INFO ICBHI/no_dn fold 3: config 9 (lr=0.0003, dropout=0.4) epoca 9: train_loss=0.0129 val_loss=0.1240 val_BA=0.950 mejor_epoca=9
2026-09-26 23:07:38,774 INFO ICBHI/no_dn fold 3: config 9 (lr=0.0003, dropout=0.4) epoca 10: train_loss=0.0530 val_loss=0.1615 val_BA=0.950 mejor_epoca=9
2026-09-26 23:07:51,128 INFO ICBHI/no_dn fold 3: config 9 (lr=0.0003, dropout=0.4) epoca 15: train_loss=0.0061 val_loss=0.0790 val_BA=1.000 mejor_epoca=15
2026-09-26 23:08:03,743 INFO ICBHI/no_dn fold 3: config 9 (lr=0.0003, dropout=0.4) epoca 20: train_loss=0.0067 val_loss=0.2504 val_BA=0.950 mejor_epoca=15
2026-09-26 23:08:29,885 INFO ICBHI/no_dn fold 3: config 9 (lr=0.0003, dropout=0.4) epoca 30: train_loss=0.0003 val_loss=0.2232 val_BA=0.950 mejor_epoca=15
2026-09-26 23:08:29,907 INFO ICBHI/no_dn fold 3 config 9: OK val_BA=1.000 mejor_epoca=15 (1.3 min)
2026-09-26 23:08:34,142 INFO ICBHI/no_dn fold 3: config 10 (lr=0.0003, dropout=0.4) epoca 1: train_loss=0.5858 val_loss=0.6077 val_BA=0.675 mejor_epoca=1
2026-09-26 23:08:37,780 INFO ICBHI/no_dn fold 3: config 10 (lr=0.0003, dropout=0.4) epoca 2: train_loss=0.3782 val_loss=0.3383 val_BA=0.850 mejor_epoca=2
2026-09-26 23:08:41,466 INFO ICBHI/no_dn fold 3: config 10 (lr=0.0003, dropout=0.4) epoca 3: train_loss=0.2449 val_loss=0.1898 val_BA=0.950 mejor_epoca=3
2026-09-26 23:08:49,823 INFO ICBHI/no_dn fold 3: config 10 (lr=0.0003, dropout=0.4) epoca 5: train_loss=0.1994 val_loss=0.1557 val_BA=0.950 mejor_epoca=5
2026-09-26 23:09:10,783 INFO ICBHI/no_dn fold 3: config 10 (lr=0.0003, dropout=0.4) epoca 10: train_loss=0.0825 val_loss=0.2553 val_BA=0.950 mejor_epoca=5
2026-09-26 23:09:14,537 INFO ICBHI/no_dn fold 3: config 10 (lr=0.0003, dropout=0.4) epoca 11: train_loss=0.0863 val_loss=0.1195 val_BA=0.950 mejor_epoca=11
2026-09-26 23:09:48,239 INFO ICBHI/no_dn fold 3: config 10 (lr=0.0003, dropout=0.4) epoca 20: train_loss=0.0567 val_loss=0.4006 val_BA=0.825 mejor_epoca=11
2026-09-26 23:10:14,479 INFO ICBHI/no_dn fold 3 config 10: OK val_BA=0.950 mejor_epoca=11 (1.7 min)
2026-09-26 23:10:17,213 INFO ICBHI/no_dn fold 3: config 11 (lr=0.0003, dropout=0.5) epoca 1: train_loss=0.4624 val_loss=0.4875 val_BA=0.950 mejor_epoca=1
2026-09-26 23:10:19,599 INFO ICBHI/no_dn fold 3: config 11 (lr=0.0003, dropout=0.5) epoca 2: train_loss=0.1978 val_loss=0.2365 val_BA=0.950 mejor_epoca=2
2026-09-26 23:10:22,032 INFO ICBHI/no_dn fold 3: config 11 (lr=0.0003, dropout=0.5) epoca 3: train_loss=0.1235 val_loss=0.0876 val_BA=1.000 mejor_epoca=3
2026-09-26 23:10:26,773 INFO ICBHI/no_dn fold 3: config 11 (lr=0.0003, dropout=0.5) epoca 5: train_loss=0.0533 val_loss=0.0738 val_BA=1.000 mejor_epoca=5
2026-09-26 23:10:38,401 INFO ICBHI/no_dn fold 3: config 11 (lr=0.0003, dropout=0.5) epoca 10: train_loss=0.0056 val_loss=0.1996 val_BA=0.950 mejor_epoca=5
2026-09-26 23:11:01,866 INFO ICBHI/no_dn fold 3: config 11 (lr=0.0003, dropout=0.5) epoca 20: train_loss=0.0425 val_loss=0.1861 val_BA=0.950 mejor_epoca=5
2026-09-26 23:11:01,890 INFO ICBHI/no_dn fold 3 config 11: OK val_BA=1.000 mejor_epoca=5 (0.8 min)
2026-09-26 23:11:05,059 INFO ICBHI/no_dn fold 3: config 12 (lr=0.0003, dropout=0.5) epoca 1: train_loss=0.4467 val_loss=0.3682 val_BA=0.950 mejor_epoca=1
2026-09-26 23:11:07,849 INFO ICBHI/no_dn fold 3: config 12 (lr=0.0003, dropout=0.5) epoca 2: train_loss=0.2579 val_loss=0.1784 val_BA=0.950 mejor_epoca=2
2026-09-26 23:11:10,459 INFO ICBHI/no_dn fold 3: config 12 (lr=0.0003, dropout=0.5) epoca 3: train_loss=0.1202 val_loss=0.1007 val_BA=0.950 mejor_epoca=3
2026-09-26 23:11:18,954 INFO ICBHI/no_dn fold 3: config 12 (lr=0.0003, dropout=0.5) epoca 6: train_loss=0.0412 val_loss=0.0880 val_BA=0.950 mejor_epoca=6
2026-09-26 23:11:30,337 INFO ICBHI/no_dn fold 3: config 12 (lr=0.0003, dropout=0.5) epoca 10: train_loss=0.0740 val_loss=0.1895 val_BA=0.950 mejor_epoca=6
2026-09-26 23:11:58,717 INFO ICBHI/no_dn fold 3: config 12 (lr=0.0003, dropout=0.5) epoca 20: train_loss=0.0159 val_loss=0.2434 val_BA=0.950 mejor_epoca=6
2026-09-26 23:12:01,705 INFO ICBHI/no_dn fold 3 config 12: OK val_BA=0.950 mejor_epoca=6 (1.0 min)
2026-09-26 23:12:06,004 INFO ICBHI/no_dn fold 3: config 13 (lr=0.001, dropout=0.2) epoca 1: train_loss=0.6030 val_loss=0.2617 val_BA=0.825 mejor_epoca=1
2026-09-26 23:12:18,643 INFO ICBHI/no_dn fold 3: config 13 (lr=0.001, dropout=0.2) epoca 4: train_loss=0.4836 val_loss=0.0996 val_BA=0.875 mejor_epoca=4
2026-09-26 23:12:35,053 INFO ICBHI/no_dn fold 3: config 13 (lr=0.001, dropout=0.2) epoca 8: train_loss=0.1670 val_loss=0.1053 val_BA=1.000 mejor_epoca=8
2026-09-26 23:12:43,283 INFO ICBHI/no_dn fold 3: config 13 (lr=0.001, dropout=0.2) epoca 10: train_loss=0.1559 val_loss=0.1335 val_BA=1.000 mejor_epoca=8
2026-09-26 23:13:12,059 INFO ICBHI/no_dn fold 3: config 13 (lr=0.001, dropout=0.2) epoca 17: train_loss=0.1153 val_loss=0.0688 val_BA=1.000 mejor_epoca=17
2026-09-26 23:13:24,925 INFO ICBHI/no_dn fold 3: config 13 (lr=0.001, dropout=0.2) epoca 20: train_loss=0.0396 val_loss=0.1241 val_BA=0.950 mejor_epoca=17
2026-09-26 23:14:03,480 INFO ICBHI/no_dn fold 3: config 13 (lr=0.001, dropout=0.2) epoca 30: train_loss=0.1402 val_loss=0.0676 val_BA=0.875 mejor_epoca=17
2026-09-26 23:14:11,272 INFO ICBHI/no_dn fold 3 config 13: OK val_BA=1.000 mejor_epoca=17 (2.2 min)
2026-09-26 23:14:13,814 INFO ICBHI/no_dn fold 3: config 14 (lr=0.001, dropout=0.3) epoca 1: train_loss=0.5262 val_loss=0.1642 val_BA=0.500 mejor_epoca=1
2026-09-26 23:14:16,017 INFO ICBHI/no_dn fold 3: config 14 (lr=0.001, dropout=0.3) epoca 2: train_loss=0.2796 val_loss=0.1337 val_BA=0.625 mejor_epoca=2
2026-09-26 23:14:18,217 INFO ICBHI/no_dn fold 3: config 14 (lr=0.001, dropout=0.3) epoca 3: train_loss=0.1818 val_loss=0.1052 val_BA=0.825 mejor_epoca=3
2026-09-26 23:14:20,451 INFO ICBHI/no_dn fold 3: config 14 (lr=0.001, dropout=0.3) epoca 4: train_loss=0.1394 val_loss=0.2071 val_BA=0.950 mejor_epoca=4
2026-09-26 23:14:22,656 INFO ICBHI/no_dn fold 3: config 14 (lr=0.001, dropout=0.3) epoca 5: train_loss=0.1019 val_loss=0.1900 val_BA=0.950 mejor_epoca=5
2026-09-26 23:14:24,911 INFO ICBHI/no_dn fold 3: config 14 (lr=0.001, dropout=0.3) epoca 6: train_loss=0.1021 val_loss=0.1081 val_BA=0.950 mejor_epoca=6
2026-09-26 23:14:34,141 INFO ICBHI/no_dn fold 3: config 14 (lr=0.001, dropout=0.3) epoca 10: train_loss=0.0175 val_loss=0.2120 val_BA=0.950 mejor_epoca=6
2026-09-26 23:14:57,139 INFO ICBHI/no_dn fold 3: config 14 (lr=0.001, dropout=0.3) epoca 20: train_loss=0.0169 val_loss=0.2529 val_BA=0.950 mejor_epoca=6
2026-09-26 23:14:59,370 INFO ICBHI/no_dn fold 3 config 14: OK val_BA=0.950 mejor_epoca=6 (0.8 min)
2026-09-26 23:15:02,449 INFO ICBHI/no_dn fold 3: config 15 (lr=0.001, dropout=0.3) epoca 1: train_loss=0.5766 val_loss=0.0852 val_BA=0.875 mejor_epoca=1
2026-09-26 23:15:10,253 INFO ICBHI/no_dn fold 3: config 15 (lr=0.001, dropout=0.3) epoca 4: train_loss=0.1693 val_loss=0.2604 val_BA=0.900 mejor_epoca=4
2026-09-26 23:15:12,947 INFO ICBHI/no_dn fold 3: config 15 (lr=0.001, dropout=0.3) epoca 5: train_loss=0.1395 val_loss=0.4076 val_BA=0.950 mejor_epoca=5
2026-09-26 23:15:15,588 INFO ICBHI/no_dn fold 3: config 15 (lr=0.001, dropout=0.3) epoca 6: train_loss=0.1375 val_loss=0.2167 val_BA=0.950 mejor_epoca=6
2026-09-26 23:15:18,194 INFO ICBHI/no_dn fold 3: config 15 (lr=0.001, dropout=0.3) epoca 7: train_loss=0.0603 val_loss=0.1808 val_BA=0.950 mejor_epoca=7
2026-09-26 23:15:25,734 INFO ICBHI/no_dn fold 3: config 15 (lr=0.001, dropout=0.3) epoca 10: train_loss=0.0653 val_loss=0.2037 val_BA=0.950 mejor_epoca=7
2026-09-26 23:15:30,938 INFO ICBHI/no_dn fold 3: config 15 (lr=0.001, dropout=0.3) epoca 12: train_loss=0.1203 val_loss=0.1781 val_BA=0.950 mejor_epoca=12
2026-09-26 23:15:52,426 INFO ICBHI/no_dn fold 3: config 15 (lr=0.001, dropout=0.3) epoca 20: train_loss=0.0006 val_loss=0.3263 val_BA=0.825 mejor_epoca=12
2026-09-26 23:16:11,771 INFO ICBHI/no_dn fold 3 config 15: OK val_BA=0.950 mejor_epoca=12 (1.2 min)
2026-09-26 23:16:16,043 INFO ICBHI/no_dn fold 3: config 16 (lr=0.001, dropout=0.4) epoca 1: train_loss=0.9021 val_loss=0.2406 val_BA=0.500 mejor_epoca=1
2026-09-26 23:16:19,674 INFO ICBHI/no_dn fold 3: config 16 (lr=0.001, dropout=0.4) epoca 2: train_loss=0.9279 val_loss=0.3090 val_BA=0.525 mejor_epoca=2
2026-09-26 23:16:26,918 INFO ICBHI/no_dn fold 3: config 16 (lr=0.001, dropout=0.4) epoca 4: train_loss=0.5437 val_loss=0.1806 val_BA=0.625 mejor_epoca=4
2026-09-26 23:16:30,620 INFO ICBHI/no_dn fold 3: config 16 (lr=0.001, dropout=0.4) epoca 5: train_loss=0.5043 val_loss=0.1434 val_BA=0.625 mejor_epoca=5
2026-09-26 23:16:34,451 INFO ICBHI/no_dn fold 3: config 16 (lr=0.001, dropout=0.4) epoca 6: train_loss=0.4237 val_loss=0.3377 val_BA=0.900 mejor_epoca=6
2026-09-26 23:16:50,400 INFO ICBHI/no_dn fold 3: config 16 (lr=0.001, dropout=0.4) epoca 10: train_loss=0.2447 val_loss=0.0056 val_BA=1.000 mejor_epoca=10
2026-09-26 23:17:29,688 INFO ICBHI/no_dn fold 3: config 16 (lr=0.001, dropout=0.4) epoca 20: train_loss=0.0603 val_loss=0.2017 val_BA=0.950 mejor_epoca=10
2026-09-26 23:17:37,198 INFO ICBHI/no_dn fold 3: config 16 (lr=0.001, dropout=0.4) epoca 22: train_loss=0.0809 val_loss=0.0043 val_BA=1.000 mejor_epoca=22
2026-09-26 23:18:09,236 INFO ICBHI/no_dn fold 3: config 16 (lr=0.001, dropout=0.4) epoca 30: train_loss=0.0053 val_loss=0.1364 val_BA=0.950 mejor_epoca=22
2026-09-26 23:18:37,318 INFO ICBHI/no_dn fold 3 config 16: OK val_BA=1.000 mejor_epoca=22 (2.4 min)
2026-09-26 23:18:40,102 INFO ICBHI/no_dn fold 3: config 17 (lr=0.001, dropout=0.5) epoca 1: train_loss=0.5187 val_loss=0.2117 val_BA=0.825 mejor_epoca=1
2026-09-26 23:18:42,588 INFO ICBHI/no_dn fold 3: config 17 (lr=0.001, dropout=0.5) epoca 2: train_loss=0.4405 val_loss=0.2788 val_BA=0.850 mejor_epoca=2
2026-09-26 23:18:50,683 INFO ICBHI/no_dn fold 3: config 17 (lr=0.001, dropout=0.5) epoca 5: train_loss=0.2477 val_loss=0.1217 val_BA=0.875 mejor_epoca=5
2026-09-26 23:19:03,876 INFO ICBHI/no_dn fold 3: config 17 (lr=0.001, dropout=0.5) epoca 10: train_loss=0.1516 val_loss=0.2221 val_BA=0.700 mejor_epoca=5
2026-09-26 23:19:30,400 INFO ICBHI/no_dn fold 3: config 17 (lr=0.001, dropout=0.5) epoca 20: train_loss=0.0158 val_loss=0.2655 val_BA=0.750 mejor_epoca=5
2026-09-26 23:19:30,422 INFO ICBHI/no_dn fold 3 config 17: OK val_BA=0.875 mejor_epoca=5 (0.9 min)
2026-09-26 23:19:33,014 INFO ICBHI/no_dn fold 3: config 18 (lr=0.001, dropout=0.5) epoca 1: train_loss=0.5353 val_loss=0.3597 val_BA=0.400 mejor_epoca=1
2026-09-26 23:19:35,229 INFO ICBHI/no_dn fold 3: config 18 (lr=0.001, dropout=0.5) epoca 2: train_loss=0.3898 val_loss=0.4288 val_BA=0.500 mejor_epoca=2
2026-09-26 23:19:37,503 INFO ICBHI/no_dn fold 3: config 18 (lr=0.001, dropout=0.5) epoca 3: train_loss=0.2666 val_loss=0.0643 val_BA=1.000 mejor_epoca=3
2026-09-26 23:19:46,448 INFO ICBHI/no_dn fold 3: config 18 (lr=0.001, dropout=0.5) epoca 7: train_loss=0.0611 val_loss=0.0265 val_BA=1.000 mejor_epoca=7
2026-09-26 23:19:53,257 INFO ICBHI/no_dn fold 3: config 18 (lr=0.001, dropout=0.5) epoca 10: train_loss=0.0373 val_loss=0.1519 val_BA=0.950 mejor_epoca=7
2026-09-26 23:20:16,168 INFO ICBHI/no_dn fold 3: config 18 (lr=0.001, dropout=0.5) epoca 20: train_loss=0.0076 val_loss=0.2822 val_BA=0.950 mejor_epoca=7
2026-09-26 23:20:20,599 INFO ICBHI/no_dn fold 3 config 18: OK val_BA=1.000 mejor_epoca=7 (0.8 min)
2026-09-26 23:20:23,087 INFO ICBHI/no_dn fold 3: config 19 (lr=0.001, dropout=0.5) epoca 1: train_loss=0.5609 val_loss=0.2326 val_BA=0.575 mejor_epoca=1
2026-09-26 23:20:25,319 INFO ICBHI/no_dn fold 3: config 19 (lr=0.001, dropout=0.5) epoca 2: train_loss=0.2757 val_loss=0.7419 val_BA=0.675 mejor_epoca=2
2026-09-26 23:20:27,491 INFO ICBHI/no_dn fold 3: config 19 (lr=0.001, dropout=0.5) epoca 3: train_loss=0.2297 val_loss=0.0957 val_BA=1.000 mejor_epoca=3
2026-09-26 23:20:42,609 INFO ICBHI/no_dn fold 3: config 19 (lr=0.001, dropout=0.5) epoca 10: train_loss=0.0295 val_loss=0.1667 val_BA=0.825 mejor_epoca=3
2026-09-26 23:21:04,575 INFO ICBHI/no_dn fold 3: config 19 (lr=0.001, dropout=0.5) epoca 20: train_loss=0.0022 val_loss=0.2482 val_BA=0.825 mejor_epoca=3
2026-09-26 23:21:04,598 INFO ICBHI/no_dn fold 3 config 19: OK val_BA=1.000 mejor_epoca=3 (0.7 min)
2026-09-26 23:21:05,109 INFO ICBHI/no_dn fold 4: log-mel no_dn listo en 0.5 s, forma (4715, 1, 64, 309)
2026-09-26 23:21:05,122 INFO ICBHI/no_dn fold 4: 58/14 pacientes train/validation, 20 de 20 configuracion(es) por evaluar
2026-09-26 23:21:08,829 INFO ICBHI/no_dn fold 4: config 0 (lr=0.0001, dropout=0.3) epoca 1: train_loss=0.4500 val_loss=0.3454 val_BA=1.000 mejor_epoca=1
2026-09-26 23:21:12,467 INFO ICBHI/no_dn fold 4: config 0 (lr=0.0001, dropout=0.3) epoca 2: train_loss=0.1882 val_loss=0.2127 val_BA=1.000 mejor_epoca=2
2026-09-26 23:21:19,791 INFO ICBHI/no_dn fold 4: config 0 (lr=0.0001, dropout=0.3) epoca 4: train_loss=0.0803 val_loss=0.1202 val_BA=1.000 mejor_epoca=4
2026-09-26 23:21:41,639 INFO ICBHI/no_dn fold 4: config 0 (lr=0.0001, dropout=0.3) epoca 10: train_loss=0.0287 val_loss=0.0722 val_BA=0.750 mejor_epoca=4
2026-09-26 23:21:56,157 INFO ICBHI/no_dn fold 4: config 0 (lr=0.0001, dropout=0.3) epoca 14: train_loss=0.0202 val_loss=0.1004 val_BA=1.000 mejor_epoca=14
2026-09-26 23:22:16,042 INFO ICBHI/no_dn fold 4: config 0 (lr=0.0001, dropout=0.3) epoca 20: train_loss=0.0145 val_loss=0.0706 val_BA=0.750 mejor_epoca=14
2026-09-26 23:22:45,752 INFO ICBHI/no_dn fold 4 config 0: OK val_BA=1.000 mejor_epoca=14 (1.7 min)
2026-09-26 23:22:48,079 INFO ICBHI/no_dn fold 4: config 1 (lr=0.0001, dropout=0.3) epoca 1: train_loss=0.4750 val_loss=0.3484 val_BA=0.875 mejor_epoca=1
2026-09-26 23:22:50,107 INFO ICBHI/no_dn fold 4: config 1 (lr=0.0001, dropout=0.3) epoca 2: train_loss=0.2508 val_loss=0.5274 val_BA=1.000 mejor_epoca=2
2026-09-26 23:23:06,380 INFO ICBHI/no_dn fold 4: config 1 (lr=0.0001, dropout=0.3) epoca 10: train_loss=0.0276 val_loss=0.1172 val_BA=0.750 mejor_epoca=2
2026-09-26 23:23:27,597 INFO ICBHI/no_dn fold 4: config 1 (lr=0.0001, dropout=0.3) epoca 20: train_loss=0.0086 val_loss=0.1350 val_BA=0.875 mejor_epoca=2
2026-09-26 23:23:27,627 INFO ICBHI/no_dn fold 4 config 1: OK val_BA=1.000 mejor_epoca=2 (0.7 min)
2026-09-26 23:23:30,417 INFO ICBHI/no_dn fold 4: config 2 (lr=0.0001, dropout=0.4) epoca 1: train_loss=0.4860 val_loss=0.3224 val_BA=0.750 mejor_epoca=1
2026-09-26 23:23:32,896 INFO ICBHI/no_dn fold 4: config 2 (lr=0.0001, dropout=0.4) epoca 2: train_loss=0.2199 val_loss=0.4752 val_BA=1.000 mejor_epoca=2
2026-09-26 23:23:40,664 INFO ICBHI/no_dn fold 4: config 2 (lr=0.0001, dropout=0.4) epoca 5: train_loss=0.0561 val_loss=0.4128 val_BA=1.000 mejor_epoca=5
2026-09-26 23:23:52,671 INFO ICBHI/no_dn fold 4: config 2 (lr=0.0001, dropout=0.4) epoca 10: train_loss=0.0165 val_loss=0.0564 val_BA=0.875 mejor_epoca=5
2026-09-26 23:24:17,517 INFO ICBHI/no_dn fold 4: config 2 (lr=0.0001, dropout=0.4) epoca 20: train_loss=0.0257 val_loss=0.1401 val_BA=0.625 mejor_epoca=5
2026-09-26 23:24:17,549 INFO ICBHI/no_dn fold 4 config 2: OK val_BA=1.000 mejor_epoca=5 (0.8 min)
2026-09-26 23:24:21,756 INFO ICBHI/no_dn fold 4: config 3 (lr=0.0001, dropout=0.4) epoca 1: train_loss=0.4838 val_loss=0.5591 val_BA=1.000 mejor_epoca=1
2026-09-26 23:24:32,829 INFO ICBHI/no_dn fold 4: config 3 (lr=0.0001, dropout=0.4) epoca 4: train_loss=0.0867 val_loss=0.0914 val_BA=1.000 mejor_epoca=4
2026-09-26 23:24:55,221 INFO ICBHI/no_dn fold 4: config 3 (lr=0.0001, dropout=0.4) epoca 10: train_loss=0.0142 val_loss=0.0877 val_BA=0.750 mejor_epoca=4
2026-09-26 23:25:30,969 INFO ICBHI/no_dn fold 4: config 3 (lr=0.0001, dropout=0.4) epoca 20: train_loss=0.1838 val_loss=0.3275 val_BA=0.875 mejor_epoca=4
2026-09-26 23:25:31,004 INFO ICBHI/no_dn fold 4 config 3: OK val_BA=1.000 mejor_epoca=4 (1.2 min)
2026-09-26 23:25:34,091 INFO ICBHI/no_dn fold 4: config 4 (lr=0.0001, dropout=0.4) epoca 1: train_loss=0.4352 val_loss=0.3543 val_BA=0.875 mejor_epoca=1
2026-09-26 23:25:36,745 INFO ICBHI/no_dn fold 4: config 4 (lr=0.0001, dropout=0.4) epoca 2: train_loss=0.1869 val_loss=0.2081 val_BA=0.875 mejor_epoca=2
2026-09-26 23:25:39,205 INFO ICBHI/no_dn fold 4: config 4 (lr=0.0001, dropout=0.4) epoca 3: train_loss=0.1082 val_loss=0.2522 val_BA=1.000 mejor_epoca=3
2026-09-26 23:25:56,753 INFO ICBHI/no_dn fold 4: config 4 (lr=0.0001, dropout=0.4) epoca 10: train_loss=0.0139 val_loss=0.0774 val_BA=0.750 mejor_epoca=3
2026-09-26 23:26:21,398 INFO ICBHI/no_dn fold 4: config 4 (lr=0.0001, dropout=0.4) epoca 20: train_loss=0.0044 val_loss=0.1142 val_BA=0.750 mejor_epoca=3
2026-09-26 23:26:21,425 INFO ICBHI/no_dn fold 4 config 4: OK val_BA=1.000 mejor_epoca=3 (0.8 min)
2026-09-26 23:26:23,692 INFO ICBHI/no_dn fold 4: config 5 (lr=0.0001, dropout=0.4) epoca 1: train_loss=0.4926 val_loss=0.3969 val_BA=0.875 mejor_epoca=1
2026-09-26 23:26:25,706 INFO ICBHI/no_dn fold 4: config 5 (lr=0.0001, dropout=0.4) epoca 2: train_loss=0.2246 val_loss=0.2406 val_BA=0.875 mejor_epoca=2
2026-09-26 23:26:31,757 INFO ICBHI/no_dn fold 4: config 5 (lr=0.0001, dropout=0.4) epoca 5: train_loss=0.0560 val_loss=0.4975 val_BA=1.000 mejor_epoca=5
2026-09-26 23:26:39,950 INFO ICBHI/no_dn fold 4: config 5 (lr=0.0001, dropout=0.4) epoca 9: train_loss=0.0308 val_loss=0.2902 val_BA=1.000 mejor_epoca=9
2026-09-26 23:26:42,033 INFO ICBHI/no_dn fold 4: config 5 (lr=0.0001, dropout=0.4) epoca 10: train_loss=0.0235 val_loss=0.1699 val_BA=0.875 mejor_epoca=9
2026-09-26 23:26:56,458 INFO ICBHI/no_dn fold 4: config 5 (lr=0.0001, dropout=0.4) epoca 17: train_loss=0.0209 val_loss=0.2800 val_BA=1.000 mejor_epoca=17
2026-09-26 23:27:02,671 INFO ICBHI/no_dn fold 4: config 5 (lr=0.0001, dropout=0.4) epoca 20: train_loss=0.0073 val_loss=0.1218 val_BA=0.875 mejor_epoca=17
2026-09-26 23:27:22,283 INFO ICBHI/no_dn fold 4: config 5 (lr=0.0001, dropout=0.4) epoca 30: train_loss=0.0033 val_loss=0.1042 val_BA=0.875 mejor_epoca=17
2026-09-26 23:27:26,187 INFO ICBHI/no_dn fold 4 config 5: OK val_BA=1.000 mejor_epoca=17 (1.1 min)
2026-09-26 23:27:29,589 INFO ICBHI/no_dn fold 4: config 6 (lr=0.0001, dropout=0.5) epoca 1: train_loss=0.5482 val_loss=0.2194 val_BA=0.750 mejor_epoca=1
2026-09-26 23:27:32,631 INFO ICBHI/no_dn fold 4: config 6 (lr=0.0001, dropout=0.5) epoca 2: train_loss=0.2263 val_loss=0.3142 val_BA=0.875 mejor_epoca=2
2026-09-26 23:27:35,717 INFO ICBHI/no_dn fold 4: config 6 (lr=0.0001, dropout=0.5) epoca 3: train_loss=0.1284 val_loss=0.1839 val_BA=1.000 mejor_epoca=3
2026-09-26 23:27:38,735 INFO ICBHI/no_dn fold 4: config 6 (lr=0.0001, dropout=0.5) epoca 4: train_loss=0.1252 val_loss=0.1733 val_BA=1.000 mejor_epoca=4
2026-09-26 23:27:56,748 INFO ICBHI/no_dn fold 4: config 6 (lr=0.0001, dropout=0.5) epoca 10: train_loss=0.0357 val_loss=0.0968 val_BA=0.750 mejor_epoca=4
2026-09-26 23:28:11,956 INFO ICBHI/no_dn fold 4: config 6 (lr=0.0001, dropout=0.5) epoca 15: train_loss=0.0318 val_loss=0.1259 val_BA=1.000 mejor_epoca=15
2026-09-26 23:28:28,428 INFO ICBHI/no_dn fold 4: config 6 (lr=0.0001, dropout=0.5) epoca 20: train_loss=0.0359 val_loss=0.1250 val_BA=0.750 mejor_epoca=15
2026-09-26 23:29:04,333 INFO ICBHI/no_dn fold 4: config 6 (lr=0.0001, dropout=0.5) epoca 30: train_loss=0.0006 val_loss=0.1304 val_BA=0.750 mejor_epoca=15
2026-09-26 23:29:04,359 INFO ICBHI/no_dn fold 4 config 6: OK val_BA=1.000 mejor_epoca=15 (1.6 min)
2026-09-26 23:29:06,738 INFO ICBHI/no_dn fold 4: config 7 (lr=0.0001, dropout=0.5) epoca 1: train_loss=0.5218 val_loss=0.3642 val_BA=0.875 mejor_epoca=1
2026-09-26 23:29:11,063 INFO ICBHI/no_dn fold 4: config 7 (lr=0.0001, dropout=0.5) epoca 3: train_loss=0.1686 val_loss=0.2397 val_BA=0.875 mejor_epoca=3
2026-09-26 23:29:13,233 INFO ICBHI/no_dn fold 4: config 7 (lr=0.0001, dropout=0.5) epoca 4: train_loss=0.1010 val_loss=0.3243 val_BA=1.000 mejor_epoca=4
2026-09-26 23:29:25,687 INFO ICBHI/no_dn fold 4: config 7 (lr=0.0001, dropout=0.5) epoca 10: train_loss=0.0248 val_loss=0.1445 val_BA=0.750 mejor_epoca=4
2026-09-26 23:29:35,569 INFO ICBHI/no_dn fold 4: config 7 (lr=0.0001, dropout=0.5) epoca 15: train_loss=0.0241 val_loss=0.1724 val_BA=1.000 mejor_epoca=15
2026-09-26 23:29:46,098 INFO ICBHI/no_dn fold 4: config 7 (lr=0.0001, dropout=0.5) epoca 20: train_loss=0.0175 val_loss=0.2218 val_BA=1.000 mejor_epoca=15
2026-09-26 23:30:07,207 INFO ICBHI/no_dn fold 4: config 7 (lr=0.0001, dropout=0.5) epoca 30: train_loss=0.0038 val_loss=0.0962 val_BA=0.750 mejor_epoca=15
2026-09-26 23:30:07,232 INFO ICBHI/no_dn fold 4 config 7: OK val_BA=1.000 mejor_epoca=15 (1.0 min)
2026-09-26 23:30:09,621 INFO ICBHI/no_dn fold 4: config 8 (lr=0.0003, dropout=0.3) epoca 1: train_loss=0.3993 val_loss=0.2140 val_BA=0.875 mejor_epoca=1
2026-09-26 23:30:11,765 INFO ICBHI/no_dn fold 4: config 8 (lr=0.0003, dropout=0.3) epoca 2: train_loss=0.1580 val_loss=0.1948 val_BA=0.875 mejor_epoca=2
2026-09-26 23:30:13,768 INFO ICBHI/no_dn fold 4: config 8 (lr=0.0003, dropout=0.3) epoca 3: train_loss=0.0704 val_loss=0.1558 val_BA=1.000 mejor_epoca=3
2026-09-26 23:30:27,581 INFO ICBHI/no_dn fold 4: config 8 (lr=0.0003, dropout=0.3) epoca 10: train_loss=0.0377 val_loss=0.1548 val_BA=0.750 mejor_epoca=3
2026-09-26 23:30:48,196 INFO ICBHI/no_dn fold 4: config 8 (lr=0.0003, dropout=0.3) epoca 20: train_loss=0.0013 val_loss=0.0913 val_BA=0.875 mejor_epoca=3
2026-09-26 23:30:48,221 INFO ICBHI/no_dn fold 4 config 8: OK val_BA=1.000 mejor_epoca=3 (0.7 min)
2026-09-26 23:30:51,045 INFO ICBHI/no_dn fold 4: config 9 (lr=0.0003, dropout=0.4) epoca 1: train_loss=0.4600 val_loss=0.3730 val_BA=0.875 mejor_epoca=1
2026-09-26 23:30:53,495 INFO ICBHI/no_dn fold 4: config 9 (lr=0.0003, dropout=0.4) epoca 2: train_loss=0.1860 val_loss=0.1452 val_BA=1.000 mejor_epoca=2
2026-09-26 23:31:13,403 INFO ICBHI/no_dn fold 4: config 9 (lr=0.0003, dropout=0.4) epoca 10: train_loss=0.0898 val_loss=0.0897 val_BA=0.750 mejor_epoca=2
2026-09-26 23:31:39,163 INFO ICBHI/no_dn fold 4: config 9 (lr=0.0003, dropout=0.4) epoca 20: train_loss=0.0206 val_loss=0.1207 val_BA=0.750 mejor_epoca=2
2026-09-26 23:31:39,207 INFO ICBHI/no_dn fold 4 config 9: OK val_BA=1.000 mejor_epoca=2 (0.8 min)
2026-09-26 23:31:43,904 INFO ICBHI/no_dn fold 4: config 10 (lr=0.0003, dropout=0.4) epoca 1: train_loss=0.4951 val_loss=0.4481 val_BA=0.875 mejor_epoca=1
2026-09-26 23:31:47,577 INFO ICBHI/no_dn fold 4: config 10 (lr=0.0003, dropout=0.4) epoca 2: train_loss=0.2162 val_loss=0.2924 val_BA=0.875 mejor_epoca=2
2026-09-26 23:31:51,201 INFO ICBHI/no_dn fold 4: config 10 (lr=0.0003, dropout=0.4) epoca 3: train_loss=0.1845 val_loss=0.1804 val_BA=0.875 mejor_epoca=3
2026-09-26 23:31:58,361 INFO ICBHI/no_dn fold 4: config 10 (lr=0.0003, dropout=0.4) epoca 5: train_loss=0.0744 val_loss=0.1210 val_BA=1.000 mejor_epoca=5
2026-09-26 23:32:14,746 INFO ICBHI/no_dn fold 4: config 10 (lr=0.0003, dropout=0.4) epoca 10: train_loss=0.1118 val_loss=0.1182 val_BA=0.875 mejor_epoca=5
2026-09-26 23:32:50,449 INFO ICBHI/no_dn fold 4: config 10 (lr=0.0003, dropout=0.4) epoca 20: train_loss=0.0578 val_loss=0.2770 val_BA=0.875 mejor_epoca=5
2026-09-26 23:32:50,474 INFO ICBHI/no_dn fold 4 config 10: OK val_BA=1.000 mejor_epoca=5 (1.2 min)
2026-09-26 23:32:52,809 INFO ICBHI/no_dn fold 4: config 11 (lr=0.0003, dropout=0.5) epoca 1: train_loss=0.4616 val_loss=1.8207 val_BA=0.550 mejor_epoca=1
2026-09-26 23:32:54,882 INFO ICBHI/no_dn fold 4: config 11 (lr=0.0003, dropout=0.5) epoca 2: train_loss=0.1917 val_loss=0.1052 val_BA=0.750 mejor_epoca=2
2026-09-26 23:32:56,942 INFO ICBHI/no_dn fold 4: config 11 (lr=0.0003, dropout=0.5) epoca 3: train_loss=0.1286 val_loss=0.1643 val_BA=1.000 mejor_epoca=3
2026-09-26 23:33:01,018 INFO ICBHI/no_dn fold 4: config 11 (lr=0.0003, dropout=0.5) epoca 5: train_loss=0.0348 val_loss=0.1573 val_BA=1.000 mejor_epoca=5
2026-09-26 23:33:11,282 INFO ICBHI/no_dn fold 4: config 11 (lr=0.0003, dropout=0.5) epoca 10: train_loss=0.0382 val_loss=0.0811 val_BA=1.000 mejor_epoca=10
2026-09-26 23:33:33,087 INFO ICBHI/no_dn fold 4: config 11 (lr=0.0003, dropout=0.5) epoca 20: train_loss=0.0017 val_loss=0.0849 val_BA=0.875 mejor_epoca=10
2026-09-26 23:33:43,995 INFO ICBHI/no_dn fold 4 config 11: OK val_BA=1.000 mejor_epoca=10 (0.9 min)
2026-09-26 23:33:47,181 INFO ICBHI/no_dn fold 4: config 12 (lr=0.0003, dropout=0.5) epoca 1: train_loss=0.4667 val_loss=0.2378 val_BA=1.000 mejor_epoca=1
2026-09-26 23:33:52,982 INFO ICBHI/no_dn fold 4: config 12 (lr=0.0003, dropout=0.5) epoca 3: train_loss=0.1503 val_loss=0.0823 val_BA=1.000 mejor_epoca=3
2026-09-26 23:34:09,872 INFO ICBHI/no_dn fold 4: config 12 (lr=0.0003, dropout=0.5) epoca 10: train_loss=0.0132 val_loss=0.0868 val_BA=0.875 mejor_epoca=3
2026-09-26 23:34:20,651 INFO ICBHI/no_dn fold 4: config 12 (lr=0.0003, dropout=0.5) epoca 14: train_loss=0.0273 val_loss=0.0738 val_BA=1.000 mejor_epoca=14
2026-09-26 23:34:36,570 INFO ICBHI/no_dn fold 4: config 12 (lr=0.0003, dropout=0.5) epoca 20: train_loss=0.0321 val_loss=0.1351 val_BA=1.000 mejor_epoca=14
2026-09-26 23:34:59,662 INFO ICBHI/no_dn fold 4 config 12: OK val_BA=1.000 mejor_epoca=14 (1.3 min)
2026-09-26 23:35:04,474 INFO ICBHI/no_dn fold 4: config 13 (lr=0.001, dropout=0.2) epoca 1: train_loss=0.8407 val_loss=0.1780 val_BA=0.500 mejor_epoca=1
2026-09-26 23:35:09,033 INFO ICBHI/no_dn fold 4: config 13 (lr=0.001, dropout=0.2) epoca 2: train_loss=0.8927 val_loss=0.3054 val_BA=0.750 mejor_epoca=2
2026-09-26 23:35:13,562 INFO ICBHI/no_dn fold 4: config 13 (lr=0.001, dropout=0.2) epoca 3: train_loss=0.6497 val_loss=0.2892 val_BA=0.750 mejor_epoca=3
2026-09-26 23:35:18,127 INFO ICBHI/no_dn fold 4: config 13 (lr=0.001, dropout=0.2) epoca 4: train_loss=0.4860 val_loss=0.2435 val_BA=0.750 mejor_epoca=4
2026-09-26 23:35:26,229 INFO ICBHI/no_dn fold 4: config 13 (lr=0.001, dropout=0.2) epoca 6: train_loss=0.4120 val_loss=0.5498 val_BA=0.950 mejor_epoca=6
2026-09-26 23:35:42,121 INFO ICBHI/no_dn fold 4: config 13 (lr=0.001, dropout=0.2) epoca 10: train_loss=0.1144 val_loss=0.3369 val_BA=0.875 mejor_epoca=6
2026-09-26 23:36:24,743 INFO ICBHI/no_dn fold 4: config 13 (lr=0.001, dropout=0.2) epoca 20: train_loss=0.1525 val_loss=0.1496 val_BA=0.750 mejor_epoca=6
2026-09-26 23:36:29,364 INFO ICBHI/no_dn fold 4 config 13: OK val_BA=0.950 mejor_epoca=6 (1.5 min)
2026-09-26 23:36:31,894 INFO ICBHI/no_dn fold 4: config 14 (lr=0.001, dropout=0.3) epoca 1: train_loss=0.5178 val_loss=0.1362 val_BA=0.750 mejor_epoca=1
2026-09-26 23:36:33,904 INFO ICBHI/no_dn fold 4: config 14 (lr=0.001, dropout=0.3) epoca 2: train_loss=0.3145 val_loss=0.2156 val_BA=0.875 mejor_epoca=2
2026-09-26 23:36:36,051 INFO ICBHI/no_dn fold 4: config 14 (lr=0.001, dropout=0.3) epoca 3: train_loss=0.2099 val_loss=0.3507 val_BA=1.000 mejor_epoca=3
2026-09-26 23:36:50,709 INFO ICBHI/no_dn fold 4: config 14 (lr=0.001, dropout=0.3) epoca 10: train_loss=0.0305 val_loss=0.1465 val_BA=0.875 mejor_epoca=3
2026-09-26 23:37:11,554 INFO ICBHI/no_dn fold 4: config 14 (lr=0.001, dropout=0.3) epoca 20: train_loss=0.0008 val_loss=0.3396 val_BA=1.000 mejor_epoca=20
2026-09-26 23:37:28,420 INFO ICBHI/no_dn fold 4: config 14 (lr=0.001, dropout=0.3) epoca 28: train_loss=0.0274 val_loss=0.1667 val_BA=1.000 mejor_epoca=28
2026-09-26 23:37:32,906 INFO ICBHI/no_dn fold 4: config 14 (lr=0.001, dropout=0.3) epoca 30: train_loss=0.0982 val_loss=0.1534 val_BA=0.750 mejor_epoca=28
2026-09-26 23:37:52,743 INFO ICBHI/no_dn fold 4: config 14 (lr=0.001, dropout=0.3) epoca 40: train_loss=0.0167 val_loss=0.1585 val_BA=0.875 mejor_epoca=28
2026-09-26 23:37:58,629 INFO ICBHI/no_dn fold 4 config 14: OK val_BA=1.000 mejor_epoca=28 (1.5 min)
2026-09-26 23:38:01,248 INFO ICBHI/no_dn fold 4: config 15 (lr=0.001, dropout=0.3) epoca 1: train_loss=0.6011 val_loss=0.4031 val_BA=0.750 mejor_epoca=1
2026-09-26 23:38:03,487 INFO ICBHI/no_dn fold 4: config 15 (lr=0.001, dropout=0.3) epoca 2: train_loss=0.4923 val_loss=0.8242 val_BA=0.825 mejor_epoca=2
2026-09-26 23:38:08,169 INFO ICBHI/no_dn fold 4: config 15 (lr=0.001, dropout=0.3) epoca 4: train_loss=0.4151 val_loss=0.1364 val_BA=0.875 mejor_epoca=4
2026-09-26 23:38:21,996 INFO ICBHI/no_dn fold 4: config 15 (lr=0.001, dropout=0.3) epoca 10: train_loss=0.1337 val_loss=0.2068 val_BA=0.750 mejor_epoca=4
2026-09-26 23:38:44,849 INFO ICBHI/no_dn fold 4: config 15 (lr=0.001, dropout=0.3) epoca 20: train_loss=0.0130 val_loss=0.1673 val_BA=0.750 mejor_epoca=4
2026-09-26 23:38:44,875 INFO ICBHI/no_dn fold 4 config 15: OK val_BA=0.875 mejor_epoca=4 (0.8 min)
2026-09-26 23:38:48,304 INFO ICBHI/no_dn fold 4: config 16 (lr=0.001, dropout=0.4) epoca 1: train_loss=0.8600 val_loss=0.2325 val_BA=0.500 mejor_epoca=1
2026-09-26 23:38:54,468 INFO ICBHI/no_dn fold 4: config 16 (lr=0.001, dropout=0.4) epoca 3: train_loss=0.7668 val_loss=0.2685 val_BA=0.625 mejor_epoca=3
2026-09-26 23:38:57,733 INFO ICBHI/no_dn fold 4: config 16 (lr=0.001, dropout=0.4) epoca 4: train_loss=0.7361 val_loss=0.4256 val_BA=0.875 mejor_epoca=4
2026-09-26 23:39:07,386 INFO ICBHI/no_dn fold 4: config 16 (lr=0.001, dropout=0.4) epoca 7: train_loss=0.4175 val_loss=0.2455 val_BA=0.875 mejor_epoca=7
2026-09-26 23:39:10,485 INFO ICBHI/no_dn fold 4: config 16 (lr=0.001, dropout=0.4) epoca 8: train_loss=0.3026 val_loss=0.2992 val_BA=1.000 mejor_epoca=8
2026-09-26 23:39:16,739 INFO ICBHI/no_dn fold 4: config 16 (lr=0.001, dropout=0.4) epoca 10: train_loss=0.1839 val_loss=0.0507 val_BA=0.875 mejor_epoca=8
2026-09-26 23:39:35,324 INFO ICBHI/no_dn fold 4: config 16 (lr=0.001, dropout=0.4) epoca 16: train_loss=0.1394 val_loss=0.2338 val_BA=1.000 mejor_epoca=16
2026-09-26 23:39:48,495 INFO ICBHI/no_dn fold 4: config 16 (lr=0.001, dropout=0.4) epoca 20: train_loss=0.1682 val_loss=0.0739 val_BA=0.875 mejor_epoca=16
2026-09-26 23:40:21,401 INFO ICBHI/no_dn fold 4: config 16 (lr=0.001, dropout=0.4) epoca 30: train_loss=0.0449 val_loss=0.0681 val_BA=1.000 mejor_epoca=30
2026-09-26 23:40:55,028 INFO ICBHI/no_dn fold 4: config 16 (lr=0.001, dropout=0.4) epoca 40: train_loss=0.0767 val_loss=0.1004 val_BA=0.875 mejor_epoca=30
2026-09-26 23:41:11,414 INFO ICBHI/no_dn fold 4 config 16: OK val_BA=1.000 mejor_epoca=30 (2.4 min)
2026-09-26 23:41:13,900 INFO ICBHI/no_dn fold 4: config 17 (lr=0.001, dropout=0.5) epoca 1: train_loss=0.5305 val_loss=0.3742 val_BA=0.875 mejor_epoca=1
2026-09-26 23:41:16,303 INFO ICBHI/no_dn fold 4: config 17 (lr=0.001, dropout=0.5) epoca 2: train_loss=0.2287 val_loss=0.3020 val_BA=1.000 mejor_epoca=2
2026-09-26 23:41:21,082 INFO ICBHI/no_dn fold 4: config 17 (lr=0.001, dropout=0.5) epoca 4: train_loss=0.1270 val_loss=0.1706 val_BA=1.000 mejor_epoca=4
2026-09-26 23:41:35,282 INFO ICBHI/no_dn fold 4: config 17 (lr=0.001, dropout=0.5) epoca 10: train_loss=0.0561 val_loss=0.0786 val_BA=0.875 mejor_epoca=4
2026-09-26 23:41:46,638 INFO ICBHI/no_dn fold 4: config 17 (lr=0.001, dropout=0.5) epoca 15: train_loss=0.0488 val_loss=0.1673 val_BA=1.000 mejor_epoca=15
2026-09-26 23:41:57,886 INFO ICBHI/no_dn fold 4: config 17 (lr=0.001, dropout=0.5) epoca 20: train_loss=0.0072 val_loss=0.2351 val_BA=0.875 mejor_epoca=15
2026-09-26 23:42:20,828 INFO ICBHI/no_dn fold 4: config 17 (lr=0.001, dropout=0.5) epoca 30: train_loss=0.0001 val_loss=0.1067 val_BA=0.875 mejor_epoca=15
2026-09-26 23:42:20,855 INFO ICBHI/no_dn fold 4 config 17: OK val_BA=1.000 mejor_epoca=15 (1.2 min)
2026-09-26 23:42:23,218 INFO ICBHI/no_dn fold 4: config 18 (lr=0.001, dropout=0.5) epoca 1: train_loss=0.5419 val_loss=0.1876 val_BA=0.875 mejor_epoca=1
2026-09-26 23:42:27,262 INFO ICBHI/no_dn fold 4: config 18 (lr=0.001, dropout=0.5) epoca 3: train_loss=0.2181 val_loss=0.1516 val_BA=1.000 mejor_epoca=3
2026-09-26 23:42:38,965 INFO ICBHI/no_dn fold 4: config 18 (lr=0.001, dropout=0.5) epoca 9: train_loss=0.0786 val_loss=0.1411 val_BA=1.000 mejor_epoca=9
2026-09-26 23:42:40,912 INFO ICBHI/no_dn fold 4: config 18 (lr=0.001, dropout=0.5) epoca 10: train_loss=0.0359 val_loss=0.0406 val_BA=0.875 mejor_epoca=9
2026-09-26 23:42:48,842 INFO ICBHI/no_dn fold 4: config 18 (lr=0.001, dropout=0.5) epoca 14: train_loss=0.0323 val_loss=0.1084 val_BA=1.000 mejor_epoca=14
2026-09-26 23:42:52,770 INFO ICBHI/no_dn fold 4: config 18 (lr=0.001, dropout=0.5) epoca 16: train_loss=0.0103 val_loss=0.0982 val_BA=1.000 mejor_epoca=16
2026-09-26 23:42:58,610 INFO ICBHI/no_dn fold 4: config 18 (lr=0.001, dropout=0.5) epoca 19: train_loss=0.0229 val_loss=0.0559 val_BA=1.000 mejor_epoca=19
2026-09-26 23:43:00,577 INFO ICBHI/no_dn fold 4: config 18 (lr=0.001, dropout=0.5) epoca 20: train_loss=0.0154 val_loss=0.0556 val_BA=0.875 mejor_epoca=19
2026-09-26 23:43:20,443 INFO ICBHI/no_dn fold 4: config 18 (lr=0.001, dropout=0.5) epoca 30: train_loss=0.0014 val_loss=0.0773 val_BA=0.875 mejor_epoca=19
2026-09-26 23:43:28,373 INFO ICBHI/no_dn fold 4 config 18: OK val_BA=1.000 mejor_epoca=19 (1.1 min)
2026-09-26 23:43:30,628 INFO ICBHI/no_dn fold 4: config 19 (lr=0.001, dropout=0.5) epoca 1: train_loss=0.5515 val_loss=0.2034 val_BA=0.625 mejor_epoca=1
2026-09-26 23:43:32,621 INFO ICBHI/no_dn fold 4: config 19 (lr=0.001, dropout=0.5) epoca 2: train_loss=0.3310 val_loss=0.1437 val_BA=0.875 mejor_epoca=2
2026-09-26 23:43:38,681 INFO ICBHI/no_dn fold 4: config 19 (lr=0.001, dropout=0.5) epoca 5: train_loss=0.1319 val_loss=0.3025 val_BA=1.000 mejor_epoca=5
2026-09-26 23:43:48,760 INFO ICBHI/no_dn fold 4: config 19 (lr=0.001, dropout=0.5) epoca 10: train_loss=0.0172 val_loss=0.0673 val_BA=0.750 mejor_epoca=5
2026-09-26 23:44:08,648 INFO ICBHI/no_dn fold 4: config 19 (lr=0.001, dropout=0.5) epoca 20: train_loss=0.0071 val_loss=0.0830 val_BA=0.750 mejor_epoca=5
2026-09-26 23:44:08,673 INFO ICBHI/no_dn fold 4 config 19: OK val_BA=1.000 mejor_epoca=5 (0.7 min)
2026-09-26 23:44:09,891 INFO ICBHI/no_dn: configuracion global 5 (decidida por config_order), BA folds=0.990±0.022 agrupada=0.990 [COMPLETED]
2026-09-26 23:44:09,903 INFO preparando ICBHI/dn (rama dn, augment=False, protocolo holdout_cv_v3)
2026-09-26 23:44:10,410 INFO ICBHI/dn fold 0: log-mel dn listo en 0.5 s, forma (4715, 1, 64, 309)
2026-09-26 23:44:10,424 INFO ICBHI/dn fold 0: 57/15 pacientes train/validation, 20 de 20 configuracion(es) por evaluar
2026-09-26 23:44:14,158 INFO ICBHI/dn fold 0: config 0 (lr=0.0001, dropout=0.3) epoca 1: train_loss=0.5432 val_loss=0.2190 val_BA=0.800 mejor_epoca=1
2026-09-26 23:44:17,699 INFO ICBHI/dn fold 0: config 0 (lr=0.0001, dropout=0.3) epoca 2: train_loss=0.2725 val_loss=0.1853 val_BA=0.900 mejor_epoca=2
2026-09-26 23:44:21,277 INFO ICBHI/dn fold 0: config 0 (lr=0.0001, dropout=0.3) epoca 3: train_loss=0.1643 val_loss=0.1090 val_BA=0.900 mejor_epoca=3
2026-09-26 23:44:24,842 INFO ICBHI/dn fold 0: config 0 (lr=0.0001, dropout=0.3) epoca 4: train_loss=0.1505 val_loss=0.0735 val_BA=1.000 mejor_epoca=4
2026-09-26 23:44:28,445 INFO ICBHI/dn fold 0: config 0 (lr=0.0001, dropout=0.3) epoca 5: train_loss=0.0773 val_loss=0.0635 val_BA=1.000 mejor_epoca=5
2026-09-26 23:44:31,614 INFO ICBHI/dn fold 0: config 0 (lr=0.0001, dropout=0.3) epoca 6: train_loss=0.0403 val_loss=0.0390 val_BA=1.000 mejor_epoca=6
2026-09-26 23:44:44,664 INFO ICBHI/dn fold 0: config 0 (lr=0.0001, dropout=0.3) epoca 10: train_loss=0.0155 val_loss=0.0792 val_BA=1.000 mejor_epoca=6
2026-09-26 23:45:17,262 INFO ICBHI/dn fold 0: config 0 (lr=0.0001, dropout=0.3) epoca 20: train_loss=0.0009 val_loss=0.1194 val_BA=1.000 mejor_epoca=6
2026-09-26 23:45:20,372 INFO ICBHI/dn fold 0 config 0: OK val_BA=1.000 mejor_epoca=6 (1.2 min)
2026-09-26 23:45:22,639 INFO ICBHI/dn fold 0: config 1 (lr=0.0001, dropout=0.3) epoca 1: train_loss=0.5361 val_loss=0.2237 val_BA=0.700 mejor_epoca=1
2026-09-26 23:45:24,709 INFO ICBHI/dn fold 0: config 1 (lr=0.0001, dropout=0.3) epoca 2: train_loss=0.3176 val_loss=0.2674 val_BA=0.900 mejor_epoca=2
2026-09-26 23:45:29,013 INFO ICBHI/dn fold 0: config 1 (lr=0.0001, dropout=0.3) epoca 4: train_loss=0.1214 val_loss=0.1556 val_BA=0.900 mejor_epoca=4
2026-09-26 23:45:31,107 INFO ICBHI/dn fold 0: config 1 (lr=0.0001, dropout=0.3) epoca 5: train_loss=0.0753 val_loss=0.1293 val_BA=0.900 mejor_epoca=5
2026-09-26 23:45:33,195 INFO ICBHI/dn fold 0: config 1 (lr=0.0001, dropout=0.3) epoca 6: train_loss=0.0554 val_loss=0.1138 val_BA=0.900 mejor_epoca=6
2026-09-26 23:45:35,261 INFO ICBHI/dn fold 0: config 1 (lr=0.0001, dropout=0.3) epoca 7: train_loss=0.0404 val_loss=0.1281 val_BA=1.000 mejor_epoca=7
2026-09-26 23:45:41,399 INFO ICBHI/dn fold 0: config 1 (lr=0.0001, dropout=0.3) epoca 10: train_loss=0.0221 val_loss=0.1664 val_BA=1.000 mejor_epoca=7
2026-09-26 23:46:01,762 INFO ICBHI/dn fold 0: config 1 (lr=0.0001, dropout=0.3) epoca 20: train_loss=0.0075 val_loss=0.1260 val_BA=0.800 mejor_epoca=7
2026-09-26 23:46:03,793 INFO ICBHI/dn fold 0: config 1 (lr=0.0001, dropout=0.3) epoca 21: train_loss=0.0194 val_loss=0.1115 val_BA=1.000 mejor_epoca=21
2026-09-26 23:46:22,491 INFO ICBHI/dn fold 0: config 1 (lr=0.0001, dropout=0.3) epoca 30: train_loss=0.0034 val_loss=0.0989 val_BA=0.900 mejor_epoca=21
2026-09-26 23:46:35,531 INFO ICBHI/dn fold 0 config 1: OK val_BA=1.000 mejor_epoca=21 (1.3 min)
2026-09-26 23:46:38,372 INFO ICBHI/dn fold 0: config 2 (lr=0.0001, dropout=0.4) epoca 1: train_loss=0.5557 val_loss=0.2878 val_BA=0.900 mejor_epoca=1
2026-09-26 23:46:40,913 INFO ICBHI/dn fold 0: config 2 (lr=0.0001, dropout=0.4) epoca 2: train_loss=0.2576 val_loss=0.3732 val_BA=1.000 mejor_epoca=2
2026-09-26 23:46:43,292 INFO ICBHI/dn fold 0: config 2 (lr=0.0001, dropout=0.4) epoca 3: train_loss=0.1382 val_loss=0.1207 val_BA=1.000 mejor_epoca=3
2026-09-26 23:46:45,688 INFO ICBHI/dn fold 0: config 2 (lr=0.0001, dropout=0.4) epoca 4: train_loss=0.0989 val_loss=0.1049 val_BA=1.000 mejor_epoca=4
2026-09-26 23:47:00,658 INFO ICBHI/dn fold 0: config 2 (lr=0.0001, dropout=0.4) epoca 10: train_loss=0.0165 val_loss=0.1477 val_BA=0.800 mejor_epoca=4
2026-09-26 23:47:25,703 INFO ICBHI/dn fold 0: config 2 (lr=0.0001, dropout=0.4) epoca 20: train_loss=0.0033 val_loss=0.1497 val_BA=0.800 mejor_epoca=4
2026-09-26 23:47:25,728 INFO ICBHI/dn fold 0 config 2: OK val_BA=1.000 mejor_epoca=4 (0.8 min)
2026-09-26 23:47:29,400 INFO ICBHI/dn fold 0: config 3 (lr=0.0001, dropout=0.4) epoca 1: train_loss=0.5789 val_loss=0.3598 val_BA=0.900 mejor_epoca=1
2026-09-26 23:47:33,032 INFO ICBHI/dn fold 0: config 3 (lr=0.0001, dropout=0.4) epoca 2: train_loss=0.2442 val_loss=0.1865 val_BA=1.000 mejor_epoca=2
2026-09-26 23:47:36,473 INFO ICBHI/dn fold 0: config 3 (lr=0.0001, dropout=0.4) epoca 3: train_loss=0.1590 val_loss=0.1377 val_BA=1.000 mejor_epoca=3
2026-09-26 23:47:39,865 INFO ICBHI/dn fold 0: config 3 (lr=0.0001, dropout=0.4) epoca 4: train_loss=0.1079 val_loss=0.0833 val_BA=1.000 mejor_epoca=4
2026-09-26 23:47:46,931 INFO ICBHI/dn fold 0: config 3 (lr=0.0001, dropout=0.4) epoca 6: train_loss=0.0832 val_loss=0.0441 val_BA=1.000 mejor_epoca=6
2026-09-26 23:48:01,573 INFO ICBHI/dn fold 0: config 3 (lr=0.0001, dropout=0.4) epoca 10: train_loss=0.0257 val_loss=0.0225 val_BA=1.000 mejor_epoca=10
2026-09-26 23:48:36,507 INFO ICBHI/dn fold 0: config 3 (lr=0.0001, dropout=0.4) epoca 20: train_loss=0.0268 val_loss=0.1403 val_BA=0.800 mejor_epoca=10
2026-09-26 23:48:53,629 INFO ICBHI/dn fold 0 config 3: OK val_BA=1.000 mejor_epoca=10 (1.5 min)
2026-09-26 23:48:56,372 INFO ICBHI/dn fold 0: config 4 (lr=0.0001, dropout=0.4) epoca 1: train_loss=0.4899 val_loss=0.2906 val_BA=0.900 mejor_epoca=1
2026-09-26 23:48:58,928 INFO ICBHI/dn fold 0: config 4 (lr=0.0001, dropout=0.4) epoca 2: train_loss=0.2258 val_loss=0.6002 val_BA=0.950 mejor_epoca=2
2026-09-26 23:49:01,515 INFO ICBHI/dn fold 0: config 4 (lr=0.0001, dropout=0.4) epoca 3: train_loss=0.1440 val_loss=0.1183 val_BA=1.000 mejor_epoca=3
2026-09-26 23:49:08,901 INFO ICBHI/dn fold 0: config 4 (lr=0.0001, dropout=0.4) epoca 6: train_loss=0.0470 val_loss=0.0974 val_BA=1.000 mejor_epoca=6
2026-09-26 23:49:18,738 INFO ICBHI/dn fold 0: config 4 (lr=0.0001, dropout=0.4) epoca 10: train_loss=0.0113 val_loss=0.1103 val_BA=0.900 mejor_epoca=6
2026-09-26 23:49:43,595 INFO ICBHI/dn fold 0: config 4 (lr=0.0001, dropout=0.4) epoca 20: train_loss=0.0776 val_loss=0.2252 val_BA=0.700 mejor_epoca=6
2026-09-26 23:49:46,154 INFO ICBHI/dn fold 0 config 4: OK val_BA=1.000 mejor_epoca=6 (0.9 min)
2026-09-26 23:49:48,560 INFO ICBHI/dn fold 0: config 5 (lr=0.0001, dropout=0.4) epoca 1: train_loss=0.5342 val_loss=0.2605 val_BA=0.900 mejor_epoca=1
2026-09-26 23:49:50,633 INFO ICBHI/dn fold 0: config 5 (lr=0.0001, dropout=0.4) epoca 2: train_loss=0.2764 val_loss=0.3300 val_BA=1.000 mejor_epoca=2
2026-09-26 23:49:52,758 INFO ICBHI/dn fold 0: config 5 (lr=0.0001, dropout=0.4) epoca 3: train_loss=0.1587 val_loss=0.2036 val_BA=1.000 mejor_epoca=3
2026-09-26 23:49:54,894 INFO ICBHI/dn fold 0: config 5 (lr=0.0001, dropout=0.4) epoca 4: train_loss=0.0962 val_loss=0.1411 val_BA=1.000 mejor_epoca=4
2026-09-26 23:49:56,984 INFO ICBHI/dn fold 0: config 5 (lr=0.0001, dropout=0.4) epoca 5: train_loss=0.0711 val_loss=0.1309 val_BA=1.000 mejor_epoca=5
2026-09-26 23:49:59,062 INFO ICBHI/dn fold 0: config 5 (lr=0.0001, dropout=0.4) epoca 6: train_loss=0.0552 val_loss=0.1091 val_BA=1.000 mejor_epoca=6
2026-09-26 23:50:03,235 INFO ICBHI/dn fold 0: config 5 (lr=0.0001, dropout=0.4) epoca 8: train_loss=0.0304 val_loss=0.1037 val_BA=1.000 mejor_epoca=8
2026-09-26 23:50:05,379 INFO ICBHI/dn fold 0: config 5 (lr=0.0001, dropout=0.4) epoca 9: train_loss=0.0263 val_loss=0.0998 val_BA=1.000 mejor_epoca=9
2026-09-26 23:50:07,537 INFO ICBHI/dn fold 0: config 5 (lr=0.0001, dropout=0.4) epoca 10: train_loss=0.0236 val_loss=0.1123 val_BA=0.900 mejor_epoca=9
2026-09-26 23:50:20,176 INFO ICBHI/dn fold 0: config 5 (lr=0.0001, dropout=0.4) epoca 16: train_loss=0.0115 val_loss=0.0669 val_BA=1.000 mejor_epoca=16
2026-09-26 23:50:28,703 INFO ICBHI/dn fold 0: config 5 (lr=0.0001, dropout=0.4) epoca 20: train_loss=0.0071 val_loss=0.1014 val_BA=0.800 mejor_epoca=16
2026-09-26 23:50:50,086 INFO ICBHI/dn fold 0: config 5 (lr=0.0001, dropout=0.4) epoca 30: train_loss=0.0591 val_loss=0.3587 val_BA=1.000 mejor_epoca=16
2026-09-26 23:50:52,244 INFO ICBHI/dn fold 0 config 5: OK val_BA=1.000 mejor_epoca=16 (1.1 min)
2026-09-26 23:50:55,964 INFO ICBHI/dn fold 0: config 6 (lr=0.0001, dropout=0.5) epoca 1: train_loss=0.6416 val_loss=0.2515 val_BA=0.700 mejor_epoca=1
2026-09-26 23:50:59,658 INFO ICBHI/dn fold 0: config 6 (lr=0.0001, dropout=0.5) epoca 2: train_loss=0.3084 val_loss=0.1659 val_BA=0.800 mejor_epoca=2
2026-09-26 23:51:03,421 INFO ICBHI/dn fold 0: config 6 (lr=0.0001, dropout=0.5) epoca 3: train_loss=0.1661 val_loss=0.1681 val_BA=0.900 mejor_epoca=3
2026-09-26 23:51:07,174 INFO ICBHI/dn fold 0: config 6 (lr=0.0001, dropout=0.5) epoca 4: train_loss=0.1305 val_loss=0.0507 val_BA=1.000 mejor_epoca=4
2026-09-26 23:51:29,315 INFO ICBHI/dn fold 0: config 6 (lr=0.0001, dropout=0.5) epoca 10: train_loss=0.0190 val_loss=0.1101 val_BA=0.900 mejor_epoca=4
2026-09-26 23:51:59,685 INFO ICBHI/dn fold 0: config 6 (lr=0.0001, dropout=0.5) epoca 19: train_loss=0.0666 val_loss=0.0165 val_BA=1.000 mejor_epoca=19
2026-09-26 23:52:03,135 INFO ICBHI/dn fold 0: config 6 (lr=0.0001, dropout=0.5) epoca 20: train_loss=0.0960 val_loss=0.0941 val_BA=1.000 mejor_epoca=19
2026-09-26 23:52:37,014 INFO ICBHI/dn fold 0: config 6 (lr=0.0001, dropout=0.5) epoca 30: train_loss=0.0006 val_loss=0.1877 val_BA=0.900 mejor_epoca=19
2026-09-26 23:52:50,359 INFO ICBHI/dn fold 0 config 6: OK val_BA=1.000 mejor_epoca=19 (2.0 min)
2026-09-26 23:52:52,671 INFO ICBHI/dn fold 0: config 7 (lr=0.0001, dropout=0.5) epoca 1: train_loss=0.5687 val_loss=0.4231 val_BA=0.900 mejor_epoca=1
2026-09-26 23:52:54,717 INFO ICBHI/dn fold 0: config 7 (lr=0.0001, dropout=0.5) epoca 2: train_loss=0.3032 val_loss=0.2819 val_BA=1.000 mejor_epoca=2
2026-09-26 23:52:56,843 INFO ICBHI/dn fold 0: config 7 (lr=0.0001, dropout=0.5) epoca 3: train_loss=0.1870 val_loss=0.1785 val_BA=1.000 mejor_epoca=3
2026-09-26 23:53:03,184 INFO ICBHI/dn fold 0: config 7 (lr=0.0001, dropout=0.5) epoca 6: train_loss=0.0578 val_loss=0.1649 val_BA=1.000 mejor_epoca=6
2026-09-26 23:53:09,534 INFO ICBHI/dn fold 0: config 7 (lr=0.0001, dropout=0.5) epoca 9: train_loss=0.0331 val_loss=0.1358 val_BA=1.000 mejor_epoca=9
2026-09-26 23:53:11,667 INFO ICBHI/dn fold 0: config 7 (lr=0.0001, dropout=0.5) epoca 10: train_loss=0.0272 val_loss=0.1023 val_BA=0.800 mejor_epoca=9
2026-09-26 23:53:32,426 INFO ICBHI/dn fold 0: config 7 (lr=0.0001, dropout=0.5) epoca 20: train_loss=0.0186 val_loss=0.1214 val_BA=0.900 mejor_epoca=9
2026-09-26 23:53:40,737 INFO ICBHI/dn fold 0 config 7: OK val_BA=1.000 mejor_epoca=9 (0.8 min)
2026-09-26 23:53:43,135 INFO ICBHI/dn fold 0: config 8 (lr=0.0003, dropout=0.3) epoca 1: train_loss=0.4712 val_loss=0.1992 val_BA=0.800 mejor_epoca=1
2026-09-26 23:53:45,195 INFO ICBHI/dn fold 0: config 8 (lr=0.0003, dropout=0.3) epoca 2: train_loss=0.2175 val_loss=0.2376 val_BA=1.000 mejor_epoca=2
2026-09-26 23:53:47,249 INFO ICBHI/dn fold 0: config 8 (lr=0.0003, dropout=0.3) epoca 3: train_loss=0.1142 val_loss=0.1655 val_BA=1.000 mejor_epoca=3
2026-09-26 23:53:55,579 INFO ICBHI/dn fold 0: config 8 (lr=0.0003, dropout=0.3) epoca 7: train_loss=0.0260 val_loss=0.0537 val_BA=1.000 mejor_epoca=7
2026-09-26 23:54:01,896 INFO ICBHI/dn fold 0: config 8 (lr=0.0003, dropout=0.3) epoca 10: train_loss=0.0156 val_loss=0.1058 val_BA=0.800 mejor_epoca=7
2026-09-26 23:54:22,378 INFO ICBHI/dn fold 0: config 8 (lr=0.0003, dropout=0.3) epoca 20: train_loss=0.0451 val_loss=0.7733 val_BA=0.950 mejor_epoca=7
2026-09-26 23:54:26,638 INFO ICBHI/dn fold 0 config 8: OK val_BA=1.000 mejor_epoca=7 (0.8 min)
2026-09-26 23:54:29,398 INFO ICBHI/dn fold 0: config 9 (lr=0.0003, dropout=0.4) epoca 1: train_loss=0.4493 val_loss=0.4003 val_BA=0.950 mejor_epoca=1
2026-09-26 23:54:31,770 INFO ICBHI/dn fold 0: config 9 (lr=0.0003, dropout=0.4) epoca 2: train_loss=0.2420 val_loss=0.1610 val_BA=0.950 mejor_epoca=2
2026-09-26 23:54:36,482 INFO ICBHI/dn fold 0: config 9 (lr=0.0003, dropout=0.4) epoca 4: train_loss=0.1197 val_loss=0.0837 val_BA=1.000 mejor_epoca=4
2026-09-26 23:54:50,885 INFO ICBHI/dn fold 0: config 9 (lr=0.0003, dropout=0.4) epoca 10: train_loss=0.0142 val_loss=0.0649 val_BA=1.000 mejor_epoca=10
2026-09-26 23:55:15,699 INFO ICBHI/dn fold 0: config 9 (lr=0.0003, dropout=0.4) epoca 20: train_loss=0.0033 val_loss=0.0981 val_BA=0.900 mejor_epoca=10
2026-09-26 23:55:28,043 INFO ICBHI/dn fold 0 config 9: OK val_BA=1.000 mejor_epoca=10 (1.0 min)
2026-09-26 23:55:31,798 INFO ICBHI/dn fold 0: config 10 (lr=0.0003, dropout=0.4) epoca 1: train_loss=0.6508 val_loss=0.3003 val_BA=0.700 mejor_epoca=1
2026-09-26 23:55:35,356 INFO ICBHI/dn fold 0: config 10 (lr=0.0003, dropout=0.4) epoca 2: train_loss=0.5045 val_loss=0.1351 val_BA=1.000 mejor_epoca=2
2026-09-26 23:55:59,649 INFO ICBHI/dn fold 0: config 10 (lr=0.0003, dropout=0.4) epoca 9: train_loss=0.1655 val_loss=0.0562 val_BA=1.000 mejor_epoca=9
2026-09-26 23:56:02,966 INFO ICBHI/dn fold 0: config 10 (lr=0.0003, dropout=0.4) epoca 10: train_loss=0.2697 val_loss=0.1770 val_BA=0.900 mejor_epoca=9
2026-09-26 23:56:37,077 INFO ICBHI/dn fold 0: config 10 (lr=0.0003, dropout=0.4) epoca 20: train_loss=0.0991 val_loss=0.2171 val_BA=0.900 mejor_epoca=9
2026-09-26 23:56:51,434 INFO ICBHI/dn fold 0 config 10: OK val_BA=1.000 mejor_epoca=9 (1.4 min)
2026-09-26 23:56:53,767 INFO ICBHI/dn fold 0: config 11 (lr=0.0003, dropout=0.5) epoca 1: train_loss=0.5062 val_loss=0.2539 val_BA=1.000 mejor_epoca=1
2026-09-26 23:56:57,854 INFO ICBHI/dn fold 0: config 11 (lr=0.0003, dropout=0.5) epoca 3: train_loss=0.1255 val_loss=0.1514 val_BA=1.000 mejor_epoca=3
2026-09-26 23:57:04,144 INFO ICBHI/dn fold 0: config 11 (lr=0.0003, dropout=0.5) epoca 6: train_loss=0.0817 val_loss=0.1456 val_BA=1.000 mejor_epoca=6
2026-09-26 23:57:08,408 INFO ICBHI/dn fold 0: config 11 (lr=0.0003, dropout=0.5) epoca 8: train_loss=0.0187 val_loss=0.0678 val_BA=1.000 mejor_epoca=8
2026-09-26 23:57:12,677 INFO ICBHI/dn fold 0: config 11 (lr=0.0003, dropout=0.5) epoca 10: train_loss=0.0194 val_loss=0.0894 val_BA=1.000 mejor_epoca=8
2026-09-26 23:57:33,392 INFO ICBHI/dn fold 0: config 11 (lr=0.0003, dropout=0.5) epoca 20: train_loss=0.0021 val_loss=0.1537 val_BA=0.900 mejor_epoca=8
2026-09-26 23:57:39,546 INFO ICBHI/dn fold 0 config 11: OK val_BA=1.000 mejor_epoca=8 (0.8 min)
2026-09-26 23:57:42,202 INFO ICBHI/dn fold 0: config 12 (lr=0.0003, dropout=0.5) epoca 1: train_loss=0.5524 val_loss=0.1345 val_BA=0.800 mejor_epoca=1
2026-09-26 23:57:44,683 INFO ICBHI/dn fold 0: config 12 (lr=0.0003, dropout=0.5) epoca 2: train_loss=0.2827 val_loss=0.1888 val_BA=0.900 mejor_epoca=2
2026-09-26 23:57:47,258 INFO ICBHI/dn fold 0: config 12 (lr=0.0003, dropout=0.5) epoca 3: train_loss=0.2123 val_loss=0.0917 val_BA=0.900 mejor_epoca=3
2026-09-26 23:57:51,953 INFO ICBHI/dn fold 0: config 12 (lr=0.0003, dropout=0.5) epoca 5: train_loss=0.0753 val_loss=0.0396 val_BA=1.000 mejor_epoca=5
2026-09-26 23:58:04,106 INFO ICBHI/dn fold 0: config 12 (lr=0.0003, dropout=0.5) epoca 10: train_loss=0.0933 val_loss=0.1379 val_BA=0.700 mejor_epoca=5
2026-09-26 23:58:18,058 INFO ICBHI/dn fold 0: config 12 (lr=0.0003, dropout=0.5) epoca 16: train_loss=0.0360 val_loss=0.0391 val_BA=1.000 mejor_epoca=16
2026-09-26 23:58:26,977 INFO ICBHI/dn fold 0: config 12 (lr=0.0003, dropout=0.5) epoca 20: train_loss=0.0167 val_loss=0.2232 val_BA=1.000 mejor_epoca=16
2026-09-26 23:58:50,189 INFO ICBHI/dn fold 0: config 12 (lr=0.0003, dropout=0.5) epoca 30: train_loss=0.0294 val_loss=0.1761 val_BA=0.900 mejor_epoca=16
2026-09-26 23:58:52,584 INFO ICBHI/dn fold 0 config 12: OK val_BA=1.000 mejor_epoca=16 (1.2 min)
2026-09-26 23:58:55,934 INFO ICBHI/dn fold 0: config 13 (lr=0.001, dropout=0.2) epoca 1: train_loss=0.9104 val_loss=0.3896 val_BA=0.700 mejor_epoca=1
2026-09-26 23:59:17,985 INFO ICBHI/dn fold 0: config 13 (lr=0.001, dropout=0.2) epoca 8: train_loss=0.5668 val_loss=0.1333 val_BA=0.800 mejor_epoca=8
2026-09-26 23:59:24,432 INFO ICBHI/dn fold 0: config 13 (lr=0.001, dropout=0.2) epoca 10: train_loss=1.0552 val_loss=0.2208 val_BA=0.500 mejor_epoca=8
2026-09-26 23:59:46,205 INFO ICBHI/dn fold 0: config 13 (lr=0.001, dropout=0.2) epoca 17: train_loss=0.4932 val_loss=0.1995 val_BA=0.850 mejor_epoca=17
2026-09-26 23:59:49,246 INFO ICBHI/dn fold 0: config 13 (lr=0.001, dropout=0.2) epoca 18: train_loss=0.7103 val_loss=0.1363 val_BA=0.900 mejor_epoca=18
2026-09-26 23:59:55,474 INFO ICBHI/dn fold 0: config 13 (lr=0.001, dropout=0.2) epoca 20: train_loss=0.3026 val_loss=0.0699 val_BA=0.900 mejor_epoca=20
2026-09-26 23:59:58,764 INFO ICBHI/dn fold 0: config 13 (lr=0.001, dropout=0.2) epoca 21: train_loss=0.3805 val_loss=0.0671 val_BA=0.900 mejor_epoca=21
2026-09-27 00:00:05,493 INFO ICBHI/dn fold 0: config 13 (lr=0.001, dropout=0.2) epoca 23: train_loss=0.1384 val_loss=0.0638 val_BA=0.900 mejor_epoca=23
2026-09-27 00:00:27,764 INFO ICBHI/dn fold 0: config 13 (lr=0.001, dropout=0.2) epoca 30: train_loss=0.0972 val_loss=0.1261 val_BA=0.800 mejor_epoca=23
2026-09-27 00:00:30,808 INFO ICBHI/dn fold 0: config 13 (lr=0.001, dropout=0.2) epoca 31: train_loss=0.0553 val_loss=0.1287 val_BA=1.000 mejor_epoca=31
2026-09-27 00:00:48,850 INFO ICBHI/dn fold 0: config 13 (lr=0.001, dropout=0.2) epoca 37: train_loss=0.0559 val_loss=0.1027 val_BA=1.000 mejor_epoca=37
2026-09-27 00:00:58,980 INFO ICBHI/dn fold 0: config 13 (lr=0.001, dropout=0.2) epoca 40: train_loss=0.0360 val_loss=0.1413 val_BA=0.900 mejor_epoca=37
2026-09-27 00:01:20,214 INFO ICBHI/dn fold 0: config 13 (lr=0.001, dropout=0.2) epoca 47: train_loss=0.0850 val_loss=0.0879 val_BA=1.000 mejor_epoca=47
2026-09-27 00:01:23,237 INFO ICBHI/dn fold 0: config 13 (lr=0.001, dropout=0.2) epoca 48: train_loss=0.0118 val_loss=0.0396 val_BA=1.000 mejor_epoca=48
2026-09-27 00:01:29,222 INFO ICBHI/dn fold 0: config 13 (lr=0.001, dropout=0.2) epoca 50: train_loss=0.1063 val_loss=0.1845 val_BA=0.900 mejor_epoca=48
2026-09-27 00:02:01,090 INFO ICBHI/dn fold 0: config 13 (lr=0.001, dropout=0.2) epoca 60: train_loss=0.0010 val_loss=0.1827 val_BA=0.900 mejor_epoca=48
2026-09-27 00:02:10,833 INFO ICBHI/dn fold 0 config 13: OK val_BA=1.000 mejor_epoca=48 (3.3 min)
2026-09-27 00:02:13,161 INFO ICBHI/dn fold 0: config 14 (lr=0.001, dropout=0.3) epoca 1: train_loss=0.5026 val_loss=0.4527 val_BA=0.800 mejor_epoca=1
2026-09-27 00:02:15,175 INFO ICBHI/dn fold 0: config 14 (lr=0.001, dropout=0.3) epoca 2: train_loss=0.3537 val_loss=0.1880 val_BA=0.900 mejor_epoca=2
2026-09-27 00:02:19,230 INFO ICBHI/dn fold 0: config 14 (lr=0.001, dropout=0.3) epoca 4: train_loss=0.2156 val_loss=0.0996 val_BA=1.000 mejor_epoca=4
2026-09-27 00:02:31,260 INFO ICBHI/dn fold 0: config 14 (lr=0.001, dropout=0.3) epoca 10: train_loss=0.0572 val_loss=0.1319 val_BA=0.800 mejor_epoca=4
2026-09-27 00:02:51,244 INFO ICBHI/dn fold 0: config 14 (lr=0.001, dropout=0.3) epoca 20: train_loss=0.0098 val_loss=0.1697 val_BA=0.800 mejor_epoca=4
2026-09-27 00:02:51,267 INFO ICBHI/dn fold 0 config 14: OK val_BA=1.000 mejor_epoca=4 (0.7 min)
2026-09-27 00:02:53,846 INFO ICBHI/dn fold 0: config 15 (lr=0.001, dropout=0.3) epoca 1: train_loss=0.6536 val_loss=0.3245 val_BA=0.500 mejor_epoca=1
2026-09-27 00:02:56,093 INFO ICBHI/dn fold 0: config 15 (lr=0.001, dropout=0.3) epoca 2: train_loss=0.6428 val_loss=0.1883 val_BA=0.500 mejor_epoca=2
2026-09-27 00:02:58,382 INFO ICBHI/dn fold 0: config 15 (lr=0.001, dropout=0.3) epoca 3: train_loss=0.5703 val_loss=0.2776 val_BA=0.900 mejor_epoca=3
2026-09-27 00:03:05,323 INFO ICBHI/dn fold 0: config 15 (lr=0.001, dropout=0.3) epoca 6: train_loss=0.3241 val_loss=0.4334 val_BA=1.000 mejor_epoca=6
2026-09-27 00:03:14,522 INFO ICBHI/dn fold 0: config 15 (lr=0.001, dropout=0.3) epoca 10: train_loss=0.1497 val_loss=0.1456 val_BA=0.600 mejor_epoca=6
2026-09-27 00:03:16,902 INFO ICBHI/dn fold 0: config 15 (lr=0.001, dropout=0.3) epoca 11: train_loss=0.1419 val_loss=0.1602 val_BA=1.000 mejor_epoca=11
2026-09-27 00:03:19,220 INFO ICBHI/dn fold 0: config 15 (lr=0.001, dropout=0.3) epoca 12: train_loss=0.1022 val_loss=0.0992 val_BA=1.000 mejor_epoca=12
2026-09-27 00:03:26,052 INFO ICBHI/dn fold 0: config 15 (lr=0.001, dropout=0.3) epoca 15: train_loss=0.0779 val_loss=0.0929 val_BA=1.000 mejor_epoca=15
2026-09-27 00:03:37,645 INFO ICBHI/dn fold 0: config 15 (lr=0.001, dropout=0.3) epoca 20: train_loss=0.1015 val_loss=0.0859 val_BA=0.900 mejor_epoca=15
2026-09-27 00:03:40,026 INFO ICBHI/dn fold 0: config 15 (lr=0.001, dropout=0.3) epoca 21: train_loss=0.0317 val_loss=0.0534 val_BA=1.000 mejor_epoca=21
2026-09-27 00:04:01,381 INFO ICBHI/dn fold 0: config 15 (lr=0.001, dropout=0.3) epoca 30: train_loss=0.0387 val_loss=0.1250 val_BA=1.000 mejor_epoca=21
2026-09-27 00:04:16,483 INFO ICBHI/dn fold 0 config 15: OK val_BA=1.000 mejor_epoca=21 (1.4 min)
2026-09-27 00:04:20,258 INFO ICBHI/dn fold 0: config 16 (lr=0.001, dropout=0.4) epoca 1: train_loss=0.8440 val_loss=0.1817 val_BA=0.600 mejor_epoca=1
2026-09-27 00:04:23,709 INFO ICBHI/dn fold 0: config 16 (lr=0.001, dropout=0.4) epoca 2: train_loss=0.7117 val_loss=0.3409 val_BA=0.900 mejor_epoca=2
2026-09-27 00:04:30,454 INFO ICBHI/dn fold 0: config 16 (lr=0.001, dropout=0.4) epoca 4: train_loss=0.5031 val_loss=0.2232 val_BA=1.000 mejor_epoca=4
2026-09-27 00:04:37,151 INFO ICBHI/dn fold 0: config 16 (lr=0.001, dropout=0.4) epoca 6: train_loss=0.3822 val_loss=0.1083 val_BA=1.000 mejor_epoca=6
2026-09-27 00:04:40,675 INFO ICBHI/dn fold 0: config 16 (lr=0.001, dropout=0.4) epoca 7: train_loss=0.3621 val_loss=0.0970 val_BA=1.000 mejor_epoca=7
2026-09-27 00:04:50,605 INFO ICBHI/dn fold 0: config 16 (lr=0.001, dropout=0.4) epoca 10: train_loss=0.1624 val_loss=0.1224 val_BA=0.800 mejor_epoca=7
2026-09-27 00:05:01,043 INFO ICBHI/dn fold 0: config 16 (lr=0.001, dropout=0.4) epoca 13: train_loss=0.1386 val_loss=0.0962 val_BA=1.000 mejor_epoca=13
2026-09-27 00:05:24,986 INFO ICBHI/dn fold 0: config 16 (lr=0.001, dropout=0.4) epoca 20: train_loss=0.1143 val_loss=0.1449 val_BA=0.900 mejor_epoca=13
2026-09-27 00:05:28,125 INFO ICBHI/dn fold 0: config 16 (lr=0.001, dropout=0.4) epoca 21: train_loss=0.0134 val_loss=0.0943 val_BA=1.000 mejor_epoca=21
2026-09-27 00:05:58,471 INFO ICBHI/dn fold 0: config 16 (lr=0.001, dropout=0.4) epoca 30: train_loss=0.0389 val_loss=0.2831 val_BA=0.950 mejor_epoca=21
2026-09-27 00:06:19,139 INFO ICBHI/dn fold 0 config 16: OK val_BA=1.000 mejor_epoca=21 (2.0 min)
2026-09-27 00:06:21,844 INFO ICBHI/dn fold 0: config 17 (lr=0.001, dropout=0.5) epoca 1: train_loss=0.6561 val_loss=1.2427 val_BA=0.700 mejor_epoca=1
2026-09-27 00:06:29,318 INFO ICBHI/dn fold 0: config 17 (lr=0.001, dropout=0.5) epoca 4: train_loss=0.2251 val_loss=0.1281 val_BA=0.800 mejor_epoca=4
2026-09-27 00:06:31,796 INFO ICBHI/dn fold 0: config 17 (lr=0.001, dropout=0.5) epoca 5: train_loss=0.2430 val_loss=0.1463 val_BA=0.900 mejor_epoca=5
2026-09-27 00:06:34,148 INFO ICBHI/dn fold 0: config 17 (lr=0.001, dropout=0.5) epoca 6: train_loss=0.2179 val_loss=0.3830 val_BA=1.000 mejor_epoca=6
2026-09-27 00:06:39,232 INFO ICBHI/dn fold 0: config 17 (lr=0.001, dropout=0.5) epoca 8: train_loss=0.1368 val_loss=0.1245 val_BA=1.000 mejor_epoca=8
2026-09-27 00:06:44,308 INFO ICBHI/dn fold 0: config 17 (lr=0.001, dropout=0.5) epoca 10: train_loss=0.1443 val_loss=0.1334 val_BA=1.000 mejor_epoca=8
2026-09-27 00:06:51,765 INFO ICBHI/dn fold 0: config 17 (lr=0.001, dropout=0.5) epoca 13: train_loss=0.0577 val_loss=0.0970 val_BA=1.000 mejor_epoca=13
2026-09-27 00:07:08,899 INFO ICBHI/dn fold 0: config 17 (lr=0.001, dropout=0.5) epoca 20: train_loss=0.0511 val_loss=0.1345 val_BA=0.900 mejor_epoca=13
2026-09-27 00:07:27,295 INFO ICBHI/dn fold 0 config 17: OK val_BA=1.000 mejor_epoca=13 (1.1 min)
2026-09-27 00:07:29,574 INFO ICBHI/dn fold 0: config 18 (lr=0.001, dropout=0.5) epoca 1: train_loss=0.5810 val_loss=0.1688 val_BA=0.850 mejor_epoca=1
2026-09-27 00:07:33,708 INFO ICBHI/dn fold 0: config 18 (lr=0.001, dropout=0.5) epoca 3: train_loss=0.2941 val_loss=0.5737 val_BA=0.900 mejor_epoca=3
2026-09-27 00:07:37,720 INFO ICBHI/dn fold 0: config 18 (lr=0.001, dropout=0.5) epoca 5: train_loss=0.1279 val_loss=0.2246 val_BA=1.000 mejor_epoca=5
2026-09-27 00:07:39,755 INFO ICBHI/dn fold 0: config 18 (lr=0.001, dropout=0.5) epoca 6: train_loss=0.1077 val_loss=0.1823 val_BA=1.000 mejor_epoca=6
2026-09-27 00:07:41,836 INFO ICBHI/dn fold 0: config 18 (lr=0.001, dropout=0.5) epoca 7: train_loss=0.1015 val_loss=0.1400 val_BA=1.000 mejor_epoca=7
2026-09-27 00:07:43,918 INFO ICBHI/dn fold 0: config 18 (lr=0.001, dropout=0.5) epoca 8: train_loss=0.0909 val_loss=0.0523 val_BA=1.000 mejor_epoca=8
2026-09-27 00:07:47,930 INFO ICBHI/dn fold 0: config 18 (lr=0.001, dropout=0.5) epoca 10: train_loss=0.1108 val_loss=0.1441 val_BA=1.000 mejor_epoca=8
2026-09-27 00:08:08,182 INFO ICBHI/dn fold 0: config 18 (lr=0.001, dropout=0.5) epoca 20: train_loss=0.0354 val_loss=0.0900 val_BA=0.900 mejor_epoca=8
2026-09-27 00:08:14,391 INFO ICBHI/dn fold 0: config 18 (lr=0.001, dropout=0.5) epoca 23: train_loss=0.0611 val_loss=0.0223 val_BA=1.000 mejor_epoca=23
2026-09-27 00:08:28,773 INFO ICBHI/dn fold 0: config 18 (lr=0.001, dropout=0.5) epoca 30: train_loss=0.0044 val_loss=0.1051 val_BA=1.000 mejor_epoca=23
2026-09-27 00:08:44,846 INFO ICBHI/dn fold 0 config 18: OK val_BA=1.000 mejor_epoca=23 (1.3 min)
2026-09-27 00:08:47,132 INFO ICBHI/dn fold 0: config 19 (lr=0.001, dropout=0.5) epoca 1: train_loss=0.5709 val_loss=0.1325 val_BA=0.800 mejor_epoca=1
2026-09-27 00:08:49,172 INFO ICBHI/dn fold 0: config 19 (lr=0.001, dropout=0.5) epoca 2: train_loss=0.4201 val_loss=0.1283 val_BA=0.900 mejor_epoca=2
2026-09-27 00:08:51,184 INFO ICBHI/dn fold 0: config 19 (lr=0.001, dropout=0.5) epoca 3: train_loss=0.3178 val_loss=0.0658 val_BA=1.000 mejor_epoca=3
2026-09-27 00:08:55,255 INFO ICBHI/dn fold 0: config 19 (lr=0.001, dropout=0.5) epoca 5: train_loss=0.2359 val_loss=0.0643 val_BA=1.000 mejor_epoca=5
2026-09-27 00:09:05,496 INFO ICBHI/dn fold 0: config 19 (lr=0.001, dropout=0.5) epoca 10: train_loss=0.0712 val_loss=0.1219 val_BA=0.800 mejor_epoca=5
2026-09-27 00:09:15,866 INFO ICBHI/dn fold 0: config 19 (lr=0.001, dropout=0.5) epoca 15: train_loss=0.0586 val_loss=0.0572 val_BA=1.000 mejor_epoca=15
2026-09-27 00:09:26,033 INFO ICBHI/dn fold 0: config 19 (lr=0.001, dropout=0.5) epoca 20: train_loss=0.0380 val_loss=0.0761 val_BA=1.000 mejor_epoca=15
2026-09-27 00:09:46,378 INFO ICBHI/dn fold 0: config 19 (lr=0.001, dropout=0.5) epoca 30: train_loss=0.0352 val_loss=0.1357 val_BA=1.000 mejor_epoca=15
2026-09-27 00:09:46,403 INFO ICBHI/dn fold 0 config 19: OK val_BA=1.000 mejor_epoca=15 (1.0 min)
2026-09-27 00:09:46,941 INFO ICBHI/dn fold 1: log-mel dn listo en 0.5 s, forma (4715, 1, 64, 309)
2026-09-27 00:09:46,955 INFO ICBHI/dn fold 1: 57/15 pacientes train/validation, 20 de 20 configuracion(es) por evaluar
2026-09-27 00:09:50,501 INFO ICBHI/dn fold 1: config 0 (lr=0.0001, dropout=0.3) epoca 1: train_loss=0.4677 val_loss=0.4574 val_BA=1.000 mejor_epoca=1
2026-09-27 00:10:19,977 INFO ICBHI/dn fold 1: config 0 (lr=0.0001, dropout=0.3) epoca 10: train_loss=0.0476 val_loss=0.1456 val_BA=0.750 mejor_epoca=1
2026-09-27 00:10:53,131 INFO ICBHI/dn fold 1: config 0 (lr=0.0001, dropout=0.3) epoca 20: train_loss=0.0079 val_loss=0.1678 val_BA=0.750 mejor_epoca=1
2026-09-27 00:10:53,154 INFO ICBHI/dn fold 1 config 0: OK val_BA=1.000 mejor_epoca=1 (1.1 min)
2026-09-27 00:10:55,531 INFO ICBHI/dn fold 1: config 1 (lr=0.0001, dropout=0.3) epoca 1: train_loss=0.4890 val_loss=0.3145 val_BA=0.875 mejor_epoca=1
2026-09-27 00:11:05,607 INFO ICBHI/dn fold 1: config 1 (lr=0.0001, dropout=0.3) epoca 6: train_loss=0.0510 val_loss=0.2157 val_BA=0.875 mejor_epoca=6
2026-09-27 00:11:13,749 INFO ICBHI/dn fold 1: config 1 (lr=0.0001, dropout=0.3) epoca 10: train_loss=0.0229 val_loss=0.1096 val_BA=0.625 mejor_epoca=6
2026-09-27 00:11:34,249 INFO ICBHI/dn fold 1: config 1 (lr=0.0001, dropout=0.3) epoca 20: train_loss=0.0071 val_loss=0.1417 val_BA=0.625 mejor_epoca=6
2026-09-27 00:11:36,289 INFO ICBHI/dn fold 1 config 1: OK val_BA=0.875 mejor_epoca=6 (0.7 min)
2026-09-27 00:11:38,840 INFO ICBHI/dn fold 1: config 2 (lr=0.0001, dropout=0.4) epoca 1: train_loss=0.4620 val_loss=0.5532 val_BA=0.955 mejor_epoca=1
2026-09-27 00:12:00,383 INFO ICBHI/dn fold 1: config 2 (lr=0.0001, dropout=0.4) epoca 10: train_loss=0.0109 val_loss=0.1200 val_BA=0.625 mejor_epoca=1
2026-09-27 00:12:23,776 INFO ICBHI/dn fold 1: config 2 (lr=0.0001, dropout=0.4) epoca 20: train_loss=0.0088 val_loss=0.1481 val_BA=0.625 mejor_epoca=1
2026-09-27 00:12:23,799 INFO ICBHI/dn fold 1 config 2: OK val_BA=0.955 mejor_epoca=1 (0.8 min)
2026-09-27 00:12:27,612 INFO ICBHI/dn fold 1: config 3 (lr=0.0001, dropout=0.4) epoca 1: train_loss=0.4431 val_loss=0.2015 val_BA=0.625 mejor_epoca=1
2026-09-27 00:12:31,166 INFO ICBHI/dn fold 1: config 3 (lr=0.0001, dropout=0.4) epoca 2: train_loss=0.1993 val_loss=0.2732 val_BA=0.875 mejor_epoca=2
2026-09-27 00:12:38,152 INFO ICBHI/dn fold 1: config 3 (lr=0.0001, dropout=0.4) epoca 4: train_loss=0.0744 val_loss=0.1834 val_BA=0.875 mejor_epoca=4
2026-09-27 00:12:41,335 INFO ICBHI/dn fold 1: config 3 (lr=0.0001, dropout=0.4) epoca 5: train_loss=0.0650 val_loss=0.1038 val_BA=0.875 mejor_epoca=5
2026-09-27 00:12:57,331 INFO ICBHI/dn fold 1: config 3 (lr=0.0001, dropout=0.4) epoca 10: train_loss=0.0436 val_loss=0.1441 val_BA=0.500 mejor_epoca=5
2026-09-27 00:13:29,068 INFO ICBHI/dn fold 1: config 3 (lr=0.0001, dropout=0.4) epoca 20: train_loss=0.0738 val_loss=0.1829 val_BA=0.625 mejor_epoca=5
2026-09-27 00:13:29,089 INFO ICBHI/dn fold 1 config 3: OK val_BA=0.875 mejor_epoca=5 (1.1 min)
2026-09-27 00:13:31,593 INFO ICBHI/dn fold 1: config 4 (lr=0.0001, dropout=0.4) epoca 1: train_loss=0.4869 val_loss=0.3243 val_BA=0.875 mejor_epoca=1
2026-09-27 00:13:36,102 INFO ICBHI/dn fold 1: config 4 (lr=0.0001, dropout=0.4) epoca 3: train_loss=0.1049 val_loss=0.1569 val_BA=0.875 mejor_epoca=3
2026-09-27 00:13:40,604 INFO ICBHI/dn fold 1: config 4 (lr=0.0001, dropout=0.4) epoca 5: train_loss=0.0587 val_loss=0.1419 val_BA=0.875 mejor_epoca=5
2026-09-27 00:13:47,516 INFO ICBHI/dn fold 1: config 4 (lr=0.0001, dropout=0.4) epoca 8: train_loss=0.0193 val_loss=0.1406 val_BA=0.875 mejor_epoca=8
2026-09-27 00:13:51,969 INFO ICBHI/dn fold 1: config 4 (lr=0.0001, dropout=0.4) epoca 10: train_loss=0.0133 val_loss=0.1384 val_BA=0.625 mejor_epoca=8
2026-09-27 00:14:15,040 INFO ICBHI/dn fold 1: config 4 (lr=0.0001, dropout=0.4) epoca 20: train_loss=0.0028 val_loss=0.1188 val_BA=0.750 mejor_epoca=8
2026-09-27 00:14:22,066 INFO ICBHI/dn fold 1 config 4: OK val_BA=0.875 mejor_epoca=8 (0.9 min)
2026-09-27 00:14:24,323 INFO ICBHI/dn fold 1: config 5 (lr=0.0001, dropout=0.4) epoca 1: train_loss=0.5101 val_loss=0.4857 val_BA=0.875 mejor_epoca=1
2026-09-27 00:14:26,306 INFO ICBHI/dn fold 1: config 5 (lr=0.0001, dropout=0.4) epoca 2: train_loss=0.2619 val_loss=0.2769 val_BA=0.875 mejor_epoca=2
2026-09-27 00:14:32,302 INFO ICBHI/dn fold 1: config 5 (lr=0.0001, dropout=0.4) epoca 5: train_loss=0.0629 val_loss=0.3255 val_BA=1.000 mejor_epoca=5
2026-09-27 00:14:42,288 INFO ICBHI/dn fold 1: config 5 (lr=0.0001, dropout=0.4) epoca 10: train_loss=0.0215 val_loss=0.1080 val_BA=0.875 mejor_epoca=5
2026-09-27 00:15:02,346 INFO ICBHI/dn fold 1: config 5 (lr=0.0001, dropout=0.4) epoca 20: train_loss=0.0124 val_loss=0.1557 val_BA=0.500 mejor_epoca=5
2026-09-27 00:15:02,370 INFO ICBHI/dn fold 1 config 5: OK val_BA=1.000 mejor_epoca=5 (0.7 min)
2026-09-27 00:15:05,982 INFO ICBHI/dn fold 1: config 6 (lr=0.0001, dropout=0.5) epoca 1: train_loss=0.5179 val_loss=0.2532 val_BA=0.875 mejor_epoca=1
2026-09-27 00:15:09,293 INFO ICBHI/dn fold 1: config 6 (lr=0.0001, dropout=0.5) epoca 2: train_loss=0.2407 val_loss=0.1888 val_BA=0.875 mejor_epoca=2
2026-09-27 00:15:34,596 INFO ICBHI/dn fold 1: config 6 (lr=0.0001, dropout=0.5) epoca 10: train_loss=0.0711 val_loss=0.1533 val_BA=0.625 mejor_epoca=2
2026-09-27 00:16:06,891 INFO ICBHI/dn fold 1: config 6 (lr=0.0001, dropout=0.5) epoca 20: train_loss=0.0400 val_loss=0.1837 val_BA=0.625 mejor_epoca=2
2026-09-27 00:16:06,913 INFO ICBHI/dn fold 1 config 6: OK val_BA=0.875 mejor_epoca=2 (1.1 min)
2026-09-27 00:16:09,234 INFO ICBHI/dn fold 1: config 7 (lr=0.0001, dropout=0.5) epoca 1: train_loss=0.5002 val_loss=0.5453 val_BA=0.955 mejor_epoca=1
2026-09-27 00:16:11,295 INFO ICBHI/dn fold 1: config 7 (lr=0.0001, dropout=0.5) epoca 2: train_loss=0.2488 val_loss=0.3010 val_BA=1.000 mejor_epoca=2
2026-09-27 00:16:27,743 INFO ICBHI/dn fold 1: config 7 (lr=0.0001, dropout=0.5) epoca 10: train_loss=0.0225 val_loss=0.1121 val_BA=0.625 mejor_epoca=2
2026-09-27 00:16:48,120 INFO ICBHI/dn fold 1: config 7 (lr=0.0001, dropout=0.5) epoca 20: train_loss=0.0100 val_loss=0.1102 val_BA=0.625 mejor_epoca=2
2026-09-27 00:16:48,145 INFO ICBHI/dn fold 1 config 7: OK val_BA=1.000 mejor_epoca=2 (0.7 min)
2026-09-27 00:16:50,477 INFO ICBHI/dn fold 1: config 8 (lr=0.0003, dropout=0.3) epoca 1: train_loss=0.4095 val_loss=0.2343 val_BA=0.750 mejor_epoca=1
2026-09-27 00:16:56,591 INFO ICBHI/dn fold 1: config 8 (lr=0.0003, dropout=0.3) epoca 4: train_loss=0.0838 val_loss=0.1241 val_BA=0.875 mejor_epoca=4
2026-09-27 00:17:08,860 INFO ICBHI/dn fold 1: config 8 (lr=0.0003, dropout=0.3) epoca 10: train_loss=0.0655 val_loss=0.0713 val_BA=0.750 mejor_epoca=4
2026-09-27 00:17:23,046 INFO ICBHI/dn fold 1: config 8 (lr=0.0003, dropout=0.3) epoca 17: train_loss=0.0077 val_loss=0.4161 val_BA=1.000 mejor_epoca=17
2026-09-27 00:17:29,154 INFO ICBHI/dn fold 1: config 8 (lr=0.0003, dropout=0.3) epoca 20: train_loss=0.0014 val_loss=0.1430 val_BA=0.625 mejor_epoca=17
2026-09-27 00:17:49,250 INFO ICBHI/dn fold 1: config 8 (lr=0.0003, dropout=0.3) epoca 30: train_loss=0.0006 val_loss=0.1621 val_BA=0.625 mejor_epoca=17
2026-09-27 00:17:53,338 INFO ICBHI/dn fold 1 config 8: OK val_BA=1.000 mejor_epoca=17 (1.1 min)
2026-09-27 00:17:55,926 INFO ICBHI/dn fold 1: config 9 (lr=0.0003, dropout=0.4) epoca 1: train_loss=0.4638 val_loss=0.4184 val_BA=0.955 mejor_epoca=1
2026-09-27 00:18:16,613 INFO ICBHI/dn fold 1: config 9 (lr=0.0003, dropout=0.4) epoca 10: train_loss=0.0259 val_loss=0.1223 val_BA=0.625 mejor_epoca=1
2026-09-27 00:18:40,064 INFO ICBHI/dn fold 1: config 9 (lr=0.0003, dropout=0.4) epoca 20: train_loss=0.0651 val_loss=0.7239 val_BA=0.875 mejor_epoca=1
2026-09-27 00:18:40,087 INFO ICBHI/dn fold 1 config 9: OK val_BA=0.955 mejor_epoca=1 (0.8 min)
2026-09-27 00:18:43,636 INFO ICBHI/dn fold 1: config 10 (lr=0.0003, dropout=0.4) epoca 1: train_loss=0.5732 val_loss=0.3728 val_BA=0.625 mejor_epoca=1
2026-09-27 00:18:50,093 INFO ICBHI/dn fold 1: config 10 (lr=0.0003, dropout=0.4) epoca 3: train_loss=0.1689 val_loss=0.1213 val_BA=0.750 mejor_epoca=3
2026-09-27 00:19:02,910 INFO ICBHI/dn fold 1: config 10 (lr=0.0003, dropout=0.4) epoca 7: train_loss=0.0510 val_loss=0.1172 val_BA=0.750 mejor_epoca=7
2026-09-27 00:19:12,632 INFO ICBHI/dn fold 1: config 10 (lr=0.0003, dropout=0.4) epoca 10: train_loss=0.0840 val_loss=0.1436 val_BA=0.500 mejor_epoca=7
2026-09-27 00:19:34,824 INFO ICBHI/dn fold 1: config 10 (lr=0.0003, dropout=0.4) epoca 17: train_loss=0.0807 val_loss=0.1416 val_BA=0.875 mejor_epoca=17
2026-09-27 00:19:44,710 INFO ICBHI/dn fold 1: config 10 (lr=0.0003, dropout=0.4) epoca 20: train_loss=0.2187 val_loss=0.1495 val_BA=0.750 mejor_epoca=17
2026-09-27 00:19:47,977 INFO ICBHI/dn fold 1: config 10 (lr=0.0003, dropout=0.4) epoca 21: train_loss=0.0821 val_loss=0.1398 val_BA=0.875 mejor_epoca=21
2026-09-27 00:20:16,858 INFO ICBHI/dn fold 1: config 10 (lr=0.0003, dropout=0.4) epoca 30: train_loss=0.0282 val_loss=0.2005 val_BA=0.750 mejor_epoca=21
2026-09-27 00:20:35,926 INFO ICBHI/dn fold 1 config 10: OK val_BA=0.875 mejor_epoca=21 (1.9 min)
2026-09-27 00:20:38,220 INFO ICBHI/dn fold 1: config 11 (lr=0.0003, dropout=0.5) epoca 1: train_loss=0.5313 val_loss=0.3774 val_BA=1.000 mejor_epoca=1
2026-09-27 00:20:55,991 INFO ICBHI/dn fold 1: config 11 (lr=0.0003, dropout=0.5) epoca 10: train_loss=0.0259 val_loss=0.2046 val_BA=0.875 mejor_epoca=1
2026-09-27 00:21:15,751 INFO ICBHI/dn fold 1: config 11 (lr=0.0003, dropout=0.5) epoca 20: train_loss=0.0031 val_loss=0.1394 val_BA=0.750 mejor_epoca=1
2026-09-27 00:21:15,773 INFO ICBHI/dn fold 1 config 11: OK val_BA=1.000 mejor_epoca=1 (0.7 min)
2026-09-27 00:21:18,311 INFO ICBHI/dn fold 1: config 12 (lr=0.0003, dropout=0.5) epoca 1: train_loss=0.4851 val_loss=0.2661 val_BA=0.750 mejor_epoca=1
2026-09-27 00:21:22,791 INFO ICBHI/dn fold 1: config 12 (lr=0.0003, dropout=0.5) epoca 3: train_loss=0.0981 val_loss=0.1933 val_BA=0.875 mejor_epoca=3
2026-09-27 00:21:38,534 INFO ICBHI/dn fold 1: config 12 (lr=0.0003, dropout=0.5) epoca 10: train_loss=0.0111 val_loss=0.1276 val_BA=0.750 mejor_epoca=3
2026-09-27 00:22:00,816 INFO ICBHI/dn fold 1: config 12 (lr=0.0003, dropout=0.5) epoca 20: train_loss=0.0008 val_loss=0.1928 val_BA=0.625 mejor_epoca=3
2026-09-27 00:22:00,838 INFO ICBHI/dn fold 1 config 12: OK val_BA=0.875 mejor_epoca=3 (0.8 min)
2026-09-27 00:22:04,141 INFO ICBHI/dn fold 1: config 13 (lr=0.001, dropout=0.2) epoca 1: train_loss=0.8677 val_loss=0.1465 val_BA=0.500 mejor_epoca=1
2026-09-27 00:22:07,168 INFO ICBHI/dn fold 1: config 13 (lr=0.001, dropout=0.2) epoca 2: train_loss=0.8482 val_loss=0.3581 val_BA=0.875 mejor_epoca=2
2026-09-27 00:22:10,171 INFO ICBHI/dn fold 1: config 13 (lr=0.001, dropout=0.2) epoca 3: train_loss=0.3479 val_loss=0.1436 val_BA=0.875 mejor_epoca=3
2026-09-27 00:22:31,947 INFO ICBHI/dn fold 1: config 13 (lr=0.001, dropout=0.2) epoca 10: train_loss=0.0813 val_loss=0.1579 val_BA=0.625 mejor_epoca=3
2026-09-27 00:23:04,537 INFO ICBHI/dn fold 1: config 13 (lr=0.001, dropout=0.2) epoca 20: train_loss=0.0417 val_loss=0.2311 val_BA=0.625 mejor_epoca=3
2026-09-27 00:23:04,562 INFO ICBHI/dn fold 1 config 13: OK val_BA=0.875 mejor_epoca=3 (1.1 min)
2026-09-27 00:23:06,935 INFO ICBHI/dn fold 1: config 14 (lr=0.001, dropout=0.3) epoca 1: train_loss=0.4590 val_loss=3.2421 val_BA=0.636 mejor_epoca=1
2026-09-27 00:23:08,984 INFO ICBHI/dn fold 1: config 14 (lr=0.001, dropout=0.3) epoca 2: train_loss=0.2311 val_loss=0.9043 val_BA=0.909 mejor_epoca=2
2026-09-27 00:23:25,452 INFO ICBHI/dn fold 1: config 14 (lr=0.001, dropout=0.3) epoca 10: train_loss=0.0467 val_loss=0.3863 val_BA=0.625 mejor_epoca=2
2026-09-27 00:23:45,910 INFO ICBHI/dn fold 1: config 14 (lr=0.001, dropout=0.3) epoca 20: train_loss=0.0028 val_loss=0.1867 val_BA=0.625 mejor_epoca=2
2026-09-27 00:23:45,934 INFO ICBHI/dn fold 1 config 14: OK val_BA=0.909 mejor_epoca=2 (0.7 min)
2026-09-27 00:23:48,648 INFO ICBHI/dn fold 1: config 15 (lr=0.001, dropout=0.3) epoca 1: train_loss=0.6366 val_loss=0.3391 val_BA=0.750 mejor_epoca=1
2026-09-27 00:24:06,941 INFO ICBHI/dn fold 1: config 15 (lr=0.001, dropout=0.3) epoca 9: train_loss=0.0995 val_loss=0.1283 val_BA=0.750 mejor_epoca=9
2026-09-27 00:24:09,217 INFO ICBHI/dn fold 1: config 15 (lr=0.001, dropout=0.3) epoca 10: train_loss=0.0807 val_loss=0.1788 val_BA=0.750 mejor_epoca=9
2026-09-27 00:24:20,976 INFO ICBHI/dn fold 1: config 15 (lr=0.001, dropout=0.3) epoca 15: train_loss=0.0489 val_loss=0.1256 val_BA=0.750 mejor_epoca=15
2026-09-27 00:24:33,009 INFO ICBHI/dn fold 1: config 15 (lr=0.001, dropout=0.3) epoca 20: train_loss=0.0112 val_loss=0.1540 val_BA=0.625 mejor_epoca=15
2026-09-27 00:24:56,331 INFO ICBHI/dn fold 1: config 15 (lr=0.001, dropout=0.3) epoca 30: train_loss=0.0069 val_loss=0.1678 val_BA=0.750 mejor_epoca=15
2026-09-27 00:24:56,354 INFO ICBHI/dn fold 1 config 15: OK val_BA=0.750 mejor_epoca=15 (1.2 min)
2026-09-27 00:24:59,929 INFO ICBHI/dn fold 1: config 16 (lr=0.001, dropout=0.4) epoca 1: train_loss=0.7584 val_loss=0.2524 val_BA=0.500 mejor_epoca=1
2026-09-27 00:25:06,222 INFO ICBHI/dn fold 1: config 16 (lr=0.001, dropout=0.4) epoca 3: train_loss=0.7360 val_loss=0.1755 val_BA=0.500 mejor_epoca=3
2026-09-27 00:25:09,342 INFO ICBHI/dn fold 1: config 16 (lr=0.001, dropout=0.4) epoca 4: train_loss=0.6759 val_loss=0.4181 val_BA=0.830 mejor_epoca=4
2026-09-27 00:25:28,992 INFO ICBHI/dn fold 1: config 16 (lr=0.001, dropout=0.4) epoca 10: train_loss=0.2520 val_loss=0.1607 val_BA=0.500 mejor_epoca=4
2026-09-27 00:26:00,509 INFO ICBHI/dn fold 1: config 16 (lr=0.001, dropout=0.4) epoca 20: train_loss=0.0369 val_loss=0.2215 val_BA=0.625 mejor_epoca=4
2026-09-27 00:26:00,531 INFO ICBHI/dn fold 1 config 16: OK val_BA=0.830 mejor_epoca=4 (1.1 min)
2026-09-27 00:26:03,098 INFO ICBHI/dn fold 1: config 17 (lr=0.001, dropout=0.5) epoca 1: train_loss=0.5305 val_loss=1.1592 val_BA=0.727 mejor_epoca=1
2026-09-27 00:26:07,659 INFO ICBHI/dn fold 1: config 17 (lr=0.001, dropout=0.5) epoca 3: train_loss=0.1858 val_loss=0.3827 val_BA=0.750 mejor_epoca=3
2026-09-27 00:26:23,758 INFO ICBHI/dn fold 1: config 17 (lr=0.001, dropout=0.5) epoca 10: train_loss=0.0415 val_loss=0.5933 val_BA=0.625 mejor_epoca=3
2026-09-27 00:26:37,582 INFO ICBHI/dn fold 1: config 17 (lr=0.001, dropout=0.5) epoca 16: train_loss=0.0775 val_loss=0.1613 val_BA=0.750 mejor_epoca=16
2026-09-27 00:26:46,689 INFO ICBHI/dn fold 1: config 17 (lr=0.001, dropout=0.5) epoca 20: train_loss=0.0822 val_loss=0.2479 val_BA=0.875 mejor_epoca=20
2026-09-27 00:27:09,452 INFO ICBHI/dn fold 1: config 17 (lr=0.001, dropout=0.5) epoca 30: train_loss=0.0083 val_loss=0.1972 val_BA=0.625 mejor_epoca=20
2026-09-27 00:27:20,920 INFO ICBHI/dn fold 1 config 17: OK val_BA=0.875 mejor_epoca=20 (1.3 min)
2026-09-27 00:27:23,268 INFO ICBHI/dn fold 1: config 18 (lr=0.001, dropout=0.5) epoca 1: train_loss=0.5268 val_loss=0.3026 val_BA=0.500 mejor_epoca=1
2026-09-27 00:27:25,342 INFO ICBHI/dn fold 1: config 18 (lr=0.001, dropout=0.5) epoca 2: train_loss=0.2813 val_loss=0.3484 val_BA=0.625 mejor_epoca=2
2026-09-27 00:27:29,493 INFO ICBHI/dn fold 1: config 18 (lr=0.001, dropout=0.5) epoca 4: train_loss=0.1205 val_loss=0.1649 val_BA=0.625 mejor_epoca=4
2026-09-27 00:27:31,565 INFO ICBHI/dn fold 1: config 18 (lr=0.001, dropout=0.5) epoca 5: train_loss=0.1037 val_loss=0.3272 val_BA=0.750 mejor_epoca=5
2026-09-27 00:27:33,653 INFO ICBHI/dn fold 1: config 18 (lr=0.001, dropout=0.5) epoca 6: train_loss=0.0655 val_loss=0.4334 val_BA=0.875 mejor_epoca=6
2026-09-27 00:27:41,718 INFO ICBHI/dn fold 1: config 18 (lr=0.001, dropout=0.5) epoca 10: train_loss=0.0952 val_loss=0.2281 val_BA=0.750 mejor_epoca=6
2026-09-27 00:27:49,742 INFO ICBHI/dn fold 1: config 18 (lr=0.001, dropout=0.5) epoca 14: train_loss=0.0091 val_loss=0.1998 val_BA=0.875 mejor_epoca=14
2026-09-27 00:28:01,751 INFO ICBHI/dn fold 1: config 18 (lr=0.001, dropout=0.5) epoca 20: train_loss=0.0009 val_loss=0.1752 val_BA=0.625 mejor_epoca=14
2026-09-27 00:28:19,685 INFO ICBHI/dn fold 1 config 18: OK val_BA=0.875 mejor_epoca=14 (1.0 min)
2026-09-27 00:28:21,959 INFO ICBHI/dn fold 1: config 19 (lr=0.001, dropout=0.5) epoca 1: train_loss=0.5296 val_loss=1.2360 val_BA=0.773 mejor_epoca=1
2026-09-27 00:28:23,977 INFO ICBHI/dn fold 1: config 19 (lr=0.001, dropout=0.5) epoca 2: train_loss=0.2117 val_loss=0.3643 val_BA=0.875 mejor_epoca=2
2026-09-27 00:28:25,993 INFO ICBHI/dn fold 1: config 19 (lr=0.001, dropout=0.5) epoca 3: train_loss=0.1086 val_loss=0.9484 val_BA=0.909 mejor_epoca=3
2026-09-27 00:28:40,281 INFO ICBHI/dn fold 1: config 19 (lr=0.001, dropout=0.5) epoca 10: train_loss=0.0328 val_loss=0.5597 val_BA=0.875 mejor_epoca=3
2026-09-27 00:29:00,950 INFO ICBHI/dn fold 1: config 19 (lr=0.001, dropout=0.5) epoca 20: train_loss=0.0259 val_loss=0.2277 val_BA=0.625 mejor_epoca=3
2026-09-27 00:29:00,974 INFO ICBHI/dn fold 1 config 19: OK val_BA=0.909 mejor_epoca=3 (0.7 min)
2026-09-27 00:29:01,487 INFO ICBHI/dn fold 2: log-mel dn listo en 0.5 s, forma (4715, 1, 64, 309)
2026-09-27 00:29:01,501 INFO ICBHI/dn fold 2: 58/14 pacientes train/validation, 20 de 20 configuracion(es) por evaluar
2026-09-27 00:29:04,887 INFO ICBHI/dn fold 2: config 0 (lr=0.0001, dropout=0.3) epoca 1: train_loss=0.5282 val_loss=0.4773 val_BA=0.875 mejor_epoca=1
2026-09-27 00:29:11,068 INFO ICBHI/dn fold 2: config 0 (lr=0.0001, dropout=0.3) epoca 3: train_loss=0.1310 val_loss=0.1371 val_BA=0.875 mejor_epoca=3
2026-09-27 00:29:14,243 INFO ICBHI/dn fold 2: config 0 (lr=0.0001, dropout=0.3) epoca 4: train_loss=0.0968 val_loss=0.0988 val_BA=0.875 mejor_epoca=4
2026-09-27 00:29:17,491 INFO ICBHI/dn fold 2: config 0 (lr=0.0001, dropout=0.3) epoca 5: train_loss=0.0760 val_loss=0.1297 val_BA=1.000 mejor_epoca=5
2026-09-27 00:29:32,908 INFO ICBHI/dn fold 2: config 0 (lr=0.0001, dropout=0.3) epoca 10: train_loss=0.0157 val_loss=0.2198 val_BA=0.875 mejor_epoca=5
2026-09-27 00:30:04,188 INFO ICBHI/dn fold 2: config 0 (lr=0.0001, dropout=0.3) epoca 20: train_loss=0.0105 val_loss=0.2254 val_BA=0.750 mejor_epoca=5
2026-09-27 00:30:04,211 INFO ICBHI/dn fold 2 config 0: OK val_BA=1.000 mejor_epoca=5 (1.0 min)
2026-09-27 00:30:06,433 INFO ICBHI/dn fold 2: config 1 (lr=0.0001, dropout=0.3) epoca 1: train_loss=0.5118 val_loss=0.6043 val_BA=0.950 mejor_epoca=1
2026-09-27 00:30:24,221 INFO ICBHI/dn fold 2: config 1 (lr=0.0001, dropout=0.3) epoca 10: train_loss=0.0288 val_loss=0.2601 val_BA=0.750 mejor_epoca=1
2026-09-27 00:30:34,029 INFO ICBHI/dn fold 2: config 1 (lr=0.0001, dropout=0.3) epoca 15: train_loss=0.0167 val_loss=0.1801 val_BA=1.000 mejor_epoca=15
2026-09-27 00:30:43,918 INFO ICBHI/dn fold 2: config 1 (lr=0.0001, dropout=0.3) epoca 20: train_loss=0.0545 val_loss=0.1287 val_BA=0.625 mejor_epoca=15
2026-09-27 00:31:03,507 INFO ICBHI/dn fold 2: config 1 (lr=0.0001, dropout=0.3) epoca 30: train_loss=0.0043 val_loss=0.1120 val_BA=0.750 mejor_epoca=15
2026-09-27 00:31:03,534 INFO ICBHI/dn fold 2 config 1: OK val_BA=1.000 mejor_epoca=15 (1.0 min)
2026-09-27 00:31:06,003 INFO ICBHI/dn fold 2: config 2 (lr=0.0001, dropout=0.4) epoca 1: train_loss=0.4600 val_loss=1.5014 val_BA=0.700 mejor_epoca=1
2026-09-27 00:31:08,241 INFO ICBHI/dn fold 2: config 2 (lr=0.0001, dropout=0.4) epoca 2: train_loss=0.2259 val_loss=0.4037 val_BA=1.000 mejor_epoca=2
2026-09-27 00:31:23,933 INFO ICBHI/dn fold 2: config 2 (lr=0.0001, dropout=0.4) epoca 9: train_loss=0.0269 val_loss=0.0949 val_BA=1.000 mejor_epoca=9
2026-09-27 00:31:26,190 INFO ICBHI/dn fold 2: config 2 (lr=0.0001, dropout=0.4) epoca 10: train_loss=0.0146 val_loss=0.0879 val_BA=0.875 mejor_epoca=9
2026-09-27 00:31:48,607 INFO ICBHI/dn fold 2: config 2 (lr=0.0001, dropout=0.4) epoca 20: train_loss=0.0325 val_loss=0.1235 val_BA=0.875 mejor_epoca=9
2026-09-27 00:31:57,705 INFO ICBHI/dn fold 2 config 2: OK val_BA=1.000 mejor_epoca=9 (0.9 min)
2026-09-27 00:32:01,018 INFO ICBHI/dn fold 2: config 3 (lr=0.0001, dropout=0.4) epoca 1: train_loss=0.4803 val_loss=0.8275 val_BA=0.850 mejor_epoca=1
2026-09-27 00:32:04,140 INFO ICBHI/dn fold 2: config 3 (lr=0.0001, dropout=0.4) epoca 2: train_loss=0.2034 val_loss=0.2233 val_BA=1.000 mejor_epoca=2
2026-09-27 00:32:29,300 INFO ICBHI/dn fold 2: config 3 (lr=0.0001, dropout=0.4) epoca 10: train_loss=0.0284 val_loss=0.4516 val_BA=0.825 mejor_epoca=2
2026-09-27 00:33:00,096 INFO ICBHI/dn fold 2: config 3 (lr=0.0001, dropout=0.4) epoca 20: train_loss=0.0196 val_loss=0.1821 val_BA=0.750 mejor_epoca=2
2026-09-27 00:33:00,119 INFO ICBHI/dn fold 2 config 3: OK val_BA=1.000 mejor_epoca=2 (1.0 min)
2026-09-27 00:33:02,597 INFO ICBHI/dn fold 2: config 4 (lr=0.0001, dropout=0.4) epoca 1: train_loss=0.5079 val_loss=0.6845 val_BA=0.700 mejor_epoca=1
2026-09-27 00:33:04,772 INFO ICBHI/dn fold 2: config 4 (lr=0.0001, dropout=0.4) epoca 2: train_loss=0.2591 val_loss=0.3709 val_BA=0.875 mejor_epoca=2
2026-09-27 00:33:06,971 INFO ICBHI/dn fold 2: config 4 (lr=0.0001, dropout=0.4) epoca 3: train_loss=0.1664 val_loss=0.6843 val_BA=1.000 mejor_epoca=3
2026-09-27 00:33:22,362 INFO ICBHI/dn fold 2: config 4 (lr=0.0001, dropout=0.4) epoca 10: train_loss=0.0285 val_loss=0.0954 val_BA=0.750 mejor_epoca=3
2026-09-27 00:33:37,962 INFO ICBHI/dn fold 2: config 4 (lr=0.0001, dropout=0.4) epoca 17: train_loss=0.0244 val_loss=0.2120 val_BA=1.000 mejor_epoca=17
2026-09-27 00:33:44,612 INFO ICBHI/dn fold 2: config 4 (lr=0.0001, dropout=0.4) epoca 20: train_loss=0.0043 val_loss=0.2036 val_BA=0.750 mejor_epoca=17
2026-09-27 00:34:06,791 INFO ICBHI/dn fold 2: config 4 (lr=0.0001, dropout=0.4) epoca 30: train_loss=0.0033 val_loss=0.1843 val_BA=0.750 mejor_epoca=17
2026-09-27 00:34:11,240 INFO ICBHI/dn fold 2 config 4: OK val_BA=1.000 mejor_epoca=17 (1.2 min)
2026-09-27 00:34:13,432 INFO ICBHI/dn fold 2: config 5 (lr=0.0001, dropout=0.4) epoca 1: train_loss=0.5251 val_loss=0.7677 val_BA=0.675 mejor_epoca=1
2026-09-27 00:34:15,412 INFO ICBHI/dn fold 2: config 5 (lr=0.0001, dropout=0.4) epoca 2: train_loss=0.2772 val_loss=0.5051 val_BA=0.950 mejor_epoca=2
2026-09-27 00:34:21,265 INFO ICBHI/dn fold 2: config 5 (lr=0.0001, dropout=0.4) epoca 5: train_loss=0.0860 val_loss=0.2842 val_BA=1.000 mejor_epoca=5
2026-09-27 00:34:30,957 INFO ICBHI/dn fold 2: config 5 (lr=0.0001, dropout=0.4) epoca 10: train_loss=0.0312 val_loss=0.1595 val_BA=0.750 mejor_epoca=5
2026-09-27 00:34:40,911 INFO ICBHI/dn fold 2: config 5 (lr=0.0001, dropout=0.4) epoca 15: train_loss=0.0149 val_loss=0.1551 val_BA=1.000 mejor_epoca=15
2026-09-27 00:34:50,688 INFO ICBHI/dn fold 2: config 5 (lr=0.0001, dropout=0.4) epoca 20: train_loss=0.0153 val_loss=0.1216 val_BA=0.875 mejor_epoca=15
2026-09-27 00:35:10,476 INFO ICBHI/dn fold 2: config 5 (lr=0.0001, dropout=0.4) epoca 30: train_loss=0.0049 val_loss=0.1117 val_BA=0.750 mejor_epoca=15
2026-09-27 00:35:10,502 INFO ICBHI/dn fold 2 config 5: OK val_BA=1.000 mejor_epoca=15 (1.0 min)
2026-09-27 00:35:13,977 INFO ICBHI/dn fold 2: config 6 (lr=0.0001, dropout=0.5) epoca 1: train_loss=0.5148 val_loss=0.4917 val_BA=1.000 mejor_epoca=1
2026-09-27 00:35:42,623 INFO ICBHI/dn fold 2: config 6 (lr=0.0001, dropout=0.5) epoca 10: train_loss=0.0423 val_loss=0.0641 val_BA=0.875 mejor_epoca=1
2026-09-27 00:35:49,041 INFO ICBHI/dn fold 2: config 6 (lr=0.0001, dropout=0.5) epoca 12: train_loss=0.0806 val_loss=0.2794 val_BA=1.000 mejor_epoca=12
2026-09-27 00:36:14,774 INFO ICBHI/dn fold 2: config 6 (lr=0.0001, dropout=0.5) epoca 20: train_loss=0.0473 val_loss=0.1652 val_BA=0.750 mejor_epoca=12
2026-09-27 00:36:37,373 INFO ICBHI/dn fold 2 config 6: OK val_BA=1.000 mejor_epoca=12 (1.4 min)
2026-09-27 00:36:39,656 INFO ICBHI/dn fold 2: config 7 (lr=0.0001, dropout=0.5) epoca 1: train_loss=0.5336 val_loss=0.6294 val_BA=0.700 mejor_epoca=1
2026-09-27 00:36:41,639 INFO ICBHI/dn fold 2: config 7 (lr=0.0001, dropout=0.5) epoca 2: train_loss=0.3256 val_loss=0.3329 val_BA=0.750 mejor_epoca=2
2026-09-27 00:36:43,630 INFO ICBHI/dn fold 2: config 7 (lr=0.0001, dropout=0.5) epoca 3: train_loss=0.1852 val_loss=0.2598 val_BA=0.750 mejor_epoca=3
2026-09-27 00:36:45,632 INFO ICBHI/dn fold 2: config 7 (lr=0.0001, dropout=0.5) epoca 4: train_loss=0.1312 val_loss=0.2360 val_BA=0.750 mejor_epoca=4
2026-09-27 00:36:47,619 INFO ICBHI/dn fold 2: config 7 (lr=0.0001, dropout=0.5) epoca 5: train_loss=0.0925 val_loss=0.2170 val_BA=0.875 mejor_epoca=5
2026-09-27 00:36:49,618 INFO ICBHI/dn fold 2: config 7 (lr=0.0001, dropout=0.5) epoca 6: train_loss=0.0709 val_loss=0.1871 val_BA=0.875 mejor_epoca=6
2026-09-27 00:36:57,581 INFO ICBHI/dn fold 2: config 7 (lr=0.0001, dropout=0.5) epoca 10: train_loss=0.0328 val_loss=0.1248 val_BA=0.750 mejor_epoca=6
2026-09-27 00:36:59,569 INFO ICBHI/dn fold 2: config 7 (lr=0.0001, dropout=0.5) epoca 11: train_loss=0.0246 val_loss=0.1471 val_BA=0.875 mejor_epoca=11
2026-09-27 00:37:07,458 INFO ICBHI/dn fold 2: config 7 (lr=0.0001, dropout=0.5) epoca 15: train_loss=0.0172 val_loss=0.1100 val_BA=0.875 mejor_epoca=15
2026-09-27 00:37:09,467 INFO ICBHI/dn fold 2: config 7 (lr=0.0001, dropout=0.5) epoca 16: train_loss=0.0131 val_loss=0.1023 val_BA=0.875 mejor_epoca=16
2026-09-27 00:37:11,457 INFO ICBHI/dn fold 2: config 7 (lr=0.0001, dropout=0.5) epoca 17: train_loss=0.0168 val_loss=0.0962 val_BA=0.875 mejor_epoca=17
2026-09-27 00:37:17,543 INFO ICBHI/dn fold 2: config 7 (lr=0.0001, dropout=0.5) epoca 20: train_loss=0.0096 val_loss=0.0998 val_BA=0.750 mejor_epoca=17
2026-09-27 00:37:37,375 INFO ICBHI/dn fold 2: config 7 (lr=0.0001, dropout=0.5) epoca 30: train_loss=0.0068 val_loss=0.0958 val_BA=0.750 mejor_epoca=17
2026-09-27 00:37:41,380 INFO ICBHI/dn fold 2 config 7: OK val_BA=0.875 mejor_epoca=17 (1.1 min)
2026-09-27 00:37:43,619 INFO ICBHI/dn fold 2: config 8 (lr=0.0003, dropout=0.3) epoca 1: train_loss=0.4915 val_loss=0.5555 val_BA=1.000 mejor_epoca=1
2026-09-27 00:38:01,631 INFO ICBHI/dn fold 2: config 8 (lr=0.0003, dropout=0.3) epoca 10: train_loss=0.0093 val_loss=0.0558 val_BA=0.875 mejor_epoca=1
2026-09-27 00:38:05,583 INFO ICBHI/dn fold 2: config 8 (lr=0.0003, dropout=0.3) epoca 12: train_loss=0.0562 val_loss=0.3076 val_BA=1.000 mejor_epoca=12
2026-09-27 00:38:11,501 INFO ICBHI/dn fold 2: config 8 (lr=0.0003, dropout=0.3) epoca 15: train_loss=0.0400 val_loss=0.1249 val_BA=1.000 mejor_epoca=15
2026-09-27 00:38:21,404 INFO ICBHI/dn fold 2: config 8 (lr=0.0003, dropout=0.3) epoca 20: train_loss=0.0280 val_loss=0.2011 val_BA=0.750 mejor_epoca=15
2026-09-27 00:38:41,583 INFO ICBHI/dn fold 2: config 8 (lr=0.0003, dropout=0.3) epoca 30: train_loss=0.0008 val_loss=0.1555 val_BA=0.750 mejor_epoca=15
2026-09-27 00:38:41,606 INFO ICBHI/dn fold 2 config 8: OK val_BA=1.000 mejor_epoca=15 (1.0 min)
2026-09-27 00:38:44,220 INFO ICBHI/dn fold 2: config 9 (lr=0.0003, dropout=0.4) epoca 1: train_loss=0.4738 val_loss=1.1985 val_BA=0.800 mejor_epoca=1
2026-09-27 00:38:46,611 INFO ICBHI/dn fold 2: config 9 (lr=0.0003, dropout=0.4) epoca 2: train_loss=0.2510 val_loss=0.2246 val_BA=1.000 mejor_epoca=2
2026-09-27 00:39:05,446 INFO ICBHI/dn fold 2: config 9 (lr=0.0003, dropout=0.4) epoca 10: train_loss=0.0226 val_loss=0.0850 val_BA=0.875 mejor_epoca=2
2026-09-27 00:39:28,358 INFO ICBHI/dn fold 2: config 9 (lr=0.0003, dropout=0.4) epoca 20: train_loss=0.0008 val_loss=0.1087 val_BA=0.875 mejor_epoca=2
2026-09-27 00:39:28,383 INFO ICBHI/dn fold 2 config 9: OK val_BA=1.000 mejor_epoca=2 (0.8 min)
2026-09-27 00:39:31,808 INFO ICBHI/dn fold 2: config 10 (lr=0.0003, dropout=0.4) epoca 1: train_loss=0.4922 val_loss=0.3994 val_BA=1.000 mejor_epoca=1
2026-09-27 00:39:34,970 INFO ICBHI/dn fold 2: config 10 (lr=0.0003, dropout=0.4) epoca 2: train_loss=0.3576 val_loss=0.2584 val_BA=1.000 mejor_epoca=2
2026-09-27 00:39:59,770 INFO ICBHI/dn fold 2: config 10 (lr=0.0003, dropout=0.4) epoca 10: train_loss=0.1264 val_loss=0.3292 val_BA=1.000 mejor_epoca=2
2026-09-27 00:40:30,815 INFO ICBHI/dn fold 2: config 10 (lr=0.0003, dropout=0.4) epoca 20: train_loss=0.0359 val_loss=0.4906 val_BA=0.750 mejor_epoca=2
2026-09-27 00:40:30,838 INFO ICBHI/dn fold 2 config 10: OK val_BA=1.000 mejor_epoca=2 (1.0 min)
2026-09-27 00:40:33,023 INFO ICBHI/dn fold 2: config 11 (lr=0.0003, dropout=0.5) epoca 1: train_loss=0.4635 val_loss=0.2913 val_BA=0.750 mejor_epoca=1
2026-09-27 00:40:34,963 INFO ICBHI/dn fold 2: config 11 (lr=0.0003, dropout=0.5) epoca 2: train_loss=0.2085 val_loss=0.2513 val_BA=0.750 mejor_epoca=2
2026-09-27 00:40:36,901 INFO ICBHI/dn fold 2: config 11 (lr=0.0003, dropout=0.5) epoca 3: train_loss=0.1611 val_loss=0.2045 val_BA=0.875 mejor_epoca=3
2026-09-27 00:40:38,868 INFO ICBHI/dn fold 2: config 11 (lr=0.0003, dropout=0.5) epoca 4: train_loss=0.0742 val_loss=0.1674 val_BA=0.875 mejor_epoca=4
2026-09-27 00:40:40,883 INFO ICBHI/dn fold 2: config 11 (lr=0.0003, dropout=0.5) epoca 5: train_loss=0.0489 val_loss=0.1444 val_BA=0.875 mejor_epoca=5
2026-09-27 00:40:42,844 INFO ICBHI/dn fold 2: config 11 (lr=0.0003, dropout=0.5) epoca 6: train_loss=0.0256 val_loss=0.0881 val_BA=0.875 mejor_epoca=6
2026-09-27 00:40:46,761 INFO ICBHI/dn fold 2: config 11 (lr=0.0003, dropout=0.5) epoca 8: train_loss=0.0200 val_loss=0.1196 val_BA=1.000 mejor_epoca=8
2026-09-27 00:40:50,672 INFO ICBHI/dn fold 2: config 11 (lr=0.0003, dropout=0.5) epoca 10: train_loss=0.0329 val_loss=0.1034 val_BA=0.750 mejor_epoca=8
2026-09-27 00:41:10,528 INFO ICBHI/dn fold 2: config 11 (lr=0.0003, dropout=0.5) epoca 20: train_loss=0.0298 val_loss=0.1192 val_BA=0.875 mejor_epoca=8
2026-09-27 00:41:16,430 INFO ICBHI/dn fold 2 config 11: OK val_BA=1.000 mejor_epoca=8 (0.8 min)
2026-09-27 00:41:18,873 INFO ICBHI/dn fold 2: config 12 (lr=0.0003, dropout=0.5) epoca 1: train_loss=0.4570 val_loss=0.2360 val_BA=0.500 mejor_epoca=1
2026-09-27 00:41:21,110 INFO ICBHI/dn fold 2: config 12 (lr=0.0003, dropout=0.5) epoca 2: train_loss=0.2250 val_loss=0.1391 val_BA=0.750 mejor_epoca=2
2026-09-27 00:41:23,400 INFO ICBHI/dn fold 2: config 12 (lr=0.0003, dropout=0.5) epoca 3: train_loss=0.1708 val_loss=0.1749 val_BA=1.000 mejor_epoca=3
2026-09-27 00:41:25,745 INFO ICBHI/dn fold 2: config 12 (lr=0.0003, dropout=0.5) epoca 4: train_loss=0.0963 val_loss=0.1165 val_BA=1.000 mejor_epoca=4
2026-09-27 00:41:39,231 INFO ICBHI/dn fold 2: config 12 (lr=0.0003, dropout=0.5) epoca 10: train_loss=0.0228 val_loss=0.1682 val_BA=0.875 mejor_epoca=4
2026-09-27 00:42:01,727 INFO ICBHI/dn fold 2: config 12 (lr=0.0003, dropout=0.5) epoca 20: train_loss=0.0017 val_loss=0.2350 val_BA=0.875 mejor_epoca=4
2026-09-27 00:42:01,751 INFO ICBHI/dn fold 2 config 12: OK val_BA=1.000 mejor_epoca=4 (0.8 min)
2026-09-27 00:42:05,152 INFO ICBHI/dn fold 2: config 13 (lr=0.001, dropout=0.2) epoca 1: train_loss=0.9076 val_loss=0.2336 val_BA=0.500 mejor_epoca=1
2026-09-27 00:42:08,347 INFO ICBHI/dn fold 2: config 13 (lr=0.001, dropout=0.2) epoca 2: train_loss=0.8603 val_loss=0.1999 val_BA=0.500 mejor_epoca=2
2026-09-27 00:42:14,700 INFO ICBHI/dn fold 2: config 13 (lr=0.001, dropout=0.2) epoca 4: train_loss=0.9232 val_loss=0.1879 val_BA=0.500 mejor_epoca=4
2026-09-27 00:42:21,187 INFO ICBHI/dn fold 2: config 13 (lr=0.001, dropout=0.2) epoca 6: train_loss=0.7018 val_loss=0.2999 val_BA=0.625 mejor_epoca=6
2026-09-27 00:42:24,404 INFO ICBHI/dn fold 2: config 13 (lr=0.001, dropout=0.2) epoca 7: train_loss=0.6732 val_loss=0.1669 val_BA=0.750 mejor_epoca=7
2026-09-27 00:42:30,567 INFO ICBHI/dn fold 2: config 13 (lr=0.001, dropout=0.2) epoca 9: train_loss=0.5769 val_loss=0.1484 val_BA=0.750 mejor_epoca=9
2026-09-27 00:42:33,605 INFO ICBHI/dn fold 2: config 13 (lr=0.001, dropout=0.2) epoca 10: train_loss=0.4862 val_loss=0.1319 val_BA=0.750 mejor_epoca=10
2026-09-27 00:42:42,745 INFO ICBHI/dn fold 2: config 13 (lr=0.001, dropout=0.2) epoca 13: train_loss=0.3632 val_loss=0.2108 val_BA=0.875 mejor_epoca=13
2026-09-27 00:42:54,949 INFO ICBHI/dn fold 2: config 13 (lr=0.001, dropout=0.2) epoca 17: train_loss=0.1624 val_loss=0.1365 val_BA=1.000 mejor_epoca=17
2026-09-27 00:43:04,248 INFO ICBHI/dn fold 2: config 13 (lr=0.001, dropout=0.2) epoca 20: train_loss=0.1344 val_loss=0.2585 val_BA=0.750 mejor_epoca=17
2026-09-27 00:43:35,594 INFO ICBHI/dn fold 2: config 13 (lr=0.001, dropout=0.2) epoca 30: train_loss=0.1119 val_loss=0.1320 val_BA=0.875 mejor_epoca=17
2026-09-27 00:43:42,154 INFO ICBHI/dn fold 2 config 13: OK val_BA=1.000 mejor_epoca=17 (1.7 min)
2026-09-27 00:43:44,510 INFO ICBHI/dn fold 2: config 14 (lr=0.001, dropout=0.3) epoca 1: train_loss=0.4830 val_loss=0.1168 val_BA=0.625 mejor_epoca=1
2026-09-27 00:43:46,547 INFO ICBHI/dn fold 2: config 14 (lr=0.001, dropout=0.3) epoca 2: train_loss=0.3143 val_loss=0.5953 val_BA=0.825 mejor_epoca=2
2026-09-27 00:43:50,677 INFO ICBHI/dn fold 2: config 14 (lr=0.001, dropout=0.3) epoca 4: train_loss=0.2010 val_loss=0.2192 val_BA=0.875 mejor_epoca=4
2026-09-27 00:43:56,691 INFO ICBHI/dn fold 2: config 14 (lr=0.001, dropout=0.3) epoca 7: train_loss=0.0846 val_loss=0.0993 val_BA=0.875 mejor_epoca=7
2026-09-27 00:43:58,683 INFO ICBHI/dn fold 2: config 14 (lr=0.001, dropout=0.3) epoca 8: train_loss=0.0490 val_loss=0.0727 val_BA=1.000 mejor_epoca=8
2026-09-27 00:44:02,598 INFO ICBHI/dn fold 2: config 14 (lr=0.001, dropout=0.3) epoca 10: train_loss=0.0186 val_loss=0.0861 val_BA=0.875 mejor_epoca=8
2026-09-27 00:44:22,096 INFO ICBHI/dn fold 2: config 14 (lr=0.001, dropout=0.3) epoca 20: train_loss=0.0051 val_loss=0.1131 val_BA=0.875 mejor_epoca=8
2026-09-27 00:44:28,054 INFO ICBHI/dn fold 2 config 14: OK val_BA=1.000 mejor_epoca=8 (0.8 min)
2026-09-27 00:44:30,668 INFO ICBHI/dn fold 2: config 15 (lr=0.001, dropout=0.3) epoca 1: train_loss=0.6384 val_loss=0.2304 val_BA=0.500 mejor_epoca=1
2026-09-27 00:44:32,898 INFO ICBHI/dn fold 2: config 15 (lr=0.001, dropout=0.3) epoca 2: train_loss=0.6695 val_loss=0.3727 val_BA=0.825 mejor_epoca=2
2026-09-27 00:44:39,638 INFO ICBHI/dn fold 2: config 15 (lr=0.001, dropout=0.3) epoca 5: train_loss=0.2902 val_loss=0.1914 val_BA=0.875 mejor_epoca=5
2026-09-27 00:44:50,796 INFO ICBHI/dn fold 2: config 15 (lr=0.001, dropout=0.3) epoca 10: train_loss=0.0537 val_loss=0.1842 val_BA=0.875 mejor_epoca=10
2026-09-27 00:45:12,943 INFO ICBHI/dn fold 2: config 15 (lr=0.001, dropout=0.3) epoca 20: train_loss=0.0729 val_loss=0.3888 val_BA=0.875 mejor_epoca=10
2026-09-27 00:45:24,088 INFO ICBHI/dn fold 2 config 15: OK val_BA=0.875 mejor_epoca=10 (0.9 min)
2026-09-27 00:45:27,339 INFO ICBHI/dn fold 2: config 16 (lr=0.001, dropout=0.4) epoca 1: train_loss=0.9335 val_loss=0.2302 val_BA=0.500 mejor_epoca=1
2026-09-27 00:45:33,383 INFO ICBHI/dn fold 2: config 16 (lr=0.001, dropout=0.4) epoca 3: train_loss=0.7111 val_loss=0.3379 val_BA=0.750 mejor_epoca=3
2026-09-27 00:45:36,513 INFO ICBHI/dn fold 2: config 16 (lr=0.001, dropout=0.4) epoca 4: train_loss=0.3442 val_loss=0.2911 val_BA=0.750 mejor_epoca=4
2026-09-27 00:45:39,744 INFO ICBHI/dn fold 2: config 16 (lr=0.001, dropout=0.4) epoca 5: train_loss=0.3142 val_loss=0.1601 val_BA=0.750 mejor_epoca=5
2026-09-27 00:45:42,853 INFO ICBHI/dn fold 2: config 16 (lr=0.001, dropout=0.4) epoca 6: train_loss=0.1973 val_loss=0.2318 val_BA=0.875 mejor_epoca=6
2026-09-27 00:45:49,245 INFO ICBHI/dn fold 2: config 16 (lr=0.001, dropout=0.4) epoca 8: train_loss=0.1715 val_loss=0.1963 val_BA=0.875 mejor_epoca=8
2026-09-27 00:45:55,475 INFO ICBHI/dn fold 2: config 16 (lr=0.001, dropout=0.4) epoca 10: train_loss=0.1025 val_loss=0.2970 val_BA=0.875 mejor_epoca=8
2026-09-27 00:45:58,692 INFO ICBHI/dn fold 2: config 16 (lr=0.001, dropout=0.4) epoca 11: train_loss=0.0864 val_loss=0.8644 val_BA=1.000 mejor_epoca=11
2026-09-27 00:46:01,851 INFO ICBHI/dn fold 2: config 16 (lr=0.001, dropout=0.4) epoca 12: train_loss=0.0714 val_loss=0.1779 val_BA=1.000 mejor_epoca=12
2026-09-27 00:46:26,587 INFO ICBHI/dn fold 2: config 16 (lr=0.001, dropout=0.4) epoca 20: train_loss=0.0706 val_loss=0.1205 val_BA=0.750 mejor_epoca=12
2026-09-27 00:46:48,055 INFO ICBHI/dn fold 2 config 16: OK val_BA=1.000 mejor_epoca=12 (1.4 min)
2026-09-27 00:46:50,605 INFO ICBHI/dn fold 2: config 17 (lr=0.001, dropout=0.5) epoca 1: train_loss=0.4778 val_loss=0.4947 val_BA=0.750 mejor_epoca=1
2026-09-27 00:46:52,863 INFO ICBHI/dn fold 2: config 17 (lr=0.001, dropout=0.5) epoca 2: train_loss=0.3607 val_loss=0.4865 val_BA=1.000 mejor_epoca=2
2026-09-27 00:46:57,438 INFO ICBHI/dn fold 2: config 17 (lr=0.001, dropout=0.5) epoca 4: train_loss=0.1630 val_loss=0.3906 val_BA=1.000 mejor_epoca=4
2026-09-27 00:47:11,211 INFO ICBHI/dn fold 2: config 17 (lr=0.001, dropout=0.5) epoca 10: train_loss=0.0173 val_loss=0.5648 val_BA=0.875 mejor_epoca=4
2026-09-27 00:47:15,607 INFO ICBHI/dn fold 2: config 17 (lr=0.001, dropout=0.5) epoca 12: train_loss=0.0889 val_loss=0.2650 val_BA=1.000 mejor_epoca=12
2026-09-27 00:47:27,015 INFO ICBHI/dn fold 2: config 17 (lr=0.001, dropout=0.5) epoca 17: train_loss=0.0009 val_loss=0.1385 val_BA=1.000 mejor_epoca=17
2026-09-27 00:47:34,089 INFO ICBHI/dn fold 2: config 17 (lr=0.001, dropout=0.5) epoca 20: train_loss=0.0846 val_loss=0.1011 val_BA=0.875 mejor_epoca=17
2026-09-27 00:47:56,228 INFO ICBHI/dn fold 2: config 17 (lr=0.001, dropout=0.5) epoca 30: train_loss=0.0518 val_loss=0.1371 val_BA=0.750 mejor_epoca=17
2026-09-27 00:48:00,685 INFO ICBHI/dn fold 2 config 17: OK val_BA=1.000 mejor_epoca=17 (1.2 min)
2026-09-27 00:48:02,901 INFO ICBHI/dn fold 2: config 18 (lr=0.001, dropout=0.5) epoca 1: train_loss=0.5009 val_loss=0.3625 val_BA=0.825 mejor_epoca=1
2026-09-27 00:48:08,823 INFO ICBHI/dn fold 2: config 18 (lr=0.001, dropout=0.5) epoca 4: train_loss=0.1838 val_loss=0.4794 val_BA=1.000 mejor_epoca=4
2026-09-27 00:48:20,529 INFO ICBHI/dn fold 2: config 18 (lr=0.001, dropout=0.5) epoca 10: train_loss=0.0223 val_loss=0.2129 val_BA=0.875 mejor_epoca=4
2026-09-27 00:48:39,940 INFO ICBHI/dn fold 2: config 18 (lr=0.001, dropout=0.5) epoca 20: train_loss=0.0009 val_loss=0.1444 val_BA=0.875 mejor_epoca=4
2026-09-27 00:48:39,964 INFO ICBHI/dn fold 2 config 18: OK val_BA=1.000 mejor_epoca=4 (0.7 min)
2026-09-27 00:48:42,170 INFO ICBHI/dn fold 2: config 19 (lr=0.001, dropout=0.5) epoca 1: train_loss=0.5088 val_loss=0.1956 val_BA=0.625 mejor_epoca=1
2026-09-27 00:48:44,115 INFO ICBHI/dn fold 2: config 19 (lr=0.001, dropout=0.5) epoca 2: train_loss=0.2346 val_loss=0.2224 val_BA=0.875 mejor_epoca=2
2026-09-27 00:48:47,984 INFO ICBHI/dn fold 2: config 19 (lr=0.001, dropout=0.5) epoca 4: train_loss=0.2115 val_loss=0.9293 val_BA=1.000 mejor_epoca=4
2026-09-27 00:48:55,747 INFO ICBHI/dn fold 2: config 19 (lr=0.001, dropout=0.5) epoca 8: train_loss=0.0913 val_loss=0.2962 val_BA=1.000 mejor_epoca=8
2026-09-27 00:48:59,644 INFO ICBHI/dn fold 2: config 19 (lr=0.001, dropout=0.5) epoca 10: train_loss=0.0235 val_loss=0.2823 val_BA=0.750 mejor_epoca=8
2026-09-27 00:49:01,605 INFO ICBHI/dn fold 2: config 19 (lr=0.001, dropout=0.5) epoca 11: train_loss=0.0514 val_loss=0.1879 val_BA=1.000 mejor_epoca=11
2026-09-27 00:49:19,180 INFO ICBHI/dn fold 2: config 19 (lr=0.001, dropout=0.5) epoca 20: train_loss=0.0025 val_loss=0.0649 val_BA=1.000 mejor_epoca=20
2026-09-27 00:49:38,754 INFO ICBHI/dn fold 2: config 19 (lr=0.001, dropout=0.5) epoca 30: train_loss=0.0074 val_loss=0.1448 val_BA=0.875 mejor_epoca=20
2026-09-27 00:49:48,795 INFO ICBHI/dn fold 2 config 19: OK val_BA=1.000 mejor_epoca=20 (1.1 min)
2026-09-27 00:49:49,322 INFO ICBHI/dn fold 3: log-mel dn listo en 0.5 s, forma (4715, 1, 64, 309)
2026-09-27 00:49:49,336 INFO ICBHI/dn fold 3: 58/14 pacientes train/validation, 20 de 20 configuracion(es) por evaluar
2026-09-27 00:49:53,052 INFO ICBHI/dn fold 3: config 0 (lr=0.0001, dropout=0.3) epoca 1: train_loss=0.4241 val_loss=0.3027 val_BA=0.825 mejor_epoca=1
2026-09-27 00:49:56,488 INFO ICBHI/dn fold 3: config 0 (lr=0.0001, dropout=0.3) epoca 2: train_loss=0.2251 val_loss=0.1364 val_BA=0.950 mejor_epoca=2
2026-09-27 00:49:59,999 INFO ICBHI/dn fold 3: config 0 (lr=0.0001, dropout=0.3) epoca 3: train_loss=0.1240 val_loss=0.1338 val_BA=0.950 mejor_epoca=3
2026-09-27 00:50:06,929 INFO ICBHI/dn fold 3: config 0 (lr=0.0001, dropout=0.3) epoca 5: train_loss=0.0652 val_loss=0.1024 val_BA=0.950 mejor_epoca=5
2026-09-27 00:50:24,082 INFO ICBHI/dn fold 3: config 0 (lr=0.0001, dropout=0.3) epoca 10: train_loss=0.0192 val_loss=0.1880 val_BA=0.825 mejor_epoca=5
2026-09-27 00:50:58,679 INFO ICBHI/dn fold 3: config 0 (lr=0.0001, dropout=0.3) epoca 20: train_loss=0.0448 val_loss=0.3035 val_BA=0.950 mejor_epoca=5
2026-09-27 00:50:58,701 INFO ICBHI/dn fold 3 config 0: OK val_BA=0.950 mejor_epoca=5 (1.2 min)
2026-09-27 00:51:01,138 INFO ICBHI/dn fold 3: config 1 (lr=0.0001, dropout=0.3) epoca 1: train_loss=0.5114 val_loss=0.6608 val_BA=0.800 mejor_epoca=1
2026-09-27 00:51:03,295 INFO ICBHI/dn fold 3: config 1 (lr=0.0001, dropout=0.3) epoca 2: train_loss=0.2769 val_loss=0.2899 val_BA=0.875 mejor_epoca=2
2026-09-27 00:51:07,615 INFO ICBHI/dn fold 3: config 1 (lr=0.0001, dropout=0.3) epoca 4: train_loss=0.1225 val_loss=0.3357 val_BA=0.950 mejor_epoca=4
2026-09-27 00:51:11,944 INFO ICBHI/dn fold 3: config 1 (lr=0.0001, dropout=0.3) epoca 6: train_loss=0.0585 val_loss=0.2434 val_BA=0.950 mejor_epoca=6
2026-09-27 00:51:16,261 INFO ICBHI/dn fold 3: config 1 (lr=0.0001, dropout=0.3) epoca 8: train_loss=0.0424 val_loss=0.2215 val_BA=0.950 mejor_epoca=8
2026-09-27 00:51:18,413 INFO ICBHI/dn fold 3: config 1 (lr=0.0001, dropout=0.3) epoca 9: train_loss=0.0458 val_loss=0.1705 val_BA=0.950 mejor_epoca=9
2026-09-27 00:51:20,557 INFO ICBHI/dn fold 3: config 1 (lr=0.0001, dropout=0.3) epoca 10: train_loss=0.0432 val_loss=0.2059 val_BA=0.825 mejor_epoca=9
2026-09-27 00:51:22,715 INFO ICBHI/dn fold 3: config 1 (lr=0.0001, dropout=0.3) epoca 11: train_loss=0.0305 val_loss=0.1461 val_BA=0.950 mejor_epoca=11
2026-09-27 00:51:24,870 INFO ICBHI/dn fold 3: config 1 (lr=0.0001, dropout=0.3) epoca 12: train_loss=0.0303 val_loss=0.1125 val_BA=1.000 mejor_epoca=12
2026-09-27 00:51:37,944 INFO ICBHI/dn fold 3: config 1 (lr=0.0001, dropout=0.3) epoca 18: train_loss=0.0097 val_loss=0.1039 val_BA=1.000 mejor_epoca=18
2026-09-27 00:51:42,347 INFO ICBHI/dn fold 3: config 1 (lr=0.0001, dropout=0.3) epoca 20: train_loss=0.0078 val_loss=0.1191 val_BA=1.000 mejor_epoca=18
2026-09-27 00:52:04,460 INFO ICBHI/dn fold 3: config 1 (lr=0.0001, dropout=0.3) epoca 30: train_loss=0.0037 val_loss=0.1498 val_BA=0.625 mejor_epoca=18
2026-09-27 00:52:10,939 INFO ICBHI/dn fold 3 config 1: OK val_BA=1.000 mejor_epoca=18 (1.2 min)
2026-09-27 00:52:13,760 INFO ICBHI/dn fold 3: config 2 (lr=0.0001, dropout=0.4) epoca 1: train_loss=0.4831 val_loss=0.3068 val_BA=0.825 mejor_epoca=1
2026-09-27 00:52:16,247 INFO ICBHI/dn fold 3: config 2 (lr=0.0001, dropout=0.4) epoca 2: train_loss=0.2103 val_loss=0.2587 val_BA=0.950 mejor_epoca=2
2026-09-27 00:52:21,183 INFO ICBHI/dn fold 3: config 2 (lr=0.0001, dropout=0.4) epoca 4: train_loss=0.0858 val_loss=0.1585 val_BA=0.950 mejor_epoca=4
2026-09-27 00:52:23,654 INFO ICBHI/dn fold 3: config 2 (lr=0.0001, dropout=0.4) epoca 5: train_loss=0.0644 val_loss=0.1107 val_BA=1.000 mejor_epoca=5
2026-09-27 00:52:35,899 INFO ICBHI/dn fold 3: config 2 (lr=0.0001, dropout=0.4) epoca 10: train_loss=0.0235 val_loss=0.1187 val_BA=0.950 mejor_epoca=5
2026-09-27 00:52:48,472 INFO ICBHI/dn fold 3: config 2 (lr=0.0001, dropout=0.4) epoca 15: train_loss=0.0084 val_loss=0.1022 val_BA=1.000 mejor_epoca=15
2026-09-27 00:53:00,687 INFO ICBHI/dn fold 3: config 2 (lr=0.0001, dropout=0.4) epoca 20: train_loss=0.0033 val_loss=0.2131 val_BA=0.875 mejor_epoca=15
2026-09-27 00:53:18,253 INFO ICBHI/dn fold 3: config 2 (lr=0.0001, dropout=0.4) epoca 27: train_loss=0.0044 val_loss=0.0715 val_BA=1.000 mejor_epoca=27
2026-09-27 00:53:25,688 INFO ICBHI/dn fold 3: config 2 (lr=0.0001, dropout=0.4) epoca 30: train_loss=0.0010 val_loss=0.2730 val_BA=0.950 mejor_epoca=27
2026-09-27 00:53:50,406 INFO ICBHI/dn fold 3: config 2 (lr=0.0001, dropout=0.4) epoca 40: train_loss=0.0004 val_loss=0.2538 val_BA=0.950 mejor_epoca=27
2026-09-27 00:53:55,289 INFO ICBHI/dn fold 3 config 2: OK val_BA=1.000 mejor_epoca=27 (1.7 min)
2026-09-27 00:53:58,931 INFO ICBHI/dn fold 3: config 3 (lr=0.0001, dropout=0.4) epoca 1: train_loss=0.4891 val_loss=0.4365 val_BA=0.950 mejor_epoca=1
2026-09-27 00:54:02,410 INFO ICBHI/dn fold 3: config 3 (lr=0.0001, dropout=0.4) epoca 2: train_loss=0.2651 val_loss=0.2254 val_BA=0.950 mejor_epoca=2
2026-09-27 00:54:09,338 INFO ICBHI/dn fold 3: config 3 (lr=0.0001, dropout=0.4) epoca 4: train_loss=0.1054 val_loss=0.1419 val_BA=0.950 mejor_epoca=4
2026-09-27 00:54:26,797 INFO ICBHI/dn fold 3: config 3 (lr=0.0001, dropout=0.4) epoca 9: train_loss=0.0133 val_loss=0.1405 val_BA=0.950 mejor_epoca=9
2026-09-27 00:54:30,274 INFO ICBHI/dn fold 3: config 3 (lr=0.0001, dropout=0.4) epoca 10: train_loss=0.0122 val_loss=0.1819 val_BA=0.825 mejor_epoca=9
2026-09-27 00:55:04,671 INFO ICBHI/dn fold 3: config 3 (lr=0.0001, dropout=0.4) epoca 20: train_loss=0.0349 val_loss=0.3305 val_BA=0.950 mejor_epoca=9
2026-09-27 00:55:18,523 INFO ICBHI/dn fold 3 config 3: OK val_BA=0.950 mejor_epoca=9 (1.4 min)
2026-09-27 00:55:21,219 INFO ICBHI/dn fold 3: config 4 (lr=0.0001, dropout=0.4) epoca 1: train_loss=0.4423 val_loss=1.0899 val_BA=0.700 mejor_epoca=1
2026-09-27 00:55:23,658 INFO ICBHI/dn fold 3: config 4 (lr=0.0001, dropout=0.4) epoca 2: train_loss=0.1973 val_loss=0.2927 val_BA=0.950 mejor_epoca=2
2026-09-27 00:55:31,343 INFO ICBHI/dn fold 3: config 4 (lr=0.0001, dropout=0.4) epoca 5: train_loss=0.0532 val_loss=0.1244 val_BA=0.950 mejor_epoca=5
2026-09-27 00:55:44,228 INFO ICBHI/dn fold 3: config 4 (lr=0.0001, dropout=0.4) epoca 10: train_loss=0.0273 val_loss=0.2443 val_BA=0.950 mejor_epoca=5
2026-09-27 00:55:59,270 INFO ICBHI/dn fold 3: config 4 (lr=0.0001, dropout=0.4) epoca 16: train_loss=0.0070 val_loss=0.1293 val_BA=1.000 mejor_epoca=16
2026-09-27 00:56:09,234 INFO ICBHI/dn fold 3: config 4 (lr=0.0001, dropout=0.4) epoca 20: train_loss=0.0036 val_loss=0.1072 val_BA=1.000 mejor_epoca=20
2026-09-27 00:56:34,047 INFO ICBHI/dn fold 3: config 4 (lr=0.0001, dropout=0.4) epoca 30: train_loss=0.0009 val_loss=0.2872 val_BA=0.950 mejor_epoca=20
2026-09-27 00:56:46,433 INFO ICBHI/dn fold 3 config 4: OK val_BA=1.000 mejor_epoca=20 (1.5 min)
2026-09-27 00:56:48,850 INFO ICBHI/dn fold 3: config 5 (lr=0.0001, dropout=0.4) epoca 1: train_loss=0.4376 val_loss=0.3889 val_BA=0.900 mejor_epoca=1
2026-09-27 00:56:51,030 INFO ICBHI/dn fold 3: config 5 (lr=0.0001, dropout=0.4) epoca 2: train_loss=0.1903 val_loss=0.2764 val_BA=0.950 mejor_epoca=2
2026-09-27 00:56:53,175 INFO ICBHI/dn fold 3: config 5 (lr=0.0001, dropout=0.4) epoca 3: train_loss=0.1251 val_loss=0.2127 val_BA=0.950 mejor_epoca=3
2026-09-27 00:56:59,557 INFO ICBHI/dn fold 3: config 5 (lr=0.0001, dropout=0.4) epoca 6: train_loss=0.0347 val_loss=0.1815 val_BA=0.950 mejor_epoca=6
2026-09-27 00:57:05,886 INFO ICBHI/dn fold 3: config 5 (lr=0.0001, dropout=0.4) epoca 9: train_loss=0.0238 val_loss=0.1429 val_BA=0.950 mejor_epoca=9
2026-09-27 00:57:08,030 INFO ICBHI/dn fold 3: config 5 (lr=0.0001, dropout=0.4) epoca 10: train_loss=0.0185 val_loss=0.2053 val_BA=0.950 mejor_epoca=9
2026-09-27 00:57:18,670 INFO ICBHI/dn fold 3: config 5 (lr=0.0001, dropout=0.4) epoca 15: train_loss=0.0122 val_loss=0.1222 val_BA=0.950 mejor_epoca=15
2026-09-27 00:57:29,226 INFO ICBHI/dn fold 3: config 5 (lr=0.0001, dropout=0.4) epoca 20: train_loss=0.0060 val_loss=0.1907 val_BA=0.950 mejor_epoca=15
2026-09-27 00:57:50,464 INFO ICBHI/dn fold 3: config 5 (lr=0.0001, dropout=0.4) epoca 30: train_loss=0.0022 val_loss=0.2065 val_BA=0.950 mejor_epoca=15
2026-09-27 00:57:50,487 INFO ICBHI/dn fold 3 config 5: OK val_BA=0.950 mejor_epoca=15 (1.1 min)
2026-09-27 00:57:54,402 INFO ICBHI/dn fold 3: config 6 (lr=0.0001, dropout=0.5) epoca 1: train_loss=0.4692 val_loss=0.3955 val_BA=0.825 mejor_epoca=1
2026-09-27 00:57:57,916 INFO ICBHI/dn fold 3: config 6 (lr=0.0001, dropout=0.5) epoca 2: train_loss=0.2707 val_loss=0.1213 val_BA=0.950 mejor_epoca=2
2026-09-27 00:58:25,300 INFO ICBHI/dn fold 3: config 6 (lr=0.0001, dropout=0.5) epoca 10: train_loss=0.0383 val_loss=0.1258 val_BA=0.950 mejor_epoca=2
2026-09-27 00:58:35,588 INFO ICBHI/dn fold 3: config 6 (lr=0.0001, dropout=0.5) epoca 13: train_loss=0.0395 val_loss=0.1512 val_BA=1.000 mejor_epoca=13
2026-09-27 00:58:59,403 INFO ICBHI/dn fold 3: config 6 (lr=0.0001, dropout=0.5) epoca 20: train_loss=0.0352 val_loss=0.5424 val_BA=0.950 mejor_epoca=13
2026-09-27 00:59:27,316 INFO ICBHI/dn fold 3 config 6: OK val_BA=1.000 mejor_epoca=13 (1.6 min)
2026-09-27 00:59:29,731 INFO ICBHI/dn fold 3: config 7 (lr=0.0001, dropout=0.5) epoca 1: train_loss=0.4724 val_loss=0.4535 val_BA=0.775 mejor_epoca=1
2026-09-27 00:59:31,926 INFO ICBHI/dn fold 3: config 7 (lr=0.0001, dropout=0.5) epoca 2: train_loss=0.2392 val_loss=0.4733 val_BA=0.850 mejor_epoca=2
2026-09-27 00:59:34,089 INFO ICBHI/dn fold 3: config 7 (lr=0.0001, dropout=0.5) epoca 3: train_loss=0.1553 val_loss=0.2840 val_BA=0.950 mejor_epoca=3
2026-09-27 00:59:38,402 INFO ICBHI/dn fold 3: config 7 (lr=0.0001, dropout=0.5) epoca 5: train_loss=0.0698 val_loss=0.2627 val_BA=0.950 mejor_epoca=5
2026-09-27 00:59:40,559 INFO ICBHI/dn fold 3: config 7 (lr=0.0001, dropout=0.5) epoca 6: train_loss=0.0480 val_loss=0.2602 val_BA=0.950 mejor_epoca=6
2026-09-27 00:59:42,691 INFO ICBHI/dn fold 3: config 7 (lr=0.0001, dropout=0.5) epoca 7: train_loss=0.0433 val_loss=0.1449 val_BA=0.950 mejor_epoca=7
2026-09-27 00:59:49,086 INFO ICBHI/dn fold 3: config 7 (lr=0.0001, dropout=0.5) epoca 10: train_loss=0.0257 val_loss=0.1862 val_BA=0.950 mejor_epoca=7
2026-09-27 00:59:55,564 INFO ICBHI/dn fold 3: config 7 (lr=0.0001, dropout=0.5) epoca 13: train_loss=0.0163 val_loss=0.1378 val_BA=0.950 mejor_epoca=13
2026-09-27 00:59:57,707 INFO ICBHI/dn fold 3: config 7 (lr=0.0001, dropout=0.5) epoca 14: train_loss=0.0136 val_loss=0.1344 val_BA=0.950 mejor_epoca=14
2026-09-27 01:00:04,209 INFO ICBHI/dn fold 3: config 7 (lr=0.0001, dropout=0.5) epoca 17: train_loss=0.0082 val_loss=0.0878 val_BA=0.950 mejor_epoca=17
2026-09-27 01:00:10,732 INFO ICBHI/dn fold 3: config 7 (lr=0.0001, dropout=0.5) epoca 20: train_loss=0.0457 val_loss=0.2086 val_BA=0.950 mejor_epoca=17
2026-09-27 01:00:15,065 INFO ICBHI/dn fold 3: config 7 (lr=0.0001, dropout=0.5) epoca 22: train_loss=0.0051 val_loss=0.0984 val_BA=1.000 mejor_epoca=22
2026-09-27 01:00:19,400 INFO ICBHI/dn fold 3: config 7 (lr=0.0001, dropout=0.5) epoca 24: train_loss=0.0043 val_loss=0.0977 val_BA=1.000 mejor_epoca=24
2026-09-27 01:00:32,401 INFO ICBHI/dn fold 3: config 7 (lr=0.0001, dropout=0.5) epoca 30: train_loss=0.0583 val_loss=0.2019 val_BA=0.950 mejor_epoca=24
2026-09-27 01:00:38,920 INFO ICBHI/dn fold 3: config 7 (lr=0.0001, dropout=0.5) epoca 33: train_loss=0.0046 val_loss=0.0834 val_BA=1.000 mejor_epoca=33
2026-09-27 01:00:54,223 INFO ICBHI/dn fold 3: config 7 (lr=0.0001, dropout=0.5) epoca 40: train_loss=0.0018 val_loss=0.1621 val_BA=0.950 mejor_epoca=33
2026-09-27 01:01:11,584 INFO ICBHI/dn fold 3 config 7: OK val_BA=1.000 mejor_epoca=33 (1.7 min)
2026-09-27 01:01:14,015 INFO ICBHI/dn fold 3: config 8 (lr=0.0003, dropout=0.3) epoca 1: train_loss=0.3703 val_loss=0.1852 val_BA=0.825 mejor_epoca=1
2026-09-27 01:01:16,175 INFO ICBHI/dn fold 3: config 8 (lr=0.0003, dropout=0.3) epoca 2: train_loss=0.1659 val_loss=0.1486 val_BA=0.950 mejor_epoca=2
2026-09-27 01:01:24,914 INFO ICBHI/dn fold 3: config 8 (lr=0.0003, dropout=0.3) epoca 6: train_loss=0.0198 val_loss=0.0562 val_BA=1.000 mejor_epoca=6
2026-09-27 01:01:33,471 INFO ICBHI/dn fold 3: config 8 (lr=0.0003, dropout=0.3) epoca 10: train_loss=0.0244 val_loss=0.1709 val_BA=0.950 mejor_epoca=6
2026-09-27 01:01:54,906 INFO ICBHI/dn fold 3: config 8 (lr=0.0003, dropout=0.3) epoca 20: train_loss=0.1132 val_loss=0.0905 val_BA=0.875 mejor_epoca=6
2026-09-27 01:01:57,083 INFO ICBHI/dn fold 3 config 8: OK val_BA=1.000 mejor_epoca=6 (0.8 min)
2026-09-27 01:01:59,900 INFO ICBHI/dn fold 3: config 9 (lr=0.0003, dropout=0.4) epoca 1: train_loss=0.3978 val_loss=0.2935 val_BA=0.950 mejor_epoca=1
2026-09-27 01:02:02,443 INFO ICBHI/dn fold 3: config 9 (lr=0.0003, dropout=0.4) epoca 2: train_loss=0.1989 val_loss=0.2510 val_BA=0.950 mejor_epoca=2
2026-09-27 01:02:10,104 INFO ICBHI/dn fold 3: config 9 (lr=0.0003, dropout=0.4) epoca 5: train_loss=0.0664 val_loss=0.1096 val_BA=0.950 mejor_epoca=5
2026-09-27 01:02:22,590 INFO ICBHI/dn fold 3: config 9 (lr=0.0003, dropout=0.4) epoca 10: train_loss=0.0176 val_loss=0.1379 val_BA=0.950 mejor_epoca=5
2026-09-27 01:02:30,360 INFO ICBHI/dn fold 3: config 9 (lr=0.0003, dropout=0.4) epoca 13: train_loss=0.0303 val_loss=0.0784 val_BA=0.950 mejor_epoca=13
2026-09-27 01:02:42,937 INFO ICBHI/dn fold 3: config 9 (lr=0.0003, dropout=0.4) epoca 18: train_loss=0.0023 val_loss=0.0401 val_BA=1.000 mejor_epoca=18
2026-09-27 01:02:47,915 INFO ICBHI/dn fold 3: config 9 (lr=0.0003, dropout=0.4) epoca 20: train_loss=0.1524 val_loss=0.2730 val_BA=0.950 mejor_epoca=18
2026-09-27 01:03:13,063 INFO ICBHI/dn fold 3: config 9 (lr=0.0003, dropout=0.4) epoca 30: train_loss=0.0002 val_loss=0.2766 val_BA=0.950 mejor_epoca=18
2026-09-27 01:03:20,479 INFO ICBHI/dn fold 3 config 9: OK val_BA=1.000 mejor_epoca=18 (1.4 min)
2026-09-27 01:03:24,228 INFO ICBHI/dn fold 3: config 10 (lr=0.0003, dropout=0.4) epoca 1: train_loss=0.6129 val_loss=0.1759 val_BA=0.950 mejor_epoca=1
2026-09-27 01:03:37,985 INFO ICBHI/dn fold 3: config 10 (lr=0.0003, dropout=0.4) epoca 5: train_loss=0.1951 val_loss=0.1481 val_BA=0.950 mejor_epoca=5
2026-09-27 01:03:55,452 INFO ICBHI/dn fold 3: config 10 (lr=0.0003, dropout=0.4) epoca 10: train_loss=0.1292 val_loss=0.2436 val_BA=0.950 mejor_epoca=5
2026-09-27 01:04:30,769 INFO ICBHI/dn fold 3: config 10 (lr=0.0003, dropout=0.4) epoca 20: train_loss=0.0885 val_loss=0.2806 val_BA=0.950 mejor_epoca=5
2026-09-27 01:04:30,792 INFO ICBHI/dn fold 3 config 10: OK val_BA=0.950 mejor_epoca=5 (1.2 min)
2026-09-27 01:04:33,232 INFO ICBHI/dn fold 3: config 11 (lr=0.0003, dropout=0.5) epoca 1: train_loss=0.5252 val_loss=0.2093 val_BA=0.700 mejor_epoca=1
2026-09-27 01:04:35,363 INFO ICBHI/dn fold 3: config 11 (lr=0.0003, dropout=0.5) epoca 2: train_loss=0.2152 val_loss=0.3334 val_BA=0.950 mejor_epoca=2
2026-09-27 01:04:37,484 INFO ICBHI/dn fold 3: config 11 (lr=0.0003, dropout=0.5) epoca 3: train_loss=0.1145 val_loss=0.1066 val_BA=0.950 mejor_epoca=3
2026-09-27 01:04:43,913 INFO ICBHI/dn fold 3: config 11 (lr=0.0003, dropout=0.5) epoca 6: train_loss=0.0933 val_loss=0.0612 val_BA=1.000 mejor_epoca=6
2026-09-27 01:04:52,558 INFO ICBHI/dn fold 3: config 11 (lr=0.0003, dropout=0.5) epoca 10: train_loss=0.0085 val_loss=0.2301 val_BA=0.950 mejor_epoca=6
2026-09-27 01:05:14,054 INFO ICBHI/dn fold 3: config 11 (lr=0.0003, dropout=0.5) epoca 20: train_loss=0.0330 val_loss=0.2242 val_BA=0.950 mejor_epoca=6
2026-09-27 01:05:16,230 INFO ICBHI/dn fold 3 config 11: OK val_BA=1.000 mejor_epoca=6 (0.8 min)
2026-09-27 01:05:19,043 INFO ICBHI/dn fold 3: config 12 (lr=0.0003, dropout=0.5) epoca 1: train_loss=0.4750 val_loss=0.1662 val_BA=0.825 mejor_epoca=1
2026-09-27 01:05:21,539 INFO ICBHI/dn fold 3: config 12 (lr=0.0003, dropout=0.5) epoca 2: train_loss=0.2252 val_loss=0.1346 val_BA=0.950 mejor_epoca=2
2026-09-27 01:05:23,991 INFO ICBHI/dn fold 3: config 12 (lr=0.0003, dropout=0.5) epoca 3: train_loss=0.1622 val_loss=0.0610 val_BA=1.000 mejor_epoca=3
2026-09-27 01:05:33,882 INFO ICBHI/dn fold 3: config 12 (lr=0.0003, dropout=0.5) epoca 7: train_loss=0.0505 val_loss=0.0523 val_BA=1.000 mejor_epoca=7
2026-09-27 01:05:41,416 INFO ICBHI/dn fold 3: config 12 (lr=0.0003, dropout=0.5) epoca 10: train_loss=0.0546 val_loss=0.1875 val_BA=0.950 mejor_epoca=7
2026-09-27 01:06:06,470 INFO ICBHI/dn fold 3: config 12 (lr=0.0003, dropout=0.5) epoca 20: train_loss=0.0303 val_loss=0.2560 val_BA=0.950 mejor_epoca=7
2026-09-27 01:06:11,478 INFO ICBHI/dn fold 3 config 12: OK val_BA=1.000 mejor_epoca=7 (0.9 min)
2026-09-27 01:06:15,194 INFO ICBHI/dn fold 3: config 13 (lr=0.001, dropout=0.2) epoca 1: train_loss=0.6283 val_loss=0.2706 val_BA=0.750 mejor_epoca=1
2026-09-27 01:06:25,775 INFO ICBHI/dn fold 3: config 13 (lr=0.001, dropout=0.2) epoca 4: train_loss=0.4167 val_loss=0.1830 val_BA=0.900 mejor_epoca=4
2026-09-27 01:06:32,752 INFO ICBHI/dn fold 3: config 13 (lr=0.001, dropout=0.2) epoca 6: train_loss=0.3572 val_loss=0.1263 val_BA=0.950 mejor_epoca=6
2026-09-27 01:06:39,819 INFO ICBHI/dn fold 3: config 13 (lr=0.001, dropout=0.2) epoca 8: train_loss=0.2027 val_loss=0.0345 val_BA=1.000 mejor_epoca=8
2026-09-27 01:06:47,057 INFO ICBHI/dn fold 3: config 13 (lr=0.001, dropout=0.2) epoca 10: train_loss=0.1973 val_loss=0.1597 val_BA=0.950 mejor_epoca=8
2026-09-27 01:07:22,228 INFO ICBHI/dn fold 3: config 13 (lr=0.001, dropout=0.2) epoca 20: train_loss=0.0743 val_loss=0.1810 val_BA=0.950 mejor_epoca=8
2026-09-27 01:07:32,908 INFO ICBHI/dn fold 3 config 13: OK val_BA=1.000 mejor_epoca=8 (1.4 min)
2026-09-27 01:07:35,382 INFO ICBHI/dn fold 3: config 14 (lr=0.001, dropout=0.3) epoca 1: train_loss=0.5330 val_loss=0.7138 val_BA=0.600 mejor_epoca=1
2026-09-27 01:07:37,548 INFO ICBHI/dn fold 3: config 14 (lr=0.001, dropout=0.3) epoca 2: train_loss=0.3399 val_loss=0.1826 val_BA=0.625 mejor_epoca=2
2026-09-27 01:07:39,735 INFO ICBHI/dn fold 3: config 14 (lr=0.001, dropout=0.3) epoca 3: train_loss=0.2695 val_loss=0.1863 val_BA=0.950 mejor_epoca=3
2026-09-27 01:07:50,718 INFO ICBHI/dn fold 3: config 14 (lr=0.001, dropout=0.3) epoca 8: train_loss=0.0781 val_loss=0.1828 val_BA=0.950 mejor_epoca=8
2026-09-27 01:07:52,909 INFO ICBHI/dn fold 3: config 14 (lr=0.001, dropout=0.3) epoca 9: train_loss=0.1114 val_loss=0.1417 val_BA=0.950 mejor_epoca=9
2026-09-27 01:07:55,105 INFO ICBHI/dn fold 3: config 14 (lr=0.001, dropout=0.3) epoca 10: train_loss=0.0146 val_loss=0.2057 val_BA=0.950 mejor_epoca=9
2026-09-27 01:08:16,932 INFO ICBHI/dn fold 3: config 14 (lr=0.001, dropout=0.3) epoca 20: train_loss=0.1154 val_loss=0.0971 val_BA=0.875 mejor_epoca=9
2026-09-27 01:08:25,652 INFO ICBHI/dn fold 3 config 14: OK val_BA=0.950 mejor_epoca=9 (0.9 min)
2026-09-27 01:08:28,446 INFO ICBHI/dn fold 3: config 15 (lr=0.001, dropout=0.3) epoca 1: train_loss=0.4804 val_loss=0.1644 val_BA=0.825 mejor_epoca=1
2026-09-27 01:08:30,935 INFO ICBHI/dn fold 3: config 15 (lr=0.001, dropout=0.3) epoca 2: train_loss=0.3241 val_loss=0.1637 val_BA=0.825 mejor_epoca=2
2026-09-27 01:08:33,434 INFO ICBHI/dn fold 3: config 15 (lr=0.001, dropout=0.3) epoca 3: train_loss=0.2820 val_loss=0.2268 val_BA=0.950 mejor_epoca=3
2026-09-27 01:08:35,905 INFO ICBHI/dn fold 3: config 15 (lr=0.001, dropout=0.3) epoca 4: train_loss=0.2855 val_loss=0.1174 val_BA=0.950 mejor_epoca=4
2026-09-27 01:08:51,139 INFO ICBHI/dn fold 3: config 15 (lr=0.001, dropout=0.3) epoca 10: train_loss=0.0742 val_loss=0.2553 val_BA=0.825 mejor_epoca=4
2026-09-27 01:09:16,381 INFO ICBHI/dn fold 3: config 15 (lr=0.001, dropout=0.3) epoca 20: train_loss=0.0055 val_loss=0.4250 val_BA=0.950 mejor_epoca=4
2026-09-27 01:09:16,404 INFO ICBHI/dn fold 3 config 15: OK val_BA=0.950 mejor_epoca=4 (0.8 min)
2026-09-27 01:09:20,223 INFO ICBHI/dn fold 3: config 16 (lr=0.001, dropout=0.4) epoca 1: train_loss=0.8070 val_loss=0.2777 val_BA=0.500 mejor_epoca=1
2026-09-27 01:09:23,889 INFO ICBHI/dn fold 3: config 16 (lr=0.001, dropout=0.4) epoca 2: train_loss=0.7954 val_loss=0.2887 val_BA=0.775 mejor_epoca=2
2026-09-27 01:09:27,539 INFO ICBHI/dn fold 3: config 16 (lr=0.001, dropout=0.4) epoca 3: train_loss=0.4507 val_loss=0.2554 val_BA=0.900 mejor_epoca=3
2026-09-27 01:09:31,244 INFO ICBHI/dn fold 3: config 16 (lr=0.001, dropout=0.4) epoca 4: train_loss=0.3368 val_loss=0.2459 val_BA=0.950 mejor_epoca=4
2026-09-27 01:09:42,142 INFO ICBHI/dn fold 3: config 16 (lr=0.001, dropout=0.4) epoca 7: train_loss=0.2547 val_loss=0.1279 val_BA=0.950 mejor_epoca=7
2026-09-27 01:09:53,065 INFO ICBHI/dn fold 3: config 16 (lr=0.001, dropout=0.4) epoca 10: train_loss=0.1163 val_loss=0.1111 val_BA=0.950 mejor_epoca=10
2026-09-27 01:10:29,167 INFO ICBHI/dn fold 3: config 16 (lr=0.001, dropout=0.4) epoca 20: train_loss=0.0746 val_loss=0.2796 val_BA=0.950 mejor_epoca=10
2026-09-27 01:10:32,723 INFO ICBHI/dn fold 3: config 16 (lr=0.001, dropout=0.4) epoca 21: train_loss=0.0645 val_loss=0.1054 val_BA=1.000 mejor_epoca=21
2026-09-27 01:11:05,444 INFO ICBHI/dn fold 3: config 16 (lr=0.001, dropout=0.4) epoca 30: train_loss=0.0833 val_loss=0.2102 val_BA=0.950 mejor_epoca=21
2026-09-27 01:11:27,486 INFO ICBHI/dn fold 3 config 16: OK val_BA=1.000 mejor_epoca=21 (2.2 min)
2026-09-27 01:11:30,278 INFO ICBHI/dn fold 3: config 17 (lr=0.001, dropout=0.5) epoca 1: train_loss=0.7026 val_loss=0.4759 val_BA=0.625 mejor_epoca=1
2026-09-27 01:11:32,781 INFO ICBHI/dn fold 3: config 17 (lr=0.001, dropout=0.5) epoca 2: train_loss=0.5124 val_loss=1.0942 val_BA=0.700 mejor_epoca=2
2026-09-27 01:11:35,428 INFO ICBHI/dn fold 3: config 17 (lr=0.001, dropout=0.5) epoca 3: train_loss=0.3531 val_loss=0.1485 val_BA=0.750 mejor_epoca=3
2026-09-27 01:11:37,927 INFO ICBHI/dn fold 3: config 17 (lr=0.001, dropout=0.5) epoca 4: train_loss=0.2328 val_loss=0.1763 val_BA=0.825 mejor_epoca=4
2026-09-27 01:11:45,418 INFO ICBHI/dn fold 3: config 17 (lr=0.001, dropout=0.5) epoca 7: train_loss=0.2047 val_loss=0.2003 val_BA=0.950 mejor_epoca=7
2026-09-27 01:11:47,881 INFO ICBHI/dn fold 3: config 17 (lr=0.001, dropout=0.5) epoca 8: train_loss=0.1209 val_loss=0.1930 val_BA=0.950 mejor_epoca=8
2026-09-27 01:11:53,079 INFO ICBHI/dn fold 3: config 17 (lr=0.001, dropout=0.5) epoca 10: train_loss=0.1773 val_loss=0.2654 val_BA=0.825 mejor_epoca=8
2026-09-27 01:11:55,667 INFO ICBHI/dn fold 3: config 17 (lr=0.001, dropout=0.5) epoca 11: train_loss=0.1482 val_loss=0.1324 val_BA=0.950 mejor_epoca=11
2026-09-27 01:12:18,456 INFO ICBHI/dn fold 3: config 17 (lr=0.001, dropout=0.5) epoca 20: train_loss=0.0686 val_loss=0.3647 val_BA=0.850 mejor_epoca=11
2026-09-27 01:12:33,554 INFO ICBHI/dn fold 3 config 17: OK val_BA=0.950 mejor_epoca=11 (1.1 min)
2026-09-27 01:12:36,049 INFO ICBHI/dn fold 3: config 18 (lr=0.001, dropout=0.5) epoca 1: train_loss=0.5627 val_loss=0.2212 val_BA=0.450 mejor_epoca=1
2026-09-27 01:12:38,240 INFO ICBHI/dn fold 3: config 18 (lr=0.001, dropout=0.5) epoca 2: train_loss=0.4177 val_loss=0.4072 val_BA=0.775 mejor_epoca=2
2026-09-27 01:12:40,455 INFO ICBHI/dn fold 3: config 18 (lr=0.001, dropout=0.5) epoca 3: train_loss=0.3575 val_loss=0.3120 val_BA=0.800 mejor_epoca=3
2026-09-27 01:12:42,690 INFO ICBHI/dn fold 3: config 18 (lr=0.001, dropout=0.5) epoca 4: train_loss=0.2455 val_loss=0.2058 val_BA=0.900 mejor_epoca=4
2026-09-27 01:12:56,100 INFO ICBHI/dn fold 3: config 18 (lr=0.001, dropout=0.5) epoca 10: train_loss=0.1169 val_loss=0.1963 val_BA=0.825 mejor_epoca=4
2026-09-27 01:13:00,468 INFO ICBHI/dn fold 3: config 18 (lr=0.001, dropout=0.5) epoca 12: train_loss=0.0637 val_loss=0.1926 val_BA=0.900 mejor_epoca=12
2026-09-27 01:13:15,664 INFO ICBHI/dn fold 3: config 18 (lr=0.001, dropout=0.5) epoca 19: train_loss=0.0276 val_loss=0.1001 val_BA=0.950 mejor_epoca=19
2026-09-27 01:13:17,811 INFO ICBHI/dn fold 3: config 18 (lr=0.001, dropout=0.5) epoca 20: train_loss=0.0735 val_loss=0.1358 val_BA=0.825 mejor_epoca=19
2026-09-27 01:13:22,152 INFO ICBHI/dn fold 3: config 18 (lr=0.001, dropout=0.5) epoca 22: train_loss=0.0336 val_loss=0.0725 val_BA=1.000 mejor_epoca=22
2026-09-27 01:13:39,608 INFO ICBHI/dn fold 3: config 18 (lr=0.001, dropout=0.5) epoca 30: train_loss=0.0303 val_loss=0.1950 val_BA=0.825 mejor_epoca=22
2026-09-27 01:13:54,744 INFO ICBHI/dn fold 3: config 18 (lr=0.001, dropout=0.5) epoca 37: train_loss=0.0341 val_loss=0.0629 val_BA=1.000 mejor_epoca=37
2026-09-27 01:14:01,268 INFO ICBHI/dn fold 3: config 18 (lr=0.001, dropout=0.5) epoca 40: train_loss=0.0006 val_loss=0.1732 val_BA=0.875 mejor_epoca=37
2026-09-27 01:14:22,936 INFO ICBHI/dn fold 3: config 18 (lr=0.001, dropout=0.5) epoca 50: train_loss=0.0002 val_loss=0.2042 val_BA=0.875 mejor_epoca=37
2026-09-27 01:14:27,320 INFO ICBHI/dn fold 3 config 18: OK val_BA=1.000 mejor_epoca=37 (1.9 min)
2026-09-27 01:14:29,781 INFO ICBHI/dn fold 3: config 19 (lr=0.001, dropout=0.5) epoca 1: train_loss=0.4596 val_loss=0.2058 val_BA=0.950 mejor_epoca=1
2026-09-27 01:14:31,969 INFO ICBHI/dn fold 3: config 19 (lr=0.001, dropout=0.5) epoca 2: train_loss=0.3063 val_loss=0.1784 val_BA=0.950 mejor_epoca=2
2026-09-27 01:14:34,169 INFO ICBHI/dn fold 3: config 19 (lr=0.001, dropout=0.5) epoca 3: train_loss=0.1992 val_loss=0.0464 val_BA=1.000 mejor_epoca=3
2026-09-27 01:14:49,496 INFO ICBHI/dn fold 3: config 19 (lr=0.001, dropout=0.5) epoca 10: train_loss=0.0370 val_loss=0.2855 val_BA=0.825 mejor_epoca=3
2026-09-27 01:15:11,302 INFO ICBHI/dn fold 3: config 19 (lr=0.001, dropout=0.5) epoca 20: train_loss=0.0192 val_loss=0.1505 val_BA=0.875 mejor_epoca=3
2026-09-27 01:15:11,325 INFO ICBHI/dn fold 3 config 19: OK val_BA=1.000 mejor_epoca=3 (0.7 min)
2026-09-27 01:15:11,838 INFO ICBHI/dn fold 4: log-mel dn listo en 0.5 s, forma (4715, 1, 64, 309)
2026-09-27 01:15:11,851 INFO ICBHI/dn fold 4: 58/14 pacientes train/validation, 20 de 20 configuracion(es) por evaluar
2026-09-27 01:15:15,311 INFO ICBHI/dn fold 4: config 0 (lr=0.0001, dropout=0.3) epoca 1: train_loss=0.4457 val_loss=0.3880 val_BA=0.875 mejor_epoca=1
2026-09-27 01:15:18,333 INFO ICBHI/dn fold 4: config 0 (lr=0.0001, dropout=0.3) epoca 2: train_loss=0.1917 val_loss=0.2367 val_BA=0.875 mejor_epoca=2
2026-09-27 01:15:21,517 INFO ICBHI/dn fold 4: config 0 (lr=0.0001, dropout=0.3) epoca 3: train_loss=0.1261 val_loss=0.1552 val_BA=0.875 mejor_epoca=3
2026-09-27 01:15:24,596 INFO ICBHI/dn fold 4: config 0 (lr=0.0001, dropout=0.3) epoca 4: train_loss=0.0636 val_loss=0.0854 val_BA=0.875 mejor_epoca=4
2026-09-27 01:15:27,680 INFO ICBHI/dn fold 4: config 0 (lr=0.0001, dropout=0.3) epoca 5: train_loss=0.0677 val_loss=0.1385 val_BA=1.000 mejor_epoca=5
2026-09-27 01:15:36,992 INFO ICBHI/dn fold 4: config 0 (lr=0.0001, dropout=0.3) epoca 8: train_loss=0.0283 val_loss=0.0400 val_BA=1.000 mejor_epoca=8
2026-09-27 01:15:43,479 INFO ICBHI/dn fold 4: config 0 (lr=0.0001, dropout=0.3) epoca 10: train_loss=0.0243 val_loss=0.0627 val_BA=0.750 mejor_epoca=8
2026-09-27 01:16:14,256 INFO ICBHI/dn fold 4: config 0 (lr=0.0001, dropout=0.3) epoca 20: train_loss=0.0492 val_loss=0.0452 val_BA=1.000 mejor_epoca=8
2026-09-27 01:16:20,398 INFO ICBHI/dn fold 4: config 0 (lr=0.0001, dropout=0.3) epoca 22: train_loss=0.0864 val_loss=0.0388 val_BA=1.000 mejor_epoca=22
2026-09-27 01:16:45,292 INFO ICBHI/dn fold 4: config 0 (lr=0.0001, dropout=0.3) epoca 30: train_loss=0.0186 val_loss=0.4428 val_BA=1.000 mejor_epoca=22
2026-09-27 01:17:06,640 INFO ICBHI/dn fold 4 config 0: OK val_BA=1.000 mejor_epoca=22 (1.9 min)
2026-09-27 01:17:08,828 INFO ICBHI/dn fold 4: config 1 (lr=0.0001, dropout=0.3) epoca 1: train_loss=0.4694 val_loss=0.4776 val_BA=0.825 mejor_epoca=1
2026-09-27 01:17:10,767 INFO ICBHI/dn fold 4: config 1 (lr=0.0001, dropout=0.3) epoca 2: train_loss=0.2402 val_loss=0.3356 val_BA=0.875 mejor_epoca=2
2026-09-27 01:17:14,650 INFO ICBHI/dn fold 4: config 1 (lr=0.0001, dropout=0.3) epoca 4: train_loss=0.0938 val_loss=0.2615 val_BA=0.875 mejor_epoca=4
2026-09-27 01:17:16,630 INFO ICBHI/dn fold 4: config 1 (lr=0.0001, dropout=0.3) epoca 5: train_loss=0.0741 val_loss=0.3718 val_BA=1.000 mejor_epoca=5
2026-09-27 01:17:24,510 INFO ICBHI/dn fold 4: config 1 (lr=0.0001, dropout=0.3) epoca 9: train_loss=0.0331 val_loss=0.1593 val_BA=1.000 mejor_epoca=9
2026-09-27 01:17:26,435 INFO ICBHI/dn fold 4: config 1 (lr=0.0001, dropout=0.3) epoca 10: train_loss=0.0278 val_loss=0.1402 val_BA=0.750 mejor_epoca=9
2026-09-27 01:17:45,894 INFO ICBHI/dn fold 4: config 1 (lr=0.0001, dropout=0.3) epoca 20: train_loss=0.0100 val_loss=0.1265 val_BA=0.750 mejor_epoca=9
2026-09-27 01:17:53,779 INFO ICBHI/dn fold 4 config 1: OK val_BA=1.000 mejor_epoca=9 (0.8 min)
2026-09-27 01:17:56,258 INFO ICBHI/dn fold 4: config 2 (lr=0.0001, dropout=0.4) epoca 1: train_loss=0.4696 val_loss=0.3029 val_BA=0.875 mejor_epoca=1
2026-09-27 01:17:58,458 INFO ICBHI/dn fold 4: config 2 (lr=0.0001, dropout=0.4) epoca 2: train_loss=0.2118 val_loss=0.5589 val_BA=1.000 mejor_epoca=2
2026-09-27 01:18:00,759 INFO ICBHI/dn fold 4: config 2 (lr=0.0001, dropout=0.4) epoca 3: train_loss=0.1357 val_loss=0.3048 val_BA=1.000 mejor_epoca=3
2026-09-27 01:18:05,318 INFO ICBHI/dn fold 4: config 2 (lr=0.0001, dropout=0.4) epoca 5: train_loss=0.0543 val_loss=0.1309 val_BA=1.000 mejor_epoca=5
2026-09-27 01:18:16,393 INFO ICBHI/dn fold 4: config 2 (lr=0.0001, dropout=0.4) epoca 10: train_loss=0.0112 val_loss=0.0832 val_BA=0.750 mejor_epoca=5
2026-09-27 01:18:38,710 INFO ICBHI/dn fold 4: config 2 (lr=0.0001, dropout=0.4) epoca 20: train_loss=0.0241 val_loss=0.0810 val_BA=0.750 mejor_epoca=5
2026-09-27 01:18:38,733 INFO ICBHI/dn fold 4 config 2: OK val_BA=1.000 mejor_epoca=5 (0.7 min)
2026-09-27 01:18:42,070 INFO ICBHI/dn fold 4: config 3 (lr=0.0001, dropout=0.4) epoca 1: train_loss=0.5075 val_loss=0.7849 val_BA=0.800 mejor_epoca=1
2026-09-27 01:18:48,513 INFO ICBHI/dn fold 4: config 3 (lr=0.0001, dropout=0.4) epoca 3: train_loss=0.1467 val_loss=0.1686 val_BA=1.000 mejor_epoca=3
2026-09-27 01:18:51,673 INFO ICBHI/dn fold 4: config 3 (lr=0.0001, dropout=0.4) epoca 4: train_loss=0.1062 val_loss=0.1100 val_BA=1.000 mejor_epoca=4
2026-09-27 01:19:10,255 INFO ICBHI/dn fold 4: config 3 (lr=0.0001, dropout=0.4) epoca 10: train_loss=0.0152 val_loss=0.0399 val_BA=0.875 mejor_epoca=4
2026-09-27 01:19:41,182 INFO ICBHI/dn fold 4: config 3 (lr=0.0001, dropout=0.4) epoca 20: train_loss=0.0639 val_loss=0.0710 val_BA=1.000 mejor_epoca=20
2026-09-27 01:19:44,306 INFO ICBHI/dn fold 4: config 3 (lr=0.0001, dropout=0.4) epoca 21: train_loss=0.0106 val_loss=0.0537 val_BA=1.000 mejor_epoca=21
2026-09-27 01:20:12,342 INFO ICBHI/dn fold 4: config 3 (lr=0.0001, dropout=0.4) epoca 30: train_loss=0.0215 val_loss=0.1488 val_BA=0.875 mejor_epoca=21
2026-09-27 01:20:25,217 INFO ICBHI/dn fold 4: config 3 (lr=0.0001, dropout=0.4) epoca 34: train_loss=0.0003 val_loss=0.0463 val_BA=1.000 mejor_epoca=34
2026-09-27 01:20:43,903 INFO ICBHI/dn fold 4: config 3 (lr=0.0001, dropout=0.4) epoca 40: train_loss=0.0002 val_loss=0.0824 val_BA=0.875 mejor_epoca=34
2026-09-27 01:21:02,060 INFO ICBHI/dn fold 4: config 3 (lr=0.0001, dropout=0.4) epoca 46: train_loss=0.0386 val_loss=0.0273 val_BA=1.000 mejor_epoca=46
2026-09-27 01:21:14,650 INFO ICBHI/dn fold 4: config 3 (lr=0.0001, dropout=0.4) epoca 50: train_loss=0.0197 val_loss=0.2352 val_BA=0.875 mejor_epoca=46
2026-09-27 01:21:45,018 INFO ICBHI/dn fold 4: config 3 (lr=0.0001, dropout=0.4) epoca 60: train_loss=0.0001 val_loss=0.1380 val_BA=0.750 mejor_epoca=46
2026-09-27 01:21:48,063 INFO ICBHI/dn fold 4 config 3: OK val_BA=1.000 mejor_epoca=46 (3.2 min)
2026-09-27 01:21:50,527 INFO ICBHI/dn fold 4: config 4 (lr=0.0001, dropout=0.4) epoca 1: train_loss=0.4739 val_loss=0.5811 val_BA=0.825 mejor_epoca=1
2026-09-27 01:21:52,726 INFO ICBHI/dn fold 4: config 4 (lr=0.0001, dropout=0.4) epoca 2: train_loss=0.1945 val_loss=0.3656 val_BA=1.000 mejor_epoca=2
2026-09-27 01:21:54,937 INFO ICBHI/dn fold 4: config 4 (lr=0.0001, dropout=0.4) epoca 3: train_loss=0.1122 val_loss=0.3119 val_BA=1.000 mejor_epoca=3
2026-09-27 01:21:57,147 INFO ICBHI/dn fold 4: config 4 (lr=0.0001, dropout=0.4) epoca 4: train_loss=0.0815 val_loss=0.1925 val_BA=1.000 mejor_epoca=4
2026-09-27 01:22:10,109 INFO ICBHI/dn fold 4: config 4 (lr=0.0001, dropout=0.4) epoca 10: train_loss=0.0134 val_loss=0.0669 val_BA=0.875 mejor_epoca=4
2026-09-27 01:22:14,437 INFO ICBHI/dn fold 4: config 4 (lr=0.0001, dropout=0.4) epoca 12: train_loss=0.0176 val_loss=0.1840 val_BA=1.000 mejor_epoca=12
2026-09-27 01:22:16,589 INFO ICBHI/dn fold 4: config 4 (lr=0.0001, dropout=0.4) epoca 13: train_loss=0.0086 val_loss=0.0622 val_BA=1.000 mejor_epoca=13
2026-09-27 01:22:23,166 INFO ICBHI/dn fold 4: config 4 (lr=0.0001, dropout=0.4) epoca 16: train_loss=0.0053 val_loss=0.0614 val_BA=1.000 mejor_epoca=16
2026-09-27 01:22:25,492 INFO ICBHI/dn fold 4: config 4 (lr=0.0001, dropout=0.4) epoca 17: train_loss=0.0043 val_loss=0.0587 val_BA=1.000 mejor_epoca=17
2026-09-27 01:22:30,055 INFO ICBHI/dn fold 4: config 4 (lr=0.0001, dropout=0.4) epoca 19: train_loss=0.0035 val_loss=0.0464 val_BA=1.000 mejor_epoca=19
2026-09-27 01:22:32,362 INFO ICBHI/dn fold 4: config 4 (lr=0.0001, dropout=0.4) epoca 20: train_loss=0.0031 val_loss=0.0715 val_BA=1.000 mejor_epoca=19
2026-09-27 01:22:54,398 INFO ICBHI/dn fold 4: config 4 (lr=0.0001, dropout=0.4) epoca 30: train_loss=0.0064 val_loss=0.0912 val_BA=0.875 mejor_epoca=19
2026-09-27 01:23:03,165 INFO ICBHI/dn fold 4 config 4: OK val_BA=1.000 mejor_epoca=19 (1.3 min)
2026-09-27 01:23:05,338 INFO ICBHI/dn fold 4: config 5 (lr=0.0001, dropout=0.4) epoca 1: train_loss=0.5091 val_loss=0.6007 val_BA=0.775 mejor_epoca=1
2026-09-27 01:23:07,268 INFO ICBHI/dn fold 4: config 5 (lr=0.0001, dropout=0.4) epoca 2: train_loss=0.2461 val_loss=0.2315 val_BA=0.875 mejor_epoca=2
2026-09-27 01:23:15,051 INFO ICBHI/dn fold 4: config 5 (lr=0.0001, dropout=0.4) epoca 6: train_loss=0.0576 val_loss=0.3616 val_BA=1.000 mejor_epoca=6
2026-09-27 01:23:22,749 INFO ICBHI/dn fold 4: config 5 (lr=0.0001, dropout=0.4) epoca 10: train_loss=0.0240 val_loss=0.1504 val_BA=0.875 mejor_epoca=6
2026-09-27 01:23:41,934 INFO ICBHI/dn fold 4: config 5 (lr=0.0001, dropout=0.4) epoca 20: train_loss=0.0078 val_loss=0.0789 val_BA=0.750 mejor_epoca=6
2026-09-27 01:23:43,869 INFO ICBHI/dn fold 4 config 5: OK val_BA=1.000 mejor_epoca=6 (0.7 min)
2026-09-27 01:23:47,040 INFO ICBHI/dn fold 4: config 6 (lr=0.0001, dropout=0.5) epoca 1: train_loss=0.5456 val_loss=0.2408 val_BA=0.750 mejor_epoca=1
2026-09-27 01:23:50,226 INFO ICBHI/dn fold 4: config 6 (lr=0.0001, dropout=0.5) epoca 2: train_loss=0.2485 val_loss=0.4546 val_BA=1.000 mejor_epoca=2
2026-09-27 01:23:53,408 INFO ICBHI/dn fold 4: config 6 (lr=0.0001, dropout=0.5) epoca 3: train_loss=0.1468 val_loss=0.1839 val_BA=1.000 mejor_epoca=3
2026-09-27 01:24:15,034 INFO ICBHI/dn fold 4: config 6 (lr=0.0001, dropout=0.5) epoca 10: train_loss=0.0384 val_loss=0.0803 val_BA=0.750 mejor_epoca=3
2026-09-27 01:24:38,288 INFO ICBHI/dn fold 4: config 6 (lr=0.0001, dropout=0.5) epoca 18: train_loss=0.0423 val_loss=0.0831 val_BA=1.000 mejor_epoca=18
2026-09-27 01:24:41,115 INFO ICBHI/dn fold 4: config 6 (lr=0.0001, dropout=0.5) epoca 19: train_loss=0.0154 val_loss=0.0381 val_BA=1.000 mejor_epoca=19
2026-09-27 01:24:43,982 INFO ICBHI/dn fold 4: config 6 (lr=0.0001, dropout=0.5) epoca 20: train_loss=0.0413 val_loss=0.0885 val_BA=0.750 mejor_epoca=19
2026-09-27 01:25:12,517 INFO ICBHI/dn fold 4: config 6 (lr=0.0001, dropout=0.5) epoca 30: train_loss=0.0226 val_loss=0.1879 val_BA=0.875 mejor_epoca=19
2026-09-27 01:25:23,970 INFO ICBHI/dn fold 4 config 6: OK val_BA=1.000 mejor_epoca=19 (1.7 min)
2026-09-27 01:25:26,109 INFO ICBHI/dn fold 4: config 7 (lr=0.0001, dropout=0.5) epoca 1: train_loss=0.5237 val_loss=0.4533 val_BA=0.875 mejor_epoca=1
2026-09-27 01:25:28,032 INFO ICBHI/dn fold 4: config 7 (lr=0.0001, dropout=0.5) epoca 2: train_loss=0.2670 val_loss=0.4289 val_BA=0.875 mejor_epoca=2
2026-09-27 01:25:31,848 INFO ICBHI/dn fold 4: config 7 (lr=0.0001, dropout=0.5) epoca 4: train_loss=0.1029 val_loss=0.2074 val_BA=0.875 mejor_epoca=4
2026-09-27 01:25:33,756 INFO ICBHI/dn fold 4: config 7 (lr=0.0001, dropout=0.5) epoca 5: train_loss=0.0775 val_loss=0.4386 val_BA=1.000 mejor_epoca=5
2026-09-27 01:25:37,607 INFO ICBHI/dn fold 4: config 7 (lr=0.0001, dropout=0.5) epoca 7: train_loss=0.0488 val_loss=0.1920 val_BA=1.000 mejor_epoca=7
2026-09-27 01:25:43,329 INFO ICBHI/dn fold 4: config 7 (lr=0.0001, dropout=0.5) epoca 10: train_loss=0.0272 val_loss=0.1569 val_BA=0.875 mejor_epoca=7
2026-09-27 01:26:02,455 INFO ICBHI/dn fold 4: config 7 (lr=0.0001, dropout=0.5) epoca 20: train_loss=0.0090 val_loss=0.0872 val_BA=0.875 mejor_epoca=7
2026-09-27 01:26:06,290 INFO ICBHI/dn fold 4 config 7: OK val_BA=1.000 mejor_epoca=7 (0.7 min)
2026-09-27 01:26:08,473 INFO ICBHI/dn fold 4: config 8 (lr=0.0003, dropout=0.3) epoca 1: train_loss=0.4270 val_loss=0.2976 val_BA=0.875 mejor_epoca=1
2026-09-27 01:26:10,386 INFO ICBHI/dn fold 4: config 8 (lr=0.0003, dropout=0.3) epoca 2: train_loss=0.1993 val_loss=0.4375 val_BA=1.000 mejor_epoca=2
2026-09-27 01:26:16,099 INFO ICBHI/dn fold 4: config 8 (lr=0.0003, dropout=0.3) epoca 5: train_loss=0.0334 val_loss=0.1566 val_BA=1.000 mejor_epoca=5
2026-09-27 01:26:25,637 INFO ICBHI/dn fold 4: config 8 (lr=0.0003, dropout=0.3) epoca 10: train_loss=0.0113 val_loss=0.0576 val_BA=0.875 mejor_epoca=5
2026-09-27 01:26:44,561 INFO ICBHI/dn fold 4: config 8 (lr=0.0003, dropout=0.3) epoca 20: train_loss=0.0081 val_loss=0.0716 val_BA=0.875 mejor_epoca=5
2026-09-27 01:26:44,585 INFO ICBHI/dn fold 4 config 8: OK val_BA=1.000 mejor_epoca=5 (0.6 min)
2026-09-27 01:26:46,933 INFO ICBHI/dn fold 4: config 9 (lr=0.0003, dropout=0.4) epoca 1: train_loss=0.4709 val_loss=0.2158 val_BA=0.500 mejor_epoca=1
2026-09-27 01:26:49,040 INFO ICBHI/dn fold 4: config 9 (lr=0.0003, dropout=0.4) epoca 2: train_loss=0.2690 val_loss=0.3213 val_BA=0.875 mejor_epoca=2
2026-09-27 01:26:53,326 INFO ICBHI/dn fold 4: config 9 (lr=0.0003, dropout=0.4) epoca 4: train_loss=0.0594 val_loss=0.0737 val_BA=1.000 mejor_epoca=4
2026-09-27 01:27:06,193 INFO ICBHI/dn fold 4: config 9 (lr=0.0003, dropout=0.4) epoca 10: train_loss=0.0603 val_loss=0.0692 val_BA=1.000 mejor_epoca=10
2026-09-27 01:27:27,762 INFO ICBHI/dn fold 4: config 9 (lr=0.0003, dropout=0.4) epoca 20: train_loss=0.0872 val_loss=0.0516 val_BA=0.875 mejor_epoca=10
2026-09-27 01:27:38,491 INFO ICBHI/dn fold 4 config 9: OK val_BA=1.000 mejor_epoca=10 (0.9 min)
2026-09-27 01:27:41,536 INFO ICBHI/dn fold 4: config 10 (lr=0.0003, dropout=0.4) epoca 1: train_loss=0.5145 val_loss=0.6098 val_BA=0.950 mejor_epoca=1
2026-09-27 01:27:47,169 INFO ICBHI/dn fold 4: config 10 (lr=0.0003, dropout=0.4) epoca 3: train_loss=0.1839 val_loss=0.2028 val_BA=1.000 mejor_epoca=3
2026-09-27 01:28:07,148 INFO ICBHI/dn fold 4: config 10 (lr=0.0003, dropout=0.4) epoca 10: train_loss=0.0605 val_loss=0.0835 val_BA=0.750 mejor_epoca=3
2026-09-27 01:28:35,690 INFO ICBHI/dn fold 4: config 10 (lr=0.0003, dropout=0.4) epoca 20: train_loss=0.0810 val_loss=0.1621 val_BA=0.875 mejor_epoca=3
2026-09-27 01:28:35,711 INFO ICBHI/dn fold 4 config 10: OK val_BA=1.000 mejor_epoca=3 (1.0 min)
2026-09-27 01:28:37,843 INFO ICBHI/dn fold 4: config 11 (lr=0.0003, dropout=0.5) epoca 1: train_loss=0.4049 val_loss=0.7432 val_BA=0.900 mejor_epoca=1
2026-09-27 01:28:41,645 INFO ICBHI/dn fold 4: config 11 (lr=0.0003, dropout=0.5) epoca 3: train_loss=0.1042 val_loss=0.2444 val_BA=1.000 mejor_epoca=3
2026-09-27 01:28:45,463 INFO ICBHI/dn fold 4: config 11 (lr=0.0003, dropout=0.5) epoca 5: train_loss=0.0468 val_loss=0.1424 val_BA=1.000 mejor_epoca=5
2026-09-27 01:28:53,074 INFO ICBHI/dn fold 4: config 11 (lr=0.0003, dropout=0.5) epoca 9: train_loss=0.0134 val_loss=0.0796 val_BA=1.000 mejor_epoca=9
2026-09-27 01:28:54,985 INFO ICBHI/dn fold 4: config 11 (lr=0.0003, dropout=0.5) epoca 10: train_loss=0.0126 val_loss=0.2079 val_BA=1.000 mejor_epoca=9
2026-09-27 01:29:14,007 INFO ICBHI/dn fold 4: config 11 (lr=0.0003, dropout=0.5) epoca 20: train_loss=0.0148 val_loss=0.1120 val_BA=0.750 mejor_epoca=9
2026-09-27 01:29:21,565 INFO ICBHI/dn fold 4: config 11 (lr=0.0003, dropout=0.5) epoca 24: train_loss=0.0029 val_loss=0.0699 val_BA=1.000 mejor_epoca=24
2026-09-27 01:29:32,946 INFO ICBHI/dn fold 4: config 11 (lr=0.0003, dropout=0.5) epoca 30: train_loss=0.0008 val_loss=0.0661 val_BA=1.000 mejor_epoca=30
2026-09-27 01:29:51,782 INFO ICBHI/dn fold 4: config 11 (lr=0.0003, dropout=0.5) epoca 40: train_loss=0.0005 val_loss=0.0840 val_BA=0.875 mejor_epoca=30
2026-09-27 01:30:01,208 INFO ICBHI/dn fold 4 config 11: OK val_BA=1.000 mejor_epoca=30 (1.4 min)
2026-09-27 01:30:03,561 INFO ICBHI/dn fold 4: config 12 (lr=0.0003, dropout=0.5) epoca 1: train_loss=0.4308 val_loss=0.5498 val_BA=1.000 mejor_epoca=1
2026-09-27 01:30:07,816 INFO ICBHI/dn fold 4: config 12 (lr=0.0003, dropout=0.5) epoca 3: train_loss=0.1240 val_loss=0.2935 val_BA=1.000 mejor_epoca=3
2026-09-27 01:30:22,599 INFO ICBHI/dn fold 4: config 12 (lr=0.0003, dropout=0.5) epoca 10: train_loss=0.0411 val_loss=0.0954 val_BA=0.750 mejor_epoca=3
2026-09-27 01:30:26,859 INFO ICBHI/dn fold 4: config 12 (lr=0.0003, dropout=0.5) epoca 12: train_loss=0.0537 val_loss=0.0368 val_BA=1.000 mejor_epoca=12
2026-09-27 01:30:43,882 INFO ICBHI/dn fold 4: config 12 (lr=0.0003, dropout=0.5) epoca 20: train_loss=0.1121 val_loss=0.1052 val_BA=0.750 mejor_epoca=12
2026-09-27 01:30:58,674 INFO ICBHI/dn fold 4 config 12: OK val_BA=1.000 mejor_epoca=12 (1.0 min)
2026-09-27 01:31:01,702 INFO ICBHI/dn fold 4: config 13 (lr=0.001, dropout=0.2) epoca 1: train_loss=0.8639 val_loss=0.2387 val_BA=0.500 mejor_epoca=1
2026-09-27 01:31:12,883 INFO ICBHI/dn fold 4: config 13 (lr=0.001, dropout=0.2) epoca 5: train_loss=0.6877 val_loss=0.0836 val_BA=0.625 mejor_epoca=5
2026-09-27 01:31:15,689 INFO ICBHI/dn fold 4: config 13 (lr=0.001, dropout=0.2) epoca 6: train_loss=0.6202 val_loss=0.4364 val_BA=0.875 mejor_epoca=6
2026-09-27 01:31:26,841 INFO ICBHI/dn fold 4: config 13 (lr=0.001, dropout=0.2) epoca 10: train_loss=0.4629 val_loss=0.4506 val_BA=0.875 mejor_epoca=6
2026-09-27 01:31:37,957 INFO ICBHI/dn fold 4: config 13 (lr=0.001, dropout=0.2) epoca 14: train_loss=0.2952 val_loss=0.1710 val_BA=0.875 mejor_epoca=14
2026-09-27 01:31:54,720 INFO ICBHI/dn fold 4: config 13 (lr=0.001, dropout=0.2) epoca 20: train_loss=0.2687 val_loss=0.2413 val_BA=0.875 mejor_epoca=14
2026-09-27 01:31:57,486 INFO ICBHI/dn fold 4: config 13 (lr=0.001, dropout=0.2) epoca 21: train_loss=0.2190 val_loss=0.1231 val_BA=0.875 mejor_epoca=21
2026-09-27 01:32:16,836 INFO ICBHI/dn fold 4: config 13 (lr=0.001, dropout=0.2) epoca 28: train_loss=0.0957 val_loss=0.0990 val_BA=0.875 mejor_epoca=28
2026-09-27 01:32:22,357 INFO ICBHI/dn fold 4: config 13 (lr=0.001, dropout=0.2) epoca 30: train_loss=0.0515 val_loss=0.1182 val_BA=0.750 mejor_epoca=28
2026-09-27 01:32:50,127 INFO ICBHI/dn fold 4: config 13 (lr=0.001, dropout=0.2) epoca 40: train_loss=0.0511 val_loss=0.2152 val_BA=1.000 mejor_epoca=40
2026-09-27 01:33:17,907 INFO ICBHI/dn fold 4: config 13 (lr=0.001, dropout=0.2) epoca 50: train_loss=0.0201 val_loss=0.0940 val_BA=0.750 mejor_epoca=40
2026-09-27 01:33:29,093 INFO ICBHI/dn fold 4: config 13 (lr=0.001, dropout=0.2) epoca 54: train_loss=0.0179 val_loss=0.1358 val_BA=1.000 mejor_epoca=54
2026-09-27 01:33:42,969 INFO ICBHI/dn fold 4: config 13 (lr=0.001, dropout=0.2) epoca 59: train_loss=0.0874 val_loss=0.1197 val_BA=1.000 mejor_epoca=59
2026-09-27 01:33:45,717 INFO ICBHI/dn fold 4: config 13 (lr=0.001, dropout=0.2) epoca 60: train_loss=0.0031 val_loss=0.0675 val_BA=0.875 mejor_epoca=59
2026-09-27 01:33:48,564 INFO ICBHI/dn fold 4: config 13 (lr=0.001, dropout=0.2) epoca 61: train_loss=0.0282 val_loss=0.0946 val_BA=1.000 mejor_epoca=61
2026-09-27 01:34:13,535 INFO ICBHI/dn fold 4: config 13 (lr=0.001, dropout=0.2) epoca 70: train_loss=0.0000 val_loss=0.1320 val_BA=0.875 mejor_epoca=61
2026-09-27 01:34:30,343 INFO ICBHI/dn fold 4 config 13: OK val_BA=1.000 mejor_epoca=61 (3.5 min)
2026-09-27 01:34:32,435 INFO ICBHI/dn fold 4: config 14 (lr=0.001, dropout=0.3) epoca 1: train_loss=0.4859 val_loss=0.5363 val_BA=1.000 mejor_epoca=1
2026-09-27 01:34:38,092 INFO ICBHI/dn fold 4: config 14 (lr=0.001, dropout=0.3) epoca 4: train_loss=0.1737 val_loss=0.2487 val_BA=1.000 mejor_epoca=4
2026-09-27 01:34:49,386 INFO ICBHI/dn fold 4: config 14 (lr=0.001, dropout=0.3) epoca 10: train_loss=0.0834 val_loss=1.3404 val_BA=0.950 mejor_epoca=4
2026-09-27 01:35:08,198 INFO ICBHI/dn fold 4: config 14 (lr=0.001, dropout=0.3) epoca 20: train_loss=0.0115 val_loss=0.0971 val_BA=0.875 mejor_epoca=4
2026-09-27 01:35:08,220 INFO ICBHI/dn fold 4 config 14: OK val_BA=1.000 mejor_epoca=4 (0.6 min)
2026-09-27 01:35:10,574 INFO ICBHI/dn fold 4: config 15 (lr=0.001, dropout=0.3) epoca 1: train_loss=0.7389 val_loss=0.6165 val_BA=0.500 mejor_epoca=1
2026-09-27 01:35:12,678 INFO ICBHI/dn fold 4: config 15 (lr=0.001, dropout=0.3) epoca 2: train_loss=0.5801 val_loss=0.1565 val_BA=0.500 mejor_epoca=2
2026-09-27 01:35:14,795 INFO ICBHI/dn fold 4: config 15 (lr=0.001, dropout=0.3) epoca 3: train_loss=0.4233 val_loss=0.2331 val_BA=0.750 mejor_epoca=3
2026-09-27 01:35:16,912 INFO ICBHI/dn fold 4: config 15 (lr=0.001, dropout=0.3) epoca 4: train_loss=0.2824 val_loss=0.6275 val_BA=0.950 mejor_epoca=4
2026-09-27 01:35:23,242 INFO ICBHI/dn fold 4: config 15 (lr=0.001, dropout=0.3) epoca 7: train_loss=0.1214 val_loss=0.5260 val_BA=1.000 mejor_epoca=7
2026-09-27 01:35:29,603 INFO ICBHI/dn fold 4: config 15 (lr=0.001, dropout=0.3) epoca 10: train_loss=0.0752 val_loss=0.4895 val_BA=1.000 mejor_epoca=10
2026-09-27 01:35:33,805 INFO ICBHI/dn fold 4: config 15 (lr=0.001, dropout=0.3) epoca 12: train_loss=0.0618 val_loss=0.0822 val_BA=1.000 mejor_epoca=12
2026-09-27 01:35:38,076 INFO ICBHI/dn fold 4: config 15 (lr=0.001, dropout=0.3) epoca 14: train_loss=0.0446 val_loss=0.0684 val_BA=1.000 mejor_epoca=14
2026-09-27 01:35:50,697 INFO ICBHI/dn fold 4: config 15 (lr=0.001, dropout=0.3) epoca 20: train_loss=0.0515 val_loss=0.2021 val_BA=0.875 mejor_epoca=14
2026-09-27 01:36:09,663 INFO ICBHI/dn fold 4 config 15: OK val_BA=1.000 mejor_epoca=14 (1.0 min)
2026-09-27 01:36:12,699 INFO ICBHI/dn fold 4: config 16 (lr=0.001, dropout=0.4) epoca 1: train_loss=0.8239 val_loss=0.3155 val_BA=0.500 mejor_epoca=1
2026-09-27 01:36:15,481 INFO ICBHI/dn fold 4: config 16 (lr=0.001, dropout=0.4) epoca 2: train_loss=0.7066 val_loss=0.2175 val_BA=0.750 mejor_epoca=2
2026-09-27 01:36:23,789 INFO ICBHI/dn fold 4: config 16 (lr=0.001, dropout=0.4) epoca 5: train_loss=0.3422 val_loss=0.1652 val_BA=0.875 mejor_epoca=5
2026-09-27 01:36:26,627 INFO ICBHI/dn fold 4: config 16 (lr=0.001, dropout=0.4) epoca 6: train_loss=0.3205 val_loss=0.3098 val_BA=1.000 mejor_epoca=6
2026-09-27 01:36:37,716 INFO ICBHI/dn fold 4: config 16 (lr=0.001, dropout=0.4) epoca 10: train_loss=0.1151 val_loss=0.0573 val_BA=0.875 mejor_epoca=6
2026-09-27 01:36:43,255 INFO ICBHI/dn fold 4: config 16 (lr=0.001, dropout=0.4) epoca 12: train_loss=0.1276 val_loss=0.2136 val_BA=1.000 mejor_epoca=12
2026-09-27 01:37:05,559 INFO ICBHI/dn fold 4: config 16 (lr=0.001, dropout=0.4) epoca 20: train_loss=0.0566 val_loss=0.1607 val_BA=0.875 mejor_epoca=12
2026-09-27 01:37:25,073 INFO ICBHI/dn fold 4 config 16: OK val_BA=1.000 mejor_epoca=12 (1.3 min)
2026-09-27 01:37:27,398 INFO ICBHI/dn fold 4: config 17 (lr=0.001, dropout=0.5) epoca 1: train_loss=0.5208 val_loss=0.4101 val_BA=0.750 mejor_epoca=1
2026-09-27 01:37:29,496 INFO ICBHI/dn fold 4: config 17 (lr=0.001, dropout=0.5) epoca 2: train_loss=0.3990 val_loss=0.1295 val_BA=0.750 mejor_epoca=2
2026-09-27 01:37:37,943 INFO ICBHI/dn fold 4: config 17 (lr=0.001, dropout=0.5) epoca 6: train_loss=0.1920 val_loss=0.0819 val_BA=0.750 mejor_epoca=6
2026-09-27 01:37:42,178 INFO ICBHI/dn fold 4: config 17 (lr=0.001, dropout=0.5) epoca 8: train_loss=0.1140 val_loss=0.2038 val_BA=0.875 mejor_epoca=8
2026-09-27 01:37:46,387 INFO ICBHI/dn fold 4: config 17 (lr=0.001, dropout=0.5) epoca 10: train_loss=0.1164 val_loss=0.5200 val_BA=1.000 mejor_epoca=10
2026-09-27 01:37:56,931 INFO ICBHI/dn fold 4: config 17 (lr=0.001, dropout=0.5) epoca 15: train_loss=0.0484 val_loss=0.2603 val_BA=1.000 mejor_epoca=15
2026-09-27 01:38:07,449 INFO ICBHI/dn fold 4: config 17 (lr=0.001, dropout=0.5) epoca 20: train_loss=0.0537 val_loss=0.1306 val_BA=0.750 mejor_epoca=15
2026-09-27 01:38:11,747 INFO ICBHI/dn fold 4: config 17 (lr=0.001, dropout=0.5) epoca 22: train_loss=0.0064 val_loss=0.1007 val_BA=1.000 mejor_epoca=22
2026-09-27 01:38:28,599 INFO ICBHI/dn fold 4: config 17 (lr=0.001, dropout=0.5) epoca 30: train_loss=0.0412 val_loss=0.0937 val_BA=1.000 mejor_epoca=30
2026-09-27 01:38:49,649 INFO ICBHI/dn fold 4: config 17 (lr=0.001, dropout=0.5) epoca 40: train_loss=0.0006 val_loss=0.1537 val_BA=0.750 mejor_epoca=30
2026-09-27 01:39:00,208 INFO ICBHI/dn fold 4 config 17: OK val_BA=1.000 mejor_epoca=30 (1.6 min)
2026-09-27 01:39:02,336 INFO ICBHI/dn fold 4: config 18 (lr=0.001, dropout=0.5) epoca 1: train_loss=0.5489 val_loss=0.1985 val_BA=0.750 mejor_epoca=1
2026-09-27 01:39:04,205 INFO ICBHI/dn fold 4: config 18 (lr=0.001, dropout=0.5) epoca 2: train_loss=0.2867 val_loss=0.4835 val_BA=1.000 mejor_epoca=2
2026-09-27 01:39:06,098 INFO ICBHI/dn fold 4: config 18 (lr=0.001, dropout=0.5) epoca 3: train_loss=0.1991 val_loss=0.2916 val_BA=1.000 mejor_epoca=3
2026-09-27 01:39:07,977 INFO ICBHI/dn fold 4: config 18 (lr=0.001, dropout=0.5) epoca 4: train_loss=0.2720 val_loss=0.2456 val_BA=1.000 mejor_epoca=4
2026-09-27 01:39:17,370 INFO ICBHI/dn fold 4: config 18 (lr=0.001, dropout=0.5) epoca 9: train_loss=0.0746 val_loss=0.1769 val_BA=1.000 mejor_epoca=9
2026-09-27 01:39:19,252 INFO ICBHI/dn fold 4: config 18 (lr=0.001, dropout=0.5) epoca 10: train_loss=0.0674 val_loss=0.3783 val_BA=1.000 mejor_epoca=9
2026-09-27 01:39:23,018 INFO ICBHI/dn fold 4: config 18 (lr=0.001, dropout=0.5) epoca 12: train_loss=0.0234 val_loss=0.0928 val_BA=1.000 mejor_epoca=12
2026-09-27 01:39:38,001 INFO ICBHI/dn fold 4: config 18 (lr=0.001, dropout=0.5) epoca 20: train_loss=0.0199 val_loss=0.1110 val_BA=0.750 mejor_epoca=12
2026-09-27 01:39:47,372 INFO ICBHI/dn fold 4: config 18 (lr=0.001, dropout=0.5) epoca 25: train_loss=0.0054 val_loss=0.0413 val_BA=1.000 mejor_epoca=25
2026-09-27 01:39:56,737 INFO ICBHI/dn fold 4: config 18 (lr=0.001, dropout=0.5) epoca 30: train_loss=0.0072 val_loss=0.0575 val_BA=1.000 mejor_epoca=25
2026-09-27 01:40:15,425 INFO ICBHI/dn fold 4: config 18 (lr=0.001, dropout=0.5) epoca 40: train_loss=0.0003 val_loss=0.1236 val_BA=0.875 mejor_epoca=25
2026-09-27 01:40:15,447 INFO ICBHI/dn fold 4 config 18: OK val_BA=1.000 mejor_epoca=25 (1.3 min)
2026-09-27 01:40:17,536 INFO ICBHI/dn fold 4: config 19 (lr=0.001, dropout=0.5) epoca 1: train_loss=0.5332 val_loss=0.1224 val_BA=0.625 mejor_epoca=1
2026-09-27 01:40:19,403 INFO ICBHI/dn fold 4: config 19 (lr=0.001, dropout=0.5) epoca 2: train_loss=0.3039 val_loss=0.6673 val_BA=0.875 mejor_epoca=2
2026-09-27 01:40:23,189 INFO ICBHI/dn fold 4: config 19 (lr=0.001, dropout=0.5) epoca 4: train_loss=0.1190 val_loss=0.1568 val_BA=0.875 mejor_epoca=4
2026-09-27 01:40:25,058 INFO ICBHI/dn fold 4: config 19 (lr=0.001, dropout=0.5) epoca 5: train_loss=0.0964 val_loss=0.0858 val_BA=0.875 mejor_epoca=5
2026-09-27 01:40:26,923 INFO ICBHI/dn fold 4: config 19 (lr=0.001, dropout=0.5) epoca 6: train_loss=0.0763 val_loss=0.1905 val_BA=1.000 mejor_epoca=6
2026-09-27 01:40:30,683 INFO ICBHI/dn fold 4: config 19 (lr=0.001, dropout=0.5) epoca 8: train_loss=0.0173 val_loss=0.1831 val_BA=1.000 mejor_epoca=8
2026-09-27 01:40:34,438 INFO ICBHI/dn fold 4: config 19 (lr=0.001, dropout=0.5) epoca 10: train_loss=0.0114 val_loss=0.1304 val_BA=0.750 mejor_epoca=8
2026-09-27 01:40:51,330 INFO ICBHI/dn fold 4: config 19 (lr=0.001, dropout=0.5) epoca 19: train_loss=0.0338 val_loss=0.1343 val_BA=1.000 mejor_epoca=19
2026-09-27 01:40:53,196 INFO ICBHI/dn fold 4: config 19 (lr=0.001, dropout=0.5) epoca 20: train_loss=0.0599 val_loss=0.0700 val_BA=1.000 mejor_epoca=20
2026-09-27 01:40:56,945 INFO ICBHI/dn fold 4: config 19 (lr=0.001, dropout=0.5) epoca 22: train_loss=0.0015 val_loss=0.0475 val_BA=1.000 mejor_epoca=22
2026-09-27 01:41:11,907 INFO ICBHI/dn fold 4: config 19 (lr=0.001, dropout=0.5) epoca 30: train_loss=0.0004 val_loss=0.0596 val_BA=0.750 mejor_epoca=22
2026-09-27 01:41:25,000 INFO ICBHI/dn fold 4 config 19: OK val_BA=1.000 mejor_epoca=22 (1.2 min)
2026-09-27 01:41:26,061 INFO ICBHI/dn: configuracion global 8 (decidida por config_order), BA folds=1.000±0.000 agrupada=1.000 [COMPLETED]
2026-09-27 01:41:26,070 INFO preparando FRAIWAN_Extended/no_dn (rama no_dn, augment=False, protocolo holdout_cv_v3)
2026-09-27 01:41:26,099 INFO FRAIWAN_Extended/no_dn fold 0: log-mel no_dn listo en 0.0 s, forma (187, 1, 64, 309)
2026-09-27 01:41:26,103 INFO FRAIWAN_Extended/no_dn fold 0: 27/7 pacientes train/validation, 20 de 20 configuracion(es) por evaluar
2026-09-27 01:41:26,279 INFO FRAIWAN_Extended/no_dn fold 0: config 0 (lr=0.0001, dropout=0.3) epoca 1: train_loss=0.5860 val_loss=0.6502 val_BA=0.500 mejor_epoca=1
2026-09-27 01:41:26,432 INFO FRAIWAN_Extended/no_dn fold 0: config 0 (lr=0.0001, dropout=0.3) epoca 2: train_loss=0.4465 val_loss=0.6182 val_BA=0.500 mejor_epoca=2
2026-09-27 01:41:26,575 INFO FRAIWAN_Extended/no_dn fold 0: config 0 (lr=0.0001, dropout=0.3) epoca 3: train_loss=0.3355 val_loss=0.6053 val_BA=0.500 mejor_epoca=3
2026-09-27 01:41:26,709 INFO FRAIWAN_Extended/no_dn fold 0: config 0 (lr=0.0001, dropout=0.3) epoca 4: train_loss=0.2751 val_loss=0.5709 val_BA=0.500 mejor_epoca=4
2026-09-27 01:41:26,846 INFO FRAIWAN_Extended/no_dn fold 0: config 0 (lr=0.0001, dropout=0.3) epoca 5: train_loss=0.2416 val_loss=0.7225 val_BA=0.650 mejor_epoca=5
2026-09-27 01:41:27,525 INFO FRAIWAN_Extended/no_dn fold 0: config 0 (lr=0.0001, dropout=0.3) epoca 10: train_loss=0.1066 val_loss=2.0008 val_BA=0.450 mejor_epoca=5
2026-09-27 01:41:28,881 INFO FRAIWAN_Extended/no_dn fold 0: config 0 (lr=0.0001, dropout=0.3) epoca 20: train_loss=0.0454 val_loss=0.7588 val_BA=0.500 mejor_epoca=5
2026-09-27 01:41:28,899 INFO FRAIWAN_Extended/no_dn fold 0 config 0: OK val_BA=0.650 mejor_epoca=5 (0.0 min)
2026-09-27 01:41:29,022 INFO FRAIWAN_Extended/no_dn fold 0: config 1 (lr=0.0001, dropout=0.3) epoca 1: train_loss=0.6798 val_loss=0.6737 val_BA=0.500 mejor_epoca=1
2026-09-27 01:41:29,125 INFO FRAIWAN_Extended/no_dn fold 0: config 1 (lr=0.0001, dropout=0.3) epoca 2: train_loss=0.5223 val_loss=0.6691 val_BA=0.500 mejor_epoca=2
2026-09-27 01:41:29,228 INFO FRAIWAN_Extended/no_dn fold 0: config 1 (lr=0.0001, dropout=0.3) epoca 3: train_loss=0.4230 val_loss=0.6635 val_BA=0.500 mejor_epoca=3
2026-09-27 01:41:29,327 INFO FRAIWAN_Extended/no_dn fold 0: config 1 (lr=0.0001, dropout=0.3) epoca 4: train_loss=0.3798 val_loss=0.6590 val_BA=0.500 mejor_epoca=4
2026-09-27 01:41:29,424 INFO FRAIWAN_Extended/no_dn fold 0: config 1 (lr=0.0001, dropout=0.3) epoca 5: train_loss=0.2969 val_loss=0.6524 val_BA=0.500 mejor_epoca=5
2026-09-27 01:41:29,522 INFO FRAIWAN_Extended/no_dn fold 0: config 1 (lr=0.0001, dropout=0.3) epoca 6: train_loss=0.2828 val_loss=0.6415 val_BA=0.500 mejor_epoca=6
2026-09-27 01:41:29,620 INFO FRAIWAN_Extended/no_dn fold 0: config 1 (lr=0.0001, dropout=0.3) epoca 7: train_loss=0.2408 val_loss=0.6260 val_BA=0.500 mejor_epoca=7
2026-09-27 01:41:29,717 INFO FRAIWAN_Extended/no_dn fold 0: config 1 (lr=0.0001, dropout=0.3) epoca 8: train_loss=0.2044 val_loss=0.6104 val_BA=0.500 mejor_epoca=8
2026-09-27 01:41:29,814 INFO FRAIWAN_Extended/no_dn fold 0: config 1 (lr=0.0001, dropout=0.3) epoca 9: train_loss=0.1682 val_loss=0.5977 val_BA=0.500 mejor_epoca=9
2026-09-27 01:41:29,911 INFO FRAIWAN_Extended/no_dn fold 0: config 1 (lr=0.0001, dropout=0.3) epoca 10: train_loss=0.1709 val_loss=0.5851 val_BA=0.500 mejor_epoca=10
2026-09-27 01:41:30,008 INFO FRAIWAN_Extended/no_dn fold 0: config 1 (lr=0.0001, dropout=0.3) epoca 11: train_loss=0.1340 val_loss=0.5656 val_BA=0.500 mejor_epoca=11
2026-09-27 01:41:30,105 INFO FRAIWAN_Extended/no_dn fold 0: config 1 (lr=0.0001, dropout=0.3) epoca 12: train_loss=0.1167 val_loss=0.5457 val_BA=0.500 mejor_epoca=12
2026-09-27 01:41:30,203 INFO FRAIWAN_Extended/no_dn fold 0: config 1 (lr=0.0001, dropout=0.3) epoca 13: train_loss=0.1084 val_loss=0.5392 val_BA=0.500 mejor_epoca=13
2026-09-27 01:41:30,300 INFO FRAIWAN_Extended/no_dn fold 0: config 1 (lr=0.0001, dropout=0.3) epoca 14: train_loss=0.1043 val_loss=0.5196 val_BA=0.500 mejor_epoca=14
2026-09-27 01:41:30,397 INFO FRAIWAN_Extended/no_dn fold 0: config 1 (lr=0.0001, dropout=0.3) epoca 15: train_loss=0.0916 val_loss=0.4917 val_BA=0.750 mejor_epoca=15
2026-09-27 01:41:30,494 INFO FRAIWAN_Extended/no_dn fold 0: config 1 (lr=0.0001, dropout=0.3) epoca 16: train_loss=0.0934 val_loss=0.4892 val_BA=0.750 mejor_epoca=16
2026-09-27 01:41:30,688 INFO FRAIWAN_Extended/no_dn fold 0: config 1 (lr=0.0001, dropout=0.3) epoca 18: train_loss=0.0923 val_loss=0.4626 val_BA=0.750 mejor_epoca=18
2026-09-27 01:41:30,881 INFO FRAIWAN_Extended/no_dn fold 0: config 1 (lr=0.0001, dropout=0.3) epoca 20: train_loss=0.0788 val_loss=0.5961 val_BA=0.650 mejor_epoca=18
2026-09-27 01:41:30,978 INFO FRAIWAN_Extended/no_dn fold 0: config 1 (lr=0.0001, dropout=0.3) epoca 21: train_loss=0.0777 val_loss=0.4624 val_BA=0.750 mejor_epoca=21
2026-09-27 01:41:31,075 INFO FRAIWAN_Extended/no_dn fold 0: config 1 (lr=0.0001, dropout=0.3) epoca 22: train_loss=0.0738 val_loss=0.4137 val_BA=0.750 mejor_epoca=22
2026-09-27 01:41:31,852 INFO FRAIWAN_Extended/no_dn fold 0: config 1 (lr=0.0001, dropout=0.3) epoca 30: train_loss=0.0602 val_loss=0.6774 val_BA=0.550 mejor_epoca=22
2026-09-27 01:41:32,547 INFO FRAIWAN_Extended/no_dn fold 0 config 1: OK val_BA=0.750 mejor_epoca=22 (0.1 min)
2026-09-27 01:41:32,673 INFO FRAIWAN_Extended/no_dn fold 0: config 2 (lr=0.0001, dropout=0.4) epoca 1: train_loss=0.6493 val_loss=0.6919 val_BA=0.500 mejor_epoca=1
2026-09-27 01:41:32,778 INFO FRAIWAN_Extended/no_dn fold 0: config 2 (lr=0.0001, dropout=0.4) epoca 2: train_loss=0.5251 val_loss=0.6825 val_BA=0.500 mejor_epoca=2
2026-09-27 01:41:32,882 INFO FRAIWAN_Extended/no_dn fold 0: config 2 (lr=0.0001, dropout=0.4) epoca 3: train_loss=0.4520 val_loss=0.6699 val_BA=0.500 mejor_epoca=3
2026-09-27 01:41:32,986 INFO FRAIWAN_Extended/no_dn fold 0: config 2 (lr=0.0001, dropout=0.4) epoca 4: train_loss=0.3918 val_loss=0.6536 val_BA=0.500 mejor_epoca=4
2026-09-27 01:41:33,091 INFO FRAIWAN_Extended/no_dn fold 0: config 2 (lr=0.0001, dropout=0.4) epoca 5: train_loss=0.3630 val_loss=0.6296 val_BA=0.500 mejor_epoca=5
2026-09-27 01:41:33,195 INFO FRAIWAN_Extended/no_dn fold 0: config 2 (lr=0.0001, dropout=0.4) epoca 6: train_loss=0.3015 val_loss=0.5973 val_BA=0.500 mejor_epoca=6
2026-09-27 01:41:33,299 INFO FRAIWAN_Extended/no_dn fold 0: config 2 (lr=0.0001, dropout=0.4) epoca 7: train_loss=0.2383 val_loss=0.5815 val_BA=0.500 mejor_epoca=7
2026-09-27 01:41:33,613 INFO FRAIWAN_Extended/no_dn fold 0: config 2 (lr=0.0001, dropout=0.4) epoca 10: train_loss=0.1638 val_loss=0.6145 val_BA=0.500 mejor_epoca=7
2026-09-27 01:41:33,717 INFO FRAIWAN_Extended/no_dn fold 0: config 2 (lr=0.0001, dropout=0.4) epoca 11: train_loss=0.1549 val_loss=0.6686 val_BA=0.650 mejor_epoca=11
2026-09-27 01:41:34,654 INFO FRAIWAN_Extended/no_dn fold 0: config 2 (lr=0.0001, dropout=0.4) epoca 20: train_loss=0.0901 val_loss=1.1503 val_BA=0.650 mejor_epoca=11
2026-09-27 01:41:34,863 INFO FRAIWAN_Extended/no_dn fold 0: config 2 (lr=0.0001, dropout=0.4) epoca 22: train_loss=0.0856 val_loss=0.6066 val_BA=0.750 mejor_epoca=22
2026-09-27 01:41:35,698 INFO FRAIWAN_Extended/no_dn fold 0: config 2 (lr=0.0001, dropout=0.4) epoca 30: train_loss=0.0757 val_loss=0.7642 val_BA=0.650 mejor_epoca=22
2026-09-27 01:41:36,468 INFO FRAIWAN_Extended/no_dn fold 0 config 2: OK val_BA=0.750 mejor_epoca=22 (0.1 min)
2026-09-27 01:41:36,626 INFO FRAIWAN_Extended/no_dn fold 0: config 3 (lr=0.0001, dropout=0.4) epoca 1: train_loss=0.6776 val_loss=0.6830 val_BA=0.500 mejor_epoca=1
2026-09-27 01:41:36,763 INFO FRAIWAN_Extended/no_dn fold 0: config 3 (lr=0.0001, dropout=0.4) epoca 2: train_loss=0.5278 val_loss=0.6526 val_BA=0.500 mejor_epoca=2
2026-09-27 01:41:36,900 INFO FRAIWAN_Extended/no_dn fold 0: config 3 (lr=0.0001, dropout=0.4) epoca 3: train_loss=0.4943 val_loss=0.6194 val_BA=0.500 mejor_epoca=3
2026-09-27 01:41:37,038 INFO FRAIWAN_Extended/no_dn fold 0: config 3 (lr=0.0001, dropout=0.4) epoca 4: train_loss=0.3869 val_loss=0.5950 val_BA=0.750 mejor_epoca=4
2026-09-27 01:41:37,902 INFO FRAIWAN_Extended/no_dn fold 0: config 3 (lr=0.0001, dropout=0.4) epoca 10: train_loss=0.1558 val_loss=0.6560 val_BA=0.650 mejor_epoca=4
2026-09-27 01:41:38,307 INFO FRAIWAN_Extended/no_dn fold 0: config 3 (lr=0.0001, dropout=0.4) epoca 13: train_loss=0.1224 val_loss=0.5899 val_BA=0.750 mejor_epoca=13
2026-09-27 01:41:39,266 INFO FRAIWAN_Extended/no_dn fold 0: config 3 (lr=0.0001, dropout=0.4) epoca 20: train_loss=0.0986 val_loss=0.7053 val_BA=0.750 mejor_epoca=13
2026-09-27 01:41:39,670 INFO FRAIWAN_Extended/no_dn fold 0: config 3 (lr=0.0001, dropout=0.4) epoca 23: train_loss=0.0616 val_loss=0.5182 val_BA=0.750 mejor_epoca=23
2026-09-27 01:41:40,613 INFO FRAIWAN_Extended/no_dn fold 0: config 3 (lr=0.0001, dropout=0.4) epoca 30: train_loss=0.0489 val_loss=0.9753 val_BA=0.550 mejor_epoca=23
2026-09-27 01:41:41,710 INFO FRAIWAN_Extended/no_dn fold 0 config 3: OK val_BA=0.750 mejor_epoca=23 (0.1 min)
2026-09-27 01:41:41,836 INFO FRAIWAN_Extended/no_dn fold 0: config 4 (lr=0.0001, dropout=0.4) epoca 1: train_loss=0.6316 val_loss=0.6869 val_BA=0.500 mejor_epoca=1
2026-09-27 01:41:41,941 INFO FRAIWAN_Extended/no_dn fold 0: config 4 (lr=0.0001, dropout=0.4) epoca 2: train_loss=0.5106 val_loss=0.6753 val_BA=0.500 mejor_epoca=2
2026-09-27 01:41:42,151 INFO FRAIWAN_Extended/no_dn fold 0: config 4 (lr=0.0001, dropout=0.4) epoca 4: train_loss=0.3544 val_loss=0.6685 val_BA=0.500 mejor_epoca=4
2026-09-27 01:41:42,256 INFO FRAIWAN_Extended/no_dn fold 0: config 4 (lr=0.0001, dropout=0.4) epoca 5: train_loss=0.3046 val_loss=0.6459 val_BA=0.500 mejor_epoca=5
2026-09-27 01:41:42,361 INFO FRAIWAN_Extended/no_dn fold 0: config 4 (lr=0.0001, dropout=0.4) epoca 6: train_loss=0.2348 val_loss=0.6277 val_BA=0.500 mejor_epoca=6
2026-09-27 01:41:42,466 INFO FRAIWAN_Extended/no_dn fold 0: config 4 (lr=0.0001, dropout=0.4) epoca 7: train_loss=0.2195 val_loss=0.6105 val_BA=0.500 mejor_epoca=7
2026-09-27 01:41:42,674 INFO FRAIWAN_Extended/no_dn fold 0: config 4 (lr=0.0001, dropout=0.4) epoca 9: train_loss=0.1465 val_loss=0.5719 val_BA=0.500 mejor_epoca=9
2026-09-27 01:41:42,778 INFO FRAIWAN_Extended/no_dn fold 0: config 4 (lr=0.0001, dropout=0.4) epoca 10: train_loss=0.1494 val_loss=0.6285 val_BA=0.500 mejor_epoca=9
2026-09-27 01:41:42,883 INFO FRAIWAN_Extended/no_dn fold 0: config 4 (lr=0.0001, dropout=0.4) epoca 11: train_loss=0.1190 val_loss=0.6601 val_BA=0.750 mejor_epoca=11
2026-09-27 01:41:43,821 INFO FRAIWAN_Extended/no_dn fold 0: config 4 (lr=0.0001, dropout=0.4) epoca 20: train_loss=0.0907 val_loss=1.2582 val_BA=0.650 mejor_epoca=11
2026-09-27 01:41:44,469 INFO FRAIWAN_Extended/no_dn fold 0 config 4: OK val_BA=0.750 mejor_epoca=11 (0.0 min)
2026-09-27 01:41:44,587 INFO FRAIWAN_Extended/no_dn fold 0: config 5 (lr=0.0001, dropout=0.4) epoca 1: train_loss=0.7461 val_loss=0.6758 val_BA=0.500 mejor_epoca=1
2026-09-27 01:41:44,684 INFO FRAIWAN_Extended/no_dn fold 0: config 5 (lr=0.0001, dropout=0.4) epoca 2: train_loss=0.5269 val_loss=0.6599 val_BA=0.500 mejor_epoca=2
2026-09-27 01:41:44,781 INFO FRAIWAN_Extended/no_dn fold 0: config 5 (lr=0.0001, dropout=0.4) epoca 3: train_loss=0.4532 val_loss=0.6474 val_BA=0.500 mejor_epoca=3
2026-09-27 01:41:44,878 INFO FRAIWAN_Extended/no_dn fold 0: config 5 (lr=0.0001, dropout=0.4) epoca 4: train_loss=0.3732 val_loss=0.6323 val_BA=0.500 mejor_epoca=4
2026-09-27 01:41:44,974 INFO FRAIWAN_Extended/no_dn fold 0: config 5 (lr=0.0001, dropout=0.4) epoca 5: train_loss=0.3117 val_loss=0.6181 val_BA=0.500 mejor_epoca=5
2026-09-27 01:41:45,071 INFO FRAIWAN_Extended/no_dn fold 0: config 5 (lr=0.0001, dropout=0.4) epoca 6: train_loss=0.2886 val_loss=0.6061 val_BA=0.500 mejor_epoca=6
2026-09-27 01:41:45,167 INFO FRAIWAN_Extended/no_dn fold 0: config 5 (lr=0.0001, dropout=0.4) epoca 7: train_loss=0.2400 val_loss=0.5916 val_BA=0.500 mejor_epoca=7
2026-09-27 01:41:45,264 INFO FRAIWAN_Extended/no_dn fold 0: config 5 (lr=0.0001, dropout=0.4) epoca 8: train_loss=0.2028 val_loss=0.5822 val_BA=0.500 mejor_epoca=8
2026-09-27 01:41:45,360 INFO FRAIWAN_Extended/no_dn fold 0: config 5 (lr=0.0001, dropout=0.4) epoca 9: train_loss=0.1707 val_loss=0.5747 val_BA=0.500 mejor_epoca=9
2026-09-27 01:41:45,457 INFO FRAIWAN_Extended/no_dn fold 0: config 5 (lr=0.0001, dropout=0.4) epoca 10: train_loss=0.1461 val_loss=0.5732 val_BA=0.500 mejor_epoca=10
2026-09-27 01:41:45,555 INFO FRAIWAN_Extended/no_dn fold 0: config 5 (lr=0.0001, dropout=0.4) epoca 11: train_loss=0.1419 val_loss=0.5729 val_BA=0.500 mejor_epoca=11
2026-09-27 01:41:45,855 INFO FRAIWAN_Extended/no_dn fold 0: config 5 (lr=0.0001, dropout=0.4) epoca 14: train_loss=0.1064 val_loss=0.5636 val_BA=0.500 mejor_epoca=14
2026-09-27 01:41:46,049 INFO FRAIWAN_Extended/no_dn fold 0: config 5 (lr=0.0001, dropout=0.4) epoca 16: train_loss=0.0972 val_loss=0.6095 val_BA=0.750 mejor_epoca=16
2026-09-27 01:41:46,437 INFO FRAIWAN_Extended/no_dn fold 0: config 5 (lr=0.0001, dropout=0.4) epoca 20: train_loss=0.0859 val_loss=0.7699 val_BA=0.550 mejor_epoca=16
2026-09-27 01:41:47,429 INFO FRAIWAN_Extended/no_dn fold 0: config 5 (lr=0.0001, dropout=0.4) epoca 30: train_loss=0.0678 val_loss=0.9115 val_BA=0.550 mejor_epoca=16
2026-09-27 01:41:47,545 INFO FRAIWAN_Extended/no_dn fold 0 config 5: OK val_BA=0.750 mejor_epoca=16 (0.1 min)
2026-09-27 01:41:47,702 INFO FRAIWAN_Extended/no_dn fold 0: config 6 (lr=0.0001, dropout=0.5) epoca 1: train_loss=0.6373 val_loss=0.6642 val_BA=0.500 mejor_epoca=1
2026-09-27 01:41:47,838 INFO FRAIWAN_Extended/no_dn fold 0: config 6 (lr=0.0001, dropout=0.5) epoca 2: train_loss=0.5049 val_loss=0.6253 val_BA=0.500 mejor_epoca=2
2026-09-27 01:41:47,973 INFO FRAIWAN_Extended/no_dn fold 0: config 6 (lr=0.0001, dropout=0.5) epoca 3: train_loss=0.3962 val_loss=0.5871 val_BA=0.500 mejor_epoca=3
2026-09-27 01:41:48,233 INFO FRAIWAN_Extended/no_dn fold 0: config 6 (lr=0.0001, dropout=0.5) epoca 4: train_loss=0.3205 val_loss=0.5504 val_BA=0.500 mejor_epoca=4
2026-09-27 01:41:48,370 INFO FRAIWAN_Extended/no_dn fold 0: config 6 (lr=0.0001, dropout=0.5) epoca 5: train_loss=0.2916 val_loss=0.6038 val_BA=0.750 mejor_epoca=5
2026-09-27 01:41:49,048 INFO FRAIWAN_Extended/no_dn fold 0: config 6 (lr=0.0001, dropout=0.5) epoca 10: train_loss=0.1305 val_loss=2.4901 val_BA=0.700 mejor_epoca=5
2026-09-27 01:41:50,407 INFO FRAIWAN_Extended/no_dn fold 0: config 6 (lr=0.0001, dropout=0.5) epoca 20: train_loss=0.0779 val_loss=0.7167 val_BA=0.750 mejor_epoca=5
2026-09-27 01:41:50,424 INFO FRAIWAN_Extended/no_dn fold 0 config 6: OK val_BA=0.750 mejor_epoca=5 (0.0 min)
2026-09-27 01:41:50,543 INFO FRAIWAN_Extended/no_dn fold 0: config 7 (lr=0.0001, dropout=0.5) epoca 1: train_loss=0.7635 val_loss=0.6844 val_BA=0.500 mejor_epoca=1
2026-09-27 01:41:50,639 INFO FRAIWAN_Extended/no_dn fold 0: config 7 (lr=0.0001, dropout=0.5) epoca 2: train_loss=0.4893 val_loss=0.6748 val_BA=0.500 mejor_epoca=2
2026-09-27 01:41:50,736 INFO FRAIWAN_Extended/no_dn fold 0: config 7 (lr=0.0001, dropout=0.5) epoca 3: train_loss=0.4269 val_loss=0.6609 val_BA=0.500 mejor_epoca=3
2026-09-27 01:41:50,833 INFO FRAIWAN_Extended/no_dn fold 0: config 7 (lr=0.0001, dropout=0.5) epoca 4: train_loss=0.3560 val_loss=0.6452 val_BA=0.500 mejor_epoca=4
2026-09-27 01:41:50,929 INFO FRAIWAN_Extended/no_dn fold 0: config 7 (lr=0.0001, dropout=0.5) epoca 5: train_loss=0.3257 val_loss=0.6297 val_BA=0.500 mejor_epoca=5
2026-09-27 01:41:51,026 INFO FRAIWAN_Extended/no_dn fold 0: config 7 (lr=0.0001, dropout=0.5) epoca 6: train_loss=0.2746 val_loss=0.6107 val_BA=0.500 mejor_epoca=6
2026-09-27 01:41:51,122 INFO FRAIWAN_Extended/no_dn fold 0: config 7 (lr=0.0001, dropout=0.5) epoca 7: train_loss=0.2242 val_loss=0.5933 val_BA=0.500 mejor_epoca=7
2026-09-27 01:41:51,219 INFO FRAIWAN_Extended/no_dn fold 0: config 7 (lr=0.0001, dropout=0.5) epoca 8: train_loss=0.2058 val_loss=0.5782 val_BA=0.500 mejor_epoca=8
2026-09-27 01:41:51,316 INFO FRAIWAN_Extended/no_dn fold 0: config 7 (lr=0.0001, dropout=0.5) epoca 9: train_loss=0.1809 val_loss=0.5678 val_BA=0.500 mejor_epoca=9
2026-09-27 01:41:51,414 INFO FRAIWAN_Extended/no_dn fold 0: config 7 (lr=0.0001, dropout=0.5) epoca 10: train_loss=0.1620 val_loss=0.5621 val_BA=0.500 mejor_epoca=10
2026-09-27 01:41:51,899 INFO FRAIWAN_Extended/no_dn fold 0: config 7 (lr=0.0001, dropout=0.5) epoca 15: train_loss=0.0978 val_loss=0.5845 val_BA=0.750 mejor_epoca=15
2026-09-27 01:41:52,384 INFO FRAIWAN_Extended/no_dn fold 0: config 7 (lr=0.0001, dropout=0.5) epoca 20: train_loss=0.0841 val_loss=0.6771 val_BA=0.750 mejor_epoca=15
2026-09-27 01:41:53,348 INFO FRAIWAN_Extended/no_dn fold 0: config 7 (lr=0.0001, dropout=0.5) epoca 30: train_loss=0.0692 val_loss=0.7288 val_BA=0.750 mejor_epoca=15
2026-09-27 01:41:53,367 INFO FRAIWAN_Extended/no_dn fold 0 config 7: OK val_BA=0.750 mejor_epoca=15 (0.0 min)
2026-09-27 01:41:53,485 INFO FRAIWAN_Extended/no_dn fold 0: config 8 (lr=0.0003, dropout=0.3) epoca 1: train_loss=0.7492 val_loss=0.7289 val_BA=0.500 mejor_epoca=1
2026-09-27 01:41:53,582 INFO FRAIWAN_Extended/no_dn fold 0: config 8 (lr=0.0003, dropout=0.3) epoca 2: train_loss=0.5746 val_loss=0.7160 val_BA=0.500 mejor_epoca=2
2026-09-27 01:41:53,678 INFO FRAIWAN_Extended/no_dn fold 0: config 8 (lr=0.0003, dropout=0.3) epoca 3: train_loss=0.4326 val_loss=0.6803 val_BA=0.500 mejor_epoca=3
2026-09-27 01:41:53,775 INFO FRAIWAN_Extended/no_dn fold 0: config 8 (lr=0.0003, dropout=0.3) epoca 4: train_loss=0.3819 val_loss=0.6554 val_BA=0.500 mejor_epoca=4
2026-09-27 01:41:53,872 INFO FRAIWAN_Extended/no_dn fold 0: config 8 (lr=0.0003, dropout=0.3) epoca 5: train_loss=0.2813 val_loss=0.6335 val_BA=0.500 mejor_epoca=5
2026-09-27 01:41:53,968 INFO FRAIWAN_Extended/no_dn fold 0: config 8 (lr=0.0003, dropout=0.3) epoca 6: train_loss=0.2422 val_loss=0.6131 val_BA=0.500 mejor_epoca=6
2026-09-27 01:41:54,065 INFO FRAIWAN_Extended/no_dn fold 0: config 8 (lr=0.0003, dropout=0.3) epoca 7: train_loss=0.1982 val_loss=0.6078 val_BA=0.500 mejor_epoca=7
2026-09-27 01:41:54,162 INFO FRAIWAN_Extended/no_dn fold 0: config 8 (lr=0.0003, dropout=0.3) epoca 8: train_loss=0.1776 val_loss=0.5986 val_BA=0.500 mejor_epoca=8
2026-09-27 01:41:54,259 INFO FRAIWAN_Extended/no_dn fold 0: config 8 (lr=0.0003, dropout=0.3) epoca 9: train_loss=0.1548 val_loss=0.5844 val_BA=0.500 mejor_epoca=9
2026-09-27 01:41:54,357 INFO FRAIWAN_Extended/no_dn fold 0: config 8 (lr=0.0003, dropout=0.3) epoca 10: train_loss=0.1437 val_loss=0.5728 val_BA=0.500 mejor_epoca=10
2026-09-27 01:41:54,454 INFO FRAIWAN_Extended/no_dn fold 0: config 8 (lr=0.0003, dropout=0.3) epoca 11: train_loss=0.1318 val_loss=0.5666 val_BA=0.500 mejor_epoca=11
2026-09-27 01:41:54,552 INFO FRAIWAN_Extended/no_dn fold 0: config 8 (lr=0.0003, dropout=0.3) epoca 12: train_loss=0.1241 val_loss=0.5592 val_BA=0.500 mejor_epoca=12
2026-09-27 01:41:54,650 INFO FRAIWAN_Extended/no_dn fold 0: config 8 (lr=0.0003, dropout=0.3) epoca 13: train_loss=0.1147 val_loss=0.5514 val_BA=0.500 mejor_epoca=13
2026-09-27 01:41:54,747 INFO FRAIWAN_Extended/no_dn fold 0: config 8 (lr=0.0003, dropout=0.3) epoca 14: train_loss=0.1138 val_loss=0.5465 val_BA=0.500 mejor_epoca=14
2026-09-27 01:41:55,046 INFO FRAIWAN_Extended/no_dn fold 0: config 8 (lr=0.0003, dropout=0.3) epoca 17: train_loss=0.1011 val_loss=0.5758 val_BA=0.750 mejor_epoca=17
2026-09-27 01:41:55,339 INFO FRAIWAN_Extended/no_dn fold 0: config 8 (lr=0.0003, dropout=0.3) epoca 20: train_loss=0.0910 val_loss=0.5115 val_BA=0.750 mejor_epoca=20
2026-09-27 01:41:56,310 INFO FRAIWAN_Extended/no_dn fold 0: config 8 (lr=0.0003, dropout=0.3) epoca 30: train_loss=0.0673 val_loss=0.7687 val_BA=0.400 mejor_epoca=20
2026-09-27 01:41:56,852 INFO FRAIWAN_Extended/no_dn fold 0 config 8: OK val_BA=0.750 mejor_epoca=20 (0.1 min)
2026-09-27 01:41:56,983 INFO FRAIWAN_Extended/no_dn fold 0: config 9 (lr=0.0003, dropout=0.4) epoca 1: train_loss=0.6490 val_loss=0.6563 val_BA=0.500 mejor_epoca=1
2026-09-27 01:41:57,202 INFO FRAIWAN_Extended/no_dn fold 0: config 9 (lr=0.0003, dropout=0.4) epoca 3: train_loss=0.3595 val_loss=0.6446 val_BA=0.500 mejor_epoca=3
2026-09-27 01:41:57,308 INFO FRAIWAN_Extended/no_dn fold 0: config 9 (lr=0.0003, dropout=0.4) epoca 4: train_loss=0.2780 val_loss=0.6117 val_BA=0.500 mejor_epoca=4
2026-09-27 01:41:57,415 INFO FRAIWAN_Extended/no_dn fold 0: config 9 (lr=0.0003, dropout=0.4) epoca 5: train_loss=0.2476 val_loss=0.5873 val_BA=0.500 mejor_epoca=5
2026-09-27 01:41:57,521 INFO FRAIWAN_Extended/no_dn fold 0: config 9 (lr=0.0003, dropout=0.4) epoca 6: train_loss=0.2026 val_loss=0.5777 val_BA=0.500 mejor_epoca=6
2026-09-27 01:41:57,627 INFO FRAIWAN_Extended/no_dn fold 0: config 9 (lr=0.0003, dropout=0.4) epoca 7: train_loss=0.1642 val_loss=0.5653 val_BA=0.500 mejor_epoca=7
2026-09-27 01:41:57,733 INFO FRAIWAN_Extended/no_dn fold 0: config 9 (lr=0.0003, dropout=0.4) epoca 8: train_loss=0.1099 val_loss=0.5580 val_BA=0.500 mejor_epoca=8
2026-09-27 01:41:57,945 INFO FRAIWAN_Extended/no_dn fold 0: config 9 (lr=0.0003, dropout=0.4) epoca 10: train_loss=0.0854 val_loss=0.6460 val_BA=0.500 mejor_epoca=8
2026-09-27 01:41:58,050 INFO FRAIWAN_Extended/no_dn fold 0: config 9 (lr=0.0003, dropout=0.4) epoca 11: train_loss=0.0922 val_loss=2.6374 val_BA=0.700 mejor_epoca=11
2026-09-27 01:41:58,157 INFO FRAIWAN_Extended/no_dn fold 0: config 9 (lr=0.0003, dropout=0.4) epoca 12: train_loss=0.0875 val_loss=0.5640 val_BA=0.750 mejor_epoca=12
2026-09-27 01:41:58,995 INFO FRAIWAN_Extended/no_dn fold 0: config 9 (lr=0.0003, dropout=0.4) epoca 20: train_loss=0.0438 val_loss=0.5689 val_BA=0.750 mejor_epoca=12
2026-09-27 01:41:59,100 INFO FRAIWAN_Extended/no_dn fold 0: config 9 (lr=0.0003, dropout=0.4) epoca 21: train_loss=0.0359 val_loss=0.5496 val_BA=0.750 mejor_epoca=21
2026-09-27 01:42:00,038 INFO FRAIWAN_Extended/no_dn fold 0: config 9 (lr=0.0003, dropout=0.4) epoca 30: train_loss=0.0245 val_loss=0.6773 val_BA=0.500 mejor_epoca=21
2026-09-27 01:42:00,683 INFO FRAIWAN_Extended/no_dn fold 0 config 9: OK val_BA=0.750 mejor_epoca=21 (0.1 min)
2026-09-27 01:42:00,839 INFO FRAIWAN_Extended/no_dn fold 0: config 10 (lr=0.0003, dropout=0.4) epoca 1: train_loss=0.6355 val_loss=0.6861 val_BA=0.500 mejor_epoca=1
2026-09-27 01:42:01,108 INFO FRAIWAN_Extended/no_dn fold 0: config 10 (lr=0.0003, dropout=0.4) epoca 3: train_loss=0.4262 val_loss=0.5834 val_BA=0.500 mejor_epoca=3
2026-09-27 01:42:01,242 INFO FRAIWAN_Extended/no_dn fold 0: config 10 (lr=0.0003, dropout=0.4) epoca 4: train_loss=0.3627 val_loss=0.4827 val_BA=0.750 mejor_epoca=4
2026-09-27 01:42:01,514 INFO FRAIWAN_Extended/no_dn fold 0: config 10 (lr=0.0003, dropout=0.4) epoca 6: train_loss=0.2079 val_loss=0.4183 val_BA=0.750 mejor_epoca=6
2026-09-27 01:42:02,060 INFO FRAIWAN_Extended/no_dn fold 0: config 10 (lr=0.0003, dropout=0.4) epoca 10: train_loss=0.0770 val_loss=2.0241 val_BA=0.650 mejor_epoca=6
2026-09-27 01:42:03,415 INFO FRAIWAN_Extended/no_dn fold 0: config 10 (lr=0.0003, dropout=0.4) epoca 20: train_loss=0.0345 val_loss=0.7639 val_BA=0.500 mejor_epoca=6
2026-09-27 01:42:03,566 INFO FRAIWAN_Extended/no_dn fold 0 config 10: OK val_BA=0.750 mejor_epoca=6 (0.0 min)
2026-09-27 01:42:03,684 INFO FRAIWAN_Extended/no_dn fold 0: config 11 (lr=0.0003, dropout=0.5) epoca 1: train_loss=0.6469 val_loss=0.7014 val_BA=0.500 mejor_epoca=1
2026-09-27 01:42:03,780 INFO FRAIWAN_Extended/no_dn fold 0: config 11 (lr=0.0003, dropout=0.5) epoca 2: train_loss=0.4617 val_loss=0.6651 val_BA=0.500 mejor_epoca=2
2026-09-27 01:42:03,877 INFO FRAIWAN_Extended/no_dn fold 0: config 11 (lr=0.0003, dropout=0.5) epoca 3: train_loss=0.4054 val_loss=0.6272 val_BA=0.500 mejor_epoca=3
2026-09-27 01:42:03,975 INFO FRAIWAN_Extended/no_dn fold 0: config 11 (lr=0.0003, dropout=0.5) epoca 4: train_loss=0.3004 val_loss=0.6099 val_BA=0.500 mejor_epoca=4
2026-09-27 01:42:04,072 INFO FRAIWAN_Extended/no_dn fold 0: config 11 (lr=0.0003, dropout=0.5) epoca 5: train_loss=0.2630 val_loss=0.5961 val_BA=0.500 mejor_epoca=5
2026-09-27 01:42:04,170 INFO FRAIWAN_Extended/no_dn fold 0: config 11 (lr=0.0003, dropout=0.5) epoca 6: train_loss=0.1775 val_loss=0.5845 val_BA=0.500 mejor_epoca=6
2026-09-27 01:42:04,267 INFO FRAIWAN_Extended/no_dn fold 0: config 11 (lr=0.0003, dropout=0.5) epoca 7: train_loss=0.1398 val_loss=0.5818 val_BA=0.500 mejor_epoca=7
2026-09-27 01:42:04,559 INFO FRAIWAN_Extended/no_dn fold 0: config 11 (lr=0.0003, dropout=0.5) epoca 10: train_loss=0.0896 val_loss=0.5949 val_BA=0.500 mejor_epoca=7
2026-09-27 01:42:04,754 INFO FRAIWAN_Extended/no_dn fold 0: config 11 (lr=0.0003, dropout=0.5) epoca 12: train_loss=0.0747 val_loss=0.5760 val_BA=0.500 mejor_epoca=12
2026-09-27 01:42:04,851 INFO FRAIWAN_Extended/no_dn fold 0: config 11 (lr=0.0003, dropout=0.5) epoca 13: train_loss=0.0734 val_loss=0.5570 val_BA=0.500 mejor_epoca=13
2026-09-27 01:42:04,948 INFO FRAIWAN_Extended/no_dn fold 0: config 11 (lr=0.0003, dropout=0.5) epoca 14: train_loss=0.0720 val_loss=0.5457 val_BA=0.500 mejor_epoca=14
2026-09-27 01:42:05,334 INFO FRAIWAN_Extended/no_dn fold 0: config 11 (lr=0.0003, dropout=0.5) epoca 18: train_loss=0.0594 val_loss=0.8010 val_BA=0.750 mejor_epoca=18
2026-09-27 01:42:05,527 INFO FRAIWAN_Extended/no_dn fold 0: config 11 (lr=0.0003, dropout=0.5) epoca 20: train_loss=0.0510 val_loss=0.9675 val_BA=0.650 mejor_epoca=18
2026-09-27 01:42:06,299 INFO FRAIWAN_Extended/no_dn fold 0: config 11 (lr=0.0003, dropout=0.5) epoca 28: train_loss=0.0361 val_loss=0.6518 val_BA=0.750 mejor_epoca=28
2026-09-27 01:42:06,493 INFO FRAIWAN_Extended/no_dn fold 0: config 11 (lr=0.0003, dropout=0.5) epoca 30: train_loss=0.0389 val_loss=2.2223 val_BA=0.550 mejor_epoca=28
2026-09-27 01:42:07,500 INFO FRAIWAN_Extended/no_dn fold 0: config 11 (lr=0.0003, dropout=0.5) epoca 40: train_loss=0.0332 val_loss=1.2672 val_BA=0.650 mejor_epoca=28
2026-09-27 01:42:07,813 INFO FRAIWAN_Extended/no_dn fold 0 config 11: OK val_BA=0.750 mejor_epoca=28 (0.1 min)
2026-09-27 01:42:07,941 INFO FRAIWAN_Extended/no_dn fold 0: config 12 (lr=0.0003, dropout=0.5) epoca 1: train_loss=0.6727 val_loss=0.6752 val_BA=0.500 mejor_epoca=1
2026-09-27 01:42:08,046 INFO FRAIWAN_Extended/no_dn fold 0: config 12 (lr=0.0003, dropout=0.5) epoca 2: train_loss=0.4453 val_loss=0.6420 val_BA=0.500 mejor_epoca=2
2026-09-27 01:42:08,152 INFO FRAIWAN_Extended/no_dn fold 0: config 12 (lr=0.0003, dropout=0.5) epoca 3: train_loss=0.3696 val_loss=0.6046 val_BA=0.500 mejor_epoca=3
2026-09-27 01:42:08,258 INFO FRAIWAN_Extended/no_dn fold 0: config 12 (lr=0.0003, dropout=0.5) epoca 4: train_loss=0.3435 val_loss=0.5858 val_BA=0.500 mejor_epoca=4
2026-09-27 01:42:08,364 INFO FRAIWAN_Extended/no_dn fold 0: config 12 (lr=0.0003, dropout=0.5) epoca 5: train_loss=0.2128 val_loss=0.5773 val_BA=0.500 mejor_epoca=5
2026-09-27 01:42:08,469 INFO FRAIWAN_Extended/no_dn fold 0: config 12 (lr=0.0003, dropout=0.5) epoca 6: train_loss=0.1791 val_loss=0.5716 val_BA=0.500 mejor_epoca=6
2026-09-27 01:42:08,681 INFO FRAIWAN_Extended/no_dn fold 0: config 12 (lr=0.0003, dropout=0.5) epoca 8: train_loss=0.1518 val_loss=0.6175 val_BA=0.750 mejor_epoca=8
2026-09-27 01:42:08,890 INFO FRAIWAN_Extended/no_dn fold 0: config 12 (lr=0.0003, dropout=0.5) epoca 10: train_loss=0.0797 val_loss=0.6754 val_BA=0.500 mejor_epoca=8
2026-09-27 01:42:09,414 INFO FRAIWAN_Extended/no_dn fold 0: config 12 (lr=0.0003, dropout=0.5) epoca 15: train_loss=0.0569 val_loss=0.5600 val_BA=0.750 mejor_epoca=15
2026-09-27 01:42:09,940 INFO FRAIWAN_Extended/no_dn fold 0: config 12 (lr=0.0003, dropout=0.5) epoca 20: train_loss=0.0377 val_loss=0.6659 val_BA=0.750 mejor_epoca=15
2026-09-27 01:42:10,987 INFO FRAIWAN_Extended/no_dn fold 0: config 12 (lr=0.0003, dropout=0.5) epoca 30: train_loss=0.0288 val_loss=0.7065 val_BA=0.750 mejor_epoca=15
2026-09-27 01:42:11,005 INFO FRAIWAN_Extended/no_dn fold 0 config 12: OK val_BA=0.750 mejor_epoca=15 (0.1 min)
2026-09-27 01:42:11,162 INFO FRAIWAN_Extended/no_dn fold 0: config 13 (lr=0.001, dropout=0.2) epoca 1: train_loss=0.6688 val_loss=0.6986 val_BA=0.500 mejor_epoca=1
2026-09-27 01:42:11,296 INFO FRAIWAN_Extended/no_dn fold 0: config 13 (lr=0.001, dropout=0.2) epoca 2: train_loss=0.4155 val_loss=0.5039 val_BA=0.500 mejor_epoca=2
2026-09-27 01:42:11,430 INFO FRAIWAN_Extended/no_dn fold 0: config 13 (lr=0.001, dropout=0.2) epoca 3: train_loss=0.4912 val_loss=0.6264 val_BA=0.900 mejor_epoca=3
2026-09-27 01:42:12,107 INFO FRAIWAN_Extended/no_dn fold 0: config 13 (lr=0.001, dropout=0.2) epoca 8: train_loss=0.2181 val_loss=0.2013 val_BA=1.000 mejor_epoca=8
2026-09-27 01:42:12,376 INFO FRAIWAN_Extended/no_dn fold 0: config 13 (lr=0.001, dropout=0.2) epoca 10: train_loss=0.2751 val_loss=3.7369 val_BA=0.500 mejor_epoca=8
2026-09-27 01:42:13,719 INFO FRAIWAN_Extended/no_dn fold 0: config 13 (lr=0.001, dropout=0.2) epoca 20: train_loss=0.1051 val_loss=0.8378 val_BA=0.750 mejor_epoca=8
2026-09-27 01:42:14,142 INFO FRAIWAN_Extended/no_dn fold 0 config 13: OK val_BA=1.000 mejor_epoca=8 (0.1 min)
2026-09-27 01:42:14,261 INFO FRAIWAN_Extended/no_dn fold 0: config 14 (lr=0.001, dropout=0.3) epoca 1: train_loss=0.6303 val_loss=0.6468 val_BA=0.500 mejor_epoca=1
2026-09-27 01:42:14,357 INFO FRAIWAN_Extended/no_dn fold 0: config 14 (lr=0.001, dropout=0.3) epoca 2: train_loss=0.5312 val_loss=0.6110 val_BA=0.500 mejor_epoca=2
2026-09-27 01:42:14,455 INFO FRAIWAN_Extended/no_dn fold 0: config 14 (lr=0.001, dropout=0.3) epoca 3: train_loss=0.3621 val_loss=0.5850 val_BA=0.500 mejor_epoca=3
2026-09-27 01:42:14,552 INFO FRAIWAN_Extended/no_dn fold 0: config 14 (lr=0.001, dropout=0.3) epoca 4: train_loss=0.2685 val_loss=0.5797 val_BA=0.500 mejor_epoca=4
2026-09-27 01:42:15,136 INFO FRAIWAN_Extended/no_dn fold 0: config 14 (lr=0.001, dropout=0.3) epoca 10: train_loss=0.1807 val_loss=0.5873 val_BA=0.500 mejor_epoca=4
2026-09-27 01:42:15,233 INFO FRAIWAN_Extended/no_dn fold 0: config 14 (lr=0.001, dropout=0.3) epoca 11: train_loss=0.0910 val_loss=1.1949 val_BA=0.700 mejor_epoca=11
2026-09-27 01:42:15,619 INFO FRAIWAN_Extended/no_dn fold 0: config 14 (lr=0.001, dropout=0.3) epoca 15: train_loss=0.0486 val_loss=0.6730 val_BA=0.750 mejor_epoca=15
2026-09-27 01:42:15,715 INFO FRAIWAN_Extended/no_dn fold 0: config 14 (lr=0.001, dropout=0.3) epoca 16: train_loss=0.0359 val_loss=0.6072 val_BA=0.750 mejor_epoca=16
2026-09-27 01:42:15,812 INFO FRAIWAN_Extended/no_dn fold 0: config 14 (lr=0.001, dropout=0.3) epoca 17: train_loss=0.0365 val_loss=0.5811 val_BA=0.750 mejor_epoca=17
2026-09-27 01:42:16,102 INFO FRAIWAN_Extended/no_dn fold 0: config 14 (lr=0.001, dropout=0.3) epoca 20: train_loss=0.0229 val_loss=2.6093 val_BA=0.550 mejor_epoca=17
2026-09-27 01:42:17,082 INFO FRAIWAN_Extended/no_dn fold 0: config 14 (lr=0.001, dropout=0.3) epoca 30: train_loss=0.0138 val_loss=1.0149 val_BA=0.750 mejor_epoca=17
2026-09-27 01:42:17,303 INFO FRAIWAN_Extended/no_dn fold 0 config 14: OK val_BA=0.750 mejor_epoca=17 (0.1 min)
2026-09-27 01:42:17,431 INFO FRAIWAN_Extended/no_dn fold 0: config 15 (lr=0.001, dropout=0.3) epoca 1: train_loss=0.5617 val_loss=0.6173 val_BA=0.500 mejor_epoca=1
2026-09-27 01:42:17,539 INFO FRAIWAN_Extended/no_dn fold 0: config 15 (lr=0.001, dropout=0.3) epoca 2: train_loss=0.4833 val_loss=0.5712 val_BA=0.500 mejor_epoca=2
2026-09-27 01:42:17,650 INFO FRAIWAN_Extended/no_dn fold 0: config 15 (lr=0.001, dropout=0.3) epoca 3: train_loss=0.3722 val_loss=0.5335 val_BA=0.500 mejor_epoca=3
2026-09-27 01:42:18,292 INFO FRAIWAN_Extended/no_dn fold 0: config 15 (lr=0.001, dropout=0.3) epoca 9: train_loss=0.1079 val_loss=0.6537 val_BA=0.750 mejor_epoca=9
2026-09-27 01:42:18,397 INFO FRAIWAN_Extended/no_dn fold 0: config 15 (lr=0.001, dropout=0.3) epoca 10: train_loss=0.1252 val_loss=0.7848 val_BA=0.500 mejor_epoca=9
2026-09-27 01:42:19,452 INFO FRAIWAN_Extended/no_dn fold 0: config 15 (lr=0.001, dropout=0.3) epoca 20: train_loss=0.0575 val_loss=0.8629 val_BA=0.750 mejor_epoca=9
2026-09-27 01:42:19,892 INFO FRAIWAN_Extended/no_dn fold 0 config 15: OK val_BA=0.750 mejor_epoca=9 (0.0 min)
2026-09-27 01:42:20,051 INFO FRAIWAN_Extended/no_dn fold 0: config 16 (lr=0.001, dropout=0.4) epoca 1: train_loss=0.6791 val_loss=0.6635 val_BA=0.500 mejor_epoca=1
2026-09-27 01:42:20,189 INFO FRAIWAN_Extended/no_dn fold 0: config 16 (lr=0.001, dropout=0.4) epoca 2: train_loss=0.5034 val_loss=0.5649 val_BA=0.500 mejor_epoca=2
2026-09-27 01:42:20,326 INFO FRAIWAN_Extended/no_dn fold 0: config 16 (lr=0.001, dropout=0.4) epoca 3: train_loss=0.4353 val_loss=0.8254 val_BA=0.650 mejor_epoca=3
2026-09-27 01:42:20,731 INFO FRAIWAN_Extended/no_dn fold 0: config 16 (lr=0.001, dropout=0.4) epoca 6: train_loss=0.3548 val_loss=0.9510 val_BA=0.750 mejor_epoca=6
2026-09-27 01:42:21,136 INFO FRAIWAN_Extended/no_dn fold 0: config 16 (lr=0.001, dropout=0.4) epoca 9: train_loss=0.5155 val_loss=0.6472 val_BA=0.750 mejor_epoca=9
2026-09-27 01:42:21,272 INFO FRAIWAN_Extended/no_dn fold 0: config 16 (lr=0.001, dropout=0.4) epoca 10: train_loss=0.2193 val_loss=1.6736 val_BA=0.650 mejor_epoca=9
2026-09-27 01:42:21,542 INFO FRAIWAN_Extended/no_dn fold 0: config 16 (lr=0.001, dropout=0.4) epoca 12: train_loss=0.1445 val_loss=1.2424 val_BA=0.800 mejor_epoca=12
2026-09-27 01:42:22,638 INFO FRAIWAN_Extended/no_dn fold 0: config 16 (lr=0.001, dropout=0.4) epoca 20: train_loss=0.1097 val_loss=1.0336 val_BA=0.500 mejor_epoca=12
2026-09-27 01:42:23,597 INFO FRAIWAN_Extended/no_dn fold 0 config 16: OK val_BA=0.800 mejor_epoca=12 (0.1 min)
2026-09-27 01:42:23,723 INFO FRAIWAN_Extended/no_dn fold 0: config 17 (lr=0.001, dropout=0.5) epoca 1: train_loss=0.5882 val_loss=0.6044 val_BA=0.500 mejor_epoca=1
2026-09-27 01:42:23,828 INFO FRAIWAN_Extended/no_dn fold 0: config 17 (lr=0.001, dropout=0.5) epoca 2: train_loss=0.4554 val_loss=0.5842 val_BA=0.500 mejor_epoca=2
2026-09-27 01:42:24,664 INFO FRAIWAN_Extended/no_dn fold 0: config 17 (lr=0.001, dropout=0.5) epoca 10: train_loss=0.0728 val_loss=0.7135 val_BA=0.500 mejor_epoca=2
2026-09-27 01:42:24,770 INFO FRAIWAN_Extended/no_dn fold 0: config 17 (lr=0.001, dropout=0.5) epoca 11: train_loss=0.0550 val_loss=1.4200 val_BA=0.650 mejor_epoca=11
2026-09-27 01:42:24,875 INFO FRAIWAN_Extended/no_dn fold 0: config 17 (lr=0.001, dropout=0.5) epoca 12: train_loss=0.0676 val_loss=0.7949 val_BA=0.900 mejor_epoca=12
2026-09-27 01:42:25,501 INFO FRAIWAN_Extended/no_dn fold 0: config 17 (lr=0.001, dropout=0.5) epoca 18: train_loss=0.0159 val_loss=0.6257 val_BA=0.900 mejor_epoca=18
2026-09-27 01:42:25,712 INFO FRAIWAN_Extended/no_dn fold 0: config 17 (lr=0.001, dropout=0.5) epoca 20: train_loss=0.0157 val_loss=1.0379 val_BA=0.500 mejor_epoca=18
2026-09-27 01:42:26,771 INFO FRAIWAN_Extended/no_dn fold 0: config 17 (lr=0.001, dropout=0.5) epoca 30: train_loss=0.0300 val_loss=1.2565 val_BA=0.500 mejor_epoca=18
2026-09-27 01:42:27,122 INFO FRAIWAN_Extended/no_dn fold 0 config 17: OK val_BA=0.900 mejor_epoca=18 (0.1 min)
2026-09-27 01:42:27,242 INFO FRAIWAN_Extended/no_dn fold 0: config 18 (lr=0.001, dropout=0.5) epoca 1: train_loss=0.7473 val_loss=0.6500 val_BA=0.500 mejor_epoca=1
2026-09-27 01:42:27,340 INFO FRAIWAN_Extended/no_dn fold 0: config 18 (lr=0.001, dropout=0.5) epoca 2: train_loss=0.4759 val_loss=0.5867 val_BA=0.500 mejor_epoca=2
2026-09-27 01:42:27,438 INFO FRAIWAN_Extended/no_dn fold 0: config 18 (lr=0.001, dropout=0.5) epoca 3: train_loss=0.4573 val_loss=0.5745 val_BA=0.500 mejor_epoca=3
2026-09-27 01:42:28,130 INFO FRAIWAN_Extended/no_dn fold 0: config 18 (lr=0.001, dropout=0.5) epoca 10: train_loss=0.1376 val_loss=0.6548 val_BA=0.500 mejor_epoca=3
2026-09-27 01:42:28,325 INFO FRAIWAN_Extended/no_dn fold 0: config 18 (lr=0.001, dropout=0.5) epoca 12: train_loss=0.1099 val_loss=0.6706 val_BA=0.750 mejor_epoca=12
2026-09-27 01:42:29,103 INFO FRAIWAN_Extended/no_dn fold 0: config 18 (lr=0.001, dropout=0.5) epoca 20: train_loss=0.0364 val_loss=0.7974 val_BA=0.750 mejor_epoca=12
2026-09-27 01:42:29,803 INFO FRAIWAN_Extended/no_dn fold 0 config 18: OK val_BA=0.750 mejor_epoca=12 (0.0 min)
2026-09-27 01:42:29,922 INFO FRAIWAN_Extended/no_dn fold 0: config 19 (lr=0.001, dropout=0.5) epoca 1: train_loss=0.6226 val_loss=0.6270 val_BA=0.500 mejor_epoca=1
2026-09-27 01:42:30,019 INFO FRAIWAN_Extended/no_dn fold 0: config 19 (lr=0.001, dropout=0.5) epoca 2: train_loss=0.4970 val_loss=0.6013 val_BA=0.500 mejor_epoca=2
2026-09-27 01:42:30,116 INFO FRAIWAN_Extended/no_dn fold 0: config 19 (lr=0.001, dropout=0.5) epoca 3: train_loss=0.3722 val_loss=0.5761 val_BA=0.500 mejor_epoca=3
2026-09-27 01:42:30,309 INFO FRAIWAN_Extended/no_dn fold 0: config 19 (lr=0.001, dropout=0.5) epoca 5: train_loss=0.3382 val_loss=0.5697 val_BA=0.500 mejor_epoca=5
2026-09-27 01:42:30,791 INFO FRAIWAN_Extended/no_dn fold 0: config 19 (lr=0.001, dropout=0.5) epoca 10: train_loss=0.1303 val_loss=0.7791 val_BA=0.500 mejor_epoca=5
2026-09-27 01:42:31,179 INFO FRAIWAN_Extended/no_dn fold 0: config 19 (lr=0.001, dropout=0.5) epoca 14: train_loss=0.0776 val_loss=1.1123 val_BA=0.750 mejor_epoca=14
2026-09-27 01:42:31,373 INFO FRAIWAN_Extended/no_dn fold 0: config 19 (lr=0.001, dropout=0.5) epoca 16: train_loss=0.0394 val_loss=0.5833 val_BA=0.750 mejor_epoca=16
2026-09-27 01:42:31,759 INFO FRAIWAN_Extended/no_dn fold 0: config 19 (lr=0.001, dropout=0.5) epoca 20: train_loss=0.0232 val_loss=0.9088 val_BA=0.750 mejor_epoca=16
2026-09-27 01:42:32,146 INFO FRAIWAN_Extended/no_dn fold 0: config 19 (lr=0.001, dropout=0.5) epoca 24: train_loss=0.0579 val_loss=0.8066 val_BA=0.900 mejor_epoca=24
2026-09-27 01:42:32,728 INFO FRAIWAN_Extended/no_dn fold 0: config 19 (lr=0.001, dropout=0.5) epoca 30: train_loss=0.0111 val_loss=1.0880 val_BA=0.750 mejor_epoca=24
2026-09-27 01:42:33,617 INFO FRAIWAN_Extended/no_dn fold 0 config 19: OK val_BA=0.900 mejor_epoca=24 (0.1 min)
2026-09-27 01:42:33,655 INFO FRAIWAN_Extended/no_dn fold 1: log-mel no_dn listo en 0.0 s, forma (187, 1, 64, 309)
2026-09-27 01:42:33,659 INFO FRAIWAN_Extended/no_dn fold 1: 27/7 pacientes train/validation, 20 de 20 configuracion(es) por evaluar
2026-09-27 01:42:33,848 INFO FRAIWAN_Extended/no_dn fold 1: config 0 (lr=0.0001, dropout=0.3) epoca 1: train_loss=0.6714 val_loss=0.6474 val_BA=0.500 mejor_epoca=1
2026-09-27 01:42:33,973 INFO FRAIWAN_Extended/no_dn fold 1: config 0 (lr=0.0001, dropout=0.3) epoca 2: train_loss=0.4977 val_loss=0.6305 val_BA=0.500 mejor_epoca=2
2026-09-27 01:42:34,099 INFO FRAIWAN_Extended/no_dn fold 1: config 0 (lr=0.0001, dropout=0.3) epoca 3: train_loss=0.3701 val_loss=0.6133 val_BA=0.500 mejor_epoca=3
2026-09-27 01:42:34,224 INFO FRAIWAN_Extended/no_dn fold 1: config 0 (lr=0.0001, dropout=0.3) epoca 4: train_loss=0.2684 val_loss=0.5886 val_BA=0.500 mejor_epoca=4
2026-09-27 01:42:34,984 INFO FRAIWAN_Extended/no_dn fold 1: config 0 (lr=0.0001, dropout=0.3) epoca 10: train_loss=0.1037 val_loss=0.6823 val_BA=0.500 mejor_epoca=4
2026-09-27 01:42:36,259 INFO FRAIWAN_Extended/no_dn fold 1: config 0 (lr=0.0001, dropout=0.3) epoca 20: train_loss=0.0867 val_loss=0.7834 val_BA=0.500 mejor_epoca=4
2026-09-27 01:42:36,279 INFO FRAIWAN_Extended/no_dn fold 1 config 0: OK val_BA=0.500 mejor_epoca=4 (0.0 min)
2026-09-27 01:42:36,400 INFO FRAIWAN_Extended/no_dn fold 1: config 1 (lr=0.0001, dropout=0.3) epoca 1: train_loss=0.6470 val_loss=0.7009 val_BA=0.500 mejor_epoca=1
2026-09-27 01:42:36,503 INFO FRAIWAN_Extended/no_dn fold 1: config 1 (lr=0.0001, dropout=0.3) epoca 2: train_loss=0.5121 val_loss=0.6898 val_BA=0.500 mejor_epoca=2
2026-09-27 01:42:36,604 INFO FRAIWAN_Extended/no_dn fold 1: config 1 (lr=0.0001, dropout=0.3) epoca 3: train_loss=0.4444 val_loss=0.6838 val_BA=0.500 mejor_epoca=3
2026-09-27 01:42:36,702 INFO FRAIWAN_Extended/no_dn fold 1: config 1 (lr=0.0001, dropout=0.3) epoca 4: train_loss=0.3804 val_loss=0.6793 val_BA=0.500 mejor_epoca=4
2026-09-27 01:42:36,799 INFO FRAIWAN_Extended/no_dn fold 1: config 1 (lr=0.0001, dropout=0.3) epoca 5: train_loss=0.3307 val_loss=0.6735 val_BA=0.500 mejor_epoca=5
2026-09-27 01:42:36,894 INFO FRAIWAN_Extended/no_dn fold 1: config 1 (lr=0.0001, dropout=0.3) epoca 6: train_loss=0.2664 val_loss=0.6628 val_BA=0.500 mejor_epoca=6
2026-09-27 01:42:36,991 INFO FRAIWAN_Extended/no_dn fold 1: config 1 (lr=0.0001, dropout=0.3) epoca 7: train_loss=0.2383 val_loss=0.6466 val_BA=0.500 mejor_epoca=7
2026-09-27 01:42:37,086 INFO FRAIWAN_Extended/no_dn fold 1: config 1 (lr=0.0001, dropout=0.3) epoca 8: train_loss=0.2069 val_loss=0.6325 val_BA=0.500 mejor_epoca=8
2026-09-27 01:42:37,181 INFO FRAIWAN_Extended/no_dn fold 1: config 1 (lr=0.0001, dropout=0.3) epoca 9: train_loss=0.1956 val_loss=0.6178 val_BA=0.500 mejor_epoca=9
2026-09-27 01:42:37,275 INFO FRAIWAN_Extended/no_dn fold 1: config 1 (lr=0.0001, dropout=0.3) epoca 10: train_loss=0.1664 val_loss=0.6073 val_BA=0.500 mejor_epoca=10
2026-09-27 01:42:37,370 INFO FRAIWAN_Extended/no_dn fold 1: config 1 (lr=0.0001, dropout=0.3) epoca 11: train_loss=0.1566 val_loss=0.5963 val_BA=0.500 mejor_epoca=11
2026-09-27 01:42:37,470 INFO FRAIWAN_Extended/no_dn fold 1: config 1 (lr=0.0001, dropout=0.3) epoca 12: train_loss=0.1454 val_loss=0.5844 val_BA=0.500 mejor_epoca=12
2026-09-27 01:42:37,569 INFO FRAIWAN_Extended/no_dn fold 1: config 1 (lr=0.0001, dropout=0.3) epoca 13: train_loss=0.1394 val_loss=0.5738 val_BA=0.500 mejor_epoca=13
2026-09-27 01:42:37,668 INFO FRAIWAN_Extended/no_dn fold 1: config 1 (lr=0.0001, dropout=0.3) epoca 14: train_loss=0.1279 val_loss=0.5629 val_BA=0.500 mejor_epoca=14
2026-09-27 01:42:37,767 INFO FRAIWAN_Extended/no_dn fold 1: config 1 (lr=0.0001, dropout=0.3) epoca 15: train_loss=0.1216 val_loss=0.5546 val_BA=0.500 mejor_epoca=15
2026-09-27 01:42:37,862 INFO FRAIWAN_Extended/no_dn fold 1: config 1 (lr=0.0001, dropout=0.3) epoca 16: train_loss=0.1207 val_loss=0.5523 val_BA=0.500 mejor_epoca=16
2026-09-27 01:42:38,245 INFO FRAIWAN_Extended/no_dn fold 1: config 1 (lr=0.0001, dropout=0.3) epoca 20: train_loss=0.1073 val_loss=0.5907 val_BA=0.400 mejor_epoca=16
2026-09-27 01:42:39,193 INFO FRAIWAN_Extended/no_dn fold 1: config 1 (lr=0.0001, dropout=0.3) epoca 30: train_loss=0.1077 val_loss=0.6256 val_BA=0.500 mejor_epoca=16
2026-09-27 01:42:39,305 INFO FRAIWAN_Extended/no_dn fold 1 config 1: OK val_BA=0.500 mejor_epoca=16 (0.1 min)
2026-09-27 01:42:39,429 INFO FRAIWAN_Extended/no_dn fold 1: config 2 (lr=0.0001, dropout=0.4) epoca 1: train_loss=0.6275 val_loss=0.6729 val_BA=0.500 mejor_epoca=1
2026-09-27 01:42:39,532 INFO FRAIWAN_Extended/no_dn fold 1: config 2 (lr=0.0001, dropout=0.4) epoca 2: train_loss=0.4484 val_loss=0.6569 val_BA=0.500 mejor_epoca=2
2026-09-27 01:42:39,634 INFO FRAIWAN_Extended/no_dn fold 1: config 2 (lr=0.0001, dropout=0.4) epoca 3: train_loss=0.4133 val_loss=0.6458 val_BA=0.500 mejor_epoca=3
2026-09-27 01:42:39,736 INFO FRAIWAN_Extended/no_dn fold 1: config 2 (lr=0.0001, dropout=0.4) epoca 4: train_loss=0.3040 val_loss=0.6270 val_BA=0.500 mejor_epoca=4
2026-09-27 01:42:39,839 INFO FRAIWAN_Extended/no_dn fold 1: config 2 (lr=0.0001, dropout=0.4) epoca 5: train_loss=0.2100 val_loss=0.5992 val_BA=0.500 mejor_epoca=5
2026-09-27 01:42:39,941 INFO FRAIWAN_Extended/no_dn fold 1: config 2 (lr=0.0001, dropout=0.4) epoca 6: train_loss=0.1965 val_loss=0.5966 val_BA=0.500 mejor_epoca=6
2026-09-27 01:42:40,349 INFO FRAIWAN_Extended/no_dn fold 1: config 2 (lr=0.0001, dropout=0.4) epoca 10: train_loss=0.0998 val_loss=0.6228 val_BA=0.500 mejor_epoca=6
2026-09-27 01:42:41,369 INFO FRAIWAN_Extended/no_dn fold 1: config 2 (lr=0.0001, dropout=0.4) epoca 20: train_loss=0.0698 val_loss=0.6529 val_BA=0.400 mejor_epoca=6
2026-09-27 01:42:41,488 INFO FRAIWAN_Extended/no_dn fold 1 config 2: OK val_BA=0.500 mejor_epoca=6 (0.0 min)
2026-09-27 01:42:41,632 INFO FRAIWAN_Extended/no_dn fold 1: config 3 (lr=0.0001, dropout=0.4) epoca 1: train_loss=0.6915 val_loss=0.7072 val_BA=0.500 mejor_epoca=1
2026-09-27 01:42:41,756 INFO FRAIWAN_Extended/no_dn fold 1: config 3 (lr=0.0001, dropout=0.4) epoca 2: train_loss=0.5158 val_loss=0.6784 val_BA=0.500 mejor_epoca=2
2026-09-27 01:42:41,882 INFO FRAIWAN_Extended/no_dn fold 1: config 3 (lr=0.0001, dropout=0.4) epoca 3: train_loss=0.3923 val_loss=0.6447 val_BA=0.500 mejor_epoca=3
2026-09-27 01:42:42,008 INFO FRAIWAN_Extended/no_dn fold 1: config 3 (lr=0.0001, dropout=0.4) epoca 4: train_loss=0.3304 val_loss=0.5992 val_BA=0.500 mejor_epoca=4
2026-09-27 01:42:42,769 INFO FRAIWAN_Extended/no_dn fold 1: config 3 (lr=0.0001, dropout=0.4) epoca 10: train_loss=0.1241 val_loss=0.6526 val_BA=0.500 mejor_epoca=4
2026-09-27 01:42:44,012 INFO FRAIWAN_Extended/no_dn fold 1: config 3 (lr=0.0001, dropout=0.4) epoca 20: train_loss=0.0869 val_loss=0.6806 val_BA=0.500 mejor_epoca=4
2026-09-27 01:42:44,030 INFO FRAIWAN_Extended/no_dn fold 1 config 3: OK val_BA=0.500 mejor_epoca=4 (0.0 min)
2026-09-27 01:42:44,152 INFO FRAIWAN_Extended/no_dn fold 1: config 4 (lr=0.0001, dropout=0.4) epoca 1: train_loss=0.6722 val_loss=0.6984 val_BA=0.500 mejor_epoca=1
2026-09-27 01:42:44,557 INFO FRAIWAN_Extended/no_dn fold 1: config 4 (lr=0.0001, dropout=0.4) epoca 5: train_loss=0.2743 val_loss=0.6634 val_BA=0.500 mejor_epoca=5
2026-09-27 01:42:44,659 INFO FRAIWAN_Extended/no_dn fold 1: config 4 (lr=0.0001, dropout=0.4) epoca 6: train_loss=0.2223 val_loss=0.6272 val_BA=0.500 mejor_epoca=6
2026-09-27 01:42:44,761 INFO FRAIWAN_Extended/no_dn fold 1: config 4 (lr=0.0001, dropout=0.4) epoca 7: train_loss=0.1940 val_loss=0.6093 val_BA=0.500 mejor_epoca=7
2026-09-27 01:42:44,864 INFO FRAIWAN_Extended/no_dn fold 1: config 4 (lr=0.0001, dropout=0.4) epoca 8: train_loss=0.1761 val_loss=0.5995 val_BA=0.500 mejor_epoca=8
2026-09-27 01:42:44,965 INFO FRAIWAN_Extended/no_dn fold 1: config 4 (lr=0.0001, dropout=0.4) epoca 9: train_loss=0.1584 val_loss=0.5966 val_BA=0.500 mejor_epoca=9
2026-09-27 01:42:45,068 INFO FRAIWAN_Extended/no_dn fold 1: config 4 (lr=0.0001, dropout=0.4) epoca 10: train_loss=0.1395 val_loss=0.6053 val_BA=0.500 mejor_epoca=9
2026-09-27 01:42:46,110 INFO FRAIWAN_Extended/no_dn fold 1: config 4 (lr=0.0001, dropout=0.4) epoca 20: train_loss=0.1123 val_loss=0.6345 val_BA=0.500 mejor_epoca=9
2026-09-27 01:42:46,518 INFO FRAIWAN_Extended/no_dn fold 1: config 4 (lr=0.0001, dropout=0.4) epoca 24: train_loss=0.0940 val_loss=0.5942 val_BA=0.500 mejor_epoca=24
2026-09-27 01:42:46,620 INFO FRAIWAN_Extended/no_dn fold 1: config 4 (lr=0.0001, dropout=0.4) epoca 25: train_loss=0.1313 val_loss=0.5854 val_BA=0.500 mejor_epoca=25
2026-09-27 01:42:47,135 INFO FRAIWAN_Extended/no_dn fold 1: config 4 (lr=0.0001, dropout=0.4) epoca 30: train_loss=0.1244 val_loss=0.6339 val_BA=0.400 mejor_epoca=25
2026-09-27 01:42:48,170 INFO FRAIWAN_Extended/no_dn fold 1: config 4 (lr=0.0001, dropout=0.4) epoca 40: train_loss=0.1015 val_loss=0.7156 val_BA=0.400 mejor_epoca=25
2026-09-27 01:42:48,188 INFO FRAIWAN_Extended/no_dn fold 1 config 4: OK val_BA=0.500 mejor_epoca=25 (0.1 min)
2026-09-27 01:42:48,302 INFO FRAIWAN_Extended/no_dn fold 1: config 5 (lr=0.0001, dropout=0.4) epoca 1: train_loss=0.7326 val_loss=0.6727 val_BA=0.500 mejor_epoca=1
2026-09-27 01:42:48,396 INFO FRAIWAN_Extended/no_dn fold 1: config 5 (lr=0.0001, dropout=0.4) epoca 2: train_loss=0.5481 val_loss=0.6700 val_BA=0.500 mejor_epoca=2
2026-09-27 01:42:48,490 INFO FRAIWAN_Extended/no_dn fold 1: config 5 (lr=0.0001, dropout=0.4) epoca 3: train_loss=0.4239 val_loss=0.6648 val_BA=0.500 mejor_epoca=3
2026-09-27 01:42:48,584 INFO FRAIWAN_Extended/no_dn fold 1: config 5 (lr=0.0001, dropout=0.4) epoca 4: train_loss=0.3730 val_loss=0.6589 val_BA=0.500 mejor_epoca=4
2026-09-27 01:42:48,677 INFO FRAIWAN_Extended/no_dn fold 1: config 5 (lr=0.0001, dropout=0.4) epoca 5: train_loss=0.2895 val_loss=0.6531 val_BA=0.500 mejor_epoca=5
2026-09-27 01:42:48,771 INFO FRAIWAN_Extended/no_dn fold 1: config 5 (lr=0.0001, dropout=0.4) epoca 6: train_loss=0.2547 val_loss=0.6394 val_BA=0.500 mejor_epoca=6
2026-09-27 01:42:48,865 INFO FRAIWAN_Extended/no_dn fold 1: config 5 (lr=0.0001, dropout=0.4) epoca 7: train_loss=0.2218 val_loss=0.6278 val_BA=0.500 mejor_epoca=7
2026-09-27 01:42:48,958 INFO FRAIWAN_Extended/no_dn fold 1: config 5 (lr=0.0001, dropout=0.4) epoca 8: train_loss=0.1804 val_loss=0.6186 val_BA=0.500 mejor_epoca=8
2026-09-27 01:42:49,052 INFO FRAIWAN_Extended/no_dn fold 1: config 5 (lr=0.0001, dropout=0.4) epoca 9: train_loss=0.1546 val_loss=0.6132 val_BA=0.500 mejor_epoca=9
2026-09-27 01:42:49,145 INFO FRAIWAN_Extended/no_dn fold 1: config 5 (lr=0.0001, dropout=0.4) epoca 10: train_loss=0.1438 val_loss=0.6121 val_BA=0.500 mejor_epoca=10
2026-09-27 01:42:49,238 INFO FRAIWAN_Extended/no_dn fold 1: config 5 (lr=0.0001, dropout=0.4) epoca 11: train_loss=0.1310 val_loss=0.6115 val_BA=0.500 mejor_epoca=11
2026-09-27 01:42:50,077 INFO FRAIWAN_Extended/no_dn fold 1: config 5 (lr=0.0001, dropout=0.4) epoca 20: train_loss=0.0859 val_loss=0.6252 val_BA=0.500 mejor_epoca=11
2026-09-27 01:42:50,264 INFO FRAIWAN_Extended/no_dn fold 1: config 5 (lr=0.0001, dropout=0.4) epoca 22: train_loss=0.0721 val_loss=0.6115 val_BA=0.500 mejor_epoca=22
2026-09-27 01:42:51,008 INFO FRAIWAN_Extended/no_dn fold 1: config 5 (lr=0.0001, dropout=0.4) epoca 30: train_loss=0.0638 val_loss=0.7284 val_BA=0.500 mejor_epoca=22
2026-09-27 01:42:51,677 INFO FRAIWAN_Extended/no_dn fold 1 config 5: OK val_BA=0.500 mejor_epoca=22 (0.1 min)
2026-09-27 01:42:51,821 INFO FRAIWAN_Extended/no_dn fold 1: config 6 (lr=0.0001, dropout=0.5) epoca 1: train_loss=0.7108 val_loss=0.6638 val_BA=0.500 mejor_epoca=1
2026-09-27 01:42:51,946 INFO FRAIWAN_Extended/no_dn fold 1: config 6 (lr=0.0001, dropout=0.5) epoca 2: train_loss=0.5723 val_loss=0.6282 val_BA=0.500 mejor_epoca=2
2026-09-27 01:42:52,072 INFO FRAIWAN_Extended/no_dn fold 1: config 6 (lr=0.0001, dropout=0.5) epoca 3: train_loss=0.4571 val_loss=0.5988 val_BA=0.500 mejor_epoca=3
2026-09-27 01:42:52,198 INFO FRAIWAN_Extended/no_dn fold 1: config 6 (lr=0.0001, dropout=0.5) epoca 4: train_loss=0.3327 val_loss=0.5786 val_BA=0.500 mejor_epoca=4
2026-09-27 01:42:52,325 INFO FRAIWAN_Extended/no_dn fold 1: config 6 (lr=0.0001, dropout=0.5) epoca 5: train_loss=0.2405 val_loss=0.5576 val_BA=0.500 mejor_epoca=5
2026-09-27 01:42:52,702 INFO FRAIWAN_Extended/no_dn fold 1: config 6 (lr=0.0001, dropout=0.5) epoca 8: train_loss=0.1644 val_loss=0.6925 val_BA=0.650 mejor_epoca=8
2026-09-27 01:42:52,955 INFO FRAIWAN_Extended/no_dn fold 1: config 6 (lr=0.0001, dropout=0.5) epoca 10: train_loss=0.1577 val_loss=0.7626 val_BA=0.400 mejor_epoca=8
2026-09-27 01:42:54,199 INFO FRAIWAN_Extended/no_dn fold 1: config 6 (lr=0.0001, dropout=0.5) epoca 20: train_loss=0.0782 val_loss=0.6846 val_BA=0.500 mejor_epoca=8
2026-09-27 01:42:54,610 INFO FRAIWAN_Extended/no_dn fold 1 config 6: OK val_BA=0.650 mejor_epoca=8 (0.0 min)
2026-09-27 01:42:54,734 INFO FRAIWAN_Extended/no_dn fold 1: config 7 (lr=0.0001, dropout=0.5) epoca 1: train_loss=0.6445 val_loss=0.6495 val_BA=0.500 mejor_epoca=1
2026-09-27 01:42:54,833 INFO FRAIWAN_Extended/no_dn fold 1: config 7 (lr=0.0001, dropout=0.5) epoca 2: train_loss=0.5072 val_loss=0.6447 val_BA=0.500 mejor_epoca=2
2026-09-27 01:42:54,927 INFO FRAIWAN_Extended/no_dn fold 1: config 7 (lr=0.0001, dropout=0.5) epoca 3: train_loss=0.4502 val_loss=0.6417 val_BA=0.500 mejor_epoca=3
2026-09-27 01:42:55,021 INFO FRAIWAN_Extended/no_dn fold 1: config 7 (lr=0.0001, dropout=0.5) epoca 4: train_loss=0.4057 val_loss=0.6370 val_BA=0.500 mejor_epoca=4
2026-09-27 01:42:55,115 INFO FRAIWAN_Extended/no_dn fold 1: config 7 (lr=0.0001, dropout=0.5) epoca 5: train_loss=0.2966 val_loss=0.6310 val_BA=0.500 mejor_epoca=5
2026-09-27 01:42:55,210 INFO FRAIWAN_Extended/no_dn fold 1: config 7 (lr=0.0001, dropout=0.5) epoca 6: train_loss=0.2571 val_loss=0.6226 val_BA=0.500 mejor_epoca=6
2026-09-27 01:42:55,304 INFO FRAIWAN_Extended/no_dn fold 1: config 7 (lr=0.0001, dropout=0.5) epoca 7: train_loss=0.2100 val_loss=0.6149 val_BA=0.500 mejor_epoca=7
2026-09-27 01:42:55,397 INFO FRAIWAN_Extended/no_dn fold 1: config 7 (lr=0.0001, dropout=0.5) epoca 8: train_loss=0.1814 val_loss=0.6069 val_BA=0.500 mejor_epoca=8
2026-09-27 01:42:55,491 INFO FRAIWAN_Extended/no_dn fold 1: config 7 (lr=0.0001, dropout=0.5) epoca 9: train_loss=0.1451 val_loss=0.5987 val_BA=0.500 mejor_epoca=9
2026-09-27 01:42:55,585 INFO FRAIWAN_Extended/no_dn fold 1: config 7 (lr=0.0001, dropout=0.5) epoca 10: train_loss=0.1595 val_loss=0.5974 val_BA=0.500 mejor_epoca=10
2026-09-27 01:42:56,536 INFO FRAIWAN_Extended/no_dn fold 1: config 7 (lr=0.0001, dropout=0.5) epoca 20: train_loss=0.0888 val_loss=0.6944 val_BA=0.500 mejor_epoca=10
2026-09-27 01:42:57,023 INFO FRAIWAN_Extended/no_dn fold 1 config 7: OK val_BA=0.500 mejor_epoca=10 (0.0 min)
2026-09-27 01:42:57,254 INFO FRAIWAN_Extended/no_dn fold 1: config 8 (lr=0.0003, dropout=0.3) epoca 1: train_loss=0.6724 val_loss=0.6881 val_BA=0.500 mejor_epoca=1
2026-09-27 01:42:57,348 INFO FRAIWAN_Extended/no_dn fold 1: config 8 (lr=0.0003, dropout=0.3) epoca 2: train_loss=0.4799 val_loss=0.6631 val_BA=0.500 mejor_epoca=2
2026-09-27 01:42:57,442 INFO FRAIWAN_Extended/no_dn fold 1: config 8 (lr=0.0003, dropout=0.3) epoca 3: train_loss=0.3325 val_loss=0.6395 val_BA=0.500 mejor_epoca=3
2026-09-27 01:42:57,537 INFO FRAIWAN_Extended/no_dn fold 1: config 8 (lr=0.0003, dropout=0.3) epoca 4: train_loss=0.2598 val_loss=0.6221 val_BA=0.500 mejor_epoca=4
2026-09-27 01:42:57,631 INFO FRAIWAN_Extended/no_dn fold 1: config 8 (lr=0.0003, dropout=0.3) epoca 5: train_loss=0.1927 val_loss=0.6092 val_BA=0.500 mejor_epoca=5
2026-09-27 01:42:57,726 INFO FRAIWAN_Extended/no_dn fold 1: config 8 (lr=0.0003, dropout=0.3) epoca 6: train_loss=0.1575 val_loss=0.6039 val_BA=0.500 mejor_epoca=6
2026-09-27 01:42:57,820 INFO FRAIWAN_Extended/no_dn fold 1: config 8 (lr=0.0003, dropout=0.3) epoca 7: train_loss=0.1600 val_loss=0.6029 val_BA=0.500 mejor_epoca=7
2026-09-27 01:42:57,914 INFO FRAIWAN_Extended/no_dn fold 1: config 8 (lr=0.0003, dropout=0.3) epoca 8: train_loss=0.1416 val_loss=0.6006 val_BA=0.500 mejor_epoca=8
2026-09-27 01:42:58,008 INFO FRAIWAN_Extended/no_dn fold 1: config 8 (lr=0.0003, dropout=0.3) epoca 9: train_loss=0.1222 val_loss=0.5978 val_BA=0.500 mejor_epoca=9
2026-09-27 01:42:58,102 INFO FRAIWAN_Extended/no_dn fold 1: config 8 (lr=0.0003, dropout=0.3) epoca 10: train_loss=0.1089 val_loss=0.5920 val_BA=0.500 mejor_epoca=10
2026-09-27 01:42:59,039 INFO FRAIWAN_Extended/no_dn fold 1: config 8 (lr=0.0003, dropout=0.3) epoca 20: train_loss=0.0706 val_loss=0.7519 val_BA=0.500 mejor_epoca=10
2026-09-27 01:42:59,523 INFO FRAIWAN_Extended/no_dn fold 1 config 8: OK val_BA=0.500 mejor_epoca=10 (0.0 min)
2026-09-27 01:42:59,645 INFO FRAIWAN_Extended/no_dn fold 1: config 9 (lr=0.0003, dropout=0.4) epoca 1: train_loss=0.7643 val_loss=0.6989 val_BA=0.500 mejor_epoca=1
2026-09-27 01:42:59,747 INFO FRAIWAN_Extended/no_dn fold 1: config 9 (lr=0.0003, dropout=0.4) epoca 2: train_loss=0.5309 val_loss=0.6580 val_BA=0.500 mejor_epoca=2
2026-09-27 01:42:59,849 INFO FRAIWAN_Extended/no_dn fold 1: config 9 (lr=0.0003, dropout=0.4) epoca 3: train_loss=0.4358 val_loss=0.6301 val_BA=0.500 mejor_epoca=3
2026-09-27 01:42:59,952 INFO FRAIWAN_Extended/no_dn fold 1: config 9 (lr=0.0003, dropout=0.4) epoca 4: train_loss=0.2897 val_loss=0.6007 val_BA=0.500 mejor_epoca=4
2026-09-27 01:43:00,564 INFO FRAIWAN_Extended/no_dn fold 1: config 9 (lr=0.0003, dropout=0.4) epoca 10: train_loss=0.1082 val_loss=0.6031 val_BA=0.500 mejor_epoca=4
2026-09-27 01:43:01,575 INFO FRAIWAN_Extended/no_dn fold 1: config 9 (lr=0.0003, dropout=0.4) epoca 20: train_loss=0.0631 val_loss=0.6830 val_BA=0.500 mejor_epoca=4
2026-09-27 01:43:01,593 INFO FRAIWAN_Extended/no_dn fold 1 config 9: OK val_BA=0.500 mejor_epoca=4 (0.0 min)
2026-09-27 01:43:01,738 INFO FRAIWAN_Extended/no_dn fold 1: config 10 (lr=0.0003, dropout=0.4) epoca 1: train_loss=0.6449 val_loss=0.6698 val_BA=0.500 mejor_epoca=1
2026-09-27 01:43:01,865 INFO FRAIWAN_Extended/no_dn fold 1: config 10 (lr=0.0003, dropout=0.4) epoca 2: train_loss=0.5112 val_loss=0.6664 val_BA=0.500 mejor_epoca=2
2026-09-27 01:43:01,990 INFO FRAIWAN_Extended/no_dn fold 1: config 10 (lr=0.0003, dropout=0.4) epoca 3: train_loss=0.3666 val_loss=0.6106 val_BA=0.500 mejor_epoca=3
2026-09-27 01:43:02,114 INFO FRAIWAN_Extended/no_dn fold 1: config 10 (lr=0.0003, dropout=0.4) epoca 4: train_loss=0.2143 val_loss=0.6037 val_BA=0.500 mejor_epoca=4
2026-09-27 01:43:02,858 INFO FRAIWAN_Extended/no_dn fold 1: config 10 (lr=0.0003, dropout=0.4) epoca 10: train_loss=0.1079 val_loss=0.7885 val_BA=0.400 mejor_epoca=4
2026-09-27 01:43:03,117 INFO FRAIWAN_Extended/no_dn fold 1: config 10 (lr=0.0003, dropout=0.4) epoca 12: train_loss=0.0820 val_loss=0.8249 val_BA=0.900 mejor_epoca=12
2026-09-27 01:43:04,140 INFO FRAIWAN_Extended/no_dn fold 1: config 10 (lr=0.0003, dropout=0.4) epoca 20: train_loss=0.0306 val_loss=0.9951 val_BA=0.650 mejor_epoca=12
2026-09-27 01:43:05,041 INFO FRAIWAN_Extended/no_dn fold 1 config 10: OK val_BA=0.900 mejor_epoca=12 (0.1 min)
2026-09-27 01:43:05,155 INFO FRAIWAN_Extended/no_dn fold 1: config 11 (lr=0.0003, dropout=0.5) epoca 1: train_loss=0.7069 val_loss=0.6879 val_BA=0.500 mejor_epoca=1
2026-09-27 01:43:05,249 INFO FRAIWAN_Extended/no_dn fold 1: config 11 (lr=0.0003, dropout=0.5) epoca 2: train_loss=0.5217 val_loss=0.6661 val_BA=0.500 mejor_epoca=2
2026-09-27 01:43:05,344 INFO FRAIWAN_Extended/no_dn fold 1: config 11 (lr=0.0003, dropout=0.5) epoca 3: train_loss=0.3917 val_loss=0.6462 val_BA=0.500 mejor_epoca=3
2026-09-27 01:43:05,443 INFO FRAIWAN_Extended/no_dn fold 1: config 11 (lr=0.0003, dropout=0.5) epoca 4: train_loss=0.3019 val_loss=0.6312 val_BA=0.500 mejor_epoca=4
2026-09-27 01:43:05,541 INFO FRAIWAN_Extended/no_dn fold 1: config 11 (lr=0.0003, dropout=0.5) epoca 5: train_loss=0.2351 val_loss=0.6151 val_BA=0.500 mejor_epoca=5
2026-09-27 01:43:05,636 INFO FRAIWAN_Extended/no_dn fold 1: config 11 (lr=0.0003, dropout=0.5) epoca 6: train_loss=0.1954 val_loss=0.6093 val_BA=0.500 mejor_epoca=6
2026-09-27 01:43:05,729 INFO FRAIWAN_Extended/no_dn fold 1: config 11 (lr=0.0003, dropout=0.5) epoca 7: train_loss=0.1822 val_loss=0.6061 val_BA=0.500 mejor_epoca=7
2026-09-27 01:43:05,822 INFO FRAIWAN_Extended/no_dn fold 1: config 11 (lr=0.0003, dropout=0.5) epoca 8: train_loss=0.1382 val_loss=0.6005 val_BA=0.500 mejor_epoca=8
2026-09-27 01:43:05,916 INFO FRAIWAN_Extended/no_dn fold 1: config 11 (lr=0.0003, dropout=0.5) epoca 9: train_loss=0.1287 val_loss=0.5994 val_BA=0.500 mejor_epoca=9
2026-09-27 01:43:06,010 INFO FRAIWAN_Extended/no_dn fold 1: config 11 (lr=0.0003, dropout=0.5) epoca 10: train_loss=0.1177 val_loss=0.6031 val_BA=0.500 mejor_epoca=9
2026-09-27 01:43:06,947 INFO FRAIWAN_Extended/no_dn fold 1: config 11 (lr=0.0003, dropout=0.5) epoca 20: train_loss=0.0786 val_loss=0.7500 val_BA=0.500 mejor_epoca=9
2026-09-27 01:43:07,342 INFO FRAIWAN_Extended/no_dn fold 1 config 11: OK val_BA=0.500 mejor_epoca=9 (0.0 min)
2026-09-27 01:43:07,465 INFO FRAIWAN_Extended/no_dn fold 1: config 12 (lr=0.0003, dropout=0.5) epoca 1: train_loss=0.7487 val_loss=0.6563 val_BA=0.500 mejor_epoca=1
2026-09-27 01:43:07,567 INFO FRAIWAN_Extended/no_dn fold 1: config 12 (lr=0.0003, dropout=0.5) epoca 2: train_loss=0.5008 val_loss=0.6292 val_BA=0.500 mejor_epoca=2
2026-09-27 01:43:07,669 INFO FRAIWAN_Extended/no_dn fold 1: config 12 (lr=0.0003, dropout=0.5) epoca 3: train_loss=0.3411 val_loss=0.6045 val_BA=0.500 mejor_epoca=3
2026-09-27 01:43:08,378 INFO FRAIWAN_Extended/no_dn fold 1: config 12 (lr=0.0003, dropout=0.5) epoca 10: train_loss=0.0848 val_loss=0.7090 val_BA=0.500 mejor_epoca=3
2026-09-27 01:43:09,390 INFO FRAIWAN_Extended/no_dn fold 1: config 12 (lr=0.0003, dropout=0.5) epoca 20: train_loss=0.0628 val_loss=1.0623 val_BA=0.400 mejor_epoca=3
2026-09-27 01:43:09,408 INFO FRAIWAN_Extended/no_dn fold 1 config 12: OK val_BA=0.500 mejor_epoca=3 (0.0 min)
2026-09-27 01:43:09,553 INFO FRAIWAN_Extended/no_dn fold 1: config 13 (lr=0.001, dropout=0.2) epoca 1: train_loss=0.6757 val_loss=0.6777 val_BA=0.500 mejor_epoca=1
2026-09-27 01:43:09,677 INFO FRAIWAN_Extended/no_dn fold 1: config 13 (lr=0.001, dropout=0.2) epoca 2: train_loss=0.4690 val_loss=0.5660 val_BA=0.500 mejor_epoca=2
2026-09-27 01:43:10,053 INFO FRAIWAN_Extended/no_dn fold 1: config 13 (lr=0.001, dropout=0.2) epoca 5: train_loss=0.1695 val_loss=1.1059 val_BA=0.650 mejor_epoca=5
2026-09-27 01:43:10,431 INFO FRAIWAN_Extended/no_dn fold 1: config 13 (lr=0.001, dropout=0.2) epoca 8: train_loss=0.1157 val_loss=0.7819 val_BA=0.650 mejor_epoca=8
2026-09-27 01:43:10,557 INFO FRAIWAN_Extended/no_dn fold 1: config 13 (lr=0.001, dropout=0.2) epoca 9: train_loss=0.0810 val_loss=1.0647 val_BA=0.900 mejor_epoca=9
2026-09-27 01:43:10,684 INFO FRAIWAN_Extended/no_dn fold 1: config 13 (lr=0.001, dropout=0.2) epoca 10: train_loss=0.1311 val_loss=1.3660 val_BA=0.500 mejor_epoca=9
2026-09-27 01:43:11,861 INFO FRAIWAN_Extended/no_dn fold 1: config 13 (lr=0.001, dropout=0.2) epoca 19: train_loss=0.0445 val_loss=0.8873 val_BA=0.900 mejor_epoca=19
2026-09-27 01:43:11,994 INFO FRAIWAN_Extended/no_dn fold 1: config 13 (lr=0.001, dropout=0.2) epoca 20: train_loss=0.0306 val_loss=1.1055 val_BA=0.650 mejor_epoca=19
2026-09-27 01:43:13,288 INFO FRAIWAN_Extended/no_dn fold 1: config 13 (lr=0.001, dropout=0.2) epoca 30: train_loss=0.0174 val_loss=1.3541 val_BA=0.500 mejor_epoca=19
2026-09-27 01:43:13,802 INFO FRAIWAN_Extended/no_dn fold 1 config 13: OK val_BA=0.900 mejor_epoca=19 (0.1 min)
2026-09-27 01:43:13,920 INFO FRAIWAN_Extended/no_dn fold 1: config 14 (lr=0.001, dropout=0.3) epoca 1: train_loss=0.6511 val_loss=0.6310 val_BA=0.500 mejor_epoca=1
2026-09-27 01:43:14,015 INFO FRAIWAN_Extended/no_dn fold 1: config 14 (lr=0.001, dropout=0.3) epoca 2: train_loss=0.4401 val_loss=0.6121 val_BA=0.500 mejor_epoca=2
2026-09-27 01:43:14,111 INFO FRAIWAN_Extended/no_dn fold 1: config 14 (lr=0.001, dropout=0.3) epoca 3: train_loss=0.4038 val_loss=0.6005 val_BA=0.500 mejor_epoca=3
2026-09-27 01:43:14,206 INFO FRAIWAN_Extended/no_dn fold 1: config 14 (lr=0.001, dropout=0.3) epoca 4: train_loss=0.3304 val_loss=0.5967 val_BA=0.500 mejor_epoca=4
2026-09-27 01:43:14,304 INFO FRAIWAN_Extended/no_dn fold 1: config 14 (lr=0.001, dropout=0.3) epoca 5: train_loss=0.2078 val_loss=0.5933 val_BA=0.500 mejor_epoca=5
2026-09-27 01:43:14,785 INFO FRAIWAN_Extended/no_dn fold 1: config 14 (lr=0.001, dropout=0.3) epoca 10: train_loss=0.0800 val_loss=0.7613 val_BA=0.400 mejor_epoca=5
2026-09-27 01:43:14,879 INFO FRAIWAN_Extended/no_dn fold 1: config 14 (lr=0.001, dropout=0.3) epoca 11: train_loss=0.0698 val_loss=0.7724 val_BA=0.650 mejor_epoca=11
2026-09-27 01:43:15,725 INFO FRAIWAN_Extended/no_dn fold 1: config 14 (lr=0.001, dropout=0.3) epoca 20: train_loss=0.0335 val_loss=1.0440 val_BA=0.400 mejor_epoca=11
2026-09-27 01:43:16,308 INFO FRAIWAN_Extended/no_dn fold 1 config 14: OK val_BA=0.650 mejor_epoca=11 (0.0 min)
2026-09-27 01:43:16,431 INFO FRAIWAN_Extended/no_dn fold 1: config 15 (lr=0.001, dropout=0.3) epoca 1: train_loss=0.7618 val_loss=0.6603 val_BA=0.500 mejor_epoca=1
2026-09-27 01:43:16,634 INFO FRAIWAN_Extended/no_dn fold 1: config 15 (lr=0.001, dropout=0.3) epoca 3: train_loss=0.4788 val_loss=0.5787 val_BA=0.500 mejor_epoca=3
2026-09-27 01:43:17,340 INFO FRAIWAN_Extended/no_dn fold 1: config 15 (lr=0.001, dropout=0.3) epoca 10: train_loss=0.0805 val_loss=1.2582 val_BA=0.500 mejor_epoca=3
2026-09-27 01:43:17,643 INFO FRAIWAN_Extended/no_dn fold 1: config 15 (lr=0.001, dropout=0.3) epoca 13: train_loss=0.0479 val_loss=0.7996 val_BA=0.750 mejor_epoca=13
2026-09-27 01:43:17,744 INFO FRAIWAN_Extended/no_dn fold 1: config 15 (lr=0.001, dropout=0.3) epoca 14: train_loss=0.0697 val_loss=0.6328 val_BA=0.750 mejor_epoca=14
2026-09-27 01:43:18,354 INFO FRAIWAN_Extended/no_dn fold 1: config 15 (lr=0.001, dropout=0.3) epoca 20: train_loss=0.0196 val_loss=0.9702 val_BA=0.500 mejor_epoca=14
2026-09-27 01:43:19,285 INFO FRAIWAN_Extended/no_dn fold 1 config 15: OK val_BA=0.750 mejor_epoca=14 (0.0 min)
2026-09-27 01:43:19,430 INFO FRAIWAN_Extended/no_dn fold 1: config 16 (lr=0.001, dropout=0.4) epoca 1: train_loss=0.7531 val_loss=0.6387 val_BA=0.500 mejor_epoca=1
2026-09-27 01:43:19,554 INFO FRAIWAN_Extended/no_dn fold 1: config 16 (lr=0.001, dropout=0.4) epoca 2: train_loss=0.5448 val_loss=0.6081 val_BA=0.500 mejor_epoca=2
2026-09-27 01:43:20,088 INFO FRAIWAN_Extended/no_dn fold 1: config 16 (lr=0.001, dropout=0.4) epoca 6: train_loss=0.1666 val_loss=0.7198 val_BA=0.900 mejor_epoca=6
2026-09-27 01:43:20,588 INFO FRAIWAN_Extended/no_dn fold 1: config 16 (lr=0.001, dropout=0.4) epoca 10: train_loss=0.0965 val_loss=0.8214 val_BA=0.900 mejor_epoca=6
2026-09-27 01:43:21,838 INFO FRAIWAN_Extended/no_dn fold 1: config 16 (lr=0.001, dropout=0.4) epoca 20: train_loss=0.0496 val_loss=1.3914 val_BA=0.500 mejor_epoca=6
2026-09-27 01:43:21,982 INFO FRAIWAN_Extended/no_dn fold 1 config 16: OK val_BA=0.900 mejor_epoca=6 (0.0 min)
2026-09-27 01:43:22,104 INFO FRAIWAN_Extended/no_dn fold 1: config 17 (lr=0.001, dropout=0.5) epoca 1: train_loss=0.7836 val_loss=0.6713 val_BA=0.500 mejor_epoca=1
2026-09-27 01:43:22,206 INFO FRAIWAN_Extended/no_dn fold 1: config 17 (lr=0.001, dropout=0.5) epoca 2: train_loss=0.5611 val_loss=0.6039 val_BA=0.500 mejor_epoca=2
2026-09-27 01:43:22,614 INFO FRAIWAN_Extended/no_dn fold 1: config 17 (lr=0.001, dropout=0.5) epoca 6: train_loss=0.2057 val_loss=0.6769 val_BA=0.650 mejor_epoca=6
2026-09-27 01:43:23,021 INFO FRAIWAN_Extended/no_dn fold 1: config 17 (lr=0.001, dropout=0.5) epoca 10: train_loss=0.0814 val_loss=1.0816 val_BA=0.400 mejor_epoca=6
2026-09-27 01:43:23,223 INFO FRAIWAN_Extended/no_dn fold 1: config 17 (lr=0.001, dropout=0.5) epoca 12: train_loss=0.0774 val_loss=1.5467 val_BA=0.800 mejor_epoca=12
2026-09-27 01:43:24,043 INFO FRAIWAN_Extended/no_dn fold 1: config 17 (lr=0.001, dropout=0.5) epoca 20: train_loss=0.0214 val_loss=0.8558 val_BA=0.500 mejor_epoca=12
2026-09-27 01:43:24,783 INFO FRAIWAN_Extended/no_dn fold 1 config 17: OK val_BA=0.800 mejor_epoca=12 (0.0 min)
2026-09-27 01:43:24,898 INFO FRAIWAN_Extended/no_dn fold 1: config 18 (lr=0.001, dropout=0.5) epoca 1: train_loss=0.6899 val_loss=0.6503 val_BA=0.500 mejor_epoca=1
2026-09-27 01:43:24,992 INFO FRAIWAN_Extended/no_dn fold 1: config 18 (lr=0.001, dropout=0.5) epoca 2: train_loss=0.4161 val_loss=0.6171 val_BA=0.500 mejor_epoca=2
2026-09-27 01:43:25,087 INFO FRAIWAN_Extended/no_dn fold 1: config 18 (lr=0.001, dropout=0.5) epoca 3: train_loss=0.2754 val_loss=0.6004 val_BA=0.500 mejor_epoca=3
2026-09-27 01:43:25,181 INFO FRAIWAN_Extended/no_dn fold 1: config 18 (lr=0.001, dropout=0.5) epoca 4: train_loss=0.2866 val_loss=0.5974 val_BA=0.500 mejor_epoca=4
2026-09-27 01:43:25,740 INFO FRAIWAN_Extended/no_dn fold 1: config 18 (lr=0.001, dropout=0.5) epoca 10: train_loss=0.0762 val_loss=0.9255 val_BA=0.500 mejor_epoca=4
2026-09-27 01:43:26,487 INFO FRAIWAN_Extended/no_dn fold 1: config 18 (lr=0.001, dropout=0.5) epoca 18: train_loss=0.0677 val_loss=1.4449 val_BA=0.650 mejor_epoca=18
2026-09-27 01:43:26,582 INFO FRAIWAN_Extended/no_dn fold 1: config 18 (lr=0.001, dropout=0.5) epoca 19: train_loss=0.0721 val_loss=1.4049 val_BA=0.650 mejor_epoca=19
2026-09-27 01:43:26,675 INFO FRAIWAN_Extended/no_dn fold 1: config 18 (lr=0.001, dropout=0.5) epoca 20: train_loss=0.0464 val_loss=0.8567 val_BA=0.500 mejor_epoca=19
2026-09-27 01:43:27,142 INFO FRAIWAN_Extended/no_dn fold 1: config 18 (lr=0.001, dropout=0.5) epoca 25: train_loss=0.0280 val_loss=1.2217 val_BA=0.650 mejor_epoca=25
2026-09-27 01:43:27,331 INFO FRAIWAN_Extended/no_dn fold 1: config 18 (lr=0.001, dropout=0.5) epoca 27: train_loss=0.0348 val_loss=1.4495 val_BA=0.800 mejor_epoca=27
2026-09-27 01:43:27,519 INFO FRAIWAN_Extended/no_dn fold 1: config 18 (lr=0.001, dropout=0.5) epoca 29: train_loss=0.0222 val_loss=1.5261 val_BA=0.900 mejor_epoca=29
2026-09-27 01:43:27,613 INFO FRAIWAN_Extended/no_dn fold 1: config 18 (lr=0.001, dropout=0.5) epoca 30: train_loss=0.0220 val_loss=1.2866 val_BA=0.650 mejor_epoca=29
2026-09-27 01:43:28,572 INFO FRAIWAN_Extended/no_dn fold 1: config 18 (lr=0.001, dropout=0.5) epoca 40: train_loss=0.0123 val_loss=1.2812 val_BA=0.500 mejor_epoca=29
2026-09-27 01:43:28,965 INFO FRAIWAN_Extended/no_dn fold 1 config 18: OK val_BA=0.900 mejor_epoca=29 (0.1 min)
2026-09-27 01:43:29,079 INFO FRAIWAN_Extended/no_dn fold 1: config 19 (lr=0.001, dropout=0.5) epoca 1: train_loss=0.5890 val_loss=0.6359 val_BA=0.500 mejor_epoca=1
2026-09-27 01:43:29,173 INFO FRAIWAN_Extended/no_dn fold 1: config 19 (lr=0.001, dropout=0.5) epoca 2: train_loss=0.5378 val_loss=0.6240 val_BA=0.500 mejor_epoca=2
2026-09-27 01:43:29,266 INFO FRAIWAN_Extended/no_dn fold 1: config 19 (lr=0.001, dropout=0.5) epoca 3: train_loss=0.3497 val_loss=0.5972 val_BA=0.500 mejor_epoca=3
2026-09-27 01:43:29,924 INFO FRAIWAN_Extended/no_dn fold 1: config 19 (lr=0.001, dropout=0.5) epoca 10: train_loss=0.0681 val_loss=0.7253 val_BA=0.500 mejor_epoca=3
2026-09-27 01:43:30,858 INFO FRAIWAN_Extended/no_dn fold 1: config 19 (lr=0.001, dropout=0.5) epoca 20: train_loss=0.0272 val_loss=0.9757 val_BA=0.900 mejor_epoca=20
2026-09-27 01:43:30,951 INFO FRAIWAN_Extended/no_dn fold 1: config 19 (lr=0.001, dropout=0.5) epoca 21: train_loss=0.0288 val_loss=0.9212 val_BA=0.900 mejor_epoca=21
2026-09-27 01:43:31,788 INFO FRAIWAN_Extended/no_dn fold 1: config 19 (lr=0.001, dropout=0.5) epoca 30: train_loss=0.0313 val_loss=0.6932 val_BA=0.750 mejor_epoca=21
2026-09-27 01:43:32,365 INFO FRAIWAN_Extended/no_dn fold 1 config 19: OK val_BA=0.900 mejor_epoca=21 (0.1 min)
2026-09-27 01:43:32,400 INFO FRAIWAN_Extended/no_dn fold 2: log-mel no_dn listo en 0.0 s, forma (187, 1, 64, 309)
2026-09-27 01:43:32,404 INFO FRAIWAN_Extended/no_dn fold 2: 27/7 pacientes train/validation, 20 de 20 configuracion(es) por evaluar
2026-09-27 01:43:32,587 INFO FRAIWAN_Extended/no_dn fold 2: config 0 (lr=0.0001, dropout=0.3) epoca 1: train_loss=0.6114 val_loss=0.6644 val_BA=0.500 mejor_epoca=1
2026-09-27 01:43:32,711 INFO FRAIWAN_Extended/no_dn fold 2: config 0 (lr=0.0001, dropout=0.3) epoca 2: train_loss=0.4228 val_loss=0.6293 val_BA=0.500 mejor_epoca=2
2026-09-27 01:43:32,835 INFO FRAIWAN_Extended/no_dn fold 2: config 0 (lr=0.0001, dropout=0.3) epoca 3: train_loss=0.3626 val_loss=0.5718 val_BA=0.500 mejor_epoca=3
2026-09-27 01:43:33,207 INFO FRAIWAN_Extended/no_dn fold 2: config 0 (lr=0.0001, dropout=0.3) epoca 6: train_loss=0.1934 val_loss=0.4617 val_BA=0.500 mejor_epoca=6
2026-09-27 01:43:33,607 INFO FRAIWAN_Extended/no_dn fold 2: config 0 (lr=0.0001, dropout=0.3) epoca 9: train_loss=0.1164 val_loss=0.4161 val_BA=0.500 mejor_epoca=9
2026-09-27 01:43:33,731 INFO FRAIWAN_Extended/no_dn fold 2: config 0 (lr=0.0001, dropout=0.3) epoca 10: train_loss=0.1030 val_loss=1.7215 val_BA=0.167 mejor_epoca=9
2026-09-27 01:43:34,984 INFO FRAIWAN_Extended/no_dn fold 2: config 0 (lr=0.0001, dropout=0.3) epoca 20: train_loss=0.0655 val_loss=1.2965 val_BA=0.250 mejor_epoca=9
2026-09-27 01:43:35,505 INFO FRAIWAN_Extended/no_dn fold 2 config 0: OK val_BA=0.500 mejor_epoca=9 (0.1 min)
2026-09-27 01:43:35,619 INFO FRAIWAN_Extended/no_dn fold 2: config 1 (lr=0.0001, dropout=0.3) epoca 1: train_loss=0.6965 val_loss=0.6528 val_BA=0.500 mejor_epoca=1
2026-09-27 01:43:35,713 INFO FRAIWAN_Extended/no_dn fold 2: config 1 (lr=0.0001, dropout=0.3) epoca 2: train_loss=0.4818 val_loss=0.6295 val_BA=0.500 mejor_epoca=2
2026-09-27 01:43:35,814 INFO FRAIWAN_Extended/no_dn fold 2: config 1 (lr=0.0001, dropout=0.3) epoca 3: train_loss=0.3913 val_loss=0.6084 val_BA=0.500 mejor_epoca=3
2026-09-27 01:43:35,913 INFO FRAIWAN_Extended/no_dn fold 2: config 1 (lr=0.0001, dropout=0.3) epoca 4: train_loss=0.3126 val_loss=0.5876 val_BA=0.500 mejor_epoca=4
2026-09-27 01:43:36,014 INFO FRAIWAN_Extended/no_dn fold 2: config 1 (lr=0.0001, dropout=0.3) epoca 5: train_loss=0.2612 val_loss=0.5650 val_BA=0.500 mejor_epoca=5
2026-09-27 01:43:36,111 INFO FRAIWAN_Extended/no_dn fold 2: config 1 (lr=0.0001, dropout=0.3) epoca 6: train_loss=0.2147 val_loss=0.5470 val_BA=0.500 mejor_epoca=6
2026-09-27 01:43:36,205 INFO FRAIWAN_Extended/no_dn fold 2: config 1 (lr=0.0001, dropout=0.3) epoca 7: train_loss=0.1849 val_loss=0.5311 val_BA=0.500 mejor_epoca=7
2026-09-27 01:43:36,299 INFO FRAIWAN_Extended/no_dn fold 2: config 1 (lr=0.0001, dropout=0.3) epoca 8: train_loss=0.1588 val_loss=0.5112 val_BA=0.500 mejor_epoca=8
2026-09-27 01:43:36,392 INFO FRAIWAN_Extended/no_dn fold 2: config 1 (lr=0.0001, dropout=0.3) epoca 9: train_loss=0.1414 val_loss=0.4914 val_BA=0.500 mejor_epoca=9
2026-09-27 01:43:36,486 INFO FRAIWAN_Extended/no_dn fold 2: config 1 (lr=0.0001, dropout=0.3) epoca 10: train_loss=0.1134 val_loss=0.4850 val_BA=0.500 mejor_epoca=10
2026-09-27 01:43:36,579 INFO FRAIWAN_Extended/no_dn fold 2: config 1 (lr=0.0001, dropout=0.3) epoca 11: train_loss=0.1185 val_loss=0.4670 val_BA=0.500 mejor_epoca=11
2026-09-27 01:43:36,673 INFO FRAIWAN_Extended/no_dn fold 2: config 1 (lr=0.0001, dropout=0.3) epoca 12: train_loss=0.0961 val_loss=0.4545 val_BA=0.500 mejor_epoca=12
2026-09-27 01:43:37,426 INFO FRAIWAN_Extended/no_dn fold 2: config 1 (lr=0.0001, dropout=0.3) epoca 20: train_loss=0.0790 val_loss=0.8888 val_BA=0.333 mejor_epoca=12
2026-09-27 01:43:38,101 INFO FRAIWAN_Extended/no_dn fold 2 config 1: OK val_BA=0.500 mejor_epoca=12 (0.0 min)
2026-09-27 01:43:38,223 INFO FRAIWAN_Extended/no_dn fold 2: config 2 (lr=0.0001, dropout=0.4) epoca 1: train_loss=0.5825 val_loss=0.5926 val_BA=0.500 mejor_epoca=1
2026-09-27 01:43:38,325 INFO FRAIWAN_Extended/no_dn fold 2: config 2 (lr=0.0001, dropout=0.4) epoca 2: train_loss=0.4398 val_loss=0.5366 val_BA=0.500 mejor_epoca=2
2026-09-27 01:43:38,426 INFO FRAIWAN_Extended/no_dn fold 2: config 2 (lr=0.0001, dropout=0.4) epoca 3: train_loss=0.3633 val_loss=0.4811 val_BA=0.500 mejor_epoca=3
2026-09-27 01:43:38,527 INFO FRAIWAN_Extended/no_dn fold 2: config 2 (lr=0.0001, dropout=0.4) epoca 4: train_loss=0.2788 val_loss=0.4306 val_BA=0.500 mejor_epoca=4
2026-09-27 01:43:38,629 INFO FRAIWAN_Extended/no_dn fold 2: config 2 (lr=0.0001, dropout=0.4) epoca 5: train_loss=0.2186 val_loss=0.4042 val_BA=0.500 mejor_epoca=5
2026-09-27 01:43:38,730 INFO FRAIWAN_Extended/no_dn fold 2: config 2 (lr=0.0001, dropout=0.4) epoca 6: train_loss=0.2049 val_loss=0.4006 val_BA=0.500 mejor_epoca=6
2026-09-27 01:43:39,135 INFO FRAIWAN_Extended/no_dn fold 2: config 2 (lr=0.0001, dropout=0.4) epoca 10: train_loss=0.1020 val_loss=0.6833 val_BA=0.417 mejor_epoca=6
2026-09-27 01:43:40,150 INFO FRAIWAN_Extended/no_dn fold 2: config 2 (lr=0.0001, dropout=0.4) epoca 20: train_loss=0.0659 val_loss=1.4119 val_BA=0.167 mejor_epoca=6
2026-09-27 01:43:40,270 INFO FRAIWAN_Extended/no_dn fold 2 config 2: OK val_BA=0.500 mejor_epoca=6 (0.0 min)
2026-09-27 01:43:40,416 INFO FRAIWAN_Extended/no_dn fold 2: config 3 (lr=0.0001, dropout=0.4) epoca 1: train_loss=0.6287 val_loss=0.6890 val_BA=0.500 mejor_epoca=1
2026-09-27 01:43:40,542 INFO FRAIWAN_Extended/no_dn fold 2: config 3 (lr=0.0001, dropout=0.4) epoca 2: train_loss=0.4998 val_loss=0.6532 val_BA=0.500 mejor_epoca=2
2026-09-27 01:43:40,667 INFO FRAIWAN_Extended/no_dn fold 2: config 3 (lr=0.0001, dropout=0.4) epoca 3: train_loss=0.3489 val_loss=0.6209 val_BA=0.500 mejor_epoca=3
2026-09-27 01:43:40,794 INFO FRAIWAN_Extended/no_dn fold 2: config 3 (lr=0.0001, dropout=0.4) epoca 4: train_loss=0.2674 val_loss=0.5404 val_BA=0.500 mejor_epoca=4
2026-09-27 01:43:41,538 INFO FRAIWAN_Extended/no_dn fold 2: config 3 (lr=0.0001, dropout=0.4) epoca 10: train_loss=0.1151 val_loss=1.2485 val_BA=0.083 mejor_epoca=4
2026-09-27 01:43:42,795 INFO FRAIWAN_Extended/no_dn fold 2: config 3 (lr=0.0001, dropout=0.4) epoca 20: train_loss=0.0656 val_loss=0.5020 val_BA=0.417 mejor_epoca=4
2026-09-27 01:43:42,813 INFO FRAIWAN_Extended/no_dn fold 2 config 3: OK val_BA=0.500 mejor_epoca=4 (0.0 min)
2026-09-27 01:43:42,944 INFO FRAIWAN_Extended/no_dn fold 2: config 4 (lr=0.0001, dropout=0.4) epoca 1: train_loss=0.6624 val_loss=0.6621 val_BA=0.500 mejor_epoca=1
2026-09-27 01:43:43,053 INFO FRAIWAN_Extended/no_dn fold 2: config 4 (lr=0.0001, dropout=0.4) epoca 2: train_loss=0.4861 val_loss=0.6065 val_BA=0.500 mejor_epoca=2
2026-09-27 01:43:43,156 INFO FRAIWAN_Extended/no_dn fold 2: config 4 (lr=0.0001, dropout=0.4) epoca 3: train_loss=0.3754 val_loss=0.5632 val_BA=0.500 mejor_epoca=3
2026-09-27 01:43:43,257 INFO FRAIWAN_Extended/no_dn fold 2: config 4 (lr=0.0001, dropout=0.4) epoca 4: train_loss=0.3091 val_loss=0.5277 val_BA=0.500 mejor_epoca=4
2026-09-27 01:43:43,359 INFO FRAIWAN_Extended/no_dn fold 2: config 4 (lr=0.0001, dropout=0.4) epoca 5: train_loss=0.2486 val_loss=0.5028 val_BA=0.500 mejor_epoca=5
2026-09-27 01:43:43,460 INFO FRAIWAN_Extended/no_dn fold 2: config 4 (lr=0.0001, dropout=0.4) epoca 6: train_loss=0.2124 val_loss=0.4836 val_BA=0.500 mejor_epoca=6
2026-09-27 01:43:43,562 INFO FRAIWAN_Extended/no_dn fold 2: config 4 (lr=0.0001, dropout=0.4) epoca 7: train_loss=0.1702 val_loss=0.4681 val_BA=0.500 mejor_epoca=7
2026-09-27 01:43:43,663 INFO FRAIWAN_Extended/no_dn fold 2: config 4 (lr=0.0001, dropout=0.4) epoca 8: train_loss=0.1439 val_loss=0.4560 val_BA=0.500 mejor_epoca=8
2026-09-27 01:43:43,866 INFO FRAIWAN_Extended/no_dn fold 2: config 4 (lr=0.0001, dropout=0.4) epoca 10: train_loss=0.1270 val_loss=0.4534 val_BA=0.500 mejor_epoca=10
2026-09-27 01:43:44,911 INFO FRAIWAN_Extended/no_dn fold 2: config 4 (lr=0.0001, dropout=0.4) epoca 20: train_loss=0.0663 val_loss=0.7951 val_BA=0.417 mejor_epoca=10
2026-09-27 01:43:45,438 INFO FRAIWAN_Extended/no_dn fold 2 config 4: OK val_BA=0.500 mejor_epoca=10 (0.0 min)
2026-09-27 01:43:45,553 INFO FRAIWAN_Extended/no_dn fold 2: config 5 (lr=0.0001, dropout=0.4) epoca 1: train_loss=0.6733 val_loss=0.6641 val_BA=0.500 mejor_epoca=1
2026-09-27 01:43:45,646 INFO FRAIWAN_Extended/no_dn fold 2: config 5 (lr=0.0001, dropout=0.4) epoca 2: train_loss=0.4804 val_loss=0.6637 val_BA=0.500 mejor_epoca=2
2026-09-27 01:43:45,740 INFO FRAIWAN_Extended/no_dn fold 2: config 5 (lr=0.0001, dropout=0.4) epoca 3: train_loss=0.4248 val_loss=0.6615 val_BA=0.500 mejor_epoca=3
2026-09-27 01:43:45,834 INFO FRAIWAN_Extended/no_dn fold 2: config 5 (lr=0.0001, dropout=0.4) epoca 4: train_loss=0.3616 val_loss=0.6456 val_BA=0.500 mejor_epoca=4
2026-09-27 01:43:45,927 INFO FRAIWAN_Extended/no_dn fold 2: config 5 (lr=0.0001, dropout=0.4) epoca 5: train_loss=0.2900 val_loss=0.6206 val_BA=0.500 mejor_epoca=5
2026-09-27 01:43:46,021 INFO FRAIWAN_Extended/no_dn fold 2: config 5 (lr=0.0001, dropout=0.4) epoca 6: train_loss=0.2554 val_loss=0.6021 val_BA=0.500 mejor_epoca=6
2026-09-27 01:43:46,115 INFO FRAIWAN_Extended/no_dn fold 2: config 5 (lr=0.0001, dropout=0.4) epoca 7: train_loss=0.2105 val_loss=0.5900 val_BA=0.500 mejor_epoca=7
2026-09-27 01:43:46,209 INFO FRAIWAN_Extended/no_dn fold 2: config 5 (lr=0.0001, dropout=0.4) epoca 8: train_loss=0.1836 val_loss=0.5788 val_BA=0.500 mejor_epoca=8
2026-09-27 01:43:46,302 INFO FRAIWAN_Extended/no_dn fold 2: config 5 (lr=0.0001, dropout=0.4) epoca 9: train_loss=0.1693 val_loss=0.5754 val_BA=0.500 mejor_epoca=9
2026-09-27 01:43:46,396 INFO FRAIWAN_Extended/no_dn fold 2: config 5 (lr=0.0001, dropout=0.4) epoca 10: train_loss=0.1485 val_loss=0.5921 val_BA=0.417 mejor_epoca=9
2026-09-27 01:43:47,344 INFO FRAIWAN_Extended/no_dn fold 2: config 5 (lr=0.0001, dropout=0.4) epoca 20: train_loss=0.0744 val_loss=1.1398 val_BA=0.167 mejor_epoca=9
2026-09-27 01:43:47,737 INFO FRAIWAN_Extended/no_dn fold 2 config 5: OK val_BA=0.500 mejor_epoca=9 (0.0 min)
2026-09-27 01:43:47,885 INFO FRAIWAN_Extended/no_dn fold 2: config 6 (lr=0.0001, dropout=0.5) epoca 1: train_loss=0.6900 val_loss=0.6604 val_BA=0.500 mejor_epoca=1
2026-09-27 01:43:49,004 INFO FRAIWAN_Extended/no_dn fold 2: config 6 (lr=0.0001, dropout=0.5) epoca 10: train_loss=0.1591 val_loss=0.7208 val_BA=0.417 mejor_epoca=1
2026-09-27 01:43:50,253 INFO FRAIWAN_Extended/no_dn fold 2: config 6 (lr=0.0001, dropout=0.5) epoca 20: train_loss=0.0680 val_loss=0.9027 val_BA=0.417 mejor_epoca=1
2026-09-27 01:43:50,271 INFO FRAIWAN_Extended/no_dn fold 2 config 6: OK val_BA=0.500 mejor_epoca=1 (0.0 min)
2026-09-27 01:43:50,386 INFO FRAIWAN_Extended/no_dn fold 2: config 7 (lr=0.0001, dropout=0.5) epoca 1: train_loss=0.6623 val_loss=0.6565 val_BA=0.500 mejor_epoca=1
2026-09-27 01:43:50,479 INFO FRAIWAN_Extended/no_dn fold 2: config 7 (lr=0.0001, dropout=0.5) epoca 2: train_loss=0.4971 val_loss=0.6438 val_BA=0.500 mejor_epoca=2
2026-09-27 01:43:50,573 INFO FRAIWAN_Extended/no_dn fold 2: config 7 (lr=0.0001, dropout=0.5) epoca 3: train_loss=0.4243 val_loss=0.6325 val_BA=0.500 mejor_epoca=3
2026-09-27 01:43:50,666 INFO FRAIWAN_Extended/no_dn fold 2: config 7 (lr=0.0001, dropout=0.5) epoca 4: train_loss=0.4027 val_loss=0.6300 val_BA=0.500 mejor_epoca=4
2026-09-27 01:43:50,853 INFO FRAIWAN_Extended/no_dn fold 2: config 7 (lr=0.0001, dropout=0.5) epoca 6: train_loss=0.3240 val_loss=0.6200 val_BA=0.500 mejor_epoca=6
2026-09-27 01:43:50,946 INFO FRAIWAN_Extended/no_dn fold 2: config 7 (lr=0.0001, dropout=0.5) epoca 7: train_loss=0.2875 val_loss=0.5951 val_BA=0.500 mejor_epoca=7
2026-09-27 01:43:51,039 INFO FRAIWAN_Extended/no_dn fold 2: config 7 (lr=0.0001, dropout=0.5) epoca 8: train_loss=0.2462 val_loss=0.5669 val_BA=0.500 mejor_epoca=8
2026-09-27 01:43:51,132 INFO FRAIWAN_Extended/no_dn fold 2: config 7 (lr=0.0001, dropout=0.5) epoca 9: train_loss=0.2374 val_loss=0.5292 val_BA=0.500 mejor_epoca=9
2026-09-27 01:43:51,225 INFO FRAIWAN_Extended/no_dn fold 2: config 7 (lr=0.0001, dropout=0.5) epoca 10: train_loss=0.1741 val_loss=0.4933 val_BA=0.500 mejor_epoca=10
2026-09-27 01:43:51,319 INFO FRAIWAN_Extended/no_dn fold 2: config 7 (lr=0.0001, dropout=0.5) epoca 11: train_loss=0.1556 val_loss=0.4818 val_BA=0.500 mejor_epoca=11
2026-09-27 01:43:51,412 INFO FRAIWAN_Extended/no_dn fold 2: config 7 (lr=0.0001, dropout=0.5) epoca 12: train_loss=0.1349 val_loss=0.4737 val_BA=0.500 mejor_epoca=12
2026-09-27 01:43:51,506 INFO FRAIWAN_Extended/no_dn fold 2: config 7 (lr=0.0001, dropout=0.5) epoca 13: train_loss=0.1281 val_loss=0.4707 val_BA=0.500 mejor_epoca=13
2026-09-27 01:43:52,159 INFO FRAIWAN_Extended/no_dn fold 2: config 7 (lr=0.0001, dropout=0.5) epoca 20: train_loss=0.0892 val_loss=0.9650 val_BA=0.333 mejor_epoca=13
2026-09-27 01:43:52,926 INFO FRAIWAN_Extended/no_dn fold 2 config 7: OK val_BA=0.500 mejor_epoca=13 (0.0 min)
2026-09-27 01:43:53,043 INFO FRAIWAN_Extended/no_dn fold 2: config 8 (lr=0.0003, dropout=0.3) epoca 1: train_loss=0.6316 val_loss=0.6673 val_BA=0.500 mejor_epoca=1
2026-09-27 01:43:53,142 INFO FRAIWAN_Extended/no_dn fold 2: config 8 (lr=0.0003, dropout=0.3) epoca 2: train_loss=0.4111 val_loss=0.6186 val_BA=0.500 mejor_epoca=2
2026-09-27 01:43:53,242 INFO FRAIWAN_Extended/no_dn fold 2: config 8 (lr=0.0003, dropout=0.3) epoca 3: train_loss=0.3126 val_loss=0.5726 val_BA=0.500 mejor_epoca=3
2026-09-27 01:43:53,336 INFO FRAIWAN_Extended/no_dn fold 2: config 8 (lr=0.0003, dropout=0.3) epoca 4: train_loss=0.2424 val_loss=0.5418 val_BA=0.500 mejor_epoca=4
2026-09-27 01:43:53,431 INFO FRAIWAN_Extended/no_dn fold 2: config 8 (lr=0.0003, dropout=0.3) epoca 5: train_loss=0.2044 val_loss=0.5061 val_BA=0.500 mejor_epoca=5
2026-09-27 01:43:53,525 INFO FRAIWAN_Extended/no_dn fold 2: config 8 (lr=0.0003, dropout=0.3) epoca 6: train_loss=0.1521 val_loss=0.4666 val_BA=0.500 mejor_epoca=6
2026-09-27 01:43:53,619 INFO FRAIWAN_Extended/no_dn fold 2: config 8 (lr=0.0003, dropout=0.3) epoca 7: train_loss=0.1209 val_loss=0.4527 val_BA=0.500 mejor_epoca=7
2026-09-27 01:43:53,718 INFO FRAIWAN_Extended/no_dn fold 2: config 8 (lr=0.0003, dropout=0.3) epoca 8: train_loss=0.1086 val_loss=0.4421 val_BA=0.500 mejor_epoca=8
2026-09-27 01:43:53,819 INFO FRAIWAN_Extended/no_dn fold 2: config 8 (lr=0.0003, dropout=0.3) epoca 9: train_loss=0.1098 val_loss=0.4353 val_BA=0.500 mejor_epoca=9
2026-09-27 01:43:53,919 INFO FRAIWAN_Extended/no_dn fold 2: config 8 (lr=0.0003, dropout=0.3) epoca 10: train_loss=0.0935 val_loss=0.4309 val_BA=0.500 mejor_epoca=10
2026-09-27 01:43:54,016 INFO FRAIWAN_Extended/no_dn fold 2: config 8 (lr=0.0003, dropout=0.3) epoca 11: train_loss=0.0982 val_loss=0.4207 val_BA=0.500 mejor_epoca=11
2026-09-27 01:43:54,861 INFO FRAIWAN_Extended/no_dn fold 2: config 8 (lr=0.0003, dropout=0.3) epoca 20: train_loss=0.0572 val_loss=1.0225 val_BA=0.333 mejor_epoca=11
2026-09-27 01:43:55,445 INFO FRAIWAN_Extended/no_dn fold 2 config 8: OK val_BA=0.500 mejor_epoca=11 (0.0 min)
2026-09-27 01:43:55,568 INFO FRAIWAN_Extended/no_dn fold 2: config 9 (lr=0.0003, dropout=0.4) epoca 1: train_loss=0.6675 val_loss=0.6588 val_BA=0.500 mejor_epoca=1
2026-09-27 01:43:55,670 INFO FRAIWAN_Extended/no_dn fold 2: config 9 (lr=0.0003, dropout=0.4) epoca 2: train_loss=0.5105 val_loss=0.6443 val_BA=0.500 mejor_epoca=2
2026-09-27 01:43:55,772 INFO FRAIWAN_Extended/no_dn fold 2: config 9 (lr=0.0003, dropout=0.4) epoca 3: train_loss=0.3715 val_loss=0.6174 val_BA=0.500 mejor_epoca=3
2026-09-27 01:43:55,874 INFO FRAIWAN_Extended/no_dn fold 2: config 9 (lr=0.0003, dropout=0.4) epoca 4: train_loss=0.2780 val_loss=0.5870 val_BA=0.500 mejor_epoca=4
2026-09-27 01:43:55,975 INFO FRAIWAN_Extended/no_dn fold 2: config 9 (lr=0.0003, dropout=0.4) epoca 5: train_loss=0.2050 val_loss=0.5810 val_BA=0.500 mejor_epoca=5
2026-09-27 01:43:56,077 INFO FRAIWAN_Extended/no_dn fold 2: config 9 (lr=0.0003, dropout=0.4) epoca 6: train_loss=0.1604 val_loss=0.5457 val_BA=0.500 mejor_epoca=6
2026-09-27 01:43:56,178 INFO FRAIWAN_Extended/no_dn fold 2: config 9 (lr=0.0003, dropout=0.4) epoca 7: train_loss=0.1401 val_loss=0.4740 val_BA=0.500 mejor_epoca=7
2026-09-27 01:43:56,481 INFO FRAIWAN_Extended/no_dn fold 2: config 9 (lr=0.0003, dropout=0.4) epoca 10: train_loss=0.1089 val_loss=0.6531 val_BA=0.417 mejor_epoca=7
2026-09-27 01:43:57,492 INFO FRAIWAN_Extended/no_dn fold 2: config 9 (lr=0.0003, dropout=0.4) epoca 20: train_loss=0.0549 val_loss=0.5686 val_BA=0.417 mejor_epoca=7
2026-09-27 01:43:57,712 INFO FRAIWAN_Extended/no_dn fold 2 config 9: OK val_BA=0.500 mejor_epoca=7 (0.0 min)
2026-09-27 01:43:57,857 INFO FRAIWAN_Extended/no_dn fold 2: config 10 (lr=0.0003, dropout=0.4) epoca 1: train_loss=0.6755 val_loss=0.6398 val_BA=0.500 mejor_epoca=1
2026-09-27 01:43:57,982 INFO FRAIWAN_Extended/no_dn fold 2: config 10 (lr=0.0003, dropout=0.4) epoca 2: train_loss=0.4284 val_loss=0.5437 val_BA=0.500 mejor_epoca=2
2026-09-27 01:43:58,103 INFO FRAIWAN_Extended/no_dn fold 2: config 10 (lr=0.0003, dropout=0.4) epoca 3: train_loss=0.3261 val_loss=0.4509 val_BA=0.500 mejor_epoca=3
2026-09-27 01:43:58,227 INFO FRAIWAN_Extended/no_dn fold 2: config 10 (lr=0.0003, dropout=0.4) epoca 4: train_loss=0.2483 val_loss=0.3611 val_BA=0.500 mejor_epoca=4
2026-09-27 01:43:58,970 INFO FRAIWAN_Extended/no_dn fold 2: config 10 (lr=0.0003, dropout=0.4) epoca 10: train_loss=0.0687 val_loss=2.3920 val_BA=0.167 mejor_epoca=4
2026-09-27 01:44:00,212 INFO FRAIWAN_Extended/no_dn fold 2: config 10 (lr=0.0003, dropout=0.4) epoca 20: train_loss=0.0259 val_loss=1.7901 val_BA=0.333 mejor_epoca=4
2026-09-27 01:44:00,230 INFO FRAIWAN_Extended/no_dn fold 2 config 10: OK val_BA=0.500 mejor_epoca=4 (0.0 min)
2026-09-27 01:44:00,344 INFO FRAIWAN_Extended/no_dn fold 2: config 11 (lr=0.0003, dropout=0.5) epoca 1: train_loss=0.6716 val_loss=0.5999 val_BA=0.500 mejor_epoca=1
2026-09-27 01:44:00,438 INFO FRAIWAN_Extended/no_dn fold 2: config 11 (lr=0.0003, dropout=0.5) epoca 2: train_loss=0.5011 val_loss=0.5599 val_BA=0.500 mejor_epoca=2
2026-09-27 01:44:00,532 INFO FRAIWAN_Extended/no_dn fold 2: config 11 (lr=0.0003, dropout=0.5) epoca 3: train_loss=0.3502 val_loss=0.5384 val_BA=0.500 mejor_epoca=3
2026-09-27 01:44:00,626 INFO FRAIWAN_Extended/no_dn fold 2: config 11 (lr=0.0003, dropout=0.5) epoca 4: train_loss=0.2743 val_loss=0.5262 val_BA=0.500 mejor_epoca=4
2026-09-27 01:44:00,814 INFO FRAIWAN_Extended/no_dn fold 2: config 11 (lr=0.0003, dropout=0.5) epoca 6: train_loss=0.1782 val_loss=0.5087 val_BA=0.500 mejor_epoca=6
2026-09-27 01:44:01,023 INFO FRAIWAN_Extended/no_dn fold 2: config 11 (lr=0.0003, dropout=0.5) epoca 7: train_loss=0.1391 val_loss=0.4806 val_BA=0.500 mejor_epoca=7
2026-09-27 01:44:01,117 INFO FRAIWAN_Extended/no_dn fold 2: config 11 (lr=0.0003, dropout=0.5) epoca 8: train_loss=0.1280 val_loss=0.4581 val_BA=0.500 mejor_epoca=8
2026-09-27 01:44:01,211 INFO FRAIWAN_Extended/no_dn fold 2: config 11 (lr=0.0003, dropout=0.5) epoca 9: train_loss=0.1075 val_loss=0.4401 val_BA=0.500 mejor_epoca=9
2026-09-27 01:44:01,304 INFO FRAIWAN_Extended/no_dn fold 2: config 11 (lr=0.0003, dropout=0.5) epoca 10: train_loss=0.0873 val_loss=0.4280 val_BA=0.500 mejor_epoca=10
2026-09-27 01:44:01,397 INFO FRAIWAN_Extended/no_dn fold 2: config 11 (lr=0.0003, dropout=0.5) epoca 11: train_loss=0.0877 val_loss=0.4017 val_BA=0.500 mejor_epoca=11
2026-09-27 01:44:01,491 INFO FRAIWAN_Extended/no_dn fold 2: config 11 (lr=0.0003, dropout=0.5) epoca 12: train_loss=0.0796 val_loss=0.3944 val_BA=0.500 mejor_epoca=12
2026-09-27 01:44:01,957 INFO FRAIWAN_Extended/no_dn fold 2: config 11 (lr=0.0003, dropout=0.5) epoca 17: train_loss=0.0613 val_loss=0.3816 val_BA=0.500 mejor_epoca=17
2026-09-27 01:44:02,238 INFO FRAIWAN_Extended/no_dn fold 2: config 11 (lr=0.0003, dropout=0.5) epoca 20: train_loss=0.0526 val_loss=1.8669 val_BA=0.167 mejor_epoca=17
2026-09-27 01:44:03,174 INFO FRAIWAN_Extended/no_dn fold 2: config 11 (lr=0.0003, dropout=0.5) epoca 30: train_loss=0.0802 val_loss=1.0860 val_BA=0.333 mejor_epoca=17
2026-09-27 01:44:03,378 INFO FRAIWAN_Extended/no_dn fold 2 config 11: OK val_BA=0.500 mejor_epoca=17 (0.1 min)
2026-09-27 01:44:03,501 INFO FRAIWAN_Extended/no_dn fold 2: config 12 (lr=0.0003, dropout=0.5) epoca 1: train_loss=0.6711 val_loss=0.6175 val_BA=0.500 mejor_epoca=1
2026-09-27 01:44:03,603 INFO FRAIWAN_Extended/no_dn fold 2: config 12 (lr=0.0003, dropout=0.5) epoca 2: train_loss=0.4972 val_loss=0.5748 val_BA=0.500 mejor_epoca=2
2026-09-27 01:44:03,706 INFO FRAIWAN_Extended/no_dn fold 2: config 12 (lr=0.0003, dropout=0.5) epoca 3: train_loss=0.3851 val_loss=0.5070 val_BA=0.500 mejor_epoca=3
2026-09-27 01:44:03,810 INFO FRAIWAN_Extended/no_dn fold 2: config 12 (lr=0.0003, dropout=0.5) epoca 4: train_loss=0.3073 val_loss=0.4529 val_BA=0.500 mejor_epoca=4
2026-09-27 01:44:03,930 INFO FRAIWAN_Extended/no_dn fold 2: config 12 (lr=0.0003, dropout=0.5) epoca 5: train_loss=0.2589 val_loss=0.4417 val_BA=0.500 mejor_epoca=5
2026-09-27 01:44:04,046 INFO FRAIWAN_Extended/no_dn fold 2: config 12 (lr=0.0003, dropout=0.5) epoca 6: train_loss=0.1911 val_loss=0.3965 val_BA=0.500 mejor_epoca=6
2026-09-27 01:44:04,155 INFO FRAIWAN_Extended/no_dn fold 2: config 12 (lr=0.0003, dropout=0.5) epoca 7: train_loss=0.1367 val_loss=0.3846 val_BA=0.500 mejor_epoca=7
2026-09-27 01:44:04,360 INFO FRAIWAN_Extended/no_dn fold 2: config 12 (lr=0.0003, dropout=0.5) epoca 9: train_loss=0.1243 val_loss=0.3462 val_BA=0.500 mejor_epoca=9
2026-09-27 01:44:04,463 INFO FRAIWAN_Extended/no_dn fold 2: config 12 (lr=0.0003, dropout=0.5) epoca 10: train_loss=0.0869 val_loss=0.4000 val_BA=0.500 mejor_epoca=9
2026-09-27 01:44:05,480 INFO FRAIWAN_Extended/no_dn fold 2: config 12 (lr=0.0003, dropout=0.5) epoca 20: train_loss=0.0438 val_loss=1.2936 val_BA=0.417 mejor_epoca=9
2026-09-27 01:44:05,907 INFO FRAIWAN_Extended/no_dn fold 2 config 12: OK val_BA=0.500 mejor_epoca=9 (0.0 min)
2026-09-27 01:44:06,055 INFO FRAIWAN_Extended/no_dn fold 2: config 13 (lr=0.001, dropout=0.2) epoca 1: train_loss=0.6132 val_loss=0.4336 val_BA=0.500 mejor_epoca=1
2026-09-27 01:44:06,552 INFO FRAIWAN_Extended/no_dn fold 2: config 13 (lr=0.001, dropout=0.2) epoca 5: train_loss=0.1307 val_loss=0.3914 val_BA=0.500 mejor_epoca=5
2026-09-27 01:44:07,173 INFO FRAIWAN_Extended/no_dn fold 2: config 13 (lr=0.001, dropout=0.2) epoca 10: train_loss=0.0792 val_loss=0.9859 val_BA=0.417 mejor_epoca=5
2026-09-27 01:44:08,426 INFO FRAIWAN_Extended/no_dn fold 2: config 13 (lr=0.001, dropout=0.2) epoca 20: train_loss=0.2766 val_loss=2.0769 val_BA=0.333 mejor_epoca=5
2026-09-27 01:44:08,443 INFO FRAIWAN_Extended/no_dn fold 2 config 13: OK val_BA=0.500 mejor_epoca=5 (0.0 min)
2026-09-27 01:44:08,557 INFO FRAIWAN_Extended/no_dn fold 2: config 14 (lr=0.001, dropout=0.3) epoca 1: train_loss=0.6288 val_loss=0.6291 val_BA=0.500 mejor_epoca=1
2026-09-27 01:44:08,650 INFO FRAIWAN_Extended/no_dn fold 2: config 14 (lr=0.001, dropout=0.3) epoca 2: train_loss=0.5160 val_loss=0.5533 val_BA=0.500 mejor_epoca=2
2026-09-27 01:44:08,744 INFO FRAIWAN_Extended/no_dn fold 2: config 14 (lr=0.001, dropout=0.3) epoca 3: train_loss=0.3709 val_loss=0.4933 val_BA=0.500 mejor_epoca=3
2026-09-27 01:44:08,837 INFO FRAIWAN_Extended/no_dn fold 2: config 14 (lr=0.001, dropout=0.3) epoca 4: train_loss=0.3311 val_loss=0.4884 val_BA=0.500 mejor_epoca=4
2026-09-27 01:44:08,931 INFO FRAIWAN_Extended/no_dn fold 2: config 14 (lr=0.001, dropout=0.3) epoca 5: train_loss=0.3176 val_loss=0.4779 val_BA=0.500 mejor_epoca=5
2026-09-27 01:44:09,025 INFO FRAIWAN_Extended/no_dn fold 2: config 14 (lr=0.001, dropout=0.3) epoca 6: train_loss=0.2037 val_loss=0.3875 val_BA=0.500 mejor_epoca=6
2026-09-27 01:44:09,211 INFO FRAIWAN_Extended/no_dn fold 2: config 14 (lr=0.001, dropout=0.3) epoca 8: train_loss=0.1656 val_loss=0.3776 val_BA=0.500 mejor_epoca=8
2026-09-27 01:44:09,398 INFO FRAIWAN_Extended/no_dn fold 2: config 14 (lr=0.001, dropout=0.3) epoca 10: train_loss=0.1233 val_loss=1.4219 val_BA=0.250 mejor_epoca=8
2026-09-27 01:44:10,332 INFO FRAIWAN_Extended/no_dn fold 2: config 14 (lr=0.001, dropout=0.3) epoca 20: train_loss=0.0269 val_loss=1.8810 val_BA=0.333 mejor_epoca=8
2026-09-27 01:44:10,629 INFO FRAIWAN_Extended/no_dn fold 2 config 14: OK val_BA=0.500 mejor_epoca=8 (0.0 min)
2026-09-27 01:44:10,751 INFO FRAIWAN_Extended/no_dn fold 2: config 15 (lr=0.001, dropout=0.3) epoca 1: train_loss=0.6267 val_loss=0.5148 val_BA=0.500 mejor_epoca=1
2026-09-27 01:44:10,853 INFO FRAIWAN_Extended/no_dn fold 2: config 15 (lr=0.001, dropout=0.3) epoca 2: train_loss=0.4287 val_loss=0.4405 val_BA=0.500 mejor_epoca=2
2026-09-27 01:44:10,954 INFO FRAIWAN_Extended/no_dn fold 2: config 15 (lr=0.001, dropout=0.3) epoca 3: train_loss=0.2827 val_loss=0.3711 val_BA=0.500 mejor_epoca=3
2026-09-27 01:44:11,662 INFO FRAIWAN_Extended/no_dn fold 2: config 15 (lr=0.001, dropout=0.3) epoca 10: train_loss=0.0791 val_loss=1.3091 val_BA=0.333 mejor_epoca=3
2026-09-27 01:44:12,575 INFO FRAIWAN_Extended/no_dn fold 2: config 15 (lr=0.001, dropout=0.3) epoca 19: train_loss=0.0714 val_loss=1.3475 val_BA=0.917 mejor_epoca=19
2026-09-27 01:44:12,677 INFO FRAIWAN_Extended/no_dn fold 2: config 15 (lr=0.001, dropout=0.3) epoca 20: train_loss=0.0406 val_loss=0.9735 val_BA=0.333 mejor_epoca=19
2026-09-27 01:44:13,691 INFO FRAIWAN_Extended/no_dn fold 2: config 15 (lr=0.001, dropout=0.3) epoca 30: train_loss=0.0219 val_loss=3.9335 val_BA=0.167 mejor_epoca=19
2026-09-27 01:44:14,123 INFO FRAIWAN_Extended/no_dn fold 2 config 15: OK val_BA=0.917 mejor_epoca=19 (0.1 min)
2026-09-27 01:44:14,287 INFO FRAIWAN_Extended/no_dn fold 2: config 16 (lr=0.001, dropout=0.4) epoca 1: train_loss=0.6834 val_loss=0.6591 val_BA=0.500 mejor_epoca=1
2026-09-27 01:44:14,567 INFO FRAIWAN_Extended/no_dn fold 2: config 16 (lr=0.001, dropout=0.4) epoca 3: train_loss=0.3385 val_loss=0.3328 val_BA=0.500 mejor_epoca=3
2026-09-27 01:44:15,460 INFO FRAIWAN_Extended/no_dn fold 2: config 16 (lr=0.001, dropout=0.4) epoca 10: train_loss=0.1485 val_loss=2.4458 val_BA=0.333 mejor_epoca=3
2026-09-27 01:44:16,706 INFO FRAIWAN_Extended/no_dn fold 2: config 16 (lr=0.001, dropout=0.4) epoca 20: train_loss=0.0112 val_loss=2.1559 val_BA=0.333 mejor_epoca=3
2026-09-27 01:44:16,723 INFO FRAIWAN_Extended/no_dn fold 2 config 16: OK val_BA=0.500 mejor_epoca=3 (0.0 min)
2026-09-27 01:44:16,847 INFO FRAIWAN_Extended/no_dn fold 2: config 17 (lr=0.001, dropout=0.5) epoca 1: train_loss=0.6575 val_loss=0.6882 val_BA=0.250 mejor_epoca=1
2026-09-27 01:44:16,949 INFO FRAIWAN_Extended/no_dn fold 2: config 17 (lr=0.001, dropout=0.5) epoca 2: train_loss=0.4598 val_loss=0.5175 val_BA=0.500 mejor_epoca=2
2026-09-27 01:44:17,050 INFO FRAIWAN_Extended/no_dn fold 2: config 17 (lr=0.001, dropout=0.5) epoca 3: train_loss=0.3443 val_loss=0.4099 val_BA=0.500 mejor_epoca=3
2026-09-27 01:44:17,151 INFO FRAIWAN_Extended/no_dn fold 2: config 17 (lr=0.001, dropout=0.5) epoca 4: train_loss=0.3211 val_loss=0.3636 val_BA=0.500 mejor_epoca=4
2026-09-27 01:44:17,762 INFO FRAIWAN_Extended/no_dn fold 2: config 17 (lr=0.001, dropout=0.5) epoca 10: train_loss=0.0710 val_loss=1.5218 val_BA=0.333 mejor_epoca=4
2026-09-27 01:44:18,068 INFO FRAIWAN_Extended/no_dn fold 2: config 17 (lr=0.001, dropout=0.5) epoca 13: train_loss=0.0335 val_loss=3.0519 val_BA=0.583 mejor_epoca=13
2026-09-27 01:44:18,780 INFO FRAIWAN_Extended/no_dn fold 2: config 17 (lr=0.001, dropout=0.5) epoca 20: train_loss=0.0894 val_loss=1.6654 val_BA=0.333 mejor_epoca=13
2026-09-27 01:44:19,620 INFO FRAIWAN_Extended/no_dn fold 2 config 17: OK val_BA=0.583 mejor_epoca=13 (0.0 min)
2026-09-27 01:44:19,737 INFO FRAIWAN_Extended/no_dn fold 2: config 18 (lr=0.001, dropout=0.5) epoca 1: train_loss=0.7045 val_loss=0.5580 val_BA=0.500 mejor_epoca=1
2026-09-27 01:44:19,831 INFO FRAIWAN_Extended/no_dn fold 2: config 18 (lr=0.001, dropout=0.5) epoca 2: train_loss=0.5566 val_loss=0.5382 val_BA=0.500 mejor_epoca=2
2026-09-27 01:44:19,925 INFO FRAIWAN_Extended/no_dn fold 2: config 18 (lr=0.001, dropout=0.5) epoca 3: train_loss=0.4106 val_loss=0.4697 val_BA=0.500 mejor_epoca=3
2026-09-27 01:44:20,019 INFO FRAIWAN_Extended/no_dn fold 2: config 18 (lr=0.001, dropout=0.5) epoca 4: train_loss=0.3469 val_loss=0.4519 val_BA=0.500 mejor_epoca=4
2026-09-27 01:44:20,114 INFO FRAIWAN_Extended/no_dn fold 2: config 18 (lr=0.001, dropout=0.5) epoca 5: train_loss=0.2243 val_loss=0.4174 val_BA=0.500 mejor_epoca=5
2026-09-27 01:44:20,208 INFO FRAIWAN_Extended/no_dn fold 2: config 18 (lr=0.001, dropout=0.5) epoca 6: train_loss=0.2447 val_loss=0.3802 val_BA=0.500 mejor_epoca=6
2026-09-27 01:44:20,306 INFO FRAIWAN_Extended/no_dn fold 2: config 18 (lr=0.001, dropout=0.5) epoca 7: train_loss=0.1594 val_loss=0.3621 val_BA=0.500 mejor_epoca=7
2026-09-27 01:44:20,402 INFO FRAIWAN_Extended/no_dn fold 2: config 18 (lr=0.001, dropout=0.5) epoca 8: train_loss=0.1459 val_loss=0.3560 val_BA=0.500 mejor_epoca=8
2026-09-27 01:44:20,592 INFO FRAIWAN_Extended/no_dn fold 2: config 18 (lr=0.001, dropout=0.5) epoca 10: train_loss=0.1061 val_loss=0.5065 val_BA=0.417 mejor_epoca=8
2026-09-27 01:44:21,541 INFO FRAIWAN_Extended/no_dn fold 2: config 18 (lr=0.001, dropout=0.5) epoca 20: train_loss=0.0435 val_loss=1.1630 val_BA=0.417 mejor_epoca=8
2026-09-27 01:44:21,839 INFO FRAIWAN_Extended/no_dn fold 2 config 18: OK val_BA=0.500 mejor_epoca=8 (0.0 min)
2026-09-27 01:44:21,953 INFO FRAIWAN_Extended/no_dn fold 2: config 19 (lr=0.001, dropout=0.5) epoca 1: train_loss=0.7062 val_loss=0.6795 val_BA=0.500 mejor_epoca=1
2026-09-27 01:44:22,047 INFO FRAIWAN_Extended/no_dn fold 2: config 19 (lr=0.001, dropout=0.5) epoca 2: train_loss=0.5676 val_loss=0.6527 val_BA=0.500 mejor_epoca=2
2026-09-27 01:44:22,141 INFO FRAIWAN_Extended/no_dn fold 2: config 19 (lr=0.001, dropout=0.5) epoca 3: train_loss=0.4001 val_loss=0.5596 val_BA=0.500 mejor_epoca=3
2026-09-27 01:44:22,235 INFO FRAIWAN_Extended/no_dn fold 2: config 19 (lr=0.001, dropout=0.5) epoca 4: train_loss=0.2986 val_loss=0.5531 val_BA=0.500 mejor_epoca=4
2026-09-27 01:44:22,328 INFO FRAIWAN_Extended/no_dn fold 2: config 19 (lr=0.001, dropout=0.5) epoca 5: train_loss=0.2414 val_loss=0.4605 val_BA=0.500 mejor_epoca=5
2026-09-27 01:44:22,421 INFO FRAIWAN_Extended/no_dn fold 2: config 19 (lr=0.001, dropout=0.5) epoca 6: train_loss=0.1936 val_loss=0.4498 val_BA=0.500 mejor_epoca=6
2026-09-27 01:44:22,514 INFO FRAIWAN_Extended/no_dn fold 2: config 19 (lr=0.001, dropout=0.5) epoca 7: train_loss=0.1712 val_loss=0.4482 val_BA=0.500 mejor_epoca=7
2026-09-27 01:44:22,608 INFO FRAIWAN_Extended/no_dn fold 2: config 19 (lr=0.001, dropout=0.5) epoca 8: train_loss=0.1103 val_loss=0.4332 val_BA=0.500 mejor_epoca=8
2026-09-27 01:44:22,701 INFO FRAIWAN_Extended/no_dn fold 2: config 19 (lr=0.001, dropout=0.5) epoca 9: train_loss=0.1703 val_loss=0.4266 val_BA=0.500 mejor_epoca=9
2026-09-27 01:44:22,795 INFO FRAIWAN_Extended/no_dn fold 2: config 19 (lr=0.001, dropout=0.5) epoca 10: train_loss=0.1146 val_loss=2.7098 val_BA=0.167 mejor_epoca=9
2026-09-27 01:44:23,727 INFO FRAIWAN_Extended/no_dn fold 2: config 19 (lr=0.001, dropout=0.5) epoca 20: train_loss=0.0472 val_loss=1.7144 val_BA=0.417 mejor_epoca=9
2026-09-27 01:44:24,133 INFO FRAIWAN_Extended/no_dn fold 2 config 19: OK val_BA=0.500 mejor_epoca=9 (0.0 min)
2026-09-27 01:44:24,170 INFO FRAIWAN_Extended/no_dn fold 3: log-mel no_dn listo en 0.0 s, forma (187, 1, 64, 309)
2026-09-27 01:44:24,176 INFO FRAIWAN_Extended/no_dn fold 3: 27/7 pacientes train/validation, 20 de 20 configuracion(es) por evaluar
2026-09-27 01:44:24,348 INFO FRAIWAN_Extended/no_dn fold 3: config 0 (lr=0.0001, dropout=0.3) epoca 1: train_loss=0.6678 val_loss=0.5934 val_BA=0.500 mejor_epoca=1
2026-09-27 01:44:24,472 INFO FRAIWAN_Extended/no_dn fold 3: config 0 (lr=0.0001, dropout=0.3) epoca 2: train_loss=0.4641 val_loss=0.5309 val_BA=0.500 mejor_epoca=2
2026-09-27 01:44:24,598 INFO FRAIWAN_Extended/no_dn fold 3: config 0 (lr=0.0001, dropout=0.3) epoca 3: train_loss=0.3566 val_loss=0.4499 val_BA=0.500 mejor_epoca=3
2026-09-27 01:44:24,733 INFO FRAIWAN_Extended/no_dn fold 3: config 0 (lr=0.0001, dropout=0.3) epoca 4: train_loss=0.3201 val_loss=0.3985 val_BA=0.500 mejor_epoca=4
2026-09-27 01:44:24,875 INFO FRAIWAN_Extended/no_dn fold 3: config 0 (lr=0.0001, dropout=0.3) epoca 5: train_loss=0.2435 val_loss=0.3534 val_BA=0.500 mejor_epoca=5
2026-09-27 01:44:25,006 INFO FRAIWAN_Extended/no_dn fold 3: config 0 (lr=0.0001, dropout=0.3) epoca 6: train_loss=0.1549 val_loss=0.3998 val_BA=1.000 mejor_epoca=6
2026-09-27 01:44:25,260 INFO FRAIWAN_Extended/no_dn fold 3: config 0 (lr=0.0001, dropout=0.3) epoca 8: train_loss=0.1192 val_loss=0.3930 val_BA=1.000 mejor_epoca=8
2026-09-27 01:44:25,387 INFO FRAIWAN_Extended/no_dn fold 3: config 0 (lr=0.0001, dropout=0.3) epoca 9: train_loss=0.0879 val_loss=0.3055 val_BA=1.000 mejor_epoca=9
2026-09-27 01:44:25,514 INFO FRAIWAN_Extended/no_dn fold 3: config 0 (lr=0.0001, dropout=0.3) epoca 10: train_loss=0.0743 val_loss=0.8753 val_BA=0.750 mejor_epoca=9
2026-09-27 01:44:26,137 INFO FRAIWAN_Extended/no_dn fold 3: config 0 (lr=0.0001, dropout=0.3) epoca 15: train_loss=0.0546 val_loss=0.2948 val_BA=1.000 mejor_epoca=15
2026-09-27 01:44:26,760 INFO FRAIWAN_Extended/no_dn fold 3: config 0 (lr=0.0001, dropout=0.3) epoca 20: train_loss=0.0407 val_loss=0.7463 val_BA=0.833 mejor_epoca=15
2026-09-27 01:44:27,007 INFO FRAIWAN_Extended/no_dn fold 3: config 0 (lr=0.0001, dropout=0.3) epoca 22: train_loss=0.0394 val_loss=0.2398 val_BA=1.000 mejor_epoca=22
2026-09-27 01:44:28,008 INFO FRAIWAN_Extended/no_dn fold 3: config 0 (lr=0.0001, dropout=0.3) epoca 30: train_loss=0.0301 val_loss=0.4119 val_BA=1.000 mejor_epoca=22
2026-09-27 01:44:28,890 INFO FRAIWAN_Extended/no_dn fold 3 config 0: OK val_BA=1.000 mejor_epoca=22 (0.1 min)
2026-09-27 01:44:29,030 INFO FRAIWAN_Extended/no_dn fold 3: config 1 (lr=0.0001, dropout=0.3) epoca 1: train_loss=0.7155 val_loss=0.6640 val_BA=0.500 mejor_epoca=1
2026-09-27 01:44:29,124 INFO FRAIWAN_Extended/no_dn fold 3: config 1 (lr=0.0001, dropout=0.3) epoca 2: train_loss=0.5209 val_loss=0.6579 val_BA=0.500 mejor_epoca=2
2026-09-27 01:44:29,219 INFO FRAIWAN_Extended/no_dn fold 3: config 1 (lr=0.0001, dropout=0.3) epoca 3: train_loss=0.4290 val_loss=0.6435 val_BA=0.500 mejor_epoca=3
2026-09-27 01:44:29,313 INFO FRAIWAN_Extended/no_dn fold 3: config 1 (lr=0.0001, dropout=0.3) epoca 4: train_loss=0.3751 val_loss=0.6209 val_BA=0.500 mejor_epoca=4
2026-09-27 01:44:29,407 INFO FRAIWAN_Extended/no_dn fold 3: config 1 (lr=0.0001, dropout=0.3) epoca 5: train_loss=0.3123 val_loss=0.6008 val_BA=0.500 mejor_epoca=5
2026-09-27 01:44:29,501 INFO FRAIWAN_Extended/no_dn fold 3: config 1 (lr=0.0001, dropout=0.3) epoca 6: train_loss=0.2637 val_loss=0.5713 val_BA=0.500 mejor_epoca=6
2026-09-27 01:44:29,594 INFO FRAIWAN_Extended/no_dn fold 3: config 1 (lr=0.0001, dropout=0.3) epoca 7: train_loss=0.2102 val_loss=0.5350 val_BA=0.500 mejor_epoca=7
2026-09-27 01:44:29,688 INFO FRAIWAN_Extended/no_dn fold 3: config 1 (lr=0.0001, dropout=0.3) epoca 8: train_loss=0.1638 val_loss=0.4966 val_BA=0.500 mejor_epoca=8
2026-09-27 01:44:29,782 INFO FRAIWAN_Extended/no_dn fold 3: config 1 (lr=0.0001, dropout=0.3) epoca 9: train_loss=0.1385 val_loss=0.4653 val_BA=0.500 mejor_epoca=9
2026-09-27 01:44:29,876 INFO FRAIWAN_Extended/no_dn fold 3: config 1 (lr=0.0001, dropout=0.3) epoca 10: train_loss=0.1265 val_loss=0.4269 val_BA=0.500 mejor_epoca=10
2026-09-27 01:44:29,971 INFO FRAIWAN_Extended/no_dn fold 3: config 1 (lr=0.0001, dropout=0.3) epoca 11: train_loss=0.1138 val_loss=0.3988 val_BA=0.500 mejor_epoca=11
2026-09-27 01:44:30,065 INFO FRAIWAN_Extended/no_dn fold 3: config 1 (lr=0.0001, dropout=0.3) epoca 12: train_loss=0.1036 val_loss=0.3782 val_BA=0.500 mejor_epoca=12
2026-09-27 01:44:30,160 INFO FRAIWAN_Extended/no_dn fold 3: config 1 (lr=0.0001, dropout=0.3) epoca 13: train_loss=0.0851 val_loss=0.3731 val_BA=0.500 mejor_epoca=13
2026-09-27 01:44:30,254 INFO FRAIWAN_Extended/no_dn fold 3: config 1 (lr=0.0001, dropout=0.3) epoca 14: train_loss=0.0877 val_loss=0.3662 val_BA=0.500 mejor_epoca=14
2026-09-27 01:44:30,348 INFO FRAIWAN_Extended/no_dn fold 3: config 1 (lr=0.0001, dropout=0.3) epoca 15: train_loss=0.0781 val_loss=0.3370 val_BA=0.500 mejor_epoca=15
2026-09-27 01:44:30,443 INFO FRAIWAN_Extended/no_dn fold 3: config 1 (lr=0.0001, dropout=0.3) epoca 16: train_loss=0.0757 val_loss=0.3336 val_BA=0.500 mejor_epoca=16
2026-09-27 01:44:30,631 INFO FRAIWAN_Extended/no_dn fold 3: config 1 (lr=0.0001, dropout=0.3) epoca 18: train_loss=0.0678 val_loss=0.3884 val_BA=0.917 mejor_epoca=18
2026-09-27 01:44:30,820 INFO FRAIWAN_Extended/no_dn fold 3: config 1 (lr=0.0001, dropout=0.3) epoca 20: train_loss=0.0655 val_loss=0.3873 val_BA=1.000 mejor_epoca=20
2026-09-27 01:44:31,757 INFO FRAIWAN_Extended/no_dn fold 3: config 1 (lr=0.0001, dropout=0.3) epoca 30: train_loss=0.0543 val_loss=0.6605 val_BA=0.917 mejor_epoca=20
2026-09-27 01:44:32,243 INFO FRAIWAN_Extended/no_dn fold 3 config 1: OK val_BA=1.000 mejor_epoca=20 (0.1 min)
2026-09-27 01:44:32,367 INFO FRAIWAN_Extended/no_dn fold 3: config 2 (lr=0.0001, dropout=0.4) epoca 1: train_loss=0.6590 val_loss=0.6544 val_BA=0.500 mejor_epoca=1
2026-09-27 01:44:32,675 INFO FRAIWAN_Extended/no_dn fold 3: config 2 (lr=0.0001, dropout=0.4) epoca 4: train_loss=0.3878 val_loss=0.6401 val_BA=0.500 mejor_epoca=4
2026-09-27 01:44:32,777 INFO FRAIWAN_Extended/no_dn fold 3: config 2 (lr=0.0001, dropout=0.4) epoca 5: train_loss=0.3439 val_loss=0.6057 val_BA=0.500 mejor_epoca=5
2026-09-27 01:44:32,879 INFO FRAIWAN_Extended/no_dn fold 3: config 2 (lr=0.0001, dropout=0.4) epoca 6: train_loss=0.2782 val_loss=0.5649 val_BA=0.500 mejor_epoca=6
2026-09-27 01:44:32,982 INFO FRAIWAN_Extended/no_dn fold 3: config 2 (lr=0.0001, dropout=0.4) epoca 7: train_loss=0.2448 val_loss=0.5285 val_BA=0.500 mejor_epoca=7
2026-09-27 01:44:33,084 INFO FRAIWAN_Extended/no_dn fold 3: config 2 (lr=0.0001, dropout=0.4) epoca 8: train_loss=0.1833 val_loss=0.4814 val_BA=0.500 mejor_epoca=8
2026-09-27 01:44:33,187 INFO FRAIWAN_Extended/no_dn fold 3: config 2 (lr=0.0001, dropout=0.4) epoca 9: train_loss=0.1624 val_loss=0.4408 val_BA=0.500 mejor_epoca=9
2026-09-27 01:44:33,289 INFO FRAIWAN_Extended/no_dn fold 3: config 2 (lr=0.0001, dropout=0.4) epoca 10: train_loss=0.1419 val_loss=0.4167 val_BA=0.500 mejor_epoca=10
2026-09-27 01:44:33,391 INFO FRAIWAN_Extended/no_dn fold 3: config 2 (lr=0.0001, dropout=0.4) epoca 11: train_loss=0.1363 val_loss=0.7702 val_BA=0.750 mejor_epoca=11
2026-09-27 01:44:33,606 INFO FRAIWAN_Extended/no_dn fold 3: config 2 (lr=0.0001, dropout=0.4) epoca 13: train_loss=0.1247 val_loss=0.4151 val_BA=1.000 mejor_epoca=13
2026-09-27 01:44:33,716 INFO FRAIWAN_Extended/no_dn fold 3: config 2 (lr=0.0001, dropout=0.4) epoca 14: train_loss=0.1020 val_loss=0.3861 val_BA=1.000 mejor_epoca=14
2026-09-27 01:44:34,133 INFO FRAIWAN_Extended/no_dn fold 3: config 2 (lr=0.0001, dropout=0.4) epoca 18: train_loss=0.0866 val_loss=0.3806 val_BA=1.000 mejor_epoca=18
2026-09-27 01:44:34,337 INFO FRAIWAN_Extended/no_dn fold 3: config 2 (lr=0.0001, dropout=0.4) epoca 20: train_loss=0.0781 val_loss=0.5717 val_BA=0.917 mejor_epoca=18
2026-09-27 01:44:34,543 INFO FRAIWAN_Extended/no_dn fold 3: config 2 (lr=0.0001, dropout=0.4) epoca 22: train_loss=0.0828 val_loss=0.3134 val_BA=1.000 mejor_epoca=22
2026-09-27 01:44:35,372 INFO FRAIWAN_Extended/no_dn fold 3: config 2 (lr=0.0001, dropout=0.4) epoca 30: train_loss=0.0635 val_loss=0.4969 val_BA=1.000 mejor_epoca=22
2026-09-27 01:44:36,099 INFO FRAIWAN_Extended/no_dn fold 3 config 2: OK val_BA=1.000 mejor_epoca=22 (0.1 min)
2026-09-27 01:44:36,247 INFO FRAIWAN_Extended/no_dn fold 3: config 3 (lr=0.0001, dropout=0.4) epoca 1: train_loss=0.6535 val_loss=0.6541 val_BA=0.500 mejor_epoca=1
2026-09-27 01:44:36,372 INFO FRAIWAN_Extended/no_dn fold 3: config 3 (lr=0.0001, dropout=0.4) epoca 2: train_loss=0.4850 val_loss=0.5777 val_BA=0.500 mejor_epoca=2
2026-09-27 01:44:36,497 INFO FRAIWAN_Extended/no_dn fold 3: config 3 (lr=0.0001, dropout=0.4) epoca 3: train_loss=0.3900 val_loss=0.4988 val_BA=0.500 mejor_epoca=3
2026-09-27 01:44:36,622 INFO FRAIWAN_Extended/no_dn fold 3: config 3 (lr=0.0001, dropout=0.4) epoca 4: train_loss=0.3084 val_loss=0.4730 val_BA=0.500 mejor_epoca=4
2026-09-27 01:44:36,747 INFO FRAIWAN_Extended/no_dn fold 3: config 3 (lr=0.0001, dropout=0.4) epoca 5: train_loss=0.2868 val_loss=0.4393 val_BA=0.917 mejor_epoca=5
2026-09-27 01:44:36,874 INFO FRAIWAN_Extended/no_dn fold 3: config 3 (lr=0.0001, dropout=0.4) epoca 6: train_loss=0.2401 val_loss=0.3994 val_BA=1.000 mejor_epoca=6
2026-09-27 01:44:37,409 INFO FRAIWAN_Extended/no_dn fold 3: config 3 (lr=0.0001, dropout=0.4) epoca 10: train_loss=0.1133 val_loss=0.2719 val_BA=0.500 mejor_epoca=6
2026-09-27 01:44:37,793 INFO FRAIWAN_Extended/no_dn fold 3: config 3 (lr=0.0001, dropout=0.4) epoca 13: train_loss=0.1108 val_loss=0.3535 val_BA=1.000 mejor_epoca=13
2026-09-27 01:44:37,918 INFO FRAIWAN_Extended/no_dn fold 3: config 3 (lr=0.0001, dropout=0.4) epoca 14: train_loss=0.1209 val_loss=0.3130 val_BA=1.000 mejor_epoca=14
2026-09-27 01:44:38,424 INFO FRAIWAN_Extended/no_dn fold 3: config 3 (lr=0.0001, dropout=0.4) epoca 18: train_loss=0.0650 val_loss=0.2482 val_BA=1.000 mejor_epoca=18
2026-09-27 01:44:38,671 INFO FRAIWAN_Extended/no_dn fold 3: config 3 (lr=0.0001, dropout=0.4) epoca 20: train_loss=0.0623 val_loss=0.3050 val_BA=1.000 mejor_epoca=18
2026-09-27 01:44:39,291 INFO FRAIWAN_Extended/no_dn fold 3: config 3 (lr=0.0001, dropout=0.4) epoca 25: train_loss=0.0516 val_loss=0.1946 val_BA=1.000 mejor_epoca=25
2026-09-27 01:44:39,929 INFO FRAIWAN_Extended/no_dn fold 3: config 3 (lr=0.0001, dropout=0.4) epoca 30: train_loss=0.0340 val_loss=0.4241 val_BA=0.917 mejor_epoca=25
2026-09-27 01:44:41,176 INFO FRAIWAN_Extended/no_dn fold 3: config 3 (lr=0.0001, dropout=0.4) epoca 40: train_loss=0.0302 val_loss=0.3999 val_BA=1.000 mejor_epoca=25
2026-09-27 01:44:41,194 INFO FRAIWAN_Extended/no_dn fold 3 config 3: OK val_BA=1.000 mejor_epoca=25 (0.1 min)
2026-09-27 01:44:41,317 INFO FRAIWAN_Extended/no_dn fold 3: config 4 (lr=0.0001, dropout=0.4) epoca 1: train_loss=0.6778 val_loss=0.6501 val_BA=0.500 mejor_epoca=1
2026-09-27 01:44:41,420 INFO FRAIWAN_Extended/no_dn fold 3: config 4 (lr=0.0001, dropout=0.4) epoca 2: train_loss=0.4938 val_loss=0.6210 val_BA=0.500 mejor_epoca=2
2026-09-27 01:44:41,522 INFO FRAIWAN_Extended/no_dn fold 3: config 4 (lr=0.0001, dropout=0.4) epoca 3: train_loss=0.3984 val_loss=0.5789 val_BA=0.500 mejor_epoca=3
2026-09-27 01:44:41,624 INFO FRAIWAN_Extended/no_dn fold 3: config 4 (lr=0.0001, dropout=0.4) epoca 4: train_loss=0.3287 val_loss=0.5371 val_BA=0.500 mejor_epoca=4
2026-09-27 01:44:41,725 INFO FRAIWAN_Extended/no_dn fold 3: config 4 (lr=0.0001, dropout=0.4) epoca 5: train_loss=0.2486 val_loss=0.4911 val_BA=0.500 mejor_epoca=5
2026-09-27 01:44:41,828 INFO FRAIWAN_Extended/no_dn fold 3: config 4 (lr=0.0001, dropout=0.4) epoca 6: train_loss=0.2044 val_loss=0.4401 val_BA=0.500 mejor_epoca=6
2026-09-27 01:44:41,930 INFO FRAIWAN_Extended/no_dn fold 3: config 4 (lr=0.0001, dropout=0.4) epoca 7: train_loss=0.1706 val_loss=0.4035 val_BA=0.500 mejor_epoca=7
2026-09-27 01:44:42,032 INFO FRAIWAN_Extended/no_dn fold 3: config 4 (lr=0.0001, dropout=0.4) epoca 8: train_loss=0.1301 val_loss=0.3815 val_BA=0.500 mejor_epoca=8
2026-09-27 01:44:42,134 INFO FRAIWAN_Extended/no_dn fold 3: config 4 (lr=0.0001, dropout=0.4) epoca 9: train_loss=0.1658 val_loss=0.3946 val_BA=1.000 mejor_epoca=9
2026-09-27 01:44:42,235 INFO FRAIWAN_Extended/no_dn fold 3: config 4 (lr=0.0001, dropout=0.4) epoca 10: train_loss=0.1097 val_loss=0.3696 val_BA=1.000 mejor_epoca=10
2026-09-27 01:44:42,540 INFO FRAIWAN_Extended/no_dn fold 3: config 4 (lr=0.0001, dropout=0.4) epoca 13: train_loss=0.0787 val_loss=0.3174 val_BA=1.000 mejor_epoca=13
2026-09-27 01:44:43,285 INFO FRAIWAN_Extended/no_dn fold 3: config 4 (lr=0.0001, dropout=0.4) epoca 20: train_loss=0.0592 val_loss=0.4158 val_BA=1.000 mejor_epoca=13
2026-09-27 01:44:44,126 INFO FRAIWAN_Extended/no_dn fold 3 config 4: OK val_BA=1.000 mejor_epoca=13 (0.0 min)
2026-09-27 01:44:44,248 INFO FRAIWAN_Extended/no_dn fold 3: config 5 (lr=0.0001, dropout=0.4) epoca 1: train_loss=0.7156 val_loss=0.6777 val_BA=0.500 mejor_epoca=1
2026-09-27 01:44:44,348 INFO FRAIWAN_Extended/no_dn fold 3: config 5 (lr=0.0001, dropout=0.4) epoca 2: train_loss=0.5559 val_loss=0.6744 val_BA=0.500 mejor_epoca=2
2026-09-27 01:44:44,445 INFO FRAIWAN_Extended/no_dn fold 3: config 5 (lr=0.0001, dropout=0.4) epoca 3: train_loss=0.4662 val_loss=0.6675 val_BA=0.500 mejor_epoca=3
2026-09-27 01:44:44,541 INFO FRAIWAN_Extended/no_dn fold 3: config 5 (lr=0.0001, dropout=0.4) epoca 4: train_loss=0.4038 val_loss=0.6583 val_BA=0.500 mejor_epoca=4
2026-09-27 01:44:44,636 INFO FRAIWAN_Extended/no_dn fold 3: config 5 (lr=0.0001, dropout=0.4) epoca 5: train_loss=0.3610 val_loss=0.6422 val_BA=0.500 mejor_epoca=5
2026-09-27 01:44:44,731 INFO FRAIWAN_Extended/no_dn fold 3: config 5 (lr=0.0001, dropout=0.4) epoca 6: train_loss=0.3182 val_loss=0.6227 val_BA=0.500 mejor_epoca=6
2026-09-27 01:44:44,825 INFO FRAIWAN_Extended/no_dn fold 3: config 5 (lr=0.0001, dropout=0.4) epoca 7: train_loss=0.2812 val_loss=0.5974 val_BA=0.500 mejor_epoca=7
2026-09-27 01:44:44,919 INFO FRAIWAN_Extended/no_dn fold 3: config 5 (lr=0.0001, dropout=0.4) epoca 8: train_loss=0.2582 val_loss=0.5608 val_BA=0.500 mejor_epoca=8
2026-09-27 01:44:45,014 INFO FRAIWAN_Extended/no_dn fold 3: config 5 (lr=0.0001, dropout=0.4) epoca 9: train_loss=0.2202 val_loss=0.5262 val_BA=0.500 mejor_epoca=9
2026-09-27 01:44:45,109 INFO FRAIWAN_Extended/no_dn fold 3: config 5 (lr=0.0001, dropout=0.4) epoca 10: train_loss=0.1863 val_loss=0.4888 val_BA=0.500 mejor_epoca=10
2026-09-27 01:44:45,204 INFO FRAIWAN_Extended/no_dn fold 3: config 5 (lr=0.0001, dropout=0.4) epoca 11: train_loss=0.1885 val_loss=0.4594 val_BA=0.500 mejor_epoca=11
2026-09-27 01:44:45,299 INFO FRAIWAN_Extended/no_dn fold 3: config 5 (lr=0.0001, dropout=0.4) epoca 12: train_loss=0.1476 val_loss=0.4452 val_BA=0.500 mejor_epoca=12
2026-09-27 01:44:45,394 INFO FRAIWAN_Extended/no_dn fold 3: config 5 (lr=0.0001, dropout=0.4) epoca 13: train_loss=0.1421 val_loss=0.4270 val_BA=0.500 mejor_epoca=13
2026-09-27 01:44:45,489 INFO FRAIWAN_Extended/no_dn fold 3: config 5 (lr=0.0001, dropout=0.4) epoca 14: train_loss=0.1172 val_loss=0.4151 val_BA=0.500 mejor_epoca=14
2026-09-27 01:44:45,584 INFO FRAIWAN_Extended/no_dn fold 3: config 5 (lr=0.0001, dropout=0.4) epoca 15: train_loss=0.1085 val_loss=0.3995 val_BA=0.500 mejor_epoca=15
2026-09-27 01:44:45,679 INFO FRAIWAN_Extended/no_dn fold 3: config 5 (lr=0.0001, dropout=0.4) epoca 16: train_loss=0.1043 val_loss=0.3683 val_BA=0.500 mejor_epoca=16
2026-09-27 01:44:45,870 INFO FRAIWAN_Extended/no_dn fold 3: config 5 (lr=0.0001, dropout=0.4) epoca 18: train_loss=0.0932 val_loss=0.4724 val_BA=0.917 mejor_epoca=18
2026-09-27 01:44:45,965 INFO FRAIWAN_Extended/no_dn fold 3: config 5 (lr=0.0001, dropout=0.4) epoca 19: train_loss=0.0906 val_loss=0.4398 val_BA=0.917 mejor_epoca=19
2026-09-27 01:44:46,060 INFO FRAIWAN_Extended/no_dn fold 3: config 5 (lr=0.0001, dropout=0.4) epoca 20: train_loss=0.0864 val_loss=0.4021 val_BA=1.000 mejor_epoca=20
2026-09-27 01:44:46,154 INFO FRAIWAN_Extended/no_dn fold 3: config 5 (lr=0.0001, dropout=0.4) epoca 21: train_loss=0.0849 val_loss=0.3969 val_BA=1.000 mejor_epoca=21
2026-09-27 01:44:46,904 INFO FRAIWAN_Extended/no_dn fold 3: config 5 (lr=0.0001, dropout=0.4) epoca 29: train_loss=0.0678 val_loss=0.3816 val_BA=1.000 mejor_epoca=29
2026-09-27 01:44:46,998 INFO FRAIWAN_Extended/no_dn fold 3: config 5 (lr=0.0001, dropout=0.4) epoca 30: train_loss=0.0697 val_loss=0.3499 val_BA=0.500 mejor_epoca=29
2026-09-27 01:44:47,941 INFO FRAIWAN_Extended/no_dn fold 3: config 5 (lr=0.0001, dropout=0.4) epoca 40: train_loss=0.0555 val_loss=0.6128 val_BA=0.833 mejor_epoca=29
2026-09-27 01:44:48,333 INFO FRAIWAN_Extended/no_dn fold 3 config 5: OK val_BA=1.000 mejor_epoca=29 (0.1 min)
2026-09-27 01:44:48,479 INFO FRAIWAN_Extended/no_dn fold 3: config 6 (lr=0.0001, dropout=0.5) epoca 1: train_loss=0.6641 val_loss=0.7089 val_BA=0.500 mejor_epoca=1
2026-09-27 01:44:48,724 INFO FRAIWAN_Extended/no_dn fold 3: config 6 (lr=0.0001, dropout=0.5) epoca 3: train_loss=0.4166 val_loss=0.5923 val_BA=0.500 mejor_epoca=3
2026-09-27 01:44:48,847 INFO FRAIWAN_Extended/no_dn fold 3: config 6 (lr=0.0001, dropout=0.5) epoca 4: train_loss=0.3685 val_loss=0.5027 val_BA=0.500 mejor_epoca=4
2026-09-27 01:44:48,969 INFO FRAIWAN_Extended/no_dn fold 3: config 6 (lr=0.0001, dropout=0.5) epoca 5: train_loss=0.2888 val_loss=0.4879 val_BA=0.917 mejor_epoca=5
2026-09-27 01:44:49,339 INFO FRAIWAN_Extended/no_dn fold 3: config 6 (lr=0.0001, dropout=0.5) epoca 8: train_loss=0.1620 val_loss=0.4569 val_BA=0.917 mejor_epoca=8
2026-09-27 01:44:49,465 INFO FRAIWAN_Extended/no_dn fold 3: config 6 (lr=0.0001, dropout=0.5) epoca 9: train_loss=0.1572 val_loss=0.4157 val_BA=0.917 mejor_epoca=9
2026-09-27 01:44:49,591 INFO FRAIWAN_Extended/no_dn fold 3: config 6 (lr=0.0001, dropout=0.5) epoca 10: train_loss=0.1524 val_loss=0.7804 val_BA=0.833 mejor_epoca=9
2026-09-27 01:44:49,716 INFO FRAIWAN_Extended/no_dn fold 3: config 6 (lr=0.0001, dropout=0.5) epoca 11: train_loss=0.1206 val_loss=0.4290 val_BA=1.000 mejor_epoca=11
2026-09-27 01:44:49,842 INFO FRAIWAN_Extended/no_dn fold 3: config 6 (lr=0.0001, dropout=0.5) epoca 12: train_loss=0.1495 val_loss=0.4050 val_BA=1.000 mejor_epoca=12
2026-09-27 01:44:50,718 INFO FRAIWAN_Extended/no_dn fold 3: config 6 (lr=0.0001, dropout=0.5) epoca 19: train_loss=0.0861 val_loss=0.2932 val_BA=1.000 mejor_epoca=19
2026-09-27 01:44:50,843 INFO FRAIWAN_Extended/no_dn fold 3: config 6 (lr=0.0001, dropout=0.5) epoca 20: train_loss=0.1169 val_loss=0.5365 val_BA=0.917 mejor_epoca=19
2026-09-27 01:44:51,579 INFO FRAIWAN_Extended/no_dn fold 3: config 6 (lr=0.0001, dropout=0.5) epoca 26: train_loss=0.0696 val_loss=0.2780 val_BA=1.000 mejor_epoca=26
2026-09-27 01:44:52,102 INFO FRAIWAN_Extended/no_dn fold 3: config 6 (lr=0.0001, dropout=0.5) epoca 30: train_loss=0.0566 val_loss=0.3495 val_BA=1.000 mejor_epoca=26
2026-09-27 01:44:53,389 INFO FRAIWAN_Extended/no_dn fold 3: config 6 (lr=0.0001, dropout=0.5) epoca 40: train_loss=0.0423 val_loss=0.5078 val_BA=0.917 mejor_epoca=26
2026-09-27 01:44:53,543 INFO FRAIWAN_Extended/no_dn fold 3 config 6: OK val_BA=1.000 mejor_epoca=26 (0.1 min)
2026-09-27 01:44:53,670 INFO FRAIWAN_Extended/no_dn fold 3: config 7 (lr=0.0001, dropout=0.5) epoca 1: train_loss=0.6911 val_loss=0.6931 val_BA=0.917 mejor_epoca=1
2026-09-27 01:44:54,523 INFO FRAIWAN_Extended/no_dn fold 3: config 7 (lr=0.0001, dropout=0.5) epoca 10: train_loss=0.1848 val_loss=0.5275 val_BA=0.500 mejor_epoca=1
2026-09-27 01:44:55,184 INFO FRAIWAN_Extended/no_dn fold 3: config 7 (lr=0.0001, dropout=0.5) epoca 17: train_loss=0.1210 val_loss=0.3923 val_BA=1.000 mejor_epoca=17
2026-09-27 01:44:55,278 INFO FRAIWAN_Extended/no_dn fold 3: config 7 (lr=0.0001, dropout=0.5) epoca 18: train_loss=0.1139 val_loss=0.3761 val_BA=1.000 mejor_epoca=18
2026-09-27 01:44:55,467 INFO FRAIWAN_Extended/no_dn fold 3: config 7 (lr=0.0001, dropout=0.5) epoca 20: train_loss=0.1078 val_loss=0.4287 val_BA=1.000 mejor_epoca=18
2026-09-27 01:44:55,845 INFO FRAIWAN_Extended/no_dn fold 3: config 7 (lr=0.0001, dropout=0.5) epoca 24: train_loss=0.0956 val_loss=0.3530 val_BA=1.000 mejor_epoca=24
2026-09-27 01:44:56,411 INFO FRAIWAN_Extended/no_dn fold 3: config 7 (lr=0.0001, dropout=0.5) epoca 30: train_loss=0.0841 val_loss=0.3970 val_BA=1.000 mejor_epoca=24
2026-09-27 01:44:56,785 INFO FRAIWAN_Extended/no_dn fold 3: config 7 (lr=0.0001, dropout=0.5) epoca 34: train_loss=0.0886 val_loss=0.3266 val_BA=1.000 mejor_epoca=34
2026-09-27 01:44:56,878 INFO FRAIWAN_Extended/no_dn fold 3: config 7 (lr=0.0001, dropout=0.5) epoca 35: train_loss=0.0837 val_loss=0.3149 val_BA=1.000 mejor_epoca=35
2026-09-27 01:44:57,348 INFO FRAIWAN_Extended/no_dn fold 3: config 7 (lr=0.0001, dropout=0.5) epoca 40: train_loss=0.0742 val_loss=0.3150 val_BA=1.000 mejor_epoca=35
2026-09-27 01:44:57,442 INFO FRAIWAN_Extended/no_dn fold 3: config 7 (lr=0.0001, dropout=0.5) epoca 41: train_loss=0.0852 val_loss=0.2990 val_BA=1.000 mejor_epoca=41
2026-09-27 01:44:57,535 INFO FRAIWAN_Extended/no_dn fold 3: config 7 (lr=0.0001, dropout=0.5) epoca 42: train_loss=0.0744 val_loss=0.2908 val_BA=1.000 mejor_epoca=42
2026-09-27 01:44:58,289 INFO FRAIWAN_Extended/no_dn fold 3: config 7 (lr=0.0001, dropout=0.5) epoca 50: train_loss=0.0689 val_loss=0.4696 val_BA=0.917 mejor_epoca=42
2026-09-27 01:44:58,968 INFO FRAIWAN_Extended/no_dn fold 3 config 7: OK val_BA=1.000 mejor_epoca=42 (0.1 min)
2026-09-27 01:44:59,083 INFO FRAIWAN_Extended/no_dn fold 3: config 8 (lr=0.0003, dropout=0.3) epoca 1: train_loss=0.6541 val_loss=0.6520 val_BA=0.500 mejor_epoca=1
2026-09-27 01:44:59,177 INFO FRAIWAN_Extended/no_dn fold 3: config 8 (lr=0.0003, dropout=0.3) epoca 2: train_loss=0.4659 val_loss=0.6342 val_BA=0.500 mejor_epoca=2
2026-09-27 01:44:59,271 INFO FRAIWAN_Extended/no_dn fold 3: config 8 (lr=0.0003, dropout=0.3) epoca 3: train_loss=0.3830 val_loss=0.6021 val_BA=0.500 mejor_epoca=3
2026-09-27 01:44:59,366 INFO FRAIWAN_Extended/no_dn fold 3: config 8 (lr=0.0003, dropout=0.3) epoca 4: train_loss=0.3185 val_loss=0.5645 val_BA=0.500 mejor_epoca=4
2026-09-27 01:44:59,460 INFO FRAIWAN_Extended/no_dn fold 3: config 8 (lr=0.0003, dropout=0.3) epoca 5: train_loss=0.2297 val_loss=0.5306 val_BA=0.500 mejor_epoca=5
2026-09-27 01:44:59,556 INFO FRAIWAN_Extended/no_dn fold 3: config 8 (lr=0.0003, dropout=0.3) epoca 6: train_loss=0.1798 val_loss=0.4929 val_BA=0.500 mejor_epoca=6
2026-09-27 01:44:59,649 INFO FRAIWAN_Extended/no_dn fold 3: config 8 (lr=0.0003, dropout=0.3) epoca 7: train_loss=0.1598 val_loss=0.4695 val_BA=0.500 mejor_epoca=7
2026-09-27 01:44:59,837 INFO FRAIWAN_Extended/no_dn fold 3: config 8 (lr=0.0003, dropout=0.3) epoca 9: train_loss=0.1165 val_loss=0.4553 val_BA=0.500 mejor_epoca=9
2026-09-27 01:44:59,931 INFO FRAIWAN_Extended/no_dn fold 3: config 8 (lr=0.0003, dropout=0.3) epoca 10: train_loss=0.1009 val_loss=0.3787 val_BA=0.500 mejor_epoca=10
2026-09-27 01:45:00,025 INFO FRAIWAN_Extended/no_dn fold 3: config 8 (lr=0.0003, dropout=0.3) epoca 11: train_loss=0.0914 val_loss=0.3451 val_BA=0.500 mejor_epoca=11
2026-09-27 01:45:00,213 INFO FRAIWAN_Extended/no_dn fold 3: config 8 (lr=0.0003, dropout=0.3) epoca 13: train_loss=0.0820 val_loss=0.3356 val_BA=0.500 mejor_epoca=13
2026-09-27 01:45:00,308 INFO FRAIWAN_Extended/no_dn fold 3: config 8 (lr=0.0003, dropout=0.3) epoca 14: train_loss=0.0790 val_loss=0.2817 val_BA=0.500 mejor_epoca=14
2026-09-27 01:45:00,402 INFO FRAIWAN_Extended/no_dn fold 3: config 8 (lr=0.0003, dropout=0.3) epoca 15: train_loss=0.0762 val_loss=0.2237 val_BA=1.000 mejor_epoca=15
2026-09-27 01:45:00,880 INFO FRAIWAN_Extended/no_dn fold 3: config 8 (lr=0.0003, dropout=0.3) epoca 20: train_loss=0.0625 val_loss=0.3695 val_BA=1.000 mejor_epoca=15
2026-09-27 01:45:01,837 INFO FRAIWAN_Extended/no_dn fold 3: config 8 (lr=0.0003, dropout=0.3) epoca 30: train_loss=0.0422 val_loss=0.2586 val_BA=1.000 mejor_epoca=15
2026-09-27 01:45:01,856 INFO FRAIWAN_Extended/no_dn fold 3 config 8: OK val_BA=1.000 mejor_epoca=15 (0.0 min)
2026-09-27 01:45:01,979 INFO FRAIWAN_Extended/no_dn fold 3: config 9 (lr=0.0003, dropout=0.4) epoca 1: train_loss=0.6442 val_loss=0.5981 val_BA=0.500 mejor_epoca=1
2026-09-27 01:45:02,080 INFO FRAIWAN_Extended/no_dn fold 3: config 9 (lr=0.0003, dropout=0.4) epoca 2: train_loss=0.4821 val_loss=0.5594 val_BA=0.500 mejor_epoca=2
2026-09-27 01:45:02,182 INFO FRAIWAN_Extended/no_dn fold 3: config 9 (lr=0.0003, dropout=0.4) epoca 3: train_loss=0.3654 val_loss=0.4843 val_BA=0.500 mejor_epoca=3
2026-09-27 01:45:02,284 INFO FRAIWAN_Extended/no_dn fold 3: config 9 (lr=0.0003, dropout=0.4) epoca 4: train_loss=0.2815 val_loss=0.4368 val_BA=0.500 mejor_epoca=4
2026-09-27 01:45:02,386 INFO FRAIWAN_Extended/no_dn fold 3: config 9 (lr=0.0003, dropout=0.4) epoca 5: train_loss=0.1844 val_loss=0.3828 val_BA=0.500 mejor_epoca=5
2026-09-27 01:45:02,488 INFO FRAIWAN_Extended/no_dn fold 3: config 9 (lr=0.0003, dropout=0.4) epoca 6: train_loss=0.2079 val_loss=0.3653 val_BA=0.500 mejor_epoca=6
2026-09-27 01:45:02,591 INFO FRAIWAN_Extended/no_dn fold 3: config 9 (lr=0.0003, dropout=0.4) epoca 7: train_loss=0.1142 val_loss=0.3292 val_BA=0.500 mejor_epoca=7
2026-09-27 01:45:02,700 INFO FRAIWAN_Extended/no_dn fold 3: config 9 (lr=0.0003, dropout=0.4) epoca 8: train_loss=0.0885 val_loss=0.3291 val_BA=0.500 mejor_epoca=8
2026-09-27 01:45:02,809 INFO FRAIWAN_Extended/no_dn fold 3: config 9 (lr=0.0003, dropout=0.4) epoca 9: train_loss=0.0797 val_loss=0.2452 val_BA=0.500 mejor_epoca=9
2026-09-27 01:45:02,915 INFO FRAIWAN_Extended/no_dn fold 3: config 9 (lr=0.0003, dropout=0.4) epoca 10: train_loss=0.0674 val_loss=0.2600 val_BA=1.000 mejor_epoca=10
2026-09-27 01:45:03,534 INFO FRAIWAN_Extended/no_dn fold 3: config 9 (lr=0.0003, dropout=0.4) epoca 16: train_loss=0.0484 val_loss=0.1531 val_BA=1.000 mejor_epoca=16
2026-09-27 01:45:03,637 INFO FRAIWAN_Extended/no_dn fold 3: config 9 (lr=0.0003, dropout=0.4) epoca 17: train_loss=0.0366 val_loss=0.1390 val_BA=1.000 mejor_epoca=17
2026-09-27 01:45:03,946 INFO FRAIWAN_Extended/no_dn fold 3: config 9 (lr=0.0003, dropout=0.4) epoca 20: train_loss=0.0342 val_loss=0.3689 val_BA=1.000 mejor_epoca=17
2026-09-27 01:45:04,964 INFO FRAIWAN_Extended/no_dn fold 3: config 9 (lr=0.0003, dropout=0.4) epoca 30: train_loss=0.0257 val_loss=1.9807 val_BA=0.583 mejor_epoca=17
2026-09-27 01:45:05,184 INFO FRAIWAN_Extended/no_dn fold 3 config 9: OK val_BA=1.000 mejor_epoca=17 (0.1 min)
2026-09-27 01:45:05,331 INFO FRAIWAN_Extended/no_dn fold 3: config 10 (lr=0.0003, dropout=0.4) epoca 1: train_loss=0.6667 val_loss=0.7070 val_BA=0.500 mejor_epoca=1
2026-09-27 01:45:05,582 INFO FRAIWAN_Extended/no_dn fold 3: config 10 (lr=0.0003, dropout=0.4) epoca 3: train_loss=0.4916 val_loss=0.4369 val_BA=0.500 mejor_epoca=3
2026-09-27 01:45:05,709 INFO FRAIWAN_Extended/no_dn fold 3: config 10 (lr=0.0003, dropout=0.4) epoca 4: train_loss=0.4045 val_loss=0.3719 val_BA=1.000 mejor_epoca=4
2026-09-27 01:45:06,088 INFO FRAIWAN_Extended/no_dn fold 3: config 10 (lr=0.0003, dropout=0.4) epoca 7: train_loss=0.1889 val_loss=0.3262 val_BA=1.000 mejor_epoca=7
2026-09-27 01:45:06,466 INFO FRAIWAN_Extended/no_dn fold 3: config 10 (lr=0.0003, dropout=0.4) epoca 10: train_loss=0.1180 val_loss=1.9000 val_BA=0.583 mejor_epoca=7
2026-09-27 01:45:06,843 INFO FRAIWAN_Extended/no_dn fold 3: config 10 (lr=0.0003, dropout=0.4) epoca 13: train_loss=0.0763 val_loss=0.2514 val_BA=1.000 mejor_epoca=13
2026-09-27 01:45:07,717 INFO FRAIWAN_Extended/no_dn fold 3: config 10 (lr=0.0003, dropout=0.4) epoca 20: train_loss=0.0442 val_loss=1.5781 val_BA=0.667 mejor_epoca=13
2026-09-27 01:45:08,863 INFO FRAIWAN_Extended/no_dn fold 3 config 10: OK val_BA=1.000 mejor_epoca=13 (0.1 min)
2026-09-27 01:45:08,979 INFO FRAIWAN_Extended/no_dn fold 3: config 11 (lr=0.0003, dropout=0.5) epoca 1: train_loss=0.7318 val_loss=0.7039 val_BA=0.500 mejor_epoca=1
2026-09-27 01:45:09,073 INFO FRAIWAN_Extended/no_dn fold 3: config 11 (lr=0.0003, dropout=0.5) epoca 2: train_loss=0.5107 val_loss=0.6774 val_BA=0.500 mejor_epoca=2
2026-09-27 01:45:09,169 INFO FRAIWAN_Extended/no_dn fold 3: config 11 (lr=0.0003, dropout=0.5) epoca 3: train_loss=0.4139 val_loss=0.6463 val_BA=0.500 mejor_epoca=3
2026-09-27 01:45:09,264 INFO FRAIWAN_Extended/no_dn fold 3: config 11 (lr=0.0003, dropout=0.5) epoca 4: train_loss=0.3400 val_loss=0.5879 val_BA=0.500 mejor_epoca=4
2026-09-27 01:45:09,358 INFO FRAIWAN_Extended/no_dn fold 3: config 11 (lr=0.0003, dropout=0.5) epoca 5: train_loss=0.2625 val_loss=0.5245 val_BA=0.500 mejor_epoca=5
2026-09-27 01:45:09,452 INFO FRAIWAN_Extended/no_dn fold 3: config 11 (lr=0.0003, dropout=0.5) epoca 6: train_loss=0.2155 val_loss=0.5124 val_BA=0.500 mejor_epoca=6
2026-09-27 01:45:09,553 INFO FRAIWAN_Extended/no_dn fold 3: config 11 (lr=0.0003, dropout=0.5) epoca 7: train_loss=0.1821 val_loss=0.5000 val_BA=0.500 mejor_epoca=7
2026-09-27 01:45:09,653 INFO FRAIWAN_Extended/no_dn fold 3: config 11 (lr=0.0003, dropout=0.5) epoca 8: train_loss=0.1699 val_loss=0.4802 val_BA=0.500 mejor_epoca=8
2026-09-27 01:45:09,753 INFO FRAIWAN_Extended/no_dn fold 3: config 11 (lr=0.0003, dropout=0.5) epoca 9: train_loss=0.1456 val_loss=0.4591 val_BA=0.500 mejor_epoca=9
2026-09-27 01:45:09,853 INFO FRAIWAN_Extended/no_dn fold 3: config 11 (lr=0.0003, dropout=0.5) epoca 10: train_loss=0.1305 val_loss=0.4203 val_BA=0.500 mejor_epoca=10
2026-09-27 01:45:09,947 INFO FRAIWAN_Extended/no_dn fold 3: config 11 (lr=0.0003, dropout=0.5) epoca 11: train_loss=0.1084 val_loss=0.3495 val_BA=1.000 mejor_epoca=11
2026-09-27 01:45:10,041 INFO FRAIWAN_Extended/no_dn fold 3: config 11 (lr=0.0003, dropout=0.5) epoca 12: train_loss=0.1124 val_loss=0.3122 val_BA=1.000 mejor_epoca=12
2026-09-27 01:45:10,136 INFO FRAIWAN_Extended/no_dn fold 3: config 11 (lr=0.0003, dropout=0.5) epoca 13: train_loss=0.1040 val_loss=0.2917 val_BA=1.000 mejor_epoca=13
2026-09-27 01:45:10,230 INFO FRAIWAN_Extended/no_dn fold 3: config 11 (lr=0.0003, dropout=0.5) epoca 14: train_loss=0.1038 val_loss=0.2733 val_BA=1.000 mejor_epoca=14
2026-09-27 01:45:10,324 INFO FRAIWAN_Extended/no_dn fold 3: config 11 (lr=0.0003, dropout=0.5) epoca 15: train_loss=0.0980 val_loss=0.2651 val_BA=1.000 mejor_epoca=15
2026-09-27 01:45:10,797 INFO FRAIWAN_Extended/no_dn fold 3: config 11 (lr=0.0003, dropout=0.5) epoca 20: train_loss=0.0751 val_loss=0.3748 val_BA=1.000 mejor_epoca=15
2026-09-27 01:45:10,987 INFO FRAIWAN_Extended/no_dn fold 3: config 11 (lr=0.0003, dropout=0.5) epoca 22: train_loss=0.0699 val_loss=0.2410 val_BA=1.000 mejor_epoca=22
2026-09-27 01:45:11,747 INFO FRAIWAN_Extended/no_dn fold 3: config 11 (lr=0.0003, dropout=0.5) epoca 30: train_loss=0.0563 val_loss=0.5881 val_BA=1.000 mejor_epoca=22
2026-09-27 01:45:12,221 INFO FRAIWAN_Extended/no_dn fold 3: config 11 (lr=0.0003, dropout=0.5) epoca 35: train_loss=0.0517 val_loss=0.1893 val_BA=1.000 mejor_epoca=35
2026-09-27 01:45:12,690 INFO FRAIWAN_Extended/no_dn fold 3: config 11 (lr=0.0003, dropout=0.5) epoca 40: train_loss=0.0500 val_loss=0.4508 val_BA=1.000 mejor_epoca=35
2026-09-27 01:45:13,639 INFO FRAIWAN_Extended/no_dn fold 3: config 11 (lr=0.0003, dropout=0.5) epoca 50: train_loss=0.0308 val_loss=0.6684 val_BA=0.917 mejor_epoca=35
2026-09-27 01:45:13,659 INFO FRAIWAN_Extended/no_dn fold 3 config 11: OK val_BA=1.000 mejor_epoca=35 (0.1 min)
2026-09-27 01:45:13,784 INFO FRAIWAN_Extended/no_dn fold 3: config 12 (lr=0.0003, dropout=0.5) epoca 1: train_loss=0.6282 val_loss=0.6394 val_BA=0.500 mejor_epoca=1
2026-09-27 01:45:13,887 INFO FRAIWAN_Extended/no_dn fold 3: config 12 (lr=0.0003, dropout=0.5) epoca 2: train_loss=0.4181 val_loss=0.5717 val_BA=0.500 mejor_epoca=2
2026-09-27 01:45:13,988 INFO FRAIWAN_Extended/no_dn fold 3: config 12 (lr=0.0003, dropout=0.5) epoca 3: train_loss=0.2962 val_loss=0.5139 val_BA=0.500 mejor_epoca=3
2026-09-27 01:45:14,089 INFO FRAIWAN_Extended/no_dn fold 3: config 12 (lr=0.0003, dropout=0.5) epoca 4: train_loss=0.2286 val_loss=0.4440 val_BA=0.500 mejor_epoca=4
2026-09-27 01:45:14,191 INFO FRAIWAN_Extended/no_dn fold 3: config 12 (lr=0.0003, dropout=0.5) epoca 5: train_loss=0.1758 val_loss=0.4071 val_BA=0.500 mejor_epoca=5
2026-09-27 01:45:14,292 INFO FRAIWAN_Extended/no_dn fold 3: config 12 (lr=0.0003, dropout=0.5) epoca 6: train_loss=0.1641 val_loss=0.3795 val_BA=0.500 mejor_epoca=6
2026-09-27 01:45:14,393 INFO FRAIWAN_Extended/no_dn fold 3: config 12 (lr=0.0003, dropout=0.5) epoca 7: train_loss=0.1106 val_loss=0.2981 val_BA=0.500 mejor_epoca=7
2026-09-27 01:45:14,494 INFO FRAIWAN_Extended/no_dn fold 3: config 12 (lr=0.0003, dropout=0.5) epoca 8: train_loss=0.0952 val_loss=0.2614 val_BA=1.000 mejor_epoca=8
2026-09-27 01:45:14,595 INFO FRAIWAN_Extended/no_dn fold 3: config 12 (lr=0.0003, dropout=0.5) epoca 9: train_loss=0.0849 val_loss=0.2220 val_BA=1.000 mejor_epoca=9
2026-09-27 01:45:14,702 INFO FRAIWAN_Extended/no_dn fold 3: config 12 (lr=0.0003, dropout=0.5) epoca 10: train_loss=0.0784 val_loss=0.2596 val_BA=1.000 mejor_epoca=9
2026-09-27 01:45:15,727 INFO FRAIWAN_Extended/no_dn fold 3: config 12 (lr=0.0003, dropout=0.5) epoca 20: train_loss=0.0477 val_loss=1.1325 val_BA=0.833 mejor_epoca=9
2026-09-27 01:45:16,168 INFO FRAIWAN_Extended/no_dn fold 3 config 12: OK val_BA=1.000 mejor_epoca=9 (0.0 min)
2026-09-27 01:45:16,325 INFO FRAIWAN_Extended/no_dn fold 3: config 13 (lr=0.001, dropout=0.2) epoca 1: train_loss=0.7074 val_loss=0.7551 val_BA=0.500 mejor_epoca=1
2026-09-27 01:45:16,593 INFO FRAIWAN_Extended/no_dn fold 3: config 13 (lr=0.001, dropout=0.2) epoca 3: train_loss=0.4646 val_loss=0.4380 val_BA=0.500 mejor_epoca=3
2026-09-27 01:45:16,727 INFO FRAIWAN_Extended/no_dn fold 3: config 13 (lr=0.001, dropout=0.2) epoca 4: train_loss=0.4016 val_loss=0.6088 val_BA=0.917 mejor_epoca=4
2026-09-27 01:45:17,522 INFO FRAIWAN_Extended/no_dn fold 3: config 13 (lr=0.001, dropout=0.2) epoca 10: train_loss=0.1482 val_loss=1.1861 val_BA=0.750 mejor_epoca=4
2026-09-27 01:45:17,788 INFO FRAIWAN_Extended/no_dn fold 3: config 13 (lr=0.001, dropout=0.2) epoca 12: train_loss=0.0667 val_loss=0.4296 val_BA=0.917 mejor_epoca=12
2026-09-27 01:45:18,887 INFO FRAIWAN_Extended/no_dn fold 3: config 13 (lr=0.001, dropout=0.2) epoca 20: train_loss=0.0459 val_loss=0.9527 val_BA=0.833 mejor_epoca=12
2026-09-27 01:45:19,556 INFO FRAIWAN_Extended/no_dn fold 3: config 13 (lr=0.001, dropout=0.2) epoca 25: train_loss=0.1047 val_loss=0.4177 val_BA=0.917 mejor_epoca=25
2026-09-27 01:45:19,949 INFO FRAIWAN_Extended/no_dn fold 3: config 13 (lr=0.001, dropout=0.2) epoca 28: train_loss=0.0078 val_loss=0.5833 val_BA=1.000 mejor_epoca=28
2026-09-27 01:45:20,207 INFO FRAIWAN_Extended/no_dn fold 3: config 13 (lr=0.001, dropout=0.2) epoca 30: train_loss=0.0090 val_loss=0.9277 val_BA=0.833 mejor_epoca=28
2026-09-27 01:45:20,867 INFO FRAIWAN_Extended/no_dn fold 3: config 13 (lr=0.001, dropout=0.2) epoca 35: train_loss=0.0050 val_loss=0.1758 val_BA=1.000 mejor_epoca=35
2026-09-27 01:45:21,551 INFO FRAIWAN_Extended/no_dn fold 3: config 13 (lr=0.001, dropout=0.2) epoca 40: train_loss=0.0142 val_loss=2.9141 val_BA=0.583 mejor_epoca=35
2026-09-27 01:45:22,284 INFO FRAIWAN_Extended/no_dn fold 3: config 13 (lr=0.001, dropout=0.2) epoca 45: train_loss=0.0247 val_loss=0.1587 val_BA=1.000 mejor_epoca=45
2026-09-27 01:45:22,950 INFO FRAIWAN_Extended/no_dn fold 3: config 13 (lr=0.001, dropout=0.2) epoca 50: train_loss=0.0029 val_loss=0.7411 val_BA=0.917 mejor_epoca=45
2026-09-27 01:45:24,306 INFO FRAIWAN_Extended/no_dn fold 3: config 13 (lr=0.001, dropout=0.2) epoca 60: train_loss=0.0014 val_loss=1.1895 val_BA=0.917 mejor_epoca=45
2026-09-27 01:45:24,326 INFO FRAIWAN_Extended/no_dn fold 3 config 13: OK val_BA=1.000 mejor_epoca=45 (0.1 min)
2026-09-27 01:45:24,446 INFO FRAIWAN_Extended/no_dn fold 3: config 14 (lr=0.001, dropout=0.3) epoca 1: train_loss=0.6868 val_loss=0.6370 val_BA=0.500 mejor_epoca=1
2026-09-27 01:45:24,544 INFO FRAIWAN_Extended/no_dn fold 3: config 14 (lr=0.001, dropout=0.3) epoca 2: train_loss=0.4946 val_loss=0.5728 val_BA=0.500 mejor_epoca=2
2026-09-27 01:45:24,642 INFO FRAIWAN_Extended/no_dn fold 3: config 14 (lr=0.001, dropout=0.3) epoca 3: train_loss=0.4632 val_loss=0.4691 val_BA=0.500 mejor_epoca=3
2026-09-27 01:45:24,741 INFO FRAIWAN_Extended/no_dn fold 3: config 14 (lr=0.001, dropout=0.3) epoca 4: train_loss=0.3096 val_loss=0.4431 val_BA=0.500 mejor_epoca=4
2026-09-27 01:45:24,838 INFO FRAIWAN_Extended/no_dn fold 3: config 14 (lr=0.001, dropout=0.3) epoca 5: train_loss=0.2299 val_loss=0.3936 val_BA=0.500 mejor_epoca=5
2026-09-27 01:45:25,033 INFO FRAIWAN_Extended/no_dn fold 3: config 14 (lr=0.001, dropout=0.3) epoca 7: train_loss=0.1477 val_loss=0.5479 val_BA=0.833 mejor_epoca=7
2026-09-27 01:45:25,132 INFO FRAIWAN_Extended/no_dn fold 3: config 14 (lr=0.001, dropout=0.3) epoca 8: train_loss=0.1170 val_loss=0.4368 val_BA=0.917 mejor_epoca=8
2026-09-27 01:45:25,329 INFO FRAIWAN_Extended/no_dn fold 3: config 14 (lr=0.001, dropout=0.3) epoca 10: train_loss=0.0786 val_loss=0.4958 val_BA=0.917 mejor_epoca=8
2026-09-27 01:45:26,332 INFO FRAIWAN_Extended/no_dn fold 3: config 14 (lr=0.001, dropout=0.3) epoca 20: train_loss=0.0508 val_loss=1.1935 val_BA=0.833 mejor_epoca=8
2026-09-27 01:45:26,651 INFO FRAIWAN_Extended/no_dn fold 3 config 14: OK val_BA=0.917 mejor_epoca=8 (0.0 min)
2026-09-27 01:45:26,784 INFO FRAIWAN_Extended/no_dn fold 3: config 15 (lr=0.001, dropout=0.3) epoca 1: train_loss=0.6854 val_loss=0.5367 val_BA=0.500 mejor_epoca=1
2026-09-27 01:45:26,891 INFO FRAIWAN_Extended/no_dn fold 3: config 15 (lr=0.001, dropout=0.3) epoca 2: train_loss=0.5628 val_loss=0.5331 val_BA=0.500 mejor_epoca=2
2026-09-27 01:45:27,000 INFO FRAIWAN_Extended/no_dn fold 3: config 15 (lr=0.001, dropout=0.3) epoca 3: train_loss=0.3884 val_loss=0.4946 val_BA=0.500 mejor_epoca=3
2026-09-27 01:45:27,109 INFO FRAIWAN_Extended/no_dn fold 3: config 15 (lr=0.001, dropout=0.3) epoca 4: train_loss=0.4004 val_loss=0.9788 val_BA=0.750 mejor_epoca=4
2026-09-27 01:45:27,343 INFO FRAIWAN_Extended/no_dn fold 3: config 15 (lr=0.001, dropout=0.3) epoca 6: train_loss=0.1853 val_loss=0.3967 val_BA=0.917 mejor_epoca=6
2026-09-27 01:45:27,804 INFO FRAIWAN_Extended/no_dn fold 3: config 15 (lr=0.001, dropout=0.3) epoca 10: train_loss=0.0836 val_loss=1.1895 val_BA=0.833 mejor_epoca=6
2026-09-27 01:45:28,869 INFO FRAIWAN_Extended/no_dn fold 3: config 15 (lr=0.001, dropout=0.3) epoca 20: train_loss=0.0433 val_loss=0.7944 val_BA=0.917 mejor_epoca=6
2026-09-27 01:45:28,994 INFO FRAIWAN_Extended/no_dn fold 3 config 15: OK val_BA=0.917 mejor_epoca=6 (0.0 min)
2026-09-27 01:45:29,150 INFO FRAIWAN_Extended/no_dn fold 3: config 16 (lr=0.001, dropout=0.4) epoca 1: train_loss=0.6471 val_loss=0.5085 val_BA=0.500 mejor_epoca=1
2026-09-27 01:45:29,289 INFO FRAIWAN_Extended/no_dn fold 3: config 16 (lr=0.001, dropout=0.4) epoca 2: train_loss=0.4827 val_loss=0.4767 val_BA=0.500 mejor_epoca=2
2026-09-27 01:45:29,566 INFO FRAIWAN_Extended/no_dn fold 3: config 16 (lr=0.001, dropout=0.4) epoca 4: train_loss=0.6005 val_loss=0.5159 val_BA=0.917 mejor_epoca=4
2026-09-27 01:45:29,846 INFO FRAIWAN_Extended/no_dn fold 3: config 16 (lr=0.001, dropout=0.4) epoca 6: train_loss=0.3529 val_loss=0.2890 val_BA=1.000 mejor_epoca=6
2026-09-27 01:45:30,432 INFO FRAIWAN_Extended/no_dn fold 3: config 16 (lr=0.001, dropout=0.4) epoca 10: train_loss=0.3404 val_loss=0.7373 val_BA=0.833 mejor_epoca=6
2026-09-27 01:45:30,975 INFO FRAIWAN_Extended/no_dn fold 3: config 16 (lr=0.001, dropout=0.4) epoca 14: train_loss=0.1310 val_loss=0.1431 val_BA=1.000 mejor_epoca=14
2026-09-27 01:45:31,107 INFO FRAIWAN_Extended/no_dn fold 3: config 16 (lr=0.001, dropout=0.4) epoca 15: train_loss=0.0366 val_loss=0.0715 val_BA=1.000 mejor_epoca=15
2026-09-27 01:45:31,762 INFO FRAIWAN_Extended/no_dn fold 3: config 16 (lr=0.001, dropout=0.4) epoca 20: train_loss=0.1287 val_loss=1.5603 val_BA=0.833 mejor_epoca=15
2026-09-27 01:45:33,092 INFO FRAIWAN_Extended/no_dn fold 3: config 16 (lr=0.001, dropout=0.4) epoca 30: train_loss=0.0318 val_loss=0.0293 val_BA=1.000 mejor_epoca=30
2026-09-27 01:45:34,439 INFO FRAIWAN_Extended/no_dn fold 3: config 16 (lr=0.001, dropout=0.4) epoca 40: train_loss=0.0033 val_loss=0.3422 val_BA=1.000 mejor_epoca=30
2026-09-27 01:45:35,156 INFO FRAIWAN_Extended/no_dn fold 3 config 16: OK val_BA=1.000 mejor_epoca=30 (0.1 min)
2026-09-27 01:45:35,288 INFO FRAIWAN_Extended/no_dn fold 3: config 17 (lr=0.001, dropout=0.5) epoca 1: train_loss=0.7660 val_loss=0.5705 val_BA=0.500 mejor_epoca=1
2026-09-27 01:45:35,397 INFO FRAIWAN_Extended/no_dn fold 3: config 17 (lr=0.001, dropout=0.5) epoca 2: train_loss=0.5593 val_loss=0.5478 val_BA=0.500 mejor_epoca=2
2026-09-27 01:45:35,719 INFO FRAIWAN_Extended/no_dn fold 3: config 17 (lr=0.001, dropout=0.5) epoca 5: train_loss=0.3737 val_loss=0.4873 val_BA=0.917 mejor_epoca=5
2026-09-27 01:45:35,830 INFO FRAIWAN_Extended/no_dn fold 3: config 17 (lr=0.001, dropout=0.5) epoca 6: train_loss=0.3010 val_loss=0.2160 val_BA=1.000 mejor_epoca=6
2026-09-27 01:45:36,245 INFO FRAIWAN_Extended/no_dn fold 3: config 17 (lr=0.001, dropout=0.5) epoca 10: train_loss=0.0728 val_loss=0.5997 val_BA=0.833 mejor_epoca=6
2026-09-27 01:45:37,308 INFO FRAIWAN_Extended/no_dn fold 3: config 17 (lr=0.001, dropout=0.5) epoca 20: train_loss=0.0206 val_loss=1.9823 val_BA=0.583 mejor_epoca=6
2026-09-27 01:45:37,435 INFO FRAIWAN_Extended/no_dn fold 3 config 17: OK val_BA=1.000 mejor_epoca=6 (0.0 min)
2026-09-27 01:45:37,556 INFO FRAIWAN_Extended/no_dn fold 3: config 18 (lr=0.001, dropout=0.5) epoca 1: train_loss=0.7586 val_loss=0.6375 val_BA=0.500 mejor_epoca=1
2026-09-27 01:45:37,654 INFO FRAIWAN_Extended/no_dn fold 3: config 18 (lr=0.001, dropout=0.5) epoca 2: train_loss=0.5643 val_loss=0.6222 val_BA=0.500 mejor_epoca=2
2026-09-27 01:45:37,753 INFO FRAIWAN_Extended/no_dn fold 3: config 18 (lr=0.001, dropout=0.5) epoca 3: train_loss=0.5320 val_loss=0.5310 val_BA=0.500 mejor_epoca=3
2026-09-27 01:45:37,851 INFO FRAIWAN_Extended/no_dn fold 3: config 18 (lr=0.001, dropout=0.5) epoca 4: train_loss=0.4030 val_loss=0.4158 val_BA=0.500 mejor_epoca=4
2026-09-27 01:45:37,948 INFO FRAIWAN_Extended/no_dn fold 3: config 18 (lr=0.001, dropout=0.5) epoca 5: train_loss=0.2881 val_loss=0.3750 val_BA=0.500 mejor_epoca=5
2026-09-27 01:45:38,047 INFO FRAIWAN_Extended/no_dn fold 3: config 18 (lr=0.001, dropout=0.5) epoca 6: train_loss=0.1770 val_loss=0.3676 val_BA=0.500 mejor_epoca=6
2026-09-27 01:45:38,149 INFO FRAIWAN_Extended/no_dn fold 3: config 18 (lr=0.001, dropout=0.5) epoca 7: train_loss=0.1961 val_loss=0.3392 val_BA=0.500 mejor_epoca=7
2026-09-27 01:45:38,250 INFO FRAIWAN_Extended/no_dn fold 3: config 18 (lr=0.001, dropout=0.5) epoca 8: train_loss=0.1556 val_loss=0.2516 val_BA=0.500 mejor_epoca=8
2026-09-27 01:45:38,445 INFO FRAIWAN_Extended/no_dn fold 3: config 18 (lr=0.001, dropout=0.5) epoca 10: train_loss=0.1034 val_loss=0.4283 val_BA=0.917 mejor_epoca=10
2026-09-27 01:45:38,543 INFO FRAIWAN_Extended/no_dn fold 3: config 18 (lr=0.001, dropout=0.5) epoca 11: train_loss=0.1031 val_loss=0.4079 val_BA=1.000 mejor_epoca=11
2026-09-27 01:45:38,736 INFO FRAIWAN_Extended/no_dn fold 3: config 18 (lr=0.001, dropout=0.5) epoca 13: train_loss=0.0746 val_loss=0.2328 val_BA=1.000 mejor_epoca=13
2026-09-27 01:45:39,423 INFO FRAIWAN_Extended/no_dn fold 3: config 18 (lr=0.001, dropout=0.5) epoca 20: train_loss=0.0331 val_loss=1.0371 val_BA=0.833 mejor_epoca=13
2026-09-27 01:45:40,250 INFO FRAIWAN_Extended/no_dn fold 3 config 18: OK val_BA=1.000 mejor_epoca=13 (0.0 min)
2026-09-27 01:45:40,370 INFO FRAIWAN_Extended/no_dn fold 3: config 19 (lr=0.001, dropout=0.5) epoca 1: train_loss=0.6669 val_loss=0.5545 val_BA=0.500 mejor_epoca=1
2026-09-27 01:45:40,467 INFO FRAIWAN_Extended/no_dn fold 3: config 19 (lr=0.001, dropout=0.5) epoca 2: train_loss=0.5333 val_loss=0.4998 val_BA=0.500 mejor_epoca=2
2026-09-27 01:45:40,566 INFO FRAIWAN_Extended/no_dn fold 3: config 19 (lr=0.001, dropout=0.5) epoca 3: train_loss=0.4207 val_loss=0.4679 val_BA=0.500 mejor_epoca=3
2026-09-27 01:45:40,668 INFO FRAIWAN_Extended/no_dn fold 3: config 19 (lr=0.001, dropout=0.5) epoca 4: train_loss=0.3762 val_loss=0.3981 val_BA=0.500 mejor_epoca=4
2026-09-27 01:45:40,770 INFO FRAIWAN_Extended/no_dn fold 3: config 19 (lr=0.001, dropout=0.5) epoca 5: train_loss=0.2790 val_loss=0.3373 val_BA=0.500 mejor_epoca=5
2026-09-27 01:45:40,873 INFO FRAIWAN_Extended/no_dn fold 3: config 19 (lr=0.001, dropout=0.5) epoca 6: train_loss=0.2832 val_loss=0.2696 val_BA=0.500 mejor_epoca=6
2026-09-27 01:45:41,076 INFO FRAIWAN_Extended/no_dn fold 3: config 19 (lr=0.001, dropout=0.5) epoca 8: train_loss=0.1565 val_loss=0.2450 val_BA=0.500 mejor_epoca=8
2026-09-27 01:45:41,278 INFO FRAIWAN_Extended/no_dn fold 3: config 19 (lr=0.001, dropout=0.5) epoca 10: train_loss=0.0828 val_loss=0.2851 val_BA=1.000 mejor_epoca=10
2026-09-27 01:45:42,308 INFO FRAIWAN_Extended/no_dn fold 3: config 19 (lr=0.001, dropout=0.5) epoca 20: train_loss=0.0356 val_loss=1.3230 val_BA=0.833 mejor_epoca=10
2026-09-27 01:45:42,850 INFO FRAIWAN_Extended/no_dn fold 3 config 19: OK val_BA=1.000 mejor_epoca=10 (0.0 min)
2026-09-27 01:45:42,888 INFO FRAIWAN_Extended/no_dn fold 4: log-mel no_dn listo en 0.0 s, forma (187, 1, 64, 309)
2026-09-27 01:45:42,892 INFO FRAIWAN_Extended/no_dn fold 4: 28/6 pacientes train/validation, 20 de 20 configuracion(es) por evaluar
2026-09-27 01:45:43,097 INFO FRAIWAN_Extended/no_dn fold 4: config 0 (lr=0.0001, dropout=0.3) epoca 1: train_loss=0.6802 val_loss=0.6802 val_BA=0.500 mejor_epoca=1
2026-09-27 01:45:43,259 INFO FRAIWAN_Extended/no_dn fold 4: config 0 (lr=0.0001, dropout=0.3) epoca 2: train_loss=0.5493 val_loss=0.6304 val_BA=0.500 mejor_epoca=2
2026-09-27 01:45:43,422 INFO FRAIWAN_Extended/no_dn fold 4: config 0 (lr=0.0001, dropout=0.3) epoca 3: train_loss=0.4565 val_loss=0.5275 val_BA=0.500 mejor_epoca=3
2026-09-27 01:45:43,583 INFO FRAIWAN_Extended/no_dn fold 4: config 0 (lr=0.0001, dropout=0.3) epoca 4: train_loss=0.3639 val_loss=0.4742 val_BA=1.000 mejor_epoca=4
2026-09-27 01:45:44,465 INFO FRAIWAN_Extended/no_dn fold 4: config 0 (lr=0.0001, dropout=0.3) epoca 10: train_loss=0.1488 val_loss=0.6133 val_BA=0.900 mejor_epoca=4
2026-09-27 01:45:44,899 INFO FRAIWAN_Extended/no_dn fold 4: config 0 (lr=0.0001, dropout=0.3) epoca 13: train_loss=0.1450 val_loss=0.2206 val_BA=1.000 mejor_epoca=13
2026-09-27 01:45:45,963 INFO FRAIWAN_Extended/no_dn fold 4: config 0 (lr=0.0001, dropout=0.3) epoca 20: train_loss=0.0575 val_loss=0.6639 val_BA=0.900 mejor_epoca=13
2026-09-27 01:45:47,269 INFO FRAIWAN_Extended/no_dn fold 4 config 0: OK val_BA=1.000 mejor_epoca=13 (0.1 min)
2026-09-27 01:45:47,415 INFO FRAIWAN_Extended/no_dn fold 4: config 1 (lr=0.0001, dropout=0.3) epoca 1: train_loss=0.7223 val_loss=0.6861 val_BA=0.500 mejor_epoca=1
2026-09-27 01:45:47,516 INFO FRAIWAN_Extended/no_dn fold 4: config 1 (lr=0.0001, dropout=0.3) epoca 2: train_loss=0.5267 val_loss=0.6731 val_BA=0.500 mejor_epoca=2
2026-09-27 01:45:47,615 INFO FRAIWAN_Extended/no_dn fold 4: config 1 (lr=0.0001, dropout=0.3) epoca 3: train_loss=0.4155 val_loss=0.6681 val_BA=0.500 mejor_epoca=3
2026-09-27 01:45:47,714 INFO FRAIWAN_Extended/no_dn fold 4: config 1 (lr=0.0001, dropout=0.3) epoca 4: train_loss=0.3430 val_loss=0.6637 val_BA=0.500 mejor_epoca=4
2026-09-27 01:45:47,814 INFO FRAIWAN_Extended/no_dn fold 4: config 1 (lr=0.0001, dropout=0.3) epoca 5: train_loss=0.3092 val_loss=0.6568 val_BA=0.500 mejor_epoca=5
2026-09-27 01:45:47,914 INFO FRAIWAN_Extended/no_dn fold 4: config 1 (lr=0.0001, dropout=0.3) epoca 6: train_loss=0.2535 val_loss=0.6501 val_BA=0.500 mejor_epoca=6
2026-09-27 01:45:48,014 INFO FRAIWAN_Extended/no_dn fold 4: config 1 (lr=0.0001, dropout=0.3) epoca 7: train_loss=0.2294 val_loss=0.6345 val_BA=0.500 mejor_epoca=7
2026-09-27 01:45:48,117 INFO FRAIWAN_Extended/no_dn fold 4: config 1 (lr=0.0001, dropout=0.3) epoca 8: train_loss=0.1768 val_loss=0.6097 val_BA=0.500 mejor_epoca=8
2026-09-27 01:45:48,218 INFO FRAIWAN_Extended/no_dn fold 4: config 1 (lr=0.0001, dropout=0.3) epoca 9: train_loss=0.1493 val_loss=0.5902 val_BA=0.500 mejor_epoca=9
2026-09-27 01:45:48,324 INFO FRAIWAN_Extended/no_dn fold 4: config 1 (lr=0.0001, dropout=0.3) epoca 10: train_loss=0.1340 val_loss=0.5407 val_BA=0.500 mejor_epoca=10
2026-09-27 01:45:48,429 INFO FRAIWAN_Extended/no_dn fold 4: config 1 (lr=0.0001, dropout=0.3) epoca 11: train_loss=0.1177 val_loss=0.4867 val_BA=0.500 mejor_epoca=11
2026-09-27 01:45:48,534 INFO FRAIWAN_Extended/no_dn fold 4: config 1 (lr=0.0001, dropout=0.3) epoca 12: train_loss=0.1051 val_loss=0.4389 val_BA=0.500 mejor_epoca=12
2026-09-27 01:45:48,641 INFO FRAIWAN_Extended/no_dn fold 4: config 1 (lr=0.0001, dropout=0.3) epoca 13: train_loss=0.0965 val_loss=0.4053 val_BA=0.500 mejor_epoca=13
2026-09-27 01:45:48,746 INFO FRAIWAN_Extended/no_dn fold 4: config 1 (lr=0.0001, dropout=0.3) epoca 14: train_loss=0.0902 val_loss=0.3581 val_BA=1.000 mejor_epoca=14
2026-09-27 01:45:48,851 INFO FRAIWAN_Extended/no_dn fold 4: config 1 (lr=0.0001, dropout=0.3) epoca 15: train_loss=0.0850 val_loss=0.3410 val_BA=1.000 mejor_epoca=15
2026-09-27 01:45:49,382 INFO FRAIWAN_Extended/no_dn fold 4: config 1 (lr=0.0001, dropout=0.3) epoca 20: train_loss=0.0717 val_loss=0.9436 val_BA=0.700 mejor_epoca=15
2026-09-27 01:45:50,428 INFO FRAIWAN_Extended/no_dn fold 4: config 1 (lr=0.0001, dropout=0.3) epoca 30: train_loss=0.0578 val_loss=0.8808 val_BA=0.800 mejor_epoca=15
2026-09-27 01:45:50,448 INFO FRAIWAN_Extended/no_dn fold 4 config 1: OK val_BA=1.000 mejor_epoca=15 (0.1 min)
2026-09-27 01:45:50,588 INFO FRAIWAN_Extended/no_dn fold 4: config 2 (lr=0.0001, dropout=0.4) epoca 1: train_loss=0.6862 val_loss=0.6466 val_BA=0.500 mejor_epoca=1
2026-09-27 01:45:50,706 INFO FRAIWAN_Extended/no_dn fold 4: config 2 (lr=0.0001, dropout=0.4) epoca 2: train_loss=0.5659 val_loss=0.6295 val_BA=0.500 mejor_epoca=2
2026-09-27 01:45:50,829 INFO FRAIWAN_Extended/no_dn fold 4: config 2 (lr=0.0001, dropout=0.4) epoca 3: train_loss=0.4601 val_loss=0.6044 val_BA=0.500 mejor_epoca=3
2026-09-27 01:45:50,954 INFO FRAIWAN_Extended/no_dn fold 4: config 2 (lr=0.0001, dropout=0.4) epoca 4: train_loss=0.3715 val_loss=0.5784 val_BA=0.500 mejor_epoca=4
2026-09-27 01:45:51,077 INFO FRAIWAN_Extended/no_dn fold 4: config 2 (lr=0.0001, dropout=0.4) epoca 5: train_loss=0.3248 val_loss=0.5342 val_BA=0.500 mejor_epoca=5
2026-09-27 01:45:51,195 INFO FRAIWAN_Extended/no_dn fold 4: config 2 (lr=0.0001, dropout=0.4) epoca 6: train_loss=0.2683 val_loss=0.4967 val_BA=0.500 mejor_epoca=6
2026-09-27 01:45:51,315 INFO FRAIWAN_Extended/no_dn fold 4: config 2 (lr=0.0001, dropout=0.4) epoca 7: train_loss=0.2207 val_loss=0.4724 val_BA=0.500 mejor_epoca=7
2026-09-27 01:45:51,432 INFO FRAIWAN_Extended/no_dn fold 4: config 2 (lr=0.0001, dropout=0.4) epoca 8: train_loss=0.1669 val_loss=0.4136 val_BA=0.500 mejor_epoca=8
2026-09-27 01:45:51,548 INFO FRAIWAN_Extended/no_dn fold 4: config 2 (lr=0.0001, dropout=0.4) epoca 9: train_loss=0.1604 val_loss=0.3764 val_BA=0.500 mejor_epoca=9
2026-09-27 01:45:51,664 INFO FRAIWAN_Extended/no_dn fold 4: config 2 (lr=0.0001, dropout=0.4) epoca 10: train_loss=0.1222 val_loss=0.4280 val_BA=0.900 mejor_epoca=10
2026-09-27 01:45:51,889 INFO FRAIWAN_Extended/no_dn fold 4: config 2 (lr=0.0001, dropout=0.4) epoca 12: train_loss=0.1041 val_loss=0.4263 val_BA=0.900 mejor_epoca=12
2026-09-27 01:45:52,791 INFO FRAIWAN_Extended/no_dn fold 4: config 2 (lr=0.0001, dropout=0.4) epoca 20: train_loss=0.0657 val_loss=0.7358 val_BA=0.800 mejor_epoca=12
2026-09-27 01:45:53,125 INFO FRAIWAN_Extended/no_dn fold 4: config 2 (lr=0.0001, dropout=0.4) epoca 23: train_loss=0.0569 val_loss=0.4122 val_BA=0.900 mejor_epoca=23
2026-09-27 01:45:53,912 INFO FRAIWAN_Extended/no_dn fold 4: config 2 (lr=0.0001, dropout=0.4) epoca 30: train_loss=0.0463 val_loss=0.8034 val_BA=0.800 mejor_epoca=23
2026-09-27 01:45:54,870 INFO FRAIWAN_Extended/no_dn fold 4 config 2: OK val_BA=0.900 mejor_epoca=23 (0.1 min)
2026-09-27 01:45:55,086 INFO FRAIWAN_Extended/no_dn fold 4: config 3 (lr=0.0001, dropout=0.4) epoca 1: train_loss=0.7114 val_loss=0.6830 val_BA=0.500 mejor_epoca=1
2026-09-27 01:45:55,244 INFO FRAIWAN_Extended/no_dn fold 4: config 3 (lr=0.0001, dropout=0.4) epoca 2: train_loss=0.5463 val_loss=0.6433 val_BA=0.500 mejor_epoca=2
2026-09-27 01:45:55,383 INFO FRAIWAN_Extended/no_dn fold 4: config 3 (lr=0.0001, dropout=0.4) epoca 3: train_loss=0.4296 val_loss=0.5614 val_BA=0.500 mejor_epoca=3
2026-09-27 01:45:55,523 INFO FRAIWAN_Extended/no_dn fold 4: config 3 (lr=0.0001, dropout=0.4) epoca 4: train_loss=0.3900 val_loss=0.4550 val_BA=0.500 mejor_epoca=4
2026-09-27 01:45:55,668 INFO FRAIWAN_Extended/no_dn fold 4: config 3 (lr=0.0001, dropout=0.4) epoca 5: train_loss=0.2803 val_loss=0.4150 val_BA=1.000 mejor_epoca=5
2026-09-27 01:45:55,816 INFO FRAIWAN_Extended/no_dn fold 4: config 3 (lr=0.0001, dropout=0.4) epoca 6: train_loss=0.2528 val_loss=0.3831 val_BA=1.000 mejor_epoca=6
2026-09-27 01:45:56,426 INFO FRAIWAN_Extended/no_dn fold 4: config 3 (lr=0.0001, dropout=0.4) epoca 10: train_loss=0.1141 val_loss=0.6781 val_BA=0.800 mejor_epoca=6
2026-09-27 01:45:57,908 INFO FRAIWAN_Extended/no_dn fold 4: config 3 (lr=0.0001, dropout=0.4) epoca 20: train_loss=0.0747 val_loss=0.4637 val_BA=0.800 mejor_epoca=6
2026-09-27 01:45:58,071 INFO FRAIWAN_Extended/no_dn fold 4 config 3: OK val_BA=1.000 mejor_epoca=6 (0.1 min)
2026-09-27 01:45:58,205 INFO FRAIWAN_Extended/no_dn fold 4: config 4 (lr=0.0001, dropout=0.4) epoca 1: train_loss=0.6258 val_loss=0.6381 val_BA=0.500 mejor_epoca=1
2026-09-27 01:45:58,316 INFO FRAIWAN_Extended/no_dn fold 4: config 4 (lr=0.0001, dropout=0.4) epoca 2: train_loss=0.5061 val_loss=0.6167 val_BA=0.500 mejor_epoca=2
2026-09-27 01:45:58,427 INFO FRAIWAN_Extended/no_dn fold 4: config 4 (lr=0.0001, dropout=0.4) epoca 3: train_loss=0.4320 val_loss=0.5900 val_BA=0.500 mejor_epoca=3
2026-09-27 01:45:58,538 INFO FRAIWAN_Extended/no_dn fold 4: config 4 (lr=0.0001, dropout=0.4) epoca 4: train_loss=0.3697 val_loss=0.5440 val_BA=0.500 mejor_epoca=4
2026-09-27 01:45:58,650 INFO FRAIWAN_Extended/no_dn fold 4: config 4 (lr=0.0001, dropout=0.4) epoca 5: train_loss=0.3020 val_loss=0.4999 val_BA=0.500 mejor_epoca=5
2026-09-27 01:45:58,762 INFO FRAIWAN_Extended/no_dn fold 4: config 4 (lr=0.0001, dropout=0.4) epoca 6: train_loss=0.2889 val_loss=0.4508 val_BA=0.500 mejor_epoca=6
2026-09-27 01:45:58,873 INFO FRAIWAN_Extended/no_dn fold 4: config 4 (lr=0.0001, dropout=0.4) epoca 7: train_loss=0.1817 val_loss=0.4146 val_BA=0.500 mejor_epoca=7
2026-09-27 01:45:58,985 INFO FRAIWAN_Extended/no_dn fold 4: config 4 (lr=0.0001, dropout=0.4) epoca 8: train_loss=0.1479 val_loss=0.3976 val_BA=0.500 mejor_epoca=8
2026-09-27 01:45:59,097 INFO FRAIWAN_Extended/no_dn fold 4: config 4 (lr=0.0001, dropout=0.4) epoca 9: train_loss=0.1321 val_loss=0.3704 val_BA=0.500 mejor_epoca=9
2026-09-27 01:45:59,207 INFO FRAIWAN_Extended/no_dn fold 4: config 4 (lr=0.0001, dropout=0.4) epoca 10: train_loss=0.1089 val_loss=0.4015 val_BA=0.900 mejor_epoca=10
2026-09-27 01:46:00,406 INFO FRAIWAN_Extended/no_dn fold 4: config 4 (lr=0.0001, dropout=0.4) epoca 20: train_loss=0.0571 val_loss=0.5780 val_BA=0.900 mejor_epoca=10
2026-09-27 01:46:00,992 INFO FRAIWAN_Extended/no_dn fold 4 config 4: OK val_BA=0.900 mejor_epoca=10 (0.0 min)
2026-09-27 01:46:01,121 INFO FRAIWAN_Extended/no_dn fold 4: config 5 (lr=0.0001, dropout=0.4) epoca 1: train_loss=0.6612 val_loss=0.6441 val_BA=0.500 mejor_epoca=1
2026-09-27 01:46:01,221 INFO FRAIWAN_Extended/no_dn fold 4: config 5 (lr=0.0001, dropout=0.4) epoca 2: train_loss=0.4988 val_loss=0.6235 val_BA=0.500 mejor_epoca=2
2026-09-27 01:46:01,322 INFO FRAIWAN_Extended/no_dn fold 4: config 5 (lr=0.0001, dropout=0.4) epoca 3: train_loss=0.4144 val_loss=0.6123 val_BA=0.500 mejor_epoca=3
2026-09-27 01:46:01,424 INFO FRAIWAN_Extended/no_dn fold 4: config 5 (lr=0.0001, dropout=0.4) epoca 4: train_loss=0.3397 val_loss=0.6035 val_BA=0.500 mejor_epoca=4
2026-09-27 01:46:01,524 INFO FRAIWAN_Extended/no_dn fold 4: config 5 (lr=0.0001, dropout=0.4) epoca 5: train_loss=0.2927 val_loss=0.5878 val_BA=0.500 mejor_epoca=5
2026-09-27 01:46:01,625 INFO FRAIWAN_Extended/no_dn fold 4: config 5 (lr=0.0001, dropout=0.4) epoca 6: train_loss=0.2362 val_loss=0.5806 val_BA=0.500 mejor_epoca=6
2026-09-27 01:46:01,726 INFO FRAIWAN_Extended/no_dn fold 4: config 5 (lr=0.0001, dropout=0.4) epoca 7: train_loss=0.2204 val_loss=0.5674 val_BA=0.500 mejor_epoca=7
2026-09-27 01:46:01,827 INFO FRAIWAN_Extended/no_dn fold 4: config 5 (lr=0.0001, dropout=0.4) epoca 8: train_loss=0.1812 val_loss=0.5498 val_BA=0.500 mejor_epoca=8
2026-09-27 01:46:01,928 INFO FRAIWAN_Extended/no_dn fold 4: config 5 (lr=0.0001, dropout=0.4) epoca 9: train_loss=0.1502 val_loss=0.5267 val_BA=0.500 mejor_epoca=9
2026-09-27 01:46:02,028 INFO FRAIWAN_Extended/no_dn fold 4: config 5 (lr=0.0001, dropout=0.4) epoca 10: train_loss=0.1346 val_loss=0.4971 val_BA=0.500 mejor_epoca=10
2026-09-27 01:46:02,131 INFO FRAIWAN_Extended/no_dn fold 4: config 5 (lr=0.0001, dropout=0.4) epoca 11: train_loss=0.1211 val_loss=0.4725 val_BA=0.500 mejor_epoca=11
2026-09-27 01:46:02,233 INFO FRAIWAN_Extended/no_dn fold 4: config 5 (lr=0.0001, dropout=0.4) epoca 12: train_loss=0.1110 val_loss=0.4477 val_BA=0.500 mejor_epoca=12
2026-09-27 01:46:02,334 INFO FRAIWAN_Extended/no_dn fold 4: config 5 (lr=0.0001, dropout=0.4) epoca 13: train_loss=0.0997 val_loss=0.4211 val_BA=1.000 mejor_epoca=13
2026-09-27 01:46:02,434 INFO FRAIWAN_Extended/no_dn fold 4: config 5 (lr=0.0001, dropout=0.4) epoca 14: train_loss=0.0965 val_loss=0.3806 val_BA=1.000 mejor_epoca=14
2026-09-27 01:46:02,535 INFO FRAIWAN_Extended/no_dn fold 4: config 5 (lr=0.0001, dropout=0.4) epoca 15: train_loss=0.0858 val_loss=0.3575 val_BA=1.000 mejor_epoca=15
2026-09-27 01:46:03,036 INFO FRAIWAN_Extended/no_dn fold 4: config 5 (lr=0.0001, dropout=0.4) epoca 20: train_loss=0.0758 val_loss=0.4471 val_BA=0.800 mejor_epoca=15
2026-09-27 01:46:04,058 INFO FRAIWAN_Extended/no_dn fold 4: config 5 (lr=0.0001, dropout=0.4) epoca 30: train_loss=0.0632 val_loss=0.6775 val_BA=0.800 mejor_epoca=15
2026-09-27 01:46:04,077 INFO FRAIWAN_Extended/no_dn fold 4 config 5: OK val_BA=1.000 mejor_epoca=15 (0.1 min)
2026-09-27 01:46:04,269 INFO FRAIWAN_Extended/no_dn fold 4: config 6 (lr=0.0001, dropout=0.5) epoca 1: train_loss=0.6692 val_loss=0.7197 val_BA=0.500 mejor_epoca=1
2026-09-27 01:46:04,432 INFO FRAIWAN_Extended/no_dn fold 4: config 6 (lr=0.0001, dropout=0.5) epoca 2: train_loss=0.5394 val_loss=0.7074 val_BA=0.500 mejor_epoca=2
2026-09-27 01:46:04,597 INFO FRAIWAN_Extended/no_dn fold 4: config 6 (lr=0.0001, dropout=0.5) epoca 3: train_loss=0.4756 val_loss=0.6604 val_BA=0.900 mejor_epoca=3
2026-09-27 01:46:04,755 INFO FRAIWAN_Extended/no_dn fold 4: config 6 (lr=0.0001, dropout=0.5) epoca 4: train_loss=0.4481 val_loss=0.5471 val_BA=0.900 mejor_epoca=4
2026-09-27 01:46:05,202 INFO FRAIWAN_Extended/no_dn fold 4: config 6 (lr=0.0001, dropout=0.5) epoca 7: train_loss=0.2275 val_loss=0.3644 val_BA=0.900 mejor_epoca=7
2026-09-27 01:46:05,642 INFO FRAIWAN_Extended/no_dn fold 4: config 6 (lr=0.0001, dropout=0.5) epoca 10: train_loss=0.1077 val_loss=0.8613 val_BA=0.700 mejor_epoca=7
2026-09-27 01:46:07,128 INFO FRAIWAN_Extended/no_dn fold 4: config 6 (lr=0.0001, dropout=0.5) epoca 20: train_loss=0.0883 val_loss=0.5420 val_BA=0.800 mejor_epoca=7
2026-09-27 01:46:07,443 INFO FRAIWAN_Extended/no_dn fold 4 config 6: OK val_BA=0.900 mejor_epoca=7 (0.1 min)
2026-09-27 01:46:07,566 INFO FRAIWAN_Extended/no_dn fold 4: config 7 (lr=0.0001, dropout=0.5) epoca 1: train_loss=0.7093 val_loss=0.7334 val_BA=0.500 mejor_epoca=1
2026-09-27 01:46:07,667 INFO FRAIWAN_Extended/no_dn fold 4: config 7 (lr=0.0001, dropout=0.5) epoca 2: train_loss=0.5376 val_loss=0.7095 val_BA=0.500 mejor_epoca=2
2026-09-27 01:46:07,768 INFO FRAIWAN_Extended/no_dn fold 4: config 7 (lr=0.0001, dropout=0.5) epoca 3: train_loss=0.4895 val_loss=0.6892 val_BA=0.500 mejor_epoca=3
2026-09-27 01:46:07,870 INFO FRAIWAN_Extended/no_dn fold 4: config 7 (lr=0.0001, dropout=0.5) epoca 4: train_loss=0.4298 val_loss=0.6734 val_BA=0.500 mejor_epoca=4
2026-09-27 01:46:07,971 INFO FRAIWAN_Extended/no_dn fold 4: config 7 (lr=0.0001, dropout=0.5) epoca 5: train_loss=0.3619 val_loss=0.6654 val_BA=0.500 mejor_epoca=5
2026-09-27 01:46:08,072 INFO FRAIWAN_Extended/no_dn fold 4: config 7 (lr=0.0001, dropout=0.5) epoca 6: train_loss=0.3454 val_loss=0.6599 val_BA=0.500 mejor_epoca=6
2026-09-27 01:46:08,173 INFO FRAIWAN_Extended/no_dn fold 4: config 7 (lr=0.0001, dropout=0.5) epoca 7: train_loss=0.2960 val_loss=0.6406 val_BA=0.500 mejor_epoca=7
2026-09-27 01:46:08,275 INFO FRAIWAN_Extended/no_dn fold 4: config 7 (lr=0.0001, dropout=0.5) epoca 8: train_loss=0.2751 val_loss=0.6081 val_BA=0.500 mejor_epoca=8
2026-09-27 01:46:08,376 INFO FRAIWAN_Extended/no_dn fold 4: config 7 (lr=0.0001, dropout=0.5) epoca 9: train_loss=0.2348 val_loss=0.5685 val_BA=0.500 mejor_epoca=9
2026-09-27 01:46:08,476 INFO FRAIWAN_Extended/no_dn fold 4: config 7 (lr=0.0001, dropout=0.5) epoca 10: train_loss=0.1917 val_loss=0.5189 val_BA=0.500 mejor_epoca=10
2026-09-27 01:46:08,577 INFO FRAIWAN_Extended/no_dn fold 4: config 7 (lr=0.0001, dropout=0.5) epoca 11: train_loss=0.1861 val_loss=0.4751 val_BA=0.500 mejor_epoca=11
2026-09-27 01:46:08,678 INFO FRAIWAN_Extended/no_dn fold 4: config 7 (lr=0.0001, dropout=0.5) epoca 12: train_loss=0.1774 val_loss=0.4438 val_BA=0.500 mejor_epoca=12
2026-09-27 01:46:08,779 INFO FRAIWAN_Extended/no_dn fold 4: config 7 (lr=0.0001, dropout=0.5) epoca 13: train_loss=0.1424 val_loss=0.4263 val_BA=0.500 mejor_epoca=13
2026-09-27 01:46:08,880 INFO FRAIWAN_Extended/no_dn fold 4: config 7 (lr=0.0001, dropout=0.5) epoca 14: train_loss=0.1536 val_loss=0.4185 val_BA=1.000 mejor_epoca=14
2026-09-27 01:46:09,083 INFO FRAIWAN_Extended/no_dn fold 4: config 7 (lr=0.0001, dropout=0.5) epoca 16: train_loss=0.1159 val_loss=0.3523 val_BA=1.000 mejor_epoca=16
2026-09-27 01:46:09,489 INFO FRAIWAN_Extended/no_dn fold 4: config 7 (lr=0.0001, dropout=0.5) epoca 20: train_loss=0.1041 val_loss=0.4564 val_BA=0.900 mejor_epoca=16
2026-09-27 01:46:10,541 INFO FRAIWAN_Extended/no_dn fold 4: config 7 (lr=0.0001, dropout=0.5) epoca 30: train_loss=0.0801 val_loss=0.4835 val_BA=0.900 mejor_epoca=16
2026-09-27 01:46:10,668 INFO FRAIWAN_Extended/no_dn fold 4 config 7: OK val_BA=1.000 mejor_epoca=16 (0.1 min)
2026-09-27 01:46:10,792 INFO FRAIWAN_Extended/no_dn fold 4: config 8 (lr=0.0003, dropout=0.3) epoca 1: train_loss=0.6589 val_loss=0.6589 val_BA=0.500 mejor_epoca=1
2026-09-27 01:46:10,997 INFO FRAIWAN_Extended/no_dn fold 4: config 8 (lr=0.0003, dropout=0.3) epoca 3: train_loss=0.3781 val_loss=0.6477 val_BA=0.500 mejor_epoca=3
2026-09-27 01:46:11,099 INFO FRAIWAN_Extended/no_dn fold 4: config 8 (lr=0.0003, dropout=0.3) epoca 4: train_loss=0.2980 val_loss=0.6165 val_BA=0.500 mejor_epoca=4
2026-09-27 01:46:11,201 INFO FRAIWAN_Extended/no_dn fold 4: config 8 (lr=0.0003, dropout=0.3) epoca 5: train_loss=0.2232 val_loss=0.5730 val_BA=0.500 mejor_epoca=5
2026-09-27 01:46:11,302 INFO FRAIWAN_Extended/no_dn fold 4: config 8 (lr=0.0003, dropout=0.3) epoca 6: train_loss=0.1659 val_loss=0.5389 val_BA=0.500 mejor_epoca=6
2026-09-27 01:46:11,404 INFO FRAIWAN_Extended/no_dn fold 4: config 8 (lr=0.0003, dropout=0.3) epoca 7: train_loss=0.1289 val_loss=0.5004 val_BA=0.500 mejor_epoca=7
2026-09-27 01:46:11,507 INFO FRAIWAN_Extended/no_dn fold 4: config 8 (lr=0.0003, dropout=0.3) epoca 8: train_loss=0.1090 val_loss=0.4673 val_BA=0.500 mejor_epoca=8
2026-09-27 01:46:11,610 INFO FRAIWAN_Extended/no_dn fold 4: config 8 (lr=0.0003, dropout=0.3) epoca 9: train_loss=0.0938 val_loss=0.4495 val_BA=0.500 mejor_epoca=9
2026-09-27 01:46:11,712 INFO FRAIWAN_Extended/no_dn fold 4: config 8 (lr=0.0003, dropout=0.3) epoca 10: train_loss=0.0854 val_loss=0.4365 val_BA=0.500 mejor_epoca=10
2026-09-27 01:46:11,815 INFO FRAIWAN_Extended/no_dn fold 4: config 8 (lr=0.0003, dropout=0.3) epoca 11: train_loss=0.0810 val_loss=0.4129 val_BA=0.500 mejor_epoca=11
2026-09-27 01:46:11,917 INFO FRAIWAN_Extended/no_dn fold 4: config 8 (lr=0.0003, dropout=0.3) epoca 12: train_loss=0.0725 val_loss=0.3682 val_BA=0.500 mejor_epoca=12
2026-09-27 01:46:12,019 INFO FRAIWAN_Extended/no_dn fold 4: config 8 (lr=0.0003, dropout=0.3) epoca 13: train_loss=0.0704 val_loss=0.3367 val_BA=0.900 mejor_epoca=13
2026-09-27 01:46:12,121 INFO FRAIWAN_Extended/no_dn fold 4: config 8 (lr=0.0003, dropout=0.3) epoca 14: train_loss=0.0671 val_loss=0.3306 val_BA=0.900 mejor_epoca=14
2026-09-27 01:46:12,731 INFO FRAIWAN_Extended/no_dn fold 4: config 8 (lr=0.0003, dropout=0.3) epoca 20: train_loss=0.0536 val_loss=0.5422 val_BA=0.900 mejor_epoca=14
2026-09-27 01:46:13,680 INFO FRAIWAN_Extended/no_dn fold 4 config 8: OK val_BA=0.900 mejor_epoca=14 (0.0 min)
2026-09-27 01:46:13,820 INFO FRAIWAN_Extended/no_dn fold 4: config 9 (lr=0.0003, dropout=0.4) epoca 1: train_loss=0.6948 val_loss=0.6948 val_BA=0.500 mejor_epoca=1
2026-09-27 01:46:13,937 INFO FRAIWAN_Extended/no_dn fold 4: config 9 (lr=0.0003, dropout=0.4) epoca 2: train_loss=0.5298 val_loss=0.6383 val_BA=0.500 mejor_epoca=2
2026-09-27 01:46:14,053 INFO FRAIWAN_Extended/no_dn fold 4: config 9 (lr=0.0003, dropout=0.4) epoca 3: train_loss=0.4232 val_loss=0.5694 val_BA=0.500 mejor_epoca=3
2026-09-27 01:46:14,170 INFO FRAIWAN_Extended/no_dn fold 4: config 9 (lr=0.0003, dropout=0.4) epoca 4: train_loss=0.3221 val_loss=0.5133 val_BA=0.500 mejor_epoca=4
2026-09-27 01:46:14,286 INFO FRAIWAN_Extended/no_dn fold 4: config 9 (lr=0.0003, dropout=0.4) epoca 5: train_loss=0.2587 val_loss=0.4675 val_BA=0.500 mejor_epoca=5
2026-09-27 01:46:14,402 INFO FRAIWAN_Extended/no_dn fold 4: config 9 (lr=0.0003, dropout=0.4) epoca 6: train_loss=0.2101 val_loss=0.4319 val_BA=0.500 mejor_epoca=6
2026-09-27 01:46:14,518 INFO FRAIWAN_Extended/no_dn fold 4: config 9 (lr=0.0003, dropout=0.4) epoca 7: train_loss=0.1692 val_loss=0.3786 val_BA=0.500 mejor_epoca=7
2026-09-27 01:46:14,635 INFO FRAIWAN_Extended/no_dn fold 4: config 9 (lr=0.0003, dropout=0.4) epoca 8: train_loss=0.1412 val_loss=0.2807 val_BA=1.000 mejor_epoca=8
2026-09-27 01:46:14,751 INFO FRAIWAN_Extended/no_dn fold 4: config 9 (lr=0.0003, dropout=0.4) epoca 9: train_loss=0.1101 val_loss=0.2543 val_BA=1.000 mejor_epoca=9
2026-09-27 01:46:14,867 INFO FRAIWAN_Extended/no_dn fold 4: config 9 (lr=0.0003, dropout=0.4) epoca 10: train_loss=0.1024 val_loss=0.5958 val_BA=0.900 mejor_epoca=9
2026-09-27 01:46:16,019 INFO FRAIWAN_Extended/no_dn fold 4: config 9 (lr=0.0003, dropout=0.4) epoca 20: train_loss=0.0536 val_loss=1.0361 val_BA=0.800 mejor_epoca=9
2026-09-27 01:46:16,503 INFO FRAIWAN_Extended/no_dn fold 4 config 9: OK val_BA=1.000 mejor_epoca=9 (0.0 min)
2026-09-27 01:46:16,688 INFO FRAIWAN_Extended/no_dn fold 4: config 10 (lr=0.0003, dropout=0.4) epoca 1: train_loss=0.6450 val_loss=0.7237 val_BA=0.500 mejor_epoca=1
2026-09-27 01:46:16,849 INFO FRAIWAN_Extended/no_dn fold 4: config 10 (lr=0.0003, dropout=0.4) epoca 2: train_loss=0.4954 val_loss=0.6462 val_BA=0.800 mejor_epoca=2
2026-09-27 01:46:17,495 INFO FRAIWAN_Extended/no_dn fold 4: config 10 (lr=0.0003, dropout=0.4) epoca 6: train_loss=0.2102 val_loss=0.3850 val_BA=0.900 mejor_epoca=6
2026-09-27 01:46:17,937 INFO FRAIWAN_Extended/no_dn fold 4: config 10 (lr=0.0003, dropout=0.4) epoca 9: train_loss=0.1417 val_loss=0.2618 val_BA=0.900 mejor_epoca=9
2026-09-27 01:46:18,086 INFO FRAIWAN_Extended/no_dn fold 4: config 10 (lr=0.0003, dropout=0.4) epoca 10: train_loss=0.0887 val_loss=0.1940 val_BA=1.000 mejor_epoca=10
2026-09-27 01:46:19,562 INFO FRAIWAN_Extended/no_dn fold 4: config 10 (lr=0.0003, dropout=0.4) epoca 20: train_loss=0.0981 val_loss=0.7852 val_BA=0.800 mejor_epoca=10
2026-09-27 01:46:20,319 INFO FRAIWAN_Extended/no_dn fold 4 config 10: OK val_BA=1.000 mejor_epoca=10 (0.1 min)
2026-09-27 01:46:20,442 INFO FRAIWAN_Extended/no_dn fold 4: config 11 (lr=0.0003, dropout=0.5) epoca 1: train_loss=0.7117 val_loss=0.6912 val_BA=0.500 mejor_epoca=1
2026-09-27 01:46:20,543 INFO FRAIWAN_Extended/no_dn fold 4: config 11 (lr=0.0003, dropout=0.5) epoca 2: train_loss=0.5619 val_loss=0.6814 val_BA=0.500 mejor_epoca=2
2026-09-27 01:46:21,180 INFO FRAIWAN_Extended/no_dn fold 4: config 11 (lr=0.0003, dropout=0.5) epoca 8: train_loss=0.2025 val_loss=0.5839 val_BA=0.500 mejor_epoca=8
2026-09-27 01:46:21,282 INFO FRAIWAN_Extended/no_dn fold 4: config 11 (lr=0.0003, dropout=0.5) epoca 9: train_loss=0.1676 val_loss=0.5569 val_BA=0.500 mejor_epoca=9
2026-09-27 01:46:21,384 INFO FRAIWAN_Extended/no_dn fold 4: config 11 (lr=0.0003, dropout=0.5) epoca 10: train_loss=0.1502 val_loss=0.4995 val_BA=0.500 mejor_epoca=10
2026-09-27 01:46:21,486 INFO FRAIWAN_Extended/no_dn fold 4: config 11 (lr=0.0003, dropout=0.5) epoca 11: train_loss=0.1246 val_loss=0.4403 val_BA=0.500 mejor_epoca=11
2026-09-27 01:46:21,587 INFO FRAIWAN_Extended/no_dn fold 4: config 11 (lr=0.0003, dropout=0.5) epoca 12: train_loss=0.1147 val_loss=0.4189 val_BA=0.500 mejor_epoca=12
2026-09-27 01:46:21,790 INFO FRAIWAN_Extended/no_dn fold 4: config 11 (lr=0.0003, dropout=0.5) epoca 14: train_loss=0.0945 val_loss=0.3737 val_BA=0.500 mejor_epoca=14
2026-09-27 01:46:21,891 INFO FRAIWAN_Extended/no_dn fold 4: config 11 (lr=0.0003, dropout=0.5) epoca 15: train_loss=0.0925 val_loss=0.3432 val_BA=0.500 mejor_epoca=15
2026-09-27 01:46:22,300 INFO FRAIWAN_Extended/no_dn fold 4: config 11 (lr=0.0003, dropout=0.5) epoca 19: train_loss=0.0737 val_loss=0.7369 val_BA=0.800 mejor_epoca=19
2026-09-27 01:46:22,402 INFO FRAIWAN_Extended/no_dn fold 4: config 11 (lr=0.0003, dropout=0.5) epoca 20: train_loss=0.0692 val_loss=0.6403 val_BA=0.900 mejor_epoca=20
2026-09-27 01:46:23,214 INFO FRAIWAN_Extended/no_dn fold 4: config 11 (lr=0.0003, dropout=0.5) epoca 28: train_loss=0.0505 val_loss=0.5226 val_BA=0.900 mejor_epoca=28
2026-09-27 01:46:23,416 INFO FRAIWAN_Extended/no_dn fold 4: config 11 (lr=0.0003, dropout=0.5) epoca 30: train_loss=0.0471 val_loss=0.7394 val_BA=0.900 mejor_epoca=28
2026-09-27 01:46:24,447 INFO FRAIWAN_Extended/no_dn fold 4: config 11 (lr=0.0003, dropout=0.5) epoca 39: train_loss=0.0357 val_loss=0.5142 val_BA=0.900 mejor_epoca=39
2026-09-27 01:46:24,549 INFO FRAIWAN_Extended/no_dn fold 4: config 11 (lr=0.0003, dropout=0.5) epoca 40: train_loss=0.0321 val_loss=0.4078 val_BA=0.900 mejor_epoca=40
2026-09-27 01:46:24,650 INFO FRAIWAN_Extended/no_dn fold 4: config 11 (lr=0.0003, dropout=0.5) epoca 41: train_loss=0.0335 val_loss=0.3928 val_BA=0.900 mejor_epoca=41
2026-09-27 01:46:24,751 INFO FRAIWAN_Extended/no_dn fold 4: config 11 (lr=0.0003, dropout=0.5) epoca 42: train_loss=0.0350 val_loss=0.3499 val_BA=0.900 mejor_epoca=42
2026-09-27 01:46:24,852 INFO FRAIWAN_Extended/no_dn fold 4: config 11 (lr=0.0003, dropout=0.5) epoca 43: train_loss=0.0329 val_loss=0.2836 val_BA=0.900 mejor_epoca=43
2026-09-27 01:46:25,564 INFO FRAIWAN_Extended/no_dn fold 4: config 11 (lr=0.0003, dropout=0.5) epoca 50: train_loss=0.0293 val_loss=0.4448 val_BA=0.900 mejor_epoca=43
2026-09-27 01:46:26,415 INFO FRAIWAN_Extended/no_dn fold 4 config 11: OK val_BA=0.900 mejor_epoca=43 (0.1 min)
2026-09-27 01:46:26,552 INFO FRAIWAN_Extended/no_dn fold 4: config 12 (lr=0.0003, dropout=0.5) epoca 1: train_loss=0.7103 val_loss=0.6846 val_BA=0.500 mejor_epoca=1
2026-09-27 01:46:26,664 INFO FRAIWAN_Extended/no_dn fold 4: config 12 (lr=0.0003, dropout=0.5) epoca 2: train_loss=0.5995 val_loss=0.6503 val_BA=0.500 mejor_epoca=2
2026-09-27 01:46:26,774 INFO FRAIWAN_Extended/no_dn fold 4: config 12 (lr=0.0003, dropout=0.5) epoca 3: train_loss=0.4779 val_loss=0.5783 val_BA=0.500 mejor_epoca=3
2026-09-27 01:46:26,886 INFO FRAIWAN_Extended/no_dn fold 4: config 12 (lr=0.0003, dropout=0.5) epoca 4: train_loss=0.3700 val_loss=0.5262 val_BA=0.500 mejor_epoca=4
2026-09-27 01:46:26,998 INFO FRAIWAN_Extended/no_dn fold 4: config 12 (lr=0.0003, dropout=0.5) epoca 5: train_loss=0.2865 val_loss=0.4705 val_BA=0.500 mejor_epoca=5
2026-09-27 01:46:27,108 INFO FRAIWAN_Extended/no_dn fold 4: config 12 (lr=0.0003, dropout=0.5) epoca 6: train_loss=0.2493 val_loss=0.4301 val_BA=0.500 mejor_epoca=6
2026-09-27 01:46:27,220 INFO FRAIWAN_Extended/no_dn fold 4: config 12 (lr=0.0003, dropout=0.5) epoca 7: train_loss=0.2174 val_loss=0.3197 val_BA=0.500 mejor_epoca=7
2026-09-27 01:46:27,441 INFO FRAIWAN_Extended/no_dn fold 4: config 12 (lr=0.0003, dropout=0.5) epoca 9: train_loss=0.1344 val_loss=0.5548 val_BA=0.900 mejor_epoca=9
2026-09-27 01:46:27,551 INFO FRAIWAN_Extended/no_dn fold 4: config 12 (lr=0.0003, dropout=0.5) epoca 10: train_loss=0.1206 val_loss=0.2907 val_BA=0.900 mejor_epoca=10
2026-09-27 01:46:28,653 INFO FRAIWAN_Extended/no_dn fold 4: config 12 (lr=0.0003, dropout=0.5) epoca 20: train_loss=0.0592 val_loss=1.5420 val_BA=0.700 mejor_epoca=10
2026-09-27 01:46:29,227 INFO FRAIWAN_Extended/no_dn fold 4 config 12: OK val_BA=0.900 mejor_epoca=10 (0.0 min)
2026-09-27 01:46:29,395 INFO FRAIWAN_Extended/no_dn fold 4: config 13 (lr=0.001, dropout=0.2) epoca 1: train_loss=0.6802 val_loss=0.6768 val_BA=0.500 mejor_epoca=1
2026-09-27 01:46:29,544 INFO FRAIWAN_Extended/no_dn fold 4: config 13 (lr=0.001, dropout=0.2) epoca 2: train_loss=0.4332 val_loss=0.4406 val_BA=0.500 mejor_epoca=2
2026-09-27 01:46:29,694 INFO FRAIWAN_Extended/no_dn fold 4: config 13 (lr=0.001, dropout=0.2) epoca 3: train_loss=0.3280 val_loss=0.3731 val_BA=0.900 mejor_epoca=3
2026-09-27 01:46:29,844 INFO FRAIWAN_Extended/no_dn fold 4: config 13 (lr=0.001, dropout=0.2) epoca 4: train_loss=0.2321 val_loss=0.3367 val_BA=1.000 mejor_epoca=4
2026-09-27 01:46:30,764 INFO FRAIWAN_Extended/no_dn fold 4: config 13 (lr=0.001, dropout=0.2) epoca 10: train_loss=0.1329 val_loss=2.0759 val_BA=0.600 mejor_epoca=4
2026-09-27 01:46:32,302 INFO FRAIWAN_Extended/no_dn fold 4: config 13 (lr=0.001, dropout=0.2) epoca 20: train_loss=0.0661 val_loss=1.1339 val_BA=0.800 mejor_epoca=4
2026-09-27 01:46:32,323 INFO FRAIWAN_Extended/no_dn fold 4 config 13: OK val_BA=1.000 mejor_epoca=4 (0.1 min)
2026-09-27 01:46:32,452 INFO FRAIWAN_Extended/no_dn fold 4: config 14 (lr=0.001, dropout=0.3) epoca 1: train_loss=0.7138 val_loss=0.6420 val_BA=0.500 mejor_epoca=1
2026-09-27 01:46:32,555 INFO FRAIWAN_Extended/no_dn fold 4: config 14 (lr=0.001, dropout=0.3) epoca 2: train_loss=0.5840 val_loss=0.6100 val_BA=0.500 mejor_epoca=2
2026-09-27 01:46:32,660 INFO FRAIWAN_Extended/no_dn fold 4: config 14 (lr=0.001, dropout=0.3) epoca 3: train_loss=0.4092 val_loss=0.4979 val_BA=0.500 mejor_epoca=3
2026-09-27 01:46:32,764 INFO FRAIWAN_Extended/no_dn fold 4: config 14 (lr=0.001, dropout=0.3) epoca 4: train_loss=0.3309 val_loss=0.4434 val_BA=0.500 mejor_epoca=4
2026-09-27 01:46:32,866 INFO FRAIWAN_Extended/no_dn fold 4: config 14 (lr=0.001, dropout=0.3) epoca 5: train_loss=0.2716 val_loss=0.3937 val_BA=0.500 mejor_epoca=5
2026-09-27 01:46:32,966 INFO FRAIWAN_Extended/no_dn fold 4: config 14 (lr=0.001, dropout=0.3) epoca 6: train_loss=0.1982 val_loss=0.3476 val_BA=0.500 mejor_epoca=6
2026-09-27 01:46:33,066 INFO FRAIWAN_Extended/no_dn fold 4: config 14 (lr=0.001, dropout=0.3) epoca 7: train_loss=0.1580 val_loss=0.3101 val_BA=0.500 mejor_epoca=7
2026-09-27 01:46:33,166 INFO FRAIWAN_Extended/no_dn fold 4: config 14 (lr=0.001, dropout=0.3) epoca 8: train_loss=0.1431 val_loss=0.2666 val_BA=0.500 mejor_epoca=8
2026-09-27 01:46:33,266 INFO FRAIWAN_Extended/no_dn fold 4: config 14 (lr=0.001, dropout=0.3) epoca 9: train_loss=0.0972 val_loss=0.0992 val_BA=1.000 mejor_epoca=9
2026-09-27 01:46:33,365 INFO FRAIWAN_Extended/no_dn fold 4: config 14 (lr=0.001, dropout=0.3) epoca 10: train_loss=0.0795 val_loss=0.1526 val_BA=1.000 mejor_epoca=9
2026-09-27 01:46:33,466 INFO FRAIWAN_Extended/no_dn fold 4: config 14 (lr=0.001, dropout=0.3) epoca 11: train_loss=0.0748 val_loss=0.0799 val_BA=1.000 mejor_epoca=11
2026-09-27 01:46:34,363 INFO FRAIWAN_Extended/no_dn fold 4: config 14 (lr=0.001, dropout=0.3) epoca 20: train_loss=0.0311 val_loss=0.7801 val_BA=0.800 mejor_epoca=11
2026-09-27 01:46:34,969 INFO FRAIWAN_Extended/no_dn fold 4 config 14: OK val_BA=1.000 mejor_epoca=11 (0.0 min)
2026-09-27 01:46:35,094 INFO FRAIWAN_Extended/no_dn fold 4: config 15 (lr=0.001, dropout=0.3) epoca 1: train_loss=0.6721 val_loss=0.5823 val_BA=0.500 mejor_epoca=1
2026-09-27 01:46:35,201 INFO FRAIWAN_Extended/no_dn fold 4: config 15 (lr=0.001, dropout=0.3) epoca 2: train_loss=0.4812 val_loss=0.5071 val_BA=0.500 mejor_epoca=2
2026-09-27 01:46:35,308 INFO FRAIWAN_Extended/no_dn fold 4: config 15 (lr=0.001, dropout=0.3) epoca 3: train_loss=0.3683 val_loss=0.3645 val_BA=0.500 mejor_epoca=3
2026-09-27 01:46:35,521 INFO FRAIWAN_Extended/no_dn fold 4: config 15 (lr=0.001, dropout=0.3) epoca 5: train_loss=0.2673 val_loss=0.2076 val_BA=1.000 mejor_epoca=5
2026-09-27 01:46:36,073 INFO FRAIWAN_Extended/no_dn fold 4: config 15 (lr=0.001, dropout=0.3) epoca 10: train_loss=0.0593 val_loss=2.2323 val_BA=0.600 mejor_epoca=5
2026-09-27 01:46:37,152 INFO FRAIWAN_Extended/no_dn fold 4: config 15 (lr=0.001, dropout=0.3) epoca 20: train_loss=0.0103 val_loss=1.4437 val_BA=0.800 mejor_epoca=5
2026-09-27 01:46:37,172 INFO FRAIWAN_Extended/no_dn fold 4 config 15: OK val_BA=1.000 mejor_epoca=5 (0.0 min)
2026-09-27 01:46:37,332 INFO FRAIWAN_Extended/no_dn fold 4: config 16 (lr=0.001, dropout=0.4) epoca 1: train_loss=0.7502 val_loss=0.7957 val_BA=0.500 mejor_epoca=1
2026-09-27 01:46:37,471 INFO FRAIWAN_Extended/no_dn fold 4: config 16 (lr=0.001, dropout=0.4) epoca 2: train_loss=0.5983 val_loss=0.4832 val_BA=1.000 mejor_epoca=2
2026-09-27 01:46:38,453 INFO FRAIWAN_Extended/no_dn fold 4: config 16 (lr=0.001, dropout=0.4) epoca 9: train_loss=0.2473 val_loss=0.2354 val_BA=1.000 mejor_epoca=9
2026-09-27 01:46:38,593 INFO FRAIWAN_Extended/no_dn fold 4: config 16 (lr=0.001, dropout=0.4) epoca 10: train_loss=0.1687 val_loss=0.1979 val_BA=1.000 mejor_epoca=10
2026-09-27 01:46:38,734 INFO FRAIWAN_Extended/no_dn fold 4: config 16 (lr=0.001, dropout=0.4) epoca 11: train_loss=0.1114 val_loss=0.0659 val_BA=1.000 mejor_epoca=11
2026-09-27 01:46:40,002 INFO FRAIWAN_Extended/no_dn fold 4: config 16 (lr=0.001, dropout=0.4) epoca 20: train_loss=0.0435 val_loss=1.1655 val_BA=0.900 mejor_epoca=11
2026-09-27 01:46:40,892 INFO FRAIWAN_Extended/no_dn fold 4 config 16: OK val_BA=1.000 mejor_epoca=11 (0.1 min)
2026-09-27 01:46:41,026 INFO FRAIWAN_Extended/no_dn fold 4: config 17 (lr=0.001, dropout=0.5) epoca 1: train_loss=0.7075 val_loss=0.7923 val_BA=0.500 mejor_epoca=1
2026-09-27 01:46:41,133 INFO FRAIWAN_Extended/no_dn fold 4: config 17 (lr=0.001, dropout=0.5) epoca 2: train_loss=0.5670 val_loss=0.7818 val_BA=0.500 mejor_epoca=2
2026-09-27 01:46:41,346 INFO FRAIWAN_Extended/no_dn fold 4: config 17 (lr=0.001, dropout=0.5) epoca 4: train_loss=0.4197 val_loss=0.3717 val_BA=0.500 mejor_epoca=4
2026-09-27 01:46:41,569 INFO FRAIWAN_Extended/no_dn fold 4: config 17 (lr=0.001, dropout=0.5) epoca 6: train_loss=0.2129 val_loss=0.2146 val_BA=1.000 mejor_epoca=6
2026-09-27 01:46:41,685 INFO FRAIWAN_Extended/no_dn fold 4: config 17 (lr=0.001, dropout=0.5) epoca 7: train_loss=0.1833 val_loss=0.0982 val_BA=1.000 mejor_epoca=7
2026-09-27 01:46:42,020 INFO FRAIWAN_Extended/no_dn fold 4: config 17 (lr=0.001, dropout=0.5) epoca 10: train_loss=0.1150 val_loss=1.9152 val_BA=0.800 mejor_epoca=7
2026-09-27 01:46:43,101 INFO FRAIWAN_Extended/no_dn fold 4: config 17 (lr=0.001, dropout=0.5) epoca 20: train_loss=0.0206 val_loss=1.6764 val_BA=0.800 mejor_epoca=7
2026-09-27 01:46:43,331 INFO FRAIWAN_Extended/no_dn fold 4 config 17: OK val_BA=1.000 mejor_epoca=7 (0.0 min)
2026-09-27 01:46:43,451 INFO FRAIWAN_Extended/no_dn fold 4: config 18 (lr=0.001, dropout=0.5) epoca 1: train_loss=0.7193 val_loss=0.5871 val_BA=0.500 mejor_epoca=1
2026-09-27 01:46:43,550 INFO FRAIWAN_Extended/no_dn fold 4: config 18 (lr=0.001, dropout=0.5) epoca 2: train_loss=0.5208 val_loss=0.5279 val_BA=0.500 mejor_epoca=2
2026-09-27 01:46:43,649 INFO FRAIWAN_Extended/no_dn fold 4: config 18 (lr=0.001, dropout=0.5) epoca 3: train_loss=0.4041 val_loss=0.5083 val_BA=0.500 mejor_epoca=3
2026-09-27 01:46:43,749 INFO FRAIWAN_Extended/no_dn fold 4: config 18 (lr=0.001, dropout=0.5) epoca 4: train_loss=0.4242 val_loss=0.4925 val_BA=0.500 mejor_epoca=4
2026-09-27 01:46:43,847 INFO FRAIWAN_Extended/no_dn fold 4: config 18 (lr=0.001, dropout=0.5) epoca 5: train_loss=0.2590 val_loss=0.4243 val_BA=0.500 mejor_epoca=5
2026-09-27 01:46:43,946 INFO FRAIWAN_Extended/no_dn fold 4: config 18 (lr=0.001, dropout=0.5) epoca 6: train_loss=0.2271 val_loss=0.3945 val_BA=0.500 mejor_epoca=6
2026-09-27 01:46:44,141 INFO FRAIWAN_Extended/no_dn fold 4: config 18 (lr=0.001, dropout=0.5) epoca 8: train_loss=0.1324 val_loss=0.2887 val_BA=0.500 mejor_epoca=8
2026-09-27 01:46:44,240 INFO FRAIWAN_Extended/no_dn fold 4: config 18 (lr=0.001, dropout=0.5) epoca 9: train_loss=0.0897 val_loss=0.1551 val_BA=1.000 mejor_epoca=9
2026-09-27 01:46:44,338 INFO FRAIWAN_Extended/no_dn fold 4: config 18 (lr=0.001, dropout=0.5) epoca 10: train_loss=0.0830 val_loss=0.1648 val_BA=1.000 mejor_epoca=9
2026-09-27 01:46:45,319 INFO FRAIWAN_Extended/no_dn fold 4: config 18 (lr=0.001, dropout=0.5) epoca 20: train_loss=0.0187 val_loss=1.3123 val_BA=0.800 mejor_epoca=9
2026-09-27 01:46:45,732 INFO FRAIWAN_Extended/no_dn fold 4 config 18: OK val_BA=1.000 mejor_epoca=9 (0.0 min)
2026-09-27 01:46:45,851 INFO FRAIWAN_Extended/no_dn fold 4: config 19 (lr=0.001, dropout=0.5) epoca 1: train_loss=0.6902 val_loss=0.6928 val_BA=0.700 mejor_epoca=1
2026-09-27 01:46:46,737 INFO FRAIWAN_Extended/no_dn fold 4: config 19 (lr=0.001, dropout=0.5) epoca 10: train_loss=0.1124 val_loss=0.1733 val_BA=1.000 mejor_epoca=10
2026-09-27 01:46:46,836 INFO FRAIWAN_Extended/no_dn fold 4: config 19 (lr=0.001, dropout=0.5) epoca 11: train_loss=0.0919 val_loss=0.1235 val_BA=1.000 mejor_epoca=11
2026-09-27 01:46:47,741 INFO FRAIWAN_Extended/no_dn fold 4: config 19 (lr=0.001, dropout=0.5) epoca 20: train_loss=0.0251 val_loss=1.7069 val_BA=0.700 mejor_epoca=11
2026-09-27 01:46:48,353 INFO FRAIWAN_Extended/no_dn fold 4 config 19: OK val_BA=1.000 mejor_epoca=11 (0.0 min)
2026-09-27 01:46:49,461 INFO FRAIWAN_Extended/no_dn: configuracion global 13 (decidida por balanced_accuracy_mean), BA folds=0.880±0.217 agrupada=0.910 [COMPLETED]
2026-09-27 01:46:49,470 INFO preparando FRAIWAN_Extended/dn (rama dn, augment=False, protocolo holdout_cv_v3)
2026-09-27 01:46:49,501 INFO FRAIWAN_Extended/dn fold 0: log-mel dn listo en 0.0 s, forma (187, 1, 64, 309)
2026-09-27 01:46:49,505 INFO FRAIWAN_Extended/dn fold 0: 27/7 pacientes train/validation, 20 de 20 configuracion(es) por evaluar
2026-09-27 01:46:49,676 INFO FRAIWAN_Extended/dn fold 0: config 0 (lr=0.0001, dropout=0.3) epoca 1: train_loss=0.5753 val_loss=0.6521 val_BA=0.500 mejor_epoca=1
2026-09-27 01:46:49,815 INFO FRAIWAN_Extended/dn fold 0: config 0 (lr=0.0001, dropout=0.3) epoca 2: train_loss=0.4307 val_loss=0.6166 val_BA=0.500 mejor_epoca=2
2026-09-27 01:46:49,954 INFO FRAIWAN_Extended/dn fold 0: config 0 (lr=0.0001, dropout=0.3) epoca 3: train_loss=0.3261 val_loss=0.5892 val_BA=0.500 mejor_epoca=3
2026-09-27 01:46:50,997 INFO FRAIWAN_Extended/dn fold 0: config 0 (lr=0.0001, dropout=0.3) epoca 10: train_loss=0.1124 val_loss=1.4189 val_BA=0.400 mejor_epoca=3
2026-09-27 01:46:51,434 INFO FRAIWAN_Extended/dn fold 0: config 0 (lr=0.0001, dropout=0.3) epoca 13: train_loss=0.0925 val_loss=1.2146 val_BA=0.550 mejor_epoca=13
2026-09-27 01:46:52,159 INFO FRAIWAN_Extended/dn fold 0: config 0 (lr=0.0001, dropout=0.3) epoca 18: train_loss=0.0486 val_loss=1.0164 val_BA=0.550 mejor_epoca=18
2026-09-27 01:46:52,444 INFO FRAIWAN_Extended/dn fold 0: config 0 (lr=0.0001, dropout=0.3) epoca 20: train_loss=0.0476 val_loss=0.8539 val_BA=0.500 mejor_epoca=18
2026-09-27 01:46:53,012 INFO FRAIWAN_Extended/dn fold 0: config 0 (lr=0.0001, dropout=0.3) epoca 24: train_loss=0.0665 val_loss=1.2045 val_BA=0.650 mejor_epoca=24
2026-09-27 01:46:53,844 INFO FRAIWAN_Extended/dn fold 0: config 0 (lr=0.0001, dropout=0.3) epoca 30: train_loss=0.0304 val_loss=0.9271 val_BA=0.400 mejor_epoca=24
2026-09-27 01:46:55,113 INFO FRAIWAN_Extended/dn fold 0 config 0: OK val_BA=0.650 mejor_epoca=24 (0.1 min)
2026-09-27 01:46:55,232 INFO FRAIWAN_Extended/dn fold 0: config 1 (lr=0.0001, dropout=0.3) epoca 1: train_loss=0.6760 val_loss=0.6741 val_BA=0.500 mejor_epoca=1
2026-09-27 01:46:55,330 INFO FRAIWAN_Extended/dn fold 0: config 1 (lr=0.0001, dropout=0.3) epoca 2: train_loss=0.5405 val_loss=0.6688 val_BA=0.500 mejor_epoca=2
2026-09-27 01:46:55,428 INFO FRAIWAN_Extended/dn fold 0: config 1 (lr=0.0001, dropout=0.3) epoca 3: train_loss=0.4450 val_loss=0.6614 val_BA=0.500 mejor_epoca=3
2026-09-27 01:46:55,526 INFO FRAIWAN_Extended/dn fold 0: config 1 (lr=0.0001, dropout=0.3) epoca 4: train_loss=0.3972 val_loss=0.6520 val_BA=0.500 mejor_epoca=4
2026-09-27 01:46:55,624 INFO FRAIWAN_Extended/dn fold 0: config 1 (lr=0.0001, dropout=0.3) epoca 5: train_loss=0.3142 val_loss=0.6433 val_BA=0.500 mejor_epoca=5
2026-09-27 01:46:55,723 INFO FRAIWAN_Extended/dn fold 0: config 1 (lr=0.0001, dropout=0.3) epoca 6: train_loss=0.2879 val_loss=0.6355 val_BA=0.500 mejor_epoca=6
2026-09-27 01:46:55,821 INFO FRAIWAN_Extended/dn fold 0: config 1 (lr=0.0001, dropout=0.3) epoca 7: train_loss=0.2508 val_loss=0.6244 val_BA=0.500 mejor_epoca=7
2026-09-27 01:46:55,918 INFO FRAIWAN_Extended/dn fold 0: config 1 (lr=0.0001, dropout=0.3) epoca 8: train_loss=0.2072 val_loss=0.6154 val_BA=0.500 mejor_epoca=8
2026-09-27 01:46:56,016 INFO FRAIWAN_Extended/dn fold 0: config 1 (lr=0.0001, dropout=0.3) epoca 9: train_loss=0.1780 val_loss=0.6023 val_BA=0.500 mejor_epoca=9
2026-09-27 01:46:56,114 INFO FRAIWAN_Extended/dn fold 0: config 1 (lr=0.0001, dropout=0.3) epoca 10: train_loss=0.1681 val_loss=0.5885 val_BA=0.500 mejor_epoca=10
2026-09-27 01:46:56,212 INFO FRAIWAN_Extended/dn fold 0: config 1 (lr=0.0001, dropout=0.3) epoca 11: train_loss=0.1330 val_loss=0.5801 val_BA=0.500 mejor_epoca=11
2026-09-27 01:46:56,310 INFO FRAIWAN_Extended/dn fold 0: config 1 (lr=0.0001, dropout=0.3) epoca 12: train_loss=0.1156 val_loss=0.5671 val_BA=0.500 mejor_epoca=12
2026-09-27 01:46:56,408 INFO FRAIWAN_Extended/dn fold 0: config 1 (lr=0.0001, dropout=0.3) epoca 13: train_loss=0.1113 val_loss=0.5658 val_BA=0.500 mejor_epoca=13
2026-09-27 01:46:56,506 INFO FRAIWAN_Extended/dn fold 0: config 1 (lr=0.0001, dropout=0.3) epoca 14: train_loss=0.1019 val_loss=0.5563 val_BA=0.500 mejor_epoca=14
2026-09-27 01:46:56,603 INFO FRAIWAN_Extended/dn fold 0: config 1 (lr=0.0001, dropout=0.3) epoca 15: train_loss=0.0918 val_loss=0.5500 val_BA=0.500 mejor_epoca=15
2026-09-27 01:46:56,995 INFO FRAIWAN_Extended/dn fold 0: config 1 (lr=0.0001, dropout=0.3) epoca 19: train_loss=0.0795 val_loss=0.6766 val_BA=0.650 mejor_epoca=19
2026-09-27 01:46:57,093 INFO FRAIWAN_Extended/dn fold 0: config 1 (lr=0.0001, dropout=0.3) epoca 20: train_loss=0.0778 val_loss=0.8191 val_BA=0.550 mejor_epoca=19
2026-09-27 01:46:57,289 INFO FRAIWAN_Extended/dn fold 0: config 1 (lr=0.0001, dropout=0.3) epoca 22: train_loss=0.0749 val_loss=0.6529 val_BA=0.750 mejor_epoca=22
2026-09-27 01:46:58,073 INFO FRAIWAN_Extended/dn fold 0: config 1 (lr=0.0001, dropout=0.3) epoca 30: train_loss=0.0647 val_loss=0.9666 val_BA=0.650 mejor_epoca=22
2026-09-27 01:46:58,789 INFO FRAIWAN_Extended/dn fold 0 config 1: OK val_BA=0.750 mejor_epoca=22 (0.1 min)
2026-09-27 01:46:58,920 INFO FRAIWAN_Extended/dn fold 0: config 2 (lr=0.0001, dropout=0.4) epoca 1: train_loss=0.6439 val_loss=0.6977 val_BA=0.500 mejor_epoca=1
2026-09-27 01:46:59,027 INFO FRAIWAN_Extended/dn fold 0: config 2 (lr=0.0001, dropout=0.4) epoca 2: train_loss=0.5199 val_loss=0.6888 val_BA=0.500 mejor_epoca=2
2026-09-27 01:46:59,134 INFO FRAIWAN_Extended/dn fold 0: config 2 (lr=0.0001, dropout=0.4) epoca 3: train_loss=0.4733 val_loss=0.6773 val_BA=0.500 mejor_epoca=3
2026-09-27 01:46:59,575 INFO FRAIWAN_Extended/dn fold 0: config 2 (lr=0.0001, dropout=0.4) epoca 7: train_loss=0.2663 val_loss=0.6349 val_BA=0.500 mejor_epoca=7
2026-09-27 01:46:59,803 INFO FRAIWAN_Extended/dn fold 0: config 2 (lr=0.0001, dropout=0.4) epoca 9: train_loss=0.1977 val_loss=0.6321 val_BA=0.500 mejor_epoca=9
2026-09-27 01:46:59,909 INFO FRAIWAN_Extended/dn fold 0: config 2 (lr=0.0001, dropout=0.4) epoca 10: train_loss=0.1846 val_loss=0.6608 val_BA=0.500 mejor_epoca=9
2026-09-27 01:47:00,549 INFO FRAIWAN_Extended/dn fold 0: config 2 (lr=0.0001, dropout=0.4) epoca 16: train_loss=0.1044 val_loss=0.7302 val_BA=0.650 mejor_epoca=16
2026-09-27 01:47:00,997 INFO FRAIWAN_Extended/dn fold 0: config 2 (lr=0.0001, dropout=0.4) epoca 20: train_loss=0.0902 val_loss=1.3956 val_BA=0.550 mejor_epoca=16
2026-09-27 01:47:01,652 INFO FRAIWAN_Extended/dn fold 0: config 2 (lr=0.0001, dropout=0.4) epoca 26: train_loss=0.0748 val_loss=0.7254 val_BA=0.650 mejor_epoca=26
2026-09-27 01:47:02,075 INFO FRAIWAN_Extended/dn fold 0: config 2 (lr=0.0001, dropout=0.4) epoca 30: train_loss=0.0745 val_loss=0.8973 val_BA=0.550 mejor_epoca=26
2026-09-27 01:47:03,143 INFO FRAIWAN_Extended/dn fold 0: config 2 (lr=0.0001, dropout=0.4) epoca 40: train_loss=0.0676 val_loss=1.3695 val_BA=0.450 mejor_epoca=26
2026-09-27 01:47:03,267 INFO FRAIWAN_Extended/dn fold 0 config 2: OK val_BA=0.650 mejor_epoca=26 (0.1 min)
2026-09-27 01:47:03,426 INFO FRAIWAN_Extended/dn fold 0: config 3 (lr=0.0001, dropout=0.4) epoca 1: train_loss=0.7105 val_loss=0.6887 val_BA=0.500 mejor_epoca=1
2026-09-27 01:47:03,564 INFO FRAIWAN_Extended/dn fold 0: config 3 (lr=0.0001, dropout=0.4) epoca 2: train_loss=0.5705 val_loss=0.6883 val_BA=0.550 mejor_epoca=2
2026-09-27 01:47:04,384 INFO FRAIWAN_Extended/dn fold 0: config 3 (lr=0.0001, dropout=0.4) epoca 8: train_loss=0.2048 val_loss=0.8077 val_BA=0.650 mejor_epoca=8
2026-09-27 01:47:04,661 INFO FRAIWAN_Extended/dn fold 0: config 3 (lr=0.0001, dropout=0.4) epoca 10: train_loss=0.1623 val_loss=0.6651 val_BA=0.500 mejor_epoca=8
2026-09-27 01:47:05,069 INFO FRAIWAN_Extended/dn fold 0: config 3 (lr=0.0001, dropout=0.4) epoca 13: train_loss=0.1581 val_loss=0.6680 val_BA=0.650 mejor_epoca=13
2026-09-27 01:47:05,899 INFO FRAIWAN_Extended/dn fold 0: config 3 (lr=0.0001, dropout=0.4) epoca 19: train_loss=0.0887 val_loss=0.5969 val_BA=0.750 mejor_epoca=19
2026-09-27 01:47:06,038 INFO FRAIWAN_Extended/dn fold 0: config 3 (lr=0.0001, dropout=0.4) epoca 20: train_loss=0.1052 val_loss=1.0010 val_BA=0.550 mejor_epoca=19
2026-09-27 01:47:07,443 INFO FRAIWAN_Extended/dn fold 0: config 3 (lr=0.0001, dropout=0.4) epoca 30: train_loss=0.0533 val_loss=1.2670 val_BA=0.550 mejor_epoca=19
2026-09-27 01:47:08,008 INFO FRAIWAN_Extended/dn fold 0 config 3: OK val_BA=0.750 mejor_epoca=19 (0.1 min)
2026-09-27 01:47:08,136 INFO FRAIWAN_Extended/dn fold 0: config 4 (lr=0.0001, dropout=0.4) epoca 1: train_loss=0.6494 val_loss=0.6832 val_BA=0.500 mejor_epoca=1
2026-09-27 01:47:08,241 INFO FRAIWAN_Extended/dn fold 0: config 4 (lr=0.0001, dropout=0.4) epoca 2: train_loss=0.5386 val_loss=0.6754 val_BA=0.500 mejor_epoca=2
2026-09-27 01:47:08,347 INFO FRAIWAN_Extended/dn fold 0: config 4 (lr=0.0001, dropout=0.4) epoca 3: train_loss=0.4463 val_loss=0.6623 val_BA=0.500 mejor_epoca=3
2026-09-27 01:47:08,455 INFO FRAIWAN_Extended/dn fold 0: config 4 (lr=0.0001, dropout=0.4) epoca 4: train_loss=0.3898 val_loss=0.6395 val_BA=0.500 mejor_epoca=4
2026-09-27 01:47:08,570 INFO FRAIWAN_Extended/dn fold 0: config 4 (lr=0.0001, dropout=0.4) epoca 5: train_loss=0.3319 val_loss=0.6110 val_BA=0.500 mejor_epoca=5
2026-09-27 01:47:08,685 INFO FRAIWAN_Extended/dn fold 0: config 4 (lr=0.0001, dropout=0.4) epoca 6: train_loss=0.2665 val_loss=0.5834 val_BA=0.500 mejor_epoca=6
2026-09-27 01:47:08,795 INFO FRAIWAN_Extended/dn fold 0: config 4 (lr=0.0001, dropout=0.4) epoca 7: train_loss=0.2427 val_loss=0.5648 val_BA=0.500 mejor_epoca=7
2026-09-27 01:47:09,108 INFO FRAIWAN_Extended/dn fold 0: config 4 (lr=0.0001, dropout=0.4) epoca 10: train_loss=0.1616 val_loss=0.6594 val_BA=0.500 mejor_epoca=7
2026-09-27 01:47:09,213 INFO FRAIWAN_Extended/dn fold 0: config 4 (lr=0.0001, dropout=0.4) epoca 11: train_loss=0.1284 val_loss=0.8741 val_BA=0.550 mejor_epoca=11
2026-09-27 01:47:09,645 INFO FRAIWAN_Extended/dn fold 0: config 4 (lr=0.0001, dropout=0.4) epoca 15: train_loss=0.0986 val_loss=1.1147 val_BA=0.650 mejor_epoca=15
2026-09-27 01:47:10,186 INFO FRAIWAN_Extended/dn fold 0: config 4 (lr=0.0001, dropout=0.4) epoca 20: train_loss=0.0984 val_loss=1.3629 val_BA=0.550 mejor_epoca=15
2026-09-27 01:47:11,282 INFO FRAIWAN_Extended/dn fold 0: config 4 (lr=0.0001, dropout=0.4) epoca 30: train_loss=0.0643 val_loss=0.8834 val_BA=0.400 mejor_epoca=15
2026-09-27 01:47:11,302 INFO FRAIWAN_Extended/dn fold 0 config 4: OK val_BA=0.650 mejor_epoca=15 (0.1 min)
2026-09-27 01:47:11,422 INFO FRAIWAN_Extended/dn fold 0: config 5 (lr=0.0001, dropout=0.4) epoca 1: train_loss=0.7294 val_loss=0.6768 val_BA=0.500 mejor_epoca=1
2026-09-27 01:47:11,521 INFO FRAIWAN_Extended/dn fold 0: config 5 (lr=0.0001, dropout=0.4) epoca 2: train_loss=0.5563 val_loss=0.6737 val_BA=0.500 mejor_epoca=2
2026-09-27 01:47:11,620 INFO FRAIWAN_Extended/dn fold 0: config 5 (lr=0.0001, dropout=0.4) epoca 3: train_loss=0.4743 val_loss=0.6697 val_BA=0.500 mejor_epoca=3
2026-09-27 01:47:11,719 INFO FRAIWAN_Extended/dn fold 0: config 5 (lr=0.0001, dropout=0.4) epoca 4: train_loss=0.3910 val_loss=0.6590 val_BA=0.500 mejor_epoca=4
2026-09-27 01:47:11,818 INFO FRAIWAN_Extended/dn fold 0: config 5 (lr=0.0001, dropout=0.4) epoca 5: train_loss=0.3237 val_loss=0.6522 val_BA=0.500 mejor_epoca=5
2026-09-27 01:47:11,917 INFO FRAIWAN_Extended/dn fold 0: config 5 (lr=0.0001, dropout=0.4) epoca 6: train_loss=0.2970 val_loss=0.6480 val_BA=0.500 mejor_epoca=6
2026-09-27 01:47:12,017 INFO FRAIWAN_Extended/dn fold 0: config 5 (lr=0.0001, dropout=0.4) epoca 7: train_loss=0.2457 val_loss=0.6294 val_BA=0.500 mejor_epoca=7
2026-09-27 01:47:12,115 INFO FRAIWAN_Extended/dn fold 0: config 5 (lr=0.0001, dropout=0.4) epoca 8: train_loss=0.2163 val_loss=0.6143 val_BA=0.500 mejor_epoca=8
2026-09-27 01:47:12,214 INFO FRAIWAN_Extended/dn fold 0: config 5 (lr=0.0001, dropout=0.4) epoca 9: train_loss=0.1839 val_loss=0.5927 val_BA=0.500 mejor_epoca=9
2026-09-27 01:47:12,313 INFO FRAIWAN_Extended/dn fold 0: config 5 (lr=0.0001, dropout=0.4) epoca 10: train_loss=0.1584 val_loss=0.5803 val_BA=0.500 mejor_epoca=10
2026-09-27 01:47:12,507 INFO FRAIWAN_Extended/dn fold 0: config 5 (lr=0.0001, dropout=0.4) epoca 12: train_loss=0.1285 val_loss=0.5795 val_BA=0.500 mejor_epoca=12
2026-09-27 01:47:12,996 INFO FRAIWAN_Extended/dn fold 0: config 5 (lr=0.0001, dropout=0.4) epoca 17: train_loss=0.1099 val_loss=0.8754 val_BA=0.550 mejor_epoca=17
2026-09-27 01:47:13,289 INFO FRAIWAN_Extended/dn fold 0: config 5 (lr=0.0001, dropout=0.4) epoca 20: train_loss=0.0925 val_loss=0.8718 val_BA=0.550 mejor_epoca=20
2026-09-27 01:47:13,778 INFO FRAIWAN_Extended/dn fold 0: config 5 (lr=0.0001, dropout=0.4) epoca 25: train_loss=0.0780 val_loss=0.9402 val_BA=0.650 mejor_epoca=25
2026-09-27 01:47:14,273 INFO FRAIWAN_Extended/dn fold 0: config 5 (lr=0.0001, dropout=0.4) epoca 30: train_loss=0.0711 val_loss=1.0714 val_BA=0.400 mejor_epoca=25
2026-09-27 01:47:15,151 INFO FRAIWAN_Extended/dn fold 0: config 5 (lr=0.0001, dropout=0.4) epoca 39: train_loss=0.0642 val_loss=0.8426 val_BA=0.650 mejor_epoca=39
2026-09-27 01:47:15,249 INFO FRAIWAN_Extended/dn fold 0: config 5 (lr=0.0001, dropout=0.4) epoca 40: train_loss=0.0655 val_loss=0.8260 val_BA=0.650 mejor_epoca=40
2026-09-27 01:47:16,240 INFO FRAIWAN_Extended/dn fold 0: config 5 (lr=0.0001, dropout=0.4) epoca 50: train_loss=0.0556 val_loss=0.9167 val_BA=0.550 mejor_epoca=40
2026-09-27 01:47:16,756 INFO FRAIWAN_Extended/dn fold 0 config 5: OK val_BA=0.650 mejor_epoca=40 (0.1 min)
2026-09-27 01:47:16,926 INFO FRAIWAN_Extended/dn fold 0: config 6 (lr=0.0001, dropout=0.5) epoca 1: train_loss=0.6877 val_loss=0.6775 val_BA=0.500 mejor_epoca=1
2026-09-27 01:47:17,074 INFO FRAIWAN_Extended/dn fold 0: config 6 (lr=0.0001, dropout=0.5) epoca 2: train_loss=0.5951 val_loss=0.6632 val_BA=0.500 mejor_epoca=2
2026-09-27 01:47:17,223 INFO FRAIWAN_Extended/dn fold 0: config 6 (lr=0.0001, dropout=0.5) epoca 3: train_loss=0.4730 val_loss=0.6614 val_BA=0.500 mejor_epoca=3
2026-09-27 01:47:17,395 INFO FRAIWAN_Extended/dn fold 0: config 6 (lr=0.0001, dropout=0.5) epoca 4: train_loss=0.3848 val_loss=0.6142 val_BA=0.500 mejor_epoca=4
2026-09-27 01:47:17,706 INFO FRAIWAN_Extended/dn fold 0: config 6 (lr=0.0001, dropout=0.5) epoca 6: train_loss=0.2702 val_loss=0.6677 val_BA=0.650 mejor_epoca=6
2026-09-27 01:47:17,856 INFO FRAIWAN_Extended/dn fold 0: config 6 (lr=0.0001, dropout=0.5) epoca 7: train_loss=0.2184 val_loss=0.6433 val_BA=0.650 mejor_epoca=7
2026-09-27 01:47:18,280 INFO FRAIWAN_Extended/dn fold 0: config 6 (lr=0.0001, dropout=0.5) epoca 10: train_loss=0.1538 val_loss=1.1584 val_BA=0.650 mejor_epoca=7
2026-09-27 01:47:19,631 INFO FRAIWAN_Extended/dn fold 0: config 6 (lr=0.0001, dropout=0.5) epoca 20: train_loss=0.0832 val_loss=1.0278 val_BA=0.650 mejor_epoca=7
2026-09-27 01:47:19,912 INFO FRAIWAN_Extended/dn fold 0 config 6: OK val_BA=0.650 mejor_epoca=7 (0.1 min)
2026-09-27 01:47:20,029 INFO FRAIWAN_Extended/dn fold 0: config 7 (lr=0.0001, dropout=0.5) epoca 1: train_loss=0.7892 val_loss=0.6873 val_BA=0.500 mejor_epoca=1
2026-09-27 01:47:20,125 INFO FRAIWAN_Extended/dn fold 0: config 7 (lr=0.0001, dropout=0.5) epoca 2: train_loss=0.5547 val_loss=0.6799 val_BA=0.500 mejor_epoca=2
2026-09-27 01:47:20,222 INFO FRAIWAN_Extended/dn fold 0: config 7 (lr=0.0001, dropout=0.5) epoca 3: train_loss=0.4984 val_loss=0.6690 val_BA=0.500 mejor_epoca=3
2026-09-27 01:47:20,318 INFO FRAIWAN_Extended/dn fold 0: config 7 (lr=0.0001, dropout=0.5) epoca 4: train_loss=0.4024 val_loss=0.6556 val_BA=0.500 mejor_epoca=4
2026-09-27 01:47:20,415 INFO FRAIWAN_Extended/dn fold 0: config 7 (lr=0.0001, dropout=0.5) epoca 5: train_loss=0.3718 val_loss=0.6375 val_BA=0.500 mejor_epoca=5
2026-09-27 01:47:20,511 INFO FRAIWAN_Extended/dn fold 0: config 7 (lr=0.0001, dropout=0.5) epoca 6: train_loss=0.3297 val_loss=0.6164 val_BA=0.500 mejor_epoca=6
2026-09-27 01:47:20,608 INFO FRAIWAN_Extended/dn fold 0: config 7 (lr=0.0001, dropout=0.5) epoca 7: train_loss=0.2667 val_loss=0.5979 val_BA=0.500 mejor_epoca=7
2026-09-27 01:47:20,705 INFO FRAIWAN_Extended/dn fold 0: config 7 (lr=0.0001, dropout=0.5) epoca 8: train_loss=0.2310 val_loss=0.5817 val_BA=0.500 mejor_epoca=8
2026-09-27 01:47:20,803 INFO FRAIWAN_Extended/dn fold 0: config 7 (lr=0.0001, dropout=0.5) epoca 9: train_loss=0.2138 val_loss=0.5707 val_BA=0.500 mejor_epoca=9
2026-09-27 01:47:20,903 INFO FRAIWAN_Extended/dn fold 0: config 7 (lr=0.0001, dropout=0.5) epoca 10: train_loss=0.1826 val_loss=0.5650 val_BA=0.500 mejor_epoca=10
2026-09-27 01:47:21,599 INFO FRAIWAN_Extended/dn fold 0: config 7 (lr=0.0001, dropout=0.5) epoca 17: train_loss=0.0911 val_loss=0.6397 val_BA=0.750 mejor_epoca=17
2026-09-27 01:47:21,903 INFO FRAIWAN_Extended/dn fold 0: config 7 (lr=0.0001, dropout=0.5) epoca 20: train_loss=0.0807 val_loss=0.7771 val_BA=0.750 mejor_epoca=17
2026-09-27 01:47:22,912 INFO FRAIWAN_Extended/dn fold 0: config 7 (lr=0.0001, dropout=0.5) epoca 30: train_loss=0.0668 val_loss=0.8525 val_BA=0.650 mejor_epoca=17
2026-09-27 01:47:23,126 INFO FRAIWAN_Extended/dn fold 0 config 7: OK val_BA=0.750 mejor_epoca=17 (0.1 min)
2026-09-27 01:47:23,249 INFO FRAIWAN_Extended/dn fold 0: config 8 (lr=0.0003, dropout=0.3) epoca 1: train_loss=0.7409 val_loss=0.7397 val_BA=0.500 mejor_epoca=1
2026-09-27 01:47:23,354 INFO FRAIWAN_Extended/dn fold 0: config 8 (lr=0.0003, dropout=0.3) epoca 2: train_loss=0.5684 val_loss=0.7271 val_BA=0.500 mejor_epoca=2
2026-09-27 01:47:23,456 INFO FRAIWAN_Extended/dn fold 0: config 8 (lr=0.0003, dropout=0.3) epoca 3: train_loss=0.4501 val_loss=0.7055 val_BA=0.500 mejor_epoca=3
2026-09-27 01:47:23,656 INFO FRAIWAN_Extended/dn fold 0: config 8 (lr=0.0003, dropout=0.3) epoca 5: train_loss=0.3145 val_loss=0.6687 val_BA=0.500 mejor_epoca=5
2026-09-27 01:47:23,755 INFO FRAIWAN_Extended/dn fold 0: config 8 (lr=0.0003, dropout=0.3) epoca 6: train_loss=0.2690 val_loss=0.6355 val_BA=0.500 mejor_epoca=6
2026-09-27 01:47:23,853 INFO FRAIWAN_Extended/dn fold 0: config 8 (lr=0.0003, dropout=0.3) epoca 7: train_loss=0.2111 val_loss=0.6204 val_BA=0.500 mejor_epoca=7
2026-09-27 01:47:23,952 INFO FRAIWAN_Extended/dn fold 0: config 8 (lr=0.0003, dropout=0.3) epoca 8: train_loss=0.1798 val_loss=0.6060 val_BA=0.500 mejor_epoca=8
2026-09-27 01:47:24,058 INFO FRAIWAN_Extended/dn fold 0: config 8 (lr=0.0003, dropout=0.3) epoca 9: train_loss=0.1669 val_loss=0.5972 val_BA=0.500 mejor_epoca=9
2026-09-27 01:47:24,161 INFO FRAIWAN_Extended/dn fold 0: config 8 (lr=0.0003, dropout=0.3) epoca 10: train_loss=0.1514 val_loss=0.5938 val_BA=0.500 mejor_epoca=10
2026-09-27 01:47:24,368 INFO FRAIWAN_Extended/dn fold 0: config 8 (lr=0.0003, dropout=0.3) epoca 12: train_loss=0.1367 val_loss=0.5930 val_BA=0.500 mejor_epoca=12
2026-09-27 01:47:24,762 INFO FRAIWAN_Extended/dn fold 0: config 8 (lr=0.0003, dropout=0.3) epoca 16: train_loss=0.1102 val_loss=0.5573 val_BA=0.500 mejor_epoca=16
2026-09-27 01:47:24,961 INFO FRAIWAN_Extended/dn fold 0: config 8 (lr=0.0003, dropout=0.3) epoca 18: train_loss=0.0923 val_loss=0.6214 val_BA=0.750 mejor_epoca=18
2026-09-27 01:47:25,157 INFO FRAIWAN_Extended/dn fold 0: config 8 (lr=0.0003, dropout=0.3) epoca 20: train_loss=0.0903 val_loss=0.7020 val_BA=0.500 mejor_epoca=18
2026-09-27 01:47:25,550 INFO FRAIWAN_Extended/dn fold 0: config 8 (lr=0.0003, dropout=0.3) epoca 24: train_loss=0.0845 val_loss=0.5660 val_BA=0.750 mejor_epoca=24
2026-09-27 01:47:26,268 INFO FRAIWAN_Extended/dn fold 0: config 8 (lr=0.0003, dropout=0.3) epoca 30: train_loss=0.0650 val_loss=0.6118 val_BA=0.750 mejor_epoca=24
2026-09-27 01:47:27,190 INFO FRAIWAN_Extended/dn fold 0 config 8: OK val_BA=0.750 mejor_epoca=24 (0.1 min)
2026-09-27 01:47:27,326 INFO FRAIWAN_Extended/dn fold 0: config 9 (lr=0.0003, dropout=0.4) epoca 1: train_loss=0.6801 val_loss=0.6724 val_BA=0.500 mejor_epoca=1
2026-09-27 01:47:27,787 INFO FRAIWAN_Extended/dn fold 0: config 9 (lr=0.0003, dropout=0.4) epoca 5: train_loss=0.2680 val_loss=0.6640 val_BA=0.500 mejor_epoca=5
2026-09-27 01:47:27,901 INFO FRAIWAN_Extended/dn fold 0: config 9 (lr=0.0003, dropout=0.4) epoca 6: train_loss=0.1905 val_loss=0.6181 val_BA=0.500 mejor_epoca=6
2026-09-27 01:47:28,017 INFO FRAIWAN_Extended/dn fold 0: config 9 (lr=0.0003, dropout=0.4) epoca 7: train_loss=0.1918 val_loss=0.5881 val_BA=0.500 mejor_epoca=7
2026-09-27 01:47:28,362 INFO FRAIWAN_Extended/dn fold 0: config 9 (lr=0.0003, dropout=0.4) epoca 10: train_loss=0.1117 val_loss=2.3264 val_BA=0.450 mejor_epoca=7
2026-09-27 01:47:28,592 INFO FRAIWAN_Extended/dn fold 0: config 9 (lr=0.0003, dropout=0.4) epoca 12: train_loss=0.0928 val_loss=0.7904 val_BA=0.650 mejor_epoca=12
2026-09-27 01:47:29,509 INFO FRAIWAN_Extended/dn fold 0: config 9 (lr=0.0003, dropout=0.4) epoca 20: train_loss=0.0514 val_loss=0.8061 val_BA=0.500 mejor_epoca=12
2026-09-27 01:47:30,358 INFO FRAIWAN_Extended/dn fold 0 config 9: OK val_BA=0.650 mejor_epoca=12 (0.1 min)
2026-09-27 01:47:30,543 INFO FRAIWAN_Extended/dn fold 0: config 10 (lr=0.0003, dropout=0.4) epoca 1: train_loss=0.6542 val_loss=0.6860 val_BA=0.500 mejor_epoca=1
2026-09-27 01:47:30,703 INFO FRAIWAN_Extended/dn fold 0: config 10 (lr=0.0003, dropout=0.4) epoca 2: train_loss=0.5538 val_loss=0.6715 val_BA=0.500 mejor_epoca=2
2026-09-27 01:47:30,851 INFO FRAIWAN_Extended/dn fold 0: config 10 (lr=0.0003, dropout=0.4) epoca 3: train_loss=0.4621 val_loss=0.6609 val_BA=0.500 mejor_epoca=3
2026-09-27 01:47:31,001 INFO FRAIWAN_Extended/dn fold 0: config 10 (lr=0.0003, dropout=0.4) epoca 4: train_loss=0.3656 val_loss=0.6264 val_BA=0.500 mejor_epoca=4
2026-09-27 01:47:31,293 INFO FRAIWAN_Extended/dn fold 0: config 10 (lr=0.0003, dropout=0.4) epoca 6: train_loss=0.1874 val_loss=0.8216 val_BA=0.650 mejor_epoca=6
2026-09-27 01:47:31,877 INFO FRAIWAN_Extended/dn fold 0: config 10 (lr=0.0003, dropout=0.4) epoca 10: train_loss=0.1048 val_loss=1.5621 val_BA=0.800 mejor_epoca=10
2026-09-27 01:47:33,367 INFO FRAIWAN_Extended/dn fold 0: config 10 (lr=0.0003, dropout=0.4) epoca 20: train_loss=0.0447 val_loss=0.6672 val_BA=0.500 mejor_epoca=10
2026-09-27 01:47:34,101 INFO FRAIWAN_Extended/dn fold 0 config 10: OK val_BA=0.800 mejor_epoca=10 (0.1 min)
2026-09-27 01:47:34,222 INFO FRAIWAN_Extended/dn fold 0: config 11 (lr=0.0003, dropout=0.5) epoca 1: train_loss=0.6337 val_loss=0.6954 val_BA=0.500 mejor_epoca=1
2026-09-27 01:47:34,321 INFO FRAIWAN_Extended/dn fold 0: config 11 (lr=0.0003, dropout=0.5) epoca 2: train_loss=0.4825 val_loss=0.6446 val_BA=0.500 mejor_epoca=2
2026-09-27 01:47:34,420 INFO FRAIWAN_Extended/dn fold 0: config 11 (lr=0.0003, dropout=0.5) epoca 3: train_loss=0.4252 val_loss=0.6160 val_BA=0.500 mejor_epoca=3
2026-09-27 01:47:34,518 INFO FRAIWAN_Extended/dn fold 0: config 11 (lr=0.0003, dropout=0.5) epoca 4: train_loss=0.3308 val_loss=0.5994 val_BA=0.500 mejor_epoca=4
2026-09-27 01:47:34,616 INFO FRAIWAN_Extended/dn fold 0: config 11 (lr=0.0003, dropout=0.5) epoca 5: train_loss=0.2958 val_loss=0.5858 val_BA=0.500 mejor_epoca=5
2026-09-27 01:47:34,716 INFO FRAIWAN_Extended/dn fold 0: config 11 (lr=0.0003, dropout=0.5) epoca 6: train_loss=0.2070 val_loss=0.5825 val_BA=0.500 mejor_epoca=6
2026-09-27 01:47:35,129 INFO FRAIWAN_Extended/dn fold 0: config 11 (lr=0.0003, dropout=0.5) epoca 10: train_loss=0.0977 val_loss=0.6228 val_BA=0.500 mejor_epoca=6
2026-09-27 01:47:36,169 INFO FRAIWAN_Extended/dn fold 0: config 11 (lr=0.0003, dropout=0.5) epoca 20: train_loss=0.0519 val_loss=0.7311 val_BA=0.500 mejor_epoca=6
2026-09-27 01:47:36,287 INFO FRAIWAN_Extended/dn fold 0 config 11: OK val_BA=0.500 mejor_epoca=6 (0.0 min)
2026-09-27 01:47:36,416 INFO FRAIWAN_Extended/dn fold 0: config 12 (lr=0.0003, dropout=0.5) epoca 1: train_loss=0.7066 val_loss=0.6863 val_BA=0.500 mejor_epoca=1
2026-09-27 01:47:36,525 INFO FRAIWAN_Extended/dn fold 0: config 12 (lr=0.0003, dropout=0.5) epoca 2: train_loss=0.5283 val_loss=0.6414 val_BA=0.500 mejor_epoca=2
2026-09-27 01:47:36,633 INFO FRAIWAN_Extended/dn fold 0: config 12 (lr=0.0003, dropout=0.5) epoca 3: train_loss=0.3919 val_loss=0.5982 val_BA=0.500 mejor_epoca=3
2026-09-27 01:47:36,743 INFO FRAIWAN_Extended/dn fold 0: config 12 (lr=0.0003, dropout=0.5) epoca 4: train_loss=0.3879 val_loss=0.5805 val_BA=0.500 mejor_epoca=4
2026-09-27 01:47:37,406 INFO FRAIWAN_Extended/dn fold 0: config 12 (lr=0.0003, dropout=0.5) epoca 10: train_loss=0.1076 val_loss=1.8355 val_BA=0.650 mejor_epoca=10
2026-09-27 01:47:37,736 INFO FRAIWAN_Extended/dn fold 0: config 12 (lr=0.0003, dropout=0.5) epoca 13: train_loss=0.1016 val_loss=3.1022 val_BA=0.700 mejor_epoca=13
2026-09-27 01:47:38,507 INFO FRAIWAN_Extended/dn fold 0: config 12 (lr=0.0003, dropout=0.5) epoca 20: train_loss=0.0473 val_loss=1.1188 val_BA=0.550 mejor_epoca=13
2026-09-27 01:47:38,617 INFO FRAIWAN_Extended/dn fold 0: config 12 (lr=0.0003, dropout=0.5) epoca 21: train_loss=0.0525 val_loss=0.6623 val_BA=0.750 mejor_epoca=21
2026-09-27 01:47:39,598 INFO FRAIWAN_Extended/dn fold 0: config 12 (lr=0.0003, dropout=0.5) epoca 30: train_loss=0.0324 val_loss=0.9854 val_BA=0.550 mejor_epoca=21
2026-09-27 01:47:39,820 INFO FRAIWAN_Extended/dn fold 0: config 12 (lr=0.0003, dropout=0.5) epoca 32: train_loss=0.0312 val_loss=0.6438 val_BA=0.750 mejor_epoca=32
2026-09-27 01:47:39,932 INFO FRAIWAN_Extended/dn fold 0: config 12 (lr=0.0003, dropout=0.5) epoca 33: train_loss=0.0228 val_loss=0.6101 val_BA=0.750 mejor_epoca=33
2026-09-27 01:47:40,690 INFO FRAIWAN_Extended/dn fold 0: config 12 (lr=0.0003, dropout=0.5) epoca 40: train_loss=0.0212 val_loss=0.6925 val_BA=0.750 mejor_epoca=33
2026-09-27 01:47:41,597 INFO FRAIWAN_Extended/dn fold 0 config 12: OK val_BA=0.750 mejor_epoca=33 (0.1 min)
2026-09-27 01:47:41,764 INFO FRAIWAN_Extended/dn fold 0: config 13 (lr=0.001, dropout=0.2) epoca 1: train_loss=0.7201 val_loss=0.7140 val_BA=0.500 mejor_epoca=1
2026-09-27 01:47:41,908 INFO FRAIWAN_Extended/dn fold 0: config 13 (lr=0.001, dropout=0.2) epoca 2: train_loss=0.4696 val_loss=0.5351 val_BA=0.500 mejor_epoca=2
2026-09-27 01:47:42,047 INFO FRAIWAN_Extended/dn fold 0: config 13 (lr=0.001, dropout=0.2) epoca 3: train_loss=0.4245 val_loss=0.5009 val_BA=0.650 mejor_epoca=3
2026-09-27 01:47:42,187 INFO FRAIWAN_Extended/dn fold 0: config 13 (lr=0.001, dropout=0.2) epoca 4: train_loss=0.4119 val_loss=0.8738 val_BA=0.750 mejor_epoca=4
2026-09-27 01:47:43,051 INFO FRAIWAN_Extended/dn fold 0: config 13 (lr=0.001, dropout=0.2) epoca 10: train_loss=0.2968 val_loss=0.7137 val_BA=0.650 mejor_epoca=4
2026-09-27 01:47:43,194 INFO FRAIWAN_Extended/dn fold 0: config 13 (lr=0.001, dropout=0.2) epoca 11: train_loss=0.1890 val_loss=0.4708 val_BA=0.750 mejor_epoca=11
2026-09-27 01:47:44,527 INFO FRAIWAN_Extended/dn fold 0: config 13 (lr=0.001, dropout=0.2) epoca 20: train_loss=0.0525 val_loss=1.6209 val_BA=0.650 mejor_epoca=11
2026-09-27 01:47:45,404 INFO FRAIWAN_Extended/dn fold 0 config 13: OK val_BA=0.750 mejor_epoca=11 (0.1 min)
2026-09-27 01:47:45,526 INFO FRAIWAN_Extended/dn fold 0: config 14 (lr=0.001, dropout=0.3) epoca 1: train_loss=0.6492 val_loss=0.6945 val_BA=0.500 mejor_epoca=1
2026-09-27 01:47:45,625 INFO FRAIWAN_Extended/dn fold 0: config 14 (lr=0.001, dropout=0.3) epoca 2: train_loss=0.6305 val_loss=0.6487 val_BA=0.500 mejor_epoca=2
2026-09-27 01:47:45,725 INFO FRAIWAN_Extended/dn fold 0: config 14 (lr=0.001, dropout=0.3) epoca 3: train_loss=0.4249 val_loss=0.5892 val_BA=0.500 mejor_epoca=3
2026-09-27 01:47:45,824 INFO FRAIWAN_Extended/dn fold 0: config 14 (lr=0.001, dropout=0.3) epoca 4: train_loss=0.3184 val_loss=0.5754 val_BA=0.500 mejor_epoca=4
2026-09-27 01:47:46,439 INFO FRAIWAN_Extended/dn fold 0: config 14 (lr=0.001, dropout=0.3) epoca 10: train_loss=0.1061 val_loss=0.7076 val_BA=0.750 mejor_epoca=10
2026-09-27 01:47:46,543 INFO FRAIWAN_Extended/dn fold 0: config 14 (lr=0.001, dropout=0.3) epoca 11: train_loss=0.1016 val_loss=0.6645 val_BA=0.750 mejor_epoca=11
2026-09-27 01:47:47,491 INFO FRAIWAN_Extended/dn fold 0: config 14 (lr=0.001, dropout=0.3) epoca 20: train_loss=0.0739 val_loss=1.2689 val_BA=0.650 mejor_epoca=11
2026-09-27 01:47:48,118 INFO FRAIWAN_Extended/dn fold 0 config 14: OK val_BA=0.750 mejor_epoca=11 (0.0 min)
2026-09-27 01:47:48,254 INFO FRAIWAN_Extended/dn fold 0: config 15 (lr=0.001, dropout=0.3) epoca 1: train_loss=0.6166 val_loss=0.6070 val_BA=0.500 mejor_epoca=1
2026-09-27 01:47:48,367 INFO FRAIWAN_Extended/dn fold 0: config 15 (lr=0.001, dropout=0.3) epoca 2: train_loss=0.4611 val_loss=0.5723 val_BA=0.500 mejor_epoca=2
2026-09-27 01:47:48,480 INFO FRAIWAN_Extended/dn fold 0: config 15 (lr=0.001, dropout=0.3) epoca 3: train_loss=0.3755 val_loss=0.5387 val_BA=0.500 mejor_epoca=3
2026-09-27 01:47:49,057 INFO FRAIWAN_Extended/dn fold 0: config 15 (lr=0.001, dropout=0.3) epoca 8: train_loss=0.1162 val_loss=0.9967 val_BA=0.750 mejor_epoca=8
2026-09-27 01:47:49,166 INFO FRAIWAN_Extended/dn fold 0: config 15 (lr=0.001, dropout=0.3) epoca 9: train_loss=0.1160 val_loss=0.6761 val_BA=0.750 mejor_epoca=9
2026-09-27 01:47:49,273 INFO FRAIWAN_Extended/dn fold 0: config 15 (lr=0.001, dropout=0.3) epoca 10: train_loss=0.1274 val_loss=0.8254 val_BA=0.500 mejor_epoca=9
2026-09-27 01:47:50,396 INFO FRAIWAN_Extended/dn fold 0: config 15 (lr=0.001, dropout=0.3) epoca 20: train_loss=0.0318 val_loss=0.9870 val_BA=0.500 mejor_epoca=9
2026-09-27 01:47:50,880 INFO FRAIWAN_Extended/dn fold 0 config 15: OK val_BA=0.750 mejor_epoca=9 (0.0 min)
2026-09-27 01:47:51,053 INFO FRAIWAN_Extended/dn fold 0: config 16 (lr=0.001, dropout=0.4) epoca 1: train_loss=0.6540 val_loss=0.7684 val_BA=0.500 mejor_epoca=1
2026-09-27 01:47:51,203 INFO FRAIWAN_Extended/dn fold 0: config 16 (lr=0.001, dropout=0.4) epoca 2: train_loss=0.4929 val_loss=0.5353 val_BA=0.650 mejor_epoca=2
2026-09-27 01:47:52,246 INFO FRAIWAN_Extended/dn fold 0: config 16 (lr=0.001, dropout=0.4) epoca 9: train_loss=0.3858 val_loss=0.6370 val_BA=0.750 mejor_epoca=9
2026-09-27 01:47:52,395 INFO FRAIWAN_Extended/dn fold 0: config 16 (lr=0.001, dropout=0.4) epoca 10: train_loss=0.1884 val_loss=1.0532 val_BA=0.550 mejor_epoca=9
2026-09-27 01:47:53,939 INFO FRAIWAN_Extended/dn fold 0: config 16 (lr=0.001, dropout=0.4) epoca 20: train_loss=0.0602 val_loss=0.7075 val_BA=0.750 mejor_epoca=9
2026-09-27 01:47:54,569 INFO FRAIWAN_Extended/dn fold 0 config 16: OK val_BA=0.750 mejor_epoca=9 (0.1 min)
2026-09-27 01:47:54,700 INFO FRAIWAN_Extended/dn fold 0: config 17 (lr=0.001, dropout=0.5) epoca 1: train_loss=0.6033 val_loss=0.6263 val_BA=0.500 mejor_epoca=1
2026-09-27 01:47:54,808 INFO FRAIWAN_Extended/dn fold 0: config 17 (lr=0.001, dropout=0.5) epoca 2: train_loss=0.4727 val_loss=0.5747 val_BA=0.500 mejor_epoca=2
2026-09-27 01:47:55,346 INFO FRAIWAN_Extended/dn fold 0: config 17 (lr=0.001, dropout=0.5) epoca 7: train_loss=0.2204 val_loss=0.5053 val_BA=0.750 mejor_epoca=7
2026-09-27 01:47:55,671 INFO FRAIWAN_Extended/dn fold 0: config 17 (lr=0.001, dropout=0.5) epoca 10: train_loss=0.1715 val_loss=0.5560 val_BA=0.800 mejor_epoca=10
2026-09-27 01:47:56,758 INFO FRAIWAN_Extended/dn fold 0: config 17 (lr=0.001, dropout=0.5) epoca 20: train_loss=0.1369 val_loss=2.3679 val_BA=0.550 mejor_epoca=10
2026-09-27 01:47:57,320 INFO FRAIWAN_Extended/dn fold 0 config 17: OK val_BA=0.800 mejor_epoca=10 (0.0 min)
2026-09-27 01:47:57,442 INFO FRAIWAN_Extended/dn fold 0: config 18 (lr=0.001, dropout=0.5) epoca 1: train_loss=0.7579 val_loss=0.6301 val_BA=0.500 mejor_epoca=1
2026-09-27 01:47:57,540 INFO FRAIWAN_Extended/dn fold 0: config 18 (lr=0.001, dropout=0.5) epoca 2: train_loss=0.5270 val_loss=0.5738 val_BA=0.500 mejor_epoca=2
2026-09-27 01:47:58,138 INFO FRAIWAN_Extended/dn fold 0: config 18 (lr=0.001, dropout=0.5) epoca 8: train_loss=0.1693 val_loss=0.5414 val_BA=0.500 mejor_epoca=8
2026-09-27 01:47:58,341 INFO FRAIWAN_Extended/dn fold 0: config 18 (lr=0.001, dropout=0.5) epoca 10: train_loss=0.1362 val_loss=1.0465 val_BA=0.500 mejor_epoca=8
2026-09-27 01:47:58,768 INFO FRAIWAN_Extended/dn fold 0: config 18 (lr=0.001, dropout=0.5) epoca 14: train_loss=0.0785 val_loss=0.8195 val_BA=0.750 mejor_epoca=14
2026-09-27 01:47:59,378 INFO FRAIWAN_Extended/dn fold 0: config 18 (lr=0.001, dropout=0.5) epoca 20: train_loss=0.1055 val_loss=1.2583 val_BA=0.550 mejor_epoca=14
2026-09-27 01:47:59,483 INFO FRAIWAN_Extended/dn fold 0: config 18 (lr=0.001, dropout=0.5) epoca 21: train_loss=0.0939 val_loss=0.7154 val_BA=0.750 mejor_epoca=21
2026-09-27 01:48:00,391 INFO FRAIWAN_Extended/dn fold 0: config 18 (lr=0.001, dropout=0.5) epoca 30: train_loss=0.0158 val_loss=1.0464 val_BA=0.500 mejor_epoca=21
2026-09-27 01:48:01,039 INFO FRAIWAN_Extended/dn fold 0 config 18: OK val_BA=0.750 mejor_epoca=21 (0.1 min)
2026-09-27 01:48:01,162 INFO FRAIWAN_Extended/dn fold 0: config 19 (lr=0.001, dropout=0.5) epoca 1: train_loss=0.6704 val_loss=0.6729 val_BA=0.500 mejor_epoca=1
2026-09-27 01:48:01,262 INFO FRAIWAN_Extended/dn fold 0: config 19 (lr=0.001, dropout=0.5) epoca 2: train_loss=0.4956 val_loss=0.6118 val_BA=0.500 mejor_epoca=2
2026-09-27 01:48:01,362 INFO FRAIWAN_Extended/dn fold 0: config 19 (lr=0.001, dropout=0.5) epoca 3: train_loss=0.4620 val_loss=0.5794 val_BA=0.500 mejor_epoca=3
2026-09-27 01:48:02,064 INFO FRAIWAN_Extended/dn fold 0: config 19 (lr=0.001, dropout=0.5) epoca 10: train_loss=0.1041 val_loss=1.0895 val_BA=0.500 mejor_epoca=3
2026-09-27 01:48:02,772 INFO FRAIWAN_Extended/dn fold 0: config 19 (lr=0.001, dropout=0.5) epoca 17: train_loss=0.0365 val_loss=0.7292 val_BA=0.750 mejor_epoca=17
2026-09-27 01:48:03,077 INFO FRAIWAN_Extended/dn fold 0: config 19 (lr=0.001, dropout=0.5) epoca 20: train_loss=0.0457 val_loss=0.8633 val_BA=0.750 mejor_epoca=17
2026-09-27 01:48:04,084 INFO FRAIWAN_Extended/dn fold 0: config 19 (lr=0.001, dropout=0.5) epoca 30: train_loss=0.0598 val_loss=1.3502 val_BA=0.500 mejor_epoca=17
2026-09-27 01:48:04,312 INFO FRAIWAN_Extended/dn fold 0 config 19: OK val_BA=0.750 mejor_epoca=17 (0.1 min)
2026-09-27 01:48:04,360 INFO FRAIWAN_Extended/dn fold 1: log-mel dn listo en 0.0 s, forma (187, 1, 64, 309)
2026-09-27 01:48:04,366 INFO FRAIWAN_Extended/dn fold 1: 27/7 pacientes train/validation, 20 de 20 configuracion(es) por evaluar
2026-09-27 01:48:04,546 INFO FRAIWAN_Extended/dn fold 1: config 0 (lr=0.0001, dropout=0.3) epoca 1: train_loss=0.6649 val_loss=0.6486 val_BA=0.500 mejor_epoca=1
2026-09-27 01:48:04,686 INFO FRAIWAN_Extended/dn fold 1: config 0 (lr=0.0001, dropout=0.3) epoca 2: train_loss=0.5555 val_loss=0.6342 val_BA=0.500 mejor_epoca=2
2026-09-27 01:48:04,822 INFO FRAIWAN_Extended/dn fold 1: config 0 (lr=0.0001, dropout=0.3) epoca 3: train_loss=0.4582 val_loss=0.5877 val_BA=0.500 mejor_epoca=3
2026-09-27 01:48:04,957 INFO FRAIWAN_Extended/dn fold 1: config 0 (lr=0.0001, dropout=0.3) epoca 4: train_loss=0.3606 val_loss=0.5699 val_BA=0.500 mejor_epoca=4
2026-09-27 01:48:05,632 INFO FRAIWAN_Extended/dn fold 1: config 0 (lr=0.0001, dropout=0.3) epoca 9: train_loss=0.1340 val_loss=0.5863 val_BA=0.650 mejor_epoca=9
2026-09-27 01:48:05,765 INFO FRAIWAN_Extended/dn fold 1: config 0 (lr=0.0001, dropout=0.3) epoca 10: train_loss=0.1173 val_loss=0.5977 val_BA=0.500 mejor_epoca=9
2026-09-27 01:48:06,691 INFO FRAIWAN_Extended/dn fold 1: config 0 (lr=0.0001, dropout=0.3) epoca 17: train_loss=0.0970 val_loss=0.6231 val_BA=0.900 mejor_epoca=17
2026-09-27 01:48:07,073 INFO FRAIWAN_Extended/dn fold 1: config 0 (lr=0.0001, dropout=0.3) epoca 20: train_loss=0.0823 val_loss=0.6645 val_BA=0.500 mejor_epoca=17
2026-09-27 01:48:08,414 INFO FRAIWAN_Extended/dn fold 1: config 0 (lr=0.0001, dropout=0.3) epoca 30: train_loss=0.0654 val_loss=0.6745 val_BA=0.500 mejor_epoca=17
2026-09-27 01:48:08,703 INFO FRAIWAN_Extended/dn fold 1 config 0: OK val_BA=0.900 mejor_epoca=17 (0.1 min)
2026-09-27 01:48:08,821 INFO FRAIWAN_Extended/dn fold 1: config 1 (lr=0.0001, dropout=0.3) epoca 1: train_loss=0.6761 val_loss=0.7070 val_BA=0.500 mejor_epoca=1
2026-09-27 01:48:08,919 INFO FRAIWAN_Extended/dn fold 1: config 1 (lr=0.0001, dropout=0.3) epoca 2: train_loss=0.5729 val_loss=0.6997 val_BA=0.500 mejor_epoca=2
2026-09-27 01:48:09,017 INFO FRAIWAN_Extended/dn fold 1: config 1 (lr=0.0001, dropout=0.3) epoca 3: train_loss=0.5015 val_loss=0.6893 val_BA=0.500 mejor_epoca=3
2026-09-27 01:48:09,114 INFO FRAIWAN_Extended/dn fold 1: config 1 (lr=0.0001, dropout=0.3) epoca 4: train_loss=0.4542 val_loss=0.6786 val_BA=0.500 mejor_epoca=4
2026-09-27 01:48:09,211 INFO FRAIWAN_Extended/dn fold 1: config 1 (lr=0.0001, dropout=0.3) epoca 5: train_loss=0.3876 val_loss=0.6727 val_BA=0.500 mejor_epoca=5
2026-09-27 01:48:09,307 INFO FRAIWAN_Extended/dn fold 1: config 1 (lr=0.0001, dropout=0.3) epoca 6: train_loss=0.3318 val_loss=0.6663 val_BA=0.500 mejor_epoca=6
2026-09-27 01:48:09,404 INFO FRAIWAN_Extended/dn fold 1: config 1 (lr=0.0001, dropout=0.3) epoca 7: train_loss=0.2994 val_loss=0.6609 val_BA=0.500 mejor_epoca=7
2026-09-27 01:48:09,501 INFO FRAIWAN_Extended/dn fold 1: config 1 (lr=0.0001, dropout=0.3) epoca 8: train_loss=0.2514 val_loss=0.6502 val_BA=0.500 mejor_epoca=8
2026-09-27 01:48:09,599 INFO FRAIWAN_Extended/dn fold 1: config 1 (lr=0.0001, dropout=0.3) epoca 9: train_loss=0.2219 val_loss=0.6323 val_BA=0.500 mejor_epoca=9
2026-09-27 01:48:09,696 INFO FRAIWAN_Extended/dn fold 1: config 1 (lr=0.0001, dropout=0.3) epoca 10: train_loss=0.2056 val_loss=0.6226 val_BA=0.500 mejor_epoca=10
2026-09-27 01:48:09,794 INFO FRAIWAN_Extended/dn fold 1: config 1 (lr=0.0001, dropout=0.3) epoca 11: train_loss=0.1844 val_loss=0.6072 val_BA=0.500 mejor_epoca=11
2026-09-27 01:48:09,892 INFO FRAIWAN_Extended/dn fold 1: config 1 (lr=0.0001, dropout=0.3) epoca 12: train_loss=0.1708 val_loss=0.5952 val_BA=0.500 mejor_epoca=12
2026-09-27 01:48:09,989 INFO FRAIWAN_Extended/dn fold 1: config 1 (lr=0.0001, dropout=0.3) epoca 13: train_loss=0.1560 val_loss=0.5888 val_BA=0.500 mejor_epoca=13
2026-09-27 01:48:10,091 INFO FRAIWAN_Extended/dn fold 1: config 1 (lr=0.0001, dropout=0.3) epoca 14: train_loss=0.1394 val_loss=0.5830 val_BA=0.500 mejor_epoca=14
2026-09-27 01:48:10,194 INFO FRAIWAN_Extended/dn fold 1: config 1 (lr=0.0001, dropout=0.3) epoca 15: train_loss=0.1281 val_loss=0.5737 val_BA=0.500 mejor_epoca=15
2026-09-27 01:48:10,297 INFO FRAIWAN_Extended/dn fold 1: config 1 (lr=0.0001, dropout=0.3) epoca 16: train_loss=0.1302 val_loss=0.5636 val_BA=0.500 mejor_epoca=16
2026-09-27 01:48:10,693 INFO FRAIWAN_Extended/dn fold 1: config 1 (lr=0.0001, dropout=0.3) epoca 20: train_loss=0.1114 val_loss=0.5887 val_BA=0.500 mejor_epoca=16
2026-09-27 01:48:10,987 INFO FRAIWAN_Extended/dn fold 1: config 1 (lr=0.0001, dropout=0.3) epoca 23: train_loss=0.1043 val_loss=0.6245 val_BA=0.650 mejor_epoca=23
2026-09-27 01:48:11,668 INFO FRAIWAN_Extended/dn fold 1: config 1 (lr=0.0001, dropout=0.3) epoca 30: train_loss=0.1050 val_loss=0.6601 val_BA=0.500 mejor_epoca=23
2026-09-27 01:48:12,248 INFO FRAIWAN_Extended/dn fold 1: config 1 (lr=0.0001, dropout=0.3) epoca 36: train_loss=0.0882 val_loss=0.5609 val_BA=0.650 mejor_epoca=36
2026-09-27 01:48:12,343 INFO FRAIWAN_Extended/dn fold 1: config 1 (lr=0.0001, dropout=0.3) epoca 37: train_loss=0.0877 val_loss=0.5471 val_BA=0.650 mejor_epoca=37
2026-09-27 01:48:12,633 INFO FRAIWAN_Extended/dn fold 1: config 1 (lr=0.0001, dropout=0.3) epoca 40: train_loss=0.0841 val_loss=0.5961 val_BA=0.500 mejor_epoca=37
2026-09-27 01:48:13,303 INFO FRAIWAN_Extended/dn fold 1: config 1 (lr=0.0001, dropout=0.3) epoca 47: train_loss=0.0776 val_loss=0.6536 val_BA=0.900 mejor_epoca=47
2026-09-27 01:48:13,593 INFO FRAIWAN_Extended/dn fold 1: config 1 (lr=0.0001, dropout=0.3) epoca 50: train_loss=0.0725 val_loss=0.5974 val_BA=0.400 mejor_epoca=47
2026-09-27 01:48:14,568 INFO FRAIWAN_Extended/dn fold 1: config 1 (lr=0.0001, dropout=0.3) epoca 60: train_loss=0.0974 val_loss=0.5707 val_BA=0.500 mejor_epoca=47
2026-09-27 01:48:14,782 INFO FRAIWAN_Extended/dn fold 1 config 1: OK val_BA=0.900 mejor_epoca=47 (0.1 min)
2026-09-27 01:48:14,910 INFO FRAIWAN_Extended/dn fold 1: config 2 (lr=0.0001, dropout=0.4) epoca 1: train_loss=0.6592 val_loss=0.6748 val_BA=0.500 mejor_epoca=1
2026-09-27 01:48:15,016 INFO FRAIWAN_Extended/dn fold 1: config 2 (lr=0.0001, dropout=0.4) epoca 2: train_loss=0.4703 val_loss=0.6553 val_BA=0.500 mejor_epoca=2
2026-09-27 01:48:15,121 INFO FRAIWAN_Extended/dn fold 1: config 2 (lr=0.0001, dropout=0.4) epoca 3: train_loss=0.4753 val_loss=0.6394 val_BA=0.500 mejor_epoca=3
2026-09-27 01:48:15,233 INFO FRAIWAN_Extended/dn fold 1: config 2 (lr=0.0001, dropout=0.4) epoca 4: train_loss=0.3359 val_loss=0.6210 val_BA=0.500 mejor_epoca=4
2026-09-27 01:48:15,347 INFO FRAIWAN_Extended/dn fold 1: config 2 (lr=0.0001, dropout=0.4) epoca 5: train_loss=0.2576 val_loss=0.6017 val_BA=0.500 mejor_epoca=5
2026-09-27 01:48:15,462 INFO FRAIWAN_Extended/dn fold 1: config 2 (lr=0.0001, dropout=0.4) epoca 6: train_loss=0.2402 val_loss=0.5939 val_BA=0.500 mejor_epoca=6
2026-09-27 01:48:15,574 INFO FRAIWAN_Extended/dn fold 1: config 2 (lr=0.0001, dropout=0.4) epoca 7: train_loss=0.1798 val_loss=0.5883 val_BA=0.500 mejor_epoca=7
2026-09-27 01:48:15,686 INFO FRAIWAN_Extended/dn fold 1: config 2 (lr=0.0001, dropout=0.4) epoca 8: train_loss=0.1689 val_loss=0.5790 val_BA=0.500 mejor_epoca=8
2026-09-27 01:48:15,909 INFO FRAIWAN_Extended/dn fold 1: config 2 (lr=0.0001, dropout=0.4) epoca 10: train_loss=0.1113 val_loss=0.5970 val_BA=0.500 mejor_epoca=8
2026-09-27 01:48:17,050 INFO FRAIWAN_Extended/dn fold 1: config 2 (lr=0.0001, dropout=0.4) epoca 20: train_loss=0.0734 val_loss=0.5668 val_BA=0.500 mejor_epoca=20
2026-09-27 01:48:18,194 INFO FRAIWAN_Extended/dn fold 1: config 2 (lr=0.0001, dropout=0.4) epoca 30: train_loss=0.0673 val_loss=0.6208 val_BA=0.500 mejor_epoca=20
2026-09-27 01:48:18,450 INFO FRAIWAN_Extended/dn fold 1: config 2 (lr=0.0001, dropout=0.4) epoca 32: train_loss=0.0524 val_loss=0.5610 val_BA=0.500 mejor_epoca=32
2026-09-27 01:48:19,371 INFO FRAIWAN_Extended/dn fold 1: config 2 (lr=0.0001, dropout=0.4) epoca 40: train_loss=0.0417 val_loss=0.6096 val_BA=0.500 mejor_epoca=32
2026-09-27 01:48:20,157 INFO FRAIWAN_Extended/dn fold 1 config 2: OK val_BA=0.500 mejor_epoca=32 (0.1 min)
2026-09-27 01:48:20,317 INFO FRAIWAN_Extended/dn fold 1: config 3 (lr=0.0001, dropout=0.4) epoca 1: train_loss=0.6957 val_loss=0.7076 val_BA=0.500 mejor_epoca=1
2026-09-27 01:48:20,448 INFO FRAIWAN_Extended/dn fold 1: config 3 (lr=0.0001, dropout=0.4) epoca 2: train_loss=0.5664 val_loss=0.6913 val_BA=0.750 mejor_epoca=2
2026-09-27 01:48:21,523 INFO FRAIWAN_Extended/dn fold 1: config 3 (lr=0.0001, dropout=0.4) epoca 10: train_loss=0.1217 val_loss=0.6522 val_BA=0.400 mejor_epoca=2
2026-09-27 01:48:22,915 INFO FRAIWAN_Extended/dn fold 1: config 3 (lr=0.0001, dropout=0.4) epoca 20: train_loss=0.0853 val_loss=0.6679 val_BA=0.500 mejor_epoca=2
2026-09-27 01:48:22,933 INFO FRAIWAN_Extended/dn fold 1 config 3: OK val_BA=0.750 mejor_epoca=2 (0.0 min)
2026-09-27 01:48:23,063 INFO FRAIWAN_Extended/dn fold 1: config 4 (lr=0.0001, dropout=0.4) epoca 1: train_loss=0.7022 val_loss=0.6977 val_BA=0.500 mejor_epoca=1
2026-09-27 01:48:23,171 INFO FRAIWAN_Extended/dn fold 1: config 4 (lr=0.0001, dropout=0.4) epoca 2: train_loss=0.5272 val_loss=0.6948 val_BA=0.500 mejor_epoca=2
2026-09-27 01:48:23,280 INFO FRAIWAN_Extended/dn fold 1: config 4 (lr=0.0001, dropout=0.4) epoca 3: train_loss=0.4419 val_loss=0.6910 val_BA=0.500 mejor_epoca=3
2026-09-27 01:48:23,387 INFO FRAIWAN_Extended/dn fold 1: config 4 (lr=0.0001, dropout=0.4) epoca 4: train_loss=0.3677 val_loss=0.6876 val_BA=0.500 mejor_epoca=4
2026-09-27 01:48:23,494 INFO FRAIWAN_Extended/dn fold 1: config 4 (lr=0.0001, dropout=0.4) epoca 5: train_loss=0.3290 val_loss=0.6645 val_BA=0.500 mejor_epoca=5
2026-09-27 01:48:23,600 INFO FRAIWAN_Extended/dn fold 1: config 4 (lr=0.0001, dropout=0.4) epoca 6: train_loss=0.2732 val_loss=0.6442 val_BA=0.500 mejor_epoca=6
2026-09-27 01:48:23,706 INFO FRAIWAN_Extended/dn fold 1: config 4 (lr=0.0001, dropout=0.4) epoca 7: train_loss=0.2283 val_loss=0.6250 val_BA=0.500 mejor_epoca=7
2026-09-27 01:48:23,816 INFO FRAIWAN_Extended/dn fold 1: config 4 (lr=0.0001, dropout=0.4) epoca 8: train_loss=0.2060 val_loss=0.6075 val_BA=0.500 mejor_epoca=8
2026-09-27 01:48:23,925 INFO FRAIWAN_Extended/dn fold 1: config 4 (lr=0.0001, dropout=0.4) epoca 9: train_loss=0.1788 val_loss=0.5714 val_BA=0.500 mejor_epoca=9
2026-09-27 01:48:24,034 INFO FRAIWAN_Extended/dn fold 1: config 4 (lr=0.0001, dropout=0.4) epoca 10: train_loss=0.1540 val_loss=0.5868 val_BA=0.500 mejor_epoca=9
2026-09-27 01:48:24,142 INFO FRAIWAN_Extended/dn fold 1: config 4 (lr=0.0001, dropout=0.4) epoca 11: train_loss=0.1426 val_loss=0.5697 val_BA=0.500 mejor_epoca=11
2026-09-27 01:48:24,359 INFO FRAIWAN_Extended/dn fold 1: config 4 (lr=0.0001, dropout=0.4) epoca 13: train_loss=0.1331 val_loss=0.6449 val_BA=0.650 mejor_epoca=13
2026-09-27 01:48:24,467 INFO FRAIWAN_Extended/dn fold 1: config 4 (lr=0.0001, dropout=0.4) epoca 14: train_loss=0.1193 val_loss=0.5855 val_BA=0.750 mejor_epoca=14
2026-09-27 01:48:24,683 INFO FRAIWAN_Extended/dn fold 1: config 4 (lr=0.0001, dropout=0.4) epoca 16: train_loss=0.1223 val_loss=0.5540 val_BA=0.750 mejor_epoca=16
2026-09-27 01:48:25,114 INFO FRAIWAN_Extended/dn fold 1: config 4 (lr=0.0001, dropout=0.4) epoca 20: train_loss=0.1137 val_loss=0.5996 val_BA=0.500 mejor_epoca=16
2026-09-27 01:48:25,325 INFO FRAIWAN_Extended/dn fold 1: config 4 (lr=0.0001, dropout=0.4) epoca 22: train_loss=0.1224 val_loss=0.5535 val_BA=0.750 mejor_epoca=22
2026-09-27 01:48:26,169 INFO FRAIWAN_Extended/dn fold 1: config 4 (lr=0.0001, dropout=0.4) epoca 30: train_loss=0.1241 val_loss=0.5856 val_BA=0.500 mejor_epoca=22
2026-09-27 01:48:26,618 INFO FRAIWAN_Extended/dn fold 1: config 4 (lr=0.0001, dropout=0.4) epoca 34: train_loss=0.0835 val_loss=0.5474 val_BA=0.750 mejor_epoca=34
2026-09-27 01:48:27,261 INFO FRAIWAN_Extended/dn fold 1: config 4 (lr=0.0001, dropout=0.4) epoca 40: train_loss=0.1050 val_loss=0.5806 val_BA=0.500 mejor_epoca=34
2026-09-27 01:48:28,245 INFO FRAIWAN_Extended/dn fold 1 config 4: OK val_BA=0.750 mejor_epoca=34 (0.1 min)
2026-09-27 01:48:28,365 INFO FRAIWAN_Extended/dn fold 1: config 5 (lr=0.0001, dropout=0.4) epoca 1: train_loss=0.7488 val_loss=0.6716 val_BA=0.500 mejor_epoca=1
2026-09-27 01:48:28,463 INFO FRAIWAN_Extended/dn fold 1: config 5 (lr=0.0001, dropout=0.4) epoca 2: train_loss=0.5586 val_loss=0.6671 val_BA=0.500 mejor_epoca=2
2026-09-27 01:48:28,561 INFO FRAIWAN_Extended/dn fold 1: config 5 (lr=0.0001, dropout=0.4) epoca 3: train_loss=0.4621 val_loss=0.6607 val_BA=0.500 mejor_epoca=3
2026-09-27 01:48:28,658 INFO FRAIWAN_Extended/dn fold 1: config 5 (lr=0.0001, dropout=0.4) epoca 4: train_loss=0.4189 val_loss=0.6552 val_BA=0.500 mejor_epoca=4
2026-09-27 01:48:28,755 INFO FRAIWAN_Extended/dn fold 1: config 5 (lr=0.0001, dropout=0.4) epoca 5: train_loss=0.3612 val_loss=0.6518 val_BA=0.500 mejor_epoca=5
2026-09-27 01:48:28,853 INFO FRAIWAN_Extended/dn fold 1: config 5 (lr=0.0001, dropout=0.4) epoca 6: train_loss=0.3119 val_loss=0.6466 val_BA=0.500 mejor_epoca=6
2026-09-27 01:48:29,046 INFO FRAIWAN_Extended/dn fold 1: config 5 (lr=0.0001, dropout=0.4) epoca 8: train_loss=0.2300 val_loss=0.6413 val_BA=0.500 mejor_epoca=8
2026-09-27 01:48:29,143 INFO FRAIWAN_Extended/dn fold 1: config 5 (lr=0.0001, dropout=0.4) epoca 9: train_loss=0.2012 val_loss=0.6346 val_BA=0.500 mejor_epoca=9
2026-09-27 01:48:29,239 INFO FRAIWAN_Extended/dn fold 1: config 5 (lr=0.0001, dropout=0.4) epoca 10: train_loss=0.1763 val_loss=0.6334 val_BA=0.500 mejor_epoca=10
2026-09-27 01:48:29,336 INFO FRAIWAN_Extended/dn fold 1: config 5 (lr=0.0001, dropout=0.4) epoca 11: train_loss=0.1637 val_loss=0.6237 val_BA=0.500 mejor_epoca=11
2026-09-27 01:48:29,434 INFO FRAIWAN_Extended/dn fold 1: config 5 (lr=0.0001, dropout=0.4) epoca 12: train_loss=0.1364 val_loss=0.6130 val_BA=0.500 mejor_epoca=12
2026-09-27 01:48:29,531 INFO FRAIWAN_Extended/dn fold 1: config 5 (lr=0.0001, dropout=0.4) epoca 13: train_loss=0.1351 val_loss=0.6040 val_BA=0.500 mejor_epoca=13
2026-09-27 01:48:29,629 INFO FRAIWAN_Extended/dn fold 1: config 5 (lr=0.0001, dropout=0.4) epoca 14: train_loss=0.1123 val_loss=0.5847 val_BA=0.500 mejor_epoca=14
2026-09-27 01:48:29,927 INFO FRAIWAN_Extended/dn fold 1: config 5 (lr=0.0001, dropout=0.4) epoca 17: train_loss=0.0888 val_loss=0.5786 val_BA=0.500 mejor_epoca=17
2026-09-27 01:48:30,226 INFO FRAIWAN_Extended/dn fold 1: config 5 (lr=0.0001, dropout=0.4) epoca 20: train_loss=0.0835 val_loss=0.6740 val_BA=0.500 mejor_epoca=17
2026-09-27 01:48:30,421 INFO FRAIWAN_Extended/dn fold 1: config 5 (lr=0.0001, dropout=0.4) epoca 22: train_loss=0.0762 val_loss=0.6715 val_BA=0.650 mejor_epoca=22
2026-09-27 01:48:31,200 INFO FRAIWAN_Extended/dn fold 1: config 5 (lr=0.0001, dropout=0.4) epoca 30: train_loss=0.0643 val_loss=0.6501 val_BA=0.500 mejor_epoca=22
2026-09-27 01:48:31,904 INFO FRAIWAN_Extended/dn fold 1 config 5: OK val_BA=0.650 mejor_epoca=22 (0.1 min)
2026-09-27 01:48:32,055 INFO FRAIWAN_Extended/dn fold 1: config 6 (lr=0.0001, dropout=0.5) epoca 1: train_loss=0.7192 val_loss=0.6723 val_BA=0.500 mejor_epoca=1
2026-09-27 01:48:32,188 INFO FRAIWAN_Extended/dn fold 1: config 6 (lr=0.0001, dropout=0.5) epoca 2: train_loss=0.6233 val_loss=0.6297 val_BA=0.500 mejor_epoca=2
2026-09-27 01:48:32,320 INFO FRAIWAN_Extended/dn fold 1: config 6 (lr=0.0001, dropout=0.5) epoca 3: train_loss=0.5234 val_loss=0.6006 val_BA=0.500 mejor_epoca=3
2026-09-27 01:48:32,452 INFO FRAIWAN_Extended/dn fold 1: config 6 (lr=0.0001, dropout=0.5) epoca 4: train_loss=0.4628 val_loss=0.5803 val_BA=0.500 mejor_epoca=4
2026-09-27 01:48:32,585 INFO FRAIWAN_Extended/dn fold 1: config 6 (lr=0.0001, dropout=0.5) epoca 5: train_loss=0.3394 val_loss=0.5684 val_BA=0.500 mejor_epoca=5
2026-09-27 01:48:32,864 INFO FRAIWAN_Extended/dn fold 1: config 6 (lr=0.0001, dropout=0.5) epoca 7: train_loss=0.2317 val_loss=0.5493 val_BA=0.500 mejor_epoca=7
2026-09-27 01:48:33,270 INFO FRAIWAN_Extended/dn fold 1: config 6 (lr=0.0001, dropout=0.5) epoca 10: train_loss=0.1815 val_loss=0.6654 val_BA=0.400 mejor_epoca=7
2026-09-27 01:48:33,798 INFO FRAIWAN_Extended/dn fold 1: config 6 (lr=0.0001, dropout=0.5) epoca 14: train_loss=0.0924 val_loss=0.6744 val_BA=0.650 mejor_epoca=14
2026-09-27 01:48:34,631 INFO FRAIWAN_Extended/dn fold 1: config 6 (lr=0.0001, dropout=0.5) epoca 20: train_loss=0.0826 val_loss=0.5984 val_BA=0.500 mejor_epoca=14
2026-09-27 01:48:36,058 INFO FRAIWAN_Extended/dn fold 1 config 6: OK val_BA=0.650 mejor_epoca=14 (0.1 min)
2026-09-27 01:48:36,181 INFO FRAIWAN_Extended/dn fold 1: config 7 (lr=0.0001, dropout=0.5) epoca 1: train_loss=0.6644 val_loss=0.6507 val_BA=0.500 mejor_epoca=1
2026-09-27 01:48:36,282 INFO FRAIWAN_Extended/dn fold 1: config 7 (lr=0.0001, dropout=0.5) epoca 2: train_loss=0.5141 val_loss=0.6463 val_BA=0.500 mejor_epoca=2
2026-09-27 01:48:36,383 INFO FRAIWAN_Extended/dn fold 1: config 7 (lr=0.0001, dropout=0.5) epoca 3: train_loss=0.4833 val_loss=0.6397 val_BA=0.500 mejor_epoca=3
2026-09-27 01:48:36,483 INFO FRAIWAN_Extended/dn fold 1: config 7 (lr=0.0001, dropout=0.5) epoca 4: train_loss=0.4481 val_loss=0.6325 val_BA=0.500 mejor_epoca=4
2026-09-27 01:48:36,583 INFO FRAIWAN_Extended/dn fold 1: config 7 (lr=0.0001, dropout=0.5) epoca 5: train_loss=0.3528 val_loss=0.6228 val_BA=0.500 mejor_epoca=5
2026-09-27 01:48:36,684 INFO FRAIWAN_Extended/dn fold 1: config 7 (lr=0.0001, dropout=0.5) epoca 6: train_loss=0.3169 val_loss=0.6136 val_BA=0.500 mejor_epoca=6
2026-09-27 01:48:36,785 INFO FRAIWAN_Extended/dn fold 1: config 7 (lr=0.0001, dropout=0.5) epoca 7: train_loss=0.2703 val_loss=0.6065 val_BA=0.500 mejor_epoca=7
2026-09-27 01:48:36,886 INFO FRAIWAN_Extended/dn fold 1: config 7 (lr=0.0001, dropout=0.5) epoca 8: train_loss=0.2380 val_loss=0.5998 val_BA=0.500 mejor_epoca=8
2026-09-27 01:48:36,987 INFO FRAIWAN_Extended/dn fold 1: config 7 (lr=0.0001, dropout=0.5) epoca 9: train_loss=0.1965 val_loss=0.5979 val_BA=0.500 mejor_epoca=9
2026-09-27 01:48:37,088 INFO FRAIWAN_Extended/dn fold 1: config 7 (lr=0.0001, dropout=0.5) epoca 10: train_loss=0.1832 val_loss=0.5981 val_BA=0.500 mejor_epoca=9
2026-09-27 01:48:38,094 INFO FRAIWAN_Extended/dn fold 1: config 7 (lr=0.0001, dropout=0.5) epoca 20: train_loss=0.0949 val_loss=0.6620 val_BA=0.500 mejor_epoca=9
2026-09-27 01:48:38,515 INFO FRAIWAN_Extended/dn fold 1 config 7: OK val_BA=0.500 mejor_epoca=9 (0.0 min)
2026-09-27 01:48:38,635 INFO FRAIWAN_Extended/dn fold 1: config 8 (lr=0.0003, dropout=0.3) epoca 1: train_loss=0.7047 val_loss=0.7010 val_BA=0.500 mejor_epoca=1
2026-09-27 01:48:38,737 INFO FRAIWAN_Extended/dn fold 1: config 8 (lr=0.0003, dropout=0.3) epoca 2: train_loss=0.5516 val_loss=0.6948 val_BA=0.500 mejor_epoca=2
2026-09-27 01:48:38,837 INFO FRAIWAN_Extended/dn fold 1: config 8 (lr=0.0003, dropout=0.3) epoca 3: train_loss=0.4570 val_loss=0.6812 val_BA=0.500 mejor_epoca=3
2026-09-27 01:48:38,936 INFO FRAIWAN_Extended/dn fold 1: config 8 (lr=0.0003, dropout=0.3) epoca 4: train_loss=0.3382 val_loss=0.6633 val_BA=0.500 mejor_epoca=4
2026-09-27 01:48:39,037 INFO FRAIWAN_Extended/dn fold 1: config 8 (lr=0.0003, dropout=0.3) epoca 5: train_loss=0.2434 val_loss=0.6350 val_BA=0.500 mejor_epoca=5
2026-09-27 01:48:39,137 INFO FRAIWAN_Extended/dn fold 1: config 8 (lr=0.0003, dropout=0.3) epoca 6: train_loss=0.1973 val_loss=0.6183 val_BA=0.500 mejor_epoca=6
2026-09-27 01:48:39,238 INFO FRAIWAN_Extended/dn fold 1: config 8 (lr=0.0003, dropout=0.3) epoca 7: train_loss=0.1681 val_loss=0.6134 val_BA=0.500 mejor_epoca=7
2026-09-27 01:48:39,338 INFO FRAIWAN_Extended/dn fold 1: config 8 (lr=0.0003, dropout=0.3) epoca 8: train_loss=0.1693 val_loss=0.6037 val_BA=0.500 mejor_epoca=8
2026-09-27 01:48:39,437 INFO FRAIWAN_Extended/dn fold 1: config 8 (lr=0.0003, dropout=0.3) epoca 9: train_loss=0.1288 val_loss=0.6014 val_BA=0.500 mejor_epoca=9
2026-09-27 01:48:39,664 INFO FRAIWAN_Extended/dn fold 1: config 8 (lr=0.0003, dropout=0.3) epoca 10: train_loss=0.1200 val_loss=0.5979 val_BA=0.500 mejor_epoca=10
2026-09-27 01:48:40,665 INFO FRAIWAN_Extended/dn fold 1: config 8 (lr=0.0003, dropout=0.3) epoca 20: train_loss=0.0745 val_loss=0.7291 val_BA=0.500 mejor_epoca=10
2026-09-27 01:48:41,180 INFO FRAIWAN_Extended/dn fold 1 config 8: OK val_BA=0.500 mejor_epoca=10 (0.0 min)
2026-09-27 01:48:41,309 INFO FRAIWAN_Extended/dn fold 1: config 9 (lr=0.0003, dropout=0.4) epoca 1: train_loss=0.7978 val_loss=0.7000 val_BA=0.500 mejor_epoca=1
2026-09-27 01:48:41,417 INFO FRAIWAN_Extended/dn fold 1: config 9 (lr=0.0003, dropout=0.4) epoca 2: train_loss=0.5909 val_loss=0.6769 val_BA=0.500 mejor_epoca=2
2026-09-27 01:48:41,526 INFO FRAIWAN_Extended/dn fold 1: config 9 (lr=0.0003, dropout=0.4) epoca 3: train_loss=0.4614 val_loss=0.6567 val_BA=0.500 mejor_epoca=3
2026-09-27 01:48:41,633 INFO FRAIWAN_Extended/dn fold 1: config 9 (lr=0.0003, dropout=0.4) epoca 4: train_loss=0.3473 val_loss=0.6346 val_BA=0.500 mejor_epoca=4
2026-09-27 01:48:41,848 INFO FRAIWAN_Extended/dn fold 1: config 9 (lr=0.0003, dropout=0.4) epoca 6: train_loss=0.2066 val_loss=0.6010 val_BA=0.500 mejor_epoca=6
2026-09-27 01:48:41,955 INFO FRAIWAN_Extended/dn fold 1: config 9 (lr=0.0003, dropout=0.4) epoca 7: train_loss=0.1828 val_loss=0.5702 val_BA=0.500 mejor_epoca=7
2026-09-27 01:48:42,277 INFO FRAIWAN_Extended/dn fold 1: config 9 (lr=0.0003, dropout=0.4) epoca 10: train_loss=0.1213 val_loss=0.5916 val_BA=0.500 mejor_epoca=7
2026-09-27 01:48:42,506 INFO FRAIWAN_Extended/dn fold 1: config 9 (lr=0.0003, dropout=0.4) epoca 12: train_loss=0.0994 val_loss=0.5669 val_BA=0.500 mejor_epoca=12
2026-09-27 01:48:43,099 INFO FRAIWAN_Extended/dn fold 1: config 9 (lr=0.0003, dropout=0.4) epoca 17: train_loss=0.0771 val_loss=0.5450 val_BA=0.750 mejor_epoca=17
2026-09-27 01:48:43,442 INFO FRAIWAN_Extended/dn fold 1: config 9 (lr=0.0003, dropout=0.4) epoca 20: train_loss=0.0673 val_loss=0.6858 val_BA=0.500 mejor_epoca=17
2026-09-27 01:48:44,509 INFO FRAIWAN_Extended/dn fold 1: config 9 (lr=0.0003, dropout=0.4) epoca 30: train_loss=0.0431 val_loss=0.7567 val_BA=0.500 mejor_epoca=17
2026-09-27 01:48:44,740 INFO FRAIWAN_Extended/dn fold 1 config 9: OK val_BA=0.750 mejor_epoca=17 (0.1 min)
2026-09-27 01:48:44,898 INFO FRAIWAN_Extended/dn fold 1: config 10 (lr=0.0003, dropout=0.4) epoca 1: train_loss=0.6781 val_loss=0.6890 val_BA=0.500 mejor_epoca=1
2026-09-27 01:48:45,028 INFO FRAIWAN_Extended/dn fold 1: config 10 (lr=0.0003, dropout=0.4) epoca 2: train_loss=0.5971 val_loss=0.6364 val_BA=0.500 mejor_epoca=2
2026-09-27 01:48:45,158 INFO FRAIWAN_Extended/dn fold 1: config 10 (lr=0.0003, dropout=0.4) epoca 3: train_loss=0.4808 val_loss=0.5939 val_BA=0.500 mejor_epoca=3
2026-09-27 01:48:45,286 INFO FRAIWAN_Extended/dn fold 1: config 10 (lr=0.0003, dropout=0.4) epoca 4: train_loss=0.2893 val_loss=0.5744 val_BA=0.500 mejor_epoca=4
2026-09-27 01:48:46,099 INFO FRAIWAN_Extended/dn fold 1: config 10 (lr=0.0003, dropout=0.4) epoca 10: train_loss=0.0862 val_loss=0.5759 val_BA=0.500 mejor_epoca=4
2026-09-27 01:48:46,365 INFO FRAIWAN_Extended/dn fold 1: config 10 (lr=0.0003, dropout=0.4) epoca 12: train_loss=0.0942 val_loss=0.8200 val_BA=0.650 mejor_epoca=12
2026-09-27 01:48:47,395 INFO FRAIWAN_Extended/dn fold 1: config 10 (lr=0.0003, dropout=0.4) epoca 20: train_loss=0.0351 val_loss=0.8308 val_BA=0.650 mejor_epoca=12
2026-09-27 01:48:48,371 INFO FRAIWAN_Extended/dn fold 1 config 10: OK val_BA=0.650 mejor_epoca=12 (0.1 min)
2026-09-27 01:48:48,498 INFO FRAIWAN_Extended/dn fold 1: config 11 (lr=0.0003, dropout=0.5) epoca 1: train_loss=0.6899 val_loss=0.6915 val_BA=0.500 mejor_epoca=1
2026-09-27 01:48:48,594 INFO FRAIWAN_Extended/dn fold 1: config 11 (lr=0.0003, dropout=0.5) epoca 2: train_loss=0.5785 val_loss=0.6703 val_BA=0.500 mejor_epoca=2
2026-09-27 01:48:48,691 INFO FRAIWAN_Extended/dn fold 1: config 11 (lr=0.0003, dropout=0.5) epoca 3: train_loss=0.4539 val_loss=0.6467 val_BA=0.500 mejor_epoca=3
2026-09-27 01:48:48,788 INFO FRAIWAN_Extended/dn fold 1: config 11 (lr=0.0003, dropout=0.5) epoca 4: train_loss=0.3397 val_loss=0.6315 val_BA=0.500 mejor_epoca=4
2026-09-27 01:48:48,887 INFO FRAIWAN_Extended/dn fold 1: config 11 (lr=0.0003, dropout=0.5) epoca 5: train_loss=0.2576 val_loss=0.6141 val_BA=0.500 mejor_epoca=5
2026-09-27 01:48:48,984 INFO FRAIWAN_Extended/dn fold 1: config 11 (lr=0.0003, dropout=0.5) epoca 6: train_loss=0.2213 val_loss=0.6099 val_BA=0.500 mejor_epoca=6
2026-09-27 01:48:49,081 INFO FRAIWAN_Extended/dn fold 1: config 11 (lr=0.0003, dropout=0.5) epoca 7: train_loss=0.2069 val_loss=0.6054 val_BA=0.500 mejor_epoca=7
2026-09-27 01:48:49,178 INFO FRAIWAN_Extended/dn fold 1: config 11 (lr=0.0003, dropout=0.5) epoca 8: train_loss=0.1629 val_loss=0.6026 val_BA=0.500 mejor_epoca=8
2026-09-27 01:48:49,274 INFO FRAIWAN_Extended/dn fold 1: config 11 (lr=0.0003, dropout=0.5) epoca 9: train_loss=0.1388 val_loss=0.6026 val_BA=0.500 mejor_epoca=9
2026-09-27 01:48:49,370 INFO FRAIWAN_Extended/dn fold 1: config 11 (lr=0.0003, dropout=0.5) epoca 10: train_loss=0.1371 val_loss=0.6044 val_BA=0.500 mejor_epoca=9
2026-09-27 01:48:50,338 INFO FRAIWAN_Extended/dn fold 1: config 11 (lr=0.0003, dropout=0.5) epoca 20: train_loss=0.0863 val_loss=0.6418 val_BA=0.500 mejor_epoca=9
2026-09-27 01:48:50,749 INFO FRAIWAN_Extended/dn fold 1 config 11: OK val_BA=0.500 mejor_epoca=9 (0.0 min)
2026-09-27 01:48:50,878 INFO FRAIWAN_Extended/dn fold 1: config 12 (lr=0.0003, dropout=0.5) epoca 1: train_loss=0.7650 val_loss=0.6507 val_BA=0.500 mejor_epoca=1
2026-09-27 01:48:50,983 INFO FRAIWAN_Extended/dn fold 1: config 12 (lr=0.0003, dropout=0.5) epoca 2: train_loss=0.5199 val_loss=0.6257 val_BA=0.500 mejor_epoca=2
2026-09-27 01:48:51,089 INFO FRAIWAN_Extended/dn fold 1: config 12 (lr=0.0003, dropout=0.5) epoca 3: train_loss=0.3648 val_loss=0.6036 val_BA=0.500 mejor_epoca=3
2026-09-27 01:48:51,878 INFO FRAIWAN_Extended/dn fold 1: config 12 (lr=0.0003, dropout=0.5) epoca 10: train_loss=0.0929 val_loss=0.7439 val_BA=0.500 mejor_epoca=3
2026-09-27 01:48:52,942 INFO FRAIWAN_Extended/dn fold 1: config 12 (lr=0.0003, dropout=0.5) epoca 20: train_loss=0.0510 val_loss=0.7114 val_BA=0.500 mejor_epoca=3
2026-09-27 01:48:52,988 INFO FRAIWAN_Extended/dn fold 1 config 12: OK val_BA=0.500 mejor_epoca=3 (0.0 min)
2026-09-27 01:48:53,151 INFO FRAIWAN_Extended/dn fold 1: config 13 (lr=0.001, dropout=0.2) epoca 1: train_loss=0.7795 val_loss=0.6561 val_BA=0.500 mejor_epoca=1
2026-09-27 01:48:53,291 INFO FRAIWAN_Extended/dn fold 1: config 13 (lr=0.001, dropout=0.2) epoca 2: train_loss=0.5318 val_loss=0.6056 val_BA=0.500 mejor_epoca=2
2026-09-27 01:48:53,444 INFO FRAIWAN_Extended/dn fold 1: config 13 (lr=0.001, dropout=0.2) epoca 3: train_loss=0.3777 val_loss=0.5893 val_BA=0.900 mejor_epoca=3
2026-09-27 01:48:54,408 INFO FRAIWAN_Extended/dn fold 1: config 13 (lr=0.001, dropout=0.2) epoca 10: train_loss=0.1172 val_loss=1.0178 val_BA=0.500 mejor_epoca=3
2026-09-27 01:48:55,737 INFO FRAIWAN_Extended/dn fold 1: config 13 (lr=0.001, dropout=0.2) epoca 20: train_loss=0.0132 val_loss=1.4828 val_BA=0.500 mejor_epoca=3
2026-09-27 01:48:55,757 INFO FRAIWAN_Extended/dn fold 1 config 13: OK val_BA=0.900 mejor_epoca=3 (0.0 min)
2026-09-27 01:48:55,877 INFO FRAIWAN_Extended/dn fold 1: config 14 (lr=0.001, dropout=0.3) epoca 1: train_loss=0.6468 val_loss=0.6364 val_BA=0.500 mejor_epoca=1
2026-09-27 01:48:55,974 INFO FRAIWAN_Extended/dn fold 1: config 14 (lr=0.001, dropout=0.3) epoca 2: train_loss=0.4415 val_loss=0.6040 val_BA=0.500 mejor_epoca=2
2026-09-27 01:48:56,071 INFO FRAIWAN_Extended/dn fold 1: config 14 (lr=0.001, dropout=0.3) epoca 3: train_loss=0.4275 val_loss=0.6024 val_BA=0.500 mejor_epoca=3
2026-09-27 01:48:56,363 INFO FRAIWAN_Extended/dn fold 1: config 14 (lr=0.001, dropout=0.3) epoca 6: train_loss=0.2175 val_loss=0.5635 val_BA=0.500 mejor_epoca=6
2026-09-27 01:48:56,555 INFO FRAIWAN_Extended/dn fold 1: config 14 (lr=0.001, dropout=0.3) epoca 8: train_loss=0.1500 val_loss=0.5397 val_BA=0.500 mejor_epoca=8
2026-09-27 01:48:56,652 INFO FRAIWAN_Extended/dn fold 1: config 14 (lr=0.001, dropout=0.3) epoca 9: train_loss=0.0912 val_loss=0.5303 val_BA=0.650 mejor_epoca=9
2026-09-27 01:48:56,751 INFO FRAIWAN_Extended/dn fold 1: config 14 (lr=0.001, dropout=0.3) epoca 10: train_loss=0.0806 val_loss=0.6335 val_BA=0.650 mejor_epoca=9
2026-09-27 01:48:57,759 INFO FRAIWAN_Extended/dn fold 1: config 14 (lr=0.001, dropout=0.3) epoca 20: train_loss=0.0227 val_loss=0.9507 val_BA=0.500 mejor_epoca=9
2026-09-27 01:48:58,181 INFO FRAIWAN_Extended/dn fold 1 config 14: OK val_BA=0.650 mejor_epoca=9 (0.0 min)
2026-09-27 01:48:58,313 INFO FRAIWAN_Extended/dn fold 1: config 15 (lr=0.001, dropout=0.3) epoca 1: train_loss=0.7709 val_loss=0.7009 val_BA=0.250 mejor_epoca=1
2026-09-27 01:48:58,424 INFO FRAIWAN_Extended/dn fold 1: config 15 (lr=0.001, dropout=0.3) epoca 2: train_loss=0.7045 val_loss=0.6596 val_BA=0.500 mejor_epoca=2
2026-09-27 01:48:58,534 INFO FRAIWAN_Extended/dn fold 1: config 15 (lr=0.001, dropout=0.3) epoca 3: train_loss=0.5818 val_loss=0.5818 val_BA=0.500 mejor_epoca=3
2026-09-27 01:48:58,650 INFO FRAIWAN_Extended/dn fold 1: config 15 (lr=0.001, dropout=0.3) epoca 4: train_loss=0.5100 val_loss=0.5357 val_BA=0.650 mejor_epoca=4
2026-09-27 01:48:58,997 INFO FRAIWAN_Extended/dn fold 1: config 15 (lr=0.001, dropout=0.3) epoca 7: train_loss=0.2726 val_loss=0.5377 val_BA=0.750 mejor_epoca=7
2026-09-27 01:48:59,223 INFO FRAIWAN_Extended/dn fold 1: config 15 (lr=0.001, dropout=0.3) epoca 9: train_loss=0.1533 val_loss=0.8070 val_BA=0.800 mejor_epoca=9
2026-09-27 01:48:59,337 INFO FRAIWAN_Extended/dn fold 1: config 15 (lr=0.001, dropout=0.3) epoca 10: train_loss=0.1635 val_loss=0.7450 val_BA=0.650 mejor_epoca=9
2026-09-27 01:49:00,440 INFO FRAIWAN_Extended/dn fold 1: config 15 (lr=0.001, dropout=0.3) epoca 20: train_loss=0.0719 val_loss=0.9003 val_BA=0.900 mejor_epoca=20
2026-09-27 01:49:01,618 INFO FRAIWAN_Extended/dn fold 1: config 15 (lr=0.001, dropout=0.3) epoca 30: train_loss=0.0165 val_loss=0.8737 val_BA=0.750 mejor_epoca=20
2026-09-27 01:49:02,193 INFO FRAIWAN_Extended/dn fold 1 config 15: OK val_BA=0.900 mejor_epoca=20 (0.1 min)
2026-09-27 01:49:02,352 INFO FRAIWAN_Extended/dn fold 1: config 16 (lr=0.001, dropout=0.4) epoca 1: train_loss=0.7519 val_loss=0.6276 val_BA=0.500 mejor_epoca=1
2026-09-27 01:49:02,486 INFO FRAIWAN_Extended/dn fold 1: config 16 (lr=0.001, dropout=0.4) epoca 2: train_loss=0.5934 val_loss=0.6082 val_BA=0.500 mejor_epoca=2
2026-09-27 01:49:02,892 INFO FRAIWAN_Extended/dn fold 1: config 16 (lr=0.001, dropout=0.4) epoca 5: train_loss=0.3258 val_loss=0.5481 val_BA=0.900 mejor_epoca=5
2026-09-27 01:49:03,602 INFO FRAIWAN_Extended/dn fold 1: config 16 (lr=0.001, dropout=0.4) epoca 10: train_loss=0.0688 val_loss=1.1980 val_BA=0.500 mejor_epoca=5
2026-09-27 01:49:05,014 INFO FRAIWAN_Extended/dn fold 1: config 16 (lr=0.001, dropout=0.4) epoca 20: train_loss=0.0910 val_loss=1.3913 val_BA=0.500 mejor_epoca=5
2026-09-27 01:49:05,032 INFO FRAIWAN_Extended/dn fold 1 config 16: OK val_BA=0.900 mejor_epoca=5 (0.0 min)
2026-09-27 01:49:05,162 INFO FRAIWAN_Extended/dn fold 1: config 17 (lr=0.001, dropout=0.5) epoca 1: train_loss=0.8130 val_loss=0.7189 val_BA=0.500 mejor_epoca=1
2026-09-27 01:49:05,270 INFO FRAIWAN_Extended/dn fold 1: config 17 (lr=0.001, dropout=0.5) epoca 2: train_loss=0.6607 val_loss=0.5970 val_BA=0.500 mejor_epoca=2
2026-09-27 01:49:05,378 INFO FRAIWAN_Extended/dn fold 1: config 17 (lr=0.001, dropout=0.5) epoca 3: train_loss=0.4607 val_loss=0.5664 val_BA=0.500 mejor_epoca=3
2026-09-27 01:49:05,918 INFO FRAIWAN_Extended/dn fold 1: config 17 (lr=0.001, dropout=0.5) epoca 8: train_loss=0.1717 val_loss=1.0226 val_BA=0.650 mejor_epoca=8
2026-09-27 01:49:06,126 INFO FRAIWAN_Extended/dn fold 1: config 17 (lr=0.001, dropout=0.5) epoca 10: train_loss=0.1039 val_loss=1.1190 val_BA=0.400 mejor_epoca=8
2026-09-27 01:49:07,162 INFO FRAIWAN_Extended/dn fold 1: config 17 (lr=0.001, dropout=0.5) epoca 20: train_loss=0.0249 val_loss=1.3066 val_BA=0.400 mejor_epoca=8
2026-09-27 01:49:07,493 INFO FRAIWAN_Extended/dn fold 1 config 17: OK val_BA=0.650 mejor_epoca=8 (0.0 min)
2026-09-27 01:49:07,608 INFO FRAIWAN_Extended/dn fold 1: config 18 (lr=0.001, dropout=0.5) epoca 1: train_loss=0.7064 val_loss=0.6460 val_BA=0.500 mejor_epoca=1
2026-09-27 01:49:07,705 INFO FRAIWAN_Extended/dn fold 1: config 18 (lr=0.001, dropout=0.5) epoca 2: train_loss=0.4835 val_loss=0.6229 val_BA=0.500 mejor_epoca=2
2026-09-27 01:49:07,801 INFO FRAIWAN_Extended/dn fold 1: config 18 (lr=0.001, dropout=0.5) epoca 3: train_loss=0.3859 val_loss=0.5915 val_BA=0.500 mejor_epoca=3
2026-09-27 01:49:08,466 INFO FRAIWAN_Extended/dn fold 1: config 18 (lr=0.001, dropout=0.5) epoca 10: train_loss=0.0904 val_loss=0.8743 val_BA=0.500 mejor_epoca=3
2026-09-27 01:49:09,259 INFO FRAIWAN_Extended/dn fold 1: config 18 (lr=0.001, dropout=0.5) epoca 18: train_loss=0.0678 val_loss=1.0427 val_BA=0.650 mejor_epoca=18
2026-09-27 01:49:09,448 INFO FRAIWAN_Extended/dn fold 1: config 18 (lr=0.001, dropout=0.5) epoca 20: train_loss=0.0644 val_loss=1.0217 val_BA=0.400 mejor_epoca=18
2026-09-27 01:49:10,390 INFO FRAIWAN_Extended/dn fold 1: config 18 (lr=0.001, dropout=0.5) epoca 30: train_loss=0.0195 val_loss=1.3358 val_BA=0.400 mejor_epoca=18
2026-09-27 01:49:10,723 INFO FRAIWAN_Extended/dn fold 1 config 18: OK val_BA=0.650 mejor_epoca=18 (0.1 min)
2026-09-27 01:49:10,852 INFO FRAIWAN_Extended/dn fold 1: config 19 (lr=0.001, dropout=0.5) epoca 1: train_loss=0.6250 val_loss=0.6292 val_BA=0.500 mejor_epoca=1
2026-09-27 01:49:10,952 INFO FRAIWAN_Extended/dn fold 1: config 19 (lr=0.001, dropout=0.5) epoca 2: train_loss=0.5785 val_loss=0.6129 val_BA=0.500 mejor_epoca=2
2026-09-27 01:49:11,051 INFO FRAIWAN_Extended/dn fold 1: config 19 (lr=0.001, dropout=0.5) epoca 3: train_loss=0.3814 val_loss=0.5977 val_BA=0.500 mejor_epoca=3
2026-09-27 01:49:11,721 INFO FRAIWAN_Extended/dn fold 1: config 19 (lr=0.001, dropout=0.5) epoca 10: train_loss=0.0784 val_loss=0.8269 val_BA=0.500 mejor_epoca=3
2026-09-27 01:49:12,673 INFO FRAIWAN_Extended/dn fold 1: config 19 (lr=0.001, dropout=0.5) epoca 20: train_loss=0.0286 val_loss=1.1052 val_BA=0.500 mejor_epoca=3
2026-09-27 01:49:12,692 INFO FRAIWAN_Extended/dn fold 1 config 19: OK val_BA=0.500 mejor_epoca=3 (0.0 min)
2026-09-27 01:49:12,728 INFO FRAIWAN_Extended/dn fold 2: log-mel dn listo en 0.0 s, forma (187, 1, 64, 309)
2026-09-27 01:49:12,732 INFO FRAIWAN_Extended/dn fold 2: 27/7 pacientes train/validation, 20 de 20 configuracion(es) por evaluar
2026-09-27 01:49:12,884 INFO FRAIWAN_Extended/dn fold 2: config 0 (lr=0.0001, dropout=0.3) epoca 1: train_loss=0.6291 val_loss=0.6405 val_BA=0.500 mejor_epoca=1
2026-09-27 01:49:13,009 INFO FRAIWAN_Extended/dn fold 2: config 0 (lr=0.0001, dropout=0.3) epoca 2: train_loss=0.4957 val_loss=0.5776 val_BA=0.500 mejor_epoca=2
2026-09-27 01:49:13,135 INFO FRAIWAN_Extended/dn fold 2: config 0 (lr=0.0001, dropout=0.3) epoca 3: train_loss=0.4399 val_loss=0.5059 val_BA=0.500 mejor_epoca=3
2026-09-27 01:49:13,261 INFO FRAIWAN_Extended/dn fold 2: config 0 (lr=0.0001, dropout=0.3) epoca 4: train_loss=0.3261 val_loss=0.4541 val_BA=0.500 mejor_epoca=4
2026-09-27 01:49:13,388 INFO FRAIWAN_Extended/dn fold 2: config 0 (lr=0.0001, dropout=0.3) epoca 5: train_loss=0.2539 val_loss=0.4226 val_BA=0.500 mejor_epoca=5
2026-09-27 01:49:14,017 INFO FRAIWAN_Extended/dn fold 2: config 0 (lr=0.0001, dropout=0.3) epoca 10: train_loss=0.1053 val_loss=0.4830 val_BA=0.500 mejor_epoca=5
2026-09-27 01:49:15,279 INFO FRAIWAN_Extended/dn fold 2: config 0 (lr=0.0001, dropout=0.3) epoca 20: train_loss=0.0583 val_loss=0.9316 val_BA=0.250 mejor_epoca=5
2026-09-27 01:49:15,319 INFO FRAIWAN_Extended/dn fold 2 config 0: OK val_BA=0.500 mejor_epoca=5 (0.0 min)
2026-09-27 01:49:15,445 INFO FRAIWAN_Extended/dn fold 2: config 1 (lr=0.0001, dropout=0.3) epoca 1: train_loss=0.7072 val_loss=0.6533 val_BA=0.500 mejor_epoca=1
2026-09-27 01:49:15,540 INFO FRAIWAN_Extended/dn fold 2: config 1 (lr=0.0001, dropout=0.3) epoca 2: train_loss=0.5313 val_loss=0.6310 val_BA=0.500 mejor_epoca=2
2026-09-27 01:49:15,635 INFO FRAIWAN_Extended/dn fold 2: config 1 (lr=0.0001, dropout=0.3) epoca 3: train_loss=0.4196 val_loss=0.6097 val_BA=0.500 mejor_epoca=3
2026-09-27 01:49:15,730 INFO FRAIWAN_Extended/dn fold 2: config 1 (lr=0.0001, dropout=0.3) epoca 4: train_loss=0.3324 val_loss=0.5916 val_BA=0.500 mejor_epoca=4
2026-09-27 01:49:15,826 INFO FRAIWAN_Extended/dn fold 2: config 1 (lr=0.0001, dropout=0.3) epoca 5: train_loss=0.2776 val_loss=0.5719 val_BA=0.500 mejor_epoca=5
2026-09-27 01:49:15,923 INFO FRAIWAN_Extended/dn fold 2: config 1 (lr=0.0001, dropout=0.3) epoca 6: train_loss=0.2275 val_loss=0.5560 val_BA=0.500 mejor_epoca=6
2026-09-27 01:49:16,018 INFO FRAIWAN_Extended/dn fold 2: config 1 (lr=0.0001, dropout=0.3) epoca 7: train_loss=0.2002 val_loss=0.5368 val_BA=0.500 mejor_epoca=7
2026-09-27 01:49:16,114 INFO FRAIWAN_Extended/dn fold 2: config 1 (lr=0.0001, dropout=0.3) epoca 8: train_loss=0.1708 val_loss=0.5103 val_BA=0.500 mejor_epoca=8
2026-09-27 01:49:16,208 INFO FRAIWAN_Extended/dn fold 2: config 1 (lr=0.0001, dropout=0.3) epoca 9: train_loss=0.1476 val_loss=0.4883 val_BA=0.500 mejor_epoca=9
2026-09-27 01:49:16,303 INFO FRAIWAN_Extended/dn fold 2: config 1 (lr=0.0001, dropout=0.3) epoca 10: train_loss=0.1184 val_loss=0.4841 val_BA=0.500 mejor_epoca=10
2026-09-27 01:49:16,397 INFO FRAIWAN_Extended/dn fold 2: config 1 (lr=0.0001, dropout=0.3) epoca 11: train_loss=0.1227 val_loss=0.4769 val_BA=0.500 mejor_epoca=11
2026-09-27 01:49:16,492 INFO FRAIWAN_Extended/dn fold 2: config 1 (lr=0.0001, dropout=0.3) epoca 12: train_loss=0.1003 val_loss=0.4591 val_BA=0.500 mejor_epoca=12
2026-09-27 01:49:17,241 INFO FRAIWAN_Extended/dn fold 2: config 1 (lr=0.0001, dropout=0.3) epoca 20: train_loss=0.0763 val_loss=0.7962 val_BA=0.250 mejor_epoca=12
2026-09-27 01:49:17,915 INFO FRAIWAN_Extended/dn fold 2 config 1: OK val_BA=0.500 mejor_epoca=12 (0.0 min)
2026-09-27 01:49:18,038 INFO FRAIWAN_Extended/dn fold 2: config 2 (lr=0.0001, dropout=0.4) epoca 1: train_loss=0.6439 val_loss=0.5970 val_BA=0.500 mejor_epoca=1
2026-09-27 01:49:18,143 INFO FRAIWAN_Extended/dn fold 2: config 2 (lr=0.0001, dropout=0.4) epoca 2: train_loss=0.5044 val_loss=0.5509 val_BA=0.500 mejor_epoca=2
2026-09-27 01:49:18,246 INFO FRAIWAN_Extended/dn fold 2: config 2 (lr=0.0001, dropout=0.4) epoca 3: train_loss=0.4208 val_loss=0.5073 val_BA=0.500 mejor_epoca=3
2026-09-27 01:49:18,347 INFO FRAIWAN_Extended/dn fold 2: config 2 (lr=0.0001, dropout=0.4) epoca 4: train_loss=0.3150 val_loss=0.4588 val_BA=0.500 mejor_epoca=4
2026-09-27 01:49:18,449 INFO FRAIWAN_Extended/dn fold 2: config 2 (lr=0.0001, dropout=0.4) epoca 5: train_loss=0.2657 val_loss=0.4274 val_BA=0.500 mejor_epoca=5
2026-09-27 01:49:18,551 INFO FRAIWAN_Extended/dn fold 2: config 2 (lr=0.0001, dropout=0.4) epoca 6: train_loss=0.2409 val_loss=0.4272 val_BA=0.500 mejor_epoca=6
2026-09-27 01:49:18,959 INFO FRAIWAN_Extended/dn fold 2: config 2 (lr=0.0001, dropout=0.4) epoca 10: train_loss=0.1042 val_loss=0.4786 val_BA=0.500 mejor_epoca=6
2026-09-27 01:49:19,975 INFO FRAIWAN_Extended/dn fold 2: config 2 (lr=0.0001, dropout=0.4) epoca 20: train_loss=0.0651 val_loss=0.9911 val_BA=0.333 mejor_epoca=6
2026-09-27 01:49:20,093 INFO FRAIWAN_Extended/dn fold 2 config 2: OK val_BA=0.500 mejor_epoca=6 (0.0 min)
2026-09-27 01:49:20,237 INFO FRAIWAN_Extended/dn fold 2: config 3 (lr=0.0001, dropout=0.4) epoca 1: train_loss=0.6717 val_loss=0.7299 val_BA=0.500 mejor_epoca=1
2026-09-27 01:49:20,360 INFO FRAIWAN_Extended/dn fold 2: config 3 (lr=0.0001, dropout=0.4) epoca 2: train_loss=0.5305 val_loss=0.7226 val_BA=0.500 mejor_epoca=2
2026-09-27 01:49:20,483 INFO FRAIWAN_Extended/dn fold 2: config 3 (lr=0.0001, dropout=0.4) epoca 3: train_loss=0.4202 val_loss=0.6356 val_BA=0.500 mejor_epoca=3
2026-09-27 01:49:20,607 INFO FRAIWAN_Extended/dn fold 2: config 3 (lr=0.0001, dropout=0.4) epoca 4: train_loss=0.3431 val_loss=0.5201 val_BA=0.500 mejor_epoca=4
2026-09-27 01:49:20,885 INFO FRAIWAN_Extended/dn fold 2: config 3 (lr=0.0001, dropout=0.4) epoca 6: train_loss=0.2306 val_loss=0.4424 val_BA=0.500 mejor_epoca=6
2026-09-27 01:49:21,503 INFO FRAIWAN_Extended/dn fold 2: config 3 (lr=0.0001, dropout=0.4) epoca 10: train_loss=0.1260 val_loss=0.8950 val_BA=0.250 mejor_epoca=6
2026-09-27 01:49:22,166 INFO FRAIWAN_Extended/dn fold 2: config 3 (lr=0.0001, dropout=0.4) epoca 15: train_loss=0.0737 val_loss=0.4349 val_BA=0.500 mejor_epoca=15
2026-09-27 01:49:22,428 INFO FRAIWAN_Extended/dn fold 2: config 3 (lr=0.0001, dropout=0.4) epoca 17: train_loss=0.0688 val_loss=0.3819 val_BA=0.500 mejor_epoca=17
2026-09-27 01:49:22,558 INFO FRAIWAN_Extended/dn fold 2: config 3 (lr=0.0001, dropout=0.4) epoca 18: train_loss=0.0668 val_loss=1.7471 val_BA=0.583 mejor_epoca=18
2026-09-27 01:49:22,815 INFO FRAIWAN_Extended/dn fold 2: config 3 (lr=0.0001, dropout=0.4) epoca 20: train_loss=0.0684 val_loss=0.4433 val_BA=0.500 mejor_epoca=18
2026-09-27 01:49:24,149 INFO FRAIWAN_Extended/dn fold 2: config 3 (lr=0.0001, dropout=0.4) epoca 30: train_loss=0.0370 val_loss=1.1532 val_BA=0.250 mejor_epoca=18
2026-09-27 01:49:24,578 INFO FRAIWAN_Extended/dn fold 2 config 3: OK val_BA=0.583 mejor_epoca=18 (0.1 min)
2026-09-27 01:49:24,704 INFO FRAIWAN_Extended/dn fold 2: config 4 (lr=0.0001, dropout=0.4) epoca 1: train_loss=0.6983 val_loss=0.6562 val_BA=0.500 mejor_epoca=1
2026-09-27 01:49:24,808 INFO FRAIWAN_Extended/dn fold 2: config 4 (lr=0.0001, dropout=0.4) epoca 2: train_loss=0.5381 val_loss=0.6142 val_BA=0.500 mejor_epoca=2
2026-09-27 01:49:24,913 INFO FRAIWAN_Extended/dn fold 2: config 4 (lr=0.0001, dropout=0.4) epoca 3: train_loss=0.4309 val_loss=0.5747 val_BA=0.500 mejor_epoca=3
2026-09-27 01:49:25,017 INFO FRAIWAN_Extended/dn fold 2: config 4 (lr=0.0001, dropout=0.4) epoca 4: train_loss=0.3664 val_loss=0.5253 val_BA=0.500 mejor_epoca=4
2026-09-27 01:49:25,121 INFO FRAIWAN_Extended/dn fold 2: config 4 (lr=0.0001, dropout=0.4) epoca 5: train_loss=0.2916 val_loss=0.4861 val_BA=0.500 mejor_epoca=5
2026-09-27 01:49:25,224 INFO FRAIWAN_Extended/dn fold 2: config 4 (lr=0.0001, dropout=0.4) epoca 6: train_loss=0.2394 val_loss=0.4600 val_BA=0.500 mejor_epoca=6
2026-09-27 01:49:25,328 INFO FRAIWAN_Extended/dn fold 2: config 4 (lr=0.0001, dropout=0.4) epoca 7: train_loss=0.1840 val_loss=0.4382 val_BA=0.500 mejor_epoca=7
2026-09-27 01:49:25,432 INFO FRAIWAN_Extended/dn fold 2: config 4 (lr=0.0001, dropout=0.4) epoca 8: train_loss=0.1512 val_loss=0.4201 val_BA=0.500 mejor_epoca=8
2026-09-27 01:49:25,640 INFO FRAIWAN_Extended/dn fold 2: config 4 (lr=0.0001, dropout=0.4) epoca 10: train_loss=0.1338 val_loss=0.4580 val_BA=0.500 mejor_epoca=8
2026-09-27 01:49:26,671 INFO FRAIWAN_Extended/dn fold 2: config 4 (lr=0.0001, dropout=0.4) epoca 20: train_loss=0.0685 val_loss=0.9010 val_BA=0.333 mejor_epoca=8
2026-09-27 01:49:27,001 INFO FRAIWAN_Extended/dn fold 2 config 4: OK val_BA=0.500 mejor_epoca=8 (0.0 min)
2026-09-27 01:49:27,118 INFO FRAIWAN_Extended/dn fold 2: config 5 (lr=0.0001, dropout=0.4) epoca 1: train_loss=0.6723 val_loss=0.6653 val_BA=0.500 mejor_epoca=1
2026-09-27 01:49:27,312 INFO FRAIWAN_Extended/dn fold 2: config 5 (lr=0.0001, dropout=0.4) epoca 3: train_loss=0.4836 val_loss=0.6569 val_BA=0.500 mejor_epoca=3
2026-09-27 01:49:27,407 INFO FRAIWAN_Extended/dn fold 2: config 5 (lr=0.0001, dropout=0.4) epoca 4: train_loss=0.3962 val_loss=0.6434 val_BA=0.500 mejor_epoca=4
2026-09-27 01:49:27,502 INFO FRAIWAN_Extended/dn fold 2: config 5 (lr=0.0001, dropout=0.4) epoca 5: train_loss=0.3211 val_loss=0.6196 val_BA=0.500 mejor_epoca=5
2026-09-27 01:49:27,598 INFO FRAIWAN_Extended/dn fold 2: config 5 (lr=0.0001, dropout=0.4) epoca 6: train_loss=0.3050 val_loss=0.6046 val_BA=0.500 mejor_epoca=6
2026-09-27 01:49:27,693 INFO FRAIWAN_Extended/dn fold 2: config 5 (lr=0.0001, dropout=0.4) epoca 7: train_loss=0.2445 val_loss=0.5982 val_BA=0.500 mejor_epoca=7
2026-09-27 01:49:27,789 INFO FRAIWAN_Extended/dn fold 2: config 5 (lr=0.0001, dropout=0.4) epoca 8: train_loss=0.2009 val_loss=0.5835 val_BA=0.500 mejor_epoca=8
2026-09-27 01:49:27,979 INFO FRAIWAN_Extended/dn fold 2: config 5 (lr=0.0001, dropout=0.4) epoca 10: train_loss=0.1648 val_loss=0.6025 val_BA=0.500 mejor_epoca=8
2026-09-27 01:49:28,935 INFO FRAIWAN_Extended/dn fold 2: config 5 (lr=0.0001, dropout=0.4) epoca 20: train_loss=0.0785 val_loss=0.7732 val_BA=0.333 mejor_epoca=8
2026-09-27 01:49:29,249 INFO FRAIWAN_Extended/dn fold 2 config 5: OK val_BA=0.500 mejor_epoca=8 (0.0 min)
2026-09-27 01:49:29,409 INFO FRAIWAN_Extended/dn fold 2: config 6 (lr=0.0001, dropout=0.5) epoca 1: train_loss=0.6942 val_loss=0.6583 val_BA=0.500 mejor_epoca=1
2026-09-27 01:49:29,547 INFO FRAIWAN_Extended/dn fold 2: config 6 (lr=0.0001, dropout=0.5) epoca 2: train_loss=0.5661 val_loss=0.6344 val_BA=0.500 mejor_epoca=2
2026-09-27 01:49:30,365 INFO FRAIWAN_Extended/dn fold 2: config 6 (lr=0.0001, dropout=0.5) epoca 8: train_loss=0.2549 val_loss=0.4297 val_BA=0.500 mejor_epoca=8
2026-09-27 01:49:30,636 INFO FRAIWAN_Extended/dn fold 2: config 6 (lr=0.0001, dropout=0.5) epoca 10: train_loss=0.2046 val_loss=1.2294 val_BA=0.167 mejor_epoca=8
2026-09-27 01:49:31,986 INFO FRAIWAN_Extended/dn fold 2: config 6 (lr=0.0001, dropout=0.5) epoca 20: train_loss=0.0754 val_loss=0.9778 val_BA=0.333 mejor_epoca=8
2026-09-27 01:49:32,396 INFO FRAIWAN_Extended/dn fold 2 config 6: OK val_BA=0.500 mejor_epoca=8 (0.1 min)
2026-09-27 01:49:32,513 INFO FRAIWAN_Extended/dn fold 2: config 7 (lr=0.0001, dropout=0.5) epoca 1: train_loss=0.6680 val_loss=0.6600 val_BA=0.500 mejor_epoca=1
2026-09-27 01:49:32,609 INFO FRAIWAN_Extended/dn fold 2: config 7 (lr=0.0001, dropout=0.5) epoca 2: train_loss=0.5296 val_loss=0.6476 val_BA=0.500 mejor_epoca=2
2026-09-27 01:49:32,705 INFO FRAIWAN_Extended/dn fold 2: config 7 (lr=0.0001, dropout=0.5) epoca 3: train_loss=0.4747 val_loss=0.6387 val_BA=0.500 mejor_epoca=3
2026-09-27 01:49:33,276 INFO FRAIWAN_Extended/dn fold 2: config 7 (lr=0.0001, dropout=0.5) epoca 9: train_loss=0.2420 val_loss=0.6088 val_BA=0.500 mejor_epoca=9
2026-09-27 01:49:33,371 INFO FRAIWAN_Extended/dn fold 2: config 7 (lr=0.0001, dropout=0.5) epoca 10: train_loss=0.1808 val_loss=0.5821 val_BA=0.500 mejor_epoca=10
2026-09-27 01:49:33,465 INFO FRAIWAN_Extended/dn fold 2: config 7 (lr=0.0001, dropout=0.5) epoca 11: train_loss=0.1591 val_loss=0.5543 val_BA=0.500 mejor_epoca=11
2026-09-27 01:49:33,560 INFO FRAIWAN_Extended/dn fold 2: config 7 (lr=0.0001, dropout=0.5) epoca 12: train_loss=0.1473 val_loss=0.5079 val_BA=0.500 mejor_epoca=12
2026-09-27 01:49:33,654 INFO FRAIWAN_Extended/dn fold 2: config 7 (lr=0.0001, dropout=0.5) epoca 13: train_loss=0.1320 val_loss=0.4971 val_BA=0.500 mejor_epoca=13
2026-09-27 01:49:33,750 INFO FRAIWAN_Extended/dn fold 2: config 7 (lr=0.0001, dropout=0.5) epoca 14: train_loss=0.1214 val_loss=0.4669 val_BA=0.500 mejor_epoca=14
2026-09-27 01:49:33,846 INFO FRAIWAN_Extended/dn fold 2: config 7 (lr=0.0001, dropout=0.5) epoca 15: train_loss=0.1150 val_loss=0.4115 val_BA=0.500 mejor_epoca=15
2026-09-27 01:49:34,324 INFO FRAIWAN_Extended/dn fold 2: config 7 (lr=0.0001, dropout=0.5) epoca 20: train_loss=0.0904 val_loss=0.5821 val_BA=0.417 mejor_epoca=15
2026-09-27 01:49:35,306 INFO FRAIWAN_Extended/dn fold 2: config 7 (lr=0.0001, dropout=0.5) epoca 30: train_loss=0.0727 val_loss=1.0646 val_BA=0.250 mejor_epoca=15
2026-09-27 01:49:35,327 INFO FRAIWAN_Extended/dn fold 2 config 7: OK val_BA=0.500 mejor_epoca=15 (0.0 min)
2026-09-27 01:49:35,448 INFO FRAIWAN_Extended/dn fold 2: config 8 (lr=0.0003, dropout=0.3) epoca 1: train_loss=0.6298 val_loss=0.6518 val_BA=0.500 mejor_epoca=1
2026-09-27 01:49:35,549 INFO FRAIWAN_Extended/dn fold 2: config 8 (lr=0.0003, dropout=0.3) epoca 2: train_loss=0.4901 val_loss=0.5985 val_BA=0.500 mejor_epoca=2
2026-09-27 01:49:35,648 INFO FRAIWAN_Extended/dn fold 2: config 8 (lr=0.0003, dropout=0.3) epoca 3: train_loss=0.3838 val_loss=0.5613 val_BA=0.500 mejor_epoca=3
2026-09-27 01:49:35,745 INFO FRAIWAN_Extended/dn fold 2: config 8 (lr=0.0003, dropout=0.3) epoca 4: train_loss=0.2998 val_loss=0.5163 val_BA=0.500 mejor_epoca=4
2026-09-27 01:49:35,843 INFO FRAIWAN_Extended/dn fold 2: config 8 (lr=0.0003, dropout=0.3) epoca 5: train_loss=0.2255 val_loss=0.4963 val_BA=0.500 mejor_epoca=5
2026-09-27 01:49:35,940 INFO FRAIWAN_Extended/dn fold 2: config 8 (lr=0.0003, dropout=0.3) epoca 6: train_loss=0.1907 val_loss=0.4696 val_BA=0.500 mejor_epoca=6
2026-09-27 01:49:36,038 INFO FRAIWAN_Extended/dn fold 2: config 8 (lr=0.0003, dropout=0.3) epoca 7: train_loss=0.1352 val_loss=0.4389 val_BA=0.500 mejor_epoca=7
2026-09-27 01:49:36,237 INFO FRAIWAN_Extended/dn fold 2: config 8 (lr=0.0003, dropout=0.3) epoca 9: train_loss=0.1213 val_loss=0.4369 val_BA=0.500 mejor_epoca=9
2026-09-27 01:49:36,337 INFO FRAIWAN_Extended/dn fold 2: config 8 (lr=0.0003, dropout=0.3) epoca 10: train_loss=0.1112 val_loss=0.4415 val_BA=0.500 mejor_epoca=9
2026-09-27 01:49:36,537 INFO FRAIWAN_Extended/dn fold 2: config 8 (lr=0.0003, dropout=0.3) epoca 12: train_loss=0.0867 val_loss=0.4350 val_BA=0.500 mejor_epoca=12
2026-09-27 01:49:37,325 INFO FRAIWAN_Extended/dn fold 2: config 8 (lr=0.0003, dropout=0.3) epoca 20: train_loss=0.0585 val_loss=0.6237 val_BA=0.500 mejor_epoca=12
2026-09-27 01:49:38,050 INFO FRAIWAN_Extended/dn fold 2 config 8: OK val_BA=0.500 mejor_epoca=12 (0.0 min)
2026-09-27 01:49:38,181 INFO FRAIWAN_Extended/dn fold 2: config 9 (lr=0.0003, dropout=0.4) epoca 1: train_loss=0.7094 val_loss=0.6940 val_BA=0.167 mejor_epoca=1
2026-09-27 01:49:38,289 INFO FRAIWAN_Extended/dn fold 2: config 9 (lr=0.0003, dropout=0.4) epoca 2: train_loss=0.5444 val_loss=0.7306 val_BA=0.500 mejor_epoca=2
2026-09-27 01:49:38,506 INFO FRAIWAN_Extended/dn fold 2: config 9 (lr=0.0003, dropout=0.4) epoca 4: train_loss=0.3765 val_loss=0.6443 val_BA=0.500 mejor_epoca=4
2026-09-27 01:49:38,613 INFO FRAIWAN_Extended/dn fold 2: config 9 (lr=0.0003, dropout=0.4) epoca 5: train_loss=0.2687 val_loss=0.6327 val_BA=0.500 mejor_epoca=5
2026-09-27 01:49:38,721 INFO FRAIWAN_Extended/dn fold 2: config 9 (lr=0.0003, dropout=0.4) epoca 6: train_loss=0.2108 val_loss=0.5796 val_BA=0.500 mejor_epoca=6
2026-09-27 01:49:38,828 INFO FRAIWAN_Extended/dn fold 2: config 9 (lr=0.0003, dropout=0.4) epoca 7: train_loss=0.1587 val_loss=0.4645 val_BA=0.500 mejor_epoca=7
2026-09-27 01:49:38,935 INFO FRAIWAN_Extended/dn fold 2: config 9 (lr=0.0003, dropout=0.4) epoca 8: train_loss=0.1620 val_loss=0.4269 val_BA=0.500 mejor_epoca=8
2026-09-27 01:49:39,041 INFO FRAIWAN_Extended/dn fold 2: config 9 (lr=0.0003, dropout=0.4) epoca 9: train_loss=0.1154 val_loss=0.3857 val_BA=0.500 mejor_epoca=9
2026-09-27 01:49:39,147 INFO FRAIWAN_Extended/dn fold 2: config 9 (lr=0.0003, dropout=0.4) epoca 10: train_loss=0.1188 val_loss=1.0382 val_BA=0.250 mejor_epoca=9
2026-09-27 01:49:40,207 INFO FRAIWAN_Extended/dn fold 2: config 9 (lr=0.0003, dropout=0.4) epoca 20: train_loss=0.0602 val_loss=0.3546 val_BA=0.500 mejor_epoca=20
2026-09-27 01:49:41,057 INFO FRAIWAN_Extended/dn fold 2: config 9 (lr=0.0003, dropout=0.4) epoca 28: train_loss=0.0358 val_loss=2.1142 val_BA=0.667 mejor_epoca=28
2026-09-27 01:49:41,293 INFO FRAIWAN_Extended/dn fold 2: config 9 (lr=0.0003, dropout=0.4) epoca 30: train_loss=0.0383 val_loss=1.3804 val_BA=0.250 mejor_epoca=28
2026-09-27 01:49:42,411 INFO FRAIWAN_Extended/dn fold 2: config 9 (lr=0.0003, dropout=0.4) epoca 40: train_loss=0.0217 val_loss=1.5209 val_BA=0.417 mejor_epoca=28
2026-09-27 01:49:42,764 INFO FRAIWAN_Extended/dn fold 2 config 9: OK val_BA=0.667 mejor_epoca=28 (0.1 min)
2026-09-27 01:49:42,927 INFO FRAIWAN_Extended/dn fold 2: config 10 (lr=0.0003, dropout=0.4) epoca 1: train_loss=0.6921 val_loss=0.6675 val_BA=0.500 mejor_epoca=1
2026-09-27 01:49:43,068 INFO FRAIWAN_Extended/dn fold 2: config 10 (lr=0.0003, dropout=0.4) epoca 2: train_loss=0.4763 val_loss=0.6012 val_BA=0.500 mejor_epoca=2
2026-09-27 01:49:43,210 INFO FRAIWAN_Extended/dn fold 2: config 10 (lr=0.0003, dropout=0.4) epoca 3: train_loss=0.3851 val_loss=0.4874 val_BA=0.500 mejor_epoca=3
2026-09-27 01:49:43,350 INFO FRAIWAN_Extended/dn fold 2: config 10 (lr=0.0003, dropout=0.4) epoca 4: train_loss=0.2780 val_loss=0.3389 val_BA=0.500 mejor_epoca=4
2026-09-27 01:49:43,748 INFO FRAIWAN_Extended/dn fold 2: config 10 (lr=0.0003, dropout=0.4) epoca 7: train_loss=0.1828 val_loss=0.3265 val_BA=0.500 mejor_epoca=7
2026-09-27 01:49:44,131 INFO FRAIWAN_Extended/dn fold 2: config 10 (lr=0.0003, dropout=0.4) epoca 10: train_loss=0.0691 val_loss=1.4897 val_BA=0.167 mejor_epoca=7
2026-09-27 01:49:45,484 INFO FRAIWAN_Extended/dn fold 2: config 10 (lr=0.0003, dropout=0.4) epoca 20: train_loss=0.0619 val_loss=1.4670 val_BA=0.167 mejor_epoca=7
2026-09-27 01:49:45,893 INFO FRAIWAN_Extended/dn fold 2 config 10: OK val_BA=0.500 mejor_epoca=7 (0.1 min)
2026-09-27 01:49:46,030 INFO FRAIWAN_Extended/dn fold 2: config 11 (lr=0.0003, dropout=0.5) epoca 1: train_loss=0.7477 val_loss=0.6196 val_BA=0.500 mejor_epoca=1
2026-09-27 01:49:46,126 INFO FRAIWAN_Extended/dn fold 2: config 11 (lr=0.0003, dropout=0.5) epoca 2: train_loss=0.5294 val_loss=0.6078 val_BA=0.500 mejor_epoca=2
2026-09-27 01:49:46,223 INFO FRAIWAN_Extended/dn fold 2: config 11 (lr=0.0003, dropout=0.5) epoca 3: train_loss=0.4174 val_loss=0.5922 val_BA=0.500 mejor_epoca=3
2026-09-27 01:49:46,319 INFO FRAIWAN_Extended/dn fold 2: config 11 (lr=0.0003, dropout=0.5) epoca 4: train_loss=0.3662 val_loss=0.5838 val_BA=0.500 mejor_epoca=4
2026-09-27 01:49:46,416 INFO FRAIWAN_Extended/dn fold 2: config 11 (lr=0.0003, dropout=0.5) epoca 5: train_loss=0.2680 val_loss=0.5557 val_BA=0.500 mejor_epoca=5
2026-09-27 01:49:46,608 INFO FRAIWAN_Extended/dn fold 2: config 11 (lr=0.0003, dropout=0.5) epoca 7: train_loss=0.1484 val_loss=0.5146 val_BA=0.500 mejor_epoca=7
2026-09-27 01:49:46,704 INFO FRAIWAN_Extended/dn fold 2: config 11 (lr=0.0003, dropout=0.5) epoca 8: train_loss=0.1207 val_loss=0.4725 val_BA=0.500 mejor_epoca=8
2026-09-27 01:49:46,803 INFO FRAIWAN_Extended/dn fold 2: config 11 (lr=0.0003, dropout=0.5) epoca 9: train_loss=0.1133 val_loss=0.4396 val_BA=0.500 mejor_epoca=9
2026-09-27 01:49:46,903 INFO FRAIWAN_Extended/dn fold 2: config 11 (lr=0.0003, dropout=0.5) epoca 10: train_loss=0.0974 val_loss=0.3996 val_BA=0.500 mejor_epoca=10
2026-09-27 01:49:47,001 INFO FRAIWAN_Extended/dn fold 2: config 11 (lr=0.0003, dropout=0.5) epoca 11: train_loss=0.0905 val_loss=0.3748 val_BA=0.500 mejor_epoca=11
2026-09-27 01:49:47,895 INFO FRAIWAN_Extended/dn fold 2: config 11 (lr=0.0003, dropout=0.5) epoca 20: train_loss=0.0572 val_loss=1.1460 val_BA=0.250 mejor_epoca=11
2026-09-27 01:49:48,505 INFO FRAIWAN_Extended/dn fold 2 config 11: OK val_BA=0.500 mejor_epoca=11 (0.0 min)
2026-09-27 01:49:48,634 INFO FRAIWAN_Extended/dn fold 2: config 12 (lr=0.0003, dropout=0.5) epoca 1: train_loss=0.7109 val_loss=0.6149 val_BA=0.500 mejor_epoca=1
2026-09-27 01:49:48,742 INFO FRAIWAN_Extended/dn fold 2: config 12 (lr=0.0003, dropout=0.5) epoca 2: train_loss=0.5636 val_loss=0.5828 val_BA=0.500 mejor_epoca=2
2026-09-27 01:49:48,847 INFO FRAIWAN_Extended/dn fold 2: config 12 (lr=0.0003, dropout=0.5) epoca 3: train_loss=0.4046 val_loss=0.4993 val_BA=0.500 mejor_epoca=3
2026-09-27 01:49:48,954 INFO FRAIWAN_Extended/dn fold 2: config 12 (lr=0.0003, dropout=0.5) epoca 4: train_loss=0.3346 val_loss=0.4726 val_BA=0.500 mejor_epoca=4
2026-09-27 01:49:49,060 INFO FRAIWAN_Extended/dn fold 2: config 12 (lr=0.0003, dropout=0.5) epoca 5: train_loss=0.2930 val_loss=0.4452 val_BA=0.500 mejor_epoca=5
2026-09-27 01:49:49,168 INFO FRAIWAN_Extended/dn fold 2: config 12 (lr=0.0003, dropout=0.5) epoca 6: train_loss=0.2172 val_loss=0.4358 val_BA=0.500 mejor_epoca=6
2026-09-27 01:49:49,277 INFO FRAIWAN_Extended/dn fold 2: config 12 (lr=0.0003, dropout=0.5) epoca 7: train_loss=0.1830 val_loss=0.4094 val_BA=0.500 mejor_epoca=7
2026-09-27 01:49:49,494 INFO FRAIWAN_Extended/dn fold 2: config 12 (lr=0.0003, dropout=0.5) epoca 9: train_loss=0.1192 val_loss=0.3943 val_BA=0.500 mejor_epoca=9
2026-09-27 01:49:49,601 INFO FRAIWAN_Extended/dn fold 2: config 12 (lr=0.0003, dropout=0.5) epoca 10: train_loss=0.0959 val_loss=0.4259 val_BA=0.500 mejor_epoca=9
2026-09-27 01:49:50,231 INFO FRAIWAN_Extended/dn fold 2: config 12 (lr=0.0003, dropout=0.5) epoca 16: train_loss=0.0576 val_loss=0.3844 val_BA=0.500 mejor_epoca=16
2026-09-27 01:49:50,644 INFO FRAIWAN_Extended/dn fold 2: config 12 (lr=0.0003, dropout=0.5) epoca 20: train_loss=0.0465 val_loss=0.6266 val_BA=0.500 mejor_epoca=16
2026-09-27 01:49:51,755 INFO FRAIWAN_Extended/dn fold 2: config 12 (lr=0.0003, dropout=0.5) epoca 30: train_loss=0.0312 val_loss=1.1299 val_BA=0.250 mejor_epoca=16
2026-09-27 01:49:51,901 INFO FRAIWAN_Extended/dn fold 2 config 12: OK val_BA=0.500 mejor_epoca=16 (0.1 min)
2026-09-27 01:49:52,070 INFO FRAIWAN_Extended/dn fold 2: config 13 (lr=0.001, dropout=0.2) epoca 1: train_loss=0.6163 val_loss=0.4307 val_BA=0.500 mejor_epoca=1
2026-09-27 01:49:53,448 INFO FRAIWAN_Extended/dn fold 2: config 13 (lr=0.001, dropout=0.2) epoca 10: train_loss=0.1810 val_loss=2.0169 val_BA=0.250 mejor_epoca=1
2026-09-27 01:49:54,733 INFO FRAIWAN_Extended/dn fold 2: config 13 (lr=0.001, dropout=0.2) epoca 20: train_loss=0.1357 val_loss=0.8270 val_BA=0.500 mejor_epoca=1
2026-09-27 01:49:54,752 INFO FRAIWAN_Extended/dn fold 2 config 13: OK val_BA=0.500 mejor_epoca=1 (0.0 min)
2026-09-27 01:49:54,867 INFO FRAIWAN_Extended/dn fold 2: config 14 (lr=0.001, dropout=0.3) epoca 1: train_loss=0.6625 val_loss=0.6513 val_BA=0.500 mejor_epoca=1
2026-09-27 01:49:54,961 INFO FRAIWAN_Extended/dn fold 2: config 14 (lr=0.001, dropout=0.3) epoca 2: train_loss=0.5479 val_loss=0.5423 val_BA=0.500 mejor_epoca=2
2026-09-27 01:49:55,247 INFO FRAIWAN_Extended/dn fold 2: config 14 (lr=0.001, dropout=0.3) epoca 5: train_loss=0.3059 val_loss=0.5234 val_BA=0.500 mejor_epoca=5
2026-09-27 01:49:55,344 INFO FRAIWAN_Extended/dn fold 2: config 14 (lr=0.001, dropout=0.3) epoca 6: train_loss=0.2245 val_loss=0.4067 val_BA=0.500 mejor_epoca=6
2026-09-27 01:49:55,731 INFO FRAIWAN_Extended/dn fold 2: config 14 (lr=0.001, dropout=0.3) epoca 10: train_loss=0.3339 val_loss=0.8206 val_BA=0.417 mejor_epoca=6
2026-09-27 01:49:56,689 INFO FRAIWAN_Extended/dn fold 2: config 14 (lr=0.001, dropout=0.3) epoca 20: train_loss=0.0323 val_loss=0.5091 val_BA=0.500 mejor_epoca=6
2026-09-27 01:49:56,805 INFO FRAIWAN_Extended/dn fold 2 config 14: OK val_BA=0.500 mejor_epoca=6 (0.0 min)
2026-09-27 01:49:56,931 INFO FRAIWAN_Extended/dn fold 2: config 15 (lr=0.001, dropout=0.3) epoca 1: train_loss=0.6705 val_loss=0.5688 val_BA=0.500 mejor_epoca=1
2026-09-27 01:49:57,246 INFO FRAIWAN_Extended/dn fold 2: config 15 (lr=0.001, dropout=0.3) epoca 4: train_loss=0.2947 val_loss=0.4023 val_BA=0.500 mejor_epoca=4
2026-09-27 01:49:57,876 INFO FRAIWAN_Extended/dn fold 2: config 15 (lr=0.001, dropout=0.3) epoca 10: train_loss=0.0793 val_loss=2.6718 val_BA=0.583 mejor_epoca=10
2026-09-27 01:49:58,947 INFO FRAIWAN_Extended/dn fold 2: config 15 (lr=0.001, dropout=0.3) epoca 20: train_loss=0.0232 val_loss=2.2549 val_BA=0.750 mejor_epoca=20
2026-09-27 01:50:00,020 INFO FRAIWAN_Extended/dn fold 2: config 15 (lr=0.001, dropout=0.3) epoca 30: train_loss=0.0061 val_loss=1.0119 val_BA=0.417 mejor_epoca=20
2026-09-27 01:50:00,599 INFO FRAIWAN_Extended/dn fold 2 config 15: OK val_BA=0.750 mejor_epoca=20 (0.1 min)
2026-09-27 01:50:00,767 INFO FRAIWAN_Extended/dn fold 2: config 16 (lr=0.001, dropout=0.4) epoca 1: train_loss=0.7329 val_loss=0.6499 val_BA=0.500 mejor_epoca=1
2026-09-27 01:50:01,644 INFO FRAIWAN_Extended/dn fold 2: config 16 (lr=0.001, dropout=0.4) epoca 7: train_loss=0.1809 val_loss=3.1740 val_BA=0.667 mejor_epoca=7
2026-09-27 01:50:02,074 INFO FRAIWAN_Extended/dn fold 2: config 16 (lr=0.001, dropout=0.4) epoca 10: train_loss=0.1405 val_loss=1.4454 val_BA=0.333 mejor_epoca=7
2026-09-27 01:50:03,576 INFO FRAIWAN_Extended/dn fold 2: config 16 (lr=0.001, dropout=0.4) epoca 20: train_loss=0.0217 val_loss=2.3241 val_BA=0.250 mejor_epoca=7
2026-09-27 01:50:03,894 INFO FRAIWAN_Extended/dn fold 2 config 16: OK val_BA=0.667 mejor_epoca=7 (0.1 min)
2026-09-27 01:50:04,027 INFO FRAIWAN_Extended/dn fold 2: config 17 (lr=0.001, dropout=0.5) epoca 1: train_loss=0.6344 val_loss=0.5801 val_BA=0.500 mejor_epoca=1
2026-09-27 01:50:04,140 INFO FRAIWAN_Extended/dn fold 2: config 17 (lr=0.001, dropout=0.5) epoca 2: train_loss=0.5178 val_loss=0.4798 val_BA=0.500 mejor_epoca=2
2026-09-27 01:50:04,254 INFO FRAIWAN_Extended/dn fold 2: config 17 (lr=0.001, dropout=0.5) epoca 3: train_loss=0.4444 val_loss=0.3837 val_BA=0.500 mejor_epoca=3
2026-09-27 01:50:04,365 INFO FRAIWAN_Extended/dn fold 2: config 17 (lr=0.001, dropout=0.5) epoca 4: train_loss=0.2936 val_loss=0.3140 val_BA=0.500 mejor_epoca=4
2026-09-27 01:50:05,017 INFO FRAIWAN_Extended/dn fold 2: config 17 (lr=0.001, dropout=0.5) epoca 10: train_loss=0.1294 val_loss=0.6656 val_BA=0.500 mejor_epoca=4
2026-09-27 01:50:06,127 INFO FRAIWAN_Extended/dn fold 2: config 17 (lr=0.001, dropout=0.5) epoca 20: train_loss=0.1038 val_loss=0.5161 val_BA=0.500 mejor_epoca=4
2026-09-27 01:50:06,147 INFO FRAIWAN_Extended/dn fold 2 config 17: OK val_BA=0.500 mejor_epoca=4 (0.0 min)
2026-09-27 01:50:06,268 INFO FRAIWAN_Extended/dn fold 2: config 18 (lr=0.001, dropout=0.5) epoca 1: train_loss=0.6728 val_loss=0.5722 val_BA=0.500 mejor_epoca=1
2026-09-27 01:50:06,367 INFO FRAIWAN_Extended/dn fold 2: config 18 (lr=0.001, dropout=0.5) epoca 2: train_loss=0.5383 val_loss=0.4839 val_BA=0.500 mejor_epoca=2
2026-09-27 01:50:06,465 INFO FRAIWAN_Extended/dn fold 2: config 18 (lr=0.001, dropout=0.5) epoca 3: train_loss=0.4729 val_loss=0.4346 val_BA=0.500 mejor_epoca=3
2026-09-27 01:50:06,859 INFO FRAIWAN_Extended/dn fold 2: config 18 (lr=0.001, dropout=0.5) epoca 7: train_loss=0.2238 val_loss=0.3738 val_BA=0.500 mejor_epoca=7
2026-09-27 01:50:06,957 INFO FRAIWAN_Extended/dn fold 2: config 18 (lr=0.001, dropout=0.5) epoca 8: train_loss=0.1711 val_loss=0.3167 val_BA=0.500 mejor_epoca=8
2026-09-27 01:50:07,154 INFO FRAIWAN_Extended/dn fold 2: config 18 (lr=0.001, dropout=0.5) epoca 10: train_loss=0.1428 val_loss=0.3568 val_BA=0.500 mejor_epoca=8
2026-09-27 01:50:08,152 INFO FRAIWAN_Extended/dn fold 2: config 18 (lr=0.001, dropout=0.5) epoca 20: train_loss=0.0342 val_loss=1.6664 val_BA=0.333 mejor_epoca=8
2026-09-27 01:50:08,349 INFO FRAIWAN_Extended/dn fold 2: config 18 (lr=0.001, dropout=0.5) epoca 22: train_loss=0.0300 val_loss=3.4483 val_BA=0.667 mejor_epoca=22
2026-09-27 01:50:08,453 INFO FRAIWAN_Extended/dn fold 2: config 18 (lr=0.001, dropout=0.5) epoca 23: train_loss=0.0435 val_loss=2.7365 val_BA=0.750 mejor_epoca=23
2026-09-27 01:50:09,140 INFO FRAIWAN_Extended/dn fold 2: config 18 (lr=0.001, dropout=0.5) epoca 30: train_loss=0.0148 val_loss=1.0957 val_BA=0.500 mejor_epoca=23
2026-09-27 01:50:09,940 INFO FRAIWAN_Extended/dn fold 2 config 18: OK val_BA=0.750 mejor_epoca=23 (0.1 min)
2026-09-27 01:50:10,059 INFO FRAIWAN_Extended/dn fold 2: config 19 (lr=0.001, dropout=0.5) epoca 1: train_loss=0.7349 val_loss=0.6886 val_BA=0.500 mejor_epoca=1
2026-09-27 01:50:10,270 INFO FRAIWAN_Extended/dn fold 2: config 19 (lr=0.001, dropout=0.5) epoca 3: train_loss=0.5375 val_loss=0.5748 val_BA=0.500 mejor_epoca=3
2026-09-27 01:50:10,369 INFO FRAIWAN_Extended/dn fold 2: config 19 (lr=0.001, dropout=0.5) epoca 4: train_loss=0.4198 val_loss=0.5227 val_BA=0.500 mejor_epoca=4
2026-09-27 01:50:10,473 INFO FRAIWAN_Extended/dn fold 2: config 19 (lr=0.001, dropout=0.5) epoca 5: train_loss=0.3304 val_loss=0.5004 val_BA=0.500 mejor_epoca=5
2026-09-27 01:50:10,574 INFO FRAIWAN_Extended/dn fold 2: config 19 (lr=0.001, dropout=0.5) epoca 6: train_loss=0.2626 val_loss=0.4045 val_BA=0.500 mejor_epoca=6
2026-09-27 01:50:10,772 INFO FRAIWAN_Extended/dn fold 2: config 19 (lr=0.001, dropout=0.5) epoca 8: train_loss=0.1791 val_loss=0.3964 val_BA=0.500 mejor_epoca=8
2026-09-27 01:50:10,977 INFO FRAIWAN_Extended/dn fold 2: config 19 (lr=0.001, dropout=0.5) epoca 10: train_loss=0.1096 val_loss=0.3993 val_BA=0.500 mejor_epoca=8
2026-09-27 01:50:11,792 INFO FRAIWAN_Extended/dn fold 2: config 19 (lr=0.001, dropout=0.5) epoca 18: train_loss=0.0443 val_loss=1.3145 val_BA=0.833 mejor_epoca=18
2026-09-27 01:50:11,992 INFO FRAIWAN_Extended/dn fold 2: config 19 (lr=0.001, dropout=0.5) epoca 20: train_loss=0.0404 val_loss=1.9069 val_BA=0.167 mejor_epoca=18
2026-09-27 01:50:13,024 INFO FRAIWAN_Extended/dn fold 2: config 19 (lr=0.001, dropout=0.5) epoca 30: train_loss=0.0175 val_loss=2.0548 val_BA=0.250 mejor_epoca=18
2026-09-27 01:50:13,348 INFO FRAIWAN_Extended/dn fold 2 config 19: OK val_BA=0.833 mejor_epoca=18 (0.1 min)
2026-09-27 01:50:13,385 INFO FRAIWAN_Extended/dn fold 3: log-mel dn listo en 0.0 s, forma (187, 1, 64, 309)
2026-09-27 01:50:13,389 INFO FRAIWAN_Extended/dn fold 3: 27/7 pacientes train/validation, 20 de 20 configuracion(es) por evaluar
2026-09-27 01:50:13,557 INFO FRAIWAN_Extended/dn fold 3: config 0 (lr=0.0001, dropout=0.3) epoca 1: train_loss=0.6749 val_loss=0.5930 val_BA=0.500 mejor_epoca=1
2026-09-27 01:50:13,697 INFO FRAIWAN_Extended/dn fold 3: config 0 (lr=0.0001, dropout=0.3) epoca 2: train_loss=0.4831 val_loss=0.5396 val_BA=0.500 mejor_epoca=2
2026-09-27 01:50:13,837 INFO FRAIWAN_Extended/dn fold 3: config 0 (lr=0.0001, dropout=0.3) epoca 3: train_loss=0.4082 val_loss=0.4608 val_BA=0.500 mejor_epoca=3
2026-09-27 01:50:13,976 INFO FRAIWAN_Extended/dn fold 3: config 0 (lr=0.0001, dropout=0.3) epoca 4: train_loss=0.3548 val_loss=0.4203 val_BA=0.500 mejor_epoca=4
2026-09-27 01:50:14,116 INFO FRAIWAN_Extended/dn fold 3: config 0 (lr=0.0001, dropout=0.3) epoca 5: train_loss=0.2602 val_loss=0.3829 val_BA=0.500 mejor_epoca=5
2026-09-27 01:50:14,393 INFO FRAIWAN_Extended/dn fold 3: config 0 (lr=0.0001, dropout=0.3) epoca 7: train_loss=0.1285 val_loss=0.7362 val_BA=0.833 mejor_epoca=7
2026-09-27 01:50:14,662 INFO FRAIWAN_Extended/dn fold 3: config 0 (lr=0.0001, dropout=0.3) epoca 9: train_loss=0.0942 val_loss=0.6168 val_BA=0.917 mejor_epoca=9
2026-09-27 01:50:14,799 INFO FRAIWAN_Extended/dn fold 3: config 0 (lr=0.0001, dropout=0.3) epoca 10: train_loss=0.0769 val_loss=0.6414 val_BA=0.917 mejor_epoca=9
2026-09-27 01:50:15,202 INFO FRAIWAN_Extended/dn fold 3: config 0 (lr=0.0001, dropout=0.3) epoca 13: train_loss=0.0610 val_loss=0.5671 val_BA=0.917 mejor_epoca=13
2026-09-27 01:50:15,332 INFO FRAIWAN_Extended/dn fold 3: config 0 (lr=0.0001, dropout=0.3) epoca 14: train_loss=0.0630 val_loss=0.3222 val_BA=1.000 mejor_epoca=14
2026-09-27 01:50:16,161 INFO FRAIWAN_Extended/dn fold 3: config 0 (lr=0.0001, dropout=0.3) epoca 20: train_loss=0.0402 val_loss=0.3816 val_BA=1.000 mejor_epoca=14
2026-09-27 01:50:16,416 INFO FRAIWAN_Extended/dn fold 3: config 0 (lr=0.0001, dropout=0.3) epoca 22: train_loss=0.0368 val_loss=0.2337 val_BA=1.000 mejor_epoca=22
2026-09-27 01:50:16,955 INFO FRAIWAN_Extended/dn fold 3: config 0 (lr=0.0001, dropout=0.3) epoca 26: train_loss=0.0365 val_loss=0.2181 val_BA=1.000 mejor_epoca=26
2026-09-27 01:50:17,498 INFO FRAIWAN_Extended/dn fold 3: config 0 (lr=0.0001, dropout=0.3) epoca 30: train_loss=0.0307 val_loss=0.1812 val_BA=1.000 mejor_epoca=30
2026-09-27 01:50:18,880 INFO FRAIWAN_Extended/dn fold 3: config 0 (lr=0.0001, dropout=0.3) epoca 40: train_loss=0.0227 val_loss=0.3985 val_BA=1.000 mejor_epoca=30
2026-09-27 01:50:19,591 INFO FRAIWAN_Extended/dn fold 3 config 0: OK val_BA=1.000 mejor_epoca=30 (0.1 min)
2026-09-27 01:50:19,710 INFO FRAIWAN_Extended/dn fold 3: config 1 (lr=0.0001, dropout=0.3) epoca 1: train_loss=0.7107 val_loss=0.6662 val_BA=0.500 mejor_epoca=1
2026-09-27 01:50:19,806 INFO FRAIWAN_Extended/dn fold 3: config 1 (lr=0.0001, dropout=0.3) epoca 2: train_loss=0.5420 val_loss=0.6506 val_BA=0.500 mejor_epoca=2
2026-09-27 01:50:19,903 INFO FRAIWAN_Extended/dn fold 3: config 1 (lr=0.0001, dropout=0.3) epoca 3: train_loss=0.4468 val_loss=0.6334 val_BA=0.500 mejor_epoca=3
2026-09-27 01:50:20,000 INFO FRAIWAN_Extended/dn fold 3: config 1 (lr=0.0001, dropout=0.3) epoca 4: train_loss=0.4085 val_loss=0.6144 val_BA=0.500 mejor_epoca=4
2026-09-27 01:50:20,098 INFO FRAIWAN_Extended/dn fold 3: config 1 (lr=0.0001, dropout=0.3) epoca 5: train_loss=0.3373 val_loss=0.5945 val_BA=0.500 mejor_epoca=5
2026-09-27 01:50:20,197 INFO FRAIWAN_Extended/dn fold 3: config 1 (lr=0.0001, dropout=0.3) epoca 6: train_loss=0.2804 val_loss=0.5685 val_BA=0.500 mejor_epoca=6
2026-09-27 01:50:20,296 INFO FRAIWAN_Extended/dn fold 3: config 1 (lr=0.0001, dropout=0.3) epoca 7: train_loss=0.2298 val_loss=0.5380 val_BA=0.500 mejor_epoca=7
2026-09-27 01:50:20,395 INFO FRAIWAN_Extended/dn fold 3: config 1 (lr=0.0001, dropout=0.3) epoca 8: train_loss=0.1780 val_loss=0.5075 val_BA=0.500 mejor_epoca=8
2026-09-27 01:50:20,494 INFO FRAIWAN_Extended/dn fold 3: config 1 (lr=0.0001, dropout=0.3) epoca 9: train_loss=0.1557 val_loss=0.4835 val_BA=0.500 mejor_epoca=9
2026-09-27 01:50:20,594 INFO FRAIWAN_Extended/dn fold 3: config 1 (lr=0.0001, dropout=0.3) epoca 10: train_loss=0.1337 val_loss=0.4571 val_BA=0.500 mejor_epoca=10
2026-09-27 01:50:20,693 INFO FRAIWAN_Extended/dn fold 3: config 1 (lr=0.0001, dropout=0.3) epoca 11: train_loss=0.1244 val_loss=0.4516 val_BA=0.500 mejor_epoca=11
2026-09-27 01:50:20,792 INFO FRAIWAN_Extended/dn fold 3: config 1 (lr=0.0001, dropout=0.3) epoca 12: train_loss=0.1145 val_loss=0.4312 val_BA=0.500 mejor_epoca=12
2026-09-27 01:50:20,989 INFO FRAIWAN_Extended/dn fold 3: config 1 (lr=0.0001, dropout=0.3) epoca 14: train_loss=0.0944 val_loss=0.4178 val_BA=0.500 mejor_epoca=14
2026-09-27 01:50:21,195 INFO FRAIWAN_Extended/dn fold 3: config 1 (lr=0.0001, dropout=0.3) epoca 16: train_loss=0.0798 val_loss=0.4034 val_BA=0.500 mejor_epoca=16
2026-09-27 01:50:21,296 INFO FRAIWAN_Extended/dn fold 3: config 1 (lr=0.0001, dropout=0.3) epoca 17: train_loss=0.0839 val_loss=0.3592 val_BA=0.500 mejor_epoca=17
2026-09-27 01:50:21,586 INFO FRAIWAN_Extended/dn fold 3: config 1 (lr=0.0001, dropout=0.3) epoca 20: train_loss=0.0654 val_loss=0.4820 val_BA=0.500 mejor_epoca=17
2026-09-27 01:50:21,779 INFO FRAIWAN_Extended/dn fold 3: config 1 (lr=0.0001, dropout=0.3) epoca 22: train_loss=0.0676 val_loss=0.8524 val_BA=0.917 mejor_epoca=22
2026-09-27 01:50:22,477 INFO FRAIWAN_Extended/dn fold 3: config 1 (lr=0.0001, dropout=0.3) epoca 29: train_loss=0.0555 val_loss=0.6876 val_BA=0.917 mejor_epoca=29
2026-09-27 01:50:22,577 INFO FRAIWAN_Extended/dn fold 3: config 1 (lr=0.0001, dropout=0.3) epoca 30: train_loss=0.0528 val_loss=0.8300 val_BA=0.833 mejor_epoca=29
2026-09-27 01:50:22,771 INFO FRAIWAN_Extended/dn fold 3: config 1 (lr=0.0001, dropout=0.3) epoca 32: train_loss=0.0538 val_loss=0.6660 val_BA=0.917 mejor_epoca=32
2026-09-27 01:50:23,552 INFO FRAIWAN_Extended/dn fold 3: config 1 (lr=0.0001, dropout=0.3) epoca 40: train_loss=0.0485 val_loss=0.5829 val_BA=0.417 mejor_epoca=32
2026-09-27 01:50:24,260 INFO FRAIWAN_Extended/dn fold 3 config 1: OK val_BA=0.917 mejor_epoca=32 (0.1 min)
2026-09-27 01:50:24,389 INFO FRAIWAN_Extended/dn fold 3: config 2 (lr=0.0001, dropout=0.4) epoca 1: train_loss=0.6571 val_loss=0.6562 val_BA=0.500 mejor_epoca=1
2026-09-27 01:50:24,709 INFO FRAIWAN_Extended/dn fold 3: config 2 (lr=0.0001, dropout=0.4) epoca 4: train_loss=0.4153 val_loss=0.6904 val_BA=0.750 mejor_epoca=4
2026-09-27 01:50:24,815 INFO FRAIWAN_Extended/dn fold 3: config 2 (lr=0.0001, dropout=0.4) epoca 5: train_loss=0.3845 val_loss=0.6817 val_BA=0.917 mejor_epoca=5
2026-09-27 01:50:25,350 INFO FRAIWAN_Extended/dn fold 3: config 2 (lr=0.0001, dropout=0.4) epoca 10: train_loss=0.1487 val_loss=0.5359 val_BA=0.417 mejor_epoca=5
2026-09-27 01:50:25,780 INFO FRAIWAN_Extended/dn fold 3: config 2 (lr=0.0001, dropout=0.4) epoca 14: train_loss=0.1044 val_loss=0.3709 val_BA=1.000 mejor_epoca=14
2026-09-27 01:50:26,450 INFO FRAIWAN_Extended/dn fold 3: config 2 (lr=0.0001, dropout=0.4) epoca 20: train_loss=0.0804 val_loss=0.4372 val_BA=0.500 mejor_epoca=14
2026-09-27 01:50:27,480 INFO FRAIWAN_Extended/dn fold 3 config 2: OK val_BA=1.000 mejor_epoca=14 (0.1 min)
2026-09-27 01:50:27,647 INFO FRAIWAN_Extended/dn fold 3: config 3 (lr=0.0001, dropout=0.4) epoca 1: train_loss=0.6694 val_loss=0.6409 val_BA=0.500 mejor_epoca=1
2026-09-27 01:50:27,790 INFO FRAIWAN_Extended/dn fold 3: config 3 (lr=0.0001, dropout=0.4) epoca 2: train_loss=0.5226 val_loss=0.5986 val_BA=0.500 mejor_epoca=2
2026-09-27 01:50:27,934 INFO FRAIWAN_Extended/dn fold 3: config 3 (lr=0.0001, dropout=0.4) epoca 3: train_loss=0.4306 val_loss=0.5896 val_BA=0.500 mejor_epoca=3
2026-09-27 01:50:28,220 INFO FRAIWAN_Extended/dn fold 3: config 3 (lr=0.0001, dropout=0.4) epoca 5: train_loss=0.3005 val_loss=0.5720 val_BA=0.917 mejor_epoca=5
2026-09-27 01:50:28,360 INFO FRAIWAN_Extended/dn fold 3: config 3 (lr=0.0001, dropout=0.4) epoca 6: train_loss=0.2395 val_loss=0.4312 val_BA=1.000 mejor_epoca=6
2026-09-27 01:50:28,937 INFO FRAIWAN_Extended/dn fold 3: config 3 (lr=0.0001, dropout=0.4) epoca 10: train_loss=0.1163 val_loss=0.6907 val_BA=0.917 mejor_epoca=6
2026-09-27 01:50:29,942 INFO FRAIWAN_Extended/dn fold 3: config 3 (lr=0.0001, dropout=0.4) epoca 17: train_loss=0.0664 val_loss=0.3423 val_BA=1.000 mejor_epoca=17
2026-09-27 01:50:30,339 INFO FRAIWAN_Extended/dn fold 3: config 3 (lr=0.0001, dropout=0.4) epoca 20: train_loss=0.0608 val_loss=0.4422 val_BA=1.000 mejor_epoca=17
2026-09-27 01:50:31,717 INFO FRAIWAN_Extended/dn fold 3: config 3 (lr=0.0001, dropout=0.4) epoca 30: train_loss=0.0345 val_loss=0.5331 val_BA=1.000 mejor_epoca=17
2026-09-27 01:50:32,076 INFO FRAIWAN_Extended/dn fold 3 config 3: OK val_BA=1.000 mejor_epoca=17 (0.1 min)
2026-09-27 01:50:32,210 INFO FRAIWAN_Extended/dn fold 3: config 4 (lr=0.0001, dropout=0.4) epoca 1: train_loss=0.6921 val_loss=0.6483 val_BA=0.500 mejor_epoca=1
2026-09-27 01:50:32,319 INFO FRAIWAN_Extended/dn fold 3: config 4 (lr=0.0001, dropout=0.4) epoca 2: train_loss=0.5057 val_loss=0.6216 val_BA=0.500 mejor_epoca=2
2026-09-27 01:50:32,429 INFO FRAIWAN_Extended/dn fold 3: config 4 (lr=0.0001, dropout=0.4) epoca 3: train_loss=0.4344 val_loss=0.5936 val_BA=0.500 mejor_epoca=3
2026-09-27 01:50:32,536 INFO FRAIWAN_Extended/dn fold 3: config 4 (lr=0.0001, dropout=0.4) epoca 4: train_loss=0.3563 val_loss=0.5635 val_BA=0.500 mejor_epoca=4
2026-09-27 01:50:32,651 INFO FRAIWAN_Extended/dn fold 3: config 4 (lr=0.0001, dropout=0.4) epoca 5: train_loss=0.2950 val_loss=0.5242 val_BA=0.500 mejor_epoca=5
2026-09-27 01:50:32,759 INFO FRAIWAN_Extended/dn fold 3: config 4 (lr=0.0001, dropout=0.4) epoca 6: train_loss=0.2313 val_loss=0.4663 val_BA=0.500 mejor_epoca=6
2026-09-27 01:50:32,866 INFO FRAIWAN_Extended/dn fold 3: config 4 (lr=0.0001, dropout=0.4) epoca 7: train_loss=0.1848 val_loss=0.4458 val_BA=0.500 mejor_epoca=7
2026-09-27 01:50:32,974 INFO FRAIWAN_Extended/dn fold 3: config 4 (lr=0.0001, dropout=0.4) epoca 8: train_loss=0.1352 val_loss=0.4000 val_BA=0.500 mejor_epoca=8
2026-09-27 01:50:33,101 INFO FRAIWAN_Extended/dn fold 3: config 4 (lr=0.0001, dropout=0.4) epoca 9: train_loss=0.1756 val_loss=0.3911 val_BA=1.000 mejor_epoca=9
2026-09-27 01:50:33,210 INFO FRAIWAN_Extended/dn fold 3: config 4 (lr=0.0001, dropout=0.4) epoca 10: train_loss=0.1077 val_loss=0.5092 val_BA=0.417 mejor_epoca=9
2026-09-27 01:50:33,550 INFO FRAIWAN_Extended/dn fold 3: config 4 (lr=0.0001, dropout=0.4) epoca 13: train_loss=0.0891 val_loss=0.3438 val_BA=1.000 mejor_epoca=13
2026-09-27 01:50:34,297 INFO FRAIWAN_Extended/dn fold 3: config 4 (lr=0.0001, dropout=0.4) epoca 20: train_loss=0.0582 val_loss=0.5076 val_BA=0.917 mejor_epoca=13
2026-09-27 01:50:35,166 INFO FRAIWAN_Extended/dn fold 3 config 4: OK val_BA=1.000 mejor_epoca=13 (0.1 min)
2026-09-27 01:50:35,289 INFO FRAIWAN_Extended/dn fold 3: config 5 (lr=0.0001, dropout=0.4) epoca 1: train_loss=0.7260 val_loss=0.6769 val_BA=0.500 mejor_epoca=1
2026-09-27 01:50:35,387 INFO FRAIWAN_Extended/dn fold 3: config 5 (lr=0.0001, dropout=0.4) epoca 2: train_loss=0.5763 val_loss=0.6722 val_BA=0.500 mejor_epoca=2
2026-09-27 01:50:35,485 INFO FRAIWAN_Extended/dn fold 3: config 5 (lr=0.0001, dropout=0.4) epoca 3: train_loss=0.4865 val_loss=0.6583 val_BA=0.500 mejor_epoca=3
2026-09-27 01:50:35,583 INFO FRAIWAN_Extended/dn fold 3: config 5 (lr=0.0001, dropout=0.4) epoca 4: train_loss=0.4175 val_loss=0.6447 val_BA=0.500 mejor_epoca=4
2026-09-27 01:50:35,680 INFO FRAIWAN_Extended/dn fold 3: config 5 (lr=0.0001, dropout=0.4) epoca 5: train_loss=0.3708 val_loss=0.6285 val_BA=0.500 mejor_epoca=5
2026-09-27 01:50:35,776 INFO FRAIWAN_Extended/dn fold 3: config 5 (lr=0.0001, dropout=0.4) epoca 6: train_loss=0.3287 val_loss=0.6121 val_BA=0.500 mejor_epoca=6
2026-09-27 01:50:35,873 INFO FRAIWAN_Extended/dn fold 3: config 5 (lr=0.0001, dropout=0.4) epoca 7: train_loss=0.2888 val_loss=0.5932 val_BA=0.500 mejor_epoca=7
2026-09-27 01:50:35,969 INFO FRAIWAN_Extended/dn fold 3: config 5 (lr=0.0001, dropout=0.4) epoca 8: train_loss=0.2568 val_loss=0.5653 val_BA=0.500 mejor_epoca=8
2026-09-27 01:50:36,068 INFO FRAIWAN_Extended/dn fold 3: config 5 (lr=0.0001, dropout=0.4) epoca 9: train_loss=0.2231 val_loss=0.5402 val_BA=0.500 mejor_epoca=9
2026-09-27 01:50:36,166 INFO FRAIWAN_Extended/dn fold 3: config 5 (lr=0.0001, dropout=0.4) epoca 10: train_loss=0.1943 val_loss=0.5129 val_BA=0.500 mejor_epoca=10
2026-09-27 01:50:36,265 INFO FRAIWAN_Extended/dn fold 3: config 5 (lr=0.0001, dropout=0.4) epoca 11: train_loss=0.1773 val_loss=0.4990 val_BA=0.500 mejor_epoca=11
2026-09-27 01:50:36,363 INFO FRAIWAN_Extended/dn fold 3: config 5 (lr=0.0001, dropout=0.4) epoca 12: train_loss=0.1521 val_loss=0.4900 val_BA=0.500 mejor_epoca=12
2026-09-27 01:50:36,461 INFO FRAIWAN_Extended/dn fold 3: config 5 (lr=0.0001, dropout=0.4) epoca 13: train_loss=0.1423 val_loss=0.4708 val_BA=0.500 mejor_epoca=13
2026-09-27 01:50:36,755 INFO FRAIWAN_Extended/dn fold 3: config 5 (lr=0.0001, dropout=0.4) epoca 16: train_loss=0.1081 val_loss=0.5290 val_BA=0.917 mejor_epoca=16
2026-09-27 01:50:37,148 INFO FRAIWAN_Extended/dn fold 3: config 5 (lr=0.0001, dropout=0.4) epoca 20: train_loss=0.0890 val_loss=0.4908 val_BA=0.917 mejor_epoca=20
2026-09-27 01:50:37,541 INFO FRAIWAN_Extended/dn fold 3: config 5 (lr=0.0001, dropout=0.4) epoca 24: train_loss=0.0800 val_loss=0.4811 val_BA=1.000 mejor_epoca=24
2026-09-27 01:50:38,128 INFO FRAIWAN_Extended/dn fold 3: config 5 (lr=0.0001, dropout=0.4) epoca 30: train_loss=0.0720 val_loss=0.4874 val_BA=0.500 mejor_epoca=24
2026-09-27 01:50:39,026 INFO FRAIWAN_Extended/dn fold 3 config 5: OK val_BA=1.000 mejor_epoca=24 (0.1 min)
2026-09-27 01:50:39,182 INFO FRAIWAN_Extended/dn fold 3: config 6 (lr=0.0001, dropout=0.5) epoca 1: train_loss=0.6392 val_loss=0.7205 val_BA=0.500 mejor_epoca=1
2026-09-27 01:50:39,583 INFO FRAIWAN_Extended/dn fold 3: config 6 (lr=0.0001, dropout=0.5) epoca 4: train_loss=0.3925 val_loss=0.7365 val_BA=0.833 mejor_epoca=4
2026-09-27 01:50:39,716 INFO FRAIWAN_Extended/dn fold 3: config 6 (lr=0.0001, dropout=0.5) epoca 5: train_loss=0.3085 val_loss=0.6860 val_BA=0.917 mejor_epoca=5
2026-09-27 01:50:39,849 INFO FRAIWAN_Extended/dn fold 3: config 6 (lr=0.0001, dropout=0.5) epoca 6: train_loss=0.2556 val_loss=0.5220 val_BA=0.917 mejor_epoca=6
2026-09-27 01:50:40,387 INFO FRAIWAN_Extended/dn fold 3: config 6 (lr=0.0001, dropout=0.5) epoca 10: train_loss=0.1562 val_loss=0.3042 val_BA=1.000 mejor_epoca=10
2026-09-27 01:50:41,799 INFO FRAIWAN_Extended/dn fold 3: config 6 (lr=0.0001, dropout=0.5) epoca 20: train_loss=0.1127 val_loss=0.4836 val_BA=0.917 mejor_epoca=10
2026-09-27 01:50:42,539 INFO FRAIWAN_Extended/dn fold 3 config 6: OK val_BA=1.000 mejor_epoca=10 (0.1 min)
2026-09-27 01:50:42,658 INFO FRAIWAN_Extended/dn fold 3: config 7 (lr=0.0001, dropout=0.5) epoca 1: train_loss=0.7026 val_loss=0.6964 val_BA=0.500 mejor_epoca=1
2026-09-27 01:50:42,754 INFO FRAIWAN_Extended/dn fold 3: config 7 (lr=0.0001, dropout=0.5) epoca 2: train_loss=0.5801 val_loss=0.6821 val_BA=0.500 mejor_epoca=2
2026-09-27 01:50:42,852 INFO FRAIWAN_Extended/dn fold 3: config 7 (lr=0.0001, dropout=0.5) epoca 3: train_loss=0.5112 val_loss=0.6700 val_BA=0.500 mejor_epoca=3
2026-09-27 01:50:42,949 INFO FRAIWAN_Extended/dn fold 3: config 7 (lr=0.0001, dropout=0.5) epoca 4: train_loss=0.4487 val_loss=0.6469 val_BA=0.500 mejor_epoca=4
2026-09-27 01:50:43,047 INFO FRAIWAN_Extended/dn fold 3: config 7 (lr=0.0001, dropout=0.5) epoca 5: train_loss=0.4066 val_loss=0.6256 val_BA=0.500 mejor_epoca=5
2026-09-27 01:50:43,145 INFO FRAIWAN_Extended/dn fold 3: config 7 (lr=0.0001, dropout=0.5) epoca 6: train_loss=0.3516 val_loss=0.6105 val_BA=0.500 mejor_epoca=6
2026-09-27 01:50:43,243 INFO FRAIWAN_Extended/dn fold 3: config 7 (lr=0.0001, dropout=0.5) epoca 7: train_loss=0.3105 val_loss=0.6043 val_BA=0.500 mejor_epoca=7
2026-09-27 01:50:43,538 INFO FRAIWAN_Extended/dn fold 3: config 7 (lr=0.0001, dropout=0.5) epoca 10: train_loss=0.1989 val_loss=0.6141 val_BA=0.417 mejor_epoca=7
2026-09-27 01:50:43,933 INFO FRAIWAN_Extended/dn fold 3: config 7 (lr=0.0001, dropout=0.5) epoca 14: train_loss=0.1383 val_loss=0.6138 val_BA=0.917 mejor_epoca=14
2026-09-27 01:50:44,530 INFO FRAIWAN_Extended/dn fold 3: config 7 (lr=0.0001, dropout=0.5) epoca 20: train_loss=0.1143 val_loss=0.4340 val_BA=0.500 mejor_epoca=14
2026-09-27 01:50:44,926 INFO FRAIWAN_Extended/dn fold 3: config 7 (lr=0.0001, dropout=0.5) epoca 24: train_loss=0.0974 val_loss=0.4407 val_BA=1.000 mejor_epoca=24
2026-09-27 01:50:45,519 INFO FRAIWAN_Extended/dn fold 3: config 7 (lr=0.0001, dropout=0.5) epoca 30: train_loss=0.0841 val_loss=0.7911 val_BA=0.833 mejor_epoca=24
2026-09-27 01:50:46,427 INFO FRAIWAN_Extended/dn fold 3 config 7: OK val_BA=1.000 mejor_epoca=24 (0.1 min)
2026-09-27 01:50:46,549 INFO FRAIWAN_Extended/dn fold 3: config 8 (lr=0.0003, dropout=0.3) epoca 1: train_loss=0.6438 val_loss=0.6423 val_BA=0.500 mejor_epoca=1
2026-09-27 01:50:46,647 INFO FRAIWAN_Extended/dn fold 3: config 8 (lr=0.0003, dropout=0.3) epoca 2: train_loss=0.4979 val_loss=0.6139 val_BA=0.500 mejor_epoca=2
2026-09-27 01:50:46,746 INFO FRAIWAN_Extended/dn fold 3: config 8 (lr=0.0003, dropout=0.3) epoca 3: train_loss=0.4062 val_loss=0.5977 val_BA=0.500 mejor_epoca=3
2026-09-27 01:50:46,845 INFO FRAIWAN_Extended/dn fold 3: config 8 (lr=0.0003, dropout=0.3) epoca 4: train_loss=0.3583 val_loss=0.5779 val_BA=0.500 mejor_epoca=4
2026-09-27 01:50:46,944 INFO FRAIWAN_Extended/dn fold 3: config 8 (lr=0.0003, dropout=0.3) epoca 5: train_loss=0.2631 val_loss=0.5562 val_BA=0.500 mejor_epoca=5
2026-09-27 01:50:47,041 INFO FRAIWAN_Extended/dn fold 3: config 8 (lr=0.0003, dropout=0.3) epoca 6: train_loss=0.1828 val_loss=0.5268 val_BA=0.500 mejor_epoca=6
2026-09-27 01:50:47,142 INFO FRAIWAN_Extended/dn fold 3: config 8 (lr=0.0003, dropout=0.3) epoca 7: train_loss=0.1638 val_loss=0.5200 val_BA=0.500 mejor_epoca=7
2026-09-27 01:50:47,240 INFO FRAIWAN_Extended/dn fold 3: config 8 (lr=0.0003, dropout=0.3) epoca 8: train_loss=0.1269 val_loss=0.5007 val_BA=0.500 mejor_epoca=8
2026-09-27 01:50:47,438 INFO FRAIWAN_Extended/dn fold 3: config 8 (lr=0.0003, dropout=0.3) epoca 10: train_loss=0.1199 val_loss=0.4846 val_BA=0.500 mejor_epoca=10
2026-09-27 01:50:47,536 INFO FRAIWAN_Extended/dn fold 3: config 8 (lr=0.0003, dropout=0.3) epoca 11: train_loss=0.0934 val_loss=0.4581 val_BA=0.500 mejor_epoca=11
2026-09-27 01:50:47,635 INFO FRAIWAN_Extended/dn fold 3: config 8 (lr=0.0003, dropout=0.3) epoca 12: train_loss=0.1051 val_loss=0.4235 val_BA=0.500 mejor_epoca=12
2026-09-27 01:50:47,732 INFO FRAIWAN_Extended/dn fold 3: config 8 (lr=0.0003, dropout=0.3) epoca 13: train_loss=0.0894 val_loss=0.4769 val_BA=0.917 mejor_epoca=13
2026-09-27 01:50:48,128 INFO FRAIWAN_Extended/dn fold 3: config 8 (lr=0.0003, dropout=0.3) epoca 17: train_loss=0.0790 val_loss=0.2643 val_BA=1.000 mejor_epoca=17
2026-09-27 01:50:48,424 INFO FRAIWAN_Extended/dn fold 3: config 8 (lr=0.0003, dropout=0.3) epoca 20: train_loss=0.0660 val_loss=0.3954 val_BA=0.917 mejor_epoca=17
2026-09-27 01:50:49,110 INFO FRAIWAN_Extended/dn fold 3: config 8 (lr=0.0003, dropout=0.3) epoca 27: train_loss=0.0509 val_loss=0.2459 val_BA=1.000 mejor_epoca=27
2026-09-27 01:50:49,406 INFO FRAIWAN_Extended/dn fold 3: config 8 (lr=0.0003, dropout=0.3) epoca 30: train_loss=0.0466 val_loss=0.7610 val_BA=0.917 mejor_epoca=27
2026-09-27 01:50:50,003 INFO FRAIWAN_Extended/dn fold 3: config 8 (lr=0.0003, dropout=0.3) epoca 36: train_loss=0.0356 val_loss=0.2162 val_BA=1.000 mejor_epoca=36
2026-09-27 01:50:50,418 INFO FRAIWAN_Extended/dn fold 3: config 8 (lr=0.0003, dropout=0.3) epoca 40: train_loss=0.0307 val_loss=0.3622 val_BA=0.917 mejor_epoca=36
2026-09-27 01:50:51,437 INFO FRAIWAN_Extended/dn fold 3: config 8 (lr=0.0003, dropout=0.3) epoca 50: train_loss=0.0288 val_loss=0.3887 val_BA=0.917 mejor_epoca=36
2026-09-27 01:50:51,560 INFO FRAIWAN_Extended/dn fold 3 config 8: OK val_BA=1.000 mejor_epoca=36 (0.1 min)
2026-09-27 01:50:51,696 INFO FRAIWAN_Extended/dn fold 3: config 9 (lr=0.0003, dropout=0.4) epoca 1: train_loss=0.6432 val_loss=0.6018 val_BA=0.500 mejor_epoca=1
2026-09-27 01:50:51,810 INFO FRAIWAN_Extended/dn fold 3: config 9 (lr=0.0003, dropout=0.4) epoca 2: train_loss=0.5427 val_loss=0.5916 val_BA=0.500 mejor_epoca=2
2026-09-27 01:50:51,926 INFO FRAIWAN_Extended/dn fold 3: config 9 (lr=0.0003, dropout=0.4) epoca 3: train_loss=0.4370 val_loss=0.5623 val_BA=0.500 mejor_epoca=3
2026-09-27 01:50:52,041 INFO FRAIWAN_Extended/dn fold 3: config 9 (lr=0.0003, dropout=0.4) epoca 4: train_loss=0.2793 val_loss=0.5390 val_BA=0.500 mejor_epoca=4
2026-09-27 01:50:52,156 INFO FRAIWAN_Extended/dn fold 3: config 9 (lr=0.0003, dropout=0.4) epoca 5: train_loss=0.2317 val_loss=0.5136 val_BA=0.500 mejor_epoca=5
2026-09-27 01:50:52,383 INFO FRAIWAN_Extended/dn fold 3: config 9 (lr=0.0003, dropout=0.4) epoca 7: train_loss=0.1645 val_loss=0.3902 val_BA=1.000 mejor_epoca=7
2026-09-27 01:50:52,721 INFO FRAIWAN_Extended/dn fold 3: config 9 (lr=0.0003, dropout=0.4) epoca 10: train_loss=0.0791 val_loss=0.3562 val_BA=0.500 mejor_epoca=7
2026-09-27 01:50:52,835 INFO FRAIWAN_Extended/dn fold 3: config 9 (lr=0.0003, dropout=0.4) epoca 11: train_loss=0.0809 val_loss=0.2882 val_BA=1.000 mejor_epoca=11
2026-09-27 01:50:53,823 INFO FRAIWAN_Extended/dn fold 3: config 9 (lr=0.0003, dropout=0.4) epoca 20: train_loss=0.0371 val_loss=0.4290 val_BA=1.000 mejor_epoca=11
2026-09-27 01:50:54,474 INFO FRAIWAN_Extended/dn fold 3 config 9: OK val_BA=1.000 mejor_epoca=11 (0.0 min)
2026-09-27 01:50:54,637 INFO FRAIWAN_Extended/dn fold 3: config 10 (lr=0.0003, dropout=0.4) epoca 1: train_loss=0.6869 val_loss=0.6880 val_BA=0.500 mejor_epoca=1
2026-09-27 01:50:54,778 INFO FRAIWAN_Extended/dn fold 3: config 10 (lr=0.0003, dropout=0.4) epoca 2: train_loss=0.5846 val_loss=0.6749 val_BA=1.000 mejor_epoca=2
2026-09-27 01:50:55,461 INFO FRAIWAN_Extended/dn fold 3: config 10 (lr=0.0003, dropout=0.4) epoca 7: train_loss=0.2577 val_loss=0.5277 val_BA=1.000 mejor_epoca=7
2026-09-27 01:50:55,588 INFO FRAIWAN_Extended/dn fold 3: config 10 (lr=0.0003, dropout=0.4) epoca 8: train_loss=0.1885 val_loss=0.4339 val_BA=1.000 mejor_epoca=8
2026-09-27 01:50:55,715 INFO FRAIWAN_Extended/dn fold 3: config 10 (lr=0.0003, dropout=0.4) epoca 9: train_loss=0.1427 val_loss=0.3972 val_BA=1.000 mejor_epoca=9
2026-09-27 01:50:55,845 INFO FRAIWAN_Extended/dn fold 3: config 10 (lr=0.0003, dropout=0.4) epoca 10: train_loss=0.1356 val_loss=0.9892 val_BA=0.833 mejor_epoca=9
2026-09-27 01:50:57,406 INFO FRAIWAN_Extended/dn fold 3: config 10 (lr=0.0003, dropout=0.4) epoca 20: train_loss=0.0390 val_loss=0.3974 val_BA=0.917 mejor_epoca=9
2026-09-27 01:50:58,021 INFO FRAIWAN_Extended/dn fold 3 config 10: OK val_BA=1.000 mejor_epoca=9 (0.1 min)
2026-09-27 01:50:58,144 INFO FRAIWAN_Extended/dn fold 3: config 11 (lr=0.0003, dropout=0.5) epoca 1: train_loss=0.7263 val_loss=0.7060 val_BA=0.500 mejor_epoca=1
2026-09-27 01:50:58,246 INFO FRAIWAN_Extended/dn fold 3: config 11 (lr=0.0003, dropout=0.5) epoca 2: train_loss=0.5595 val_loss=0.6789 val_BA=0.500 mejor_epoca=2
2026-09-27 01:50:58,347 INFO FRAIWAN_Extended/dn fold 3: config 11 (lr=0.0003, dropout=0.5) epoca 3: train_loss=0.5029 val_loss=0.6628 val_BA=0.500 mejor_epoca=3
2026-09-27 01:50:58,448 INFO FRAIWAN_Extended/dn fold 3: config 11 (lr=0.0003, dropout=0.5) epoca 4: train_loss=0.4166 val_loss=0.6296 val_BA=0.500 mejor_epoca=4
2026-09-27 01:50:58,548 INFO FRAIWAN_Extended/dn fold 3: config 11 (lr=0.0003, dropout=0.5) epoca 5: train_loss=0.3247 val_loss=0.5951 val_BA=0.500 mejor_epoca=5
2026-09-27 01:50:58,647 INFO FRAIWAN_Extended/dn fold 3: config 11 (lr=0.0003, dropout=0.5) epoca 6: train_loss=0.2530 val_loss=0.5799 val_BA=0.500 mejor_epoca=6
2026-09-27 01:50:58,750 INFO FRAIWAN_Extended/dn fold 3: config 11 (lr=0.0003, dropout=0.5) epoca 7: train_loss=0.1936 val_loss=0.5591 val_BA=0.500 mejor_epoca=7
2026-09-27 01:50:58,853 INFO FRAIWAN_Extended/dn fold 3: config 11 (lr=0.0003, dropout=0.5) epoca 8: train_loss=0.1678 val_loss=0.5220 val_BA=0.500 mejor_epoca=8
2026-09-27 01:50:58,956 INFO FRAIWAN_Extended/dn fold 3: config 11 (lr=0.0003, dropout=0.5) epoca 9: train_loss=0.1397 val_loss=0.5034 val_BA=0.500 mejor_epoca=9
2026-09-27 01:50:59,063 INFO FRAIWAN_Extended/dn fold 3: config 11 (lr=0.0003, dropout=0.5) epoca 10: train_loss=0.1313 val_loss=0.4661 val_BA=0.500 mejor_epoca=10
2026-09-27 01:50:59,170 INFO FRAIWAN_Extended/dn fold 3: config 11 (lr=0.0003, dropout=0.5) epoca 11: train_loss=0.1158 val_loss=0.3866 val_BA=0.500 mejor_epoca=11
2026-09-27 01:50:59,382 INFO FRAIWAN_Extended/dn fold 3: config 11 (lr=0.0003, dropout=0.5) epoca 13: train_loss=0.1082 val_loss=0.3684 val_BA=0.500 mejor_epoca=13
2026-09-27 01:50:59,586 INFO FRAIWAN_Extended/dn fold 3: config 11 (lr=0.0003, dropout=0.5) epoca 15: train_loss=0.0884 val_loss=0.6323 val_BA=0.917 mejor_epoca=15
2026-09-27 01:50:59,688 INFO FRAIWAN_Extended/dn fold 3: config 11 (lr=0.0003, dropout=0.5) epoca 16: train_loss=0.0897 val_loss=0.5709 val_BA=0.917 mejor_epoca=16
2026-09-27 01:51:00,092 INFO FRAIWAN_Extended/dn fold 3: config 11 (lr=0.0003, dropout=0.5) epoca 20: train_loss=0.0752 val_loss=0.8782 val_BA=0.833 mejor_epoca=16
2026-09-27 01:51:00,295 INFO FRAIWAN_Extended/dn fold 3: config 11 (lr=0.0003, dropout=0.5) epoca 22: train_loss=0.0733 val_loss=0.4474 val_BA=1.000 mejor_epoca=22
2026-09-27 01:51:00,398 INFO FRAIWAN_Extended/dn fold 3: config 11 (lr=0.0003, dropout=0.5) epoca 23: train_loss=0.0711 val_loss=0.2638 val_BA=1.000 mejor_epoca=23
2026-09-27 01:51:01,112 INFO FRAIWAN_Extended/dn fold 3: config 11 (lr=0.0003, dropout=0.5) epoca 30: train_loss=0.0581 val_loss=0.7944 val_BA=0.917 mejor_epoca=23
2026-09-27 01:51:01,713 INFO FRAIWAN_Extended/dn fold 3: config 11 (lr=0.0003, dropout=0.5) epoca 36: train_loss=0.0477 val_loss=0.2312 val_BA=1.000 mejor_epoca=36
2026-09-27 01:51:02,125 INFO FRAIWAN_Extended/dn fold 3: config 11 (lr=0.0003, dropout=0.5) epoca 40: train_loss=0.0504 val_loss=0.4900 val_BA=0.917 mejor_epoca=36
2026-09-27 01:51:03,148 INFO FRAIWAN_Extended/dn fold 3: config 11 (lr=0.0003, dropout=0.5) epoca 50: train_loss=0.0318 val_loss=1.1493 val_BA=0.833 mejor_epoca=36
2026-09-27 01:51:03,272 INFO FRAIWAN_Extended/dn fold 3 config 11: OK val_BA=1.000 mejor_epoca=36 (0.1 min)
2026-09-27 01:51:03,408 INFO FRAIWAN_Extended/dn fold 3: config 12 (lr=0.0003, dropout=0.5) epoca 1: train_loss=0.6315 val_loss=0.6343 val_BA=0.500 mejor_epoca=1
2026-09-27 01:51:03,521 INFO FRAIWAN_Extended/dn fold 3: config 12 (lr=0.0003, dropout=0.5) epoca 2: train_loss=0.5075 val_loss=0.5566 val_BA=0.500 mejor_epoca=2
2026-09-27 01:51:03,636 INFO FRAIWAN_Extended/dn fold 3: config 12 (lr=0.0003, dropout=0.5) epoca 3: train_loss=0.3813 val_loss=0.5022 val_BA=0.500 mejor_epoca=3
2026-09-27 01:51:03,746 INFO FRAIWAN_Extended/dn fold 3: config 12 (lr=0.0003, dropout=0.5) epoca 4: train_loss=0.3055 val_loss=0.4312 val_BA=0.500 mejor_epoca=4
2026-09-27 01:51:03,857 INFO FRAIWAN_Extended/dn fold 3: config 12 (lr=0.0003, dropout=0.5) epoca 5: train_loss=0.2273 val_loss=0.3990 val_BA=0.500 mejor_epoca=5
2026-09-27 01:51:03,968 INFO FRAIWAN_Extended/dn fold 3: config 12 (lr=0.0003, dropout=0.5) epoca 6: train_loss=0.1736 val_loss=0.3803 val_BA=0.500 mejor_epoca=6
2026-09-27 01:51:04,079 INFO FRAIWAN_Extended/dn fold 3: config 12 (lr=0.0003, dropout=0.5) epoca 7: train_loss=0.1311 val_loss=0.3658 val_BA=0.500 mejor_epoca=7
2026-09-27 01:51:04,192 INFO FRAIWAN_Extended/dn fold 3: config 12 (lr=0.0003, dropout=0.5) epoca 8: train_loss=0.1083 val_loss=0.3481 val_BA=0.500 mejor_epoca=8
2026-09-27 01:51:04,420 INFO FRAIWAN_Extended/dn fold 3: config 12 (lr=0.0003, dropout=0.5) epoca 10: train_loss=0.0936 val_loss=0.7191 val_BA=0.750 mejor_epoca=10
2026-09-27 01:51:04,534 INFO FRAIWAN_Extended/dn fold 3: config 12 (lr=0.0003, dropout=0.5) epoca 11: train_loss=0.0850 val_loss=0.5925 val_BA=0.917 mejor_epoca=11
2026-09-27 01:51:05,551 INFO FRAIWAN_Extended/dn fold 3: config 12 (lr=0.0003, dropout=0.5) epoca 20: train_loss=0.0479 val_loss=1.4706 val_BA=0.750 mejor_epoca=11
2026-09-27 01:51:06,261 INFO FRAIWAN_Extended/dn fold 3 config 12: OK val_BA=0.917 mejor_epoca=11 (0.0 min)
2026-09-27 01:51:06,430 INFO FRAIWAN_Extended/dn fold 3: config 13 (lr=0.001, dropout=0.2) epoca 1: train_loss=0.7338 val_loss=0.7491 val_BA=0.500 mejor_epoca=1
2026-09-27 01:51:06,722 INFO FRAIWAN_Extended/dn fold 3: config 13 (lr=0.001, dropout=0.2) epoca 3: train_loss=0.5640 val_loss=0.6696 val_BA=0.833 mejor_epoca=3
2026-09-27 01:51:06,867 INFO FRAIWAN_Extended/dn fold 3: config 13 (lr=0.001, dropout=0.2) epoca 4: train_loss=0.5220 val_loss=0.6110 val_BA=0.917 mejor_epoca=4
2026-09-27 01:51:07,303 INFO FRAIWAN_Extended/dn fold 3: config 13 (lr=0.001, dropout=0.2) epoca 7: train_loss=0.4252 val_loss=0.4695 val_BA=1.000 mejor_epoca=7
2026-09-27 01:51:07,610 INFO FRAIWAN_Extended/dn fold 3: config 13 (lr=0.001, dropout=0.2) epoca 9: train_loss=0.2607 val_loss=0.1657 val_BA=1.000 mejor_epoca=9
2026-09-27 01:51:07,767 INFO FRAIWAN_Extended/dn fold 3: config 13 (lr=0.001, dropout=0.2) epoca 10: train_loss=0.3140 val_loss=0.4396 val_BA=0.917 mejor_epoca=9
2026-09-27 01:51:09,156 INFO FRAIWAN_Extended/dn fold 3: config 13 (lr=0.001, dropout=0.2) epoca 20: train_loss=0.0736 val_loss=1.2075 val_BA=0.833 mejor_epoca=9
2026-09-27 01:51:09,739 INFO FRAIWAN_Extended/dn fold 3 config 13: OK val_BA=1.000 mejor_epoca=9 (0.1 min)
2026-09-27 01:51:09,865 INFO FRAIWAN_Extended/dn fold 3: config 14 (lr=0.001, dropout=0.3) epoca 1: train_loss=0.6777 val_loss=0.6485 val_BA=0.500 mejor_epoca=1
2026-09-27 01:51:09,966 INFO FRAIWAN_Extended/dn fold 3: config 14 (lr=0.001, dropout=0.3) epoca 2: train_loss=0.5711 val_loss=0.6070 val_BA=0.500 mejor_epoca=2
2026-09-27 01:51:10,066 INFO FRAIWAN_Extended/dn fold 3: config 14 (lr=0.001, dropout=0.3) epoca 3: train_loss=0.5558 val_loss=0.4799 val_BA=0.500 mejor_epoca=3
2026-09-27 01:51:10,166 INFO FRAIWAN_Extended/dn fold 3: config 14 (lr=0.001, dropout=0.3) epoca 4: train_loss=0.4274 val_loss=0.4585 val_BA=0.500 mejor_epoca=4
2026-09-27 01:51:10,265 INFO FRAIWAN_Extended/dn fold 3: config 14 (lr=0.001, dropout=0.3) epoca 5: train_loss=0.3156 val_loss=0.4357 val_BA=0.500 mejor_epoca=5
2026-09-27 01:51:10,365 INFO FRAIWAN_Extended/dn fold 3: config 14 (lr=0.001, dropout=0.3) epoca 6: train_loss=0.2173 val_loss=0.4284 val_BA=0.500 mejor_epoca=6
2026-09-27 01:51:10,463 INFO FRAIWAN_Extended/dn fold 3: config 14 (lr=0.001, dropout=0.3) epoca 7: train_loss=0.1494 val_loss=0.3336 val_BA=0.500 mejor_epoca=7
2026-09-27 01:51:10,562 INFO FRAIWAN_Extended/dn fold 3: config 14 (lr=0.001, dropout=0.3) epoca 8: train_loss=0.1232 val_loss=0.2273 val_BA=1.000 mejor_epoca=8
2026-09-27 01:51:10,757 INFO FRAIWAN_Extended/dn fold 3: config 14 (lr=0.001, dropout=0.3) epoca 10: train_loss=0.0969 val_loss=1.2632 val_BA=0.750 mejor_epoca=8
2026-09-27 01:51:11,732 INFO FRAIWAN_Extended/dn fold 3: config 14 (lr=0.001, dropout=0.3) epoca 20: train_loss=0.0338 val_loss=3.0507 val_BA=0.583 mejor_epoca=8
2026-09-27 01:51:12,045 INFO FRAIWAN_Extended/dn fold 3 config 14: OK val_BA=1.000 mejor_epoca=8 (0.0 min)
2026-09-27 01:51:12,174 INFO FRAIWAN_Extended/dn fold 3: config 15 (lr=0.001, dropout=0.3) epoca 1: train_loss=0.7490 val_loss=0.5821 val_BA=0.500 mejor_epoca=1
2026-09-27 01:51:12,280 INFO FRAIWAN_Extended/dn fold 3: config 15 (lr=0.001, dropout=0.3) epoca 2: train_loss=0.6101 val_loss=0.5712 val_BA=0.500 mejor_epoca=2
2026-09-27 01:51:12,598 INFO FRAIWAN_Extended/dn fold 3: config 15 (lr=0.001, dropout=0.3) epoca 5: train_loss=0.3119 val_loss=0.6488 val_BA=0.833 mejor_epoca=5
2026-09-27 01:51:12,703 INFO FRAIWAN_Extended/dn fold 3: config 15 (lr=0.001, dropout=0.3) epoca 6: train_loss=0.2539 val_loss=0.4222 val_BA=0.917 mejor_epoca=6
2026-09-27 01:51:13,126 INFO FRAIWAN_Extended/dn fold 3: config 15 (lr=0.001, dropout=0.3) epoca 10: train_loss=0.1546 val_loss=1.5305 val_BA=0.750 mejor_epoca=6
2026-09-27 01:51:14,185 INFO FRAIWAN_Extended/dn fold 3: config 15 (lr=0.001, dropout=0.3) epoca 20: train_loss=0.0867 val_loss=2.7133 val_BA=0.583 mejor_epoca=6
2026-09-27 01:51:14,309 INFO FRAIWAN_Extended/dn fold 3 config 15: OK val_BA=0.917 mejor_epoca=6 (0.0 min)
2026-09-27 01:51:14,462 INFO FRAIWAN_Extended/dn fold 3: config 16 (lr=0.001, dropout=0.4) epoca 1: train_loss=0.7368 val_loss=0.5761 val_BA=0.500 mejor_epoca=1
2026-09-27 01:51:15,138 INFO FRAIWAN_Extended/dn fold 3: config 16 (lr=0.001, dropout=0.4) epoca 6: train_loss=0.3416 val_loss=1.2450 val_BA=0.833 mejor_epoca=6
2026-09-27 01:51:15,406 INFO FRAIWAN_Extended/dn fold 3: config 16 (lr=0.001, dropout=0.4) epoca 8: train_loss=0.2326 val_loss=0.6556 val_BA=0.917 mejor_epoca=8
2026-09-27 01:51:15,540 INFO FRAIWAN_Extended/dn fold 3: config 16 (lr=0.001, dropout=0.4) epoca 9: train_loss=0.4005 val_loss=0.3562 val_BA=1.000 mejor_epoca=9
2026-09-27 01:51:15,674 INFO FRAIWAN_Extended/dn fold 3: config 16 (lr=0.001, dropout=0.4) epoca 10: train_loss=0.3254 val_loss=1.2640 val_BA=0.750 mejor_epoca=9
2026-09-27 01:51:17,053 INFO FRAIWAN_Extended/dn fold 3: config 16 (lr=0.001, dropout=0.4) epoca 20: train_loss=0.1210 val_loss=1.4819 val_BA=0.750 mejor_epoca=9
2026-09-27 01:51:17,618 INFO FRAIWAN_Extended/dn fold 3 config 16: OK val_BA=1.000 mejor_epoca=9 (0.1 min)
2026-09-27 01:51:17,747 INFO FRAIWAN_Extended/dn fold 3: config 17 (lr=0.001, dropout=0.5) epoca 1: train_loss=0.7918 val_loss=0.5700 val_BA=0.500 mejor_epoca=1
2026-09-27 01:51:18,594 INFO FRAIWAN_Extended/dn fold 3: config 17 (lr=0.001, dropout=0.5) epoca 9: train_loss=0.1339 val_loss=0.9634 val_BA=0.750 mejor_epoca=9
2026-09-27 01:51:18,702 INFO FRAIWAN_Extended/dn fold 3: config 17 (lr=0.001, dropout=0.5) epoca 10: train_loss=0.1366 val_loss=0.5727 val_BA=0.833 mejor_epoca=10
2026-09-27 01:51:19,759 INFO FRAIWAN_Extended/dn fold 3: config 17 (lr=0.001, dropout=0.5) epoca 20: train_loss=0.0268 val_loss=1.5733 val_BA=0.667 mejor_epoca=10
2026-09-27 01:51:19,969 INFO FRAIWAN_Extended/dn fold 3: config 17 (lr=0.001, dropout=0.5) epoca 22: train_loss=0.0219 val_loss=0.7733 val_BA=0.917 mejor_epoca=22
2026-09-27 01:51:20,826 INFO FRAIWAN_Extended/dn fold 3: config 17 (lr=0.001, dropout=0.5) epoca 30: train_loss=0.0097 val_loss=1.2904 val_BA=0.917 mejor_epoca=22
2026-09-27 01:51:20,934 INFO FRAIWAN_Extended/dn fold 3: config 17 (lr=0.001, dropout=0.5) epoca 31: train_loss=0.0403 val_loss=0.7458 val_BA=0.917 mejor_epoca=31
2026-09-27 01:51:21,876 INFO FRAIWAN_Extended/dn fold 3: config 17 (lr=0.001, dropout=0.5) epoca 40: train_loss=0.0070 val_loss=0.8996 val_BA=0.417 mejor_epoca=31
2026-09-27 01:51:22,549 INFO FRAIWAN_Extended/dn fold 3 config 17: OK val_BA=0.917 mejor_epoca=31 (0.1 min)
2026-09-27 01:51:22,670 INFO FRAIWAN_Extended/dn fold 3: config 18 (lr=0.001, dropout=0.5) epoca 1: train_loss=0.7376 val_loss=0.6500 val_BA=0.500 mejor_epoca=1
2026-09-27 01:51:22,768 INFO FRAIWAN_Extended/dn fold 3: config 18 (lr=0.001, dropout=0.5) epoca 2: train_loss=0.5826 val_loss=0.5966 val_BA=0.500 mejor_epoca=2
2026-09-27 01:51:22,866 INFO FRAIWAN_Extended/dn fold 3: config 18 (lr=0.001, dropout=0.5) epoca 3: train_loss=0.5533 val_loss=0.5565 val_BA=0.500 mejor_epoca=3
2026-09-27 01:51:22,965 INFO FRAIWAN_Extended/dn fold 3: config 18 (lr=0.001, dropout=0.5) epoca 4: train_loss=0.4463 val_loss=0.5151 val_BA=0.500 mejor_epoca=4
2026-09-27 01:51:23,068 INFO FRAIWAN_Extended/dn fold 3: config 18 (lr=0.001, dropout=0.5) epoca 5: train_loss=0.4366 val_loss=0.4657 val_BA=0.500 mejor_epoca=5
2026-09-27 01:51:23,168 INFO FRAIWAN_Extended/dn fold 3: config 18 (lr=0.001, dropout=0.5) epoca 6: train_loss=0.2872 val_loss=0.4567 val_BA=0.500 mejor_epoca=6
2026-09-27 01:51:23,570 INFO FRAIWAN_Extended/dn fold 3: config 18 (lr=0.001, dropout=0.5) epoca 10: train_loss=0.1601 val_loss=0.3417 val_BA=1.000 mejor_epoca=10
2026-09-27 01:51:24,582 INFO FRAIWAN_Extended/dn fold 3: config 18 (lr=0.001, dropout=0.5) epoca 20: train_loss=0.0383 val_loss=1.3481 val_BA=0.917 mejor_epoca=10
2026-09-27 01:51:25,108 INFO FRAIWAN_Extended/dn fold 3 config 18: OK val_BA=1.000 mejor_epoca=10 (0.0 min)
2026-09-27 01:51:25,232 INFO FRAIWAN_Extended/dn fold 3: config 19 (lr=0.001, dropout=0.5) epoca 1: train_loss=0.6358 val_loss=0.5639 val_BA=0.500 mejor_epoca=1
2026-09-27 01:51:25,331 INFO FRAIWAN_Extended/dn fold 3: config 19 (lr=0.001, dropout=0.5) epoca 2: train_loss=0.5596 val_loss=0.5288 val_BA=0.500 mejor_epoca=2
2026-09-27 01:51:25,431 INFO FRAIWAN_Extended/dn fold 3: config 19 (lr=0.001, dropout=0.5) epoca 3: train_loss=0.4507 val_loss=0.4589 val_BA=0.500 mejor_epoca=3
2026-09-27 01:51:25,643 INFO FRAIWAN_Extended/dn fold 3: config 19 (lr=0.001, dropout=0.5) epoca 5: train_loss=0.2608 val_loss=0.3694 val_BA=0.500 mejor_epoca=5
2026-09-27 01:51:26,134 INFO FRAIWAN_Extended/dn fold 3: config 19 (lr=0.001, dropout=0.5) epoca 10: train_loss=0.0820 val_loss=0.3241 val_BA=0.500 mejor_epoca=10
2026-09-27 01:51:26,332 INFO FRAIWAN_Extended/dn fold 3: config 19 (lr=0.001, dropout=0.5) epoca 12: train_loss=0.0753 val_loss=0.6582 val_BA=0.917 mejor_epoca=12
2026-09-27 01:51:27,120 INFO FRAIWAN_Extended/dn fold 3: config 19 (lr=0.001, dropout=0.5) epoca 20: train_loss=0.0340 val_loss=2.1711 val_BA=0.750 mejor_epoca=12
2026-09-27 01:51:27,832 INFO FRAIWAN_Extended/dn fold 3 config 19: OK val_BA=0.917 mejor_epoca=12 (0.0 min)
2026-09-27 01:51:27,869 INFO FRAIWAN_Extended/dn fold 4: log-mel dn listo en 0.0 s, forma (187, 1, 64, 309)
2026-09-27 01:51:27,874 INFO FRAIWAN_Extended/dn fold 4: 28/6 pacientes train/validation, 20 de 20 configuracion(es) por evaluar
2026-09-27 01:51:28,052 INFO FRAIWAN_Extended/dn fold 4: config 0 (lr=0.0001, dropout=0.3) epoca 1: train_loss=0.6994 val_loss=0.6600 val_BA=0.500 mejor_epoca=1
2026-09-27 01:51:28,202 INFO FRAIWAN_Extended/dn fold 4: config 0 (lr=0.0001, dropout=0.3) epoca 2: train_loss=0.5939 val_loss=0.6143 val_BA=0.500 mejor_epoca=2
2026-09-27 01:51:28,351 INFO FRAIWAN_Extended/dn fold 4: config 0 (lr=0.0001, dropout=0.3) epoca 3: train_loss=0.5235 val_loss=0.4945 val_BA=0.500 mejor_epoca=3
2026-09-27 01:51:28,500 INFO FRAIWAN_Extended/dn fold 4: config 0 (lr=0.0001, dropout=0.3) epoca 4: train_loss=0.4544 val_loss=0.4966 val_BA=1.000 mejor_epoca=4
2026-09-27 01:51:28,646 INFO FRAIWAN_Extended/dn fold 4: config 0 (lr=0.0001, dropout=0.3) epoca 5: train_loss=0.4207 val_loss=0.4193 val_BA=1.000 mejor_epoca=5
2026-09-27 01:51:29,395 INFO FRAIWAN_Extended/dn fold 4: config 0 (lr=0.0001, dropout=0.3) epoca 10: train_loss=0.1535 val_loss=0.9673 val_BA=0.800 mejor_epoca=5
2026-09-27 01:51:30,849 INFO FRAIWAN_Extended/dn fold 4: config 0 (lr=0.0001, dropout=0.3) epoca 20: train_loss=0.0576 val_loss=0.6353 val_BA=0.800 mejor_epoca=5
2026-09-27 01:51:30,867 INFO FRAIWAN_Extended/dn fold 4 config 0: OK val_BA=1.000 mejor_epoca=5 (0.0 min)
2026-09-27 01:51:30,986 INFO FRAIWAN_Extended/dn fold 4: config 1 (lr=0.0001, dropout=0.3) epoca 1: train_loss=0.7498 val_loss=0.6903 val_BA=0.500 mejor_epoca=1
2026-09-27 01:51:31,084 INFO FRAIWAN_Extended/dn fold 4: config 1 (lr=0.0001, dropout=0.3) epoca 2: train_loss=0.5679 val_loss=0.6842 val_BA=0.500 mejor_epoca=2
2026-09-27 01:51:31,283 INFO FRAIWAN_Extended/dn fold 4: config 1 (lr=0.0001, dropout=0.3) epoca 4: train_loss=0.4269 val_loss=0.6927 val_BA=0.800 mejor_epoca=4
2026-09-27 01:51:31,885 INFO FRAIWAN_Extended/dn fold 4: config 1 (lr=0.0001, dropout=0.3) epoca 10: train_loss=0.1576 val_loss=0.6029 val_BA=0.500 mejor_epoca=4
2026-09-27 01:51:32,295 INFO FRAIWAN_Extended/dn fold 4: config 1 (lr=0.0001, dropout=0.3) epoca 14: train_loss=0.0987 val_loss=0.3669 val_BA=1.000 mejor_epoca=14
2026-09-27 01:51:32,401 INFO FRAIWAN_Extended/dn fold 4: config 1 (lr=0.0001, dropout=0.3) epoca 15: train_loss=0.0941 val_loss=0.3206 val_BA=1.000 mejor_epoca=15
2026-09-27 01:51:32,502 INFO FRAIWAN_Extended/dn fold 4: config 1 (lr=0.0001, dropout=0.3) epoca 16: train_loss=0.0866 val_loss=0.3009 val_BA=1.000 mejor_epoca=16
2026-09-27 01:51:32,600 INFO FRAIWAN_Extended/dn fold 4: config 1 (lr=0.0001, dropout=0.3) epoca 17: train_loss=0.1061 val_loss=0.2855 val_BA=1.000 mejor_epoca=17
2026-09-27 01:51:32,701 INFO FRAIWAN_Extended/dn fold 4: config 1 (lr=0.0001, dropout=0.3) epoca 18: train_loss=0.0814 val_loss=0.2734 val_BA=1.000 mejor_epoca=18
2026-09-27 01:51:32,899 INFO FRAIWAN_Extended/dn fold 4: config 1 (lr=0.0001, dropout=0.3) epoca 20: train_loss=0.0751 val_loss=0.9567 val_BA=0.800 mejor_epoca=18
2026-09-27 01:51:33,892 INFO FRAIWAN_Extended/dn fold 4: config 1 (lr=0.0001, dropout=0.3) epoca 30: train_loss=0.0578 val_loss=0.9719 val_BA=0.800 mejor_epoca=18
2026-09-27 01:51:34,208 INFO FRAIWAN_Extended/dn fold 4 config 1: OK val_BA=1.000 mejor_epoca=18 (0.1 min)
2026-09-27 01:51:34,337 INFO FRAIWAN_Extended/dn fold 4: config 2 (lr=0.0001, dropout=0.4) epoca 1: train_loss=0.6968 val_loss=0.6456 val_BA=0.500 mejor_epoca=1
2026-09-27 01:51:34,444 INFO FRAIWAN_Extended/dn fold 4: config 2 (lr=0.0001, dropout=0.4) epoca 2: train_loss=0.5890 val_loss=0.6276 val_BA=0.500 mejor_epoca=2
2026-09-27 01:51:34,551 INFO FRAIWAN_Extended/dn fold 4: config 2 (lr=0.0001, dropout=0.4) epoca 3: train_loss=0.4937 val_loss=0.5879 val_BA=0.500 mejor_epoca=3
2026-09-27 01:51:34,659 INFO FRAIWAN_Extended/dn fold 4: config 2 (lr=0.0001, dropout=0.4) epoca 4: train_loss=0.4156 val_loss=0.5451 val_BA=0.500 mejor_epoca=4
2026-09-27 01:51:34,767 INFO FRAIWAN_Extended/dn fold 4: config 2 (lr=0.0001, dropout=0.4) epoca 5: train_loss=0.3447 val_loss=0.4834 val_BA=0.500 mejor_epoca=5
2026-09-27 01:51:34,875 INFO FRAIWAN_Extended/dn fold 4: config 2 (lr=0.0001, dropout=0.4) epoca 6: train_loss=0.2917 val_loss=0.4439 val_BA=0.500 mejor_epoca=6
2026-09-27 01:51:34,982 INFO FRAIWAN_Extended/dn fold 4: config 2 (lr=0.0001, dropout=0.4) epoca 7: train_loss=0.2350 val_loss=0.4262 val_BA=0.500 mejor_epoca=7
2026-09-27 01:51:35,089 INFO FRAIWAN_Extended/dn fold 4: config 2 (lr=0.0001, dropout=0.4) epoca 8: train_loss=0.1709 val_loss=0.4222 val_BA=0.500 mejor_epoca=8
2026-09-27 01:51:35,314 INFO FRAIWAN_Extended/dn fold 4: config 2 (lr=0.0001, dropout=0.4) epoca 10: train_loss=0.1203 val_loss=0.4950 val_BA=0.900 mejor_epoca=10
2026-09-27 01:51:35,648 INFO FRAIWAN_Extended/dn fold 4: config 2 (lr=0.0001, dropout=0.4) epoca 13: train_loss=0.0903 val_loss=0.4566 val_BA=0.900 mejor_epoca=13
2026-09-27 01:51:36,204 INFO FRAIWAN_Extended/dn fold 4: config 2 (lr=0.0001, dropout=0.4) epoca 18: train_loss=0.0970 val_loss=0.4257 val_BA=0.900 mejor_epoca=18
2026-09-27 01:51:36,426 INFO FRAIWAN_Extended/dn fold 4: config 2 (lr=0.0001, dropout=0.4) epoca 20: train_loss=0.0687 val_loss=0.9141 val_BA=0.700 mejor_epoca=18
2026-09-27 01:51:37,507 INFO FRAIWAN_Extended/dn fold 4: config 2 (lr=0.0001, dropout=0.4) epoca 30: train_loss=0.0456 val_loss=0.7367 val_BA=0.800 mejor_epoca=18
2026-09-27 01:51:37,840 INFO FRAIWAN_Extended/dn fold 4 config 2: OK val_BA=0.900 mejor_epoca=18 (0.1 min)
2026-09-27 01:51:37,996 INFO FRAIWAN_Extended/dn fold 4: config 3 (lr=0.0001, dropout=0.4) epoca 1: train_loss=0.6891 val_loss=0.6924 val_BA=0.900 mejor_epoca=1
2026-09-27 01:51:38,131 INFO FRAIWAN_Extended/dn fold 4: config 3 (lr=0.0001, dropout=0.4) epoca 2: train_loss=0.5654 val_loss=0.6812 val_BA=1.000 mejor_epoca=2
2026-09-27 01:51:39,205 INFO FRAIWAN_Extended/dn fold 4: config 3 (lr=0.0001, dropout=0.4) epoca 10: train_loss=0.1396 val_loss=0.5377 val_BA=0.800 mejor_epoca=2
2026-09-27 01:51:40,628 INFO FRAIWAN_Extended/dn fold 4: config 3 (lr=0.0001, dropout=0.4) epoca 20: train_loss=0.0806 val_loss=0.4523 val_BA=0.800 mejor_epoca=2
2026-09-27 01:51:40,646 INFO FRAIWAN_Extended/dn fold 4 config 3: OK val_BA=1.000 mejor_epoca=2 (0.0 min)
2026-09-27 01:51:40,773 INFO FRAIWAN_Extended/dn fold 4: config 4 (lr=0.0001, dropout=0.4) epoca 1: train_loss=0.6578 val_loss=0.6614 val_BA=0.500 mejor_epoca=1
2026-09-27 01:51:40,879 INFO FRAIWAN_Extended/dn fold 4: config 4 (lr=0.0001, dropout=0.4) epoca 2: train_loss=0.5582 val_loss=0.6510 val_BA=0.500 mejor_epoca=2
2026-09-27 01:51:40,984 INFO FRAIWAN_Extended/dn fold 4: config 4 (lr=0.0001, dropout=0.4) epoca 3: train_loss=0.4871 val_loss=0.6291 val_BA=0.500 mejor_epoca=3
2026-09-27 01:51:41,090 INFO FRAIWAN_Extended/dn fold 4: config 4 (lr=0.0001, dropout=0.4) epoca 4: train_loss=0.4014 val_loss=0.5838 val_BA=0.500 mejor_epoca=4
2026-09-27 01:51:41,196 INFO FRAIWAN_Extended/dn fold 4: config 4 (lr=0.0001, dropout=0.4) epoca 5: train_loss=0.3332 val_loss=0.5285 val_BA=0.500 mejor_epoca=5
2026-09-27 01:51:41,302 INFO FRAIWAN_Extended/dn fold 4: config 4 (lr=0.0001, dropout=0.4) epoca 6: train_loss=0.2773 val_loss=0.4698 val_BA=0.500 mejor_epoca=6
2026-09-27 01:51:41,408 INFO FRAIWAN_Extended/dn fold 4: config 4 (lr=0.0001, dropout=0.4) epoca 7: train_loss=0.1839 val_loss=0.4263 val_BA=0.500 mejor_epoca=7
2026-09-27 01:51:41,514 INFO FRAIWAN_Extended/dn fold 4: config 4 (lr=0.0001, dropout=0.4) epoca 8: train_loss=0.1478 val_loss=0.4065 val_BA=0.500 mejor_epoca=8
2026-09-27 01:51:41,620 INFO FRAIWAN_Extended/dn fold 4: config 4 (lr=0.0001, dropout=0.4) epoca 9: train_loss=0.1316 val_loss=0.4465 val_BA=0.900 mejor_epoca=9
2026-09-27 01:51:41,725 INFO FRAIWAN_Extended/dn fold 4: config 4 (lr=0.0001, dropout=0.4) epoca 10: train_loss=0.1149 val_loss=0.7300 val_BA=0.700 mejor_epoca=9
2026-09-27 01:51:42,148 INFO FRAIWAN_Extended/dn fold 4: config 4 (lr=0.0001, dropout=0.4) epoca 14: train_loss=0.0861 val_loss=0.4032 val_BA=0.900 mejor_epoca=14
2026-09-27 01:51:42,359 INFO FRAIWAN_Extended/dn fold 4: config 4 (lr=0.0001, dropout=0.4) epoca 16: train_loss=0.0705 val_loss=0.3754 val_BA=0.900 mejor_epoca=16
2026-09-27 01:51:42,792 INFO FRAIWAN_Extended/dn fold 4: config 4 (lr=0.0001, dropout=0.4) epoca 20: train_loss=0.0603 val_loss=0.8061 val_BA=0.800 mejor_epoca=16
2026-09-27 01:51:43,932 INFO FRAIWAN_Extended/dn fold 4: config 4 (lr=0.0001, dropout=0.4) epoca 30: train_loss=0.0523 val_loss=0.4606 val_BA=0.800 mejor_epoca=16
2026-09-27 01:51:44,064 INFO FRAIWAN_Extended/dn fold 4 config 4: OK val_BA=0.900 mejor_epoca=16 (0.1 min)
2026-09-27 01:51:44,189 INFO FRAIWAN_Extended/dn fold 4: config 5 (lr=0.0001, dropout=0.4) epoca 1: train_loss=0.6622 val_loss=0.6531 val_BA=0.500 mejor_epoca=1
2026-09-27 01:51:44,290 INFO FRAIWAN_Extended/dn fold 4: config 5 (lr=0.0001, dropout=0.4) epoca 2: train_loss=0.5514 val_loss=0.6356 val_BA=0.500 mejor_epoca=2
2026-09-27 01:51:44,392 INFO FRAIWAN_Extended/dn fold 4: config 5 (lr=0.0001, dropout=0.4) epoca 3: train_loss=0.4505 val_loss=0.6153 val_BA=0.500 mejor_epoca=3
2026-09-27 01:51:44,494 INFO FRAIWAN_Extended/dn fold 4: config 5 (lr=0.0001, dropout=0.4) epoca 4: train_loss=0.3770 val_loss=0.5947 val_BA=0.500 mejor_epoca=4
2026-09-27 01:51:44,596 INFO FRAIWAN_Extended/dn fold 4: config 5 (lr=0.0001, dropout=0.4) epoca 5: train_loss=0.3284 val_loss=0.5734 val_BA=0.500 mejor_epoca=5
2026-09-27 01:51:44,700 INFO FRAIWAN_Extended/dn fold 4: config 5 (lr=0.0001, dropout=0.4) epoca 6: train_loss=0.2633 val_loss=0.5574 val_BA=0.500 mejor_epoca=6
2026-09-27 01:51:44,816 INFO FRAIWAN_Extended/dn fold 4: config 5 (lr=0.0001, dropout=0.4) epoca 7: train_loss=0.2465 val_loss=0.5393 val_BA=0.500 mejor_epoca=7
2026-09-27 01:51:44,921 INFO FRAIWAN_Extended/dn fold 4: config 5 (lr=0.0001, dropout=0.4) epoca 8: train_loss=0.1964 val_loss=0.5185 val_BA=0.500 mejor_epoca=8
2026-09-27 01:51:45,031 INFO FRAIWAN_Extended/dn fold 4: config 5 (lr=0.0001, dropout=0.4) epoca 9: train_loss=0.1660 val_loss=0.4966 val_BA=0.500 mejor_epoca=9
2026-09-27 01:51:45,147 INFO FRAIWAN_Extended/dn fold 4: config 5 (lr=0.0001, dropout=0.4) epoca 10: train_loss=0.1437 val_loss=0.4770 val_BA=0.500 mejor_epoca=10
2026-09-27 01:51:45,250 INFO FRAIWAN_Extended/dn fold 4: config 5 (lr=0.0001, dropout=0.4) epoca 11: train_loss=0.1311 val_loss=0.4676 val_BA=0.500 mejor_epoca=11
2026-09-27 01:51:45,351 INFO FRAIWAN_Extended/dn fold 4: config 5 (lr=0.0001, dropout=0.4) epoca 12: train_loss=0.1214 val_loss=0.4804 val_BA=1.000 mejor_epoca=12
2026-09-27 01:51:45,554 INFO FRAIWAN_Extended/dn fold 4: config 5 (lr=0.0001, dropout=0.4) epoca 14: train_loss=0.1039 val_loss=0.4506 val_BA=1.000 mejor_epoca=14
2026-09-27 01:51:46,161 INFO FRAIWAN_Extended/dn fold 4: config 5 (lr=0.0001, dropout=0.4) epoca 20: train_loss=0.0776 val_loss=0.5804 val_BA=0.800 mejor_epoca=14
2026-09-27 01:51:47,092 INFO FRAIWAN_Extended/dn fold 4 config 5: OK val_BA=1.000 mejor_epoca=14 (0.1 min)
2026-09-27 01:51:47,266 INFO FRAIWAN_Extended/dn fold 4: config 6 (lr=0.0001, dropout=0.5) epoca 1: train_loss=0.6726 val_loss=0.7411 val_BA=0.500 mejor_epoca=1
2026-09-27 01:51:47,417 INFO FRAIWAN_Extended/dn fold 4: config 6 (lr=0.0001, dropout=0.5) epoca 2: train_loss=0.5995 val_loss=0.7265 val_BA=0.500 mejor_epoca=2
2026-09-27 01:51:47,567 INFO FRAIWAN_Extended/dn fold 4: config 6 (lr=0.0001, dropout=0.5) epoca 3: train_loss=0.5459 val_loss=0.6883 val_BA=0.700 mejor_epoca=3
2026-09-27 01:51:47,717 INFO FRAIWAN_Extended/dn fold 4: config 6 (lr=0.0001, dropout=0.5) epoca 4: train_loss=0.4964 val_loss=0.5794 val_BA=0.900 mejor_epoca=4
2026-09-27 01:51:47,871 INFO FRAIWAN_Extended/dn fold 4: config 6 (lr=0.0001, dropout=0.5) epoca 5: train_loss=0.4416 val_loss=0.5482 val_BA=0.900 mejor_epoca=5
2026-09-27 01:51:48,154 INFO FRAIWAN_Extended/dn fold 4: config 6 (lr=0.0001, dropout=0.5) epoca 7: train_loss=0.2893 val_loss=0.3621 val_BA=0.900 mejor_epoca=7
2026-09-27 01:51:48,608 INFO FRAIWAN_Extended/dn fold 4: config 6 (lr=0.0001, dropout=0.5) epoca 10: train_loss=0.1450 val_loss=0.5670 val_BA=0.800 mejor_epoca=7
2026-09-27 01:51:50,186 INFO FRAIWAN_Extended/dn fold 4: config 6 (lr=0.0001, dropout=0.5) epoca 20: train_loss=0.0896 val_loss=0.8608 val_BA=0.800 mejor_epoca=7
2026-09-27 01:51:50,532 INFO FRAIWAN_Extended/dn fold 4 config 6: OK val_BA=0.900 mejor_epoca=7 (0.1 min)
2026-09-27 01:51:50,659 INFO FRAIWAN_Extended/dn fold 4: config 7 (lr=0.0001, dropout=0.5) epoca 1: train_loss=0.7070 val_loss=0.7220 val_BA=0.500 mejor_epoca=1
2026-09-27 01:51:50,764 INFO FRAIWAN_Extended/dn fold 4: config 7 (lr=0.0001, dropout=0.5) epoca 2: train_loss=0.5806 val_loss=0.6967 val_BA=0.500 mejor_epoca=2
2026-09-27 01:51:50,868 INFO FRAIWAN_Extended/dn fold 4: config 7 (lr=0.0001, dropout=0.5) epoca 3: train_loss=0.5056 val_loss=0.6828 val_BA=0.500 mejor_epoca=3
2026-09-27 01:51:50,970 INFO FRAIWAN_Extended/dn fold 4: config 7 (lr=0.0001, dropout=0.5) epoca 4: train_loss=0.4559 val_loss=0.6638 val_BA=0.500 mejor_epoca=4
2026-09-27 01:51:51,072 INFO FRAIWAN_Extended/dn fold 4: config 7 (lr=0.0001, dropout=0.5) epoca 5: train_loss=0.3812 val_loss=0.6529 val_BA=0.500 mejor_epoca=5
2026-09-27 01:51:51,173 INFO FRAIWAN_Extended/dn fold 4: config 7 (lr=0.0001, dropout=0.5) epoca 6: train_loss=0.3505 val_loss=0.6377 val_BA=0.500 mejor_epoca=6
2026-09-27 01:51:51,274 INFO FRAIWAN_Extended/dn fold 4: config 7 (lr=0.0001, dropout=0.5) epoca 7: train_loss=0.3015 val_loss=0.6230 val_BA=0.500 mejor_epoca=7
2026-09-27 01:51:51,376 INFO FRAIWAN_Extended/dn fold 4: config 7 (lr=0.0001, dropout=0.5) epoca 8: train_loss=0.2747 val_loss=0.5979 val_BA=0.500 mejor_epoca=8
2026-09-27 01:51:51,477 INFO FRAIWAN_Extended/dn fold 4: config 7 (lr=0.0001, dropout=0.5) epoca 9: train_loss=0.2259 val_loss=0.5705 val_BA=0.500 mejor_epoca=9
2026-09-27 01:51:51,578 INFO FRAIWAN_Extended/dn fold 4: config 7 (lr=0.0001, dropout=0.5) epoca 10: train_loss=0.1885 val_loss=0.5515 val_BA=0.500 mejor_epoca=10
2026-09-27 01:51:51,679 INFO FRAIWAN_Extended/dn fold 4: config 7 (lr=0.0001, dropout=0.5) epoca 11: train_loss=0.1801 val_loss=0.5370 val_BA=0.500 mejor_epoca=11
2026-09-27 01:51:51,779 INFO FRAIWAN_Extended/dn fold 4: config 7 (lr=0.0001, dropout=0.5) epoca 12: train_loss=0.1731 val_loss=0.5174 val_BA=0.500 mejor_epoca=12
2026-09-27 01:51:51,876 INFO FRAIWAN_Extended/dn fold 4: config 7 (lr=0.0001, dropout=0.5) epoca 13: train_loss=0.1448 val_loss=0.5051 val_BA=1.000 mejor_epoca=13
2026-09-27 01:51:52,563 INFO FRAIWAN_Extended/dn fold 4: config 7 (lr=0.0001, dropout=0.5) epoca 20: train_loss=0.1046 val_loss=0.7154 val_BA=0.800 mejor_epoca=13
2026-09-27 01:51:53,371 INFO FRAIWAN_Extended/dn fold 4 config 7: OK val_BA=1.000 mejor_epoca=13 (0.0 min)
2026-09-27 01:51:53,491 INFO FRAIWAN_Extended/dn fold 4: config 8 (lr=0.0003, dropout=0.3) epoca 1: train_loss=0.6908 val_loss=0.6616 val_BA=0.500 mejor_epoca=1
2026-09-27 01:51:53,788 INFO FRAIWAN_Extended/dn fold 4: config 8 (lr=0.0003, dropout=0.3) epoca 4: train_loss=0.3333 val_loss=0.6485 val_BA=0.500 mejor_epoca=4
2026-09-27 01:51:53,887 INFO FRAIWAN_Extended/dn fold 4: config 8 (lr=0.0003, dropout=0.3) epoca 5: train_loss=0.2396 val_loss=0.5988 val_BA=0.500 mejor_epoca=5
2026-09-27 01:51:53,986 INFO FRAIWAN_Extended/dn fold 4: config 8 (lr=0.0003, dropout=0.3) epoca 6: train_loss=0.1808 val_loss=0.5878 val_BA=0.500 mejor_epoca=6
2026-09-27 01:51:54,084 INFO FRAIWAN_Extended/dn fold 4: config 8 (lr=0.0003, dropout=0.3) epoca 7: train_loss=0.1287 val_loss=0.5487 val_BA=0.500 mejor_epoca=7
2026-09-27 01:51:54,183 INFO FRAIWAN_Extended/dn fold 4: config 8 (lr=0.0003, dropout=0.3) epoca 8: train_loss=0.1140 val_loss=0.5062 val_BA=0.500 mejor_epoca=8
2026-09-27 01:51:54,380 INFO FRAIWAN_Extended/dn fold 4: config 8 (lr=0.0003, dropout=0.3) epoca 10: train_loss=0.0974 val_loss=0.4814 val_BA=1.000 mejor_epoca=10
2026-09-27 01:51:54,479 INFO FRAIWAN_Extended/dn fold 4: config 8 (lr=0.0003, dropout=0.3) epoca 11: train_loss=0.0850 val_loss=0.4299 val_BA=1.000 mejor_epoca=11
2026-09-27 01:51:55,391 INFO FRAIWAN_Extended/dn fold 4: config 8 (lr=0.0003, dropout=0.3) epoca 20: train_loss=0.0561 val_loss=0.7841 val_BA=0.800 mejor_epoca=11
2026-09-27 01:51:56,024 INFO FRAIWAN_Extended/dn fold 4 config 8: OK val_BA=1.000 mejor_epoca=11 (0.0 min)
2026-09-27 01:51:56,157 INFO FRAIWAN_Extended/dn fold 4: config 9 (lr=0.0003, dropout=0.4) epoca 1: train_loss=0.6896 val_loss=0.6774 val_BA=0.500 mejor_epoca=1
2026-09-27 01:51:56,268 INFO FRAIWAN_Extended/dn fold 4: config 9 (lr=0.0003, dropout=0.4) epoca 2: train_loss=0.5497 val_loss=0.6555 val_BA=0.500 mejor_epoca=2
2026-09-27 01:51:56,379 INFO FRAIWAN_Extended/dn fold 4: config 9 (lr=0.0003, dropout=0.4) epoca 3: train_loss=0.4562 val_loss=0.6331 val_BA=0.500 mejor_epoca=3
2026-09-27 01:51:56,491 INFO FRAIWAN_Extended/dn fold 4: config 9 (lr=0.0003, dropout=0.4) epoca 4: train_loss=0.3514 val_loss=0.6116 val_BA=0.500 mejor_epoca=4
2026-09-27 01:51:56,602 INFO FRAIWAN_Extended/dn fold 4: config 9 (lr=0.0003, dropout=0.4) epoca 5: train_loss=0.2988 val_loss=0.5453 val_BA=0.500 mejor_epoca=5
2026-09-27 01:51:56,713 INFO FRAIWAN_Extended/dn fold 4: config 9 (lr=0.0003, dropout=0.4) epoca 6: train_loss=0.2265 val_loss=0.4431 val_BA=0.500 mejor_epoca=6
2026-09-27 01:51:56,825 INFO FRAIWAN_Extended/dn fold 4: config 9 (lr=0.0003, dropout=0.4) epoca 7: train_loss=0.1834 val_loss=0.4304 val_BA=0.500 mejor_epoca=7
2026-09-27 01:51:56,934 INFO FRAIWAN_Extended/dn fold 4: config 9 (lr=0.0003, dropout=0.4) epoca 8: train_loss=0.1599 val_loss=0.3145 val_BA=0.500 mejor_epoca=8
2026-09-27 01:51:57,041 INFO FRAIWAN_Extended/dn fold 4: config 9 (lr=0.0003, dropout=0.4) epoca 9: train_loss=0.1179 val_loss=0.3594 val_BA=1.000 mejor_epoca=9
2026-09-27 01:51:57,148 INFO FRAIWAN_Extended/dn fold 4: config 9 (lr=0.0003, dropout=0.4) epoca 10: train_loss=0.1045 val_loss=0.8199 val_BA=0.900 mejor_epoca=9
2026-09-27 01:51:58,219 INFO FRAIWAN_Extended/dn fold 4: config 9 (lr=0.0003, dropout=0.4) epoca 20: train_loss=0.0555 val_loss=0.4954 val_BA=0.900 mejor_epoca=9
2026-09-27 01:51:58,667 INFO FRAIWAN_Extended/dn fold 4 config 9: OK val_BA=1.000 mejor_epoca=9 (0.0 min)
2026-09-27 01:51:58,828 INFO FRAIWAN_Extended/dn fold 4: config 10 (lr=0.0003, dropout=0.4) epoca 1: train_loss=0.6827 val_loss=0.8076 val_BA=0.500 mejor_epoca=1
2026-09-27 01:51:58,965 INFO FRAIWAN_Extended/dn fold 4: config 10 (lr=0.0003, dropout=0.4) epoca 2: train_loss=0.5156 val_loss=0.7342 val_BA=0.600 mejor_epoca=2
2026-09-27 01:51:59,104 INFO FRAIWAN_Extended/dn fold 4: config 10 (lr=0.0003, dropout=0.4) epoca 3: train_loss=0.4576 val_loss=0.4663 val_BA=1.000 mejor_epoca=3
2026-09-27 01:52:00,093 INFO FRAIWAN_Extended/dn fold 4: config 10 (lr=0.0003, dropout=0.4) epoca 10: train_loss=0.1259 val_loss=2.0202 val_BA=0.600 mejor_epoca=3
2026-09-27 01:52:01,656 INFO FRAIWAN_Extended/dn fold 4: config 10 (lr=0.0003, dropout=0.4) epoca 20: train_loss=0.0695 val_loss=0.8922 val_BA=0.300 mejor_epoca=3
2026-09-27 01:52:01,675 INFO FRAIWAN_Extended/dn fold 4 config 10: OK val_BA=1.000 mejor_epoca=3 (0.0 min)
2026-09-27 01:52:01,799 INFO FRAIWAN_Extended/dn fold 4: config 11 (lr=0.0003, dropout=0.5) epoca 1: train_loss=0.7286 val_loss=0.6949 val_BA=0.500 mejor_epoca=1
2026-09-27 01:52:02,627 INFO FRAIWAN_Extended/dn fold 4: config 11 (lr=0.0003, dropout=0.5) epoca 9: train_loss=0.1794 val_loss=0.7662 val_BA=0.700 mejor_epoca=9
2026-09-27 01:52:02,729 INFO FRAIWAN_Extended/dn fold 4: config 11 (lr=0.0003, dropout=0.5) epoca 10: train_loss=0.1485 val_loss=0.6322 val_BA=0.700 mejor_epoca=10
2026-09-27 01:52:02,831 INFO FRAIWAN_Extended/dn fold 4: config 11 (lr=0.0003, dropout=0.5) epoca 11: train_loss=0.1319 val_loss=0.4532 val_BA=0.900 mejor_epoca=11
2026-09-27 01:52:02,931 INFO FRAIWAN_Extended/dn fold 4: config 11 (lr=0.0003, dropout=0.5) epoca 12: train_loss=0.1175 val_loss=0.3764 val_BA=1.000 mejor_epoca=12
2026-09-27 01:52:03,130 INFO FRAIWAN_Extended/dn fold 4: config 11 (lr=0.0003, dropout=0.5) epoca 14: train_loss=0.1001 val_loss=0.3732 val_BA=1.000 mejor_epoca=14
2026-09-27 01:52:03,726 INFO FRAIWAN_Extended/dn fold 4: config 11 (lr=0.0003, dropout=0.5) epoca 20: train_loss=0.0706 val_loss=0.6398 val_BA=0.800 mejor_epoca=14
2026-09-27 01:52:04,637 INFO FRAIWAN_Extended/dn fold 4 config 11: OK val_BA=1.000 mejor_epoca=14 (0.0 min)
2026-09-27 01:52:04,766 INFO FRAIWAN_Extended/dn fold 4: config 12 (lr=0.0003, dropout=0.5) epoca 1: train_loss=0.7258 val_loss=0.6943 val_BA=0.500 mejor_epoca=1
2026-09-27 01:52:04,873 INFO FRAIWAN_Extended/dn fold 4: config 12 (lr=0.0003, dropout=0.5) epoca 2: train_loss=0.6141 val_loss=0.6569 val_BA=0.500 mejor_epoca=2
2026-09-27 01:52:04,979 INFO FRAIWAN_Extended/dn fold 4: config 12 (lr=0.0003, dropout=0.5) epoca 3: train_loss=0.5261 val_loss=0.6459 val_BA=0.500 mejor_epoca=3
2026-09-27 01:52:05,087 INFO FRAIWAN_Extended/dn fold 4: config 12 (lr=0.0003, dropout=0.5) epoca 4: train_loss=0.4654 val_loss=0.7246 val_BA=0.700 mejor_epoca=4
2026-09-27 01:52:05,194 INFO FRAIWAN_Extended/dn fold 4: config 12 (lr=0.0003, dropout=0.5) epoca 5: train_loss=0.3783 val_loss=0.6220 val_BA=0.700 mejor_epoca=5
2026-09-27 01:52:05,301 INFO FRAIWAN_Extended/dn fold 4: config 12 (lr=0.0003, dropout=0.5) epoca 6: train_loss=0.3312 val_loss=0.5218 val_BA=0.900 mejor_epoca=6
2026-09-27 01:52:05,409 INFO FRAIWAN_Extended/dn fold 4: config 12 (lr=0.0003, dropout=0.5) epoca 7: train_loss=0.2663 val_loss=0.3392 val_BA=1.000 mejor_epoca=7
2026-09-27 01:52:05,739 INFO FRAIWAN_Extended/dn fold 4: config 12 (lr=0.0003, dropout=0.5) epoca 10: train_loss=0.1227 val_loss=1.2535 val_BA=0.800 mejor_epoca=7
2026-09-27 01:52:06,909 INFO FRAIWAN_Extended/dn fold 4: config 12 (lr=0.0003, dropout=0.5) epoca 20: train_loss=0.0658 val_loss=1.0380 val_BA=0.800 mejor_epoca=7
2026-09-27 01:52:07,144 INFO FRAIWAN_Extended/dn fold 4: config 12 (lr=0.0003, dropout=0.5) epoca 22: train_loss=0.0583 val_loss=0.2715 val_BA=1.000 mejor_epoca=22
2026-09-27 01:52:08,082 INFO FRAIWAN_Extended/dn fold 4: config 12 (lr=0.0003, dropout=0.5) epoca 30: train_loss=0.0413 val_loss=1.1886 val_BA=0.800 mejor_epoca=22
2026-09-27 01:52:08,935 INFO FRAIWAN_Extended/dn fold 4 config 12: OK val_BA=1.000 mejor_epoca=22 (0.1 min)
2026-09-27 01:52:09,124 INFO FRAIWAN_Extended/dn fold 4: config 13 (lr=0.001, dropout=0.2) epoca 1: train_loss=0.6641 val_loss=0.6319 val_BA=0.500 mejor_epoca=1
2026-09-27 01:52:09,273 INFO FRAIWAN_Extended/dn fold 4: config 13 (lr=0.001, dropout=0.2) epoca 2: train_loss=0.6120 val_loss=0.4533 val_BA=0.500 mejor_epoca=2
2026-09-27 01:52:09,423 INFO FRAIWAN_Extended/dn fold 4: config 13 (lr=0.001, dropout=0.2) epoca 3: train_loss=0.5065 val_loss=0.9268 val_BA=0.800 mejor_epoca=3
2026-09-27 01:52:09,878 INFO FRAIWAN_Extended/dn fold 4: config 13 (lr=0.001, dropout=0.2) epoca 5: train_loss=0.4401 val_loss=0.6216 val_BA=0.900 mejor_epoca=5
2026-09-27 01:52:10,360 INFO FRAIWAN_Extended/dn fold 4: config 13 (lr=0.001, dropout=0.2) epoca 8: train_loss=0.2709 val_loss=0.2095 val_BA=1.000 mejor_epoca=8
2026-09-27 01:52:10,679 INFO FRAIWAN_Extended/dn fold 4: config 13 (lr=0.001, dropout=0.2) epoca 10: train_loss=0.2363 val_loss=0.3163 val_BA=1.000 mejor_epoca=8
2026-09-27 01:52:12,217 INFO FRAIWAN_Extended/dn fold 4: config 13 (lr=0.001, dropout=0.2) epoca 20: train_loss=0.0956 val_loss=0.0937 val_BA=1.000 mejor_epoca=20
2026-09-27 01:52:13,706 INFO FRAIWAN_Extended/dn fold 4: config 13 (lr=0.001, dropout=0.2) epoca 30: train_loss=0.0455 val_loss=0.5231 val_BA=0.900 mejor_epoca=20
2026-09-27 01:52:14,007 INFO FRAIWAN_Extended/dn fold 4: config 13 (lr=0.001, dropout=0.2) epoca 32: train_loss=0.0311 val_loss=0.0780 val_BA=1.000 mejor_epoca=32
2026-09-27 01:52:15,055 INFO FRAIWAN_Extended/dn fold 4: config 13 (lr=0.001, dropout=0.2) epoca 39: train_loss=0.0416 val_loss=0.0184 val_BA=1.000 mejor_epoca=39
2026-09-27 01:52:15,203 INFO FRAIWAN_Extended/dn fold 4: config 13 (lr=0.001, dropout=0.2) epoca 40: train_loss=0.0836 val_loss=0.8247 val_BA=0.900 mejor_epoca=39
2026-09-27 01:52:16,725 INFO FRAIWAN_Extended/dn fold 4: config 13 (lr=0.001, dropout=0.2) epoca 50: train_loss=0.0069 val_loss=0.6066 val_BA=0.900 mejor_epoca=39
2026-09-27 01:52:17,342 INFO FRAIWAN_Extended/dn fold 4 config 13: OK val_BA=1.000 mejor_epoca=39 (0.1 min)
2026-09-27 01:52:17,464 INFO FRAIWAN_Extended/dn fold 4: config 14 (lr=0.001, dropout=0.3) epoca 1: train_loss=0.7290 val_loss=0.6547 val_BA=0.500 mejor_epoca=1
2026-09-27 01:52:17,566 INFO FRAIWAN_Extended/dn fold 4: config 14 (lr=0.001, dropout=0.3) epoca 2: train_loss=0.5743 val_loss=0.6228 val_BA=0.500 mejor_epoca=2
2026-09-27 01:52:17,667 INFO FRAIWAN_Extended/dn fold 4: config 14 (lr=0.001, dropout=0.3) epoca 3: train_loss=0.4240 val_loss=0.5882 val_BA=0.500 mejor_epoca=3
2026-09-27 01:52:17,770 INFO FRAIWAN_Extended/dn fold 4: config 14 (lr=0.001, dropout=0.3) epoca 4: train_loss=0.3132 val_loss=0.5180 val_BA=0.500 mejor_epoca=4
2026-09-27 01:52:17,870 INFO FRAIWAN_Extended/dn fold 4: config 14 (lr=0.001, dropout=0.3) epoca 5: train_loss=0.2320 val_loss=0.4283 val_BA=0.500 mejor_epoca=5
2026-09-27 01:52:17,972 INFO FRAIWAN_Extended/dn fold 4: config 14 (lr=0.001, dropout=0.3) epoca 6: train_loss=0.1927 val_loss=0.4010 val_BA=0.500 mejor_epoca=6
2026-09-27 01:52:18,177 INFO FRAIWAN_Extended/dn fold 4: config 14 (lr=0.001, dropout=0.3) epoca 8: train_loss=0.1547 val_loss=0.2912 val_BA=0.500 mejor_epoca=8
2026-09-27 01:52:18,280 INFO FRAIWAN_Extended/dn fold 4: config 14 (lr=0.001, dropout=0.3) epoca 9: train_loss=0.1000 val_loss=0.2154 val_BA=1.000 mejor_epoca=9
2026-09-27 01:52:18,382 INFO FRAIWAN_Extended/dn fold 4: config 14 (lr=0.001, dropout=0.3) epoca 10: train_loss=0.0973 val_loss=1.9422 val_BA=0.600 mejor_epoca=9
2026-09-27 01:52:19,424 INFO FRAIWAN_Extended/dn fold 4: config 14 (lr=0.001, dropout=0.3) epoca 20: train_loss=0.0371 val_loss=1.5957 val_BA=0.700 mejor_epoca=9
2026-09-27 01:52:19,832 INFO FRAIWAN_Extended/dn fold 4: config 14 (lr=0.001, dropout=0.3) epoca 24: train_loss=0.0423 val_loss=0.0217 val_BA=1.000 mejor_epoca=24
2026-09-27 01:52:20,443 INFO FRAIWAN_Extended/dn fold 4: config 14 (lr=0.001, dropout=0.3) epoca 30: train_loss=0.0236 val_loss=2.8279 val_BA=0.700 mejor_epoca=24
2026-09-27 01:52:21,379 INFO FRAIWAN_Extended/dn fold 4 config 14: OK val_BA=1.000 mejor_epoca=24 (0.1 min)
2026-09-27 01:52:21,527 INFO FRAIWAN_Extended/dn fold 4: config 15 (lr=0.001, dropout=0.3) epoca 1: train_loss=0.6745 val_loss=0.5948 val_BA=0.500 mejor_epoca=1
2026-09-27 01:52:21,644 INFO FRAIWAN_Extended/dn fold 4: config 15 (lr=0.001, dropout=0.3) epoca 2: train_loss=0.5353 val_loss=0.5816 val_BA=0.500 mejor_epoca=2
2026-09-27 01:52:21,762 INFO FRAIWAN_Extended/dn fold 4: config 15 (lr=0.001, dropout=0.3) epoca 3: train_loss=0.5329 val_loss=0.4404 val_BA=0.500 mejor_epoca=3
2026-09-27 01:52:22,002 INFO FRAIWAN_Extended/dn fold 4: config 15 (lr=0.001, dropout=0.3) epoca 5: train_loss=0.3004 val_loss=0.5337 val_BA=0.900 mejor_epoca=5
2026-09-27 01:52:22,114 INFO FRAIWAN_Extended/dn fold 4: config 15 (lr=0.001, dropout=0.3) epoca 6: train_loss=0.2167 val_loss=0.1380 val_BA=1.000 mejor_epoca=6
2026-09-27 01:52:22,338 INFO FRAIWAN_Extended/dn fold 4: config 15 (lr=0.001, dropout=0.3) epoca 8: train_loss=0.1507 val_loss=0.0967 val_BA=1.000 mejor_epoca=8
2026-09-27 01:52:22,562 INFO FRAIWAN_Extended/dn fold 4: config 15 (lr=0.001, dropout=0.3) epoca 10: train_loss=0.1173 val_loss=0.1376 val_BA=1.000 mejor_epoca=8
2026-09-27 01:52:23,735 INFO FRAIWAN_Extended/dn fold 4: config 15 (lr=0.001, dropout=0.3) epoca 20: train_loss=0.0173 val_loss=0.3824 val_BA=0.500 mejor_epoca=8
2026-09-27 01:52:24,103 INFO FRAIWAN_Extended/dn fold 4 config 15: OK val_BA=1.000 mejor_epoca=8 (0.0 min)
2026-09-27 01:52:24,289 INFO FRAIWAN_Extended/dn fold 4: config 16 (lr=0.001, dropout=0.4) epoca 1: train_loss=0.7587 val_loss=0.7307 val_BA=0.500 mejor_epoca=1
2026-09-27 01:52:24,450 INFO FRAIWAN_Extended/dn fold 4: config 16 (lr=0.001, dropout=0.4) epoca 2: train_loss=0.6396 val_loss=0.5772 val_BA=0.500 mejor_epoca=2
2026-09-27 01:52:24,610 INFO FRAIWAN_Extended/dn fold 4: config 16 (lr=0.001, dropout=0.4) epoca 3: train_loss=0.5928 val_loss=0.5575 val_BA=0.800 mejor_epoca=3
2026-09-27 01:52:25,607 INFO FRAIWAN_Extended/dn fold 4: config 16 (lr=0.001, dropout=0.4) epoca 9: train_loss=0.2576 val_loss=0.2177 val_BA=1.000 mejor_epoca=9
2026-09-27 01:52:25,760 INFO FRAIWAN_Extended/dn fold 4: config 16 (lr=0.001, dropout=0.4) epoca 10: train_loss=0.2300 val_loss=0.2070 val_BA=1.000 mejor_epoca=10
2026-09-27 01:52:26,455 INFO FRAIWAN_Extended/dn fold 4: config 16 (lr=0.001, dropout=0.4) epoca 15: train_loss=0.1312 val_loss=0.0504 val_BA=1.000 mejor_epoca=15
2026-09-27 01:52:27,187 INFO FRAIWAN_Extended/dn fold 4: config 16 (lr=0.001, dropout=0.4) epoca 20: train_loss=0.0569 val_loss=1.0794 val_BA=0.800 mejor_epoca=15
2026-09-27 01:52:28,281 INFO FRAIWAN_Extended/dn fold 4: config 16 (lr=0.001, dropout=0.4) epoca 27: train_loss=0.0169 val_loss=0.0252 val_BA=1.000 mejor_epoca=27
2026-09-27 01:52:28,758 INFO FRAIWAN_Extended/dn fold 4: config 16 (lr=0.001, dropout=0.4) epoca 30: train_loss=0.0170 val_loss=0.3034 val_BA=1.000 mejor_epoca=27
2026-09-27 01:52:30,242 INFO FRAIWAN_Extended/dn fold 4: config 16 (lr=0.001, dropout=0.4) epoca 40: train_loss=0.0115 val_loss=1.6599 val_BA=0.800 mejor_epoca=27
2026-09-27 01:52:30,551 INFO FRAIWAN_Extended/dn fold 4 config 16: OK val_BA=1.000 mejor_epoca=27 (0.1 min)
2026-09-27 01:52:30,685 INFO FRAIWAN_Extended/dn fold 4: config 17 (lr=0.001, dropout=0.5) epoca 1: train_loss=0.7659 val_loss=0.7088 val_BA=0.500 mejor_epoca=1
2026-09-27 01:52:30,806 INFO FRAIWAN_Extended/dn fold 4: config 17 (lr=0.001, dropout=0.5) epoca 2: train_loss=0.6264 val_loss=0.6704 val_BA=1.000 mejor_epoca=2
2026-09-27 01:52:30,923 INFO FRAIWAN_Extended/dn fold 4: config 17 (lr=0.001, dropout=0.5) epoca 3: train_loss=0.5298 val_loss=0.5290 val_BA=1.000 mejor_epoca=3
2026-09-27 01:52:31,603 INFO FRAIWAN_Extended/dn fold 4: config 17 (lr=0.001, dropout=0.5) epoca 9: train_loss=0.1658 val_loss=0.2163 val_BA=1.000 mejor_epoca=9
2026-09-27 01:52:31,720 INFO FRAIWAN_Extended/dn fold 4: config 17 (lr=0.001, dropout=0.5) epoca 10: train_loss=0.1492 val_loss=3.8150 val_BA=0.600 mejor_epoca=9
2026-09-27 01:52:32,819 INFO FRAIWAN_Extended/dn fold 4: config 17 (lr=0.001, dropout=0.5) epoca 20: train_loss=0.0605 val_loss=4.7794 val_BA=0.600 mejor_epoca=9
2026-09-27 01:52:33,279 INFO FRAIWAN_Extended/dn fold 4 config 17: OK val_BA=1.000 mejor_epoca=9 (0.0 min)
2026-09-27 01:52:33,401 INFO FRAIWAN_Extended/dn fold 4: config 18 (lr=0.001, dropout=0.5) epoca 1: train_loss=0.7286 val_loss=0.6006 val_BA=0.500 mejor_epoca=1
2026-09-27 01:52:33,603 INFO FRAIWAN_Extended/dn fold 4: config 18 (lr=0.001, dropout=0.5) epoca 3: train_loss=0.5356 val_loss=0.5533 val_BA=0.500 mejor_epoca=3
2026-09-27 01:52:33,704 INFO FRAIWAN_Extended/dn fold 4: config 18 (lr=0.001, dropout=0.5) epoca 4: train_loss=0.4673 val_loss=0.5289 val_BA=0.500 mejor_epoca=4
2026-09-27 01:52:33,805 INFO FRAIWAN_Extended/dn fold 4: config 18 (lr=0.001, dropout=0.5) epoca 5: train_loss=0.3149 val_loss=0.4502 val_BA=0.500 mejor_epoca=5
2026-09-27 01:52:33,905 INFO FRAIWAN_Extended/dn fold 4: config 18 (lr=0.001, dropout=0.5) epoca 6: train_loss=0.2677 val_loss=0.4149 val_BA=0.500 mejor_epoca=6
2026-09-27 01:52:34,005 INFO FRAIWAN_Extended/dn fold 4: config 18 (lr=0.001, dropout=0.5) epoca 7: train_loss=0.1961 val_loss=0.4002 val_BA=0.500 mejor_epoca=7
2026-09-27 01:52:34,105 INFO FRAIWAN_Extended/dn fold 4: config 18 (lr=0.001, dropout=0.5) epoca 8: train_loss=0.1791 val_loss=0.3655 val_BA=0.500 mejor_epoca=8
2026-09-27 01:52:34,204 INFO FRAIWAN_Extended/dn fold 4: config 18 (lr=0.001, dropout=0.5) epoca 9: train_loss=0.1766 val_loss=0.3237 val_BA=0.500 mejor_epoca=9
2026-09-27 01:52:34,304 INFO FRAIWAN_Extended/dn fold 4: config 18 (lr=0.001, dropout=0.5) epoca 10: train_loss=0.1587 val_loss=0.1762 val_BA=0.500 mejor_epoca=10
2026-09-27 01:52:34,404 INFO FRAIWAN_Extended/dn fold 4: config 18 (lr=0.001, dropout=0.5) epoca 11: train_loss=0.1117 val_loss=0.0968 val_BA=1.000 mejor_epoca=11
2026-09-27 01:52:35,356 INFO FRAIWAN_Extended/dn fold 4: config 18 (lr=0.001, dropout=0.5) epoca 20: train_loss=0.0323 val_loss=0.6169 val_BA=0.900 mejor_epoca=11
2026-09-27 01:52:36,008 INFO FRAIWAN_Extended/dn fold 4 config 18: OK val_BA=1.000 mejor_epoca=11 (0.0 min)
2026-09-27 01:52:36,131 INFO FRAIWAN_Extended/dn fold 4: config 19 (lr=0.001, dropout=0.5) epoca 1: train_loss=0.7226 val_loss=0.7211 val_BA=0.500 mejor_epoca=1
2026-09-27 01:52:36,232 INFO FRAIWAN_Extended/dn fold 4: config 19 (lr=0.001, dropout=0.5) epoca 2: train_loss=0.6331 val_loss=0.6142 val_BA=0.500 mejor_epoca=2
2026-09-27 01:52:36,332 INFO FRAIWAN_Extended/dn fold 4: config 19 (lr=0.001, dropout=0.5) epoca 3: train_loss=0.5201 val_loss=0.5889 val_BA=0.500 mejor_epoca=3
2026-09-27 01:52:36,534 INFO FRAIWAN_Extended/dn fold 4: config 19 (lr=0.001, dropout=0.5) epoca 5: train_loss=0.3403 val_loss=0.5591 val_BA=0.500 mejor_epoca=5
2026-09-27 01:52:36,637 INFO FRAIWAN_Extended/dn fold 4: config 19 (lr=0.001, dropout=0.5) epoca 6: train_loss=0.2630 val_loss=0.4525 val_BA=0.500 mejor_epoca=6
2026-09-27 01:52:36,737 INFO FRAIWAN_Extended/dn fold 4: config 19 (lr=0.001, dropout=0.5) epoca 7: train_loss=0.2079 val_loss=0.3595 val_BA=0.500 mejor_epoca=7
2026-09-27 01:52:36,947 INFO FRAIWAN_Extended/dn fold 4: config 19 (lr=0.001, dropout=0.5) epoca 9: train_loss=0.1524 val_loss=0.3044 val_BA=0.500 mejor_epoca=9
2026-09-27 01:52:37,048 INFO FRAIWAN_Extended/dn fold 4: config 19 (lr=0.001, dropout=0.5) epoca 10: train_loss=0.1427 val_loss=0.2024 val_BA=1.000 mejor_epoca=10
2026-09-27 01:52:38,135 INFO FRAIWAN_Extended/dn fold 4: config 19 (lr=0.001, dropout=0.5) epoca 20: train_loss=0.0440 val_loss=0.1909 val_BA=1.000 mejor_epoca=20
2026-09-27 01:52:39,155 INFO FRAIWAN_Extended/dn fold 4: config 19 (lr=0.001, dropout=0.5) epoca 30: train_loss=0.0279 val_loss=3.7287 val_BA=0.600 mejor_epoca=20
2026-09-27 01:52:39,689 INFO FRAIWAN_Extended/dn fold 4 config 19: OK val_BA=1.000 mejor_epoca=20 (0.1 min)
2026-09-27 01:52:40,823 INFO FRAIWAN_Extended/dn: configuracion global 16 (decidida por macro_f1_mean), BA folds=0.863±0.150 agrupada=0.836 [COMPLETED]
2026-09-27 01:52:40,834 INFO preparando ICBHI/no_dn_aug (rama no_dn, augment=True, protocolo holdout_cv_v3)
2026-09-27 01:52:41,353 INFO ICBHI/no_dn_aug fold 0: log-mel no_dn listo en 0.5 s, forma (4715, 1, 64, 309)
2026-09-27 01:52:41,366 INFO ICBHI/no_dn_aug fold 0: 57/15 pacientes train/validation, 1 de 1 configuracion(es) por evaluar
2026-09-27 01:52:43,864 INFO ICBHI/no_dn_aug fold 0: config 5 (lr=0.0001, dropout=0.4) epoca 1: train_loss=0.5419 val_loss=0.3938 val_BA=1.000 mejor_epoca=1
2026-09-27 01:52:45,974 INFO ICBHI/no_dn_aug fold 0: config 5 (lr=0.0001, dropout=0.4) epoca 2: train_loss=0.2972 val_loss=0.3194 val_BA=1.000 mejor_epoca=2
2026-09-27 01:52:48,102 INFO ICBHI/no_dn_aug fold 0: config 5 (lr=0.0001, dropout=0.4) epoca 3: train_loss=0.2022 val_loss=0.1733 val_BA=1.000 mejor_epoca=3
2026-09-27 01:53:03,265 INFO ICBHI/no_dn_aug fold 0: config 5 (lr=0.0001, dropout=0.4) epoca 10: train_loss=0.0415 val_loss=0.1190 val_BA=0.800 mejor_epoca=3
2026-09-27 01:53:09,695 INFO ICBHI/no_dn_aug fold 0: config 5 (lr=0.0001, dropout=0.4) epoca 13: train_loss=0.0258 val_loss=0.0696 val_BA=1.000 mejor_epoca=13
2026-09-27 01:53:24,705 INFO ICBHI/no_dn_aug fold 0: config 5 (lr=0.0001, dropout=0.4) epoca 20: train_loss=0.0440 val_loss=0.1138 val_BA=0.900 mejor_epoca=13
2026-09-27 01:53:41,811 INFO ICBHI/no_dn_aug fold 0 config 5: OK val_BA=1.000 mejor_epoca=13 (1.0 min)
2026-09-27 01:53:42,337 INFO ICBHI/no_dn_aug fold 1: log-mel no_dn listo en 0.5 s, forma (4715, 1, 64, 309)
2026-09-27 01:53:42,351 INFO ICBHI/no_dn_aug fold 1: 57/15 pacientes train/validation, 1 de 1 configuracion(es) por evaluar
2026-09-27 01:53:44,811 INFO ICBHI/no_dn_aug fold 1: config 5 (lr=0.0001, dropout=0.4) epoca 1: train_loss=0.5107 val_loss=0.6221 val_BA=0.830 mejor_epoca=1
2026-09-27 01:53:46,961 INFO ICBHI/no_dn_aug fold 1: config 5 (lr=0.0001, dropout=0.4) epoca 2: train_loss=0.2733 val_loss=0.2388 val_BA=0.875 mejor_epoca=2
2026-09-27 01:53:51,224 INFO ICBHI/no_dn_aug fold 1: config 5 (lr=0.0001, dropout=0.4) epoca 4: train_loss=0.1217 val_loss=0.1639 val_BA=0.875 mejor_epoca=4
2026-09-27 01:53:55,474 INFO ICBHI/no_dn_aug fold 1: config 5 (lr=0.0001, dropout=0.4) epoca 6: train_loss=0.0507 val_loss=0.1541 val_BA=0.875 mejor_epoca=6
2026-09-27 01:54:04,261 INFO ICBHI/no_dn_aug fold 1: config 5 (lr=0.0001, dropout=0.4) epoca 10: train_loss=0.0263 val_loss=0.2031 val_BA=1.000 mejor_epoca=10
2026-09-27 01:54:26,099 INFO ICBHI/no_dn_aug fold 1: config 5 (lr=0.0001, dropout=0.4) epoca 20: train_loss=0.0424 val_loss=0.3174 val_BA=0.625 mejor_epoca=10
2026-09-27 01:54:37,113 INFO ICBHI/no_dn_aug fold 1 config 5: OK val_BA=1.000 mejor_epoca=10 (0.9 min)
2026-09-27 01:54:37,645 INFO ICBHI/no_dn_aug fold 2: log-mel no_dn listo en 0.5 s, forma (4715, 1, 64, 309)
2026-09-27 01:54:37,659 INFO ICBHI/no_dn_aug fold 2: 58/14 pacientes train/validation, 1 de 1 configuracion(es) por evaluar
2026-09-27 01:54:40,072 INFO ICBHI/no_dn_aug fold 2: config 5 (lr=0.0001, dropout=0.4) epoca 1: train_loss=0.5415 val_loss=0.5603 val_BA=0.750 mejor_epoca=1
2026-09-27 01:54:42,209 INFO ICBHI/no_dn_aug fold 2: config 5 (lr=0.0001, dropout=0.4) epoca 2: train_loss=0.3185 val_loss=0.6827 val_BA=0.900 mejor_epoca=2
2026-09-27 01:54:52,737 INFO ICBHI/no_dn_aug fold 2: config 5 (lr=0.0001, dropout=0.4) epoca 7: train_loss=0.0827 val_loss=0.2497 val_BA=1.000 mejor_epoca=7
2026-09-27 01:54:59,027 INFO ICBHI/no_dn_aug fold 2: config 5 (lr=0.0001, dropout=0.4) epoca 10: train_loss=0.0444 val_loss=0.1438 val_BA=0.875 mejor_epoca=7
2026-09-27 01:55:19,642 INFO ICBHI/no_dn_aug fold 2: config 5 (lr=0.0001, dropout=0.4) epoca 20: train_loss=0.0181 val_loss=0.0910 val_BA=0.750 mejor_epoca=7
2026-09-27 01:55:23,753 INFO ICBHI/no_dn_aug fold 2 config 5: OK val_BA=1.000 mejor_epoca=7 (0.8 min)
2026-09-27 01:55:24,274 INFO ICBHI/no_dn_aug fold 3: log-mel no_dn listo en 0.5 s, forma (4715, 1, 64, 309)
2026-09-27 01:55:24,287 INFO ICBHI/no_dn_aug fold 3: 58/14 pacientes train/validation, 1 de 1 configuracion(es) por evaluar
2026-09-27 01:55:26,845 INFO ICBHI/no_dn_aug fold 3: config 5 (lr=0.0001, dropout=0.4) epoca 1: train_loss=0.4319 val_loss=0.2484 val_BA=0.700 mejor_epoca=1
2026-09-27 01:55:29,126 INFO ICBHI/no_dn_aug fold 3: config 5 (lr=0.0001, dropout=0.4) epoca 2: train_loss=0.2025 val_loss=0.3570 val_BA=0.900 mejor_epoca=2
2026-09-27 01:55:31,373 INFO ICBHI/no_dn_aug fold 3: config 5 (lr=0.0001, dropout=0.4) epoca 3: train_loss=0.1570 val_loss=0.4332 val_BA=0.950 mejor_epoca=3
2026-09-27 01:55:33,598 INFO ICBHI/no_dn_aug fold 3: config 5 (lr=0.0001, dropout=0.4) epoca 4: train_loss=0.0998 val_loss=0.1461 val_BA=1.000 mejor_epoca=4
2026-09-27 01:55:47,216 INFO ICBHI/no_dn_aug fold 3: config 5 (lr=0.0001, dropout=0.4) epoca 10: train_loss=0.0754 val_loss=0.0714 val_BA=1.000 mejor_epoca=10
2026-09-27 01:56:09,930 INFO ICBHI/no_dn_aug fold 3: config 5 (lr=0.0001, dropout=0.4) epoca 20: train_loss=0.0291 val_loss=0.2415 val_BA=0.950 mejor_epoca=10
2026-09-27 01:56:21,257 INFO ICBHI/no_dn_aug fold 3 config 5: OK val_BA=1.000 mejor_epoca=10 (0.9 min)
2026-09-27 01:56:21,768 INFO ICBHI/no_dn_aug fold 4: log-mel no_dn listo en 0.5 s, forma (4715, 1, 64, 309)
2026-09-27 01:56:21,782 INFO ICBHI/no_dn_aug fold 4: 58/14 pacientes train/validation, 1 de 1 configuracion(es) por evaluar
2026-09-27 01:56:24,044 INFO ICBHI/no_dn_aug fold 4: config 5 (lr=0.0001, dropout=0.4) epoca 1: train_loss=0.5100 val_loss=0.4127 val_BA=0.875 mejor_epoca=1
2026-09-27 01:56:26,186 INFO ICBHI/no_dn_aug fold 4: config 5 (lr=0.0001, dropout=0.4) epoca 2: train_loss=0.2353 val_loss=0.3503 val_BA=0.875 mejor_epoca=2
2026-09-27 01:56:30,204 INFO ICBHI/no_dn_aug fold 4: config 5 (lr=0.0001, dropout=0.4) epoca 4: train_loss=0.1043 val_loss=0.2478 val_BA=0.875 mejor_epoca=4
2026-09-27 01:56:32,273 INFO ICBHI/no_dn_aug fold 4: config 5 (lr=0.0001, dropout=0.4) epoca 5: train_loss=0.0697 val_loss=0.4217 val_BA=1.000 mejor_epoca=5
2026-09-27 01:56:42,557 INFO ICBHI/no_dn_aug fold 4: config 5 (lr=0.0001, dropout=0.4) epoca 10: train_loss=0.0408 val_loss=0.3013 val_BA=0.875 mejor_epoca=5
2026-09-27 01:57:02,912 INFO ICBHI/no_dn_aug fold 4: config 5 (lr=0.0001, dropout=0.4) epoca 20: train_loss=0.0305 val_loss=0.0849 val_BA=0.750 mejor_epoca=5
2026-09-27 01:57:02,937 INFO ICBHI/no_dn_aug fold 4 config 5: OK val_BA=1.000 mejor_epoca=5 (0.7 min)
2026-09-27 01:57:04,065 INFO ICBHI/no_dn_aug: configuracion global 5 (decidida por reused_from:no_dn), BA folds=1.000±0.000 agrupada=1.000 [COMPLETED]
2026-09-27 01:57:04,075 INFO preparando FRAIWAN_Extended/no_dn_aug (rama no_dn, augment=True, protocolo holdout_cv_v3)
2026-09-27 01:57:04,107 INFO FRAIWAN_Extended/no_dn_aug fold 0: log-mel no_dn listo en 0.0 s, forma (187, 1, 64, 309)
2026-09-27 01:57:04,112 INFO FRAIWAN_Extended/no_dn_aug fold 0: 27/7 pacientes train/validation, 1 de 1 configuracion(es) por evaluar
2026-09-27 01:57:04,304 INFO FRAIWAN_Extended/no_dn_aug fold 0: config 13 (lr=0.001, dropout=0.2) epoca 1: train_loss=0.6400 val_loss=0.6709 val_BA=0.500 mejor_epoca=1
2026-09-27 01:57:04,468 INFO FRAIWAN_Extended/no_dn_aug fold 0: config 13 (lr=0.001, dropout=0.2) epoca 2: train_loss=0.4485 val_loss=0.4723 val_BA=0.750 mejor_epoca=2
2026-09-27 01:57:05,771 INFO FRAIWAN_Extended/no_dn_aug fold 0: config 13 (lr=0.001, dropout=0.2) epoca 10: train_loss=0.1804 val_loss=0.4108 val_BA=0.750 mejor_epoca=10
2026-09-27 01:57:06,093 INFO FRAIWAN_Extended/no_dn_aug fold 0: config 13 (lr=0.001, dropout=0.2) epoca 12: train_loss=0.1249 val_loss=0.5142 val_BA=0.900 mejor_epoca=12
2026-09-27 01:57:07,395 INFO FRAIWAN_Extended/no_dn_aug fold 0: config 13 (lr=0.001, dropout=0.2) epoca 20: train_loss=0.0974 val_loss=1.3839 val_BA=0.500 mejor_epoca=12
2026-09-27 01:57:07,559 INFO FRAIWAN_Extended/no_dn_aug fold 0: config 13 (lr=0.001, dropout=0.2) epoca 21: train_loss=0.1436 val_loss=0.3983 val_BA=1.000 mejor_epoca=21
2026-09-27 01:57:09,013 INFO FRAIWAN_Extended/no_dn_aug fold 0: config 13 (lr=0.001, dropout=0.2) epoca 30: train_loss=0.0599 val_loss=1.6017 val_BA=0.800 mejor_epoca=21
2026-09-27 01:57:10,003 INFO FRAIWAN_Extended/no_dn_aug fold 0 config 13: OK val_BA=1.000 mejor_epoca=21 (0.1 min)
2026-09-27 01:57:10,040 INFO FRAIWAN_Extended/no_dn_aug fold 1: log-mel no_dn listo en 0.0 s, forma (187, 1, 64, 309)
2026-09-27 01:57:10,045 INFO FRAIWAN_Extended/no_dn_aug fold 1: 27/7 pacientes train/validation, 1 de 1 configuracion(es) por evaluar
2026-09-27 01:57:10,228 INFO FRAIWAN_Extended/no_dn_aug fold 1: config 13 (lr=0.001, dropout=0.2) epoca 1: train_loss=0.6601 val_loss=0.7120 val_BA=0.500 mejor_epoca=1
2026-09-27 01:57:10,524 INFO FRAIWAN_Extended/no_dn_aug fold 1: config 13 (lr=0.001, dropout=0.2) epoca 3: train_loss=0.5009 val_loss=0.6069 val_BA=0.750 mejor_epoca=3
2026-09-27 01:57:11,583 INFO FRAIWAN_Extended/no_dn_aug fold 1: config 13 (lr=0.001, dropout=0.2) epoca 10: train_loss=0.1163 val_loss=0.9661 val_BA=0.400 mejor_epoca=3
2026-09-27 01:57:12,036 INFO FRAIWAN_Extended/no_dn_aug fold 1: config 13 (lr=0.001, dropout=0.2) epoca 13: train_loss=0.1466 val_loss=0.9689 val_BA=0.900 mejor_epoca=13
2026-09-27 01:57:13,101 INFO FRAIWAN_Extended/no_dn_aug fold 1: config 13 (lr=0.001, dropout=0.2) epoca 20: train_loss=0.0541 val_loss=1.2740 val_BA=0.500 mejor_epoca=13
2026-09-27 01:57:14,304 INFO FRAIWAN_Extended/no_dn_aug fold 1 config 13: OK val_BA=0.900 mejor_epoca=13 (0.1 min)
2026-09-27 01:57:14,334 INFO FRAIWAN_Extended/no_dn_aug fold 2: log-mel no_dn listo en 0.0 s, forma (187, 1, 64, 309)
2026-09-27 01:57:14,339 INFO FRAIWAN_Extended/no_dn_aug fold 2: 27/7 pacientes train/validation, 1 de 1 configuracion(es) por evaluar
2026-09-27 01:57:14,511 INFO FRAIWAN_Extended/no_dn_aug fold 2: config 13 (lr=0.001, dropout=0.2) epoca 1: train_loss=0.6032 val_loss=0.4864 val_BA=0.500 mejor_epoca=1
2026-09-27 01:57:14,663 INFO FRAIWAN_Extended/no_dn_aug fold 2: config 13 (lr=0.001, dropout=0.2) epoca 2: train_loss=0.4163 val_loss=0.4066 val_BA=0.500 mejor_epoca=2
2026-09-27 01:57:14,814 INFO FRAIWAN_Extended/no_dn_aug fold 2: config 13 (lr=0.001, dropout=0.2) epoca 3: train_loss=0.4064 val_loss=0.2762 val_BA=0.500 mejor_epoca=3
2026-09-27 01:57:15,901 INFO FRAIWAN_Extended/no_dn_aug fold 2: config 13 (lr=0.001, dropout=0.2) epoca 10: train_loss=0.1780 val_loss=0.7751 val_BA=0.417 mejor_epoca=3
2026-09-27 01:57:16,358 INFO FRAIWAN_Extended/no_dn_aug fold 2: config 13 (lr=0.001, dropout=0.2) epoca 13: train_loss=0.1391 val_loss=2.0290 val_BA=0.667 mejor_epoca=13
2026-09-27 01:57:17,390 INFO FRAIWAN_Extended/no_dn_aug fold 2: config 13 (lr=0.001, dropout=0.2) epoca 20: train_loss=0.1193 val_loss=1.2163 val_BA=0.417 mejor_epoca=13
2026-09-27 01:57:18,617 INFO FRAIWAN_Extended/no_dn_aug fold 2 config 13: OK val_BA=0.667 mejor_epoca=13 (0.1 min)
2026-09-27 01:57:18,647 INFO FRAIWAN_Extended/no_dn_aug fold 3: log-mel no_dn listo en 0.0 s, forma (187, 1, 64, 309)
2026-09-27 01:57:18,651 INFO FRAIWAN_Extended/no_dn_aug fold 3: 27/7 pacientes train/validation, 1 de 1 configuracion(es) por evaluar
2026-09-27 01:57:18,818 INFO FRAIWAN_Extended/no_dn_aug fold 3: config 13 (lr=0.001, dropout=0.2) epoca 1: train_loss=0.6543 val_loss=0.6336 val_BA=0.500 mejor_epoca=1
2026-09-27 01:57:19,110 INFO FRAIWAN_Extended/no_dn_aug fold 3: config 13 (lr=0.001, dropout=0.2) epoca 3: train_loss=0.3420 val_loss=0.9077 val_BA=0.750 mejor_epoca=3
2026-09-27 01:57:19,259 INFO FRAIWAN_Extended/no_dn_aug fold 3: config 13 (lr=0.001, dropout=0.2) epoca 4: train_loss=0.3152 val_loss=0.5055 val_BA=0.917 mejor_epoca=4
2026-09-27 01:57:20,158 INFO FRAIWAN_Extended/no_dn_aug fold 3: config 13 (lr=0.001, dropout=0.2) epoca 10: train_loss=0.1556 val_loss=1.2233 val_BA=0.333 mejor_epoca=4
2026-09-27 01:57:20,615 INFO FRAIWAN_Extended/no_dn_aug fold 3: config 13 (lr=0.001, dropout=0.2) epoca 13: train_loss=0.0927 val_loss=0.4836 val_BA=0.917 mejor_epoca=13
2026-09-27 01:57:20,912 INFO FRAIWAN_Extended/no_dn_aug fold 3: config 13 (lr=0.001, dropout=0.2) epoca 15: train_loss=0.0892 val_loss=0.3909 val_BA=1.000 mejor_epoca=15
2026-09-27 01:57:21,666 INFO FRAIWAN_Extended/no_dn_aug fold 3: config 13 (lr=0.001, dropout=0.2) epoca 20: train_loss=0.2295 val_loss=0.7384 val_BA=0.917 mejor_epoca=15
2026-09-27 01:57:23,161 INFO FRAIWAN_Extended/no_dn_aug fold 3: config 13 (lr=0.001, dropout=0.2) epoca 30: train_loss=0.0457 val_loss=0.6469 val_BA=0.917 mejor_epoca=15
2026-09-27 01:57:23,181 INFO FRAIWAN_Extended/no_dn_aug fold 3 config 13: OK val_BA=1.000 mejor_epoca=15 (0.1 min)
2026-09-27 01:57:23,212 INFO FRAIWAN_Extended/no_dn_aug fold 4: log-mel no_dn listo en 0.0 s, forma (187, 1, 64, 309)
2026-09-27 01:57:23,216 INFO FRAIWAN_Extended/no_dn_aug fold 4: 28/6 pacientes train/validation, 1 de 1 configuracion(es) por evaluar
2026-09-27 01:57:23,404 INFO FRAIWAN_Extended/no_dn_aug fold 4: config 13 (lr=0.001, dropout=0.2) epoca 1: train_loss=0.7019 val_loss=0.5776 val_BA=0.500 mejor_epoca=1
2026-09-27 01:57:23,728 INFO FRAIWAN_Extended/no_dn_aug fold 4: config 13 (lr=0.001, dropout=0.2) epoca 3: train_loss=0.3430 val_loss=0.7000 val_BA=0.800 mejor_epoca=3
2026-09-27 01:57:23,889 INFO FRAIWAN_Extended/no_dn_aug fold 4: config 13 (lr=0.001, dropout=0.2) epoca 4: train_loss=0.2860 val_loss=0.1483 val_BA=1.000 mejor_epoca=4
2026-09-27 01:57:24,866 INFO FRAIWAN_Extended/no_dn_aug fold 4: config 13 (lr=0.001, dropout=0.2) epoca 10: train_loss=0.3682 val_loss=3.4055 val_BA=0.500 mejor_epoca=4
2026-09-27 01:57:26,521 INFO FRAIWAN_Extended/no_dn_aug fold 4: config 13 (lr=0.001, dropout=0.2) epoca 20: train_loss=0.0857 val_loss=2.4507 val_BA=0.700 mejor_epoca=4
2026-09-27 01:57:26,542 INFO FRAIWAN_Extended/no_dn_aug fold 4 config 13: OK val_BA=1.000 mejor_epoca=4 (0.1 min)
2026-09-27 01:57:27,687 INFO FRAIWAN_Extended/no_dn_aug: configuracion global 13 (decidida por reused_from:no_dn), BA folds=0.913±0.145 agrupada=0.907 [COMPLETED]
2026-09-27 01:57:27,698 INFO ejecucion 20260927T024714Z_f0950f finalizada con estado COMPLETED
